行番号,案件No,会社名,キャッチコピー,タイトル,仕事内容,アピールポイント,その他
2,2068,大東建託株式会社,転勤なし◎フレックス制度で無理なく働ける土地活用提案営業,未経験｜土地活用の提案営業｜横浜市神奈川区,"✦・━━━━━━━━━━━━━━━・✦
＼神奈川県横浜市神奈川区で募集中／
土地オーナー様に「活用」を提案する
未経験からの営業職◎
✦・━━━━━━━━━━━━━━━・✦

「営業は未経験だから不安…」

そう感じる方ほど、まずは仕組みを知ってください。
商談には必ず上司が同席するので、
一人で判断を迫られる場面はありません。

＝＝＝＝＝＝＝＝＝＝＝＝＝＝＝
【✧提案営業は、この3ステップ✧】

■ ① 訪問
土地オーナー様のもとへ伺い、商談の日程を調整します。

■ ② 商談
上司が同席し、提案内容や契約条件をサポートします。

■ ③ ご契約
契約成立で、1件あたり最大225万円のインセンティブを支給。
賞与のタイミングでまとめて受け取れます。

＝＝＝＝＝＝＝＝＝＝＝＝＝＝＝
【✨この仕事の魅力✨】

✅ 商談は一人で抱え込まない
上司同席が前提なので、経験がなくても
その場で相談しながら進められます。

✅ 転勤・出張なし
会社が指定するエリアへの異動はありません。
自分の希望する地域で働き続けられます。

✅ 研修制度あり
商談の進め方や提案の組み立て方から学べます。

＝＝＝＝＝＝＝＝＝＝＝＝＝＝＝
【✔働き方✔】

✔ フレックスタイム制度（月平均所定労働時間160時間）
✔ 固定残業代なし（残業分は時間外勤務手当で別途支給）
✔ 社会保険完備（健康保険・厚生年金・雇用保険・労災保険）
✔ 試用期間なし

まずはお気軽にご応募ください。

案件No：2068","《✼この仕事の4つのポイント✼》

✅ ① 商談は必ず上司同席
未経験のうちから一人で商談に臨むことはありません。
提案内容や契約条件の詰め方も、その場でサポートしてもらえます。

✅ ② 頑張りが成果報酬に直結
1件成約につき最大225万円のインセンティブを支給。
賞与のタイミングでまとめて受け取れます。

✅ ③ 転勤・出張なし
会社が指定するエリアへの異動は一切ありません。
自分の希望する地域で働き続けられます。

✅ ④ フレックスタイム制度
月平均所定労働時間160時間の中で、
始業・終業の時間配分を自分で組み立てられます。

＝＝＝＝＝＝＝＝＝＝＝＝＝＝＝
《✼待遇もしっかり✼》

✔ 月給制（固定残業代なし／残業分は時間外勤務手当で別途支給）
✔ 資格手当・家族手当・職種手当・通勤手当・役職手当・勤続手当
✔ 社会保険完備（健康保険・厚生年金・雇用保険・労災保険）
✔ 試用期間なし
✔ 初年度想定年収：340万円〜700万円
✔ 年収例：中途入社9年目／固定年額650万円＋賞与710万円＝1360万円
✔ 保養所完備・定期健康診断・人間ドック補助・スポーツクラブ利用補助・
　財形貯蓄制度・確定拠出年金（401K）・永年勤続表彰・社内厚生行事補助","✦・━━━━━━━━━━━━━━━・✦
＼まずは話を聞くところから／
選考は面接1回、最短1週間で内定
✦・━━━━━━━━━━━━━━━・✦

＝＝＝＝＝＝＝＝＝＝＝＝＝＝＝
【✧選考の流れ✧】

■ STEP 1　Web応募（所要1分）
氏名と連絡先など、簡単な入力だけで完了します。
応募段階での履歴書・職務経歴書は不要です。

■ STEP 2　カジュアル面談（オンライン／20〜30分）
「まずは話を聞いてみたい」でOKです。
私服・画面オフでのご参加も歓迎します。
面接ではなく相互理解の場ですので、
仕事内容や職場の雰囲気を気軽にお尋ねください。
平日夜間・早朝・土日の実施もご相談に応じます。

■ STEP 3　面接（対面またはWeb／1回のみ）
業務内容のご案内と、ご希望の働き方のお伺いをします。
ご希望の方にはオフィス見学や
現場スタッフとの対話の時間も設けます。

■ STEP 4　内定・条件面談
応募から内定まで最短1週間のスピード選考です。
入社日や勤務条件のご希望も調整いたします。

＝＝＝＝＝＝＝＝＝＝＝＝＝＝＝
【✧ご応募にあたって✧】

✔ 応募時に履歴書・職務経歴書は必要ありません
✔ 在職中の方も日程を調整できます
✔ 「話を聞いてみたい」だけのご応募も歓迎します

＝＝＝＝＝＝＝＝＝＝＝＝＝＝＝
【✧労働条件の明示✧】

■ 就業場所の変更の範囲
転勤はありません。本求人の勤務地での勤務となります。"
3,491,大東建託株式会社,転勤なし◎フレックス制度で無理なく働ける土地活用提案営業,未経験｜土地活用の提案営業｜浜松市中央区,"✦・━━━━━━━━━━━━━━━・✦
＼静岡県浜松市中央区で募集中／
""提案する力""が身につく
土地活用の営業職◎
✦・━━━━━━━━━━━━━━━・✦

「商談って一人でやるものでは？」

大東建託の商談は、必ず上司が同席します。
未経験のうちから一人で抱え込む場面はありません。

＝＝＝＝＝＝＝＝＝＝＝＝＝＝＝
【✧提案営業は、この3ステップ✧】

■ ① 訪問
土地オーナー様を訪ね、商談の日程を調整します。

■ ② 商談
上司同席のもと、活用プランや契約条件を提案します。

■ ③ ご契約
成約1件につき、最大225万円のインセンティブを支給。
賞与支給のタイミングでまとめて受け取れます。

＝＝＝＝＝＝＝＝＝＝＝＝＝＝＝
【✨この仕事の魅力✨】

✅ 頑張りが成果に直結
成約数に応じてインセンティブが上乗せされます。

✅ 研修制度あり
未経験からでも、提案の組み立て方を一から学べます。

✅ 転勤・出張なし
会社が指定するエリアへの異動はなく、
希望する地域で働き続けられます。

＝＝＝＝＝＝＝＝＝＝＝＝＝＝＝
【✔働き方✔】

✔ フレックスタイム制度（月平均所定労働時間160時間）
✔ 固定残業代なし（残業分は時間外勤務手当で別途支給）
✔ 社会保険完備（健康保険・厚生年金・雇用保険・労災保険）
✔ 試用期間なし

自分のペースで、一件ずつ丁寧に進めていける仕事です。

案件No：491","《✼この仕事の4つのポイント✼》

✅ ① 商談は必ず上司同席
未経験のうちから一人で商談に臨むことはありません。
提案内容や契約条件の詰め方も、その場でサポートしてもらえます。

✅ ② 頑張りが成果報酬に直結
1件成約につき最大225万円のインセンティブを支給。
賞与のタイミングでまとめて受け取れます。

✅ ③ 転勤・出張なし
会社が指定するエリアへの異動は一切ありません。
自分の希望する地域で働き続けられます。

✅ ④ フレックスタイム制度
月平均所定労働時間160時間の中で、
始業・終業の時間配分を自分で組み立てられます。

＝＝＝＝＝＝＝＝＝＝＝＝＝＝＝
《✼待遇もしっかり✼》

✔ 月給制（固定残業代なし／残業分は時間外勤務手当で別途支給）
✔ 資格手当・家族手当・職種手当・通勤手当・役職手当・勤続手当
✔ 社会保険完備（健康保険・厚生年金・雇用保険・労災保険）
✔ 試用期間なし
✔ 初年度想定年収：340万円〜700万円
✔ 年収例：中途入社9年目／固定年額650万円＋賞与710万円＝1360万円
✔ 保養所完備・定期健康診断・人間ドック補助・スポーツクラブ利用補助・
　財形貯蓄制度・確定拠出年金（401K）・永年勤続表彰・社内厚生行事補助","✦・━━━━━━━━━━━━━━━・✦
＼まずは話を聞くところから／
選考は面接1回、最短1週間で内定
✦・━━━━━━━━━━━━━━━・✦

＝＝＝＝＝＝＝＝＝＝＝＝＝＝＝
【✧選考の流れ✧】

■ STEP 1　Web応募（所要1分）
氏名と連絡先など、簡単な入力だけで完了します。
応募段階での履歴書・職務経歴書は不要です。

■ STEP 2　カジュアル面談（オンライン／20〜30分）
「まずは話を聞いてみたい」でOKです。
私服・画面オフでのご参加も歓迎します。
面接ではなく相互理解の場ですので、
仕事内容や職場の雰囲気を気軽にお尋ねください。
平日夜間・早朝・土日の実施もご相談に応じます。

■ STEP 3　面接（対面またはWeb／1回のみ）
業務内容のご案内と、ご希望の働き方のお伺いをします。
ご希望の方にはオフィス見学や
現場スタッフとの対話の時間も設けます。

■ STEP 4　内定・条件面談
応募から内定まで最短1週間のスピード選考です。
入社日や勤務条件のご希望も調整いたします。

＝＝＝＝＝＝＝＝＝＝＝＝＝＝＝
【✧ご応募にあたって✧】

✔ 応募時に履歴書・職務経歴書は必要ありません
✔ 在職中の方も日程を調整できます
✔ 「話を聞いてみたい」だけのご応募も歓迎します

＝＝＝＝＝＝＝＝＝＝＝＝＝＝＝
【✧労働条件の明示✧】

■ 就業場所の変更の範囲
転勤はありません。本求人の勤務地での勤務となります。"
4,1208,大東建託株式会社,転勤なし◎フレックス制度で無理なく働ける土地活用提案営業,未経験｜土地活用の提案営業｜三郷市,"✦・━━━━━━━━━━━━━━━・✦
＼埼玉県三郷市で募集中／
オーナー様の「土地」を
価値ある一棟に変える提案営業◎
✦・━━━━━━━━━━━━━━━・✦

「専門知識がないと厳しいのでは？」

商談には必ず上司が同席するので、
知識も進め方も、現場で身につけていけます。

＝＝＝＝＝＝＝＝＝＝＝＝＝＝＝
【✧提案営業は、この3ステップ✧】

■ ① 訪問
土地オーナー様のもとへ伺い、商談の日程を決めます。

■ ② 商談
上司同席で、活用プランや契約条件を一緒に詰めます。

■ ③ ご契約
契約成立で、1件あたり最大225万円のインセンティブを支給。
賞与のタイミングでまとめて支給されます。

＝＝＝＝＝＝＝＝＝＝＝＝＝＝＝
【✨この仕事の魅力✨】

✅ 転勤・出張なし
会社が指定するエリアへの異動はありません。
今の生活拠点を変えずに働き続けられます。

✅ 商談は一人で抱え込まない
上司同席が前提なので、未経験でも
その場で相談しながら進められます。

✅ 研修制度あり
提案の組み立て方から、丁寧に学べます。

＝＝＝＝＝＝＝＝＝＝＝＝＝＝＝
【✔働き方✔】

✔ フレックスタイム制度（月平均所定労働時間160時間）
✔ 固定残業代なし（残業分は時間外勤務手当で別途支給）
✔ 社会保険完備（健康保険・厚生年金・雇用保険・労災保険）
✔ 試用期間なし

まずはお気軽にご応募ください。

案件No：1208","《✼この仕事の4つのポイント✼》

✅ ① 商談は必ず上司同席
未経験のうちから一人で商談に臨むことはありません。
提案内容や契約条件の詰め方も、その場でサポートしてもらえます。

✅ ② 頑張りが成果報酬に直結
1件成約につき最大225万円のインセンティブを支給。
賞与のタイミングでまとめて受け取れます。

✅ ③ 転勤・出張なし
会社が指定するエリアへの異動は一切ありません。
自分の希望する地域で働き続けられます。

✅ ④ フレックスタイム制度
月平均所定労働時間160時間の中で、
始業・終業の時間配分を自分で組み立てられます。

＝＝＝＝＝＝＝＝＝＝＝＝＝＝＝
《✼待遇もしっかり✼》

✔ 月給制（固定残業代なし／残業分は時間外勤務手当で別途支給）
✔ 資格手当・家族手当・職種手当・通勤手当・役職手当・勤続手当
✔ 社会保険完備（健康保険・厚生年金・雇用保険・労災保険）
✔ 試用期間なし
✔ 初年度想定年収：340万円〜700万円
✔ 年収例：中途入社9年目／固定年額650万円＋賞与710万円＝1360万円
✔ 保養所完備・定期健康診断・人間ドック補助・スポーツクラブ利用補助・
　財形貯蓄制度・確定拠出年金（401K）・永年勤続表彰・社内厚生行事補助","✦・━━━━━━━━━━━━━━━・✦
＼まずは話を聞くところから／
選考は面接1回、最短1週間で内定
✦・━━━━━━━━━━━━━━━・✦

＝＝＝＝＝＝＝＝＝＝＝＝＝＝＝
【✧選考の流れ✧】

■ STEP 1　Web応募（所要1分）
氏名と連絡先など、簡単な入力だけで完了します。
応募段階での履歴書・職務経歴書は不要です。

■ STEP 2　カジュアル面談（オンライン／20〜30分）
「まずは話を聞いてみたい」でOKです。
私服・画面オフでのご参加も歓迎します。
面接ではなく相互理解の場ですので、
仕事内容や職場の雰囲気を気軽にお尋ねください。
平日夜間・早朝・土日の実施もご相談に応じます。

■ STEP 3　面接（対面またはWeb／1回のみ）
業務内容のご案内と、ご希望の働き方のお伺いをします。
ご希望の方にはオフィス見学や
現場スタッフとの対話の時間も設けます。

■ STEP 4　内定・条件面談
応募から内定まで最短1週間のスピード選考です。
入社日や勤務条件のご希望も調整いたします。

＝＝＝＝＝＝＝＝＝＝＝＝＝＝＝
【✧ご応募にあたって✧】

✔ 応募時に履歴書・職務経歴書は必要ありません
✔ 在職中の方も日程を調整できます
✔ 「話を聞いてみたい」だけのご応募も歓迎します

＝＝＝＝＝＝＝＝＝＝＝＝＝＝＝
【✧労働条件の明示✧】

■ 就業場所の変更の範囲
転勤はありません。本求人の勤務地での勤務となります。"
5,1998,大東建託株式会社,転勤なし◎フレックス制度で無理なく働ける土地活用提案営業,未経験｜土地活用の提案営業｜富士宮市,"✦・━━━━━━━━━━━━━━━・✦
＼静岡県富士宮市で募集中／
土地オーナー様に「活用」を提案する
未経験からの営業職◎
✦・━━━━━━━━━━━━━━━・✦

「営業は未経験だから不安…」

そう感じる方ほど、まずは仕組みを知ってください。
商談には必ず上司が同席するので、
一人で判断を迫られる場面はありません。

＝＝＝＝＝＝＝＝＝＝＝＝＝＝＝
【✧提案営業は、この3ステップ✧】

■ ① 訪問
土地オーナー様のもとへ伺い、商談の日程を調整します。

■ ② 商談
上司が同席し、提案内容や契約条件をサポートします。

■ ③ ご契約
契約成立で、1件あたり最大225万円のインセンティブを支給。
賞与のタイミングでまとめて受け取れます。

＝＝＝＝＝＝＝＝＝＝＝＝＝＝＝
【✨この仕事の魅力✨】

✅ 商談は一人で抱え込まない
上司同席が前提なので、経験がなくても
その場で相談しながら進められます。

✅ 転勤・出張なし
会社が指定するエリアへの異動はありません。
自分の希望する地域で働き続けられます。

✅ 研修制度あり
商談の進め方や提案の組み立て方から学べます。

＝＝＝＝＝＝＝＝＝＝＝＝＝＝＝
【✔働き方✔】

✔ フレックスタイム制度（月平均所定労働時間160時間）
✔ 固定残業代なし（残業分は時間外勤務手当で別途支給）
✔ 社会保険完備（健康保険・厚生年金・雇用保険・労災保険）
✔ 試用期間なし

まずはお気軽にご応募ください。

案件No：1998","《✼この仕事の4つのポイント✼》

✅ ① 商談は必ず上司同席
未経験のうちから一人で商談に臨むことはありません。
提案内容や契約条件の詰め方も、その場でサポートしてもらえます。

✅ ② 頑張りが成果報酬に直結
1件成約につき最大225万円のインセンティブを支給。
賞与のタイミングでまとめて受け取れます。

✅ ③ 転勤・出張なし
会社が指定するエリアへの異動は一切ありません。
自分の希望する地域で働き続けられます。

✅ ④ フレックスタイム制度
月平均所定労働時間160時間の中で、
始業・終業の時間配分を自分で組み立てられます。

＝＝＝＝＝＝＝＝＝＝＝＝＝＝＝
《✼待遇もしっかり✼》

✔ 月給制（固定残業代なし／残業分は時間外勤務手当で別途支給）
✔ 資格手当・家族手当・職種手当・通勤手当・役職手当・勤続手当
✔ 社会保険完備（健康保険・厚生年金・雇用保険・労災保険）
✔ 試用期間なし
✔ 初年度想定年収：340万円〜700万円
✔ 年収例：中途入社9年目／固定年額650万円＋賞与710万円＝1360万円
✔ 保養所完備・定期健康診断・人間ドック補助・スポーツクラブ利用補助・
　財形貯蓄制度・確定拠出年金（401K）・永年勤続表彰・社内厚生行事補助","✦・━━━━━━━━━━━━━━━・✦
＼まずは話を聞くところから／
選考は面接1回、最短1週間で内定
✦・━━━━━━━━━━━━━━━・✦

＝＝＝＝＝＝＝＝＝＝＝＝＝＝＝
【✧選考の流れ✧】

■ STEP 1　Web応募（所要1分）
氏名と連絡先など、簡単な入力だけで完了します。
応募段階での履歴書・職務経歴書は不要です。

■ STEP 2　カジュアル面談（オンライン／20〜30分）
「まずは話を聞いてみたい」でOKです。
私服・画面オフでのご参加も歓迎します。
面接ではなく相互理解の場ですので、
仕事内容や職場の雰囲気を気軽にお尋ねください。
平日夜間・早朝・土日の実施もご相談に応じます。

■ STEP 3　面接（対面またはWeb／1回のみ）
業務内容のご案内と、ご希望の働き方のお伺いをします。
ご希望の方にはオフィス見学や
現場スタッフとの対話の時間も設けます。

■ STEP 4　内定・条件面談
応募から内定まで最短1週間のスピード選考です。
入社日や勤務条件のご希望も調整いたします。

＝＝＝＝＝＝＝＝＝＝＝＝＝＝＝
【✧ご応募にあたって✧】

✔ 応募時に履歴書・職務経歴書は必要ありません
✔ 在職中の方も日程を調整できます
✔ 「話を聞いてみたい」だけのご応募も歓迎します

＝＝＝＝＝＝＝＝＝＝＝＝＝＝＝
【✧労働条件の明示✧】

■ 就業場所の変更の範囲
転勤はありません。本求人の勤務地での勤務となります。"
6,587,大東建託株式会社,転勤なし◎フレックス制度で無理なく働ける土地活用提案営業,未経験｜土地活用の提案営業｜横浜市南区,"✦・━━━━━━━━━━━━━━━・✦
＼神奈川県横浜市南区で募集中／
""提案する力""が身につく
土地活用の営業職◎
✦・━━━━━━━━━━━━━━━・✦

「商談って一人でやるものでは？」

大東建託の商談は、必ず上司が同席します。
未経験のうちから一人で抱え込む場面はありません。

＝＝＝＝＝＝＝＝＝＝＝＝＝＝＝
【✧提案営業は、この3ステップ✧】

■ ① 訪問
土地オーナー様を訪ね、商談の日程を調整します。

■ ② 商談
上司同席のもと、活用プランや契約条件を提案します。

■ ③ ご契約
成約1件につき、最大225万円のインセンティブを支給。
賞与支給のタイミングでまとめて受け取れます。

＝＝＝＝＝＝＝＝＝＝＝＝＝＝＝
【✨この仕事の魅力✨】

✅ 頑張りが成果に直結
成約数に応じてインセンティブが上乗せされます。

✅ 研修制度あり
未経験からでも、提案の組み立て方を一から学べます。

✅ 転勤・出張なし
会社が指定するエリアへの異動はなく、
希望する地域で働き続けられます。

＝＝＝＝＝＝＝＝＝＝＝＝＝＝＝
【✔働き方✔】

✔ フレックスタイム制度（月平均所定労働時間160時間）
✔ 固定残業代なし（残業分は時間外勤務手当で別途支給）
✔ 社会保険完備（健康保険・厚生年金・雇用保険・労災保険）
✔ 試用期間なし

自分のペースで、一件ずつ丁寧に進めていける仕事です。

案件No：587","《✼この仕事の4つのポイント✼》

✅ ① 商談は必ず上司同席
未経験のうちから一人で商談に臨むことはありません。
提案内容や契約条件の詰め方も、その場でサポートしてもらえます。

✅ ② 頑張りが成果報酬に直結
1件成約につき最大225万円のインセンティブを支給。
賞与のタイミングでまとめて受け取れます。

✅ ③ 転勤・出張なし
会社が指定するエリアへの異動は一切ありません。
自分の希望する地域で働き続けられます。

✅ ④ フレックスタイム制度
月平均所定労働時間160時間の中で、
始業・終業の時間配分を自分で組み立てられます。

＝＝＝＝＝＝＝＝＝＝＝＝＝＝＝
《✼待遇もしっかり✼》

✔ 月給制（固定残業代なし／残業分は時間外勤務手当で別途支給）
✔ 資格手当・家族手当・職種手当・通勤手当・役職手当・勤続手当
✔ 社会保険完備（健康保険・厚生年金・雇用保険・労災保険）
✔ 試用期間なし
✔ 初年度想定年収：340万円〜700万円
✔ 年収例：中途入社9年目／固定年額650万円＋賞与710万円＝1360万円
✔ 保養所完備・定期健康診断・人間ドック補助・スポーツクラブ利用補助・
　財形貯蓄制度・確定拠出年金（401K）・永年勤続表彰・社内厚生行事補助","✦・━━━━━━━━━━━━━━━・✦
＼まずは話を聞くところから／
選考は面接1回、最短1週間で内定
✦・━━━━━━━━━━━━━━━・✦

＝＝＝＝＝＝＝＝＝＝＝＝＝＝＝
【✧選考の流れ✧】

■ STEP 1　Web応募（所要1分）
氏名と連絡先など、簡単な入力だけで完了します。
応募段階での履歴書・職務経歴書は不要です。

■ STEP 2　カジュアル面談（オンライン／20〜30分）
「まずは話を聞いてみたい」でOKです。
私服・画面オフでのご参加も歓迎します。
面接ではなく相互理解の場ですので、
仕事内容や職場の雰囲気を気軽にお尋ねください。
平日夜間・早朝・土日の実施もご相談に応じます。

■ STEP 3　面接（対面またはWeb／1回のみ）
業務内容のご案内と、ご希望の働き方のお伺いをします。
ご希望の方にはオフィス見学や
現場スタッフとの対話の時間も設けます。

■ STEP 4　内定・条件面談
応募から内定まで最短1週間のスピード選考です。
入社日や勤務条件のご希望も調整いたします。

＝＝＝＝＝＝＝＝＝＝＝＝＝＝＝
【✧ご応募にあたって✧】

✔ 応募時に履歴書・職務経歴書は必要ありません
✔ 在職中の方も日程を調整できます
✔ 「話を聞いてみたい」だけのご応募も歓迎します

＝＝＝＝＝＝＝＝＝＝＝＝＝＝＝
【✧労働条件の明示✧】

■ 就業場所の変更の範囲
転勤はありません。本求人の勤務地での勤務となります。"
7,1274,大東建託株式会社,転勤なし◎フレックス制度で無理なく働ける土地活用提案営業,未経験｜土地活用の提案営業｜守谷市,"✦・━━━━━━━━━━━━━━━・✦
＼茨城県守谷市で募集中／
オーナー様の「土地」を
価値ある一棟に変える提案営業◎
✦・━━━━━━━━━━━━━━━・✦

「専門知識がないと厳しいのでは？」

商談には必ず上司が同席するので、
知識も進め方も、現場で身につけていけます。

＝＝＝＝＝＝＝＝＝＝＝＝＝＝＝
【✧提案営業は、この3ステップ✧】

■ ① 訪問
土地オーナー様のもとへ伺い、商談の日程を決めます。

■ ② 商談
上司同席で、活用プランや契約条件を一緒に詰めます。

■ ③ ご契約
契約成立で、1件あたり最大225万円のインセンティブを支給。
賞与のタイミングでまとめて支給されます。

＝＝＝＝＝＝＝＝＝＝＝＝＝＝＝
【✨この仕事の魅力✨】

✅ 転勤・出張なし
会社が指定するエリアへの異動はありません。
今の生活拠点を変えずに働き続けられます。

✅ 商談は一人で抱え込まない
上司同席が前提なので、未経験でも
その場で相談しながら進められます。

✅ 研修制度あり
提案の組み立て方から、丁寧に学べます。

＝＝＝＝＝＝＝＝＝＝＝＝＝＝＝
【✔働き方✔】

✔ フレックスタイム制度（月平均所定労働時間160時間）
✔ 固定残業代なし（残業分は時間外勤務手当で別途支給）
✔ 社会保険完備（健康保険・厚生年金・雇用保険・労災保険）
✔ 試用期間なし

まずはお気軽にご応募ください。

案件No：1274","《✼この仕事の4つのポイント✼》

✅ ① 商談は必ず上司同席
未経験のうちから一人で商談に臨むことはありません。
提案内容や契約条件の詰め方も、その場でサポートしてもらえます。

✅ ② 頑張りが成果報酬に直結
1件成約につき最大225万円のインセンティブを支給。
賞与のタイミングでまとめて受け取れます。

✅ ③ 転勤・出張なし
会社が指定するエリアへの異動は一切ありません。
自分の希望する地域で働き続けられます。

✅ ④ フレックスタイム制度
月平均所定労働時間160時間の中で、
始業・終業の時間配分を自分で組み立てられます。

＝＝＝＝＝＝＝＝＝＝＝＝＝＝＝
《✼待遇もしっかり✼》

✔ 月給制（固定残業代なし／残業分は時間外勤務手当で別途支給）
✔ 資格手当・家族手当・職種手当・通勤手当・役職手当・勤続手当
✔ 社会保険完備（健康保険・厚生年金・雇用保険・労災保険）
✔ 試用期間なし
✔ 初年度想定年収：340万円〜700万円
✔ 年収例：中途入社9年目／固定年額650万円＋賞与710万円＝1360万円
✔ 保養所完備・定期健康診断・人間ドック補助・スポーツクラブ利用補助・
　財形貯蓄制度・確定拠出年金（401K）・永年勤続表彰・社内厚生行事補助","✦・━━━━━━━━━━━━━━━・✦
＼まずは話を聞くところから／
選考は面接1回、最短1週間で内定
✦・━━━━━━━━━━━━━━━・✦

＝＝＝＝＝＝＝＝＝＝＝＝＝＝＝
【✧選考の流れ✧】

■ STEP 1　Web応募（所要1分）
氏名と連絡先など、簡単な入力だけで完了します。
応募段階での履歴書・職務経歴書は不要です。

■ STEP 2　カジュアル面談（オンライン／20〜30分）
「まずは話を聞いてみたい」でOKです。
私服・画面オフでのご参加も歓迎します。
面接ではなく相互理解の場ですので、
仕事内容や職場の雰囲気を気軽にお尋ねください。
平日夜間・早朝・土日の実施もご相談に応じます。

■ STEP 3　面接（対面またはWeb／1回のみ）
業務内容のご案内と、ご希望の働き方のお伺いをします。
ご希望の方にはオフィス見学や
現場スタッフとの対話の時間も設けます。

■ STEP 4　内定・条件面談
応募から内定まで最短1週間のスピード選考です。
入社日や勤務条件のご希望も調整いたします。

＝＝＝＝＝＝＝＝＝＝＝＝＝＝＝
【✧ご応募にあたって✧】

✔ 応募時に履歴書・職務経歴書は必要ありません
✔ 在職中の方も日程を調整できます
✔ 「話を聞いてみたい」だけのご応募も歓迎します

＝＝＝＝＝＝＝＝＝＝＝＝＝＝＝
【✧労働条件の明示✧】

■ 就業場所の変更の範囲
転勤はありません。本求人の勤務地での勤務となります。"
8,194,大東建託株式会社,転勤なし◎フレックス制度で無理なく働ける土地活用提案営業,未経験｜土地活用の提案営業｜志木市,"✦・━━━━━━━━━━━━━━━・✦
＼埼玉県志木市で募集中／
土地オーナー様に「活用」を提案する
未経験からの営業職◎
✦・━━━━━━━━━━━━━━━・✦

「営業は未経験だから不安…」

そう感じる方ほど、まずは仕組みを知ってください。
商談には必ず上司が同席するので、
一人で判断を迫られる場面はありません。

＝＝＝＝＝＝＝＝＝＝＝＝＝＝＝
【✧提案営業は、この3ステップ✧】

■ ① 訪問
土地オーナー様のもとへ伺い、商談の日程を調整します。

■ ② 商談
上司が同席し、提案内容や契約条件をサポートします。

■ ③ ご契約
契約成立で、1件あたり最大225万円のインセンティブを支給。
賞与のタイミングでまとめて受け取れます。

＝＝＝＝＝＝＝＝＝＝＝＝＝＝＝
【✨この仕事の魅力✨】

✅ 商談は一人で抱え込まない
上司同席が前提なので、経験がなくても
その場で相談しながら進められます。

✅ 転勤・出張なし
会社が指定するエリアへの異動はありません。
自分の希望する地域で働き続けられます。

✅ 研修制度あり
商談の進め方や提案の組み立て方から学べます。

＝＝＝＝＝＝＝＝＝＝＝＝＝＝＝
【✔働き方✔】

✔ フレックスタイム制度（月平均所定労働時間160時間）
✔ 固定残業代なし（残業分は時間外勤務手当で別途支給）
✔ 社会保険完備（健康保険・厚生年金・雇用保険・労災保険）
✔ 試用期間なし

まずはお気軽にご応募ください。

案件No：194","《✼この仕事の4つのポイント✼》

✅ ① 商談は必ず上司同席
未経験のうちから一人で商談に臨むことはありません。
提案内容や契約条件の詰め方も、その場でサポートしてもらえます。

✅ ② 頑張りが成果報酬に直結
1件成約につき最大225万円のインセンティブを支給。
賞与のタイミングでまとめて受け取れます。

✅ ③ 転勤・出張なし
会社が指定するエリアへの異動は一切ありません。
自分の希望する地域で働き続けられます。

✅ ④ フレックスタイム制度
月平均所定労働時間160時間の中で、
始業・終業の時間配分を自分で組み立てられます。

＝＝＝＝＝＝＝＝＝＝＝＝＝＝＝
《✼待遇もしっかり✼》

✔ 月給制（固定残業代なし／残業分は時間外勤務手当で別途支給）
✔ 資格手当・家族手当・職種手当・通勤手当・役職手当・勤続手当
✔ 社会保険完備（健康保険・厚生年金・雇用保険・労災保険）
✔ 試用期間なし
✔ 初年度想定年収：340万円〜700万円
✔ 年収例：中途入社9年目／固定年額650万円＋賞与710万円＝1360万円
✔ 保養所完備・定期健康診断・人間ドック補助・スポーツクラブ利用補助・
　財形貯蓄制度・確定拠出年金（401K）・永年勤続表彰・社内厚生行事補助","✦・━━━━━━━━━━━━━━━・✦
＼まずは話を聞くところから／
選考は面接1回、最短1週間で内定
✦・━━━━━━━━━━━━━━━・✦

＝＝＝＝＝＝＝＝＝＝＝＝＝＝＝
【✧選考の流れ✧】

■ STEP 1　Web応募（所要1分）
氏名と連絡先など、簡単な入力だけで完了します。
応募段階での履歴書・職務経歴書は不要です。

■ STEP 2　カジュアル面談（オンライン／20〜30分）
「まずは話を聞いてみたい」でOKです。
私服・画面オフでのご参加も歓迎します。
面接ではなく相互理解の場ですので、
仕事内容や職場の雰囲気を気軽にお尋ねください。
平日夜間・早朝・土日の実施もご相談に応じます。

■ STEP 3　面接（対面またはWeb／1回のみ）
業務内容のご案内と、ご希望の働き方のお伺いをします。
ご希望の方にはオフィス見学や
現場スタッフとの対話の時間も設けます。

■ STEP 4　内定・条件面談
応募から内定まで最短1週間のスピード選考です。
入社日や勤務条件のご希望も調整いたします。

＝＝＝＝＝＝＝＝＝＝＝＝＝＝＝
【✧ご応募にあたって✧】

✔ 応募時に履歴書・職務経歴書は必要ありません
✔ 在職中の方も日程を調整できます
✔ 「話を聞いてみたい」だけのご応募も歓迎します

＝＝＝＝＝＝＝＝＝＝＝＝＝＝＝
【✧労働条件の明示✧】

■ 就業場所の変更の範囲
転勤はありません。本求人の勤務地での勤務となります。"
9,1226,大東建託株式会社,転勤なし◎フレックス制度で無理なく働ける土地活用提案営業,未経験｜土地活用の提案営業｜鎌倉市,"✦・━━━━━━━━━━━━━━━・✦
＼神奈川県鎌倉市で募集中／
""提案する力""が身につく
土地活用の営業職◎
✦・━━━━━━━━━━━━━━━・✦

「商談って一人でやるものでは？」

大東建託の商談は、必ず上司が同席します。
未経験のうちから一人で抱え込む場面はありません。

＝＝＝＝＝＝＝＝＝＝＝＝＝＝＝
【✧提案営業は、この3ステップ✧】

■ ① 訪問
土地オーナー様を訪ね、商談の日程を調整します。

■ ② 商談
上司同席のもと、活用プランや契約条件を提案します。

■ ③ ご契約
成約1件につき、最大225万円のインセンティブを支給。
賞与支給のタイミングでまとめて受け取れます。

＝＝＝＝＝＝＝＝＝＝＝＝＝＝＝
【✨この仕事の魅力✨】

✅ 頑張りが成果に直結
成約数に応じてインセンティブが上乗せされます。

✅ 研修制度あり
未経験からでも、提案の組み立て方を一から学べます。

✅ 転勤・出張なし
会社が指定するエリアへの異動はなく、
希望する地域で働き続けられます。

＝＝＝＝＝＝＝＝＝＝＝＝＝＝＝
【✔働き方✔】

✔ フレックスタイム制度（月平均所定労働時間160時間）
✔ 固定残業代なし（残業分は時間外勤務手当で別途支給）
✔ 社会保険完備（健康保険・厚生年金・雇用保険・労災保険）
✔ 試用期間なし

自分のペースで、一件ずつ丁寧に進めていける仕事です。

案件No：1226","《✼この仕事の4つのポイント✼》

✅ ① 商談は必ず上司同席
未経験のうちから一人で商談に臨むことはありません。
提案内容や契約条件の詰め方も、その場でサポートしてもらえます。

✅ ② 頑張りが成果報酬に直結
1件成約につき最大225万円のインセンティブを支給。
賞与のタイミングでまとめて受け取れます。

✅ ③ 転勤・出張なし
会社が指定するエリアへの異動は一切ありません。
自分の希望する地域で働き続けられます。

✅ ④ フレックスタイム制度
月平均所定労働時間160時間の中で、
始業・終業の時間配分を自分で組み立てられます。

＝＝＝＝＝＝＝＝＝＝＝＝＝＝＝
《✼待遇もしっかり✼》

✔ 月給制（固定残業代なし／残業分は時間外勤務手当で別途支給）
✔ 資格手当・家族手当・職種手当・通勤手当・役職手当・勤続手当
✔ 社会保険完備（健康保険・厚生年金・雇用保険・労災保険）
✔ 試用期間なし
✔ 初年度想定年収：340万円〜700万円
✔ 年収例：中途入社9年目／固定年額650万円＋賞与710万円＝1360万円
✔ 保養所完備・定期健康診断・人間ドック補助・スポーツクラブ利用補助・
　財形貯蓄制度・確定拠出年金（401K）・永年勤続表彰・社内厚生行事補助","✦・━━━━━━━━━━━━━━━・✦
＼まずは話を聞くところから／
選考は面接1回、最短1週間で内定
✦・━━━━━━━━━━━━━━━・✦

＝＝＝＝＝＝＝＝＝＝＝＝＝＝＝
【✧選考の流れ✧】

■ STEP 1　Web応募（所要1分）
氏名と連絡先など、簡単な入力だけで完了します。
応募段階での履歴書・職務経歴書は不要です。

■ STEP 2　カジュアル面談（オンライン／20〜30分）
「まずは話を聞いてみたい」でOKです。
私服・画面オフでのご参加も歓迎します。
面接ではなく相互理解の場ですので、
仕事内容や職場の雰囲気を気軽にお尋ねください。
平日夜間・早朝・土日の実施もご相談に応じます。

■ STEP 3　面接（対面またはWeb／1回のみ）
業務内容のご案内と、ご希望の働き方のお伺いをします。
ご希望の方にはオフィス見学や
現場スタッフとの対話の時間も設けます。

■ STEP 4　内定・条件面談
応募から内定まで最短1週間のスピード選考です。
入社日や勤務条件のご希望も調整いたします。

＝＝＝＝＝＝＝＝＝＝＝＝＝＝＝
【✧ご応募にあたって✧】

✔ 応募時に履歴書・職務経歴書は必要ありません
✔ 在職中の方も日程を調整できます
✔ 「話を聞いてみたい」だけのご応募も歓迎します

＝＝＝＝＝＝＝＝＝＝＝＝＝＝＝
【✧労働条件の明示✧】

■ 就業場所の変更の範囲
転勤はありません。本求人の勤務地での勤務となります。"
10,2439,大東建託株式会社,転勤なし◎フレックス制度で無理なく働ける土地活用提案営業,未経験｜土地活用の提案営業｜春日部市,"✦・━━━━━━━━━━━━━━━・✦
＼埼玉県春日部市で募集中／
オーナー様の「土地」を
価値ある一棟に変える提案営業◎
✦・━━━━━━━━━━━━━━━・✦

「専門知識がないと厳しいのでは？」

商談には必ず上司が同席するので、
知識も進め方も、現場で身につけていけます。

＝＝＝＝＝＝＝＝＝＝＝＝＝＝＝
【✧提案営業は、この3ステップ✧】

■ ① 訪問
土地オーナー様のもとへ伺い、商談の日程を決めます。

■ ② 商談
上司同席で、活用プランや契約条件を一緒に詰めます。

■ ③ ご契約
契約成立で、1件あたり最大225万円のインセンティブを支給。
賞与のタイミングでまとめて支給されます。

＝＝＝＝＝＝＝＝＝＝＝＝＝＝＝
【✨この仕事の魅力✨】

✅ 転勤・出張なし
会社が指定するエリアへの異動はありません。
今の生活拠点を変えずに働き続けられます。

✅ 商談は一人で抱え込まない
上司同席が前提なので、未経験でも
その場で相談しながら進められます。

✅ 研修制度あり
提案の組み立て方から、丁寧に学べます。

＝＝＝＝＝＝＝＝＝＝＝＝＝＝＝
【✔働き方✔】

✔ フレックスタイム制度（月平均所定労働時間160時間）
✔ 固定残業代なし（残業分は時間外勤務手当で別途支給）
✔ 社会保険完備（健康保険・厚生年金・雇用保険・労災保険）
✔ 試用期間なし

まずはお気軽にご応募ください。

案件No：2439","《✼この仕事の4つのポイント✼》

✅ ① 商談は必ず上司同席
未経験のうちから一人で商談に臨むことはありません。
提案内容や契約条件の詰め方も、その場でサポートしてもらえます。

✅ ② 頑張りが成果報酬に直結
1件成約につき最大225万円のインセンティブを支給。
賞与のタイミングでまとめて受け取れます。

✅ ③ 転勤・出張なし
会社が指定するエリアへの異動は一切ありません。
自分の希望する地域で働き続けられます。

✅ ④ フレックスタイム制度
月平均所定労働時間160時間の中で、
始業・終業の時間配分を自分で組み立てられます。

＝＝＝＝＝＝＝＝＝＝＝＝＝＝＝
《✼待遇もしっかり✼》

✔ 月給制（固定残業代なし／残業分は時間外勤務手当で別途支給）
✔ 資格手当・家族手当・職種手当・通勤手当・役職手当・勤続手当
✔ 社会保険完備（健康保険・厚生年金・雇用保険・労災保険）
✔ 試用期間なし
✔ 初年度想定年収：340万円〜700万円
✔ 年収例：中途入社9年目／固定年額650万円＋賞与710万円＝1360万円
✔ 保養所完備・定期健康診断・人間ドック補助・スポーツクラブ利用補助・
　財形貯蓄制度・確定拠出年金（401K）・永年勤続表彰・社内厚生行事補助","✦・━━━━━━━━━━━━━━━・✦
＼まずは話を聞くところから／
選考は面接1回、最短1週間で内定
✦・━━━━━━━━━━━━━━━・✦

＝＝＝＝＝＝＝＝＝＝＝＝＝＝＝
【✧選考の流れ✧】

■ STEP 1　Web応募（所要1分）
氏名と連絡先など、簡単な入力だけで完了します。
応募段階での履歴書・職務経歴書は不要です。

■ STEP 2　カジュアル面談（オンライン／20〜30分）
「まずは話を聞いてみたい」でOKです。
私服・画面オフでのご参加も歓迎します。
面接ではなく相互理解の場ですので、
仕事内容や職場の雰囲気を気軽にお尋ねください。
平日夜間・早朝・土日の実施もご相談に応じます。

■ STEP 3　面接（対面またはWeb／1回のみ）
業務内容のご案内と、ご希望の働き方のお伺いをします。
ご希望の方にはオフィス見学や
現場スタッフとの対話の時間も設けます。

■ STEP 4　内定・条件面談
応募から内定まで最短1週間のスピード選考です。
入社日や勤務条件のご希望も調整いたします。

＝＝＝＝＝＝＝＝＝＝＝＝＝＝＝
【✧ご応募にあたって✧】

✔ 応募時に履歴書・職務経歴書は必要ありません
✔ 在職中の方も日程を調整できます
✔ 「話を聞いてみたい」だけのご応募も歓迎します

＝＝＝＝＝＝＝＝＝＝＝＝＝＝＝
【✧労働条件の明示✧】

■ 就業場所の変更の範囲
転勤はありません。本求人の勤務地での勤務となります。"
11,2430,大東建託株式会社,転勤なし◎フレックス制度で無理なく働ける土地活用提案営業,未経験｜土地活用の提案営業｜一宮市,"✦・━━━━━━━━━━━━━━━・✦
＼愛知県一宮市で募集中／
土地オーナー様に「活用」を提案する
未経験からの営業職◎
✦・━━━━━━━━━━━━━━━・✦

「営業は未経験だから不安…」

そう感じる方ほど、まずは仕組みを知ってください。
商談には必ず上司が同席するので、
一人で判断を迫られる場面はありません。

＝＝＝＝＝＝＝＝＝＝＝＝＝＝＝
【✧提案営業は、この3ステップ✧】

■ ① 訪問
土地オーナー様のもとへ伺い、商談の日程を調整します。

■ ② 商談
上司が同席し、提案内容や契約条件をサポートします。

■ ③ ご契約
契約成立で、1件あたり最大225万円のインセンティブを支給。
賞与のタイミングでまとめて受け取れます。

＝＝＝＝＝＝＝＝＝＝＝＝＝＝＝
【✨この仕事の魅力✨】

✅ 商談は一人で抱え込まない
上司同席が前提なので、経験がなくても
その場で相談しながら進められます。

✅ 転勤・出張なし
会社が指定するエリアへの異動はありません。
自分の希望する地域で働き続けられます。

✅ 研修制度あり
商談の進め方や提案の組み立て方から学べます。

＝＝＝＝＝＝＝＝＝＝＝＝＝＝＝
【✔働き方✔】

✔ フレックスタイム制度（月平均所定労働時間160時間）
✔ 固定残業代なし（残業分は時間外勤務手当で別途支給）
✔ 社会保険完備（健康保険・厚生年金・雇用保険・労災保険）
✔ 試用期間なし

まずはお気軽にご応募ください。

案件No：2430","《✼この仕事の4つのポイント✼》

✅ ① 商談は必ず上司同席
未経験のうちから一人で商談に臨むことはありません。
提案内容や契約条件の詰め方も、その場でサポートしてもらえます。

✅ ② 頑張りが成果報酬に直結
1件成約につき最大225万円のインセンティブを支給。
賞与のタイミングでまとめて受け取れます。

✅ ③ 転勤・出張なし
会社が指定するエリアへの異動は一切ありません。
自分の希望する地域で働き続けられます。

✅ ④ フレックスタイム制度
月平均所定労働時間160時間の中で、
始業・終業の時間配分を自分で組み立てられます。

＝＝＝＝＝＝＝＝＝＝＝＝＝＝＝
《✼待遇もしっかり✼》

✔ 月給制（固定残業代なし／残業分は時間外勤務手当で別途支給）
✔ 資格手当・家族手当・職種手当・通勤手当・役職手当・勤続手当
✔ 社会保険完備（健康保険・厚生年金・雇用保険・労災保険）
✔ 試用期間なし
✔ 初年度想定年収：340万円〜700万円
✔ 年収例：中途入社9年目／固定年額650万円＋賞与710万円＝1360万円
✔ 保養所完備・定期健康診断・人間ドック補助・スポーツクラブ利用補助・
　財形貯蓄制度・確定拠出年金（401K）・永年勤続表彰・社内厚生行事補助","✦・━━━━━━━━━━━━━━━・✦
＼まずは話を聞くところから／
選考は面接1回、最短1週間で内定
✦・━━━━━━━━━━━━━━━・✦

＝＝＝＝＝＝＝＝＝＝＝＝＝＝＝
【✧選考の流れ✧】

■ STEP 1　Web応募（所要1分）
氏名と連絡先など、簡単な入力だけで完了します。
応募段階での履歴書・職務経歴書は不要です。

■ STEP 2　カジュアル面談（オンライン／20〜30分）
「まずは話を聞いてみたい」でOKです。
私服・画面オフでのご参加も歓迎します。
面接ではなく相互理解の場ですので、
仕事内容や職場の雰囲気を気軽にお尋ねください。
平日夜間・早朝・土日の実施もご相談に応じます。

■ STEP 3　面接（対面またはWeb／1回のみ）
業務内容のご案内と、ご希望の働き方のお伺いをします。
ご希望の方にはオフィス見学や
現場スタッフとの対話の時間も設けます。

■ STEP 4　内定・条件面談
応募から内定まで最短1週間のスピード選考です。
入社日や勤務条件のご希望も調整いたします。

＝＝＝＝＝＝＝＝＝＝＝＝＝＝＝
【✧ご応募にあたって✧】

✔ 応募時に履歴書・職務経歴書は必要ありません
✔ 在職中の方も日程を調整できます
✔ 「話を聞いてみたい」だけのご応募も歓迎します

＝＝＝＝＝＝＝＝＝＝＝＝＝＝＝
【✧労働条件の明示✧】

■ 就業場所の変更の範囲
転勤はありません。本求人の勤務地での勤務となります。"
12,2462,大東建託株式会社,転勤なし◎フレックス制度で無理なく働ける土地活用提案営業,未経験｜土地活用の提案営業｜所沢市,"✦・━━━━━━━━━━━━━━━・✦
＼埼玉県所沢市で募集中／
""提案する力""が身につく
土地活用の営業職◎
✦・━━━━━━━━━━━━━━━・✦

「商談って一人でやるものでは？」

大東建託の商談は、必ず上司が同席します。
未経験のうちから一人で抱え込む場面はありません。

＝＝＝＝＝＝＝＝＝＝＝＝＝＝＝
【✧提案営業は、この3ステップ✧】

■ ① 訪問
土地オーナー様を訪ね、商談の日程を調整します。

■ ② 商談
上司同席のもと、活用プランや契約条件を提案します。

■ ③ ご契約
成約1件につき、最大225万円のインセンティブを支給。
賞与支給のタイミングでまとめて受け取れます。

＝＝＝＝＝＝＝＝＝＝＝＝＝＝＝
【✨この仕事の魅力✨】

✅ 頑張りが成果に直結
成約数に応じてインセンティブが上乗せされます。

✅ 研修制度あり
未経験からでも、提案の組み立て方を一から学べます。

✅ 転勤・出張なし
会社が指定するエリアへの異動はなく、
希望する地域で働き続けられます。

＝＝＝＝＝＝＝＝＝＝＝＝＝＝＝
【✔働き方✔】

✔ フレックスタイム制度（月平均所定労働時間160時間）
✔ 固定残業代なし（残業分は時間外勤務手当で別途支給）
✔ 社会保険完備（健康保険・厚生年金・雇用保険・労災保険）
✔ 試用期間なし

自分のペースで、一件ずつ丁寧に進めていける仕事です。

案件No：2462","《✼この仕事の4つのポイント✼》

✅ ① 商談は必ず上司同席
未経験のうちから一人で商談に臨むことはありません。
提案内容や契約条件の詰め方も、その場でサポートしてもらえます。

✅ ② 頑張りが成果報酬に直結
1件成約につき最大225万円のインセンティブを支給。
賞与のタイミングでまとめて受け取れます。

✅ ③ 転勤・出張なし
会社が指定するエリアへの異動は一切ありません。
自分の希望する地域で働き続けられます。

✅ ④ フレックスタイム制度
月平均所定労働時間160時間の中で、
始業・終業の時間配分を自分で組み立てられます。

＝＝＝＝＝＝＝＝＝＝＝＝＝＝＝
《✼待遇もしっかり✼》

✔ 月給制（固定残業代なし／残業分は時間外勤務手当で別途支給）
✔ 資格手当・家族手当・職種手当・通勤手当・役職手当・勤続手当
✔ 社会保険完備（健康保険・厚生年金・雇用保険・労災保険）
✔ 試用期間なし
✔ 初年度想定年収：340万円〜700万円
✔ 年収例：中途入社9年目／固定年額650万円＋賞与710万円＝1360万円
✔ 保養所完備・定期健康診断・人間ドック補助・スポーツクラブ利用補助・
　財形貯蓄制度・確定拠出年金（401K）・永年勤続表彰・社内厚生行事補助","✦・━━━━━━━━━━━━━━━・✦
＼まずは話を聞くところから／
選考は面接1回、最短1週間で内定
✦・━━━━━━━━━━━━━━━・✦

＝＝＝＝＝＝＝＝＝＝＝＝＝＝＝
【✧選考の流れ✧】

■ STEP 1　Web応募（所要1分）
氏名と連絡先など、簡単な入力だけで完了します。
応募段階での履歴書・職務経歴書は不要です。

■ STEP 2　カジュアル面談（オンライン／20〜30分）
「まずは話を聞いてみたい」でOKです。
私服・画面オフでのご参加も歓迎します。
面接ではなく相互理解の場ですので、
仕事内容や職場の雰囲気を気軽にお尋ねください。
平日夜間・早朝・土日の実施もご相談に応じます。

■ STEP 3　面接（対面またはWeb／1回のみ）
業務内容のご案内と、ご希望の働き方のお伺いをします。
ご希望の方にはオフィス見学や
現場スタッフとの対話の時間も設けます。

■ STEP 4　内定・条件面談
応募から内定まで最短1週間のスピード選考です。
入社日や勤務条件のご希望も調整いたします。

＝＝＝＝＝＝＝＝＝＝＝＝＝＝＝
【✧ご応募にあたって✧】

✔ 応募時に履歴書・職務経歴書は必要ありません
✔ 在職中の方も日程を調整できます
✔ 「話を聞いてみたい」だけのご応募も歓迎します

＝＝＝＝＝＝＝＝＝＝＝＝＝＝＝
【✧労働条件の明示✧】

■ 就業場所の変更の範囲
転勤はありません。本求人の勤務地での勤務となります。"
13,1255,大東建託株式会社,転勤なし◎フレックス制度で無理なく働ける土地活用提案営業,未経験｜土地活用の提案営業｜川口市,"✦・━━━━━━━━━━━━━━━・✦
＼埼玉県川口市で募集中／
オーナー様の「土地」を
価値ある一棟に変える提案営業◎
✦・━━━━━━━━━━━━━━━・✦

「専門知識がないと厳しいのでは？」

商談には必ず上司が同席するので、
知識も進め方も、現場で身につけていけます。

＝＝＝＝＝＝＝＝＝＝＝＝＝＝＝
【✧提案営業は、この3ステップ✧】

■ ① 訪問
土地オーナー様のもとへ伺い、商談の日程を決めます。

■ ② 商談
上司同席で、活用プランや契約条件を一緒に詰めます。

■ ③ ご契約
契約成立で、1件あたり最大225万円のインセンティブを支給。
賞与のタイミングでまとめて支給されます。

＝＝＝＝＝＝＝＝＝＝＝＝＝＝＝
【✨この仕事の魅力✨】

✅ 転勤・出張なし
会社が指定するエリアへの異動はありません。
今の生活拠点を変えずに働き続けられます。

✅ 商談は一人で抱え込まない
上司同席が前提なので、未経験でも
その場で相談しながら進められます。

✅ 研修制度あり
提案の組み立て方から、丁寧に学べます。

＝＝＝＝＝＝＝＝＝＝＝＝＝＝＝
【✔働き方✔】

✔ フレックスタイム制度（月平均所定労働時間160時間）
✔ 固定残業代なし（残業分は時間外勤務手当で別途支給）
✔ 社会保険完備（健康保険・厚生年金・雇用保険・労災保険）
✔ 試用期間なし

まずはお気軽にご応募ください。

案件No：1255","《✼この仕事の4つのポイント✼》

✅ ① 商談は必ず上司同席
未経験のうちから一人で商談に臨むことはありません。
提案内容や契約条件の詰め方も、その場でサポートしてもらえます。

✅ ② 頑張りが成果報酬に直結
1件成約につき最大225万円のインセンティブを支給。
賞与のタイミングでまとめて受け取れます。

✅ ③ 転勤・出張なし
会社が指定するエリアへの異動は一切ありません。
自分の希望する地域で働き続けられます。

✅ ④ フレックスタイム制度
月平均所定労働時間160時間の中で、
始業・終業の時間配分を自分で組み立てられます。

＝＝＝＝＝＝＝＝＝＝＝＝＝＝＝
《✼待遇もしっかり✼》

✔ 月給制（固定残業代なし／残業分は時間外勤務手当で別途支給）
✔ 資格手当・家族手当・職種手当・通勤手当・役職手当・勤続手当
✔ 社会保険完備（健康保険・厚生年金・雇用保険・労災保険）
✔ 試用期間なし
✔ 初年度想定年収：340万円〜700万円
✔ 年収例：中途入社9年目／固定年額650万円＋賞与710万円＝1360万円
✔ 保養所完備・定期健康診断・人間ドック補助・スポーツクラブ利用補助・
　財形貯蓄制度・確定拠出年金（401K）・永年勤続表彰・社内厚生行事補助","✦・━━━━━━━━━━━━━━━・✦
＼まずは話を聞くところから／
選考は面接1回、最短1週間で内定
✦・━━━━━━━━━━━━━━━・✦

＝＝＝＝＝＝＝＝＝＝＝＝＝＝＝
【✧選考の流れ✧】

■ STEP 1　Web応募（所要1分）
氏名と連絡先など、簡単な入力だけで完了します。
応募段階での履歴書・職務経歴書は不要です。

■ STEP 2　カジュアル面談（オンライン／20〜30分）
「まずは話を聞いてみたい」でOKです。
私服・画面オフでのご参加も歓迎します。
面接ではなく相互理解の場ですので、
仕事内容や職場の雰囲気を気軽にお尋ねください。
平日夜間・早朝・土日の実施もご相談に応じます。

■ STEP 3　面接（対面またはWeb／1回のみ）
業務内容のご案内と、ご希望の働き方のお伺いをします。
ご希望の方にはオフィス見学や
現場スタッフとの対話の時間も設けます。

■ STEP 4　内定・条件面談
応募から内定まで最短1週間のスピード選考です。
入社日や勤務条件のご希望も調整いたします。

＝＝＝＝＝＝＝＝＝＝＝＝＝＝＝
【✧ご応募にあたって✧】

✔ 応募時に履歴書・職務経歴書は必要ありません
✔ 在職中の方も日程を調整できます
✔ 「話を聞いてみたい」だけのご応募も歓迎します

＝＝＝＝＝＝＝＝＝＝＝＝＝＝＝
【✧労働条件の明示✧】

■ 就業場所の変更の範囲
転勤はありません。本求人の勤務地での勤務となります。"
14,2097,大東建託株式会社,転勤なし◎フレックス制度で無理なく働ける土地活用提案営業,未経験｜土地活用の提案営業｜岡崎市,"✦・━━━━━━━━━━━━━━━・✦
＼愛知県岡崎市で募集中／
土地オーナー様に「活用」を提案する
未経験からの営業職◎
✦・━━━━━━━━━━━━━━━・✦

「営業は未経験だから不安…」

そう感じる方ほど、まずは仕組みを知ってください。
商談には必ず上司が同席するので、
一人で判断を迫られる場面はありません。

＝＝＝＝＝＝＝＝＝＝＝＝＝＝＝
【✧提案営業は、この3ステップ✧】

■ ① 訪問
土地オーナー様のもとへ伺い、商談の日程を調整します。

■ ② 商談
上司が同席し、提案内容や契約条件をサポートします。

■ ③ ご契約
契約成立で、1件あたり最大225万円のインセンティブを支給。
賞与のタイミングでまとめて受け取れます。

＝＝＝＝＝＝＝＝＝＝＝＝＝＝＝
【✨この仕事の魅力✨】

✅ 商談は一人で抱え込まない
上司同席が前提なので、経験がなくても
その場で相談しながら進められます。

✅ 転勤・出張なし
会社が指定するエリアへの異動はありません。
自分の希望する地域で働き続けられます。

✅ 研修制度あり
商談の進め方や提案の組み立て方から学べます。

＝＝＝＝＝＝＝＝＝＝＝＝＝＝＝
【✔働き方✔】

✔ フレックスタイム制度（月平均所定労働時間160時間）
✔ 固定残業代なし（残業分は時間外勤務手当で別途支給）
✔ 社会保険完備（健康保険・厚生年金・雇用保険・労災保険）
✔ 試用期間なし

まずはお気軽にご応募ください。

案件No：2097","《✼この仕事の4つのポイント✼》

✅ ① 商談は必ず上司同席
未経験のうちから一人で商談に臨むことはありません。
提案内容や契約条件の詰め方も、その場でサポートしてもらえます。

✅ ② 頑張りが成果報酬に直結
1件成約につき最大225万円のインセンティブを支給。
賞与のタイミングでまとめて受け取れます。

✅ ③ 転勤・出張なし
会社が指定するエリアへの異動は一切ありません。
自分の希望する地域で働き続けられます。

✅ ④ フレックスタイム制度
月平均所定労働時間160時間の中で、
始業・終業の時間配分を自分で組み立てられます。

＝＝＝＝＝＝＝＝＝＝＝＝＝＝＝
《✼待遇もしっかり✼》

✔ 月給制（固定残業代なし／残業分は時間外勤務手当で別途支給）
✔ 資格手当・家族手当・職種手当・通勤手当・役職手当・勤続手当
✔ 社会保険完備（健康保険・厚生年金・雇用保険・労災保険）
✔ 試用期間なし
✔ 初年度想定年収：340万円〜700万円
✔ 年収例：中途入社9年目／固定年額650万円＋賞与710万円＝1360万円
✔ 保養所完備・定期健康診断・人間ドック補助・スポーツクラブ利用補助・
　財形貯蓄制度・確定拠出年金（401K）・永年勤続表彰・社内厚生行事補助","✦・━━━━━━━━━━━━━━━・✦
＼まずは話を聞くところから／
選考は面接1回、最短1週間で内定
✦・━━━━━━━━━━━━━━━・✦

＝＝＝＝＝＝＝＝＝＝＝＝＝＝＝
【✧選考の流れ✧】

■ STEP 1　Web応募（所要1分）
氏名と連絡先など、簡単な入力だけで完了します。
応募段階での履歴書・職務経歴書は不要です。

■ STEP 2　カジュアル面談（オンライン／20〜30分）
「まずは話を聞いてみたい」でOKです。
私服・画面オフでのご参加も歓迎します。
面接ではなく相互理解の場ですので、
仕事内容や職場の雰囲気を気軽にお尋ねください。
平日夜間・早朝・土日の実施もご相談に応じます。

■ STEP 3　面接（対面またはWeb／1回のみ）
業務内容のご案内と、ご希望の働き方のお伺いをします。
ご希望の方にはオフィス見学や
現場スタッフとの対話の時間も設けます。

■ STEP 4　内定・条件面談
応募から内定まで最短1週間のスピード選考です。
入社日や勤務条件のご希望も調整いたします。

＝＝＝＝＝＝＝＝＝＝＝＝＝＝＝
【✧ご応募にあたって✧】

✔ 応募時に履歴書・職務経歴書は必要ありません
✔ 在職中の方も日程を調整できます
✔ 「話を聞いてみたい」だけのご応募も歓迎します

＝＝＝＝＝＝＝＝＝＝＝＝＝＝＝
【✧労働条件の明示✧】

■ 就業場所の変更の範囲
転勤はありません。本求人の勤務地での勤務となります。"
15,1052,大東建託株式会社,転勤なし◎フレックス制度で無理なく働ける土地活用提案営業,未経験｜土地活用の提案営業｜小田原市,"✦・━━━━━━━━━━━━━━━・✦
＼神奈川県小田原市で募集中／
""提案する力""が身につく
土地活用の営業職◎
✦・━━━━━━━━━━━━━━━・✦

「商談って一人でやるものでは？」

大東建託の商談は、必ず上司が同席します。
未経験のうちから一人で抱え込む場面はありません。

＝＝＝＝＝＝＝＝＝＝＝＝＝＝＝
【✧提案営業は、この3ステップ✧】

■ ① 訪問
土地オーナー様を訪ね、商談の日程を調整します。

■ ② 商談
上司同席のもと、活用プランや契約条件を提案します。

■ ③ ご契約
成約1件につき、最大225万円のインセンティブを支給。
賞与支給のタイミングでまとめて受け取れます。

＝＝＝＝＝＝＝＝＝＝＝＝＝＝＝
【✨この仕事の魅力✨】

✅ 頑張りが成果に直結
成約数に応じてインセンティブが上乗せされます。

✅ 研修制度あり
未経験からでも、提案の組み立て方を一から学べます。

✅ 転勤・出張なし
会社が指定するエリアへの異動はなく、
希望する地域で働き続けられます。

＝＝＝＝＝＝＝＝＝＝＝＝＝＝＝
【✔働き方✔】

✔ フレックスタイム制度（月平均所定労働時間160時間）
✔ 固定残業代なし（残業分は時間外勤務手当で別途支給）
✔ 社会保険完備（健康保険・厚生年金・雇用保険・労災保険）
✔ 試用期間なし

自分のペースで、一件ずつ丁寧に進めていける仕事です。

案件No：1052","《✼この仕事の4つのポイント✼》

✅ ① 商談は必ず上司同席
未経験のうちから一人で商談に臨むことはありません。
提案内容や契約条件の詰め方も、その場でサポートしてもらえます。

✅ ② 頑張りが成果報酬に直結
1件成約につき最大225万円のインセンティブを支給。
賞与のタイミングでまとめて受け取れます。

✅ ③ 転勤・出張なし
会社が指定するエリアへの異動は一切ありません。
自分の希望する地域で働き続けられます。

✅ ④ フレックスタイム制度
月平均所定労働時間160時間の中で、
始業・終業の時間配分を自分で組み立てられます。

＝＝＝＝＝＝＝＝＝＝＝＝＝＝＝
《✼待遇もしっかり✼》

✔ 月給制（固定残業代なし／残業分は時間外勤務手当で別途支給）
✔ 資格手当・家族手当・職種手当・通勤手当・役職手当・勤続手当
✔ 社会保険完備（健康保険・厚生年金・雇用保険・労災保険）
✔ 試用期間なし
✔ 初年度想定年収：340万円〜700万円
✔ 年収例：中途入社9年目／固定年額650万円＋賞与710万円＝1360万円
✔ 保養所完備・定期健康診断・人間ドック補助・スポーツクラブ利用補助・
　財形貯蓄制度・確定拠出年金（401K）・永年勤続表彰・社内厚生行事補助","✦・━━━━━━━━━━━━━━━・✦
＼まずは話を聞くところから／
選考は面接1回、最短1週間で内定
✦・━━━━━━━━━━━━━━━・✦

＝＝＝＝＝＝＝＝＝＝＝＝＝＝＝
【✧選考の流れ✧】

■ STEP 1　Web応募（所要1分）
氏名と連絡先など、簡単な入力だけで完了します。
応募段階での履歴書・職務経歴書は不要です。

■ STEP 2　カジュアル面談（オンライン／20〜30分）
「まずは話を聞いてみたい」でOKです。
私服・画面オフでのご参加も歓迎します。
面接ではなく相互理解の場ですので、
仕事内容や職場の雰囲気を気軽にお尋ねください。
平日夜間・早朝・土日の実施もご相談に応じます。

■ STEP 3　面接（対面またはWeb／1回のみ）
業務内容のご案内と、ご希望の働き方のお伺いをします。
ご希望の方にはオフィス見学や
現場スタッフとの対話の時間も設けます。

■ STEP 4　内定・条件面談
応募から内定まで最短1週間のスピード選考です。
入社日や勤務条件のご希望も調整いたします。

＝＝＝＝＝＝＝＝＝＝＝＝＝＝＝
【✧ご応募にあたって✧】

✔ 応募時に履歴書・職務経歴書は必要ありません
✔ 在職中の方も日程を調整できます
✔ 「話を聞いてみたい」だけのご応募も歓迎します

＝＝＝＝＝＝＝＝＝＝＝＝＝＝＝
【✧労働条件の明示✧】

■ 就業場所の変更の範囲
転勤はありません。本求人の勤務地での勤務となります。"
16,1655,大東建託株式会社,転勤なし◎フレックス制度で無理なく働ける土地活用提案営業,未経験｜土地活用の提案営業｜上尾市,"✦・━━━━━━━━━━━━━━━・✦
＼埼玉県上尾市で募集中／
オーナー様の「土地」を
価値ある一棟に変える提案営業◎
✦・━━━━━━━━━━━━━━━・✦

「専門知識がないと厳しいのでは？」

商談には必ず上司が同席するので、
知識も進め方も、現場で身につけていけます。

＝＝＝＝＝＝＝＝＝＝＝＝＝＝＝
【✧提案営業は、この3ステップ✧】

■ ① 訪問
土地オーナー様のもとへ伺い、商談の日程を決めます。

■ ② 商談
上司同席で、活用プランや契約条件を一緒に詰めます。

■ ③ ご契約
契約成立で、1件あたり最大225万円のインセンティブを支給。
賞与のタイミングでまとめて支給されます。

＝＝＝＝＝＝＝＝＝＝＝＝＝＝＝
【✨この仕事の魅力✨】

✅ 転勤・出張なし
会社が指定するエリアへの異動はありません。
今の生活拠点を変えずに働き続けられます。

✅ 商談は一人で抱え込まない
上司同席が前提なので、未経験でも
その場で相談しながら進められます。

✅ 研修制度あり
提案の組み立て方から、丁寧に学べます。

＝＝＝＝＝＝＝＝＝＝＝＝＝＝＝
【✔働き方✔】

✔ フレックスタイム制度（月平均所定労働時間160時間）
✔ 固定残業代なし（残業分は時間外勤務手当で別途支給）
✔ 社会保険完備（健康保険・厚生年金・雇用保険・労災保険）
✔ 試用期間なし

まずはお気軽にご応募ください。

案件No：1655","《✼この仕事の4つのポイント✼》

✅ ① 商談は必ず上司同席
未経験のうちから一人で商談に臨むことはありません。
提案内容や契約条件の詰め方も、その場でサポートしてもらえます。

✅ ② 頑張りが成果報酬に直結
1件成約につき最大225万円のインセンティブを支給。
賞与のタイミングでまとめて受け取れます。

✅ ③ 転勤・出張なし
会社が指定するエリアへの異動は一切ありません。
自分の希望する地域で働き続けられます。

✅ ④ フレックスタイム制度
月平均所定労働時間160時間の中で、
始業・終業の時間配分を自分で組み立てられます。

＝＝＝＝＝＝＝＝＝＝＝＝＝＝＝
《✼待遇もしっかり✼》

✔ 月給制（固定残業代なし／残業分は時間外勤務手当で別途支給）
✔ 資格手当・家族手当・職種手当・通勤手当・役職手当・勤続手当
✔ 社会保険完備（健康保険・厚生年金・雇用保険・労災保険）
✔ 試用期間なし
✔ 初年度想定年収：340万円〜700万円
✔ 年収例：中途入社9年目／固定年額650万円＋賞与710万円＝1360万円
✔ 保養所完備・定期健康診断・人間ドック補助・スポーツクラブ利用補助・
　財形貯蓄制度・確定拠出年金（401K）・永年勤続表彰・社内厚生行事補助","✦・━━━━━━━━━━━━━━━・✦
＼まずは話を聞くところから／
選考は面接1回、最短1週間で内定
✦・━━━━━━━━━━━━━━━・✦

＝＝＝＝＝＝＝＝＝＝＝＝＝＝＝
【✧選考の流れ✧】

■ STEP 1　Web応募（所要1分）
氏名と連絡先など、簡単な入力だけで完了します。
応募段階での履歴書・職務経歴書は不要です。

■ STEP 2　カジュアル面談（オンライン／20〜30分）
「まずは話を聞いてみたい」でOKです。
私服・画面オフでのご参加も歓迎します。
面接ではなく相互理解の場ですので、
仕事内容や職場の雰囲気を気軽にお尋ねください。
平日夜間・早朝・土日の実施もご相談に応じます。

■ STEP 3　面接（対面またはWeb／1回のみ）
業務内容のご案内と、ご希望の働き方のお伺いをします。
ご希望の方にはオフィス見学や
現場スタッフとの対話の時間も設けます。

■ STEP 4　内定・条件面談
応募から内定まで最短1週間のスピード選考です。
入社日や勤務条件のご希望も調整いたします。

＝＝＝＝＝＝＝＝＝＝＝＝＝＝＝
【✧ご応募にあたって✧】

✔ 応募時に履歴書・職務経歴書は必要ありません
✔ 在職中の方も日程を調整できます
✔ 「話を聞いてみたい」だけのご応募も歓迎します

＝＝＝＝＝＝＝＝＝＝＝＝＝＝＝
【✧労働条件の明示✧】

■ 就業場所の変更の範囲
転勤はありません。本求人の勤務地での勤務となります。"
17,1809,大東建託株式会社,転勤なし◎フレックス制度で無理なく働ける土地活用提案営業,未経験｜土地活用の提案営業｜池田市,"✦・━━━━━━━━━━━━━━━・✦
＼大阪府池田市で募集中／
土地オーナー様に「活用」を提案する
未経験からの営業職◎
✦・━━━━━━━━━━━━━━━・✦

「営業は未経験だから不安…」

そう感じる方ほど、まずは仕組みを知ってください。
商談には必ず上司が同席するので、
一人で判断を迫られる場面はありません。

＝＝＝＝＝＝＝＝＝＝＝＝＝＝＝
【✧提案営業は、この3ステップ✧】

■ ① 訪問
土地オーナー様のもとへ伺い、商談の日程を調整します。

■ ② 商談
上司が同席し、提案内容や契約条件をサポートします。

■ ③ ご契約
契約成立で、1件あたり最大225万円のインセンティブを支給。
賞与のタイミングでまとめて受け取れます。

＝＝＝＝＝＝＝＝＝＝＝＝＝＝＝
【✨この仕事の魅力✨】

✅ 商談は一人で抱え込まない
上司同席が前提なので、経験がなくても
その場で相談しながら進められます。

✅ 転勤・出張なし
会社が指定するエリアへの異動はありません。
自分の希望する地域で働き続けられます。

✅ 研修制度あり
商談の進め方や提案の組み立て方から学べます。

＝＝＝＝＝＝＝＝＝＝＝＝＝＝＝
【✔働き方✔】

✔ フレックスタイム制度（月平均所定労働時間160時間）
✔ 固定残業代なし（残業分は時間外勤務手当で別途支給）
✔ 社会保険完備（健康保険・厚生年金・雇用保険・労災保険）
✔ 試用期間なし

まずはお気軽にご応募ください。

案件No：1809","《✼この仕事の4つのポイント✼》

✅ ① 商談は必ず上司同席
未経験のうちから一人で商談に臨むことはありません。
提案内容や契約条件の詰め方も、その場でサポートしてもらえます。

✅ ② 頑張りが成果報酬に直結
1件成約につき最大225万円のインセンティブを支給。
賞与のタイミングでまとめて受け取れます。

✅ ③ 転勤・出張なし
会社が指定するエリアへの異動は一切ありません。
自分の希望する地域で働き続けられます。

✅ ④ フレックスタイム制度
月平均所定労働時間160時間の中で、
始業・終業の時間配分を自分で組み立てられます。

＝＝＝＝＝＝＝＝＝＝＝＝＝＝＝
《✼待遇もしっかり✼》

✔ 月給制（固定残業代なし／残業分は時間外勤務手当で別途支給）
✔ 資格手当・家族手当・職種手当・通勤手当・役職手当・勤続手当
✔ 社会保険完備（健康保険・厚生年金・雇用保険・労災保険）
✔ 試用期間なし
✔ 初年度想定年収：340万円〜700万円
✔ 年収例：中途入社9年目／固定年額650万円＋賞与710万円＝1360万円
✔ 保養所完備・定期健康診断・人間ドック補助・スポーツクラブ利用補助・
　財形貯蓄制度・確定拠出年金（401K）・永年勤続表彰・社内厚生行事補助","✦・━━━━━━━━━━━━━━━・✦
＼まずは話を聞くところから／
選考は面接1回、最短1週間で内定
✦・━━━━━━━━━━━━━━━・✦

＝＝＝＝＝＝＝＝＝＝＝＝＝＝＝
【✧選考の流れ✧】

■ STEP 1　Web応募（所要1分）
氏名と連絡先など、簡単な入力だけで完了します。
応募段階での履歴書・職務経歴書は不要です。

■ STEP 2　カジュアル面談（オンライン／20〜30分）
「まずは話を聞いてみたい」でOKです。
私服・画面オフでのご参加も歓迎します。
面接ではなく相互理解の場ですので、
仕事内容や職場の雰囲気を気軽にお尋ねください。
平日夜間・早朝・土日の実施もご相談に応じます。

■ STEP 3　面接（対面またはWeb／1回のみ）
業務内容のご案内と、ご希望の働き方のお伺いをします。
ご希望の方にはオフィス見学や
現場スタッフとの対話の時間も設けます。

■ STEP 4　内定・条件面談
応募から内定まで最短1週間のスピード選考です。
入社日や勤務条件のご希望も調整いたします。

＝＝＝＝＝＝＝＝＝＝＝＝＝＝＝
【✧ご応募にあたって✧】

✔ 応募時に履歴書・職務経歴書は必要ありません
✔ 在職中の方も日程を調整できます
✔ 「話を聞いてみたい」だけのご応募も歓迎します

＝＝＝＝＝＝＝＝＝＝＝＝＝＝＝
【✧労働条件の明示✧】

■ 就業場所の変更の範囲
転勤はありません。本求人の勤務地での勤務となります。"
18,2139,大東建託株式会社,転勤なし◎フレックス制度で無理なく働ける土地活用提案営業,未経験｜土地活用の提案営業｜刈谷市,"✦・━━━━━━━━━━━━━━━・✦
＼愛知県刈谷市で募集中／
""提案する力""が身につく
土地活用の営業職◎
✦・━━━━━━━━━━━━━━━・✦

「商談って一人でやるものでは？」

大東建託の商談は、必ず上司が同席します。
未経験のうちから一人で抱え込む場面はありません。

＝＝＝＝＝＝＝＝＝＝＝＝＝＝＝
【✧提案営業は、この3ステップ✧】

■ ① 訪問
土地オーナー様を訪ね、商談の日程を調整します。

■ ② 商談
上司同席のもと、活用プランや契約条件を提案します。

■ ③ ご契約
成約1件につき、最大225万円のインセンティブを支給。
賞与支給のタイミングでまとめて受け取れます。

＝＝＝＝＝＝＝＝＝＝＝＝＝＝＝
【✨この仕事の魅力✨】

✅ 頑張りが成果に直結
成約数に応じてインセンティブが上乗せされます。

✅ 研修制度あり
未経験からでも、提案の組み立て方を一から学べます。

✅ 転勤・出張なし
会社が指定するエリアへの異動はなく、
希望する地域で働き続けられます。

＝＝＝＝＝＝＝＝＝＝＝＝＝＝＝
【✔働き方✔】

✔ フレックスタイム制度（月平均所定労働時間160時間）
✔ 固定残業代なし（残業分は時間外勤務手当で別途支給）
✔ 社会保険完備（健康保険・厚生年金・雇用保険・労災保険）
✔ 試用期間なし

自分のペースで、一件ずつ丁寧に進めていける仕事です。

案件No：2139","《✼この仕事の4つのポイント✼》

✅ ① 商談は必ず上司同席
未経験のうちから一人で商談に臨むことはありません。
提案内容や契約条件の詰め方も、その場でサポートしてもらえます。

✅ ② 頑張りが成果報酬に直結
1件成約につき最大225万円のインセンティブを支給。
賞与のタイミングでまとめて受け取れます。

✅ ③ 転勤・出張なし
会社が指定するエリアへの異動は一切ありません。
自分の希望する地域で働き続けられます。

✅ ④ フレックスタイム制度
月平均所定労働時間160時間の中で、
始業・終業の時間配分を自分で組み立てられます。

＝＝＝＝＝＝＝＝＝＝＝＝＝＝＝
《✼待遇もしっかり✼》

✔ 月給制（固定残業代なし／残業分は時間外勤務手当で別途支給）
✔ 資格手当・家族手当・職種手当・通勤手当・役職手当・勤続手当
✔ 社会保険完備（健康保険・厚生年金・雇用保険・労災保険）
✔ 試用期間なし
✔ 初年度想定年収：340万円〜700万円
✔ 年収例：中途入社9年目／固定年額650万円＋賞与710万円＝1360万円
✔ 保養所完備・定期健康診断・人間ドック補助・スポーツクラブ利用補助・
　財形貯蓄制度・確定拠出年金（401K）・永年勤続表彰・社内厚生行事補助","✦・━━━━━━━━━━━━━━━・✦
＼まずは話を聞くところから／
選考は面接1回、最短1週間で内定
✦・━━━━━━━━━━━━━━━・✦

＝＝＝＝＝＝＝＝＝＝＝＝＝＝＝
【✧選考の流れ✧】

■ STEP 1　Web応募（所要1分）
氏名と連絡先など、簡単な入力だけで完了します。
応募段階での履歴書・職務経歴書は不要です。

■ STEP 2　カジュアル面談（オンライン／20〜30分）
「まずは話を聞いてみたい」でOKです。
私服・画面オフでのご参加も歓迎します。
面接ではなく相互理解の場ですので、
仕事内容や職場の雰囲気を気軽にお尋ねください。
平日夜間・早朝・土日の実施もご相談に応じます。

■ STEP 3　面接（対面またはWeb／1回のみ）
業務内容のご案内と、ご希望の働き方のお伺いをします。
ご希望の方にはオフィス見学や
現場スタッフとの対話の時間も設けます。

■ STEP 4　内定・条件面談
応募から内定まで最短1週間のスピード選考です。
入社日や勤務条件のご希望も調整いたします。

＝＝＝＝＝＝＝＝＝＝＝＝＝＝＝
【✧ご応募にあたって✧】

✔ 応募時に履歴書・職務経歴書は必要ありません
✔ 在職中の方も日程を調整できます
✔ 「話を聞いてみたい」だけのご応募も歓迎します

＝＝＝＝＝＝＝＝＝＝＝＝＝＝＝
【✧労働条件の明示✧】

■ 就業場所の変更の範囲
転勤はありません。本求人の勤務地での勤務となります。"
19,1910,大東建託株式会社,転勤なし◎フレックス制度で無理なく働ける土地活用提案営業,未経験｜土地活用の提案営業｜川越市,"✦・━━━━━━━━━━━━━━━・✦
＼埼玉県川越市で募集中／
オーナー様の「土地」を
価値ある一棟に変える提案営業◎
✦・━━━━━━━━━━━━━━━・✦

「専門知識がないと厳しいのでは？」

商談には必ず上司が同席するので、
知識も進め方も、現場で身につけていけます。

＝＝＝＝＝＝＝＝＝＝＝＝＝＝＝
【✧提案営業は、この3ステップ✧】

■ ① 訪問
土地オーナー様のもとへ伺い、商談の日程を決めます。

■ ② 商談
上司同席で、活用プランや契約条件を一緒に詰めます。

■ ③ ご契約
契約成立で、1件あたり最大225万円のインセンティブを支給。
賞与のタイミングでまとめて支給されます。

＝＝＝＝＝＝＝＝＝＝＝＝＝＝＝
【✨この仕事の魅力✨】

✅ 転勤・出張なし
会社が指定するエリアへの異動はありません。
今の生活拠点を変えずに働き続けられます。

✅ 商談は一人で抱え込まない
上司同席が前提なので、未経験でも
その場で相談しながら進められます。

✅ 研修制度あり
提案の組み立て方から、丁寧に学べます。

＝＝＝＝＝＝＝＝＝＝＝＝＝＝＝
【✔働き方✔】

✔ フレックスタイム制度（月平均所定労働時間160時間）
✔ 固定残業代なし（残業分は時間外勤務手当で別途支給）
✔ 社会保険完備（健康保険・厚生年金・雇用保険・労災保険）
✔ 試用期間なし

まずはお気軽にご応募ください。

案件No：1910","《✼この仕事の4つのポイント✼》

✅ ① 商談は必ず上司同席
未経験のうちから一人で商談に臨むことはありません。
提案内容や契約条件の詰め方も、その場でサポートしてもらえます。

✅ ② 頑張りが成果報酬に直結
1件成約につき最大225万円のインセンティブを支給。
賞与のタイミングでまとめて受け取れます。

✅ ③ 転勤・出張なし
会社が指定するエリアへの異動は一切ありません。
自分の希望する地域で働き続けられます。

✅ ④ フレックスタイム制度
月平均所定労働時間160時間の中で、
始業・終業の時間配分を自分で組み立てられます。

＝＝＝＝＝＝＝＝＝＝＝＝＝＝＝
《✼待遇もしっかり✼》

✔ 月給制（固定残業代なし／残業分は時間外勤務手当で別途支給）
✔ 資格手当・家族手当・職種手当・通勤手当・役職手当・勤続手当
✔ 社会保険完備（健康保険・厚生年金・雇用保険・労災保険）
✔ 試用期間なし
✔ 初年度想定年収：340万円〜700万円
✔ 年収例：中途入社9年目／固定年額650万円＋賞与710万円＝1360万円
✔ 保養所完備・定期健康診断・人間ドック補助・スポーツクラブ利用補助・
　財形貯蓄制度・確定拠出年金（401K）・永年勤続表彰・社内厚生行事補助","✦・━━━━━━━━━━━━━━━・✦
＼まずは話を聞くところから／
選考は面接1回、最短1週間で内定
✦・━━━━━━━━━━━━━━━・✦

＝＝＝＝＝＝＝＝＝＝＝＝＝＝＝
【✧選考の流れ✧】

■ STEP 1　Web応募（所要1分）
氏名と連絡先など、簡単な入力だけで完了します。
応募段階での履歴書・職務経歴書は不要です。

■ STEP 2　カジュアル面談（オンライン／20〜30分）
「まずは話を聞いてみたい」でOKです。
私服・画面オフでのご参加も歓迎します。
面接ではなく相互理解の場ですので、
仕事内容や職場の雰囲気を気軽にお尋ねください。
平日夜間・早朝・土日の実施もご相談に応じます。

■ STEP 3　面接（対面またはWeb／1回のみ）
業務内容のご案内と、ご希望の働き方のお伺いをします。
ご希望の方にはオフィス見学や
現場スタッフとの対話の時間も設けます。

■ STEP 4　内定・条件面談
応募から内定まで最短1週間のスピード選考です。
入社日や勤務条件のご希望も調整いたします。

＝＝＝＝＝＝＝＝＝＝＝＝＝＝＝
【✧ご応募にあたって✧】

✔ 応募時に履歴書・職務経歴書は必要ありません
✔ 在職中の方も日程を調整できます
✔ 「話を聞いてみたい」だけのご応募も歓迎します

＝＝＝＝＝＝＝＝＝＝＝＝＝＝＝
【✧労働条件の明示✧】

■ 就業場所の変更の範囲
転勤はありません。本求人の勤務地での勤務となります。"
20,2448,大東建託株式会社,転勤なし◎フレックス制度で無理なく働ける土地活用提案営業,未経験｜土地活用の提案営業｜墨田区,"✦・━━━━━━━━━━━━━━━・✦
＼東京都墨田区で募集中／
土地オーナー様に「活用」を提案する
未経験からの営業職◎
✦・━━━━━━━━━━━━━━━・✦

「営業は未経験だから不安…」

そう感じる方ほど、まずは仕組みを知ってください。
商談には必ず上司が同席するので、
一人で判断を迫られる場面はありません。

＝＝＝＝＝＝＝＝＝＝＝＝＝＝＝
【✧提案営業は、この3ステップ✧】

■ ① 訪問
土地オーナー様のもとへ伺い、商談の日程を調整します。

■ ② 商談
上司が同席し、提案内容や契約条件をサポートします。

■ ③ ご契約
契約成立で、1件あたり最大225万円のインセンティブを支給。
賞与のタイミングでまとめて受け取れます。

＝＝＝＝＝＝＝＝＝＝＝＝＝＝＝
【✨この仕事の魅力✨】

✅ 商談は一人で抱え込まない
上司同席が前提なので、経験がなくても
その場で相談しながら進められます。

✅ 転勤・出張なし
会社が指定するエリアへの異動はありません。
自分の希望する地域で働き続けられます。

✅ 研修制度あり
商談の進め方や提案の組み立て方から学べます。

＝＝＝＝＝＝＝＝＝＝＝＝＝＝＝
【✔働き方✔】

✔ フレックスタイム制度（月平均所定労働時間160時間）
✔ 固定残業代なし（残業分は時間外勤務手当で別途支給）
✔ 社会保険完備（健康保険・厚生年金・雇用保険・労災保険）
✔ 試用期間なし

まずはお気軽にご応募ください。

案件No：2448","《✼この仕事の4つのポイント✼》

✅ ① 商談は必ず上司同席
未経験のうちから一人で商談に臨むことはありません。
提案内容や契約条件の詰め方も、その場でサポートしてもらえます。

✅ ② 頑張りが成果報酬に直結
1件成約につき最大225万円のインセンティブを支給。
賞与のタイミングでまとめて受け取れます。

✅ ③ 転勤・出張なし
会社が指定するエリアへの異動は一切ありません。
自分の希望する地域で働き続けられます。

✅ ④ フレックスタイム制度
月平均所定労働時間160時間の中で、
始業・終業の時間配分を自分で組み立てられます。

＝＝＝＝＝＝＝＝＝＝＝＝＝＝＝
《✼待遇もしっかり✼》

✔ 月給制（固定残業代なし／残業分は時間外勤務手当で別途支給）
✔ 資格手当・家族手当・職種手当・通勤手当・役職手当・勤続手当
✔ 社会保険完備（健康保険・厚生年金・雇用保険・労災保険）
✔ 試用期間なし
✔ 初年度想定年収：340万円〜700万円
✔ 年収例：中途入社9年目／固定年額650万円＋賞与710万円＝1360万円
✔ 保養所完備・定期健康診断・人間ドック補助・スポーツクラブ利用補助・
　財形貯蓄制度・確定拠出年金（401K）・永年勤続表彰・社内厚生行事補助","✦・━━━━━━━━━━━━━━━・✦
＼まずは話を聞くところから／
選考は面接1回、最短1週間で内定
✦・━━━━━━━━━━━━━━━・✦

＝＝＝＝＝＝＝＝＝＝＝＝＝＝＝
【✧選考の流れ✧】

■ STEP 1　Web応募（所要1分）
氏名と連絡先など、簡単な入力だけで完了します。
応募段階での履歴書・職務経歴書は不要です。

■ STEP 2　カジュアル面談（オンライン／20〜30分）
「まずは話を聞いてみたい」でOKです。
私服・画面オフでのご参加も歓迎します。
面接ではなく相互理解の場ですので、
仕事内容や職場の雰囲気を気軽にお尋ねください。
平日夜間・早朝・土日の実施もご相談に応じます。

■ STEP 3　面接（対面またはWeb／1回のみ）
業務内容のご案内と、ご希望の働き方のお伺いをします。
ご希望の方にはオフィス見学や
現場スタッフとの対話の時間も設けます。

■ STEP 4　内定・条件面談
応募から内定まで最短1週間のスピード選考です。
入社日や勤務条件のご希望も調整いたします。

＝＝＝＝＝＝＝＝＝＝＝＝＝＝＝
【✧ご応募にあたって✧】

✔ 応募時に履歴書・職務経歴書は必要ありません
✔ 在職中の方も日程を調整できます
✔ 「話を聞いてみたい」だけのご応募も歓迎します

＝＝＝＝＝＝＝＝＝＝＝＝＝＝＝
【✧労働条件の明示✧】

■ 就業場所の変更の範囲
転勤はありません。本求人の勤務地での勤務となります。"
21,1441,大東建託株式会社,転勤なし◎フレックス制度で無理なく働ける土地活用提案営業,未経験｜土地活用の提案営業｜岩倉市,"✦・━━━━━━━━━━━━━━━・✦
＼愛知県岩倉市で募集中／
""提案する力""が身につく
土地活用の営業職◎
✦・━━━━━━━━━━━━━━━・✦

「商談って一人でやるものでは？」

大東建託の商談は、必ず上司が同席します。
未経験のうちから一人で抱え込む場面はありません。

＝＝＝＝＝＝＝＝＝＝＝＝＝＝＝
【✧提案営業は、この3ステップ✧】

■ ① 訪問
土地オーナー様を訪ね、商談の日程を調整します。

■ ② 商談
上司同席のもと、活用プランや契約条件を提案します。

■ ③ ご契約
成約1件につき、最大225万円のインセンティブを支給。
賞与支給のタイミングでまとめて受け取れます。

＝＝＝＝＝＝＝＝＝＝＝＝＝＝＝
【✨この仕事の魅力✨】

✅ 頑張りが成果に直結
成約数に応じてインセンティブが上乗せされます。

✅ 研修制度あり
未経験からでも、提案の組み立て方を一から学べます。

✅ 転勤・出張なし
会社が指定するエリアへの異動はなく、
希望する地域で働き続けられます。

＝＝＝＝＝＝＝＝＝＝＝＝＝＝＝
【✔働き方✔】

✔ フレックスタイム制度（月平均所定労働時間160時間）
✔ 固定残業代なし（残業分は時間外勤務手当で別途支給）
✔ 社会保険完備（健康保険・厚生年金・雇用保険・労災保険）
✔ 試用期間なし

自分のペースで、一件ずつ丁寧に進めていける仕事です。

案件No：1441","《✼この仕事の4つのポイント✼》

✅ ① 商談は必ず上司同席
未経験のうちから一人で商談に臨むことはありません。
提案内容や契約条件の詰め方も、その場でサポートしてもらえます。

✅ ② 頑張りが成果報酬に直結
1件成約につき最大225万円のインセンティブを支給。
賞与のタイミングでまとめて受け取れます。

✅ ③ 転勤・出張なし
会社が指定するエリアへの異動は一切ありません。
自分の希望する地域で働き続けられます。

✅ ④ フレックスタイム制度
月平均所定労働時間160時間の中で、
始業・終業の時間配分を自分で組み立てられます。

＝＝＝＝＝＝＝＝＝＝＝＝＝＝＝
《✼待遇もしっかり✼》

✔ 月給制（固定残業代なし／残業分は時間外勤務手当で別途支給）
✔ 資格手当・家族手当・職種手当・通勤手当・役職手当・勤続手当
✔ 社会保険完備（健康保険・厚生年金・雇用保険・労災保険）
✔ 試用期間なし
✔ 初年度想定年収：340万円〜700万円
✔ 年収例：中途入社9年目／固定年額650万円＋賞与710万円＝1360万円
✔ 保養所完備・定期健康診断・人間ドック補助・スポーツクラブ利用補助・
　財形貯蓄制度・確定拠出年金（401K）・永年勤続表彰・社内厚生行事補助","✦・━━━━━━━━━━━━━━━・✦
＼まずは話を聞くところから／
選考は面接1回、最短1週間で内定
✦・━━━━━━━━━━━━━━━・✦

＝＝＝＝＝＝＝＝＝＝＝＝＝＝＝
【✧選考の流れ✧】

■ STEP 1　Web応募（所要1分）
氏名と連絡先など、簡単な入力だけで完了します。
応募段階での履歴書・職務経歴書は不要です。

■ STEP 2　カジュアル面談（オンライン／20〜30分）
「まずは話を聞いてみたい」でOKです。
私服・画面オフでのご参加も歓迎します。
面接ではなく相互理解の場ですので、
仕事内容や職場の雰囲気を気軽にお尋ねください。
平日夜間・早朝・土日の実施もご相談に応じます。

■ STEP 3　面接（対面またはWeb／1回のみ）
業務内容のご案内と、ご希望の働き方のお伺いをします。
ご希望の方にはオフィス見学や
現場スタッフとの対話の時間も設けます。

■ STEP 4　内定・条件面談
応募から内定まで最短1週間のスピード選考です。
入社日や勤務条件のご希望も調整いたします。

＝＝＝＝＝＝＝＝＝＝＝＝＝＝＝
【✧ご応募にあたって✧】

✔ 応募時に履歴書・職務経歴書は必要ありません
✔ 在職中の方も日程を調整できます
✔ 「話を聞いてみたい」だけのご応募も歓迎します

＝＝＝＝＝＝＝＝＝＝＝＝＝＝＝
【✧労働条件の明示✧】

■ 就業場所の変更の範囲
転勤はありません。本求人の勤務地での勤務となります。"
22,1405,大東建託株式会社,転勤なし◎フレックス制度で無理なく働ける土地活用提案営業,未経験｜土地活用の提案営業｜春日井市,"✦・━━━━━━━━━━━━━━━・✦
＼愛知県春日井市で募集中／
オーナー様の「土地」を
価値ある一棟に変える提案営業◎
✦・━━━━━━━━━━━━━━━・✦

「専門知識がないと厳しいのでは？」

商談には必ず上司が同席するので、
知識も進め方も、現場で身につけていけます。

＝＝＝＝＝＝＝＝＝＝＝＝＝＝＝
【✧提案営業は、この3ステップ✧】

■ ① 訪問
土地オーナー様のもとへ伺い、商談の日程を決めます。

■ ② 商談
上司同席で、活用プランや契約条件を一緒に詰めます。

■ ③ ご契約
契約成立で、1件あたり最大225万円のインセンティブを支給。
賞与のタイミングでまとめて支給されます。

＝＝＝＝＝＝＝＝＝＝＝＝＝＝＝
【✨この仕事の魅力✨】

✅ 転勤・出張なし
会社が指定するエリアへの異動はありません。
今の生活拠点を変えずに働き続けられます。

✅ 商談は一人で抱え込まない
上司同席が前提なので、未経験でも
その場で相談しながら進められます。

✅ 研修制度あり
提案の組み立て方から、丁寧に学べます。

＝＝＝＝＝＝＝＝＝＝＝＝＝＝＝
【✔働き方✔】

✔ フレックスタイム制度（月平均所定労働時間160時間）
✔ 固定残業代なし（残業分は時間外勤務手当で別途支給）
✔ 社会保険完備（健康保険・厚生年金・雇用保険・労災保険）
✔ 試用期間なし

まずはお気軽にご応募ください。

案件No：1405","《✼この仕事の4つのポイント✼》

✅ ① 商談は必ず上司同席
未経験のうちから一人で商談に臨むことはありません。
提案内容や契約条件の詰め方も、その場でサポートしてもらえます。

✅ ② 頑張りが成果報酬に直結
1件成約につき最大225万円のインセンティブを支給。
賞与のタイミングでまとめて受け取れます。

✅ ③ 転勤・出張なし
会社が指定するエリアへの異動は一切ありません。
自分の希望する地域で働き続けられます。

✅ ④ フレックスタイム制度
月平均所定労働時間160時間の中で、
始業・終業の時間配分を自分で組み立てられます。

＝＝＝＝＝＝＝＝＝＝＝＝＝＝＝
《✼待遇もしっかり✼》

✔ 月給制（固定残業代なし／残業分は時間外勤務手当で別途支給）
✔ 資格手当・家族手当・職種手当・通勤手当・役職手当・勤続手当
✔ 社会保険完備（健康保険・厚生年金・雇用保険・労災保険）
✔ 試用期間なし
✔ 初年度想定年収：340万円〜700万円
✔ 年収例：中途入社9年目／固定年額650万円＋賞与710万円＝1360万円
✔ 保養所完備・定期健康診断・人間ドック補助・スポーツクラブ利用補助・
　財形貯蓄制度・確定拠出年金（401K）・永年勤続表彰・社内厚生行事補助","✦・━━━━━━━━━━━━━━━・✦
＼まずは話を聞くところから／
選考は面接1回、最短1週間で内定
✦・━━━━━━━━━━━━━━━・✦

＝＝＝＝＝＝＝＝＝＝＝＝＝＝＝
【✧選考の流れ✧】

■ STEP 1　Web応募（所要1分）
氏名と連絡先など、簡単な入力だけで完了します。
応募段階での履歴書・職務経歴書は不要です。

■ STEP 2　カジュアル面談（オンライン／20〜30分）
「まずは話を聞いてみたい」でOKです。
私服・画面オフでのご参加も歓迎します。
面接ではなく相互理解の場ですので、
仕事内容や職場の雰囲気を気軽にお尋ねください。
平日夜間・早朝・土日の実施もご相談に応じます。

■ STEP 3　面接（対面またはWeb／1回のみ）
業務内容のご案内と、ご希望の働き方のお伺いをします。
ご希望の方にはオフィス見学や
現場スタッフとの対話の時間も設けます。

■ STEP 4　内定・条件面談
応募から内定まで最短1週間のスピード選考です。
入社日や勤務条件のご希望も調整いたします。

＝＝＝＝＝＝＝＝＝＝＝＝＝＝＝
【✧ご応募にあたって✧】

✔ 応募時に履歴書・職務経歴書は必要ありません
✔ 在職中の方も日程を調整できます
✔ 「話を聞いてみたい」だけのご応募も歓迎します

＝＝＝＝＝＝＝＝＝＝＝＝＝＝＝
【✧労働条件の明示✧】

■ 就業場所の変更の範囲
転勤はありません。本求人の勤務地での勤務となります。"
23,1505,大東建託株式会社,転勤なし◎フレックス制度で無理なく働ける土地活用提案営業,未経験｜土地活用の提案営業｜白岡市,"✦・━━━━━━━━━━━━━━━・✦
＼埼玉県白岡市で募集中／
土地オーナー様に「活用」を提案する
未経験からの営業職◎
✦・━━━━━━━━━━━━━━━・✦

「営業は未経験だから不安…」

そう感じる方ほど、まずは仕組みを知ってください。
商談には必ず上司が同席するので、
一人で判断を迫られる場面はありません。

＝＝＝＝＝＝＝＝＝＝＝＝＝＝＝
【✧提案営業は、この3ステップ✧】

■ ① 訪問
土地オーナー様のもとへ伺い、商談の日程を調整します。

■ ② 商談
上司が同席し、提案内容や契約条件をサポートします。

■ ③ ご契約
契約成立で、1件あたり最大225万円のインセンティブを支給。
賞与のタイミングでまとめて受け取れます。

＝＝＝＝＝＝＝＝＝＝＝＝＝＝＝
【✨この仕事の魅力✨】

✅ 商談は一人で抱え込まない
上司同席が前提なので、経験がなくても
その場で相談しながら進められます。

✅ 転勤・出張なし
会社が指定するエリアへの異動はありません。
自分の希望する地域で働き続けられます。

✅ 研修制度あり
商談の進め方や提案の組み立て方から学べます。

＝＝＝＝＝＝＝＝＝＝＝＝＝＝＝
【✔働き方✔】

✔ フレックスタイム制度（月平均所定労働時間160時間）
✔ 固定残業代なし（残業分は時間外勤務手当で別途支給）
✔ 社会保険完備（健康保険・厚生年金・雇用保険・労災保険）
✔ 試用期間なし

まずはお気軽にご応募ください。

案件No：1505","《✼この仕事の4つのポイント✼》

✅ ① 商談は必ず上司同席
未経験のうちから一人で商談に臨むことはありません。
提案内容や契約条件の詰め方も、その場でサポートしてもらえます。

✅ ② 頑張りが成果報酬に直結
1件成約につき最大225万円のインセンティブを支給。
賞与のタイミングでまとめて受け取れます。

✅ ③ 転勤・出張なし
会社が指定するエリアへの異動は一切ありません。
自分の希望する地域で働き続けられます。

✅ ④ フレックスタイム制度
月平均所定労働時間160時間の中で、
始業・終業の時間配分を自分で組み立てられます。

＝＝＝＝＝＝＝＝＝＝＝＝＝＝＝
《✼待遇もしっかり✼》

✔ 月給制（固定残業代なし／残業分は時間外勤務手当で別途支給）
✔ 資格手当・家族手当・職種手当・通勤手当・役職手当・勤続手当
✔ 社会保険完備（健康保険・厚生年金・雇用保険・労災保険）
✔ 試用期間なし
✔ 初年度想定年収：340万円〜700万円
✔ 年収例：中途入社9年目／固定年額650万円＋賞与710万円＝1360万円
✔ 保養所完備・定期健康診断・人間ドック補助・スポーツクラブ利用補助・
　財形貯蓄制度・確定拠出年金（401K）・永年勤続表彰・社内厚生行事補助","✦・━━━━━━━━━━━━━━━・✦
＼まずは話を聞くところから／
選考は面接1回、最短1週間で内定
✦・━━━━━━━━━━━━━━━・✦

＝＝＝＝＝＝＝＝＝＝＝＝＝＝＝
【✧選考の流れ✧】

■ STEP 1　Web応募（所要1分）
氏名と連絡先など、簡単な入力だけで完了します。
応募段階での履歴書・職務経歴書は不要です。

■ STEP 2　カジュアル面談（オンライン／20〜30分）
「まずは話を聞いてみたい」でOKです。
私服・画面オフでのご参加も歓迎します。
面接ではなく相互理解の場ですので、
仕事内容や職場の雰囲気を気軽にお尋ねください。
平日夜間・早朝・土日の実施もご相談に応じます。

■ STEP 3　面接（対面またはWeb／1回のみ）
業務内容のご案内と、ご希望の働き方のお伺いをします。
ご希望の方にはオフィス見学や
現場スタッフとの対話の時間も設けます。

■ STEP 4　内定・条件面談
応募から内定まで最短1週間のスピード選考です。
入社日や勤務条件のご希望も調整いたします。

＝＝＝＝＝＝＝＝＝＝＝＝＝＝＝
【✧ご応募にあたって✧】

✔ 応募時に履歴書・職務経歴書は必要ありません
✔ 在職中の方も日程を調整できます
✔ 「話を聞いてみたい」だけのご応募も歓迎します

＝＝＝＝＝＝＝＝＝＝＝＝＝＝＝
【✧労働条件の明示✧】

■ 就業場所の変更の範囲
転勤はありません。本求人の勤務地での勤務となります。"
24,1286,大東建託株式会社,転勤なし◎フレックス制度で無理なく働ける土地活用提案営業,未経験｜土地活用の提案営業｜盛岡市,"✦・━━━━━━━━━━━━━━━・✦
＼岩手県盛岡市で募集中／
""提案する力""が身につく
土地活用の営業職◎
✦・━━━━━━━━━━━━━━━・✦

「商談って一人でやるものでは？」

大東建託の商談は、必ず上司が同席します。
未経験のうちから一人で抱え込む場面はありません。

＝＝＝＝＝＝＝＝＝＝＝＝＝＝＝
【✧提案営業は、この3ステップ✧】

■ ① 訪問
土地オーナー様を訪ね、商談の日程を調整します。

■ ② 商談
上司同席のもと、活用プランや契約条件を提案します。

■ ③ ご契約
成約1件につき、最大225万円のインセンティブを支給。
賞与支給のタイミングでまとめて受け取れます。

＝＝＝＝＝＝＝＝＝＝＝＝＝＝＝
【✨この仕事の魅力✨】

✅ 頑張りが成果に直結
成約数に応じてインセンティブが上乗せされます。

✅ 研修制度あり
未経験からでも、提案の組み立て方を一から学べます。

✅ 転勤・出張なし
会社が指定するエリアへの異動はなく、
希望する地域で働き続けられます。

＝＝＝＝＝＝＝＝＝＝＝＝＝＝＝
【✔働き方✔】

✔ フレックスタイム制度（月平均所定労働時間160時間）
✔ 固定残業代なし（残業分は時間外勤務手当で別途支給）
✔ 社会保険完備（健康保険・厚生年金・雇用保険・労災保険）
✔ 試用期間なし

自分のペースで、一件ずつ丁寧に進めていける仕事です。

案件No：1286","《✼この仕事の4つのポイント✼》

✅ ① 商談は必ず上司同席
未経験のうちから一人で商談に臨むことはありません。
提案内容や契約条件の詰め方も、その場でサポートしてもらえます。

✅ ② 頑張りが成果報酬に直結
1件成約につき最大225万円のインセンティブを支給。
賞与のタイミングでまとめて受け取れます。

✅ ③ 転勤・出張なし
会社が指定するエリアへの異動は一切ありません。
自分の希望する地域で働き続けられます。

✅ ④ フレックスタイム制度
月平均所定労働時間160時間の中で、
始業・終業の時間配分を自分で組み立てられます。

＝＝＝＝＝＝＝＝＝＝＝＝＝＝＝
《✼待遇もしっかり✼》

✔ 月給制（固定残業代なし／残業分は時間外勤務手当で別途支給）
✔ 資格手当・家族手当・職種手当・通勤手当・役職手当・勤続手当
✔ 社会保険完備（健康保険・厚生年金・雇用保険・労災保険）
✔ 試用期間なし
✔ 初年度想定年収：340万円〜700万円
✔ 年収例：中途入社9年目／固定年額650万円＋賞与710万円＝1360万円
✔ 保養所完備・定期健康診断・人間ドック補助・スポーツクラブ利用補助・
　財形貯蓄制度・確定拠出年金（401K）・永年勤続表彰・社内厚生行事補助","✦・━━━━━━━━━━━━━━━・✦
＼まずは話を聞くところから／
選考は面接1回、最短1週間で内定
✦・━━━━━━━━━━━━━━━・✦

＝＝＝＝＝＝＝＝＝＝＝＝＝＝＝
【✧選考の流れ✧】

■ STEP 1　Web応募（所要1分）
氏名と連絡先など、簡単な入力だけで完了します。
応募段階での履歴書・職務経歴書は不要です。

■ STEP 2　カジュアル面談（オンライン／20〜30分）
「まずは話を聞いてみたい」でOKです。
私服・画面オフでのご参加も歓迎します。
面接ではなく相互理解の場ですので、
仕事内容や職場の雰囲気を気軽にお尋ねください。
平日夜間・早朝・土日の実施もご相談に応じます。

■ STEP 3　面接（対面またはWeb／1回のみ）
業務内容のご案内と、ご希望の働き方のお伺いをします。
ご希望の方にはオフィス見学や
現場スタッフとの対話の時間も設けます。

■ STEP 4　内定・条件面談
応募から内定まで最短1週間のスピード選考です。
入社日や勤務条件のご希望も調整いたします。

＝＝＝＝＝＝＝＝＝＝＝＝＝＝＝
【✧ご応募にあたって✧】

✔ 応募時に履歴書・職務経歴書は必要ありません
✔ 在職中の方も日程を調整できます
✔ 「話を聞いてみたい」だけのご応募も歓迎します

＝＝＝＝＝＝＝＝＝＝＝＝＝＝＝
【✧労働条件の明示✧】

■ 就業場所の変更の範囲
転勤はありません。本求人の勤務地での勤務となります。"
25,2477,大東建託株式会社,転勤なし◎フレックス制度で無理なく働ける土地活用提案営業,未経験｜土地活用の提案営業｜古賀市,"✦・━━━━━━━━━━━━━━━・✦
＼福岡県古賀市で募集中／
オーナー様の「土地」を
価値ある一棟に変える提案営業◎
✦・━━━━━━━━━━━━━━━・✦

「専門知識がないと厳しいのでは？」

商談には必ず上司が同席するので、
知識も進め方も、現場で身につけていけます。

＝＝＝＝＝＝＝＝＝＝＝＝＝＝＝
【✧提案営業は、この3ステップ✧】

■ ① 訪問
土地オーナー様のもとへ伺い、商談の日程を決めます。

■ ② 商談
上司同席で、活用プランや契約条件を一緒に詰めます。

■ ③ ご契約
契約成立で、1件あたり最大225万円のインセンティブを支給。
賞与のタイミングでまとめて支給されます。

＝＝＝＝＝＝＝＝＝＝＝＝＝＝＝
【✨この仕事の魅力✨】

✅ 転勤・出張なし
会社が指定するエリアへの異動はありません。
今の生活拠点を変えずに働き続けられます。

✅ 商談は一人で抱え込まない
上司同席が前提なので、未経験でも
その場で相談しながら進められます。

✅ 研修制度あり
提案の組み立て方から、丁寧に学べます。

＝＝＝＝＝＝＝＝＝＝＝＝＝＝＝
【✔働き方✔】

✔ フレックスタイム制度（月平均所定労働時間160時間）
✔ 固定残業代なし（残業分は時間外勤務手当で別途支給）
✔ 社会保険完備（健康保険・厚生年金・雇用保険・労災保険）
✔ 試用期間なし

まずはお気軽にご応募ください。

案件No：2477","《✼この仕事の4つのポイント✼》

✅ ① 商談は必ず上司同席
未経験のうちから一人で商談に臨むことはありません。
提案内容や契約条件の詰め方も、その場でサポートしてもらえます。

✅ ② 頑張りが成果報酬に直結
1件成約につき最大225万円のインセンティブを支給。
賞与のタイミングでまとめて受け取れます。

✅ ③ 転勤・出張なし
会社が指定するエリアへの異動は一切ありません。
自分の希望する地域で働き続けられます。

✅ ④ フレックスタイム制度
月平均所定労働時間160時間の中で、
始業・終業の時間配分を自分で組み立てられます。

＝＝＝＝＝＝＝＝＝＝＝＝＝＝＝
《✼待遇もしっかり✼》

✔ 月給制（固定残業代なし／残業分は時間外勤務手当で別途支給）
✔ 資格手当・家族手当・職種手当・通勤手当・役職手当・勤続手当
✔ 社会保険完備（健康保険・厚生年金・雇用保険・労災保険）
✔ 試用期間なし
✔ 初年度想定年収：340万円〜700万円
✔ 年収例：中途入社9年目／固定年額650万円＋賞与710万円＝1360万円
✔ 保養所完備・定期健康診断・人間ドック補助・スポーツクラブ利用補助・
　財形貯蓄制度・確定拠出年金（401K）・永年勤続表彰・社内厚生行事補助","✦・━━━━━━━━━━━━━━━・✦
＼まずは話を聞くところから／
選考は面接1回、最短1週間で内定
✦・━━━━━━━━━━━━━━━・✦

＝＝＝＝＝＝＝＝＝＝＝＝＝＝＝
【✧選考の流れ✧】

■ STEP 1　Web応募（所要1分）
氏名と連絡先など、簡単な入力だけで完了します。
応募段階での履歴書・職務経歴書は不要です。

■ STEP 2　カジュアル面談（オンライン／20〜30分）
「まずは話を聞いてみたい」でOKです。
私服・画面オフでのご参加も歓迎します。
面接ではなく相互理解の場ですので、
仕事内容や職場の雰囲気を気軽にお尋ねください。
平日夜間・早朝・土日の実施もご相談に応じます。

■ STEP 3　面接（対面またはWeb／1回のみ）
業務内容のご案内と、ご希望の働き方のお伺いをします。
ご希望の方にはオフィス見学や
現場スタッフとの対話の時間も設けます。

■ STEP 4　内定・条件面談
応募から内定まで最短1週間のスピード選考です。
入社日や勤務条件のご希望も調整いたします。

＝＝＝＝＝＝＝＝＝＝＝＝＝＝＝
【✧ご応募にあたって✧】

✔ 応募時に履歴書・職務経歴書は必要ありません
✔ 在職中の方も日程を調整できます
✔ 「話を聞いてみたい」だけのご応募も歓迎します

＝＝＝＝＝＝＝＝＝＝＝＝＝＝＝
【✧労働条件の明示✧】

■ 就業場所の変更の範囲
転勤はありません。本求人の勤務地での勤務となります。"
26,252,大東建託株式会社,転勤なし◎フレックス制度で無理なく働ける土地活用提案営業,未経験｜土地活用の提案営業｜相模原市中央区,"✦・━━━━━━━━━━━━━━━・✦
＼神奈川県相模原市中央区で募集中／
土地オーナー様に「活用」を提案する
未経験からの営業職◎
✦・━━━━━━━━━━━━━━━・✦

「営業は未経験だから不安…」

そう感じる方ほど、まずは仕組みを知ってください。
商談には必ず上司が同席するので、
一人で判断を迫られる場面はありません。

＝＝＝＝＝＝＝＝＝＝＝＝＝＝＝
【✧提案営業は、この3ステップ✧】

■ ① 訪問
土地オーナー様のもとへ伺い、商談の日程を調整します。

■ ② 商談
上司が同席し、提案内容や契約条件をサポートします。

■ ③ ご契約
契約成立で、1件あたり最大225万円のインセンティブを支給。
賞与のタイミングでまとめて受け取れます。

＝＝＝＝＝＝＝＝＝＝＝＝＝＝＝
【✨この仕事の魅力✨】

✅ 商談は一人で抱え込まない
上司同席が前提なので、経験がなくても
その場で相談しながら進められます。

✅ 転勤・出張なし
会社が指定するエリアへの異動はありません。
自分の希望する地域で働き続けられます。

✅ 研修制度あり
商談の進め方や提案の組み立て方から学べます。

＝＝＝＝＝＝＝＝＝＝＝＝＝＝＝
【✔働き方✔】

✔ フレックスタイム制度（月平均所定労働時間160時間）
✔ 固定残業代なし（残業分は時間外勤務手当で別途支給）
✔ 社会保険完備（健康保険・厚生年金・雇用保険・労災保険）
✔ 試用期間なし

まずはお気軽にご応募ください。

案件No：252","《✼この仕事の4つのポイント✼》

✅ ① 商談は必ず上司同席
未経験のうちから一人で商談に臨むことはありません。
提案内容や契約条件の詰め方も、その場でサポートしてもらえます。

✅ ② 頑張りが成果報酬に直結
1件成約につき最大225万円のインセンティブを支給。
賞与のタイミングでまとめて受け取れます。

✅ ③ 転勤・出張なし
会社が指定するエリアへの異動は一切ありません。
自分の希望する地域で働き続けられます。

✅ ④ フレックスタイム制度
月平均所定労働時間160時間の中で、
始業・終業の時間配分を自分で組み立てられます。

＝＝＝＝＝＝＝＝＝＝＝＝＝＝＝
《✼待遇もしっかり✼》

✔ 月給制（固定残業代なし／残業分は時間外勤務手当で別途支給）
✔ 資格手当・家族手当・職種手当・通勤手当・役職手当・勤続手当
✔ 社会保険完備（健康保険・厚生年金・雇用保険・労災保険）
✔ 試用期間なし
✔ 初年度想定年収：340万円〜700万円
✔ 年収例：中途入社9年目／固定年額650万円＋賞与710万円＝1360万円
✔ 保養所完備・定期健康診断・人間ドック補助・スポーツクラブ利用補助・
　財形貯蓄制度・確定拠出年金（401K）・永年勤続表彰・社内厚生行事補助","✦・━━━━━━━━━━━━━━━・✦
＼まずは話を聞くところから／
選考は面接1回、最短1週間で内定
✦・━━━━━━━━━━━━━━━・✦

＝＝＝＝＝＝＝＝＝＝＝＝＝＝＝
【✧選考の流れ✧】

■ STEP 1　Web応募（所要1分）
氏名と連絡先など、簡単な入力だけで完了します。
応募段階での履歴書・職務経歴書は不要です。

■ STEP 2　カジュアル面談（オンライン／20〜30分）
「まずは話を聞いてみたい」でOKです。
私服・画面オフでのご参加も歓迎します。
面接ではなく相互理解の場ですので、
仕事内容や職場の雰囲気を気軽にお尋ねください。
平日夜間・早朝・土日の実施もご相談に応じます。

■ STEP 3　面接（対面またはWeb／1回のみ）
業務内容のご案内と、ご希望の働き方のお伺いをします。
ご希望の方にはオフィス見学や
現場スタッフとの対話の時間も設けます。

■ STEP 4　内定・条件面談
応募から内定まで最短1週間のスピード選考です。
入社日や勤務条件のご希望も調整いたします。

＝＝＝＝＝＝＝＝＝＝＝＝＝＝＝
【✧ご応募にあたって✧】

✔ 応募時に履歴書・職務経歴書は必要ありません
✔ 在職中の方も日程を調整できます
✔ 「話を聞いてみたい」だけのご応募も歓迎します

＝＝＝＝＝＝＝＝＝＝＝＝＝＝＝
【✧労働条件の明示✧】

■ 就業場所の変更の範囲
転勤はありません。本求人の勤務地での勤務となります。"
27,2713,大東建託株式会社,転勤なし◎フレックス制度で無理なく働ける土地活用提案営業,未経験｜土地活用の提案営業｜江戸川区,"✦・━━━━━━━━━━━━━━━・✦
＼東京都江戸川区で募集中／
""提案する力""が身につく
土地活用の営業職◎
✦・━━━━━━━━━━━━━━━・✦

「商談って一人でやるものでは？」

大東建託の商談は、必ず上司が同席します。
未経験のうちから一人で抱え込む場面はありません。

＝＝＝＝＝＝＝＝＝＝＝＝＝＝＝
【✧提案営業は、この3ステップ✧】

■ ① 訪問
土地オーナー様を訪ね、商談の日程を調整します。

■ ② 商談
上司同席のもと、活用プランや契約条件を提案します。

■ ③ ご契約
成約1件につき、最大225万円のインセンティブを支給。
賞与支給のタイミングでまとめて受け取れます。

＝＝＝＝＝＝＝＝＝＝＝＝＝＝＝
【✨この仕事の魅力✨】

✅ 頑張りが成果に直結
成約数に応じてインセンティブが上乗せされます。

✅ 研修制度あり
未経験からでも、提案の組み立て方を一から学べます。

✅ 転勤・出張なし
会社が指定するエリアへの異動はなく、
希望する地域で働き続けられます。

＝＝＝＝＝＝＝＝＝＝＝＝＝＝＝
【✔働き方✔】

✔ フレックスタイム制度（月平均所定労働時間160時間）
✔ 固定残業代なし（残業分は時間外勤務手当で別途支給）
✔ 社会保険完備（健康保険・厚生年金・雇用保険・労災保険）
✔ 試用期間なし

自分のペースで、一件ずつ丁寧に進めていける仕事です。

案件No：2713","《✼この仕事の4つのポイント✼》

✅ ① 商談は必ず上司同席
未経験のうちから一人で商談に臨むことはありません。
提案内容や契約条件の詰め方も、その場でサポートしてもらえます。

✅ ② 頑張りが成果報酬に直結
1件成約につき最大225万円のインセンティブを支給。
賞与のタイミングでまとめて受け取れます。

✅ ③ 転勤・出張なし
会社が指定するエリアへの異動は一切ありません。
自分の希望する地域で働き続けられます。

✅ ④ フレックスタイム制度
月平均所定労働時間160時間の中で、
始業・終業の時間配分を自分で組み立てられます。

＝＝＝＝＝＝＝＝＝＝＝＝＝＝＝
《✼待遇もしっかり✼》

✔ 月給制（固定残業代なし／残業分は時間外勤務手当で別途支給）
✔ 資格手当・家族手当・職種手当・通勤手当・役職手当・勤続手当
✔ 社会保険完備（健康保険・厚生年金・雇用保険・労災保険）
✔ 試用期間なし
✔ 初年度想定年収：340万円〜700万円
✔ 年収例：中途入社9年目／固定年額650万円＋賞与710万円＝1360万円
✔ 保養所完備・定期健康診断・人間ドック補助・スポーツクラブ利用補助・
　財形貯蓄制度・確定拠出年金（401K）・永年勤続表彰・社内厚生行事補助","✦・━━━━━━━━━━━━━━━・✦
＼まずは話を聞くところから／
選考は面接1回、最短1週間で内定
✦・━━━━━━━━━━━━━━━・✦

＝＝＝＝＝＝＝＝＝＝＝＝＝＝＝
【✧選考の流れ✧】

■ STEP 1　Web応募（所要1分）
氏名と連絡先など、簡単な入力だけで完了します。
応募段階での履歴書・職務経歴書は不要です。

■ STEP 2　カジュアル面談（オンライン／20〜30分）
「まずは話を聞いてみたい」でOKです。
私服・画面オフでのご参加も歓迎します。
面接ではなく相互理解の場ですので、
仕事内容や職場の雰囲気を気軽にお尋ねください。
平日夜間・早朝・土日の実施もご相談に応じます。

■ STEP 3　面接（対面またはWeb／1回のみ）
業務内容のご案内と、ご希望の働き方のお伺いをします。
ご希望の方にはオフィス見学や
現場スタッフとの対話の時間も設けます。

■ STEP 4　内定・条件面談
応募から内定まで最短1週間のスピード選考です。
入社日や勤務条件のご希望も調整いたします。

＝＝＝＝＝＝＝＝＝＝＝＝＝＝＝
【✧ご応募にあたって✧】

✔ 応募時に履歴書・職務経歴書は必要ありません
✔ 在職中の方も日程を調整できます
✔ 「話を聞いてみたい」だけのご応募も歓迎します

＝＝＝＝＝＝＝＝＝＝＝＝＝＝＝
【✧労働条件の明示✧】

■ 就業場所の変更の範囲
転勤はありません。本求人の勤務地での勤務となります。"
28,2497,大東建託株式会社,転勤なし◎フレックス制度で無理なく働ける土地活用提案営業,未経験｜土地活用の提案営業｜岐阜市,"✦・━━━━━━━━━━━━━━━・✦
＼岐阜県岐阜市で募集中／
オーナー様の「土地」を
価値ある一棟に変える提案営業◎
✦・━━━━━━━━━━━━━━━・✦

「専門知識がないと厳しいのでは？」

商談には必ず上司が同席するので、
知識も進め方も、現場で身につけていけます。

＝＝＝＝＝＝＝＝＝＝＝＝＝＝＝
【✧提案営業は、この3ステップ✧】

■ ① 訪問
土地オーナー様のもとへ伺い、商談の日程を決めます。

■ ② 商談
上司同席で、活用プランや契約条件を一緒に詰めます。

■ ③ ご契約
契約成立で、1件あたり最大225万円のインセンティブを支給。
賞与のタイミングでまとめて支給されます。

＝＝＝＝＝＝＝＝＝＝＝＝＝＝＝
【✨この仕事の魅力✨】

✅ 転勤・出張なし
会社が指定するエリアへの異動はありません。
今の生活拠点を変えずに働き続けられます。

✅ 商談は一人で抱え込まない
上司同席が前提なので、未経験でも
その場で相談しながら進められます。

✅ 研修制度あり
提案の組み立て方から、丁寧に学べます。

＝＝＝＝＝＝＝＝＝＝＝＝＝＝＝
【✔働き方✔】

✔ フレックスタイム制度（月平均所定労働時間160時間）
✔ 固定残業代なし（残業分は時間外勤務手当で別途支給）
✔ 社会保険完備（健康保険・厚生年金・雇用保険・労災保険）
✔ 試用期間なし

まずはお気軽にご応募ください。

案件No：2497","《✼この仕事の4つのポイント✼》

✅ ① 商談は必ず上司同席
未経験のうちから一人で商談に臨むことはありません。
提案内容や契約条件の詰め方も、その場でサポートしてもらえます。

✅ ② 頑張りが成果報酬に直結
1件成約につき最大225万円のインセンティブを支給。
賞与のタイミングでまとめて受け取れます。

✅ ③ 転勤・出張なし
会社が指定するエリアへの異動は一切ありません。
自分の希望する地域で働き続けられます。

✅ ④ フレックスタイム制度
月平均所定労働時間160時間の中で、
始業・終業の時間配分を自分で組み立てられます。

＝＝＝＝＝＝＝＝＝＝＝＝＝＝＝
《✼待遇もしっかり✼》

✔ 月給制（固定残業代なし／残業分は時間外勤務手当で別途支給）
✔ 資格手当・家族手当・職種手当・通勤手当・役職手当・勤続手当
✔ 社会保険完備（健康保険・厚生年金・雇用保険・労災保険）
✔ 試用期間なし
✔ 初年度想定年収：340万円〜700万円
✔ 年収例：中途入社9年目／固定年額650万円＋賞与710万円＝1360万円
✔ 保養所完備・定期健康診断・人間ドック補助・スポーツクラブ利用補助・
　財形貯蓄制度・確定拠出年金（401K）・永年勤続表彰・社内厚生行事補助","✦・━━━━━━━━━━━━━━━・✦
＼まずは話を聞くところから／
選考は面接1回、最短1週間で内定
✦・━━━━━━━━━━━━━━━・✦

＝＝＝＝＝＝＝＝＝＝＝＝＝＝＝
【✧選考の流れ✧】

■ STEP 1　Web応募（所要1分）
氏名と連絡先など、簡単な入力だけで完了します。
応募段階での履歴書・職務経歴書は不要です。

■ STEP 2　カジュアル面談（オンライン／20〜30分）
「まずは話を聞いてみたい」でOKです。
私服・画面オフでのご参加も歓迎します。
面接ではなく相互理解の場ですので、
仕事内容や職場の雰囲気を気軽にお尋ねください。
平日夜間・早朝・土日の実施もご相談に応じます。

■ STEP 3　面接（対面またはWeb／1回のみ）
業務内容のご案内と、ご希望の働き方のお伺いをします。
ご希望の方にはオフィス見学や
現場スタッフとの対話の時間も設けます。

■ STEP 4　内定・条件面談
応募から内定まで最短1週間のスピード選考です。
入社日や勤務条件のご希望も調整いたします。

＝＝＝＝＝＝＝＝＝＝＝＝＝＝＝
【✧ご応募にあたって✧】

✔ 応募時に履歴書・職務経歴書は必要ありません
✔ 在職中の方も日程を調整できます
✔ 「話を聞いてみたい」だけのご応募も歓迎します

＝＝＝＝＝＝＝＝＝＝＝＝＝＝＝
【✧労働条件の明示✧】

■ 就業場所の変更の範囲
転勤はありません。本求人の勤務地での勤務となります。"
29,702,大東建託株式会社,転勤なし◎フレックス制度で無理なく働ける土地活用提案営業,未経験｜土地活用の提案営業｜大野城市,"✦・━━━━━━━━━━━━━━━・✦
＼福岡県大野城市で募集中／
土地オーナー様に「活用」を提案する
未経験からの営業職◎
✦・━━━━━━━━━━━━━━━・✦

「営業は未経験だから不安…」

そう感じる方ほど、まずは仕組みを知ってください。
商談には必ず上司が同席するので、
一人で判断を迫られる場面はありません。

＝＝＝＝＝＝＝＝＝＝＝＝＝＝＝
【✧提案営業は、この3ステップ✧】

■ ① 訪問
土地オーナー様のもとへ伺い、商談の日程を調整します。

■ ② 商談
上司が同席し、提案内容や契約条件をサポートします。

■ ③ ご契約
契約成立で、1件あたり最大225万円のインセンティブを支給。
賞与のタイミングでまとめて受け取れます。

＝＝＝＝＝＝＝＝＝＝＝＝＝＝＝
【✨この仕事の魅力✨】

✅ 商談は一人で抱え込まない
上司同席が前提なので、経験がなくても
その場で相談しながら進められます。

✅ 転勤・出張なし
会社が指定するエリアへの異動はありません。
自分の希望する地域で働き続けられます。

✅ 研修制度あり
商談の進め方や提案の組み立て方から学べます。

＝＝＝＝＝＝＝＝＝＝＝＝＝＝＝
【✔働き方✔】

✔ フレックスタイム制度（月平均所定労働時間160時間）
✔ 固定残業代なし（残業分は時間外勤務手当で別途支給）
✔ 社会保険完備（健康保険・厚生年金・雇用保険・労災保険）
✔ 試用期間なし

まずはお気軽にご応募ください。

案件No：702","《✼この仕事の4つのポイント✼》

✅ ① 商談は必ず上司同席
未経験のうちから一人で商談に臨むことはありません。
提案内容や契約条件の詰め方も、その場でサポートしてもらえます。

✅ ② 頑張りが成果報酬に直結
1件成約につき最大225万円のインセンティブを支給。
賞与のタイミングでまとめて受け取れます。

✅ ③ 転勤・出張なし
会社が指定するエリアへの異動は一切ありません。
自分の希望する地域で働き続けられます。

✅ ④ フレックスタイム制度
月平均所定労働時間160時間の中で、
始業・終業の時間配分を自分で組み立てられます。

＝＝＝＝＝＝＝＝＝＝＝＝＝＝＝
《✼待遇もしっかり✼》

✔ 月給制（固定残業代なし／残業分は時間外勤務手当で別途支給）
✔ 資格手当・家族手当・職種手当・通勤手当・役職手当・勤続手当
✔ 社会保険完備（健康保険・厚生年金・雇用保険・労災保険）
✔ 試用期間なし
✔ 初年度想定年収：340万円〜700万円
✔ 年収例：中途入社9年目／固定年額650万円＋賞与710万円＝1360万円
✔ 保養所完備・定期健康診断・人間ドック補助・スポーツクラブ利用補助・
　財形貯蓄制度・確定拠出年金（401K）・永年勤続表彰・社内厚生行事補助","✦・━━━━━━━━━━━━━━━・✦
＼まずは話を聞くところから／
選考は面接1回、最短1週間で内定
✦・━━━━━━━━━━━━━━━・✦

＝＝＝＝＝＝＝＝＝＝＝＝＝＝＝
【✧選考の流れ✧】

■ STEP 1　Web応募（所要1分）
氏名と連絡先など、簡単な入力だけで完了します。
応募段階での履歴書・職務経歴書は不要です。

■ STEP 2　カジュアル面談（オンライン／20〜30分）
「まずは話を聞いてみたい」でOKです。
私服・画面オフでのご参加も歓迎します。
面接ではなく相互理解の場ですので、
仕事内容や職場の雰囲気を気軽にお尋ねください。
平日夜間・早朝・土日の実施もご相談に応じます。

■ STEP 3　面接（対面またはWeb／1回のみ）
業務内容のご案内と、ご希望の働き方のお伺いをします。
ご希望の方にはオフィス見学や
現場スタッフとの対話の時間も設けます。

■ STEP 4　内定・条件面談
応募から内定まで最短1週間のスピード選考です。
入社日や勤務条件のご希望も調整いたします。

＝＝＝＝＝＝＝＝＝＝＝＝＝＝＝
【✧ご応募にあたって✧】

✔ 応募時に履歴書・職務経歴書は必要ありません
✔ 在職中の方も日程を調整できます
✔ 「話を聞いてみたい」だけのご応募も歓迎します

＝＝＝＝＝＝＝＝＝＝＝＝＝＝＝
【✧労働条件の明示✧】

■ 就業場所の変更の範囲
転勤はありません。本求人の勤務地での勤務となります。"
30,2130,大東建託株式会社,転勤なし◎フレックス制度で無理なく働ける土地活用提案営業,未経験｜土地活用の提案営業｜芦屋市,"✦・━━━━━━━━━━━━━━━・✦
＼兵庫県芦屋市で募集中／
""提案する力""が身につく
土地活用の営業職◎
✦・━━━━━━━━━━━━━━━・✦

「商談って一人でやるものでは？」

大東建託の商談は、必ず上司が同席します。
未経験のうちから一人で抱え込む場面はありません。

＝＝＝＝＝＝＝＝＝＝＝＝＝＝＝
【✧提案営業は、この3ステップ✧】

■ ① 訪問
土地オーナー様を訪ね、商談の日程を調整します。

■ ② 商談
上司同席のもと、活用プランや契約条件を提案します。

■ ③ ご契約
成約1件につき、最大225万円のインセンティブを支給。
賞与支給のタイミングでまとめて受け取れます。

＝＝＝＝＝＝＝＝＝＝＝＝＝＝＝
【✨この仕事の魅力✨】

✅ 頑張りが成果に直結
成約数に応じてインセンティブが上乗せされます。

✅ 研修制度あり
未経験からでも、提案の組み立て方を一から学べます。

✅ 転勤・出張なし
会社が指定するエリアへの異動はなく、
希望する地域で働き続けられます。

＝＝＝＝＝＝＝＝＝＝＝＝＝＝＝
【✔働き方✔】

✔ フレックスタイム制度（月平均所定労働時間160時間）
✔ 固定残業代なし（残業分は時間外勤務手当で別途支給）
✔ 社会保険完備（健康保険・厚生年金・雇用保険・労災保険）
✔ 試用期間なし

自分のペースで、一件ずつ丁寧に進めていける仕事です。

案件No：2130","《✼この仕事の4つのポイント✼》

✅ ① 商談は必ず上司同席
未経験のうちから一人で商談に臨むことはありません。
提案内容や契約条件の詰め方も、その場でサポートしてもらえます。

✅ ② 頑張りが成果報酬に直結
1件成約につき最大225万円のインセンティブを支給。
賞与のタイミングでまとめて受け取れます。

✅ ③ 転勤・出張なし
会社が指定するエリアへの異動は一切ありません。
自分の希望する地域で働き続けられます。

✅ ④ フレックスタイム制度
月平均所定労働時間160時間の中で、
始業・終業の時間配分を自分で組み立てられます。

＝＝＝＝＝＝＝＝＝＝＝＝＝＝＝
《✼待遇もしっかり✼》

✔ 月給制（固定残業代なし／残業分は時間外勤務手当で別途支給）
✔ 資格手当・家族手当・職種手当・通勤手当・役職手当・勤続手当
✔ 社会保険完備（健康保険・厚生年金・雇用保険・労災保険）
✔ 試用期間なし
✔ 初年度想定年収：340万円〜700万円
✔ 年収例：中途入社9年目／固定年額650万円＋賞与710万円＝1360万円
✔ 保養所完備・定期健康診断・人間ドック補助・スポーツクラブ利用補助・
　財形貯蓄制度・確定拠出年金（401K）・永年勤続表彰・社内厚生行事補助","✦・━━━━━━━━━━━━━━━・✦
＼まずは話を聞くところから／
選考は面接1回、最短1週間で内定
✦・━━━━━━━━━━━━━━━・✦

＝＝＝＝＝＝＝＝＝＝＝＝＝＝＝
【✧選考の流れ✧】

■ STEP 1　Web応募（所要1分）
氏名と連絡先など、簡単な入力だけで完了します。
応募段階での履歴書・職務経歴書は不要です。

■ STEP 2　カジュアル面談（オンライン／20〜30分）
「まずは話を聞いてみたい」でOKです。
私服・画面オフでのご参加も歓迎します。
面接ではなく相互理解の場ですので、
仕事内容や職場の雰囲気を気軽にお尋ねください。
平日夜間・早朝・土日の実施もご相談に応じます。

■ STEP 3　面接（対面またはWeb／1回のみ）
業務内容のご案内と、ご希望の働き方のお伺いをします。
ご希望の方にはオフィス見学や
現場スタッフとの対話の時間も設けます。

■ STEP 4　内定・条件面談
応募から内定まで最短1週間のスピード選考です。
入社日や勤務条件のご希望も調整いたします。

＝＝＝＝＝＝＝＝＝＝＝＝＝＝＝
【✧ご応募にあたって✧】

✔ 応募時に履歴書・職務経歴書は必要ありません
✔ 在職中の方も日程を調整できます
✔ 「話を聞いてみたい」だけのご応募も歓迎します

＝＝＝＝＝＝＝＝＝＝＝＝＝＝＝
【✧労働条件の明示✧】

■ 就業場所の変更の範囲
転勤はありません。本求人の勤務地での勤務となります。"
31,1704,大東建託株式会社,転勤なし◎フレックス制度で無理なく働ける土地活用提案営業,未経験｜土地活用の提案営業｜大和市,"✦・━━━━━━━━━━━━━━━・✦
＼神奈川県大和市で募集中／
オーナー様の「土地」を
価値ある一棟に変える提案営業◎
✦・━━━━━━━━━━━━━━━・✦

「専門知識がないと厳しいのでは？」

商談には必ず上司が同席するので、
知識も進め方も、現場で身につけていけます。

＝＝＝＝＝＝＝＝＝＝＝＝＝＝＝
【✧提案営業は、この3ステップ✧】

■ ① 訪問
土地オーナー様のもとへ伺い、商談の日程を決めます。

■ ② 商談
上司同席で、活用プランや契約条件を一緒に詰めます。

■ ③ ご契約
契約成立で、1件あたり最大225万円のインセンティブを支給。
賞与のタイミングでまとめて支給されます。

＝＝＝＝＝＝＝＝＝＝＝＝＝＝＝
【✨この仕事の魅力✨】

✅ 転勤・出張なし
会社が指定するエリアへの異動はありません。
今の生活拠点を変えずに働き続けられます。

✅ 商談は一人で抱え込まない
上司同席が前提なので、未経験でも
その場で相談しながら進められます。

✅ 研修制度あり
提案の組み立て方から、丁寧に学べます。

＝＝＝＝＝＝＝＝＝＝＝＝＝＝＝
【✔働き方✔】

✔ フレックスタイム制度（月平均所定労働時間160時間）
✔ 固定残業代なし（残業分は時間外勤務手当で別途支給）
✔ 社会保険完備（健康保険・厚生年金・雇用保険・労災保険）
✔ 試用期間なし

まずはお気軽にご応募ください。

案件No：1704","《✼この仕事の4つのポイント✼》

✅ ① 商談は必ず上司同席
未経験のうちから一人で商談に臨むことはありません。
提案内容や契約条件の詰め方も、その場でサポートしてもらえます。

✅ ② 頑張りが成果報酬に直結
1件成約につき最大225万円のインセンティブを支給。
賞与のタイミングでまとめて受け取れます。

✅ ③ 転勤・出張なし
会社が指定するエリアへの異動は一切ありません。
自分の希望する地域で働き続けられます。

✅ ④ フレックスタイム制度
月平均所定労働時間160時間の中で、
始業・終業の時間配分を自分で組み立てられます。

＝＝＝＝＝＝＝＝＝＝＝＝＝＝＝
《✼待遇もしっかり✼》

✔ 月給制（固定残業代なし／残業分は時間外勤務手当で別途支給）
✔ 資格手当・家族手当・職種手当・通勤手当・役職手当・勤続手当
✔ 社会保険完備（健康保険・厚生年金・雇用保険・労災保険）
✔ 試用期間なし
✔ 初年度想定年収：340万円〜700万円
✔ 年収例：中途入社9年目／固定年額650万円＋賞与710万円＝1360万円
✔ 保養所完備・定期健康診断・人間ドック補助・スポーツクラブ利用補助・
　財形貯蓄制度・確定拠出年金（401K）・永年勤続表彰・社内厚生行事補助","✦・━━━━━━━━━━━━━━━・✦
＼まずは話を聞くところから／
選考は面接1回、最短1週間で内定
✦・━━━━━━━━━━━━━━━・✦

＝＝＝＝＝＝＝＝＝＝＝＝＝＝＝
【✧選考の流れ✧】

■ STEP 1　Web応募（所要1分）
氏名と連絡先など、簡単な入力だけで完了します。
応募段階での履歴書・職務経歴書は不要です。

■ STEP 2　カジュアル面談（オンライン／20〜30分）
「まずは話を聞いてみたい」でOKです。
私服・画面オフでのご参加も歓迎します。
面接ではなく相互理解の場ですので、
仕事内容や職場の雰囲気を気軽にお尋ねください。
平日夜間・早朝・土日の実施もご相談に応じます。

■ STEP 3　面接（対面またはWeb／1回のみ）
業務内容のご案内と、ご希望の働き方のお伺いをします。
ご希望の方にはオフィス見学や
現場スタッフとの対話の時間も設けます。

■ STEP 4　内定・条件面談
応募から内定まで最短1週間のスピード選考です。
入社日や勤務条件のご希望も調整いたします。

＝＝＝＝＝＝＝＝＝＝＝＝＝＝＝
【✧ご応募にあたって✧】

✔ 応募時に履歴書・職務経歴書は必要ありません
✔ 在職中の方も日程を調整できます
✔ 「話を聞いてみたい」だけのご応募も歓迎します

＝＝＝＝＝＝＝＝＝＝＝＝＝＝＝
【✧労働条件の明示✧】

■ 就業場所の変更の範囲
転勤はありません。本求人の勤務地での勤務となります。"
32,2212,大東建託株式会社,転勤なし◎フレックス制度で無理なく働ける土地活用提案営業,未経験｜土地活用の提案営業｜江東区,"✦・━━━━━━━━━━━━━━━・✦
＼東京都江東区で募集中／
土地オーナー様に「活用」を提案する
未経験からの営業職◎
✦・━━━━━━━━━━━━━━━・✦

「営業は未経験だから不安…」

そう感じる方ほど、まずは仕組みを知ってください。
商談には必ず上司が同席するので、
一人で判断を迫られる場面はありません。

＝＝＝＝＝＝＝＝＝＝＝＝＝＝＝
【✧提案営業は、この3ステップ✧】

■ ① 訪問
土地オーナー様のもとへ伺い、商談の日程を調整します。

■ ② 商談
上司が同席し、提案内容や契約条件をサポートします。

■ ③ ご契約
契約成立で、1件あたり最大225万円のインセンティブを支給。
賞与のタイミングでまとめて受け取れます。

＝＝＝＝＝＝＝＝＝＝＝＝＝＝＝
【✨この仕事の魅力✨】

✅ 商談は一人で抱え込まない
上司同席が前提なので、経験がなくても
その場で相談しながら進められます。

✅ 転勤・出張なし
会社が指定するエリアへの異動はありません。
自分の希望する地域で働き続けられます。

✅ 研修制度あり
商談の進め方や提案の組み立て方から学べます。

＝＝＝＝＝＝＝＝＝＝＝＝＝＝＝
【✔働き方✔】

✔ フレックスタイム制度（月平均所定労働時間160時間）
✔ 固定残業代なし（残業分は時間外勤務手当で別途支給）
✔ 社会保険完備（健康保険・厚生年金・雇用保険・労災保険）
✔ 試用期間なし

まずはお気軽にご応募ください。

案件No：2212","《✼この仕事の4つのポイント✼》

✅ ① 商談は必ず上司同席
未経験のうちから一人で商談に臨むことはありません。
提案内容や契約条件の詰め方も、その場でサポートしてもらえます。

✅ ② 頑張りが成果報酬に直結
1件成約につき最大225万円のインセンティブを支給。
賞与のタイミングでまとめて受け取れます。

✅ ③ 転勤・出張なし
会社が指定するエリアへの異動は一切ありません。
自分の希望する地域で働き続けられます。

✅ ④ フレックスタイム制度
月平均所定労働時間160時間の中で、
始業・終業の時間配分を自分で組み立てられます。

＝＝＝＝＝＝＝＝＝＝＝＝＝＝＝
《✼待遇もしっかり✼》

✔ 月給制（固定残業代なし／残業分は時間外勤務手当で別途支給）
✔ 資格手当・家族手当・職種手当・通勤手当・役職手当・勤続手当
✔ 社会保険完備（健康保険・厚生年金・雇用保険・労災保険）
✔ 試用期間なし
✔ 初年度想定年収：340万円〜700万円
✔ 年収例：中途入社9年目／固定年額650万円＋賞与710万円＝1360万円
✔ 保養所完備・定期健康診断・人間ドック補助・スポーツクラブ利用補助・
　財形貯蓄制度・確定拠出年金（401K）・永年勤続表彰・社内厚生行事補助","✦・━━━━━━━━━━━━━━━・✦
＼まずは話を聞くところから／
選考は面接1回、最短1週間で内定
✦・━━━━━━━━━━━━━━━・✦

＝＝＝＝＝＝＝＝＝＝＝＝＝＝＝
【✧選考の流れ✧】

■ STEP 1　Web応募（所要1分）
氏名と連絡先など、簡単な入力だけで完了します。
応募段階での履歴書・職務経歴書は不要です。

■ STEP 2　カジュアル面談（オンライン／20〜30分）
「まずは話を聞いてみたい」でOKです。
私服・画面オフでのご参加も歓迎します。
面接ではなく相互理解の場ですので、
仕事内容や職場の雰囲気を気軽にお尋ねください。
平日夜間・早朝・土日の実施もご相談に応じます。

■ STEP 3　面接（対面またはWeb／1回のみ）
業務内容のご案内と、ご希望の働き方のお伺いをします。
ご希望の方にはオフィス見学や
現場スタッフとの対話の時間も設けます。

■ STEP 4　内定・条件面談
応募から内定まで最短1週間のスピード選考です。
入社日や勤務条件のご希望も調整いたします。

＝＝＝＝＝＝＝＝＝＝＝＝＝＝＝
【✧ご応募にあたって✧】

✔ 応募時に履歴書・職務経歴書は必要ありません
✔ 在職中の方も日程を調整できます
✔ 「話を聞いてみたい」だけのご応募も歓迎します

＝＝＝＝＝＝＝＝＝＝＝＝＝＝＝
【✧労働条件の明示✧】

■ 就業場所の変更の範囲
転勤はありません。本求人の勤務地での勤務となります。"
33,1536,大東建託株式会社,転勤なし◎フレックス制度で無理なく働ける土地活用提案営業,未経験｜土地活用の提案営業｜藤沢市,"✦・━━━━━━━━━━━━━━━・✦
＼神奈川県藤沢市で募集中／
""提案する力""が身につく
土地活用の営業職◎
✦・━━━━━━━━━━━━━━━・✦

「商談って一人でやるものでは？」

大東建託の商談は、必ず上司が同席します。
未経験のうちから一人で抱え込む場面はありません。

＝＝＝＝＝＝＝＝＝＝＝＝＝＝＝
【✧提案営業は、この3ステップ✧】

■ ① 訪問
土地オーナー様を訪ね、商談の日程を調整します。

■ ② 商談
上司同席のもと、活用プランや契約条件を提案します。

■ ③ ご契約
成約1件につき、最大225万円のインセンティブを支給。
賞与支給のタイミングでまとめて受け取れます。

＝＝＝＝＝＝＝＝＝＝＝＝＝＝＝
【✨この仕事の魅力✨】

✅ 頑張りが成果に直結
成約数に応じてインセンティブが上乗せされます。

✅ 研修制度あり
未経験からでも、提案の組み立て方を一から学べます。

✅ 転勤・出張なし
会社が指定するエリアへの異動はなく、
希望する地域で働き続けられます。

＝＝＝＝＝＝＝＝＝＝＝＝＝＝＝
【✔働き方✔】

✔ フレックスタイム制度（月平均所定労働時間160時間）
✔ 固定残業代なし（残業分は時間外勤務手当で別途支給）
✔ 社会保険完備（健康保険・厚生年金・雇用保険・労災保険）
✔ 試用期間なし

自分のペースで、一件ずつ丁寧に進めていける仕事です。

案件No：1536","《✼この仕事の4つのポイント✼》

✅ ① 商談は必ず上司同席
未経験のうちから一人で商談に臨むことはありません。
提案内容や契約条件の詰め方も、その場でサポートしてもらえます。

✅ ② 頑張りが成果報酬に直結
1件成約につき最大225万円のインセンティブを支給。
賞与のタイミングでまとめて受け取れます。

✅ ③ 転勤・出張なし
会社が指定するエリアへの異動は一切ありません。
自分の希望する地域で働き続けられます。

✅ ④ フレックスタイム制度
月平均所定労働時間160時間の中で、
始業・終業の時間配分を自分で組み立てられます。

＝＝＝＝＝＝＝＝＝＝＝＝＝＝＝
《✼待遇もしっかり✼》

✔ 月給制（固定残業代なし／残業分は時間外勤務手当で別途支給）
✔ 資格手当・家族手当・職種手当・通勤手当・役職手当・勤続手当
✔ 社会保険完備（健康保険・厚生年金・雇用保険・労災保険）
✔ 試用期間なし
✔ 初年度想定年収：340万円〜700万円
✔ 年収例：中途入社9年目／固定年額650万円＋賞与710万円＝1360万円
✔ 保養所完備・定期健康診断・人間ドック補助・スポーツクラブ利用補助・
　財形貯蓄制度・確定拠出年金（401K）・永年勤続表彰・社内厚生行事補助","✦・━━━━━━━━━━━━━━━・✦
＼まずは話を聞くところから／
選考は面接1回、最短1週間で内定
✦・━━━━━━━━━━━━━━━・✦

＝＝＝＝＝＝＝＝＝＝＝＝＝＝＝
【✧選考の流れ✧】

■ STEP 1　Web応募（所要1分）
氏名と連絡先など、簡単な入力だけで完了します。
応募段階での履歴書・職務経歴書は不要です。

■ STEP 2　カジュアル面談（オンライン／20〜30分）
「まずは話を聞いてみたい」でOKです。
私服・画面オフでのご参加も歓迎します。
面接ではなく相互理解の場ですので、
仕事内容や職場の雰囲気を気軽にお尋ねください。
平日夜間・早朝・土日の実施もご相談に応じます。

■ STEP 3　面接（対面またはWeb／1回のみ）
業務内容のご案内と、ご希望の働き方のお伺いをします。
ご希望の方にはオフィス見学や
現場スタッフとの対話の時間も設けます。

■ STEP 4　内定・条件面談
応募から内定まで最短1週間のスピード選考です。
入社日や勤務条件のご希望も調整いたします。

＝＝＝＝＝＝＝＝＝＝＝＝＝＝＝
【✧ご応募にあたって✧】

✔ 応募時に履歴書・職務経歴書は必要ありません
✔ 在職中の方も日程を調整できます
✔ 「話を聞いてみたい」だけのご応募も歓迎します

＝＝＝＝＝＝＝＝＝＝＝＝＝＝＝
【✧労働条件の明示✧】

■ 就業場所の変更の範囲
転勤はありません。本求人の勤務地での勤務となります。"
34,1683,大東建託株式会社,転勤なし◎フレックス制度で無理なく働ける土地活用提案営業,未経験｜土地活用の提案営業｜港区,"✦・━━━━━━━━━━━━━━━・✦
＼東京都港区で募集中／
オーナー様の「土地」を
価値ある一棟に変える提案営業◎
✦・━━━━━━━━━━━━━━━・✦

「専門知識がないと厳しいのでは？」

商談には必ず上司が同席するので、
知識も進め方も、現場で身につけていけます。

＝＝＝＝＝＝＝＝＝＝＝＝＝＝＝
【✧提案営業は、この3ステップ✧】

■ ① 訪問
土地オーナー様のもとへ伺い、商談の日程を決めます。

■ ② 商談
上司同席で、活用プランや契約条件を一緒に詰めます。

■ ③ ご契約
契約成立で、1件あたり最大225万円のインセンティブを支給。
賞与のタイミングでまとめて支給されます。

＝＝＝＝＝＝＝＝＝＝＝＝＝＝＝
【✨この仕事の魅力✨】

✅ 転勤・出張なし
会社が指定するエリアへの異動はありません。
今の生活拠点を変えずに働き続けられます。

✅ 商談は一人で抱え込まない
上司同席が前提なので、未経験でも
その場で相談しながら進められます。

✅ 研修制度あり
提案の組み立て方から、丁寧に学べます。

＝＝＝＝＝＝＝＝＝＝＝＝＝＝＝
【✔働き方✔】

✔ フレックスタイム制度（月平均所定労働時間160時間）
✔ 固定残業代なし（残業分は時間外勤務手当で別途支給）
✔ 社会保険完備（健康保険・厚生年金・雇用保険・労災保険）
✔ 試用期間なし

まずはお気軽にご応募ください。

案件No：1683","《✼この仕事の4つのポイント✼》

✅ ① 商談は必ず上司同席
未経験のうちから一人で商談に臨むことはありません。
提案内容や契約条件の詰め方も、その場でサポートしてもらえます。

✅ ② 頑張りが成果報酬に直結
1件成約につき最大225万円のインセンティブを支給。
賞与のタイミングでまとめて受け取れます。

✅ ③ 転勤・出張なし
会社が指定するエリアへの異動は一切ありません。
自分の希望する地域で働き続けられます。

✅ ④ フレックスタイム制度
月平均所定労働時間160時間の中で、
始業・終業の時間配分を自分で組み立てられます。

＝＝＝＝＝＝＝＝＝＝＝＝＝＝＝
《✼待遇もしっかり✼》

✔ 月給制（固定残業代なし／残業分は時間外勤務手当で別途支給）
✔ 資格手当・家族手当・職種手当・通勤手当・役職手当・勤続手当
✔ 社会保険完備（健康保険・厚生年金・雇用保険・労災保険）
✔ 試用期間なし
✔ 初年度想定年収：340万円〜700万円
✔ 年収例：中途入社9年目／固定年額650万円＋賞与710万円＝1360万円
✔ 保養所完備・定期健康診断・人間ドック補助・スポーツクラブ利用補助・
　財形貯蓄制度・確定拠出年金（401K）・永年勤続表彰・社内厚生行事補助","✦・━━━━━━━━━━━━━━━・✦
＼まずは話を聞くところから／
選考は面接1回、最短1週間で内定
✦・━━━━━━━━━━━━━━━・✦

＝＝＝＝＝＝＝＝＝＝＝＝＝＝＝
【✧選考の流れ✧】

■ STEP 1　Web応募（所要1分）
氏名と連絡先など、簡単な入力だけで完了します。
応募段階での履歴書・職務経歴書は不要です。

■ STEP 2　カジュアル面談（オンライン／20〜30分）
「まずは話を聞いてみたい」でOKです。
私服・画面オフでのご参加も歓迎します。
面接ではなく相互理解の場ですので、
仕事内容や職場の雰囲気を気軽にお尋ねください。
平日夜間・早朝・土日の実施もご相談に応じます。

■ STEP 3　面接（対面またはWeb／1回のみ）
業務内容のご案内と、ご希望の働き方のお伺いをします。
ご希望の方にはオフィス見学や
現場スタッフとの対話の時間も設けます。

■ STEP 4　内定・条件面談
応募から内定まで最短1週間のスピード選考です。
入社日や勤務条件のご希望も調整いたします。

＝＝＝＝＝＝＝＝＝＝＝＝＝＝＝
【✧ご応募にあたって✧】

✔ 応募時に履歴書・職務経歴書は必要ありません
✔ 在職中の方も日程を調整できます
✔ 「話を聞いてみたい」だけのご応募も歓迎します

＝＝＝＝＝＝＝＝＝＝＝＝＝＝＝
【✧労働条件の明示✧】

■ 就業場所の変更の範囲
転勤はありません。本求人の勤務地での勤務となります。"
35,13,大東建託株式会社,転勤なし◎フレックス制度で無理なく働ける土地活用提案営業,未経験｜土地活用の提案営業｜豊川市,"✦・━━━━━━━━━━━━━━━・✦
＼愛知県豊川市で募集中／
土地オーナー様に「活用」を提案する
未経験からの営業職◎
✦・━━━━━━━━━━━━━━━・✦

「営業は未経験だから不安…」

そう感じる方ほど、まずは仕組みを知ってください。
商談には必ず上司が同席するので、
一人で判断を迫られる場面はありません。

＝＝＝＝＝＝＝＝＝＝＝＝＝＝＝
【✧提案営業は、この3ステップ✧】

■ ① 訪問
土地オーナー様のもとへ伺い、商談の日程を調整します。

■ ② 商談
上司が同席し、提案内容や契約条件をサポートします。

■ ③ ご契約
契約成立で、1件あたり最大225万円のインセンティブを支給。
賞与のタイミングでまとめて受け取れます。

＝＝＝＝＝＝＝＝＝＝＝＝＝＝＝
【✨この仕事の魅力✨】

✅ 商談は一人で抱え込まない
上司同席が前提なので、経験がなくても
その場で相談しながら進められます。

✅ 転勤・出張なし
会社が指定するエリアへの異動はありません。
自分の希望する地域で働き続けられます。

✅ 研修制度あり
商談の進め方や提案の組み立て方から学べます。

＝＝＝＝＝＝＝＝＝＝＝＝＝＝＝
【✔働き方✔】

✔ フレックスタイム制度（月平均所定労働時間160時間）
✔ 固定残業代なし（残業分は時間外勤務手当で別途支給）
✔ 社会保険完備（健康保険・厚生年金・雇用保険・労災保険）
✔ 試用期間なし

まずはお気軽にご応募ください。

案件No：13","《✼この仕事の4つのポイント✼》

✅ ① 商談は必ず上司同席
未経験のうちから一人で商談に臨むことはありません。
提案内容や契約条件の詰め方も、その場でサポートしてもらえます。

✅ ② 頑張りが成果報酬に直結
1件成約につき最大225万円のインセンティブを支給。
賞与のタイミングでまとめて受け取れます。

✅ ③ 転勤・出張なし
会社が指定するエリアへの異動は一切ありません。
自分の希望する地域で働き続けられます。

✅ ④ フレックスタイム制度
月平均所定労働時間160時間の中で、
始業・終業の時間配分を自分で組み立てられます。

＝＝＝＝＝＝＝＝＝＝＝＝＝＝＝
《✼待遇もしっかり✼》

✔ 月給制（固定残業代なし／残業分は時間外勤務手当で別途支給）
✔ 資格手当・家族手当・職種手当・通勤手当・役職手当・勤続手当
✔ 社会保険完備（健康保険・厚生年金・雇用保険・労災保険）
✔ 試用期間なし
✔ 初年度想定年収：340万円〜700万円
✔ 年収例：中途入社9年目／固定年額650万円＋賞与710万円＝1360万円
✔ 保養所完備・定期健康診断・人間ドック補助・スポーツクラブ利用補助・
　財形貯蓄制度・確定拠出年金（401K）・永年勤続表彰・社内厚生行事補助","✦・━━━━━━━━━━━━━━━・✦
＼まずは話を聞くところから／
選考は面接1回、最短1週間で内定
✦・━━━━━━━━━━━━━━━・✦

＝＝＝＝＝＝＝＝＝＝＝＝＝＝＝
【✧選考の流れ✧】

■ STEP 1　Web応募（所要1分）
氏名と連絡先など、簡単な入力だけで完了します。
応募段階での履歴書・職務経歴書は不要です。

■ STEP 2　カジュアル面談（オンライン／20〜30分）
「まずは話を聞いてみたい」でOKです。
私服・画面オフでのご参加も歓迎します。
面接ではなく相互理解の場ですので、
仕事内容や職場の雰囲気を気軽にお尋ねください。
平日夜間・早朝・土日の実施もご相談に応じます。

■ STEP 3　面接（対面またはWeb／1回のみ）
業務内容のご案内と、ご希望の働き方のお伺いをします。
ご希望の方にはオフィス見学や
現場スタッフとの対話の時間も設けます。

■ STEP 4　内定・条件面談
応募から内定まで最短1週間のスピード選考です。
入社日や勤務条件のご希望も調整いたします。

＝＝＝＝＝＝＝＝＝＝＝＝＝＝＝
【✧ご応募にあたって✧】

✔ 応募時に履歴書・職務経歴書は必要ありません
✔ 在職中の方も日程を調整できます
✔ 「話を聞いてみたい」だけのご応募も歓迎します

＝＝＝＝＝＝＝＝＝＝＝＝＝＝＝
【✧労働条件の明示✧】

■ 就業場所の変更の範囲
転勤はありません。本求人の勤務地での勤務となります。"
36,446,大東建託株式会社,転勤なし◎フレックス制度で無理なく働ける土地活用提案営業,未経験｜土地活用の提案営業｜神戸市西区,"✦・━━━━━━━━━━━━━━━・✦
＼兵庫県神戸市西区で募集中／
""提案する力""が身につく
土地活用の営業職◎
✦・━━━━━━━━━━━━━━━・✦

「商談って一人でやるものでは？」

大東建託の商談は、必ず上司が同席します。
未経験のうちから一人で抱え込む場面はありません。

＝＝＝＝＝＝＝＝＝＝＝＝＝＝＝
【✧提案営業は、この3ステップ✧】

■ ① 訪問
土地オーナー様を訪ね、商談の日程を調整します。

■ ② 商談
上司同席のもと、活用プランや契約条件を提案します。

■ ③ ご契約
成約1件につき、最大225万円のインセンティブを支給。
賞与支給のタイミングでまとめて受け取れます。

＝＝＝＝＝＝＝＝＝＝＝＝＝＝＝
【✨この仕事の魅力✨】

✅ 頑張りが成果に直結
成約数に応じてインセンティブが上乗せされます。

✅ 研修制度あり
未経験からでも、提案の組み立て方を一から学べます。

✅ 転勤・出張なし
会社が指定するエリアへの異動はなく、
希望する地域で働き続けられます。

＝＝＝＝＝＝＝＝＝＝＝＝＝＝＝
【✔働き方✔】

✔ フレックスタイム制度（月平均所定労働時間160時間）
✔ 固定残業代なし（残業分は時間外勤務手当で別途支給）
✔ 社会保険完備（健康保険・厚生年金・雇用保険・労災保険）
✔ 試用期間なし

自分のペースで、一件ずつ丁寧に進めていける仕事です。

案件No：446","《✼この仕事の4つのポイント✼》

✅ ① 商談は必ず上司同席
未経験のうちから一人で商談に臨むことはありません。
提案内容や契約条件の詰め方も、その場でサポートしてもらえます。

✅ ② 頑張りが成果報酬に直結
1件成約につき最大225万円のインセンティブを支給。
賞与のタイミングでまとめて受け取れます。

✅ ③ 転勤・出張なし
会社が指定するエリアへの異動は一切ありません。
自分の希望する地域で働き続けられます。

✅ ④ フレックスタイム制度
月平均所定労働時間160時間の中で、
始業・終業の時間配分を自分で組み立てられます。

＝＝＝＝＝＝＝＝＝＝＝＝＝＝＝
《✼待遇もしっかり✼》

✔ 月給制（固定残業代なし／残業分は時間外勤務手当で別途支給）
✔ 資格手当・家族手当・職種手当・通勤手当・役職手当・勤続手当
✔ 社会保険完備（健康保険・厚生年金・雇用保険・労災保険）
✔ 試用期間なし
✔ 初年度想定年収：340万円〜700万円
✔ 年収例：中途入社9年目／固定年額650万円＋賞与710万円＝1360万円
✔ 保養所完備・定期健康診断・人間ドック補助・スポーツクラブ利用補助・
　財形貯蓄制度・確定拠出年金（401K）・永年勤続表彰・社内厚生行事補助","✦・━━━━━━━━━━━━━━━・✦
＼まずは話を聞くところから／
選考は面接1回、最短1週間で内定
✦・━━━━━━━━━━━━━━━・✦

＝＝＝＝＝＝＝＝＝＝＝＝＝＝＝
【✧選考の流れ✧】

■ STEP 1　Web応募（所要1分）
氏名と連絡先など、簡単な入力だけで完了します。
応募段階での履歴書・職務経歴書は不要です。

■ STEP 2　カジュアル面談（オンライン／20〜30分）
「まずは話を聞いてみたい」でOKです。
私服・画面オフでのご参加も歓迎します。
面接ではなく相互理解の場ですので、
仕事内容や職場の雰囲気を気軽にお尋ねください。
平日夜間・早朝・土日の実施もご相談に応じます。

■ STEP 3　面接（対面またはWeb／1回のみ）
業務内容のご案内と、ご希望の働き方のお伺いをします。
ご希望の方にはオフィス見学や
現場スタッフとの対話の時間も設けます。

■ STEP 4　内定・条件面談
応募から内定まで最短1週間のスピード選考です。
入社日や勤務条件のご希望も調整いたします。

＝＝＝＝＝＝＝＝＝＝＝＝＝＝＝
【✧ご応募にあたって✧】

✔ 応募時に履歴書・職務経歴書は必要ありません
✔ 在職中の方も日程を調整できます
✔ 「話を聞いてみたい」だけのご応募も歓迎します

＝＝＝＝＝＝＝＝＝＝＝＝＝＝＝
【✧労働条件の明示✧】

■ 就業場所の変更の範囲
転勤はありません。本求人の勤務地での勤務となります。"
37,2648,大東建託株式会社,転勤なし◎フレックス制度で無理なく働ける土地活用提案営業,未経験｜土地活用の提案営業｜豊田市,"✦・━━━━━━━━━━━━━━━・✦
＼愛知県豊田市で募集中／
オーナー様の「土地」を
価値ある一棟に変える提案営業◎
✦・━━━━━━━━━━━━━━━・✦

「専門知識がないと厳しいのでは？」

商談には必ず上司が同席するので、
知識も進め方も、現場で身につけていけます。

＝＝＝＝＝＝＝＝＝＝＝＝＝＝＝
【✧提案営業は、この3ステップ✧】

■ ① 訪問
土地オーナー様のもとへ伺い、商談の日程を決めます。

■ ② 商談
上司同席で、活用プランや契約条件を一緒に詰めます。

■ ③ ご契約
契約成立で、1件あたり最大225万円のインセンティブを支給。
賞与のタイミングでまとめて支給されます。

＝＝＝＝＝＝＝＝＝＝＝＝＝＝＝
【✨この仕事の魅力✨】

✅ 転勤・出張なし
会社が指定するエリアへの異動はありません。
今の生活拠点を変えずに働き続けられます。

✅ 商談は一人で抱え込まない
上司同席が前提なので、未経験でも
その場で相談しながら進められます。

✅ 研修制度あり
提案の組み立て方から、丁寧に学べます。

＝＝＝＝＝＝＝＝＝＝＝＝＝＝＝
【✔働き方✔】

✔ フレックスタイム制度（月平均所定労働時間160時間）
✔ 固定残業代なし（残業分は時間外勤務手当で別途支給）
✔ 社会保険完備（健康保険・厚生年金・雇用保険・労災保険）
✔ 試用期間なし

まずはお気軽にご応募ください。

案件No：2648","《✼この仕事の4つのポイント✼》

✅ ① 商談は必ず上司同席
未経験のうちから一人で商談に臨むことはありません。
提案内容や契約条件の詰め方も、その場でサポートしてもらえます。

✅ ② 頑張りが成果報酬に直結
1件成約につき最大225万円のインセンティブを支給。
賞与のタイミングでまとめて受け取れます。

✅ ③ 転勤・出張なし
会社が指定するエリアへの異動は一切ありません。
自分の希望する地域で働き続けられます。

✅ ④ フレックスタイム制度
月平均所定労働時間160時間の中で、
始業・終業の時間配分を自分で組み立てられます。

＝＝＝＝＝＝＝＝＝＝＝＝＝＝＝
《✼待遇もしっかり✼》

✔ 月給制（固定残業代なし／残業分は時間外勤務手当で別途支給）
✔ 資格手当・家族手当・職種手当・通勤手当・役職手当・勤続手当
✔ 社会保険完備（健康保険・厚生年金・雇用保険・労災保険）
✔ 試用期間なし
✔ 初年度想定年収：340万円〜700万円
✔ 年収例：中途入社9年目／固定年額650万円＋賞与710万円＝1360万円
✔ 保養所完備・定期健康診断・人間ドック補助・スポーツクラブ利用補助・
　財形貯蓄制度・確定拠出年金（401K）・永年勤続表彰・社内厚生行事補助","✦・━━━━━━━━━━━━━━━・✦
＼まずは話を聞くところから／
選考は面接1回、最短1週間で内定
✦・━━━━━━━━━━━━━━━・✦

＝＝＝＝＝＝＝＝＝＝＝＝＝＝＝
【✧選考の流れ✧】

■ STEP 1　Web応募（所要1分）
氏名と連絡先など、簡単な入力だけで完了します。
応募段階での履歴書・職務経歴書は不要です。

■ STEP 2　カジュアル面談（オンライン／20〜30分）
「まずは話を聞いてみたい」でOKです。
私服・画面オフでのご参加も歓迎します。
面接ではなく相互理解の場ですので、
仕事内容や職場の雰囲気を気軽にお尋ねください。
平日夜間・早朝・土日の実施もご相談に応じます。

■ STEP 3　面接（対面またはWeb／1回のみ）
業務内容のご案内と、ご希望の働き方のお伺いをします。
ご希望の方にはオフィス見学や
現場スタッフとの対話の時間も設けます。

■ STEP 4　内定・条件面談
応募から内定まで最短1週間のスピード選考です。
入社日や勤務条件のご希望も調整いたします。

＝＝＝＝＝＝＝＝＝＝＝＝＝＝＝
【✧ご応募にあたって✧】

✔ 応募時に履歴書・職務経歴書は必要ありません
✔ 在職中の方も日程を調整できます
✔ 「話を聞いてみたい」だけのご応募も歓迎します

＝＝＝＝＝＝＝＝＝＝＝＝＝＝＝
【✧労働条件の明示✧】

■ 就業場所の変更の範囲
転勤はありません。本求人の勤務地での勤務となります。"
38,2471,大東建託株式会社,転勤なし◎フレックス制度で無理なく働ける土地活用提案営業,未経験｜土地活用の提案営業｜平塚市,"✦・━━━━━━━━━━━━━━━・✦
＼神奈川県平塚市で募集中／
土地オーナー様に「活用」を提案する
未経験からの営業職◎
✦・━━━━━━━━━━━━━━━・✦

「営業は未経験だから不安…」

そう感じる方ほど、まずは仕組みを知ってください。
商談には必ず上司が同席するので、
一人で判断を迫られる場面はありません。

＝＝＝＝＝＝＝＝＝＝＝＝＝＝＝
【✧提案営業は、この3ステップ✧】

■ ① 訪問
土地オーナー様のもとへ伺い、商談の日程を調整します。

■ ② 商談
上司が同席し、提案内容や契約条件をサポートします。

■ ③ ご契約
契約成立で、1件あたり最大225万円のインセンティブを支給。
賞与のタイミングでまとめて受け取れます。

＝＝＝＝＝＝＝＝＝＝＝＝＝＝＝
【✨この仕事の魅力✨】

✅ 商談は一人で抱え込まない
上司同席が前提なので、経験がなくても
その場で相談しながら進められます。

✅ 転勤・出張なし
会社が指定するエリアへの異動はありません。
自分の希望する地域で働き続けられます。

✅ 研修制度あり
商談の進め方や提案の組み立て方から学べます。

＝＝＝＝＝＝＝＝＝＝＝＝＝＝＝
【✔働き方✔】

✔ フレックスタイム制度（月平均所定労働時間160時間）
✔ 固定残業代なし（残業分は時間外勤務手当で別途支給）
✔ 社会保険完備（健康保険・厚生年金・雇用保険・労災保険）
✔ 試用期間なし

まずはお気軽にご応募ください。

案件No：2471","《✼この仕事の4つのポイント✼》

✅ ① 商談は必ず上司同席
未経験のうちから一人で商談に臨むことはありません。
提案内容や契約条件の詰め方も、その場でサポートしてもらえます。

✅ ② 頑張りが成果報酬に直結
1件成約につき最大225万円のインセンティブを支給。
賞与のタイミングでまとめて受け取れます。

✅ ③ 転勤・出張なし
会社が指定するエリアへの異動は一切ありません。
自分の希望する地域で働き続けられます。

✅ ④ フレックスタイム制度
月平均所定労働時間160時間の中で、
始業・終業の時間配分を自分で組み立てられます。

＝＝＝＝＝＝＝＝＝＝＝＝＝＝＝
《✼待遇もしっかり✼》

✔ 月給制（固定残業代なし／残業分は時間外勤務手当で別途支給）
✔ 資格手当・家族手当・職種手当・通勤手当・役職手当・勤続手当
✔ 社会保険完備（健康保険・厚生年金・雇用保険・労災保険）
✔ 試用期間なし
✔ 初年度想定年収：340万円〜700万円
✔ 年収例：中途入社9年目／固定年額650万円＋賞与710万円＝1360万円
✔ 保養所完備・定期健康診断・人間ドック補助・スポーツクラブ利用補助・
　財形貯蓄制度・確定拠出年金（401K）・永年勤続表彰・社内厚生行事補助","✦・━━━━━━━━━━━━━━━・✦
＼まずは話を聞くところから／
選考は面接1回、最短1週間で内定
✦・━━━━━━━━━━━━━━━・✦

＝＝＝＝＝＝＝＝＝＝＝＝＝＝＝
【✧選考の流れ✧】

■ STEP 1　Web応募（所要1分）
氏名と連絡先など、簡単な入力だけで完了します。
応募段階での履歴書・職務経歴書は不要です。

■ STEP 2　カジュアル面談（オンライン／20〜30分）
「まずは話を聞いてみたい」でOKです。
私服・画面オフでのご参加も歓迎します。
面接ではなく相互理解の場ですので、
仕事内容や職場の雰囲気を気軽にお尋ねください。
平日夜間・早朝・土日の実施もご相談に応じます。

■ STEP 3　面接（対面またはWeb／1回のみ）
業務内容のご案内と、ご希望の働き方のお伺いをします。
ご希望の方にはオフィス見学や
現場スタッフとの対話の時間も設けます。

■ STEP 4　内定・条件面談
応募から内定まで最短1週間のスピード選考です。
入社日や勤務条件のご希望も調整いたします。

＝＝＝＝＝＝＝＝＝＝＝＝＝＝＝
【✧ご応募にあたって✧】

✔ 応募時に履歴書・職務経歴書は必要ありません
✔ 在職中の方も日程を調整できます
✔ 「話を聞いてみたい」だけのご応募も歓迎します

＝＝＝＝＝＝＝＝＝＝＝＝＝＝＝
【✧労働条件の明示✧】

■ 就業場所の変更の範囲
転勤はありません。本求人の勤務地での勤務となります。"
39,1400,大東建託株式会社,転勤なし◎フレックス制度で無理なく働ける土地活用提案営業,未経験｜土地活用の提案営業｜港区,"✦・━━━━━━━━━━━━━━━・✦
＼東京都港区で募集中／
""提案する力""が身につく
土地活用の営業職◎
✦・━━━━━━━━━━━━━━━・✦

「商談って一人でやるものでは？」

大東建託の商談は、必ず上司が同席します。
未経験のうちから一人で抱え込む場面はありません。

＝＝＝＝＝＝＝＝＝＝＝＝＝＝＝
【✧提案営業は、この3ステップ✧】

■ ① 訪問
土地オーナー様を訪ね、商談の日程を調整します。

■ ② 商談
上司同席のもと、活用プランや契約条件を提案します。

■ ③ ご契約
成約1件につき、最大225万円のインセンティブを支給。
賞与支給のタイミングでまとめて受け取れます。

＝＝＝＝＝＝＝＝＝＝＝＝＝＝＝
【✨この仕事の魅力✨】

✅ 頑張りが成果に直結
成約数に応じてインセンティブが上乗せされます。

✅ 研修制度あり
未経験からでも、提案の組み立て方を一から学べます。

✅ 転勤・出張なし
会社が指定するエリアへの異動はなく、
希望する地域で働き続けられます。

＝＝＝＝＝＝＝＝＝＝＝＝＝＝＝
【✔働き方✔】

✔ フレックスタイム制度（月平均所定労働時間160時間）
✔ 固定残業代なし（残業分は時間外勤務手当で別途支給）
✔ 社会保険完備（健康保険・厚生年金・雇用保険・労災保険）
✔ 試用期間なし

自分のペースで、一件ずつ丁寧に進めていける仕事です。

案件No：1400","《✼この仕事の4つのポイント✼》

✅ ① 商談は必ず上司同席
未経験のうちから一人で商談に臨むことはありません。
提案内容や契約条件の詰め方も、その場でサポートしてもらえます。

✅ ② 頑張りが成果報酬に直結
1件成約につき最大225万円のインセンティブを支給。
賞与のタイミングでまとめて受け取れます。

✅ ③ 転勤・出張なし
会社が指定するエリアへの異動は一切ありません。
自分の希望する地域で働き続けられます。

✅ ④ フレックスタイム制度
月平均所定労働時間160時間の中で、
始業・終業の時間配分を自分で組み立てられます。

＝＝＝＝＝＝＝＝＝＝＝＝＝＝＝
《✼待遇もしっかり✼》

✔ 月給制（固定残業代なし／残業分は時間外勤務手当で別途支給）
✔ 資格手当・家族手当・職種手当・通勤手当・役職手当・勤続手当
✔ 社会保険完備（健康保険・厚生年金・雇用保険・労災保険）
✔ 試用期間なし
✔ 初年度想定年収：340万円〜700万円
✔ 年収例：中途入社9年目／固定年額650万円＋賞与710万円＝1360万円
✔ 保養所完備・定期健康診断・人間ドック補助・スポーツクラブ利用補助・
　財形貯蓄制度・確定拠出年金（401K）・永年勤続表彰・社内厚生行事補助","✦・━━━━━━━━━━━━━━━・✦
＼まずは話を聞くところから／
選考は面接1回、最短1週間で内定
✦・━━━━━━━━━━━━━━━・✦

＝＝＝＝＝＝＝＝＝＝＝＝＝＝＝
【✧選考の流れ✧】

■ STEP 1　Web応募（所要1分）
氏名と連絡先など、簡単な入力だけで完了します。
応募段階での履歴書・職務経歴書は不要です。

■ STEP 2　カジュアル面談（オンライン／20〜30分）
「まずは話を聞いてみたい」でOKです。
私服・画面オフでのご参加も歓迎します。
面接ではなく相互理解の場ですので、
仕事内容や職場の雰囲気を気軽にお尋ねください。
平日夜間・早朝・土日の実施もご相談に応じます。

■ STEP 3　面接（対面またはWeb／1回のみ）
業務内容のご案内と、ご希望の働き方のお伺いをします。
ご希望の方にはオフィス見学や
現場スタッフとの対話の時間も設けます。

■ STEP 4　内定・条件面談
応募から内定まで最短1週間のスピード選考です。
入社日や勤務条件のご希望も調整いたします。

＝＝＝＝＝＝＝＝＝＝＝＝＝＝＝
【✧ご応募にあたって✧】

✔ 応募時に履歴書・職務経歴書は必要ありません
✔ 在職中の方も日程を調整できます
✔ 「話を聞いてみたい」だけのご応募も歓迎します

＝＝＝＝＝＝＝＝＝＝＝＝＝＝＝
【✧労働条件の明示✧】

■ 就業場所の変更の範囲
転勤はありません。本求人の勤務地での勤務となります。"
40,2396,大東建託株式会社,転勤なし◎フレックス制度で無理なく働ける土地活用提案営業,未経験｜土地活用の提案営業｜神戸市中央区,"✦・━━━━━━━━━━━━━━━・✦
＼兵庫県神戸市中央区で募集中／
オーナー様の「土地」を
価値ある一棟に変える提案営業◎
✦・━━━━━━━━━━━━━━━・✦

「専門知識がないと厳しいのでは？」

商談には必ず上司が同席するので、
知識も進め方も、現場で身につけていけます。

＝＝＝＝＝＝＝＝＝＝＝＝＝＝＝
【✧提案営業は、この3ステップ✧】

■ ① 訪問
土地オーナー様のもとへ伺い、商談の日程を決めます。

■ ② 商談
上司同席で、活用プランや契約条件を一緒に詰めます。

■ ③ ご契約
契約成立で、1件あたり最大225万円のインセンティブを支給。
賞与のタイミングでまとめて支給されます。

＝＝＝＝＝＝＝＝＝＝＝＝＝＝＝
【✨この仕事の魅力✨】

✅ 転勤・出張なし
会社が指定するエリアへの異動はありません。
今の生活拠点を変えずに働き続けられます。

✅ 商談は一人で抱え込まない
上司同席が前提なので、未経験でも
その場で相談しながら進められます。

✅ 研修制度あり
提案の組み立て方から、丁寧に学べます。

＝＝＝＝＝＝＝＝＝＝＝＝＝＝＝
【✔働き方✔】

✔ フレックスタイム制度（月平均所定労働時間160時間）
✔ 固定残業代なし（残業分は時間外勤務手当で別途支給）
✔ 社会保険完備（健康保険・厚生年金・雇用保険・労災保険）
✔ 試用期間なし

まずはお気軽にご応募ください。

案件No：2396","《✼この仕事の4つのポイント✼》

✅ ① 商談は必ず上司同席
未経験のうちから一人で商談に臨むことはありません。
提案内容や契約条件の詰め方も、その場でサポートしてもらえます。

✅ ② 頑張りが成果報酬に直結
1件成約につき最大225万円のインセンティブを支給。
賞与のタイミングでまとめて受け取れます。

✅ ③ 転勤・出張なし
会社が指定するエリアへの異動は一切ありません。
自分の希望する地域で働き続けられます。

✅ ④ フレックスタイム制度
月平均所定労働時間160時間の中で、
始業・終業の時間配分を自分で組み立てられます。

＝＝＝＝＝＝＝＝＝＝＝＝＝＝＝
《✼待遇もしっかり✼》

✔ 月給制（固定残業代なし／残業分は時間外勤務手当で別途支給）
✔ 資格手当・家族手当・職種手当・通勤手当・役職手当・勤続手当
✔ 社会保険完備（健康保険・厚生年金・雇用保険・労災保険）
✔ 試用期間なし
✔ 初年度想定年収：340万円〜700万円
✔ 年収例：中途入社9年目／固定年額650万円＋賞与710万円＝1360万円
✔ 保養所完備・定期健康診断・人間ドック補助・スポーツクラブ利用補助・
　財形貯蓄制度・確定拠出年金（401K）・永年勤続表彰・社内厚生行事補助","✦・━━━━━━━━━━━━━━━・✦
＼まずは話を聞くところから／
選考は面接1回、最短1週間で内定
✦・━━━━━━━━━━━━━━━・✦

＝＝＝＝＝＝＝＝＝＝＝＝＝＝＝
【✧選考の流れ✧】

■ STEP 1　Web応募（所要1分）
氏名と連絡先など、簡単な入力だけで完了します。
応募段階での履歴書・職務経歴書は不要です。

■ STEP 2　カジュアル面談（オンライン／20〜30分）
「まずは話を聞いてみたい」でOKです。
私服・画面オフでのご参加も歓迎します。
面接ではなく相互理解の場ですので、
仕事内容や職場の雰囲気を気軽にお尋ねください。
平日夜間・早朝・土日の実施もご相談に応じます。

■ STEP 3　面接（対面またはWeb／1回のみ）
業務内容のご案内と、ご希望の働き方のお伺いをします。
ご希望の方にはオフィス見学や
現場スタッフとの対話の時間も設けます。

■ STEP 4　内定・条件面談
応募から内定まで最短1週間のスピード選考です。
入社日や勤務条件のご希望も調整いたします。

＝＝＝＝＝＝＝＝＝＝＝＝＝＝＝
【✧ご応募にあたって✧】

✔ 応募時に履歴書・職務経歴書は必要ありません
✔ 在職中の方も日程を調整できます
✔ 「話を聞いてみたい」だけのご応募も歓迎します

＝＝＝＝＝＝＝＝＝＝＝＝＝＝＝
【✧労働条件の明示✧】

■ 就業場所の変更の範囲
転勤はありません。本求人の勤務地での勤務となります。"
41,2747,大東建託株式会社,転勤なし◎フレックス制度で無理なく働ける土地活用提案営業,未経験｜土地活用の提案営業｜名古屋市緑区,"✦・━━━━━━━━━━━━━━━・✦
＼愛知県名古屋市緑区で募集中／
土地オーナー様に「活用」を提案する
未経験からの営業職◎
✦・━━━━━━━━━━━━━━━・✦

「営業は未経験だから不安…」

そう感じる方ほど、まずは仕組みを知ってください。
商談には必ず上司が同席するので、
一人で判断を迫られる場面はありません。

＝＝＝＝＝＝＝＝＝＝＝＝＝＝＝
【✧提案営業は、この3ステップ✧】

■ ① 訪問
土地オーナー様のもとへ伺い、商談の日程を調整します。

■ ② 商談
上司が同席し、提案内容や契約条件をサポートします。

■ ③ ご契約
契約成立で、1件あたり最大225万円のインセンティブを支給。
賞与のタイミングでまとめて受け取れます。

＝＝＝＝＝＝＝＝＝＝＝＝＝＝＝
【✨この仕事の魅力✨】

✅ 商談は一人で抱え込まない
上司同席が前提なので、経験がなくても
その場で相談しながら進められます。

✅ 転勤・出張なし
会社が指定するエリアへの異動はありません。
自分の希望する地域で働き続けられます。

✅ 研修制度あり
商談の進め方や提案の組み立て方から学べます。

＝＝＝＝＝＝＝＝＝＝＝＝＝＝＝
【✔働き方✔】

✔ フレックスタイム制度（月平均所定労働時間160時間）
✔ 固定残業代なし（残業分は時間外勤務手当で別途支給）
✔ 社会保険完備（健康保険・厚生年金・雇用保険・労災保険）
✔ 試用期間なし

まずはお気軽にご応募ください。

案件No：2747","《✼この仕事の4つのポイント✼》

✅ ① 商談は必ず上司同席
未経験のうちから一人で商談に臨むことはありません。
提案内容や契約条件の詰め方も、その場でサポートしてもらえます。

✅ ② 頑張りが成果報酬に直結
1件成約につき最大225万円のインセンティブを支給。
賞与のタイミングでまとめて受け取れます。

✅ ③ 転勤・出張なし
会社が指定するエリアへの異動は一切ありません。
自分の希望する地域で働き続けられます。

✅ ④ フレックスタイム制度
月平均所定労働時間160時間の中で、
始業・終業の時間配分を自分で組み立てられます。

＝＝＝＝＝＝＝＝＝＝＝＝＝＝＝
《✼待遇もしっかり✼》

✔ 月給制（固定残業代なし／残業分は時間外勤務手当で別途支給）
✔ 資格手当・家族手当・職種手当・通勤手当・役職手当・勤続手当
✔ 社会保険完備（健康保険・厚生年金・雇用保険・労災保険）
✔ 試用期間なし
✔ 初年度想定年収：340万円〜700万円
✔ 年収例：中途入社9年目／固定年額650万円＋賞与710万円＝1360万円
✔ 保養所完備・定期健康診断・人間ドック補助・スポーツクラブ利用補助・
　財形貯蓄制度・確定拠出年金（401K）・永年勤続表彰・社内厚生行事補助","✦・━━━━━━━━━━━━━━━・✦
＼まずは話を聞くところから／
選考は面接1回、最短1週間で内定
✦・━━━━━━━━━━━━━━━・✦

＝＝＝＝＝＝＝＝＝＝＝＝＝＝＝
【✧選考の流れ✧】

■ STEP 1　Web応募（所要1分）
氏名と連絡先など、簡単な入力だけで完了します。
応募段階での履歴書・職務経歴書は不要です。

■ STEP 2　カジュアル面談（オンライン／20〜30分）
「まずは話を聞いてみたい」でOKです。
私服・画面オフでのご参加も歓迎します。
面接ではなく相互理解の場ですので、
仕事内容や職場の雰囲気を気軽にお尋ねください。
平日夜間・早朝・土日の実施もご相談に応じます。

■ STEP 3　面接（対面またはWeb／1回のみ）
業務内容のご案内と、ご希望の働き方のお伺いをします。
ご希望の方にはオフィス見学や
現場スタッフとの対話の時間も設けます。

■ STEP 4　内定・条件面談
応募から内定まで最短1週間のスピード選考です。
入社日や勤務条件のご希望も調整いたします。

＝＝＝＝＝＝＝＝＝＝＝＝＝＝＝
【✧ご応募にあたって✧】

✔ 応募時に履歴書・職務経歴書は必要ありません
✔ 在職中の方も日程を調整できます
✔ 「話を聞いてみたい」だけのご応募も歓迎します

＝＝＝＝＝＝＝＝＝＝＝＝＝＝＝
【✧労働条件の明示✧】

■ 就業場所の変更の範囲
転勤はありません。本求人の勤務地での勤務となります。"
42,1662,大東建託株式会社,転勤なし◎フレックス制度で無理なく働ける土地活用提案営業,未経験｜土地活用の提案営業｜国分寺市,"✦・━━━━━━━━━━━━━━━・✦
＼東京都国分寺市で募集中／
""提案する力""が身につく
土地活用の営業職◎
✦・━━━━━━━━━━━━━━━・✦

「商談って一人でやるものでは？」

大東建託の商談は、必ず上司が同席します。
未経験のうちから一人で抱え込む場面はありません。

＝＝＝＝＝＝＝＝＝＝＝＝＝＝＝
【✧提案営業は、この3ステップ✧】

■ ① 訪問
土地オーナー様を訪ね、商談の日程を調整します。

■ ② 商談
上司同席のもと、活用プランや契約条件を提案します。

■ ③ ご契約
成約1件につき、最大225万円のインセンティブを支給。
賞与支給のタイミングでまとめて受け取れます。

＝＝＝＝＝＝＝＝＝＝＝＝＝＝＝
【✨この仕事の魅力✨】

✅ 頑張りが成果に直結
成約数に応じてインセンティブが上乗せされます。

✅ 研修制度あり
未経験からでも、提案の組み立て方を一から学べます。

✅ 転勤・出張なし
会社が指定するエリアへの異動はなく、
希望する地域で働き続けられます。

＝＝＝＝＝＝＝＝＝＝＝＝＝＝＝
【✔働き方✔】

✔ フレックスタイム制度（月平均所定労働時間160時間）
✔ 固定残業代なし（残業分は時間外勤務手当で別途支給）
✔ 社会保険完備（健康保険・厚生年金・雇用保険・労災保険）
✔ 試用期間なし

自分のペースで、一件ずつ丁寧に進めていける仕事です。

案件No：1662","《✼この仕事の4つのポイント✼》

✅ ① 商談は必ず上司同席
未経験のうちから一人で商談に臨むことはありません。
提案内容や契約条件の詰め方も、その場でサポートしてもらえます。

✅ ② 頑張りが成果報酬に直結
1件成約につき最大225万円のインセンティブを支給。
賞与のタイミングでまとめて受け取れます。

✅ ③ 転勤・出張なし
会社が指定するエリアへの異動は一切ありません。
自分の希望する地域で働き続けられます。

✅ ④ フレックスタイム制度
月平均所定労働時間160時間の中で、
始業・終業の時間配分を自分で組み立てられます。

＝＝＝＝＝＝＝＝＝＝＝＝＝＝＝
《✼待遇もしっかり✼》

✔ 月給制（固定残業代なし／残業分は時間外勤務手当で別途支給）
✔ 資格手当・家族手当・職種手当・通勤手当・役職手当・勤続手当
✔ 社会保険完備（健康保険・厚生年金・雇用保険・労災保険）
✔ 試用期間なし
✔ 初年度想定年収：340万円〜700万円
✔ 年収例：中途入社9年目／固定年額650万円＋賞与710万円＝1360万円
✔ 保養所完備・定期健康診断・人間ドック補助・スポーツクラブ利用補助・
　財形貯蓄制度・確定拠出年金（401K）・永年勤続表彰・社内厚生行事補助","✦・━━━━━━━━━━━━━━━・✦
＼まずは話を聞くところから／
選考は面接1回、最短1週間で内定
✦・━━━━━━━━━━━━━━━・✦

＝＝＝＝＝＝＝＝＝＝＝＝＝＝＝
【✧選考の流れ✧】

■ STEP 1　Web応募（所要1分）
氏名と連絡先など、簡単な入力だけで完了します。
応募段階での履歴書・職務経歴書は不要です。

■ STEP 2　カジュアル面談（オンライン／20〜30分）
「まずは話を聞いてみたい」でOKです。
私服・画面オフでのご参加も歓迎します。
面接ではなく相互理解の場ですので、
仕事内容や職場の雰囲気を気軽にお尋ねください。
平日夜間・早朝・土日の実施もご相談に応じます。

■ STEP 3　面接（対面またはWeb／1回のみ）
業務内容のご案内と、ご希望の働き方のお伺いをします。
ご希望の方にはオフィス見学や
現場スタッフとの対話の時間も設けます。

■ STEP 4　内定・条件面談
応募から内定まで最短1週間のスピード選考です。
入社日や勤務条件のご希望も調整いたします。

＝＝＝＝＝＝＝＝＝＝＝＝＝＝＝
【✧ご応募にあたって✧】

✔ 応募時に履歴書・職務経歴書は必要ありません
✔ 在職中の方も日程を調整できます
✔ 「話を聞いてみたい」だけのご応募も歓迎します

＝＝＝＝＝＝＝＝＝＝＝＝＝＝＝
【✧労働条件の明示✧】

■ 就業場所の変更の範囲
転勤はありません。本求人の勤務地での勤務となります。"
43,1075,大東建託株式会社,転勤なし◎フレックス制度で無理なく働ける土地活用提案営業,未経験｜土地活用の提案営業｜福知山市,"✦・━━━━━━━━━━━━━━━・✦
＼京都府福知山市で募集中／
オーナー様の「土地」を
価値ある一棟に変える提案営業◎
✦・━━━━━━━━━━━━━━━・✦

「専門知識がないと厳しいのでは？」

商談には必ず上司が同席するので、
知識も進め方も、現場で身につけていけます。

＝＝＝＝＝＝＝＝＝＝＝＝＝＝＝
【✧提案営業は、この3ステップ✧】

■ ① 訪問
土地オーナー様のもとへ伺い、商談の日程を決めます。

■ ② 商談
上司同席で、活用プランや契約条件を一緒に詰めます。

■ ③ ご契約
契約成立で、1件あたり最大225万円のインセンティブを支給。
賞与のタイミングでまとめて支給されます。

＝＝＝＝＝＝＝＝＝＝＝＝＝＝＝
【✨この仕事の魅力✨】

✅ 転勤・出張なし
会社が指定するエリアへの異動はありません。
今の生活拠点を変えずに働き続けられます。

✅ 商談は一人で抱え込まない
上司同席が前提なので、未経験でも
その場で相談しながら進められます。

✅ 研修制度あり
提案の組み立て方から、丁寧に学べます。

＝＝＝＝＝＝＝＝＝＝＝＝＝＝＝
【✔働き方✔】

✔ フレックスタイム制度（月平均所定労働時間160時間）
✔ 固定残業代なし（残業分は時間外勤務手当で別途支給）
✔ 社会保険完備（健康保険・厚生年金・雇用保険・労災保険）
✔ 試用期間なし

まずはお気軽にご応募ください。

案件No：1075","《✼この仕事の4つのポイント✼》

✅ ① 商談は必ず上司同席
未経験のうちから一人で商談に臨むことはありません。
提案内容や契約条件の詰め方も、その場でサポートしてもらえます。

✅ ② 頑張りが成果報酬に直結
1件成約につき最大225万円のインセンティブを支給。
賞与のタイミングでまとめて受け取れます。

✅ ③ 転勤・出張なし
会社が指定するエリアへの異動は一切ありません。
自分の希望する地域で働き続けられます。

✅ ④ フレックスタイム制度
月平均所定労働時間160時間の中で、
始業・終業の時間配分を自分で組み立てられます。

＝＝＝＝＝＝＝＝＝＝＝＝＝＝＝
《✼待遇もしっかり✼》

✔ 月給制（固定残業代なし／残業分は時間外勤務手当で別途支給）
✔ 資格手当・家族手当・職種手当・通勤手当・役職手当・勤続手当
✔ 社会保険完備（健康保険・厚生年金・雇用保険・労災保険）
✔ 試用期間なし
✔ 初年度想定年収：340万円〜700万円
✔ 年収例：中途入社9年目／固定年額650万円＋賞与710万円＝1360万円
✔ 保養所完備・定期健康診断・人間ドック補助・スポーツクラブ利用補助・
　財形貯蓄制度・確定拠出年金（401K）・永年勤続表彰・社内厚生行事補助","✦・━━━━━━━━━━━━━━━・✦
＼まずは話を聞くところから／
選考は面接1回、最短1週間で内定
✦・━━━━━━━━━━━━━━━・✦

＝＝＝＝＝＝＝＝＝＝＝＝＝＝＝
【✧選考の流れ✧】

■ STEP 1　Web応募（所要1分）
氏名と連絡先など、簡単な入力だけで完了します。
応募段階での履歴書・職務経歴書は不要です。

■ STEP 2　カジュアル面談（オンライン／20〜30分）
「まずは話を聞いてみたい」でOKです。
私服・画面オフでのご参加も歓迎します。
面接ではなく相互理解の場ですので、
仕事内容や職場の雰囲気を気軽にお尋ねください。
平日夜間・早朝・土日の実施もご相談に応じます。

■ STEP 3　面接（対面またはWeb／1回のみ）
業務内容のご案内と、ご希望の働き方のお伺いをします。
ご希望の方にはオフィス見学や
現場スタッフとの対話の時間も設けます。

■ STEP 4　内定・条件面談
応募から内定まで最短1週間のスピード選考です。
入社日や勤務条件のご希望も調整いたします。

＝＝＝＝＝＝＝＝＝＝＝＝＝＝＝
【✧ご応募にあたって✧】

✔ 応募時に履歴書・職務経歴書は必要ありません
✔ 在職中の方も日程を調整できます
✔ 「話を聞いてみたい」だけのご応募も歓迎します

＝＝＝＝＝＝＝＝＝＝＝＝＝＝＝
【✧労働条件の明示✧】

■ 就業場所の変更の範囲
転勤はありません。本求人の勤務地での勤務となります。"
44,1706,大東建託株式会社,転勤なし◎フレックス制度で無理なく働ける土地活用提案営業,未経験｜土地活用の提案営業｜秋田市,"✦・━━━━━━━━━━━━━━━・✦
＼秋田県秋田市で募集中／
土地オーナー様に「活用」を提案する
未経験からの営業職◎
✦・━━━━━━━━━━━━━━━・✦

「営業は未経験だから不安…」

そう感じる方ほど、まずは仕組みを知ってください。
商談には必ず上司が同席するので、
一人で判断を迫られる場面はありません。

＝＝＝＝＝＝＝＝＝＝＝＝＝＝＝
【✧提案営業は、この3ステップ✧】

■ ① 訪問
土地オーナー様のもとへ伺い、商談の日程を調整します。

■ ② 商談
上司が同席し、提案内容や契約条件をサポートします。

■ ③ ご契約
契約成立で、1件あたり最大225万円のインセンティブを支給。
賞与のタイミングでまとめて受け取れます。

＝＝＝＝＝＝＝＝＝＝＝＝＝＝＝
【✨この仕事の魅力✨】

✅ 商談は一人で抱え込まない
上司同席が前提なので、経験がなくても
その場で相談しながら進められます。

✅ 転勤・出張なし
会社が指定するエリアへの異動はありません。
自分の希望する地域で働き続けられます。

✅ 研修制度あり
商談の進め方や提案の組み立て方から学べます。

＝＝＝＝＝＝＝＝＝＝＝＝＝＝＝
【✔働き方✔】

✔ フレックスタイム制度（月平均所定労働時間160時間）
✔ 固定残業代なし（残業分は時間外勤務手当で別途支給）
✔ 社会保険完備（健康保険・厚生年金・雇用保険・労災保険）
✔ 試用期間なし

まずはお気軽にご応募ください。

案件No：1706","《✼この仕事の4つのポイント✼》

✅ ① 商談は必ず上司同席
未経験のうちから一人で商談に臨むことはありません。
提案内容や契約条件の詰め方も、その場でサポートしてもらえます。

✅ ② 頑張りが成果報酬に直結
1件成約につき最大225万円のインセンティブを支給。
賞与のタイミングでまとめて受け取れます。

✅ ③ 転勤・出張なし
会社が指定するエリアへの異動は一切ありません。
自分の希望する地域で働き続けられます。

✅ ④ フレックスタイム制度
月平均所定労働時間160時間の中で、
始業・終業の時間配分を自分で組み立てられます。

＝＝＝＝＝＝＝＝＝＝＝＝＝＝＝
《✼待遇もしっかり✼》

✔ 月給制（固定残業代なし／残業分は時間外勤務手当で別途支給）
✔ 資格手当・家族手当・職種手当・通勤手当・役職手当・勤続手当
✔ 社会保険完備（健康保険・厚生年金・雇用保険・労災保険）
✔ 試用期間なし
✔ 初年度想定年収：340万円〜700万円
✔ 年収例：中途入社9年目／固定年額650万円＋賞与710万円＝1360万円
✔ 保養所完備・定期健康診断・人間ドック補助・スポーツクラブ利用補助・
　財形貯蓄制度・確定拠出年金（401K）・永年勤続表彰・社内厚生行事補助","✦・━━━━━━━━━━━━━━━・✦
＼まずは話を聞くところから／
選考は面接1回、最短1週間で内定
✦・━━━━━━━━━━━━━━━・✦

＝＝＝＝＝＝＝＝＝＝＝＝＝＝＝
【✧選考の流れ✧】

■ STEP 1　Web応募（所要1分）
氏名と連絡先など、簡単な入力だけで完了します。
応募段階での履歴書・職務経歴書は不要です。

■ STEP 2　カジュアル面談（オンライン／20〜30分）
「まずは話を聞いてみたい」でOKです。
私服・画面オフでのご参加も歓迎します。
面接ではなく相互理解の場ですので、
仕事内容や職場の雰囲気を気軽にお尋ねください。
平日夜間・早朝・土日の実施もご相談に応じます。

■ STEP 3　面接（対面またはWeb／1回のみ）
業務内容のご案内と、ご希望の働き方のお伺いをします。
ご希望の方にはオフィス見学や
現場スタッフとの対話の時間も設けます。

■ STEP 4　内定・条件面談
応募から内定まで最短1週間のスピード選考です。
入社日や勤務条件のご希望も調整いたします。

＝＝＝＝＝＝＝＝＝＝＝＝＝＝＝
【✧ご応募にあたって✧】

✔ 応募時に履歴書・職務経歴書は必要ありません
✔ 在職中の方も日程を調整できます
✔ 「話を聞いてみたい」だけのご応募も歓迎します

＝＝＝＝＝＝＝＝＝＝＝＝＝＝＝
【✧労働条件の明示✧】

■ 就業場所の変更の範囲
転勤はありません。本求人の勤務地での勤務となります。"
45,1789,大東建託株式会社,転勤なし◎フレックス制度で無理なく働ける土地活用提案営業,未経験｜土地活用の提案営業｜名古屋市西区,"✦・━━━━━━━━━━━━━━━・✦
＼愛知県名古屋市西区で募集中／
""提案する力""が身につく
土地活用の営業職◎
✦・━━━━━━━━━━━━━━━・✦

「商談って一人でやるものでは？」

大東建託の商談は、必ず上司が同席します。
未経験のうちから一人で抱え込む場面はありません。

＝＝＝＝＝＝＝＝＝＝＝＝＝＝＝
【✧提案営業は、この3ステップ✧】

■ ① 訪問
土地オーナー様を訪ね、商談の日程を調整します。

■ ② 商談
上司同席のもと、活用プランや契約条件を提案します。

■ ③ ご契約
成約1件につき、最大225万円のインセンティブを支給。
賞与支給のタイミングでまとめて受け取れます。

＝＝＝＝＝＝＝＝＝＝＝＝＝＝＝
【✨この仕事の魅力✨】

✅ 頑張りが成果に直結
成約数に応じてインセンティブが上乗せされます。

✅ 研修制度あり
未経験からでも、提案の組み立て方を一から学べます。

✅ 転勤・出張なし
会社が指定するエリアへの異動はなく、
希望する地域で働き続けられます。

＝＝＝＝＝＝＝＝＝＝＝＝＝＝＝
【✔働き方✔】

✔ フレックスタイム制度（月平均所定労働時間160時間）
✔ 固定残業代なし（残業分は時間外勤務手当で別途支給）
✔ 社会保険完備（健康保険・厚生年金・雇用保険・労災保険）
✔ 試用期間なし

自分のペースで、一件ずつ丁寧に進めていける仕事です。

案件No：1789","《✼この仕事の4つのポイント✼》

✅ ① 商談は必ず上司同席
未経験のうちから一人で商談に臨むことはありません。
提案内容や契約条件の詰め方も、その場でサポートしてもらえます。

✅ ② 頑張りが成果報酬に直結
1件成約につき最大225万円のインセンティブを支給。
賞与のタイミングでまとめて受け取れます。

✅ ③ 転勤・出張なし
会社が指定するエリアへの異動は一切ありません。
自分の希望する地域で働き続けられます。

✅ ④ フレックスタイム制度
月平均所定労働時間160時間の中で、
始業・終業の時間配分を自分で組み立てられます。

＝＝＝＝＝＝＝＝＝＝＝＝＝＝＝
《✼待遇もしっかり✼》

✔ 月給制（固定残業代なし／残業分は時間外勤務手当で別途支給）
✔ 資格手当・家族手当・職種手当・通勤手当・役職手当・勤続手当
✔ 社会保険完備（健康保険・厚生年金・雇用保険・労災保険）
✔ 試用期間なし
✔ 初年度想定年収：340万円〜700万円
✔ 年収例：中途入社9年目／固定年額650万円＋賞与710万円＝1360万円
✔ 保養所完備・定期健康診断・人間ドック補助・スポーツクラブ利用補助・
　財形貯蓄制度・確定拠出年金（401K）・永年勤続表彰・社内厚生行事補助","✦・━━━━━━━━━━━━━━━・✦
＼まずは話を聞くところから／
選考は面接1回、最短1週間で内定
✦・━━━━━━━━━━━━━━━・✦

＝＝＝＝＝＝＝＝＝＝＝＝＝＝＝
【✧選考の流れ✧】

■ STEP 1　Web応募（所要1分）
氏名と連絡先など、簡単な入力だけで完了します。
応募段階での履歴書・職務経歴書は不要です。

■ STEP 2　カジュアル面談（オンライン／20〜30分）
「まずは話を聞いてみたい」でOKです。
私服・画面オフでのご参加も歓迎します。
面接ではなく相互理解の場ですので、
仕事内容や職場の雰囲気を気軽にお尋ねください。
平日夜間・早朝・土日の実施もご相談に応じます。

■ STEP 3　面接（対面またはWeb／1回のみ）
業務内容のご案内と、ご希望の働き方のお伺いをします。
ご希望の方にはオフィス見学や
現場スタッフとの対話の時間も設けます。

■ STEP 4　内定・条件面談
応募から内定まで最短1週間のスピード選考です。
入社日や勤務条件のご希望も調整いたします。

＝＝＝＝＝＝＝＝＝＝＝＝＝＝＝
【✧ご応募にあたって✧】

✔ 応募時に履歴書・職務経歴書は必要ありません
✔ 在職中の方も日程を調整できます
✔ 「話を聞いてみたい」だけのご応募も歓迎します

＝＝＝＝＝＝＝＝＝＝＝＝＝＝＝
【✧労働条件の明示✧】

■ 就業場所の変更の範囲
転勤はありません。本求人の勤務地での勤務となります。"
46,583,大東建託株式会社,転勤なし◎フレックス制度で無理なく働ける土地活用提案営業,未経験｜土地活用の提案営業｜三鷹市,"✦・━━━━━━━━━━━━━━━・✦
＼東京都三鷹市で募集中／
オーナー様の「土地」を
価値ある一棟に変える提案営業◎
✦・━━━━━━━━━━━━━━━・✦

「専門知識がないと厳しいのでは？」

商談には必ず上司が同席するので、
知識も進め方も、現場で身につけていけます。

＝＝＝＝＝＝＝＝＝＝＝＝＝＝＝
【✧提案営業は、この3ステップ✧】

■ ① 訪問
土地オーナー様のもとへ伺い、商談の日程を決めます。

■ ② 商談
上司同席で、活用プランや契約条件を一緒に詰めます。

■ ③ ご契約
契約成立で、1件あたり最大225万円のインセンティブを支給。
賞与のタイミングでまとめて支給されます。

＝＝＝＝＝＝＝＝＝＝＝＝＝＝＝
【✨この仕事の魅力✨】

✅ 転勤・出張なし
会社が指定するエリアへの異動はありません。
今の生活拠点を変えずに働き続けられます。

✅ 商談は一人で抱え込まない
上司同席が前提なので、未経験でも
その場で相談しながら進められます。

✅ 研修制度あり
提案の組み立て方から、丁寧に学べます。

＝＝＝＝＝＝＝＝＝＝＝＝＝＝＝
【✔働き方✔】

✔ フレックスタイム制度（月平均所定労働時間160時間）
✔ 固定残業代なし（残業分は時間外勤務手当で別途支給）
✔ 社会保険完備（健康保険・厚生年金・雇用保険・労災保険）
✔ 試用期間なし

まずはお気軽にご応募ください。

案件No：583","《✼この仕事の4つのポイント✼》

✅ ① 商談は必ず上司同席
未経験のうちから一人で商談に臨むことはありません。
提案内容や契約条件の詰め方も、その場でサポートしてもらえます。

✅ ② 頑張りが成果報酬に直結
1件成約につき最大225万円のインセンティブを支給。
賞与のタイミングでまとめて受け取れます。

✅ ③ 転勤・出張なし
会社が指定するエリアへの異動は一切ありません。
自分の希望する地域で働き続けられます。

✅ ④ フレックスタイム制度
月平均所定労働時間160時間の中で、
始業・終業の時間配分を自分で組み立てられます。

＝＝＝＝＝＝＝＝＝＝＝＝＝＝＝
《✼待遇もしっかり✼》

✔ 月給制（固定残業代なし／残業分は時間外勤務手当で別途支給）
✔ 資格手当・家族手当・職種手当・通勤手当・役職手当・勤続手当
✔ 社会保険完備（健康保険・厚生年金・雇用保険・労災保険）
✔ 試用期間なし
✔ 初年度想定年収：340万円〜700万円
✔ 年収例：中途入社9年目／固定年額650万円＋賞与710万円＝1360万円
✔ 保養所完備・定期健康診断・人間ドック補助・スポーツクラブ利用補助・
　財形貯蓄制度・確定拠出年金（401K）・永年勤続表彰・社内厚生行事補助","✦・━━━━━━━━━━━━━━━・✦
＼まずは話を聞くところから／
選考は面接1回、最短1週間で内定
✦・━━━━━━━━━━━━━━━・✦

＝＝＝＝＝＝＝＝＝＝＝＝＝＝＝
【✧選考の流れ✧】

■ STEP 1　Web応募（所要1分）
氏名と連絡先など、簡単な入力だけで完了します。
応募段階での履歴書・職務経歴書は不要です。

■ STEP 2　カジュアル面談（オンライン／20〜30分）
「まずは話を聞いてみたい」でOKです。
私服・画面オフでのご参加も歓迎します。
面接ではなく相互理解の場ですので、
仕事内容や職場の雰囲気を気軽にお尋ねください。
平日夜間・早朝・土日の実施もご相談に応じます。

■ STEP 3　面接（対面またはWeb／1回のみ）
業務内容のご案内と、ご希望の働き方のお伺いをします。
ご希望の方にはオフィス見学や
現場スタッフとの対話の時間も設けます。

■ STEP 4　内定・条件面談
応募から内定まで最短1週間のスピード選考です。
入社日や勤務条件のご希望も調整いたします。

＝＝＝＝＝＝＝＝＝＝＝＝＝＝＝
【✧ご応募にあたって✧】

✔ 応募時に履歴書・職務経歴書は必要ありません
✔ 在職中の方も日程を調整できます
✔ 「話を聞いてみたい」だけのご応募も歓迎します

＝＝＝＝＝＝＝＝＝＝＝＝＝＝＝
【✧労働条件の明示✧】

■ 就業場所の変更の範囲
転勤はありません。本求人の勤務地での勤務となります。"
47,2756,大東建託株式会社,転勤なし◎フレックス制度で無理なく働ける土地活用提案営業,未経験｜土地活用の提案営業｜山形市,"✦・━━━━━━━━━━━━━━━・✦
＼山形県山形市で募集中／
土地オーナー様に「活用」を提案する
未経験からの営業職◎
✦・━━━━━━━━━━━━━━━・✦

「営業は未経験だから不安…」

そう感じる方ほど、まずは仕組みを知ってください。
商談には必ず上司が同席するので、
一人で判断を迫られる場面はありません。

＝＝＝＝＝＝＝＝＝＝＝＝＝＝＝
【✧提案営業は、この3ステップ✧】

■ ① 訪問
土地オーナー様のもとへ伺い、商談の日程を調整します。

■ ② 商談
上司が同席し、提案内容や契約条件をサポートします。

■ ③ ご契約
契約成立で、1件あたり最大225万円のインセンティブを支給。
賞与のタイミングでまとめて受け取れます。

＝＝＝＝＝＝＝＝＝＝＝＝＝＝＝
【✨この仕事の魅力✨】

✅ 商談は一人で抱え込まない
上司同席が前提なので、経験がなくても
その場で相談しながら進められます。

✅ 転勤・出張なし
会社が指定するエリアへの異動はありません。
自分の希望する地域で働き続けられます。

✅ 研修制度あり
商談の進め方や提案の組み立て方から学べます。

＝＝＝＝＝＝＝＝＝＝＝＝＝＝＝
【✔働き方✔】

✔ フレックスタイム制度（月平均所定労働時間160時間）
✔ 固定残業代なし（残業分は時間外勤務手当で別途支給）
✔ 社会保険完備（健康保険・厚生年金・雇用保険・労災保険）
✔ 試用期間なし

まずはお気軽にご応募ください。

案件No：2756","《✼この仕事の4つのポイント✼》

✅ ① 商談は必ず上司同席
未経験のうちから一人で商談に臨むことはありません。
提案内容や契約条件の詰め方も、その場でサポートしてもらえます。

✅ ② 頑張りが成果報酬に直結
1件成約につき最大225万円のインセンティブを支給。
賞与のタイミングでまとめて受け取れます。

✅ ③ 転勤・出張なし
会社が指定するエリアへの異動は一切ありません。
自分の希望する地域で働き続けられます。

✅ ④ フレックスタイム制度
月平均所定労働時間160時間の中で、
始業・終業の時間配分を自分で組み立てられます。

＝＝＝＝＝＝＝＝＝＝＝＝＝＝＝
《✼待遇もしっかり✼》

✔ 月給制（固定残業代なし／残業分は時間外勤務手当で別途支給）
✔ 資格手当・家族手当・職種手当・通勤手当・役職手当・勤続手当
✔ 社会保険完備（健康保険・厚生年金・雇用保険・労災保険）
✔ 試用期間なし
✔ 初年度想定年収：340万円〜700万円
✔ 年収例：中途入社9年目／固定年額650万円＋賞与710万円＝1360万円
✔ 保養所完備・定期健康診断・人間ドック補助・スポーツクラブ利用補助・
　財形貯蓄制度・確定拠出年金（401K）・永年勤続表彰・社内厚生行事補助","✦・━━━━━━━━━━━━━━━・✦
＼まずは話を聞くところから／
選考は面接1回、最短1週間で内定
✦・━━━━━━━━━━━━━━━・✦

＝＝＝＝＝＝＝＝＝＝＝＝＝＝＝
【✧選考の流れ✧】

■ STEP 1　Web応募（所要1分）
氏名と連絡先など、簡単な入力だけで完了します。
応募段階での履歴書・職務経歴書は不要です。

■ STEP 2　カジュアル面談（オンライン／20〜30分）
「まずは話を聞いてみたい」でOKです。
私服・画面オフでのご参加も歓迎します。
面接ではなく相互理解の場ですので、
仕事内容や職場の雰囲気を気軽にお尋ねください。
平日夜間・早朝・土日の実施もご相談に応じます。

■ STEP 3　面接（対面またはWeb／1回のみ）
業務内容のご案内と、ご希望の働き方のお伺いをします。
ご希望の方にはオフィス見学や
現場スタッフとの対話の時間も設けます。

■ STEP 4　内定・条件面談
応募から内定まで最短1週間のスピード選考です。
入社日や勤務条件のご希望も調整いたします。

＝＝＝＝＝＝＝＝＝＝＝＝＝＝＝
【✧ご応募にあたって✧】

✔ 応募時に履歴書・職務経歴書は必要ありません
✔ 在職中の方も日程を調整できます
✔ 「話を聞いてみたい」だけのご応募も歓迎します

＝＝＝＝＝＝＝＝＝＝＝＝＝＝＝
【✧労働条件の明示✧】

■ 就業場所の変更の範囲
転勤はありません。本求人の勤務地での勤務となります。"
48,256,大東建託株式会社,転勤なし◎フレックス制度で無理なく働ける土地活用提案営業,未経験｜土地活用の提案営業｜名古屋市守山区,"✦・━━━━━━━━━━━━━━━・✦
＼愛知県名古屋市守山区で募集中／
""提案する力""が身につく
土地活用の営業職◎
✦・━━━━━━━━━━━━━━━・✦

「商談って一人でやるものでは？」

大東建託の商談は、必ず上司が同席します。
未経験のうちから一人で抱え込む場面はありません。

＝＝＝＝＝＝＝＝＝＝＝＝＝＝＝
【✧提案営業は、この3ステップ✧】

■ ① 訪問
土地オーナー様を訪ね、商談の日程を調整します。

■ ② 商談
上司同席のもと、活用プランや契約条件を提案します。

■ ③ ご契約
成約1件につき、最大225万円のインセンティブを支給。
賞与支給のタイミングでまとめて受け取れます。

＝＝＝＝＝＝＝＝＝＝＝＝＝＝＝
【✨この仕事の魅力✨】

✅ 頑張りが成果に直結
成約数に応じてインセンティブが上乗せされます。

✅ 研修制度あり
未経験からでも、提案の組み立て方を一から学べます。

✅ 転勤・出張なし
会社が指定するエリアへの異動はなく、
希望する地域で働き続けられます。

＝＝＝＝＝＝＝＝＝＝＝＝＝＝＝
【✔働き方✔】

✔ フレックスタイム制度（月平均所定労働時間160時間）
✔ 固定残業代なし（残業分は時間外勤務手当で別途支給）
✔ 社会保険完備（健康保険・厚生年金・雇用保険・労災保険）
✔ 試用期間なし

自分のペースで、一件ずつ丁寧に進めていける仕事です。

案件No：256","《✼この仕事の4つのポイント✼》

✅ ① 商談は必ず上司同席
未経験のうちから一人で商談に臨むことはありません。
提案内容や契約条件の詰め方も、その場でサポートしてもらえます。

✅ ② 頑張りが成果報酬に直結
1件成約につき最大225万円のインセンティブを支給。
賞与のタイミングでまとめて受け取れます。

✅ ③ 転勤・出張なし
会社が指定するエリアへの異動は一切ありません。
自分の希望する地域で働き続けられます。

✅ ④ フレックスタイム制度
月平均所定労働時間160時間の中で、
始業・終業の時間配分を自分で組み立てられます。

＝＝＝＝＝＝＝＝＝＝＝＝＝＝＝
《✼待遇もしっかり✼》

✔ 月給制（固定残業代なし／残業分は時間外勤務手当で別途支給）
✔ 資格手当・家族手当・職種手当・通勤手当・役職手当・勤続手当
✔ 社会保険完備（健康保険・厚生年金・雇用保険・労災保険）
✔ 試用期間なし
✔ 初年度想定年収：340万円〜700万円
✔ 年収例：中途入社9年目／固定年額650万円＋賞与710万円＝1360万円
✔ 保養所完備・定期健康診断・人間ドック補助・スポーツクラブ利用補助・
　財形貯蓄制度・確定拠出年金（401K）・永年勤続表彰・社内厚生行事補助","✦・━━━━━━━━━━━━━━━・✦
＼まずは話を聞くところから／
選考は面接1回、最短1週間で内定
✦・━━━━━━━━━━━━━━━・✦

＝＝＝＝＝＝＝＝＝＝＝＝＝＝＝
【✧選考の流れ✧】

■ STEP 1　Web応募（所要1分）
氏名と連絡先など、簡単な入力だけで完了します。
応募段階での履歴書・職務経歴書は不要です。

■ STEP 2　カジュアル面談（オンライン／20〜30分）
「まずは話を聞いてみたい」でOKです。
私服・画面オフでのご参加も歓迎します。
面接ではなく相互理解の場ですので、
仕事内容や職場の雰囲気を気軽にお尋ねください。
平日夜間・早朝・土日の実施もご相談に応じます。

■ STEP 3　面接（対面またはWeb／1回のみ）
業務内容のご案内と、ご希望の働き方のお伺いをします。
ご希望の方にはオフィス見学や
現場スタッフとの対話の時間も設けます。

■ STEP 4　内定・条件面談
応募から内定まで最短1週間のスピード選考です。
入社日や勤務条件のご希望も調整いたします。

＝＝＝＝＝＝＝＝＝＝＝＝＝＝＝
【✧ご応募にあたって✧】

✔ 応募時に履歴書・職務経歴書は必要ありません
✔ 在職中の方も日程を調整できます
✔ 「話を聞いてみたい」だけのご応募も歓迎します

＝＝＝＝＝＝＝＝＝＝＝＝＝＝＝
【✧労働条件の明示✧】

■ 就業場所の変更の範囲
転勤はありません。本求人の勤務地での勤務となります。"
49,1173,大東建託株式会社,転勤なし◎フレックス制度で無理なく働ける土地活用提案営業,未経験｜土地活用の提案営業｜世田谷区,"✦・━━━━━━━━━━━━━━━・✦
＼東京都世田谷区で募集中／
オーナー様の「土地」を
価値ある一棟に変える提案営業◎
✦・━━━━━━━━━━━━━━━・✦

「専門知識がないと厳しいのでは？」

商談には必ず上司が同席するので、
知識も進め方も、現場で身につけていけます。

＝＝＝＝＝＝＝＝＝＝＝＝＝＝＝
【✧提案営業は、この3ステップ✧】

■ ① 訪問
土地オーナー様のもとへ伺い、商談の日程を決めます。

■ ② 商談
上司同席で、活用プランや契約条件を一緒に詰めます。

■ ③ ご契約
契約成立で、1件あたり最大225万円のインセンティブを支給。
賞与のタイミングでまとめて支給されます。

＝＝＝＝＝＝＝＝＝＝＝＝＝＝＝
【✨この仕事の魅力✨】

✅ 転勤・出張なし
会社が指定するエリアへの異動はありません。
今の生活拠点を変えずに働き続けられます。

✅ 商談は一人で抱え込まない
上司同席が前提なので、未経験でも
その場で相談しながら進められます。

✅ 研修制度あり
提案の組み立て方から、丁寧に学べます。

＝＝＝＝＝＝＝＝＝＝＝＝＝＝＝
【✔働き方✔】

✔ フレックスタイム制度（月平均所定労働時間160時間）
✔ 固定残業代なし（残業分は時間外勤務手当で別途支給）
✔ 社会保険完備（健康保険・厚生年金・雇用保険・労災保険）
✔ 試用期間なし

まずはお気軽にご応募ください。

案件No：1173","《✼この仕事の4つのポイント✼》

✅ ① 商談は必ず上司同席
未経験のうちから一人で商談に臨むことはありません。
提案内容や契約条件の詰め方も、その場でサポートしてもらえます。

✅ ② 頑張りが成果報酬に直結
1件成約につき最大225万円のインセンティブを支給。
賞与のタイミングでまとめて受け取れます。

✅ ③ 転勤・出張なし
会社が指定するエリアへの異動は一切ありません。
自分の希望する地域で働き続けられます。

✅ ④ フレックスタイム制度
月平均所定労働時間160時間の中で、
始業・終業の時間配分を自分で組み立てられます。

＝＝＝＝＝＝＝＝＝＝＝＝＝＝＝
《✼待遇もしっかり✼》

✔ 月給制（固定残業代なし／残業分は時間外勤務手当で別途支給）
✔ 資格手当・家族手当・職種手当・通勤手当・役職手当・勤続手当
✔ 社会保険完備（健康保険・厚生年金・雇用保険・労災保険）
✔ 試用期間なし
✔ 初年度想定年収：340万円〜700万円
✔ 年収例：中途入社9年目／固定年額650万円＋賞与710万円＝1360万円
✔ 保養所完備・定期健康診断・人間ドック補助・スポーツクラブ利用補助・
　財形貯蓄制度・確定拠出年金（401K）・永年勤続表彰・社内厚生行事補助","✦・━━━━━━━━━━━━━━━・✦
＼まずは話を聞くところから／
選考は面接1回、最短1週間で内定
✦・━━━━━━━━━━━━━━━・✦

＝＝＝＝＝＝＝＝＝＝＝＝＝＝＝
【✧選考の流れ✧】

■ STEP 1　Web応募（所要1分）
氏名と連絡先など、簡単な入力だけで完了します。
応募段階での履歴書・職務経歴書は不要です。

■ STEP 2　カジュアル面談（オンライン／20〜30分）
「まずは話を聞いてみたい」でOKです。
私服・画面オフでのご参加も歓迎します。
面接ではなく相互理解の場ですので、
仕事内容や職場の雰囲気を気軽にお尋ねください。
平日夜間・早朝・土日の実施もご相談に応じます。

■ STEP 3　面接（対面またはWeb／1回のみ）
業務内容のご案内と、ご希望の働き方のお伺いをします。
ご希望の方にはオフィス見学や
現場スタッフとの対話の時間も設けます。

■ STEP 4　内定・条件面談
応募から内定まで最短1週間のスピード選考です。
入社日や勤務条件のご希望も調整いたします。

＝＝＝＝＝＝＝＝＝＝＝＝＝＝＝
【✧ご応募にあたって✧】

✔ 応募時に履歴書・職務経歴書は必要ありません
✔ 在職中の方も日程を調整できます
✔ 「話を聞いてみたい」だけのご応募も歓迎します

＝＝＝＝＝＝＝＝＝＝＝＝＝＝＝
【✧労働条件の明示✧】

■ 就業場所の変更の範囲
転勤はありません。本求人の勤務地での勤務となります。"
50,1621,大東建託株式会社,転勤なし◎フレックス制度で無理なく働ける土地活用提案営業,未経験｜土地活用の提案営業｜揖保郡太子町,"✦・━━━━━━━━━━━━━━━・✦
＼兵庫県揖保郡太子町で募集中／
土地オーナー様に「活用」を提案する
未経験からの営業職◎
✦・━━━━━━━━━━━━━━━・✦

「営業は未経験だから不安…」

そう感じる方ほど、まずは仕組みを知ってください。
商談には必ず上司が同席するので、
一人で判断を迫られる場面はありません。

＝＝＝＝＝＝＝＝＝＝＝＝＝＝＝
【✧提案営業は、この3ステップ✧】

■ ① 訪問
土地オーナー様のもとへ伺い、商談の日程を調整します。

■ ② 商談
上司が同席し、提案内容や契約条件をサポートします。

■ ③ ご契約
契約成立で、1件あたり最大225万円のインセンティブを支給。
賞与のタイミングでまとめて受け取れます。

＝＝＝＝＝＝＝＝＝＝＝＝＝＝＝
【✨この仕事の魅力✨】

✅ 商談は一人で抱え込まない
上司同席が前提なので、経験がなくても
その場で相談しながら進められます。

✅ 転勤・出張なし
会社が指定するエリアへの異動はありません。
自分の希望する地域で働き続けられます。

✅ 研修制度あり
商談の進め方や提案の組み立て方から学べます。

＝＝＝＝＝＝＝＝＝＝＝＝＝＝＝
【✔働き方✔】

✔ フレックスタイム制度（月平均所定労働時間160時間）
✔ 固定残業代なし（残業分は時間外勤務手当で別途支給）
✔ 社会保険完備（健康保険・厚生年金・雇用保険・労災保険）
✔ 試用期間なし

まずはお気軽にご応募ください。

案件No：1621","《✼この仕事の4つのポイント✼》

✅ ① 商談は必ず上司同席
未経験のうちから一人で商談に臨むことはありません。
提案内容や契約条件の詰め方も、その場でサポートしてもらえます。

✅ ② 頑張りが成果報酬に直結
1件成約につき最大225万円のインセンティブを支給。
賞与のタイミングでまとめて受け取れます。

✅ ③ 転勤・出張なし
会社が指定するエリアへの異動は一切ありません。
自分の希望する地域で働き続けられます。

✅ ④ フレックスタイム制度
月平均所定労働時間160時間の中で、
始業・終業の時間配分を自分で組み立てられます。

＝＝＝＝＝＝＝＝＝＝＝＝＝＝＝
《✼待遇もしっかり✼》

✔ 月給制（固定残業代なし／残業分は時間外勤務手当で別途支給）
✔ 資格手当・家族手当・職種手当・通勤手当・役職手当・勤続手当
✔ 社会保険完備（健康保険・厚生年金・雇用保険・労災保険）
✔ 試用期間なし
✔ 初年度想定年収：340万円〜700万円
✔ 年収例：中途入社9年目／固定年額650万円＋賞与710万円＝1360万円
✔ 保養所完備・定期健康診断・人間ドック補助・スポーツクラブ利用補助・
　財形貯蓄制度・確定拠出年金（401K）・永年勤続表彰・社内厚生行事補助","✦・━━━━━━━━━━━━━━━・✦
＼まずは話を聞くところから／
選考は面接1回、最短1週間で内定
✦・━━━━━━━━━━━━━━━・✦

＝＝＝＝＝＝＝＝＝＝＝＝＝＝＝
【✧選考の流れ✧】

■ STEP 1　Web応募（所要1分）
氏名と連絡先など、簡単な入力だけで完了します。
応募段階での履歴書・職務経歴書は不要です。

■ STEP 2　カジュアル面談（オンライン／20〜30分）
「まずは話を聞いてみたい」でOKです。
私服・画面オフでのご参加も歓迎します。
面接ではなく相互理解の場ですので、
仕事内容や職場の雰囲気を気軽にお尋ねください。
平日夜間・早朝・土日の実施もご相談に応じます。

■ STEP 3　面接（対面またはWeb／1回のみ）
業務内容のご案内と、ご希望の働き方のお伺いをします。
ご希望の方にはオフィス見学や
現場スタッフとの対話の時間も設けます。

■ STEP 4　内定・条件面談
応募から内定まで最短1週間のスピード選考です。
入社日や勤務条件のご希望も調整いたします。

＝＝＝＝＝＝＝＝＝＝＝＝＝＝＝
【✧ご応募にあたって✧】

✔ 応募時に履歴書・職務経歴書は必要ありません
✔ 在職中の方も日程を調整できます
✔ 「話を聞いてみたい」だけのご応募も歓迎します

＝＝＝＝＝＝＝＝＝＝＝＝＝＝＝
【✧労働条件の明示✧】

■ 就業場所の変更の範囲
転勤はありません。本求人の勤務地での勤務となります。"
51,1936,大東建託株式会社,転勤なし◎フレックス制度で無理なく働ける土地活用提案営業,未経験｜土地活用の提案営業｜名古屋市西区,"✦・━━━━━━━━━━━━━━━・✦
＼愛知県名古屋市西区で募集中／
""提案する力""が身につく
土地活用の営業職◎
✦・━━━━━━━━━━━━━━━・✦

「商談って一人でやるものでは？」

大東建託の商談は、必ず上司が同席します。
未経験のうちから一人で抱え込む場面はありません。

＝＝＝＝＝＝＝＝＝＝＝＝＝＝＝
【✧提案営業は、この3ステップ✧】

■ ① 訪問
土地オーナー様を訪ね、商談の日程を調整します。

■ ② 商談
上司同席のもと、活用プランや契約条件を提案します。

■ ③ ご契約
成約1件につき、最大225万円のインセンティブを支給。
賞与支給のタイミングでまとめて受け取れます。

＝＝＝＝＝＝＝＝＝＝＝＝＝＝＝
【✨この仕事の魅力✨】

✅ 頑張りが成果に直結
成約数に応じてインセンティブが上乗せされます。

✅ 研修制度あり
未経験からでも、提案の組み立て方を一から学べます。

✅ 転勤・出張なし
会社が指定するエリアへの異動はなく、
希望する地域で働き続けられます。

＝＝＝＝＝＝＝＝＝＝＝＝＝＝＝
【✔働き方✔】

✔ フレックスタイム制度（月平均所定労働時間160時間）
✔ 固定残業代なし（残業分は時間外勤務手当で別途支給）
✔ 社会保険完備（健康保険・厚生年金・雇用保険・労災保険）
✔ 試用期間なし

自分のペースで、一件ずつ丁寧に進めていける仕事です。

案件No：1936","《✼この仕事の4つのポイント✼》

✅ ① 商談は必ず上司同席
未経験のうちから一人で商談に臨むことはありません。
提案内容や契約条件の詰め方も、その場でサポートしてもらえます。

✅ ② 頑張りが成果報酬に直結
1件成約につき最大225万円のインセンティブを支給。
賞与のタイミングでまとめて受け取れます。

✅ ③ 転勤・出張なし
会社が指定するエリアへの異動は一切ありません。
自分の希望する地域で働き続けられます。

✅ ④ フレックスタイム制度
月平均所定労働時間160時間の中で、
始業・終業の時間配分を自分で組み立てられます。

＝＝＝＝＝＝＝＝＝＝＝＝＝＝＝
《✼待遇もしっかり✼》

✔ 月給制（固定残業代なし／残業分は時間外勤務手当で別途支給）
✔ 資格手当・家族手当・職種手当・通勤手当・役職手当・勤続手当
✔ 社会保険完備（健康保険・厚生年金・雇用保険・労災保険）
✔ 試用期間なし
✔ 初年度想定年収：340万円〜700万円
✔ 年収例：中途入社9年目／固定年額650万円＋賞与710万円＝1360万円
✔ 保養所完備・定期健康診断・人間ドック補助・スポーツクラブ利用補助・
　財形貯蓄制度・確定拠出年金（401K）・永年勤続表彰・社内厚生行事補助","✦・━━━━━━━━━━━━━━━・✦
＼まずは話を聞くところから／
選考は面接1回、最短1週間で内定
✦・━━━━━━━━━━━━━━━・✦

＝＝＝＝＝＝＝＝＝＝＝＝＝＝＝
【✧選考の流れ✧】

■ STEP 1　Web応募（所要1分）
氏名と連絡先など、簡単な入力だけで完了します。
応募段階での履歴書・職務経歴書は不要です。

■ STEP 2　カジュアル面談（オンライン／20〜30分）
「まずは話を聞いてみたい」でOKです。
私服・画面オフでのご参加も歓迎します。
面接ではなく相互理解の場ですので、
仕事内容や職場の雰囲気を気軽にお尋ねください。
平日夜間・早朝・土日の実施もご相談に応じます。

■ STEP 3　面接（対面またはWeb／1回のみ）
業務内容のご案内と、ご希望の働き方のお伺いをします。
ご希望の方にはオフィス見学や
現場スタッフとの対話の時間も設けます。

■ STEP 4　内定・条件面談
応募から内定まで最短1週間のスピード選考です。
入社日や勤務条件のご希望も調整いたします。

＝＝＝＝＝＝＝＝＝＝＝＝＝＝＝
【✧ご応募にあたって✧】

✔ 応募時に履歴書・職務経歴書は必要ありません
✔ 在職中の方も日程を調整できます
✔ 「話を聞いてみたい」だけのご応募も歓迎します

＝＝＝＝＝＝＝＝＝＝＝＝＝＝＝
【✧労働条件の明示✧】

■ 就業場所の変更の範囲
転勤はありません。本求人の勤務地での勤務となります。"
52,183,大東建託株式会社,転勤なし◎フレックス制度で無理なく働ける土地活用提案営業,未経験｜土地活用の提案営業｜青梅市,"✦・━━━━━━━━━━━━━━━・✦
＼東京都青梅市で募集中／
オーナー様の「土地」を
価値ある一棟に変える提案営業◎
✦・━━━━━━━━━━━━━━━・✦

「専門知識がないと厳しいのでは？」

商談には必ず上司が同席するので、
知識も進め方も、現場で身につけていけます。

＝＝＝＝＝＝＝＝＝＝＝＝＝＝＝
【✧提案営業は、この3ステップ✧】

■ ① 訪問
土地オーナー様のもとへ伺い、商談の日程を決めます。

■ ② 商談
上司同席で、活用プランや契約条件を一緒に詰めます。

■ ③ ご契約
契約成立で、1件あたり最大225万円のインセンティブを支給。
賞与のタイミングでまとめて支給されます。

＝＝＝＝＝＝＝＝＝＝＝＝＝＝＝
【✨この仕事の魅力✨】

✅ 転勤・出張なし
会社が指定するエリアへの異動はありません。
今の生活拠点を変えずに働き続けられます。

✅ 商談は一人で抱え込まない
上司同席が前提なので、未経験でも
その場で相談しながら進められます。

✅ 研修制度あり
提案の組み立て方から、丁寧に学べます。

＝＝＝＝＝＝＝＝＝＝＝＝＝＝＝
【✔働き方✔】

✔ フレックスタイム制度（月平均所定労働時間160時間）
✔ 固定残業代なし（残業分は時間外勤務手当で別途支給）
✔ 社会保険完備（健康保険・厚生年金・雇用保険・労災保険）
✔ 試用期間なし

まずはお気軽にご応募ください。

案件No：183","《✼この仕事の4つのポイント✼》

✅ ① 商談は必ず上司同席
未経験のうちから一人で商談に臨むことはありません。
提案内容や契約条件の詰め方も、その場でサポートしてもらえます。

✅ ② 頑張りが成果報酬に直結
1件成約につき最大225万円のインセンティブを支給。
賞与のタイミングでまとめて受け取れます。

✅ ③ 転勤・出張なし
会社が指定するエリアへの異動は一切ありません。
自分の希望する地域で働き続けられます。

✅ ④ フレックスタイム制度
月平均所定労働時間160時間の中で、
始業・終業の時間配分を自分で組み立てられます。

＝＝＝＝＝＝＝＝＝＝＝＝＝＝＝
《✼待遇もしっかり✼》

✔ 月給制（固定残業代なし／残業分は時間外勤務手当で別途支給）
✔ 資格手当・家族手当・職種手当・通勤手当・役職手当・勤続手当
✔ 社会保険完備（健康保険・厚生年金・雇用保険・労災保険）
✔ 試用期間なし
✔ 初年度想定年収：340万円〜700万円
✔ 年収例：中途入社9年目／固定年額650万円＋賞与710万円＝1360万円
✔ 保養所完備・定期健康診断・人間ドック補助・スポーツクラブ利用補助・
　財形貯蓄制度・確定拠出年金（401K）・永年勤続表彰・社内厚生行事補助","✦・━━━━━━━━━━━━━━━・✦
＼まずは話を聞くところから／
選考は面接1回、最短1週間で内定
✦・━━━━━━━━━━━━━━━・✦

＝＝＝＝＝＝＝＝＝＝＝＝＝＝＝
【✧選考の流れ✧】

■ STEP 1　Web応募（所要1分）
氏名と連絡先など、簡単な入力だけで完了します。
応募段階での履歴書・職務経歴書は不要です。

■ STEP 2　カジュアル面談（オンライン／20〜30分）
「まずは話を聞いてみたい」でOKです。
私服・画面オフでのご参加も歓迎します。
面接ではなく相互理解の場ですので、
仕事内容や職場の雰囲気を気軽にお尋ねください。
平日夜間・早朝・土日の実施もご相談に応じます。

■ STEP 3　面接（対面またはWeb／1回のみ）
業務内容のご案内と、ご希望の働き方のお伺いをします。
ご希望の方にはオフィス見学や
現場スタッフとの対話の時間も設けます。

■ STEP 4　内定・条件面談
応募から内定まで最短1週間のスピード選考です。
入社日や勤務条件のご希望も調整いたします。

＝＝＝＝＝＝＝＝＝＝＝＝＝＝＝
【✧ご応募にあたって✧】

✔ 応募時に履歴書・職務経歴書は必要ありません
✔ 在職中の方も日程を調整できます
✔ 「話を聞いてみたい」だけのご応募も歓迎します

＝＝＝＝＝＝＝＝＝＝＝＝＝＝＝
【✧労働条件の明示✧】

■ 就業場所の変更の範囲
転勤はありません。本求人の勤務地での勤務となります。"
53,1175,大東建託株式会社,転勤なし◎フレックス制度で無理なく働ける土地活用提案営業,未経験｜土地活用の提案営業｜広島市西区,"✦・━━━━━━━━━━━━━━━・✦
＼広島県広島市西区で募集中／
土地オーナー様に「活用」を提案する
未経験からの営業職◎
✦・━━━━━━━━━━━━━━━・✦

「営業は未経験だから不安…」

そう感じる方ほど、まずは仕組みを知ってください。
商談には必ず上司が同席するので、
一人で判断を迫られる場面はありません。

＝＝＝＝＝＝＝＝＝＝＝＝＝＝＝
【✧提案営業は、この3ステップ✧】

■ ① 訪問
土地オーナー様のもとへ伺い、商談の日程を調整します。

■ ② 商談
上司が同席し、提案内容や契約条件をサポートします。

■ ③ ご契約
契約成立で、1件あたり最大225万円のインセンティブを支給。
賞与のタイミングでまとめて受け取れます。

＝＝＝＝＝＝＝＝＝＝＝＝＝＝＝
【✨この仕事の魅力✨】

✅ 商談は一人で抱え込まない
上司同席が前提なので、経験がなくても
その場で相談しながら進められます。

✅ 転勤・出張なし
会社が指定するエリアへの異動はありません。
自分の希望する地域で働き続けられます。

✅ 研修制度あり
商談の進め方や提案の組み立て方から学べます。

＝＝＝＝＝＝＝＝＝＝＝＝＝＝＝
【✔働き方✔】

✔ フレックスタイム制度（月平均所定労働時間160時間）
✔ 固定残業代なし（残業分は時間外勤務手当で別途支給）
✔ 社会保険完備（健康保険・厚生年金・雇用保険・労災保険）
✔ 試用期間なし

まずはお気軽にご応募ください。

案件No：1175","《✼この仕事の4つのポイント✼》

✅ ① 商談は必ず上司同席
未経験のうちから一人で商談に臨むことはありません。
提案内容や契約条件の詰め方も、その場でサポートしてもらえます。

✅ ② 頑張りが成果報酬に直結
1件成約につき最大225万円のインセンティブを支給。
賞与のタイミングでまとめて受け取れます。

✅ ③ 転勤・出張なし
会社が指定するエリアへの異動は一切ありません。
自分の希望する地域で働き続けられます。

✅ ④ フレックスタイム制度
月平均所定労働時間160時間の中で、
始業・終業の時間配分を自分で組み立てられます。

＝＝＝＝＝＝＝＝＝＝＝＝＝＝＝
《✼待遇もしっかり✼》

✔ 月給制（固定残業代なし／残業分は時間外勤務手当で別途支給）
✔ 資格手当・家族手当・職種手当・通勤手当・役職手当・勤続手当
✔ 社会保険完備（健康保険・厚生年金・雇用保険・労災保険）
✔ 試用期間なし
✔ 初年度想定年収：340万円〜700万円
✔ 年収例：中途入社9年目／固定年額650万円＋賞与710万円＝1360万円
✔ 保養所完備・定期健康診断・人間ドック補助・スポーツクラブ利用補助・
　財形貯蓄制度・確定拠出年金（401K）・永年勤続表彰・社内厚生行事補助","✦・━━━━━━━━━━━━━━━・✦
＼まずは話を聞くところから／
選考は面接1回、最短1週間で内定
✦・━━━━━━━━━━━━━━━・✦

＝＝＝＝＝＝＝＝＝＝＝＝＝＝＝
【✧選考の流れ✧】

■ STEP 1　Web応募（所要1分）
氏名と連絡先など、簡単な入力だけで完了します。
応募段階での履歴書・職務経歴書は不要です。

■ STEP 2　カジュアル面談（オンライン／20〜30分）
「まずは話を聞いてみたい」でOKです。
私服・画面オフでのご参加も歓迎します。
面接ではなく相互理解の場ですので、
仕事内容や職場の雰囲気を気軽にお尋ねください。
平日夜間・早朝・土日の実施もご相談に応じます。

■ STEP 3　面接（対面またはWeb／1回のみ）
業務内容のご案内と、ご希望の働き方のお伺いをします。
ご希望の方にはオフィス見学や
現場スタッフとの対話の時間も設けます。

■ STEP 4　内定・条件面談
応募から内定まで最短1週間のスピード選考です。
入社日や勤務条件のご希望も調整いたします。

＝＝＝＝＝＝＝＝＝＝＝＝＝＝＝
【✧ご応募にあたって✧】

✔ 応募時に履歴書・職務経歴書は必要ありません
✔ 在職中の方も日程を調整できます
✔ 「話を聞いてみたい」だけのご応募も歓迎します

＝＝＝＝＝＝＝＝＝＝＝＝＝＝＝
【✧労働条件の明示✧】

■ 就業場所の変更の範囲
転勤はありません。本求人の勤務地での勤務となります。"
54,2286,大東建託株式会社,転勤なし◎フレックス制度で無理なく働ける土地活用提案営業,未経験｜土地活用の提案営業｜名古屋市名東区,"✦・━━━━━━━━━━━━━━━・✦
＼愛知県名古屋市名東区で募集中／
""提案する力""が身につく
土地活用の営業職◎
✦・━━━━━━━━━━━━━━━・✦

「商談って一人でやるものでは？」

大東建託の商談は、必ず上司が同席します。
未経験のうちから一人で抱え込む場面はありません。

＝＝＝＝＝＝＝＝＝＝＝＝＝＝＝
【✧提案営業は、この3ステップ✧】

■ ① 訪問
土地オーナー様を訪ね、商談の日程を調整します。

■ ② 商談
上司同席のもと、活用プランや契約条件を提案します。

■ ③ ご契約
成約1件につき、最大225万円のインセンティブを支給。
賞与支給のタイミングでまとめて受け取れます。

＝＝＝＝＝＝＝＝＝＝＝＝＝＝＝
【✨この仕事の魅力✨】

✅ 頑張りが成果に直結
成約数に応じてインセンティブが上乗せされます。

✅ 研修制度あり
未経験からでも、提案の組み立て方を一から学べます。

✅ 転勤・出張なし
会社が指定するエリアへの異動はなく、
希望する地域で働き続けられます。

＝＝＝＝＝＝＝＝＝＝＝＝＝＝＝
【✔働き方✔】

✔ フレックスタイム制度（月平均所定労働時間160時間）
✔ 固定残業代なし（残業分は時間外勤務手当で別途支給）
✔ 社会保険完備（健康保険・厚生年金・雇用保険・労災保険）
✔ 試用期間なし

自分のペースで、一件ずつ丁寧に進めていける仕事です。

案件No：2286","《✼この仕事の4つのポイント✼》

✅ ① 商談は必ず上司同席
未経験のうちから一人で商談に臨むことはありません。
提案内容や契約条件の詰め方も、その場でサポートしてもらえます。

✅ ② 頑張りが成果報酬に直結
1件成約につき最大225万円のインセンティブを支給。
賞与のタイミングでまとめて受け取れます。

✅ ③ 転勤・出張なし
会社が指定するエリアへの異動は一切ありません。
自分の希望する地域で働き続けられます。

✅ ④ フレックスタイム制度
月平均所定労働時間160時間の中で、
始業・終業の時間配分を自分で組み立てられます。

＝＝＝＝＝＝＝＝＝＝＝＝＝＝＝
《✼待遇もしっかり✼》

✔ 月給制（固定残業代なし／残業分は時間外勤務手当で別途支給）
✔ 資格手当・家族手当・職種手当・通勤手当・役職手当・勤続手当
✔ 社会保険完備（健康保険・厚生年金・雇用保険・労災保険）
✔ 試用期間なし
✔ 初年度想定年収：340万円〜700万円
✔ 年収例：中途入社9年目／固定年額650万円＋賞与710万円＝1360万円
✔ 保養所完備・定期健康診断・人間ドック補助・スポーツクラブ利用補助・
　財形貯蓄制度・確定拠出年金（401K）・永年勤続表彰・社内厚生行事補助","✦・━━━━━━━━━━━━━━━・✦
＼まずは話を聞くところから／
選考は面接1回、最短1週間で内定
✦・━━━━━━━━━━━━━━━・✦

＝＝＝＝＝＝＝＝＝＝＝＝＝＝＝
【✧選考の流れ✧】

■ STEP 1　Web応募（所要1分）
氏名と連絡先など、簡単な入力だけで完了します。
応募段階での履歴書・職務経歴書は不要です。

■ STEP 2　カジュアル面談（オンライン／20〜30分）
「まずは話を聞いてみたい」でOKです。
私服・画面オフでのご参加も歓迎します。
面接ではなく相互理解の場ですので、
仕事内容や職場の雰囲気を気軽にお尋ねください。
平日夜間・早朝・土日の実施もご相談に応じます。

■ STEP 3　面接（対面またはWeb／1回のみ）
業務内容のご案内と、ご希望の働き方のお伺いをします。
ご希望の方にはオフィス見学や
現場スタッフとの対話の時間も設けます。

■ STEP 4　内定・条件面談
応募から内定まで最短1週間のスピード選考です。
入社日や勤務条件のご希望も調整いたします。

＝＝＝＝＝＝＝＝＝＝＝＝＝＝＝
【✧ご応募にあたって✧】

✔ 応募時に履歴書・職務経歴書は必要ありません
✔ 在職中の方も日程を調整できます
✔ 「話を聞いてみたい」だけのご応募も歓迎します

＝＝＝＝＝＝＝＝＝＝＝＝＝＝＝
【✧労働条件の明示✧】

■ 就業場所の変更の範囲
転勤はありません。本求人の勤務地での勤務となります。"
55,1256,大東建託株式会社,転勤なし◎フレックス制度で無理なく働ける土地活用提案営業,未経験｜土地活用の提案営業｜名古屋市天白区,"✦・━━━━━━━━━━━━━━━・✦
＼愛知県名古屋市天白区で募集中／
オーナー様の「土地」を
価値ある一棟に変える提案営業◎
✦・━━━━━━━━━━━━━━━・✦

「専門知識がないと厳しいのでは？」

商談には必ず上司が同席するので、
知識も進め方も、現場で身につけていけます。

＝＝＝＝＝＝＝＝＝＝＝＝＝＝＝
【✧提案営業は、この3ステップ✧】

■ ① 訪問
土地オーナー様のもとへ伺い、商談の日程を決めます。

■ ② 商談
上司同席で、活用プランや契約条件を一緒に詰めます。

■ ③ ご契約
契約成立で、1件あたり最大225万円のインセンティブを支給。
賞与のタイミングでまとめて支給されます。

＝＝＝＝＝＝＝＝＝＝＝＝＝＝＝
【✨この仕事の魅力✨】

✅ 転勤・出張なし
会社が指定するエリアへの異動はありません。
今の生活拠点を変えずに働き続けられます。

✅ 商談は一人で抱え込まない
上司同席が前提なので、未経験でも
その場で相談しながら進められます。

✅ 研修制度あり
提案の組み立て方から、丁寧に学べます。

＝＝＝＝＝＝＝＝＝＝＝＝＝＝＝
【✔働き方✔】

✔ フレックスタイム制度（月平均所定労働時間160時間）
✔ 固定残業代なし（残業分は時間外勤務手当で別途支給）
✔ 社会保険完備（健康保険・厚生年金・雇用保険・労災保険）
✔ 試用期間なし

まずはお気軽にご応募ください。

案件No：1256","《✼この仕事の4つのポイント✼》

✅ ① 商談は必ず上司同席
未経験のうちから一人で商談に臨むことはありません。
提案内容や契約条件の詰め方も、その場でサポートしてもらえます。

✅ ② 頑張りが成果報酬に直結
1件成約につき最大225万円のインセンティブを支給。
賞与のタイミングでまとめて受け取れます。

✅ ③ 転勤・出張なし
会社が指定するエリアへの異動は一切ありません。
自分の希望する地域で働き続けられます。

✅ ④ フレックスタイム制度
月平均所定労働時間160時間の中で、
始業・終業の時間配分を自分で組み立てられます。

＝＝＝＝＝＝＝＝＝＝＝＝＝＝＝
《✼待遇もしっかり✼》

✔ 月給制（固定残業代なし／残業分は時間外勤務手当で別途支給）
✔ 資格手当・家族手当・職種手当・通勤手当・役職手当・勤続手当
✔ 社会保険完備（健康保険・厚生年金・雇用保険・労災保険）
✔ 試用期間なし
✔ 初年度想定年収：340万円〜700万円
✔ 年収例：中途入社9年目／固定年額650万円＋賞与710万円＝1360万円
✔ 保養所完備・定期健康診断・人間ドック補助・スポーツクラブ利用補助・
　財形貯蓄制度・確定拠出年金（401K）・永年勤続表彰・社内厚生行事補助","✦・━━━━━━━━━━━━━━━・✦
＼まずは話を聞くところから／
選考は面接1回、最短1週間で内定
✦・━━━━━━━━━━━━━━━・✦

＝＝＝＝＝＝＝＝＝＝＝＝＝＝＝
【✧選考の流れ✧】

■ STEP 1　Web応募（所要1分）
氏名と連絡先など、簡単な入力だけで完了します。
応募段階での履歴書・職務経歴書は不要です。

■ STEP 2　カジュアル面談（オンライン／20〜30分）
「まずは話を聞いてみたい」でOKです。
私服・画面オフでのご参加も歓迎します。
面接ではなく相互理解の場ですので、
仕事内容や職場の雰囲気を気軽にお尋ねください。
平日夜間・早朝・土日の実施もご相談に応じます。

■ STEP 3　面接（対面またはWeb／1回のみ）
業務内容のご案内と、ご希望の働き方のお伺いをします。
ご希望の方にはオフィス見学や
現場スタッフとの対話の時間も設けます。

■ STEP 4　内定・条件面談
応募から内定まで最短1週間のスピード選考です。
入社日や勤務条件のご希望も調整いたします。

＝＝＝＝＝＝＝＝＝＝＝＝＝＝＝
【✧ご応募にあたって✧】

✔ 応募時に履歴書・職務経歴書は必要ありません
✔ 在職中の方も日程を調整できます
✔ 「話を聞いてみたい」だけのご応募も歓迎します

＝＝＝＝＝＝＝＝＝＝＝＝＝＝＝
【✧労働条件の明示✧】

■ 就業場所の変更の範囲
転勤はありません。本求人の勤務地での勤務となります。"
56,810,大東建託株式会社,転勤なし◎フレックス制度で無理なく働ける土地活用提案営業,未経験｜土地活用の提案営業｜福島市,"✦・━━━━━━━━━━━━━━━・✦
＼福島県福島市で募集中／
土地オーナー様に「活用」を提案する
未経験からの営業職◎
✦・━━━━━━━━━━━━━━━・✦

「営業は未経験だから不安…」

そう感じる方ほど、まずは仕組みを知ってください。
商談には必ず上司が同席するので、
一人で判断を迫られる場面はありません。

＝＝＝＝＝＝＝＝＝＝＝＝＝＝＝
【✧提案営業は、この3ステップ✧】

■ ① 訪問
土地オーナー様のもとへ伺い、商談の日程を調整します。

■ ② 商談
上司が同席し、提案内容や契約条件をサポートします。

■ ③ ご契約
契約成立で、1件あたり最大225万円のインセンティブを支給。
賞与のタイミングでまとめて受け取れます。

＝＝＝＝＝＝＝＝＝＝＝＝＝＝＝
【✨この仕事の魅力✨】

✅ 商談は一人で抱え込まない
上司同席が前提なので、経験がなくても
その場で相談しながら進められます。

✅ 転勤・出張なし
会社が指定するエリアへの異動はありません。
自分の希望する地域で働き続けられます。

✅ 研修制度あり
商談の進め方や提案の組み立て方から学べます。

＝＝＝＝＝＝＝＝＝＝＝＝＝＝＝
【✔働き方✔】

✔ フレックスタイム制度（月平均所定労働時間160時間）
✔ 固定残業代なし（残業分は時間外勤務手当で別途支給）
✔ 社会保険完備（健康保険・厚生年金・雇用保険・労災保険）
✔ 試用期間なし

まずはお気軽にご応募ください。

案件No：810","《✼この仕事の4つのポイント✼》

✅ ① 商談は必ず上司同席
未経験のうちから一人で商談に臨むことはありません。
提案内容や契約条件の詰め方も、その場でサポートしてもらえます。

✅ ② 頑張りが成果報酬に直結
1件成約につき最大225万円のインセンティブを支給。
賞与のタイミングでまとめて受け取れます。

✅ ③ 転勤・出張なし
会社が指定するエリアへの異動は一切ありません。
自分の希望する地域で働き続けられます。

✅ ④ フレックスタイム制度
月平均所定労働時間160時間の中で、
始業・終業の時間配分を自分で組み立てられます。

＝＝＝＝＝＝＝＝＝＝＝＝＝＝＝
《✼待遇もしっかり✼》

✔ 月給制（固定残業代なし／残業分は時間外勤務手当で別途支給）
✔ 資格手当・家族手当・職種手当・通勤手当・役職手当・勤続手当
✔ 社会保険完備（健康保険・厚生年金・雇用保険・労災保険）
✔ 試用期間なし
✔ 初年度想定年収：340万円〜700万円
✔ 年収例：中途入社9年目／固定年額650万円＋賞与710万円＝1360万円
✔ 保養所完備・定期健康診断・人間ドック補助・スポーツクラブ利用補助・
　財形貯蓄制度・確定拠出年金（401K）・永年勤続表彰・社内厚生行事補助","✦・━━━━━━━━━━━━━━━・✦
＼まずは話を聞くところから／
選考は面接1回、最短1週間で内定
✦・━━━━━━━━━━━━━━━・✦

＝＝＝＝＝＝＝＝＝＝＝＝＝＝＝
【✧選考の流れ✧】

■ STEP 1　Web応募（所要1分）
氏名と連絡先など、簡単な入力だけで完了します。
応募段階での履歴書・職務経歴書は不要です。

■ STEP 2　カジュアル面談（オンライン／20〜30分）
「まずは話を聞いてみたい」でOKです。
私服・画面オフでのご参加も歓迎します。
面接ではなく相互理解の場ですので、
仕事内容や職場の雰囲気を気軽にお尋ねください。
平日夜間・早朝・土日の実施もご相談に応じます。

■ STEP 3　面接（対面またはWeb／1回のみ）
業務内容のご案内と、ご希望の働き方のお伺いをします。
ご希望の方にはオフィス見学や
現場スタッフとの対話の時間も設けます。

■ STEP 4　内定・条件面談
応募から内定まで最短1週間のスピード選考です。
入社日や勤務条件のご希望も調整いたします。

＝＝＝＝＝＝＝＝＝＝＝＝＝＝＝
【✧ご応募にあたって✧】

✔ 応募時に履歴書・職務経歴書は必要ありません
✔ 在職中の方も日程を調整できます
✔ 「話を聞いてみたい」だけのご応募も歓迎します

＝＝＝＝＝＝＝＝＝＝＝＝＝＝＝
【✧労働条件の明示✧】

■ 就業場所の変更の範囲
転勤はありません。本求人の勤務地での勤務となります。"
57,1418,大東建託株式会社,転勤なし◎フレックス制度で無理なく働ける土地活用提案営業,未経験｜土地活用の提案営業｜名古屋市千種区,"✦・━━━━━━━━━━━━━━━・✦
＼愛知県名古屋市千種区で募集中／
""提案する力""が身につく
土地活用の営業職◎
✦・━━━━━━━━━━━━━━━・✦

「商談って一人でやるものでは？」

大東建託の商談は、必ず上司が同席します。
未経験のうちから一人で抱え込む場面はありません。

＝＝＝＝＝＝＝＝＝＝＝＝＝＝＝
【✧提案営業は、この3ステップ✧】

■ ① 訪問
土地オーナー様を訪ね、商談の日程を調整します。

■ ② 商談
上司同席のもと、活用プランや契約条件を提案します。

■ ③ ご契約
成約1件につき、最大225万円のインセンティブを支給。
賞与支給のタイミングでまとめて受け取れます。

＝＝＝＝＝＝＝＝＝＝＝＝＝＝＝
【✨この仕事の魅力✨】

✅ 頑張りが成果に直結
成約数に応じてインセンティブが上乗せされます。

✅ 研修制度あり
未経験からでも、提案の組み立て方を一から学べます。

✅ 転勤・出張なし
会社が指定するエリアへの異動はなく、
希望する地域で働き続けられます。

＝＝＝＝＝＝＝＝＝＝＝＝＝＝＝
【✔働き方✔】

✔ フレックスタイム制度（月平均所定労働時間160時間）
✔ 固定残業代なし（残業分は時間外勤務手当で別途支給）
✔ 社会保険完備（健康保険・厚生年金・雇用保険・労災保険）
✔ 試用期間なし

自分のペースで、一件ずつ丁寧に進めていける仕事です。

案件No：1418","《✼この仕事の4つのポイント✼》

✅ ① 商談は必ず上司同席
未経験のうちから一人で商談に臨むことはありません。
提案内容や契約条件の詰め方も、その場でサポートしてもらえます。

✅ ② 頑張りが成果報酬に直結
1件成約につき最大225万円のインセンティブを支給。
賞与のタイミングでまとめて受け取れます。

✅ ③ 転勤・出張なし
会社が指定するエリアへの異動は一切ありません。
自分の希望する地域で働き続けられます。

✅ ④ フレックスタイム制度
月平均所定労働時間160時間の中で、
始業・終業の時間配分を自分で組み立てられます。

＝＝＝＝＝＝＝＝＝＝＝＝＝＝＝
《✼待遇もしっかり✼》

✔ 月給制（固定残業代なし／残業分は時間外勤務手当で別途支給）
✔ 資格手当・家族手当・職種手当・通勤手当・役職手当・勤続手当
✔ 社会保険完備（健康保険・厚生年金・雇用保険・労災保険）
✔ 試用期間なし
✔ 初年度想定年収：340万円〜700万円
✔ 年収例：中途入社9年目／固定年額650万円＋賞与710万円＝1360万円
✔ 保養所完備・定期健康診断・人間ドック補助・スポーツクラブ利用補助・
　財形貯蓄制度・確定拠出年金（401K）・永年勤続表彰・社内厚生行事補助","✦・━━━━━━━━━━━━━━━・✦
＼まずは話を聞くところから／
選考は面接1回、最短1週間で内定
✦・━━━━━━━━━━━━━━━・✦

＝＝＝＝＝＝＝＝＝＝＝＝＝＝＝
【✧選考の流れ✧】

■ STEP 1　Web応募（所要1分）
氏名と連絡先など、簡単な入力だけで完了します。
応募段階での履歴書・職務経歴書は不要です。

■ STEP 2　カジュアル面談（オンライン／20〜30分）
「まずは話を聞いてみたい」でOKです。
私服・画面オフでのご参加も歓迎します。
面接ではなく相互理解の場ですので、
仕事内容や職場の雰囲気を気軽にお尋ねください。
平日夜間・早朝・土日の実施もご相談に応じます。

■ STEP 3　面接（対面またはWeb／1回のみ）
業務内容のご案内と、ご希望の働き方のお伺いをします。
ご希望の方にはオフィス見学や
現場スタッフとの対話の時間も設けます。

■ STEP 4　内定・条件面談
応募から内定まで最短1週間のスピード選考です。
入社日や勤務条件のご希望も調整いたします。

＝＝＝＝＝＝＝＝＝＝＝＝＝＝＝
【✧ご応募にあたって✧】

✔ 応募時に履歴書・職務経歴書は必要ありません
✔ 在職中の方も日程を調整できます
✔ 「話を聞いてみたい」だけのご応募も歓迎します

＝＝＝＝＝＝＝＝＝＝＝＝＝＝＝
【✧労働条件の明示✧】

■ 就業場所の変更の範囲
転勤はありません。本求人の勤務地での勤務となります。"
58,2207,大東建託株式会社,転勤なし◎フレックス制度で無理なく働ける土地活用提案営業,未経験｜土地活用の提案営業｜中巨摩郡昭和町,"✦・━━━━━━━━━━━━━━━・✦
＼山梨県中巨摩郡昭和町で募集中／
オーナー様の「土地」を
価値ある一棟に変える提案営業◎
✦・━━━━━━━━━━━━━━━・✦

「専門知識がないと厳しいのでは？」

商談には必ず上司が同席するので、
知識も進め方も、現場で身につけていけます。

＝＝＝＝＝＝＝＝＝＝＝＝＝＝＝
【✧提案営業は、この3ステップ✧】

■ ① 訪問
土地オーナー様のもとへ伺い、商談の日程を決めます。

■ ② 商談
上司同席で、活用プランや契約条件を一緒に詰めます。

■ ③ ご契約
契約成立で、1件あたり最大225万円のインセンティブを支給。
賞与のタイミングでまとめて支給されます。

＝＝＝＝＝＝＝＝＝＝＝＝＝＝＝
【✨この仕事の魅力✨】

✅ 転勤・出張なし
会社が指定するエリアへの異動はありません。
今の生活拠点を変えずに働き続けられます。

✅ 商談は一人で抱え込まない
上司同席が前提なので、未経験でも
その場で相談しながら進められます。

✅ 研修制度あり
提案の組み立て方から、丁寧に学べます。

＝＝＝＝＝＝＝＝＝＝＝＝＝＝＝
【✔働き方✔】

✔ フレックスタイム制度（月平均所定労働時間160時間）
✔ 固定残業代なし（残業分は時間外勤務手当で別途支給）
✔ 社会保険完備（健康保険・厚生年金・雇用保険・労災保険）
✔ 試用期間なし

まずはお気軽にご応募ください。

案件No：2207","《✼この仕事の4つのポイント✼》

✅ ① 商談は必ず上司同席
未経験のうちから一人で商談に臨むことはありません。
提案内容や契約条件の詰め方も、その場でサポートしてもらえます。

✅ ② 頑張りが成果報酬に直結
1件成約につき最大225万円のインセンティブを支給。
賞与のタイミングでまとめて受け取れます。

✅ ③ 転勤・出張なし
会社が指定するエリアへの異動は一切ありません。
自分の希望する地域で働き続けられます。

✅ ④ フレックスタイム制度
月平均所定労働時間160時間の中で、
始業・終業の時間配分を自分で組み立てられます。

＝＝＝＝＝＝＝＝＝＝＝＝＝＝＝
《✼待遇もしっかり✼》

✔ 月給制（固定残業代なし／残業分は時間外勤務手当で別途支給）
✔ 資格手当・家族手当・職種手当・通勤手当・役職手当・勤続手当
✔ 社会保険完備（健康保険・厚生年金・雇用保険・労災保険）
✔ 試用期間なし
✔ 初年度想定年収：340万円〜700万円
✔ 年収例：中途入社9年目／固定年額650万円＋賞与710万円＝1360万円
✔ 保養所完備・定期健康診断・人間ドック補助・スポーツクラブ利用補助・
　財形貯蓄制度・確定拠出年金（401K）・永年勤続表彰・社内厚生行事補助","✦・━━━━━━━━━━━━━━━・✦
＼まずは話を聞くところから／
選考は面接1回、最短1週間で内定
✦・━━━━━━━━━━━━━━━・✦

＝＝＝＝＝＝＝＝＝＝＝＝＝＝＝
【✧選考の流れ✧】

■ STEP 1　Web応募（所要1分）
氏名と連絡先など、簡単な入力だけで完了します。
応募段階での履歴書・職務経歴書は不要です。

■ STEP 2　カジュアル面談（オンライン／20〜30分）
「まずは話を聞いてみたい」でOKです。
私服・画面オフでのご参加も歓迎します。
面接ではなく相互理解の場ですので、
仕事内容や職場の雰囲気を気軽にお尋ねください。
平日夜間・早朝・土日の実施もご相談に応じます。

■ STEP 3　面接（対面またはWeb／1回のみ）
業務内容のご案内と、ご希望の働き方のお伺いをします。
ご希望の方にはオフィス見学や
現場スタッフとの対話の時間も設けます。

■ STEP 4　内定・条件面談
応募から内定まで最短1週間のスピード選考です。
入社日や勤務条件のご希望も調整いたします。

＝＝＝＝＝＝＝＝＝＝＝＝＝＝＝
【✧ご応募にあたって✧】

✔ 応募時に履歴書・職務経歴書は必要ありません
✔ 在職中の方も日程を調整できます
✔ 「話を聞いてみたい」だけのご応募も歓迎します

＝＝＝＝＝＝＝＝＝＝＝＝＝＝＝
【✧労働条件の明示✧】

■ 就業場所の変更の範囲
転勤はありません。本求人の勤務地での勤務となります。"
59,2530,大東建託株式会社,転勤なし◎フレックス制度で無理なく働ける土地活用提案営業,未経験｜土地活用の提案営業｜日野市,"✦・━━━━━━━━━━━━━━━・✦
＼東京都日野市で募集中／
土地オーナー様に「活用」を提案する
未経験からの営業職◎
✦・━━━━━━━━━━━━━━━・✦

「営業は未経験だから不安…」

そう感じる方ほど、まずは仕組みを知ってください。
商談には必ず上司が同席するので、
一人で判断を迫られる場面はありません。

＝＝＝＝＝＝＝＝＝＝＝＝＝＝＝
【✧提案営業は、この3ステップ✧】

■ ① 訪問
土地オーナー様のもとへ伺い、商談の日程を調整します。

■ ② 商談
上司が同席し、提案内容や契約条件をサポートします。

■ ③ ご契約
契約成立で、1件あたり最大225万円のインセンティブを支給。
賞与のタイミングでまとめて受け取れます。

＝＝＝＝＝＝＝＝＝＝＝＝＝＝＝
【✨この仕事の魅力✨】

✅ 商談は一人で抱え込まない
上司同席が前提なので、経験がなくても
その場で相談しながら進められます。

✅ 転勤・出張なし
会社が指定するエリアへの異動はありません。
自分の希望する地域で働き続けられます。

✅ 研修制度あり
商談の進め方や提案の組み立て方から学べます。

＝＝＝＝＝＝＝＝＝＝＝＝＝＝＝
【✔働き方✔】

✔ フレックスタイム制度（月平均所定労働時間160時間）
✔ 固定残業代なし（残業分は時間外勤務手当で別途支給）
✔ 社会保険完備（健康保険・厚生年金・雇用保険・労災保険）
✔ 試用期間なし

まずはお気軽にご応募ください。

案件No：2530","《✼この仕事の4つのポイント✼》

✅ ① 商談は必ず上司同席
未経験のうちから一人で商談に臨むことはありません。
提案内容や契約条件の詰め方も、その場でサポートしてもらえます。

✅ ② 頑張りが成果報酬に直結
1件成約につき最大225万円のインセンティブを支給。
賞与のタイミングでまとめて受け取れます。

✅ ③ 転勤・出張なし
会社が指定するエリアへの異動は一切ありません。
自分の希望する地域で働き続けられます。

✅ ④ フレックスタイム制度
月平均所定労働時間160時間の中で、
始業・終業の時間配分を自分で組み立てられます。

＝＝＝＝＝＝＝＝＝＝＝＝＝＝＝
《✼待遇もしっかり✼》

✔ 月給制（固定残業代なし／残業分は時間外勤務手当で別途支給）
✔ 資格手当・家族手当・職種手当・通勤手当・役職手当・勤続手当
✔ 社会保険完備（健康保険・厚生年金・雇用保険・労災保険）
✔ 試用期間なし
✔ 初年度想定年収：340万円〜700万円
✔ 年収例：中途入社9年目／固定年額650万円＋賞与710万円＝1360万円
✔ 保養所完備・定期健康診断・人間ドック補助・スポーツクラブ利用補助・
　財形貯蓄制度・確定拠出年金（401K）・永年勤続表彰・社内厚生行事補助","✦・━━━━━━━━━━━━━━━・✦
＼まずは話を聞くところから／
選考は面接1回、最短1週間で内定
✦・━━━━━━━━━━━━━━━・✦

＝＝＝＝＝＝＝＝＝＝＝＝＝＝＝
【✧選考の流れ✧】

■ STEP 1　Web応募（所要1分）
氏名と連絡先など、簡単な入力だけで完了します。
応募段階での履歴書・職務経歴書は不要です。

■ STEP 2　カジュアル面談（オンライン／20〜30分）
「まずは話を聞いてみたい」でOKです。
私服・画面オフでのご参加も歓迎します。
面接ではなく相互理解の場ですので、
仕事内容や職場の雰囲気を気軽にお尋ねください。
平日夜間・早朝・土日の実施もご相談に応じます。

■ STEP 3　面接（対面またはWeb／1回のみ）
業務内容のご案内と、ご希望の働き方のお伺いをします。
ご希望の方にはオフィス見学や
現場スタッフとの対話の時間も設けます。

■ STEP 4　内定・条件面談
応募から内定まで最短1週間のスピード選考です。
入社日や勤務条件のご希望も調整いたします。

＝＝＝＝＝＝＝＝＝＝＝＝＝＝＝
【✧ご応募にあたって✧】

✔ 応募時に履歴書・職務経歴書は必要ありません
✔ 在職中の方も日程を調整できます
✔ 「話を聞いてみたい」だけのご応募も歓迎します

＝＝＝＝＝＝＝＝＝＝＝＝＝＝＝
【✧労働条件の明示✧】

■ 就業場所の変更の範囲
転勤はありません。本求人の勤務地での勤務となります。"
60,771,大東建託株式会社,転勤なし◎フレックス制度で無理なく働ける土地活用提案営業,未経験｜土地活用の提案営業｜つくば市,"✦・━━━━━━━━━━━━━━━・✦
＼茨城県つくば市で募集中／
""提案する力""が身につく
土地活用の営業職◎
✦・━━━━━━━━━━━━━━━・✦

「商談って一人でやるものでは？」

大東建託の商談は、必ず上司が同席します。
未経験のうちから一人で抱え込む場面はありません。

＝＝＝＝＝＝＝＝＝＝＝＝＝＝＝
【✧提案営業は、この3ステップ✧】

■ ① 訪問
土地オーナー様を訪ね、商談の日程を調整します。

■ ② 商談
上司同席のもと、活用プランや契約条件を提案します。

■ ③ ご契約
成約1件につき、最大225万円のインセンティブを支給。
賞与支給のタイミングでまとめて受け取れます。

＝＝＝＝＝＝＝＝＝＝＝＝＝＝＝
【✨この仕事の魅力✨】

✅ 頑張りが成果に直結
成約数に応じてインセンティブが上乗せされます。

✅ 研修制度あり
未経験からでも、提案の組み立て方を一から学べます。

✅ 転勤・出張なし
会社が指定するエリアへの異動はなく、
希望する地域で働き続けられます。

＝＝＝＝＝＝＝＝＝＝＝＝＝＝＝
【✔働き方✔】

✔ フレックスタイム制度（月平均所定労働時間160時間）
✔ 固定残業代なし（残業分は時間外勤務手当で別途支給）
✔ 社会保険完備（健康保険・厚生年金・雇用保険・労災保険）
✔ 試用期間なし

自分のペースで、一件ずつ丁寧に進めていける仕事です。

案件No：771","《✼この仕事の4つのポイント✼》

✅ ① 商談は必ず上司同席
未経験のうちから一人で商談に臨むことはありません。
提案内容や契約条件の詰め方も、その場でサポートしてもらえます。

✅ ② 頑張りが成果報酬に直結
1件成約につき最大225万円のインセンティブを支給。
賞与のタイミングでまとめて受け取れます。

✅ ③ 転勤・出張なし
会社が指定するエリアへの異動は一切ありません。
自分の希望する地域で働き続けられます。

✅ ④ フレックスタイム制度
月平均所定労働時間160時間の中で、
始業・終業の時間配分を自分で組み立てられます。

＝＝＝＝＝＝＝＝＝＝＝＝＝＝＝
《✼待遇もしっかり✼》

✔ 月給制（固定残業代なし／残業分は時間外勤務手当で別途支給）
✔ 資格手当・家族手当・職種手当・通勤手当・役職手当・勤続手当
✔ 社会保険完備（健康保険・厚生年金・雇用保険・労災保険）
✔ 試用期間なし
✔ 初年度想定年収：340万円〜700万円
✔ 年収例：中途入社9年目／固定年額650万円＋賞与710万円＝1360万円
✔ 保養所完備・定期健康診断・人間ドック補助・スポーツクラブ利用補助・
　財形貯蓄制度・確定拠出年金（401K）・永年勤続表彰・社内厚生行事補助","✦・━━━━━━━━━━━━━━━・✦
＼まずは話を聞くところから／
選考は面接1回、最短1週間で内定
✦・━━━━━━━━━━━━━━━・✦

＝＝＝＝＝＝＝＝＝＝＝＝＝＝＝
【✧選考の流れ✧】

■ STEP 1　Web応募（所要1分）
氏名と連絡先など、簡単な入力だけで完了します。
応募段階での履歴書・職務経歴書は不要です。

■ STEP 2　カジュアル面談（オンライン／20〜30分）
「まずは話を聞いてみたい」でOKです。
私服・画面オフでのご参加も歓迎します。
面接ではなく相互理解の場ですので、
仕事内容や職場の雰囲気を気軽にお尋ねください。
平日夜間・早朝・土日の実施もご相談に応じます。

■ STEP 3　面接（対面またはWeb／1回のみ）
業務内容のご案内と、ご希望の働き方のお伺いをします。
ご希望の方にはオフィス見学や
現場スタッフとの対話の時間も設けます。

■ STEP 4　内定・条件面談
応募から内定まで最短1週間のスピード選考です。
入社日や勤務条件のご希望も調整いたします。

＝＝＝＝＝＝＝＝＝＝＝＝＝＝＝
【✧ご応募にあたって✧】

✔ 応募時に履歴書・職務経歴書は必要ありません
✔ 在職中の方も日程を調整できます
✔ 「話を聞いてみたい」だけのご応募も歓迎します

＝＝＝＝＝＝＝＝＝＝＝＝＝＝＝
【✧労働条件の明示✧】

■ 就業場所の変更の範囲
転勤はありません。本求人の勤務地での勤務となります。"
61,627,大東建託株式会社,転勤なし◎フレックス制度で無理なく働ける土地活用提案営業,未経験｜土地活用の提案営業｜名古屋市港区,"✦・━━━━━━━━━━━━━━━・✦
＼愛知県名古屋市港区で募集中／
オーナー様の「土地」を
価値ある一棟に変える提案営業◎
✦・━━━━━━━━━━━━━━━・✦

「専門知識がないと厳しいのでは？」

商談には必ず上司が同席するので、
知識も進め方も、現場で身につけていけます。

＝＝＝＝＝＝＝＝＝＝＝＝＝＝＝
【✧提案営業は、この3ステップ✧】

■ ① 訪問
土地オーナー様のもとへ伺い、商談の日程を決めます。

■ ② 商談
上司同席で、活用プランや契約条件を一緒に詰めます。

■ ③ ご契約
契約成立で、1件あたり最大225万円のインセンティブを支給。
賞与のタイミングでまとめて支給されます。

＝＝＝＝＝＝＝＝＝＝＝＝＝＝＝
【✨この仕事の魅力✨】

✅ 転勤・出張なし
会社が指定するエリアへの異動はありません。
今の生活拠点を変えずに働き続けられます。

✅ 商談は一人で抱え込まない
上司同席が前提なので、未経験でも
その場で相談しながら進められます。

✅ 研修制度あり
提案の組み立て方から、丁寧に学べます。

＝＝＝＝＝＝＝＝＝＝＝＝＝＝＝
【✔働き方✔】

✔ フレックスタイム制度（月平均所定労働時間160時間）
✔ 固定残業代なし（残業分は時間外勤務手当で別途支給）
✔ 社会保険完備（健康保険・厚生年金・雇用保険・労災保険）
✔ 試用期間なし

まずはお気軽にご応募ください。

案件No：627","《✼この仕事の4つのポイント✼》

✅ ① 商談は必ず上司同席
未経験のうちから一人で商談に臨むことはありません。
提案内容や契約条件の詰め方も、その場でサポートしてもらえます。

✅ ② 頑張りが成果報酬に直結
1件成約につき最大225万円のインセンティブを支給。
賞与のタイミングでまとめて受け取れます。

✅ ③ 転勤・出張なし
会社が指定するエリアへの異動は一切ありません。
自分の希望する地域で働き続けられます。

✅ ④ フレックスタイム制度
月平均所定労働時間160時間の中で、
始業・終業の時間配分を自分で組み立てられます。

＝＝＝＝＝＝＝＝＝＝＝＝＝＝＝
《✼待遇もしっかり✼》

✔ 月給制（固定残業代なし／残業分は時間外勤務手当で別途支給）
✔ 資格手当・家族手当・職種手当・通勤手当・役職手当・勤続手当
✔ 社会保険完備（健康保険・厚生年金・雇用保険・労災保険）
✔ 試用期間なし
✔ 初年度想定年収：340万円〜700万円
✔ 年収例：中途入社9年目／固定年額650万円＋賞与710万円＝1360万円
✔ 保養所完備・定期健康診断・人間ドック補助・スポーツクラブ利用補助・
　財形貯蓄制度・確定拠出年金（401K）・永年勤続表彰・社内厚生行事補助","✦・━━━━━━━━━━━━━━━・✦
＼まずは話を聞くところから／
選考は面接1回、最短1週間で内定
✦・━━━━━━━━━━━━━━━・✦

＝＝＝＝＝＝＝＝＝＝＝＝＝＝＝
【✧選考の流れ✧】

■ STEP 1　Web応募（所要1分）
氏名と連絡先など、簡単な入力だけで完了します。
応募段階での履歴書・職務経歴書は不要です。

■ STEP 2　カジュアル面談（オンライン／20〜30分）
「まずは話を聞いてみたい」でOKです。
私服・画面オフでのご参加も歓迎します。
面接ではなく相互理解の場ですので、
仕事内容や職場の雰囲気を気軽にお尋ねください。
平日夜間・早朝・土日の実施もご相談に応じます。

■ STEP 3　面接（対面またはWeb／1回のみ）
業務内容のご案内と、ご希望の働き方のお伺いをします。
ご希望の方にはオフィス見学や
現場スタッフとの対話の時間も設けます。

■ STEP 4　内定・条件面談
応募から内定まで最短1週間のスピード選考です。
入社日や勤務条件のご希望も調整いたします。

＝＝＝＝＝＝＝＝＝＝＝＝＝＝＝
【✧ご応募にあたって✧】

✔ 応募時に履歴書・職務経歴書は必要ありません
✔ 在職中の方も日程を調整できます
✔ 「話を聞いてみたい」だけのご応募も歓迎します

＝＝＝＝＝＝＝＝＝＝＝＝＝＝＝
【✧労働条件の明示✧】

■ 就業場所の変更の範囲
転勤はありません。本求人の勤務地での勤務となります。"
62,2611,大東建託株式会社,転勤なし◎フレックス制度で無理なく働ける土地活用提案営業,未経験｜土地活用の提案営業｜台東区,"✦・━━━━━━━━━━━━━━━・✦
＼東京都台東区で募集中／
土地オーナー様に「活用」を提案する
未経験からの営業職◎
✦・━━━━━━━━━━━━━━━・✦

「営業は未経験だから不安…」

そう感じる方ほど、まずは仕組みを知ってください。
商談には必ず上司が同席するので、
一人で判断を迫られる場面はありません。

＝＝＝＝＝＝＝＝＝＝＝＝＝＝＝
【✧提案営業は、この3ステップ✧】

■ ① 訪問
土地オーナー様のもとへ伺い、商談の日程を調整します。

■ ② 商談
上司が同席し、提案内容や契約条件をサポートします。

■ ③ ご契約
契約成立で、1件あたり最大225万円のインセンティブを支給。
賞与のタイミングでまとめて受け取れます。

＝＝＝＝＝＝＝＝＝＝＝＝＝＝＝
【✨この仕事の魅力✨】

✅ 商談は一人で抱え込まない
上司同席が前提なので、経験がなくても
その場で相談しながら進められます。

✅ 転勤・出張なし
会社が指定するエリアへの異動はありません。
自分の希望する地域で働き続けられます。

✅ 研修制度あり
商談の進め方や提案の組み立て方から学べます。

＝＝＝＝＝＝＝＝＝＝＝＝＝＝＝
【✔働き方✔】

✔ フレックスタイム制度（月平均所定労働時間160時間）
✔ 固定残業代なし（残業分は時間外勤務手当で別途支給）
✔ 社会保険完備（健康保険・厚生年金・雇用保険・労災保険）
✔ 試用期間なし

まずはお気軽にご応募ください。

案件No：2611","《✼この仕事の4つのポイント✼》

✅ ① 商談は必ず上司同席
未経験のうちから一人で商談に臨むことはありません。
提案内容や契約条件の詰め方も、その場でサポートしてもらえます。

✅ ② 頑張りが成果報酬に直結
1件成約につき最大225万円のインセンティブを支給。
賞与のタイミングでまとめて受け取れます。

✅ ③ 転勤・出張なし
会社が指定するエリアへの異動は一切ありません。
自分の希望する地域で働き続けられます。

✅ ④ フレックスタイム制度
月平均所定労働時間160時間の中で、
始業・終業の時間配分を自分で組み立てられます。

＝＝＝＝＝＝＝＝＝＝＝＝＝＝＝
《✼待遇もしっかり✼》

✔ 月給制（固定残業代なし／残業分は時間外勤務手当で別途支給）
✔ 資格手当・家族手当・職種手当・通勤手当・役職手当・勤続手当
✔ 社会保険完備（健康保険・厚生年金・雇用保険・労災保険）
✔ 試用期間なし
✔ 初年度想定年収：340万円〜700万円
✔ 年収例：中途入社9年目／固定年額650万円＋賞与710万円＝1360万円
✔ 保養所完備・定期健康診断・人間ドック補助・スポーツクラブ利用補助・
　財形貯蓄制度・確定拠出年金（401K）・永年勤続表彰・社内厚生行事補助","✦・━━━━━━━━━━━━━━━・✦
＼まずは話を聞くところから／
選考は面接1回、最短1週間で内定
✦・━━━━━━━━━━━━━━━・✦

＝＝＝＝＝＝＝＝＝＝＝＝＝＝＝
【✧選考の流れ✧】

■ STEP 1　Web応募（所要1分）
氏名と連絡先など、簡単な入力だけで完了します。
応募段階での履歴書・職務経歴書は不要です。

■ STEP 2　カジュアル面談（オンライン／20〜30分）
「まずは話を聞いてみたい」でOKです。
私服・画面オフでのご参加も歓迎します。
面接ではなく相互理解の場ですので、
仕事内容や職場の雰囲気を気軽にお尋ねください。
平日夜間・早朝・土日の実施もご相談に応じます。

■ STEP 3　面接（対面またはWeb／1回のみ）
業務内容のご案内と、ご希望の働き方のお伺いをします。
ご希望の方にはオフィス見学や
現場スタッフとの対話の時間も設けます。

■ STEP 4　内定・条件面談
応募から内定まで最短1週間のスピード選考です。
入社日や勤務条件のご希望も調整いたします。

＝＝＝＝＝＝＝＝＝＝＝＝＝＝＝
【✧ご応募にあたって✧】

✔ 応募時に履歴書・職務経歴書は必要ありません
✔ 在職中の方も日程を調整できます
✔ 「話を聞いてみたい」だけのご応募も歓迎します

＝＝＝＝＝＝＝＝＝＝＝＝＝＝＝
【✧労働条件の明示✧】

■ 就業場所の変更の範囲
転勤はありません。本求人の勤務地での勤務となります。"
63,1265,大東建託株式会社,転勤なし◎フレックス制度で無理なく働ける土地活用提案営業,未経験｜土地活用の提案営業｜町田市,"✦・━━━━━━━━━━━━━━━・✦
＼東京都町田市で募集中／
""提案する力""が身につく
土地活用の営業職◎
✦・━━━━━━━━━━━━━━━・✦

「商談って一人でやるものでは？」

大東建託の商談は、必ず上司が同席します。
未経験のうちから一人で抱え込む場面はありません。

＝＝＝＝＝＝＝＝＝＝＝＝＝＝＝
【✧提案営業は、この3ステップ✧】

■ ① 訪問
土地オーナー様を訪ね、商談の日程を調整します。

■ ② 商談
上司同席のもと、活用プランや契約条件を提案します。

■ ③ ご契約
成約1件につき、最大225万円のインセンティブを支給。
賞与支給のタイミングでまとめて受け取れます。

＝＝＝＝＝＝＝＝＝＝＝＝＝＝＝
【✨この仕事の魅力✨】

✅ 頑張りが成果に直結
成約数に応じてインセンティブが上乗せされます。

✅ 研修制度あり
未経験からでも、提案の組み立て方を一から学べます。

✅ 転勤・出張なし
会社が指定するエリアへの異動はなく、
希望する地域で働き続けられます。

＝＝＝＝＝＝＝＝＝＝＝＝＝＝＝
【✔働き方✔】

✔ フレックスタイム制度（月平均所定労働時間160時間）
✔ 固定残業代なし（残業分は時間外勤務手当で別途支給）
✔ 社会保険完備（健康保険・厚生年金・雇用保険・労災保険）
✔ 試用期間なし

自分のペースで、一件ずつ丁寧に進めていける仕事です。

案件No：1265","《✼この仕事の4つのポイント✼》

✅ ① 商談は必ず上司同席
未経験のうちから一人で商談に臨むことはありません。
提案内容や契約条件の詰め方も、その場でサポートしてもらえます。

✅ ② 頑張りが成果報酬に直結
1件成約につき最大225万円のインセンティブを支給。
賞与のタイミングでまとめて受け取れます。

✅ ③ 転勤・出張なし
会社が指定するエリアへの異動は一切ありません。
自分の希望する地域で働き続けられます。

✅ ④ フレックスタイム制度
月平均所定労働時間160時間の中で、
始業・終業の時間配分を自分で組み立てられます。

＝＝＝＝＝＝＝＝＝＝＝＝＝＝＝
《✼待遇もしっかり✼》

✔ 月給制（固定残業代なし／残業分は時間外勤務手当で別途支給）
✔ 資格手当・家族手当・職種手当・通勤手当・役職手当・勤続手当
✔ 社会保険完備（健康保険・厚生年金・雇用保険・労災保険）
✔ 試用期間なし
✔ 初年度想定年収：340万円〜700万円
✔ 年収例：中途入社9年目／固定年額650万円＋賞与710万円＝1360万円
✔ 保養所完備・定期健康診断・人間ドック補助・スポーツクラブ利用補助・
　財形貯蓄制度・確定拠出年金（401K）・永年勤続表彰・社内厚生行事補助","✦・━━━━━━━━━━━━━━━・✦
＼まずは話を聞くところから／
選考は面接1回、最短1週間で内定
✦・━━━━━━━━━━━━━━━・✦

＝＝＝＝＝＝＝＝＝＝＝＝＝＝＝
【✧選考の流れ✧】

■ STEP 1　Web応募（所要1分）
氏名と連絡先など、簡単な入力だけで完了します。
応募段階での履歴書・職務経歴書は不要です。

■ STEP 2　カジュアル面談（オンライン／20〜30分）
「まずは話を聞いてみたい」でOKです。
私服・画面オフでのご参加も歓迎します。
面接ではなく相互理解の場ですので、
仕事内容や職場の雰囲気を気軽にお尋ねください。
平日夜間・早朝・土日の実施もご相談に応じます。

■ STEP 3　面接（対面またはWeb／1回のみ）
業務内容のご案内と、ご希望の働き方のお伺いをします。
ご希望の方にはオフィス見学や
現場スタッフとの対話の時間も設けます。

■ STEP 4　内定・条件面談
応募から内定まで最短1週間のスピード選考です。
入社日や勤務条件のご希望も調整いたします。

＝＝＝＝＝＝＝＝＝＝＝＝＝＝＝
【✧ご応募にあたって✧】

✔ 応募時に履歴書・職務経歴書は必要ありません
✔ 在職中の方も日程を調整できます
✔ 「話を聞いてみたい」だけのご応募も歓迎します

＝＝＝＝＝＝＝＝＝＝＝＝＝＝＝
【✧労働条件の明示✧】

■ 就業場所の変更の範囲
転勤はありません。本求人の勤務地での勤務となります。"
64,304,大東建託株式会社,転勤なし◎フレックス制度で無理なく働ける土地活用提案営業,未経験｜土地活用の提案営業｜水戸市,"✦・━━━━━━━━━━━━━━━・✦
＼茨城県水戸市で募集中／
オーナー様の「土地」を
価値ある一棟に変える提案営業◎
✦・━━━━━━━━━━━━━━━・✦

「専門知識がないと厳しいのでは？」

商談には必ず上司が同席するので、
知識も進め方も、現場で身につけていけます。

＝＝＝＝＝＝＝＝＝＝＝＝＝＝＝
【✧提案営業は、この3ステップ✧】

■ ① 訪問
土地オーナー様のもとへ伺い、商談の日程を決めます。

■ ② 商談
上司同席で、活用プランや契約条件を一緒に詰めます。

■ ③ ご契約
契約成立で、1件あたり最大225万円のインセンティブを支給。
賞与のタイミングでまとめて支給されます。

＝＝＝＝＝＝＝＝＝＝＝＝＝＝＝
【✨この仕事の魅力✨】

✅ 転勤・出張なし
会社が指定するエリアへの異動はありません。
今の生活拠点を変えずに働き続けられます。

✅ 商談は一人で抱え込まない
上司同席が前提なので、未経験でも
その場で相談しながら進められます。

✅ 研修制度あり
提案の組み立て方から、丁寧に学べます。

＝＝＝＝＝＝＝＝＝＝＝＝＝＝＝
【✔働き方✔】

✔ フレックスタイム制度（月平均所定労働時間160時間）
✔ 固定残業代なし（残業分は時間外勤務手当で別途支給）
✔ 社会保険完備（健康保険・厚生年金・雇用保険・労災保険）
✔ 試用期間なし

まずはお気軽にご応募ください。

案件No：304","《✼この仕事の4つのポイント✼》

✅ ① 商談は必ず上司同席
未経験のうちから一人で商談に臨むことはありません。
提案内容や契約条件の詰め方も、その場でサポートしてもらえます。

✅ ② 頑張りが成果報酬に直結
1件成約につき最大225万円のインセンティブを支給。
賞与のタイミングでまとめて受け取れます。

✅ ③ 転勤・出張なし
会社が指定するエリアへの異動は一切ありません。
自分の希望する地域で働き続けられます。

✅ ④ フレックスタイム制度
月平均所定労働時間160時間の中で、
始業・終業の時間配分を自分で組み立てられます。

＝＝＝＝＝＝＝＝＝＝＝＝＝＝＝
《✼待遇もしっかり✼》

✔ 月給制（固定残業代なし／残業分は時間外勤務手当で別途支給）
✔ 資格手当・家族手当・職種手当・通勤手当・役職手当・勤続手当
✔ 社会保険完備（健康保険・厚生年金・雇用保険・労災保険）
✔ 試用期間なし
✔ 初年度想定年収：340万円〜700万円
✔ 年収例：中途入社9年目／固定年額650万円＋賞与710万円＝1360万円
✔ 保養所完備・定期健康診断・人間ドック補助・スポーツクラブ利用補助・
　財形貯蓄制度・確定拠出年金（401K）・永年勤続表彰・社内厚生行事補助","✦・━━━━━━━━━━━━━━━・✦
＼まずは話を聞くところから／
選考は面接1回、最短1週間で内定
✦・━━━━━━━━━━━━━━━・✦

＝＝＝＝＝＝＝＝＝＝＝＝＝＝＝
【✧選考の流れ✧】

■ STEP 1　Web応募（所要1分）
氏名と連絡先など、簡単な入力だけで完了します。
応募段階での履歴書・職務経歴書は不要です。

■ STEP 2　カジュアル面談（オンライン／20〜30分）
「まずは話を聞いてみたい」でOKです。
私服・画面オフでのご参加も歓迎します。
面接ではなく相互理解の場ですので、
仕事内容や職場の雰囲気を気軽にお尋ねください。
平日夜間・早朝・土日の実施もご相談に応じます。

■ STEP 3　面接（対面またはWeb／1回のみ）
業務内容のご案内と、ご希望の働き方のお伺いをします。
ご希望の方にはオフィス見学や
現場スタッフとの対話の時間も設けます。

■ STEP 4　内定・条件面談
応募から内定まで最短1週間のスピード選考です。
入社日や勤務条件のご希望も調整いたします。

＝＝＝＝＝＝＝＝＝＝＝＝＝＝＝
【✧ご応募にあたって✧】

✔ 応募時に履歴書・職務経歴書は必要ありません
✔ 在職中の方も日程を調整できます
✔ 「話を聞いてみたい」だけのご応募も歓迎します

＝＝＝＝＝＝＝＝＝＝＝＝＝＝＝
【✧労働条件の明示✧】

■ 就業場所の変更の範囲
転勤はありません。本求人の勤務地での勤務となります。"
65,1360,大東建託株式会社,転勤なし◎フレックス制度で無理なく働ける土地活用提案営業,未経験｜土地活用の提案営業｜八王子市,"✦・━━━━━━━━━━━━━━━・✦
＼東京都八王子市で募集中／
土地オーナー様に「活用」を提案する
未経験からの営業職◎
✦・━━━━━━━━━━━━━━━・✦

「営業は未経験だから不安…」

そう感じる方ほど、まずは仕組みを知ってください。
商談には必ず上司が同席するので、
一人で判断を迫られる場面はありません。

＝＝＝＝＝＝＝＝＝＝＝＝＝＝＝
【✧提案営業は、この3ステップ✧】

■ ① 訪問
土地オーナー様のもとへ伺い、商談の日程を調整します。

■ ② 商談
上司が同席し、提案内容や契約条件をサポートします。

■ ③ ご契約
契約成立で、1件あたり最大225万円のインセンティブを支給。
賞与のタイミングでまとめて受け取れます。

＝＝＝＝＝＝＝＝＝＝＝＝＝＝＝
【✨この仕事の魅力✨】

✅ 商談は一人で抱え込まない
上司同席が前提なので、経験がなくても
その場で相談しながら進められます。

✅ 転勤・出張なし
会社が指定するエリアへの異動はありません。
自分の希望する地域で働き続けられます。

✅ 研修制度あり
商談の進め方や提案の組み立て方から学べます。

＝＝＝＝＝＝＝＝＝＝＝＝＝＝＝
【✔働き方✔】

✔ フレックスタイム制度（月平均所定労働時間160時間）
✔ 固定残業代なし（残業分は時間外勤務手当で別途支給）
✔ 社会保険完備（健康保険・厚生年金・雇用保険・労災保険）
✔ 試用期間なし

まずはお気軽にご応募ください。

案件No：1360","《✼この仕事の4つのポイント✼》

✅ ① 商談は必ず上司同席
未経験のうちから一人で商談に臨むことはありません。
提案内容や契約条件の詰め方も、その場でサポートしてもらえます。

✅ ② 頑張りが成果報酬に直結
1件成約につき最大225万円のインセンティブを支給。
賞与のタイミングでまとめて受け取れます。

✅ ③ 転勤・出張なし
会社が指定するエリアへの異動は一切ありません。
自分の希望する地域で働き続けられます。

✅ ④ フレックスタイム制度
月平均所定労働時間160時間の中で、
始業・終業の時間配分を自分で組み立てられます。

＝＝＝＝＝＝＝＝＝＝＝＝＝＝＝
《✼待遇もしっかり✼》

✔ 月給制（固定残業代なし／残業分は時間外勤務手当で別途支給）
✔ 資格手当・家族手当・職種手当・通勤手当・役職手当・勤続手当
✔ 社会保険完備（健康保険・厚生年金・雇用保険・労災保険）
✔ 試用期間なし
✔ 初年度想定年収：340万円〜700万円
✔ 年収例：中途入社9年目／固定年額650万円＋賞与710万円＝1360万円
✔ 保養所完備・定期健康診断・人間ドック補助・スポーツクラブ利用補助・
　財形貯蓄制度・確定拠出年金（401K）・永年勤続表彰・社内厚生行事補助","✦・━━━━━━━━━━━━━━━・✦
＼まずは話を聞くところから／
選考は面接1回、最短1週間で内定
✦・━━━━━━━━━━━━━━━・✦

＝＝＝＝＝＝＝＝＝＝＝＝＝＝＝
【✧選考の流れ✧】

■ STEP 1　Web応募（所要1分）
氏名と連絡先など、簡単な入力だけで完了します。
応募段階での履歴書・職務経歴書は不要です。

■ STEP 2　カジュアル面談（オンライン／20〜30分）
「まずは話を聞いてみたい」でOKです。
私服・画面オフでのご参加も歓迎します。
面接ではなく相互理解の場ですので、
仕事内容や職場の雰囲気を気軽にお尋ねください。
平日夜間・早朝・土日の実施もご相談に応じます。

■ STEP 3　面接（対面またはWeb／1回のみ）
業務内容のご案内と、ご希望の働き方のお伺いをします。
ご希望の方にはオフィス見学や
現場スタッフとの対話の時間も設けます。

■ STEP 4　内定・条件面談
応募から内定まで最短1週間のスピード選考です。
入社日や勤務条件のご希望も調整いたします。

＝＝＝＝＝＝＝＝＝＝＝＝＝＝＝
【✧ご応募にあたって✧】

✔ 応募時に履歴書・職務経歴書は必要ありません
✔ 在職中の方も日程を調整できます
✔ 「話を聞いてみたい」だけのご応募も歓迎します

＝＝＝＝＝＝＝＝＝＝＝＝＝＝＝
【✧労働条件の明示✧】

■ 就業場所の変更の範囲
転勤はありません。本求人の勤務地での勤務となります。"
66,955,大東建託株式会社,転勤なし◎フレックス制度で無理なく働ける土地活用提案営業,未経験｜土地活用の提案営業｜日立市,"✦・━━━━━━━━━━━━━━━・✦
＼茨城県日立市で募集中／
""提案する力""が身につく
土地活用の営業職◎
✦・━━━━━━━━━━━━━━━・✦

「商談って一人でやるものでは？」

大東建託の商談は、必ず上司が同席します。
未経験のうちから一人で抱え込む場面はありません。

＝＝＝＝＝＝＝＝＝＝＝＝＝＝＝
【✧提案営業は、この3ステップ✧】

■ ① 訪問
土地オーナー様を訪ね、商談の日程を調整します。

■ ② 商談
上司同席のもと、活用プランや契約条件を提案します。

■ ③ ご契約
成約1件につき、最大225万円のインセンティブを支給。
賞与支給のタイミングでまとめて受け取れます。

＝＝＝＝＝＝＝＝＝＝＝＝＝＝＝
【✨この仕事の魅力✨】

✅ 頑張りが成果に直結
成約数に応じてインセンティブが上乗せされます。

✅ 研修制度あり
未経験からでも、提案の組み立て方を一から学べます。

✅ 転勤・出張なし
会社が指定するエリアへの異動はなく、
希望する地域で働き続けられます。

＝＝＝＝＝＝＝＝＝＝＝＝＝＝＝
【✔働き方✔】

✔ フレックスタイム制度（月平均所定労働時間160時間）
✔ 固定残業代なし（残業分は時間外勤務手当で別途支給）
✔ 社会保険完備（健康保険・厚生年金・雇用保険・労災保険）
✔ 試用期間なし

自分のペースで、一件ずつ丁寧に進めていける仕事です。

案件No：955","《✼この仕事の4つのポイント✼》

✅ ① 商談は必ず上司同席
未経験のうちから一人で商談に臨むことはありません。
提案内容や契約条件の詰め方も、その場でサポートしてもらえます。

✅ ② 頑張りが成果報酬に直結
1件成約につき最大225万円のインセンティブを支給。
賞与のタイミングでまとめて受け取れます。

✅ ③ 転勤・出張なし
会社が指定するエリアへの異動は一切ありません。
自分の希望する地域で働き続けられます。

✅ ④ フレックスタイム制度
月平均所定労働時間160時間の中で、
始業・終業の時間配分を自分で組み立てられます。

＝＝＝＝＝＝＝＝＝＝＝＝＝＝＝
《✼待遇もしっかり✼》

✔ 月給制（固定残業代なし／残業分は時間外勤務手当で別途支給）
✔ 資格手当・家族手当・職種手当・通勤手当・役職手当・勤続手当
✔ 社会保険完備（健康保険・厚生年金・雇用保険・労災保険）
✔ 試用期間なし
✔ 初年度想定年収：340万円〜700万円
✔ 年収例：中途入社9年目／固定年額650万円＋賞与710万円＝1360万円
✔ 保養所完備・定期健康診断・人間ドック補助・スポーツクラブ利用補助・
　財形貯蓄制度・確定拠出年金（401K）・永年勤続表彰・社内厚生行事補助","✦・━━━━━━━━━━━━━━━・✦
＼まずは話を聞くところから／
選考は面接1回、最短1週間で内定
✦・━━━━━━━━━━━━━━━・✦

＝＝＝＝＝＝＝＝＝＝＝＝＝＝＝
【✧選考の流れ✧】

■ STEP 1　Web応募（所要1分）
氏名と連絡先など、簡単な入力だけで完了します。
応募段階での履歴書・職務経歴書は不要です。

■ STEP 2　カジュアル面談（オンライン／20〜30分）
「まずは話を聞いてみたい」でOKです。
私服・画面オフでのご参加も歓迎します。
面接ではなく相互理解の場ですので、
仕事内容や職場の雰囲気を気軽にお尋ねください。
平日夜間・早朝・土日の実施もご相談に応じます。

■ STEP 3　面接（対面またはWeb／1回のみ）
業務内容のご案内と、ご希望の働き方のお伺いをします。
ご希望の方にはオフィス見学や
現場スタッフとの対話の時間も設けます。

■ STEP 4　内定・条件面談
応募から内定まで最短1週間のスピード選考です。
入社日や勤務条件のご希望も調整いたします。

＝＝＝＝＝＝＝＝＝＝＝＝＝＝＝
【✧ご応募にあたって✧】

✔ 応募時に履歴書・職務経歴書は必要ありません
✔ 在職中の方も日程を調整できます
✔ 「話を聞いてみたい」だけのご応募も歓迎します

＝＝＝＝＝＝＝＝＝＝＝＝＝＝＝
【✧労働条件の明示✧】

■ 就業場所の変更の範囲
転勤はありません。本求人の勤務地での勤務となります。"
67,1310,大東建託株式会社,転勤なし◎フレックス制度で無理なく働ける土地活用提案営業,未経験｜土地活用の提案営業｜板橋区,"✦・━━━━━━━━━━━━━━━・✦
＼東京都板橋区で募集中／
オーナー様の「土地」を
価値ある一棟に変える提案営業◎
✦・━━━━━━━━━━━━━━━・✦

「専門知識がないと厳しいのでは？」

商談には必ず上司が同席するので、
知識も進め方も、現場で身につけていけます。

＝＝＝＝＝＝＝＝＝＝＝＝＝＝＝
【✧提案営業は、この3ステップ✧】

■ ① 訪問
土地オーナー様のもとへ伺い、商談の日程を決めます。

■ ② 商談
上司同席で、活用プランや契約条件を一緒に詰めます。

■ ③ ご契約
契約成立で、1件あたり最大225万円のインセンティブを支給。
賞与のタイミングでまとめて支給されます。

＝＝＝＝＝＝＝＝＝＝＝＝＝＝＝
【✨この仕事の魅力✨】

✅ 転勤・出張なし
会社が指定するエリアへの異動はありません。
今の生活拠点を変えずに働き続けられます。

✅ 商談は一人で抱え込まない
上司同席が前提なので、未経験でも
その場で相談しながら進められます。

✅ 研修制度あり
提案の組み立て方から、丁寧に学べます。

＝＝＝＝＝＝＝＝＝＝＝＝＝＝＝
【✔働き方✔】

✔ フレックスタイム制度（月平均所定労働時間160時間）
✔ 固定残業代なし（残業分は時間外勤務手当で別途支給）
✔ 社会保険完備（健康保険・厚生年金・雇用保険・労災保険）
✔ 試用期間なし

まずはお気軽にご応募ください。

案件No：1310","《✼この仕事の4つのポイント✼》

✅ ① 商談は必ず上司同席
未経験のうちから一人で商談に臨むことはありません。
提案内容や契約条件の詰め方も、その場でサポートしてもらえます。

✅ ② 頑張りが成果報酬に直結
1件成約につき最大225万円のインセンティブを支給。
賞与のタイミングでまとめて受け取れます。

✅ ③ 転勤・出張なし
会社が指定するエリアへの異動は一切ありません。
自分の希望する地域で働き続けられます。

✅ ④ フレックスタイム制度
月平均所定労働時間160時間の中で、
始業・終業の時間配分を自分で組み立てられます。

＝＝＝＝＝＝＝＝＝＝＝＝＝＝＝
《✼待遇もしっかり✼》

✔ 月給制（固定残業代なし／残業分は時間外勤務手当で別途支給）
✔ 資格手当・家族手当・職種手当・通勤手当・役職手当・勤続手当
✔ 社会保険完備（健康保険・厚生年金・雇用保険・労災保険）
✔ 試用期間なし
✔ 初年度想定年収：340万円〜700万円
✔ 年収例：中途入社9年目／固定年額650万円＋賞与710万円＝1360万円
✔ 保養所完備・定期健康診断・人間ドック補助・スポーツクラブ利用補助・
　財形貯蓄制度・確定拠出年金（401K）・永年勤続表彰・社内厚生行事補助","✦・━━━━━━━━━━━━━━━・✦
＼まずは話を聞くところから／
選考は面接1回、最短1週間で内定
✦・━━━━━━━━━━━━━━━・✦

＝＝＝＝＝＝＝＝＝＝＝＝＝＝＝
【✧選考の流れ✧】

■ STEP 1　Web応募（所要1分）
氏名と連絡先など、簡単な入力だけで完了します。
応募段階での履歴書・職務経歴書は不要です。

■ STEP 2　カジュアル面談（オンライン／20〜30分）
「まずは話を聞いてみたい」でOKです。
私服・画面オフでのご参加も歓迎します。
面接ではなく相互理解の場ですので、
仕事内容や職場の雰囲気を気軽にお尋ねください。
平日夜間・早朝・土日の実施もご相談に応じます。

■ STEP 3　面接（対面またはWeb／1回のみ）
業務内容のご案内と、ご希望の働き方のお伺いをします。
ご希望の方にはオフィス見学や
現場スタッフとの対話の時間も設けます。

■ STEP 4　内定・条件面談
応募から内定まで最短1週間のスピード選考です。
入社日や勤務条件のご希望も調整いたします。

＝＝＝＝＝＝＝＝＝＝＝＝＝＝＝
【✧ご応募にあたって✧】

✔ 応募時に履歴書・職務経歴書は必要ありません
✔ 在職中の方も日程を調整できます
✔ 「話を聞いてみたい」だけのご応募も歓迎します

＝＝＝＝＝＝＝＝＝＝＝＝＝＝＝
【✧労働条件の明示✧】

■ 就業場所の変更の範囲
転勤はありません。本求人の勤務地での勤務となります。"
68,2205,大東建託株式会社,転勤なし◎フレックス制度で無理なく働ける土地活用提案営業,未経験｜土地活用の提案営業｜宇都宮市,"✦・━━━━━━━━━━━━━━━・✦
＼栃木県宇都宮市で募集中／
土地オーナー様に「活用」を提案する
未経験からの営業職◎
✦・━━━━━━━━━━━━━━━・✦

「営業は未経験だから不安…」

そう感じる方ほど、まずは仕組みを知ってください。
商談には必ず上司が同席するので、
一人で判断を迫られる場面はありません。

＝＝＝＝＝＝＝＝＝＝＝＝＝＝＝
【✧提案営業は、この3ステップ✧】

■ ① 訪問
土地オーナー様のもとへ伺い、商談の日程を調整します。

■ ② 商談
上司が同席し、提案内容や契約条件をサポートします。

■ ③ ご契約
契約成立で、1件あたり最大225万円のインセンティブを支給。
賞与のタイミングでまとめて受け取れます。

＝＝＝＝＝＝＝＝＝＝＝＝＝＝＝
【✨この仕事の魅力✨】

✅ 商談は一人で抱え込まない
上司同席が前提なので、経験がなくても
その場で相談しながら進められます。

✅ 転勤・出張なし
会社が指定するエリアへの異動はありません。
自分の希望する地域で働き続けられます。

✅ 研修制度あり
商談の進め方や提案の組み立て方から学べます。

＝＝＝＝＝＝＝＝＝＝＝＝＝＝＝
【✔働き方✔】

✔ フレックスタイム制度（月平均所定労働時間160時間）
✔ 固定残業代なし（残業分は時間外勤務手当で別途支給）
✔ 社会保険完備（健康保険・厚生年金・雇用保険・労災保険）
✔ 試用期間なし

まずはお気軽にご応募ください。

案件No：2205","《✼この仕事の4つのポイント✼》

✅ ① 商談は必ず上司同席
未経験のうちから一人で商談に臨むことはありません。
提案内容や契約条件の詰め方も、その場でサポートしてもらえます。

✅ ② 頑張りが成果報酬に直結
1件成約につき最大225万円のインセンティブを支給。
賞与のタイミングでまとめて受け取れます。

✅ ③ 転勤・出張なし
会社が指定するエリアへの異動は一切ありません。
自分の希望する地域で働き続けられます。

✅ ④ フレックスタイム制度
月平均所定労働時間160時間の中で、
始業・終業の時間配分を自分で組み立てられます。

＝＝＝＝＝＝＝＝＝＝＝＝＝＝＝
《✼待遇もしっかり✼》

✔ 月給制（固定残業代なし／残業分は時間外勤務手当で別途支給）
✔ 資格手当・家族手当・職種手当・通勤手当・役職手当・勤続手当
✔ 社会保険完備（健康保険・厚生年金・雇用保険・労災保険）
✔ 試用期間なし
✔ 初年度想定年収：340万円〜700万円
✔ 年収例：中途入社9年目／固定年額650万円＋賞与710万円＝1360万円
✔ 保養所完備・定期健康診断・人間ドック補助・スポーツクラブ利用補助・
　財形貯蓄制度・確定拠出年金（401K）・永年勤続表彰・社内厚生行事補助","✦・━━━━━━━━━━━━━━━・✦
＼まずは話を聞くところから／
選考は面接1回、最短1週間で内定
✦・━━━━━━━━━━━━━━━・✦

＝＝＝＝＝＝＝＝＝＝＝＝＝＝＝
【✧選考の流れ✧】

■ STEP 1　Web応募（所要1分）
氏名と連絡先など、簡単な入力だけで完了します。
応募段階での履歴書・職務経歴書は不要です。

■ STEP 2　カジュアル面談（オンライン／20〜30分）
「まずは話を聞いてみたい」でOKです。
私服・画面オフでのご参加も歓迎します。
面接ではなく相互理解の場ですので、
仕事内容や職場の雰囲気を気軽にお尋ねください。
平日夜間・早朝・土日の実施もご相談に応じます。

■ STEP 3　面接（対面またはWeb／1回のみ）
業務内容のご案内と、ご希望の働き方のお伺いをします。
ご希望の方にはオフィス見学や
現場スタッフとの対話の時間も設けます。

■ STEP 4　内定・条件面談
応募から内定まで最短1週間のスピード選考です。
入社日や勤務条件のご希望も調整いたします。

＝＝＝＝＝＝＝＝＝＝＝＝＝＝＝
【✧ご応募にあたって✧】

✔ 応募時に履歴書・職務経歴書は必要ありません
✔ 在職中の方も日程を調整できます
✔ 「話を聞いてみたい」だけのご応募も歓迎します

＝＝＝＝＝＝＝＝＝＝＝＝＝＝＝
【✧労働条件の明示✧】

■ 就業場所の変更の範囲
転勤はありません。本求人の勤務地での勤務となります。"
69,319,大東建託株式会社,転勤なし◎フレックス制度で無理なく働ける土地活用提案営業,未経験｜土地活用の提案営業｜品川区,"✦・━━━━━━━━━━━━━━━・✦
＼東京都品川区で募集中／
""提案する力""が身につく
土地活用の営業職◎
✦・━━━━━━━━━━━━━━━・✦

「商談って一人でやるものでは？」

大東建託の商談は、必ず上司が同席します。
未経験のうちから一人で抱え込む場面はありません。

＝＝＝＝＝＝＝＝＝＝＝＝＝＝＝
【✧提案営業は、この3ステップ✧】

■ ① 訪問
土地オーナー様を訪ね、商談の日程を調整します。

■ ② 商談
上司同席のもと、活用プランや契約条件を提案します。

■ ③ ご契約
成約1件につき、最大225万円のインセンティブを支給。
賞与支給のタイミングでまとめて受け取れます。

＝＝＝＝＝＝＝＝＝＝＝＝＝＝＝
【✨この仕事の魅力✨】

✅ 頑張りが成果に直結
成約数に応じてインセンティブが上乗せされます。

✅ 研修制度あり
未経験からでも、提案の組み立て方を一から学べます。

✅ 転勤・出張なし
会社が指定するエリアへの異動はなく、
希望する地域で働き続けられます。

＝＝＝＝＝＝＝＝＝＝＝＝＝＝＝
【✔働き方✔】

✔ フレックスタイム制度（月平均所定労働時間160時間）
✔ 固定残業代なし（残業分は時間外勤務手当で別途支給）
✔ 社会保険完備（健康保険・厚生年金・雇用保険・労災保険）
✔ 試用期間なし

自分のペースで、一件ずつ丁寧に進めていける仕事です。

案件No：319","《✼この仕事の4つのポイント✼》

✅ ① 商談は必ず上司同席
未経験のうちから一人で商談に臨むことはありません。
提案内容や契約条件の詰め方も、その場でサポートしてもらえます。

✅ ② 頑張りが成果報酬に直結
1件成約につき最大225万円のインセンティブを支給。
賞与のタイミングでまとめて受け取れます。

✅ ③ 転勤・出張なし
会社が指定するエリアへの異動は一切ありません。
自分の希望する地域で働き続けられます。

✅ ④ フレックスタイム制度
月平均所定労働時間160時間の中で、
始業・終業の時間配分を自分で組み立てられます。

＝＝＝＝＝＝＝＝＝＝＝＝＝＝＝
《✼待遇もしっかり✼》

✔ 月給制（固定残業代なし／残業分は時間外勤務手当で別途支給）
✔ 資格手当・家族手当・職種手当・通勤手当・役職手当・勤続手当
✔ 社会保険完備（健康保険・厚生年金・雇用保険・労災保険）
✔ 試用期間なし
✔ 初年度想定年収：340万円〜700万円
✔ 年収例：中途入社9年目／固定年額650万円＋賞与710万円＝1360万円
✔ 保養所完備・定期健康診断・人間ドック補助・スポーツクラブ利用補助・
　財形貯蓄制度・確定拠出年金（401K）・永年勤続表彰・社内厚生行事補助","✦・━━━━━━━━━━━━━━━・✦
＼まずは話を聞くところから／
選考は面接1回、最短1週間で内定
✦・━━━━━━━━━━━━━━━・✦

＝＝＝＝＝＝＝＝＝＝＝＝＝＝＝
【✧選考の流れ✧】

■ STEP 1　Web応募（所要1分）
氏名と連絡先など、簡単な入力だけで完了します。
応募段階での履歴書・職務経歴書は不要です。

■ STEP 2　カジュアル面談（オンライン／20〜30分）
「まずは話を聞いてみたい」でOKです。
私服・画面オフでのご参加も歓迎します。
面接ではなく相互理解の場ですので、
仕事内容や職場の雰囲気を気軽にお尋ねください。
平日夜間・早朝・土日の実施もご相談に応じます。

■ STEP 3　面接（対面またはWeb／1回のみ）
業務内容のご案内と、ご希望の働き方のお伺いをします。
ご希望の方にはオフィス見学や
現場スタッフとの対話の時間も設けます。

■ STEP 4　内定・条件面談
応募から内定まで最短1週間のスピード選考です。
入社日や勤務条件のご希望も調整いたします。

＝＝＝＝＝＝＝＝＝＝＝＝＝＝＝
【✧ご応募にあたって✧】

✔ 応募時に履歴書・職務経歴書は必要ありません
✔ 在職中の方も日程を調整できます
✔ 「話を聞いてみたい」だけのご応募も歓迎します

＝＝＝＝＝＝＝＝＝＝＝＝＝＝＝
【✧労働条件の明示✧】

■ 就業場所の変更の範囲
転勤はありません。本求人の勤務地での勤務となります。"
70,2637,大東建託株式会社,転勤なし◎フレックス制度で無理なく働ける土地活用提案営業,未経験｜土地活用の提案営業｜小山市,"✦・━━━━━━━━━━━━━━━・✦
＼栃木県小山市で募集中／
オーナー様の「土地」を
価値ある一棟に変える提案営業◎
✦・━━━━━━━━━━━━━━━・✦

「専門知識がないと厳しいのでは？」

商談には必ず上司が同席するので、
知識も進め方も、現場で身につけていけます。

＝＝＝＝＝＝＝＝＝＝＝＝＝＝＝
【✧提案営業は、この3ステップ✧】

■ ① 訪問
土地オーナー様のもとへ伺い、商談の日程を決めます。

■ ② 商談
上司同席で、活用プランや契約条件を一緒に詰めます。

■ ③ ご契約
契約成立で、1件あたり最大225万円のインセンティブを支給。
賞与のタイミングでまとめて支給されます。

＝＝＝＝＝＝＝＝＝＝＝＝＝＝＝
【✨この仕事の魅力✨】

✅ 転勤・出張なし
会社が指定するエリアへの異動はありません。
今の生活拠点を変えずに働き続けられます。

✅ 商談は一人で抱え込まない
上司同席が前提なので、未経験でも
その場で相談しながら進められます。

✅ 研修制度あり
提案の組み立て方から、丁寧に学べます。

＝＝＝＝＝＝＝＝＝＝＝＝＝＝＝
【✔働き方✔】

✔ フレックスタイム制度（月平均所定労働時間160時間）
✔ 固定残業代なし（残業分は時間外勤務手当で別途支給）
✔ 社会保険完備（健康保険・厚生年金・雇用保険・労災保険）
✔ 試用期間なし

まずはお気軽にご応募ください。

案件No：2637","《✼この仕事の4つのポイント✼》

✅ ① 商談は必ず上司同席
未経験のうちから一人で商談に臨むことはありません。
提案内容や契約条件の詰め方も、その場でサポートしてもらえます。

✅ ② 頑張りが成果報酬に直結
1件成約につき最大225万円のインセンティブを支給。
賞与のタイミングでまとめて受け取れます。

✅ ③ 転勤・出張なし
会社が指定するエリアへの異動は一切ありません。
自分の希望する地域で働き続けられます。

✅ ④ フレックスタイム制度
月平均所定労働時間160時間の中で、
始業・終業の時間配分を自分で組み立てられます。

＝＝＝＝＝＝＝＝＝＝＝＝＝＝＝
《✼待遇もしっかり✼》

✔ 月給制（固定残業代なし／残業分は時間外勤務手当で別途支給）
✔ 資格手当・家族手当・職種手当・通勤手当・役職手当・勤続手当
✔ 社会保険完備（健康保険・厚生年金・雇用保険・労災保険）
✔ 試用期間なし
✔ 初年度想定年収：340万円〜700万円
✔ 年収例：中途入社9年目／固定年額650万円＋賞与710万円＝1360万円
✔ 保養所完備・定期健康診断・人間ドック補助・スポーツクラブ利用補助・
　財形貯蓄制度・確定拠出年金（401K）・永年勤続表彰・社内厚生行事補助","✦・━━━━━━━━━━━━━━━・✦
＼まずは話を聞くところから／
選考は面接1回、最短1週間で内定
✦・━━━━━━━━━━━━━━━・✦

＝＝＝＝＝＝＝＝＝＝＝＝＝＝＝
【✧選考の流れ✧】

■ STEP 1　Web応募（所要1分）
氏名と連絡先など、簡単な入力だけで完了します。
応募段階での履歴書・職務経歴書は不要です。

■ STEP 2　カジュアル面談（オンライン／20〜30分）
「まずは話を聞いてみたい」でOKです。
私服・画面オフでのご参加も歓迎します。
面接ではなく相互理解の場ですので、
仕事内容や職場の雰囲気を気軽にお尋ねください。
平日夜間・早朝・土日の実施もご相談に応じます。

■ STEP 3　面接（対面またはWeb／1回のみ）
業務内容のご案内と、ご希望の働き方のお伺いをします。
ご希望の方にはオフィス見学や
現場スタッフとの対話の時間も設けます。

■ STEP 4　内定・条件面談
応募から内定まで最短1週間のスピード選考です。
入社日や勤務条件のご希望も調整いたします。

＝＝＝＝＝＝＝＝＝＝＝＝＝＝＝
【✧ご応募にあたって✧】

✔ 応募時に履歴書・職務経歴書は必要ありません
✔ 在職中の方も日程を調整できます
✔ 「話を聞いてみたい」だけのご応募も歓迎します

＝＝＝＝＝＝＝＝＝＝＝＝＝＝＝
【✧労働条件の明示✧】

■ 就業場所の変更の範囲
転勤はありません。本求人の勤務地での勤務となります。"
71,2343,大東建託株式会社,転勤なし◎フレックス制度で無理なく働ける土地活用提案営業,未経験｜土地活用の提案営業｜武蔵野市,"✦・━━━━━━━━━━━━━━━・✦
＼東京都武蔵野市で募集中／
土地オーナー様に「活用」を提案する
未経験からの営業職◎
✦・━━━━━━━━━━━━━━━・✦

「営業は未経験だから不安…」

そう感じる方ほど、まずは仕組みを知ってください。
商談には必ず上司が同席するので、
一人で判断を迫られる場面はありません。

＝＝＝＝＝＝＝＝＝＝＝＝＝＝＝
【✧提案営業は、この3ステップ✧】

■ ① 訪問
土地オーナー様のもとへ伺い、商談の日程を調整します。

■ ② 商談
上司が同席し、提案内容や契約条件をサポートします。

■ ③ ご契約
契約成立で、1件あたり最大225万円のインセンティブを支給。
賞与のタイミングでまとめて受け取れます。

＝＝＝＝＝＝＝＝＝＝＝＝＝＝＝
【✨この仕事の魅力✨】

✅ 商談は一人で抱え込まない
上司同席が前提なので、経験がなくても
その場で相談しながら進められます。

✅ 転勤・出張なし
会社が指定するエリアへの異動はありません。
自分の希望する地域で働き続けられます。

✅ 研修制度あり
商談の進め方や提案の組み立て方から学べます。

＝＝＝＝＝＝＝＝＝＝＝＝＝＝＝
【✔働き方✔】

✔ フレックスタイム制度（月平均所定労働時間160時間）
✔ 固定残業代なし（残業分は時間外勤務手当で別途支給）
✔ 社会保険完備（健康保険・厚生年金・雇用保険・労災保険）
✔ 試用期間なし

まずはお気軽にご応募ください。

案件No：2343","《✼この仕事の4つのポイント✼》

✅ ① 商談は必ず上司同席
未経験のうちから一人で商談に臨むことはありません。
提案内容や契約条件の詰め方も、その場でサポートしてもらえます。

✅ ② 頑張りが成果報酬に直結
1件成約につき最大225万円のインセンティブを支給。
賞与のタイミングでまとめて受け取れます。

✅ ③ 転勤・出張なし
会社が指定するエリアへの異動は一切ありません。
自分の希望する地域で働き続けられます。

✅ ④ フレックスタイム制度
月平均所定労働時間160時間の中で、
始業・終業の時間配分を自分で組み立てられます。

＝＝＝＝＝＝＝＝＝＝＝＝＝＝＝
《✼待遇もしっかり✼》

✔ 月給制（固定残業代なし／残業分は時間外勤務手当で別途支給）
✔ 資格手当・家族手当・職種手当・通勤手当・役職手当・勤続手当
✔ 社会保険完備（健康保険・厚生年金・雇用保険・労災保険）
✔ 試用期間なし
✔ 初年度想定年収：340万円〜700万円
✔ 年収例：中途入社9年目／固定年額650万円＋賞与710万円＝1360万円
✔ 保養所完備・定期健康診断・人間ドック補助・スポーツクラブ利用補助・
　財形貯蓄制度・確定拠出年金（401K）・永年勤続表彰・社内厚生行事補助","✦・━━━━━━━━━━━━━━━・✦
＼まずは話を聞くところから／
選考は面接1回、最短1週間で内定
✦・━━━━━━━━━━━━━━━・✦

＝＝＝＝＝＝＝＝＝＝＝＝＝＝＝
【✧選考の流れ✧】

■ STEP 1　Web応募（所要1分）
氏名と連絡先など、簡単な入力だけで完了します。
応募段階での履歴書・職務経歴書は不要です。

■ STEP 2　カジュアル面談（オンライン／20〜30分）
「まずは話を聞いてみたい」でOKです。
私服・画面オフでのご参加も歓迎します。
面接ではなく相互理解の場ですので、
仕事内容や職場の雰囲気を気軽にお尋ねください。
平日夜間・早朝・土日の実施もご相談に応じます。

■ STEP 3　面接（対面またはWeb／1回のみ）
業務内容のご案内と、ご希望の働き方のお伺いをします。
ご希望の方にはオフィス見学や
現場スタッフとの対話の時間も設けます。

■ STEP 4　内定・条件面談
応募から内定まで最短1週間のスピード選考です。
入社日や勤務条件のご希望も調整いたします。

＝＝＝＝＝＝＝＝＝＝＝＝＝＝＝
【✧ご応募にあたって✧】

✔ 応募時に履歴書・職務経歴書は必要ありません
✔ 在職中の方も日程を調整できます
✔ 「話を聞いてみたい」だけのご応募も歓迎します

＝＝＝＝＝＝＝＝＝＝＝＝＝＝＝
【✧労働条件の明示✧】

■ 就業場所の変更の範囲
転勤はありません。本求人の勤務地での勤務となります。"
72,598,大東建託株式会社,転勤なし◎フレックス制度で無理なく働ける土地活用提案営業,未経験｜土地活用の提案営業｜高崎市,"✦・━━━━━━━━━━━━━━━・✦
＼群馬県高崎市で募集中／
""提案する力""が身につく
土地活用の営業職◎
✦・━━━━━━━━━━━━━━━・✦

「商談って一人でやるものでは？」

大東建託の商談は、必ず上司が同席します。
未経験のうちから一人で抱え込む場面はありません。

＝＝＝＝＝＝＝＝＝＝＝＝＝＝＝
【✧提案営業は、この3ステップ✧】

■ ① 訪問
土地オーナー様を訪ね、商談の日程を調整します。

■ ② 商談
上司同席のもと、活用プランや契約条件を提案します。

■ ③ ご契約
成約1件につき、最大225万円のインセンティブを支給。
賞与支給のタイミングでまとめて受け取れます。

＝＝＝＝＝＝＝＝＝＝＝＝＝＝＝
【✨この仕事の魅力✨】

✅ 頑張りが成果に直結
成約数に応じてインセンティブが上乗せされます。

✅ 研修制度あり
未経験からでも、提案の組み立て方を一から学べます。

✅ 転勤・出張なし
会社が指定するエリアへの異動はなく、
希望する地域で働き続けられます。

＝＝＝＝＝＝＝＝＝＝＝＝＝＝＝
【✔働き方✔】

✔ フレックスタイム制度（月平均所定労働時間160時間）
✔ 固定残業代なし（残業分は時間外勤務手当で別途支給）
✔ 社会保険完備（健康保険・厚生年金・雇用保険・労災保険）
✔ 試用期間なし

自分のペースで、一件ずつ丁寧に進めていける仕事です。

案件No：598","《✼この仕事の4つのポイント✼》

✅ ① 商談は必ず上司同席
未経験のうちから一人で商談に臨むことはありません。
提案内容や契約条件の詰め方も、その場でサポートしてもらえます。

✅ ② 頑張りが成果報酬に直結
1件成約につき最大225万円のインセンティブを支給。
賞与のタイミングでまとめて受け取れます。

✅ ③ 転勤・出張なし
会社が指定するエリアへの異動は一切ありません。
自分の希望する地域で働き続けられます。

✅ ④ フレックスタイム制度
月平均所定労働時間160時間の中で、
始業・終業の時間配分を自分で組み立てられます。

＝＝＝＝＝＝＝＝＝＝＝＝＝＝＝
《✼待遇もしっかり✼》

✔ 月給制（固定残業代なし／残業分は時間外勤務手当で別途支給）
✔ 資格手当・家族手当・職種手当・通勤手当・役職手当・勤続手当
✔ 社会保険完備（健康保険・厚生年金・雇用保険・労災保険）
✔ 試用期間なし
✔ 初年度想定年収：340万円〜700万円
✔ 年収例：中途入社9年目／固定年額650万円＋賞与710万円＝1360万円
✔ 保養所完備・定期健康診断・人間ドック補助・スポーツクラブ利用補助・
　財形貯蓄制度・確定拠出年金（401K）・永年勤続表彰・社内厚生行事補助","✦・━━━━━━━━━━━━━━━・✦
＼まずは話を聞くところから／
選考は面接1回、最短1週間で内定
✦・━━━━━━━━━━━━━━━・✦

＝＝＝＝＝＝＝＝＝＝＝＝＝＝＝
【✧選考の流れ✧】

■ STEP 1　Web応募（所要1分）
氏名と連絡先など、簡単な入力だけで完了します。
応募段階での履歴書・職務経歴書は不要です。

■ STEP 2　カジュアル面談（オンライン／20〜30分）
「まずは話を聞いてみたい」でOKです。
私服・画面オフでのご参加も歓迎します。
面接ではなく相互理解の場ですので、
仕事内容や職場の雰囲気を気軽にお尋ねください。
平日夜間・早朝・土日の実施もご相談に応じます。

■ STEP 3　面接（対面またはWeb／1回のみ）
業務内容のご案内と、ご希望の働き方のお伺いをします。
ご希望の方にはオフィス見学や
現場スタッフとの対話の時間も設けます。

■ STEP 4　内定・条件面談
応募から内定まで最短1週間のスピード選考です。
入社日や勤務条件のご希望も調整いたします。

＝＝＝＝＝＝＝＝＝＝＝＝＝＝＝
【✧ご応募にあたって✧】

✔ 応募時に履歴書・職務経歴書は必要ありません
✔ 在職中の方も日程を調整できます
✔ 「話を聞いてみたい」だけのご応募も歓迎します

＝＝＝＝＝＝＝＝＝＝＝＝＝＝＝
【✧労働条件の明示✧】

■ 就業場所の変更の範囲
転勤はありません。本求人の勤務地での勤務となります。"
73,2738,大東建託株式会社,転勤なし◎フレックス制度で無理なく働ける土地活用提案営業,未経験｜土地活用の提案営業｜彦根市,"✦・━━━━━━━━━━━━━━━・✦
＼滋賀県彦根市で募集中／
オーナー様の「土地」を
価値ある一棟に変える提案営業◎
✦・━━━━━━━━━━━━━━━・✦

「専門知識がないと厳しいのでは？」

商談には必ず上司が同席するので、
知識も進め方も、現場で身につけていけます。

＝＝＝＝＝＝＝＝＝＝＝＝＝＝＝
【✧提案営業は、この3ステップ✧】

■ ① 訪問
土地オーナー様のもとへ伺い、商談の日程を決めます。

■ ② 商談
上司同席で、活用プランや契約条件を一緒に詰めます。

■ ③ ご契約
契約成立で、1件あたり最大225万円のインセンティブを支給。
賞与のタイミングでまとめて支給されます。

＝＝＝＝＝＝＝＝＝＝＝＝＝＝＝
【✨この仕事の魅力✨】

✅ 転勤・出張なし
会社が指定するエリアへの異動はありません。
今の生活拠点を変えずに働き続けられます。

✅ 商談は一人で抱え込まない
上司同席が前提なので、未経験でも
その場で相談しながら進められます。

✅ 研修制度あり
提案の組み立て方から、丁寧に学べます。

＝＝＝＝＝＝＝＝＝＝＝＝＝＝＝
【✔働き方✔】

✔ フレックスタイム制度（月平均所定労働時間160時間）
✔ 固定残業代なし（残業分は時間外勤務手当で別途支給）
✔ 社会保険完備（健康保険・厚生年金・雇用保険・労災保険）
✔ 試用期間なし

まずはお気軽にご応募ください。

案件No：2738","《✼この仕事の4つのポイント✼》

✅ ① 商談は必ず上司同席
未経験のうちから一人で商談に臨むことはありません。
提案内容や契約条件の詰め方も、その場でサポートしてもらえます。

✅ ② 頑張りが成果報酬に直結
1件成約につき最大225万円のインセンティブを支給。
賞与のタイミングでまとめて受け取れます。

✅ ③ 転勤・出張なし
会社が指定するエリアへの異動は一切ありません。
自分の希望する地域で働き続けられます。

✅ ④ フレックスタイム制度
月平均所定労働時間160時間の中で、
始業・終業の時間配分を自分で組み立てられます。

＝＝＝＝＝＝＝＝＝＝＝＝＝＝＝
《✼待遇もしっかり✼》

✔ 月給制（固定残業代なし／残業分は時間外勤務手当で別途支給）
✔ 資格手当・家族手当・職種手当・通勤手当・役職手当・勤続手当
✔ 社会保険完備（健康保険・厚生年金・雇用保険・労災保険）
✔ 試用期間なし
✔ 初年度想定年収：340万円〜700万円
✔ 年収例：中途入社9年目／固定年額650万円＋賞与710万円＝1360万円
✔ 保養所完備・定期健康診断・人間ドック補助・スポーツクラブ利用補助・
　財形貯蓄制度・確定拠出年金（401K）・永年勤続表彰・社内厚生行事補助","✦・━━━━━━━━━━━━━━━・✦
＼まずは話を聞くところから／
選考は面接1回、最短1週間で内定
✦・━━━━━━━━━━━━━━━・✦

＝＝＝＝＝＝＝＝＝＝＝＝＝＝＝
【✧選考の流れ✧】

■ STEP 1　Web応募（所要1分）
氏名と連絡先など、簡単な入力だけで完了します。
応募段階での履歴書・職務経歴書は不要です。

■ STEP 2　カジュアル面談（オンライン／20〜30分）
「まずは話を聞いてみたい」でOKです。
私服・画面オフでのご参加も歓迎します。
面接ではなく相互理解の場ですので、
仕事内容や職場の雰囲気を気軽にお尋ねください。
平日夜間・早朝・土日の実施もご相談に応じます。

■ STEP 3　面接（対面またはWeb／1回のみ）
業務内容のご案内と、ご希望の働き方のお伺いをします。
ご希望の方にはオフィス見学や
現場スタッフとの対話の時間も設けます。

■ STEP 4　内定・条件面談
応募から内定まで最短1週間のスピード選考です。
入社日や勤務条件のご希望も調整いたします。

＝＝＝＝＝＝＝＝＝＝＝＝＝＝＝
【✧ご応募にあたって✧】

✔ 応募時に履歴書・職務経歴書は必要ありません
✔ 在職中の方も日程を調整できます
✔ 「話を聞いてみたい」だけのご応募も歓迎します

＝＝＝＝＝＝＝＝＝＝＝＝＝＝＝
【✧労働条件の明示✧】

■ 就業場所の変更の範囲
転勤はありません。本求人の勤務地での勤務となります。"
74,397,大東建託株式会社,転勤なし◎フレックス制度で無理なく働ける土地活用提案営業,未経験｜土地活用の提案営業｜大垣市,"✦・━━━━━━━━━━━━━━━・✦
＼岐阜県大垣市で募集中／
土地オーナー様に「活用」を提案する
未経験からの営業職◎
✦・━━━━━━━━━━━━━━━・✦

「営業は未経験だから不安…」

そう感じる方ほど、まずは仕組みを知ってください。
商談には必ず上司が同席するので、
一人で判断を迫られる場面はありません。

＝＝＝＝＝＝＝＝＝＝＝＝＝＝＝
【✧提案営業は、この3ステップ✧】

■ ① 訪問
土地オーナー様のもとへ伺い、商談の日程を調整します。

■ ② 商談
上司が同席し、提案内容や契約条件をサポートします。

■ ③ ご契約
契約成立で、1件あたり最大225万円のインセンティブを支給。
賞与のタイミングでまとめて受け取れます。

＝＝＝＝＝＝＝＝＝＝＝＝＝＝＝
【✨この仕事の魅力✨】

✅ 商談は一人で抱え込まない
上司同席が前提なので、経験がなくても
その場で相談しながら進められます。

✅ 転勤・出張なし
会社が指定するエリアへの異動はありません。
自分の希望する地域で働き続けられます。

✅ 研修制度あり
商談の進め方や提案の組み立て方から学べます。

＝＝＝＝＝＝＝＝＝＝＝＝＝＝＝
【✔働き方✔】

✔ フレックスタイム制度（月平均所定労働時間160時間）
✔ 固定残業代なし（残業分は時間外勤務手当で別途支給）
✔ 社会保険完備（健康保険・厚生年金・雇用保険・労災保険）
✔ 試用期間なし

まずはお気軽にご応募ください。

案件No：397","《✼この仕事の4つのポイント✼》

✅ ① 商談は必ず上司同席
未経験のうちから一人で商談に臨むことはありません。
提案内容や契約条件の詰め方も、その場でサポートしてもらえます。

✅ ② 頑張りが成果報酬に直結
1件成約につき最大225万円のインセンティブを支給。
賞与のタイミングでまとめて受け取れます。

✅ ③ 転勤・出張なし
会社が指定するエリアへの異動は一切ありません。
自分の希望する地域で働き続けられます。

✅ ④ フレックスタイム制度
月平均所定労働時間160時間の中で、
始業・終業の時間配分を自分で組み立てられます。

＝＝＝＝＝＝＝＝＝＝＝＝＝＝＝
《✼待遇もしっかり✼》

✔ 月給制（固定残業代なし／残業分は時間外勤務手当で別途支給）
✔ 資格手当・家族手当・職種手当・通勤手当・役職手当・勤続手当
✔ 社会保険完備（健康保険・厚生年金・雇用保険・労災保険）
✔ 試用期間なし
✔ 初年度想定年収：340万円〜700万円
✔ 年収例：中途入社9年目／固定年額650万円＋賞与710万円＝1360万円
✔ 保養所完備・定期健康診断・人間ドック補助・スポーツクラブ利用補助・
　財形貯蓄制度・確定拠出年金（401K）・永年勤続表彰・社内厚生行事補助","✦・━━━━━━━━━━━━━━━・✦
＼まずは話を聞くところから／
選考は面接1回、最短1週間で内定
✦・━━━━━━━━━━━━━━━・✦

＝＝＝＝＝＝＝＝＝＝＝＝＝＝＝
【✧選考の流れ✧】

■ STEP 1　Web応募（所要1分）
氏名と連絡先など、簡単な入力だけで完了します。
応募段階での履歴書・職務経歴書は不要です。

■ STEP 2　カジュアル面談（オンライン／20〜30分）
「まずは話を聞いてみたい」でOKです。
私服・画面オフでのご参加も歓迎します。
面接ではなく相互理解の場ですので、
仕事内容や職場の雰囲気を気軽にお尋ねください。
平日夜間・早朝・土日の実施もご相談に応じます。

■ STEP 3　面接（対面またはWeb／1回のみ）
業務内容のご案内と、ご希望の働き方のお伺いをします。
ご希望の方にはオフィス見学や
現場スタッフとの対話の時間も設けます。

■ STEP 4　内定・条件面談
応募から内定まで最短1週間のスピード選考です。
入社日や勤務条件のご希望も調整いたします。

＝＝＝＝＝＝＝＝＝＝＝＝＝＝＝
【✧ご応募にあたって✧】

✔ 応募時に履歴書・職務経歴書は必要ありません
✔ 在職中の方も日程を調整できます
✔ 「話を聞いてみたい」だけのご応募も歓迎します

＝＝＝＝＝＝＝＝＝＝＝＝＝＝＝
【✧労働条件の明示✧】

■ 就業場所の変更の範囲
転勤はありません。本求人の勤務地での勤務となります。"
75,2091,大東建託株式会社,転勤なし◎フレックス制度で無理なく働ける土地活用提案営業,未経験｜土地活用の提案営業｜北区,"✦・━━━━━━━━━━━━━━━・✦
＼東京都北区で募集中／
""提案する力""が身につく
土地活用の営業職◎
✦・━━━━━━━━━━━━━━━・✦

「商談って一人でやるものでは？」

大東建託の商談は、必ず上司が同席します。
未経験のうちから一人で抱え込む場面はありません。

＝＝＝＝＝＝＝＝＝＝＝＝＝＝＝
【✧提案営業は、この3ステップ✧】

■ ① 訪問
土地オーナー様を訪ね、商談の日程を調整します。

■ ② 商談
上司同席のもと、活用プランや契約条件を提案します。

■ ③ ご契約
成約1件につき、最大225万円のインセンティブを支給。
賞与支給のタイミングでまとめて受け取れます。

＝＝＝＝＝＝＝＝＝＝＝＝＝＝＝
【✨この仕事の魅力✨】

✅ 頑張りが成果に直結
成約数に応じてインセンティブが上乗せされます。

✅ 研修制度あり
未経験からでも、提案の組み立て方を一から学べます。

✅ 転勤・出張なし
会社が指定するエリアへの異動はなく、
希望する地域で働き続けられます。

＝＝＝＝＝＝＝＝＝＝＝＝＝＝＝
【✔働き方✔】

✔ フレックスタイム制度（月平均所定労働時間160時間）
✔ 固定残業代なし（残業分は時間外勤務手当で別途支給）
✔ 社会保険完備（健康保険・厚生年金・雇用保険・労災保険）
✔ 試用期間なし

自分のペースで、一件ずつ丁寧に進めていける仕事です。

案件No：2091","《✼この仕事の4つのポイント✼》

✅ ① 商談は必ず上司同席
未経験のうちから一人で商談に臨むことはありません。
提案内容や契約条件の詰め方も、その場でサポートしてもらえます。

✅ ② 頑張りが成果報酬に直結
1件成約につき最大225万円のインセンティブを支給。
賞与のタイミングでまとめて受け取れます。

✅ ③ 転勤・出張なし
会社が指定するエリアへの異動は一切ありません。
自分の希望する地域で働き続けられます。

✅ ④ フレックスタイム制度
月平均所定労働時間160時間の中で、
始業・終業の時間配分を自分で組み立てられます。

＝＝＝＝＝＝＝＝＝＝＝＝＝＝＝
《✼待遇もしっかり✼》

✔ 月給制（固定残業代なし／残業分は時間外勤務手当で別途支給）
✔ 資格手当・家族手当・職種手当・通勤手当・役職手当・勤続手当
✔ 社会保険完備（健康保険・厚生年金・雇用保険・労災保険）
✔ 試用期間なし
✔ 初年度想定年収：340万円〜700万円
✔ 年収例：中途入社9年目／固定年額650万円＋賞与710万円＝1360万円
✔ 保養所完備・定期健康診断・人間ドック補助・スポーツクラブ利用補助・
　財形貯蓄制度・確定拠出年金（401K）・永年勤続表彰・社内厚生行事補助","✦・━━━━━━━━━━━━━━━・✦
＼まずは話を聞くところから／
選考は面接1回、最短1週間で内定
✦・━━━━━━━━━━━━━━━・✦

＝＝＝＝＝＝＝＝＝＝＝＝＝＝＝
【✧選考の流れ✧】

■ STEP 1　Web応募（所要1分）
氏名と連絡先など、簡単な入力だけで完了します。
応募段階での履歴書・職務経歴書は不要です。

■ STEP 2　カジュアル面談（オンライン／20〜30分）
「まずは話を聞いてみたい」でOKです。
私服・画面オフでのご参加も歓迎します。
面接ではなく相互理解の場ですので、
仕事内容や職場の雰囲気を気軽にお尋ねください。
平日夜間・早朝・土日の実施もご相談に応じます。

■ STEP 3　面接（対面またはWeb／1回のみ）
業務内容のご案内と、ご希望の働き方のお伺いをします。
ご希望の方にはオフィス見学や
現場スタッフとの対話の時間も設けます。

■ STEP 4　内定・条件面談
応募から内定まで最短1週間のスピード選考です。
入社日や勤務条件のご希望も調整いたします。

＝＝＝＝＝＝＝＝＝＝＝＝＝＝＝
【✧ご応募にあたって✧】

✔ 応募時に履歴書・職務経歴書は必要ありません
✔ 在職中の方も日程を調整できます
✔ 「話を聞いてみたい」だけのご応募も歓迎します

＝＝＝＝＝＝＝＝＝＝＝＝＝＝＝
【✧労働条件の明示✧】

■ 就業場所の変更の範囲
転勤はありません。本求人の勤務地での勤務となります。"
76,716,大東建託株式会社,転勤なし◎フレックス制度で無理なく働ける土地活用提案営業,未経験｜土地活用の提案営業｜前橋市,"✦・━━━━━━━━━━━━━━━・✦
＼群馬県前橋市で募集中／
オーナー様の「土地」を
価値ある一棟に変える提案営業◎
✦・━━━━━━━━━━━━━━━・✦

「専門知識がないと厳しいのでは？」

商談には必ず上司が同席するので、
知識も進め方も、現場で身につけていけます。

＝＝＝＝＝＝＝＝＝＝＝＝＝＝＝
【✧提案営業は、この3ステップ✧】

■ ① 訪問
土地オーナー様のもとへ伺い、商談の日程を決めます。

■ ② 商談
上司同席で、活用プランや契約条件を一緒に詰めます。

■ ③ ご契約
契約成立で、1件あたり最大225万円のインセンティブを支給。
賞与のタイミングでまとめて支給されます。

＝＝＝＝＝＝＝＝＝＝＝＝＝＝＝
【✨この仕事の魅力✨】

✅ 転勤・出張なし
会社が指定するエリアへの異動はありません。
今の生活拠点を変えずに働き続けられます。

✅ 商談は一人で抱え込まない
上司同席が前提なので、未経験でも
その場で相談しながら進められます。

✅ 研修制度あり
提案の組み立て方から、丁寧に学べます。

＝＝＝＝＝＝＝＝＝＝＝＝＝＝＝
【✔働き方✔】

✔ フレックスタイム制度（月平均所定労働時間160時間）
✔ 固定残業代なし（残業分は時間外勤務手当で別途支給）
✔ 社会保険完備（健康保険・厚生年金・雇用保険・労災保険）
✔ 試用期間なし

まずはお気軽にご応募ください。

案件No：716","《✼この仕事の4つのポイント✼》

✅ ① 商談は必ず上司同席
未経験のうちから一人で商談に臨むことはありません。
提案内容や契約条件の詰め方も、その場でサポートしてもらえます。

✅ ② 頑張りが成果報酬に直結
1件成約につき最大225万円のインセンティブを支給。
賞与のタイミングでまとめて受け取れます。

✅ ③ 転勤・出張なし
会社が指定するエリアへの異動は一切ありません。
自分の希望する地域で働き続けられます。

✅ ④ フレックスタイム制度
月平均所定労働時間160時間の中で、
始業・終業の時間配分を自分で組み立てられます。

＝＝＝＝＝＝＝＝＝＝＝＝＝＝＝
《✼待遇もしっかり✼》

✔ 月給制（固定残業代なし／残業分は時間外勤務手当で別途支給）
✔ 資格手当・家族手当・職種手当・通勤手当・役職手当・勤続手当
✔ 社会保険完備（健康保険・厚生年金・雇用保険・労災保険）
✔ 試用期間なし
✔ 初年度想定年収：340万円〜700万円
✔ 年収例：中途入社9年目／固定年額650万円＋賞与710万円＝1360万円
✔ 保養所完備・定期健康診断・人間ドック補助・スポーツクラブ利用補助・
　財形貯蓄制度・確定拠出年金（401K）・永年勤続表彰・社内厚生行事補助","✦・━━━━━━━━━━━━━━━・✦
＼まずは話を聞くところから／
選考は面接1回、最短1週間で内定
✦・━━━━━━━━━━━━━━━・✦

＝＝＝＝＝＝＝＝＝＝＝＝＝＝＝
【✧選考の流れ✧】

■ STEP 1　Web応募（所要1分）
氏名と連絡先など、簡単な入力だけで完了します。
応募段階での履歴書・職務経歴書は不要です。

■ STEP 2　カジュアル面談（オンライン／20〜30分）
「まずは話を聞いてみたい」でOKです。
私服・画面オフでのご参加も歓迎します。
面接ではなく相互理解の場ですので、
仕事内容や職場の雰囲気を気軽にお尋ねください。
平日夜間・早朝・土日の実施もご相談に応じます。

■ STEP 3　面接（対面またはWeb／1回のみ）
業務内容のご案内と、ご希望の働き方のお伺いをします。
ご希望の方にはオフィス見学や
現場スタッフとの対話の時間も設けます。

■ STEP 4　内定・条件面談
応募から内定まで最短1週間のスピード選考です。
入社日や勤務条件のご希望も調整いたします。

＝＝＝＝＝＝＝＝＝＝＝＝＝＝＝
【✧ご応募にあたって✧】

✔ 応募時に履歴書・職務経歴書は必要ありません
✔ 在職中の方も日程を調整できます
✔ 「話を聞いてみたい」だけのご応募も歓迎します

＝＝＝＝＝＝＝＝＝＝＝＝＝＝＝
【✧労働条件の明示✧】

■ 就業場所の変更の範囲
転勤はありません。本求人の勤務地での勤務となります。"
77,551,大東建託株式会社,転勤なし◎フレックス制度で無理なく働ける土地活用提案営業,未経験｜土地活用の提案営業｜御殿場市,"✦・━━━━━━━━━━━━━━━・✦
＼静岡県御殿場市で募集中／
土地オーナー様に「活用」を提案する
未経験からの営業職◎
✦・━━━━━━━━━━━━━━━・✦

「営業は未経験だから不安…」

そう感じる方ほど、まずは仕組みを知ってください。
商談には必ず上司が同席するので、
一人で判断を迫られる場面はありません。

＝＝＝＝＝＝＝＝＝＝＝＝＝＝＝
【✧提案営業は、この3ステップ✧】

■ ① 訪問
土地オーナー様のもとへ伺い、商談の日程を調整します。

■ ② 商談
上司が同席し、提案内容や契約条件をサポートします。

■ ③ ご契約
契約成立で、1件あたり最大225万円のインセンティブを支給。
賞与のタイミングでまとめて受け取れます。

＝＝＝＝＝＝＝＝＝＝＝＝＝＝＝
【✨この仕事の魅力✨】

✅ 商談は一人で抱え込まない
上司同席が前提なので、経験がなくても
その場で相談しながら進められます。

✅ 転勤・出張なし
会社が指定するエリアへの異動はありません。
自分の希望する地域で働き続けられます。

✅ 研修制度あり
商談の進め方や提案の組み立て方から学べます。

＝＝＝＝＝＝＝＝＝＝＝＝＝＝＝
【✔働き方✔】

✔ フレックスタイム制度（月平均所定労働時間160時間）
✔ 固定残業代なし（残業分は時間外勤務手当で別途支給）
✔ 社会保険完備（健康保険・厚生年金・雇用保険・労災保険）
✔ 試用期間なし

まずはお気軽にご応募ください。

案件No：551","《✼この仕事の4つのポイント✼》

✅ ① 商談は必ず上司同席
未経験のうちから一人で商談に臨むことはありません。
提案内容や契約条件の詰め方も、その場でサポートしてもらえます。

✅ ② 頑張りが成果報酬に直結
1件成約につき最大225万円のインセンティブを支給。
賞与のタイミングでまとめて受け取れます。

✅ ③ 転勤・出張なし
会社が指定するエリアへの異動は一切ありません。
自分の希望する地域で働き続けられます。

✅ ④ フレックスタイム制度
月平均所定労働時間160時間の中で、
始業・終業の時間配分を自分で組み立てられます。

＝＝＝＝＝＝＝＝＝＝＝＝＝＝＝
《✼待遇もしっかり✼》

✔ 月給制（固定残業代なし／残業分は時間外勤務手当で別途支給）
✔ 資格手当・家族手当・職種手当・通勤手当・役職手当・勤続手当
✔ 社会保険完備（健康保険・厚生年金・雇用保険・労災保険）
✔ 試用期間なし
✔ 初年度想定年収：340万円〜700万円
✔ 年収例：中途入社9年目／固定年額650万円＋賞与710万円＝1360万円
✔ 保養所完備・定期健康診断・人間ドック補助・スポーツクラブ利用補助・
　財形貯蓄制度・確定拠出年金（401K）・永年勤続表彰・社内厚生行事補助","✦・━━━━━━━━━━━━━━━・✦
＼まずは話を聞くところから／
選考は面接1回、最短1週間で内定
✦・━━━━━━━━━━━━━━━・✦

＝＝＝＝＝＝＝＝＝＝＝＝＝＝＝
【✧選考の流れ✧】

■ STEP 1　Web応募（所要1分）
氏名と連絡先など、簡単な入力だけで完了します。
応募段階での履歴書・職務経歴書は不要です。

■ STEP 2　カジュアル面談（オンライン／20〜30分）
「まずは話を聞いてみたい」でOKです。
私服・画面オフでのご参加も歓迎します。
面接ではなく相互理解の場ですので、
仕事内容や職場の雰囲気を気軽にお尋ねください。
平日夜間・早朝・土日の実施もご相談に応じます。

■ STEP 3　面接（対面またはWeb／1回のみ）
業務内容のご案内と、ご希望の働き方のお伺いをします。
ご希望の方にはオフィス見学や
現場スタッフとの対話の時間も設けます。

■ STEP 4　内定・条件面談
応募から内定まで最短1週間のスピード選考です。
入社日や勤務条件のご希望も調整いたします。

＝＝＝＝＝＝＝＝＝＝＝＝＝＝＝
【✧ご応募にあたって✧】

✔ 応募時に履歴書・職務経歴書は必要ありません
✔ 在職中の方も日程を調整できます
✔ 「話を聞いてみたい」だけのご応募も歓迎します

＝＝＝＝＝＝＝＝＝＝＝＝＝＝＝
【✧労働条件の明示✧】

■ 就業場所の変更の範囲
転勤はありません。本求人の勤務地での勤務となります。"
78,2749,大東建託株式会社,転勤なし◎フレックス制度で無理なく働ける土地活用提案営業,未経験｜土地活用の提案営業｜太田市,"✦・━━━━━━━━━━━━━━━・✦
＼群馬県太田市で募集中／
""提案する力""が身につく
土地活用の営業職◎
✦・━━━━━━━━━━━━━━━・✦

「商談って一人でやるものでは？」

大東建託の商談は、必ず上司が同席します。
未経験のうちから一人で抱え込む場面はありません。

＝＝＝＝＝＝＝＝＝＝＝＝＝＝＝
【✧提案営業は、この3ステップ✧】

■ ① 訪問
土地オーナー様を訪ね、商談の日程を調整します。

■ ② 商談
上司同席のもと、活用プランや契約条件を提案します。

■ ③ ご契約
成約1件につき、最大225万円のインセンティブを支給。
賞与支給のタイミングでまとめて受け取れます。

＝＝＝＝＝＝＝＝＝＝＝＝＝＝＝
【✨この仕事の魅力✨】

✅ 頑張りが成果に直結
成約数に応じてインセンティブが上乗せされます。

✅ 研修制度あり
未経験からでも、提案の組み立て方を一から学べます。

✅ 転勤・出張なし
会社が指定するエリアへの異動はなく、
希望する地域で働き続けられます。

＝＝＝＝＝＝＝＝＝＝＝＝＝＝＝
【✔働き方✔】

✔ フレックスタイム制度（月平均所定労働時間160時間）
✔ 固定残業代なし（残業分は時間外勤務手当で別途支給）
✔ 社会保険完備（健康保険・厚生年金・雇用保険・労災保険）
✔ 試用期間なし

自分のペースで、一件ずつ丁寧に進めていける仕事です。

案件No：2749","《✼この仕事の4つのポイント✼》

✅ ① 商談は必ず上司同席
未経験のうちから一人で商談に臨むことはありません。
提案内容や契約条件の詰め方も、その場でサポートしてもらえます。

✅ ② 頑張りが成果報酬に直結
1件成約につき最大225万円のインセンティブを支給。
賞与のタイミングでまとめて受け取れます。

✅ ③ 転勤・出張なし
会社が指定するエリアへの異動は一切ありません。
自分の希望する地域で働き続けられます。

✅ ④ フレックスタイム制度
月平均所定労働時間160時間の中で、
始業・終業の時間配分を自分で組み立てられます。

＝＝＝＝＝＝＝＝＝＝＝＝＝＝＝
《✼待遇もしっかり✼》

✔ 月給制（固定残業代なし／残業分は時間外勤務手当で別途支給）
✔ 資格手当・家族手当・職種手当・通勤手当・役職手当・勤続手当
✔ 社会保険完備（健康保険・厚生年金・雇用保険・労災保険）
✔ 試用期間なし
✔ 初年度想定年収：340万円〜700万円
✔ 年収例：中途入社9年目／固定年額650万円＋賞与710万円＝1360万円
✔ 保養所完備・定期健康診断・人間ドック補助・スポーツクラブ利用補助・
　財形貯蓄制度・確定拠出年金（401K）・永年勤続表彰・社内厚生行事補助","✦・━━━━━━━━━━━━━━━・✦
＼まずは話を聞くところから／
選考は面接1回、最短1週間で内定
✦・━━━━━━━━━━━━━━━・✦

＝＝＝＝＝＝＝＝＝＝＝＝＝＝＝
【✧選考の流れ✧】

■ STEP 1　Web応募（所要1分）
氏名と連絡先など、簡単な入力だけで完了します。
応募段階での履歴書・職務経歴書は不要です。

■ STEP 2　カジュアル面談（オンライン／20〜30分）
「まずは話を聞いてみたい」でOKです。
私服・画面オフでのご参加も歓迎します。
面接ではなく相互理解の場ですので、
仕事内容や職場の雰囲気を気軽にお尋ねください。
平日夜間・早朝・土日の実施もご相談に応じます。

■ STEP 3　面接（対面またはWeb／1回のみ）
業務内容のご案内と、ご希望の働き方のお伺いをします。
ご希望の方にはオフィス見学や
現場スタッフとの対話の時間も設けます。

■ STEP 4　内定・条件面談
応募から内定まで最短1週間のスピード選考です。
入社日や勤務条件のご希望も調整いたします。

＝＝＝＝＝＝＝＝＝＝＝＝＝＝＝
【✧ご応募にあたって✧】

✔ 応募時に履歴書・職務経歴書は必要ありません
✔ 在職中の方も日程を調整できます
✔ 「話を聞いてみたい」だけのご応募も歓迎します

＝＝＝＝＝＝＝＝＝＝＝＝＝＝＝
【✧労働条件の明示✧】

■ 就業場所の変更の範囲
転勤はありません。本求人の勤務地での勤務となります。"
79,477,大東建託株式会社,転勤なし◎フレックス制度で無理なく働ける土地活用提案営業,未経験｜土地活用の提案営業｜京都市山科区,"✦・━━━━━━━━━━━━━━━・✦
＼京都府京都市山科区で募集中／
オーナー様の「土地」を
価値ある一棟に変える提案営業◎
✦・━━━━━━━━━━━━━━━・✦

「専門知識がないと厳しいのでは？」

商談には必ず上司が同席するので、
知識も進め方も、現場で身につけていけます。

＝＝＝＝＝＝＝＝＝＝＝＝＝＝＝
【✧提案営業は、この3ステップ✧】

■ ① 訪問
土地オーナー様のもとへ伺い、商談の日程を決めます。

■ ② 商談
上司同席で、活用プランや契約条件を一緒に詰めます。

■ ③ ご契約
契約成立で、1件あたり最大225万円のインセンティブを支給。
賞与のタイミングでまとめて支給されます。

＝＝＝＝＝＝＝＝＝＝＝＝＝＝＝
【✨この仕事の魅力✨】

✅ 転勤・出張なし
会社が指定するエリアへの異動はありません。
今の生活拠点を変えずに働き続けられます。

✅ 商談は一人で抱え込まない
上司同席が前提なので、未経験でも
その場で相談しながら進められます。

✅ 研修制度あり
提案の組み立て方から、丁寧に学べます。

＝＝＝＝＝＝＝＝＝＝＝＝＝＝＝
【✔働き方✔】

✔ フレックスタイム制度（月平均所定労働時間160時間）
✔ 固定残業代なし（残業分は時間外勤務手当で別途支給）
✔ 社会保険完備（健康保険・厚生年金・雇用保険・労災保険）
✔ 試用期間なし

まずはお気軽にご応募ください。

案件No：477","《✼この仕事の4つのポイント✼》

✅ ① 商談は必ず上司同席
未経験のうちから一人で商談に臨むことはありません。
提案内容や契約条件の詰め方も、その場でサポートしてもらえます。

✅ ② 頑張りが成果報酬に直結
1件成約につき最大225万円のインセンティブを支給。
賞与のタイミングでまとめて受け取れます。

✅ ③ 転勤・出張なし
会社が指定するエリアへの異動は一切ありません。
自分の希望する地域で働き続けられます。

✅ ④ フレックスタイム制度
月平均所定労働時間160時間の中で、
始業・終業の時間配分を自分で組み立てられます。

＝＝＝＝＝＝＝＝＝＝＝＝＝＝＝
《✼待遇もしっかり✼》

✔ 月給制（固定残業代なし／残業分は時間外勤務手当で別途支給）
✔ 資格手当・家族手当・職種手当・通勤手当・役職手当・勤続手当
✔ 社会保険完備（健康保険・厚生年金・雇用保険・労災保険）
✔ 試用期間なし
✔ 初年度想定年収：340万円〜700万円
✔ 年収例：中途入社9年目／固定年額650万円＋賞与710万円＝1360万円
✔ 保養所完備・定期健康診断・人間ドック補助・スポーツクラブ利用補助・
　財形貯蓄制度・確定拠出年金（401K）・永年勤続表彰・社内厚生行事補助","✦・━━━━━━━━━━━━━━━・✦
＼まずは話を聞くところから／
選考は面接1回、最短1週間で内定
✦・━━━━━━━━━━━━━━━・✦

＝＝＝＝＝＝＝＝＝＝＝＝＝＝＝
【✧選考の流れ✧】

■ STEP 1　Web応募（所要1分）
氏名と連絡先など、簡単な入力だけで完了します。
応募段階での履歴書・職務経歴書は不要です。

■ STEP 2　カジュアル面談（オンライン／20〜30分）
「まずは話を聞いてみたい」でOKです。
私服・画面オフでのご参加も歓迎します。
面接ではなく相互理解の場ですので、
仕事内容や職場の雰囲気を気軽にお尋ねください。
平日夜間・早朝・土日の実施もご相談に応じます。

■ STEP 3　面接（対面またはWeb／1回のみ）
業務内容のご案内と、ご希望の働き方のお伺いをします。
ご希望の方にはオフィス見学や
現場スタッフとの対話の時間も設けます。

■ STEP 4　内定・条件面談
応募から内定まで最短1週間のスピード選考です。
入社日や勤務条件のご希望も調整いたします。

＝＝＝＝＝＝＝＝＝＝＝＝＝＝＝
【✧ご応募にあたって✧】

✔ 応募時に履歴書・職務経歴書は必要ありません
✔ 在職中の方も日程を調整できます
✔ 「話を聞いてみたい」だけのご応募も歓迎します

＝＝＝＝＝＝＝＝＝＝＝＝＝＝＝
【✧労働条件の明示✧】

■ 就業場所の変更の範囲
転勤はありません。本求人の勤務地での勤務となります。"
80,683,大東建託株式会社,転勤なし◎フレックス制度で無理なく働ける土地活用提案営業,未経験｜土地活用の提案営業｜駿東郡清水町,"✦・━━━━━━━━━━━━━━━・✦
＼静岡県駿東郡清水町で募集中／
土地オーナー様に「活用」を提案する
未経験からの営業職◎
✦・━━━━━━━━━━━━━━━・✦

「営業は未経験だから不安…」

そう感じる方ほど、まずは仕組みを知ってください。
商談には必ず上司が同席するので、
一人で判断を迫られる場面はありません。

＝＝＝＝＝＝＝＝＝＝＝＝＝＝＝
【✧提案営業は、この3ステップ✧】

■ ① 訪問
土地オーナー様のもとへ伺い、商談の日程を調整します。

■ ② 商談
上司が同席し、提案内容や契約条件をサポートします。

■ ③ ご契約
契約成立で、1件あたり最大225万円のインセンティブを支給。
賞与のタイミングでまとめて受け取れます。

＝＝＝＝＝＝＝＝＝＝＝＝＝＝＝
【✨この仕事の魅力✨】

✅ 商談は一人で抱え込まない
上司同席が前提なので、経験がなくても
その場で相談しながら進められます。

✅ 転勤・出張なし
会社が指定するエリアへの異動はありません。
自分の希望する地域で働き続けられます。

✅ 研修制度あり
商談の進め方や提案の組み立て方から学べます。

＝＝＝＝＝＝＝＝＝＝＝＝＝＝＝
【✔働き方✔】

✔ フレックスタイム制度（月平均所定労働時間160時間）
✔ 固定残業代なし（残業分は時間外勤務手当で別途支給）
✔ 社会保険完備（健康保険・厚生年金・雇用保険・労災保険）
✔ 試用期間なし

まずはお気軽にご応募ください。

案件No：683","《✼この仕事の4つのポイント✼》

✅ ① 商談は必ず上司同席
未経験のうちから一人で商談に臨むことはありません。
提案内容や契約条件の詰め方も、その場でサポートしてもらえます。

✅ ② 頑張りが成果報酬に直結
1件成約につき最大225万円のインセンティブを支給。
賞与のタイミングでまとめて受け取れます。

✅ ③ 転勤・出張なし
会社が指定するエリアへの異動は一切ありません。
自分の希望する地域で働き続けられます。

✅ ④ フレックスタイム制度
月平均所定労働時間160時間の中で、
始業・終業の時間配分を自分で組み立てられます。

＝＝＝＝＝＝＝＝＝＝＝＝＝＝＝
《✼待遇もしっかり✼》

✔ 月給制（固定残業代なし／残業分は時間外勤務手当で別途支給）
✔ 資格手当・家族手当・職種手当・通勤手当・役職手当・勤続手当
✔ 社会保険完備（健康保険・厚生年金・雇用保険・労災保険）
✔ 試用期間なし
✔ 初年度想定年収：340万円〜700万円
✔ 年収例：中途入社9年目／固定年額650万円＋賞与710万円＝1360万円
✔ 保養所完備・定期健康診断・人間ドック補助・スポーツクラブ利用補助・
　財形貯蓄制度・確定拠出年金（401K）・永年勤続表彰・社内厚生行事補助","✦・━━━━━━━━━━━━━━━・✦
＼まずは話を聞くところから／
選考は面接1回、最短1週間で内定
✦・━━━━━━━━━━━━━━━・✦

＝＝＝＝＝＝＝＝＝＝＝＝＝＝＝
【✧選考の流れ✧】

■ STEP 1　Web応募（所要1分）
氏名と連絡先など、簡単な入力だけで完了します。
応募段階での履歴書・職務経歴書は不要です。

■ STEP 2　カジュアル面談（オンライン／20〜30分）
「まずは話を聞いてみたい」でOKです。
私服・画面オフでのご参加も歓迎します。
面接ではなく相互理解の場ですので、
仕事内容や職場の雰囲気を気軽にお尋ねください。
平日夜間・早朝・土日の実施もご相談に応じます。

■ STEP 3　面接（対面またはWeb／1回のみ）
業務内容のご案内と、ご希望の働き方のお伺いをします。
ご希望の方にはオフィス見学や
現場スタッフとの対話の時間も設けます。

■ STEP 4　内定・条件面談
応募から内定まで最短1週間のスピード選考です。
入社日や勤務条件のご希望も調整いたします。

＝＝＝＝＝＝＝＝＝＝＝＝＝＝＝
【✧ご応募にあたって✧】

✔ 応募時に履歴書・職務経歴書は必要ありません
✔ 在職中の方も日程を調整できます
✔ 「話を聞いてみたい」だけのご応募も歓迎します

＝＝＝＝＝＝＝＝＝＝＝＝＝＝＝
【✧労働条件の明示✧】

■ 就業場所の変更の範囲
転勤はありません。本求人の勤務地での勤務となります。"
81,987,大東建託株式会社,転勤なし◎フレックス制度で無理なく働ける土地活用提案営業,未経験｜土地活用の提案営業｜目黒区,"✦・━━━━━━━━━━━━━━━・✦
＼東京都目黒区で募集中／
""提案する力""が身につく
土地活用の営業職◎
✦・━━━━━━━━━━━━━━━・✦

「商談って一人でやるものでは？」

大東建託の商談は、必ず上司が同席します。
未経験のうちから一人で抱え込む場面はありません。

＝＝＝＝＝＝＝＝＝＝＝＝＝＝＝
【✧提案営業は、この3ステップ✧】

■ ① 訪問
土地オーナー様を訪ね、商談の日程を調整します。

■ ② 商談
上司同席のもと、活用プランや契約条件を提案します。

■ ③ ご契約
成約1件につき、最大225万円のインセンティブを支給。
賞与支給のタイミングでまとめて受け取れます。

＝＝＝＝＝＝＝＝＝＝＝＝＝＝＝
【✨この仕事の魅力✨】

✅ 頑張りが成果に直結
成約数に応じてインセンティブが上乗せされます。

✅ 研修制度あり
未経験からでも、提案の組み立て方を一から学べます。

✅ 転勤・出張なし
会社が指定するエリアへの異動はなく、
希望する地域で働き続けられます。

＝＝＝＝＝＝＝＝＝＝＝＝＝＝＝
【✔働き方✔】

✔ フレックスタイム制度（月平均所定労働時間160時間）
✔ 固定残業代なし（残業分は時間外勤務手当で別途支給）
✔ 社会保険完備（健康保険・厚生年金・雇用保険・労災保険）
✔ 試用期間なし

自分のペースで、一件ずつ丁寧に進めていける仕事です。

案件No：987","《✼この仕事の4つのポイント✼》

✅ ① 商談は必ず上司同席
未経験のうちから一人で商談に臨むことはありません。
提案内容や契約条件の詰め方も、その場でサポートしてもらえます。

✅ ② 頑張りが成果報酬に直結
1件成約につき最大225万円のインセンティブを支給。
賞与のタイミングでまとめて受け取れます。

✅ ③ 転勤・出張なし
会社が指定するエリアへの異動は一切ありません。
自分の希望する地域で働き続けられます。

✅ ④ フレックスタイム制度
月平均所定労働時間160時間の中で、
始業・終業の時間配分を自分で組み立てられます。

＝＝＝＝＝＝＝＝＝＝＝＝＝＝＝
《✼待遇もしっかり✼》

✔ 月給制（固定残業代なし／残業分は時間外勤務手当で別途支給）
✔ 資格手当・家族手当・職種手当・通勤手当・役職手当・勤続手当
✔ 社会保険完備（健康保険・厚生年金・雇用保険・労災保険）
✔ 試用期間なし
✔ 初年度想定年収：340万円〜700万円
✔ 年収例：中途入社9年目／固定年額650万円＋賞与710万円＝1360万円
✔ 保養所完備・定期健康診断・人間ドック補助・スポーツクラブ利用補助・
　財形貯蓄制度・確定拠出年金（401K）・永年勤続表彰・社内厚生行事補助","✦・━━━━━━━━━━━━━━━・✦
＼まずは話を聞くところから／
選考は面接1回、最短1週間で内定
✦・━━━━━━━━━━━━━━━・✦

＝＝＝＝＝＝＝＝＝＝＝＝＝＝＝
【✧選考の流れ✧】

■ STEP 1　Web応募（所要1分）
氏名と連絡先など、簡単な入力だけで完了します。
応募段階での履歴書・職務経歴書は不要です。

■ STEP 2　カジュアル面談（オンライン／20〜30分）
「まずは話を聞いてみたい」でOKです。
私服・画面オフでのご参加も歓迎します。
面接ではなく相互理解の場ですので、
仕事内容や職場の雰囲気を気軽にお尋ねください。
平日夜間・早朝・土日の実施もご相談に応じます。

■ STEP 3　面接（対面またはWeb／1回のみ）
業務内容のご案内と、ご希望の働き方のお伺いをします。
ご希望の方にはオフィス見学や
現場スタッフとの対話の時間も設けます。

■ STEP 4　内定・条件面談
応募から内定まで最短1週間のスピード選考です。
入社日や勤務条件のご希望も調整いたします。

＝＝＝＝＝＝＝＝＝＝＝＝＝＝＝
【✧ご応募にあたって✧】

✔ 応募時に履歴書・職務経歴書は必要ありません
✔ 在職中の方も日程を調整できます
✔ 「話を聞いてみたい」だけのご応募も歓迎します

＝＝＝＝＝＝＝＝＝＝＝＝＝＝＝
【✧労働条件の明示✧】

■ 就業場所の変更の範囲
転勤はありません。本求人の勤務地での勤務となります。"
82,1786,大東建託株式会社,転勤なし◎フレックス制度で無理なく働ける土地活用提案営業,未経験｜土地活用の提案営業｜京都市伏見区,"✦・━━━━━━━━━━━━━━━・✦
＼京都府京都市伏見区で募集中／
オーナー様の「土地」を
価値ある一棟に変える提案営業◎
✦・━━━━━━━━━━━━━━━・✦

「専門知識がないと厳しいのでは？」

商談には必ず上司が同席するので、
知識も進め方も、現場で身につけていけます。

＝＝＝＝＝＝＝＝＝＝＝＝＝＝＝
【✧提案営業は、この3ステップ✧】

■ ① 訪問
土地オーナー様のもとへ伺い、商談の日程を決めます。

■ ② 商談
上司同席で、活用プランや契約条件を一緒に詰めます。

■ ③ ご契約
契約成立で、1件あたり最大225万円のインセンティブを支給。
賞与のタイミングでまとめて支給されます。

＝＝＝＝＝＝＝＝＝＝＝＝＝＝＝
【✨この仕事の魅力✨】

✅ 転勤・出張なし
会社が指定するエリアへの異動はありません。
今の生活拠点を変えずに働き続けられます。

✅ 商談は一人で抱え込まない
上司同席が前提なので、未経験でも
その場で相談しながら進められます。

✅ 研修制度あり
提案の組み立て方から、丁寧に学べます。

＝＝＝＝＝＝＝＝＝＝＝＝＝＝＝
【✔働き方✔】

✔ フレックスタイム制度（月平均所定労働時間160時間）
✔ 固定残業代なし（残業分は時間外勤務手当で別途支給）
✔ 社会保険完備（健康保険・厚生年金・雇用保険・労災保険）
✔ 試用期間なし

まずはお気軽にご応募ください。

案件No：1786","《✼この仕事の4つのポイント✼》

✅ ① 商談は必ず上司同席
未経験のうちから一人で商談に臨むことはありません。
提案内容や契約条件の詰め方も、その場でサポートしてもらえます。

✅ ② 頑張りが成果報酬に直結
1件成約につき最大225万円のインセンティブを支給。
賞与のタイミングでまとめて受け取れます。

✅ ③ 転勤・出張なし
会社が指定するエリアへの異動は一切ありません。
自分の希望する地域で働き続けられます。

✅ ④ フレックスタイム制度
月平均所定労働時間160時間の中で、
始業・終業の時間配分を自分で組み立てられます。

＝＝＝＝＝＝＝＝＝＝＝＝＝＝＝
《✼待遇もしっかり✼》

✔ 月給制（固定残業代なし／残業分は時間外勤務手当で別途支給）
✔ 資格手当・家族手当・職種手当・通勤手当・役職手当・勤続手当
✔ 社会保険完備（健康保険・厚生年金・雇用保険・労災保険）
✔ 試用期間なし
✔ 初年度想定年収：340万円〜700万円
✔ 年収例：中途入社9年目／固定年額650万円＋賞与710万円＝1360万円
✔ 保養所完備・定期健康診断・人間ドック補助・スポーツクラブ利用補助・
　財形貯蓄制度・確定拠出年金（401K）・永年勤続表彰・社内厚生行事補助","✦・━━━━━━━━━━━━━━━・✦
＼まずは話を聞くところから／
選考は面接1回、最短1週間で内定
✦・━━━━━━━━━━━━━━━・✦

＝＝＝＝＝＝＝＝＝＝＝＝＝＝＝
【✧選考の流れ✧】

■ STEP 1　Web応募（所要1分）
氏名と連絡先など、簡単な入力だけで完了します。
応募段階での履歴書・職務経歴書は不要です。

■ STEP 2　カジュアル面談（オンライン／20〜30分）
「まずは話を聞いてみたい」でOKです。
私服・画面オフでのご参加も歓迎します。
面接ではなく相互理解の場ですので、
仕事内容や職場の雰囲気を気軽にお尋ねください。
平日夜間・早朝・土日の実施もご相談に応じます。

■ STEP 3　面接（対面またはWeb／1回のみ）
業務内容のご案内と、ご希望の働き方のお伺いをします。
ご希望の方にはオフィス見学や
現場スタッフとの対話の時間も設けます。

■ STEP 4　内定・条件面談
応募から内定まで最短1週間のスピード選考です。
入社日や勤務条件のご希望も調整いたします。

＝＝＝＝＝＝＝＝＝＝＝＝＝＝＝
【✧ご応募にあたって✧】

✔ 応募時に履歴書・職務経歴書は必要ありません
✔ 在職中の方も日程を調整できます
✔ 「話を聞いてみたい」だけのご応募も歓迎します

＝＝＝＝＝＝＝＝＝＝＝＝＝＝＝
【✧労働条件の明示✧】

■ 就業場所の変更の範囲
転勤はありません。本求人の勤務地での勤務となります。"
83,2441,大東建託株式会社,転勤なし◎フレックス制度で無理なく働ける土地活用提案営業,未経験｜土地活用の提案営業｜静岡市清水区,"✦・━━━━━━━━━━━━━━━・✦
＼静岡県静岡市清水区で募集中／
土地オーナー様に「活用」を提案する
未経験からの営業職◎
✦・━━━━━━━━━━━━━━━・✦

「営業は未経験だから不安…」

そう感じる方ほど、まずは仕組みを知ってください。
商談には必ず上司が同席するので、
一人で判断を迫られる場面はありません。

＝＝＝＝＝＝＝＝＝＝＝＝＝＝＝
【✧提案営業は、この3ステップ✧】

■ ① 訪問
土地オーナー様のもとへ伺い、商談の日程を調整します。

■ ② 商談
上司が同席し、提案内容や契約条件をサポートします。

■ ③ ご契約
契約成立で、1件あたり最大225万円のインセンティブを支給。
賞与のタイミングでまとめて受け取れます。

＝＝＝＝＝＝＝＝＝＝＝＝＝＝＝
【✨この仕事の魅力✨】

✅ 商談は一人で抱え込まない
上司同席が前提なので、経験がなくても
その場で相談しながら進められます。

✅ 転勤・出張なし
会社が指定するエリアへの異動はありません。
自分の希望する地域で働き続けられます。

✅ 研修制度あり
商談の進め方や提案の組み立て方から学べます。

＝＝＝＝＝＝＝＝＝＝＝＝＝＝＝
【✔働き方✔】

✔ フレックスタイム制度（月平均所定労働時間160時間）
✔ 固定残業代なし（残業分は時間外勤務手当で別途支給）
✔ 社会保険完備（健康保険・厚生年金・雇用保険・労災保険）
✔ 試用期間なし

まずはお気軽にご応募ください。

案件No：2441","《✼この仕事の4つのポイント✼》

✅ ① 商談は必ず上司同席
未経験のうちから一人で商談に臨むことはありません。
提案内容や契約条件の詰め方も、その場でサポートしてもらえます。

✅ ② 頑張りが成果報酬に直結
1件成約につき最大225万円のインセンティブを支給。
賞与のタイミングでまとめて受け取れます。

✅ ③ 転勤・出張なし
会社が指定するエリアへの異動は一切ありません。
自分の希望する地域で働き続けられます。

✅ ④ フレックスタイム制度
月平均所定労働時間160時間の中で、
始業・終業の時間配分を自分で組み立てられます。

＝＝＝＝＝＝＝＝＝＝＝＝＝＝＝
《✼待遇もしっかり✼》

✔ 月給制（固定残業代なし／残業分は時間外勤務手当で別途支給）
✔ 資格手当・家族手当・職種手当・通勤手当・役職手当・勤続手当
✔ 社会保険完備（健康保険・厚生年金・雇用保険・労災保険）
✔ 試用期間なし
✔ 初年度想定年収：340万円〜700万円
✔ 年収例：中途入社9年目／固定年額650万円＋賞与710万円＝1360万円
✔ 保養所完備・定期健康診断・人間ドック補助・スポーツクラブ利用補助・
　財形貯蓄制度・確定拠出年金（401K）・永年勤続表彰・社内厚生行事補助","✦・━━━━━━━━━━━━━━━・✦
＼まずは話を聞くところから／
選考は面接1回、最短1週間で内定
✦・━━━━━━━━━━━━━━━・✦

＝＝＝＝＝＝＝＝＝＝＝＝＝＝＝
【✧選考の流れ✧】

■ STEP 1　Web応募（所要1分）
氏名と連絡先など、簡単な入力だけで完了します。
応募段階での履歴書・職務経歴書は不要です。

■ STEP 2　カジュアル面談（オンライン／20〜30分）
「まずは話を聞いてみたい」でOKです。
私服・画面オフでのご参加も歓迎します。
面接ではなく相互理解の場ですので、
仕事内容や職場の雰囲気を気軽にお尋ねください。
平日夜間・早朝・土日の実施もご相談に応じます。

■ STEP 3　面接（対面またはWeb／1回のみ）
業務内容のご案内と、ご希望の働き方のお伺いをします。
ご希望の方にはオフィス見学や
現場スタッフとの対話の時間も設けます。

■ STEP 4　内定・条件面談
応募から内定まで最短1週間のスピード選考です。
入社日や勤務条件のご希望も調整いたします。

＝＝＝＝＝＝＝＝＝＝＝＝＝＝＝
【✧ご応募にあたって✧】

✔ 応募時に履歴書・職務経歴書は必要ありません
✔ 在職中の方も日程を調整できます
✔ 「話を聞いてみたい」だけのご応募も歓迎します

＝＝＝＝＝＝＝＝＝＝＝＝＝＝＝
【✧労働条件の明示✧】

■ 就業場所の変更の範囲
転勤はありません。本求人の勤務地での勤務となります。"
84,717,大東建託株式会社,転勤なし◎フレックス制度で無理なく働ける土地活用提案営業,未経験｜土地活用の提案営業｜立川市,"✦・━━━━━━━━━━━━━━━・✦
＼東京都立川市で募集中／
""提案する力""が身につく
土地活用の営業職◎
✦・━━━━━━━━━━━━━━━・✦

「商談って一人でやるものでは？」

大東建託の商談は、必ず上司が同席します。
未経験のうちから一人で抱え込む場面はありません。

＝＝＝＝＝＝＝＝＝＝＝＝＝＝＝
【✧提案営業は、この3ステップ✧】

■ ① 訪問
土地オーナー様を訪ね、商談の日程を調整します。

■ ② 商談
上司同席のもと、活用プランや契約条件を提案します。

■ ③ ご契約
成約1件につき、最大225万円のインセンティブを支給。
賞与支給のタイミングでまとめて受け取れます。

＝＝＝＝＝＝＝＝＝＝＝＝＝＝＝
【✨この仕事の魅力✨】

✅ 頑張りが成果に直結
成約数に応じてインセンティブが上乗せされます。

✅ 研修制度あり
未経験からでも、提案の組み立て方を一から学べます。

✅ 転勤・出張なし
会社が指定するエリアへの異動はなく、
希望する地域で働き続けられます。

＝＝＝＝＝＝＝＝＝＝＝＝＝＝＝
【✔働き方✔】

✔ フレックスタイム制度（月平均所定労働時間160時間）
✔ 固定残業代なし（残業分は時間外勤務手当で別途支給）
✔ 社会保険完備（健康保険・厚生年金・雇用保険・労災保険）
✔ 試用期間なし

自分のペースで、一件ずつ丁寧に進めていける仕事です。

案件No：717","《✼この仕事の4つのポイント✼》

✅ ① 商談は必ず上司同席
未経験のうちから一人で商談に臨むことはありません。
提案内容や契約条件の詰め方も、その場でサポートしてもらえます。

✅ ② 頑張りが成果報酬に直結
1件成約につき最大225万円のインセンティブを支給。
賞与のタイミングでまとめて受け取れます。

✅ ③ 転勤・出張なし
会社が指定するエリアへの異動は一切ありません。
自分の希望する地域で働き続けられます。

✅ ④ フレックスタイム制度
月平均所定労働時間160時間の中で、
始業・終業の時間配分を自分で組み立てられます。

＝＝＝＝＝＝＝＝＝＝＝＝＝＝＝
《✼待遇もしっかり✼》

✔ 月給制（固定残業代なし／残業分は時間外勤務手当で別途支給）
✔ 資格手当・家族手当・職種手当・通勤手当・役職手当・勤続手当
✔ 社会保険完備（健康保険・厚生年金・雇用保険・労災保険）
✔ 試用期間なし
✔ 初年度想定年収：340万円〜700万円
✔ 年収例：中途入社9年目／固定年額650万円＋賞与710万円＝1360万円
✔ 保養所完備・定期健康診断・人間ドック補助・スポーツクラブ利用補助・
　財形貯蓄制度・確定拠出年金（401K）・永年勤続表彰・社内厚生行事補助","✦・━━━━━━━━━━━━━━━・✦
＼まずは話を聞くところから／
選考は面接1回、最短1週間で内定
✦・━━━━━━━━━━━━━━━・✦

＝＝＝＝＝＝＝＝＝＝＝＝＝＝＝
【✧選考の流れ✧】

■ STEP 1　Web応募（所要1分）
氏名と連絡先など、簡単な入力だけで完了します。
応募段階での履歴書・職務経歴書は不要です。

■ STEP 2　カジュアル面談（オンライン／20〜30分）
「まずは話を聞いてみたい」でOKです。
私服・画面オフでのご参加も歓迎します。
面接ではなく相互理解の場ですので、
仕事内容や職場の雰囲気を気軽にお尋ねください。
平日夜間・早朝・土日の実施もご相談に応じます。

■ STEP 3　面接（対面またはWeb／1回のみ）
業務内容のご案内と、ご希望の働き方のお伺いをします。
ご希望の方にはオフィス見学や
現場スタッフとの対話の時間も設けます。

■ STEP 4　内定・条件面談
応募から内定まで最短1週間のスピード選考です。
入社日や勤務条件のご希望も調整いたします。

＝＝＝＝＝＝＝＝＝＝＝＝＝＝＝
【✧ご応募にあたって✧】

✔ 応募時に履歴書・職務経歴書は必要ありません
✔ 在職中の方も日程を調整できます
✔ 「話を聞いてみたい」だけのご応募も歓迎します

＝＝＝＝＝＝＝＝＝＝＝＝＝＝＝
【✧労働条件の明示✧】

■ 就業場所の変更の範囲
転勤はありません。本求人の勤務地での勤務となります。"
85,336,大東建託株式会社,転勤なし◎フレックス制度で無理なく働ける土地活用提案営業,未経験｜土地活用の提案営業｜京都市,"✦・━━━━━━━━━━━━━━━・✦
＼京都府京都市で募集中／
オーナー様の「土地」を
価値ある一棟に変える提案営業◎
✦・━━━━━━━━━━━━━━━・✦

「専門知識がないと厳しいのでは？」

商談には必ず上司が同席するので、
知識も進め方も、現場で身につけていけます。

＝＝＝＝＝＝＝＝＝＝＝＝＝＝＝
【✧提案営業は、この3ステップ✧】

■ ① 訪問
土地オーナー様のもとへ伺い、商談の日程を決めます。

■ ② 商談
上司同席で、活用プランや契約条件を一緒に詰めます。

■ ③ ご契約
契約成立で、1件あたり最大225万円のインセンティブを支給。
賞与のタイミングでまとめて支給されます。

＝＝＝＝＝＝＝＝＝＝＝＝＝＝＝
【✨この仕事の魅力✨】

✅ 転勤・出張なし
会社が指定するエリアへの異動はありません。
今の生活拠点を変えずに働き続けられます。

✅ 商談は一人で抱え込まない
上司同席が前提なので、未経験でも
その場で相談しながら進められます。

✅ 研修制度あり
提案の組み立て方から、丁寧に学べます。

＝＝＝＝＝＝＝＝＝＝＝＝＝＝＝
【✔働き方✔】

✔ フレックスタイム制度（月平均所定労働時間160時間）
✔ 固定残業代なし（残業分は時間外勤務手当で別途支給）
✔ 社会保険完備（健康保険・厚生年金・雇用保険・労災保険）
✔ 試用期間なし

まずはお気軽にご応募ください。

案件No：336","《✼この仕事の4つのポイント✼》

✅ ① 商談は必ず上司同席
未経験のうちから一人で商談に臨むことはありません。
提案内容や契約条件の詰め方も、その場でサポートしてもらえます。

✅ ② 頑張りが成果報酬に直結
1件成約につき最大225万円のインセンティブを支給。
賞与のタイミングでまとめて受け取れます。

✅ ③ 転勤・出張なし
会社が指定するエリアへの異動は一切ありません。
自分の希望する地域で働き続けられます。

✅ ④ フレックスタイム制度
月平均所定労働時間160時間の中で、
始業・終業の時間配分を自分で組み立てられます。

＝＝＝＝＝＝＝＝＝＝＝＝＝＝＝
《✼待遇もしっかり✼》

✔ 月給制（固定残業代なし／残業分は時間外勤務手当で別途支給）
✔ 資格手当・家族手当・職種手当・通勤手当・役職手当・勤続手当
✔ 社会保険完備（健康保険・厚生年金・雇用保険・労災保険）
✔ 試用期間なし
✔ 初年度想定年収：340万円〜700万円
✔ 年収例：中途入社9年目／固定年額650万円＋賞与710万円＝1360万円
✔ 保養所完備・定期健康診断・人間ドック補助・スポーツクラブ利用補助・
　財形貯蓄制度・確定拠出年金（401K）・永年勤続表彰・社内厚生行事補助","✦・━━━━━━━━━━━━━━━・✦
＼まずは話を聞くところから／
選考は面接1回、最短1週間で内定
✦・━━━━━━━━━━━━━━━・✦

＝＝＝＝＝＝＝＝＝＝＝＝＝＝＝
【✧選考の流れ✧】

■ STEP 1　Web応募（所要1分）
氏名と連絡先など、簡単な入力だけで完了します。
応募段階での履歴書・職務経歴書は不要です。

■ STEP 2　カジュアル面談（オンライン／20〜30分）
「まずは話を聞いてみたい」でOKです。
私服・画面オフでのご参加も歓迎します。
面接ではなく相互理解の場ですので、
仕事内容や職場の雰囲気を気軽にお尋ねください。
平日夜間・早朝・土日の実施もご相談に応じます。

■ STEP 3　面接（対面またはWeb／1回のみ）
業務内容のご案内と、ご希望の働き方のお伺いをします。
ご希望の方にはオフィス見学や
現場スタッフとの対話の時間も設けます。

■ STEP 4　内定・条件面談
応募から内定まで最短1週間のスピード選考です。
入社日や勤務条件のご希望も調整いたします。

＝＝＝＝＝＝＝＝＝＝＝＝＝＝＝
【✧ご応募にあたって✧】

✔ 応募時に履歴書・職務経歴書は必要ありません
✔ 在職中の方も日程を調整できます
✔ 「話を聞いてみたい」だけのご応募も歓迎します

＝＝＝＝＝＝＝＝＝＝＝＝＝＝＝
【✧労働条件の明示✧】

■ 就業場所の変更の範囲
転勤はありません。本求人の勤務地での勤務となります。"
86,782,大東建託株式会社,転勤なし◎フレックス制度で無理なく働ける土地活用提案営業,未経験｜土地活用の提案営業｜静岡市,"✦・━━━━━━━━━━━━━━━・✦
＼静岡県静岡市で募集中／
土地オーナー様に「活用」を提案する
未経験からの営業職◎
✦・━━━━━━━━━━━━━━━・✦

「営業は未経験だから不安…」

そう感じる方ほど、まずは仕組みを知ってください。
商談には必ず上司が同席するので、
一人で判断を迫られる場面はありません。

＝＝＝＝＝＝＝＝＝＝＝＝＝＝＝
【✧提案営業は、この3ステップ✧】

■ ① 訪問
土地オーナー様のもとへ伺い、商談の日程を調整します。

■ ② 商談
上司が同席し、提案内容や契約条件をサポートします。

■ ③ ご契約
契約成立で、1件あたり最大225万円のインセンティブを支給。
賞与のタイミングでまとめて受け取れます。

＝＝＝＝＝＝＝＝＝＝＝＝＝＝＝
【✨この仕事の魅力✨】

✅ 商談は一人で抱え込まない
上司同席が前提なので、経験がなくても
その場で相談しながら進められます。

✅ 転勤・出張なし
会社が指定するエリアへの異動はありません。
自分の希望する地域で働き続けられます。

✅ 研修制度あり
商談の進め方や提案の組み立て方から学べます。

＝＝＝＝＝＝＝＝＝＝＝＝＝＝＝
【✔働き方✔】

✔ フレックスタイム制度（月平均所定労働時間160時間）
✔ 固定残業代なし（残業分は時間外勤務手当で別途支給）
✔ 社会保険完備（健康保険・厚生年金・雇用保険・労災保険）
✔ 試用期間なし

まずはお気軽にご応募ください。

案件No：782","《✼この仕事の4つのポイント✼》

✅ ① 商談は必ず上司同席
未経験のうちから一人で商談に臨むことはありません。
提案内容や契約条件の詰め方も、その場でサポートしてもらえます。

✅ ② 頑張りが成果報酬に直結
1件成約につき最大225万円のインセンティブを支給。
賞与のタイミングでまとめて受け取れます。

✅ ③ 転勤・出張なし
会社が指定するエリアへの異動は一切ありません。
自分の希望する地域で働き続けられます。

✅ ④ フレックスタイム制度
月平均所定労働時間160時間の中で、
始業・終業の時間配分を自分で組み立てられます。

＝＝＝＝＝＝＝＝＝＝＝＝＝＝＝
《✼待遇もしっかり✼》

✔ 月給制（固定残業代なし／残業分は時間外勤務手当で別途支給）
✔ 資格手当・家族手当・職種手当・通勤手当・役職手当・勤続手当
✔ 社会保険完備（健康保険・厚生年金・雇用保険・労災保険）
✔ 試用期間なし
✔ 初年度想定年収：340万円〜700万円
✔ 年収例：中途入社9年目／固定年額650万円＋賞与710万円＝1360万円
✔ 保養所完備・定期健康診断・人間ドック補助・スポーツクラブ利用補助・
　財形貯蓄制度・確定拠出年金（401K）・永年勤続表彰・社内厚生行事補助","✦・━━━━━━━━━━━━━━━・✦
＼まずは話を聞くところから／
選考は面接1回、最短1週間で内定
✦・━━━━━━━━━━━━━━━・✦

＝＝＝＝＝＝＝＝＝＝＝＝＝＝＝
【✧選考の流れ✧】

■ STEP 1　Web応募（所要1分）
氏名と連絡先など、簡単な入力だけで完了します。
応募段階での履歴書・職務経歴書は不要です。

■ STEP 2　カジュアル面談（オンライン／20〜30分）
「まずは話を聞いてみたい」でOKです。
私服・画面オフでのご参加も歓迎します。
面接ではなく相互理解の場ですので、
仕事内容や職場の雰囲気を気軽にお尋ねください。
平日夜間・早朝・土日の実施もご相談に応じます。

■ STEP 3　面接（対面またはWeb／1回のみ）
業務内容のご案内と、ご希望の働き方のお伺いをします。
ご希望の方にはオフィス見学や
現場スタッフとの対話の時間も設けます。

■ STEP 4　内定・条件面談
応募から内定まで最短1週間のスピード選考です。
入社日や勤務条件のご希望も調整いたします。

＝＝＝＝＝＝＝＝＝＝＝＝＝＝＝
【✧ご応募にあたって✧】

✔ 応募時に履歴書・職務経歴書は必要ありません
✔ 在職中の方も日程を調整できます
✔ 「話を聞いてみたい」だけのご応募も歓迎します

＝＝＝＝＝＝＝＝＝＝＝＝＝＝＝
【✧労働条件の明示✧】

■ 就業場所の変更の範囲
転勤はありません。本求人の勤務地での勤務となります。"
87,1118,大東建託株式会社,転勤なし◎フレックス制度で無理なく働ける土地活用提案営業,未経験｜土地活用の提案営業｜練馬区,"✦・━━━━━━━━━━━━━━━・✦
＼東京都練馬区で募集中／
""提案する力""が身につく
土地活用の営業職◎
✦・━━━━━━━━━━━━━━━・✦

「商談って一人でやるものでは？」

大東建託の商談は、必ず上司が同席します。
未経験のうちから一人で抱え込む場面はありません。

＝＝＝＝＝＝＝＝＝＝＝＝＝＝＝
【✧提案営業は、この3ステップ✧】

■ ① 訪問
土地オーナー様を訪ね、商談の日程を調整します。

■ ② 商談
上司同席のもと、活用プランや契約条件を提案します。

■ ③ ご契約
成約1件につき、最大225万円のインセンティブを支給。
賞与支給のタイミングでまとめて受け取れます。

＝＝＝＝＝＝＝＝＝＝＝＝＝＝＝
【✨この仕事の魅力✨】

✅ 頑張りが成果に直結
成約数に応じてインセンティブが上乗せされます。

✅ 研修制度あり
未経験からでも、提案の組み立て方を一から学べます。

✅ 転勤・出張なし
会社が指定するエリアへの異動はなく、
希望する地域で働き続けられます。

＝＝＝＝＝＝＝＝＝＝＝＝＝＝＝
【✔働き方✔】

✔ フレックスタイム制度（月平均所定労働時間160時間）
✔ 固定残業代なし（残業分は時間外勤務手当で別途支給）
✔ 社会保険完備（健康保険・厚生年金・雇用保険・労災保険）
✔ 試用期間なし

自分のペースで、一件ずつ丁寧に進めていける仕事です。

案件No：1118","《✼この仕事の4つのポイント✼》

✅ ① 商談は必ず上司同席
未経験のうちから一人で商談に臨むことはありません。
提案内容や契約条件の詰め方も、その場でサポートしてもらえます。

✅ ② 頑張りが成果報酬に直結
1件成約につき最大225万円のインセンティブを支給。
賞与のタイミングでまとめて受け取れます。

✅ ③ 転勤・出張なし
会社が指定するエリアへの異動は一切ありません。
自分の希望する地域で働き続けられます。

✅ ④ フレックスタイム制度
月平均所定労働時間160時間の中で、
始業・終業の時間配分を自分で組み立てられます。

＝＝＝＝＝＝＝＝＝＝＝＝＝＝＝
《✼待遇もしっかり✼》

✔ 月給制（固定残業代なし／残業分は時間外勤務手当で別途支給）
✔ 資格手当・家族手当・職種手当・通勤手当・役職手当・勤続手当
✔ 社会保険完備（健康保険・厚生年金・雇用保険・労災保険）
✔ 試用期間なし
✔ 初年度想定年収：340万円〜700万円
✔ 年収例：中途入社9年目／固定年額650万円＋賞与710万円＝1360万円
✔ 保養所完備・定期健康診断・人間ドック補助・スポーツクラブ利用補助・
　財形貯蓄制度・確定拠出年金（401K）・永年勤続表彰・社内厚生行事補助","✦・━━━━━━━━━━━━━━━・✦
＼まずは話を聞くところから／
選考は面接1回、最短1週間で内定
✦・━━━━━━━━━━━━━━━・✦

＝＝＝＝＝＝＝＝＝＝＝＝＝＝＝
【✧選考の流れ✧】

■ STEP 1　Web応募（所要1分）
氏名と連絡先など、簡単な入力だけで完了します。
応募段階での履歴書・職務経歴書は不要です。

■ STEP 2　カジュアル面談（オンライン／20〜30分）
「まずは話を聞いてみたい」でOKです。
私服・画面オフでのご参加も歓迎します。
面接ではなく相互理解の場ですので、
仕事内容や職場の雰囲気を気軽にお尋ねください。
平日夜間・早朝・土日の実施もご相談に応じます。

■ STEP 3　面接（対面またはWeb／1回のみ）
業務内容のご案内と、ご希望の働き方のお伺いをします。
ご希望の方にはオフィス見学や
現場スタッフとの対話の時間も設けます。

■ STEP 4　内定・条件面談
応募から内定まで最短1週間のスピード選考です。
入社日や勤務条件のご希望も調整いたします。

＝＝＝＝＝＝＝＝＝＝＝＝＝＝＝
【✧ご応募にあたって✧】

✔ 応募時に履歴書・職務経歴書は必要ありません
✔ 在職中の方も日程を調整できます
✔ 「話を聞いてみたい」だけのご応募も歓迎します

＝＝＝＝＝＝＝＝＝＝＝＝＝＝＝
【✧労働条件の明示✧】

■ 就業場所の変更の範囲
転勤はありません。本求人の勤務地での勤務となります。"
88,27,大東建託株式会社,転勤なし◎フレックス制度で無理なく働ける土地活用提案営業,未経験｜土地活用の提案営業｜静岡市駿河区,"✦・━━━━━━━━━━━━━━━・✦
＼静岡県静岡市駿河区で募集中／
オーナー様の「土地」を
価値ある一棟に変える提案営業◎
✦・━━━━━━━━━━━━━━━・✦

「専門知識がないと厳しいのでは？」

商談には必ず上司が同席するので、
知識も進め方も、現場で身につけていけます。

＝＝＝＝＝＝＝＝＝＝＝＝＝＝＝
【✧提案営業は、この3ステップ✧】

■ ① 訪問
土地オーナー様のもとへ伺い、商談の日程を決めます。

■ ② 商談
上司同席で、活用プランや契約条件を一緒に詰めます。

■ ③ ご契約
契約成立で、1件あたり最大225万円のインセンティブを支給。
賞与のタイミングでまとめて支給されます。

＝＝＝＝＝＝＝＝＝＝＝＝＝＝＝
【✨この仕事の魅力✨】

✅ 転勤・出張なし
会社が指定するエリアへの異動はありません。
今の生活拠点を変えずに働き続けられます。

✅ 商談は一人で抱え込まない
上司同席が前提なので、未経験でも
その場で相談しながら進められます。

✅ 研修制度あり
提案の組み立て方から、丁寧に学べます。

＝＝＝＝＝＝＝＝＝＝＝＝＝＝＝
【✔働き方✔】

✔ フレックスタイム制度（月平均所定労働時間160時間）
✔ 固定残業代なし（残業分は時間外勤務手当で別途支給）
✔ 社会保険完備（健康保険・厚生年金・雇用保険・労災保険）
✔ 試用期間なし

まずはお気軽にご応募ください。

案件No：27","《✼この仕事の4つのポイント✼》

✅ ① 商談は必ず上司同席
未経験のうちから一人で商談に臨むことはありません。
提案内容や契約条件の詰め方も、その場でサポートしてもらえます。

✅ ② 頑張りが成果報酬に直結
1件成約につき最大225万円のインセンティブを支給。
賞与のタイミングでまとめて受け取れます。

✅ ③ 転勤・出張なし
会社が指定するエリアへの異動は一切ありません。
自分の希望する地域で働き続けられます。

✅ ④ フレックスタイム制度
月平均所定労働時間160時間の中で、
始業・終業の時間配分を自分で組み立てられます。

＝＝＝＝＝＝＝＝＝＝＝＝＝＝＝
《✼待遇もしっかり✼》

✔ 月給制（固定残業代なし／残業分は時間外勤務手当で別途支給）
✔ 資格手当・家族手当・職種手当・通勤手当・役職手当・勤続手当
✔ 社会保険完備（健康保険・厚生年金・雇用保険・労災保険）
✔ 試用期間なし
✔ 初年度想定年収：340万円〜700万円
✔ 年収例：中途入社9年目／固定年額650万円＋賞与710万円＝1360万円
✔ 保養所完備・定期健康診断・人間ドック補助・スポーツクラブ利用補助・
　財形貯蓄制度・確定拠出年金（401K）・永年勤続表彰・社内厚生行事補助","✦・━━━━━━━━━━━━━━━・✦
＼まずは話を聞くところから／
選考は面接1回、最短1週間で内定
✦・━━━━━━━━━━━━━━━・✦

＝＝＝＝＝＝＝＝＝＝＝＝＝＝＝
【✧選考の流れ✧】

■ STEP 1　Web応募（所要1分）
氏名と連絡先など、簡単な入力だけで完了します。
応募段階での履歴書・職務経歴書は不要です。

■ STEP 2　カジュアル面談（オンライン／20〜30分）
「まずは話を聞いてみたい」でOKです。
私服・画面オフでのご参加も歓迎します。
面接ではなく相互理解の場ですので、
仕事内容や職場の雰囲気を気軽にお尋ねください。
平日夜間・早朝・土日の実施もご相談に応じます。

■ STEP 3　面接（対面またはWeb／1回のみ）
業務内容のご案内と、ご希望の働き方のお伺いをします。
ご希望の方にはオフィス見学や
現場スタッフとの対話の時間も設けます。

■ STEP 4　内定・条件面談
応募から内定まで最短1週間のスピード選考です。
入社日や勤務条件のご希望も調整いたします。

＝＝＝＝＝＝＝＝＝＝＝＝＝＝＝
【✧ご応募にあたって✧】

✔ 応募時に履歴書・職務経歴書は必要ありません
✔ 在職中の方も日程を調整できます
✔ 「話を聞いてみたい」だけのご応募も歓迎します

＝＝＝＝＝＝＝＝＝＝＝＝＝＝＝
【✧労働条件の明示✧】

■ 就業場所の変更の範囲
転勤はありません。本求人の勤務地での勤務となります。"
89,393,大東建託株式会社,転勤なし◎フレックス制度で無理なく働ける土地活用提案営業,未経験｜土地活用の提案営業｜横須賀市,"✦・━━━━━━━━━━━━━━━・✦
＼神奈川県横須賀市で募集中／
土地オーナー様に「活用」を提案する
未経験からの営業職◎
✦・━━━━━━━━━━━━━━━・✦

「営業は未経験だから不安…」

そう感じる方ほど、まずは仕組みを知ってください。
商談には必ず上司が同席するので、
一人で判断を迫られる場面はありません。

＝＝＝＝＝＝＝＝＝＝＝＝＝＝＝
【✧提案営業は、この3ステップ✧】

■ ① 訪問
土地オーナー様のもとへ伺い、商談の日程を調整します。

■ ② 商談
上司が同席し、提案内容や契約条件をサポートします。

■ ③ ご契約
契約成立で、1件あたり最大225万円のインセンティブを支給。
賞与のタイミングでまとめて受け取れます。

＝＝＝＝＝＝＝＝＝＝＝＝＝＝＝
【✨この仕事の魅力✨】

✅ 商談は一人で抱え込まない
上司同席が前提なので、経験がなくても
その場で相談しながら進められます。

✅ 転勤・出張なし
会社が指定するエリアへの異動はありません。
自分の希望する地域で働き続けられます。

✅ 研修制度あり
商談の進め方や提案の組み立て方から学べます。

＝＝＝＝＝＝＝＝＝＝＝＝＝＝＝
【✔働き方✔】

✔ フレックスタイム制度（月平均所定労働時間160時間）
✔ 固定残業代なし（残業分は時間外勤務手当で別途支給）
✔ 社会保険完備（健康保険・厚生年金・雇用保険・労災保険）
✔ 試用期間なし

まずはお気軽にご応募ください。

案件No：393","《✼この仕事の4つのポイント✼》

✅ ① 商談は必ず上司同席
未経験のうちから一人で商談に臨むことはありません。
提案内容や契約条件の詰め方も、その場でサポートしてもらえます。

✅ ② 頑張りが成果報酬に直結
1件成約につき最大225万円のインセンティブを支給。
賞与のタイミングでまとめて受け取れます。

✅ ③ 転勤・出張なし
会社が指定するエリアへの異動は一切ありません。
自分の希望する地域で働き続けられます。

✅ ④ フレックスタイム制度
月平均所定労働時間160時間の中で、
始業・終業の時間配分を自分で組み立てられます。

＝＝＝＝＝＝＝＝＝＝＝＝＝＝＝
《✼待遇もしっかり✼》

✔ 月給制（固定残業代なし／残業分は時間外勤務手当で別途支給）
✔ 資格手当・家族手当・職種手当・通勤手当・役職手当・勤続手当
✔ 社会保険完備（健康保険・厚生年金・雇用保険・労災保険）
✔ 試用期間なし
✔ 初年度想定年収：340万円〜700万円
✔ 年収例：中途入社9年目／固定年額650万円＋賞与710万円＝1360万円
✔ 保養所完備・定期健康診断・人間ドック補助・スポーツクラブ利用補助・
　財形貯蓄制度・確定拠出年金（401K）・永年勤続表彰・社内厚生行事補助","✦・━━━━━━━━━━━━━━━・✦
＼まずは話を聞くところから／
選考は面接1回、最短1週間で内定
✦・━━━━━━━━━━━━━━━・✦

＝＝＝＝＝＝＝＝＝＝＝＝＝＝＝
【✧選考の流れ✧】

■ STEP 1　Web応募（所要1分）
氏名と連絡先など、簡単な入力だけで完了します。
応募段階での履歴書・職務経歴書は不要です。

■ STEP 2　カジュアル面談（オンライン／20〜30分）
「まずは話を聞いてみたい」でOKです。
私服・画面オフでのご参加も歓迎します。
面接ではなく相互理解の場ですので、
仕事内容や職場の雰囲気を気軽にお尋ねください。
平日夜間・早朝・土日の実施もご相談に応じます。

■ STEP 3　面接（対面またはWeb／1回のみ）
業務内容のご案内と、ご希望の働き方のお伺いをします。
ご希望の方にはオフィス見学や
現場スタッフとの対話の時間も設けます。

■ STEP 4　内定・条件面談
応募から内定まで最短1週間のスピード選考です。
入社日や勤務条件のご希望も調整いたします。

＝＝＝＝＝＝＝＝＝＝＝＝＝＝＝
【✧ご応募にあたって✧】

✔ 応募時に履歴書・職務経歴書は必要ありません
✔ 在職中の方も日程を調整できます
✔ 「話を聞いてみたい」だけのご応募も歓迎します

＝＝＝＝＝＝＝＝＝＝＝＝＝＝＝
【✧労働条件の明示✧】

■ 就業場所の変更の範囲
転勤はありません。本求人の勤務地での勤務となります。"
90,2084,大東建託株式会社,転勤なし◎フレックス制度で無理なく働ける土地活用提案営業,未経験｜土地活用の提案営業｜越谷市,"✦・━━━━━━━━━━━━━━━・✦
＼埼玉県越谷市で募集中／
""提案する力""が身につく
土地活用の営業職◎
✦・━━━━━━━━━━━━━━━・✦

「商談って一人でやるものでは？」

大東建託の商談は、必ず上司が同席します。
未経験のうちから一人で抱え込む場面はありません。

＝＝＝＝＝＝＝＝＝＝＝＝＝＝＝
【✧提案営業は、この3ステップ✧】

■ ① 訪問
土地オーナー様を訪ね、商談の日程を調整します。

■ ② 商談
上司同席のもと、活用プランや契約条件を提案します。

■ ③ ご契約
成約1件につき、最大225万円のインセンティブを支給。
賞与支給のタイミングでまとめて受け取れます。

＝＝＝＝＝＝＝＝＝＝＝＝＝＝＝
【✨この仕事の魅力✨】

✅ 頑張りが成果に直結
成約数に応じてインセンティブが上乗せされます。

✅ 研修制度あり
未経験からでも、提案の組み立て方を一から学べます。

✅ 転勤・出張なし
会社が指定するエリアへの異動はなく、
希望する地域で働き続けられます。

＝＝＝＝＝＝＝＝＝＝＝＝＝＝＝
【✔働き方✔】

✔ フレックスタイム制度（月平均所定労働時間160時間）
✔ 固定残業代なし（残業分は時間外勤務手当で別途支給）
✔ 社会保険完備（健康保険・厚生年金・雇用保険・労災保険）
✔ 試用期間なし

自分のペースで、一件ずつ丁寧に進めていける仕事です。

案件No：2084","《✼この仕事の4つのポイント✼》

✅ ① 商談は必ず上司同席
未経験のうちから一人で商談に臨むことはありません。
提案内容や契約条件の詰め方も、その場でサポートしてもらえます。

✅ ② 頑張りが成果報酬に直結
1件成約につき最大225万円のインセンティブを支給。
賞与のタイミングでまとめて受け取れます。

✅ ③ 転勤・出張なし
会社が指定するエリアへの異動は一切ありません。
自分の希望する地域で働き続けられます。

✅ ④ フレックスタイム制度
月平均所定労働時間160時間の中で、
始業・終業の時間配分を自分で組み立てられます。

＝＝＝＝＝＝＝＝＝＝＝＝＝＝＝
《✼待遇もしっかり✼》

✔ 月給制（固定残業代なし／残業分は時間外勤務手当で別途支給）
✔ 資格手当・家族手当・職種手当・通勤手当・役職手当・勤続手当
✔ 社会保険完備（健康保険・厚生年金・雇用保険・労災保険）
✔ 試用期間なし
✔ 初年度想定年収：340万円〜700万円
✔ 年収例：中途入社9年目／固定年額650万円＋賞与710万円＝1360万円
✔ 保養所完備・定期健康診断・人間ドック補助・スポーツクラブ利用補助・
　財形貯蓄制度・確定拠出年金（401K）・永年勤続表彰・社内厚生行事補助","✦・━━━━━━━━━━━━━━━・✦
＼まずは話を聞くところから／
選考は面接1回、最短1週間で内定
✦・━━━━━━━━━━━━━━━・✦

＝＝＝＝＝＝＝＝＝＝＝＝＝＝＝
【✧選考の流れ✧】

■ STEP 1　Web応募（所要1分）
氏名と連絡先など、簡単な入力だけで完了します。
応募段階での履歴書・職務経歴書は不要です。

■ STEP 2　カジュアル面談（オンライン／20〜30分）
「まずは話を聞いてみたい」でOKです。
私服・画面オフでのご参加も歓迎します。
面接ではなく相互理解の場ですので、
仕事内容や職場の雰囲気を気軽にお尋ねください。
平日夜間・早朝・土日の実施もご相談に応じます。

■ STEP 3　面接（対面またはWeb／1回のみ）
業務内容のご案内と、ご希望の働き方のお伺いをします。
ご希望の方にはオフィス見学や
現場スタッフとの対話の時間も設けます。

■ STEP 4　内定・条件面談
応募から内定まで最短1週間のスピード選考です。
入社日や勤務条件のご希望も調整いたします。

＝＝＝＝＝＝＝＝＝＝＝＝＝＝＝
【✧ご応募にあたって✧】

✔ 応募時に履歴書・職務経歴書は必要ありません
✔ 在職中の方も日程を調整できます
✔ 「話を聞いてみたい」だけのご応募も歓迎します

＝＝＝＝＝＝＝＝＝＝＝＝＝＝＝
【✧労働条件の明示✧】

■ 就業場所の変更の範囲
転勤はありません。本求人の勤務地での勤務となります。"
91,1668,大東建託株式会社,転勤なし◎フレックス制度で無理なく働ける土地活用提案営業,未経験｜土地活用の提案営業｜藤枝市,"✦・━━━━━━━━━━━━━━━・✦
＼静岡県藤枝市で募集中／
オーナー様の「土地」を
価値ある一棟に変える提案営業◎
✦・━━━━━━━━━━━━━━━・✦

「専門知識がないと厳しいのでは？」

商談には必ず上司が同席するので、
知識も進め方も、現場で身につけていけます。

＝＝＝＝＝＝＝＝＝＝＝＝＝＝＝
【✧提案営業は、この3ステップ✧】

■ ① 訪問
土地オーナー様のもとへ伺い、商談の日程を決めます。

■ ② 商談
上司同席で、活用プランや契約条件を一緒に詰めます。

■ ③ ご契約
契約成立で、1件あたり最大225万円のインセンティブを支給。
賞与のタイミングでまとめて支給されます。

＝＝＝＝＝＝＝＝＝＝＝＝＝＝＝
【✨この仕事の魅力✨】

✅ 転勤・出張なし
会社が指定するエリアへの異動はありません。
今の生活拠点を変えずに働き続けられます。

✅ 商談は一人で抱え込まない
上司同席が前提なので、未経験でも
その場で相談しながら進められます。

✅ 研修制度あり
提案の組み立て方から、丁寧に学べます。

＝＝＝＝＝＝＝＝＝＝＝＝＝＝＝
【✔働き方✔】

✔ フレックスタイム制度（月平均所定労働時間160時間）
✔ 固定残業代なし（残業分は時間外勤務手当で別途支給）
✔ 社会保険完備（健康保険・厚生年金・雇用保険・労災保険）
✔ 試用期間なし

まずはお気軽にご応募ください。

案件No：1668","《✼この仕事の4つのポイント✼》

✅ ① 商談は必ず上司同席
未経験のうちから一人で商談に臨むことはありません。
提案内容や契約条件の詰め方も、その場でサポートしてもらえます。

✅ ② 頑張りが成果報酬に直結
1件成約につき最大225万円のインセンティブを支給。
賞与のタイミングでまとめて受け取れます。

✅ ③ 転勤・出張なし
会社が指定するエリアへの異動は一切ありません。
自分の希望する地域で働き続けられます。

✅ ④ フレックスタイム制度
月平均所定労働時間160時間の中で、
始業・終業の時間配分を自分で組み立てられます。

＝＝＝＝＝＝＝＝＝＝＝＝＝＝＝
《✼待遇もしっかり✼》

✔ 月給制（固定残業代なし／残業分は時間外勤務手当で別途支給）
✔ 資格手当・家族手当・職種手当・通勤手当・役職手当・勤続手当
✔ 社会保険完備（健康保険・厚生年金・雇用保険・労災保険）
✔ 試用期間なし
✔ 初年度想定年収：340万円〜700万円
✔ 年収例：中途入社9年目／固定年額650万円＋賞与710万円＝1360万円
✔ 保養所完備・定期健康診断・人間ドック補助・スポーツクラブ利用補助・
　財形貯蓄制度・確定拠出年金（401K）・永年勤続表彰・社内厚生行事補助","✦・━━━━━━━━━━━━━━━・✦
＼まずは話を聞くところから／
選考は面接1回、最短1週間で内定
✦・━━━━━━━━━━━━━━━・✦

＝＝＝＝＝＝＝＝＝＝＝＝＝＝＝
【✧選考の流れ✧】

■ STEP 1　Web応募（所要1分）
氏名と連絡先など、簡単な入力だけで完了します。
応募段階での履歴書・職務経歴書は不要です。

■ STEP 2　カジュアル面談（オンライン／20〜30分）
「まずは話を聞いてみたい」でOKです。
私服・画面オフでのご参加も歓迎します。
面接ではなく相互理解の場ですので、
仕事内容や職場の雰囲気を気軽にお尋ねください。
平日夜間・早朝・土日の実施もご相談に応じます。

■ STEP 3　面接（対面またはWeb／1回のみ）
業務内容のご案内と、ご希望の働き方のお伺いをします。
ご希望の方にはオフィス見学や
現場スタッフとの対話の時間も設けます。

■ STEP 4　内定・条件面談
応募から内定まで最短1週間のスピード選考です。
入社日や勤務条件のご希望も調整いたします。

＝＝＝＝＝＝＝＝＝＝＝＝＝＝＝
【✧ご応募にあたって✧】

✔ 応募時に履歴書・職務経歴書は必要ありません
✔ 在職中の方も日程を調整できます
✔ 「話を聞いてみたい」だけのご応募も歓迎します

＝＝＝＝＝＝＝＝＝＝＝＝＝＝＝
【✧労働条件の明示✧】

■ 就業場所の変更の範囲
転勤はありません。本求人の勤務地での勤務となります。"
92,1902,大東建託株式会社,転勤なし◎フレックス制度で無理なく働ける土地活用提案営業,未経験｜土地活用の提案営業｜横浜市都筑区,"✦・━━━━━━━━━━━━━━━・✦
＼神奈川県横浜市都筑区で募集中／
土地オーナー様に「活用」を提案する
未経験からの営業職◎
✦・━━━━━━━━━━━━━━━・✦

「営業は未経験だから不安…」

そう感じる方ほど、まずは仕組みを知ってください。
商談には必ず上司が同席するので、
一人で判断を迫られる場面はありません。

＝＝＝＝＝＝＝＝＝＝＝＝＝＝＝
【✧提案営業は、この3ステップ✧】

■ ① 訪問
土地オーナー様のもとへ伺い、商談の日程を調整します。

■ ② 商談
上司が同席し、提案内容や契約条件をサポートします。

■ ③ ご契約
契約成立で、1件あたり最大225万円のインセンティブを支給。
賞与のタイミングでまとめて受け取れます。

＝＝＝＝＝＝＝＝＝＝＝＝＝＝＝
【✨この仕事の魅力✨】

✅ 商談は一人で抱え込まない
上司同席が前提なので、経験がなくても
その場で相談しながら進められます。

✅ 転勤・出張なし
会社が指定するエリアへの異動はありません。
自分の希望する地域で働き続けられます。

✅ 研修制度あり
商談の進め方や提案の組み立て方から学べます。

＝＝＝＝＝＝＝＝＝＝＝＝＝＝＝
【✔働き方✔】

✔ フレックスタイム制度（月平均所定労働時間160時間）
✔ 固定残業代なし（残業分は時間外勤務手当で別途支給）
✔ 社会保険完備（健康保険・厚生年金・雇用保険・労災保険）
✔ 試用期間なし

まずはお気軽にご応募ください。

案件No：1902","《✼この仕事の4つのポイント✼》

✅ ① 商談は必ず上司同席
未経験のうちから一人で商談に臨むことはありません。
提案内容や契約条件の詰め方も、その場でサポートしてもらえます。

✅ ② 頑張りが成果報酬に直結
1件成約につき最大225万円のインセンティブを支給。
賞与のタイミングでまとめて受け取れます。

✅ ③ 転勤・出張なし
会社が指定するエリアへの異動は一切ありません。
自分の希望する地域で働き続けられます。

✅ ④ フレックスタイム制度
月平均所定労働時間160時間の中で、
始業・終業の時間配分を自分で組み立てられます。

＝＝＝＝＝＝＝＝＝＝＝＝＝＝＝
《✼待遇もしっかり✼》

✔ 月給制（固定残業代なし／残業分は時間外勤務手当で別途支給）
✔ 資格手当・家族手当・職種手当・通勤手当・役職手当・勤続手当
✔ 社会保険完備（健康保険・厚生年金・雇用保険・労災保険）
✔ 試用期間なし
✔ 初年度想定年収：340万円〜700万円
✔ 年収例：中途入社9年目／固定年額650万円＋賞与710万円＝1360万円
✔ 保養所完備・定期健康診断・人間ドック補助・スポーツクラブ利用補助・
　財形貯蓄制度・確定拠出年金（401K）・永年勤続表彰・社内厚生行事補助","✦・━━━━━━━━━━━━━━━・✦
＼まずは話を聞くところから／
選考は面接1回、最短1週間で内定
✦・━━━━━━━━━━━━━━━・✦

＝＝＝＝＝＝＝＝＝＝＝＝＝＝＝
【✧選考の流れ✧】

■ STEP 1　Web応募（所要1分）
氏名と連絡先など、簡単な入力だけで完了します。
応募段階での履歴書・職務経歴書は不要です。

■ STEP 2　カジュアル面談（オンライン／20〜30分）
「まずは話を聞いてみたい」でOKです。
私服・画面オフでのご参加も歓迎します。
面接ではなく相互理解の場ですので、
仕事内容や職場の雰囲気を気軽にお尋ねください。
平日夜間・早朝・土日の実施もご相談に応じます。

■ STEP 3　面接（対面またはWeb／1回のみ）
業務内容のご案内と、ご希望の働き方のお伺いをします。
ご希望の方にはオフィス見学や
現場スタッフとの対話の時間も設けます。

■ STEP 4　内定・条件面談
応募から内定まで最短1週間のスピード選考です。
入社日や勤務条件のご希望も調整いたします。

＝＝＝＝＝＝＝＝＝＝＝＝＝＝＝
【✧ご応募にあたって✧】

✔ 応募時に履歴書・職務経歴書は必要ありません
✔ 在職中の方も日程を調整できます
✔ 「話を聞いてみたい」だけのご応募も歓迎します

＝＝＝＝＝＝＝＝＝＝＝＝＝＝＝
【✧労働条件の明示✧】

■ 就業場所の変更の範囲
転勤はありません。本求人の勤務地での勤務となります。"
93,2371,大東建託株式会社,転勤なし◎フレックス制度で無理なく働ける土地活用提案営業,未経験｜土地活用の提案営業｜狭山市,"✦・━━━━━━━━━━━━━━━・✦
＼埼玉県狭山市で募集中／
""提案する力""が身につく
土地活用の営業職◎
✦・━━━━━━━━━━━━━━━・✦

「商談って一人でやるものでは？」

大東建託の商談は、必ず上司が同席します。
未経験のうちから一人で抱え込む場面はありません。

＝＝＝＝＝＝＝＝＝＝＝＝＝＝＝
【✧提案営業は、この3ステップ✧】

■ ① 訪問
土地オーナー様を訪ね、商談の日程を調整します。

■ ② 商談
上司同席のもと、活用プランや契約条件を提案します。

■ ③ ご契約
成約1件につき、最大225万円のインセンティブを支給。
賞与支給のタイミングでまとめて受け取れます。

＝＝＝＝＝＝＝＝＝＝＝＝＝＝＝
【✨この仕事の魅力✨】

✅ 頑張りが成果に直結
成約数に応じてインセンティブが上乗せされます。

✅ 研修制度あり
未経験からでも、提案の組み立て方を一から学べます。

✅ 転勤・出張なし
会社が指定するエリアへの異動はなく、
希望する地域で働き続けられます。

＝＝＝＝＝＝＝＝＝＝＝＝＝＝＝
【✔働き方✔】

✔ フレックスタイム制度（月平均所定労働時間160時間）
✔ 固定残業代なし（残業分は時間外勤務手当で別途支給）
✔ 社会保険完備（健康保険・厚生年金・雇用保険・労災保険）
✔ 試用期間なし

自分のペースで、一件ずつ丁寧に進めていける仕事です。

案件No：2371","《✼この仕事の4つのポイント✼》

✅ ① 商談は必ず上司同席
未経験のうちから一人で商談に臨むことはありません。
提案内容や契約条件の詰め方も、その場でサポートしてもらえます。

✅ ② 頑張りが成果報酬に直結
1件成約につき最大225万円のインセンティブを支給。
賞与のタイミングでまとめて受け取れます。

✅ ③ 転勤・出張なし
会社が指定するエリアへの異動は一切ありません。
自分の希望する地域で働き続けられます。

✅ ④ フレックスタイム制度
月平均所定労働時間160時間の中で、
始業・終業の時間配分を自分で組み立てられます。

＝＝＝＝＝＝＝＝＝＝＝＝＝＝＝
《✼待遇もしっかり✼》

✔ 月給制（固定残業代なし／残業分は時間外勤務手当で別途支給）
✔ 資格手当・家族手当・職種手当・通勤手当・役職手当・勤続手当
✔ 社会保険完備（健康保険・厚生年金・雇用保険・労災保険）
✔ 試用期間なし
✔ 初年度想定年収：340万円〜700万円
✔ 年収例：中途入社9年目／固定年額650万円＋賞与710万円＝1360万円
✔ 保養所完備・定期健康診断・人間ドック補助・スポーツクラブ利用補助・
　財形貯蓄制度・確定拠出年金（401K）・永年勤続表彰・社内厚生行事補助","✦・━━━━━━━━━━━━━━━・✦
＼まずは話を聞くところから／
選考は面接1回、最短1週間で内定
✦・━━━━━━━━━━━━━━━・✦

＝＝＝＝＝＝＝＝＝＝＝＝＝＝＝
【✧選考の流れ✧】

■ STEP 1　Web応募（所要1分）
氏名と連絡先など、簡単な入力だけで完了します。
応募段階での履歴書・職務経歴書は不要です。

■ STEP 2　カジュアル面談（オンライン／20〜30分）
「まずは話を聞いてみたい」でOKです。
私服・画面オフでのご参加も歓迎します。
面接ではなく相互理解の場ですので、
仕事内容や職場の雰囲気を気軽にお尋ねください。
平日夜間・早朝・土日の実施もご相談に応じます。

■ STEP 3　面接（対面またはWeb／1回のみ）
業務内容のご案内と、ご希望の働き方のお伺いをします。
ご希望の方にはオフィス見学や
現場スタッフとの対話の時間も設けます。

■ STEP 4　内定・条件面談
応募から内定まで最短1週間のスピード選考です。
入社日や勤務条件のご希望も調整いたします。

＝＝＝＝＝＝＝＝＝＝＝＝＝＝＝
【✧ご応募にあたって✧】

✔ 応募時に履歴書・職務経歴書は必要ありません
✔ 在職中の方も日程を調整できます
✔ 「話を聞いてみたい」だけのご応募も歓迎します

＝＝＝＝＝＝＝＝＝＝＝＝＝＝＝
【✧労働条件の明示✧】

■ 就業場所の変更の範囲
転勤はありません。本求人の勤務地での勤務となります。"
94,2153,大東建託株式会社,転勤なし◎フレックス制度で無理なく働ける土地活用提案営業,未経験｜土地活用の提案営業｜浜松市中央区,"✦・━━━━━━━━━━━━━━━・✦
＼静岡県浜松市中央区で募集中／
オーナー様の「土地」を
価値ある一棟に変える提案営業◎
✦・━━━━━━━━━━━━━━━・✦

「専門知識がないと厳しいのでは？」

商談には必ず上司が同席するので、
知識も進め方も、現場で身につけていけます。

＝＝＝＝＝＝＝＝＝＝＝＝＝＝＝
【✧提案営業は、この3ステップ✧】

■ ① 訪問
土地オーナー様のもとへ伺い、商談の日程を決めます。

■ ② 商談
上司同席で、活用プランや契約条件を一緒に詰めます。

■ ③ ご契約
契約成立で、1件あたり最大225万円のインセンティブを支給。
賞与のタイミングでまとめて支給されます。

＝＝＝＝＝＝＝＝＝＝＝＝＝＝＝
【✨この仕事の魅力✨】

✅ 転勤・出張なし
会社が指定するエリアへの異動はありません。
今の生活拠点を変えずに働き続けられます。

✅ 商談は一人で抱え込まない
上司同席が前提なので、未経験でも
その場で相談しながら進められます。

✅ 研修制度あり
提案の組み立て方から、丁寧に学べます。

＝＝＝＝＝＝＝＝＝＝＝＝＝＝＝
【✔働き方✔】

✔ フレックスタイム制度（月平均所定労働時間160時間）
✔ 固定残業代なし（残業分は時間外勤務手当で別途支給）
✔ 社会保険完備（健康保険・厚生年金・雇用保険・労災保険）
✔ 試用期間なし

まずはお気軽にご応募ください。

案件No：2153","《✼この仕事の4つのポイント✼》

✅ ① 商談は必ず上司同席
未経験のうちから一人で商談に臨むことはありません。
提案内容や契約条件の詰め方も、その場でサポートしてもらえます。

✅ ② 頑張りが成果報酬に直結
1件成約につき最大225万円のインセンティブを支給。
賞与のタイミングでまとめて受け取れます。

✅ ③ 転勤・出張なし
会社が指定するエリアへの異動は一切ありません。
自分の希望する地域で働き続けられます。

✅ ④ フレックスタイム制度
月平均所定労働時間160時間の中で、
始業・終業の時間配分を自分で組み立てられます。

＝＝＝＝＝＝＝＝＝＝＝＝＝＝＝
《✼待遇もしっかり✼》

✔ 月給制（固定残業代なし／残業分は時間外勤務手当で別途支給）
✔ 資格手当・家族手当・職種手当・通勤手当・役職手当・勤続手当
✔ 社会保険完備（健康保険・厚生年金・雇用保険・労災保険）
✔ 試用期間なし
✔ 初年度想定年収：340万円〜700万円
✔ 年収例：中途入社9年目／固定年額650万円＋賞与710万円＝1360万円
✔ 保養所完備・定期健康診断・人間ドック補助・スポーツクラブ利用補助・
　財形貯蓄制度・確定拠出年金（401K）・永年勤続表彰・社内厚生行事補助","✦・━━━━━━━━━━━━━━━・✦
＼まずは話を聞くところから／
選考は面接1回、最短1週間で内定
✦・━━━━━━━━━━━━━━━・✦

＝＝＝＝＝＝＝＝＝＝＝＝＝＝＝
【✧選考の流れ✧】

■ STEP 1　Web応募（所要1分）
氏名と連絡先など、簡単な入力だけで完了します。
応募段階での履歴書・職務経歴書は不要です。

■ STEP 2　カジュアル面談（オンライン／20〜30分）
「まずは話を聞いてみたい」でOKです。
私服・画面オフでのご参加も歓迎します。
面接ではなく相互理解の場ですので、
仕事内容や職場の雰囲気を気軽にお尋ねください。
平日夜間・早朝・土日の実施もご相談に応じます。

■ STEP 3　面接（対面またはWeb／1回のみ）
業務内容のご案内と、ご希望の働き方のお伺いをします。
ご希望の方にはオフィス見学や
現場スタッフとの対話の時間も設けます。

■ STEP 4　内定・条件面談
応募から内定まで最短1週間のスピード選考です。
入社日や勤務条件のご希望も調整いたします。

＝＝＝＝＝＝＝＝＝＝＝＝＝＝＝
【✧ご応募にあたって✧】

✔ 応募時に履歴書・職務経歴書は必要ありません
✔ 在職中の方も日程を調整できます
✔ 「話を聞いてみたい」だけのご応募も歓迎します

＝＝＝＝＝＝＝＝＝＝＝＝＝＝＝
【✧労働条件の明示✧】

■ 就業場所の変更の範囲
転勤はありません。本求人の勤務地での勤務となります。"
95,2336,大東建託株式会社,転勤なし◎フレックス制度で無理なく働ける土地活用提案営業,未経験｜土地活用の提案営業｜横浜市青葉区,"✦・━━━━━━━━━━━━━━━・✦
＼神奈川県横浜市青葉区で募集中／
土地オーナー様に「活用」を提案する
未経験からの営業職◎
✦・━━━━━━━━━━━━━━━・✦

「営業は未経験だから不安…」

そう感じる方ほど、まずは仕組みを知ってください。
商談には必ず上司が同席するので、
一人で判断を迫られる場面はありません。

＝＝＝＝＝＝＝＝＝＝＝＝＝＝＝
【✧提案営業は、この3ステップ✧】

■ ① 訪問
土地オーナー様のもとへ伺い、商談の日程を調整します。

■ ② 商談
上司が同席し、提案内容や契約条件をサポートします。

■ ③ ご契約
契約成立で、1件あたり最大225万円のインセンティブを支給。
賞与のタイミングでまとめて受け取れます。

＝＝＝＝＝＝＝＝＝＝＝＝＝＝＝
【✨この仕事の魅力✨】

✅ 商談は一人で抱え込まない
上司同席が前提なので、経験がなくても
その場で相談しながら進められます。

✅ 転勤・出張なし
会社が指定するエリアへの異動はありません。
自分の希望する地域で働き続けられます。

✅ 研修制度あり
商談の進め方や提案の組み立て方から学べます。

＝＝＝＝＝＝＝＝＝＝＝＝＝＝＝
【✔働き方✔】

✔ フレックスタイム制度（月平均所定労働時間160時間）
✔ 固定残業代なし（残業分は時間外勤務手当で別途支給）
✔ 社会保険完備（健康保険・厚生年金・雇用保険・労災保険）
✔ 試用期間なし

まずはお気軽にご応募ください。

案件No：2336","《✼この仕事の4つのポイント✼》

✅ ① 商談は必ず上司同席
未経験のうちから一人で商談に臨むことはありません。
提案内容や契約条件の詰め方も、その場でサポートしてもらえます。

✅ ② 頑張りが成果報酬に直結
1件成約につき最大225万円のインセンティブを支給。
賞与のタイミングでまとめて受け取れます。

✅ ③ 転勤・出張なし
会社が指定するエリアへの異動は一切ありません。
自分の希望する地域で働き続けられます。

✅ ④ フレックスタイム制度
月平均所定労働時間160時間の中で、
始業・終業の時間配分を自分で組み立てられます。

＝＝＝＝＝＝＝＝＝＝＝＝＝＝＝
《✼待遇もしっかり✼》

✔ 月給制（固定残業代なし／残業分は時間外勤務手当で別途支給）
✔ 資格手当・家族手当・職種手当・通勤手当・役職手当・勤続手当
✔ 社会保険完備（健康保険・厚生年金・雇用保険・労災保険）
✔ 試用期間なし
✔ 初年度想定年収：340万円〜700万円
✔ 年収例：中途入社9年目／固定年額650万円＋賞与710万円＝1360万円
✔ 保養所完備・定期健康診断・人間ドック補助・スポーツクラブ利用補助・
　財形貯蓄制度・確定拠出年金（401K）・永年勤続表彰・社内厚生行事補助","✦・━━━━━━━━━━━━━━━・✦
＼まずは話を聞くところから／
選考は面接1回、最短1週間で内定
✦・━━━━━━━━━━━━━━━・✦

＝＝＝＝＝＝＝＝＝＝＝＝＝＝＝
【✧選考の流れ✧】

■ STEP 1　Web応募（所要1分）
氏名と連絡先など、簡単な入力だけで完了します。
応募段階での履歴書・職務経歴書は不要です。

■ STEP 2　カジュアル面談（オンライン／20〜30分）
「まずは話を聞いてみたい」でOKです。
私服・画面オフでのご参加も歓迎します。
面接ではなく相互理解の場ですので、
仕事内容や職場の雰囲気を気軽にお尋ねください。
平日夜間・早朝・土日の実施もご相談に応じます。

■ STEP 3　面接（対面またはWeb／1回のみ）
業務内容のご案内と、ご希望の働き方のお伺いをします。
ご希望の方にはオフィス見学や
現場スタッフとの対話の時間も設けます。

■ STEP 4　内定・条件面談
応募から内定まで最短1週間のスピード選考です。
入社日や勤務条件のご希望も調整いたします。

＝＝＝＝＝＝＝＝＝＝＝＝＝＝＝
【✧ご応募にあたって✧】

✔ 応募時に履歴書・職務経歴書は必要ありません
✔ 在職中の方も日程を調整できます
✔ 「話を聞いてみたい」だけのご応募も歓迎します

＝＝＝＝＝＝＝＝＝＝＝＝＝＝＝
【✧労働条件の明示✧】

■ 就業場所の変更の範囲
転勤はありません。本求人の勤務地での勤務となります。"
96,1456,大東建託株式会社,転勤なし◎フレックス制度で無理なく働ける土地活用提案営業,未経験｜土地活用の提案営業｜熊谷市,"✦・━━━━━━━━━━━━━━━・✦
＼埼玉県熊谷市で募集中／
""提案する力""が身につく
土地活用の営業職◎
✦・━━━━━━━━━━━━━━━・✦

「商談って一人でやるものでは？」

大東建託の商談は、必ず上司が同席します。
未経験のうちから一人で抱え込む場面はありません。

＝＝＝＝＝＝＝＝＝＝＝＝＝＝＝
【✧提案営業は、この3ステップ✧】

■ ① 訪問
土地オーナー様を訪ね、商談の日程を調整します。

■ ② 商談
上司同席のもと、活用プランや契約条件を提案します。

■ ③ ご契約
成約1件につき、最大225万円のインセンティブを支給。
賞与支給のタイミングでまとめて受け取れます。

＝＝＝＝＝＝＝＝＝＝＝＝＝＝＝
【✨この仕事の魅力✨】

✅ 頑張りが成果に直結
成約数に応じてインセンティブが上乗せされます。

✅ 研修制度あり
未経験からでも、提案の組み立て方を一から学べます。

✅ 転勤・出張なし
会社が指定するエリアへの異動はなく、
希望する地域で働き続けられます。

＝＝＝＝＝＝＝＝＝＝＝＝＝＝＝
【✔働き方✔】

✔ フレックスタイム制度（月平均所定労働時間160時間）
✔ 固定残業代なし（残業分は時間外勤務手当で別途支給）
✔ 社会保険完備（健康保険・厚生年金・雇用保険・労災保険）
✔ 試用期間なし

自分のペースで、一件ずつ丁寧に進めていける仕事です。

案件No：1456","《✼この仕事の4つのポイント✼》

✅ ① 商談は必ず上司同席
未経験のうちから一人で商談に臨むことはありません。
提案内容や契約条件の詰め方も、その場でサポートしてもらえます。

✅ ② 頑張りが成果報酬に直結
1件成約につき最大225万円のインセンティブを支給。
賞与のタイミングでまとめて受け取れます。

✅ ③ 転勤・出張なし
会社が指定するエリアへの異動は一切ありません。
自分の希望する地域で働き続けられます。

✅ ④ フレックスタイム制度
月平均所定労働時間160時間の中で、
始業・終業の時間配分を自分で組み立てられます。

＝＝＝＝＝＝＝＝＝＝＝＝＝＝＝
《✼待遇もしっかり✼》

✔ 月給制（固定残業代なし／残業分は時間外勤務手当で別途支給）
✔ 資格手当・家族手当・職種手当・通勤手当・役職手当・勤続手当
✔ 社会保険完備（健康保険・厚生年金・雇用保険・労災保険）
✔ 試用期間なし
✔ 初年度想定年収：340万円〜700万円
✔ 年収例：中途入社9年目／固定年額650万円＋賞与710万円＝1360万円
✔ 保養所完備・定期健康診断・人間ドック補助・スポーツクラブ利用補助・
　財形貯蓄制度・確定拠出年金（401K）・永年勤続表彰・社内厚生行事補助","✦・━━━━━━━━━━━━━━━・✦
＼まずは話を聞くところから／
選考は面接1回、最短1週間で内定
✦・━━━━━━━━━━━━━━━・✦

＝＝＝＝＝＝＝＝＝＝＝＝＝＝＝
【✧選考の流れ✧】

■ STEP 1　Web応募（所要1分）
氏名と連絡先など、簡単な入力だけで完了します。
応募段階での履歴書・職務経歴書は不要です。

■ STEP 2　カジュアル面談（オンライン／20〜30分）
「まずは話を聞いてみたい」でOKです。
私服・画面オフでのご参加も歓迎します。
面接ではなく相互理解の場ですので、
仕事内容や職場の雰囲気を気軽にお尋ねください。
平日夜間・早朝・土日の実施もご相談に応じます。

■ STEP 3　面接（対面またはWeb／1回のみ）
業務内容のご案内と、ご希望の働き方のお伺いをします。
ご希望の方にはオフィス見学や
現場スタッフとの対話の時間も設けます。

■ STEP 4　内定・条件面談
応募から内定まで最短1週間のスピード選考です。
入社日や勤務条件のご希望も調整いたします。

＝＝＝＝＝＝＝＝＝＝＝＝＝＝＝
【✧ご応募にあたって✧】

✔ 応募時に履歴書・職務経歴書は必要ありません
✔ 在職中の方も日程を調整できます
✔ 「話を聞いてみたい」だけのご応募も歓迎します

＝＝＝＝＝＝＝＝＝＝＝＝＝＝＝
【✧労働条件の明示✧】

■ 就業場所の変更の範囲
転勤はありません。本求人の勤務地での勤務となります。"
97,558,タマホーム株式会社,業界未経験OK◎選考はWeb面接1回だけの住宅営業♪,業界未経験OK｜住宅営業｜四日市市,"✦・━━━━━━━━━━━━━━━・✦
＼三重県四日市市で募集中／
モデルハウスから始める、注文住宅の営業。
未経験の業界でも、経験を活かして挑戦◎
✦・━━━━━━━━━━━━━━━・✦

「不動産は未経験だけど、営業や接客の経験はある」
そんな方が、住宅業界に活躍の場を広げています。

＝＝＝＝＝＝＝＝＝＝＝＝＝＝＝
【✧お仕事の内容✧】

■ 顧客アプローチ・ヒアリング
モデルハウスに来場されたお客様への
ヒアリングと注文住宅プランの提案・作成

■ 調査・提案・競合分析
敷地調査、ローン提案、競合比較を行い、
最適なプランをご提供

■ 進行管理
ご契約後の着工・上棟・完成・引き渡しまでの
進行管理

＝＝＝＝＝＝＝＝＝＝＝＝＝＝＝
【✨この仕事の魅力✨】

✅ インセンティブがしっかり反映
営業歩合があり、頑張りが給与に直結します。
賞与は年2回、昇給は年1回です。

✅ キャリアパスが明確
一般職→主任→係長→店長→支店長と、
おおむね2〜3年を目途に昇進していきます。
役職ごとに固定給も加算されます。

✅ 選考はスピーディー
Web面接1回（30分〜1時間程度）で
内定可能です。

＝＝＝＝＝＝＝＝＝＝＝＝＝＝＝
【✔働き方✔】

✔ 9:00〜18:00（実働8時間／休憩60分）
✔ シフト制（月8〜12日休み）
✔ 年間休日120日

まずはお気軽にご応募ください。

案件No：558","《✼ここで働く4つの特徴✼》

✅ ① 頑張りが給与に反映される
営業歩合とインセンティブ制度があり、
賞与は年2回、昇給は年1回です。
役職が上がるごとに固定給も加算されます。

✅ ② 明確なキャリアパス
一般職→主任→係長→店長→支店長。
おおむね2〜3年を目途に昇進します。
（年収例：主任3年目1,284万円／店長8年目2,083万円／支店長13年目2,369万円）

✅ ③ 業界未経験でも挑戦できる
必要なのは何らかの営業経験1年以上（業界問わず）、
または正社員での販売経験（目安1年）。
既卒・第二新卒も歓迎です。

✅ ④ 選考はWeb面接1回
30分〜1時間程度のWeb面接1回で内定可能です。
入社後は各種研修制度も整っています。

＝＝＝＝＝＝＝＝＝＝＝＝＝＝＝
《✼待遇もしっかり✼》

✔ 社会保険完備（健康保険・厚生年金・雇用保険・労災保険）
✔ 確定拠出年金・選択制確定給付企業年金制度
✔ 財形貯蓄制度・従業員持株会
✔ 住宅取得補助制度・住宅手当
✔ 交通費支給・出産祝金・資格取得祝金
✔ 年間休日120日（休暇制度：年末年始休暇・お盆休暇・有給休暇・
慶弔休暇・アニバーサリー休暇・リフレッシュ休暇など）","✦・━━━━━━━━━━━━━━━・✦
＼まずは話を聞くところから／
選考は面接1回、最短1週間で内定
✦・━━━━━━━━━━━━━━━・✦

＝＝＝＝＝＝＝＝＝＝＝＝＝＝＝
【✧選考の流れ✧】

■ STEP 1　Web応募（所要1分）
氏名と連絡先など、簡単な入力だけで完了します。
応募段階での履歴書・職務経歴書は不要です。

■ STEP 2　カジュアル面談（オンライン／20〜30分）
「まずは話を聞いてみたい」でOKです。
私服・画面オフでのご参加も歓迎します。
面接ではなく相互理解の場ですので、
仕事内容や職場の雰囲気を気軽にお尋ねください。
平日夜間・早朝・土日の実施もご相談に応じます。

■ STEP 3　面接（対面またはWeb／1回のみ）
業務内容のご案内と、ご希望の働き方のお伺いをします。
ご希望の方にはオフィス見学や
現場スタッフとの対話の時間も設けます。

■ STEP 4　内定・条件面談
応募から内定まで最短1週間のスピード選考です。
入社日や勤務条件のご希望も調整いたします。

＝＝＝＝＝＝＝＝＝＝＝＝＝＝＝
【✧ご応募にあたって✧】

✔ 応募時に履歴書・職務経歴書は必要ありません
✔ 在職中の方も日程を調整できます
✔ 「話を聞いてみたい」だけのご応募も歓迎します"
98,2055,タマホーム株式会社,業界未経験OK◎選考はWeb面接1回だけの住宅営業♪,業界未経験OK｜住宅営業｜津市,"✦・━━━━━━━━━━━━━━━・✦
＼三重県津市で募集中／
「営業経験を、住宅業界で活かす」
注文住宅の提案営業◎
✦・━━━━━━━━━━━━━━━・✦

法人でも個人でも、業界は問いません。
何らかの営業経験、または販売経験があれば
新しいフィールドに挑戦できます。

＝＝＝＝＝＝＝＝＝＝＝＝＝＝＝
【✨この仕事の魅力✨】

✅ キャリアパスが明確
一般職→主任→係長→店長→支店長。
おおむね2〜3年を目途に昇進し、
役職ごとに固定給も加算されます。

✅ インセンティブがしっかり反映
営業歩合があり、賞与は年2回、
昇給は年1回です。

✅ 選考はスピーディー
Web面接1回（30分〜1時間程度）で
内定可能です。

＝＝＝＝＝＝＝＝＝＝＝＝＝＝＝
【✧お仕事の内容✧】

■ 顧客アプローチ・ヒアリング
モデルハウスに来場されたお客様への
ヒアリングと注文住宅プランの提案・作成

■ 調査・提案・競合分析
敷地調査、ローン提案、競合比較を行い、
最適なプランをご提供

■ 進行管理
ご契約後の着工・上棟・完成・引き渡しまでの
進行管理

＝＝＝＝＝＝＝＝＝＝＝＝＝＝＝
【✔働き方✔】

✔ 9:00〜18:00（実働8時間／休憩60分）
✔ シフト制（月8〜12日休み）
✔ 年間休日120日

まずはお気軽にご応募ください。

案件No：2055","《✼ここで働く4つの特徴✼》

✅ ① 頑張りが給与に反映される
営業歩合とインセンティブ制度があり、
賞与は年2回、昇給は年1回です。
役職が上がるごとに固定給も加算されます。

✅ ② 明確なキャリアパス
一般職→主任→係長→店長→支店長。
おおむね2〜3年を目途に昇進します。
（年収例：主任3年目1,284万円／店長8年目2,083万円／支店長13年目2,369万円）

✅ ③ 業界未経験でも挑戦できる
必要なのは何らかの営業経験1年以上（業界問わず）、
または正社員での販売経験（目安1年）。
既卒・第二新卒も歓迎です。

✅ ④ 選考はWeb面接1回
30分〜1時間程度のWeb面接1回で内定可能です。
入社後は各種研修制度も整っています。

＝＝＝＝＝＝＝＝＝＝＝＝＝＝＝
《✼待遇もしっかり✼》

✔ 社会保険完備（健康保険・厚生年金・雇用保険・労災保険）
✔ 確定拠出年金・選択制確定給付企業年金制度
✔ 財形貯蓄制度・従業員持株会
✔ 住宅取得補助制度・住宅手当
✔ 交通費支給・出産祝金・資格取得祝金
✔ 年間休日120日（休暇制度：年末年始休暇・お盆休暇・有給休暇・
慶弔休暇・アニバーサリー休暇・リフレッシュ休暇など）","✦・━━━━━━━━━━━━━━━・✦
＼まずは話を聞くところから／
選考は面接1回、最短1週間で内定
✦・━━━━━━━━━━━━━━━・✦

＝＝＝＝＝＝＝＝＝＝＝＝＝＝＝
【✧選考の流れ✧】

■ STEP 1　Web応募（所要1分）
氏名と連絡先など、簡単な入力だけで完了します。
応募段階での履歴書・職務経歴書は不要です。

■ STEP 2　カジュアル面談（オンライン／20〜30分）
「まずは話を聞いてみたい」でOKです。
私服・画面オフでのご参加も歓迎します。
面接ではなく相互理解の場ですので、
仕事内容や職場の雰囲気を気軽にお尋ねください。
平日夜間・早朝・土日の実施もご相談に応じます。

■ STEP 3　面接（対面またはWeb／1回のみ）
業務内容のご案内と、ご希望の働き方のお伺いをします。
ご希望の方にはオフィス見学や
現場スタッフとの対話の時間も設けます。

■ STEP 4　内定・条件面談
応募から内定まで最短1週間のスピード選考です。
入社日や勤務条件のご希望も調整いたします。

＝＝＝＝＝＝＝＝＝＝＝＝＝＝＝
【✧ご応募にあたって✧】

✔ 応募時に履歴書・職務経歴書は必要ありません
✔ 在職中の方も日程を調整できます
✔ 「話を聞いてみたい」だけのご応募も歓迎します"
99,559,タマホーム株式会社,業界未経験OK◎選考はWeb面接1回だけの住宅営業♪,業界未経験OK｜住宅営業｜北九州市八幡西区,"✦・━━━━━━━━━━━━━━━・✦
＼福岡県北九州市八幡西区で募集中／
モデルハウスでの接客から始める
注文住宅の営業職
✦・━━━━━━━━━━━━━━━・✦

「不動産は未経験だけど、人と話すのは得意」
そんな営業・販売経験を活かせる仕事です。

＝＝＝＝＝＝＝＝＝＝＝＝＝＝＝
【✧お仕事の内容✧】

■ 顧客アプローチ・ヒアリング
モデルハウスに来場されたお客様への
ヒアリングと注文住宅プランの提案・作成

■ 調査・提案・競合分析
敷地調査、ローン提案、競合比較を行い、
最適なプランをご提供

■ 進行管理
ご契約後の着工・上棟・完成・引き渡しまでの
進行管理

＝＝＝＝＝＝＝＝＝＝＝＝＝＝＝
【✨働きやすいポイント✨】

✔ 年間休日120日
✔ シフト制（月8〜12日休み）
✔ 9:00〜18:00（実働8時間／休憩60分）
✔ 社会保険完備・住宅手当・資格取得祝金あり

＝＝＝＝＝＝＝＝＝＝＝＝＝＝＝
【✨ここが強み✨】

✅ 賞与年2回・昇給年1回
✅ 営業歩合でインセンティブ還元
✅ 一般職→主任→係長→店長→支店長の
　昇進ルートが明確

まずはお気軽にご応募ください。

案件No：559","《✼ここで働く4つの特徴✼》

✅ ① 頑張りが給与に反映される
営業歩合とインセンティブ制度があり、
賞与は年2回、昇給は年1回です。
役職が上がるごとに固定給も加算されます。

✅ ② 明確なキャリアパス
一般職→主任→係長→店長→支店長。
おおむね2〜3年を目途に昇進します。
（年収例：主任3年目1,284万円／店長8年目2,083万円／支店長13年目2,369万円）

✅ ③ 業界未経験でも挑戦できる
必要なのは何らかの営業経験1年以上（業界問わず）、
または正社員での販売経験（目安1年）。
既卒・第二新卒も歓迎です。

✅ ④ 選考はWeb面接1回
30分〜1時間程度のWeb面接1回で内定可能です。
入社後は各種研修制度も整っています。

＝＝＝＝＝＝＝＝＝＝＝＝＝＝＝
《✼待遇もしっかり✼》

✔ 社会保険完備（健康保険・厚生年金・雇用保険・労災保険）
✔ 確定拠出年金・選択制確定給付企業年金制度
✔ 財形貯蓄制度・従業員持株会
✔ 住宅取得補助制度・住宅手当
✔ 交通費支給・出産祝金・資格取得祝金
✔ 年間休日120日（休暇制度：年末年始休暇・お盆休暇・有給休暇・
慶弔休暇・アニバーサリー休暇・リフレッシュ休暇など）","✦・━━━━━━━━━━━━━━━・✦
＼まずは話を聞くところから／
選考は面接1回、最短1週間で内定
✦・━━━━━━━━━━━━━━━・✦

＝＝＝＝＝＝＝＝＝＝＝＝＝＝＝
【✧選考の流れ✧】

■ STEP 1　Web応募（所要1分）
氏名と連絡先など、簡単な入力だけで完了します。
応募段階での履歴書・職務経歴書は不要です。

■ STEP 2　カジュアル面談（オンライン／20〜30分）
「まずは話を聞いてみたい」でOKです。
私服・画面オフでのご参加も歓迎します。
面接ではなく相互理解の場ですので、
仕事内容や職場の雰囲気を気軽にお尋ねください。
平日夜間・早朝・土日の実施もご相談に応じます。

■ STEP 3　面接（対面またはWeb／1回のみ）
業務内容のご案内と、ご希望の働き方のお伺いをします。
ご希望の方にはオフィス見学や
現場スタッフとの対話の時間も設けます。

■ STEP 4　内定・条件面談
応募から内定まで最短1週間のスピード選考です。
入社日や勤務条件のご希望も調整いたします。

＝＝＝＝＝＝＝＝＝＝＝＝＝＝＝
【✧ご応募にあたって✧】

✔ 応募時に履歴書・職務経歴書は必要ありません
✔ 在職中の方も日程を調整できます
✔ 「話を聞いてみたい」だけのご応募も歓迎します"
100,1251,タマホーム株式会社,業界未経験OK◎選考はWeb面接1回だけの住宅営業♪,業界未経験OK｜住宅営業｜北九州市小倉南区,"✦・━━━━━━━━━━━━━━━・✦
＼福岡県北九州市小倉南区で募集中／
モデルハウスから始める、注文住宅の営業。
未経験の業界でも、経験を活かして挑戦◎
✦・━━━━━━━━━━━━━━━・✦

「不動産は未経験だけど、営業や接客の経験はある」
そんな方が、住宅業界に活躍の場を広げています。

＝＝＝＝＝＝＝＝＝＝＝＝＝＝＝
【✧お仕事の内容✧】

■ 顧客アプローチ・ヒアリング
モデルハウスに来場されたお客様への
ヒアリングと注文住宅プランの提案・作成

■ 調査・提案・競合分析
敷地調査、ローン提案、競合比較を行い、
最適なプランをご提供

■ 進行管理
ご契約後の着工・上棟・完成・引き渡しまでの
進行管理

＝＝＝＝＝＝＝＝＝＝＝＝＝＝＝
【✨この仕事の魅力✨】

✅ インセンティブがしっかり反映
営業歩合があり、頑張りが給与に直結します。
賞与は年2回、昇給は年1回です。

✅ キャリアパスが明確
一般職→主任→係長→店長→支店長と、
おおむね2〜3年を目途に昇進していきます。
役職ごとに固定給も加算されます。

✅ 選考はスピーディー
Web面接1回（30分〜1時間程度）で
内定可能です。

＝＝＝＝＝＝＝＝＝＝＝＝＝＝＝
【✔働き方✔】

✔ 9:00〜18:00（実働8時間／休憩60分）
✔ シフト制（月8〜12日休み）
✔ 年間休日120日

まずはお気軽にご応募ください。

案件No：1251","《✼ここで働く4つの特徴✼》

✅ ① 頑張りが給与に反映される
営業歩合とインセンティブ制度があり、
賞与は年2回、昇給は年1回です。
役職が上がるごとに固定給も加算されます。

✅ ② 明確なキャリアパス
一般職→主任→係長→店長→支店長。
おおむね2〜3年を目途に昇進します。
（年収例：主任3年目1,284万円／店長8年目2,083万円／支店長13年目2,369万円）

✅ ③ 業界未経験でも挑戦できる
必要なのは何らかの営業経験1年以上（業界問わず）、
または正社員での販売経験（目安1年）。
既卒・第二新卒も歓迎です。

✅ ④ 選考はWeb面接1回
30分〜1時間程度のWeb面接1回で内定可能です。
入社後は各種研修制度も整っています。

＝＝＝＝＝＝＝＝＝＝＝＝＝＝＝
《✼待遇もしっかり✼》

✔ 社会保険完備（健康保険・厚生年金・雇用保険・労災保険）
✔ 確定拠出年金・選択制確定給付企業年金制度
✔ 財形貯蓄制度・従業員持株会
✔ 住宅取得補助制度・住宅手当
✔ 交通費支給・出産祝金・資格取得祝金
✔ 年間休日120日（休暇制度：年末年始休暇・お盆休暇・有給休暇・
慶弔休暇・アニバーサリー休暇・リフレッシュ休暇など）","✦・━━━━━━━━━━━━━━━・✦
＼まずは話を聞くところから／
選考は面接1回、最短1週間で内定
✦・━━━━━━━━━━━━━━━・✦

＝＝＝＝＝＝＝＝＝＝＝＝＝＝＝
【✧選考の流れ✧】

■ STEP 1　Web応募（所要1分）
氏名と連絡先など、簡単な入力だけで完了します。
応募段階での履歴書・職務経歴書は不要です。

■ STEP 2　カジュアル面談（オンライン／20〜30分）
「まずは話を聞いてみたい」でOKです。
私服・画面オフでのご参加も歓迎します。
面接ではなく相互理解の場ですので、
仕事内容や職場の雰囲気を気軽にお尋ねください。
平日夜間・早朝・土日の実施もご相談に応じます。

■ STEP 3　面接（対面またはWeb／1回のみ）
業務内容のご案内と、ご希望の働き方のお伺いをします。
ご希望の方にはオフィス見学や
現場スタッフとの対話の時間も設けます。

■ STEP 4　内定・条件面談
応募から内定まで最短1週間のスピード選考です。
入社日や勤務条件のご希望も調整いたします。

＝＝＝＝＝＝＝＝＝＝＝＝＝＝＝
【✧ご応募にあたって✧】

✔ 応募時に履歴書・職務経歴書は必要ありません
✔ 在職中の方も日程を調整できます
✔ 「話を聞いてみたい」だけのご応募も歓迎します"
101,21,タマホーム株式会社,業界未経験OK◎選考はWeb面接1回だけの住宅営業♪,業界未経験OK｜住宅営業｜福岡市西区,"✦・━━━━━━━━━━━━━━━・✦
＼福岡県福岡市西区で募集中／
「営業経験を、住宅業界で活かす」
注文住宅の提案営業◎
✦・━━━━━━━━━━━━━━━・✦

法人でも個人でも、業界は問いません。
何らかの営業経験、または販売経験があれば
新しいフィールドに挑戦できます。

＝＝＝＝＝＝＝＝＝＝＝＝＝＝＝
【✨この仕事の魅力✨】

✅ キャリアパスが明確
一般職→主任→係長→店長→支店長。
おおむね2〜3年を目途に昇進し、
役職ごとに固定給も加算されます。

✅ インセンティブがしっかり反映
営業歩合があり、賞与は年2回、
昇給は年1回です。

✅ 選考はスピーディー
Web面接1回（30分〜1時間程度）で
内定可能です。

＝＝＝＝＝＝＝＝＝＝＝＝＝＝＝
【✧お仕事の内容✧】

■ 顧客アプローチ・ヒアリング
モデルハウスに来場されたお客様への
ヒアリングと注文住宅プランの提案・作成

■ 調査・提案・競合分析
敷地調査、ローン提案、競合比較を行い、
最適なプランをご提供

■ 進行管理
ご契約後の着工・上棟・完成・引き渡しまでの
進行管理

＝＝＝＝＝＝＝＝＝＝＝＝＝＝＝
【✔働き方✔】

✔ 9:00〜18:00（実働8時間／休憩60分）
✔ シフト制（月8〜12日休み）
✔ 年間休日120日

まずはお気軽にご応募ください。

案件No：21","《✼ここで働く4つの特徴✼》

✅ ① 頑張りが給与に反映される
営業歩合とインセンティブ制度があり、
賞与は年2回、昇給は年1回です。
役職が上がるごとに固定給も加算されます。

✅ ② 明確なキャリアパス
一般職→主任→係長→店長→支店長。
おおむね2〜3年を目途に昇進します。
（年収例：主任3年目1,284万円／店長8年目2,083万円／支店長13年目2,369万円）

✅ ③ 業界未経験でも挑戦できる
必要なのは何らかの営業経験1年以上（業界問わず）、
または正社員での販売経験（目安1年）。
既卒・第二新卒も歓迎です。

✅ ④ 選考はWeb面接1回
30分〜1時間程度のWeb面接1回で内定可能です。
入社後は各種研修制度も整っています。

＝＝＝＝＝＝＝＝＝＝＝＝＝＝＝
《✼待遇もしっかり✼》

✔ 社会保険完備（健康保険・厚生年金・雇用保険・労災保険）
✔ 確定拠出年金・選択制確定給付企業年金制度
✔ 財形貯蓄制度・従業員持株会
✔ 住宅取得補助制度・住宅手当
✔ 交通費支給・出産祝金・資格取得祝金
✔ 年間休日120日（休暇制度：年末年始休暇・お盆休暇・有給休暇・
慶弔休暇・アニバーサリー休暇・リフレッシュ休暇など）","✦・━━━━━━━━━━━━━━━・✦
＼まずは話を聞くところから／
選考は面接1回、最短1週間で内定
✦・━━━━━━━━━━━━━━━・✦

＝＝＝＝＝＝＝＝＝＝＝＝＝＝＝
【✧選考の流れ✧】

■ STEP 1　Web応募（所要1分）
氏名と連絡先など、簡単な入力だけで完了します。
応募段階での履歴書・職務経歴書は不要です。

■ STEP 2　カジュアル面談（オンライン／20〜30分）
「まずは話を聞いてみたい」でOKです。
私服・画面オフでのご参加も歓迎します。
面接ではなく相互理解の場ですので、
仕事内容や職場の雰囲気を気軽にお尋ねください。
平日夜間・早朝・土日の実施もご相談に応じます。

■ STEP 3　面接（対面またはWeb／1回のみ）
業務内容のご案内と、ご希望の働き方のお伺いをします。
ご希望の方にはオフィス見学や
現場スタッフとの対話の時間も設けます。

■ STEP 4　内定・条件面談
応募から内定まで最短1週間のスピード選考です。
入社日や勤務条件のご希望も調整いたします。

＝＝＝＝＝＝＝＝＝＝＝＝＝＝＝
【✧ご応募にあたって✧】

✔ 応募時に履歴書・職務経歴書は必要ありません
✔ 在職中の方も日程を調整できます
✔ 「話を聞いてみたい」だけのご応募も歓迎します"
102,1964,タマホーム株式会社,業界未経験OK◎選考はWeb面接1回だけの住宅営業♪,業界未経験OK｜住宅営業｜広島市安佐南区,"✦・━━━━━━━━━━━━━━━・✦
＼広島県広島市安佐南区で募集中／
モデルハウスでの接客から始める
注文住宅の営業職
✦・━━━━━━━━━━━━━━━・✦

「不動産は未経験だけど、人と話すのは得意」
そんな営業・販売経験を活かせる仕事です。

＝＝＝＝＝＝＝＝＝＝＝＝＝＝＝
【✧お仕事の内容✧】

■ 顧客アプローチ・ヒアリング
モデルハウスに来場されたお客様への
ヒアリングと注文住宅プランの提案・作成

■ 調査・提案・競合分析
敷地調査、ローン提案、競合比較を行い、
最適なプランをご提供

■ 進行管理
ご契約後の着工・上棟・完成・引き渡しまでの
進行管理

＝＝＝＝＝＝＝＝＝＝＝＝＝＝＝
【✨働きやすいポイント✨】

✔ 年間休日120日
✔ シフト制（月8〜12日休み）
✔ 9:00〜18:00（実働8時間／休憩60分）
✔ 社会保険完備・住宅手当・資格取得祝金あり

＝＝＝＝＝＝＝＝＝＝＝＝＝＝＝
【✨ここが強み✨】

✅ 賞与年2回・昇給年1回
✅ 営業歩合でインセンティブ還元
✅ 一般職→主任→係長→店長→支店長の
　昇進ルートが明確

まずはお気軽にご応募ください。

案件No：1964","《✼ここで働く4つの特徴✼》

✅ ① 頑張りが給与に反映される
営業歩合とインセンティブ制度があり、
賞与は年2回、昇給は年1回です。
役職が上がるごとに固定給も加算されます。

✅ ② 明確なキャリアパス
一般職→主任→係長→店長→支店長。
おおむね2〜3年を目途に昇進します。
（年収例：主任3年目1,284万円／店長8年目2,083万円／支店長13年目2,369万円）

✅ ③ 業界未経験でも挑戦できる
必要なのは何らかの営業経験1年以上（業界問わず）、
または正社員での販売経験（目安1年）。
既卒・第二新卒も歓迎です。

✅ ④ 選考はWeb面接1回
30分〜1時間程度のWeb面接1回で内定可能です。
入社後は各種研修制度も整っています。

＝＝＝＝＝＝＝＝＝＝＝＝＝＝＝
《✼待遇もしっかり✼》

✔ 社会保険完備（健康保険・厚生年金・雇用保険・労災保険）
✔ 確定拠出年金・選択制確定給付企業年金制度
✔ 財形貯蓄制度・従業員持株会
✔ 住宅取得補助制度・住宅手当
✔ 交通費支給・出産祝金・資格取得祝金
✔ 年間休日120日（休暇制度：年末年始休暇・お盆休暇・有給休暇・
慶弔休暇・アニバーサリー休暇・リフレッシュ休暇など）","✦・━━━━━━━━━━━━━━━・✦
＼まずは話を聞くところから／
選考は面接1回、最短1週間で内定
✦・━━━━━━━━━━━━━━━・✦

＝＝＝＝＝＝＝＝＝＝＝＝＝＝＝
【✧選考の流れ✧】

■ STEP 1　Web応募（所要1分）
氏名と連絡先など、簡単な入力だけで完了します。
応募段階での履歴書・職務経歴書は不要です。

■ STEP 2　カジュアル面談（オンライン／20〜30分）
「まずは話を聞いてみたい」でOKです。
私服・画面オフでのご参加も歓迎します。
面接ではなく相互理解の場ですので、
仕事内容や職場の雰囲気を気軽にお尋ねください。
平日夜間・早朝・土日の実施もご相談に応じます。

■ STEP 3　面接（対面またはWeb／1回のみ）
業務内容のご案内と、ご希望の働き方のお伺いをします。
ご希望の方にはオフィス見学や
現場スタッフとの対話の時間も設けます。

■ STEP 4　内定・条件面談
応募から内定まで最短1週間のスピード選考です。
入社日や勤務条件のご希望も調整いたします。

＝＝＝＝＝＝＝＝＝＝＝＝＝＝＝
【✧ご応募にあたって✧】

✔ 応募時に履歴書・職務経歴書は必要ありません
✔ 在職中の方も日程を調整できます
✔ 「話を聞いてみたい」だけのご応募も歓迎します"
103,351,タマホーム株式会社,業界未経験OK◎選考はWeb面接1回だけの住宅営業♪,業界未経験OK｜住宅営業｜広島市西区,"✦・━━━━━━━━━━━━━━━・✦
＼広島県広島市西区で募集中／
モデルハウスから始める、注文住宅の営業。
未経験の業界でも、経験を活かして挑戦◎
✦・━━━━━━━━━━━━━━━・✦

「不動産は未経験だけど、営業や接客の経験はある」
そんな方が、住宅業界に活躍の場を広げています。

＝＝＝＝＝＝＝＝＝＝＝＝＝＝＝
【✧お仕事の内容✧】

■ 顧客アプローチ・ヒアリング
モデルハウスに来場されたお客様への
ヒアリングと注文住宅プランの提案・作成

■ 調査・提案・競合分析
敷地調査、ローン提案、競合比較を行い、
最適なプランをご提供

■ 進行管理
ご契約後の着工・上棟・完成・引き渡しまでの
進行管理

＝＝＝＝＝＝＝＝＝＝＝＝＝＝＝
【✨この仕事の魅力✨】

✅ インセンティブがしっかり反映
営業歩合があり、頑張りが給与に直結します。
賞与は年2回、昇給は年1回です。

✅ キャリアパスが明確
一般職→主任→係長→店長→支店長と、
おおむね2〜3年を目途に昇進していきます。
役職ごとに固定給も加算されます。

✅ 選考はスピーディー
Web面接1回（30分〜1時間程度）で
内定可能です。

＝＝＝＝＝＝＝＝＝＝＝＝＝＝＝
【✔働き方✔】

✔ 9:00〜18:00（実働8時間／休憩60分）
✔ シフト制（月8〜12日休み）
✔ 年間休日120日

まずはお気軽にご応募ください。

案件No：351","《✼ここで働く4つの特徴✼》

✅ ① 頑張りが給与に反映される
営業歩合とインセンティブ制度があり、
賞与は年2回、昇給は年1回です。
役職が上がるごとに固定給も加算されます。

✅ ② 明確なキャリアパス
一般職→主任→係長→店長→支店長。
おおむね2〜3年を目途に昇進します。
（年収例：主任3年目1,284万円／店長8年目2,083万円／支店長13年目2,369万円）

✅ ③ 業界未経験でも挑戦できる
必要なのは何らかの営業経験1年以上（業界問わず）、
または正社員での販売経験（目安1年）。
既卒・第二新卒も歓迎です。

✅ ④ 選考はWeb面接1回
30分〜1時間程度のWeb面接1回で内定可能です。
入社後は各種研修制度も整っています。

＝＝＝＝＝＝＝＝＝＝＝＝＝＝＝
《✼待遇もしっかり✼》

✔ 社会保険完備（健康保険・厚生年金・雇用保険・労災保険）
✔ 確定拠出年金・選択制確定給付企業年金制度
✔ 財形貯蓄制度・従業員持株会
✔ 住宅取得補助制度・住宅手当
✔ 交通費支給・出産祝金・資格取得祝金
✔ 年間休日120日（休暇制度：年末年始休暇・お盆休暇・有給休暇・
慶弔休暇・アニバーサリー休暇・リフレッシュ休暇など）","✦・━━━━━━━━━━━━━━━・✦
＼まずは話を聞くところから／
選考は面接1回、最短1週間で内定
✦・━━━━━━━━━━━━━━━・✦

＝＝＝＝＝＝＝＝＝＝＝＝＝＝＝
【✧選考の流れ✧】

■ STEP 1　Web応募（所要1分）
氏名と連絡先など、簡単な入力だけで完了します。
応募段階での履歴書・職務経歴書は不要です。

■ STEP 2　カジュアル面談（オンライン／20〜30分）
「まずは話を聞いてみたい」でOKです。
私服・画面オフでのご参加も歓迎します。
面接ではなく相互理解の場ですので、
仕事内容や職場の雰囲気を気軽にお尋ねください。
平日夜間・早朝・土日の実施もご相談に応じます。

■ STEP 3　面接（対面またはWeb／1回のみ）
業務内容のご案内と、ご希望の働き方のお伺いをします。
ご希望の方にはオフィス見学や
現場スタッフとの対話の時間も設けます。

■ STEP 4　内定・条件面談
応募から内定まで最短1週間のスピード選考です。
入社日や勤務条件のご希望も調整いたします。

＝＝＝＝＝＝＝＝＝＝＝＝＝＝＝
【✧ご応募にあたって✧】

✔ 応募時に履歴書・職務経歴書は必要ありません
✔ 在職中の方も日程を調整できます
✔ 「話を聞いてみたい」だけのご応募も歓迎します"
104,2730,タマホーム株式会社,業界未経験OK◎選考はWeb面接1回だけの住宅営業♪,業界未経験OK｜住宅営業｜岡山市中区,"✦・━━━━━━━━━━━━━━━・✦
＼岡山県岡山市中区で募集中／
「営業経験を、住宅業界で活かす」
注文住宅の提案営業◎
✦・━━━━━━━━━━━━━━━・✦

法人でも個人でも、業界は問いません。
何らかの営業経験、または販売経験があれば
新しいフィールドに挑戦できます。

＝＝＝＝＝＝＝＝＝＝＝＝＝＝＝
【✨この仕事の魅力✨】

✅ キャリアパスが明確
一般職→主任→係長→店長→支店長。
おおむね2〜3年を目途に昇進し、
役職ごとに固定給も加算されます。

✅ インセンティブがしっかり反映
営業歩合があり、賞与は年2回、
昇給は年1回です。

✅ 選考はスピーディー
Web面接1回（30分〜1時間程度）で
内定可能です。

＝＝＝＝＝＝＝＝＝＝＝＝＝＝＝
【✧お仕事の内容✧】

■ 顧客アプローチ・ヒアリング
モデルハウスに来場されたお客様への
ヒアリングと注文住宅プランの提案・作成

■ 調査・提案・競合分析
敷地調査、ローン提案、競合比較を行い、
最適なプランをご提供

■ 進行管理
ご契約後の着工・上棟・完成・引き渡しまでの
進行管理

＝＝＝＝＝＝＝＝＝＝＝＝＝＝＝
【✔働き方✔】

✔ 9:00〜18:00（実働8時間／休憩60分）
✔ シフト制（月8〜12日休み）
✔ 年間休日120日

まずはお気軽にご応募ください。

案件No：2730","《✼ここで働く4つの特徴✼》

✅ ① 頑張りが給与に反映される
営業歩合とインセンティブ制度があり、
賞与は年2回、昇給は年1回です。
役職が上がるごとに固定給も加算されます。

✅ ② 明確なキャリアパス
一般職→主任→係長→店長→支店長。
おおむね2〜3年を目途に昇進します。
（年収例：主任3年目1,284万円／店長8年目2,083万円／支店長13年目2,369万円）

✅ ③ 業界未経験でも挑戦できる
必要なのは何らかの営業経験1年以上（業界問わず）、
または正社員での販売経験（目安1年）。
既卒・第二新卒も歓迎です。

✅ ④ 選考はWeb面接1回
30分〜1時間程度のWeb面接1回で内定可能です。
入社後は各種研修制度も整っています。

＝＝＝＝＝＝＝＝＝＝＝＝＝＝＝
《✼待遇もしっかり✼》

✔ 社会保険完備（健康保険・厚生年金・雇用保険・労災保険）
✔ 確定拠出年金・選択制確定給付企業年金制度
✔ 財形貯蓄制度・従業員持株会
✔ 住宅取得補助制度・住宅手当
✔ 交通費支給・出産祝金・資格取得祝金
✔ 年間休日120日（休暇制度：年末年始休暇・お盆休暇・有給休暇・
慶弔休暇・アニバーサリー休暇・リフレッシュ休暇など）","✦・━━━━━━━━━━━━━━━・✦
＼まずは話を聞くところから／
選考は面接1回、最短1週間で内定
✦・━━━━━━━━━━━━━━━・✦

＝＝＝＝＝＝＝＝＝＝＝＝＝＝＝
【✧選考の流れ✧】

■ STEP 1　Web応募（所要1分）
氏名と連絡先など、簡単な入力だけで完了します。
応募段階での履歴書・職務経歴書は不要です。

■ STEP 2　カジュアル面談（オンライン／20〜30分）
「まずは話を聞いてみたい」でOKです。
私服・画面オフでのご参加も歓迎します。
面接ではなく相互理解の場ですので、
仕事内容や職場の雰囲気を気軽にお尋ねください。
平日夜間・早朝・土日の実施もご相談に応じます。

■ STEP 3　面接（対面またはWeb／1回のみ）
業務内容のご案内と、ご希望の働き方のお伺いをします。
ご希望の方にはオフィス見学や
現場スタッフとの対話の時間も設けます。

■ STEP 4　内定・条件面談
応募から内定まで最短1週間のスピード選考です。
入社日や勤務条件のご希望も調整いたします。

＝＝＝＝＝＝＝＝＝＝＝＝＝＝＝
【✧ご応募にあたって✧】

✔ 応募時に履歴書・職務経歴書は必要ありません
✔ 在職中の方も日程を調整できます
✔ 「話を聞いてみたい」だけのご応募も歓迎します"
105,53,タマホーム株式会社,業界未経験OK◎選考はWeb面接1回だけの住宅営業♪,業界未経験OK｜住宅営業｜岡山市北区,"✦・━━━━━━━━━━━━━━━・✦
＼岡山県岡山市北区で募集中／
モデルハウスでの接客から始める
注文住宅の営業職
✦・━━━━━━━━━━━━━━━・✦

「不動産は未経験だけど、人と話すのは得意」
そんな営業・販売経験を活かせる仕事です。

＝＝＝＝＝＝＝＝＝＝＝＝＝＝＝
【✧お仕事の内容✧】

■ 顧客アプローチ・ヒアリング
モデルハウスに来場されたお客様への
ヒアリングと注文住宅プランの提案・作成

■ 調査・提案・競合分析
敷地調査、ローン提案、競合比較を行い、
最適なプランをご提供

■ 進行管理
ご契約後の着工・上棟・完成・引き渡しまでの
進行管理

＝＝＝＝＝＝＝＝＝＝＝＝＝＝＝
【✨働きやすいポイント✨】

✔ 年間休日120日
✔ シフト制（月8〜12日休み）
✔ 9:00〜18:00（実働8時間／休憩60分）
✔ 社会保険完備・住宅手当・資格取得祝金あり

＝＝＝＝＝＝＝＝＝＝＝＝＝＝＝
【✨ここが強み✨】

✅ 賞与年2回・昇給年1回
✅ 営業歩合でインセンティブ還元
✅ 一般職→主任→係長→店長→支店長の
　昇進ルートが明確

まずはお気軽にご応募ください。

案件No：53","《✼ここで働く4つの特徴✼》

✅ ① 頑張りが給与に反映される
営業歩合とインセンティブ制度があり、
賞与は年2回、昇給は年1回です。
役職が上がるごとに固定給も加算されます。

✅ ② 明確なキャリアパス
一般職→主任→係長→店長→支店長。
おおむね2〜3年を目途に昇進します。
（年収例：主任3年目1,284万円／店長8年目2,083万円／支店長13年目2,369万円）

✅ ③ 業界未経験でも挑戦できる
必要なのは何らかの営業経験1年以上（業界問わず）、
または正社員での販売経験（目安1年）。
既卒・第二新卒も歓迎です。

✅ ④ 選考はWeb面接1回
30分〜1時間程度のWeb面接1回で内定可能です。
入社後は各種研修制度も整っています。

＝＝＝＝＝＝＝＝＝＝＝＝＝＝＝
《✼待遇もしっかり✼》

✔ 社会保険完備（健康保険・厚生年金・雇用保険・労災保険）
✔ 確定拠出年金・選択制確定給付企業年金制度
✔ 財形貯蓄制度・従業員持株会
✔ 住宅取得補助制度・住宅手当
✔ 交通費支給・出産祝金・資格取得祝金
✔ 年間休日120日（休暇制度：年末年始休暇・お盆休暇・有給休暇・
慶弔休暇・アニバーサリー休暇・リフレッシュ休暇など）","✦・━━━━━━━━━━━━━━━・✦
＼まずは話を聞くところから／
選考は面接1回、最短1週間で内定
✦・━━━━━━━━━━━━━━━・✦

＝＝＝＝＝＝＝＝＝＝＝＝＝＝＝
【✧選考の流れ✧】

■ STEP 1　Web応募（所要1分）
氏名と連絡先など、簡単な入力だけで完了します。
応募段階での履歴書・職務経歴書は不要です。

■ STEP 2　カジュアル面談（オンライン／20〜30分）
「まずは話を聞いてみたい」でOKです。
私服・画面オフでのご参加も歓迎します。
面接ではなく相互理解の場ですので、
仕事内容や職場の雰囲気を気軽にお尋ねください。
平日夜間・早朝・土日の実施もご相談に応じます。

■ STEP 3　面接（対面またはWeb／1回のみ）
業務内容のご案内と、ご希望の働き方のお伺いをします。
ご希望の方にはオフィス見学や
現場スタッフとの対話の時間も設けます。

■ STEP 4　内定・条件面談
応募から内定まで最短1週間のスピード選考です。
入社日や勤務条件のご希望も調整いたします。

＝＝＝＝＝＝＝＝＝＝＝＝＝＝＝
【✧ご応募にあたって✧】

✔ 応募時に履歴書・職務経歴書は必要ありません
✔ 在職中の方も日程を調整できます
✔ 「話を聞いてみたい」だけのご応募も歓迎します"
106,2310,タマホーム株式会社,業界未経験OK◎選考はWeb面接1回だけの住宅営業♪,業界未経験OK｜住宅営業｜生駒郡斑鳩町,"✦・━━━━━━━━━━━━━━━・✦
＼奈良県生駒郡斑鳩町で募集中／
モデルハウスから始める、注文住宅の営業。
未経験の業界でも、経験を活かして挑戦◎
✦・━━━━━━━━━━━━━━━・✦

「不動産は未経験だけど、営業や接客の経験はある」
そんな方が、住宅業界に活躍の場を広げています。

＝＝＝＝＝＝＝＝＝＝＝＝＝＝＝
【✧お仕事の内容✧】

■ 顧客アプローチ・ヒアリング
モデルハウスに来場されたお客様への
ヒアリングと注文住宅プランの提案・作成

■ 調査・提案・競合分析
敷地調査、ローン提案、競合比較を行い、
最適なプランをご提供

■ 進行管理
ご契約後の着工・上棟・完成・引き渡しまでの
進行管理

＝＝＝＝＝＝＝＝＝＝＝＝＝＝＝
【✨この仕事の魅力✨】

✅ インセンティブがしっかり反映
営業歩合があり、頑張りが給与に直結します。
賞与は年2回、昇給は年1回です。

✅ キャリアパスが明確
一般職→主任→係長→店長→支店長と、
おおむね2〜3年を目途に昇進していきます。
役職ごとに固定給も加算されます。

✅ 選考はスピーディー
Web面接1回（30分〜1時間程度）で
内定可能です。

＝＝＝＝＝＝＝＝＝＝＝＝＝＝＝
【✔働き方✔】

✔ 9:00〜18:00（実働8時間／休憩60分）
✔ シフト制（月8〜12日休み）
✔ 年間休日120日

まずはお気軽にご応募ください。

案件No：2310","《✼ここで働く4つの特徴✼》

✅ ① 頑張りが給与に反映される
営業歩合とインセンティブ制度があり、
賞与は年2回、昇給は年1回です。
役職が上がるごとに固定給も加算されます。

✅ ② 明確なキャリアパス
一般職→主任→係長→店長→支店長。
おおむね2〜3年を目途に昇進します。
（年収例：主任3年目1,284万円／店長8年目2,083万円／支店長13年目2,369万円）

✅ ③ 業界未経験でも挑戦できる
必要なのは何らかの営業経験1年以上（業界問わず）、
または正社員での販売経験（目安1年）。
既卒・第二新卒も歓迎です。

✅ ④ 選考はWeb面接1回
30分〜1時間程度のWeb面接1回で内定可能です。
入社後は各種研修制度も整っています。

＝＝＝＝＝＝＝＝＝＝＝＝＝＝＝
《✼待遇もしっかり✼》

✔ 社会保険完備（健康保険・厚生年金・雇用保険・労災保険）
✔ 確定拠出年金・選択制確定給付企業年金制度
✔ 財形貯蓄制度・従業員持株会
✔ 住宅取得補助制度・住宅手当
✔ 交通費支給・出産祝金・資格取得祝金
✔ 年間休日120日（休暇制度：年末年始休暇・お盆休暇・有給休暇・
慶弔休暇・アニバーサリー休暇・リフレッシュ休暇など）","✦・━━━━━━━━━━━━━━━・✦
＼まずは話を聞くところから／
選考は面接1回、最短1週間で内定
✦・━━━━━━━━━━━━━━━・✦

＝＝＝＝＝＝＝＝＝＝＝＝＝＝＝
【✧選考の流れ✧】

■ STEP 1　Web応募（所要1分）
氏名と連絡先など、簡単な入力だけで完了します。
応募段階での履歴書・職務経歴書は不要です。

■ STEP 2　カジュアル面談（オンライン／20〜30分）
「まずは話を聞いてみたい」でOKです。
私服・画面オフでのご参加も歓迎します。
面接ではなく相互理解の場ですので、
仕事内容や職場の雰囲気を気軽にお尋ねください。
平日夜間・早朝・土日の実施もご相談に応じます。

■ STEP 3　面接（対面またはWeb／1回のみ）
業務内容のご案内と、ご希望の働き方のお伺いをします。
ご希望の方にはオフィス見学や
現場スタッフとの対話の時間も設けます。

■ STEP 4　内定・条件面談
応募から内定まで最短1週間のスピード選考です。
入社日や勤務条件のご希望も調整いたします。

＝＝＝＝＝＝＝＝＝＝＝＝＝＝＝
【✧ご応募にあたって✧】

✔ 応募時に履歴書・職務経歴書は必要ありません
✔ 在職中の方も日程を調整できます
✔ 「話を聞いてみたい」だけのご応募も歓迎します"
107,2776,タマホーム株式会社,業界未経験OK◎選考はWeb面接1回だけの住宅営業♪,業界未経験OK｜住宅営業｜奈良市,"✦・━━━━━━━━━━━━━━━・✦
＼奈良県奈良市で募集中／
「営業経験を、住宅業界で活かす」
注文住宅の提案営業◎
✦・━━━━━━━━━━━━━━━・✦

法人でも個人でも、業界は問いません。
何らかの営業経験、または販売経験があれば
新しいフィールドに挑戦できます。

＝＝＝＝＝＝＝＝＝＝＝＝＝＝＝
【✨この仕事の魅力✨】

✅ キャリアパスが明確
一般職→主任→係長→店長→支店長。
おおむね2〜3年を目途に昇進し、
役職ごとに固定給も加算されます。

✅ インセンティブがしっかり反映
営業歩合があり、賞与は年2回、
昇給は年1回です。

✅ 選考はスピーディー
Web面接1回（30分〜1時間程度）で
内定可能です。

＝＝＝＝＝＝＝＝＝＝＝＝＝＝＝
【✧お仕事の内容✧】

■ 顧客アプローチ・ヒアリング
モデルハウスに来場されたお客様への
ヒアリングと注文住宅プランの提案・作成

■ 調査・提案・競合分析
敷地調査、ローン提案、競合比較を行い、
最適なプランをご提供

■ 進行管理
ご契約後の着工・上棟・完成・引き渡しまでの
進行管理

＝＝＝＝＝＝＝＝＝＝＝＝＝＝＝
【✔働き方✔】

✔ 9:00〜18:00（実働8時間／休憩60分）
✔ シフト制（月8〜12日休み）
✔ 年間休日120日

まずはお気軽にご応募ください。

案件No：2776","《✼ここで働く4つの特徴✼》

✅ ① 頑張りが給与に反映される
営業歩合とインセンティブ制度があり、
賞与は年2回、昇給は年1回です。
役職が上がるごとに固定給も加算されます。

✅ ② 明確なキャリアパス
一般職→主任→係長→店長→支店長。
おおむね2〜3年を目途に昇進します。
（年収例：主任3年目1,284万円／店長8年目2,083万円／支店長13年目2,369万円）

✅ ③ 業界未経験でも挑戦できる
必要なのは何らかの営業経験1年以上（業界問わず）、
または正社員での販売経験（目安1年）。
既卒・第二新卒も歓迎です。

✅ ④ 選考はWeb面接1回
30分〜1時間程度のWeb面接1回で内定可能です。
入社後は各種研修制度も整っています。

＝＝＝＝＝＝＝＝＝＝＝＝＝＝＝
《✼待遇もしっかり✼》

✔ 社会保険完備（健康保険・厚生年金・雇用保険・労災保険）
✔ 確定拠出年金・選択制確定給付企業年金制度
✔ 財形貯蓄制度・従業員持株会
✔ 住宅取得補助制度・住宅手当
✔ 交通費支給・出産祝金・資格取得祝金
✔ 年間休日120日（休暇制度：年末年始休暇・お盆休暇・有給休暇・
慶弔休暇・アニバーサリー休暇・リフレッシュ休暇など）","✦・━━━━━━━━━━━━━━━・✦
＼まずは話を聞くところから／
選考は面接1回、最短1週間で内定
✦・━━━━━━━━━━━━━━━・✦

＝＝＝＝＝＝＝＝＝＝＝＝＝＝＝
【✧選考の流れ✧】

■ STEP 1　Web応募（所要1分）
氏名と連絡先など、簡単な入力だけで完了します。
応募段階での履歴書・職務経歴書は不要です。

■ STEP 2　カジュアル面談（オンライン／20〜30分）
「まずは話を聞いてみたい」でOKです。
私服・画面オフでのご参加も歓迎します。
面接ではなく相互理解の場ですので、
仕事内容や職場の雰囲気を気軽にお尋ねください。
平日夜間・早朝・土日の実施もご相談に応じます。

■ STEP 3　面接（対面またはWeb／1回のみ）
業務内容のご案内と、ご希望の働き方のお伺いをします。
ご希望の方にはオフィス見学や
現場スタッフとの対話の時間も設けます。

■ STEP 4　内定・条件面談
応募から内定まで最短1週間のスピード選考です。
入社日や勤務条件のご希望も調整いたします。

＝＝＝＝＝＝＝＝＝＝＝＝＝＝＝
【✧ご応募にあたって✧】

✔ 応募時に履歴書・職務経歴書は必要ありません
✔ 在職中の方も日程を調整できます
✔ 「話を聞いてみたい」だけのご応募も歓迎します"
108,2292,タマホーム株式会社,業界未経験OK◎選考はWeb面接1回だけの住宅営業♪,業界未経験OK｜住宅営業｜加東市,"✦・━━━━━━━━━━━━━━━・✦
＼兵庫県加東市で募集中／
モデルハウスでの接客から始める
注文住宅の営業職
✦・━━━━━━━━━━━━━━━・✦

「不動産は未経験だけど、人と話すのは得意」
そんな営業・販売経験を活かせる仕事です。

＝＝＝＝＝＝＝＝＝＝＝＝＝＝＝
【✧お仕事の内容✧】

■ 顧客アプローチ・ヒアリング
モデルハウスに来場されたお客様への
ヒアリングと注文住宅プランの提案・作成

■ 調査・提案・競合分析
敷地調査、ローン提案、競合比較を行い、
最適なプランをご提供

■ 進行管理
ご契約後の着工・上棟・完成・引き渡しまでの
進行管理

＝＝＝＝＝＝＝＝＝＝＝＝＝＝＝
【✨働きやすいポイント✨】

✔ 年間休日120日
✔ シフト制（月8〜12日休み）
✔ 9:00〜18:00（実働8時間／休憩60分）
✔ 社会保険完備・住宅手当・資格取得祝金あり

＝＝＝＝＝＝＝＝＝＝＝＝＝＝＝
【✨ここが強み✨】

✅ 賞与年2回・昇給年1回
✅ 営業歩合でインセンティブ還元
✅ 一般職→主任→係長→店長→支店長の
　昇進ルートが明確

まずはお気軽にご応募ください。

案件No：2292","《✼ここで働く4つの特徴✼》

✅ ① 頑張りが給与に反映される
営業歩合とインセンティブ制度があり、
賞与は年2回、昇給は年1回です。
役職が上がるごとに固定給も加算されます。

✅ ② 明確なキャリアパス
一般職→主任→係長→店長→支店長。
おおむね2〜3年を目途に昇進します。
（年収例：主任3年目1,284万円／店長8年目2,083万円／支店長13年目2,369万円）

✅ ③ 業界未経験でも挑戦できる
必要なのは何らかの営業経験1年以上（業界問わず）、
または正社員での販売経験（目安1年）。
既卒・第二新卒も歓迎です。

✅ ④ 選考はWeb面接1回
30分〜1時間程度のWeb面接1回で内定可能です。
入社後は各種研修制度も整っています。

＝＝＝＝＝＝＝＝＝＝＝＝＝＝＝
《✼待遇もしっかり✼》

✔ 社会保険完備（健康保険・厚生年金・雇用保険・労災保険）
✔ 確定拠出年金・選択制確定給付企業年金制度
✔ 財形貯蓄制度・従業員持株会
✔ 住宅取得補助制度・住宅手当
✔ 交通費支給・出産祝金・資格取得祝金
✔ 年間休日120日（休暇制度：年末年始休暇・お盆休暇・有給休暇・
慶弔休暇・アニバーサリー休暇・リフレッシュ休暇など）","✦・━━━━━━━━━━━━━━━・✦
＼まずは話を聞くところから／
選考は面接1回、最短1週間で内定
✦・━━━━━━━━━━━━━━━・✦

＝＝＝＝＝＝＝＝＝＝＝＝＝＝＝
【✧選考の流れ✧】

■ STEP 1　Web応募（所要1分）
氏名と連絡先など、簡単な入力だけで完了します。
応募段階での履歴書・職務経歴書は不要です。

■ STEP 2　カジュアル面談（オンライン／20〜30分）
「まずは話を聞いてみたい」でOKです。
私服・画面オフでのご参加も歓迎します。
面接ではなく相互理解の場ですので、
仕事内容や職場の雰囲気を気軽にお尋ねください。
平日夜間・早朝・土日の実施もご相談に応じます。

■ STEP 3　面接（対面またはWeb／1回のみ）
業務内容のご案内と、ご希望の働き方のお伺いをします。
ご希望の方にはオフィス見学や
現場スタッフとの対話の時間も設けます。

■ STEP 4　内定・条件面談
応募から内定まで最短1週間のスピード選考です。
入社日や勤務条件のご希望も調整いたします。

＝＝＝＝＝＝＝＝＝＝＝＝＝＝＝
【✧ご応募にあたって✧】

✔ 応募時に履歴書・職務経歴書は必要ありません
✔ 在職中の方も日程を調整できます
✔ 「話を聞いてみたい」だけのご応募も歓迎します"
109,608,タマホーム株式会社,業界未経験OK◎選考はWeb面接1回だけの住宅営業♪,業界未経験OK｜住宅営業｜揖保郡太子町,"✦・━━━━━━━━━━━━━━━・✦
＼兵庫県揖保郡太子町で募集中／
モデルハウスから始める、注文住宅の営業。
未経験の業界でも、経験を活かして挑戦◎
✦・━━━━━━━━━━━━━━━・✦

「不動産は未経験だけど、営業や接客の経験はある」
そんな方が、住宅業界に活躍の場を広げています。

＝＝＝＝＝＝＝＝＝＝＝＝＝＝＝
【✧お仕事の内容✧】

■ 顧客アプローチ・ヒアリング
モデルハウスに来場されたお客様への
ヒアリングと注文住宅プランの提案・作成

■ 調査・提案・競合分析
敷地調査、ローン提案、競合比較を行い、
最適なプランをご提供

■ 進行管理
ご契約後の着工・上棟・完成・引き渡しまでの
進行管理

＝＝＝＝＝＝＝＝＝＝＝＝＝＝＝
【✨この仕事の魅力✨】

✅ インセンティブがしっかり反映
営業歩合があり、頑張りが給与に直結します。
賞与は年2回、昇給は年1回です。

✅ キャリアパスが明確
一般職→主任→係長→店長→支店長と、
おおむね2〜3年を目途に昇進していきます。
役職ごとに固定給も加算されます。

✅ 選考はスピーディー
Web面接1回（30分〜1時間程度）で
内定可能です。

＝＝＝＝＝＝＝＝＝＝＝＝＝＝＝
【✔働き方✔】

✔ 9:00〜18:00（実働8時間／休憩60分）
✔ シフト制（月8〜12日休み）
✔ 年間休日120日

まずはお気軽にご応募ください。

案件No：608","《✼ここで働く4つの特徴✼》

✅ ① 頑張りが給与に反映される
営業歩合とインセンティブ制度があり、
賞与は年2回、昇給は年1回です。
役職が上がるごとに固定給も加算されます。

✅ ② 明確なキャリアパス
一般職→主任→係長→店長→支店長。
おおむね2〜3年を目途に昇進します。
（年収例：主任3年目1,284万円／店長8年目2,083万円／支店長13年目2,369万円）

✅ ③ 業界未経験でも挑戦できる
必要なのは何らかの営業経験1年以上（業界問わず）、
または正社員での販売経験（目安1年）。
既卒・第二新卒も歓迎です。

✅ ④ 選考はWeb面接1回
30分〜1時間程度のWeb面接1回で内定可能です。
入社後は各種研修制度も整っています。

＝＝＝＝＝＝＝＝＝＝＝＝＝＝＝
《✼待遇もしっかり✼》

✔ 社会保険完備（健康保険・厚生年金・雇用保険・労災保険）
✔ 確定拠出年金・選択制確定給付企業年金制度
✔ 財形貯蓄制度・従業員持株会
✔ 住宅取得補助制度・住宅手当
✔ 交通費支給・出産祝金・資格取得祝金
✔ 年間休日120日（休暇制度：年末年始休暇・お盆休暇・有給休暇・
慶弔休暇・アニバーサリー休暇・リフレッシュ休暇など）","✦・━━━━━━━━━━━━━━━・✦
＼まずは話を聞くところから／
選考は面接1回、最短1週間で内定
✦・━━━━━━━━━━━━━━━・✦

＝＝＝＝＝＝＝＝＝＝＝＝＝＝＝
【✧選考の流れ✧】

■ STEP 1　Web応募（所要1分）
氏名と連絡先など、簡単な入力だけで完了します。
応募段階での履歴書・職務経歴書は不要です。

■ STEP 2　カジュアル面談（オンライン／20〜30分）
「まずは話を聞いてみたい」でOKです。
私服・画面オフでのご参加も歓迎します。
面接ではなく相互理解の場ですので、
仕事内容や職場の雰囲気を気軽にお尋ねください。
平日夜間・早朝・土日の実施もご相談に応じます。

■ STEP 3　面接（対面またはWeb／1回のみ）
業務内容のご案内と、ご希望の働き方のお伺いをします。
ご希望の方にはオフィス見学や
現場スタッフとの対話の時間も設けます。

■ STEP 4　内定・条件面談
応募から内定まで最短1週間のスピード選考です。
入社日や勤務条件のご希望も調整いたします。

＝＝＝＝＝＝＝＝＝＝＝＝＝＝＝
【✧ご応募にあたって✧】

✔ 応募時に履歴書・職務経歴書は必要ありません
✔ 在職中の方も日程を調整できます
✔ 「話を聞いてみたい」だけのご応募も歓迎します"
110,1637,タマホーム株式会社,業界未経験OK◎選考はWeb面接1回だけの住宅営業♪,業界未経験OK｜住宅営業｜姫路市,"✦・━━━━━━━━━━━━━━━・✦
＼兵庫県姫路市で募集中／
「営業経験を、住宅業界で活かす」
注文住宅の提案営業◎
✦・━━━━━━━━━━━━━━━・✦

法人でも個人でも、業界は問いません。
何らかの営業経験、または販売経験があれば
新しいフィールドに挑戦できます。

＝＝＝＝＝＝＝＝＝＝＝＝＝＝＝
【✨この仕事の魅力✨】

✅ キャリアパスが明確
一般職→主任→係長→店長→支店長。
おおむね2〜3年を目途に昇進し、
役職ごとに固定給も加算されます。

✅ インセンティブがしっかり反映
営業歩合があり、賞与は年2回、
昇給は年1回です。

✅ 選考はスピーディー
Web面接1回（30分〜1時間程度）で
内定可能です。

＝＝＝＝＝＝＝＝＝＝＝＝＝＝＝
【✧お仕事の内容✧】

■ 顧客アプローチ・ヒアリング
モデルハウスに来場されたお客様への
ヒアリングと注文住宅プランの提案・作成

■ 調査・提案・競合分析
敷地調査、ローン提案、競合比較を行い、
最適なプランをご提供

■ 進行管理
ご契約後の着工・上棟・完成・引き渡しまでの
進行管理

＝＝＝＝＝＝＝＝＝＝＝＝＝＝＝
【✔働き方✔】

✔ 9:00〜18:00（実働8時間／休憩60分）
✔ シフト制（月8〜12日休み）
✔ 年間休日120日

まずはお気軽にご応募ください。

案件No：1637","《✼ここで働く4つの特徴✼》

✅ ① 頑張りが給与に反映される
営業歩合とインセンティブ制度があり、
賞与は年2回、昇給は年1回です。
役職が上がるごとに固定給も加算されます。

✅ ② 明確なキャリアパス
一般職→主任→係長→店長→支店長。
おおむね2〜3年を目途に昇進します。
（年収例：主任3年目1,284万円／店長8年目2,083万円／支店長13年目2,369万円）

✅ ③ 業界未経験でも挑戦できる
必要なのは何らかの営業経験1年以上（業界問わず）、
または正社員での販売経験（目安1年）。
既卒・第二新卒も歓迎です。

✅ ④ 選考はWeb面接1回
30分〜1時間程度のWeb面接1回で内定可能です。
入社後は各種研修制度も整っています。

＝＝＝＝＝＝＝＝＝＝＝＝＝＝＝
《✼待遇もしっかり✼》

✔ 社会保険完備（健康保険・厚生年金・雇用保険・労災保険）
✔ 確定拠出年金・選択制確定給付企業年金制度
✔ 財形貯蓄制度・従業員持株会
✔ 住宅取得補助制度・住宅手当
✔ 交通費支給・出産祝金・資格取得祝金
✔ 年間休日120日（休暇制度：年末年始休暇・お盆休暇・有給休暇・
慶弔休暇・アニバーサリー休暇・リフレッシュ休暇など）","✦・━━━━━━━━━━━━━━━・✦
＼まずは話を聞くところから／
選考は面接1回、最短1週間で内定
✦・━━━━━━━━━━━━━━━・✦

＝＝＝＝＝＝＝＝＝＝＝＝＝＝＝
【✧選考の流れ✧】

■ STEP 1　Web応募（所要1分）
氏名と連絡先など、簡単な入力だけで完了します。
応募段階での履歴書・職務経歴書は不要です。

■ STEP 2　カジュアル面談（オンライン／20〜30分）
「まずは話を聞いてみたい」でOKです。
私服・画面オフでのご参加も歓迎します。
面接ではなく相互理解の場ですので、
仕事内容や職場の雰囲気を気軽にお尋ねください。
平日夜間・早朝・土日の実施もご相談に応じます。

■ STEP 3　面接（対面またはWeb／1回のみ）
業務内容のご案内と、ご希望の働き方のお伺いをします。
ご希望の方にはオフィス見学や
現場スタッフとの対話の時間も設けます。

■ STEP 4　内定・条件面談
応募から内定まで最短1週間のスピード選考です。
入社日や勤務条件のご希望も調整いたします。

＝＝＝＝＝＝＝＝＝＝＝＝＝＝＝
【✧ご応募にあたって✧】

✔ 応募時に履歴書・職務経歴書は必要ありません
✔ 在職中の方も日程を調整できます
✔ 「話を聞いてみたい」だけのご応募も歓迎します"
111,677,タマホーム株式会社,業界未経験OK◎選考はWeb面接1回だけの住宅営業♪,業界未経験OK｜住宅営業｜加古川市,"✦・━━━━━━━━━━━━━━━・✦
＼兵庫県加古川市で募集中／
モデルハウスでの接客から始める
注文住宅の営業職
✦・━━━━━━━━━━━━━━━・✦

「不動産は未経験だけど、人と話すのは得意」
そんな営業・販売経験を活かせる仕事です。

＝＝＝＝＝＝＝＝＝＝＝＝＝＝＝
【✧お仕事の内容✧】

■ 顧客アプローチ・ヒアリング
モデルハウスに来場されたお客様への
ヒアリングと注文住宅プランの提案・作成

■ 調査・提案・競合分析
敷地調査、ローン提案、競合比較を行い、
最適なプランをご提供

■ 進行管理
ご契約後の着工・上棟・完成・引き渡しまでの
進行管理

＝＝＝＝＝＝＝＝＝＝＝＝＝＝＝
【✨働きやすいポイント✨】

✔ 年間休日120日
✔ シフト制（月8〜12日休み）
✔ 9:00〜18:00（実働8時間／休憩60分）
✔ 社会保険完備・住宅手当・資格取得祝金あり

＝＝＝＝＝＝＝＝＝＝＝＝＝＝＝
【✨ここが強み✨】

✅ 賞与年2回・昇給年1回
✅ 営業歩合でインセンティブ還元
✅ 一般職→主任→係長→店長→支店長の
　昇進ルートが明確

まずはお気軽にご応募ください。

案件No：677","《✼ここで働く4つの特徴✼》

✅ ① 頑張りが給与に反映される
営業歩合とインセンティブ制度があり、
賞与は年2回、昇給は年1回です。
役職が上がるごとに固定給も加算されます。

✅ ② 明確なキャリアパス
一般職→主任→係長→店長→支店長。
おおむね2〜3年を目途に昇進します。
（年収例：主任3年目1,284万円／店長8年目2,083万円／支店長13年目2,369万円）

✅ ③ 業界未経験でも挑戦できる
必要なのは何らかの営業経験1年以上（業界問わず）、
または正社員での販売経験（目安1年）。
既卒・第二新卒も歓迎です。

✅ ④ 選考はWeb面接1回
30分〜1時間程度のWeb面接1回で内定可能です。
入社後は各種研修制度も整っています。

＝＝＝＝＝＝＝＝＝＝＝＝＝＝＝
《✼待遇もしっかり✼》

✔ 社会保険完備（健康保険・厚生年金・雇用保険・労災保険）
✔ 確定拠出年金・選択制確定給付企業年金制度
✔ 財形貯蓄制度・従業員持株会
✔ 住宅取得補助制度・住宅手当
✔ 交通費支給・出産祝金・資格取得祝金
✔ 年間休日120日（休暇制度：年末年始休暇・お盆休暇・有給休暇・
慶弔休暇・アニバーサリー休暇・リフレッシュ休暇など）","✦・━━━━━━━━━━━━━━━・✦
＼まずは話を聞くところから／
選考は面接1回、最短1週間で内定
✦・━━━━━━━━━━━━━━━・✦

＝＝＝＝＝＝＝＝＝＝＝＝＝＝＝
【✧選考の流れ✧】

■ STEP 1　Web応募（所要1分）
氏名と連絡先など、簡単な入力だけで完了します。
応募段階での履歴書・職務経歴書は不要です。

■ STEP 2　カジュアル面談（オンライン／20〜30分）
「まずは話を聞いてみたい」でOKです。
私服・画面オフでのご参加も歓迎します。
面接ではなく相互理解の場ですので、
仕事内容や職場の雰囲気を気軽にお尋ねください。
平日夜間・早朝・土日の実施もご相談に応じます。

■ STEP 3　面接（対面またはWeb／1回のみ）
業務内容のご案内と、ご希望の働き方のお伺いをします。
ご希望の方にはオフィス見学や
現場スタッフとの対話の時間も設けます。

■ STEP 4　内定・条件面談
応募から内定まで最短1週間のスピード選考です。
入社日や勤務条件のご希望も調整いたします。

＝＝＝＝＝＝＝＝＝＝＝＝＝＝＝
【✧ご応募にあたって✧】

✔ 応募時に履歴書・職務経歴書は必要ありません
✔ 在職中の方も日程を調整できます
✔ 「話を聞いてみたい」だけのご応募も歓迎します"
112,1504,タマホーム株式会社,業界未経験OK◎選考はWeb面接1回だけの住宅営業♪,業界未経験OK｜住宅営業｜神戸市北区,"✦・━━━━━━━━━━━━━━━・✦
＼兵庫県神戸市北区で募集中／
モデルハウスから始める、注文住宅の営業。
未経験の業界でも、経験を活かして挑戦◎
✦・━━━━━━━━━━━━━━━・✦

「不動産は未経験だけど、営業や接客の経験はある」
そんな方が、住宅業界に活躍の場を広げています。

＝＝＝＝＝＝＝＝＝＝＝＝＝＝＝
【✧お仕事の内容✧】

■ 顧客アプローチ・ヒアリング
モデルハウスに来場されたお客様への
ヒアリングと注文住宅プランの提案・作成

■ 調査・提案・競合分析
敷地調査、ローン提案、競合比較を行い、
最適なプランをご提供

■ 進行管理
ご契約後の着工・上棟・完成・引き渡しまでの
進行管理

＝＝＝＝＝＝＝＝＝＝＝＝＝＝＝
【✨この仕事の魅力✨】

✅ インセンティブがしっかり反映
営業歩合があり、頑張りが給与に直結します。
賞与は年2回、昇給は年1回です。

✅ キャリアパスが明確
一般職→主任→係長→店長→支店長と、
おおむね2〜3年を目途に昇進していきます。
役職ごとに固定給も加算されます。

✅ 選考はスピーディー
Web面接1回（30分〜1時間程度）で
内定可能です。

＝＝＝＝＝＝＝＝＝＝＝＝＝＝＝
【✔働き方✔】

✔ 9:00〜18:00（実働8時間／休憩60分）
✔ シフト制（月8〜12日休み）
✔ 年間休日120日

まずはお気軽にご応募ください。

案件No：1504","《✼ここで働く4つの特徴✼》

✅ ① 頑張りが給与に反映される
営業歩合とインセンティブ制度があり、
賞与は年2回、昇給は年1回です。
役職が上がるごとに固定給も加算されます。

✅ ② 明確なキャリアパス
一般職→主任→係長→店長→支店長。
おおむね2〜3年を目途に昇進します。
（年収例：主任3年目1,284万円／店長8年目2,083万円／支店長13年目2,369万円）

✅ ③ 業界未経験でも挑戦できる
必要なのは何らかの営業経験1年以上（業界問わず）、
または正社員での販売経験（目安1年）。
既卒・第二新卒も歓迎です。

✅ ④ 選考はWeb面接1回
30分〜1時間程度のWeb面接1回で内定可能です。
入社後は各種研修制度も整っています。

＝＝＝＝＝＝＝＝＝＝＝＝＝＝＝
《✼待遇もしっかり✼》

✔ 社会保険完備（健康保険・厚生年金・雇用保険・労災保険）
✔ 確定拠出年金・選択制確定給付企業年金制度
✔ 財形貯蓄制度・従業員持株会
✔ 住宅取得補助制度・住宅手当
✔ 交通費支給・出産祝金・資格取得祝金
✔ 年間休日120日（休暇制度：年末年始休暇・お盆休暇・有給休暇・
慶弔休暇・アニバーサリー休暇・リフレッシュ休暇など）","✦・━━━━━━━━━━━━━━━・✦
＼まずは話を聞くところから／
選考は面接1回、最短1週間で内定
✦・━━━━━━━━━━━━━━━・✦

＝＝＝＝＝＝＝＝＝＝＝＝＝＝＝
【✧選考の流れ✧】

■ STEP 1　Web応募（所要1分）
氏名と連絡先など、簡単な入力だけで完了します。
応募段階での履歴書・職務経歴書は不要です。

■ STEP 2　カジュアル面談（オンライン／20〜30分）
「まずは話を聞いてみたい」でOKです。
私服・画面オフでのご参加も歓迎します。
面接ではなく相互理解の場ですので、
仕事内容や職場の雰囲気を気軽にお尋ねください。
平日夜間・早朝・土日の実施もご相談に応じます。

■ STEP 3　面接（対面またはWeb／1回のみ）
業務内容のご案内と、ご希望の働き方のお伺いをします。
ご希望の方にはオフィス見学や
現場スタッフとの対話の時間も設けます。

■ STEP 4　内定・条件面談
応募から内定まで最短1週間のスピード選考です。
入社日や勤務条件のご希望も調整いたします。

＝＝＝＝＝＝＝＝＝＝＝＝＝＝＝
【✧ご応募にあたって✧】

✔ 応募時に履歴書・職務経歴書は必要ありません
✔ 在職中の方も日程を調整できます
✔ 「話を聞いてみたい」だけのご応募も歓迎します"
113,224,タマホーム株式会社,業界未経験OK◎選考はWeb面接1回だけの住宅営業♪,業界未経験OK｜住宅営業｜伊丹市,"✦・━━━━━━━━━━━━━━━・✦
＼兵庫県伊丹市で募集中／
「営業経験を、住宅業界で活かす」
注文住宅の提案営業◎
✦・━━━━━━━━━━━━━━━・✦

法人でも個人でも、業界は問いません。
何らかの営業経験、または販売経験があれば
新しいフィールドに挑戦できます。

＝＝＝＝＝＝＝＝＝＝＝＝＝＝＝
【✨この仕事の魅力✨】

✅ キャリアパスが明確
一般職→主任→係長→店長→支店長。
おおむね2〜3年を目途に昇進し、
役職ごとに固定給も加算されます。

✅ インセンティブがしっかり反映
営業歩合があり、賞与は年2回、
昇給は年1回です。

✅ 選考はスピーディー
Web面接1回（30分〜1時間程度）で
内定可能です。

＝＝＝＝＝＝＝＝＝＝＝＝＝＝＝
【✧お仕事の内容✧】

■ 顧客アプローチ・ヒアリング
モデルハウスに来場されたお客様への
ヒアリングと注文住宅プランの提案・作成

■ 調査・提案・競合分析
敷地調査、ローン提案、競合比較を行い、
最適なプランをご提供

■ 進行管理
ご契約後の着工・上棟・完成・引き渡しまでの
進行管理

＝＝＝＝＝＝＝＝＝＝＝＝＝＝＝
【✔働き方✔】

✔ 9:00〜18:00（実働8時間／休憩60分）
✔ シフト制（月8〜12日休み）
✔ 年間休日120日

まずはお気軽にご応募ください。

案件No：224","《✼ここで働く4つの特徴✼》

✅ ① 頑張りが給与に反映される
営業歩合とインセンティブ制度があり、
賞与は年2回、昇給は年1回です。
役職が上がるごとに固定給も加算されます。

✅ ② 明確なキャリアパス
一般職→主任→係長→店長→支店長。
おおむね2〜3年を目途に昇進します。
（年収例：主任3年目1,284万円／店長8年目2,083万円／支店長13年目2,369万円）

✅ ③ 業界未経験でも挑戦できる
必要なのは何らかの営業経験1年以上（業界問わず）、
または正社員での販売経験（目安1年）。
既卒・第二新卒も歓迎です。

✅ ④ 選考はWeb面接1回
30分〜1時間程度のWeb面接1回で内定可能です。
入社後は各種研修制度も整っています。

＝＝＝＝＝＝＝＝＝＝＝＝＝＝＝
《✼待遇もしっかり✼》

✔ 社会保険完備（健康保険・厚生年金・雇用保険・労災保険）
✔ 確定拠出年金・選択制確定給付企業年金制度
✔ 財形貯蓄制度・従業員持株会
✔ 住宅取得補助制度・住宅手当
✔ 交通費支給・出産祝金・資格取得祝金
✔ 年間休日120日（休暇制度：年末年始休暇・お盆休暇・有給休暇・
慶弔休暇・アニバーサリー休暇・リフレッシュ休暇など）","✦・━━━━━━━━━━━━━━━・✦
＼まずは話を聞くところから／
選考は面接1回、最短1週間で内定
✦・━━━━━━━━━━━━━━━・✦

＝＝＝＝＝＝＝＝＝＝＝＝＝＝＝
【✧選考の流れ✧】

■ STEP 1　Web応募（所要1分）
氏名と連絡先など、簡単な入力だけで完了します。
応募段階での履歴書・職務経歴書は不要です。

■ STEP 2　カジュアル面談（オンライン／20〜30分）
「まずは話を聞いてみたい」でOKです。
私服・画面オフでのご参加も歓迎します。
面接ではなく相互理解の場ですので、
仕事内容や職場の雰囲気を気軽にお尋ねください。
平日夜間・早朝・土日の実施もご相談に応じます。

■ STEP 3　面接（対面またはWeb／1回のみ）
業務内容のご案内と、ご希望の働き方のお伺いをします。
ご希望の方にはオフィス見学や
現場スタッフとの対話の時間も設けます。

■ STEP 4　内定・条件面談
応募から内定まで最短1週間のスピード選考です。
入社日や勤務条件のご希望も調整いたします。

＝＝＝＝＝＝＝＝＝＝＝＝＝＝＝
【✧ご応募にあたって✧】

✔ 応募時に履歴書・職務経歴書は必要ありません
✔ 在職中の方も日程を調整できます
✔ 「話を聞いてみたい」だけのご応募も歓迎します"
114,2766,タマホーム株式会社,業界未経験OK◎選考はWeb面接1回だけの住宅営業♪,業界未経験OK｜住宅営業｜神戸市西区,"✦・━━━━━━━━━━━━━━━・✦
＼兵庫県神戸市西区で募集中／
モデルハウスでの接客から始める
注文住宅の営業職
✦・━━━━━━━━━━━━━━━・✦

「不動産は未経験だけど、人と話すのは得意」
そんな営業・販売経験を活かせる仕事です。

＝＝＝＝＝＝＝＝＝＝＝＝＝＝＝
【✧お仕事の内容✧】

■ 顧客アプローチ・ヒアリング
モデルハウスに来場されたお客様への
ヒアリングと注文住宅プランの提案・作成

■ 調査・提案・競合分析
敷地調査、ローン提案、競合比較を行い、
最適なプランをご提供

■ 進行管理
ご契約後の着工・上棟・完成・引き渡しまでの
進行管理

＝＝＝＝＝＝＝＝＝＝＝＝＝＝＝
【✨働きやすいポイント✨】

✔ 年間休日120日
✔ シフト制（月8〜12日休み）
✔ 9:00〜18:00（実働8時間／休憩60分）
✔ 社会保険完備・住宅手当・資格取得祝金あり

＝＝＝＝＝＝＝＝＝＝＝＝＝＝＝
【✨ここが強み✨】

✅ 賞与年2回・昇給年1回
✅ 営業歩合でインセンティブ還元
✅ 一般職→主任→係長→店長→支店長の
　昇進ルートが明確

まずはお気軽にご応募ください。

案件No：2766","《✼ここで働く4つの特徴✼》

✅ ① 頑張りが給与に反映される
営業歩合とインセンティブ制度があり、
賞与は年2回、昇給は年1回です。
役職が上がるごとに固定給も加算されます。

✅ ② 明確なキャリアパス
一般職→主任→係長→店長→支店長。
おおむね2〜3年を目途に昇進します。
（年収例：主任3年目1,284万円／店長8年目2,083万円／支店長13年目2,369万円）

✅ ③ 業界未経験でも挑戦できる
必要なのは何らかの営業経験1年以上（業界問わず）、
または正社員での販売経験（目安1年）。
既卒・第二新卒も歓迎です。

✅ ④ 選考はWeb面接1回
30分〜1時間程度のWeb面接1回で内定可能です。
入社後は各種研修制度も整っています。

＝＝＝＝＝＝＝＝＝＝＝＝＝＝＝
《✼待遇もしっかり✼》

✔ 社会保険完備（健康保険・厚生年金・雇用保険・労災保険）
✔ 確定拠出年金・選択制確定給付企業年金制度
✔ 財形貯蓄制度・従業員持株会
✔ 住宅取得補助制度・住宅手当
✔ 交通費支給・出産祝金・資格取得祝金
✔ 年間休日120日（休暇制度：年末年始休暇・お盆休暇・有給休暇・
慶弔休暇・アニバーサリー休暇・リフレッシュ休暇など）","✦・━━━━━━━━━━━━━━━・✦
＼まずは話を聞くところから／
選考は面接1回、最短1週間で内定
✦・━━━━━━━━━━━━━━━・✦

＝＝＝＝＝＝＝＝＝＝＝＝＝＝＝
【✧選考の流れ✧】

■ STEP 1　Web応募（所要1分）
氏名と連絡先など、簡単な入力だけで完了します。
応募段階での履歴書・職務経歴書は不要です。

■ STEP 2　カジュアル面談（オンライン／20〜30分）
「まずは話を聞いてみたい」でOKです。
私服・画面オフでのご参加も歓迎します。
面接ではなく相互理解の場ですので、
仕事内容や職場の雰囲気を気軽にお尋ねください。
平日夜間・早朝・土日の実施もご相談に応じます。

■ STEP 3　面接（対面またはWeb／1回のみ）
業務内容のご案内と、ご希望の働き方のお伺いをします。
ご希望の方にはオフィス見学や
現場スタッフとの対話の時間も設けます。

■ STEP 4　内定・条件面談
応募から内定まで最短1週間のスピード選考です。
入社日や勤務条件のご希望も調整いたします。

＝＝＝＝＝＝＝＝＝＝＝＝＝＝＝
【✧ご応募にあたって✧】

✔ 応募時に履歴書・職務経歴書は必要ありません
✔ 在職中の方も日程を調整できます
✔ 「話を聞いてみたい」だけのご応募も歓迎します"
115,1730,タマホーム株式会社,業界未経験OK◎選考はWeb面接1回だけの住宅営業♪,業界未経験OK｜住宅営業｜泉佐野市,"✦・━━━━━━━━━━━━━━━・✦
＼大阪府泉佐野市で募集中／
モデルハウスから始める、注文住宅の営業。
未経験の業界でも、経験を活かして挑戦◎
✦・━━━━━━━━━━━━━━━・✦

「不動産は未経験だけど、営業や接客の経験はある」
そんな方が、住宅業界に活躍の場を広げています。

＝＝＝＝＝＝＝＝＝＝＝＝＝＝＝
【✧お仕事の内容✧】

■ 顧客アプローチ・ヒアリング
モデルハウスに来場されたお客様への
ヒアリングと注文住宅プランの提案・作成

■ 調査・提案・競合分析
敷地調査、ローン提案、競合比較を行い、
最適なプランをご提供

■ 進行管理
ご契約後の着工・上棟・完成・引き渡しまでの
進行管理

＝＝＝＝＝＝＝＝＝＝＝＝＝＝＝
【✨この仕事の魅力✨】

✅ インセンティブがしっかり反映
営業歩合があり、頑張りが給与に直結します。
賞与は年2回、昇給は年1回です。

✅ キャリアパスが明確
一般職→主任→係長→店長→支店長と、
おおむね2〜3年を目途に昇進していきます。
役職ごとに固定給も加算されます。

✅ 選考はスピーディー
Web面接1回（30分〜1時間程度）で
内定可能です。

＝＝＝＝＝＝＝＝＝＝＝＝＝＝＝
【✔働き方✔】

✔ 9:00〜18:00（実働8時間／休憩60分）
✔ シフト制（月8〜12日休み）
✔ 年間休日120日

まずはお気軽にご応募ください。

案件No：1730","《✼ここで働く4つの特徴✼》

✅ ① 頑張りが給与に反映される
営業歩合とインセンティブ制度があり、
賞与は年2回、昇給は年1回です。
役職が上がるごとに固定給も加算されます。

✅ ② 明確なキャリアパス
一般職→主任→係長→店長→支店長。
おおむね2〜3年を目途に昇進します。
（年収例：主任3年目1,284万円／店長8年目2,083万円／支店長13年目2,369万円）

✅ ③ 業界未経験でも挑戦できる
必要なのは何らかの営業経験1年以上（業界問わず）、
または正社員での販売経験（目安1年）。
既卒・第二新卒も歓迎です。

✅ ④ 選考はWeb面接1回
30分〜1時間程度のWeb面接1回で内定可能です。
入社後は各種研修制度も整っています。

＝＝＝＝＝＝＝＝＝＝＝＝＝＝＝
《✼待遇もしっかり✼》

✔ 社会保険完備（健康保険・厚生年金・雇用保険・労災保険）
✔ 確定拠出年金・選択制確定給付企業年金制度
✔ 財形貯蓄制度・従業員持株会
✔ 住宅取得補助制度・住宅手当
✔ 交通費支給・出産祝金・資格取得祝金
✔ 年間休日120日（休暇制度：年末年始休暇・お盆休暇・有給休暇・
慶弔休暇・アニバーサリー休暇・リフレッシュ休暇など）","✦・━━━━━━━━━━━━━━━・✦
＼まずは話を聞くところから／
選考は面接1回、最短1週間で内定
✦・━━━━━━━━━━━━━━━・✦

＝＝＝＝＝＝＝＝＝＝＝＝＝＝＝
【✧選考の流れ✧】

■ STEP 1　Web応募（所要1分）
氏名と連絡先など、簡単な入力だけで完了します。
応募段階での履歴書・職務経歴書は不要です。

■ STEP 2　カジュアル面談（オンライン／20〜30分）
「まずは話を聞いてみたい」でOKです。
私服・画面オフでのご参加も歓迎します。
面接ではなく相互理解の場ですので、
仕事内容や職場の雰囲気を気軽にお尋ねください。
平日夜間・早朝・土日の実施もご相談に応じます。

■ STEP 3　面接（対面またはWeb／1回のみ）
業務内容のご案内と、ご希望の働き方のお伺いをします。
ご希望の方にはオフィス見学や
現場スタッフとの対話の時間も設けます。

■ STEP 4　内定・条件面談
応募から内定まで最短1週間のスピード選考です。
入社日や勤務条件のご希望も調整いたします。

＝＝＝＝＝＝＝＝＝＝＝＝＝＝＝
【✧ご応募にあたって✧】

✔ 応募時に履歴書・職務経歴書は必要ありません
✔ 在職中の方も日程を調整できます
✔ 「話を聞いてみたい」だけのご応募も歓迎します"
116,85,タマホーム株式会社,業界未経験OK◎選考はWeb面接1回だけの住宅営業♪,業界未経験OK｜住宅営業｜堺市美原区,"✦・━━━━━━━━━━━━━━━・✦
＼大阪府堺市美原区で募集中／
「営業経験を、住宅業界で活かす」
注文住宅の提案営業◎
✦・━━━━━━━━━━━━━━━・✦

法人でも個人でも、業界は問いません。
何らかの営業経験、または販売経験があれば
新しいフィールドに挑戦できます。

＝＝＝＝＝＝＝＝＝＝＝＝＝＝＝
【✨この仕事の魅力✨】

✅ キャリアパスが明確
一般職→主任→係長→店長→支店長。
おおむね2〜3年を目途に昇進し、
役職ごとに固定給も加算されます。

✅ インセンティブがしっかり反映
営業歩合があり、賞与は年2回、
昇給は年1回です。

✅ 選考はスピーディー
Web面接1回（30分〜1時間程度）で
内定可能です。

＝＝＝＝＝＝＝＝＝＝＝＝＝＝＝
【✧お仕事の内容✧】

■ 顧客アプローチ・ヒアリング
モデルハウスに来場されたお客様への
ヒアリングと注文住宅プランの提案・作成

■ 調査・提案・競合分析
敷地調査、ローン提案、競合比較を行い、
最適なプランをご提供

■ 進行管理
ご契約後の着工・上棟・完成・引き渡しまでの
進行管理

＝＝＝＝＝＝＝＝＝＝＝＝＝＝＝
【✔働き方✔】

✔ 9:00〜18:00（実働8時間／休憩60分）
✔ シフト制（月8〜12日休み）
✔ 年間休日120日

まずはお気軽にご応募ください。

案件No：85","《✼ここで働く4つの特徴✼》

✅ ① 頑張りが給与に反映される
営業歩合とインセンティブ制度があり、
賞与は年2回、昇給は年1回です。
役職が上がるごとに固定給も加算されます。

✅ ② 明確なキャリアパス
一般職→主任→係長→店長→支店長。
おおむね2〜3年を目途に昇進します。
（年収例：主任3年目1,284万円／店長8年目2,083万円／支店長13年目2,369万円）

✅ ③ 業界未経験でも挑戦できる
必要なのは何らかの営業経験1年以上（業界問わず）、
または正社員での販売経験（目安1年）。
既卒・第二新卒も歓迎です。

✅ ④ 選考はWeb面接1回
30分〜1時間程度のWeb面接1回で内定可能です。
入社後は各種研修制度も整っています。

＝＝＝＝＝＝＝＝＝＝＝＝＝＝＝
《✼待遇もしっかり✼》

✔ 社会保険完備（健康保険・厚生年金・雇用保険・労災保険）
✔ 確定拠出年金・選択制確定給付企業年金制度
✔ 財形貯蓄制度・従業員持株会
✔ 住宅取得補助制度・住宅手当
✔ 交通費支給・出産祝金・資格取得祝金
✔ 年間休日120日（休暇制度：年末年始休暇・お盆休暇・有給休暇・
慶弔休暇・アニバーサリー休暇・リフレッシュ休暇など）","✦・━━━━━━━━━━━━━━━・✦
＼まずは話を聞くところから／
選考は面接1回、最短1週間で内定
✦・━━━━━━━━━━━━━━━・✦

＝＝＝＝＝＝＝＝＝＝＝＝＝＝＝
【✧選考の流れ✧】

■ STEP 1　Web応募（所要1分）
氏名と連絡先など、簡単な入力だけで完了します。
応募段階での履歴書・職務経歴書は不要です。

■ STEP 2　カジュアル面談（オンライン／20〜30分）
「まずは話を聞いてみたい」でOKです。
私服・画面オフでのご参加も歓迎します。
面接ではなく相互理解の場ですので、
仕事内容や職場の雰囲気を気軽にお尋ねください。
平日夜間・早朝・土日の実施もご相談に応じます。

■ STEP 3　面接（対面またはWeb／1回のみ）
業務内容のご案内と、ご希望の働き方のお伺いをします。
ご希望の方にはオフィス見学や
現場スタッフとの対話の時間も設けます。

■ STEP 4　内定・条件面談
応募から内定まで最短1週間のスピード選考です。
入社日や勤務条件のご希望も調整いたします。

＝＝＝＝＝＝＝＝＝＝＝＝＝＝＝
【✧ご応募にあたって✧】

✔ 応募時に履歴書・職務経歴書は必要ありません
✔ 在職中の方も日程を調整できます
✔ 「話を聞いてみたい」だけのご応募も歓迎します"
117,1102,タマホーム株式会社,業界未経験OK◎選考はWeb面接1回だけの住宅営業♪,業界未経験OK｜住宅営業｜東大阪市,"✦・━━━━━━━━━━━━━━━・✦
＼大阪府東大阪市で募集中／
モデルハウスでの接客から始める
注文住宅の営業職
✦・━━━━━━━━━━━━━━━・✦

「不動産は未経験だけど、人と話すのは得意」
そんな営業・販売経験を活かせる仕事です。

＝＝＝＝＝＝＝＝＝＝＝＝＝＝＝
【✧お仕事の内容✧】

■ 顧客アプローチ・ヒアリング
モデルハウスに来場されたお客様への
ヒアリングと注文住宅プランの提案・作成

■ 調査・提案・競合分析
敷地調査、ローン提案、競合比較を行い、
最適なプランをご提供

■ 進行管理
ご契約後の着工・上棟・完成・引き渡しまでの
進行管理

＝＝＝＝＝＝＝＝＝＝＝＝＝＝＝
【✨働きやすいポイント✨】

✔ 年間休日120日
✔ シフト制（月8〜12日休み）
✔ 9:00〜18:00（実働8時間／休憩60分）
✔ 社会保険完備・住宅手当・資格取得祝金あり

＝＝＝＝＝＝＝＝＝＝＝＝＝＝＝
【✨ここが強み✨】

✅ 賞与年2回・昇給年1回
✅ 営業歩合でインセンティブ還元
✅ 一般職→主任→係長→店長→支店長の
　昇進ルートが明確

まずはお気軽にご応募ください。

案件No：1102","《✼ここで働く4つの特徴✼》

✅ ① 頑張りが給与に反映される
営業歩合とインセンティブ制度があり、
賞与は年2回、昇給は年1回です。
役職が上がるごとに固定給も加算されます。

✅ ② 明確なキャリアパス
一般職→主任→係長→店長→支店長。
おおむね2〜3年を目途に昇進します。
（年収例：主任3年目1,284万円／店長8年目2,083万円／支店長13年目2,369万円）

✅ ③ 業界未経験でも挑戦できる
必要なのは何らかの営業経験1年以上（業界問わず）、
または正社員での販売経験（目安1年）。
既卒・第二新卒も歓迎です。

✅ ④ 選考はWeb面接1回
30分〜1時間程度のWeb面接1回で内定可能です。
入社後は各種研修制度も整っています。

＝＝＝＝＝＝＝＝＝＝＝＝＝＝＝
《✼待遇もしっかり✼》

✔ 社会保険完備（健康保険・厚生年金・雇用保険・労災保険）
✔ 確定拠出年金・選択制確定給付企業年金制度
✔ 財形貯蓄制度・従業員持株会
✔ 住宅取得補助制度・住宅手当
✔ 交通費支給・出産祝金・資格取得祝金
✔ 年間休日120日（休暇制度：年末年始休暇・お盆休暇・有給休暇・
慶弔休暇・アニバーサリー休暇・リフレッシュ休暇など）","✦・━━━━━━━━━━━━━━━・✦
＼まずは話を聞くところから／
選考は面接1回、最短1週間で内定
✦・━━━━━━━━━━━━━━━・✦

＝＝＝＝＝＝＝＝＝＝＝＝＝＝＝
【✧選考の流れ✧】

■ STEP 1　Web応募（所要1分）
氏名と連絡先など、簡単な入力だけで完了します。
応募段階での履歴書・職務経歴書は不要です。

■ STEP 2　カジュアル面談（オンライン／20〜30分）
「まずは話を聞いてみたい」でOKです。
私服・画面オフでのご参加も歓迎します。
面接ではなく相互理解の場ですので、
仕事内容や職場の雰囲気を気軽にお尋ねください。
平日夜間・早朝・土日の実施もご相談に応じます。

■ STEP 3　面接（対面またはWeb／1回のみ）
業務内容のご案内と、ご希望の働き方のお伺いをします。
ご希望の方にはオフィス見学や
現場スタッフとの対話の時間も設けます。

■ STEP 4　内定・条件面談
応募から内定まで最短1週間のスピード選考です。
入社日や勤務条件のご希望も調整いたします。

＝＝＝＝＝＝＝＝＝＝＝＝＝＝＝
【✧ご応募にあたって✧】

✔ 応募時に履歴書・職務経歴書は必要ありません
✔ 在職中の方も日程を調整できます
✔ 「話を聞いてみたい」だけのご応募も歓迎します"
118,1724,タマホーム株式会社,業界未経験OK◎選考はWeb面接1回だけの住宅営業♪,業界未経験OK｜住宅営業｜大阪市浪速区,"✦・━━━━━━━━━━━━━━━・✦
＼大阪府大阪市浪速区で募集中／
モデルハウスから始める、注文住宅の営業。
未経験の業界でも、経験を活かして挑戦◎
✦・━━━━━━━━━━━━━━━・✦

「不動産は未経験だけど、営業や接客の経験はある」
そんな方が、住宅業界に活躍の場を広げています。

＝＝＝＝＝＝＝＝＝＝＝＝＝＝＝
【✧お仕事の内容✧】

■ 顧客アプローチ・ヒアリング
モデルハウスに来場されたお客様への
ヒアリングと注文住宅プランの提案・作成

■ 調査・提案・競合分析
敷地調査、ローン提案、競合比較を行い、
最適なプランをご提供

■ 進行管理
ご契約後の着工・上棟・完成・引き渡しまでの
進行管理

＝＝＝＝＝＝＝＝＝＝＝＝＝＝＝
【✨この仕事の魅力✨】

✅ インセンティブがしっかり反映
営業歩合があり、頑張りが給与に直結します。
賞与は年2回、昇給は年1回です。

✅ キャリアパスが明確
一般職→主任→係長→店長→支店長と、
おおむね2〜3年を目途に昇進していきます。
役職ごとに固定給も加算されます。

✅ 選考はスピーディー
Web面接1回（30分〜1時間程度）で
内定可能です。

＝＝＝＝＝＝＝＝＝＝＝＝＝＝＝
【✔働き方✔】

✔ 9:00〜18:00（実働8時間／休憩60分）
✔ シフト制（月8〜12日休み）
✔ 年間休日120日

まずはお気軽にご応募ください。

案件No：1724","《✼ここで働く4つの特徴✼》

✅ ① 頑張りが給与に反映される
営業歩合とインセンティブ制度があり、
賞与は年2回、昇給は年1回です。
役職が上がるごとに固定給も加算されます。

✅ ② 明確なキャリアパス
一般職→主任→係長→店長→支店長。
おおむね2〜3年を目途に昇進します。
（年収例：主任3年目1,284万円／店長8年目2,083万円／支店長13年目2,369万円）

✅ ③ 業界未経験でも挑戦できる
必要なのは何らかの営業経験1年以上（業界問わず）、
または正社員での販売経験（目安1年）。
既卒・第二新卒も歓迎です。

✅ ④ 選考はWeb面接1回
30分〜1時間程度のWeb面接1回で内定可能です。
入社後は各種研修制度も整っています。

＝＝＝＝＝＝＝＝＝＝＝＝＝＝＝
《✼待遇もしっかり✼》

✔ 社会保険完備（健康保険・厚生年金・雇用保険・労災保険）
✔ 確定拠出年金・選択制確定給付企業年金制度
✔ 財形貯蓄制度・従業員持株会
✔ 住宅取得補助制度・住宅手当
✔ 交通費支給・出産祝金・資格取得祝金
✔ 年間休日120日（休暇制度：年末年始休暇・お盆休暇・有給休暇・
慶弔休暇・アニバーサリー休暇・リフレッシュ休暇など）","✦・━━━━━━━━━━━━━━━・✦
＼まずは話を聞くところから／
選考は面接1回、最短1週間で内定
✦・━━━━━━━━━━━━━━━・✦

＝＝＝＝＝＝＝＝＝＝＝＝＝＝＝
【✧選考の流れ✧】

■ STEP 1　Web応募（所要1分）
氏名と連絡先など、簡単な入力だけで完了します。
応募段階での履歴書・職務経歴書は不要です。

■ STEP 2　カジュアル面談（オンライン／20〜30分）
「まずは話を聞いてみたい」でOKです。
私服・画面オフでのご参加も歓迎します。
面接ではなく相互理解の場ですので、
仕事内容や職場の雰囲気を気軽にお尋ねください。
平日夜間・早朝・土日の実施もご相談に応じます。

■ STEP 3　面接（対面またはWeb／1回のみ）
業務内容のご案内と、ご希望の働き方のお伺いをします。
ご希望の方にはオフィス見学や
現場スタッフとの対話の時間も設けます。

■ STEP 4　内定・条件面談
応募から内定まで最短1週間のスピード選考です。
入社日や勤務条件のご希望も調整いたします。

＝＝＝＝＝＝＝＝＝＝＝＝＝＝＝
【✧ご応募にあたって✧】

✔ 応募時に履歴書・職務経歴書は必要ありません
✔ 在職中の方も日程を調整できます
✔ 「話を聞いてみたい」だけのご応募も歓迎します"
119,1956,タマホーム株式会社,業界未経験OK◎選考はWeb面接1回だけの住宅営業♪,業界未経験OK｜住宅営業｜大阪市鶴見区,"✦・━━━━━━━━━━━━━━━・✦
＼大阪府大阪市鶴見区で募集中／
「営業経験を、住宅業界で活かす」
注文住宅の提案営業◎
✦・━━━━━━━━━━━━━━━・✦

法人でも個人でも、業界は問いません。
何らかの営業経験、または販売経験があれば
新しいフィールドに挑戦できます。

＝＝＝＝＝＝＝＝＝＝＝＝＝＝＝
【✨この仕事の魅力✨】

✅ キャリアパスが明確
一般職→主任→係長→店長→支店長。
おおむね2〜3年を目途に昇進し、
役職ごとに固定給も加算されます。

✅ インセンティブがしっかり反映
営業歩合があり、賞与は年2回、
昇給は年1回です。

✅ 選考はスピーディー
Web面接1回（30分〜1時間程度）で
内定可能です。

＝＝＝＝＝＝＝＝＝＝＝＝＝＝＝
【✧お仕事の内容✧】

■ 顧客アプローチ・ヒアリング
モデルハウスに来場されたお客様への
ヒアリングと注文住宅プランの提案・作成

■ 調査・提案・競合分析
敷地調査、ローン提案、競合比較を行い、
最適なプランをご提供

■ 進行管理
ご契約後の着工・上棟・完成・引き渡しまでの
進行管理

＝＝＝＝＝＝＝＝＝＝＝＝＝＝＝
【✔働き方✔】

✔ 9:00〜18:00（実働8時間／休憩60分）
✔ シフト制（月8〜12日休み）
✔ 年間休日120日

まずはお気軽にご応募ください。

案件No：1956","《✼ここで働く4つの特徴✼》

✅ ① 頑張りが給与に反映される
営業歩合とインセンティブ制度があり、
賞与は年2回、昇給は年1回です。
役職が上がるごとに固定給も加算されます。

✅ ② 明確なキャリアパス
一般職→主任→係長→店長→支店長。
おおむね2〜3年を目途に昇進します。
（年収例：主任3年目1,284万円／店長8年目2,083万円／支店長13年目2,369万円）

✅ ③ 業界未経験でも挑戦できる
必要なのは何らかの営業経験1年以上（業界問わず）、
または正社員での販売経験（目安1年）。
既卒・第二新卒も歓迎です。

✅ ④ 選考はWeb面接1回
30分〜1時間程度のWeb面接1回で内定可能です。
入社後は各種研修制度も整っています。

＝＝＝＝＝＝＝＝＝＝＝＝＝＝＝
《✼待遇もしっかり✼》

✔ 社会保険完備（健康保険・厚生年金・雇用保険・労災保険）
✔ 確定拠出年金・選択制確定給付企業年金制度
✔ 財形貯蓄制度・従業員持株会
✔ 住宅取得補助制度・住宅手当
✔ 交通費支給・出産祝金・資格取得祝金
✔ 年間休日120日（休暇制度：年末年始休暇・お盆休暇・有給休暇・
慶弔休暇・アニバーサリー休暇・リフレッシュ休暇など）","✦・━━━━━━━━━━━━━━━・✦
＼まずは話を聞くところから／
選考は面接1回、最短1週間で内定
✦・━━━━━━━━━━━━━━━・✦

＝＝＝＝＝＝＝＝＝＝＝＝＝＝＝
【✧選考の流れ✧】

■ STEP 1　Web応募（所要1分）
氏名と連絡先など、簡単な入力だけで完了します。
応募段階での履歴書・職務経歴書は不要です。

■ STEP 2　カジュアル面談（オンライン／20〜30分）
「まずは話を聞いてみたい」でOKです。
私服・画面オフでのご参加も歓迎します。
面接ではなく相互理解の場ですので、
仕事内容や職場の雰囲気を気軽にお尋ねください。
平日夜間・早朝・土日の実施もご相談に応じます。

■ STEP 3　面接（対面またはWeb／1回のみ）
業務内容のご案内と、ご希望の働き方のお伺いをします。
ご希望の方にはオフィス見学や
現場スタッフとの対話の時間も設けます。

■ STEP 4　内定・条件面談
応募から内定まで最短1週間のスピード選考です。
入社日や勤務条件のご希望も調整いたします。

＝＝＝＝＝＝＝＝＝＝＝＝＝＝＝
【✧ご応募にあたって✧】

✔ 応募時に履歴書・職務経歴書は必要ありません
✔ 在職中の方も日程を調整できます
✔ 「話を聞いてみたい」だけのご応募も歓迎します"
120,832,タマホーム株式会社,業界未経験OK◎選考はWeb面接1回だけの住宅営業♪,業界未経験OK｜住宅営業｜高槻市,"✦・━━━━━━━━━━━━━━━・✦
＼大阪府高槻市で募集中／
モデルハウスでの接客から始める
注文住宅の営業職
✦・━━━━━━━━━━━━━━━・✦

「不動産は未経験だけど、人と話すのは得意」
そんな営業・販売経験を活かせる仕事です。

＝＝＝＝＝＝＝＝＝＝＝＝＝＝＝
【✧お仕事の内容✧】

■ 顧客アプローチ・ヒアリング
モデルハウスに来場されたお客様への
ヒアリングと注文住宅プランの提案・作成

■ 調査・提案・競合分析
敷地調査、ローン提案、競合比較を行い、
最適なプランをご提供

■ 進行管理
ご契約後の着工・上棟・完成・引き渡しまでの
進行管理

＝＝＝＝＝＝＝＝＝＝＝＝＝＝＝
【✨働きやすいポイント✨】

✔ 年間休日120日
✔ シフト制（月8〜12日休み）
✔ 9:00〜18:00（実働8時間／休憩60分）
✔ 社会保険完備・住宅手当・資格取得祝金あり

＝＝＝＝＝＝＝＝＝＝＝＝＝＝＝
【✨ここが強み✨】

✅ 賞与年2回・昇給年1回
✅ 営業歩合でインセンティブ還元
✅ 一般職→主任→係長→店長→支店長の
　昇進ルートが明確

まずはお気軽にご応募ください。

案件No：832","《✼ここで働く4つの特徴✼》

✅ ① 頑張りが給与に反映される
営業歩合とインセンティブ制度があり、
賞与は年2回、昇給は年1回です。
役職が上がるごとに固定給も加算されます。

✅ ② 明確なキャリアパス
一般職→主任→係長→店長→支店長。
おおむね2〜3年を目途に昇進します。
（年収例：主任3年目1,284万円／店長8年目2,083万円／支店長13年目2,369万円）

✅ ③ 業界未経験でも挑戦できる
必要なのは何らかの営業経験1年以上（業界問わず）、
または正社員での販売経験（目安1年）。
既卒・第二新卒も歓迎です。

✅ ④ 選考はWeb面接1回
30分〜1時間程度のWeb面接1回で内定可能です。
入社後は各種研修制度も整っています。

＝＝＝＝＝＝＝＝＝＝＝＝＝＝＝
《✼待遇もしっかり✼》

✔ 社会保険完備（健康保険・厚生年金・雇用保険・労災保険）
✔ 確定拠出年金・選択制確定給付企業年金制度
✔ 財形貯蓄制度・従業員持株会
✔ 住宅取得補助制度・住宅手当
✔ 交通費支給・出産祝金・資格取得祝金
✔ 年間休日120日（休暇制度：年末年始休暇・お盆休暇・有給休暇・
慶弔休暇・アニバーサリー休暇・リフレッシュ休暇など）","✦・━━━━━━━━━━━━━━━・✦
＼まずは話を聞くところから／
選考は面接1回、最短1週間で内定
✦・━━━━━━━━━━━━━━━・✦

＝＝＝＝＝＝＝＝＝＝＝＝＝＝＝
【✧選考の流れ✧】

■ STEP 1　Web応募（所要1分）
氏名と連絡先など、簡単な入力だけで完了します。
応募段階での履歴書・職務経歴書は不要です。

■ STEP 2　カジュアル面談（オンライン／20〜30分）
「まずは話を聞いてみたい」でOKです。
私服・画面オフでのご参加も歓迎します。
面接ではなく相互理解の場ですので、
仕事内容や職場の雰囲気を気軽にお尋ねください。
平日夜間・早朝・土日の実施もご相談に応じます。

■ STEP 3　面接（対面またはWeb／1回のみ）
業務内容のご案内と、ご希望の働き方のお伺いをします。
ご希望の方にはオフィス見学や
現場スタッフとの対話の時間も設けます。

■ STEP 4　内定・条件面談
応募から内定まで最短1週間のスピード選考です。
入社日や勤務条件のご希望も調整いたします。

＝＝＝＝＝＝＝＝＝＝＝＝＝＝＝
【✧ご応募にあたって✧】

✔ 応募時に履歴書・職務経歴書は必要ありません
✔ 在職中の方も日程を調整できます
✔ 「話を聞いてみたい」だけのご応募も歓迎します"
121,1247,タマホーム株式会社,業界未経験OK◎選考はWeb面接1回だけの住宅営業♪,業界未経験OK｜住宅営業｜豊中市,"✦・━━━━━━━━━━━━━━━・✦
＼大阪府豊中市で募集中／
モデルハウスから始める、注文住宅の営業。
未経験の業界でも、経験を活かして挑戦◎
✦・━━━━━━━━━━━━━━━・✦

「不動産は未経験だけど、営業や接客の経験はある」
そんな方が、住宅業界に活躍の場を広げています。

＝＝＝＝＝＝＝＝＝＝＝＝＝＝＝
【✧お仕事の内容✧】

■ 顧客アプローチ・ヒアリング
モデルハウスに来場されたお客様への
ヒアリングと注文住宅プランの提案・作成

■ 調査・提案・競合分析
敷地調査、ローン提案、競合比較を行い、
最適なプランをご提供

■ 進行管理
ご契約後の着工・上棟・完成・引き渡しまでの
進行管理

＝＝＝＝＝＝＝＝＝＝＝＝＝＝＝
【✨この仕事の魅力✨】

✅ インセンティブがしっかり反映
営業歩合があり、頑張りが給与に直結します。
賞与は年2回、昇給は年1回です。

✅ キャリアパスが明確
一般職→主任→係長→店長→支店長と、
おおむね2〜3年を目途に昇進していきます。
役職ごとに固定給も加算されます。

✅ 選考はスピーディー
Web面接1回（30分〜1時間程度）で
内定可能です。

＝＝＝＝＝＝＝＝＝＝＝＝＝＝＝
【✔働き方✔】

✔ 9:00〜18:00（実働8時間／休憩60分）
✔ シフト制（月8〜12日休み）
✔ 年間休日120日

まずはお気軽にご応募ください。

案件No：1247","《✼ここで働く4つの特徴✼》

✅ ① 頑張りが給与に反映される
営業歩合とインセンティブ制度があり、
賞与は年2回、昇給は年1回です。
役職が上がるごとに固定給も加算されます。

✅ ② 明確なキャリアパス
一般職→主任→係長→店長→支店長。
おおむね2〜3年を目途に昇進します。
（年収例：主任3年目1,284万円／店長8年目2,083万円／支店長13年目2,369万円）

✅ ③ 業界未経験でも挑戦できる
必要なのは何らかの営業経験1年以上（業界問わず）、
または正社員での販売経験（目安1年）。
既卒・第二新卒も歓迎です。

✅ ④ 選考はWeb面接1回
30分〜1時間程度のWeb面接1回で内定可能です。
入社後は各種研修制度も整っています。

＝＝＝＝＝＝＝＝＝＝＝＝＝＝＝
《✼待遇もしっかり✼》

✔ 社会保険完備（健康保険・厚生年金・雇用保険・労災保険）
✔ 確定拠出年金・選択制確定給付企業年金制度
✔ 財形貯蓄制度・従業員持株会
✔ 住宅取得補助制度・住宅手当
✔ 交通費支給・出産祝金・資格取得祝金
✔ 年間休日120日（休暇制度：年末年始休暇・お盆休暇・有給休暇・
慶弔休暇・アニバーサリー休暇・リフレッシュ休暇など）","✦・━━━━━━━━━━━━━━━・✦
＼まずは話を聞くところから／
選考は面接1回、最短1週間で内定
✦・━━━━━━━━━━━━━━━・✦

＝＝＝＝＝＝＝＝＝＝＝＝＝＝＝
【✧選考の流れ✧】

■ STEP 1　Web応募（所要1分）
氏名と連絡先など、簡単な入力だけで完了します。
応募段階での履歴書・職務経歴書は不要です。

■ STEP 2　カジュアル面談（オンライン／20〜30分）
「まずは話を聞いてみたい」でOKです。
私服・画面オフでのご参加も歓迎します。
面接ではなく相互理解の場ですので、
仕事内容や職場の雰囲気を気軽にお尋ねください。
平日夜間・早朝・土日の実施もご相談に応じます。

■ STEP 3　面接（対面またはWeb／1回のみ）
業務内容のご案内と、ご希望の働き方のお伺いをします。
ご希望の方にはオフィス見学や
現場スタッフとの対話の時間も設けます。

■ STEP 4　内定・条件面談
応募から内定まで最短1週間のスピード選考です。
入社日や勤務条件のご希望も調整いたします。

＝＝＝＝＝＝＝＝＝＝＝＝＝＝＝
【✧ご応募にあたって✧】

✔ 応募時に履歴書・職務経歴書は必要ありません
✔ 在職中の方も日程を調整できます
✔ 「話を聞いてみたい」だけのご応募も歓迎します"
122,1728,タマホーム株式会社,業界未経験OK◎選考はWeb面接1回だけの住宅営業♪,業界未経験OK｜住宅営業｜枚方市,"✦・━━━━━━━━━━━━━━━・✦
＼大阪府枚方市で募集中／
「営業経験を、住宅業界で活かす」
注文住宅の提案営業◎
✦・━━━━━━━━━━━━━━━・✦

法人でも個人でも、業界は問いません。
何らかの営業経験、または販売経験があれば
新しいフィールドに挑戦できます。

＝＝＝＝＝＝＝＝＝＝＝＝＝＝＝
【✨この仕事の魅力✨】

✅ キャリアパスが明確
一般職→主任→係長→店長→支店長。
おおむね2〜3年を目途に昇進し、
役職ごとに固定給も加算されます。

✅ インセンティブがしっかり反映
営業歩合があり、賞与は年2回、
昇給は年1回です。

✅ 選考はスピーディー
Web面接1回（30分〜1時間程度）で
内定可能です。

＝＝＝＝＝＝＝＝＝＝＝＝＝＝＝
【✧お仕事の内容✧】

■ 顧客アプローチ・ヒアリング
モデルハウスに来場されたお客様への
ヒアリングと注文住宅プランの提案・作成

■ 調査・提案・競合分析
敷地調査、ローン提案、競合比較を行い、
最適なプランをご提供

■ 進行管理
ご契約後の着工・上棟・完成・引き渡しまでの
進行管理

＝＝＝＝＝＝＝＝＝＝＝＝＝＝＝
【✔働き方✔】

✔ 9:00〜18:00（実働8時間／休憩60分）
✔ シフト制（月8〜12日休み）
✔ 年間休日120日

まずはお気軽にご応募ください。

案件No：1728","《✼ここで働く4つの特徴✼》

✅ ① 頑張りが給与に反映される
営業歩合とインセンティブ制度があり、
賞与は年2回、昇給は年1回です。
役職が上がるごとに固定給も加算されます。

✅ ② 明確なキャリアパス
一般職→主任→係長→店長→支店長。
おおむね2〜3年を目途に昇進します。
（年収例：主任3年目1,284万円／店長8年目2,083万円／支店長13年目2,369万円）

✅ ③ 業界未経験でも挑戦できる
必要なのは何らかの営業経験1年以上（業界問わず）、
または正社員での販売経験（目安1年）。
既卒・第二新卒も歓迎です。

✅ ④ 選考はWeb面接1回
30分〜1時間程度のWeb面接1回で内定可能です。
入社後は各種研修制度も整っています。

＝＝＝＝＝＝＝＝＝＝＝＝＝＝＝
《✼待遇もしっかり✼》

✔ 社会保険完備（健康保険・厚生年金・雇用保険・労災保険）
✔ 確定拠出年金・選択制確定給付企業年金制度
✔ 財形貯蓄制度・従業員持株会
✔ 住宅取得補助制度・住宅手当
✔ 交通費支給・出産祝金・資格取得祝金
✔ 年間休日120日（休暇制度：年末年始休暇・お盆休暇・有給休暇・
慶弔休暇・アニバーサリー休暇・リフレッシュ休暇など）","✦・━━━━━━━━━━━━━━━・✦
＼まずは話を聞くところから／
選考は面接1回、最短1週間で内定
✦・━━━━━━━━━━━━━━━・✦

＝＝＝＝＝＝＝＝＝＝＝＝＝＝＝
【✧選考の流れ✧】

■ STEP 1　Web応募（所要1分）
氏名と連絡先など、簡単な入力だけで完了します。
応募段階での履歴書・職務経歴書は不要です。

■ STEP 2　カジュアル面談（オンライン／20〜30分）
「まずは話を聞いてみたい」でOKです。
私服・画面オフでのご参加も歓迎します。
面接ではなく相互理解の場ですので、
仕事内容や職場の雰囲気を気軽にお尋ねください。
平日夜間・早朝・土日の実施もご相談に応じます。

■ STEP 3　面接（対面またはWeb／1回のみ）
業務内容のご案内と、ご希望の働き方のお伺いをします。
ご希望の方にはオフィス見学や
現場スタッフとの対話の時間も設けます。

■ STEP 4　内定・条件面談
応募から内定まで最短1週間のスピード選考です。
入社日や勤務条件のご希望も調整いたします。

＝＝＝＝＝＝＝＝＝＝＝＝＝＝＝
【✧ご応募にあたって✧】

✔ 応募時に履歴書・職務経歴書は必要ありません
✔ 在職中の方も日程を調整できます
✔ 「話を聞いてみたい」だけのご応募も歓迎します"
123,728,タマホーム株式会社,業界未経験OK◎選考はWeb面接1回だけの住宅営業♪,業界未経験OK｜住宅営業｜茨木市,"✦・━━━━━━━━━━━━━━━・✦
＼大阪府茨木市で募集中／
モデルハウスでの接客から始める
注文住宅の営業職
✦・━━━━━━━━━━━━━━━・✦

「不動産は未経験だけど、人と話すのは得意」
そんな営業・販売経験を活かせる仕事です。

＝＝＝＝＝＝＝＝＝＝＝＝＝＝＝
【✧お仕事の内容✧】

■ 顧客アプローチ・ヒアリング
モデルハウスに来場されたお客様への
ヒアリングと注文住宅プランの提案・作成

■ 調査・提案・競合分析
敷地調査、ローン提案、競合比較を行い、
最適なプランをご提供

■ 進行管理
ご契約後の着工・上棟・完成・引き渡しまでの
進行管理

＝＝＝＝＝＝＝＝＝＝＝＝＝＝＝
【✨働きやすいポイント✨】

✔ 年間休日120日
✔ シフト制（月8〜12日休み）
✔ 9:00〜18:00（実働8時間／休憩60分）
✔ 社会保険完備・住宅手当・資格取得祝金あり

＝＝＝＝＝＝＝＝＝＝＝＝＝＝＝
【✨ここが強み✨】

✅ 賞与年2回・昇給年1回
✅ 営業歩合でインセンティブ還元
✅ 一般職→主任→係長→店長→支店長の
　昇進ルートが明確

まずはお気軽にご応募ください。

案件No：728","《✼ここで働く4つの特徴✼》

✅ ① 頑張りが給与に反映される
営業歩合とインセンティブ制度があり、
賞与は年2回、昇給は年1回です。
役職が上がるごとに固定給も加算されます。

✅ ② 明確なキャリアパス
一般職→主任→係長→店長→支店長。
おおむね2〜3年を目途に昇進します。
（年収例：主任3年目1,284万円／店長8年目2,083万円／支店長13年目2,369万円）

✅ ③ 業界未経験でも挑戦できる
必要なのは何らかの営業経験1年以上（業界問わず）、
または正社員での販売経験（目安1年）。
既卒・第二新卒も歓迎です。

✅ ④ 選考はWeb面接1回
30分〜1時間程度のWeb面接1回で内定可能です。
入社後は各種研修制度も整っています。

＝＝＝＝＝＝＝＝＝＝＝＝＝＝＝
《✼待遇もしっかり✼》

✔ 社会保険完備（健康保険・厚生年金・雇用保険・労災保険）
✔ 確定拠出年金・選択制確定給付企業年金制度
✔ 財形貯蓄制度・従業員持株会
✔ 住宅取得補助制度・住宅手当
✔ 交通費支給・出産祝金・資格取得祝金
✔ 年間休日120日（休暇制度：年末年始休暇・お盆休暇・有給休暇・
慶弔休暇・アニバーサリー休暇・リフレッシュ休暇など）","✦・━━━━━━━━━━━━━━━・✦
＼まずは話を聞くところから／
選考は面接1回、最短1週間で内定
✦・━━━━━━━━━━━━━━━・✦

＝＝＝＝＝＝＝＝＝＝＝＝＝＝＝
【✧選考の流れ✧】

■ STEP 1　Web応募（所要1分）
氏名と連絡先など、簡単な入力だけで完了します。
応募段階での履歴書・職務経歴書は不要です。

■ STEP 2　カジュアル面談（オンライン／20〜30分）
「まずは話を聞いてみたい」でOKです。
私服・画面オフでのご参加も歓迎します。
面接ではなく相互理解の場ですので、
仕事内容や職場の雰囲気を気軽にお尋ねください。
平日夜間・早朝・土日の実施もご相談に応じます。

■ STEP 3　面接（対面またはWeb／1回のみ）
業務内容のご案内と、ご希望の働き方のお伺いをします。
ご希望の方にはオフィス見学や
現場スタッフとの対話の時間も設けます。

■ STEP 4　内定・条件面談
応募から内定まで最短1週間のスピード選考です。
入社日や勤務条件のご希望も調整いたします。

＝＝＝＝＝＝＝＝＝＝＝＝＝＝＝
【✧ご応募にあたって✧】

✔ 応募時に履歴書・職務経歴書は必要ありません
✔ 在職中の方も日程を調整できます
✔ 「話を聞いてみたい」だけのご応募も歓迎します"
124,1322,タマホーム株式会社,業界未経験OK◎選考はWeb面接1回だけの住宅営業♪,業界未経験OK｜住宅営業｜泉大津市,"✦・━━━━━━━━━━━━━━━・✦
＼大阪府泉大津市で募集中／
モデルハウスから始める、注文住宅の営業。
未経験の業界でも、経験を活かして挑戦◎
✦・━━━━━━━━━━━━━━━・✦

「不動産は未経験だけど、営業や接客の経験はある」
そんな方が、住宅業界に活躍の場を広げています。

＝＝＝＝＝＝＝＝＝＝＝＝＝＝＝
【✧お仕事の内容✧】

■ 顧客アプローチ・ヒアリング
モデルハウスに来場されたお客様への
ヒアリングと注文住宅プランの提案・作成

■ 調査・提案・競合分析
敷地調査、ローン提案、競合比較を行い、
最適なプランをご提供

■ 進行管理
ご契約後の着工・上棟・完成・引き渡しまでの
進行管理

＝＝＝＝＝＝＝＝＝＝＝＝＝＝＝
【✨この仕事の魅力✨】

✅ インセンティブがしっかり反映
営業歩合があり、頑張りが給与に直結します。
賞与は年2回、昇給は年1回です。

✅ キャリアパスが明確
一般職→主任→係長→店長→支店長と、
おおむね2〜3年を目途に昇進していきます。
役職ごとに固定給も加算されます。

✅ 選考はスピーディー
Web面接1回（30分〜1時間程度）で
内定可能です。

＝＝＝＝＝＝＝＝＝＝＝＝＝＝＝
【✔働き方✔】

✔ 9:00〜18:00（実働8時間／休憩60分）
✔ シフト制（月8〜12日休み）
✔ 年間休日120日

まずはお気軽にご応募ください。

案件No：1322","《✼ここで働く4つの特徴✼》

✅ ① 頑張りが給与に反映される
営業歩合とインセンティブ制度があり、
賞与は年2回、昇給は年1回です。
役職が上がるごとに固定給も加算されます。

✅ ② 明確なキャリアパス
一般職→主任→係長→店長→支店長。
おおむね2〜3年を目途に昇進します。
（年収例：主任3年目1,284万円／店長8年目2,083万円／支店長13年目2,369万円）

✅ ③ 業界未経験でも挑戦できる
必要なのは何らかの営業経験1年以上（業界問わず）、
または正社員での販売経験（目安1年）。
既卒・第二新卒も歓迎です。

✅ ④ 選考はWeb面接1回
30分〜1時間程度のWeb面接1回で内定可能です。
入社後は各種研修制度も整っています。

＝＝＝＝＝＝＝＝＝＝＝＝＝＝＝
《✼待遇もしっかり✼》

✔ 社会保険完備（健康保険・厚生年金・雇用保険・労災保険）
✔ 確定拠出年金・選択制確定給付企業年金制度
✔ 財形貯蓄制度・従業員持株会
✔ 住宅取得補助制度・住宅手当
✔ 交通費支給・出産祝金・資格取得祝金
✔ 年間休日120日（休暇制度：年末年始休暇・お盆休暇・有給休暇・
慶弔休暇・アニバーサリー休暇・リフレッシュ休暇など）","✦・━━━━━━━━━━━━━━━・✦
＼まずは話を聞くところから／
選考は面接1回、最短1週間で内定
✦・━━━━━━━━━━━━━━━・✦

＝＝＝＝＝＝＝＝＝＝＝＝＝＝＝
【✧選考の流れ✧】

■ STEP 1　Web応募（所要1分）
氏名と連絡先など、簡単な入力だけで完了します。
応募段階での履歴書・職務経歴書は不要です。

■ STEP 2　カジュアル面談（オンライン／20〜30分）
「まずは話を聞いてみたい」でOKです。
私服・画面オフでのご参加も歓迎します。
面接ではなく相互理解の場ですので、
仕事内容や職場の雰囲気を気軽にお尋ねください。
平日夜間・早朝・土日の実施もご相談に応じます。

■ STEP 3　面接（対面またはWeb／1回のみ）
業務内容のご案内と、ご希望の働き方のお伺いをします。
ご希望の方にはオフィス見学や
現場スタッフとの対話の時間も設けます。

■ STEP 4　内定・条件面談
応募から内定まで最短1週間のスピード選考です。
入社日や勤務条件のご希望も調整いたします。

＝＝＝＝＝＝＝＝＝＝＝＝＝＝＝
【✧ご応募にあたって✧】

✔ 応募時に履歴書・職務経歴書は必要ありません
✔ 在職中の方も日程を調整できます
✔ 「話を聞いてみたい」だけのご応募も歓迎します"
125,1019,タマホーム株式会社,業界未経験OK◎選考はWeb面接1回だけの住宅営業♪,業界未経験OK｜住宅営業｜京都市西京区,"✦・━━━━━━━━━━━━━━━・✦
＼京都府京都市西京区で募集中／
「営業経験を、住宅業界で活かす」
注文住宅の提案営業◎
✦・━━━━━━━━━━━━━━━・✦

法人でも個人でも、業界は問いません。
何らかの営業経験、または販売経験があれば
新しいフィールドに挑戦できます。

＝＝＝＝＝＝＝＝＝＝＝＝＝＝＝
【✨この仕事の魅力✨】

✅ キャリアパスが明確
一般職→主任→係長→店長→支店長。
おおむね2〜3年を目途に昇進し、
役職ごとに固定給も加算されます。

✅ インセンティブがしっかり反映
営業歩合があり、賞与は年2回、
昇給は年1回です。

✅ 選考はスピーディー
Web面接1回（30分〜1時間程度）で
内定可能です。

＝＝＝＝＝＝＝＝＝＝＝＝＝＝＝
【✧お仕事の内容✧】

■ 顧客アプローチ・ヒアリング
モデルハウスに来場されたお客様への
ヒアリングと注文住宅プランの提案・作成

■ 調査・提案・競合分析
敷地調査、ローン提案、競合比較を行い、
最適なプランをご提供

■ 進行管理
ご契約後の着工・上棟・完成・引き渡しまでの
進行管理

＝＝＝＝＝＝＝＝＝＝＝＝＝＝＝
【✔働き方✔】

✔ 9:00〜18:00（実働8時間／休憩60分）
✔ シフト制（月8〜12日休み）
✔ 年間休日120日

まずはお気軽にご応募ください。

案件No：1019","《✼ここで働く4つの特徴✼》

✅ ① 頑張りが給与に反映される
営業歩合とインセンティブ制度があり、
賞与は年2回、昇給は年1回です。
役職が上がるごとに固定給も加算されます。

✅ ② 明確なキャリアパス
一般職→主任→係長→店長→支店長。
おおむね2〜3年を目途に昇進します。
（年収例：主任3年目1,284万円／店長8年目2,083万円／支店長13年目2,369万円）

✅ ③ 業界未経験でも挑戦できる
必要なのは何らかの営業経験1年以上（業界問わず）、
または正社員での販売経験（目安1年）。
既卒・第二新卒も歓迎です。

✅ ④ 選考はWeb面接1回
30分〜1時間程度のWeb面接1回で内定可能です。
入社後は各種研修制度も整っています。

＝＝＝＝＝＝＝＝＝＝＝＝＝＝＝
《✼待遇もしっかり✼》

✔ 社会保険完備（健康保険・厚生年金・雇用保険・労災保険）
✔ 確定拠出年金・選択制確定給付企業年金制度
✔ 財形貯蓄制度・従業員持株会
✔ 住宅取得補助制度・住宅手当
✔ 交通費支給・出産祝金・資格取得祝金
✔ 年間休日120日（休暇制度：年末年始休暇・お盆休暇・有給休暇・
慶弔休暇・アニバーサリー休暇・リフレッシュ休暇など）","✦・━━━━━━━━━━━━━━━・✦
＼まずは話を聞くところから／
選考は面接1回、最短1週間で内定
✦・━━━━━━━━━━━━━━━・✦

＝＝＝＝＝＝＝＝＝＝＝＝＝＝＝
【✧選考の流れ✧】

■ STEP 1　Web応募（所要1分）
氏名と連絡先など、簡単な入力だけで完了します。
応募段階での履歴書・職務経歴書は不要です。

■ STEP 2　カジュアル面談（オンライン／20〜30分）
「まずは話を聞いてみたい」でOKです。
私服・画面オフでのご参加も歓迎します。
面接ではなく相互理解の場ですので、
仕事内容や職場の雰囲気を気軽にお尋ねください。
平日夜間・早朝・土日の実施もご相談に応じます。

■ STEP 3　面接（対面またはWeb／1回のみ）
業務内容のご案内と、ご希望の働き方のお伺いをします。
ご希望の方にはオフィス見学や
現場スタッフとの対話の時間も設けます。

■ STEP 4　内定・条件面談
応募から内定まで最短1週間のスピード選考です。
入社日や勤務条件のご希望も調整いたします。

＝＝＝＝＝＝＝＝＝＝＝＝＝＝＝
【✧ご応募にあたって✧】

✔ 応募時に履歴書・職務経歴書は必要ありません
✔ 在職中の方も日程を調整できます
✔ 「話を聞いてみたい」だけのご応募も歓迎します"
126,46,タマホーム株式会社,業界未経験OK◎選考はWeb面接1回だけの住宅営業♪,業界未経験OK｜住宅営業｜京都市伏見区,"✦・━━━━━━━━━━━━━━━・✦
＼京都府京都市伏見区で募集中／
モデルハウスでの接客から始める
注文住宅の営業職
✦・━━━━━━━━━━━━━━━・✦

「不動産は未経験だけど、人と話すのは得意」
そんな営業・販売経験を活かせる仕事です。

＝＝＝＝＝＝＝＝＝＝＝＝＝＝＝
【✧お仕事の内容✧】

■ 顧客アプローチ・ヒアリング
モデルハウスに来場されたお客様への
ヒアリングと注文住宅プランの提案・作成

■ 調査・提案・競合分析
敷地調査、ローン提案、競合比較を行い、
最適なプランをご提供

■ 進行管理
ご契約後の着工・上棟・完成・引き渡しまでの
進行管理

＝＝＝＝＝＝＝＝＝＝＝＝＝＝＝
【✨働きやすいポイント✨】

✔ 年間休日120日
✔ シフト制（月8〜12日休み）
✔ 9:00〜18:00（実働8時間／休憩60分）
✔ 社会保険完備・住宅手当・資格取得祝金あり

＝＝＝＝＝＝＝＝＝＝＝＝＝＝＝
【✨ここが強み✨】

✅ 賞与年2回・昇給年1回
✅ 営業歩合でインセンティブ還元
✅ 一般職→主任→係長→店長→支店長の
　昇進ルートが明確

まずはお気軽にご応募ください。

案件No：46","《✼ここで働く4つの特徴✼》

✅ ① 頑張りが給与に反映される
営業歩合とインセンティブ制度があり、
賞与は年2回、昇給は年1回です。
役職が上がるごとに固定給も加算されます。

✅ ② 明確なキャリアパス
一般職→主任→係長→店長→支店長。
おおむね2〜3年を目途に昇進します。
（年収例：主任3年目1,284万円／店長8年目2,083万円／支店長13年目2,369万円）

✅ ③ 業界未経験でも挑戦できる
必要なのは何らかの営業経験1年以上（業界問わず）、
または正社員での販売経験（目安1年）。
既卒・第二新卒も歓迎です。

✅ ④ 選考はWeb面接1回
30分〜1時間程度のWeb面接1回で内定可能です。
入社後は各種研修制度も整っています。

＝＝＝＝＝＝＝＝＝＝＝＝＝＝＝
《✼待遇もしっかり✼》

✔ 社会保険完備（健康保険・厚生年金・雇用保険・労災保険）
✔ 確定拠出年金・選択制確定給付企業年金制度
✔ 財形貯蓄制度・従業員持株会
✔ 住宅取得補助制度・住宅手当
✔ 交通費支給・出産祝金・資格取得祝金
✔ 年間休日120日（休暇制度：年末年始休暇・お盆休暇・有給休暇・
慶弔休暇・アニバーサリー休暇・リフレッシュ休暇など）","✦・━━━━━━━━━━━━━━━・✦
＼まずは話を聞くところから／
選考は面接1回、最短1週間で内定
✦・━━━━━━━━━━━━━━━・✦

＝＝＝＝＝＝＝＝＝＝＝＝＝＝＝
【✧選考の流れ✧】

■ STEP 1　Web応募（所要1分）
氏名と連絡先など、簡単な入力だけで完了します。
応募段階での履歴書・職務経歴書は不要です。

■ STEP 2　カジュアル面談（オンライン／20〜30分）
「まずは話を聞いてみたい」でOKです。
私服・画面オフでのご参加も歓迎します。
面接ではなく相互理解の場ですので、
仕事内容や職場の雰囲気を気軽にお尋ねください。
平日夜間・早朝・土日の実施もご相談に応じます。

■ STEP 3　面接（対面またはWeb／1回のみ）
業務内容のご案内と、ご希望の働き方のお伺いをします。
ご希望の方にはオフィス見学や
現場スタッフとの対話の時間も設けます。

■ STEP 4　内定・条件面談
応募から内定まで最短1週間のスピード選考です。
入社日や勤務条件のご希望も調整いたします。

＝＝＝＝＝＝＝＝＝＝＝＝＝＝＝
【✧ご応募にあたって✧】

✔ 応募時に履歴書・職務経歴書は必要ありません
✔ 在職中の方も日程を調整できます
✔ 「話を聞いてみたい」だけのご応募も歓迎します"
127,2687,タマホーム株式会社,業界未経験OK◎選考はWeb面接1回だけの住宅営業♪,業界未経験OK｜住宅営業｜福知山市,"✦・━━━━━━━━━━━━━━━・✦
＼京都府福知山市で募集中／
モデルハウスから始める、注文住宅の営業。
未経験の業界でも、経験を活かして挑戦◎
✦・━━━━━━━━━━━━━━━・✦

「不動産は未経験だけど、営業や接客の経験はある」
そんな方が、住宅業界に活躍の場を広げています。

＝＝＝＝＝＝＝＝＝＝＝＝＝＝＝
【✧お仕事の内容✧】

■ 顧客アプローチ・ヒアリング
モデルハウスに来場されたお客様への
ヒアリングと注文住宅プランの提案・作成

■ 調査・提案・競合分析
敷地調査、ローン提案、競合比較を行い、
最適なプランをご提供

■ 進行管理
ご契約後の着工・上棟・完成・引き渡しまでの
進行管理

＝＝＝＝＝＝＝＝＝＝＝＝＝＝＝
【✨この仕事の魅力✨】

✅ インセンティブがしっかり反映
営業歩合があり、頑張りが給与に直結します。
賞与は年2回、昇給は年1回です。

✅ キャリアパスが明確
一般職→主任→係長→店長→支店長と、
おおむね2〜3年を目途に昇進していきます。
役職ごとに固定給も加算されます。

✅ 選考はスピーディー
Web面接1回（30分〜1時間程度）で
内定可能です。

＝＝＝＝＝＝＝＝＝＝＝＝＝＝＝
【✔働き方✔】

✔ 9:00〜18:00（実働8時間／休憩60分）
✔ シフト制（月8〜12日休み）
✔ 年間休日120日

まずはお気軽にご応募ください。

案件No：2687","《✼ここで働く4つの特徴✼》

✅ ① 頑張りが給与に反映される
営業歩合とインセンティブ制度があり、
賞与は年2回、昇給は年1回です。
役職が上がるごとに固定給も加算されます。

✅ ② 明確なキャリアパス
一般職→主任→係長→店長→支店長。
おおむね2〜3年を目途に昇進します。
（年収例：主任3年目1,284万円／店長8年目2,083万円／支店長13年目2,369万円）

✅ ③ 業界未経験でも挑戦できる
必要なのは何らかの営業経験1年以上（業界問わず）、
または正社員での販売経験（目安1年）。
既卒・第二新卒も歓迎です。

✅ ④ 選考はWeb面接1回
30分〜1時間程度のWeb面接1回で内定可能です。
入社後は各種研修制度も整っています。

＝＝＝＝＝＝＝＝＝＝＝＝＝＝＝
《✼待遇もしっかり✼》

✔ 社会保険完備（健康保険・厚生年金・雇用保険・労災保険）
✔ 確定拠出年金・選択制確定給付企業年金制度
✔ 財形貯蓄制度・従業員持株会
✔ 住宅取得補助制度・住宅手当
✔ 交通費支給・出産祝金・資格取得祝金
✔ 年間休日120日（休暇制度：年末年始休暇・お盆休暇・有給休暇・
慶弔休暇・アニバーサリー休暇・リフレッシュ休暇など）","✦・━━━━━━━━━━━━━━━・✦
＼まずは話を聞くところから／
選考は面接1回、最短1週間で内定
✦・━━━━━━━━━━━━━━━・✦

＝＝＝＝＝＝＝＝＝＝＝＝＝＝＝
【✧選考の流れ✧】

■ STEP 1　Web応募（所要1分）
氏名と連絡先など、簡単な入力だけで完了します。
応募段階での履歴書・職務経歴書は不要です。

■ STEP 2　カジュアル面談（オンライン／20〜30分）
「まずは話を聞いてみたい」でOKです。
私服・画面オフでのご参加も歓迎します。
面接ではなく相互理解の場ですので、
仕事内容や職場の雰囲気を気軽にお尋ねください。
平日夜間・早朝・土日の実施もご相談に応じます。

■ STEP 3　面接（対面またはWeb／1回のみ）
業務内容のご案内と、ご希望の働き方のお伺いをします。
ご希望の方にはオフィス見学や
現場スタッフとの対話の時間も設けます。

■ STEP 4　内定・条件面談
応募から内定まで最短1週間のスピード選考です。
入社日や勤務条件のご希望も調整いたします。

＝＝＝＝＝＝＝＝＝＝＝＝＝＝＝
【✧ご応募にあたって✧】

✔ 応募時に履歴書・職務経歴書は必要ありません
✔ 在職中の方も日程を調整できます
✔ 「話を聞いてみたい」だけのご応募も歓迎します"
128,242,タマホーム株式会社,業界未経験OK◎選考はWeb面接1回だけの住宅営業♪,業界未経験OK｜住宅営業｜豊田市,"✦・━━━━━━━━━━━━━━━・✦
＼愛知県豊田市で募集中／
「営業経験を、住宅業界で活かす」
注文住宅の提案営業◎
✦・━━━━━━━━━━━━━━━・✦

法人でも個人でも、業界は問いません。
何らかの営業経験、または販売経験があれば
新しいフィールドに挑戦できます。

＝＝＝＝＝＝＝＝＝＝＝＝＝＝＝
【✨この仕事の魅力✨】

✅ キャリアパスが明確
一般職→主任→係長→店長→支店長。
おおむね2〜3年を目途に昇進し、
役職ごとに固定給も加算されます。

✅ インセンティブがしっかり反映
営業歩合があり、賞与は年2回、
昇給は年1回です。

✅ 選考はスピーディー
Web面接1回（30分〜1時間程度）で
内定可能です。

＝＝＝＝＝＝＝＝＝＝＝＝＝＝＝
【✧お仕事の内容✧】

■ 顧客アプローチ・ヒアリング
モデルハウスに来場されたお客様への
ヒアリングと注文住宅プランの提案・作成

■ 調査・提案・競合分析
敷地調査、ローン提案、競合比較を行い、
最適なプランをご提供

■ 進行管理
ご契約後の着工・上棟・完成・引き渡しまでの
進行管理

＝＝＝＝＝＝＝＝＝＝＝＝＝＝＝
【✔働き方✔】

✔ 9:00〜18:00（実働8時間／休憩60分）
✔ シフト制（月8〜12日休み）
✔ 年間休日120日

まずはお気軽にご応募ください。

案件No：242","《✼ここで働く4つの特徴✼》

✅ ① 頑張りが給与に反映される
営業歩合とインセンティブ制度があり、
賞与は年2回、昇給は年1回です。
役職が上がるごとに固定給も加算されます。

✅ ② 明確なキャリアパス
一般職→主任→係長→店長→支店長。
おおむね2〜3年を目途に昇進します。
（年収例：主任3年目1,284万円／店長8年目2,083万円／支店長13年目2,369万円）

✅ ③ 業界未経験でも挑戦できる
必要なのは何らかの営業経験1年以上（業界問わず）、
または正社員での販売経験（目安1年）。
既卒・第二新卒も歓迎です。

✅ ④ 選考はWeb面接1回
30分〜1時間程度のWeb面接1回で内定可能です。
入社後は各種研修制度も整っています。

＝＝＝＝＝＝＝＝＝＝＝＝＝＝＝
《✼待遇もしっかり✼》

✔ 社会保険完備（健康保険・厚生年金・雇用保険・労災保険）
✔ 確定拠出年金・選択制確定給付企業年金制度
✔ 財形貯蓄制度・従業員持株会
✔ 住宅取得補助制度・住宅手当
✔ 交通費支給・出産祝金・資格取得祝金
✔ 年間休日120日（休暇制度：年末年始休暇・お盆休暇・有給休暇・
慶弔休暇・アニバーサリー休暇・リフレッシュ休暇など）","✦・━━━━━━━━━━━━━━━・✦
＼まずは話を聞くところから／
選考は面接1回、最短1週間で内定
✦・━━━━━━━━━━━━━━━・✦

＝＝＝＝＝＝＝＝＝＝＝＝＝＝＝
【✧選考の流れ✧】

■ STEP 1　Web応募（所要1分）
氏名と連絡先など、簡単な入力だけで完了します。
応募段階での履歴書・職務経歴書は不要です。

■ STEP 2　カジュアル面談（オンライン／20〜30分）
「まずは話を聞いてみたい」でOKです。
私服・画面オフでのご参加も歓迎します。
面接ではなく相互理解の場ですので、
仕事内容や職場の雰囲気を気軽にお尋ねください。
平日夜間・早朝・土日の実施もご相談に応じます。

■ STEP 3　面接（対面またはWeb／1回のみ）
業務内容のご案内と、ご希望の働き方のお伺いをします。
ご希望の方にはオフィス見学や
現場スタッフとの対話の時間も設けます。

■ STEP 4　内定・条件面談
応募から内定まで最短1週間のスピード選考です。
入社日や勤務条件のご希望も調整いたします。

＝＝＝＝＝＝＝＝＝＝＝＝＝＝＝
【✧ご応募にあたって✧】

✔ 応募時に履歴書・職務経歴書は必要ありません
✔ 在職中の方も日程を調整できます
✔ 「話を聞いてみたい」だけのご応募も歓迎します"
129,1860,タマホーム株式会社,業界未経験OK◎選考はWeb面接1回だけの住宅営業♪,業界未経験OK｜住宅営業｜西尾市,"✦・━━━━━━━━━━━━━━━・✦
＼愛知県西尾市で募集中／
モデルハウスでの接客から始める
注文住宅の営業職
✦・━━━━━━━━━━━━━━━・✦

「不動産は未経験だけど、人と話すのは得意」
そんな営業・販売経験を活かせる仕事です。

＝＝＝＝＝＝＝＝＝＝＝＝＝＝＝
【✧お仕事の内容✧】

■ 顧客アプローチ・ヒアリング
モデルハウスに来場されたお客様への
ヒアリングと注文住宅プランの提案・作成

■ 調査・提案・競合分析
敷地調査、ローン提案、競合比較を行い、
最適なプランをご提供

■ 進行管理
ご契約後の着工・上棟・完成・引き渡しまでの
進行管理

＝＝＝＝＝＝＝＝＝＝＝＝＝＝＝
【✨働きやすいポイント✨】

✔ 年間休日120日
✔ シフト制（月8〜12日休み）
✔ 9:00〜18:00（実働8時間／休憩60分）
✔ 社会保険完備・住宅手当・資格取得祝金あり

＝＝＝＝＝＝＝＝＝＝＝＝＝＝＝
【✨ここが強み✨】

✅ 賞与年2回・昇給年1回
✅ 営業歩合でインセンティブ還元
✅ 一般職→主任→係長→店長→支店長の
　昇進ルートが明確

まずはお気軽にご応募ください。

案件No：1860","《✼ここで働く4つの特徴✼》

✅ ① 頑張りが給与に反映される
営業歩合とインセンティブ制度があり、
賞与は年2回、昇給は年1回です。
役職が上がるごとに固定給も加算されます。

✅ ② 明確なキャリアパス
一般職→主任→係長→店長→支店長。
おおむね2〜3年を目途に昇進します。
（年収例：主任3年目1,284万円／店長8年目2,083万円／支店長13年目2,369万円）

✅ ③ 業界未経験でも挑戦できる
必要なのは何らかの営業経験1年以上（業界問わず）、
または正社員での販売経験（目安1年）。
既卒・第二新卒も歓迎です。

✅ ④ 選考はWeb面接1回
30分〜1時間程度のWeb面接1回で内定可能です。
入社後は各種研修制度も整っています。

＝＝＝＝＝＝＝＝＝＝＝＝＝＝＝
《✼待遇もしっかり✼》

✔ 社会保険完備（健康保険・厚生年金・雇用保険・労災保険）
✔ 確定拠出年金・選択制確定給付企業年金制度
✔ 財形貯蓄制度・従業員持株会
✔ 住宅取得補助制度・住宅手当
✔ 交通費支給・出産祝金・資格取得祝金
✔ 年間休日120日（休暇制度：年末年始休暇・お盆休暇・有給休暇・
慶弔休暇・アニバーサリー休暇・リフレッシュ休暇など）","✦・━━━━━━━━━━━━━━━・✦
＼まずは話を聞くところから／
選考は面接1回、最短1週間で内定
✦・━━━━━━━━━━━━━━━・✦

＝＝＝＝＝＝＝＝＝＝＝＝＝＝＝
【✧選考の流れ✧】

■ STEP 1　Web応募（所要1分）
氏名と連絡先など、簡単な入力だけで完了します。
応募段階での履歴書・職務経歴書は不要です。

■ STEP 2　カジュアル面談（オンライン／20〜30分）
「まずは話を聞いてみたい」でOKです。
私服・画面オフでのご参加も歓迎します。
面接ではなく相互理解の場ですので、
仕事内容や職場の雰囲気を気軽にお尋ねください。
平日夜間・早朝・土日の実施もご相談に応じます。

■ STEP 3　面接（対面またはWeb／1回のみ）
業務内容のご案内と、ご希望の働き方のお伺いをします。
ご希望の方にはオフィス見学や
現場スタッフとの対話の時間も設けます。

■ STEP 4　内定・条件面談
応募から内定まで最短1週間のスピード選考です。
入社日や勤務条件のご希望も調整いたします。

＝＝＝＝＝＝＝＝＝＝＝＝＝＝＝
【✧ご応募にあたって✧】

✔ 応募時に履歴書・職務経歴書は必要ありません
✔ 在職中の方も日程を調整できます
✔ 「話を聞いてみたい」だけのご応募も歓迎します"
130,1462,タマホーム株式会社,業界未経験OK◎選考はWeb面接1回だけの住宅営業♪,業界未経験OK｜住宅営業｜豊田市,"✦・━━━━━━━━━━━━━━━・✦
＼愛知県豊田市で募集中／
モデルハウスから始める、注文住宅の営業。
未経験の業界でも、経験を活かして挑戦◎
✦・━━━━━━━━━━━━━━━・✦

「不動産は未経験だけど、営業や接客の経験はある」
そんな方が、住宅業界に活躍の場を広げています。

＝＝＝＝＝＝＝＝＝＝＝＝＝＝＝
【✧お仕事の内容✧】

■ 顧客アプローチ・ヒアリング
モデルハウスに来場されたお客様への
ヒアリングと注文住宅プランの提案・作成

■ 調査・提案・競合分析
敷地調査、ローン提案、競合比較を行い、
最適なプランをご提供

■ 進行管理
ご契約後の着工・上棟・完成・引き渡しまでの
進行管理

＝＝＝＝＝＝＝＝＝＝＝＝＝＝＝
【✨この仕事の魅力✨】

✅ インセンティブがしっかり反映
営業歩合があり、頑張りが給与に直結します。
賞与は年2回、昇給は年1回です。

✅ キャリアパスが明確
一般職→主任→係長→店長→支店長と、
おおむね2〜3年を目途に昇進していきます。
役職ごとに固定給も加算されます。

✅ 選考はスピーディー
Web面接1回（30分〜1時間程度）で
内定可能です。

＝＝＝＝＝＝＝＝＝＝＝＝＝＝＝
【✔働き方✔】

✔ 9:00〜18:00（実働8時間／休憩60分）
✔ シフト制（月8〜12日休み）
✔ 年間休日120日

まずはお気軽にご応募ください。

案件No：1462","《✼ここで働く4つの特徴✼》

✅ ① 頑張りが給与に反映される
営業歩合とインセンティブ制度があり、
賞与は年2回、昇給は年1回です。
役職が上がるごとに固定給も加算されます。

✅ ② 明確なキャリアパス
一般職→主任→係長→店長→支店長。
おおむね2〜3年を目途に昇進します。
（年収例：主任3年目1,284万円／店長8年目2,083万円／支店長13年目2,369万円）

✅ ③ 業界未経験でも挑戦できる
必要なのは何らかの営業経験1年以上（業界問わず）、
または正社員での販売経験（目安1年）。
既卒・第二新卒も歓迎です。

✅ ④ 選考はWeb面接1回
30分〜1時間程度のWeb面接1回で内定可能です。
入社後は各種研修制度も整っています。

＝＝＝＝＝＝＝＝＝＝＝＝＝＝＝
《✼待遇もしっかり✼》

✔ 社会保険完備（健康保険・厚生年金・雇用保険・労災保険）
✔ 確定拠出年金・選択制確定給付企業年金制度
✔ 財形貯蓄制度・従業員持株会
✔ 住宅取得補助制度・住宅手当
✔ 交通費支給・出産祝金・資格取得祝金
✔ 年間休日120日（休暇制度：年末年始休暇・お盆休暇・有給休暇・
慶弔休暇・アニバーサリー休暇・リフレッシュ休暇など）","✦・━━━━━━━━━━━━━━━・✦
＼まずは話を聞くところから／
選考は面接1回、最短1週間で内定
✦・━━━━━━━━━━━━━━━・✦

＝＝＝＝＝＝＝＝＝＝＝＝＝＝＝
【✧選考の流れ✧】

■ STEP 1　Web応募（所要1分）
氏名と連絡先など、簡単な入力だけで完了します。
応募段階での履歴書・職務経歴書は不要です。

■ STEP 2　カジュアル面談（オンライン／20〜30分）
「まずは話を聞いてみたい」でOKです。
私服・画面オフでのご参加も歓迎します。
面接ではなく相互理解の場ですので、
仕事内容や職場の雰囲気を気軽にお尋ねください。
平日夜間・早朝・土日の実施もご相談に応じます。

■ STEP 3　面接（対面またはWeb／1回のみ）
業務内容のご案内と、ご希望の働き方のお伺いをします。
ご希望の方にはオフィス見学や
現場スタッフとの対話の時間も設けます。

■ STEP 4　内定・条件面談
応募から内定まで最短1週間のスピード選考です。
入社日や勤務条件のご希望も調整いたします。

＝＝＝＝＝＝＝＝＝＝＝＝＝＝＝
【✧ご応募にあたって✧】

✔ 応募時に履歴書・職務経歴書は必要ありません
✔ 在職中の方も日程を調整できます
✔ 「話を聞いてみたい」だけのご応募も歓迎します"
131,1238,タマホーム株式会社,業界未経験OK◎選考はWeb面接1回だけの住宅営業♪,業界未経験OK｜住宅営業｜安城市,"✦・━━━━━━━━━━━━━━━・✦
＼愛知県安城市で募集中／
「営業経験を、住宅業界で活かす」
注文住宅の提案営業◎
✦・━━━━━━━━━━━━━━━・✦

法人でも個人でも、業界は問いません。
何らかの営業経験、または販売経験があれば
新しいフィールドに挑戦できます。

＝＝＝＝＝＝＝＝＝＝＝＝＝＝＝
【✨この仕事の魅力✨】

✅ キャリアパスが明確
一般職→主任→係長→店長→支店長。
おおむね2〜3年を目途に昇進し、
役職ごとに固定給も加算されます。

✅ インセンティブがしっかり反映
営業歩合があり、賞与は年2回、
昇給は年1回です。

✅ 選考はスピーディー
Web面接1回（30分〜1時間程度）で
内定可能です。

＝＝＝＝＝＝＝＝＝＝＝＝＝＝＝
【✧お仕事の内容✧】

■ 顧客アプローチ・ヒアリング
モデルハウスに来場されたお客様への
ヒアリングと注文住宅プランの提案・作成

■ 調査・提案・競合分析
敷地調査、ローン提案、競合比較を行い、
最適なプランをご提供

■ 進行管理
ご契約後の着工・上棟・完成・引き渡しまでの
進行管理

＝＝＝＝＝＝＝＝＝＝＝＝＝＝＝
【✔働き方✔】

✔ 9:00〜18:00（実働8時間／休憩60分）
✔ シフト制（月8〜12日休み）
✔ 年間休日120日

まずはお気軽にご応募ください。

案件No：1238","《✼ここで働く4つの特徴✼》

✅ ① 頑張りが給与に反映される
営業歩合とインセンティブ制度があり、
賞与は年2回、昇給は年1回です。
役職が上がるごとに固定給も加算されます。

✅ ② 明確なキャリアパス
一般職→主任→係長→店長→支店長。
おおむね2〜3年を目途に昇進します。
（年収例：主任3年目1,284万円／店長8年目2,083万円／支店長13年目2,369万円）

✅ ③ 業界未経験でも挑戦できる
必要なのは何らかの営業経験1年以上（業界問わず）、
または正社員での販売経験（目安1年）。
既卒・第二新卒も歓迎です。

✅ ④ 選考はWeb面接1回
30分〜1時間程度のWeb面接1回で内定可能です。
入社後は各種研修制度も整っています。

＝＝＝＝＝＝＝＝＝＝＝＝＝＝＝
《✼待遇もしっかり✼》

✔ 社会保険完備（健康保険・厚生年金・雇用保険・労災保険）
✔ 確定拠出年金・選択制確定給付企業年金制度
✔ 財形貯蓄制度・従業員持株会
✔ 住宅取得補助制度・住宅手当
✔ 交通費支給・出産祝金・資格取得祝金
✔ 年間休日120日（休暇制度：年末年始休暇・お盆休暇・有給休暇・
慶弔休暇・アニバーサリー休暇・リフレッシュ休暇など）","✦・━━━━━━━━━━━━━━━・✦
＼まずは話を聞くところから／
選考は面接1回、最短1週間で内定
✦・━━━━━━━━━━━━━━━・✦

＝＝＝＝＝＝＝＝＝＝＝＝＝＝＝
【✧選考の流れ✧】

■ STEP 1　Web応募（所要1分）
氏名と連絡先など、簡単な入力だけで完了します。
応募段階での履歴書・職務経歴書は不要です。

■ STEP 2　カジュアル面談（オンライン／20〜30分）
「まずは話を聞いてみたい」でOKです。
私服・画面オフでのご参加も歓迎します。
面接ではなく相互理解の場ですので、
仕事内容や職場の雰囲気を気軽にお尋ねください。
平日夜間・早朝・土日の実施もご相談に応じます。

■ STEP 3　面接（対面またはWeb／1回のみ）
業務内容のご案内と、ご希望の働き方のお伺いをします。
ご希望の方にはオフィス見学や
現場スタッフとの対話の時間も設けます。

■ STEP 4　内定・条件面談
応募から内定まで最短1週間のスピード選考です。
入社日や勤務条件のご希望も調整いたします。

＝＝＝＝＝＝＝＝＝＝＝＝＝＝＝
【✧ご応募にあたって✧】

✔ 応募時に履歴書・職務経歴書は必要ありません
✔ 在職中の方も日程を調整できます
✔ 「話を聞いてみたい」だけのご応募も歓迎します"
132,1800,タマホーム株式会社,業界未経験OK◎選考はWeb面接1回だけの住宅営業♪,業界未経験OK｜住宅営業｜豊橋市,"✦・━━━━━━━━━━━━━━━・✦
＼愛知県豊橋市で募集中／
モデルハウスでの接客から始める
注文住宅の営業職
✦・━━━━━━━━━━━━━━━・✦

「不動産は未経験だけど、人と話すのは得意」
そんな営業・販売経験を活かせる仕事です。

＝＝＝＝＝＝＝＝＝＝＝＝＝＝＝
【✧お仕事の内容✧】

■ 顧客アプローチ・ヒアリング
モデルハウスに来場されたお客様への
ヒアリングと注文住宅プランの提案・作成

■ 調査・提案・競合分析
敷地調査、ローン提案、競合比較を行い、
最適なプランをご提供

■ 進行管理
ご契約後の着工・上棟・完成・引き渡しまでの
進行管理

＝＝＝＝＝＝＝＝＝＝＝＝＝＝＝
【✨働きやすいポイント✨】

✔ 年間休日120日
✔ シフト制（月8〜12日休み）
✔ 9:00〜18:00（実働8時間／休憩60分）
✔ 社会保険完備・住宅手当・資格取得祝金あり

＝＝＝＝＝＝＝＝＝＝＝＝＝＝＝
【✨ここが強み✨】

✅ 賞与年2回・昇給年1回
✅ 営業歩合でインセンティブ還元
✅ 一般職→主任→係長→店長→支店長の
　昇進ルートが明確

まずはお気軽にご応募ください。

案件No：1800","《✼ここで働く4つの特徴✼》

✅ ① 頑張りが給与に反映される
営業歩合とインセンティブ制度があり、
賞与は年2回、昇給は年1回です。
役職が上がるごとに固定給も加算されます。

✅ ② 明確なキャリアパス
一般職→主任→係長→店長→支店長。
おおむね2〜3年を目途に昇進します。
（年収例：主任3年目1,284万円／店長8年目2,083万円／支店長13年目2,369万円）

✅ ③ 業界未経験でも挑戦できる
必要なのは何らかの営業経験1年以上（業界問わず）、
または正社員での販売経験（目安1年）。
既卒・第二新卒も歓迎です。

✅ ④ 選考はWeb面接1回
30分〜1時間程度のWeb面接1回で内定可能です。
入社後は各種研修制度も整っています。

＝＝＝＝＝＝＝＝＝＝＝＝＝＝＝
《✼待遇もしっかり✼》

✔ 社会保険完備（健康保険・厚生年金・雇用保険・労災保険）
✔ 確定拠出年金・選択制確定給付企業年金制度
✔ 財形貯蓄制度・従業員持株会
✔ 住宅取得補助制度・住宅手当
✔ 交通費支給・出産祝金・資格取得祝金
✔ 年間休日120日（休暇制度：年末年始休暇・お盆休暇・有給休暇・
慶弔休暇・アニバーサリー休暇・リフレッシュ休暇など）","✦・━━━━━━━━━━━━━━━・✦
＼まずは話を聞くところから／
選考は面接1回、最短1週間で内定
✦・━━━━━━━━━━━━━━━・✦

＝＝＝＝＝＝＝＝＝＝＝＝＝＝＝
【✧選考の流れ✧】

■ STEP 1　Web応募（所要1分）
氏名と連絡先など、簡単な入力だけで完了します。
応募段階での履歴書・職務経歴書は不要です。

■ STEP 2　カジュアル面談（オンライン／20〜30分）
「まずは話を聞いてみたい」でOKです。
私服・画面オフでのご参加も歓迎します。
面接ではなく相互理解の場ですので、
仕事内容や職場の雰囲気を気軽にお尋ねください。
平日夜間・早朝・土日の実施もご相談に応じます。

■ STEP 3　面接（対面またはWeb／1回のみ）
業務内容のご案内と、ご希望の働き方のお伺いをします。
ご希望の方にはオフィス見学や
現場スタッフとの対話の時間も設けます。

■ STEP 4　内定・条件面談
応募から内定まで最短1週間のスピード選考です。
入社日や勤務条件のご希望も調整いたします。

＝＝＝＝＝＝＝＝＝＝＝＝＝＝＝
【✧ご応募にあたって✧】

✔ 応募時に履歴書・職務経歴書は必要ありません
✔ 在職中の方も日程を調整できます
✔ 「話を聞いてみたい」だけのご応募も歓迎します"
133,1201,タマホーム株式会社,業界未経験OK◎選考はWeb面接1回だけの住宅営業♪,業界未経験OK｜住宅営業｜岡崎市,"✦・━━━━━━━━━━━━━━━・✦
＼愛知県岡崎市で募集中／
モデルハウスから始める、注文住宅の営業。
未経験の業界でも、経験を活かして挑戦◎
✦・━━━━━━━━━━━━━━━・✦

「不動産は未経験だけど、営業や接客の経験はある」
そんな方が、住宅業界に活躍の場を広げています。

＝＝＝＝＝＝＝＝＝＝＝＝＝＝＝
【✧お仕事の内容✧】

■ 顧客アプローチ・ヒアリング
モデルハウスに来場されたお客様への
ヒアリングと注文住宅プランの提案・作成

■ 調査・提案・競合分析
敷地調査、ローン提案、競合比較を行い、
最適なプランをご提供

■ 進行管理
ご契約後の着工・上棟・完成・引き渡しまでの
進行管理

＝＝＝＝＝＝＝＝＝＝＝＝＝＝＝
【✨この仕事の魅力✨】

✅ インセンティブがしっかり反映
営業歩合があり、頑張りが給与に直結します。
賞与は年2回、昇給は年1回です。

✅ キャリアパスが明確
一般職→主任→係長→店長→支店長と、
おおむね2〜3年を目途に昇進していきます。
役職ごとに固定給も加算されます。

✅ 選考はスピーディー
Web面接1回（30分〜1時間程度）で
内定可能です。

＝＝＝＝＝＝＝＝＝＝＝＝＝＝＝
【✔働き方✔】

✔ 9:00〜18:00（実働8時間／休憩60分）
✔ シフト制（月8〜12日休み）
✔ 年間休日120日

まずはお気軽にご応募ください。

案件No：1201","《✼ここで働く4つの特徴✼》

✅ ① 頑張りが給与に反映される
営業歩合とインセンティブ制度があり、
賞与は年2回、昇給は年1回です。
役職が上がるごとに固定給も加算されます。

✅ ② 明確なキャリアパス
一般職→主任→係長→店長→支店長。
おおむね2〜3年を目途に昇進します。
（年収例：主任3年目1,284万円／店長8年目2,083万円／支店長13年目2,369万円）

✅ ③ 業界未経験でも挑戦できる
必要なのは何らかの営業経験1年以上（業界問わず）、
または正社員での販売経験（目安1年）。
既卒・第二新卒も歓迎です。

✅ ④ 選考はWeb面接1回
30分〜1時間程度のWeb面接1回で内定可能です。
入社後は各種研修制度も整っています。

＝＝＝＝＝＝＝＝＝＝＝＝＝＝＝
《✼待遇もしっかり✼》

✔ 社会保険完備（健康保険・厚生年金・雇用保険・労災保険）
✔ 確定拠出年金・選択制確定給付企業年金制度
✔ 財形貯蓄制度・従業員持株会
✔ 住宅取得補助制度・住宅手当
✔ 交通費支給・出産祝金・資格取得祝金
✔ 年間休日120日（休暇制度：年末年始休暇・お盆休暇・有給休暇・
慶弔休暇・アニバーサリー休暇・リフレッシュ休暇など）","✦・━━━━━━━━━━━━━━━・✦
＼まずは話を聞くところから／
選考は面接1回、最短1週間で内定
✦・━━━━━━━━━━━━━━━・✦

＝＝＝＝＝＝＝＝＝＝＝＝＝＝＝
【✧選考の流れ✧】

■ STEP 1　Web応募（所要1分）
氏名と連絡先など、簡単な入力だけで完了します。
応募段階での履歴書・職務経歴書は不要です。

■ STEP 2　カジュアル面談（オンライン／20〜30分）
「まずは話を聞いてみたい」でOKです。
私服・画面オフでのご参加も歓迎します。
面接ではなく相互理解の場ですので、
仕事内容や職場の雰囲気を気軽にお尋ねください。
平日夜間・早朝・土日の実施もご相談に応じます。

■ STEP 3　面接（対面またはWeb／1回のみ）
業務内容のご案内と、ご希望の働き方のお伺いをします。
ご希望の方にはオフィス見学や
現場スタッフとの対話の時間も設けます。

■ STEP 4　内定・条件面談
応募から内定まで最短1週間のスピード選考です。
入社日や勤務条件のご希望も調整いたします。

＝＝＝＝＝＝＝＝＝＝＝＝＝＝＝
【✧ご応募にあたって✧】

✔ 応募時に履歴書・職務経歴書は必要ありません
✔ 在職中の方も日程を調整できます
✔ 「話を聞いてみたい」だけのご応募も歓迎します"
134,739,タマホーム株式会社,業界未経験OK◎選考はWeb面接1回だけの住宅営業♪,業界未経験OK｜住宅営業｜津島市,"✦・━━━━━━━━━━━━━━━・✦
＼愛知県津島市で募集中／
「営業経験を、住宅業界で活かす」
注文住宅の提案営業◎
✦・━━━━━━━━━━━━━━━・✦

法人でも個人でも、業界は問いません。
何らかの営業経験、または販売経験があれば
新しいフィールドに挑戦できます。

＝＝＝＝＝＝＝＝＝＝＝＝＝＝＝
【✨この仕事の魅力✨】

✅ キャリアパスが明確
一般職→主任→係長→店長→支店長。
おおむね2〜3年を目途に昇進し、
役職ごとに固定給も加算されます。

✅ インセンティブがしっかり反映
営業歩合があり、賞与は年2回、
昇給は年1回です。

✅ 選考はスピーディー
Web面接1回（30分〜1時間程度）で
内定可能です。

＝＝＝＝＝＝＝＝＝＝＝＝＝＝＝
【✧お仕事の内容✧】

■ 顧客アプローチ・ヒアリング
モデルハウスに来場されたお客様への
ヒアリングと注文住宅プランの提案・作成

■ 調査・提案・競合分析
敷地調査、ローン提案、競合比較を行い、
最適なプランをご提供

■ 進行管理
ご契約後の着工・上棟・完成・引き渡しまでの
進行管理

＝＝＝＝＝＝＝＝＝＝＝＝＝＝＝
【✔働き方✔】

✔ 9:00〜18:00（実働8時間／休憩60分）
✔ シフト制（月8〜12日休み）
✔ 年間休日120日

まずはお気軽にご応募ください。

案件No：739","《✼ここで働く4つの特徴✼》

✅ ① 頑張りが給与に反映される
営業歩合とインセンティブ制度があり、
賞与は年2回、昇給は年1回です。
役職が上がるごとに固定給も加算されます。

✅ ② 明確なキャリアパス
一般職→主任→係長→店長→支店長。
おおむね2〜3年を目途に昇進します。
（年収例：主任3年目1,284万円／店長8年目2,083万円／支店長13年目2,369万円）

✅ ③ 業界未経験でも挑戦できる
必要なのは何らかの営業経験1年以上（業界問わず）、
または正社員での販売経験（目安1年）。
既卒・第二新卒も歓迎です。

✅ ④ 選考はWeb面接1回
30分〜1時間程度のWeb面接1回で内定可能です。
入社後は各種研修制度も整っています。

＝＝＝＝＝＝＝＝＝＝＝＝＝＝＝
《✼待遇もしっかり✼》

✔ 社会保険完備（健康保険・厚生年金・雇用保険・労災保険）
✔ 確定拠出年金・選択制確定給付企業年金制度
✔ 財形貯蓄制度・従業員持株会
✔ 住宅取得補助制度・住宅手当
✔ 交通費支給・出産祝金・資格取得祝金
✔ 年間休日120日（休暇制度：年末年始休暇・お盆休暇・有給休暇・
慶弔休暇・アニバーサリー休暇・リフレッシュ休暇など）","✦・━━━━━━━━━━━━━━━・✦
＼まずは話を聞くところから／
選考は面接1回、最短1週間で内定
✦・━━━━━━━━━━━━━━━・✦

＝＝＝＝＝＝＝＝＝＝＝＝＝＝＝
【✧選考の流れ✧】

■ STEP 1　Web応募（所要1分）
氏名と連絡先など、簡単な入力だけで完了します。
応募段階での履歴書・職務経歴書は不要です。

■ STEP 2　カジュアル面談（オンライン／20〜30分）
「まずは話を聞いてみたい」でOKです。
私服・画面オフでのご参加も歓迎します。
面接ではなく相互理解の場ですので、
仕事内容や職場の雰囲気を気軽にお尋ねください。
平日夜間・早朝・土日の実施もご相談に応じます。

■ STEP 3　面接（対面またはWeb／1回のみ）
業務内容のご案内と、ご希望の働き方のお伺いをします。
ご希望の方にはオフィス見学や
現場スタッフとの対話の時間も設けます。

■ STEP 4　内定・条件面談
応募から内定まで最短1週間のスピード選考です。
入社日や勤務条件のご希望も調整いたします。

＝＝＝＝＝＝＝＝＝＝＝＝＝＝＝
【✧ご応募にあたって✧】

✔ 応募時に履歴書・職務経歴書は必要ありません
✔ 在職中の方も日程を調整できます
✔ 「話を聞いてみたい」だけのご応募も歓迎します"
135,2550,タマホーム株式会社,業界未経験OK◎選考はWeb面接1回だけの住宅営業♪,業界未経験OK｜住宅営業｜小牧市,"✦・━━━━━━━━━━━━━━━・✦
＼愛知県小牧市で募集中／
モデルハウスでの接客から始める
注文住宅の営業職
✦・━━━━━━━━━━━━━━━・✦

「不動産は未経験だけど、人と話すのは得意」
そんな営業・販売経験を活かせる仕事です。

＝＝＝＝＝＝＝＝＝＝＝＝＝＝＝
【✧お仕事の内容✧】

■ 顧客アプローチ・ヒアリング
モデルハウスに来場されたお客様への
ヒアリングと注文住宅プランの提案・作成

■ 調査・提案・競合分析
敷地調査、ローン提案、競合比較を行い、
最適なプランをご提供

■ 進行管理
ご契約後の着工・上棟・完成・引き渡しまでの
進行管理

＝＝＝＝＝＝＝＝＝＝＝＝＝＝＝
【✨働きやすいポイント✨】

✔ 年間休日120日
✔ シフト制（月8〜12日休み）
✔ 9:00〜18:00（実働8時間／休憩60分）
✔ 社会保険完備・住宅手当・資格取得祝金あり

＝＝＝＝＝＝＝＝＝＝＝＝＝＝＝
【✨ここが強み✨】

✅ 賞与年2回・昇給年1回
✅ 営業歩合でインセンティブ還元
✅ 一般職→主任→係長→店長→支店長の
　昇進ルートが明確

まずはお気軽にご応募ください。

案件No：2550","《✼ここで働く4つの特徴✼》

✅ ① 頑張りが給与に反映される
営業歩合とインセンティブ制度があり、
賞与は年2回、昇給は年1回です。
役職が上がるごとに固定給も加算されます。

✅ ② 明確なキャリアパス
一般職→主任→係長→店長→支店長。
おおむね2〜3年を目途に昇進します。
（年収例：主任3年目1,284万円／店長8年目2,083万円／支店長13年目2,369万円）

✅ ③ 業界未経験でも挑戦できる
必要なのは何らかの営業経験1年以上（業界問わず）、
または正社員での販売経験（目安1年）。
既卒・第二新卒も歓迎です。

✅ ④ 選考はWeb面接1回
30分〜1時間程度のWeb面接1回で内定可能です。
入社後は各種研修制度も整っています。

＝＝＝＝＝＝＝＝＝＝＝＝＝＝＝
《✼待遇もしっかり✼》

✔ 社会保険完備（健康保険・厚生年金・雇用保険・労災保険）
✔ 確定拠出年金・選択制確定給付企業年金制度
✔ 財形貯蓄制度・従業員持株会
✔ 住宅取得補助制度・住宅手当
✔ 交通費支給・出産祝金・資格取得祝金
✔ 年間休日120日（休暇制度：年末年始休暇・お盆休暇・有給休暇・
慶弔休暇・アニバーサリー休暇・リフレッシュ休暇など）","✦・━━━━━━━━━━━━━━━・✦
＼まずは話を聞くところから／
選考は面接1回、最短1週間で内定
✦・━━━━━━━━━━━━━━━・✦

＝＝＝＝＝＝＝＝＝＝＝＝＝＝＝
【✧選考の流れ✧】

■ STEP 1　Web応募（所要1分）
氏名と連絡先など、簡単な入力だけで完了します。
応募段階での履歴書・職務経歴書は不要です。

■ STEP 2　カジュアル面談（オンライン／20〜30分）
「まずは話を聞いてみたい」でOKです。
私服・画面オフでのご参加も歓迎します。
面接ではなく相互理解の場ですので、
仕事内容や職場の雰囲気を気軽にお尋ねください。
平日夜間・早朝・土日の実施もご相談に応じます。

■ STEP 3　面接（対面またはWeb／1回のみ）
業務内容のご案内と、ご希望の働き方のお伺いをします。
ご希望の方にはオフィス見学や
現場スタッフとの対話の時間も設けます。

■ STEP 4　内定・条件面談
応募から内定まで最短1週間のスピード選考です。
入社日や勤務条件のご希望も調整いたします。

＝＝＝＝＝＝＝＝＝＝＝＝＝＝＝
【✧ご応募にあたって✧】

✔ 応募時に履歴書・職務経歴書は必要ありません
✔ 在職中の方も日程を調整できます
✔ 「話を聞いてみたい」だけのご応募も歓迎します"
136,1445,タマホーム株式会社,業界未経験OK◎選考はWeb面接1回だけの住宅営業♪,業界未経験OK｜住宅営業｜一宮市,"✦・━━━━━━━━━━━━━━━・✦
＼愛知県一宮市で募集中／
モデルハウスから始める、注文住宅の営業。
未経験の業界でも、経験を活かして挑戦◎
✦・━━━━━━━━━━━━━━━・✦

「不動産は未経験だけど、営業や接客の経験はある」
そんな方が、住宅業界に活躍の場を広げています。

＝＝＝＝＝＝＝＝＝＝＝＝＝＝＝
【✧お仕事の内容✧】

■ 顧客アプローチ・ヒアリング
モデルハウスに来場されたお客様への
ヒアリングと注文住宅プランの提案・作成

■ 調査・提案・競合分析
敷地調査、ローン提案、競合比較を行い、
最適なプランをご提供

■ 進行管理
ご契約後の着工・上棟・完成・引き渡しまでの
進行管理

＝＝＝＝＝＝＝＝＝＝＝＝＝＝＝
【✨この仕事の魅力✨】

✅ インセンティブがしっかり反映
営業歩合があり、頑張りが給与に直結します。
賞与は年2回、昇給は年1回です。

✅ キャリアパスが明確
一般職→主任→係長→店長→支店長と、
おおむね2〜3年を目途に昇進していきます。
役職ごとに固定給も加算されます。

✅ 選考はスピーディー
Web面接1回（30分〜1時間程度）で
内定可能です。

＝＝＝＝＝＝＝＝＝＝＝＝＝＝＝
【✔働き方✔】

✔ 9:00〜18:00（実働8時間／休憩60分）
✔ シフト制（月8〜12日休み）
✔ 年間休日120日

まずはお気軽にご応募ください。

案件No：1445","《✼ここで働く4つの特徴✼》

✅ ① 頑張りが給与に反映される
営業歩合とインセンティブ制度があり、
賞与は年2回、昇給は年1回です。
役職が上がるごとに固定給も加算されます。

✅ ② 明確なキャリアパス
一般職→主任→係長→店長→支店長。
おおむね2〜3年を目途に昇進します。
（年収例：主任3年目1,284万円／店長8年目2,083万円／支店長13年目2,369万円）

✅ ③ 業界未経験でも挑戦できる
必要なのは何らかの営業経験1年以上（業界問わず）、
または正社員での販売経験（目安1年）。
既卒・第二新卒も歓迎です。

✅ ④ 選考はWeb面接1回
30分〜1時間程度のWeb面接1回で内定可能です。
入社後は各種研修制度も整っています。

＝＝＝＝＝＝＝＝＝＝＝＝＝＝＝
《✼待遇もしっかり✼》

✔ 社会保険完備（健康保険・厚生年金・雇用保険・労災保険）
✔ 確定拠出年金・選択制確定給付企業年金制度
✔ 財形貯蓄制度・従業員持株会
✔ 住宅取得補助制度・住宅手当
✔ 交通費支給・出産祝金・資格取得祝金
✔ 年間休日120日（休暇制度：年末年始休暇・お盆休暇・有給休暇・
慶弔休暇・アニバーサリー休暇・リフレッシュ休暇など）","✦・━━━━━━━━━━━━━━━・✦
＼まずは話を聞くところから／
選考は面接1回、最短1週間で内定
✦・━━━━━━━━━━━━━━━・✦

＝＝＝＝＝＝＝＝＝＝＝＝＝＝＝
【✧選考の流れ✧】

■ STEP 1　Web応募（所要1分）
氏名と連絡先など、簡単な入力だけで完了します。
応募段階での履歴書・職務経歴書は不要です。

■ STEP 2　カジュアル面談（オンライン／20〜30分）
「まずは話を聞いてみたい」でOKです。
私服・画面オフでのご参加も歓迎します。
面接ではなく相互理解の場ですので、
仕事内容や職場の雰囲気を気軽にお尋ねください。
平日夜間・早朝・土日の実施もご相談に応じます。

■ STEP 3　面接（対面またはWeb／1回のみ）
業務内容のご案内と、ご希望の働き方のお伺いをします。
ご希望の方にはオフィス見学や
現場スタッフとの対話の時間も設けます。

■ STEP 4　内定・条件面談
応募から内定まで最短1週間のスピード選考です。
入社日や勤務条件のご希望も調整いたします。

＝＝＝＝＝＝＝＝＝＝＝＝＝＝＝
【✧ご応募にあたって✧】

✔ 応募時に履歴書・職務経歴書は必要ありません
✔ 在職中の方も日程を調整できます
✔ 「話を聞いてみたい」だけのご応募も歓迎します"
137,925,タマホーム株式会社,業界未経験OK◎選考はWeb面接1回だけの住宅営業♪,業界未経験OK｜住宅営業｜名古屋市中川区,"✦・━━━━━━━━━━━━━━━・✦
＼愛知県名古屋市中川区で募集中／
「営業経験を、住宅業界で活かす」
注文住宅の提案営業◎
✦・━━━━━━━━━━━━━━━・✦

法人でも個人でも、業界は問いません。
何らかの営業経験、または販売経験があれば
新しいフィールドに挑戦できます。

＝＝＝＝＝＝＝＝＝＝＝＝＝＝＝
【✨この仕事の魅力✨】

✅ キャリアパスが明確
一般職→主任→係長→店長→支店長。
おおむね2〜3年を目途に昇進し、
役職ごとに固定給も加算されます。

✅ インセンティブがしっかり反映
営業歩合があり、賞与は年2回、
昇給は年1回です。

✅ 選考はスピーディー
Web面接1回（30分〜1時間程度）で
内定可能です。

＝＝＝＝＝＝＝＝＝＝＝＝＝＝＝
【✧お仕事の内容✧】

■ 顧客アプローチ・ヒアリング
モデルハウスに来場されたお客様への
ヒアリングと注文住宅プランの提案・作成

■ 調査・提案・競合分析
敷地調査、ローン提案、競合比較を行い、
最適なプランをご提供

■ 進行管理
ご契約後の着工・上棟・完成・引き渡しまでの
進行管理

＝＝＝＝＝＝＝＝＝＝＝＝＝＝＝
【✔働き方✔】

✔ 9:00〜18:00（実働8時間／休憩60分）
✔ シフト制（月8〜12日休み）
✔ 年間休日120日

まずはお気軽にご応募ください。

案件No：925","《✼ここで働く4つの特徴✼》

✅ ① 頑張りが給与に反映される
営業歩合とインセンティブ制度があり、
賞与は年2回、昇給は年1回です。
役職が上がるごとに固定給も加算されます。

✅ ② 明確なキャリアパス
一般職→主任→係長→店長→支店長。
おおむね2〜3年を目途に昇進します。
（年収例：主任3年目1,284万円／店長8年目2,083万円／支店長13年目2,369万円）

✅ ③ 業界未経験でも挑戦できる
必要なのは何らかの営業経験1年以上（業界問わず）、
または正社員での販売経験（目安1年）。
既卒・第二新卒も歓迎です。

✅ ④ 選考はWeb面接1回
30分〜1時間程度のWeb面接1回で内定可能です。
入社後は各種研修制度も整っています。

＝＝＝＝＝＝＝＝＝＝＝＝＝＝＝
《✼待遇もしっかり✼》

✔ 社会保険完備（健康保険・厚生年金・雇用保険・労災保険）
✔ 確定拠出年金・選択制確定給付企業年金制度
✔ 財形貯蓄制度・従業員持株会
✔ 住宅取得補助制度・住宅手当
✔ 交通費支給・出産祝金・資格取得祝金
✔ 年間休日120日（休暇制度：年末年始休暇・お盆休暇・有給休暇・
慶弔休暇・アニバーサリー休暇・リフレッシュ休暇など）","✦・━━━━━━━━━━━━━━━・✦
＼まずは話を聞くところから／
選考は面接1回、最短1週間で内定
✦・━━━━━━━━━━━━━━━・✦

＝＝＝＝＝＝＝＝＝＝＝＝＝＝＝
【✧選考の流れ✧】

■ STEP 1　Web応募（所要1分）
氏名と連絡先など、簡単な入力だけで完了します。
応募段階での履歴書・職務経歴書は不要です。

■ STEP 2　カジュアル面談（オンライン／20〜30分）
「まずは話を聞いてみたい」でOKです。
私服・画面オフでのご参加も歓迎します。
面接ではなく相互理解の場ですので、
仕事内容や職場の雰囲気を気軽にお尋ねください。
平日夜間・早朝・土日の実施もご相談に応じます。

■ STEP 3　面接（対面またはWeb／1回のみ）
業務内容のご案内と、ご希望の働き方のお伺いをします。
ご希望の方にはオフィス見学や
現場スタッフとの対話の時間も設けます。

■ STEP 4　内定・条件面談
応募から内定まで最短1週間のスピード選考です。
入社日や勤務条件のご希望も調整いたします。

＝＝＝＝＝＝＝＝＝＝＝＝＝＝＝
【✧ご応募にあたって✧】

✔ 応募時に履歴書・職務経歴書は必要ありません
✔ 在職中の方も日程を調整できます
✔ 「話を聞いてみたい」だけのご応募も歓迎します"
138,2583,タマホーム株式会社,業界未経験OK◎選考はWeb面接1回だけの住宅営業♪,業界未経験OK｜住宅営業｜名古屋市天白区,"✦・━━━━━━━━━━━━━━━・✦
＼愛知県名古屋市天白区で募集中／
モデルハウスでの接客から始める
注文住宅の営業職
✦・━━━━━━━━━━━━━━━・✦

「不動産は未経験だけど、人と話すのは得意」
そんな営業・販売経験を活かせる仕事です。

＝＝＝＝＝＝＝＝＝＝＝＝＝＝＝
【✧お仕事の内容✧】

■ 顧客アプローチ・ヒアリング
モデルハウスに来場されたお客様への
ヒアリングと注文住宅プランの提案・作成

■ 調査・提案・競合分析
敷地調査、ローン提案、競合比較を行い、
最適なプランをご提供

■ 進行管理
ご契約後の着工・上棟・完成・引き渡しまでの
進行管理

＝＝＝＝＝＝＝＝＝＝＝＝＝＝＝
【✨働きやすいポイント✨】

✔ 年間休日120日
✔ シフト制（月8〜12日休み）
✔ 9:00〜18:00（実働8時間／休憩60分）
✔ 社会保険完備・住宅手当・資格取得祝金あり

＝＝＝＝＝＝＝＝＝＝＝＝＝＝＝
【✨ここが強み✨】

✅ 賞与年2回・昇給年1回
✅ 営業歩合でインセンティブ還元
✅ 一般職→主任→係長→店長→支店長の
　昇進ルートが明確

まずはお気軽にご応募ください。

案件No：2583","《✼ここで働く4つの特徴✼》

✅ ① 頑張りが給与に反映される
営業歩合とインセンティブ制度があり、
賞与は年2回、昇給は年1回です。
役職が上がるごとに固定給も加算されます。

✅ ② 明確なキャリアパス
一般職→主任→係長→店長→支店長。
おおむね2〜3年を目途に昇進します。
（年収例：主任3年目1,284万円／店長8年目2,083万円／支店長13年目2,369万円）

✅ ③ 業界未経験でも挑戦できる
必要なのは何らかの営業経験1年以上（業界問わず）、
または正社員での販売経験（目安1年）。
既卒・第二新卒も歓迎です。

✅ ④ 選考はWeb面接1回
30分〜1時間程度のWeb面接1回で内定可能です。
入社後は各種研修制度も整っています。

＝＝＝＝＝＝＝＝＝＝＝＝＝＝＝
《✼待遇もしっかり✼》

✔ 社会保険完備（健康保険・厚生年金・雇用保険・労災保険）
✔ 確定拠出年金・選択制確定給付企業年金制度
✔ 財形貯蓄制度・従業員持株会
✔ 住宅取得補助制度・住宅手当
✔ 交通費支給・出産祝金・資格取得祝金
✔ 年間休日120日（休暇制度：年末年始休暇・お盆休暇・有給休暇・
慶弔休暇・アニバーサリー休暇・リフレッシュ休暇など）","✦・━━━━━━━━━━━━━━━・✦
＼まずは話を聞くところから／
選考は面接1回、最短1週間で内定
✦・━━━━━━━━━━━━━━━・✦

＝＝＝＝＝＝＝＝＝＝＝＝＝＝＝
【✧選考の流れ✧】

■ STEP 1　Web応募（所要1分）
氏名と連絡先など、簡単な入力だけで完了します。
応募段階での履歴書・職務経歴書は不要です。

■ STEP 2　カジュアル面談（オンライン／20〜30分）
「まずは話を聞いてみたい」でOKです。
私服・画面オフでのご参加も歓迎します。
面接ではなく相互理解の場ですので、
仕事内容や職場の雰囲気を気軽にお尋ねください。
平日夜間・早朝・土日の実施もご相談に応じます。

■ STEP 3　面接（対面またはWeb／1回のみ）
業務内容のご案内と、ご希望の働き方のお伺いをします。
ご希望の方にはオフィス見学や
現場スタッフとの対話の時間も設けます。

■ STEP 4　内定・条件面談
応募から内定まで最短1週間のスピード選考です。
入社日や勤務条件のご希望も調整いたします。

＝＝＝＝＝＝＝＝＝＝＝＝＝＝＝
【✧ご応募にあたって✧】

✔ 応募時に履歴書・職務経歴書は必要ありません
✔ 在職中の方も日程を調整できます
✔ 「話を聞いてみたい」だけのご応募も歓迎します"
139,1174,タマホーム株式会社,業界未経験OK◎選考はWeb面接1回だけの住宅営業♪,業界未経験OK｜住宅営業｜知多郡武豊町,"✦・━━━━━━━━━━━━━━━・✦
＼愛知県知多郡武豊町で募集中／
モデルハウスから始める、注文住宅の営業。
未経験の業界でも、経験を活かして挑戦◎
✦・━━━━━━━━━━━━━━━・✦

「不動産は未経験だけど、営業や接客の経験はある」
そんな方が、住宅業界に活躍の場を広げています。

＝＝＝＝＝＝＝＝＝＝＝＝＝＝＝
【✧お仕事の内容✧】

■ 顧客アプローチ・ヒアリング
モデルハウスに来場されたお客様への
ヒアリングと注文住宅プランの提案・作成

■ 調査・提案・競合分析
敷地調査、ローン提案、競合比較を行い、
最適なプランをご提供

■ 進行管理
ご契約後の着工・上棟・完成・引き渡しまでの
進行管理

＝＝＝＝＝＝＝＝＝＝＝＝＝＝＝
【✨この仕事の魅力✨】

✅ インセンティブがしっかり反映
営業歩合があり、頑張りが給与に直結します。
賞与は年2回、昇給は年1回です。

✅ キャリアパスが明確
一般職→主任→係長→店長→支店長と、
おおむね2〜3年を目途に昇進していきます。
役職ごとに固定給も加算されます。

✅ 選考はスピーディー
Web面接1回（30分〜1時間程度）で
内定可能です。

＝＝＝＝＝＝＝＝＝＝＝＝＝＝＝
【✔働き方✔】

✔ 9:00〜18:00（実働8時間／休憩60分）
✔ シフト制（月8〜12日休み）
✔ 年間休日120日

まずはお気軽にご応募ください。

案件No：1174","《✼ここで働く4つの特徴✼》

✅ ① 頑張りが給与に反映される
営業歩合とインセンティブ制度があり、
賞与は年2回、昇給は年1回です。
役職が上がるごとに固定給も加算されます。

✅ ② 明確なキャリアパス
一般職→主任→係長→店長→支店長。
おおむね2〜3年を目途に昇進します。
（年収例：主任3年目1,284万円／店長8年目2,083万円／支店長13年目2,369万円）

✅ ③ 業界未経験でも挑戦できる
必要なのは何らかの営業経験1年以上（業界問わず）、
または正社員での販売経験（目安1年）。
既卒・第二新卒も歓迎です。

✅ ④ 選考はWeb面接1回
30分〜1時間程度のWeb面接1回で内定可能です。
入社後は各種研修制度も整っています。

＝＝＝＝＝＝＝＝＝＝＝＝＝＝＝
《✼待遇もしっかり✼》

✔ 社会保険完備（健康保険・厚生年金・雇用保険・労災保険）
✔ 確定拠出年金・選択制確定給付企業年金制度
✔ 財形貯蓄制度・従業員持株会
✔ 住宅取得補助制度・住宅手当
✔ 交通費支給・出産祝金・資格取得祝金
✔ 年間休日120日（休暇制度：年末年始休暇・お盆休暇・有給休暇・
慶弔休暇・アニバーサリー休暇・リフレッシュ休暇など）","✦・━━━━━━━━━━━━━━━・✦
＼まずは話を聞くところから／
選考は面接1回、最短1週間で内定
✦・━━━━━━━━━━━━━━━・✦

＝＝＝＝＝＝＝＝＝＝＝＝＝＝＝
【✧選考の流れ✧】

■ STEP 1　Web応募（所要1分）
氏名と連絡先など、簡単な入力だけで完了します。
応募段階での履歴書・職務経歴書は不要です。

■ STEP 2　カジュアル面談（オンライン／20〜30分）
「まずは話を聞いてみたい」でOKです。
私服・画面オフでのご参加も歓迎します。
面接ではなく相互理解の場ですので、
仕事内容や職場の雰囲気を気軽にお尋ねください。
平日夜間・早朝・土日の実施もご相談に応じます。

■ STEP 3　面接（対面またはWeb／1回のみ）
業務内容のご案内と、ご希望の働き方のお伺いをします。
ご希望の方にはオフィス見学や
現場スタッフとの対話の時間も設けます。

■ STEP 4　内定・条件面談
応募から内定まで最短1週間のスピード選考です。
入社日や勤務条件のご希望も調整いたします。

＝＝＝＝＝＝＝＝＝＝＝＝＝＝＝
【✧ご応募にあたって✧】

✔ 応募時に履歴書・職務経歴書は必要ありません
✔ 在職中の方も日程を調整できます
✔ 「話を聞いてみたい」だけのご応募も歓迎します"
140,734,タマホーム株式会社,業界未経験OK◎選考はWeb面接1回だけの住宅営業♪,業界未経験OK｜住宅営業｜名古屋市守山区,"✦・━━━━━━━━━━━━━━━・✦
＼愛知県名古屋市守山区で募集中／
「営業経験を、住宅業界で活かす」
注文住宅の提案営業◎
✦・━━━━━━━━━━━━━━━・✦

法人でも個人でも、業界は問いません。
何らかの営業経験、または販売経験があれば
新しいフィールドに挑戦できます。

＝＝＝＝＝＝＝＝＝＝＝＝＝＝＝
【✨この仕事の魅力✨】

✅ キャリアパスが明確
一般職→主任→係長→店長→支店長。
おおむね2〜3年を目途に昇進し、
役職ごとに固定給も加算されます。

✅ インセンティブがしっかり反映
営業歩合があり、賞与は年2回、
昇給は年1回です。

✅ 選考はスピーディー
Web面接1回（30分〜1時間程度）で
内定可能です。

＝＝＝＝＝＝＝＝＝＝＝＝＝＝＝
【✧お仕事の内容✧】

■ 顧客アプローチ・ヒアリング
モデルハウスに来場されたお客様への
ヒアリングと注文住宅プランの提案・作成

■ 調査・提案・競合分析
敷地調査、ローン提案、競合比較を行い、
最適なプランをご提供

■ 進行管理
ご契約後の着工・上棟・完成・引き渡しまでの
進行管理

＝＝＝＝＝＝＝＝＝＝＝＝＝＝＝
【✔働き方✔】

✔ 9:00〜18:00（実働8時間／休憩60分）
✔ シフト制（月8〜12日休み）
✔ 年間休日120日

まずはお気軽にご応募ください。

案件No：734","《✼ここで働く4つの特徴✼》

✅ ① 頑張りが給与に反映される
営業歩合とインセンティブ制度があり、
賞与は年2回、昇給は年1回です。
役職が上がるごとに固定給も加算されます。

✅ ② 明確なキャリアパス
一般職→主任→係長→店長→支店長。
おおむね2〜3年を目途に昇進します。
（年収例：主任3年目1,284万円／店長8年目2,083万円／支店長13年目2,369万円）

✅ ③ 業界未経験でも挑戦できる
必要なのは何らかの営業経験1年以上（業界問わず）、
または正社員での販売経験（目安1年）。
既卒・第二新卒も歓迎です。

✅ ④ 選考はWeb面接1回
30分〜1時間程度のWeb面接1回で内定可能です。
入社後は各種研修制度も整っています。

＝＝＝＝＝＝＝＝＝＝＝＝＝＝＝
《✼待遇もしっかり✼》

✔ 社会保険完備（健康保険・厚生年金・雇用保険・労災保険）
✔ 確定拠出年金・選択制確定給付企業年金制度
✔ 財形貯蓄制度・従業員持株会
✔ 住宅取得補助制度・住宅手当
✔ 交通費支給・出産祝金・資格取得祝金
✔ 年間休日120日（休暇制度：年末年始休暇・お盆休暇・有給休暇・
慶弔休暇・アニバーサリー休暇・リフレッシュ休暇など）","✦・━━━━━━━━━━━━━━━・✦
＼まずは話を聞くところから／
選考は面接1回、最短1週間で内定
✦・━━━━━━━━━━━━━━━・✦

＝＝＝＝＝＝＝＝＝＝＝＝＝＝＝
【✧選考の流れ✧】

■ STEP 1　Web応募（所要1分）
氏名と連絡先など、簡単な入力だけで完了します。
応募段階での履歴書・職務経歴書は不要です。

■ STEP 2　カジュアル面談（オンライン／20〜30分）
「まずは話を聞いてみたい」でOKです。
私服・画面オフでのご参加も歓迎します。
面接ではなく相互理解の場ですので、
仕事内容や職場の雰囲気を気軽にお尋ねください。
平日夜間・早朝・土日の実施もご相談に応じます。

■ STEP 3　面接（対面またはWeb／1回のみ）
業務内容のご案内と、ご希望の働き方のお伺いをします。
ご希望の方にはオフィス見学や
現場スタッフとの対話の時間も設けます。

■ STEP 4　内定・条件面談
応募から内定まで最短1週間のスピード選考です。
入社日や勤務条件のご希望も調整いたします。

＝＝＝＝＝＝＝＝＝＝＝＝＝＝＝
【✧ご応募にあたって✧】

✔ 応募時に履歴書・職務経歴書は必要ありません
✔ 在職中の方も日程を調整できます
✔ 「話を聞いてみたい」だけのご応募も歓迎します"
141,267,タマホーム株式会社,業界未経験OK◎選考はWeb面接1回だけの住宅営業♪,業界未経験OK｜住宅営業｜名古屋市緑区,"✦・━━━━━━━━━━━━━━━・✦
＼愛知県名古屋市緑区で募集中／
モデルハウスでの接客から始める
注文住宅の営業職
✦・━━━━━━━━━━━━━━━・✦

「不動産は未経験だけど、人と話すのは得意」
そんな営業・販売経験を活かせる仕事です。

＝＝＝＝＝＝＝＝＝＝＝＝＝＝＝
【✧お仕事の内容✧】

■ 顧客アプローチ・ヒアリング
モデルハウスに来場されたお客様への
ヒアリングと注文住宅プランの提案・作成

■ 調査・提案・競合分析
敷地調査、ローン提案、競合比較を行い、
最適なプランをご提供

■ 進行管理
ご契約後の着工・上棟・完成・引き渡しまでの
進行管理

＝＝＝＝＝＝＝＝＝＝＝＝＝＝＝
【✨働きやすいポイント✨】

✔ 年間休日120日
✔ シフト制（月8〜12日休み）
✔ 9:00〜18:00（実働8時間／休憩60分）
✔ 社会保険完備・住宅手当・資格取得祝金あり

＝＝＝＝＝＝＝＝＝＝＝＝＝＝＝
【✨ここが強み✨】

✅ 賞与年2回・昇給年1回
✅ 営業歩合でインセンティブ還元
✅ 一般職→主任→係長→店長→支店長の
　昇進ルートが明確

まずはお気軽にご応募ください。

案件No：267","《✼ここで働く4つの特徴✼》

✅ ① 頑張りが給与に反映される
営業歩合とインセンティブ制度があり、
賞与は年2回、昇給は年1回です。
役職が上がるごとに固定給も加算されます。

✅ ② 明確なキャリアパス
一般職→主任→係長→店長→支店長。
おおむね2〜3年を目途に昇進します。
（年収例：主任3年目1,284万円／店長8年目2,083万円／支店長13年目2,369万円）

✅ ③ 業界未経験でも挑戦できる
必要なのは何らかの営業経験1年以上（業界問わず）、
または正社員での販売経験（目安1年）。
既卒・第二新卒も歓迎です。

✅ ④ 選考はWeb面接1回
30分〜1時間程度のWeb面接1回で内定可能です。
入社後は各種研修制度も整っています。

＝＝＝＝＝＝＝＝＝＝＝＝＝＝＝
《✼待遇もしっかり✼》

✔ 社会保険完備（健康保険・厚生年金・雇用保険・労災保険）
✔ 確定拠出年金・選択制確定給付企業年金制度
✔ 財形貯蓄制度・従業員持株会
✔ 住宅取得補助制度・住宅手当
✔ 交通費支給・出産祝金・資格取得祝金
✔ 年間休日120日（休暇制度：年末年始休暇・お盆休暇・有給休暇・
慶弔休暇・アニバーサリー休暇・リフレッシュ休暇など）","✦・━━━━━━━━━━━━━━━・✦
＼まずは話を聞くところから／
選考は面接1回、最短1週間で内定
✦・━━━━━━━━━━━━━━━・✦

＝＝＝＝＝＝＝＝＝＝＝＝＝＝＝
【✧選考の流れ✧】

■ STEP 1　Web応募（所要1分）
氏名と連絡先など、簡単な入力だけで完了します。
応募段階での履歴書・職務経歴書は不要です。

■ STEP 2　カジュアル面談（オンライン／20〜30分）
「まずは話を聞いてみたい」でOKです。
私服・画面オフでのご参加も歓迎します。
面接ではなく相互理解の場ですので、
仕事内容や職場の雰囲気を気軽にお尋ねください。
平日夜間・早朝・土日の実施もご相談に応じます。

■ STEP 3　面接（対面またはWeb／1回のみ）
業務内容のご案内と、ご希望の働き方のお伺いをします。
ご希望の方にはオフィス見学や
現場スタッフとの対話の時間も設けます。

■ STEP 4　内定・条件面談
応募から内定まで最短1週間のスピード選考です。
入社日や勤務条件のご希望も調整いたします。

＝＝＝＝＝＝＝＝＝＝＝＝＝＝＝
【✧ご応募にあたって✧】

✔ 応募時に履歴書・職務経歴書は必要ありません
✔ 在職中の方も日程を調整できます
✔ 「話を聞いてみたい」だけのご応募も歓迎します"
142,1611,タマホーム株式会社,業界未経験OK◎選考はWeb面接1回だけの住宅営業♪,業界未経験OK｜住宅営業｜浜松市中央区,"✦・━━━━━━━━━━━━━━━・✦
＼静岡県浜松市中央区で募集中／
モデルハウスから始める、注文住宅の営業。
未経験の業界でも、経験を活かして挑戦◎
✦・━━━━━━━━━━━━━━━・✦

「不動産は未経験だけど、営業や接客の経験はある」
そんな方が、住宅業界に活躍の場を広げています。

＝＝＝＝＝＝＝＝＝＝＝＝＝＝＝
【✧お仕事の内容✧】

■ 顧客アプローチ・ヒアリング
モデルハウスに来場されたお客様への
ヒアリングと注文住宅プランの提案・作成

■ 調査・提案・競合分析
敷地調査、ローン提案、競合比較を行い、
最適なプランをご提供

■ 進行管理
ご契約後の着工・上棟・完成・引き渡しまでの
進行管理

＝＝＝＝＝＝＝＝＝＝＝＝＝＝＝
【✨この仕事の魅力✨】

✅ インセンティブがしっかり反映
営業歩合があり、頑張りが給与に直結します。
賞与は年2回、昇給は年1回です。

✅ キャリアパスが明確
一般職→主任→係長→店長→支店長と、
おおむね2〜3年を目途に昇進していきます。
役職ごとに固定給も加算されます。

✅ 選考はスピーディー
Web面接1回（30分〜1時間程度）で
内定可能です。

＝＝＝＝＝＝＝＝＝＝＝＝＝＝＝
【✔働き方✔】

✔ 9:00〜18:00（実働8時間／休憩60分）
✔ シフト制（月8〜12日休み）
✔ 年間休日120日

まずはお気軽にご応募ください。

案件No：1611","《✼ここで働く4つの特徴✼》

✅ ① 頑張りが給与に反映される
営業歩合とインセンティブ制度があり、
賞与は年2回、昇給は年1回です。
役職が上がるごとに固定給も加算されます。

✅ ② 明確なキャリアパス
一般職→主任→係長→店長→支店長。
おおむね2〜3年を目途に昇進します。
（年収例：主任3年目1,284万円／店長8年目2,083万円／支店長13年目2,369万円）

✅ ③ 業界未経験でも挑戦できる
必要なのは何らかの営業経験1年以上（業界問わず）、
または正社員での販売経験（目安1年）。
既卒・第二新卒も歓迎です。

✅ ④ 選考はWeb面接1回
30分〜1時間程度のWeb面接1回で内定可能です。
入社後は各種研修制度も整っています。

＝＝＝＝＝＝＝＝＝＝＝＝＝＝＝
《✼待遇もしっかり✼》

✔ 社会保険完備（健康保険・厚生年金・雇用保険・労災保険）
✔ 確定拠出年金・選択制確定給付企業年金制度
✔ 財形貯蓄制度・従業員持株会
✔ 住宅取得補助制度・住宅手当
✔ 交通費支給・出産祝金・資格取得祝金
✔ 年間休日120日（休暇制度：年末年始休暇・お盆休暇・有給休暇・
慶弔休暇・アニバーサリー休暇・リフレッシュ休暇など）","✦・━━━━━━━━━━━━━━━・✦
＼まずは話を聞くところから／
選考は面接1回、最短1週間で内定
✦・━━━━━━━━━━━━━━━・✦

＝＝＝＝＝＝＝＝＝＝＝＝＝＝＝
【✧選考の流れ✧】

■ STEP 1　Web応募（所要1分）
氏名と連絡先など、簡単な入力だけで完了します。
応募段階での履歴書・職務経歴書は不要です。

■ STEP 2　カジュアル面談（オンライン／20〜30分）
「まずは話を聞いてみたい」でOKです。
私服・画面オフでのご参加も歓迎します。
面接ではなく相互理解の場ですので、
仕事内容や職場の雰囲気を気軽にお尋ねください。
平日夜間・早朝・土日の実施もご相談に応じます。

■ STEP 3　面接（対面またはWeb／1回のみ）
業務内容のご案内と、ご希望の働き方のお伺いをします。
ご希望の方にはオフィス見学や
現場スタッフとの対話の時間も設けます。

■ STEP 4　内定・条件面談
応募から内定まで最短1週間のスピード選考です。
入社日や勤務条件のご希望も調整いたします。

＝＝＝＝＝＝＝＝＝＝＝＝＝＝＝
【✧ご応募にあたって✧】

✔ 応募時に履歴書・職務経歴書は必要ありません
✔ 在職中の方も日程を調整できます
✔ 「話を聞いてみたい」だけのご応募も歓迎します"
143,299,タマホーム株式会社,業界未経験OK◎選考はWeb面接1回だけの住宅営業♪,業界未経験OK｜住宅営業｜浜松市中央区,"✦・━━━━━━━━━━━━━━━・✦
＼静岡県浜松市中央区で募集中／
「営業経験を、住宅業界で活かす」
注文住宅の提案営業◎
✦・━━━━━━━━━━━━━━━・✦

法人でも個人でも、業界は問いません。
何らかの営業経験、または販売経験があれば
新しいフィールドに挑戦できます。

＝＝＝＝＝＝＝＝＝＝＝＝＝＝＝
【✨この仕事の魅力✨】

✅ キャリアパスが明確
一般職→主任→係長→店長→支店長。
おおむね2〜3年を目途に昇進し、
役職ごとに固定給も加算されます。

✅ インセンティブがしっかり反映
営業歩合があり、賞与は年2回、
昇給は年1回です。

✅ 選考はスピーディー
Web面接1回（30分〜1時間程度）で
内定可能です。

＝＝＝＝＝＝＝＝＝＝＝＝＝＝＝
【✧お仕事の内容✧】

■ 顧客アプローチ・ヒアリング
モデルハウスに来場されたお客様への
ヒアリングと注文住宅プランの提案・作成

■ 調査・提案・競合分析
敷地調査、ローン提案、競合比較を行い、
最適なプランをご提供

■ 進行管理
ご契約後の着工・上棟・完成・引き渡しまでの
進行管理

＝＝＝＝＝＝＝＝＝＝＝＝＝＝＝
【✔働き方✔】

✔ 9:00〜18:00（実働8時間／休憩60分）
✔ シフト制（月8〜12日休み）
✔ 年間休日120日

まずはお気軽にご応募ください。

案件No：299","《✼ここで働く4つの特徴✼》

✅ ① 頑張りが給与に反映される
営業歩合とインセンティブ制度があり、
賞与は年2回、昇給は年1回です。
役職が上がるごとに固定給も加算されます。

✅ ② 明確なキャリアパス
一般職→主任→係長→店長→支店長。
おおむね2〜3年を目途に昇進します。
（年収例：主任3年目1,284万円／店長8年目2,083万円／支店長13年目2,369万円）

✅ ③ 業界未経験でも挑戦できる
必要なのは何らかの営業経験1年以上（業界問わず）、
または正社員での販売経験（目安1年）。
既卒・第二新卒も歓迎です。

✅ ④ 選考はWeb面接1回
30分〜1時間程度のWeb面接1回で内定可能です。
入社後は各種研修制度も整っています。

＝＝＝＝＝＝＝＝＝＝＝＝＝＝＝
《✼待遇もしっかり✼》

✔ 社会保険完備（健康保険・厚生年金・雇用保険・労災保険）
✔ 確定拠出年金・選択制確定給付企業年金制度
✔ 財形貯蓄制度・従業員持株会
✔ 住宅取得補助制度・住宅手当
✔ 交通費支給・出産祝金・資格取得祝金
✔ 年間休日120日（休暇制度：年末年始休暇・お盆休暇・有給休暇・
慶弔休暇・アニバーサリー休暇・リフレッシュ休暇など）","✦・━━━━━━━━━━━━━━━・✦
＼まずは話を聞くところから／
選考は面接1回、最短1週間で内定
✦・━━━━━━━━━━━━━━━・✦

＝＝＝＝＝＝＝＝＝＝＝＝＝＝＝
【✧選考の流れ✧】

■ STEP 1　Web応募（所要1分）
氏名と連絡先など、簡単な入力だけで完了します。
応募段階での履歴書・職務経歴書は不要です。

■ STEP 2　カジュアル面談（オンライン／20〜30分）
「まずは話を聞いてみたい」でOKです。
私服・画面オフでのご参加も歓迎します。
面接ではなく相互理解の場ですので、
仕事内容や職場の雰囲気を気軽にお尋ねください。
平日夜間・早朝・土日の実施もご相談に応じます。

■ STEP 3　面接（対面またはWeb／1回のみ）
業務内容のご案内と、ご希望の働き方のお伺いをします。
ご希望の方にはオフィス見学や
現場スタッフとの対話の時間も設けます。

■ STEP 4　内定・条件面談
応募から内定まで最短1週間のスピード選考です。
入社日や勤務条件のご希望も調整いたします。

＝＝＝＝＝＝＝＝＝＝＝＝＝＝＝
【✧ご応募にあたって✧】

✔ 応募時に履歴書・職務経歴書は必要ありません
✔ 在職中の方も日程を調整できます
✔ 「話を聞いてみたい」だけのご応募も歓迎します"
144,323,タマホーム株式会社,業界未経験OK◎選考はWeb面接1回だけの住宅営業♪,業界未経験OK｜住宅営業｜静岡市清水区,"✦・━━━━━━━━━━━━━━━・✦
＼静岡県静岡市清水区で募集中／
モデルハウスでの接客から始める
注文住宅の営業職
✦・━━━━━━━━━━━━━━━・✦

「不動産は未経験だけど、人と話すのは得意」
そんな営業・販売経験を活かせる仕事です。

＝＝＝＝＝＝＝＝＝＝＝＝＝＝＝
【✧お仕事の内容✧】

■ 顧客アプローチ・ヒアリング
モデルハウスに来場されたお客様への
ヒアリングと注文住宅プランの提案・作成

■ 調査・提案・競合分析
敷地調査、ローン提案、競合比較を行い、
最適なプランをご提供

■ 進行管理
ご契約後の着工・上棟・完成・引き渡しまでの
進行管理

＝＝＝＝＝＝＝＝＝＝＝＝＝＝＝
【✨働きやすいポイント✨】

✔ 年間休日120日
✔ シフト制（月8〜12日休み）
✔ 9:00〜18:00（実働8時間／休憩60分）
✔ 社会保険完備・住宅手当・資格取得祝金あり

＝＝＝＝＝＝＝＝＝＝＝＝＝＝＝
【✨ここが強み✨】

✅ 賞与年2回・昇給年1回
✅ 営業歩合でインセンティブ還元
✅ 一般職→主任→係長→店長→支店長の
　昇進ルートが明確

まずはお気軽にご応募ください。

案件No：323","《✼ここで働く4つの特徴✼》

✅ ① 頑張りが給与に反映される
営業歩合とインセンティブ制度があり、
賞与は年2回、昇給は年1回です。
役職が上がるごとに固定給も加算されます。

✅ ② 明確なキャリアパス
一般職→主任→係長→店長→支店長。
おおむね2〜3年を目途に昇進します。
（年収例：主任3年目1,284万円／店長8年目2,083万円／支店長13年目2,369万円）

✅ ③ 業界未経験でも挑戦できる
必要なのは何らかの営業経験1年以上（業界問わず）、
または正社員での販売経験（目安1年）。
既卒・第二新卒も歓迎です。

✅ ④ 選考はWeb面接1回
30分〜1時間程度のWeb面接1回で内定可能です。
入社後は各種研修制度も整っています。

＝＝＝＝＝＝＝＝＝＝＝＝＝＝＝
《✼待遇もしっかり✼》

✔ 社会保険完備（健康保険・厚生年金・雇用保険・労災保険）
✔ 確定拠出年金・選択制確定給付企業年金制度
✔ 財形貯蓄制度・従業員持株会
✔ 住宅取得補助制度・住宅手当
✔ 交通費支給・出産祝金・資格取得祝金
✔ 年間休日120日（休暇制度：年末年始休暇・お盆休暇・有給休暇・
慶弔休暇・アニバーサリー休暇・リフレッシュ休暇など）","✦・━━━━━━━━━━━━━━━・✦
＼まずは話を聞くところから／
選考は面接1回、最短1週間で内定
✦・━━━━━━━━━━━━━━━・✦

＝＝＝＝＝＝＝＝＝＝＝＝＝＝＝
【✧選考の流れ✧】

■ STEP 1　Web応募（所要1分）
氏名と連絡先など、簡単な入力だけで完了します。
応募段階での履歴書・職務経歴書は不要です。

■ STEP 2　カジュアル面談（オンライン／20〜30分）
「まずは話を聞いてみたい」でOKです。
私服・画面オフでのご参加も歓迎します。
面接ではなく相互理解の場ですので、
仕事内容や職場の雰囲気を気軽にお尋ねください。
平日夜間・早朝・土日の実施もご相談に応じます。

■ STEP 3　面接（対面またはWeb／1回のみ）
業務内容のご案内と、ご希望の働き方のお伺いをします。
ご希望の方にはオフィス見学や
現場スタッフとの対話の時間も設けます。

■ STEP 4　内定・条件面談
応募から内定まで最短1週間のスピード選考です。
入社日や勤務条件のご希望も調整いたします。

＝＝＝＝＝＝＝＝＝＝＝＝＝＝＝
【✧ご応募にあたって✧】

✔ 応募時に履歴書・職務経歴書は必要ありません
✔ 在職中の方も日程を調整できます
✔ 「話を聞いてみたい」だけのご応募も歓迎します"
145,2246,タマホーム株式会社,業界未経験OK◎選考はWeb面接1回だけの住宅営業♪,業界未経験OK｜住宅営業｜静岡市駿河区,"✦・━━━━━━━━━━━━━━━・✦
＼静岡県静岡市駿河区で募集中／
モデルハウスから始める、注文住宅の営業。
未経験の業界でも、経験を活かして挑戦◎
✦・━━━━━━━━━━━━━━━・✦

「不動産は未経験だけど、営業や接客の経験はある」
そんな方が、住宅業界に活躍の場を広げています。

＝＝＝＝＝＝＝＝＝＝＝＝＝＝＝
【✧お仕事の内容✧】

■ 顧客アプローチ・ヒアリング
モデルハウスに来場されたお客様への
ヒアリングと注文住宅プランの提案・作成

■ 調査・提案・競合分析
敷地調査、ローン提案、競合比較を行い、
最適なプランをご提供

■ 進行管理
ご契約後の着工・上棟・完成・引き渡しまでの
進行管理

＝＝＝＝＝＝＝＝＝＝＝＝＝＝＝
【✨この仕事の魅力✨】

✅ インセンティブがしっかり反映
営業歩合があり、頑張りが給与に直結します。
賞与は年2回、昇給は年1回です。

✅ キャリアパスが明確
一般職→主任→係長→店長→支店長と、
おおむね2〜3年を目途に昇進していきます。
役職ごとに固定給も加算されます。

✅ 選考はスピーディー
Web面接1回（30分〜1時間程度）で
内定可能です。

＝＝＝＝＝＝＝＝＝＝＝＝＝＝＝
【✔働き方✔】

✔ 9:00〜18:00（実働8時間／休憩60分）
✔ シフト制（月8〜12日休み）
✔ 年間休日120日

まずはお気軽にご応募ください。

案件No：2246","《✼ここで働く4つの特徴✼》

✅ ① 頑張りが給与に反映される
営業歩合とインセンティブ制度があり、
賞与は年2回、昇給は年1回です。
役職が上がるごとに固定給も加算されます。

✅ ② 明確なキャリアパス
一般職→主任→係長→店長→支店長。
おおむね2〜3年を目途に昇進します。
（年収例：主任3年目1,284万円／店長8年目2,083万円／支店長13年目2,369万円）

✅ ③ 業界未経験でも挑戦できる
必要なのは何らかの営業経験1年以上（業界問わず）、
または正社員での販売経験（目安1年）。
既卒・第二新卒も歓迎です。

✅ ④ 選考はWeb面接1回
30分〜1時間程度のWeb面接1回で内定可能です。
入社後は各種研修制度も整っています。

＝＝＝＝＝＝＝＝＝＝＝＝＝＝＝
《✼待遇もしっかり✼》

✔ 社会保険完備（健康保険・厚生年金・雇用保険・労災保険）
✔ 確定拠出年金・選択制確定給付企業年金制度
✔ 財形貯蓄制度・従業員持株会
✔ 住宅取得補助制度・住宅手当
✔ 交通費支給・出産祝金・資格取得祝金
✔ 年間休日120日（休暇制度：年末年始休暇・お盆休暇・有給休暇・
慶弔休暇・アニバーサリー休暇・リフレッシュ休暇など）","✦・━━━━━━━━━━━━━━━・✦
＼まずは話を聞くところから／
選考は面接1回、最短1週間で内定
✦・━━━━━━━━━━━━━━━・✦

＝＝＝＝＝＝＝＝＝＝＝＝＝＝＝
【✧選考の流れ✧】

■ STEP 1　Web応募（所要1分）
氏名と連絡先など、簡単な入力だけで完了します。
応募段階での履歴書・職務経歴書は不要です。

■ STEP 2　カジュアル面談（オンライン／20〜30分）
「まずは話を聞いてみたい」でOKです。
私服・画面オフでのご参加も歓迎します。
面接ではなく相互理解の場ですので、
仕事内容や職場の雰囲気を気軽にお尋ねください。
平日夜間・早朝・土日の実施もご相談に応じます。

■ STEP 3　面接（対面またはWeb／1回のみ）
業務内容のご案内と、ご希望の働き方のお伺いをします。
ご希望の方にはオフィス見学や
現場スタッフとの対話の時間も設けます。

■ STEP 4　内定・条件面談
応募から内定まで最短1週間のスピード選考です。
入社日や勤務条件のご希望も調整いたします。

＝＝＝＝＝＝＝＝＝＝＝＝＝＝＝
【✧ご応募にあたって✧】

✔ 応募時に履歴書・職務経歴書は必要ありません
✔ 在職中の方も日程を調整できます
✔ 「話を聞いてみたい」だけのご応募も歓迎します"
146,2390,タマホーム株式会社,業界未経験OK◎選考はWeb面接1回だけの住宅営業♪,業界未経験OK｜住宅営業｜静岡市駿河区,"✦・━━━━━━━━━━━━━━━・✦
＼静岡県静岡市駿河区で募集中／
「営業経験を、住宅業界で活かす」
注文住宅の提案営業◎
✦・━━━━━━━━━━━━━━━・✦

法人でも個人でも、業界は問いません。
何らかの営業経験、または販売経験があれば
新しいフィールドに挑戦できます。

＝＝＝＝＝＝＝＝＝＝＝＝＝＝＝
【✨この仕事の魅力✨】

✅ キャリアパスが明確
一般職→主任→係長→店長→支店長。
おおむね2〜3年を目途に昇進し、
役職ごとに固定給も加算されます。

✅ インセンティブがしっかり反映
営業歩合があり、賞与は年2回、
昇給は年1回です。

✅ 選考はスピーディー
Web面接1回（30分〜1時間程度）で
内定可能です。

＝＝＝＝＝＝＝＝＝＝＝＝＝＝＝
【✧お仕事の内容✧】

■ 顧客アプローチ・ヒアリング
モデルハウスに来場されたお客様への
ヒアリングと注文住宅プランの提案・作成

■ 調査・提案・競合分析
敷地調査、ローン提案、競合比較を行い、
最適なプランをご提供

■ 進行管理
ご契約後の着工・上棟・完成・引き渡しまでの
進行管理

＝＝＝＝＝＝＝＝＝＝＝＝＝＝＝
【✔働き方✔】

✔ 9:00〜18:00（実働8時間／休憩60分）
✔ シフト制（月8〜12日休み）
✔ 年間休日120日

まずはお気軽にご応募ください。

案件No：2390","《✼ここで働く4つの特徴✼》

✅ ① 頑張りが給与に反映される
営業歩合とインセンティブ制度があり、
賞与は年2回、昇給は年1回です。
役職が上がるごとに固定給も加算されます。

✅ ② 明確なキャリアパス
一般職→主任→係長→店長→支店長。
おおむね2〜3年を目途に昇進します。
（年収例：主任3年目1,284万円／店長8年目2,083万円／支店長13年目2,369万円）

✅ ③ 業界未経験でも挑戦できる
必要なのは何らかの営業経験1年以上（業界問わず）、
または正社員での販売経験（目安1年）。
既卒・第二新卒も歓迎です。

✅ ④ 選考はWeb面接1回
30分〜1時間程度のWeb面接1回で内定可能です。
入社後は各種研修制度も整っています。

＝＝＝＝＝＝＝＝＝＝＝＝＝＝＝
《✼待遇もしっかり✼》

✔ 社会保険完備（健康保険・厚生年金・雇用保険・労災保険）
✔ 確定拠出年金・選択制確定給付企業年金制度
✔ 財形貯蓄制度・従業員持株会
✔ 住宅取得補助制度・住宅手当
✔ 交通費支給・出産祝金・資格取得祝金
✔ 年間休日120日（休暇制度：年末年始休暇・お盆休暇・有給休暇・
慶弔休暇・アニバーサリー休暇・リフレッシュ休暇など）","✦・━━━━━━━━━━━━━━━・✦
＼まずは話を聞くところから／
選考は面接1回、最短1週間で内定
✦・━━━━━━━━━━━━━━━・✦

＝＝＝＝＝＝＝＝＝＝＝＝＝＝＝
【✧選考の流れ✧】

■ STEP 1　Web応募（所要1分）
氏名と連絡先など、簡単な入力だけで完了します。
応募段階での履歴書・職務経歴書は不要です。

■ STEP 2　カジュアル面談（オンライン／20〜30分）
「まずは話を聞いてみたい」でOKです。
私服・画面オフでのご参加も歓迎します。
面接ではなく相互理解の場ですので、
仕事内容や職場の雰囲気を気軽にお尋ねください。
平日夜間・早朝・土日の実施もご相談に応じます。

■ STEP 3　面接（対面またはWeb／1回のみ）
業務内容のご案内と、ご希望の働き方のお伺いをします。
ご希望の方にはオフィス見学や
現場スタッフとの対話の時間も設けます。

■ STEP 4　内定・条件面談
応募から内定まで最短1週間のスピード選考です。
入社日や勤務条件のご希望も調整いたします。

＝＝＝＝＝＝＝＝＝＝＝＝＝＝＝
【✧ご応募にあたって✧】

✔ 応募時に履歴書・職務経歴書は必要ありません
✔ 在職中の方も日程を調整できます
✔ 「話を聞いてみたい」だけのご応募も歓迎します"
147,2744,タマホーム株式会社,業界未経験OK◎選考はWeb面接1回だけの住宅営業♪,業界未経験OK｜住宅営業｜鶴ヶ島市,"✦・━━━━━━━━━━━━━━━・✦
＼埼玉県鶴ヶ島市で募集中／
モデルハウスでの接客から始める
注文住宅の営業職
✦・━━━━━━━━━━━━━━━・✦

「不動産は未経験だけど、人と話すのは得意」
そんな営業・販売経験を活かせる仕事です。

＝＝＝＝＝＝＝＝＝＝＝＝＝＝＝
【✧お仕事の内容✧】

■ 顧客アプローチ・ヒアリング
モデルハウスに来場されたお客様への
ヒアリングと注文住宅プランの提案・作成

■ 調査・提案・競合分析
敷地調査、ローン提案、競合比較を行い、
最適なプランをご提供

■ 進行管理
ご契約後の着工・上棟・完成・引き渡しまでの
進行管理

＝＝＝＝＝＝＝＝＝＝＝＝＝＝＝
【✨働きやすいポイント✨】

✔ 年間休日120日
✔ シフト制（月8〜12日休み）
✔ 9:00〜18:00（実働8時間／休憩60分）
✔ 社会保険完備・住宅手当・資格取得祝金あり

＝＝＝＝＝＝＝＝＝＝＝＝＝＝＝
【✨ここが強み✨】

✅ 賞与年2回・昇給年1回
✅ 営業歩合でインセンティブ還元
✅ 一般職→主任→係長→店長→支店長の
　昇進ルートが明確

まずはお気軽にご応募ください。

案件No：2744","《✼ここで働く4つの特徴✼》

✅ ① 頑張りが給与に反映される
営業歩合とインセンティブ制度があり、
賞与は年2回、昇給は年1回です。
役職が上がるごとに固定給も加算されます。

✅ ② 明確なキャリアパス
一般職→主任→係長→店長→支店長。
おおむね2〜3年を目途に昇進します。
（年収例：主任3年目1,284万円／店長8年目2,083万円／支店長13年目2,369万円）

✅ ③ 業界未経験でも挑戦できる
必要なのは何らかの営業経験1年以上（業界問わず）、
または正社員での販売経験（目安1年）。
既卒・第二新卒も歓迎です。

✅ ④ 選考はWeb面接1回
30分〜1時間程度のWeb面接1回で内定可能です。
入社後は各種研修制度も整っています。

＝＝＝＝＝＝＝＝＝＝＝＝＝＝＝
《✼待遇もしっかり✼》

✔ 社会保険完備（健康保険・厚生年金・雇用保険・労災保険）
✔ 確定拠出年金・選択制確定給付企業年金制度
✔ 財形貯蓄制度・従業員持株会
✔ 住宅取得補助制度・住宅手当
✔ 交通費支給・出産祝金・資格取得祝金
✔ 年間休日120日（休暇制度：年末年始休暇・お盆休暇・有給休暇・
慶弔休暇・アニバーサリー休暇・リフレッシュ休暇など）","✦・━━━━━━━━━━━━━━━・✦
＼まずは話を聞くところから／
選考は面接1回、最短1週間で内定
✦・━━━━━━━━━━━━━━━・✦

＝＝＝＝＝＝＝＝＝＝＝＝＝＝＝
【✧選考の流れ✧】

■ STEP 1　Web応募（所要1分）
氏名と連絡先など、簡単な入力だけで完了します。
応募段階での履歴書・職務経歴書は不要です。

■ STEP 2　カジュアル面談（オンライン／20〜30分）
「まずは話を聞いてみたい」でOKです。
私服・画面オフでのご参加も歓迎します。
面接ではなく相互理解の場ですので、
仕事内容や職場の雰囲気を気軽にお尋ねください。
平日夜間・早朝・土日の実施もご相談に応じます。

■ STEP 3　面接（対面またはWeb／1回のみ）
業務内容のご案内と、ご希望の働き方のお伺いをします。
ご希望の方にはオフィス見学や
現場スタッフとの対話の時間も設けます。

■ STEP 4　内定・条件面談
応募から内定まで最短1週間のスピード選考です。
入社日や勤務条件のご希望も調整いたします。

＝＝＝＝＝＝＝＝＝＝＝＝＝＝＝
【✧ご応募にあたって✧】

✔ 応募時に履歴書・職務経歴書は必要ありません
✔ 在職中の方も日程を調整できます
✔ 「話を聞いてみたい」だけのご応募も歓迎します"
148,1608,タマホーム株式会社,業界未経験OK◎選考はWeb面接1回だけの住宅営業♪,業界未経験OK｜住宅営業｜所沢市,"✦・━━━━━━━━━━━━━━━・✦
＼埼玉県所沢市で募集中／
モデルハウスから始める、注文住宅の営業。
未経験の業界でも、経験を活かして挑戦◎
✦・━━━━━━━━━━━━━━━・✦

「不動産は未経験だけど、営業や接客の経験はある」
そんな方が、住宅業界に活躍の場を広げています。

＝＝＝＝＝＝＝＝＝＝＝＝＝＝＝
【✧お仕事の内容✧】

■ 顧客アプローチ・ヒアリング
モデルハウスに来場されたお客様への
ヒアリングと注文住宅プランの提案・作成

■ 調査・提案・競合分析
敷地調査、ローン提案、競合比較を行い、
最適なプランをご提供

■ 進行管理
ご契約後の着工・上棟・完成・引き渡しまでの
進行管理

＝＝＝＝＝＝＝＝＝＝＝＝＝＝＝
【✨この仕事の魅力✨】

✅ インセンティブがしっかり反映
営業歩合があり、頑張りが給与に直結します。
賞与は年2回、昇給は年1回です。

✅ キャリアパスが明確
一般職→主任→係長→店長→支店長と、
おおむね2〜3年を目途に昇進していきます。
役職ごとに固定給も加算されます。

✅ 選考はスピーディー
Web面接1回（30分〜1時間程度）で
内定可能です。

＝＝＝＝＝＝＝＝＝＝＝＝＝＝＝
【✔働き方✔】

✔ 9:00〜18:00（実働8時間／休憩60分）
✔ シフト制（月8〜12日休み）
✔ 年間休日120日

まずはお気軽にご応募ください。

案件No：1608","《✼ここで働く4つの特徴✼》

✅ ① 頑張りが給与に反映される
営業歩合とインセンティブ制度があり、
賞与は年2回、昇給は年1回です。
役職が上がるごとに固定給も加算されます。

✅ ② 明確なキャリアパス
一般職→主任→係長→店長→支店長。
おおむね2〜3年を目途に昇進します。
（年収例：主任3年目1,284万円／店長8年目2,083万円／支店長13年目2,369万円）

✅ ③ 業界未経験でも挑戦できる
必要なのは何らかの営業経験1年以上（業界問わず）、
または正社員での販売経験（目安1年）。
既卒・第二新卒も歓迎です。

✅ ④ 選考はWeb面接1回
30分〜1時間程度のWeb面接1回で内定可能です。
入社後は各種研修制度も整っています。

＝＝＝＝＝＝＝＝＝＝＝＝＝＝＝
《✼待遇もしっかり✼》

✔ 社会保険完備（健康保険・厚生年金・雇用保険・労災保険）
✔ 確定拠出年金・選択制確定給付企業年金制度
✔ 財形貯蓄制度・従業員持株会
✔ 住宅取得補助制度・住宅手当
✔ 交通費支給・出産祝金・資格取得祝金
✔ 年間休日120日（休暇制度：年末年始休暇・お盆休暇・有給休暇・
慶弔休暇・アニバーサリー休暇・リフレッシュ休暇など）","✦・━━━━━━━━━━━━━━━・✦
＼まずは話を聞くところから／
選考は面接1回、最短1週間で内定
✦・━━━━━━━━━━━━━━━・✦

＝＝＝＝＝＝＝＝＝＝＝＝＝＝＝
【✧選考の流れ✧】

■ STEP 1　Web応募（所要1分）
氏名と連絡先など、簡単な入力だけで完了します。
応募段階での履歴書・職務経歴書は不要です。

■ STEP 2　カジュアル面談（オンライン／20〜30分）
「まずは話を聞いてみたい」でOKです。
私服・画面オフでのご参加も歓迎します。
面接ではなく相互理解の場ですので、
仕事内容や職場の雰囲気を気軽にお尋ねください。
平日夜間・早朝・土日の実施もご相談に応じます。

■ STEP 3　面接（対面またはWeb／1回のみ）
業務内容のご案内と、ご希望の働き方のお伺いをします。
ご希望の方にはオフィス見学や
現場スタッフとの対話の時間も設けます。

■ STEP 4　内定・条件面談
応募から内定まで最短1週間のスピード選考です。
入社日や勤務条件のご希望も調整いたします。

＝＝＝＝＝＝＝＝＝＝＝＝＝＝＝
【✧ご応募にあたって✧】

✔ 応募時に履歴書・職務経歴書は必要ありません
✔ 在職中の方も日程を調整できます
✔ 「話を聞いてみたい」だけのご応募も歓迎します"
149,1123,タマホーム株式会社,業界未経験OK◎選考はWeb面接1回だけの住宅営業♪,業界未経験OK｜住宅営業｜新座市,"✦・━━━━━━━━━━━━━━━・✦
＼埼玉県新座市で募集中／
「営業経験を、住宅業界で活かす」
注文住宅の提案営業◎
✦・━━━━━━━━━━━━━━━・✦

法人でも個人でも、業界は問いません。
何らかの営業経験、または販売経験があれば
新しいフィールドに挑戦できます。

＝＝＝＝＝＝＝＝＝＝＝＝＝＝＝
【✨この仕事の魅力✨】

✅ キャリアパスが明確
一般職→主任→係長→店長→支店長。
おおむね2〜3年を目途に昇進し、
役職ごとに固定給も加算されます。

✅ インセンティブがしっかり反映
営業歩合があり、賞与は年2回、
昇給は年1回です。

✅ 選考はスピーディー
Web面接1回（30分〜1時間程度）で
内定可能です。

＝＝＝＝＝＝＝＝＝＝＝＝＝＝＝
【✧お仕事の内容✧】

■ 顧客アプローチ・ヒアリング
モデルハウスに来場されたお客様への
ヒアリングと注文住宅プランの提案・作成

■ 調査・提案・競合分析
敷地調査、ローン提案、競合比較を行い、
最適なプランをご提供

■ 進行管理
ご契約後の着工・上棟・完成・引き渡しまでの
進行管理

＝＝＝＝＝＝＝＝＝＝＝＝＝＝＝
【✔働き方✔】

✔ 9:00〜18:00（実働8時間／休憩60分）
✔ シフト制（月8〜12日休み）
✔ 年間休日120日

まずはお気軽にご応募ください。

案件No：1123","《✼ここで働く4つの特徴✼》

✅ ① 頑張りが給与に反映される
営業歩合とインセンティブ制度があり、
賞与は年2回、昇給は年1回です。
役職が上がるごとに固定給も加算されます。

✅ ② 明確なキャリアパス
一般職→主任→係長→店長→支店長。
おおむね2〜3年を目途に昇進します。
（年収例：主任3年目1,284万円／店長8年目2,083万円／支店長13年目2,369万円）

✅ ③ 業界未経験でも挑戦できる
必要なのは何らかの営業経験1年以上（業界問わず）、
または正社員での販売経験（目安1年）。
既卒・第二新卒も歓迎です。

✅ ④ 選考はWeb面接1回
30分〜1時間程度のWeb面接1回で内定可能です。
入社後は各種研修制度も整っています。

＝＝＝＝＝＝＝＝＝＝＝＝＝＝＝
《✼待遇もしっかり✼》

✔ 社会保険完備（健康保険・厚生年金・雇用保険・労災保険）
✔ 確定拠出年金・選択制確定給付企業年金制度
✔ 財形貯蓄制度・従業員持株会
✔ 住宅取得補助制度・住宅手当
✔ 交通費支給・出産祝金・資格取得祝金
✔ 年間休日120日（休暇制度：年末年始休暇・お盆休暇・有給休暇・
慶弔休暇・アニバーサリー休暇・リフレッシュ休暇など）","✦・━━━━━━━━━━━━━━━・✦
＼まずは話を聞くところから／
選考は面接1回、最短1週間で内定
✦・━━━━━━━━━━━━━━━・✦

＝＝＝＝＝＝＝＝＝＝＝＝＝＝＝
【✧選考の流れ✧】

■ STEP 1　Web応募（所要1分）
氏名と連絡先など、簡単な入力だけで完了します。
応募段階での履歴書・職務経歴書は不要です。

■ STEP 2　カジュアル面談（オンライン／20〜30分）
「まずは話を聞いてみたい」でOKです。
私服・画面オフでのご参加も歓迎します。
面接ではなく相互理解の場ですので、
仕事内容や職場の雰囲気を気軽にお尋ねください。
平日夜間・早朝・土日の実施もご相談に応じます。

■ STEP 3　面接（対面またはWeb／1回のみ）
業務内容のご案内と、ご希望の働き方のお伺いをします。
ご希望の方にはオフィス見学や
現場スタッフとの対話の時間も設けます。

■ STEP 4　内定・条件面談
応募から内定まで最短1週間のスピード選考です。
入社日や勤務条件のご希望も調整いたします。

＝＝＝＝＝＝＝＝＝＝＝＝＝＝＝
【✧ご応募にあたって✧】

✔ 応募時に履歴書・職務経歴書は必要ありません
✔ 在職中の方も日程を調整できます
✔ 「話を聞いてみたい」だけのご応募も歓迎します"
150,2773,タマホーム株式会社,業界未経験OK◎選考はWeb面接1回だけの住宅営業♪,業界未経験OK｜住宅営業｜さいたま市北区,"✦・━━━━━━━━━━━━━━━・✦
＼埼玉県さいたま市北区で募集中／
モデルハウスでの接客から始める
注文住宅の営業職
✦・━━━━━━━━━━━━━━━・✦

「不動産は未経験だけど、人と話すのは得意」
そんな営業・販売経験を活かせる仕事です。

＝＝＝＝＝＝＝＝＝＝＝＝＝＝＝
【✧お仕事の内容✧】

■ 顧客アプローチ・ヒアリング
モデルハウスに来場されたお客様への
ヒアリングと注文住宅プランの提案・作成

■ 調査・提案・競合分析
敷地調査、ローン提案、競合比較を行い、
最適なプランをご提供

■ 進行管理
ご契約後の着工・上棟・完成・引き渡しまでの
進行管理

＝＝＝＝＝＝＝＝＝＝＝＝＝＝＝
【✨働きやすいポイント✨】

✔ 年間休日120日
✔ シフト制（月8〜12日休み）
✔ 9:00〜18:00（実働8時間／休憩60分）
✔ 社会保険完備・住宅手当・資格取得祝金あり

＝＝＝＝＝＝＝＝＝＝＝＝＝＝＝
【✨ここが強み✨】

✅ 賞与年2回・昇給年1回
✅ 営業歩合でインセンティブ還元
✅ 一般職→主任→係長→店長→支店長の
　昇進ルートが明確

まずはお気軽にご応募ください。

案件No：2773","《✼ここで働く4つの特徴✼》

✅ ① 頑張りが給与に反映される
営業歩合とインセンティブ制度があり、
賞与は年2回、昇給は年1回です。
役職が上がるごとに固定給も加算されます。

✅ ② 明確なキャリアパス
一般職→主任→係長→店長→支店長。
おおむね2〜3年を目途に昇進します。
（年収例：主任3年目1,284万円／店長8年目2,083万円／支店長13年目2,369万円）

✅ ③ 業界未経験でも挑戦できる
必要なのは何らかの営業経験1年以上（業界問わず）、
または正社員での販売経験（目安1年）。
既卒・第二新卒も歓迎です。

✅ ④ 選考はWeb面接1回
30分〜1時間程度のWeb面接1回で内定可能です。
入社後は各種研修制度も整っています。

＝＝＝＝＝＝＝＝＝＝＝＝＝＝＝
《✼待遇もしっかり✼》

✔ 社会保険完備（健康保険・厚生年金・雇用保険・労災保険）
✔ 確定拠出年金・選択制確定給付企業年金制度
✔ 財形貯蓄制度・従業員持株会
✔ 住宅取得補助制度・住宅手当
✔ 交通費支給・出産祝金・資格取得祝金
✔ 年間休日120日（休暇制度：年末年始休暇・お盆休暇・有給休暇・
慶弔休暇・アニバーサリー休暇・リフレッシュ休暇など）","✦・━━━━━━━━━━━━━━━・✦
＼まずは話を聞くところから／
選考は面接1回、最短1週間で内定
✦・━━━━━━━━━━━━━━━・✦

＝＝＝＝＝＝＝＝＝＝＝＝＝＝＝
【✧選考の流れ✧】

■ STEP 1　Web応募（所要1分）
氏名と連絡先など、簡単な入力だけで完了します。
応募段階での履歴書・職務経歴書は不要です。

■ STEP 2　カジュアル面談（オンライン／20〜30分）
「まずは話を聞いてみたい」でOKです。
私服・画面オフでのご参加も歓迎します。
面接ではなく相互理解の場ですので、
仕事内容や職場の雰囲気を気軽にお尋ねください。
平日夜間・早朝・土日の実施もご相談に応じます。

■ STEP 3　面接（対面またはWeb／1回のみ）
業務内容のご案内と、ご希望の働き方のお伺いをします。
ご希望の方にはオフィス見学や
現場スタッフとの対話の時間も設けます。

■ STEP 4　内定・条件面談
応募から内定まで最短1週間のスピード選考です。
入社日や勤務条件のご希望も調整いたします。

＝＝＝＝＝＝＝＝＝＝＝＝＝＝＝
【✧ご応募にあたって✧】

✔ 応募時に履歴書・職務経歴書は必要ありません
✔ 在職中の方も日程を調整できます
✔ 「話を聞いてみたい」だけのご応募も歓迎します"
151,1271,タマホーム株式会社,業界未経験OK◎選考はWeb面接1回だけの住宅営業♪,業界未経験OK｜住宅営業｜加須市,"✦・━━━━━━━━━━━━━━━・✦
＼埼玉県加須市で募集中／
モデルハウスから始める、注文住宅の営業。
未経験の業界でも、経験を活かして挑戦◎
✦・━━━━━━━━━━━━━━━・✦

「不動産は未経験だけど、営業や接客の経験はある」
そんな方が、住宅業界に活躍の場を広げています。

＝＝＝＝＝＝＝＝＝＝＝＝＝＝＝
【✧お仕事の内容✧】

■ 顧客アプローチ・ヒアリング
モデルハウスに来場されたお客様への
ヒアリングと注文住宅プランの提案・作成

■ 調査・提案・競合分析
敷地調査、ローン提案、競合比較を行い、
最適なプランをご提供

■ 進行管理
ご契約後の着工・上棟・完成・引き渡しまでの
進行管理

＝＝＝＝＝＝＝＝＝＝＝＝＝＝＝
【✨この仕事の魅力✨】

✅ インセンティブがしっかり反映
営業歩合があり、頑張りが給与に直結します。
賞与は年2回、昇給は年1回です。

✅ キャリアパスが明確
一般職→主任→係長→店長→支店長と、
おおむね2〜3年を目途に昇進していきます。
役職ごとに固定給も加算されます。

✅ 選考はスピーディー
Web面接1回（30分〜1時間程度）で
内定可能です。

＝＝＝＝＝＝＝＝＝＝＝＝＝＝＝
【✔働き方✔】

✔ 9:00〜18:00（実働8時間／休憩60分）
✔ シフト制（月8〜12日休み）
✔ 年間休日120日

まずはお気軽にご応募ください。

案件No：1271","《✼ここで働く4つの特徴✼》

✅ ① 頑張りが給与に反映される
営業歩合とインセンティブ制度があり、
賞与は年2回、昇給は年1回です。
役職が上がるごとに固定給も加算されます。

✅ ② 明確なキャリアパス
一般職→主任→係長→店長→支店長。
おおむね2〜3年を目途に昇進します。
（年収例：主任3年目1,284万円／店長8年目2,083万円／支店長13年目2,369万円）

✅ ③ 業界未経験でも挑戦できる
必要なのは何らかの営業経験1年以上（業界問わず）、
または正社員での販売経験（目安1年）。
既卒・第二新卒も歓迎です。

✅ ④ 選考はWeb面接1回
30分〜1時間程度のWeb面接1回で内定可能です。
入社後は各種研修制度も整っています。

＝＝＝＝＝＝＝＝＝＝＝＝＝＝＝
《✼待遇もしっかり✼》

✔ 社会保険完備（健康保険・厚生年金・雇用保険・労災保険）
✔ 確定拠出年金・選択制確定給付企業年金制度
✔ 財形貯蓄制度・従業員持株会
✔ 住宅取得補助制度・住宅手当
✔ 交通費支給・出産祝金・資格取得祝金
✔ 年間休日120日（休暇制度：年末年始休暇・お盆休暇・有給休暇・
慶弔休暇・アニバーサリー休暇・リフレッシュ休暇など）","✦・━━━━━━━━━━━━━━━・✦
＼まずは話を聞くところから／
選考は面接1回、最短1週間で内定
✦・━━━━━━━━━━━━━━━・✦

＝＝＝＝＝＝＝＝＝＝＝＝＝＝＝
【✧選考の流れ✧】

■ STEP 1　Web応募（所要1分）
氏名と連絡先など、簡単な入力だけで完了します。
応募段階での履歴書・職務経歴書は不要です。

■ STEP 2　カジュアル面談（オンライン／20〜30分）
「まずは話を聞いてみたい」でOKです。
私服・画面オフでのご参加も歓迎します。
面接ではなく相互理解の場ですので、
仕事内容や職場の雰囲気を気軽にお尋ねください。
平日夜間・早朝・土日の実施もご相談に応じます。

■ STEP 3　面接（対面またはWeb／1回のみ）
業務内容のご案内と、ご希望の働き方のお伺いをします。
ご希望の方にはオフィス見学や
現場スタッフとの対話の時間も設けます。

■ STEP 4　内定・条件面談
応募から内定まで最短1週間のスピード選考です。
入社日や勤務条件のご希望も調整いたします。

＝＝＝＝＝＝＝＝＝＝＝＝＝＝＝
【✧ご応募にあたって✧】

✔ 応募時に履歴書・職務経歴書は必要ありません
✔ 在職中の方も日程を調整できます
✔ 「話を聞いてみたい」だけのご応募も歓迎します"
152,1406,タマホーム株式会社,業界未経験OK◎選考はWeb面接1回だけの住宅営業♪,業界未経験OK｜住宅営業｜桶川市,"✦・━━━━━━━━━━━━━━━・✦
＼埼玉県桶川市で募集中／
「営業経験を、住宅業界で活かす」
注文住宅の提案営業◎
✦・━━━━━━━━━━━━━━━・✦

法人でも個人でも、業界は問いません。
何らかの営業経験、または販売経験があれば
新しいフィールドに挑戦できます。

＝＝＝＝＝＝＝＝＝＝＝＝＝＝＝
【✨この仕事の魅力✨】

✅ キャリアパスが明確
一般職→主任→係長→店長→支店長。
おおむね2〜3年を目途に昇進し、
役職ごとに固定給も加算されます。

✅ インセンティブがしっかり反映
営業歩合があり、賞与は年2回、
昇給は年1回です。

✅ 選考はスピーディー
Web面接1回（30分〜1時間程度）で
内定可能です。

＝＝＝＝＝＝＝＝＝＝＝＝＝＝＝
【✧お仕事の内容✧】

■ 顧客アプローチ・ヒアリング
モデルハウスに来場されたお客様への
ヒアリングと注文住宅プランの提案・作成

■ 調査・提案・競合分析
敷地調査、ローン提案、競合比較を行い、
最適なプランをご提供

■ 進行管理
ご契約後の着工・上棟・完成・引き渡しまでの
進行管理

＝＝＝＝＝＝＝＝＝＝＝＝＝＝＝
【✔働き方✔】

✔ 9:00〜18:00（実働8時間／休憩60分）
✔ シフト制（月8〜12日休み）
✔ 年間休日120日

まずはお気軽にご応募ください。

案件No：1406","《✼ここで働く4つの特徴✼》

✅ ① 頑張りが給与に反映される
営業歩合とインセンティブ制度があり、
賞与は年2回、昇給は年1回です。
役職が上がるごとに固定給も加算されます。

✅ ② 明確なキャリアパス
一般職→主任→係長→店長→支店長。
おおむね2〜3年を目途に昇進します。
（年収例：主任3年目1,284万円／店長8年目2,083万円／支店長13年目2,369万円）

✅ ③ 業界未経験でも挑戦できる
必要なのは何らかの営業経験1年以上（業界問わず）、
または正社員での販売経験（目安1年）。
既卒・第二新卒も歓迎です。

✅ ④ 選考はWeb面接1回
30分〜1時間程度のWeb面接1回で内定可能です。
入社後は各種研修制度も整っています。

＝＝＝＝＝＝＝＝＝＝＝＝＝＝＝
《✼待遇もしっかり✼》

✔ 社会保険完備（健康保険・厚生年金・雇用保険・労災保険）
✔ 確定拠出年金・選択制確定給付企業年金制度
✔ 財形貯蓄制度・従業員持株会
✔ 住宅取得補助制度・住宅手当
✔ 交通費支給・出産祝金・資格取得祝金
✔ 年間休日120日（休暇制度：年末年始休暇・お盆休暇・有給休暇・
慶弔休暇・アニバーサリー休暇・リフレッシュ休暇など）","✦・━━━━━━━━━━━━━━━・✦
＼まずは話を聞くところから／
選考は面接1回、最短1週間で内定
✦・━━━━━━━━━━━━━━━・✦

＝＝＝＝＝＝＝＝＝＝＝＝＝＝＝
【✧選考の流れ✧】

■ STEP 1　Web応募（所要1分）
氏名と連絡先など、簡単な入力だけで完了します。
応募段階での履歴書・職務経歴書は不要です。

■ STEP 2　カジュアル面談（オンライン／20〜30分）
「まずは話を聞いてみたい」でOKです。
私服・画面オフでのご参加も歓迎します。
面接ではなく相互理解の場ですので、
仕事内容や職場の雰囲気を気軽にお尋ねください。
平日夜間・早朝・土日の実施もご相談に応じます。

■ STEP 3　面接（対面またはWeb／1回のみ）
業務内容のご案内と、ご希望の働き方のお伺いをします。
ご希望の方にはオフィス見学や
現場スタッフとの対話の時間も設けます。

■ STEP 4　内定・条件面談
応募から内定まで最短1週間のスピード選考です。
入社日や勤務条件のご希望も調整いたします。

＝＝＝＝＝＝＝＝＝＝＝＝＝＝＝
【✧ご応募にあたって✧】

✔ 応募時に履歴書・職務経歴書は必要ありません
✔ 在職中の方も日程を調整できます
✔ 「話を聞いてみたい」だけのご応募も歓迎します"
153,599,タマホーム株式会社,業界未経験OK◎選考はWeb面接1回だけの住宅営業♪,業界未経験OK｜住宅営業｜川口市,"✦・━━━━━━━━━━━━━━━・✦
＼埼玉県川口市で募集中／
モデルハウスでの接客から始める
注文住宅の営業職
✦・━━━━━━━━━━━━━━━・✦

「不動産は未経験だけど、人と話すのは得意」
そんな営業・販売経験を活かせる仕事です。

＝＝＝＝＝＝＝＝＝＝＝＝＝＝＝
【✧お仕事の内容✧】

■ 顧客アプローチ・ヒアリング
モデルハウスに来場されたお客様への
ヒアリングと注文住宅プランの提案・作成

■ 調査・提案・競合分析
敷地調査、ローン提案、競合比較を行い、
最適なプランをご提供

■ 進行管理
ご契約後の着工・上棟・完成・引き渡しまでの
進行管理

＝＝＝＝＝＝＝＝＝＝＝＝＝＝＝
【✨働きやすいポイント✨】

✔ 年間休日120日
✔ シフト制（月8〜12日休み）
✔ 9:00〜18:00（実働8時間／休憩60分）
✔ 社会保険完備・住宅手当・資格取得祝金あり

＝＝＝＝＝＝＝＝＝＝＝＝＝＝＝
【✨ここが強み✨】

✅ 賞与年2回・昇給年1回
✅ 営業歩合でインセンティブ還元
✅ 一般職→主任→係長→店長→支店長の
　昇進ルートが明確

まずはお気軽にご応募ください。

案件No：599","《✼ここで働く4つの特徴✼》

✅ ① 頑張りが給与に反映される
営業歩合とインセンティブ制度があり、
賞与は年2回、昇給は年1回です。
役職が上がるごとに固定給も加算されます。

✅ ② 明確なキャリアパス
一般職→主任→係長→店長→支店長。
おおむね2〜3年を目途に昇進します。
（年収例：主任3年目1,284万円／店長8年目2,083万円／支店長13年目2,369万円）

✅ ③ 業界未経験でも挑戦できる
必要なのは何らかの営業経験1年以上（業界問わず）、
または正社員での販売経験（目安1年）。
既卒・第二新卒も歓迎です。

✅ ④ 選考はWeb面接1回
30分〜1時間程度のWeb面接1回で内定可能です。
入社後は各種研修制度も整っています。

＝＝＝＝＝＝＝＝＝＝＝＝＝＝＝
《✼待遇もしっかり✼》

✔ 社会保険完備（健康保険・厚生年金・雇用保険・労災保険）
✔ 確定拠出年金・選択制確定給付企業年金制度
✔ 財形貯蓄制度・従業員持株会
✔ 住宅取得補助制度・住宅手当
✔ 交通費支給・出産祝金・資格取得祝金
✔ 年間休日120日（休暇制度：年末年始休暇・お盆休暇・有給休暇・
慶弔休暇・アニバーサリー休暇・リフレッシュ休暇など）","✦・━━━━━━━━━━━━━━━・✦
＼まずは話を聞くところから／
選考は面接1回、最短1週間で内定
✦・━━━━━━━━━━━━━━━・✦

＝＝＝＝＝＝＝＝＝＝＝＝＝＝＝
【✧選考の流れ✧】

■ STEP 1　Web応募（所要1分）
氏名と連絡先など、簡単な入力だけで完了します。
応募段階での履歴書・職務経歴書は不要です。

■ STEP 2　カジュアル面談（オンライン／20〜30分）
「まずは話を聞いてみたい」でOKです。
私服・画面オフでのご参加も歓迎します。
面接ではなく相互理解の場ですので、
仕事内容や職場の雰囲気を気軽にお尋ねください。
平日夜間・早朝・土日の実施もご相談に応じます。

■ STEP 3　面接（対面またはWeb／1回のみ）
業務内容のご案内と、ご希望の働き方のお伺いをします。
ご希望の方にはオフィス見学や
現場スタッフとの対話の時間も設けます。

■ STEP 4　内定・条件面談
応募から内定まで最短1週間のスピード選考です。
入社日や勤務条件のご希望も調整いたします。

＝＝＝＝＝＝＝＝＝＝＝＝＝＝＝
【✧ご応募にあたって✧】

✔ 応募時に履歴書・職務経歴書は必要ありません
✔ 在職中の方も日程を調整できます
✔ 「話を聞いてみたい」だけのご応募も歓迎します"
154,690,タマホーム株式会社,業界未経験OK◎選考はWeb面接1回だけの住宅営業♪,業界未経験OK｜住宅営業｜三郷市,"✦・━━━━━━━━━━━━━━━・✦
＼埼玉県三郷市で募集中／
モデルハウスから始める、注文住宅の営業。
未経験の業界でも、経験を活かして挑戦◎
✦・━━━━━━━━━━━━━━━・✦

「不動産は未経験だけど、営業や接客の経験はある」
そんな方が、住宅業界に活躍の場を広げています。

＝＝＝＝＝＝＝＝＝＝＝＝＝＝＝
【✧お仕事の内容✧】

■ 顧客アプローチ・ヒアリング
モデルハウスに来場されたお客様への
ヒアリングと注文住宅プランの提案・作成

■ 調査・提案・競合分析
敷地調査、ローン提案、競合比較を行い、
最適なプランをご提供

■ 進行管理
ご契約後の着工・上棟・完成・引き渡しまでの
進行管理

＝＝＝＝＝＝＝＝＝＝＝＝＝＝＝
【✨この仕事の魅力✨】

✅ インセンティブがしっかり反映
営業歩合があり、頑張りが給与に直結します。
賞与は年2回、昇給は年1回です。

✅ キャリアパスが明確
一般職→主任→係長→店長→支店長と、
おおむね2〜3年を目途に昇進していきます。
役職ごとに固定給も加算されます。

✅ 選考はスピーディー
Web面接1回（30分〜1時間程度）で
内定可能です。

＝＝＝＝＝＝＝＝＝＝＝＝＝＝＝
【✔働き方✔】

✔ 9:00〜18:00（実働8時間／休憩60分）
✔ シフト制（月8〜12日休み）
✔ 年間休日120日

まずはお気軽にご応募ください。

案件No：690","《✼ここで働く4つの特徴✼》

✅ ① 頑張りが給与に反映される
営業歩合とインセンティブ制度があり、
賞与は年2回、昇給は年1回です。
役職が上がるごとに固定給も加算されます。

✅ ② 明確なキャリアパス
一般職→主任→係長→店長→支店長。
おおむね2〜3年を目途に昇進します。
（年収例：主任3年目1,284万円／店長8年目2,083万円／支店長13年目2,369万円）

✅ ③ 業界未経験でも挑戦できる
必要なのは何らかの営業経験1年以上（業界問わず）、
または正社員での販売経験（目安1年）。
既卒・第二新卒も歓迎です。

✅ ④ 選考はWeb面接1回
30分〜1時間程度のWeb面接1回で内定可能です。
入社後は各種研修制度も整っています。

＝＝＝＝＝＝＝＝＝＝＝＝＝＝＝
《✼待遇もしっかり✼》

✔ 社会保険完備（健康保険・厚生年金・雇用保険・労災保険）
✔ 確定拠出年金・選択制確定給付企業年金制度
✔ 財形貯蓄制度・従業員持株会
✔ 住宅取得補助制度・住宅手当
✔ 交通費支給・出産祝金・資格取得祝金
✔ 年間休日120日（休暇制度：年末年始休暇・お盆休暇・有給休暇・
慶弔休暇・アニバーサリー休暇・リフレッシュ休暇など）","✦・━━━━━━━━━━━━━━━・✦
＼まずは話を聞くところから／
選考は面接1回、最短1週間で内定
✦・━━━━━━━━━━━━━━━・✦

＝＝＝＝＝＝＝＝＝＝＝＝＝＝＝
【✧選考の流れ✧】

■ STEP 1　Web応募（所要1分）
氏名と連絡先など、簡単な入力だけで完了します。
応募段階での履歴書・職務経歴書は不要です。

■ STEP 2　カジュアル面談（オンライン／20〜30分）
「まずは話を聞いてみたい」でOKです。
私服・画面オフでのご参加も歓迎します。
面接ではなく相互理解の場ですので、
仕事内容や職場の雰囲気を気軽にお尋ねください。
平日夜間・早朝・土日の実施もご相談に応じます。

■ STEP 3　面接（対面またはWeb／1回のみ）
業務内容のご案内と、ご希望の働き方のお伺いをします。
ご希望の方にはオフィス見学や
現場スタッフとの対話の時間も設けます。

■ STEP 4　内定・条件面談
応募から内定まで最短1週間のスピード選考です。
入社日や勤務条件のご希望も調整いたします。

＝＝＝＝＝＝＝＝＝＝＝＝＝＝＝
【✧ご応募にあたって✧】

✔ 応募時に履歴書・職務経歴書は必要ありません
✔ 在職中の方も日程を調整できます
✔ 「話を聞いてみたい」だけのご応募も歓迎します"
155,1867,タマホーム株式会社,業界未経験OK◎選考はWeb面接1回だけの住宅営業♪,業界未経験OK｜住宅営業｜さいたま市大宮区,"✦・━━━━━━━━━━━━━━━・✦
＼埼玉県さいたま市大宮区で募集中／
「営業経験を、住宅業界で活かす」
注文住宅の提案営業◎
✦・━━━━━━━━━━━━━━━・✦

法人でも個人でも、業界は問いません。
何らかの営業経験、または販売経験があれば
新しいフィールドに挑戦できます。

＝＝＝＝＝＝＝＝＝＝＝＝＝＝＝
【✨この仕事の魅力✨】

✅ キャリアパスが明確
一般職→主任→係長→店長→支店長。
おおむね2〜3年を目途に昇進し、
役職ごとに固定給も加算されます。

✅ インセンティブがしっかり反映
営業歩合があり、賞与は年2回、
昇給は年1回です。

✅ 選考はスピーディー
Web面接1回（30分〜1時間程度）で
内定可能です。

＝＝＝＝＝＝＝＝＝＝＝＝＝＝＝
【✧お仕事の内容✧】

■ 顧客アプローチ・ヒアリング
モデルハウスに来場されたお客様への
ヒアリングと注文住宅プランの提案・作成

■ 調査・提案・競合分析
敷地調査、ローン提案、競合比較を行い、
最適なプランをご提供

■ 進行管理
ご契約後の着工・上棟・完成・引き渡しまでの
進行管理

＝＝＝＝＝＝＝＝＝＝＝＝＝＝＝
【✔働き方✔】

✔ 9:00〜18:00（実働8時間／休憩60分）
✔ シフト制（月8〜12日休み）
✔ 年間休日120日

まずはお気軽にご応募ください。

案件No：1867","《✼ここで働く4つの特徴✼》

✅ ① 頑張りが給与に反映される
営業歩合とインセンティブ制度があり、
賞与は年2回、昇給は年1回です。
役職が上がるごとに固定給も加算されます。

✅ ② 明確なキャリアパス
一般職→主任→係長→店長→支店長。
おおむね2〜3年を目途に昇進します。
（年収例：主任3年目1,284万円／店長8年目2,083万円／支店長13年目2,369万円）

✅ ③ 業界未経験でも挑戦できる
必要なのは何らかの営業経験1年以上（業界問わず）、
または正社員での販売経験（目安1年）。
既卒・第二新卒も歓迎です。

✅ ④ 選考はWeb面接1回
30分〜1時間程度のWeb面接1回で内定可能です。
入社後は各種研修制度も整っています。

＝＝＝＝＝＝＝＝＝＝＝＝＝＝＝
《✼待遇もしっかり✼》

✔ 社会保険完備（健康保険・厚生年金・雇用保険・労災保険）
✔ 確定拠出年金・選択制確定給付企業年金制度
✔ 財形貯蓄制度・従業員持株会
✔ 住宅取得補助制度・住宅手当
✔ 交通費支給・出産祝金・資格取得祝金
✔ 年間休日120日（休暇制度：年末年始休暇・お盆休暇・有給休暇・
慶弔休暇・アニバーサリー休暇・リフレッシュ休暇など）","✦・━━━━━━━━━━━━━━━・✦
＼まずは話を聞くところから／
選考は面接1回、最短1週間で内定
✦・━━━━━━━━━━━━━━━・✦

＝＝＝＝＝＝＝＝＝＝＝＝＝＝＝
【✧選考の流れ✧】

■ STEP 1　Web応募（所要1分）
氏名と連絡先など、簡単な入力だけで完了します。
応募段階での履歴書・職務経歴書は不要です。

■ STEP 2　カジュアル面談（オンライン／20〜30分）
「まずは話を聞いてみたい」でOKです。
私服・画面オフでのご参加も歓迎します。
面接ではなく相互理解の場ですので、
仕事内容や職場の雰囲気を気軽にお尋ねください。
平日夜間・早朝・土日の実施もご相談に応じます。

■ STEP 3　面接（対面またはWeb／1回のみ）
業務内容のご案内と、ご希望の働き方のお伺いをします。
ご希望の方にはオフィス見学や
現場スタッフとの対話の時間も設けます。

■ STEP 4　内定・条件面談
応募から内定まで最短1週間のスピード選考です。
入社日や勤務条件のご希望も調整いたします。

＝＝＝＝＝＝＝＝＝＝＝＝＝＝＝
【✧ご応募にあたって✧】

✔ 応募時に履歴書・職務経歴書は必要ありません
✔ 在職中の方も日程を調整できます
✔ 「話を聞いてみたい」だけのご応募も歓迎します"
156,554,タマホーム株式会社,業界未経験OK◎選考はWeb面接1回だけの住宅営業♪,業界未経験OK｜住宅営業｜草加市,"✦・━━━━━━━━━━━━━━━・✦
＼埼玉県草加市で募集中／
モデルハウスでの接客から始める
注文住宅の営業職
✦・━━━━━━━━━━━━━━━・✦

「不動産は未経験だけど、人と話すのは得意」
そんな営業・販売経験を活かせる仕事です。

＝＝＝＝＝＝＝＝＝＝＝＝＝＝＝
【✧お仕事の内容✧】

■ 顧客アプローチ・ヒアリング
モデルハウスに来場されたお客様への
ヒアリングと注文住宅プランの提案・作成

■ 調査・提案・競合分析
敷地調査、ローン提案、競合比較を行い、
最適なプランをご提供

■ 進行管理
ご契約後の着工・上棟・完成・引き渡しまでの
進行管理

＝＝＝＝＝＝＝＝＝＝＝＝＝＝＝
【✨働きやすいポイント✨】

✔ 年間休日120日
✔ シフト制（月8〜12日休み）
✔ 9:00〜18:00（実働8時間／休憩60分）
✔ 社会保険完備・住宅手当・資格取得祝金あり

＝＝＝＝＝＝＝＝＝＝＝＝＝＝＝
【✨ここが強み✨】

✅ 賞与年2回・昇給年1回
✅ 営業歩合でインセンティブ還元
✅ 一般職→主任→係長→店長→支店長の
　昇進ルートが明確

まずはお気軽にご応募ください。

案件No：554","《✼ここで働く4つの特徴✼》

✅ ① 頑張りが給与に反映される
営業歩合とインセンティブ制度があり、
賞与は年2回、昇給は年1回です。
役職が上がるごとに固定給も加算されます。

✅ ② 明確なキャリアパス
一般職→主任→係長→店長→支店長。
おおむね2〜3年を目途に昇進します。
（年収例：主任3年目1,284万円／店長8年目2,083万円／支店長13年目2,369万円）

✅ ③ 業界未経験でも挑戦できる
必要なのは何らかの営業経験1年以上（業界問わず）、
または正社員での販売経験（目安1年）。
既卒・第二新卒も歓迎です。

✅ ④ 選考はWeb面接1回
30分〜1時間程度のWeb面接1回で内定可能です。
入社後は各種研修制度も整っています。

＝＝＝＝＝＝＝＝＝＝＝＝＝＝＝
《✼待遇もしっかり✼》

✔ 社会保険完備（健康保険・厚生年金・雇用保険・労災保険）
✔ 確定拠出年金・選択制確定給付企業年金制度
✔ 財形貯蓄制度・従業員持株会
✔ 住宅取得補助制度・住宅手当
✔ 交通費支給・出産祝金・資格取得祝金
✔ 年間休日120日（休暇制度：年末年始休暇・お盆休暇・有給休暇・
慶弔休暇・アニバーサリー休暇・リフレッシュ休暇など）","✦・━━━━━━━━━━━━━━━・✦
＼まずは話を聞くところから／
選考は面接1回、最短1週間で内定
✦・━━━━━━━━━━━━━━━・✦

＝＝＝＝＝＝＝＝＝＝＝＝＝＝＝
【✧選考の流れ✧】

■ STEP 1　Web応募（所要1分）
氏名と連絡先など、簡単な入力だけで完了します。
応募段階での履歴書・職務経歴書は不要です。

■ STEP 2　カジュアル面談（オンライン／20〜30分）
「まずは話を聞いてみたい」でOKです。
私服・画面オフでのご参加も歓迎します。
面接ではなく相互理解の場ですので、
仕事内容や職場の雰囲気を気軽にお尋ねください。
平日夜間・早朝・土日の実施もご相談に応じます。

■ STEP 3　面接（対面またはWeb／1回のみ）
業務内容のご案内と、ご希望の働き方のお伺いをします。
ご希望の方にはオフィス見学や
現場スタッフとの対話の時間も設けます。

■ STEP 4　内定・条件面談
応募から内定まで最短1週間のスピード選考です。
入社日や勤務条件のご希望も調整いたします。

＝＝＝＝＝＝＝＝＝＝＝＝＝＝＝
【✧ご応募にあたって✧】

✔ 応募時に履歴書・職務経歴書は必要ありません
✔ 在職中の方も日程を調整できます
✔ 「話を聞いてみたい」だけのご応募も歓迎します"
157,1788,タマホーム株式会社,業界未経験OK◎選考はWeb面接1回だけの住宅営業♪,業界未経験OK｜住宅営業｜我孫子市,"✦・━━━━━━━━━━━━━━━・✦
＼千葉県我孫子市で募集中／
モデルハウスから始める、注文住宅の営業。
未経験の業界でも、経験を活かして挑戦◎
✦・━━━━━━━━━━━━━━━・✦

「不動産は未経験だけど、営業や接客の経験はある」
そんな方が、住宅業界に活躍の場を広げています。

＝＝＝＝＝＝＝＝＝＝＝＝＝＝＝
【✧お仕事の内容✧】

■ 顧客アプローチ・ヒアリング
モデルハウスに来場されたお客様への
ヒアリングと注文住宅プランの提案・作成

■ 調査・提案・競合分析
敷地調査、ローン提案、競合比較を行い、
最適なプランをご提供

■ 進行管理
ご契約後の着工・上棟・完成・引き渡しまでの
進行管理

＝＝＝＝＝＝＝＝＝＝＝＝＝＝＝
【✨この仕事の魅力✨】

✅ インセンティブがしっかり反映
営業歩合があり、頑張りが給与に直結します。
賞与は年2回、昇給は年1回です。

✅ キャリアパスが明確
一般職→主任→係長→店長→支店長と、
おおむね2〜3年を目途に昇進していきます。
役職ごとに固定給も加算されます。

✅ 選考はスピーディー
Web面接1回（30分〜1時間程度）で
内定可能です。

＝＝＝＝＝＝＝＝＝＝＝＝＝＝＝
【✔働き方✔】

✔ 9:00〜18:00（実働8時間／休憩60分）
✔ シフト制（月8〜12日休み）
✔ 年間休日120日

まずはお気軽にご応募ください。

案件No：1788","《✼ここで働く4つの特徴✼》

✅ ① 頑張りが給与に反映される
営業歩合とインセンティブ制度があり、
賞与は年2回、昇給は年1回です。
役職が上がるごとに固定給も加算されます。

✅ ② 明確なキャリアパス
一般職→主任→係長→店長→支店長。
おおむね2〜3年を目途に昇進します。
（年収例：主任3年目1,284万円／店長8年目2,083万円／支店長13年目2,369万円）

✅ ③ 業界未経験でも挑戦できる
必要なのは何らかの営業経験1年以上（業界問わず）、
または正社員での販売経験（目安1年）。
既卒・第二新卒も歓迎です。

✅ ④ 選考はWeb面接1回
30分〜1時間程度のWeb面接1回で内定可能です。
入社後は各種研修制度も整っています。

＝＝＝＝＝＝＝＝＝＝＝＝＝＝＝
《✼待遇もしっかり✼》

✔ 社会保険完備（健康保険・厚生年金・雇用保険・労災保険）
✔ 確定拠出年金・選択制確定給付企業年金制度
✔ 財形貯蓄制度・従業員持株会
✔ 住宅取得補助制度・住宅手当
✔ 交通費支給・出産祝金・資格取得祝金
✔ 年間休日120日（休暇制度：年末年始休暇・お盆休暇・有給休暇・
慶弔休暇・アニバーサリー休暇・リフレッシュ休暇など）","✦・━━━━━━━━━━━━━━━・✦
＼まずは話を聞くところから／
選考は面接1回、最短1週間で内定
✦・━━━━━━━━━━━━━━━・✦

＝＝＝＝＝＝＝＝＝＝＝＝＝＝＝
【✧選考の流れ✧】

■ STEP 1　Web応募（所要1分）
氏名と連絡先など、簡単な入力だけで完了します。
応募段階での履歴書・職務経歴書は不要です。

■ STEP 2　カジュアル面談（オンライン／20〜30分）
「まずは話を聞いてみたい」でOKです。
私服・画面オフでのご参加も歓迎します。
面接ではなく相互理解の場ですので、
仕事内容や職場の雰囲気を気軽にお尋ねください。
平日夜間・早朝・土日の実施もご相談に応じます。

■ STEP 3　面接（対面またはWeb／1回のみ）
業務内容のご案内と、ご希望の働き方のお伺いをします。
ご希望の方にはオフィス見学や
現場スタッフとの対話の時間も設けます。

■ STEP 4　内定・条件面談
応募から内定まで最短1週間のスピード選考です。
入社日や勤務条件のご希望も調整いたします。

＝＝＝＝＝＝＝＝＝＝＝＝＝＝＝
【✧ご応募にあたって✧】

✔ 応募時に履歴書・職務経歴書は必要ありません
✔ 在職中の方も日程を調整できます
✔ 「話を聞いてみたい」だけのご応募も歓迎します"
158,2554,タマホーム株式会社,業界未経験OK◎選考はWeb面接1回だけの住宅営業♪,業界未経験OK｜住宅営業｜流山市,"✦・━━━━━━━━━━━━━━━・✦
＼千葉県流山市で募集中／
「営業経験を、住宅業界で活かす」
注文住宅の提案営業◎
✦・━━━━━━━━━━━━━━━・✦

法人でも個人でも、業界は問いません。
何らかの営業経験、または販売経験があれば
新しいフィールドに挑戦できます。

＝＝＝＝＝＝＝＝＝＝＝＝＝＝＝
【✨この仕事の魅力✨】

✅ キャリアパスが明確
一般職→主任→係長→店長→支店長。
おおむね2〜3年を目途に昇進し、
役職ごとに固定給も加算されます。

✅ インセンティブがしっかり反映
営業歩合があり、賞与は年2回、
昇給は年1回です。

✅ 選考はスピーディー
Web面接1回（30分〜1時間程度）で
内定可能です。

＝＝＝＝＝＝＝＝＝＝＝＝＝＝＝
【✧お仕事の内容✧】

■ 顧客アプローチ・ヒアリング
モデルハウスに来場されたお客様への
ヒアリングと注文住宅プランの提案・作成

■ 調査・提案・競合分析
敷地調査、ローン提案、競合比較を行い、
最適なプランをご提供

■ 進行管理
ご契約後の着工・上棟・完成・引き渡しまでの
進行管理

＝＝＝＝＝＝＝＝＝＝＝＝＝＝＝
【✔働き方✔】

✔ 9:00〜18:00（実働8時間／休憩60分）
✔ シフト制（月8〜12日休み）
✔ 年間休日120日

まずはお気軽にご応募ください。

案件No：2554","《✼ここで働く4つの特徴✼》

✅ ① 頑張りが給与に反映される
営業歩合とインセンティブ制度があり、
賞与は年2回、昇給は年1回です。
役職が上がるごとに固定給も加算されます。

✅ ② 明確なキャリアパス
一般職→主任→係長→店長→支店長。
おおむね2〜3年を目途に昇進します。
（年収例：主任3年目1,284万円／店長8年目2,083万円／支店長13年目2,369万円）

✅ ③ 業界未経験でも挑戦できる
必要なのは何らかの営業経験1年以上（業界問わず）、
または正社員での販売経験（目安1年）。
既卒・第二新卒も歓迎です。

✅ ④ 選考はWeb面接1回
30分〜1時間程度のWeb面接1回で内定可能です。
入社後は各種研修制度も整っています。

＝＝＝＝＝＝＝＝＝＝＝＝＝＝＝
《✼待遇もしっかり✼》

✔ 社会保険完備（健康保険・厚生年金・雇用保険・労災保険）
✔ 確定拠出年金・選択制確定給付企業年金制度
✔ 財形貯蓄制度・従業員持株会
✔ 住宅取得補助制度・住宅手当
✔ 交通費支給・出産祝金・資格取得祝金
✔ 年間休日120日（休暇制度：年末年始休暇・お盆休暇・有給休暇・
慶弔休暇・アニバーサリー休暇・リフレッシュ休暇など）","✦・━━━━━━━━━━━━━━━・✦
＼まずは話を聞くところから／
選考は面接1回、最短1週間で内定
✦・━━━━━━━━━━━━━━━・✦

＝＝＝＝＝＝＝＝＝＝＝＝＝＝＝
【✧選考の流れ✧】

■ STEP 1　Web応募（所要1分）
氏名と連絡先など、簡単な入力だけで完了します。
応募段階での履歴書・職務経歴書は不要です。

■ STEP 2　カジュアル面談（オンライン／20〜30分）
「まずは話を聞いてみたい」でOKです。
私服・画面オフでのご参加も歓迎します。
面接ではなく相互理解の場ですので、
仕事内容や職場の雰囲気を気軽にお尋ねください。
平日夜間・早朝・土日の実施もご相談に応じます。

■ STEP 3　面接（対面またはWeb／1回のみ）
業務内容のご案内と、ご希望の働き方のお伺いをします。
ご希望の方にはオフィス見学や
現場スタッフとの対話の時間も設けます。

■ STEP 4　内定・条件面談
応募から内定まで最短1週間のスピード選考です。
入社日や勤務条件のご希望も調整いたします。

＝＝＝＝＝＝＝＝＝＝＝＝＝＝＝
【✧ご応募にあたって✧】

✔ 応募時に履歴書・職務経歴書は必要ありません
✔ 在職中の方も日程を調整できます
✔ 「話を聞いてみたい」だけのご応募も歓迎します"
159,1461,タマホーム株式会社,業界未経験OK◎選考はWeb面接1回だけの住宅営業♪,業界未経験OK｜住宅営業｜松戸市,"✦・━━━━━━━━━━━━━━━・✦
＼千葉県松戸市で募集中／
モデルハウスでの接客から始める
注文住宅の営業職
✦・━━━━━━━━━━━━━━━・✦

「不動産は未経験だけど、人と話すのは得意」
そんな営業・販売経験を活かせる仕事です。

＝＝＝＝＝＝＝＝＝＝＝＝＝＝＝
【✧お仕事の内容✧】

■ 顧客アプローチ・ヒアリング
モデルハウスに来場されたお客様への
ヒアリングと注文住宅プランの提案・作成

■ 調査・提案・競合分析
敷地調査、ローン提案、競合比較を行い、
最適なプランをご提供

■ 進行管理
ご契約後の着工・上棟・完成・引き渡しまでの
進行管理

＝＝＝＝＝＝＝＝＝＝＝＝＝＝＝
【✨働きやすいポイント✨】

✔ 年間休日120日
✔ シフト制（月8〜12日休み）
✔ 9:00〜18:00（実働8時間／休憩60分）
✔ 社会保険完備・住宅手当・資格取得祝金あり

＝＝＝＝＝＝＝＝＝＝＝＝＝＝＝
【✨ここが強み✨】

✅ 賞与年2回・昇給年1回
✅ 営業歩合でインセンティブ還元
✅ 一般職→主任→係長→店長→支店長の
　昇進ルートが明確

まずはお気軽にご応募ください。

案件No：1461","《✼ここで働く4つの特徴✼》

✅ ① 頑張りが給与に反映される
営業歩合とインセンティブ制度があり、
賞与は年2回、昇給は年1回です。
役職が上がるごとに固定給も加算されます。

✅ ② 明確なキャリアパス
一般職→主任→係長→店長→支店長。
おおむね2〜3年を目途に昇進します。
（年収例：主任3年目1,284万円／店長8年目2,083万円／支店長13年目2,369万円）

✅ ③ 業界未経験でも挑戦できる
必要なのは何らかの営業経験1年以上（業界問わず）、
または正社員での販売経験（目安1年）。
既卒・第二新卒も歓迎です。

✅ ④ 選考はWeb面接1回
30分〜1時間程度のWeb面接1回で内定可能です。
入社後は各種研修制度も整っています。

＝＝＝＝＝＝＝＝＝＝＝＝＝＝＝
《✼待遇もしっかり✼》

✔ 社会保険完備（健康保険・厚生年金・雇用保険・労災保険）
✔ 確定拠出年金・選択制確定給付企業年金制度
✔ 財形貯蓄制度・従業員持株会
✔ 住宅取得補助制度・住宅手当
✔ 交通費支給・出産祝金・資格取得祝金
✔ 年間休日120日（休暇制度：年末年始休暇・お盆休暇・有給休暇・
慶弔休暇・アニバーサリー休暇・リフレッシュ休暇など）","✦・━━━━━━━━━━━━━━━・✦
＼まずは話を聞くところから／
選考は面接1回、最短1週間で内定
✦・━━━━━━━━━━━━━━━・✦

＝＝＝＝＝＝＝＝＝＝＝＝＝＝＝
【✧選考の流れ✧】

■ STEP 1　Web応募（所要1分）
氏名と連絡先など、簡単な入力だけで完了します。
応募段階での履歴書・職務経歴書は不要です。

■ STEP 2　カジュアル面談（オンライン／20〜30分）
「まずは話を聞いてみたい」でOKです。
私服・画面オフでのご参加も歓迎します。
面接ではなく相互理解の場ですので、
仕事内容や職場の雰囲気を気軽にお尋ねください。
平日夜間・早朝・土日の実施もご相談に応じます。

■ STEP 3　面接（対面またはWeb／1回のみ）
業務内容のご案内と、ご希望の働き方のお伺いをします。
ご希望の方にはオフィス見学や
現場スタッフとの対話の時間も設けます。

■ STEP 4　内定・条件面談
応募から内定まで最短1週間のスピード選考です。
入社日や勤務条件のご希望も調整いたします。

＝＝＝＝＝＝＝＝＝＝＝＝＝＝＝
【✧ご応募にあたって✧】

✔ 応募時に履歴書・職務経歴書は必要ありません
✔ 在職中の方も日程を調整できます
✔ 「話を聞いてみたい」だけのご応募も歓迎します"
160,508,タマホーム株式会社,業界未経験OK◎選考はWeb面接1回だけの住宅営業♪,業界未経験OK｜住宅営業｜柏市,"✦・━━━━━━━━━━━━━━━・✦
＼千葉県柏市で募集中／
モデルハウスから始める、注文住宅の営業。
未経験の業界でも、経験を活かして挑戦◎
✦・━━━━━━━━━━━━━━━・✦

「不動産は未経験だけど、営業や接客の経験はある」
そんな方が、住宅業界に活躍の場を広げています。

＝＝＝＝＝＝＝＝＝＝＝＝＝＝＝
【✧お仕事の内容✧】

■ 顧客アプローチ・ヒアリング
モデルハウスに来場されたお客様への
ヒアリングと注文住宅プランの提案・作成

■ 調査・提案・競合分析
敷地調査、ローン提案、競合比較を行い、
最適なプランをご提供

■ 進行管理
ご契約後の着工・上棟・完成・引き渡しまでの
進行管理

＝＝＝＝＝＝＝＝＝＝＝＝＝＝＝
【✨この仕事の魅力✨】

✅ インセンティブがしっかり反映
営業歩合があり、頑張りが給与に直結します。
賞与は年2回、昇給は年1回です。

✅ キャリアパスが明確
一般職→主任→係長→店長→支店長と、
おおむね2〜3年を目途に昇進していきます。
役職ごとに固定給も加算されます。

✅ 選考はスピーディー
Web面接1回（30分〜1時間程度）で
内定可能です。

＝＝＝＝＝＝＝＝＝＝＝＝＝＝＝
【✔働き方✔】

✔ 9:00〜18:00（実働8時間／休憩60分）
✔ シフト制（月8〜12日休み）
✔ 年間休日120日

まずはお気軽にご応募ください。

案件No：508","《✼ここで働く4つの特徴✼》

✅ ① 頑張りが給与に反映される
営業歩合とインセンティブ制度があり、
賞与は年2回、昇給は年1回です。
役職が上がるごとに固定給も加算されます。

✅ ② 明確なキャリアパス
一般職→主任→係長→店長→支店長。
おおむね2〜3年を目途に昇進します。
（年収例：主任3年目1,284万円／店長8年目2,083万円／支店長13年目2,369万円）

✅ ③ 業界未経験でも挑戦できる
必要なのは何らかの営業経験1年以上（業界問わず）、
または正社員での販売経験（目安1年）。
既卒・第二新卒も歓迎です。

✅ ④ 選考はWeb面接1回
30分〜1時間程度のWeb面接1回で内定可能です。
入社後は各種研修制度も整っています。

＝＝＝＝＝＝＝＝＝＝＝＝＝＝＝
《✼待遇もしっかり✼》

✔ 社会保険完備（健康保険・厚生年金・雇用保険・労災保険）
✔ 確定拠出年金・選択制確定給付企業年金制度
✔ 財形貯蓄制度・従業員持株会
✔ 住宅取得補助制度・住宅手当
✔ 交通費支給・出産祝金・資格取得祝金
✔ 年間休日120日（休暇制度：年末年始休暇・お盆休暇・有給休暇・
慶弔休暇・アニバーサリー休暇・リフレッシュ休暇など）","✦・━━━━━━━━━━━━━━━・✦
＼まずは話を聞くところから／
選考は面接1回、最短1週間で内定
✦・━━━━━━━━━━━━━━━・✦

＝＝＝＝＝＝＝＝＝＝＝＝＝＝＝
【✧選考の流れ✧】

■ STEP 1　Web応募（所要1分）
氏名と連絡先など、簡単な入力だけで完了します。
応募段階での履歴書・職務経歴書は不要です。

■ STEP 2　カジュアル面談（オンライン／20〜30分）
「まずは話を聞いてみたい」でOKです。
私服・画面オフでのご参加も歓迎します。
面接ではなく相互理解の場ですので、
仕事内容や職場の雰囲気を気軽にお尋ねください。
平日夜間・早朝・土日の実施もご相談に応じます。

■ STEP 3　面接（対面またはWeb／1回のみ）
業務内容のご案内と、ご希望の働き方のお伺いをします。
ご希望の方にはオフィス見学や
現場スタッフとの対話の時間も設けます。

■ STEP 4　内定・条件面談
応募から内定まで最短1週間のスピード選考です。
入社日や勤務条件のご希望も調整いたします。

＝＝＝＝＝＝＝＝＝＝＝＝＝＝＝
【✧ご応募にあたって✧】

✔ 応募時に履歴書・職務経歴書は必要ありません
✔ 在職中の方も日程を調整できます
✔ 「話を聞いてみたい」だけのご応募も歓迎します"
161,1126,タマホーム株式会社,業界未経験OK◎選考はWeb面接1回だけの住宅営業♪,業界未経験OK｜住宅営業｜成田市,"✦・━━━━━━━━━━━━━━━・✦
＼千葉県成田市で募集中／
「営業経験を、住宅業界で活かす」
注文住宅の提案営業◎
✦・━━━━━━━━━━━━━━━・✦

法人でも個人でも、業界は問いません。
何らかの営業経験、または販売経験があれば
新しいフィールドに挑戦できます。

＝＝＝＝＝＝＝＝＝＝＝＝＝＝＝
【✨この仕事の魅力✨】

✅ キャリアパスが明確
一般職→主任→係長→店長→支店長。
おおむね2〜3年を目途に昇進し、
役職ごとに固定給も加算されます。

✅ インセンティブがしっかり反映
営業歩合があり、賞与は年2回、
昇給は年1回です。

✅ 選考はスピーディー
Web面接1回（30分〜1時間程度）で
内定可能です。

＝＝＝＝＝＝＝＝＝＝＝＝＝＝＝
【✧お仕事の内容✧】

■ 顧客アプローチ・ヒアリング
モデルハウスに来場されたお客様への
ヒアリングと注文住宅プランの提案・作成

■ 調査・提案・競合分析
敷地調査、ローン提案、競合比較を行い、
最適なプランをご提供

■ 進行管理
ご契約後の着工・上棟・完成・引き渡しまでの
進行管理

＝＝＝＝＝＝＝＝＝＝＝＝＝＝＝
【✔働き方✔】

✔ 9:00〜18:00（実働8時間／休憩60分）
✔ シフト制（月8〜12日休み）
✔ 年間休日120日

まずはお気軽にご応募ください。

案件No：1126","《✼ここで働く4つの特徴✼》

✅ ① 頑張りが給与に反映される
営業歩合とインセンティブ制度があり、
賞与は年2回、昇給は年1回です。
役職が上がるごとに固定給も加算されます。

✅ ② 明確なキャリアパス
一般職→主任→係長→店長→支店長。
おおむね2〜3年を目途に昇進します。
（年収例：主任3年目1,284万円／店長8年目2,083万円／支店長13年目2,369万円）

✅ ③ 業界未経験でも挑戦できる
必要なのは何らかの営業経験1年以上（業界問わず）、
または正社員での販売経験（目安1年）。
既卒・第二新卒も歓迎です。

✅ ④ 選考はWeb面接1回
30分〜1時間程度のWeb面接1回で内定可能です。
入社後は各種研修制度も整っています。

＝＝＝＝＝＝＝＝＝＝＝＝＝＝＝
《✼待遇もしっかり✼》

✔ 社会保険完備（健康保険・厚生年金・雇用保険・労災保険）
✔ 確定拠出年金・選択制確定給付企業年金制度
✔ 財形貯蓄制度・従業員持株会
✔ 住宅取得補助制度・住宅手当
✔ 交通費支給・出産祝金・資格取得祝金
✔ 年間休日120日（休暇制度：年末年始休暇・お盆休暇・有給休暇・
慶弔休暇・アニバーサリー休暇・リフレッシュ休暇など）","✦・━━━━━━━━━━━━━━━・✦
＼まずは話を聞くところから／
選考は面接1回、最短1週間で内定
✦・━━━━━━━━━━━━━━━・✦

＝＝＝＝＝＝＝＝＝＝＝＝＝＝＝
【✧選考の流れ✧】

■ STEP 1　Web応募（所要1分）
氏名と連絡先など、簡単な入力だけで完了します。
応募段階での履歴書・職務経歴書は不要です。

■ STEP 2　カジュアル面談（オンライン／20〜30分）
「まずは話を聞いてみたい」でOKです。
私服・画面オフでのご参加も歓迎します。
面接ではなく相互理解の場ですので、
仕事内容や職場の雰囲気を気軽にお尋ねください。
平日夜間・早朝・土日の実施もご相談に応じます。

■ STEP 3　面接（対面またはWeb／1回のみ）
業務内容のご案内と、ご希望の働き方のお伺いをします。
ご希望の方にはオフィス見学や
現場スタッフとの対話の時間も設けます。

■ STEP 4　内定・条件面談
応募から内定まで最短1週間のスピード選考です。
入社日や勤務条件のご希望も調整いたします。

＝＝＝＝＝＝＝＝＝＝＝＝＝＝＝
【✧ご応募にあたって✧】

✔ 応募時に履歴書・職務経歴書は必要ありません
✔ 在職中の方も日程を調整できます
✔ 「話を聞いてみたい」だけのご応募も歓迎します"
162,859,タマホーム株式会社,業界未経験OK◎選考はWeb面接1回だけの住宅営業♪,業界未経験OK｜住宅営業｜船橋市,"✦・━━━━━━━━━━━━━━━・✦
＼千葉県船橋市で募集中／
モデルハウスでの接客から始める
注文住宅の営業職
✦・━━━━━━━━━━━━━━━・✦

「不動産は未経験だけど、人と話すのは得意」
そんな営業・販売経験を活かせる仕事です。

＝＝＝＝＝＝＝＝＝＝＝＝＝＝＝
【✧お仕事の内容✧】

■ 顧客アプローチ・ヒアリング
モデルハウスに来場されたお客様への
ヒアリングと注文住宅プランの提案・作成

■ 調査・提案・競合分析
敷地調査、ローン提案、競合比較を行い、
最適なプランをご提供

■ 進行管理
ご契約後の着工・上棟・完成・引き渡しまでの
進行管理

＝＝＝＝＝＝＝＝＝＝＝＝＝＝＝
【✨働きやすいポイント✨】

✔ 年間休日120日
✔ シフト制（月8〜12日休み）
✔ 9:00〜18:00（実働8時間／休憩60分）
✔ 社会保険完備・住宅手当・資格取得祝金あり

＝＝＝＝＝＝＝＝＝＝＝＝＝＝＝
【✨ここが強み✨】

✅ 賞与年2回・昇給年1回
✅ 営業歩合でインセンティブ還元
✅ 一般職→主任→係長→店長→支店長の
　昇進ルートが明確

まずはお気軽にご応募ください。

案件No：859","《✼ここで働く4つの特徴✼》

✅ ① 頑張りが給与に反映される
営業歩合とインセンティブ制度があり、
賞与は年2回、昇給は年1回です。
役職が上がるごとに固定給も加算されます。

✅ ② 明確なキャリアパス
一般職→主任→係長→店長→支店長。
おおむね2〜3年を目途に昇進します。
（年収例：主任3年目1,284万円／店長8年目2,083万円／支店長13年目2,369万円）

✅ ③ 業界未経験でも挑戦できる
必要なのは何らかの営業経験1年以上（業界問わず）、
または正社員での販売経験（目安1年）。
既卒・第二新卒も歓迎です。

✅ ④ 選考はWeb面接1回
30分〜1時間程度のWeb面接1回で内定可能です。
入社後は各種研修制度も整っています。

＝＝＝＝＝＝＝＝＝＝＝＝＝＝＝
《✼待遇もしっかり✼》

✔ 社会保険完備（健康保険・厚生年金・雇用保険・労災保険）
✔ 確定拠出年金・選択制確定給付企業年金制度
✔ 財形貯蓄制度・従業員持株会
✔ 住宅取得補助制度・住宅手当
✔ 交通費支給・出産祝金・資格取得祝金
✔ 年間休日120日（休暇制度：年末年始休暇・お盆休暇・有給休暇・
慶弔休暇・アニバーサリー休暇・リフレッシュ休暇など）","✦・━━━━━━━━━━━━━━━・✦
＼まずは話を聞くところから／
選考は面接1回、最短1週間で内定
✦・━━━━━━━━━━━━━━━・✦

＝＝＝＝＝＝＝＝＝＝＝＝＝＝＝
【✧選考の流れ✧】

■ STEP 1　Web応募（所要1分）
氏名と連絡先など、簡単な入力だけで完了します。
応募段階での履歴書・職務経歴書は不要です。

■ STEP 2　カジュアル面談（オンライン／20〜30分）
「まずは話を聞いてみたい」でOKです。
私服・画面オフでのご参加も歓迎します。
面接ではなく相互理解の場ですので、
仕事内容や職場の雰囲気を気軽にお尋ねください。
平日夜間・早朝・土日の実施もご相談に応じます。

■ STEP 3　面接（対面またはWeb／1回のみ）
業務内容のご案内と、ご希望の働き方のお伺いをします。
ご希望の方にはオフィス見学や
現場スタッフとの対話の時間も設けます。

■ STEP 4　内定・条件面談
応募から内定まで最短1週間のスピード選考です。
入社日や勤務条件のご希望も調整いたします。

＝＝＝＝＝＝＝＝＝＝＝＝＝＝＝
【✧ご応募にあたって✧】

✔ 応募時に履歴書・職務経歴書は必要ありません
✔ 在職中の方も日程を調整できます
✔ 「話を聞いてみたい」だけのご応募も歓迎します"
163,1189,タマホーム株式会社,業界未経験OK◎選考はWeb面接1回だけの住宅営業♪,業界未経験OK｜住宅営業｜千葉市花見川区,"✦・━━━━━━━━━━━━━━━・✦
＼千葉県千葉市花見川区で募集中／
モデルハウスから始める、注文住宅の営業。
未経験の業界でも、経験を活かして挑戦◎
✦・━━━━━━━━━━━━━━━・✦

「不動産は未経験だけど、営業や接客の経験はある」
そんな方が、住宅業界に活躍の場を広げています。

＝＝＝＝＝＝＝＝＝＝＝＝＝＝＝
【✧お仕事の内容✧】

■ 顧客アプローチ・ヒアリング
モデルハウスに来場されたお客様への
ヒアリングと注文住宅プランの提案・作成

■ 調査・提案・競合分析
敷地調査、ローン提案、競合比較を行い、
最適なプランをご提供

■ 進行管理
ご契約後の着工・上棟・完成・引き渡しまでの
進行管理

＝＝＝＝＝＝＝＝＝＝＝＝＝＝＝
【✨この仕事の魅力✨】

✅ インセンティブがしっかり反映
営業歩合があり、頑張りが給与に直結します。
賞与は年2回、昇給は年1回です。

✅ キャリアパスが明確
一般職→主任→係長→店長→支店長と、
おおむね2〜3年を目途に昇進していきます。
役職ごとに固定給も加算されます。

✅ 選考はスピーディー
Web面接1回（30分〜1時間程度）で
内定可能です。

＝＝＝＝＝＝＝＝＝＝＝＝＝＝＝
【✔働き方✔】

✔ 9:00〜18:00（実働8時間／休憩60分）
✔ シフト制（月8〜12日休み）
✔ 年間休日120日

まずはお気軽にご応募ください。

案件No：1189","《✼ここで働く4つの特徴✼》

✅ ① 頑張りが給与に反映される
営業歩合とインセンティブ制度があり、
賞与は年2回、昇給は年1回です。
役職が上がるごとに固定給も加算されます。

✅ ② 明確なキャリアパス
一般職→主任→係長→店長→支店長。
おおむね2〜3年を目途に昇進します。
（年収例：主任3年目1,284万円／店長8年目2,083万円／支店長13年目2,369万円）

✅ ③ 業界未経験でも挑戦できる
必要なのは何らかの営業経験1年以上（業界問わず）、
または正社員での販売経験（目安1年）。
既卒・第二新卒も歓迎です。

✅ ④ 選考はWeb面接1回
30分〜1時間程度のWeb面接1回で内定可能です。
入社後は各種研修制度も整っています。

＝＝＝＝＝＝＝＝＝＝＝＝＝＝＝
《✼待遇もしっかり✼》

✔ 社会保険完備（健康保険・厚生年金・雇用保険・労災保険）
✔ 確定拠出年金・選択制確定給付企業年金制度
✔ 財形貯蓄制度・従業員持株会
✔ 住宅取得補助制度・住宅手当
✔ 交通費支給・出産祝金・資格取得祝金
✔ 年間休日120日（休暇制度：年末年始休暇・お盆休暇・有給休暇・
慶弔休暇・アニバーサリー休暇・リフレッシュ休暇など）","✦・━━━━━━━━━━━━━━━・✦
＼まずは話を聞くところから／
選考は面接1回、最短1週間で内定
✦・━━━━━━━━━━━━━━━・✦

＝＝＝＝＝＝＝＝＝＝＝＝＝＝＝
【✧選考の流れ✧】

■ STEP 1　Web応募（所要1分）
氏名と連絡先など、簡単な入力だけで完了します。
応募段階での履歴書・職務経歴書は不要です。

■ STEP 2　カジュアル面談（オンライン／20〜30分）
「まずは話を聞いてみたい」でOKです。
私服・画面オフでのご参加も歓迎します。
面接ではなく相互理解の場ですので、
仕事内容や職場の雰囲気を気軽にお尋ねください。
平日夜間・早朝・土日の実施もご相談に応じます。

■ STEP 3　面接（対面またはWeb／1回のみ）
業務内容のご案内と、ご希望の働き方のお伺いをします。
ご希望の方にはオフィス見学や
現場スタッフとの対話の時間も設けます。

■ STEP 4　内定・条件面談
応募から内定まで最短1週間のスピード選考です。
入社日や勤務条件のご希望も調整いたします。

＝＝＝＝＝＝＝＝＝＝＝＝＝＝＝
【✧ご応募にあたって✧】

✔ 応募時に履歴書・職務経歴書は必要ありません
✔ 在職中の方も日程を調整できます
✔ 「話を聞いてみたい」だけのご応募も歓迎します"
164,2721,タマホーム株式会社,業界未経験OK◎選考はWeb面接1回だけの住宅営業♪,業界未経験OK｜住宅営業｜茂原市,"✦・━━━━━━━━━━━━━━━・✦
＼千葉県茂原市で募集中／
「営業経験を、住宅業界で活かす」
注文住宅の提案営業◎
✦・━━━━━━━━━━━━━━━・✦

法人でも個人でも、業界は問いません。
何らかの営業経験、または販売経験があれば
新しいフィールドに挑戦できます。

＝＝＝＝＝＝＝＝＝＝＝＝＝＝＝
【✨この仕事の魅力✨】

✅ キャリアパスが明確
一般職→主任→係長→店長→支店長。
おおむね2〜3年を目途に昇進し、
役職ごとに固定給も加算されます。

✅ インセンティブがしっかり反映
営業歩合があり、賞与は年2回、
昇給は年1回です。

✅ 選考はスピーディー
Web面接1回（30分〜1時間程度）で
内定可能です。

＝＝＝＝＝＝＝＝＝＝＝＝＝＝＝
【✧お仕事の内容✧】

■ 顧客アプローチ・ヒアリング
モデルハウスに来場されたお客様への
ヒアリングと注文住宅プランの提案・作成

■ 調査・提案・競合分析
敷地調査、ローン提案、競合比較を行い、
最適なプランをご提供

■ 進行管理
ご契約後の着工・上棟・完成・引き渡しまでの
進行管理

＝＝＝＝＝＝＝＝＝＝＝＝＝＝＝
【✔働き方✔】

✔ 9:00〜18:00（実働8時間／休憩60分）
✔ シフト制（月8〜12日休み）
✔ 年間休日120日

まずはお気軽にご応募ください。

案件No：2721","《✼ここで働く4つの特徴✼》

✅ ① 頑張りが給与に反映される
営業歩合とインセンティブ制度があり、
賞与は年2回、昇給は年1回です。
役職が上がるごとに固定給も加算されます。

✅ ② 明確なキャリアパス
一般職→主任→係長→店長→支店長。
おおむね2〜3年を目途に昇進します。
（年収例：主任3年目1,284万円／店長8年目2,083万円／支店長13年目2,369万円）

✅ ③ 業界未経験でも挑戦できる
必要なのは何らかの営業経験1年以上（業界問わず）、
または正社員での販売経験（目安1年）。
既卒・第二新卒も歓迎です。

✅ ④ 選考はWeb面接1回
30分〜1時間程度のWeb面接1回で内定可能です。
入社後は各種研修制度も整っています。

＝＝＝＝＝＝＝＝＝＝＝＝＝＝＝
《✼待遇もしっかり✼》

✔ 社会保険完備（健康保険・厚生年金・雇用保険・労災保険）
✔ 確定拠出年金・選択制確定給付企業年金制度
✔ 財形貯蓄制度・従業員持株会
✔ 住宅取得補助制度・住宅手当
✔ 交通費支給・出産祝金・資格取得祝金
✔ 年間休日120日（休暇制度：年末年始休暇・お盆休暇・有給休暇・
慶弔休暇・アニバーサリー休暇・リフレッシュ休暇など）","✦・━━━━━━━━━━━━━━━・✦
＼まずは話を聞くところから／
選考は面接1回、最短1週間で内定
✦・━━━━━━━━━━━━━━━・✦

＝＝＝＝＝＝＝＝＝＝＝＝＝＝＝
【✧選考の流れ✧】

■ STEP 1　Web応募（所要1分）
氏名と連絡先など、簡単な入力だけで完了します。
応募段階での履歴書・職務経歴書は不要です。

■ STEP 2　カジュアル面談（オンライン／20〜30分）
「まずは話を聞いてみたい」でOKです。
私服・画面オフでのご参加も歓迎します。
面接ではなく相互理解の場ですので、
仕事内容や職場の雰囲気を気軽にお尋ねください。
平日夜間・早朝・土日の実施もご相談に応じます。

■ STEP 3　面接（対面またはWeb／1回のみ）
業務内容のご案内と、ご希望の働き方のお伺いをします。
ご希望の方にはオフィス見学や
現場スタッフとの対話の時間も設けます。

■ STEP 4　内定・条件面談
応募から内定まで最短1週間のスピード選考です。
入社日や勤務条件のご希望も調整いたします。

＝＝＝＝＝＝＝＝＝＝＝＝＝＝＝
【✧ご応募にあたって✧】

✔ 応募時に履歴書・職務経歴書は必要ありません
✔ 在職中の方も日程を調整できます
✔ 「話を聞いてみたい」だけのご応募も歓迎します"
165,1459,タマホーム株式会社,業界未経験OK◎選考はWeb面接1回だけの住宅営業♪,業界未経験OK｜住宅営業｜木更津市,"✦・━━━━━━━━━━━━━━━・✦
＼千葉県木更津市で募集中／
モデルハウスでの接客から始める
注文住宅の営業職
✦・━━━━━━━━━━━━━━━・✦

「不動産は未経験だけど、人と話すのは得意」
そんな営業・販売経験を活かせる仕事です。

＝＝＝＝＝＝＝＝＝＝＝＝＝＝＝
【✧お仕事の内容✧】

■ 顧客アプローチ・ヒアリング
モデルハウスに来場されたお客様への
ヒアリングと注文住宅プランの提案・作成

■ 調査・提案・競合分析
敷地調査、ローン提案、競合比較を行い、
最適なプランをご提供

■ 進行管理
ご契約後の着工・上棟・完成・引き渡しまでの
進行管理

＝＝＝＝＝＝＝＝＝＝＝＝＝＝＝
【✨働きやすいポイント✨】

✔ 年間休日120日
✔ シフト制（月8〜12日休み）
✔ 9:00〜18:00（実働8時間／休憩60分）
✔ 社会保険完備・住宅手当・資格取得祝金あり

＝＝＝＝＝＝＝＝＝＝＝＝＝＝＝
【✨ここが強み✨】

✅ 賞与年2回・昇給年1回
✅ 営業歩合でインセンティブ還元
✅ 一般職→主任→係長→店長→支店長の
　昇進ルートが明確

まずはお気軽にご応募ください。

案件No：1459","《✼ここで働く4つの特徴✼》

✅ ① 頑張りが給与に反映される
営業歩合とインセンティブ制度があり、
賞与は年2回、昇給は年1回です。
役職が上がるごとに固定給も加算されます。

✅ ② 明確なキャリアパス
一般職→主任→係長→店長→支店長。
おおむね2〜3年を目途に昇進します。
（年収例：主任3年目1,284万円／店長8年目2,083万円／支店長13年目2,369万円）

✅ ③ 業界未経験でも挑戦できる
必要なのは何らかの営業経験1年以上（業界問わず）、
または正社員での販売経験（目安1年）。
既卒・第二新卒も歓迎です。

✅ ④ 選考はWeb面接1回
30分〜1時間程度のWeb面接1回で内定可能です。
入社後は各種研修制度も整っています。

＝＝＝＝＝＝＝＝＝＝＝＝＝＝＝
《✼待遇もしっかり✼》

✔ 社会保険完備（健康保険・厚生年金・雇用保険・労災保険）
✔ 確定拠出年金・選択制確定給付企業年金制度
✔ 財形貯蓄制度・従業員持株会
✔ 住宅取得補助制度・住宅手当
✔ 交通費支給・出産祝金・資格取得祝金
✔ 年間休日120日（休暇制度：年末年始休暇・お盆休暇・有給休暇・
慶弔休暇・アニバーサリー休暇・リフレッシュ休暇など）","✦・━━━━━━━━━━━━━━━・✦
＼まずは話を聞くところから／
選考は面接1回、最短1週間で内定
✦・━━━━━━━━━━━━━━━・✦

＝＝＝＝＝＝＝＝＝＝＝＝＝＝＝
【✧選考の流れ✧】

■ STEP 1　Web応募（所要1分）
氏名と連絡先など、簡単な入力だけで完了します。
応募段階での履歴書・職務経歴書は不要です。

■ STEP 2　カジュアル面談（オンライン／20〜30分）
「まずは話を聞いてみたい」でOKです。
私服・画面オフでのご参加も歓迎します。
面接ではなく相互理解の場ですので、
仕事内容や職場の雰囲気を気軽にお尋ねください。
平日夜間・早朝・土日の実施もご相談に応じます。

■ STEP 3　面接（対面またはWeb／1回のみ）
業務内容のご案内と、ご希望の働き方のお伺いをします。
ご希望の方にはオフィス見学や
現場スタッフとの対話の時間も設けます。

■ STEP 4　内定・条件面談
応募から内定まで最短1週間のスピード選考です。
入社日や勤務条件のご希望も調整いたします。

＝＝＝＝＝＝＝＝＝＝＝＝＝＝＝
【✧ご応募にあたって✧】

✔ 応募時に履歴書・職務経歴書は必要ありません
✔ 在職中の方も日程を調整できます
✔ 「話を聞いてみたい」だけのご応募も歓迎します"
166,147,タマホーム株式会社,業界未経験OK◎選考はWeb面接1回だけの住宅営業♪,業界未経験OK｜住宅営業｜千葉市中央区,"✦・━━━━━━━━━━━━━━━・✦
＼千葉県千葉市中央区で募集中／
モデルハウスから始める、注文住宅の営業。
未経験の業界でも、経験を活かして挑戦◎
✦・━━━━━━━━━━━━━━━・✦

「不動産は未経験だけど、営業や接客の経験はある」
そんな方が、住宅業界に活躍の場を広げています。

＝＝＝＝＝＝＝＝＝＝＝＝＝＝＝
【✧お仕事の内容✧】

■ 顧客アプローチ・ヒアリング
モデルハウスに来場されたお客様への
ヒアリングと注文住宅プランの提案・作成

■ 調査・提案・競合分析
敷地調査、ローン提案、競合比較を行い、
最適なプランをご提供

■ 進行管理
ご契約後の着工・上棟・完成・引き渡しまでの
進行管理

＝＝＝＝＝＝＝＝＝＝＝＝＝＝＝
【✨この仕事の魅力✨】

✅ インセンティブがしっかり反映
営業歩合があり、頑張りが給与に直結します。
賞与は年2回、昇給は年1回です。

✅ キャリアパスが明確
一般職→主任→係長→店長→支店長と、
おおむね2〜3年を目途に昇進していきます。
役職ごとに固定給も加算されます。

✅ 選考はスピーディー
Web面接1回（30分〜1時間程度）で
内定可能です。

＝＝＝＝＝＝＝＝＝＝＝＝＝＝＝
【✔働き方✔】

✔ 9:00〜18:00（実働8時間／休憩60分）
✔ シフト制（月8〜12日休み）
✔ 年間休日120日

まずはお気軽にご応募ください。

案件No：147","《✼ここで働く4つの特徴✼》

✅ ① 頑張りが給与に反映される
営業歩合とインセンティブ制度があり、
賞与は年2回、昇給は年1回です。
役職が上がるごとに固定給も加算されます。

✅ ② 明確なキャリアパス
一般職→主任→係長→店長→支店長。
おおむね2〜3年を目途に昇進します。
（年収例：主任3年目1,284万円／店長8年目2,083万円／支店長13年目2,369万円）

✅ ③ 業界未経験でも挑戦できる
必要なのは何らかの営業経験1年以上（業界問わず）、
または正社員での販売経験（目安1年）。
既卒・第二新卒も歓迎です。

✅ ④ 選考はWeb面接1回
30分〜1時間程度のWeb面接1回で内定可能です。
入社後は各種研修制度も整っています。

＝＝＝＝＝＝＝＝＝＝＝＝＝＝＝
《✼待遇もしっかり✼》

✔ 社会保険完備（健康保険・厚生年金・雇用保険・労災保険）
✔ 確定拠出年金・選択制確定給付企業年金制度
✔ 財形貯蓄制度・従業員持株会
✔ 住宅取得補助制度・住宅手当
✔ 交通費支給・出産祝金・資格取得祝金
✔ 年間休日120日（休暇制度：年末年始休暇・お盆休暇・有給休暇・
慶弔休暇・アニバーサリー休暇・リフレッシュ休暇など）","✦・━━━━━━━━━━━━━━━・✦
＼まずは話を聞くところから／
選考は面接1回、最短1週間で内定
✦・━━━━━━━━━━━━━━━・✦

＝＝＝＝＝＝＝＝＝＝＝＝＝＝＝
【✧選考の流れ✧】

■ STEP 1　Web応募（所要1分）
氏名と連絡先など、簡単な入力だけで完了します。
応募段階での履歴書・職務経歴書は不要です。

■ STEP 2　カジュアル面談（オンライン／20〜30分）
「まずは話を聞いてみたい」でOKです。
私服・画面オフでのご参加も歓迎します。
面接ではなく相互理解の場ですので、
仕事内容や職場の雰囲気を気軽にお尋ねください。
平日夜間・早朝・土日の実施もご相談に応じます。

■ STEP 3　面接（対面またはWeb／1回のみ）
業務内容のご案内と、ご希望の働き方のお伺いをします。
ご希望の方にはオフィス見学や
現場スタッフとの対話の時間も設けます。

■ STEP 4　内定・条件面談
応募から内定まで最短1週間のスピード選考です。
入社日や勤務条件のご希望も調整いたします。

＝＝＝＝＝＝＝＝＝＝＝＝＝＝＝
【✧ご応募にあたって✧】

✔ 応募時に履歴書・職務経歴書は必要ありません
✔ 在職中の方も日程を調整できます
✔ 「話を聞いてみたい」だけのご応募も歓迎します"
167,1022,タマホーム株式会社,業界未経験OK◎選考はWeb面接1回だけの住宅営業♪,業界未経験OK｜住宅営業｜千葉市稲毛区,"✦・━━━━━━━━━━━━━━━・✦
＼千葉県千葉市稲毛区で募集中／
「営業経験を、住宅業界で活かす」
注文住宅の提案営業◎
✦・━━━━━━━━━━━━━━━・✦

法人でも個人でも、業界は問いません。
何らかの営業経験、または販売経験があれば
新しいフィールドに挑戦できます。

＝＝＝＝＝＝＝＝＝＝＝＝＝＝＝
【✨この仕事の魅力✨】

✅ キャリアパスが明確
一般職→主任→係長→店長→支店長。
おおむね2〜3年を目途に昇進し、
役職ごとに固定給も加算されます。

✅ インセンティブがしっかり反映
営業歩合があり、賞与は年2回、
昇給は年1回です。

✅ 選考はスピーディー
Web面接1回（30分〜1時間程度）で
内定可能です。

＝＝＝＝＝＝＝＝＝＝＝＝＝＝＝
【✧お仕事の内容✧】

■ 顧客アプローチ・ヒアリング
モデルハウスに来場されたお客様への
ヒアリングと注文住宅プランの提案・作成

■ 調査・提案・競合分析
敷地調査、ローン提案、競合比較を行い、
最適なプランをご提供

■ 進行管理
ご契約後の着工・上棟・完成・引き渡しまでの
進行管理

＝＝＝＝＝＝＝＝＝＝＝＝＝＝＝
【✔働き方✔】

✔ 9:00〜18:00（実働8時間／休憩60分）
✔ シフト制（月8〜12日休み）
✔ 年間休日120日

まずはお気軽にご応募ください。

案件No：1022","《✼ここで働く4つの特徴✼》

✅ ① 頑張りが給与に反映される
営業歩合とインセンティブ制度があり、
賞与は年2回、昇給は年1回です。
役職が上がるごとに固定給も加算されます。

✅ ② 明確なキャリアパス
一般職→主任→係長→店長→支店長。
おおむね2〜3年を目途に昇進します。
（年収例：主任3年目1,284万円／店長8年目2,083万円／支店長13年目2,369万円）

✅ ③ 業界未経験でも挑戦できる
必要なのは何らかの営業経験1年以上（業界問わず）、
または正社員での販売経験（目安1年）。
既卒・第二新卒も歓迎です。

✅ ④ 選考はWeb面接1回
30分〜1時間程度のWeb面接1回で内定可能です。
入社後は各種研修制度も整っています。

＝＝＝＝＝＝＝＝＝＝＝＝＝＝＝
《✼待遇もしっかり✼》

✔ 社会保険完備（健康保険・厚生年金・雇用保険・労災保険）
✔ 確定拠出年金・選択制確定給付企業年金制度
✔ 財形貯蓄制度・従業員持株会
✔ 住宅取得補助制度・住宅手当
✔ 交通費支給・出産祝金・資格取得祝金
✔ 年間休日120日（休暇制度：年末年始休暇・お盆休暇・有給休暇・
慶弔休暇・アニバーサリー休暇・リフレッシュ休暇など）","✦・━━━━━━━━━━━━━━━・✦
＼まずは話を聞くところから／
選考は面接1回、最短1週間で内定
✦・━━━━━━━━━━━━━━━・✦

＝＝＝＝＝＝＝＝＝＝＝＝＝＝＝
【✧選考の流れ✧】

■ STEP 1　Web応募（所要1分）
氏名と連絡先など、簡単な入力だけで完了します。
応募段階での履歴書・職務経歴書は不要です。

■ STEP 2　カジュアル面談（オンライン／20〜30分）
「まずは話を聞いてみたい」でOKです。
私服・画面オフでのご参加も歓迎します。
面接ではなく相互理解の場ですので、
仕事内容や職場の雰囲気を気軽にお尋ねください。
平日夜間・早朝・土日の実施もご相談に応じます。

■ STEP 3　面接（対面またはWeb／1回のみ）
業務内容のご案内と、ご希望の働き方のお伺いをします。
ご希望の方にはオフィス見学や
現場スタッフとの対話の時間も設けます。

■ STEP 4　内定・条件面談
応募から内定まで最短1週間のスピード選考です。
入社日や勤務条件のご希望も調整いたします。

＝＝＝＝＝＝＝＝＝＝＝＝＝＝＝
【✧ご応募にあたって✧】

✔ 応募時に履歴書・職務経歴書は必要ありません
✔ 在職中の方も日程を調整できます
✔ 「話を聞いてみたい」だけのご応募も歓迎します"
168,2384,タマホーム株式会社,業界未経験OK◎選考はWeb面接1回だけの住宅営業♪,業界未経験OK｜住宅営業｜相模原市中央区,"✦・━━━━━━━━━━━━━━━・✦
＼神奈川県相模原市中央区で募集中／
モデルハウスでの接客から始める
注文住宅の営業職
✦・━━━━━━━━━━━━━━━・✦

「不動産は未経験だけど、人と話すのは得意」
そんな営業・販売経験を活かせる仕事です。

＝＝＝＝＝＝＝＝＝＝＝＝＝＝＝
【✧お仕事の内容✧】

■ 顧客アプローチ・ヒアリング
モデルハウスに来場されたお客様への
ヒアリングと注文住宅プランの提案・作成

■ 調査・提案・競合分析
敷地調査、ローン提案、競合比較を行い、
最適なプランをご提供

■ 進行管理
ご契約後の着工・上棟・完成・引き渡しまでの
進行管理

＝＝＝＝＝＝＝＝＝＝＝＝＝＝＝
【✨働きやすいポイント✨】

✔ 年間休日120日
✔ シフト制（月8〜12日休み）
✔ 9:00〜18:00（実働8時間／休憩60分）
✔ 社会保険完備・住宅手当・資格取得祝金あり

＝＝＝＝＝＝＝＝＝＝＝＝＝＝＝
【✨ここが強み✨】

✅ 賞与年2回・昇給年1回
✅ 営業歩合でインセンティブ還元
✅ 一般職→主任→係長→店長→支店長の
　昇進ルートが明確

まずはお気軽にご応募ください。

案件No：2384","《✼ここで働く4つの特徴✼》

✅ ① 頑張りが給与に反映される
営業歩合とインセンティブ制度があり、
賞与は年2回、昇給は年1回です。
役職が上がるごとに固定給も加算されます。

✅ ② 明確なキャリアパス
一般職→主任→係長→店長→支店長。
おおむね2〜3年を目途に昇進します。
（年収例：主任3年目1,284万円／店長8年目2,083万円／支店長13年目2,369万円）

✅ ③ 業界未経験でも挑戦できる
必要なのは何らかの営業経験1年以上（業界問わず）、
または正社員での販売経験（目安1年）。
既卒・第二新卒も歓迎です。

✅ ④ 選考はWeb面接1回
30分〜1時間程度のWeb面接1回で内定可能です。
入社後は各種研修制度も整っています。

＝＝＝＝＝＝＝＝＝＝＝＝＝＝＝
《✼待遇もしっかり✼》

✔ 社会保険完備（健康保険・厚生年金・雇用保険・労災保険）
✔ 確定拠出年金・選択制確定給付企業年金制度
✔ 財形貯蓄制度・従業員持株会
✔ 住宅取得補助制度・住宅手当
✔ 交通費支給・出産祝金・資格取得祝金
✔ 年間休日120日（休暇制度：年末年始休暇・お盆休暇・有給休暇・
慶弔休暇・アニバーサリー休暇・リフレッシュ休暇など）","✦・━━━━━━━━━━━━━━━・✦
＼まずは話を聞くところから／
選考は面接1回、最短1週間で内定
✦・━━━━━━━━━━━━━━━・✦

＝＝＝＝＝＝＝＝＝＝＝＝＝＝＝
【✧選考の流れ✧】

■ STEP 1　Web応募（所要1分）
氏名と連絡先など、簡単な入力だけで完了します。
応募段階での履歴書・職務経歴書は不要です。

■ STEP 2　カジュアル面談（オンライン／20〜30分）
「まずは話を聞いてみたい」でOKです。
私服・画面オフでのご参加も歓迎します。
面接ではなく相互理解の場ですので、
仕事内容や職場の雰囲気を気軽にお尋ねください。
平日夜間・早朝・土日の実施もご相談に応じます。

■ STEP 3　面接（対面またはWeb／1回のみ）
業務内容のご案内と、ご希望の働き方のお伺いをします。
ご希望の方にはオフィス見学や
現場スタッフとの対話の時間も設けます。

■ STEP 4　内定・条件面談
応募から内定まで最短1週間のスピード選考です。
入社日や勤務条件のご希望も調整いたします。

＝＝＝＝＝＝＝＝＝＝＝＝＝＝＝
【✧ご応募にあたって✧】

✔ 応募時に履歴書・職務経歴書は必要ありません
✔ 在職中の方も日程を調整できます
✔ 「話を聞いてみたい」だけのご応募も歓迎します"
169,2604,タマホーム株式会社,業界未経験OK◎選考はWeb面接1回だけの住宅営業♪,業界未経験OK｜住宅営業｜平塚市,"✦・━━━━━━━━━━━━━━━・✦
＼神奈川県平塚市で募集中／
モデルハウスから始める、注文住宅の営業。
未経験の業界でも、経験を活かして挑戦◎
✦・━━━━━━━━━━━━━━━・✦

「不動産は未経験だけど、営業や接客の経験はある」
そんな方が、住宅業界に活躍の場を広げています。

＝＝＝＝＝＝＝＝＝＝＝＝＝＝＝
【✧お仕事の内容✧】

■ 顧客アプローチ・ヒアリング
モデルハウスに来場されたお客様への
ヒアリングと注文住宅プランの提案・作成

■ 調査・提案・競合分析
敷地調査、ローン提案、競合比較を行い、
最適なプランをご提供

■ 進行管理
ご契約後の着工・上棟・完成・引き渡しまでの
進行管理

＝＝＝＝＝＝＝＝＝＝＝＝＝＝＝
【✨この仕事の魅力✨】

✅ インセンティブがしっかり反映
営業歩合があり、頑張りが給与に直結します。
賞与は年2回、昇給は年1回です。

✅ キャリアパスが明確
一般職→主任→係長→店長→支店長と、
おおむね2〜3年を目途に昇進していきます。
役職ごとに固定給も加算されます。

✅ 選考はスピーディー
Web面接1回（30分〜1時間程度）で
内定可能です。

＝＝＝＝＝＝＝＝＝＝＝＝＝＝＝
【✔働き方✔】

✔ 9:00〜18:00（実働8時間／休憩60分）
✔ シフト制（月8〜12日休み）
✔ 年間休日120日

まずはお気軽にご応募ください。

案件No：2604","《✼ここで働く4つの特徴✼》

✅ ① 頑張りが給与に反映される
営業歩合とインセンティブ制度があり、
賞与は年2回、昇給は年1回です。
役職が上がるごとに固定給も加算されます。

✅ ② 明確なキャリアパス
一般職→主任→係長→店長→支店長。
おおむね2〜3年を目途に昇進します。
（年収例：主任3年目1,284万円／店長8年目2,083万円／支店長13年目2,369万円）

✅ ③ 業界未経験でも挑戦できる
必要なのは何らかの営業経験1年以上（業界問わず）、
または正社員での販売経験（目安1年）。
既卒・第二新卒も歓迎です。

✅ ④ 選考はWeb面接1回
30分〜1時間程度のWeb面接1回で内定可能です。
入社後は各種研修制度も整っています。

＝＝＝＝＝＝＝＝＝＝＝＝＝＝＝
《✼待遇もしっかり✼》

✔ 社会保険完備（健康保険・厚生年金・雇用保険・労災保険）
✔ 確定拠出年金・選択制確定給付企業年金制度
✔ 財形貯蓄制度・従業員持株会
✔ 住宅取得補助制度・住宅手当
✔ 交通費支給・出産祝金・資格取得祝金
✔ 年間休日120日（休暇制度：年末年始休暇・お盆休暇・有給休暇・
慶弔休暇・アニバーサリー休暇・リフレッシュ休暇など）","✦・━━━━━━━━━━━━━━━・✦
＼まずは話を聞くところから／
選考は面接1回、最短1週間で内定
✦・━━━━━━━━━━━━━━━・✦

＝＝＝＝＝＝＝＝＝＝＝＝＝＝＝
【✧選考の流れ✧】

■ STEP 1　Web応募（所要1分）
氏名と連絡先など、簡単な入力だけで完了します。
応募段階での履歴書・職務経歴書は不要です。

■ STEP 2　カジュアル面談（オンライン／20〜30分）
「まずは話を聞いてみたい」でOKです。
私服・画面オフでのご参加も歓迎します。
面接ではなく相互理解の場ですので、
仕事内容や職場の雰囲気を気軽にお尋ねください。
平日夜間・早朝・土日の実施もご相談に応じます。

■ STEP 3　面接（対面またはWeb／1回のみ）
業務内容のご案内と、ご希望の働き方のお伺いをします。
ご希望の方にはオフィス見学や
現場スタッフとの対話の時間も設けます。

■ STEP 4　内定・条件面談
応募から内定まで最短1週間のスピード選考です。
入社日や勤務条件のご希望も調整いたします。

＝＝＝＝＝＝＝＝＝＝＝＝＝＝＝
【✧ご応募にあたって✧】

✔ 応募時に履歴書・職務経歴書は必要ありません
✔ 在職中の方も日程を調整できます
✔ 「話を聞いてみたい」だけのご応募も歓迎します"
170,2161,タマホーム株式会社,業界未経験OK◎選考はWeb面接1回だけの住宅営業♪,業界未経験OK｜住宅営業｜小田原市,"✦・━━━━━━━━━━━━━━━・✦
＼神奈川県小田原市で募集中／
「営業経験を、住宅業界で活かす」
注文住宅の提案営業◎
✦・━━━━━━━━━━━━━━━・✦

法人でも個人でも、業界は問いません。
何らかの営業経験、または販売経験があれば
新しいフィールドに挑戦できます。

＝＝＝＝＝＝＝＝＝＝＝＝＝＝＝
【✨この仕事の魅力✨】

✅ キャリアパスが明確
一般職→主任→係長→店長→支店長。
おおむね2〜3年を目途に昇進し、
役職ごとに固定給も加算されます。

✅ インセンティブがしっかり反映
営業歩合があり、賞与は年2回、
昇給は年1回です。

✅ 選考はスピーディー
Web面接1回（30分〜1時間程度）で
内定可能です。

＝＝＝＝＝＝＝＝＝＝＝＝＝＝＝
【✧お仕事の内容✧】

■ 顧客アプローチ・ヒアリング
モデルハウスに来場されたお客様への
ヒアリングと注文住宅プランの提案・作成

■ 調査・提案・競合分析
敷地調査、ローン提案、競合比較を行い、
最適なプランをご提供

■ 進行管理
ご契約後の着工・上棟・完成・引き渡しまでの
進行管理

＝＝＝＝＝＝＝＝＝＝＝＝＝＝＝
【✔働き方✔】

✔ 9:00〜18:00（実働8時間／休憩60分）
✔ シフト制（月8〜12日休み）
✔ 年間休日120日

まずはお気軽にご応募ください。

案件No：2161","《✼ここで働く4つの特徴✼》

✅ ① 頑張りが給与に反映される
営業歩合とインセンティブ制度があり、
賞与は年2回、昇給は年1回です。
役職が上がるごとに固定給も加算されます。

✅ ② 明確なキャリアパス
一般職→主任→係長→店長→支店長。
おおむね2〜3年を目途に昇進します。
（年収例：主任3年目1,284万円／店長8年目2,083万円／支店長13年目2,369万円）

✅ ③ 業界未経験でも挑戦できる
必要なのは何らかの営業経験1年以上（業界問わず）、
または正社員での販売経験（目安1年）。
既卒・第二新卒も歓迎です。

✅ ④ 選考はWeb面接1回
30分〜1時間程度のWeb面接1回で内定可能です。
入社後は各種研修制度も整っています。

＝＝＝＝＝＝＝＝＝＝＝＝＝＝＝
《✼待遇もしっかり✼》

✔ 社会保険完備（健康保険・厚生年金・雇用保険・労災保険）
✔ 確定拠出年金・選択制確定給付企業年金制度
✔ 財形貯蓄制度・従業員持株会
✔ 住宅取得補助制度・住宅手当
✔ 交通費支給・出産祝金・資格取得祝金
✔ 年間休日120日（休暇制度：年末年始休暇・お盆休暇・有給休暇・
慶弔休暇・アニバーサリー休暇・リフレッシュ休暇など）","✦・━━━━━━━━━━━━━━━・✦
＼まずは話を聞くところから／
選考は面接1回、最短1週間で内定
✦・━━━━━━━━━━━━━━━・✦

＝＝＝＝＝＝＝＝＝＝＝＝＝＝＝
【✧選考の流れ✧】

■ STEP 1　Web応募（所要1分）
氏名と連絡先など、簡単な入力だけで完了します。
応募段階での履歴書・職務経歴書は不要です。

■ STEP 2　カジュアル面談（オンライン／20〜30分）
「まずは話を聞いてみたい」でOKです。
私服・画面オフでのご参加も歓迎します。
面接ではなく相互理解の場ですので、
仕事内容や職場の雰囲気を気軽にお尋ねください。
平日夜間・早朝・土日の実施もご相談に応じます。

■ STEP 3　面接（対面またはWeb／1回のみ）
業務内容のご案内と、ご希望の働き方のお伺いをします。
ご希望の方にはオフィス見学や
現場スタッフとの対話の時間も設けます。

■ STEP 4　内定・条件面談
応募から内定まで最短1週間のスピード選考です。
入社日や勤務条件のご希望も調整いたします。

＝＝＝＝＝＝＝＝＝＝＝＝＝＝＝
【✧ご応募にあたって✧】

✔ 応募時に履歴書・職務経歴書は必要ありません
✔ 在職中の方も日程を調整できます
✔ 「話を聞いてみたい」だけのご応募も歓迎します"
171,2415,タマホーム株式会社,業界未経験OK◎選考はWeb面接1回だけの住宅営業♪,業界未経験OK｜住宅営業｜藤沢市,"✦・━━━━━━━━━━━━━━━・✦
＼神奈川県藤沢市で募集中／
モデルハウスでの接客から始める
注文住宅の営業職
✦・━━━━━━━━━━━━━━━・✦

「不動産は未経験だけど、人と話すのは得意」
そんな営業・販売経験を活かせる仕事です。

＝＝＝＝＝＝＝＝＝＝＝＝＝＝＝
【✧お仕事の内容✧】

■ 顧客アプローチ・ヒアリング
モデルハウスに来場されたお客様への
ヒアリングと注文住宅プランの提案・作成

■ 調査・提案・競合分析
敷地調査、ローン提案、競合比較を行い、
最適なプランをご提供

■ 進行管理
ご契約後の着工・上棟・完成・引き渡しまでの
進行管理

＝＝＝＝＝＝＝＝＝＝＝＝＝＝＝
【✨働きやすいポイント✨】

✔ 年間休日120日
✔ シフト制（月8〜12日休み）
✔ 9:00〜18:00（実働8時間／休憩60分）
✔ 社会保険完備・住宅手当・資格取得祝金あり

＝＝＝＝＝＝＝＝＝＝＝＝＝＝＝
【✨ここが強み✨】

✅ 賞与年2回・昇給年1回
✅ 営業歩合でインセンティブ還元
✅ 一般職→主任→係長→店長→支店長の
　昇進ルートが明確

まずはお気軽にご応募ください。

案件No：2415","《✼ここで働く4つの特徴✼》

✅ ① 頑張りが給与に反映される
営業歩合とインセンティブ制度があり、
賞与は年2回、昇給は年1回です。
役職が上がるごとに固定給も加算されます。

✅ ② 明確なキャリアパス
一般職→主任→係長→店長→支店長。
おおむね2〜3年を目途に昇進します。
（年収例：主任3年目1,284万円／店長8年目2,083万円／支店長13年目2,369万円）

✅ ③ 業界未経験でも挑戦できる
必要なのは何らかの営業経験1年以上（業界問わず）、
または正社員での販売経験（目安1年）。
既卒・第二新卒も歓迎です。

✅ ④ 選考はWeb面接1回
30分〜1時間程度のWeb面接1回で内定可能です。
入社後は各種研修制度も整っています。

＝＝＝＝＝＝＝＝＝＝＝＝＝＝＝
《✼待遇もしっかり✼》

✔ 社会保険完備（健康保険・厚生年金・雇用保険・労災保険）
✔ 確定拠出年金・選択制確定給付企業年金制度
✔ 財形貯蓄制度・従業員持株会
✔ 住宅取得補助制度・住宅手当
✔ 交通費支給・出産祝金・資格取得祝金
✔ 年間休日120日（休暇制度：年末年始休暇・お盆休暇・有給休暇・
慶弔休暇・アニバーサリー休暇・リフレッシュ休暇など）","✦・━━━━━━━━━━━━━━━・✦
＼まずは話を聞くところから／
選考は面接1回、最短1週間で内定
✦・━━━━━━━━━━━━━━━・✦

＝＝＝＝＝＝＝＝＝＝＝＝＝＝＝
【✧選考の流れ✧】

■ STEP 1　Web応募（所要1分）
氏名と連絡先など、簡単な入力だけで完了します。
応募段階での履歴書・職務経歴書は不要です。

■ STEP 2　カジュアル面談（オンライン／20〜30分）
「まずは話を聞いてみたい」でOKです。
私服・画面オフでのご参加も歓迎します。
面接ではなく相互理解の場ですので、
仕事内容や職場の雰囲気を気軽にお尋ねください。
平日夜間・早朝・土日の実施もご相談に応じます。

■ STEP 3　面接（対面またはWeb／1回のみ）
業務内容のご案内と、ご希望の働き方のお伺いをします。
ご希望の方にはオフィス見学や
現場スタッフとの対話の時間も設けます。

■ STEP 4　内定・条件面談
応募から内定まで最短1週間のスピード選考です。
入社日や勤務条件のご希望も調整いたします。

＝＝＝＝＝＝＝＝＝＝＝＝＝＝＝
【✧ご応募にあたって✧】

✔ 応募時に履歴書・職務経歴書は必要ありません
✔ 在職中の方も日程を調整できます
✔ 「話を聞いてみたい」だけのご応募も歓迎します"
172,1303,タマホーム株式会社,業界未経験OK◎選考はWeb面接1回だけの住宅営業♪,業界未経験OK｜住宅営業｜秦野市,"✦・━━━━━━━━━━━━━━━・✦
＼神奈川県秦野市で募集中／
モデルハウスから始める、注文住宅の営業。
未経験の業界でも、経験を活かして挑戦◎
✦・━━━━━━━━━━━━━━━・✦

「不動産は未経験だけど、営業や接客の経験はある」
そんな方が、住宅業界に活躍の場を広げています。

＝＝＝＝＝＝＝＝＝＝＝＝＝＝＝
【✧お仕事の内容✧】

■ 顧客アプローチ・ヒアリング
モデルハウスに来場されたお客様への
ヒアリングと注文住宅プランの提案・作成

■ 調査・提案・競合分析
敷地調査、ローン提案、競合比較を行い、
最適なプランをご提供

■ 進行管理
ご契約後の着工・上棟・完成・引き渡しまでの
進行管理

＝＝＝＝＝＝＝＝＝＝＝＝＝＝＝
【✨この仕事の魅力✨】

✅ インセンティブがしっかり反映
営業歩合があり、頑張りが給与に直結します。
賞与は年2回、昇給は年1回です。

✅ キャリアパスが明確
一般職→主任→係長→店長→支店長と、
おおむね2〜3年を目途に昇進していきます。
役職ごとに固定給も加算されます。

✅ 選考はスピーディー
Web面接1回（30分〜1時間程度）で
内定可能です。

＝＝＝＝＝＝＝＝＝＝＝＝＝＝＝
【✔働き方✔】

✔ 9:00〜18:00（実働8時間／休憩60分）
✔ シフト制（月8〜12日休み）
✔ 年間休日120日

まずはお気軽にご応募ください。

案件No：1303","《✼ここで働く4つの特徴✼》

✅ ① 頑張りが給与に反映される
営業歩合とインセンティブ制度があり、
賞与は年2回、昇給は年1回です。
役職が上がるごとに固定給も加算されます。

✅ ② 明確なキャリアパス
一般職→主任→係長→店長→支店長。
おおむね2〜3年を目途に昇進します。
（年収例：主任3年目1,284万円／店長8年目2,083万円／支店長13年目2,369万円）

✅ ③ 業界未経験でも挑戦できる
必要なのは何らかの営業経験1年以上（業界問わず）、
または正社員での販売経験（目安1年）。
既卒・第二新卒も歓迎です。

✅ ④ 選考はWeb面接1回
30分〜1時間程度のWeb面接1回で内定可能です。
入社後は各種研修制度も整っています。

＝＝＝＝＝＝＝＝＝＝＝＝＝＝＝
《✼待遇もしっかり✼》

✔ 社会保険完備（健康保険・厚生年金・雇用保険・労災保険）
✔ 確定拠出年金・選択制確定給付企業年金制度
✔ 財形貯蓄制度・従業員持株会
✔ 住宅取得補助制度・住宅手当
✔ 交通費支給・出産祝金・資格取得祝金
✔ 年間休日120日（休暇制度：年末年始休暇・お盆休暇・有給休暇・
慶弔休暇・アニバーサリー休暇・リフレッシュ休暇など）","✦・━━━━━━━━━━━━━━━・✦
＼まずは話を聞くところから／
選考は面接1回、最短1週間で内定
✦・━━━━━━━━━━━━━━━・✦

＝＝＝＝＝＝＝＝＝＝＝＝＝＝＝
【✧選考の流れ✧】

■ STEP 1　Web応募（所要1分）
氏名と連絡先など、簡単な入力だけで完了します。
応募段階での履歴書・職務経歴書は不要です。

■ STEP 2　カジュアル面談（オンライン／20〜30分）
「まずは話を聞いてみたい」でOKです。
私服・画面オフでのご参加も歓迎します。
面接ではなく相互理解の場ですので、
仕事内容や職場の雰囲気を気軽にお尋ねください。
平日夜間・早朝・土日の実施もご相談に応じます。

■ STEP 3　面接（対面またはWeb／1回のみ）
業務内容のご案内と、ご希望の働き方のお伺いをします。
ご希望の方にはオフィス見学や
現場スタッフとの対話の時間も設けます。

■ STEP 4　内定・条件面談
応募から内定まで最短1週間のスピード選考です。
入社日や勤務条件のご希望も調整いたします。

＝＝＝＝＝＝＝＝＝＝＝＝＝＝＝
【✧ご応募にあたって✧】

✔ 応募時に履歴書・職務経歴書は必要ありません
✔ 在職中の方も日程を調整できます
✔ 「話を聞いてみたい」だけのご応募も歓迎します"
173,952,タマホーム株式会社,業界未経験OK◎選考はWeb面接1回だけの住宅営業♪,業界未経験OK｜住宅営業｜厚木市,"✦・━━━━━━━━━━━━━━━・✦
＼神奈川県厚木市で募集中／
「営業経験を、住宅業界で活かす」
注文住宅の提案営業◎
✦・━━━━━━━━━━━━━━━・✦

法人でも個人でも、業界は問いません。
何らかの営業経験、または販売経験があれば
新しいフィールドに挑戦できます。

＝＝＝＝＝＝＝＝＝＝＝＝＝＝＝
【✨この仕事の魅力✨】

✅ キャリアパスが明確
一般職→主任→係長→店長→支店長。
おおむね2〜3年を目途に昇進し、
役職ごとに固定給も加算されます。

✅ インセンティブがしっかり反映
営業歩合があり、賞与は年2回、
昇給は年1回です。

✅ 選考はスピーディー
Web面接1回（30分〜1時間程度）で
内定可能です。

＝＝＝＝＝＝＝＝＝＝＝＝＝＝＝
【✧お仕事の内容✧】

■ 顧客アプローチ・ヒアリング
モデルハウスに来場されたお客様への
ヒアリングと注文住宅プランの提案・作成

■ 調査・提案・競合分析
敷地調査、ローン提案、競合比較を行い、
最適なプランをご提供

■ 進行管理
ご契約後の着工・上棟・完成・引き渡しまでの
進行管理

＝＝＝＝＝＝＝＝＝＝＝＝＝＝＝
【✔働き方✔】

✔ 9:00〜18:00（実働8時間／休憩60分）
✔ シフト制（月8〜12日休み）
✔ 年間休日120日

まずはお気軽にご応募ください。

案件No：952","《✼ここで働く4つの特徴✼》

✅ ① 頑張りが給与に反映される
営業歩合とインセンティブ制度があり、
賞与は年2回、昇給は年1回です。
役職が上がるごとに固定給も加算されます。

✅ ② 明確なキャリアパス
一般職→主任→係長→店長→支店長。
おおむね2〜3年を目途に昇進します。
（年収例：主任3年目1,284万円／店長8年目2,083万円／支店長13年目2,369万円）

✅ ③ 業界未経験でも挑戦できる
必要なのは何らかの営業経験1年以上（業界問わず）、
または正社員での販売経験（目安1年）。
既卒・第二新卒も歓迎です。

✅ ④ 選考はWeb面接1回
30分〜1時間程度のWeb面接1回で内定可能です。
入社後は各種研修制度も整っています。

＝＝＝＝＝＝＝＝＝＝＝＝＝＝＝
《✼待遇もしっかり✼》

✔ 社会保険完備（健康保険・厚生年金・雇用保険・労災保険）
✔ 確定拠出年金・選択制確定給付企業年金制度
✔ 財形貯蓄制度・従業員持株会
✔ 住宅取得補助制度・住宅手当
✔ 交通費支給・出産祝金・資格取得祝金
✔ 年間休日120日（休暇制度：年末年始休暇・お盆休暇・有給休暇・
慶弔休暇・アニバーサリー休暇・リフレッシュ休暇など）","✦・━━━━━━━━━━━━━━━・✦
＼まずは話を聞くところから／
選考は面接1回、最短1週間で内定
✦・━━━━━━━━━━━━━━━・✦

＝＝＝＝＝＝＝＝＝＝＝＝＝＝＝
【✧選考の流れ✧】

■ STEP 1　Web応募（所要1分）
氏名と連絡先など、簡単な入力だけで完了します。
応募段階での履歴書・職務経歴書は不要です。

■ STEP 2　カジュアル面談（オンライン／20〜30分）
「まずは話を聞いてみたい」でOKです。
私服・画面オフでのご参加も歓迎します。
面接ではなく相互理解の場ですので、
仕事内容や職場の雰囲気を気軽にお尋ねください。
平日夜間・早朝・土日の実施もご相談に応じます。

■ STEP 3　面接（対面またはWeb／1回のみ）
業務内容のご案内と、ご希望の働き方のお伺いをします。
ご希望の方にはオフィス見学や
現場スタッフとの対話の時間も設けます。

■ STEP 4　内定・条件面談
応募から内定まで最短1週間のスピード選考です。
入社日や勤務条件のご希望も調整いたします。

＝＝＝＝＝＝＝＝＝＝＝＝＝＝＝
【✧ご応募にあたって✧】

✔ 応募時に履歴書・職務経歴書は必要ありません
✔ 在職中の方も日程を調整できます
✔ 「話を聞いてみたい」だけのご応募も歓迎します"
174,2156,タマホーム株式会社,業界未経験OK◎選考はWeb面接1回だけの住宅営業♪,業界未経験OK｜住宅営業｜川崎市多摩区,"✦・━━━━━━━━━━━━━━━・✦
＼神奈川県川崎市多摩区で募集中／
モデルハウスでの接客から始める
注文住宅の営業職
✦・━━━━━━━━━━━━━━━・✦

「不動産は未経験だけど、人と話すのは得意」
そんな営業・販売経験を活かせる仕事です。

＝＝＝＝＝＝＝＝＝＝＝＝＝＝＝
【✧お仕事の内容✧】

■ 顧客アプローチ・ヒアリング
モデルハウスに来場されたお客様への
ヒアリングと注文住宅プランの提案・作成

■ 調査・提案・競合分析
敷地調査、ローン提案、競合比較を行い、
最適なプランをご提供

■ 進行管理
ご契約後の着工・上棟・完成・引き渡しまでの
進行管理

＝＝＝＝＝＝＝＝＝＝＝＝＝＝＝
【✨働きやすいポイント✨】

✔ 年間休日120日
✔ シフト制（月8〜12日休み）
✔ 9:00〜18:00（実働8時間／休憩60分）
✔ 社会保険完備・住宅手当・資格取得祝金あり

＝＝＝＝＝＝＝＝＝＝＝＝＝＝＝
【✨ここが強み✨】

✅ 賞与年2回・昇給年1回
✅ 営業歩合でインセンティブ還元
✅ 一般職→主任→係長→店長→支店長の
　昇進ルートが明確

まずはお気軽にご応募ください。

案件No：2156","《✼ここで働く4つの特徴✼》

✅ ① 頑張りが給与に反映される
営業歩合とインセンティブ制度があり、
賞与は年2回、昇給は年1回です。
役職が上がるごとに固定給も加算されます。

✅ ② 明確なキャリアパス
一般職→主任→係長→店長→支店長。
おおむね2〜3年を目途に昇進します。
（年収例：主任3年目1,284万円／店長8年目2,083万円／支店長13年目2,369万円）

✅ ③ 業界未経験でも挑戦できる
必要なのは何らかの営業経験1年以上（業界問わず）、
または正社員での販売経験（目安1年）。
既卒・第二新卒も歓迎です。

✅ ④ 選考はWeb面接1回
30分〜1時間程度のWeb面接1回で内定可能です。
入社後は各種研修制度も整っています。

＝＝＝＝＝＝＝＝＝＝＝＝＝＝＝
《✼待遇もしっかり✼》

✔ 社会保険完備（健康保険・厚生年金・雇用保険・労災保険）
✔ 確定拠出年金・選択制確定給付企業年金制度
✔ 財形貯蓄制度・従業員持株会
✔ 住宅取得補助制度・住宅手当
✔ 交通費支給・出産祝金・資格取得祝金
✔ 年間休日120日（休暇制度：年末年始休暇・お盆休暇・有給休暇・
慶弔休暇・アニバーサリー休暇・リフレッシュ休暇など）","✦・━━━━━━━━━━━━━━━・✦
＼まずは話を聞くところから／
選考は面接1回、最短1週間で内定
✦・━━━━━━━━━━━━━━━・✦

＝＝＝＝＝＝＝＝＝＝＝＝＝＝＝
【✧選考の流れ✧】

■ STEP 1　Web応募（所要1分）
氏名と連絡先など、簡単な入力だけで完了します。
応募段階での履歴書・職務経歴書は不要です。

■ STEP 2　カジュアル面談（オンライン／20〜30分）
「まずは話を聞いてみたい」でOKです。
私服・画面オフでのご参加も歓迎します。
面接ではなく相互理解の場ですので、
仕事内容や職場の雰囲気を気軽にお尋ねください。
平日夜間・早朝・土日の実施もご相談に応じます。

■ STEP 3　面接（対面またはWeb／1回のみ）
業務内容のご案内と、ご希望の働き方のお伺いをします。
ご希望の方にはオフィス見学や
現場スタッフとの対話の時間も設けます。

■ STEP 4　内定・条件面談
応募から内定まで最短1週間のスピード選考です。
入社日や勤務条件のご希望も調整いたします。

＝＝＝＝＝＝＝＝＝＝＝＝＝＝＝
【✧ご応募にあたって✧】

✔ 応募時に履歴書・職務経歴書は必要ありません
✔ 在職中の方も日程を調整できます
✔ 「話を聞いてみたい」だけのご応募も歓迎します"
175,2117,タマホーム株式会社,業界未経験OK◎選考はWeb面接1回だけの住宅営業♪,業界未経験OK｜住宅営業｜横浜市都筑区,"✦・━━━━━━━━━━━━━━━・✦
＼神奈川県横浜市都筑区で募集中／
モデルハウスから始める、注文住宅の営業。
未経験の業界でも、経験を活かして挑戦◎
✦・━━━━━━━━━━━━━━━・✦

「不動産は未経験だけど、営業や接客の経験はある」
そんな方が、住宅業界に活躍の場を広げています。

＝＝＝＝＝＝＝＝＝＝＝＝＝＝＝
【✧お仕事の内容✧】

■ 顧客アプローチ・ヒアリング
モデルハウスに来場されたお客様への
ヒアリングと注文住宅プランの提案・作成

■ 調査・提案・競合分析
敷地調査、ローン提案、競合比較を行い、
最適なプランをご提供

■ 進行管理
ご契約後の着工・上棟・完成・引き渡しまでの
進行管理

＝＝＝＝＝＝＝＝＝＝＝＝＝＝＝
【✨この仕事の魅力✨】

✅ インセンティブがしっかり反映
営業歩合があり、頑張りが給与に直結します。
賞与は年2回、昇給は年1回です。

✅ キャリアパスが明確
一般職→主任→係長→店長→支店長と、
おおむね2〜3年を目途に昇進していきます。
役職ごとに固定給も加算されます。

✅ 選考はスピーディー
Web面接1回（30分〜1時間程度）で
内定可能です。

＝＝＝＝＝＝＝＝＝＝＝＝＝＝＝
【✔働き方✔】

✔ 9:00〜18:00（実働8時間／休憩60分）
✔ シフト制（月8〜12日休み）
✔ 年間休日120日

まずはお気軽にご応募ください。

案件No：2117","《✼ここで働く4つの特徴✼》

✅ ① 頑張りが給与に反映される
営業歩合とインセンティブ制度があり、
賞与は年2回、昇給は年1回です。
役職が上がるごとに固定給も加算されます。

✅ ② 明確なキャリアパス
一般職→主任→係長→店長→支店長。
おおむね2〜3年を目途に昇進します。
（年収例：主任3年目1,284万円／店長8年目2,083万円／支店長13年目2,369万円）

✅ ③ 業界未経験でも挑戦できる
必要なのは何らかの営業経験1年以上（業界問わず）、
または正社員での販売経験（目安1年）。
既卒・第二新卒も歓迎です。

✅ ④ 選考はWeb面接1回
30分〜1時間程度のWeb面接1回で内定可能です。
入社後は各種研修制度も整っています。

＝＝＝＝＝＝＝＝＝＝＝＝＝＝＝
《✼待遇もしっかり✼》

✔ 社会保険完備（健康保険・厚生年金・雇用保険・労災保険）
✔ 確定拠出年金・選択制確定給付企業年金制度
✔ 財形貯蓄制度・従業員持株会
✔ 住宅取得補助制度・住宅手当
✔ 交通費支給・出産祝金・資格取得祝金
✔ 年間休日120日（休暇制度：年末年始休暇・お盆休暇・有給休暇・
慶弔休暇・アニバーサリー休暇・リフレッシュ休暇など）","✦・━━━━━━━━━━━━━━━・✦
＼まずは話を聞くところから／
選考は面接1回、最短1週間で内定
✦・━━━━━━━━━━━━━━━・✦

＝＝＝＝＝＝＝＝＝＝＝＝＝＝＝
【✧選考の流れ✧】

■ STEP 1　Web応募（所要1分）
氏名と連絡先など、簡単な入力だけで完了します。
応募段階での履歴書・職務経歴書は不要です。

■ STEP 2　カジュアル面談（オンライン／20〜30分）
「まずは話を聞いてみたい」でOKです。
私服・画面オフでのご参加も歓迎します。
面接ではなく相互理解の場ですので、
仕事内容や職場の雰囲気を気軽にお尋ねください。
平日夜間・早朝・土日の実施もご相談に応じます。

■ STEP 3　面接（対面またはWeb／1回のみ）
業務内容のご案内と、ご希望の働き方のお伺いをします。
ご希望の方にはオフィス見学や
現場スタッフとの対話の時間も設けます。

■ STEP 4　内定・条件面談
応募から内定まで最短1週間のスピード選考です。
入社日や勤務条件のご希望も調整いたします。

＝＝＝＝＝＝＝＝＝＝＝＝＝＝＝
【✧ご応募にあたって✧】

✔ 応募時に履歴書・職務経歴書は必要ありません
✔ 在職中の方も日程を調整できます
✔ 「話を聞いてみたい」だけのご応募も歓迎します"
176,858,タマホーム株式会社,業界未経験OK◎選考はWeb面接1回だけの住宅営業♪,業界未経験OK｜住宅営業｜横浜市都筑区,"✦・━━━━━━━━━━━━━━━・✦
＼神奈川県横浜市都筑区で募集中／
「営業経験を、住宅業界で活かす」
注文住宅の提案営業◎
✦・━━━━━━━━━━━━━━━・✦

法人でも個人でも、業界は問いません。
何らかの営業経験、または販売経験があれば
新しいフィールドに挑戦できます。

＝＝＝＝＝＝＝＝＝＝＝＝＝＝＝
【✨この仕事の魅力✨】

✅ キャリアパスが明確
一般職→主任→係長→店長→支店長。
おおむね2〜3年を目途に昇進し、
役職ごとに固定給も加算されます。

✅ インセンティブがしっかり反映
営業歩合があり、賞与は年2回、
昇給は年1回です。

✅ 選考はスピーディー
Web面接1回（30分〜1時間程度）で
内定可能です。

＝＝＝＝＝＝＝＝＝＝＝＝＝＝＝
【✧お仕事の内容✧】

■ 顧客アプローチ・ヒアリング
モデルハウスに来場されたお客様への
ヒアリングと注文住宅プランの提案・作成

■ 調査・提案・競合分析
敷地調査、ローン提案、競合比較を行い、
最適なプランをご提供

■ 進行管理
ご契約後の着工・上棟・完成・引き渡しまでの
進行管理

＝＝＝＝＝＝＝＝＝＝＝＝＝＝＝
【✔働き方✔】

✔ 9:00〜18:00（実働8時間／休憩60分）
✔ シフト制（月8〜12日休み）
✔ 年間休日120日

まずはお気軽にご応募ください。

案件No：858","《✼ここで働く4つの特徴✼》

✅ ① 頑張りが給与に反映される
営業歩合とインセンティブ制度があり、
賞与は年2回、昇給は年1回です。
役職が上がるごとに固定給も加算されます。

✅ ② 明確なキャリアパス
一般職→主任→係長→店長→支店長。
おおむね2〜3年を目途に昇進します。
（年収例：主任3年目1,284万円／店長8年目2,083万円／支店長13年目2,369万円）

✅ ③ 業界未経験でも挑戦できる
必要なのは何らかの営業経験1年以上（業界問わず）、
または正社員での販売経験（目安1年）。
既卒・第二新卒も歓迎です。

✅ ④ 選考はWeb面接1回
30分〜1時間程度のWeb面接1回で内定可能です。
入社後は各種研修制度も整っています。

＝＝＝＝＝＝＝＝＝＝＝＝＝＝＝
《✼待遇もしっかり✼》

✔ 社会保険完備（健康保険・厚生年金・雇用保険・労災保険）
✔ 確定拠出年金・選択制確定給付企業年金制度
✔ 財形貯蓄制度・従業員持株会
✔ 住宅取得補助制度・住宅手当
✔ 交通費支給・出産祝金・資格取得祝金
✔ 年間休日120日（休暇制度：年末年始休暇・お盆休暇・有給休暇・
慶弔休暇・アニバーサリー休暇・リフレッシュ休暇など）","✦・━━━━━━━━━━━━━━━・✦
＼まずは話を聞くところから／
選考は面接1回、最短1週間で内定
✦・━━━━━━━━━━━━━━━・✦

＝＝＝＝＝＝＝＝＝＝＝＝＝＝＝
【✧選考の流れ✧】

■ STEP 1　Web応募（所要1分）
氏名と連絡先など、簡単な入力だけで完了します。
応募段階での履歴書・職務経歴書は不要です。

■ STEP 2　カジュアル面談（オンライン／20〜30分）
「まずは話を聞いてみたい」でOKです。
私服・画面オフでのご参加も歓迎します。
面接ではなく相互理解の場ですので、
仕事内容や職場の雰囲気を気軽にお尋ねください。
平日夜間・早朝・土日の実施もご相談に応じます。

■ STEP 3　面接（対面またはWeb／1回のみ）
業務内容のご案内と、ご希望の働き方のお伺いをします。
ご希望の方にはオフィス見学や
現場スタッフとの対話の時間も設けます。

■ STEP 4　内定・条件面談
応募から内定まで最短1週間のスピード選考です。
入社日や勤務条件のご希望も調整いたします。

＝＝＝＝＝＝＝＝＝＝＝＝＝＝＝
【✧ご応募にあたって✧】

✔ 応募時に履歴書・職務経歴書は必要ありません
✔ 在職中の方も日程を調整できます
✔ 「話を聞いてみたい」だけのご応募も歓迎します"
177,1342,タマホーム株式会社,業界未経験OK◎選考はWeb面接1回だけの住宅営業♪,業界未経験OK｜住宅営業｜横須賀市,"✦・━━━━━━━━━━━━━━━・✦
＼神奈川県横須賀市で募集中／
モデルハウスでの接客から始める
注文住宅の営業職
✦・━━━━━━━━━━━━━━━・✦

「不動産は未経験だけど、人と話すのは得意」
そんな営業・販売経験を活かせる仕事です。

＝＝＝＝＝＝＝＝＝＝＝＝＝＝＝
【✧お仕事の内容✧】

■ 顧客アプローチ・ヒアリング
モデルハウスに来場されたお客様への
ヒアリングと注文住宅プランの提案・作成

■ 調査・提案・競合分析
敷地調査、ローン提案、競合比較を行い、
最適なプランをご提供

■ 進行管理
ご契約後の着工・上棟・完成・引き渡しまでの
進行管理

＝＝＝＝＝＝＝＝＝＝＝＝＝＝＝
【✨働きやすいポイント✨】

✔ 年間休日120日
✔ シフト制（月8〜12日休み）
✔ 9:00〜18:00（実働8時間／休憩60分）
✔ 社会保険完備・住宅手当・資格取得祝金あり

＝＝＝＝＝＝＝＝＝＝＝＝＝＝＝
【✨ここが強み✨】

✅ 賞与年2回・昇給年1回
✅ 営業歩合でインセンティブ還元
✅ 一般職→主任→係長→店長→支店長の
　昇進ルートが明確

まずはお気軽にご応募ください。

案件No：1342","《✼ここで働く4つの特徴✼》

✅ ① 頑張りが給与に反映される
営業歩合とインセンティブ制度があり、
賞与は年2回、昇給は年1回です。
役職が上がるごとに固定給も加算されます。

✅ ② 明確なキャリアパス
一般職→主任→係長→店長→支店長。
おおむね2〜3年を目途に昇進します。
（年収例：主任3年目1,284万円／店長8年目2,083万円／支店長13年目2,369万円）

✅ ③ 業界未経験でも挑戦できる
必要なのは何らかの営業経験1年以上（業界問わず）、
または正社員での販売経験（目安1年）。
既卒・第二新卒も歓迎です。

✅ ④ 選考はWeb面接1回
30分〜1時間程度のWeb面接1回で内定可能です。
入社後は各種研修制度も整っています。

＝＝＝＝＝＝＝＝＝＝＝＝＝＝＝
《✼待遇もしっかり✼》

✔ 社会保険完備（健康保険・厚生年金・雇用保険・労災保険）
✔ 確定拠出年金・選択制確定給付企業年金制度
✔ 財形貯蓄制度・従業員持株会
✔ 住宅取得補助制度・住宅手当
✔ 交通費支給・出産祝金・資格取得祝金
✔ 年間休日120日（休暇制度：年末年始休暇・お盆休暇・有給休暇・
慶弔休暇・アニバーサリー休暇・リフレッシュ休暇など）","✦・━━━━━━━━━━━━━━━・✦
＼まずは話を聞くところから／
選考は面接1回、最短1週間で内定
✦・━━━━━━━━━━━━━━━・✦

＝＝＝＝＝＝＝＝＝＝＝＝＝＝＝
【✧選考の流れ✧】

■ STEP 1　Web応募（所要1分）
氏名と連絡先など、簡単な入力だけで完了します。
応募段階での履歴書・職務経歴書は不要です。

■ STEP 2　カジュアル面談（オンライン／20〜30分）
「まずは話を聞いてみたい」でOKです。
私服・画面オフでのご参加も歓迎します。
面接ではなく相互理解の場ですので、
仕事内容や職場の雰囲気を気軽にお尋ねください。
平日夜間・早朝・土日の実施もご相談に応じます。

■ STEP 3　面接（対面またはWeb／1回のみ）
業務内容のご案内と、ご希望の働き方のお伺いをします。
ご希望の方にはオフィス見学や
現場スタッフとの対話の時間も設けます。

■ STEP 4　内定・条件面談
応募から内定まで最短1週間のスピード選考です。
入社日や勤務条件のご希望も調整いたします。

＝＝＝＝＝＝＝＝＝＝＝＝＝＝＝
【✧ご応募にあたって✧】

✔ 応募時に履歴書・職務経歴書は必要ありません
✔ 在職中の方も日程を調整できます
✔ 「話を聞いてみたい」だけのご応募も歓迎します"
178,2379,タマホーム株式会社,業界未経験OK◎選考はWeb面接1回だけの住宅営業♪,業界未経験OK｜住宅営業｜横浜市西区,"✦・━━━━━━━━━━━━━━━・✦
＼神奈川県横浜市西区で募集中／
モデルハウスから始める、注文住宅の営業。
未経験の業界でも、経験を活かして挑戦◎
✦・━━━━━━━━━━━━━━━・✦

「不動産は未経験だけど、営業や接客の経験はある」
そんな方が、住宅業界に活躍の場を広げています。

＝＝＝＝＝＝＝＝＝＝＝＝＝＝＝
【✧お仕事の内容✧】

■ 顧客アプローチ・ヒアリング
モデルハウスに来場されたお客様への
ヒアリングと注文住宅プランの提案・作成

■ 調査・提案・競合分析
敷地調査、ローン提案、競合比較を行い、
最適なプランをご提供

■ 進行管理
ご契約後の着工・上棟・完成・引き渡しまでの
進行管理

＝＝＝＝＝＝＝＝＝＝＝＝＝＝＝
【✨この仕事の魅力✨】

✅ インセンティブがしっかり反映
営業歩合があり、頑張りが給与に直結します。
賞与は年2回、昇給は年1回です。

✅ キャリアパスが明確
一般職→主任→係長→店長→支店長と、
おおむね2〜3年を目途に昇進していきます。
役職ごとに固定給も加算されます。

✅ 選考はスピーディー
Web面接1回（30分〜1時間程度）で
内定可能です。

＝＝＝＝＝＝＝＝＝＝＝＝＝＝＝
【✔働き方✔】

✔ 9:00〜18:00（実働8時間／休憩60分）
✔ シフト制（月8〜12日休み）
✔ 年間休日120日

まずはお気軽にご応募ください。

案件No：2379","《✼ここで働く4つの特徴✼》

✅ ① 頑張りが給与に反映される
営業歩合とインセンティブ制度があり、
賞与は年2回、昇給は年1回です。
役職が上がるごとに固定給も加算されます。

✅ ② 明確なキャリアパス
一般職→主任→係長→店長→支店長。
おおむね2〜3年を目途に昇進します。
（年収例：主任3年目1,284万円／店長8年目2,083万円／支店長13年目2,369万円）

✅ ③ 業界未経験でも挑戦できる
必要なのは何らかの営業経験1年以上（業界問わず）、
または正社員での販売経験（目安1年）。
既卒・第二新卒も歓迎です。

✅ ④ 選考はWeb面接1回
30分〜1時間程度のWeb面接1回で内定可能です。
入社後は各種研修制度も整っています。

＝＝＝＝＝＝＝＝＝＝＝＝＝＝＝
《✼待遇もしっかり✼》

✔ 社会保険完備（健康保険・厚生年金・雇用保険・労災保険）
✔ 確定拠出年金・選択制確定給付企業年金制度
✔ 財形貯蓄制度・従業員持株会
✔ 住宅取得補助制度・住宅手当
✔ 交通費支給・出産祝金・資格取得祝金
✔ 年間休日120日（休暇制度：年末年始休暇・お盆休暇・有給休暇・
慶弔休暇・アニバーサリー休暇・リフレッシュ休暇など）","✦・━━━━━━━━━━━━━━━・✦
＼まずは話を聞くところから／
選考は面接1回、最短1週間で内定
✦・━━━━━━━━━━━━━━━・✦

＝＝＝＝＝＝＝＝＝＝＝＝＝＝＝
【✧選考の流れ✧】

■ STEP 1　Web応募（所要1分）
氏名と連絡先など、簡単な入力だけで完了します。
応募段階での履歴書・職務経歴書は不要です。

■ STEP 2　カジュアル面談（オンライン／20〜30分）
「まずは話を聞いてみたい」でOKです。
私服・画面オフでのご参加も歓迎します。
面接ではなく相互理解の場ですので、
仕事内容や職場の雰囲気を気軽にお尋ねください。
平日夜間・早朝・土日の実施もご相談に応じます。

■ STEP 3　面接（対面またはWeb／1回のみ）
業務内容のご案内と、ご希望の働き方のお伺いをします。
ご希望の方にはオフィス見学や
現場スタッフとの対話の時間も設けます。

■ STEP 4　内定・条件面談
応募から内定まで最短1週間のスピード選考です。
入社日や勤務条件のご希望も調整いたします。

＝＝＝＝＝＝＝＝＝＝＝＝＝＝＝
【✧ご応募にあたって✧】

✔ 応募時に履歴書・職務経歴書は必要ありません
✔ 在職中の方も日程を調整できます
✔ 「話を聞いてみたい」だけのご応募も歓迎します"
179,347,タマホーム株式会社,業界未経験OK◎選考はWeb面接1回だけの住宅営業♪,業界未経験OK｜住宅営業｜足立区,"✦・━━━━━━━━━━━━━━━・✦
＼東京都足立区で募集中／
「営業経験を、住宅業界で活かす」
注文住宅の提案営業◎
✦・━━━━━━━━━━━━━━━・✦

法人でも個人でも、業界は問いません。
何らかの営業経験、または販売経験があれば
新しいフィールドに挑戦できます。

＝＝＝＝＝＝＝＝＝＝＝＝＝＝＝
【✨この仕事の魅力✨】

✅ キャリアパスが明確
一般職→主任→係長→店長→支店長。
おおむね2〜3年を目途に昇進し、
役職ごとに固定給も加算されます。

✅ インセンティブがしっかり反映
営業歩合があり、賞与は年2回、
昇給は年1回です。

✅ 選考はスピーディー
Web面接1回（30分〜1時間程度）で
内定可能です。

＝＝＝＝＝＝＝＝＝＝＝＝＝＝＝
【✧お仕事の内容✧】

■ 顧客アプローチ・ヒアリング
モデルハウスに来場されたお客様への
ヒアリングと注文住宅プランの提案・作成

■ 調査・提案・競合分析
敷地調査、ローン提案、競合比較を行い、
最適なプランをご提供

■ 進行管理
ご契約後の着工・上棟・完成・引き渡しまでの
進行管理

＝＝＝＝＝＝＝＝＝＝＝＝＝＝＝
【✔働き方✔】

✔ 9:00〜18:00（実働8時間／休憩60分）
✔ シフト制（月8〜12日休み）
✔ 年間休日120日

まずはお気軽にご応募ください。

案件No：347","《✼ここで働く4つの特徴✼》

✅ ① 頑張りが給与に反映される
営業歩合とインセンティブ制度があり、
賞与は年2回、昇給は年1回です。
役職が上がるごとに固定給も加算されます。

✅ ② 明確なキャリアパス
一般職→主任→係長→店長→支店長。
おおむね2〜3年を目途に昇進します。
（年収例：主任3年目1,284万円／店長8年目2,083万円／支店長13年目2,369万円）

✅ ③ 業界未経験でも挑戦できる
必要なのは何らかの営業経験1年以上（業界問わず）、
または正社員での販売経験（目安1年）。
既卒・第二新卒も歓迎です。

✅ ④ 選考はWeb面接1回
30分〜1時間程度のWeb面接1回で内定可能です。
入社後は各種研修制度も整っています。

＝＝＝＝＝＝＝＝＝＝＝＝＝＝＝
《✼待遇もしっかり✼》

✔ 社会保険完備（健康保険・厚生年金・雇用保険・労災保険）
✔ 確定拠出年金・選択制確定給付企業年金制度
✔ 財形貯蓄制度・従業員持株会
✔ 住宅取得補助制度・住宅手当
✔ 交通費支給・出産祝金・資格取得祝金
✔ 年間休日120日（休暇制度：年末年始休暇・お盆休暇・有給休暇・
慶弔休暇・アニバーサリー休暇・リフレッシュ休暇など）","✦・━━━━━━━━━━━━━━━・✦
＼まずは話を聞くところから／
選考は面接1回、最短1週間で内定
✦・━━━━━━━━━━━━━━━・✦

＝＝＝＝＝＝＝＝＝＝＝＝＝＝＝
【✧選考の流れ✧】

■ STEP 1　Web応募（所要1分）
氏名と連絡先など、簡単な入力だけで完了します。
応募段階での履歴書・職務経歴書は不要です。

■ STEP 2　カジュアル面談（オンライン／20〜30分）
「まずは話を聞いてみたい」でOKです。
私服・画面オフでのご参加も歓迎します。
面接ではなく相互理解の場ですので、
仕事内容や職場の雰囲気を気軽にお尋ねください。
平日夜間・早朝・土日の実施もご相談に応じます。

■ STEP 3　面接（対面またはWeb／1回のみ）
業務内容のご案内と、ご希望の働き方のお伺いをします。
ご希望の方にはオフィス見学や
現場スタッフとの対話の時間も設けます。

■ STEP 4　内定・条件面談
応募から内定まで最短1週間のスピード選考です。
入社日や勤務条件のご希望も調整いたします。

＝＝＝＝＝＝＝＝＝＝＝＝＝＝＝
【✧ご応募にあたって✧】

✔ 応募時に履歴書・職務経歴書は必要ありません
✔ 在職中の方も日程を調整できます
✔ 「話を聞いてみたい」だけのご応募も歓迎します"
180,1025,タマホーム株式会社,業界未経験OK◎選考はWeb面接1回だけの住宅営業♪,業界未経験OK｜住宅営業｜江東区,"✦・━━━━━━━━━━━━━━━・✦
＼東京都江東区で募集中／
モデルハウスでの接客から始める
注文住宅の営業職
✦・━━━━━━━━━━━━━━━・✦

「不動産は未経験だけど、人と話すのは得意」
そんな営業・販売経験を活かせる仕事です。

＝＝＝＝＝＝＝＝＝＝＝＝＝＝＝
【✧お仕事の内容✧】

■ 顧客アプローチ・ヒアリング
モデルハウスに来場されたお客様への
ヒアリングと注文住宅プランの提案・作成

■ 調査・提案・競合分析
敷地調査、ローン提案、競合比較を行い、
最適なプランをご提供

■ 進行管理
ご契約後の着工・上棟・完成・引き渡しまでの
進行管理

＝＝＝＝＝＝＝＝＝＝＝＝＝＝＝
【✨働きやすいポイント✨】

✔ 年間休日120日
✔ シフト制（月8〜12日休み）
✔ 9:00〜18:00（実働8時間／休憩60分）
✔ 社会保険完備・住宅手当・資格取得祝金あり

＝＝＝＝＝＝＝＝＝＝＝＝＝＝＝
【✨ここが強み✨】

✅ 賞与年2回・昇給年1回
✅ 営業歩合でインセンティブ還元
✅ 一般職→主任→係長→店長→支店長の
　昇進ルートが明確

まずはお気軽にご応募ください。

案件No：1025","《✼ここで働く4つの特徴✼》

✅ ① 頑張りが給与に反映される
営業歩合とインセンティブ制度があり、
賞与は年2回、昇給は年1回です。
役職が上がるごとに固定給も加算されます。

✅ ② 明確なキャリアパス
一般職→主任→係長→店長→支店長。
おおむね2〜3年を目途に昇進します。
（年収例：主任3年目1,284万円／店長8年目2,083万円／支店長13年目2,369万円）

✅ ③ 業界未経験でも挑戦できる
必要なのは何らかの営業経験1年以上（業界問わず）、
または正社員での販売経験（目安1年）。
既卒・第二新卒も歓迎です。

✅ ④ 選考はWeb面接1回
30分〜1時間程度のWeb面接1回で内定可能です。
入社後は各種研修制度も整っています。

＝＝＝＝＝＝＝＝＝＝＝＝＝＝＝
《✼待遇もしっかり✼》

✔ 社会保険完備（健康保険・厚生年金・雇用保険・労災保険）
✔ 確定拠出年金・選択制確定給付企業年金制度
✔ 財形貯蓄制度・従業員持株会
✔ 住宅取得補助制度・住宅手当
✔ 交通費支給・出産祝金・資格取得祝金
✔ 年間休日120日（休暇制度：年末年始休暇・お盆休暇・有給休暇・
慶弔休暇・アニバーサリー休暇・リフレッシュ休暇など）","✦・━━━━━━━━━━━━━━━・✦
＼まずは話を聞くところから／
選考は面接1回、最短1週間で内定
✦・━━━━━━━━━━━━━━━・✦

＝＝＝＝＝＝＝＝＝＝＝＝＝＝＝
【✧選考の流れ✧】

■ STEP 1　Web応募（所要1分）
氏名と連絡先など、簡単な入力だけで完了します。
応募段階での履歴書・職務経歴書は不要です。

■ STEP 2　カジュアル面談（オンライン／20〜30分）
「まずは話を聞いてみたい」でOKです。
私服・画面オフでのご参加も歓迎します。
面接ではなく相互理解の場ですので、
仕事内容や職場の雰囲気を気軽にお尋ねください。
平日夜間・早朝・土日の実施もご相談に応じます。

■ STEP 3　面接（対面またはWeb／1回のみ）
業務内容のご案内と、ご希望の働き方のお伺いをします。
ご希望の方にはオフィス見学や
現場スタッフとの対話の時間も設けます。

■ STEP 4　内定・条件面談
応募から内定まで最短1週間のスピード選考です。
入社日や勤務条件のご希望も調整いたします。

＝＝＝＝＝＝＝＝＝＝＝＝＝＝＝
【✧ご応募にあたって✧】

✔ 応募時に履歴書・職務経歴書は必要ありません
✔ 在職中の方も日程を調整できます
✔ 「話を聞いてみたい」だけのご応募も歓迎します"
181,2459,タマホーム株式会社,業界未経験OK◎選考はWeb面接1回だけの住宅営業♪,業界未経験OK｜住宅営業｜武蔵村山市,"✦・━━━━━━━━━━━━━━━・✦
＼東京都武蔵村山市で募集中／
モデルハウスから始める、注文住宅の営業。
未経験の業界でも、経験を活かして挑戦◎
✦・━━━━━━━━━━━━━━━・✦

「不動産は未経験だけど、営業や接客の経験はある」
そんな方が、住宅業界に活躍の場を広げています。

＝＝＝＝＝＝＝＝＝＝＝＝＝＝＝
【✧お仕事の内容✧】

■ 顧客アプローチ・ヒアリング
モデルハウスに来場されたお客様への
ヒアリングと注文住宅プランの提案・作成

■ 調査・提案・競合分析
敷地調査、ローン提案、競合比較を行い、
最適なプランをご提供

■ 進行管理
ご契約後の着工・上棟・完成・引き渡しまでの
進行管理

＝＝＝＝＝＝＝＝＝＝＝＝＝＝＝
【✨この仕事の魅力✨】

✅ インセンティブがしっかり反映
営業歩合があり、頑張りが給与に直結します。
賞与は年2回、昇給は年1回です。

✅ キャリアパスが明確
一般職→主任→係長→店長→支店長と、
おおむね2〜3年を目途に昇進していきます。
役職ごとに固定給も加算されます。

✅ 選考はスピーディー
Web面接1回（30分〜1時間程度）で
内定可能です。

＝＝＝＝＝＝＝＝＝＝＝＝＝＝＝
【✔働き方✔】

✔ 9:00〜18:00（実働8時間／休憩60分）
✔ シフト制（月8〜12日休み）
✔ 年間休日120日

まずはお気軽にご応募ください。

案件No：2459","《✼ここで働く4つの特徴✼》

✅ ① 頑張りが給与に反映される
営業歩合とインセンティブ制度があり、
賞与は年2回、昇給は年1回です。
役職が上がるごとに固定給も加算されます。

✅ ② 明確なキャリアパス
一般職→主任→係長→店長→支店長。
おおむね2〜3年を目途に昇進します。
（年収例：主任3年目1,284万円／店長8年目2,083万円／支店長13年目2,369万円）

✅ ③ 業界未経験でも挑戦できる
必要なのは何らかの営業経験1年以上（業界問わず）、
または正社員での販売経験（目安1年）。
既卒・第二新卒も歓迎です。

✅ ④ 選考はWeb面接1回
30分〜1時間程度のWeb面接1回で内定可能です。
入社後は各種研修制度も整っています。

＝＝＝＝＝＝＝＝＝＝＝＝＝＝＝
《✼待遇もしっかり✼》

✔ 社会保険完備（健康保険・厚生年金・雇用保険・労災保険）
✔ 確定拠出年金・選択制確定給付企業年金制度
✔ 財形貯蓄制度・従業員持株会
✔ 住宅取得補助制度・住宅手当
✔ 交通費支給・出産祝金・資格取得祝金
✔ 年間休日120日（休暇制度：年末年始休暇・お盆休暇・有給休暇・
慶弔休暇・アニバーサリー休暇・リフレッシュ休暇など）","✦・━━━━━━━━━━━━━━━・✦
＼まずは話を聞くところから／
選考は面接1回、最短1週間で内定
✦・━━━━━━━━━━━━━━━・✦

＝＝＝＝＝＝＝＝＝＝＝＝＝＝＝
【✧選考の流れ✧】

■ STEP 1　Web応募（所要1分）
氏名と連絡先など、簡単な入力だけで完了します。
応募段階での履歴書・職務経歴書は不要です。

■ STEP 2　カジュアル面談（オンライン／20〜30分）
「まずは話を聞いてみたい」でOKです。
私服・画面オフでのご参加も歓迎します。
面接ではなく相互理解の場ですので、
仕事内容や職場の雰囲気を気軽にお尋ねください。
平日夜間・早朝・土日の実施もご相談に応じます。

■ STEP 3　面接（対面またはWeb／1回のみ）
業務内容のご案内と、ご希望の働き方のお伺いをします。
ご希望の方にはオフィス見学や
現場スタッフとの対話の時間も設けます。

■ STEP 4　内定・条件面談
応募から内定まで最短1週間のスピード選考です。
入社日や勤務条件のご希望も調整いたします。

＝＝＝＝＝＝＝＝＝＝＝＝＝＝＝
【✧ご応募にあたって✧】

✔ 応募時に履歴書・職務経歴書は必要ありません
✔ 在職中の方も日程を調整できます
✔ 「話を聞いてみたい」だけのご応募も歓迎します"
182,2560,タマホーム株式会社,業界未経験OK◎選考はWeb面接1回だけの住宅営業♪,業界未経験OK｜住宅営業｜町田市,"✦・━━━━━━━━━━━━━━━・✦
＼東京都町田市で募集中／
「営業経験を、住宅業界で活かす」
注文住宅の提案営業◎
✦・━━━━━━━━━━━━━━━・✦

法人でも個人でも、業界は問いません。
何らかの営業経験、または販売経験があれば
新しいフィールドに挑戦できます。

＝＝＝＝＝＝＝＝＝＝＝＝＝＝＝
【✨この仕事の魅力✨】

✅ キャリアパスが明確
一般職→主任→係長→店長→支店長。
おおむね2〜3年を目途に昇進し、
役職ごとに固定給も加算されます。

✅ インセンティブがしっかり反映
営業歩合があり、賞与は年2回、
昇給は年1回です。

✅ 選考はスピーディー
Web面接1回（30分〜1時間程度）で
内定可能です。

＝＝＝＝＝＝＝＝＝＝＝＝＝＝＝
【✧お仕事の内容✧】

■ 顧客アプローチ・ヒアリング
モデルハウスに来場されたお客様への
ヒアリングと注文住宅プランの提案・作成

■ 調査・提案・競合分析
敷地調査、ローン提案、競合比較を行い、
最適なプランをご提供

■ 進行管理
ご契約後の着工・上棟・完成・引き渡しまでの
進行管理

＝＝＝＝＝＝＝＝＝＝＝＝＝＝＝
【✔働き方✔】

✔ 9:00〜18:00（実働8時間／休憩60分）
✔ シフト制（月8〜12日休み）
✔ 年間休日120日

まずはお気軽にご応募ください。

案件No：2560","《✼ここで働く4つの特徴✼》

✅ ① 頑張りが給与に反映される
営業歩合とインセンティブ制度があり、
賞与は年2回、昇給は年1回です。
役職が上がるごとに固定給も加算されます。

✅ ② 明確なキャリアパス
一般職→主任→係長→店長→支店長。
おおむね2〜3年を目途に昇進します。
（年収例：主任3年目1,284万円／店長8年目2,083万円／支店長13年目2,369万円）

✅ ③ 業界未経験でも挑戦できる
必要なのは何らかの営業経験1年以上（業界問わず）、
または正社員での販売経験（目安1年）。
既卒・第二新卒も歓迎です。

✅ ④ 選考はWeb面接1回
30分〜1時間程度のWeb面接1回で内定可能です。
入社後は各種研修制度も整っています。

＝＝＝＝＝＝＝＝＝＝＝＝＝＝＝
《✼待遇もしっかり✼》

✔ 社会保険完備（健康保険・厚生年金・雇用保険・労災保険）
✔ 確定拠出年金・選択制確定給付企業年金制度
✔ 財形貯蓄制度・従業員持株会
✔ 住宅取得補助制度・住宅手当
✔ 交通費支給・出産祝金・資格取得祝金
✔ 年間休日120日（休暇制度：年末年始休暇・お盆休暇・有給休暇・
慶弔休暇・アニバーサリー休暇・リフレッシュ休暇など）","✦・━━━━━━━━━━━━━━━・✦
＼まずは話を聞くところから／
選考は面接1回、最短1週間で内定
✦・━━━━━━━━━━━━━━━・✦

＝＝＝＝＝＝＝＝＝＝＝＝＝＝＝
【✧選考の流れ✧】

■ STEP 1　Web応募（所要1分）
氏名と連絡先など、簡単な入力だけで完了します。
応募段階での履歴書・職務経歴書は不要です。

■ STEP 2　カジュアル面談（オンライン／20〜30分）
「まずは話を聞いてみたい」でOKです。
私服・画面オフでのご参加も歓迎します。
面接ではなく相互理解の場ですので、
仕事内容や職場の雰囲気を気軽にお尋ねください。
平日夜間・早朝・土日の実施もご相談に応じます。

■ STEP 3　面接（対面またはWeb／1回のみ）
業務内容のご案内と、ご希望の働き方のお伺いをします。
ご希望の方にはオフィス見学や
現場スタッフとの対話の時間も設けます。

■ STEP 4　内定・条件面談
応募から内定まで最短1週間のスピード選考です。
入社日や勤務条件のご希望も調整いたします。

＝＝＝＝＝＝＝＝＝＝＝＝＝＝＝
【✧ご応募にあたって✧】

✔ 応募時に履歴書・職務経歴書は必要ありません
✔ 在職中の方も日程を調整できます
✔ 「話を聞いてみたい」だけのご応募も歓迎します"
183,38,タマホーム株式会社,業界未経験OK◎選考はWeb面接1回だけの住宅営業♪,業界未経験OK｜住宅営業｜三鷹市,"✦・━━━━━━━━━━━━━━━・✦
＼東京都三鷹市で募集中／
モデルハウスでの接客から始める
注文住宅の営業職
✦・━━━━━━━━━━━━━━━・✦

「不動産は未経験だけど、人と話すのは得意」
そんな営業・販売経験を活かせる仕事です。

＝＝＝＝＝＝＝＝＝＝＝＝＝＝＝
【✧お仕事の内容✧】

■ 顧客アプローチ・ヒアリング
モデルハウスに来場されたお客様への
ヒアリングと注文住宅プランの提案・作成

■ 調査・提案・競合分析
敷地調査、ローン提案、競合比較を行い、
最適なプランをご提供

■ 進行管理
ご契約後の着工・上棟・完成・引き渡しまでの
進行管理

＝＝＝＝＝＝＝＝＝＝＝＝＝＝＝
【✨働きやすいポイント✨】

✔ 年間休日120日
✔ シフト制（月8〜12日休み）
✔ 9:00〜18:00（実働8時間／休憩60分）
✔ 社会保険完備・住宅手当・資格取得祝金あり

＝＝＝＝＝＝＝＝＝＝＝＝＝＝＝
【✨ここが強み✨】

✅ 賞与年2回・昇給年1回
✅ 営業歩合でインセンティブ還元
✅ 一般職→主任→係長→店長→支店長の
　昇進ルートが明確

まずはお気軽にご応募ください。

案件No：38","《✼ここで働く4つの特徴✼》

✅ ① 頑張りが給与に反映される
営業歩合とインセンティブ制度があり、
賞与は年2回、昇給は年1回です。
役職が上がるごとに固定給も加算されます。

✅ ② 明確なキャリアパス
一般職→主任→係長→店長→支店長。
おおむね2〜3年を目途に昇進します。
（年収例：主任3年目1,284万円／店長8年目2,083万円／支店長13年目2,369万円）

✅ ③ 業界未経験でも挑戦できる
必要なのは何らかの営業経験1年以上（業界問わず）、
または正社員での販売経験（目安1年）。
既卒・第二新卒も歓迎です。

✅ ④ 選考はWeb面接1回
30分〜1時間程度のWeb面接1回で内定可能です。
入社後は各種研修制度も整っています。

＝＝＝＝＝＝＝＝＝＝＝＝＝＝＝
《✼待遇もしっかり✼》

✔ 社会保険完備（健康保険・厚生年金・雇用保険・労災保険）
✔ 確定拠出年金・選択制確定給付企業年金制度
✔ 財形貯蓄制度・従業員持株会
✔ 住宅取得補助制度・住宅手当
✔ 交通費支給・出産祝金・資格取得祝金
✔ 年間休日120日（休暇制度：年末年始休暇・お盆休暇・有給休暇・
慶弔休暇・アニバーサリー休暇・リフレッシュ休暇など）","✦・━━━━━━━━━━━━━━━・✦
＼まずは話を聞くところから／
選考は面接1回、最短1週間で内定
✦・━━━━━━━━━━━━━━━・✦

＝＝＝＝＝＝＝＝＝＝＝＝＝＝＝
【✧選考の流れ✧】

■ STEP 1　Web応募（所要1分）
氏名と連絡先など、簡単な入力だけで完了します。
応募段階での履歴書・職務経歴書は不要です。

■ STEP 2　カジュアル面談（オンライン／20〜30分）
「まずは話を聞いてみたい」でOKです。
私服・画面オフでのご参加も歓迎します。
面接ではなく相互理解の場ですので、
仕事内容や職場の雰囲気を気軽にお尋ねください。
平日夜間・早朝・土日の実施もご相談に応じます。

■ STEP 3　面接（対面またはWeb／1回のみ）
業務内容のご案内と、ご希望の働き方のお伺いをします。
ご希望の方にはオフィス見学や
現場スタッフとの対話の時間も設けます。

■ STEP 4　内定・条件面談
応募から内定まで最短1週間のスピード選考です。
入社日や勤務条件のご希望も調整いたします。

＝＝＝＝＝＝＝＝＝＝＝＝＝＝＝
【✧ご応募にあたって✧】

✔ 応募時に履歴書・職務経歴書は必要ありません
✔ 在職中の方も日程を調整できます
✔ 「話を聞いてみたい」だけのご応募も歓迎します"
184,1561,タマホーム株式会社,業界未経験OK◎選考はWeb面接1回だけの住宅営業♪,業界未経験OK｜住宅営業｜八王子市,"✦・━━━━━━━━━━━━━━━・✦
＼東京都八王子市で募集中／
モデルハウスから始める、注文住宅の営業。
未経験の業界でも、経験を活かして挑戦◎
✦・━━━━━━━━━━━━━━━・✦

「不動産は未経験だけど、営業や接客の経験はある」
そんな方が、住宅業界に活躍の場を広げています。

＝＝＝＝＝＝＝＝＝＝＝＝＝＝＝
【✧お仕事の内容✧】

■ 顧客アプローチ・ヒアリング
モデルハウスに来場されたお客様への
ヒアリングと注文住宅プランの提案・作成

■ 調査・提案・競合分析
敷地調査、ローン提案、競合比較を行い、
最適なプランをご提供

■ 進行管理
ご契約後の着工・上棟・完成・引き渡しまでの
進行管理

＝＝＝＝＝＝＝＝＝＝＝＝＝＝＝
【✨この仕事の魅力✨】

✅ インセンティブがしっかり反映
営業歩合があり、頑張りが給与に直結します。
賞与は年2回、昇給は年1回です。

✅ キャリアパスが明確
一般職→主任→係長→店長→支店長と、
おおむね2〜3年を目途に昇進していきます。
役職ごとに固定給も加算されます。

✅ 選考はスピーディー
Web面接1回（30分〜1時間程度）で
内定可能です。

＝＝＝＝＝＝＝＝＝＝＝＝＝＝＝
【✔働き方✔】

✔ 9:00〜18:00（実働8時間／休憩60分）
✔ シフト制（月8〜12日休み）
✔ 年間休日120日

まずはお気軽にご応募ください。

案件No：1561","《✼ここで働く4つの特徴✼》

✅ ① 頑張りが給与に反映される
営業歩合とインセンティブ制度があり、
賞与は年2回、昇給は年1回です。
役職が上がるごとに固定給も加算されます。

✅ ② 明確なキャリアパス
一般職→主任→係長→店長→支店長。
おおむね2〜3年を目途に昇進します。
（年収例：主任3年目1,284万円／店長8年目2,083万円／支店長13年目2,369万円）

✅ ③ 業界未経験でも挑戦できる
必要なのは何らかの営業経験1年以上（業界問わず）、
または正社員での販売経験（目安1年）。
既卒・第二新卒も歓迎です。

✅ ④ 選考はWeb面接1回
30分〜1時間程度のWeb面接1回で内定可能です。
入社後は各種研修制度も整っています。

＝＝＝＝＝＝＝＝＝＝＝＝＝＝＝
《✼待遇もしっかり✼》

✔ 社会保険完備（健康保険・厚生年金・雇用保険・労災保険）
✔ 確定拠出年金・選択制確定給付企業年金制度
✔ 財形貯蓄制度・従業員持株会
✔ 住宅取得補助制度・住宅手当
✔ 交通費支給・出産祝金・資格取得祝金
✔ 年間休日120日（休暇制度：年末年始休暇・お盆休暇・有給休暇・
慶弔休暇・アニバーサリー休暇・リフレッシュ休暇など）","✦・━━━━━━━━━━━━━━━・✦
＼まずは話を聞くところから／
選考は面接1回、最短1週間で内定
✦・━━━━━━━━━━━━━━━・✦

＝＝＝＝＝＝＝＝＝＝＝＝＝＝＝
【✧選考の流れ✧】

■ STEP 1　Web応募（所要1分）
氏名と連絡先など、簡単な入力だけで完了します。
応募段階での履歴書・職務経歴書は不要です。

■ STEP 2　カジュアル面談（オンライン／20〜30分）
「まずは話を聞いてみたい」でOKです。
私服・画面オフでのご参加も歓迎します。
面接ではなく相互理解の場ですので、
仕事内容や職場の雰囲気を気軽にお尋ねください。
平日夜間・早朝・土日の実施もご相談に応じます。

■ STEP 3　面接（対面またはWeb／1回のみ）
業務内容のご案内と、ご希望の働き方のお伺いをします。
ご希望の方にはオフィス見学や
現場スタッフとの対話の時間も設けます。

■ STEP 4　内定・条件面談
応募から内定まで最短1週間のスピード選考です。
入社日や勤務条件のご希望も調整いたします。

＝＝＝＝＝＝＝＝＝＝＝＝＝＝＝
【✧ご応募にあたって✧】

✔ 応募時に履歴書・職務経歴書は必要ありません
✔ 在職中の方も日程を調整できます
✔ 「話を聞いてみたい」だけのご応募も歓迎します"
185,1332,タマホーム株式会社,業界未経験OK◎選考はWeb面接1回だけの住宅営業♪,業界未経験OK｜住宅営業｜立川市,"✦・━━━━━━━━━━━━━━━・✦
＼東京都立川市で募集中／
「営業経験を、住宅業界で活かす」
注文住宅の提案営業◎
✦・━━━━━━━━━━━━━━━・✦

法人でも個人でも、業界は問いません。
何らかの営業経験、または販売経験があれば
新しいフィールドに挑戦できます。

＝＝＝＝＝＝＝＝＝＝＝＝＝＝＝
【✨この仕事の魅力✨】

✅ キャリアパスが明確
一般職→主任→係長→店長→支店長。
おおむね2〜3年を目途に昇進し、
役職ごとに固定給も加算されます。

✅ インセンティブがしっかり反映
営業歩合があり、賞与は年2回、
昇給は年1回です。

✅ 選考はスピーディー
Web面接1回（30分〜1時間程度）で
内定可能です。

＝＝＝＝＝＝＝＝＝＝＝＝＝＝＝
【✧お仕事の内容✧】

■ 顧客アプローチ・ヒアリング
モデルハウスに来場されたお客様への
ヒアリングと注文住宅プランの提案・作成

■ 調査・提案・競合分析
敷地調査、ローン提案、競合比較を行い、
最適なプランをご提供

■ 進行管理
ご契約後の着工・上棟・完成・引き渡しまでの
進行管理

＝＝＝＝＝＝＝＝＝＝＝＝＝＝＝
【✔働き方✔】

✔ 9:00〜18:00（実働8時間／休憩60分）
✔ シフト制（月8〜12日休み）
✔ 年間休日120日

まずはお気軽にご応募ください。

案件No：1332","《✼ここで働く4つの特徴✼》

✅ ① 頑張りが給与に反映される
営業歩合とインセンティブ制度があり、
賞与は年2回、昇給は年1回です。
役職が上がるごとに固定給も加算されます。

✅ ② 明確なキャリアパス
一般職→主任→係長→店長→支店長。
おおむね2〜3年を目途に昇進します。
（年収例：主任3年目1,284万円／店長8年目2,083万円／支店長13年目2,369万円）

✅ ③ 業界未経験でも挑戦できる
必要なのは何らかの営業経験1年以上（業界問わず）、
または正社員での販売経験（目安1年）。
既卒・第二新卒も歓迎です。

✅ ④ 選考はWeb面接1回
30分〜1時間程度のWeb面接1回で内定可能です。
入社後は各種研修制度も整っています。

＝＝＝＝＝＝＝＝＝＝＝＝＝＝＝
《✼待遇もしっかり✼》

✔ 社会保険完備（健康保険・厚生年金・雇用保険・労災保険）
✔ 確定拠出年金・選択制確定給付企業年金制度
✔ 財形貯蓄制度・従業員持株会
✔ 住宅取得補助制度・住宅手当
✔ 交通費支給・出産祝金・資格取得祝金
✔ 年間休日120日（休暇制度：年末年始休暇・お盆休暇・有給休暇・
慶弔休暇・アニバーサリー休暇・リフレッシュ休暇など）","✦・━━━━━━━━━━━━━━━・✦
＼まずは話を聞くところから／
選考は面接1回、最短1週間で内定
✦・━━━━━━━━━━━━━━━・✦

＝＝＝＝＝＝＝＝＝＝＝＝＝＝＝
【✧選考の流れ✧】

■ STEP 1　Web応募（所要1分）
氏名と連絡先など、簡単な入力だけで完了します。
応募段階での履歴書・職務経歴書は不要です。

■ STEP 2　カジュアル面談（オンライン／20〜30分）
「まずは話を聞いてみたい」でOKです。
私服・画面オフでのご参加も歓迎します。
面接ではなく相互理解の場ですので、
仕事内容や職場の雰囲気を気軽にお尋ねください。
平日夜間・早朝・土日の実施もご相談に応じます。

■ STEP 3　面接（対面またはWeb／1回のみ）
業務内容のご案内と、ご希望の働き方のお伺いをします。
ご希望の方にはオフィス見学や
現場スタッフとの対話の時間も設けます。

■ STEP 4　内定・条件面談
応募から内定まで最短1週間のスピード選考です。
入社日や勤務条件のご希望も調整いたします。

＝＝＝＝＝＝＝＝＝＝＝＝＝＝＝
【✧ご応募にあたって✧】

✔ 応募時に履歴書・職務経歴書は必要ありません
✔ 在職中の方も日程を調整できます
✔ 「話を聞いてみたい」だけのご応募も歓迎します"
186,1198,タマホーム株式会社,業界未経験OK◎選考はWeb面接1回だけの住宅営業♪,業界未経験OK｜住宅営業｜日野市,"✦・━━━━━━━━━━━━━━━・✦
＼東京都日野市で募集中／
モデルハウスでの接客から始める
注文住宅の営業職
✦・━━━━━━━━━━━━━━━・✦

「不動産は未経験だけど、人と話すのは得意」
そんな営業・販売経験を活かせる仕事です。

＝＝＝＝＝＝＝＝＝＝＝＝＝＝＝
【✧お仕事の内容✧】

■ 顧客アプローチ・ヒアリング
モデルハウスに来場されたお客様への
ヒアリングと注文住宅プランの提案・作成

■ 調査・提案・競合分析
敷地調査、ローン提案、競合比較を行い、
最適なプランをご提供

■ 進行管理
ご契約後の着工・上棟・完成・引き渡しまでの
進行管理

＝＝＝＝＝＝＝＝＝＝＝＝＝＝＝
【✨働きやすいポイント✨】

✔ 年間休日120日
✔ シフト制（月8〜12日休み）
✔ 9:00〜18:00（実働8時間／休憩60分）
✔ 社会保険完備・住宅手当・資格取得祝金あり

＝＝＝＝＝＝＝＝＝＝＝＝＝＝＝
【✨ここが強み✨】

✅ 賞与年2回・昇給年1回
✅ 営業歩合でインセンティブ還元
✅ 一般職→主任→係長→店長→支店長の
　昇進ルートが明確

まずはお気軽にご応募ください。

案件No：1198","《✼ここで働く4つの特徴✼》

✅ ① 頑張りが給与に反映される
営業歩合とインセンティブ制度があり、
賞与は年2回、昇給は年1回です。
役職が上がるごとに固定給も加算されます。

✅ ② 明確なキャリアパス
一般職→主任→係長→店長→支店長。
おおむね2〜3年を目途に昇進します。
（年収例：主任3年目1,284万円／店長8年目2,083万円／支店長13年目2,369万円）

✅ ③ 業界未経験でも挑戦できる
必要なのは何らかの営業経験1年以上（業界問わず）、
または正社員での販売経験（目安1年）。
既卒・第二新卒も歓迎です。

✅ ④ 選考はWeb面接1回
30分〜1時間程度のWeb面接1回で内定可能です。
入社後は各種研修制度も整っています。

＝＝＝＝＝＝＝＝＝＝＝＝＝＝＝
《✼待遇もしっかり✼》

✔ 社会保険完備（健康保険・厚生年金・雇用保険・労災保険）
✔ 確定拠出年金・選択制確定給付企業年金制度
✔ 財形貯蓄制度・従業員持株会
✔ 住宅取得補助制度・住宅手当
✔ 交通費支給・出産祝金・資格取得祝金
✔ 年間休日120日（休暇制度：年末年始休暇・お盆休暇・有給休暇・
慶弔休暇・アニバーサリー休暇・リフレッシュ休暇など）","✦・━━━━━━━━━━━━━━━・✦
＼まずは話を聞くところから／
選考は面接1回、最短1週間で内定
✦・━━━━━━━━━━━━━━━・✦

＝＝＝＝＝＝＝＝＝＝＝＝＝＝＝
【✧選考の流れ✧】

■ STEP 1　Web応募（所要1分）
氏名と連絡先など、簡単な入力だけで完了します。
応募段階での履歴書・職務経歴書は不要です。

■ STEP 2　カジュアル面談（オンライン／20〜30分）
「まずは話を聞いてみたい」でOKです。
私服・画面オフでのご参加も歓迎します。
面接ではなく相互理解の場ですので、
仕事内容や職場の雰囲気を気軽にお尋ねください。
平日夜間・早朝・土日の実施もご相談に応じます。

■ STEP 3　面接（対面またはWeb／1回のみ）
業務内容のご案内と、ご希望の働き方のお伺いをします。
ご希望の方にはオフィス見学や
現場スタッフとの対話の時間も設けます。

■ STEP 4　内定・条件面談
応募から内定まで最短1週間のスピード選考です。
入社日や勤務条件のご希望も調整いたします。

＝＝＝＝＝＝＝＝＝＝＝＝＝＝＝
【✧ご応募にあたって✧】

✔ 応募時に履歴書・職務経歴書は必要ありません
✔ 在職中の方も日程を調整できます
✔ 「話を聞いてみたい」だけのご応募も歓迎します"
187,510,タマホーム株式会社,業界未経験OK◎選考はWeb面接1回だけの住宅営業♪,業界未経験OK｜住宅営業｜羽村市,"✦・━━━━━━━━━━━━━━━・✦
＼東京都羽村市で募集中／
モデルハウスから始める、注文住宅の営業。
未経験の業界でも、経験を活かして挑戦◎
✦・━━━━━━━━━━━━━━━・✦

「不動産は未経験だけど、営業や接客の経験はある」
そんな方が、住宅業界に活躍の場を広げています。

＝＝＝＝＝＝＝＝＝＝＝＝＝＝＝
【✧お仕事の内容✧】

■ 顧客アプローチ・ヒアリング
モデルハウスに来場されたお客様への
ヒアリングと注文住宅プランの提案・作成

■ 調査・提案・競合分析
敷地調査、ローン提案、競合比較を行い、
最適なプランをご提供

■ 進行管理
ご契約後の着工・上棟・完成・引き渡しまでの
進行管理

＝＝＝＝＝＝＝＝＝＝＝＝＝＝＝
【✨この仕事の魅力✨】

✅ インセンティブがしっかり反映
営業歩合があり、頑張りが給与に直結します。
賞与は年2回、昇給は年1回です。

✅ キャリアパスが明確
一般職→主任→係長→店長→支店長と、
おおむね2〜3年を目途に昇進していきます。
役職ごとに固定給も加算されます。

✅ 選考はスピーディー
Web面接1回（30分〜1時間程度）で
内定可能です。

＝＝＝＝＝＝＝＝＝＝＝＝＝＝＝
【✔働き方✔】

✔ 9:00〜18:00（実働8時間／休憩60分）
✔ シフト制（月8〜12日休み）
✔ 年間休日120日

まずはお気軽にご応募ください。

案件No：510","《✼ここで働く4つの特徴✼》

✅ ① 頑張りが給与に反映される
営業歩合とインセンティブ制度があり、
賞与は年2回、昇給は年1回です。
役職が上がるごとに固定給も加算されます。

✅ ② 明確なキャリアパス
一般職→主任→係長→店長→支店長。
おおむね2〜3年を目途に昇進します。
（年収例：主任3年目1,284万円／店長8年目2,083万円／支店長13年目2,369万円）

✅ ③ 業界未経験でも挑戦できる
必要なのは何らかの営業経験1年以上（業界問わず）、
または正社員での販売経験（目安1年）。
既卒・第二新卒も歓迎です。

✅ ④ 選考はWeb面接1回
30分〜1時間程度のWeb面接1回で内定可能です。
入社後は各種研修制度も整っています。

＝＝＝＝＝＝＝＝＝＝＝＝＝＝＝
《✼待遇もしっかり✼》

✔ 社会保険完備（健康保険・厚生年金・雇用保険・労災保険）
✔ 確定拠出年金・選択制確定給付企業年金制度
✔ 財形貯蓄制度・従業員持株会
✔ 住宅取得補助制度・住宅手当
✔ 交通費支給・出産祝金・資格取得祝金
✔ 年間休日120日（休暇制度：年末年始休暇・お盆休暇・有給休暇・
慶弔休暇・アニバーサリー休暇・リフレッシュ休暇など）","✦・━━━━━━━━━━━━━━━・✦
＼まずは話を聞くところから／
選考は面接1回、最短1週間で内定
✦・━━━━━━━━━━━━━━━・✦

＝＝＝＝＝＝＝＝＝＝＝＝＝＝＝
【✧選考の流れ✧】

■ STEP 1　Web応募（所要1分）
氏名と連絡先など、簡単な入力だけで完了します。
応募段階での履歴書・職務経歴書は不要です。

■ STEP 2　カジュアル面談（オンライン／20〜30分）
「まずは話を聞いてみたい」でOKです。
私服・画面オフでのご参加も歓迎します。
面接ではなく相互理解の場ですので、
仕事内容や職場の雰囲気を気軽にお尋ねください。
平日夜間・早朝・土日の実施もご相談に応じます。

■ STEP 3　面接（対面またはWeb／1回のみ）
業務内容のご案内と、ご希望の働き方のお伺いをします。
ご希望の方にはオフィス見学や
現場スタッフとの対話の時間も設けます。

■ STEP 4　内定・条件面談
応募から内定まで最短1週間のスピード選考です。
入社日や勤務条件のご希望も調整いたします。

＝＝＝＝＝＝＝＝＝＝＝＝＝＝＝
【✧ご応募にあたって✧】

✔ 応募時に履歴書・職務経歴書は必要ありません
✔ 在職中の方も日程を調整できます
✔ 「話を聞いてみたい」だけのご応募も歓迎します"
