ステータス,会社名,職種名,職業カテゴリー,求人キャッチコピー,勤務地（郵便番号）,勤務地（都道府県・市区町村・町域）,勤務地（丁目・番地・号）,勤務地（建物名・階数）,雇用形態,有料職業紹介に該当,給与形態,給与（最低額）,給与（最高額）,給与（表示形式）,固定残業代の有無,固定残業代（最低額）,固定残業代（最高額）,固定残業代（支払い単位）,固定残業代（時間）,固定残業代（分）,固定残業代（超過分の追加支払への同意）,勤務形態,平均所定労働時間,平均所定労働時間（分）,社会保険,社会保険（適用されない理由）,試用期間の有無,試用期間（期間）,試用期間（期間の単位）,試用期間（試用期間中の労働条件）,試用期間中の給与形態,試用期間中の給与（最低額）,試用期間中の給与（最高額）,試用期間中の給与（表示形式）,試用期間中の固定残業代の有無,試用期間中の固定残業代（最低額）,試用期間中の固定残業代（最高額）,試用期間中の固定残業代（支払い単位）,試用期間中の固定残業代（時間）,試用期間中の固定残業代（分）,試用期間中の固定残業代（超過分の追加支払への同意）,試用期間中の平均所定労働時間,試用期間中の平均所定労働時間（分）,試用期間中のその他の条件,募集要項（仕事内容）,募集要項（アピールポイント）,募集要項（求める人材）,募集要項（勤務時間・曜日）,募集要項（休暇・休日）,募集要項（勤務地の補足）,募集要項（アクセス）,募集要項（給与の補足）,募集要項（待遇・福利厚生）,募集要項（その他）,掲載画像,タグ,採用予定人数,履歴書の有無,応募者に関する情報,応募用メールアドレス,求人問い合わせ先電話番号（半角）,審査用の質問,自動アプローチ利用設定,自動アプローチ条件設定,ユーザー指定ID
募集中,株式会社エイジェック,未経験｜検品・梱包｜株式会社エイジェック｜糸島雇用開発センター,倉庫作業スタッフ,20～30代活躍中◎糸島市｜正社員として検品・梱包デビュー,,福岡県 糸島市 前原中央,,,正社員,はい,月給,250000,,最低額を表示,なし,,,,,,,固定時間制,160,,厚生年金、健康保険、雇用保険、労災保険,,なし,,,,,,,,,,,,,,,,,,"糸島雇用開発センターが担当する糸島市エリアの物流センターで、検品・梱包を担当する正社員スタッフを募集します！
扱うのは通販で人気のアパレル商品や雑貨、コスメなど。空調の効いたきれいな倉庫で、商品を確認して箱に詰めていくシンプルな作業です。
糸島雇用開発センターのスタッフが入社前から入社後まで伴走するので、初めての正社員でも安心してスタートできます。

▶ 1日の流れ（9:00〜18:00・休憩1時間）
09:00 朝礼。今日の出荷予定と担当作業を確認します
09:15 検品スタート。商品の傷・汚れ・数量を納品書と照らし合わせてチェック
12:00 昼休憩（60分）。休憩室で昼食。電子レンジや冷蔵庫も使えます
13:00 梱包スタート。袋詰め、緩衝材で包む、箱に納めるの繰り返し
15:00 小休憩（15分）。飲み物を片手にひと息
15:15 ラベル貼りと出荷先ごとの仕分け
17:45 作業台の片づけと翌日の資材準備
18:00 退勤！残業は月平均6.5時間以内で、定時に帰れる日が大半です

▶ 扱う商品・作業の具体例
✧ 衣類・タオル：ほつれや汚れがないか確認し、透明袋に入れます
✧ コスメ・ガラス小物：割れないよう緩衝材で包んでから箱へ
✧ 文房具・生活雑貨：品番と個数を納品書と照合し、まとめて袋詰め
✧ 出荷箱：伝票シールと「割れ物注意」などの注意シールを所定の位置に貼ります
どれも片手〜両手で持てるサイズで、重量物の持ち上げはありません。

▶ 入社後1週間の流れ
1日目：糸島雇用開発センターでオリエンテーション。安全ルールや勤怠の付け方、勤務先の設備を案内します
2〜3日目：先輩スタッフがマンツーマンで隣につき、検品の見方と梱包の手順を実演しながら説明
4〜5日目：シール貼りやダンボールの組み立てから一人で担当。分からないことはその場で質問できます
1週間後：検品〜仕分けまでの流れをひと通り経験し、自分のペースで進められるように
「早ければ半日、遅くとも2〜3日で一人立ち」が現場の目安ですが、慣れるまで焦らず伴走します。

▶ 職場環境
✧ 空調完備：冷暖房が効いた清潔な室内で、夏も冬も快適
✧ 休憩室：電子レンジ・冷蔵庫・ポット・自動販売機あり。お弁当持参でもゆっくり過ごせます
✧ ロッカー：鍵付きの個人ロッカーで貴重品も安心
✧ 服装：髪色・ネイルは自由。動きやすい服装で通勤し、現場のルールに沿って作業します

▶ 糸島雇用開発センターならではの一言
JR筑肥線の筑前前原駅が最寄りで、福岡市の天神・博多方面へも直通で通えます。
海と山に囲まれた暮らしやすい街で、福岡都市圏への通勤圏として人気のエリアです。
糸島雇用開発センターは糸島市エリアの勤務先を担当しているので、ご自宅からの通いやすさも含めて配属先を一緒に考えます。

糸島雇用開発センターが、あなたのキャリアの第一歩を全力でサポートします。まずはお気軽にご応募ください！","【糸島雇用開発センターからのアピールポイント】

✅ 先輩の9割以上が未経験スタート
「商品を手に取る」「傷がないか見る」「箱に入れる」の3ステップが仕事の基本。専門用語も複雑な機械操作もなく、初日は安全講習とオリエンテーションから始まるので安心です。

✅ 土日祝休み・年間休日125日
完全週休2日制でカレンダー通りに休めます。夏季・冬季休暇、GW、年末年始のまとまった休みもあり、旅行や帰省の予定も立てやすい働き方です。

✅ 重い荷物はほとんどなし
扱うのは衣類・コスメ・文房具・小型雑貨など軽い商品が中心。重量物の持ち上げや力仕事はほぼなく、身体への負担を抑えて長く続けられます。

✅ 空調完備の清潔な倉庫
冷暖房がしっかり効いた室内で、季節を問わず快適。休憩室には電子レンジ・冷蔵庫・自動販売機があり、鍵付きロッカーも完備しています。

✅ 雇用開発センターが入社後も伴走
糸島雇用開発センターの担当者が定期的に面談し、職場では言いにくい悩みも聞き取ります。「一人で放り出される」ことはありません。

✅ 糸島市エリアで通いやすい
JR筑肥線の筑前前原駅が最寄りで、福岡市の天神・博多方面へも直通で通えます。海と山に囲まれた暮らしやすい街で、福岡都市圏への通勤圏として人気のエリアです。

まずはカジュアル面談で、職場の雰囲気や1日の流れをお伝えします。お気軽にご応募ください！","例外事由3号のイにより、長期キャリア形成を図るため、
35歳以下を募集しております。","【勤務時間】
★9:00~18:00
└実働8時間/休憩1時間

定時ダッシュも問題ないです✧
✧ 土日祝休み
✧ 残業月平均:6.5時間以内
✧ 残業代100%支給","✧ 完全週休2日制(土日祝休み)
✧ 年間休日125日
「土日休みはマスト!」ってあなたにも
ぴったりの職場です!

【その他休暇】
✧ 有給休暇
✧ 夏季・冬季休暇
✧ GW休暇
✧ 年末年始休暇",福岡県糸島市前原中央,糸島雇用開発センター,"月給:25万円~+交通費全額支給

※経験に応じて決定いたします。

# 昇給あり
# 賞与あり
# 残業代100%支給
# 交通費支給","・各種社会保険完備（健康保険・厚生年金・雇用保険・労災保険）
・時間外手当・深夜手当・職能手当・役職手当・資格手当・業務手当
・退職金制度
・借上げ社宅・社員寮制度（規定あり）
・会社指示による転居時の引越費用・家賃補助（規定あり）
・定期健康診断（年1回）
・特別休暇（慶弔休暇）・産前産後休暇・育児休暇・介護休暇
・資格取得支援制度・資格取得報奨金
・社内研修制度・認定職業訓練校
・作業着・靴・手袋など業務に必要な備品は会社支給
・提携保養所・提携企業割引
・産業医・カウンセラーによる相談窓口","✧ カジュアル面談実施中です ✧

応募に必要なのは人柄だけ。
まずはあなたのご希望を聞かせてください。

■ 応募からの流れ ■
▶ STEP1 WEBから1分で簡単応募
1〜3日以内に担当者からご連絡します。
▶ STEP2 カジュアル面談（1回のみ）
職場の雰囲気や1日の流れをお伝えし、ご希望を伺います。
▶ STEP3 採用

※入社日はご相談いただけます◎
在職中の方も、お気軽にご相談ください。",,即日勤務OK、交通費支給、残業なし,2,任意,生年月日、性別、電話番号,ntf-indeedapplicant-aaaatulx77tci2k2pr5yeqapva@shukatsu-labo.slack.com,,,利用しない,,
募集中,株式会社エイジェック,未経験｜検品・梱包｜株式会社エイジェック｜久留米雇用開発センター,倉庫作業スタッフ,20～30代活躍中◎未経験からキャリアの第一歩｜久留米市の検品・梱包,,福岡県 久留米市 東町,,,正社員,はい,月給,250000,,最低額を表示,なし,,,,,,,固定時間制,160,,厚生年金、健康保険、雇用保険、労災保険,,なし,,,,,,,,,,,,,,,,,,"「未経験から、ちゃんとした正社員として働きたい」その気持ちを久留米雇用開発センターが応援します。
勤務先は久留米雇用開発センターが担当する久留米市エリアの物流センター。届いた商品に不備がないかをチェックし、丁寧に梱包して出荷準備をするお仕事です。
冷暖房完備の室内で、重い荷物を運ぶことはほとんどありません。

▶ ある日のスケジュール
09:00 出勤・朝礼。リーダーから連絡事項と注意点の共有
09:10 ハンディ端末で商品のバーコードを読み取り、品番と個数を照合します
10:30 小休憩（10分）
12:00 昼休憩（60分）。お弁当派も外食派も、それぞれのスタイルで
13:00 午後は梱包。ダンボールを組み立て、商品が動かないように納めます
15:00 小休憩（15分）
15:15 出荷準備。伝票シールを貼って配送業者ごとにコンテナへ
17:45 清掃と日報の記入
18:00 定時退勤。土日祝休みなので、明日の予定も立てやすい！

▶ 作業は3ステップ
1. 検品：商品を手に取り、傷・汚れ・数量を確認。迷ったら「保留」箱に入れてリーダーに聞くだけ
2. 梱包：商品に合わせて袋・緩衝材・箱を選び、動かないように納めてテープで封をします
3. 仕分け：伝票シールを貼り、配送地域ごとのコンテナへ
衣類・雑貨・コスメ・文房具などの軽い商品が中心で、フォークリフトなどの機械操作はありません。

▶ 入社後1週間の流れ
1日目：久留米雇用開発センターでオリエンテーション。安全ルールや勤怠の付け方、勤務先の設備を案内します
2〜3日目：先輩スタッフがマンツーマンで隣につき、検品の見方と梱包の手順を実演しながら説明
4〜5日目：シール貼りやダンボールの組み立てから一人で担当。分からないことはその場で質問できます
1週間後：検品〜仕分けまでの流れをひと通り経験し、自分のペースで進められるように
「早ければ半日、遅くとも2〜3日で一人立ち」が現場の目安ですが、慣れるまで焦らず伴走します。

▶ 働く環境
作業場は1年中空調が効いていて、「夏は暑くて汗だく」「冬は手がかじかむ」といった心配がありません。
休憩室は広く、電子レンジや冷蔵庫、自動販売機が揃っています。
鍵付きロッカーがあるので、貴重品の管理も安心。
服装や髪色は自由で、自分らしいスタイルのまま通勤できます。

▶ 福岡県久留米市で働く
筑後地方の中核都市で、周辺に製造業の工場や物流拠点が集まっています。
JR久留米駅と西鉄久留米駅が利用でき、福岡市内から約30分です。
久留米雇用開発センターのスタッフが地域の勤務先を熟知しているため、「家から近い」「駅から通える」といった希望にも応えやすいのが強みです。

久留米雇用開発センターが、あなたのキャリアの第一歩を全力でサポートします。まずはお気軽にご応募ください！","【久留米市で働く5つの魅力】

✅ 資格・経験・学歴は不問
必要なのは「丁寧に確認する姿勢」だけ。仕事のやり方はすべて入社後にお伝えします。将来的に資格を取りたい方には資格取得支援制度と報奨金があり、キャリアの幅を広げられます。

✅ 残業は月平均6.5時間以内
定時で帰れる日がほとんど。仕事の後にジムや習い事に通ったり、家でゆっくりしたり、自分の時間をしっかり確保できます。

✅ 黙々・コツコツ派にぴったり
ノルマはなく、接客もありません。「一人で集中して作業したい」「人間関係のストレスを減らしたい」という方に向いている環境です。

✅ 休憩室でしっかりリフレッシュ
昼休憩60分に加えて午後の小休憩があり、集中力を保ちやすいリズムです。休憩室にはポットやフリーWi-Fiもあります。

✅ 正社員としての安定と成長
正社員雇用に加え、社会保険完備、退職金制度、資格取得支援と報奨金などの制度があります。検品・梱包からスタートし、リーダーや別工程へのステップアップも目指せます。

✅ 地元久留米市で腰を据えて働く
筑後地方の中核都市で、周辺に製造業の工場や物流拠点が集まっています。JR久留米駅と西鉄久留米駅が利用でき、福岡市内から約30分です。

まずはカジュアル面談で、職場の雰囲気や1日の流れをお伝えします。お気軽にご応募ください！","例外事由3号のイにより、長期キャリア形成を図るため、
35歳以下を募集しております。","【勤務時間】
★9:00~18:00
└実働8時間/休憩1時間

定時ダッシュも問題ないです✧
✧ 土日祝休み
✧ 残業月平均:6.5時間以内
✧ 残業代100%支給","✧ 完全週休2日制(土日祝休み)
✧ 年間休日125日
「土日休みはマスト!」ってあなたにも
ぴったりの職場です!

【その他休暇】
✧ 有給休暇
✧ 夏季・冬季休暇
✧ GW休暇
✧ 年末年始休暇",福岡県久留米市東町,久留米雇用開発センター,"月給:25万円~+交通費全額支給

※経験に応じて決定いたします。

# 昇給あり
# 賞与あり
# 残業代100%支給
# 交通費支給","・各種社会保険完備（健康保険・厚生年金・雇用保険・労災保険）
・時間外手当・深夜手当・職能手当・役職手当・資格手当・業務手当
・退職金制度
・借上げ社宅・社員寮制度（規定あり）
・会社指示による転居時の引越費用・家賃補助（規定あり）
・定期健康診断（年1回）
・特別休暇（慶弔休暇）・産前産後休暇・育児休暇・介護休暇
・資格取得支援制度・資格取得報奨金
・社内研修制度・認定職業訓練校
・作業着・靴・手袋など業務に必要な備品は会社支給
・提携保養所・提携企業割引
・産業医・カウンセラーによる相談窓口","【応募前の「気になる」にお答えします】

Q. 面接は堅苦しいですか？
A. いいえ。カジュアル面談を1回行うだけです。服装も自由、履歴書も任意です。

Q. 応募してからどのくらいで決まりますか？
A. 3ステップで進みます。
▶ STEP1 WEBから応募（1分）→ 1〜3日以内にご連絡
▶ STEP2 カジュアル面談（1回のみ）
▶ STEP3 採用

Q. すぐには入社できないのですが…
A. 入社日はご相談いただけます。今のお仕事の引き継ぎ期間なども考慮します。",,即日勤務OK、交通費支給、残業なし,2,任意,生年月日、性別、電話番号,ntf-indeedapplicant-aaaatulx77tci2k2pr5yeqapva@shukatsu-labo.slack.com,,,利用しない,,
募集中,株式会社エイジェック,未経験｜検品・梱包｜株式会社エイジェック｜小倉雇用開発センター,倉庫作業スタッフ,20～30代活躍中◎北九州市小倉北区｜コツコツ派が活躍する検品・梱包,,福岡県 北九州市 小倉北区,,,正社員,はい,月給,250000,,最低額を表示,なし,,,,,,,固定時間制,160,,厚生年金、健康保険、雇用保険、労災保険,,なし,,,,,,,,,,,,,,,,,,"福岡県北九州市小倉北区エリアで、検品・梱包スタッフ（正社員）を募集しています。
勤務先は小倉雇用開発センターが担当する北九州市小倉北区エリアの物流センター。衣類・コスメ・文房具などの軽い商品を、目で確認し、数を合わせ、袋や箱に納める作業が中心です。
「難しいことは苦手」という方でも、3日ほどで流れがつかめるシンプルな仕事です。

▶ 入社後はこんな1日になります
09:00 朝礼。体調チェックと当日の出荷量を共有
09:15 午前は検品を担当。外観を目視で確認し、気になる商品は別置きにしてリーダーへ
12:00 昼休憩（60分）
13:00 午後は梱包。袋詰め→箱詰め→テープ留めの3工程を繰り返します
15:00 小休憩（15分）。自動販売機でジュースを買ってリフレッシュ
15:15 当日出荷分の最終チェックと仕分けを全員で仕上げます
17:45 作業スペースの清掃
18:00 退勤。残業は月平均6.5時間以内に収まっています

▶ こんな商品を扱います
通販サイトで人気のアパレル商品、生活雑貨、コスメ、文房具が中心です。
✧ シャツやタオルを畳んで透明袋へ
✧ コスメ容器のひび割れを目視で確認
✧ 文房具のセット品を指定の個数で袋詰め
✧ 箱にラベルを貼って配送業者ごとの台車へ
作業台の高さは調整されていて、身体への負担を抑えて働けます。

▶ 教育・研修体制
入社初日は安全講習とオリエンテーションから。いきなり一人で現場に立つことはありません。
2日目以降は専任の先輩が隣について、検品・梱包の手順を実際にやって見せながら教えます。
最初の1週間は「見る→一緒にやる→一人でやる」の順で担当を広げ、1週間後にはひと通りの作業を経験できます。
小倉雇用開発センターの担当者も定期的に様子を見に来るので、職場に言いにくいことも相談できます。

▶ 設備のポイント
✧ 冷暖房完備の室内作業で、季節や天候に左右されません
✧ 休憩室に電子レンジ・冷蔵庫・ポットがあり、フリーWi-Fiも使えます
✧ 個人用の鍵付きロッカーを完備
✧ 髪色・ネイル・服装は自由。清潔感があれば普段のスタイルのままで大丈夫

▶ 小倉雇用開発センターならではの一言
JR小倉駅から徒歩圏で、新幹線・在来線・モノレールが利用できる北九州の中心です。
ものづくりの街として発展した北九州の中心エリアで、製造・物流の現場が身近な地域です。
小倉雇用開発センターは北九州市小倉北区エリアの勤務先を担当しているので、ご自宅からの通いやすさも含めて配属先を一緒に考えます。

「ちゃんと正社員として働きたい」その一歩を、小倉雇用開発センターで踏み出しませんか。ご応募をお待ちしています！","【小倉雇用開発センターからのアピールポイント】

✅ 資格・経験・学歴は不問
必要なのは「丁寧に確認する姿勢」だけ。仕事のやり方はすべて入社後にお伝えします。将来的に資格を取りたい方には資格取得支援制度と報奨金があり、キャリアの幅を広げられます。

✅ 土日祝休み・年間休日125日
完全週休2日制でカレンダー通りに休めます。夏季・冬季休暇、GW、年末年始のまとまった休みもあり、旅行や帰省の予定も立てやすい働き方です。

✅ 黙々・コツコツ派にぴったり
ノルマはなく、接客もありません。「一人で集中して作業したい」「人間関係のストレスを減らしたい」という方に向いている環境です。

✅ 休憩室でしっかりリフレッシュ
昼休憩60分に加えて午後の小休憩があり、集中力を保ちやすいリズムです。休憩室にはポットやフリーWi-Fiもあります。

✅ 雇用開発センターが入社後も伴走
小倉雇用開発センターの担当者が定期的に面談し、職場では言いにくい悩みも聞き取ります。「一人で放り出される」ことはありません。

✅ 地元北九州市小倉北区で腰を据えて働く
ものづくりの街として発展した北九州の中心エリアで、製造・物流の現場が身近な地域です。JR小倉駅から徒歩圏で、新幹線・在来線・モノレールが利用できる北九州の中心です。

「自分にもできそう」と思えたら、それがスタートの合図。小倉雇用開発センターでお待ちしています！","例外事由3号のイにより、長期キャリア形成を図るため、
35歳以下を募集しております。","【勤務時間】
★9:00~18:00
└実働8時間/休憩1時間

定時ダッシュも問題ないです✧
✧ 土日祝休み
✧ 残業月平均:6.5時間以内
✧ 残業代100%支給","✧ 完全週休2日制(土日祝休み)
✧ 年間休日125日
「土日休みはマスト!」ってあなたにも
ぴったりの職場です!

【その他休暇】
✧ 有給休暇
✧ 夏季・冬季休暇
✧ GW休暇
✧ 年末年始休暇",福岡県北九州市小倉北区駅前,小倉雇用開発センター,"月給:25万円~+交通費全額支給

※経験に応じて決定いたします。

# 昇給あり
# 賞与あり
# 残業代100%支給
# 交通費支給","・各種社会保険完備（健康保険・厚生年金・雇用保険・労災保険）
・時間外手当・深夜手当・職能手当・役職手当・資格手当・業務手当
・退職金制度
・借上げ社宅・社員寮制度（規定あり）
・会社指示による転居時の引越費用・家賃補助（規定あり）
・定期健康診断（年1回）
・特別休暇（慶弔休暇）・産前産後休暇・育児休暇・介護休暇
・資格取得支援制度・資格取得報奨金
・社内研修制度・認定職業訓練校
・作業着・靴・手袋など業務に必要な備品は会社支給
・提携保養所・提携企業割引
・産業医・カウンセラーによる相談窓口","まずは「話を聞いてみる」だけで大丈夫です。

当社ではカジュアル面談を実施しています。
志望動機や自己PRの準備は不要。
「どんな職場？」「本当に未経験でもできる？」といった疑問に、担当者が率直にお答えします。

■ 応募から入社までの3STEP ■
▶ STEP1 WEB応募（1分）
▶ STEP2 カジュアル面談（1回のみ・1〜3日以内にご連絡）
▶ STEP3 採用・入社日のご相談

入社日は柔軟に調整できます。
「来月から」「今の仕事を辞めてから」など、ご都合をお聞かせください。",,即日勤務OK、交通費支給、残業なし,2,任意,生年月日、性別、電話番号,ntf-indeedapplicant-aaaatulx77tci2k2pr5yeqapva@shukatsu-labo.slack.com,,,利用しない,,
募集中,株式会社エイジェック,未経験｜検品・梱包｜株式会社エイジェック｜福岡雇用開発センター,倉庫作業スタッフ,20～30代活躍中◎残業少なめ｜福岡市博多区で始める検品・梱包,,福岡県 福岡市 博多区 博多駅中央街,,,正社員,はい,月給,250000,,最低額を表示,なし,,,,,,,固定時間制,160,,厚生年金、健康保険、雇用保険、労災保険,,なし,,,,,,,,,,,,,,,,,,"コツコツ作業が好きな方にぴったりの、検品・梱包のお仕事です。
勤務先は福岡雇用開発センターが担当する福岡市博多区エリアの物流センター。1年中快適な温度に保たれた倉庫内で、自分の作業台を担当します。
福岡雇用開発センターでは配属後も定期的に面談を行い、困りごとがあればすぐにフォローします。

▶ 1日の流れ（9:00〜18:00・休憩1時間）
09:00 朝礼。今日の出荷予定と担当作業を確認します
09:15 検品スタート。商品の傷・汚れ・数量を納品書と照らし合わせてチェック
12:00 昼休憩（60分）。休憩室で昼食。電子レンジや冷蔵庫も使えます
13:00 梱包スタート。袋詰め、緩衝材で包む、箱に納めるの繰り返し
15:00 小休憩（15分）。飲み物を片手にひと息
15:15 ラベル貼りと出荷先ごとの仕分け
17:45 作業台の片づけと翌日の資材準備
18:00 退勤！残業は月平均6.5時間以内で、定時に帰れる日が大半です

▶ こんな商品を扱います
通販サイトで人気のアパレル商品、生活雑貨、コスメ、文房具が中心です。
✧ シャツやタオルを畳んで透明袋へ
✧ コスメ容器のひび割れを目視で確認
✧ 文房具のセット品を指定の個数で袋詰め
✧ 箱にラベルを貼って配送業者ごとの台車へ
作業台の高さは調整されていて、身体への負担を抑えて働けます。

▶ 未経験の方向け 1週間プログラム
✧ 1日目：会社説明、安全講習、作業場の見学
✧ 2日目：先輩の隣で検品の実演を見学し、午後から一緒に作業
✧ 3日目：梱包の袋詰め・箱詰めを先輩と一緒に担当
✧ 4日目：シール貼りと仕分けを一人で担当。先輩は同じ作業台で見守ります
✧ 5日目：検品から仕分けまでを通しで経験
覚えることは3ステップの繰り返し。資格や専門知識は必要ありません。

▶ 職場環境
✧ 空調完備：冷暖房が効いた清潔な室内で、夏も冬も快適
✧ 休憩室：電子レンジ・冷蔵庫・ポット・自動販売機あり。お弁当持参でもゆっくり過ごせます
✧ ロッカー：鍵付きの個人ロッカーで貴重品も安心
✧ 服装：髪色・ネイルは自由。動きやすい服装で通勤し、現場のルールに沿って作業します

▶ 福岡雇用開発センターならではの一言
JR博多駅から徒歩圏で、新幹線・在来線・地下鉄が利用できる九州最大のターミナルです。
九州の玄関口にあり、県内各方面からの通勤や面談に立ち寄りやすい場所です。
福岡雇用開発センターは福岡市博多区エリアの勤務先を担当しているので、ご自宅からの通いやすさも含めて配属先を一緒に考えます。

福岡雇用開発センターが、あなたのキャリアの第一歩を全力でサポートします。まずはお気軽にご応募ください！","【福岡市博多区で働く5つの魅力】

✅ マンツーマンで教えるから覚えやすい
専任の先輩が隣について、実演しながら手順を説明します。最初はシール貼りやダンボールの組み立てから始め、1週間でひと通りの流れを経験できるプログラムです。

✅ 9:00〜18:00の固定時間制
毎日同じリズムで働けるので、生活のペースが安定します。土日祝がお休みなので、友人や家族との予定も合わせやすい環境です。

✅ 重い荷物はほとんどなし
扱うのは衣類・コスメ・文房具・小型雑貨など軽い商品が中心。重量物の持ち上げや力仕事はほぼなく、身体への負担を抑えて長く続けられます。

✅ 休憩室でしっかりリフレッシュ
昼休憩60分に加えて午後の小休憩があり、集中力を保ちやすいリズムです。休憩室にはポットやフリーWi-Fiもあります。

✅ 全国に拠点があるから相談先が近い
福岡県内の勤務先を福岡雇用開発センターが担当しているため、通勤や配属の相談にすぐ対応できます。「家から近い職場がいい」といった希望も伝えてください。

✅ 福岡市博多区エリアで通いやすい
JR博多駅から徒歩圏で、新幹線・在来線・地下鉄が利用できる九州最大のターミナルです。九州の玄関口にあり、県内各方面からの通勤や面談に立ち寄りやすい場所です。

まずはカジュアル面談で、職場の雰囲気や1日の流れをお伝えします。お気軽にご応募ください！","例外事由3号のイにより、長期キャリア形成を図るため、
35歳以下を募集しております。","【勤務時間】
★9:00~18:00
└実働8時間/休憩1時間

定時ダッシュも問題ないです✧
✧ 土日祝休み
✧ 残業月平均:6.5時間以内
✧ 残業代100%支給","✧ 完全週休2日制(土日祝休み)
✧ 年間休日125日
「土日休みはマスト!」ってあなたにも
ぴったりの職場です!

【その他休暇】
✧ 有給休暇
✧ 夏季・冬季休暇
✧ GW休暇
✧ 年末年始休暇",福岡県福岡市博多区博多駅中央街,福岡雇用開発センター,"月給:25万円~+交通費全額支給

※経験に応じて決定いたします。

# 昇給あり
# 賞与あり
# 残業代100%支給
# 交通費支給","・各種社会保険完備（健康保険・厚生年金・雇用保険・労災保険）
・時間外手当・深夜手当・職能手当・役職手当・資格手当・業務手当
・退職金制度
・借上げ社宅・社員寮制度（規定あり）
・会社指示による転居時の引越費用・家賃補助（規定あり）
・定期健康診断（年1回）
・特別休暇（慶弔休暇）・産前産後休暇・育児休暇・介護休暇
・資格取得支援制度・資格取得報奨金
・社内研修制度・認定職業訓練校
・作業着・靴・手袋など業務に必要な備品は会社支給
・提携保養所・提携企業割引
・産業医・カウンセラーによる相談窓口","【最短スケジュールのイメージ】

▶ STEP1 今日：WEBから1分で応募
▶ STEP2 1〜3日後：担当者からご連絡 → カジュアル面談の日程調整
▶ STEP3 面談当日：カジュアル面談（1回のみ）→ 採用のご連絡

面談では、職場の雰囲気・1日の流れ・通勤のことなど、
気になることを何でも聞いてください。

✧ 入社日はご相談いただけます ✧
「すぐ働きたい」「少し先がいい」どちらのご希望にも対応します。",,即日勤務OK、交通費支給、残業なし,2,任意,生年月日、性別、電話番号,ntf-indeedapplicant-aaaatulx77tci2k2pr5yeqapva@shukatsu-labo.slack.com,,,利用しない,,
募集中,株式会社エイジェック,未経験｜検品・梱包｜株式会社エイジェック｜枚方雇用開発センター,倉庫作業スタッフ,20～30代活躍中◎枚方市｜先輩がマンツーマンで教える軽作業,,大阪府 枚方市 岡東町,,,正社員,はい,月給,250000,,最低額を表示,なし,,,,,,,固定時間制,160,,厚生年金、健康保険、雇用保険、労災保険,,なし,,,,,,,,,,,,,,,,,,"枚方雇用開発センターが担当する枚方市エリアの物流センターで、検品・梱包を担当する正社員スタッフを募集します！
扱うのは通販で人気のアパレル商品や雑貨、コスメなど。空調の効いたきれいな倉庫で、商品を確認して箱に詰めていくシンプルな作業です。
枚方雇用開発センターのスタッフが入社前から入社後まで伴走するので、初めての正社員でも安心してスタートできます。

▶ 入社後はこんな1日になります
09:00 朝礼。体調チェックと当日の出荷量を共有
09:15 午前は検品を担当。外観を目視で確認し、気になる商品は別置きにしてリーダーへ
12:00 昼休憩（60分）
13:00 午後は梱包。袋詰め→箱詰め→テープ留めの3工程を繰り返します
15:00 小休憩（15分）。自動販売機でジュースを買ってリフレッシュ
15:15 当日出荷分の最終チェックと仕分けを全員で仕上げます
17:45 作業スペースの清掃
18:00 退勤。残業は月平均6.5時間以内に収まっています

▶ お仕事の中身
✧ 検品：商品の外観チェック（傷・汚れ・へこみ）と数量・品番の照合
✧ スキャン：バーコードリーダーで「ピッ」と読み取ってデータと突き合わせ
✧ 梱包：袋詰め、緩衝材包装、ダンボールの組み立てと箱詰め、テープ留め
✧ 仕上げ：ラベル貼りと配送地域別の仕分け
扱うのはアパレル、コスメ、文房具、小型雑貨など。繰り返すうちに自然と手が覚える作業です。

▶ 入社後1週間の流れ
1日目：枚方雇用開発センターでオリエンテーション。安全ルールや勤怠の付け方、勤務先の設備を案内します
2〜3日目：先輩スタッフがマンツーマンで隣につき、検品の見方と梱包の手順を実演しながら説明
4〜5日目：シール貼りやダンボールの組み立てから一人で担当。分からないことはその場で質問できます
1週間後：検品〜仕分けまでの流れをひと通り経験し、自分のペースで進められるように
「早ければ半日、遅くとも2〜3日で一人立ち」が現場の目安ですが、慣れるまで焦らず伴走します。

▶ 設備のポイント
✧ 冷暖房完備の室内作業で、季節や天候に左右されません
✧ 休憩室に電子レンジ・冷蔵庫・ポットがあり、フリーWi-Fiも使えます
✧ 個人用の鍵付きロッカーを完備
✧ 髪色・ネイル・服装は自由。清潔感があれば普段のスタイルのままで大丈夫

▶ 大阪府枚方市で働く
大阪と京都の中間に位置し、周辺に物流センターや製造業の工場が点在する街です。
京阪本線の枚方市駅が最寄りで、大阪・京都のどちらからも通いやすい立地です。
枚方雇用開発センターのスタッフが地域の勤務先を熟知しているため、「家から近い」「駅から通える」といった希望にも応えやすいのが強みです。

枚方雇用開発センターが、あなたのキャリアの第一歩を全力でサポートします。まずはお気軽にご応募ください！","【枚方雇用開発センターからのアピールポイント】

✅ マンツーマンで教えるから覚えやすい
専任の先輩が隣について、実演しながら手順を説明します。最初はシール貼りやダンボールの組み立てから始め、1週間でひと通りの流れを経験できるプログラムです。

✅ 残業は月平均6.5時間以内
定時で帰れる日がほとんど。仕事の後にジムや習い事に通ったり、家でゆっくりしたり、自分の時間をしっかり確保できます。

✅ 重い荷物はほとんどなし
扱うのは衣類・コスメ・文房具・小型雑貨など軽い商品が中心。重量物の持ち上げや力仕事はほぼなく、身体への負担を抑えて長く続けられます。

✅ 休憩室でしっかりリフレッシュ
昼休憩60分に加えて午後の小休憩があり、集中力を保ちやすいリズムです。休憩室にはポットやフリーWi-Fiもあります。

✅ 正社員としての安定と成長
正社員雇用に加え、社会保険完備、退職金制度、資格取得支援と報奨金などの制度があります。検品・梱包からスタートし、リーダーや別工程へのステップアップも目指せます。

✅ 枚方市エリアで通いやすい
京阪本線の枚方市駅が最寄りで、大阪・京都のどちらからも通いやすい立地です。大阪と京都の中間に位置し、周辺に物流センターや製造業の工場が点在する街です。

「自分にもできそう」と思えたら、それがスタートの合図。枚方雇用開発センターでお待ちしています！","例外事由3号のイにより、長期キャリア形成を図るため、
35歳以下を募集しております。","【勤務時間】
★9:00~18:00
└実働8時間/休憩1時間

定時ダッシュも問題ないです✧
✧ 土日祝休み
✧ 残業月平均:6.5時間以内
✧ 残業代100%支給","✧ 完全週休2日制(土日祝休み)
✧ 年間休日125日
「土日休みはマスト!」ってあなたにも
ぴったりの職場です!

【その他休暇】
✧ 有給休暇
✧ 夏季・冬季休暇
✧ GW休暇
✧ 年末年始休暇",大阪府枚方市岡東町,枚方雇用開発センター,"月給:25万円~+交通費全額支給

※経験に応じて決定いたします。

# 昇給あり
# 賞与あり
# 残業代100%支給
# 交通費支給","・各種社会保険完備（健康保険・厚生年金・雇用保険・労災保険）
・時間外手当・深夜手当・職能手当・役職手当・資格手当・業務手当
・退職金制度
・借上げ社宅・社員寮制度（規定あり）
・会社指示による転居時の引越費用・家賃補助（規定あり）
・定期健康診断（年1回）
・特別休暇（慶弔休暇）・産前産後休暇・育児休暇・介護休暇
・資格取得支援制度・資格取得報奨金
・社内研修制度・認定職業訓練校
・作業着・靴・手袋など業務に必要な備品は会社支給
・提携保養所・提携企業割引
・産業医・カウンセラーによる相談窓口","■ 選考について ■
・カジュアル面談：1回のみ（服装自由・履歴書任意）
・応募から面談まで：WEB応募後、1〜3日以内にご連絡
・入社日：ご相談のうえ決定

■ 応募からの流れ ■
▶ STEP1 WEBから1分で応募
▶ STEP2 カジュアル面談（1回のみ）
▶ STEP3 採用

「まずは話だけ聞いてみたい」という方も、そのままご応募ください。
面談で無理に応募を勧めることはありません。",,即日勤務OK、交通費支給、残業なし,2,任意,生年月日、性別、電話番号,ntf-indeedapplicant-aaaatulx77tci2k2pr5yeqapva@shukatsu-labo.slack.com,,,利用しない,,
募集中,株式会社エイジェック,未経験｜検品・梱包｜株式会社エイジェック｜堺雇用開発センター,倉庫作業スタッフ,20～30代活躍中◎土日祝休み｜堺市堺区エリアで軽作業の正社員に,,大阪府 堺市 堺区 中瓦町,,,正社員,はい,月給,250000,,最低額を表示,なし,,,,,,,固定時間制,160,,厚生年金、健康保険、雇用保険、労災保険,,なし,,,,,,,,,,,,,,,,,,"「未経験から、ちゃんとした正社員として働きたい」その気持ちを堺雇用開発センターが応援します。
勤務先は堺雇用開発センターが担当する堺市堺区エリアの物流センター。届いた商品に不備がないかをチェックし、丁寧に梱包して出荷準備をするお仕事です。
冷暖房完備の室内で、重い荷物を運ぶことはほとんどありません。

▶ 1日の流れ（9:00〜18:00・休憩1時間）
09:00 朝礼。今日の出荷予定と担当作業を確認します
09:15 検品スタート。商品の傷・汚れ・数量を納品書と照らし合わせてチェック
12:00 昼休憩（60分）。休憩室で昼食。電子レンジや冷蔵庫も使えます
13:00 梱包スタート。袋詰め、緩衝材で包む、箱に納めるの繰り返し
15:00 小休憩（15分）。飲み物を片手にひと息
15:15 ラベル貼りと出荷先ごとの仕分け
17:45 作業台の片づけと翌日の資材準備
18:00 退勤！残業は月平均6.5時間以内で、定時に帰れる日が大半です

▶ お仕事の中身
✧ 検品：商品の外観チェック（傷・汚れ・へこみ）と数量・品番の照合
✧ スキャン：バーコードリーダーで「ピッ」と読み取ってデータと突き合わせ
✧ 梱包：袋詰め、緩衝材包装、ダンボールの組み立てと箱詰め、テープ留め
✧ 仕上げ：ラベル貼りと配送地域別の仕分け
扱うのはアパレル、コスメ、文房具、小型雑貨など。繰り返すうちに自然と手が覚える作業です。

▶ 教育・研修体制
入社初日は安全講習とオリエンテーションから。いきなり一人で現場に立つことはありません。
2日目以降は専任の先輩が隣について、検品・梱包の手順を実際にやって見せながら教えます。
最初の1週間は「見る→一緒にやる→一人でやる」の順で担当を広げ、1週間後にはひと通りの作業を経験できます。
堺雇用開発センターの担当者も定期的に様子を見に来るので、職場に言いにくいことも相談できます。

▶ 職場環境
✧ 空調完備：冷暖房が効いた清潔な室内で、夏も冬も快適
✧ 休憩室：電子レンジ・冷蔵庫・ポット・自動販売機あり。お弁当持参でもゆっくり過ごせます
✧ ロッカー：鍵付きの個人ロッカーで貴重品も安心
✧ 服装：髪色・ネイルは自由。動きやすい服装で通勤し、現場のルールに沿って作業します

▶ 大阪府堺市堺区で働く
堺の中心市街地で、臨海部には工場や物流施設が集まる産業エリアです。
南海本線の堺駅・南海高野線の堺東駅が利用でき、難波から約10分の好立地です。
堺雇用開発センターのスタッフが地域の勤務先を熟知しているため、「家から近い」「駅から通える」といった希望にも応えやすいのが強みです。

「ちゃんと正社員として働きたい」その一歩を、堺雇用開発センターで踏み出しませんか。ご応募をお待ちしています！","【堺市堺区で働く5つの魅力】

✅ 先輩の9割以上が未経験スタート
「商品を手に取る」「傷がないか見る」「箱に入れる」の3ステップが仕事の基本。専門用語も複雑な機械操作もなく、初日は安全講習とオリエンテーションから始まるので安心です。

✅ 土日祝休み・年間休日125日
完全週休2日制でカレンダー通りに休めます。夏季・冬季休暇、GW、年末年始のまとまった休みもあり、旅行や帰省の予定も立てやすい働き方です。

✅ 重い荷物はほとんどなし
扱うのは衣類・コスメ・文房具・小型雑貨など軽い商品が中心。重量物の持ち上げや力仕事はほぼなく、身体への負担を抑えて長く続けられます。

✅ 休憩室でしっかりリフレッシュ
昼休憩60分に加えて午後の小休憩があり、集中力を保ちやすいリズムです。休憩室にはポットやフリーWi-Fiもあります。

✅ 雇用開発センターが入社後も伴走
堺雇用開発センターの担当者が定期的に面談し、職場では言いにくい悩みも聞き取ります。「一人で放り出される」ことはありません。

✅ 堺市堺区エリアで通いやすい
南海本線の堺駅・南海高野線の堺東駅が利用でき、難波から約10分の好立地です。堺の中心市街地で、臨海部には工場や物流施設が集まる産業エリアです。

まずはカジュアル面談で、職場の雰囲気や1日の流れをお伝えします。お気軽にご応募ください！","例外事由3号のイにより、長期キャリア形成を図るため、
35歳以下を募集しております。","【勤務時間】
★9:00~18:00
└実働8時間/休憩1時間

定時ダッシュも問題ないです✧
✧ 土日祝休み
✧ 残業月平均:6.5時間以内
✧ 残業代100%支給","✧ 完全週休2日制(土日祝休み)
✧ 年間休日125日
「土日休みはマスト!」ってあなたにも
ぴったりの職場です!

【その他休暇】
✧ 有給休暇
✧ 夏季・冬季休暇
✧ GW休暇
✧ 年末年始休暇",大阪府堺市堺区中瓦町,堺雇用開発センター,"月給:25万円~+交通費全額支給

※経験に応じて決定いたします。

# 昇給あり
# 賞与あり
# 残業代100%支給
# 交通費支給","・各種社会保険完備（健康保険・厚生年金・雇用保険・労災保険）
・時間外手当・深夜手当・職能手当・役職手当・資格手当・業務手当
・退職金制度
・借上げ社宅・社員寮制度（規定あり）
・会社指示による転居時の引越費用・家賃補助（規定あり）
・定期健康診断（年1回）
・特別休暇（慶弔休暇）・産前産後休暇・育児休暇・介護休暇
・資格取得支援制度・資格取得報奨金
・社内研修制度・認定職業訓練校
・作業着・靴・手袋など業務に必要な備品は会社支給
・提携保養所・提携企業割引
・産業医・カウンセラーによる相談窓口","✧ カジュアル面談実施中です ✧

応募に必要なのは人柄だけ。
まずはあなたのご希望を聞かせてください。

■ 応募からの流れ ■
▶ STEP1 WEBから1分で簡単応募
1〜3日以内に担当者からご連絡します。
▶ STEP2 カジュアル面談（1回のみ）
職場の雰囲気や1日の流れをお伝えし、ご希望を伺います。
▶ STEP3 採用

※入社日はご相談いただけます◎
在職中の方も、お気軽にご相談ください。",,即日勤務OK、交通費支給、残業なし,2,任意,生年月日、性別、電話番号,ntf-indeedapplicant-aaaatulx77tci2k2pr5yeqapva@shukatsu-labo.slack.com,,,利用しない,,
募集中,株式会社エイジェック,未経験｜検品・梱包｜株式会社エイジェック｜難波雇用開発センター,倉庫作業スタッフ,20～30代活躍中◎大阪市中央区｜年間休日125日でプライベート充実,,大阪府 大阪市 中央区 難波,,,正社員,はい,月給,250000,,最低額を表示,なし,,,,,,,固定時間制,160,,厚生年金、健康保険、雇用保険、労災保険,,なし,,,,,,,,,,,,,,,,,,"大阪府大阪市中央区エリアで、検品・梱包スタッフ（正社員）を募集しています。
勤務先は難波雇用開発センターが担当する大阪市中央区エリアの物流センター。衣類・コスメ・文房具などの軽い商品を、目で確認し、数を合わせ、袋や箱に納める作業が中心です。
「難しいことは苦手」という方でも、3日ほどで流れがつかめるシンプルな仕事です。

▶ ある日のスケジュール
09:00 出勤・朝礼。リーダーから連絡事項と注意点の共有
09:10 ハンディ端末で商品のバーコードを読み取り、品番と個数を照合します
10:30 小休憩（10分）
12:00 昼休憩（60分）。お弁当派も外食派も、それぞれのスタイルで
13:00 午後は梱包。ダンボールを組み立て、商品が動かないように納めます
15:00 小休憩（15分）
15:15 出荷準備。伝票シールを貼って配送業者ごとにコンテナへ
17:45 清掃と日報の記入
18:00 定時退勤。土日祝休みなので、明日の予定も立てやすい！

▶ 扱う商品・作業の具体例
✧ 衣類・タオル：ほつれや汚れがないか確認し、透明袋に入れます
✧ コスメ・ガラス小物：割れないよう緩衝材で包んでから箱へ
✧ 文房具・生活雑貨：品番と個数を納品書と照合し、まとめて袋詰め
✧ 出荷箱：伝票シールと「割れ物注意」などの注意シールを所定の位置に貼ります
どれも片手〜両手で持てるサイズで、重量物の持ち上げはありません。

▶ 未経験の方向け 1週間プログラム
✧ 1日目：会社説明、安全講習、作業場の見学
✧ 2日目：先輩の隣で検品の実演を見学し、午後から一緒に作業
✧ 3日目：梱包の袋詰め・箱詰めを先輩と一緒に担当
✧ 4日目：シール貼りと仕分けを一人で担当。先輩は同じ作業台で見守ります
✧ 5日目：検品から仕分けまでを通しで経験
覚えることは3ステップの繰り返し。資格や専門知識は必要ありません。

▶ 働く環境
作業場は1年中空調が効いていて、「夏は暑くて汗だく」「冬は手がかじかむ」といった心配がありません。
休憩室は広く、電子レンジや冷蔵庫、自動販売機が揃っています。
鍵付きロッカーがあるので、貴重品の管理も安心。
服装や髪色は自由で、自分らしいスタイルのまま通勤できます。

▶ 難波雇用開発センターならではの一言
南海・近鉄・地下鉄各線が集まるなんば駅から徒歩圏で、府内各方面から通いやすい立地です。
大阪を代表する繁華街にあり、仕事帰りの予定も立てやすい場所です。
難波雇用開発センターは大阪市中央区エリアの勤務先を担当しているので、ご自宅からの通いやすさも含めて配属先を一緒に考えます。

難波雇用開発センターが、あなたのキャリアの第一歩を全力でサポートします。まずはお気軽にご応募ください！","【難波雇用開発センターからのアピールポイント】

✅ 先輩の9割以上が未経験スタート
「商品を手に取る」「傷がないか見る」「箱に入れる」の3ステップが仕事の基本。専門用語も複雑な機械操作もなく、初日は安全講習とオリエンテーションから始まるので安心です。

✅ 9:00〜18:00の固定時間制
毎日同じリズムで働けるので、生活のペースが安定します。土日祝がお休みなので、友人や家族との予定も合わせやすい環境です。

✅ 黙々・コツコツ派にぴったり
ノルマはなく、接客もありません。「一人で集中して作業したい」「人間関係のストレスを減らしたい」という方に向いている環境です。

✅ 髪色・ネイル・服装は自由
清潔感があれば普段のスタイルのままで大丈夫。動きやすい服装で通勤し、現場のルールに沿って作業します。

✅ 全国に拠点があるから相談先が近い
大阪府内の勤務先を難波雇用開発センターが担当しているため、通勤や配属の相談にすぐ対応できます。「家から近い職場がいい」といった希望も伝えてください。

✅ 地元大阪市中央区で腰を据えて働く
大阪を代表する繁華街にあり、仕事帰りの予定も立てやすい場所です。南海・近鉄・地下鉄各線が集まるなんば駅から徒歩圏で、府内各方面から通いやすい立地です。

まずはカジュアル面談で、職場の雰囲気や1日の流れをお伝えします。お気軽にご応募ください！","例外事由3号のイにより、長期キャリア形成を図るため、
35歳以下を募集しております。","【勤務時間】
★9:00~18:00
└実働8時間/休憩1時間

定時ダッシュも問題ないです✧
✧ 土日祝休み
✧ 残業月平均:6.5時間以内
✧ 残業代100%支給","✧ 完全週休2日制(土日祝休み)
✧ 年間休日125日
「土日休みはマスト!」ってあなたにも
ぴったりの職場です!

【その他休暇】
✧ 有給休暇
✧ 夏季・冬季休暇
✧ GW休暇
✧ 年末年始休暇",大阪府大阪市中央区難波,難波雇用開発センター,"月給:25万円~+交通費全額支給

※経験に応じて決定いたします。

# 昇給あり
# 賞与あり
# 残業代100%支給
# 交通費支給","・各種社会保険完備（健康保険・厚生年金・雇用保険・労災保険）
・時間外手当・深夜手当・職能手当・役職手当・資格手当・業務手当
・退職金制度
・借上げ社宅・社員寮制度（規定あり）
・会社指示による転居時の引越費用・家賃補助（規定あり）
・定期健康診断（年1回）
・特別休暇（慶弔休暇）・産前産後休暇・育児休暇・介護休暇
・資格取得支援制度・資格取得報奨金
・社内研修制度・認定職業訓練校
・作業着・靴・手袋など業務に必要な備品は会社支給
・提携保養所・提携企業割引
・産業医・カウンセラーによる相談窓口","【応募前の「気になる」にお答えします】

Q. 面接は堅苦しいですか？
A. いいえ。カジュアル面談を1回行うだけです。服装も自由、履歴書も任意です。

Q. 応募してからどのくらいで決まりますか？
A. 3ステップで進みます。
▶ STEP1 WEBから応募（1分）→ 1〜3日以内にご連絡
▶ STEP2 カジュアル面談（1回のみ）
▶ STEP3 採用

Q. すぐには入社できないのですが…
A. 入社日はご相談いただけます。今のお仕事の引き継ぎ期間なども考慮します。",,即日勤務OK、交通費支給、残業なし,2,任意,生年月日、性別、電話番号,ntf-indeedapplicant-aaaatulx77tci2k2pr5yeqapva@shukatsu-labo.slack.com,,,利用しない,,
募集中,株式会社エイジェック,未経験｜検品・梱包｜株式会社エイジェック｜大阪雇用開発センター,倉庫作業スタッフ,20～30代活躍中◎安定して働く｜大阪市北区エリアの検品・梱包スタッフ,,大阪府 大阪市 北区 角田町,,,正社員,はい,月給,250000,,最低額を表示,なし,,,,,,,固定時間制,160,,厚生年金、健康保険、雇用保険、労災保険,,なし,,,,,,,,,,,,,,,,,,"コツコツ作業が好きな方にぴったりの、検品・梱包のお仕事です。
勤務先は大阪雇用開発センターが担当する大阪市北区エリアの物流センター。1年中快適な温度に保たれた倉庫内で、自分の作業台を担当します。
大阪雇用開発センターでは配属後も定期的に面談を行い、困りごとがあればすぐにフォローします。

▶ 入社後はこんな1日になります
09:00 朝礼。体調チェックと当日の出荷量を共有
09:15 午前は検品を担当。外観を目視で確認し、気になる商品は別置きにしてリーダーへ
12:00 昼休憩（60分）
13:00 午後は梱包。袋詰め→箱詰め→テープ留めの3工程を繰り返します
15:00 小休憩（15分）。自動販売機でジュースを買ってリフレッシュ
15:15 当日出荷分の最終チェックと仕分けを全員で仕上げます
17:45 作業スペースの清掃
18:00 退勤。残業は月平均6.5時間以内に収まっています

▶ 作業は3ステップ
1. 検品：商品を手に取り、傷・汚れ・数量を確認。迷ったら「保留」箱に入れてリーダーに聞くだけ
2. 梱包：商品に合わせて袋・緩衝材・箱を選び、動かないように納めてテープで封をします
3. 仕分け：伝票シールを貼り、配送地域ごとのコンテナへ
衣類・雑貨・コスメ・文房具などの軽い商品が中心で、フォークリフトなどの機械操作はありません。

▶ 未経験の方向け 1週間プログラム
✧ 1日目：会社説明、安全講習、作業場の見学
✧ 2日目：先輩の隣で検品の実演を見学し、午後から一緒に作業
✧ 3日目：梱包の袋詰め・箱詰めを先輩と一緒に担当
✧ 4日目：シール貼りと仕分けを一人で担当。先輩は同じ作業台で見守ります
✧ 5日目：検品から仕分けまでを通しで経験
覚えることは3ステップの繰り返し。資格や専門知識は必要ありません。

▶ 設備のポイント
✧ 冷暖房完備の室内作業で、季節や天候に左右されません
✧ 休憩室に電子レンジ・冷蔵庫・ポットがあり、フリーWi-Fiも使えます
✧ 個人用の鍵付きロッカーを完備
✧ 髪色・ネイル・服装は自由。清潔感があれば普段のスタイルのままで大丈夫

▶ 大阪府大阪市北区で働く
関西最大のターミナルにあり、相談や面談にも立ち寄りやすい場所です。
JR大阪駅・阪急・阪神・地下鉄各線が集まる梅田エリアで、関西どこからでも通いやすい立地です。
大阪雇用開発センターのスタッフが地域の勤務先を熟知しているため、「家から近い」「駅から通える」といった希望にも応えやすいのが強みです。

大阪雇用開発センターが、あなたのキャリアの第一歩を全力でサポートします。まずはお気軽にご応募ください！","【大阪市北区で働く5つの魅力】

✅ 資格・経験・学歴は不問
必要なのは「丁寧に確認する姿勢」だけ。仕事のやり方はすべて入社後にお伝えします。将来的に資格を取りたい方には資格取得支援制度と報奨金があり、キャリアの幅を広げられます。

✅ 土日祝休み・年間休日125日
完全週休2日制でカレンダー通りに休めます。夏季・冬季休暇、GW、年末年始のまとまった休みもあり、旅行や帰省の予定も立てやすい働き方です。

✅ 黙々・コツコツ派にぴったり
ノルマはなく、接客もありません。「一人で集中して作業したい」「人間関係のストレスを減らしたい」という方に向いている環境です。

✅ 髪色・ネイル・服装は自由
清潔感があれば普段のスタイルのままで大丈夫。動きやすい服装で通勤し、現場のルールに沿って作業します。

✅ 正社員としての安定と成長
正社員雇用に加え、社会保険完備、退職金制度、資格取得支援と報奨金などの制度があります。検品・梱包からスタートし、リーダーや別工程へのステップアップも目指せます。

✅ 地元大阪市北区で腰を据えて働く
関西最大のターミナルにあり、相談や面談にも立ち寄りやすい場所です。JR大阪駅・阪急・阪神・地下鉄各線が集まる梅田エリアで、関西どこからでも通いやすい立地です。

「自分にもできそう」と思えたら、それがスタートの合図。大阪雇用開発センターでお待ちしています！","例外事由3号のイにより、長期キャリア形成を図るため、
35歳以下を募集しております。","【勤務時間】
★9:00~18:00
└実働8時間/休憩1時間

定時ダッシュも問題ないです✧
✧ 土日祝休み
✧ 残業月平均:6.5時間以内
✧ 残業代100%支給","✧ 完全週休2日制(土日祝休み)
✧ 年間休日125日
「土日休みはマスト!」ってあなたにも
ぴったりの職場です!

【その他休暇】
✧ 有給休暇
✧ 夏季・冬季休暇
✧ GW休暇
✧ 年末年始休暇",大阪府大阪市北区角田町,大阪雇用開発センター,"月給:25万円~+交通費全額支給

※経験に応じて決定いたします。

# 昇給あり
# 賞与あり
# 残業代100%支給
# 交通費支給","・各種社会保険完備（健康保険・厚生年金・雇用保険・労災保険）
・時間外手当・深夜手当・職能手当・役職手当・資格手当・業務手当
・退職金制度
・借上げ社宅・社員寮制度（規定あり）
・会社指示による転居時の引越費用・家賃補助（規定あり）
・定期健康診断（年1回）
・特別休暇（慶弔休暇）・産前産後休暇・育児休暇・介護休暇
・資格取得支援制度・資格取得報奨金
・社内研修制度・認定職業訓練校
・作業着・靴・手袋など業務に必要な備品は会社支給
・提携保養所・提携企業割引
・産業医・カウンセラーによる相談窓口","まずは「話を聞いてみる」だけで大丈夫です。

当社ではカジュアル面談を実施しています。
志望動機や自己PRの準備は不要。
「どんな職場？」「本当に未経験でもできる？」といった疑問に、担当者が率直にお答えします。

■ 応募から入社までの3STEP ■
▶ STEP1 WEB応募（1分）
▶ STEP2 カジュアル面談（1回のみ・1〜3日以内にご連絡）
▶ STEP3 採用・入社日のご相談

入社日は柔軟に調整できます。
「来月から」「今の仕事を辞めてから」など、ご都合をお聞かせください。",,即日勤務OK、交通費支給、残業なし,2,任意,生年月日、性別、電話番号,ntf-indeedapplicant-aaaatulx77tci2k2pr5yeqapva@shukatsu-labo.slack.com,,,利用しない,,
募集中,株式会社エイジェック,未経験｜検品・梱包｜株式会社エイジェック｜一宮雇用開発センター,倉庫作業スタッフ,20～30代活躍中◎一宮市｜空調完備の倉庫でシンプル作業,,愛知県 一宮市 栄,,,正社員,はい,月給,250000,,最低額を表示,なし,,,,,,,固定時間制,160,,厚生年金、健康保険、雇用保険、労災保険,,なし,,,,,,,,,,,,,,,,,,"一宮雇用開発センターが担当する一宮市エリアの物流センターで、検品・梱包を担当する正社員スタッフを募集します！
扱うのは通販で人気のアパレル商品や雑貨、コスメなど。空調の効いたきれいな倉庫で、商品を確認して箱に詰めていくシンプルな作業です。
一宮雇用開発センターのスタッフが入社前から入社後まで伴走するので、初めての正社員でも安心してスタートできます。

▶ ある日のスケジュール
09:00 出勤・朝礼。リーダーから連絡事項と注意点の共有
09:10 ハンディ端末で商品のバーコードを読み取り、品番と個数を照合します
10:30 小休憩（10分）
12:00 昼休憩（60分）。お弁当派も外食派も、それぞれのスタイルで
13:00 午後は梱包。ダンボールを組み立て、商品が動かないように納めます
15:00 小休憩（15分）
15:15 出荷準備。伝票シールを貼って配送業者ごとにコンテナへ
17:45 清掃と日報の記入
18:00 定時退勤。土日祝休みなので、明日の予定も立てやすい！

▶ 作業は3ステップ
1. 検品：商品を手に取り、傷・汚れ・数量を確認。迷ったら「保留」箱に入れてリーダーに聞くだけ
2. 梱包：商品に合わせて袋・緩衝材・箱を選び、動かないように納めてテープで封をします
3. 仕分け：伝票シールを貼り、配送地域ごとのコンテナへ
衣類・雑貨・コスメ・文房具などの軽い商品が中心で、フォークリフトなどの機械操作はありません。

▶ 入社後1週間の流れ
1日目：一宮雇用開発センターでオリエンテーション。安全ルールや勤怠の付け方、勤務先の設備を案内します
2〜3日目：先輩スタッフがマンツーマンで隣につき、検品の見方と梱包の手順を実演しながら説明
4〜5日目：シール貼りやダンボールの組み立てから一人で担当。分からないことはその場で質問できます
1週間後：検品〜仕分けまでの流れをひと通り経験し、自分のペースで進められるように
「早ければ半日、遅くとも2〜3日で一人立ち」が現場の目安ですが、慣れるまで焦らず伴走します。

▶ 働く環境
作業場は1年中空調が効いていて、「夏は暑くて汗だく」「冬は手がかじかむ」といった心配がありません。
休憩室は広く、電子レンジや冷蔵庫、自動販売機が揃っています。
鍵付きロッカーがあるので、貴重品の管理も安心。
服装や髪色は自由で、自分らしいスタイルのまま通勤できます。

▶ 愛知県一宮市で働く
繊維の街として発展した歴史があり、今も衣料品や生活雑貨を扱う拠点が多い地域です。
JR東海道線の尾張一宮駅と名鉄の名鉄一宮駅が最寄りで、名古屋駅から約10分の好立地です。
一宮雇用開発センターのスタッフが地域の勤務先を熟知しているため、「家から近い」「駅から通える」といった希望にも応えやすいのが強みです。

「ちゃんと正社員として働きたい」その一歩を、一宮雇用開発センターで踏み出しませんか。ご応募をお待ちしています！","【一宮雇用開発センターからのアピールポイント】

✅ 資格・経験・学歴は不問
必要なのは「丁寧に確認する姿勢」だけ。仕事のやり方はすべて入社後にお伝えします。将来的に資格を取りたい方には資格取得支援制度と報奨金があり、キャリアの幅を広げられます。

✅ 9:00〜18:00の固定時間制
毎日同じリズムで働けるので、生活のペースが安定します。土日祝がお休みなので、友人や家族との予定も合わせやすい環境です。

✅ 重い荷物はほとんどなし
扱うのは衣類・コスメ・文房具・小型雑貨など軽い商品が中心。重量物の持ち上げや力仕事はほぼなく、身体への負担を抑えて長く続けられます。

✅ 髪色・ネイル・服装は自由
清潔感があれば普段のスタイルのままで大丈夫。動きやすい服装で通勤し、現場のルールに沿って作業します。

✅ 雇用開発センターが入社後も伴走
一宮雇用開発センターの担当者が定期的に面談し、職場では言いにくい悩みも聞き取ります。「一人で放り出される」ことはありません。

✅ 地元一宮市で腰を据えて働く
繊維の街として発展した歴史があり、今も衣料品や生活雑貨を扱う拠点が多い地域です。JR東海道線の尾張一宮駅と名鉄の名鉄一宮駅が最寄りで、名古屋駅から約10分の好立地です。

まずはカジュアル面談で、職場の雰囲気や1日の流れをお伝えします。お気軽にご応募ください！","例外事由3号のイにより、長期キャリア形成を図るため、
35歳以下を募集しております。","【勤務時間】
★9:00~18:00
└実働8時間/休憩1時間

定時ダッシュも問題ないです✧
✧ 土日祝休み
✧ 残業月平均:6.5時間以内
✧ 残業代100%支給","✧ 完全週休2日制(土日祝休み)
✧ 年間休日125日
「土日休みはマスト!」ってあなたにも
ぴったりの職場です!

【その他休暇】
✧ 有給休暇
✧ 夏季・冬季休暇
✧ GW休暇
✧ 年末年始休暇",愛知県一宮市栄,一宮雇用開発センター,"月給:25万円~+交通費全額支給

※経験に応じて決定いたします。

# 昇給あり
# 賞与あり
# 残業代100%支給
# 交通費支給","・各種社会保険完備（健康保険・厚生年金・雇用保険・労災保険）
・時間外手当・深夜手当・職能手当・役職手当・資格手当・業務手当
・退職金制度
・借上げ社宅・社員寮制度（規定あり）
・会社指示による転居時の引越費用・家賃補助（規定あり）
・定期健康診断（年1回）
・特別休暇（慶弔休暇）・産前産後休暇・育児休暇・介護休暇
・資格取得支援制度・資格取得報奨金
・社内研修制度・認定職業訓練校
・作業着・靴・手袋など業務に必要な備品は会社支給
・提携保養所・提携企業割引
・産業医・カウンセラーによる相談窓口","【最短スケジュールのイメージ】

▶ STEP1 今日：WEBから1分で応募
▶ STEP2 1〜3日後：担当者からご連絡 → カジュアル面談の日程調整
▶ STEP3 面談当日：カジュアル面談（1回のみ）→ 採用のご連絡

面談では、職場の雰囲気・1日の流れ・通勤のことなど、
気になることを何でも聞いてください。

✧ 入社日はご相談いただけます ✧
「すぐ働きたい」「少し先がいい」どちらのご希望にも対応します。",,即日勤務OK、交通費支給、残業なし,2,任意,生年月日、性別、電話番号,ntf-indeedapplicant-aaaatulx77tci2k2pr5yeqapva@shukatsu-labo.slack.com,,,利用しない,,
募集中,株式会社エイジェック,未経験｜検品・梱包｜株式会社エイジェック｜刈谷雇用開発センター,倉庫作業スタッフ,20～30代活躍中◎定時退勤が基本｜刈谷市で検品・梱包の正社員,,愛知県 刈谷市 若松町,,,正社員,はい,月給,250000,,最低額を表示,なし,,,,,,,固定時間制,160,,厚生年金、健康保険、雇用保険、労災保険,,なし,,,,,,,,,,,,,,,,,,"「未経験から、ちゃんとした正社員として働きたい」その気持ちを刈谷雇用開発センターが応援します。
勤務先は刈谷雇用開発センターが担当する刈谷市エリアの物流センター。届いた商品に不備がないかをチェックし、丁寧に梱包して出荷準備をするお仕事です。
冷暖房完備の室内で、重い荷物を運ぶことはほとんどありません。

▶ 入社後はこんな1日になります
09:00 朝礼。体調チェックと当日の出荷量を共有
09:15 午前は検品を担当。外観を目視で確認し、気になる商品は別置きにしてリーダーへ
12:00 昼休憩（60分）
13:00 午後は梱包。袋詰め→箱詰め→テープ留めの3工程を繰り返します
15:00 小休憩（15分）。自動販売機でジュースを買ってリフレッシュ
15:15 当日出荷分の最終チェックと仕分けを全員で仕上げます
17:45 作業スペースの清掃
18:00 退勤。残業は月平均6.5時間以内に収まっています

▶ こんな商品を扱います
通販サイトで人気のアパレル商品、生活雑貨、コスメ、文房具が中心です。
✧ シャツやタオルを畳んで透明袋へ
✧ コスメ容器のひび割れを目視で確認
✧ 文房具のセット品を指定の個数で袋詰め
✧ 箱にラベルを貼って配送業者ごとの台車へ
作業台の高さは調整されていて、身体への負担を抑えて働けます。

▶ 教育・研修体制
入社初日は安全講習とオリエンテーションから。いきなり一人で現場に立つことはありません。
2日目以降は専任の先輩が隣について、検品・梱包の手順を実際にやって見せながら教えます。
最初の1週間は「見る→一緒にやる→一人でやる」の順で担当を広げ、1週間後にはひと通りの作業を経験できます。
刈谷雇用開発センターの担当者も定期的に様子を見に来るので、職場に言いにくいことも相談できます。

▶ 設備のポイント
✧ 冷暖房完備の室内作業で、季節や天候に左右されません
✧ 休憩室に電子レンジ・冷蔵庫・ポットがあり、フリーWi-Fiも使えます
✧ 個人用の鍵付きロッカーを完備
✧ 髪色・ネイル・服装は自由。清潔感があれば普段のスタイルのままで大丈夫

▶ 刈谷雇用開発センターならではの一言
JR東海道線の刈谷駅と名鉄三河線が利用でき、名古屋駅から快速で約20分です。
自動車部品メーカーが集まる西三河の中核都市で、製造・物流の現場が身近な街です。
刈谷雇用開発センターは刈谷市エリアの勤務先を担当しているので、ご自宅からの通いやすさも含めて配属先を一緒に考えます。

刈谷雇用開発センターが、あなたのキャリアの第一歩を全力でサポートします。まずはお気軽にご応募ください！","【刈谷市で働く5つの魅力】

✅ マンツーマンで教えるから覚えやすい
専任の先輩が隣について、実演しながら手順を説明します。最初はシール貼りやダンボールの組み立てから始め、1週間でひと通りの流れを経験できるプログラムです。

✅ 残業は月平均6.5時間以内
定時で帰れる日がほとんど。仕事の後にジムや習い事に通ったり、家でゆっくりしたり、自分の時間をしっかり確保できます。

✅ 重い荷物はほとんどなし
扱うのは衣類・コスメ・文房具・小型雑貨など軽い商品が中心。重量物の持ち上げや力仕事はほぼなく、身体への負担を抑えて長く続けられます。

✅ 髪色・ネイル・服装は自由
清潔感があれば普段のスタイルのままで大丈夫。動きやすい服装で通勤し、現場のルールに沿って作業します。

✅ 全国に拠点があるから相談先が近い
愛知県内の勤務先を刈谷雇用開発センターが担当しているため、通勤や配属の相談にすぐ対応できます。「家から近い職場がいい」といった希望も伝えてください。

✅ 刈谷市エリアで通いやすい
JR東海道線の刈谷駅と名鉄三河線が利用でき、名古屋駅から快速で約20分です。自動車部品メーカーが集まる西三河の中核都市で、製造・物流の現場が身近な街です。

「自分にもできそう」と思えたら、それがスタートの合図。刈谷雇用開発センターでお待ちしています！","例外事由3号のイにより、長期キャリア形成を図るため、
35歳以下を募集しております。","【勤務時間】
★9:00~18:00
└実働8時間/休憩1時間

定時ダッシュも問題ないです✧
✧ 土日祝休み
✧ 残業月平均:6.5時間以内
✧ 残業代100%支給","✧ 完全週休2日制(土日祝休み)
✧ 年間休日125日
「土日休みはマスト!」ってあなたにも
ぴったりの職場です!

【その他休暇】
✧ 有給休暇
✧ 夏季・冬季休暇
✧ GW休暇
✧ 年末年始休暇",愛知県刈谷市若松町,刈谷雇用開発センター,"月給:25万円~+交通費全額支給

※経験に応じて決定いたします。

# 昇給あり
# 賞与あり
# 残業代100%支給
# 交通費支給","・各種社会保険完備（健康保険・厚生年金・雇用保険・労災保険）
・時間外手当・深夜手当・職能手当・役職手当・資格手当・業務手当
・退職金制度
・借上げ社宅・社員寮制度（規定あり）
・会社指示による転居時の引越費用・家賃補助（規定あり）
・定期健康診断（年1回）
・特別休暇（慶弔休暇）・産前産後休暇・育児休暇・介護休暇
・資格取得支援制度・資格取得報奨金
・社内研修制度・認定職業訓練校
・作業着・靴・手袋など業務に必要な備品は会社支給
・提携保養所・提携企業割引
・産業医・カウンセラーによる相談窓口","■ 選考について ■
・カジュアル面談：1回のみ（服装自由・履歴書任意）
・応募から面談まで：WEB応募後、1〜3日以内にご連絡
・入社日：ご相談のうえ決定

■ 応募からの流れ ■
▶ STEP1 WEBから1分で応募
▶ STEP2 カジュアル面談（1回のみ）
▶ STEP3 採用

「まずは話だけ聞いてみたい」という方も、そのままご応募ください。
面談で無理に応募を勧めることはありません。",,即日勤務OK、交通費支給、残業なし,2,任意,生年月日、性別、電話番号,ntf-indeedapplicant-aaaatulx77tci2k2pr5yeqapva@shukatsu-labo.slack.com,,,利用しない,,
募集中,株式会社エイジェック,未経験｜検品・梱包｜株式会社エイジェック｜岡崎雇用開発センター,倉庫作業スタッフ,20～30代活躍中◎岡崎市｜雇用開発センターが入社後もサポート,,愛知県 岡崎市 唐沢町,,,正社員,はい,月給,250000,,最低額を表示,なし,,,,,,,固定時間制,160,,厚生年金、健康保険、雇用保険、労災保険,,なし,,,,,,,,,,,,,,,,,,"愛知県岡崎市エリアで、検品・梱包スタッフ（正社員）を募集しています。
勤務先は岡崎雇用開発センターが担当する岡崎市エリアの物流センター。衣類・コスメ・文房具などの軽い商品を、目で確認し、数を合わせ、袋や箱に納める作業が中心です。
「難しいことは苦手」という方でも、3日ほどで流れがつかめるシンプルな仕事です。

▶ 1日の流れ（9:00〜18:00・休憩1時間）
09:00 朝礼。今日の出荷予定と担当作業を確認します
09:15 検品スタート。商品の傷・汚れ・数量を納品書と照らし合わせてチェック
12:00 昼休憩（60分）。休憩室で昼食。電子レンジや冷蔵庫も使えます
13:00 梱包スタート。袋詰め、緩衝材で包む、箱に納めるの繰り返し
15:00 小休憩（15分）。飲み物を片手にひと息
15:15 ラベル貼りと出荷先ごとの仕分け
17:45 作業台の片づけと翌日の資材準備
18:00 退勤！残業は月平均6.5時間以内で、定時に帰れる日が大半です

▶ こんな商品を扱います
通販サイトで人気のアパレル商品、生活雑貨、コスメ、文房具が中心です。
✧ シャツやタオルを畳んで透明袋へ
✧ コスメ容器のひび割れを目視で確認
✧ 文房具のセット品を指定の個数で袋詰め
✧ 箱にラベルを貼って配送業者ごとの台車へ
作業台の高さは調整されていて、身体への負担を抑えて働けます。

▶ 未経験の方向け 1週間プログラム
✧ 1日目：会社説明、安全講習、作業場の見学
✧ 2日目：先輩の隣で検品の実演を見学し、午後から一緒に作業
✧ 3日目：梱包の袋詰め・箱詰めを先輩と一緒に担当
✧ 4日目：シール貼りと仕分けを一人で担当。先輩は同じ作業台で見守ります
✧ 5日目：検品から仕分けまでを通しで経験
覚えることは3ステップの繰り返し。資格や専門知識は必要ありません。

▶ 職場環境
✧ 空調完備：冷暖房が効いた清潔な室内で、夏も冬も快適
✧ 休憩室：電子レンジ・冷蔵庫・ポット・自動販売機あり。お弁当持参でもゆっくり過ごせます
✧ ロッカー：鍵付きの個人ロッカーで貴重品も安心
✧ 服装：髪色・ネイルは自由。動きやすい服装で通勤し、現場のルールに沿って作業します

▶ 岡崎雇用開発センターならではの一言
名鉄名古屋本線の東岡崎駅・JR東海道線の岡崎駅が利用でき、東名の岡崎ICも近い立地です。
西三河の中心都市で、自動車関連の製造業や物流拠点が数多く集まっています。
岡崎雇用開発センターは岡崎市エリアの勤務先を担当しているので、ご自宅からの通いやすさも含めて配属先を一緒に考えます。

「ちゃんと正社員として働きたい」その一歩を、岡崎雇用開発センターで踏み出しませんか。ご応募をお待ちしています！","【岡崎雇用開発センターからのアピールポイント】

✅ マンツーマンで教えるから覚えやすい
専任の先輩が隣について、実演しながら手順を説明します。最初はシール貼りやダンボールの組み立てから始め、1週間でひと通りの流れを経験できるプログラムです。

✅ 土日祝休み・年間休日125日
完全週休2日制でカレンダー通りに休めます。夏季・冬季休暇、GW、年末年始のまとまった休みもあり、旅行や帰省の予定も立てやすい働き方です。

✅ 重い荷物はほとんどなし
扱うのは衣類・コスメ・文房具・小型雑貨など軽い商品が中心。重量物の持ち上げや力仕事はほぼなく、身体への負担を抑えて長く続けられます。

✅ 髪色・ネイル・服装は自由
清潔感があれば普段のスタイルのままで大丈夫。動きやすい服装で通勤し、現場のルールに沿って作業します。

✅ 正社員としての安定と成長
正社員雇用に加え、社会保険完備、退職金制度、資格取得支援と報奨金などの制度があります。検品・梱包からスタートし、リーダーや別工程へのステップアップも目指せます。

✅ 岡崎市エリアで通いやすい
名鉄名古屋本線の東岡崎駅・JR東海道線の岡崎駅が利用でき、東名の岡崎ICも近い立地です。西三河の中心都市で、自動車関連の製造業や物流拠点が数多く集まっています。

まずはカジュアル面談で、職場の雰囲気や1日の流れをお伝えします。お気軽にご応募ください！","例外事由3号のイにより、長期キャリア形成を図るため、
35歳以下を募集しております。","【勤務時間】
★9:00~18:00
└実働8時間/休憩1時間

定時ダッシュも問題ないです✧
✧ 土日祝休み
✧ 残業月平均:6.5時間以内
✧ 残業代100%支給","✧ 完全週休2日制(土日祝休み)
✧ 年間休日125日
「土日休みはマスト!」ってあなたにも
ぴったりの職場です!

【その他休暇】
✧ 有給休暇
✧ 夏季・冬季休暇
✧ GW休暇
✧ 年末年始休暇",愛知県岡崎市唐沢町,岡崎雇用開発センター,"月給:25万円~+交通費全額支給

※経験に応じて決定いたします。

# 昇給あり
# 賞与あり
# 残業代100%支給
# 交通費支給","・各種社会保険完備（健康保険・厚生年金・雇用保険・労災保険）
・時間外手当・深夜手当・職能手当・役職手当・資格手当・業務手当
・退職金制度
・借上げ社宅・社員寮制度（規定あり）
・会社指示による転居時の引越費用・家賃補助（規定あり）
・定期健康診断（年1回）
・特別休暇（慶弔休暇）・産前産後休暇・育児休暇・介護休暇
・資格取得支援制度・資格取得報奨金
・社内研修制度・認定職業訓練校
・作業着・靴・手袋など業務に必要な備品は会社支給
・提携保養所・提携企業割引
・産業医・カウンセラーによる相談窓口","✧ カジュアル面談実施中です ✧

応募に必要なのは人柄だけ。
まずはあなたのご希望を聞かせてください。

■ 応募からの流れ ■
▶ STEP1 WEBから1分で簡単応募
1〜3日以内に担当者からご連絡します。
▶ STEP2 カジュアル面談（1回のみ）
職場の雰囲気や1日の流れをお伝えし、ご希望を伺います。
▶ STEP3 採用

※入社日はご相談いただけます◎
在職中の方も、お気軽にご相談ください。",,即日勤務OK、交通費支給、残業なし,2,任意,生年月日、性別、電話番号,ntf-indeedapplicant-aaaatulx77tci2k2pr5yeqapva@shukatsu-labo.slack.com,,,利用しない,,
募集中,株式会社エイジェック,未経験｜検品・梱包｜株式会社エイジェック｜豊田雇用開発センター,倉庫作業スタッフ,20～30代活躍中◎重い物なし｜豊田市の物流センターで検品・梱包,,愛知県 豊田市 若宮町,,,正社員,はい,月給,250000,,最低額を表示,なし,,,,,,,固定時間制,160,,厚生年金、健康保険、雇用保険、労災保険,,なし,,,,,,,,,,,,,,,,,,"コツコツ作業が好きな方にぴったりの、検品・梱包のお仕事です。
勤務先は豊田雇用開発センターが担当する豊田市エリアの物流センター。1年中快適な温度に保たれた倉庫内で、自分の作業台を担当します。
豊田雇用開発センターでは配属後も定期的に面談を行い、困りごとがあればすぐにフォローします。

▶ ある日のスケジュール
09:00 出勤・朝礼。リーダーから連絡事項と注意点の共有
09:10 ハンディ端末で商品のバーコードを読み取り、品番と個数を照合します
10:30 小休憩（10分）
12:00 昼休憩（60分）。お弁当派も外食派も、それぞれのスタイルで
13:00 午後は梱包。ダンボールを組み立て、商品が動かないように納めます
15:00 小休憩（15分）
15:15 出荷準備。伝票シールを貼って配送業者ごとにコンテナへ
17:45 清掃と日報の記入
18:00 定時退勤。土日祝休みなので、明日の予定も立てやすい！

▶ お仕事の中身
✧ 検品：商品の外観チェック（傷・汚れ・へこみ）と数量・品番の照合
✧ スキャン：バーコードリーダーで「ピッ」と読み取ってデータと突き合わせ
✧ 梱包：袋詰め、緩衝材包装、ダンボールの組み立てと箱詰め、テープ留め
✧ 仕上げ：ラベル貼りと配送地域別の仕分け
扱うのはアパレル、コスメ、文房具、小型雑貨など。繰り返すうちに自然と手が覚える作業です。

▶ 入社後1週間の流れ
1日目：豊田雇用開発センターでオリエンテーション。安全ルールや勤怠の付け方、勤務先の設備を案内します
2〜3日目：先輩スタッフがマンツーマンで隣につき、検品の見方と梱包の手順を実演しながら説明
4〜5日目：シール貼りやダンボールの組み立てから一人で担当。分からないことはその場で質問できます
1週間後：検品〜仕分けまでの流れをひと通り経験し、自分のペースで進められるように
「早ければ半日、遅くとも2〜3日で一人立ち」が現場の目安ですが、慣れるまで焦らず伴走します。

▶ 設備のポイント
✧ 冷暖房完備の室内作業で、季節や天候に左右されません
✧ 休憩室に電子レンジ・冷蔵庫・ポットがあり、フリーWi-Fiも使えます
✧ 個人用の鍵付きロッカーを完備
✧ 髪色・ネイル・服装は自由。清潔感があれば普段のスタイルのままで大丈夫

▶ 愛知県豊田市で働く
自動車産業の中心地で、関連部品や資材を扱う物流の現場が数多くある街です。
名鉄三河線・豊田線の豊田市駅と愛知環状鉄道の新豊田駅が最寄りで、東名の豊田ICも近い立地です。
豊田雇用開発センターのスタッフが地域の勤務先を熟知しているため、「家から近い」「駅から通える」といった希望にも応えやすいのが強みです。

「ちゃんと正社員として働きたい」その一歩を、豊田雇用開発センターで踏み出しませんか。ご応募をお待ちしています！","【豊田市で働く5つの魅力】

✅ 先輩の9割以上が未経験スタート
「商品を手に取る」「傷がないか見る」「箱に入れる」の3ステップが仕事の基本。専門用語も複雑な機械操作もなく、初日は安全講習とオリエンテーションから始まるので安心です。

✅ 9:00〜18:00の固定時間制
毎日同じリズムで働けるので、生活のペースが安定します。土日祝がお休みなので、友人や家族との予定も合わせやすい環境です。

✅ 黙々・コツコツ派にぴったり
ノルマはなく、接客もありません。「一人で集中して作業したい」「人間関係のストレスを減らしたい」という方に向いている環境です。

✅ 空調完備の清潔な倉庫
冷暖房がしっかり効いた室内で、季節を問わず快適。休憩室には電子レンジ・冷蔵庫・自動販売機があり、鍵付きロッカーも完備しています。

✅ 雇用開発センターが入社後も伴走
豊田雇用開発センターの担当者が定期的に面談し、職場では言いにくい悩みも聞き取ります。「一人で放り出される」ことはありません。

✅ 豊田市エリアで通いやすい
名鉄三河線・豊田線の豊田市駅と愛知環状鉄道の新豊田駅が最寄りで、東名の豊田ICも近い立地です。自動車産業の中心地で、関連部品や資材を扱う物流の現場が数多くある街です。

「自分にもできそう」と思えたら、それがスタートの合図。豊田雇用開発センターでお待ちしています！","例外事由3号のイにより、長期キャリア形成を図るため、
35歳以下を募集しております。","【勤務時間】
★9:00~18:00
└実働8時間/休憩1時間

定時ダッシュも問題ないです✧
✧ 土日祝休み
✧ 残業月平均:6.5時間以内
✧ 残業代100%支給","✧ 完全週休2日制(土日祝休み)
✧ 年間休日125日
「土日休みはマスト!」ってあなたにも
ぴったりの職場です!

【その他休暇】
✧ 有給休暇
✧ 夏季・冬季休暇
✧ GW休暇
✧ 年末年始休暇",愛知県豊田市若宮町,豊田雇用開発センター,"月給:25万円~+交通費全額支給

※経験に応じて決定いたします。

# 昇給あり
# 賞与あり
# 残業代100%支給
# 交通費支給","・各種社会保険完備（健康保険・厚生年金・雇用保険・労災保険）
・時間外手当・深夜手当・職能手当・役職手当・資格手当・業務手当
・退職金制度
・借上げ社宅・社員寮制度（規定あり）
・会社指示による転居時の引越費用・家賃補助（規定あり）
・定期健康診断（年1回）
・特別休暇（慶弔休暇）・産前産後休暇・育児休暇・介護休暇
・資格取得支援制度・資格取得報奨金
・社内研修制度・認定職業訓練校
・作業着・靴・手袋など業務に必要な備品は会社支給
・提携保養所・提携企業割引
・産業医・カウンセラーによる相談窓口","【応募前の「気になる」にお答えします】

Q. 面接は堅苦しいですか？
A. いいえ。カジュアル面談を1回行うだけです。服装も自由、履歴書も任意です。

Q. 応募してからどのくらいで決まりますか？
A. 3ステップで進みます。
▶ STEP1 WEBから応募（1分）→ 1〜3日以内にご連絡
▶ STEP2 カジュアル面談（1回のみ）
▶ STEP3 採用

Q. すぐには入社できないのですが…
A. 入社日はご相談いただけます。今のお仕事の引き継ぎ期間なども考慮します。",,即日勤務OK、交通費支給、残業なし,2,任意,生年月日、性別、電話番号,ntf-indeedapplicant-aaaatulx77tci2k2pr5yeqapva@shukatsu-labo.slack.com,,,利用しない,,
募集中,株式会社エイジェック,未経験｜検品・梱包｜株式会社エイジェック｜名古屋雇用開発センター,倉庫作業スタッフ,20～30代活躍中◎名古屋市中村区｜正社員として検品・梱包デビュー,,愛知県 名古屋市 中村区 名駅,,,正社員,はい,月給,250000,,最低額を表示,なし,,,,,,,固定時間制,160,,厚生年金、健康保険、雇用保険、労災保険,,なし,,,,,,,,,,,,,,,,,,"名古屋雇用開発センターが担当する名古屋市中村区エリアの物流センターで、検品・梱包を担当する正社員スタッフを募集します！
扱うのは通販で人気のアパレル商品や雑貨、コスメなど。空調の効いたきれいな倉庫で、商品を確認して箱に詰めていくシンプルな作業です。
名古屋雇用開発センターのスタッフが入社前から入社後まで伴走するので、初めての正社員でも安心してスタートできます。

▶ 1日の流れ（9:00〜18:00・休憩1時間）
09:00 朝礼。今日の出荷予定と担当作業を確認します
09:15 検品スタート。商品の傷・汚れ・数量を納品書と照らし合わせてチェック
12:00 昼休憩（60分）。休憩室で昼食。電子レンジや冷蔵庫も使えます
13:00 梱包スタート。袋詰め、緩衝材で包む、箱に納めるの繰り返し
15:00 小休憩（15分）。飲み物を片手にひと息
15:15 ラベル貼りと出荷先ごとの仕分け
17:45 作業台の片づけと翌日の資材準備
18:00 退勤！残業は月平均6.5時間以内で、定時に帰れる日が大半です

▶ お仕事の中身
✧ 検品：商品の外観チェック（傷・汚れ・へこみ）と数量・品番の照合
✧ スキャン：バーコードリーダーで「ピッ」と読み取ってデータと突き合わせ
✧ 梱包：袋詰め、緩衝材包装、ダンボールの組み立てと箱詰め、テープ留め
✧ 仕上げ：ラベル貼りと配送地域別の仕分け
扱うのはアパレル、コスメ、文房具、小型雑貨など。繰り返すうちに自然と手が覚える作業です。

▶ 教育・研修体制
入社初日は安全講習とオリエンテーションから。いきなり一人で現場に立つことはありません。
2日目以降は専任の先輩が隣について、検品・梱包の手順を実際にやって見せながら教えます。
最初の1週間は「見る→一緒にやる→一人でやる」の順で担当を広げ、1週間後にはひと通りの作業を経験できます。
名古屋雇用開発センターの担当者も定期的に様子を見に来るので、職場に言いにくいことも相談できます。

▶ 職場環境
✧ 空調完備：冷暖房が効いた清潔な室内で、夏も冬も快適
✧ 休憩室：電子レンジ・冷蔵庫・ポット・自動販売機あり。お弁当持参でもゆっくり過ごせます
✧ ロッカー：鍵付きの個人ロッカーで貴重品も安心
✧ 服装：髪色・ネイルは自由。動きやすい服装で通勤し、現場のルールに沿って作業します

▶ 愛知県名古屋市中村区で働く
中部エリア最大のターミナルにあり、相談や面談にも立ち寄りやすい場所です。
JR・名鉄・近鉄・地下鉄が集まる名古屋駅から徒歩圏で、県内外どこからでも通いやすい立地です。
名古屋雇用開発センターのスタッフが地域の勤務先を熟知しているため、「家から近い」「駅から通える」といった希望にも応えやすいのが強みです。

名古屋雇用開発センターが、あなたのキャリアの第一歩を全力でサポートします。まずはお気軽にご応募ください！","【名古屋雇用開発センターからのアピールポイント】

✅ 先輩の9割以上が未経験スタート
「商品を手に取る」「傷がないか見る」「箱に入れる」の3ステップが仕事の基本。専門用語も複雑な機械操作もなく、初日は安全講習とオリエンテーションから始まるので安心です。

✅ 残業は月平均6.5時間以内
定時で帰れる日がほとんど。仕事の後にジムや習い事に通ったり、家でゆっくりしたり、自分の時間をしっかり確保できます。

✅ 黙々・コツコツ派にぴったり
ノルマはなく、接客もありません。「一人で集中して作業したい」「人間関係のストレスを減らしたい」という方に向いている環境です。

✅ 空調完備の清潔な倉庫
冷暖房がしっかり効いた室内で、季節を問わず快適。休憩室には電子レンジ・冷蔵庫・自動販売機があり、鍵付きロッカーも完備しています。

✅ 全国に拠点があるから相談先が近い
愛知県内の勤務先を名古屋雇用開発センターが担当しているため、通勤や配属の相談にすぐ対応できます。「家から近い職場がいい」といった希望も伝えてください。

✅ 地元名古屋市中村区で腰を据えて働く
中部エリア最大のターミナルにあり、相談や面談にも立ち寄りやすい場所です。JR・名鉄・近鉄・地下鉄が集まる名古屋駅から徒歩圏で、県内外どこからでも通いやすい立地です。

「自分にもできそう」と思えたら、それがスタートの合図。名古屋雇用開発センターでお待ちしています！","例外事由3号のイにより、長期キャリア形成を図るため、
35歳以下を募集しております。","【勤務時間】
★9:00~18:00
└実働8時間/休憩1時間

定時ダッシュも問題ないです✧
✧ 土日祝休み
✧ 残業月平均:6.5時間以内
✧ 残業代100%支給","✧ 完全週休2日制(土日祝休み)
✧ 年間休日125日
「土日休みはマスト!」ってあなたにも
ぴったりの職場です!

【その他休暇】
✧ 有給休暇
✧ 夏季・冬季休暇
✧ GW休暇
✧ 年末年始休暇",愛知県名古屋市中村区名駅,名古屋雇用開発センター,"月給:25万円~+交通費全額支給

※経験に応じて決定いたします。

# 昇給あり
# 賞与あり
# 残業代100%支給
# 交通費支給","・各種社会保険完備（健康保険・厚生年金・雇用保険・労災保険）
・時間外手当・深夜手当・職能手当・役職手当・資格手当・業務手当
・退職金制度
・借上げ社宅・社員寮制度（規定あり）
・会社指示による転居時の引越費用・家賃補助（規定あり）
・定期健康診断（年1回）
・特別休暇（慶弔休暇）・産前産後休暇・育児休暇・介護休暇
・資格取得支援制度・資格取得報奨金
・社内研修制度・認定職業訓練校
・作業着・靴・手袋など業務に必要な備品は会社支給
・提携保養所・提携企業割引
・産業医・カウンセラーによる相談窓口","まずは「話を聞いてみる」だけで大丈夫です。

当社ではカジュアル面談を実施しています。
志望動機や自己PRの準備は不要。
「どんな職場？」「本当に未経験でもできる？」といった疑問に、担当者が率直にお答えします。

■ 応募から入社までの3STEP ■
▶ STEP1 WEB応募（1分）
▶ STEP2 カジュアル面談（1回のみ・1〜3日以内にご連絡）
▶ STEP3 採用・入社日のご相談

入社日は柔軟に調整できます。
「来月から」「今の仕事を辞めてから」など、ご都合をお聞かせください。",,即日勤務OK、交通費支給、残業なし,2,任意,生年月日、性別、電話番号,ntf-indeedapplicant-aaaatulx77tci2k2pr5yeqapva@shukatsu-labo.slack.com,,,利用しない,,
募集中,株式会社エイジェック,未経験｜検品・梱包｜株式会社エイジェック｜川越雇用開発センター,倉庫作業スタッフ,20～30代活躍中◎未経験からキャリアの第一歩｜川越市の検品・梱包,,埼玉県 川越市 脇田本町,,,正社員,はい,月給,250000,,最低額を表示,なし,,,,,,,固定時間制,160,,厚生年金、健康保険、雇用保険、労災保険,,なし,,,,,,,,,,,,,,,,,,"「未経験から、ちゃんとした正社員として働きたい」その気持ちを川越雇用開発センターが応援します。
勤務先は川越雇用開発センターが担当する川越市エリアの物流センター。届いた商品に不備がないかをチェックし、丁寧に梱包して出荷準備をするお仕事です。
冷暖房完備の室内で、重い荷物を運ぶことはほとんどありません。

▶ ある日のスケジュール
09:00 出勤・朝礼。リーダーから連絡事項と注意点の共有
09:10 ハンディ端末で商品のバーコードを読み取り、品番と個数を照合します
10:30 小休憩（10分）
12:00 昼休憩（60分）。お弁当派も外食派も、それぞれのスタイルで
13:00 午後は梱包。ダンボールを組み立て、商品が動かないように納めます
15:00 小休憩（15分）
15:15 出荷準備。伝票シールを貼って配送業者ごとにコンテナへ
17:45 清掃と日報の記入
18:00 定時退勤。土日祝休みなので、明日の予定も立てやすい！

▶ 扱う商品・作業の具体例
✧ 衣類・タオル：ほつれや汚れがないか確認し、透明袋に入れます
✧ コスメ・ガラス小物：割れないよう緩衝材で包んでから箱へ
✧ 文房具・生活雑貨：品番と個数を納品書と照合し、まとめて袋詰め
✧ 出荷箱：伝票シールと「割れ物注意」などの注意シールを所定の位置に貼ります
どれも片手〜両手で持てるサイズで、重量物の持ち上げはありません。

▶ 未経験の方向け 1週間プログラム
✧ 1日目：会社説明、安全講習、作業場の見学
✧ 2日目：先輩の隣で検品の実演を見学し、午後から一緒に作業
✧ 3日目：梱包の袋詰め・箱詰めを先輩と一緒に担当
✧ 4日目：シール貼りと仕分けを一人で担当。先輩は同じ作業台で見守ります
✧ 5日目：検品から仕分けまでを通しで経験
覚えることは3ステップの繰り返し。資格や専門知識は必要ありません。

▶ 働く環境
作業場は1年中空調が効いていて、「夏は暑くて汗だく」「冬は手がかじかむ」といった心配がありません。
休憩室は広く、電子レンジや冷蔵庫、自動販売機が揃っています。
鍵付きロッカーがあるので、貴重品の管理も安心。
服装や髪色は自由で、自分らしいスタイルのまま通勤できます。

▶ 川越雇用開発センターならではの一言
JR川越線・東武東上線・西武新宿線の3路線が使え、都内・県内どちらからも通いやすい街です。
小江戸の街並みで知られる一方、郊外には物流施設や工場も多く立地しています。
川越雇用開発センターは川越市エリアの勤務先を担当しているので、ご自宅からの通いやすさも含めて配属先を一緒に考えます。

「ちゃんと正社員として働きたい」その一歩を、川越雇用開発センターで踏み出しませんか。ご応募をお待ちしています！","【川越市で働く5つの魅力】

✅ 資格・経験・学歴は不問
必要なのは「丁寧に確認する姿勢」だけ。仕事のやり方はすべて入社後にお伝えします。将来的に資格を取りたい方には資格取得支援制度と報奨金があり、キャリアの幅を広げられます。

✅ 9:00〜18:00の固定時間制
毎日同じリズムで働けるので、生活のペースが安定します。土日祝がお休みなので、友人や家族との予定も合わせやすい環境です。

✅ 重い荷物はほとんどなし
扱うのは衣類・コスメ・文房具・小型雑貨など軽い商品が中心。重量物の持ち上げや力仕事はほぼなく、身体への負担を抑えて長く続けられます。

✅ 空調完備の清潔な倉庫
冷暖房がしっかり効いた室内で、季節を問わず快適。休憩室には電子レンジ・冷蔵庫・自動販売機があり、鍵付きロッカーも完備しています。

✅ 正社員としての安定と成長
正社員雇用に加え、社会保険完備、退職金制度、資格取得支援と報奨金などの制度があります。検品・梱包からスタートし、リーダーや別工程へのステップアップも目指せます。

✅ 地元川越市で腰を据えて働く
小江戸の街並みで知られる一方、郊外には物流施設や工場も多く立地しています。JR川越線・東武東上線・西武新宿線の3路線が使え、都内・県内どちらからも通いやすい街です。

まずはカジュアル面談で、職場の雰囲気や1日の流れをお伝えします。お気軽にご応募ください！","例外事由3号のイにより、長期キャリア形成を図るため、
35歳以下を募集しております。","【勤務時間】
★9:00~18:00
└実働8時間/休憩1時間

定時ダッシュも問題ないです✧
✧ 土日祝休み
✧ 残業月平均:6.5時間以内
✧ 残業代100%支給","✧ 完全週休2日制(土日祝休み)
✧ 年間休日125日
「土日休みはマスト!」ってあなたにも
ぴったりの職場です!

【その他休暇】
✧ 有給休暇
✧ 夏季・冬季休暇
✧ GW休暇
✧ 年末年始休暇",埼玉県川越市脇田本町,川越雇用開発センター,"月給:25万円~+交通費全額支給

※経験に応じて決定いたします。

# 昇給あり
# 賞与あり
# 残業代100%支給
# 交通費支給","・各種社会保険完備（健康保険・厚生年金・雇用保険・労災保険）
・時間外手当・深夜手当・職能手当・役職手当・資格手当・業務手当
・退職金制度
・借上げ社宅・社員寮制度（規定あり）
・会社指示による転居時の引越費用・家賃補助（規定あり）
・定期健康診断（年1回）
・特別休暇（慶弔休暇）・産前産後休暇・育児休暇・介護休暇
・資格取得支援制度・資格取得報奨金
・社内研修制度・認定職業訓練校
・作業着・靴・手袋など業務に必要な備品は会社支給
・提携保養所・提携企業割引
・産業医・カウンセラーによる相談窓口","【最短スケジュールのイメージ】

▶ STEP1 今日：WEBから1分で応募
▶ STEP2 1〜3日後：担当者からご連絡 → カジュアル面談の日程調整
▶ STEP3 面談当日：カジュアル面談（1回のみ）→ 採用のご連絡

面談では、職場の雰囲気・1日の流れ・通勤のことなど、
気になることを何でも聞いてください。

✧ 入社日はご相談いただけます ✧
「すぐ働きたい」「少し先がいい」どちらのご希望にも対応します。",,即日勤務OK、交通費支給、残業なし,2,任意,生年月日、性別、電話番号,ntf-indeedapplicant-aaaatulx77tci2k2pr5yeqapva@shukatsu-labo.slack.com,,,利用しない,,
募集中,株式会社エイジェック,未経験｜検品・梱包｜株式会社エイジェック｜熊谷雇用開発センター,倉庫作業スタッフ,20～30代活躍中◎熊谷市｜コツコツ派が活躍する検品・梱包,,埼玉県 熊谷市 筑波,,,正社員,はい,月給,250000,,最低額を表示,なし,,,,,,,固定時間制,160,,厚生年金、健康保険、雇用保険、労災保険,,なし,,,,,,,,,,,,,,,,,,"埼玉県熊谷市エリアで、検品・梱包スタッフ（正社員）を募集しています。
勤務先は熊谷雇用開発センターが担当する熊谷市エリアの物流センター。衣類・コスメ・文房具などの軽い商品を、目で確認し、数を合わせ、袋や箱に納める作業が中心です。
「難しいことは苦手」という方でも、3日ほどで流れがつかめるシンプルな仕事です。

▶ 入社後はこんな1日になります
09:00 朝礼。体調チェックと当日の出荷量を共有
09:15 午前は検品を担当。外観を目視で確認し、気になる商品は別置きにしてリーダーへ
12:00 昼休憩（60分）
13:00 午後は梱包。袋詰め→箱詰め→テープ留めの3工程を繰り返します
15:00 小休憩（15分）。自動販売機でジュースを買ってリフレッシュ
15:15 当日出荷分の最終チェックと仕分けを全員で仕上げます
17:45 作業スペースの清掃
18:00 退勤。残業は月平均6.5時間以内に収まっています

▶ 作業は3ステップ
1. 検品：商品を手に取り、傷・汚れ・数量を確認。迷ったら「保留」箱に入れてリーダーに聞くだけ
2. 梱包：商品に合わせて袋・緩衝材・箱を選び、動かないように納めてテープで封をします
3. 仕分け：伝票シールを貼り、配送地域ごとのコンテナへ
衣類・雑貨・コスメ・文房具などの軽い商品が中心で、フォークリフトなどの機械操作はありません。

▶ 未経験の方向け 1週間プログラム
✧ 1日目：会社説明、安全講習、作業場の見学
✧ 2日目：先輩の隣で検品の実演を見学し、午後から一緒に作業
✧ 3日目：梱包の袋詰め・箱詰めを先輩と一緒に担当
✧ 4日目：シール貼りと仕分けを一人で担当。先輩は同じ作業台で見守ります
✧ 5日目：検品から仕分けまでを通しで経験
覚えることは3ステップの繰り返し。資格や専門知識は必要ありません。

▶ 設備のポイント
✧ 冷暖房完備の室内作業で、季節や天候に左右されません
✧ 休憩室に電子レンジ・冷蔵庫・ポットがあり、フリーWi-Fiも使えます
✧ 個人用の鍵付きロッカーを完備
✧ 髪色・ネイル・服装は自由。清潔感があれば普段のスタイルのままで大丈夫

▶ 埼玉県熊谷市で働く
県北の中核都市で、周辺には製造業の工場や物流拠点が多く立地しています。
JR高崎線・上越新幹線・秩父鉄道が乗り入れる熊谷駅が最寄りで、県北の交通の中心です。
熊谷雇用開発センターのスタッフが地域の勤務先を熟知しているため、「家から近い」「駅から通える」といった希望にも応えやすいのが強みです。

「ちゃんと正社員として働きたい」その一歩を、熊谷雇用開発センターで踏み出しませんか。ご応募をお待ちしています！","【熊谷雇用開発センターからのアピールポイント】

✅ 資格・経験・学歴は不問
必要なのは「丁寧に確認する姿勢」だけ。仕事のやり方はすべて入社後にお伝えします。将来的に資格を取りたい方には資格取得支援制度と報奨金があり、キャリアの幅を広げられます。

✅ 残業は月平均6.5時間以内
定時で帰れる日がほとんど。仕事の後にジムや習い事に通ったり、家でゆっくりしたり、自分の時間をしっかり確保できます。

✅ 重い荷物はほとんどなし
扱うのは衣類・コスメ・文房具・小型雑貨など軽い商品が中心。重量物の持ち上げや力仕事はほぼなく、身体への負担を抑えて長く続けられます。

✅ 空調完備の清潔な倉庫
冷暖房がしっかり効いた室内で、季節を問わず快適。休憩室には電子レンジ・冷蔵庫・自動販売機があり、鍵付きロッカーも完備しています。

✅ 雇用開発センターが入社後も伴走
熊谷雇用開発センターの担当者が定期的に面談し、職場では言いにくい悩みも聞き取ります。「一人で放り出される」ことはありません。

✅ 地元熊谷市で腰を据えて働く
県北の中核都市で、周辺には製造業の工場や物流拠点が多く立地しています。JR高崎線・上越新幹線・秩父鉄道が乗り入れる熊谷駅が最寄りで、県北の交通の中心です。

「自分にもできそう」と思えたら、それがスタートの合図。熊谷雇用開発センターでお待ちしています！","例外事由3号のイにより、長期キャリア形成を図るため、
35歳以下を募集しております。","【勤務時間】
★9:00~18:00
└実働8時間/休憩1時間

定時ダッシュも問題ないです✧
✧ 土日祝休み
✧ 残業月平均:6.5時間以内
✧ 残業代100%支給","✧ 完全週休2日制(土日祝休み)
✧ 年間休日125日
「土日休みはマスト!」ってあなたにも
ぴったりの職場です!

【その他休暇】
✧ 有給休暇
✧ 夏季・冬季休暇
✧ GW休暇
✧ 年末年始休暇",埼玉県熊谷市筑波,熊谷雇用開発センター,"月給:25万円~+交通費全額支給

※経験に応じて決定いたします。

# 昇給あり
# 賞与あり
# 残業代100%支給
# 交通費支給","・各種社会保険完備（健康保険・厚生年金・雇用保険・労災保険）
・時間外手当・深夜手当・職能手当・役職手当・資格手当・業務手当
・退職金制度
・借上げ社宅・社員寮制度（規定あり）
・会社指示による転居時の引越費用・家賃補助（規定あり）
・定期健康診断（年1回）
・特別休暇（慶弔休暇）・産前産後休暇・育児休暇・介護休暇
・資格取得支援制度・資格取得報奨金
・社内研修制度・認定職業訓練校
・作業着・靴・手袋など業務に必要な備品は会社支給
・提携保養所・提携企業割引
・産業医・カウンセラーによる相談窓口","■ 選考について ■
・カジュアル面談：1回のみ（服装自由・履歴書任意）
・応募から面談まで：WEB応募後、1〜3日以内にご連絡
・入社日：ご相談のうえ決定

■ 応募からの流れ ■
▶ STEP1 WEBから1分で応募
▶ STEP2 カジュアル面談（1回のみ）
▶ STEP3 採用

「まずは話だけ聞いてみたい」という方も、そのままご応募ください。
面談で無理に応募を勧めることはありません。",,即日勤務OK、交通費支給、残業なし,2,任意,生年月日、性別、電話番号,ntf-indeedapplicant-aaaatulx77tci2k2pr5yeqapva@shukatsu-labo.slack.com,,,利用しない,,
募集中,株式会社エイジェック,未経験｜検品・梱包｜株式会社エイジェック｜久喜雇用開発センター,倉庫作業スタッフ,20～30代活躍中◎残業少なめ｜久喜市で始める検品・梱包,,埼玉県 久喜市 久喜中央,,,正社員,はい,月給,250000,,最低額を表示,なし,,,,,,,固定時間制,160,,厚生年金、健康保険、雇用保険、労災保険,,なし,,,,,,,,,,,,,,,,,,"コツコツ作業が好きな方にぴったりの、検品・梱包のお仕事です。
勤務先は久喜雇用開発センターが担当する久喜市エリアの物流センター。1年中快適な温度に保たれた倉庫内で、自分の作業台を担当します。
久喜雇用開発センターでは配属後も定期的に面談を行い、困りごとがあればすぐにフォローします。

▶ 1日の流れ（9:00〜18:00・休憩1時間）
09:00 朝礼。今日の出荷予定と担当作業を確認します
09:15 検品スタート。商品の傷・汚れ・数量を納品書と照らし合わせてチェック
12:00 昼休憩（60分）。休憩室で昼食。電子レンジや冷蔵庫も使えます
13:00 梱包スタート。袋詰め、緩衝材で包む、箱に納めるの繰り返し
15:00 小休憩（15分）。飲み物を片手にひと息
15:15 ラベル貼りと出荷先ごとの仕分け
17:45 作業台の片づけと翌日の資材準備
18:00 退勤！残業は月平均6.5時間以内で、定時に帰れる日が大半です

▶ 作業は3ステップ
1. 検品：商品を手に取り、傷・汚れ・数量を確認。迷ったら「保留」箱に入れてリーダーに聞くだけ
2. 梱包：商品に合わせて袋・緩衝材・箱を選び、動かないように納めてテープで封をします
3. 仕分け：伝票シールを貼り、配送地域ごとのコンテナへ
衣類・雑貨・コスメ・文房具などの軽い商品が中心で、フォークリフトなどの機械操作はありません。

▶ 入社後1週間の流れ
1日目：久喜雇用開発センターでオリエンテーション。安全ルールや勤怠の付け方、勤務先の設備を案内します
2〜3日目：先輩スタッフがマンツーマンで隣につき、検品の見方と梱包の手順を実演しながら説明
4〜5日目：シール貼りやダンボールの組み立てから一人で担当。分からないことはその場で質問できます
1週間後：検品〜仕分けまでの流れをひと通り経験し、自分のペースで進められるように
「早ければ半日、遅くとも2〜3日で一人立ち」が現場の目安ですが、慣れるまで焦らず伴走します。

▶ 働く環境
作業場は1年中空調が効いていて、「夏は暑くて汗だく」「冬は手がかじかむ」といった心配がありません。
休憩室は広く、電子レンジや冷蔵庫、自動販売機が揃っています。
鍵付きロッカーがあるので、貴重品の管理も安心。
服装や髪色は自由で、自分らしいスタイルのまま通勤できます。

▶ 埼玉県久喜市で働く
高速道路の結節点として物流施設の集積が進む、県東部の物流拠点です。
JR宇都宮線と東武伊勢崎線が乗り入れる久喜駅が最寄りで、東北道・圏央道の久喜ICも近いエリアです。
久喜雇用開発センターのスタッフが地域の勤務先を熟知しているため、「家から近い」「駅から通える」といった希望にも応えやすいのが強みです。

久喜雇用開発センターが、あなたのキャリアの第一歩を全力でサポートします。まずはお気軽にご応募ください！","【久喜市で働く5つの魅力】

✅ マンツーマンで教えるから覚えやすい
専任の先輩が隣について、実演しながら手順を説明します。最初はシール貼りやダンボールの組み立てから始め、1週間でひと通りの流れを経験できるプログラムです。

✅ 土日祝休み・年間休日125日
完全週休2日制でカレンダー通りに休めます。夏季・冬季休暇、GW、年末年始のまとまった休みもあり、旅行や帰省の予定も立てやすい働き方です。

✅ 重い荷物はほとんどなし
扱うのは衣類・コスメ・文房具・小型雑貨など軽い商品が中心。重量物の持ち上げや力仕事はほぼなく、身体への負担を抑えて長く続けられます。

✅ 空調完備の清潔な倉庫
冷暖房がしっかり効いた室内で、季節を問わず快適。休憩室には電子レンジ・冷蔵庫・自動販売機があり、鍵付きロッカーも完備しています。

✅ 全国に拠点があるから相談先が近い
埼玉県内の勤務先を久喜雇用開発センターが担当しているため、通勤や配属の相談にすぐ対応できます。「家から近い職場がいい」といった希望も伝えてください。

✅ 久喜市エリアで通いやすい
JR宇都宮線と東武伊勢崎線が乗り入れる久喜駅が最寄りで、東北道・圏央道の久喜ICも近いエリアです。高速道路の結節点として物流施設の集積が進む、県東部の物流拠点です。

まずはカジュアル面談で、職場の雰囲気や1日の流れをお伝えします。お気軽にご応募ください！","例外事由3号のイにより、長期キャリア形成を図るため、
35歳以下を募集しております。","【勤務時間】
★9:00~18:00
└実働8時間/休憩1時間

定時ダッシュも問題ないです✧
✧ 土日祝休み
✧ 残業月平均:6.5時間以内
✧ 残業代100%支給","✧ 完全週休2日制(土日祝休み)
✧ 年間休日125日
「土日休みはマスト!」ってあなたにも
ぴったりの職場です!

【その他休暇】
✧ 有給休暇
✧ 夏季・冬季休暇
✧ GW休暇
✧ 年末年始休暇",埼玉県久喜市久喜中央,久喜雇用開発センター,"月給:25万円~+交通費全額支給

※経験に応じて決定いたします。

# 昇給あり
# 賞与あり
# 残業代100%支給
# 交通費支給","・各種社会保険完備（健康保険・厚生年金・雇用保険・労災保険）
・時間外手当・深夜手当・職能手当・役職手当・資格手当・業務手当
・退職金制度
・借上げ社宅・社員寮制度（規定あり）
・会社指示による転居時の引越費用・家賃補助（規定あり）
・定期健康診断（年1回）
・特別休暇（慶弔休暇）・産前産後休暇・育児休暇・介護休暇
・資格取得支援制度・資格取得報奨金
・社内研修制度・認定職業訓練校
・作業着・靴・手袋など業務に必要な備品は会社支給
・提携保養所・提携企業割引
・産業医・カウンセラーによる相談窓口","✧ カジュアル面談実施中です ✧

応募に必要なのは人柄だけ。
まずはあなたのご希望を聞かせてください。

■ 応募からの流れ ■
▶ STEP1 WEBから1分で簡単応募
1〜3日以内に担当者からご連絡します。
▶ STEP2 カジュアル面談（1回のみ）
職場の雰囲気や1日の流れをお伝えし、ご希望を伺います。
▶ STEP3 採用

※入社日はご相談いただけます◎
在職中の方も、お気軽にご相談ください。",,即日勤務OK、交通費支給、残業なし,2,任意,生年月日、性別、電話番号,ntf-indeedapplicant-aaaatulx77tci2k2pr5yeqapva@shukatsu-labo.slack.com,,,利用しない,,
募集中,株式会社エイジェック,未経験｜検品・梱包｜株式会社エイジェック｜大宮雇用開発センター,倉庫作業スタッフ,20～30代活躍中◎さいたま市大宮区｜先輩がマンツーマンで教える軽作業,,埼玉県 さいたま市 大宮区 桜木町,,,正社員,はい,月給,250000,,最低額を表示,なし,,,,,,,固定時間制,160,,厚生年金、健康保険、雇用保険、労災保険,,なし,,,,,,,,,,,,,,,,,,"大宮雇用開発センターが担当するさいたま市大宮区エリアの物流センターで、検品・梱包を担当する正社員スタッフを募集します！
扱うのは通販で人気のアパレル商品や雑貨、コスメなど。空調の効いたきれいな倉庫で、商品を確認して箱に詰めていくシンプルな作業です。
大宮雇用開発センターのスタッフが入社前から入社後まで伴走するので、初めての正社員でも安心してスタートできます。

▶ 入社後はこんな1日になります
09:00 朝礼。体調チェックと当日の出荷量を共有
09:15 午前は検品を担当。外観を目視で確認し、気になる商品は別置きにしてリーダーへ
12:00 昼休憩（60分）
13:00 午後は梱包。袋詰め→箱詰め→テープ留めの3工程を繰り返します
15:00 小休憩（15分）。自動販売機でジュースを買ってリフレッシュ
15:15 当日出荷分の最終チェックと仕分けを全員で仕上げます
17:45 作業スペースの清掃
18:00 退勤。残業は月平均6.5時間以内に収まっています

▶ こんな商品を扱います
通販サイトで人気のアパレル商品、生活雑貨、コスメ、文房具が中心です。
✧ シャツやタオルを畳んで透明袋へ
✧ コスメ容器のひび割れを目視で確認
✧ 文房具のセット品を指定の個数で袋詰め
✧ 箱にラベルを貼って配送業者ごとの台車へ
作業台の高さは調整されていて、身体への負担を抑えて働けます。

▶ 教育・研修体制
入社初日は安全講習とオリエンテーションから。いきなり一人で現場に立つことはありません。
2日目以降は専任の先輩が隣について、検品・梱包の手順を実際にやって見せながら教えます。
最初の1週間は「見る→一緒にやる→一人でやる」の順で担当を広げ、1週間後にはひと通りの作業を経験できます。
大宮雇用開発センターの担当者も定期的に様子を見に来るので、職場に言いにくいことも相談できます。

▶ 設備のポイント
✧ 冷暖房完備の室内作業で、季節や天候に左右されません
✧ 休憩室に電子レンジ・冷蔵庫・ポットがあり、フリーWi-Fiも使えます
✧ 個人用の鍵付きロッカーを完備
✧ 髪色・ネイル・服装は自由。清潔感があれば普段のスタイルのままで大丈夫

▶ 大宮雇用開発センターならではの一言
JR各線・東武線・ニューシャトルが集まる大宮駅が最寄りで、県内各方面から通いやすい立地です。
埼玉のターミナルとして商業施設が充実し、相談や面談にも立ち寄りやすい場所です。
大宮雇用開発センターはさいたま市大宮区エリアの勤務先を担当しているので、ご自宅からの通いやすさも含めて配属先を一緒に考えます。

「ちゃんと正社員として働きたい」その一歩を、大宮雇用開発センターで踏み出しませんか。ご応募をお待ちしています！","【大宮雇用開発センターからのアピールポイント】

✅ マンツーマンで教えるから覚えやすい
専任の先輩が隣について、実演しながら手順を説明します。最初はシール貼りやダンボールの組み立てから始め、1週間でひと通りの流れを経験できるプログラムです。

✅ 9:00〜18:00の固定時間制
毎日同じリズムで働けるので、生活のペースが安定します。土日祝がお休みなので、友人や家族との予定も合わせやすい環境です。

✅ 黙々・コツコツ派にぴったり
ノルマはなく、接客もありません。「一人で集中して作業したい」「人間関係のストレスを減らしたい」という方に向いている環境です。

✅ 休憩室でしっかりリフレッシュ
昼休憩60分に加えて午後の小休憩があり、集中力を保ちやすいリズムです。休憩室にはポットやフリーWi-Fiもあります。

✅ 雇用開発センターが入社後も伴走
大宮雇用開発センターの担当者が定期的に面談し、職場では言いにくい悩みも聞き取ります。「一人で放り出される」ことはありません。

✅ さいたま市大宮区エリアで通いやすい
JR各線・東武線・ニューシャトルが集まる大宮駅が最寄りで、県内各方面から通いやすい立地です。埼玉のターミナルとして商業施設が充実し、相談や面談にも立ち寄りやすい場所です。

「自分にもできそう」と思えたら、それがスタートの合図。大宮雇用開発センターでお待ちしています！","例外事由3号のイにより、長期キャリア形成を図るため、
35歳以下を募集しております。","【勤務時間】
★9:00~18:00
└実働8時間/休憩1時間

定時ダッシュも問題ないです✧
✧ 土日祝休み
✧ 残業月平均:6.5時間以内
✧ 残業代100%支給","✧ 完全週休2日制(土日祝休み)
✧ 年間休日125日
「土日休みはマスト!」ってあなたにも
ぴったりの職場です!

【その他休暇】
✧ 有給休暇
✧ 夏季・冬季休暇
✧ GW休暇
✧ 年末年始休暇",埼玉県さいたま市大宮区桜木町,大宮雇用開発センター,"月給:25万円~+交通費全額支給

※経験に応じて決定いたします。

# 昇給あり
# 賞与あり
# 残業代100%支給
# 交通費支給","・各種社会保険完備（健康保険・厚生年金・雇用保険・労災保険）
・時間外手当・深夜手当・職能手当・役職手当・資格手当・業務手当
・退職金制度
・借上げ社宅・社員寮制度（規定あり）
・会社指示による転居時の引越費用・家賃補助（規定あり）
・定期健康診断（年1回）
・特別休暇（慶弔休暇）・産前産後休暇・育児休暇・介護休暇
・資格取得支援制度・資格取得報奨金
・社内研修制度・認定職業訓練校
・作業着・靴・手袋など業務に必要な備品は会社支給
・提携保養所・提携企業割引
・産業医・カウンセラーによる相談窓口","【応募前の「気になる」にお答えします】

Q. 面接は堅苦しいですか？
A. いいえ。カジュアル面談を1回行うだけです。服装も自由、履歴書も任意です。

Q. 応募してからどのくらいで決まりますか？
A. 3ステップで進みます。
▶ STEP1 WEBから応募（1分）→ 1〜3日以内にご連絡
▶ STEP2 カジュアル面談（1回のみ）
▶ STEP3 採用

Q. すぐには入社できないのですが…
A. 入社日はご相談いただけます。今のお仕事の引き継ぎ期間なども考慮します。",,即日勤務OK、交通費支給、残業なし,2,任意,生年月日、性別、電話番号,ntf-indeedapplicant-aaaatulx77tci2k2pr5yeqapva@shukatsu-labo.slack.com,,,利用しない,,
募集中,株式会社エイジェック,未経験｜検品・梱包｜株式会社エイジェック｜木更津雇用開発センター,倉庫作業スタッフ,20～30代活躍中◎土日祝休み｜木更津市エリアで軽作業の正社員に,,千葉県 木更津市 大和,,,正社員,はい,月給,250000,,最低額を表示,なし,,,,,,,固定時間制,160,,厚生年金、健康保険、雇用保険、労災保険,,なし,,,,,,,,,,,,,,,,,,"「未経験から、ちゃんとした正社員として働きたい」その気持ちを木更津雇用開発センターが応援します。
勤務先は木更津雇用開発センターが担当する木更津市エリアの物流センター。届いた商品に不備がないかをチェックし、丁寧に梱包して出荷準備をするお仕事です。
冷暖房完備の室内で、重い荷物を運ぶことはほとんどありません。

▶ 1日の流れ（9:00〜18:00・休憩1時間）
09:00 朝礼。今日の出荷予定と担当作業を確認します
09:15 検品スタート。商品の傷・汚れ・数量を納品書と照らし合わせてチェック
12:00 昼休憩（60分）。休憩室で昼食。電子レンジや冷蔵庫も使えます
13:00 梱包スタート。袋詰め、緩衝材で包む、箱に納めるの繰り返し
15:00 小休憩（15分）。飲み物を片手にひと息
15:15 ラベル貼りと出荷先ごとの仕分け
17:45 作業台の片づけと翌日の資材準備
18:00 退勤！残業は月平均6.5時間以内で、定時に帰れる日が大半です

▶ こんな商品を扱います
通販サイトで人気のアパレル商品、生活雑貨、コスメ、文房具が中心です。
✧ シャツやタオルを畳んで透明袋へ
✧ コスメ容器のひび割れを目視で確認
✧ 文房具のセット品を指定の個数で袋詰め
✧ 箱にラベルを貼って配送業者ごとの台車へ
作業台の高さは調整されていて、身体への負担を抑えて働けます。

▶ 未経験の方向け 1週間プログラム
✧ 1日目：会社説明、安全講習、作業場の見学
✧ 2日目：先輩の隣で検品の実演を見学し、午後から一緒に作業
✧ 3日目：梱包の袋詰め・箱詰めを先輩と一緒に担当
✧ 4日目：シール貼りと仕分けを一人で担当。先輩は同じ作業台で見守ります
✧ 5日目：検品から仕分けまでを通しで経験
覚えることは3ステップの繰り返し。資格や専門知識は必要ありません。

▶ 職場環境
✧ 空調完備：冷暖房が効いた清潔な室内で、夏も冬も快適
✧ 休憩室：電子レンジ・冷蔵庫・ポット・自動販売機あり。お弁当持参でもゆっくり過ごせます
✧ ロッカー：鍵付きの個人ロッカーで貴重品も安心
✧ 服装：髪色・ネイルは自由。動きやすい服装で通勤し、現場のルールに沿って作業します

▶ 木更津雇用開発センターならではの一言
JR内房線の木更津駅が最寄りで、東京湾アクアラインを使えば都内・川崎方面からも通えます。
アクアラインの開通以降、物流施設や商業施設の進出が続いている街です。
木更津雇用開発センターは木更津市エリアの勤務先を担当しているので、ご自宅からの通いやすさも含めて配属先を一緒に考えます。

木更津雇用開発センターが、あなたのキャリアの第一歩を全力でサポートします。まずはお気軽にご応募ください！","【木更津市で働く5つの魅力】

✅ 先輩の9割以上が未経験スタート
「商品を手に取る」「傷がないか見る」「箱に入れる」の3ステップが仕事の基本。専門用語も複雑な機械操作もなく、初日は安全講習とオリエンテーションから始まるので安心です。

✅ 残業は月平均6.5時間以内
定時で帰れる日がほとんど。仕事の後にジムや習い事に通ったり、家でゆっくりしたり、自分の時間をしっかり確保できます。

✅ 黙々・コツコツ派にぴったり
ノルマはなく、接客もありません。「一人で集中して作業したい」「人間関係のストレスを減らしたい」という方に向いている環境です。

✅ 休憩室でしっかりリフレッシュ
昼休憩60分に加えて午後の小休憩があり、集中力を保ちやすいリズムです。休憩室にはポットやフリーWi-Fiもあります。

✅ 全国に拠点があるから相談先が近い
千葉県内の勤務先を木更津雇用開発センターが担当しているため、通勤や配属の相談にすぐ対応できます。「家から近い職場がいい」といった希望も伝えてください。

✅ 地元木更津市で腰を据えて働く
アクアラインの開通以降、物流施設や商業施設の進出が続いている街です。JR内房線の木更津駅が最寄りで、東京湾アクアラインを使えば都内・川崎方面からも通えます。

「自分にもできそう」と思えたら、それがスタートの合図。木更津雇用開発センターでお待ちしています！","例外事由3号のイにより、長期キャリア形成を図るため、
35歳以下を募集しております。","【勤務時間】
★9:00~18:00
└実働8時間/休憩1時間

定時ダッシュも問題ないです✧
✧ 土日祝休み
✧ 残業月平均:6.5時間以内
✧ 残業代100%支給","✧ 完全週休2日制(土日祝休み)
✧ 年間休日125日
「土日休みはマスト!」ってあなたにも
ぴったりの職場です!

【その他休暇】
✧ 有給休暇
✧ 夏季・冬季休暇
✧ GW休暇
✧ 年末年始休暇",千葉県木更津市大和,木更津雇用開発センター,"月給:25万円~+交通費全額支給

※経験に応じて決定いたします。

# 昇給あり
# 賞与あり
# 残業代100%支給
# 交通費支給","・各種社会保険完備（健康保険・厚生年金・雇用保険・労災保険）
・時間外手当・深夜手当・職能手当・役職手当・資格手当・業務手当
・退職金制度
・借上げ社宅・社員寮制度（規定あり）
・会社指示による転居時の引越費用・家賃補助（規定あり）
・定期健康診断（年1回）
・特別休暇（慶弔休暇）・産前産後休暇・育児休暇・介護休暇
・資格取得支援制度・資格取得報奨金
・社内研修制度・認定職業訓練校
・作業着・靴・手袋など業務に必要な備品は会社支給
・提携保養所・提携企業割引
・産業医・カウンセラーによる相談窓口","まずは「話を聞いてみる」だけで大丈夫です。

当社ではカジュアル面談を実施しています。
志望動機や自己PRの準備は不要。
「どんな職場？」「本当に未経験でもできる？」といった疑問に、担当者が率直にお答えします。

■ 応募から入社までの3STEP ■
▶ STEP1 WEB応募（1分）
▶ STEP2 カジュアル面談（1回のみ・1〜3日以内にご連絡）
▶ STEP3 採用・入社日のご相談

入社日は柔軟に調整できます。
「来月から」「今の仕事を辞めてから」など、ご都合をお聞かせください。",,即日勤務OK、交通費支給、残業なし,2,任意,生年月日、性別、電話番号,ntf-indeedapplicant-aaaatulx77tci2k2pr5yeqapva@shukatsu-labo.slack.com,,,利用しない,,
募集中,株式会社エイジェック,未経験｜検品・梱包｜株式会社エイジェック｜柏雇用開発センター,倉庫作業スタッフ,20～30代活躍中◎柏市｜年間休日125日でプライベート充実,,千葉県 柏市 柏,,,正社員,はい,月給,250000,,最低額を表示,なし,,,,,,,固定時間制,160,,厚生年金、健康保険、雇用保険、労災保険,,なし,,,,,,,,,,,,,,,,,,"千葉県柏市エリアで、検品・梱包スタッフ（正社員）を募集しています。
勤務先は柏雇用開発センターが担当する柏市エリアの物流センター。衣類・コスメ・文房具などの軽い商品を、目で確認し、数を合わせ、袋や箱に納める作業が中心です。
「難しいことは苦手」という方でも、3日ほどで流れがつかめるシンプルな仕事です。

▶ ある日のスケジュール
09:00 出勤・朝礼。リーダーから連絡事項と注意点の共有
09:10 ハンディ端末で商品のバーコードを読み取り、品番と個数を照合します
10:30 小休憩（10分）
12:00 昼休憩（60分）。お弁当派も外食派も、それぞれのスタイルで
13:00 午後は梱包。ダンボールを組み立て、商品が動かないように納めます
15:00 小休憩（15分）
15:15 出荷準備。伝票シールを貼って配送業者ごとにコンテナへ
17:45 清掃と日報の記入
18:00 定時退勤。土日祝休みなので、明日の予定も立てやすい！

▶ お仕事の中身
✧ 検品：商品の外観チェック（傷・汚れ・へこみ）と数量・品番の照合
✧ スキャン：バーコードリーダーで「ピッ」と読み取ってデータと突き合わせ
✧ 梱包：袋詰め、緩衝材包装、ダンボールの組み立てと箱詰め、テープ留め
✧ 仕上げ：ラベル貼りと配送地域別の仕分け
扱うのはアパレル、コスメ、文房具、小型雑貨など。繰り返すうちに自然と手が覚える作業です。

▶ 入社後1週間の流れ
1日目：柏雇用開発センターでオリエンテーション。安全ルールや勤怠の付け方、勤務先の設備を案内します
2〜3日目：先輩スタッフがマンツーマンで隣につき、検品の見方と梱包の手順を実演しながら説明
4〜5日目：シール貼りやダンボールの組み立てから一人で担当。分からないことはその場で質問できます
1週間後：検品〜仕分けまでの流れをひと通り経験し、自分のペースで進められるように
「早ければ半日、遅くとも2〜3日で一人立ち」が現場の目安ですが、慣れるまで焦らず伴走します。

▶ 設備のポイント
✧ 冷暖房完備の室内作業で、季節や天候に左右されません
✧ 休憩室に電子レンジ・冷蔵庫・ポットがあり、フリーWi-Fiも使えます
✧ 個人用の鍵付きロッカーを完備
✧ 髪色・ネイル・服装は自由。清潔感があれば普段のスタイルのままで大丈夫

▶ 千葉県柏市で働く
常磐道・国道16号沿いに物流拠点が多く、商業施設も充実した街です。
JR常磐線と東武アーバンパークラインが交わる柏駅が最寄りで、東葛エリアの交通の中心です。
柏雇用開発センターのスタッフが地域の勤務先を熟知しているため、「家から近い」「駅から通える」といった希望にも応えやすいのが強みです。

柏雇用開発センターが、あなたのキャリアの第一歩を全力でサポートします。まずはお気軽にご応募ください！","【柏雇用開発センターからのアピールポイント】

✅ 先輩の9割以上が未経験スタート
「商品を手に取る」「傷がないか見る」「箱に入れる」の3ステップが仕事の基本。専門用語も複雑な機械操作もなく、初日は安全講習とオリエンテーションから始まるので安心です。

✅ 土日祝休み・年間休日125日
完全週休2日制でカレンダー通りに休めます。夏季・冬季休暇、GW、年末年始のまとまった休みもあり、旅行や帰省の予定も立てやすい働き方です。

✅ 黙々・コツコツ派にぴったり
ノルマはなく、接客もありません。「一人で集中して作業したい」「人間関係のストレスを減らしたい」という方に向いている環境です。

✅ 休憩室でしっかりリフレッシュ
昼休憩60分に加えて午後の小休憩があり、集中力を保ちやすいリズムです。休憩室にはポットやフリーWi-Fiもあります。

✅ 正社員としての安定と成長
正社員雇用に加え、社会保険完備、退職金制度、資格取得支援と報奨金などの制度があります。検品・梱包からスタートし、リーダーや別工程へのステップアップも目指せます。

✅ 地元柏市で腰を据えて働く
常磐道・国道16号沿いに物流拠点が多く、商業施設も充実した街です。JR常磐線と東武アーバンパークラインが交わる柏駅が最寄りで、東葛エリアの交通の中心です。

まずはカジュアル面談で、職場の雰囲気や1日の流れをお伝えします。お気軽にご応募ください！","例外事由3号のイにより、長期キャリア形成を図るため、
35歳以下を募集しております。","【勤務時間】
★9:00~18:00
└実働8時間/休憩1時間

定時ダッシュも問題ないです✧
✧ 土日祝休み
✧ 残業月平均:6.5時間以内
✧ 残業代100%支給","✧ 完全週休2日制(土日祝休み)
✧ 年間休日125日
「土日休みはマスト!」ってあなたにも
ぴったりの職場です!

【その他休暇】
✧ 有給休暇
✧ 夏季・冬季休暇
✧ GW休暇
✧ 年末年始休暇",千葉県柏市柏,柏雇用開発センター,"月給:25万円~+交通費全額支給

※経験に応じて決定いたします。

# 昇給あり
# 賞与あり
# 残業代100%支給
# 交通費支給","・各種社会保険完備（健康保険・厚生年金・雇用保険・労災保険）
・時間外手当・深夜手当・職能手当・役職手当・資格手当・業務手当
・退職金制度
・借上げ社宅・社員寮制度（規定あり）
・会社指示による転居時の引越費用・家賃補助（規定あり）
・定期健康診断（年1回）
・特別休暇（慶弔休暇）・産前産後休暇・育児休暇・介護休暇
・資格取得支援制度・資格取得報奨金
・社内研修制度・認定職業訓練校
・作業着・靴・手袋など業務に必要な備品は会社支給
・提携保養所・提携企業割引
・産業医・カウンセラーによる相談窓口","【最短スケジュールのイメージ】

▶ STEP1 今日：WEBから1分で応募
▶ STEP2 1〜3日後：担当者からご連絡 → カジュアル面談の日程調整
▶ STEP3 面談当日：カジュアル面談（1回のみ）→ 採用のご連絡

面談では、職場の雰囲気・1日の流れ・通勤のことなど、
気になることを何でも聞いてください。

✧ 入社日はご相談いただけます ✧
「すぐ働きたい」「少し先がいい」どちらのご希望にも対応します。",,即日勤務OK、交通費支給、残業なし,2,任意,生年月日、性別、電話番号,ntf-indeedapplicant-aaaatulx77tci2k2pr5yeqapva@shukatsu-labo.slack.com,,,利用しない,,
募集中,株式会社エイジェック,未経験｜検品・梱包｜株式会社エイジェック｜成田雇用開発センター,倉庫作業スタッフ,20～30代活躍中◎安定して働く｜成田市エリアの検品・梱包スタッフ,,千葉県 成田市 花崎町,,,正社員,はい,月給,250000,,最低額を表示,なし,,,,,,,固定時間制,160,,厚生年金、健康保険、雇用保険、労災保険,,なし,,,,,,,,,,,,,,,,,,"コツコツ作業が好きな方にぴったりの、検品・梱包のお仕事です。
勤務先は成田雇用開発センターが担当する成田市エリアの物流センター。1年中快適な温度に保たれた倉庫内で、自分の作業台を担当します。
成田雇用開発センターでは配属後も定期的に面談を行い、困りごとがあればすぐにフォローします。

▶ 入社後はこんな1日になります
09:00 朝礼。体調チェックと当日の出荷量を共有
09:15 午前は検品を担当。外観を目視で確認し、気になる商品は別置きにしてリーダーへ
12:00 昼休憩（60分）
13:00 午後は梱包。袋詰め→箱詰め→テープ留めの3工程を繰り返します
15:00 小休憩（15分）。自動販売機でジュースを買ってリフレッシュ
15:15 当日出荷分の最終チェックと仕分けを全員で仕上げます
17:45 作業スペースの清掃
18:00 退勤。残業は月平均6.5時間以内に収まっています

▶ 扱う商品・作業の具体例
✧ 衣類・タオル：ほつれや汚れがないか確認し、透明袋に入れます
✧ コスメ・ガラス小物：割れないよう緩衝材で包んでから箱へ
✧ 文房具・生活雑貨：品番と個数を納品書と照合し、まとめて袋詰め
✧ 出荷箱：伝票シールと「割れ物注意」などの注意シールを所定の位置に貼ります
どれも片手〜両手で持てるサイズで、重量物の持ち上げはありません。

▶ 教育・研修体制
入社初日は安全講習とオリエンテーションから。いきなり一人で現場に立つことはありません。
2日目以降は専任の先輩が隣について、検品・梱包の手順を実際にやって見せながら教えます。
最初の1週間は「見る→一緒にやる→一人でやる」の順で担当を広げ、1週間後にはひと通りの作業を経験できます。
成田雇用開発センターの担当者も定期的に様子を見に来るので、職場に言いにくいことも相談できます。

▶ 職場環境
✧ 空調完備：冷暖房が効いた清潔な室内で、夏も冬も快適
✧ 休憩室：電子レンジ・冷蔵庫・ポット・自動販売機あり。お弁当持参でもゆっくり過ごせます
✧ ロッカー：鍵付きの個人ロッカーで貴重品も安心
✧ 服装：髪色・ネイルは自由。動きやすい服装で通勤し、現場のルールに沿って作業します

▶ 千葉県成田市で働く
成田空港を抱え、航空貨物や輸入品を扱う物流拠点が集中するエリアです。
JR成田線・京成本線の成田駅が最寄りで、東関東道の成田ICも近い立地です。
成田雇用開発センターのスタッフが地域の勤務先を熟知しているため、「家から近い」「駅から通える」といった希望にも応えやすいのが強みです。

「ちゃんと正社員として働きたい」その一歩を、成田雇用開発センターで踏み出しませんか。ご応募をお待ちしています！","【成田市で働く5つの魅力】

✅ 資格・経験・学歴は不問
必要なのは「丁寧に確認する姿勢」だけ。仕事のやり方はすべて入社後にお伝えします。将来的に資格を取りたい方には資格取得支援制度と報奨金があり、キャリアの幅を広げられます。

✅ 残業は月平均6.5時間以内
定時で帰れる日がほとんど。仕事の後にジムや習い事に通ったり、家でゆっくりしたり、自分の時間をしっかり確保できます。

✅ 重い荷物はほとんどなし
扱うのは衣類・コスメ・文房具・小型雑貨など軽い商品が中心。重量物の持ち上げや力仕事はほぼなく、身体への負担を抑えて長く続けられます。

✅ 休憩室でしっかりリフレッシュ
昼休憩60分に加えて午後の小休憩があり、集中力を保ちやすいリズムです。休憩室にはポットやフリーWi-Fiもあります。

✅ 雇用開発センターが入社後も伴走
成田雇用開発センターの担当者が定期的に面談し、職場では言いにくい悩みも聞き取ります。「一人で放り出される」ことはありません。

✅ 地元成田市で腰を据えて働く
成田空港を抱え、航空貨物や輸入品を扱う物流拠点が集中するエリアです。JR成田線・京成本線の成田駅が最寄りで、東関東道の成田ICも近い立地です。

「自分にもできそう」と思えたら、それがスタートの合図。成田雇用開発センターでお待ちしています！","例外事由3号のイにより、長期キャリア形成を図るため、
35歳以下を募集しております。","【勤務時間】
★9:00~18:00
└実働8時間/休憩1時間

定時ダッシュも問題ないです✧
✧ 土日祝休み
✧ 残業月平均:6.5時間以内
✧ 残業代100%支給","✧ 完全週休2日制(土日祝休み)
✧ 年間休日125日
「土日休みはマスト!」ってあなたにも
ぴったりの職場です!

【その他休暇】
✧ 有給休暇
✧ 夏季・冬季休暇
✧ GW休暇
✧ 年末年始休暇",千葉県成田市花崎町,成田雇用開発センター,"月給:25万円~+交通費全額支給

※経験に応じて決定いたします。

# 昇給あり
# 賞与あり
# 残業代100%支給
# 交通費支給","・各種社会保険完備（健康保険・厚生年金・雇用保険・労災保険）
・時間外手当・深夜手当・職能手当・役職手当・資格手当・業務手当
・退職金制度
・借上げ社宅・社員寮制度（規定あり）
・会社指示による転居時の引越費用・家賃補助（規定あり）
・定期健康診断（年1回）
・特別休暇（慶弔休暇）・産前産後休暇・育児休暇・介護休暇
・資格取得支援制度・資格取得報奨金
・社内研修制度・認定職業訓練校
・作業着・靴・手袋など業務に必要な備品は会社支給
・提携保養所・提携企業割引
・産業医・カウンセラーによる相談窓口","■ 選考について ■
・カジュアル面談：1回のみ（服装自由・履歴書任意）
・応募から面談まで：WEB応募後、1〜3日以内にご連絡
・入社日：ご相談のうえ決定

■ 応募からの流れ ■
▶ STEP1 WEBから1分で応募
▶ STEP2 カジュアル面談（1回のみ）
▶ STEP3 採用

「まずは話だけ聞いてみたい」という方も、そのままご応募ください。
面談で無理に応募を勧めることはありません。",,即日勤務OK、交通費支給、残業なし,2,任意,生年月日、性別、電話番号,ntf-indeedapplicant-aaaatulx77tci2k2pr5yeqapva@shukatsu-labo.slack.com,,,利用しない,,
募集中,株式会社エイジェック,未経験｜検品・梱包｜株式会社エイジェック｜千葉雇用開発センター,倉庫作業スタッフ,20～30代活躍中◎千葉市中央区｜空調完備の倉庫でシンプル作業,,千葉県 千葉市 中央区 富士見,,,正社員,はい,月給,250000,,最低額を表示,なし,,,,,,,固定時間制,160,,厚生年金、健康保険、雇用保険、労災保険,,なし,,,,,,,,,,,,,,,,,,"千葉雇用開発センターが担当する千葉市中央区エリアの物流センターで、検品・梱包を担当する正社員スタッフを募集します！
扱うのは通販で人気のアパレル商品や雑貨、コスメなど。空調の効いたきれいな倉庫で、商品を確認して箱に詰めていくシンプルな作業です。
千葉雇用開発センターのスタッフが入社前から入社後まで伴走するので、初めての正社員でも安心してスタートできます。

▶ ある日のスケジュール
09:00 出勤・朝礼。リーダーから連絡事項と注意点の共有
09:10 ハンディ端末で商品のバーコードを読み取り、品番と個数を照合します
10:30 小休憩（10分）
12:00 昼休憩（60分）。お弁当派も外食派も、それぞれのスタイルで
13:00 午後は梱包。ダンボールを組み立て、商品が動かないように納めます
15:00 小休憩（15分）
15:15 出荷準備。伝票シールを貼って配送業者ごとにコンテナへ
17:45 清掃と日報の記入
18:00 定時退勤。土日祝休みなので、明日の予定も立てやすい！

▶ 扱う商品・作業の具体例
✧ 衣類・タオル：ほつれや汚れがないか確認し、透明袋に入れます
✧ コスメ・ガラス小物：割れないよう緩衝材で包んでから箱へ
✧ 文房具・生活雑貨：品番と個数を納品書と照合し、まとめて袋詰め
✧ 出荷箱：伝票シールと「割れ物注意」などの注意シールを所定の位置に貼ります
どれも片手〜両手で持てるサイズで、重量物の持ち上げはありません。

▶ 未経験の方向け 1週間プログラム
✧ 1日目：会社説明、安全講習、作業場の見学
✧ 2日目：先輩の隣で検品の実演を見学し、午後から一緒に作業
✧ 3日目：梱包の袋詰め・箱詰めを先輩と一緒に担当
✧ 4日目：シール貼りと仕分けを一人で担当。先輩は同じ作業台で見守ります
✧ 5日目：検品から仕分けまでを通しで経験
覚えることは3ステップの繰り返し。資格や専門知識は必要ありません。

▶ 働く環境
作業場は1年中空調が効いていて、「夏は暑くて汗だく」「冬は手がかじかむ」といった心配がありません。
休憩室は広く、電子レンジや冷蔵庫、自動販売機が揃っています。
鍵付きロッカーがあるので、貴重品の管理も安心。
服装や髪色は自由で、自分らしいスタイルのまま通勤できます。

▶ 千葉雇用開発センターならではの一言
JR千葉駅・京成千葉駅から徒歩圏で、県内各方面からの通勤に便利な立地です。
県の中心市街地で、仕事帰りの買い物や食事の選択肢が豊富なエリアです。
千葉雇用開発センターは千葉市中央区エリアの勤務先を担当しているので、ご自宅からの通いやすさも含めて配属先を一緒に考えます。

千葉雇用開発センターが、あなたのキャリアの第一歩を全力でサポートします。まずはお気軽にご応募ください！","【千葉雇用開発センターからのアピールポイント】

✅ 資格・経験・学歴は不問
必要なのは「丁寧に確認する姿勢」だけ。仕事のやり方はすべて入社後にお伝えします。将来的に資格を取りたい方には資格取得支援制度と報奨金があり、キャリアの幅を広げられます。

✅ 土日祝休み・年間休日125日
完全週休2日制でカレンダー通りに休めます。夏季・冬季休暇、GW、年末年始のまとまった休みもあり、旅行や帰省の予定も立てやすい働き方です。

✅ 重い荷物はほとんどなし
扱うのは衣類・コスメ・文房具・小型雑貨など軽い商品が中心。重量物の持ち上げや力仕事はほぼなく、身体への負担を抑えて長く続けられます。

✅ 休憩室でしっかりリフレッシュ
昼休憩60分に加えて午後の小休憩があり、集中力を保ちやすいリズムです。休憩室にはポットやフリーWi-Fiもあります。

✅ 全国に拠点があるから相談先が近い
千葉県内の勤務先を千葉雇用開発センターが担当しているため、通勤や配属の相談にすぐ対応できます。「家から近い職場がいい」といった希望も伝えてください。

✅ 千葉市中央区エリアで通いやすい
JR千葉駅・京成千葉駅から徒歩圏で、県内各方面からの通勤に便利な立地です。県の中心市街地で、仕事帰りの買い物や食事の選択肢が豊富なエリアです。

まずはカジュアル面談で、職場の雰囲気や1日の流れをお伝えします。お気軽にご応募ください！","例外事由3号のイにより、長期キャリア形成を図るため、
35歳以下を募集しております。","【勤務時間】
★9:00~18:00
└実働8時間/休憩1時間

定時ダッシュも問題ないです✧
✧ 土日祝休み
✧ 残業月平均:6.5時間以内
✧ 残業代100%支給","✧ 完全週休2日制(土日祝休み)
✧ 年間休日125日
「土日休みはマスト!」ってあなたにも
ぴったりの職場です!

【その他休暇】
✧ 有給休暇
✧ 夏季・冬季休暇
✧ GW休暇
✧ 年末年始休暇",千葉県千葉市中央区富士見2-3-1 塚本大千葉ビルディング9F,千葉雇用開発センター,"月給:25万円~+交通費全額支給

※経験に応じて決定いたします。

# 昇給あり
# 賞与あり
# 残業代100%支給
# 交通費支給","・各種社会保険完備（健康保険・厚生年金・雇用保険・労災保険）
・時間外手当・深夜手当・職能手当・役職手当・資格手当・業務手当
・退職金制度
・借上げ社宅・社員寮制度（規定あり）
・会社指示による転居時の引越費用・家賃補助（規定あり）
・定期健康診断（年1回）
・特別休暇（慶弔休暇）・産前産後休暇・育児休暇・介護休暇
・資格取得支援制度・資格取得報奨金
・社内研修制度・認定職業訓練校
・作業着・靴・手袋など業務に必要な備品は会社支給
・提携保養所・提携企業割引
・産業医・カウンセラーによる相談窓口","✧ カジュアル面談実施中です ✧

応募に必要なのは人柄だけ。
まずはあなたのご希望を聞かせてください。

■ 応募からの流れ ■
▶ STEP1 WEBから1分で簡単応募
1〜3日以内に担当者からご連絡します。
▶ STEP2 カジュアル面談（1回のみ）
職場の雰囲気や1日の流れをお伝えし、ご希望を伺います。
▶ STEP3 採用

※入社日はご相談いただけます◎
在職中の方も、お気軽にご相談ください。",,即日勤務OK、交通費支給、残業なし,2,任意,生年月日、性別、電話番号,ntf-indeedapplicant-aaaatulx77tci2k2pr5yeqapva@shukatsu-labo.slack.com,,,利用しない,,
募集中,株式会社エイジェック,未経験｜検品・梱包｜株式会社エイジェック｜海老名雇用開発センター,倉庫作業スタッフ,20～30代活躍中◎定時退勤が基本｜海老名市で検品・梱包の正社員,,神奈川県 海老名市 中央,,,正社員,はい,月給,250000,,最低額を表示,なし,,,,,,,固定時間制,160,,厚生年金、健康保険、雇用保険、労災保険,,なし,,,,,,,,,,,,,,,,,,"「未経験から、ちゃんとした正社員として働きたい」その気持ちを海老名雇用開発センターが応援します。
勤務先は海老名雇用開発センターが担当する海老名市エリアの物流センター。届いた商品に不備がないかをチェックし、丁寧に梱包して出荷準備をするお仕事です。
冷暖房完備の室内で、重い荷物を運ぶことはほとんどありません。

▶ 入社後はこんな1日になります
09:00 朝礼。体調チェックと当日の出荷量を共有
09:15 午前は検品を担当。外観を目視で確認し、気になる商品は別置きにしてリーダーへ
12:00 昼休憩（60分）
13:00 午後は梱包。袋詰め→箱詰め→テープ留めの3工程を繰り返します
15:00 小休憩（15分）。自動販売機でジュースを買ってリフレッシュ
15:15 当日出荷分の最終チェックと仕分けを全員で仕上げます
17:45 作業スペースの清掃
18:00 退勤。残業は月平均6.5時間以内に収まっています

▶ 作業は3ステップ
1. 検品：商品を手に取り、傷・汚れ・数量を確認。迷ったら「保留」箱に入れてリーダーに聞くだけ
2. 梱包：商品に合わせて袋・緩衝材・箱を選び、動かないように納めてテープで封をします
3. 仕分け：伝票シールを貼り、配送地域ごとのコンテナへ
衣類・雑貨・コスメ・文房具などの軽い商品が中心で、フォークリフトなどの機械操作はありません。

▶ 未経験の方向け 1週間プログラム
✧ 1日目：会社説明、安全講習、作業場の見学
✧ 2日目：先輩の隣で検品の実演を見学し、午後から一緒に作業
✧ 3日目：梱包の袋詰め・箱詰めを先輩と一緒に担当
✧ 4日目：シール貼りと仕分けを一人で担当。先輩は同じ作業台で見守ります
✧ 5日目：検品から仕分けまでを通しで経験
覚えることは3ステップの繰り返し。資格や専門知識は必要ありません。

▶ 設備のポイント
✧ 冷暖房完備の室内作業で、季節や天候に左右されません
✧ 休憩室に電子レンジ・冷蔵庫・ポットがあり、フリーWi-Fiも使えます
✧ 個人用の鍵付きロッカーを完備
✧ 髪色・ネイル・服装は自由。清潔感があれば普段のスタイルのままで大丈夫

▶ 神奈川県海老名市で働く
駅周辺に大型商業施設が集まり、仕事帰りの買い物にも便利な街です。
小田急線・相鉄線・JR相模線の3路線が乗り入れる海老名駅が最寄りで、県内各方面から通いやすい立地です。
海老名雇用開発センターのスタッフが地域の勤務先を熟知しているため、「家から近い」「駅から通える」といった希望にも応えやすいのが強みです。

海老名雇用開発センターが、あなたのキャリアの第一歩を全力でサポートします。まずはお気軽にご応募ください！","【海老名市で働く5つの魅力】

✅ マンツーマンで教えるから覚えやすい
専任の先輩が隣について、実演しながら手順を説明します。最初はシール貼りやダンボールの組み立てから始め、1週間でひと通りの流れを経験できるプログラムです。

✅ 9:00〜18:00の固定時間制
毎日同じリズムで働けるので、生活のペースが安定します。土日祝がお休みなので、友人や家族との予定も合わせやすい環境です。

✅ 黙々・コツコツ派にぴったり
ノルマはなく、接客もありません。「一人で集中して作業したい」「人間関係のストレスを減らしたい」という方に向いている環境です。

✅ 髪色・ネイル・服装は自由
清潔感があれば普段のスタイルのままで大丈夫。動きやすい服装で通勤し、現場のルールに沿って作業します。

✅ 正社員としての安定と成長
正社員雇用に加え、社会保険完備、退職金制度、資格取得支援と報奨金などの制度があります。検品・梱包からスタートし、リーダーや別工程へのステップアップも目指せます。

✅ 海老名市エリアで通いやすい
小田急線・相鉄線・JR相模線の3路線が乗り入れる海老名駅が最寄りで、県内各方面から通いやすい立地です。駅周辺に大型商業施設が集まり、仕事帰りの買い物にも便利な街です。

「自分にもできそう」と思えたら、それがスタートの合図。海老名雇用開発センターでお待ちしています！","例外事由3号のイにより、長期キャリア形成を図るため、
35歳以下を募集しております。","【勤務時間】
★9:00~18:00
└実働8時間/休憩1時間

定時ダッシュも問題ないです✧
✧ 土日祝休み
✧ 残業月平均:6.5時間以内
✧ 残業代100%支給","✧ 完全週休2日制(土日祝休み)
✧ 年間休日125日
「土日休みはマスト!」ってあなたにも
ぴったりの職場です!

【その他休暇】
✧ 有給休暇
✧ 夏季・冬季休暇
✧ GW休暇
✧ 年末年始休暇",神奈川県海老名市中央,海老名雇用開発センター,"月給:25万円~+交通費全額支給

※経験に応じて決定いたします。

# 昇給あり
# 賞与あり
# 残業代100%支給
# 交通費支給","・各種社会保険完備（健康保険・厚生年金・雇用保険・労災保険）
・時間外手当・深夜手当・職能手当・役職手当・資格手当・業務手当
・退職金制度
・借上げ社宅・社員寮制度（規定あり）
・会社指示による転居時の引越費用・家賃補助（規定あり）
・定期健康診断（年1回）
・特別休暇（慶弔休暇）・産前産後休暇・育児休暇・介護休暇
・資格取得支援制度・資格取得報奨金
・社内研修制度・認定職業訓練校
・作業着・靴・手袋など業務に必要な備品は会社支給
・提携保養所・提携企業割引
・産業医・カウンセラーによる相談窓口","【応募前の「気になる」にお答えします】

Q. 面接は堅苦しいですか？
A. いいえ。カジュアル面談を1回行うだけです。服装も自由、履歴書も任意です。

Q. 応募してからどのくらいで決まりますか？
A. 3ステップで進みます。
▶ STEP1 WEBから応募（1分）→ 1〜3日以内にご連絡
▶ STEP2 カジュアル面談（1回のみ）
▶ STEP3 採用

Q. すぐには入社できないのですが…
A. 入社日はご相談いただけます。今のお仕事の引き継ぎ期間なども考慮します。",,即日勤務OK、交通費支給、残業なし,2,任意,生年月日、性別、電話番号,ntf-indeedapplicant-aaaatulx77tci2k2pr5yeqapva@shukatsu-labo.slack.com,,,利用しない,,
募集中,株式会社エイジェック,未経験｜検品・梱包｜株式会社エイジェック｜相模原雇用開発センター,倉庫作業スタッフ,20～30代活躍中◎相模原市中央区｜雇用開発センターが入社後もサポート,,神奈川県 相模原市 中央区 相模原,,,正社員,はい,月給,250000,,最低額を表示,なし,,,,,,,固定時間制,160,,厚生年金、健康保険、雇用保険、労災保険,,なし,,,,,,,,,,,,,,,,,,"神奈川県相模原市中央区エリアで、検品・梱包スタッフ（正社員）を募集しています。
勤務先は相模原雇用開発センターが担当する相模原市中央区エリアの物流センター。衣類・コスメ・文房具などの軽い商品を、目で確認し、数を合わせ、袋や箱に納める作業が中心です。
「難しいことは苦手」という方でも、3日ほどで流れがつかめるシンプルな仕事です。

▶ 1日の流れ（9:00〜18:00・休憩1時間）
09:00 朝礼。今日の出荷予定と担当作業を確認します
09:15 検品スタート。商品の傷・汚れ・数量を納品書と照らし合わせてチェック
12:00 昼休憩（60分）。休憩室で昼食。電子レンジや冷蔵庫も使えます
13:00 梱包スタート。袋詰め、緩衝材で包む、箱に納めるの繰り返し
15:00 小休憩（15分）。飲み物を片手にひと息
15:15 ラベル貼りと出荷先ごとの仕分け
17:45 作業台の片づけと翌日の資材準備
18:00 退勤！残業は月平均6.5時間以内で、定時に帰れる日が大半です

▶ 作業は3ステップ
1. 検品：商品を手に取り、傷・汚れ・数量を確認。迷ったら「保留」箱に入れてリーダーに聞くだけ
2. 梱包：商品に合わせて袋・緩衝材・箱を選び、動かないように納めてテープで封をします
3. 仕分け：伝票シールを貼り、配送地域ごとのコンテナへ
衣類・雑貨・コスメ・文房具などの軽い商品が中心で、フォークリフトなどの機械操作はありません。

▶ 入社後1週間の流れ
1日目：相模原雇用開発センターでオリエンテーション。安全ルールや勤怠の付け方、勤務先の設備を案内します
2〜3日目：先輩スタッフがマンツーマンで隣につき、検品の見方と梱包の手順を実演しながら説明
4〜5日目：シール貼りやダンボールの組み立てから一人で担当。分からないことはその場で質問できます
1週間後：検品〜仕分けまでの流れをひと通り経験し、自分のペースで進められるように
「早ければ半日、遅くとも2〜3日で一人立ち」が現場の目安ですが、慣れるまで焦らず伴走します。

▶ 働く環境
作業場は1年中空調が効いていて、「夏は暑くて汗だく」「冬は手がかじかむ」といった心配がありません。
休憩室は広く、電子レンジや冷蔵庫、自動販売機が揃っています。
鍵付きロッカーがあるので、貴重品の管理も安心。
服装や髪色は自由で、自分らしいスタイルのまま通勤できます。

▶ 神奈川県相模原市中央区で働く
市の中心部として商業と住宅がバランスよく揃った、生活しやすい地域です。
JR横浜線の相模原駅・淵野辺駅が最寄りで、町田・八王子方面からも通いやすい立地です。
相模原雇用開発センターのスタッフが地域の勤務先を熟知しているため、「家から近い」「駅から通える」といった希望にも応えやすいのが強みです。

「ちゃんと正社員として働きたい」その一歩を、相模原雇用開発センターで踏み出しませんか。ご応募をお待ちしています！","【相模原雇用開発センターからのアピールポイント】

✅ マンツーマンで教えるから覚えやすい
専任の先輩が隣について、実演しながら手順を説明します。最初はシール貼りやダンボールの組み立てから始め、1週間でひと通りの流れを経験できるプログラムです。

✅ 残業は月平均6.5時間以内
定時で帰れる日がほとんど。仕事の後にジムや習い事に通ったり、家でゆっくりしたり、自分の時間をしっかり確保できます。

✅ 黙々・コツコツ派にぴったり
ノルマはなく、接客もありません。「一人で集中して作業したい」「人間関係のストレスを減らしたい」という方に向いている環境です。

✅ 髪色・ネイル・服装は自由
清潔感があれば普段のスタイルのままで大丈夫。動きやすい服装で通勤し、現場のルールに沿って作業します。

✅ 雇用開発センターが入社後も伴走
相模原雇用開発センターの担当者が定期的に面談し、職場では言いにくい悩みも聞き取ります。「一人で放り出される」ことはありません。

✅ 相模原市中央区エリアで通いやすい
JR横浜線の相模原駅・淵野辺駅が最寄りで、町田・八王子方面からも通いやすい立地です。市の中心部として商業と住宅がバランスよく揃った、生活しやすい地域です。

まずはカジュアル面談で、職場の雰囲気や1日の流れをお伝えします。お気軽にご応募ください！","例外事由3号のイにより、長期キャリア形成を図るため、
35歳以下を募集しております。","【勤務時間】
★9:00~18:00
└実働8時間/休憩1時間

定時ダッシュも問題ないです✧
✧ 土日祝休み
✧ 残業月平均:6.5時間以内
✧ 残業代100%支給","✧ 完全週休2日制(土日祝休み)
✧ 年間休日125日
「土日休みはマスト!」ってあなたにも
ぴったりの職場です!

【その他休暇】
✧ 有給休暇
✧ 夏季・冬季休暇
✧ GW休暇
✧ 年末年始休暇",神奈川県相模原市中央区相模原,相模原雇用開発センター,"月給:25万円~+交通費全額支給

※経験に応じて決定いたします。

# 昇給あり
# 賞与あり
# 残業代100%支給
# 交通費支給","・各種社会保険完備（健康保険・厚生年金・雇用保険・労災保険）
・時間外手当・深夜手当・職能手当・役職手当・資格手当・業務手当
・退職金制度
・借上げ社宅・社員寮制度（規定あり）
・会社指示による転居時の引越費用・家賃補助（規定あり）
・定期健康診断（年1回）
・特別休暇（慶弔休暇）・産前産後休暇・育児休暇・介護休暇
・資格取得支援制度・資格取得報奨金
・社内研修制度・認定職業訓練校
・作業着・靴・手袋など業務に必要な備品は会社支給
・提携保養所・提携企業割引
・産業医・カウンセラーによる相談窓口","まずは「話を聞いてみる」だけで大丈夫です。

当社ではカジュアル面談を実施しています。
志望動機や自己PRの準備は不要。
「どんな職場？」「本当に未経験でもできる？」といった疑問に、担当者が率直にお答えします。

■ 応募から入社までの3STEP ■
▶ STEP1 WEB応募（1分）
▶ STEP2 カジュアル面談（1回のみ・1〜3日以内にご連絡）
▶ STEP3 採用・入社日のご相談

入社日は柔軟に調整できます。
「来月から」「今の仕事を辞めてから」など、ご都合をお聞かせください。",,即日勤務OK、交通費支給、残業なし,2,任意,生年月日、性別、電話番号,ntf-indeedapplicant-aaaatulx77tci2k2pr5yeqapva@shukatsu-labo.slack.com,,,利用しない,,
募集中,株式会社エイジェック,未経験｜検品・梱包｜株式会社エイジェック｜藤沢雇用開発センター,倉庫作業スタッフ,20～30代活躍中◎重い物なし｜藤沢市の物流センターで検品・梱包,,神奈川県 藤沢市 藤沢,,,正社員,はい,月給,250000,,最低額を表示,なし,,,,,,,固定時間制,160,,厚生年金、健康保険、雇用保険、労災保険,,なし,,,,,,,,,,,,,,,,,,"コツコツ作業が好きな方にぴったりの、検品・梱包のお仕事です。
勤務先は藤沢雇用開発センターが担当する藤沢市エリアの物流センター。1年中快適な温度に保たれた倉庫内で、自分の作業台を担当します。
藤沢雇用開発センターでは配属後も定期的に面談を行い、困りごとがあればすぐにフォローします。

▶ ある日のスケジュール
09:00 出勤・朝礼。リーダーから連絡事項と注意点の共有
09:10 ハンディ端末で商品のバーコードを読み取り、品番と個数を照合します
10:30 小休憩（10分）
12:00 昼休憩（60分）。お弁当派も外食派も、それぞれのスタイルで
13:00 午後は梱包。ダンボールを組み立て、商品が動かないように納めます
15:00 小休憩（15分）
15:15 出荷準備。伝票シールを貼って配送業者ごとにコンテナへ
17:45 清掃と日報の記入
18:00 定時退勤。土日祝休みなので、明日の予定も立てやすい！

▶ こんな商品を扱います
通販サイトで人気のアパレル商品、生活雑貨、コスメ、文房具が中心です。
✧ シャツやタオルを畳んで透明袋へ
✧ コスメ容器のひび割れを目視で確認
✧ 文房具のセット品を指定の個数で袋詰め
✧ 箱にラベルを貼って配送業者ごとの台車へ
作業台の高さは調整されていて、身体への負担を抑えて働けます。

▶ 教育・研修体制
入社初日は安全講習とオリエンテーションから。いきなり一人で現場に立つことはありません。
2日目以降は専任の先輩が隣について、検品・梱包の手順を実際にやって見せながら教えます。
最初の1週間は「見る→一緒にやる→一人でやる」の順で担当を広げ、1週間後にはひと通りの作業を経験できます。
藤沢雇用開発センターの担当者も定期的に様子を見に来るので、職場に言いにくいことも相談できます。

▶ 設備のポイント
✧ 冷暖房完備の室内作業で、季節や天候に左右されません
✧ 休憩室に電子レンジ・冷蔵庫・ポットがあり、フリーWi-Fiも使えます
✧ 個人用の鍵付きロッカーを完備
✧ 髪色・ネイル・服装は自由。清潔感があれば普段のスタイルのままで大丈夫

▶ 藤沢雇用開発センターならではの一言
JR東海道線・小田急江ノ島線・江ノ電が使える藤沢駅が最寄りで、湘南エリアの交通の中心です。
海が近い湘南の街で、休日はゆったり過ごしたい方にも人気のエリアです。
藤沢雇用開発センターは藤沢市エリアの勤務先を担当しているので、ご自宅からの通いやすさも含めて配属先を一緒に考えます。

藤沢雇用開発センターが、あなたのキャリアの第一歩を全力でサポートします。まずはお気軽にご応募ください！","【藤沢市で働く5つの魅力】

✅ 先輩の9割以上が未経験スタート
「商品を手に取る」「傷がないか見る」「箱に入れる」の3ステップが仕事の基本。専門用語も複雑な機械操作もなく、初日は安全講習とオリエンテーションから始まるので安心です。

✅ 土日祝休み・年間休日125日
完全週休2日制でカレンダー通りに休めます。夏季・冬季休暇、GW、年末年始のまとまった休みもあり、旅行や帰省の予定も立てやすい働き方です。

✅ 黙々・コツコツ派にぴったり
ノルマはなく、接客もありません。「一人で集中して作業したい」「人間関係のストレスを減らしたい」という方に向いている環境です。

✅ 髪色・ネイル・服装は自由
清潔感があれば普段のスタイルのままで大丈夫。動きやすい服装で通勤し、現場のルールに沿って作業します。

✅ 全国に拠点があるから相談先が近い
神奈川県内の勤務先を藤沢雇用開発センターが担当しているため、通勤や配属の相談にすぐ対応できます。「家から近い職場がいい」といった希望も伝えてください。

✅ 地元藤沢市で腰を据えて働く
海が近い湘南の街で、休日はゆったり過ごしたい方にも人気のエリアです。JR東海道線・小田急江ノ島線・江ノ電が使える藤沢駅が最寄りで、湘南エリアの交通の中心です。

まずはカジュアル面談で、職場の雰囲気や1日の流れをお伝えします。お気軽にご応募ください！","例外事由3号のイにより、長期キャリア形成を図るため、
35歳以下を募集しております。","【勤務時間】
★9:00~18:00
└実働8時間/休憩1時間

定時ダッシュも問題ないです✧
✧ 土日祝休み
✧ 残業月平均:6.5時間以内
✧ 残業代100%支給","✧ 完全週休2日制(土日祝休み)
✧ 年間休日125日
「土日休みはマスト!」ってあなたにも
ぴったりの職場です!

【その他休暇】
✧ 有給休暇
✧ 夏季・冬季休暇
✧ GW休暇
✧ 年末年始休暇",神奈川県藤沢市藤沢,藤沢雇用開発センター,"月給:25万円~+交通費全額支給

※経験に応じて決定いたします。

# 昇給あり
# 賞与あり
# 残業代100%支給
# 交通費支給","・各種社会保険完備（健康保険・厚生年金・雇用保険・労災保険）
・時間外手当・深夜手当・職能手当・役職手当・資格手当・業務手当
・退職金制度
・借上げ社宅・社員寮制度（規定あり）
・会社指示による転居時の引越費用・家賃補助（規定あり）
・定期健康診断（年1回）
・特別休暇（慶弔休暇）・産前産後休暇・育児休暇・介護休暇
・資格取得支援制度・資格取得報奨金
・社内研修制度・認定職業訓練校
・作業着・靴・手袋など業務に必要な備品は会社支給
・提携保養所・提携企業割引
・産業医・カウンセラーによる相談窓口","【最短スケジュールのイメージ】

▶ STEP1 今日：WEBから1分で応募
▶ STEP2 1〜3日後：担当者からご連絡 → カジュアル面談の日程調整
▶ STEP3 面談当日：カジュアル面談（1回のみ）→ 採用のご連絡

面談では、職場の雰囲気・1日の流れ・通勤のことなど、
気になることを何でも聞いてください。

✧ 入社日はご相談いただけます ✧
「すぐ働きたい」「少し先がいい」どちらのご希望にも対応します。",,即日勤務OK、交通費支給、残業なし,2,任意,生年月日、性別、電話番号,ntf-indeedapplicant-aaaatulx77tci2k2pr5yeqapva@shukatsu-labo.slack.com,,,利用しない,,
募集中,株式会社エイジェック,未経験｜検品・梱包｜株式会社エイジェック｜川崎雇用開発センター,倉庫作業スタッフ,20～30代活躍中◎川崎市川崎区｜正社員として検品・梱包デビュー,,神奈川県 川崎市 川崎区 駅前本町,,,正社員,はい,月給,250000,,最低額を表示,なし,,,,,,,固定時間制,160,,厚生年金、健康保険、雇用保険、労災保険,,なし,,,,,,,,,,,,,,,,,,"川崎雇用開発センターが担当する川崎市川崎区エリアの物流センターで、検品・梱包を担当する正社員スタッフを募集します！
扱うのは通販で人気のアパレル商品や雑貨、コスメなど。空調の効いたきれいな倉庫で、商品を確認して箱に詰めていくシンプルな作業です。
川崎雇用開発センターのスタッフが入社前から入社後まで伴走するので、初めての正社員でも安心してスタートできます。

▶ 1日の流れ（9:00〜18:00・休憩1時間）
09:00 朝礼。今日の出荷予定と担当作業を確認します
09:15 検品スタート。商品の傷・汚れ・数量を納品書と照らし合わせてチェック
12:00 昼休憩（60分）。休憩室で昼食。電子レンジや冷蔵庫も使えます
13:00 梱包スタート。袋詰め、緩衝材で包む、箱に納めるの繰り返し
15:00 小休憩（15分）。飲み物を片手にひと息
15:15 ラベル貼りと出荷先ごとの仕分け
17:45 作業台の片づけと翌日の資材準備
18:00 退勤！残業は月平均6.5時間以内で、定時に帰れる日が大半です

▶ こんな商品を扱います
通販サイトで人気のアパレル商品、生活雑貨、コスメ、文房具が中心です。
✧ シャツやタオルを畳んで透明袋へ
✧ コスメ容器のひび割れを目視で確認
✧ 文房具のセット品を指定の個数で袋詰め
✧ 箱にラベルを貼って配送業者ごとの台車へ
作業台の高さは調整されていて、身体への負担を抑えて働けます。

▶ 未経験の方向け 1週間プログラム
✧ 1日目：会社説明、安全講習、作業場の見学
✧ 2日目：先輩の隣で検品の実演を見学し、午後から一緒に作業
✧ 3日目：梱包の袋詰め・箱詰めを先輩と一緒に担当
✧ 4日目：シール貼りと仕分けを一人で担当。先輩は同じ作業台で見守ります
✧ 5日目：検品から仕分けまでを通しで経験
覚えることは3ステップの繰り返し。資格や専門知識は必要ありません。

▶ 職場環境
✧ 空調完備：冷暖房が効いた清潔な室内で、夏も冬も快適
✧ 休憩室：電子レンジ・冷蔵庫・ポット・自動販売機あり。お弁当持参でもゆっくり過ごせます
✧ ロッカー：鍵付きの個人ロッカーで貴重品も安心
✧ 服装：髪色・ネイルは自由。動きやすい服装で通勤し、現場のルールに沿って作業します

▶ 川崎雇用開発センターならではの一言
JR川崎駅・京急川崎駅が最寄りで、東京・横浜のどちらからも短時間で通えます。
臨海部に工場や物流倉庫が集まる川崎の中心エリアで、製造・物流の仕事が身近です。
川崎雇用開発センターは川崎市川崎区エリアの勤務先を担当しているので、ご自宅からの通いやすさも含めて配属先を一緒に考えます。

「ちゃんと正社員として働きたい」その一歩を、川崎雇用開発センターで踏み出しませんか。ご応募をお待ちしています！","【川崎雇用開発センターからのアピールポイント】

✅ 先輩の9割以上が未経験スタート
「商品を手に取る」「傷がないか見る」「箱に入れる」の3ステップが仕事の基本。専門用語も複雑な機械操作もなく、初日は安全講習とオリエンテーションから始まるので安心です。

✅ 9:00〜18:00の固定時間制
毎日同じリズムで働けるので、生活のペースが安定します。土日祝がお休みなので、友人や家族との予定も合わせやすい環境です。

✅ 重い荷物はほとんどなし
扱うのは衣類・コスメ・文房具・小型雑貨など軽い商品が中心。重量物の持ち上げや力仕事はほぼなく、身体への負担を抑えて長く続けられます。

✅ 髪色・ネイル・服装は自由
清潔感があれば普段のスタイルのままで大丈夫。動きやすい服装で通勤し、現場のルールに沿って作業します。

✅ 正社員としての安定と成長
正社員雇用に加え、社会保険完備、退職金制度、資格取得支援と報奨金などの制度があります。検品・梱包からスタートし、リーダーや別工程へのステップアップも目指せます。

✅ 地元川崎市川崎区で腰を据えて働く
臨海部に工場や物流倉庫が集まる川崎の中心エリアで、製造・物流の仕事が身近です。JR川崎駅・京急川崎駅が最寄りで、東京・横浜のどちらからも短時間で通えます。

「自分にもできそう」と思えたら、それがスタートの合図。川崎雇用開発センターでお待ちしています！","例外事由3号のイにより、長期キャリア形成を図るため、
35歳以下を募集しております。","【勤務時間】
★9:00~18:00
└実働8時間/休憩1時間

定時ダッシュも問題ないです✧
✧ 土日祝休み
✧ 残業月平均:6.5時間以内
✧ 残業代100%支給","✧ 完全週休2日制(土日祝休み)
✧ 年間休日125日
「土日休みはマスト!」ってあなたにも
ぴったりの職場です!

【その他休暇】
✧ 有給休暇
✧ 夏季・冬季休暇
✧ GW休暇
✧ 年末年始休暇",神奈川県川崎市川崎区駅前本町,川崎雇用開発センター,"月給:25万円~+交通費全額支給

※経験に応じて決定いたします。

# 昇給あり
# 賞与あり
# 残業代100%支給
# 交通費支給","・各種社会保険完備（健康保険・厚生年金・雇用保険・労災保険）
・時間外手当・深夜手当・職能手当・役職手当・資格手当・業務手当
・退職金制度
・借上げ社宅・社員寮制度（規定あり）
・会社指示による転居時の引越費用・家賃補助（規定あり）
・定期健康診断（年1回）
・特別休暇（慶弔休暇）・産前産後休暇・育児休暇・介護休暇
・資格取得支援制度・資格取得報奨金
・社内研修制度・認定職業訓練校
・作業着・靴・手袋など業務に必要な備品は会社支給
・提携保養所・提携企業割引
・産業医・カウンセラーによる相談窓口","■ 選考について ■
・カジュアル面談：1回のみ（服装自由・履歴書任意）
・応募から面談まで：WEB応募後、1〜3日以内にご連絡
・入社日：ご相談のうえ決定

■ 応募からの流れ ■
▶ STEP1 WEBから1分で応募
▶ STEP2 カジュアル面談（1回のみ）
▶ STEP3 採用

「まずは話だけ聞いてみたい」という方も、そのままご応募ください。
面談で無理に応募を勧めることはありません。",,即日勤務OK、交通費支給、残業なし,2,任意,生年月日、性別、電話番号,ntf-indeedapplicant-aaaatulx77tci2k2pr5yeqapva@shukatsu-labo.slack.com,,,利用しない,,
募集中,株式会社エイジェック,未経験｜検品・梱包｜株式会社エイジェック｜厚木雇用開発センター,倉庫作業スタッフ,20～30代活躍中◎未経験からキャリアの第一歩｜厚木市の検品・梱包,,神奈川県 厚木市 中町,,,正社員,はい,月給,250000,,最低額を表示,なし,,,,,,,固定時間制,160,,厚生年金、健康保険、雇用保険、労災保険,,なし,,,,,,,,,,,,,,,,,,"「未経験から、ちゃんとした正社員として働きたい」その気持ちを厚木雇用開発センターが応援します。
勤務先は厚木雇用開発センターが担当する厚木市エリアの物流センター。届いた商品に不備がないかをチェックし、丁寧に梱包して出荷準備をするお仕事です。
冷暖房完備の室内で、重い荷物を運ぶことはほとんどありません。

▶ ある日のスケジュール
09:00 出勤・朝礼。リーダーから連絡事項と注意点の共有
09:10 ハンディ端末で商品のバーコードを読み取り、品番と個数を照合します
10:30 小休憩（10分）
12:00 昼休憩（60分）。お弁当派も外食派も、それぞれのスタイルで
13:00 午後は梱包。ダンボールを組み立て、商品が動かないように納めます
15:00 小休憩（15分）
15:15 出荷準備。伝票シールを貼って配送業者ごとにコンテナへ
17:45 清掃と日報の記入
18:00 定時退勤。土日祝休みなので、明日の予定も立てやすい！

▶ お仕事の中身
✧ 検品：商品の外観チェック（傷・汚れ・へこみ）と数量・品番の照合
✧ スキャン：バーコードリーダーで「ピッ」と読み取ってデータと突き合わせ
✧ 梱包：袋詰め、緩衝材包装、ダンボールの組み立てと箱詰め、テープ留め
✧ 仕上げ：ラベル貼りと配送地域別の仕分け
扱うのはアパレル、コスメ、文房具、小型雑貨など。繰り返すうちに自然と手が覚える作業です。

▶ 入社後1週間の流れ
1日目：厚木雇用開発センターでオリエンテーション。安全ルールや勤怠の付け方、勤務先の設備を案内します
2〜3日目：先輩スタッフがマンツーマンで隣につき、検品の見方と梱包の手順を実演しながら説明
4〜5日目：シール貼りやダンボールの組み立てから一人で担当。分からないことはその場で質問できます
1週間後：検品〜仕分けまでの流れをひと通り経験し、自分のペースで進められるように
「早ければ半日、遅くとも2〜3日で一人立ち」が現場の目安ですが、慣れるまで焦らず伴走します。

▶ 設備のポイント
✧ 冷暖房完備の室内作業で、季節や天候に左右されません
✧ 休憩室に電子レンジ・冷蔵庫・ポットがあり、フリーWi-Fiも使えます
✧ 個人用の鍵付きロッカーを完備
✧ 髪色・ネイル・服装は自由。清潔感があれば普段のスタイルのままで大丈夫

▶ 神奈川県厚木市で働く
県央エリアの物流拠点が集まる街で、大型の配送センターが数多く立地しています。
小田急線の本厚木駅が最寄りで、東名高速・圏央道のICも近く車通勤にも向いています。
厚木雇用開発センターのスタッフが地域の勤務先を熟知しているため、「家から近い」「駅から通える」といった希望にも応えやすいのが強みです。

「ちゃんと正社員として働きたい」その一歩を、厚木雇用開発センターで踏み出しませんか。ご応募をお待ちしています！","【厚木市で働く5つの魅力】

✅ 資格・経験・学歴は不問
必要なのは「丁寧に確認する姿勢」だけ。仕事のやり方はすべて入社後にお伝えします。将来的に資格を取りたい方には資格取得支援制度と報奨金があり、キャリアの幅を広げられます。

✅ 土日祝休み・年間休日125日
完全週休2日制でカレンダー通りに休めます。夏季・冬季休暇、GW、年末年始のまとまった休みもあり、旅行や帰省の予定も立てやすい働き方です。

✅ 重い荷物はほとんどなし
扱うのは衣類・コスメ・文房具・小型雑貨など軽い商品が中心。重量物の持ち上げや力仕事はほぼなく、身体への負担を抑えて長く続けられます。

✅ 髪色・ネイル・服装は自由
清潔感があれば普段のスタイルのままで大丈夫。動きやすい服装で通勤し、現場のルールに沿って作業します。

✅ 雇用開発センターが入社後も伴走
厚木雇用開発センターの担当者が定期的に面談し、職場では言いにくい悩みも聞き取ります。「一人で放り出される」ことはありません。

✅ 地元厚木市で腰を据えて働く
県央エリアの物流拠点が集まる街で、大型の配送センターが数多く立地しています。小田急線の本厚木駅が最寄りで、東名高速・圏央道のICも近く車通勤にも向いています。

まずはカジュアル面談で、職場の雰囲気や1日の流れをお伝えします。お気軽にご応募ください！","例外事由3号のイにより、長期キャリア形成を図るため、
35歳以下を募集しております。","【勤務時間】
★9:00~18:00
└実働8時間/休憩1時間

定時ダッシュも問題ないです✧
✧ 土日祝休み
✧ 残業月平均:6.5時間以内
✧ 残業代100%支給","✧ 完全週休2日制(土日祝休み)
✧ 年間休日125日
「土日休みはマスト!」ってあなたにも
ぴったりの職場です!

【その他休暇】
✧ 有給休暇
✧ 夏季・冬季休暇
✧ GW休暇
✧ 年末年始休暇",神奈川県厚木市中町,厚木雇用開発センター,"月給:25万円~+交通費全額支給

※経験に応じて決定いたします。

# 昇給あり
# 賞与あり
# 残業代100%支給
# 交通費支給","・各種社会保険完備（健康保険・厚生年金・雇用保険・労災保険）
・時間外手当・深夜手当・職能手当・役職手当・資格手当・業務手当
・退職金制度
・借上げ社宅・社員寮制度（規定あり）
・会社指示による転居時の引越費用・家賃補助（規定あり）
・定期健康診断（年1回）
・特別休暇（慶弔休暇）・産前産後休暇・育児休暇・介護休暇
・資格取得支援制度・資格取得報奨金
・社内研修制度・認定職業訓練校
・作業着・靴・手袋など業務に必要な備品は会社支給
・提携保養所・提携企業割引
・産業医・カウンセラーによる相談窓口","✧ カジュアル面談実施中です ✧

応募に必要なのは人柄だけ。
まずはあなたのご希望を聞かせてください。

■ 応募からの流れ ■
▶ STEP1 WEBから1分で簡単応募
1〜3日以内に担当者からご連絡します。
▶ STEP2 カジュアル面談（1回のみ）
職場の雰囲気や1日の流れをお伝えし、ご希望を伺います。
▶ STEP3 採用

※入社日はご相談いただけます◎
在職中の方も、お気軽にご相談ください。",,即日勤務OK、交通費支給、残業なし,2,任意,生年月日、性別、電話番号,ntf-indeedapplicant-aaaatulx77tci2k2pr5yeqapva@shukatsu-labo.slack.com,,,利用しない,,
募集中,株式会社エイジェック,未経験｜検品・梱包｜株式会社エイジェック｜横浜雇用開発センター,倉庫作業スタッフ,20～30代活躍中◎横浜市西区｜コツコツ派が活躍する検品・梱包,,神奈川県 横浜市 西区 みなとみらい,,,正社員,はい,月給,250000,,最低額を表示,なし,,,,,,,固定時間制,160,,厚生年金、健康保険、雇用保険、労災保険,,なし,,,,,,,,,,,,,,,,,,"神奈川県横浜市西区エリアで、検品・梱包スタッフ（正社員）を募集しています。
勤務先は横浜雇用開発センターが担当する横浜市西区エリアの物流センター。衣類・コスメ・文房具などの軽い商品を、目で確認し、数を合わせ、袋や箱に納める作業が中心です。
「難しいことは苦手」という方でも、3日ほどで流れがつかめるシンプルな仕事です。

▶ 入社後はこんな1日になります
09:00 朝礼。体調チェックと当日の出荷量を共有
09:15 午前は検品を担当。外観を目視で確認し、気になる商品は別置きにしてリーダーへ
12:00 昼休憩（60分）
13:00 午後は梱包。袋詰め→箱詰め→テープ留めの3工程を繰り返します
15:00 小休憩（15分）。自動販売機でジュースを買ってリフレッシュ
15:15 当日出荷分の最終チェックと仕分けを全員で仕上げます
17:45 作業スペースの清掃
18:00 退勤。残業は月平均6.5時間以内に収まっています

▶ 扱う商品・作業の具体例
✧ 衣類・タオル：ほつれや汚れがないか確認し、透明袋に入れます
✧ コスメ・ガラス小物：割れないよう緩衝材で包んでから箱へ
✧ 文房具・生活雑貨：品番と個数を納品書と照合し、まとめて袋詰め
✧ 出荷箱：伝票シールと「割れ物注意」などの注意シールを所定の位置に貼ります
どれも片手〜両手で持てるサイズで、重量物の持ち上げはありません。

▶ 教育・研修体制
入社初日は安全講習とオリエンテーションから。いきなり一人で現場に立つことはありません。
2日目以降は専任の先輩が隣について、検品・梱包の手順を実際にやって見せながら教えます。
最初の1週間は「見る→一緒にやる→一人でやる」の順で担当を広げ、1週間後にはひと通りの作業を経験できます。
横浜雇用開発センターの担当者も定期的に様子を見に来るので、職場に言いにくいことも相談できます。

▶ 職場環境
✧ 空調完備：冷暖房が効いた清潔な室内で、夏も冬も快適
✧ 休憩室：電子レンジ・冷蔵庫・ポット・自動販売機あり。お弁当持参でもゆっくり過ごせます
✧ ロッカー：鍵付きの個人ロッカーで貴重品も安心
✧ 服装：髪色・ネイルは自由。動きやすい服装で通勤し、現場のルールに沿って作業します

▶ 神奈川県横浜市西区で働く
みなとみらい地区の整った街並みの中にあり、仕事帰りに立ち寄れる場所も豊富です。
横浜駅・みなとみらい駅から徒歩圏で、JR・私鉄・地下鉄各線が利用できます。
横浜雇用開発センターのスタッフが地域の勤務先を熟知しているため、「家から近い」「駅から通える」といった希望にも応えやすいのが強みです。

横浜雇用開発センターが、あなたのキャリアの第一歩を全力でサポートします。まずはお気軽にご応募ください！","【横浜雇用開発センターからのアピールポイント】

✅ 資格・経験・学歴は不問
必要なのは「丁寧に確認する姿勢」だけ。仕事のやり方はすべて入社後にお伝えします。将来的に資格を取りたい方には資格取得支援制度と報奨金があり、キャリアの幅を広げられます。

✅ 9:00〜18:00の固定時間制
毎日同じリズムで働けるので、生活のペースが安定します。土日祝がお休みなので、友人や家族との予定も合わせやすい環境です。

✅ 黙々・コツコツ派にぴったり
ノルマはなく、接客もありません。「一人で集中して作業したい」「人間関係のストレスを減らしたい」という方に向いている環境です。

✅ 空調完備の清潔な倉庫
冷暖房がしっかり効いた室内で、季節を問わず快適。休憩室には電子レンジ・冷蔵庫・自動販売機があり、鍵付きロッカーも完備しています。

✅ 全国に拠点があるから相談先が近い
神奈川県内の勤務先を横浜雇用開発センターが担当しているため、通勤や配属の相談にすぐ対応できます。「家から近い職場がいい」といった希望も伝えてください。

✅ 横浜市西区エリアで通いやすい
横浜駅・みなとみらい駅から徒歩圏で、JR・私鉄・地下鉄各線が利用できます。みなとみらい地区の整った街並みの中にあり、仕事帰りに立ち寄れる場所も豊富です。

「自分にもできそう」と思えたら、それがスタートの合図。横浜雇用開発センターでお待ちしています！","例外事由3号のイにより、長期キャリア形成を図るため、
35歳以下を募集しております。","【勤務時間】
★9:00~18:00
└実働8時間/休憩1時間

定時ダッシュも問題ないです✧
✧ 土日祝休み
✧ 残業月平均:6.5時間以内
✧ 残業代100%支給","✧ 完全週休2日制(土日祝休み)
✧ 年間休日125日
「土日休みはマスト!」ってあなたにも
ぴったりの職場です!

【その他休暇】
✧ 有給休暇
✧ 夏季・冬季休暇
✧ GW休暇
✧ 年末年始休暇",神奈川県横浜市西区みなとみらい2-3-5 クイーンズタワーC棟9F,横浜雇用開発センター,"月給:25万円~+交通費全額支給

※経験に応じて決定いたします。

# 昇給あり
# 賞与あり
# 残業代100%支給
# 交通費支給","・各種社会保険完備（健康保険・厚生年金・雇用保険・労災保険）
・時間外手当・深夜手当・職能手当・役職手当・資格手当・業務手当
・退職金制度
・借上げ社宅・社員寮制度（規定あり）
・会社指示による転居時の引越費用・家賃補助（規定あり）
・定期健康診断（年1回）
・特別休暇（慶弔休暇）・産前産後休暇・育児休暇・介護休暇
・資格取得支援制度・資格取得報奨金
・社内研修制度・認定職業訓練校
・作業着・靴・手袋など業務に必要な備品は会社支給
・提携保養所・提携企業割引
・産業医・カウンセラーによる相談窓口","【応募前の「気になる」にお答えします】

Q. 面接は堅苦しいですか？
A. いいえ。カジュアル面談を1回行うだけです。服装も自由、履歴書も任意です。

Q. 応募してからどのくらいで決まりますか？
A. 3ステップで進みます。
▶ STEP1 WEBから応募（1分）→ 1〜3日以内にご連絡
▶ STEP2 カジュアル面談（1回のみ）
▶ STEP3 採用

Q. すぐには入社できないのですが…
A. 入社日はご相談いただけます。今のお仕事の引き継ぎ期間なども考慮します。",,即日勤務OK、交通費支給、残業なし,2,任意,生年月日、性別、電話番号,ntf-indeedapplicant-aaaatulx77tci2k2pr5yeqapva@shukatsu-labo.slack.com,,,利用しない,,
募集中,株式会社エイジェック,未経験｜検品・梱包｜株式会社エイジェック｜立川雇用開発センター,倉庫作業スタッフ,20～30代活躍中◎残業少なめ｜立川市で始める検品・梱包,,東京都 立川市 曙町,,,正社員,はい,月給,250000,,最低額を表示,なし,,,,,,,固定時間制,160,,厚生年金、健康保険、雇用保険、労災保険,,なし,,,,,,,,,,,,,,,,,,"コツコツ作業が好きな方にぴったりの、検品・梱包のお仕事です。
勤務先は立川雇用開発センターが担当する立川市エリアの物流センター。1年中快適な温度に保たれた倉庫内で、自分の作業台を担当します。
立川雇用開発センターでは配属後も定期的に面談を行い、困りごとがあればすぐにフォローします。

▶ 1日の流れ（9:00〜18:00・休憩1時間）
09:00 朝礼。今日の出荷予定と担当作業を確認します
09:15 検品スタート。商品の傷・汚れ・数量を納品書と照らし合わせてチェック
12:00 昼休憩（60分）。休憩室で昼食。電子レンジや冷蔵庫も使えます
13:00 梱包スタート。袋詰め、緩衝材で包む、箱に納めるの繰り返し
15:00 小休憩（15分）。飲み物を片手にひと息
15:15 ラベル貼りと出荷先ごとの仕分け
17:45 作業台の片づけと翌日の資材準備
18:00 退勤！残業は月平均6.5時間以内で、定時に帰れる日が大半です

▶ 扱う商品・作業の具体例
✧ 衣類・タオル：ほつれや汚れがないか確認し、透明袋に入れます
✧ コスメ・ガラス小物：割れないよう緩衝材で包んでから箱へ
✧ 文房具・生活雑貨：品番と個数を納品書と照合し、まとめて袋詰め
✧ 出荷箱：伝票シールと「割れ物注意」などの注意シールを所定の位置に貼ります
どれも片手〜両手で持てるサイズで、重量物の持ち上げはありません。

▶ 未経験の方向け 1週間プログラム
✧ 1日目：会社説明、安全講習、作業場の見学
✧ 2日目：先輩の隣で検品の実演を見学し、午後から一緒に作業
✧ 3日目：梱包の袋詰め・箱詰めを先輩と一緒に担当
✧ 4日目：シール貼りと仕分けを一人で担当。先輩は同じ作業台で見守ります
✧ 5日目：検品から仕分けまでを通しで経験
覚えることは3ステップの繰り返し。資格や専門知識は必要ありません。

▶ 働く環境
作業場は1年中空調が効いていて、「夏は暑くて汗だく」「冬は手がかじかむ」といった心配がありません。
休憩室は広く、電子レンジや冷蔵庫、自動販売機が揃っています。
鍵付きロッカーがあるので、貴重品の管理も安心。
服装や髪色は自由で、自分らしいスタイルのまま通勤できます。

▶ 立川雇用開発センターならではの一言
JR中央線・南武線・青梅線と多摩モノレールが集まる、多摩エリア最大級のターミナルです。
駅周辺は商業施設が充実し、仕事帰りの買い物や食事にも困らない街です。
立川雇用開発センターは立川市エリアの勤務先を担当しているので、ご自宅からの通いやすさも含めて配属先を一緒に考えます。

「ちゃんと正社員として働きたい」その一歩を、立川雇用開発センターで踏み出しませんか。ご応募をお待ちしています！","【立川市で働く5つの魅力】

✅ マンツーマンで教えるから覚えやすい
専任の先輩が隣について、実演しながら手順を説明します。最初はシール貼りやダンボールの組み立てから始め、1週間でひと通りの流れを経験できるプログラムです。

✅ 残業は月平均6.5時間以内
定時で帰れる日がほとんど。仕事の後にジムや習い事に通ったり、家でゆっくりしたり、自分の時間をしっかり確保できます。

✅ 黙々・コツコツ派にぴったり
ノルマはなく、接客もありません。「一人で集中して作業したい」「人間関係のストレスを減らしたい」という方に向いている環境です。

✅ 空調完備の清潔な倉庫
冷暖房がしっかり効いた室内で、季節を問わず快適。休憩室には電子レンジ・冷蔵庫・自動販売機があり、鍵付きロッカーも完備しています。

✅ 正社員としての安定と成長
正社員雇用に加え、社会保険完備、退職金制度、資格取得支援と報奨金などの制度があります。検品・梱包からスタートし、リーダーや別工程へのステップアップも目指せます。

✅ 立川市エリアで通いやすい
JR中央線・南武線・青梅線と多摩モノレールが集まる、多摩エリア最大級のターミナルです。駅周辺は商業施設が充実し、仕事帰りの買い物や食事にも困らない街です。

まずはカジュアル面談で、職場の雰囲気や1日の流れをお伝えします。お気軽にご応募ください！","例外事由3号のイにより、長期キャリア形成を図るため、
35歳以下を募集しております。","【勤務時間】
★9:00~18:00
└実働8時間/休憩1時間

定時ダッシュも問題ないです✧
✧ 土日祝休み
✧ 残業月平均:6.5時間以内
✧ 残業代100%支給","✧ 完全週休2日制(土日祝休み)
✧ 年間休日125日
「土日休みはマスト!」ってあなたにも
ぴったりの職場です!

【その他休暇】
✧ 有給休暇
✧ 夏季・冬季休暇
✧ GW休暇
✧ 年末年始休暇",東京都立川市曙町,立川雇用開発センター,"月給:25万円~+交通費全額支給

※経験に応じて決定いたします。

# 昇給あり
# 賞与あり
# 残業代100%支給
# 交通費支給","・各種社会保険完備（健康保険・厚生年金・雇用保険・労災保険）
・時間外手当・深夜手当・職能手当・役職手当・資格手当・業務手当
・退職金制度
・借上げ社宅・社員寮制度（規定あり）
・会社指示による転居時の引越費用・家賃補助（規定あり）
・定期健康診断（年1回）
・特別休暇（慶弔休暇）・産前産後休暇・育児休暇・介護休暇
・資格取得支援制度・資格取得報奨金
・社内研修制度・認定職業訓練校
・作業着・靴・手袋など業務に必要な備品は会社支給
・提携保養所・提携企業割引
・産業医・カウンセラーによる相談窓口","まずは「話を聞いてみる」だけで大丈夫です。

当社ではカジュアル面談を実施しています。
志望動機や自己PRの準備は不要。
「どんな職場？」「本当に未経験でもできる？」といった疑問に、担当者が率直にお答えします。

■ 応募から入社までの3STEP ■
▶ STEP1 WEB応募（1分）
▶ STEP2 カジュアル面談（1回のみ・1〜3日以内にご連絡）
▶ STEP3 採用・入社日のご相談

入社日は柔軟に調整できます。
「来月から」「今の仕事を辞めてから」など、ご都合をお聞かせください。",,即日勤務OK、交通費支給、残業なし,2,任意,生年月日、性別、電話番号,ntf-indeedapplicant-aaaatulx77tci2k2pr5yeqapva@shukatsu-labo.slack.com,,,利用しない,,
募集中,株式会社エイジェック,未経験｜検品・梱包｜株式会社エイジェック｜八王子雇用開発センター,倉庫作業スタッフ,20～30代活躍中◎八王子市｜先輩がマンツーマンで教える軽作業,,東京都 八王子市 東町,,,正社員,はい,月給,250000,,最低額を表示,なし,,,,,,,固定時間制,160,,厚生年金、健康保険、雇用保険、労災保険,,なし,,,,,,,,,,,,,,,,,,"八王子雇用開発センターが担当する八王子市エリアの物流センターで、検品・梱包を担当する正社員スタッフを募集します！
扱うのは通販で人気のアパレル商品や雑貨、コスメなど。空調の効いたきれいな倉庫で、商品を確認して箱に詰めていくシンプルな作業です。
八王子雇用開発センターのスタッフが入社前から入社後まで伴走するので、初めての正社員でも安心してスタートできます。

▶ 入社後はこんな1日になります
09:00 朝礼。体調チェックと当日の出荷量を共有
09:15 午前は検品を担当。外観を目視で確認し、気になる商品は別置きにしてリーダーへ
12:00 昼休憩（60分）
13:00 午後は梱包。袋詰め→箱詰め→テープ留めの3工程を繰り返します
15:00 小休憩（15分）。自動販売機でジュースを買ってリフレッシュ
15:15 当日出荷分の最終チェックと仕分けを全員で仕上げます
17:45 作業スペースの清掃
18:00 退勤。残業は月平均6.5時間以内に収まっています

▶ 作業は3ステップ
1. 検品：商品を手に取り、傷・汚れ・数量を確認。迷ったら「保留」箱に入れてリーダーに聞くだけ
2. 梱包：商品に合わせて袋・緩衝材・箱を選び、動かないように納めてテープで封をします
3. 仕分け：伝票シールを貼り、配送地域ごとのコンテナへ
衣類・雑貨・コスメ・文房具などの軽い商品が中心で、フォークリフトなどの機械操作はありません。

▶ 未経験の方向け 1週間プログラム
✧ 1日目：会社説明、安全講習、作業場の見学
✧ 2日目：先輩の隣で検品の実演を見学し、午後から一緒に作業
✧ 3日目：梱包の袋詰め・箱詰めを先輩と一緒に担当
✧ 4日目：シール貼りと仕分けを一人で担当。先輩は同じ作業台で見守ります
✧ 5日目：検品から仕分けまでを通しで経験
覚えることは3ステップの繰り返し。資格や専門知識は必要ありません。

▶ 設備のポイント
✧ 冷暖房完備の室内作業で、季節や天候に左右されません
✧ 休憩室に電子レンジ・冷蔵庫・ポットがあり、フリーWi-Fiも使えます
✧ 個人用の鍵付きロッカーを完備
✧ 髪色・ネイル・服装は自由。清潔感があれば普段のスタイルのままで大丈夫

▶ 東京都八王子市で働く
多摩地区最大の都市で、郊外の工業団地や圏央道沿いに物流施設が多く立地しています。
JR中央線・横浜線・八高線と京王線が乗り入れ、多摩エリア各方面から通勤しやすい交通の要所です。
八王子雇用開発センターのスタッフが地域の勤務先を熟知しているため、「家から近い」「駅から通える」といった希望にも応えやすいのが強みです。

「ちゃんと正社員として働きたい」その一歩を、八王子雇用開発センターで踏み出しませんか。ご応募をお待ちしています！","【八王子雇用開発センターからのアピールポイント】

✅ マンツーマンで教えるから覚えやすい
専任の先輩が隣について、実演しながら手順を説明します。最初はシール貼りやダンボールの組み立てから始め、1週間でひと通りの流れを経験できるプログラムです。

✅ 土日祝休み・年間休日125日
完全週休2日制でカレンダー通りに休めます。夏季・冬季休暇、GW、年末年始のまとまった休みもあり、旅行や帰省の予定も立てやすい働き方です。

✅ 黙々・コツコツ派にぴったり
ノルマはなく、接客もありません。「一人で集中して作業したい」「人間関係のストレスを減らしたい」という方に向いている環境です。

✅ 空調完備の清潔な倉庫
冷暖房がしっかり効いた室内で、季節を問わず快適。休憩室には電子レンジ・冷蔵庫・自動販売機があり、鍵付きロッカーも完備しています。

✅ 雇用開発センターが入社後も伴走
八王子雇用開発センターの担当者が定期的に面談し、職場では言いにくい悩みも聞き取ります。「一人で放り出される」ことはありません。

✅ 八王子市エリアで通いやすい
JR中央線・横浜線・八高線と京王線が乗り入れ、多摩エリア各方面から通勤しやすい交通の要所です。多摩地区最大の都市で、郊外の工業団地や圏央道沿いに物流施設が多く立地しています。

「自分にもできそう」と思えたら、それがスタートの合図。八王子雇用開発センターでお待ちしています！","例外事由3号のイにより、長期キャリア形成を図るため、
35歳以下を募集しております。","【勤務時間】
★9:00~18:00
└実働8時間/休憩1時間

定時ダッシュも問題ないです✧
✧ 土日祝休み
✧ 残業月平均:6.5時間以内
✧ 残業代100%支給","✧ 完全週休2日制(土日祝休み)
✧ 年間休日125日
「土日休みはマスト!」ってあなたにも
ぴったりの職場です!

【その他休暇】
✧ 有給休暇
✧ 夏季・冬季休暇
✧ GW休暇
✧ 年末年始休暇",東京都八王子市東町,八王子雇用開発センター,"月給:25万円~+交通費全額支給

※経験に応じて決定いたします。

# 昇給あり
# 賞与あり
# 残業代100%支給
# 交通費支給","・各種社会保険完備（健康保険・厚生年金・雇用保険・労災保険）
・時間外手当・深夜手当・職能手当・役職手当・資格手当・業務手当
・退職金制度
・借上げ社宅・社員寮制度（規定あり）
・会社指示による転居時の引越費用・家賃補助（規定あり）
・定期健康診断（年1回）
・特別休暇（慶弔休暇）・産前産後休暇・育児休暇・介護休暇
・資格取得支援制度・資格取得報奨金
・社内研修制度・認定職業訓練校
・作業着・靴・手袋など業務に必要な備品は会社支給
・提携保養所・提携企業割引
・産業医・カウンセラーによる相談窓口","【最短スケジュールのイメージ】

▶ STEP1 今日：WEBから1分で応募
▶ STEP2 1〜3日後：担当者からご連絡 → カジュアル面談の日程調整
▶ STEP3 面談当日：カジュアル面談（1回のみ）→ 採用のご連絡

面談では、職場の雰囲気・1日の流れ・通勤のことなど、
気になることを何でも聞いてください。

✧ 入社日はご相談いただけます ✧
「すぐ働きたい」「少し先がいい」どちらのご希望にも対応します。",,即日勤務OK、交通費支給、残業なし,2,任意,生年月日、性別、電話番号,ntf-indeedapplicant-aaaatulx77tci2k2pr5yeqapva@shukatsu-labo.slack.com,,,利用しない,,
募集中,株式会社エイジェック,未経験｜検品・梱包｜株式会社エイジェック｜品川雇用開発センター,倉庫作業スタッフ,20～30代活躍中◎土日祝休み｜港区エリアで軽作業の正社員に,,東京都 港区 港南,,,正社員,はい,月給,250000,,最低額を表示,なし,,,,,,,固定時間制,160,,厚生年金、健康保険、雇用保険、労災保険,,なし,,,,,,,,,,,,,,,,,,"「未経験から、ちゃんとした正社員として働きたい」その気持ちを品川雇用開発センターが応援します。
勤務先は品川雇用開発センターが担当する港区エリアの物流センター。届いた商品に不備がないかをチェックし、丁寧に梱包して出荷準備をするお仕事です。
冷暖房完備の室内で、重い荷物を運ぶことはほとんどありません。

▶ 1日の流れ（9:00〜18:00・休憩1時間）
09:00 朝礼。今日の出荷予定と担当作業を確認します
09:15 検品スタート。商品の傷・汚れ・数量を納品書と照らし合わせてチェック
12:00 昼休憩（60分）。休憩室で昼食。電子レンジや冷蔵庫も使えます
13:00 梱包スタート。袋詰め、緩衝材で包む、箱に納めるの繰り返し
15:00 小休憩（15分）。飲み物を片手にひと息
15:15 ラベル貼りと出荷先ごとの仕分け
17:45 作業台の片づけと翌日の資材準備
18:00 退勤！残業は月平均6.5時間以内で、定時に帰れる日が大半です

▶ 作業は3ステップ
1. 検品：商品を手に取り、傷・汚れ・数量を確認。迷ったら「保留」箱に入れてリーダーに聞くだけ
2. 梱包：商品に合わせて袋・緩衝材・箱を選び、動かないように納めてテープで封をします
3. 仕分け：伝票シールを貼り、配送地域ごとのコンテナへ
衣類・雑貨・コスメ・文房具などの軽い商品が中心で、フォークリフトなどの機械操作はありません。

▶ 入社後1週間の流れ
1日目：品川雇用開発センターでオリエンテーション。安全ルールや勤怠の付け方、勤務先の設備を案内します
2〜3日目：先輩スタッフがマンツーマンで隣につき、検品の見方と梱包の手順を実演しながら説明
4〜5日目：シール貼りやダンボールの組み立てから一人で担当。分からないことはその場で質問できます
1週間後：検品〜仕分けまでの流れをひと通り経験し、自分のペースで進められるように
「早ければ半日、遅くとも2〜3日で一人立ち」が現場の目安ですが、慣れるまで焦らず伴走します。

▶ 働く環境
作業場は1年中空調が効いていて、「夏は暑くて汗だく」「冬は手がかじかむ」といった心配がありません。
休憩室は広く、電子レンジや冷蔵庫、自動販売機が揃っています。
鍵付きロッカーがあるので、貴重品の管理も安心。
服装や髪色は自由で、自分らしいスタイルのまま通勤できます。

▶ 東京都港区で働く
再開発の進むオフィスエリアで、都内各方面からの通勤がしやすい立地です。
JR品川駅港南口から徒歩圏で、新幹線・京急線・JR各線が利用できる交通の要所です。
品川雇用開発センターのスタッフが地域の勤務先を熟知しているため、「家から近い」「駅から通える」といった希望にも応えやすいのが強みです。

品川雇用開発センターが、あなたのキャリアの第一歩を全力でサポートします。まずはお気軽にご応募ください！","【港区で働く5つの魅力】

✅ 先輩の9割以上が未経験スタート
「商品を手に取る」「傷がないか見る」「箱に入れる」の3ステップが仕事の基本。専門用語も複雑な機械操作もなく、初日は安全講習とオリエンテーションから始まるので安心です。

✅ 9:00〜18:00の固定時間制
毎日同じリズムで働けるので、生活のペースが安定します。土日祝がお休みなので、友人や家族との予定も合わせやすい環境です。

✅ 重い荷物はほとんどなし
扱うのは衣類・コスメ・文房具・小型雑貨など軽い商品が中心。重量物の持ち上げや力仕事はほぼなく、身体への負担を抑えて長く続けられます。

✅ 空調完備の清潔な倉庫
冷暖房がしっかり効いた室内で、季節を問わず快適。休憩室には電子レンジ・冷蔵庫・自動販売機があり、鍵付きロッカーも完備しています。

✅ 全国に拠点があるから相談先が近い
東京都内の勤務先を品川雇用開発センターが担当しているため、通勤や配属の相談にすぐ対応できます。「家から近い職場がいい」といった希望も伝えてください。

✅ 地元港区で腰を据えて働く
再開発の進むオフィスエリアで、都内各方面からの通勤がしやすい立地です。JR品川駅港南口から徒歩圏で、新幹線・京急線・JR各線が利用できる交通の要所です。

「自分にもできそう」と思えたら、それがスタートの合図。品川雇用開発センターでお待ちしています！","例外事由3号のイにより、長期キャリア形成を図るため、
35歳以下を募集しております。","【勤務時間】
★9:00~18:00
└実働8時間/休憩1時間

定時ダッシュも問題ないです✧
✧ 土日祝休み
✧ 残業月平均:6.5時間以内
✧ 残業代100%支給","✧ 完全週休2日制(土日祝休み)
✧ 年間休日125日
「土日休みはマスト!」ってあなたにも
ぴったりの職場です!

【その他休暇】
✧ 有給休暇
✧ 夏季・冬季休暇
✧ GW休暇
✧ 年末年始休暇",東京都港区港南2-16-4 品川グランドセントラルタワー7F,品川雇用開発センター,"月給:25万円~+交通費全額支給

※経験に応じて決定いたします。

# 昇給あり
# 賞与あり
# 残業代100%支給
# 交通費支給","・各種社会保険完備（健康保険・厚生年金・雇用保険・労災保険）
・時間外手当・深夜手当・職能手当・役職手当・資格手当・業務手当
・退職金制度
・借上げ社宅・社員寮制度（規定あり）
・会社指示による転居時の引越費用・家賃補助（規定あり）
・定期健康診断（年1回）
・特別休暇（慶弔休暇）・産前産後休暇・育児休暇・介護休暇
・資格取得支援制度・資格取得報奨金
・社内研修制度・認定職業訓練校
・作業着・靴・手袋など業務に必要な備品は会社支給
・提携保養所・提携企業割引
・産業医・カウンセラーによる相談窓口","■ 選考について ■
・カジュアル面談：1回のみ（服装自由・履歴書任意）
・応募から面談まで：WEB応募後、1〜3日以内にご連絡
・入社日：ご相談のうえ決定

■ 応募からの流れ ■
▶ STEP1 WEBから1分で応募
▶ STEP2 カジュアル面談（1回のみ）
▶ STEP3 採用

「まずは話だけ聞いてみたい」という方も、そのままご応募ください。
面談で無理に応募を勧めることはありません。",,即日勤務OK、交通費支給、残業なし,2,任意,生年月日、性別、電話番号,ntf-indeedapplicant-aaaatulx77tci2k2pr5yeqapva@shukatsu-labo.slack.com,,,利用しない,,
募集中,株式会社エイジェック,未経験｜検品・梱包｜株式会社エイジェック｜丸の内インノベーションセンター,倉庫作業スタッフ,20～30代活躍中◎千代田区｜年間休日125日でプライベート充実,,東京都 千代田区 丸の内,,,正社員,はい,月給,250000,,最低額を表示,なし,,,,,,,固定時間制,160,,厚生年金、健康保険、雇用保険、労災保険,,なし,,,,,,,,,,,,,,,,,,"東京都千代田区エリアで、検品・梱包スタッフ（正社員）を募集しています。
勤務先は丸の内インノベーションセンターが担当する千代田区エリアの物流センター。衣類・コスメ・文房具などの軽い商品を、目で確認し、数を合わせ、袋や箱に納める作業が中心です。
「難しいことは苦手」という方でも、3日ほどで流れがつかめるシンプルな仕事です。

▶ ある日のスケジュール
09:00 出勤・朝礼。リーダーから連絡事項と注意点の共有
09:10 ハンディ端末で商品のバーコードを読み取り、品番と個数を照合します
10:30 小休憩（10分）
12:00 昼休憩（60分）。お弁当派も外食派も、それぞれのスタイルで
13:00 午後は梱包。ダンボールを組み立て、商品が動かないように納めます
15:00 小休憩（15分）
15:15 出荷準備。伝票シールを貼って配送業者ごとにコンテナへ
17:45 清掃と日報の記入
18:00 定時退勤。土日祝休みなので、明日の予定も立てやすい！

▶ こんな商品を扱います
通販サイトで人気のアパレル商品、生活雑貨、コスメ、文房具が中心です。
✧ シャツやタオルを畳んで透明袋へ
✧ コスメ容器のひび割れを目視で確認
✧ 文房具のセット品を指定の個数で袋詰め
✧ 箱にラベルを貼って配送業者ごとの台車へ
作業台の高さは調整されていて、身体への負担を抑えて働けます。

▶ 教育・研修体制
入社初日は安全講習とオリエンテーションから。いきなり一人で現場に立つことはありません。
2日目以降は専任の先輩が隣について、検品・梱包の手順を実際にやって見せながら教えます。
最初の1週間は「見る→一緒にやる→一人でやる」の順で担当を広げ、1週間後にはひと通りの作業を経験できます。
丸の内インノベーションセンターの担当者も定期的に様子を見に来るので、職場に言いにくいことも相談できます。

▶ 設備のポイント
✧ 冷暖房完備の室内作業で、季節や天候に左右されません
✧ 休憩室に電子レンジ・冷蔵庫・ポットがあり、フリーWi-Fiも使えます
✧ 個人用の鍵付きロッカーを完備
✧ 髪色・ネイル・服装は自由。清潔感があれば普段のスタイルのままで大丈夫

▶ 丸の内インノベーションセンターならではの一言
東京駅・秋葉原駅・飯田橋駅などJR・地下鉄各線が集まり、都内・近県どちらからも通いやすい立地です。
オフィス街のイメージが強いエリアですが、周辺には出版・文具・雑貨を扱う配送拠点も点在しています。
丸の内インノベーションセンターは千代田区エリアの勤務先を担当しているので、ご自宅からの通いやすさも含めて配属先を一緒に考えます。

「ちゃんと正社員として働きたい」その一歩を、丸の内インノベーションセンターで踏み出しませんか。ご応募をお待ちしています！","【丸の内インノベーションセンターからのアピールポイント】

✅ 先輩の9割以上が未経験スタート
「商品を手に取る」「傷がないか見る」「箱に入れる」の3ステップが仕事の基本。専門用語も複雑な機械操作もなく、初日は安全講習とオリエンテーションから始まるので安心です。

✅ 残業は月平均6.5時間以内
定時で帰れる日がほとんど。仕事の後にジムや習い事に通ったり、家でゆっくりしたり、自分の時間をしっかり確保できます。

✅ 重い荷物はほとんどなし
扱うのは衣類・コスメ・文房具・小型雑貨など軽い商品が中心。重量物の持ち上げや力仕事はほぼなく、身体への負担を抑えて長く続けられます。

✅ 空調完備の清潔な倉庫
冷暖房がしっかり効いた室内で、季節を問わず快適。休憩室には電子レンジ・冷蔵庫・自動販売機があり、鍵付きロッカーも完備しています。

✅ 正社員としての安定と成長
正社員雇用に加え、社会保険完備、退職金制度、資格取得支援と報奨金などの制度があります。検品・梱包からスタートし、リーダーや別工程へのステップアップも目指せます。

✅ 地元千代田区で腰を据えて働く
オフィス街のイメージが強いエリアですが、周辺には出版・文具・雑貨を扱う配送拠点も点在しています。東京駅・秋葉原駅・飯田橋駅などJR・地下鉄各線が集まり、都内・近県どちらからも通いやすい立地です。

まずはカジュアル面談で、職場の雰囲気や1日の流れをお伝えします。お気軽にご応募ください！","例外事由3号のイにより、長期キャリア形成を図るため、
35歳以下を募集しております。","【勤務時間】
★9:00~18:00
└実働8時間/休憩1時間

定時ダッシュも問題ないです✧
✧ 土日祝休み
✧ 残業月平均:6.5時間以内
✧ 残業代100%支給","✧ 完全週休2日制(土日祝休み)
✧ 年間休日125日
「土日休みはマスト!」ってあなたにも
ぴったりの職場です!

【その他休暇】
✧ 有給休暇
✧ 夏季・冬季休暇
✧ GW休暇
✧ 年末年始休暇",東京都千代田区丸の内1-11-1 パシフィックセンチュリープレイス丸の内16F,丸の内インノベーションセンター,"月給:25万円~+交通費全額支給

※経験に応じて決定いたします。

# 昇給あり
# 賞与あり
# 残業代100%支給
# 交通費支給","・各種社会保険完備（健康保険・厚生年金・雇用保険・労災保険）
・時間外手当・深夜手当・職能手当・役職手当・資格手当・業務手当
・退職金制度
・借上げ社宅・社員寮制度（規定あり）
・会社指示による転居時の引越費用・家賃補助（規定あり）
・定期健康診断（年1回）
・特別休暇（慶弔休暇）・産前産後休暇・育児休暇・介護休暇
・資格取得支援制度・資格取得報奨金
・社内研修制度・認定職業訓練校
・作業着・靴・手袋など業務に必要な備品は会社支給
・提携保養所・提携企業割引
・産業医・カウンセラーによる相談窓口","✧ カジュアル面談実施中です ✧

応募に必要なのは人柄だけ。
まずはあなたのご希望を聞かせてください。

■ 応募からの流れ ■
▶ STEP1 WEBから1分で簡単応募
1〜3日以内に担当者からご連絡します。
▶ STEP2 カジュアル面談（1回のみ）
職場の雰囲気や1日の流れをお伝えし、ご希望を伺います。
▶ STEP3 採用

※入社日はご相談いただけます◎
在職中の方も、お気軽にご相談ください。",,即日勤務OK、交通費支給、残業なし,2,任意,生年月日、性別、電話番号,ntf-indeedapplicant-aaaatulx77tci2k2pr5yeqapva@shukatsu-labo.slack.com,,,利用しない,,
募集中,株式会社エイジェック,未経験｜検品・梱包｜株式会社エイジェック｜御徒町業務管理センター,倉庫作業スタッフ,20～30代活躍中◎安定して働く｜台東区エリアの検品・梱包スタッフ,,東京都 台東区 上野,,,正社員,はい,月給,250000,,最低額を表示,なし,,,,,,,固定時間制,160,,厚生年金、健康保険、雇用保険、労災保険,,なし,,,,,,,,,,,,,,,,,,"コツコツ作業が好きな方にぴったりの、検品・梱包のお仕事です。
勤務先は御徒町業務管理センターが担当する台東区エリアの物流センター。1年中快適な温度に保たれた倉庫内で、自分の作業台を担当します。
御徒町業務管理センターでは配属後も定期的に面談を行い、困りごとがあればすぐにフォローします。

▶ 入社後はこんな1日になります
09:00 朝礼。体調チェックと当日の出荷量を共有
09:15 午前は検品を担当。外観を目視で確認し、気になる商品は別置きにしてリーダーへ
12:00 昼休憩（60分）
13:00 午後は梱包。袋詰め→箱詰め→テープ留めの3工程を繰り返します
15:00 小休憩（15分）。自動販売機でジュースを買ってリフレッシュ
15:15 当日出荷分の最終チェックと仕分けを全員で仕上げます
17:45 作業スペースの清掃
18:00 退勤。残業は月平均6.5時間以内に収まっています

▶ お仕事の中身
✧ 検品：商品の外観チェック（傷・汚れ・へこみ）と数量・品番の照合
✧ スキャン：バーコードリーダーで「ピッ」と読み取ってデータと突き合わせ
✧ 梱包：袋詰め、緩衝材包装、ダンボールの組み立てと箱詰め、テープ留め
✧ 仕上げ：ラベル貼りと配送地域別の仕分け
扱うのはアパレル、コスメ、文房具、小型雑貨など。繰り返すうちに自然と手が覚える作業です。

▶ 未経験の方向け 1週間プログラム
✧ 1日目：会社説明、安全講習、作業場の見学
✧ 2日目：先輩の隣で検品の実演を見学し、午後から一緒に作業
✧ 3日目：梱包の袋詰め・箱詰めを先輩と一緒に担当
✧ 4日目：シール貼りと仕分けを一人で担当。先輩は同じ作業台で見守ります
✧ 5日目：検品から仕分けまでを通しで経験
覚えることは3ステップの繰り返し。資格や専門知識は必要ありません。

▶ 職場環境
✧ 空調完備：冷暖房が効いた清潔な室内で、夏も冬も快適
✧ 休憩室：電子レンジ・冷蔵庫・ポット・自動販売機あり。お弁当持参でもゆっくり過ごせます
✧ ロッカー：鍵付きの個人ロッカーで貴重品も安心
✧ 服装：髪色・ネイルは自由。動きやすい服装で通勤し、現場のルールに沿って作業します

▶ 御徒町業務管理センターならではの一言
JR上野駅・御徒町駅、地下鉄各線が利用でき、東京の東側エリアから通いやすい立地です。
問屋街として知られる地域で、雑貨や衣料品を扱う流通の現場が身近にあります。
御徒町業務管理センターは台東区エリアの勤務先を担当しているので、ご自宅からの通いやすさも含めて配属先を一緒に考えます。

御徒町業務管理センターが、あなたのキャリアの第一歩を全力でサポートします。まずはお気軽にご応募ください！","【台東区で働く5つの魅力】

✅ 資格・経験・学歴は不問
必要なのは「丁寧に確認する姿勢」だけ。仕事のやり方はすべて入社後にお伝えします。将来的に資格を取りたい方には資格取得支援制度と報奨金があり、キャリアの幅を広げられます。

✅ 9:00〜18:00の固定時間制
毎日同じリズムで働けるので、生活のペースが安定します。土日祝がお休みなので、友人や家族との予定も合わせやすい環境です。

✅ 黙々・コツコツ派にぴったり
ノルマはなく、接客もありません。「一人で集中して作業したい」「人間関係のストレスを減らしたい」という方に向いている環境です。

✅ 休憩室でしっかりリフレッシュ
昼休憩60分に加えて午後の小休憩があり、集中力を保ちやすいリズムです。休憩室にはポットやフリーWi-Fiもあります。

✅ 全国に拠点があるから相談先が近い
東京都内の勤務先を御徒町業務管理センターが担当しているため、通勤や配属の相談にすぐ対応できます。「家から近い職場がいい」といった希望も伝えてください。

✅ 台東区エリアで通いやすい
JR上野駅・御徒町駅、地下鉄各線が利用でき、東京の東側エリアから通いやすい立地です。問屋街として知られる地域で、雑貨や衣料品を扱う流通の現場が身近にあります。

「自分にもできそう」と思えたら、それがスタートの合図。御徒町業務管理センターでお待ちしています！","例外事由3号のイにより、長期キャリア形成を図るため、
35歳以下を募集しております。","【勤務時間】
★9:00~18:00
└実働8時間/休憩1時間

定時ダッシュも問題ないです✧
✧ 土日祝休み
✧ 残業月平均:6.5時間以内
✧ 残業代100%支給","✧ 完全週休2日制(土日祝休み)
✧ 年間休日125日
「土日休みはマスト!」ってあなたにも
ぴったりの職場です!

【その他休暇】
✧ 有給休暇
✧ 夏季・冬季休暇
✧ GW休暇
✧ 年末年始休暇",東京都台東区上野,御徒町業務管理センター,"月給:25万円~+交通費全額支給

※経験に応じて決定いたします。

# 昇給あり
# 賞与あり
# 残業代100%支給
# 交通費支給","・各種社会保険完備（健康保険・厚生年金・雇用保険・労災保険）
・時間外手当・深夜手当・職能手当・役職手当・資格手当・業務手当
・退職金制度
・借上げ社宅・社員寮制度（規定あり）
・会社指示による転居時の引越費用・家賃補助（規定あり）
・定期健康診断（年1回）
・特別休暇（慶弔休暇）・産前産後休暇・育児休暇・介護休暇
・資格取得支援制度・資格取得報奨金
・社内研修制度・認定職業訓練校
・作業着・靴・手袋など業務に必要な備品は会社支給
・提携保養所・提携企業割引
・産業医・カウンセラーによる相談窓口","【応募前の「気になる」にお答えします】

Q. 面接は堅苦しいですか？
A. いいえ。カジュアル面談を1回行うだけです。服装も自由、履歴書も任意です。

Q. 応募してからどのくらいで決まりますか？
A. 3ステップで進みます。
▶ STEP1 WEBから応募（1分）→ 1〜3日以内にご連絡
▶ STEP2 カジュアル面談（1回のみ）
▶ STEP3 採用

Q. すぐには入社できないのですが…
A. 入社日はご相談いただけます。今のお仕事の引き継ぎ期間なども考慮します。",,即日勤務OK、交通費支給、残業なし,2,任意,生年月日、性別、電話番号,ntf-indeedapplicant-aaaatulx77tci2k2pr5yeqapva@shukatsu-labo.slack.com,,,利用しない,,
募集中,株式会社エイジェック,未経験｜検品・梱包｜株式会社エイジェック｜新宿西雇用開発センター,倉庫作業スタッフ,20～30代活躍中◎新宿区｜空調完備の倉庫でシンプル作業,,東京都 新宿区 西新宿,,,正社員,はい,月給,250000,,最低額を表示,なし,,,,,,,固定時間制,160,,厚生年金、健康保険、雇用保険、労災保険,,なし,,,,,,,,,,,,,,,,,,"新宿西雇用開発センターが担当する新宿区エリアの物流センターで、検品・梱包を担当する正社員スタッフを募集します！
扱うのは通販で人気のアパレル商品や雑貨、コスメなど。空調の効いたきれいな倉庫で、商品を確認して箱に詰めていくシンプルな作業です。
新宿西雇用開発センターのスタッフが入社前から入社後まで伴走するので、初めての正社員でも安心してスタートできます。

▶ ある日のスケジュール
09:00 出勤・朝礼。リーダーから連絡事項と注意点の共有
09:10 ハンディ端末で商品のバーコードを読み取り、品番と個数を照合します
10:30 小休憩（10分）
12:00 昼休憩（60分）。お弁当派も外食派も、それぞれのスタイルで
13:00 午後は梱包。ダンボールを組み立て、商品が動かないように納めます
15:00 小休憩（15分）
15:15 出荷準備。伝票シールを貼って配送業者ごとにコンテナへ
17:45 清掃と日報の記入
18:00 定時退勤。土日祝休みなので、明日の予定も立てやすい！

▶ お仕事の中身
✧ 検品：商品の外観チェック（傷・汚れ・へこみ）と数量・品番の照合
✧ スキャン：バーコードリーダーで「ピッ」と読み取ってデータと突き合わせ
✧ 梱包：袋詰め、緩衝材包装、ダンボールの組み立てと箱詰め、テープ留め
✧ 仕上げ：ラベル貼りと配送地域別の仕分け
扱うのはアパレル、コスメ、文房具、小型雑貨など。繰り返すうちに自然と手が覚える作業です。

▶ 入社後1週間の流れ
1日目：新宿西雇用開発センターでオリエンテーション。安全ルールや勤怠の付け方、勤務先の設備を案内します
2〜3日目：先輩スタッフがマンツーマンで隣につき、検品の見方と梱包の手順を実演しながら説明
4〜5日目：シール貼りやダンボールの組み立てから一人で担当。分からないことはその場で質問できます
1週間後：検品〜仕分けまでの流れをひと通り経験し、自分のペースで進められるように
「早ければ半日、遅くとも2〜3日で一人立ち」が現場の目安ですが、慣れるまで焦らず伴走します。

▶ 設備のポイント
✧ 冷暖房完備の室内作業で、季節や天候に左右されません
✧ 休憩室に電子レンジ・冷蔵庫・ポットがあり、フリーWi-Fiも使えます
✧ 個人用の鍵付きロッカーを完備
✧ 髪色・ネイル・服装は自由。清潔感があれば普段のスタイルのままで大丈夫

▶ 東京都新宿区で働く
日本有数のターミナルを擁するエリアで、勤務先の紹介・相談拠点としても利用しやすい場所です。
JR・私鉄・地下鉄各線が集まる新宿駅からアクセスでき、首都圏どこからでも通いやすい立地です。
新宿西雇用開発センターのスタッフが地域の勤務先を熟知しているため、「家から近い」「駅から通える」といった希望にも応えやすいのが強みです。

新宿西雇用開発センターが、あなたのキャリアの第一歩を全力でサポートします。まずはお気軽にご応募ください！","【新宿西雇用開発センターからのアピールポイント】

✅ 資格・経験・学歴は不問
必要なのは「丁寧に確認する姿勢」だけ。仕事のやり方はすべて入社後にお伝えします。将来的に資格を取りたい方には資格取得支援制度と報奨金があり、キャリアの幅を広げられます。

✅ 残業は月平均6.5時間以内
定時で帰れる日がほとんど。仕事の後にジムや習い事に通ったり、家でゆっくりしたり、自分の時間をしっかり確保できます。

✅ 黙々・コツコツ派にぴったり
ノルマはなく、接客もありません。「一人で集中して作業したい」「人間関係のストレスを減らしたい」という方に向いている環境です。

✅ 休憩室でしっかりリフレッシュ
昼休憩60分に加えて午後の小休憩があり、集中力を保ちやすいリズムです。休憩室にはポットやフリーWi-Fiもあります。

✅ 正社員としての安定と成長
正社員雇用に加え、社会保険完備、退職金制度、資格取得支援と報奨金などの制度があります。検品・梱包からスタートし、リーダーや別工程へのステップアップも目指せます。

✅ 新宿区エリアで通いやすい
JR・私鉄・地下鉄各線が集まる新宿駅からアクセスでき、首都圏どこからでも通いやすい立地です。日本有数のターミナルを擁するエリアで、勤務先の紹介・相談拠点としても利用しやすい場所です。

まずはカジュアル面談で、職場の雰囲気や1日の流れをお伝えします。お気軽にご応募ください！","例外事由3号のイにより、長期キャリア形成を図るため、
35歳以下を募集しております。","【勤務時間】
★9:00~18:00
└実働8時間/休憩1時間

定時ダッシュも問題ないです✧
✧ 土日祝休み
✧ 残業月平均:6.5時間以内
✧ 残業代100%支給","✧ 完全週休2日制(土日祝休み)
✧ 年間休日125日
「土日休みはマスト!」ってあなたにも
ぴったりの職場です!

【その他休暇】
✧ 有給休暇
✧ 夏季・冬季休暇
✧ GW休暇
✧ 年末年始休暇",東京都新宿区西新宿7-4-4,新宿西雇用開発センター,"月給:25万円~+交通費全額支給

※経験に応じて決定いたします。

# 昇給あり
# 賞与あり
# 残業代100%支給
# 交通費支給","・各種社会保険完備（健康保険・厚生年金・雇用保険・労災保険）
・時間外手当・深夜手当・職能手当・役職手当・資格手当・業務手当
・退職金制度
・借上げ社宅・社員寮制度（規定あり）
・会社指示による転居時の引越費用・家賃補助（規定あり）
・定期健康診断（年1回）
・特別休暇（慶弔休暇）・産前産後休暇・育児休暇・介護休暇
・資格取得支援制度・資格取得報奨金
・社内研修制度・認定職業訓練校
・作業着・靴・手袋など業務に必要な備品は会社支給
・提携保養所・提携企業割引
・産業医・カウンセラーによる相談窓口","まずは「話を聞いてみる」だけで大丈夫です。

当社ではカジュアル面談を実施しています。
志望動機や自己PRの準備は不要。
「どんな職場？」「本当に未経験でもできる？」といった疑問に、担当者が率直にお答えします。

■ 応募から入社までの3STEP ■
▶ STEP1 WEB応募（1分）
▶ STEP2 カジュアル面談（1回のみ・1〜3日以内にご連絡）
▶ STEP3 採用・入社日のご相談

入社日は柔軟に調整できます。
「来月から」「今の仕事を辞めてから」など、ご都合をお聞かせください。",,即日勤務OK、交通費支給、残業なし,2,任意,生年月日、性別、電話番号,ntf-indeedapplicant-aaaatulx77tci2k2pr5yeqapva@shukatsu-labo.slack.com,,,利用しない,,
募集中,株式会社エイジェック,未経験｜検品・梱包｜株式会社エイジェック｜本社・新宿雇用開発センター,倉庫作業スタッフ,20～30代活躍中◎定時退勤が基本｜新宿区で検品・梱包の正社員,,東京都 新宿区 西新宿,,,正社員,はい,月給,250000,,最低額を表示,なし,,,,,,,固定時間制,160,,厚生年金、健康保険、雇用保険、労災保険,,なし,,,,,,,,,,,,,,,,,,"「未経験から、ちゃんとした正社員として働きたい」その気持ちを本社・新宿雇用開発センターが応援します。
勤務先は本社・新宿雇用開発センターが担当する新宿区エリアの物流センター。届いた商品に不備がないかをチェックし、丁寧に梱包して出荷準備をするお仕事です。
冷暖房完備の室内で、重い荷物を運ぶことはほとんどありません。

▶ 入社後はこんな1日になります
09:00 朝礼。体調チェックと当日の出荷量を共有
09:15 午前は検品を担当。外観を目視で確認し、気になる商品は別置きにしてリーダーへ
12:00 昼休憩（60分）
13:00 午後は梱包。袋詰め→箱詰め→テープ留めの3工程を繰り返します
15:00 小休憩（15分）。自動販売機でジュースを買ってリフレッシュ
15:15 当日出荷分の最終チェックと仕分けを全員で仕上げます
17:45 作業スペースの清掃
18:00 退勤。残業は月平均6.5時間以内に収まっています

▶ 扱う商品・作業の具体例
✧ 衣類・タオル：ほつれや汚れがないか確認し、透明袋に入れます
✧ コスメ・ガラス小物：割れないよう緩衝材で包んでから箱へ
✧ 文房具・生活雑貨：品番と個数を納品書と照合し、まとめて袋詰め
✧ 出荷箱：伝票シールと「割れ物注意」などの注意シールを所定の位置に貼ります
どれも片手〜両手で持てるサイズで、重量物の持ち上げはありません。

▶ 教育・研修体制
入社初日は安全講習とオリエンテーションから。いきなり一人で現場に立つことはありません。
2日目以降は専任の先輩が隣について、検品・梱包の手順を実際にやって見せながら教えます。
最初の1週間は「見る→一緒にやる→一人でやる」の順で担当を広げ、1週間後にはひと通りの作業を経験できます。
本社・新宿雇用開発センターの担当者も定期的に様子を見に来るので、職場に言いにくいことも相談できます。

▶ 職場環境
✧ 空調完備：冷暖房が効いた清潔な室内で、夏も冬も快適
✧ 休憩室：電子レンジ・冷蔵庫・ポット・自動販売機あり。お弁当持参でもゆっくり過ごせます
✧ ロッカー：鍵付きの個人ロッカーで貴重品も安心
✧ 服装：髪色・ネイルは自由。動きやすい服装で通勤し、現場のルールに沿って作業します

▶ 東京都新宿区で働く
日本有数のターミナルを擁するエリアで、勤務先の紹介・相談拠点としても利用しやすい場所です。
JR・私鉄・地下鉄各線が集まる新宿駅からアクセスでき、首都圏どこからでも通いやすい立地です。
本社・新宿雇用開発センターのスタッフが地域の勤務先を熟知しているため、「家から近い」「駅から通える」といった希望にも応えやすいのが強みです。

「ちゃんと正社員として働きたい」その一歩を、本社・新宿雇用開発センターで踏み出しませんか。ご応募をお待ちしています！","【新宿区で働く5つの魅力】

✅ マンツーマンで教えるから覚えやすい
専任の先輩が隣について、実演しながら手順を説明します。最初はシール貼りやダンボールの組み立てから始め、1週間でひと通りの流れを経験できるプログラムです。

✅ 土日祝休み・年間休日125日
完全週休2日制でカレンダー通りに休めます。夏季・冬季休暇、GW、年末年始のまとまった休みもあり、旅行や帰省の予定も立てやすい働き方です。

✅ 黙々・コツコツ派にぴったり
ノルマはなく、接客もありません。「一人で集中して作業したい」「人間関係のストレスを減らしたい」という方に向いている環境です。

✅ 休憩室でしっかりリフレッシュ
昼休憩60分に加えて午後の小休憩があり、集中力を保ちやすいリズムです。休憩室にはポットやフリーWi-Fiもあります。

✅ 雇用開発センターが入社後も伴走
本社・新宿雇用開発センターの担当者が定期的に面談し、職場では言いにくい悩みも聞き取ります。「一人で放り出される」ことはありません。

✅ 新宿区エリアで通いやすい
JR・私鉄・地下鉄各線が集まる新宿駅からアクセスでき、首都圏どこからでも通いやすい立地です。日本有数のターミナルを擁するエリアで、勤務先の紹介・相談拠点としても利用しやすい場所です。

「自分にもできそう」と思えたら、それがスタートの合図。本社・新宿雇用開発センターでお待ちしています！","例外事由3号のイにより、長期キャリア形成を図るため、
35歳以下を募集しております。","【勤務時間】
★9:00~18:00
└実働8時間/休憩1時間

定時ダッシュも問題ないです✧
✧ 土日祝休み
✧ 残業月平均:6.5時間以内
✧ 残業代100%支給","✧ 完全週休2日制(土日祝休み)
✧ 年間休日125日
「土日休みはマスト!」ってあなたにも
ぴったりの職場です!

【その他休暇】
✧ 有給休暇
✧ 夏季・冬季休暇
✧ GW休暇
✧ 年末年始休暇",東京都新宿区西新宿1-25-1 新宿センタービル46F,本社・新宿雇用開発センター,"月給:25万円~+交通費全額支給

※経験に応じて決定いたします。

# 昇給あり
# 賞与あり
# 残業代100%支給
# 交通費支給","・各種社会保険完備（健康保険・厚生年金・雇用保険・労災保険）
・時間外手当・深夜手当・職能手当・役職手当・資格手当・業務手当
・退職金制度
・借上げ社宅・社員寮制度（規定あり）
・会社指示による転居時の引越費用・家賃補助（規定あり）
・定期健康診断（年1回）
・特別休暇（慶弔休暇）・産前産後休暇・育児休暇・介護休暇
・資格取得支援制度・資格取得報奨金
・社内研修制度・認定職業訓練校
・作業着・靴・手袋など業務に必要な備品は会社支給
・提携保養所・提携企業割引
・産業医・カウンセラーによる相談窓口","【最短スケジュールのイメージ】

▶ STEP1 今日：WEBから1分で応募
▶ STEP2 1〜3日後：担当者からご連絡 → カジュアル面談の日程調整
▶ STEP3 面談当日：カジュアル面談（1回のみ）→ 採用のご連絡

面談では、職場の雰囲気・1日の流れ・通勤のことなど、
気になることを何でも聞いてください。

✧ 入社日はご相談いただけます ✧
「すぐ働きたい」「少し先がいい」どちらのご希望にも対応します。",,即日勤務OK、交通費支給、残業なし,2,任意,生年月日、性別、電話番号,ntf-indeedapplicant-aaaatulx77tci2k2pr5yeqapva@shukatsu-labo.slack.com,,,利用しない,,
募集中,日本マニュファクチャリングサービス株式会社,未経験｜検品・梱包｜日本マニュファクチャリングサービス株式会社｜千代田区,倉庫作業スタッフ,20～30代活躍中◎千代田区で正社員デビュー｜検品・梱包のシンプル作業,,東京都 千代田区,,,正社員,はい,月給,250000,,最低額を表示,なし,,,,,,,固定時間制,160,,厚生年金、健康保険、雇用保険、労災保険,,なし,,,,,,,,,,,,,,,,,,"千代田区内および周辺の物流センターで、通販商品や生活雑貨の「検品・梱包」を担当する正社員スタッフの募集です。
冷暖房が効いた清潔な作業場で、商品をひとつずつ確認し、丁寧に箱へ納めていく落ち着いた仕事です。
製造・物流の現場を長年支えてきた当社が、未経験の方を一から育てます。

■ 1日の流れ（9:00〜18:00・休憩1時間）
09:00 朝礼。当日の出荷予定と担当エリアを確認し、作業台へ移動します
09:15 午前の検品。入荷した商品を納品書と照らし合わせ、外観と数量をチェック
12:00 昼休憩（60分）。休憩室でゆっくり昼食をとります
13:00 午後の梱包。検品を終えた商品を袋詰めし、サイズに合った箱に納めます
15:00 小休憩（15分）。水分補給と軽いストレッチでリフレッシュ
15:15 ラベル貼りと出荷先ごとの仕分け。台車で所定の場所へ運びます
17:40 作業台の整理整頓と翌日の準備
18:00 退勤。残業は月平均6.5時間以内で、定時に帰れる日がほとんどです

■ 扱う商品と作業の具体例
・衣類・タオルなどの布製品：ほつれや汚れがないか確認し、専用の透明袋に入れます
・コスメ・ガラス製の小物：割れやすいため、緩衝材で包んでから箱に納めます
・文房具・生活雑貨：品番と個数を納品書と照合し、まとめて袋詰めします
・出荷前の箱：伝票シールと「割れ物注意」「水濡れ厳禁」などの注意シールを所定位置に貼ります
いずれも手のひらから両手で持てる大きさの商品で、重量物の持ち上げはありません。

■ 入社後1週間の流れ
1日目：オリエンテーション。安全ルール、勤怠の付け方、作業場の設備を案内します
2〜3日目：先輩スタッフがマンツーマンで隣につき、検品の見方と梱包の手順を実演しながら教えます
4〜5日目：シール貼りやダンボールの組み立てなど簡単な工程から一人で担当。分からないことはその場で質問できます
1週間後：検品・梱包の一連の流れをひと通り経験し、自分のペースで進められるようになります
当社は製造現場の教育に長年取り組んできた会社です。「早ければ半日、遅くとも2〜3日で一人立ち」が現場の平均的な目安ですが、慣れるまでは焦らず伴走します。

■ 職場環境
・空調完備：冷暖房が効いた清潔な室内で、夏も冬も快適に作業できます
・休憩室：電子レンジ・冷蔵庫・ポット・自動販売機を完備。お弁当持参でもゆっくり過ごせます
・ロッカー：鍵付きの個人ロッカーがあり、私物を安心して預けられます
・服装：髪色・ネイルは自由。動きやすい服装で通勤し、現場のルールに沿って作業します

■ 千代田区の拠点ならではの一言
東京駅・秋葉原駅・飯田橋駅などJR・地下鉄各線が集まり、都内・近県どちらからも通いやすい立地です。
オフィス街のイメージが強いエリアですが、周辺には出版・文具・雑貨を扱う配送拠点も点在しています。
当社は東京都内に複数の勤務先を持っているため、ご自宅からの通いやすさも考慮して配属先を相談できます。

製造・物流の現場を支えてきた当社で、あなたのペースで一歩を踏み出してください。ご応募をお待ちしています。","【当社の検品・梱包が選ばれる理由】

✅ 先輩スタッフの9割以上が未経験からのスタート
「商品を手に取る」「傷がないか見る」「箱に入れる」の3ステップが仕事の基本です。複雑な機械操作や専門用語はなく、入社初日は安全講習とオリエンテーションから始まるので、初めての正社員でも安心してスタートできます。

✅ 土日祝休み・年間休日125日
完全週休2日制で、カレンダー通りに休めます。夏季・冬季休暇、GW、年末年始のまとまった休みもあり、予定を立てやすい働き方です。

✅ 重い荷物はほとんどありません
扱うのは衣類・コスメ・文房具・小型雑貨など軽い商品が中心です。重量物の持ち上げや力仕事はほぼなく、身体への負担を抑えて長く続けられます。

✅ 空調完備・清潔な作業場
冷暖房がしっかり効いた室内で、季節を問わず快適に働けます。休憩室には電子レンジ・冷蔵庫・自動販売機があり、鍵付きロッカーも完備しています。

✅ 製造・物流の現場を支えてきた会社の正社員
当社は全国の製造現場で人材を育ててきた会社です。検品・梱包からスタートし、経験を積めばリーダーや別工程へのステップアップも目指せます。

✅ 千代田区で通いやすい勤務地
東京駅・秋葉原駅・飯田橋駅などJR・地下鉄各線が集まり、都内・近県どちらからも通いやすい立地です。オフィス街のイメージが強いエリアですが、周辺には出版・文具・雑貨を扱う配送拠点も点在しています。

まずはカジュアル面談で、職場の雰囲気や1日の流れをお伝えします。ご応募をお待ちしています。","例外事由3号のイにより、長期キャリア形成を図るため、
35歳以下を募集しております。","【勤務時間】
★9:00~18:00
└実働8時間/休憩1時間

定時ダッシュも問題ないです✧
✧ 土日祝休み
✧ 残業月平均:6.5時間以内
✧ 残業代100%支給","✧ 完全週休2日制(土日祝休み)
✧ 年間休日125日
「土日休みはマスト!」ってあなたにも
ぴったりの職場です!

【その他休暇】
✧ 有給休暇
✧ 夏季・冬季休暇
✧ GW休暇
✧ 年末年始休暇",東京都 千代田区,,"月給:25万円~+交通費全額支給

※経験に応じて決定いたします。

# 昇給あり
# 賞与あり
# 残業代100%支給
# 交通費支給","・社会保険完備（雇用・労災・健康・厚生年金）
・残業手当・深夜手当・休日出勤手当（実働時間に応じて支給）
・確定拠出年金制度（企業型）
・定期健康診断・インフルエンザ予防接種費用補助
・特別休暇（慶弔休暇）
・産前産後休暇・育児休業・介護休業
・資格取得支援制度（フォークリフト・自主保全士など）
・家具家電付き社員寮制度（勤務地による・規定あり）
・制服貸与
・社員持株会
・福利厚生サービス（レジャー・飲食の優待割引、保養施設）
・団体長期障害所得補償保険（GLTD）","✧ カジュアル面談実施中です ✧

応募に必要なのは人柄だけ。
まずはあなたのご希望を聞かせてください。

■ 応募からの流れ ■
▶ STEP1 WEBから1分で簡単応募
1〜3日以内に担当者からご連絡します。
▶ STEP2 カジュアル面談（1回のみ）
職場の雰囲気や1日の流れをお伝えし、ご希望を伺います。
▶ STEP3 採用

※入社日はご相談いただけます◎
在職中の方も、お気軽にご相談ください。",,即日勤務OK、交通費支給、残業なし,2,任意,生年月日、性別、電話番号,ntf-indeedapplicant-aaaatulx77tci2k2pr5yeqapva@shukatsu-labo.slack.com,,,利用しない,,
募集中,日本マニュファクチャリングサービス株式会社,未経験｜検品・梱包｜日本マニュファクチャリングサービス株式会社｜大田区,倉庫作業スタッフ,20～30代活躍中◎大田区｜年間休日125日・完全週休2日の軽作業,,東京都 大田区,,,正社員,はい,月給,250000,,最低額を表示,なし,,,,,,,固定時間制,160,,厚生年金、健康保険、雇用保険、労災保険,,なし,,,,,,,,,,,,,,,,,,"勤務先は大田区内および周辺の物流センター。扱うのは衣類・コスメ・文房具・小型雑貨など、手のひらサイズの軽い商品が中心です。
担当していただくのは、届いた商品に不備がないかを確かめ、出荷用の箱に整えて詰める「検品・梱包」の作業。
空調完備の室内で、自分のペースを保ちながら黙々と取り組める環境です。

■ ある1日のスケジュール（日勤・実働8時間）
09:00 出勤・朝礼。リーダーから本日の作業内容と注意点の共有があります
09:10 検品スタート。ハンディ端末でバーコードを読み取り、品番と数量を照合
10:30 小休憩（10分）
12:00 昼休憩（60分）。電子レンジ・冷蔵庫のある休憩室で昼食
13:00 梱包作業。緩衝材で商品を包み、ダンボールを組み立てて詰めていきます
15:00 小休憩（15分）
15:15 出荷準備。伝票シールを貼り、配送業者ごとにコンテナへ仕分け
17:45 清掃・翌日分の資材補充
18:00 退勤。土日祝はお休みで、翌日の予定も立てやすい働き方です

■ 作業の流れ（3ステップ）
1. 検品：商品を手に取り、傷・汚れ・数量を確認します。迷ったら「保留」の箱に入れてリーダーに確認するだけです
2. 梱包：商品に合わせて袋・緩衝材・箱を選び、動かないように納めてテープで封をします
3. 仕分け：伝票シールを貼り、配送地域ごとに分けられたコンテナへ移します
扱う商品は衣類・雑貨・コスメ・文房具などの軽いものが中心で、フォークリフトなどの機械操作はありません。

■ 入社後1週間の流れ
1日目：オリエンテーション。安全ルール、勤怠の付け方、作業場の設備を案内します
2〜3日目：先輩スタッフがマンツーマンで隣につき、検品の見方と梱包の手順を実演しながら教えます
4〜5日目：シール貼りやダンボールの組み立てなど簡単な工程から一人で担当。分からないことはその場で質問できます
1週間後：検品・梱包の一連の流れをひと通り経験し、自分のペースで進められるようになります
当社は製造現場の教育に長年取り組んできた会社です。「早ければ半日、遅くとも2〜3日で一人立ち」が現場の平均的な目安ですが、慣れるまでは焦らず伴走します。

■ 働く環境について
作業場は1年を通して空調が効いており、汗だくになったり手がかじかんだりする心配はありません。
休憩室は広く、電子レンジや冷蔵庫、自動販売機が揃っています。昼休憩は各自のペースで過ごしています。
鍵付きロッカーを用意しているので、貴重品の管理も安心です。
服装や髪色は自由で、自分らしいスタイルのまま通勤できます。

■ 東京都大田区で働く
東京湾岸の物流集積地で、空港貨物や生活雑貨の配送センターが数多く集まるエリアです。
JR京浜東北線・京急線・東京モノレールが使え、羽田空港や京浜島方面へのバス路線も充実しています。
大田区周辺で「通勤時間を抑えて安定した正社員の仕事に就きたい」という方に、当社の検品・梱包はぴったりの選択肢です。

製造・物流の現場を支えてきた当社で、あなたのペースで一歩を踏み出してください。ご応募をお待ちしています。","【大田区で働くならここがポイント】

✅ 資格・経験・学歴は問いません
必要なのは「丁寧に確認する姿勢」だけ。検品の見方、梱包の手順はすべて入社後にお伝えします。フォークリフトなどの資格取得を目指したい方には支援制度もあり、長く働くほど仕事の幅が広がります。

✅ 残業は月平均6.5時間以内
出荷量に合わせて人員を配置しているため、定時で帰れる日がほとんどです。仕事の後に予定を入れたり、家でゆっくり過ごしたりする時間をきちんと確保できます。

✅ 自分のペースで黙々と進められる仕事
ノルマに追われることはなく、接客もありません。「一人で集中して作業したい」「人間関係のストレスを減らしたい」という方にこそ向いている環境です。

✅ 休憩室でしっかりリフレッシュ
昼休憩60分に加えて午後に小休憩があり、集中力を保ちやすいリズムで働けます。休憩室にはポットやフリーWi-Fiもあり、お弁当派にも外食派にも便利です。

✅ 安定した雇用と福利厚生
正社員としての雇用に加え、社会保険完備、定期健康診断、資格取得支援などの制度があります。「腰を据えて働きたい」という希望に応えられる環境です。

✅ 地元大田区で長く働く
東京湾岸の物流集積地で、空港貨物や生活雑貨の配送センターが数多く集まるエリアです。JR京浜東北線・京急線・東京モノレールが使え、羽田空港や京浜島方面へのバス路線も充実しています。

まずはカジュアル面談で、職場の雰囲気や1日の流れをお伝えします。ご応募をお待ちしています。","例外事由3号のイにより、長期キャリア形成を図るため、
35歳以下を募集しております。","【勤務時間】
★9:00~18:00
└実働8時間/休憩1時間

定時ダッシュも問題ないです✧
✧ 土日祝休み
✧ 残業月平均:6.5時間以内
✧ 残業代100%支給","✧ 完全週休2日制(土日祝休み)
✧ 年間休日125日
「土日休みはマスト!」ってあなたにも
ぴったりの職場です!

【その他休暇】
✧ 有給休暇
✧ 夏季・冬季休暇
✧ GW休暇
✧ 年末年始休暇",東京都 大田区,,"月給:25万円~+交通費全額支給

※経験に応じて決定いたします。

# 昇給あり
# 賞与あり
# 残業代100%支給
# 交通費支給","・社会保険完備（雇用・労災・健康・厚生年金）
・残業手当・深夜手当・休日出勤手当（実働時間に応じて支給）
・確定拠出年金制度（企業型）
・定期健康診断・インフルエンザ予防接種費用補助
・特別休暇（慶弔休暇）
・産前産後休暇・育児休業・介護休業
・資格取得支援制度（フォークリフト・自主保全士など）
・家具家電付き社員寮制度（勤務地による・規定あり）
・制服貸与
・社員持株会
・福利厚生サービス（レジャー・飲食の優待割引、保養施設）
・団体長期障害所得補償保険（GLTD）","【応募前の「気になる」にお答えします】

Q. 面接は堅苦しいですか？
A. いいえ。カジュアル面談を1回行うだけです。服装も自由、履歴書も任意です。

Q. 応募してからどのくらいで決まりますか？
A. 3ステップで進みます。
▶ STEP1 WEBから応募（1分）→ 1〜3日以内にご連絡
▶ STEP2 カジュアル面談（1回のみ）
▶ STEP3 採用

Q. すぐには入社できないのですが…
A. 入社日はご相談いただけます。今のお仕事の引き継ぎ期間なども考慮します。",,即日勤務OK、交通費支給、残業なし,2,任意,生年月日、性別、電話番号,ntf-indeedapplicant-aaaatulx77tci2k2pr5yeqapva@shukatsu-labo.slack.com,,,利用しない,,
募集中,日本マニュファクチャリングサービス株式会社,未経験｜検品・梱包｜日本マニュファクチャリングサービス株式会社｜八王子市,倉庫作業スタッフ,20～30代活躍中◎安定の正社員｜八王子市で検品・梱包を一から,,東京都 八王子市,,,正社員,はい,月給,250000,,最低額を表示,なし,,,,,,,固定時間制,160,,厚生年金、健康保険、雇用保険、労災保険,,なし,,,,,,,,,,,,,,,,,,"「ものづくりの現場を支える仕事を、正社員として腰を据えて続けたい」という方へ。
八王子市内および周辺の物流センターで、商品の検品と梱包を担当するスタッフを募集します。
空調の効いた清潔な作業場で、座り作業と立ち作業を組み合わせながら無理なく進められる仕事です。

■ 入社後の1日はこんなイメージです
09:00 朝礼。体調確認と当日の出荷量の共有からスタート
09:15 午前は検品を中心に担当。商品の外観を目視で確認し、傷や汚れがあれば別置きにします
12:00 昼休憩（60分）。お弁当持参の方も、近くで買ってくる方もいます
13:00 午後は梱包を担当。袋詰め、箱詰め、テープ留めの3工程を繰り返します
15:00 小休憩（15分）。自動販売機で飲み物を買って一息
15:15 出荷分の最終チェックと仕分け。全員で協力して当日分を仕上げます
17:45 作業スペースの清掃と日報記入
18:00 定時退勤。残業は月平均6.5時間以内に収まっています

■ 具体的にはこんな商品を扱います
通販サイトで販売されるアパレル商品、生活雑貨、コスメ、文房具が中心です。
・シャツやタオルを畳んで透明袋へ入れる
・コスメの容器にひび割れがないかを目視で確認する
・文房具のセット品を指定の個数で袋詰めする
・箱にラベルを貼り、配送業者ごとの台車に載せる
商品は軽く、作業台の高さも調整されているため、身体への負担を抑えて続けられます。

■ 教育・研修体制
入社初日は安全講習とオリエンテーションから始まり、いきなり現場に出ることはありません。
2日目以降は専任の先輩スタッフが隣について、検品・梱包の手順を実際にやって見せながら説明します。
最初の1週間は「見る→一緒にやる→一人でやる」の順で少しずつ担当を広げ、1週間後にはひと通りの作業を経験できるスケジュールです。
リーダーは常に作業場内にいるため、「これはどこに置くのでしたか」といった質問もすぐに解決できます。

■ 設備・環境のポイント
・冷暖房完備の室内作業で、季節や天候に左右されません
・休憩室には電子レンジ・冷蔵庫・ポットがあり、フリーWi-Fiも使えます
・個人用の鍵付きロッカーを完備
・髪色・ネイル・服装は自由。清潔感があれば普段のスタイルのままで大丈夫です

■ 八王子市の拠点ならではの一言
JR中央線・横浜線・八高線と京王線が乗り入れ、多摩エリア各方面から通勤しやすい交通の要所です。
多摩地区最大の都市で、郊外の工業団地や圏央道沿いに物流施設が多く立地しています。
当社は東京都内に複数の勤務先を持っているため、ご自宅からの通いやすさも考慮して配属先を相談できます。

「難しいことはできないけれど、コツコツ続けることは得意」という方を、当社は大切にしています。まずはお気軽にご応募ください。","【当社の検品・梱包が選ばれる理由】

✅ 資格・経験・学歴は問いません
必要なのは「丁寧に確認する姿勢」だけ。検品の見方、梱包の手順はすべて入社後にお伝えします。フォークリフトなどの資格取得を目指したい方には支援制度もあり、長く働くほど仕事の幅が広がります。

✅ 土日祝休み・年間休日125日
完全週休2日制で、カレンダー通りに休めます。夏季・冬季休暇、GW、年末年始のまとまった休みもあり、予定を立てやすい働き方です。

✅ 自分のペースで黙々と進められる仕事
ノルマに追われることはなく、接客もありません。「一人で集中して作業したい」「人間関係のストレスを減らしたい」という方にこそ向いている環境です。

✅ 休憩室でしっかりリフレッシュ
昼休憩60分に加えて午後に小休憩があり、集中力を保ちやすいリズムで働けます。休憩室にはポットやフリーWi-Fiもあり、お弁当派にも外食派にも便利です。

✅ 製造・物流の現場を支えてきた会社の正社員
当社は全国の製造現場で人材を育ててきた会社です。検品・梱包からスタートし、経験を積めばリーダーや別工程へのステップアップも目指せます。

✅ 地元八王子市で長く働く
多摩地区最大の都市で、郊外の工業団地や圏央道沿いに物流施設が多く立地しています。JR中央線・横浜線・八高線と京王線が乗り入れ、多摩エリア各方面から通勤しやすい交通の要所です。

「自分にもできそう」と思えたら、それがスタートの合図です。お気軽にご応募ください。","例外事由3号のイにより、長期キャリア形成を図るため、
35歳以下を募集しております。","【勤務時間】
★9:00~18:00
└実働8時間/休憩1時間

定時ダッシュも問題ないです✧
✧ 土日祝休み
✧ 残業月平均:6.5時間以内
✧ 残業代100%支給","✧ 完全週休2日制(土日祝休み)
✧ 年間休日125日
「土日休みはマスト!」ってあなたにも
ぴったりの職場です!

【その他休暇】
✧ 有給休暇
✧ 夏季・冬季休暇
✧ GW休暇
✧ 年末年始休暇",東京都 八王子市,,"月給:25万円~+交通費全額支給

※経験に応じて決定いたします。

# 昇給あり
# 賞与あり
# 残業代100%支給
# 交通費支給","・社会保険完備（雇用・労災・健康・厚生年金）
・残業手当・深夜手当・休日出勤手当（実働時間に応じて支給）
・確定拠出年金制度（企業型）
・定期健康診断・インフルエンザ予防接種費用補助
・特別休暇（慶弔休暇）
・産前産後休暇・育児休業・介護休業
・資格取得支援制度（フォークリフト・自主保全士など）
・家具家電付き社員寮制度（勤務地による・規定あり）
・制服貸与
・社員持株会
・福利厚生サービス（レジャー・飲食の優待割引、保養施設）
・団体長期障害所得補償保険（GLTD）","まずは「話を聞いてみる」だけで大丈夫です。

当社ではカジュアル面談を実施しています。
志望動機や自己PRの準備は不要。
「どんな職場？」「本当に未経験でもできる？」といった疑問に、担当者が率直にお答えします。

■ 応募から入社までの3STEP ■
▶ STEP1 WEB応募（1分）
▶ STEP2 カジュアル面談（1回のみ・1〜3日以内にご連絡）
▶ STEP3 採用・入社日のご相談

入社日は柔軟に調整できます。
「来月から」「今の仕事を辞めてから」など、ご都合をお聞かせください。",,即日勤務OK、交通費支給、残業なし,2,任意,生年月日、性別、電話番号,ntf-indeedapplicant-aaaatulx77tci2k2pr5yeqapva@shukatsu-labo.slack.com,,,利用しない,,
募集中,日本マニュファクチャリングサービス株式会社,未経験｜検品・梱包｜日本マニュファクチャリングサービス株式会社｜昭島市,倉庫作業スタッフ,20～30代活躍中◎残業ほぼなし｜昭島市で腰を据えて働く検品・梱包,,東京都 昭島市,,,正社員,はい,月給,250000,,最低額を表示,なし,,,,,,,固定時間制,160,,厚生年金、健康保険、雇用保険、労災保険,,なし,,,,,,,,,,,,,,,,,,"東京都昭島市エリアで、検品・梱包の正社員スタッフを募集します。
勤務先は昭島市内および周辺の物流センター。商品にキズや汚れがないかを目で確かめ、数を合わせ、袋や箱に丁寧に納める作業が中心です。
1年を通して快適な温度に保たれた室内作業で、当社の先輩スタッフが隣で手順を教えます。

■ 1日の流れ（9:00〜18:00・休憩1時間）
09:00 朝礼。当日の出荷予定と担当エリアを確認し、作業台へ移動します
09:15 午前の検品。入荷した商品を納品書と照らし合わせ、外観と数量をチェック
12:00 昼休憩（60分）。休憩室でゆっくり昼食をとります
13:00 午後の梱包。検品を終えた商品を袋詰めし、サイズに合った箱に納めます
15:00 小休憩（15分）。水分補給と軽いストレッチでリフレッシュ
15:15 ラベル貼りと出荷先ごとの仕分け。台車で所定の場所へ運びます
17:40 作業台の整理整頓と翌日の準備
18:00 退勤。残業は月平均6.5時間以内で、定時に帰れる日がほとんどです

■ 具体的にはこんな商品を扱います
通販サイトで販売されるアパレル商品、生活雑貨、コスメ、文房具が中心です。
・シャツやタオルを畳んで透明袋へ入れる
・コスメの容器にひび割れがないかを目視で確認する
・文房具のセット品を指定の個数で袋詰めする
・箱にラベルを貼り、配送業者ごとの台車に載せる
商品は軽く、作業台の高さも調整されているため、身体への負担を抑えて続けられます。

■ 未経験でも安心の1週間プログラム
・1日目：会社説明、安全講習、作業着の受け取り、作業場の見学
・2日目：先輩の隣で検品の実演を見学し、午後から一緒に作業
・3日目：梱包の袋詰め・箱詰めを先輩と一緒に担当
・4日目：シール貼りと仕分けを一人で担当。先輩は同じ作業台で見守ります
・5日目：検品から仕分けまでの流れを通しで経験
覚えることは3ステップの繰り返しなので、専門知識や資格は不要です。製造現場で人を育ててきた当社ならではの丁寧な立ち上がりを用意しています。

■ 職場環境
・空調完備：冷暖房が効いた清潔な室内で、夏も冬も快適に作業できます
・休憩室：電子レンジ・冷蔵庫・ポット・自動販売機を完備。お弁当持参でもゆっくり過ごせます
・ロッカー：鍵付きの個人ロッカーがあり、私物を安心して預けられます
・服装：髪色・ネイルは自由。動きやすい服装で通勤し、現場のルールに沿って作業します

■ 昭島市の拠点ならではの一言
JR青梅線の昭島駅・拝島駅が最寄りで、立川からも一駅圏内です。
住宅地と工場・配送センターがほどよく共存する、落ち着いた多摩の街です。
当社は東京都内に複数の勤務先を持っているため、ご自宅からの通いやすさも考慮して配属先を相談できます。

製造・物流の現場を支えてきた当社で、あなたのペースで一歩を踏み出してください。ご応募をお待ちしています。","【昭島市で働くならここがポイント】

✅ 覚えることは少なく、教え方は丁寧に
製造現場で人を育ててきた当社では、専任の先輩がマンツーマンで隣につきます。最初はシール貼りやダンボールの組み立てといった簡単な工程から始め、1週間でひと通りの流れを経験できるプログラムを用意しています。

✅ 平日は定時、週末はしっかり休む
9:00〜18:00の固定時間制で、生活リズムが安定します。土日祝はお休みなので、家族や友人と予定を合わせやすいのも魅力です。

✅ 重い荷物はほとんどありません
扱うのは衣類・コスメ・文房具・小型雑貨など軽い商品が中心です。重量物の持ち上げや力仕事はほぼなく、身体への負担を抑えて長く続けられます。

✅ 休憩室でしっかりリフレッシュ
昼休憩60分に加えて午後に小休憩があり、集中力を保ちやすいリズムで働けます。休憩室にはポットやフリーWi-Fiもあり、お弁当派にも外食派にも便利です。

✅ 相談しやすい体制
配属先にはリーダーが常駐し、定期的な面談で困りごとを聞き取ります。作業のこと、通勤のこと、働き方のこと、何でも相談してください。

✅ 昭島市で通いやすい勤務地
JR青梅線の昭島駅・拝島駅が最寄りで、立川からも一駅圏内です。住宅地と工場・配送センターがほどよく共存する、落ち着いた多摩の街です。

まずはカジュアル面談で、職場の雰囲気や1日の流れをお伝えします。ご応募をお待ちしています。","例外事由3号のイにより、長期キャリア形成を図るため、
35歳以下を募集しております。","【勤務時間】
★9:00~18:00
└実働8時間/休憩1時間

定時ダッシュも問題ないです✧
✧ 土日祝休み
✧ 残業月平均:6.5時間以内
✧ 残業代100%支給","✧ 完全週休2日制(土日祝休み)
✧ 年間休日125日
「土日休みはマスト!」ってあなたにも
ぴったりの職場です!

【その他休暇】
✧ 有給休暇
✧ 夏季・冬季休暇
✧ GW休暇
✧ 年末年始休暇",東京都 昭島市,,"月給:25万円~+交通費全額支給

※経験に応じて決定いたします。

# 昇給あり
# 賞与あり
# 残業代100%支給
# 交通費支給","・社会保険完備（雇用・労災・健康・厚生年金）
・残業手当・深夜手当・休日出勤手当（実働時間に応じて支給）
・確定拠出年金制度（企業型）
・定期健康診断・インフルエンザ予防接種費用補助
・特別休暇（慶弔休暇）
・産前産後休暇・育児休業・介護休業
・資格取得支援制度（フォークリフト・自主保全士など）
・家具家電付き社員寮制度（勤務地による・規定あり）
・制服貸与
・社員持株会
・福利厚生サービス（レジャー・飲食の優待割引、保養施設）
・団体長期障害所得補償保険（GLTD）","【最短スケジュールのイメージ】

▶ STEP1 今日：WEBから1分で応募
▶ STEP2 1〜3日後：担当者からご連絡 → カジュアル面談の日程調整
▶ STEP3 面談当日：カジュアル面談（1回のみ）→ 採用のご連絡

面談では、職場の雰囲気・1日の流れ・通勤のことなど、
気になることを何でも聞いてください。

✧ 入社日はご相談いただけます ✧
「すぐ働きたい」「少し先がいい」どちらのご希望にも対応します。",,即日勤務OK、交通費支給、残業なし,2,任意,生年月日、性別、電話番号,ntf-indeedapplicant-aaaatulx77tci2k2pr5yeqapva@shukatsu-labo.slack.com,,,利用しない,,
募集中,日本マニュファクチャリングサービス株式会社,未経験｜検品・梱包｜日本マニュファクチャリングサービス株式会社｜日野市,倉庫作業スタッフ,20～30代活躍中◎定時で帰れる｜日野市の物流センターで検品・梱包,,東京都 日野市,,,正社員,はい,月給,250000,,最低額を表示,なし,,,,,,,固定時間制,160,,厚生年金、健康保険、雇用保険、労災保険,,なし,,,,,,,,,,,,,,,,,,"日野市内および周辺の物流センターで、通販商品や生活雑貨の「検品・梱包」を担当する正社員スタッフの募集です。
冷暖房が効いた清潔な作業場で、商品をひとつずつ確認し、丁寧に箱へ納めていく落ち着いた仕事です。
製造・物流の現場を長年支えてきた当社が、未経験の方を一から育てます。

■ 入社後の1日はこんなイメージです
09:00 朝礼。体調確認と当日の出荷量の共有からスタート
09:15 午前は検品を中心に担当。商品の外観を目視で確認し、傷や汚れがあれば別置きにします
12:00 昼休憩（60分）。お弁当持参の方も、近くで買ってくる方もいます
13:00 午後は梱包を担当。袋詰め、箱詰め、テープ留めの3工程を繰り返します
15:00 小休憩（15分）。自動販売機で飲み物を買って一息
15:15 出荷分の最終チェックと仕分け。全員で協力して当日分を仕上げます
17:45 作業スペースの清掃と日報記入
18:00 定時退勤。残業は月平均6.5時間以内に収まっています

■ 主な作業内容
・検品：入荷した商品の外観チェック（傷・汚れ・パッケージのへこみ）と数量・品番の照合
・スキャン：バーコードリーダーで商品を読み取り、データと突き合わせます
・梱包：袋詰め、緩衝材包装、ダンボールの組み立てと箱詰め、テープ留め
・仕上げ：ラベル貼りと配送地域別の仕分け
扱うのはアパレル商品、コスメ、文房具、小型雑貨など。どれも軽く、繰り返しの中で自然と手順が身につく作業です。

■ 入社後1週間の流れ
1日目：オリエンテーション。安全ルール、勤怠の付け方、作業場の設備を案内します
2〜3日目：先輩スタッフがマンツーマンで隣につき、検品の見方と梱包の手順を実演しながら教えます
4〜5日目：シール貼りやダンボールの組み立てなど簡単な工程から一人で担当。分からないことはその場で質問できます
1週間後：検品・梱包の一連の流れをひと通り経験し、自分のペースで進められるようになります
当社は製造現場の教育に長年取り組んできた会社です。「早ければ半日、遅くとも2〜3日で一人立ち」が現場の平均的な目安ですが、慣れるまでは焦らず伴走します。

■ 設備・環境のポイント
・冷暖房完備の室内作業で、季節や天候に左右されません
・休憩室には電子レンジ・冷蔵庫・ポットがあり、フリーWi-Fiも使えます
・個人用の鍵付きロッカーを完備
・髪色・ネイル・服装は自由。清潔感があれば普段のスタイルのままで大丈夫です

■ 東京都日野市で働く
製造業の工場が多く、ものづくりに携わる仲間が身近にいる地域です。
JR中央線の日野駅・豊田駅、京王線の高幡不動駅が利用でき、都心からも通いやすいエリアです。
日野市周辺で「通勤時間を抑えて安定した正社員の仕事に就きたい」という方に、当社の検品・梱包はぴったりの選択肢です。

製造・物流の現場を支えてきた当社で、あなたのペースで一歩を踏み出してください。ご応募をお待ちしています。","【当社の検品・梱包が選ばれる理由】

✅ 覚えることは少なく、教え方は丁寧に
製造現場で人を育ててきた当社では、専任の先輩がマンツーマンで隣につきます。最初はシール貼りやダンボールの組み立てといった簡単な工程から始め、1週間でひと通りの流れを経験できるプログラムを用意しています。

✅ 残業は月平均6.5時間以内
出荷量に合わせて人員を配置しているため、定時で帰れる日がほとんどです。仕事の後に予定を入れたり、家でゆっくり過ごしたりする時間をきちんと確保できます。

✅ 重い荷物はほとんどありません
扱うのは衣類・コスメ・文房具・小型雑貨など軽い商品が中心です。重量物の持ち上げや力仕事はほぼなく、身体への負担を抑えて長く続けられます。

✅ 休憩室でしっかりリフレッシュ
昼休憩60分に加えて午後に小休憩があり、集中力を保ちやすいリズムで働けます。休憩室にはポットやフリーWi-Fiもあり、お弁当派にも外食派にも便利です。

✅ 安定した雇用と福利厚生
正社員としての雇用に加え、社会保険完備、定期健康診断、資格取得支援などの制度があります。「腰を据えて働きたい」という希望に応えられる環境です。

✅ 日野市で通いやすい勤務地
JR中央線の日野駅・豊田駅、京王線の高幡不動駅が利用でき、都心からも通いやすいエリアです。製造業の工場が多く、ものづくりに携わる仲間が身近にいる地域です。

「自分にもできそう」と思えたら、それがスタートの合図です。お気軽にご応募ください。","例外事由3号のイにより、長期キャリア形成を図るため、
35歳以下を募集しております。","【勤務時間】
★9:00~18:00
└実働8時間/休憩1時間

定時ダッシュも問題ないです✧
✧ 土日祝休み
✧ 残業月平均:6.5時間以内
✧ 残業代100%支給","✧ 完全週休2日制(土日祝休み)
✧ 年間休日125日
「土日休みはマスト!」ってあなたにも
ぴったりの職場です!

【その他休暇】
✧ 有給休暇
✧ 夏季・冬季休暇
✧ GW休暇
✧ 年末年始休暇",東京都 日野市,,"月給:25万円~+交通費全額支給

※経験に応じて決定いたします。

# 昇給あり
# 賞与あり
# 残業代100%支給
# 交通費支給","・社会保険完備（雇用・労災・健康・厚生年金）
・残業手当・深夜手当・休日出勤手当（実働時間に応じて支給）
・確定拠出年金制度（企業型）
・定期健康診断・インフルエンザ予防接種費用補助
・特別休暇（慶弔休暇）
・産前産後休暇・育児休業・介護休業
・資格取得支援制度（フォークリフト・自主保全士など）
・家具家電付き社員寮制度（勤務地による・規定あり）
・制服貸与
・社員持株会
・福利厚生サービス（レジャー・飲食の優待割引、保養施設）
・団体長期障害所得補償保険（GLTD）","■ 選考について ■
・カジュアル面談：1回のみ（服装自由・履歴書任意）
・応募から面談まで：WEB応募後、1〜3日以内にご連絡
・入社日：ご相談のうえ決定

■ 応募からの流れ ■
▶ STEP1 WEBから1分で応募
▶ STEP2 カジュアル面談（1回のみ）
▶ STEP3 採用

「まずは話だけ聞いてみたい」という方も、そのままご応募ください。
面談で無理に応募を勧めることはありません。",,即日勤務OK、交通費支給、残業なし,2,任意,生年月日、性別、電話番号,ntf-indeedapplicant-aaaatulx77tci2k2pr5yeqapva@shukatsu-labo.slack.com,,,利用しない,,
募集中,日本マニュファクチャリングサービス株式会社,未経験｜検品・梱包｜日本マニュファクチャリングサービス株式会社｜羽村市,倉庫作業スタッフ,20～30代活躍中◎土日祝休み・羽村市勤務｜ものづくり企業の軽作業,,東京都 羽村市,,,正社員,はい,月給,250000,,最低額を表示,なし,,,,,,,固定時間制,160,,厚生年金、健康保険、雇用保険、労災保険,,なし,,,,,,,,,,,,,,,,,,"勤務先は羽村市内および周辺の物流センター。扱うのは衣類・コスメ・文房具・小型雑貨など、手のひらサイズの軽い商品が中心です。
担当していただくのは、届いた商品に不備がないかを確かめ、出荷用の箱に整えて詰める「検品・梱包」の作業。
空調完備の室内で、自分のペースを保ちながら黙々と取り組める環境です。

■ 1日の流れ（9:00〜18:00・休憩1時間）
09:00 朝礼。当日の出荷予定と担当エリアを確認し、作業台へ移動します
09:15 午前の検品。入荷した商品を納品書と照らし合わせ、外観と数量をチェック
12:00 昼休憩（60分）。休憩室でゆっくり昼食をとります
13:00 午後の梱包。検品を終えた商品を袋詰めし、サイズに合った箱に納めます
15:00 小休憩（15分）。水分補給と軽いストレッチでリフレッシュ
15:15 ラベル貼りと出荷先ごとの仕分け。台車で所定の場所へ運びます
17:40 作業台の整理整頓と翌日の準備
18:00 退勤。残業は月平均6.5時間以内で、定時に帰れる日がほとんどです

■ 主な作業内容
・検品：入荷した商品の外観チェック（傷・汚れ・パッケージのへこみ）と数量・品番の照合
・スキャン：バーコードリーダーで商品を読み取り、データと突き合わせます
・梱包：袋詰め、緩衝材包装、ダンボールの組み立てと箱詰め、テープ留め
・仕上げ：ラベル貼りと配送地域別の仕分け
扱うのはアパレル商品、コスメ、文房具、小型雑貨など。どれも軽く、繰り返しの中で自然と手順が身につく作業です。

■ 教育・研修体制
入社初日は安全講習とオリエンテーションから始まり、いきなり現場に出ることはありません。
2日目以降は専任の先輩スタッフが隣について、検品・梱包の手順を実際にやって見せながら説明します。
最初の1週間は「見る→一緒にやる→一人でやる」の順で少しずつ担当を広げ、1週間後にはひと通りの作業を経験できるスケジュールです。
リーダーは常に作業場内にいるため、「これはどこに置くのでしたか」といった質問もすぐに解決できます。

■ 職場環境
・空調完備：冷暖房が効いた清潔な室内で、夏も冬も快適に作業できます
・休憩室：電子レンジ・冷蔵庫・ポット・自動販売機を完備。お弁当持参でもゆっくり過ごせます
・ロッカー：鍵付きの個人ロッカーがあり、私物を安心して預けられます
・服装：髪色・ネイルは自由。動きやすい服装で通勤し、現場のルールに沿って作業します

■ 東京都羽村市で働く
大手メーカーの工場が集まる西多摩の製造拠点で、周辺に関連の物流施設も点在します。
JR青梅線の羽村駅・小作駅が最寄りで、圏央道の日の出IC・青梅ICからも近く車通勤にも向いています。
羽村市周辺で「通勤時間を抑えて安定した正社員の仕事に就きたい」という方に、当社の検品・梱包はぴったりの選択肢です。

「難しいことはできないけれど、コツコツ続けることは得意」という方を、当社は大切にしています。まずはお気軽にご応募ください。","【羽村市で働くならここがポイント】

✅ 先輩スタッフの9割以上が未経験からのスタート
「商品を手に取る」「傷がないか見る」「箱に入れる」の3ステップが仕事の基本です。複雑な機械操作や専門用語はなく、入社初日は安全講習とオリエンテーションから始まるので、初めての正社員でも安心してスタートできます。

✅ 土日祝休み・年間休日125日
完全週休2日制で、カレンダー通りに休めます。夏季・冬季休暇、GW、年末年始のまとまった休みもあり、予定を立てやすい働き方です。

✅ 重い荷物はほとんどありません
扱うのは衣類・コスメ・文房具・小型雑貨など軽い商品が中心です。重量物の持ち上げや力仕事はほぼなく、身体への負担を抑えて長く続けられます。

✅ 休憩室でしっかりリフレッシュ
昼休憩60分に加えて午後に小休憩があり、集中力を保ちやすいリズムで働けます。休憩室にはポットやフリーWi-Fiもあり、お弁当派にも外食派にも便利です。

✅ 製造・物流の現場を支えてきた会社の正社員
当社は全国の製造現場で人材を育ててきた会社です。検品・梱包からスタートし、経験を積めばリーダーや別工程へのステップアップも目指せます。

✅ 羽村市で通いやすい勤務地
JR青梅線の羽村駅・小作駅が最寄りで、圏央道の日の出IC・青梅ICからも近く車通勤にも向いています。大手メーカーの工場が集まる西多摩の製造拠点で、周辺に関連の物流施設も点在します。

まずはカジュアル面談で、職場の雰囲気や1日の流れをお伝えします。ご応募をお待ちしています。","例外事由3号のイにより、長期キャリア形成を図るため、
35歳以下を募集しております。","【勤務時間】
★9:00~18:00
└実働8時間/休憩1時間

定時ダッシュも問題ないです✧
✧ 土日祝休み
✧ 残業月平均:6.5時間以内
✧ 残業代100%支給","✧ 完全週休2日制(土日祝休み)
✧ 年間休日125日
「土日休みはマスト!」ってあなたにも
ぴったりの職場です!

【その他休暇】
✧ 有給休暇
✧ 夏季・冬季休暇
✧ GW休暇
✧ 年末年始休暇",東京都 羽村市,,"月給:25万円~+交通費全額支給

※経験に応じて決定いたします。

# 昇給あり
# 賞与あり
# 残業代100%支給
# 交通費支給","・社会保険完備（雇用・労災・健康・厚生年金）
・残業手当・深夜手当・休日出勤手当（実働時間に応じて支給）
・確定拠出年金制度（企業型）
・定期健康診断・インフルエンザ予防接種費用補助
・特別休暇（慶弔休暇）
・産前産後休暇・育児休業・介護休業
・資格取得支援制度（フォークリフト・自主保全士など）
・家具家電付き社員寮制度（勤務地による・規定あり）
・制服貸与
・社員持株会
・福利厚生サービス（レジャー・飲食の優待割引、保養施設）
・団体長期障害所得補償保険（GLTD）","✧ カジュアル面談実施中です ✧

応募に必要なのは人柄だけ。
まずはあなたのご希望を聞かせてください。

■ 応募からの流れ ■
▶ STEP1 WEBから1分で簡単応募
1〜3日以内に担当者からご連絡します。
▶ STEP2 カジュアル面談（1回のみ）
職場の雰囲気や1日の流れをお伝えし、ご希望を伺います。
▶ STEP3 採用

※入社日はご相談いただけます◎
在職中の方も、お気軽にご相談ください。",,即日勤務OK、交通費支給、残業なし,2,任意,生年月日、性別、電話番号,ntf-indeedapplicant-aaaatulx77tci2k2pr5yeqapva@shukatsu-labo.slack.com,,,利用しない,,
募集中,日本マニュファクチャリングサービス株式会社,未経験｜検品・梱包｜日本マニュファクチャリングサービス株式会社｜青梅市,倉庫作業スタッフ,20～30代活躍中◎重い荷物なし｜青梅市で始める検品・梱包の正社員,,東京都 青梅市,,,正社員,はい,月給,250000,,最低額を表示,なし,,,,,,,固定時間制,160,,厚生年金、健康保険、雇用保険、労災保険,,なし,,,,,,,,,,,,,,,,,,"「ものづくりの現場を支える仕事を、正社員として腰を据えて続けたい」という方へ。
青梅市内および周辺の物流センターで、商品の検品と梱包を担当するスタッフを募集します。
空調の効いた清潔な作業場で、座り作業と立ち作業を組み合わせながら無理なく進められる仕事です。

■ ある1日のスケジュール（日勤・実働8時間）
09:00 出勤・朝礼。リーダーから本日の作業内容と注意点の共有があります
09:10 検品スタート。ハンディ端末でバーコードを読み取り、品番と数量を照合
10:30 小休憩（10分）
12:00 昼休憩（60分）。電子レンジ・冷蔵庫のある休憩室で昼食
13:00 梱包作業。緩衝材で商品を包み、ダンボールを組み立てて詰めていきます
15:00 小休憩（15分）
15:15 出荷準備。伝票シールを貼り、配送業者ごとにコンテナへ仕分け
17:45 清掃・翌日分の資材補充
18:00 退勤。土日祝はお休みで、翌日の予定も立てやすい働き方です

■ 扱う商品と作業の具体例
・衣類・タオルなどの布製品：ほつれや汚れがないか確認し、専用の透明袋に入れます
・コスメ・ガラス製の小物：割れやすいため、緩衝材で包んでから箱に納めます
・文房具・生活雑貨：品番と個数を納品書と照合し、まとめて袋詰めします
・出荷前の箱：伝票シールと「割れ物注意」「水濡れ厳禁」などの注意シールを所定位置に貼ります
いずれも手のひらから両手で持てる大きさの商品で、重量物の持ち上げはありません。

■ 未経験でも安心の1週間プログラム
・1日目：会社説明、安全講習、作業着の受け取り、作業場の見学
・2日目：先輩の隣で検品の実演を見学し、午後から一緒に作業
・3日目：梱包の袋詰め・箱詰めを先輩と一緒に担当
・4日目：シール貼りと仕分けを一人で担当。先輩は同じ作業台で見守ります
・5日目：検品から仕分けまでの流れを通しで経験
覚えることは3ステップの繰り返しなので、専門知識や資格は不要です。製造現場で人を育ててきた当社ならではの丁寧な立ち上がりを用意しています。

■ 働く環境について
作業場は1年を通して空調が効いており、汗だくになったり手がかじかんだりする心配はありません。
休憩室は広く、電子レンジや冷蔵庫、自動販売機が揃っています。昼休憩は各自のペースで過ごしています。
鍵付きロッカーを用意しているので、貴重品の管理も安心です。
服装や髪色は自由で、自分らしいスタイルのまま通勤できます。

■ 青梅市の拠点ならではの一言
JR青梅線が市内を横断し、圏央道の青梅ICも利用できるため、電車・車どちらの通勤にも対応しやすい地域です。
圏央道の開通以降、物流拠点の進出が続いている西多摩の中核都市です。
当社は東京都内に複数の勤務先を持っているため、ご自宅からの通いやすさも考慮して配属先を相談できます。

製造・物流の現場を支えてきた当社で、あなたのペースで一歩を踏み出してください。ご応募をお待ちしています。","【当社の検品・梱包が選ばれる理由】

✅ 先輩スタッフの9割以上が未経験からのスタート
「商品を手に取る」「傷がないか見る」「箱に入れる」の3ステップが仕事の基本です。複雑な機械操作や専門用語はなく、入社初日は安全講習とオリエンテーションから始まるので、初めての正社員でも安心してスタートできます。

✅ 平日は定時、週末はしっかり休む
9:00〜18:00の固定時間制で、生活リズムが安定します。土日祝はお休みなので、家族や友人と予定を合わせやすいのも魅力です。

✅ 自分のペースで黙々と進められる仕事
ノルマに追われることはなく、接客もありません。「一人で集中して作業したい」「人間関係のストレスを減らしたい」という方にこそ向いている環境です。

✅ 髪色・ネイル・服装は自由
清潔感があれば普段のスタイルのままで大丈夫です。動きやすい服装で通勤し、現場のルールに沿って作業します。

✅ 相談しやすい体制
配属先にはリーダーが常駐し、定期的な面談で困りごとを聞き取ります。作業のこと、通勤のこと、働き方のこと、何でも相談してください。

✅ 地元青梅市で長く働く
圏央道の開通以降、物流拠点の進出が続いている西多摩の中核都市です。JR青梅線が市内を横断し、圏央道の青梅ICも利用できるため、電車・車どちらの通勤にも対応しやすい地域です。

まずはカジュアル面談で、職場の雰囲気や1日の流れをお伝えします。ご応募をお待ちしています。","例外事由3号のイにより、長期キャリア形成を図るため、
35歳以下を募集しております。","【勤務時間】
★9:00~18:00
└実働8時間/休憩1時間

定時ダッシュも問題ないです✧
✧ 土日祝休み
✧ 残業月平均:6.5時間以内
✧ 残業代100%支給","✧ 完全週休2日制(土日祝休み)
✧ 年間休日125日
「土日休みはマスト!」ってあなたにも
ぴったりの職場です!

【その他休暇】
✧ 有給休暇
✧ 夏季・冬季休暇
✧ GW休暇
✧ 年末年始休暇",東京都 青梅市,,"月給:25万円~+交通費全額支給

※経験に応じて決定いたします。

# 昇給あり
# 賞与あり
# 残業代100%支給
# 交通費支給","・社会保険完備（雇用・労災・健康・厚生年金）
・残業手当・深夜手当・休日出勤手当（実働時間に応じて支給）
・確定拠出年金制度（企業型）
・定期健康診断・インフルエンザ予防接種費用補助
・特別休暇（慶弔休暇）
・産前産後休暇・育児休業・介護休業
・資格取得支援制度（フォークリフト・自主保全士など）
・家具家電付き社員寮制度（勤務地による・規定あり）
・制服貸与
・社員持株会
・福利厚生サービス（レジャー・飲食の優待割引、保養施設）
・団体長期障害所得補償保険（GLTD）","【応募前の「気になる」にお答えします】

Q. 面接は堅苦しいですか？
A. いいえ。カジュアル面談を1回行うだけです。服装も自由、履歴書も任意です。

Q. 応募してからどのくらいで決まりますか？
A. 3ステップで進みます。
▶ STEP1 WEBから応募（1分）→ 1〜3日以内にご連絡
▶ STEP2 カジュアル面談（1回のみ）
▶ STEP3 採用

Q. すぐには入社できないのですが…
A. 入社日はご相談いただけます。今のお仕事の引き継ぎ期間なども考慮します。",,即日勤務OK、交通費支給、残業なし,2,任意,生年月日、性別、電話番号,ntf-indeedapplicant-aaaatulx77tci2k2pr5yeqapva@shukatsu-labo.slack.com,,,利用しない,,
募集中,日本マニュファクチャリングサービス株式会社,未経験｜検品・梱包｜日本マニュファクチャリングサービス株式会社｜調布市,倉庫作業スタッフ,20～30代活躍中◎調布市｜先輩の9割が未経験スタートの検品・梱包,,東京都 調布市,,,正社員,はい,月給,250000,,最低額を表示,なし,,,,,,,固定時間制,160,,厚生年金、健康保険、雇用保険、労災保険,,なし,,,,,,,,,,,,,,,,,,"東京都調布市エリアで、検品・梱包の正社員スタッフを募集します。
勤務先は調布市内および周辺の物流センター。商品にキズや汚れがないかを目で確かめ、数を合わせ、袋や箱に丁寧に納める作業が中心です。
1年を通して快適な温度に保たれた室内作業で、当社の先輩スタッフが隣で手順を教えます。

■ 入社後の1日はこんなイメージです
09:00 朝礼。体調確認と当日の出荷量の共有からスタート
09:15 午前は検品を中心に担当。商品の外観を目視で確認し、傷や汚れがあれば別置きにします
12:00 昼休憩（60分）。お弁当持参の方も、近くで買ってくる方もいます
13:00 午後は梱包を担当。袋詰め、箱詰め、テープ留めの3工程を繰り返します
15:00 小休憩（15分）。自動販売機で飲み物を買って一息
15:15 出荷分の最終チェックと仕分け。全員で協力して当日分を仕上げます
17:45 作業スペースの清掃と日報記入
18:00 定時退勤。残業は月平均6.5時間以内に収まっています

■ 作業の流れ（3ステップ）
1. 検品：商品を手に取り、傷・汚れ・数量を確認します。迷ったら「保留」の箱に入れてリーダーに確認するだけです
2. 梱包：商品に合わせて袋・緩衝材・箱を選び、動かないように納めてテープで封をします
3. 仕分け：伝票シールを貼り、配送地域ごとに分けられたコンテナへ移します
扱う商品は衣類・雑貨・コスメ・文房具などの軽いものが中心で、フォークリフトなどの機械操作はありません。

■ 未経験でも安心の1週間プログラム
・1日目：会社説明、安全講習、作業着の受け取り、作業場の見学
・2日目：先輩の隣で検品の実演を見学し、午後から一緒に作業
・3日目：梱包の袋詰め・箱詰めを先輩と一緒に担当
・4日目：シール貼りと仕分けを一人で担当。先輩は同じ作業台で見守ります
・5日目：検品から仕分けまでの流れを通しで経験
覚えることは3ステップの繰り返しなので、専門知識や資格は不要です。製造現場で人を育ててきた当社ならではの丁寧な立ち上がりを用意しています。

■ 設備・環境のポイント
・冷暖房完備の室内作業で、季節や天候に左右されません
・休憩室には電子レンジ・冷蔵庫・ポットがあり、フリーWi-Fiも使えます
・個人用の鍵付きロッカーを完備
・髪色・ネイル・服装は自由。清潔感があれば普段のスタイルのままで大丈夫です

■ 東京都調布市で働く
多摩川沿いの落ち着いた住環境と、都心へ約20分という利便性を兼ね備えたエリアです。
京王線の調布駅を中心に、中央道の調布ICも近く、都心方面・多摩方面のどちらからもアクセスしやすい街です。
調布市周辺で「通勤時間を抑えて安定した正社員の仕事に就きたい」という方に、当社の検品・梱包はぴったりの選択肢です。

製造・物流の現場を支えてきた当社で、あなたのペースで一歩を踏み出してください。ご応募をお待ちしています。","【調布市で働くならここがポイント】

✅ 資格・経験・学歴は問いません
必要なのは「丁寧に確認する姿勢」だけ。検品の見方、梱包の手順はすべて入社後にお伝えします。フォークリフトなどの資格取得を目指したい方には支援制度もあり、長く働くほど仕事の幅が広がります。

✅ 土日祝休み・年間休日125日
完全週休2日制で、カレンダー通りに休めます。夏季・冬季休暇、GW、年末年始のまとまった休みもあり、予定を立てやすい働き方です。

✅ 自分のペースで黙々と進められる仕事
ノルマに追われることはなく、接客もありません。「一人で集中して作業したい」「人間関係のストレスを減らしたい」という方にこそ向いている環境です。

✅ 髪色・ネイル・服装は自由
清潔感があれば普段のスタイルのままで大丈夫です。動きやすい服装で通勤し、現場のルールに沿って作業します。

✅ 安定した雇用と福利厚生
正社員としての雇用に加え、社会保険完備、定期健康診断、資格取得支援などの制度があります。「腰を据えて働きたい」という希望に応えられる環境です。

✅ 地元調布市で長く働く
多摩川沿いの落ち着いた住環境と、都心へ約20分という利便性を兼ね備えたエリアです。京王線の調布駅を中心に、中央道の調布ICも近く、都心方面・多摩方面のどちらからもアクセスしやすい街です。

「自分にもできそう」と思えたら、それがスタートの合図です。お気軽にご応募ください。","例外事由3号のイにより、長期キャリア形成を図るため、
35歳以下を募集しております。","【勤務時間】
★9:00~18:00
└実働8時間/休憩1時間

定時ダッシュも問題ないです✧
✧ 土日祝休み
✧ 残業月平均:6.5時間以内
✧ 残業代100%支給","✧ 完全週休2日制(土日祝休み)
✧ 年間休日125日
「土日休みはマスト!」ってあなたにも
ぴったりの職場です!

【その他休暇】
✧ 有給休暇
✧ 夏季・冬季休暇
✧ GW休暇
✧ 年末年始休暇",東京都 調布市,,"月給:25万円~+交通費全額支給

※経験に応じて決定いたします。

# 昇給あり
# 賞与あり
# 残業代100%支給
# 交通費支給","・社会保険完備（雇用・労災・健康・厚生年金）
・残業手当・深夜手当・休日出勤手当（実働時間に応じて支給）
・確定拠出年金制度（企業型）
・定期健康診断・インフルエンザ予防接種費用補助
・特別休暇（慶弔休暇）
・産前産後休暇・育児休業・介護休業
・資格取得支援制度（フォークリフト・自主保全士など）
・家具家電付き社員寮制度（勤務地による・規定あり）
・制服貸与
・社員持株会
・福利厚生サービス（レジャー・飲食の優待割引、保養施設）
・団体長期障害所得補償保険（GLTD）","まずは「話を聞いてみる」だけで大丈夫です。

当社ではカジュアル面談を実施しています。
志望動機や自己PRの準備は不要。
「どんな職場？」「本当に未経験でもできる？」といった疑問に、担当者が率直にお答えします。

■ 応募から入社までの3STEP ■
▶ STEP1 WEB応募（1分）
▶ STEP2 カジュアル面談（1回のみ・1〜3日以内にご連絡）
▶ STEP3 採用・入社日のご相談

入社日は柔軟に調整できます。
「来月から」「今の仕事を辞めてから」など、ご都合をお聞かせください。",,即日勤務OK、交通費支給、残業なし,2,任意,生年月日、性別、電話番号,ntf-indeedapplicant-aaaatulx77tci2k2pr5yeqapva@shukatsu-labo.slack.com,,,利用しない,,
募集中,日本マニュファクチャリングサービス株式会社,未経験｜検品・梱包｜日本マニュファクチャリングサービス株式会社｜東久留米市,倉庫作業スタッフ,20～30代活躍中◎未経験から製造のプロへ｜東久留米市の検品・梱包スタッフ,,東京都 東久留米市,,,正社員,はい,月給,250000,,最低額を表示,なし,,,,,,,固定時間制,160,,厚生年金、健康保険、雇用保険、労災保険,,なし,,,,,,,,,,,,,,,,,,"東久留米市内および周辺の物流センターで、通販商品や生活雑貨の「検品・梱包」を担当する正社員スタッフの募集です。
冷暖房が効いた清潔な作業場で、商品をひとつずつ確認し、丁寧に箱へ納めていく落ち着いた仕事です。
製造・物流の現場を長年支えてきた当社が、未経験の方を一から育てます。

■ ある1日のスケジュール（日勤・実働8時間）
09:00 出勤・朝礼。リーダーから本日の作業内容と注意点の共有があります
09:10 検品スタート。ハンディ端末でバーコードを読み取り、品番と数量を照合
10:30 小休憩（10分）
12:00 昼休憩（60分）。電子レンジ・冷蔵庫のある休憩室で昼食
13:00 梱包作業。緩衝材で商品を包み、ダンボールを組み立てて詰めていきます
15:00 小休憩（15分）
15:15 出荷準備。伝票シールを貼り、配送業者ごとにコンテナへ仕分け
17:45 清掃・翌日分の資材補充
18:00 退勤。土日祝はお休みで、翌日の予定も立てやすい働き方です

■ 作業の流れ（3ステップ）
1. 検品：商品を手に取り、傷・汚れ・数量を確認します。迷ったら「保留」の箱に入れてリーダーに確認するだけです
2. 梱包：商品に合わせて袋・緩衝材・箱を選び、動かないように納めてテープで封をします
3. 仕分け：伝票シールを貼り、配送地域ごとに分けられたコンテナへ移します
扱う商品は衣類・雑貨・コスメ・文房具などの軽いものが中心で、フォークリフトなどの機械操作はありません。

■ 入社後1週間の流れ
1日目：オリエンテーション。安全ルール、勤怠の付け方、作業場の設備を案内します
2〜3日目：先輩スタッフがマンツーマンで隣につき、検品の見方と梱包の手順を実演しながら教えます
4〜5日目：シール貼りやダンボールの組み立てなど簡単な工程から一人で担当。分からないことはその場で質問できます
1週間後：検品・梱包の一連の流れをひと通り経験し、自分のペースで進められるようになります
当社は製造現場の教育に長年取り組んできた会社です。「早ければ半日、遅くとも2〜3日で一人立ち」が現場の平均的な目安ですが、慣れるまでは焦らず伴走します。

■ 働く環境について
作業場は1年を通して空調が効いており、汗だくになったり手がかじかんだりする心配はありません。
休憩室は広く、電子レンジや冷蔵庫、自動販売機が揃っています。昼休憩は各自のペースで過ごしています。
鍵付きロッカーを用意しているので、貴重品の管理も安心です。
服装や髪色は自由で、自分らしいスタイルのまま通勤できます。

■ 東京都東久留米市で働く
湧き水や緑地が残る住みやすい街で、通勤の負担を抑えて働きたい方に向いています。
西武池袋線の東久留米駅が最寄りで、池袋まで直通で30分圏内です。
東久留米市周辺で「通勤時間を抑えて安定した正社員の仕事に就きたい」という方に、当社の検品・梱包はぴったりの選択肢です。

「難しいことはできないけれど、コツコツ続けることは得意」という方を、当社は大切にしています。まずはお気軽にご応募ください。","【当社の検品・梱包が選ばれる理由】

✅ 資格・経験・学歴は問いません
必要なのは「丁寧に確認する姿勢」だけ。検品の見方、梱包の手順はすべて入社後にお伝えします。フォークリフトなどの資格取得を目指したい方には支援制度もあり、長く働くほど仕事の幅が広がります。

✅ 平日は定時、週末はしっかり休む
9:00〜18:00の固定時間制で、生活リズムが安定します。土日祝はお休みなので、家族や友人と予定を合わせやすいのも魅力です。

✅ 重い荷物はほとんどありません
扱うのは衣類・コスメ・文房具・小型雑貨など軽い商品が中心です。重量物の持ち上げや力仕事はほぼなく、身体への負担を抑えて長く続けられます。

✅ 髪色・ネイル・服装は自由
清潔感があれば普段のスタイルのままで大丈夫です。動きやすい服装で通勤し、現場のルールに沿って作業します。

✅ 製造・物流の現場を支えてきた会社の正社員
当社は全国の製造現場で人材を育ててきた会社です。検品・梱包からスタートし、経験を積めばリーダーや別工程へのステップアップも目指せます。

✅ 地元東久留米市で長く働く
湧き水や緑地が残る住みやすい街で、通勤の負担を抑えて働きたい方に向いています。西武池袋線の東久留米駅が最寄りで、池袋まで直通で30分圏内です。

まずはカジュアル面談で、職場の雰囲気や1日の流れをお伝えします。ご応募をお待ちしています。","例外事由3号のイにより、長期キャリア形成を図るため、
35歳以下を募集しております。","【勤務時間】
★9:00~18:00
└実働8時間/休憩1時間

定時ダッシュも問題ないです✧
✧ 土日祝休み
✧ 残業月平均:6.5時間以内
✧ 残業代100%支給","✧ 完全週休2日制(土日祝休み)
✧ 年間休日125日
「土日休みはマスト!」ってあなたにも
ぴったりの職場です!

【その他休暇】
✧ 有給休暇
✧ 夏季・冬季休暇
✧ GW休暇
✧ 年末年始休暇",東京都 東久留米市,,"月給:25万円~+交通費全額支給

※経験に応じて決定いたします。

# 昇給あり
# 賞与あり
# 残業代100%支給
# 交通費支給","・社会保険完備（雇用・労災・健康・厚生年金）
・残業手当・深夜手当・休日出勤手当（実働時間に応じて支給）
・確定拠出年金制度（企業型）
・定期健康診断・インフルエンザ予防接種費用補助
・特別休暇（慶弔休暇）
・産前産後休暇・育児休業・介護休業
・資格取得支援制度（フォークリフト・自主保全士など）
・家具家電付き社員寮制度（勤務地による・規定あり）
・制服貸与
・社員持株会
・福利厚生サービス（レジャー・飲食の優待割引、保養施設）
・団体長期障害所得補償保険（GLTD）","【最短スケジュールのイメージ】

▶ STEP1 今日：WEBから1分で応募
▶ STEP2 1〜3日後：担当者からご連絡 → カジュアル面談の日程調整
▶ STEP3 面談当日：カジュアル面談（1回のみ）→ 採用のご連絡

面談では、職場の雰囲気・1日の流れ・通勤のことなど、
気になることを何でも聞いてください。

✧ 入社日はご相談いただけます ✧
「すぐ働きたい」「少し先がいい」どちらのご希望にも対応します。",,即日勤務OK、交通費支給、残業なし,2,任意,生年月日、性別、電話番号,ntf-indeedapplicant-aaaatulx77tci2k2pr5yeqapva@shukatsu-labo.slack.com,,,利用しない,,
募集中,日本マニュファクチャリングサービス株式会社,未経験｜検品・梱包｜日本マニュファクチャリングサービス株式会社｜小平市,倉庫作業スタッフ,20～30代活躍中◎小平市｜黙々作業が好きな方に向く検品・梱包,,東京都 小平市,,,正社員,はい,月給,250000,,最低額を表示,なし,,,,,,,固定時間制,160,,厚生年金、健康保険、雇用保険、労災保険,,なし,,,,,,,,,,,,,,,,,,"勤務先は小平市内および周辺の物流センター。扱うのは衣類・コスメ・文房具・小型雑貨など、手のひらサイズの軽い商品が中心です。
担当していただくのは、届いた商品に不備がないかを確かめ、出荷用の箱に整えて詰める「検品・梱包」の作業。
空調完備の室内で、自分のペースを保ちながら黙々と取り組める環境です。

■ 入社後の1日はこんなイメージです
09:00 朝礼。体調確認と当日の出荷量の共有からスタート
09:15 午前は検品を中心に担当。商品の外観を目視で確認し、傷や汚れがあれば別置きにします
12:00 昼休憩（60分）。お弁当持参の方も、近くで買ってくる方もいます
13:00 午後は梱包を担当。袋詰め、箱詰め、テープ留めの3工程を繰り返します
15:00 小休憩（15分）。自動販売機で飲み物を買って一息
15:15 出荷分の最終チェックと仕分け。全員で協力して当日分を仕上げます
17:45 作業スペースの清掃と日報記入
18:00 定時退勤。残業は月平均6.5時間以内に収まっています

■ 具体的にはこんな商品を扱います
通販サイトで販売されるアパレル商品、生活雑貨、コスメ、文房具が中心です。
・シャツやタオルを畳んで透明袋へ入れる
・コスメの容器にひび割れがないかを目視で確認する
・文房具のセット品を指定の個数で袋詰めする
・箱にラベルを貼り、配送業者ごとの台車に載せる
商品は軽く、作業台の高さも調整されているため、身体への負担を抑えて続けられます。

■ 教育・研修体制
入社初日は安全講習とオリエンテーションから始まり、いきなり現場に出ることはありません。
2日目以降は専任の先輩スタッフが隣について、検品・梱包の手順を実際にやって見せながら説明します。
最初の1週間は「見る→一緒にやる→一人でやる」の順で少しずつ担当を広げ、1週間後にはひと通りの作業を経験できるスケジュールです。
リーダーは常に作業場内にいるため、「これはどこに置くのでしたか」といった質問もすぐに解決できます。

■ 設備・環境のポイント
・冷暖房完備の室内作業で、季節や天候に左右されません
・休憩室には電子レンジ・冷蔵庫・ポットがあり、フリーWi-Fiも使えます
・個人用の鍵付きロッカーを完備
・髪色・ネイル・服装は自由。清潔感があれば普段のスタイルのままで大丈夫です

■ 小平市の拠点ならではの一言
西武新宿線・拝島線・国分寺線とJR武蔵野線（新小平駅）が使え、多摩北部の各方面から通いやすい立地です。
落ち着いた住宅地が広がる静かな街で、通勤の負担を抑えてコツコツ働ける地域です。
当社は東京都内に複数の勤務先を持っているため、ご自宅からの通いやすさも考慮して配属先を相談できます。

製造・物流の現場を支えてきた当社で、あなたのペースで一歩を踏み出してください。ご応募をお待ちしています。","【小平市で働くならここがポイント】

✅ 覚えることは少なく、教え方は丁寧に
製造現場で人を育ててきた当社では、専任の先輩がマンツーマンで隣につきます。最初はシール貼りやダンボールの組み立てといった簡単な工程から始め、1週間でひと通りの流れを経験できるプログラムを用意しています。

✅ 残業は月平均6.5時間以内
出荷量に合わせて人員を配置しているため、定時で帰れる日がほとんどです。仕事の後に予定を入れたり、家でゆっくり過ごしたりする時間をきちんと確保できます。

✅ 重い荷物はほとんどありません
扱うのは衣類・コスメ・文房具・小型雑貨など軽い商品が中心です。重量物の持ち上げや力仕事はほぼなく、身体への負担を抑えて長く続けられます。

✅ 髪色・ネイル・服装は自由
清潔感があれば普段のスタイルのままで大丈夫です。動きやすい服装で通勤し、現場のルールに沿って作業します。

✅ 相談しやすい体制
配属先にはリーダーが常駐し、定期的な面談で困りごとを聞き取ります。作業のこと、通勤のこと、働き方のこと、何でも相談してください。

✅ 小平市で通いやすい勤務地
西武新宿線・拝島線・国分寺線とJR武蔵野線（新小平駅）が使え、多摩北部の各方面から通いやすい立地です。落ち着いた住宅地が広がる静かな街で、通勤の負担を抑えてコツコツ働ける地域です。

「自分にもできそう」と思えたら、それがスタートの合図です。お気軽にご応募ください。","例外事由3号のイにより、長期キャリア形成を図るため、
35歳以下を募集しております。","【勤務時間】
★9:00~18:00
└実働8時間/休憩1時間

定時ダッシュも問題ないです✧
✧ 土日祝休み
✧ 残業月平均:6.5時間以内
✧ 残業代100%支給","✧ 完全週休2日制(土日祝休み)
✧ 年間休日125日
「土日休みはマスト!」ってあなたにも
ぴったりの職場です!

【その他休暇】
✧ 有給休暇
✧ 夏季・冬季休暇
✧ GW休暇
✧ 年末年始休暇",東京都 小平市,,"月給:25万円~+交通費全額支給

※経験に応じて決定いたします。

# 昇給あり
# 賞与あり
# 残業代100%支給
# 交通費支給","・社会保険完備（雇用・労災・健康・厚生年金）
・残業手当・深夜手当・休日出勤手当（実働時間に応じて支給）
・確定拠出年金制度（企業型）
・定期健康診断・インフルエンザ予防接種費用補助
・特別休暇（慶弔休暇）
・産前産後休暇・育児休業・介護休業
・資格取得支援制度（フォークリフト・自主保全士など）
・家具家電付き社員寮制度（勤務地による・規定あり）
・制服貸与
・社員持株会
・福利厚生サービス（レジャー・飲食の優待割引、保養施設）
・団体長期障害所得補償保険（GLTD）","■ 選考について ■
・カジュアル面談：1回のみ（服装自由・履歴書任意）
・応募から面談まで：WEB応募後、1〜3日以内にご連絡
・入社日：ご相談のうえ決定

■ 応募からの流れ ■
▶ STEP1 WEBから1分で応募
▶ STEP2 カジュアル面談（1回のみ）
▶ STEP3 採用

「まずは話だけ聞いてみたい」という方も、そのままご応募ください。
面談で無理に応募を勧めることはありません。",,即日勤務OK、交通費支給、残業なし,2,任意,生年月日、性別、電話番号,ntf-indeedapplicant-aaaatulx77tci2k2pr5yeqapva@shukatsu-labo.slack.com,,,利用しない,,
募集中,日本マニュファクチャリングサービス株式会社,未経験｜検品・梱包｜日本マニュファクチャリングサービス株式会社｜あきる野市,倉庫作業スタッフ,20～30代活躍中◎あきる野市｜空調完備の倉庫でコツコツ検品・梱包,,東京都 あきる野市,,,正社員,はい,月給,250000,,最低額を表示,なし,,,,,,,固定時間制,160,,厚生年金、健康保険、雇用保険、労災保険,,なし,,,,,,,,,,,,,,,,,,"「ものづくりの現場を支える仕事を、正社員として腰を据えて続けたい」という方へ。
あきる野市内および周辺の物流センターで、商品の検品と梱包を担当するスタッフを募集します。
空調の効いた清潔な作業場で、座り作業と立ち作業を組み合わせながら無理なく進められる仕事です。

■ 1日の流れ（9:00〜18:00・休憩1時間）
09:00 朝礼。当日の出荷予定と担当エリアを確認し、作業台へ移動します
09:15 午前の検品。入荷した商品を納品書と照らし合わせ、外観と数量をチェック
12:00 昼休憩（60分）。休憩室でゆっくり昼食をとります
13:00 午後の梱包。検品を終えた商品を袋詰めし、サイズに合った箱に納めます
15:00 小休憩（15分）。水分補給と軽いストレッチでリフレッシュ
15:15 ラベル貼りと出荷先ごとの仕分け。台車で所定の場所へ運びます
17:40 作業台の整理整頓と翌日の準備
18:00 退勤。残業は月平均6.5時間以内で、定時に帰れる日がほとんどです

■ 具体的にはこんな商品を扱います
通販サイトで販売されるアパレル商品、生活雑貨、コスメ、文房具が中心です。
・シャツやタオルを畳んで透明袋へ入れる
・コスメの容器にひび割れがないかを目視で確認する
・文房具のセット品を指定の個数で袋詰めする
・箱にラベルを貼り、配送業者ごとの台車に載せる
商品は軽く、作業台の高さも調整されているため、身体への負担を抑えて続けられます。

■ 未経験でも安心の1週間プログラム
・1日目：会社説明、安全講習、作業着の受け取り、作業場の見学
・2日目：先輩の隣で検品の実演を見学し、午後から一緒に作業
・3日目：梱包の袋詰め・箱詰めを先輩と一緒に担当
・4日目：シール貼りと仕分けを一人で担当。先輩は同じ作業台で見守ります
・5日目：検品から仕分けまでの流れを通しで経験
覚えることは3ステップの繰り返しなので、専門知識や資格は不要です。製造現場で人を育ててきた当社ならではの丁寧な立ち上がりを用意しています。

■ 職場環境
・空調完備：冷暖房が効いた清潔な室内で、夏も冬も快適に作業できます
・休憩室：電子レンジ・冷蔵庫・ポット・自動販売機を完備。お弁当持参でもゆっくり過ごせます
・ロッカー：鍵付きの個人ロッカーがあり、私物を安心して預けられます
・服装：髪色・ネイルは自由。動きやすい服装で通勤し、現場のルールに沿って作業します

■ あきる野市の拠点ならではの一言
JR五日市線の秋川駅が最寄りで、圏央道あきる野ICからも近く車通勤にも向いています。
秋川渓谷など自然が身近なエリアで、休日はアウトドアを楽しむ方も多い地域です。
当社は東京都内に複数の勤務先を持っているため、ご自宅からの通いやすさも考慮して配属先を相談できます。

「難しいことはできないけれど、コツコツ続けることは得意」という方を、当社は大切にしています。まずはお気軽にご応募ください。","【当社の検品・梱包が選ばれる理由】

✅ 覚えることは少なく、教え方は丁寧に
製造現場で人を育ててきた当社では、専任の先輩がマンツーマンで隣につきます。最初はシール貼りやダンボールの組み立てといった簡単な工程から始め、1週間でひと通りの流れを経験できるプログラムを用意しています。

✅ 土日祝休み・年間休日125日
完全週休2日制で、カレンダー通りに休めます。夏季・冬季休暇、GW、年末年始のまとまった休みもあり、予定を立てやすい働き方です。

✅ 重い荷物はほとんどありません
扱うのは衣類・コスメ・文房具・小型雑貨など軽い商品が中心です。重量物の持ち上げや力仕事はほぼなく、身体への負担を抑えて長く続けられます。

✅ 髪色・ネイル・服装は自由
清潔感があれば普段のスタイルのままで大丈夫です。動きやすい服装で通勤し、現場のルールに沿って作業します。

✅ 安定した雇用と福利厚生
正社員としての雇用に加え、社会保険完備、定期健康診断、資格取得支援などの制度があります。「腰を据えて働きたい」という希望に応えられる環境です。

✅ あきる野市で通いやすい勤務地
JR五日市線の秋川駅が最寄りで、圏央道あきる野ICからも近く車通勤にも向いています。秋川渓谷など自然が身近なエリアで、休日はアウトドアを楽しむ方も多い地域です。

まずはカジュアル面談で、職場の雰囲気や1日の流れをお伝えします。ご応募をお待ちしています。","例外事由3号のイにより、長期キャリア形成を図るため、
35歳以下を募集しております。","【勤務時間】
★9:00~18:00
└実働8時間/休憩1時間

定時ダッシュも問題ないです✧
✧ 土日祝休み
✧ 残業月平均:6.5時間以内
✧ 残業代100%支給","✧ 完全週休2日制(土日祝休み)
✧ 年間休日125日
「土日休みはマスト!」ってあなたにも
ぴったりの職場です!

【その他休暇】
✧ 有給休暇
✧ 夏季・冬季休暇
✧ GW休暇
✧ 年末年始休暇",東京都 あきる野市,,"月給:25万円~+交通費全額支給

※経験に応じて決定いたします。

# 昇給あり
# 賞与あり
# 残業代100%支給
# 交通費支給","・社会保険完備（雇用・労災・健康・厚生年金）
・残業手当・深夜手当・休日出勤手当（実働時間に応じて支給）
・確定拠出年金制度（企業型）
・定期健康診断・インフルエンザ予防接種費用補助
・特別休暇（慶弔休暇）
・産前産後休暇・育児休業・介護休業
・資格取得支援制度（フォークリフト・自主保全士など）
・家具家電付き社員寮制度（勤務地による・規定あり）
・制服貸与
・社員持株会
・福利厚生サービス（レジャー・飲食の優待割引、保養施設）
・団体長期障害所得補償保険（GLTD）","✧ カジュアル面談実施中です ✧

応募に必要なのは人柄だけ。
まずはあなたのご希望を聞かせてください。

■ 応募からの流れ ■
▶ STEP1 WEBから1分で簡単応募
1〜3日以内に担当者からご連絡します。
▶ STEP2 カジュアル面談（1回のみ）
職場の雰囲気や1日の流れをお伝えし、ご希望を伺います。
▶ STEP3 採用

※入社日はご相談いただけます◎
在職中の方も、お気軽にご相談ください。",,即日勤務OK、交通費支給、残業なし,2,任意,生年月日、性別、電話番号,ntf-indeedapplicant-aaaatulx77tci2k2pr5yeqapva@shukatsu-labo.slack.com,,,利用しない,,
募集中,日本マニュファクチャリングサービス株式会社,未経験｜検品・梱包｜日本マニュファクチャリングサービス株式会社｜西多摩郡瑞穂町,倉庫作業スタッフ,20～30代活躍中◎瑞穂町｜マンツーマン研修で安心の検品・梱包,,東京都 西多摩郡 瑞穂町,,,正社員,はい,月給,250000,,最低額を表示,なし,,,,,,,固定時間制,160,,厚生年金、健康保険、雇用保険、労災保険,,なし,,,,,,,,,,,,,,,,,,"東京都瑞穂町エリアで、検品・梱包の正社員スタッフを募集します。
勤務先は瑞穂町内および周辺の物流センター。商品にキズや汚れがないかを目で確かめ、数を合わせ、袋や箱に丁寧に納める作業が中心です。
1年を通して快適な温度に保たれた室内作業で、当社の先輩スタッフが隣で手順を教えます。

■ ある1日のスケジュール（日勤・実働8時間）
09:00 出勤・朝礼。リーダーから本日の作業内容と注意点の共有があります
09:10 検品スタート。ハンディ端末でバーコードを読み取り、品番と数量を照合
10:30 小休憩（10分）
12:00 昼休憩（60分）。電子レンジ・冷蔵庫のある休憩室で昼食
13:00 梱包作業。緩衝材で商品を包み、ダンボールを組み立てて詰めていきます
15:00 小休憩（15分）
15:15 出荷準備。伝票シールを貼り、配送業者ごとにコンテナへ仕分け
17:45 清掃・翌日分の資材補充
18:00 退勤。土日祝はお休みで、翌日の予定も立てやすい働き方です

■ 主な作業内容
・検品：入荷した商品の外観チェック（傷・汚れ・パッケージのへこみ）と数量・品番の照合
・スキャン：バーコードリーダーで商品を読み取り、データと突き合わせます
・梱包：袋詰め、緩衝材包装、ダンボールの組み立てと箱詰め、テープ留め
・仕上げ：ラベル貼りと配送地域別の仕分け
扱うのはアパレル商品、コスメ、文房具、小型雑貨など。どれも軽く、繰り返しの中で自然と手順が身につく作業です。

■ 入社後1週間の流れ
1日目：オリエンテーション。安全ルール、勤怠の付け方、作業場の設備を案内します
2〜3日目：先輩スタッフがマンツーマンで隣につき、検品の見方と梱包の手順を実演しながら教えます
4〜5日目：シール貼りやダンボールの組み立てなど簡単な工程から一人で担当。分からないことはその場で質問できます
1週間後：検品・梱包の一連の流れをひと通り経験し、自分のペースで進められるようになります
当社は製造現場の教育に長年取り組んできた会社です。「早ければ半日、遅くとも2〜3日で一人立ち」が現場の平均的な目安ですが、慣れるまでは焦らず伴走します。

■ 設備・環境のポイント
・冷暖房完備の室内作業で、季節や天候に左右されません
・休憩室には電子レンジ・冷蔵庫・ポットがあり、フリーWi-Fiも使えます
・個人用の鍵付きロッカーを完備
・髪色・ネイル・服装は自由。清潔感があれば普段のスタイルのままで大丈夫です

■ 東京都瑞穂町で働く
圏央道沿線に工業団地・物流施設が集まる、西多摩の物流拠点エリアです。
JR八高線の箱根ケ崎駅が最寄りで、圏央道沿いのため車通勤が特に便利です。
瑞穂町周辺で「通勤時間を抑えて安定した正社員の仕事に就きたい」という方に、当社の検品・梱包はぴったりの選択肢です。

「難しいことはできないけれど、コツコツ続けることは得意」という方を、当社は大切にしています。まずはお気軽にご応募ください。","【瑞穂町で働くならここがポイント】

✅ 先輩スタッフの9割以上が未経験からのスタート
「商品を手に取る」「傷がないか見る」「箱に入れる」の3ステップが仕事の基本です。複雑な機械操作や専門用語はなく、入社初日は安全講習とオリエンテーションから始まるので、初めての正社員でも安心してスタートできます。

✅ 平日は定時、週末はしっかり休む
9:00〜18:00の固定時間制で、生活リズムが安定します。土日祝はお休みなので、家族や友人と予定を合わせやすいのも魅力です。

✅ 自分のペースで黙々と進められる仕事
ノルマに追われることはなく、接客もありません。「一人で集中して作業したい」「人間関係のストレスを減らしたい」という方にこそ向いている環境です。

✅ 空調完備・清潔な作業場
冷暖房がしっかり効いた室内で、季節を問わず快適に働けます。休憩室には電子レンジ・冷蔵庫・自動販売機があり、鍵付きロッカーも完備しています。

✅ 製造・物流の現場を支えてきた会社の正社員
当社は全国の製造現場で人材を育ててきた会社です。検品・梱包からスタートし、経験を積めばリーダーや別工程へのステップアップも目指せます。

✅ 瑞穂町で通いやすい勤務地
JR八高線の箱根ケ崎駅が最寄りで、圏央道沿いのため車通勤が特に便利です。圏央道沿線に工業団地・物流施設が集まる、西多摩の物流拠点エリアです。

「自分にもできそう」と思えたら、それがスタートの合図です。お気軽にご応募ください。","例外事由3号のイにより、長期キャリア形成を図るため、
35歳以下を募集しております。","【勤務時間】
★9:00~18:00
└実働8時間/休憩1時間

定時ダッシュも問題ないです✧
✧ 土日祝休み
✧ 残業月平均:6.5時間以内
✧ 残業代100%支給","✧ 完全週休2日制(土日祝休み)
✧ 年間休日125日
「土日休みはマスト!」ってあなたにも
ぴったりの職場です!

【その他休暇】
✧ 有給休暇
✧ 夏季・冬季休暇
✧ GW休暇
✧ 年末年始休暇",東京都 西多摩郡 瑞穂町,,"月給:25万円~+交通費全額支給

※経験に応じて決定いたします。

# 昇給あり
# 賞与あり
# 残業代100%支給
# 交通費支給","・社会保険完備（雇用・労災・健康・厚生年金）
・残業手当・深夜手当・休日出勤手当（実働時間に応じて支給）
・確定拠出年金制度（企業型）
・定期健康診断・インフルエンザ予防接種費用補助
・特別休暇（慶弔休暇）
・産前産後休暇・育児休業・介護休業
・資格取得支援制度（フォークリフト・自主保全士など）
・家具家電付き社員寮制度（勤務地による・規定あり）
・制服貸与
・社員持株会
・福利厚生サービス（レジャー・飲食の優待割引、保養施設）
・団体長期障害所得補償保険（GLTD）","【応募前の「気になる」にお答えします】

Q. 面接は堅苦しいですか？
A. いいえ。カジュアル面談を1回行うだけです。服装も自由、履歴書も任意です。

Q. 応募してからどのくらいで決まりますか？
A. 3ステップで進みます。
▶ STEP1 WEBから応募（1分）→ 1〜3日以内にご連絡
▶ STEP2 カジュアル面談（1回のみ）
▶ STEP3 採用

Q. すぐには入社できないのですが…
A. 入社日はご相談いただけます。今のお仕事の引き継ぎ期間なども考慮します。",,即日勤務OK、交通費支給、残業なし,2,任意,生年月日、性別、電話番号,ntf-indeedapplicant-aaaatulx77tci2k2pr5yeqapva@shukatsu-labo.slack.com,,,利用しない,,
募集中,日本マニュファクチャリングサービス株式会社,未経験｜検品・梱包｜日本マニュファクチャリングサービス株式会社｜横浜市,倉庫作業スタッフ,20～30代活躍中◎横浜市で正社員デビュー｜検品・梱包のシンプル作業,,神奈川県 横浜市,,,正社員,はい,月給,250000,,最低額を表示,なし,,,,,,,固定時間制,160,,厚生年金、健康保険、雇用保険、労災保険,,なし,,,,,,,,,,,,,,,,,,"横浜市内および周辺の物流センターで、通販商品や生活雑貨の「検品・梱包」を担当する正社員スタッフの募集です。
冷暖房が効いた清潔な作業場で、商品をひとつずつ確認し、丁寧に箱へ納めていく落ち着いた仕事です。
製造・物流の現場を長年支えてきた当社が、未経験の方を一から育てます。

■ 1日の流れ（9:00〜18:00・休憩1時間）
09:00 朝礼。当日の出荷予定と担当エリアを確認し、作業台へ移動します
09:15 午前の検品。入荷した商品を納品書と照らし合わせ、外観と数量をチェック
12:00 昼休憩（60分）。休憩室でゆっくり昼食をとります
13:00 午後の梱包。検品を終えた商品を袋詰めし、サイズに合った箱に納めます
15:00 小休憩（15分）。水分補給と軽いストレッチでリフレッシュ
15:15 ラベル貼りと出荷先ごとの仕分け。台車で所定の場所へ運びます
17:40 作業台の整理整頓と翌日の準備
18:00 退勤。残業は月平均6.5時間以内で、定時に帰れる日がほとんどです

■ 主な作業内容
・検品：入荷した商品の外観チェック（傷・汚れ・パッケージのへこみ）と数量・品番の照合
・スキャン：バーコードリーダーで商品を読み取り、データと突き合わせます
・梱包：袋詰め、緩衝材包装、ダンボールの組み立てと箱詰め、テープ留め
・仕上げ：ラベル貼りと配送地域別の仕分け
扱うのはアパレル商品、コスメ、文房具、小型雑貨など。どれも軽く、繰り返しの中で自然と手順が身につく作業です。

■ 教育・研修体制
入社初日は安全講習とオリエンテーションから始まり、いきなり現場に出ることはありません。
2日目以降は専任の先輩スタッフが隣について、検品・梱包の手順を実際にやって見せながら説明します。
最初の1週間は「見る→一緒にやる→一人でやる」の順で少しずつ担当を広げ、1週間後にはひと通りの作業を経験できるスケジュールです。
リーダーは常に作業場内にいるため、「これはどこに置くのでしたか」といった質問もすぐに解決できます。

■ 職場環境
・空調完備：冷暖房が効いた清潔な室内で、夏も冬も快適に作業できます
・休憩室：電子レンジ・冷蔵庫・ポット・自動販売機を完備。お弁当持参でもゆっくり過ごせます
・ロッカー：鍵付きの個人ロッカーがあり、私物を安心して預けられます
・服装：髪色・ネイルは自由。動きやすい服装で通勤し、現場のルールに沿って作業します

■ 神奈川県横浜市で働く
港湾物流が盛んな街で、輸入雑貨や日用品を扱う配送センターが数多く集まっています。
JR・東急・京急・相鉄・市営地下鉄など路線が豊富で、市内外どこからでも通いやすい地域です。
横浜市周辺で「通勤時間を抑えて安定した正社員の仕事に就きたい」という方に、当社の検品・梱包はぴったりの選択肢です。

製造・物流の現場を支えてきた当社で、あなたのペースで一歩を踏み出してください。ご応募をお待ちしています。","【当社の検品・梱包が選ばれる理由】

✅ 先輩スタッフの9割以上が未経験からのスタート
「商品を手に取る」「傷がないか見る」「箱に入れる」の3ステップが仕事の基本です。複雑な機械操作や専門用語はなく、入社初日は安全講習とオリエンテーションから始まるので、初めての正社員でも安心してスタートできます。

✅ 残業は月平均6.5時間以内
出荷量に合わせて人員を配置しているため、定時で帰れる日がほとんどです。仕事の後に予定を入れたり、家でゆっくり過ごしたりする時間をきちんと確保できます。

✅ 自分のペースで黙々と進められる仕事
ノルマに追われることはなく、接客もありません。「一人で集中して作業したい」「人間関係のストレスを減らしたい」という方にこそ向いている環境です。

✅ 空調完備・清潔な作業場
冷暖房がしっかり効いた室内で、季節を問わず快適に働けます。休憩室には電子レンジ・冷蔵庫・自動販売機があり、鍵付きロッカーも完備しています。

✅ 相談しやすい体制
配属先にはリーダーが常駐し、定期的な面談で困りごとを聞き取ります。作業のこと、通勤のこと、働き方のこと、何でも相談してください。

✅ 地元横浜市で長く働く
港湾物流が盛んな街で、輸入雑貨や日用品を扱う配送センターが数多く集まっています。JR・東急・京急・相鉄・市営地下鉄など路線が豊富で、市内外どこからでも通いやすい地域です。

「自分にもできそう」と思えたら、それがスタートの合図です。お気軽にご応募ください。","例外事由3号のイにより、長期キャリア形成を図るため、
35歳以下を募集しております。","【勤務時間】
★9:00~18:00
└実働8時間/休憩1時間

定時ダッシュも問題ないです✧
✧ 土日祝休み
✧ 残業月平均:6.5時間以内
✧ 残業代100%支給","✧ 完全週休2日制(土日祝休み)
✧ 年間休日125日
「土日休みはマスト!」ってあなたにも
ぴったりの職場です!

【その他休暇】
✧ 有給休暇
✧ 夏季・冬季休暇
✧ GW休暇
✧ 年末年始休暇",神奈川県 横浜市,,"月給:25万円~+交通費全額支給

※経験に応じて決定いたします。

# 昇給あり
# 賞与あり
# 残業代100%支給
# 交通費支給","・社会保険完備（雇用・労災・健康・厚生年金）
・残業手当・深夜手当・休日出勤手当（実働時間に応じて支給）
・確定拠出年金制度（企業型）
・定期健康診断・インフルエンザ予防接種費用補助
・特別休暇（慶弔休暇）
・産前産後休暇・育児休業・介護休業
・資格取得支援制度（フォークリフト・自主保全士など）
・家具家電付き社員寮制度（勤務地による・規定あり）
・制服貸与
・社員持株会
・福利厚生サービス（レジャー・飲食の優待割引、保養施設）
・団体長期障害所得補償保険（GLTD）","まずは「話を聞いてみる」だけで大丈夫です。

当社ではカジュアル面談を実施しています。
志望動機や自己PRの準備は不要。
「どんな職場？」「本当に未経験でもできる？」といった疑問に、担当者が率直にお答えします。

■ 応募から入社までの3STEP ■
▶ STEP1 WEB応募（1分）
▶ STEP2 カジュアル面談（1回のみ・1〜3日以内にご連絡）
▶ STEP3 採用・入社日のご相談

入社日は柔軟に調整できます。
「来月から」「今の仕事を辞めてから」など、ご都合をお聞かせください。",,即日勤務OK、交通費支給、残業なし,2,任意,生年月日、性別、電話番号,ntf-indeedapplicant-aaaatulx77tci2k2pr5yeqapva@shukatsu-labo.slack.com,,,利用しない,,
募集中,日本マニュファクチャリングサービス株式会社,未経験｜検品・梱包｜日本マニュファクチャリングサービス株式会社｜横浜市鶴見区,倉庫作業スタッフ,20～30代活躍中◎横浜市鶴見区｜年間休日125日・完全週休2日の軽作業,,神奈川県 横浜市 鶴見区,,,正社員,はい,月給,250000,,最低額を表示,なし,,,,,,,固定時間制,160,,厚生年金、健康保険、雇用保険、労災保険,,なし,,,,,,,,,,,,,,,,,,"勤務先は横浜市鶴見区内および周辺の物流センター。扱うのは衣類・コスメ・文房具・小型雑貨など、手のひらサイズの軽い商品が中心です。
担当していただくのは、届いた商品に不備がないかを確かめ、出荷用の箱に整えて詰める「検品・梱包」の作業。
空調完備の室内で、自分のペースを保ちながら黙々と取り組める環境です。

■ ある1日のスケジュール（日勤・実働8時間）
09:00 出勤・朝礼。リーダーから本日の作業内容と注意点の共有があります
09:10 検品スタート。ハンディ端末でバーコードを読み取り、品番と数量を照合
10:30 小休憩（10分）
12:00 昼休憩（60分）。電子レンジ・冷蔵庫のある休憩室で昼食
13:00 梱包作業。緩衝材で商品を包み、ダンボールを組み立てて詰めていきます
15:00 小休憩（15分）
15:15 出荷準備。伝票シールを貼り、配送業者ごとにコンテナへ仕分け
17:45 清掃・翌日分の資材補充
18:00 退勤。土日祝はお休みで、翌日の予定も立てやすい働き方です

■ 扱う商品と作業の具体例
・衣類・タオルなどの布製品：ほつれや汚れがないか確認し、専用の透明袋に入れます
・コスメ・ガラス製の小物：割れやすいため、緩衝材で包んでから箱に納めます
・文房具・生活雑貨：品番と個数を納品書と照合し、まとめて袋詰めします
・出荷前の箱：伝票シールと「割れ物注意」「水濡れ厳禁」などの注意シールを所定位置に貼ります
いずれも手のひらから両手で持てる大きさの商品で、重量物の持ち上げはありません。

■ 未経験でも安心の1週間プログラム
・1日目：会社説明、安全講習、作業着の受け取り、作業場の見学
・2日目：先輩の隣で検品の実演を見学し、午後から一緒に作業
・3日目：梱包の袋詰め・箱詰めを先輩と一緒に担当
・4日目：シール貼りと仕分けを一人で担当。先輩は同じ作業台で見守ります
・5日目：検品から仕分けまでの流れを通しで経験
覚えることは3ステップの繰り返しなので、専門知識や資格は不要です。製造現場で人を育ててきた当社ならではの丁寧な立ち上がりを用意しています。

■ 働く環境について
作業場は1年を通して空調が効いており、汗だくになったり手がかじかんだりする心配はありません。
休憩室は広く、電子レンジや冷蔵庫、自動販売機が揃っています。昼休憩は各自のペースで過ごしています。
鍵付きロッカーを用意しているので、貴重品の管理も安心です。
服装や髪色は自由で、自分らしいスタイルのまま通勤できます。

■ 横浜市鶴見区の拠点ならではの一言
JR京浜東北線・鶴見線と京急線の鶴見駅・京急鶴見駅が利用できます。
京浜工業地帯の中心エリアで、工場や物流倉庫が多く、ものづくり・物流の仕事が身近な地域です。
当社は神奈川県内に複数の勤務先を持っているため、ご自宅からの通いやすさも考慮して配属先を相談できます。

「難しいことはできないけれど、コツコツ続けることは得意」という方を、当社は大切にしています。まずはお気軽にご応募ください。","【横浜市鶴見区で働くならここがポイント】

✅ 資格・経験・学歴は問いません
必要なのは「丁寧に確認する姿勢」だけ。検品の見方、梱包の手順はすべて入社後にお伝えします。フォークリフトなどの資格取得を目指したい方には支援制度もあり、長く働くほど仕事の幅が広がります。

✅ 平日は定時、週末はしっかり休む
9:00〜18:00の固定時間制で、生活リズムが安定します。土日祝はお休みなので、家族や友人と予定を合わせやすいのも魅力です。

✅ 重い荷物はほとんどありません
扱うのは衣類・コスメ・文房具・小型雑貨など軽い商品が中心です。重量物の持ち上げや力仕事はほぼなく、身体への負担を抑えて長く続けられます。

✅ 空調完備・清潔な作業場
冷暖房がしっかり効いた室内で、季節を問わず快適に働けます。休憩室には電子レンジ・冷蔵庫・自動販売機があり、鍵付きロッカーも完備しています。

✅ 安定した雇用と福利厚生
正社員としての雇用に加え、社会保険完備、定期健康診断、資格取得支援などの制度があります。「腰を据えて働きたい」という希望に応えられる環境です。

✅ 地元横浜市鶴見区で長く働く
京浜工業地帯の中心エリアで、工場や物流倉庫が多く、ものづくり・物流の仕事が身近な地域です。JR京浜東北線・鶴見線と京急線の鶴見駅・京急鶴見駅が利用できます。

まずはカジュアル面談で、職場の雰囲気や1日の流れをお伝えします。ご応募をお待ちしています。","例外事由3号のイにより、長期キャリア形成を図るため、
35歳以下を募集しております。","【勤務時間】
★9:00~18:00
└実働8時間/休憩1時間

定時ダッシュも問題ないです✧
✧ 土日祝休み
✧ 残業月平均:6.5時間以内
✧ 残業代100%支給","✧ 完全週休2日制(土日祝休み)
✧ 年間休日125日
「土日休みはマスト!」ってあなたにも
ぴったりの職場です!

【その他休暇】
✧ 有給休暇
✧ 夏季・冬季休暇
✧ GW休暇
✧ 年末年始休暇",神奈川県 横浜市 鶴見区,,"月給:25万円~+交通費全額支給

※経験に応じて決定いたします。

# 昇給あり
# 賞与あり
# 残業代100%支給
# 交通費支給","・社会保険完備（雇用・労災・健康・厚生年金）
・残業手当・深夜手当・休日出勤手当（実働時間に応じて支給）
・確定拠出年金制度（企業型）
・定期健康診断・インフルエンザ予防接種費用補助
・特別休暇（慶弔休暇）
・産前産後休暇・育児休業・介護休業
・資格取得支援制度（フォークリフト・自主保全士など）
・家具家電付き社員寮制度（勤務地による・規定あり）
・制服貸与
・社員持株会
・福利厚生サービス（レジャー・飲食の優待割引、保養施設）
・団体長期障害所得補償保険（GLTD）","【最短スケジュールのイメージ】

▶ STEP1 今日：WEBから1分で応募
▶ STEP2 1〜3日後：担当者からご連絡 → カジュアル面談の日程調整
▶ STEP3 面談当日：カジュアル面談（1回のみ）→ 採用のご連絡

面談では、職場の雰囲気・1日の流れ・通勤のことなど、
気になることを何でも聞いてください。

✧ 入社日はご相談いただけます ✧
「すぐ働きたい」「少し先がいい」どちらのご希望にも対応します。",,即日勤務OK、交通費支給、残業なし,2,任意,生年月日、性別、電話番号,ntf-indeedapplicant-aaaatulx77tci2k2pr5yeqapva@shukatsu-labo.slack.com,,,利用しない,,
募集中,日本マニュファクチャリングサービス株式会社,未経験｜検品・梱包｜日本マニュファクチャリングサービス株式会社｜横浜市港北区,倉庫作業スタッフ,20～30代活躍中◎安定の正社員｜横浜市港北区で検品・梱包を一から,,神奈川県 横浜市 港北区,,,正社員,はい,月給,250000,,最低額を表示,なし,,,,,,,固定時間制,160,,厚生年金、健康保険、雇用保険、労災保険,,なし,,,,,,,,,,,,,,,,,,"「ものづくりの現場を支える仕事を、正社員として腰を据えて続けたい」という方へ。
横浜市港北区内および周辺の物流センターで、商品の検品と梱包を担当するスタッフを募集します。
空調の効いた清潔な作業場で、座り作業と立ち作業を組み合わせながら無理なく進められる仕事です。

■ 入社後の1日はこんなイメージです
09:00 朝礼。体調確認と当日の出荷量の共有からスタート
09:15 午前は検品を中心に担当。商品の外観を目視で確認し、傷や汚れがあれば別置きにします
12:00 昼休憩（60分）。お弁当持参の方も、近くで買ってくる方もいます
13:00 午後は梱包を担当。袋詰め、箱詰め、テープ留めの3工程を繰り返します
15:00 小休憩（15分）。自動販売機で飲み物を買って一息
15:15 出荷分の最終チェックと仕分け。全員で協力して当日分を仕上げます
17:45 作業スペースの清掃と日報記入
18:00 定時退勤。残業は月平均6.5時間以内に収まっています

■ 作業の流れ（3ステップ）
1. 検品：商品を手に取り、傷・汚れ・数量を確認します。迷ったら「保留」の箱に入れてリーダーに確認するだけです
2. 梱包：商品に合わせて袋・緩衝材・箱を選び、動かないように納めてテープで封をします
3. 仕分け：伝票シールを貼り、配送地域ごとに分けられたコンテナへ移します
扱う商品は衣類・雑貨・コスメ・文房具などの軽いものが中心で、フォークリフトなどの機械操作はありません。

■ 未経験でも安心の1週間プログラム
・1日目：会社説明、安全講習、作業着の受け取り、作業場の見学
・2日目：先輩の隣で検品の実演を見学し、午後から一緒に作業
・3日目：梱包の袋詰め・箱詰めを先輩と一緒に担当
・4日目：シール貼りと仕分けを一人で担当。先輩は同じ作業台で見守ります
・5日目：検品から仕分けまでの流れを通しで経験
覚えることは3ステップの繰り返しなので、専門知識や資格は不要です。製造現場で人を育ててきた当社ならではの丁寧な立ち上がりを用意しています。

■ 設備・環境のポイント
・冷暖房完備の室内作業で、季節や天候に左右されません
・休憩室には電子レンジ・冷蔵庫・ポットがあり、フリーWi-Fiも使えます
・個人用の鍵付きロッカーを完備
・髪色・ネイル・服装は自由。清潔感があれば普段のスタイルのままで大丈夫です

■ 神奈川県横浜市港北区で働く
新横浜周辺に企業の拠点が集まり、住宅地としても人気の高いエリアです。
東急東横線の日吉駅・綱島駅、市営地下鉄・JR横浜線の新横浜駅などが利用できます。
横浜市港北区周辺で「通勤時間を抑えて安定した正社員の仕事に就きたい」という方に、当社の検品・梱包はぴったりの選択肢です。

「難しいことはできないけれど、コツコツ続けることは得意」という方を、当社は大切にしています。まずはお気軽にご応募ください。","【当社の検品・梱包が選ばれる理由】

✅ 資格・経験・学歴は問いません
必要なのは「丁寧に確認する姿勢」だけ。検品の見方、梱包の手順はすべて入社後にお伝えします。フォークリフトなどの資格取得を目指したい方には支援制度もあり、長く働くほど仕事の幅が広がります。

✅ 残業は月平均6.5時間以内
出荷量に合わせて人員を配置しているため、定時で帰れる日がほとんどです。仕事の後に予定を入れたり、家でゆっくり過ごしたりする時間をきちんと確保できます。

✅ 重い荷物はほとんどありません
扱うのは衣類・コスメ・文房具・小型雑貨など軽い商品が中心です。重量物の持ち上げや力仕事はほぼなく、身体への負担を抑えて長く続けられます。

✅ 空調完備・清潔な作業場
冷暖房がしっかり効いた室内で、季節を問わず快適に働けます。休憩室には電子レンジ・冷蔵庫・自動販売機があり、鍵付きロッカーも完備しています。

✅ 製造・物流の現場を支えてきた会社の正社員
当社は全国の製造現場で人材を育ててきた会社です。検品・梱包からスタートし、経験を積めばリーダーや別工程へのステップアップも目指せます。

✅ 地元横浜市港北区で長く働く
新横浜周辺に企業の拠点が集まり、住宅地としても人気の高いエリアです。東急東横線の日吉駅・綱島駅、市営地下鉄・JR横浜線の新横浜駅などが利用できます。

「自分にもできそう」と思えたら、それがスタートの合図です。お気軽にご応募ください。","例外事由3号のイにより、長期キャリア形成を図るため、
35歳以下を募集しております。","【勤務時間】
★9:00~18:00
└実働8時間/休憩1時間

定時ダッシュも問題ないです✧
✧ 土日祝休み
✧ 残業月平均:6.5時間以内
✧ 残業代100%支給","✧ 完全週休2日制(土日祝休み)
✧ 年間休日125日
「土日休みはマスト!」ってあなたにも
ぴったりの職場です!

【その他休暇】
✧ 有給休暇
✧ 夏季・冬季休暇
✧ GW休暇
✧ 年末年始休暇",神奈川県 横浜市 港北区,,"月給:25万円~+交通費全額支給

※経験に応じて決定いたします。

# 昇給あり
# 賞与あり
# 残業代100%支給
# 交通費支給","・社会保険完備（雇用・労災・健康・厚生年金）
・残業手当・深夜手当・休日出勤手当（実働時間に応じて支給）
・確定拠出年金制度（企業型）
・定期健康診断・インフルエンザ予防接種費用補助
・特別休暇（慶弔休暇）
・産前産後休暇・育児休業・介護休業
・資格取得支援制度（フォークリフト・自主保全士など）
・家具家電付き社員寮制度（勤務地による・規定あり）
・制服貸与
・社員持株会
・福利厚生サービス（レジャー・飲食の優待割引、保養施設）
・団体長期障害所得補償保険（GLTD）","■ 選考について ■
・カジュアル面談：1回のみ（服装自由・履歴書任意）
・応募から面談まで：WEB応募後、1〜3日以内にご連絡
・入社日：ご相談のうえ決定

■ 応募からの流れ ■
▶ STEP1 WEBから1分で応募
▶ STEP2 カジュアル面談（1回のみ）
▶ STEP3 採用

「まずは話だけ聞いてみたい」という方も、そのままご応募ください。
面談で無理に応募を勧めることはありません。",,即日勤務OK、交通費支給、残業なし,2,任意,生年月日、性別、電話番号,ntf-indeedapplicant-aaaatulx77tci2k2pr5yeqapva@shukatsu-labo.slack.com,,,利用しない,,
募集中,日本マニュファクチャリングサービス株式会社,未経験｜検品・梱包｜日本マニュファクチャリングサービス株式会社｜横浜市栄区,倉庫作業スタッフ,20～30代活躍中◎残業ほぼなし｜横浜市栄区で腰を据えて働く検品・梱包,,神奈川県 横浜市 栄区,,,正社員,はい,月給,250000,,最低額を表示,なし,,,,,,,固定時間制,160,,厚生年金、健康保険、雇用保険、労災保険,,なし,,,,,,,,,,,,,,,,,,"神奈川県横浜市栄区エリアで、検品・梱包の正社員スタッフを募集します。
勤務先は横浜市栄区内および周辺の物流センター。商品にキズや汚れがないかを目で確かめ、数を合わせ、袋や箱に丁寧に納める作業が中心です。
1年を通して快適な温度に保たれた室内作業で、当社の先輩スタッフが隣で手順を教えます。

■ 1日の流れ（9:00〜18:00・休憩1時間）
09:00 朝礼。当日の出荷予定と担当エリアを確認し、作業台へ移動します
09:15 午前の検品。入荷した商品を納品書と照らし合わせ、外観と数量をチェック
12:00 昼休憩（60分）。休憩室でゆっくり昼食をとります
13:00 午後の梱包。検品を終えた商品を袋詰めし、サイズに合った箱に納めます
15:00 小休憩（15分）。水分補給と軽いストレッチでリフレッシュ
15:15 ラベル貼りと出荷先ごとの仕分け。台車で所定の場所へ運びます
17:40 作業台の整理整頓と翌日の準備
18:00 退勤。残業は月平均6.5時間以内で、定時に帰れる日がほとんどです

■ 作業の流れ（3ステップ）
1. 検品：商品を手に取り、傷・汚れ・数量を確認します。迷ったら「保留」の箱に入れてリーダーに確認するだけです
2. 梱包：商品に合わせて袋・緩衝材・箱を選び、動かないように納めてテープで封をします
3. 仕分け：伝票シールを貼り、配送地域ごとに分けられたコンテナへ移します
扱う商品は衣類・雑貨・コスメ・文房具などの軽いものが中心で、フォークリフトなどの機械操作はありません。

■ 入社後1週間の流れ
1日目：オリエンテーション。安全ルール、勤怠の付け方、作業場の設備を案内します
2〜3日目：先輩スタッフがマンツーマンで隣につき、検品の見方と梱包の手順を実演しながら教えます
4〜5日目：シール貼りやダンボールの組み立てなど簡単な工程から一人で担当。分からないことはその場で質問できます
1週間後：検品・梱包の一連の流れをひと通り経験し、自分のペースで進められるようになります
当社は製造現場の教育に長年取り組んできた会社です。「早ければ半日、遅くとも2〜3日で一人立ち」が現場の平均的な目安ですが、慣れるまでは焦らず伴走します。

■ 働く環境について
作業場は1年を通して空調が効いており、汗だくになったり手がかじかんだりする心配はありません。
休憩室は広く、電子レンジや冷蔵庫、自動販売機が揃っています。昼休憩は各自のペースで過ごしています。
鍵付きロッカーを用意しているので、貴重品の管理も安心です。
服装や髪色は自由で、自分らしいスタイルのまま通勤できます。

■ 神奈川県横浜市栄区で働く
緑の多い落ち着いた住宅地で、腰を据えて長く働きたい方に向いたエリアです。
JR根岸線の本郷台駅が最寄りで、大船駅からもほど近い立地です。
横浜市栄区周辺で「通勤時間を抑えて安定した正社員の仕事に就きたい」という方に、当社の検品・梱包はぴったりの選択肢です。

製造・物流の現場を支えてきた当社で、あなたのペースで一歩を踏み出してください。ご応募をお待ちしています。","【横浜市栄区で働くならここがポイント】

✅ 覚えることは少なく、教え方は丁寧に
製造現場で人を育ててきた当社では、専任の先輩がマンツーマンで隣につきます。最初はシール貼りやダンボールの組み立てといった簡単な工程から始め、1週間でひと通りの流れを経験できるプログラムを用意しています。

✅ 土日祝休み・年間休日125日
完全週休2日制で、カレンダー通りに休めます。夏季・冬季休暇、GW、年末年始のまとまった休みもあり、予定を立てやすい働き方です。

✅ 重い荷物はほとんどありません
扱うのは衣類・コスメ・文房具・小型雑貨など軽い商品が中心です。重量物の持ち上げや力仕事はほぼなく、身体への負担を抑えて長く続けられます。

✅ 空調完備・清潔な作業場
冷暖房がしっかり効いた室内で、季節を問わず快適に働けます。休憩室には電子レンジ・冷蔵庫・自動販売機があり、鍵付きロッカーも完備しています。

✅ 相談しやすい体制
配属先にはリーダーが常駐し、定期的な面談で困りごとを聞き取ります。作業のこと、通勤のこと、働き方のこと、何でも相談してください。

✅ 横浜市栄区で通いやすい勤務地
JR根岸線の本郷台駅が最寄りで、大船駅からもほど近い立地です。緑の多い落ち着いた住宅地で、腰を据えて長く働きたい方に向いたエリアです。

まずはカジュアル面談で、職場の雰囲気や1日の流れをお伝えします。ご応募をお待ちしています。","例外事由3号のイにより、長期キャリア形成を図るため、
35歳以下を募集しております。","【勤務時間】
★9:00~18:00
└実働8時間/休憩1時間

定時ダッシュも問題ないです✧
✧ 土日祝休み
✧ 残業月平均:6.5時間以内
✧ 残業代100%支給","✧ 完全週休2日制(土日祝休み)
✧ 年間休日125日
「土日休みはマスト!」ってあなたにも
ぴったりの職場です!

【その他休暇】
✧ 有給休暇
✧ 夏季・冬季休暇
✧ GW休暇
✧ 年末年始休暇",神奈川県 横浜市 栄区,,"月給:25万円~+交通費全額支給

※経験に応じて決定いたします。

# 昇給あり
# 賞与あり
# 残業代100%支給
# 交通費支給","・社会保険完備（雇用・労災・健康・厚生年金）
・残業手当・深夜手当・休日出勤手当（実働時間に応じて支給）
・確定拠出年金制度（企業型）
・定期健康診断・インフルエンザ予防接種費用補助
・特別休暇（慶弔休暇）
・産前産後休暇・育児休業・介護休業
・資格取得支援制度（フォークリフト・自主保全士など）
・家具家電付き社員寮制度（勤務地による・規定あり）
・制服貸与
・社員持株会
・福利厚生サービス（レジャー・飲食の優待割引、保養施設）
・団体長期障害所得補償保険（GLTD）","✧ カジュアル面談実施中です ✧

応募に必要なのは人柄だけ。
まずはあなたのご希望を聞かせてください。

■ 応募からの流れ ■
▶ STEP1 WEBから1分で簡単応募
1〜3日以内に担当者からご連絡します。
▶ STEP2 カジュアル面談（1回のみ）
職場の雰囲気や1日の流れをお伝えし、ご希望を伺います。
▶ STEP3 採用

※入社日はご相談いただけます◎
在職中の方も、お気軽にご相談ください。",,即日勤務OK、交通費支給、残業なし,2,任意,生年月日、性別、電話番号,ntf-indeedapplicant-aaaatulx77tci2k2pr5yeqapva@shukatsu-labo.slack.com,,,利用しない,,
募集中,日本マニュファクチャリングサービス株式会社,未経験｜検品・梱包｜日本マニュファクチャリングサービス株式会社｜横浜市神奈川区,倉庫作業スタッフ,20～30代活躍中◎定時で帰れる｜横浜市神奈川区の物流センターで検品・梱包,,神奈川県 横浜市 神奈川区,,,正社員,はい,月給,250000,,最低額を表示,なし,,,,,,,固定時間制,160,,厚生年金、健康保険、雇用保険、労災保険,,なし,,,,,,,,,,,,,,,,,,"横浜市神奈川区内および周辺の物流センターで、通販商品や生活雑貨の「検品・梱包」を担当する正社員スタッフの募集です。
冷暖房が効いた清潔な作業場で、商品をひとつずつ確認し、丁寧に箱へ納めていく落ち着いた仕事です。
製造・物流の現場を長年支えてきた当社が、未経験の方を一から育てます。

■ 入社後の1日はこんなイメージです
09:00 朝礼。体調確認と当日の出荷量の共有からスタート
09:15 午前は検品を中心に担当。商品の外観を目視で確認し、傷や汚れがあれば別置きにします
12:00 昼休憩（60分）。お弁当持参の方も、近くで買ってくる方もいます
13:00 午後は梱包を担当。袋詰め、箱詰め、テープ留めの3工程を繰り返します
15:00 小休憩（15分）。自動販売機で飲み物を買って一息
15:15 出荷分の最終チェックと仕分け。全員で協力して当日分を仕上げます
17:45 作業スペースの清掃と日報記入
18:00 定時退勤。残業は月平均6.5時間以内に収まっています

■ 具体的にはこんな商品を扱います
通販サイトで販売されるアパレル商品、生活雑貨、コスメ、文房具が中心です。
・シャツやタオルを畳んで透明袋へ入れる
・コスメの容器にひび割れがないかを目視で確認する
・文房具のセット品を指定の個数で袋詰めする
・箱にラベルを貼り、配送業者ごとの台車に載せる
商品は軽く、作業台の高さも調整されているため、身体への負担を抑えて続けられます。

■ 教育・研修体制
入社初日は安全講習とオリエンテーションから始まり、いきなり現場に出ることはありません。
2日目以降は専任の先輩スタッフが隣について、検品・梱包の手順を実際にやって見せながら説明します。
最初の1週間は「見る→一緒にやる→一人でやる」の順で少しずつ担当を広げ、1週間後にはひと通りの作業を経験できるスケジュールです。
リーダーは常に作業場内にいるため、「これはどこに置くのでしたか」といった質問もすぐに解決できます。

■ 設備・環境のポイント
・冷暖房完備の室内作業で、季節や天候に左右されません
・休憩室には電子レンジ・冷蔵庫・ポットがあり、フリーWi-Fiも使えます
・個人用の鍵付きロッカーを完備
・髪色・ネイル・服装は自由。清潔感があれば普段のスタイルのままで大丈夫です

■ 横浜市神奈川区の拠点ならではの一言
JR横浜駅の隣接エリアで、京急線・東急東横線も利用でき、通勤の選択肢が豊富です。
横浜駅周辺の利便性と、静かな住宅地が同居する働きやすい地域です。
当社は神奈川県内に複数の勤務先を持っているため、ご自宅からの通いやすさも考慮して配属先を相談できます。

「難しいことはできないけれど、コツコツ続けることは得意」という方を、当社は大切にしています。まずはお気軽にご応募ください。","【当社の検品・梱包が選ばれる理由】

✅ 覚えることは少なく、教え方は丁寧に
製造現場で人を育ててきた当社では、専任の先輩がマンツーマンで隣につきます。最初はシール貼りやダンボールの組み立てといった簡単な工程から始め、1週間でひと通りの流れを経験できるプログラムを用意しています。

✅ 平日は定時、週末はしっかり休む
9:00〜18:00の固定時間制で、生活リズムが安定します。土日祝はお休みなので、家族や友人と予定を合わせやすいのも魅力です。

✅ 自分のペースで黙々と進められる仕事
ノルマに追われることはなく、接客もありません。「一人で集中して作業したい」「人間関係のストレスを減らしたい」という方にこそ向いている環境です。

✅ 休憩室でしっかりリフレッシュ
昼休憩60分に加えて午後に小休憩があり、集中力を保ちやすいリズムで働けます。休憩室にはポットやフリーWi-Fiもあり、お弁当派にも外食派にも便利です。

✅ 製造・物流の現場を支えてきた会社の正社員
当社は全国の製造現場で人材を育ててきた会社です。検品・梱包からスタートし、経験を積めばリーダーや別工程へのステップアップも目指せます。

✅ 横浜市神奈川区で通いやすい勤務地
JR横浜駅の隣接エリアで、京急線・東急東横線も利用でき、通勤の選択肢が豊富です。横浜駅周辺の利便性と、静かな住宅地が同居する働きやすい地域です。

「自分にもできそう」と思えたら、それがスタートの合図です。お気軽にご応募ください。","例外事由3号のイにより、長期キャリア形成を図るため、
35歳以下を募集しております。","【勤務時間】
★9:00~18:00
└実働8時間/休憩1時間

定時ダッシュも問題ないです✧
✧ 土日祝休み
✧ 残業月平均:6.5時間以内
✧ 残業代100%支給","✧ 完全週休2日制(土日祝休み)
✧ 年間休日125日
「土日休みはマスト!」ってあなたにも
ぴったりの職場です!

【その他休暇】
✧ 有給休暇
✧ 夏季・冬季休暇
✧ GW休暇
✧ 年末年始休暇",神奈川県 横浜市 神奈川区,,"月給:25万円~+交通費全額支給

※経験に応じて決定いたします。

# 昇給あり
# 賞与あり
# 残業代100%支給
# 交通費支給","・社会保険完備（雇用・労災・健康・厚生年金）
・残業手当・深夜手当・休日出勤手当（実働時間に応じて支給）
・確定拠出年金制度（企業型）
・定期健康診断・インフルエンザ予防接種費用補助
・特別休暇（慶弔休暇）
・産前産後休暇・育児休業・介護休業
・資格取得支援制度（フォークリフト・自主保全士など）
・家具家電付き社員寮制度（勤務地による・規定あり）
・制服貸与
・社員持株会
・福利厚生サービス（レジャー・飲食の優待割引、保養施設）
・団体長期障害所得補償保険（GLTD）","【応募前の「気になる」にお答えします】

Q. 面接は堅苦しいですか？
A. いいえ。カジュアル面談を1回行うだけです。服装も自由、履歴書も任意です。

Q. 応募してからどのくらいで決まりますか？
A. 3ステップで進みます。
▶ STEP1 WEBから応募（1分）→ 1〜3日以内にご連絡
▶ STEP2 カジュアル面談（1回のみ）
▶ STEP3 採用

Q. すぐには入社できないのですが…
A. 入社日はご相談いただけます。今のお仕事の引き継ぎ期間なども考慮します。",,即日勤務OK、交通費支給、残業なし,2,任意,生年月日、性別、電話番号,ntf-indeedapplicant-aaaatulx77tci2k2pr5yeqapva@shukatsu-labo.slack.com,,,利用しない,,
募集中,日本マニュファクチャリングサービス株式会社,未経験｜検品・梱包｜日本マニュファクチャリングサービス株式会社｜川崎市,倉庫作業スタッフ,20～30代活躍中◎土日祝休み・川崎市勤務｜ものづくり企業の軽作業,,神奈川県 川崎市,,,正社員,はい,月給,250000,,最低額を表示,なし,,,,,,,固定時間制,160,,厚生年金、健康保険、雇用保険、労災保険,,なし,,,,,,,,,,,,,,,,,,"勤務先は川崎市内および周辺の物流センター。扱うのは衣類・コスメ・文房具・小型雑貨など、手のひらサイズの軽い商品が中心です。
担当していただくのは、届いた商品に不備がないかを確かめ、出荷用の箱に整えて詰める「検品・梱包」の作業。
空調完備の室内で、自分のペースを保ちながら黙々と取り組める環境です。

■ 1日の流れ（9:00〜18:00・休憩1時間）
09:00 朝礼。当日の出荷予定と担当エリアを確認し、作業台へ移動します
09:15 午前の検品。入荷した商品を納品書と照らし合わせ、外観と数量をチェック
12:00 昼休憩（60分）。休憩室でゆっくり昼食をとります
13:00 午後の梱包。検品を終えた商品を袋詰めし、サイズに合った箱に納めます
15:00 小休憩（15分）。水分補給と軽いストレッチでリフレッシュ
15:15 ラベル貼りと出荷先ごとの仕分け。台車で所定の場所へ運びます
17:40 作業台の整理整頓と翌日の準備
18:00 退勤。残業は月平均6.5時間以内で、定時に帰れる日がほとんどです

■ 具体的にはこんな商品を扱います
通販サイトで販売されるアパレル商品、生活雑貨、コスメ、文房具が中心です。
・シャツやタオルを畳んで透明袋へ入れる
・コスメの容器にひび割れがないかを目視で確認する
・文房具のセット品を指定の個数で袋詰めする
・箱にラベルを貼り、配送業者ごとの台車に載せる
商品は軽く、作業台の高さも調整されているため、身体への負担を抑えて続けられます。

■ 未経験でも安心の1週間プログラム
・1日目：会社説明、安全講習、作業着の受け取り、作業場の見学
・2日目：先輩の隣で検品の実演を見学し、午後から一緒に作業
・3日目：梱包の袋詰め・箱詰めを先輩と一緒に担当
・4日目：シール貼りと仕分けを一人で担当。先輩は同じ作業台で見守ります
・5日目：検品から仕分けまでの流れを通しで経験
覚えることは3ステップの繰り返しなので、専門知識や資格は不要です。製造現場で人を育ててきた当社ならではの丁寧な立ち上がりを用意しています。

■ 職場環境
・空調完備：冷暖房が効いた清潔な室内で、夏も冬も快適に作業できます
・休憩室：電子レンジ・冷蔵庫・ポット・自動販売機を完備。お弁当持参でもゆっくり過ごせます
・ロッカー：鍵付きの個人ロッカーがあり、私物を安心して預けられます
・服装：髪色・ネイルは自由。動きやすい服装で通勤し、現場のルールに沿って作業します

■ 川崎市の拠点ならではの一言
JR・京急・東急・小田急など路線が多く、東京・横浜のどちらからも通いやすい地域です。
臨海部から内陸部まで、工場や物流センターが幅広く分布する産業都市です。
当社は神奈川県内に複数の勤務先を持っているため、ご自宅からの通いやすさも考慮して配属先を相談できます。

製造・物流の現場を支えてきた当社で、あなたのペースで一歩を踏み出してください。ご応募をお待ちしています。","【川崎市で働くならここがポイント】

✅ 先輩スタッフの9割以上が未経験からのスタート
「商品を手に取る」「傷がないか見る」「箱に入れる」の3ステップが仕事の基本です。複雑な機械操作や専門用語はなく、入社初日は安全講習とオリエンテーションから始まるので、初めての正社員でも安心してスタートできます。

✅ 残業は月平均6.5時間以内
出荷量に合わせて人員を配置しているため、定時で帰れる日がほとんどです。仕事の後に予定を入れたり、家でゆっくり過ごしたりする時間をきちんと確保できます。

✅ 自分のペースで黙々と進められる仕事
ノルマに追われることはなく、接客もありません。「一人で集中して作業したい」「人間関係のストレスを減らしたい」という方にこそ向いている環境です。

✅ 休憩室でしっかりリフレッシュ
昼休憩60分に加えて午後に小休憩があり、集中力を保ちやすいリズムで働けます。休憩室にはポットやフリーWi-Fiもあり、お弁当派にも外食派にも便利です。

✅ 相談しやすい体制
配属先にはリーダーが常駐し、定期的な面談で困りごとを聞き取ります。作業のこと、通勤のこと、働き方のこと、何でも相談してください。

✅ 地元川崎市で長く働く
臨海部から内陸部まで、工場や物流センターが幅広く分布する産業都市です。JR・京急・東急・小田急など路線が多く、東京・横浜のどちらからも通いやすい地域です。

「自分にもできそう」と思えたら、それがスタートの合図です。お気軽にご応募ください。","例外事由3号のイにより、長期キャリア形成を図るため、
35歳以下を募集しております。","【勤務時間】
★9:00~18:00
└実働8時間/休憩1時間

定時ダッシュも問題ないです✧
✧ 土日祝休み
✧ 残業月平均:6.5時間以内
✧ 残業代100%支給","✧ 完全週休2日制(土日祝休み)
✧ 年間休日125日
「土日休みはマスト!」ってあなたにも
ぴったりの職場です!

【その他休暇】
✧ 有給休暇
✧ 夏季・冬季休暇
✧ GW休暇
✧ 年末年始休暇",神奈川県 川崎市,,"月給:25万円~+交通費全額支給

※経験に応じて決定いたします。

# 昇給あり
# 賞与あり
# 残業代100%支給
# 交通費支給","・社会保険完備（雇用・労災・健康・厚生年金）
・残業手当・深夜手当・休日出勤手当（実働時間に応じて支給）
・確定拠出年金制度（企業型）
・定期健康診断・インフルエンザ予防接種費用補助
・特別休暇（慶弔休暇）
・産前産後休暇・育児休業・介護休業
・資格取得支援制度（フォークリフト・自主保全士など）
・家具家電付き社員寮制度（勤務地による・規定あり）
・制服貸与
・社員持株会
・福利厚生サービス（レジャー・飲食の優待割引、保養施設）
・団体長期障害所得補償保険（GLTD）","まずは「話を聞いてみる」だけで大丈夫です。

当社ではカジュアル面談を実施しています。
志望動機や自己PRの準備は不要。
「どんな職場？」「本当に未経験でもできる？」といった疑問に、担当者が率直にお答えします。

■ 応募から入社までの3STEP ■
▶ STEP1 WEB応募（1分）
▶ STEP2 カジュアル面談（1回のみ・1〜3日以内にご連絡）
▶ STEP3 採用・入社日のご相談

入社日は柔軟に調整できます。
「来月から」「今の仕事を辞めてから」など、ご都合をお聞かせください。",,即日勤務OK、交通費支給、残業なし,2,任意,生年月日、性別、電話番号,ntf-indeedapplicant-aaaatulx77tci2k2pr5yeqapva@shukatsu-labo.slack.com,,,利用しない,,
募集中,日本マニュファクチャリングサービス株式会社,未経験｜検品・梱包｜日本マニュファクチャリングサービス株式会社｜川崎市中原区,倉庫作業スタッフ,20～30代活躍中◎重い荷物なし｜川崎市中原区で始める検品・梱包の正社員,,神奈川県 川崎市 中原区,,,正社員,はい,月給,250000,,最低額を表示,なし,,,,,,,固定時間制,160,,厚生年金、健康保険、雇用保険、労災保険,,なし,,,,,,,,,,,,,,,,,,"「ものづくりの現場を支える仕事を、正社員として腰を据えて続けたい」という方へ。
川崎市中原区内および周辺の物流センターで、商品の検品と梱包を担当するスタッフを募集します。
空調の効いた清潔な作業場で、座り作業と立ち作業を組み合わせながら無理なく進められる仕事です。

■ ある1日のスケジュール（日勤・実働8時間）
09:00 出勤・朝礼。リーダーから本日の作業内容と注意点の共有があります
09:10 検品スタート。ハンディ端末でバーコードを読み取り、品番と数量を照合
10:30 小休憩（10分）
12:00 昼休憩（60分）。電子レンジ・冷蔵庫のある休憩室で昼食
13:00 梱包作業。緩衝材で商品を包み、ダンボールを組み立てて詰めていきます
15:00 小休憩（15分）
15:15 出荷準備。伝票シールを貼り、配送業者ごとにコンテナへ仕分け
17:45 清掃・翌日分の資材補充
18:00 退勤。土日祝はお休みで、翌日の予定も立てやすい働き方です

■ 主な作業内容
・検品：入荷した商品の外観チェック（傷・汚れ・パッケージのへこみ）と数量・品番の照合
・スキャン：バーコードリーダーで商品を読み取り、データと突き合わせます
・梱包：袋詰め、緩衝材包装、ダンボールの組み立てと箱詰め、テープ留め
・仕上げ：ラベル貼りと配送地域別の仕分け
扱うのはアパレル商品、コスメ、文房具、小型雑貨など。どれも軽く、繰り返しの中で自然と手順が身につく作業です。

■ 入社後1週間の流れ
1日目：オリエンテーション。安全ルール、勤怠の付け方、作業場の設備を案内します
2〜3日目：先輩スタッフがマンツーマンで隣につき、検品の見方と梱包の手順を実演しながら教えます
4〜5日目：シール貼りやダンボールの組み立てなど簡単な工程から一人で担当。分からないことはその場で質問できます
1週間後：検品・梱包の一連の流れをひと通り経験し、自分のペースで進められるようになります
当社は製造現場の教育に長年取り組んできた会社です。「早ければ半日、遅くとも2〜3日で一人立ち」が現場の平均的な目安ですが、慣れるまでは焦らず伴走します。

■ 設備・環境のポイント
・冷暖房完備の室内作業で、季節や天候に左右されません
・休憩室には電子レンジ・冷蔵庫・ポットがあり、フリーWi-Fiも使えます
・個人用の鍵付きロッカーを完備
・髪色・ネイル・服装は自由。清潔感があれば普段のスタイルのままで大丈夫です

■ 神奈川県川崎市中原区で働く
再開発で暮らしやすさが向上したエリアで、通勤と生活のバランスを取りやすい街です。
JR南武線・横須賀線と東急東横線が使える武蔵小杉駅が中心で、都心へのアクセスも良好です。
川崎市中原区周辺で「通勤時間を抑えて安定した正社員の仕事に就きたい」という方に、当社の検品・梱包はぴったりの選択肢です。

製造・物流の現場を支えてきた当社で、あなたのペースで一歩を踏み出してください。ご応募をお待ちしています。","【当社の検品・梱包が選ばれる理由】

✅ 先輩スタッフの9割以上が未経験からのスタート
「商品を手に取る」「傷がないか見る」「箱に入れる」の3ステップが仕事の基本です。複雑な機械操作や専門用語はなく、入社初日は安全講習とオリエンテーションから始まるので、初めての正社員でも安心してスタートできます。

✅ 土日祝休み・年間休日125日
完全週休2日制で、カレンダー通りに休めます。夏季・冬季休暇、GW、年末年始のまとまった休みもあり、予定を立てやすい働き方です。

✅ 自分のペースで黙々と進められる仕事
ノルマに追われることはなく、接客もありません。「一人で集中して作業したい」「人間関係のストレスを減らしたい」という方にこそ向いている環境です。

✅ 休憩室でしっかりリフレッシュ
昼休憩60分に加えて午後に小休憩があり、集中力を保ちやすいリズムで働けます。休憩室にはポットやフリーWi-Fiもあり、お弁当派にも外食派にも便利です。

✅ 安定した雇用と福利厚生
正社員としての雇用に加え、社会保険完備、定期健康診断、資格取得支援などの制度があります。「腰を据えて働きたい」という希望に応えられる環境です。

✅ 地元川崎市中原区で長く働く
再開発で暮らしやすさが向上したエリアで、通勤と生活のバランスを取りやすい街です。JR南武線・横須賀線と東急東横線が使える武蔵小杉駅が中心で、都心へのアクセスも良好です。

まずはカジュアル面談で、職場の雰囲気や1日の流れをお伝えします。ご応募をお待ちしています。","例外事由3号のイにより、長期キャリア形成を図るため、
35歳以下を募集しております。","【勤務時間】
★9:00~18:00
└実働8時間/休憩1時間

定時ダッシュも問題ないです✧
✧ 土日祝休み
✧ 残業月平均:6.5時間以内
✧ 残業代100%支給","✧ 完全週休2日制(土日祝休み)
✧ 年間休日125日
「土日休みはマスト!」ってあなたにも
ぴったりの職場です!

【その他休暇】
✧ 有給休暇
✧ 夏季・冬季休暇
✧ GW休暇
✧ 年末年始休暇",神奈川県 川崎市 中原区,,"月給:25万円~+交通費全額支給

※経験に応じて決定いたします。

# 昇給あり
# 賞与あり
# 残業代100%支給
# 交通費支給","・社会保険完備（雇用・労災・健康・厚生年金）
・残業手当・深夜手当・休日出勤手当（実働時間に応じて支給）
・確定拠出年金制度（企業型）
・定期健康診断・インフルエンザ予防接種費用補助
・特別休暇（慶弔休暇）
・産前産後休暇・育児休業・介護休業
・資格取得支援制度（フォークリフト・自主保全士など）
・家具家電付き社員寮制度（勤務地による・規定あり）
・制服貸与
・社員持株会
・福利厚生サービス（レジャー・飲食の優待割引、保養施設）
・団体長期障害所得補償保険（GLTD）","【最短スケジュールのイメージ】

▶ STEP1 今日：WEBから1分で応募
▶ STEP2 1〜3日後：担当者からご連絡 → カジュアル面談の日程調整
▶ STEP3 面談当日：カジュアル面談（1回のみ）→ 採用のご連絡

面談では、職場の雰囲気・1日の流れ・通勤のことなど、
気になることを何でも聞いてください。

✧ 入社日はご相談いただけます ✧
「すぐ働きたい」「少し先がいい」どちらのご希望にも対応します。",,即日勤務OK、交通費支給、残業なし,2,任意,生年月日、性別、電話番号,ntf-indeedapplicant-aaaatulx77tci2k2pr5yeqapva@shukatsu-labo.slack.com,,,利用しない,,
募集中,日本マニュファクチャリングサービス株式会社,未経験｜検品・梱包｜日本マニュファクチャリングサービス株式会社｜川崎市川崎区,倉庫作業スタッフ,20～30代活躍中◎川崎市川崎区｜先輩の9割が未経験スタートの検品・梱包,,神奈川県 川崎市 川崎区,,,正社員,はい,月給,250000,,最低額を表示,なし,,,,,,,固定時間制,160,,厚生年金、健康保険、雇用保険、労災保険,,なし,,,,,,,,,,,,,,,,,,"神奈川県川崎市川崎区エリアで、検品・梱包の正社員スタッフを募集します。
勤務先は川崎市川崎区内および周辺の物流センター。商品にキズや汚れがないかを目で確かめ、数を合わせ、袋や箱に丁寧に納める作業が中心です。
1年を通して快適な温度に保たれた室内作業で、当社の先輩スタッフが隣で手順を教えます。

■ 入社後の1日はこんなイメージです
09:00 朝礼。体調確認と当日の出荷量の共有からスタート
09:15 午前は検品を中心に担当。商品の外観を目視で確認し、傷や汚れがあれば別置きにします
12:00 昼休憩（60分）。お弁当持参の方も、近くで買ってくる方もいます
13:00 午後は梱包を担当。袋詰め、箱詰め、テープ留めの3工程を繰り返します
15:00 小休憩（15分）。自動販売機で飲み物を買って一息
15:15 出荷分の最終チェックと仕分け。全員で協力して当日分を仕上げます
17:45 作業スペースの清掃と日報記入
18:00 定時退勤。残業は月平均6.5時間以内に収まっています

■ 扱う商品と作業の具体例
・衣類・タオルなどの布製品：ほつれや汚れがないか確認し、専用の透明袋に入れます
・コスメ・ガラス製の小物：割れやすいため、緩衝材で包んでから箱に納めます
・文房具・生活雑貨：品番と個数を納品書と照合し、まとめて袋詰めします
・出荷前の箱：伝票シールと「割れ物注意」「水濡れ厳禁」などの注意シールを所定位置に貼ります
いずれも手のひらから両手で持てる大きさの商品で、重量物の持ち上げはありません。

■ 教育・研修体制
入社初日は安全講習とオリエンテーションから始まり、いきなり現場に出ることはありません。
2日目以降は専任の先輩スタッフが隣について、検品・梱包の手順を実際にやって見せながら説明します。
最初の1週間は「見る→一緒にやる→一人でやる」の順で少しずつ担当を広げ、1週間後にはひと通りの作業を経験できるスケジュールです。
リーダーは常に作業場内にいるため、「これはどこに置くのでしたか」といった質問もすぐに解決できます。

■ 職場環境
・空調完備：冷暖房が効いた清潔な室内で、夏も冬も快適に作業できます
・休憩室：電子レンジ・冷蔵庫・ポット・自動販売機を完備。お弁当持参でもゆっくり過ごせます
・ロッカー：鍵付きの個人ロッカーがあり、私物を安心して預けられます
・服装：髪色・ネイルは自由。動きやすい服装で通勤し、現場のルールに沿って作業します

■ 神奈川県川崎市川崎区で働く
臨海部に工場や物流倉庫が集まる川崎の中心エリアで、製造・物流の仕事が身近です。
JR川崎駅・京急川崎駅が最寄りで、東京・横浜のどちらからも短時間で通えます。
川崎市川崎区周辺で「通勤時間を抑えて安定した正社員の仕事に就きたい」という方に、当社の検品・梱包はぴったりの選択肢です。

「難しいことはできないけれど、コツコツ続けることは得意」という方を、当社は大切にしています。まずはお気軽にご応募ください。","【川崎市川崎区で働くならここがポイント】

✅ 資格・経験・学歴は問いません
必要なのは「丁寧に確認する姿勢」だけ。検品の見方、梱包の手順はすべて入社後にお伝えします。フォークリフトなどの資格取得を目指したい方には支援制度もあり、長く働くほど仕事の幅が広がります。

✅ 残業は月平均6.5時間以内
出荷量に合わせて人員を配置しているため、定時で帰れる日がほとんどです。仕事の後に予定を入れたり、家でゆっくり過ごしたりする時間をきちんと確保できます。

✅ 重い荷物はほとんどありません
扱うのは衣類・コスメ・文房具・小型雑貨など軽い商品が中心です。重量物の持ち上げや力仕事はほぼなく、身体への負担を抑えて長く続けられます。

✅ 休憩室でしっかりリフレッシュ
昼休憩60分に加えて午後に小休憩があり、集中力を保ちやすいリズムで働けます。休憩室にはポットやフリーWi-Fiもあり、お弁当派にも外食派にも便利です。

✅ 製造・物流の現場を支えてきた会社の正社員
当社は全国の製造現場で人材を育ててきた会社です。検品・梱包からスタートし、経験を積めばリーダーや別工程へのステップアップも目指せます。

✅ 地元川崎市川崎区で長く働く
臨海部に工場や物流倉庫が集まる川崎の中心エリアで、製造・物流の仕事が身近です。JR川崎駅・京急川崎駅が最寄りで、東京・横浜のどちらからも短時間で通えます。

「自分にもできそう」と思えたら、それがスタートの合図です。お気軽にご応募ください。","例外事由3号のイにより、長期キャリア形成を図るため、
35歳以下を募集しております。","【勤務時間】
★9:00~18:00
└実働8時間/休憩1時間

定時ダッシュも問題ないです✧
✧ 土日祝休み
✧ 残業月平均:6.5時間以内
✧ 残業代100%支給","✧ 完全週休2日制(土日祝休み)
✧ 年間休日125日
「土日休みはマスト!」ってあなたにも
ぴったりの職場です!

【その他休暇】
✧ 有給休暇
✧ 夏季・冬季休暇
✧ GW休暇
✧ 年末年始休暇",神奈川県 川崎市 川崎区,,"月給:25万円~+交通費全額支給

※経験に応じて決定いたします。

# 昇給あり
# 賞与あり
# 残業代100%支給
# 交通費支給","・社会保険完備（雇用・労災・健康・厚生年金）
・残業手当・深夜手当・休日出勤手当（実働時間に応じて支給）
・確定拠出年金制度（企業型）
・定期健康診断・インフルエンザ予防接種費用補助
・特別休暇（慶弔休暇）
・産前産後休暇・育児休業・介護休業
・資格取得支援制度（フォークリフト・自主保全士など）
・家具家電付き社員寮制度（勤務地による・規定あり）
・制服貸与
・社員持株会
・福利厚生サービス（レジャー・飲食の優待割引、保養施設）
・団体長期障害所得補償保険（GLTD）","■ 選考について ■
・カジュアル面談：1回のみ（服装自由・履歴書任意）
・応募から面談まで：WEB応募後、1〜3日以内にご連絡
・入社日：ご相談のうえ決定

■ 応募からの流れ ■
▶ STEP1 WEBから1分で応募
▶ STEP2 カジュアル面談（1回のみ）
▶ STEP3 採用

「まずは話だけ聞いてみたい」という方も、そのままご応募ください。
面談で無理に応募を勧めることはありません。",,即日勤務OK、交通費支給、残業なし,2,任意,生年月日、性別、電話番号,ntf-indeedapplicant-aaaatulx77tci2k2pr5yeqapva@shukatsu-labo.slack.com,,,利用しない,,
募集中,日本マニュファクチャリングサービス株式会社,未経験｜検品・梱包｜日本マニュファクチャリングサービス株式会社｜川崎市麻生区,倉庫作業スタッフ,20～30代活躍中◎未経験から製造のプロへ｜川崎市麻生区の検品・梱包スタッフ,,神奈川県 川崎市 麻生区,,,正社員,はい,月給,250000,,最低額を表示,なし,,,,,,,固定時間制,160,,厚生年金、健康保険、雇用保険、労災保険,,なし,,,,,,,,,,,,,,,,,,"川崎市麻生区内および周辺の物流センターで、通販商品や生活雑貨の「検品・梱包」を担当する正社員スタッフの募集です。
冷暖房が効いた清潔な作業場で、商品をひとつずつ確認し、丁寧に箱へ納めていく落ち着いた仕事です。
製造・物流の現場を長年支えてきた当社が、未経験の方を一から育てます。

■ ある1日のスケジュール（日勤・実働8時間）
09:00 出勤・朝礼。リーダーから本日の作業内容と注意点の共有があります
09:10 検品スタート。ハンディ端末でバーコードを読み取り、品番と数量を照合
10:30 小休憩（10分）
12:00 昼休憩（60分）。電子レンジ・冷蔵庫のある休憩室で昼食
13:00 梱包作業。緩衝材で商品を包み、ダンボールを組み立てて詰めていきます
15:00 小休憩（15分）
15:15 出荷準備。伝票シールを貼り、配送業者ごとにコンテナへ仕分け
17:45 清掃・翌日分の資材補充
18:00 退勤。土日祝はお休みで、翌日の予定も立てやすい働き方です

■ 扱う商品と作業の具体例
・衣類・タオルなどの布製品：ほつれや汚れがないか確認し、専用の透明袋に入れます
・コスメ・ガラス製の小物：割れやすいため、緩衝材で包んでから箱に納めます
・文房具・生活雑貨：品番と個数を納品書と照合し、まとめて袋詰めします
・出荷前の箱：伝票シールと「割れ物注意」「水濡れ厳禁」などの注意シールを所定位置に貼ります
いずれも手のひらから両手で持てる大きさの商品で、重量物の持ち上げはありません。

■ 未経験でも安心の1週間プログラム
・1日目：会社説明、安全講習、作業着の受け取り、作業場の見学
・2日目：先輩の隣で検品の実演を見学し、午後から一緒に作業
・3日目：梱包の袋詰め・箱詰めを先輩と一緒に担当
・4日目：シール貼りと仕分けを一人で担当。先輩は同じ作業台で見守ります
・5日目：検品から仕分けまでの流れを通しで経験
覚えることは3ステップの繰り返しなので、専門知識や資格は不要です。製造現場で人を育ててきた当社ならではの丁寧な立ち上がりを用意しています。

■ 働く環境について
作業場は1年を通して空調が効いており、汗だくになったり手がかじかんだりする心配はありません。
休憩室は広く、電子レンジや冷蔵庫、自動販売機が揃っています。昼休憩は各自のペースで過ごしています。
鍵付きロッカーを用意しているので、貴重品の管理も安心です。
服装や髪色は自由で、自分らしいスタイルのまま通勤できます。

■ 川崎市麻生区の拠点ならではの一言
小田急線の新百合ヶ丘駅が最寄りで、新宿方面からの通勤にも便利です。
丘陵地の緑豊かな住宅地で、落ち着いた環境で働きたい方に向いたエリアです。
当社は神奈川県内に複数の勤務先を持っているため、ご自宅からの通いやすさも考慮して配属先を相談できます。

製造・物流の現場を支えてきた当社で、あなたのペースで一歩を踏み出してください。ご応募をお待ちしています。","【当社の検品・梱包が選ばれる理由】

✅ 資格・経験・学歴は問いません
必要なのは「丁寧に確認する姿勢」だけ。検品の見方、梱包の手順はすべて入社後にお伝えします。フォークリフトなどの資格取得を目指したい方には支援制度もあり、長く働くほど仕事の幅が広がります。

✅ 土日祝休み・年間休日125日
完全週休2日制で、カレンダー通りに休めます。夏季・冬季休暇、GW、年末年始のまとまった休みもあり、予定を立てやすい働き方です。

✅ 重い荷物はほとんどありません
扱うのは衣類・コスメ・文房具・小型雑貨など軽い商品が中心です。重量物の持ち上げや力仕事はほぼなく、身体への負担を抑えて長く続けられます。

✅ 休憩室でしっかりリフレッシュ
昼休憩60分に加えて午後に小休憩があり、集中力を保ちやすいリズムで働けます。休憩室にはポットやフリーWi-Fiもあり、お弁当派にも外食派にも便利です。

✅ 相談しやすい体制
配属先にはリーダーが常駐し、定期的な面談で困りごとを聞き取ります。作業のこと、通勤のこと、働き方のこと、何でも相談してください。

✅ 川崎市麻生区で通いやすい勤務地
小田急線の新百合ヶ丘駅が最寄りで、新宿方面からの通勤にも便利です。丘陵地の緑豊かな住宅地で、落ち着いた環境で働きたい方に向いたエリアです。

まずはカジュアル面談で、職場の雰囲気や1日の流れをお伝えします。ご応募をお待ちしています。","例外事由3号のイにより、長期キャリア形成を図るため、
35歳以下を募集しております。","【勤務時間】
★9:00~18:00
└実働8時間/休憩1時間

定時ダッシュも問題ないです✧
✧ 土日祝休み
✧ 残業月平均:6.5時間以内
✧ 残業代100%支給","✧ 完全週休2日制(土日祝休み)
✧ 年間休日125日
「土日休みはマスト!」ってあなたにも
ぴったりの職場です!

【その他休暇】
✧ 有給休暇
✧ 夏季・冬季休暇
✧ GW休暇
✧ 年末年始休暇",神奈川県 川崎市 麻生区,,"月給:25万円~+交通費全額支給

※経験に応じて決定いたします。

# 昇給あり
# 賞与あり
# 残業代100%支給
# 交通費支給","・社会保険完備（雇用・労災・健康・厚生年金）
・残業手当・深夜手当・休日出勤手当（実働時間に応じて支給）
・確定拠出年金制度（企業型）
・定期健康診断・インフルエンザ予防接種費用補助
・特別休暇（慶弔休暇）
・産前産後休暇・育児休業・介護休業
・資格取得支援制度（フォークリフト・自主保全士など）
・家具家電付き社員寮制度（勤務地による・規定あり）
・制服貸与
・社員持株会
・福利厚生サービス（レジャー・飲食の優待割引、保養施設）
・団体長期障害所得補償保険（GLTD）","✧ カジュアル面談実施中です ✧

応募に必要なのは人柄だけ。
まずはあなたのご希望を聞かせてください。

■ 応募からの流れ ■
▶ STEP1 WEBから1分で簡単応募
1〜3日以内に担当者からご連絡します。
▶ STEP2 カジュアル面談（1回のみ）
職場の雰囲気や1日の流れをお伝えし、ご希望を伺います。
▶ STEP3 採用

※入社日はご相談いただけます◎
在職中の方も、お気軽にご相談ください。",,即日勤務OK、交通費支給、残業なし,2,任意,生年月日、性別、電話番号,ntf-indeedapplicant-aaaatulx77tci2k2pr5yeqapva@shukatsu-labo.slack.com,,,利用しない,,
募集中,日本マニュファクチャリングサービス株式会社,未経験｜検品・梱包｜日本マニュファクチャリングサービス株式会社｜相模原市,倉庫作業スタッフ,20～30代活躍中◎相模原市｜黙々作業が好きな方に向く検品・梱包,,神奈川県 相模原市,,,正社員,はい,月給,250000,,最低額を表示,なし,,,,,,,固定時間制,160,,厚生年金、健康保険、雇用保険、労災保険,,なし,,,,,,,,,,,,,,,,,,"勤務先は相模原市内および周辺の物流センター。扱うのは衣類・コスメ・文房具・小型雑貨など、手のひらサイズの軽い商品が中心です。
担当していただくのは、届いた商品に不備がないかを確かめ、出荷用の箱に整えて詰める「検品・梱包」の作業。
空調完備の室内で、自分のペースを保ちながら黙々と取り組める環境です。

■ 入社後の1日はこんなイメージです
09:00 朝礼。体調確認と当日の出荷量の共有からスタート
09:15 午前は検品を中心に担当。商品の外観を目視で確認し、傷や汚れがあれば別置きにします
12:00 昼休憩（60分）。お弁当持参の方も、近くで買ってくる方もいます
13:00 午後は梱包を担当。袋詰め、箱詰め、テープ留めの3工程を繰り返します
15:00 小休憩（15分）。自動販売機で飲み物を買って一息
15:15 出荷分の最終チェックと仕分け。全員で協力して当日分を仕上げます
17:45 作業スペースの清掃と日報記入
18:00 定時退勤。残業は月平均6.5時間以内に収まっています

■ 作業の流れ（3ステップ）
1. 検品：商品を手に取り、傷・汚れ・数量を確認します。迷ったら「保留」の箱に入れてリーダーに確認するだけです
2. 梱包：商品に合わせて袋・緩衝材・箱を選び、動かないように納めてテープで封をします
3. 仕分け：伝票シールを貼り、配送地域ごとに分けられたコンテナへ移します
扱う商品は衣類・雑貨・コスメ・文房具などの軽いものが中心で、フォークリフトなどの機械操作はありません。

■ 未経験でも安心の1週間プログラム
・1日目：会社説明、安全講習、作業着の受け取り、作業場の見学
・2日目：先輩の隣で検品の実演を見学し、午後から一緒に作業
・3日目：梱包の袋詰め・箱詰めを先輩と一緒に担当
・4日目：シール貼りと仕分けを一人で担当。先輩は同じ作業台で見守ります
・5日目：検品から仕分けまでの流れを通しで経験
覚えることは3ステップの繰り返しなので、専門知識や資格は不要です。製造現場で人を育ててきた当社ならではの丁寧な立ち上がりを用意しています。

■ 設備・環境のポイント
・冷暖房完備の室内作業で、季節や天候に左右されません
・休憩室には電子レンジ・冷蔵庫・ポットがあり、フリーWi-Fiも使えます
・個人用の鍵付きロッカーを完備
・髪色・ネイル・服装は自由。清潔感があれば普段のスタイルのままで大丈夫です

■ 神奈川県相模原市で働く
内陸工業地帯として工場や物流拠点が多く、圏央道沿いに大型施設が集まるエリアです。
JR横浜線・相模線と小田急線が利用でき、圏央道の相模原ICも近い交通の便が良い地域です。
相模原市周辺で「通勤時間を抑えて安定した正社員の仕事に就きたい」という方に、当社の検品・梱包はぴったりの選択肢です。

製造・物流の現場を支えてきた当社で、あなたのペースで一歩を踏み出してください。ご応募をお待ちしています。","【相模原市で働くならここがポイント】

✅ 覚えることは少なく、教え方は丁寧に
製造現場で人を育ててきた当社では、専任の先輩がマンツーマンで隣につきます。最初はシール貼りやダンボールの組み立てといった簡単な工程から始め、1週間でひと通りの流れを経験できるプログラムを用意しています。

✅ 平日は定時、週末はしっかり休む
9:00〜18:00の固定時間制で、生活リズムが安定します。土日祝はお休みなので、家族や友人と予定を合わせやすいのも魅力です。

✅ 自分のペースで黙々と進められる仕事
ノルマに追われることはなく、接客もありません。「一人で集中して作業したい」「人間関係のストレスを減らしたい」という方にこそ向いている環境です。

✅ 髪色・ネイル・服装は自由
清潔感があれば普段のスタイルのままで大丈夫です。動きやすい服装で通勤し、現場のルールに沿って作業します。

✅ 安定した雇用と福利厚生
正社員としての雇用に加え、社会保険完備、定期健康診断、資格取得支援などの制度があります。「腰を据えて働きたい」という希望に応えられる環境です。

✅ 相模原市で通いやすい勤務地
JR横浜線・相模線と小田急線が利用でき、圏央道の相模原ICも近い交通の便が良い地域です。内陸工業地帯として工場や物流拠点が多く、圏央道沿いに大型施設が集まるエリアです。

「自分にもできそう」と思えたら、それがスタートの合図です。お気軽にご応募ください。","例外事由3号のイにより、長期キャリア形成を図るため、
35歳以下を募集しております。","【勤務時間】
★9:00~18:00
└実働8時間/休憩1時間

定時ダッシュも問題ないです✧
✧ 土日祝休み
✧ 残業月平均:6.5時間以内
✧ 残業代100%支給","✧ 完全週休2日制(土日祝休み)
✧ 年間休日125日
「土日休みはマスト!」ってあなたにも
ぴったりの職場です!

【その他休暇】
✧ 有給休暇
✧ 夏季・冬季休暇
✧ GW休暇
✧ 年末年始休暇",神奈川県 相模原市,,"月給:25万円~+交通費全額支給

※経験に応じて決定いたします。

# 昇給あり
# 賞与あり
# 残業代100%支給
# 交通費支給","・社会保険完備（雇用・労災・健康・厚生年金）
・残業手当・深夜手当・休日出勤手当（実働時間に応じて支給）
・確定拠出年金制度（企業型）
・定期健康診断・インフルエンザ予防接種費用補助
・特別休暇（慶弔休暇）
・産前産後休暇・育児休業・介護休業
・資格取得支援制度（フォークリフト・自主保全士など）
・家具家電付き社員寮制度（勤務地による・規定あり）
・制服貸与
・社員持株会
・福利厚生サービス（レジャー・飲食の優待割引、保養施設）
・団体長期障害所得補償保険（GLTD）","【応募前の「気になる」にお答えします】

Q. 面接は堅苦しいですか？
A. いいえ。カジュアル面談を1回行うだけです。服装も自由、履歴書も任意です。

Q. 応募してからどのくらいで決まりますか？
A. 3ステップで進みます。
▶ STEP1 WEBから応募（1分）→ 1〜3日以内にご連絡
▶ STEP2 カジュアル面談（1回のみ）
▶ STEP3 採用

Q. すぐには入社できないのですが…
A. 入社日はご相談いただけます。今のお仕事の引き継ぎ期間なども考慮します。",,即日勤務OK、交通費支給、残業なし,2,任意,生年月日、性別、電話番号,ntf-indeedapplicant-aaaatulx77tci2k2pr5yeqapva@shukatsu-labo.slack.com,,,利用しない,,
募集中,日本マニュファクチャリングサービス株式会社,未経験｜検品・梱包｜日本マニュファクチャリングサービス株式会社｜相模原市中央区,倉庫作業スタッフ,20～30代活躍中◎相模原市中央区｜空調完備の倉庫でコツコツ検品・梱包,,神奈川県 相模原市 中央区,,,正社員,はい,月給,250000,,最低額を表示,なし,,,,,,,固定時間制,160,,厚生年金、健康保険、雇用保険、労災保険,,なし,,,,,,,,,,,,,,,,,,"「ものづくりの現場を支える仕事を、正社員として腰を据えて続けたい」という方へ。
相模原市中央区内および周辺の物流センターで、商品の検品と梱包を担当するスタッフを募集します。
空調の効いた清潔な作業場で、座り作業と立ち作業を組み合わせながら無理なく進められる仕事です。

■ 1日の流れ（9:00〜18:00・休憩1時間）
09:00 朝礼。当日の出荷予定と担当エリアを確認し、作業台へ移動します
09:15 午前の検品。入荷した商品を納品書と照らし合わせ、外観と数量をチェック
12:00 昼休憩（60分）。休憩室でゆっくり昼食をとります
13:00 午後の梱包。検品を終えた商品を袋詰めし、サイズに合った箱に納めます
15:00 小休憩（15分）。水分補給と軽いストレッチでリフレッシュ
15:15 ラベル貼りと出荷先ごとの仕分け。台車で所定の場所へ運びます
17:40 作業台の整理整頓と翌日の準備
18:00 退勤。残業は月平均6.5時間以内で、定時に帰れる日がほとんどです

■ 作業の流れ（3ステップ）
1. 検品：商品を手に取り、傷・汚れ・数量を確認します。迷ったら「保留」の箱に入れてリーダーに確認するだけです
2. 梱包：商品に合わせて袋・緩衝材・箱を選び、動かないように納めてテープで封をします
3. 仕分け：伝票シールを貼り、配送地域ごとに分けられたコンテナへ移します
扱う商品は衣類・雑貨・コスメ・文房具などの軽いものが中心で、フォークリフトなどの機械操作はありません。

■ 入社後1週間の流れ
1日目：オリエンテーション。安全ルール、勤怠の付け方、作業場の設備を案内します
2〜3日目：先輩スタッフがマンツーマンで隣につき、検品の見方と梱包の手順を実演しながら教えます
4〜5日目：シール貼りやダンボールの組み立てなど簡単な工程から一人で担当。分からないことはその場で質問できます
1週間後：検品・梱包の一連の流れをひと通り経験し、自分のペースで進められるようになります
当社は製造現場の教育に長年取り組んできた会社です。「早ければ半日、遅くとも2〜3日で一人立ち」が現場の平均的な目安ですが、慣れるまでは焦らず伴走します。

■ 働く環境について
作業場は1年を通して空調が効いており、汗だくになったり手がかじかんだりする心配はありません。
休憩室は広く、電子レンジや冷蔵庫、自動販売機が揃っています。昼休憩は各自のペースで過ごしています。
鍵付きロッカーを用意しているので、貴重品の管理も安心です。
服装や髪色は自由で、自分らしいスタイルのまま通勤できます。

■ 神奈川県相模原市中央区で働く
市の中心部として商業と住宅がバランスよく揃った、生活しやすい地域です。
JR横浜線の相模原駅・淵野辺駅が最寄りで、町田・八王子方面からも通いやすい立地です。
相模原市中央区周辺で「通勤時間を抑えて安定した正社員の仕事に就きたい」という方に、当社の検品・梱包はぴったりの選択肢です。

「難しいことはできないけれど、コツコツ続けることは得意」という方を、当社は大切にしています。まずはお気軽にご応募ください。","【当社の検品・梱包が選ばれる理由】

✅ 覚えることは少なく、教え方は丁寧に
製造現場で人を育ててきた当社では、専任の先輩がマンツーマンで隣につきます。最初はシール貼りやダンボールの組み立てといった簡単な工程から始め、1週間でひと通りの流れを経験できるプログラムを用意しています。

✅ 残業は月平均6.5時間以内
出荷量に合わせて人員を配置しているため、定時で帰れる日がほとんどです。仕事の後に予定を入れたり、家でゆっくり過ごしたりする時間をきちんと確保できます。

✅ 自分のペースで黙々と進められる仕事
ノルマに追われることはなく、接客もありません。「一人で集中して作業したい」「人間関係のストレスを減らしたい」という方にこそ向いている環境です。

✅ 髪色・ネイル・服装は自由
清潔感があれば普段のスタイルのままで大丈夫です。動きやすい服装で通勤し、現場のルールに沿って作業します。

✅ 製造・物流の現場を支えてきた会社の正社員
当社は全国の製造現場で人材を育ててきた会社です。検品・梱包からスタートし、経験を積めばリーダーや別工程へのステップアップも目指せます。

✅ 相模原市中央区で通いやすい勤務地
JR横浜線の相模原駅・淵野辺駅が最寄りで、町田・八王子方面からも通いやすい立地です。市の中心部として商業と住宅がバランスよく揃った、生活しやすい地域です。

まずはカジュアル面談で、職場の雰囲気や1日の流れをお伝えします。ご応募をお待ちしています。","例外事由3号のイにより、長期キャリア形成を図るため、
35歳以下を募集しております。","【勤務時間】
★9:00~18:00
└実働8時間/休憩1時間

定時ダッシュも問題ないです✧
✧ 土日祝休み
✧ 残業月平均:6.5時間以内
✧ 残業代100%支給","✧ 完全週休2日制(土日祝休み)
✧ 年間休日125日
「土日休みはマスト!」ってあなたにも
ぴったりの職場です!

【その他休暇】
✧ 有給休暇
✧ 夏季・冬季休暇
✧ GW休暇
✧ 年末年始休暇",神奈川県 相模原市 中央区,,"月給:25万円~+交通費全額支給

※経験に応じて決定いたします。

# 昇給あり
# 賞与あり
# 残業代100%支給
# 交通費支給","・社会保険完備（雇用・労災・健康・厚生年金）
・残業手当・深夜手当・休日出勤手当（実働時間に応じて支給）
・確定拠出年金制度（企業型）
・定期健康診断・インフルエンザ予防接種費用補助
・特別休暇（慶弔休暇）
・産前産後休暇・育児休業・介護休業
・資格取得支援制度（フォークリフト・自主保全士など）
・家具家電付き社員寮制度（勤務地による・規定あり）
・制服貸与
・社員持株会
・福利厚生サービス（レジャー・飲食の優待割引、保養施設）
・団体長期障害所得補償保険（GLTD）","まずは「話を聞いてみる」だけで大丈夫です。

当社ではカジュアル面談を実施しています。
志望動機や自己PRの準備は不要。
「どんな職場？」「本当に未経験でもできる？」といった疑問に、担当者が率直にお答えします。

■ 応募から入社までの3STEP ■
▶ STEP1 WEB応募（1分）
▶ STEP2 カジュアル面談（1回のみ・1〜3日以内にご連絡）
▶ STEP3 採用・入社日のご相談

入社日は柔軟に調整できます。
「来月から」「今の仕事を辞めてから」など、ご都合をお聞かせください。",,即日勤務OK、交通費支給、残業なし,2,任意,生年月日、性別、電話番号,ntf-indeedapplicant-aaaatulx77tci2k2pr5yeqapva@shukatsu-labo.slack.com,,,利用しない,,
募集中,日本マニュファクチャリングサービス株式会社,未経験｜検品・梱包｜日本マニュファクチャリングサービス株式会社｜厚木市,倉庫作業スタッフ,20～30代活躍中◎厚木市｜マンツーマン研修で安心の検品・梱包,,神奈川県 厚木市,,,正社員,はい,月給,250000,,最低額を表示,なし,,,,,,,固定時間制,160,,厚生年金、健康保険、雇用保険、労災保険,,なし,,,,,,,,,,,,,,,,,,"神奈川県厚木市エリアで、検品・梱包の正社員スタッフを募集します。
勤務先は厚木市内および周辺の物流センター。商品にキズや汚れがないかを目で確かめ、数を合わせ、袋や箱に丁寧に納める作業が中心です。
1年を通して快適な温度に保たれた室内作業で、当社の先輩スタッフが隣で手順を教えます。

■ ある1日のスケジュール（日勤・実働8時間）
09:00 出勤・朝礼。リーダーから本日の作業内容と注意点の共有があります
09:10 検品スタート。ハンディ端末でバーコードを読み取り、品番と数量を照合
10:30 小休憩（10分）
12:00 昼休憩（60分）。電子レンジ・冷蔵庫のある休憩室で昼食
13:00 梱包作業。緩衝材で商品を包み、ダンボールを組み立てて詰めていきます
15:00 小休憩（15分）
15:15 出荷準備。伝票シールを貼り、配送業者ごとにコンテナへ仕分け
17:45 清掃・翌日分の資材補充
18:00 退勤。土日祝はお休みで、翌日の予定も立てやすい働き方です

■ 具体的にはこんな商品を扱います
通販サイトで販売されるアパレル商品、生活雑貨、コスメ、文房具が中心です。
・シャツやタオルを畳んで透明袋へ入れる
・コスメの容器にひび割れがないかを目視で確認する
・文房具のセット品を指定の個数で袋詰めする
・箱にラベルを貼り、配送業者ごとの台車に載せる
商品は軽く、作業台の高さも調整されているため、身体への負担を抑えて続けられます。

■ 教育・研修体制
入社初日は安全講習とオリエンテーションから始まり、いきなり現場に出ることはありません。
2日目以降は専任の先輩スタッフが隣について、検品・梱包の手順を実際にやって見せながら説明します。
最初の1週間は「見る→一緒にやる→一人でやる」の順で少しずつ担当を広げ、1週間後にはひと通りの作業を経験できるスケジュールです。
リーダーは常に作業場内にいるため、「これはどこに置くのでしたか」といった質問もすぐに解決できます。

■ 設備・環境のポイント
・冷暖房完備の室内作業で、季節や天候に左右されません
・休憩室には電子レンジ・冷蔵庫・ポットがあり、フリーWi-Fiも使えます
・個人用の鍵付きロッカーを完備
・髪色・ネイル・服装は自由。清潔感があれば普段のスタイルのままで大丈夫です

■ 厚木市の拠点ならではの一言
小田急線の本厚木駅が最寄りで、東名高速・圏央道のICも近く車通勤にも向いています。
県央エリアの物流拠点が集まる街で、大型の配送センターが数多く立地しています。
当社は神奈川県内に複数の勤務先を持っているため、ご自宅からの通いやすさも考慮して配属先を相談できます。

製造・物流の現場を支えてきた当社で、あなたのペースで一歩を踏み出してください。ご応募をお待ちしています。","【厚木市で働くならここがポイント】

✅ 先輩スタッフの9割以上が未経験からのスタート
「商品を手に取る」「傷がないか見る」「箱に入れる」の3ステップが仕事の基本です。複雑な機械操作や専門用語はなく、入社初日は安全講習とオリエンテーションから始まるので、初めての正社員でも安心してスタートできます。

✅ 土日祝休み・年間休日125日
完全週休2日制で、カレンダー通りに休めます。夏季・冬季休暇、GW、年末年始のまとまった休みもあり、予定を立てやすい働き方です。

✅ 自分のペースで黙々と進められる仕事
ノルマに追われることはなく、接客もありません。「一人で集中して作業したい」「人間関係のストレスを減らしたい」という方にこそ向いている環境です。

✅ 髪色・ネイル・服装は自由
清潔感があれば普段のスタイルのままで大丈夫です。動きやすい服装で通勤し、現場のルールに沿って作業します。

✅ 相談しやすい体制
配属先にはリーダーが常駐し、定期的な面談で困りごとを聞き取ります。作業のこと、通勤のこと、働き方のこと、何でも相談してください。

✅ 地元厚木市で長く働く
県央エリアの物流拠点が集まる街で、大型の配送センターが数多く立地しています。小田急線の本厚木駅が最寄りで、東名高速・圏央道のICも近く車通勤にも向いています。

まずはカジュアル面談で、職場の雰囲気や1日の流れをお伝えします。ご応募をお待ちしています。","例外事由3号のイにより、長期キャリア形成を図るため、
35歳以下を募集しております。","【勤務時間】
★9:00~18:00
└実働8時間/休憩1時間

定時ダッシュも問題ないです✧
✧ 土日祝休み
✧ 残業月平均:6.5時間以内
✧ 残業代100%支給","✧ 完全週休2日制(土日祝休み)
✧ 年間休日125日
「土日休みはマスト!」ってあなたにも
ぴったりの職場です!

【その他休暇】
✧ 有給休暇
✧ 夏季・冬季休暇
✧ GW休暇
✧ 年末年始休暇",神奈川県 厚木市,,"月給:25万円~+交通費全額支給

※経験に応じて決定いたします。

# 昇給あり
# 賞与あり
# 残業代100%支給
# 交通費支給","・社会保険完備（雇用・労災・健康・厚生年金）
・残業手当・深夜手当・休日出勤手当（実働時間に応じて支給）
・確定拠出年金制度（企業型）
・定期健康診断・インフルエンザ予防接種費用補助
・特別休暇（慶弔休暇）
・産前産後休暇・育児休業・介護休業
・資格取得支援制度（フォークリフト・自主保全士など）
・家具家電付き社員寮制度（勤務地による・規定あり）
・制服貸与
・社員持株会
・福利厚生サービス（レジャー・飲食の優待割引、保養施設）
・団体長期障害所得補償保険（GLTD）","【最短スケジュールのイメージ】

▶ STEP1 今日：WEBから1分で応募
▶ STEP2 1〜3日後：担当者からご連絡 → カジュアル面談の日程調整
▶ STEP3 面談当日：カジュアル面談（1回のみ）→ 採用のご連絡

面談では、職場の雰囲気・1日の流れ・通勤のことなど、
気になることを何でも聞いてください。

✧ 入社日はご相談いただけます ✧
「すぐ働きたい」「少し先がいい」どちらのご希望にも対応します。",,即日勤務OK、交通費支給、残業なし,2,任意,生年月日、性別、電話番号,ntf-indeedapplicant-aaaatulx77tci2k2pr5yeqapva@shukatsu-labo.slack.com,,,利用しない,,
募集中,日本マニュファクチャリングサービス株式会社,未経験｜検品・梱包｜日本マニュファクチャリングサービス株式会社｜座間市,倉庫作業スタッフ,20～30代活躍中◎座間市で正社員デビュー｜検品・梱包のシンプル作業,,神奈川県 座間市,,,正社員,はい,月給,250000,,最低額を表示,なし,,,,,,,固定時間制,160,,厚生年金、健康保険、雇用保険、労災保険,,なし,,,,,,,,,,,,,,,,,,"座間市内および周辺の物流センターで、通販商品や生活雑貨の「検品・梱包」を担当する正社員スタッフの募集です。
冷暖房が効いた清潔な作業場で、商品をひとつずつ確認し、丁寧に箱へ納めていく落ち着いた仕事です。
製造・物流の現場を長年支えてきた当社が、未経験の方を一から育てます。

■ 1日の流れ（9:00〜18:00・休憩1時間）
09:00 朝礼。当日の出荷予定と担当エリアを確認し、作業台へ移動します
09:15 午前の検品。入荷した商品を納品書と照らし合わせ、外観と数量をチェック
12:00 昼休憩（60分）。休憩室でゆっくり昼食をとります
13:00 午後の梱包。検品を終えた商品を袋詰めし、サイズに合った箱に納めます
15:00 小休憩（15分）。水分補給と軽いストレッチでリフレッシュ
15:15 ラベル貼りと出荷先ごとの仕分け。台車で所定の場所へ運びます
17:40 作業台の整理整頓と翌日の準備
18:00 退勤。残業は月平均6.5時間以内で、定時に帰れる日がほとんどです

■ 具体的にはこんな商品を扱います
通販サイトで販売されるアパレル商品、生活雑貨、コスメ、文房具が中心です。
・シャツやタオルを畳んで透明袋へ入れる
・コスメの容器にひび割れがないかを目視で確認する
・文房具のセット品を指定の個数で袋詰めする
・箱にラベルを貼り、配送業者ごとの台車に載せる
商品は軽く、作業台の高さも調整されているため、身体への負担を抑えて続けられます。

■ 未経験でも安心の1週間プログラム
・1日目：会社説明、安全講習、作業着の受け取り、作業場の見学
・2日目：先輩の隣で検品の実演を見学し、午後から一緒に作業
・3日目：梱包の袋詰め・箱詰めを先輩と一緒に担当
・4日目：シール貼りと仕分けを一人で担当。先輩は同じ作業台で見守ります
・5日目：検品から仕分けまでの流れを通しで経験
覚えることは3ステップの繰り返しなので、専門知識や資格は不要です。製造現場で人を育ててきた当社ならではの丁寧な立ち上がりを用意しています。

■ 職場環境
・空調完備：冷暖房が効いた清潔な室内で、夏も冬も快適に作業できます
・休憩室：電子レンジ・冷蔵庫・ポット・自動販売機を完備。お弁当持参でもゆっくり過ごせます
・ロッカー：鍵付きの個人ロッカーがあり、私物を安心して預けられます
・服装：髪色・ネイルは自由。動きやすい服装で通勤し、現場のルールに沿って作業します

■ 座間市の拠点ならではの一言
小田急線の座間駅・相武台前駅、相鉄線のさがみ野駅が利用できます。
住宅地と工場が共存する県央の街で、落ち着いた環境で通勤しやすいエリアです。
当社は神奈川県内に複数の勤務先を持っているため、ご自宅からの通いやすさも考慮して配属先を相談できます。

「難しいことはできないけれど、コツコツ続けることは得意」という方を、当社は大切にしています。まずはお気軽にご応募ください。","【当社の検品・梱包が選ばれる理由】

✅ 先輩スタッフの9割以上が未経験からのスタート
「商品を手に取る」「傷がないか見る」「箱に入れる」の3ステップが仕事の基本です。複雑な機械操作や専門用語はなく、入社初日は安全講習とオリエンテーションから始まるので、初めての正社員でも安心してスタートできます。

✅ 平日は定時、週末はしっかり休む
9:00〜18:00の固定時間制で、生活リズムが安定します。土日祝はお休みなので、家族や友人と予定を合わせやすいのも魅力です。

✅ 重い荷物はほとんどありません
扱うのは衣類・コスメ・文房具・小型雑貨など軽い商品が中心です。重量物の持ち上げや力仕事はほぼなく、身体への負担を抑えて長く続けられます。

✅ 髪色・ネイル・服装は自由
清潔感があれば普段のスタイルのままで大丈夫です。動きやすい服装で通勤し、現場のルールに沿って作業します。

✅ 安定した雇用と福利厚生
正社員としての雇用に加え、社会保険完備、定期健康診断、資格取得支援などの制度があります。「腰を据えて働きたい」という希望に応えられる環境です。

✅ 地元座間市で長く働く
住宅地と工場が共存する県央の街で、落ち着いた環境で通勤しやすいエリアです。小田急線の座間駅・相武台前駅、相鉄線のさがみ野駅が利用できます。

「自分にもできそう」と思えたら、それがスタートの合図です。お気軽にご応募ください。","例外事由3号のイにより、長期キャリア形成を図るため、
35歳以下を募集しております。","【勤務時間】
★9:00~18:00
└実働8時間/休憩1時間

定時ダッシュも問題ないです✧
✧ 土日祝休み
✧ 残業月平均:6.5時間以内
✧ 残業代100%支給","✧ 完全週休2日制(土日祝休み)
✧ 年間休日125日
「土日休みはマスト!」ってあなたにも
ぴったりの職場です!

【その他休暇】
✧ 有給休暇
✧ 夏季・冬季休暇
✧ GW休暇
✧ 年末年始休暇",神奈川県 座間市,,"月給:25万円~+交通費全額支給

※経験に応じて決定いたします。

# 昇給あり
# 賞与あり
# 残業代100%支給
# 交通費支給","・社会保険完備（雇用・労災・健康・厚生年金）
・残業手当・深夜手当・休日出勤手当（実働時間に応じて支給）
・確定拠出年金制度（企業型）
・定期健康診断・インフルエンザ予防接種費用補助
・特別休暇（慶弔休暇）
・産前産後休暇・育児休業・介護休業
・資格取得支援制度（フォークリフト・自主保全士など）
・家具家電付き社員寮制度（勤務地による・規定あり）
・制服貸与
・社員持株会
・福利厚生サービス（レジャー・飲食の優待割引、保養施設）
・団体長期障害所得補償保険（GLTD）","■ 選考について ■
・カジュアル面談：1回のみ（服装自由・履歴書任意）
・応募から面談まで：WEB応募後、1〜3日以内にご連絡
・入社日：ご相談のうえ決定

■ 応募からの流れ ■
▶ STEP1 WEBから1分で応募
▶ STEP2 カジュアル面談（1回のみ）
▶ STEP3 採用

「まずは話だけ聞いてみたい」という方も、そのままご応募ください。
面談で無理に応募を勧めることはありません。",,即日勤務OK、交通費支給、残業なし,2,任意,生年月日、性別、電話番号,ntf-indeedapplicant-aaaatulx77tci2k2pr5yeqapva@shukatsu-labo.slack.com,,,利用しない,,
募集中,日本マニュファクチャリングサービス株式会社,未経験｜検品・梱包｜日本マニュファクチャリングサービス株式会社｜海老名市,倉庫作業スタッフ,20～30代活躍中◎海老名市｜年間休日125日・完全週休2日の軽作業,,神奈川県 海老名市,,,正社員,はい,月給,250000,,最低額を表示,なし,,,,,,,固定時間制,160,,厚生年金、健康保険、雇用保険、労災保険,,なし,,,,,,,,,,,,,,,,,,"勤務先は海老名市内および周辺の物流センター。扱うのは衣類・コスメ・文房具・小型雑貨など、手のひらサイズの軽い商品が中心です。
担当していただくのは、届いた商品に不備がないかを確かめ、出荷用の箱に整えて詰める「検品・梱包」の作業。
空調完備の室内で、自分のペースを保ちながら黙々と取り組める環境です。

■ ある1日のスケジュール（日勤・実働8時間）
09:00 出勤・朝礼。リーダーから本日の作業内容と注意点の共有があります
09:10 検品スタート。ハンディ端末でバーコードを読み取り、品番と数量を照合
10:30 小休憩（10分）
12:00 昼休憩（60分）。電子レンジ・冷蔵庫のある休憩室で昼食
13:00 梱包作業。緩衝材で商品を包み、ダンボールを組み立てて詰めていきます
15:00 小休憩（15分）
15:15 出荷準備。伝票シールを貼り、配送業者ごとにコンテナへ仕分け
17:45 清掃・翌日分の資材補充
18:00 退勤。土日祝はお休みで、翌日の予定も立てやすい働き方です

■ 主な作業内容
・検品：入荷した商品の外観チェック（傷・汚れ・パッケージのへこみ）と数量・品番の照合
・スキャン：バーコードリーダーで商品を読み取り、データと突き合わせます
・梱包：袋詰め、緩衝材包装、ダンボールの組み立てと箱詰め、テープ留め
・仕上げ：ラベル貼りと配送地域別の仕分け
扱うのはアパレル商品、コスメ、文房具、小型雑貨など。どれも軽く、繰り返しの中で自然と手順が身につく作業です。

■ 入社後1週間の流れ
1日目：オリエンテーション。安全ルール、勤怠の付け方、作業場の設備を案内します
2〜3日目：先輩スタッフがマンツーマンで隣につき、検品の見方と梱包の手順を実演しながら教えます
4〜5日目：シール貼りやダンボールの組み立てなど簡単な工程から一人で担当。分からないことはその場で質問できます
1週間後：検品・梱包の一連の流れをひと通り経験し、自分のペースで進められるようになります
当社は製造現場の教育に長年取り組んできた会社です。「早ければ半日、遅くとも2〜3日で一人立ち」が現場の平均的な目安ですが、慣れるまでは焦らず伴走します。

■ 設備・環境のポイント
・冷暖房完備の室内作業で、季節や天候に左右されません
・休憩室には電子レンジ・冷蔵庫・ポットがあり、フリーWi-Fiも使えます
・個人用の鍵付きロッカーを完備
・髪色・ネイル・服装は自由。清潔感があれば普段のスタイルのままで大丈夫です

■ 神奈川県海老名市で働く
駅周辺に大型商業施設が集まり、仕事帰りの買い物にも便利な街です。
小田急線・相鉄線・JR相模線の3路線が乗り入れる海老名駅が最寄りで、県内各方面から通いやすい立地です。
海老名市周辺で「通勤時間を抑えて安定した正社員の仕事に就きたい」という方に、当社の検品・梱包はぴったりの選択肢です。

「難しいことはできないけれど、コツコツ続けることは得意」という方を、当社は大切にしています。まずはお気軽にご応募ください。","【海老名市で働くならここがポイント】

✅ 資格・経験・学歴は問いません
必要なのは「丁寧に確認する姿勢」だけ。検品の見方、梱包の手順はすべて入社後にお伝えします。フォークリフトなどの資格取得を目指したい方には支援制度もあり、長く働くほど仕事の幅が広がります。

✅ 土日祝休み・年間休日125日
完全週休2日制で、カレンダー通りに休めます。夏季・冬季休暇、GW、年末年始のまとまった休みもあり、予定を立てやすい働き方です。

✅ 重い荷物はほとんどありません
扱うのは衣類・コスメ・文房具・小型雑貨など軽い商品が中心です。重量物の持ち上げや力仕事はほぼなく、身体への負担を抑えて長く続けられます。

✅ 髪色・ネイル・服装は自由
清潔感があれば普段のスタイルのままで大丈夫です。動きやすい服装で通勤し、現場のルールに沿って作業します。

✅ 製造・物流の現場を支えてきた会社の正社員
当社は全国の製造現場で人材を育ててきた会社です。検品・梱包からスタートし、経験を積めばリーダーや別工程へのステップアップも目指せます。

✅ 地元海老名市で長く働く
駅周辺に大型商業施設が集まり、仕事帰りの買い物にも便利な街です。小田急線・相鉄線・JR相模線の3路線が乗り入れる海老名駅が最寄りで、県内各方面から通いやすい立地です。

まずはカジュアル面談で、職場の雰囲気や1日の流れをお伝えします。ご応募をお待ちしています。","例外事由3号のイにより、長期キャリア形成を図るため、
35歳以下を募集しております。","【勤務時間】
★9:00~18:00
└実働8時間/休憩1時間

定時ダッシュも問題ないです✧
✧ 土日祝休み
✧ 残業月平均:6.5時間以内
✧ 残業代100%支給","✧ 完全週休2日制(土日祝休み)
✧ 年間休日125日
「土日休みはマスト!」ってあなたにも
ぴったりの職場です!

【その他休暇】
✧ 有給休暇
✧ 夏季・冬季休暇
✧ GW休暇
✧ 年末年始休暇",神奈川県 海老名市,,"月給:25万円~+交通費全額支給

※経験に応じて決定いたします。

# 昇給あり
# 賞与あり
# 残業代100%支給
# 交通費支給","・社会保険完備（雇用・労災・健康・厚生年金）
・残業手当・深夜手当・休日出勤手当（実働時間に応じて支給）
・確定拠出年金制度（企業型）
・定期健康診断・インフルエンザ予防接種費用補助
・特別休暇（慶弔休暇）
・産前産後休暇・育児休業・介護休業
・資格取得支援制度（フォークリフト・自主保全士など）
・家具家電付き社員寮制度（勤務地による・規定あり）
・制服貸与
・社員持株会
・福利厚生サービス（レジャー・飲食の優待割引、保養施設）
・団体長期障害所得補償保険（GLTD）","✧ カジュアル面談実施中です ✧

応募に必要なのは人柄だけ。
まずはあなたのご希望を聞かせてください。

■ 応募からの流れ ■
▶ STEP1 WEBから1分で簡単応募
1〜3日以内に担当者からご連絡します。
▶ STEP2 カジュアル面談（1回のみ）
職場の雰囲気や1日の流れをお伝えし、ご希望を伺います。
▶ STEP3 採用

※入社日はご相談いただけます◎
在職中の方も、お気軽にご相談ください。",,即日勤務OK、交通費支給、残業なし,2,任意,生年月日、性別、電話番号,ntf-indeedapplicant-aaaatulx77tci2k2pr5yeqapva@shukatsu-labo.slack.com,,,利用しない,,
募集中,日本マニュファクチャリングサービス株式会社,未経験｜検品・梱包｜日本マニュファクチャリングサービス株式会社｜藤沢市,倉庫作業スタッフ,20～30代活躍中◎安定の正社員｜藤沢市で検品・梱包を一から,,神奈川県 藤沢市,,,正社員,はい,月給,250000,,最低額を表示,なし,,,,,,,固定時間制,160,,厚生年金、健康保険、雇用保険、労災保険,,なし,,,,,,,,,,,,,,,,,,"「ものづくりの現場を支える仕事を、正社員として腰を据えて続けたい」という方へ。
藤沢市内および周辺の物流センターで、商品の検品と梱包を担当するスタッフを募集します。
空調の効いた清潔な作業場で、座り作業と立ち作業を組み合わせながら無理なく進められる仕事です。

■ 入社後の1日はこんなイメージです
09:00 朝礼。体調確認と当日の出荷量の共有からスタート
09:15 午前は検品を中心に担当。商品の外観を目視で確認し、傷や汚れがあれば別置きにします
12:00 昼休憩（60分）。お弁当持参の方も、近くで買ってくる方もいます
13:00 午後は梱包を担当。袋詰め、箱詰め、テープ留めの3工程を繰り返します
15:00 小休憩（15分）。自動販売機で飲み物を買って一息
15:15 出荷分の最終チェックと仕分け。全員で協力して当日分を仕上げます
17:45 作業スペースの清掃と日報記入
18:00 定時退勤。残業は月平均6.5時間以内に収まっています

■ 扱う商品と作業の具体例
・衣類・タオルなどの布製品：ほつれや汚れがないか確認し、専用の透明袋に入れます
・コスメ・ガラス製の小物：割れやすいため、緩衝材で包んでから箱に納めます
・文房具・生活雑貨：品番と個数を納品書と照合し、まとめて袋詰めします
・出荷前の箱：伝票シールと「割れ物注意」「水濡れ厳禁」などの注意シールを所定位置に貼ります
いずれも手のひらから両手で持てる大きさの商品で、重量物の持ち上げはありません。

■ 教育・研修体制
入社初日は安全講習とオリエンテーションから始まり、いきなり現場に出ることはありません。
2日目以降は専任の先輩スタッフが隣について、検品・梱包の手順を実際にやって見せながら説明します。
最初の1週間は「見る→一緒にやる→一人でやる」の順で少しずつ担当を広げ、1週間後にはひと通りの作業を経験できるスケジュールです。
リーダーは常に作業場内にいるため、「これはどこに置くのでしたか」といった質問もすぐに解決できます。

■ 職場環境
・空調完備：冷暖房が効いた清潔な室内で、夏も冬も快適に作業できます
・休憩室：電子レンジ・冷蔵庫・ポット・自動販売機を完備。お弁当持参でもゆっくり過ごせます
・ロッカー：鍵付きの個人ロッカーがあり、私物を安心して預けられます
・服装：髪色・ネイルは自由。動きやすい服装で通勤し、現場のルールに沿って作業します

■ 神奈川県藤沢市で働く
海が近い湘南の街で、休日はゆったり過ごしたい方にも人気のエリアです。
JR東海道線・小田急江ノ島線・江ノ電が使える藤沢駅が最寄りで、湘南エリアの交通の中心です。
藤沢市周辺で「通勤時間を抑えて安定した正社員の仕事に就きたい」という方に、当社の検品・梱包はぴったりの選択肢です。

製造・物流の現場を支えてきた当社で、あなたのペースで一歩を踏み出してください。ご応募をお待ちしています。","【当社の検品・梱包が選ばれる理由】

✅ 資格・経験・学歴は問いません
必要なのは「丁寧に確認する姿勢」だけ。検品の見方、梱包の手順はすべて入社後にお伝えします。フォークリフトなどの資格取得を目指したい方には支援制度もあり、長く働くほど仕事の幅が広がります。

✅ 平日は定時、週末はしっかり休む
9:00〜18:00の固定時間制で、生活リズムが安定します。土日祝はお休みなので、家族や友人と予定を合わせやすいのも魅力です。

✅ 自分のペースで黙々と進められる仕事
ノルマに追われることはなく、接客もありません。「一人で集中して作業したい」「人間関係のストレスを減らしたい」という方にこそ向いている環境です。

✅ 空調完備・清潔な作業場
冷暖房がしっかり効いた室内で、季節を問わず快適に働けます。休憩室には電子レンジ・冷蔵庫・自動販売機があり、鍵付きロッカーも完備しています。

✅ 相談しやすい体制
配属先にはリーダーが常駐し、定期的な面談で困りごとを聞き取ります。作業のこと、通勤のこと、働き方のこと、何でも相談してください。

✅ 藤沢市で通いやすい勤務地
JR東海道線・小田急江ノ島線・江ノ電が使える藤沢駅が最寄りで、湘南エリアの交通の中心です。海が近い湘南の街で、休日はゆったり過ごしたい方にも人気のエリアです。

「自分にもできそう」と思えたら、それがスタートの合図です。お気軽にご応募ください。","例外事由3号のイにより、長期キャリア形成を図るため、
35歳以下を募集しております。","【勤務時間】
★9:00~18:00
└実働8時間/休憩1時間

定時ダッシュも問題ないです✧
✧ 土日祝休み
✧ 残業月平均:6.5時間以内
✧ 残業代100%支給","✧ 完全週休2日制(土日祝休み)
✧ 年間休日125日
「土日休みはマスト!」ってあなたにも
ぴったりの職場です!

【その他休暇】
✧ 有給休暇
✧ 夏季・冬季休暇
✧ GW休暇
✧ 年末年始休暇",神奈川県 藤沢市,,"月給:25万円~+交通費全額支給

※経験に応じて決定いたします。

# 昇給あり
# 賞与あり
# 残業代100%支給
# 交通費支給","・社会保険完備（雇用・労災・健康・厚生年金）
・残業手当・深夜手当・休日出勤手当（実働時間に応じて支給）
・確定拠出年金制度（企業型）
・定期健康診断・インフルエンザ予防接種費用補助
・特別休暇（慶弔休暇）
・産前産後休暇・育児休業・介護休業
・資格取得支援制度（フォークリフト・自主保全士など）
・家具家電付き社員寮制度（勤務地による・規定あり）
・制服貸与
・社員持株会
・福利厚生サービス（レジャー・飲食の優待割引、保養施設）
・団体長期障害所得補償保険（GLTD）","【応募前の「気になる」にお答えします】

Q. 面接は堅苦しいですか？
A. いいえ。カジュアル面談を1回行うだけです。服装も自由、履歴書も任意です。

Q. 応募してからどのくらいで決まりますか？
A. 3ステップで進みます。
▶ STEP1 WEBから応募（1分）→ 1〜3日以内にご連絡
▶ STEP2 カジュアル面談（1回のみ）
▶ STEP3 採用

Q. すぐには入社できないのですが…
A. 入社日はご相談いただけます。今のお仕事の引き継ぎ期間なども考慮します。",,即日勤務OK、交通費支給、残業なし,2,任意,生年月日、性別、電話番号,ntf-indeedapplicant-aaaatulx77tci2k2pr5yeqapva@shukatsu-labo.slack.com,,,利用しない,,
募集中,日本マニュファクチャリングサービス株式会社,未経験｜検品・梱包｜日本マニュファクチャリングサービス株式会社｜茅ヶ崎市,倉庫作業スタッフ,20～30代活躍中◎残業ほぼなし｜茅ヶ崎市で腰を据えて働く検品・梱包,,神奈川県 茅ヶ崎市,,,正社員,はい,月給,250000,,最低額を表示,なし,,,,,,,固定時間制,160,,厚生年金、健康保険、雇用保険、労災保険,,なし,,,,,,,,,,,,,,,,,,"神奈川県茅ヶ崎市エリアで、検品・梱包の正社員スタッフを募集します。
勤務先は茅ヶ崎市内および周辺の物流センター。商品にキズや汚れがないかを目で確かめ、数を合わせ、袋や箱に丁寧に納める作業が中心です。
1年を通して快適な温度に保たれた室内作業で、当社の先輩スタッフが隣で手順を教えます。

■ 1日の流れ（9:00〜18:00・休憩1時間）
09:00 朝礼。当日の出荷予定と担当エリアを確認し、作業台へ移動します
09:15 午前の検品。入荷した商品を納品書と照らし合わせ、外観と数量をチェック
12:00 昼休憩（60分）。休憩室でゆっくり昼食をとります
13:00 午後の梱包。検品を終えた商品を袋詰めし、サイズに合った箱に納めます
15:00 小休憩（15分）。水分補給と軽いストレッチでリフレッシュ
15:15 ラベル貼りと出荷先ごとの仕分け。台車で所定の場所へ運びます
17:40 作業台の整理整頓と翌日の準備
18:00 退勤。残業は月平均6.5時間以内で、定時に帰れる日がほとんどです

■ 扱う商品と作業の具体例
・衣類・タオルなどの布製品：ほつれや汚れがないか確認し、専用の透明袋に入れます
・コスメ・ガラス製の小物：割れやすいため、緩衝材で包んでから箱に納めます
・文房具・生活雑貨：品番と個数を納品書と照合し、まとめて袋詰めします
・出荷前の箱：伝票シールと「割れ物注意」「水濡れ厳禁」などの注意シールを所定位置に貼ります
いずれも手のひらから両手で持てる大きさの商品で、重量物の持ち上げはありません。

■ 未経験でも安心の1週間プログラム
・1日目：会社説明、安全講習、作業着の受け取り、作業場の見学
・2日目：先輩の隣で検品の実演を見学し、午後から一緒に作業
・3日目：梱包の袋詰め・箱詰めを先輩と一緒に担当
・4日目：シール貼りと仕分けを一人で担当。先輩は同じ作業台で見守ります
・5日目：検品から仕分けまでの流れを通しで経験
覚えることは3ステップの繰り返しなので、専門知識や資格は不要です。製造現場で人を育ててきた当社ならではの丁寧な立ち上がりを用意しています。

■ 働く環境について
作業場は1年を通して空調が効いており、汗だくになったり手がかじかんだりする心配はありません。
休憩室は広く、電子レンジや冷蔵庫、自動販売機が揃っています。昼休憩は各自のペースで過ごしています。
鍵付きロッカーを用意しているので、貴重品の管理も安心です。
服装や髪色は自由で、自分らしいスタイルのまま通勤できます。

■ 茅ヶ崎市の拠点ならではの一言
JR東海道線・相模線の茅ヶ崎駅が最寄りで、湘南エリアから通いやすい立地です。
海辺のゆったりした雰囲気が魅力の街で、仕事とプライベートを両立しやすい地域です。
当社は神奈川県内に複数の勤務先を持っているため、ご自宅からの通いやすさも考慮して配属先を相談できます。

「難しいことはできないけれど、コツコツ続けることは得意」という方を、当社は大切にしています。まずはお気軽にご応募ください。","【茅ヶ崎市で働くならここがポイント】

✅ 覚えることは少なく、教え方は丁寧に
製造現場で人を育ててきた当社では、専任の先輩がマンツーマンで隣につきます。最初はシール貼りやダンボールの組み立てといった簡単な工程から始め、1週間でひと通りの流れを経験できるプログラムを用意しています。

✅ 残業は月平均6.5時間以内
出荷量に合わせて人員を配置しているため、定時で帰れる日がほとんどです。仕事の後に予定を入れたり、家でゆっくり過ごしたりする時間をきちんと確保できます。

✅ 自分のペースで黙々と進められる仕事
ノルマに追われることはなく、接客もありません。「一人で集中して作業したい」「人間関係のストレスを減らしたい」という方にこそ向いている環境です。

✅ 空調完備・清潔な作業場
冷暖房がしっかり効いた室内で、季節を問わず快適に働けます。休憩室には電子レンジ・冷蔵庫・自動販売機があり、鍵付きロッカーも完備しています。

✅ 安定した雇用と福利厚生
正社員としての雇用に加え、社会保険完備、定期健康診断、資格取得支援などの制度があります。「腰を据えて働きたい」という希望に応えられる環境です。

✅ 茅ヶ崎市で通いやすい勤務地
JR東海道線・相模線の茅ヶ崎駅が最寄りで、湘南エリアから通いやすい立地です。海辺のゆったりした雰囲気が魅力の街で、仕事とプライベートを両立しやすい地域です。

まずはカジュアル面談で、職場の雰囲気や1日の流れをお伝えします。ご応募をお待ちしています。","例外事由3号のイにより、長期キャリア形成を図るため、
35歳以下を募集しております。","【勤務時間】
★9:00~18:00
└実働8時間/休憩1時間

定時ダッシュも問題ないです✧
✧ 土日祝休み
✧ 残業月平均:6.5時間以内
✧ 残業代100%支給","✧ 完全週休2日制(土日祝休み)
✧ 年間休日125日
「土日休みはマスト!」ってあなたにも
ぴったりの職場です!

【その他休暇】
✧ 有給休暇
✧ 夏季・冬季休暇
✧ GW休暇
✧ 年末年始休暇",神奈川県 茅ヶ崎市,,"月給:25万円~+交通費全額支給

※経験に応じて決定いたします。

# 昇給あり
# 賞与あり
# 残業代100%支給
# 交通費支給","・社会保険完備（雇用・労災・健康・厚生年金）
・残業手当・深夜手当・休日出勤手当（実働時間に応じて支給）
・確定拠出年金制度（企業型）
・定期健康診断・インフルエンザ予防接種費用補助
・特別休暇（慶弔休暇）
・産前産後休暇・育児休業・介護休業
・資格取得支援制度（フォークリフト・自主保全士など）
・家具家電付き社員寮制度（勤務地による・規定あり）
・制服貸与
・社員持株会
・福利厚生サービス（レジャー・飲食の優待割引、保養施設）
・団体長期障害所得補償保険（GLTD）","まずは「話を聞いてみる」だけで大丈夫です。

当社ではカジュアル面談を実施しています。
志望動機や自己PRの準備は不要。
「どんな職場？」「本当に未経験でもできる？」といった疑問に、担当者が率直にお答えします。

■ 応募から入社までの3STEP ■
▶ STEP1 WEB応募（1分）
▶ STEP2 カジュアル面談（1回のみ・1〜3日以内にご連絡）
▶ STEP3 採用・入社日のご相談

入社日は柔軟に調整できます。
「来月から」「今の仕事を辞めてから」など、ご都合をお聞かせください。",,即日勤務OK、交通費支給、残業なし,2,任意,生年月日、性別、電話番号,ntf-indeedapplicant-aaaatulx77tci2k2pr5yeqapva@shukatsu-labo.slack.com,,,利用しない,,
募集中,日本マニュファクチャリングサービス株式会社,未経験｜検品・梱包｜日本マニュファクチャリングサービス株式会社｜伊勢原市,倉庫作業スタッフ,20～30代活躍中◎定時で帰れる｜伊勢原市の物流センターで検品・梱包,,神奈川県 伊勢原市,,,正社員,はい,月給,250000,,最低額を表示,なし,,,,,,,固定時間制,160,,厚生年金、健康保険、雇用保険、労災保険,,なし,,,,,,,,,,,,,,,,,,"伊勢原市内および周辺の物流センターで、通販商品や生活雑貨の「検品・梱包」を担当する正社員スタッフの募集です。
冷暖房が効いた清潔な作業場で、商品をひとつずつ確認し、丁寧に箱へ納めていく落ち着いた仕事です。
製造・物流の現場を長年支えてきた当社が、未経験の方を一から育てます。

■ 入社後の1日はこんなイメージです
09:00 朝礼。体調確認と当日の出荷量の共有からスタート
09:15 午前は検品を中心に担当。商品の外観を目視で確認し、傷や汚れがあれば別置きにします
12:00 昼休憩（60分）。お弁当持参の方も、近くで買ってくる方もいます
13:00 午後は梱包を担当。袋詰め、箱詰め、テープ留めの3工程を繰り返します
15:00 小休憩（15分）。自動販売機で飲み物を買って一息
15:15 出荷分の最終チェックと仕分け。全員で協力して当日分を仕上げます
17:45 作業スペースの清掃と日報記入
18:00 定時退勤。残業は月平均6.5時間以内に収まっています

■ 作業の流れ（3ステップ）
1. 検品：商品を手に取り、傷・汚れ・数量を確認します。迷ったら「保留」の箱に入れてリーダーに確認するだけです
2. 梱包：商品に合わせて袋・緩衝材・箱を選び、動かないように納めてテープで封をします
3. 仕分け：伝票シールを貼り、配送地域ごとに分けられたコンテナへ移します
扱う商品は衣類・雑貨・コスメ・文房具などの軽いものが中心で、フォークリフトなどの機械操作はありません。

■ 未経験でも安心の1週間プログラム
・1日目：会社説明、安全講習、作業着の受け取り、作業場の見学
・2日目：先輩の隣で検品の実演を見学し、午後から一緒に作業
・3日目：梱包の袋詰め・箱詰めを先輩と一緒に担当
・4日目：シール貼りと仕分けを一人で担当。先輩は同じ作業台で見守ります
・5日目：検品から仕分けまでの流れを通しで経験
覚えることは3ステップの繰り返しなので、専門知識や資格は不要です。製造現場で人を育ててきた当社ならではの丁寧な立ち上がりを用意しています。

■ 設備・環境のポイント
・冷暖房完備の室内作業で、季節や天候に左右されません
・休憩室には電子レンジ・冷蔵庫・ポットがあり、フリーWi-Fiも使えます
・個人用の鍵付きロッカーを完備
・髪色・ネイル・服装は自由。清潔感があれば普段のスタイルのままで大丈夫です

■ 神奈川県伊勢原市で働く
大山のふもとに広がる街で、周辺には製造業の工場や物流施設が点在しています。
小田急線の伊勢原駅が最寄りで、新東名の伊勢原大山ICも近く車通勤にも向いています。
伊勢原市周辺で「通勤時間を抑えて安定した正社員の仕事に就きたい」という方に、当社の検品・梱包はぴったりの選択肢です。

「難しいことはできないけれど、コツコツ続けることは得意」という方を、当社は大切にしています。まずはお気軽にご応募ください。","【当社の検品・梱包が選ばれる理由】

✅ 覚えることは少なく、教え方は丁寧に
製造現場で人を育ててきた当社では、専任の先輩がマンツーマンで隣につきます。最初はシール貼りやダンボールの組み立てといった簡単な工程から始め、1週間でひと通りの流れを経験できるプログラムを用意しています。

✅ 土日祝休み・年間休日125日
完全週休2日制で、カレンダー通りに休めます。夏季・冬季休暇、GW、年末年始のまとまった休みもあり、予定を立てやすい働き方です。

✅ 自分のペースで黙々と進められる仕事
ノルマに追われることはなく、接客もありません。「一人で集中して作業したい」「人間関係のストレスを減らしたい」という方にこそ向いている環境です。

✅ 空調完備・清潔な作業場
冷暖房がしっかり効いた室内で、季節を問わず快適に働けます。休憩室には電子レンジ・冷蔵庫・自動販売機があり、鍵付きロッカーも完備しています。

✅ 製造・物流の現場を支えてきた会社の正社員
当社は全国の製造現場で人材を育ててきた会社です。検品・梱包からスタートし、経験を積めばリーダーや別工程へのステップアップも目指せます。

✅ 伊勢原市で通いやすい勤務地
小田急線の伊勢原駅が最寄りで、新東名の伊勢原大山ICも近く車通勤にも向いています。大山のふもとに広がる街で、周辺には製造業の工場や物流施設が点在しています。

「自分にもできそう」と思えたら、それがスタートの合図です。お気軽にご応募ください。","例外事由3号のイにより、長期キャリア形成を図るため、
35歳以下を募集しております。","【勤務時間】
★9:00~18:00
└実働8時間/休憩1時間

定時ダッシュも問題ないです✧
✧ 土日祝休み
✧ 残業月平均:6.5時間以内
✧ 残業代100%支給","✧ 完全週休2日制(土日祝休み)
✧ 年間休日125日
「土日休みはマスト!」ってあなたにも
ぴったりの職場です!

【その他休暇】
✧ 有給休暇
✧ 夏季・冬季休暇
✧ GW休暇
✧ 年末年始休暇",神奈川県 伊勢原市,,"月給:25万円~+交通費全額支給

※経験に応じて決定いたします。

# 昇給あり
# 賞与あり
# 残業代100%支給
# 交通費支給","・社会保険完備（雇用・労災・健康・厚生年金）
・残業手当・深夜手当・休日出勤手当（実働時間に応じて支給）
・確定拠出年金制度（企業型）
・定期健康診断・インフルエンザ予防接種費用補助
・特別休暇（慶弔休暇）
・産前産後休暇・育児休業・介護休業
・資格取得支援制度（フォークリフト・自主保全士など）
・家具家電付き社員寮制度（勤務地による・規定あり）
・制服貸与
・社員持株会
・福利厚生サービス（レジャー・飲食の優待割引、保養施設）
・団体長期障害所得補償保険（GLTD）","【最短スケジュールのイメージ】

▶ STEP1 今日：WEBから1分で応募
▶ STEP2 1〜3日後：担当者からご連絡 → カジュアル面談の日程調整
▶ STEP3 面談当日：カジュアル面談（1回のみ）→ 採用のご連絡

面談では、職場の雰囲気・1日の流れ・通勤のことなど、
気になることを何でも聞いてください。

✧ 入社日はご相談いただけます ✧
「すぐ働きたい」「少し先がいい」どちらのご希望にも対応します。",,即日勤務OK、交通費支給、残業なし,2,任意,生年月日、性別、電話番号,ntf-indeedapplicant-aaaatulx77tci2k2pr5yeqapva@shukatsu-labo.slack.com,,,利用しない,,
募集中,日本マニュファクチャリングサービス株式会社,未経験｜検品・梱包｜日本マニュファクチャリングサービス株式会社｜南足柄市,倉庫作業スタッフ,20～30代活躍中◎土日祝休み・南足柄市勤務｜ものづくり企業の軽作業,,神奈川県 南足柄市,,,正社員,はい,月給,250000,,最低額を表示,なし,,,,,,,固定時間制,160,,厚生年金、健康保険、雇用保険、労災保険,,なし,,,,,,,,,,,,,,,,,,"勤務先は南足柄市内および周辺の物流センター。扱うのは衣類・コスメ・文房具・小型雑貨など、手のひらサイズの軽い商品が中心です。
担当していただくのは、届いた商品に不備がないかを確かめ、出荷用の箱に整えて詰める「検品・梱包」の作業。
空調完備の室内で、自分のペースを保ちながら黙々と取り組める環境です。

■ 1日の流れ（9:00〜18:00・休憩1時間）
09:00 朝礼。当日の出荷予定と担当エリアを確認し、作業台へ移動します
09:15 午前の検品。入荷した商品を納品書と照らし合わせ、外観と数量をチェック
12:00 昼休憩（60分）。休憩室でゆっくり昼食をとります
13:00 午後の梱包。検品を終えた商品を袋詰めし、サイズに合った箱に納めます
15:00 小休憩（15分）。水分補給と軽いストレッチでリフレッシュ
15:15 ラベル貼りと出荷先ごとの仕分け。台車で所定の場所へ運びます
17:40 作業台の整理整頓と翌日の準備
18:00 退勤。残業は月平均6.5時間以内で、定時に帰れる日がほとんどです

■ 作業の流れ（3ステップ）
1. 検品：商品を手に取り、傷・汚れ・数量を確認します。迷ったら「保留」の箱に入れてリーダーに確認するだけです
2. 梱包：商品に合わせて袋・緩衝材・箱を選び、動かないように納めてテープで封をします
3. 仕分け：伝票シールを貼り、配送地域ごとに分けられたコンテナへ移します
扱う商品は衣類・雑貨・コスメ・文房具などの軽いものが中心で、フォークリフトなどの機械操作はありません。

■ 入社後1週間の流れ
1日目：オリエンテーション。安全ルール、勤怠の付け方、作業場の設備を案内します
2〜3日目：先輩スタッフがマンツーマンで隣につき、検品の見方と梱包の手順を実演しながら教えます
4〜5日目：シール貼りやダンボールの組み立てなど簡単な工程から一人で担当。分からないことはその場で質問できます
1週間後：検品・梱包の一連の流れをひと通り経験し、自分のペースで進められるようになります
当社は製造現場の教育に長年取り組んできた会社です。「早ければ半日、遅くとも2〜3日で一人立ち」が現場の平均的な目安ですが、慣れるまでは焦らず伴走します。

■ 働く環境について
作業場は1年を通して空調が効いており、汗だくになったり手がかじかんだりする心配はありません。
休憩室は広く、電子レンジや冷蔵庫、自動販売機が揃っています。昼休憩は各自のペースで過ごしています。
鍵付きロッカーを用意しているので、貴重品の管理も安心です。
服装や髪色は自由で、自分らしいスタイルのまま通勤できます。

■ 神奈川県南足柄市で働く
大手メーカーの工場が立地する県西のものづくりの街で、自然も身近な地域です。
伊豆箱根鉄道大雄山線が市内を走り、小田原方面からも通いやすい立地です。
南足柄市周辺で「通勤時間を抑えて安定した正社員の仕事に就きたい」という方に、当社の検品・梱包はぴったりの選択肢です。

製造・物流の現場を支えてきた当社で、あなたのペースで一歩を踏み出してください。ご応募をお待ちしています。","【南足柄市で働くならここがポイント】

✅ 先輩スタッフの9割以上が未経験からのスタート
「商品を手に取る」「傷がないか見る」「箱に入れる」の3ステップが仕事の基本です。複雑な機械操作や専門用語はなく、入社初日は安全講習とオリエンテーションから始まるので、初めての正社員でも安心してスタートできます。

✅ 平日は定時、週末はしっかり休む
9:00〜18:00の固定時間制で、生活リズムが安定します。土日祝はお休みなので、家族や友人と予定を合わせやすいのも魅力です。

✅ 重い荷物はほとんどありません
扱うのは衣類・コスメ・文房具・小型雑貨など軽い商品が中心です。重量物の持ち上げや力仕事はほぼなく、身体への負担を抑えて長く続けられます。

✅ 空調完備・清潔な作業場
冷暖房がしっかり効いた室内で、季節を問わず快適に働けます。休憩室には電子レンジ・冷蔵庫・自動販売機があり、鍵付きロッカーも完備しています。

✅ 相談しやすい体制
配属先にはリーダーが常駐し、定期的な面談で困りごとを聞き取ります。作業のこと、通勤のこと、働き方のこと、何でも相談してください。

✅ 地元南足柄市で長く働く
大手メーカーの工場が立地する県西のものづくりの街で、自然も身近な地域です。伊豆箱根鉄道大雄山線が市内を走り、小田原方面からも通いやすい立地です。

「自分にもできそう」と思えたら、それがスタートの合図です。お気軽にご応募ください。","例外事由3号のイにより、長期キャリア形成を図るため、
35歳以下を募集しております。","【勤務時間】
★9:00~18:00
└実働8時間/休憩1時間

定時ダッシュも問題ないです✧
✧ 土日祝休み
✧ 残業月平均:6.5時間以内
✧ 残業代100%支給","✧ 完全週休2日制(土日祝休み)
✧ 年間休日125日
「土日休みはマスト!」ってあなたにも
ぴったりの職場です!

【その他休暇】
✧ 有給休暇
✧ 夏季・冬季休暇
✧ GW休暇
✧ 年末年始休暇",神奈川県 南足柄市,,"月給:25万円~+交通費全額支給

※経験に応じて決定いたします。

# 昇給あり
# 賞与あり
# 残業代100%支給
# 交通費支給","・社会保険完備（雇用・労災・健康・厚生年金）
・残業手当・深夜手当・休日出勤手当（実働時間に応じて支給）
・確定拠出年金制度（企業型）
・定期健康診断・インフルエンザ予防接種費用補助
・特別休暇（慶弔休暇）
・産前産後休暇・育児休業・介護休業
・資格取得支援制度（フォークリフト・自主保全士など）
・家具家電付き社員寮制度（勤務地による・規定あり）
・制服貸与
・社員持株会
・福利厚生サービス（レジャー・飲食の優待割引、保養施設）
・団体長期障害所得補償保険（GLTD）","■ 選考について ■
・カジュアル面談：1回のみ（服装自由・履歴書任意）
・応募から面談まで：WEB応募後、1〜3日以内にご連絡
・入社日：ご相談のうえ決定

■ 応募からの流れ ■
▶ STEP1 WEBから1分で応募
▶ STEP2 カジュアル面談（1回のみ）
▶ STEP3 採用

「まずは話だけ聞いてみたい」という方も、そのままご応募ください。
面談で無理に応募を勧めることはありません。",,即日勤務OK、交通費支給、残業なし,2,任意,生年月日、性別、電話番号,ntf-indeedapplicant-aaaatulx77tci2k2pr5yeqapva@shukatsu-labo.slack.com,,,利用しない,,
募集中,日本マニュファクチャリングサービス株式会社,未経験｜検品・梱包｜日本マニュファクチャリングサービス株式会社｜愛甲郡愛川町,倉庫作業スタッフ,20～30代活躍中◎重い荷物なし｜愛川町で始める検品・梱包の正社員,,神奈川県 愛甲郡 愛川町,,,正社員,はい,月給,250000,,最低額を表示,なし,,,,,,,固定時間制,160,,厚生年金、健康保険、雇用保険、労災保険,,なし,,,,,,,,,,,,,,,,,,"「ものづくりの現場を支える仕事を、正社員として腰を据えて続けたい」という方へ。
愛川町内および周辺の物流センターで、商品の検品と梱包を担当するスタッフを募集します。
空調の効いた清潔な作業場で、座り作業と立ち作業を組み合わせながら無理なく進められる仕事です。

■ ある1日のスケジュール（日勤・実働8時間）
09:00 出勤・朝礼。リーダーから本日の作業内容と注意点の共有があります
09:10 検品スタート。ハンディ端末でバーコードを読み取り、品番と数量を照合
10:30 小休憩（10分）
12:00 昼休憩（60分）。電子レンジ・冷蔵庫のある休憩室で昼食
13:00 梱包作業。緩衝材で商品を包み、ダンボールを組み立てて詰めていきます
15:00 小休憩（15分）
15:15 出荷準備。伝票シールを貼り、配送業者ごとにコンテナへ仕分け
17:45 清掃・翌日分の資材補充
18:00 退勤。土日祝はお休みで、翌日の予定も立てやすい働き方です

■ 具体的にはこんな商品を扱います
通販サイトで販売されるアパレル商品、生活雑貨、コスメ、文房具が中心です。
・シャツやタオルを畳んで透明袋へ入れる
・コスメの容器にひび割れがないかを目視で確認する
・文房具のセット品を指定の個数で袋詰めする
・箱にラベルを貼り、配送業者ごとの台車に載せる
商品は軽く、作業台の高さも調整されているため、身体への負担を抑えて続けられます。

■ 教育・研修体制
入社初日は安全講習とオリエンテーションから始まり、いきなり現場に出ることはありません。
2日目以降は専任の先輩スタッフが隣について、検品・梱包の手順を実際にやって見せながら説明します。
最初の1週間は「見る→一緒にやる→一人でやる」の順で少しずつ担当を広げ、1週間後にはひと通りの作業を経験できるスケジュールです。
リーダーは常に作業場内にいるため、「これはどこに置くのでしたか」といった質問もすぐに解決できます。

■ 設備・環境のポイント
・冷暖房完備の室内作業で、季節や天候に左右されません
・休憩室には電子レンジ・冷蔵庫・ポットがあり、フリーWi-Fiも使えます
・個人用の鍵付きロッカーを完備
・髪色・ネイル・服装は自由。清潔感があれば普段のスタイルのままで大丈夫です

■ 愛川町の拠点ならではの一言
圏央道の相模原愛川ICが近く車通勤に便利で、本厚木駅からのバス便もあります。
内陸工業団地に工場や物流センターが集まる、県央のものづくりエリアです。
当社は神奈川県内に複数の勤務先を持っているため、ご自宅からの通いやすさも考慮して配属先を相談できます。

「難しいことはできないけれど、コツコツ続けることは得意」という方を、当社は大切にしています。まずはお気軽にご応募ください。","【当社の検品・梱包が選ばれる理由】

✅ 先輩スタッフの9割以上が未経験からのスタート
「商品を手に取る」「傷がないか見る」「箱に入れる」の3ステップが仕事の基本です。複雑な機械操作や専門用語はなく、入社初日は安全講習とオリエンテーションから始まるので、初めての正社員でも安心してスタートできます。

✅ 残業は月平均6.5時間以内
出荷量に合わせて人員を配置しているため、定時で帰れる日がほとんどです。仕事の後に予定を入れたり、家でゆっくり過ごしたりする時間をきちんと確保できます。

✅ 重い荷物はほとんどありません
扱うのは衣類・コスメ・文房具・小型雑貨など軽い商品が中心です。重量物の持ち上げや力仕事はほぼなく、身体への負担を抑えて長く続けられます。

✅ 空調完備・清潔な作業場
冷暖房がしっかり効いた室内で、季節を問わず快適に働けます。休憩室には電子レンジ・冷蔵庫・自動販売機があり、鍵付きロッカーも完備しています。

✅ 安定した雇用と福利厚生
正社員としての雇用に加え、社会保険完備、定期健康診断、資格取得支援などの制度があります。「腰を据えて働きたい」という希望に応えられる環境です。

✅ 地元愛川町で長く働く
内陸工業団地に工場や物流センターが集まる、県央のものづくりエリアです。圏央道の相模原愛川ICが近く車通勤に便利で、本厚木駅からのバス便もあります。

まずはカジュアル面談で、職場の雰囲気や1日の流れをお伝えします。ご応募をお待ちしています。","例外事由3号のイにより、長期キャリア形成を図るため、
35歳以下を募集しております。","【勤務時間】
★9:00~18:00
└実働8時間/休憩1時間

定時ダッシュも問題ないです✧
✧ 土日祝休み
✧ 残業月平均:6.5時間以内
✧ 残業代100%支給","✧ 完全週休2日制(土日祝休み)
✧ 年間休日125日
「土日休みはマスト!」ってあなたにも
ぴったりの職場です!

【その他休暇】
✧ 有給休暇
✧ 夏季・冬季休暇
✧ GW休暇
✧ 年末年始休暇",神奈川県 愛甲郡 愛川町,,"月給:25万円~+交通費全額支給

※経験に応じて決定いたします。

# 昇給あり
# 賞与あり
# 残業代100%支給
# 交通費支給","・社会保険完備（雇用・労災・健康・厚生年金）
・残業手当・深夜手当・休日出勤手当（実働時間に応じて支給）
・確定拠出年金制度（企業型）
・定期健康診断・インフルエンザ予防接種費用補助
・特別休暇（慶弔休暇）
・産前産後休暇・育児休業・介護休業
・資格取得支援制度（フォークリフト・自主保全士など）
・家具家電付き社員寮制度（勤務地による・規定あり）
・制服貸与
・社員持株会
・福利厚生サービス（レジャー・飲食の優待割引、保養施設）
・団体長期障害所得補償保険（GLTD）","✧ カジュアル面談実施中です ✧

応募に必要なのは人柄だけ。
まずはあなたのご希望を聞かせてください。

■ 応募からの流れ ■
▶ STEP1 WEBから1分で簡単応募
1〜3日以内に担当者からご連絡します。
▶ STEP2 カジュアル面談（1回のみ）
職場の雰囲気や1日の流れをお伝えし、ご希望を伺います。
▶ STEP3 採用

※入社日はご相談いただけます◎
在職中の方も、お気軽にご相談ください。",,即日勤務OK、交通費支給、残業なし,2,任意,生年月日、性別、電話番号,ntf-indeedapplicant-aaaatulx77tci2k2pr5yeqapva@shukatsu-labo.slack.com,,,利用しない,,
募集中,日本マニュファクチャリングサービス株式会社,未経験｜検品・梱包｜日本マニュファクチャリングサービス株式会社｜横須賀市,倉庫作業スタッフ,20～30代活躍中◎横須賀市｜先輩の9割が未経験スタートの検品・梱包,,神奈川県 横須賀市,,,正社員,はい,月給,250000,,最低額を表示,なし,,,,,,,固定時間制,160,,厚生年金、健康保険、雇用保険、労災保険,,なし,,,,,,,,,,,,,,,,,,"神奈川県横須賀市エリアで、検品・梱包の正社員スタッフを募集します。
勤務先は横須賀市内および周辺の物流センター。商品にキズや汚れがないかを目で確かめ、数を合わせ、袋や箱に丁寧に納める作業が中心です。
1年を通して快適な温度に保たれた室内作業で、当社の先輩スタッフが隣で手順を教えます。

■ 入社後の1日はこんなイメージです
09:00 朝礼。体調確認と当日の出荷量の共有からスタート
09:15 午前は検品を中心に担当。商品の外観を目視で確認し、傷や汚れがあれば別置きにします
12:00 昼休憩（60分）。お弁当持参の方も、近くで買ってくる方もいます
13:00 午後は梱包を担当。袋詰め、箱詰め、テープ留めの3工程を繰り返します
15:00 小休憩（15分）。自動販売機で飲み物を買って一息
15:15 出荷分の最終チェックと仕分け。全員で協力して当日分を仕上げます
17:45 作業スペースの清掃と日報記入
18:00 定時退勤。残業は月平均6.5時間以内に収まっています

■ 主な作業内容
・検品：入荷した商品の外観チェック（傷・汚れ・パッケージのへこみ）と数量・品番の照合
・スキャン：バーコードリーダーで商品を読み取り、データと突き合わせます
・梱包：袋詰め、緩衝材包装、ダンボールの組み立てと箱詰め、テープ留め
・仕上げ：ラベル貼りと配送地域別の仕分け
扱うのはアパレル商品、コスメ、文房具、小型雑貨など。どれも軽く、繰り返しの中で自然と手順が身につく作業です。

■ 未経験でも安心の1週間プログラム
・1日目：会社説明、安全講習、作業着の受け取り、作業場の見学
・2日目：先輩の隣で検品の実演を見学し、午後から一緒に作業
・3日目：梱包の袋詰め・箱詰めを先輩と一緒に担当
・4日目：シール貼りと仕分けを一人で担当。先輩は同じ作業台で見守ります
・5日目：検品から仕分けまでの流れを通しで経験
覚えることは3ステップの繰り返しなので、専門知識や資格は不要です。製造現場で人を育ててきた当社ならではの丁寧な立ち上がりを用意しています。

■ 職場環境
・空調完備：冷暖房が効いた清潔な室内で、夏も冬も快適に作業できます
・休憩室：電子レンジ・冷蔵庫・ポット・自動販売機を完備。お弁当持参でもゆっくり過ごせます
・ロッカー：鍵付きの個人ロッカーがあり、私物を安心して預けられます
・服装：髪色・ネイルは自由。動きやすい服装で通勤し、現場のルールに沿って作業します

■ 横須賀市の拠点ならではの一言
京急線とJR横須賀線が利用でき、横浜方面からも通いやすい立地です。
港町らしい開放的な雰囲気があり、三浦半島の自然も身近な地域です。
当社は神奈川県内に複数の勤務先を持っているため、ご自宅からの通いやすさも考慮して配属先を相談できます。

製造・物流の現場を支えてきた当社で、あなたのペースで一歩を踏み出してください。ご応募をお待ちしています。","【横須賀市で働くならここがポイント】

✅ 資格・経験・学歴は問いません
必要なのは「丁寧に確認する姿勢」だけ。検品の見方、梱包の手順はすべて入社後にお伝えします。フォークリフトなどの資格取得を目指したい方には支援制度もあり、長く働くほど仕事の幅が広がります。

✅ 平日は定時、週末はしっかり休む
9:00〜18:00の固定時間制で、生活リズムが安定します。土日祝はお休みなので、家族や友人と予定を合わせやすいのも魅力です。

✅ 自分のペースで黙々と進められる仕事
ノルマに追われることはなく、接客もありません。「一人で集中して作業したい」「人間関係のストレスを減らしたい」という方にこそ向いている環境です。

✅ 休憩室でしっかりリフレッシュ
昼休憩60分に加えて午後に小休憩があり、集中力を保ちやすいリズムで働けます。休憩室にはポットやフリーWi-Fiもあり、お弁当派にも外食派にも便利です。

✅ 相談しやすい体制
配属先にはリーダーが常駐し、定期的な面談で困りごとを聞き取ります。作業のこと、通勤のこと、働き方のこと、何でも相談してください。

✅ 横須賀市で通いやすい勤務地
京急線とJR横須賀線が利用でき、横浜方面からも通いやすい立地です。港町らしい開放的な雰囲気があり、三浦半島の自然も身近な地域です。

「自分にもできそう」と思えたら、それがスタートの合図です。お気軽にご応募ください。","例外事由3号のイにより、長期キャリア形成を図るため、
35歳以下を募集しております。","【勤務時間】
★9:00~18:00
└実働8時間/休憩1時間

定時ダッシュも問題ないです✧
✧ 土日祝休み
✧ 残業月平均:6.5時間以内
✧ 残業代100%支給","✧ 完全週休2日制(土日祝休み)
✧ 年間休日125日
「土日休みはマスト!」ってあなたにも
ぴったりの職場です!

【その他休暇】
✧ 有給休暇
✧ 夏季・冬季休暇
✧ GW休暇
✧ 年末年始休暇",神奈川県 横須賀市,,"月給:25万円~+交通費全額支給

※経験に応じて決定いたします。

# 昇給あり
# 賞与あり
# 残業代100%支給
# 交通費支給","・社会保険完備（雇用・労災・健康・厚生年金）
・残業手当・深夜手当・休日出勤手当（実働時間に応じて支給）
・確定拠出年金制度（企業型）
・定期健康診断・インフルエンザ予防接種費用補助
・特別休暇（慶弔休暇）
・産前産後休暇・育児休業・介護休業
・資格取得支援制度（フォークリフト・自主保全士など）
・家具家電付き社員寮制度（勤務地による・規定あり）
・制服貸与
・社員持株会
・福利厚生サービス（レジャー・飲食の優待割引、保養施設）
・団体長期障害所得補償保険（GLTD）","【応募前の「気になる」にお答えします】

Q. 面接は堅苦しいですか？
A. いいえ。カジュアル面談を1回行うだけです。服装も自由、履歴書も任意です。

Q. 応募してからどのくらいで決まりますか？
A. 3ステップで進みます。
▶ STEP1 WEBから応募（1分）→ 1〜3日以内にご連絡
▶ STEP2 カジュアル面談（1回のみ）
▶ STEP3 採用

Q. すぐには入社できないのですが…
A. 入社日はご相談いただけます。今のお仕事の引き継ぎ期間なども考慮します。",,即日勤務OK、交通費支給、残業なし,2,任意,生年月日、性別、電話番号,ntf-indeedapplicant-aaaatulx77tci2k2pr5yeqapva@shukatsu-labo.slack.com,,,利用しない,,
募集中,日本マニュファクチャリングサービス株式会社,未経験｜検品・梱包｜日本マニュファクチャリングサービス株式会社｜鎌倉市,倉庫作業スタッフ,20～30代活躍中◎未経験から製造のプロへ｜鎌倉市の検品・梱包スタッフ,,神奈川県 鎌倉市,,,正社員,はい,月給,250000,,最低額を表示,なし,,,,,,,固定時間制,160,,厚生年金、健康保険、雇用保険、労災保険,,なし,,,,,,,,,,,,,,,,,,"鎌倉市内および周辺の物流センターで、通販商品や生活雑貨の「検品・梱包」を担当する正社員スタッフの募集です。
冷暖房が効いた清潔な作業場で、商品をひとつずつ確認し、丁寧に箱へ納めていく落ち着いた仕事です。
製造・物流の現場を長年支えてきた当社が、未経験の方を一から育てます。

■ ある1日のスケジュール（日勤・実働8時間）
09:00 出勤・朝礼。リーダーから本日の作業内容と注意点の共有があります
09:10 検品スタート。ハンディ端末でバーコードを読み取り、品番と数量を照合
10:30 小休憩（10分）
12:00 昼休憩（60分）。電子レンジ・冷蔵庫のある休憩室で昼食
13:00 梱包作業。緩衝材で商品を包み、ダンボールを組み立てて詰めていきます
15:00 小休憩（15分）
15:15 出荷準備。伝票シールを貼り、配送業者ごとにコンテナへ仕分け
17:45 清掃・翌日分の資材補充
18:00 退勤。土日祝はお休みで、翌日の予定も立てやすい働き方です

■ 主な作業内容
・検品：入荷した商品の外観チェック（傷・汚れ・パッケージのへこみ）と数量・品番の照合
・スキャン：バーコードリーダーで商品を読み取り、データと突き合わせます
・梱包：袋詰め、緩衝材包装、ダンボールの組み立てと箱詰め、テープ留め
・仕上げ：ラベル貼りと配送地域別の仕分け
扱うのはアパレル商品、コスメ、文房具、小型雑貨など。どれも軽く、繰り返しの中で自然と手順が身につく作業です。

■ 入社後1週間の流れ
1日目：オリエンテーション。安全ルール、勤怠の付け方、作業場の設備を案内します
2〜3日目：先輩スタッフがマンツーマンで隣につき、検品の見方と梱包の手順を実演しながら教えます
4〜5日目：シール貼りやダンボールの組み立てなど簡単な工程から一人で担当。分からないことはその場で質問できます
1週間後：検品・梱包の一連の流れをひと通り経験し、自分のペースで進められるようになります
当社は製造現場の教育に長年取り組んできた会社です。「早ければ半日、遅くとも2〜3日で一人立ち」が現場の平均的な目安ですが、慣れるまでは焦らず伴走します。

■ 設備・環境のポイント
・冷暖房完備の室内作業で、季節や天候に左右されません
・休憩室には電子レンジ・冷蔵庫・ポットがあり、フリーWi-Fiも使えます
・個人用の鍵付きロッカーを完備
・髪色・ネイル・服装は自由。清潔感があれば普段のスタイルのままで大丈夫です

■ 神奈川県鎌倉市で働く
観光地として知られる一方、大船周辺には物流・製造の拠点も多いエリアです。
JR横須賀線・東海道線・湘南モノレールが集まる大船駅など、複数の駅が利用できます。
鎌倉市周辺で「通勤時間を抑えて安定した正社員の仕事に就きたい」という方に、当社の検品・梱包はぴったりの選択肢です。

製造・物流の現場を支えてきた当社で、あなたのペースで一歩を踏み出してください。ご応募をお待ちしています。","【当社の検品・梱包が選ばれる理由】

✅ 資格・経験・学歴は問いません
必要なのは「丁寧に確認する姿勢」だけ。検品の見方、梱包の手順はすべて入社後にお伝えします。フォークリフトなどの資格取得を目指したい方には支援制度もあり、長く働くほど仕事の幅が広がります。

✅ 残業は月平均6.5時間以内
出荷量に合わせて人員を配置しているため、定時で帰れる日がほとんどです。仕事の後に予定を入れたり、家でゆっくり過ごしたりする時間をきちんと確保できます。

✅ 自分のペースで黙々と進められる仕事
ノルマに追われることはなく、接客もありません。「一人で集中して作業したい」「人間関係のストレスを減らしたい」という方にこそ向いている環境です。

✅ 休憩室でしっかりリフレッシュ
昼休憩60分に加えて午後に小休憩があり、集中力を保ちやすいリズムで働けます。休憩室にはポットやフリーWi-Fiもあり、お弁当派にも外食派にも便利です。

✅ 安定した雇用と福利厚生
正社員としての雇用に加え、社会保険完備、定期健康診断、資格取得支援などの制度があります。「腰を据えて働きたい」という希望に応えられる環境です。

✅ 鎌倉市で通いやすい勤務地
JR横須賀線・東海道線・湘南モノレールが集まる大船駅など、複数の駅が利用できます。観光地として知られる一方、大船周辺には物流・製造の拠点も多いエリアです。

まずはカジュアル面談で、職場の雰囲気や1日の流れをお伝えします。ご応募をお待ちしています。","例外事由3号のイにより、長期キャリア形成を図るため、
35歳以下を募集しております。","【勤務時間】
★9:00~18:00
└実働8時間/休憩1時間

定時ダッシュも問題ないです✧
✧ 土日祝休み
✧ 残業月平均:6.5時間以内
✧ 残業代100%支給","✧ 完全週休2日制(土日祝休み)
✧ 年間休日125日
「土日休みはマスト!」ってあなたにも
ぴったりの職場です!

【その他休暇】
✧ 有給休暇
✧ 夏季・冬季休暇
✧ GW休暇
✧ 年末年始休暇",神奈川県 鎌倉市,,"月給:25万円~+交通費全額支給

※経験に応じて決定いたします。

# 昇給あり
# 賞与あり
# 残業代100%支給
# 交通費支給","・社会保険完備（雇用・労災・健康・厚生年金）
・残業手当・深夜手当・休日出勤手当（実働時間に応じて支給）
・確定拠出年金制度（企業型）
・定期健康診断・インフルエンザ予防接種費用補助
・特別休暇（慶弔休暇）
・産前産後休暇・育児休業・介護休業
・資格取得支援制度（フォークリフト・自主保全士など）
・家具家電付き社員寮制度（勤務地による・規定あり）
・制服貸与
・社員持株会
・福利厚生サービス（レジャー・飲食の優待割引、保養施設）
・団体長期障害所得補償保険（GLTD）","まずは「話を聞いてみる」だけで大丈夫です。

当社ではカジュアル面談を実施しています。
志望動機や自己PRの準備は不要。
「どんな職場？」「本当に未経験でもできる？」といった疑問に、担当者が率直にお答えします。

■ 応募から入社までの3STEP ■
▶ STEP1 WEB応募（1分）
▶ STEP2 カジュアル面談（1回のみ・1〜3日以内にご連絡）
▶ STEP3 採用・入社日のご相談

入社日は柔軟に調整できます。
「来月から」「今の仕事を辞めてから」など、ご都合をお聞かせください。",,即日勤務OK、交通費支給、残業なし,2,任意,生年月日、性別、電話番号,ntf-indeedapplicant-aaaatulx77tci2k2pr5yeqapva@shukatsu-labo.slack.com,,,利用しない,,
募集中,日本マニュファクチャリングサービス株式会社,未経験｜検品・梱包｜日本マニュファクチャリングサービス株式会社｜さいたま市,倉庫作業スタッフ,20～30代活躍中◎さいたま市｜黙々作業が好きな方に向く検品・梱包,,埼玉県 さいたま市,,,正社員,はい,月給,250000,,最低額を表示,なし,,,,,,,固定時間制,160,,厚生年金、健康保険、雇用保険、労災保険,,なし,,,,,,,,,,,,,,,,,,"勤務先はさいたま市内および周辺の物流センター。扱うのは衣類・コスメ・文房具・小型雑貨など、手のひらサイズの軽い商品が中心です。
担当していただくのは、届いた商品に不備がないかを確かめ、出荷用の箱に整えて詰める「検品・梱包」の作業。
空調完備の室内で、自分のペースを保ちながら黙々と取り組める環境です。

■ 入社後の1日はこんなイメージです
09:00 朝礼。体調確認と当日の出荷量の共有からスタート
09:15 午前は検品を中心に担当。商品の外観を目視で確認し、傷や汚れがあれば別置きにします
12:00 昼休憩（60分）。お弁当持参の方も、近くで買ってくる方もいます
13:00 午後は梱包を担当。袋詰め、箱詰め、テープ留めの3工程を繰り返します
15:00 小休憩（15分）。自動販売機で飲み物を買って一息
15:15 出荷分の最終チェックと仕分け。全員で協力して当日分を仕上げます
17:45 作業スペースの清掃と日報記入
18:00 定時退勤。残業は月平均6.5時間以内に収まっています

■ 扱う商品と作業の具体例
・衣類・タオルなどの布製品：ほつれや汚れがないか確認し、専用の透明袋に入れます
・コスメ・ガラス製の小物：割れやすいため、緩衝材で包んでから箱に納めます
・文房具・生活雑貨：品番と個数を納品書と照合し、まとめて袋詰めします
・出荷前の箱：伝票シールと「割れ物注意」「水濡れ厳禁」などの注意シールを所定位置に貼ります
いずれも手のひらから両手で持てる大きさの商品で、重量物の持ち上げはありません。

■ 教育・研修体制
入社初日は安全講習とオリエンテーションから始まり、いきなり現場に出ることはありません。
2日目以降は専任の先輩スタッフが隣について、検品・梱包の手順を実際にやって見せながら説明します。
最初の1週間は「見る→一緒にやる→一人でやる」の順で少しずつ担当を広げ、1週間後にはひと通りの作業を経験できるスケジュールです。
リーダーは常に作業場内にいるため、「これはどこに置くのでしたか」といった質問もすぐに解決できます。

■ 職場環境
・空調完備：冷暖房が効いた清潔な室内で、夏も冬も快適に作業できます
・休憩室：電子レンジ・冷蔵庫・ポット・自動販売機を完備。お弁当持参でもゆっくり過ごせます
・ロッカー：鍵付きの個人ロッカーがあり、私物を安心して預けられます
・服装：髪色・ネイルは自由。動きやすい服装で通勤し、現場のルールに沿って作業します

■ 埼玉県さいたま市で働く
県内最大の都市で、周辺には物流センターや配送拠点が多く集まっています。
JR各線・東武線・埼玉高速鉄道など路線が多く、県内外どこからでも通いやすい地域です。
さいたま市周辺で「通勤時間を抑えて安定した正社員の仕事に就きたい」という方に、当社の検品・梱包はぴったりの選択肢です。

「難しいことはできないけれど、コツコツ続けることは得意」という方を、当社は大切にしています。まずはお気軽にご応募ください。","【さいたま市で働くならここがポイント】

✅ 覚えることは少なく、教え方は丁寧に
製造現場で人を育ててきた当社では、専任の先輩がマンツーマンで隣につきます。最初はシール貼りやダンボールの組み立てといった簡単な工程から始め、1週間でひと通りの流れを経験できるプログラムを用意しています。

✅ 土日祝休み・年間休日125日
完全週休2日制で、カレンダー通りに休めます。夏季・冬季休暇、GW、年末年始のまとまった休みもあり、予定を立てやすい働き方です。

✅ 自分のペースで黙々と進められる仕事
ノルマに追われることはなく、接客もありません。「一人で集中して作業したい」「人間関係のストレスを減らしたい」という方にこそ向いている環境です。

✅ 休憩室でしっかりリフレッシュ
昼休憩60分に加えて午後に小休憩があり、集中力を保ちやすいリズムで働けます。休憩室にはポットやフリーWi-Fiもあり、お弁当派にも外食派にも便利です。

✅ 製造・物流の現場を支えてきた会社の正社員
当社は全国の製造現場で人材を育ててきた会社です。検品・梱包からスタートし、経験を積めばリーダーや別工程へのステップアップも目指せます。

✅ さいたま市で通いやすい勤務地
JR各線・東武線・埼玉高速鉄道など路線が多く、県内外どこからでも通いやすい地域です。県内最大の都市で、周辺には物流センターや配送拠点が多く集まっています。

「自分にもできそう」と思えたら、それがスタートの合図です。お気軽にご応募ください。","例外事由3号のイにより、長期キャリア形成を図るため、
35歳以下を募集しております。","【勤務時間】
★9:00~18:00
└実働8時間/休憩1時間

定時ダッシュも問題ないです✧
✧ 土日祝休み
✧ 残業月平均:6.5時間以内
✧ 残業代100%支給","✧ 完全週休2日制(土日祝休み)
✧ 年間休日125日
「土日休みはマスト!」ってあなたにも
ぴったりの職場です!

【その他休暇】
✧ 有給休暇
✧ 夏季・冬季休暇
✧ GW休暇
✧ 年末年始休暇",埼玉県 さいたま市,,"月給:25万円~+交通費全額支給

※経験に応じて決定いたします。

# 昇給あり
# 賞与あり
# 残業代100%支給
# 交通費支給","・社会保険完備（雇用・労災・健康・厚生年金）
・残業手当・深夜手当・休日出勤手当（実働時間に応じて支給）
・確定拠出年金制度（企業型）
・定期健康診断・インフルエンザ予防接種費用補助
・特別休暇（慶弔休暇）
・産前産後休暇・育児休業・介護休業
・資格取得支援制度（フォークリフト・自主保全士など）
・家具家電付き社員寮制度（勤務地による・規定あり）
・制服貸与
・社員持株会
・福利厚生サービス（レジャー・飲食の優待割引、保養施設）
・団体長期障害所得補償保険（GLTD）","【最短スケジュールのイメージ】

▶ STEP1 今日：WEBから1分で応募
▶ STEP2 1〜3日後：担当者からご連絡 → カジュアル面談の日程調整
▶ STEP3 面談当日：カジュアル面談（1回のみ）→ 採用のご連絡

面談では、職場の雰囲気・1日の流れ・通勤のことなど、
気になることを何でも聞いてください。

✧ 入社日はご相談いただけます ✧
「すぐ働きたい」「少し先がいい」どちらのご希望にも対応します。",,即日勤務OK、交通費支給、残業なし,2,任意,生年月日、性別、電話番号,ntf-indeedapplicant-aaaatulx77tci2k2pr5yeqapva@shukatsu-labo.slack.com,,,利用しない,,
募集中,日本マニュファクチャリングサービス株式会社,未経験｜検品・梱包｜日本マニュファクチャリングサービス株式会社｜さいたま市北区,倉庫作業スタッフ,20～30代活躍中◎さいたま市北区｜空調完備の倉庫でコツコツ検品・梱包,,埼玉県 さいたま市 北区,,,正社員,はい,月給,250000,,最低額を表示,なし,,,,,,,固定時間制,160,,厚生年金、健康保険、雇用保険、労災保険,,なし,,,,,,,,,,,,,,,,,,"「ものづくりの現場を支える仕事を、正社員として腰を据えて続けたい」という方へ。
さいたま市北区内および周辺の物流センターで、商品の検品と梱包を担当するスタッフを募集します。
空調の効いた清潔な作業場で、座り作業と立ち作業を組み合わせながら無理なく進められる仕事です。

■ 1日の流れ（9:00〜18:00・休憩1時間）
09:00 朝礼。当日の出荷予定と担当エリアを確認し、作業台へ移動します
09:15 午前の検品。入荷した商品を納品書と照らし合わせ、外観と数量をチェック
12:00 昼休憩（60分）。休憩室でゆっくり昼食をとります
13:00 午後の梱包。検品を終えた商品を袋詰めし、サイズに合った箱に納めます
15:00 小休憩（15分）。水分補給と軽いストレッチでリフレッシュ
15:15 ラベル貼りと出荷先ごとの仕分け。台車で所定の場所へ運びます
17:40 作業台の整理整頓と翌日の準備
18:00 退勤。残業は月平均6.5時間以内で、定時に帰れる日がほとんどです

■ 扱う商品と作業の具体例
・衣類・タオルなどの布製品：ほつれや汚れがないか確認し、専用の透明袋に入れます
・コスメ・ガラス製の小物：割れやすいため、緩衝材で包んでから箱に納めます
・文房具・生活雑貨：品番と個数を納品書と照合し、まとめて袋詰めします
・出荷前の箱：伝票シールと「割れ物注意」「水濡れ厳禁」などの注意シールを所定位置に貼ります
いずれも手のひらから両手で持てる大きさの商品で、重量物の持ち上げはありません。

■ 未経験でも安心の1週間プログラム
・1日目：会社説明、安全講習、作業着の受け取り、作業場の見学
・2日目：先輩の隣で検品の実演を見学し、午後から一緒に作業
・3日目：梱包の袋詰め・箱詰めを先輩と一緒に担当
・4日目：シール貼りと仕分けを一人で担当。先輩は同じ作業台で見守ります
・5日目：検品から仕分けまでの流れを通しで経験
覚えることは3ステップの繰り返しなので、専門知識や資格は不要です。製造現場で人を育ててきた当社ならではの丁寧な立ち上がりを用意しています。

■ 働く環境について
作業場は1年を通して空調が効いており、汗だくになったり手がかじかんだりする心配はありません。
休憩室は広く、電子レンジや冷蔵庫、自動販売機が揃っています。昼休憩は各自のペースで過ごしています。
鍵付きロッカーを用意しているので、貴重品の管理も安心です。
服装や髪色は自由で、自分らしいスタイルのまま通勤できます。

■ さいたま市北区の拠点ならではの一言
JR高崎線の宮原駅やニューシャトルの各駅が利用でき、大宮からもすぐの立地です。
大宮の利便性を享受しながら、落ち着いた住宅地が広がるエリアです。
当社は埼玉県内に複数の勤務先を持っているため、ご自宅からの通いやすさも考慮して配属先を相談できます。

製造・物流の現場を支えてきた当社で、あなたのペースで一歩を踏み出してください。ご応募をお待ちしています。","【当社の検品・梱包が選ばれる理由】

✅ 覚えることは少なく、教え方は丁寧に
製造現場で人を育ててきた当社では、専任の先輩がマンツーマンで隣につきます。最初はシール貼りやダンボールの組み立てといった簡単な工程から始め、1週間でひと通りの流れを経験できるプログラムを用意しています。

✅ 平日は定時、週末はしっかり休む
9:00〜18:00の固定時間制で、生活リズムが安定します。土日祝はお休みなので、家族や友人と予定を合わせやすいのも魅力です。

✅ 重い荷物はほとんどありません
扱うのは衣類・コスメ・文房具・小型雑貨など軽い商品が中心です。重量物の持ち上げや力仕事はほぼなく、身体への負担を抑えて長く続けられます。

✅ 休憩室でしっかりリフレッシュ
昼休憩60分に加えて午後に小休憩があり、集中力を保ちやすいリズムで働けます。休憩室にはポットやフリーWi-Fiもあり、お弁当派にも外食派にも便利です。

✅ 相談しやすい体制
配属先にはリーダーが常駐し、定期的な面談で困りごとを聞き取ります。作業のこと、通勤のこと、働き方のこと、何でも相談してください。

✅ 地元さいたま市北区で長く働く
大宮の利便性を享受しながら、落ち着いた住宅地が広がるエリアです。JR高崎線の宮原駅やニューシャトルの各駅が利用でき、大宮からもすぐの立地です。

「自分にもできそう」と思えたら、それがスタートの合図です。お気軽にご応募ください。","例外事由3号のイにより、長期キャリア形成を図るため、
35歳以下を募集しております。","【勤務時間】
★9:00~18:00
└実働8時間/休憩1時間

定時ダッシュも問題ないです✧
✧ 土日祝休み
✧ 残業月平均:6.5時間以内
✧ 残業代100%支給","✧ 完全週休2日制(土日祝休み)
✧ 年間休日125日
「土日休みはマスト!」ってあなたにも
ぴったりの職場です!

【その他休暇】
✧ 有給休暇
✧ 夏季・冬季休暇
✧ GW休暇
✧ 年末年始休暇",埼玉県 さいたま市 北区,,"月給:25万円~+交通費全額支給

※経験に応じて決定いたします。

# 昇給あり
# 賞与あり
# 残業代100%支給
# 交通費支給","・社会保険完備（雇用・労災・健康・厚生年金）
・残業手当・深夜手当・休日出勤手当（実働時間に応じて支給）
・確定拠出年金制度（企業型）
・定期健康診断・インフルエンザ予防接種費用補助
・特別休暇（慶弔休暇）
・産前産後休暇・育児休業・介護休業
・資格取得支援制度（フォークリフト・自主保全士など）
・家具家電付き社員寮制度（勤務地による・規定あり）
・制服貸与
・社員持株会
・福利厚生サービス（レジャー・飲食の優待割引、保養施設）
・団体長期障害所得補償保険（GLTD）","■ 選考について ■
・カジュアル面談：1回のみ（服装自由・履歴書任意）
・応募から面談まで：WEB応募後、1〜3日以内にご連絡
・入社日：ご相談のうえ決定

■ 応募からの流れ ■
▶ STEP1 WEBから1分で応募
▶ STEP2 カジュアル面談（1回のみ）
▶ STEP3 採用

「まずは話だけ聞いてみたい」という方も、そのままご応募ください。
面談で無理に応募を勧めることはありません。",,即日勤務OK、交通費支給、残業なし,2,任意,生年月日、性別、電話番号,ntf-indeedapplicant-aaaatulx77tci2k2pr5yeqapva@shukatsu-labo.slack.com,,,利用しない,,
募集中,日本マニュファクチャリングサービス株式会社,未経験｜検品・梱包｜日本マニュファクチャリングサービス株式会社｜川越市,倉庫作業スタッフ,20～30代活躍中◎川越市｜マンツーマン研修で安心の検品・梱包,,埼玉県 川越市,,,正社員,はい,月給,250000,,最低額を表示,なし,,,,,,,固定時間制,160,,厚生年金、健康保険、雇用保険、労災保険,,なし,,,,,,,,,,,,,,,,,,"埼玉県川越市エリアで、検品・梱包の正社員スタッフを募集します。
勤務先は川越市内および周辺の物流センター。商品にキズや汚れがないかを目で確かめ、数を合わせ、袋や箱に丁寧に納める作業が中心です。
1年を通して快適な温度に保たれた室内作業で、当社の先輩スタッフが隣で手順を教えます。

■ ある1日のスケジュール（日勤・実働8時間）
09:00 出勤・朝礼。リーダーから本日の作業内容と注意点の共有があります
09:10 検品スタート。ハンディ端末でバーコードを読み取り、品番と数量を照合
10:30 小休憩（10分）
12:00 昼休憩（60分）。電子レンジ・冷蔵庫のある休憩室で昼食
13:00 梱包作業。緩衝材で商品を包み、ダンボールを組み立てて詰めていきます
15:00 小休憩（15分）
15:15 出荷準備。伝票シールを貼り、配送業者ごとにコンテナへ仕分け
17:45 清掃・翌日分の資材補充
18:00 退勤。土日祝はお休みで、翌日の予定も立てやすい働き方です

■ 作業の流れ（3ステップ）
1. 検品：商品を手に取り、傷・汚れ・数量を確認します。迷ったら「保留」の箱に入れてリーダーに確認するだけです
2. 梱包：商品に合わせて袋・緩衝材・箱を選び、動かないように納めてテープで封をします
3. 仕分け：伝票シールを貼り、配送地域ごとに分けられたコンテナへ移します
扱う商品は衣類・雑貨・コスメ・文房具などの軽いものが中心で、フォークリフトなどの機械操作はありません。

■ 未経験でも安心の1週間プログラム
・1日目：会社説明、安全講習、作業着の受け取り、作業場の見学
・2日目：先輩の隣で検品の実演を見学し、午後から一緒に作業
・3日目：梱包の袋詰め・箱詰めを先輩と一緒に担当
・4日目：シール貼りと仕分けを一人で担当。先輩は同じ作業台で見守ります
・5日目：検品から仕分けまでの流れを通しで経験
覚えることは3ステップの繰り返しなので、専門知識や資格は不要です。製造現場で人を育ててきた当社ならではの丁寧な立ち上がりを用意しています。

■ 設備・環境のポイント
・冷暖房完備の室内作業で、季節や天候に左右されません
・休憩室には電子レンジ・冷蔵庫・ポットがあり、フリーWi-Fiも使えます
・個人用の鍵付きロッカーを完備
・髪色・ネイル・服装は自由。清潔感があれば普段のスタイルのままで大丈夫です

■ 埼玉県川越市で働く
小江戸の街並みで知られる一方、郊外には物流施設や工場も多く立地しています。
JR川越線・東武東上線・西武新宿線の3路線が使え、都内・県内どちらからも通いやすい街です。
川越市周辺で「通勤時間を抑えて安定した正社員の仕事に就きたい」という方に、当社の検品・梱包はぴったりの選択肢です。

製造・物流の現場を支えてきた当社で、あなたのペースで一歩を踏み出してください。ご応募をお待ちしています。","【川越市で働くならここがポイント】

✅ 先輩スタッフの9割以上が未経験からのスタート
「商品を手に取る」「傷がないか見る」「箱に入れる」の3ステップが仕事の基本です。複雑な機械操作や専門用語はなく、入社初日は安全講習とオリエンテーションから始まるので、初めての正社員でも安心してスタートできます。

✅ 残業は月平均6.5時間以内
出荷量に合わせて人員を配置しているため、定時で帰れる日がほとんどです。仕事の後に予定を入れたり、家でゆっくり過ごしたりする時間をきちんと確保できます。

✅ 重い荷物はほとんどありません
扱うのは衣類・コスメ・文房具・小型雑貨など軽い商品が中心です。重量物の持ち上げや力仕事はほぼなく、身体への負担を抑えて長く続けられます。

✅ 休憩室でしっかりリフレッシュ
昼休憩60分に加えて午後に小休憩があり、集中力を保ちやすいリズムで働けます。休憩室にはポットやフリーWi-Fiもあり、お弁当派にも外食派にも便利です。

✅ 安定した雇用と福利厚生
正社員としての雇用に加え、社会保険完備、定期健康診断、資格取得支援などの制度があります。「腰を据えて働きたい」という希望に応えられる環境です。

✅ 地元川越市で長く働く
小江戸の街並みで知られる一方、郊外には物流施設や工場も多く立地しています。JR川越線・東武東上線・西武新宿線の3路線が使え、都内・県内どちらからも通いやすい街です。

まずはカジュアル面談で、職場の雰囲気や1日の流れをお伝えします。ご応募をお待ちしています。","例外事由3号のイにより、長期キャリア形成を図るため、
35歳以下を募集しております。","【勤務時間】
★9:00~18:00
└実働8時間/休憩1時間

定時ダッシュも問題ないです✧
✧ 土日祝休み
✧ 残業月平均:6.5時間以内
✧ 残業代100%支給","✧ 完全週休2日制(土日祝休み)
✧ 年間休日125日
「土日休みはマスト!」ってあなたにも
ぴったりの職場です!

【その他休暇】
✧ 有給休暇
✧ 夏季・冬季休暇
✧ GW休暇
✧ 年末年始休暇",埼玉県 川越市,,"月給:25万円~+交通費全額支給

※経験に応じて決定いたします。

# 昇給あり
# 賞与あり
# 残業代100%支給
# 交通費支給","・社会保険完備（雇用・労災・健康・厚生年金）
・残業手当・深夜手当・休日出勤手当（実働時間に応じて支給）
・確定拠出年金制度（企業型）
・定期健康診断・インフルエンザ予防接種費用補助
・特別休暇（慶弔休暇）
・産前産後休暇・育児休業・介護休業
・資格取得支援制度（フォークリフト・自主保全士など）
・家具家電付き社員寮制度（勤務地による・規定あり）
・制服貸与
・社員持株会
・福利厚生サービス（レジャー・飲食の優待割引、保養施設）
・団体長期障害所得補償保険（GLTD）","✧ カジュアル面談実施中です ✧

応募に必要なのは人柄だけ。
まずはあなたのご希望を聞かせてください。

■ 応募からの流れ ■
▶ STEP1 WEBから1分で簡単応募
1〜3日以内に担当者からご連絡します。
▶ STEP2 カジュアル面談（1回のみ）
職場の雰囲気や1日の流れをお伝えし、ご希望を伺います。
▶ STEP3 採用

※入社日はご相談いただけます◎
在職中の方も、お気軽にご相談ください。",,即日勤務OK、交通費支給、残業なし,2,任意,生年月日、性別、電話番号,ntf-indeedapplicant-aaaatulx77tci2k2pr5yeqapva@shukatsu-labo.slack.com,,,利用しない,,
募集中,日本マニュファクチャリングサービス株式会社,未経験｜検品・梱包｜日本マニュファクチャリングサービス株式会社｜川口市,倉庫作業スタッフ,20～30代活躍中◎川口市で正社員デビュー｜検品・梱包のシンプル作業,,埼玉県 川口市,,,正社員,はい,月給,250000,,最低額を表示,なし,,,,,,,固定時間制,160,,厚生年金、健康保険、雇用保険、労災保険,,なし,,,,,,,,,,,,,,,,,,"川口市内および周辺の物流センターで、通販商品や生活雑貨の「検品・梱包」を担当する正社員スタッフの募集です。
冷暖房が効いた清潔な作業場で、商品をひとつずつ確認し、丁寧に箱へ納めていく落ち着いた仕事です。
製造・物流の現場を長年支えてきた当社が、未経験の方を一から育てます。

■ 1日の流れ（9:00〜18:00・休憩1時間）
09:00 朝礼。当日の出荷予定と担当エリアを確認し、作業台へ移動します
09:15 午前の検品。入荷した商品を納品書と照らし合わせ、外観と数量をチェック
12:00 昼休憩（60分）。休憩室でゆっくり昼食をとります
13:00 午後の梱包。検品を終えた商品を袋詰めし、サイズに合った箱に納めます
15:00 小休憩（15分）。水分補給と軽いストレッチでリフレッシュ
15:15 ラベル貼りと出荷先ごとの仕分け。台車で所定の場所へ運びます
17:40 作業台の整理整頓と翌日の準備
18:00 退勤。残業は月平均6.5時間以内で、定時に帰れる日がほとんどです

■ 作業の流れ（3ステップ）
1. 検品：商品を手に取り、傷・汚れ・数量を確認します。迷ったら「保留」の箱に入れてリーダーに確認するだけです
2. 梱包：商品に合わせて袋・緩衝材・箱を選び、動かないように納めてテープで封をします
3. 仕分け：伝票シールを貼り、配送地域ごとに分けられたコンテナへ移します
扱う商品は衣類・雑貨・コスメ・文房具などの軽いものが中心で、フォークリフトなどの機械操作はありません。

■ 入社後1週間の流れ
1日目：オリエンテーション。安全ルール、勤怠の付け方、作業場の設備を案内します
2〜3日目：先輩スタッフがマンツーマンで隣につき、検品の見方と梱包の手順を実演しながら教えます
4〜5日目：シール貼りやダンボールの組み立てなど簡単な工程から一人で担当。分からないことはその場で質問できます
1週間後：検品・梱包の一連の流れをひと通り経験し、自分のペースで進められるようになります
当社は製造現場の教育に長年取り組んできた会社です。「早ければ半日、遅くとも2〜3日で一人立ち」が現場の平均的な目安ですが、慣れるまでは焦らず伴走します。

■ 働く環境について
作業場は1年を通して空調が効いており、汗だくになったり手がかじかんだりする心配はありません。
休憩室は広く、電子レンジや冷蔵庫、自動販売機が揃っています。昼休憩は各自のペースで過ごしています。
鍵付きロッカーを用意しているので、貴重品の管理も安心です。
服装や髪色は自由で、自分らしいスタイルのまま通勤できます。

■ 埼玉県川口市で働く
ものづくりの街として発展してきた歴史があり、今も製造・物流の現場が身近な地域です。
JR京浜東北線の川口駅、埼玉高速鉄道の各駅が利用でき、都心まで20分圏内です。
川口市周辺で「通勤時間を抑えて安定した正社員の仕事に就きたい」という方に、当社の検品・梱包はぴったりの選択肢です。

「難しいことはできないけれど、コツコツ続けることは得意」という方を、当社は大切にしています。まずはお気軽にご応募ください。","【当社の検品・梱包が選ばれる理由】

✅ 先輩スタッフの9割以上が未経験からのスタート
「商品を手に取る」「傷がないか見る」「箱に入れる」の3ステップが仕事の基本です。複雑な機械操作や専門用語はなく、入社初日は安全講習とオリエンテーションから始まるので、初めての正社員でも安心してスタートできます。

✅ 土日祝休み・年間休日125日
完全週休2日制で、カレンダー通りに休めます。夏季・冬季休暇、GW、年末年始のまとまった休みもあり、予定を立てやすい働き方です。

✅ 重い荷物はほとんどありません
扱うのは衣類・コスメ・文房具・小型雑貨など軽い商品が中心です。重量物の持ち上げや力仕事はほぼなく、身体への負担を抑えて長く続けられます。

✅ 休憩室でしっかりリフレッシュ
昼休憩60分に加えて午後に小休憩があり、集中力を保ちやすいリズムで働けます。休憩室にはポットやフリーWi-Fiもあり、お弁当派にも外食派にも便利です。

✅ 製造・物流の現場を支えてきた会社の正社員
当社は全国の製造現場で人材を育ててきた会社です。検品・梱包からスタートし、経験を積めばリーダーや別工程へのステップアップも目指せます。

✅ 地元川口市で長く働く
ものづくりの街として発展してきた歴史があり、今も製造・物流の現場が身近な地域です。JR京浜東北線の川口駅、埼玉高速鉄道の各駅が利用でき、都心まで20分圏内です。

「自分にもできそう」と思えたら、それがスタートの合図です。お気軽にご応募ください。","例外事由3号のイにより、長期キャリア形成を図るため、
35歳以下を募集しております。","【勤務時間】
★9:00~18:00
└実働8時間/休憩1時間

定時ダッシュも問題ないです✧
✧ 土日祝休み
✧ 残業月平均:6.5時間以内
✧ 残業代100%支給","✧ 完全週休2日制(土日祝休み)
✧ 年間休日125日
「土日休みはマスト!」ってあなたにも
ぴったりの職場です!

【その他休暇】
✧ 有給休暇
✧ 夏季・冬季休暇
✧ GW休暇
✧ 年末年始休暇",埼玉県 川口市,,"月給:25万円~+交通費全額支給

※経験に応じて決定いたします。

# 昇給あり
# 賞与あり
# 残業代100%支給
# 交通費支給","・社会保険完備（雇用・労災・健康・厚生年金）
・残業手当・深夜手当・休日出勤手当（実働時間に応じて支給）
・確定拠出年金制度（企業型）
・定期健康診断・インフルエンザ予防接種費用補助
・特別休暇（慶弔休暇）
・産前産後休暇・育児休業・介護休業
・資格取得支援制度（フォークリフト・自主保全士など）
・家具家電付き社員寮制度（勤務地による・規定あり）
・制服貸与
・社員持株会
・福利厚生サービス（レジャー・飲食の優待割引、保養施設）
・団体長期障害所得補償保険（GLTD）","【応募前の「気になる」にお答えします】

Q. 面接は堅苦しいですか？
A. いいえ。カジュアル面談を1回行うだけです。服装も自由、履歴書も任意です。

Q. 応募してからどのくらいで決まりますか？
A. 3ステップで進みます。
▶ STEP1 WEBから応募（1分）→ 1〜3日以内にご連絡
▶ STEP2 カジュアル面談（1回のみ）
▶ STEP3 採用

Q. すぐには入社できないのですが…
A. 入社日はご相談いただけます。今のお仕事の引き継ぎ期間なども考慮します。",,即日勤務OK、交通費支給、残業なし,2,任意,生年月日、性別、電話番号,ntf-indeedapplicant-aaaatulx77tci2k2pr5yeqapva@shukatsu-labo.slack.com,,,利用しない,,
募集中,日本マニュファクチャリングサービス株式会社,未経験｜検品・梱包｜日本マニュファクチャリングサービス株式会社｜所沢市,倉庫作業スタッフ,20～30代活躍中◎所沢市｜年間休日125日・完全週休2日の軽作業,,埼玉県 所沢市,,,正社員,はい,月給,250000,,最低額を表示,なし,,,,,,,固定時間制,160,,厚生年金、健康保険、雇用保険、労災保険,,なし,,,,,,,,,,,,,,,,,,"勤務先は所沢市内および周辺の物流センター。扱うのは衣類・コスメ・文房具・小型雑貨など、手のひらサイズの軽い商品が中心です。
担当していただくのは、届いた商品に不備がないかを確かめ、出荷用の箱に整えて詰める「検品・梱包」の作業。
空調完備の室内で、自分のペースを保ちながら黙々と取り組める環境です。

■ ある1日のスケジュール（日勤・実働8時間）
09:00 出勤・朝礼。リーダーから本日の作業内容と注意点の共有があります
09:10 検品スタート。ハンディ端末でバーコードを読み取り、品番と数量を照合
10:30 小休憩（10分）
12:00 昼休憩（60分）。電子レンジ・冷蔵庫のある休憩室で昼食
13:00 梱包作業。緩衝材で商品を包み、ダンボールを組み立てて詰めていきます
15:00 小休憩（15分）
15:15 出荷準備。伝票シールを貼り、配送業者ごとにコンテナへ仕分け
17:45 清掃・翌日分の資材補充
18:00 退勤。土日祝はお休みで、翌日の予定も立てやすい働き方です

■ 具体的にはこんな商品を扱います
通販サイトで販売されるアパレル商品、生活雑貨、コスメ、文房具が中心です。
・シャツやタオルを畳んで透明袋へ入れる
・コスメの容器にひび割れがないかを目視で確認する
・文房具のセット品を指定の個数で袋詰めする
・箱にラベルを貼り、配送業者ごとの台車に載せる
商品は軽く、作業台の高さも調整されているため、身体への負担を抑えて続けられます。

■ 教育・研修体制
入社初日は安全講習とオリエンテーションから始まり、いきなり現場に出ることはありません。
2日目以降は専任の先輩スタッフが隣について、検品・梱包の手順を実際にやって見せながら説明します。
最初の1週間は「見る→一緒にやる→一人でやる」の順で少しずつ担当を広げ、1週間後にはひと通りの作業を経験できるスケジュールです。
リーダーは常に作業場内にいるため、「これはどこに置くのでしたか」といった質問もすぐに解決できます。

■ 設備・環境のポイント
・冷暖房完備の室内作業で、季節や天候に左右されません
・休憩室には電子レンジ・冷蔵庫・ポットがあり、フリーWi-Fiも使えます
・個人用の鍵付きロッカーを完備
・髪色・ネイル・服装は自由。清潔感があれば普段のスタイルのままで大丈夫です

■ 所沢市の拠点ならではの一言
西武池袋線・新宿線が乗り入れる所沢駅が最寄りで、池袋・新宿へ直通です。
住宅地として人気が高く、周辺に物流センターや配送拠点も多いエリアです。
当社は埼玉県内に複数の勤務先を持っているため、ご自宅からの通いやすさも考慮して配属先を相談できます。

製造・物流の現場を支えてきた当社で、あなたのペースで一歩を踏み出してください。ご応募をお待ちしています。","【所沢市で働くならここがポイント】

✅ 資格・経験・学歴は問いません
必要なのは「丁寧に確認する姿勢」だけ。検品の見方、梱包の手順はすべて入社後にお伝えします。フォークリフトなどの資格取得を目指したい方には支援制度もあり、長く働くほど仕事の幅が広がります。

✅ 残業は月平均6.5時間以内
出荷量に合わせて人員を配置しているため、定時で帰れる日がほとんどです。仕事の後に予定を入れたり、家でゆっくり過ごしたりする時間をきちんと確保できます。

✅ 自分のペースで黙々と進められる仕事
ノルマに追われることはなく、接客もありません。「一人で集中して作業したい」「人間関係のストレスを減らしたい」という方にこそ向いている環境です。

✅ 髪色・ネイル・服装は自由
清潔感があれば普段のスタイルのままで大丈夫です。動きやすい服装で通勤し、現場のルールに沿って作業します。

✅ 相談しやすい体制
配属先にはリーダーが常駐し、定期的な面談で困りごとを聞き取ります。作業のこと、通勤のこと、働き方のこと、何でも相談してください。

✅ 所沢市で通いやすい勤務地
西武池袋線・新宿線が乗り入れる所沢駅が最寄りで、池袋・新宿へ直通です。住宅地として人気が高く、周辺に物流センターや配送拠点も多いエリアです。

まずはカジュアル面談で、職場の雰囲気や1日の流れをお伝えします。ご応募をお待ちしています。","例外事由3号のイにより、長期キャリア形成を図るため、
35歳以下を募集しております。","【勤務時間】
★9:00~18:00
└実働8時間/休憩1時間

定時ダッシュも問題ないです✧
✧ 土日祝休み
✧ 残業月平均:6.5時間以内
✧ 残業代100%支給","✧ 完全週休2日制(土日祝休み)
✧ 年間休日125日
「土日休みはマスト!」ってあなたにも
ぴったりの職場です!

【その他休暇】
✧ 有給休暇
✧ 夏季・冬季休暇
✧ GW休暇
✧ 年末年始休暇",埼玉県 所沢市,,"月給:25万円~+交通費全額支給

※経験に応じて決定いたします。

# 昇給あり
# 賞与あり
# 残業代100%支給
# 交通費支給","・社会保険完備（雇用・労災・健康・厚生年金）
・残業手当・深夜手当・休日出勤手当（実働時間に応じて支給）
・確定拠出年金制度（企業型）
・定期健康診断・インフルエンザ予防接種費用補助
・特別休暇（慶弔休暇）
・産前産後休暇・育児休業・介護休業
・資格取得支援制度（フォークリフト・自主保全士など）
・家具家電付き社員寮制度（勤務地による・規定あり）
・制服貸与
・社員持株会
・福利厚生サービス（レジャー・飲食の優待割引、保養施設）
・団体長期障害所得補償保険（GLTD）","まずは「話を聞いてみる」だけで大丈夫です。

当社ではカジュアル面談を実施しています。
志望動機や自己PRの準備は不要。
「どんな職場？」「本当に未経験でもできる？」といった疑問に、担当者が率直にお答えします。

■ 応募から入社までの3STEP ■
▶ STEP1 WEB応募（1分）
▶ STEP2 カジュアル面談（1回のみ・1〜3日以内にご連絡）
▶ STEP3 採用・入社日のご相談

入社日は柔軟に調整できます。
「来月から」「今の仕事を辞めてから」など、ご都合をお聞かせください。",,即日勤務OK、交通費支給、残業なし,2,任意,生年月日、性別、電話番号,ntf-indeedapplicant-aaaatulx77tci2k2pr5yeqapva@shukatsu-labo.slack.com,,,利用しない,,
募集中,日本マニュファクチャリングサービス株式会社,未経験｜検品・梱包｜日本マニュファクチャリングサービス株式会社｜飯能市,倉庫作業スタッフ,20～30代活躍中◎安定の正社員｜飯能市で検品・梱包を一から,,埼玉県 飯能市,,,正社員,はい,月給,250000,,最低額を表示,なし,,,,,,,固定時間制,160,,厚生年金、健康保険、雇用保険、労災保険,,なし,,,,,,,,,,,,,,,,,,"「ものづくりの現場を支える仕事を、正社員として腰を据えて続けたい」という方へ。
飯能市内および周辺の物流センターで、商品の検品と梱包を担当するスタッフを募集します。
空調の効いた清潔な作業場で、座り作業と立ち作業を組み合わせながら無理なく進められる仕事です。

■ 入社後の1日はこんなイメージです
09:00 朝礼。体調確認と当日の出荷量の共有からスタート
09:15 午前は検品を中心に担当。商品の外観を目視で確認し、傷や汚れがあれば別置きにします
12:00 昼休憩（60分）。お弁当持参の方も、近くで買ってくる方もいます
13:00 午後は梱包を担当。袋詰め、箱詰め、テープ留めの3工程を繰り返します
15:00 小休憩（15分）。自動販売機で飲み物を買って一息
15:15 出荷分の最終チェックと仕分け。全員で協力して当日分を仕上げます
17:45 作業スペースの清掃と日報記入
18:00 定時退勤。残業は月平均6.5時間以内に収まっています

■ 主な作業内容
・検品：入荷した商品の外観チェック（傷・汚れ・パッケージのへこみ）と数量・品番の照合
・スキャン：バーコードリーダーで商品を読み取り、データと突き合わせます
・梱包：袋詰め、緩衝材包装、ダンボールの組み立てと箱詰め、テープ留め
・仕上げ：ラベル貼りと配送地域別の仕分け
扱うのはアパレル商品、コスメ、文房具、小型雑貨など。どれも軽く、繰り返しの中で自然と手順が身につく作業です。

■ 未経験でも安心の1週間プログラム
・1日目：会社説明、安全講習、作業着の受け取り、作業場の見学
・2日目：先輩の隣で検品の実演を見学し、午後から一緒に作業
・3日目：梱包の袋詰め・箱詰めを先輩と一緒に担当
・4日目：シール貼りと仕分けを一人で担当。先輩は同じ作業台で見守ります
・5日目：検品から仕分けまでの流れを通しで経験
覚えることは3ステップの繰り返しなので、専門知識や資格は不要です。製造現場で人を育ててきた当社ならではの丁寧な立ち上がりを用意しています。

■ 職場環境
・空調完備：冷暖房が効いた清潔な室内で、夏も冬も快適に作業できます
・休憩室：電子レンジ・冷蔵庫・ポット・自動販売機を完備。お弁当持参でもゆっくり過ごせます
・ロッカー：鍵付きの個人ロッカーがあり、私物を安心して預けられます
・服装：髪色・ネイルは自由。動きやすい服装で通勤し、現場のルールに沿って作業します

■ 飯能市の拠点ならではの一言
西武池袋線・JR八高線の飯能駅が最寄りで、圏央道の狭山日高ICも利用しやすい立地です。
奥武蔵の自然が身近な街で、休日はハイキングなどを楽しむ方も多い地域です。
当社は埼玉県内に複数の勤務先を持っているため、ご自宅からの通いやすさも考慮して配属先を相談できます。

「難しいことはできないけれど、コツコツ続けることは得意」という方を、当社は大切にしています。まずはお気軽にご応募ください。","【当社の検品・梱包が選ばれる理由】

✅ 資格・経験・学歴は問いません
必要なのは「丁寧に確認する姿勢」だけ。検品の見方、梱包の手順はすべて入社後にお伝えします。フォークリフトなどの資格取得を目指したい方には支援制度もあり、長く働くほど仕事の幅が広がります。

✅ 土日祝休み・年間休日125日
完全週休2日制で、カレンダー通りに休めます。夏季・冬季休暇、GW、年末年始のまとまった休みもあり、予定を立てやすい働き方です。

✅ 自分のペースで黙々と進められる仕事
ノルマに追われることはなく、接客もありません。「一人で集中して作業したい」「人間関係のストレスを減らしたい」という方にこそ向いている環境です。

✅ 髪色・ネイル・服装は自由
清潔感があれば普段のスタイルのままで大丈夫です。動きやすい服装で通勤し、現場のルールに沿って作業します。

✅ 安定した雇用と福利厚生
正社員としての雇用に加え、社会保険完備、定期健康診断、資格取得支援などの制度があります。「腰を据えて働きたい」という希望に応えられる環境です。

✅ 飯能市で通いやすい勤務地
西武池袋線・JR八高線の飯能駅が最寄りで、圏央道の狭山日高ICも利用しやすい立地です。奥武蔵の自然が身近な街で、休日はハイキングなどを楽しむ方も多い地域です。

「自分にもできそう」と思えたら、それがスタートの合図です。お気軽にご応募ください。","例外事由3号のイにより、長期キャリア形成を図るため、
35歳以下を募集しております。","【勤務時間】
★9:00~18:00
└実働8時間/休憩1時間

定時ダッシュも問題ないです✧
✧ 土日祝休み
✧ 残業月平均:6.5時間以内
✧ 残業代100%支給","✧ 完全週休2日制(土日祝休み)
✧ 年間休日125日
「土日休みはマスト!」ってあなたにも
ぴったりの職場です!

【その他休暇】
✧ 有給休暇
✧ 夏季・冬季休暇
✧ GW休暇
✧ 年末年始休暇",埼玉県 飯能市,,"月給:25万円~+交通費全額支給

※経験に応じて決定いたします。

# 昇給あり
# 賞与あり
# 残業代100%支給
# 交通費支給","・社会保険完備（雇用・労災・健康・厚生年金）
・残業手当・深夜手当・休日出勤手当（実働時間に応じて支給）
・確定拠出年金制度（企業型）
・定期健康診断・インフルエンザ予防接種費用補助
・特別休暇（慶弔休暇）
・産前産後休暇・育児休業・介護休業
・資格取得支援制度（フォークリフト・自主保全士など）
・家具家電付き社員寮制度（勤務地による・規定あり）
・制服貸与
・社員持株会
・福利厚生サービス（レジャー・飲食の優待割引、保養施設）
・団体長期障害所得補償保険（GLTD）","【最短スケジュールのイメージ】

▶ STEP1 今日：WEBから1分で応募
▶ STEP2 1〜3日後：担当者からご連絡 → カジュアル面談の日程調整
▶ STEP3 面談当日：カジュアル面談（1回のみ）→ 採用のご連絡

面談では、職場の雰囲気・1日の流れ・通勤のことなど、
気になることを何でも聞いてください。

✧ 入社日はご相談いただけます ✧
「すぐ働きたい」「少し先がいい」どちらのご希望にも対応します。",,即日勤務OK、交通費支給、残業なし,2,任意,生年月日、性別、電話番号,ntf-indeedapplicant-aaaatulx77tci2k2pr5yeqapva@shukatsu-labo.slack.com,,,利用しない,,
募集中,日本マニュファクチャリングサービス株式会社,未経験｜検品・梱包｜日本マニュファクチャリングサービス株式会社｜加須市,倉庫作業スタッフ,20～30代活躍中◎残業ほぼなし｜加須市で腰を据えて働く検品・梱包,,埼玉県 加須市,,,正社員,はい,月給,250000,,最低額を表示,なし,,,,,,,固定時間制,160,,厚生年金、健康保険、雇用保険、労災保険,,なし,,,,,,,,,,,,,,,,,,"埼玉県加須市エリアで、検品・梱包の正社員スタッフを募集します。
勤務先は加須市内および周辺の物流センター。商品にキズや汚れがないかを目で確かめ、数を合わせ、袋や箱に丁寧に納める作業が中心です。
1年を通して快適な温度に保たれた室内作業で、当社の先輩スタッフが隣で手順を教えます。

■ 1日の流れ（9:00〜18:00・休憩1時間）
09:00 朝礼。当日の出荷予定と担当エリアを確認し、作業台へ移動します
09:15 午前の検品。入荷した商品を納品書と照らし合わせ、外観と数量をチェック
12:00 昼休憩（60分）。休憩室でゆっくり昼食をとります
13:00 午後の梱包。検品を終えた商品を袋詰めし、サイズに合った箱に納めます
15:00 小休憩（15分）。水分補給と軽いストレッチでリフレッシュ
15:15 ラベル貼りと出荷先ごとの仕分け。台車で所定の場所へ運びます
17:40 作業台の整理整頓と翌日の準備
18:00 退勤。残業は月平均6.5時間以内で、定時に帰れる日がほとんどです

■ 主な作業内容
・検品：入荷した商品の外観チェック（傷・汚れ・パッケージのへこみ）と数量・品番の照合
・スキャン：バーコードリーダーで商品を読み取り、データと突き合わせます
・梱包：袋詰め、緩衝材包装、ダンボールの組み立てと箱詰め、テープ留め
・仕上げ：ラベル貼りと配送地域別の仕分け
扱うのはアパレル商品、コスメ、文房具、小型雑貨など。どれも軽く、繰り返しの中で自然と手順が身につく作業です。

■ 入社後1週間の流れ
1日目：オリエンテーション。安全ルール、勤怠の付け方、作業場の設備を案内します
2〜3日目：先輩スタッフがマンツーマンで隣につき、検品の見方と梱包の手順を実演しながら教えます
4〜5日目：シール貼りやダンボールの組み立てなど簡単な工程から一人で担当。分からないことはその場で質問できます
1週間後：検品・梱包の一連の流れをひと通り経験し、自分のペースで進められるようになります
当社は製造現場の教育に長年取り組んできた会社です。「早ければ半日、遅くとも2〜3日で一人立ち」が現場の平均的な目安ですが、慣れるまでは焦らず伴走します。

■ 設備・環境のポイント
・冷暖房完備の室内作業で、季節や天候に左右されません
・休憩室には電子レンジ・冷蔵庫・ポットがあり、フリーWi-Fiも使えます
・個人用の鍵付きロッカーを完備
・髪色・ネイル・服装は自由。清潔感があれば普段のスタイルのままで大丈夫です

■ 埼玉県加須市で働く
東北道の加須ICに近く、周辺に大型の物流拠点が集まるエリアです。
東武伊勢崎線の加須駅が最寄りで、東北道の加須ICも近く車通勤にも向いています。
加須市周辺で「通勤時間を抑えて安定した正社員の仕事に就きたい」という方に、当社の検品・梱包はぴったりの選択肢です。

「難しいことはできないけれど、コツコツ続けることは得意」という方を、当社は大切にしています。まずはお気軽にご応募ください。","【加須市で働くならここがポイント】

✅ 覚えることは少なく、教え方は丁寧に
製造現場で人を育ててきた当社では、専任の先輩がマンツーマンで隣につきます。最初はシール貼りやダンボールの組み立てといった簡単な工程から始め、1週間でひと通りの流れを経験できるプログラムを用意しています。

✅ 平日は定時、週末はしっかり休む
9:00〜18:00の固定時間制で、生活リズムが安定します。土日祝はお休みなので、家族や友人と予定を合わせやすいのも魅力です。

✅ 重い荷物はほとんどありません
扱うのは衣類・コスメ・文房具・小型雑貨など軽い商品が中心です。重量物の持ち上げや力仕事はほぼなく、身体への負担を抑えて長く続けられます。

✅ 髪色・ネイル・服装は自由
清潔感があれば普段のスタイルのままで大丈夫です。動きやすい服装で通勤し、現場のルールに沿って作業します。

✅ 製造・物流の現場を支えてきた会社の正社員
当社は全国の製造現場で人材を育ててきた会社です。検品・梱包からスタートし、経験を積めばリーダーや別工程へのステップアップも目指せます。

✅ 加須市で通いやすい勤務地
東武伊勢崎線の加須駅が最寄りで、東北道の加須ICも近く車通勤にも向いています。東北道の加須ICに近く、周辺に大型の物流拠点が集まるエリアです。

まずはカジュアル面談で、職場の雰囲気や1日の流れをお伝えします。ご応募をお待ちしています。","例外事由3号のイにより、長期キャリア形成を図るため、
35歳以下を募集しております。","【勤務時間】
★9:00~18:00
└実働8時間/休憩1時間

定時ダッシュも問題ないです✧
✧ 土日祝休み
✧ 残業月平均:6.5時間以内
✧ 残業代100%支給","✧ 完全週休2日制(土日祝休み)
✧ 年間休日125日
「土日休みはマスト!」ってあなたにも
ぴったりの職場です!

【その他休暇】
✧ 有給休暇
✧ 夏季・冬季休暇
✧ GW休暇
✧ 年末年始休暇",埼玉県 加須市,,"月給:25万円~+交通費全額支給

※経験に応じて決定いたします。

# 昇給あり
# 賞与あり
# 残業代100%支給
# 交通費支給","・社会保険完備（雇用・労災・健康・厚生年金）
・残業手当・深夜手当・休日出勤手当（実働時間に応じて支給）
・確定拠出年金制度（企業型）
・定期健康診断・インフルエンザ予防接種費用補助
・特別休暇（慶弔休暇）
・産前産後休暇・育児休業・介護休業
・資格取得支援制度（フォークリフト・自主保全士など）
・家具家電付き社員寮制度（勤務地による・規定あり）
・制服貸与
・社員持株会
・福利厚生サービス（レジャー・飲食の優待割引、保養施設）
・団体長期障害所得補償保険（GLTD）","■ 選考について ■
・カジュアル面談：1回のみ（服装自由・履歴書任意）
・応募から面談まで：WEB応募後、1〜3日以内にご連絡
・入社日：ご相談のうえ決定

■ 応募からの流れ ■
▶ STEP1 WEBから1分で応募
▶ STEP2 カジュアル面談（1回のみ）
▶ STEP3 採用

「まずは話だけ聞いてみたい」という方も、そのままご応募ください。
面談で無理に応募を勧めることはありません。",,即日勤務OK、交通費支給、残業なし,2,任意,生年月日、性別、電話番号,ntf-indeedapplicant-aaaatulx77tci2k2pr5yeqapva@shukatsu-labo.slack.com,,,利用しない,,
募集中,日本マニュファクチャリングサービス株式会社,未経験｜検品・梱包｜日本マニュファクチャリングサービス株式会社｜行田市,倉庫作業スタッフ,20～30代活躍中◎定時で帰れる｜行田市の物流センターで検品・梱包,,埼玉県 行田市,,,正社員,はい,月給,250000,,最低額を表示,なし,,,,,,,固定時間制,160,,厚生年金、健康保険、雇用保険、労災保険,,なし,,,,,,,,,,,,,,,,,,"行田市内および周辺の物流センターで、通販商品や生活雑貨の「検品・梱包」を担当する正社員スタッフの募集です。
冷暖房が効いた清潔な作業場で、商品をひとつずつ確認し、丁寧に箱へ納めていく落ち着いた仕事です。
製造・物流の現場を長年支えてきた当社が、未経験の方を一から育てます。

■ 入社後の1日はこんなイメージです
09:00 朝礼。体調確認と当日の出荷量の共有からスタート
09:15 午前は検品を中心に担当。商品の外観を目視で確認し、傷や汚れがあれば別置きにします
12:00 昼休憩（60分）。お弁当持参の方も、近くで買ってくる方もいます
13:00 午後は梱包を担当。袋詰め、箱詰め、テープ留めの3工程を繰り返します
15:00 小休憩（15分）。自動販売機で飲み物を買って一息
15:15 出荷分の最終チェックと仕分け。全員で協力して当日分を仕上げます
17:45 作業スペースの清掃と日報記入
18:00 定時退勤。残業は月平均6.5時間以内に収まっています

■ 扱う商品と作業の具体例
・衣類・タオルなどの布製品：ほつれや汚れがないか確認し、専用の透明袋に入れます
・コスメ・ガラス製の小物：割れやすいため、緩衝材で包んでから箱に納めます
・文房具・生活雑貨：品番と個数を納品書と照合し、まとめて袋詰めします
・出荷前の箱：伝票シールと「割れ物注意」「水濡れ厳禁」などの注意シールを所定位置に貼ります
いずれも手のひらから両手で持てる大きさの商品で、重量物の持ち上げはありません。

■ 教育・研修体制
入社初日は安全講習とオリエンテーションから始まり、いきなり現場に出ることはありません。
2日目以降は専任の先輩スタッフが隣について、検品・梱包の手順を実際にやって見せながら説明します。
最初の1週間は「見る→一緒にやる→一人でやる」の順で少しずつ担当を広げ、1週間後にはひと通りの作業を経験できるスケジュールです。
リーダーは常に作業場内にいるため、「これはどこに置くのでしたか」といった質問もすぐに解決できます。

■ 職場環境
・空調完備：冷暖房が効いた清潔な室内で、夏も冬も快適に作業できます
・休憩室：電子レンジ・冷蔵庫・ポット・自動販売機を完備。お弁当持参でもゆっくり過ごせます
・ロッカー：鍵付きの個人ロッカーがあり、私物を安心して預けられます
・服装：髪色・ネイルは自由。動きやすい服装で通勤し、現場のルールに沿って作業します

■ 埼玉県行田市で働く
田園風景が広がる落ち着いた街で、製造業の工場や物流施設が点在しています。
JR高崎線の行田駅と秩父鉄道の行田市駅が利用できます。
行田市周辺で「通勤時間を抑えて安定した正社員の仕事に就きたい」という方に、当社の検品・梱包はぴったりの選択肢です。

製造・物流の現場を支えてきた当社で、あなたのペースで一歩を踏み出してください。ご応募をお待ちしています。","【当社の検品・梱包が選ばれる理由】

✅ 覚えることは少なく、教え方は丁寧に
製造現場で人を育ててきた当社では、専任の先輩がマンツーマンで隣につきます。最初はシール貼りやダンボールの組み立てといった簡単な工程から始め、1週間でひと通りの流れを経験できるプログラムを用意しています。

✅ 残業は月平均6.5時間以内
出荷量に合わせて人員を配置しているため、定時で帰れる日がほとんどです。仕事の後に予定を入れたり、家でゆっくり過ごしたりする時間をきちんと確保できます。

✅ 重い荷物はほとんどありません
扱うのは衣類・コスメ・文房具・小型雑貨など軽い商品が中心です。重量物の持ち上げや力仕事はほぼなく、身体への負担を抑えて長く続けられます。

✅ 髪色・ネイル・服装は自由
清潔感があれば普段のスタイルのままで大丈夫です。動きやすい服装で通勤し、現場のルールに沿って作業します。

✅ 相談しやすい体制
配属先にはリーダーが常駐し、定期的な面談で困りごとを聞き取ります。作業のこと、通勤のこと、働き方のこと、何でも相談してください。

✅ 地元行田市で長く働く
田園風景が広がる落ち着いた街で、製造業の工場や物流施設が点在しています。JR高崎線の行田駅と秩父鉄道の行田市駅が利用できます。

まずはカジュアル面談で、職場の雰囲気や1日の流れをお伝えします。ご応募をお待ちしています。","例外事由3号のイにより、長期キャリア形成を図るため、
35歳以下を募集しております。","【勤務時間】
★9:00~18:00
└実働8時間/休憩1時間

定時ダッシュも問題ないです✧
✧ 土日祝休み
✧ 残業月平均:6.5時間以内
✧ 残業代100%支給","✧ 完全週休2日制(土日祝休み)
✧ 年間休日125日
「土日休みはマスト!」ってあなたにも
ぴったりの職場です!

【その他休暇】
✧ 有給休暇
✧ 夏季・冬季休暇
✧ GW休暇
✧ 年末年始休暇",埼玉県 行田市,,"月給:25万円~+交通費全額支給

※経験に応じて決定いたします。

# 昇給あり
# 賞与あり
# 残業代100%支給
# 交通費支給","・社会保険完備（雇用・労災・健康・厚生年金）
・残業手当・深夜手当・休日出勤手当（実働時間に応じて支給）
・確定拠出年金制度（企業型）
・定期健康診断・インフルエンザ予防接種費用補助
・特別休暇（慶弔休暇）
・産前産後休暇・育児休業・介護休業
・資格取得支援制度（フォークリフト・自主保全士など）
・家具家電付き社員寮制度（勤務地による・規定あり）
・制服貸与
・社員持株会
・福利厚生サービス（レジャー・飲食の優待割引、保養施設）
・団体長期障害所得補償保険（GLTD）","✧ カジュアル面談実施中です ✧

応募に必要なのは人柄だけ。
まずはあなたのご希望を聞かせてください。

■ 応募からの流れ ■
▶ STEP1 WEBから1分で簡単応募
1〜3日以内に担当者からご連絡します。
▶ STEP2 カジュアル面談（1回のみ）
職場の雰囲気や1日の流れをお伝えし、ご希望を伺います。
▶ STEP3 採用

※入社日はご相談いただけます◎
在職中の方も、お気軽にご相談ください。",,即日勤務OK、交通費支給、残業なし,2,任意,生年月日、性別、電話番号,ntf-indeedapplicant-aaaatulx77tci2k2pr5yeqapva@shukatsu-labo.slack.com,,,利用しない,,
募集中,日本マニュファクチャリングサービス株式会社,未経験｜検品・梱包｜日本マニュファクチャリングサービス株式会社｜羽生市,倉庫作業スタッフ,20～30代活躍中◎土日祝休み・羽生市勤務｜ものづくり企業の軽作業,,埼玉県 羽生市,,,正社員,はい,月給,250000,,最低額を表示,なし,,,,,,,固定時間制,160,,厚生年金、健康保険、雇用保険、労災保険,,なし,,,,,,,,,,,,,,,,,,"勤務先は羽生市内および周辺の物流センター。扱うのは衣類・コスメ・文房具・小型雑貨など、手のひらサイズの軽い商品が中心です。
担当していただくのは、届いた商品に不備がないかを確かめ、出荷用の箱に整えて詰める「検品・梱包」の作業。
空調完備の室内で、自分のペースを保ちながら黙々と取り組める環境です。

■ 1日の流れ（9:00〜18:00・休憩1時間）
09:00 朝礼。当日の出荷予定と担当エリアを確認し、作業台へ移動します
09:15 午前の検品。入荷した商品を納品書と照らし合わせ、外観と数量をチェック
12:00 昼休憩（60分）。休憩室でゆっくり昼食をとります
13:00 午後の梱包。検品を終えた商品を袋詰めし、サイズに合った箱に納めます
15:00 小休憩（15分）。水分補給と軽いストレッチでリフレッシュ
15:15 ラベル貼りと出荷先ごとの仕分け。台車で所定の場所へ運びます
17:40 作業台の整理整頓と翌日の準備
18:00 退勤。残業は月平均6.5時間以内で、定時に帰れる日がほとんどです

■ 扱う商品と作業の具体例
・衣類・タオルなどの布製品：ほつれや汚れがないか確認し、専用の透明袋に入れます
・コスメ・ガラス製の小物：割れやすいため、緩衝材で包んでから箱に納めます
・文房具・生活雑貨：品番と個数を納品書と照合し、まとめて袋詰めします
・出荷前の箱：伝票シールと「割れ物注意」「水濡れ厳禁」などの注意シールを所定位置に貼ります
いずれも手のひらから両手で持てる大きさの商品で、重量物の持ち上げはありません。

■ 未経験でも安心の1週間プログラム
・1日目：会社説明、安全講習、作業着の受け取り、作業場の見学
・2日目：先輩の隣で検品の実演を見学し、午後から一緒に作業
・3日目：梱包の袋詰め・箱詰めを先輩と一緒に担当
・4日目：シール貼りと仕分けを一人で担当。先輩は同じ作業台で見守ります
・5日目：検品から仕分けまでの流れを通しで経験
覚えることは3ステップの繰り返しなので、専門知識や資格は不要です。製造現場で人を育ててきた当社ならではの丁寧な立ち上がりを用意しています。

■ 働く環境について
作業場は1年を通して空調が効いており、汗だくになったり手がかじかんだりする心配はありません。
休憩室は広く、電子レンジや冷蔵庫、自動販売機が揃っています。昼休憩は各自のペースで過ごしています。
鍵付きロッカーを用意しているので、貴重品の管理も安心です。
服装や髪色は自由で、自分らしいスタイルのまま通勤できます。

■ 羽生市の拠点ならではの一言
東武伊勢崎線・秩父鉄道の羽生駅が最寄りで、東北道の羽生ICからも近い立地です。
県北東部の交通の要所で、インター周辺に配送センターが集まるエリアです。
当社は埼玉県内に複数の勤務先を持っているため、ご自宅からの通いやすさも考慮して配属先を相談できます。

「難しいことはできないけれど、コツコツ続けることは得意」という方を、当社は大切にしています。まずはお気軽にご応募ください。","【羽生市で働くならここがポイント】

✅ 先輩スタッフの9割以上が未経験からのスタート
「商品を手に取る」「傷がないか見る」「箱に入れる」の3ステップが仕事の基本です。複雑な機械操作や専門用語はなく、入社初日は安全講習とオリエンテーションから始まるので、初めての正社員でも安心してスタートできます。

✅ 土日祝休み・年間休日125日
完全週休2日制で、カレンダー通りに休めます。夏季・冬季休暇、GW、年末年始のまとまった休みもあり、予定を立てやすい働き方です。

✅ 重い荷物はほとんどありません
扱うのは衣類・コスメ・文房具・小型雑貨など軽い商品が中心です。重量物の持ち上げや力仕事はほぼなく、身体への負担を抑えて長く続けられます。

✅ 髪色・ネイル・服装は自由
清潔感があれば普段のスタイルのままで大丈夫です。動きやすい服装で通勤し、現場のルールに沿って作業します。

✅ 安定した雇用と福利厚生
正社員としての雇用に加え、社会保険完備、定期健康診断、資格取得支援などの制度があります。「腰を据えて働きたい」という希望に応えられる環境です。

✅ 地元羽生市で長く働く
県北東部の交通の要所で、インター周辺に配送センターが集まるエリアです。東武伊勢崎線・秩父鉄道の羽生駅が最寄りで、東北道の羽生ICからも近い立地です。

「自分にもできそう」と思えたら、それがスタートの合図です。お気軽にご応募ください。","例外事由3号のイにより、長期キャリア形成を図るため、
35歳以下を募集しております。","【勤務時間】
★9:00~18:00
└実働8時間/休憩1時間

定時ダッシュも問題ないです✧
✧ 土日祝休み
✧ 残業月平均:6.5時間以内
✧ 残業代100%支給","✧ 完全週休2日制(土日祝休み)
✧ 年間休日125日
「土日休みはマスト!」ってあなたにも
ぴったりの職場です!

【その他休暇】
✧ 有給休暇
✧ 夏季・冬季休暇
✧ GW休暇
✧ 年末年始休暇",埼玉県 羽生市,,"月給:25万円~+交通費全額支給

※経験に応じて決定いたします。

# 昇給あり
# 賞与あり
# 残業代100%支給
# 交通費支給","・社会保険完備（雇用・労災・健康・厚生年金）
・残業手当・深夜手当・休日出勤手当（実働時間に応じて支給）
・確定拠出年金制度（企業型）
・定期健康診断・インフルエンザ予防接種費用補助
・特別休暇（慶弔休暇）
・産前産後休暇・育児休業・介護休業
・資格取得支援制度（フォークリフト・自主保全士など）
・家具家電付き社員寮制度（勤務地による・規定あり）
・制服貸与
・社員持株会
・福利厚生サービス（レジャー・飲食の優待割引、保養施設）
・団体長期障害所得補償保険（GLTD）","【応募前の「気になる」にお答えします】

Q. 面接は堅苦しいですか？
A. いいえ。カジュアル面談を1回行うだけです。服装も自由、履歴書も任意です。

Q. 応募してからどのくらいで決まりますか？
A. 3ステップで進みます。
▶ STEP1 WEBから応募（1分）→ 1〜3日以内にご連絡
▶ STEP2 カジュアル面談（1回のみ）
▶ STEP3 採用

Q. すぐには入社できないのですが…
A. 入社日はご相談いただけます。今のお仕事の引き継ぎ期間なども考慮します。",,即日勤務OK、交通費支給、残業なし,2,任意,生年月日、性別、電話番号,ntf-indeedapplicant-aaaatulx77tci2k2pr5yeqapva@shukatsu-labo.slack.com,,,利用しない,,
募集中,日本マニュファクチャリングサービス株式会社,未経験｜検品・梱包｜日本マニュファクチャリングサービス株式会社｜鴻巣市,倉庫作業スタッフ,20～30代活躍中◎重い荷物なし｜鴻巣市で始める検品・梱包の正社員,,埼玉県 鴻巣市,,,正社員,はい,月給,250000,,最低額を表示,なし,,,,,,,固定時間制,160,,厚生年金、健康保険、雇用保険、労災保険,,なし,,,,,,,,,,,,,,,,,,"「ものづくりの現場を支える仕事を、正社員として腰を据えて続けたい」という方へ。
鴻巣市内および周辺の物流センターで、商品の検品と梱包を担当するスタッフを募集します。
空調の効いた清潔な作業場で、座り作業と立ち作業を組み合わせながら無理なく進められる仕事です。

■ ある1日のスケジュール（日勤・実働8時間）
09:00 出勤・朝礼。リーダーから本日の作業内容と注意点の共有があります
09:10 検品スタート。ハンディ端末でバーコードを読み取り、品番と数量を照合
10:30 小休憩（10分）
12:00 昼休憩（60分）。電子レンジ・冷蔵庫のある休憩室で昼食
13:00 梱包作業。緩衝材で商品を包み、ダンボールを組み立てて詰めていきます
15:00 小休憩（15分）
15:15 出荷準備。伝票シールを貼り、配送業者ごとにコンテナへ仕分け
17:45 清掃・翌日分の資材補充
18:00 退勤。土日祝はお休みで、翌日の予定も立てやすい働き方です

■ 作業の流れ（3ステップ）
1. 検品：商品を手に取り、傷・汚れ・数量を確認します。迷ったら「保留」の箱に入れてリーダーに確認するだけです
2. 梱包：商品に合わせて袋・緩衝材・箱を選び、動かないように納めてテープで封をします
3. 仕分け：伝票シールを貼り、配送地域ごとに分けられたコンテナへ移します
扱う商品は衣類・雑貨・コスメ・文房具などの軽いものが中心で、フォークリフトなどの機械操作はありません。

■ 未経験でも安心の1週間プログラム
・1日目：会社説明、安全講習、作業着の受け取り、作業場の見学
・2日目：先輩の隣で検品の実演を見学し、午後から一緒に作業
・3日目：梱包の袋詰め・箱詰めを先輩と一緒に担当
・4日目：シール貼りと仕分けを一人で担当。先輩は同じ作業台で見守ります
・5日目：検品から仕分けまでの流れを通しで経験
覚えることは3ステップの繰り返しなので、専門知識や資格は不要です。製造現場で人を育ててきた当社ならではの丁寧な立ち上がりを用意しています。

■ 設備・環境のポイント
・冷暖房完備の室内作業で、季節や天候に左右されません
・休憩室には電子レンジ・冷蔵庫・ポットがあり、フリーWi-Fiも使えます
・個人用の鍵付きロッカーを完備
・髪色・ネイル・服装は自由。清潔感があれば普段のスタイルのままで大丈夫です

■ 埼玉県鴻巣市で働く
花のまちとして知られる落ち着いた街で、周辺に製造・物流の拠点も点在します。
JR高崎線の鴻巣駅・北鴻巣駅が利用でき、大宮方面から約20分です。
鴻巣市周辺で「通勤時間を抑えて安定した正社員の仕事に就きたい」という方に、当社の検品・梱包はぴったりの選択肢です。

「難しいことはできないけれど、コツコツ続けることは得意」という方を、当社は大切にしています。まずはお気軽にご応募ください。","【当社の検品・梱包が選ばれる理由】

✅ 先輩スタッフの9割以上が未経験からのスタート
「商品を手に取る」「傷がないか見る」「箱に入れる」の3ステップが仕事の基本です。複雑な機械操作や専門用語はなく、入社初日は安全講習とオリエンテーションから始まるので、初めての正社員でも安心してスタートできます。

✅ 平日は定時、週末はしっかり休む
9:00〜18:00の固定時間制で、生活リズムが安定します。土日祝はお休みなので、家族や友人と予定を合わせやすいのも魅力です。

✅ 自分のペースで黙々と進められる仕事
ノルマに追われることはなく、接客もありません。「一人で集中して作業したい」「人間関係のストレスを減らしたい」という方にこそ向いている環境です。

✅ 空調完備・清潔な作業場
冷暖房がしっかり効いた室内で、季節を問わず快適に働けます。休憩室には電子レンジ・冷蔵庫・自動販売機があり、鍵付きロッカーも完備しています。

✅ 製造・物流の現場を支えてきた会社の正社員
当社は全国の製造現場で人材を育ててきた会社です。検品・梱包からスタートし、経験を積めばリーダーや別工程へのステップアップも目指せます。

✅ 地元鴻巣市で長く働く
花のまちとして知られる落ち着いた街で、周辺に製造・物流の拠点も点在します。JR高崎線の鴻巣駅・北鴻巣駅が利用でき、大宮方面から約20分です。

まずはカジュアル面談で、職場の雰囲気や1日の流れをお伝えします。ご応募をお待ちしています。","例外事由3号のイにより、長期キャリア形成を図るため、
35歳以下を募集しております。","【勤務時間】
★9:00~18:00
└実働8時間/休憩1時間

定時ダッシュも問題ないです✧
✧ 土日祝休み
✧ 残業月平均:6.5時間以内
✧ 残業代100%支給","✧ 完全週休2日制(土日祝休み)
✧ 年間休日125日
「土日休みはマスト!」ってあなたにも
ぴったりの職場です!

【その他休暇】
✧ 有給休暇
✧ 夏季・冬季休暇
✧ GW休暇
✧ 年末年始休暇",埼玉県 鴻巣市,,"月給:25万円~+交通費全額支給

※経験に応じて決定いたします。

# 昇給あり
# 賞与あり
# 残業代100%支給
# 交通費支給","・社会保険完備（雇用・労災・健康・厚生年金）
・残業手当・深夜手当・休日出勤手当（実働時間に応じて支給）
・確定拠出年金制度（企業型）
・定期健康診断・インフルエンザ予防接種費用補助
・特別休暇（慶弔休暇）
・産前産後休暇・育児休業・介護休業
・資格取得支援制度（フォークリフト・自主保全士など）
・家具家電付き社員寮制度（勤務地による・規定あり）
・制服貸与
・社員持株会
・福利厚生サービス（レジャー・飲食の優待割引、保養施設）
・団体長期障害所得補償保険（GLTD）","まずは「話を聞いてみる」だけで大丈夫です。

当社ではカジュアル面談を実施しています。
志望動機や自己PRの準備は不要。
「どんな職場？」「本当に未経験でもできる？」といった疑問に、担当者が率直にお答えします。

■ 応募から入社までの3STEP ■
▶ STEP1 WEB応募（1分）
▶ STEP2 カジュアル面談（1回のみ・1〜3日以内にご連絡）
▶ STEP3 採用・入社日のご相談

入社日は柔軟に調整できます。
「来月から」「今の仕事を辞めてから」など、ご都合をお聞かせください。",,即日勤務OK、交通費支給、残業なし,2,任意,生年月日、性別、電話番号,ntf-indeedapplicant-aaaatulx77tci2k2pr5yeqapva@shukatsu-labo.slack.com,,,利用しない,,
募集中,日本マニュファクチャリングサービス株式会社,未経験｜検品・梱包｜日本マニュファクチャリングサービス株式会社｜久喜市,倉庫作業スタッフ,20～30代活躍中◎久喜市｜先輩の9割が未経験スタートの検品・梱包,,埼玉県 久喜市,,,正社員,はい,月給,250000,,最低額を表示,なし,,,,,,,固定時間制,160,,厚生年金、健康保険、雇用保険、労災保険,,なし,,,,,,,,,,,,,,,,,,"埼玉県久喜市エリアで、検品・梱包の正社員スタッフを募集します。
勤務先は久喜市内および周辺の物流センター。商品にキズや汚れがないかを目で確かめ、数を合わせ、袋や箱に丁寧に納める作業が中心です。
1年を通して快適な温度に保たれた室内作業で、当社の先輩スタッフが隣で手順を教えます。

■ 入社後の1日はこんなイメージです
09:00 朝礼。体調確認と当日の出荷量の共有からスタート
09:15 午前は検品を中心に担当。商品の外観を目視で確認し、傷や汚れがあれば別置きにします
12:00 昼休憩（60分）。お弁当持参の方も、近くで買ってくる方もいます
13:00 午後は梱包を担当。袋詰め、箱詰め、テープ留めの3工程を繰り返します
15:00 小休憩（15分）。自動販売機で飲み物を買って一息
15:15 出荷分の最終チェックと仕分け。全員で協力して当日分を仕上げます
17:45 作業スペースの清掃と日報記入
18:00 定時退勤。残業は月平均6.5時間以内に収まっています

■ 具体的にはこんな商品を扱います
通販サイトで販売されるアパレル商品、生活雑貨、コスメ、文房具が中心です。
・シャツやタオルを畳んで透明袋へ入れる
・コスメの容器にひび割れがないかを目視で確認する
・文房具のセット品を指定の個数で袋詰めする
・箱にラベルを貼り、配送業者ごとの台車に載せる
商品は軽く、作業台の高さも調整されているため、身体への負担を抑えて続けられます。

■ 入社後1週間の流れ
1日目：オリエンテーション。安全ルール、勤怠の付け方、作業場の設備を案内します
2〜3日目：先輩スタッフがマンツーマンで隣につき、検品の見方と梱包の手順を実演しながら教えます
4〜5日目：シール貼りやダンボールの組み立てなど簡単な工程から一人で担当。分からないことはその場で質問できます
1週間後：検品・梱包の一連の流れをひと通り経験し、自分のペースで進められるようになります
当社は製造現場の教育に長年取り組んできた会社です。「早ければ半日、遅くとも2〜3日で一人立ち」が現場の平均的な目安ですが、慣れるまでは焦らず伴走します。

■ 働く環境について
作業場は1年を通して空調が効いており、汗だくになったり手がかじかんだりする心配はありません。
休憩室は広く、電子レンジや冷蔵庫、自動販売機が揃っています。昼休憩は各自のペースで過ごしています。
鍵付きロッカーを用意しているので、貴重品の管理も安心です。
服装や髪色は自由で、自分らしいスタイルのまま通勤できます。

■ 埼玉県久喜市で働く
高速道路の結節点として物流施設の集積が進む、県東部の物流拠点です。
JR宇都宮線と東武伊勢崎線が乗り入れる久喜駅が最寄りで、東北道・圏央道の久喜ICも近いエリアです。
久喜市周辺で「通勤時間を抑えて安定した正社員の仕事に就きたい」という方に、当社の検品・梱包はぴったりの選択肢です。

製造・物流の現場を支えてきた当社で、あなたのペースで一歩を踏み出してください。ご応募をお待ちしています。","【久喜市で働くならここがポイント】

✅ 資格・経験・学歴は問いません
必要なのは「丁寧に確認する姿勢」だけ。検品の見方、梱包の手順はすべて入社後にお伝えします。フォークリフトなどの資格取得を目指したい方には支援制度もあり、長く働くほど仕事の幅が広がります。

✅ 土日祝休み・年間休日125日
完全週休2日制で、カレンダー通りに休めます。夏季・冬季休暇、GW、年末年始のまとまった休みもあり、予定を立てやすい働き方です。

✅ 自分のペースで黙々と進められる仕事
ノルマに追われることはなく、接客もありません。「一人で集中して作業したい」「人間関係のストレスを減らしたい」という方にこそ向いている環境です。

✅ 空調完備・清潔な作業場
冷暖房がしっかり効いた室内で、季節を問わず快適に働けます。休憩室には電子レンジ・冷蔵庫・自動販売機があり、鍵付きロッカーも完備しています。

✅ 相談しやすい体制
配属先にはリーダーが常駐し、定期的な面談で困りごとを聞き取ります。作業のこと、通勤のこと、働き方のこと、何でも相談してください。

✅ 久喜市で通いやすい勤務地
JR宇都宮線と東武伊勢崎線が乗り入れる久喜駅が最寄りで、東北道・圏央道の久喜ICも近いエリアです。高速道路の結節点として物流施設の集積が進む、県東部の物流拠点です。

「自分にもできそう」と思えたら、それがスタートの合図です。お気軽にご応募ください。","例外事由3号のイにより、長期キャリア形成を図るため、
35歳以下を募集しております。","【勤務時間】
★9:00~18:00
└実働8時間/休憩1時間

定時ダッシュも問題ないです✧
✧ 土日祝休み
✧ 残業月平均:6.5時間以内
✧ 残業代100%支給","✧ 完全週休2日制(土日祝休み)
✧ 年間休日125日
「土日休みはマスト!」ってあなたにも
ぴったりの職場です!

【その他休暇】
✧ 有給休暇
✧ 夏季・冬季休暇
✧ GW休暇
✧ 年末年始休暇",埼玉県 久喜市,,"月給:25万円~+交通費全額支給

※経験に応じて決定いたします。

# 昇給あり
# 賞与あり
# 残業代100%支給
# 交通費支給","・社会保険完備（雇用・労災・健康・厚生年金）
・残業手当・深夜手当・休日出勤手当（実働時間に応じて支給）
・確定拠出年金制度（企業型）
・定期健康診断・インフルエンザ予防接種費用補助
・特別休暇（慶弔休暇）
・産前産後休暇・育児休業・介護休業
・資格取得支援制度（フォークリフト・自主保全士など）
・家具家電付き社員寮制度（勤務地による・規定あり）
・制服貸与
・社員持株会
・福利厚生サービス（レジャー・飲食の優待割引、保養施設）
・団体長期障害所得補償保険（GLTD）","【最短スケジュールのイメージ】

▶ STEP1 今日：WEBから1分で応募
▶ STEP2 1〜3日後：担当者からご連絡 → カジュアル面談の日程調整
▶ STEP3 面談当日：カジュアル面談（1回のみ）→ 採用のご連絡

面談では、職場の雰囲気・1日の流れ・通勤のことなど、
気になることを何でも聞いてください。

✧ 入社日はご相談いただけます ✧
「すぐ働きたい」「少し先がいい」どちらのご希望にも対応します。",,即日勤務OK、交通費支給、残業なし,2,任意,生年月日、性別、電話番号,ntf-indeedapplicant-aaaatulx77tci2k2pr5yeqapva@shukatsu-labo.slack.com,,,利用しない,,
募集中,日本マニュファクチャリングサービス株式会社,未経験｜検品・梱包｜日本マニュファクチャリングサービス株式会社｜北本市,倉庫作業スタッフ,20～30代活躍中◎未経験から製造のプロへ｜北本市の検品・梱包スタッフ,,埼玉県 北本市,,,正社員,はい,月給,250000,,最低額を表示,なし,,,,,,,固定時間制,160,,厚生年金、健康保険、雇用保険、労災保険,,なし,,,,,,,,,,,,,,,,,,"北本市内および周辺の物流センターで、通販商品や生活雑貨の「検品・梱包」を担当する正社員スタッフの募集です。
冷暖房が効いた清潔な作業場で、商品をひとつずつ確認し、丁寧に箱へ納めていく落ち着いた仕事です。
製造・物流の現場を長年支えてきた当社が、未経験の方を一から育てます。

■ ある1日のスケジュール（日勤・実働8時間）
09:00 出勤・朝礼。リーダーから本日の作業内容と注意点の共有があります
09:10 検品スタート。ハンディ端末でバーコードを読み取り、品番と数量を照合
10:30 小休憩（10分）
12:00 昼休憩（60分）。電子レンジ・冷蔵庫のある休憩室で昼食
13:00 梱包作業。緩衝材で商品を包み、ダンボールを組み立てて詰めていきます
15:00 小休憩（15分）
15:15 出荷準備。伝票シールを貼り、配送業者ごとにコンテナへ仕分け
17:45 清掃・翌日分の資材補充
18:00 退勤。土日祝はお休みで、翌日の予定も立てやすい働き方です

■ 具体的にはこんな商品を扱います
通販サイトで販売されるアパレル商品、生活雑貨、コスメ、文房具が中心です。
・シャツやタオルを畳んで透明袋へ入れる
・コスメの容器にひび割れがないかを目視で確認する
・文房具のセット品を指定の個数で袋詰めする
・箱にラベルを貼り、配送業者ごとの台車に載せる
商品は軽く、作業台の高さも調整されているため、身体への負担を抑えて続けられます。

■ 教育・研修体制
入社初日は安全講習とオリエンテーションから始まり、いきなり現場に出ることはありません。
2日目以降は専任の先輩スタッフが隣について、検品・梱包の手順を実際にやって見せながら説明します。
最初の1週間は「見る→一緒にやる→一人でやる」の順で少しずつ担当を広げ、1週間後にはひと通りの作業を経験できるスケジュールです。
リーダーは常に作業場内にいるため、「これはどこに置くのでしたか」といった質問もすぐに解決できます。

■ 設備・環境のポイント
・冷暖房完備の室内作業で、季節や天候に左右されません
・休憩室には電子レンジ・冷蔵庫・ポットがあり、フリーWi-Fiも使えます
・個人用の鍵付きロッカーを完備
・髪色・ネイル・服装は自由。清潔感があれば普段のスタイルのままで大丈夫です

■ 北本市の拠点ならではの一言
JR高崎線の北本駅が最寄りで、圏央道の桶川北本ICも利用できます。
緑が多く住みやすい街で、通勤の負担を抑えて働きたい方に向いた地域です。
当社は埼玉県内に複数の勤務先を持っているため、ご自宅からの通いやすさも考慮して配属先を相談できます。

「難しいことはできないけれど、コツコツ続けることは得意」という方を、当社は大切にしています。まずはお気軽にご応募ください。","【当社の検品・梱包が選ばれる理由】

✅ 資格・経験・学歴は問いません
必要なのは「丁寧に確認する姿勢」だけ。検品の見方、梱包の手順はすべて入社後にお伝えします。フォークリフトなどの資格取得を目指したい方には支援制度もあり、長く働くほど仕事の幅が広がります。

✅ 平日は定時、週末はしっかり休む
9:00〜18:00の固定時間制で、生活リズムが安定します。土日祝はお休みなので、家族や友人と予定を合わせやすいのも魅力です。

✅ 重い荷物はほとんどありません
扱うのは衣類・コスメ・文房具・小型雑貨など軽い商品が中心です。重量物の持ち上げや力仕事はほぼなく、身体への負担を抑えて長く続けられます。

✅ 空調完備・清潔な作業場
冷暖房がしっかり効いた室内で、季節を問わず快適に働けます。休憩室には電子レンジ・冷蔵庫・自動販売機があり、鍵付きロッカーも完備しています。

✅ 安定した雇用と福利厚生
正社員としての雇用に加え、社会保険完備、定期健康診断、資格取得支援などの制度があります。「腰を据えて働きたい」という希望に応えられる環境です。

✅ 北本市で通いやすい勤務地
JR高崎線の北本駅が最寄りで、圏央道の桶川北本ICも利用できます。緑が多く住みやすい街で、通勤の負担を抑えて働きたい方に向いた地域です。

まずはカジュアル面談で、職場の雰囲気や1日の流れをお伝えします。ご応募をお待ちしています。","例外事由3号のイにより、長期キャリア形成を図るため、
35歳以下を募集しております。","【勤務時間】
★9:00~18:00
└実働8時間/休憩1時間

定時ダッシュも問題ないです✧
✧ 土日祝休み
✧ 残業月平均:6.5時間以内
✧ 残業代100%支給","✧ 完全週休2日制(土日祝休み)
✧ 年間休日125日
「土日休みはマスト!」ってあなたにも
ぴったりの職場です!

【その他休暇】
✧ 有給休暇
✧ 夏季・冬季休暇
✧ GW休暇
✧ 年末年始休暇",埼玉県 北本市,,"月給:25万円~+交通費全額支給

※経験に応じて決定いたします。

# 昇給あり
# 賞与あり
# 残業代100%支給
# 交通費支給","・社会保険完備（雇用・労災・健康・厚生年金）
・残業手当・深夜手当・休日出勤手当（実働時間に応じて支給）
・確定拠出年金制度（企業型）
・定期健康診断・インフルエンザ予防接種費用補助
・特別休暇（慶弔休暇）
・産前産後休暇・育児休業・介護休業
・資格取得支援制度（フォークリフト・自主保全士など）
・家具家電付き社員寮制度（勤務地による・規定あり）
・制服貸与
・社員持株会
・福利厚生サービス（レジャー・飲食の優待割引、保養施設）
・団体長期障害所得補償保険（GLTD）","■ 選考について ■
・カジュアル面談：1回のみ（服装自由・履歴書任意）
・応募から面談まで：WEB応募後、1〜3日以内にご連絡
・入社日：ご相談のうえ決定

■ 応募からの流れ ■
▶ STEP1 WEBから1分で応募
▶ STEP2 カジュアル面談（1回のみ）
▶ STEP3 採用

「まずは話だけ聞いてみたい」という方も、そのままご応募ください。
面談で無理に応募を勧めることはありません。",,即日勤務OK、交通費支給、残業なし,2,任意,生年月日、性別、電話番号,ntf-indeedapplicant-aaaatulx77tci2k2pr5yeqapva@shukatsu-labo.slack.com,,,利用しない,,
募集中,日本マニュファクチャリングサービス株式会社,未経験｜検品・梱包｜日本マニュファクチャリングサービス株式会社｜蓮田市,倉庫作業スタッフ,20～30代活躍中◎蓮田市｜黙々作業が好きな方に向く検品・梱包,,埼玉県 蓮田市,,,正社員,はい,月給,250000,,最低額を表示,なし,,,,,,,固定時間制,160,,厚生年金、健康保険、雇用保険、労災保険,,なし,,,,,,,,,,,,,,,,,,"勤務先は蓮田市内および周辺の物流センター。扱うのは衣類・コスメ・文房具・小型雑貨など、手のひらサイズの軽い商品が中心です。
担当していただくのは、届いた商品に不備がないかを確かめ、出荷用の箱に整えて詰める「検品・梱包」の作業。
空調完備の室内で、自分のペースを保ちながら黙々と取り組める環境です。

■ 入社後の1日はこんなイメージです
09:00 朝礼。体調確認と当日の出荷量の共有からスタート
09:15 午前は検品を中心に担当。商品の外観を目視で確認し、傷や汚れがあれば別置きにします
12:00 昼休憩（60分）。お弁当持参の方も、近くで買ってくる方もいます
13:00 午後は梱包を担当。袋詰め、箱詰め、テープ留めの3工程を繰り返します
15:00 小休憩（15分）。自動販売機で飲み物を買って一息
15:15 出荷分の最終チェックと仕分け。全員で協力して当日分を仕上げます
17:45 作業スペースの清掃と日報記入
18:00 定時退勤。残業は月平均6.5時間以内に収まっています

■ 主な作業内容
・検品：入荷した商品の外観チェック（傷・汚れ・パッケージのへこみ）と数量・品番の照合
・スキャン：バーコードリーダーで商品を読み取り、データと突き合わせます
・梱包：袋詰め、緩衝材包装、ダンボールの組み立てと箱詰め、テープ留め
・仕上げ：ラベル貼りと配送地域別の仕分け
扱うのはアパレル商品、コスメ、文房具、小型雑貨など。どれも軽く、繰り返しの中で自然と手順が身につく作業です。

■ 未経験でも安心の1週間プログラム
・1日目：会社説明、安全講習、作業着の受け取り、作業場の見学
・2日目：先輩の隣で検品の実演を見学し、午後から一緒に作業
・3日目：梱包の袋詰め・箱詰めを先輩と一緒に担当
・4日目：シール貼りと仕分けを一人で担当。先輩は同じ作業台で見守ります
・5日目：検品から仕分けまでの流れを通しで経験
覚えることは3ステップの繰り返しなので、専門知識や資格は不要です。製造現場で人を育ててきた当社ならではの丁寧な立ち上がりを用意しています。

■ 職場環境
・空調完備：冷暖房が効いた清潔な室内で、夏も冬も快適に作業できます
・休憩室：電子レンジ・冷蔵庫・ポット・自動販売機を完備。お弁当持参でもゆっくり過ごせます
・ロッカー：鍵付きの個人ロッカーがあり、私物を安心して預けられます
・服装：髪色・ネイルは自由。動きやすい服装で通勤し、現場のルールに沿って作業します

■ 蓮田市の拠点ならではの一言
JR宇都宮線の蓮田駅が最寄りで、大宮駅まで約15分の距離です。
都心へのアクセスと落ち着いた住環境を両立できる、県東部の街です。
当社は埼玉県内に複数の勤務先を持っているため、ご自宅からの通いやすさも考慮して配属先を相談できます。

製造・物流の現場を支えてきた当社で、あなたのペースで一歩を踏み出してください。ご応募をお待ちしています。","【蓮田市で働くならここがポイント】

✅ 覚えることは少なく、教え方は丁寧に
製造現場で人を育ててきた当社では、専任の先輩がマンツーマンで隣につきます。最初はシール貼りやダンボールの組み立てといった簡単な工程から始め、1週間でひと通りの流れを経験できるプログラムを用意しています。

✅ 残業は月平均6.5時間以内
出荷量に合わせて人員を配置しているため、定時で帰れる日がほとんどです。仕事の後に予定を入れたり、家でゆっくり過ごしたりする時間をきちんと確保できます。

✅ 重い荷物はほとんどありません
扱うのは衣類・コスメ・文房具・小型雑貨など軽い商品が中心です。重量物の持ち上げや力仕事はほぼなく、身体への負担を抑えて長く続けられます。

✅ 空調完備・清潔な作業場
冷暖房がしっかり効いた室内で、季節を問わず快適に働けます。休憩室には電子レンジ・冷蔵庫・自動販売機があり、鍵付きロッカーも完備しています。

✅ 製造・物流の現場を支えてきた会社の正社員
当社は全国の製造現場で人材を育ててきた会社です。検品・梱包からスタートし、経験を積めばリーダーや別工程へのステップアップも目指せます。

✅ 蓮田市で通いやすい勤務地
JR宇都宮線の蓮田駅が最寄りで、大宮駅まで約15分の距離です。都心へのアクセスと落ち着いた住環境を両立できる、県東部の街です。

「自分にもできそう」と思えたら、それがスタートの合図です。お気軽にご応募ください。","例外事由3号のイにより、長期キャリア形成を図るため、
35歳以下を募集しております。","【勤務時間】
★9:00~18:00
└実働8時間/休憩1時間

定時ダッシュも問題ないです✧
✧ 土日祝休み
✧ 残業月平均:6.5時間以内
✧ 残業代100%支給","✧ 完全週休2日制(土日祝休み)
✧ 年間休日125日
「土日休みはマスト!」ってあなたにも
ぴったりの職場です!

【その他休暇】
✧ 有給休暇
✧ 夏季・冬季休暇
✧ GW休暇
✧ 年末年始休暇",埼玉県 蓮田市,,"月給:25万円~+交通費全額支給

※経験に応じて決定いたします。

# 昇給あり
# 賞与あり
# 残業代100%支給
# 交通費支給","・社会保険完備（雇用・労災・健康・厚生年金）
・残業手当・深夜手当・休日出勤手当（実働時間に応じて支給）
・確定拠出年金制度（企業型）
・定期健康診断・インフルエンザ予防接種費用補助
・特別休暇（慶弔休暇）
・産前産後休暇・育児休業・介護休業
・資格取得支援制度（フォークリフト・自主保全士など）
・家具家電付き社員寮制度（勤務地による・規定あり）
・制服貸与
・社員持株会
・福利厚生サービス（レジャー・飲食の優待割引、保養施設）
・団体長期障害所得補償保険（GLTD）","✧ カジュアル面談実施中です ✧

応募に必要なのは人柄だけ。
まずはあなたのご希望を聞かせてください。

■ 応募からの流れ ■
▶ STEP1 WEBから1分で簡単応募
1〜3日以内に担当者からご連絡します。
▶ STEP2 カジュアル面談（1回のみ）
職場の雰囲気や1日の流れをお伝えし、ご希望を伺います。
▶ STEP3 採用

※入社日はご相談いただけます◎
在職中の方も、お気軽にご相談ください。",,即日勤務OK、交通費支給、残業なし,2,任意,生年月日、性別、電話番号,ntf-indeedapplicant-aaaatulx77tci2k2pr5yeqapva@shukatsu-labo.slack.com,,,利用しない,,
募集中,日本マニュファクチャリングサービス株式会社,未経験｜検品・梱包｜日本マニュファクチャリングサービス株式会社｜坂戸市,倉庫作業スタッフ,20～30代活躍中◎坂戸市｜空調完備の倉庫でコツコツ検品・梱包,,埼玉県 坂戸市,,,正社員,はい,月給,250000,,最低額を表示,なし,,,,,,,固定時間制,160,,厚生年金、健康保険、雇用保険、労災保険,,なし,,,,,,,,,,,,,,,,,,"「ものづくりの現場を支える仕事を、正社員として腰を据えて続けたい」という方へ。
坂戸市内および周辺の物流センターで、商品の検品と梱包を担当するスタッフを募集します。
空調の効いた清潔な作業場で、座り作業と立ち作業を組み合わせながら無理なく進められる仕事です。

■ 1日の流れ（9:00〜18:00・休憩1時間）
09:00 朝礼。当日の出荷予定と担当エリアを確認し、作業台へ移動します
09:15 午前の検品。入荷した商品を納品書と照らし合わせ、外観と数量をチェック
12:00 昼休憩（60分）。休憩室でゆっくり昼食をとります
13:00 午後の梱包。検品を終えた商品を袋詰めし、サイズに合った箱に納めます
15:00 小休憩（15分）。水分補給と軽いストレッチでリフレッシュ
15:15 ラベル貼りと出荷先ごとの仕分け。台車で所定の場所へ運びます
17:40 作業台の整理整頓と翌日の準備
18:00 退勤。残業は月平均6.5時間以内で、定時に帰れる日がほとんどです

■ 主な作業内容
・検品：入荷した商品の外観チェック（傷・汚れ・パッケージのへこみ）と数量・品番の照合
・スキャン：バーコードリーダーで商品を読み取り、データと突き合わせます
・梱包：袋詰め、緩衝材包装、ダンボールの組み立てと箱詰め、テープ留め
・仕上げ：ラベル貼りと配送地域別の仕分け
扱うのはアパレル商品、コスメ、文房具、小型雑貨など。どれも軽く、繰り返しの中で自然と手順が身につく作業です。

■ 入社後1週間の流れ
1日目：オリエンテーション。安全ルール、勤怠の付け方、作業場の設備を案内します
2〜3日目：先輩スタッフがマンツーマンで隣につき、検品の見方と梱包の手順を実演しながら教えます
4〜5日目：シール貼りやダンボールの組み立てなど簡単な工程から一人で担当。分からないことはその場で質問できます
1週間後：検品・梱包の一連の流れをひと通り経験し、自分のペースで進められるようになります
当社は製造現場の教育に長年取り組んできた会社です。「早ければ半日、遅くとも2〜3日で一人立ち」が現場の平均的な目安ですが、慣れるまでは焦らず伴走します。

■ 設備・環境のポイント
・冷暖房完備の室内作業で、季節や天候に左右されません
・休憩室には電子レンジ・冷蔵庫・ポットがあり、フリーWi-Fiも使えます
・個人用の鍵付きロッカーを完備
・髪色・ネイル・服装は自由。清潔感があれば普段のスタイルのままで大丈夫です

■ 埼玉県坂戸市で働く
関越道の坂戸西スマートICが近く、周辺に物流施設や工場が集まるエリアです。
東武東上線・越生線の坂戸駅が最寄りで、川越方面からも通いやすい立地です。
坂戸市周辺で「通勤時間を抑えて安定した正社員の仕事に就きたい」という方に、当社の検品・梱包はぴったりの選択肢です。

製造・物流の現場を支えてきた当社で、あなたのペースで一歩を踏み出してください。ご応募をお待ちしています。","【当社の検品・梱包が選ばれる理由】

✅ 覚えることは少なく、教え方は丁寧に
製造現場で人を育ててきた当社では、専任の先輩がマンツーマンで隣につきます。最初はシール貼りやダンボールの組み立てといった簡単な工程から始め、1週間でひと通りの流れを経験できるプログラムを用意しています。

✅ 土日祝休み・年間休日125日
完全週休2日制で、カレンダー通りに休めます。夏季・冬季休暇、GW、年末年始のまとまった休みもあり、予定を立てやすい働き方です。

✅ 重い荷物はほとんどありません
扱うのは衣類・コスメ・文房具・小型雑貨など軽い商品が中心です。重量物の持ち上げや力仕事はほぼなく、身体への負担を抑えて長く続けられます。

✅ 空調完備・清潔な作業場
冷暖房がしっかり効いた室内で、季節を問わず快適に働けます。休憩室には電子レンジ・冷蔵庫・自動販売機があり、鍵付きロッカーも完備しています。

✅ 相談しやすい体制
配属先にはリーダーが常駐し、定期的な面談で困りごとを聞き取ります。作業のこと、通勤のこと、働き方のこと、何でも相談してください。

✅ 地元坂戸市で長く働く
関越道の坂戸西スマートICが近く、周辺に物流施設や工場が集まるエリアです。東武東上線・越生線の坂戸駅が最寄りで、川越方面からも通いやすい立地です。

「自分にもできそう」と思えたら、それがスタートの合図です。お気軽にご応募ください。","例外事由3号のイにより、長期キャリア形成を図るため、
35歳以下を募集しております。","【勤務時間】
★9:00~18:00
└実働8時間/休憩1時間

定時ダッシュも問題ないです✧
✧ 土日祝休み
✧ 残業月平均:6.5時間以内
✧ 残業代100%支給","✧ 完全週休2日制(土日祝休み)
✧ 年間休日125日
「土日休みはマスト!」ってあなたにも
ぴったりの職場です!

【その他休暇】
✧ 有給休暇
✧ 夏季・冬季休暇
✧ GW休暇
✧ 年末年始休暇",埼玉県 坂戸市,,"月給:25万円~+交通費全額支給

※経験に応じて決定いたします。

# 昇給あり
# 賞与あり
# 残業代100%支給
# 交通費支給","・社会保険完備（雇用・労災・健康・厚生年金）
・残業手当・深夜手当・休日出勤手当（実働時間に応じて支給）
・確定拠出年金制度（企業型）
・定期健康診断・インフルエンザ予防接種費用補助
・特別休暇（慶弔休暇）
・産前産後休暇・育児休業・介護休業
・資格取得支援制度（フォークリフト・自主保全士など）
・家具家電付き社員寮制度（勤務地による・規定あり）
・制服貸与
・社員持株会
・福利厚生サービス（レジャー・飲食の優待割引、保養施設）
・団体長期障害所得補償保険（GLTD）","【応募前の「気になる」にお答えします】

Q. 面接は堅苦しいですか？
A. いいえ。カジュアル面談を1回行うだけです。服装も自由、履歴書も任意です。

Q. 応募してからどのくらいで決まりますか？
A. 3ステップで進みます。
▶ STEP1 WEBから応募（1分）→ 1〜3日以内にご連絡
▶ STEP2 カジュアル面談（1回のみ）
▶ STEP3 採用

Q. すぐには入社できないのですが…
A. 入社日はご相談いただけます。今のお仕事の引き継ぎ期間なども考慮します。",,即日勤務OK、交通費支給、残業なし,2,任意,生年月日、性別、電話番号,ntf-indeedapplicant-aaaatulx77tci2k2pr5yeqapva@shukatsu-labo.slack.com,,,利用しない,,
募集中,日本マニュファクチャリングサービス株式会社,未経験｜検品・梱包｜日本マニュファクチャリングサービス株式会社｜鶴ヶ島市,倉庫作業スタッフ,20～30代活躍中◎鶴ヶ島市｜マンツーマン研修で安心の検品・梱包,,埼玉県 鶴ヶ島市,,,正社員,はい,月給,250000,,最低額を表示,なし,,,,,,,固定時間制,160,,厚生年金、健康保険、雇用保険、労災保険,,なし,,,,,,,,,,,,,,,,,,"埼玉県鶴ヶ島市エリアで、検品・梱包の正社員スタッフを募集します。
勤務先は鶴ヶ島市内および周辺の物流センター。商品にキズや汚れがないかを目で確かめ、数を合わせ、袋や箱に丁寧に納める作業が中心です。
1年を通して快適な温度に保たれた室内作業で、当社の先輩スタッフが隣で手順を教えます。

■ ある1日のスケジュール（日勤・実働8時間）
09:00 出勤・朝礼。リーダーから本日の作業内容と注意点の共有があります
09:10 検品スタート。ハンディ端末でバーコードを読み取り、品番と数量を照合
10:30 小休憩（10分）
12:00 昼休憩（60分）。電子レンジ・冷蔵庫のある休憩室で昼食
13:00 梱包作業。緩衝材で商品を包み、ダンボールを組み立てて詰めていきます
15:00 小休憩（15分）
15:15 出荷準備。伝票シールを貼り、配送業者ごとにコンテナへ仕分け
17:45 清掃・翌日分の資材補充
18:00 退勤。土日祝はお休みで、翌日の予定も立てやすい働き方です

■ 扱う商品と作業の具体例
・衣類・タオルなどの布製品：ほつれや汚れがないか確認し、専用の透明袋に入れます
・コスメ・ガラス製の小物：割れやすいため、緩衝材で包んでから箱に納めます
・文房具・生活雑貨：品番と個数を納品書と照合し、まとめて袋詰めします
・出荷前の箱：伝票シールと「割れ物注意」「水濡れ厳禁」などの注意シールを所定位置に貼ります
いずれも手のひらから両手で持てる大きさの商品で、重量物の持ち上げはありません。

■ 教育・研修体制
入社初日は安全講習とオリエンテーションから始まり、いきなり現場に出ることはありません。
2日目以降は専任の先輩スタッフが隣について、検品・梱包の手順を実際にやって見せながら説明します。
最初の1週間は「見る→一緒にやる→一人でやる」の順で少しずつ担当を広げ、1週間後にはひと通りの作業を経験できるスケジュールです。
リーダーは常に作業場内にいるため、「これはどこに置くのでしたか」といった質問もすぐに解決できます。

■ 職場環境
・空調完備：冷暖房が効いた清潔な室内で、夏も冬も快適に作業できます
・休憩室：電子レンジ・冷蔵庫・ポット・自動販売機を完備。お弁当持参でもゆっくり過ごせます
・ロッカー：鍵付きの個人ロッカーがあり、私物を安心して預けられます
・服装：髪色・ネイルは自由。動きやすい服装で通勤し、現場のルールに沿って作業します

■ 埼玉県鶴ヶ島市で働く
高速道路のジャンクションを抱え、物流拠点の進出が続く県西部の街です。
東武東上線の鶴ヶ島駅・若葉駅が利用でき、関越道の鶴ヶ島ICと圏央道の結節点にも近い立地です。
鶴ヶ島市周辺で「通勤時間を抑えて安定した正社員の仕事に就きたい」という方に、当社の検品・梱包はぴったりの選択肢です。

「難しいことはできないけれど、コツコツ続けることは得意」という方を、当社は大切にしています。まずはお気軽にご応募ください。","【鶴ヶ島市で働くならここがポイント】

✅ 先輩スタッフの9割以上が未経験からのスタート
「商品を手に取る」「傷がないか見る」「箱に入れる」の3ステップが仕事の基本です。複雑な機械操作や専門用語はなく、入社初日は安全講習とオリエンテーションから始まるので、初めての正社員でも安心してスタートできます。

✅ 平日は定時、週末はしっかり休む
9:00〜18:00の固定時間制で、生活リズムが安定します。土日祝はお休みなので、家族や友人と予定を合わせやすいのも魅力です。

✅ 自分のペースで黙々と進められる仕事
ノルマに追われることはなく、接客もありません。「一人で集中して作業したい」「人間関係のストレスを減らしたい」という方にこそ向いている環境です。

✅ 休憩室でしっかりリフレッシュ
昼休憩60分に加えて午後に小休憩があり、集中力を保ちやすいリズムで働けます。休憩室にはポットやフリーWi-Fiもあり、お弁当派にも外食派にも便利です。

✅ 製造・物流の現場を支えてきた会社の正社員
当社は全国の製造現場で人材を育ててきた会社です。検品・梱包からスタートし、経験を積めばリーダーや別工程へのステップアップも目指せます。

✅ 地元鶴ヶ島市で長く働く
高速道路のジャンクションを抱え、物流拠点の進出が続く県西部の街です。東武東上線の鶴ヶ島駅・若葉駅が利用でき、関越道の鶴ヶ島ICと圏央道の結節点にも近い立地です。

まずはカジュアル面談で、職場の雰囲気や1日の流れをお伝えします。ご応募をお待ちしています。","例外事由3号のイにより、長期キャリア形成を図るため、
35歳以下を募集しております。","【勤務時間】
★9:00~18:00
└実働8時間/休憩1時間

定時ダッシュも問題ないです✧
✧ 土日祝休み
✧ 残業月平均:6.5時間以内
✧ 残業代100%支給","✧ 完全週休2日制(土日祝休み)
✧ 年間休日125日
「土日休みはマスト!」ってあなたにも
ぴったりの職場です!

【その他休暇】
✧ 有給休暇
✧ 夏季・冬季休暇
✧ GW休暇
✧ 年末年始休暇",埼玉県 鶴ヶ島市,,"月給:25万円~+交通費全額支給

※経験に応じて決定いたします。

# 昇給あり
# 賞与あり
# 残業代100%支給
# 交通費支給","・社会保険完備（雇用・労災・健康・厚生年金）
・残業手当・深夜手当・休日出勤手当（実働時間に応じて支給）
・確定拠出年金制度（企業型）
・定期健康診断・インフルエンザ予防接種費用補助
・特別休暇（慶弔休暇）
・産前産後休暇・育児休業・介護休業
・資格取得支援制度（フォークリフト・自主保全士など）
・家具家電付き社員寮制度（勤務地による・規定あり）
・制服貸与
・社員持株会
・福利厚生サービス（レジャー・飲食の優待割引、保養施設）
・団体長期障害所得補償保険（GLTD）","まずは「話を聞いてみる」だけで大丈夫です。

当社ではカジュアル面談を実施しています。
志望動機や自己PRの準備は不要。
「どんな職場？」「本当に未経験でもできる？」といった疑問に、担当者が率直にお答えします。

■ 応募から入社までの3STEP ■
▶ STEP1 WEB応募（1分）
▶ STEP2 カジュアル面談（1回のみ・1〜3日以内にご連絡）
▶ STEP3 採用・入社日のご相談

入社日は柔軟に調整できます。
「来月から」「今の仕事を辞めてから」など、ご都合をお聞かせください。",,即日勤務OK、交通費支給、残業なし,2,任意,生年月日、性別、電話番号,ntf-indeedapplicant-aaaatulx77tci2k2pr5yeqapva@shukatsu-labo.slack.com,,,利用しない,,
募集中,日本マニュファクチャリングサービス株式会社,未経験｜検品・梱包｜日本マニュファクチャリングサービス株式会社｜ふじみ野市,倉庫作業スタッフ,20～30代活躍中◎ふじみ野市で正社員デビュー｜検品・梱包のシンプル作業,,埼玉県 ふじみ野市,,,正社員,はい,月給,250000,,最低額を表示,なし,,,,,,,固定時間制,160,,厚生年金、健康保険、雇用保険、労災保険,,なし,,,,,,,,,,,,,,,,,,"ふじみ野市内および周辺の物流センターで、通販商品や生活雑貨の「検品・梱包」を担当する正社員スタッフの募集です。
冷暖房が効いた清潔な作業場で、商品をひとつずつ確認し、丁寧に箱へ納めていく落ち着いた仕事です。
製造・物流の現場を長年支えてきた当社が、未経験の方を一から育てます。

■ 1日の流れ（9:00〜18:00・休憩1時間）
09:00 朝礼。当日の出荷予定と担当エリアを確認し、作業台へ移動します
09:15 午前の検品。入荷した商品を納品書と照らし合わせ、外観と数量をチェック
12:00 昼休憩（60分）。休憩室でゆっくり昼食をとります
13:00 午後の梱包。検品を終えた商品を袋詰めし、サイズに合った箱に納めます
15:00 小休憩（15分）。水分補給と軽いストレッチでリフレッシュ
15:15 ラベル貼りと出荷先ごとの仕分け。台車で所定の場所へ運びます
17:40 作業台の整理整頓と翌日の準備
18:00 退勤。残業は月平均6.5時間以内で、定時に帰れる日がほとんどです

■ 扱う商品と作業の具体例
・衣類・タオルなどの布製品：ほつれや汚れがないか確認し、専用の透明袋に入れます
・コスメ・ガラス製の小物：割れやすいため、緩衝材で包んでから箱に納めます
・文房具・生活雑貨：品番と個数を納品書と照合し、まとめて袋詰めします
・出荷前の箱：伝票シールと「割れ物注意」「水濡れ厳禁」などの注意シールを所定位置に貼ります
いずれも手のひらから両手で持てる大きさの商品で、重量物の持ち上げはありません。

■ 未経験でも安心の1週間プログラム
・1日目：会社説明、安全講習、作業着の受け取り、作業場の見学
・2日目：先輩の隣で検品の実演を見学し、午後から一緒に作業
・3日目：梱包の袋詰め・箱詰めを先輩と一緒に担当
・4日目：シール貼りと仕分けを一人で担当。先輩は同じ作業台で見守ります
・5日目：検品から仕分けまでの流れを通しで経験
覚えることは3ステップの繰り返しなので、専門知識や資格は不要です。製造現場で人を育ててきた当社ならではの丁寧な立ち上がりを用意しています。

■ 働く環境について
作業場は1年を通して空調が効いており、汗だくになったり手がかじかんだりする心配はありません。
休憩室は広く、電子レンジや冷蔵庫、自動販売機が揃っています。昼休憩は各自のペースで過ごしています。
鍵付きロッカーを用意しているので、貴重品の管理も安心です。
服装や髪色は自由で、自分らしいスタイルのまま通勤できます。

■ ふじみ野市の拠点ならではの一言
東武東上線のふじみ野駅・上福岡駅が最寄りで、池袋まで直通で30分圏内です。
駅周辺に商業施設が揃う住みやすい街で、通勤と暮らしのバランスを取りやすい地域です。
当社は埼玉県内に複数の勤務先を持っているため、ご自宅からの通いやすさも考慮して配属先を相談できます。

製造・物流の現場を支えてきた当社で、あなたのペースで一歩を踏み出してください。ご応募をお待ちしています。","【当社の検品・梱包が選ばれる理由】

✅ 先輩スタッフの9割以上が未経験からのスタート
「商品を手に取る」「傷がないか見る」「箱に入れる」の3ステップが仕事の基本です。複雑な機械操作や専門用語はなく、入社初日は安全講習とオリエンテーションから始まるので、初めての正社員でも安心してスタートできます。

✅ 残業は月平均6.5時間以内
出荷量に合わせて人員を配置しているため、定時で帰れる日がほとんどです。仕事の後に予定を入れたり、家でゆっくり過ごしたりする時間をきちんと確保できます。

✅ 自分のペースで黙々と進められる仕事
ノルマに追われることはなく、接客もありません。「一人で集中して作業したい」「人間関係のストレスを減らしたい」という方にこそ向いている環境です。

✅ 休憩室でしっかりリフレッシュ
昼休憩60分に加えて午後に小休憩があり、集中力を保ちやすいリズムで働けます。休憩室にはポットやフリーWi-Fiもあり、お弁当派にも外食派にも便利です。

✅ 相談しやすい体制
配属先にはリーダーが常駐し、定期的な面談で困りごとを聞き取ります。作業のこと、通勤のこと、働き方のこと、何でも相談してください。

✅ ふじみ野市で通いやすい勤務地
東武東上線のふじみ野駅・上福岡駅が最寄りで、池袋まで直通で30分圏内です。駅周辺に商業施設が揃う住みやすい街で、通勤と暮らしのバランスを取りやすい地域です。

「自分にもできそう」と思えたら、それがスタートの合図です。お気軽にご応募ください。","例外事由3号のイにより、長期キャリア形成を図るため、
35歳以下を募集しております。","【勤務時間】
★9:00~18:00
└実働8時間/休憩1時間

定時ダッシュも問題ないです✧
✧ 土日祝休み
✧ 残業月平均:6.5時間以内
✧ 残業代100%支給","✧ 完全週休2日制(土日祝休み)
✧ 年間休日125日
「土日休みはマスト!」ってあなたにも
ぴったりの職場です!

【その他休暇】
✧ 有給休暇
✧ 夏季・冬季休暇
✧ GW休暇
✧ 年末年始休暇",埼玉県 ふじみ野市,,"月給:25万円~+交通費全額支給

※経験に応じて決定いたします。

# 昇給あり
# 賞与あり
# 残業代100%支給
# 交通費支給","・社会保険完備（雇用・労災・健康・厚生年金）
・残業手当・深夜手当・休日出勤手当（実働時間に応じて支給）
・確定拠出年金制度（企業型）
・定期健康診断・インフルエンザ予防接種費用補助
・特別休暇（慶弔休暇）
・産前産後休暇・育児休業・介護休業
・資格取得支援制度（フォークリフト・自主保全士など）
・家具家電付き社員寮制度（勤務地による・規定あり）
・制服貸与
・社員持株会
・福利厚生サービス（レジャー・飲食の優待割引、保養施設）
・団体長期障害所得補償保険（GLTD）","【最短スケジュールのイメージ】

▶ STEP1 今日：WEBから1分で応募
▶ STEP2 1〜3日後：担当者からご連絡 → カジュアル面談の日程調整
▶ STEP3 面談当日：カジュアル面談（1回のみ）→ 採用のご連絡

面談では、職場の雰囲気・1日の流れ・通勤のことなど、
気になることを何でも聞いてください。

✧ 入社日はご相談いただけます ✧
「すぐ働きたい」「少し先がいい」どちらのご希望にも対応します。",,即日勤務OK、交通費支給、残業なし,2,任意,生年月日、性別、電話番号,ntf-indeedapplicant-aaaatulx77tci2k2pr5yeqapva@shukatsu-labo.slack.com,,,利用しない,,
募集中,日本マニュファクチャリングサービス株式会社,未経験｜検品・梱包｜日本マニュファクチャリングサービス株式会社｜三郷市,倉庫作業スタッフ,20～30代活躍中◎三郷市｜年間休日125日・完全週休2日の軽作業,,埼玉県 三郷市,,,正社員,はい,月給,250000,,最低額を表示,なし,,,,,,,固定時間制,160,,厚生年金、健康保険、雇用保険、労災保険,,なし,,,,,,,,,,,,,,,,,,"勤務先は三郷市内および周辺の物流センター。扱うのは衣類・コスメ・文房具・小型雑貨など、手のひらサイズの軽い商品が中心です。
担当していただくのは、届いた商品に不備がないかを確かめ、出荷用の箱に整えて詰める「検品・梱包」の作業。
空調完備の室内で、自分のペースを保ちながら黙々と取り組める環境です。

■ ある1日のスケジュール（日勤・実働8時間）
09:00 出勤・朝礼。リーダーから本日の作業内容と注意点の共有があります
09:10 検品スタート。ハンディ端末でバーコードを読み取り、品番と数量を照合
10:30 小休憩（10分）
12:00 昼休憩（60分）。電子レンジ・冷蔵庫のある休憩室で昼食
13:00 梱包作業。緩衝材で商品を包み、ダンボールを組み立てて詰めていきます
15:00 小休憩（15分）
15:15 出荷準備。伝票シールを貼り、配送業者ごとにコンテナへ仕分け
17:45 清掃・翌日分の資材補充
18:00 退勤。土日祝はお休みで、翌日の予定も立てやすい働き方です

■ 作業の流れ（3ステップ）
1. 検品：商品を手に取り、傷・汚れ・数量を確認します。迷ったら「保留」の箱に入れてリーダーに確認するだけです
2. 梱包：商品に合わせて袋・緩衝材・箱を選び、動かないように納めてテープで封をします
3. 仕分け：伝票シールを貼り、配送地域ごとに分けられたコンテナへ移します
扱う商品は衣類・雑貨・コスメ・文房具などの軽いものが中心で、フォークリフトなどの機械操作はありません。

■ 未経験でも安心の1週間プログラム
・1日目：会社説明、安全講習、作業着の受け取り、作業場の見学
・2日目：先輩の隣で検品の実演を見学し、午後から一緒に作業
・3日目：梱包の袋詰め・箱詰めを先輩と一緒に担当
・4日目：シール貼りと仕分けを一人で担当。先輩は同じ作業台で見守ります
・5日目：検品から仕分けまでの流れを通しで経験
覚えることは3ステップの繰り返しなので、専門知識や資格は不要です。製造現場で人を育ててきた当社ならではの丁寧な立ち上がりを用意しています。

■ 設備・環境のポイント
・冷暖房完備の室内作業で、季節や天候に左右されません
・休憩室には電子レンジ・冷蔵庫・ポットがあり、フリーWi-Fiも使えます
・個人用の鍵付きロッカーを完備
・髪色・ネイル・服装は自由。清潔感があれば普段のスタイルのままで大丈夫です

■ 埼玉県三郷市で働く
高速道路の結節点として大型物流センターが集中する、県東部の物流の中心地です。
JR武蔵野線とつくばエクスプレスが利用でき、外環道・常磐道の三郷ICも近い立地です。
三郷市周辺で「通勤時間を抑えて安定した正社員の仕事に就きたい」という方に、当社の検品・梱包はぴったりの選択肢です。

製造・物流の現場を支えてきた当社で、あなたのペースで一歩を踏み出してください。ご応募をお待ちしています。","【三郷市で働くならここがポイント】

✅ 資格・経験・学歴は問いません
必要なのは「丁寧に確認する姿勢」だけ。検品の見方、梱包の手順はすべて入社後にお伝えします。フォークリフトなどの資格取得を目指したい方には支援制度もあり、長く働くほど仕事の幅が広がります。

✅ 平日は定時、週末はしっかり休む
9:00〜18:00の固定時間制で、生活リズムが安定します。土日祝はお休みなので、家族や友人と予定を合わせやすいのも魅力です。

✅ 重い荷物はほとんどありません
扱うのは衣類・コスメ・文房具・小型雑貨など軽い商品が中心です。重量物の持ち上げや力仕事はほぼなく、身体への負担を抑えて長く続けられます。

✅ 休憩室でしっかりリフレッシュ
昼休憩60分に加えて午後に小休憩があり、集中力を保ちやすいリズムで働けます。休憩室にはポットやフリーWi-Fiもあり、お弁当派にも外食派にも便利です。

✅ 安定した雇用と福利厚生
正社員としての雇用に加え、社会保険完備、定期健康診断、資格取得支援などの制度があります。「腰を据えて働きたい」という希望に応えられる環境です。

✅ 三郷市で通いやすい勤務地
JR武蔵野線とつくばエクスプレスが利用でき、外環道・常磐道の三郷ICも近い立地です。高速道路の結節点として大型物流センターが集中する、県東部の物流の中心地です。

まずはカジュアル面談で、職場の雰囲気や1日の流れをお伝えします。ご応募をお待ちしています。","例外事由3号のイにより、長期キャリア形成を図るため、
35歳以下を募集しております。","【勤務時間】
★9:00~18:00
└実働8時間/休憩1時間

定時ダッシュも問題ないです✧
✧ 土日祝休み
✧ 残業月平均:6.5時間以内
✧ 残業代100%支給","✧ 完全週休2日制(土日祝休み)
✧ 年間休日125日
「土日休みはマスト!」ってあなたにも
ぴったりの職場です!

【その他休暇】
✧ 有給休暇
✧ 夏季・冬季休暇
✧ GW休暇
✧ 年末年始休暇",埼玉県 三郷市,,"月給:25万円~+交通費全額支給

※経験に応じて決定いたします。

# 昇給あり
# 賞与あり
# 残業代100%支給
# 交通費支給","・社会保険完備（雇用・労災・健康・厚生年金）
・残業手当・深夜手当・休日出勤手当（実働時間に応じて支給）
・確定拠出年金制度（企業型）
・定期健康診断・インフルエンザ予防接種費用補助
・特別休暇（慶弔休暇）
・産前産後休暇・育児休業・介護休業
・資格取得支援制度（フォークリフト・自主保全士など）
・家具家電付き社員寮制度（勤務地による・規定あり）
・制服貸与
・社員持株会
・福利厚生サービス（レジャー・飲食の優待割引、保養施設）
・団体長期障害所得補償保険（GLTD）","■ 選考について ■
・カジュアル面談：1回のみ（服装自由・履歴書任意）
・応募から面談まで：WEB応募後、1〜3日以内にご連絡
・入社日：ご相談のうえ決定

■ 応募からの流れ ■
▶ STEP1 WEBから1分で応募
▶ STEP2 カジュアル面談（1回のみ）
▶ STEP3 採用

「まずは話だけ聞いてみたい」という方も、そのままご応募ください。
面談で無理に応募を勧めることはありません。",,即日勤務OK、交通費支給、残業なし,2,任意,生年月日、性別、電話番号,ntf-indeedapplicant-aaaatulx77tci2k2pr5yeqapva@shukatsu-labo.slack.com,,,利用しない,,
募集中,日本マニュファクチャリングサービス株式会社,未経験｜検品・梱包｜日本マニュファクチャリングサービス株式会社｜比企郡川島町,倉庫作業スタッフ,20～30代活躍中◎安定の正社員｜川島町で検品・梱包を一から,,埼玉県 比企郡 川島町,,,正社員,はい,月給,250000,,最低額を表示,なし,,,,,,,固定時間制,160,,厚生年金、健康保険、雇用保険、労災保険,,なし,,,,,,,,,,,,,,,,,,"「ものづくりの現場を支える仕事を、正社員として腰を据えて続けたい」という方へ。
川島町内および周辺の物流センターで、商品の検品と梱包を担当するスタッフを募集します。
空調の効いた清潔な作業場で、座り作業と立ち作業を組み合わせながら無理なく進められる仕事です。

■ 入社後の1日はこんなイメージです
09:00 朝礼。体調確認と当日の出荷量の共有からスタート
09:15 午前は検品を中心に担当。商品の外観を目視で確認し、傷や汚れがあれば別置きにします
12:00 昼休憩（60分）。お弁当持参の方も、近くで買ってくる方もいます
13:00 午後は梱包を担当。袋詰め、箱詰め、テープ留めの3工程を繰り返します
15:00 小休憩（15分）。自動販売機で飲み物を買って一息
15:15 出荷分の最終チェックと仕分け。全員で協力して当日分を仕上げます
17:45 作業スペースの清掃と日報記入
18:00 定時退勤。残業は月平均6.5時間以内に収まっています

■ 具体的にはこんな商品を扱います
通販サイトで販売されるアパレル商品、生活雑貨、コスメ、文房具が中心です。
・シャツやタオルを畳んで透明袋へ入れる
・コスメの容器にひび割れがないかを目視で確認する
・文房具のセット品を指定の個数で袋詰めする
・箱にラベルを貼り、配送業者ごとの台車に載せる
商品は軽く、作業台の高さも調整されているため、身体への負担を抑えて続けられます。

■ 入社後1週間の流れ
1日目：オリエンテーション。安全ルール、勤怠の付け方、作業場の設備を案内します
2〜3日目：先輩スタッフがマンツーマンで隣につき、検品の見方と梱包の手順を実演しながら教えます
4〜5日目：シール貼りやダンボールの組み立てなど簡単な工程から一人で担当。分からないことはその場で質問できます
1週間後：検品・梱包の一連の流れをひと通り経験し、自分のペースで進められるようになります
当社は製造現場の教育に長年取り組んできた会社です。「早ければ半日、遅くとも2〜3日で一人立ち」が現場の平均的な目安ですが、慣れるまでは焦らず伴走します。

■ 働く環境について
作業場は1年を通して空調が効いており、汗だくになったり手がかじかんだりする心配はありません。
休憩室は広く、電子レンジや冷蔵庫、自動販売機が揃っています。昼休憩は各自のペースで過ごしています。
鍵付きロッカーを用意しているので、貴重品の管理も安心です。
服装や髪色は自由で、自分らしいスタイルのまま通勤できます。

■ 埼玉県川島町で働く
インター周辺に物流施設や工場が集まる一方、のどかな田園風景も残る地域です。
圏央道の川島ICが近く車通勤に向いており、川越方面からのバス便もあります。
川島町周辺で「通勤時間を抑えて安定した正社員の仕事に就きたい」という方に、当社の検品・梱包はぴったりの選択肢です。

「難しいことはできないけれど、コツコツ続けることは得意」という方を、当社は大切にしています。まずはお気軽にご応募ください。","【当社の検品・梱包が選ばれる理由】

✅ 資格・経験・学歴は問いません
必要なのは「丁寧に確認する姿勢」だけ。検品の見方、梱包の手順はすべて入社後にお伝えします。フォークリフトなどの資格取得を目指したい方には支援制度もあり、長く働くほど仕事の幅が広がります。

✅ 残業は月平均6.5時間以内
出荷量に合わせて人員を配置しているため、定時で帰れる日がほとんどです。仕事の後に予定を入れたり、家でゆっくり過ごしたりする時間をきちんと確保できます。

✅ 重い荷物はほとんどありません
扱うのは衣類・コスメ・文房具・小型雑貨など軽い商品が中心です。重量物の持ち上げや力仕事はほぼなく、身体への負担を抑えて長く続けられます。

✅ 休憩室でしっかりリフレッシュ
昼休憩60分に加えて午後に小休憩があり、集中力を保ちやすいリズムで働けます。休憩室にはポットやフリーWi-Fiもあり、お弁当派にも外食派にも便利です。

✅ 製造・物流の現場を支えてきた会社の正社員
当社は全国の製造現場で人材を育ててきた会社です。検品・梱包からスタートし、経験を積めばリーダーや別工程へのステップアップも目指せます。

✅ 川島町で通いやすい勤務地
圏央道の川島ICが近く車通勤に向いており、川越方面からのバス便もあります。インター周辺に物流施設や工場が集まる一方、のどかな田園風景も残る地域です。

「自分にもできそう」と思えたら、それがスタートの合図です。お気軽にご応募ください。","例外事由3号のイにより、長期キャリア形成を図るため、
35歳以下を募集しております。","【勤務時間】
★9:00~18:00
└実働8時間/休憩1時間

定時ダッシュも問題ないです✧
✧ 土日祝休み
✧ 残業月平均:6.5時間以内
✧ 残業代100%支給","✧ 完全週休2日制(土日祝休み)
✧ 年間休日125日
「土日休みはマスト!」ってあなたにも
ぴったりの職場です!

【その他休暇】
✧ 有給休暇
✧ 夏季・冬季休暇
✧ GW休暇
✧ 年末年始休暇",埼玉県 比企郡 川島町,,"月給:25万円~+交通費全額支給

※経験に応じて決定いたします。

# 昇給あり
# 賞与あり
# 残業代100%支給
# 交通費支給","・社会保険完備（雇用・労災・健康・厚生年金）
・残業手当・深夜手当・休日出勤手当（実働時間に応じて支給）
・確定拠出年金制度（企業型）
・定期健康診断・インフルエンザ予防接種費用補助
・特別休暇（慶弔休暇）
・産前産後休暇・育児休業・介護休業
・資格取得支援制度（フォークリフト・自主保全士など）
・家具家電付き社員寮制度（勤務地による・規定あり）
・制服貸与
・社員持株会
・福利厚生サービス（レジャー・飲食の優待割引、保養施設）
・団体長期障害所得補償保険（GLTD）","✧ カジュアル面談実施中です ✧

応募に必要なのは人柄だけ。
まずはあなたのご希望を聞かせてください。

■ 応募からの流れ ■
▶ STEP1 WEBから1分で簡単応募
1〜3日以内に担当者からご連絡します。
▶ STEP2 カジュアル面談（1回のみ）
職場の雰囲気や1日の流れをお伝えし、ご希望を伺います。
▶ STEP3 採用

※入社日はご相談いただけます◎
在職中の方も、お気軽にご相談ください。",,即日勤務OK、交通費支給、残業なし,2,任意,生年月日、性別、電話番号,ntf-indeedapplicant-aaaatulx77tci2k2pr5yeqapva@shukatsu-labo.slack.com,,,利用しない,,
募集中,日本マニュファクチャリングサービス株式会社,未経験｜検品・梱包｜日本マニュファクチャリングサービス株式会社｜入間郡三芳町,倉庫作業スタッフ,20～30代活躍中◎残業ほぼなし｜三芳町で腰を据えて働く検品・梱包,,埼玉県 入間郡 三芳町,,,正社員,はい,月給,250000,,最低額を表示,なし,,,,,,,固定時間制,160,,厚生年金、健康保険、雇用保険、労災保険,,なし,,,,,,,,,,,,,,,,,,"埼玉県三芳町エリアで、検品・梱包の正社員スタッフを募集します。
勤務先は三芳町内および周辺の物流センター。商品にキズや汚れがないかを目で確かめ、数を合わせ、袋や箱に丁寧に納める作業が中心です。
1年を通して快適な温度に保たれた室内作業で、当社の先輩スタッフが隣で手順を教えます。

■ 1日の流れ（9:00〜18:00・休憩1時間）
09:00 朝礼。当日の出荷予定と担当エリアを確認し、作業台へ移動します
09:15 午前の検品。入荷した商品を納品書と照らし合わせ、外観と数量をチェック
12:00 昼休憩（60分）。休憩室でゆっくり昼食をとります
13:00 午後の梱包。検品を終えた商品を袋詰めし、サイズに合った箱に納めます
15:00 小休憩（15分）。水分補給と軽いストレッチでリフレッシュ
15:15 ラベル貼りと出荷先ごとの仕分け。台車で所定の場所へ運びます
17:40 作業台の整理整頓と翌日の準備
18:00 退勤。残業は月平均6.5時間以内で、定時に帰れる日がほとんどです

■ 具体的にはこんな商品を扱います
通販サイトで販売されるアパレル商品、生活雑貨、コスメ、文房具が中心です。
・シャツやタオルを畳んで透明袋へ入れる
・コスメの容器にひび割れがないかを目視で確認する
・文房具のセット品を指定の個数で袋詰めする
・箱にラベルを貼り、配送業者ごとの台車に載せる
商品は軽く、作業台の高さも調整されているため、身体への負担を抑えて続けられます。

■ 教育・研修体制
入社初日は安全講習とオリエンテーションから始まり、いきなり現場に出ることはありません。
2日目以降は専任の先輩スタッフが隣について、検品・梱包の手順を実際にやって見せながら説明します。
最初の1週間は「見る→一緒にやる→一人でやる」の順で少しずつ担当を広げ、1週間後にはひと通りの作業を経験できるスケジュールです。
リーダーは常に作業場内にいるため、「これはどこに置くのでしたか」といった質問もすぐに解決できます。

■ 設備・環境のポイント
・冷暖房完備の室内作業で、季節や天候に左右されません
・休憩室には電子レンジ・冷蔵庫・ポットがあり、フリーWi-Fiも使えます
・個人用の鍵付きロッカーを完備
・髪色・ネイル・服装は自由。清潔感があれば普段のスタイルのままで大丈夫です

■ 三芳町の拠点ならではの一言
関越道の三芳スマートIC・所沢ICが近く、東武東上線の鶴瀬駅・みずほ台駅からもバスで通えます。
関越道沿いに大型の物流センターが集まる、県内有数の物流エリアです。
当社は埼玉県内に複数の勤務先を持っているため、ご自宅からの通いやすさも考慮して配属先を相談できます。

製造・物流の現場を支えてきた当社で、あなたのペースで一歩を踏み出してください。ご応募をお待ちしています。","【三芳町で働くならここがポイント】

✅ 覚えることは少なく、教え方は丁寧に
製造現場で人を育ててきた当社では、専任の先輩がマンツーマンで隣につきます。最初はシール貼りやダンボールの組み立てといった簡単な工程から始め、1週間でひと通りの流れを経験できるプログラムを用意しています。

✅ 土日祝休み・年間休日125日
完全週休2日制で、カレンダー通りに休めます。夏季・冬季休暇、GW、年末年始のまとまった休みもあり、予定を立てやすい働き方です。

✅ 重い荷物はほとんどありません
扱うのは衣類・コスメ・文房具・小型雑貨など軽い商品が中心です。重量物の持ち上げや力仕事はほぼなく、身体への負担を抑えて長く続けられます。

✅ 休憩室でしっかりリフレッシュ
昼休憩60分に加えて午後に小休憩があり、集中力を保ちやすいリズムで働けます。休憩室にはポットやフリーWi-Fiもあり、お弁当派にも外食派にも便利です。

✅ 相談しやすい体制
配属先にはリーダーが常駐し、定期的な面談で困りごとを聞き取ります。作業のこと、通勤のこと、働き方のこと、何でも相談してください。

✅ 地元三芳町で長く働く
関越道沿いに大型の物流センターが集まる、県内有数の物流エリアです。関越道の三芳スマートIC・所沢ICが近く、東武東上線の鶴瀬駅・みずほ台駅からもバスで通えます。

「自分にもできそう」と思えたら、それがスタートの合図です。お気軽にご応募ください。","例外事由3号のイにより、長期キャリア形成を図るため、
35歳以下を募集しております。","【勤務時間】
★9:00~18:00
└実働8時間/休憩1時間

定時ダッシュも問題ないです✧
✧ 土日祝休み
✧ 残業月平均:6.5時間以内
✧ 残業代100%支給","✧ 完全週休2日制(土日祝休み)
✧ 年間休日125日
「土日休みはマスト!」ってあなたにも
ぴったりの職場です!

【その他休暇】
✧ 有給休暇
✧ 夏季・冬季休暇
✧ GW休暇
✧ 年末年始休暇",埼玉県 入間郡 三芳町,,"月給:25万円~+交通費全額支給

※経験に応じて決定いたします。

# 昇給あり
# 賞与あり
# 残業代100%支給
# 交通費支給","・社会保険完備（雇用・労災・健康・厚生年金）
・残業手当・深夜手当・休日出勤手当（実働時間に応じて支給）
・確定拠出年金制度（企業型）
・定期健康診断・インフルエンザ予防接種費用補助
・特別休暇（慶弔休暇）
・産前産後休暇・育児休業・介護休業
・資格取得支援制度（フォークリフト・自主保全士など）
・家具家電付き社員寮制度（勤務地による・規定あり）
・制服貸与
・社員持株会
・福利厚生サービス（レジャー・飲食の優待割引、保養施設）
・団体長期障害所得補償保険（GLTD）","【応募前の「気になる」にお答えします】

Q. 面接は堅苦しいですか？
A. いいえ。カジュアル面談を1回行うだけです。服装も自由、履歴書も任意です。

Q. 応募してからどのくらいで決まりますか？
A. 3ステップで進みます。
▶ STEP1 WEBから応募（1分）→ 1〜3日以内にご連絡
▶ STEP2 カジュアル面談（1回のみ）
▶ STEP3 採用

Q. すぐには入社できないのですが…
A. 入社日はご相談いただけます。今のお仕事の引き継ぎ期間なども考慮します。",,即日勤務OK、交通費支給、残業なし,2,任意,生年月日、性別、電話番号,ntf-indeedapplicant-aaaatulx77tci2k2pr5yeqapva@shukatsu-labo.slack.com,,,利用しない,,
募集中,日本マニュファクチャリングサービス株式会社,未経験｜検品・梱包｜日本マニュファクチャリングサービス株式会社｜児玉郡寄居町,倉庫作業スタッフ,20～30代活躍中◎定時で帰れる｜児玉郡の物流センターで検品・梱包,,埼玉県 児玉郡,,,正社員,はい,月給,250000,,最低額を表示,なし,,,,,,,固定時間制,160,,厚生年金、健康保険、雇用保険、労災保険,,なし,,,,,,,,,,,,,,,,,,"児玉郡内および周辺の物流センターで、通販商品や生活雑貨の「検品・梱包」を担当する正社員スタッフの募集です。
冷暖房が効いた清潔な作業場で、商品をひとつずつ確認し、丁寧に箱へ納めていく落ち着いた仕事です。
製造・物流の現場を長年支えてきた当社が、未経験の方を一から育てます。

■ 入社後の1日はこんなイメージです
09:00 朝礼。体調確認と当日の出荷量の共有からスタート
09:15 午前は検品を中心に担当。商品の外観を目視で確認し、傷や汚れがあれば別置きにします
12:00 昼休憩（60分）。お弁当持参の方も、近くで買ってくる方もいます
13:00 午後は梱包を担当。袋詰め、箱詰め、テープ留めの3工程を繰り返します
15:00 小休憩（15分）。自動販売機で飲み物を買って一息
15:15 出荷分の最終チェックと仕分け。全員で協力して当日分を仕上げます
17:45 作業スペースの清掃と日報記入
18:00 定時退勤。残業は月平均6.5時間以内に収まっています

■ 主な作業内容
・検品：入荷した商品の外観チェック（傷・汚れ・パッケージのへこみ）と数量・品番の照合
・スキャン：バーコードリーダーで商品を読み取り、データと突き合わせます
・梱包：袋詰め、緩衝材包装、ダンボールの組み立てと箱詰め、テープ留め
・仕上げ：ラベル貼りと配送地域別の仕分け
扱うのはアパレル商品、コスメ、文房具、小型雑貨など。どれも軽く、繰り返しの中で自然と手順が身につく作業です。

■ 未経験でも安心の1週間プログラム
・1日目：会社説明、安全講習、作業着の受け取り、作業場の見学
・2日目：先輩の隣で検品の実演を見学し、午後から一緒に作業
・3日目：梱包の袋詰め・箱詰めを先輩と一緒に担当
・4日目：シール貼りと仕分けを一人で担当。先輩は同じ作業台で見守ります
・5日目：検品から仕分けまでの流れを通しで経験
覚えることは3ステップの繰り返しなので、専門知識や資格は不要です。製造現場で人を育ててきた当社ならではの丁寧な立ち上がりを用意しています。

■ 職場環境
・空調完備：冷暖房が効いた清潔な室内で、夏も冬も快適に作業できます
・休憩室：電子レンジ・冷蔵庫・ポット・自動販売機を完備。お弁当持参でもゆっくり過ごせます
・ロッカー：鍵付きの個人ロッカーがあり、私物を安心して預けられます
・服装：髪色・ネイルは自由。動きやすい服装で通勤し、現場のルールに沿って作業します

■ 児玉郡の拠点ならではの一言
東武東上線・秩父鉄道・JR八高線が集まる寄居駅周辺で、関越道の花園ICも近い立地です。
県北西部の交通の要所で、インター周辺に製造・物流の拠点が点在します。
当社は埼玉県内に複数の勤務先を持っているため、ご自宅からの通いやすさも考慮して配属先を相談できます。

「難しいことはできないけれど、コツコツ続けることは得意」という方を、当社は大切にしています。まずはお気軽にご応募ください。","【当社の検品・梱包が選ばれる理由】

✅ 覚えることは少なく、教え方は丁寧に
製造現場で人を育ててきた当社では、専任の先輩がマンツーマンで隣につきます。最初はシール貼りやダンボールの組み立てといった簡単な工程から始め、1週間でひと通りの流れを経験できるプログラムを用意しています。

✅ 平日は定時、週末はしっかり休む
9:00〜18:00の固定時間制で、生活リズムが安定します。土日祝はお休みなので、家族や友人と予定を合わせやすいのも魅力です。

✅ 自分のペースで黙々と進められる仕事
ノルマに追われることはなく、接客もありません。「一人で集中して作業したい」「人間関係のストレスを減らしたい」という方にこそ向いている環境です。

✅ 髪色・ネイル・服装は自由
清潔感があれば普段のスタイルのままで大丈夫です。動きやすい服装で通勤し、現場のルールに沿って作業します。

✅ 安定した雇用と福利厚生
正社員としての雇用に加え、社会保険完備、定期健康診断、資格取得支援などの制度があります。「腰を据えて働きたい」という希望に応えられる環境です。

✅ 地元児玉郡で長く働く
県北西部の交通の要所で、インター周辺に製造・物流の拠点が点在します。東武東上線・秩父鉄道・JR八高線が集まる寄居駅周辺で、関越道の花園ICも近い立地です。

まずはカジュアル面談で、職場の雰囲気や1日の流れをお伝えします。ご応募をお待ちしています。","例外事由3号のイにより、長期キャリア形成を図るため、
35歳以下を募集しております。","【勤務時間】
★9:00~18:00
└実働8時間/休憩1時間

定時ダッシュも問題ないです✧
✧ 土日祝休み
✧ 残業月平均:6.5時間以内
✧ 残業代100%支給","✧ 完全週休2日制(土日祝休み)
✧ 年間休日125日
「土日休みはマスト!」ってあなたにも
ぴったりの職場です!

【その他休暇】
✧ 有給休暇
✧ 夏季・冬季休暇
✧ GW休暇
✧ 年末年始休暇",埼玉県 児玉郡,,"月給:25万円~+交通費全額支給

※経験に応じて決定いたします。

# 昇給あり
# 賞与あり
# 残業代100%支給
# 交通費支給","・社会保険完備（雇用・労災・健康・厚生年金）
・残業手当・深夜手当・休日出勤手当（実働時間に応じて支給）
・確定拠出年金制度（企業型）
・定期健康診断・インフルエンザ予防接種費用補助
・特別休暇（慶弔休暇）
・産前産後休暇・育児休業・介護休業
・資格取得支援制度（フォークリフト・自主保全士など）
・家具家電付き社員寮制度（勤務地による・規定あり）
・制服貸与
・社員持株会
・福利厚生サービス（レジャー・飲食の優待割引、保養施設）
・団体長期障害所得補償保険（GLTD）","まずは「話を聞いてみる」だけで大丈夫です。

当社ではカジュアル面談を実施しています。
志望動機や自己PRの準備は不要。
「どんな職場？」「本当に未経験でもできる？」といった疑問に、担当者が率直にお答えします。

■ 応募から入社までの3STEP ■
▶ STEP1 WEB応募（1分）
▶ STEP2 カジュアル面談（1回のみ・1〜3日以内にご連絡）
▶ STEP3 採用・入社日のご相談

入社日は柔軟に調整できます。
「来月から」「今の仕事を辞めてから」など、ご都合をお聞かせください。",,即日勤務OK、交通費支給、残業なし,2,任意,生年月日、性別、電話番号,ntf-indeedapplicant-aaaatulx77tci2k2pr5yeqapva@shukatsu-labo.slack.com,,,利用しない,,
募集中,日本マニュファクチャリングサービス株式会社,未経験｜検品・梱包｜日本マニュファクチャリングサービス株式会社｜入間市,倉庫作業スタッフ,20～30代活躍中◎土日祝休み・入間市勤務｜ものづくり企業の軽作業,,埼玉県 入間市,,,正社員,はい,月給,250000,,最低額を表示,なし,,,,,,,固定時間制,160,,厚生年金、健康保険、雇用保険、労災保険,,なし,,,,,,,,,,,,,,,,,,"勤務先は入間市内および周辺の物流センター。扱うのは衣類・コスメ・文房具・小型雑貨など、手のひらサイズの軽い商品が中心です。
担当していただくのは、届いた商品に不備がないかを確かめ、出荷用の箱に整えて詰める「検品・梱包」の作業。
空調完備の室内で、自分のペースを保ちながら黙々と取り組める環境です。

■ 1日の流れ（9:00〜18:00・休憩1時間）
09:00 朝礼。当日の出荷予定と担当エリアを確認し、作業台へ移動します
09:15 午前の検品。入荷した商品を納品書と照らし合わせ、外観と数量をチェック
12:00 昼休憩（60分）。休憩室でゆっくり昼食をとります
13:00 午後の梱包。検品を終えた商品を袋詰めし、サイズに合った箱に納めます
15:00 小休憩（15分）。水分補給と軽いストレッチでリフレッシュ
15:15 ラベル貼りと出荷先ごとの仕分け。台車で所定の場所へ運びます
17:40 作業台の整理整頓と翌日の準備
18:00 退勤。残業は月平均6.5時間以内で、定時に帰れる日がほとんどです

■ 主な作業内容
・検品：入荷した商品の外観チェック（傷・汚れ・パッケージのへこみ）と数量・品番の照合
・スキャン：バーコードリーダーで商品を読み取り、データと突き合わせます
・梱包：袋詰め、緩衝材包装、ダンボールの組み立てと箱詰め、テープ留め
・仕上げ：ラベル貼りと配送地域別の仕分け
扱うのはアパレル商品、コスメ、文房具、小型雑貨など。どれも軽く、繰り返しの中で自然と手順が身につく作業です。

■ 入社後1週間の流れ
1日目：オリエンテーション。安全ルール、勤怠の付け方、作業場の設備を案内します
2〜3日目：先輩スタッフがマンツーマンで隣につき、検品の見方と梱包の手順を実演しながら教えます
4〜5日目：シール貼りやダンボールの組み立てなど簡単な工程から一人で担当。分からないことはその場で質問できます
1週間後：検品・梱包の一連の流れをひと通り経験し、自分のペースで進められるようになります
当社は製造現場の教育に長年取り組んできた会社です。「早ければ半日、遅くとも2〜3日で一人立ち」が現場の平均的な目安ですが、慣れるまでは焦らず伴走します。

■ 設備・環境のポイント
・冷暖房完備の室内作業で、季節や天候に左右されません
・休憩室には電子レンジ・冷蔵庫・ポットがあり、フリーWi-Fiも使えます
・個人用の鍵付きロッカーを完備
・髪色・ネイル・服装は自由。清潔感があれば普段のスタイルのままで大丈夫です

■ 埼玉県入間市で働く
圏央道沿いに物流施設が集まり、商業施設も充実した県西部の街です。
西武池袋線の入間市駅が最寄りで、圏央道の入間ICも利用しやすい立地です。
入間市周辺で「通勤時間を抑えて安定した正社員の仕事に就きたい」という方に、当社の検品・梱包はぴったりの選択肢です。

「難しいことはできないけれど、コツコツ続けることは得意」という方を、当社は大切にしています。まずはお気軽にご応募ください。","【入間市で働くならここがポイント】

✅ 先輩スタッフの9割以上が未経験からのスタート
「商品を手に取る」「傷がないか見る」「箱に入れる」の3ステップが仕事の基本です。複雑な機械操作や専門用語はなく、入社初日は安全講習とオリエンテーションから始まるので、初めての正社員でも安心してスタートできます。

✅ 残業は月平均6.5時間以内
出荷量に合わせて人員を配置しているため、定時で帰れる日がほとんどです。仕事の後に予定を入れたり、家でゆっくり過ごしたりする時間をきちんと確保できます。

✅ 自分のペースで黙々と進められる仕事
ノルマに追われることはなく、接客もありません。「一人で集中して作業したい」「人間関係のストレスを減らしたい」という方にこそ向いている環境です。

✅ 髪色・ネイル・服装は自由
清潔感があれば普段のスタイルのままで大丈夫です。動きやすい服装で通勤し、現場のルールに沿って作業します。

✅ 製造・物流の現場を支えてきた会社の正社員
当社は全国の製造現場で人材を育ててきた会社です。検品・梱包からスタートし、経験を積めばリーダーや別工程へのステップアップも目指せます。

✅ 地元入間市で長く働く
圏央道沿いに物流施設が集まり、商業施設も充実した県西部の街です。西武池袋線の入間市駅が最寄りで、圏央道の入間ICも利用しやすい立地です。

「自分にもできそう」と思えたら、それがスタートの合図です。お気軽にご応募ください。","例外事由3号のイにより、長期キャリア形成を図るため、
35歳以下を募集しております。","【勤務時間】
★9:00~18:00
└実働8時間/休憩1時間

定時ダッシュも問題ないです✧
✧ 土日祝休み
✧ 残業月平均:6.5時間以内
✧ 残業代100%支給","✧ 完全週休2日制(土日祝休み)
✧ 年間休日125日
「土日休みはマスト!」ってあなたにも
ぴったりの職場です!

【その他休暇】
✧ 有給休暇
✧ 夏季・冬季休暇
✧ GW休暇
✧ 年末年始休暇",埼玉県 入間市,,"月給:25万円~+交通費全額支給

※経験に応じて決定いたします。

# 昇給あり
# 賞与あり
# 残業代100%支給
# 交通費支給","・社会保険完備（雇用・労災・健康・厚生年金）
・残業手当・深夜手当・休日出勤手当（実働時間に応じて支給）
・確定拠出年金制度（企業型）
・定期健康診断・インフルエンザ予防接種費用補助
・特別休暇（慶弔休暇）
・産前産後休暇・育児休業・介護休業
・資格取得支援制度（フォークリフト・自主保全士など）
・家具家電付き社員寮制度（勤務地による・規定あり）
・制服貸与
・社員持株会
・福利厚生サービス（レジャー・飲食の優待割引、保養施設）
・団体長期障害所得補償保険（GLTD）","【最短スケジュールのイメージ】

▶ STEP1 今日：WEBから1分で応募
▶ STEP2 1〜3日後：担当者からご連絡 → カジュアル面談の日程調整
▶ STEP3 面談当日：カジュアル面談（1回のみ）→ 採用のご連絡

面談では、職場の雰囲気・1日の流れ・通勤のことなど、
気になることを何でも聞いてください。

✧ 入社日はご相談いただけます ✧
「すぐ働きたい」「少し先がいい」どちらのご希望にも対応します。",,即日勤務OK、交通費支給、残業なし,2,任意,生年月日、性別、電話番号,ntf-indeedapplicant-aaaatulx77tci2k2pr5yeqapva@shukatsu-labo.slack.com,,,利用しない,,
募集中,日本マニュファクチャリングサービス株式会社,未経験｜検品・梱包｜日本マニュファクチャリングサービス株式会社｜熊谷市,倉庫作業スタッフ,20～30代活躍中◎重い荷物なし｜熊谷市で始める検品・梱包の正社員,,埼玉県 熊谷市,,,正社員,はい,月給,250000,,最低額を表示,なし,,,,,,,固定時間制,160,,厚生年金、健康保険、雇用保険、労災保険,,なし,,,,,,,,,,,,,,,,,,"「ものづくりの現場を支える仕事を、正社員として腰を据えて続けたい」という方へ。
熊谷市内および周辺の物流センターで、商品の検品と梱包を担当するスタッフを募集します。
空調の効いた清潔な作業場で、座り作業と立ち作業を組み合わせながら無理なく進められる仕事です。

■ ある1日のスケジュール（日勤・実働8時間）
09:00 出勤・朝礼。リーダーから本日の作業内容と注意点の共有があります
09:10 検品スタート。ハンディ端末でバーコードを読み取り、品番と数量を照合
10:30 小休憩（10分）
12:00 昼休憩（60分）。電子レンジ・冷蔵庫のある休憩室で昼食
13:00 梱包作業。緩衝材で商品を包み、ダンボールを組み立てて詰めていきます
15:00 小休憩（15分）
15:15 出荷準備。伝票シールを貼り、配送業者ごとにコンテナへ仕分け
17:45 清掃・翌日分の資材補充
18:00 退勤。土日祝はお休みで、翌日の予定も立てやすい働き方です

■ 扱う商品と作業の具体例
・衣類・タオルなどの布製品：ほつれや汚れがないか確認し、専用の透明袋に入れます
・コスメ・ガラス製の小物：割れやすいため、緩衝材で包んでから箱に納めます
・文房具・生活雑貨：品番と個数を納品書と照合し、まとめて袋詰めします
・出荷前の箱：伝票シールと「割れ物注意」「水濡れ厳禁」などの注意シールを所定位置に貼ります
いずれも手のひらから両手で持てる大きさの商品で、重量物の持ち上げはありません。

■ 教育・研修体制
入社初日は安全講習とオリエンテーションから始まり、いきなり現場に出ることはありません。
2日目以降は専任の先輩スタッフが隣について、検品・梱包の手順を実際にやって見せながら説明します。
最初の1週間は「見る→一緒にやる→一人でやる」の順で少しずつ担当を広げ、1週間後にはひと通りの作業を経験できるスケジュールです。
リーダーは常に作業場内にいるため、「これはどこに置くのでしたか」といった質問もすぐに解決できます。

■ 職場環境
・空調完備：冷暖房が効いた清潔な室内で、夏も冬も快適に作業できます
・休憩室：電子レンジ・冷蔵庫・ポット・自動販売機を完備。お弁当持参でもゆっくり過ごせます
・ロッカー：鍵付きの個人ロッカーがあり、私物を安心して預けられます
・服装：髪色・ネイルは自由。動きやすい服装で通勤し、現場のルールに沿って作業します

■ 埼玉県熊谷市で働く
県北の中核都市で、周辺には製造業の工場や物流拠点が多く立地しています。
JR高崎線・上越新幹線・秩父鉄道が乗り入れる熊谷駅が最寄りで、県北の交通の中心です。
熊谷市周辺で「通勤時間を抑えて安定した正社員の仕事に就きたい」という方に、当社の検品・梱包はぴったりの選択肢です。

製造・物流の現場を支えてきた当社で、あなたのペースで一歩を踏み出してください。ご応募をお待ちしています。","【当社の検品・梱包が選ばれる理由】

✅ 先輩スタッフの9割以上が未経験からのスタート
「商品を手に取る」「傷がないか見る」「箱に入れる」の3ステップが仕事の基本です。複雑な機械操作や専門用語はなく、入社初日は安全講習とオリエンテーションから始まるので、初めての正社員でも安心してスタートできます。

✅ 土日祝休み・年間休日125日
完全週休2日制で、カレンダー通りに休めます。夏季・冬季休暇、GW、年末年始のまとまった休みもあり、予定を立てやすい働き方です。

✅ 自分のペースで黙々と進められる仕事
ノルマに追われることはなく、接客もありません。「一人で集中して作業したい」「人間関係のストレスを減らしたい」という方にこそ向いている環境です。

✅ 髪色・ネイル・服装は自由
清潔感があれば普段のスタイルのままで大丈夫です。動きやすい服装で通勤し、現場のルールに沿って作業します。

✅ 相談しやすい体制
配属先にはリーダーが常駐し、定期的な面談で困りごとを聞き取ります。作業のこと、通勤のこと、働き方のこと、何でも相談してください。

✅ 熊谷市で通いやすい勤務地
JR高崎線・上越新幹線・秩父鉄道が乗り入れる熊谷駅が最寄りで、県北の交通の中心です。県北の中核都市で、周辺には製造業の工場や物流拠点が多く立地しています。

まずはカジュアル面談で、職場の雰囲気や1日の流れをお伝えします。ご応募をお待ちしています。","例外事由3号のイにより、長期キャリア形成を図るため、
35歳以下を募集しております。","【勤務時間】
★9:00~18:00
└実働8時間/休憩1時間

定時ダッシュも問題ないです✧
✧ 土日祝休み
✧ 残業月平均:6.5時間以内
✧ 残業代100%支給","✧ 完全週休2日制(土日祝休み)
✧ 年間休日125日
「土日休みはマスト!」ってあなたにも
ぴったりの職場です!

【その他休暇】
✧ 有給休暇
✧ 夏季・冬季休暇
✧ GW休暇
✧ 年末年始休暇",埼玉県 熊谷市,,"月給:25万円~+交通費全額支給

※経験に応じて決定いたします。

# 昇給あり
# 賞与あり
# 残業代100%支給
# 交通費支給","・社会保険完備（雇用・労災・健康・厚生年金）
・残業手当・深夜手当・休日出勤手当（実働時間に応じて支給）
・確定拠出年金制度（企業型）
・定期健康診断・インフルエンザ予防接種費用補助
・特別休暇（慶弔休暇）
・産前産後休暇・育児休業・介護休業
・資格取得支援制度（フォークリフト・自主保全士など）
・家具家電付き社員寮制度（勤務地による・規定あり）
・制服貸与
・社員持株会
・福利厚生サービス（レジャー・飲食の優待割引、保養施設）
・団体長期障害所得補償保険（GLTD）","■ 選考について ■
・カジュアル面談：1回のみ（服装自由・履歴書任意）
・応募から面談まで：WEB応募後、1〜3日以内にご連絡
・入社日：ご相談のうえ決定

■ 応募からの流れ ■
▶ STEP1 WEBから1分で応募
▶ STEP2 カジュアル面談（1回のみ）
▶ STEP3 採用

「まずは話だけ聞いてみたい」という方も、そのままご応募ください。
面談で無理に応募を勧めることはありません。",,即日勤務OK、交通費支給、残業なし,2,任意,生年月日、性別、電話番号,ntf-indeedapplicant-aaaatulx77tci2k2pr5yeqapva@shukatsu-labo.slack.com,,,利用しない,,
募集中,日本マニュファクチャリングサービス株式会社,未経験｜検品・梱包｜日本マニュファクチャリングサービス株式会社｜桶川市,倉庫作業スタッフ,20～30代活躍中◎桶川市｜先輩の9割が未経験スタートの検品・梱包,,埼玉県 桶川市,,,正社員,はい,月給,250000,,最低額を表示,なし,,,,,,,固定時間制,160,,厚生年金、健康保険、雇用保険、労災保険,,なし,,,,,,,,,,,,,,,,,,"埼玉県桶川市エリアで、検品・梱包の正社員スタッフを募集します。
勤務先は桶川市内および周辺の物流センター。商品にキズや汚れがないかを目で確かめ、数を合わせ、袋や箱に丁寧に納める作業が中心です。
1年を通して快適な温度に保たれた室内作業で、当社の先輩スタッフが隣で手順を教えます。

■ 入社後の1日はこんなイメージです
09:00 朝礼。体調確認と当日の出荷量の共有からスタート
09:15 午前は検品を中心に担当。商品の外観を目視で確認し、傷や汚れがあれば別置きにします
12:00 昼休憩（60分）。お弁当持参の方も、近くで買ってくる方もいます
13:00 午後は梱包を担当。袋詰め、箱詰め、テープ留めの3工程を繰り返します
15:00 小休憩（15分）。自動販売機で飲み物を買って一息
15:15 出荷分の最終チェックと仕分け。全員で協力して当日分を仕上げます
17:45 作業スペースの清掃と日報記入
18:00 定時退勤。残業は月平均6.5時間以内に収まっています

■ 作業の流れ（3ステップ）
1. 検品：商品を手に取り、傷・汚れ・数量を確認します。迷ったら「保留」の箱に入れてリーダーに確認するだけです
2. 梱包：商品に合わせて袋・緩衝材・箱を選び、動かないように納めてテープで封をします
3. 仕分け：伝票シールを貼り、配送地域ごとに分けられたコンテナへ移します
扱う商品は衣類・雑貨・コスメ・文房具などの軽いものが中心で、フォークリフトなどの機械操作はありません。

■ 教育・研修体制
入社初日は安全講習とオリエンテーションから始まり、いきなり現場に出ることはありません。
2日目以降は専任の先輩スタッフが隣について、検品・梱包の手順を実際にやって見せながら説明します。
最初の1週間は「見る→一緒にやる→一人でやる」の順で少しずつ担当を広げ、1週間後にはひと通りの作業を経験できるスケジュールです。
リーダーは常に作業場内にいるため、「これはどこに置くのでしたか」といった質問もすぐに解決できます。

■ 働く環境について
作業場は1年を通して空調が効いており、汗だくになったり手がかじかんだりする心配はありません。
休憩室は広く、電子レンジや冷蔵庫、自動販売機が揃っています。昼休憩は各自のペースで過ごしています。
鍵付きロッカーを用意しているので、貴重品の管理も安心です。
服装や髪色は自由で、自分らしいスタイルのまま通勤できます。

■ 桶川市の拠点ならではの一言
JR高崎線の桶川駅が最寄りで、圏央道の桶川北本ICからも近い立地です。
圏央道の開通で物流施設の進出が進む、県央の落ち着いた街です。
当社は埼玉県内に複数の勤務先を持っているため、ご自宅からの通いやすさも考慮して配属先を相談できます。

「難しいことはできないけれど、コツコツ続けることは得意」という方を、当社は大切にしています。まずはお気軽にご応募ください。","【桶川市で働くならここがポイント】

✅ 資格・経験・学歴は問いません
必要なのは「丁寧に確認する姿勢」だけ。検品の見方、梱包の手順はすべて入社後にお伝えします。フォークリフトなどの資格取得を目指したい方には支援制度もあり、長く働くほど仕事の幅が広がります。

✅ 残業は月平均6.5時間以内
出荷量に合わせて人員を配置しているため、定時で帰れる日がほとんどです。仕事の後に予定を入れたり、家でゆっくり過ごしたりする時間をきちんと確保できます。

✅ 重い荷物はほとんどありません
扱うのは衣類・コスメ・文房具・小型雑貨など軽い商品が中心です。重量物の持ち上げや力仕事はほぼなく、身体への負担を抑えて長く続けられます。

✅ 髪色・ネイル・服装は自由
清潔感があれば普段のスタイルのままで大丈夫です。動きやすい服装で通勤し、現場のルールに沿って作業します。

✅ 安定した雇用と福利厚生
正社員としての雇用に加え、社会保険完備、定期健康診断、資格取得支援などの制度があります。「腰を据えて働きたい」という希望に応えられる環境です。

✅ 桶川市で通いやすい勤務地
JR高崎線の桶川駅が最寄りで、圏央道の桶川北本ICからも近い立地です。圏央道の開通で物流施設の進出が進む、県央の落ち着いた街です。

「自分にもできそう」と思えたら、それがスタートの合図です。お気軽にご応募ください。","例外事由3号のイにより、長期キャリア形成を図るため、
35歳以下を募集しております。","【勤務時間】
★9:00~18:00
└実働8時間/休憩1時間

定時ダッシュも問題ないです✧
✧ 土日祝休み
✧ 残業月平均:6.5時間以内
✧ 残業代100%支給","✧ 完全週休2日制(土日祝休み)
✧ 年間休日125日
「土日休みはマスト!」ってあなたにも
ぴったりの職場です!

【その他休暇】
✧ 有給休暇
✧ 夏季・冬季休暇
✧ GW休暇
✧ 年末年始休暇",埼玉県 桶川市,,"月給:25万円~+交通費全額支給

※経験に応じて決定いたします。

# 昇給あり
# 賞与あり
# 残業代100%支給
# 交通費支給","・社会保険完備（雇用・労災・健康・厚生年金）
・残業手当・深夜手当・休日出勤手当（実働時間に応じて支給）
・確定拠出年金制度（企業型）
・定期健康診断・インフルエンザ予防接種費用補助
・特別休暇（慶弔休暇）
・産前産後休暇・育児休業・介護休業
・資格取得支援制度（フォークリフト・自主保全士など）
・家具家電付き社員寮制度（勤務地による・規定あり）
・制服貸与
・社員持株会
・福利厚生サービス（レジャー・飲食の優待割引、保養施設）
・団体長期障害所得補償保険（GLTD）","✧ カジュアル面談実施中です ✧

応募に必要なのは人柄だけ。
まずはあなたのご希望を聞かせてください。

■ 応募からの流れ ■
▶ STEP1 WEBから1分で簡単応募
1〜3日以内に担当者からご連絡します。
▶ STEP2 カジュアル面談（1回のみ）
職場の雰囲気や1日の流れをお伝えし、ご希望を伺います。
▶ STEP3 採用

※入社日はご相談いただけます◎
在職中の方も、お気軽にご相談ください。",,即日勤務OK、交通費支給、残業なし,2,任意,生年月日、性別、電話番号,ntf-indeedapplicant-aaaatulx77tci2k2pr5yeqapva@shukatsu-labo.slack.com,,,利用しない,,
募集中,日本マニュファクチャリングサービス株式会社,未経験｜検品・梱包｜日本マニュファクチャリングサービス株式会社｜千葉市,倉庫作業スタッフ,20～30代活躍中◎未経験から製造のプロへ｜千葉市の検品・梱包スタッフ,,千葉県 千葉市,,,正社員,はい,月給,250000,,最低額を表示,なし,,,,,,,固定時間制,160,,厚生年金、健康保険、雇用保険、労災保険,,なし,,,,,,,,,,,,,,,,,,"千葉市内および周辺の物流センターで、通販商品や生活雑貨の「検品・梱包」を担当する正社員スタッフの募集です。
冷暖房が効いた清潔な作業場で、商品をひとつずつ確認し、丁寧に箱へ納めていく落ち着いた仕事です。
製造・物流の現場を長年支えてきた当社が、未経験の方を一から育てます。

■ ある1日のスケジュール（日勤・実働8時間）
09:00 出勤・朝礼。リーダーから本日の作業内容と注意点の共有があります
09:10 検品スタート。ハンディ端末でバーコードを読み取り、品番と数量を照合
10:30 小休憩（10分）
12:00 昼休憩（60分）。電子レンジ・冷蔵庫のある休憩室で昼食
13:00 梱包作業。緩衝材で商品を包み、ダンボールを組み立てて詰めていきます
15:00 小休憩（15分）
15:15 出荷準備。伝票シールを貼り、配送業者ごとにコンテナへ仕分け
17:45 清掃・翌日分の資材補充
18:00 退勤。土日祝はお休みで、翌日の予定も立てやすい働き方です

■ 作業の流れ（3ステップ）
1. 検品：商品を手に取り、傷・汚れ・数量を確認します。迷ったら「保留」の箱に入れてリーダーに確認するだけです
2. 梱包：商品に合わせて袋・緩衝材・箱を選び、動かないように納めてテープで封をします
3. 仕分け：伝票シールを貼り、配送地域ごとに分けられたコンテナへ移します
扱う商品は衣類・雑貨・コスメ・文房具などの軽いものが中心で、フォークリフトなどの機械操作はありません。

■ 未経験でも安心の1週間プログラム
・1日目：会社説明、安全講習、作業着の受け取り、作業場の見学
・2日目：先輩の隣で検品の実演を見学し、午後から一緒に作業
・3日目：梱包の袋詰め・箱詰めを先輩と一緒に担当
・4日目：シール貼りと仕分けを一人で担当。先輩は同じ作業台で見守ります
・5日目：検品から仕分けまでの流れを通しで経験
覚えることは3ステップの繰り返しなので、専門知識や資格は不要です。製造現場で人を育ててきた当社ならではの丁寧な立ち上がりを用意しています。

■ 設備・環境のポイント
・冷暖房完備の室内作業で、季節や天候に左右されません
・休憩室には電子レンジ・冷蔵庫・ポットがあり、フリーWi-Fiも使えます
・個人用の鍵付きロッカーを完備
・髪色・ネイル・服装は自由。清潔感があれば普段のスタイルのままで大丈夫です

■ 千葉県千葉市で働く
県庁所在地として商業・物流の拠点が集まり、湾岸部には大型倉庫も多いエリアです。
JR各線・京成線・千葉都市モノレールが利用でき、県内各方面から通いやすい地域です。
千葉市周辺で「通勤時間を抑えて安定した正社員の仕事に就きたい」という方に、当社の検品・梱包はぴったりの選択肢です。

「難しいことはできないけれど、コツコツ続けることは得意」という方を、当社は大切にしています。まずはお気軽にご応募ください。","【当社の検品・梱包が選ばれる理由】

✅ 資格・経験・学歴は問いません
必要なのは「丁寧に確認する姿勢」だけ。検品の見方、梱包の手順はすべて入社後にお伝えします。フォークリフトなどの資格取得を目指したい方には支援制度もあり、長く働くほど仕事の幅が広がります。

✅ 土日祝休み・年間休日125日
完全週休2日制で、カレンダー通りに休めます。夏季・冬季休暇、GW、年末年始のまとまった休みもあり、予定を立てやすい働き方です。

✅ 重い荷物はほとんどありません
扱うのは衣類・コスメ・文房具・小型雑貨など軽い商品が中心です。重量物の持ち上げや力仕事はほぼなく、身体への負担を抑えて長く続けられます。

✅ 髪色・ネイル・服装は自由
清潔感があれば普段のスタイルのままで大丈夫です。動きやすい服装で通勤し、現場のルールに沿って作業します。

✅ 製造・物流の現場を支えてきた会社の正社員
当社は全国の製造現場で人材を育ててきた会社です。検品・梱包からスタートし、経験を積めばリーダーや別工程へのステップアップも目指せます。

✅ 千葉市で通いやすい勤務地
JR各線・京成線・千葉都市モノレールが利用でき、県内各方面から通いやすい地域です。県庁所在地として商業・物流の拠点が集まり、湾岸部には大型倉庫も多いエリアです。

まずはカジュアル面談で、職場の雰囲気や1日の流れをお伝えします。ご応募をお待ちしています。","例外事由3号のイにより、長期キャリア形成を図るため、
35歳以下を募集しております。","【勤務時間】
★9:00~18:00
└実働8時間/休憩1時間

定時ダッシュも問題ないです✧
✧ 土日祝休み
✧ 残業月平均:6.5時間以内
✧ 残業代100%支給","✧ 完全週休2日制(土日祝休み)
✧ 年間休日125日
「土日休みはマスト!」ってあなたにも
ぴったりの職場です!

【その他休暇】
✧ 有給休暇
✧ 夏季・冬季休暇
✧ GW休暇
✧ 年末年始休暇",千葉県 千葉市,,"月給:25万円~+交通費全額支給

※経験に応じて決定いたします。

# 昇給あり
# 賞与あり
# 残業代100%支給
# 交通費支給","・社会保険完備（雇用・労災・健康・厚生年金）
・残業手当・深夜手当・休日出勤手当（実働時間に応じて支給）
・確定拠出年金制度（企業型）
・定期健康診断・インフルエンザ予防接種費用補助
・特別休暇（慶弔休暇）
・産前産後休暇・育児休業・介護休業
・資格取得支援制度（フォークリフト・自主保全士など）
・家具家電付き社員寮制度（勤務地による・規定あり）
・制服貸与
・社員持株会
・福利厚生サービス（レジャー・飲食の優待割引、保養施設）
・団体長期障害所得補償保険（GLTD）","【応募前の「気になる」にお答えします】

Q. 面接は堅苦しいですか？
A. いいえ。カジュアル面談を1回行うだけです。服装も自由、履歴書も任意です。

Q. 応募してからどのくらいで決まりますか？
A. 3ステップで進みます。
▶ STEP1 WEBから応募（1分）→ 1〜3日以内にご連絡
▶ STEP2 カジュアル面談（1回のみ）
▶ STEP3 採用

Q. すぐには入社できないのですが…
A. 入社日はご相談いただけます。今のお仕事の引き継ぎ期間なども考慮します。",,即日勤務OK、交通費支給、残業なし,2,任意,生年月日、性別、電話番号,ntf-indeedapplicant-aaaatulx77tci2k2pr5yeqapva@shukatsu-labo.slack.com,,,利用しない,,
募集中,日本マニュファクチャリングサービス株式会社,未経験｜検品・梱包｜日本マニュファクチャリングサービス株式会社｜市川市,倉庫作業スタッフ,20～30代活躍中◎市川市｜黙々作業が好きな方に向く検品・梱包,,千葉県 市川市,,,正社員,はい,月給,250000,,最低額を表示,なし,,,,,,,固定時間制,160,,厚生年金、健康保険、雇用保険、労災保険,,なし,,,,,,,,,,,,,,,,,,"勤務先は市川市内および周辺の物流センター。扱うのは衣類・コスメ・文房具・小型雑貨など、手のひらサイズの軽い商品が中心です。
担当していただくのは、届いた商品に不備がないかを確かめ、出荷用の箱に整えて詰める「検品・梱包」の作業。
空調完備の室内で、自分のペースを保ちながら黙々と取り組める環境です。

■ 入社後の1日はこんなイメージです
09:00 朝礼。体調確認と当日の出荷量の共有からスタート
09:15 午前は検品を中心に担当。商品の外観を目視で確認し、傷や汚れがあれば別置きにします
12:00 昼休憩（60分）。お弁当持参の方も、近くで買ってくる方もいます
13:00 午後は梱包を担当。袋詰め、箱詰め、テープ留めの3工程を繰り返します
15:00 小休憩（15分）。自動販売機で飲み物を買って一息
15:15 出荷分の最終チェックと仕分け。全員で協力して当日分を仕上げます
17:45 作業スペースの清掃と日報記入
18:00 定時退勤。残業は月平均6.5時間以内に収まっています

■ 具体的にはこんな商品を扱います
通販サイトで販売されるアパレル商品、生活雑貨、コスメ、文房具が中心です。
・シャツやタオルを畳んで透明袋へ入れる
・コスメの容器にひび割れがないかを目視で確認する
・文房具のセット品を指定の個数で袋詰めする
・箱にラベルを貼り、配送業者ごとの台車に載せる
商品は軽く、作業台の高さも調整されているため、身体への負担を抑えて続けられます。

■ 入社後1週間の流れ
1日目：オリエンテーション。安全ルール、勤怠の付け方、作業場の設備を案内します
2〜3日目：先輩スタッフがマンツーマンで隣につき、検品の見方と梱包の手順を実演しながら教えます
4〜5日目：シール貼りやダンボールの組み立てなど簡単な工程から一人で担当。分からないことはその場で質問できます
1週間後：検品・梱包の一連の流れをひと通り経験し、自分のペースで進められるようになります
当社は製造現場の教育に長年取り組んできた会社です。「早ければ半日、遅くとも2〜3日で一人立ち」が現場の平均的な目安ですが、慣れるまでは焦らず伴走します。

■ 働く環境について
作業場は1年を通して空調が効いており、汗だくになったり手がかじかんだりする心配はありません。
休憩室は広く、電子レンジや冷蔵庫、自動販売機が揃っています。昼休憩は各自のペースで過ごしています。
鍵付きロッカーを用意しているので、貴重品の管理も安心です。
服装や髪色は自由で、自分らしいスタイルのまま通勤できます。

■ 千葉県市川市で働く
湾岸部に物流センターが集まる、東京に隣接した利便性の高い地域です。
JR総武線・京葉線、京成線、東京メトロ東西線が利用でき、都内からも通いやすい街です。
市川市周辺で「通勤時間を抑えて安定した正社員の仕事に就きたい」という方に、当社の検品・梱包はぴったりの選択肢です。

製造・物流の現場を支えてきた当社で、あなたのペースで一歩を踏み出してください。ご応募をお待ちしています。","【市川市で働くならここがポイント】

✅ 覚えることは少なく、教え方は丁寧に
製造現場で人を育ててきた当社では、専任の先輩がマンツーマンで隣につきます。最初はシール貼りやダンボールの組み立てといった簡単な工程から始め、1週間でひと通りの流れを経験できるプログラムを用意しています。

✅ 平日は定時、週末はしっかり休む
9:00〜18:00の固定時間制で、生活リズムが安定します。土日祝はお休みなので、家族や友人と予定を合わせやすいのも魅力です。

✅ 自分のペースで黙々と進められる仕事
ノルマに追われることはなく、接客もありません。「一人で集中して作業したい」「人間関係のストレスを減らしたい」という方にこそ向いている環境です。

✅ 空調完備・清潔な作業場
冷暖房がしっかり効いた室内で、季節を問わず快適に働けます。休憩室には電子レンジ・冷蔵庫・自動販売機があり、鍵付きロッカーも完備しています。

✅ 相談しやすい体制
配属先にはリーダーが常駐し、定期的な面談で困りごとを聞き取ります。作業のこと、通勤のこと、働き方のこと、何でも相談してください。

✅ 地元市川市で長く働く
湾岸部に物流センターが集まる、東京に隣接した利便性の高い地域です。JR総武線・京葉線、京成線、東京メトロ東西線が利用でき、都内からも通いやすい街です。

まずはカジュアル面談で、職場の雰囲気や1日の流れをお伝えします。ご応募をお待ちしています。","例外事由3号のイにより、長期キャリア形成を図るため、
35歳以下を募集しております。","【勤務時間】
★9:00~18:00
└実働8時間/休憩1時間

定時ダッシュも問題ないです✧
✧ 土日祝休み
✧ 残業月平均:6.5時間以内
✧ 残業代100%支給","✧ 完全週休2日制(土日祝休み)
✧ 年間休日125日
「土日休みはマスト!」ってあなたにも
ぴったりの職場です!

【その他休暇】
✧ 有給休暇
✧ 夏季・冬季休暇
✧ GW休暇
✧ 年末年始休暇",千葉県 市川市,,"月給:25万円~+交通費全額支給

※経験に応じて決定いたします。

# 昇給あり
# 賞与あり
# 残業代100%支給
# 交通費支給","・社会保険完備（雇用・労災・健康・厚生年金）
・残業手当・深夜手当・休日出勤手当（実働時間に応じて支給）
・確定拠出年金制度（企業型）
・定期健康診断・インフルエンザ予防接種費用補助
・特別休暇（慶弔休暇）
・産前産後休暇・育児休業・介護休業
・資格取得支援制度（フォークリフト・自主保全士など）
・家具家電付き社員寮制度（勤務地による・規定あり）
・制服貸与
・社員持株会
・福利厚生サービス（レジャー・飲食の優待割引、保養施設）
・団体長期障害所得補償保険（GLTD）","まずは「話を聞いてみる」だけで大丈夫です。

当社ではカジュアル面談を実施しています。
志望動機や自己PRの準備は不要。
「どんな職場？」「本当に未経験でもできる？」といった疑問に、担当者が率直にお答えします。

■ 応募から入社までの3STEP ■
▶ STEP1 WEB応募（1分）
▶ STEP2 カジュアル面談（1回のみ・1〜3日以内にご連絡）
▶ STEP3 採用・入社日のご相談

入社日は柔軟に調整できます。
「来月から」「今の仕事を辞めてから」など、ご都合をお聞かせください。",,即日勤務OK、交通費支給、残業なし,2,任意,生年月日、性別、電話番号,ntf-indeedapplicant-aaaatulx77tci2k2pr5yeqapva@shukatsu-labo.slack.com,,,利用しない,,
募集中,日本マニュファクチャリングサービス株式会社,未経験｜検品・梱包｜日本マニュファクチャリングサービス株式会社｜船橋市,倉庫作業スタッフ,20～30代活躍中◎船橋市｜空調完備の倉庫でコツコツ検品・梱包,,千葉県 船橋市,,,正社員,はい,月給,250000,,最低額を表示,なし,,,,,,,固定時間制,160,,厚生年金、健康保険、雇用保険、労災保険,,なし,,,,,,,,,,,,,,,,,,"「ものづくりの現場を支える仕事を、正社員として腰を据えて続けたい」という方へ。
船橋市内および周辺の物流センターで、商品の検品と梱包を担当するスタッフを募集します。
空調の効いた清潔な作業場で、座り作業と立ち作業を組み合わせながら無理なく進められる仕事です。

■ 1日の流れ（9:00〜18:00・休憩1時間）
09:00 朝礼。当日の出荷予定と担当エリアを確認し、作業台へ移動します
09:15 午前の検品。入荷した商品を納品書と照らし合わせ、外観と数量をチェック
12:00 昼休憩（60分）。休憩室でゆっくり昼食をとります
13:00 午後の梱包。検品を終えた商品を袋詰めし、サイズに合った箱に納めます
15:00 小休憩（15分）。水分補給と軽いストレッチでリフレッシュ
15:15 ラベル貼りと出荷先ごとの仕分け。台車で所定の場所へ運びます
17:40 作業台の整理整頓と翌日の準備
18:00 退勤。残業は月平均6.5時間以内で、定時に帰れる日がほとんどです

■ 具体的にはこんな商品を扱います
通販サイトで販売されるアパレル商品、生活雑貨、コスメ、文房具が中心です。
・シャツやタオルを畳んで透明袋へ入れる
・コスメの容器にひび割れがないかを目視で確認する
・文房具のセット品を指定の個数で袋詰めする
・箱にラベルを貼り、配送業者ごとの台車に載せる
商品は軽く、作業台の高さも調整されているため、身体への負担を抑えて続けられます。

■ 教育・研修体制
入社初日は安全講習とオリエンテーションから始まり、いきなり現場に出ることはありません。
2日目以降は専任の先輩スタッフが隣について、検品・梱包の手順を実際にやって見せながら説明します。
最初の1週間は「見る→一緒にやる→一人でやる」の順で少しずつ担当を広げ、1週間後にはひと通りの作業を経験できるスケジュールです。
リーダーは常に作業場内にいるため、「これはどこに置くのでしたか」といった質問もすぐに解決できます。

■ 設備・環境のポイント
・冷暖房完備の室内作業で、季節や天候に左右されません
・休憩室には電子レンジ・冷蔵庫・ポットがあり、フリーWi-Fiも使えます
・個人用の鍵付きロッカーを完備
・髪色・ネイル・服装は自由。清潔感があれば普段のスタイルのままで大丈夫です

■ 船橋市の拠点ならではの一言
JR・東武・京成・東葉高速線など路線が豊富で、県内外どこからでも通いやすい地域です。
湾岸エリアに大型物流施設が並ぶ、県内有数の物流拠点です。
当社は千葉県内に複数の勤務先を持っているため、ご自宅からの通いやすさも考慮して配属先を相談できます。

「難しいことはできないけれど、コツコツ続けることは得意」という方を、当社は大切にしています。まずはお気軽にご応募ください。","【当社の検品・梱包が選ばれる理由】

✅ 覚えることは少なく、教え方は丁寧に
製造現場で人を育ててきた当社では、専任の先輩がマンツーマンで隣につきます。最初はシール貼りやダンボールの組み立てといった簡単な工程から始め、1週間でひと通りの流れを経験できるプログラムを用意しています。

✅ 残業は月平均6.5時間以内
出荷量に合わせて人員を配置しているため、定時で帰れる日がほとんどです。仕事の後に予定を入れたり、家でゆっくり過ごしたりする時間をきちんと確保できます。

✅ 自分のペースで黙々と進められる仕事
ノルマに追われることはなく、接客もありません。「一人で集中して作業したい」「人間関係のストレスを減らしたい」という方にこそ向いている環境です。

✅ 空調完備・清潔な作業場
冷暖房がしっかり効いた室内で、季節を問わず快適に働けます。休憩室には電子レンジ・冷蔵庫・自動販売機があり、鍵付きロッカーも完備しています。

✅ 安定した雇用と福利厚生
正社員としての雇用に加え、社会保険完備、定期健康診断、資格取得支援などの制度があります。「腰を据えて働きたい」という希望に応えられる環境です。

✅ 地元船橋市で長く働く
湾岸エリアに大型物流施設が並ぶ、県内有数の物流拠点です。JR・東武・京成・東葉高速線など路線が豊富で、県内外どこからでも通いやすい地域です。

「自分にもできそう」と思えたら、それがスタートの合図です。お気軽にご応募ください。","例外事由3号のイにより、長期キャリア形成を図るため、
35歳以下を募集しております。","【勤務時間】
★9:00~18:00
└実働8時間/休憩1時間

定時ダッシュも問題ないです✧
✧ 土日祝休み
✧ 残業月平均:6.5時間以内
✧ 残業代100%支給","✧ 完全週休2日制(土日祝休み)
✧ 年間休日125日
「土日休みはマスト!」ってあなたにも
ぴったりの職場です!

【その他休暇】
✧ 有給休暇
✧ 夏季・冬季休暇
✧ GW休暇
✧ 年末年始休暇",千葉県 船橋市,,"月給:25万円~+交通費全額支給

※経験に応じて決定いたします。

# 昇給あり
# 賞与あり
# 残業代100%支給
# 交通費支給","・社会保険完備（雇用・労災・健康・厚生年金）
・残業手当・深夜手当・休日出勤手当（実働時間に応じて支給）
・確定拠出年金制度（企業型）
・定期健康診断・インフルエンザ予防接種費用補助
・特別休暇（慶弔休暇）
・産前産後休暇・育児休業・介護休業
・資格取得支援制度（フォークリフト・自主保全士など）
・家具家電付き社員寮制度（勤務地による・規定あり）
・制服貸与
・社員持株会
・福利厚生サービス（レジャー・飲食の優待割引、保養施設）
・団体長期障害所得補償保険（GLTD）","【最短スケジュールのイメージ】

▶ STEP1 今日：WEBから1分で応募
▶ STEP2 1〜3日後：担当者からご連絡 → カジュアル面談の日程調整
▶ STEP3 面談当日：カジュアル面談（1回のみ）→ 採用のご連絡

面談では、職場の雰囲気・1日の流れ・通勤のことなど、
気になることを何でも聞いてください。

✧ 入社日はご相談いただけます ✧
「すぐ働きたい」「少し先がいい」どちらのご希望にも対応します。",,即日勤務OK、交通費支給、残業なし,2,任意,生年月日、性別、電話番号,ntf-indeedapplicant-aaaatulx77tci2k2pr5yeqapva@shukatsu-labo.slack.com,,,利用しない,,
募集中,日本マニュファクチャリングサービス株式会社,未経験｜検品・梱包｜日本マニュファクチャリングサービス株式会社｜松戸市,倉庫作業スタッフ,20～30代活躍中◎松戸市｜マンツーマン研修で安心の検品・梱包,,千葉県 松戸市,,,正社員,はい,月給,250000,,最低額を表示,なし,,,,,,,固定時間制,160,,厚生年金、健康保険、雇用保険、労災保険,,なし,,,,,,,,,,,,,,,,,,"千葉県松戸市エリアで、検品・梱包の正社員スタッフを募集します。
勤務先は松戸市内および周辺の物流センター。商品にキズや汚れがないかを目で確かめ、数を合わせ、袋や箱に丁寧に納める作業が中心です。
1年を通して快適な温度に保たれた室内作業で、当社の先輩スタッフが隣で手順を教えます。

■ ある1日のスケジュール（日勤・実働8時間）
09:00 出勤・朝礼。リーダーから本日の作業内容と注意点の共有があります
09:10 検品スタート。ハンディ端末でバーコードを読み取り、品番と数量を照合
10:30 小休憩（10分）
12:00 昼休憩（60分）。電子レンジ・冷蔵庫のある休憩室で昼食
13:00 梱包作業。緩衝材で商品を包み、ダンボールを組み立てて詰めていきます
15:00 小休憩（15分）
15:15 出荷準備。伝票シールを貼り、配送業者ごとにコンテナへ仕分け
17:45 清掃・翌日分の資材補充
18:00 退勤。土日祝はお休みで、翌日の予定も立てやすい働き方です

■ 主な作業内容
・検品：入荷した商品の外観チェック（傷・汚れ・パッケージのへこみ）と数量・品番の照合
・スキャン：バーコードリーダーで商品を読み取り、データと突き合わせます
・梱包：袋詰め、緩衝材包装、ダンボールの組み立てと箱詰め、テープ留め
・仕上げ：ラベル貼りと配送地域別の仕分け
扱うのはアパレル商品、コスメ、文房具、小型雑貨など。どれも軽く、繰り返しの中で自然と手順が身につく作業です。

■ 未経験でも安心の1週間プログラム
・1日目：会社説明、安全講習、作業着の受け取り、作業場の見学
・2日目：先輩の隣で検品の実演を見学し、午後から一緒に作業
・3日目：梱包の袋詰め・箱詰めを先輩と一緒に担当
・4日目：シール貼りと仕分けを一人で担当。先輩は同じ作業台で見守ります
・5日目：検品から仕分けまでの流れを通しで経験
覚えることは3ステップの繰り返しなので、専門知識や資格は不要です。製造現場で人を育ててきた当社ならではの丁寧な立ち上がりを用意しています。

■ 職場環境
・空調完備：冷暖房が効いた清潔な室内で、夏も冬も快適に作業できます
・休憩室：電子レンジ・冷蔵庫・ポット・自動販売機を完備。お弁当持参でもゆっくり過ごせます
・ロッカー：鍵付きの個人ロッカーがあり、私物を安心して預けられます
・服装：髪色・ネイルは自由。動きやすい服装で通勤し、現場のルールに沿って作業します

■ 松戸市の拠点ならではの一言
JR常磐線・武蔵野線と新京成線が利用でき、都内まで20分圏内です。
住宅地として人気が高く、周辺に配送センターや物流施設も多いエリアです。
当社は千葉県内に複数の勤務先を持っているため、ご自宅からの通いやすさも考慮して配属先を相談できます。

製造・物流の現場を支えてきた当社で、あなたのペースで一歩を踏み出してください。ご応募をお待ちしています。","【松戸市で働くならここがポイント】

✅ 先輩スタッフの9割以上が未経験からのスタート
「商品を手に取る」「傷がないか見る」「箱に入れる」の3ステップが仕事の基本です。複雑な機械操作や専門用語はなく、入社初日は安全講習とオリエンテーションから始まるので、初めての正社員でも安心してスタートできます。

✅ 土日祝休み・年間休日125日
完全週休2日制で、カレンダー通りに休めます。夏季・冬季休暇、GW、年末年始のまとまった休みもあり、予定を立てやすい働き方です。

✅ 自分のペースで黙々と進められる仕事
ノルマに追われることはなく、接客もありません。「一人で集中して作業したい」「人間関係のストレスを減らしたい」という方にこそ向いている環境です。

✅ 空調完備・清潔な作業場
冷暖房がしっかり効いた室内で、季節を問わず快適に働けます。休憩室には電子レンジ・冷蔵庫・自動販売機があり、鍵付きロッカーも完備しています。

✅ 製造・物流の現場を支えてきた会社の正社員
当社は全国の製造現場で人材を育ててきた会社です。検品・梱包からスタートし、経験を積めばリーダーや別工程へのステップアップも目指せます。

✅ 地元松戸市で長く働く
住宅地として人気が高く、周辺に配送センターや物流施設も多いエリアです。JR常磐線・武蔵野線と新京成線が利用でき、都内まで20分圏内です。

まずはカジュアル面談で、職場の雰囲気や1日の流れをお伝えします。ご応募をお待ちしています。","例外事由3号のイにより、長期キャリア形成を図るため、
35歳以下を募集しております。","【勤務時間】
★9:00~18:00
└実働8時間/休憩1時間

定時ダッシュも問題ないです✧
✧ 土日祝休み
✧ 残業月平均:6.5時間以内
✧ 残業代100%支給","✧ 完全週休2日制(土日祝休み)
✧ 年間休日125日
「土日休みはマスト!」ってあなたにも
ぴったりの職場です!

【その他休暇】
✧ 有給休暇
✧ 夏季・冬季休暇
✧ GW休暇
✧ 年末年始休暇",千葉県 松戸市,,"月給:25万円~+交通費全額支給

※経験に応じて決定いたします。

# 昇給あり
# 賞与あり
# 残業代100%支給
# 交通費支給","・社会保険完備（雇用・労災・健康・厚生年金）
・残業手当・深夜手当・休日出勤手当（実働時間に応じて支給）
・確定拠出年金制度（企業型）
・定期健康診断・インフルエンザ予防接種費用補助
・特別休暇（慶弔休暇）
・産前産後休暇・育児休業・介護休業
・資格取得支援制度（フォークリフト・自主保全士など）
・家具家電付き社員寮制度（勤務地による・規定あり）
・制服貸与
・社員持株会
・福利厚生サービス（レジャー・飲食の優待割引、保養施設）
・団体長期障害所得補償保険（GLTD）","■ 選考について ■
・カジュアル面談：1回のみ（服装自由・履歴書任意）
・応募から面談まで：WEB応募後、1〜3日以内にご連絡
・入社日：ご相談のうえ決定

■ 応募からの流れ ■
▶ STEP1 WEBから1分で応募
▶ STEP2 カジュアル面談（1回のみ）
▶ STEP3 採用

「まずは話だけ聞いてみたい」という方も、そのままご応募ください。
面談で無理に応募を勧めることはありません。",,即日勤務OK、交通費支給、残業なし,2,任意,生年月日、性別、電話番号,ntf-indeedapplicant-aaaatulx77tci2k2pr5yeqapva@shukatsu-labo.slack.com,,,利用しない,,
募集中,日本マニュファクチャリングサービス株式会社,未経験｜検品・梱包｜日本マニュファクチャリングサービス株式会社｜野田市,倉庫作業スタッフ,20～30代活躍中◎野田市で正社員デビュー｜検品・梱包のシンプル作業,,千葉県 野田市,,,正社員,はい,月給,250000,,最低額を表示,なし,,,,,,,固定時間制,160,,厚生年金、健康保険、雇用保険、労災保険,,なし,,,,,,,,,,,,,,,,,,"野田市内および周辺の物流センターで、通販商品や生活雑貨の「検品・梱包」を担当する正社員スタッフの募集です。
冷暖房が効いた清潔な作業場で、商品をひとつずつ確認し、丁寧に箱へ納めていく落ち着いた仕事です。
製造・物流の現場を長年支えてきた当社が、未経験の方を一から育てます。

■ 1日の流れ（9:00〜18:00・休憩1時間）
09:00 朝礼。当日の出荷予定と担当エリアを確認し、作業台へ移動します
09:15 午前の検品。入荷した商品を納品書と照らし合わせ、外観と数量をチェック
12:00 昼休憩（60分）。休憩室でゆっくり昼食をとります
13:00 午後の梱包。検品を終えた商品を袋詰めし、サイズに合った箱に納めます
15:00 小休憩（15分）。水分補給と軽いストレッチでリフレッシュ
15:15 ラベル貼りと出荷先ごとの仕分け。台車で所定の場所へ運びます
17:40 作業台の整理整頓と翌日の準備
18:00 退勤。残業は月平均6.5時間以内で、定時に帰れる日がほとんどです

■ 主な作業内容
・検品：入荷した商品の外観チェック（傷・汚れ・パッケージのへこみ）と数量・品番の照合
・スキャン：バーコードリーダーで商品を読み取り、データと突き合わせます
・梱包：袋詰め、緩衝材包装、ダンボールの組み立てと箱詰め、テープ留め
・仕上げ：ラベル貼りと配送地域別の仕分け
扱うのはアパレル商品、コスメ、文房具、小型雑貨など。どれも軽く、繰り返しの中で自然と手順が身につく作業です。

■ 入社後1週間の流れ
1日目：オリエンテーション。安全ルール、勤怠の付け方、作業場の設備を案内します
2〜3日目：先輩スタッフがマンツーマンで隣につき、検品の見方と梱包の手順を実演しながら教えます
4〜5日目：シール貼りやダンボールの組み立てなど簡単な工程から一人で担当。分からないことはその場で質問できます
1週間後：検品・梱包の一連の流れをひと通り経験し、自分のペースで進められるようになります
当社は製造現場の教育に長年取り組んできた会社です。「早ければ半日、遅くとも2〜3日で一人立ち」が現場の平均的な目安ですが、慣れるまでは焦らず伴走します。

■ 設備・環境のポイント
・冷暖房完備の室内作業で、季節や天候に左右されません
・休憩室には電子レンジ・冷蔵庫・ポットがあり、フリーWi-Fiも使えます
・個人用の鍵付きロッカーを完備
・髪色・ネイル・服装は自由。清潔感があれば普段のスタイルのままで大丈夫です

■ 千葉県野田市で働く
醤油のまちとして知られ、国道16号沿いに物流施設が集まる地域です。
東武アーバンパークラインの野田市駅・愛宕駅が最寄りで、柏・春日部方面からも通えます。
野田市周辺で「通勤時間を抑えて安定した正社員の仕事に就きたい」という方に、当社の検品・梱包はぴったりの選択肢です。

製造・物流の現場を支えてきた当社で、あなたのペースで一歩を踏み出してください。ご応募をお待ちしています。","【当社の検品・梱包が選ばれる理由】

✅ 先輩スタッフの9割以上が未経験からのスタート
「商品を手に取る」「傷がないか見る」「箱に入れる」の3ステップが仕事の基本です。複雑な機械操作や専門用語はなく、入社初日は安全講習とオリエンテーションから始まるので、初めての正社員でも安心してスタートできます。

✅ 平日は定時、週末はしっかり休む
9:00〜18:00の固定時間制で、生活リズムが安定します。土日祝はお休みなので、家族や友人と予定を合わせやすいのも魅力です。

✅ 重い荷物はほとんどありません
扱うのは衣類・コスメ・文房具・小型雑貨など軽い商品が中心です。重量物の持ち上げや力仕事はほぼなく、身体への負担を抑えて長く続けられます。

✅ 空調完備・清潔な作業場
冷暖房がしっかり効いた室内で、季節を問わず快適に働けます。休憩室には電子レンジ・冷蔵庫・自動販売機があり、鍵付きロッカーも完備しています。

✅ 相談しやすい体制
配属先にはリーダーが常駐し、定期的な面談で困りごとを聞き取ります。作業のこと、通勤のこと、働き方のこと、何でも相談してください。

✅ 野田市で通いやすい勤務地
東武アーバンパークラインの野田市駅・愛宕駅が最寄りで、柏・春日部方面からも通えます。醤油のまちとして知られ、国道16号沿いに物流施設が集まる地域です。

「自分にもできそう」と思えたら、それがスタートの合図です。お気軽にご応募ください。","例外事由3号のイにより、長期キャリア形成を図るため、
35歳以下を募集しております。","【勤務時間】
★9:00~18:00
└実働8時間/休憩1時間

定時ダッシュも問題ないです✧
✧ 土日祝休み
✧ 残業月平均:6.5時間以内
✧ 残業代100%支給","✧ 完全週休2日制(土日祝休み)
✧ 年間休日125日
「土日休みはマスト!」ってあなたにも
ぴったりの職場です!

【その他休暇】
✧ 有給休暇
✧ 夏季・冬季休暇
✧ GW休暇
✧ 年末年始休暇",千葉県 野田市,,"月給:25万円~+交通費全額支給

※経験に応じて決定いたします。

# 昇給あり
# 賞与あり
# 残業代100%支給
# 交通費支給","・社会保険完備（雇用・労災・健康・厚生年金）
・残業手当・深夜手当・休日出勤手当（実働時間に応じて支給）
・確定拠出年金制度（企業型）
・定期健康診断・インフルエンザ予防接種費用補助
・特別休暇（慶弔休暇）
・産前産後休暇・育児休業・介護休業
・資格取得支援制度（フォークリフト・自主保全士など）
・家具家電付き社員寮制度（勤務地による・規定あり）
・制服貸与
・社員持株会
・福利厚生サービス（レジャー・飲食の優待割引、保養施設）
・団体長期障害所得補償保険（GLTD）","✧ カジュアル面談実施中です ✧

応募に必要なのは人柄だけ。
まずはあなたのご希望を聞かせてください。

■ 応募からの流れ ■
▶ STEP1 WEBから1分で簡単応募
1〜3日以内に担当者からご連絡します。
▶ STEP2 カジュアル面談（1回のみ）
職場の雰囲気や1日の流れをお伝えし、ご希望を伺います。
▶ STEP3 採用

※入社日はご相談いただけます◎
在職中の方も、お気軽にご相談ください。",,即日勤務OK、交通費支給、残業なし,2,任意,生年月日、性別、電話番号,ntf-indeedapplicant-aaaatulx77tci2k2pr5yeqapva@shukatsu-labo.slack.com,,,利用しない,,
募集中,日本マニュファクチャリングサービス株式会社,未経験｜検品・梱包｜日本マニュファクチャリングサービス株式会社｜成田市,倉庫作業スタッフ,20～30代活躍中◎成田市｜年間休日125日・完全週休2日の軽作業,,千葉県 成田市,,,正社員,はい,月給,250000,,最低額を表示,なし,,,,,,,固定時間制,160,,厚生年金、健康保険、雇用保険、労災保険,,なし,,,,,,,,,,,,,,,,,,"勤務先は成田市内および周辺の物流センター。扱うのは衣類・コスメ・文房具・小型雑貨など、手のひらサイズの軽い商品が中心です。
担当していただくのは、届いた商品に不備がないかを確かめ、出荷用の箱に整えて詰める「検品・梱包」の作業。
空調完備の室内で、自分のペースを保ちながら黙々と取り組める環境です。

■ ある1日のスケジュール（日勤・実働8時間）
09:00 出勤・朝礼。リーダーから本日の作業内容と注意点の共有があります
09:10 検品スタート。ハンディ端末でバーコードを読み取り、品番と数量を照合
10:30 小休憩（10分）
12:00 昼休憩（60分）。電子レンジ・冷蔵庫のある休憩室で昼食
13:00 梱包作業。緩衝材で商品を包み、ダンボールを組み立てて詰めていきます
15:00 小休憩（15分）
15:15 出荷準備。伝票シールを貼り、配送業者ごとにコンテナへ仕分け
17:45 清掃・翌日分の資材補充
18:00 退勤。土日祝はお休みで、翌日の予定も立てやすい働き方です

■ 扱う商品と作業の具体例
・衣類・タオルなどの布製品：ほつれや汚れがないか確認し、専用の透明袋に入れます
・コスメ・ガラス製の小物：割れやすいため、緩衝材で包んでから箱に納めます
・文房具・生活雑貨：品番と個数を納品書と照合し、まとめて袋詰めします
・出荷前の箱：伝票シールと「割れ物注意」「水濡れ厳禁」などの注意シールを所定位置に貼ります
いずれも手のひらから両手で持てる大きさの商品で、重量物の持ち上げはありません。

■ 教育・研修体制
入社初日は安全講習とオリエンテーションから始まり、いきなり現場に出ることはありません。
2日目以降は専任の先輩スタッフが隣について、検品・梱包の手順を実際にやって見せながら説明します。
最初の1週間は「見る→一緒にやる→一人でやる」の順で少しずつ担当を広げ、1週間後にはひと通りの作業を経験できるスケジュールです。
リーダーは常に作業場内にいるため、「これはどこに置くのでしたか」といった質問もすぐに解決できます。

■ 職場環境
・空調完備：冷暖房が効いた清潔な室内で、夏も冬も快適に作業できます
・休憩室：電子レンジ・冷蔵庫・ポット・自動販売機を完備。お弁当持参でもゆっくり過ごせます
・ロッカー：鍵付きの個人ロッカーがあり、私物を安心して預けられます
・服装：髪色・ネイルは自由。動きやすい服装で通勤し、現場のルールに沿って作業します

■ 千葉県成田市で働く
成田空港を抱え、航空貨物や輸入品を扱う物流拠点が集中するエリアです。
JR成田線・京成本線の成田駅が最寄りで、東関東道の成田ICも近い立地です。
成田市周辺で「通勤時間を抑えて安定した正社員の仕事に就きたい」という方に、当社の検品・梱包はぴったりの選択肢です。

「難しいことはできないけれど、コツコツ続けることは得意」という方を、当社は大切にしています。まずはお気軽にご応募ください。","【成田市で働くならここがポイント】

✅ 資格・経験・学歴は問いません
必要なのは「丁寧に確認する姿勢」だけ。検品の見方、梱包の手順はすべて入社後にお伝えします。フォークリフトなどの資格取得を目指したい方には支援制度もあり、長く働くほど仕事の幅が広がります。

✅ 土日祝休み・年間休日125日
完全週休2日制で、カレンダー通りに休めます。夏季・冬季休暇、GW、年末年始のまとまった休みもあり、予定を立てやすい働き方です。

✅ 重い荷物はほとんどありません
扱うのは衣類・コスメ・文房具・小型雑貨など軽い商品が中心です。重量物の持ち上げや力仕事はほぼなく、身体への負担を抑えて長く続けられます。

✅ 空調完備・清潔な作業場
冷暖房がしっかり効いた室内で、季節を問わず快適に働けます。休憩室には電子レンジ・冷蔵庫・自動販売機があり、鍵付きロッカーも完備しています。

✅ 安定した雇用と福利厚生
正社員としての雇用に加え、社会保険完備、定期健康診断、資格取得支援などの制度があります。「腰を据えて働きたい」という希望に応えられる環境です。

✅ 成田市で通いやすい勤務地
JR成田線・京成本線の成田駅が最寄りで、東関東道の成田ICも近い立地です。成田空港を抱え、航空貨物や輸入品を扱う物流拠点が集中するエリアです。

まずはカジュアル面談で、職場の雰囲気や1日の流れをお伝えします。ご応募をお待ちしています。","例外事由3号のイにより、長期キャリア形成を図るため、
35歳以下を募集しております。","【勤務時間】
★9:00~18:00
└実働8時間/休憩1時間

定時ダッシュも問題ないです✧
✧ 土日祝休み
✧ 残業月平均:6.5時間以内
✧ 残業代100%支給","✧ 完全週休2日制(土日祝休み)
✧ 年間休日125日
「土日休みはマスト!」ってあなたにも
ぴったりの職場です!

【その他休暇】
✧ 有給休暇
✧ 夏季・冬季休暇
✧ GW休暇
✧ 年末年始休暇",千葉県 成田市,,"月給:25万円~+交通費全額支給

※経験に応じて決定いたします。

# 昇給あり
# 賞与あり
# 残業代100%支給
# 交通費支給","・社会保険完備（雇用・労災・健康・厚生年金）
・残業手当・深夜手当・休日出勤手当（実働時間に応じて支給）
・確定拠出年金制度（企業型）
・定期健康診断・インフルエンザ予防接種費用補助
・特別休暇（慶弔休暇）
・産前産後休暇・育児休業・介護休業
・資格取得支援制度（フォークリフト・自主保全士など）
・家具家電付き社員寮制度（勤務地による・規定あり）
・制服貸与
・社員持株会
・福利厚生サービス（レジャー・飲食の優待割引、保養施設）
・団体長期障害所得補償保険（GLTD）","【応募前の「気になる」にお答えします】

Q. 面接は堅苦しいですか？
A. いいえ。カジュアル面談を1回行うだけです。服装も自由、履歴書も任意です。

Q. 応募してからどのくらいで決まりますか？
A. 3ステップで進みます。
▶ STEP1 WEBから応募（1分）→ 1〜3日以内にご連絡
▶ STEP2 カジュアル面談（1回のみ）
▶ STEP3 採用

Q. すぐには入社できないのですが…
A. 入社日はご相談いただけます。今のお仕事の引き継ぎ期間なども考慮します。",,即日勤務OK、交通費支給、残業なし,2,任意,生年月日、性別、電話番号,ntf-indeedapplicant-aaaatulx77tci2k2pr5yeqapva@shukatsu-labo.slack.com,,,利用しない,,
募集中,日本マニュファクチャリングサービス株式会社,未経験｜検品・梱包｜日本マニュファクチャリングサービス株式会社｜佐倉市,倉庫作業スタッフ,20～30代活躍中◎安定の正社員｜佐倉市で検品・梱包を一から,,千葉県 佐倉市,,,正社員,はい,月給,250000,,最低額を表示,なし,,,,,,,固定時間制,160,,厚生年金、健康保険、雇用保険、労災保険,,なし,,,,,,,,,,,,,,,,,,"「ものづくりの現場を支える仕事を、正社員として腰を据えて続けたい」という方へ。
佐倉市内および周辺の物流センターで、商品の検品と梱包を担当するスタッフを募集します。
空調の効いた清潔な作業場で、座り作業と立ち作業を組み合わせながら無理なく進められる仕事です。

■ 入社後の1日はこんなイメージです
09:00 朝礼。体調確認と当日の出荷量の共有からスタート
09:15 午前は検品を中心に担当。商品の外観を目視で確認し、傷や汚れがあれば別置きにします
12:00 昼休憩（60分）。お弁当持参の方も、近くで買ってくる方もいます
13:00 午後は梱包を担当。袋詰め、箱詰め、テープ留めの3工程を繰り返します
15:00 小休憩（15分）。自動販売機で飲み物を買って一息
15:15 出荷分の最終チェックと仕分け。全員で協力して当日分を仕上げます
17:45 作業スペースの清掃と日報記入
18:00 定時退勤。残業は月平均6.5時間以内に収まっています

■ 作業の流れ（3ステップ）
1. 検品：商品を手に取り、傷・汚れ・数量を確認します。迷ったら「保留」の箱に入れてリーダーに確認するだけです
2. 梱包：商品に合わせて袋・緩衝材・箱を選び、動かないように納めてテープで封をします
3. 仕分け：伝票シールを貼り、配送地域ごとに分けられたコンテナへ移します
扱う商品は衣類・雑貨・コスメ・文房具などの軽いものが中心で、フォークリフトなどの機械操作はありません。

■ 教育・研修体制
入社初日は安全講習とオリエンテーションから始まり、いきなり現場に出ることはありません。
2日目以降は専任の先輩スタッフが隣について、検品・梱包の手順を実際にやって見せながら説明します。
最初の1週間は「見る→一緒にやる→一人でやる」の順で少しずつ担当を広げ、1週間後にはひと通りの作業を経験できるスケジュールです。
リーダーは常に作業場内にいるため、「これはどこに置くのでしたか」といった質問もすぐに解決できます。

■ 働く環境について
作業場は1年を通して空調が効いており、汗だくになったり手がかじかんだりする心配はありません。
休憩室は広く、電子レンジや冷蔵庫、自動販売機が揃っています。昼休憩は各自のペースで過ごしています。
鍵付きロッカーを用意しているので、貴重品の管理も安心です。
服装や髪色は自由で、自分らしいスタイルのまま通勤できます。

■ 佐倉市の拠点ならではの一言
JR総武本線の佐倉駅と京成線の京成佐倉駅が利用できます。
歴史ある城下町の雰囲気と、東関東道沿いの物流施設が共存する街です。
当社は千葉県内に複数の勤務先を持っているため、ご自宅からの通いやすさも考慮して配属先を相談できます。

製造・物流の現場を支えてきた当社で、あなたのペースで一歩を踏み出してください。ご応募をお待ちしています。","【当社の検品・梱包が選ばれる理由】

✅ 資格・経験・学歴は問いません
必要なのは「丁寧に確認する姿勢」だけ。検品の見方、梱包の手順はすべて入社後にお伝えします。フォークリフトなどの資格取得を目指したい方には支援制度もあり、長く働くほど仕事の幅が広がります。

✅ 平日は定時、週末はしっかり休む
9:00〜18:00の固定時間制で、生活リズムが安定します。土日祝はお休みなので、家族や友人と予定を合わせやすいのも魅力です。

✅ 自分のペースで黙々と進められる仕事
ノルマに追われることはなく、接客もありません。「一人で集中して作業したい」「人間関係のストレスを減らしたい」という方にこそ向いている環境です。

✅ 休憩室でしっかりリフレッシュ
昼休憩60分に加えて午後に小休憩があり、集中力を保ちやすいリズムで働けます。休憩室にはポットやフリーWi-Fiもあり、お弁当派にも外食派にも便利です。

✅ 相談しやすい体制
配属先にはリーダーが常駐し、定期的な面談で困りごとを聞き取ります。作業のこと、通勤のこと、働き方のこと、何でも相談してください。

✅ 地元佐倉市で長く働く
歴史ある城下町の雰囲気と、東関東道沿いの物流施設が共存する街です。JR総武本線の佐倉駅と京成線の京成佐倉駅が利用できます。

まずはカジュアル面談で、職場の雰囲気や1日の流れをお伝えします。ご応募をお待ちしています。","例外事由3号のイにより、長期キャリア形成を図るため、
35歳以下を募集しております。","【勤務時間】
★9:00~18:00
└実働8時間/休憩1時間

定時ダッシュも問題ないです✧
✧ 土日祝休み
✧ 残業月平均:6.5時間以内
✧ 残業代100%支給","✧ 完全週休2日制(土日祝休み)
✧ 年間休日125日
「土日休みはマスト!」ってあなたにも
ぴったりの職場です!

【その他休暇】
✧ 有給休暇
✧ 夏季・冬季休暇
✧ GW休暇
✧ 年末年始休暇",千葉県 佐倉市,,"月給:25万円~+交通費全額支給

※経験に応じて決定いたします。

# 昇給あり
# 賞与あり
# 残業代100%支給
# 交通費支給","・社会保険完備（雇用・労災・健康・厚生年金）
・残業手当・深夜手当・休日出勤手当（実働時間に応じて支給）
・確定拠出年金制度（企業型）
・定期健康診断・インフルエンザ予防接種費用補助
・特別休暇（慶弔休暇）
・産前産後休暇・育児休業・介護休業
・資格取得支援制度（フォークリフト・自主保全士など）
・家具家電付き社員寮制度（勤務地による・規定あり）
・制服貸与
・社員持株会
・福利厚生サービス（レジャー・飲食の優待割引、保養施設）
・団体長期障害所得補償保険（GLTD）","まずは「話を聞いてみる」だけで大丈夫です。

当社ではカジュアル面談を実施しています。
志望動機や自己PRの準備は不要。
「どんな職場？」「本当に未経験でもできる？」といった疑問に、担当者が率直にお答えします。

■ 応募から入社までの3STEP ■
▶ STEP1 WEB応募（1分）
▶ STEP2 カジュアル面談（1回のみ・1〜3日以内にご連絡）
▶ STEP3 採用・入社日のご相談

入社日は柔軟に調整できます。
「来月から」「今の仕事を辞めてから」など、ご都合をお聞かせください。",,即日勤務OK、交通費支給、残業なし,2,任意,生年月日、性別、電話番号,ntf-indeedapplicant-aaaatulx77tci2k2pr5yeqapva@shukatsu-labo.slack.com,,,利用しない,,
募集中,日本マニュファクチャリングサービス株式会社,未経験｜検品・梱包｜日本マニュファクチャリングサービス株式会社｜習志野市,倉庫作業スタッフ,20～30代活躍中◎残業ほぼなし｜習志野市で腰を据えて働く検品・梱包,,千葉県 習志野市,,,正社員,はい,月給,250000,,最低額を表示,なし,,,,,,,固定時間制,160,,厚生年金、健康保険、雇用保険、労災保険,,なし,,,,,,,,,,,,,,,,,,"千葉県習志野市エリアで、検品・梱包の正社員スタッフを募集します。
勤務先は習志野市内および周辺の物流センター。商品にキズや汚れがないかを目で確かめ、数を合わせ、袋や箱に丁寧に納める作業が中心です。
1年を通して快適な温度に保たれた室内作業で、当社の先輩スタッフが隣で手順を教えます。

■ 1日の流れ（9:00〜18:00・休憩1時間）
09:00 朝礼。当日の出荷予定と担当エリアを確認し、作業台へ移動します
09:15 午前の検品。入荷した商品を納品書と照らし合わせ、外観と数量をチェック
12:00 昼休憩（60分）。休憩室でゆっくり昼食をとります
13:00 午後の梱包。検品を終えた商品を袋詰めし、サイズに合った箱に納めます
15:00 小休憩（15分）。水分補給と軽いストレッチでリフレッシュ
15:15 ラベル貼りと出荷先ごとの仕分け。台車で所定の場所へ運びます
17:40 作業台の整理整頓と翌日の準備
18:00 退勤。残業は月平均6.5時間以内で、定時に帰れる日がほとんどです

■ 作業の流れ（3ステップ）
1. 検品：商品を手に取り、傷・汚れ・数量を確認します。迷ったら「保留」の箱に入れてリーダーに確認するだけです
2. 梱包：商品に合わせて袋・緩衝材・箱を選び、動かないように納めてテープで封をします
3. 仕分け：伝票シールを貼り、配送地域ごとに分けられたコンテナへ移します
扱う商品は衣類・雑貨・コスメ・文房具などの軽いものが中心で、フォークリフトなどの機械操作はありません。

■ 未経験でも安心の1週間プログラム
・1日目：会社説明、安全講習、作業着の受け取り、作業場の見学
・2日目：先輩の隣で検品の実演を見学し、午後から一緒に作業
・3日目：梱包の袋詰め・箱詰めを先輩と一緒に担当
・4日目：シール貼りと仕分けを一人で担当。先輩は同じ作業台で見守ります
・5日目：検品から仕分けまでの流れを通しで経験
覚えることは3ステップの繰り返しなので、専門知識や資格は不要です。製造現場で人を育ててきた当社ならではの丁寧な立ち上がりを用意しています。

■ 設備・環境のポイント
・冷暖房完備の室内作業で、季節や天候に左右されません
・休憩室には電子レンジ・冷蔵庫・ポットがあり、フリーWi-Fiも使えます
・個人用の鍵付きロッカーを完備
・髪色・ネイル・服装は自由。清潔感があれば普段のスタイルのままで大丈夫です

■ 千葉県習志野市で働く
駅周辺の商業施設が充実し、湾岸部には物流倉庫も多いエリアです。
JR総武線・京成線が乗り入れる津田沼駅周辺が中心で、都内・千葉どちらからも通いやすい立地です。
習志野市周辺で「通勤時間を抑えて安定した正社員の仕事に就きたい」という方に、当社の検品・梱包はぴったりの選択肢です。

製造・物流の現場を支えてきた当社で、あなたのペースで一歩を踏み出してください。ご応募をお待ちしています。","【習志野市で働くならここがポイント】

✅ 覚えることは少なく、教え方は丁寧に
製造現場で人を育ててきた当社では、専任の先輩がマンツーマンで隣につきます。最初はシール貼りやダンボールの組み立てといった簡単な工程から始め、1週間でひと通りの流れを経験できるプログラムを用意しています。

✅ 残業は月平均6.5時間以内
出荷量に合わせて人員を配置しているため、定時で帰れる日がほとんどです。仕事の後に予定を入れたり、家でゆっくり過ごしたりする時間をきちんと確保できます。

✅ 自分のペースで黙々と進められる仕事
ノルマに追われることはなく、接客もありません。「一人で集中して作業したい」「人間関係のストレスを減らしたい」という方にこそ向いている環境です。

✅ 休憩室でしっかりリフレッシュ
昼休憩60分に加えて午後に小休憩があり、集中力を保ちやすいリズムで働けます。休憩室にはポットやフリーWi-Fiもあり、お弁当派にも外食派にも便利です。

✅ 安定した雇用と福利厚生
正社員としての雇用に加え、社会保険完備、定期健康診断、資格取得支援などの制度があります。「腰を据えて働きたい」という希望に応えられる環境です。

✅ 地元習志野市で長く働く
駅周辺の商業施設が充実し、湾岸部には物流倉庫も多いエリアです。JR総武線・京成線が乗り入れる津田沼駅周辺が中心で、都内・千葉どちらからも通いやすい立地です。

「自分にもできそう」と思えたら、それがスタートの合図です。お気軽にご応募ください。","例外事由3号のイにより、長期キャリア形成を図るため、
35歳以下を募集しております。","【勤務時間】
★9:00~18:00
└実働8時間/休憩1時間

定時ダッシュも問題ないです✧
✧ 土日祝休み
✧ 残業月平均:6.5時間以内
✧ 残業代100%支給","✧ 完全週休2日制(土日祝休み)
✧ 年間休日125日
「土日休みはマスト!」ってあなたにも
ぴったりの職場です!

【その他休暇】
✧ 有給休暇
✧ 夏季・冬季休暇
✧ GW休暇
✧ 年末年始休暇",千葉県 習志野市,,"月給:25万円~+交通費全額支給

※経験に応じて決定いたします。

# 昇給あり
# 賞与あり
# 残業代100%支給
# 交通費支給","・社会保険完備（雇用・労災・健康・厚生年金）
・残業手当・深夜手当・休日出勤手当（実働時間に応じて支給）
・確定拠出年金制度（企業型）
・定期健康診断・インフルエンザ予防接種費用補助
・特別休暇（慶弔休暇）
・産前産後休暇・育児休業・介護休業
・資格取得支援制度（フォークリフト・自主保全士など）
・家具家電付き社員寮制度（勤務地による・規定あり）
・制服貸与
・社員持株会
・福利厚生サービス（レジャー・飲食の優待割引、保養施設）
・団体長期障害所得補償保険（GLTD）","【最短スケジュールのイメージ】

▶ STEP1 今日：WEBから1分で応募
▶ STEP2 1〜3日後：担当者からご連絡 → カジュアル面談の日程調整
▶ STEP3 面談当日：カジュアル面談（1回のみ）→ 採用のご連絡

面談では、職場の雰囲気・1日の流れ・通勤のことなど、
気になることを何でも聞いてください。

✧ 入社日はご相談いただけます ✧
「すぐ働きたい」「少し先がいい」どちらのご希望にも対応します。",,即日勤務OK、交通費支給、残業なし,2,任意,生年月日、性別、電話番号,ntf-indeedapplicant-aaaatulx77tci2k2pr5yeqapva@shukatsu-labo.slack.com,,,利用しない,,
募集中,日本マニュファクチャリングサービス株式会社,未経験｜検品・梱包｜日本マニュファクチャリングサービス株式会社｜柏市,倉庫作業スタッフ,20～30代活躍中◎定時で帰れる｜柏市の物流センターで検品・梱包,,千葉県 柏市,,,正社員,はい,月給,250000,,最低額を表示,なし,,,,,,,固定時間制,160,,厚生年金、健康保険、雇用保険、労災保険,,なし,,,,,,,,,,,,,,,,,,"柏市内および周辺の物流センターで、通販商品や生活雑貨の「検品・梱包」を担当する正社員スタッフの募集です。
冷暖房が効いた清潔な作業場で、商品をひとつずつ確認し、丁寧に箱へ納めていく落ち着いた仕事です。
製造・物流の現場を長年支えてきた当社が、未経験の方を一から育てます。

■ 入社後の1日はこんなイメージです
09:00 朝礼。体調確認と当日の出荷量の共有からスタート
09:15 午前は検品を中心に担当。商品の外観を目視で確認し、傷や汚れがあれば別置きにします
12:00 昼休憩（60分）。お弁当持参の方も、近くで買ってくる方もいます
13:00 午後は梱包を担当。袋詰め、箱詰め、テープ留めの3工程を繰り返します
15:00 小休憩（15分）。自動販売機で飲み物を買って一息
15:15 出荷分の最終チェックと仕分け。全員で協力して当日分を仕上げます
17:45 作業スペースの清掃と日報記入
18:00 定時退勤。残業は月平均6.5時間以内に収まっています

■ 具体的にはこんな商品を扱います
通販サイトで販売されるアパレル商品、生活雑貨、コスメ、文房具が中心です。
・シャツやタオルを畳んで透明袋へ入れる
・コスメの容器にひび割れがないかを目視で確認する
・文房具のセット品を指定の個数で袋詰めする
・箱にラベルを貼り、配送業者ごとの台車に載せる
商品は軽く、作業台の高さも調整されているため、身体への負担を抑えて続けられます。

■ 入社後1週間の流れ
1日目：オリエンテーション。安全ルール、勤怠の付け方、作業場の設備を案内します
2〜3日目：先輩スタッフがマンツーマンで隣につき、検品の見方と梱包の手順を実演しながら教えます
4〜5日目：シール貼りやダンボールの組み立てなど簡単な工程から一人で担当。分からないことはその場で質問できます
1週間後：検品・梱包の一連の流れをひと通り経験し、自分のペースで進められるようになります
当社は製造現場の教育に長年取り組んできた会社です。「早ければ半日、遅くとも2〜3日で一人立ち」が現場の平均的な目安ですが、慣れるまでは焦らず伴走します。

■ 働く環境について
作業場は1年を通して空調が効いており、汗だくになったり手がかじかんだりする心配はありません。
休憩室は広く、電子レンジや冷蔵庫、自動販売機が揃っています。昼休憩は各自のペースで過ごしています。
鍵付きロッカーを用意しているので、貴重品の管理も安心です。
服装や髪色は自由で、自分らしいスタイルのまま通勤できます。

■ 千葉県柏市で働く
常磐道・国道16号沿いに物流拠点が多く、商業施設も充実した街です。
JR常磐線と東武アーバンパークラインが交わる柏駅が最寄りで、東葛エリアの交通の中心です。
柏市周辺で「通勤時間を抑えて安定した正社員の仕事に就きたい」という方に、当社の検品・梱包はぴったりの選択肢です。

「難しいことはできないけれど、コツコツ続けることは得意」という方を、当社は大切にしています。まずはお気軽にご応募ください。","【当社の検品・梱包が選ばれる理由】

✅ 覚えることは少なく、教え方は丁寧に
製造現場で人を育ててきた当社では、専任の先輩がマンツーマンで隣につきます。最初はシール貼りやダンボールの組み立てといった簡単な工程から始め、1週間でひと通りの流れを経験できるプログラムを用意しています。

✅ 土日祝休み・年間休日125日
完全週休2日制で、カレンダー通りに休めます。夏季・冬季休暇、GW、年末年始のまとまった休みもあり、予定を立てやすい働き方です。

✅ 自分のペースで黙々と進められる仕事
ノルマに追われることはなく、接客もありません。「一人で集中して作業したい」「人間関係のストレスを減らしたい」という方にこそ向いている環境です。

✅ 休憩室でしっかりリフレッシュ
昼休憩60分に加えて午後に小休憩があり、集中力を保ちやすいリズムで働けます。休憩室にはポットやフリーWi-Fiもあり、お弁当派にも外食派にも便利です。

✅ 製造・物流の現場を支えてきた会社の正社員
当社は全国の製造現場で人材を育ててきた会社です。検品・梱包からスタートし、経験を積めばリーダーや別工程へのステップアップも目指せます。

✅ 地元柏市で長く働く
常磐道・国道16号沿いに物流拠点が多く、商業施設も充実した街です。JR常磐線と東武アーバンパークラインが交わる柏駅が最寄りで、東葛エリアの交通の中心です。

まずはカジュアル面談で、職場の雰囲気や1日の流れをお伝えします。ご応募をお待ちしています。","例外事由3号のイにより、長期キャリア形成を図るため、
35歳以下を募集しております。","【勤務時間】
★9:00~18:00
└実働8時間/休憩1時間

定時ダッシュも問題ないです✧
✧ 土日祝休み
✧ 残業月平均:6.5時間以内
✧ 残業代100%支給","✧ 完全週休2日制(土日祝休み)
✧ 年間休日125日
「土日休みはマスト!」ってあなたにも
ぴったりの職場です!

【その他休暇】
✧ 有給休暇
✧ 夏季・冬季休暇
✧ GW休暇
✧ 年末年始休暇",千葉県 柏市,,"月給:25万円~+交通費全額支給

※経験に応じて決定いたします。

# 昇給あり
# 賞与あり
# 残業代100%支給
# 交通費支給","・社会保険完備（雇用・労災・健康・厚生年金）
・残業手当・深夜手当・休日出勤手当（実働時間に応じて支給）
・確定拠出年金制度（企業型）
・定期健康診断・インフルエンザ予防接種費用補助
・特別休暇（慶弔休暇）
・産前産後休暇・育児休業・介護休業
・資格取得支援制度（フォークリフト・自主保全士など）
・家具家電付き社員寮制度（勤務地による・規定あり）
・制服貸与
・社員持株会
・福利厚生サービス（レジャー・飲食の優待割引、保養施設）
・団体長期障害所得補償保険（GLTD）","■ 選考について ■
・カジュアル面談：1回のみ（服装自由・履歴書任意）
・応募から面談まで：WEB応募後、1〜3日以内にご連絡
・入社日：ご相談のうえ決定

■ 応募からの流れ ■
▶ STEP1 WEBから1分で応募
▶ STEP2 カジュアル面談（1回のみ）
▶ STEP3 採用

「まずは話だけ聞いてみたい」という方も、そのままご応募ください。
面談で無理に応募を勧めることはありません。",,即日勤務OK、交通費支給、残業なし,2,任意,生年月日、性別、電話番号,ntf-indeedapplicant-aaaatulx77tci2k2pr5yeqapva@shukatsu-labo.slack.com,,,利用しない,,
募集中,日本マニュファクチャリングサービス株式会社,未経験｜検品・梱包｜日本マニュファクチャリングサービス株式会社｜市原市,倉庫作業スタッフ,20～30代活躍中◎土日祝休み・市原市勤務｜ものづくり企業の軽作業,,千葉県 市原市,,,正社員,はい,月給,250000,,最低額を表示,なし,,,,,,,固定時間制,160,,厚生年金、健康保険、雇用保険、労災保険,,なし,,,,,,,,,,,,,,,,,,"勤務先は市原市内および周辺の物流センター。扱うのは衣類・コスメ・文房具・小型雑貨など、手のひらサイズの軽い商品が中心です。
担当していただくのは、届いた商品に不備がないかを確かめ、出荷用の箱に整えて詰める「検品・梱包」の作業。
空調完備の室内で、自分のペースを保ちながら黙々と取り組める環境です。

■ 1日の流れ（9:00〜18:00・休憩1時間）
09:00 朝礼。当日の出荷予定と担当エリアを確認し、作業台へ移動します
09:15 午前の検品。入荷した商品を納品書と照らし合わせ、外観と数量をチェック
12:00 昼休憩（60分）。休憩室でゆっくり昼食をとります
13:00 午後の梱包。検品を終えた商品を袋詰めし、サイズに合った箱に納めます
15:00 小休憩（15分）。水分補給と軽いストレッチでリフレッシュ
15:15 ラベル貼りと出荷先ごとの仕分け。台車で所定の場所へ運びます
17:40 作業台の整理整頓と翌日の準備
18:00 退勤。残業は月平均6.5時間以内で、定時に帰れる日がほとんどです

■ 具体的にはこんな商品を扱います
通販サイトで販売されるアパレル商品、生活雑貨、コスメ、文房具が中心です。
・シャツやタオルを畳んで透明袋へ入れる
・コスメの容器にひび割れがないかを目視で確認する
・文房具のセット品を指定の個数で袋詰めする
・箱にラベルを貼り、配送業者ごとの台車に載せる
商品は軽く、作業台の高さも調整されているため、身体への負担を抑えて続けられます。

■ 教育・研修体制
入社初日は安全講習とオリエンテーションから始まり、いきなり現場に出ることはありません。
2日目以降は専任の先輩スタッフが隣について、検品・梱包の手順を実際にやって見せながら説明します。
最初の1週間は「見る→一緒にやる→一人でやる」の順で少しずつ担当を広げ、1週間後にはひと通りの作業を経験できるスケジュールです。
リーダーは常に作業場内にいるため、「これはどこに置くのでしたか」といった質問もすぐに解決できます。

■ 設備・環境のポイント
・冷暖房完備の室内作業で、季節や天候に左右されません
・休憩室には電子レンジ・冷蔵庫・ポットがあり、フリーWi-Fiも使えます
・個人用の鍵付きロッカーを完備
・髪色・ネイル・服装は自由。清潔感があれば普段のスタイルのままで大丈夫です

■ 市原市の拠点ならではの一言
JR内房線の五井駅が最寄りで、館山道の市原ICも利用できます。
京葉工業地域の中核として工場が集まり、ものづくりの現場が身近な地域です。
当社は千葉県内に複数の勤務先を持っているため、ご自宅からの通いやすさも考慮して配属先を相談できます。

製造・物流の現場を支えてきた当社で、あなたのペースで一歩を踏み出してください。ご応募をお待ちしています。","【市原市で働くならここがポイント】

✅ 先輩スタッフの9割以上が未経験からのスタート
「商品を手に取る」「傷がないか見る」「箱に入れる」の3ステップが仕事の基本です。複雑な機械操作や専門用語はなく、入社初日は安全講習とオリエンテーションから始まるので、初めての正社員でも安心してスタートできます。

✅ 平日は定時、週末はしっかり休む
9:00〜18:00の固定時間制で、生活リズムが安定します。土日祝はお休みなので、家族や友人と予定を合わせやすいのも魅力です。

✅ 重い荷物はほとんどありません
扱うのは衣類・コスメ・文房具・小型雑貨など軽い商品が中心です。重量物の持ち上げや力仕事はほぼなく、身体への負担を抑えて長く続けられます。

✅ 休憩室でしっかりリフレッシュ
昼休憩60分に加えて午後に小休憩があり、集中力を保ちやすいリズムで働けます。休憩室にはポットやフリーWi-Fiもあり、お弁当派にも外食派にも便利です。

✅ 相談しやすい体制
配属先にはリーダーが常駐し、定期的な面談で困りごとを聞き取ります。作業のこと、通勤のこと、働き方のこと、何でも相談してください。

✅ 市原市で通いやすい勤務地
JR内房線の五井駅が最寄りで、館山道の市原ICも利用できます。京葉工業地域の中核として工場が集まり、ものづくりの現場が身近な地域です。

「自分にもできそう」と思えたら、それがスタートの合図です。お気軽にご応募ください。","例外事由3号のイにより、長期キャリア形成を図るため、
35歳以下を募集しております。","【勤務時間】
★9:00~18:00
└実働8時間/休憩1時間

定時ダッシュも問題ないです✧
✧ 土日祝休み
✧ 残業月平均:6.5時間以内
✧ 残業代100%支給","✧ 完全週休2日制(土日祝休み)
✧ 年間休日125日
「土日休みはマスト!」ってあなたにも
ぴったりの職場です!

【その他休暇】
✧ 有給休暇
✧ 夏季・冬季休暇
✧ GW休暇
✧ 年末年始休暇",千葉県 市原市,,"月給:25万円~+交通費全額支給

※経験に応じて決定いたします。

# 昇給あり
# 賞与あり
# 残業代100%支給
# 交通費支給","・社会保険完備（雇用・労災・健康・厚生年金）
・残業手当・深夜手当・休日出勤手当（実働時間に応じて支給）
・確定拠出年金制度（企業型）
・定期健康診断・インフルエンザ予防接種費用補助
・特別休暇（慶弔休暇）
・産前産後休暇・育児休業・介護休業
・資格取得支援制度（フォークリフト・自主保全士など）
・家具家電付き社員寮制度（勤務地による・規定あり）
・制服貸与
・社員持株会
・福利厚生サービス（レジャー・飲食の優待割引、保養施設）
・団体長期障害所得補償保険（GLTD）","✧ カジュアル面談実施中です ✧

応募に必要なのは人柄だけ。
まずはあなたのご希望を聞かせてください。

■ 応募からの流れ ■
▶ STEP1 WEBから1分で簡単応募
1〜3日以内に担当者からご連絡します。
▶ STEP2 カジュアル面談（1回のみ）
職場の雰囲気や1日の流れをお伝えし、ご希望を伺います。
▶ STEP3 採用

※入社日はご相談いただけます◎
在職中の方も、お気軽にご相談ください。",,即日勤務OK、交通費支給、残業なし,2,任意,生年月日、性別、電話番号,ntf-indeedapplicant-aaaatulx77tci2k2pr5yeqapva@shukatsu-labo.slack.com,,,利用しない,,
募集中,日本マニュファクチャリングサービス株式会社,未経験｜検品・梱包｜日本マニュファクチャリングサービス株式会社｜八千代市,倉庫作業スタッフ,20～30代活躍中◎重い荷物なし｜八千代市で始める検品・梱包の正社員,,千葉県 八千代市,,,正社員,はい,月給,250000,,最低額を表示,なし,,,,,,,固定時間制,160,,厚生年金、健康保険、雇用保険、労災保険,,なし,,,,,,,,,,,,,,,,,,"「ものづくりの現場を支える仕事を、正社員として腰を据えて続けたい」という方へ。
八千代市内および周辺の物流センターで、商品の検品と梱包を担当するスタッフを募集します。
空調の効いた清潔な作業場で、座り作業と立ち作業を組み合わせながら無理なく進められる仕事です。

■ ある1日のスケジュール（日勤・実働8時間）
09:00 出勤・朝礼。リーダーから本日の作業内容と注意点の共有があります
09:10 検品スタート。ハンディ端末でバーコードを読み取り、品番と数量を照合
10:30 小休憩（10分）
12:00 昼休憩（60分）。電子レンジ・冷蔵庫のある休憩室で昼食
13:00 梱包作業。緩衝材で商品を包み、ダンボールを組み立てて詰めていきます
15:00 小休憩（15分）
15:15 出荷準備。伝票シールを貼り、配送業者ごとにコンテナへ仕分け
17:45 清掃・翌日分の資材補充
18:00 退勤。土日祝はお休みで、翌日の予定も立てやすい働き方です

■ 主な作業内容
・検品：入荷した商品の外観チェック（傷・汚れ・パッケージのへこみ）と数量・品番の照合
・スキャン：バーコードリーダーで商品を読み取り、データと突き合わせます
・梱包：袋詰め、緩衝材包装、ダンボールの組み立てと箱詰め、テープ留め
・仕上げ：ラベル貼りと配送地域別の仕分け
扱うのはアパレル商品、コスメ、文房具、小型雑貨など。どれも軽く、繰り返しの中で自然と手順が身につく作業です。

■ 未経験でも安心の1週間プログラム
・1日目：会社説明、安全講習、作業着の受け取り、作業場の見学
・2日目：先輩の隣で検品の実演を見学し、午後から一緒に作業
・3日目：梱包の袋詰め・箱詰めを先輩と一緒に担当
・4日目：シール貼りと仕分けを一人で担当。先輩は同じ作業台で見守ります
・5日目：検品から仕分けまでの流れを通しで経験
覚えることは3ステップの繰り返しなので、専門知識や資格は不要です。製造現場で人を育ててきた当社ならではの丁寧な立ち上がりを用意しています。

■ 職場環境
・空調完備：冷暖房が効いた清潔な室内で、夏も冬も快適に作業できます
・休憩室：電子レンジ・冷蔵庫・ポット・自動販売機を完備。お弁当持参でもゆっくり過ごせます
・ロッカー：鍵付きの個人ロッカーがあり、私物を安心して預けられます
・服装：髪色・ネイルは自由。動きやすい服装で通勤し、現場のルールに沿って作業します

■ 八千代市の拠点ならではの一言
東葉高速線の八千代緑が丘駅・八千代中央駅、京成線の勝田台駅が利用できます。
住宅地として発展した街で、周辺に配送センターや物流施設も点在しています。
当社は千葉県内に複数の勤務先を持っているため、ご自宅からの通いやすさも考慮して配属先を相談できます。

「難しいことはできないけれど、コツコツ続けることは得意」という方を、当社は大切にしています。まずはお気軽にご応募ください。","【当社の検品・梱包が選ばれる理由】

✅ 先輩スタッフの9割以上が未経験からのスタート
「商品を手に取る」「傷がないか見る」「箱に入れる」の3ステップが仕事の基本です。複雑な機械操作や専門用語はなく、入社初日は安全講習とオリエンテーションから始まるので、初めての正社員でも安心してスタートできます。

✅ 残業は月平均6.5時間以内
出荷量に合わせて人員を配置しているため、定時で帰れる日がほとんどです。仕事の後に予定を入れたり、家でゆっくり過ごしたりする時間をきちんと確保できます。

✅ 重い荷物はほとんどありません
扱うのは衣類・コスメ・文房具・小型雑貨など軽い商品が中心です。重量物の持ち上げや力仕事はほぼなく、身体への負担を抑えて長く続けられます。

✅ 休憩室でしっかりリフレッシュ
昼休憩60分に加えて午後に小休憩があり、集中力を保ちやすいリズムで働けます。休憩室にはポットやフリーWi-Fiもあり、お弁当派にも外食派にも便利です。

✅ 安定した雇用と福利厚生
正社員としての雇用に加え、社会保険完備、定期健康診断、資格取得支援などの制度があります。「腰を据えて働きたい」という希望に応えられる環境です。

✅ 八千代市で通いやすい勤務地
東葉高速線の八千代緑が丘駅・八千代中央駅、京成線の勝田台駅が利用できます。住宅地として発展した街で、周辺に配送センターや物流施設も点在しています。

まずはカジュアル面談で、職場の雰囲気や1日の流れをお伝えします。ご応募をお待ちしています。","例外事由3号のイにより、長期キャリア形成を図るため、
35歳以下を募集しております。","【勤務時間】
★9:00~18:00
└実働8時間/休憩1時間

定時ダッシュも問題ないです✧
✧ 土日祝休み
✧ 残業月平均:6.5時間以内
✧ 残業代100%支給","✧ 完全週休2日制(土日祝休み)
✧ 年間休日125日
「土日休みはマスト!」ってあなたにも
ぴったりの職場です!

【その他休暇】
✧ 有給休暇
✧ 夏季・冬季休暇
✧ GW休暇
✧ 年末年始休暇",千葉県 八千代市,,"月給:25万円~+交通費全額支給

※経験に応じて決定いたします。

# 昇給あり
# 賞与あり
# 残業代100%支給
# 交通費支給","・社会保険完備（雇用・労災・健康・厚生年金）
・残業手当・深夜手当・休日出勤手当（実働時間に応じて支給）
・確定拠出年金制度（企業型）
・定期健康診断・インフルエンザ予防接種費用補助
・特別休暇（慶弔休暇）
・産前産後休暇・育児休業・介護休業
・資格取得支援制度（フォークリフト・自主保全士など）
・家具家電付き社員寮制度（勤務地による・規定あり）
・制服貸与
・社員持株会
・福利厚生サービス（レジャー・飲食の優待割引、保養施設）
・団体長期障害所得補償保険（GLTD）","【応募前の「気になる」にお答えします】

Q. 面接は堅苦しいですか？
A. いいえ。カジュアル面談を1回行うだけです。服装も自由、履歴書も任意です。

Q. 応募してからどのくらいで決まりますか？
A. 3ステップで進みます。
▶ STEP1 WEBから応募（1分）→ 1〜3日以内にご連絡
▶ STEP2 カジュアル面談（1回のみ）
▶ STEP3 採用

Q. すぐには入社できないのですが…
A. 入社日はご相談いただけます。今のお仕事の引き継ぎ期間なども考慮します。",,即日勤務OK、交通費支給、残業なし,2,任意,生年月日、性別、電話番号,ntf-indeedapplicant-aaaatulx77tci2k2pr5yeqapva@shukatsu-labo.slack.com,,,利用しない,,
募集中,日本マニュファクチャリングサービス株式会社,未経験｜検品・梱包｜日本マニュファクチャリングサービス株式会社｜君津市,倉庫作業スタッフ,20～30代活躍中◎君津市｜先輩の9割が未経験スタートの検品・梱包,,千葉県 君津市,,,正社員,はい,月給,250000,,最低額を表示,なし,,,,,,,固定時間制,160,,厚生年金、健康保険、雇用保険、労災保険,,なし,,,,,,,,,,,,,,,,,,"千葉県君津市エリアで、検品・梱包の正社員スタッフを募集します。
勤務先は君津市内および周辺の物流センター。商品にキズや汚れがないかを目で確かめ、数を合わせ、袋や箱に丁寧に納める作業が中心です。
1年を通して快適な温度に保たれた室内作業で、当社の先輩スタッフが隣で手順を教えます。

■ 入社後の1日はこんなイメージです
09:00 朝礼。体調確認と当日の出荷量の共有からスタート
09:15 午前は検品を中心に担当。商品の外観を目視で確認し、傷や汚れがあれば別置きにします
12:00 昼休憩（60分）。お弁当持参の方も、近くで買ってくる方もいます
13:00 午後は梱包を担当。袋詰め、箱詰め、テープ留めの3工程を繰り返します
15:00 小休憩（15分）。自動販売機で飲み物を買って一息
15:15 出荷分の最終チェックと仕分け。全員で協力して当日分を仕上げます
17:45 作業スペースの清掃と日報記入
18:00 定時退勤。残業は月平均6.5時間以内に収まっています

■ 扱う商品と作業の具体例
・衣類・タオルなどの布製品：ほつれや汚れがないか確認し、専用の透明袋に入れます
・コスメ・ガラス製の小物：割れやすいため、緩衝材で包んでから箱に納めます
・文房具・生活雑貨：品番と個数を納品書と照合し、まとめて袋詰めします
・出荷前の箱：伝票シールと「割れ物注意」「水濡れ厳禁」などの注意シールを所定位置に貼ります
いずれも手のひらから両手で持てる大きさの商品で、重量物の持ち上げはありません。

■ 入社後1週間の流れ
1日目：オリエンテーション。安全ルール、勤怠の付け方、作業場の設備を案内します
2〜3日目：先輩スタッフがマンツーマンで隣につき、検品の見方と梱包の手順を実演しながら教えます
4〜5日目：シール貼りやダンボールの組み立てなど簡単な工程から一人で担当。分からないことはその場で質問できます
1週間後：検品・梱包の一連の流れをひと通り経験し、自分のペースで進められるようになります
当社は製造現場の教育に長年取り組んできた会社です。「早ければ半日、遅くとも2〜3日で一人立ち」が現場の平均的な目安ですが、慣れるまでは焦らず伴走します。

■ 設備・環境のポイント
・冷暖房完備の室内作業で、季節や天候に左右されません
・休憩室には電子レンジ・冷蔵庫・ポットがあり、フリーWi-Fiも使えます
・個人用の鍵付きロッカーを完備
・髪色・ネイル・服装は自由。清潔感があれば普段のスタイルのままで大丈夫です

■ 千葉県君津市で働く
製鉄業を中心とした工業の街で、関連の製造・物流拠点が集まる地域です。
JR内房線の君津駅が最寄りで、館山道の君津ICも近い立地です。
君津市周辺で「通勤時間を抑えて安定した正社員の仕事に就きたい」という方に、当社の検品・梱包はぴったりの選択肢です。

「難しいことはできないけれど、コツコツ続けることは得意」という方を、当社は大切にしています。まずはお気軽にご応募ください。","【君津市で働くならここがポイント】

✅ 資格・経験・学歴は問いません
必要なのは「丁寧に確認する姿勢」だけ。検品の見方、梱包の手順はすべて入社後にお伝えします。フォークリフトなどの資格取得を目指したい方には支援制度もあり、長く働くほど仕事の幅が広がります。

✅ 平日は定時、週末はしっかり休む
9:00〜18:00の固定時間制で、生活リズムが安定します。土日祝はお休みなので、家族や友人と予定を合わせやすいのも魅力です。

✅ 自分のペースで黙々と進められる仕事
ノルマに追われることはなく、接客もありません。「一人で集中して作業したい」「人間関係のストレスを減らしたい」という方にこそ向いている環境です。

✅ 髪色・ネイル・服装は自由
清潔感があれば普段のスタイルのままで大丈夫です。動きやすい服装で通勤し、現場のルールに沿って作業します。

✅ 製造・物流の現場を支えてきた会社の正社員
当社は全国の製造現場で人材を育ててきた会社です。検品・梱包からスタートし、経験を積めばリーダーや別工程へのステップアップも目指せます。

✅ 君津市で通いやすい勤務地
JR内房線の君津駅が最寄りで、館山道の君津ICも近い立地です。製鉄業を中心とした工業の街で、関連の製造・物流拠点が集まる地域です。

「自分にもできそう」と思えたら、それがスタートの合図です。お気軽にご応募ください。","例外事由3号のイにより、長期キャリア形成を図るため、
35歳以下を募集しております。","【勤務時間】
★9:00~18:00
└実働8時間/休憩1時間

定時ダッシュも問題ないです✧
✧ 土日祝休み
✧ 残業月平均:6.5時間以内
✧ 残業代100%支給","✧ 完全週休2日制(土日祝休み)
✧ 年間休日125日
「土日休みはマスト!」ってあなたにも
ぴったりの職場です!

【その他休暇】
✧ 有給休暇
✧ 夏季・冬季休暇
✧ GW休暇
✧ 年末年始休暇",千葉県 君津市,,"月給:25万円~+交通費全額支給

※経験に応じて決定いたします。

# 昇給あり
# 賞与あり
# 残業代100%支給
# 交通費支給","・社会保険完備（雇用・労災・健康・厚生年金）
・残業手当・深夜手当・休日出勤手当（実働時間に応じて支給）
・確定拠出年金制度（企業型）
・定期健康診断・インフルエンザ予防接種費用補助
・特別休暇（慶弔休暇）
・産前産後休暇・育児休業・介護休業
・資格取得支援制度（フォークリフト・自主保全士など）
・家具家電付き社員寮制度（勤務地による・規定あり）
・制服貸与
・社員持株会
・福利厚生サービス（レジャー・飲食の優待割引、保養施設）
・団体長期障害所得補償保険（GLTD）","まずは「話を聞いてみる」だけで大丈夫です。

当社ではカジュアル面談を実施しています。
志望動機や自己PRの準備は不要。
「どんな職場？」「本当に未経験でもできる？」といった疑問に、担当者が率直にお答えします。

■ 応募から入社までの3STEP ■
▶ STEP1 WEB応募（1分）
▶ STEP2 カジュアル面談（1回のみ・1〜3日以内にご連絡）
▶ STEP3 採用・入社日のご相談

入社日は柔軟に調整できます。
「来月から」「今の仕事を辞めてから」など、ご都合をお聞かせください。",,即日勤務OK、交通費支給、残業なし,2,任意,生年月日、性別、電話番号,ntf-indeedapplicant-aaaatulx77tci2k2pr5yeqapva@shukatsu-labo.slack.com,,,利用しない,,
募集中,日本マニュファクチャリングサービス株式会社,未経験｜検品・梱包｜日本マニュファクチャリングサービス株式会社｜富里市,倉庫作業スタッフ,20～30代活躍中◎未経験から製造のプロへ｜富里市の検品・梱包スタッフ,,千葉県 富里市,,,正社員,はい,月給,250000,,最低額を表示,なし,,,,,,,固定時間制,160,,厚生年金、健康保険、雇用保険、労災保険,,なし,,,,,,,,,,,,,,,,,,"富里市内および周辺の物流センターで、通販商品や生活雑貨の「検品・梱包」を担当する正社員スタッフの募集です。
冷暖房が効いた清潔な作業場で、商品をひとつずつ確認し、丁寧に箱へ納めていく落ち着いた仕事です。
製造・物流の現場を長年支えてきた当社が、未経験の方を一から育てます。

■ ある1日のスケジュール（日勤・実働8時間）
09:00 出勤・朝礼。リーダーから本日の作業内容と注意点の共有があります
09:10 検品スタート。ハンディ端末でバーコードを読み取り、品番と数量を照合
10:30 小休憩（10分）
12:00 昼休憩（60分）。電子レンジ・冷蔵庫のある休憩室で昼食
13:00 梱包作業。緩衝材で商品を包み、ダンボールを組み立てて詰めていきます
15:00 小休憩（15分）
15:15 出荷準備。伝票シールを貼り、配送業者ごとにコンテナへ仕分け
17:45 清掃・翌日分の資材補充
18:00 退勤。土日祝はお休みで、翌日の予定も立てやすい働き方です

■ 扱う商品と作業の具体例
・衣類・タオルなどの布製品：ほつれや汚れがないか確認し、専用の透明袋に入れます
・コスメ・ガラス製の小物：割れやすいため、緩衝材で包んでから箱に納めます
・文房具・生活雑貨：品番と個数を納品書と照合し、まとめて袋詰めします
・出荷前の箱：伝票シールと「割れ物注意」「水濡れ厳禁」などの注意シールを所定位置に貼ります
いずれも手のひらから両手で持てる大きさの商品で、重量物の持ち上げはありません。

■ 教育・研修体制
入社初日は安全講習とオリエンテーションから始まり、いきなり現場に出ることはありません。
2日目以降は専任の先輩スタッフが隣について、検品・梱包の手順を実際にやって見せながら説明します。
最初の1週間は「見る→一緒にやる→一人でやる」の順で少しずつ担当を広げ、1週間後にはひと通りの作業を経験できるスケジュールです。
リーダーは常に作業場内にいるため、「これはどこに置くのでしたか」といった質問もすぐに解決できます。

■ 職場環境
・空調完備：冷暖房が効いた清潔な室内で、夏も冬も快適に作業できます
・休憩室：電子レンジ・冷蔵庫・ポット・自動販売機を完備。お弁当持参でもゆっくり過ごせます
・ロッカー：鍵付きの個人ロッカーがあり、私物を安心して預けられます
・服装：髪色・ネイルは自由。動きやすい服装で通勤し、現場のルールに沿って作業します

■ 千葉県富里市で働く
成田空港に隣接し、空港関連の物流施設が集まるエリアです。
東関東道の富里ICが近く車通勤に向いており、成田駅や酒々井駅からのバス便もあります。
富里市周辺で「通勤時間を抑えて安定した正社員の仕事に就きたい」という方に、当社の検品・梱包はぴったりの選択肢です。

製造・物流の現場を支えてきた当社で、あなたのペースで一歩を踏み出してください。ご応募をお待ちしています。","【当社の検品・梱包が選ばれる理由】

✅ 資格・経験・学歴は問いません
必要なのは「丁寧に確認する姿勢」だけ。検品の見方、梱包の手順はすべて入社後にお伝えします。フォークリフトなどの資格取得を目指したい方には支援制度もあり、長く働くほど仕事の幅が広がります。

✅ 残業は月平均6.5時間以内
出荷量に合わせて人員を配置しているため、定時で帰れる日がほとんどです。仕事の後に予定を入れたり、家でゆっくり過ごしたりする時間をきちんと確保できます。

✅ 自分のペースで黙々と進められる仕事
ノルマに追われることはなく、接客もありません。「一人で集中して作業したい」「人間関係のストレスを減らしたい」という方にこそ向いている環境です。

✅ 髪色・ネイル・服装は自由
清潔感があれば普段のスタイルのままで大丈夫です。動きやすい服装で通勤し、現場のルールに沿って作業します。

✅ 相談しやすい体制
配属先にはリーダーが常駐し、定期的な面談で困りごとを聞き取ります。作業のこと、通勤のこと、働き方のこと、何でも相談してください。

✅ 地元富里市で長く働く
成田空港に隣接し、空港関連の物流施設が集まるエリアです。東関東道の富里ICが近く車通勤に向いており、成田駅や酒々井駅からのバス便もあります。

「自分にもできそう」と思えたら、それがスタートの合図です。お気軽にご応募ください。","例外事由3号のイにより、長期キャリア形成を図るため、
35歳以下を募集しております。","【勤務時間】
★9:00~18:00
└実働8時間/休憩1時間

定時ダッシュも問題ないです✧
✧ 土日祝休み
✧ 残業月平均:6.5時間以内
✧ 残業代100%支給","✧ 完全週休2日制(土日祝休み)
✧ 年間休日125日
「土日休みはマスト!」ってあなたにも
ぴったりの職場です!

【その他休暇】
✧ 有給休暇
✧ 夏季・冬季休暇
✧ GW休暇
✧ 年末年始休暇",千葉県 富里市,,"月給:25万円~+交通費全額支給

※経験に応じて決定いたします。

# 昇給あり
# 賞与あり
# 残業代100%支給
# 交通費支給","・社会保険完備（雇用・労災・健康・厚生年金）
・残業手当・深夜手当・休日出勤手当（実働時間に応じて支給）
・確定拠出年金制度（企業型）
・定期健康診断・インフルエンザ予防接種費用補助
・特別休暇（慶弔休暇）
・産前産後休暇・育児休業・介護休業
・資格取得支援制度（フォークリフト・自主保全士など）
・家具家電付き社員寮制度（勤務地による・規定あり）
・制服貸与
・社員持株会
・福利厚生サービス（レジャー・飲食の優待割引、保養施設）
・団体長期障害所得補償保険（GLTD）","【最短スケジュールのイメージ】

▶ STEP1 今日：WEBから1分で応募
▶ STEP2 1〜3日後：担当者からご連絡 → カジュアル面談の日程調整
▶ STEP3 面談当日：カジュアル面談（1回のみ）→ 採用のご連絡

面談では、職場の雰囲気・1日の流れ・通勤のことなど、
気になることを何でも聞いてください。

✧ 入社日はご相談いただけます ✧
「すぐ働きたい」「少し先がいい」どちらのご希望にも対応します。",,即日勤務OK、交通費支給、残業なし,2,任意,生年月日、性別、電話番号,ntf-indeedapplicant-aaaatulx77tci2k2pr5yeqapva@shukatsu-labo.slack.com,,,利用しない,,
募集中,日本マニュファクチャリングサービス株式会社,未経験｜検品・梱包｜日本マニュファクチャリングサービス株式会社｜旭市,倉庫作業スタッフ,20～30代活躍中◎旭市｜黙々作業が好きな方に向く検品・梱包,,千葉県 旭市,,,正社員,はい,月給,250000,,最低額を表示,なし,,,,,,,固定時間制,160,,厚生年金、健康保険、雇用保険、労災保険,,なし,,,,,,,,,,,,,,,,,,"勤務先は旭市内および周辺の物流センター。扱うのは衣類・コスメ・文房具・小型雑貨など、手のひらサイズの軽い商品が中心です。
担当していただくのは、届いた商品に不備がないかを確かめ、出荷用の箱に整えて詰める「検品・梱包」の作業。
空調完備の室内で、自分のペースを保ちながら黙々と取り組める環境です。

■ 入社後の1日はこんなイメージです
09:00 朝礼。体調確認と当日の出荷量の共有からスタート
09:15 午前は検品を中心に担当。商品の外観を目視で確認し、傷や汚れがあれば別置きにします
12:00 昼休憩（60分）。お弁当持参の方も、近くで買ってくる方もいます
13:00 午後は梱包を担当。袋詰め、箱詰め、テープ留めの3工程を繰り返します
15:00 小休憩（15分）。自動販売機で飲み物を買って一息
15:15 出荷分の最終チェックと仕分け。全員で協力して当日分を仕上げます
17:45 作業スペースの清掃と日報記入
18:00 定時退勤。残業は月平均6.5時間以内に収まっています

■ 作業の流れ（3ステップ）
1. 検品：商品を手に取り、傷・汚れ・数量を確認します。迷ったら「保留」の箱に入れてリーダーに確認するだけです
2. 梱包：商品に合わせて袋・緩衝材・箱を選び、動かないように納めてテープで封をします
3. 仕分け：伝票シールを貼り、配送地域ごとに分けられたコンテナへ移します
扱う商品は衣類・雑貨・コスメ・文房具などの軽いものが中心で、フォークリフトなどの機械操作はありません。

■ 教育・研修体制
入社初日は安全講習とオリエンテーションから始まり、いきなり現場に出ることはありません。
2日目以降は専任の先輩スタッフが隣について、検品・梱包の手順を実際にやって見せながら説明します。
最初の1週間は「見る→一緒にやる→一人でやる」の順で少しずつ担当を広げ、1週間後にはひと通りの作業を経験できるスケジュールです。
リーダーは常に作業場内にいるため、「これはどこに置くのでしたか」といった質問もすぐに解決できます。

■ 働く環境について
作業場は1年を通して空調が効いており、汗だくになったり手がかじかんだりする心配はありません。
休憩室は広く、電子レンジや冷蔵庫、自動販売機が揃っています。昼休憩は各自のペースで過ごしています。
鍵付きロッカーを用意しているので、貴重品の管理も安心です。
服装や髪色は自由で、自分らしいスタイルのまま通勤できます。

■ 旭市の拠点ならではの一言
JR総武本線の旭駅が最寄りで、銚子・成田方面からも通えます。
農業が盛んな落ち着いた街で、食品や日用品を扱う拠点が点在しています。
当社は千葉県内に複数の勤務先を持っているため、ご自宅からの通いやすさも考慮して配属先を相談できます。

「難しいことはできないけれど、コツコツ続けることは得意」という方を、当社は大切にしています。まずはお気軽にご応募ください。","【旭市で働くならここがポイント】

✅ 覚えることは少なく、教え方は丁寧に
製造現場で人を育ててきた当社では、専任の先輩がマンツーマンで隣につきます。最初はシール貼りやダンボールの組み立てといった簡単な工程から始め、1週間でひと通りの流れを経験できるプログラムを用意しています。

✅ 土日祝休み・年間休日125日
完全週休2日制で、カレンダー通りに休めます。夏季・冬季休暇、GW、年末年始のまとまった休みもあり、予定を立てやすい働き方です。

✅ 自分のペースで黙々と進められる仕事
ノルマに追われることはなく、接客もありません。「一人で集中して作業したい」「人間関係のストレスを減らしたい」という方にこそ向いている環境です。

✅ 髪色・ネイル・服装は自由
清潔感があれば普段のスタイルのままで大丈夫です。動きやすい服装で通勤し、現場のルールに沿って作業します。

✅ 安定した雇用と福利厚生
正社員としての雇用に加え、社会保険完備、定期健康診断、資格取得支援などの制度があります。「腰を据えて働きたい」という希望に応えられる環境です。

✅ 地元旭市で長く働く
農業が盛んな落ち着いた街で、食品や日用品を扱う拠点が点在しています。JR総武本線の旭駅が最寄りで、銚子・成田方面からも通えます。

まずはカジュアル面談で、職場の雰囲気や1日の流れをお伝えします。ご応募をお待ちしています。","例外事由3号のイにより、長期キャリア形成を図るため、
35歳以下を募集しております。","【勤務時間】
★9:00~18:00
└実働8時間/休憩1時間

定時ダッシュも問題ないです✧
✧ 土日祝休み
✧ 残業月平均:6.5時間以内
✧ 残業代100%支給","✧ 完全週休2日制(土日祝休み)
✧ 年間休日125日
「土日休みはマスト!」ってあなたにも
ぴったりの職場です!

【その他休暇】
✧ 有給休暇
✧ 夏季・冬季休暇
✧ GW休暇
✧ 年末年始休暇",千葉県 旭市,,"月給:25万円~+交通費全額支給

※経験に応じて決定いたします。

# 昇給あり
# 賞与あり
# 残業代100%支給
# 交通費支給","・社会保険完備（雇用・労災・健康・厚生年金）
・残業手当・深夜手当・休日出勤手当（実働時間に応じて支給）
・確定拠出年金制度（企業型）
・定期健康診断・インフルエンザ予防接種費用補助
・特別休暇（慶弔休暇）
・産前産後休暇・育児休業・介護休業
・資格取得支援制度（フォークリフト・自主保全士など）
・家具家電付き社員寮制度（勤務地による・規定あり）
・制服貸与
・社員持株会
・福利厚生サービス（レジャー・飲食の優待割引、保養施設）
・団体長期障害所得補償保険（GLTD）","■ 選考について ■
・カジュアル面談：1回のみ（服装自由・履歴書任意）
・応募から面談まで：WEB応募後、1〜3日以内にご連絡
・入社日：ご相談のうえ決定

■ 応募からの流れ ■
▶ STEP1 WEBから1分で応募
▶ STEP2 カジュアル面談（1回のみ）
▶ STEP3 採用

「まずは話だけ聞いてみたい」という方も、そのままご応募ください。
面談で無理に応募を勧めることはありません。",,即日勤務OK、交通費支給、残業なし,2,任意,生年月日、性別、電話番号,ntf-indeedapplicant-aaaatulx77tci2k2pr5yeqapva@shukatsu-labo.slack.com,,,利用しない,,
募集中,日本マニュファクチャリングサービス株式会社,未経験｜検品・梱包｜日本マニュファクチャリングサービス株式会社｜印西市,倉庫作業スタッフ,20～30代活躍中◎印西市｜空調完備の倉庫でコツコツ検品・梱包,,千葉県 印西市,,,正社員,はい,月給,250000,,最低額を表示,なし,,,,,,,固定時間制,160,,厚生年金、健康保険、雇用保険、労災保険,,なし,,,,,,,,,,,,,,,,,,"「ものづくりの現場を支える仕事を、正社員として腰を据えて続けたい」という方へ。
印西市内および周辺の物流センターで、商品の検品と梱包を担当するスタッフを募集します。
空調の効いた清潔な作業場で、座り作業と立ち作業を組み合わせながら無理なく進められる仕事です。

■ 1日の流れ（9:00〜18:00・休憩1時間）
09:00 朝礼。当日の出荷予定と担当エリアを確認し、作業台へ移動します
09:15 午前の検品。入荷した商品を納品書と照らし合わせ、外観と数量をチェック
12:00 昼休憩（60分）。休憩室でゆっくり昼食をとります
13:00 午後の梱包。検品を終えた商品を袋詰めし、サイズに合った箱に納めます
15:00 小休憩（15分）。水分補給と軽いストレッチでリフレッシュ
15:15 ラベル貼りと出荷先ごとの仕分け。台車で所定の場所へ運びます
17:40 作業台の整理整頓と翌日の準備
18:00 退勤。残業は月平均6.5時間以内で、定時に帰れる日がほとんどです

■ 作業の流れ（3ステップ）
1. 検品：商品を手に取り、傷・汚れ・数量を確認します。迷ったら「保留」の箱に入れてリーダーに確認するだけです
2. 梱包：商品に合わせて袋・緩衝材・箱を選び、動かないように納めてテープで封をします
3. 仕分け：伝票シールを貼り、配送地域ごとに分けられたコンテナへ移します
扱う商品は衣類・雑貨・コスメ・文房具などの軽いものが中心で、フォークリフトなどの機械操作はありません。

■ 未経験でも安心の1週間プログラム
・1日目：会社説明、安全講習、作業着の受け取り、作業場の見学
・2日目：先輩の隣で検品の実演を見学し、午後から一緒に作業
・3日目：梱包の袋詰め・箱詰めを先輩と一緒に担当
・4日目：シール貼りと仕分けを一人で担当。先輩は同じ作業台で見守ります
・5日目：検品から仕分けまでの流れを通しで経験
覚えることは3ステップの繰り返しなので、専門知識や資格は不要です。製造現場で人を育ててきた当社ならではの丁寧な立ち上がりを用意しています。

■ 設備・環境のポイント
・冷暖房完備の室内作業で、季節や天候に左右されません
・休憩室には電子レンジ・冷蔵庫・ポットがあり、フリーWi-Fiも使えます
・個人用の鍵付きロッカーを完備
・髪色・ネイル・服装は自由。清潔感があれば普段のスタイルのままで大丈夫です

■ 千葉県印西市で働く
千葉ニュータウンにデータセンターや大型物流施設が集まる、成長中のエリアです。
北総線の千葉ニュータウン中央駅・印西牧の原駅が最寄りで、成田・都心の両方向から通いやすい立地です。
印西市周辺で「通勤時間を抑えて安定した正社員の仕事に就きたい」という方に、当社の検品・梱包はぴったりの選択肢です。

「難しいことはできないけれど、コツコツ続けることは得意」という方を、当社は大切にしています。まずはお気軽にご応募ください。","【当社の検品・梱包が選ばれる理由】

✅ 覚えることは少なく、教え方は丁寧に
製造現場で人を育ててきた当社では、専任の先輩がマンツーマンで隣につきます。最初はシール貼りやダンボールの組み立てといった簡単な工程から始め、1週間でひと通りの流れを経験できるプログラムを用意しています。

✅ 平日は定時、週末はしっかり休む
9:00〜18:00の固定時間制で、生活リズムが安定します。土日祝はお休みなので、家族や友人と予定を合わせやすいのも魅力です。

✅ 重い荷物はほとんどありません
扱うのは衣類・コスメ・文房具・小型雑貨など軽い商品が中心です。重量物の持ち上げや力仕事はほぼなく、身体への負担を抑えて長く続けられます。

✅ 髪色・ネイル・服装は自由
清潔感があれば普段のスタイルのままで大丈夫です。動きやすい服装で通勤し、現場のルールに沿って作業します。

✅ 製造・物流の現場を支えてきた会社の正社員
当社は全国の製造現場で人材を育ててきた会社です。検品・梱包からスタートし、経験を積めばリーダーや別工程へのステップアップも目指せます。

✅ 地元印西市で長く働く
千葉ニュータウンにデータセンターや大型物流施設が集まる、成長中のエリアです。北総線の千葉ニュータウン中央駅・印西牧の原駅が最寄りで、成田・都心の両方向から通いやすい立地です。

「自分にもできそう」と思えたら、それがスタートの合図です。お気軽にご応募ください。","例外事由3号のイにより、長期キャリア形成を図るため、
35歳以下を募集しております。","【勤務時間】
★9:00~18:00
└実働8時間/休憩1時間

定時ダッシュも問題ないです✧
✧ 土日祝休み
✧ 残業月平均:6.5時間以内
✧ 残業代100%支給","✧ 完全週休2日制(土日祝休み)
✧ 年間休日125日
「土日休みはマスト!」ってあなたにも
ぴったりの職場です!

【その他休暇】
✧ 有給休暇
✧ 夏季・冬季休暇
✧ GW休暇
✧ 年末年始休暇",千葉県 印西市,,"月給:25万円~+交通費全額支給

※経験に応じて決定いたします。

# 昇給あり
# 賞与あり
# 残業代100%支給
# 交通費支給","・社会保険完備（雇用・労災・健康・厚生年金）
・残業手当・深夜手当・休日出勤手当（実働時間に応じて支給）
・確定拠出年金制度（企業型）
・定期健康診断・インフルエンザ予防接種費用補助
・特別休暇（慶弔休暇）
・産前産後休暇・育児休業・介護休業
・資格取得支援制度（フォークリフト・自主保全士など）
・家具家電付き社員寮制度（勤務地による・規定あり）
・制服貸与
・社員持株会
・福利厚生サービス（レジャー・飲食の優待割引、保養施設）
・団体長期障害所得補償保険（GLTD）","✧ カジュアル面談実施中です ✧

応募に必要なのは人柄だけ。
まずはあなたのご希望を聞かせてください。

■ 応募からの流れ ■
▶ STEP1 WEBから1分で簡単応募
1〜3日以内に担当者からご連絡します。
▶ STEP2 カジュアル面談（1回のみ）
職場の雰囲気や1日の流れをお伝えし、ご希望を伺います。
▶ STEP3 採用

※入社日はご相談いただけます◎
在職中の方も、お気軽にご相談ください。",,即日勤務OK、交通費支給、残業なし,2,任意,生年月日、性別、電話番号,ntf-indeedapplicant-aaaatulx77tci2k2pr5yeqapva@shukatsu-labo.slack.com,,,利用しない,,
募集中,日本マニュファクチャリングサービス株式会社,未経験｜検品・梱包｜日本マニュファクチャリングサービス株式会社｜香取市,倉庫作業スタッフ,20～30代活躍中◎香取市｜マンツーマン研修で安心の検品・梱包,,千葉県 香取市,,,正社員,はい,月給,250000,,最低額を表示,なし,,,,,,,固定時間制,160,,厚生年金、健康保険、雇用保険、労災保険,,なし,,,,,,,,,,,,,,,,,,"千葉県香取市エリアで、検品・梱包の正社員スタッフを募集します。
勤務先は香取市内および周辺の物流センター。商品にキズや汚れがないかを目で確かめ、数を合わせ、袋や箱に丁寧に納める作業が中心です。
1年を通して快適な温度に保たれた室内作業で、当社の先輩スタッフが隣で手順を教えます。

■ ある1日のスケジュール（日勤・実働8時間）
09:00 出勤・朝礼。リーダーから本日の作業内容と注意点の共有があります
09:10 検品スタート。ハンディ端末でバーコードを読み取り、品番と数量を照合
10:30 小休憩（10分）
12:00 昼休憩（60分）。電子レンジ・冷蔵庫のある休憩室で昼食
13:00 梱包作業。緩衝材で商品を包み、ダンボールを組み立てて詰めていきます
15:00 小休憩（15分）
15:15 出荷準備。伝票シールを貼り、配送業者ごとにコンテナへ仕分け
17:45 清掃・翌日分の資材補充
18:00 退勤。土日祝はお休みで、翌日の予定も立てやすい働き方です

■ 具体的にはこんな商品を扱います
通販サイトで販売されるアパレル商品、生活雑貨、コスメ、文房具が中心です。
・シャツやタオルを畳んで透明袋へ入れる
・コスメの容器にひび割れがないかを目視で確認する
・文房具のセット品を指定の個数で袋詰めする
・箱にラベルを貼り、配送業者ごとの台車に載せる
商品は軽く、作業台の高さも調整されているため、身体への負担を抑えて続けられます。

■ 入社後1週間の流れ
1日目：オリエンテーション。安全ルール、勤怠の付け方、作業場の設備を案内します
2〜3日目：先輩スタッフがマンツーマンで隣につき、検品の見方と梱包の手順を実演しながら教えます
4〜5日目：シール貼りやダンボールの組み立てなど簡単な工程から一人で担当。分からないことはその場で質問できます
1週間後：検品・梱包の一連の流れをひと通り経験し、自分のペースで進められるようになります
当社は製造現場の教育に長年取り組んできた会社です。「早ければ半日、遅くとも2〜3日で一人立ち」が現場の平均的な目安ですが、慣れるまでは焦らず伴走します。

■ 働く環境について
作業場は1年を通して空調が効いており、汗だくになったり手がかじかんだりする心配はありません。
休憩室は広く、電子レンジや冷蔵庫、自動販売機が揃っています。昼休憩は各自のペースで過ごしています。
鍵付きロッカーを用意しているので、貴重品の管理も安心です。
服装や髪色は自由で、自分らしいスタイルのまま通勤できます。

■ 千葉県香取市で働く
水郷の街並みで知られる落ち着いた地域で、周辺に製造・物流の拠点も点在します。
JR成田線の佐原駅が最寄りで、東関東道の佐原香取ICも利用できます。
香取市周辺で「通勤時間を抑えて安定した正社員の仕事に就きたい」という方に、当社の検品・梱包はぴったりの選択肢です。

製造・物流の現場を支えてきた当社で、あなたのペースで一歩を踏み出してください。ご応募をお待ちしています。","【香取市で働くならここがポイント】

✅ 先輩スタッフの9割以上が未経験からのスタート
「商品を手に取る」「傷がないか見る」「箱に入れる」の3ステップが仕事の基本です。複雑な機械操作や専門用語はなく、入社初日は安全講習とオリエンテーションから始まるので、初めての正社員でも安心してスタートできます。

✅ 残業は月平均6.5時間以内
出荷量に合わせて人員を配置しているため、定時で帰れる日がほとんどです。仕事の後に予定を入れたり、家でゆっくり過ごしたりする時間をきちんと確保できます。

✅ 重い荷物はほとんどありません
扱うのは衣類・コスメ・文房具・小型雑貨など軽い商品が中心です。重量物の持ち上げや力仕事はほぼなく、身体への負担を抑えて長く続けられます。

✅ 髪色・ネイル・服装は自由
清潔感があれば普段のスタイルのままで大丈夫です。動きやすい服装で通勤し、現場のルールに沿って作業します。

✅ 相談しやすい体制
配属先にはリーダーが常駐し、定期的な面談で困りごとを聞き取ります。作業のこと、通勤のこと、働き方のこと、何でも相談してください。

✅ 香取市で通いやすい勤務地
JR成田線の佐原駅が最寄りで、東関東道の佐原香取ICも利用できます。水郷の街並みで知られる落ち着いた地域で、周辺に製造・物流の拠点も点在します。

まずはカジュアル面談で、職場の雰囲気や1日の流れをお伝えします。ご応募をお待ちしています。","例外事由3号のイにより、長期キャリア形成を図るため、
35歳以下を募集しております。","【勤務時間】
★9:00~18:00
└実働8時間/休憩1時間

定時ダッシュも問題ないです✧
✧ 土日祝休み
✧ 残業月平均:6.5時間以内
✧ 残業代100%支給","✧ 完全週休2日制(土日祝休み)
✧ 年間休日125日
「土日休みはマスト!」ってあなたにも
ぴったりの職場です!

【その他休暇】
✧ 有給休暇
✧ 夏季・冬季休暇
✧ GW休暇
✧ 年末年始休暇",千葉県 香取市,,"月給:25万円~+交通費全額支給

※経験に応じて決定いたします。

# 昇給あり
# 賞与あり
# 残業代100%支給
# 交通費支給","・社会保険完備（雇用・労災・健康・厚生年金）
・残業手当・深夜手当・休日出勤手当（実働時間に応じて支給）
・確定拠出年金制度（企業型）
・定期健康診断・インフルエンザ予防接種費用補助
・特別休暇（慶弔休暇）
・産前産後休暇・育児休業・介護休業
・資格取得支援制度（フォークリフト・自主保全士など）
・家具家電付き社員寮制度（勤務地による・規定あり）
・制服貸与
・社員持株会
・福利厚生サービス（レジャー・飲食の優待割引、保養施設）
・団体長期障害所得補償保険（GLTD）","【応募前の「気になる」にお答えします】

Q. 面接は堅苦しいですか？
A. いいえ。カジュアル面談を1回行うだけです。服装も自由、履歴書も任意です。

Q. 応募してからどのくらいで決まりますか？
A. 3ステップで進みます。
▶ STEP1 WEBから応募（1分）→ 1〜3日以内にご連絡
▶ STEP2 カジュアル面談（1回のみ）
▶ STEP3 採用

Q. すぐには入社できないのですが…
A. 入社日はご相談いただけます。今のお仕事の引き継ぎ期間なども考慮します。",,即日勤務OK、交通費支給、残業なし,2,任意,生年月日、性別、電話番号,ntf-indeedapplicant-aaaatulx77tci2k2pr5yeqapva@shukatsu-labo.slack.com,,,利用しない,,
募集中,日本マニュファクチャリングサービス株式会社,未経験｜検品・梱包｜日本マニュファクチャリングサービス株式会社｜山武郡芝山町,倉庫作業スタッフ,20～30代活躍中◎芝山町で正社員デビュー｜検品・梱包のシンプル作業,,千葉県 山武郡 芝山町,,,正社員,はい,月給,250000,,最低額を表示,なし,,,,,,,固定時間制,160,,厚生年金、健康保険、雇用保険、労災保険,,なし,,,,,,,,,,,,,,,,,,"芝山町内および周辺の物流センターで、通販商品や生活雑貨の「検品・梱包」を担当する正社員スタッフの募集です。
冷暖房が効いた清潔な作業場で、商品をひとつずつ確認し、丁寧に箱へ納めていく落ち着いた仕事です。
製造・物流の現場を長年支えてきた当社が、未経験の方を一から育てます。

■ 1日の流れ（9:00〜18:00・休憩1時間）
09:00 朝礼。当日の出荷予定と担当エリアを確認し、作業台へ移動します
09:15 午前の検品。入荷した商品を納品書と照らし合わせ、外観と数量をチェック
12:00 昼休憩（60分）。休憩室でゆっくり昼食をとります
13:00 午後の梱包。検品を終えた商品を袋詰めし、サイズに合った箱に納めます
15:00 小休憩（15分）。水分補給と軽いストレッチでリフレッシュ
15:15 ラベル貼りと出荷先ごとの仕分け。台車で所定の場所へ運びます
17:40 作業台の整理整頓と翌日の準備
18:00 退勤。残業は月平均6.5時間以内で、定時に帰れる日がほとんどです

■ 具体的にはこんな商品を扱います
通販サイトで販売されるアパレル商品、生活雑貨、コスメ、文房具が中心です。
・シャツやタオルを畳んで透明袋へ入れる
・コスメの容器にひび割れがないかを目視で確認する
・文房具のセット品を指定の個数で袋詰めする
・箱にラベルを貼り、配送業者ごとの台車に載せる
商品は軽く、作業台の高さも調整されているため、身体への負担を抑えて続けられます。

■ 教育・研修体制
入社初日は安全講習とオリエンテーションから始まり、いきなり現場に出ることはありません。
2日目以降は専任の先輩スタッフが隣について、検品・梱包の手順を実際にやって見せながら説明します。
最初の1週間は「見る→一緒にやる→一人でやる」の順で少しずつ担当を広げ、1週間後にはひと通りの作業を経験できるスケジュールです。
リーダーは常に作業場内にいるため、「これはどこに置くのでしたか」といった質問もすぐに解決できます。

■ 設備・環境のポイント
・冷暖房完備の室内作業で、季節や天候に左右されません
・休憩室には電子レンジ・冷蔵庫・ポットがあり、フリーWi-Fiも使えます
・個人用の鍵付きロッカーを完備
・髪色・ネイル・服装は自由。清潔感があれば普段のスタイルのままで大丈夫です

■ 芝山町の拠点ならではの一言
芝山鉄道の芝山千代田駅が最寄りで、成田空港からもすぐの立地です。
成田空港に隣接し、航空貨物を扱う物流施設が集まる地域です。
当社は千葉県内に複数の勤務先を持っているため、ご自宅からの通いやすさも考慮して配属先を相談できます。

「難しいことはできないけれど、コツコツ続けることは得意」という方を、当社は大切にしています。まずはお気軽にご応募ください。","【当社の検品・梱包が選ばれる理由】

✅ 先輩スタッフの9割以上が未経験からのスタート
「商品を手に取る」「傷がないか見る」「箱に入れる」の3ステップが仕事の基本です。複雑な機械操作や専門用語はなく、入社初日は安全講習とオリエンテーションから始まるので、初めての正社員でも安心してスタートできます。

✅ 土日祝休み・年間休日125日
完全週休2日制で、カレンダー通りに休めます。夏季・冬季休暇、GW、年末年始のまとまった休みもあり、予定を立てやすい働き方です。

✅ 重い荷物はほとんどありません
扱うのは衣類・コスメ・文房具・小型雑貨など軽い商品が中心です。重量物の持ち上げや力仕事はほぼなく、身体への負担を抑えて長く続けられます。

✅ 髪色・ネイル・服装は自由
清潔感があれば普段のスタイルのままで大丈夫です。動きやすい服装で通勤し、現場のルールに沿って作業します。

✅ 安定した雇用と福利厚生
正社員としての雇用に加え、社会保険完備、定期健康診断、資格取得支援などの制度があります。「腰を据えて働きたい」という希望に応えられる環境です。

✅ 芝山町で通いやすい勤務地
芝山鉄道の芝山千代田駅が最寄りで、成田空港からもすぐの立地です。成田空港に隣接し、航空貨物を扱う物流施設が集まる地域です。

「自分にもできそう」と思えたら、それがスタートの合図です。お気軽にご応募ください。","例外事由3号のイにより、長期キャリア形成を図るため、
35歳以下を募集しております。","【勤務時間】
★9:00~18:00
└実働8時間/休憩1時間

定時ダッシュも問題ないです✧
✧ 土日祝休み
✧ 残業月平均:6.5時間以内
✧ 残業代100%支給","✧ 完全週休2日制(土日祝休み)
✧ 年間休日125日
「土日休みはマスト!」ってあなたにも
ぴったりの職場です!

【その他休暇】
✧ 有給休暇
✧ 夏季・冬季休暇
✧ GW休暇
✧ 年末年始休暇",千葉県 山武郡 芝山町,,"月給:25万円~+交通費全額支給

※経験に応じて決定いたします。

# 昇給あり
# 賞与あり
# 残業代100%支給
# 交通費支給","・社会保険完備（雇用・労災・健康・厚生年金）
・残業手当・深夜手当・休日出勤手当（実働時間に応じて支給）
・確定拠出年金制度（企業型）
・定期健康診断・インフルエンザ予防接種費用補助
・特別休暇（慶弔休暇）
・産前産後休暇・育児休業・介護休業
・資格取得支援制度（フォークリフト・自主保全士など）
・家具家電付き社員寮制度（勤務地による・規定あり）
・制服貸与
・社員持株会
・福利厚生サービス（レジャー・飲食の優待割引、保養施設）
・団体長期障害所得補償保険（GLTD）","まずは「話を聞いてみる」だけで大丈夫です。

当社ではカジュアル面談を実施しています。
志望動機や自己PRの準備は不要。
「どんな職場？」「本当に未経験でもできる？」といった疑問に、担当者が率直にお答えします。

■ 応募から入社までの3STEP ■
▶ STEP1 WEB応募（1分）
▶ STEP2 カジュアル面談（1回のみ・1〜3日以内にご連絡）
▶ STEP3 採用・入社日のご相談

入社日は柔軟に調整できます。
「来月から」「今の仕事を辞めてから」など、ご都合をお聞かせください。",,即日勤務OK、交通費支給、残業なし,2,任意,生年月日、性別、電話番号,ntf-indeedapplicant-aaaatulx77tci2k2pr5yeqapva@shukatsu-labo.slack.com,,,利用しない,,
募集中,日本マニュファクチャリングサービス株式会社,未経験｜検品・梱包｜日本マニュファクチャリングサービス株式会社｜名古屋市,倉庫作業スタッフ,20～30代活躍中◎名古屋市｜年間休日125日・完全週休2日の軽作業,,愛知県 名古屋市,,,正社員,はい,月給,250000,,最低額を表示,なし,,,,,,,固定時間制,160,,厚生年金、健康保険、雇用保険、労災保険,,なし,,,,,,,,,,,,,,,,,,"勤務先は名古屋市内および周辺の物流センター。扱うのは衣類・コスメ・文房具・小型雑貨など、手のひらサイズの軽い商品が中心です。
担当していただくのは、届いた商品に不備がないかを確かめ、出荷用の箱に整えて詰める「検品・梱包」の作業。
空調完備の室内で、自分のペースを保ちながら黙々と取り組める環境です。

■ ある1日のスケジュール（日勤・実働8時間）
09:00 出勤・朝礼。リーダーから本日の作業内容と注意点の共有があります
09:10 検品スタート。ハンディ端末でバーコードを読み取り、品番と数量を照合
10:30 小休憩（10分）
12:00 昼休憩（60分）。電子レンジ・冷蔵庫のある休憩室で昼食
13:00 梱包作業。緩衝材で商品を包み、ダンボールを組み立てて詰めていきます
15:00 小休憩（15分）
15:15 出荷準備。伝票シールを貼り、配送業者ごとにコンテナへ仕分け
17:45 清掃・翌日分の資材補充
18:00 退勤。土日祝はお休みで、翌日の予定も立てやすい働き方です

■ 主な作業内容
・検品：入荷した商品の外観チェック（傷・汚れ・パッケージのへこみ）と数量・品番の照合
・スキャン：バーコードリーダーで商品を読み取り、データと突き合わせます
・梱包：袋詰め、緩衝材包装、ダンボールの組み立てと箱詰め、テープ留め
・仕上げ：ラベル貼りと配送地域別の仕分け
扱うのはアパレル商品、コスメ、文房具、小型雑貨など。どれも軽く、繰り返しの中で自然と手順が身につく作業です。

■ 未経験でも安心の1週間プログラム
・1日目：会社説明、安全講習、作業着の受け取り、作業場の見学
・2日目：先輩の隣で検品の実演を見学し、午後から一緒に作業
・3日目：梱包の袋詰め・箱詰めを先輩と一緒に担当
・4日目：シール貼りと仕分けを一人で担当。先輩は同じ作業台で見守ります
・5日目：検品から仕分けまでの流れを通しで経験
覚えることは3ステップの繰り返しなので、専門知識や資格は不要です。製造現場で人を育ててきた当社ならではの丁寧な立ち上がりを用意しています。

■ 職場環境
・空調完備：冷暖房が効いた清潔な室内で、夏も冬も快適に作業できます
・休憩室：電子レンジ・冷蔵庫・ポット・自動販売機を完備。お弁当持参でもゆっくり過ごせます
・ロッカー：鍵付きの個人ロッカーがあり、私物を安心して預けられます
・服装：髪色・ネイルは自由。動きやすい服装で通勤し、現場のルールに沿って作業します

■ 名古屋市の拠点ならではの一言
JR・名鉄・近鉄・地下鉄各線が利用でき、県内外どこからでも通いやすい地域です。
中部地方最大の都市で、周辺には自動車関連や生活雑貨の物流拠点が多く集まっています。
当社は愛知県内に複数の勤務先を持っているため、ご自宅からの通いやすさも考慮して配属先を相談できます。

製造・物流の現場を支えてきた当社で、あなたのペースで一歩を踏み出してください。ご応募をお待ちしています。","【名古屋市で働くならここがポイント】

✅ 資格・経験・学歴は問いません
必要なのは「丁寧に確認する姿勢」だけ。検品の見方、梱包の手順はすべて入社後にお伝えします。フォークリフトなどの資格取得を目指したい方には支援制度もあり、長く働くほど仕事の幅が広がります。

✅ 残業は月平均6.5時間以内
出荷量に合わせて人員を配置しているため、定時で帰れる日がほとんどです。仕事の後に予定を入れたり、家でゆっくり過ごしたりする時間をきちんと確保できます。

✅ 自分のペースで黙々と進められる仕事
ノルマに追われることはなく、接客もありません。「一人で集中して作業したい」「人間関係のストレスを減らしたい」という方にこそ向いている環境です。

✅ 空調完備・清潔な作業場
冷暖房がしっかり効いた室内で、季節を問わず快適に働けます。休憩室には電子レンジ・冷蔵庫・自動販売機があり、鍵付きロッカーも完備しています。

✅ 製造・物流の現場を支えてきた会社の正社員
当社は全国の製造現場で人材を育ててきた会社です。検品・梱包からスタートし、経験を積めばリーダーや別工程へのステップアップも目指せます。

✅ 名古屋市で通いやすい勤務地
JR・名鉄・近鉄・地下鉄各線が利用でき、県内外どこからでも通いやすい地域です。中部地方最大の都市で、周辺には自動車関連や生活雑貨の物流拠点が多く集まっています。

まずはカジュアル面談で、職場の雰囲気や1日の流れをお伝えします。ご応募をお待ちしています。","例外事由3号のイにより、長期キャリア形成を図るため、
35歳以下を募集しております。","【勤務時間】
★9:00~18:00
└実働8時間/休憩1時間

定時ダッシュも問題ないです✧
✧ 土日祝休み
✧ 残業月平均:6.5時間以内
✧ 残業代100%支給","✧ 完全週休2日制(土日祝休み)
✧ 年間休日125日
「土日休みはマスト!」ってあなたにも
ぴったりの職場です!

【その他休暇】
✧ 有給休暇
✧ 夏季・冬季休暇
✧ GW休暇
✧ 年末年始休暇",愛知県 名古屋市,,"月給:25万円~+交通費全額支給

※経験に応じて決定いたします。

# 昇給あり
# 賞与あり
# 残業代100%支給
# 交通費支給","・社会保険完備（雇用・労災・健康・厚生年金）
・残業手当・深夜手当・休日出勤手当（実働時間に応じて支給）
・確定拠出年金制度（企業型）
・定期健康診断・インフルエンザ予防接種費用補助
・特別休暇（慶弔休暇）
・産前産後休暇・育児休業・介護休業
・資格取得支援制度（フォークリフト・自主保全士など）
・家具家電付き社員寮制度（勤務地による・規定あり）
・制服貸与
・社員持株会
・福利厚生サービス（レジャー・飲食の優待割引、保養施設）
・団体長期障害所得補償保険（GLTD）","【最短スケジュールのイメージ】

▶ STEP1 今日：WEBから1分で応募
▶ STEP2 1〜3日後：担当者からご連絡 → カジュアル面談の日程調整
▶ STEP3 面談当日：カジュアル面談（1回のみ）→ 採用のご連絡

面談では、職場の雰囲気・1日の流れ・通勤のことなど、
気になることを何でも聞いてください。

✧ 入社日はご相談いただけます ✧
「すぐ働きたい」「少し先がいい」どちらのご希望にも対応します。",,即日勤務OK、交通費支給、残業なし,2,任意,生年月日、性別、電話番号,ntf-indeedapplicant-aaaatulx77tci2k2pr5yeqapva@shukatsu-labo.slack.com,,,利用しない,,
募集中,日本マニュファクチャリングサービス株式会社,未経験｜検品・梱包｜日本マニュファクチャリングサービス株式会社｜名古屋市港区,倉庫作業スタッフ,20～30代活躍中◎安定の正社員｜名古屋市港区で検品・梱包を一から,,愛知県 名古屋市 港区,,,正社員,はい,月給,250000,,最低額を表示,なし,,,,,,,固定時間制,160,,厚生年金、健康保険、雇用保険、労災保険,,なし,,,,,,,,,,,,,,,,,,"「ものづくりの現場を支える仕事を、正社員として腰を据えて続けたい」という方へ。
名古屋市港区内および周辺の物流センターで、商品の検品と梱包を担当するスタッフを募集します。
空調の効いた清潔な作業場で、座り作業と立ち作業を組み合わせながら無理なく進められる仕事です。

■ 入社後の1日はこんなイメージです
09:00 朝礼。体調確認と当日の出荷量の共有からスタート
09:15 午前は検品を中心に担当。商品の外観を目視で確認し、傷や汚れがあれば別置きにします
12:00 昼休憩（60分）。お弁当持参の方も、近くで買ってくる方もいます
13:00 午後は梱包を担当。袋詰め、箱詰め、テープ留めの3工程を繰り返します
15:00 小休憩（15分）。自動販売機で飲み物を買って一息
15:15 出荷分の最終チェックと仕分け。全員で協力して当日分を仕上げます
17:45 作業スペースの清掃と日報記入
18:00 定時退勤。残業は月平均6.5時間以内に収まっています

■ 扱う商品と作業の具体例
・衣類・タオルなどの布製品：ほつれや汚れがないか確認し、専用の透明袋に入れます
・コスメ・ガラス製の小物：割れやすいため、緩衝材で包んでから箱に納めます
・文房具・生活雑貨：品番と個数を納品書と照合し、まとめて袋詰めします
・出荷前の箱：伝票シールと「割れ物注意」「水濡れ厳禁」などの注意シールを所定位置に貼ります
いずれも手のひらから両手で持てる大きさの商品で、重量物の持ち上げはありません。

■ 入社後1週間の流れ
1日目：オリエンテーション。安全ルール、勤怠の付け方、作業場の設備を案内します
2〜3日目：先輩スタッフがマンツーマンで隣につき、検品の見方と梱包の手順を実演しながら教えます
4〜5日目：シール貼りやダンボールの組み立てなど簡単な工程から一人で担当。分からないことはその場で質問できます
1週間後：検品・梱包の一連の流れをひと通り経験し、自分のペースで進められるようになります
当社は製造現場の教育に長年取り組んできた会社です。「早ければ半日、遅くとも2〜3日で一人立ち」が現場の平均的な目安ですが、慣れるまでは焦らず伴走します。

■ 設備・環境のポイント
・冷暖房完備の室内作業で、季節や天候に左右されません
・休憩室には電子レンジ・冷蔵庫・ポットがあり、フリーWi-Fiも使えます
・個人用の鍵付きロッカーを完備
・髪色・ネイル・服装は自由。清潔感があれば普段のスタイルのままで大丈夫です

■ 愛知県名古屋市港区で働く
名古屋港を抱える港湾物流の中心地で、輸入品や日用品を扱う倉庫が多いエリアです。
地下鉄名港線・あおなみ線が利用でき、名古屋駅方面からも通いやすい立地です。
名古屋市港区周辺で「通勤時間を抑えて安定した正社員の仕事に就きたい」という方に、当社の検品・梱包はぴったりの選択肢です。

製造・物流の現場を支えてきた当社で、あなたのペースで一歩を踏み出してください。ご応募をお待ちしています。","【当社の検品・梱包が選ばれる理由】

✅ 資格・経験・学歴は問いません
必要なのは「丁寧に確認する姿勢」だけ。検品の見方、梱包の手順はすべて入社後にお伝えします。フォークリフトなどの資格取得を目指したい方には支援制度もあり、長く働くほど仕事の幅が広がります。

✅ 土日祝休み・年間休日125日
完全週休2日制で、カレンダー通りに休めます。夏季・冬季休暇、GW、年末年始のまとまった休みもあり、予定を立てやすい働き方です。

✅ 自分のペースで黙々と進められる仕事
ノルマに追われることはなく、接客もありません。「一人で集中して作業したい」「人間関係のストレスを減らしたい」という方にこそ向いている環境です。

✅ 空調完備・清潔な作業場
冷暖房がしっかり効いた室内で、季節を問わず快適に働けます。休憩室には電子レンジ・冷蔵庫・自動販売機があり、鍵付きロッカーも完備しています。

✅ 相談しやすい体制
配属先にはリーダーが常駐し、定期的な面談で困りごとを聞き取ります。作業のこと、通勤のこと、働き方のこと、何でも相談してください。

✅ 地元名古屋市港区で長く働く
名古屋港を抱える港湾物流の中心地で、輸入品や日用品を扱う倉庫が多いエリアです。地下鉄名港線・あおなみ線が利用でき、名古屋駅方面からも通いやすい立地です。

まずはカジュアル面談で、職場の雰囲気や1日の流れをお伝えします。ご応募をお待ちしています。","例外事由3号のイにより、長期キャリア形成を図るため、
35歳以下を募集しております。","【勤務時間】
★9:00~18:00
└実働8時間/休憩1時間

定時ダッシュも問題ないです✧
✧ 土日祝休み
✧ 残業月平均:6.5時間以内
✧ 残業代100%支給","✧ 完全週休2日制(土日祝休み)
✧ 年間休日125日
「土日休みはマスト!」ってあなたにも
ぴったりの職場です!

【その他休暇】
✧ 有給休暇
✧ 夏季・冬季休暇
✧ GW休暇
✧ 年末年始休暇",愛知県 名古屋市 港区,,"月給:25万円~+交通費全額支給

※経験に応じて決定いたします。

# 昇給あり
# 賞与あり
# 残業代100%支給
# 交通費支給","・社会保険完備（雇用・労災・健康・厚生年金）
・残業手当・深夜手当・休日出勤手当（実働時間に応じて支給）
・確定拠出年金制度（企業型）
・定期健康診断・インフルエンザ予防接種費用補助
・特別休暇（慶弔休暇）
・産前産後休暇・育児休業・介護休業
・資格取得支援制度（フォークリフト・自主保全士など）
・家具家電付き社員寮制度（勤務地による・規定あり）
・制服貸与
・社員持株会
・福利厚生サービス（レジャー・飲食の優待割引、保養施設）
・団体長期障害所得補償保険（GLTD）","■ 選考について ■
・カジュアル面談：1回のみ（服装自由・履歴書任意）
・応募から面談まで：WEB応募後、1〜3日以内にご連絡
・入社日：ご相談のうえ決定

■ 応募からの流れ ■
▶ STEP1 WEBから1分で応募
▶ STEP2 カジュアル面談（1回のみ）
▶ STEP3 採用

「まずは話だけ聞いてみたい」という方も、そのままご応募ください。
面談で無理に応募を勧めることはありません。",,即日勤務OK、交通費支給、残業なし,2,任意,生年月日、性別、電話番号,ntf-indeedapplicant-aaaatulx77tci2k2pr5yeqapva@shukatsu-labo.slack.com,,,利用しない,,
募集中,日本マニュファクチャリングサービス株式会社,未経験｜検品・梱包｜日本マニュファクチャリングサービス株式会社｜名古屋市熱田区,倉庫作業スタッフ,20～30代活躍中◎残業ほぼなし｜名古屋市熱田区で腰を据えて働く検品・梱包,,愛知県 名古屋市 熱田区,,,正社員,はい,月給,250000,,最低額を表示,なし,,,,,,,固定時間制,160,,厚生年金、健康保険、雇用保険、労災保険,,なし,,,,,,,,,,,,,,,,,,"愛知県名古屋市熱田区エリアで、検品・梱包の正社員スタッフを募集します。
勤務先は名古屋市熱田区内および周辺の物流センター。商品にキズや汚れがないかを目で確かめ、数を合わせ、袋や箱に丁寧に納める作業が中心です。
1年を通して快適な温度に保たれた室内作業で、当社の先輩スタッフが隣で手順を教えます。

■ 1日の流れ（9:00〜18:00・休憩1時間）
09:00 朝礼。当日の出荷予定と担当エリアを確認し、作業台へ移動します
09:15 午前の検品。入荷した商品を納品書と照らし合わせ、外観と数量をチェック
12:00 昼休憩（60分）。休憩室でゆっくり昼食をとります
13:00 午後の梱包。検品を終えた商品を袋詰めし、サイズに合った箱に納めます
15:00 小休憩（15分）。水分補給と軽いストレッチでリフレッシュ
15:15 ラベル貼りと出荷先ごとの仕分け。台車で所定の場所へ運びます
17:40 作業台の整理整頓と翌日の準備
18:00 退勤。残業は月平均6.5時間以内で、定時に帰れる日がほとんどです

■ 扱う商品と作業の具体例
・衣類・タオルなどの布製品：ほつれや汚れがないか確認し、専用の透明袋に入れます
・コスメ・ガラス製の小物：割れやすいため、緩衝材で包んでから箱に納めます
・文房具・生活雑貨：品番と個数を納品書と照合し、まとめて袋詰めします
・出荷前の箱：伝票シールと「割れ物注意」「水濡れ厳禁」などの注意シールを所定位置に貼ります
いずれも手のひらから両手で持てる大きさの商品で、重量物の持ち上げはありません。

■ 教育・研修体制
入社初日は安全講習とオリエンテーションから始まり、いきなり現場に出ることはありません。
2日目以降は専任の先輩スタッフが隣について、検品・梱包の手順を実際にやって見せながら説明します。
最初の1週間は「見る→一緒にやる→一人でやる」の順で少しずつ担当を広げ、1週間後にはひと通りの作業を経験できるスケジュールです。
リーダーは常に作業場内にいるため、「これはどこに置くのでしたか」といった質問もすぐに解決できます。

■ 職場環境
・空調完備：冷暖房が効いた清潔な室内で、夏も冬も快適に作業できます
・休憩室：電子レンジ・冷蔵庫・ポット・自動販売機を完備。お弁当持参でもゆっくり過ごせます
・ロッカー：鍵付きの個人ロッカーがあり、私物を安心して預けられます
・服装：髪色・ネイルは自由。動きやすい服装で通勤し、現場のルールに沿って作業します

■ 愛知県名古屋市熱田区で働く
熱田神宮で知られる歴史ある街で、交通の便が良く通勤しやすい地域です。
JR・名鉄・地下鉄が集まる金山駅が最寄りで、名古屋駅からも2駅の好立地です。
名古屋市熱田区周辺で「通勤時間を抑えて安定した正社員の仕事に就きたい」という方に、当社の検品・梱包はぴったりの選択肢です。

「難しいことはできないけれど、コツコツ続けることは得意」という方を、当社は大切にしています。まずはお気軽にご応募ください。","【名古屋市熱田区で働くならここがポイント】

✅ 覚えることは少なく、教え方は丁寧に
製造現場で人を育ててきた当社では、専任の先輩がマンツーマンで隣につきます。最初はシール貼りやダンボールの組み立てといった簡単な工程から始め、1週間でひと通りの流れを経験できるプログラムを用意しています。

✅ 平日は定時、週末はしっかり休む
9:00〜18:00の固定時間制で、生活リズムが安定します。土日祝はお休みなので、家族や友人と予定を合わせやすいのも魅力です。

✅ 重い荷物はほとんどありません
扱うのは衣類・コスメ・文房具・小型雑貨など軽い商品が中心です。重量物の持ち上げや力仕事はほぼなく、身体への負担を抑えて長く続けられます。

✅ 空調完備・清潔な作業場
冷暖房がしっかり効いた室内で、季節を問わず快適に働けます。休憩室には電子レンジ・冷蔵庫・自動販売機があり、鍵付きロッカーも完備しています。

✅ 安定した雇用と福利厚生
正社員としての雇用に加え、社会保険完備、定期健康診断、資格取得支援などの制度があります。「腰を据えて働きたい」という希望に応えられる環境です。

✅ 地元名古屋市熱田区で長く働く
熱田神宮で知られる歴史ある街で、交通の便が良く通勤しやすい地域です。JR・名鉄・地下鉄が集まる金山駅が最寄りで、名古屋駅からも2駅の好立地です。

「自分にもできそう」と思えたら、それがスタートの合図です。お気軽にご応募ください。","例外事由3号のイにより、長期キャリア形成を図るため、
35歳以下を募集しております。","【勤務時間】
★9:00~18:00
└実働8時間/休憩1時間

定時ダッシュも問題ないです✧
✧ 土日祝休み
✧ 残業月平均:6.5時間以内
✧ 残業代100%支給","✧ 完全週休2日制(土日祝休み)
✧ 年間休日125日
「土日休みはマスト!」ってあなたにも
ぴったりの職場です!

【その他休暇】
✧ 有給休暇
✧ 夏季・冬季休暇
✧ GW休暇
✧ 年末年始休暇",愛知県 名古屋市 熱田区,,"月給:25万円~+交通費全額支給

※経験に応じて決定いたします。

# 昇給あり
# 賞与あり
# 残業代100%支給
# 交通費支給","・社会保険完備（雇用・労災・健康・厚生年金）
・残業手当・深夜手当・休日出勤手当（実働時間に応じて支給）
・確定拠出年金制度（企業型）
・定期健康診断・インフルエンザ予防接種費用補助
・特別休暇（慶弔休暇）
・産前産後休暇・育児休業・介護休業
・資格取得支援制度（フォークリフト・自主保全士など）
・家具家電付き社員寮制度（勤務地による・規定あり）
・制服貸与
・社員持株会
・福利厚生サービス（レジャー・飲食の優待割引、保養施設）
・団体長期障害所得補償保険（GLTD）","✧ カジュアル面談実施中です ✧

応募に必要なのは人柄だけ。
まずはあなたのご希望を聞かせてください。

■ 応募からの流れ ■
▶ STEP1 WEBから1分で簡単応募
1〜3日以内に担当者からご連絡します。
▶ STEP2 カジュアル面談（1回のみ）
職場の雰囲気や1日の流れをお伝えし、ご希望を伺います。
▶ STEP3 採用

※入社日はご相談いただけます◎
在職中の方も、お気軽にご相談ください。",,即日勤務OK、交通費支給、残業なし,2,任意,生年月日、性別、電話番号,ntf-indeedapplicant-aaaatulx77tci2k2pr5yeqapva@shukatsu-labo.slack.com,,,利用しない,,
募集中,日本マニュファクチャリングサービス株式会社,未経験｜検品・梱包｜日本マニュファクチャリングサービス株式会社｜豊田市,倉庫作業スタッフ,20～30代活躍中◎定時で帰れる｜豊田市の物流センターで検品・梱包,,愛知県 豊田市,,,正社員,はい,月給,250000,,最低額を表示,なし,,,,,,,固定時間制,160,,厚生年金、健康保険、雇用保険、労災保険,,なし,,,,,,,,,,,,,,,,,,"豊田市内および周辺の物流センターで、通販商品や生活雑貨の「検品・梱包」を担当する正社員スタッフの募集です。
冷暖房が効いた清潔な作業場で、商品をひとつずつ確認し、丁寧に箱へ納めていく落ち着いた仕事です。
製造・物流の現場を長年支えてきた当社が、未経験の方を一から育てます。

■ 入社後の1日はこんなイメージです
09:00 朝礼。体調確認と当日の出荷量の共有からスタート
09:15 午前は検品を中心に担当。商品の外観を目視で確認し、傷や汚れがあれば別置きにします
12:00 昼休憩（60分）。お弁当持参の方も、近くで買ってくる方もいます
13:00 午後は梱包を担当。袋詰め、箱詰め、テープ留めの3工程を繰り返します
15:00 小休憩（15分）。自動販売機で飲み物を買って一息
15:15 出荷分の最終チェックと仕分け。全員で協力して当日分を仕上げます
17:45 作業スペースの清掃と日報記入
18:00 定時退勤。残業は月平均6.5時間以内に収まっています

■ 作業の流れ（3ステップ）
1. 検品：商品を手に取り、傷・汚れ・数量を確認します。迷ったら「保留」の箱に入れてリーダーに確認するだけです
2. 梱包：商品に合わせて袋・緩衝材・箱を選び、動かないように納めてテープで封をします
3. 仕分け：伝票シールを貼り、配送地域ごとに分けられたコンテナへ移します
扱う商品は衣類・雑貨・コスメ・文房具などの軽いものが中心で、フォークリフトなどの機械操作はありません。

■ 教育・研修体制
入社初日は安全講習とオリエンテーションから始まり、いきなり現場に出ることはありません。
2日目以降は専任の先輩スタッフが隣について、検品・梱包の手順を実際にやって見せながら説明します。
最初の1週間は「見る→一緒にやる→一人でやる」の順で少しずつ担当を広げ、1週間後にはひと通りの作業を経験できるスケジュールです。
リーダーは常に作業場内にいるため、「これはどこに置くのでしたか」といった質問もすぐに解決できます。

■ 働く環境について
作業場は1年を通して空調が効いており、汗だくになったり手がかじかんだりする心配はありません。
休憩室は広く、電子レンジや冷蔵庫、自動販売機が揃っています。昼休憩は各自のペースで過ごしています。
鍵付きロッカーを用意しているので、貴重品の管理も安心です。
服装や髪色は自由で、自分らしいスタイルのまま通勤できます。

■ 豊田市の拠点ならではの一言
名鉄三河線・豊田線の豊田市駅と愛知環状鉄道の新豊田駅が最寄りで、東名の豊田ICも近い立地です。
自動車産業の中心地で、関連部品や資材を扱う物流の現場が数多くある街です。
当社は愛知県内に複数の勤務先を持っているため、ご自宅からの通いやすさも考慮して配属先を相談できます。

製造・物流の現場を支えてきた当社で、あなたのペースで一歩を踏み出してください。ご応募をお待ちしています。","【当社の検品・梱包が選ばれる理由】

✅ 覚えることは少なく、教え方は丁寧に
製造現場で人を育ててきた当社では、専任の先輩がマンツーマンで隣につきます。最初はシール貼りやダンボールの組み立てといった簡単な工程から始め、1週間でひと通りの流れを経験できるプログラムを用意しています。

✅ 残業は月平均6.5時間以内
出荷量に合わせて人員を配置しているため、定時で帰れる日がほとんどです。仕事の後に予定を入れたり、家でゆっくり過ごしたりする時間をきちんと確保できます。

✅ 重い荷物はほとんどありません
扱うのは衣類・コスメ・文房具・小型雑貨など軽い商品が中心です。重量物の持ち上げや力仕事はほぼなく、身体への負担を抑えて長く続けられます。

✅ 空調完備・清潔な作業場
冷暖房がしっかり効いた室内で、季節を問わず快適に働けます。休憩室には電子レンジ・冷蔵庫・自動販売機があり、鍵付きロッカーも完備しています。

✅ 製造・物流の現場を支えてきた会社の正社員
当社は全国の製造現場で人材を育ててきた会社です。検品・梱包からスタートし、経験を積めばリーダーや別工程へのステップアップも目指せます。

✅ 地元豊田市で長く働く
自動車産業の中心地で、関連部品や資材を扱う物流の現場が数多くある街です。名鉄三河線・豊田線の豊田市駅と愛知環状鉄道の新豊田駅が最寄りで、東名の豊田ICも近い立地です。

まずはカジュアル面談で、職場の雰囲気や1日の流れをお伝えします。ご応募をお待ちしています。","例外事由3号のイにより、長期キャリア形成を図るため、
35歳以下を募集しております。","【勤務時間】
★9:00~18:00
└実働8時間/休憩1時間

定時ダッシュも問題ないです✧
✧ 土日祝休み
✧ 残業月平均:6.5時間以内
✧ 残業代100%支給","✧ 完全週休2日制(土日祝休み)
✧ 年間休日125日
「土日休みはマスト!」ってあなたにも
ぴったりの職場です!

【その他休暇】
✧ 有給休暇
✧ 夏季・冬季休暇
✧ GW休暇
✧ 年末年始休暇",愛知県 豊田市,,"月給:25万円~+交通費全額支給

※経験に応じて決定いたします。

# 昇給あり
# 賞与あり
# 残業代100%支給
# 交通費支給","・社会保険完備（雇用・労災・健康・厚生年金）
・残業手当・深夜手当・休日出勤手当（実働時間に応じて支給）
・確定拠出年金制度（企業型）
・定期健康診断・インフルエンザ予防接種費用補助
・特別休暇（慶弔休暇）
・産前産後休暇・育児休業・介護休業
・資格取得支援制度（フォークリフト・自主保全士など）
・家具家電付き社員寮制度（勤務地による・規定あり）
・制服貸与
・社員持株会
・福利厚生サービス（レジャー・飲食の優待割引、保養施設）
・団体長期障害所得補償保険（GLTD）","【応募前の「気になる」にお答えします】

Q. 面接は堅苦しいですか？
A. いいえ。カジュアル面談を1回行うだけです。服装も自由、履歴書も任意です。

Q. 応募してからどのくらいで決まりますか？
A. 3ステップで進みます。
▶ STEP1 WEBから応募（1分）→ 1〜3日以内にご連絡
▶ STEP2 カジュアル面談（1回のみ）
▶ STEP3 採用

Q. すぐには入社できないのですが…
A. 入社日はご相談いただけます。今のお仕事の引き継ぎ期間なども考慮します。",,即日勤務OK、交通費支給、残業なし,2,任意,生年月日、性別、電話番号,ntf-indeedapplicant-aaaatulx77tci2k2pr5yeqapva@shukatsu-labo.slack.com,,,利用しない,,
募集中,日本マニュファクチャリングサービス株式会社,未経験｜検品・梱包｜日本マニュファクチャリングサービス株式会社｜安城市,倉庫作業スタッフ,20～30代活躍中◎土日祝休み・安城市勤務｜ものづくり企業の軽作業,,愛知県 安城市,,,正社員,はい,月給,250000,,最低額を表示,なし,,,,,,,固定時間制,160,,厚生年金、健康保険、雇用保険、労災保険,,なし,,,,,,,,,,,,,,,,,,"勤務先は安城市内および周辺の物流センター。扱うのは衣類・コスメ・文房具・小型雑貨など、手のひらサイズの軽い商品が中心です。
担当していただくのは、届いた商品に不備がないかを確かめ、出荷用の箱に整えて詰める「検品・梱包」の作業。
空調完備の室内で、自分のペースを保ちながら黙々と取り組める環境です。

■ 1日の流れ（9:00〜18:00・休憩1時間）
09:00 朝礼。当日の出荷予定と担当エリアを確認し、作業台へ移動します
09:15 午前の検品。入荷した商品を納品書と照らし合わせ、外観と数量をチェック
12:00 昼休憩（60分）。休憩室でゆっくり昼食をとります
13:00 午後の梱包。検品を終えた商品を袋詰めし、サイズに合った箱に納めます
15:00 小休憩（15分）。水分補給と軽いストレッチでリフレッシュ
15:15 ラベル貼りと出荷先ごとの仕分け。台車で所定の場所へ運びます
17:40 作業台の整理整頓と翌日の準備
18:00 退勤。残業は月平均6.5時間以内で、定時に帰れる日がほとんどです

■ 作業の流れ（3ステップ）
1. 検品：商品を手に取り、傷・汚れ・数量を確認します。迷ったら「保留」の箱に入れてリーダーに確認するだけです
2. 梱包：商品に合わせて袋・緩衝材・箱を選び、動かないように納めてテープで封をします
3. 仕分け：伝票シールを貼り、配送地域ごとに分けられたコンテナへ移します
扱う商品は衣類・雑貨・コスメ・文房具などの軽いものが中心で、フォークリフトなどの機械操作はありません。

■ 未経験でも安心の1週間プログラム
・1日目：会社説明、安全講習、作業着の受け取り、作業場の見学
・2日目：先輩の隣で検品の実演を見学し、午後から一緒に作業
・3日目：梱包の袋詰め・箱詰めを先輩と一緒に担当
・4日目：シール貼りと仕分けを一人で担当。先輩は同じ作業台で見守ります
・5日目：検品から仕分けまでの流れを通しで経験
覚えることは3ステップの繰り返しなので、専門知識や資格は不要です。製造現場で人を育ててきた当社ならではの丁寧な立ち上がりを用意しています。

■ 設備・環境のポイント
・冷暖房完備の室内作業で、季節や天候に左右されません
・休憩室には電子レンジ・冷蔵庫・ポットがあり、フリーWi-Fiも使えます
・個人用の鍵付きロッカーを完備
・髪色・ネイル・服装は自由。清潔感があれば普段のスタイルのままで大丈夫です

■ 愛知県安城市で働く
自動車関連の製造業が盛んな西三河の街で、物流拠点も多く集まっています。
JR東海道線の安城駅・三河安城駅（新幹線停車）と名鉄の新安城駅が利用できます。
安城市周辺で「通勤時間を抑えて安定した正社員の仕事に就きたい」という方に、当社の検品・梱包はぴったりの選択肢です。

製造・物流の現場を支えてきた当社で、あなたのペースで一歩を踏み出してください。ご応募をお待ちしています。","【安城市で働くならここがポイント】

✅ 先輩スタッフの9割以上が未経験からのスタート
「商品を手に取る」「傷がないか見る」「箱に入れる」の3ステップが仕事の基本です。複雑な機械操作や専門用語はなく、入社初日は安全講習とオリエンテーションから始まるので、初めての正社員でも安心してスタートできます。

✅ 土日祝休み・年間休日125日
完全週休2日制で、カレンダー通りに休めます。夏季・冬季休暇、GW、年末年始のまとまった休みもあり、予定を立てやすい働き方です。

✅ 重い荷物はほとんどありません
扱うのは衣類・コスメ・文房具・小型雑貨など軽い商品が中心です。重量物の持ち上げや力仕事はほぼなく、身体への負担を抑えて長く続けられます。

✅ 空調完備・清潔な作業場
冷暖房がしっかり効いた室内で、季節を問わず快適に働けます。休憩室には電子レンジ・冷蔵庫・自動販売機があり、鍵付きロッカーも完備しています。

✅ 相談しやすい体制
配属先にはリーダーが常駐し、定期的な面談で困りごとを聞き取ります。作業のこと、通勤のこと、働き方のこと、何でも相談してください。

✅ 安城市で通いやすい勤務地
JR東海道線の安城駅・三河安城駅（新幹線停車）と名鉄の新安城駅が利用できます。自動車関連の製造業が盛んな西三河の街で、物流拠点も多く集まっています。

「自分にもできそう」と思えたら、それがスタートの合図です。お気軽にご応募ください。","例外事由3号のイにより、長期キャリア形成を図るため、
35歳以下を募集しております。","【勤務時間】
★9:00~18:00
└実働8時間/休憩1時間

定時ダッシュも問題ないです✧
✧ 土日祝休み
✧ 残業月平均:6.5時間以内
✧ 残業代100%支給","✧ 完全週休2日制(土日祝休み)
✧ 年間休日125日
「土日休みはマスト!」ってあなたにも
ぴったりの職場です!

【その他休暇】
✧ 有給休暇
✧ 夏季・冬季休暇
✧ GW休暇
✧ 年末年始休暇",愛知県 安城市,,"月給:25万円~+交通費全額支給

※経験に応じて決定いたします。

# 昇給あり
# 賞与あり
# 残業代100%支給
# 交通費支給","・社会保険完備（雇用・労災・健康・厚生年金）
・残業手当・深夜手当・休日出勤手当（実働時間に応じて支給）
・確定拠出年金制度（企業型）
・定期健康診断・インフルエンザ予防接種費用補助
・特別休暇（慶弔休暇）
・産前産後休暇・育児休業・介護休業
・資格取得支援制度（フォークリフト・自主保全士など）
・家具家電付き社員寮制度（勤務地による・規定あり）
・制服貸与
・社員持株会
・福利厚生サービス（レジャー・飲食の優待割引、保養施設）
・団体長期障害所得補償保険（GLTD）","まずは「話を聞いてみる」だけで大丈夫です。

当社ではカジュアル面談を実施しています。
志望動機や自己PRの準備は不要。
「どんな職場？」「本当に未経験でもできる？」といった疑問に、担当者が率直にお答えします。

■ 応募から入社までの3STEP ■
▶ STEP1 WEB応募（1分）
▶ STEP2 カジュアル面談（1回のみ・1〜3日以内にご連絡）
▶ STEP3 採用・入社日のご相談

入社日は柔軟に調整できます。
「来月から」「今の仕事を辞めてから」など、ご都合をお聞かせください。",,即日勤務OK、交通費支給、残業なし,2,任意,生年月日、性別、電話番号,ntf-indeedapplicant-aaaatulx77tci2k2pr5yeqapva@shukatsu-labo.slack.com,,,利用しない,,
募集中,日本マニュファクチャリングサービス株式会社,未経験｜検品・梱包｜日本マニュファクチャリングサービス株式会社｜半田市,倉庫作業スタッフ,20～30代活躍中◎重い荷物なし｜半田市で始める検品・梱包の正社員,,愛知県 半田市,,,正社員,はい,月給,250000,,最低額を表示,なし,,,,,,,固定時間制,160,,厚生年金、健康保険、雇用保険、労災保険,,なし,,,,,,,,,,,,,,,,,,"「ものづくりの現場を支える仕事を、正社員として腰を据えて続けたい」という方へ。
半田市内および周辺の物流センターで、商品の検品と梱包を担当するスタッフを募集します。
空調の効いた清潔な作業場で、座り作業と立ち作業を組み合わせながら無理なく進められる仕事です。

■ ある1日のスケジュール（日勤・実働8時間）
09:00 出勤・朝礼。リーダーから本日の作業内容と注意点の共有があります
09:10 検品スタート。ハンディ端末でバーコードを読み取り、品番と数量を照合
10:30 小休憩（10分）
12:00 昼休憩（60分）。電子レンジ・冷蔵庫のある休憩室で昼食
13:00 梱包作業。緩衝材で商品を包み、ダンボールを組み立てて詰めていきます
15:00 小休憩（15分）
15:15 出荷準備。伝票シールを貼り、配送業者ごとにコンテナへ仕分け
17:45 清掃・翌日分の資材補充
18:00 退勤。土日祝はお休みで、翌日の予定も立てやすい働き方です

■ 具体的にはこんな商品を扱います
通販サイトで販売されるアパレル商品、生活雑貨、コスメ、文房具が中心です。
・シャツやタオルを畳んで透明袋へ入れる
・コスメの容器にひび割れがないかを目視で確認する
・文房具のセット品を指定の個数で袋詰めする
・箱にラベルを貼り、配送業者ごとの台車に載せる
商品は軽く、作業台の高さも調整されているため、身体への負担を抑えて続けられます。

■ 入社後1週間の流れ
1日目：オリエンテーション。安全ルール、勤怠の付け方、作業場の設備を案内します
2〜3日目：先輩スタッフがマンツーマンで隣につき、検品の見方と梱包の手順を実演しながら教えます
4〜5日目：シール貼りやダンボールの組み立てなど簡単な工程から一人で担当。分からないことはその場で質問できます
1週間後：検品・梱包の一連の流れをひと通り経験し、自分のペースで進められるようになります
当社は製造現場の教育に長年取り組んできた会社です。「早ければ半日、遅くとも2〜3日で一人立ち」が現場の平均的な目安ですが、慣れるまでは焦らず伴走します。

■ 働く環境について
作業場は1年を通して空調が効いており、汗だくになったり手がかじかんだりする心配はありません。
休憩室は広く、電子レンジや冷蔵庫、自動販売機が揃っています。昼休憩は各自のペースで過ごしています。
鍵付きロッカーを用意しているので、貴重品の管理も安心です。
服装や髪色は自由で、自分らしいスタイルのまま通勤できます。

■ 愛知県半田市で働く
知多半島の中心都市で、臨海部に工場や物流施設が集まる地域です。
JR武豊線と名鉄河和線が利用でき、知多半島道路の半田ICも近い立地です。
半田市周辺で「通勤時間を抑えて安定した正社員の仕事に就きたい」という方に、当社の検品・梱包はぴったりの選択肢です。

「難しいことはできないけれど、コツコツ続けることは得意」という方を、当社は大切にしています。まずはお気軽にご応募ください。","【当社の検品・梱包が選ばれる理由】

✅ 先輩スタッフの9割以上が未経験からのスタート
「商品を手に取る」「傷がないか見る」「箱に入れる」の3ステップが仕事の基本です。複雑な機械操作や専門用語はなく、入社初日は安全講習とオリエンテーションから始まるので、初めての正社員でも安心してスタートできます。

✅ 平日は定時、週末はしっかり休む
9:00〜18:00の固定時間制で、生活リズムが安定します。土日祝はお休みなので、家族や友人と予定を合わせやすいのも魅力です。

✅ 自分のペースで黙々と進められる仕事
ノルマに追われることはなく、接客もありません。「一人で集中して作業したい」「人間関係のストレスを減らしたい」という方にこそ向いている環境です。

✅ 休憩室でしっかりリフレッシュ
昼休憩60分に加えて午後に小休憩があり、集中力を保ちやすいリズムで働けます。休憩室にはポットやフリーWi-Fiもあり、お弁当派にも外食派にも便利です。

✅ 製造・物流の現場を支えてきた会社の正社員
当社は全国の製造現場で人材を育ててきた会社です。検品・梱包からスタートし、経験を積めばリーダーや別工程へのステップアップも目指せます。

✅ 半田市で通いやすい勤務地
JR武豊線と名鉄河和線が利用でき、知多半島道路の半田ICも近い立地です。知多半島の中心都市で、臨海部に工場や物流施設が集まる地域です。

まずはカジュアル面談で、職場の雰囲気や1日の流れをお伝えします。ご応募をお待ちしています。","例外事由3号のイにより、長期キャリア形成を図るため、
35歳以下を募集しております。","【勤務時間】
★9:00~18:00
└実働8時間/休憩1時間

定時ダッシュも問題ないです✧
✧ 土日祝休み
✧ 残業月平均:6.5時間以内
✧ 残業代100%支給","✧ 完全週休2日制(土日祝休み)
✧ 年間休日125日
「土日休みはマスト!」ってあなたにも
ぴったりの職場です!

【その他休暇】
✧ 有給休暇
✧ 夏季・冬季休暇
✧ GW休暇
✧ 年末年始休暇",愛知県 半田市,,"月給:25万円~+交通費全額支給

※経験に応じて決定いたします。

# 昇給あり
# 賞与あり
# 残業代100%支給
# 交通費支給","・社会保険完備（雇用・労災・健康・厚生年金）
・残業手当・深夜手当・休日出勤手当（実働時間に応じて支給）
・確定拠出年金制度（企業型）
・定期健康診断・インフルエンザ予防接種費用補助
・特別休暇（慶弔休暇）
・産前産後休暇・育児休業・介護休業
・資格取得支援制度（フォークリフト・自主保全士など）
・家具家電付き社員寮制度（勤務地による・規定あり）
・制服貸与
・社員持株会
・福利厚生サービス（レジャー・飲食の優待割引、保養施設）
・団体長期障害所得補償保険（GLTD）","【最短スケジュールのイメージ】

▶ STEP1 今日：WEBから1分で応募
▶ STEP2 1〜3日後：担当者からご連絡 → カジュアル面談の日程調整
▶ STEP3 面談当日：カジュアル面談（1回のみ）→ 採用のご連絡

面談では、職場の雰囲気・1日の流れ・通勤のことなど、
気になることを何でも聞いてください。

✧ 入社日はご相談いただけます ✧
「すぐ働きたい」「少し先がいい」どちらのご希望にも対応します。",,即日勤務OK、交通費支給、残業なし,2,任意,生年月日、性別、電話番号,ntf-indeedapplicant-aaaatulx77tci2k2pr5yeqapva@shukatsu-labo.slack.com,,,利用しない,,
募集中,日本マニュファクチャリングサービス株式会社,未経験｜検品・梱包｜日本マニュファクチャリングサービス株式会社｜豊明市,倉庫作業スタッフ,20～30代活躍中◎豊明市｜先輩の9割が未経験スタートの検品・梱包,,愛知県 豊明市,,,正社員,はい,月給,250000,,最低額を表示,なし,,,,,,,固定時間制,160,,厚生年金、健康保険、雇用保険、労災保険,,なし,,,,,,,,,,,,,,,,,,"愛知県豊明市エリアで、検品・梱包の正社員スタッフを募集します。
勤務先は豊明市内および周辺の物流センター。商品にキズや汚れがないかを目で確かめ、数を合わせ、袋や箱に丁寧に納める作業が中心です。
1年を通して快適な温度に保たれた室内作業で、当社の先輩スタッフが隣で手順を教えます。

■ 入社後の1日はこんなイメージです
09:00 朝礼。体調確認と当日の出荷量の共有からスタート
09:15 午前は検品を中心に担当。商品の外観を目視で確認し、傷や汚れがあれば別置きにします
12:00 昼休憩（60分）。お弁当持参の方も、近くで買ってくる方もいます
13:00 午後は梱包を担当。袋詰め、箱詰め、テープ留めの3工程を繰り返します
15:00 小休憩（15分）。自動販売機で飲み物を買って一息
15:15 出荷分の最終チェックと仕分け。全員で協力して当日分を仕上げます
17:45 作業スペースの清掃と日報記入
18:00 定時退勤。残業は月平均6.5時間以内に収まっています

■ 主な作業内容
・検品：入荷した商品の外観チェック（傷・汚れ・パッケージのへこみ）と数量・品番の照合
・スキャン：バーコードリーダーで商品を読み取り、データと突き合わせます
・梱包：袋詰め、緩衝材包装、ダンボールの組み立てと箱詰め、テープ留め
・仕上げ：ラベル貼りと配送地域別の仕分け
扱うのはアパレル商品、コスメ、文房具、小型雑貨など。どれも軽く、繰り返しの中で自然と手順が身につく作業です。

■ 教育・研修体制
入社初日は安全講習とオリエンテーションから始まり、いきなり現場に出ることはありません。
2日目以降は専任の先輩スタッフが隣について、検品・梱包の手順を実際にやって見せながら説明します。
最初の1週間は「見る→一緒にやる→一人でやる」の順で少しずつ担当を広げ、1週間後にはひと通りの作業を経験できるスケジュールです。
リーダーは常に作業場内にいるため、「これはどこに置くのでしたか」といった質問もすぐに解決できます。

■ 設備・環境のポイント
・冷暖房完備の室内作業で、季節や天候に左右されません
・休憩室には電子レンジ・冷蔵庫・ポットがあり、フリーWi-Fiも使えます
・個人用の鍵付きロッカーを完備
・髪色・ネイル・服装は自由。清潔感があれば普段のスタイルのままで大丈夫です

■ 豊明市の拠点ならではの一言
名鉄名古屋本線の前後駅・豊明駅が最寄りで、名古屋駅方面から約20分です。
名古屋のベッドタウンとして住みやすく、周辺に製造・物流の拠点が点在します。
当社は愛知県内に複数の勤務先を持っているため、ご自宅からの通いやすさも考慮して配属先を相談できます。

製造・物流の現場を支えてきた当社で、あなたのペースで一歩を踏み出してください。ご応募をお待ちしています。","【豊明市で働くならここがポイント】

✅ 資格・経験・学歴は問いません
必要なのは「丁寧に確認する姿勢」だけ。検品の見方、梱包の手順はすべて入社後にお伝えします。フォークリフトなどの資格取得を目指したい方には支援制度もあり、長く働くほど仕事の幅が広がります。

✅ 土日祝休み・年間休日125日
完全週休2日制で、カレンダー通りに休めます。夏季・冬季休暇、GW、年末年始のまとまった休みもあり、予定を立てやすい働き方です。

✅ 自分のペースで黙々と進められる仕事
ノルマに追われることはなく、接客もありません。「一人で集中して作業したい」「人間関係のストレスを減らしたい」という方にこそ向いている環境です。

✅ 休憩室でしっかりリフレッシュ
昼休憩60分に加えて午後に小休憩があり、集中力を保ちやすいリズムで働けます。休憩室にはポットやフリーWi-Fiもあり、お弁当派にも外食派にも便利です。

✅ 相談しやすい体制
配属先にはリーダーが常駐し、定期的な面談で困りごとを聞き取ります。作業のこと、通勤のこと、働き方のこと、何でも相談してください。

✅ 地元豊明市で長く働く
名古屋のベッドタウンとして住みやすく、周辺に製造・物流の拠点が点在します。名鉄名古屋本線の前後駅・豊明駅が最寄りで、名古屋駅方面から約20分です。

まずはカジュアル面談で、職場の雰囲気や1日の流れをお伝えします。ご応募をお待ちしています。","例外事由3号のイにより、長期キャリア形成を図るため、
35歳以下を募集しております。","【勤務時間】
★9:00~18:00
└実働8時間/休憩1時間

定時ダッシュも問題ないです✧
✧ 土日祝休み
✧ 残業月平均:6.5時間以内
✧ 残業代100%支給","✧ 完全週休2日制(土日祝休み)
✧ 年間休日125日
「土日休みはマスト!」ってあなたにも
ぴったりの職場です!

【その他休暇】
✧ 有給休暇
✧ 夏季・冬季休暇
✧ GW休暇
✧ 年末年始休暇",愛知県 豊明市,,"月給:25万円~+交通費全額支給

※経験に応じて決定いたします。

# 昇給あり
# 賞与あり
# 残業代100%支給
# 交通費支給","・社会保険完備（雇用・労災・健康・厚生年金）
・残業手当・深夜手当・休日出勤手当（実働時間に応じて支給）
・確定拠出年金制度（企業型）
・定期健康診断・インフルエンザ予防接種費用補助
・特別休暇（慶弔休暇）
・産前産後休暇・育児休業・介護休業
・資格取得支援制度（フォークリフト・自主保全士など）
・家具家電付き社員寮制度（勤務地による・規定あり）
・制服貸与
・社員持株会
・福利厚生サービス（レジャー・飲食の優待割引、保養施設）
・団体長期障害所得補償保険（GLTD）","■ 選考について ■
・カジュアル面談：1回のみ（服装自由・履歴書任意）
・応募から面談まで：WEB応募後、1〜3日以内にご連絡
・入社日：ご相談のうえ決定

■ 応募からの流れ ■
▶ STEP1 WEBから1分で応募
▶ STEP2 カジュアル面談（1回のみ）
▶ STEP3 採用

「まずは話だけ聞いてみたい」という方も、そのままご応募ください。
面談で無理に応募を勧めることはありません。",,即日勤務OK、交通費支給、残業なし,2,任意,生年月日、性別、電話番号,ntf-indeedapplicant-aaaatulx77tci2k2pr5yeqapva@shukatsu-labo.slack.com,,,利用しない,,
募集中,日本マニュファクチャリングサービス株式会社,未経験｜検品・梱包｜日本マニュファクチャリングサービス株式会社｜東海市,倉庫作業スタッフ,20～30代活躍中◎未経験から製造のプロへ｜東海市の検品・梱包スタッフ,,愛知県 東海市,,,正社員,はい,月給,250000,,最低額を表示,なし,,,,,,,固定時間制,160,,厚生年金、健康保険、雇用保険、労災保険,,なし,,,,,,,,,,,,,,,,,,"東海市内および周辺の物流センターで、通販商品や生活雑貨の「検品・梱包」を担当する正社員スタッフの募集です。
冷暖房が効いた清潔な作業場で、商品をひとつずつ確認し、丁寧に箱へ納めていく落ち着いた仕事です。
製造・物流の現場を長年支えてきた当社が、未経験の方を一から育てます。

■ ある1日のスケジュール（日勤・実働8時間）
09:00 出勤・朝礼。リーダーから本日の作業内容と注意点の共有があります
09:10 検品スタート。ハンディ端末でバーコードを読み取り、品番と数量を照合
10:30 小休憩（10分）
12:00 昼休憩（60分）。電子レンジ・冷蔵庫のある休憩室で昼食
13:00 梱包作業。緩衝材で商品を包み、ダンボールを組み立てて詰めていきます
15:00 小休憩（15分）
15:15 出荷準備。伝票シールを貼り、配送業者ごとにコンテナへ仕分け
17:45 清掃・翌日分の資材補充
18:00 退勤。土日祝はお休みで、翌日の予定も立てやすい働き方です

■ 主な作業内容
・検品：入荷した商品の外観チェック（傷・汚れ・パッケージのへこみ）と数量・品番の照合
・スキャン：バーコードリーダーで商品を読み取り、データと突き合わせます
・梱包：袋詰め、緩衝材包装、ダンボールの組み立てと箱詰め、テープ留め
・仕上げ：ラベル貼りと配送地域別の仕分け
扱うのはアパレル商品、コスメ、文房具、小型雑貨など。どれも軽く、繰り返しの中で自然と手順が身につく作業です。

■ 未経験でも安心の1週間プログラム
・1日目：会社説明、安全講習、作業着の受け取り、作業場の見学
・2日目：先輩の隣で検品の実演を見学し、午後から一緒に作業
・3日目：梱包の袋詰め・箱詰めを先輩と一緒に担当
・4日目：シール貼りと仕分けを一人で担当。先輩は同じ作業台で見守ります
・5日目：検品から仕分けまでの流れを通しで経験
覚えることは3ステップの繰り返しなので、専門知識や資格は不要です。製造現場で人を育ててきた当社ならではの丁寧な立ち上がりを用意しています。

■ 職場環境
・空調完備：冷暖房が効いた清潔な室内で、夏も冬も快適に作業できます
・休憩室：電子レンジ・冷蔵庫・ポット・自動販売機を完備。お弁当持参でもゆっくり過ごせます
・ロッカー：鍵付きの個人ロッカーがあり、私物を安心して預けられます
・服装：髪色・ネイルは自由。動きやすい服装で通勤し、現場のルールに沿って作業します

■ 東海市の拠点ならではの一言
名鉄常滑線・河和線の太田川駅が最寄りで、名古屋駅方面から約20分です。
臨海部に大規模な製鉄所や工場が集まる、ものづくりの街です。
当社は愛知県内に複数の勤務先を持っているため、ご自宅からの通いやすさも考慮して配属先を相談できます。

「難しいことはできないけれど、コツコツ続けることは得意」という方を、当社は大切にしています。まずはお気軽にご応募ください。","【当社の検品・梱包が選ばれる理由】

✅ 資格・経験・学歴は問いません
必要なのは「丁寧に確認する姿勢」だけ。検品の見方、梱包の手順はすべて入社後にお伝えします。フォークリフトなどの資格取得を目指したい方には支援制度もあり、長く働くほど仕事の幅が広がります。

✅ 平日は定時、週末はしっかり休む
9:00〜18:00の固定時間制で、生活リズムが安定します。土日祝はお休みなので、家族や友人と予定を合わせやすいのも魅力です。

✅ 重い荷物はほとんどありません
扱うのは衣類・コスメ・文房具・小型雑貨など軽い商品が中心です。重量物の持ち上げや力仕事はほぼなく、身体への負担を抑えて長く続けられます。

✅ 休憩室でしっかりリフレッシュ
昼休憩60分に加えて午後に小休憩があり、集中力を保ちやすいリズムで働けます。休憩室にはポットやフリーWi-Fiもあり、お弁当派にも外食派にも便利です。

✅ 安定した雇用と福利厚生
正社員としての雇用に加え、社会保険完備、定期健康診断、資格取得支援などの制度があります。「腰を据えて働きたい」という希望に応えられる環境です。

✅ 地元東海市で長く働く
臨海部に大規模な製鉄所や工場が集まる、ものづくりの街です。名鉄常滑線・河和線の太田川駅が最寄りで、名古屋駅方面から約20分です。

「自分にもできそう」と思えたら、それがスタートの合図です。お気軽にご応募ください。","例外事由3号のイにより、長期キャリア形成を図るため、
35歳以下を募集しております。","【勤務時間】
★9:00~18:00
└実働8時間/休憩1時間

定時ダッシュも問題ないです✧
✧ 土日祝休み
✧ 残業月平均:6.5時間以内
✧ 残業代100%支給","✧ 完全週休2日制(土日祝休み)
✧ 年間休日125日
「土日休みはマスト!」ってあなたにも
ぴったりの職場です!

【その他休暇】
✧ 有給休暇
✧ 夏季・冬季休暇
✧ GW休暇
✧ 年末年始休暇",愛知県 東海市,,"月給:25万円~+交通費全額支給

※経験に応じて決定いたします。

# 昇給あり
# 賞与あり
# 残業代100%支給
# 交通費支給","・社会保険完備（雇用・労災・健康・厚生年金）
・残業手当・深夜手当・休日出勤手当（実働時間に応じて支給）
・確定拠出年金制度（企業型）
・定期健康診断・インフルエンザ予防接種費用補助
・特別休暇（慶弔休暇）
・産前産後休暇・育児休業・介護休業
・資格取得支援制度（フォークリフト・自主保全士など）
・家具家電付き社員寮制度（勤務地による・規定あり）
・制服貸与
・社員持株会
・福利厚生サービス（レジャー・飲食の優待割引、保養施設）
・団体長期障害所得補償保険（GLTD）","✧ カジュアル面談実施中です ✧

応募に必要なのは人柄だけ。
まずはあなたのご希望を聞かせてください。

■ 応募からの流れ ■
▶ STEP1 WEBから1分で簡単応募
1〜3日以内に担当者からご連絡します。
▶ STEP2 カジュアル面談（1回のみ）
職場の雰囲気や1日の流れをお伝えし、ご希望を伺います。
▶ STEP3 採用

※入社日はご相談いただけます◎
在職中の方も、お気軽にご相談ください。",,即日勤務OK、交通費支給、残業なし,2,任意,生年月日、性別、電話番号,ntf-indeedapplicant-aaaatulx77tci2k2pr5yeqapva@shukatsu-labo.slack.com,,,利用しない,,
募集中,日本マニュファクチャリングサービス株式会社,未経験｜検品・梱包｜日本マニュファクチャリングサービス株式会社｜知多市,倉庫作業スタッフ,20～30代活躍中◎知多市｜黙々作業が好きな方に向く検品・梱包,,愛知県 知多市,,,正社員,はい,月給,250000,,最低額を表示,なし,,,,,,,固定時間制,160,,厚生年金、健康保険、雇用保険、労災保険,,なし,,,,,,,,,,,,,,,,,,"勤務先は知多市内および周辺の物流センター。扱うのは衣類・コスメ・文房具・小型雑貨など、手のひらサイズの軽い商品が中心です。
担当していただくのは、届いた商品に不備がないかを確かめ、出荷用の箱に整えて詰める「検品・梱包」の作業。
空調完備の室内で、自分のペースを保ちながら黙々と取り組める環境です。

■ 入社後の1日はこんなイメージです
09:00 朝礼。体調確認と当日の出荷量の共有からスタート
09:15 午前は検品を中心に担当。商品の外観を目視で確認し、傷や汚れがあれば別置きにします
12:00 昼休憩（60分）。お弁当持参の方も、近くで買ってくる方もいます
13:00 午後は梱包を担当。袋詰め、箱詰め、テープ留めの3工程を繰り返します
15:00 小休憩（15分）。自動販売機で飲み物を買って一息
15:15 出荷分の最終チェックと仕分け。全員で協力して当日分を仕上げます
17:45 作業スペースの清掃と日報記入
18:00 定時退勤。残業は月平均6.5時間以内に収まっています

■ 扱う商品と作業の具体例
・衣類・タオルなどの布製品：ほつれや汚れがないか確認し、専用の透明袋に入れます
・コスメ・ガラス製の小物：割れやすいため、緩衝材で包んでから箱に納めます
・文房具・生活雑貨：品番と個数を納品書と照合し、まとめて袋詰めします
・出荷前の箱：伝票シールと「割れ物注意」「水濡れ厳禁」などの注意シールを所定位置に貼ります
いずれも手のひらから両手で持てる大きさの商品で、重量物の持ち上げはありません。

■ 入社後1週間の流れ
1日目：オリエンテーション。安全ルール、勤怠の付け方、作業場の設備を案内します
2〜3日目：先輩スタッフがマンツーマンで隣につき、検品の見方と梱包の手順を実演しながら教えます
4〜5日目：シール貼りやダンボールの組み立てなど簡単な工程から一人で担当。分からないことはその場で質問できます
1週間後：検品・梱包の一連の流れをひと通り経験し、自分のペースで進められるようになります
当社は製造現場の教育に長年取り組んできた会社です。「早ければ半日、遅くとも2〜3日で一人立ち」が現場の平均的な目安ですが、慣れるまでは焦らず伴走します。

■ 設備・環境のポイント
・冷暖房完備の室内作業で、季節や天候に左右されません
・休憩室には電子レンジ・冷蔵庫・ポットがあり、フリーWi-Fiも使えます
・個人用の鍵付きロッカーを完備
・髪色・ネイル・服装は自由。清潔感があれば普段のスタイルのままで大丈夫です

■ 愛知県知多市で働く
臨海部の工業地帯と落ち着いた住宅地が共存する、知多半島北部の街です。
名鉄常滑線の朝倉駅が最寄りで、知多半島道路の各ICも利用できます。
知多市周辺で「通勤時間を抑えて安定した正社員の仕事に就きたい」という方に、当社の検品・梱包はぴったりの選択肢です。

「難しいことはできないけれど、コツコツ続けることは得意」という方を、当社は大切にしています。まずはお気軽にご応募ください。","【知多市で働くならここがポイント】

✅ 覚えることは少なく、教え方は丁寧に
製造現場で人を育ててきた当社では、専任の先輩がマンツーマンで隣につきます。最初はシール貼りやダンボールの組み立てといった簡単な工程から始め、1週間でひと通りの流れを経験できるプログラムを用意しています。

✅ 残業は月平均6.5時間以内
出荷量に合わせて人員を配置しているため、定時で帰れる日がほとんどです。仕事の後に予定を入れたり、家でゆっくり過ごしたりする時間をきちんと確保できます。

✅ 重い荷物はほとんどありません
扱うのは衣類・コスメ・文房具・小型雑貨など軽い商品が中心です。重量物の持ち上げや力仕事はほぼなく、身体への負担を抑えて長く続けられます。

✅ 休憩室でしっかりリフレッシュ
昼休憩60分に加えて午後に小休憩があり、集中力を保ちやすいリズムで働けます。休憩室にはポットやフリーWi-Fiもあり、お弁当派にも外食派にも便利です。

✅ 製造・物流の現場を支えてきた会社の正社員
当社は全国の製造現場で人材を育ててきた会社です。検品・梱包からスタートし、経験を積めばリーダーや別工程へのステップアップも目指せます。

✅ 地元知多市で長く働く
臨海部の工業地帯と落ち着いた住宅地が共存する、知多半島北部の街です。名鉄常滑線の朝倉駅が最寄りで、知多半島道路の各ICも利用できます。

まずはカジュアル面談で、職場の雰囲気や1日の流れをお伝えします。ご応募をお待ちしています。","例外事由3号のイにより、長期キャリア形成を図るため、
35歳以下を募集しております。","【勤務時間】
★9:00~18:00
└実働8時間/休憩1時間

定時ダッシュも問題ないです✧
✧ 土日祝休み
✧ 残業月平均:6.5時間以内
✧ 残業代100%支給","✧ 完全週休2日制(土日祝休み)
✧ 年間休日125日
「土日休みはマスト!」ってあなたにも
ぴったりの職場です!

【その他休暇】
✧ 有給休暇
✧ 夏季・冬季休暇
✧ GW休暇
✧ 年末年始休暇",愛知県 知多市,,"月給:25万円~+交通費全額支給

※経験に応じて決定いたします。

# 昇給あり
# 賞与あり
# 残業代100%支給
# 交通費支給","・社会保険完備（雇用・労災・健康・厚生年金）
・残業手当・深夜手当・休日出勤手当（実働時間に応じて支給）
・確定拠出年金制度（企業型）
・定期健康診断・インフルエンザ予防接種費用補助
・特別休暇（慶弔休暇）
・産前産後休暇・育児休業・介護休業
・資格取得支援制度（フォークリフト・自主保全士など）
・家具家電付き社員寮制度（勤務地による・規定あり）
・制服貸与
・社員持株会
・福利厚生サービス（レジャー・飲食の優待割引、保養施設）
・団体長期障害所得補償保険（GLTD）","【応募前の「気になる」にお答えします】

Q. 面接は堅苦しいですか？
A. いいえ。カジュアル面談を1回行うだけです。服装も自由、履歴書も任意です。

Q. 応募してからどのくらいで決まりますか？
A. 3ステップで進みます。
▶ STEP1 WEBから応募（1分）→ 1〜3日以内にご連絡
▶ STEP2 カジュアル面談（1回のみ）
▶ STEP3 採用

Q. すぐには入社できないのですが…
A. 入社日はご相談いただけます。今のお仕事の引き継ぎ期間なども考慮します。",,即日勤務OK、交通費支給、残業なし,2,任意,生年月日、性別、電話番号,ntf-indeedapplicant-aaaatulx77tci2k2pr5yeqapva@shukatsu-labo.slack.com,,,利用しない,,
募集中,日本マニュファクチャリングサービス株式会社,未経験｜検品・梱包｜日本マニュファクチャリングサービス株式会社｜稲沢市,倉庫作業スタッフ,20～30代活躍中◎稲沢市｜空調完備の倉庫でコツコツ検品・梱包,,愛知県 稲沢市,,,正社員,はい,月給,250000,,最低額を表示,なし,,,,,,,固定時間制,160,,厚生年金、健康保険、雇用保険、労災保険,,なし,,,,,,,,,,,,,,,,,,"「ものづくりの現場を支える仕事を、正社員として腰を据えて続けたい」という方へ。
稲沢市内および周辺の物流センターで、商品の検品と梱包を担当するスタッフを募集します。
空調の効いた清潔な作業場で、座り作業と立ち作業を組み合わせながら無理なく進められる仕事です。

■ 1日の流れ（9:00〜18:00・休憩1時間）
09:00 朝礼。当日の出荷予定と担当エリアを確認し、作業台へ移動します
09:15 午前の検品。入荷した商品を納品書と照らし合わせ、外観と数量をチェック
12:00 昼休憩（60分）。休憩室でゆっくり昼食をとります
13:00 午後の梱包。検品を終えた商品を袋詰めし、サイズに合った箱に納めます
15:00 小休憩（15分）。水分補給と軽いストレッチでリフレッシュ
15:15 ラベル貼りと出荷先ごとの仕分け。台車で所定の場所へ運びます
17:40 作業台の整理整頓と翌日の準備
18:00 退勤。残業は月平均6.5時間以内で、定時に帰れる日がほとんどです

■ 扱う商品と作業の具体例
・衣類・タオルなどの布製品：ほつれや汚れがないか確認し、専用の透明袋に入れます
・コスメ・ガラス製の小物：割れやすいため、緩衝材で包んでから箱に納めます
・文房具・生活雑貨：品番と個数を納品書と照合し、まとめて袋詰めします
・出荷前の箱：伝票シールと「割れ物注意」「水濡れ厳禁」などの注意シールを所定位置に貼ります
いずれも手のひらから両手で持てる大きさの商品で、重量物の持ち上げはありません。

■ 教育・研修体制
入社初日は安全講習とオリエンテーションから始まり、いきなり現場に出ることはありません。
2日目以降は専任の先輩スタッフが隣について、検品・梱包の手順を実際にやって見せながら説明します。
最初の1週間は「見る→一緒にやる→一人でやる」の順で少しずつ担当を広げ、1週間後にはひと通りの作業を経験できるスケジュールです。
リーダーは常に作業場内にいるため、「これはどこに置くのでしたか」といった質問もすぐに解決できます。

■ 職場環境
・空調完備：冷暖房が効いた清潔な室内で、夏も冬も快適に作業できます
・休憩室：電子レンジ・冷蔵庫・ポット・自動販売機を完備。お弁当持参でもゆっくり過ごせます
・ロッカー：鍵付きの個人ロッカーがあり、私物を安心して預けられます
・服装：髪色・ネイルは自由。動きやすい服装で通勤し、現場のルールに沿って作業します

■ 愛知県稲沢市で働く
名古屋近郊の物流拠点として、大型の配送センターが集まるエリアです。
JR東海道線の稲沢駅と名鉄名古屋本線の国府宮駅が利用できます。
稲沢市周辺で「通勤時間を抑えて安定した正社員の仕事に就きたい」という方に、当社の検品・梱包はぴったりの選択肢です。

製造・物流の現場を支えてきた当社で、あなたのペースで一歩を踏み出してください。ご応募をお待ちしています。","【当社の検品・梱包が選ばれる理由】

✅ 覚えることは少なく、教え方は丁寧に
製造現場で人を育ててきた当社では、専任の先輩がマンツーマンで隣につきます。最初はシール貼りやダンボールの組み立てといった簡単な工程から始め、1週間でひと通りの流れを経験できるプログラムを用意しています。

✅ 土日祝休み・年間休日125日
完全週休2日制で、カレンダー通りに休めます。夏季・冬季休暇、GW、年末年始のまとまった休みもあり、予定を立てやすい働き方です。

✅ 重い荷物はほとんどありません
扱うのは衣類・コスメ・文房具・小型雑貨など軽い商品が中心です。重量物の持ち上げや力仕事はほぼなく、身体への負担を抑えて長く続けられます。

✅ 休憩室でしっかりリフレッシュ
昼休憩60分に加えて午後に小休憩があり、集中力を保ちやすいリズムで働けます。休憩室にはポットやフリーWi-Fiもあり、お弁当派にも外食派にも便利です。

✅ 相談しやすい体制
配属先にはリーダーが常駐し、定期的な面談で困りごとを聞き取ります。作業のこと、通勤のこと、働き方のこと、何でも相談してください。

✅ 稲沢市で通いやすい勤務地
JR東海道線の稲沢駅と名鉄名古屋本線の国府宮駅が利用できます。名古屋近郊の物流拠点として、大型の配送センターが集まるエリアです。

「自分にもできそう」と思えたら、それがスタートの合図です。お気軽にご応募ください。","例外事由3号のイにより、長期キャリア形成を図るため、
35歳以下を募集しております。","【勤務時間】
★9:00~18:00
└実働8時間/休憩1時間

定時ダッシュも問題ないです✧
✧ 土日祝休み
✧ 残業月平均:6.5時間以内
✧ 残業代100%支給","✧ 完全週休2日制(土日祝休み)
✧ 年間休日125日
「土日休みはマスト!」ってあなたにも
ぴったりの職場です!

【その他休暇】
✧ 有給休暇
✧ 夏季・冬季休暇
✧ GW休暇
✧ 年末年始休暇",愛知県 稲沢市,,"月給:25万円~+交通費全額支給

※経験に応じて決定いたします。

# 昇給あり
# 賞与あり
# 残業代100%支給
# 交通費支給","・社会保険完備（雇用・労災・健康・厚生年金）
・残業手当・深夜手当・休日出勤手当（実働時間に応じて支給）
・確定拠出年金制度（企業型）
・定期健康診断・インフルエンザ予防接種費用補助
・特別休暇（慶弔休暇）
・産前産後休暇・育児休業・介護休業
・資格取得支援制度（フォークリフト・自主保全士など）
・家具家電付き社員寮制度（勤務地による・規定あり）
・制服貸与
・社員持株会
・福利厚生サービス（レジャー・飲食の優待割引、保養施設）
・団体長期障害所得補償保険（GLTD）","まずは「話を聞いてみる」だけで大丈夫です。

当社ではカジュアル面談を実施しています。
志望動機や自己PRの準備は不要。
「どんな職場？」「本当に未経験でもできる？」といった疑問に、担当者が率直にお答えします。

■ 応募から入社までの3STEP ■
▶ STEP1 WEB応募（1分）
▶ STEP2 カジュアル面談（1回のみ・1〜3日以内にご連絡）
▶ STEP3 採用・入社日のご相談

入社日は柔軟に調整できます。
「来月から」「今の仕事を辞めてから」など、ご都合をお聞かせください。",,即日勤務OK、交通費支給、残業なし,2,任意,生年月日、性別、電話番号,ntf-indeedapplicant-aaaatulx77tci2k2pr5yeqapva@shukatsu-labo.slack.com,,,利用しない,,
募集中,日本マニュファクチャリングサービス株式会社,未経験｜検品・梱包｜日本マニュファクチャリングサービス株式会社｜北名古屋市,倉庫作業スタッフ,20～30代活躍中◎北名古屋市｜マンツーマン研修で安心の検品・梱包,,愛知県 北名古屋市,,,正社員,はい,月給,250000,,最低額を表示,なし,,,,,,,固定時間制,160,,厚生年金、健康保険、雇用保険、労災保険,,なし,,,,,,,,,,,,,,,,,,"愛知県北名古屋市エリアで、検品・梱包の正社員スタッフを募集します。
勤務先は北名古屋市内および周辺の物流センター。商品にキズや汚れがないかを目で確かめ、数を合わせ、袋や箱に丁寧に納める作業が中心です。
1年を通して快適な温度に保たれた室内作業で、当社の先輩スタッフが隣で手順を教えます。

■ ある1日のスケジュール（日勤・実働8時間）
09:00 出勤・朝礼。リーダーから本日の作業内容と注意点の共有があります
09:10 検品スタート。ハンディ端末でバーコードを読み取り、品番と数量を照合
10:30 小休憩（10分）
12:00 昼休憩（60分）。電子レンジ・冷蔵庫のある休憩室で昼食
13:00 梱包作業。緩衝材で商品を包み、ダンボールを組み立てて詰めていきます
15:00 小休憩（15分）
15:15 出荷準備。伝票シールを貼り、配送業者ごとにコンテナへ仕分け
17:45 清掃・翌日分の資材補充
18:00 退勤。土日祝はお休みで、翌日の予定も立てやすい働き方です

■ 作業の流れ（3ステップ）
1. 検品：商品を手に取り、傷・汚れ・数量を確認します。迷ったら「保留」の箱に入れてリーダーに確認するだけです
2. 梱包：商品に合わせて袋・緩衝材・箱を選び、動かないように納めてテープで封をします
3. 仕分け：伝票シールを貼り、配送地域ごとに分けられたコンテナへ移します
扱う商品は衣類・雑貨・コスメ・文房具などの軽いものが中心で、フォークリフトなどの機械操作はありません。

■ 教育・研修体制
入社初日は安全講習とオリエンテーションから始まり、いきなり現場に出ることはありません。
2日目以降は専任の先輩スタッフが隣について、検品・梱包の手順を実際にやって見せながら説明します。
最初の1週間は「見る→一緒にやる→一人でやる」の順で少しずつ担当を広げ、1週間後にはひと通りの作業を経験できるスケジュールです。
リーダーは常に作業場内にいるため、「これはどこに置くのでしたか」といった質問もすぐに解決できます。

■ 働く環境について
作業場は1年を通して空調が効いており、汗だくになったり手がかじかんだりする心配はありません。
休憩室は広く、電子レンジや冷蔵庫、自動販売機が揃っています。昼休憩は各自のペースで過ごしています。
鍵付きロッカーを用意しているので、貴重品の管理も安心です。
服装や髪色は自由で、自分らしいスタイルのまま通勤できます。

■ 北名古屋市の拠点ならではの一言
名鉄犬山線の西春駅が最寄りで、名古屋駅方面から約15分です。
名古屋に隣接した住みやすい街で、周辺に物流施設や工場も点在しています。
当社は愛知県内に複数の勤務先を持っているため、ご自宅からの通いやすさも考慮して配属先を相談できます。

「難しいことはできないけれど、コツコツ続けることは得意」という方を、当社は大切にしています。まずはお気軽にご応募ください。","【北名古屋市で働くならここがポイント】

✅ 先輩スタッフの9割以上が未経験からのスタート
「商品を手に取る」「傷がないか見る」「箱に入れる」の3ステップが仕事の基本です。複雑な機械操作や専門用語はなく、入社初日は安全講習とオリエンテーションから始まるので、初めての正社員でも安心してスタートできます。

✅ 平日は定時、週末はしっかり休む
9:00〜18:00の固定時間制で、生活リズムが安定します。土日祝はお休みなので、家族や友人と予定を合わせやすいのも魅力です。

✅ 自分のペースで黙々と進められる仕事
ノルマに追われることはなく、接客もありません。「一人で集中して作業したい」「人間関係のストレスを減らしたい」という方にこそ向いている環境です。

✅ 髪色・ネイル・服装は自由
清潔感があれば普段のスタイルのままで大丈夫です。動きやすい服装で通勤し、現場のルールに沿って作業します。

✅ 安定した雇用と福利厚生
正社員としての雇用に加え、社会保険完備、定期健康診断、資格取得支援などの制度があります。「腰を据えて働きたい」という希望に応えられる環境です。

✅ 北名古屋市で通いやすい勤務地
名鉄犬山線の西春駅が最寄りで、名古屋駅方面から約15分です。名古屋に隣接した住みやすい街で、周辺に物流施設や工場も点在しています。

まずはカジュアル面談で、職場の雰囲気や1日の流れをお伝えします。ご応募をお待ちしています。","例外事由3号のイにより、長期キャリア形成を図るため、
35歳以下を募集しております。","【勤務時間】
★9:00~18:00
└実働8時間/休憩1時間

定時ダッシュも問題ないです✧
✧ 土日祝休み
✧ 残業月平均:6.5時間以内
✧ 残業代100%支給","✧ 完全週休2日制(土日祝休み)
✧ 年間休日125日
「土日休みはマスト!」ってあなたにも
ぴったりの職場です!

【その他休暇】
✧ 有給休暇
✧ 夏季・冬季休暇
✧ GW休暇
✧ 年末年始休暇",愛知県 北名古屋市,,"月給:25万円~+交通費全額支給

※経験に応じて決定いたします。

# 昇給あり
# 賞与あり
# 残業代100%支給
# 交通費支給","・社会保険完備（雇用・労災・健康・厚生年金）
・残業手当・深夜手当・休日出勤手当（実働時間に応じて支給）
・確定拠出年金制度（企業型）
・定期健康診断・インフルエンザ予防接種費用補助
・特別休暇（慶弔休暇）
・産前産後休暇・育児休業・介護休業
・資格取得支援制度（フォークリフト・自主保全士など）
・家具家電付き社員寮制度（勤務地による・規定あり）
・制服貸与
・社員持株会
・福利厚生サービス（レジャー・飲食の優待割引、保養施設）
・団体長期障害所得補償保険（GLTD）","【最短スケジュールのイメージ】

▶ STEP1 今日：WEBから1分で応募
▶ STEP2 1〜3日後：担当者からご連絡 → カジュアル面談の日程調整
▶ STEP3 面談当日：カジュアル面談（1回のみ）→ 採用のご連絡

面談では、職場の雰囲気・1日の流れ・通勤のことなど、
気になることを何でも聞いてください。

✧ 入社日はご相談いただけます ✧
「すぐ働きたい」「少し先がいい」どちらのご希望にも対応します。",,即日勤務OK、交通費支給、残業なし,2,任意,生年月日、性別、電話番号,ntf-indeedapplicant-aaaatulx77tci2k2pr5yeqapva@shukatsu-labo.slack.com,,,利用しない,,
募集中,日本マニュファクチャリングサービス株式会社,未経験｜検品・梱包｜日本マニュファクチャリングサービス株式会社｜みよし市,倉庫作業スタッフ,20～30代活躍中◎みよし市で正社員デビュー｜検品・梱包のシンプル作業,,愛知県 みよし市,,,正社員,はい,月給,250000,,最低額を表示,なし,,,,,,,固定時間制,160,,厚生年金、健康保険、雇用保険、労災保険,,なし,,,,,,,,,,,,,,,,,,"みよし市内および周辺の物流センターで、通販商品や生活雑貨の「検品・梱包」を担当する正社員スタッフの募集です。
冷暖房が効いた清潔な作業場で、商品をひとつずつ確認し、丁寧に箱へ納めていく落ち着いた仕事です。
製造・物流の現場を長年支えてきた当社が、未経験の方を一から育てます。

■ 1日の流れ（9:00〜18:00・休憩1時間）
09:00 朝礼。当日の出荷予定と担当エリアを確認し、作業台へ移動します
09:15 午前の検品。入荷した商品を納品書と照らし合わせ、外観と数量をチェック
12:00 昼休憩（60分）。休憩室でゆっくり昼食をとります
13:00 午後の梱包。検品を終えた商品を袋詰めし、サイズに合った箱に納めます
15:00 小休憩（15分）。水分補給と軽いストレッチでリフレッシュ
15:15 ラベル貼りと出荷先ごとの仕分け。台車で所定の場所へ運びます
17:40 作業台の整理整頓と翌日の準備
18:00 退勤。残業は月平均6.5時間以内で、定時に帰れる日がほとんどです

■ 作業の流れ（3ステップ）
1. 検品：商品を手に取り、傷・汚れ・数量を確認します。迷ったら「保留」の箱に入れてリーダーに確認するだけです
2. 梱包：商品に合わせて袋・緩衝材・箱を選び、動かないように納めてテープで封をします
3. 仕分け：伝票シールを貼り、配送地域ごとに分けられたコンテナへ移します
扱う商品は衣類・雑貨・コスメ・文房具などの軽いものが中心で、フォークリフトなどの機械操作はありません。

■ 未経験でも安心の1週間プログラム
・1日目：会社説明、安全講習、作業着の受け取り、作業場の見学
・2日目：先輩の隣で検品の実演を見学し、午後から一緒に作業
・3日目：梱包の袋詰め・箱詰めを先輩と一緒に担当
・4日目：シール貼りと仕分けを一人で担当。先輩は同じ作業台で見守ります
・5日目：検品から仕分けまでの流れを通しで経験
覚えることは3ステップの繰り返しなので、専門知識や資格は不要です。製造現場で人を育ててきた当社ならではの丁寧な立ち上がりを用意しています。

■ 設備・環境のポイント
・冷暖房完備の室内作業で、季節や天候に左右されません
・休憩室には電子レンジ・冷蔵庫・ポットがあり、フリーWi-Fiも使えます
・個人用の鍵付きロッカーを完備
・髪色・ネイル・服装は自由。清潔感があれば普段のスタイルのままで大丈夫です

■ 愛知県みよし市で働く
豊田市と名古屋市の間に位置し、自動車関連の物流・製造拠点が集まる地域です。
名鉄豊田線の三好ヶ丘駅が最寄りで、東名の東名三好ICも近く車通勤にも向いています。
みよし市周辺で「通勤時間を抑えて安定した正社員の仕事に就きたい」という方に、当社の検品・梱包はぴったりの選択肢です。

「難しいことはできないけれど、コツコツ続けることは得意」という方を、当社は大切にしています。まずはお気軽にご応募ください。","【当社の検品・梱包が選ばれる理由】

✅ 先輩スタッフの9割以上が未経験からのスタート
「商品を手に取る」「傷がないか見る」「箱に入れる」の3ステップが仕事の基本です。複雑な機械操作や専門用語はなく、入社初日は安全講習とオリエンテーションから始まるので、初めての正社員でも安心してスタートできます。

✅ 残業は月平均6.5時間以内
出荷量に合わせて人員を配置しているため、定時で帰れる日がほとんどです。仕事の後に予定を入れたり、家でゆっくり過ごしたりする時間をきちんと確保できます。

✅ 自分のペースで黙々と進められる仕事
ノルマに追われることはなく、接客もありません。「一人で集中して作業したい」「人間関係のストレスを減らしたい」という方にこそ向いている環境です。

✅ 髪色・ネイル・服装は自由
清潔感があれば普段のスタイルのままで大丈夫です。動きやすい服装で通勤し、現場のルールに沿って作業します。

✅ 製造・物流の現場を支えてきた会社の正社員
当社は全国の製造現場で人材を育ててきた会社です。検品・梱包からスタートし、経験を積めばリーダーや別工程へのステップアップも目指せます。

✅ みよし市で通いやすい勤務地
名鉄豊田線の三好ヶ丘駅が最寄りで、東名の東名三好ICも近く車通勤にも向いています。豊田市と名古屋市の間に位置し、自動車関連の物流・製造拠点が集まる地域です。

「自分にもできそう」と思えたら、それがスタートの合図です。お気軽にご応募ください。","例外事由3号のイにより、長期キャリア形成を図るため、
35歳以下を募集しております。","【勤務時間】
★9:00~18:00
└実働8時間/休憩1時間

定時ダッシュも問題ないです✧
✧ 土日祝休み
✧ 残業月平均:6.5時間以内
✧ 残業代100%支給","✧ 完全週休2日制(土日祝休み)
✧ 年間休日125日
「土日休みはマスト!」ってあなたにも
ぴったりの職場です!

【その他休暇】
✧ 有給休暇
✧ 夏季・冬季休暇
✧ GW休暇
✧ 年末年始休暇",愛知県 みよし市,,"月給:25万円~+交通費全額支給

※経験に応じて決定いたします。

# 昇給あり
# 賞与あり
# 残業代100%支給
# 交通費支給","・社会保険完備（雇用・労災・健康・厚生年金）
・残業手当・深夜手当・休日出勤手当（実働時間に応じて支給）
・確定拠出年金制度（企業型）
・定期健康診断・インフルエンザ予防接種費用補助
・特別休暇（慶弔休暇）
・産前産後休暇・育児休業・介護休業
・資格取得支援制度（フォークリフト・自主保全士など）
・家具家電付き社員寮制度（勤務地による・規定あり）
・制服貸与
・社員持株会
・福利厚生サービス（レジャー・飲食の優待割引、保養施設）
・団体長期障害所得補償保険（GLTD）","■ 選考について ■
・カジュアル面談：1回のみ（服装自由・履歴書任意）
・応募から面談まで：WEB応募後、1〜3日以内にご連絡
・入社日：ご相談のうえ決定

■ 応募からの流れ ■
▶ STEP1 WEBから1分で応募
▶ STEP2 カジュアル面談（1回のみ）
▶ STEP3 採用

「まずは話だけ聞いてみたい」という方も、そのままご応募ください。
面談で無理に応募を勧めることはありません。",,即日勤務OK、交通費支給、残業なし,2,任意,生年月日、性別、電話番号,ntf-indeedapplicant-aaaatulx77tci2k2pr5yeqapva@shukatsu-labo.slack.com,,,利用しない,,
募集中,日本マニュファクチャリングサービス株式会社,未経験｜検品・梱包｜日本マニュファクチャリングサービス株式会社｜犬山市,倉庫作業スタッフ,20～30代活躍中◎犬山市｜年間休日125日・完全週休2日の軽作業,,愛知県 犬山市,,,正社員,はい,月給,250000,,最低額を表示,なし,,,,,,,固定時間制,160,,厚生年金、健康保険、雇用保険、労災保険,,なし,,,,,,,,,,,,,,,,,,"勤務先は犬山市内および周辺の物流センター。扱うのは衣類・コスメ・文房具・小型雑貨など、手のひらサイズの軽い商品が中心です。
担当していただくのは、届いた商品に不備がないかを確かめ、出荷用の箱に整えて詰める「検品・梱包」の作業。
空調完備の室内で、自分のペースを保ちながら黙々と取り組める環境です。

■ ある1日のスケジュール（日勤・実働8時間）
09:00 出勤・朝礼。リーダーから本日の作業内容と注意点の共有があります
09:10 検品スタート。ハンディ端末でバーコードを読み取り、品番と数量を照合
10:30 小休憩（10分）
12:00 昼休憩（60分）。電子レンジ・冷蔵庫のある休憩室で昼食
13:00 梱包作業。緩衝材で商品を包み、ダンボールを組み立てて詰めていきます
15:00 小休憩（15分）
15:15 出荷準備。伝票シールを貼り、配送業者ごとにコンテナへ仕分け
17:45 清掃・翌日分の資材補充
18:00 退勤。土日祝はお休みで、翌日の予定も立てやすい働き方です

■ 具体的にはこんな商品を扱います
通販サイトで販売されるアパレル商品、生活雑貨、コスメ、文房具が中心です。
・シャツやタオルを畳んで透明袋へ入れる
・コスメの容器にひび割れがないかを目視で確認する
・文房具のセット品を指定の個数で袋詰めする
・箱にラベルを貼り、配送業者ごとの台車に載せる
商品は軽く、作業台の高さも調整されているため、身体への負担を抑えて続けられます。

■ 入社後1週間の流れ
1日目：オリエンテーション。安全ルール、勤怠の付け方、作業場の設備を案内します
2〜3日目：先輩スタッフがマンツーマンで隣につき、検品の見方と梱包の手順を実演しながら教えます
4〜5日目：シール貼りやダンボールの組み立てなど簡単な工程から一人で担当。分からないことはその場で質問できます
1週間後：検品・梱包の一連の流れをひと通り経験し、自分のペースで進められるようになります
当社は製造現場の教育に長年取り組んできた会社です。「早ければ半日、遅くとも2〜3日で一人立ち」が現場の平均的な目安ですが、慣れるまでは焦らず伴走します。

■ 働く環境について
作業場は1年を通して空調が効いており、汗だくになったり手がかじかんだりする心配はありません。
休憩室は広く、電子レンジや冷蔵庫、自動販売機が揃っています。昼休憩は各自のペースで過ごしています。
鍵付きロッカーを用意しているので、貴重品の管理も安心です。
服装や髪色は自由で、自分らしいスタイルのまま通勤できます。

■ 愛知県犬山市で働く
国宝犬山城で知られる歴史ある街で、周辺に製造業の工場が点在しています。
名鉄犬山線・小牧線の犬山駅が最寄りで、名古屋駅方面から約30分です。
犬山市周辺で「通勤時間を抑えて安定した正社員の仕事に就きたい」という方に、当社の検品・梱包はぴったりの選択肢です。

製造・物流の現場を支えてきた当社で、あなたのペースで一歩を踏み出してください。ご応募をお待ちしています。","【犬山市で働くならここがポイント】

✅ 資格・経験・学歴は問いません
必要なのは「丁寧に確認する姿勢」だけ。検品の見方、梱包の手順はすべて入社後にお伝えします。フォークリフトなどの資格取得を目指したい方には支援制度もあり、長く働くほど仕事の幅が広がります。

✅ 平日は定時、週末はしっかり休む
9:00〜18:00の固定時間制で、生活リズムが安定します。土日祝はお休みなので、家族や友人と予定を合わせやすいのも魅力です。

✅ 重い荷物はほとんどありません
扱うのは衣類・コスメ・文房具・小型雑貨など軽い商品が中心です。重量物の持ち上げや力仕事はほぼなく、身体への負担を抑えて長く続けられます。

✅ 髪色・ネイル・服装は自由
清潔感があれば普段のスタイルのままで大丈夫です。動きやすい服装で通勤し、現場のルールに沿って作業します。

✅ 相談しやすい体制
配属先にはリーダーが常駐し、定期的な面談で困りごとを聞き取ります。作業のこと、通勤のこと、働き方のこと、何でも相談してください。

✅ 地元犬山市で長く働く
国宝犬山城で知られる歴史ある街で、周辺に製造業の工場が点在しています。名鉄犬山線・小牧線の犬山駅が最寄りで、名古屋駅方面から約30分です。

「自分にもできそう」と思えたら、それがスタートの合図です。お気軽にご応募ください。","例外事由3号のイにより、長期キャリア形成を図るため、
35歳以下を募集しております。","【勤務時間】
★9:00~18:00
└実働8時間/休憩1時間

定時ダッシュも問題ないです✧
✧ 土日祝休み
✧ 残業月平均:6.5時間以内
✧ 残業代100%支給","✧ 完全週休2日制(土日祝休み)
✧ 年間休日125日
「土日休みはマスト!」ってあなたにも
ぴったりの職場です!

【その他休暇】
✧ 有給休暇
✧ 夏季・冬季休暇
✧ GW休暇
✧ 年末年始休暇",愛知県 犬山市,,"月給:25万円~+交通費全額支給

※経験に応じて決定いたします。

# 昇給あり
# 賞与あり
# 残業代100%支給
# 交通費支給","・社会保険完備（雇用・労災・健康・厚生年金）
・残業手当・深夜手当・休日出勤手当（実働時間に応じて支給）
・確定拠出年金制度（企業型）
・定期健康診断・インフルエンザ予防接種費用補助
・特別休暇（慶弔休暇）
・産前産後休暇・育児休業・介護休業
・資格取得支援制度（フォークリフト・自主保全士など）
・家具家電付き社員寮制度（勤務地による・規定あり）
・制服貸与
・社員持株会
・福利厚生サービス（レジャー・飲食の優待割引、保養施設）
・団体長期障害所得補償保険（GLTD）","✧ カジュアル面談実施中です ✧

応募に必要なのは人柄だけ。
まずはあなたのご希望を聞かせてください。

■ 応募からの流れ ■
▶ STEP1 WEBから1分で簡単応募
1〜3日以内に担当者からご連絡します。
▶ STEP2 カジュアル面談（1回のみ）
職場の雰囲気や1日の流れをお伝えし、ご希望を伺います。
▶ STEP3 採用

※入社日はご相談いただけます◎
在職中の方も、お気軽にご相談ください。",,即日勤務OK、交通費支給、残業なし,2,任意,生年月日、性別、電話番号,ntf-indeedapplicant-aaaatulx77tci2k2pr5yeqapva@shukatsu-labo.slack.com,,,利用しない,,
募集中,日本マニュファクチャリングサービス株式会社,未経験｜検品・梱包｜日本マニュファクチャリングサービス株式会社｜額田郡幸田町大草稲場,倉庫作業スタッフ,20～30代活躍中◎安定の正社員｜幸田町で検品・梱包を一から,,愛知県 額田郡 幸田町 大草,,,正社員,はい,月給,250000,,最低額を表示,なし,,,,,,,固定時間制,160,,厚生年金、健康保険、雇用保険、労災保険,,なし,,,,,,,,,,,,,,,,,,"「ものづくりの現場を支える仕事を、正社員として腰を据えて続けたい」という方へ。
幸田町内および周辺の物流センターで、商品の検品と梱包を担当するスタッフを募集します。
空調の効いた清潔な作業場で、座り作業と立ち作業を組み合わせながら無理なく進められる仕事です。

■ 入社後の1日はこんなイメージです
09:00 朝礼。体調確認と当日の出荷量の共有からスタート
09:15 午前は検品を中心に担当。商品の外観を目視で確認し、傷や汚れがあれば別置きにします
12:00 昼休憩（60分）。お弁当持参の方も、近くで買ってくる方もいます
13:00 午後は梱包を担当。袋詰め、箱詰め、テープ留めの3工程を繰り返します
15:00 小休憩（15分）。自動販売機で飲み物を買って一息
15:15 出荷分の最終チェックと仕分け。全員で協力して当日分を仕上げます
17:45 作業スペースの清掃と日報記入
18:00 定時退勤。残業は月平均6.5時間以内に収まっています

■ 主な作業内容
・検品：入荷した商品の外観チェック（傷・汚れ・パッケージのへこみ）と数量・品番の照合
・スキャン：バーコードリーダーで商品を読み取り、データと突き合わせます
・梱包：袋詰め、緩衝材包装、ダンボールの組み立てと箱詰め、テープ留め
・仕上げ：ラベル貼りと配送地域別の仕分け
扱うのはアパレル商品、コスメ、文房具、小型雑貨など。どれも軽く、繰り返しの中で自然と手順が身につく作業です。

■ 教育・研修体制
入社初日は安全講習とオリエンテーションから始まり、いきなり現場に出ることはありません。
2日目以降は専任の先輩スタッフが隣について、検品・梱包の手順を実際にやって見せながら説明します。
最初の1週間は「見る→一緒にやる→一人でやる」の順で少しずつ担当を広げ、1週間後にはひと通りの作業を経験できるスケジュールです。
リーダーは常に作業場内にいるため、「これはどこに置くのでしたか」といった質問もすぐに解決できます。

■ 設備・環境のポイント
・冷暖房完備の室内作業で、季節や天候に左右されません
・休憩室には電子レンジ・冷蔵庫・ポットがあり、フリーWi-Fiも使えます
・個人用の鍵付きロッカーを完備
・髪色・ネイル・服装は自由。清潔感があれば普段のスタイルのままで大丈夫です

■ 幸田町の拠点ならではの一言
JR東海道線の幸田駅・相見駅が最寄りで、岡崎・蒲郡方面から通いやすい立地です。
自動車関連の製造業が集まる、西三河の落ち着いたものづくりの街です。
当社は愛知県内に複数の勤務先を持っているため、ご自宅からの通いやすさも考慮して配属先を相談できます。

「難しいことはできないけれど、コツコツ続けることは得意」という方を、当社は大切にしています。まずはお気軽にご応募ください。","【当社の検品・梱包が選ばれる理由】

✅ 資格・経験・学歴は問いません
必要なのは「丁寧に確認する姿勢」だけ。検品の見方、梱包の手順はすべて入社後にお伝えします。フォークリフトなどの資格取得を目指したい方には支援制度もあり、長く働くほど仕事の幅が広がります。

✅ 残業は月平均6.5時間以内
出荷量に合わせて人員を配置しているため、定時で帰れる日がほとんどです。仕事の後に予定を入れたり、家でゆっくり過ごしたりする時間をきちんと確保できます。

✅ 重い荷物はほとんどありません
扱うのは衣類・コスメ・文房具・小型雑貨など軽い商品が中心です。重量物の持ち上げや力仕事はほぼなく、身体への負担を抑えて長く続けられます。

✅ 髪色・ネイル・服装は自由
清潔感があれば普段のスタイルのままで大丈夫です。動きやすい服装で通勤し、現場のルールに沿って作業します。

✅ 安定した雇用と福利厚生
正社員としての雇用に加え、社会保険完備、定期健康診断、資格取得支援などの制度があります。「腰を据えて働きたい」という希望に応えられる環境です。

✅ 地元幸田町で長く働く
自動車関連の製造業が集まる、西三河の落ち着いたものづくりの街です。JR東海道線の幸田駅・相見駅が最寄りで、岡崎・蒲郡方面から通いやすい立地です。

まずはカジュアル面談で、職場の雰囲気や1日の流れをお伝えします。ご応募をお待ちしています。","例外事由3号のイにより、長期キャリア形成を図るため、
35歳以下を募集しております。","【勤務時間】
★9:00~18:00
└実働8時間/休憩1時間

定時ダッシュも問題ないです✧
✧ 土日祝休み
✧ 残業月平均:6.5時間以内
✧ 残業代100%支給","✧ 完全週休2日制(土日祝休み)
✧ 年間休日125日
「土日休みはマスト!」ってあなたにも
ぴったりの職場です!

【その他休暇】
✧ 有給休暇
✧ 夏季・冬季休暇
✧ GW休暇
✧ 年末年始休暇",愛知県 額田郡 幸田町 大草,,"月給:25万円~+交通費全額支給

※経験に応じて決定いたします。

# 昇給あり
# 賞与あり
# 残業代100%支給
# 交通費支給","・社会保険完備（雇用・労災・健康・厚生年金）
・残業手当・深夜手当・休日出勤手当（実働時間に応じて支給）
・確定拠出年金制度（企業型）
・定期健康診断・インフルエンザ予防接種費用補助
・特別休暇（慶弔休暇）
・産前産後休暇・育児休業・介護休業
・資格取得支援制度（フォークリフト・自主保全士など）
・家具家電付き社員寮制度（勤務地による・規定あり）
・制服貸与
・社員持株会
・福利厚生サービス（レジャー・飲食の優待割引、保養施設）
・団体長期障害所得補償保険（GLTD）","【応募前の「気になる」にお答えします】

Q. 面接は堅苦しいですか？
A. いいえ。カジュアル面談を1回行うだけです。服装も自由、履歴書も任意です。

Q. 応募してからどのくらいで決まりますか？
A. 3ステップで進みます。
▶ STEP1 WEBから応募（1分）→ 1〜3日以内にご連絡
▶ STEP2 カジュアル面談（1回のみ）
▶ STEP3 採用

Q. すぐには入社できないのですが…
A. 入社日はご相談いただけます。今のお仕事の引き継ぎ期間なども考慮します。",,即日勤務OK、交通費支給、残業なし,2,任意,生年月日、性別、電話番号,ntf-indeedapplicant-aaaatulx77tci2k2pr5yeqapva@shukatsu-labo.slack.com,,,利用しない,,
募集中,日本マニュファクチャリングサービス株式会社,未経験｜検品・梱包｜日本マニュファクチャリングサービス株式会社｜丹羽郡大口町,倉庫作業スタッフ,20～30代活躍中◎残業ほぼなし｜大口町で腰を据えて働く検品・梱包,,愛知県 丹羽郡 大口町,,,正社員,はい,月給,250000,,最低額を表示,なし,,,,,,,固定時間制,160,,厚生年金、健康保険、雇用保険、労災保険,,なし,,,,,,,,,,,,,,,,,,"愛知県大口町エリアで、検品・梱包の正社員スタッフを募集します。
勤務先は大口町内および周辺の物流センター。商品にキズや汚れがないかを目で確かめ、数を合わせ、袋や箱に丁寧に納める作業が中心です。
1年を通して快適な温度に保たれた室内作業で、当社の先輩スタッフが隣で手順を教えます。

■ 1日の流れ（9:00〜18:00・休憩1時間）
09:00 朝礼。当日の出荷予定と担当エリアを確認し、作業台へ移動します
09:15 午前の検品。入荷した商品を納品書と照らし合わせ、外観と数量をチェック
12:00 昼休憩（60分）。休憩室でゆっくり昼食をとります
13:00 午後の梱包。検品を終えた商品を袋詰めし、サイズに合った箱に納めます
15:00 小休憩（15分）。水分補給と軽いストレッチでリフレッシュ
15:15 ラベル貼りと出荷先ごとの仕分け。台車で所定の場所へ運びます
17:40 作業台の整理整頓と翌日の準備
18:00 退勤。残業は月平均6.5時間以内で、定時に帰れる日がほとんどです

■ 主な作業内容
・検品：入荷した商品の外観チェック（傷・汚れ・パッケージのへこみ）と数量・品番の照合
・スキャン：バーコードリーダーで商品を読み取り、データと突き合わせます
・梱包：袋詰め、緩衝材包装、ダンボールの組み立てと箱詰め、テープ留め
・仕上げ：ラベル貼りと配送地域別の仕分け
扱うのはアパレル商品、コスメ、文房具、小型雑貨など。どれも軽く、繰り返しの中で自然と手順が身につく作業です。

■ 未経験でも安心の1週間プログラム
・1日目：会社説明、安全講習、作業着の受け取り、作業場の見学
・2日目：先輩の隣で検品の実演を見学し、午後から一緒に作業
・3日目：梱包の袋詰め・箱詰めを先輩と一緒に担当
・4日目：シール貼りと仕分けを一人で担当。先輩は同じ作業台で見守ります
・5日目：検品から仕分けまでの流れを通しで経験
覚えることは3ステップの繰り返しなので、専門知識や資格は不要です。製造現場で人を育ててきた当社ならではの丁寧な立ち上がりを用意しています。

■ 職場環境
・空調完備：冷暖房が効いた清潔な室内で、夏も冬も快適に作業できます
・休憩室：電子レンジ・冷蔵庫・ポット・自動販売機を完備。お弁当持参でもゆっくり過ごせます
・ロッカー：鍵付きの個人ロッカーがあり、私物を安心して預けられます
・服装：髪色・ネイルは自由。動きやすい服装で通勤し、現場のルールに沿って作業します

■ 大口町の拠点ならではの一言
名鉄犬山線の柏森駅・扶桑駅からバスで通え、車通勤にも向いた立地です。
工業団地に製造業の工場が集まる、尾張北部のものづくりの街です。
当社は愛知県内に複数の勤務先を持っているため、ご自宅からの通いやすさも考慮して配属先を相談できます。

製造・物流の現場を支えてきた当社で、あなたのペースで一歩を踏み出してください。ご応募をお待ちしています。","【大口町で働くならここがポイント】

✅ 覚えることは少なく、教え方は丁寧に
製造現場で人を育ててきた当社では、専任の先輩がマンツーマンで隣につきます。最初はシール貼りやダンボールの組み立てといった簡単な工程から始め、1週間でひと通りの流れを経験できるプログラムを用意しています。

✅ 土日祝休み・年間休日125日
完全週休2日制で、カレンダー通りに休めます。夏季・冬季休暇、GW、年末年始のまとまった休みもあり、予定を立てやすい働き方です。

✅ 重い荷物はほとんどありません
扱うのは衣類・コスメ・文房具・小型雑貨など軽い商品が中心です。重量物の持ち上げや力仕事はほぼなく、身体への負担を抑えて長く続けられます。

✅ 髪色・ネイル・服装は自由
清潔感があれば普段のスタイルのままで大丈夫です。動きやすい服装で通勤し、現場のルールに沿って作業します。

✅ 製造・物流の現場を支えてきた会社の正社員
当社は全国の製造現場で人材を育ててきた会社です。検品・梱包からスタートし、経験を積めばリーダーや別工程へのステップアップも目指せます。

✅ 地元大口町で長く働く
工業団地に製造業の工場が集まる、尾張北部のものづくりの街です。名鉄犬山線の柏森駅・扶桑駅からバスで通え、車通勤にも向いた立地です。

「自分にもできそう」と思えたら、それがスタートの合図です。お気軽にご応募ください。","例外事由3号のイにより、長期キャリア形成を図るため、
35歳以下を募集しております。","【勤務時間】
★9:00~18:00
└実働8時間/休憩1時間

定時ダッシュも問題ないです✧
✧ 土日祝休み
✧ 残業月平均:6.5時間以内
✧ 残業代100%支給","✧ 完全週休2日制(土日祝休み)
✧ 年間休日125日
「土日休みはマスト!」ってあなたにも
ぴったりの職場です!

【その他休暇】
✧ 有給休暇
✧ 夏季・冬季休暇
✧ GW休暇
✧ 年末年始休暇",愛知県 丹羽郡 大口町,,"月給:25万円~+交通費全額支給

※経験に応じて決定いたします。

# 昇給あり
# 賞与あり
# 残業代100%支給
# 交通費支給","・社会保険完備（雇用・労災・健康・厚生年金）
・残業手当・深夜手当・休日出勤手当（実働時間に応じて支給）
・確定拠出年金制度（企業型）
・定期健康診断・インフルエンザ予防接種費用補助
・特別休暇（慶弔休暇）
・産前産後休暇・育児休業・介護休業
・資格取得支援制度（フォークリフト・自主保全士など）
・家具家電付き社員寮制度（勤務地による・規定あり）
・制服貸与
・社員持株会
・福利厚生サービス（レジャー・飲食の優待割引、保養施設）
・団体長期障害所得補償保険（GLTD）","まずは「話を聞いてみる」だけで大丈夫です。

当社ではカジュアル面談を実施しています。
志望動機や自己PRの準備は不要。
「どんな職場？」「本当に未経験でもできる？」といった疑問に、担当者が率直にお答えします。

■ 応募から入社までの3STEP ■
▶ STEP1 WEB応募（1分）
▶ STEP2 カジュアル面談（1回のみ・1〜3日以内にご連絡）
▶ STEP3 採用・入社日のご相談

入社日は柔軟に調整できます。
「来月から」「今の仕事を辞めてから」など、ご都合をお聞かせください。",,即日勤務OK、交通費支給、残業なし,2,任意,生年月日、性別、電話番号,ntf-indeedapplicant-aaaatulx77tci2k2pr5yeqapva@shukatsu-labo.slack.com,,,利用しない,,
募集中,日本マニュファクチャリングサービス株式会社,未経験｜検品・梱包｜日本マニュファクチャリングサービス株式会社｜大阪府吹田市,倉庫作業スタッフ,20～30代活躍中◎定時で帰れる｜吹田市の物流センターで検品・梱包,,大阪府 吹田市,,,正社員,はい,月給,250000,,最低額を表示,なし,,,,,,,固定時間制,160,,厚生年金、健康保険、雇用保険、労災保険,,なし,,,,,,,,,,,,,,,,,,"吹田市内および周辺の物流センターで、通販商品や生活雑貨の「検品・梱包」を担当する正社員スタッフの募集です。
冷暖房が効いた清潔な作業場で、商品をひとつずつ確認し、丁寧に箱へ納めていく落ち着いた仕事です。
製造・物流の現場を長年支えてきた当社が、未経験の方を一から育てます。

■ 入社後の1日はこんなイメージです
09:00 朝礼。体調確認と当日の出荷量の共有からスタート
09:15 午前は検品を中心に担当。商品の外観を目視で確認し、傷や汚れがあれば別置きにします
12:00 昼休憩（60分）。お弁当持参の方も、近くで買ってくる方もいます
13:00 午後は梱包を担当。袋詰め、箱詰め、テープ留めの3工程を繰り返します
15:00 小休憩（15分）。自動販売機で飲み物を買って一息
15:15 出荷分の最終チェックと仕分け。全員で協力して当日分を仕上げます
17:45 作業スペースの清掃と日報記入
18:00 定時退勤。残業は月平均6.5時間以内に収まっています

■ 扱う商品と作業の具体例
・衣類・タオルなどの布製品：ほつれや汚れがないか確認し、専用の透明袋に入れます
・コスメ・ガラス製の小物：割れやすいため、緩衝材で包んでから箱に納めます
・文房具・生活雑貨：品番と個数を納品書と照合し、まとめて袋詰めします
・出荷前の箱：伝票シールと「割れ物注意」「水濡れ厳禁」などの注意シールを所定位置に貼ります
いずれも手のひらから両手で持てる大きさの商品で、重量物の持ち上げはありません。

■ 入社後1週間の流れ
1日目：オリエンテーション。安全ルール、勤怠の付け方、作業場の設備を案内します
2〜3日目：先輩スタッフがマンツーマンで隣につき、検品の見方と梱包の手順を実演しながら教えます
4〜5日目：シール貼りやダンボールの組み立てなど簡単な工程から一人で担当。分からないことはその場で質問できます
1週間後：検品・梱包の一連の流れをひと通り経験し、自分のペースで進められるようになります
当社は製造現場の教育に長年取り組んできた会社です。「早ければ半日、遅くとも2〜3日で一人立ち」が現場の平均的な目安ですが、慣れるまでは焦らず伴走します。

■ 設備・環境のポイント
・冷暖房完備の室内作業で、季節や天候に左右されません
・休憩室には電子レンジ・冷蔵庫・ポットがあり、フリーWi-Fiも使えます
・個人用の鍵付きロッカーを完備
・髪色・ネイル・服装は自由。清潔感があれば普段のスタイルのままで大丈夫です

■ 大阪府吹田市で働く
名神・中国道の吹田JCTに近く、北摂の物流拠点が集まるエリアです。
JR吹田駅・阪急吹田駅のほか、北大阪急行や大阪モノレールも利用できる交通の便が良い街です。
吹田市周辺で「通勤時間を抑えて安定した正社員の仕事に就きたい」という方に、当社の検品・梱包はぴったりの選択肢です。

製造・物流の現場を支えてきた当社で、あなたのペースで一歩を踏み出してください。ご応募をお待ちしています。","【当社の検品・梱包が選ばれる理由】

✅ 覚えることは少なく、教え方は丁寧に
製造現場で人を育ててきた当社では、専任の先輩がマンツーマンで隣につきます。最初はシール貼りやダンボールの組み立てといった簡単な工程から始め、1週間でひと通りの流れを経験できるプログラムを用意しています。

✅ 平日は定時、週末はしっかり休む
9:00〜18:00の固定時間制で、生活リズムが安定します。土日祝はお休みなので、家族や友人と予定を合わせやすいのも魅力です。

✅ 自分のペースで黙々と進められる仕事
ノルマに追われることはなく、接客もありません。「一人で集中して作業したい」「人間関係のストレスを減らしたい」という方にこそ向いている環境です。

✅ 空調完備・清潔な作業場
冷暖房がしっかり効いた室内で、季節を問わず快適に働けます。休憩室には電子レンジ・冷蔵庫・自動販売機があり、鍵付きロッカーも完備しています。

✅ 相談しやすい体制
配属先にはリーダーが常駐し、定期的な面談で困りごとを聞き取ります。作業のこと、通勤のこと、働き方のこと、何でも相談してください。

✅ 吹田市で通いやすい勤務地
JR吹田駅・阪急吹田駅のほか、北大阪急行や大阪モノレールも利用できる交通の便が良い街です。名神・中国道の吹田JCTに近く、北摂の物流拠点が集まるエリアです。

まずはカジュアル面談で、職場の雰囲気や1日の流れをお伝えします。ご応募をお待ちしています。","例外事由3号のイにより、長期キャリア形成を図るため、
35歳以下を募集しております。","【勤務時間】
★9:00~18:00
└実働8時間/休憩1時間

定時ダッシュも問題ないです✧
✧ 土日祝休み
✧ 残業月平均:6.5時間以内
✧ 残業代100%支給","✧ 完全週休2日制(土日祝休み)
✧ 年間休日125日
「土日休みはマスト!」ってあなたにも
ぴったりの職場です!

【その他休暇】
✧ 有給休暇
✧ 夏季・冬季休暇
✧ GW休暇
✧ 年末年始休暇",大阪府 吹田市,,"月給:25万円~+交通費全額支給

※経験に応じて決定いたします。

# 昇給あり
# 賞与あり
# 残業代100%支給
# 交通費支給","・社会保険完備（雇用・労災・健康・厚生年金）
・残業手当・深夜手当・休日出勤手当（実働時間に応じて支給）
・確定拠出年金制度（企業型）
・定期健康診断・インフルエンザ予防接種費用補助
・特別休暇（慶弔休暇）
・産前産後休暇・育児休業・介護休業
・資格取得支援制度（フォークリフト・自主保全士など）
・家具家電付き社員寮制度（勤務地による・規定あり）
・制服貸与
・社員持株会
・福利厚生サービス（レジャー・飲食の優待割引、保養施設）
・団体長期障害所得補償保険（GLTD）","【最短スケジュールのイメージ】

▶ STEP1 今日：WEBから1分で応募
▶ STEP2 1〜3日後：担当者からご連絡 → カジュアル面談の日程調整
▶ STEP3 面談当日：カジュアル面談（1回のみ）→ 採用のご連絡

面談では、職場の雰囲気・1日の流れ・通勤のことなど、
気になることを何でも聞いてください。

✧ 入社日はご相談いただけます ✧
「すぐ働きたい」「少し先がいい」どちらのご希望にも対応します。",,即日勤務OK、交通費支給、残業なし,2,任意,生年月日、性別、電話番号,ntf-indeedapplicant-aaaatulx77tci2k2pr5yeqapva@shukatsu-labo.slack.com,,,利用しない,,
募集中,日本マニュファクチャリングサービス株式会社,未経験｜検品・梱包｜日本マニュファクチャリングサービス株式会社｜大阪府門真市,倉庫作業スタッフ,20～30代活躍中◎土日祝休み・門真市勤務｜ものづくり企業の軽作業,,大阪府 門真市,,,正社員,はい,月給,250000,,最低額を表示,なし,,,,,,,固定時間制,160,,厚生年金、健康保険、雇用保険、労災保険,,なし,,,,,,,,,,,,,,,,,,"勤務先は門真市内および周辺の物流センター。扱うのは衣類・コスメ・文房具・小型雑貨など、手のひらサイズの軽い商品が中心です。
担当していただくのは、届いた商品に不備がないかを確かめ、出荷用の箱に整えて詰める「検品・梱包」の作業。
空調完備の室内で、自分のペースを保ちながら黙々と取り組める環境です。

■ 1日の流れ（9:00〜18:00・休憩1時間）
09:00 朝礼。当日の出荷予定と担当エリアを確認し、作業台へ移動します
09:15 午前の検品。入荷した商品を納品書と照らし合わせ、外観と数量をチェック
12:00 昼休憩（60分）。休憩室でゆっくり昼食をとります
13:00 午後の梱包。検品を終えた商品を袋詰めし、サイズに合った箱に納めます
15:00 小休憩（15分）。水分補給と軽いストレッチでリフレッシュ
15:15 ラベル貼りと出荷先ごとの仕分け。台車で所定の場所へ運びます
17:40 作業台の整理整頓と翌日の準備
18:00 退勤。残業は月平均6.5時間以内で、定時に帰れる日がほとんどです

■ 扱う商品と作業の具体例
・衣類・タオルなどの布製品：ほつれや汚れがないか確認し、専用の透明袋に入れます
・コスメ・ガラス製の小物：割れやすいため、緩衝材で包んでから箱に納めます
・文房具・生活雑貨：品番と個数を納品書と照合し、まとめて袋詰めします
・出荷前の箱：伝票シールと「割れ物注意」「水濡れ厳禁」などの注意シールを所定位置に貼ります
いずれも手のひらから両手で持てる大きさの商品で、重量物の持ち上げはありません。

■ 教育・研修体制
入社初日は安全講習とオリエンテーションから始まり、いきなり現場に出ることはありません。
2日目以降は専任の先輩スタッフが隣について、検品・梱包の手順を実際にやって見せながら説明します。
最初の1週間は「見る→一緒にやる→一人でやる」の順で少しずつ担当を広げ、1週間後にはひと通りの作業を経験できるスケジュールです。
リーダーは常に作業場内にいるため、「これはどこに置くのでしたか」といった質問もすぐに解決できます。

■ 職場環境
・空調完備：冷暖房が効いた清潔な室内で、夏も冬も快適に作業できます
・休憩室：電子レンジ・冷蔵庫・ポット・自動販売機を完備。お弁当持参でもゆっくり過ごせます
・ロッカー：鍵付きの個人ロッカーがあり、私物を安心して預けられます
・服装：髪色・ネイルは自由。動きやすい服装で通勤し、現場のルールに沿って作業します

■ 大阪府門真市で働く
大手電機メーカーの拠点で知られる、ものづくりの街です。
京阪本線の門真市駅と大阪モノレールが利用でき、大阪市内から約20分です。
門真市周辺で「通勤時間を抑えて安定した正社員の仕事に就きたい」という方に、当社の検品・梱包はぴったりの選択肢です。

「難しいことはできないけれど、コツコツ続けることは得意」という方を、当社は大切にしています。まずはお気軽にご応募ください。","【門真市で働くならここがポイント】

✅ 先輩スタッフの9割以上が未経験からのスタート
「商品を手に取る」「傷がないか見る」「箱に入れる」の3ステップが仕事の基本です。複雑な機械操作や専門用語はなく、入社初日は安全講習とオリエンテーションから始まるので、初めての正社員でも安心してスタートできます。

✅ 残業は月平均6.5時間以内
出荷量に合わせて人員を配置しているため、定時で帰れる日がほとんどです。仕事の後に予定を入れたり、家でゆっくり過ごしたりする時間をきちんと確保できます。

✅ 自分のペースで黙々と進められる仕事
ノルマに追われることはなく、接客もありません。「一人で集中して作業したい」「人間関係のストレスを減らしたい」という方にこそ向いている環境です。

✅ 空調完備・清潔な作業場
冷暖房がしっかり効いた室内で、季節を問わず快適に働けます。休憩室には電子レンジ・冷蔵庫・自動販売機があり、鍵付きロッカーも完備しています。

✅ 安定した雇用と福利厚生
正社員としての雇用に加え、社会保険完備、定期健康診断、資格取得支援などの制度があります。「腰を据えて働きたい」という希望に応えられる環境です。

✅ 門真市で通いやすい勤務地
京阪本線の門真市駅と大阪モノレールが利用でき、大阪市内から約20分です。大手電機メーカーの拠点で知られる、ものづくりの街です。

「自分にもできそう」と思えたら、それがスタートの合図です。お気軽にご応募ください。","例外事由3号のイにより、長期キャリア形成を図るため、
35歳以下を募集しております。","【勤務時間】
★9:00~18:00
└実働8時間/休憩1時間

定時ダッシュも問題ないです✧
✧ 土日祝休み
✧ 残業月平均:6.5時間以内
✧ 残業代100%支給","✧ 完全週休2日制(土日祝休み)
✧ 年間休日125日
「土日休みはマスト!」ってあなたにも
ぴったりの職場です!

【その他休暇】
✧ 有給休暇
✧ 夏季・冬季休暇
✧ GW休暇
✧ 年末年始休暇",大阪府 門真市,,"月給:25万円~+交通費全額支給

※経験に応じて決定いたします。

# 昇給あり
# 賞与あり
# 残業代100%支給
# 交通費支給","・社会保険完備（雇用・労災・健康・厚生年金）
・残業手当・深夜手当・休日出勤手当（実働時間に応じて支給）
・確定拠出年金制度（企業型）
・定期健康診断・インフルエンザ予防接種費用補助
・特別休暇（慶弔休暇）
・産前産後休暇・育児休業・介護休業
・資格取得支援制度（フォークリフト・自主保全士など）
・家具家電付き社員寮制度（勤務地による・規定あり）
・制服貸与
・社員持株会
・福利厚生サービス（レジャー・飲食の優待割引、保養施設）
・団体長期障害所得補償保険（GLTD）","■ 選考について ■
・カジュアル面談：1回のみ（服装自由・履歴書任意）
・応募から面談まで：WEB応募後、1〜3日以内にご連絡
・入社日：ご相談のうえ決定

■ 応募からの流れ ■
▶ STEP1 WEBから1分で応募
▶ STEP2 カジュアル面談（1回のみ）
▶ STEP3 採用

「まずは話だけ聞いてみたい」という方も、そのままご応募ください。
面談で無理に応募を勧めることはありません。",,即日勤務OK、交通費支給、残業なし,2,任意,生年月日、性別、電話番号,ntf-indeedapplicant-aaaatulx77tci2k2pr5yeqapva@shukatsu-labo.slack.com,,,利用しない,,
募集中,日本マニュファクチャリングサービス株式会社,未経験｜検品・梱包｜日本マニュファクチャリングサービス株式会社｜大阪府大東市,倉庫作業スタッフ,20～30代活躍中◎重い荷物なし｜大東市で始める検品・梱包の正社員,,大阪府 大東市,,,正社員,はい,月給,250000,,最低額を表示,なし,,,,,,,固定時間制,160,,厚生年金、健康保険、雇用保険、労災保険,,なし,,,,,,,,,,,,,,,,,,"「ものづくりの現場を支える仕事を、正社員として腰を据えて続けたい」という方へ。
大東市内および周辺の物流センターで、商品の検品と梱包を担当するスタッフを募集します。
空調の効いた清潔な作業場で、座り作業と立ち作業を組み合わせながら無理なく進められる仕事です。

■ ある1日のスケジュール（日勤・実働8時間）
09:00 出勤・朝礼。リーダーから本日の作業内容と注意点の共有があります
09:10 検品スタート。ハンディ端末でバーコードを読み取り、品番と数量を照合
10:30 小休憩（10分）
12:00 昼休憩（60分）。電子レンジ・冷蔵庫のある休憩室で昼食
13:00 梱包作業。緩衝材で商品を包み、ダンボールを組み立てて詰めていきます
15:00 小休憩（15分）
15:15 出荷準備。伝票シールを貼り、配送業者ごとにコンテナへ仕分け
17:45 清掃・翌日分の資材補充
18:00 退勤。土日祝はお休みで、翌日の予定も立てやすい働き方です

■ 作業の流れ（3ステップ）
1. 検品：商品を手に取り、傷・汚れ・数量を確認します。迷ったら「保留」の箱に入れてリーダーに確認するだけです
2. 梱包：商品に合わせて袋・緩衝材・箱を選び、動かないように納めてテープで封をします
3. 仕分け：伝票シールを貼り、配送地域ごとに分けられたコンテナへ移します
扱う商品は衣類・雑貨・コスメ・文房具などの軽いものが中心で、フォークリフトなどの機械操作はありません。

■ 教育・研修体制
入社初日は安全講習とオリエンテーションから始まり、いきなり現場に出ることはありません。
2日目以降は専任の先輩スタッフが隣について、検品・梱包の手順を実際にやって見せながら説明します。
最初の1週間は「見る→一緒にやる→一人でやる」の順で少しずつ担当を広げ、1週間後にはひと通りの作業を経験できるスケジュールです。
リーダーは常に作業場内にいるため、「これはどこに置くのでしたか」といった質問もすぐに解決できます。

■ 働く環境について
作業場は1年を通して空調が効いており、汗だくになったり手がかじかんだりする心配はありません。
休憩室は広く、電子レンジや冷蔵庫、自動販売機が揃っています。昼休憩は各自のペースで過ごしています。
鍵付きロッカーを用意しているので、貴重品の管理も安心です。
服装や髪色は自由で、自分らしいスタイルのまま通勤できます。

■ 大東市の拠点ならではの一言
JR学研都市線の住道駅が最寄りで、京橋駅まで約10分の好立地です。
東大阪エリアの一角として製造業の工場が多く、物流拠点も集まる地域です。
当社は大阪府内に複数の勤務先を持っているため、ご自宅からの通いやすさも考慮して配属先を相談できます。

製造・物流の現場を支えてきた当社で、あなたのペースで一歩を踏み出してください。ご応募をお待ちしています。","【当社の検品・梱包が選ばれる理由】

✅ 先輩スタッフの9割以上が未経験からのスタート
「商品を手に取る」「傷がないか見る」「箱に入れる」の3ステップが仕事の基本です。複雑な機械操作や専門用語はなく、入社初日は安全講習とオリエンテーションから始まるので、初めての正社員でも安心してスタートできます。

✅ 土日祝休み・年間休日125日
完全週休2日制で、カレンダー通りに休めます。夏季・冬季休暇、GW、年末年始のまとまった休みもあり、予定を立てやすい働き方です。

✅ 自分のペースで黙々と進められる仕事
ノルマに追われることはなく、接客もありません。「一人で集中して作業したい」「人間関係のストレスを減らしたい」という方にこそ向いている環境です。

✅ 空調完備・清潔な作業場
冷暖房がしっかり効いた室内で、季節を問わず快適に働けます。休憩室には電子レンジ・冷蔵庫・自動販売機があり、鍵付きロッカーも完備しています。

✅ 製造・物流の現場を支えてきた会社の正社員
当社は全国の製造現場で人材を育ててきた会社です。検品・梱包からスタートし、経験を積めばリーダーや別工程へのステップアップも目指せます。

✅ 大東市で通いやすい勤務地
JR学研都市線の住道駅が最寄りで、京橋駅まで約10分の好立地です。東大阪エリアの一角として製造業の工場が多く、物流拠点も集まる地域です。

まずはカジュアル面談で、職場の雰囲気や1日の流れをお伝えします。ご応募をお待ちしています。","例外事由3号のイにより、長期キャリア形成を図るため、
35歳以下を募集しております。","【勤務時間】
★9:00~18:00
└実働8時間/休憩1時間

定時ダッシュも問題ないです✧
✧ 土日祝休み
✧ 残業月平均:6.5時間以内
✧ 残業代100%支給","✧ 完全週休2日制(土日祝休み)
✧ 年間休日125日
「土日休みはマスト!」ってあなたにも
ぴったりの職場です!

【その他休暇】
✧ 有給休暇
✧ 夏季・冬季休暇
✧ GW休暇
✧ 年末年始休暇",大阪府 大東市,,"月給:25万円~+交通費全額支給

※経験に応じて決定いたします。

# 昇給あり
# 賞与あり
# 残業代100%支給
# 交通費支給","・社会保険完備（雇用・労災・健康・厚生年金）
・残業手当・深夜手当・休日出勤手当（実働時間に応じて支給）
・確定拠出年金制度（企業型）
・定期健康診断・インフルエンザ予防接種費用補助
・特別休暇（慶弔休暇）
・産前産後休暇・育児休業・介護休業
・資格取得支援制度（フォークリフト・自主保全士など）
・家具家電付き社員寮制度（勤務地による・規定あり）
・制服貸与
・社員持株会
・福利厚生サービス（レジャー・飲食の優待割引、保養施設）
・団体長期障害所得補償保険（GLTD）","✧ カジュアル面談実施中です ✧

応募に必要なのは人柄だけ。
まずはあなたのご希望を聞かせてください。

■ 応募からの流れ ■
▶ STEP1 WEBから1分で簡単応募
1〜3日以内に担当者からご連絡します。
▶ STEP2 カジュアル面談（1回のみ）
職場の雰囲気や1日の流れをお伝えし、ご希望を伺います。
▶ STEP3 採用

※入社日はご相談いただけます◎
在職中の方も、お気軽にご相談ください。",,即日勤務OK、交通費支給、残業なし,2,任意,生年月日、性別、電話番号,ntf-indeedapplicant-aaaatulx77tci2k2pr5yeqapva@shukatsu-labo.slack.com,,,利用しない,,
募集中,日本マニュファクチャリングサービス株式会社,未経験｜検品・梱包｜日本マニュファクチャリングサービス株式会社｜大阪府貝塚市,倉庫作業スタッフ,20～30代活躍中◎貝塚市｜先輩の9割が未経験スタートの検品・梱包,,大阪府 貝塚市,,,正社員,はい,月給,250000,,最低額を表示,なし,,,,,,,固定時間制,160,,厚生年金、健康保険、雇用保険、労災保険,,なし,,,,,,,,,,,,,,,,,,"大阪府貝塚市エリアで、検品・梱包の正社員スタッフを募集します。
勤務先は貝塚市内および周辺の物流センター。商品にキズや汚れがないかを目で確かめ、数を合わせ、袋や箱に丁寧に納める作業が中心です。
1年を通して快適な温度に保たれた室内作業で、当社の先輩スタッフが隣で手順を教えます。

■ 入社後の1日はこんなイメージです
09:00 朝礼。体調確認と当日の出荷量の共有からスタート
09:15 午前は検品を中心に担当。商品の外観を目視で確認し、傷や汚れがあれば別置きにします
12:00 昼休憩（60分）。お弁当持参の方も、近くで買ってくる方もいます
13:00 午後は梱包を担当。袋詰め、箱詰め、テープ留めの3工程を繰り返します
15:00 小休憩（15分）。自動販売機で飲み物を買って一息
15:15 出荷分の最終チェックと仕分け。全員で協力して当日分を仕上げます
17:45 作業スペースの清掃と日報記入
18:00 定時退勤。残業は月平均6.5時間以内に収まっています

■ 具体的にはこんな商品を扱います
通販サイトで販売されるアパレル商品、生活雑貨、コスメ、文房具が中心です。
・シャツやタオルを畳んで透明袋へ入れる
・コスメの容器にひび割れがないかを目視で確認する
・文房具のセット品を指定の個数で袋詰めする
・箱にラベルを貼り、配送業者ごとの台車に載せる
商品は軽く、作業台の高さも調整されているため、身体への負担を抑えて続けられます。

■ 未経験でも安心の1週間プログラム
・1日目：会社説明、安全講習、作業着の受け取り、作業場の見学
・2日目：先輩の隣で検品の実演を見学し、午後から一緒に作業
・3日目：梱包の袋詰め・箱詰めを先輩と一緒に担当
・4日目：シール貼りと仕分けを一人で担当。先輩は同じ作業台で見守ります
・5日目：検品から仕分けまでの流れを通しで経験
覚えることは3ステップの繰り返しなので、専門知識や資格は不要です。製造現場で人を育ててきた当社ならではの丁寧な立ち上がりを用意しています。

■ 設備・環境のポイント
・冷暖房完備の室内作業で、季節や天候に左右されません
・休憩室には電子レンジ・冷蔵庫・ポットがあり、フリーWi-Fiも使えます
・個人用の鍵付きロッカーを完備
・髪色・ネイル・服装は自由。清潔感があれば普段のスタイルのままで大丈夫です

■ 大阪府貝塚市で働く
泉州エリアの落ち着いた街で、臨海部に工場や物流施設が集まっています。
南海本線の貝塚駅と水間鉄道が利用でき、阪和道の貝塚ICも近い立地です。
貝塚市周辺で「通勤時間を抑えて安定した正社員の仕事に就きたい」という方に、当社の検品・梱包はぴったりの選択肢です。

製造・物流の現場を支えてきた当社で、あなたのペースで一歩を踏み出してください。ご応募をお待ちしています。","【貝塚市で働くならここがポイント】

✅ 資格・経験・学歴は問いません
必要なのは「丁寧に確認する姿勢」だけ。検品の見方、梱包の手順はすべて入社後にお伝えします。フォークリフトなどの資格取得を目指したい方には支援制度もあり、長く働くほど仕事の幅が広がります。

✅ 残業は月平均6.5時間以内
出荷量に合わせて人員を配置しているため、定時で帰れる日がほとんどです。仕事の後に予定を入れたり、家でゆっくり過ごしたりする時間をきちんと確保できます。

✅ 重い荷物はほとんどありません
扱うのは衣類・コスメ・文房具・小型雑貨など軽い商品が中心です。重量物の持ち上げや力仕事はほぼなく、身体への負担を抑えて長く続けられます。

✅ 空調完備・清潔な作業場
冷暖房がしっかり効いた室内で、季節を問わず快適に働けます。休憩室には電子レンジ・冷蔵庫・自動販売機があり、鍵付きロッカーも完備しています。

✅ 相談しやすい体制
配属先にはリーダーが常駐し、定期的な面談で困りごとを聞き取ります。作業のこと、通勤のこと、働き方のこと、何でも相談してください。

✅ 地元貝塚市で長く働く
泉州エリアの落ち着いた街で、臨海部に工場や物流施設が集まっています。南海本線の貝塚駅と水間鉄道が利用でき、阪和道の貝塚ICも近い立地です。

まずはカジュアル面談で、職場の雰囲気や1日の流れをお伝えします。ご応募をお待ちしています。","例外事由3号のイにより、長期キャリア形成を図るため、
35歳以下を募集しております。","【勤務時間】
★9:00~18:00
└実働8時間/休憩1時間

定時ダッシュも問題ないです✧
✧ 土日祝休み
✧ 残業月平均:6.5時間以内
✧ 残業代100%支給","✧ 完全週休2日制(土日祝休み)
✧ 年間休日125日
「土日休みはマスト!」ってあなたにも
ぴったりの職場です!

【その他休暇】
✧ 有給休暇
✧ 夏季・冬季休暇
✧ GW休暇
✧ 年末年始休暇",大阪府 貝塚市,,"月給:25万円~+交通費全額支給

※経験に応じて決定いたします。

# 昇給あり
# 賞与あり
# 残業代100%支給
# 交通費支給","・社会保険完備（雇用・労災・健康・厚生年金）
・残業手当・深夜手当・休日出勤手当（実働時間に応じて支給）
・確定拠出年金制度（企業型）
・定期健康診断・インフルエンザ予防接種費用補助
・特別休暇（慶弔休暇）
・産前産後休暇・育児休業・介護休業
・資格取得支援制度（フォークリフト・自主保全士など）
・家具家電付き社員寮制度（勤務地による・規定あり）
・制服貸与
・社員持株会
・福利厚生サービス（レジャー・飲食の優待割引、保養施設）
・団体長期障害所得補償保険（GLTD）","【応募前の「気になる」にお答えします】

Q. 面接は堅苦しいですか？
A. いいえ。カジュアル面談を1回行うだけです。服装も自由、履歴書も任意です。

Q. 応募してからどのくらいで決まりますか？
A. 3ステップで進みます。
▶ STEP1 WEBから応募（1分）→ 1〜3日以内にご連絡
▶ STEP2 カジュアル面談（1回のみ）
▶ STEP3 採用

Q. すぐには入社できないのですが…
A. 入社日はご相談いただけます。今のお仕事の引き継ぎ期間なども考慮します。",,即日勤務OK、交通費支給、残業なし,2,任意,生年月日、性別、電話番号,ntf-indeedapplicant-aaaatulx77tci2k2pr5yeqapva@shukatsu-labo.slack.com,,,利用しない,,
募集中,日本マニュファクチャリングサービス株式会社,未経験｜検品・梱包｜日本マニュファクチャリングサービス株式会社｜大阪府泉佐野市,倉庫作業スタッフ,20～30代活躍中◎未経験から製造のプロへ｜泉佐野市の検品・梱包スタッフ,,大阪府 泉佐野市,,,正社員,はい,月給,250000,,最低額を表示,なし,,,,,,,固定時間制,160,,厚生年金、健康保険、雇用保険、労災保険,,なし,,,,,,,,,,,,,,,,,,"泉佐野市内および周辺の物流センターで、通販商品や生活雑貨の「検品・梱包」を担当する正社員スタッフの募集です。
冷暖房が効いた清潔な作業場で、商品をひとつずつ確認し、丁寧に箱へ納めていく落ち着いた仕事です。
製造・物流の現場を長年支えてきた当社が、未経験の方を一から育てます。

■ ある1日のスケジュール（日勤・実働8時間）
09:00 出勤・朝礼。リーダーから本日の作業内容と注意点の共有があります
09:10 検品スタート。ハンディ端末でバーコードを読み取り、品番と数量を照合
10:30 小休憩（10分）
12:00 昼休憩（60分）。電子レンジ・冷蔵庫のある休憩室で昼食
13:00 梱包作業。緩衝材で商品を包み、ダンボールを組み立てて詰めていきます
15:00 小休憩（15分）
15:15 出荷準備。伝票シールを貼り、配送業者ごとにコンテナへ仕分け
17:45 清掃・翌日分の資材補充
18:00 退勤。土日祝はお休みで、翌日の予定も立てやすい働き方です

■ 具体的にはこんな商品を扱います
通販サイトで販売されるアパレル商品、生活雑貨、コスメ、文房具が中心です。
・シャツやタオルを畳んで透明袋へ入れる
・コスメの容器にひび割れがないかを目視で確認する
・文房具のセット品を指定の個数で袋詰めする
・箱にラベルを貼り、配送業者ごとの台車に載せる
商品は軽く、作業台の高さも調整されているため、身体への負担を抑えて続けられます。

■ 入社後1週間の流れ
1日目：オリエンテーション。安全ルール、勤怠の付け方、作業場の設備を案内します
2〜3日目：先輩スタッフがマンツーマンで隣につき、検品の見方と梱包の手順を実演しながら教えます
4〜5日目：シール貼りやダンボールの組み立てなど簡単な工程から一人で担当。分からないことはその場で質問できます
1週間後：検品・梱包の一連の流れをひと通り経験し、自分のペースで進められるようになります
当社は製造現場の教育に長年取り組んできた会社です。「早ければ半日、遅くとも2〜3日で一人立ち」が現場の平均的な目安ですが、慣れるまでは焦らず伴走します。

■ 働く環境について
作業場は1年を通して空調が効いており、汗だくになったり手がかじかんだりする心配はありません。
休憩室は広く、電子レンジや冷蔵庫、自動販売機が揃っています。昼休憩は各自のペースで過ごしています。
鍵付きロッカーを用意しているので、貴重品の管理も安心です。
服装や髪色は自由で、自分らしいスタイルのまま通勤できます。

■ 大阪府泉佐野市で働く
関西空港に隣接し、航空貨物や輸入品を扱う物流拠点が集まるエリアです。
南海本線・JR阪和線の泉佐野駅・りんくうタウン駅が最寄りで、関西空港へもすぐの立地です。
泉佐野市周辺で「通勤時間を抑えて安定した正社員の仕事に就きたい」という方に、当社の検品・梱包はぴったりの選択肢です。

「難しいことはできないけれど、コツコツ続けることは得意」という方を、当社は大切にしています。まずはお気軽にご応募ください。","【当社の検品・梱包が選ばれる理由】

✅ 資格・経験・学歴は問いません
必要なのは「丁寧に確認する姿勢」だけ。検品の見方、梱包の手順はすべて入社後にお伝えします。フォークリフトなどの資格取得を目指したい方には支援制度もあり、長く働くほど仕事の幅が広がります。

✅ 土日祝休み・年間休日125日
完全週休2日制で、カレンダー通りに休めます。夏季・冬季休暇、GW、年末年始のまとまった休みもあり、予定を立てやすい働き方です。

✅ 重い荷物はほとんどありません
扱うのは衣類・コスメ・文房具・小型雑貨など軽い商品が中心です。重量物の持ち上げや力仕事はほぼなく、身体への負担を抑えて長く続けられます。

✅ 空調完備・清潔な作業場
冷暖房がしっかり効いた室内で、季節を問わず快適に働けます。休憩室には電子レンジ・冷蔵庫・自動販売機があり、鍵付きロッカーも完備しています。

✅ 安定した雇用と福利厚生
正社員としての雇用に加え、社会保険完備、定期健康診断、資格取得支援などの制度があります。「腰を据えて働きたい」という希望に応えられる環境です。

✅ 地元泉佐野市で長く働く
関西空港に隣接し、航空貨物や輸入品を扱う物流拠点が集まるエリアです。南海本線・JR阪和線の泉佐野駅・りんくうタウン駅が最寄りで、関西空港へもすぐの立地です。

「自分にもできそう」と思えたら、それがスタートの合図です。お気軽にご応募ください。","例外事由3号のイにより、長期キャリア形成を図るため、
35歳以下を募集しております。","【勤務時間】
★9:00~18:00
└実働8時間/休憩1時間

定時ダッシュも問題ないです✧
✧ 土日祝休み
✧ 残業月平均:6.5時間以内
✧ 残業代100%支給","✧ 完全週休2日制(土日祝休み)
✧ 年間休日125日
「土日休みはマスト!」ってあなたにも
ぴったりの職場です!

【その他休暇】
✧ 有給休暇
✧ 夏季・冬季休暇
✧ GW休暇
✧ 年末年始休暇",大阪府 泉佐野市,,"月給:25万円~+交通費全額支給

※経験に応じて決定いたします。

# 昇給あり
# 賞与あり
# 残業代100%支給
# 交通費支給","・社会保険完備（雇用・労災・健康・厚生年金）
・残業手当・深夜手当・休日出勤手当（実働時間に応じて支給）
・確定拠出年金制度（企業型）
・定期健康診断・インフルエンザ予防接種費用補助
・特別休暇（慶弔休暇）
・産前産後休暇・育児休業・介護休業
・資格取得支援制度（フォークリフト・自主保全士など）
・家具家電付き社員寮制度（勤務地による・規定あり）
・制服貸与
・社員持株会
・福利厚生サービス（レジャー・飲食の優待割引、保養施設）
・団体長期障害所得補償保険（GLTD）","まずは「話を聞いてみる」だけで大丈夫です。

当社ではカジュアル面談を実施しています。
志望動機や自己PRの準備は不要。
「どんな職場？」「本当に未経験でもできる？」といった疑問に、担当者が率直にお答えします。

■ 応募から入社までの3STEP ■
▶ STEP1 WEB応募（1分）
▶ STEP2 カジュアル面談（1回のみ・1〜3日以内にご連絡）
▶ STEP3 採用・入社日のご相談

入社日は柔軟に調整できます。
「来月から」「今の仕事を辞めてから」など、ご都合をお聞かせください。",,即日勤務OK、交通費支給、残業なし,2,任意,生年月日、性別、電話番号,ntf-indeedapplicant-aaaatulx77tci2k2pr5yeqapva@shukatsu-labo.slack.com,,,利用しない,,
募集中,日本マニュファクチャリングサービス株式会社,未経験｜検品・梱包｜日本マニュファクチャリングサービス株式会社｜大阪府池田市,倉庫作業スタッフ,20～30代活躍中◎池田市｜黙々作業が好きな方に向く検品・梱包,,大阪府 池田市,,,正社員,はい,月給,250000,,最低額を表示,なし,,,,,,,固定時間制,160,,厚生年金、健康保険、雇用保険、労災保険,,なし,,,,,,,,,,,,,,,,,,"勤務先は池田市内および周辺の物流センター。扱うのは衣類・コスメ・文房具・小型雑貨など、手のひらサイズの軽い商品が中心です。
担当していただくのは、届いた商品に不備がないかを確かめ、出荷用の箱に整えて詰める「検品・梱包」の作業。
空調完備の室内で、自分のペースを保ちながら黙々と取り組める環境です。

■ 入社後の1日はこんなイメージです
09:00 朝礼。体調確認と当日の出荷量の共有からスタート
09:15 午前は検品を中心に担当。商品の外観を目視で確認し、傷や汚れがあれば別置きにします
12:00 昼休憩（60分）。お弁当持参の方も、近くで買ってくる方もいます
13:00 午後は梱包を担当。袋詰め、箱詰め、テープ留めの3工程を繰り返します
15:00 小休憩（15分）。自動販売機で飲み物を買って一息
15:15 出荷分の最終チェックと仕分け。全員で協力して当日分を仕上げます
17:45 作業スペースの清掃と日報記入
18:00 定時退勤。残業は月平均6.5時間以内に収まっています

■ 主な作業内容
・検品：入荷した商品の外観チェック（傷・汚れ・パッケージのへこみ）と数量・品番の照合
・スキャン：バーコードリーダーで商品を読み取り、データと突き合わせます
・梱包：袋詰め、緩衝材包装、ダンボールの組み立てと箱詰め、テープ留め
・仕上げ：ラベル貼りと配送地域別の仕分け
扱うのはアパレル商品、コスメ、文房具、小型雑貨など。どれも軽く、繰り返しの中で自然と手順が身につく作業です。

■ 教育・研修体制
入社初日は安全講習とオリエンテーションから始まり、いきなり現場に出ることはありません。
2日目以降は専任の先輩スタッフが隣について、検品・梱包の手順を実際にやって見せながら説明します。
最初の1週間は「見る→一緒にやる→一人でやる」の順で少しずつ担当を広げ、1週間後にはひと通りの作業を経験できるスケジュールです。
リーダーは常に作業場内にいるため、「これはどこに置くのでしたか」といった質問もすぐに解決できます。

■ 設備・環境のポイント
・冷暖房完備の室内作業で、季節や天候に左右されません
・休憩室には電子レンジ・冷蔵庫・ポットがあり、フリーWi-Fiも使えます
・個人用の鍵付きロッカーを完備
・髪色・ネイル・服装は自由。清潔感があれば普段のスタイルのままで大丈夫です

■ 池田市の拠点ならではの一言
阪急宝塚線の池田駅が最寄りで、梅田から約20分の好立地です。
北摂の落ち着いた住宅地で、大手食品メーカーの拠点もあるものづくりの街です。
当社は大阪府内に複数の勤務先を持っているため、ご自宅からの通いやすさも考慮して配属先を相談できます。

製造・物流の現場を支えてきた当社で、あなたのペースで一歩を踏み出してください。ご応募をお待ちしています。","【池田市で働くならここがポイント】

✅ 覚えることは少なく、教え方は丁寧に
製造現場で人を育ててきた当社では、専任の先輩がマンツーマンで隣につきます。最初はシール貼りやダンボールの組み立てといった簡単な工程から始め、1週間でひと通りの流れを経験できるプログラムを用意しています。

✅ 平日は定時、週末はしっかり休む
9:00〜18:00の固定時間制で、生活リズムが安定します。土日祝はお休みなので、家族や友人と予定を合わせやすいのも魅力です。

✅ 自分のペースで黙々と進められる仕事
ノルマに追われることはなく、接客もありません。「一人で集中して作業したい」「人間関係のストレスを減らしたい」という方にこそ向いている環境です。

✅ 休憩室でしっかりリフレッシュ
昼休憩60分に加えて午後に小休憩があり、集中力を保ちやすいリズムで働けます。休憩室にはポットやフリーWi-Fiもあり、お弁当派にも外食派にも便利です。

✅ 相談しやすい体制
配属先にはリーダーが常駐し、定期的な面談で困りごとを聞き取ります。作業のこと、通勤のこと、働き方のこと、何でも相談してください。

✅ 池田市で通いやすい勤務地
阪急宝塚線の池田駅が最寄りで、梅田から約20分の好立地です。北摂の落ち着いた住宅地で、大手食品メーカーの拠点もあるものづくりの街です。

まずはカジュアル面談で、職場の雰囲気や1日の流れをお伝えします。ご応募をお待ちしています。","例外事由3号のイにより、長期キャリア形成を図るため、
35歳以下を募集しております。","【勤務時間】
★9:00~18:00
└実働8時間/休憩1時間

定時ダッシュも問題ないです✧
✧ 土日祝休み
✧ 残業月平均:6.5時間以内
✧ 残業代100%支給","✧ 完全週休2日制(土日祝休み)
✧ 年間休日125日
「土日休みはマスト!」ってあなたにも
ぴったりの職場です!

【その他休暇】
✧ 有給休暇
✧ 夏季・冬季休暇
✧ GW休暇
✧ 年末年始休暇",大阪府 池田市,,"月給:25万円~+交通費全額支給

※経験に応じて決定いたします。

# 昇給あり
# 賞与あり
# 残業代100%支給
# 交通費支給","・社会保険完備（雇用・労災・健康・厚生年金）
・残業手当・深夜手当・休日出勤手当（実働時間に応じて支給）
・確定拠出年金制度（企業型）
・定期健康診断・インフルエンザ予防接種費用補助
・特別休暇（慶弔休暇）
・産前産後休暇・育児休業・介護休業
・資格取得支援制度（フォークリフト・自主保全士など）
・家具家電付き社員寮制度（勤務地による・規定あり）
・制服貸与
・社員持株会
・福利厚生サービス（レジャー・飲食の優待割引、保養施設）
・団体長期障害所得補償保険（GLTD）","【最短スケジュールのイメージ】

▶ STEP1 今日：WEBから1分で応募
▶ STEP2 1〜3日後：担当者からご連絡 → カジュアル面談の日程調整
▶ STEP3 面談当日：カジュアル面談（1回のみ）→ 採用のご連絡

面談では、職場の雰囲気・1日の流れ・通勤のことなど、
気になることを何でも聞いてください。

✧ 入社日はご相談いただけます ✧
「すぐ働きたい」「少し先がいい」どちらのご希望にも対応します。",,即日勤務OK、交通費支給、残業なし,2,任意,生年月日、性別、電話番号,ntf-indeedapplicant-aaaatulx77tci2k2pr5yeqapva@shukatsu-labo.slack.com,,,利用しない,,
募集中,日本マニュファクチャリングサービス株式会社,未経験｜検品・梱包｜日本マニュファクチャリングサービス株式会社｜大阪府摂津市,倉庫作業スタッフ,20～30代活躍中◎摂津市｜空調完備の倉庫でコツコツ検品・梱包,,大阪府 摂津市,,,正社員,はい,月給,250000,,最低額を表示,なし,,,,,,,固定時間制,160,,厚生年金、健康保険、雇用保険、労災保険,,なし,,,,,,,,,,,,,,,,,,"「ものづくりの現場を支える仕事を、正社員として腰を据えて続けたい」という方へ。
摂津市内および周辺の物流センターで、商品の検品と梱包を担当するスタッフを募集します。
空調の効いた清潔な作業場で、座り作業と立ち作業を組み合わせながら無理なく進められる仕事です。

■ 1日の流れ（9:00〜18:00・休憩1時間）
09:00 朝礼。当日の出荷予定と担当エリアを確認し、作業台へ移動します
09:15 午前の検品。入荷した商品を納品書と照らし合わせ、外観と数量をチェック
12:00 昼休憩（60分）。休憩室でゆっくり昼食をとります
13:00 午後の梱包。検品を終えた商品を袋詰めし、サイズに合った箱に納めます
15:00 小休憩（15分）。水分補給と軽いストレッチでリフレッシュ
15:15 ラベル貼りと出荷先ごとの仕分け。台車で所定の場所へ運びます
17:40 作業台の整理整頓と翌日の準備
18:00 退勤。残業は月平均6.5時間以内で、定時に帰れる日がほとんどです

■ 主な作業内容
・検品：入荷した商品の外観チェック（傷・汚れ・パッケージのへこみ）と数量・品番の照合
・スキャン：バーコードリーダーで商品を読み取り、データと突き合わせます
・梱包：袋詰め、緩衝材包装、ダンボールの組み立てと箱詰め、テープ留め
・仕上げ：ラベル貼りと配送地域別の仕分け
扱うのはアパレル商品、コスメ、文房具、小型雑貨など。どれも軽く、繰り返しの中で自然と手順が身につく作業です。

■ 未経験でも安心の1週間プログラム
・1日目：会社説明、安全講習、作業着の受け取り、作業場の見学
・2日目：先輩の隣で検品の実演を見学し、午後から一緒に作業
・3日目：梱包の袋詰め・箱詰めを先輩と一緒に担当
・4日目：シール貼りと仕分けを一人で担当。先輩は同じ作業台で見守ります
・5日目：検品から仕分けまでの流れを通しで経験
覚えることは3ステップの繰り返しなので、専門知識や資格は不要です。製造現場で人を育ててきた当社ならではの丁寧な立ち上がりを用意しています。

■ 職場環境
・空調完備：冷暖房が効いた清潔な室内で、夏も冬も快適に作業できます
・休憩室：電子レンジ・冷蔵庫・ポット・自動販売機を完備。お弁当持参でもゆっくり過ごせます
・ロッカー：鍵付きの個人ロッカーがあり、私物を安心して預けられます
・服装：髪色・ネイルは自由。動きやすい服装で通勤し、現場のルールに沿って作業します

■ 摂津市の拠点ならではの一言
阪急京都線の摂津市駅、JR千里丘駅、大阪モノレールが利用でき、大阪市内から通いやすい立地です。
近畿道・中央環状線沿いに物流施設が集まる、北摂の物流拠点です。
当社は大阪府内に複数の勤務先を持っているため、ご自宅からの通いやすさも考慮して配属先を相談できます。

「難しいことはできないけれど、コツコツ続けることは得意」という方を、当社は大切にしています。まずはお気軽にご応募ください。","【当社の検品・梱包が選ばれる理由】

✅ 覚えることは少なく、教え方は丁寧に
製造現場で人を育ててきた当社では、専任の先輩がマンツーマンで隣につきます。最初はシール貼りやダンボールの組み立てといった簡単な工程から始め、1週間でひと通りの流れを経験できるプログラムを用意しています。

✅ 残業は月平均6.5時間以内
出荷量に合わせて人員を配置しているため、定時で帰れる日がほとんどです。仕事の後に予定を入れたり、家でゆっくり過ごしたりする時間をきちんと確保できます。

✅ 自分のペースで黙々と進められる仕事
ノルマに追われることはなく、接客もありません。「一人で集中して作業したい」「人間関係のストレスを減らしたい」という方にこそ向いている環境です。

✅ 休憩室でしっかりリフレッシュ
昼休憩60分に加えて午後に小休憩があり、集中力を保ちやすいリズムで働けます。休憩室にはポットやフリーWi-Fiもあり、お弁当派にも外食派にも便利です。

✅ 安定した雇用と福利厚生
正社員としての雇用に加え、社会保険完備、定期健康診断、資格取得支援などの制度があります。「腰を据えて働きたい」という希望に応えられる環境です。

✅ 摂津市で通いやすい勤務地
阪急京都線の摂津市駅、JR千里丘駅、大阪モノレールが利用でき、大阪市内から通いやすい立地です。近畿道・中央環状線沿いに物流施設が集まる、北摂の物流拠点です。

「自分にもできそう」と思えたら、それがスタートの合図です。お気軽にご応募ください。","例外事由3号のイにより、長期キャリア形成を図るため、
35歳以下を募集しております。","【勤務時間】
★9:00~18:00
└実働8時間/休憩1時間

定時ダッシュも問題ないです✧
✧ 土日祝休み
✧ 残業月平均:6.5時間以内
✧ 残業代100%支給","✧ 完全週休2日制(土日祝休み)
✧ 年間休日125日
「土日休みはマスト!」ってあなたにも
ぴったりの職場です!

【その他休暇】
✧ 有給休暇
✧ 夏季・冬季休暇
✧ GW休暇
✧ 年末年始休暇",大阪府 摂津市,,"月給:25万円~+交通費全額支給

※経験に応じて決定いたします。

# 昇給あり
# 賞与あり
# 残業代100%支給
# 交通費支給","・社会保険完備（雇用・労災・健康・厚生年金）
・残業手当・深夜手当・休日出勤手当（実働時間に応じて支給）
・確定拠出年金制度（企業型）
・定期健康診断・インフルエンザ予防接種費用補助
・特別休暇（慶弔休暇）
・産前産後休暇・育児休業・介護休業
・資格取得支援制度（フォークリフト・自主保全士など）
・家具家電付き社員寮制度（勤務地による・規定あり）
・制服貸与
・社員持株会
・福利厚生サービス（レジャー・飲食の優待割引、保養施設）
・団体長期障害所得補償保険（GLTD）","■ 選考について ■
・カジュアル面談：1回のみ（服装自由・履歴書任意）
・応募から面談まで：WEB応募後、1〜3日以内にご連絡
・入社日：ご相談のうえ決定

■ 応募からの流れ ■
▶ STEP1 WEBから1分で応募
▶ STEP2 カジュアル面談（1回のみ）
▶ STEP3 採用

「まずは話だけ聞いてみたい」という方も、そのままご応募ください。
面談で無理に応募を勧めることはありません。",,即日勤務OK、交通費支給、残業なし,2,任意,生年月日、性別、電話番号,ntf-indeedapplicant-aaaatulx77tci2k2pr5yeqapva@shukatsu-labo.slack.com,,,利用しない,,
募集中,株式会社テクノ・サービス,未経験｜検品・梱包｜株式会社テクノ・サービス｜北九州営業所,倉庫作業スタッフ,20～30代活躍中◎北九州市小倉北区｜営業所が近いから相談しやすい検品・梱包,,福岡県 北九州市 小倉北区 米町,,,正社員,はい,月給,250000,,最低額を表示,なし,,,,,,,固定時間制,160,,厚生年金、健康保険、雇用保険、労災保険,,なし,,,,,,,,,,,,,,,,,,"北九州営業所の周辺エリア（北九州市小倉北区近郊）にある物流センターで、検品・梱包を担当する正社員スタッフを募集しますよ。
扱うのは通販のアパレル商品や雑貨、コスメなど軽いものばかり。空調の効いたきれいな倉庫で、商品をチェックして箱に詰めるシンプルな作業です。
北九州営業所が近くにあるので、困ったときはすぐに顔を合わせて相談できます。

◆ 1日の流れ（9:00〜18:00・休憩1時間）
09:00 朝礼。今日の出荷予定と担当作業を確認
09:15 検品スタート。商品の傷・汚れ・数量を納品書と照らし合わせます
12:00 昼休憩（60分）。休憩室で昼食。電子レンジや冷蔵庫も使えます
13:00 梱包スタート。袋詰め、緩衝材で包む、箱に納めるの繰り返し
15:00 小休憩（15分）。飲み物を片手にひと息
15:15 ラベル貼りと出荷先ごとの仕分け
17:45 作業台の片づけと翌日の資材準備
18:00 退勤。残業は月平均6.5時間以内で、定時で帰れる日が大半ですよ

◆ 扱う商品・作業の具体例
・衣類・タオル：ほつれや汚れがないか確認して、透明袋に入れます
・コスメ・ガラス小物：割れないように緩衝材で包んでから箱へ
・文房具・生活雑貨：品番と個数を納品書と照合して、まとめて袋詰め
・出荷箱：伝票シールと「割れ物注意」などの注意シールを所定の位置に貼ります
どれも片手〜両手で持てるサイズで、重い物を持ち上げることはありません。

◆ 入社後1週間の流れ
1日目：北九州営業所でオリエンテーション。仕事の進め方、安全衛生、5Sの基本を説明します
2〜3日目：先輩スタッフがマンツーマンで隣について、検品の見方と梱包の手順を実演しながら教えます
4〜5日目：シール貼りやダンボールの組み立てから一人で担当。分からないことはその場で聞けます
1週間後：検品〜仕分けまでの流れをひと通り経験して、自分のペースで進められるように
「早ければ半日、遅くとも2〜3日で一人立ち」が現場の目安。慣れるまでは焦らず一緒にやりましょう。

◆ 職場環境
・空調完備：冷暖房が効いた清潔な室内で、夏も冬も快適
・休憩室：電子レンジ・冷蔵庫・ポット・自動販売機あり。お弁当持参でもゆっくり過ごせます
・ロッカー：鍵付きの個人ロッカーで貴重品も安心
・服装：髪色・ネイルは自由。動きやすい服装で通勤して、現場のルールに沿って作業します

◆ 北九州営業所ならではの一言
JR小倉駅から徒歩圏で、新幹線・在来線・モノレールが利用できる北九州の中心です。
ものづくりの街として発展した北九州の中心エリアで、製造・物流の現場が身近な地域です。
北九州営業所は北九州市小倉北区近郊の勤務先をいくつも担当しているので、「家から近い所がいい」といった希望も気軽に伝えてください。

地元の営業所が、あなたの「初めての正社員」をしっかり支えます。まずは気軽にご応募ください。","【北九州営業所からのアピールポイント】

✅ 先輩の9割以上が未経験スタート
「商品を手に取る」「傷がないか見る」「箱に入れる」の3ステップが基本。専門用語も複雑な機械操作もなく、初日は安全衛生の講習から始まるので安心ですよ。

✅ 土日祝休み・年間休日125日
完全週休2日制でカレンダー通りに休めます。夏季・冬季休暇、GW、年末年始のまとまった休みもあって、予定を立てやすい働き方です。

✅ 重い荷物はほとんどなし
扱うのは衣類・コスメ・文房具・小型雑貨など軽い商品が中心。力仕事はほぼなくて、身体への負担を抑えて長く続けられます。

✅ 空調完備の清潔な倉庫
冷暖房がしっかり効いた室内で、季節を問わず快適。休憩室には電子レンジ・冷蔵庫・自動販売機があって、鍵付きロッカーも完備です。

✅ 営業所が近いから、すぐ相談できる
北九州営業所の担当者が入社後も定期的に面談します。職場では言いにくいことも、営業所でなら話しやすいはず。転勤もありません。

✅ 北九州市小倉北区近郊で通いやすい
JR小倉駅から徒歩圏で、新幹線・在来線・モノレールが利用できる北九州の中心です。ものづくりの街として発展した北九州の中心エリアで、製造・物流の現場が身近な地域です。

まずはカジュアル面談で、職場の雰囲気や1日の流れをお伝えします。気軽にご応募ください。","例外事由3号のイにより、長期キャリア形成を図るため、
35歳以下を募集しております。","【勤務時間】
★9:00~18:00
└実働8時間/休憩1時間

定時ダッシュも問題ないです✧
✧ 土日祝休み
✧ 残業月平均:6.5時間以内
✧ 残業代100%支給","✧ 完全週休2日制(土日祝休み)
✧ 年間休日125日
「土日休みはマスト!」ってあなたにも
ぴったりの職場です!

【その他休暇】
✧ 有給休暇
✧ 夏季・冬季休暇
✧ GW休暇
✧ 年末年始休暇","福岡県北九州市小倉北区米町1-1-7 小倉駅前中道ビル4F

周辺エリアに勤務地多数あり！
お気軽にご相談ください。",北九州営業所,"月給:25万円~+交通費全額支給

※経験に応じて決定いたします。

# 昇給あり
# 賞与あり
# 残業代100%支給
# 交通費支給","・社会保険完備（雇用・労災・健康・厚生年金）
・時間外手当（残業が発生した場合は別途全額支給）
・退職金制度（当社規定による）
・定期健康診断
・有給休暇・夏季休暇・年末年始休暇
・産前産後休暇・育児休暇・介護休暇
・あんしん資格取得制度（フォークリフト・玉掛け・クレーン・溶接などの講習料・受験料補助）
・入社後研修（仕事の進め方・安全衛生・5S）・定期面談
・制服貸与（当社規定による）
・グループ団体保険への割引加入
・転勤なし","✧ カジュアル面談実施中です ✧

応募に必要なのは人柄だけ。
まずはあなたのご希望を聞かせてください。

■ 応募からの流れ ■
▶ STEP1 WEBから1分で簡単応募
1〜3日以内に担当者からご連絡します。
▶ STEP2 カジュアル面談（1回のみ）
職場の雰囲気や1日の流れをお伝えし、ご希望を伺います。
▶ STEP3 採用

※入社日はご相談いただけます◎
在職中の方も、お気軽にご相談ください。",,即日勤務OK、交通費支給、残業なし,2,任意,生年月日、性別、電話番号,ntf-indeedapplicant-aaaatulx77tci2k2pr5yeqapva@shukatsu-labo.slack.com,,,利用しない,,
募集中,株式会社テクノ・サービス,未経験｜検品・梱包｜株式会社テクノ・サービス｜福岡営業所,倉庫作業スタッフ,20～30代活躍中◎未経験から正社員へ｜福岡市博多区近郊の検品・梱包,,福岡県 福岡市 博多区 中洲,,,正社員,はい,月給,250000,,最低額を表示,なし,,,,,,,固定時間制,160,,厚生年金、健康保険、雇用保険、労災保険,,なし,,,,,,,,,,,,,,,,,,"「地元で、無理なく、正社員として働きたい」そんな方にちょうどいいお仕事です。
勤務先は福岡営業所の周辺エリア（福岡市博多区近郊）にある物流センター。届いた商品に不備がないか確認して、丁寧に梱包して出荷準備をするのが仕事です。
冷暖房完備の室内で、重い荷物を運ぶことはほとんどありません。

◆ ある日のスケジュール
09:00 出勤・朝礼。リーダーから連絡事項の共有
09:10 ハンディ端末でバーコードを読み取り、品番と個数を照合
10:30 小休憩（10分）
12:00 昼休憩（60分）。お弁当派も、近くで買ってくる派もいます
13:00 午後は梱包。ダンボールを組み立て、商品が動かないように納めます
15:00 小休憩（15分）
15:15 出荷準備。伝票シールを貼って配送業者ごとにコンテナへ
17:45 清掃と日報の記入
18:00 定時退勤。土日祝休みなので、明日の予定も立てやすいですね

◆ 作業は3ステップだけ
1. 検品：商品を手に取って、傷・汚れ・数量を確認。迷ったら「保留」箱に入れてリーダーに聞くだけ
2. 梱包：商品に合わせて袋・緩衝材・箱を選んで、動かないように納めてテープで封をします
3. 仕分け：伝票シールを貼って、配送地域ごとのコンテナへ
衣類・雑貨・コスメ・文房具などの軽い商品が中心で、フォークリフトなどの機械操作はありません。

◆ 入社後1週間の流れ
1日目：福岡営業所でオリエンテーション。仕事の進め方、安全衛生、5Sの基本を説明します
2〜3日目：先輩スタッフがマンツーマンで隣について、検品の見方と梱包の手順を実演しながら教えます
4〜5日目：シール貼りやダンボールの組み立てから一人で担当。分からないことはその場で聞けます
1週間後：検品〜仕分けまでの流れをひと通り経験して、自分のペースで進められるように
「早ければ半日、遅くとも2〜3日で一人立ち」が現場の目安。慣れるまでは焦らず一緒にやりましょう。

◆ 働く環境
作業場は1年中空調が効いていて、「夏は暑くて汗だく」「冬は手がかじかむ」という心配がありません。
休憩室は広くて、電子レンジや冷蔵庫、自動販売機が揃っています。
鍵付きロッカーがあるので、貴重品の管理も安心ですよ。
服装や髪色は自由で、自分らしいスタイルのまま通勤できます。

◆ 福岡県福岡市博多区で働くということ
九州の玄関口にあり、県内各方面からの通勤や面談に立ち寄りやすい場所です。
JR博多駅から徒歩圏で、新幹線・在来線・地下鉄が利用できる九州最大のターミナルです。
福岡営業所のスタッフは地元の職場をよく知っています。通勤のしやすさや職場の雰囲気など、気になることは何でも聞いてくださいね。

地元の営業所が、あなたの「初めての正社員」をしっかり支えます。まずは気軽にご応募ください。","【福岡市博多区近郊で働く魅力】

✅ 資格・経験・学歴は問いません
必要なのは「丁寧に確認する姿勢」だけ。仕事のやり方は入社後にお伝えします。フォークリフトなどの資格を取りたくなったら、講習料や受験料を補助する制度もあります。

✅ 残業は月平均6.5時間以内
定時で帰れる日がほとんど。仕事の後に予定を入れたり、家でゆっくりしたり、自分の時間をきちんと確保できますよ。

✅ 黙々・コツコツ派にちょうどいい
ノルマはなく、接客もありません。「一人で集中して作業したい」「人間関係のストレスを減らしたい」という方に向いている環境です。

✅ 休憩室でしっかりリフレッシュ
昼休憩60分に加えて午後の小休憩があって、集中力を保ちやすいリズムです。休憩室にはポットやフリーWi-Fiもあります。

✅ 正社員としての安定
正社員雇用に加えて、社会保険完備、退職金制度（規定あり）、資格取得支援制度があります。「地元で腰を据えて働きたい」という希望に応えられる環境です。

✅ 地元福岡市博多区で長く働く
九州の玄関口にあり、県内各方面からの通勤や面談に立ち寄りやすい場所です。JR博多駅から徒歩圏で、新幹線・在来線・地下鉄が利用できる九州最大のターミナルです。

まずはカジュアル面談で、職場の雰囲気や1日の流れをお伝えします。気軽にご応募ください。","例外事由3号のイにより、長期キャリア形成を図るため、
35歳以下を募集しております。","【勤務時間】
★9:00~18:00
└実働8時間/休憩1時間

定時ダッシュも問題ないです✧
✧ 土日祝休み
✧ 残業月平均:6.5時間以内
✧ 残業代100%支給","✧ 完全週休2日制(土日祝休み)
✧ 年間休日125日
「土日休みはマスト!」ってあなたにも
ぴったりの職場です!

【その他休暇】
✧ 有給休暇
✧ 夏季・冬季休暇
✧ GW休暇
✧ 年末年始休暇","福岡県福岡市博多区中洲5-6-24 第6ガーデンビル2F

周辺エリアに勤務地多数あり！
お気軽にご相談ください。",福岡営業所,"月給:25万円~+交通費全額支給

※経験に応じて決定いたします。

# 昇給あり
# 賞与あり
# 残業代100%支給
# 交通費支給","・社会保険完備（雇用・労災・健康・厚生年金）
・時間外手当（残業が発生した場合は別途全額支給）
・退職金制度（当社規定による）
・定期健康診断
・有給休暇・夏季休暇・年末年始休暇
・産前産後休暇・育児休暇・介護休暇
・あんしん資格取得制度（フォークリフト・玉掛け・クレーン・溶接などの講習料・受験料補助）
・入社後研修（仕事の進め方・安全衛生・5S）・定期面談
・制服貸与（当社規定による）
・グループ団体保険への割引加入
・転勤なし","【応募前の「気になる」にお答えします】

Q. 面接は堅苦しいですか？
A. いいえ。カジュアル面談を1回行うだけです。服装も自由、履歴書も任意です。

Q. 応募してからどのくらいで決まりますか？
A. 3ステップで進みます。
▶ STEP1 WEBから応募（1分）→ 1〜3日以内にご連絡
▶ STEP2 カジュアル面談（1回のみ）
▶ STEP3 採用

Q. すぐには入社できないのですが…
A. 入社日はご相談いただけます。今のお仕事の引き継ぎ期間なども考慮します。",,即日勤務OK、交通費支給、残業なし,2,任意,生年月日、性別、電話番号,ntf-indeedapplicant-aaaatulx77tci2k2pr5yeqapva@shukatsu-labo.slack.com,,,利用しない,,
募集中,株式会社テクノ・サービス,未経験｜検品・梱包｜株式会社テクノ・サービス｜堺営業所,倉庫作業スタッフ,20～30代活躍中◎堺市堺区｜黙々作業が好きな方に向く軽作業,,大阪府 堺市 堺区 熊野町東,,,正社員,はい,月給,250000,,最低額を表示,なし,,,,,,,固定時間制,160,,厚生年金、健康保険、雇用保険、労災保険,,なし,,,,,,,,,,,,,,,,,,"大阪府堺市堺区近郊で、検品・梱包スタッフ（正社員）を募集しています。
勤務先は堺営業所の周辺エリア（堺市堺区近郊）にある物流センター。衣類・コスメ・文房具などの軽い商品を、目で確認して、数を合わせて、袋や箱に納めていきます。
「難しいことは苦手」という方でも、3日ほどで流れがつかめますよ。

◆ 入社後はこんな1日
09:00 朝礼。体調チェックと当日の出荷量を共有
09:15 午前は検品。外観を目視で確認して、気になる商品は別置きにしてリーダーへ
12:00 昼休憩（60分）
13:00 午後は梱包。袋詰め→箱詰め→テープ留めの3工程を繰り返します
15:00 小休憩（15分）。自動販売機で飲み物を買ってリフレッシュ
15:15 当日出荷分の最終チェックと仕分けを全員で仕上げます
17:45 作業スペースの清掃
18:00 退勤。残業は月平均6.5時間以内に収まっています

◆ こんな商品を扱います
通販サイトで人気のアパレル商品、生活雑貨、コスメ、文房具が中心です。
・シャツやタオルを畳んで透明袋へ
・コスメ容器のひび割れを目視で確認
・文房具のセット品を指定の個数で袋詰め
・箱にラベルを貼って配送業者ごとの台車へ
作業台の高さも調整されていて、身体への負担を抑えて働けます。

◆ 教育・研修のこと
入社初日は安全衛生の講習とオリエンテーションから。いきなり一人で現場に立つことはありません。
2日目以降は専任の先輩が隣について、検品・梱包の手順を実際にやって見せながら教えますよ。
最初の1週間は「見る→一緒にやる→一人でやる」の順で担当を広げて、1週間後にはひと通りの作業を経験できます。
堺営業所の担当者も定期面談で様子を聞くので、職場に言いにくいことも相談してくださいね。

◆ 設備のポイント
・冷暖房完備の室内作業で、季節や天候に左右されません
・休憩室に電子レンジ・冷蔵庫・ポットがあって、フリーWi-Fiも使えます
・個人用の鍵付きロッカーを完備
・髪色・ネイル・服装は自由。清潔感があれば普段のスタイルのままで大丈夫

◆ 堺営業所ならではの一言
南海本線の堺駅・南海高野線の堺東駅が利用でき、難波から約10分の好立地です。
堺の中心市街地で、臨海部には工場や物流施設が集まる産業エリアです。
堺営業所は堺市堺区近郊の勤務先をいくつも担当しているので、「家から近い所がいい」といった希望も気軽に伝えてください。

「難しいことはできないけど、コツコツ続けるのは得意」という方、ぜひ堺営業所に会いに来てください。","【堺営業所からのアピールポイント】

✅ 資格・経験・学歴は問いません
必要なのは「丁寧に確認する姿勢」だけ。仕事のやり方は入社後にお伝えします。フォークリフトなどの資格を取りたくなったら、講習料や受験料を補助する制度もあります。

✅ 土日祝休み・年間休日125日
完全週休2日制でカレンダー通りに休めます。夏季・冬季休暇、GW、年末年始のまとまった休みもあって、予定を立てやすい働き方です。

✅ 黙々・コツコツ派にちょうどいい
ノルマはなく、接客もありません。「一人で集中して作業したい」「人間関係のストレスを減らしたい」という方に向いている環境です。

✅ 休憩室でしっかりリフレッシュ
昼休憩60分に加えて午後の小休憩があって、集中力を保ちやすいリズムです。休憩室にはポットやフリーWi-Fiもあります。

✅ 営業所が近いから、すぐ相談できる
堺営業所の担当者が入社後も定期的に面談します。職場では言いにくいことも、営業所でなら話しやすいはず。転勤もありません。

✅ 地元堺市堺区で長く働く
堺の中心市街地で、臨海部には工場や物流施設が集まる産業エリアです。南海本線の堺駅・南海高野線の堺東駅が利用でき、難波から約10分の好立地です。

「自分にもできそう」と思えたら、それがスタートの合図。堺営業所でお待ちしています。","例外事由3号のイにより、長期キャリア形成を図るため、
35歳以下を募集しております。","【勤務時間】
★9:00~18:00
└実働8時間/休憩1時間

定時ダッシュも問題ないです✧
✧ 土日祝休み
✧ 残業月平均:6.5時間以内
✧ 残業代100%支給","✧ 完全週休2日制(土日祝休み)
✧ 年間休日125日
「土日休みはマスト!」ってあなたにも
ぴったりの職場です!

【その他休暇】
✧ 有給休暇
✧ 夏季・冬季休暇
✧ GW休暇
✧ 年末年始休暇","大阪府堺市堺区熊野町東3-2-28 堺駅前ビル2F

周辺エリアに勤務地多数あり！
お気軽にご相談ください。",堺営業所,"月給:25万円~+交通費全額支給

※経験に応じて決定いたします。

# 昇給あり
# 賞与あり
# 残業代100%支給
# 交通費支給","・社会保険完備（雇用・労災・健康・厚生年金）
・時間外手当（残業が発生した場合は別途全額支給）
・退職金制度（当社規定による）
・定期健康診断
・有給休暇・夏季休暇・年末年始休暇
・産前産後休暇・育児休暇・介護休暇
・あんしん資格取得制度（フォークリフト・玉掛け・クレーン・溶接などの講習料・受験料補助）
・入社後研修（仕事の進め方・安全衛生・5S）・定期面談
・制服貸与（当社規定による）
・グループ団体保険への割引加入
・転勤なし","まずは「話を聞いてみる」だけで大丈夫です。

当社ではカジュアル面談を実施しています。
志望動機や自己PRの準備は不要。
「どんな職場？」「本当に未経験でもできる？」といった疑問に、担当者が率直にお答えします。

■ 応募から入社までの3STEP ■
▶ STEP1 WEB応募（1分）
▶ STEP2 カジュアル面談（1回のみ・1〜3日以内にご連絡）
▶ STEP3 採用・入社日のご相談

入社日は柔軟に調整できます。
「来月から」「今の仕事を辞めてから」など、ご都合をお聞かせください。",,即日勤務OK、交通費支給、残業なし,2,任意,生年月日、性別、電話番号,ntf-indeedapplicant-aaaatulx77tci2k2pr5yeqapva@shukatsu-labo.slack.com,,,利用しない,,
募集中,株式会社テクノ・サービス,未経験｜検品・梱包｜株式会社テクノ・サービス｜大阪営業所,倉庫作業スタッフ,20～30代活躍中◎残業少なめ｜大阪市北区エリアの物流センターで検品・梱包,,大阪府 大阪市 北区 角田町,,,正社員,はい,月給,250000,,最低額を表示,なし,,,,,,,固定時間制,160,,厚生年金、健康保険、雇用保険、労災保険,,なし,,,,,,,,,,,,,,,,,,"コツコツ作業が好きな方、集中して黙々と働きたい方に向いている検品・梱包のお仕事です。
勤務先は大阪営業所の周辺エリア（大阪市北区近郊）にある物流センター。1年中快適な温度の倉庫で、自分の作業台を担当します。
大阪営業所では入社後も定期的に面談をして、困りごとがあればすぐにフォローしますね。

◆ 1日の流れ（9:00〜18:00・休憩1時間）
09:00 朝礼。今日の出荷予定と担当作業を確認
09:15 検品スタート。商品の傷・汚れ・数量を納品書と照らし合わせます
12:00 昼休憩（60分）。休憩室で昼食。電子レンジや冷蔵庫も使えます
13:00 梱包スタート。袋詰め、緩衝材で包む、箱に納めるの繰り返し
15:00 小休憩（15分）。飲み物を片手にひと息
15:15 ラベル貼りと出荷先ごとの仕分け
17:45 作業台の片づけと翌日の資材準備
18:00 退勤。残業は月平均6.5時間以内で、定時で帰れる日が大半ですよ

◆ こんな商品を扱います
通販サイトで人気のアパレル商品、生活雑貨、コスメ、文房具が中心です。
・シャツやタオルを畳んで透明袋へ
・コスメ容器のひび割れを目視で確認
・文房具のセット品を指定の個数で袋詰め
・箱にラベルを貼って配送業者ごとの台車へ
作業台の高さも調整されていて、身体への負担を抑えて働けます。

◆ 未経験の方向け 1週間プログラム
・1日目：会社説明、安全衛生講習、作業場の見学
・2日目：先輩の隣で検品の実演を見学して、午後から一緒に作業
・3日目：梱包の袋詰め・箱詰めを先輩と一緒に担当
・4日目：シール貼りと仕分けを一人で担当。先輩は同じ作業台で見守ります
・5日目：検品から仕分けまでを通しで経験
覚えることは3ステップの繰り返し。資格や専門知識はいりません。

◆ 職場環境
・空調完備：冷暖房が効いた清潔な室内で、夏も冬も快適
・休憩室：電子レンジ・冷蔵庫・ポット・自動販売機あり。お弁当持参でもゆっくり過ごせます
・ロッカー：鍵付きの個人ロッカーで貴重品も安心
・服装：髪色・ネイルは自由。動きやすい服装で通勤して、現場のルールに沿って作業します

◆ 大阪営業所ならではの一言
JR大阪駅・阪急・阪神・地下鉄各線が集まる梅田エリアで、関西どこからでも通いやすい立地です。
関西最大のターミナルにあり、相談や面談にも立ち寄りやすい場所です。
大阪営業所は大阪市北区近郊の勤務先をいくつも担当しているので、「家から近い所がいい」といった希望も気軽に伝えてください。

地元の営業所が、あなたの「初めての正社員」をしっかり支えます。まずは気軽にご応募ください。","【大阪市北区近郊で働く魅力】

✅ マンツーマンで覚えられる
専任の先輩が隣について、実演しながら手順を説明します。最初はシール貼りやダンボールの組み立てから始めて、1週間でひと通りの流れを経験できます。

✅ 9:00〜18:00の固定時間制
毎日同じリズムで働けるので、生活のペースが安定します。土日祝がお休みなので、友人や家族との予定も合わせやすいですね。

✅ 重い荷物はほとんどなし
扱うのは衣類・コスメ・文房具・小型雑貨など軽い商品が中心。力仕事はほぼなくて、身体への負担を抑えて長く続けられます。

✅ 休憩室でしっかりリフレッシュ
昼休憩60分に加えて午後の小休憩があって、集中力を保ちやすいリズムです。休憩室にはポットやフリーWi-Fiもあります。

✅ 地域の職場をよく知っている
大阪営業所は大阪市北区近郊の勤務先をいくつも担当しています。「家から近い」「駅から歩ける」といった希望も、遠慮なく伝えてくださいね。

✅ 大阪市北区近郊で通いやすい
JR大阪駅・阪急・阪神・地下鉄各線が集まる梅田エリアで、関西どこからでも通いやすい立地です。関西最大のターミナルにあり、相談や面談にも立ち寄りやすい場所です。

まずはカジュアル面談で、職場の雰囲気や1日の流れをお伝えします。気軽にご応募ください。","例外事由3号のイにより、長期キャリア形成を図るため、
35歳以下を募集しております。","【勤務時間】
★9:00~18:00
└実働8時間/休憩1時間

定時ダッシュも問題ないです✧
✧ 土日祝休み
✧ 残業月平均:6.5時間以内
✧ 残業代100%支給","✧ 完全週休2日制(土日祝休み)
✧ 年間休日125日
「土日休みはマスト!」ってあなたにも
ぴったりの職場です!

【その他休暇】
✧ 有給休暇
✧ 夏季・冬季休暇
✧ GW休暇
✧ 年末年始休暇","大阪府大阪市北区角田町8-1 梅田阪急ビルオフィスタワー35F

周辺エリアに勤務地多数あり！
お気軽にご相談ください。",大阪営業所,"月給:25万円~+交通費全額支給

※経験に応じて決定いたします。

# 昇給あり
# 賞与あり
# 残業代100%支給
# 交通費支給","・社会保険完備（雇用・労災・健康・厚生年金）
・時間外手当（残業が発生した場合は別途全額支給）
・退職金制度（当社規定による）
・定期健康診断
・有給休暇・夏季休暇・年末年始休暇
・産前産後休暇・育児休暇・介護休暇
・あんしん資格取得制度（フォークリフト・玉掛け・クレーン・溶接などの講習料・受験料補助）
・入社後研修（仕事の進め方・安全衛生・5S）・定期面談
・制服貸与（当社規定による）
・グループ団体保険への割引加入
・転勤なし","【最短スケジュールのイメージ】

▶ STEP1 今日：WEBから1分で応募
▶ STEP2 1〜3日後：担当者からご連絡 → カジュアル面談の日程調整
▶ STEP3 面談当日：カジュアル面談（1回のみ）→ 採用のご連絡

面談では、職場の雰囲気・1日の流れ・通勤のことなど、
気になることを何でも聞いてください。

✧ 入社日はご相談いただけます ✧
「すぐ働きたい」「少し先がいい」どちらのご希望にも対応します。",,即日勤務OK、交通費支給、残業なし,2,任意,生年月日、性別、電話番号,ntf-indeedapplicant-aaaatulx77tci2k2pr5yeqapva@shukatsu-labo.slack.com,,,利用しない,,
募集中,株式会社テクノ・サービス,未経験｜検品・梱包｜株式会社テクノ・サービス｜豊田営業所,倉庫作業スタッフ,20～30代活躍中◎豊田市｜入社後研修と定期面談でしっかりフォロー,,愛知県 豊田市 西町,,,正社員,はい,月給,250000,,最低額を表示,なし,,,,,,,固定時間制,160,,厚生年金、健康保険、雇用保険、労災保険,,なし,,,,,,,,,,,,,,,,,,"豊田営業所の周辺エリア（豊田市近郊）にある物流センターで、検品・梱包を担当する正社員スタッフを募集しますよ。
扱うのは通販のアパレル商品や雑貨、コスメなど軽いものばかり。空調の効いたきれいな倉庫で、商品をチェックして箱に詰めるシンプルな作業です。
豊田営業所が近くにあるので、困ったときはすぐに顔を合わせて相談できます。

◆ 入社後はこんな1日
09:00 朝礼。体調チェックと当日の出荷量を共有
09:15 午前は検品。外観を目視で確認して、気になる商品は別置きにしてリーダーへ
12:00 昼休憩（60分）
13:00 午後は梱包。袋詰め→箱詰め→テープ留めの3工程を繰り返します
15:00 小休憩（15分）。自動販売機で飲み物を買ってリフレッシュ
15:15 当日出荷分の最終チェックと仕分けを全員で仕上げます
17:45 作業スペースの清掃
18:00 退勤。残業は月平均6.5時間以内に収まっています

◆ お仕事の中身
・検品：商品の外観チェック（傷・汚れ・へこみ）と数量・品番の照合
・スキャン：バーコードリーダーで「ピッ」と読み取ってデータと突き合わせ
・梱包：袋詰め、緩衝材包装、ダンボールの組み立てと箱詰め、テープ留め
・仕上げ：ラベル貼りと配送地域別の仕分け
扱うのはアパレル、コスメ、文房具、小型雑貨など。繰り返すうちに手が覚えていく作業です。

◆ 入社後1週間の流れ
1日目：豊田営業所でオリエンテーション。仕事の進め方、安全衛生、5Sの基本を説明します
2〜3日目：先輩スタッフがマンツーマンで隣について、検品の見方と梱包の手順を実演しながら教えます
4〜5日目：シール貼りやダンボールの組み立てから一人で担当。分からないことはその場で聞けます
1週間後：検品〜仕分けまでの流れをひと通り経験して、自分のペースで進められるように
「早ければ半日、遅くとも2〜3日で一人立ち」が現場の目安。慣れるまでは焦らず一緒にやりましょう。

◆ 設備のポイント
・冷暖房完備の室内作業で、季節や天候に左右されません
・休憩室に電子レンジ・冷蔵庫・ポットがあって、フリーWi-Fiも使えます
・個人用の鍵付きロッカーを完備
・髪色・ネイル・服装は自由。清潔感があれば普段のスタイルのままで大丈夫

◆ 愛知県豊田市で働くということ
自動車産業の中心地で、関連部品や資材を扱う物流の現場が数多くある街です。
名鉄三河線・豊田線の豊田市駅と愛知環状鉄道の新豊田駅が最寄りで、東名の豊田ICも近い立地です。
豊田営業所のスタッフは地元の職場をよく知っています。通勤のしやすさや職場の雰囲気など、気になることは何でも聞いてくださいね。

地元の営業所が、あなたの「初めての正社員」をしっかり支えます。まずは気軽にご応募ください。","【豊田営業所からのアピールポイント】

✅ マンツーマンで覚えられる
専任の先輩が隣について、実演しながら手順を説明します。最初はシール貼りやダンボールの組み立てから始めて、1週間でひと通りの流れを経験できます。

✅ 残業は月平均6.5時間以内
定時で帰れる日がほとんど。仕事の後に予定を入れたり、家でゆっくりしたり、自分の時間をきちんと確保できますよ。

✅ 重い荷物はほとんどなし
扱うのは衣類・コスメ・文房具・小型雑貨など軽い商品が中心。力仕事はほぼなくて、身体への負担を抑えて長く続けられます。

✅ 休憩室でしっかりリフレッシュ
昼休憩60分に加えて午後の小休憩があって、集中力を保ちやすいリズムです。休憩室にはポットやフリーWi-Fiもあります。

✅ 正社員としての安定
正社員雇用に加えて、社会保険完備、退職金制度（規定あり）、資格取得支援制度があります。「地元で腰を据えて働きたい」という希望に応えられる環境です。

✅ 豊田市近郊で通いやすい
名鉄三河線・豊田線の豊田市駅と愛知環状鉄道の新豊田駅が最寄りで、東名の豊田ICも近い立地です。自動車産業の中心地で、関連部品や資材を扱う物流の現場が数多くある街です。

「自分にもできそう」と思えたら、それがスタートの合図。豊田営業所でお待ちしています。","例外事由3号のイにより、長期キャリア形成を図るため、
35歳以下を募集しております。","【勤務時間】
★9:00~18:00
└実働8時間/休憩1時間

定時ダッシュも問題ないです✧
✧ 土日祝休み
✧ 残業月平均:6.5時間以内
✧ 残業代100%支給","✧ 完全週休2日制(土日祝休み)
✧ 年間休日125日
「土日休みはマスト!」ってあなたにも
ぴったりの職場です!

【その他休暇】
✧ 有給休暇
✧ 夏季・冬季休暇
✧ GW休暇
✧ 年末年始休暇","愛知県豊田市西町1-200 豊田参合館2F

周辺エリアに勤務地多数あり！
お気軽にご相談ください。",豊田営業所,"月給:25万円~+交通費全額支給

※経験に応じて決定いたします。

# 昇給あり
# 賞与あり
# 残業代100%支給
# 交通費支給","・社会保険完備（雇用・労災・健康・厚生年金）
・時間外手当（残業が発生した場合は別途全額支給）
・退職金制度（当社規定による）
・定期健康診断
・有給休暇・夏季休暇・年末年始休暇
・産前産後休暇・育児休暇・介護休暇
・あんしん資格取得制度（フォークリフト・玉掛け・クレーン・溶接などの講習料・受験料補助）
・入社後研修（仕事の進め方・安全衛生・5S）・定期面談
・制服貸与（当社規定による）
・グループ団体保険への割引加入
・転勤なし","■ 選考について ■
・カジュアル面談：1回のみ（服装自由・履歴書任意）
・応募から面談まで：WEB応募後、1〜3日以内にご連絡
・入社日：ご相談のうえ決定

■ 応募からの流れ ■
▶ STEP1 WEBから1分で応募
▶ STEP2 カジュアル面談（1回のみ）
▶ STEP3 採用

「まずは話だけ聞いてみたい」という方も、そのままご応募ください。
面談で無理に応募を勧めることはありません。",,即日勤務OK、交通費支給、残業なし,2,任意,生年月日、性別、電話番号,ntf-indeedapplicant-aaaatulx77tci2k2pr5yeqapva@shukatsu-labo.slack.com,,,利用しない,,
募集中,株式会社テクノ・サービス,未経験｜検品・梱包｜株式会社テクノ・サービス｜岡崎営業所,倉庫作業スタッフ,20～30代活躍中◎土日祝休み｜岡崎市近郊で検品・梱包の正社員,,愛知県 岡崎市 明大寺本町,,,正社員,はい,月給,250000,,最低額を表示,なし,,,,,,,固定時間制,160,,厚生年金、健康保険、雇用保険、労災保険,,なし,,,,,,,,,,,,,,,,,,"「地元で、無理なく、正社員として働きたい」そんな方にちょうどいいお仕事です。
勤務先は岡崎営業所の周辺エリア（岡崎市近郊）にある物流センター。届いた商品に不備がないか確認して、丁寧に梱包して出荷準備をするのが仕事です。
冷暖房完備の室内で、重い荷物を運ぶことはほとんどありません。

◆ 1日の流れ（9:00〜18:00・休憩1時間）
09:00 朝礼。今日の出荷予定と担当作業を確認
09:15 検品スタート。商品の傷・汚れ・数量を納品書と照らし合わせます
12:00 昼休憩（60分）。休憩室で昼食。電子レンジや冷蔵庫も使えます
13:00 梱包スタート。袋詰め、緩衝材で包む、箱に納めるの繰り返し
15:00 小休憩（15分）。飲み物を片手にひと息
15:15 ラベル貼りと出荷先ごとの仕分け
17:45 作業台の片づけと翌日の資材準備
18:00 退勤。残業は月平均6.5時間以内で、定時で帰れる日が大半ですよ

◆ お仕事の中身
・検品：商品の外観チェック（傷・汚れ・へこみ）と数量・品番の照合
・スキャン：バーコードリーダーで「ピッ」と読み取ってデータと突き合わせ
・梱包：袋詰め、緩衝材包装、ダンボールの組み立てと箱詰め、テープ留め
・仕上げ：ラベル貼りと配送地域別の仕分け
扱うのはアパレル、コスメ、文房具、小型雑貨など。繰り返すうちに手が覚えていく作業です。

◆ 教育・研修のこと
入社初日は安全衛生の講習とオリエンテーションから。いきなり一人で現場に立つことはありません。
2日目以降は専任の先輩が隣について、検品・梱包の手順を実際にやって見せながら教えますよ。
最初の1週間は「見る→一緒にやる→一人でやる」の順で担当を広げて、1週間後にはひと通りの作業を経験できます。
岡崎営業所の担当者も定期面談で様子を聞くので、職場に言いにくいことも相談してくださいね。

◆ 職場環境
・空調完備：冷暖房が効いた清潔な室内で、夏も冬も快適
・休憩室：電子レンジ・冷蔵庫・ポット・自動販売機あり。お弁当持参でもゆっくり過ごせます
・ロッカー：鍵付きの個人ロッカーで貴重品も安心
・服装：髪色・ネイルは自由。動きやすい服装で通勤して、現場のルールに沿って作業します

◆ 愛知県岡崎市で働くということ
西三河の中心都市で、自動車関連の製造業や物流拠点が数多く集まっています。
名鉄名古屋本線の東岡崎駅・JR東海道線の岡崎駅が利用でき、東名の岡崎ICも近い立地です。
岡崎営業所のスタッフは地元の職場をよく知っています。通勤のしやすさや職場の雰囲気など、気になることは何でも聞いてくださいね。

「難しいことはできないけど、コツコツ続けるのは得意」という方、ぜひ岡崎営業所に会いに来てください。","【岡崎市近郊で働く魅力】

✅ 先輩の9割以上が未経験スタート
「商品を手に取る」「傷がないか見る」「箱に入れる」の3ステップが基本。専門用語も複雑な機械操作もなく、初日は安全衛生の講習から始まるので安心ですよ。

✅ 土日祝休み・年間休日125日
完全週休2日制でカレンダー通りに休めます。夏季・冬季休暇、GW、年末年始のまとまった休みもあって、予定を立てやすい働き方です。

✅ 重い荷物はほとんどなし
扱うのは衣類・コスメ・文房具・小型雑貨など軽い商品が中心。力仕事はほぼなくて、身体への負担を抑えて長く続けられます。

✅ 休憩室でしっかりリフレッシュ
昼休憩60分に加えて午後の小休憩があって、集中力を保ちやすいリズムです。休憩室にはポットやフリーWi-Fiもあります。

✅ 営業所が近いから、すぐ相談できる
岡崎営業所の担当者が入社後も定期的に面談します。職場では言いにくいことも、営業所でなら話しやすいはず。転勤もありません。

✅ 岡崎市近郊で通いやすい
名鉄名古屋本線の東岡崎駅・JR東海道線の岡崎駅が利用でき、東名の岡崎ICも近い立地です。西三河の中心都市で、自動車関連の製造業や物流拠点が数多く集まっています。

まずはカジュアル面談で、職場の雰囲気や1日の流れをお伝えします。気軽にご応募ください。","例外事由3号のイにより、長期キャリア形成を図るため、
35歳以下を募集しております。","【勤務時間】
★9:00~18:00
└実働8時間/休憩1時間

定時ダッシュも問題ないです✧
✧ 土日祝休み
✧ 残業月平均:6.5時間以内
✧ 残業代100%支給","✧ 完全週休2日制(土日祝休み)
✧ 年間休日125日
「土日休みはマスト!」ってあなたにも
ぴったりの職場です!

【その他休暇】
✧ 有給休暇
✧ 夏季・冬季休暇
✧ GW休暇
✧ 年末年始休暇","愛知県岡崎市明大寺本町1-34 岡崎ビル5F

周辺エリアに勤務地多数あり！
お気軽にご相談ください。",岡崎営業所,"月給:25万円~+交通費全額支給

※経験に応じて決定いたします。

# 昇給あり
# 賞与あり
# 残業代100%支給
# 交通費支給","・社会保険完備（雇用・労災・健康・厚生年金）
・時間外手当（残業が発生した場合は別途全額支給）
・退職金制度（当社規定による）
・定期健康診断
・有給休暇・夏季休暇・年末年始休暇
・産前産後休暇・育児休暇・介護休暇
・あんしん資格取得制度（フォークリフト・玉掛け・クレーン・溶接などの講習料・受験料補助）
・入社後研修（仕事の進め方・安全衛生・5S）・定期面談
・制服貸与（当社規定による）
・グループ団体保険への割引加入
・転勤なし","✧ カジュアル面談実施中です ✧

応募に必要なのは人柄だけ。
まずはあなたのご希望を聞かせてください。

■ 応募からの流れ ■
▶ STEP1 WEBから1分で簡単応募
1〜3日以内に担当者からご連絡します。
▶ STEP2 カジュアル面談（1回のみ）
職場の雰囲気や1日の流れをお伝えし、ご希望を伺います。
▶ STEP3 採用

※入社日はご相談いただけます◎
在職中の方も、お気軽にご相談ください。",,即日勤務OK、交通費支給、残業なし,2,任意,生年月日、性別、電話番号,ntf-indeedapplicant-aaaatulx77tci2k2pr5yeqapva@shukatsu-labo.slack.com,,,利用しない,,
募集中,株式会社テクノ・サービス,未経験｜検品・梱包｜株式会社テクノ・サービス｜名古屋営業所,倉庫作業スタッフ,20～30代活躍中◎名古屋市中村区｜年間休日125日・完全週休2日の検品・梱包,,愛知県 名古屋市 中村区 名駅,,,正社員,はい,月給,250000,,最低額を表示,なし,,,,,,,固定時間制,160,,厚生年金、健康保険、雇用保険、労災保険,,なし,,,,,,,,,,,,,,,,,,"愛知県名古屋市中村区近郊で、検品・梱包スタッフ（正社員）を募集しています。
勤務先は名古屋営業所の周辺エリア（名古屋市中村区近郊）にある物流センター。衣類・コスメ・文房具などの軽い商品を、目で確認して、数を合わせて、袋や箱に納めていきます。
「難しいことは苦手」という方でも、3日ほどで流れがつかめますよ。

◆ ある日のスケジュール
09:00 出勤・朝礼。リーダーから連絡事項の共有
09:10 ハンディ端末でバーコードを読み取り、品番と個数を照合
10:30 小休憩（10分）
12:00 昼休憩（60分）。お弁当派も、近くで買ってくる派もいます
13:00 午後は梱包。ダンボールを組み立て、商品が動かないように納めます
15:00 小休憩（15分）
15:15 出荷準備。伝票シールを貼って配送業者ごとにコンテナへ
17:45 清掃と日報の記入
18:00 定時退勤。土日祝休みなので、明日の予定も立てやすいですね

◆ 扱う商品・作業の具体例
・衣類・タオル：ほつれや汚れがないか確認して、透明袋に入れます
・コスメ・ガラス小物：割れないように緩衝材で包んでから箱へ
・文房具・生活雑貨：品番と個数を納品書と照合して、まとめて袋詰め
・出荷箱：伝票シールと「割れ物注意」などの注意シールを所定の位置に貼ります
どれも片手〜両手で持てるサイズで、重い物を持ち上げることはありません。

◆ 未経験の方向け 1週間プログラム
・1日目：会社説明、安全衛生講習、作業場の見学
・2日目：先輩の隣で検品の実演を見学して、午後から一緒に作業
・3日目：梱包の袋詰め・箱詰めを先輩と一緒に担当
・4日目：シール貼りと仕分けを一人で担当。先輩は同じ作業台で見守ります
・5日目：検品から仕分けまでを通しで経験
覚えることは3ステップの繰り返し。資格や専門知識はいりません。

◆ 働く環境
作業場は1年中空調が効いていて、「夏は暑くて汗だく」「冬は手がかじかむ」という心配がありません。
休憩室は広くて、電子レンジや冷蔵庫、自動販売機が揃っています。
鍵付きロッカーがあるので、貴重品の管理も安心ですよ。
服装や髪色は自由で、自分らしいスタイルのまま通勤できます。

◆ 名古屋営業所ならではの一言
JR・名鉄・近鉄・地下鉄が集まる名古屋駅から徒歩圏で、県内外どこからでも通いやすい立地です。
中部エリア最大のターミナルにあり、相談や面談にも立ち寄りやすい場所です。
名古屋営業所は名古屋市中村区近郊の勤務先をいくつも担当しているので、「家から近い所がいい」といった希望も気軽に伝えてください。

地元の営業所が、あなたの「初めての正社員」をしっかり支えます。まずは気軽にご応募ください。","【名古屋営業所からのアピールポイント】

✅ 先輩の9割以上が未経験スタート
「商品を手に取る」「傷がないか見る」「箱に入れる」の3ステップが基本。専門用語も複雑な機械操作もなく、初日は安全衛生の講習から始まるので安心ですよ。

✅ 9:00〜18:00の固定時間制
毎日同じリズムで働けるので、生活のペースが安定します。土日祝がお休みなので、友人や家族との予定も合わせやすいですね。

✅ 黙々・コツコツ派にちょうどいい
ノルマはなく、接客もありません。「一人で集中して作業したい」「人間関係のストレスを減らしたい」という方に向いている環境です。

✅ 髪色・ネイル・服装は自由
清潔感があれば普段のスタイルのままで大丈夫。動きやすい服装で通勤して、現場のルールに沿って作業します。

✅ 地域の職場をよく知っている
名古屋営業所は名古屋市中村区近郊の勤務先をいくつも担当しています。「家から近い」「駅から歩ける」といった希望も、遠慮なく伝えてくださいね。

✅ 地元名古屋市中村区で長く働く
中部エリア最大のターミナルにあり、相談や面談にも立ち寄りやすい場所です。JR・名鉄・近鉄・地下鉄が集まる名古屋駅から徒歩圏で、県内外どこからでも通いやすい立地です。

まずはカジュアル面談で、職場の雰囲気や1日の流れをお伝えします。気軽にご応募ください。","例外事由3号のイにより、長期キャリア形成を図るため、
35歳以下を募集しております。","【勤務時間】
★9:00~18:00
└実働8時間/休憩1時間

定時ダッシュも問題ないです✧
✧ 土日祝休み
✧ 残業月平均:6.5時間以内
✧ 残業代100%支給","✧ 完全週休2日制(土日祝休み)
✧ 年間休日125日
「土日休みはマスト!」ってあなたにも
ぴったりの職場です!

【その他休暇】
✧ 有給休暇
✧ 夏季・冬季休暇
✧ GW休暇
✧ 年末年始休暇","愛知県名古屋市中村区名駅4-24-16 広小路ガーデンアベニュー3F

周辺エリアに勤務地多数あり！
お気軽にご相談ください。",名古屋営業所,"月給:25万円~+交通費全額支給

※経験に応じて決定いたします。

# 昇給あり
# 賞与あり
# 残業代100%支給
# 交通費支給","・社会保険完備（雇用・労災・健康・厚生年金）
・時間外手当（残業が発生した場合は別途全額支給）
・退職金制度（当社規定による）
・定期健康診断
・有給休暇・夏季休暇・年末年始休暇
・産前産後休暇・育児休暇・介護休暇
・あんしん資格取得制度（フォークリフト・玉掛け・クレーン・溶接などの講習料・受験料補助）
・入社後研修（仕事の進め方・安全衛生・5S）・定期面談
・制服貸与（当社規定による）
・グループ団体保険への割引加入
・転勤なし","【応募前の「気になる」にお答えします】

Q. 面接は堅苦しいですか？
A. いいえ。カジュアル面談を1回行うだけです。服装も自由、履歴書も任意です。

Q. 応募してからどのくらいで決まりますか？
A. 3ステップで進みます。
▶ STEP1 WEBから応募（1分）→ 1〜3日以内にご連絡
▶ STEP2 カジュアル面談（1回のみ）
▶ STEP3 採用

Q. すぐには入社できないのですが…
A. 入社日はご相談いただけます。今のお仕事の引き継ぎ期間なども考慮します。",,即日勤務OK、交通費支給、残業なし,2,任意,生年月日、性別、電話番号,ntf-indeedapplicant-aaaatulx77tci2k2pr5yeqapva@shukatsu-labo.slack.com,,,利用しない,,
募集中,株式会社テクノ・サービス,未経験｜検品・梱包｜株式会社テクノ・サービス｜藤沢営業所,倉庫作業スタッフ,20～30代活躍中◎地域密着｜藤沢市エリアで検品・梱包を一から,,神奈川県 藤沢市 藤沢,,,正社員,はい,月給,250000,,最低額を表示,なし,,,,,,,固定時間制,160,,厚生年金、健康保険、雇用保険、労災保険,,なし,,,,,,,,,,,,,,,,,,"コツコツ作業が好きな方、集中して黙々と働きたい方に向いている検品・梱包のお仕事です。
勤務先は藤沢営業所の周辺エリア（藤沢市近郊）にある物流センター。1年中快適な温度の倉庫で、自分の作業台を担当します。
藤沢営業所では入社後も定期的に面談をして、困りごとがあればすぐにフォローしますね。

◆ 入社後はこんな1日
09:00 朝礼。体調チェックと当日の出荷量を共有
09:15 午前は検品。外観を目視で確認して、気になる商品は別置きにしてリーダーへ
12:00 昼休憩（60分）
13:00 午後は梱包。袋詰め→箱詰め→テープ留めの3工程を繰り返します
15:00 小休憩（15分）。自動販売機で飲み物を買ってリフレッシュ
15:15 当日出荷分の最終チェックと仕分けを全員で仕上げます
17:45 作業スペースの清掃
18:00 退勤。残業は月平均6.5時間以内に収まっています

◆ 作業は3ステップだけ
1. 検品：商品を手に取って、傷・汚れ・数量を確認。迷ったら「保留」箱に入れてリーダーに聞くだけ
2. 梱包：商品に合わせて袋・緩衝材・箱を選んで、動かないように納めてテープで封をします
3. 仕分け：伝票シールを貼って、配送地域ごとのコンテナへ
衣類・雑貨・コスメ・文房具などの軽い商品が中心で、フォークリフトなどの機械操作はありません。

◆ 未経験の方向け 1週間プログラム
・1日目：会社説明、安全衛生講習、作業場の見学
・2日目：先輩の隣で検品の実演を見学して、午後から一緒に作業
・3日目：梱包の袋詰め・箱詰めを先輩と一緒に担当
・4日目：シール貼りと仕分けを一人で担当。先輩は同じ作業台で見守ります
・5日目：検品から仕分けまでを通しで経験
覚えることは3ステップの繰り返し。資格や専門知識はいりません。

◆ 設備のポイント
・冷暖房完備の室内作業で、季節や天候に左右されません
・休憩室に電子レンジ・冷蔵庫・ポットがあって、フリーWi-Fiも使えます
・個人用の鍵付きロッカーを完備
・髪色・ネイル・服装は自由。清潔感があれば普段のスタイルのままで大丈夫

◆ 神奈川県藤沢市で働くということ
海が近い湘南の街で、休日はゆったり過ごしたい方にも人気のエリアです。
JR東海道線・小田急江ノ島線・江ノ電が使える藤沢駅が最寄りで、湘南エリアの交通の中心です。
藤沢営業所のスタッフは地元の職場をよく知っています。通勤のしやすさや職場の雰囲気など、気になることは何でも聞いてくださいね。

地元の営業所が、あなたの「初めての正社員」をしっかり支えます。まずは気軽にご応募ください。","【藤沢市近郊で働く魅力】

✅ 資格・経験・学歴は問いません
必要なのは「丁寧に確認する姿勢」だけ。仕事のやり方は入社後にお伝えします。フォークリフトなどの資格を取りたくなったら、講習料や受験料を補助する制度もあります。

✅ 土日祝休み・年間休日125日
完全週休2日制でカレンダー通りに休めます。夏季・冬季休暇、GW、年末年始のまとまった休みもあって、予定を立てやすい働き方です。

✅ 黙々・コツコツ派にちょうどいい
ノルマはなく、接客もありません。「一人で集中して作業したい」「人間関係のストレスを減らしたい」という方に向いている環境です。

✅ 髪色・ネイル・服装は自由
清潔感があれば普段のスタイルのままで大丈夫。動きやすい服装で通勤して、現場のルールに沿って作業します。

✅ 正社員としての安定
正社員雇用に加えて、社会保険完備、退職金制度（規定あり）、資格取得支援制度があります。「地元で腰を据えて働きたい」という希望に応えられる環境です。

✅ 地元藤沢市で長く働く
海が近い湘南の街で、休日はゆったり過ごしたい方にも人気のエリアです。JR東海道線・小田急江ノ島線・江ノ電が使える藤沢駅が最寄りで、湘南エリアの交通の中心です。

「自分にもできそう」と思えたら、それがスタートの合図。藤沢営業所でお待ちしています。","例外事由3号のイにより、長期キャリア形成を図るため、
35歳以下を募集しております。","【勤務時間】
★9:00~18:00
└実働8時間/休憩1時間

定時ダッシュも問題ないです✧
✧ 土日祝休み
✧ 残業月平均:6.5時間以内
✧ 残業代100%支給","✧ 完全週休2日制(土日祝休み)
✧ 年間休日125日
「土日休みはマスト!」ってあなたにも
ぴったりの職場です!

【その他休暇】
✧ 有給休暇
✧ 夏季・冬季休暇
✧ GW休暇
✧ 年末年始休暇","神奈川県藤沢市藤沢438-1 藤沢30ビル4F

周辺エリアに勤務地多数あり！
お気軽にご相談ください。",藤沢営業所,"月給:25万円~+交通費全額支給

※経験に応じて決定いたします。

# 昇給あり
# 賞与あり
# 残業代100%支給
# 交通費支給","・社会保険完備（雇用・労災・健康・厚生年金）
・時間外手当（残業が発生した場合は別途全額支給）
・退職金制度（当社規定による）
・定期健康診断
・有給休暇・夏季休暇・年末年始休暇
・産前産後休暇・育児休暇・介護休暇
・あんしん資格取得制度（フォークリフト・玉掛け・クレーン・溶接などの講習料・受験料補助）
・入社後研修（仕事の進め方・安全衛生・5S）・定期面談
・制服貸与（当社規定による）
・グループ団体保険への割引加入
・転勤なし","まずは「話を聞いてみる」だけで大丈夫です。

当社ではカジュアル面談を実施しています。
志望動機や自己PRの準備は不要。
「どんな職場？」「本当に未経験でもできる？」といった疑問に、担当者が率直にお答えします。

■ 応募から入社までの3STEP ■
▶ STEP1 WEB応募（1分）
▶ STEP2 カジュアル面談（1回のみ・1〜3日以内にご連絡）
▶ STEP3 採用・入社日のご相談

入社日は柔軟に調整できます。
「来月から」「今の仕事を辞めてから」など、ご都合をお聞かせください。",,即日勤務OK、交通費支給、残業なし,2,任意,生年月日、性別、電話番号,ntf-indeedapplicant-aaaatulx77tci2k2pr5yeqapva@shukatsu-labo.slack.com,,,利用しない,,
募集中,株式会社テクノ・サービス,未経験｜検品・梱包｜株式会社テクノ・サービス｜厚木営業所,倉庫作業スタッフ,20～30代活躍中◎厚木市｜空調完備の室内でコツコツ作業,,神奈川県 厚木市 中町,,,正社員,はい,月給,250000,,最低額を表示,なし,,,,,,,固定時間制,160,,厚生年金、健康保険、雇用保険、労災保険,,なし,,,,,,,,,,,,,,,,,,"厚木営業所の周辺エリア（厚木市近郊）にある物流センターで、検品・梱包を担当する正社員スタッフを募集しますよ。
扱うのは通販のアパレル商品や雑貨、コスメなど軽いものばかり。空調の効いたきれいな倉庫で、商品をチェックして箱に詰めるシンプルな作業です。
厚木営業所が近くにあるので、困ったときはすぐに顔を合わせて相談できます。

◆ ある日のスケジュール
09:00 出勤・朝礼。リーダーから連絡事項の共有
09:10 ハンディ端末でバーコードを読み取り、品番と個数を照合
10:30 小休憩（10分）
12:00 昼休憩（60分）。お弁当派も、近くで買ってくる派もいます
13:00 午後は梱包。ダンボールを組み立て、商品が動かないように納めます
15:00 小休憩（15分）
15:15 出荷準備。伝票シールを貼って配送業者ごとにコンテナへ
17:45 清掃と日報の記入
18:00 定時退勤。土日祝休みなので、明日の予定も立てやすいですね

◆ 作業は3ステップだけ
1. 検品：商品を手に取って、傷・汚れ・数量を確認。迷ったら「保留」箱に入れてリーダーに聞くだけ
2. 梱包：商品に合わせて袋・緩衝材・箱を選んで、動かないように納めてテープで封をします
3. 仕分け：伝票シールを貼って、配送地域ごとのコンテナへ
衣類・雑貨・コスメ・文房具などの軽い商品が中心で、フォークリフトなどの機械操作はありません。

◆ 入社後1週間の流れ
1日目：厚木営業所でオリエンテーション。仕事の進め方、安全衛生、5Sの基本を説明します
2〜3日目：先輩スタッフがマンツーマンで隣について、検品の見方と梱包の手順を実演しながら教えます
4〜5日目：シール貼りやダンボールの組み立てから一人で担当。分からないことはその場で聞けます
1週間後：検品〜仕分けまでの流れをひと通り経験して、自分のペースで進められるように
「早ければ半日、遅くとも2〜3日で一人立ち」が現場の目安。慣れるまでは焦らず一緒にやりましょう。

◆ 働く環境
作業場は1年中空調が効いていて、「夏は暑くて汗だく」「冬は手がかじかむ」という心配がありません。
休憩室は広くて、電子レンジや冷蔵庫、自動販売機が揃っています。
鍵付きロッカーがあるので、貴重品の管理も安心ですよ。
服装や髪色は自由で、自分らしいスタイルのまま通勤できます。

◆ 神奈川県厚木市で働くということ
県央エリアの物流拠点が集まる街で、大型の配送センターが数多く立地しています。
小田急線の本厚木駅が最寄りで、東名高速・圏央道のICも近く車通勤にも向いています。
厚木営業所のスタッフは地元の職場をよく知っています。通勤のしやすさや職場の雰囲気など、気になることは何でも聞いてくださいね。

「難しいことはできないけど、コツコツ続けるのは得意」という方、ぜひ厚木営業所に会いに来てください。","【厚木営業所からのアピールポイント】

✅ 資格・経験・学歴は問いません
必要なのは「丁寧に確認する姿勢」だけ。仕事のやり方は入社後にお伝えします。フォークリフトなどの資格を取りたくなったら、講習料や受験料を補助する制度もあります。

✅ 9:00〜18:00の固定時間制
毎日同じリズムで働けるので、生活のペースが安定します。土日祝がお休みなので、友人や家族との予定も合わせやすいですね。

✅ 重い荷物はほとんどなし
扱うのは衣類・コスメ・文房具・小型雑貨など軽い商品が中心。力仕事はほぼなくて、身体への負担を抑えて長く続けられます。

✅ 髪色・ネイル・服装は自由
清潔感があれば普段のスタイルのままで大丈夫。動きやすい服装で通勤して、現場のルールに沿って作業します。

✅ 営業所が近いから、すぐ相談できる
厚木営業所の担当者が入社後も定期的に面談します。職場では言いにくいことも、営業所でなら話しやすいはず。転勤もありません。

✅ 地元厚木市で長く働く
県央エリアの物流拠点が集まる街で、大型の配送センターが数多く立地しています。小田急線の本厚木駅が最寄りで、東名高速・圏央道のICも近く車通勤にも向いています。

まずはカジュアル面談で、職場の雰囲気や1日の流れをお伝えします。気軽にご応募ください。","例外事由3号のイにより、長期キャリア形成を図るため、
35歳以下を募集しております。","【勤務時間】
★9:00~18:00
└実働8時間/休憩1時間

定時ダッシュも問題ないです✧
✧ 土日祝休み
✧ 残業月平均:6.5時間以内
✧ 残業代100%支給","✧ 完全週休2日制(土日祝休み)
✧ 年間休日125日
「土日休みはマスト!」ってあなたにも
ぴったりの職場です!

【その他休暇】
✧ 有給休暇
✧ 夏季・冬季休暇
✧ GW休暇
✧ 年末年始休暇","神奈川県厚木市中町2-6-10 日本生命厚木ビル4F

周辺エリアに勤務地多数あり！
お気軽にご相談ください。",厚木営業所,"月給:25万円~+交通費全額支給

※経験に応じて決定いたします。

# 昇給あり
# 賞与あり
# 残業代100%支給
# 交通費支給","・社会保険完備（雇用・労災・健康・厚生年金）
・時間外手当（残業が発生した場合は別途全額支給）
・退職金制度（当社規定による）
・定期健康診断
・有給休暇・夏季休暇・年末年始休暇
・産前産後休暇・育児休暇・介護休暇
・あんしん資格取得制度（フォークリフト・玉掛け・クレーン・溶接などの講習料・受験料補助）
・入社後研修（仕事の進め方・安全衛生・5S）・定期面談
・制服貸与（当社規定による）
・グループ団体保険への割引加入
・転勤なし","【最短スケジュールのイメージ】

▶ STEP1 今日：WEBから1分で応募
▶ STEP2 1〜3日後：担当者からご連絡 → カジュアル面談の日程調整
▶ STEP3 面談当日：カジュアル面談（1回のみ）→ 採用のご連絡

面談では、職場の雰囲気・1日の流れ・通勤のことなど、
気になることを何でも聞いてください。

✧ 入社日はご相談いただけます ✧
「すぐ働きたい」「少し先がいい」どちらのご希望にも対応します。",,即日勤務OK、交通費支給、残業なし,2,任意,生年月日、性別、電話番号,ntf-indeedapplicant-aaaatulx77tci2k2pr5yeqapva@shukatsu-labo.slack.com,,,利用しない,,
募集中,株式会社テクノ・サービス,未経験｜検品・梱包｜株式会社テクノ・サービス｜横浜営業所,倉庫作業スタッフ,20～30代活躍中◎定時で帰れる｜横浜市鶴見区近郊の検品・梱包スタッフ,,神奈川県 横浜市 鶴見区 豊岡町,,,正社員,はい,月給,250000,,最低額を表示,なし,,,,,,,固定時間制,160,,厚生年金、健康保険、雇用保険、労災保険,,なし,,,,,,,,,,,,,,,,,,"「地元で、無理なく、正社員として働きたい」そんな方にちょうどいいお仕事です。
勤務先は横浜営業所の周辺エリア（横浜市鶴見区近郊）にある物流センター。届いた商品に不備がないか確認して、丁寧に梱包して出荷準備をするのが仕事です。
冷暖房完備の室内で、重い荷物を運ぶことはほとんどありません。

◆ 入社後はこんな1日
09:00 朝礼。体調チェックと当日の出荷量を共有
09:15 午前は検品。外観を目視で確認して、気になる商品は別置きにしてリーダーへ
12:00 昼休憩（60分）
13:00 午後は梱包。袋詰め→箱詰め→テープ留めの3工程を繰り返します
15:00 小休憩（15分）。自動販売機で飲み物を買ってリフレッシュ
15:15 当日出荷分の最終チェックと仕分けを全員で仕上げます
17:45 作業スペースの清掃
18:00 退勤。残業は月平均6.5時間以内に収まっています

◆ こんな商品を扱います
通販サイトで人気のアパレル商品、生活雑貨、コスメ、文房具が中心です。
・シャツやタオルを畳んで透明袋へ
・コスメ容器のひび割れを目視で確認
・文房具のセット品を指定の個数で袋詰め
・箱にラベルを貼って配送業者ごとの台車へ
作業台の高さも調整されていて、身体への負担を抑えて働けます。

◆ 教育・研修のこと
入社初日は安全衛生の講習とオリエンテーションから。いきなり一人で現場に立つことはありません。
2日目以降は専任の先輩が隣について、検品・梱包の手順を実際にやって見せながら教えますよ。
最初の1週間は「見る→一緒にやる→一人でやる」の順で担当を広げて、1週間後にはひと通りの作業を経験できます。
横浜営業所の担当者も定期面談で様子を聞くので、職場に言いにくいことも相談してくださいね。

◆ 設備のポイント
・冷暖房完備の室内作業で、季節や天候に左右されません
・休憩室に電子レンジ・冷蔵庫・ポットがあって、フリーWi-Fiも使えます
・個人用の鍵付きロッカーを完備
・髪色・ネイル・服装は自由。清潔感があれば普段のスタイルのままで大丈夫

◆ 横浜営業所ならではの一言
JR京浜東北線・鶴見線と京急線の鶴見駅・京急鶴見駅が利用できます。
京浜工業地帯の中心エリアで、工場や物流倉庫が多く、ものづくり・物流の仕事が身近な地域です。
横浜営業所は横浜市鶴見区近郊の勤務先をいくつも担当しているので、「家から近い所がいい」といった希望も気軽に伝えてください。

地元の営業所が、あなたの「初めての正社員」をしっかり支えます。まずは気軽にご応募ください。","【横浜市鶴見区近郊で働く魅力】

✅ マンツーマンで覚えられる
専任の先輩が隣について、実演しながら手順を説明します。最初はシール貼りやダンボールの組み立てから始めて、1週間でひと通りの流れを経験できます。

✅ 残業は月平均6.5時間以内
定時で帰れる日がほとんど。仕事の後に予定を入れたり、家でゆっくりしたり、自分の時間をきちんと確保できますよ。

✅ 重い荷物はほとんどなし
扱うのは衣類・コスメ・文房具・小型雑貨など軽い商品が中心。力仕事はほぼなくて、身体への負担を抑えて長く続けられます。

✅ 髪色・ネイル・服装は自由
清潔感があれば普段のスタイルのままで大丈夫。動きやすい服装で通勤して、現場のルールに沿って作業します。

✅ 地域の職場をよく知っている
横浜営業所は横浜市鶴見区近郊の勤務先をいくつも担当しています。「家から近い」「駅から歩ける」といった希望も、遠慮なく伝えてくださいね。

✅ 横浜市鶴見区近郊で通いやすい
JR京浜東北線・鶴見線と京急線の鶴見駅・京急鶴見駅が利用できます。京浜工業地帯の中心エリアで、工場や物流倉庫が多く、ものづくり・物流の仕事が身近な地域です。

「自分にもできそう」と思えたら、それがスタートの合図。横浜営業所でお待ちしています。","例外事由3号のイにより、長期キャリア形成を図るため、
35歳以下を募集しております。","【勤務時間】
★9:00~18:00
└実働8時間/休憩1時間

定時ダッシュも問題ないです✧
✧ 土日祝休み
✧ 残業月平均:6.5時間以内
✧ 残業代100%支給","✧ 完全週休2日制(土日祝休み)
✧ 年間休日125日
「土日休みはマスト!」ってあなたにも
ぴったりの職場です!

【その他休暇】
✧ 有給休暇
✧ 夏季・冬季休暇
✧ GW休暇
✧ 年末年始休暇","神奈川県横浜市鶴見区豊岡町3-17 朝日生命鶴見ビル4F

周辺エリアに勤務地多数あり！
お気軽にご相談ください。",横浜営業所,"月給:25万円~+交通費全額支給

※経験に応じて決定いたします。

# 昇給あり
# 賞与あり
# 残業代100%支給
# 交通費支給","・社会保険完備（雇用・労災・健康・厚生年金）
・時間外手当（残業が発生した場合は別途全額支給）
・退職金制度（当社規定による）
・定期健康診断
・有給休暇・夏季休暇・年末年始休暇
・産前産後休暇・育児休暇・介護休暇
・あんしん資格取得制度（フォークリフト・玉掛け・クレーン・溶接などの講習料・受験料補助）
・入社後研修（仕事の進め方・安全衛生・5S）・定期面談
・制服貸与（当社規定による）
・グループ団体保険への割引加入
・転勤なし","■ 選考について ■
・カジュアル面談：1回のみ（服装自由・履歴書任意）
・応募から面談まで：WEB応募後、1〜3日以内にご連絡
・入社日：ご相談のうえ決定

■ 応募からの流れ ■
▶ STEP1 WEBから1分で応募
▶ STEP2 カジュアル面談（1回のみ）
▶ STEP3 採用

「まずは話だけ聞いてみたい」という方も、そのままご応募ください。
面談で無理に応募を勧めることはありません。",,即日勤務OK、交通費支給、残業なし,2,任意,生年月日、性別、電話番号,ntf-indeedapplicant-aaaatulx77tci2k2pr5yeqapva@shukatsu-labo.slack.com,,,利用しない,,
募集中,株式会社テクノ・サービス,未経験｜検品・梱包｜株式会社テクノ・サービス｜町田営業所,倉庫作業スタッフ,20～30代活躍中◎町田市｜地元で腰を据えて働く軽作業,,東京都 町田市 原町田,,,正社員,はい,月給,250000,,最低額を表示,なし,,,,,,,固定時間制,160,,厚生年金、健康保険、雇用保険、労災保険,,なし,,,,,,,,,,,,,,,,,,"東京都町田市近郊で、検品・梱包スタッフ（正社員）を募集しています。
勤務先は町田営業所の周辺エリア（町田市近郊）にある物流センター。衣類・コスメ・文房具などの軽い商品を、目で確認して、数を合わせて、袋や箱に納めていきます。
「難しいことは苦手」という方でも、3日ほどで流れがつかめますよ。

◆ 1日の流れ（9:00〜18:00・休憩1時間）
09:00 朝礼。今日の出荷予定と担当作業を確認
09:15 検品スタート。商品の傷・汚れ・数量を納品書と照らし合わせます
12:00 昼休憩（60分）。休憩室で昼食。電子レンジや冷蔵庫も使えます
13:00 梱包スタート。袋詰め、緩衝材で包む、箱に納めるの繰り返し
15:00 小休憩（15分）。飲み物を片手にひと息
15:15 ラベル貼りと出荷先ごとの仕分け
17:45 作業台の片づけと翌日の資材準備
18:00 退勤。残業は月平均6.5時間以内で、定時で帰れる日が大半ですよ

◆ こんな商品を扱います
通販サイトで人気のアパレル商品、生活雑貨、コスメ、文房具が中心です。
・シャツやタオルを畳んで透明袋へ
・コスメ容器のひび割れを目視で確認
・文房具のセット品を指定の個数で袋詰め
・箱にラベルを貼って配送業者ごとの台車へ
作業台の高さも調整されていて、身体への負担を抑えて働けます。

◆ 未経験の方向け 1週間プログラム
・1日目：会社説明、安全衛生講習、作業場の見学
・2日目：先輩の隣で検品の実演を見学して、午後から一緒に作業
・3日目：梱包の袋詰め・箱詰めを先輩と一緒に担当
・4日目：シール貼りと仕分けを一人で担当。先輩は同じ作業台で見守ります
・5日目：検品から仕分けまでを通しで経験
覚えることは3ステップの繰り返し。資格や専門知識はいりません。

◆ 職場環境
・空調完備：冷暖房が効いた清潔な室内で、夏も冬も快適
・休憩室：電子レンジ・冷蔵庫・ポット・自動販売機あり。お弁当持参でもゆっくり過ごせます
・ロッカー：鍵付きの個人ロッカーで貴重品も安心
・服装：髪色・ネイルは自由。動きやすい服装で通勤して、現場のルールに沿って作業します

◆ 町田営業所ならではの一言
JR横浜線と小田急線の町田駅が最寄りで、東京・神奈川どちらの方面からも通勤しやすい街です。
東京と神奈川の境に位置し、周辺に物流センターや配送拠点が多く集まるエリアです。
町田営業所は町田市近郊の勤務先をいくつも担当しているので、「家から近い所がいい」といった希望も気軽に伝えてください。

「難しいことはできないけど、コツコツ続けるのは得意」という方、ぜひ町田営業所に会いに来てください。","【町田営業所からのアピールポイント】

✅ マンツーマンで覚えられる
専任の先輩が隣について、実演しながら手順を説明します。最初はシール貼りやダンボールの組み立てから始めて、1週間でひと通りの流れを経験できます。

✅ 土日祝休み・年間休日125日
完全週休2日制でカレンダー通りに休めます。夏季・冬季休暇、GW、年末年始のまとまった休みもあって、予定を立てやすい働き方です。

✅ 重い荷物はほとんどなし
扱うのは衣類・コスメ・文房具・小型雑貨など軽い商品が中心。力仕事はほぼなくて、身体への負担を抑えて長く続けられます。

✅ 髪色・ネイル・服装は自由
清潔感があれば普段のスタイルのままで大丈夫。動きやすい服装で通勤して、現場のルールに沿って作業します。

✅ 正社員としての安定
正社員雇用に加えて、社会保険完備、退職金制度（規定あり）、資格取得支援制度があります。「地元で腰を据えて働きたい」という希望に応えられる環境です。

✅ 町田市近郊で通いやすい
JR横浜線と小田急線の町田駅が最寄りで、東京・神奈川どちらの方面からも通勤しやすい街です。東京と神奈川の境に位置し、周辺に物流センターや配送拠点が多く集まるエリアです。

まずはカジュアル面談で、職場の雰囲気や1日の流れをお伝えします。気軽にご応募ください。","例外事由3号のイにより、長期キャリア形成を図るため、
35歳以下を募集しております。","【勤務時間】
★9:00~18:00
└実働8時間/休憩1時間

定時ダッシュも問題ないです✧
✧ 土日祝休み
✧ 残業月平均:6.5時間以内
✧ 残業代100%支給","✧ 完全週休2日制(土日祝休み)
✧ 年間休日125日
「土日休みはマスト!」ってあなたにも
ぴったりの職場です!

【その他休暇】
✧ 有給休暇
✧ 夏季・冬季休暇
✧ GW休暇
✧ 年末年始休暇","東京都町田市原町田6-10-3 町田ERビル4F

周辺エリアに勤務地多数あり！
お気軽にご相談ください。",町田営業所,"月給:25万円~+交通費全額支給

※経験に応じて決定いたします。

# 昇給あり
# 賞与あり
# 残業代100%支給
# 交通費支給","・社会保険完備（雇用・労災・健康・厚生年金）
・時間外手当（残業が発生した場合は別途全額支給）
・退職金制度（当社規定による）
・定期健康診断
・有給休暇・夏季休暇・年末年始休暇
・産前産後休暇・育児休暇・介護休暇
・あんしん資格取得制度（フォークリフト・玉掛け・クレーン・溶接などの講習料・受験料補助）
・入社後研修（仕事の進め方・安全衛生・5S）・定期面談
・制服貸与（当社規定による）
・グループ団体保険への割引加入
・転勤なし","✧ カジュアル面談実施中です ✧

応募に必要なのは人柄だけ。
まずはあなたのご希望を聞かせてください。

■ 応募からの流れ ■
▶ STEP1 WEBから1分で簡単応募
1〜3日以内に担当者からご連絡します。
▶ STEP2 カジュアル面談（1回のみ）
職場の雰囲気や1日の流れをお伝えし、ご希望を伺います。
▶ STEP3 採用

※入社日はご相談いただけます◎
在職中の方も、お気軽にご相談ください。",,即日勤務OK、交通費支給、残業なし,2,任意,生年月日、性別、電話番号,ntf-indeedapplicant-aaaatulx77tci2k2pr5yeqapva@shukatsu-labo.slack.com,,,利用しない,,
募集中,株式会社テクノ・サービス,未経験｜検品・梱包｜株式会社テクノ・サービス｜八王子営業所,倉庫作業スタッフ,20～30代活躍中◎重い荷物なし｜八王子市で始めるシンプル軽作業,,東京都 八王子市 旭町,,,正社員,はい,月給,250000,,最低額を表示,なし,,,,,,,固定時間制,160,,厚生年金、健康保険、雇用保険、労災保険,,なし,,,,,,,,,,,,,,,,,,"コツコツ作業が好きな方、集中して黙々と働きたい方に向いている検品・梱包のお仕事です。
勤務先は八王子営業所の周辺エリア（八王子市近郊）にある物流センター。1年中快適な温度の倉庫で、自分の作業台を担当します。
八王子営業所では入社後も定期的に面談をして、困りごとがあればすぐにフォローしますね。

◆ ある日のスケジュール
09:00 出勤・朝礼。リーダーから連絡事項の共有
09:10 ハンディ端末でバーコードを読み取り、品番と個数を照合
10:30 小休憩（10分）
12:00 昼休憩（60分）。お弁当派も、近くで買ってくる派もいます
13:00 午後は梱包。ダンボールを組み立て、商品が動かないように納めます
15:00 小休憩（15分）
15:15 出荷準備。伝票シールを貼って配送業者ごとにコンテナへ
17:45 清掃と日報の記入
18:00 定時退勤。土日祝休みなので、明日の予定も立てやすいですね

◆ お仕事の中身
・検品：商品の外観チェック（傷・汚れ・へこみ）と数量・品番の照合
・スキャン：バーコードリーダーで「ピッ」と読み取ってデータと突き合わせ
・梱包：袋詰め、緩衝材包装、ダンボールの組み立てと箱詰め、テープ留め
・仕上げ：ラベル貼りと配送地域別の仕分け
扱うのはアパレル、コスメ、文房具、小型雑貨など。繰り返すうちに手が覚えていく作業です。

◆ 入社後1週間の流れ
1日目：八王子営業所でオリエンテーション。仕事の進め方、安全衛生、5Sの基本を説明します
2〜3日目：先輩スタッフがマンツーマンで隣について、検品の見方と梱包の手順を実演しながら教えます
4〜5日目：シール貼りやダンボールの組み立てから一人で担当。分からないことはその場で聞けます
1週間後：検品〜仕分けまでの流れをひと通り経験して、自分のペースで進められるように
「早ければ半日、遅くとも2〜3日で一人立ち」が現場の目安。慣れるまでは焦らず一緒にやりましょう。

◆ 設備のポイント
・冷暖房完備の室内作業で、季節や天候に左右されません
・休憩室に電子レンジ・冷蔵庫・ポットがあって、フリーWi-Fiも使えます
・個人用の鍵付きロッカーを完備
・髪色・ネイル・服装は自由。清潔感があれば普段のスタイルのままで大丈夫

◆ 東京都八王子市で働くということ
多摩地区最大の都市で、郊外の工業団地や圏央道沿いに物流施設が多く立地しています。
JR中央線・横浜線・八高線と京王線が乗り入れ、多摩エリア各方面から通勤しやすい交通の要所です。
八王子営業所のスタッフは地元の職場をよく知っています。通勤のしやすさや職場の雰囲気など、気になることは何でも聞いてくださいね。

「難しいことはできないけど、コツコツ続けるのは得意」という方、ぜひ八王子営業所に会いに来てください。","【八王子市近郊で働く魅力】

✅ 先輩の9割以上が未経験スタート
「商品を手に取る」「傷がないか見る」「箱に入れる」の3ステップが基本。専門用語も複雑な機械操作もなく、初日は安全衛生の講習から始まるので安心ですよ。

✅ 9:00〜18:00の固定時間制
毎日同じリズムで働けるので、生活のペースが安定します。土日祝がお休みなので、友人や家族との予定も合わせやすいですね。

✅ 黙々・コツコツ派にちょうどいい
ノルマはなく、接客もありません。「一人で集中して作業したい」「人間関係のストレスを減らしたい」という方に向いている環境です。

✅ 空調完備の清潔な倉庫
冷暖房がしっかり効いた室内で、季節を問わず快適。休憩室には電子レンジ・冷蔵庫・自動販売機があって、鍵付きロッカーも完備です。

✅ 営業所が近いから、すぐ相談できる
八王子営業所の担当者が入社後も定期的に面談します。職場では言いにくいことも、営業所でなら話しやすいはず。転勤もありません。

✅ 八王子市近郊で通いやすい
JR中央線・横浜線・八高線と京王線が乗り入れ、多摩エリア各方面から通勤しやすい交通の要所です。多摩地区最大の都市で、郊外の工業団地や圏央道沿いに物流施設が多く立地しています。

「自分にもできそう」と思えたら、それがスタートの合図。八王子営業所でお待ちしています。","例外事由3号のイにより、長期キャリア形成を図るため、
35歳以下を募集しております。","【勤務時間】
★9:00~18:00
└実働8時間/休憩1時間

定時ダッシュも問題ないです✧
✧ 土日祝休み
✧ 残業月平均:6.5時間以内
✧ 残業代100%支給","✧ 完全週休2日制(土日祝休み)
✧ 年間休日125日
「土日休みはマスト!」ってあなたにも
ぴったりの職場です!

【その他休暇】
✧ 有給休暇
✧ 夏季・冬季休暇
✧ GW休暇
✧ 年末年始休暇","東京都八王子市旭町12-4 日本生命八王子ビル3F

周辺エリアに勤務地多数あり！
お気軽にご相談ください。",八王子営業所,"月給:25万円~+交通費全額支給

※経験に応じて決定いたします。

# 昇給あり
# 賞与あり
# 残業代100%支給
# 交通費支給","・社会保険完備（雇用・労災・健康・厚生年金）
・時間外手当（残業が発生した場合は別途全額支給）
・退職金制度（当社規定による）
・定期健康診断
・有給休暇・夏季休暇・年末年始休暇
・産前産後休暇・育児休暇・介護休暇
・あんしん資格取得制度（フォークリフト・玉掛け・クレーン・溶接などの講習料・受験料補助）
・入社後研修（仕事の進め方・安全衛生・5S）・定期面談
・制服貸与（当社規定による）
・グループ団体保険への割引加入
・転勤なし","【応募前の「気になる」にお答えします】

Q. 面接は堅苦しいですか？
A. いいえ。カジュアル面談を1回行うだけです。服装も自由、履歴書も任意です。

Q. 応募してからどのくらいで決まりますか？
A. 3ステップで進みます。
▶ STEP1 WEBから応募（1分）→ 1〜3日以内にご連絡
▶ STEP2 カジュアル面談（1回のみ）
▶ STEP3 採用

Q. すぐには入社できないのですが…
A. 入社日はご相談いただけます。今のお仕事の引き継ぎ期間なども考慮します。",,即日勤務OK、交通費支給、残業なし,2,任意,生年月日、性別、電話番号,ntf-indeedapplicant-aaaatulx77tci2k2pr5yeqapva@shukatsu-labo.slack.com,,,利用しない,,
募集中,株式会社テクノ・サービス,未経験｜検品・梱包｜株式会社テクノ・サービス｜立川営業所,倉庫作業スタッフ,20～30代活躍中◎立川市｜営業所が近いから相談しやすい検品・梱包,,東京都 立川市 曙町,,,正社員,はい,月給,250000,,最低額を表示,なし,,,,,,,固定時間制,160,,厚生年金、健康保険、雇用保険、労災保険,,なし,,,,,,,,,,,,,,,,,,"立川営業所の周辺エリア（立川市近郊）にある物流センターで、検品・梱包を担当する正社員スタッフを募集しますよ。
扱うのは通販のアパレル商品や雑貨、コスメなど軽いものばかり。空調の効いたきれいな倉庫で、商品をチェックして箱に詰めるシンプルな作業です。
立川営業所が近くにあるので、困ったときはすぐに顔を合わせて相談できます。

◆ 1日の流れ（9:00〜18:00・休憩1時間）
09:00 朝礼。今日の出荷予定と担当作業を確認
09:15 検品スタート。商品の傷・汚れ・数量を納品書と照らし合わせます
12:00 昼休憩（60分）。休憩室で昼食。電子レンジや冷蔵庫も使えます
13:00 梱包スタート。袋詰め、緩衝材で包む、箱に納めるの繰り返し
15:00 小休憩（15分）。飲み物を片手にひと息
15:15 ラベル貼りと出荷先ごとの仕分け
17:45 作業台の片づけと翌日の資材準備
18:00 退勤。残業は月平均6.5時間以内で、定時で帰れる日が大半ですよ

◆ お仕事の中身
・検品：商品の外観チェック（傷・汚れ・へこみ）と数量・品番の照合
・スキャン：バーコードリーダーで「ピッ」と読み取ってデータと突き合わせ
・梱包：袋詰め、緩衝材包装、ダンボールの組み立てと箱詰め、テープ留め
・仕上げ：ラベル貼りと配送地域別の仕分け
扱うのはアパレル、コスメ、文房具、小型雑貨など。繰り返すうちに手が覚えていく作業です。

◆ 教育・研修のこと
入社初日は安全衛生の講習とオリエンテーションから。いきなり一人で現場に立つことはありません。
2日目以降は専任の先輩が隣について、検品・梱包の手順を実際にやって見せながら教えますよ。
最初の1週間は「見る→一緒にやる→一人でやる」の順で担当を広げて、1週間後にはひと通りの作業を経験できます。
立川営業所の担当者も定期面談で様子を聞くので、職場に言いにくいことも相談してくださいね。

◆ 職場環境
・空調完備：冷暖房が効いた清潔な室内で、夏も冬も快適
・休憩室：電子レンジ・冷蔵庫・ポット・自動販売機あり。お弁当持参でもゆっくり過ごせます
・ロッカー：鍵付きの個人ロッカーで貴重品も安心
・服装：髪色・ネイルは自由。動きやすい服装で通勤して、現場のルールに沿って作業します

◆ 東京都立川市で働くということ
駅周辺は商業施設が充実し、仕事帰りの買い物や食事にも困らない街です。
JR中央線・南武線・青梅線と多摩モノレールが集まる、多摩エリア最大級のターミナルです。
立川営業所のスタッフは地元の職場をよく知っています。通勤のしやすさや職場の雰囲気など、気になることは何でも聞いてくださいね。

地元の営業所が、あなたの「初めての正社員」をしっかり支えます。まずは気軽にご応募ください。","【立川営業所からのアピールポイント】

✅ 先輩の9割以上が未経験スタート
「商品を手に取る」「傷がないか見る」「箱に入れる」の3ステップが基本。専門用語も複雑な機械操作もなく、初日は安全衛生の講習から始まるので安心ですよ。

✅ 残業は月平均6.5時間以内
定時で帰れる日がほとんど。仕事の後に予定を入れたり、家でゆっくりしたり、自分の時間をきちんと確保できますよ。

✅ 黙々・コツコツ派にちょうどいい
ノルマはなく、接客もありません。「一人で集中して作業したい」「人間関係のストレスを減らしたい」という方に向いている環境です。

✅ 空調完備の清潔な倉庫
冷暖房がしっかり効いた室内で、季節を問わず快適。休憩室には電子レンジ・冷蔵庫・自動販売機があって、鍵付きロッカーも完備です。

✅ 地域の職場をよく知っている
立川営業所は立川市近郊の勤務先をいくつも担当しています。「家から近い」「駅から歩ける」といった希望も、遠慮なく伝えてくださいね。

✅ 地元立川市で長く働く
駅周辺は商業施設が充実し、仕事帰りの買い物や食事にも困らない街です。JR中央線・南武線・青梅線と多摩モノレールが集まる、多摩エリア最大級のターミナルです。

「自分にもできそう」と思えたら、それがスタートの合図。立川営業所でお待ちしています。","例外事由3号のイにより、長期キャリア形成を図るため、
35歳以下を募集しております。","【勤務時間】
★9:00~18:00
└実働8時間/休憩1時間

定時ダッシュも問題ないです✧
✧ 土日祝休み
✧ 残業月平均:6.5時間以内
✧ 残業代100%支給","✧ 完全週休2日制(土日祝休み)
✧ 年間休日125日
「土日休みはマスト!」ってあなたにも
ぴったりの職場です!

【その他休暇】
✧ 有給休暇
✧ 夏季・冬季休暇
✧ GW休暇
✧ 年末年始休暇","東京都立川市曙町2-34-7 太平ビル4F

周辺エリアに勤務地多数あり！
お気軽にご相談ください。",立川営業所,"月給:25万円~+交通費全額支給

※経験に応じて決定いたします。

# 昇給あり
# 賞与あり
# 残業代100%支給
# 交通費支給","・社会保険完備（雇用・労災・健康・厚生年金）
・時間外手当（残業が発生した場合は別途全額支給）
・退職金制度（当社規定による）
・定期健康診断
・有給休暇・夏季休暇・年末年始休暇
・産前産後休暇・育児休暇・介護休暇
・あんしん資格取得制度（フォークリフト・玉掛け・クレーン・溶接などの講習料・受験料補助）
・入社後研修（仕事の進め方・安全衛生・5S）・定期面談
・制服貸与（当社規定による）
・グループ団体保険への割引加入
・転勤なし","まずは「話を聞いてみる」だけで大丈夫です。

当社ではカジュアル面談を実施しています。
志望動機や自己PRの準備は不要。
「どんな職場？」「本当に未経験でもできる？」といった疑問に、担当者が率直にお答えします。

■ 応募から入社までの3STEP ■
▶ STEP1 WEB応募（1分）
▶ STEP2 カジュアル面談（1回のみ・1〜3日以内にご連絡）
▶ STEP3 採用・入社日のご相談

入社日は柔軟に調整できます。
「来月から」「今の仕事を辞めてから」など、ご都合をお聞かせください。",,即日勤務OK、交通費支給、残業なし,2,任意,生年月日、性別、電話番号,ntf-indeedapplicant-aaaatulx77tci2k2pr5yeqapva@shukatsu-labo.slack.com,,,利用しない,,
募集中,株式会社テクノ・サービス,未経験｜検品・梱包｜株式会社テクノ・サービス｜東京営業所,倉庫作業スタッフ,20～30代活躍中◎未経験から正社員へ｜豊島区近郊の検品・梱包,,東京都 豊島区 東池袋,,,正社員,はい,月給,250000,,最低額を表示,なし,,,,,,,固定時間制,160,,厚生年金、健康保険、雇用保険、労災保険,,なし,,,,,,,,,,,,,,,,,,"「地元で、無理なく、正社員として働きたい」そんな方にちょうどいいお仕事です。
勤務先は東京営業所の周辺エリア（豊島区近郊）にある物流センター。届いた商品に不備がないか確認して、丁寧に梱包して出荷準備をするのが仕事です。
冷暖房完備の室内で、重い荷物を運ぶことはほとんどありません。

◆ ある日のスケジュール
09:00 出勤・朝礼。リーダーから連絡事項の共有
09:10 ハンディ端末でバーコードを読み取り、品番と個数を照合
10:30 小休憩（10分）
12:00 昼休憩（60分）。お弁当派も、近くで買ってくる派もいます
13:00 午後は梱包。ダンボールを組み立て、商品が動かないように納めます
15:00 小休憩（15分）
15:15 出荷準備。伝票シールを貼って配送業者ごとにコンテナへ
17:45 清掃と日報の記入
18:00 定時退勤。土日祝休みなので、明日の予定も立てやすいですね

◆ 扱う商品・作業の具体例
・衣類・タオル：ほつれや汚れがないか確認して、透明袋に入れます
・コスメ・ガラス小物：割れないように緩衝材で包んでから箱へ
・文房具・生活雑貨：品番と個数を納品書と照合して、まとめて袋詰め
・出荷箱：伝票シールと「割れ物注意」などの注意シールを所定の位置に貼ります
どれも片手〜両手で持てるサイズで、重い物を持ち上げることはありません。

◆ 未経験の方向け 1週間プログラム
・1日目：会社説明、安全衛生講習、作業場の見学
・2日目：先輩の隣で検品の実演を見学して、午後から一緒に作業
・3日目：梱包の袋詰め・箱詰めを先輩と一緒に担当
・4日目：シール貼りと仕分けを一人で担当。先輩は同じ作業台で見守ります
・5日目：検品から仕分けまでを通しで経験
覚えることは3ステップの繰り返し。資格や専門知識はいりません。

◆ 働く環境
作業場は1年中空調が効いていて、「夏は暑くて汗だく」「冬は手がかじかむ」という心配がありません。
休憩室は広くて、電子レンジや冷蔵庫、自動販売機が揃っています。
鍵付きロッカーがあるので、貴重品の管理も安心ですよ。
服装や髪色は自由で、自分らしいスタイルのまま通勤できます。

◆ 東京営業所ならではの一言
JR・東武・西武・地下鉄各線が集まる池袋駅が最寄りで、埼玉方面からの通勤にも便利です。
駅周辺に商業施設が集まり、仕事帰りの買い物や食事も楽しめる街です。
東京営業所は豊島区近郊の勤務先をいくつも担当しているので、「家から近い所がいい」といった希望も気軽に伝えてください。

「難しいことはできないけど、コツコツ続けるのは得意」という方、ぜひ東京営業所に会いに来てください。","【豊島区近郊で働く魅力】

✅ 資格・経験・学歴は問いません
必要なのは「丁寧に確認する姿勢」だけ。仕事のやり方は入社後にお伝えします。フォークリフトなどの資格を取りたくなったら、講習料や受験料を補助する制度もあります。

✅ 9:00〜18:00の固定時間制
毎日同じリズムで働けるので、生活のペースが安定します。土日祝がお休みなので、友人や家族との予定も合わせやすいですね。

✅ 重い荷物はほとんどなし
扱うのは衣類・コスメ・文房具・小型雑貨など軽い商品が中心。力仕事はほぼなくて、身体への負担を抑えて長く続けられます。

✅ 空調完備の清潔な倉庫
冷暖房がしっかり効いた室内で、季節を問わず快適。休憩室には電子レンジ・冷蔵庫・自動販売機があって、鍵付きロッカーも完備です。

✅ 正社員としての安定
正社員雇用に加えて、社会保険完備、退職金制度（規定あり）、資格取得支援制度があります。「地元で腰を据えて働きたい」という希望に応えられる環境です。

✅ 地元豊島区で長く働く
駅周辺に商業施設が集まり、仕事帰りの買い物や食事も楽しめる街です。JR・東武・西武・地下鉄各線が集まる池袋駅が最寄りで、埼玉方面からの通勤にも便利です。

まずはカジュアル面談で、職場の雰囲気や1日の流れをお伝えします。気軽にご応募ください。","例外事由3号のイにより、長期キャリア形成を図るため、
35歳以下を募集しております。","【勤務時間】
★9:00~18:00
└実働8時間/休憩1時間

定時ダッシュも問題ないです✧
✧ 土日祝休み
✧ 残業月平均:6.5時間以内
✧ 残業代100%支給","✧ 完全週休2日制(土日祝休み)
✧ 年間休日125日
「土日休みはマスト!」ってあなたにも
ぴったりの職場です!

【その他休暇】
✧ 有給休暇
✧ 夏季・冬季休暇
✧ GW休暇
✧ 年末年始休暇","東京都豊島区東池袋1-21-11 オーク池袋ビル4F

周辺エリアに勤務地多数あり！
お気軽にご相談ください。",東京営業所,"月給:25万円~+交通費全額支給

※経験に応じて決定いたします。

# 昇給あり
# 賞与あり
# 残業代100%支給
# 交通費支給","・社会保険完備（雇用・労災・健康・厚生年金）
・時間外手当（残業が発生した場合は別途全額支給）
・退職金制度（当社規定による）
・定期健康診断
・有給休暇・夏季休暇・年末年始休暇
・産前産後休暇・育児休暇・介護休暇
・あんしん資格取得制度（フォークリフト・玉掛け・クレーン・溶接などの講習料・受験料補助）
・入社後研修（仕事の進め方・安全衛生・5S）・定期面談
・制服貸与（当社規定による）
・グループ団体保険への割引加入
・転勤なし","【最短スケジュールのイメージ】

▶ STEP1 今日：WEBから1分で応募
▶ STEP2 1〜3日後：担当者からご連絡 → カジュアル面談の日程調整
▶ STEP3 面談当日：カジュアル面談（1回のみ）→ 採用のご連絡

面談では、職場の雰囲気・1日の流れ・通勤のことなど、
気になることを何でも聞いてください。

✧ 入社日はご相談いただけます ✧
「すぐ働きたい」「少し先がいい」どちらのご希望にも対応します。",,即日勤務OK、交通費支給、残業なし,2,任意,生年月日、性別、電話番号,ntf-indeedapplicant-aaaatulx77tci2k2pr5yeqapva@shukatsu-labo.slack.com,,,利用しない,,
募集中,株式会社テクノ・サービス,未経験｜検品・梱包｜株式会社テクノ・サービス｜成田営業所,倉庫作業スタッフ,20～30代活躍中◎成田市｜黙々作業が好きな方に向く軽作業,,千葉県 成田市 花崎町,,,正社員,はい,月給,250000,,最低額を表示,なし,,,,,,,固定時間制,160,,厚生年金、健康保険、雇用保険、労災保険,,なし,,,,,,,,,,,,,,,,,,"千葉県成田市近郊で、検品・梱包スタッフ（正社員）を募集しています。
勤務先は成田営業所の周辺エリア（成田市近郊）にある物流センター。衣類・コスメ・文房具などの軽い商品を、目で確認して、数を合わせて、袋や箱に納めていきます。
「難しいことは苦手」という方でも、3日ほどで流れがつかめますよ。

◆ 入社後はこんな1日
09:00 朝礼。体調チェックと当日の出荷量を共有
09:15 午前は検品。外観を目視で確認して、気になる商品は別置きにしてリーダーへ
12:00 昼休憩（60分）
13:00 午後は梱包。袋詰め→箱詰め→テープ留めの3工程を繰り返します
15:00 小休憩（15分）。自動販売機で飲み物を買ってリフレッシュ
15:15 当日出荷分の最終チェックと仕分けを全員で仕上げます
17:45 作業スペースの清掃
18:00 退勤。残業は月平均6.5時間以内に収まっています

◆ 作業は3ステップだけ
1. 検品：商品を手に取って、傷・汚れ・数量を確認。迷ったら「保留」箱に入れてリーダーに聞くだけ
2. 梱包：商品に合わせて袋・緩衝材・箱を選んで、動かないように納めてテープで封をします
3. 仕分け：伝票シールを貼って、配送地域ごとのコンテナへ
衣類・雑貨・コスメ・文房具などの軽い商品が中心で、フォークリフトなどの機械操作はありません。

◆ 未経験の方向け 1週間プログラム
・1日目：会社説明、安全衛生講習、作業場の見学
・2日目：先輩の隣で検品の実演を見学して、午後から一緒に作業
・3日目：梱包の袋詰め・箱詰めを先輩と一緒に担当
・4日目：シール貼りと仕分けを一人で担当。先輩は同じ作業台で見守ります
・5日目：検品から仕分けまでを通しで経験
覚えることは3ステップの繰り返し。資格や専門知識はいりません。

◆ 設備のポイント
・冷暖房完備の室内作業で、季節や天候に左右されません
・休憩室に電子レンジ・冷蔵庫・ポットがあって、フリーWi-Fiも使えます
・個人用の鍵付きロッカーを完備
・髪色・ネイル・服装は自由。清潔感があれば普段のスタイルのままで大丈夫

◆ 千葉県成田市で働くということ
成田空港を抱え、航空貨物や輸入品を扱う物流拠点が集中するエリアです。
JR成田線・京成本線の成田駅が最寄りで、東関東道の成田ICも近い立地です。
成田営業所のスタッフは地元の職場をよく知っています。通勤のしやすさや職場の雰囲気など、気になることは何でも聞いてくださいね。

「難しいことはできないけど、コツコツ続けるのは得意」という方、ぜひ成田営業所に会いに来てください。","【成田営業所からのアピールポイント】

✅ 資格・経験・学歴は問いません
必要なのは「丁寧に確認する姿勢」だけ。仕事のやり方は入社後にお伝えします。フォークリフトなどの資格を取りたくなったら、講習料や受験料を補助する制度もあります。

✅ 残業は月平均6.5時間以内
定時で帰れる日がほとんど。仕事の後に予定を入れたり、家でゆっくりしたり、自分の時間をきちんと確保できますよ。

✅ 重い荷物はほとんどなし
扱うのは衣類・コスメ・文房具・小型雑貨など軽い商品が中心。力仕事はほぼなくて、身体への負担を抑えて長く続けられます。

✅ 空調完備の清潔な倉庫
冷暖房がしっかり効いた室内で、季節を問わず快適。休憩室には電子レンジ・冷蔵庫・自動販売機があって、鍵付きロッカーも完備です。

✅ 営業所が近いから、すぐ相談できる
成田営業所の担当者が入社後も定期的に面談します。職場では言いにくいことも、営業所でなら話しやすいはず。転勤もありません。

✅ 地元成田市で長く働く
成田空港を抱え、航空貨物や輸入品を扱う物流拠点が集中するエリアです。JR成田線・京成本線の成田駅が最寄りで、東関東道の成田ICも近い立地です。

「自分にもできそう」と思えたら、それがスタートの合図。成田営業所でお待ちしています。","例外事由3号のイにより、長期キャリア形成を図るため、
35歳以下を募集しております。","【勤務時間】
★9:00~18:00
└実働8時間/休憩1時間

定時ダッシュも問題ないです✧
✧ 土日祝休み
✧ 残業月平均:6.5時間以内
✧ 残業代100%支給","✧ 完全週休2日制(土日祝休み)
✧ 年間休日125日
「土日休みはマスト!」ってあなたにも
ぴったりの職場です!

【その他休暇】
✧ 有給休暇
✧ 夏季・冬季休暇
✧ GW休暇
✧ 年末年始休暇","千葉県成田市花崎町800-6 共和タウン1F

周辺エリアに勤務地多数あり！
お気軽にご相談ください。",成田営業所,"月給:25万円~+交通費全額支給

※経験に応じて決定いたします。

# 昇給あり
# 賞与あり
# 残業代100%支給
# 交通費支給","・社会保険完備（雇用・労災・健康・厚生年金）
・時間外手当（残業が発生した場合は別途全額支給）
・退職金制度（当社規定による）
・定期健康診断
・有給休暇・夏季休暇・年末年始休暇
・産前産後休暇・育児休暇・介護休暇
・あんしん資格取得制度（フォークリフト・玉掛け・クレーン・溶接などの講習料・受験料補助）
・入社後研修（仕事の進め方・安全衛生・5S）・定期面談
・制服貸与（当社規定による）
・グループ団体保険への割引加入
・転勤なし","■ 選考について ■
・カジュアル面談：1回のみ（服装自由・履歴書任意）
・応募から面談まで：WEB応募後、1〜3日以内にご連絡
・入社日：ご相談のうえ決定

■ 応募からの流れ ■
▶ STEP1 WEBから1分で応募
▶ STEP2 カジュアル面談（1回のみ）
▶ STEP3 採用

「まずは話だけ聞いてみたい」という方も、そのままご応募ください。
面談で無理に応募を勧めることはありません。",,即日勤務OK、交通費支給、残業なし,2,任意,生年月日、性別、電話番号,ntf-indeedapplicant-aaaatulx77tci2k2pr5yeqapva@shukatsu-labo.slack.com,,,利用しない,,
募集中,株式会社テクノ・サービス,未経験｜検品・梱包｜株式会社テクノ・サービス｜柏営業所,倉庫作業スタッフ,20～30代活躍中◎残業少なめ｜柏市エリアの物流センターで検品・梱包,,千葉県 柏市 末広町,,,正社員,はい,月給,250000,,最低額を表示,なし,,,,,,,固定時間制,160,,厚生年金、健康保険、雇用保険、労災保険,,なし,,,,,,,,,,,,,,,,,,"コツコツ作業が好きな方、集中して黙々と働きたい方に向いている検品・梱包のお仕事です。
勤務先は柏営業所の周辺エリア（柏市近郊）にある物流センター。1年中快適な温度の倉庫で、自分の作業台を担当します。
柏営業所では入社後も定期的に面談をして、困りごとがあればすぐにフォローしますね。

◆ 1日の流れ（9:00〜18:00・休憩1時間）
09:00 朝礼。今日の出荷予定と担当作業を確認
09:15 検品スタート。商品の傷・汚れ・数量を納品書と照らし合わせます
12:00 昼休憩（60分）。休憩室で昼食。電子レンジや冷蔵庫も使えます
13:00 梱包スタート。袋詰め、緩衝材で包む、箱に納めるの繰り返し
15:00 小休憩（15分）。飲み物を片手にひと息
15:15 ラベル貼りと出荷先ごとの仕分け
17:45 作業台の片づけと翌日の資材準備
18:00 退勤。残業は月平均6.5時間以内で、定時で帰れる日が大半ですよ

◆ 作業は3ステップだけ
1. 検品：商品を手に取って、傷・汚れ・数量を確認。迷ったら「保留」箱に入れてリーダーに聞くだけ
2. 梱包：商品に合わせて袋・緩衝材・箱を選んで、動かないように納めてテープで封をします
3. 仕分け：伝票シールを貼って、配送地域ごとのコンテナへ
衣類・雑貨・コスメ・文房具などの軽い商品が中心で、フォークリフトなどの機械操作はありません。

◆ 入社後1週間の流れ
1日目：柏営業所でオリエンテーション。仕事の進め方、安全衛生、5Sの基本を説明します
2〜3日目：先輩スタッフがマンツーマンで隣について、検品の見方と梱包の手順を実演しながら教えます
4〜5日目：シール貼りやダンボールの組み立てから一人で担当。分からないことはその場で聞けます
1週間後：検品〜仕分けまでの流れをひと通り経験して、自分のペースで進められるように
「早ければ半日、遅くとも2〜3日で一人立ち」が現場の目安。慣れるまでは焦らず一緒にやりましょう。

◆ 働く環境
作業場は1年中空調が効いていて、「夏は暑くて汗だく」「冬は手がかじかむ」という心配がありません。
休憩室は広くて、電子レンジや冷蔵庫、自動販売機が揃っています。
鍵付きロッカーがあるので、貴重品の管理も安心ですよ。
服装や髪色は自由で、自分らしいスタイルのまま通勤できます。

◆ 千葉県柏市で働くということ
常磐道・国道16号沿いに物流拠点が多く、商業施設も充実した街です。
JR常磐線と東武アーバンパークラインが交わる柏駅が最寄りで、東葛エリアの交通の中心です。
柏営業所のスタッフは地元の職場をよく知っています。通勤のしやすさや職場の雰囲気など、気になることは何でも聞いてくださいね。

地元の営業所が、あなたの「初めての正社員」をしっかり支えます。まずは気軽にご応募ください。","【柏市近郊で働く魅力】

✅ マンツーマンで覚えられる
専任の先輩が隣について、実演しながら手順を説明します。最初はシール貼りやダンボールの組み立てから始めて、1週間でひと通りの流れを経験できます。

✅ 土日祝休み・年間休日125日
完全週休2日制でカレンダー通りに休めます。夏季・冬季休暇、GW、年末年始のまとまった休みもあって、予定を立てやすい働き方です。

✅ 重い荷物はほとんどなし
扱うのは衣類・コスメ・文房具・小型雑貨など軽い商品が中心。力仕事はほぼなくて、身体への負担を抑えて長く続けられます。

✅ 空調完備の清潔な倉庫
冷暖房がしっかり効いた室内で、季節を問わず快適。休憩室には電子レンジ・冷蔵庫・自動販売機があって、鍵付きロッカーも完備です。

✅ 地域の職場をよく知っている
柏営業所は柏市近郊の勤務先をいくつも担当しています。「家から近い」「駅から歩ける」といった希望も、遠慮なく伝えてくださいね。

✅ 柏市近郊で通いやすい
JR常磐線と東武アーバンパークラインが交わる柏駅が最寄りで、東葛エリアの交通の中心です。常磐道・国道16号沿いに物流拠点が多く、商業施設も充実した街です。

まずはカジュアル面談で、職場の雰囲気や1日の流れをお伝えします。気軽にご応募ください。","例外事由3号のイにより、長期キャリア形成を図るため、
35歳以下を募集しております。","【勤務時間】
★9:00~18:00
└実働8時間/休憩1時間

定時ダッシュも問題ないです✧
✧ 土日祝休み
✧ 残業月平均:6.5時間以内
✧ 残業代100%支給","✧ 完全週休2日制(土日祝休み)
✧ 年間休日125日
「土日休みはマスト!」ってあなたにも
ぴったりの職場です!

【その他休暇】
✧ 有給休暇
✧ 夏季・冬季休暇
✧ GW休暇
✧ 年末年始休暇","千葉県柏市末広町5-19 第2マツムラビル4F

周辺エリアに勤務地多数あり！
お気軽にご相談ください。",柏営業所,"月給:25万円~+交通費全額支給

※経験に応じて決定いたします。

# 昇給あり
# 賞与あり
# 残業代100%支給
# 交通費支給","・社会保険完備（雇用・労災・健康・厚生年金）
・時間外手当（残業が発生した場合は別途全額支給）
・退職金制度（当社規定による）
・定期健康診断
・有給休暇・夏季休暇・年末年始休暇
・産前産後休暇・育児休暇・介護休暇
・あんしん資格取得制度（フォークリフト・玉掛け・クレーン・溶接などの講習料・受験料補助）
・入社後研修（仕事の進め方・安全衛生・5S）・定期面談
・制服貸与（当社規定による）
・グループ団体保険への割引加入
・転勤なし","✧ カジュアル面談実施中です ✧

応募に必要なのは人柄だけ。
まずはあなたのご希望を聞かせてください。

■ 応募からの流れ ■
▶ STEP1 WEBから1分で簡単応募
1〜3日以内に担当者からご連絡します。
▶ STEP2 カジュアル面談（1回のみ）
職場の雰囲気や1日の流れをお伝えし、ご希望を伺います。
▶ STEP3 採用

※入社日はご相談いただけます◎
在職中の方も、お気軽にご相談ください。",,即日勤務OK、交通費支給、残業なし,2,任意,生年月日、性別、電話番号,ntf-indeedapplicant-aaaatulx77tci2k2pr5yeqapva@shukatsu-labo.slack.com,,,利用しない,,
募集中,株式会社テクノ・サービス,未経験｜検品・梱包｜株式会社テクノ・サービス｜千葉営業所,倉庫作業スタッフ,20～30代活躍中◎千葉市中央区｜入社後研修と定期面談でしっかりフォロー,,千葉県 千葉市 中央区 新町,,,正社員,はい,月給,250000,,最低額を表示,なし,,,,,,,固定時間制,160,,厚生年金、健康保険、雇用保険、労災保険,,なし,,,,,,,,,,,,,,,,,,"千葉営業所の周辺エリア（千葉市中央区近郊）にある物流センターで、検品・梱包を担当する正社員スタッフを募集しますよ。
扱うのは通販のアパレル商品や雑貨、コスメなど軽いものばかり。空調の効いたきれいな倉庫で、商品をチェックして箱に詰めるシンプルな作業です。
千葉営業所が近くにあるので、困ったときはすぐに顔を合わせて相談できます。

◆ 入社後はこんな1日
09:00 朝礼。体調チェックと当日の出荷量を共有
09:15 午前は検品。外観を目視で確認して、気になる商品は別置きにしてリーダーへ
12:00 昼休憩（60分）
13:00 午後は梱包。袋詰め→箱詰め→テープ留めの3工程を繰り返します
15:00 小休憩（15分）。自動販売機で飲み物を買ってリフレッシュ
15:15 当日出荷分の最終チェックと仕分けを全員で仕上げます
17:45 作業スペースの清掃
18:00 退勤。残業は月平均6.5時間以内に収まっています

◆ こんな商品を扱います
通販サイトで人気のアパレル商品、生活雑貨、コスメ、文房具が中心です。
・シャツやタオルを畳んで透明袋へ
・コスメ容器のひび割れを目視で確認
・文房具のセット品を指定の個数で袋詰め
・箱にラベルを貼って配送業者ごとの台車へ
作業台の高さも調整されていて、身体への負担を抑えて働けます。

◆ 教育・研修のこと
入社初日は安全衛生の講習とオリエンテーションから。いきなり一人で現場に立つことはありません。
2日目以降は専任の先輩が隣について、検品・梱包の手順を実際にやって見せながら教えますよ。
最初の1週間は「見る→一緒にやる→一人でやる」の順で担当を広げて、1週間後にはひと通りの作業を経験できます。
千葉営業所の担当者も定期面談で様子を聞くので、職場に言いにくいことも相談してくださいね。

◆ 設備のポイント
・冷暖房完備の室内作業で、季節や天候に左右されません
・休憩室に電子レンジ・冷蔵庫・ポットがあって、フリーWi-Fiも使えます
・個人用の鍵付きロッカーを完備
・髪色・ネイル・服装は自由。清潔感があれば普段のスタイルのままで大丈夫

◆ 千葉営業所ならではの一言
JR千葉駅・京成千葉駅から徒歩圏で、県内各方面からの通勤に便利な立地です。
県の中心市街地で、仕事帰りの買い物や食事の選択肢が豊富なエリアです。
千葉営業所は千葉市中央区近郊の勤務先をいくつも担当しているので、「家から近い所がいい」といった希望も気軽に伝えてください。

「難しいことはできないけど、コツコツ続けるのは得意」という方、ぜひ千葉営業所に会いに来てください。","【千葉営業所からのアピールポイント】

✅ マンツーマンで覚えられる
専任の先輩が隣について、実演しながら手順を説明します。最初はシール貼りやダンボールの組み立てから始めて、1週間でひと通りの流れを経験できます。

✅ 9:00〜18:00の固定時間制
毎日同じリズムで働けるので、生活のペースが安定します。土日祝がお休みなので、友人や家族との予定も合わせやすいですね。

✅ 黙々・コツコツ派にちょうどいい
ノルマはなく、接客もありません。「一人で集中して作業したい」「人間関係のストレスを減らしたい」という方に向いている環境です。

✅ 休憩室でしっかりリフレッシュ
昼休憩60分に加えて午後の小休憩があって、集中力を保ちやすいリズムです。休憩室にはポットやフリーWi-Fiもあります。

✅ 営業所が近いから、すぐ相談できる
千葉営業所の担当者が入社後も定期的に面談します。職場では言いにくいことも、営業所でなら話しやすいはず。転勤もありません。

✅ 千葉市中央区近郊で通いやすい
JR千葉駅・京成千葉駅から徒歩圏で、県内各方面からの通勤に便利な立地です。県の中心市街地で、仕事帰りの買い物や食事の選択肢が豊富なエリアです。

「自分にもできそう」と思えたら、それがスタートの合図。千葉営業所でお待ちしています。","例外事由3号のイにより、長期キャリア形成を図るため、
35歳以下を募集しております。","【勤務時間】
★9:00~18:00
└実働8時間/休憩1時間

定時ダッシュも問題ないです✧
✧ 土日祝休み
✧ 残業月平均:6.5時間以内
✧ 残業代100%支給","✧ 完全週休2日制(土日祝休み)
✧ 年間休日125日
「土日休みはマスト!」ってあなたにも
ぴったりの職場です!

【その他休暇】
✧ 有給休暇
✧ 夏季・冬季休暇
✧ GW休暇
✧ 年末年始休暇","千葉県千葉市中央区新町3-13 千葉TNビル1F

周辺エリアに勤務地多数あり！
お気軽にご相談ください。",千葉営業所,"月給:25万円~+交通費全額支給

※経験に応じて決定いたします。

# 昇給あり
# 賞与あり
# 残業代100%支給
# 交通費支給","・社会保険完備（雇用・労災・健康・厚生年金）
・時間外手当（残業が発生した場合は別途全額支給）
・退職金制度（当社規定による）
・定期健康診断
・有給休暇・夏季休暇・年末年始休暇
・産前産後休暇・育児休暇・介護休暇
・あんしん資格取得制度（フォークリフト・玉掛け・クレーン・溶接などの講習料・受験料補助）
・入社後研修（仕事の進め方・安全衛生・5S）・定期面談
・制服貸与（当社規定による）
・グループ団体保険への割引加入
・転勤なし","【応募前の「気になる」にお答えします】

Q. 面接は堅苦しいですか？
A. いいえ。カジュアル面談を1回行うだけです。服装も自由、履歴書も任意です。

Q. 応募してからどのくらいで決まりますか？
A. 3ステップで進みます。
▶ STEP1 WEBから応募（1分）→ 1〜3日以内にご連絡
▶ STEP2 カジュアル面談（1回のみ）
▶ STEP3 採用

Q. すぐには入社できないのですが…
A. 入社日はご相談いただけます。今のお仕事の引き継ぎ期間なども考慮します。",,即日勤務OK、交通費支給、残業なし,2,任意,生年月日、性別、電話番号,ntf-indeedapplicant-aaaatulx77tci2k2pr5yeqapva@shukatsu-labo.slack.com,,,利用しない,,
募集中,株式会社テクノ・サービス,未経験｜検品・梱包｜株式会社テクノ・サービス｜熊谷営業所,倉庫作業スタッフ,20～30代活躍中◎土日祝休み｜熊谷市近郊で検品・梱包の正社員,,埼玉県 熊谷市 筑波,,,正社員,はい,月給,250000,,最低額を表示,なし,,,,,,,固定時間制,160,,厚生年金、健康保険、雇用保険、労災保険,,なし,,,,,,,,,,,,,,,,,,"「地元で、無理なく、正社員として働きたい」そんな方にちょうどいいお仕事です。
勤務先は熊谷営業所の周辺エリア（熊谷市近郊）にある物流センター。届いた商品に不備がないか確認して、丁寧に梱包して出荷準備をするのが仕事です。
冷暖房完備の室内で、重い荷物を運ぶことはほとんどありません。

◆ 1日の流れ（9:00〜18:00・休憩1時間）
09:00 朝礼。今日の出荷予定と担当作業を確認
09:15 検品スタート。商品の傷・汚れ・数量を納品書と照らし合わせます
12:00 昼休憩（60分）。休憩室で昼食。電子レンジや冷蔵庫も使えます
13:00 梱包スタート。袋詰め、緩衝材で包む、箱に納めるの繰り返し
15:00 小休憩（15分）。飲み物を片手にひと息
15:15 ラベル貼りと出荷先ごとの仕分け
17:45 作業台の片づけと翌日の資材準備
18:00 退勤。残業は月平均6.5時間以内で、定時で帰れる日が大半ですよ

◆ こんな商品を扱います
通販サイトで人気のアパレル商品、生活雑貨、コスメ、文房具が中心です。
・シャツやタオルを畳んで透明袋へ
・コスメ容器のひび割れを目視で確認
・文房具のセット品を指定の個数で袋詰め
・箱にラベルを貼って配送業者ごとの台車へ
作業台の高さも調整されていて、身体への負担を抑えて働けます。

◆ 未経験の方向け 1週間プログラム
・1日目：会社説明、安全衛生講習、作業場の見学
・2日目：先輩の隣で検品の実演を見学して、午後から一緒に作業
・3日目：梱包の袋詰め・箱詰めを先輩と一緒に担当
・4日目：シール貼りと仕分けを一人で担当。先輩は同じ作業台で見守ります
・5日目：検品から仕分けまでを通しで経験
覚えることは3ステップの繰り返し。資格や専門知識はいりません。

◆ 職場環境
・空調完備：冷暖房が効いた清潔な室内で、夏も冬も快適
・休憩室：電子レンジ・冷蔵庫・ポット・自動販売機あり。お弁当持参でもゆっくり過ごせます
・ロッカー：鍵付きの個人ロッカーで貴重品も安心
・服装：髪色・ネイルは自由。動きやすい服装で通勤して、現場のルールに沿って作業します

◆ 熊谷営業所ならではの一言
JR高崎線・上越新幹線・秩父鉄道が乗り入れる熊谷駅が最寄りで、県北の交通の中心です。
県北の中核都市で、周辺には製造業の工場や物流拠点が多く立地しています。
熊谷営業所は熊谷市近郊の勤務先をいくつも担当しているので、「家から近い所がいい」といった希望も気軽に伝えてください。

地元の営業所が、あなたの「初めての正社員」をしっかり支えます。まずは気軽にご応募ください。","【熊谷市近郊で働く魅力】

✅ 先輩の9割以上が未経験スタート
「商品を手に取る」「傷がないか見る」「箱に入れる」の3ステップが基本。専門用語も複雑な機械操作もなく、初日は安全衛生の講習から始まるので安心ですよ。

✅ 残業は月平均6.5時間以内
定時で帰れる日がほとんど。仕事の後に予定を入れたり、家でゆっくりしたり、自分の時間をきちんと確保できますよ。

✅ 黙々・コツコツ派にちょうどいい
ノルマはなく、接客もありません。「一人で集中して作業したい」「人間関係のストレスを減らしたい」という方に向いている環境です。

✅ 休憩室でしっかりリフレッシュ
昼休憩60分に加えて午後の小休憩があって、集中力を保ちやすいリズムです。休憩室にはポットやフリーWi-Fiもあります。

✅ 地域の職場をよく知っている
熊谷営業所は熊谷市近郊の勤務先をいくつも担当しています。「家から近い」「駅から歩ける」といった希望も、遠慮なく伝えてくださいね。

✅ 地元熊谷市で長く働く
県北の中核都市で、周辺には製造業の工場や物流拠点が多く立地しています。JR高崎線・上越新幹線・秩父鉄道が乗り入れる熊谷駅が最寄りで、県北の交通の中心です。

「自分にもできそう」と思えたら、それがスタートの合図。熊谷営業所でお待ちしています。","例外事由3号のイにより、長期キャリア形成を図るため、
35歳以下を募集しております。","【勤務時間】
★9:00~18:00
└実働8時間/休憩1時間

定時ダッシュも問題ないです✧
✧ 土日祝休み
✧ 残業月平均:6.5時間以内
✧ 残業代100%支給","✧ 完全週休2日制(土日祝休み)
✧ 年間休日125日
「土日休みはマスト!」ってあなたにも
ぴったりの職場です!

【その他休暇】
✧ 有給休暇
✧ 夏季・冬季休暇
✧ GW休暇
✧ 年末年始休暇","埼玉県熊谷市筑波3-4 熊谷第2ビル4F

周辺エリアに勤務地多数あり！
お気軽にご相談ください。",熊谷営業所,"月給:25万円~+交通費全額支給

※経験に応じて決定いたします。

# 昇給あり
# 賞与あり
# 残業代100%支給
# 交通費支給","・社会保険完備（雇用・労災・健康・厚生年金）
・時間外手当（残業が発生した場合は別途全額支給）
・退職金制度（当社規定による）
・定期健康診断
・有給休暇・夏季休暇・年末年始休暇
・産前産後休暇・育児休暇・介護休暇
・あんしん資格取得制度（フォークリフト・玉掛け・クレーン・溶接などの講習料・受験料補助）
・入社後研修（仕事の進め方・安全衛生・5S）・定期面談
・制服貸与（当社規定による）
・グループ団体保険への割引加入
・転勤なし","まずは「話を聞いてみる」だけで大丈夫です。

当社ではカジュアル面談を実施しています。
志望動機や自己PRの準備は不要。
「どんな職場？」「本当に未経験でもできる？」といった疑問に、担当者が率直にお答えします。

■ 応募から入社までの3STEP ■
▶ STEP1 WEB応募（1分）
▶ STEP2 カジュアル面談（1回のみ・1〜3日以内にご連絡）
▶ STEP3 採用・入社日のご相談

入社日は柔軟に調整できます。
「来月から」「今の仕事を辞めてから」など、ご都合をお聞かせください。",,即日勤務OK、交通費支給、残業なし,2,任意,生年月日、性別、電話番号,ntf-indeedapplicant-aaaatulx77tci2k2pr5yeqapva@shukatsu-labo.slack.com,,,利用しない,,
募集中,株式会社テクノ・サービス,未経験｜検品・梱包｜株式会社テクノ・サービス｜川越営業所,倉庫作業スタッフ,20～30代活躍中◎川越市｜年間休日125日・完全週休2日の検品・梱包,,埼玉県 川越市 脇田本町,,,正社員,はい,月給,250000,,最低額を表示,なし,,,,,,,固定時間制,160,,厚生年金、健康保険、雇用保険、労災保険,,なし,,,,,,,,,,,,,,,,,,"埼玉県川越市近郊で、検品・梱包スタッフ（正社員）を募集しています。
勤務先は川越営業所の周辺エリア（川越市近郊）にある物流センター。衣類・コスメ・文房具などの軽い商品を、目で確認して、数を合わせて、袋や箱に納めていきます。
「難しいことは苦手」という方でも、3日ほどで流れがつかめますよ。

◆ ある日のスケジュール
09:00 出勤・朝礼。リーダーから連絡事項の共有
09:10 ハンディ端末でバーコードを読み取り、品番と個数を照合
10:30 小休憩（10分）
12:00 昼休憩（60分）。お弁当派も、近くで買ってくる派もいます
13:00 午後は梱包。ダンボールを組み立て、商品が動かないように納めます
15:00 小休憩（15分）
15:15 出荷準備。伝票シールを貼って配送業者ごとにコンテナへ
17:45 清掃と日報の記入
18:00 定時退勤。土日祝休みなので、明日の予定も立てやすいですね

◆ お仕事の中身
・検品：商品の外観チェック（傷・汚れ・へこみ）と数量・品番の照合
・スキャン：バーコードリーダーで「ピッ」と読み取ってデータと突き合わせ
・梱包：袋詰め、緩衝材包装、ダンボールの組み立てと箱詰め、テープ留め
・仕上げ：ラベル貼りと配送地域別の仕分け
扱うのはアパレル、コスメ、文房具、小型雑貨など。繰り返すうちに手が覚えていく作業です。

◆ 入社後1週間の流れ
1日目：川越営業所でオリエンテーション。仕事の進め方、安全衛生、5Sの基本を説明します
2〜3日目：先輩スタッフがマンツーマンで隣について、検品の見方と梱包の手順を実演しながら教えます
4〜5日目：シール貼りやダンボールの組み立てから一人で担当。分からないことはその場で聞けます
1週間後：検品〜仕分けまでの流れをひと通り経験して、自分のペースで進められるように
「早ければ半日、遅くとも2〜3日で一人立ち」が現場の目安。慣れるまでは焦らず一緒にやりましょう。

◆ 設備のポイント
・冷暖房完備の室内作業で、季節や天候に左右されません
・休憩室に電子レンジ・冷蔵庫・ポットがあって、フリーWi-Fiも使えます
・個人用の鍵付きロッカーを完備
・髪色・ネイル・服装は自由。清潔感があれば普段のスタイルのままで大丈夫

◆ 埼玉県川越市で働くということ
小江戸の街並みで知られる一方、郊外には物流施設や工場も多く立地しています。
JR川越線・東武東上線・西武新宿線の3路線が使え、都内・県内どちらからも通いやすい街です。
川越営業所のスタッフは地元の職場をよく知っています。通勤のしやすさや職場の雰囲気など、気になることは何でも聞いてくださいね。

地元の営業所が、あなたの「初めての正社員」をしっかり支えます。まずは気軽にご応募ください。","【川越営業所からのアピールポイント】

✅ 先輩の9割以上が未経験スタート
「商品を手に取る」「傷がないか見る」「箱に入れる」の3ステップが基本。専門用語も複雑な機械操作もなく、初日は安全衛生の講習から始まるので安心ですよ。

✅ 土日祝休み・年間休日125日
完全週休2日制でカレンダー通りに休めます。夏季・冬季休暇、GW、年末年始のまとまった休みもあって、予定を立てやすい働き方です。

✅ 黙々・コツコツ派にちょうどいい
ノルマはなく、接客もありません。「一人で集中して作業したい」「人間関係のストレスを減らしたい」という方に向いている環境です。

✅ 休憩室でしっかりリフレッシュ
昼休憩60分に加えて午後の小休憩があって、集中力を保ちやすいリズムです。休憩室にはポットやフリーWi-Fiもあります。

✅ 正社員としての安定
正社員雇用に加えて、社会保険完備、退職金制度（規定あり）、資格取得支援制度があります。「地元で腰を据えて働きたい」という希望に応えられる環境です。

✅ 地元川越市で長く働く
小江戸の街並みで知られる一方、郊外には物流施設や工場も多く立地しています。JR川越線・東武東上線・西武新宿線の3路線が使え、都内・県内どちらからも通いやすい街です。

まずはカジュアル面談で、職場の雰囲気や1日の流れをお伝えします。気軽にご応募ください。","例外事由3号のイにより、長期キャリア形成を図るため、
35歳以下を募集しております。","【勤務時間】
★9:00~18:00
└実働8時間/休憩1時間

定時ダッシュも問題ないです✧
✧ 土日祝休み
✧ 残業月平均:6.5時間以内
✧ 残業代100%支給","✧ 完全週休2日制(土日祝休み)
✧ 年間休日125日
「土日休みはマスト!」ってあなたにも
ぴったりの職場です!

【その他休暇】
✧ 有給休暇
✧ 夏季・冬季休暇
✧ GW休暇
✧ 年末年始休暇","埼玉県川越市脇田本町15-13 東上パールビル6F

周辺エリアに勤務地多数あり！
お気軽にご相談ください。",川越営業所,"月給:25万円~+交通費全額支給

※経験に応じて決定いたします。

# 昇給あり
# 賞与あり
# 残業代100%支給
# 交通費支給","・社会保険完備（雇用・労災・健康・厚生年金）
・時間外手当（残業が発生した場合は別途全額支給）
・退職金制度（当社規定による）
・定期健康診断
・有給休暇・夏季休暇・年末年始休暇
・産前産後休暇・育児休暇・介護休暇
・あんしん資格取得制度（フォークリフト・玉掛け・クレーン・溶接などの講習料・受験料補助）
・入社後研修（仕事の進め方・安全衛生・5S）・定期面談
・制服貸与（当社規定による）
・グループ団体保険への割引加入
・転勤なし","【最短スケジュールのイメージ】

▶ STEP1 今日：WEBから1分で応募
▶ STEP2 1〜3日後：担当者からご連絡 → カジュアル面談の日程調整
▶ STEP3 面談当日：カジュアル面談（1回のみ）→ 採用のご連絡

面談では、職場の雰囲気・1日の流れ・通勤のことなど、
気になることを何でも聞いてください。

✧ 入社日はご相談いただけます ✧
「すぐ働きたい」「少し先がいい」どちらのご希望にも対応します。",,即日勤務OK、交通費支給、残業なし,2,任意,生年月日、性別、電話番号,ntf-indeedapplicant-aaaatulx77tci2k2pr5yeqapva@shukatsu-labo.slack.com,,,利用しない,,
募集中,株式会社テクノ・サービス,未経験｜検品・梱包｜株式会社テクノ・サービス｜越谷営業所,倉庫作業スタッフ,20～30代活躍中◎地域密着｜越谷市エリアで検品・梱包を一から,,埼玉県 越谷市 南越谷,,,正社員,はい,月給,250000,,最低額を表示,なし,,,,,,,固定時間制,160,,厚生年金、健康保険、雇用保険、労災保険,,なし,,,,,,,,,,,,,,,,,,"コツコツ作業が好きな方、集中して黙々と働きたい方に向いている検品・梱包のお仕事です。
勤務先は越谷営業所の周辺エリア（越谷市近郊）にある物流センター。1年中快適な温度の倉庫で、自分の作業台を担当します。
越谷営業所では入社後も定期的に面談をして、困りごとがあればすぐにフォローしますね。

◆ 入社後はこんな1日
09:00 朝礼。体調チェックと当日の出荷量を共有
09:15 午前は検品。外観を目視で確認して、気になる商品は別置きにしてリーダーへ
12:00 昼休憩（60分）
13:00 午後は梱包。袋詰め→箱詰め→テープ留めの3工程を繰り返します
15:00 小休憩（15分）。自動販売機で飲み物を買ってリフレッシュ
15:15 当日出荷分の最終チェックと仕分けを全員で仕上げます
17:45 作業スペースの清掃
18:00 退勤。残業は月平均6.5時間以内に収まっています

◆ 扱う商品・作業の具体例
・衣類・タオル：ほつれや汚れがないか確認して、透明袋に入れます
・コスメ・ガラス小物：割れないように緩衝材で包んでから箱へ
・文房具・生活雑貨：品番と個数を納品書と照合して、まとめて袋詰め
・出荷箱：伝票シールと「割れ物注意」などの注意シールを所定の位置に貼ります
どれも片手〜両手で持てるサイズで、重い物を持ち上げることはありません。

◆ 教育・研修のこと
入社初日は安全衛生の講習とオリエンテーションから。いきなり一人で現場に立つことはありません。
2日目以降は専任の先輩が隣について、検品・梱包の手順を実際にやって見せながら教えますよ。
最初の1週間は「見る→一緒にやる→一人でやる」の順で担当を広げて、1週間後にはひと通りの作業を経験できます。
越谷営業所の担当者も定期面談で様子を聞くので、職場に言いにくいことも相談してくださいね。

◆ 職場環境
・空調完備：冷暖房が効いた清潔な室内で、夏も冬も快適
・休憩室：電子レンジ・冷蔵庫・ポット・自動販売機あり。お弁当持参でもゆっくり過ごせます
・ロッカー：鍵付きの個人ロッカーで貴重品も安心
・服装：髪色・ネイルは自由。動きやすい服装で通勤して、現場のルールに沿って作業します

◆ 埼玉県越谷市で働くということ
大型商業施設で知られる一方、市内には配送センターや物流拠点も多く集まっています。
東武スカイツリーラインとJR武蔵野線が交わる南越谷駅・新越谷駅が最寄りで、都内からも通いやすい立地です。
越谷営業所のスタッフは地元の職場をよく知っています。通勤のしやすさや職場の雰囲気など、気になることは何でも聞いてくださいね。

「難しいことはできないけど、コツコツ続けるのは得意」という方、ぜひ越谷営業所に会いに来てください。","【越谷市近郊で働く魅力】

✅ 資格・経験・学歴は問いません
必要なのは「丁寧に確認する姿勢」だけ。仕事のやり方は入社後にお伝えします。フォークリフトなどの資格を取りたくなったら、講習料や受験料を補助する制度もあります。

✅ 残業は月平均6.5時間以内
定時で帰れる日がほとんど。仕事の後に予定を入れたり、家でゆっくりしたり、自分の時間をきちんと確保できますよ。

✅ 重い荷物はほとんどなし
扱うのは衣類・コスメ・文房具・小型雑貨など軽い商品が中心。力仕事はほぼなくて、身体への負担を抑えて長く続けられます。

✅ 休憩室でしっかりリフレッシュ
昼休憩60分に加えて午後の小休憩があって、集中力を保ちやすいリズムです。休憩室にはポットやフリーWi-Fiもあります。

✅ 営業所が近いから、すぐ相談できる
越谷営業所の担当者が入社後も定期的に面談します。職場では言いにくいことも、営業所でなら話しやすいはず。転勤もありません。

✅ 地元越谷市で長く働く
大型商業施設で知られる一方、市内には配送センターや物流拠点も多く集まっています。東武スカイツリーラインとJR武蔵野線が交わる南越谷駅・新越谷駅が最寄りで、都内からも通いやすい立地です。

「自分にもできそう」と思えたら、それがスタートの合図。越谷営業所でお待ちしています。","例外事由3号のイにより、長期キャリア形成を図るため、
35歳以下を募集しております。","【勤務時間】
★9:00~18:00
└実働8時間/休憩1時間

定時ダッシュも問題ないです✧
✧ 土日祝休み
✧ 残業月平均:6.5時間以内
✧ 残業代100%支給","✧ 完全週休2日制(土日祝休み)
✧ 年間休日125日
「土日休みはマスト!」ってあなたにも
ぴったりの職場です!

【その他休暇】
✧ 有給休暇
✧ 夏季・冬季休暇
✧ GW休暇
✧ 年末年始休暇","埼玉県越谷市南越谷1-15-1 ラクーン4F

周辺エリアに勤務地多数あり！
お気軽にご相談ください。",越谷営業所,"月給:25万円~+交通費全額支給

※経験に応じて決定いたします。

# 昇給あり
# 賞与あり
# 残業代100%支給
# 交通費支給","・社会保険完備（雇用・労災・健康・厚生年金）
・時間外手当（残業が発生した場合は別途全額支給）
・退職金制度（当社規定による）
・定期健康診断
・有給休暇・夏季休暇・年末年始休暇
・産前産後休暇・育児休暇・介護休暇
・あんしん資格取得制度（フォークリフト・玉掛け・クレーン・溶接などの講習料・受験料補助）
・入社後研修（仕事の進め方・安全衛生・5S）・定期面談
・制服貸与（当社規定による）
・グループ団体保険への割引加入
・転勤なし","■ 選考について ■
・カジュアル面談：1回のみ（服装自由・履歴書任意）
・応募から面談まで：WEB応募後、1〜3日以内にご連絡
・入社日：ご相談のうえ決定

■ 応募からの流れ ■
▶ STEP1 WEBから1分で応募
▶ STEP2 カジュアル面談（1回のみ）
▶ STEP3 採用

「まずは話だけ聞いてみたい」という方も、そのままご応募ください。
面談で無理に応募を勧めることはありません。",,即日勤務OK、交通費支給、残業なし,2,任意,生年月日、性別、電話番号,ntf-indeedapplicant-aaaatulx77tci2k2pr5yeqapva@shukatsu-labo.slack.com,,,利用しない,,
募集中,株式会社テクノ・サービス,未経験｜検品・梱包｜株式会社テクノ・サービス｜さいたま営業所,倉庫作業スタッフ,20～30代活躍中◎さいたま市大宮区｜空調完備の室内でコツコツ作業,,埼玉県 さいたま市 大宮区 仲町,,,正社員,はい,月給,250000,,最低額を表示,なし,,,,,,,固定時間制,160,,健康保険、雇用保険、労災保険、厚生年金,,なし,,,,,,,,,,,,,,,,,,"さいたま営業所の周辺エリア（さいたま市大宮区近郊）にある物流センターで、検品・梱包を担当する正社員スタッフを募集しますよ。
扱うのは通販のアパレル商品や雑貨、コスメなど軽いものばかり。空調の効いたきれいな倉庫で、商品をチェックして箱に詰めるシンプルな作業です。
さいたま営業所が近くにあるので、困ったときはすぐに顔を合わせて相談できます。

◆ ある日のスケジュール
09:00 出勤・朝礼。リーダーから連絡事項の共有
09:10 ハンディ端末でバーコードを読み取り、品番と個数を照合
10:30 小休憩（10分）
12:00 昼休憩（60分）。お弁当派も、近くで買ってくる派もいます
13:00 午後は梱包。ダンボールを組み立て、商品が動かないように納めます
15:00 小休憩（15分）
15:15 出荷準備。伝票シールを貼って配送業者ごとにコンテナへ
17:45 清掃と日報の記入
18:00 定時退勤。土日祝休みなので、明日の予定も立てやすいですね

◆ 扱う商品・作業の具体例
・衣類・タオル：ほつれや汚れがないか確認して、透明袋に入れます
・コスメ・ガラス小物：割れないように緩衝材で包んでから箱へ
・文房具・生活雑貨：品番と個数を納品書と照合して、まとめて袋詰め
・出荷箱：伝票シールと「割れ物注意」などの注意シールを所定の位置に貼ります
どれも片手〜両手で持てるサイズで、重い物を持ち上げることはありません。

◆ 未経験の方向け 1週間プログラム
・1日目：会社説明、安全衛生講習、作業場の見学
・2日目：先輩の隣で検品の実演を見学して、午後から一緒に作業
・3日目：梱包の袋詰め・箱詰めを先輩と一緒に担当
・4日目：シール貼りと仕分けを一人で担当。先輩は同じ作業台で見守ります
・5日目：検品から仕分けまでを通しで経験
覚えることは3ステップの繰り返し。資格や専門知識はいりません。

◆ 働く環境
作業場は1年中空調が効いていて、「夏は暑くて汗だく」「冬は手がかじかむ」という心配がありません。
休憩室は広くて、電子レンジや冷蔵庫、自動販売機が揃っています。
鍵付きロッカーがあるので、貴重品の管理も安心ですよ。
服装や髪色は自由で、自分らしいスタイルのまま通勤できます。

◆ さいたま営業所ならではの一言
JR各線・東武線・ニューシャトルが集まる大宮駅が最寄りで、県内各方面から通いやすい立地です。
埼玉のターミナルとして商業施設が充実し、相談や面談にも立ち寄りやすい場所です。
さいたま営業所はさいたま市大宮区近郊の勤務先をいくつも担当しているので、「家から近い所がいい」といった希望も気軽に伝えてください。

地元の営業所が、あなたの「初めての正社員」をしっかり支えます。まずは気軽にご応募ください。","【さいたま営業所からのアピールポイント】

✅ 資格・経験・学歴は問いません
必要なのは「丁寧に確認する姿勢」だけ。仕事のやり方は入社後にお伝えします。フォークリフトなどの資格を取りたくなったら、講習料や受験料を補助する制度もあります。

✅ 土日祝休み・年間休日125日
完全週休2日制でカレンダー通りに休めます。夏季・冬季休暇、GW、年末年始のまとまった休みもあって、予定を立てやすい働き方です。

✅ 重い荷物はほとんどなし
扱うのは衣類・コスメ・文房具・小型雑貨など軽い商品が中心。力仕事はほぼなくて、身体への負担を抑えて長く続けられます。

✅ 休憩室でしっかりリフレッシュ
昼休憩60分に加えて午後の小休憩があって、集中力を保ちやすいリズムです。休憩室にはポットやフリーWi-Fiもあります。

✅ 地域の職場をよく知っている
さいたま営業所はさいたま市大宮区近郊の勤務先をいくつも担当しています。「家から近い」「駅から歩ける」といった希望も、遠慮なく伝えてくださいね。

✅ さいたま市大宮区近郊で通いやすい
JR各線・東武線・ニューシャトルが集まる大宮駅が最寄りで、県内各方面から通いやすい立地です。埼玉のターミナルとして商業施設が充実し、相談や面談にも立ち寄りやすい場所です。

まずはカジュアル面談で、職場の雰囲気や1日の流れをお伝えします。気軽にご応募ください。","例外事由3号のイにより、長期キャリア形成を図るため、
35歳以下を募集しております。","【勤務時間】
★9:00~18:00
└実働8時間/休憩1時間

定時ダッシュも問題ないです✧
✧ 土日祝休み
✧ 残業月平均:6.5時間以内
✧ 残業代100%支給","✧ 完全週休2日制(土日祝休み)
✧ 年間休日125日
「土日休みはマスト!」ってあなたにも
ぴったりの職場です!

【その他休暇】
✧ 有給休暇
✧ 夏季・冬季休暇
✧ GW休暇
✧ 年末年始休暇","埼玉県さいたま市大宮区仲町3-13-1 住友生命大宮第2ビル3F

周辺エリアに勤務地多数あり！
お気軽にご相談ください。",さいたま営業所,"月給:25万円~+交通費全額支給

※経験に応じて決定いたします。

# 昇給あり
# 賞与あり
# 残業代100%支給
# 交通費支給","・社会保険完備（雇用・労災・健康・厚生年金）
・時間外手当（残業が発生した場合は別途全額支給）
・退職金制度（当社規定による）
・定期健康診断
・有給休暇・夏季休暇・年末年始休暇
・産前産後休暇・育児休暇・介護休暇
・あんしん資格取得制度（フォークリフト・玉掛け・クレーン・溶接などの講習料・受験料補助）
・入社後研修（仕事の進め方・安全衛生・5S）・定期面談
・制服貸与（当社規定による）
・グループ団体保険への割引加入
・転勤なし","✧ カジュアル面談実施中です ✧

応募に必要なのは人柄だけ。
まずはあなたのご希望を聞かせてください。

■ 応募からの流れ ■
▶ STEP1 WEBから1分で簡単応募
1〜3日以内に担当者からご連絡します。
▶ STEP2 カジュアル面談（1回のみ）
職場の雰囲気や1日の流れをお伝えし、ご希望を伺います。
▶ STEP3 採用

※入社日はご相談いただけます◎
在職中の方も、お気軽にご相談ください。",,即日勤務OK、交通費支給、残業なし,2,任意,生年月日、性別、電話番号,ntf-indeedapplicant-aaaatulx77tci2k2pr5yeqapva@shukatsu-labo.slack.com,,,利用しない,,
募集中,株式会社テクノ・サービス,未経験｜検品・梱包｜株式会社テクノ・サービス｜さいたま営業所（さいたま市大宮区）,倉庫作業スタッフ,20～30代活躍中◎定時で帰れる｜さいたま市大宮区近郊の検品・梱包スタッフ,,埼玉県 さいたま市 大宮区 仲町,,,正社員,はい,月給,250000,,最低額を表示,なし,,,,,,,固定時間制,160,,健康保険、雇用保険、労災保険、厚生年金,,なし,,,,,,,,,,,,,,,,,,"「地元で、無理なく、正社員として働きたい」そんな方にちょうどいいお仕事です。
勤務先はさいたま営業所の周辺エリア（さいたま市大宮区近郊）にある物流センター。届いた商品に不備がないか確認して、丁寧に梱包して出荷準備をするのが仕事です。
冷暖房完備の室内で、重い荷物を運ぶことはほとんどありません。

◆ 入社後はこんな1日
09:00 朝礼。体調チェックと当日の出荷量を共有
09:15 午前は検品。外観を目視で確認して、気になる商品は別置きにしてリーダーへ
12:00 昼休憩（60分）
13:00 午後は梱包。袋詰め→箱詰め→テープ留めの3工程を繰り返します
15:00 小休憩（15分）。自動販売機で飲み物を買ってリフレッシュ
15:15 当日出荷分の最終チェックと仕分けを全員で仕上げます
17:45 作業スペースの清掃
18:00 退勤。残業は月平均6.5時間以内に収まっています

◆ 作業は3ステップだけ
1. 検品：商品を手に取って、傷・汚れ・数量を確認。迷ったら「保留」箱に入れてリーダーに聞くだけ
2. 梱包：商品に合わせて袋・緩衝材・箱を選んで、動かないように納めてテープで封をします
3. 仕分け：伝票シールを貼って、配送地域ごとのコンテナへ
衣類・雑貨・コスメ・文房具などの軽い商品が中心で、フォークリフトなどの機械操作はありません。

◆ 未経験の方向け 1週間プログラム
・1日目：会社説明、安全衛生講習、作業場の見学
・2日目：先輩の隣で検品の実演を見学して、午後から一緒に作業
・3日目：梱包の袋詰め・箱詰めを先輩と一緒に担当
・4日目：シール貼りと仕分けを一人で担当。先輩は同じ作業台で見守ります
・5日目：検品から仕分けまでを通しで経験
覚えることは3ステップの繰り返し。資格や専門知識はいりません。

◆ 設備のポイント
・冷暖房完備の室内作業で、季節や天候に左右されません
・休憩室に電子レンジ・冷蔵庫・ポットがあって、フリーWi-Fiも使えます
・個人用の鍵付きロッカーを完備
・髪色・ネイル・服装は自由。清潔感があれば普段のスタイルのままで大丈夫

◆ 埼玉県さいたま市大宮区で働くということ
埼玉のターミナルとして商業施設が充実し、相談や面談にも立ち寄りやすい場所です。
JR各線・東武線・ニューシャトルが集まる大宮駅が最寄りで、県内各方面から通いやすい立地です。
さいたま営業所のスタッフは地元の職場をよく知っています。通勤のしやすさや職場の雰囲気など、気になることは何でも聞いてくださいね。

地元の営業所が、あなたの「初めての正社員」をしっかり支えます。まずは気軽にご応募ください。","【さいたま市大宮区近郊で働く魅力】

✅ マンツーマンで覚えられる
専任の先輩が隣について、実演しながら手順を説明します。最初はシール貼りやダンボールの組み立てから始めて、1週間でひと通りの流れを経験できます。

✅ 9:00〜18:00の固定時間制
毎日同じリズムで働けるので、生活のペースが安定します。土日祝がお休みなので、友人や家族との予定も合わせやすいですね。

✅ 黙々・コツコツ派にちょうどいい
ノルマはなく、接客もありません。「一人で集中して作業したい」「人間関係のストレスを減らしたい」という方に向いている環境です。

✅ 髪色・ネイル・服装は自由
清潔感があれば普段のスタイルのままで大丈夫。動きやすい服装で通勤して、現場のルールに沿って作業します。

✅ 正社員としての安定
正社員雇用に加えて、社会保険完備、退職金制度（規定あり）、資格取得支援制度があります。「地元で腰を据えて働きたい」という希望に応えられる環境です。

✅ さいたま市大宮区近郊で通いやすい
JR各線・東武線・ニューシャトルが集まる大宮駅が最寄りで、県内各方面から通いやすい立地です。埼玉のターミナルとして商業施設が充実し、相談や面談にも立ち寄りやすい場所です。

「自分にもできそう」と思えたら、それがスタートの合図。さいたま営業所でお待ちしています。","例外事由3号のイにより、長期キャリア形成を図るため、
35歳以下を募集しております。","【勤務時間】
★9:00~18:00
└実働8時間/休憩1時間

定時ダッシュも問題ないです✧
✧ 土日祝休み
✧ 残業月平均:6.5時間以内
✧ 残業代100%支給","✧ 完全週休2日制(土日祝休み)
✧ 年間休日125日
「土日休みはマスト!」ってあなたにも
ぴったりの職場です!

【その他休暇】
✧ 有給休暇
✧ 夏季・冬季休暇
✧ GW休暇
✧ 年末年始休暇","埼玉県さいたま市大宮区仲町3-13-1 住友生命大宮第2ビル3F

周辺エリアに勤務地多数あり！
お気軽にご相談ください。",さいたま営業所,"月給:25万円~+交通費全額支給

※経験に応じて決定いたします。

# 昇給あり
# 賞与あり
# 残業代100%支給
# 交通費支給","・社会保険完備（雇用・労災・健康・厚生年金）
・時間外手当（残業が発生した場合は別途全額支給）
・退職金制度（当社規定による）
・定期健康診断
・有給休暇・夏季休暇・年末年始休暇
・産前産後休暇・育児休暇・介護休暇
・あんしん資格取得制度（フォークリフト・玉掛け・クレーン・溶接などの講習料・受験料補助）
・入社後研修（仕事の進め方・安全衛生・5S）・定期面談
・制服貸与（当社規定による）
・グループ団体保険への割引加入
・転勤なし","【応募前の「気になる」にお答えします】

Q. 面接は堅苦しいですか？
A. いいえ。カジュアル面談を1回行うだけです。服装も自由、履歴書も任意です。

Q. 応募してからどのくらいで決まりますか？
A. 3ステップで進みます。
▶ STEP1 WEBから応募（1分）→ 1〜3日以内にご連絡
▶ STEP2 カジュアル面談（1回のみ）
▶ STEP3 採用

Q. すぐには入社できないのですが…
A. 入社日はご相談いただけます。今のお仕事の引き継ぎ期間なども考慮します。",,即日勤務OK、交通費支給、残業なし,2,任意,生年月日、性別、電話番号,ntf-indeedapplicant-aaaatulx77tci2k2pr5yeqapva@shukatsu-labo.slack.com,,,利用しない,,
募集中,株式会社テクノ・サービス,未経験｜検品・梱包｜株式会社テクノ・サービス｜越谷営業所（越谷市）,倉庫作業スタッフ,20～30代活躍中◎越谷市｜地元で腰を据えて働く軽作業,,埼玉県 越谷市 南越谷,,,正社員,はい,月給,250000,,最低額を表示,なし,,,,,,,固定時間制,160,,厚生年金、健康保険、雇用保険、労災保険,,なし,,,,,,,,,,,,,,,,,,"埼玉県越谷市近郊で、検品・梱包スタッフ（正社員）を募集しています。
勤務先は越谷営業所の周辺エリア（越谷市近郊）にある物流センター。衣類・コスメ・文房具などの軽い商品を、目で確認して、数を合わせて、袋や箱に納めていきます。
「難しいことは苦手」という方でも、3日ほどで流れがつかめますよ。

◆ 1日の流れ（9:00〜18:00・休憩1時間）
09:00 朝礼。今日の出荷予定と担当作業を確認
09:15 検品スタート。商品の傷・汚れ・数量を納品書と照らし合わせます
12:00 昼休憩（60分）。休憩室で昼食。電子レンジや冷蔵庫も使えます
13:00 梱包スタート。袋詰め、緩衝材で包む、箱に納めるの繰り返し
15:00 小休憩（15分）。飲み物を片手にひと息
15:15 ラベル貼りと出荷先ごとの仕分け
17:45 作業台の片づけと翌日の資材準備
18:00 退勤。残業は月平均6.5時間以内で、定時で帰れる日が大半ですよ

◆ 作業は3ステップだけ
1. 検品：商品を手に取って、傷・汚れ・数量を確認。迷ったら「保留」箱に入れてリーダーに聞くだけ
2. 梱包：商品に合わせて袋・緩衝材・箱を選んで、動かないように納めてテープで封をします
3. 仕分け：伝票シールを貼って、配送地域ごとのコンテナへ
衣類・雑貨・コスメ・文房具などの軽い商品が中心で、フォークリフトなどの機械操作はありません。

◆ 入社後1週間の流れ
1日目：越谷営業所でオリエンテーション。仕事の進め方、安全衛生、5Sの基本を説明します
2〜3日目：先輩スタッフがマンツーマンで隣について、検品の見方と梱包の手順を実演しながら教えます
4〜5日目：シール貼りやダンボールの組み立てから一人で担当。分からないことはその場で聞けます
1週間後：検品〜仕分けまでの流れをひと通り経験して、自分のペースで進められるように
「早ければ半日、遅くとも2〜3日で一人立ち」が現場の目安。慣れるまでは焦らず一緒にやりましょう。

◆ 働く環境
作業場は1年中空調が効いていて、「夏は暑くて汗だく」「冬は手がかじかむ」という心配がありません。
休憩室は広くて、電子レンジや冷蔵庫、自動販売機が揃っています。
鍵付きロッカーがあるので、貴重品の管理も安心ですよ。
服装や髪色は自由で、自分らしいスタイルのまま通勤できます。

◆ 埼玉県越谷市で働くということ
大型商業施設で知られる一方、市内には配送センターや物流拠点も多く集まっています。
東武スカイツリーラインとJR武蔵野線が交わる南越谷駅・新越谷駅が最寄りで、都内からも通いやすい立地です。
越谷営業所のスタッフは地元の職場をよく知っています。通勤のしやすさや職場の雰囲気など、気になることは何でも聞いてくださいね。

「難しいことはできないけど、コツコツ続けるのは得意」という方、ぜひ越谷営業所に会いに来てください。","【越谷営業所からのアピールポイント】

✅ マンツーマンで覚えられる
専任の先輩が隣について、実演しながら手順を説明します。最初はシール貼りやダンボールの組み立てから始めて、1週間でひと通りの流れを経験できます。

✅ 残業は月平均6.5時間以内
定時で帰れる日がほとんど。仕事の後に予定を入れたり、家でゆっくりしたり、自分の時間をきちんと確保できますよ。

✅ 黙々・コツコツ派にちょうどいい
ノルマはなく、接客もありません。「一人で集中して作業したい」「人間関係のストレスを減らしたい」という方に向いている環境です。

✅ 髪色・ネイル・服装は自由
清潔感があれば普段のスタイルのままで大丈夫。動きやすい服装で通勤して、現場のルールに沿って作業します。

✅ 営業所が近いから、すぐ相談できる
越谷営業所の担当者が入社後も定期的に面談します。職場では言いにくいことも、営業所でなら話しやすいはず。転勤もありません。

✅ 越谷市近郊で通いやすい
東武スカイツリーラインとJR武蔵野線が交わる南越谷駅・新越谷駅が最寄りで、都内からも通いやすい立地です。大型商業施設で知られる一方、市内には配送センターや物流拠点も多く集まっています。

まずはカジュアル面談で、職場の雰囲気や1日の流れをお伝えします。気軽にご応募ください。","例外事由3号のイにより、長期キャリア形成を図るため、
35歳以下を募集しております。","【勤務時間】
★9:00~18:00
└実働8時間/休憩1時間

定時ダッシュも問題ないです✧
✧ 土日祝休み
✧ 残業月平均:6.5時間以内
✧ 残業代100%支給","✧ 完全週休2日制(土日祝休み)
✧ 年間休日125日
「土日休みはマスト!」ってあなたにも
ぴったりの職場です!

【その他休暇】
✧ 有給休暇
✧ 夏季・冬季休暇
✧ GW休暇
✧ 年末年始休暇","埼玉県越谷市南越谷1-15-1 ラクーン4F

周辺エリアに勤務地多数あり！
お気軽にご相談ください。",越谷営業所,"月給:25万円~+交通費全額支給

※経験に応じて決定いたします。

# 昇給あり
# 賞与あり
# 残業代100%支給
# 交通費支給","・社会保険完備（雇用・労災・健康・厚生年金）
・時間外手当（残業が発生した場合は別途全額支給）
・退職金制度（当社規定による）
・定期健康診断
・有給休暇・夏季休暇・年末年始休暇
・産前産後休暇・育児休暇・介護休暇
・あんしん資格取得制度（フォークリフト・玉掛け・クレーン・溶接などの講習料・受験料補助）
・入社後研修（仕事の進め方・安全衛生・5S）・定期面談
・制服貸与（当社規定による）
・グループ団体保険への割引加入
・転勤なし","まずは「話を聞いてみる」だけで大丈夫です。

当社ではカジュアル面談を実施しています。
志望動機や自己PRの準備は不要。
「どんな職場？」「本当に未経験でもできる？」といった疑問に、担当者が率直にお答えします。

■ 応募から入社までの3STEP ■
▶ STEP1 WEB応募（1分）
▶ STEP2 カジュアル面談（1回のみ・1〜3日以内にご連絡）
▶ STEP3 採用・入社日のご相談

入社日は柔軟に調整できます。
「来月から」「今の仕事を辞めてから」など、ご都合をお聞かせください。",,即日勤務OK、交通費支給、残業なし,2,任意,生年月日、性別、電話番号,ntf-indeedapplicant-aaaatulx77tci2k2pr5yeqapva@shukatsu-labo.slack.com,,,利用しない,,
募集中,株式会社テクノ・サービス,未経験｜検品・梱包｜株式会社テクノ・サービス｜川越営業所（川越市）,倉庫作業スタッフ,20～30代活躍中◎重い荷物なし｜川越市で始めるシンプル軽作業,,埼玉県 川越市 脇田本町,,,正社員,はい,月給,250000,,最低額を表示,なし,,,,,,,固定時間制,160,,厚生年金、健康保険、雇用保険、労災保険,,なし,,,,,,,,,,,,,,,,,,"コツコツ作業が好きな方、集中して黙々と働きたい方に向いている検品・梱包のお仕事です。
勤務先は川越営業所の周辺エリア（川越市近郊）にある物流センター。1年中快適な温度の倉庫で、自分の作業台を担当します。
川越営業所では入社後も定期的に面談をして、困りごとがあればすぐにフォローしますね。

◆ ある日のスケジュール
09:00 出勤・朝礼。リーダーから連絡事項の共有
09:10 ハンディ端末でバーコードを読み取り、品番と個数を照合
10:30 小休憩（10分）
12:00 昼休憩（60分）。お弁当派も、近くで買ってくる派もいます
13:00 午後は梱包。ダンボールを組み立て、商品が動かないように納めます
15:00 小休憩（15分）
15:15 出荷準備。伝票シールを貼って配送業者ごとにコンテナへ
17:45 清掃と日報の記入
18:00 定時退勤。土日祝休みなので、明日の予定も立てやすいですね

◆ こんな商品を扱います
通販サイトで人気のアパレル商品、生活雑貨、コスメ、文房具が中心です。
・シャツやタオルを畳んで透明袋へ
・コスメ容器のひび割れを目視で確認
・文房具のセット品を指定の個数で袋詰め
・箱にラベルを貼って配送業者ごとの台車へ
作業台の高さも調整されていて、身体への負担を抑えて働けます。

◆ 教育・研修のこと
入社初日は安全衛生の講習とオリエンテーションから。いきなり一人で現場に立つことはありません。
2日目以降は専任の先輩が隣について、検品・梱包の手順を実際にやって見せながら教えますよ。
最初の1週間は「見る→一緒にやる→一人でやる」の順で担当を広げて、1週間後にはひと通りの作業を経験できます。
川越営業所の担当者も定期面談で様子を聞くので、職場に言いにくいことも相談してくださいね。

◆ 設備のポイント
・冷暖房完備の室内作業で、季節や天候に左右されません
・休憩室に電子レンジ・冷蔵庫・ポットがあって、フリーWi-Fiも使えます
・個人用の鍵付きロッカーを完備
・髪色・ネイル・服装は自由。清潔感があれば普段のスタイルのままで大丈夫

◆ 川越営業所ならではの一言
JR川越線・東武東上線・西武新宿線の3路線が使え、都内・県内どちらからも通いやすい街です。
小江戸の街並みで知られる一方、郊外には物流施設や工場も多く立地しています。
川越営業所は川越市近郊の勤務先をいくつも担当しているので、「家から近い所がいい」といった希望も気軽に伝えてください。

地元の営業所が、あなたの「初めての正社員」をしっかり支えます。まずは気軽にご応募ください。","【川越市近郊で働く魅力】

✅ 先輩の9割以上が未経験スタート
「商品を手に取る」「傷がないか見る」「箱に入れる」の3ステップが基本。専門用語も複雑な機械操作もなく、初日は安全衛生の講習から始まるので安心ですよ。

✅ 土日祝休み・年間休日125日
完全週休2日制でカレンダー通りに休めます。夏季・冬季休暇、GW、年末年始のまとまった休みもあって、予定を立てやすい働き方です。

✅ 黙々・コツコツ派にちょうどいい
ノルマはなく、接客もありません。「一人で集中して作業したい」「人間関係のストレスを減らしたい」という方に向いている環境です。

✅ 髪色・ネイル・服装は自由
清潔感があれば普段のスタイルのままで大丈夫。動きやすい服装で通勤して、現場のルールに沿って作業します。

✅ 地域の職場をよく知っている
川越営業所は川越市近郊の勤務先をいくつも担当しています。「家から近い」「駅から歩ける」といった希望も、遠慮なく伝えてくださいね。

✅ 地元川越市で長く働く
小江戸の街並みで知られる一方、郊外には物流施設や工場も多く立地しています。JR川越線・東武東上線・西武新宿線の3路線が使え、都内・県内どちらからも通いやすい街です。

まずはカジュアル面談で、職場の雰囲気や1日の流れをお伝えします。気軽にご応募ください。","例外事由3号のイにより、長期キャリア形成を図るため、
35歳以下を募集しております。","【勤務時間】
★9:00~18:00
└実働8時間/休憩1時間

定時ダッシュも問題ないです✧
✧ 土日祝休み
✧ 残業月平均:6.5時間以内
✧ 残業代100%支給","✧ 完全週休2日制(土日祝休み)
✧ 年間休日125日
「土日休みはマスト!」ってあなたにも
ぴったりの職場です!

【その他休暇】
✧ 有給休暇
✧ 夏季・冬季休暇
✧ GW休暇
✧ 年末年始休暇","埼玉県川越市脇田本町15-13 東上パールビル6F

周辺エリアに勤務地多数あり！
お気軽にご相談ください。",川越営業所,"月給:25万円~+交通費全額支給

※経験に応じて決定いたします。

# 昇給あり
# 賞与あり
# 残業代100%支給
# 交通費支給","・社会保険完備（雇用・労災・健康・厚生年金）
・時間外手当（残業が発生した場合は別途全額支給）
・退職金制度（当社規定による）
・定期健康診断
・有給休暇・夏季休暇・年末年始休暇
・産前産後休暇・育児休暇・介護休暇
・あんしん資格取得制度（フォークリフト・玉掛け・クレーン・溶接などの講習料・受験料補助）
・入社後研修（仕事の進め方・安全衛生・5S）・定期面談
・制服貸与（当社規定による）
・グループ団体保険への割引加入
・転勤なし","【最短スケジュールのイメージ】

▶ STEP1 今日：WEBから1分で応募
▶ STEP2 1〜3日後：担当者からご連絡 → カジュアル面談の日程調整
▶ STEP3 面談当日：カジュアル面談（1回のみ）→ 採用のご連絡

面談では、職場の雰囲気・1日の流れ・通勤のことなど、
気になることを何でも聞いてください。

✧ 入社日はご相談いただけます ✧
「すぐ働きたい」「少し先がいい」どちらのご希望にも対応します。",,即日勤務OK、交通費支給、残業なし,2,任意,生年月日、性別、電話番号,ntf-indeedapplicant-aaaatulx77tci2k2pr5yeqapva@shukatsu-labo.slack.com,,,利用しない,,
募集中,株式会社テクノ・サービス,未経験｜検品・梱包｜株式会社テクノ・サービス｜熊谷営業所（熊谷市）,倉庫作業スタッフ,20～30代活躍中◎熊谷市｜営業所が近いから相談しやすい検品・梱包,,埼玉県 熊谷市 筑波,,,正社員,はい,月給,250000,,最低額を表示,なし,,,,,,,固定時間制,160,,厚生年金、健康保険、雇用保険、労災保険,,なし,,,,,,,,,,,,,,,,,,"熊谷営業所の周辺エリア（熊谷市近郊）にある物流センターで、検品・梱包を担当する正社員スタッフを募集しますよ。
扱うのは通販のアパレル商品や雑貨、コスメなど軽いものばかり。空調の効いたきれいな倉庫で、商品をチェックして箱に詰めるシンプルな作業です。
熊谷営業所が近くにあるので、困ったときはすぐに顔を合わせて相談できます。

◆ 1日の流れ（9:00〜18:00・休憩1時間）
09:00 朝礼。今日の出荷予定と担当作業を確認
09:15 検品スタート。商品の傷・汚れ・数量を納品書と照らし合わせます
12:00 昼休憩（60分）。休憩室で昼食。電子レンジや冷蔵庫も使えます
13:00 梱包スタート。袋詰め、緩衝材で包む、箱に納めるの繰り返し
15:00 小休憩（15分）。飲み物を片手にひと息
15:15 ラベル貼りと出荷先ごとの仕分け
17:45 作業台の片づけと翌日の資材準備
18:00 退勤。残業は月平均6.5時間以内で、定時で帰れる日が大半ですよ

◆ こんな商品を扱います
通販サイトで人気のアパレル商品、生活雑貨、コスメ、文房具が中心です。
・シャツやタオルを畳んで透明袋へ
・コスメ容器のひび割れを目視で確認
・文房具のセット品を指定の個数で袋詰め
・箱にラベルを貼って配送業者ごとの台車へ
作業台の高さも調整されていて、身体への負担を抑えて働けます。

◆ 未経験の方向け 1週間プログラム
・1日目：会社説明、安全衛生講習、作業場の見学
・2日目：先輩の隣で検品の実演を見学して、午後から一緒に作業
・3日目：梱包の袋詰め・箱詰めを先輩と一緒に担当
・4日目：シール貼りと仕分けを一人で担当。先輩は同じ作業台で見守ります
・5日目：検品から仕分けまでを通しで経験
覚えることは3ステップの繰り返し。資格や専門知識はいりません。

◆ 職場環境
・空調完備：冷暖房が効いた清潔な室内で、夏も冬も快適
・休憩室：電子レンジ・冷蔵庫・ポット・自動販売機あり。お弁当持参でもゆっくり過ごせます
・ロッカー：鍵付きの個人ロッカーで貴重品も安心
・服装：髪色・ネイルは自由。動きやすい服装で通勤して、現場のルールに沿って作業します

◆ 熊谷営業所ならではの一言
JR高崎線・上越新幹線・秩父鉄道が乗り入れる熊谷駅が最寄りで、県北の交通の中心です。
県北の中核都市で、周辺には製造業の工場や物流拠点が多く立地しています。
熊谷営業所は熊谷市近郊の勤務先をいくつも担当しているので、「家から近い所がいい」といった希望も気軽に伝えてください。

「難しいことはできないけど、コツコツ続けるのは得意」という方、ぜひ熊谷営業所に会いに来てください。","【熊谷営業所からのアピールポイント】

✅ 先輩の9割以上が未経験スタート
「商品を手に取る」「傷がないか見る」「箱に入れる」の3ステップが基本。専門用語も複雑な機械操作もなく、初日は安全衛生の講習から始まるので安心ですよ。

✅ 9:00〜18:00の固定時間制
毎日同じリズムで働けるので、生活のペースが安定します。土日祝がお休みなので、友人や家族との予定も合わせやすいですね。

✅ 重い荷物はほとんどなし
扱うのは衣類・コスメ・文房具・小型雑貨など軽い商品が中心。力仕事はほぼなくて、身体への負担を抑えて長く続けられます。

✅ 髪色・ネイル・服装は自由
清潔感があれば普段のスタイルのままで大丈夫。動きやすい服装で通勤して、現場のルールに沿って作業します。

✅ 正社員としての安定
正社員雇用に加えて、社会保険完備、退職金制度（規定あり）、資格取得支援制度があります。「地元で腰を据えて働きたい」という希望に応えられる環境です。

✅ 地元熊谷市で長く働く
県北の中核都市で、周辺には製造業の工場や物流拠点が多く立地しています。JR高崎線・上越新幹線・秩父鉄道が乗り入れる熊谷駅が最寄りで、県北の交通の中心です。

「自分にもできそう」と思えたら、それがスタートの合図。熊谷営業所でお待ちしています。","例外事由3号のイにより、長期キャリア形成を図るため、
35歳以下を募集しております。","【勤務時間】
★9:00~18:00
└実働8時間/休憩1時間

定時ダッシュも問題ないです✧
✧ 土日祝休み
✧ 残業月平均:6.5時間以内
✧ 残業代100%支給","✧ 完全週休2日制(土日祝休み)
✧ 年間休日125日
「土日休みはマスト!」ってあなたにも
ぴったりの職場です!

【その他休暇】
✧ 有給休暇
✧ 夏季・冬季休暇
✧ GW休暇
✧ 年末年始休暇","埼玉県熊谷市筑波3-4 熊谷第2ビル4F

周辺エリアに勤務地多数あり！
お気軽にご相談ください。",熊谷営業所,"月給:25万円~+交通費全額支給

※経験に応じて決定いたします。

# 昇給あり
# 賞与あり
# 残業代100%支給
# 交通費支給","・社会保険完備（雇用・労災・健康・厚生年金）
・時間外手当（残業が発生した場合は別途全額支給）
・退職金制度（当社規定による）
・定期健康診断
・有給休暇・夏季休暇・年末年始休暇
・産前産後休暇・育児休暇・介護休暇
・あんしん資格取得制度（フォークリフト・玉掛け・クレーン・溶接などの講習料・受験料補助）
・入社後研修（仕事の進め方・安全衛生・5S）・定期面談
・制服貸与（当社規定による）
・グループ団体保険への割引加入
・転勤なし","■ 選考について ■
・カジュアル面談：1回のみ（服装自由・履歴書任意）
・応募から面談まで：WEB応募後、1〜3日以内にご連絡
・入社日：ご相談のうえ決定

■ 応募からの流れ ■
▶ STEP1 WEBから1分で応募
▶ STEP2 カジュアル面談（1回のみ）
▶ STEP3 採用

「まずは話だけ聞いてみたい」という方も、そのままご応募ください。
面談で無理に応募を勧めることはありません。",,即日勤務OK、交通費支給、残業なし,2,任意,生年月日、性別、電話番号,ntf-indeedapplicant-aaaatulx77tci2k2pr5yeqapva@shukatsu-labo.slack.com,,,利用しない,,
募集中,株式会社テクノ・サービス,未経験｜検品・梱包｜株式会社テクノ・サービス｜千葉営業所（千葉市中央区）,倉庫作業スタッフ,20～30代活躍中◎未経験から正社員へ｜千葉市中央区近郊の検品・梱包,,千葉県 千葉市 中央区 新町,,,正社員,はい,月給,250000,,最低額を表示,なし,,,,,,,固定時間制,160,,厚生年金、健康保険、雇用保険、労災保険,,なし,,,,,,,,,,,,,,,,,,"「地元で、無理なく、正社員として働きたい」そんな方にちょうどいいお仕事です。
勤務先は千葉営業所の周辺エリア（千葉市中央区近郊）にある物流センター。届いた商品に不備がないか確認して、丁寧に梱包して出荷準備をするのが仕事です。
冷暖房完備の室内で、重い荷物を運ぶことはほとんどありません。

◆ ある日のスケジュール
09:00 出勤・朝礼。リーダーから連絡事項の共有
09:10 ハンディ端末でバーコードを読み取り、品番と個数を照合
10:30 小休憩（10分）
12:00 昼休憩（60分）。お弁当派も、近くで買ってくる派もいます
13:00 午後は梱包。ダンボールを組み立て、商品が動かないように納めます
15:00 小休憩（15分）
15:15 出荷準備。伝票シールを貼って配送業者ごとにコンテナへ
17:45 清掃と日報の記入
18:00 定時退勤。土日祝休みなので、明日の予定も立てやすいですね

◆ お仕事の中身
・検品：商品の外観チェック（傷・汚れ・へこみ）と数量・品番の照合
・スキャン：バーコードリーダーで「ピッ」と読み取ってデータと突き合わせ
・梱包：袋詰め、緩衝材包装、ダンボールの組み立てと箱詰め、テープ留め
・仕上げ：ラベル貼りと配送地域別の仕分け
扱うのはアパレル、コスメ、文房具、小型雑貨など。繰り返すうちに手が覚えていく作業です。

◆ 入社後1週間の流れ
1日目：千葉営業所でオリエンテーション。仕事の進め方、安全衛生、5Sの基本を説明します
2〜3日目：先輩スタッフがマンツーマンで隣について、検品の見方と梱包の手順を実演しながら教えます
4〜5日目：シール貼りやダンボールの組み立てから一人で担当。分からないことはその場で聞けます
1週間後：検品〜仕分けまでの流れをひと通り経験して、自分のペースで進められるように
「早ければ半日、遅くとも2〜3日で一人立ち」が現場の目安。慣れるまでは焦らず一緒にやりましょう。

◆ 設備のポイント
・冷暖房完備の室内作業で、季節や天候に左右されません
・休憩室に電子レンジ・冷蔵庫・ポットがあって、フリーWi-Fiも使えます
・個人用の鍵付きロッカーを完備
・髪色・ネイル・服装は自由。清潔感があれば普段のスタイルのままで大丈夫

◆ 千葉県千葉市中央区で働くということ
県の中心市街地で、仕事帰りの買い物や食事の選択肢が豊富なエリアです。
JR千葉駅・京成千葉駅から徒歩圏で、県内各方面からの通勤に便利な立地です。
千葉営業所のスタッフは地元の職場をよく知っています。通勤のしやすさや職場の雰囲気など、気になることは何でも聞いてくださいね。

「難しいことはできないけど、コツコツ続けるのは得意」という方、ぜひ千葉営業所に会いに来てください。","【千葉市中央区近郊で働く魅力】

✅ 資格・経験・学歴は問いません
必要なのは「丁寧に確認する姿勢」だけ。仕事のやり方は入社後にお伝えします。フォークリフトなどの資格を取りたくなったら、講習料や受験料を補助する制度もあります。

✅ 土日祝休み・年間休日125日
完全週休2日制でカレンダー通りに休めます。夏季・冬季休暇、GW、年末年始のまとまった休みもあって、予定を立てやすい働き方です。

✅ 重い荷物はほとんどなし
扱うのは衣類・コスメ・文房具・小型雑貨など軽い商品が中心。力仕事はほぼなくて、身体への負担を抑えて長く続けられます。

✅ 髪色・ネイル・服装は自由
清潔感があれば普段のスタイルのままで大丈夫。動きやすい服装で通勤して、現場のルールに沿って作業します。

✅ 営業所が近いから、すぐ相談できる
千葉営業所の担当者が入社後も定期的に面談します。職場では言いにくいことも、営業所でなら話しやすいはず。転勤もありません。

✅ 地元千葉市中央区で長く働く
県の中心市街地で、仕事帰りの買い物や食事の選択肢が豊富なエリアです。JR千葉駅・京成千葉駅から徒歩圏で、県内各方面からの通勤に便利な立地です。

まずはカジュアル面談で、職場の雰囲気や1日の流れをお伝えします。気軽にご応募ください。","例外事由3号のイにより、長期キャリア形成を図るため、
35歳以下を募集しております。","【勤務時間】
★9:00~18:00
└実働8時間/休憩1時間

定時ダッシュも問題ないです✧
✧ 土日祝休み
✧ 残業月平均:6.5時間以内
✧ 残業代100%支給","✧ 完全週休2日制(土日祝休み)
✧ 年間休日125日
「土日休みはマスト!」ってあなたにも
ぴったりの職場です!

【その他休暇】
✧ 有給休暇
✧ 夏季・冬季休暇
✧ GW休暇
✧ 年末年始休暇","千葉県千葉市中央区新町3-13 千葉TNビル1F

周辺エリアに勤務地多数あり！
お気軽にご相談ください。",千葉営業所,"月給:25万円~+交通費全額支給

※経験に応じて決定いたします。

# 昇給あり
# 賞与あり
# 残業代100%支給
# 交通費支給","・社会保険完備（雇用・労災・健康・厚生年金）
・時間外手当（残業が発生した場合は別途全額支給）
・退職金制度（当社規定による）
・定期健康診断
・有給休暇・夏季休暇・年末年始休暇
・産前産後休暇・育児休暇・介護休暇
・あんしん資格取得制度（フォークリフト・玉掛け・クレーン・溶接などの講習料・受験料補助）
・入社後研修（仕事の進め方・安全衛生・5S）・定期面談
・制服貸与（当社規定による）
・グループ団体保険への割引加入
・転勤なし","✧ カジュアル面談実施中です ✧

応募に必要なのは人柄だけ。
まずはあなたのご希望を聞かせてください。

■ 応募からの流れ ■
▶ STEP1 WEBから1分で簡単応募
1〜3日以内に担当者からご連絡します。
▶ STEP2 カジュアル面談（1回のみ）
職場の雰囲気や1日の流れをお伝えし、ご希望を伺います。
▶ STEP3 採用

※入社日はご相談いただけます◎
在職中の方も、お気軽にご相談ください。",,即日勤務OK、交通費支給、残業なし,2,任意,生年月日、性別、電話番号,ntf-indeedapplicant-aaaatulx77tci2k2pr5yeqapva@shukatsu-labo.slack.com,,,利用しない,,
募集中,株式会社テクノ・サービス,未経験｜検品・梱包｜株式会社テクノ・サービス｜柏営業所（柏市）,倉庫作業スタッフ,20～30代活躍中◎柏市｜黙々作業が好きな方に向く軽作業,,千葉県 柏市 末広町,,,正社員,はい,月給,250000,,最低額を表示,なし,,,,,,,固定時間制,160,,厚生年金、健康保険、雇用保険、労災保険,,なし,,,,,,,,,,,,,,,,,,"千葉県柏市近郊で、検品・梱包スタッフ（正社員）を募集しています。
勤務先は柏営業所の周辺エリア（柏市近郊）にある物流センター。衣類・コスメ・文房具などの軽い商品を、目で確認して、数を合わせて、袋や箱に納めていきます。
「難しいことは苦手」という方でも、3日ほどで流れがつかめますよ。

◆ 入社後はこんな1日
09:00 朝礼。体調チェックと当日の出荷量を共有
09:15 午前は検品。外観を目視で確認して、気になる商品は別置きにしてリーダーへ
12:00 昼休憩（60分）
13:00 午後は梱包。袋詰め→箱詰め→テープ留めの3工程を繰り返します
15:00 小休憩（15分）。自動販売機で飲み物を買ってリフレッシュ
15:15 当日出荷分の最終チェックと仕分けを全員で仕上げます
17:45 作業スペースの清掃
18:00 退勤。残業は月平均6.5時間以内に収まっています

◆ 扱う商品・作業の具体例
・衣類・タオル：ほつれや汚れがないか確認して、透明袋に入れます
・コスメ・ガラス小物：割れないように緩衝材で包んでから箱へ
・文房具・生活雑貨：品番と個数を納品書と照合して、まとめて袋詰め
・出荷箱：伝票シールと「割れ物注意」などの注意シールを所定の位置に貼ります
どれも片手〜両手で持てるサイズで、重い物を持ち上げることはありません。

◆ 教育・研修のこと
入社初日は安全衛生の講習とオリエンテーションから。いきなり一人で現場に立つことはありません。
2日目以降は専任の先輩が隣について、検品・梱包の手順を実際にやって見せながら教えますよ。
最初の1週間は「見る→一緒にやる→一人でやる」の順で担当を広げて、1週間後にはひと通りの作業を経験できます。
柏営業所の担当者も定期面談で様子を聞くので、職場に言いにくいことも相談してくださいね。

◆ 職場環境
・空調完備：冷暖房が効いた清潔な室内で、夏も冬も快適
・休憩室：電子レンジ・冷蔵庫・ポット・自動販売機あり。お弁当持参でもゆっくり過ごせます
・ロッカー：鍵付きの個人ロッカーで貴重品も安心
・服装：髪色・ネイルは自由。動きやすい服装で通勤して、現場のルールに沿って作業します

◆ 千葉県柏市で働くということ
常磐道・国道16号沿いに物流拠点が多く、商業施設も充実した街です。
JR常磐線と東武アーバンパークラインが交わる柏駅が最寄りで、東葛エリアの交通の中心です。
柏営業所のスタッフは地元の職場をよく知っています。通勤のしやすさや職場の雰囲気など、気になることは何でも聞いてくださいね。

地元の営業所が、あなたの「初めての正社員」をしっかり支えます。まずは気軽にご応募ください。","【柏営業所からのアピールポイント】

✅ 資格・経験・学歴は問いません
必要なのは「丁寧に確認する姿勢」だけ。仕事のやり方は入社後にお伝えします。フォークリフトなどの資格を取りたくなったら、講習料や受験料を補助する制度もあります。

✅ 9:00〜18:00の固定時間制
毎日同じリズムで働けるので、生活のペースが安定します。土日祝がお休みなので、友人や家族との予定も合わせやすいですね。

✅ 黙々・コツコツ派にちょうどいい
ノルマはなく、接客もありません。「一人で集中して作業したい」「人間関係のストレスを減らしたい」という方に向いている環境です。

✅ 空調完備の清潔な倉庫
冷暖房がしっかり効いた室内で、季節を問わず快適。休憩室には電子レンジ・冷蔵庫・自動販売機があって、鍵付きロッカーも完備です。

✅ 地域の職場をよく知っている
柏営業所は柏市近郊の勤務先をいくつも担当しています。「家から近い」「駅から歩ける」といった希望も、遠慮なく伝えてくださいね。

✅ 柏市近郊で通いやすい
JR常磐線と東武アーバンパークラインが交わる柏駅が最寄りで、東葛エリアの交通の中心です。常磐道・国道16号沿いに物流拠点が多く、商業施設も充実した街です。

「自分にもできそう」と思えたら、それがスタートの合図。柏営業所でお待ちしています。","例外事由3号のイにより、長期キャリア形成を図るため、
35歳以下を募集しております。","【勤務時間】
★9:00~18:00
└実働8時間/休憩1時間

定時ダッシュも問題ないです✧
✧ 土日祝休み
✧ 残業月平均:6.5時間以内
✧ 残業代100%支給","✧ 完全週休2日制(土日祝休み)
✧ 年間休日125日
「土日休みはマスト!」ってあなたにも
ぴったりの職場です!

【その他休暇】
✧ 有給休暇
✧ 夏季・冬季休暇
✧ GW休暇
✧ 年末年始休暇","千葉県柏市末広町5-19 第2マツムラビル4F

周辺エリアに勤務地多数あり！
お気軽にご相談ください。",柏営業所,"月給:25万円~+交通費全額支給

※経験に応じて決定いたします。

# 昇給あり
# 賞与あり
# 残業代100%支給
# 交通費支給","・社会保険完備（雇用・労災・健康・厚生年金）
・時間外手当（残業が発生した場合は別途全額支給）
・退職金制度（当社規定による）
・定期健康診断
・有給休暇・夏季休暇・年末年始休暇
・産前産後休暇・育児休暇・介護休暇
・あんしん資格取得制度（フォークリフト・玉掛け・クレーン・溶接などの講習料・受験料補助）
・入社後研修（仕事の進め方・安全衛生・5S）・定期面談
・制服貸与（当社規定による）
・グループ団体保険への割引加入
・転勤なし","【応募前の「気になる」にお答えします】

Q. 面接は堅苦しいですか？
A. いいえ。カジュアル面談を1回行うだけです。服装も自由、履歴書も任意です。

Q. 応募してからどのくらいで決まりますか？
A. 3ステップで進みます。
▶ STEP1 WEBから応募（1分）→ 1〜3日以内にご連絡
▶ STEP2 カジュアル面談（1回のみ）
▶ STEP3 採用

Q. すぐには入社できないのですが…
A. 入社日はご相談いただけます。今のお仕事の引き継ぎ期間なども考慮します。",,即日勤務OK、交通費支給、残業なし,2,任意,生年月日、性別、電話番号,ntf-indeedapplicant-aaaatulx77tci2k2pr5yeqapva@shukatsu-labo.slack.com,,,利用しない,,
募集中,株式会社テクノ・サービス,未経験｜検品・梱包｜株式会社テクノ・サービス｜成田営業所（成田市）,倉庫作業スタッフ,20～30代活躍中◎残業少なめ｜成田市エリアの物流センターで検品・梱包,,千葉県 成田市 花崎町,,,正社員,はい,月給,250000,,最低額を表示,なし,,,,,,,固定時間制,160,,厚生年金、健康保険、雇用保険、労災保険,,なし,,,,,,,,,,,,,,,,,,"コツコツ作業が好きな方、集中して黙々と働きたい方に向いている検品・梱包のお仕事です。
勤務先は成田営業所の周辺エリア（成田市近郊）にある物流センター。1年中快適な温度の倉庫で、自分の作業台を担当します。
成田営業所では入社後も定期的に面談をして、困りごとがあればすぐにフォローしますね。

◆ 1日の流れ（9:00〜18:00・休憩1時間）
09:00 朝礼。今日の出荷予定と担当作業を確認
09:15 検品スタート。商品の傷・汚れ・数量を納品書と照らし合わせます
12:00 昼休憩（60分）。休憩室で昼食。電子レンジや冷蔵庫も使えます
13:00 梱包スタート。袋詰め、緩衝材で包む、箱に納めるの繰り返し
15:00 小休憩（15分）。飲み物を片手にひと息
15:15 ラベル貼りと出荷先ごとの仕分け
17:45 作業台の片づけと翌日の資材準備
18:00 退勤。残業は月平均6.5時間以内で、定時で帰れる日が大半ですよ

◆ 扱う商品・作業の具体例
・衣類・タオル：ほつれや汚れがないか確認して、透明袋に入れます
・コスメ・ガラス小物：割れないように緩衝材で包んでから箱へ
・文房具・生活雑貨：品番と個数を納品書と照合して、まとめて袋詰め
・出荷箱：伝票シールと「割れ物注意」などの注意シールを所定の位置に貼ります
どれも片手〜両手で持てるサイズで、重い物を持ち上げることはありません。

◆ 未経験の方向け 1週間プログラム
・1日目：会社説明、安全衛生講習、作業場の見学
・2日目：先輩の隣で検品の実演を見学して、午後から一緒に作業
・3日目：梱包の袋詰め・箱詰めを先輩と一緒に担当
・4日目：シール貼りと仕分けを一人で担当。先輩は同じ作業台で見守ります
・5日目：検品から仕分けまでを通しで経験
覚えることは3ステップの繰り返し。資格や専門知識はいりません。

◆ 働く環境
作業場は1年中空調が効いていて、「夏は暑くて汗だく」「冬は手がかじかむ」という心配がありません。
休憩室は広くて、電子レンジや冷蔵庫、自動販売機が揃っています。
鍵付きロッカーがあるので、貴重品の管理も安心ですよ。
服装や髪色は自由で、自分らしいスタイルのまま通勤できます。

◆ 成田営業所ならではの一言
JR成田線・京成本線の成田駅が最寄りで、東関東道の成田ICも近い立地です。
成田空港を抱え、航空貨物や輸入品を扱う物流拠点が集中するエリアです。
成田営業所は成田市近郊の勤務先をいくつも担当しているので、「家から近い所がいい」といった希望も気軽に伝えてください。

「難しいことはできないけど、コツコツ続けるのは得意」という方、ぜひ成田営業所に会いに来てください。","【成田市近郊で働く魅力】

✅ マンツーマンで覚えられる
専任の先輩が隣について、実演しながら手順を説明します。最初はシール貼りやダンボールの組み立てから始めて、1週間でひと通りの流れを経験できます。

✅ 残業は月平均6.5時間以内
定時で帰れる日がほとんど。仕事の後に予定を入れたり、家でゆっくりしたり、自分の時間をきちんと確保できますよ。

✅ 黙々・コツコツ派にちょうどいい
ノルマはなく、接客もありません。「一人で集中して作業したい」「人間関係のストレスを減らしたい」という方に向いている環境です。

✅ 空調完備の清潔な倉庫
冷暖房がしっかり効いた室内で、季節を問わず快適。休憩室には電子レンジ・冷蔵庫・自動販売機があって、鍵付きロッカーも完備です。

✅ 正社員としての安定
正社員雇用に加えて、社会保険完備、退職金制度（規定あり）、資格取得支援制度があります。「地元で腰を据えて働きたい」という希望に応えられる環境です。

✅ 成田市近郊で通いやすい
JR成田線・京成本線の成田駅が最寄りで、東関東道の成田ICも近い立地です。成田空港を抱え、航空貨物や輸入品を扱う物流拠点が集中するエリアです。

まずはカジュアル面談で、職場の雰囲気や1日の流れをお伝えします。気軽にご応募ください。","例外事由3号のイにより、長期キャリア形成を図るため、
35歳以下を募集しております。","【勤務時間】
★9:00~18:00
└実働8時間/休憩1時間

定時ダッシュも問題ないです✧
✧ 土日祝休み
✧ 残業月平均:6.5時間以内
✧ 残業代100%支給","✧ 完全週休2日制(土日祝休み)
✧ 年間休日125日
「土日休みはマスト!」ってあなたにも
ぴったりの職場です!

【その他休暇】
✧ 有給休暇
✧ 夏季・冬季休暇
✧ GW休暇
✧ 年末年始休暇","千葉県成田市花崎町800-6 共和タウン1F

周辺エリアに勤務地多数あり！
お気軽にご相談ください。",成田営業所,"月給:25万円~+交通費全額支給

※経験に応じて決定いたします。

# 昇給あり
# 賞与あり
# 残業代100%支給
# 交通費支給","・社会保険完備（雇用・労災・健康・厚生年金）
・時間外手当（残業が発生した場合は別途全額支給）
・退職金制度（当社規定による）
・定期健康診断
・有給休暇・夏季休暇・年末年始休暇
・産前産後休暇・育児休暇・介護休暇
・あんしん資格取得制度（フォークリフト・玉掛け・クレーン・溶接などの講習料・受験料補助）
・入社後研修（仕事の進め方・安全衛生・5S）・定期面談
・制服貸与（当社規定による）
・グループ団体保険への割引加入
・転勤なし","まずは「話を聞いてみる」だけで大丈夫です。

当社ではカジュアル面談を実施しています。
志望動機や自己PRの準備は不要。
「どんな職場？」「本当に未経験でもできる？」といった疑問に、担当者が率直にお答えします。

■ 応募から入社までの3STEP ■
▶ STEP1 WEB応募（1分）
▶ STEP2 カジュアル面談（1回のみ・1〜3日以内にご連絡）
▶ STEP3 採用・入社日のご相談

入社日は柔軟に調整できます。
「来月から」「今の仕事を辞めてから」など、ご都合をお聞かせください。",,即日勤務OK、交通費支給、残業なし,2,任意,生年月日、性別、電話番号,ntf-indeedapplicant-aaaatulx77tci2k2pr5yeqapva@shukatsu-labo.slack.com,,,利用しない,,
募集中,株式会社テクノ・サービス,未経験｜検品・梱包｜株式会社テクノ・サービス｜東京営業所（豊島区）,倉庫作業スタッフ,20～30代活躍中◎豊島区｜入社後研修と定期面談でしっかりフォロー,,東京都 豊島区 東池袋,,,正社員,はい,月給,250000,,最低額を表示,なし,,,,,,,固定時間制,160,,厚生年金、健康保険、雇用保険、労災保険,,なし,,,,,,,,,,,,,,,,,,"東京営業所の周辺エリア（豊島区近郊）にある物流センターで、検品・梱包を担当する正社員スタッフを募集しますよ。
扱うのは通販のアパレル商品や雑貨、コスメなど軽いものばかり。空調の効いたきれいな倉庫で、商品をチェックして箱に詰めるシンプルな作業です。
東京営業所が近くにあるので、困ったときはすぐに顔を合わせて相談できます。

◆ 入社後はこんな1日
09:00 朝礼。体調チェックと当日の出荷量を共有
09:15 午前は検品。外観を目視で確認して、気になる商品は別置きにしてリーダーへ
12:00 昼休憩（60分）
13:00 午後は梱包。袋詰め→箱詰め→テープ留めの3工程を繰り返します
15:00 小休憩（15分）。自動販売機で飲み物を買ってリフレッシュ
15:15 当日出荷分の最終チェックと仕分けを全員で仕上げます
17:45 作業スペースの清掃
18:00 退勤。残業は月平均6.5時間以内に収まっています

◆ 作業は3ステップだけ
1. 検品：商品を手に取って、傷・汚れ・数量を確認。迷ったら「保留」箱に入れてリーダーに聞くだけ
2. 梱包：商品に合わせて袋・緩衝材・箱を選んで、動かないように納めてテープで封をします
3. 仕分け：伝票シールを貼って、配送地域ごとのコンテナへ
衣類・雑貨・コスメ・文房具などの軽い商品が中心で、フォークリフトなどの機械操作はありません。

◆ 未経験の方向け 1週間プログラム
・1日目：会社説明、安全衛生講習、作業場の見学
・2日目：先輩の隣で検品の実演を見学して、午後から一緒に作業
・3日目：梱包の袋詰め・箱詰めを先輩と一緒に担当
・4日目：シール貼りと仕分けを一人で担当。先輩は同じ作業台で見守ります
・5日目：検品から仕分けまでを通しで経験
覚えることは3ステップの繰り返し。資格や専門知識はいりません。

◆ 設備のポイント
・冷暖房完備の室内作業で、季節や天候に左右されません
・休憩室に電子レンジ・冷蔵庫・ポットがあって、フリーWi-Fiも使えます
・個人用の鍵付きロッカーを完備
・髪色・ネイル・服装は自由。清潔感があれば普段のスタイルのままで大丈夫

◆ 東京都豊島区で働くということ
駅周辺に商業施設が集まり、仕事帰りの買い物や食事も楽しめる街です。
JR・東武・西武・地下鉄各線が集まる池袋駅が最寄りで、埼玉方面からの通勤にも便利です。
東京営業所のスタッフは地元の職場をよく知っています。通勤のしやすさや職場の雰囲気など、気になることは何でも聞いてくださいね。

「難しいことはできないけど、コツコツ続けるのは得意」という方、ぜひ東京営業所に会いに来てください。","【東京営業所からのアピールポイント】

✅ マンツーマンで覚えられる
専任の先輩が隣について、実演しながら手順を説明します。最初はシール貼りやダンボールの組み立てから始めて、1週間でひと通りの流れを経験できます。

✅ 土日祝休み・年間休日125日
完全週休2日制でカレンダー通りに休めます。夏季・冬季休暇、GW、年末年始のまとまった休みもあって、予定を立てやすい働き方です。

✅ 黙々・コツコツ派にちょうどいい
ノルマはなく、接客もありません。「一人で集中して作業したい」「人間関係のストレスを減らしたい」という方に向いている環境です。

✅ 空調完備の清潔な倉庫
冷暖房がしっかり効いた室内で、季節を問わず快適。休憩室には電子レンジ・冷蔵庫・自動販売機があって、鍵付きロッカーも完備です。

✅ 営業所が近いから、すぐ相談できる
東京営業所の担当者が入社後も定期的に面談します。職場では言いにくいことも、営業所でなら話しやすいはず。転勤もありません。

✅ 豊島区近郊で通いやすい
JR・東武・西武・地下鉄各線が集まる池袋駅が最寄りで、埼玉方面からの通勤にも便利です。駅周辺に商業施設が集まり、仕事帰りの買い物や食事も楽しめる街です。

「自分にもできそう」と思えたら、それがスタートの合図。東京営業所でお待ちしています。","例外事由3号のイにより、長期キャリア形成を図るため、
35歳以下を募集しております。","【勤務時間】
★9:00~18:00
└実働8時間/休憩1時間

定時ダッシュも問題ないです✧
✧ 土日祝休み
✧ 残業月平均:6.5時間以内
✧ 残業代100%支給","✧ 完全週休2日制(土日祝休み)
✧ 年間休日125日
「土日休みはマスト!」ってあなたにも
ぴったりの職場です!

【その他休暇】
✧ 有給休暇
✧ 夏季・冬季休暇
✧ GW休暇
✧ 年末年始休暇","東京都豊島区東池袋1-21-11 オーク池袋ビル4F

周辺エリアに勤務地多数あり！
お気軽にご相談ください。",東京営業所,"月給:25万円~+交通費全額支給

※経験に応じて決定いたします。

# 昇給あり
# 賞与あり
# 残業代100%支給
# 交通費支給","・社会保険完備（雇用・労災・健康・厚生年金）
・時間外手当（残業が発生した場合は別途全額支給）
・退職金制度（当社規定による）
・定期健康診断
・有給休暇・夏季休暇・年末年始休暇
・産前産後休暇・育児休暇・介護休暇
・あんしん資格取得制度（フォークリフト・玉掛け・クレーン・溶接などの講習料・受験料補助）
・入社後研修（仕事の進め方・安全衛生・5S）・定期面談
・制服貸与（当社規定による）
・グループ団体保険への割引加入
・転勤なし","【最短スケジュールのイメージ】

▶ STEP1 今日：WEBから1分で応募
▶ STEP2 1〜3日後：担当者からご連絡 → カジュアル面談の日程調整
▶ STEP3 面談当日：カジュアル面談（1回のみ）→ 採用のご連絡

面談では、職場の雰囲気・1日の流れ・通勤のことなど、
気になることを何でも聞いてください。

✧ 入社日はご相談いただけます ✧
「すぐ働きたい」「少し先がいい」どちらのご希望にも対応します。",,即日勤務OK、交通費支給、残業なし,2,任意,生年月日、性別、電話番号,ntf-indeedapplicant-aaaatulx77tci2k2pr5yeqapva@shukatsu-labo.slack.com,,,利用しない,,
募集中,株式会社テクノ・サービス,未経験｜検品・梱包｜株式会社テクノ・サービス｜立川営業所（立川市）,倉庫作業スタッフ,20～30代活躍中◎土日祝休み｜立川市近郊で検品・梱包の正社員,,東京都 立川市 曙町,,,正社員,はい,月給,250000,,最低額を表示,なし,,,,,,,固定時間制,160,,厚生年金、健康保険、雇用保険、労災保険,,なし,,,,,,,,,,,,,,,,,,"「地元で、無理なく、正社員として働きたい」そんな方にちょうどいいお仕事です。
勤務先は立川営業所の周辺エリア（立川市近郊）にある物流センター。届いた商品に不備がないか確認して、丁寧に梱包して出荷準備をするのが仕事です。
冷暖房完備の室内で、重い荷物を運ぶことはほとんどありません。

◆ 1日の流れ（9:00〜18:00・休憩1時間）
09:00 朝礼。今日の出荷予定と担当作業を確認
09:15 検品スタート。商品の傷・汚れ・数量を納品書と照らし合わせます
12:00 昼休憩（60分）。休憩室で昼食。電子レンジや冷蔵庫も使えます
13:00 梱包スタート。袋詰め、緩衝材で包む、箱に納めるの繰り返し
15:00 小休憩（15分）。飲み物を片手にひと息
15:15 ラベル貼りと出荷先ごとの仕分け
17:45 作業台の片づけと翌日の資材準備
18:00 退勤。残業は月平均6.5時間以内で、定時で帰れる日が大半ですよ

◆ 作業は3ステップだけ
1. 検品：商品を手に取って、傷・汚れ・数量を確認。迷ったら「保留」箱に入れてリーダーに聞くだけ
2. 梱包：商品に合わせて袋・緩衝材・箱を選んで、動かないように納めてテープで封をします
3. 仕分け：伝票シールを貼って、配送地域ごとのコンテナへ
衣類・雑貨・コスメ・文房具などの軽い商品が中心で、フォークリフトなどの機械操作はありません。

◆ 入社後1週間の流れ
1日目：立川営業所でオリエンテーション。仕事の進め方、安全衛生、5Sの基本を説明します
2〜3日目：先輩スタッフがマンツーマンで隣について、検品の見方と梱包の手順を実演しながら教えます
4〜5日目：シール貼りやダンボールの組み立てから一人で担当。分からないことはその場で聞けます
1週間後：検品〜仕分けまでの流れをひと通り経験して、自分のペースで進められるように
「早ければ半日、遅くとも2〜3日で一人立ち」が現場の目安。慣れるまでは焦らず一緒にやりましょう。

◆ 働く環境
作業場は1年中空調が効いていて、「夏は暑くて汗だく」「冬は手がかじかむ」という心配がありません。
休憩室は広くて、電子レンジや冷蔵庫、自動販売機が揃っています。
鍵付きロッカーがあるので、貴重品の管理も安心ですよ。
服装や髪色は自由で、自分らしいスタイルのまま通勤できます。

◆ 東京都立川市で働くということ
駅周辺は商業施設が充実し、仕事帰りの買い物や食事にも困らない街です。
JR中央線・南武線・青梅線と多摩モノレールが集まる、多摩エリア最大級のターミナルです。
立川営業所のスタッフは地元の職場をよく知っています。通勤のしやすさや職場の雰囲気など、気になることは何でも聞いてくださいね。

地元の営業所が、あなたの「初めての正社員」をしっかり支えます。まずは気軽にご応募ください。","【立川市近郊で働く魅力】

✅ 先輩の9割以上が未経験スタート
「商品を手に取る」「傷がないか見る」「箱に入れる」の3ステップが基本。専門用語も複雑な機械操作もなく、初日は安全衛生の講習から始まるので安心ですよ。

✅ 9:00〜18:00の固定時間制
毎日同じリズムで働けるので、生活のペースが安定します。土日祝がお休みなので、友人や家族との予定も合わせやすいですね。

✅ 重い荷物はほとんどなし
扱うのは衣類・コスメ・文房具・小型雑貨など軽い商品が中心。力仕事はほぼなくて、身体への負担を抑えて長く続けられます。

✅ 空調完備の清潔な倉庫
冷暖房がしっかり効いた室内で、季節を問わず快適。休憩室には電子レンジ・冷蔵庫・自動販売機があって、鍵付きロッカーも完備です。

✅ 地域の職場をよく知っている
立川営業所は立川市近郊の勤務先をいくつも担当しています。「家から近い」「駅から歩ける」といった希望も、遠慮なく伝えてくださいね。

✅ 地元立川市で長く働く
駅周辺は商業施設が充実し、仕事帰りの買い物や食事にも困らない街です。JR中央線・南武線・青梅線と多摩モノレールが集まる、多摩エリア最大級のターミナルです。

「自分にもできそう」と思えたら、それがスタートの合図。立川営業所でお待ちしています。","例外事由3号のイにより、長期キャリア形成を図るため、
35歳以下を募集しております。","【勤務時間】
★9:00~18:00
└実働8時間/休憩1時間

定時ダッシュも問題ないです✧
✧ 土日祝休み
✧ 残業月平均:6.5時間以内
✧ 残業代100%支給","✧ 完全週休2日制(土日祝休み)
✧ 年間休日125日
「土日休みはマスト!」ってあなたにも
ぴったりの職場です!

【その他休暇】
✧ 有給休暇
✧ 夏季・冬季休暇
✧ GW休暇
✧ 年末年始休暇","東京都立川市曙町2-34-7 太平ビル4F

周辺エリアに勤務地多数あり！
お気軽にご相談ください。",立川営業所,"月給:25万円~+交通費全額支給

※経験に応じて決定いたします。

# 昇給あり
# 賞与あり
# 残業代100%支給
# 交通費支給","・社会保険完備（雇用・労災・健康・厚生年金）
・時間外手当（残業が発生した場合は別途全額支給）
・退職金制度（当社規定による）
・定期健康診断
・有給休暇・夏季休暇・年末年始休暇
・産前産後休暇・育児休暇・介護休暇
・あんしん資格取得制度（フォークリフト・玉掛け・クレーン・溶接などの講習料・受験料補助）
・入社後研修（仕事の進め方・安全衛生・5S）・定期面談
・制服貸与（当社規定による）
・グループ団体保険への割引加入
・転勤なし","■ 選考について ■
・カジュアル面談：1回のみ（服装自由・履歴書任意）
・応募から面談まで：WEB応募後、1〜3日以内にご連絡
・入社日：ご相談のうえ決定

■ 応募からの流れ ■
▶ STEP1 WEBから1分で応募
▶ STEP2 カジュアル面談（1回のみ）
▶ STEP3 採用

「まずは話だけ聞いてみたい」という方も、そのままご応募ください。
面談で無理に応募を勧めることはありません。",,即日勤務OK、交通費支給、残業なし,2,任意,生年月日、性別、電話番号,ntf-indeedapplicant-aaaatulx77tci2k2pr5yeqapva@shukatsu-labo.slack.com,,,利用しない,,
募集中,株式会社テクノ・サービス,未経験｜検品・梱包｜株式会社テクノ・サービス｜八王子営業所（八王子市）,倉庫作業スタッフ,20～30代活躍中◎八王子市｜年間休日125日・完全週休2日の検品・梱包,,東京都 八王子市 旭町,,,正社員,はい,月給,250000,,最低額を表示,なし,,,,,,,固定時間制,160,,厚生年金、健康保険、雇用保険、労災保険,,なし,,,,,,,,,,,,,,,,,,"東京都八王子市近郊で、検品・梱包スタッフ（正社員）を募集しています。
勤務先は八王子営業所の周辺エリア（八王子市近郊）にある物流センター。衣類・コスメ・文房具などの軽い商品を、目で確認して、数を合わせて、袋や箱に納めていきます。
「難しいことは苦手」という方でも、3日ほどで流れがつかめますよ。

◆ ある日のスケジュール
09:00 出勤・朝礼。リーダーから連絡事項の共有
09:10 ハンディ端末でバーコードを読み取り、品番と個数を照合
10:30 小休憩（10分）
12:00 昼休憩（60分）。お弁当派も、近くで買ってくる派もいます
13:00 午後は梱包。ダンボールを組み立て、商品が動かないように納めます
15:00 小休憩（15分）
15:15 出荷準備。伝票シールを貼って配送業者ごとにコンテナへ
17:45 清掃と日報の記入
18:00 定時退勤。土日祝休みなので、明日の予定も立てやすいですね

◆ こんな商品を扱います
通販サイトで人気のアパレル商品、生活雑貨、コスメ、文房具が中心です。
・シャツやタオルを畳んで透明袋へ
・コスメ容器のひび割れを目視で確認
・文房具のセット品を指定の個数で袋詰め
・箱にラベルを貼って配送業者ごとの台車へ
作業台の高さも調整されていて、身体への負担を抑えて働けます。

◆ 教育・研修のこと
入社初日は安全衛生の講習とオリエンテーションから。いきなり一人で現場に立つことはありません。
2日目以降は専任の先輩が隣について、検品・梱包の手順を実際にやって見せながら教えますよ。
最初の1週間は「見る→一緒にやる→一人でやる」の順で担当を広げて、1週間後にはひと通りの作業を経験できます。
八王子営業所の担当者も定期面談で様子を聞くので、職場に言いにくいことも相談してくださいね。

◆ 設備のポイント
・冷暖房完備の室内作業で、季節や天候に左右されません
・休憩室に電子レンジ・冷蔵庫・ポットがあって、フリーWi-Fiも使えます
・個人用の鍵付きロッカーを完備
・髪色・ネイル・服装は自由。清潔感があれば普段のスタイルのままで大丈夫

◆ 八王子営業所ならではの一言
JR中央線・横浜線・八高線と京王線が乗り入れ、多摩エリア各方面から通勤しやすい交通の要所です。
多摩地区最大の都市で、郊外の工業団地や圏央道沿いに物流施設が多く立地しています。
八王子営業所は八王子市近郊の勤務先をいくつも担当しているので、「家から近い所がいい」といった希望も気軽に伝えてください。

「難しいことはできないけど、コツコツ続けるのは得意」という方、ぜひ八王子営業所に会いに来てください。","【八王子営業所からのアピールポイント】

✅ 先輩の9割以上が未経験スタート
「商品を手に取る」「傷がないか見る」「箱に入れる」の3ステップが基本。専門用語も複雑な機械操作もなく、初日は安全衛生の講習から始まるので安心ですよ。

✅ 残業は月平均6.5時間以内
定時で帰れる日がほとんど。仕事の後に予定を入れたり、家でゆっくりしたり、自分の時間をきちんと確保できますよ。

✅ 重い荷物はほとんどなし
扱うのは衣類・コスメ・文房具・小型雑貨など軽い商品が中心。力仕事はほぼなくて、身体への負担を抑えて長く続けられます。

✅ 空調完備の清潔な倉庫
冷暖房がしっかり効いた室内で、季節を問わず快適。休憩室には電子レンジ・冷蔵庫・自動販売機があって、鍵付きロッカーも完備です。

✅ 正社員としての安定
正社員雇用に加えて、社会保険完備、退職金制度（規定あり）、資格取得支援制度があります。「地元で腰を据えて働きたい」という希望に応えられる環境です。

✅ 地元八王子市で長く働く
多摩地区最大の都市で、郊外の工業団地や圏央道沿いに物流施設が多く立地しています。JR中央線・横浜線・八高線と京王線が乗り入れ、多摩エリア各方面から通勤しやすい交通の要所です。

まずはカジュアル面談で、職場の雰囲気や1日の流れをお伝えします。気軽にご応募ください。","例外事由3号のイにより、長期キャリア形成を図るため、
35歳以下を募集しております。","【勤務時間】
★9:00~18:00
└実働8時間/休憩1時間

定時ダッシュも問題ないです✧
✧ 土日祝休み
✧ 残業月平均:6.5時間以内
✧ 残業代100%支給","✧ 完全週休2日制(土日祝休み)
✧ 年間休日125日
「土日休みはマスト!」ってあなたにも
ぴったりの職場です!

【その他休暇】
✧ 有給休暇
✧ 夏季・冬季休暇
✧ GW休暇
✧ 年末年始休暇","東京都八王子市旭町12-4 日本生命八王子ビル3F

周辺エリアに勤務地多数あり！
お気軽にご相談ください。",八王子営業所,"月給:25万円~+交通費全額支給

※経験に応じて決定いたします。

# 昇給あり
# 賞与あり
# 残業代100%支給
# 交通費支給","・社会保険完備（雇用・労災・健康・厚生年金）
・時間外手当（残業が発生した場合は別途全額支給）
・退職金制度（当社規定による）
・定期健康診断
・有給休暇・夏季休暇・年末年始休暇
・産前産後休暇・育児休暇・介護休暇
・あんしん資格取得制度（フォークリフト・玉掛け・クレーン・溶接などの講習料・受験料補助）
・入社後研修（仕事の進め方・安全衛生・5S）・定期面談
・制服貸与（当社規定による）
・グループ団体保険への割引加入
・転勤なし","✧ カジュアル面談実施中です ✧

応募に必要なのは人柄だけ。
まずはあなたのご希望を聞かせてください。

■ 応募からの流れ ■
▶ STEP1 WEBから1分で簡単応募
1〜3日以内に担当者からご連絡します。
▶ STEP2 カジュアル面談（1回のみ）
職場の雰囲気や1日の流れをお伝えし、ご希望を伺います。
▶ STEP3 採用

※入社日はご相談いただけます◎
在職中の方も、お気軽にご相談ください。",,即日勤務OK、交通費支給、残業なし,2,任意,生年月日、性別、電話番号,ntf-indeedapplicant-aaaatulx77tci2k2pr5yeqapva@shukatsu-labo.slack.com,,,利用しない,,
募集中,株式会社テクノ・サービス,未経験｜検品・梱包｜株式会社テクノ・サービス｜町田営業所（町田市）,倉庫作業スタッフ,20～30代活躍中◎地域密着｜町田市エリアで検品・梱包を一から,,東京都 町田市 原町田,,,正社員,はい,月給,250000,,最低額を表示,なし,,,,,,,固定時間制,160,,厚生年金、健康保険、雇用保険、労災保険,,なし,,,,,,,,,,,,,,,,,,"コツコツ作業が好きな方、集中して黙々と働きたい方に向いている検品・梱包のお仕事です。
勤務先は町田営業所の周辺エリア（町田市近郊）にある物流センター。1年中快適な温度の倉庫で、自分の作業台を担当します。
町田営業所では入社後も定期的に面談をして、困りごとがあればすぐにフォローしますね。

◆ 入社後はこんな1日
09:00 朝礼。体調チェックと当日の出荷量を共有
09:15 午前は検品。外観を目視で確認して、気になる商品は別置きにしてリーダーへ
12:00 昼休憩（60分）
13:00 午後は梱包。袋詰め→箱詰め→テープ留めの3工程を繰り返します
15:00 小休憩（15分）。自動販売機で飲み物を買ってリフレッシュ
15:15 当日出荷分の最終チェックと仕分けを全員で仕上げます
17:45 作業スペースの清掃
18:00 退勤。残業は月平均6.5時間以内に収まっています

◆ お仕事の中身
・検品：商品の外観チェック（傷・汚れ・へこみ）と数量・品番の照合
・スキャン：バーコードリーダーで「ピッ」と読み取ってデータと突き合わせ
・梱包：袋詰め、緩衝材包装、ダンボールの組み立てと箱詰め、テープ留め
・仕上げ：ラベル貼りと配送地域別の仕分け
扱うのはアパレル、コスメ、文房具、小型雑貨など。繰り返すうちに手が覚えていく作業です。

◆ 未経験の方向け 1週間プログラム
・1日目：会社説明、安全衛生講習、作業場の見学
・2日目：先輩の隣で検品の実演を見学して、午後から一緒に作業
・3日目：梱包の袋詰め・箱詰めを先輩と一緒に担当
・4日目：シール貼りと仕分けを一人で担当。先輩は同じ作業台で見守ります
・5日目：検品から仕分けまでを通しで経験
覚えることは3ステップの繰り返し。資格や専門知識はいりません。

◆ 職場環境
・空調完備：冷暖房が効いた清潔な室内で、夏も冬も快適
・休憩室：電子レンジ・冷蔵庫・ポット・自動販売機あり。お弁当持参でもゆっくり過ごせます
・ロッカー：鍵付きの個人ロッカーで貴重品も安心
・服装：髪色・ネイルは自由。動きやすい服装で通勤して、現場のルールに沿って作業します

◆ 町田営業所ならではの一言
JR横浜線と小田急線の町田駅が最寄りで、東京・神奈川どちらの方面からも通勤しやすい街です。
東京と神奈川の境に位置し、周辺に物流センターや配送拠点が多く集まるエリアです。
町田営業所は町田市近郊の勤務先をいくつも担当しているので、「家から近い所がいい」といった希望も気軽に伝えてください。

地元の営業所が、あなたの「初めての正社員」をしっかり支えます。まずは気軽にご応募ください。","【町田市近郊で働く魅力】

✅ 資格・経験・学歴は問いません
必要なのは「丁寧に確認する姿勢」だけ。仕事のやり方は入社後にお伝えします。フォークリフトなどの資格を取りたくなったら、講習料や受験料を補助する制度もあります。

✅ 9:00〜18:00の固定時間制
毎日同じリズムで働けるので、生活のペースが安定します。土日祝がお休みなので、友人や家族との予定も合わせやすいですね。

✅ 黙々・コツコツ派にちょうどいい
ノルマはなく、接客もありません。「一人で集中して作業したい」「人間関係のストレスを減らしたい」という方に向いている環境です。

✅ 休憩室でしっかりリフレッシュ
昼休憩60分に加えて午後の小休憩があって、集中力を保ちやすいリズムです。休憩室にはポットやフリーWi-Fiもあります。

✅ 地域の職場をよく知っている
町田営業所は町田市近郊の勤務先をいくつも担当しています。「家から近い」「駅から歩ける」といった希望も、遠慮なく伝えてくださいね。

✅ 町田市近郊で通いやすい
JR横浜線と小田急線の町田駅が最寄りで、東京・神奈川どちらの方面からも通勤しやすい街です。東京と神奈川の境に位置し、周辺に物流センターや配送拠点が多く集まるエリアです。

「自分にもできそう」と思えたら、それがスタートの合図。町田営業所でお待ちしています。","例外事由3号のイにより、長期キャリア形成を図るため、
35歳以下を募集しております。","【勤務時間】
★9:00~18:00
└実働8時間/休憩1時間

定時ダッシュも問題ないです✧
✧ 土日祝休み
✧ 残業月平均:6.5時間以内
✧ 残業代100%支給","✧ 完全週休2日制(土日祝休み)
✧ 年間休日125日
「土日休みはマスト!」ってあなたにも
ぴったりの職場です!

【その他休暇】
✧ 有給休暇
✧ 夏季・冬季休暇
✧ GW休暇
✧ 年末年始休暇","東京都町田市原町田6-10-3 町田ERビル4F

周辺エリアに勤務地多数あり！
お気軽にご相談ください。",町田営業所,"月給:25万円~+交通費全額支給

※経験に応じて決定いたします。

# 昇給あり
# 賞与あり
# 残業代100%支給
# 交通費支給","・社会保険完備（雇用・労災・健康・厚生年金）
・時間外手当（残業が発生した場合は別途全額支給）
・退職金制度（当社規定による）
・定期健康診断
・有給休暇・夏季休暇・年末年始休暇
・産前産後休暇・育児休暇・介護休暇
・あんしん資格取得制度（フォークリフト・玉掛け・クレーン・溶接などの講習料・受験料補助）
・入社後研修（仕事の進め方・安全衛生・5S）・定期面談
・制服貸与（当社規定による）
・グループ団体保険への割引加入
・転勤なし","【応募前の「気になる」にお答えします】

Q. 面接は堅苦しいですか？
A. いいえ。カジュアル面談を1回行うだけです。服装も自由、履歴書も任意です。

Q. 応募してからどのくらいで決まりますか？
A. 3ステップで進みます。
▶ STEP1 WEBから応募（1分）→ 1〜3日以内にご連絡
▶ STEP2 カジュアル面談（1回のみ）
▶ STEP3 採用

Q. すぐには入社できないのですが…
A. 入社日はご相談いただけます。今のお仕事の引き継ぎ期間なども考慮します。",,即日勤務OK、交通費支給、残業なし,2,任意,生年月日、性別、電話番号,ntf-indeedapplicant-aaaatulx77tci2k2pr5yeqapva@shukatsu-labo.slack.com,,,利用しない,,
募集中,株式会社テクノ・サービス,未経験｜検品・梱包｜株式会社テクノ・サービス｜横浜営業所（横浜市鶴見区）,倉庫作業スタッフ,20～30代活躍中◎横浜市鶴見区｜空調完備の室内でコツコツ作業,,神奈川県 横浜市 鶴見区 豊岡町,,,正社員,はい,月給,250000,,最低額を表示,なし,,,,,,,固定時間制,160,,厚生年金、健康保険、雇用保険、労災保険,,なし,,,,,,,,,,,,,,,,,,"横浜営業所の周辺エリア（横浜市鶴見区近郊）にある物流センターで、検品・梱包を担当する正社員スタッフを募集しますよ。
扱うのは通販のアパレル商品や雑貨、コスメなど軽いものばかり。空調の効いたきれいな倉庫で、商品をチェックして箱に詰めるシンプルな作業です。
横浜営業所が近くにあるので、困ったときはすぐに顔を合わせて相談できます。

◆ ある日のスケジュール
09:00 出勤・朝礼。リーダーから連絡事項の共有
09:10 ハンディ端末でバーコードを読み取り、品番と個数を照合
10:30 小休憩（10分）
12:00 昼休憩（60分）。お弁当派も、近くで買ってくる派もいます
13:00 午後は梱包。ダンボールを組み立て、商品が動かないように納めます
15:00 小休憩（15分）
15:15 出荷準備。伝票シールを貼って配送業者ごとにコンテナへ
17:45 清掃と日報の記入
18:00 定時退勤。土日祝休みなので、明日の予定も立てやすいですね

◆ お仕事の中身
・検品：商品の外観チェック（傷・汚れ・へこみ）と数量・品番の照合
・スキャン：バーコードリーダーで「ピッ」と読み取ってデータと突き合わせ
・梱包：袋詰め、緩衝材包装、ダンボールの組み立てと箱詰め、テープ留め
・仕上げ：ラベル貼りと配送地域別の仕分け
扱うのはアパレル、コスメ、文房具、小型雑貨など。繰り返すうちに手が覚えていく作業です。

◆ 入社後1週間の流れ
1日目：横浜営業所でオリエンテーション。仕事の進め方、安全衛生、5Sの基本を説明します
2〜3日目：先輩スタッフがマンツーマンで隣について、検品の見方と梱包の手順を実演しながら教えます
4〜5日目：シール貼りやダンボールの組み立てから一人で担当。分からないことはその場で聞けます
1週間後：検品〜仕分けまでの流れをひと通り経験して、自分のペースで進められるように
「早ければ半日、遅くとも2〜3日で一人立ち」が現場の目安。慣れるまでは焦らず一緒にやりましょう。

◆ 設備のポイント
・冷暖房完備の室内作業で、季節や天候に左右されません
・休憩室に電子レンジ・冷蔵庫・ポットがあって、フリーWi-Fiも使えます
・個人用の鍵付きロッカーを完備
・髪色・ネイル・服装は自由。清潔感があれば普段のスタイルのままで大丈夫

◆ 神奈川県横浜市鶴見区で働くということ
京浜工業地帯の中心エリアで、工場や物流倉庫が多く、ものづくり・物流の仕事が身近な地域です。
JR京浜東北線・鶴見線と京急線の鶴見駅・京急鶴見駅が利用できます。
横浜営業所のスタッフは地元の職場をよく知っています。通勤のしやすさや職場の雰囲気など、気になることは何でも聞いてくださいね。

地元の営業所が、あなたの「初めての正社員」をしっかり支えます。まずは気軽にご応募ください。","【横浜営業所からのアピールポイント】

✅ 資格・経験・学歴は問いません
必要なのは「丁寧に確認する姿勢」だけ。仕事のやり方は入社後にお伝えします。フォークリフトなどの資格を取りたくなったら、講習料や受験料を補助する制度もあります。

✅ 残業は月平均6.5時間以内
定時で帰れる日がほとんど。仕事の後に予定を入れたり、家でゆっくりしたり、自分の時間をきちんと確保できますよ。

✅ 黙々・コツコツ派にちょうどいい
ノルマはなく、接客もありません。「一人で集中して作業したい」「人間関係のストレスを減らしたい」という方に向いている環境です。

✅ 休憩室でしっかりリフレッシュ
昼休憩60分に加えて午後の小休憩があって、集中力を保ちやすいリズムです。休憩室にはポットやフリーWi-Fiもあります。

✅ 正社員としての安定
正社員雇用に加えて、社会保険完備、退職金制度（規定あり）、資格取得支援制度があります。「地元で腰を据えて働きたい」という希望に応えられる環境です。

✅ 横浜市鶴見区近郊で通いやすい
JR京浜東北線・鶴見線と京急線の鶴見駅・京急鶴見駅が利用できます。京浜工業地帯の中心エリアで、工場や物流倉庫が多く、ものづくり・物流の仕事が身近な地域です。

まずはカジュアル面談で、職場の雰囲気や1日の流れをお伝えします。気軽にご応募ください。","例外事由3号のイにより、長期キャリア形成を図るため、
35歳以下を募集しております。","【勤務時間】
★9:00~18:00
└実働8時間/休憩1時間

定時ダッシュも問題ないです✧
✧ 土日祝休み
✧ 残業月平均:6.5時間以内
✧ 残業代100%支給","✧ 完全週休2日制(土日祝休み)
✧ 年間休日125日
「土日休みはマスト!」ってあなたにも
ぴったりの職場です!

【その他休暇】
✧ 有給休暇
✧ 夏季・冬季休暇
✧ GW休暇
✧ 年末年始休暇","神奈川県横浜市鶴見区豊岡町3-17 朝日生命鶴見ビル4F

周辺エリアに勤務地多数あり！
お気軽にご相談ください。",横浜営業所,"月給:25万円~+交通費全額支給

※経験に応じて決定いたします。

# 昇給あり
# 賞与あり
# 残業代100%支給
# 交通費支給","・社会保険完備（雇用・労災・健康・厚生年金）
・時間外手当（残業が発生した場合は別途全額支給）
・退職金制度（当社規定による）
・定期健康診断
・有給休暇・夏季休暇・年末年始休暇
・産前産後休暇・育児休暇・介護休暇
・あんしん資格取得制度（フォークリフト・玉掛け・クレーン・溶接などの講習料・受験料補助）
・入社後研修（仕事の進め方・安全衛生・5S）・定期面談
・制服貸与（当社規定による）
・グループ団体保険への割引加入
・転勤なし","まずは「話を聞いてみる」だけで大丈夫です。

当社ではカジュアル面談を実施しています。
志望動機や自己PRの準備は不要。
「どんな職場？」「本当に未経験でもできる？」といった疑問に、担当者が率直にお答えします。

■ 応募から入社までの3STEP ■
▶ STEP1 WEB応募（1分）
▶ STEP2 カジュアル面談（1回のみ・1〜3日以内にご連絡）
▶ STEP3 採用・入社日のご相談

入社日は柔軟に調整できます。
「来月から」「今の仕事を辞めてから」など、ご都合をお聞かせください。",,即日勤務OK、交通費支給、残業なし,2,任意,生年月日、性別、電話番号,ntf-indeedapplicant-aaaatulx77tci2k2pr5yeqapva@shukatsu-labo.slack.com,,,利用しない,,
募集中,株式会社テクノ・サービス,未経験｜検品・梱包｜株式会社テクノ・サービス｜厚木営業所（厚木市）,倉庫作業スタッフ,20～30代活躍中◎定時で帰れる｜厚木市近郊の検品・梱包スタッフ,,神奈川県 厚木市 中町,,,正社員,はい,月給,250000,,最低額を表示,なし,,,,,,,固定時間制,160,,厚生年金、健康保険、雇用保険、労災保険,,なし,,,,,,,,,,,,,,,,,,"「地元で、無理なく、正社員として働きたい」そんな方にちょうどいいお仕事です。
勤務先は厚木営業所の周辺エリア（厚木市近郊）にある物流センター。届いた商品に不備がないか確認して、丁寧に梱包して出荷準備をするのが仕事です。
冷暖房完備の室内で、重い荷物を運ぶことはほとんどありません。

◆ 入社後はこんな1日
09:00 朝礼。体調チェックと当日の出荷量を共有
09:15 午前は検品。外観を目視で確認して、気になる商品は別置きにしてリーダーへ
12:00 昼休憩（60分）
13:00 午後は梱包。袋詰め→箱詰め→テープ留めの3工程を繰り返します
15:00 小休憩（15分）。自動販売機で飲み物を買ってリフレッシュ
15:15 当日出荷分の最終チェックと仕分けを全員で仕上げます
17:45 作業スペースの清掃
18:00 退勤。残業は月平均6.5時間以内に収まっています

◆ 扱う商品・作業の具体例
・衣類・タオル：ほつれや汚れがないか確認して、透明袋に入れます
・コスメ・ガラス小物：割れないように緩衝材で包んでから箱へ
・文房具・生活雑貨：品番と個数を納品書と照合して、まとめて袋詰め
・出荷箱：伝票シールと「割れ物注意」などの注意シールを所定の位置に貼ります
どれも片手〜両手で持てるサイズで、重い物を持ち上げることはありません。

◆ 教育・研修のこと
入社初日は安全衛生の講習とオリエンテーションから。いきなり一人で現場に立つことはありません。
2日目以降は専任の先輩が隣について、検品・梱包の手順を実際にやって見せながら教えますよ。
最初の1週間は「見る→一緒にやる→一人でやる」の順で担当を広げて、1週間後にはひと通りの作業を経験できます。
厚木営業所の担当者も定期面談で様子を聞くので、職場に言いにくいことも相談してくださいね。

◆ 職場環境
・空調完備：冷暖房が効いた清潔な室内で、夏も冬も快適
・休憩室：電子レンジ・冷蔵庫・ポット・自動販売機あり。お弁当持参でもゆっくり過ごせます
・ロッカー：鍵付きの個人ロッカーで貴重品も安心
・服装：髪色・ネイルは自由。動きやすい服装で通勤して、現場のルールに沿って作業します

◆ 神奈川県厚木市で働くということ
県央エリアの物流拠点が集まる街で、大型の配送センターが数多く立地しています。
小田急線の本厚木駅が最寄りで、東名高速・圏央道のICも近く車通勤にも向いています。
厚木営業所のスタッフは地元の職場をよく知っています。通勤のしやすさや職場の雰囲気など、気になることは何でも聞いてくださいね。

「難しいことはできないけど、コツコツ続けるのは得意」という方、ぜひ厚木営業所に会いに来てください。","【厚木市近郊で働く魅力】

✅ マンツーマンで覚えられる
専任の先輩が隣について、実演しながら手順を説明します。最初はシール貼りやダンボールの組み立てから始めて、1週間でひと通りの流れを経験できます。

✅ 土日祝休み・年間休日125日
完全週休2日制でカレンダー通りに休めます。夏季・冬季休暇、GW、年末年始のまとまった休みもあって、予定を立てやすい働き方です。

✅ 黙々・コツコツ派にちょうどいい
ノルマはなく、接客もありません。「一人で集中して作業したい」「人間関係のストレスを減らしたい」という方に向いている環境です。

✅ 休憩室でしっかりリフレッシュ
昼休憩60分に加えて午後の小休憩があって、集中力を保ちやすいリズムです。休憩室にはポットやフリーWi-Fiもあります。

✅ 営業所が近いから、すぐ相談できる
厚木営業所の担当者が入社後も定期的に面談します。職場では言いにくいことも、営業所でなら話しやすいはず。転勤もありません。

✅ 厚木市近郊で通いやすい
小田急線の本厚木駅が最寄りで、東名高速・圏央道のICも近く車通勤にも向いています。県央エリアの物流拠点が集まる街で、大型の配送センターが数多く立地しています。

「自分にもできそう」と思えたら、それがスタートの合図。厚木営業所でお待ちしています。","例外事由3号のイにより、長期キャリア形成を図るため、
35歳以下を募集しております。","【勤務時間】
★9:00~18:00
└実働8時間/休憩1時間

定時ダッシュも問題ないです✧
✧ 土日祝休み
✧ 残業月平均:6.5時間以内
✧ 残業代100%支給","✧ 完全週休2日制(土日祝休み)
✧ 年間休日125日
「土日休みはマスト!」ってあなたにも
ぴったりの職場です!

【その他休暇】
✧ 有給休暇
✧ 夏季・冬季休暇
✧ GW休暇
✧ 年末年始休暇","神奈川県厚木市中町2-6-10 日本生命厚木ビル4F

周辺エリアに勤務地多数あり！
お気軽にご相談ください。",厚木営業所,"月給:25万円~+交通費全額支給

※経験に応じて決定いたします。

# 昇給あり
# 賞与あり
# 残業代100%支給
# 交通費支給","・社会保険完備（雇用・労災・健康・厚生年金）
・時間外手当（残業が発生した場合は別途全額支給）
・退職金制度（当社規定による）
・定期健康診断
・有給休暇・夏季休暇・年末年始休暇
・産前産後休暇・育児休暇・介護休暇
・あんしん資格取得制度（フォークリフト・玉掛け・クレーン・溶接などの講習料・受験料補助）
・入社後研修（仕事の進め方・安全衛生・5S）・定期面談
・制服貸与（当社規定による）
・グループ団体保険への割引加入
・転勤なし","【最短スケジュールのイメージ】

▶ STEP1 今日：WEBから1分で応募
▶ STEP2 1〜3日後：担当者からご連絡 → カジュアル面談の日程調整
▶ STEP3 面談当日：カジュアル面談（1回のみ）→ 採用のご連絡

面談では、職場の雰囲気・1日の流れ・通勤のことなど、
気になることを何でも聞いてください。

✧ 入社日はご相談いただけます ✧
「すぐ働きたい」「少し先がいい」どちらのご希望にも対応します。",,即日勤務OK、交通費支給、残業なし,2,任意,生年月日、性別、電話番号,ntf-indeedapplicant-aaaatulx77tci2k2pr5yeqapva@shukatsu-labo.slack.com,,,利用しない,,
募集中,株式会社テクノ・サービス,未経験｜検品・梱包｜株式会社テクノ・サービス｜藤沢営業所（藤沢市）,倉庫作業スタッフ,20～30代活躍中◎藤沢市｜地元で腰を据えて働く軽作業,,神奈川県 藤沢市 藤沢,,,正社員,はい,月給,250000,,最低額を表示,なし,,,,,,,固定時間制,160,,厚生年金、健康保険、雇用保険、労災保険,,なし,,,,,,,,,,,,,,,,,,"神奈川県藤沢市近郊で、検品・梱包スタッフ（正社員）を募集しています。
勤務先は藤沢営業所の周辺エリア（藤沢市近郊）にある物流センター。衣類・コスメ・文房具などの軽い商品を、目で確認して、数を合わせて、袋や箱に納めていきます。
「難しいことは苦手」という方でも、3日ほどで流れがつかめますよ。

◆ 1日の流れ（9:00〜18:00・休憩1時間）
09:00 朝礼。今日の出荷予定と担当作業を確認
09:15 検品スタート。商品の傷・汚れ・数量を納品書と照らし合わせます
12:00 昼休憩（60分）。休憩室で昼食。電子レンジや冷蔵庫も使えます
13:00 梱包スタート。袋詰め、緩衝材で包む、箱に納めるの繰り返し
15:00 小休憩（15分）。飲み物を片手にひと息
15:15 ラベル貼りと出荷先ごとの仕分け
17:45 作業台の片づけと翌日の資材準備
18:00 退勤。残業は月平均6.5時間以内で、定時で帰れる日が大半ですよ

◆ 扱う商品・作業の具体例
・衣類・タオル：ほつれや汚れがないか確認して、透明袋に入れます
・コスメ・ガラス小物：割れないように緩衝材で包んでから箱へ
・文房具・生活雑貨：品番と個数を納品書と照合して、まとめて袋詰め
・出荷箱：伝票シールと「割れ物注意」などの注意シールを所定の位置に貼ります
どれも片手〜両手で持てるサイズで、重い物を持ち上げることはありません。

◆ 未経験の方向け 1週間プログラム
・1日目：会社説明、安全衛生講習、作業場の見学
・2日目：先輩の隣で検品の実演を見学して、午後から一緒に作業
・3日目：梱包の袋詰め・箱詰めを先輩と一緒に担当
・4日目：シール貼りと仕分けを一人で担当。先輩は同じ作業台で見守ります
・5日目：検品から仕分けまでを通しで経験
覚えることは3ステップの繰り返し。資格や専門知識はいりません。

◆ 働く環境
作業場は1年中空調が効いていて、「夏は暑くて汗だく」「冬は手がかじかむ」という心配がありません。
休憩室は広くて、電子レンジや冷蔵庫、自動販売機が揃っています。
鍵付きロッカーがあるので、貴重品の管理も安心ですよ。
服装や髪色は自由で、自分らしいスタイルのまま通勤できます。

◆ 藤沢営業所ならではの一言
JR東海道線・小田急江ノ島線・江ノ電が使える藤沢駅が最寄りで、湘南エリアの交通の中心です。
海が近い湘南の街で、休日はゆったり過ごしたい方にも人気のエリアです。
藤沢営業所は藤沢市近郊の勤務先をいくつも担当しているので、「家から近い所がいい」といった希望も気軽に伝えてください。

地元の営業所が、あなたの「初めての正社員」をしっかり支えます。まずは気軽にご応募ください。","【藤沢営業所からのアピールポイント】

✅ マンツーマンで覚えられる
専任の先輩が隣について、実演しながら手順を説明します。最初はシール貼りやダンボールの組み立てから始めて、1週間でひと通りの流れを経験できます。

✅ 9:00〜18:00の固定時間制
毎日同じリズムで働けるので、生活のペースが安定します。土日祝がお休みなので、友人や家族との予定も合わせやすいですね。

✅ 重い荷物はほとんどなし
扱うのは衣類・コスメ・文房具・小型雑貨など軽い商品が中心。力仕事はほぼなくて、身体への負担を抑えて長く続けられます。

✅ 休憩室でしっかりリフレッシュ
昼休憩60分に加えて午後の小休憩があって、集中力を保ちやすいリズムです。休憩室にはポットやフリーWi-Fiもあります。

✅ 地域の職場をよく知っている
藤沢営業所は藤沢市近郊の勤務先をいくつも担当しています。「家から近い」「駅から歩ける」といった希望も、遠慮なく伝えてくださいね。

✅ 地元藤沢市で長く働く
海が近い湘南の街で、休日はゆったり過ごしたい方にも人気のエリアです。JR東海道線・小田急江ノ島線・江ノ電が使える藤沢駅が最寄りで、湘南エリアの交通の中心です。

「自分にもできそう」と思えたら、それがスタートの合図。藤沢営業所でお待ちしています。","例外事由3号のイにより、長期キャリア形成を図るため、
35歳以下を募集しております。","【勤務時間】
★9:00~18:00
└実働8時間/休憩1時間

定時ダッシュも問題ないです✧
✧ 土日祝休み
✧ 残業月平均:6.5時間以内
✧ 残業代100%支給","✧ 完全週休2日制(土日祝休み)
✧ 年間休日125日
「土日休みはマスト!」ってあなたにも
ぴったりの職場です!

【その他休暇】
✧ 有給休暇
✧ 夏季・冬季休暇
✧ GW休暇
✧ 年末年始休暇","神奈川県藤沢市藤沢438-1 藤沢30ビル4F

周辺エリアに勤務地多数あり！
お気軽にご相談ください。",藤沢営業所,"月給:25万円~+交通費全額支給

※経験に応じて決定いたします。

# 昇給あり
# 賞与あり
# 残業代100%支給
# 交通費支給","・社会保険完備（雇用・労災・健康・厚生年金）
・時間外手当（残業が発生した場合は別途全額支給）
・退職金制度（当社規定による）
・定期健康診断
・有給休暇・夏季休暇・年末年始休暇
・産前産後休暇・育児休暇・介護休暇
・あんしん資格取得制度（フォークリフト・玉掛け・クレーン・溶接などの講習料・受験料補助）
・入社後研修（仕事の進め方・安全衛生・5S）・定期面談
・制服貸与（当社規定による）
・グループ団体保険への割引加入
・転勤なし","■ 選考について ■
・カジュアル面談：1回のみ（服装自由・履歴書任意）
・応募から面談まで：WEB応募後、1〜3日以内にご連絡
・入社日：ご相談のうえ決定

■ 応募からの流れ ■
▶ STEP1 WEBから1分で応募
▶ STEP2 カジュアル面談（1回のみ）
▶ STEP3 採用

「まずは話だけ聞いてみたい」という方も、そのままご応募ください。
面談で無理に応募を勧めることはありません。",,即日勤務OK、交通費支給、残業なし,2,任意,生年月日、性別、電話番号,ntf-indeedapplicant-aaaatulx77tci2k2pr5yeqapva@shukatsu-labo.slack.com,,,利用しない,,
募集中,株式会社テクノ・サービス,未経験｜検品・梱包｜株式会社テクノ・サービス｜名古屋営業所（名古屋市中村区）,倉庫作業スタッフ,20～30代活躍中◎重い荷物なし｜名古屋市中村区で始めるシンプル軽作業,,愛知県 名古屋市 中村区 名駅,,,正社員,はい,月給,250000,,最低額を表示,なし,,,,,,,固定時間制,160,,厚生年金、健康保険、雇用保険、労災保険,,なし,,,,,,,,,,,,,,,,,,"コツコツ作業が好きな方、集中して黙々と働きたい方に向いている検品・梱包のお仕事です。
勤務先は名古屋営業所の周辺エリア（名古屋市中村区近郊）にある物流センター。1年中快適な温度の倉庫で、自分の作業台を担当します。
名古屋営業所では入社後も定期的に面談をして、困りごとがあればすぐにフォローしますね。

◆ ある日のスケジュール
09:00 出勤・朝礼。リーダーから連絡事項の共有
09:10 ハンディ端末でバーコードを読み取り、品番と個数を照合
10:30 小休憩（10分）
12:00 昼休憩（60分）。お弁当派も、近くで買ってくる派もいます
13:00 午後は梱包。ダンボールを組み立て、商品が動かないように納めます
15:00 小休憩（15分）
15:15 出荷準備。伝票シールを貼って配送業者ごとにコンテナへ
17:45 清掃と日報の記入
18:00 定時退勤。土日祝休みなので、明日の予定も立てやすいですね

◆ 作業は3ステップだけ
1. 検品：商品を手に取って、傷・汚れ・数量を確認。迷ったら「保留」箱に入れてリーダーに聞くだけ
2. 梱包：商品に合わせて袋・緩衝材・箱を選んで、動かないように納めてテープで封をします
3. 仕分け：伝票シールを貼って、配送地域ごとのコンテナへ
衣類・雑貨・コスメ・文房具などの軽い商品が中心で、フォークリフトなどの機械操作はありません。

◆ 未経験の方向け 1週間プログラム
・1日目：会社説明、安全衛生講習、作業場の見学
・2日目：先輩の隣で検品の実演を見学して、午後から一緒に作業
・3日目：梱包の袋詰め・箱詰めを先輩と一緒に担当
・4日目：シール貼りと仕分けを一人で担当。先輩は同じ作業台で見守ります
・5日目：検品から仕分けまでを通しで経験
覚えることは3ステップの繰り返し。資格や専門知識はいりません。

◆ 設備のポイント
・冷暖房完備の室内作業で、季節や天候に左右されません
・休憩室に電子レンジ・冷蔵庫・ポットがあって、フリーWi-Fiも使えます
・個人用の鍵付きロッカーを完備
・髪色・ネイル・服装は自由。清潔感があれば普段のスタイルのままで大丈夫

◆ 愛知県名古屋市中村区で働くということ
中部エリア最大のターミナルにあり、相談や面談にも立ち寄りやすい場所です。
JR・名鉄・近鉄・地下鉄が集まる名古屋駅から徒歩圏で、県内外どこからでも通いやすい立地です。
名古屋営業所のスタッフは地元の職場をよく知っています。通勤のしやすさや職場の雰囲気など、気になることは何でも聞いてくださいね。

地元の営業所が、あなたの「初めての正社員」をしっかり支えます。まずは気軽にご応募ください。","【名古屋市中村区近郊で働く魅力】

✅ 先輩の9割以上が未経験スタート
「商品を手に取る」「傷がないか見る」「箱に入れる」の3ステップが基本。専門用語も複雑な機械操作もなく、初日は安全衛生の講習から始まるので安心ですよ。

✅ 残業は月平均6.5時間以内
定時で帰れる日がほとんど。仕事の後に予定を入れたり、家でゆっくりしたり、自分の時間をきちんと確保できますよ。

✅ 重い荷物はほとんどなし
扱うのは衣類・コスメ・文房具・小型雑貨など軽い商品が中心。力仕事はほぼなくて、身体への負担を抑えて長く続けられます。

✅ 休憩室でしっかりリフレッシュ
昼休憩60分に加えて午後の小休憩があって、集中力を保ちやすいリズムです。休憩室にはポットやフリーWi-Fiもあります。

✅ 正社員としての安定
正社員雇用に加えて、社会保険完備、退職金制度（規定あり）、資格取得支援制度があります。「地元で腰を据えて働きたい」という希望に応えられる環境です。

✅ 地元名古屋市中村区で長く働く
中部エリア最大のターミナルにあり、相談や面談にも立ち寄りやすい場所です。JR・名鉄・近鉄・地下鉄が集まる名古屋駅から徒歩圏で、県内外どこからでも通いやすい立地です。

まずはカジュアル面談で、職場の雰囲気や1日の流れをお伝えします。気軽にご応募ください。","例外事由3号のイにより、長期キャリア形成を図るため、
35歳以下を募集しております。","【勤務時間】
★9:00~18:00
└実働8時間/休憩1時間

定時ダッシュも問題ないです✧
✧ 土日祝休み
✧ 残業月平均:6.5時間以内
✧ 残業代100%支給","✧ 完全週休2日制(土日祝休み)
✧ 年間休日125日
「土日休みはマスト!」ってあなたにも
ぴったりの職場です!

【その他休暇】
✧ 有給休暇
✧ 夏季・冬季休暇
✧ GW休暇
✧ 年末年始休暇","愛知県名古屋市中村区名駅4-24-16 広小路ガーデンアベニュー3F

周辺エリアに勤務地多数あり！
お気軽にご相談ください。",名古屋営業所,"月給:25万円~+交通費全額支給

※経験に応じて決定いたします。

# 昇給あり
# 賞与あり
# 残業代100%支給
# 交通費支給","・社会保険完備（雇用・労災・健康・厚生年金）
・時間外手当（残業が発生した場合は別途全額支給）
・退職金制度（当社規定による）
・定期健康診断
・有給休暇・夏季休暇・年末年始休暇
・産前産後休暇・育児休暇・介護休暇
・あんしん資格取得制度（フォークリフト・玉掛け・クレーン・溶接などの講習料・受験料補助）
・入社後研修（仕事の進め方・安全衛生・5S）・定期面談
・制服貸与（当社規定による）
・グループ団体保険への割引加入
・転勤なし","✧ カジュアル面談実施中です ✧

応募に必要なのは人柄だけ。
まずはあなたのご希望を聞かせてください。

■ 応募からの流れ ■
▶ STEP1 WEBから1分で簡単応募
1〜3日以内に担当者からご連絡します。
▶ STEP2 カジュアル面談（1回のみ）
職場の雰囲気や1日の流れをお伝えし、ご希望を伺います。
▶ STEP3 採用

※入社日はご相談いただけます◎
在職中の方も、お気軽にご相談ください。",,即日勤務OK、交通費支給、残業なし,2,任意,生年月日、性別、電話番号,ntf-indeedapplicant-aaaatulx77tci2k2pr5yeqapva@shukatsu-labo.slack.com,,,利用しない,,
募集中,株式会社テクノ・サービス,未経験｜検品・梱包｜株式会社テクノ・サービス｜岡崎営業所（岡崎市）,倉庫作業スタッフ,20～30代活躍中◎岡崎市｜営業所が近いから相談しやすい検品・梱包,,愛知県 岡崎市 明大寺本町,,,正社員,はい,月給,250000,,最低額を表示,なし,,,,,,,固定時間制,160,,厚生年金、健康保険、雇用保険、労災保険,,なし,,,,,,,,,,,,,,,,,,"岡崎営業所の周辺エリア（岡崎市近郊）にある物流センターで、検品・梱包を担当する正社員スタッフを募集しますよ。
扱うのは通販のアパレル商品や雑貨、コスメなど軽いものばかり。空調の効いたきれいな倉庫で、商品をチェックして箱に詰めるシンプルな作業です。
岡崎営業所が近くにあるので、困ったときはすぐに顔を合わせて相談できます。

◆ 1日の流れ（9:00〜18:00・休憩1時間）
09:00 朝礼。今日の出荷予定と担当作業を確認
09:15 検品スタート。商品の傷・汚れ・数量を納品書と照らし合わせます
12:00 昼休憩（60分）。休憩室で昼食。電子レンジや冷蔵庫も使えます
13:00 梱包スタート。袋詰め、緩衝材で包む、箱に納めるの繰り返し
15:00 小休憩（15分）。飲み物を片手にひと息
15:15 ラベル貼りと出荷先ごとの仕分け
17:45 作業台の片づけと翌日の資材準備
18:00 退勤。残業は月平均6.5時間以内で、定時で帰れる日が大半ですよ

◆ 作業は3ステップだけ
1. 検品：商品を手に取って、傷・汚れ・数量を確認。迷ったら「保留」箱に入れてリーダーに聞くだけ
2. 梱包：商品に合わせて袋・緩衝材・箱を選んで、動かないように納めてテープで封をします
3. 仕分け：伝票シールを貼って、配送地域ごとのコンテナへ
衣類・雑貨・コスメ・文房具などの軽い商品が中心で、フォークリフトなどの機械操作はありません。

◆ 入社後1週間の流れ
1日目：岡崎営業所でオリエンテーション。仕事の進め方、安全衛生、5Sの基本を説明します
2〜3日目：先輩スタッフがマンツーマンで隣について、検品の見方と梱包の手順を実演しながら教えます
4〜5日目：シール貼りやダンボールの組み立てから一人で担当。分からないことはその場で聞けます
1週間後：検品〜仕分けまでの流れをひと通り経験して、自分のペースで進められるように
「早ければ半日、遅くとも2〜3日で一人立ち」が現場の目安。慣れるまでは焦らず一緒にやりましょう。

◆ 働く環境
作業場は1年中空調が効いていて、「夏は暑くて汗だく」「冬は手がかじかむ」という心配がありません。
休憩室は広くて、電子レンジや冷蔵庫、自動販売機が揃っています。
鍵付きロッカーがあるので、貴重品の管理も安心ですよ。
服装や髪色は自由で、自分らしいスタイルのまま通勤できます。

◆ 愛知県岡崎市で働くということ
西三河の中心都市で、自動車関連の製造業や物流拠点が数多く集まっています。
名鉄名古屋本線の東岡崎駅・JR東海道線の岡崎駅が利用でき、東名の岡崎ICも近い立地です。
岡崎営業所のスタッフは地元の職場をよく知っています。通勤のしやすさや職場の雰囲気など、気になることは何でも聞いてくださいね。

「難しいことはできないけど、コツコツ続けるのは得意」という方、ぜひ岡崎営業所に会いに来てください。","【岡崎営業所からのアピールポイント】

✅ 先輩の9割以上が未経験スタート
「商品を手に取る」「傷がないか見る」「箱に入れる」の3ステップが基本。専門用語も複雑な機械操作もなく、初日は安全衛生の講習から始まるので安心ですよ。

✅ 土日祝休み・年間休日125日
完全週休2日制でカレンダー通りに休めます。夏季・冬季休暇、GW、年末年始のまとまった休みもあって、予定を立てやすい働き方です。

✅ 重い荷物はほとんどなし
扱うのは衣類・コスメ・文房具・小型雑貨など軽い商品が中心。力仕事はほぼなくて、身体への負担を抑えて長く続けられます。

✅ 休憩室でしっかりリフレッシュ
昼休憩60分に加えて午後の小休憩があって、集中力を保ちやすいリズムです。休憩室にはポットやフリーWi-Fiもあります。

✅ 営業所が近いから、すぐ相談できる
岡崎営業所の担当者が入社後も定期的に面談します。職場では言いにくいことも、営業所でなら話しやすいはず。転勤もありません。

✅ 地元岡崎市で長く働く
西三河の中心都市で、自動車関連の製造業や物流拠点が数多く集まっています。名鉄名古屋本線の東岡崎駅・JR東海道線の岡崎駅が利用でき、東名の岡崎ICも近い立地です。

「自分にもできそう」と思えたら、それがスタートの合図。岡崎営業所でお待ちしています。","例外事由3号のイにより、長期キャリア形成を図るため、
35歳以下を募集しております。","【勤務時間】
★9:00~18:00
└実働8時間/休憩1時間

定時ダッシュも問題ないです✧
✧ 土日祝休み
✧ 残業月平均:6.5時間以内
✧ 残業代100%支給","✧ 完全週休2日制(土日祝休み)
✧ 年間休日125日
「土日休みはマスト!」ってあなたにも
ぴったりの職場です!

【その他休暇】
✧ 有給休暇
✧ 夏季・冬季休暇
✧ GW休暇
✧ 年末年始休暇","愛知県岡崎市明大寺本町1-34 岡崎ビル5F

周辺エリアに勤務地多数あり！
お気軽にご相談ください。",岡崎営業所,"月給:25万円~+交通費全額支給

※経験に応じて決定いたします。

# 昇給あり
# 賞与あり
# 残業代100%支給
# 交通費支給","・社会保険完備（雇用・労災・健康・厚生年金）
・時間外手当（残業が発生した場合は別途全額支給）
・退職金制度（当社規定による）
・定期健康診断
・有給休暇・夏季休暇・年末年始休暇
・産前産後休暇・育児休暇・介護休暇
・あんしん資格取得制度（フォークリフト・玉掛け・クレーン・溶接などの講習料・受験料補助）
・入社後研修（仕事の進め方・安全衛生・5S）・定期面談
・制服貸与（当社規定による）
・グループ団体保険への割引加入
・転勤なし","【応募前の「気になる」にお答えします】

Q. 面接は堅苦しいですか？
A. いいえ。カジュアル面談を1回行うだけです。服装も自由、履歴書も任意です。

Q. 応募してからどのくらいで決まりますか？
A. 3ステップで進みます。
▶ STEP1 WEBから応募（1分）→ 1〜3日以内にご連絡
▶ STEP2 カジュアル面談（1回のみ）
▶ STEP3 採用

Q. すぐには入社できないのですが…
A. 入社日はご相談いただけます。今のお仕事の引き継ぎ期間なども考慮します。",,即日勤務OK、交通費支給、残業なし,2,任意,生年月日、性別、電話番号,ntf-indeedapplicant-aaaatulx77tci2k2pr5yeqapva@shukatsu-labo.slack.com,,,利用しない,,
募集中,株式会社テクノ・サービス,未経験｜検品・梱包｜株式会社テクノ・サービス｜豊田営業所（豊田市）,倉庫作業スタッフ,20～30代活躍中◎未経験から正社員へ｜豊田市近郊の検品・梱包,,愛知県 豊田市 西町,,,正社員,はい,月給,250000,,最低額を表示,なし,,,,,,,固定時間制,160,,厚生年金、健康保険、雇用保険、労災保険,,なし,,,,,,,,,,,,,,,,,,"「地元で、無理なく、正社員として働きたい」そんな方にちょうどいいお仕事です。
勤務先は豊田営業所の周辺エリア（豊田市近郊）にある物流センター。届いた商品に不備がないか確認して、丁寧に梱包して出荷準備をするのが仕事です。
冷暖房完備の室内で、重い荷物を運ぶことはほとんどありません。

◆ ある日のスケジュール
09:00 出勤・朝礼。リーダーから連絡事項の共有
09:10 ハンディ端末でバーコードを読み取り、品番と個数を照合
10:30 小休憩（10分）
12:00 昼休憩（60分）。お弁当派も、近くで買ってくる派もいます
13:00 午後は梱包。ダンボールを組み立て、商品が動かないように納めます
15:00 小休憩（15分）
15:15 出荷準備。伝票シールを貼って配送業者ごとにコンテナへ
17:45 清掃と日報の記入
18:00 定時退勤。土日祝休みなので、明日の予定も立てやすいですね

◆ こんな商品を扱います
通販サイトで人気のアパレル商品、生活雑貨、コスメ、文房具が中心です。
・シャツやタオルを畳んで透明袋へ
・コスメ容器のひび割れを目視で確認
・文房具のセット品を指定の個数で袋詰め
・箱にラベルを貼って配送業者ごとの台車へ
作業台の高さも調整されていて、身体への負担を抑えて働けます。

◆ 教育・研修のこと
入社初日は安全衛生の講習とオリエンテーションから。いきなり一人で現場に立つことはありません。
2日目以降は専任の先輩が隣について、検品・梱包の手順を実際にやって見せながら教えますよ。
最初の1週間は「見る→一緒にやる→一人でやる」の順で担当を広げて、1週間後にはひと通りの作業を経験できます。
豊田営業所の担当者も定期面談で様子を聞くので、職場に言いにくいことも相談してくださいね。

◆ 設備のポイント
・冷暖房完備の室内作業で、季節や天候に左右されません
・休憩室に電子レンジ・冷蔵庫・ポットがあって、フリーWi-Fiも使えます
・個人用の鍵付きロッカーを完備
・髪色・ネイル・服装は自由。清潔感があれば普段のスタイルのままで大丈夫

◆ 豊田営業所ならではの一言
名鉄三河線・豊田線の豊田市駅と愛知環状鉄道の新豊田駅が最寄りで、東名の豊田ICも近い立地です。
自動車産業の中心地で、関連部品や資材を扱う物流の現場が数多くある街です。
豊田営業所は豊田市近郊の勤務先をいくつも担当しているので、「家から近い所がいい」といった希望も気軽に伝えてください。

地元の営業所が、あなたの「初めての正社員」をしっかり支えます。まずは気軽にご応募ください。","【豊田市近郊で働く魅力】

✅ 資格・経験・学歴は問いません
必要なのは「丁寧に確認する姿勢」だけ。仕事のやり方は入社後にお伝えします。フォークリフトなどの資格を取りたくなったら、講習料や受験料を補助する制度もあります。

✅ 残業は月平均6.5時間以内
定時で帰れる日がほとんど。仕事の後に予定を入れたり、家でゆっくりしたり、自分の時間をきちんと確保できますよ。

✅ 黙々・コツコツ派にちょうどいい
ノルマはなく、接客もありません。「一人で集中して作業したい」「人間関係のストレスを減らしたい」という方に向いている環境です。

✅ 髪色・ネイル・服装は自由
清潔感があれば普段のスタイルのままで大丈夫。動きやすい服装で通勤して、現場のルールに沿って作業します。

✅ 地域の職場をよく知っている
豊田営業所は豊田市近郊の勤務先をいくつも担当しています。「家から近い」「駅から歩ける」といった希望も、遠慮なく伝えてくださいね。

✅ 豊田市近郊で通いやすい
名鉄三河線・豊田線の豊田市駅と愛知環状鉄道の新豊田駅が最寄りで、東名の豊田ICも近い立地です。自動車産業の中心地で、関連部品や資材を扱う物流の現場が数多くある街です。

まずはカジュアル面談で、職場の雰囲気や1日の流れをお伝えします。気軽にご応募ください。","例外事由3号のイにより、長期キャリア形成を図るため、
35歳以下を募集しております。","【勤務時間】
★9:00~18:00
└実働8時間/休憩1時間

定時ダッシュも問題ないです✧
✧ 土日祝休み
✧ 残業月平均:6.5時間以内
✧ 残業代100%支給","✧ 完全週休2日制(土日祝休み)
✧ 年間休日125日
「土日休みはマスト!」ってあなたにも
ぴったりの職場です!

【その他休暇】
✧ 有給休暇
✧ 夏季・冬季休暇
✧ GW休暇
✧ 年末年始休暇","愛知県豊田市西町1-200 豊田参合館2F

周辺エリアに勤務地多数あり！
お気軽にご相談ください。",豊田営業所,"月給:25万円~+交通費全額支給

※経験に応じて決定いたします。

# 昇給あり
# 賞与あり
# 残業代100%支給
# 交通費支給","・社会保険完備（雇用・労災・健康・厚生年金）
・時間外手当（残業が発生した場合は別途全額支給）
・退職金制度（当社規定による）
・定期健康診断
・有給休暇・夏季休暇・年末年始休暇
・産前産後休暇・育児休暇・介護休暇
・あんしん資格取得制度（フォークリフト・玉掛け・クレーン・溶接などの講習料・受験料補助）
・入社後研修（仕事の進め方・安全衛生・5S）・定期面談
・制服貸与（当社規定による）
・グループ団体保険への割引加入
・転勤なし","まずは「話を聞いてみる」だけで大丈夫です。

当社ではカジュアル面談を実施しています。
志望動機や自己PRの準備は不要。
「どんな職場？」「本当に未経験でもできる？」といった疑問に、担当者が率直にお答えします。

■ 応募から入社までの3STEP ■
▶ STEP1 WEB応募（1分）
▶ STEP2 カジュアル面談（1回のみ・1〜3日以内にご連絡）
▶ STEP3 採用・入社日のご相談

入社日は柔軟に調整できます。
「来月から」「今の仕事を辞めてから」など、ご都合をお聞かせください。",,即日勤務OK、交通費支給、残業なし,2,任意,生年月日、性別、電話番号,ntf-indeedapplicant-aaaatulx77tci2k2pr5yeqapva@shukatsu-labo.slack.com,,,利用しない,,
募集中,株式会社テクノ・サービス,未経験｜検品・梱包｜株式会社テクノ・サービス｜大阪営業所（大阪市北区）,倉庫作業スタッフ,20～30代活躍中◎大阪市北区｜黙々作業が好きな方に向く軽作業,,大阪府 大阪市 北区 角田町,,,正社員,はい,月給,250000,,最低額を表示,なし,,,,,,,固定時間制,160,,厚生年金、健康保険、雇用保険、労災保険,,なし,,,,,,,,,,,,,,,,,,"大阪府大阪市北区近郊で、検品・梱包スタッフ（正社員）を募集しています。
勤務先は大阪営業所の周辺エリア（大阪市北区近郊）にある物流センター。衣類・コスメ・文房具などの軽い商品を、目で確認して、数を合わせて、袋や箱に納めていきます。
「難しいことは苦手」という方でも、3日ほどで流れがつかめますよ。

◆ 入社後はこんな1日
09:00 朝礼。体調チェックと当日の出荷量を共有
09:15 午前は検品。外観を目視で確認して、気になる商品は別置きにしてリーダーへ
12:00 昼休憩（60分）
13:00 午後は梱包。袋詰め→箱詰め→テープ留めの3工程を繰り返します
15:00 小休憩（15分）。自動販売機で飲み物を買ってリフレッシュ
15:15 当日出荷分の最終チェックと仕分けを全員で仕上げます
17:45 作業スペースの清掃
18:00 退勤。残業は月平均6.5時間以内に収まっています

◆ お仕事の中身
・検品：商品の外観チェック（傷・汚れ・へこみ）と数量・品番の照合
・スキャン：バーコードリーダーで「ピッ」と読み取ってデータと突き合わせ
・梱包：袋詰め、緩衝材包装、ダンボールの組み立てと箱詰め、テープ留め
・仕上げ：ラベル貼りと配送地域別の仕分け
扱うのはアパレル、コスメ、文房具、小型雑貨など。繰り返すうちに手が覚えていく作業です。

◆ 未経験の方向け 1週間プログラム
・1日目：会社説明、安全衛生講習、作業場の見学
・2日目：先輩の隣で検品の実演を見学して、午後から一緒に作業
・3日目：梱包の袋詰め・箱詰めを先輩と一緒に担当
・4日目：シール貼りと仕分けを一人で担当。先輩は同じ作業台で見守ります
・5日目：検品から仕分けまでを通しで経験
覚えることは3ステップの繰り返し。資格や専門知識はいりません。

◆ 職場環境
・空調完備：冷暖房が効いた清潔な室内で、夏も冬も快適
・休憩室：電子レンジ・冷蔵庫・ポット・自動販売機あり。お弁当持参でもゆっくり過ごせます
・ロッカー：鍵付きの個人ロッカーで貴重品も安心
・服装：髪色・ネイルは自由。動きやすい服装で通勤して、現場のルールに沿って作業します

◆ 大阪営業所ならではの一言
JR大阪駅・阪急・阪神・地下鉄各線が集まる梅田エリアで、関西どこからでも通いやすい立地です。
関西最大のターミナルにあり、相談や面談にも立ち寄りやすい場所です。
大阪営業所は大阪市北区近郊の勤務先をいくつも担当しているので、「家から近い所がいい」といった希望も気軽に伝えてください。

「難しいことはできないけど、コツコツ続けるのは得意」という方、ぜひ大阪営業所に会いに来てください。","【大阪営業所からのアピールポイント】

✅ 資格・経験・学歴は問いません
必要なのは「丁寧に確認する姿勢」だけ。仕事のやり方は入社後にお伝えします。フォークリフトなどの資格を取りたくなったら、講習料や受験料を補助する制度もあります。

✅ 土日祝休み・年間休日125日
完全週休2日制でカレンダー通りに休めます。夏季・冬季休暇、GW、年末年始のまとまった休みもあって、予定を立てやすい働き方です。

✅ 黙々・コツコツ派にちょうどいい
ノルマはなく、接客もありません。「一人で集中して作業したい」「人間関係のストレスを減らしたい」という方に向いている環境です。

✅ 髪色・ネイル・服装は自由
清潔感があれば普段のスタイルのままで大丈夫。動きやすい服装で通勤して、現場のルールに沿って作業します。

✅ 正社員としての安定
正社員雇用に加えて、社会保険完備、退職金制度（規定あり）、資格取得支援制度があります。「地元で腰を据えて働きたい」という希望に応えられる環境です。

✅ 大阪市北区近郊で通いやすい
JR大阪駅・阪急・阪神・地下鉄各線が集まる梅田エリアで、関西どこからでも通いやすい立地です。関西最大のターミナルにあり、相談や面談にも立ち寄りやすい場所です。

「自分にもできそう」と思えたら、それがスタートの合図。大阪営業所でお待ちしています。","例外事由3号のイにより、長期キャリア形成を図るため、
35歳以下を募集しております。","【勤務時間】
★9:00~18:00
└実働8時間/休憩1時間

定時ダッシュも問題ないです✧
✧ 土日祝休み
✧ 残業月平均:6.5時間以内
✧ 残業代100%支給","✧ 完全週休2日制(土日祝休み)
✧ 年間休日125日
「土日休みはマスト!」ってあなたにも
ぴったりの職場です!

【その他休暇】
✧ 有給休暇
✧ 夏季・冬季休暇
✧ GW休暇
✧ 年末年始休暇","大阪府大阪市北区角田町8-1 梅田阪急ビルオフィスタワー35F

周辺エリアに勤務地多数あり！
お気軽にご相談ください。",大阪営業所,"月給:25万円~+交通費全額支給

※経験に応じて決定いたします。

# 昇給あり
# 賞与あり
# 残業代100%支給
# 交通費支給","・社会保険完備（雇用・労災・健康・厚生年金）
・時間外手当（残業が発生した場合は別途全額支給）
・退職金制度（当社規定による）
・定期健康診断
・有給休暇・夏季休暇・年末年始休暇
・産前産後休暇・育児休暇・介護休暇
・あんしん資格取得制度（フォークリフト・玉掛け・クレーン・溶接などの講習料・受験料補助）
・入社後研修（仕事の進め方・安全衛生・5S）・定期面談
・制服貸与（当社規定による）
・グループ団体保険への割引加入
・転勤なし","【最短スケジュールのイメージ】

▶ STEP1 今日：WEBから1分で応募
▶ STEP2 1〜3日後：担当者からご連絡 → カジュアル面談の日程調整
▶ STEP3 面談当日：カジュアル面談（1回のみ）→ 採用のご連絡

面談では、職場の雰囲気・1日の流れ・通勤のことなど、
気になることを何でも聞いてください。

✧ 入社日はご相談いただけます ✧
「すぐ働きたい」「少し先がいい」どちらのご希望にも対応します。",,即日勤務OK、交通費支給、残業なし,2,任意,生年月日、性別、電話番号,ntf-indeedapplicant-aaaatulx77tci2k2pr5yeqapva@shukatsu-labo.slack.com,,,利用しない,,
募集中,株式会社テクノ・サービス,未経験｜検品・梱包｜株式会社テクノ・サービス｜堺営業所（堺市堺区）,倉庫作業スタッフ,20～30代活躍中◎残業少なめ｜堺市堺区エリアの物流センターで検品・梱包,,大阪府 堺市 堺区 熊野町東,,,正社員,はい,月給,250000,,最低額を表示,なし,,,,,,,固定時間制,160,,厚生年金、健康保険、雇用保険、労災保険,,なし,,,,,,,,,,,,,,,,,,"コツコツ作業が好きな方、集中して黙々と働きたい方に向いている検品・梱包のお仕事です。
勤務先は堺営業所の周辺エリア（堺市堺区近郊）にある物流センター。1年中快適な温度の倉庫で、自分の作業台を担当します。
堺営業所では入社後も定期的に面談をして、困りごとがあればすぐにフォローしますね。

◆ 1日の流れ（9:00〜18:00・休憩1時間）
09:00 朝礼。今日の出荷予定と担当作業を確認
09:15 検品スタート。商品の傷・汚れ・数量を納品書と照らし合わせます
12:00 昼休憩（60分）。休憩室で昼食。電子レンジや冷蔵庫も使えます
13:00 梱包スタート。袋詰め、緩衝材で包む、箱に納めるの繰り返し
15:00 小休憩（15分）。飲み物を片手にひと息
15:15 ラベル貼りと出荷先ごとの仕分け
17:45 作業台の片づけと翌日の資材準備
18:00 退勤。残業は月平均6.5時間以内で、定時で帰れる日が大半ですよ

◆ お仕事の中身
・検品：商品の外観チェック（傷・汚れ・へこみ）と数量・品番の照合
・スキャン：バーコードリーダーで「ピッ」と読み取ってデータと突き合わせ
・梱包：袋詰め、緩衝材包装、ダンボールの組み立てと箱詰め、テープ留め
・仕上げ：ラベル貼りと配送地域別の仕分け
扱うのはアパレル、コスメ、文房具、小型雑貨など。繰り返すうちに手が覚えていく作業です。

◆ 入社後1週間の流れ
1日目：堺営業所でオリエンテーション。仕事の進め方、安全衛生、5Sの基本を説明します
2〜3日目：先輩スタッフがマンツーマンで隣について、検品の見方と梱包の手順を実演しながら教えます
4〜5日目：シール貼りやダンボールの組み立てから一人で担当。分からないことはその場で聞けます
1週間後：検品〜仕分けまでの流れをひと通り経験して、自分のペースで進められるように
「早ければ半日、遅くとも2〜3日で一人立ち」が現場の目安。慣れるまでは焦らず一緒にやりましょう。

◆ 設備のポイント
・冷暖房完備の室内作業で、季節や天候に左右されません
・休憩室に電子レンジ・冷蔵庫・ポットがあって、フリーWi-Fiも使えます
・個人用の鍵付きロッカーを完備
・髪色・ネイル・服装は自由。清潔感があれば普段のスタイルのままで大丈夫

◆ 大阪府堺市堺区で働くということ
堺の中心市街地で、臨海部には工場や物流施設が集まる産業エリアです。
南海本線の堺駅・南海高野線の堺東駅が利用でき、難波から約10分の好立地です。
堺営業所のスタッフは地元の職場をよく知っています。通勤のしやすさや職場の雰囲気など、気になることは何でも聞いてくださいね。

「難しいことはできないけど、コツコツ続けるのは得意」という方、ぜひ堺営業所に会いに来てください。","【堺市堺区近郊で働く魅力】

✅ マンツーマンで覚えられる
専任の先輩が隣について、実演しながら手順を説明します。最初はシール貼りやダンボールの組み立てから始めて、1週間でひと通りの流れを経験できます。

✅ 9:00〜18:00の固定時間制
毎日同じリズムで働けるので、生活のペースが安定します。土日祝がお休みなので、友人や家族との予定も合わせやすいですね。

✅ 重い荷物はほとんどなし
扱うのは衣類・コスメ・文房具・小型雑貨など軽い商品が中心。力仕事はほぼなくて、身体への負担を抑えて長く続けられます。

✅ 髪色・ネイル・服装は自由
清潔感があれば普段のスタイルのままで大丈夫。動きやすい服装で通勤して、現場のルールに沿って作業します。

✅ 営業所が近いから、すぐ相談できる
堺営業所の担当者が入社後も定期的に面談します。職場では言いにくいことも、営業所でなら話しやすいはず。転勤もありません。

✅ 堺市堺区近郊で通いやすい
南海本線の堺駅・南海高野線の堺東駅が利用でき、難波から約10分の好立地です。堺の中心市街地で、臨海部には工場や物流施設が集まる産業エリアです。

まずはカジュアル面談で、職場の雰囲気や1日の流れをお伝えします。気軽にご応募ください。","例外事由3号のイにより、長期キャリア形成を図るため、
35歳以下を募集しております。","【勤務時間】
★9:00~18:00
└実働8時間/休憩1時間

定時ダッシュも問題ないです✧
✧ 土日祝休み
✧ 残業月平均:6.5時間以内
✧ 残業代100%支給","✧ 完全週休2日制(土日祝休み)
✧ 年間休日125日
「土日休みはマスト!」ってあなたにも
ぴったりの職場です!

【その他休暇】
✧ 有給休暇
✧ 夏季・冬季休暇
✧ GW休暇
✧ 年末年始休暇","大阪府堺市堺区熊野町東3-2-28 堺駅前ビル2F

周辺エリアに勤務地多数あり！
お気軽にご相談ください。",堺営業所,"月給:25万円~+交通費全額支給

※経験に応じて決定いたします。

# 昇給あり
# 賞与あり
# 残業代100%支給
# 交通費支給","・社会保険完備（雇用・労災・健康・厚生年金）
・時間外手当（残業が発生した場合は別途全額支給）
・退職金制度（当社規定による）
・定期健康診断
・有給休暇・夏季休暇・年末年始休暇
・産前産後休暇・育児休暇・介護休暇
・あんしん資格取得制度（フォークリフト・玉掛け・クレーン・溶接などの講習料・受験料補助）
・入社後研修（仕事の進め方・安全衛生・5S）・定期面談
・制服貸与（当社規定による）
・グループ団体保険への割引加入
・転勤なし","■ 選考について ■
・カジュアル面談：1回のみ（服装自由・履歴書任意）
・応募から面談まで：WEB応募後、1〜3日以内にご連絡
・入社日：ご相談のうえ決定

■ 応募からの流れ ■
▶ STEP1 WEBから1分で応募
▶ STEP2 カジュアル面談（1回のみ）
▶ STEP3 採用

「まずは話だけ聞いてみたい」という方も、そのままご応募ください。
面談で無理に応募を勧めることはありません。",,即日勤務OK、交通費支給、残業なし,2,任意,生年月日、性別、電話番号,ntf-indeedapplicant-aaaatulx77tci2k2pr5yeqapva@shukatsu-labo.slack.com,,,利用しない,,
募集中,株式会社テクノ・サービス,未経験｜検品・梱包｜株式会社テクノ・サービス｜福岡営業所（福岡市博多区）,倉庫作業スタッフ,20～30代活躍中◎福岡市博多区｜入社後研修と定期面談でしっかりフォロー,,福岡県 福岡市 博多区 中洲,,,正社員,はい,月給,250000,,最低額を表示,なし,,,,,,,固定時間制,160,,厚生年金、健康保険、雇用保険、労災保険,,なし,,,,,,,,,,,,,,,,,,"福岡営業所の周辺エリア（福岡市博多区近郊）にある物流センターで、検品・梱包を担当する正社員スタッフを募集しますよ。
扱うのは通販のアパレル商品や雑貨、コスメなど軽いものばかり。空調の効いたきれいな倉庫で、商品をチェックして箱に詰めるシンプルな作業です。
福岡営業所が近くにあるので、困ったときはすぐに顔を合わせて相談できます。

◆ 入社後はこんな1日
09:00 朝礼。体調チェックと当日の出荷量を共有
09:15 午前は検品。外観を目視で確認して、気になる商品は別置きにしてリーダーへ
12:00 昼休憩（60分）
13:00 午後は梱包。袋詰め→箱詰め→テープ留めの3工程を繰り返します
15:00 小休憩（15分）。自動販売機で飲み物を買ってリフレッシュ
15:15 当日出荷分の最終チェックと仕分けを全員で仕上げます
17:45 作業スペースの清掃
18:00 退勤。残業は月平均6.5時間以内に収まっています

◆ 扱う商品・作業の具体例
・衣類・タオル：ほつれや汚れがないか確認して、透明袋に入れます
・コスメ・ガラス小物：割れないように緩衝材で包んでから箱へ
・文房具・生活雑貨：品番と個数を納品書と照合して、まとめて袋詰め
・出荷箱：伝票シールと「割れ物注意」などの注意シールを所定の位置に貼ります
どれも片手〜両手で持てるサイズで、重い物を持ち上げることはありません。

◆ 教育・研修のこと
入社初日は安全衛生の講習とオリエンテーションから。いきなり一人で現場に立つことはありません。
2日目以降は専任の先輩が隣について、検品・梱包の手順を実際にやって見せながら教えますよ。
最初の1週間は「見る→一緒にやる→一人でやる」の順で担当を広げて、1週間後にはひと通りの作業を経験できます。
福岡営業所の担当者も定期面談で様子を聞くので、職場に言いにくいことも相談してくださいね。

◆ 職場環境
・空調完備：冷暖房が効いた清潔な室内で、夏も冬も快適
・休憩室：電子レンジ・冷蔵庫・ポット・自動販売機あり。お弁当持参でもゆっくり過ごせます
・ロッカー：鍵付きの個人ロッカーで貴重品も安心
・服装：髪色・ネイルは自由。動きやすい服装で通勤して、現場のルールに沿って作業します

◆ 福岡県福岡市博多区で働くということ
九州の玄関口にあり、県内各方面からの通勤や面談に立ち寄りやすい場所です。
JR博多駅から徒歩圏で、新幹線・在来線・地下鉄が利用できる九州最大のターミナルです。
福岡営業所のスタッフは地元の職場をよく知っています。通勤のしやすさや職場の雰囲気など、気になることは何でも聞いてくださいね。

地元の営業所が、あなたの「初めての正社員」をしっかり支えます。まずは気軽にご応募ください。","【福岡営業所からのアピールポイント】

✅ マンツーマンで覚えられる
専任の先輩が隣について、実演しながら手順を説明します。最初はシール貼りやダンボールの組み立てから始めて、1週間でひと通りの流れを経験できます。

✅ 残業は月平均6.5時間以内
定時で帰れる日がほとんど。仕事の後に予定を入れたり、家でゆっくりしたり、自分の時間をきちんと確保できますよ。

✅ 重い荷物はほとんどなし
扱うのは衣類・コスメ・文房具・小型雑貨など軽い商品が中心。力仕事はほぼなくて、身体への負担を抑えて長く続けられます。

✅ 髪色・ネイル・服装は自由
清潔感があれば普段のスタイルのままで大丈夫。動きやすい服装で通勤して、現場のルールに沿って作業します。

✅ 地域の職場をよく知っている
福岡営業所は福岡市博多区近郊の勤務先をいくつも担当しています。「家から近い」「駅から歩ける」といった希望も、遠慮なく伝えてくださいね。

✅ 地元福岡市博多区で長く働く
九州の玄関口にあり、県内各方面からの通勤や面談に立ち寄りやすい場所です。JR博多駅から徒歩圏で、新幹線・在来線・地下鉄が利用できる九州最大のターミナルです。

まずはカジュアル面談で、職場の雰囲気や1日の流れをお伝えします。気軽にご応募ください。","例外事由3号のイにより、長期キャリア形成を図るため、
35歳以下を募集しております。","【勤務時間】
★9:00~18:00
└実働8時間/休憩1時間

定時ダッシュも問題ないです✧
✧ 土日祝休み
✧ 残業月平均:6.5時間以内
✧ 残業代100%支給","✧ 完全週休2日制(土日祝休み)
✧ 年間休日125日
「土日休みはマスト!」ってあなたにも
ぴったりの職場です!

【その他休暇】
✧ 有給休暇
✧ 夏季・冬季休暇
✧ GW休暇
✧ 年末年始休暇","福岡県福岡市博多区中洲5-6-24 第6ガーデンビル2F

周辺エリアに勤務地多数あり！
お気軽にご相談ください。",福岡営業所,"月給:25万円~+交通費全額支給

※経験に応じて決定いたします。

# 昇給あり
# 賞与あり
# 残業代100%支給
# 交通費支給","・社会保険完備（雇用・労災・健康・厚生年金）
・時間外手当（残業が発生した場合は別途全額支給）
・退職金制度（当社規定による）
・定期健康診断
・有給休暇・夏季休暇・年末年始休暇
・産前産後休暇・育児休暇・介護休暇
・あんしん資格取得制度（フォークリフト・玉掛け・クレーン・溶接などの講習料・受験料補助）
・入社後研修（仕事の進め方・安全衛生・5S）・定期面談
・制服貸与（当社規定による）
・グループ団体保険への割引加入
・転勤なし","✧ カジュアル面談実施中です ✧

応募に必要なのは人柄だけ。
まずはあなたのご希望を聞かせてください。

■ 応募からの流れ ■
▶ STEP1 WEBから1分で簡単応募
1〜3日以内に担当者からご連絡します。
▶ STEP2 カジュアル面談（1回のみ）
職場の雰囲気や1日の流れをお伝えし、ご希望を伺います。
▶ STEP3 採用

※入社日はご相談いただけます◎
在職中の方も、お気軽にご相談ください。",,即日勤務OK、交通費支給、残業なし,2,任意,生年月日、性別、電話番号,ntf-indeedapplicant-aaaatulx77tci2k2pr5yeqapva@shukatsu-labo.slack.com,,,利用しない,,
募集中,株式会社テクノ・サービス,未経験｜検品・梱包｜株式会社テクノ・サービス｜北九州営業所（北九州市小倉北区）,倉庫作業スタッフ,20～30代活躍中◎土日祝休み｜北九州市小倉北区近郊で検品・梱包の正社員,,福岡県 北九州市 小倉北区 米町,,,正社員,はい,月給,250000,,最低額を表示,なし,,,,,,,固定時間制,160,,厚生年金、健康保険、雇用保険、労災保険,,なし,,,,,,,,,,,,,,,,,,"「地元で、無理なく、正社員として働きたい」そんな方にちょうどいいお仕事です。
勤務先は北九州営業所の周辺エリア（北九州市小倉北区近郊）にある物流センター。届いた商品に不備がないか確認して、丁寧に梱包して出荷準備をするのが仕事です。
冷暖房完備の室内で、重い荷物を運ぶことはほとんどありません。

◆ 1日の流れ（9:00〜18:00・休憩1時間）
09:00 朝礼。今日の出荷予定と担当作業を確認
09:15 検品スタート。商品の傷・汚れ・数量を納品書と照らし合わせます
12:00 昼休憩（60分）。休憩室で昼食。電子レンジや冷蔵庫も使えます
13:00 梱包スタート。袋詰め、緩衝材で包む、箱に納めるの繰り返し
15:00 小休憩（15分）。飲み物を片手にひと息
15:15 ラベル貼りと出荷先ごとの仕分け
17:45 作業台の片づけと翌日の資材準備
18:00 退勤。残業は月平均6.5時間以内で、定時で帰れる日が大半ですよ

◆ 扱う商品・作業の具体例
・衣類・タオル：ほつれや汚れがないか確認して、透明袋に入れます
・コスメ・ガラス小物：割れないように緩衝材で包んでから箱へ
・文房具・生活雑貨：品番と個数を納品書と照合して、まとめて袋詰め
・出荷箱：伝票シールと「割れ物注意」などの注意シールを所定の位置に貼ります
どれも片手〜両手で持てるサイズで、重い物を持ち上げることはありません。

◆ 未経験の方向け 1週間プログラム
・1日目：会社説明、安全衛生講習、作業場の見学
・2日目：先輩の隣で検品の実演を見学して、午後から一緒に作業
・3日目：梱包の袋詰め・箱詰めを先輩と一緒に担当
・4日目：シール貼りと仕分けを一人で担当。先輩は同じ作業台で見守ります
・5日目：検品から仕分けまでを通しで経験
覚えることは3ステップの繰り返し。資格や専門知識はいりません。

◆ 働く環境
作業場は1年中空調が効いていて、「夏は暑くて汗だく」「冬は手がかじかむ」という心配がありません。
休憩室は広くて、電子レンジや冷蔵庫、自動販売機が揃っています。
鍵付きロッカーがあるので、貴重品の管理も安心ですよ。
服装や髪色は自由で、自分らしいスタイルのまま通勤できます。

◆ 北九州営業所ならではの一言
JR小倉駅から徒歩圏で、新幹線・在来線・モノレールが利用できる北九州の中心です。
ものづくりの街として発展した北九州の中心エリアで、製造・物流の現場が身近な地域です。
北九州営業所は北九州市小倉北区近郊の勤務先をいくつも担当しているので、「家から近い所がいい」といった希望も気軽に伝えてください。

「難しいことはできないけど、コツコツ続けるのは得意」という方、ぜひ北九州営業所に会いに来てください。","【北九州市小倉北区近郊で働く魅力】

✅ 先輩の9割以上が未経験スタート
「商品を手に取る」「傷がないか見る」「箱に入れる」の3ステップが基本。専門用語も複雑な機械操作もなく、初日は安全衛生の講習から始まるので安心ですよ。

✅ 土日祝休み・年間休日125日
完全週休2日制でカレンダー通りに休めます。夏季・冬季休暇、GW、年末年始のまとまった休みもあって、予定を立てやすい働き方です。

✅ 重い荷物はほとんどなし
扱うのは衣類・コスメ・文房具・小型雑貨など軽い商品が中心。力仕事はほぼなくて、身体への負担を抑えて長く続けられます。

✅ 髪色・ネイル・服装は自由
清潔感があれば普段のスタイルのままで大丈夫。動きやすい服装で通勤して、現場のルールに沿って作業します。

✅ 正社員としての安定
正社員雇用に加えて、社会保険完備、退職金制度（規定あり）、資格取得支援制度があります。「地元で腰を据えて働きたい」という希望に応えられる環境です。

✅ 地元北九州市小倉北区で長く働く
ものづくりの街として発展した北九州の中心エリアで、製造・物流の現場が身近な地域です。JR小倉駅から徒歩圏で、新幹線・在来線・モノレールが利用できる北九州の中心です。

「自分にもできそう」と思えたら、それがスタートの合図。北九州営業所でお待ちしています。","例外事由3号のイにより、長期キャリア形成を図るため、
35歳以下を募集しております。","【勤務時間】
★9:00~18:00
└実働8時間/休憩1時間

定時ダッシュも問題ないです✧
✧ 土日祝休み
✧ 残業月平均:6.5時間以内
✧ 残業代100%支給","✧ 完全週休2日制(土日祝休み)
✧ 年間休日125日
「土日休みはマスト!」ってあなたにも
ぴったりの職場です!

【その他休暇】
✧ 有給休暇
✧ 夏季・冬季休暇
✧ GW休暇
✧ 年末年始休暇","福岡県北九州市小倉北区米町1-1-7 小倉駅前中道ビル4F

周辺エリアに勤務地多数あり！
お気軽にご相談ください。",北九州営業所,"月給:25万円~+交通費全額支給

※経験に応じて決定いたします。

# 昇給あり
# 賞与あり
# 残業代100%支給
# 交通費支給","・社会保険完備（雇用・労災・健康・厚生年金）
・時間外手当（残業が発生した場合は別途全額支給）
・退職金制度（当社規定による）
・定期健康診断
・有給休暇・夏季休暇・年末年始休暇
・産前産後休暇・育児休暇・介護休暇
・あんしん資格取得制度（フォークリフト・玉掛け・クレーン・溶接などの講習料・受験料補助）
・入社後研修（仕事の進め方・安全衛生・5S）・定期面談
・制服貸与（当社規定による）
・グループ団体保険への割引加入
・転勤なし","【応募前の「気になる」にお答えします】

Q. 面接は堅苦しいですか？
A. いいえ。カジュアル面談を1回行うだけです。服装も自由、履歴書も任意です。

Q. 応募してからどのくらいで決まりますか？
A. 3ステップで進みます。
▶ STEP1 WEBから応募（1分）→ 1〜3日以内にご連絡
▶ STEP2 カジュアル面談（1回のみ）
▶ STEP3 採用

Q. すぐには入社できないのですが…
A. 入社日はご相談いただけます。今のお仕事の引き継ぎ期間なども考慮します。",,即日勤務OK、交通費支給、残業なし,2,任意,生年月日、性別、電話番号,ntf-indeedapplicant-aaaatulx77tci2k2pr5yeqapva@shukatsu-labo.slack.com,,,利用しない,,
募集中,日本マニュファクチャリングサービス株式会社,未経験｜検品・梱包｜日本マニュファクチャリングサービス株式会社｜摂津市,倉庫作業スタッフ,20～30代活躍中◎摂津市｜マンツーマン研修で安心の検品・梱包,,大阪府 摂津市,,,正社員,はい,月給,250000,,最低額を表示,なし,,,,,,,固定時間制,160,,厚生年金、健康保険、雇用保険、労災保険,,なし,,,,,,,,,,,,,,,,,,"大阪府摂津市エリアで、検品・梱包の正社員スタッフを募集します。
勤務先は摂津市内および周辺の物流センター。商品にキズや汚れがないかを目で確かめ、数を合わせ、袋や箱に丁寧に納める作業が中心です。
1年を通して快適な温度に保たれた室内作業で、当社の先輩スタッフが隣で手順を教えます。

■ ある1日のスケジュール（日勤・実働8時間）
09:00 出勤・朝礼。リーダーから本日の作業内容と注意点の共有があります
09:10 検品スタート。ハンディ端末でバーコードを読み取り、品番と数量を照合
10:30 小休憩（10分）
12:00 昼休憩（60分）。電子レンジ・冷蔵庫のある休憩室で昼食
13:00 梱包作業。緩衝材で商品を包み、ダンボールを組み立てて詰めていきます
15:00 小休憩（15分）
15:15 出荷準備。伝票シールを貼り、配送業者ごとにコンテナへ仕分け
17:45 清掃・翌日分の資材補充
18:00 退勤。土日祝はお休みで、翌日の予定も立てやすい働き方です

■ 扱う商品と作業の具体例
・衣類・タオルなどの布製品：ほつれや汚れがないか確認し、専用の透明袋に入れます
・コスメ・ガラス製の小物：割れやすいため、緩衝材で包んでから箱に納めます
・文房具・生活雑貨：品番と個数を納品書と照合し、まとめて袋詰めします
・出荷前の箱：伝票シールと「割れ物注意」「水濡れ厳禁」などの注意シールを所定位置に貼ります
いずれも手のひらから両手で持てる大きさの商品で、重量物の持ち上げはありません。

■ 入社後1週間の流れ
1日目：オリエンテーション。安全ルール、勤怠の付け方、作業場の設備を案内します
2〜3日目：先輩スタッフがマンツーマンで隣につき、検品の見方と梱包の手順を実演しながら教えます
4〜5日目：シール貼りやダンボールの組み立てなど簡単な工程から一人で担当。分からないことはその場で質問できます
1週間後：検品・梱包の一連の流れをひと通り経験し、自分のペースで進められるようになります
当社は製造現場の教育に長年取り組んできた会社です。「早ければ半日、遅くとも2〜3日で一人立ち」が現場の平均的な目安ですが、慣れるまでは焦らず伴走します。

■ 設備・環境のポイント
・冷暖房完備の室内作業で、季節や天候に左右されません
・休憩室には電子レンジ・冷蔵庫・ポットがあり、フリーWi-Fiも使えます
・個人用の鍵付きロッカーを完備
・髪色・ネイル・服装は自由。清潔感があれば普段のスタイルのままで大丈夫です

■ 大阪府摂津市で働く
近畿道・中央環状線沿いに物流施設が集まる、北摂の物流拠点です。
阪急京都線の摂津市駅、JR千里丘駅、大阪モノレールが利用でき、大阪市内から通いやすい立地です。
摂津市周辺で「通勤時間を抑えて安定した正社員の仕事に就きたい」という方に、当社の検品・梱包はぴったりの選択肢です。

「難しいことはできないけれど、コツコツ続けることは得意」という方を、当社は大切にしています。まずはお気軽にご応募ください。","【摂津市で働くならここがポイント】

✅ 先輩スタッフの9割以上が未経験からのスタート
「商品を手に取る」「傷がないか見る」「箱に入れる」の3ステップが仕事の基本です。複雑な機械操作や専門用語はなく、入社初日は安全講習とオリエンテーションから始まるので、初めての正社員でも安心してスタートできます。

✅ 土日祝休み・年間休日125日
完全週休2日制で、カレンダー通りに休めます。夏季・冬季休暇、GW、年末年始のまとまった休みもあり、予定を立てやすい働き方です。

✅ 自分のペースで黙々と進められる仕事
ノルマに追われることはなく、接客もありません。「一人で集中して作業したい」「人間関係のストレスを減らしたい」という方にこそ向いている環境です。

✅ 休憩室でしっかりリフレッシュ
昼休憩60分に加えて午後に小休憩があり、集中力を保ちやすいリズムで働けます。休憩室にはポットやフリーWi-Fiもあり、お弁当派にも外食派にも便利です。

✅ 製造・物流の現場を支えてきた会社の正社員
当社は全国の製造現場で人材を育ててきた会社です。検品・梱包からスタートし、経験を積めばリーダーや別工程へのステップアップも目指せます。

✅ 摂津市で通いやすい勤務地
阪急京都線の摂津市駅、JR千里丘駅、大阪モノレールが利用でき、大阪市内から通いやすい立地です。近畿道・中央環状線沿いに物流施設が集まる、北摂の物流拠点です。

まずはカジュアル面談で、職場の雰囲気や1日の流れをお伝えします。ご応募をお待ちしています。","例外事由3号のイにより、長期キャリア形成を図るため、
35歳以下を募集しております。","【勤務時間】
★9:00~18:00
└実働8時間/休憩1時間

定時ダッシュも問題ないです✧
✧ 土日祝休み
✧ 残業月平均:6.5時間以内
✧ 残業代100%支給","✧ 完全週休2日制(土日祝休み)
✧ 年間休日125日
「土日休みはマスト!」ってあなたにも
ぴったりの職場です!

【その他休暇】
✧ 有給休暇
✧ 夏季・冬季休暇
✧ GW休暇
✧ 年末年始休暇",大阪府 摂津市,,"月給:25万円~+交通費全額支給

※経験に応じて決定いたします。

# 昇給あり
# 賞与あり
# 残業代100%支給
# 交通費支給","・社会保険完備（雇用・労災・健康・厚生年金）
・残業手当・深夜手当・休日出勤手当（実働時間に応じて支給）
・確定拠出年金制度（企業型）
・定期健康診断・インフルエンザ予防接種費用補助
・特別休暇（慶弔休暇）
・産前産後休暇・育児休業・介護休業
・資格取得支援制度（フォークリフト・自主保全士など）
・家具家電付き社員寮制度（勤務地による・規定あり）
・制服貸与
・社員持株会
・福利厚生サービス（レジャー・飲食の優待割引、保養施設）
・団体長期障害所得補償保険（GLTD）","✧ カジュアル面談実施中です ✧

応募に必要なのは人柄だけ。
まずはあなたのご希望を聞かせてください。

■ 応募からの流れ ■
▶ STEP1 WEBから1分で簡単応募
1〜3日以内に担当者からご連絡します。
▶ STEP2 カジュアル面談（1回のみ）
職場の雰囲気や1日の流れをお伝えし、ご希望を伺います。
▶ STEP3 採用

※入社日はご相談いただけます◎
在職中の方も、お気軽にご相談ください。",,即日勤務OK、交通費支給、残業なし,2,任意,生年月日、性別、電話番号,ntf-indeedapplicant-aaaatulx77tci2k2pr5yeqapva@shukatsu-labo.slack.com,,,利用しない,,
募集中,日本マニュファクチャリングサービス株式会社,未経験｜検品・梱包｜日本マニュファクチャリングサービス株式会社｜池田市,倉庫作業スタッフ,20～30代活躍中◎池田市で正社員デビュー｜検品・梱包のシンプル作業,,大阪府 池田市,,,正社員,はい,月給,250000,,最低額を表示,なし,,,,,,,固定時間制,160,,厚生年金、健康保険、雇用保険、労災保険,,なし,,,,,,,,,,,,,,,,,,"池田市内および周辺の物流センターで、通販商品や生活雑貨の「検品・梱包」を担当する正社員スタッフの募集です。
冷暖房が効いた清潔な作業場で、商品をひとつずつ確認し、丁寧に箱へ納めていく落ち着いた仕事です。
製造・物流の現場を長年支えてきた当社が、未経験の方を一から育てます。

■ 1日の流れ（9:00〜18:00・休憩1時間）
09:00 朝礼。当日の出荷予定と担当エリアを確認し、作業台へ移動します
09:15 午前の検品。入荷した商品を納品書と照らし合わせ、外観と数量をチェック
12:00 昼休憩（60分）。休憩室でゆっくり昼食をとります
13:00 午後の梱包。検品を終えた商品を袋詰めし、サイズに合った箱に納めます
15:00 小休憩（15分）。水分補給と軽いストレッチでリフレッシュ
15:15 ラベル貼りと出荷先ごとの仕分け。台車で所定の場所へ運びます
17:40 作業台の整理整頓と翌日の準備
18:00 退勤。残業は月平均6.5時間以内で、定時に帰れる日がほとんどです

■ 扱う商品と作業の具体例
・衣類・タオルなどの布製品：ほつれや汚れがないか確認し、専用の透明袋に入れます
・コスメ・ガラス製の小物：割れやすいため、緩衝材で包んでから箱に納めます
・文房具・生活雑貨：品番と個数を納品書と照合し、まとめて袋詰めします
・出荷前の箱：伝票シールと「割れ物注意」「水濡れ厳禁」などの注意シールを所定位置に貼ります
いずれも手のひらから両手で持てる大きさの商品で、重量物の持ち上げはありません。

■ 教育・研修体制
入社初日は安全講習とオリエンテーションから始まり、いきなり現場に出ることはありません。
2日目以降は専任の先輩スタッフが隣について、検品・梱包の手順を実際にやって見せながら説明します。
最初の1週間は「見る→一緒にやる→一人でやる」の順で少しずつ担当を広げ、1週間後にはひと通りの作業を経験できるスケジュールです。
リーダーは常に作業場内にいるため、「これはどこに置くのでしたか」といった質問もすぐに解決できます。

■ 職場環境
・空調完備：冷暖房が効いた清潔な室内で、夏も冬も快適に作業できます
・休憩室：電子レンジ・冷蔵庫・ポット・自動販売機を完備。お弁当持参でもゆっくり過ごせます
・ロッカー：鍵付きの個人ロッカーがあり、私物を安心して預けられます
・服装：髪色・ネイルは自由。動きやすい服装で通勤し、現場のルールに沿って作業します

■ 大阪府池田市で働く
北摂の落ち着いた住宅地で、大手食品メーカーの拠点もあるものづくりの街です。
阪急宝塚線の池田駅が最寄りで、梅田から約20分の好立地です。
池田市周辺で「通勤時間を抑えて安定した正社員の仕事に就きたい」という方に、当社の検品・梱包はぴったりの選択肢です。

製造・物流の現場を支えてきた当社で、あなたのペースで一歩を踏み出してください。ご応募をお待ちしています。","【当社の検品・梱包が選ばれる理由】

✅ 先輩スタッフの9割以上が未経験からのスタート
「商品を手に取る」「傷がないか見る」「箱に入れる」の3ステップが仕事の基本です。複雑な機械操作や専門用語はなく、入社初日は安全講習とオリエンテーションから始まるので、初めての正社員でも安心してスタートできます。

✅ 平日は定時、週末はしっかり休む
9:00〜18:00の固定時間制で、生活リズムが安定します。土日祝はお休みなので、家族や友人と予定を合わせやすいのも魅力です。

✅ 重い荷物はほとんどありません
扱うのは衣類・コスメ・文房具・小型雑貨など軽い商品が中心です。重量物の持ち上げや力仕事はほぼなく、身体への負担を抑えて長く続けられます。

✅ 休憩室でしっかりリフレッシュ
昼休憩60分に加えて午後に小休憩があり、集中力を保ちやすいリズムで働けます。休憩室にはポットやフリーWi-Fiもあり、お弁当派にも外食派にも便利です。

✅ 相談しやすい体制
配属先にはリーダーが常駐し、定期的な面談で困りごとを聞き取ります。作業のこと、通勤のこと、働き方のこと、何でも相談してください。

✅ 地元池田市で長く働く
北摂の落ち着いた住宅地で、大手食品メーカーの拠点もあるものづくりの街です。阪急宝塚線の池田駅が最寄りで、梅田から約20分の好立地です。

まずはカジュアル面談で、職場の雰囲気や1日の流れをお伝えします。ご応募をお待ちしています。","例外事由3号のイにより、長期キャリア形成を図るため、
35歳以下を募集しております。","【勤務時間】
★9:00~18:00
└実働8時間/休憩1時間

定時ダッシュも問題ないです✧
✧ 土日祝休み
✧ 残業月平均:6.5時間以内
✧ 残業代100%支給","✧ 完全週休2日制(土日祝休み)
✧ 年間休日125日
「土日休みはマスト!」ってあなたにも
ぴったりの職場です!

【その他休暇】
✧ 有給休暇
✧ 夏季・冬季休暇
✧ GW休暇
✧ 年末年始休暇",大阪府 池田市,,"月給:25万円~+交通費全額支給

※経験に応じて決定いたします。

# 昇給あり
# 賞与あり
# 残業代100%支給
# 交通費支給","・社会保険完備（雇用・労災・健康・厚生年金）
・残業手当・深夜手当・休日出勤手当（実働時間に応じて支給）
・確定拠出年金制度（企業型）
・定期健康診断・インフルエンザ予防接種費用補助
・特別休暇（慶弔休暇）
・産前産後休暇・育児休業・介護休業
・資格取得支援制度（フォークリフト・自主保全士など）
・家具家電付き社員寮制度（勤務地による・規定あり）
・制服貸与
・社員持株会
・福利厚生サービス（レジャー・飲食の優待割引、保養施設）
・団体長期障害所得補償保険（GLTD）","【応募前の「気になる」にお答えします】

Q. 面接は堅苦しいですか？
A. いいえ。カジュアル面談を1回行うだけです。服装も自由、履歴書も任意です。

Q. 応募してからどのくらいで決まりますか？
A. 3ステップで進みます。
▶ STEP1 WEBから応募（1分）→ 1〜3日以内にご連絡
▶ STEP2 カジュアル面談（1回のみ）
▶ STEP3 採用

Q. すぐには入社できないのですが…
A. 入社日はご相談いただけます。今のお仕事の引き継ぎ期間なども考慮します。",,即日勤務OK、交通費支給、残業なし,2,任意,生年月日、性別、電話番号,ntf-indeedapplicant-aaaatulx77tci2k2pr5yeqapva@shukatsu-labo.slack.com,,,利用しない,,
募集中,日本マニュファクチャリングサービス株式会社,未経験｜検品・梱包｜日本マニュファクチャリングサービス株式会社｜泉佐野市,倉庫作業スタッフ,20～30代活躍中◎泉佐野市｜年間休日125日・完全週休2日の軽作業,,大阪府 泉佐野市,,,正社員,はい,月給,250000,,最低額を表示,なし,,,,,,,固定時間制,160,,厚生年金、健康保険、雇用保険、労災保険,,なし,,,,,,,,,,,,,,,,,,"勤務先は泉佐野市内および周辺の物流センター。扱うのは衣類・コスメ・文房具・小型雑貨など、手のひらサイズの軽い商品が中心です。
担当していただくのは、届いた商品に不備がないかを確かめ、出荷用の箱に整えて詰める「検品・梱包」の作業。
空調完備の室内で、自分のペースを保ちながら黙々と取り組める環境です。

■ ある1日のスケジュール（日勤・実働8時間）
09:00 出勤・朝礼。リーダーから本日の作業内容と注意点の共有があります
09:10 検品スタート。ハンディ端末でバーコードを読み取り、品番と数量を照合
10:30 小休憩（10分）
12:00 昼休憩（60分）。電子レンジ・冷蔵庫のある休憩室で昼食
13:00 梱包作業。緩衝材で商品を包み、ダンボールを組み立てて詰めていきます
15:00 小休憩（15分）
15:15 出荷準備。伝票シールを貼り、配送業者ごとにコンテナへ仕分け
17:45 清掃・翌日分の資材補充
18:00 退勤。土日祝はお休みで、翌日の予定も立てやすい働き方です

■ 作業の流れ（3ステップ）
1. 検品：商品を手に取り、傷・汚れ・数量を確認します。迷ったら「保留」の箱に入れてリーダーに確認するだけです
2. 梱包：商品に合わせて袋・緩衝材・箱を選び、動かないように納めてテープで封をします
3. 仕分け：伝票シールを貼り、配送地域ごとに分けられたコンテナへ移します
扱う商品は衣類・雑貨・コスメ・文房具などの軽いものが中心で、フォークリフトなどの機械操作はありません。

■ 教育・研修体制
入社初日は安全講習とオリエンテーションから始まり、いきなり現場に出ることはありません。
2日目以降は専任の先輩スタッフが隣について、検品・梱包の手順を実際にやって見せながら説明します。
最初の1週間は「見る→一緒にやる→一人でやる」の順で少しずつ担当を広げ、1週間後にはひと通りの作業を経験できるスケジュールです。
リーダーは常に作業場内にいるため、「これはどこに置くのでしたか」といった質問もすぐに解決できます。

■ 働く環境について
作業場は1年を通して空調が効いており、汗だくになったり手がかじかんだりする心配はありません。
休憩室は広く、電子レンジや冷蔵庫、自動販売機が揃っています。昼休憩は各自のペースで過ごしています。
鍵付きロッカーを用意しているので、貴重品の管理も安心です。
服装や髪色は自由で、自分らしいスタイルのまま通勤できます。

■ 泉佐野市の拠点ならではの一言
南海本線・JR阪和線の泉佐野駅・りんくうタウン駅が最寄りで、関西空港へもすぐの立地です。
関西空港に隣接し、航空貨物や輸入品を扱う物流拠点が集まるエリアです。
当社は大阪府内に複数の勤務先を持っているため、ご自宅からの通いやすさも考慮して配属先を相談できます。

「難しいことはできないけれど、コツコツ続けることは得意」という方を、当社は大切にしています。まずはお気軽にご応募ください。","【泉佐野市で働くならここがポイント】

✅ 資格・経験・学歴は問いません
必要なのは「丁寧に確認する姿勢」だけ。検品の見方、梱包の手順はすべて入社後にお伝えします。フォークリフトなどの資格取得を目指したい方には支援制度もあり、長く働くほど仕事の幅が広がります。

✅ 土日祝休み・年間休日125日
完全週休2日制で、カレンダー通りに休めます。夏季・冬季休暇、GW、年末年始のまとまった休みもあり、予定を立てやすい働き方です。

✅ 重い荷物はほとんどありません
扱うのは衣類・コスメ・文房具・小型雑貨など軽い商品が中心です。重量物の持ち上げや力仕事はほぼなく、身体への負担を抑えて長く続けられます。

✅ 休憩室でしっかりリフレッシュ
昼休憩60分に加えて午後に小休憩があり、集中力を保ちやすいリズムで働けます。休憩室にはポットやフリーWi-Fiもあり、お弁当派にも外食派にも便利です。

✅ 安定した雇用と福利厚生
正社員としての雇用に加え、社会保険完備、定期健康診断、資格取得支援などの制度があります。「腰を据えて働きたい」という希望に応えられる環境です。

✅ 地元泉佐野市で長く働く
関西空港に隣接し、航空貨物や輸入品を扱う物流拠点が集まるエリアです。南海本線・JR阪和線の泉佐野駅・りんくうタウン駅が最寄りで、関西空港へもすぐの立地です。

「自分にもできそう」と思えたら、それがスタートの合図です。お気軽にご応募ください。","例外事由3号のイにより、長期キャリア形成を図るため、
35歳以下を募集しております。","【勤務時間】
★9:00~18:00
└実働8時間/休憩1時間

定時ダッシュも問題ないです✧
✧ 土日祝休み
✧ 残業月平均:6.5時間以内
✧ 残業代100%支給","✧ 完全週休2日制(土日祝休み)
✧ 年間休日125日
「土日休みはマスト!」ってあなたにも
ぴったりの職場です!

【その他休暇】
✧ 有給休暇
✧ 夏季・冬季休暇
✧ GW休暇
✧ 年末年始休暇",大阪府 泉佐野市,,"月給:25万円~+交通費全額支給

※経験に応じて決定いたします。

# 昇給あり
# 賞与あり
# 残業代100%支給
# 交通費支給","・社会保険完備（雇用・労災・健康・厚生年金）
・残業手当・深夜手当・休日出勤手当（実働時間に応じて支給）
・確定拠出年金制度（企業型）
・定期健康診断・インフルエンザ予防接種費用補助
・特別休暇（慶弔休暇）
・産前産後休暇・育児休業・介護休業
・資格取得支援制度（フォークリフト・自主保全士など）
・家具家電付き社員寮制度（勤務地による・規定あり）
・制服貸与
・社員持株会
・福利厚生サービス（レジャー・飲食の優待割引、保養施設）
・団体長期障害所得補償保険（GLTD）","まずは「話を聞いてみる」だけで大丈夫です。

当社ではカジュアル面談を実施しています。
志望動機や自己PRの準備は不要。
「どんな職場？」「本当に未経験でもできる？」といった疑問に、担当者が率直にお答えします。

■ 応募から入社までの3STEP ■
▶ STEP1 WEB応募（1分）
▶ STEP2 カジュアル面談（1回のみ・1〜3日以内にご連絡）
▶ STEP3 採用・入社日のご相談

入社日は柔軟に調整できます。
「来月から」「今の仕事を辞めてから」など、ご都合をお聞かせください。",,即日勤務OK、交通費支給、残業なし,2,任意,生年月日、性別、電話番号,ntf-indeedapplicant-aaaatulx77tci2k2pr5yeqapva@shukatsu-labo.slack.com,,,利用しない,,
募集中,日本マニュファクチャリングサービス株式会社,未経験｜検品・梱包｜日本マニュファクチャリングサービス株式会社｜貝塚市,倉庫作業スタッフ,20～30代活躍中◎安定の正社員｜貝塚市で検品・梱包を一から,,大阪府 貝塚市,,,正社員,はい,月給,250000,,最低額を表示,なし,,,,,,,固定時間制,160,,厚生年金、健康保険、雇用保険、労災保険,,なし,,,,,,,,,,,,,,,,,,"「ものづくりの現場を支える仕事を、正社員として腰を据えて続けたい」という方へ。
貝塚市内および周辺の物流センターで、商品の検品と梱包を担当するスタッフを募集します。
空調の効いた清潔な作業場で、座り作業と立ち作業を組み合わせながら無理なく進められる仕事です。

■ 入社後の1日はこんなイメージです
09:00 朝礼。体調確認と当日の出荷量の共有からスタート
09:15 午前は検品を中心に担当。商品の外観を目視で確認し、傷や汚れがあれば別置きにします
12:00 昼休憩（60分）。お弁当持参の方も、近くで買ってくる方もいます
13:00 午後は梱包を担当。袋詰め、箱詰め、テープ留めの3工程を繰り返します
15:00 小休憩（15分）。自動販売機で飲み物を買って一息
15:15 出荷分の最終チェックと仕分け。全員で協力して当日分を仕上げます
17:45 作業スペースの清掃と日報記入
18:00 定時退勤。残業は月平均6.5時間以内に収まっています

■ 具体的にはこんな商品を扱います
通販サイトで販売されるアパレル商品、生活雑貨、コスメ、文房具が中心です。
・シャツやタオルを畳んで透明袋へ入れる
・コスメの容器にひび割れがないかを目視で確認する
・文房具のセット品を指定の個数で袋詰めする
・箱にラベルを貼り、配送業者ごとの台車に載せる
商品は軽く、作業台の高さも調整されているため、身体への負担を抑えて続けられます。

■ 未経験でも安心の1週間プログラム
・1日目：会社説明、安全講習、作業着の受け取り、作業場の見学
・2日目：先輩の隣で検品の実演を見学し、午後から一緒に作業
・3日目：梱包の袋詰め・箱詰めを先輩と一緒に担当
・4日目：シール貼りと仕分けを一人で担当。先輩は同じ作業台で見守ります
・5日目：検品から仕分けまでの流れを通しで経験
覚えることは3ステップの繰り返しなので、専門知識や資格は不要です。製造現場で人を育ててきた当社ならではの丁寧な立ち上がりを用意しています。

■ 設備・環境のポイント
・冷暖房完備の室内作業で、季節や天候に左右されません
・休憩室には電子レンジ・冷蔵庫・ポットがあり、フリーWi-Fiも使えます
・個人用の鍵付きロッカーを完備
・髪色・ネイル・服装は自由。清潔感があれば普段のスタイルのままで大丈夫です

■ 大阪府貝塚市で働く
泉州エリアの落ち着いた街で、臨海部に工場や物流施設が集まっています。
南海本線の貝塚駅と水間鉄道が利用でき、阪和道の貝塚ICも近い立地です。
貝塚市周辺で「通勤時間を抑えて安定した正社員の仕事に就きたい」という方に、当社の検品・梱包はぴったりの選択肢です。

「難しいことはできないけれど、コツコツ続けることは得意」という方を、当社は大切にしています。まずはお気軽にご応募ください。","【当社の検品・梱包が選ばれる理由】

✅ 資格・経験・学歴は問いません
必要なのは「丁寧に確認する姿勢」だけ。検品の見方、梱包の手順はすべて入社後にお伝えします。フォークリフトなどの資格取得を目指したい方には支援制度もあり、長く働くほど仕事の幅が広がります。

✅ 平日は定時、週末はしっかり休む
9:00〜18:00の固定時間制で、生活リズムが安定します。土日祝はお休みなので、家族や友人と予定を合わせやすいのも魅力です。

✅ 自分のペースで黙々と進められる仕事
ノルマに追われることはなく、接客もありません。「一人で集中して作業したい」「人間関係のストレスを減らしたい」という方にこそ向いている環境です。

✅ 髪色・ネイル・服装は自由
清潔感があれば普段のスタイルのままで大丈夫です。動きやすい服装で通勤し、現場のルールに沿って作業します。

✅ 製造・物流の現場を支えてきた会社の正社員
当社は全国の製造現場で人材を育ててきた会社です。検品・梱包からスタートし、経験を積めばリーダーや別工程へのステップアップも目指せます。

✅ 地元貝塚市で長く働く
泉州エリアの落ち着いた街で、臨海部に工場や物流施設が集まっています。南海本線の貝塚駅と水間鉄道が利用でき、阪和道の貝塚ICも近い立地です。

まずはカジュアル面談で、職場の雰囲気や1日の流れをお伝えします。ご応募をお待ちしています。","例外事由3号のイにより、長期キャリア形成を図るため、
35歳以下を募集しております。","【勤務時間】
★9:00~18:00
└実働8時間/休憩1時間

定時ダッシュも問題ないです✧
✧ 土日祝休み
✧ 残業月平均:6.5時間以内
✧ 残業代100%支給","✧ 完全週休2日制(土日祝休み)
✧ 年間休日125日
「土日休みはマスト!」ってあなたにも
ぴったりの職場です!

【その他休暇】
✧ 有給休暇
✧ 夏季・冬季休暇
✧ GW休暇
✧ 年末年始休暇",大阪府 貝塚市,,"月給:25万円~+交通費全額支給

※経験に応じて決定いたします。

# 昇給あり
# 賞与あり
# 残業代100%支給
# 交通費支給","・社会保険完備（雇用・労災・健康・厚生年金）
・残業手当・深夜手当・休日出勤手当（実働時間に応じて支給）
・確定拠出年金制度（企業型）
・定期健康診断・インフルエンザ予防接種費用補助
・特別休暇（慶弔休暇）
・産前産後休暇・育児休業・介護休業
・資格取得支援制度（フォークリフト・自主保全士など）
・家具家電付き社員寮制度（勤務地による・規定あり）
・制服貸与
・社員持株会
・福利厚生サービス（レジャー・飲食の優待割引、保養施設）
・団体長期障害所得補償保険（GLTD）","【最短スケジュールのイメージ】

▶ STEP1 今日：WEBから1分で応募
▶ STEP2 1〜3日後：担当者からご連絡 → カジュアル面談の日程調整
▶ STEP3 面談当日：カジュアル面談（1回のみ）→ 採用のご連絡

面談では、職場の雰囲気・1日の流れ・通勤のことなど、
気になることを何でも聞いてください。

✧ 入社日はご相談いただけます ✧
「すぐ働きたい」「少し先がいい」どちらのご希望にも対応します。",,即日勤務OK、交通費支給、残業なし,2,任意,生年月日、性別、電話番号,ntf-indeedapplicant-aaaatulx77tci2k2pr5yeqapva@shukatsu-labo.slack.com,,,利用しない,,
募集中,日本マニュファクチャリングサービス株式会社,未経験｜検品・梱包｜日本マニュファクチャリングサービス株式会社｜大東市,倉庫作業スタッフ,20～30代活躍中◎残業ほぼなし｜大東市で腰を据えて働く検品・梱包,,大阪府 大東市,,,正社員,はい,月給,250000,,最低額を表示,なし,,,,,,,固定時間制,160,,厚生年金、健康保険、雇用保険、労災保険,,なし,,,,,,,,,,,,,,,,,,"大阪府大東市エリアで、検品・梱包の正社員スタッフを募集します。
勤務先は大東市内および周辺の物流センター。商品にキズや汚れがないかを目で確かめ、数を合わせ、袋や箱に丁寧に納める作業が中心です。
1年を通して快適な温度に保たれた室内作業で、当社の先輩スタッフが隣で手順を教えます。

■ 1日の流れ（9:00〜18:00・休憩1時間）
09:00 朝礼。当日の出荷予定と担当エリアを確認し、作業台へ移動します
09:15 午前の検品。入荷した商品を納品書と照らし合わせ、外観と数量をチェック
12:00 昼休憩（60分）。休憩室でゆっくり昼食をとります
13:00 午後の梱包。検品を終えた商品を袋詰めし、サイズに合った箱に納めます
15:00 小休憩（15分）。水分補給と軽いストレッチでリフレッシュ
15:15 ラベル貼りと出荷先ごとの仕分け。台車で所定の場所へ運びます
17:40 作業台の整理整頓と翌日の準備
18:00 退勤。残業は月平均6.5時間以内で、定時に帰れる日がほとんどです

■ 具体的にはこんな商品を扱います
通販サイトで販売されるアパレル商品、生活雑貨、コスメ、文房具が中心です。
・シャツやタオルを畳んで透明袋へ入れる
・コスメの容器にひび割れがないかを目視で確認する
・文房具のセット品を指定の個数で袋詰めする
・箱にラベルを貼り、配送業者ごとの台車に載せる
商品は軽く、作業台の高さも調整されているため、身体への負担を抑えて続けられます。

■ 入社後1週間の流れ
1日目：オリエンテーション。安全ルール、勤怠の付け方、作業場の設備を案内します
2〜3日目：先輩スタッフがマンツーマンで隣につき、検品の見方と梱包の手順を実演しながら教えます
4〜5日目：シール貼りやダンボールの組み立てなど簡単な工程から一人で担当。分からないことはその場で質問できます
1週間後：検品・梱包の一連の流れをひと通り経験し、自分のペースで進められるようになります
当社は製造現場の教育に長年取り組んできた会社です。「早ければ半日、遅くとも2〜3日で一人立ち」が現場の平均的な目安ですが、慣れるまでは焦らず伴走します。

■ 働く環境について
作業場は1年を通して空調が効いており、汗だくになったり手がかじかんだりする心配はありません。
休憩室は広く、電子レンジや冷蔵庫、自動販売機が揃っています。昼休憩は各自のペースで過ごしています。
鍵付きロッカーを用意しているので、貴重品の管理も安心です。
服装や髪色は自由で、自分らしいスタイルのまま通勤できます。

■ 大阪府大東市で働く
東大阪エリアの一角として製造業の工場が多く、物流拠点も集まる地域です。
JR学研都市線の住道駅が最寄りで、京橋駅まで約10分の好立地です。
大東市周辺で「通勤時間を抑えて安定した正社員の仕事に就きたい」という方に、当社の検品・梱包はぴったりの選択肢です。

製造・物流の現場を支えてきた当社で、あなたのペースで一歩を踏み出してください。ご応募をお待ちしています。","【大東市で働くならここがポイント】

✅ 覚えることは少なく、教え方は丁寧に
製造現場で人を育ててきた当社では、専任の先輩がマンツーマンで隣につきます。最初はシール貼りやダンボールの組み立てといった簡単な工程から始め、1週間でひと通りの流れを経験できるプログラムを用意しています。

✅ 残業は月平均6.5時間以内
出荷量に合わせて人員を配置しているため、定時で帰れる日がほとんどです。仕事の後に予定を入れたり、家でゆっくり過ごしたりする時間をきちんと確保できます。

✅ 自分のペースで黙々と進められる仕事
ノルマに追われることはなく、接客もありません。「一人で集中して作業したい」「人間関係のストレスを減らしたい」という方にこそ向いている環境です。

✅ 髪色・ネイル・服装は自由
清潔感があれば普段のスタイルのままで大丈夫です。動きやすい服装で通勤し、現場のルールに沿って作業します。

✅ 相談しやすい体制
配属先にはリーダーが常駐し、定期的な面談で困りごとを聞き取ります。作業のこと、通勤のこと、働き方のこと、何でも相談してください。

✅ 大東市で通いやすい勤務地
JR学研都市線の住道駅が最寄りで、京橋駅まで約10分の好立地です。東大阪エリアの一角として製造業の工場が多く、物流拠点も集まる地域です。

「自分にもできそう」と思えたら、それがスタートの合図です。お気軽にご応募ください。","例外事由3号のイにより、長期キャリア形成を図るため、
35歳以下を募集しております。","【勤務時間】
★9:00~18:00
└実働8時間/休憩1時間

定時ダッシュも問題ないです✧
✧ 土日祝休み
✧ 残業月平均:6.5時間以内
✧ 残業代100%支給","✧ 完全週休2日制(土日祝休み)
✧ 年間休日125日
「土日休みはマスト!」ってあなたにも
ぴったりの職場です!

【その他休暇】
✧ 有給休暇
✧ 夏季・冬季休暇
✧ GW休暇
✧ 年末年始休暇",大阪府 大東市,,"月給:25万円~+交通費全額支給

※経験に応じて決定いたします。

# 昇給あり
# 賞与あり
# 残業代100%支給
# 交通費支給","・社会保険完備（雇用・労災・健康・厚生年金）
・残業手当・深夜手当・休日出勤手当（実働時間に応じて支給）
・確定拠出年金制度（企業型）
・定期健康診断・インフルエンザ予防接種費用補助
・特別休暇（慶弔休暇）
・産前産後休暇・育児休業・介護休業
・資格取得支援制度（フォークリフト・自主保全士など）
・家具家電付き社員寮制度（勤務地による・規定あり）
・制服貸与
・社員持株会
・福利厚生サービス（レジャー・飲食の優待割引、保養施設）
・団体長期障害所得補償保険（GLTD）","■ 選考について ■
・カジュアル面談：1回のみ（服装自由・履歴書任意）
・応募から面談まで：WEB応募後、1〜3日以内にご連絡
・入社日：ご相談のうえ決定

■ 応募からの流れ ■
▶ STEP1 WEBから1分で応募
▶ STEP2 カジュアル面談（1回のみ）
▶ STEP3 採用

「まずは話だけ聞いてみたい」という方も、そのままご応募ください。
面談で無理に応募を勧めることはありません。",,即日勤務OK、交通費支給、残業なし,2,任意,生年月日、性別、電話番号,ntf-indeedapplicant-aaaatulx77tci2k2pr5yeqapva@shukatsu-labo.slack.com,,,利用しない,,
募集中,日本マニュファクチャリングサービス株式会社,未経験｜検品・梱包｜日本マニュファクチャリングサービス株式会社｜門真市,倉庫作業スタッフ,20～30代活躍中◎定時で帰れる｜門真市の物流センターで検品・梱包,,大阪府 門真市,,,正社員,はい,月給,250000,,最低額を表示,なし,,,,,,,固定時間制,160,,厚生年金、健康保険、雇用保険、労災保険,,なし,,,,,,,,,,,,,,,,,,"門真市内および周辺の物流センターで、通販商品や生活雑貨の「検品・梱包」を担当する正社員スタッフの募集です。
冷暖房が効いた清潔な作業場で、商品をひとつずつ確認し、丁寧に箱へ納めていく落ち着いた仕事です。
製造・物流の現場を長年支えてきた当社が、未経験の方を一から育てます。

■ 入社後の1日はこんなイメージです
09:00 朝礼。体調確認と当日の出荷量の共有からスタート
09:15 午前は検品を中心に担当。商品の外観を目視で確認し、傷や汚れがあれば別置きにします
12:00 昼休憩（60分）。お弁当持参の方も、近くで買ってくる方もいます
13:00 午後は梱包を担当。袋詰め、箱詰め、テープ留めの3工程を繰り返します
15:00 小休憩（15分）。自動販売機で飲み物を買って一息
15:15 出荷分の最終チェックと仕分け。全員で協力して当日分を仕上げます
17:45 作業スペースの清掃と日報記入
18:00 定時退勤。残業は月平均6.5時間以内に収まっています

■ 主な作業内容
・検品：入荷した商品の外観チェック（傷・汚れ・パッケージのへこみ）と数量・品番の照合
・スキャン：バーコードリーダーで商品を読み取り、データと突き合わせます
・梱包：袋詰め、緩衝材包装、ダンボールの組み立てと箱詰め、テープ留め
・仕上げ：ラベル貼りと配送地域別の仕分け
扱うのはアパレル商品、コスメ、文房具、小型雑貨など。どれも軽く、繰り返しの中で自然と手順が身につく作業です。

■ 教育・研修体制
入社初日は安全講習とオリエンテーションから始まり、いきなり現場に出ることはありません。
2日目以降は専任の先輩スタッフが隣について、検品・梱包の手順を実際にやって見せながら説明します。
最初の1週間は「見る→一緒にやる→一人でやる」の順で少しずつ担当を広げ、1週間後にはひと通りの作業を経験できるスケジュールです。
リーダーは常に作業場内にいるため、「これはどこに置くのでしたか」といった質問もすぐに解決できます。

■ 設備・環境のポイント
・冷暖房完備の室内作業で、季節や天候に左右されません
・休憩室には電子レンジ・冷蔵庫・ポットがあり、フリーWi-Fiも使えます
・個人用の鍵付きロッカーを完備
・髪色・ネイル・服装は自由。清潔感があれば普段のスタイルのままで大丈夫です

■ 門真市の拠点ならではの一言
京阪本線の門真市駅と大阪モノレールが利用でき、大阪市内から約20分です。
大手電機メーカーの拠点で知られる、ものづくりの街です。
当社は大阪府内に複数の勤務先を持っているため、ご自宅からの通いやすさも考慮して配属先を相談できます。

「難しいことはできないけれど、コツコツ続けることは得意」という方を、当社は大切にしています。まずはお気軽にご応募ください。","【当社の検品・梱包が選ばれる理由】

✅ 覚えることは少なく、教え方は丁寧に
製造現場で人を育ててきた当社では、専任の先輩がマンツーマンで隣につきます。最初はシール貼りやダンボールの組み立てといった簡単な工程から始め、1週間でひと通りの流れを経験できるプログラムを用意しています。

✅ 土日祝休み・年間休日125日
完全週休2日制で、カレンダー通りに休めます。夏季・冬季休暇、GW、年末年始のまとまった休みもあり、予定を立てやすい働き方です。

✅ 自分のペースで黙々と進められる仕事
ノルマに追われることはなく、接客もありません。「一人で集中して作業したい」「人間関係のストレスを減らしたい」という方にこそ向いている環境です。

✅ 髪色・ネイル・服装は自由
清潔感があれば普段のスタイルのままで大丈夫です。動きやすい服装で通勤し、現場のルールに沿って作業します。

✅ 安定した雇用と福利厚生
正社員としての雇用に加え、社会保険完備、定期健康診断、資格取得支援などの制度があります。「腰を据えて働きたい」という希望に応えられる環境です。

✅ 門真市で通いやすい勤務地
京阪本線の門真市駅と大阪モノレールが利用でき、大阪市内から約20分です。大手電機メーカーの拠点で知られる、ものづくりの街です。

まずはカジュアル面談で、職場の雰囲気や1日の流れをお伝えします。ご応募をお待ちしています。","例外事由3号のイにより、長期キャリア形成を図るため、
35歳以下を募集しております。","【勤務時間】
★9:00~18:00
└実働8時間/休憩1時間

定時ダッシュも問題ないです✧
✧ 土日祝休み
✧ 残業月平均:6.5時間以内
✧ 残業代100%支給","✧ 完全週休2日制(土日祝休み)
✧ 年間休日125日
「土日休みはマスト!」ってあなたにも
ぴったりの職場です!

【その他休暇】
✧ 有給休暇
✧ 夏季・冬季休暇
✧ GW休暇
✧ 年末年始休暇",大阪府 門真市,,"月給:25万円~+交通費全額支給

※経験に応じて決定いたします。

# 昇給あり
# 賞与あり
# 残業代100%支給
# 交通費支給","・社会保険完備（雇用・労災・健康・厚生年金）
・残業手当・深夜手当・休日出勤手当（実働時間に応じて支給）
・確定拠出年金制度（企業型）
・定期健康診断・インフルエンザ予防接種費用補助
・特別休暇（慶弔休暇）
・産前産後休暇・育児休業・介護休業
・資格取得支援制度（フォークリフト・自主保全士など）
・家具家電付き社員寮制度（勤務地による・規定あり）
・制服貸与
・社員持株会
・福利厚生サービス（レジャー・飲食の優待割引、保養施設）
・団体長期障害所得補償保険（GLTD）","✧ カジュアル面談実施中です ✧

応募に必要なのは人柄だけ。
まずはあなたのご希望を聞かせてください。

■ 応募からの流れ ■
▶ STEP1 WEBから1分で簡単応募
1〜3日以内に担当者からご連絡します。
▶ STEP2 カジュアル面談（1回のみ）
職場の雰囲気や1日の流れをお伝えし、ご希望を伺います。
▶ STEP3 採用

※入社日はご相談いただけます◎
在職中の方も、お気軽にご相談ください。",,即日勤務OK、交通費支給、残業なし,2,任意,生年月日、性別、電話番号,ntf-indeedapplicant-aaaatulx77tci2k2pr5yeqapva@shukatsu-labo.slack.com,,,利用しない,,
募集中,日本マニュファクチャリングサービス株式会社,未経験｜検品・梱包｜日本マニュファクチャリングサービス株式会社｜吹田市,倉庫作業スタッフ,20～30代活躍中◎土日祝休み・吹田市勤務｜ものづくり企業の軽作業,,大阪府 吹田市,,,正社員,はい,月給,250000,,最低額を表示,なし,,,,,,,固定時間制,160,,厚生年金、健康保険、雇用保険、労災保険,,なし,,,,,,,,,,,,,,,,,,"勤務先は吹田市内および周辺の物流センター。扱うのは衣類・コスメ・文房具・小型雑貨など、手のひらサイズの軽い商品が中心です。
担当していただくのは、届いた商品に不備がないかを確かめ、出荷用の箱に整えて詰める「検品・梱包」の作業。
空調完備の室内で、自分のペースを保ちながら黙々と取り組める環境です。

■ 1日の流れ（9:00〜18:00・休憩1時間）
09:00 朝礼。当日の出荷予定と担当エリアを確認し、作業台へ移動します
09:15 午前の検品。入荷した商品を納品書と照らし合わせ、外観と数量をチェック
12:00 昼休憩（60分）。休憩室でゆっくり昼食をとります
13:00 午後の梱包。検品を終えた商品を袋詰めし、サイズに合った箱に納めます
15:00 小休憩（15分）。水分補給と軽いストレッチでリフレッシュ
15:15 ラベル貼りと出荷先ごとの仕分け。台車で所定の場所へ運びます
17:40 作業台の整理整頓と翌日の準備
18:00 退勤。残業は月平均6.5時間以内で、定時に帰れる日がほとんどです

■ 主な作業内容
・検品：入荷した商品の外観チェック（傷・汚れ・パッケージのへこみ）と数量・品番の照合
・スキャン：バーコードリーダーで商品を読み取り、データと突き合わせます
・梱包：袋詰め、緩衝材包装、ダンボールの組み立てと箱詰め、テープ留め
・仕上げ：ラベル貼りと配送地域別の仕分け
扱うのはアパレル商品、コスメ、文房具、小型雑貨など。どれも軽く、繰り返しの中で自然と手順が身につく作業です。

■ 未経験でも安心の1週間プログラム
・1日目：会社説明、安全講習、作業着の受け取り、作業場の見学
・2日目：先輩の隣で検品の実演を見学し、午後から一緒に作業
・3日目：梱包の袋詰め・箱詰めを先輩と一緒に担当
・4日目：シール貼りと仕分けを一人で担当。先輩は同じ作業台で見守ります
・5日目：検品から仕分けまでの流れを通しで経験
覚えることは3ステップの繰り返しなので、専門知識や資格は不要です。製造現場で人を育ててきた当社ならではの丁寧な立ち上がりを用意しています。

■ 職場環境
・空調完備：冷暖房が効いた清潔な室内で、夏も冬も快適に作業できます
・休憩室：電子レンジ・冷蔵庫・ポット・自動販売機を完備。お弁当持参でもゆっくり過ごせます
・ロッカー：鍵付きの個人ロッカーがあり、私物を安心して預けられます
・服装：髪色・ネイルは自由。動きやすい服装で通勤し、現場のルールに沿って作業します

■ 吹田市の拠点ならではの一言
JR吹田駅・阪急吹田駅のほか、北大阪急行や大阪モノレールも利用できる交通の便が良い街です。
名神・中国道の吹田JCTに近く、北摂の物流拠点が集まるエリアです。
当社は大阪府内に複数の勤務先を持っているため、ご自宅からの通いやすさも考慮して配属先を相談できます。

製造・物流の現場を支えてきた当社で、あなたのペースで一歩を踏み出してください。ご応募をお待ちしています。","【吹田市で働くならここがポイント】

✅ 先輩スタッフの9割以上が未経験からのスタート
「商品を手に取る」「傷がないか見る」「箱に入れる」の3ステップが仕事の基本です。複雑な機械操作や専門用語はなく、入社初日は安全講習とオリエンテーションから始まるので、初めての正社員でも安心してスタートできます。

✅ 平日は定時、週末はしっかり休む
9:00〜18:00の固定時間制で、生活リズムが安定します。土日祝はお休みなので、家族や友人と予定を合わせやすいのも魅力です。

✅ 重い荷物はほとんどありません
扱うのは衣類・コスメ・文房具・小型雑貨など軽い商品が中心です。重量物の持ち上げや力仕事はほぼなく、身体への負担を抑えて長く続けられます。

✅ 髪色・ネイル・服装は自由
清潔感があれば普段のスタイルのままで大丈夫です。動きやすい服装で通勤し、現場のルールに沿って作業します。

✅ 製造・物流の現場を支えてきた会社の正社員
当社は全国の製造現場で人材を育ててきた会社です。検品・梱包からスタートし、経験を積めばリーダーや別工程へのステップアップも目指せます。

✅ 吹田市で通いやすい勤務地
JR吹田駅・阪急吹田駅のほか、北大阪急行や大阪モノレールも利用できる交通の便が良い街です。名神・中国道の吹田JCTに近く、北摂の物流拠点が集まるエリアです。

「自分にもできそう」と思えたら、それがスタートの合図です。お気軽にご応募ください。","例外事由3号のイにより、長期キャリア形成を図るため、
35歳以下を募集しております。","【勤務時間】
★9:00~18:00
└実働8時間/休憩1時間

定時ダッシュも問題ないです✧
✧ 土日祝休み
✧ 残業月平均:6.5時間以内
✧ 残業代100%支給","✧ 完全週休2日制(土日祝休み)
✧ 年間休日125日
「土日休みはマスト!」ってあなたにも
ぴったりの職場です!

【その他休暇】
✧ 有給休暇
✧ 夏季・冬季休暇
✧ GW休暇
✧ 年末年始休暇",大阪府 吹田市,,"月給:25万円~+交通費全額支給

※経験に応じて決定いたします。

# 昇給あり
# 賞与あり
# 残業代100%支給
# 交通費支給","・社会保険完備（雇用・労災・健康・厚生年金）
・残業手当・深夜手当・休日出勤手当（実働時間に応じて支給）
・確定拠出年金制度（企業型）
・定期健康診断・インフルエンザ予防接種費用補助
・特別休暇（慶弔休暇）
・産前産後休暇・育児休業・介護休業
・資格取得支援制度（フォークリフト・自主保全士など）
・家具家電付き社員寮制度（勤務地による・規定あり）
・制服貸与
・社員持株会
・福利厚生サービス（レジャー・飲食の優待割引、保養施設）
・団体長期障害所得補償保険（GLTD）","【応募前の「気になる」にお答えします】

Q. 面接は堅苦しいですか？
A. いいえ。カジュアル面談を1回行うだけです。服装も自由、履歴書も任意です。

Q. 応募してからどのくらいで決まりますか？
A. 3ステップで進みます。
▶ STEP1 WEBから応募（1分）→ 1〜3日以内にご連絡
▶ STEP2 カジュアル面談（1回のみ）
▶ STEP3 採用

Q. すぐには入社できないのですが…
A. 入社日はご相談いただけます。今のお仕事の引き継ぎ期間なども考慮します。",,即日勤務OK、交通費支給、残業なし,2,任意,生年月日、性別、電話番号,ntf-indeedapplicant-aaaatulx77tci2k2pr5yeqapva@shukatsu-labo.slack.com,,,利用しない,,
募集中,日本マニュファクチャリングサービス株式会社,未経験｜検品・梱包｜日本マニュファクチャリングサービス株式会社｜丹羽郡大口町（愛知県）,倉庫作業スタッフ,20～30代活躍中◎重い荷物なし｜大口町で始める検品・梱包の正社員,,愛知県 丹羽郡 大口町,,,正社員,はい,月給,250000,,最低額を表示,なし,,,,,,,固定時間制,160,,厚生年金、健康保険、雇用保険、労災保険,,なし,,,,,,,,,,,,,,,,,,"「ものづくりの現場を支える仕事を、正社員として腰を据えて続けたい」という方へ。
大口町内および周辺の物流センターで、商品の検品と梱包を担当するスタッフを募集します。
空調の効いた清潔な作業場で、座り作業と立ち作業を組み合わせながら無理なく進められる仕事です。

■ ある1日のスケジュール（日勤・実働8時間）
09:00 出勤・朝礼。リーダーから本日の作業内容と注意点の共有があります
09:10 検品スタート。ハンディ端末でバーコードを読み取り、品番と数量を照合
10:30 小休憩（10分）
12:00 昼休憩（60分）。電子レンジ・冷蔵庫のある休憩室で昼食
13:00 梱包作業。緩衝材で商品を包み、ダンボールを組み立てて詰めていきます
15:00 小休憩（15分）
15:15 出荷準備。伝票シールを貼り、配送業者ごとにコンテナへ仕分け
17:45 清掃・翌日分の資材補充
18:00 退勤。土日祝はお休みで、翌日の予定も立てやすい働き方です

■ 扱う商品と作業の具体例
・衣類・タオルなどの布製品：ほつれや汚れがないか確認し、専用の透明袋に入れます
・コスメ・ガラス製の小物：割れやすいため、緩衝材で包んでから箱に納めます
・文房具・生活雑貨：品番と個数を納品書と照合し、まとめて袋詰めします
・出荷前の箱：伝票シールと「割れ物注意」「水濡れ厳禁」などの注意シールを所定位置に貼ります
いずれも手のひらから両手で持てる大きさの商品で、重量物の持ち上げはありません。

■ 入社後1週間の流れ
1日目：オリエンテーション。安全ルール、勤怠の付け方、作業場の設備を案内します
2〜3日目：先輩スタッフがマンツーマンで隣につき、検品の見方と梱包の手順を実演しながら教えます
4〜5日目：シール貼りやダンボールの組み立てなど簡単な工程から一人で担当。分からないことはその場で質問できます
1週間後：検品・梱包の一連の流れをひと通り経験し、自分のペースで進められるようになります
当社は製造現場の教育に長年取り組んできた会社です。「早ければ半日、遅くとも2〜3日で一人立ち」が現場の平均的な目安ですが、慣れるまでは焦らず伴走します。

■ 設備・環境のポイント
・冷暖房完備の室内作業で、季節や天候に左右されません
・休憩室には電子レンジ・冷蔵庫・ポットがあり、フリーWi-Fiも使えます
・個人用の鍵付きロッカーを完備
・髪色・ネイル・服装は自由。清潔感があれば普段のスタイルのままで大丈夫です

■ 愛知県大口町で働く
工業団地に製造業の工場が集まる、尾張北部のものづくりの街です。
名鉄犬山線の柏森駅・扶桑駅からバスで通え、車通勤にも向いた立地です。
大口町周辺で「通勤時間を抑えて安定した正社員の仕事に就きたい」という方に、当社の検品・梱包はぴったりの選択肢です。

製造・物流の現場を支えてきた当社で、あなたのペースで一歩を踏み出してください。ご応募をお待ちしています。","【当社の検品・梱包が選ばれる理由】

✅ 先輩スタッフの9割以上が未経験からのスタート
「商品を手に取る」「傷がないか見る」「箱に入れる」の3ステップが仕事の基本です。複雑な機械操作や専門用語はなく、入社初日は安全講習とオリエンテーションから始まるので、初めての正社員でも安心してスタートできます。

✅ 残業は月平均6.5時間以内
出荷量に合わせて人員を配置しているため、定時で帰れる日がほとんどです。仕事の後に予定を入れたり、家でゆっくり過ごしたりする時間をきちんと確保できます。

✅ 重い荷物はほとんどありません
扱うのは衣類・コスメ・文房具・小型雑貨など軽い商品が中心です。重量物の持ち上げや力仕事はほぼなく、身体への負担を抑えて長く続けられます。

✅ 髪色・ネイル・服装は自由
清潔感があれば普段のスタイルのままで大丈夫です。動きやすい服装で通勤し、現場のルールに沿って作業します。

✅ 相談しやすい体制
配属先にはリーダーが常駐し、定期的な面談で困りごとを聞き取ります。作業のこと、通勤のこと、働き方のこと、何でも相談してください。

✅ 地元大口町で長く働く
工業団地に製造業の工場が集まる、尾張北部のものづくりの街です。名鉄犬山線の柏森駅・扶桑駅からバスで通え、車通勤にも向いた立地です。

「自分にもできそう」と思えたら、それがスタートの合図です。お気軽にご応募ください。","例外事由3号のイにより、長期キャリア形成を図るため、
35歳以下を募集しております。","【勤務時間】
★9:00~18:00
└実働8時間/休憩1時間

定時ダッシュも問題ないです✧
✧ 土日祝休み
✧ 残業月平均:6.5時間以内
✧ 残業代100%支給","✧ 完全週休2日制(土日祝休み)
✧ 年間休日125日
「土日休みはマスト!」ってあなたにも
ぴったりの職場です!

【その他休暇】
✧ 有給休暇
✧ 夏季・冬季休暇
✧ GW休暇
✧ 年末年始休暇",愛知県 丹羽郡 大口町,,"月給:25万円~+交通費全額支給

※経験に応じて決定いたします。

# 昇給あり
# 賞与あり
# 残業代100%支給
# 交通費支給","・社会保険完備（雇用・労災・健康・厚生年金）
・残業手当・深夜手当・休日出勤手当（実働時間に応じて支給）
・確定拠出年金制度（企業型）
・定期健康診断・インフルエンザ予防接種費用補助
・特別休暇（慶弔休暇）
・産前産後休暇・育児休業・介護休業
・資格取得支援制度（フォークリフト・自主保全士など）
・家具家電付き社員寮制度（勤務地による・規定あり）
・制服貸与
・社員持株会
・福利厚生サービス（レジャー・飲食の優待割引、保養施設）
・団体長期障害所得補償保険（GLTD）","まずは「話を聞いてみる」だけで大丈夫です。

当社ではカジュアル面談を実施しています。
志望動機や自己PRの準備は不要。
「どんな職場？」「本当に未経験でもできる？」といった疑問に、担当者が率直にお答えします。

■ 応募から入社までの3STEP ■
▶ STEP1 WEB応募（1分）
▶ STEP2 カジュアル面談（1回のみ・1〜3日以内にご連絡）
▶ STEP3 採用・入社日のご相談

入社日は柔軟に調整できます。
「来月から」「今の仕事を辞めてから」など、ご都合をお聞かせください。",,即日勤務OK、交通費支給、残業なし,2,任意,生年月日、性別、電話番号,ntf-indeedapplicant-aaaatulx77tci2k2pr5yeqapva@shukatsu-labo.slack.com,,,利用しない,,
募集中,日本マニュファクチャリングサービス株式会社,未経験｜検品・梱包｜日本マニュファクチャリングサービス株式会社｜額田郡幸田町大草稲場（愛知県）,倉庫作業スタッフ,20～30代活躍中◎幸田町｜先輩の9割が未経験スタートの検品・梱包,,愛知県 額田郡 幸田町 大草,,,正社員,はい,月給,250000,,最低額を表示,なし,,,,,,,固定時間制,160,,厚生年金、健康保険、雇用保険、労災保険,,なし,,,,,,,,,,,,,,,,,,"愛知県幸田町エリアで、検品・梱包の正社員スタッフを募集します。
勤務先は幸田町内および周辺の物流センター。商品にキズや汚れがないかを目で確かめ、数を合わせ、袋や箱に丁寧に納める作業が中心です。
1年を通して快適な温度に保たれた室内作業で、当社の先輩スタッフが隣で手順を教えます。

■ 入社後の1日はこんなイメージです
09:00 朝礼。体調確認と当日の出荷量の共有からスタート
09:15 午前は検品を中心に担当。商品の外観を目視で確認し、傷や汚れがあれば別置きにします
12:00 昼休憩（60分）。お弁当持参の方も、近くで買ってくる方もいます
13:00 午後は梱包を担当。袋詰め、箱詰め、テープ留めの3工程を繰り返します
15:00 小休憩（15分）。自動販売機で飲み物を買って一息
15:15 出荷分の最終チェックと仕分け。全員で協力して当日分を仕上げます
17:45 作業スペースの清掃と日報記入
18:00 定時退勤。残業は月平均6.5時間以内に収まっています

■ 作業の流れ（3ステップ）
1. 検品：商品を手に取り、傷・汚れ・数量を確認します。迷ったら「保留」の箱に入れてリーダーに確認するだけです
2. 梱包：商品に合わせて袋・緩衝材・箱を選び、動かないように納めてテープで封をします
3. 仕分け：伝票シールを貼り、配送地域ごとに分けられたコンテナへ移します
扱う商品は衣類・雑貨・コスメ・文房具などの軽いものが中心で、フォークリフトなどの機械操作はありません。

■ 入社後1週間の流れ
1日目：オリエンテーション。安全ルール、勤怠の付け方、作業場の設備を案内します
2〜3日目：先輩スタッフがマンツーマンで隣につき、検品の見方と梱包の手順を実演しながら教えます
4〜5日目：シール貼りやダンボールの組み立てなど簡単な工程から一人で担当。分からないことはその場で質問できます
1週間後：検品・梱包の一連の流れをひと通り経験し、自分のペースで進められるようになります
当社は製造現場の教育に長年取り組んできた会社です。「早ければ半日、遅くとも2〜3日で一人立ち」が現場の平均的な目安ですが、慣れるまでは焦らず伴走します。

■ 職場環境
・空調完備：冷暖房が効いた清潔な室内で、夏も冬も快適に作業できます
・休憩室：電子レンジ・冷蔵庫・ポット・自動販売機を完備。お弁当持参でもゆっくり過ごせます
・ロッカー：鍵付きの個人ロッカーがあり、私物を安心して預けられます
・服装：髪色・ネイルは自由。動きやすい服装で通勤し、現場のルールに沿って作業します

■ 愛知県幸田町で働く
自動車関連の製造業が集まる、西三河の落ち着いたものづくりの街です。
JR東海道線の幸田駅・相見駅が最寄りで、岡崎・蒲郡方面から通いやすい立地です。
幸田町周辺で「通勤時間を抑えて安定した正社員の仕事に就きたい」という方に、当社の検品・梱包はぴったりの選択肢です。

「難しいことはできないけれど、コツコツ続けることは得意」という方を、当社は大切にしています。まずはお気軽にご応募ください。","【幸田町で働くならここがポイント】

✅ 資格・経験・学歴は問いません
必要なのは「丁寧に確認する姿勢」だけ。検品の見方、梱包の手順はすべて入社後にお伝えします。フォークリフトなどの資格取得を目指したい方には支援制度もあり、長く働くほど仕事の幅が広がります。

✅ 平日は定時、週末はしっかり休む
9:00〜18:00の固定時間制で、生活リズムが安定します。土日祝はお休みなので、家族や友人と予定を合わせやすいのも魅力です。

✅ 自分のペースで黙々と進められる仕事
ノルマに追われることはなく、接客もありません。「一人で集中して作業したい」「人間関係のストレスを減らしたい」という方にこそ向いている環境です。

✅ 空調完備・清潔な作業場
冷暖房がしっかり効いた室内で、季節を問わず快適に働けます。休憩室には電子レンジ・冷蔵庫・自動販売機があり、鍵付きロッカーも完備しています。

✅ 安定した雇用と福利厚生
正社員としての雇用に加え、社会保険完備、定期健康診断、資格取得支援などの制度があります。「腰を据えて働きたい」という希望に応えられる環境です。

✅ 地元幸田町で長く働く
自動車関連の製造業が集まる、西三河の落ち着いたものづくりの街です。JR東海道線の幸田駅・相見駅が最寄りで、岡崎・蒲郡方面から通いやすい立地です。

まずはカジュアル面談で、職場の雰囲気や1日の流れをお伝えします。ご応募をお待ちしています。","例外事由3号のイにより、長期キャリア形成を図るため、
35歳以下を募集しております。","【勤務時間】
★9:00~18:00
└実働8時間/休憩1時間

定時ダッシュも問題ないです✧
✧ 土日祝休み
✧ 残業月平均:6.5時間以内
✧ 残業代100%支給","✧ 完全週休2日制(土日祝休み)
✧ 年間休日125日
「土日休みはマスト!」ってあなたにも
ぴったりの職場です!

【その他休暇】
✧ 有給休暇
✧ 夏季・冬季休暇
✧ GW休暇
✧ 年末年始休暇",愛知県 額田郡 幸田町 大草,,"月給:25万円~+交通費全額支給

※経験に応じて決定いたします。

# 昇給あり
# 賞与あり
# 残業代100%支給
# 交通費支給","・社会保険完備（雇用・労災・健康・厚生年金）
・残業手当・深夜手当・休日出勤手当（実働時間に応じて支給）
・確定拠出年金制度（企業型）
・定期健康診断・インフルエンザ予防接種費用補助
・特別休暇（慶弔休暇）
・産前産後休暇・育児休業・介護休業
・資格取得支援制度（フォークリフト・自主保全士など）
・家具家電付き社員寮制度（勤務地による・規定あり）
・制服貸与
・社員持株会
・福利厚生サービス（レジャー・飲食の優待割引、保養施設）
・団体長期障害所得補償保険（GLTD）","【最短スケジュールのイメージ】

▶ STEP1 今日：WEBから1分で応募
▶ STEP2 1〜3日後：担当者からご連絡 → カジュアル面談の日程調整
▶ STEP3 面談当日：カジュアル面談（1回のみ）→ 採用のご連絡

面談では、職場の雰囲気・1日の流れ・通勤のことなど、
気になることを何でも聞いてください。

✧ 入社日はご相談いただけます ✧
「すぐ働きたい」「少し先がいい」どちらのご希望にも対応します。",,即日勤務OK、交通費支給、残業なし,2,任意,生年月日、性別、電話番号,ntf-indeedapplicant-aaaatulx77tci2k2pr5yeqapva@shukatsu-labo.slack.com,,,利用しない,,
募集中,日本マニュファクチャリングサービス株式会社,未経験｜検品・梱包｜日本マニュファクチャリングサービス株式会社｜犬山市（愛知県）,倉庫作業スタッフ,20～30代活躍中◎未経験から製造のプロへ｜犬山市の検品・梱包スタッフ,,愛知県 犬山市,,,正社員,はい,月給,250000,,最低額を表示,なし,,,,,,,固定時間制,160,,厚生年金、健康保険、雇用保険、労災保険,,なし,,,,,,,,,,,,,,,,,,"犬山市内および周辺の物流センターで、通販商品や生活雑貨の「検品・梱包」を担当する正社員スタッフの募集です。
冷暖房が効いた清潔な作業場で、商品をひとつずつ確認し、丁寧に箱へ納めていく落ち着いた仕事です。
製造・物流の現場を長年支えてきた当社が、未経験の方を一から育てます。

■ ある1日のスケジュール（日勤・実働8時間）
09:00 出勤・朝礼。リーダーから本日の作業内容と注意点の共有があります
09:10 検品スタート。ハンディ端末でバーコードを読み取り、品番と数量を照合
10:30 小休憩（10分）
12:00 昼休憩（60分）。電子レンジ・冷蔵庫のある休憩室で昼食
13:00 梱包作業。緩衝材で商品を包み、ダンボールを組み立てて詰めていきます
15:00 小休憩（15分）
15:15 出荷準備。伝票シールを貼り、配送業者ごとにコンテナへ仕分け
17:45 清掃・翌日分の資材補充
18:00 退勤。土日祝はお休みで、翌日の予定も立てやすい働き方です

■ 作業の流れ（3ステップ）
1. 検品：商品を手に取り、傷・汚れ・数量を確認します。迷ったら「保留」の箱に入れてリーダーに確認するだけです
2. 梱包：商品に合わせて袋・緩衝材・箱を選び、動かないように納めてテープで封をします
3. 仕分け：伝票シールを貼り、配送地域ごとに分けられたコンテナへ移します
扱う商品は衣類・雑貨・コスメ・文房具などの軽いものが中心で、フォークリフトなどの機械操作はありません。

■ 教育・研修体制
入社初日は安全講習とオリエンテーションから始まり、いきなり現場に出ることはありません。
2日目以降は専任の先輩スタッフが隣について、検品・梱包の手順を実際にやって見せながら説明します。
最初の1週間は「見る→一緒にやる→一人でやる」の順で少しずつ担当を広げ、1週間後にはひと通りの作業を経験できるスケジュールです。
リーダーは常に作業場内にいるため、「これはどこに置くのでしたか」といった質問もすぐに解決できます。

■ 働く環境について
作業場は1年を通して空調が効いており、汗だくになったり手がかじかんだりする心配はありません。
休憩室は広く、電子レンジや冷蔵庫、自動販売機が揃っています。昼休憩は各自のペースで過ごしています。
鍵付きロッカーを用意しているので、貴重品の管理も安心です。
服装や髪色は自由で、自分らしいスタイルのまま通勤できます。

■ 犬山市の拠点ならではの一言
名鉄犬山線・小牧線の犬山駅が最寄りで、名古屋駅方面から約30分です。
国宝犬山城で知られる歴史ある街で、周辺に製造業の工場が点在しています。
当社は愛知県内に複数の勤務先を持っているため、ご自宅からの通いやすさも考慮して配属先を相談できます。

製造・物流の現場を支えてきた当社で、あなたのペースで一歩を踏み出してください。ご応募をお待ちしています。","【当社の検品・梱包が選ばれる理由】

✅ 資格・経験・学歴は問いません
必要なのは「丁寧に確認する姿勢」だけ。検品の見方、梱包の手順はすべて入社後にお伝えします。フォークリフトなどの資格取得を目指したい方には支援制度もあり、長く働くほど仕事の幅が広がります。

✅ 残業は月平均6.5時間以内
出荷量に合わせて人員を配置しているため、定時で帰れる日がほとんどです。仕事の後に予定を入れたり、家でゆっくり過ごしたりする時間をきちんと確保できます。

✅ 自分のペースで黙々と進められる仕事
ノルマに追われることはなく、接客もありません。「一人で集中して作業したい」「人間関係のストレスを減らしたい」という方にこそ向いている環境です。

✅ 空調完備・清潔な作業場
冷暖房がしっかり効いた室内で、季節を問わず快適に働けます。休憩室には電子レンジ・冷蔵庫・自動販売機があり、鍵付きロッカーも完備しています。

✅ 製造・物流の現場を支えてきた会社の正社員
当社は全国の製造現場で人材を育ててきた会社です。検品・梱包からスタートし、経験を積めばリーダーや別工程へのステップアップも目指せます。

✅ 地元犬山市で長く働く
国宝犬山城で知られる歴史ある街で、周辺に製造業の工場が点在しています。名鉄犬山線・小牧線の犬山駅が最寄りで、名古屋駅方面から約30分です。

「自分にもできそう」と思えたら、それがスタートの合図です。お気軽にご応募ください。","例外事由3号のイにより、長期キャリア形成を図るため、
35歳以下を募集しております。","【勤務時間】
★9:00~18:00
└実働8時間/休憩1時間

定時ダッシュも問題ないです✧
✧ 土日祝休み
✧ 残業月平均:6.5時間以内
✧ 残業代100%支給","✧ 完全週休2日制(土日祝休み)
✧ 年間休日125日
「土日休みはマスト!」ってあなたにも
ぴったりの職場です!

【その他休暇】
✧ 有給休暇
✧ 夏季・冬季休暇
✧ GW休暇
✧ 年末年始休暇",愛知県 犬山市,,"月給:25万円~+交通費全額支給

※経験に応じて決定いたします。

# 昇給あり
# 賞与あり
# 残業代100%支給
# 交通費支給","・社会保険完備（雇用・労災・健康・厚生年金）
・残業手当・深夜手当・休日出勤手当（実働時間に応じて支給）
・確定拠出年金制度（企業型）
・定期健康診断・インフルエンザ予防接種費用補助
・特別休暇（慶弔休暇）
・産前産後休暇・育児休業・介護休業
・資格取得支援制度（フォークリフト・自主保全士など）
・家具家電付き社員寮制度（勤務地による・規定あり）
・制服貸与
・社員持株会
・福利厚生サービス（レジャー・飲食の優待割引、保養施設）
・団体長期障害所得補償保険（GLTD）","■ 選考について ■
・カジュアル面談：1回のみ（服装自由・履歴書任意）
・応募から面談まで：WEB応募後、1〜3日以内にご連絡
・入社日：ご相談のうえ決定

■ 応募からの流れ ■
▶ STEP1 WEBから1分で応募
▶ STEP2 カジュアル面談（1回のみ）
▶ STEP3 採用

「まずは話だけ聞いてみたい」という方も、そのままご応募ください。
面談で無理に応募を勧めることはありません。",,即日勤務OK、交通費支給、残業なし,2,任意,生年月日、性別、電話番号,ntf-indeedapplicant-aaaatulx77tci2k2pr5yeqapva@shukatsu-labo.slack.com,,,利用しない,,
募集中,日本マニュファクチャリングサービス株式会社,未経験｜検品・梱包｜日本マニュファクチャリングサービス株式会社｜みよし市（愛知県）,倉庫作業スタッフ,20～30代活躍中◎みよし市｜黙々作業が好きな方に向く検品・梱包,,愛知県 みよし市,,,正社員,はい,月給,250000,,最低額を表示,なし,,,,,,,固定時間制,160,,厚生年金、健康保険、雇用保険、労災保険,,なし,,,,,,,,,,,,,,,,,,"勤務先はみよし市内および周辺の物流センター。扱うのは衣類・コスメ・文房具・小型雑貨など、手のひらサイズの軽い商品が中心です。
担当していただくのは、届いた商品に不備がないかを確かめ、出荷用の箱に整えて詰める「検品・梱包」の作業。
空調完備の室内で、自分のペースを保ちながら黙々と取り組める環境です。

■ 入社後の1日はこんなイメージです
09:00 朝礼。体調確認と当日の出荷量の共有からスタート
09:15 午前は検品を中心に担当。商品の外観を目視で確認し、傷や汚れがあれば別置きにします
12:00 昼休憩（60分）。お弁当持参の方も、近くで買ってくる方もいます
13:00 午後は梱包を担当。袋詰め、箱詰め、テープ留めの3工程を繰り返します
15:00 小休憩（15分）。自動販売機で飲み物を買って一息
15:15 出荷分の最終チェックと仕分け。全員で協力して当日分を仕上げます
17:45 作業スペースの清掃と日報記入
18:00 定時退勤。残業は月平均6.5時間以内に収まっています

■ 具体的にはこんな商品を扱います
通販サイトで販売されるアパレル商品、生活雑貨、コスメ、文房具が中心です。
・シャツやタオルを畳んで透明袋へ入れる
・コスメの容器にひび割れがないかを目視で確認する
・文房具のセット品を指定の個数で袋詰めする
・箱にラベルを貼り、配送業者ごとの台車に載せる
商品は軽く、作業台の高さも調整されているため、身体への負担を抑えて続けられます。

■ 未経験でも安心の1週間プログラム
・1日目：会社説明、安全講習、作業着の受け取り、作業場の見学
・2日目：先輩の隣で検品の実演を見学し、午後から一緒に作業
・3日目：梱包の袋詰め・箱詰めを先輩と一緒に担当
・4日目：シール貼りと仕分けを一人で担当。先輩は同じ作業台で見守ります
・5日目：検品から仕分けまでの流れを通しで経験
覚えることは3ステップの繰り返しなので、専門知識や資格は不要です。製造現場で人を育ててきた当社ならではの丁寧な立ち上がりを用意しています。

■ 設備・環境のポイント
・冷暖房完備の室内作業で、季節や天候に左右されません
・休憩室には電子レンジ・冷蔵庫・ポットがあり、フリーWi-Fiも使えます
・個人用の鍵付きロッカーを完備
・髪色・ネイル・服装は自由。清潔感があれば普段のスタイルのままで大丈夫です

■ 愛知県みよし市で働く
豊田市と名古屋市の間に位置し、自動車関連の物流・製造拠点が集まる地域です。
名鉄豊田線の三好ヶ丘駅が最寄りで、東名の東名三好ICも近く車通勤にも向いています。
みよし市周辺で「通勤時間を抑えて安定した正社員の仕事に就きたい」という方に、当社の検品・梱包はぴったりの選択肢です。

製造・物流の現場を支えてきた当社で、あなたのペースで一歩を踏み出してください。ご応募をお待ちしています。","【みよし市で働くならここがポイント】

✅ 覚えることは少なく、教え方は丁寧に
製造現場で人を育ててきた当社では、専任の先輩がマンツーマンで隣につきます。最初はシール貼りやダンボールの組み立てといった簡単な工程から始め、1週間でひと通りの流れを経験できるプログラムを用意しています。

✅ 土日祝休み・年間休日125日
完全週休2日制で、カレンダー通りに休めます。夏季・冬季休暇、GW、年末年始のまとまった休みもあり、予定を立てやすい働き方です。

✅ 自分のペースで黙々と進められる仕事
ノルマに追われることはなく、接客もありません。「一人で集中して作業したい」「人間関係のストレスを減らしたい」という方にこそ向いている環境です。

✅ 空調完備・清潔な作業場
冷暖房がしっかり効いた室内で、季節を問わず快適に働けます。休憩室には電子レンジ・冷蔵庫・自動販売機があり、鍵付きロッカーも完備しています。

✅ 相談しやすい体制
配属先にはリーダーが常駐し、定期的な面談で困りごとを聞き取ります。作業のこと、通勤のこと、働き方のこと、何でも相談してください。

✅ みよし市で通いやすい勤務地
名鉄豊田線の三好ヶ丘駅が最寄りで、東名の東名三好ICも近く車通勤にも向いています。豊田市と名古屋市の間に位置し、自動車関連の物流・製造拠点が集まる地域です。

まずはカジュアル面談で、職場の雰囲気や1日の流れをお伝えします。ご応募をお待ちしています。","例外事由3号のイにより、長期キャリア形成を図るため、
35歳以下を募集しております。","【勤務時間】
★9:00~18:00
└実働8時間/休憩1時間

定時ダッシュも問題ないです✧
✧ 土日祝休み
✧ 残業月平均:6.5時間以内
✧ 残業代100%支給","✧ 完全週休2日制(土日祝休み)
✧ 年間休日125日
「土日休みはマスト!」ってあなたにも
ぴったりの職場です!

【その他休暇】
✧ 有給休暇
✧ 夏季・冬季休暇
✧ GW休暇
✧ 年末年始休暇",愛知県 みよし市,,"月給:25万円~+交通費全額支給

※経験に応じて決定いたします。

# 昇給あり
# 賞与あり
# 残業代100%支給
# 交通費支給","・社会保険完備（雇用・労災・健康・厚生年金）
・残業手当・深夜手当・休日出勤手当（実働時間に応じて支給）
・確定拠出年金制度（企業型）
・定期健康診断・インフルエンザ予防接種費用補助
・特別休暇（慶弔休暇）
・産前産後休暇・育児休業・介護休業
・資格取得支援制度（フォークリフト・自主保全士など）
・家具家電付き社員寮制度（勤務地による・規定あり）
・制服貸与
・社員持株会
・福利厚生サービス（レジャー・飲食の優待割引、保養施設）
・団体長期障害所得補償保険（GLTD）","✧ カジュアル面談実施中です ✧

応募に必要なのは人柄だけ。
まずはあなたのご希望を聞かせてください。

■ 応募からの流れ ■
▶ STEP1 WEBから1分で簡単応募
1〜3日以内に担当者からご連絡します。
▶ STEP2 カジュアル面談（1回のみ）
職場の雰囲気や1日の流れをお伝えし、ご希望を伺います。
▶ STEP3 採用

※入社日はご相談いただけます◎
在職中の方も、お気軽にご相談ください。",,即日勤務OK、交通費支給、残業なし,2,任意,生年月日、性別、電話番号,ntf-indeedapplicant-aaaatulx77tci2k2pr5yeqapva@shukatsu-labo.slack.com,,,利用しない,,
募集中,日本マニュファクチャリングサービス株式会社,未経験｜検品・梱包｜日本マニュファクチャリングサービス株式会社｜北名古屋市（愛知県）,倉庫作業スタッフ,20～30代活躍中◎北名古屋市｜空調完備の倉庫でコツコツ検品・梱包,,愛知県 北名古屋市,,,正社員,はい,月給,250000,,最低額を表示,なし,,,,,,,固定時間制,160,,厚生年金、健康保険、雇用保険、労災保険,,なし,,,,,,,,,,,,,,,,,,"「ものづくりの現場を支える仕事を、正社員として腰を据えて続けたい」という方へ。
北名古屋市内および周辺の物流センターで、商品の検品と梱包を担当するスタッフを募集します。
空調の効いた清潔な作業場で、座り作業と立ち作業を組み合わせながら無理なく進められる仕事です。

■ 1日の流れ（9:00〜18:00・休憩1時間）
09:00 朝礼。当日の出荷予定と担当エリアを確認し、作業台へ移動します
09:15 午前の検品。入荷した商品を納品書と照らし合わせ、外観と数量をチェック
12:00 昼休憩（60分）。休憩室でゆっくり昼食をとります
13:00 午後の梱包。検品を終えた商品を袋詰めし、サイズに合った箱に納めます
15:00 小休憩（15分）。水分補給と軽いストレッチでリフレッシュ
15:15 ラベル貼りと出荷先ごとの仕分け。台車で所定の場所へ運びます
17:40 作業台の整理整頓と翌日の準備
18:00 退勤。残業は月平均6.5時間以内で、定時に帰れる日がほとんどです

■ 具体的にはこんな商品を扱います
通販サイトで販売されるアパレル商品、生活雑貨、コスメ、文房具が中心です。
・シャツやタオルを畳んで透明袋へ入れる
・コスメの容器にひび割れがないかを目視で確認する
・文房具のセット品を指定の個数で袋詰めする
・箱にラベルを貼り、配送業者ごとの台車に載せる
商品は軽く、作業台の高さも調整されているため、身体への負担を抑えて続けられます。

■ 入社後1週間の流れ
1日目：オリエンテーション。安全ルール、勤怠の付け方、作業場の設備を案内します
2〜3日目：先輩スタッフがマンツーマンで隣につき、検品の見方と梱包の手順を実演しながら教えます
4〜5日目：シール貼りやダンボールの組み立てなど簡単な工程から一人で担当。分からないことはその場で質問できます
1週間後：検品・梱包の一連の流れをひと通り経験し、自分のペースで進められるようになります
当社は製造現場の教育に長年取り組んできた会社です。「早ければ半日、遅くとも2〜3日で一人立ち」が現場の平均的な目安ですが、慣れるまでは焦らず伴走します。

■ 働く環境について
作業場は1年を通して空調が効いており、汗だくになったり手がかじかんだりする心配はありません。
休憩室は広く、電子レンジや冷蔵庫、自動販売機が揃っています。昼休憩は各自のペースで過ごしています。
鍵付きロッカーを用意しているので、貴重品の管理も安心です。
服装や髪色は自由で、自分らしいスタイルのまま通勤できます。

■ 愛知県北名古屋市で働く
名古屋に隣接した住みやすい街で、周辺に物流施設や工場も点在しています。
名鉄犬山線の西春駅が最寄りで、名古屋駅方面から約15分です。
北名古屋市周辺で「通勤時間を抑えて安定した正社員の仕事に就きたい」という方に、当社の検品・梱包はぴったりの選択肢です。

「難しいことはできないけれど、コツコツ続けることは得意」という方を、当社は大切にしています。まずはお気軽にご応募ください。","【当社の検品・梱包が選ばれる理由】

✅ 覚えることは少なく、教え方は丁寧に
製造現場で人を育ててきた当社では、専任の先輩がマンツーマンで隣につきます。最初はシール貼りやダンボールの組み立てといった簡単な工程から始め、1週間でひと通りの流れを経験できるプログラムを用意しています。

✅ 平日は定時、週末はしっかり休む
9:00〜18:00の固定時間制で、生活リズムが安定します。土日祝はお休みなので、家族や友人と予定を合わせやすいのも魅力です。

✅ 重い荷物はほとんどありません
扱うのは衣類・コスメ・文房具・小型雑貨など軽い商品が中心です。重量物の持ち上げや力仕事はほぼなく、身体への負担を抑えて長く続けられます。

✅ 空調完備・清潔な作業場
冷暖房がしっかり効いた室内で、季節を問わず快適に働けます。休憩室には電子レンジ・冷蔵庫・自動販売機があり、鍵付きロッカーも完備しています。

✅ 安定した雇用と福利厚生
正社員としての雇用に加え、社会保険完備、定期健康診断、資格取得支援などの制度があります。「腰を据えて働きたい」という希望に応えられる環境です。

✅ 北名古屋市で通いやすい勤務地
名鉄犬山線の西春駅が最寄りで、名古屋駅方面から約15分です。名古屋に隣接した住みやすい街で、周辺に物流施設や工場も点在しています。

「自分にもできそう」と思えたら、それがスタートの合図です。お気軽にご応募ください。","例外事由3号のイにより、長期キャリア形成を図るため、
35歳以下を募集しております。","【勤務時間】
★9:00~18:00
└実働8時間/休憩1時間

定時ダッシュも問題ないです✧
✧ 土日祝休み
✧ 残業月平均:6.5時間以内
✧ 残業代100%支給","✧ 完全週休2日制(土日祝休み)
✧ 年間休日125日
「土日休みはマスト!」ってあなたにも
ぴったりの職場です!

【その他休暇】
✧ 有給休暇
✧ 夏季・冬季休暇
✧ GW休暇
✧ 年末年始休暇",愛知県 北名古屋市,,"月給:25万円~+交通費全額支給

※経験に応じて決定いたします。

# 昇給あり
# 賞与あり
# 残業代100%支給
# 交通費支給","・社会保険完備（雇用・労災・健康・厚生年金）
・残業手当・深夜手当・休日出勤手当（実働時間に応じて支給）
・確定拠出年金制度（企業型）
・定期健康診断・インフルエンザ予防接種費用補助
・特別休暇（慶弔休暇）
・産前産後休暇・育児休業・介護休業
・資格取得支援制度（フォークリフト・自主保全士など）
・家具家電付き社員寮制度（勤務地による・規定あり）
・制服貸与
・社員持株会
・福利厚生サービス（レジャー・飲食の優待割引、保養施設）
・団体長期障害所得補償保険（GLTD）","【応募前の「気になる」にお答えします】

Q. 面接は堅苦しいですか？
A. いいえ。カジュアル面談を1回行うだけです。服装も自由、履歴書も任意です。

Q. 応募してからどのくらいで決まりますか？
A. 3ステップで進みます。
▶ STEP1 WEBから応募（1分）→ 1〜3日以内にご連絡
▶ STEP2 カジュアル面談（1回のみ）
▶ STEP3 採用

Q. すぐには入社できないのですが…
A. 入社日はご相談いただけます。今のお仕事の引き継ぎ期間なども考慮します。",,即日勤務OK、交通費支給、残業なし,2,任意,生年月日、性別、電話番号,ntf-indeedapplicant-aaaatulx77tci2k2pr5yeqapva@shukatsu-labo.slack.com,,,利用しない,,
募集中,日本マニュファクチャリングサービス株式会社,未経験｜検品・梱包｜日本マニュファクチャリングサービス株式会社｜稲沢市（愛知県）,倉庫作業スタッフ,20～30代活躍中◎稲沢市｜マンツーマン研修で安心の検品・梱包,,愛知県 稲沢市,,,正社員,はい,月給,250000,,最低額を表示,なし,,,,,,,固定時間制,160,,厚生年金、健康保険、雇用保険、労災保険,,なし,,,,,,,,,,,,,,,,,,"愛知県稲沢市エリアで、検品・梱包の正社員スタッフを募集します。
勤務先は稲沢市内および周辺の物流センター。商品にキズや汚れがないかを目で確かめ、数を合わせ、袋や箱に丁寧に納める作業が中心です。
1年を通して快適な温度に保たれた室内作業で、当社の先輩スタッフが隣で手順を教えます。

■ ある1日のスケジュール（日勤・実働8時間）
09:00 出勤・朝礼。リーダーから本日の作業内容と注意点の共有があります
09:10 検品スタート。ハンディ端末でバーコードを読み取り、品番と数量を照合
10:30 小休憩（10分）
12:00 昼休憩（60分）。電子レンジ・冷蔵庫のある休憩室で昼食
13:00 梱包作業。緩衝材で商品を包み、ダンボールを組み立てて詰めていきます
15:00 小休憩（15分）
15:15 出荷準備。伝票シールを貼り、配送業者ごとにコンテナへ仕分け
17:45 清掃・翌日分の資材補充
18:00 退勤。土日祝はお休みで、翌日の予定も立てやすい働き方です

■ 主な作業内容
・検品：入荷した商品の外観チェック（傷・汚れ・パッケージのへこみ）と数量・品番の照合
・スキャン：バーコードリーダーで商品を読み取り、データと突き合わせます
・梱包：袋詰め、緩衝材包装、ダンボールの組み立てと箱詰め、テープ留め
・仕上げ：ラベル貼りと配送地域別の仕分け
扱うのはアパレル商品、コスメ、文房具、小型雑貨など。どれも軽く、繰り返しの中で自然と手順が身につく作業です。

■ 教育・研修体制
入社初日は安全講習とオリエンテーションから始まり、いきなり現場に出ることはありません。
2日目以降は専任の先輩スタッフが隣について、検品・梱包の手順を実際にやって見せながら説明します。
最初の1週間は「見る→一緒にやる→一人でやる」の順で少しずつ担当を広げ、1週間後にはひと通りの作業を経験できるスケジュールです。
リーダーは常に作業場内にいるため、「これはどこに置くのでしたか」といった質問もすぐに解決できます。

■ 設備・環境のポイント
・冷暖房完備の室内作業で、季節や天候に左右されません
・休憩室には電子レンジ・冷蔵庫・ポットがあり、フリーWi-Fiも使えます
・個人用の鍵付きロッカーを完備
・髪色・ネイル・服装は自由。清潔感があれば普段のスタイルのままで大丈夫です

■ 稲沢市の拠点ならではの一言
JR東海道線の稲沢駅と名鉄名古屋本線の国府宮駅が利用できます。
名古屋近郊の物流拠点として、大型の配送センターが集まるエリアです。
当社は愛知県内に複数の勤務先を持っているため、ご自宅からの通いやすさも考慮して配属先を相談できます。

製造・物流の現場を支えてきた当社で、あなたのペースで一歩を踏み出してください。ご応募をお待ちしています。","【稲沢市で働くならここがポイント】

✅ 先輩スタッフの9割以上が未経験からのスタート
「商品を手に取る」「傷がないか見る」「箱に入れる」の3ステップが仕事の基本です。複雑な機械操作や専門用語はなく、入社初日は安全講習とオリエンテーションから始まるので、初めての正社員でも安心してスタートできます。

✅ 残業は月平均6.5時間以内
出荷量に合わせて人員を配置しているため、定時で帰れる日がほとんどです。仕事の後に予定を入れたり、家でゆっくり過ごしたりする時間をきちんと確保できます。

✅ 重い荷物はほとんどありません
扱うのは衣類・コスメ・文房具・小型雑貨など軽い商品が中心です。重量物の持ち上げや力仕事はほぼなく、身体への負担を抑えて長く続けられます。

✅ 空調完備・清潔な作業場
冷暖房がしっかり効いた室内で、季節を問わず快適に働けます。休憩室には電子レンジ・冷蔵庫・自動販売機があり、鍵付きロッカーも完備しています。

✅ 製造・物流の現場を支えてきた会社の正社員
当社は全国の製造現場で人材を育ててきた会社です。検品・梱包からスタートし、経験を積めばリーダーや別工程へのステップアップも目指せます。

✅ 稲沢市で通いやすい勤務地
JR東海道線の稲沢駅と名鉄名古屋本線の国府宮駅が利用できます。名古屋近郊の物流拠点として、大型の配送センターが集まるエリアです。

まずはカジュアル面談で、職場の雰囲気や1日の流れをお伝えします。ご応募をお待ちしています。","例外事由3号のイにより、長期キャリア形成を図るため、
35歳以下を募集しております。","【勤務時間】
★9:00~18:00
└実働8時間/休憩1時間

定時ダッシュも問題ないです✧
✧ 土日祝休み
✧ 残業月平均:6.5時間以内
✧ 残業代100%支給","✧ 完全週休2日制(土日祝休み)
✧ 年間休日125日
「土日休みはマスト!」ってあなたにも
ぴったりの職場です!

【その他休暇】
✧ 有給休暇
✧ 夏季・冬季休暇
✧ GW休暇
✧ 年末年始休暇",愛知県 稲沢市,,"月給:25万円~+交通費全額支給

※経験に応じて決定いたします。

# 昇給あり
# 賞与あり
# 残業代100%支給
# 交通費支給","・社会保険完備（雇用・労災・健康・厚生年金）
・残業手当・深夜手当・休日出勤手当（実働時間に応じて支給）
・確定拠出年金制度（企業型）
・定期健康診断・インフルエンザ予防接種費用補助
・特別休暇（慶弔休暇）
・産前産後休暇・育児休業・介護休業
・資格取得支援制度（フォークリフト・自主保全士など）
・家具家電付き社員寮制度（勤務地による・規定あり）
・制服貸与
・社員持株会
・福利厚生サービス（レジャー・飲食の優待割引、保養施設）
・団体長期障害所得補償保険（GLTD）","まずは「話を聞いてみる」だけで大丈夫です。

当社ではカジュアル面談を実施しています。
志望動機や自己PRの準備は不要。
「どんな職場？」「本当に未経験でもできる？」といった疑問に、担当者が率直にお答えします。

■ 応募から入社までの3STEP ■
▶ STEP1 WEB応募（1分）
▶ STEP2 カジュアル面談（1回のみ・1〜3日以内にご連絡）
▶ STEP3 採用・入社日のご相談

入社日は柔軟に調整できます。
「来月から」「今の仕事を辞めてから」など、ご都合をお聞かせください。",,即日勤務OK、交通費支給、残業なし,2,任意,生年月日、性別、電話番号,ntf-indeedapplicant-aaaatulx77tci2k2pr5yeqapva@shukatsu-labo.slack.com,,,利用しない,,
募集中,日本マニュファクチャリングサービス株式会社,未経験｜検品・梱包｜日本マニュファクチャリングサービス株式会社｜知多市（愛知県）,倉庫作業スタッフ,20～30代活躍中◎知多市で正社員デビュー｜検品・梱包のシンプル作業,,愛知県 知多市,,,正社員,はい,月給,250000,,最低額を表示,なし,,,,,,,固定時間制,160,,厚生年金、健康保険、雇用保険、労災保険,,なし,,,,,,,,,,,,,,,,,,"知多市内および周辺の物流センターで、通販商品や生活雑貨の「検品・梱包」を担当する正社員スタッフの募集です。
冷暖房が効いた清潔な作業場で、商品をひとつずつ確認し、丁寧に箱へ納めていく落ち着いた仕事です。
製造・物流の現場を長年支えてきた当社が、未経験の方を一から育てます。

■ 1日の流れ（9:00〜18:00・休憩1時間）
09:00 朝礼。当日の出荷予定と担当エリアを確認し、作業台へ移動します
09:15 午前の検品。入荷した商品を納品書と照らし合わせ、外観と数量をチェック
12:00 昼休憩（60分）。休憩室でゆっくり昼食をとります
13:00 午後の梱包。検品を終えた商品を袋詰めし、サイズに合った箱に納めます
15:00 小休憩（15分）。水分補給と軽いストレッチでリフレッシュ
15:15 ラベル貼りと出荷先ごとの仕分け。台車で所定の場所へ運びます
17:40 作業台の整理整頓と翌日の準備
18:00 退勤。残業は月平均6.5時間以内で、定時に帰れる日がほとんどです

■ 主な作業内容
・検品：入荷した商品の外観チェック（傷・汚れ・パッケージのへこみ）と数量・品番の照合
・スキャン：バーコードリーダーで商品を読み取り、データと突き合わせます
・梱包：袋詰め、緩衝材包装、ダンボールの組み立てと箱詰め、テープ留め
・仕上げ：ラベル貼りと配送地域別の仕分け
扱うのはアパレル商品、コスメ、文房具、小型雑貨など。どれも軽く、繰り返しの中で自然と手順が身につく作業です。

■ 未経験でも安心の1週間プログラム
・1日目：会社説明、安全講習、作業着の受け取り、作業場の見学
・2日目：先輩の隣で検品の実演を見学し、午後から一緒に作業
・3日目：梱包の袋詰め・箱詰めを先輩と一緒に担当
・4日目：シール貼りと仕分けを一人で担当。先輩は同じ作業台で見守ります
・5日目：検品から仕分けまでの流れを通しで経験
覚えることは3ステップの繰り返しなので、専門知識や資格は不要です。製造現場で人を育ててきた当社ならではの丁寧な立ち上がりを用意しています。

■ 職場環境
・空調完備：冷暖房が効いた清潔な室内で、夏も冬も快適に作業できます
・休憩室：電子レンジ・冷蔵庫・ポット・自動販売機を完備。お弁当持参でもゆっくり過ごせます
・ロッカー：鍵付きの個人ロッカーがあり、私物を安心して預けられます
・服装：髪色・ネイルは自由。動きやすい服装で通勤し、現場のルールに沿って作業します

■ 知多市の拠点ならではの一言
名鉄常滑線の朝倉駅が最寄りで、知多半島道路の各ICも利用できます。
臨海部の工業地帯と落ち着いた住宅地が共存する、知多半島北部の街です。
当社は愛知県内に複数の勤務先を持っているため、ご自宅からの通いやすさも考慮して配属先を相談できます。

「難しいことはできないけれど、コツコツ続けることは得意」という方を、当社は大切にしています。まずはお気軽にご応募ください。","【当社の検品・梱包が選ばれる理由】

✅ 先輩スタッフの9割以上が未経験からのスタート
「商品を手に取る」「傷がないか見る」「箱に入れる」の3ステップが仕事の基本です。複雑な機械操作や専門用語はなく、入社初日は安全講習とオリエンテーションから始まるので、初めての正社員でも安心してスタートできます。

✅ 土日祝休み・年間休日125日
完全週休2日制で、カレンダー通りに休めます。夏季・冬季休暇、GW、年末年始のまとまった休みもあり、予定を立てやすい働き方です。

✅ 重い荷物はほとんどありません
扱うのは衣類・コスメ・文房具・小型雑貨など軽い商品が中心です。重量物の持ち上げや力仕事はほぼなく、身体への負担を抑えて長く続けられます。

✅ 空調完備・清潔な作業場
冷暖房がしっかり効いた室内で、季節を問わず快適に働けます。休憩室には電子レンジ・冷蔵庫・自動販売機があり、鍵付きロッカーも完備しています。

✅ 相談しやすい体制
配属先にはリーダーが常駐し、定期的な面談で困りごとを聞き取ります。作業のこと、通勤のこと、働き方のこと、何でも相談してください。

✅ 地元知多市で長く働く
臨海部の工業地帯と落ち着いた住宅地が共存する、知多半島北部の街です。名鉄常滑線の朝倉駅が最寄りで、知多半島道路の各ICも利用できます。

まずはカジュアル面談で、職場の雰囲気や1日の流れをお伝えします。ご応募をお待ちしています。","例外事由3号のイにより、長期キャリア形成を図るため、
35歳以下を募集しております。","【勤務時間】
★9:00~18:00
└実働8時間/休憩1時間

定時ダッシュも問題ないです✧
✧ 土日祝休み
✧ 残業月平均:6.5時間以内
✧ 残業代100%支給","✧ 完全週休2日制(土日祝休み)
✧ 年間休日125日
「土日休みはマスト!」ってあなたにも
ぴったりの職場です!

【その他休暇】
✧ 有給休暇
✧ 夏季・冬季休暇
✧ GW休暇
✧ 年末年始休暇",愛知県 知多市,,"月給:25万円~+交通費全額支給

※経験に応じて決定いたします。

# 昇給あり
# 賞与あり
# 残業代100%支給
# 交通費支給","・社会保険完備（雇用・労災・健康・厚生年金）
・残業手当・深夜手当・休日出勤手当（実働時間に応じて支給）
・確定拠出年金制度（企業型）
・定期健康診断・インフルエンザ予防接種費用補助
・特別休暇（慶弔休暇）
・産前産後休暇・育児休業・介護休業
・資格取得支援制度（フォークリフト・自主保全士など）
・家具家電付き社員寮制度（勤務地による・規定あり）
・制服貸与
・社員持株会
・福利厚生サービス（レジャー・飲食の優待割引、保養施設）
・団体長期障害所得補償保険（GLTD）","【最短スケジュールのイメージ】

▶ STEP1 今日：WEBから1分で応募
▶ STEP2 1〜3日後：担当者からご連絡 → カジュアル面談の日程調整
▶ STEP3 面談当日：カジュアル面談（1回のみ）→ 採用のご連絡

面談では、職場の雰囲気・1日の流れ・通勤のことなど、
気になることを何でも聞いてください。

✧ 入社日はご相談いただけます ✧
「すぐ働きたい」「少し先がいい」どちらのご希望にも対応します。",,即日勤務OK、交通費支給、残業なし,2,任意,生年月日、性別、電話番号,ntf-indeedapplicant-aaaatulx77tci2k2pr5yeqapva@shukatsu-labo.slack.com,,,利用しない,,
募集中,日本マニュファクチャリングサービス株式会社,未経験｜検品・梱包｜日本マニュファクチャリングサービス株式会社｜東海市（愛知県）,倉庫作業スタッフ,20～30代活躍中◎東海市｜年間休日125日・完全週休2日の軽作業,,愛知県 東海市,,,正社員,はい,月給,250000,,最低額を表示,なし,,,,,,,固定時間制,160,,厚生年金、健康保険、雇用保険、労災保険,,なし,,,,,,,,,,,,,,,,,,"勤務先は東海市内および周辺の物流センター。扱うのは衣類・コスメ・文房具・小型雑貨など、手のひらサイズの軽い商品が中心です。
担当していただくのは、届いた商品に不備がないかを確かめ、出荷用の箱に整えて詰める「検品・梱包」の作業。
空調完備の室内で、自分のペースを保ちながら黙々と取り組める環境です。

■ ある1日のスケジュール（日勤・実働8時間）
09:00 出勤・朝礼。リーダーから本日の作業内容と注意点の共有があります
09:10 検品スタート。ハンディ端末でバーコードを読み取り、品番と数量を照合
10:30 小休憩（10分）
12:00 昼休憩（60分）。電子レンジ・冷蔵庫のある休憩室で昼食
13:00 梱包作業。緩衝材で商品を包み、ダンボールを組み立てて詰めていきます
15:00 小休憩（15分）
15:15 出荷準備。伝票シールを貼り、配送業者ごとにコンテナへ仕分け
17:45 清掃・翌日分の資材補充
18:00 退勤。土日祝はお休みで、翌日の予定も立てやすい働き方です

■ 扱う商品と作業の具体例
・衣類・タオルなどの布製品：ほつれや汚れがないか確認し、専用の透明袋に入れます
・コスメ・ガラス製の小物：割れやすいため、緩衝材で包んでから箱に納めます
・文房具・生活雑貨：品番と個数を納品書と照合し、まとめて袋詰めします
・出荷前の箱：伝票シールと「割れ物注意」「水濡れ厳禁」などの注意シールを所定位置に貼ります
いずれも手のひらから両手で持てる大きさの商品で、重量物の持ち上げはありません。

■ 入社後1週間の流れ
1日目：オリエンテーション。安全ルール、勤怠の付け方、作業場の設備を案内します
2〜3日目：先輩スタッフがマンツーマンで隣につき、検品の見方と梱包の手順を実演しながら教えます
4〜5日目：シール貼りやダンボールの組み立てなど簡単な工程から一人で担当。分からないことはその場で質問できます
1週間後：検品・梱包の一連の流れをひと通り経験し、自分のペースで進められるようになります
当社は製造現場の教育に長年取り組んできた会社です。「早ければ半日、遅くとも2〜3日で一人立ち」が現場の平均的な目安ですが、慣れるまでは焦らず伴走します。

■ 設備・環境のポイント
・冷暖房完備の室内作業で、季節や天候に左右されません
・休憩室には電子レンジ・冷蔵庫・ポットがあり、フリーWi-Fiも使えます
・個人用の鍵付きロッカーを完備
・髪色・ネイル・服装は自由。清潔感があれば普段のスタイルのままで大丈夫です

■ 愛知県東海市で働く
臨海部に大規模な製鉄所や工場が集まる、ものづくりの街です。
名鉄常滑線・河和線の太田川駅が最寄りで、名古屋駅方面から約20分です。
東海市周辺で「通勤時間を抑えて安定した正社員の仕事に就きたい」という方に、当社の検品・梱包はぴったりの選択肢です。

「難しいことはできないけれど、コツコツ続けることは得意」という方を、当社は大切にしています。まずはお気軽にご応募ください。","【東海市で働くならここがポイント】

✅ 資格・経験・学歴は問いません
必要なのは「丁寧に確認する姿勢」だけ。検品の見方、梱包の手順はすべて入社後にお伝えします。フォークリフトなどの資格取得を目指したい方には支援制度もあり、長く働くほど仕事の幅が広がります。

✅ 残業は月平均6.5時間以内
出荷量に合わせて人員を配置しているため、定時で帰れる日がほとんどです。仕事の後に予定を入れたり、家でゆっくり過ごしたりする時間をきちんと確保できます。

✅ 自分のペースで黙々と進められる仕事
ノルマに追われることはなく、接客もありません。「一人で集中して作業したい」「人間関係のストレスを減らしたい」という方にこそ向いている環境です。

✅ 休憩室でしっかりリフレッシュ
昼休憩60分に加えて午後に小休憩があり、集中力を保ちやすいリズムで働けます。休憩室にはポットやフリーWi-Fiもあり、お弁当派にも外食派にも便利です。

✅ 製造・物流の現場を支えてきた会社の正社員
当社は全国の製造現場で人材を育ててきた会社です。検品・梱包からスタートし、経験を積めばリーダーや別工程へのステップアップも目指せます。

✅ 地元東海市で長く働く
臨海部に大規模な製鉄所や工場が集まる、ものづくりの街です。名鉄常滑線・河和線の太田川駅が最寄りで、名古屋駅方面から約20分です。

「自分にもできそう」と思えたら、それがスタートの合図です。お気軽にご応募ください。","例外事由3号のイにより、長期キャリア形成を図るため、
35歳以下を募集しております。","【勤務時間】
★9:00~18:00
└実働8時間/休憩1時間

定時ダッシュも問題ないです✧
✧ 土日祝休み
✧ 残業月平均:6.5時間以内
✧ 残業代100%支給","✧ 完全週休2日制(土日祝休み)
✧ 年間休日125日
「土日休みはマスト!」ってあなたにも
ぴったりの職場です!

【その他休暇】
✧ 有給休暇
✧ 夏季・冬季休暇
✧ GW休暇
✧ 年末年始休暇",愛知県 東海市,,"月給:25万円~+交通費全額支給

※経験に応じて決定いたします。

# 昇給あり
# 賞与あり
# 残業代100%支給
# 交通費支給","・社会保険完備（雇用・労災・健康・厚生年金）
・残業手当・深夜手当・休日出勤手当（実働時間に応じて支給）
・確定拠出年金制度（企業型）
・定期健康診断・インフルエンザ予防接種費用補助
・特別休暇（慶弔休暇）
・産前産後休暇・育児休業・介護休業
・資格取得支援制度（フォークリフト・自主保全士など）
・家具家電付き社員寮制度（勤務地による・規定あり）
・制服貸与
・社員持株会
・福利厚生サービス（レジャー・飲食の優待割引、保養施設）
・団体長期障害所得補償保険（GLTD）","■ 選考について ■
・カジュアル面談：1回のみ（服装自由・履歴書任意）
・応募から面談まで：WEB応募後、1〜3日以内にご連絡
・入社日：ご相談のうえ決定

■ 応募からの流れ ■
▶ STEP1 WEBから1分で応募
▶ STEP2 カジュアル面談（1回のみ）
▶ STEP3 採用

「まずは話だけ聞いてみたい」という方も、そのままご応募ください。
面談で無理に応募を勧めることはありません。",,即日勤務OK、交通費支給、残業なし,2,任意,生年月日、性別、電話番号,ntf-indeedapplicant-aaaatulx77tci2k2pr5yeqapva@shukatsu-labo.slack.com,,,利用しない,,
募集中,日本マニュファクチャリングサービス株式会社,未経験｜検品・梱包｜日本マニュファクチャリングサービス株式会社｜豊明市（愛知県）,倉庫作業スタッフ,20～30代活躍中◎安定の正社員｜豊明市で検品・梱包を一から,,愛知県 豊明市,,,正社員,はい,月給,250000,,最低額を表示,なし,,,,,,,固定時間制,160,,厚生年金、健康保険、雇用保険、労災保険,,なし,,,,,,,,,,,,,,,,,,"「ものづくりの現場を支える仕事を、正社員として腰を据えて続けたい」という方へ。
豊明市内および周辺の物流センターで、商品の検品と梱包を担当するスタッフを募集します。
空調の効いた清潔な作業場で、座り作業と立ち作業を組み合わせながら無理なく進められる仕事です。

■ 入社後の1日はこんなイメージです
09:00 朝礼。体調確認と当日の出荷量の共有からスタート
09:15 午前は検品を中心に担当。商品の外観を目視で確認し、傷や汚れがあれば別置きにします
12:00 昼休憩（60分）。お弁当持参の方も、近くで買ってくる方もいます
13:00 午後は梱包を担当。袋詰め、箱詰め、テープ留めの3工程を繰り返します
15:00 小休憩（15分）。自動販売機で飲み物を買って一息
15:15 出荷分の最終チェックと仕分け。全員で協力して当日分を仕上げます
17:45 作業スペースの清掃と日報記入
18:00 定時退勤。残業は月平均6.5時間以内に収まっています

■ 作業の流れ（3ステップ）
1. 検品：商品を手に取り、傷・汚れ・数量を確認します。迷ったら「保留」の箱に入れてリーダーに確認するだけです
2. 梱包：商品に合わせて袋・緩衝材・箱を選び、動かないように納めてテープで封をします
3. 仕分け：伝票シールを貼り、配送地域ごとに分けられたコンテナへ移します
扱う商品は衣類・雑貨・コスメ・文房具などの軽いものが中心で、フォークリフトなどの機械操作はありません。

■ 入社後1週間の流れ
1日目：オリエンテーション。安全ルール、勤怠の付け方、作業場の設備を案内します
2〜3日目：先輩スタッフがマンツーマンで隣につき、検品の見方と梱包の手順を実演しながら教えます
4〜5日目：シール貼りやダンボールの組み立てなど簡単な工程から一人で担当。分からないことはその場で質問できます
1週間後：検品・梱包の一連の流れをひと通り経験し、自分のペースで進められるようになります
当社は製造現場の教育に長年取り組んできた会社です。「早ければ半日、遅くとも2〜3日で一人立ち」が現場の平均的な目安ですが、慣れるまでは焦らず伴走します。

■ 職場環境
・空調完備：冷暖房が効いた清潔な室内で、夏も冬も快適に作業できます
・休憩室：電子レンジ・冷蔵庫・ポット・自動販売機を完備。お弁当持参でもゆっくり過ごせます
・ロッカー：鍵付きの個人ロッカーがあり、私物を安心して預けられます
・服装：髪色・ネイルは自由。動きやすい服装で通勤し、現場のルールに沿って作業します

■ 愛知県豊明市で働く
名古屋のベッドタウンとして住みやすく、周辺に製造・物流の拠点が点在します。
名鉄名古屋本線の前後駅・豊明駅が最寄りで、名古屋駅方面から約20分です。
豊明市周辺で「通勤時間を抑えて安定した正社員の仕事に就きたい」という方に、当社の検品・梱包はぴったりの選択肢です。

製造・物流の現場を支えてきた当社で、あなたのペースで一歩を踏み出してください。ご応募をお待ちしています。","【当社の検品・梱包が選ばれる理由】

✅ 資格・経験・学歴は問いません
必要なのは「丁寧に確認する姿勢」だけ。検品の見方、梱包の手順はすべて入社後にお伝えします。フォークリフトなどの資格取得を目指したい方には支援制度もあり、長く働くほど仕事の幅が広がります。

✅ 土日祝休み・年間休日125日
完全週休2日制で、カレンダー通りに休めます。夏季・冬季休暇、GW、年末年始のまとまった休みもあり、予定を立てやすい働き方です。

✅ 自分のペースで黙々と進められる仕事
ノルマに追われることはなく、接客もありません。「一人で集中して作業したい」「人間関係のストレスを減らしたい」という方にこそ向いている環境です。

✅ 休憩室でしっかりリフレッシュ
昼休憩60分に加えて午後に小休憩があり、集中力を保ちやすいリズムで働けます。休憩室にはポットやフリーWi-Fiもあり、お弁当派にも外食派にも便利です。

✅ 相談しやすい体制
配属先にはリーダーが常駐し、定期的な面談で困りごとを聞き取ります。作業のこと、通勤のこと、働き方のこと、何でも相談してください。

✅ 豊明市で通いやすい勤務地
名鉄名古屋本線の前後駅・豊明駅が最寄りで、名古屋駅方面から約20分です。名古屋のベッドタウンとして住みやすく、周辺に製造・物流の拠点が点在します。

まずはカジュアル面談で、職場の雰囲気や1日の流れをお伝えします。ご応募をお待ちしています。","例外事由3号のイにより、長期キャリア形成を図るため、
35歳以下を募集しております。","【勤務時間】
★9:00~18:00
└実働8時間/休憩1時間

定時ダッシュも問題ないです✧
✧ 土日祝休み
✧ 残業月平均:6.5時間以内
✧ 残業代100%支給","✧ 完全週休2日制(土日祝休み)
✧ 年間休日125日
「土日休みはマスト!」ってあなたにも
ぴったりの職場です!

【その他休暇】
✧ 有給休暇
✧ 夏季・冬季休暇
✧ GW休暇
✧ 年末年始休暇",愛知県 豊明市,,"月給:25万円~+交通費全額支給

※経験に応じて決定いたします。

# 昇給あり
# 賞与あり
# 残業代100%支給
# 交通費支給","・社会保険完備（雇用・労災・健康・厚生年金）
・残業手当・深夜手当・休日出勤手当（実働時間に応じて支給）
・確定拠出年金制度（企業型）
・定期健康診断・インフルエンザ予防接種費用補助
・特別休暇（慶弔休暇）
・産前産後休暇・育児休業・介護休業
・資格取得支援制度（フォークリフト・自主保全士など）
・家具家電付き社員寮制度（勤務地による・規定あり）
・制服貸与
・社員持株会
・福利厚生サービス（レジャー・飲食の優待割引、保養施設）
・団体長期障害所得補償保険（GLTD）","✧ カジュアル面談実施中です ✧

応募に必要なのは人柄だけ。
まずはあなたのご希望を聞かせてください。

■ 応募からの流れ ■
▶ STEP1 WEBから1分で簡単応募
1〜3日以内に担当者からご連絡します。
▶ STEP2 カジュアル面談（1回のみ）
職場の雰囲気や1日の流れをお伝えし、ご希望を伺います。
▶ STEP3 採用

※入社日はご相談いただけます◎
在職中の方も、お気軽にご相談ください。",,即日勤務OK、交通費支給、残業なし,2,任意,生年月日、性別、電話番号,ntf-indeedapplicant-aaaatulx77tci2k2pr5yeqapva@shukatsu-labo.slack.com,,,利用しない,,
募集中,日本マニュファクチャリングサービス株式会社,未経験｜検品・梱包｜日本マニュファクチャリングサービス株式会社｜半田市（愛知県）,倉庫作業スタッフ,20～30代活躍中◎残業ほぼなし｜半田市で腰を据えて働く検品・梱包,,愛知県 半田市,,,正社員,はい,月給,250000,,最低額を表示,なし,,,,,,,固定時間制,160,,厚生年金、健康保険、雇用保険、労災保険,,なし,,,,,,,,,,,,,,,,,,"愛知県半田市エリアで、検品・梱包の正社員スタッフを募集します。
勤務先は半田市内および周辺の物流センター。商品にキズや汚れがないかを目で確かめ、数を合わせ、袋や箱に丁寧に納める作業が中心です。
1年を通して快適な温度に保たれた室内作業で、当社の先輩スタッフが隣で手順を教えます。

■ 1日の流れ（9:00〜18:00・休憩1時間）
09:00 朝礼。当日の出荷予定と担当エリアを確認し、作業台へ移動します
09:15 午前の検品。入荷した商品を納品書と照らし合わせ、外観と数量をチェック
12:00 昼休憩（60分）。休憩室でゆっくり昼食をとります
13:00 午後の梱包。検品を終えた商品を袋詰めし、サイズに合った箱に納めます
15:00 小休憩（15分）。水分補給と軽いストレッチでリフレッシュ
15:15 ラベル貼りと出荷先ごとの仕分け。台車で所定の場所へ運びます
17:40 作業台の整理整頓と翌日の準備
18:00 退勤。残業は月平均6.5時間以内で、定時に帰れる日がほとんどです

■ 作業の流れ（3ステップ）
1. 検品：商品を手に取り、傷・汚れ・数量を確認します。迷ったら「保留」の箱に入れてリーダーに確認するだけです
2. 梱包：商品に合わせて袋・緩衝材・箱を選び、動かないように納めてテープで封をします
3. 仕分け：伝票シールを貼り、配送地域ごとに分けられたコンテナへ移します
扱う商品は衣類・雑貨・コスメ・文房具などの軽いものが中心で、フォークリフトなどの機械操作はありません。

■ 教育・研修体制
入社初日は安全講習とオリエンテーションから始まり、いきなり現場に出ることはありません。
2日目以降は専任の先輩スタッフが隣について、検品・梱包の手順を実際にやって見せながら説明します。
最初の1週間は「見る→一緒にやる→一人でやる」の順で少しずつ担当を広げ、1週間後にはひと通りの作業を経験できるスケジュールです。
リーダーは常に作業場内にいるため、「これはどこに置くのでしたか」といった質問もすぐに解決できます。

■ 働く環境について
作業場は1年を通して空調が効いており、汗だくになったり手がかじかんだりする心配はありません。
休憩室は広く、電子レンジや冷蔵庫、自動販売機が揃っています。昼休憩は各自のペースで過ごしています。
鍵付きロッカーを用意しているので、貴重品の管理も安心です。
服装や髪色は自由で、自分らしいスタイルのまま通勤できます。

■ 半田市の拠点ならではの一言
JR武豊線と名鉄河和線が利用でき、知多半島道路の半田ICも近い立地です。
知多半島の中心都市で、臨海部に工場や物流施設が集まる地域です。
当社は愛知県内に複数の勤務先を持っているため、ご自宅からの通いやすさも考慮して配属先を相談できます。

「難しいことはできないけれど、コツコツ続けることは得意」という方を、当社は大切にしています。まずはお気軽にご応募ください。","【半田市で働くならここがポイント】

✅ 覚えることは少なく、教え方は丁寧に
製造現場で人を育ててきた当社では、専任の先輩がマンツーマンで隣につきます。最初はシール貼りやダンボールの組み立てといった簡単な工程から始め、1週間でひと通りの流れを経験できるプログラムを用意しています。

✅ 平日は定時、週末はしっかり休む
9:00〜18:00の固定時間制で、生活リズムが安定します。土日祝はお休みなので、家族や友人と予定を合わせやすいのも魅力です。

✅ 重い荷物はほとんどありません
扱うのは衣類・コスメ・文房具・小型雑貨など軽い商品が中心です。重量物の持ち上げや力仕事はほぼなく、身体への負担を抑えて長く続けられます。

✅ 休憩室でしっかりリフレッシュ
昼休憩60分に加えて午後に小休憩があり、集中力を保ちやすいリズムで働けます。休憩室にはポットやフリーWi-Fiもあり、お弁当派にも外食派にも便利です。

✅ 安定した雇用と福利厚生
正社員としての雇用に加え、社会保険完備、定期健康診断、資格取得支援などの制度があります。「腰を据えて働きたい」という希望に応えられる環境です。

✅ 半田市で通いやすい勤務地
JR武豊線と名鉄河和線が利用でき、知多半島道路の半田ICも近い立地です。知多半島の中心都市で、臨海部に工場や物流施設が集まる地域です。

「自分にもできそう」と思えたら、それがスタートの合図です。お気軽にご応募ください。","例外事由3号のイにより、長期キャリア形成を図るため、
35歳以下を募集しております。","【勤務時間】
★9:00~18:00
└実働8時間/休憩1時間

定時ダッシュも問題ないです✧
✧ 土日祝休み
✧ 残業月平均:6.5時間以内
✧ 残業代100%支給","✧ 完全週休2日制(土日祝休み)
✧ 年間休日125日
「土日休みはマスト!」ってあなたにも
ぴったりの職場です!

【その他休暇】
✧ 有給休暇
✧ 夏季・冬季休暇
✧ GW休暇
✧ 年末年始休暇",愛知県 半田市,,"月給:25万円~+交通費全額支給

※経験に応じて決定いたします。

# 昇給あり
# 賞与あり
# 残業代100%支給
# 交通費支給","・社会保険完備（雇用・労災・健康・厚生年金）
・残業手当・深夜手当・休日出勤手当（実働時間に応じて支給）
・確定拠出年金制度（企業型）
・定期健康診断・インフルエンザ予防接種費用補助
・特別休暇（慶弔休暇）
・産前産後休暇・育児休業・介護休業
・資格取得支援制度（フォークリフト・自主保全士など）
・家具家電付き社員寮制度（勤務地による・規定あり）
・制服貸与
・社員持株会
・福利厚生サービス（レジャー・飲食の優待割引、保養施設）
・団体長期障害所得補償保険（GLTD）","【応募前の「気になる」にお答えします】

Q. 面接は堅苦しいですか？
A. いいえ。カジュアル面談を1回行うだけです。服装も自由、履歴書も任意です。

Q. 応募してからどのくらいで決まりますか？
A. 3ステップで進みます。
▶ STEP1 WEBから応募（1分）→ 1〜3日以内にご連絡
▶ STEP2 カジュアル面談（1回のみ）
▶ STEP3 採用

Q. すぐには入社できないのですが…
A. 入社日はご相談いただけます。今のお仕事の引き継ぎ期間なども考慮します。",,即日勤務OK、交通費支給、残業なし,2,任意,生年月日、性別、電話番号,ntf-indeedapplicant-aaaatulx77tci2k2pr5yeqapva@shukatsu-labo.slack.com,,,利用しない,,
募集中,日本マニュファクチャリングサービス株式会社,未経験｜検品・梱包｜日本マニュファクチャリングサービス株式会社｜安城市（愛知県）,倉庫作業スタッフ,20～30代活躍中◎定時で帰れる｜安城市の物流センターで検品・梱包,,愛知県 安城市,,,正社員,はい,月給,250000,,最低額を表示,なし,,,,,,,固定時間制,160,,厚生年金、健康保険、雇用保険、労災保険,,なし,,,,,,,,,,,,,,,,,,"安城市内および周辺の物流センターで、通販商品や生活雑貨の「検品・梱包」を担当する正社員スタッフの募集です。
冷暖房が効いた清潔な作業場で、商品をひとつずつ確認し、丁寧に箱へ納めていく落ち着いた仕事です。
製造・物流の現場を長年支えてきた当社が、未経験の方を一から育てます。

■ 入社後の1日はこんなイメージです
09:00 朝礼。体調確認と当日の出荷量の共有からスタート
09:15 午前は検品を中心に担当。商品の外観を目視で確認し、傷や汚れがあれば別置きにします
12:00 昼休憩（60分）。お弁当持参の方も、近くで買ってくる方もいます
13:00 午後は梱包を担当。袋詰め、箱詰め、テープ留めの3工程を繰り返します
15:00 小休憩（15分）。自動販売機で飲み物を買って一息
15:15 出荷分の最終チェックと仕分け。全員で協力して当日分を仕上げます
17:45 作業スペースの清掃と日報記入
18:00 定時退勤。残業は月平均6.5時間以内に収まっています

■ 具体的にはこんな商品を扱います
通販サイトで販売されるアパレル商品、生活雑貨、コスメ、文房具が中心です。
・シャツやタオルを畳んで透明袋へ入れる
・コスメの容器にひび割れがないかを目視で確認する
・文房具のセット品を指定の個数で袋詰めする
・箱にラベルを貼り、配送業者ごとの台車に載せる
商品は軽く、作業台の高さも調整されているため、身体への負担を抑えて続けられます。

■ 未経験でも安心の1週間プログラム
・1日目：会社説明、安全講習、作業着の受け取り、作業場の見学
・2日目：先輩の隣で検品の実演を見学し、午後から一緒に作業
・3日目：梱包の袋詰め・箱詰めを先輩と一緒に担当
・4日目：シール貼りと仕分けを一人で担当。先輩は同じ作業台で見守ります
・5日目：検品から仕分けまでの流れを通しで経験
覚えることは3ステップの繰り返しなので、専門知識や資格は不要です。製造現場で人を育ててきた当社ならではの丁寧な立ち上がりを用意しています。

■ 設備・環境のポイント
・冷暖房完備の室内作業で、季節や天候に左右されません
・休憩室には電子レンジ・冷蔵庫・ポットがあり、フリーWi-Fiも使えます
・個人用の鍵付きロッカーを完備
・髪色・ネイル・服装は自由。清潔感があれば普段のスタイルのままで大丈夫です

■ 愛知県安城市で働く
自動車関連の製造業が盛んな西三河の街で、物流拠点も多く集まっています。
JR東海道線の安城駅・三河安城駅（新幹線停車）と名鉄の新安城駅が利用できます。
安城市周辺で「通勤時間を抑えて安定した正社員の仕事に就きたい」という方に、当社の検品・梱包はぴったりの選択肢です。

「難しいことはできないけれど、コツコツ続けることは得意」という方を、当社は大切にしています。まずはお気軽にご応募ください。","【当社の検品・梱包が選ばれる理由】

✅ 覚えることは少なく、教え方は丁寧に
製造現場で人を育ててきた当社では、専任の先輩がマンツーマンで隣につきます。最初はシール貼りやダンボールの組み立てといった簡単な工程から始め、1週間でひと通りの流れを経験できるプログラムを用意しています。

✅ 残業は月平均6.5時間以内
出荷量に合わせて人員を配置しているため、定時で帰れる日がほとんどです。仕事の後に予定を入れたり、家でゆっくり過ごしたりする時間をきちんと確保できます。

✅ 重い荷物はほとんどありません
扱うのは衣類・コスメ・文房具・小型雑貨など軽い商品が中心です。重量物の持ち上げや力仕事はほぼなく、身体への負担を抑えて長く続けられます。

✅ 休憩室でしっかりリフレッシュ
昼休憩60分に加えて午後に小休憩があり、集中力を保ちやすいリズムで働けます。休憩室にはポットやフリーWi-Fiもあり、お弁当派にも外食派にも便利です。

✅ 製造・物流の現場を支えてきた会社の正社員
当社は全国の製造現場で人材を育ててきた会社です。検品・梱包からスタートし、経験を積めばリーダーや別工程へのステップアップも目指せます。

✅ 安城市で通いやすい勤務地
JR東海道線の安城駅・三河安城駅（新幹線停車）と名鉄の新安城駅が利用できます。自動車関連の製造業が盛んな西三河の街で、物流拠点も多く集まっています。

まずはカジュアル面談で、職場の雰囲気や1日の流れをお伝えします。ご応募をお待ちしています。","例外事由3号のイにより、長期キャリア形成を図るため、
35歳以下を募集しております。","【勤務時間】
★9:00~18:00
└実働8時間/休憩1時間

定時ダッシュも問題ないです✧
✧ 土日祝休み
✧ 残業月平均:6.5時間以内
✧ 残業代100%支給","✧ 完全週休2日制(土日祝休み)
✧ 年間休日125日
「土日休みはマスト!」ってあなたにも
ぴったりの職場です!

【その他休暇】
✧ 有給休暇
✧ 夏季・冬季休暇
✧ GW休暇
✧ 年末年始休暇",愛知県 安城市,,"月給:25万円~+交通費全額支給

※経験に応じて決定いたします。

# 昇給あり
# 賞与あり
# 残業代100%支給
# 交通費支給","・社会保険完備（雇用・労災・健康・厚生年金）
・残業手当・深夜手当・休日出勤手当（実働時間に応じて支給）
・確定拠出年金制度（企業型）
・定期健康診断・インフルエンザ予防接種費用補助
・特別休暇（慶弔休暇）
・産前産後休暇・育児休業・介護休業
・資格取得支援制度（フォークリフト・自主保全士など）
・家具家電付き社員寮制度（勤務地による・規定あり）
・制服貸与
・社員持株会
・福利厚生サービス（レジャー・飲食の優待割引、保養施設）
・団体長期障害所得補償保険（GLTD）","まずは「話を聞いてみる」だけで大丈夫です。

当社ではカジュアル面談を実施しています。
志望動機や自己PRの準備は不要。
「どんな職場？」「本当に未経験でもできる？」といった疑問に、担当者が率直にお答えします。

■ 応募から入社までの3STEP ■
▶ STEP1 WEB応募（1分）
▶ STEP2 カジュアル面談（1回のみ・1〜3日以内にご連絡）
▶ STEP3 採用・入社日のご相談

入社日は柔軟に調整できます。
「来月から」「今の仕事を辞めてから」など、ご都合をお聞かせください。",,即日勤務OK、交通費支給、残業なし,2,任意,生年月日、性別、電話番号,ntf-indeedapplicant-aaaatulx77tci2k2pr5yeqapva@shukatsu-labo.slack.com,,,利用しない,,
募集中,日本マニュファクチャリングサービス株式会社,未経験｜検品・梱包｜日本マニュファクチャリングサービス株式会社｜豊田市（愛知県）,倉庫作業スタッフ,20～30代活躍中◎土日祝休み・豊田市勤務｜ものづくり企業の軽作業,,愛知県 豊田市,,,正社員,はい,月給,250000,,最低額を表示,なし,,,,,,,固定時間制,160,,厚生年金、健康保険、雇用保険、労災保険,,なし,,,,,,,,,,,,,,,,,,"勤務先は豊田市内および周辺の物流センター。扱うのは衣類・コスメ・文房具・小型雑貨など、手のひらサイズの軽い商品が中心です。
担当していただくのは、届いた商品に不備がないかを確かめ、出荷用の箱に整えて詰める「検品・梱包」の作業。
空調完備の室内で、自分のペースを保ちながら黙々と取り組める環境です。

■ 1日の流れ（9:00〜18:00・休憩1時間）
09:00 朝礼。当日の出荷予定と担当エリアを確認し、作業台へ移動します
09:15 午前の検品。入荷した商品を納品書と照らし合わせ、外観と数量をチェック
12:00 昼休憩（60分）。休憩室でゆっくり昼食をとります
13:00 午後の梱包。検品を終えた商品を袋詰めし、サイズに合った箱に納めます
15:00 小休憩（15分）。水分補給と軽いストレッチでリフレッシュ
15:15 ラベル貼りと出荷先ごとの仕分け。台車で所定の場所へ運びます
17:40 作業台の整理整頓と翌日の準備
18:00 退勤。残業は月平均6.5時間以内で、定時に帰れる日がほとんどです

■ 具体的にはこんな商品を扱います
通販サイトで販売されるアパレル商品、生活雑貨、コスメ、文房具が中心です。
・シャツやタオルを畳んで透明袋へ入れる
・コスメの容器にひび割れがないかを目視で確認する
・文房具のセット品を指定の個数で袋詰めする
・箱にラベルを貼り、配送業者ごとの台車に載せる
商品は軽く、作業台の高さも調整されているため、身体への負担を抑えて続けられます。

■ 入社後1週間の流れ
1日目：オリエンテーション。安全ルール、勤怠の付け方、作業場の設備を案内します
2〜3日目：先輩スタッフがマンツーマンで隣につき、検品の見方と梱包の手順を実演しながら教えます
4〜5日目：シール貼りやダンボールの組み立てなど簡単な工程から一人で担当。分からないことはその場で質問できます
1週間後：検品・梱包の一連の流れをひと通り経験し、自分のペースで進められるようになります
当社は製造現場の教育に長年取り組んできた会社です。「早ければ半日、遅くとも2〜3日で一人立ち」が現場の平均的な目安ですが、慣れるまでは焦らず伴走します。

■ 働く環境について
作業場は1年を通して空調が効いており、汗だくになったり手がかじかんだりする心配はありません。
休憩室は広く、電子レンジや冷蔵庫、自動販売機が揃っています。昼休憩は各自のペースで過ごしています。
鍵付きロッカーを用意しているので、貴重品の管理も安心です。
服装や髪色は自由で、自分らしいスタイルのまま通勤できます。

■ 愛知県豊田市で働く
自動車産業の中心地で、関連部品や資材を扱う物流の現場が数多くある街です。
名鉄三河線・豊田線の豊田市駅と愛知環状鉄道の新豊田駅が最寄りで、東名の豊田ICも近い立地です。
豊田市周辺で「通勤時間を抑えて安定した正社員の仕事に就きたい」という方に、当社の検品・梱包はぴったりの選択肢です。

製造・物流の現場を支えてきた当社で、あなたのペースで一歩を踏み出してください。ご応募をお待ちしています。","【豊田市で働くならここがポイント】

✅ 先輩スタッフの9割以上が未経験からのスタート
「商品を手に取る」「傷がないか見る」「箱に入れる」の3ステップが仕事の基本です。複雑な機械操作や専門用語はなく、入社初日は安全講習とオリエンテーションから始まるので、初めての正社員でも安心してスタートできます。

✅ 土日祝休み・年間休日125日
完全週休2日制で、カレンダー通りに休めます。夏季・冬季休暇、GW、年末年始のまとまった休みもあり、予定を立てやすい働き方です。

✅ 重い荷物はほとんどありません
扱うのは衣類・コスメ・文房具・小型雑貨など軽い商品が中心です。重量物の持ち上げや力仕事はほぼなく、身体への負担を抑えて長く続けられます。

✅ 休憩室でしっかりリフレッシュ
昼休憩60分に加えて午後に小休憩があり、集中力を保ちやすいリズムで働けます。休憩室にはポットやフリーWi-Fiもあり、お弁当派にも外食派にも便利です。

✅ 相談しやすい体制
配属先にはリーダーが常駐し、定期的な面談で困りごとを聞き取ります。作業のこと、通勤のこと、働き方のこと、何でも相談してください。

✅ 地元豊田市で長く働く
自動車産業の中心地で、関連部品や資材を扱う物流の現場が数多くある街です。名鉄三河線・豊田線の豊田市駅と愛知環状鉄道の新豊田駅が最寄りで、東名の豊田ICも近い立地です。

まずはカジュアル面談で、職場の雰囲気や1日の流れをお伝えします。ご応募をお待ちしています。","例外事由3号のイにより、長期キャリア形成を図るため、
35歳以下を募集しております。","【勤務時間】
★9:00~18:00
└実働8時間/休憩1時間

定時ダッシュも問題ないです✧
✧ 土日祝休み
✧ 残業月平均:6.5時間以内
✧ 残業代100%支給","✧ 完全週休2日制(土日祝休み)
✧ 年間休日125日
「土日休みはマスト!」ってあなたにも
ぴったりの職場です!

【その他休暇】
✧ 有給休暇
✧ 夏季・冬季休暇
✧ GW休暇
✧ 年末年始休暇",愛知県 豊田市,,"月給:25万円~+交通費全額支給

※経験に応じて決定いたします。

# 昇給あり
# 賞与あり
# 残業代100%支給
# 交通費支給","・社会保険完備（雇用・労災・健康・厚生年金）
・残業手当・深夜手当・休日出勤手当（実働時間に応じて支給）
・確定拠出年金制度（企業型）
・定期健康診断・インフルエンザ予防接種費用補助
・特別休暇（慶弔休暇）
・産前産後休暇・育児休業・介護休業
・資格取得支援制度（フォークリフト・自主保全士など）
・家具家電付き社員寮制度（勤務地による・規定あり）
・制服貸与
・社員持株会
・福利厚生サービス（レジャー・飲食の優待割引、保養施設）
・団体長期障害所得補償保険（GLTD）","【最短スケジュールのイメージ】

▶ STEP1 今日：WEBから1分で応募
▶ STEP2 1〜3日後：担当者からご連絡 → カジュアル面談の日程調整
▶ STEP3 面談当日：カジュアル面談（1回のみ）→ 採用のご連絡

面談では、職場の雰囲気・1日の流れ・通勤のことなど、
気になることを何でも聞いてください。

✧ 入社日はご相談いただけます ✧
「すぐ働きたい」「少し先がいい」どちらのご希望にも対応します。",,即日勤務OK、交通費支給、残業なし,2,任意,生年月日、性別、電話番号,ntf-indeedapplicant-aaaatulx77tci2k2pr5yeqapva@shukatsu-labo.slack.com,,,利用しない,,
募集中,日本マニュファクチャリングサービス株式会社,未経験｜検品・梱包｜日本マニュファクチャリングサービス株式会社｜名古屋市熱田区（愛知県）,倉庫作業スタッフ,20～30代活躍中◎重い荷物なし｜名古屋市熱田区で始める検品・梱包の正社員,,愛知県 名古屋市 熱田区,,,正社員,はい,月給,250000,,最低額を表示,なし,,,,,,,固定時間制,160,,厚生年金、健康保険、雇用保険、労災保険,,なし,,,,,,,,,,,,,,,,,,"「ものづくりの現場を支える仕事を、正社員として腰を据えて続けたい」という方へ。
名古屋市熱田区内および周辺の物流センターで、商品の検品と梱包を担当するスタッフを募集します。
空調の効いた清潔な作業場で、座り作業と立ち作業を組み合わせながら無理なく進められる仕事です。

■ ある1日のスケジュール（日勤・実働8時間）
09:00 出勤・朝礼。リーダーから本日の作業内容と注意点の共有があります
09:10 検品スタート。ハンディ端末でバーコードを読み取り、品番と数量を照合
10:30 小休憩（10分）
12:00 昼休憩（60分）。電子レンジ・冷蔵庫のある休憩室で昼食
13:00 梱包作業。緩衝材で商品を包み、ダンボールを組み立てて詰めていきます
15:00 小休憩（15分）
15:15 出荷準備。伝票シールを貼り、配送業者ごとにコンテナへ仕分け
17:45 清掃・翌日分の資材補充
18:00 退勤。土日祝はお休みで、翌日の予定も立てやすい働き方です

■ 主な作業内容
・検品：入荷した商品の外観チェック（傷・汚れ・パッケージのへこみ）と数量・品番の照合
・スキャン：バーコードリーダーで商品を読み取り、データと突き合わせます
・梱包：袋詰め、緩衝材包装、ダンボールの組み立てと箱詰め、テープ留め
・仕上げ：ラベル貼りと配送地域別の仕分け
扱うのはアパレル商品、コスメ、文房具、小型雑貨など。どれも軽く、繰り返しの中で自然と手順が身につく作業です。

■ 教育・研修体制
入社初日は安全講習とオリエンテーションから始まり、いきなり現場に出ることはありません。
2日目以降は専任の先輩スタッフが隣について、検品・梱包の手順を実際にやって見せながら説明します。
最初の1週間は「見る→一緒にやる→一人でやる」の順で少しずつ担当を広げ、1週間後にはひと通りの作業を経験できるスケジュールです。
リーダーは常に作業場内にいるため、「これはどこに置くのでしたか」といった質問もすぐに解決できます。

■ 設備・環境のポイント
・冷暖房完備の室内作業で、季節や天候に左右されません
・休憩室には電子レンジ・冷蔵庫・ポットがあり、フリーWi-Fiも使えます
・個人用の鍵付きロッカーを完備
・髪色・ネイル・服装は自由。清潔感があれば普段のスタイルのままで大丈夫です

■ 名古屋市熱田区の拠点ならではの一言
JR・名鉄・地下鉄が集まる金山駅が最寄りで、名古屋駅からも2駅の好立地です。
熱田神宮で知られる歴史ある街で、交通の便が良く通勤しやすい地域です。
当社は愛知県内に複数の勤務先を持っているため、ご自宅からの通いやすさも考慮して配属先を相談できます。

「難しいことはできないけれど、コツコツ続けることは得意」という方を、当社は大切にしています。まずはお気軽にご応募ください。","【当社の検品・梱包が選ばれる理由】

✅ 先輩スタッフの9割以上が未経験からのスタート
「商品を手に取る」「傷がないか見る」「箱に入れる」の3ステップが仕事の基本です。複雑な機械操作や専門用語はなく、入社初日は安全講習とオリエンテーションから始まるので、初めての正社員でも安心してスタートできます。

✅ 平日は定時、週末はしっかり休む
9:00〜18:00の固定時間制で、生活リズムが安定します。土日祝はお休みなので、家族や友人と予定を合わせやすいのも魅力です。

✅ 自分のペースで黙々と進められる仕事
ノルマに追われることはなく、接客もありません。「一人で集中して作業したい」「人間関係のストレスを減らしたい」という方にこそ向いている環境です。

✅ 髪色・ネイル・服装は自由
清潔感があれば普段のスタイルのままで大丈夫です。動きやすい服装で通勤し、現場のルールに沿って作業します。

✅ 安定した雇用と福利厚生
正社員としての雇用に加え、社会保険完備、定期健康診断、資格取得支援などの制度があります。「腰を据えて働きたい」という希望に応えられる環境です。

✅ 地元名古屋市熱田区で長く働く
熱田神宮で知られる歴史ある街で、交通の便が良く通勤しやすい地域です。JR・名鉄・地下鉄が集まる金山駅が最寄りで、名古屋駅からも2駅の好立地です。

「自分にもできそう」と思えたら、それがスタートの合図です。お気軽にご応募ください。","例外事由3号のイにより、長期キャリア形成を図るため、
35歳以下を募集しております。","【勤務時間】
★9:00~18:00
└実働8時間/休憩1時間

定時ダッシュも問題ないです✧
✧ 土日祝休み
✧ 残業月平均:6.5時間以内
✧ 残業代100%支給","✧ 完全週休2日制(土日祝休み)
✧ 年間休日125日
「土日休みはマスト!」ってあなたにも
ぴったりの職場です!

【その他休暇】
✧ 有給休暇
✧ 夏季・冬季休暇
✧ GW休暇
✧ 年末年始休暇",愛知県 名古屋市 熱田区,,"月給:25万円~+交通費全額支給

※経験に応じて決定いたします。

# 昇給あり
# 賞与あり
# 残業代100%支給
# 交通費支給","・社会保険完備（雇用・労災・健康・厚生年金）
・残業手当・深夜手当・休日出勤手当（実働時間に応じて支給）
・確定拠出年金制度（企業型）
・定期健康診断・インフルエンザ予防接種費用補助
・特別休暇（慶弔休暇）
・産前産後休暇・育児休業・介護休業
・資格取得支援制度（フォークリフト・自主保全士など）
・家具家電付き社員寮制度（勤務地による・規定あり）
・制服貸与
・社員持株会
・福利厚生サービス（レジャー・飲食の優待割引、保養施設）
・団体長期障害所得補償保険（GLTD）","■ 選考について ■
・カジュアル面談：1回のみ（服装自由・履歴書任意）
・応募から面談まで：WEB応募後、1〜3日以内にご連絡
・入社日：ご相談のうえ決定

■ 応募からの流れ ■
▶ STEP1 WEBから1分で応募
▶ STEP2 カジュアル面談（1回のみ）
▶ STEP3 採用

「まずは話だけ聞いてみたい」という方も、そのままご応募ください。
面談で無理に応募を勧めることはありません。",,即日勤務OK、交通費支給、残業なし,2,任意,生年月日、性別、電話番号,ntf-indeedapplicant-aaaatulx77tci2k2pr5yeqapva@shukatsu-labo.slack.com,,,利用しない,,
募集中,日本マニュファクチャリングサービス株式会社,未経験｜検品・梱包｜日本マニュファクチャリングサービス株式会社｜名古屋市港区（愛知県）,倉庫作業スタッフ,20～30代活躍中◎名古屋市港区｜先輩の9割が未経験スタートの検品・梱包,,愛知県 名古屋市 港区,,,正社員,はい,月給,250000,,最低額を表示,なし,,,,,,,固定時間制,160,,厚生年金、健康保険、雇用保険、労災保険,,なし,,,,,,,,,,,,,,,,,,"愛知県名古屋市港区エリアで、検品・梱包の正社員スタッフを募集します。
勤務先は名古屋市港区内および周辺の物流センター。商品にキズや汚れがないかを目で確かめ、数を合わせ、袋や箱に丁寧に納める作業が中心です。
1年を通して快適な温度に保たれた室内作業で、当社の先輩スタッフが隣で手順を教えます。

■ 入社後の1日はこんなイメージです
09:00 朝礼。体調確認と当日の出荷量の共有からスタート
09:15 午前は検品を中心に担当。商品の外観を目視で確認し、傷や汚れがあれば別置きにします
12:00 昼休憩（60分）。お弁当持参の方も、近くで買ってくる方もいます
13:00 午後は梱包を担当。袋詰め、箱詰め、テープ留めの3工程を繰り返します
15:00 小休憩（15分）。自動販売機で飲み物を買って一息
15:15 出荷分の最終チェックと仕分け。全員で協力して当日分を仕上げます
17:45 作業スペースの清掃と日報記入
18:00 定時退勤。残業は月平均6.5時間以内に収まっています

■ 扱う商品と作業の具体例
・衣類・タオルなどの布製品：ほつれや汚れがないか確認し、専用の透明袋に入れます
・コスメ・ガラス製の小物：割れやすいため、緩衝材で包んでから箱に納めます
・文房具・生活雑貨：品番と個数を納品書と照合し、まとめて袋詰めします
・出荷前の箱：伝票シールと「割れ物注意」「水濡れ厳禁」などの注意シールを所定位置に貼ります
いずれも手のひらから両手で持てる大きさの商品で、重量物の持ち上げはありません。

■ 未経験でも安心の1週間プログラム
・1日目：会社説明、安全講習、作業着の受け取り、作業場の見学
・2日目：先輩の隣で検品の実演を見学し、午後から一緒に作業
・3日目：梱包の袋詰め・箱詰めを先輩と一緒に担当
・4日目：シール貼りと仕分けを一人で担当。先輩は同じ作業台で見守ります
・5日目：検品から仕分けまでの流れを通しで経験
覚えることは3ステップの繰り返しなので、専門知識や資格は不要です。製造現場で人を育ててきた当社ならではの丁寧な立ち上がりを用意しています。

■ 職場環境
・空調完備：冷暖房が効いた清潔な室内で、夏も冬も快適に作業できます
・休憩室：電子レンジ・冷蔵庫・ポット・自動販売機を完備。お弁当持参でもゆっくり過ごせます
・ロッカー：鍵付きの個人ロッカーがあり、私物を安心して預けられます
・服装：髪色・ネイルは自由。動きやすい服装で通勤し、現場のルールに沿って作業します

■ 名古屋市港区の拠点ならではの一言
地下鉄名港線・あおなみ線が利用でき、名古屋駅方面からも通いやすい立地です。
名古屋港を抱える港湾物流の中心地で、輸入品や日用品を扱う倉庫が多いエリアです。
当社は愛知県内に複数の勤務先を持っているため、ご自宅からの通いやすさも考慮して配属先を相談できます。

製造・物流の現場を支えてきた当社で、あなたのペースで一歩を踏み出してください。ご応募をお待ちしています。","【名古屋市港区で働くならここがポイント】

✅ 資格・経験・学歴は問いません
必要なのは「丁寧に確認する姿勢」だけ。検品の見方、梱包の手順はすべて入社後にお伝えします。フォークリフトなどの資格取得を目指したい方には支援制度もあり、長く働くほど仕事の幅が広がります。

✅ 土日祝休み・年間休日125日
完全週休2日制で、カレンダー通りに休めます。夏季・冬季休暇、GW、年末年始のまとまった休みもあり、予定を立てやすい働き方です。

✅ 自分のペースで黙々と進められる仕事
ノルマに追われることはなく、接客もありません。「一人で集中して作業したい」「人間関係のストレスを減らしたい」という方にこそ向いている環境です。

✅ 髪色・ネイル・服装は自由
清潔感があれば普段のスタイルのままで大丈夫です。動きやすい服装で通勤し、現場のルールに沿って作業します。

✅ 製造・物流の現場を支えてきた会社の正社員
当社は全国の製造現場で人材を育ててきた会社です。検品・梱包からスタートし、経験を積めばリーダーや別工程へのステップアップも目指せます。

✅ 地元名古屋市港区で長く働く
名古屋港を抱える港湾物流の中心地で、輸入品や日用品を扱う倉庫が多いエリアです。地下鉄名港線・あおなみ線が利用でき、名古屋駅方面からも通いやすい立地です。

まずはカジュアル面談で、職場の雰囲気や1日の流れをお伝えします。ご応募をお待ちしています。","例外事由3号のイにより、長期キャリア形成を図るため、
35歳以下を募集しております。","【勤務時間】
★9:00~18:00
└実働8時間/休憩1時間

定時ダッシュも問題ないです✧
✧ 土日祝休み
✧ 残業月平均:6.5時間以内
✧ 残業代100%支給","✧ 完全週休2日制(土日祝休み)
✧ 年間休日125日
「土日休みはマスト!」ってあなたにも
ぴったりの職場です!

【その他休暇】
✧ 有給休暇
✧ 夏季・冬季休暇
✧ GW休暇
✧ 年末年始休暇",愛知県 名古屋市 港区,,"月給:25万円~+交通費全額支給

※経験に応じて決定いたします。

# 昇給あり
# 賞与あり
# 残業代100%支給
# 交通費支給","・社会保険完備（雇用・労災・健康・厚生年金）
・残業手当・深夜手当・休日出勤手当（実働時間に応じて支給）
・確定拠出年金制度（企業型）
・定期健康診断・インフルエンザ予防接種費用補助
・特別休暇（慶弔休暇）
・産前産後休暇・育児休業・介護休業
・資格取得支援制度（フォークリフト・自主保全士など）
・家具家電付き社員寮制度（勤務地による・規定あり）
・制服貸与
・社員持株会
・福利厚生サービス（レジャー・飲食の優待割引、保養施設）
・団体長期障害所得補償保険（GLTD）","✧ カジュアル面談実施中です ✧

応募に必要なのは人柄だけ。
まずはあなたのご希望を聞かせてください。

■ 応募からの流れ ■
▶ STEP1 WEBから1分で簡単応募
1〜3日以内に担当者からご連絡します。
▶ STEP2 カジュアル面談（1回のみ）
職場の雰囲気や1日の流れをお伝えし、ご希望を伺います。
▶ STEP3 採用

※入社日はご相談いただけます◎
在職中の方も、お気軽にご相談ください。",,即日勤務OK、交通費支給、残業なし,2,任意,生年月日、性別、電話番号,ntf-indeedapplicant-aaaatulx77tci2k2pr5yeqapva@shukatsu-labo.slack.com,,,利用しない,,
募集中,日本マニュファクチャリングサービス株式会社,未経験｜検品・梱包｜日本マニュファクチャリングサービス株式会社｜名古屋市（愛知県）,倉庫作業スタッフ,20～30代活躍中◎未経験から製造のプロへ｜名古屋市の検品・梱包スタッフ,,愛知県 名古屋市,,,正社員,はい,月給,250000,,最低額を表示,なし,,,,,,,固定時間制,160,,厚生年金、健康保険、雇用保険、労災保険,,なし,,,,,,,,,,,,,,,,,,"名古屋市内および周辺の物流センターで、通販商品や生活雑貨の「検品・梱包」を担当する正社員スタッフの募集です。
冷暖房が効いた清潔な作業場で、商品をひとつずつ確認し、丁寧に箱へ納めていく落ち着いた仕事です。
製造・物流の現場を長年支えてきた当社が、未経験の方を一から育てます。

■ ある1日のスケジュール（日勤・実働8時間）
09:00 出勤・朝礼。リーダーから本日の作業内容と注意点の共有があります
09:10 検品スタート。ハンディ端末でバーコードを読み取り、品番と数量を照合
10:30 小休憩（10分）
12:00 昼休憩（60分）。電子レンジ・冷蔵庫のある休憩室で昼食
13:00 梱包作業。緩衝材で商品を包み、ダンボールを組み立てて詰めていきます
15:00 小休憩（15分）
15:15 出荷準備。伝票シールを貼り、配送業者ごとにコンテナへ仕分け
17:45 清掃・翌日分の資材補充
18:00 退勤。土日祝はお休みで、翌日の予定も立てやすい働き方です

■ 扱う商品と作業の具体例
・衣類・タオルなどの布製品：ほつれや汚れがないか確認し、専用の透明袋に入れます
・コスメ・ガラス製の小物：割れやすいため、緩衝材で包んでから箱に納めます
・文房具・生活雑貨：品番と個数を納品書と照合し、まとめて袋詰めします
・出荷前の箱：伝票シールと「割れ物注意」「水濡れ厳禁」などの注意シールを所定位置に貼ります
いずれも手のひらから両手で持てる大きさの商品で、重量物の持ち上げはありません。

■ 入社後1週間の流れ
1日目：オリエンテーション。安全ルール、勤怠の付け方、作業場の設備を案内します
2〜3日目：先輩スタッフがマンツーマンで隣につき、検品の見方と梱包の手順を実演しながら教えます
4〜5日目：シール貼りやダンボールの組み立てなど簡単な工程から一人で担当。分からないことはその場で質問できます
1週間後：検品・梱包の一連の流れをひと通り経験し、自分のペースで進められるようになります
当社は製造現場の教育に長年取り組んできた会社です。「早ければ半日、遅くとも2〜3日で一人立ち」が現場の平均的な目安ですが、慣れるまでは焦らず伴走します。

■ 設備・環境のポイント
・冷暖房完備の室内作業で、季節や天候に左右されません
・休憩室には電子レンジ・冷蔵庫・ポットがあり、フリーWi-Fiも使えます
・個人用の鍵付きロッカーを完備
・髪色・ネイル・服装は自由。清潔感があれば普段のスタイルのままで大丈夫です

■ 愛知県名古屋市で働く
中部地方最大の都市で、周辺には自動車関連や生活雑貨の物流拠点が多く集まっています。
JR・名鉄・近鉄・地下鉄各線が利用でき、県内外どこからでも通いやすい地域です。
名古屋市周辺で「通勤時間を抑えて安定した正社員の仕事に就きたい」という方に、当社の検品・梱包はぴったりの選択肢です。

製造・物流の現場を支えてきた当社で、あなたのペースで一歩を踏み出してください。ご応募をお待ちしています。","【当社の検品・梱包が選ばれる理由】

✅ 資格・経験・学歴は問いません
必要なのは「丁寧に確認する姿勢」だけ。検品の見方、梱包の手順はすべて入社後にお伝えします。フォークリフトなどの資格取得を目指したい方には支援制度もあり、長く働くほど仕事の幅が広がります。

✅ 平日は定時、週末はしっかり休む
9:00〜18:00の固定時間制で、生活リズムが安定します。土日祝はお休みなので、家族や友人と予定を合わせやすいのも魅力です。

✅ 重い荷物はほとんどありません
扱うのは衣類・コスメ・文房具・小型雑貨など軽い商品が中心です。重量物の持ち上げや力仕事はほぼなく、身体への負担を抑えて長く続けられます。

✅ 髪色・ネイル・服装は自由
清潔感があれば普段のスタイルのままで大丈夫です。動きやすい服装で通勤し、現場のルールに沿って作業します。

✅ 相談しやすい体制
配属先にはリーダーが常駐し、定期的な面談で困りごとを聞き取ります。作業のこと、通勤のこと、働き方のこと、何でも相談してください。

✅ 名古屋市で通いやすい勤務地
JR・名鉄・近鉄・地下鉄各線が利用でき、県内外どこからでも通いやすい地域です。中部地方最大の都市で、周辺には自動車関連や生活雑貨の物流拠点が多く集まっています。

「自分にもできそう」と思えたら、それがスタートの合図です。お気軽にご応募ください。","例外事由3号のイにより、長期キャリア形成を図るため、
35歳以下を募集しております。","【勤務時間】
★9:00~18:00
└実働8時間/休憩1時間

定時ダッシュも問題ないです✧
✧ 土日祝休み
✧ 残業月平均:6.5時間以内
✧ 残業代100%支給","✧ 完全週休2日制(土日祝休み)
✧ 年間休日125日
「土日休みはマスト!」ってあなたにも
ぴったりの職場です!

【その他休暇】
✧ 有給休暇
✧ 夏季・冬季休暇
✧ GW休暇
✧ 年末年始休暇",愛知県 名古屋市,,"月給:25万円~+交通費全額支給

※経験に応じて決定いたします。

# 昇給あり
# 賞与あり
# 残業代100%支給
# 交通費支給","・社会保険完備（雇用・労災・健康・厚生年金）
・残業手当・深夜手当・休日出勤手当（実働時間に応じて支給）
・確定拠出年金制度（企業型）
・定期健康診断・インフルエンザ予防接種費用補助
・特別休暇（慶弔休暇）
・産前産後休暇・育児休業・介護休業
・資格取得支援制度（フォークリフト・自主保全士など）
・家具家電付き社員寮制度（勤務地による・規定あり）
・制服貸与
・社員持株会
・福利厚生サービス（レジャー・飲食の優待割引、保養施設）
・団体長期障害所得補償保険（GLTD）","【応募前の「気になる」にお答えします】

Q. 面接は堅苦しいですか？
A. いいえ。カジュアル面談を1回行うだけです。服装も自由、履歴書も任意です。

Q. 応募してからどのくらいで決まりますか？
A. 3ステップで進みます。
▶ STEP1 WEBから応募（1分）→ 1〜3日以内にご連絡
▶ STEP2 カジュアル面談（1回のみ）
▶ STEP3 採用

Q. すぐには入社できないのですが…
A. 入社日はご相談いただけます。今のお仕事の引き継ぎ期間なども考慮します。",,即日勤務OK、交通費支給、残業なし,2,任意,生年月日、性別、電話番号,ntf-indeedapplicant-aaaatulx77tci2k2pr5yeqapva@shukatsu-labo.slack.com,,,利用しない,,
募集中,日本マニュファクチャリングサービス株式会社,未経験｜検品・梱包｜日本マニュファクチャリングサービス株式会社｜山武郡芝山町（千葉県）,倉庫作業スタッフ,20～30代活躍中◎芝山町｜黙々作業が好きな方に向く検品・梱包,,千葉県 山武郡 芝山町,,,正社員,はい,月給,250000,,最低額を表示,なし,,,,,,,固定時間制,160,,厚生年金、健康保険、雇用保険、労災保険,,なし,,,,,,,,,,,,,,,,,,"勤務先は芝山町内および周辺の物流センター。扱うのは衣類・コスメ・文房具・小型雑貨など、手のひらサイズの軽い商品が中心です。
担当していただくのは、届いた商品に不備がないかを確かめ、出荷用の箱に整えて詰める「検品・梱包」の作業。
空調完備の室内で、自分のペースを保ちながら黙々と取り組める環境です。

■ 入社後の1日はこんなイメージです
09:00 朝礼。体調確認と当日の出荷量の共有からスタート
09:15 午前は検品を中心に担当。商品の外観を目視で確認し、傷や汚れがあれば別置きにします
12:00 昼休憩（60分）。お弁当持参の方も、近くで買ってくる方もいます
13:00 午後は梱包を担当。袋詰め、箱詰め、テープ留めの3工程を繰り返します
15:00 小休憩（15分）。自動販売機で飲み物を買って一息
15:15 出荷分の最終チェックと仕分け。全員で協力して当日分を仕上げます
17:45 作業スペースの清掃と日報記入
18:00 定時退勤。残業は月平均6.5時間以内に収まっています

■ 作業の流れ（3ステップ）
1. 検品：商品を手に取り、傷・汚れ・数量を確認します。迷ったら「保留」の箱に入れてリーダーに確認するだけです
2. 梱包：商品に合わせて袋・緩衝材・箱を選び、動かないように納めてテープで封をします
3. 仕分け：伝票シールを貼り、配送地域ごとに分けられたコンテナへ移します
扱う商品は衣類・雑貨・コスメ・文房具などの軽いものが中心で、フォークリフトなどの機械操作はありません。

■ 入社後1週間の流れ
1日目：オリエンテーション。安全ルール、勤怠の付け方、作業場の設備を案内します
2〜3日目：先輩スタッフがマンツーマンで隣につき、検品の見方と梱包の手順を実演しながら教えます
4〜5日目：シール貼りやダンボールの組み立てなど簡単な工程から一人で担当。分からないことはその場で質問できます
1週間後：検品・梱包の一連の流れをひと通り経験し、自分のペースで進められるようになります
当社は製造現場の教育に長年取り組んできた会社です。「早ければ半日、遅くとも2〜3日で一人立ち」が現場の平均的な目安ですが、慣れるまでは焦らず伴走します。

■ 職場環境
・空調完備：冷暖房が効いた清潔な室内で、夏も冬も快適に作業できます
・休憩室：電子レンジ・冷蔵庫・ポット・自動販売機を完備。お弁当持参でもゆっくり過ごせます
・ロッカー：鍵付きの個人ロッカーがあり、私物を安心して預けられます
・服装：髪色・ネイルは自由。動きやすい服装で通勤し、現場のルールに沿って作業します

■ 千葉県芝山町で働く
成田空港に隣接し、航空貨物を扱う物流施設が集まる地域です。
芝山鉄道の芝山千代田駅が最寄りで、成田空港からもすぐの立地です。
芝山町周辺で「通勤時間を抑えて安定した正社員の仕事に就きたい」という方に、当社の検品・梱包はぴったりの選択肢です。

「難しいことはできないけれど、コツコツ続けることは得意」という方を、当社は大切にしています。まずはお気軽にご応募ください。","【芝山町で働くならここがポイント】

✅ 覚えることは少なく、教え方は丁寧に
製造現場で人を育ててきた当社では、専任の先輩がマンツーマンで隣につきます。最初はシール貼りやダンボールの組み立てといった簡単な工程から始め、1週間でひと通りの流れを経験できるプログラムを用意しています。

✅ 残業は月平均6.5時間以内
出荷量に合わせて人員を配置しているため、定時で帰れる日がほとんどです。仕事の後に予定を入れたり、家でゆっくり過ごしたりする時間をきちんと確保できます。

✅ 重い荷物はほとんどありません
扱うのは衣類・コスメ・文房具・小型雑貨など軽い商品が中心です。重量物の持ち上げや力仕事はほぼなく、身体への負担を抑えて長く続けられます。

✅ 髪色・ネイル・服装は自由
清潔感があれば普段のスタイルのままで大丈夫です。動きやすい服装で通勤し、現場のルールに沿って作業します。

✅ 安定した雇用と福利厚生
正社員としての雇用に加え、社会保険完備、定期健康診断、資格取得支援などの制度があります。「腰を据えて働きたい」という希望に応えられる環境です。

✅ 芝山町で通いやすい勤務地
芝山鉄道の芝山千代田駅が最寄りで、成田空港からもすぐの立地です。成田空港に隣接し、航空貨物を扱う物流施設が集まる地域です。

まずはカジュアル面談で、職場の雰囲気や1日の流れをお伝えします。ご応募をお待ちしています。","例外事由3号のイにより、長期キャリア形成を図るため、
35歳以下を募集しております。","【勤務時間】
★9:00~18:00
└実働8時間/休憩1時間

定時ダッシュも問題ないです✧
✧ 土日祝休み
✧ 残業月平均:6.5時間以内
✧ 残業代100%支給","✧ 完全週休2日制(土日祝休み)
✧ 年間休日125日
「土日休みはマスト!」ってあなたにも
ぴったりの職場です!

【その他休暇】
✧ 有給休暇
✧ 夏季・冬季休暇
✧ GW休暇
✧ 年末年始休暇",千葉県 山武郡 芝山町,,"月給:25万円~+交通費全額支給

※経験に応じて決定いたします。

# 昇給あり
# 賞与あり
# 残業代100%支給
# 交通費支給","・社会保険完備（雇用・労災・健康・厚生年金）
・残業手当・深夜手当・休日出勤手当（実働時間に応じて支給）
・確定拠出年金制度（企業型）
・定期健康診断・インフルエンザ予防接種費用補助
・特別休暇（慶弔休暇）
・産前産後休暇・育児休業・介護休業
・資格取得支援制度（フォークリフト・自主保全士など）
・家具家電付き社員寮制度（勤務地による・規定あり）
・制服貸与
・社員持株会
・福利厚生サービス（レジャー・飲食の優待割引、保養施設）
・団体長期障害所得補償保険（GLTD）","まずは「話を聞いてみる」だけで大丈夫です。

当社ではカジュアル面談を実施しています。
志望動機や自己PRの準備は不要。
「どんな職場？」「本当に未経験でもできる？」といった疑問に、担当者が率直にお答えします。

■ 応募から入社までの3STEP ■
▶ STEP1 WEB応募（1分）
▶ STEP2 カジュアル面談（1回のみ・1〜3日以内にご連絡）
▶ STEP3 採用・入社日のご相談

入社日は柔軟に調整できます。
「来月から」「今の仕事を辞めてから」など、ご都合をお聞かせください。",,即日勤務OK、交通費支給、残業なし,2,任意,生年月日、性別、電話番号,ntf-indeedapplicant-aaaatulx77tci2k2pr5yeqapva@shukatsu-labo.slack.com,,,利用しない,,
募集中,日本マニュファクチャリングサービス株式会社,未経験｜検品・梱包｜日本マニュファクチャリングサービス株式会社｜香取市（千葉県）,倉庫作業スタッフ,20～30代活躍中◎香取市｜空調完備の倉庫でコツコツ検品・梱包,,千葉県 香取市,,,正社員,はい,月給,250000,,最低額を表示,なし,,,,,,,固定時間制,160,,厚生年金、健康保険、雇用保険、労災保険,,なし,,,,,,,,,,,,,,,,,,"「ものづくりの現場を支える仕事を、正社員として腰を据えて続けたい」という方へ。
香取市内および周辺の物流センターで、商品の検品と梱包を担当するスタッフを募集します。
空調の効いた清潔な作業場で、座り作業と立ち作業を組み合わせながら無理なく進められる仕事です。

■ 1日の流れ（9:00〜18:00・休憩1時間）
09:00 朝礼。当日の出荷予定と担当エリアを確認し、作業台へ移動します
09:15 午前の検品。入荷した商品を納品書と照らし合わせ、外観と数量をチェック
12:00 昼休憩（60分）。休憩室でゆっくり昼食をとります
13:00 午後の梱包。検品を終えた商品を袋詰めし、サイズに合った箱に納めます
15:00 小休憩（15分）。水分補給と軽いストレッチでリフレッシュ
15:15 ラベル貼りと出荷先ごとの仕分け。台車で所定の場所へ運びます
17:40 作業台の整理整頓と翌日の準備
18:00 退勤。残業は月平均6.5時間以内で、定時に帰れる日がほとんどです

■ 作業の流れ（3ステップ）
1. 検品：商品を手に取り、傷・汚れ・数量を確認します。迷ったら「保留」の箱に入れてリーダーに確認するだけです
2. 梱包：商品に合わせて袋・緩衝材・箱を選び、動かないように納めてテープで封をします
3. 仕分け：伝票シールを貼り、配送地域ごとに分けられたコンテナへ移します
扱う商品は衣類・雑貨・コスメ・文房具などの軽いものが中心で、フォークリフトなどの機械操作はありません。

■ 教育・研修体制
入社初日は安全講習とオリエンテーションから始まり、いきなり現場に出ることはありません。
2日目以降は専任の先輩スタッフが隣について、検品・梱包の手順を実際にやって見せながら説明します。
最初の1週間は「見る→一緒にやる→一人でやる」の順で少しずつ担当を広げ、1週間後にはひと通りの作業を経験できるスケジュールです。
リーダーは常に作業場内にいるため、「これはどこに置くのでしたか」といった質問もすぐに解決できます。

■ 働く環境について
作業場は1年を通して空調が効いており、汗だくになったり手がかじかんだりする心配はありません。
休憩室は広く、電子レンジや冷蔵庫、自動販売機が揃っています。昼休憩は各自のペースで過ごしています。
鍵付きロッカーを用意しているので、貴重品の管理も安心です。
服装や髪色は自由で、自分らしいスタイルのまま通勤できます。

■ 香取市の拠点ならではの一言
JR成田線の佐原駅が最寄りで、東関東道の佐原香取ICも利用できます。
水郷の街並みで知られる落ち着いた地域で、周辺に製造・物流の拠点も点在します。
当社は千葉県内に複数の勤務先を持っているため、ご自宅からの通いやすさも考慮して配属先を相談できます。

製造・物流の現場を支えてきた当社で、あなたのペースで一歩を踏み出してください。ご応募をお待ちしています。","【当社の検品・梱包が選ばれる理由】

✅ 覚えることは少なく、教え方は丁寧に
製造現場で人を育ててきた当社では、専任の先輩がマンツーマンで隣につきます。最初はシール貼りやダンボールの組み立てといった簡単な工程から始め、1週間でひと通りの流れを経験できるプログラムを用意しています。

✅ 土日祝休み・年間休日125日
完全週休2日制で、カレンダー通りに休めます。夏季・冬季休暇、GW、年末年始のまとまった休みもあり、予定を立てやすい働き方です。

✅ 重い荷物はほとんどありません
扱うのは衣類・コスメ・文房具・小型雑貨など軽い商品が中心です。重量物の持ち上げや力仕事はほぼなく、身体への負担を抑えて長く続けられます。

✅ 髪色・ネイル・服装は自由
清潔感があれば普段のスタイルのままで大丈夫です。動きやすい服装で通勤し、現場のルールに沿って作業します。

✅ 製造・物流の現場を支えてきた会社の正社員
当社は全国の製造現場で人材を育ててきた会社です。検品・梱包からスタートし、経験を積めばリーダーや別工程へのステップアップも目指せます。

✅ 香取市で通いやすい勤務地
JR成田線の佐原駅が最寄りで、東関東道の佐原香取ICも利用できます。水郷の街並みで知られる落ち着いた地域で、周辺に製造・物流の拠点も点在します。

「自分にもできそう」と思えたら、それがスタートの合図です。お気軽にご応募ください。","例外事由3号のイにより、長期キャリア形成を図るため、
35歳以下を募集しております。","【勤務時間】
★9:00~18:00
└実働8時間/休憩1時間

定時ダッシュも問題ないです✧
✧ 土日祝休み
✧ 残業月平均:6.5時間以内
✧ 残業代100%支給","✧ 完全週休2日制(土日祝休み)
✧ 年間休日125日
「土日休みはマスト!」ってあなたにも
ぴったりの職場です!

【その他休暇】
✧ 有給休暇
✧ 夏季・冬季休暇
✧ GW休暇
✧ 年末年始休暇",千葉県 香取市,,"月給:25万円~+交通費全額支給

※経験に応じて決定いたします。

# 昇給あり
# 賞与あり
# 残業代100%支給
# 交通費支給","・社会保険完備（雇用・労災・健康・厚生年金）
・残業手当・深夜手当・休日出勤手当（実働時間に応じて支給）
・確定拠出年金制度（企業型）
・定期健康診断・インフルエンザ予防接種費用補助
・特別休暇（慶弔休暇）
・産前産後休暇・育児休業・介護休業
・資格取得支援制度（フォークリフト・自主保全士など）
・家具家電付き社員寮制度（勤務地による・規定あり）
・制服貸与
・社員持株会
・福利厚生サービス（レジャー・飲食の優待割引、保養施設）
・団体長期障害所得補償保険（GLTD）","【最短スケジュールのイメージ】

▶ STEP1 今日：WEBから1分で応募
▶ STEP2 1〜3日後：担当者からご連絡 → カジュアル面談の日程調整
▶ STEP3 面談当日：カジュアル面談（1回のみ）→ 採用のご連絡

面談では、職場の雰囲気・1日の流れ・通勤のことなど、
気になることを何でも聞いてください。

✧ 入社日はご相談いただけます ✧
「すぐ働きたい」「少し先がいい」どちらのご希望にも対応します。",,即日勤務OK、交通費支給、残業なし,2,任意,生年月日、性別、電話番号,ntf-indeedapplicant-aaaatulx77tci2k2pr5yeqapva@shukatsu-labo.slack.com,,,利用しない,,
募集中,日本マニュファクチャリングサービス株式会社,未経験｜検品・梱包｜日本マニュファクチャリングサービス株式会社｜印西市（千葉県）,倉庫作業スタッフ,20～30代活躍中◎印西市｜マンツーマン研修で安心の検品・梱包,,千葉県 印西市,,,正社員,はい,月給,250000,,最低額を表示,なし,,,,,,,固定時間制,160,,厚生年金、健康保険、雇用保険、労災保険,,なし,,,,,,,,,,,,,,,,,,"千葉県印西市エリアで、検品・梱包の正社員スタッフを募集します。
勤務先は印西市内および周辺の物流センター。商品にキズや汚れがないかを目で確かめ、数を合わせ、袋や箱に丁寧に納める作業が中心です。
1年を通して快適な温度に保たれた室内作業で、当社の先輩スタッフが隣で手順を教えます。

■ ある1日のスケジュール（日勤・実働8時間）
09:00 出勤・朝礼。リーダーから本日の作業内容と注意点の共有があります
09:10 検品スタート。ハンディ端末でバーコードを読み取り、品番と数量を照合
10:30 小休憩（10分）
12:00 昼休憩（60分）。電子レンジ・冷蔵庫のある休憩室で昼食
13:00 梱包作業。緩衝材で商品を包み、ダンボールを組み立てて詰めていきます
15:00 小休憩（15分）
15:15 出荷準備。伝票シールを貼り、配送業者ごとにコンテナへ仕分け
17:45 清掃・翌日分の資材補充
18:00 退勤。土日祝はお休みで、翌日の予定も立てやすい働き方です

■ 具体的にはこんな商品を扱います
通販サイトで販売されるアパレル商品、生活雑貨、コスメ、文房具が中心です。
・シャツやタオルを畳んで透明袋へ入れる
・コスメの容器にひび割れがないかを目視で確認する
・文房具のセット品を指定の個数で袋詰めする
・箱にラベルを貼り、配送業者ごとの台車に載せる
商品は軽く、作業台の高さも調整されているため、身体への負担を抑えて続けられます。

■ 未経験でも安心の1週間プログラム
・1日目：会社説明、安全講習、作業着の受け取り、作業場の見学
・2日目：先輩の隣で検品の実演を見学し、午後から一緒に作業
・3日目：梱包の袋詰め・箱詰めを先輩と一緒に担当
・4日目：シール貼りと仕分けを一人で担当。先輩は同じ作業台で見守ります
・5日目：検品から仕分けまでの流れを通しで経験
覚えることは3ステップの繰り返しなので、専門知識や資格は不要です。製造現場で人を育ててきた当社ならではの丁寧な立ち上がりを用意しています。

■ 設備・環境のポイント
・冷暖房完備の室内作業で、季節や天候に左右されません
・休憩室には電子レンジ・冷蔵庫・ポットがあり、フリーWi-Fiも使えます
・個人用の鍵付きロッカーを完備
・髪色・ネイル・服装は自由。清潔感があれば普段のスタイルのままで大丈夫です

■ 千葉県印西市で働く
千葉ニュータウンにデータセンターや大型物流施設が集まる、成長中のエリアです。
北総線の千葉ニュータウン中央駅・印西牧の原駅が最寄りで、成田・都心の両方向から通いやすい立地です。
印西市周辺で「通勤時間を抑えて安定した正社員の仕事に就きたい」という方に、当社の検品・梱包はぴったりの選択肢です。

製造・物流の現場を支えてきた当社で、あなたのペースで一歩を踏み出してください。ご応募をお待ちしています。","【印西市で働くならここがポイント】

✅ 先輩スタッフの9割以上が未経験からのスタート
「商品を手に取る」「傷がないか見る」「箱に入れる」の3ステップが仕事の基本です。複雑な機械操作や専門用語はなく、入社初日は安全講習とオリエンテーションから始まるので、初めての正社員でも安心してスタートできます。

✅ 平日は定時、週末はしっかり休む
9:00〜18:00の固定時間制で、生活リズムが安定します。土日祝はお休みなので、家族や友人と予定を合わせやすいのも魅力です。

✅ 自分のペースで黙々と進められる仕事
ノルマに追われることはなく、接客もありません。「一人で集中して作業したい」「人間関係のストレスを減らしたい」という方にこそ向いている環境です。

✅ 空調完備・清潔な作業場
冷暖房がしっかり効いた室内で、季節を問わず快適に働けます。休憩室には電子レンジ・冷蔵庫・自動販売機があり、鍵付きロッカーも完備しています。

✅ 相談しやすい体制
配属先にはリーダーが常駐し、定期的な面談で困りごとを聞き取ります。作業のこと、通勤のこと、働き方のこと、何でも相談してください。

✅ 地元印西市で長く働く
千葉ニュータウンにデータセンターや大型物流施設が集まる、成長中のエリアです。北総線の千葉ニュータウン中央駅・印西牧の原駅が最寄りで、成田・都心の両方向から通いやすい立地です。

「自分にもできそう」と思えたら、それがスタートの合図です。お気軽にご応募ください。","例外事由3号のイにより、長期キャリア形成を図るため、
35歳以下を募集しております。","【勤務時間】
★9:00~18:00
└実働8時間/休憩1時間

定時ダッシュも問題ないです✧
✧ 土日祝休み
✧ 残業月平均:6.5時間以内
✧ 残業代100%支給","✧ 完全週休2日制(土日祝休み)
✧ 年間休日125日
「土日休みはマスト!」ってあなたにも
ぴったりの職場です!

【その他休暇】
✧ 有給休暇
✧ 夏季・冬季休暇
✧ GW休暇
✧ 年末年始休暇",千葉県 印西市,,"月給:25万円~+交通費全額支給

※経験に応じて決定いたします。

# 昇給あり
# 賞与あり
# 残業代100%支給
# 交通費支給","・社会保険完備（雇用・労災・健康・厚生年金）
・残業手当・深夜手当・休日出勤手当（実働時間に応じて支給）
・確定拠出年金制度（企業型）
・定期健康診断・インフルエンザ予防接種費用補助
・特別休暇（慶弔休暇）
・産前産後休暇・育児休業・介護休業
・資格取得支援制度（フォークリフト・自主保全士など）
・家具家電付き社員寮制度（勤務地による・規定あり）
・制服貸与
・社員持株会
・福利厚生サービス（レジャー・飲食の優待割引、保養施設）
・団体長期障害所得補償保険（GLTD）","■ 選考について ■
・カジュアル面談：1回のみ（服装自由・履歴書任意）
・応募から面談まで：WEB応募後、1〜3日以内にご連絡
・入社日：ご相談のうえ決定

■ 応募からの流れ ■
▶ STEP1 WEBから1分で応募
▶ STEP2 カジュアル面談（1回のみ）
▶ STEP3 採用

「まずは話だけ聞いてみたい」という方も、そのままご応募ください。
面談で無理に応募を勧めることはありません。",,即日勤務OK、交通費支給、残業なし,2,任意,生年月日、性別、電話番号,ntf-indeedapplicant-aaaatulx77tci2k2pr5yeqapva@shukatsu-labo.slack.com,,,利用しない,,
募集中,日本マニュファクチャリングサービス株式会社,未経験｜検品・梱包｜日本マニュファクチャリングサービス株式会社｜旭市（千葉県）,倉庫作業スタッフ,20～30代活躍中◎旭市で正社員デビュー｜検品・梱包のシンプル作業,,千葉県 旭市,,,正社員,はい,月給,250000,,最低額を表示,なし,,,,,,,固定時間制,160,,厚生年金、健康保険、雇用保険、労災保険,,なし,,,,,,,,,,,,,,,,,,"旭市内および周辺の物流センターで、通販商品や生活雑貨の「検品・梱包」を担当する正社員スタッフの募集です。
冷暖房が効いた清潔な作業場で、商品をひとつずつ確認し、丁寧に箱へ納めていく落ち着いた仕事です。
製造・物流の現場を長年支えてきた当社が、未経験の方を一から育てます。

■ 1日の流れ（9:00〜18:00・休憩1時間）
09:00 朝礼。当日の出荷予定と担当エリアを確認し、作業台へ移動します
09:15 午前の検品。入荷した商品を納品書と照らし合わせ、外観と数量をチェック
12:00 昼休憩（60分）。休憩室でゆっくり昼食をとります
13:00 午後の梱包。検品を終えた商品を袋詰めし、サイズに合った箱に納めます
15:00 小休憩（15分）。水分補給と軽いストレッチでリフレッシュ
15:15 ラベル貼りと出荷先ごとの仕分け。台車で所定の場所へ運びます
17:40 作業台の整理整頓と翌日の準備
18:00 退勤。残業は月平均6.5時間以内で、定時に帰れる日がほとんどです

■ 具体的にはこんな商品を扱います
通販サイトで販売されるアパレル商品、生活雑貨、コスメ、文房具が中心です。
・シャツやタオルを畳んで透明袋へ入れる
・コスメの容器にひび割れがないかを目視で確認する
・文房具のセット品を指定の個数で袋詰めする
・箱にラベルを貼り、配送業者ごとの台車に載せる
商品は軽く、作業台の高さも調整されているため、身体への負担を抑えて続けられます。

■ 入社後1週間の流れ
1日目：オリエンテーション。安全ルール、勤怠の付け方、作業場の設備を案内します
2〜3日目：先輩スタッフがマンツーマンで隣につき、検品の見方と梱包の手順を実演しながら教えます
4〜5日目：シール貼りやダンボールの組み立てなど簡単な工程から一人で担当。分からないことはその場で質問できます
1週間後：検品・梱包の一連の流れをひと通り経験し、自分のペースで進められるようになります
当社は製造現場の教育に長年取り組んできた会社です。「早ければ半日、遅くとも2〜3日で一人立ち」が現場の平均的な目安ですが、慣れるまでは焦らず伴走します。

■ 働く環境について
作業場は1年を通して空調が効いており、汗だくになったり手がかじかんだりする心配はありません。
休憩室は広く、電子レンジや冷蔵庫、自動販売機が揃っています。昼休憩は各自のペースで過ごしています。
鍵付きロッカーを用意しているので、貴重品の管理も安心です。
服装や髪色は自由で、自分らしいスタイルのまま通勤できます。

■ 千葉県旭市で働く
農業が盛んな落ち着いた街で、食品や日用品を扱う拠点が点在しています。
JR総武本線の旭駅が最寄りで、銚子・成田方面からも通えます。
旭市周辺で「通勤時間を抑えて安定した正社員の仕事に就きたい」という方に、当社の検品・梱包はぴったりの選択肢です。

「難しいことはできないけれど、コツコツ続けることは得意」という方を、当社は大切にしています。まずはお気軽にご応募ください。","【当社の検品・梱包が選ばれる理由】

✅ 先輩スタッフの9割以上が未経験からのスタート
「商品を手に取る」「傷がないか見る」「箱に入れる」の3ステップが仕事の基本です。複雑な機械操作や専門用語はなく、入社初日は安全講習とオリエンテーションから始まるので、初めての正社員でも安心してスタートできます。

✅ 残業は月平均6.5時間以内
出荷量に合わせて人員を配置しているため、定時で帰れる日がほとんどです。仕事の後に予定を入れたり、家でゆっくり過ごしたりする時間をきちんと確保できます。

✅ 自分のペースで黙々と進められる仕事
ノルマに追われることはなく、接客もありません。「一人で集中して作業したい」「人間関係のストレスを減らしたい」という方にこそ向いている環境です。

✅ 空調完備・清潔な作業場
冷暖房がしっかり効いた室内で、季節を問わず快適に働けます。休憩室には電子レンジ・冷蔵庫・自動販売機があり、鍵付きロッカーも完備しています。

✅ 安定した雇用と福利厚生
正社員としての雇用に加え、社会保険完備、定期健康診断、資格取得支援などの制度があります。「腰を据えて働きたい」という希望に応えられる環境です。

✅ 地元旭市で長く働く
農業が盛んな落ち着いた街で、食品や日用品を扱う拠点が点在しています。JR総武本線の旭駅が最寄りで、銚子・成田方面からも通えます。

まずはカジュアル面談で、職場の雰囲気や1日の流れをお伝えします。ご応募をお待ちしています。","例外事由3号のイにより、長期キャリア形成を図るため、
35歳以下を募集しております。","【勤務時間】
★9:00~18:00
└実働8時間/休憩1時間

定時ダッシュも問題ないです✧
✧ 土日祝休み
✧ 残業月平均:6.5時間以内
✧ 残業代100%支給","✧ 完全週休2日制(土日祝休み)
✧ 年間休日125日
「土日休みはマスト!」ってあなたにも
ぴったりの職場です!

【その他休暇】
✧ 有給休暇
✧ 夏季・冬季休暇
✧ GW休暇
✧ 年末年始休暇",千葉県 旭市,,"月給:25万円~+交通費全額支給

※経験に応じて決定いたします。

# 昇給あり
# 賞与あり
# 残業代100%支給
# 交通費支給","・社会保険完備（雇用・労災・健康・厚生年金）
・残業手当・深夜手当・休日出勤手当（実働時間に応じて支給）
・確定拠出年金制度（企業型）
・定期健康診断・インフルエンザ予防接種費用補助
・特別休暇（慶弔休暇）
・産前産後休暇・育児休業・介護休業
・資格取得支援制度（フォークリフト・自主保全士など）
・家具家電付き社員寮制度（勤務地による・規定あり）
・制服貸与
・社員持株会
・福利厚生サービス（レジャー・飲食の優待割引、保養施設）
・団体長期障害所得補償保険（GLTD）","✧ カジュアル面談実施中です ✧

応募に必要なのは人柄だけ。
まずはあなたのご希望を聞かせてください。

■ 応募からの流れ ■
▶ STEP1 WEBから1分で簡単応募
1〜3日以内に担当者からご連絡します。
▶ STEP2 カジュアル面談（1回のみ）
職場の雰囲気や1日の流れをお伝えし、ご希望を伺います。
▶ STEP3 採用

※入社日はご相談いただけます◎
在職中の方も、お気軽にご相談ください。",,即日勤務OK、交通費支給、残業なし,2,任意,生年月日、性別、電話番号,ntf-indeedapplicant-aaaatulx77tci2k2pr5yeqapva@shukatsu-labo.slack.com,,,利用しない,,
募集中,日本マニュファクチャリングサービス株式会社,未経験｜検品・梱包｜日本マニュファクチャリングサービス株式会社｜富里市（千葉県）,倉庫作業スタッフ,20～30代活躍中◎富里市｜年間休日125日・完全週休2日の軽作業,,千葉県 富里市,,,正社員,はい,月給,250000,,最低額を表示,なし,,,,,,,固定時間制,160,,厚生年金、健康保険、雇用保険、労災保険,,なし,,,,,,,,,,,,,,,,,,"勤務先は富里市内および周辺の物流センター。扱うのは衣類・コスメ・文房具・小型雑貨など、手のひらサイズの軽い商品が中心です。
担当していただくのは、届いた商品に不備がないかを確かめ、出荷用の箱に整えて詰める「検品・梱包」の作業。
空調完備の室内で、自分のペースを保ちながら黙々と取り組める環境です。

■ ある1日のスケジュール（日勤・実働8時間）
09:00 出勤・朝礼。リーダーから本日の作業内容と注意点の共有があります
09:10 検品スタート。ハンディ端末でバーコードを読み取り、品番と数量を照合
10:30 小休憩（10分）
12:00 昼休憩（60分）。電子レンジ・冷蔵庫のある休憩室で昼食
13:00 梱包作業。緩衝材で商品を包み、ダンボールを組み立てて詰めていきます
15:00 小休憩（15分）
15:15 出荷準備。伝票シールを貼り、配送業者ごとにコンテナへ仕分け
17:45 清掃・翌日分の資材補充
18:00 退勤。土日祝はお休みで、翌日の予定も立てやすい働き方です

■ 主な作業内容
・検品：入荷した商品の外観チェック（傷・汚れ・パッケージのへこみ）と数量・品番の照合
・スキャン：バーコードリーダーで商品を読み取り、データと突き合わせます
・梱包：袋詰め、緩衝材包装、ダンボールの組み立てと箱詰め、テープ留め
・仕上げ：ラベル貼りと配送地域別の仕分け
扱うのはアパレル商品、コスメ、文房具、小型雑貨など。どれも軽く、繰り返しの中で自然と手順が身につく作業です。

■ 教育・研修体制
入社初日は安全講習とオリエンテーションから始まり、いきなり現場に出ることはありません。
2日目以降は専任の先輩スタッフが隣について、検品・梱包の手順を実際にやって見せながら説明します。
最初の1週間は「見る→一緒にやる→一人でやる」の順で少しずつ担当を広げ、1週間後にはひと通りの作業を経験できるスケジュールです。
リーダーは常に作業場内にいるため、「これはどこに置くのでしたか」といった質問もすぐに解決できます。

■ 設備・環境のポイント
・冷暖房完備の室内作業で、季節や天候に左右されません
・休憩室には電子レンジ・冷蔵庫・ポットがあり、フリーWi-Fiも使えます
・個人用の鍵付きロッカーを完備
・髪色・ネイル・服装は自由。清潔感があれば普段のスタイルのままで大丈夫です

■ 富里市の拠点ならではの一言
東関東道の富里ICが近く車通勤に向いており、成田駅や酒々井駅からのバス便もあります。
成田空港に隣接し、空港関連の物流施設が集まるエリアです。
当社は千葉県内に複数の勤務先を持っているため、ご自宅からの通いやすさも考慮して配属先を相談できます。

製造・物流の現場を支えてきた当社で、あなたのペースで一歩を踏み出してください。ご応募をお待ちしています。","【富里市で働くならここがポイント】

✅ 資格・経験・学歴は問いません
必要なのは「丁寧に確認する姿勢」だけ。検品の見方、梱包の手順はすべて入社後にお伝えします。フォークリフトなどの資格取得を目指したい方には支援制度もあり、長く働くほど仕事の幅が広がります。

✅ 平日は定時、週末はしっかり休む
9:00〜18:00の固定時間制で、生活リズムが安定します。土日祝はお休みなので、家族や友人と予定を合わせやすいのも魅力です。

✅ 重い荷物はほとんどありません
扱うのは衣類・コスメ・文房具・小型雑貨など軽い商品が中心です。重量物の持ち上げや力仕事はほぼなく、身体への負担を抑えて長く続けられます。

✅ 空調完備・清潔な作業場
冷暖房がしっかり効いた室内で、季節を問わず快適に働けます。休憩室には電子レンジ・冷蔵庫・自動販売機があり、鍵付きロッカーも完備しています。

✅ 製造・物流の現場を支えてきた会社の正社員
当社は全国の製造現場で人材を育ててきた会社です。検品・梱包からスタートし、経験を積めばリーダーや別工程へのステップアップも目指せます。

✅ 地元富里市で長く働く
成田空港に隣接し、空港関連の物流施設が集まるエリアです。東関東道の富里ICが近く車通勤に向いており、成田駅や酒々井駅からのバス便もあります。

「自分にもできそう」と思えたら、それがスタートの合図です。お気軽にご応募ください。","例外事由3号のイにより、長期キャリア形成を図るため、
35歳以下を募集しております。","【勤務時間】
★9:00~18:00
└実働8時間/休憩1時間

定時ダッシュも問題ないです✧
✧ 土日祝休み
✧ 残業月平均:6.5時間以内
✧ 残業代100%支給","✧ 完全週休2日制(土日祝休み)
✧ 年間休日125日
「土日休みはマスト!」ってあなたにも
ぴったりの職場です!

【その他休暇】
✧ 有給休暇
✧ 夏季・冬季休暇
✧ GW休暇
✧ 年末年始休暇",千葉県 富里市,,"月給:25万円~+交通費全額支給

※経験に応じて決定いたします。

# 昇給あり
# 賞与あり
# 残業代100%支給
# 交通費支給","・社会保険完備（雇用・労災・健康・厚生年金）
・残業手当・深夜手当・休日出勤手当（実働時間に応じて支給）
・確定拠出年金制度（企業型）
・定期健康診断・インフルエンザ予防接種費用補助
・特別休暇（慶弔休暇）
・産前産後休暇・育児休業・介護休業
・資格取得支援制度（フォークリフト・自主保全士など）
・家具家電付き社員寮制度（勤務地による・規定あり）
・制服貸与
・社員持株会
・福利厚生サービス（レジャー・飲食の優待割引、保養施設）
・団体長期障害所得補償保険（GLTD）","【応募前の「気になる」にお答えします】

Q. 面接は堅苦しいですか？
A. いいえ。カジュアル面談を1回行うだけです。服装も自由、履歴書も任意です。

Q. 応募してからどのくらいで決まりますか？
A. 3ステップで進みます。
▶ STEP1 WEBから応募（1分）→ 1〜3日以内にご連絡
▶ STEP2 カジュアル面談（1回のみ）
▶ STEP3 採用

Q. すぐには入社できないのですが…
A. 入社日はご相談いただけます。今のお仕事の引き継ぎ期間なども考慮します。",,即日勤務OK、交通費支給、残業なし,2,任意,生年月日、性別、電話番号,ntf-indeedapplicant-aaaatulx77tci2k2pr5yeqapva@shukatsu-labo.slack.com,,,利用しない,,
募集中,日本マニュファクチャリングサービス株式会社,未経験｜検品・梱包｜日本マニュファクチャリングサービス株式会社｜君津市（千葉県）,倉庫作業スタッフ,20～30代活躍中◎安定の正社員｜君津市で検品・梱包を一から,,千葉県 君津市,,,正社員,はい,月給,250000,,最低額を表示,なし,,,,,,,固定時間制,160,,厚生年金、健康保険、雇用保険、労災保険,,なし,,,,,,,,,,,,,,,,,,"「ものづくりの現場を支える仕事を、正社員として腰を据えて続けたい」という方へ。
君津市内および周辺の物流センターで、商品の検品と梱包を担当するスタッフを募集します。
空調の効いた清潔な作業場で、座り作業と立ち作業を組み合わせながら無理なく進められる仕事です。

■ 入社後の1日はこんなイメージです
09:00 朝礼。体調確認と当日の出荷量の共有からスタート
09:15 午前は検品を中心に担当。商品の外観を目視で確認し、傷や汚れがあれば別置きにします
12:00 昼休憩（60分）。お弁当持参の方も、近くで買ってくる方もいます
13:00 午後は梱包を担当。袋詰め、箱詰め、テープ留めの3工程を繰り返します
15:00 小休憩（15分）。自動販売機で飲み物を買って一息
15:15 出荷分の最終チェックと仕分け。全員で協力して当日分を仕上げます
17:45 作業スペースの清掃と日報記入
18:00 定時退勤。残業は月平均6.5時間以内に収まっています

■ 扱う商品と作業の具体例
・衣類・タオルなどの布製品：ほつれや汚れがないか確認し、専用の透明袋に入れます
・コスメ・ガラス製の小物：割れやすいため、緩衝材で包んでから箱に納めます
・文房具・生活雑貨：品番と個数を納品書と照合し、まとめて袋詰めします
・出荷前の箱：伝票シールと「割れ物注意」「水濡れ厳禁」などの注意シールを所定位置に貼ります
いずれも手のひらから両手で持てる大きさの商品で、重量物の持ち上げはありません。

■ 未経験でも安心の1週間プログラム
・1日目：会社説明、安全講習、作業着の受け取り、作業場の見学
・2日目：先輩の隣で検品の実演を見学し、午後から一緒に作業
・3日目：梱包の袋詰め・箱詰めを先輩と一緒に担当
・4日目：シール貼りと仕分けを一人で担当。先輩は同じ作業台で見守ります
・5日目：検品から仕分けまでの流れを通しで経験
覚えることは3ステップの繰り返しなので、専門知識や資格は不要です。製造現場で人を育ててきた当社ならではの丁寧な立ち上がりを用意しています。

■ 職場環境
・空調完備：冷暖房が効いた清潔な室内で、夏も冬も快適に作業できます
・休憩室：電子レンジ・冷蔵庫・ポット・自動販売機を完備。お弁当持参でもゆっくり過ごせます
・ロッカー：鍵付きの個人ロッカーがあり、私物を安心して預けられます
・服装：髪色・ネイルは自由。動きやすい服装で通勤し、現場のルールに沿って作業します

■ 君津市の拠点ならではの一言
JR内房線の君津駅が最寄りで、館山道の君津ICも近い立地です。
製鉄業を中心とした工業の街で、関連の製造・物流拠点が集まる地域です。
当社は千葉県内に複数の勤務先を持っているため、ご自宅からの通いやすさも考慮して配属先を相談できます。

「難しいことはできないけれど、コツコツ続けることは得意」という方を、当社は大切にしています。まずはお気軽にご応募ください。","【当社の検品・梱包が選ばれる理由】

✅ 資格・経験・学歴は問いません
必要なのは「丁寧に確認する姿勢」だけ。検品の見方、梱包の手順はすべて入社後にお伝えします。フォークリフトなどの資格取得を目指したい方には支援制度もあり、長く働くほど仕事の幅が広がります。

✅ 残業は月平均6.5時間以内
出荷量に合わせて人員を配置しているため、定時で帰れる日がほとんどです。仕事の後に予定を入れたり、家でゆっくり過ごしたりする時間をきちんと確保できます。

✅ 重い荷物はほとんどありません
扱うのは衣類・コスメ・文房具・小型雑貨など軽い商品が中心です。重量物の持ち上げや力仕事はほぼなく、身体への負担を抑えて長く続けられます。

✅ 空調完備・清潔な作業場
冷暖房がしっかり効いた室内で、季節を問わず快適に働けます。休憩室には電子レンジ・冷蔵庫・自動販売機があり、鍵付きロッカーも完備しています。

✅ 相談しやすい体制
配属先にはリーダーが常駐し、定期的な面談で困りごとを聞き取ります。作業のこと、通勤のこと、働き方のこと、何でも相談してください。

✅ 君津市で通いやすい勤務地
JR内房線の君津駅が最寄りで、館山道の君津ICも近い立地です。製鉄業を中心とした工業の街で、関連の製造・物流拠点が集まる地域です。

まずはカジュアル面談で、職場の雰囲気や1日の流れをお伝えします。ご応募をお待ちしています。","例外事由3号のイにより、長期キャリア形成を図るため、
35歳以下を募集しております。","【勤務時間】
★9:00~18:00
└実働8時間/休憩1時間

定時ダッシュも問題ないです✧
✧ 土日祝休み
✧ 残業月平均:6.5時間以内
✧ 残業代100%支給","✧ 完全週休2日制(土日祝休み)
✧ 年間休日125日
「土日休みはマスト!」ってあなたにも
ぴったりの職場です!

【その他休暇】
✧ 有給休暇
✧ 夏季・冬季休暇
✧ GW休暇
✧ 年末年始休暇",千葉県 君津市,,"月給:25万円~+交通費全額支給

※経験に応じて決定いたします。

# 昇給あり
# 賞与あり
# 残業代100%支給
# 交通費支給","・社会保険完備（雇用・労災・健康・厚生年金）
・残業手当・深夜手当・休日出勤手当（実働時間に応じて支給）
・確定拠出年金制度（企業型）
・定期健康診断・インフルエンザ予防接種費用補助
・特別休暇（慶弔休暇）
・産前産後休暇・育児休業・介護休業
・資格取得支援制度（フォークリフト・自主保全士など）
・家具家電付き社員寮制度（勤務地による・規定あり）
・制服貸与
・社員持株会
・福利厚生サービス（レジャー・飲食の優待割引、保養施設）
・団体長期障害所得補償保険（GLTD）","まずは「話を聞いてみる」だけで大丈夫です。

当社ではカジュアル面談を実施しています。
志望動機や自己PRの準備は不要。
「どんな職場？」「本当に未経験でもできる？」といった疑問に、担当者が率直にお答えします。

■ 応募から入社までの3STEP ■
▶ STEP1 WEB応募（1分）
▶ STEP2 カジュアル面談（1回のみ・1〜3日以内にご連絡）
▶ STEP3 採用・入社日のご相談

入社日は柔軟に調整できます。
「来月から」「今の仕事を辞めてから」など、ご都合をお聞かせください。",,即日勤務OK、交通費支給、残業なし,2,任意,生年月日、性別、電話番号,ntf-indeedapplicant-aaaatulx77tci2k2pr5yeqapva@shukatsu-labo.slack.com,,,利用しない,,
募集中,日本マニュファクチャリングサービス株式会社,未経験｜検品・梱包｜日本マニュファクチャリングサービス株式会社｜八千代市（千葉県）,倉庫作業スタッフ,20～30代活躍中◎残業ほぼなし｜八千代市で腰を据えて働く検品・梱包,,千葉県 八千代市,,,正社員,はい,月給,250000,,最低額を表示,なし,,,,,,,固定時間制,160,,厚生年金、健康保険、雇用保険、労災保険,,なし,,,,,,,,,,,,,,,,,,"千葉県八千代市エリアで、検品・梱包の正社員スタッフを募集します。
勤務先は八千代市内および周辺の物流センター。商品にキズや汚れがないかを目で確かめ、数を合わせ、袋や箱に丁寧に納める作業が中心です。
1年を通して快適な温度に保たれた室内作業で、当社の先輩スタッフが隣で手順を教えます。

■ 1日の流れ（9:00〜18:00・休憩1時間）
09:00 朝礼。当日の出荷予定と担当エリアを確認し、作業台へ移動します
09:15 午前の検品。入荷した商品を納品書と照らし合わせ、外観と数量をチェック
12:00 昼休憩（60分）。休憩室でゆっくり昼食をとります
13:00 午後の梱包。検品を終えた商品を袋詰めし、サイズに合った箱に納めます
15:00 小休憩（15分）。水分補給と軽いストレッチでリフレッシュ
15:15 ラベル貼りと出荷先ごとの仕分け。台車で所定の場所へ運びます
17:40 作業台の整理整頓と翌日の準備
18:00 退勤。残業は月平均6.5時間以内で、定時に帰れる日がほとんどです

■ 扱う商品と作業の具体例
・衣類・タオルなどの布製品：ほつれや汚れがないか確認し、専用の透明袋に入れます
・コスメ・ガラス製の小物：割れやすいため、緩衝材で包んでから箱に納めます
・文房具・生活雑貨：品番と個数を納品書と照合し、まとめて袋詰めします
・出荷前の箱：伝票シールと「割れ物注意」「水濡れ厳禁」などの注意シールを所定位置に貼ります
いずれも手のひらから両手で持てる大きさの商品で、重量物の持ち上げはありません。

■ 入社後1週間の流れ
1日目：オリエンテーション。安全ルール、勤怠の付け方、作業場の設備を案内します
2〜3日目：先輩スタッフがマンツーマンで隣につき、検品の見方と梱包の手順を実演しながら教えます
4〜5日目：シール貼りやダンボールの組み立てなど簡単な工程から一人で担当。分からないことはその場で質問できます
1週間後：検品・梱包の一連の流れをひと通り経験し、自分のペースで進められるようになります
当社は製造現場の教育に長年取り組んできた会社です。「早ければ半日、遅くとも2〜3日で一人立ち」が現場の平均的な目安ですが、慣れるまでは焦らず伴走します。

■ 設備・環境のポイント
・冷暖房完備の室内作業で、季節や天候に左右されません
・休憩室には電子レンジ・冷蔵庫・ポットがあり、フリーWi-Fiも使えます
・個人用の鍵付きロッカーを完備
・髪色・ネイル・服装は自由。清潔感があれば普段のスタイルのままで大丈夫です

■ 千葉県八千代市で働く
住宅地として発展した街で、周辺に配送センターや物流施設も点在しています。
東葉高速線の八千代緑が丘駅・八千代中央駅、京成線の勝田台駅が利用できます。
八千代市周辺で「通勤時間を抑えて安定した正社員の仕事に就きたい」という方に、当社の検品・梱包はぴったりの選択肢です。

「難しいことはできないけれど、コツコツ続けることは得意」という方を、当社は大切にしています。まずはお気軽にご応募ください。","【八千代市で働くならここがポイント】

✅ 覚えることは少なく、教え方は丁寧に
製造現場で人を育ててきた当社では、専任の先輩がマンツーマンで隣につきます。最初はシール貼りやダンボールの組み立てといった簡単な工程から始め、1週間でひと通りの流れを経験できるプログラムを用意しています。

✅ 土日祝休み・年間休日125日
完全週休2日制で、カレンダー通りに休めます。夏季・冬季休暇、GW、年末年始のまとまった休みもあり、予定を立てやすい働き方です。

✅ 重い荷物はほとんどありません
扱うのは衣類・コスメ・文房具・小型雑貨など軽い商品が中心です。重量物の持ち上げや力仕事はほぼなく、身体への負担を抑えて長く続けられます。

✅ 空調完備・清潔な作業場
冷暖房がしっかり効いた室内で、季節を問わず快適に働けます。休憩室には電子レンジ・冷蔵庫・自動販売機があり、鍵付きロッカーも完備しています。

✅ 安定した雇用と福利厚生
正社員としての雇用に加え、社会保険完備、定期健康診断、資格取得支援などの制度があります。「腰を据えて働きたい」という希望に応えられる環境です。

✅ 八千代市で通いやすい勤務地
東葉高速線の八千代緑が丘駅・八千代中央駅、京成線の勝田台駅が利用できます。住宅地として発展した街で、周辺に配送センターや物流施設も点在しています。

「自分にもできそう」と思えたら、それがスタートの合図です。お気軽にご応募ください。","例外事由3号のイにより、長期キャリア形成を図るため、
35歳以下を募集しております。","【勤務時間】
★9:00~18:00
└実働8時間/休憩1時間

定時ダッシュも問題ないです✧
✧ 土日祝休み
✧ 残業月平均:6.5時間以内
✧ 残業代100%支給","✧ 完全週休2日制(土日祝休み)
✧ 年間休日125日
「土日休みはマスト!」ってあなたにも
ぴったりの職場です!

【その他休暇】
✧ 有給休暇
✧ 夏季・冬季休暇
✧ GW休暇
✧ 年末年始休暇",千葉県 八千代市,,"月給:25万円~+交通費全額支給

※経験に応じて決定いたします。

# 昇給あり
# 賞与あり
# 残業代100%支給
# 交通費支給","・社会保険完備（雇用・労災・健康・厚生年金）
・残業手当・深夜手当・休日出勤手当（実働時間に応じて支給）
・確定拠出年金制度（企業型）
・定期健康診断・インフルエンザ予防接種費用補助
・特別休暇（慶弔休暇）
・産前産後休暇・育児休業・介護休業
・資格取得支援制度（フォークリフト・自主保全士など）
・家具家電付き社員寮制度（勤務地による・規定あり）
・制服貸与
・社員持株会
・福利厚生サービス（レジャー・飲食の優待割引、保養施設）
・団体長期障害所得補償保険（GLTD）","【最短スケジュールのイメージ】

▶ STEP1 今日：WEBから1分で応募
▶ STEP2 1〜3日後：担当者からご連絡 → カジュアル面談の日程調整
▶ STEP3 面談当日：カジュアル面談（1回のみ）→ 採用のご連絡

面談では、職場の雰囲気・1日の流れ・通勤のことなど、
気になることを何でも聞いてください。

✧ 入社日はご相談いただけます ✧
「すぐ働きたい」「少し先がいい」どちらのご希望にも対応します。",,即日勤務OK、交通費支給、残業なし,2,任意,生年月日、性別、電話番号,ntf-indeedapplicant-aaaatulx77tci2k2pr5yeqapva@shukatsu-labo.slack.com,,,利用しない,,
募集中,日本マニュファクチャリングサービス株式会社,未経験｜検品・梱包｜日本マニュファクチャリングサービス株式会社｜市原市（千葉県）,倉庫作業スタッフ,20～30代活躍中◎定時で帰れる｜市原市の物流センターで検品・梱包,,千葉県 市原市,,,正社員,はい,月給,250000,,最低額を表示,なし,,,,,,,固定時間制,160,,厚生年金、健康保険、雇用保険、労災保険,,なし,,,,,,,,,,,,,,,,,,"市原市内および周辺の物流センターで、通販商品や生活雑貨の「検品・梱包」を担当する正社員スタッフの募集です。
冷暖房が効いた清潔な作業場で、商品をひとつずつ確認し、丁寧に箱へ納めていく落ち着いた仕事です。
製造・物流の現場を長年支えてきた当社が、未経験の方を一から育てます。

■ 入社後の1日はこんなイメージです
09:00 朝礼。体調確認と当日の出荷量の共有からスタート
09:15 午前は検品を中心に担当。商品の外観を目視で確認し、傷や汚れがあれば別置きにします
12:00 昼休憩（60分）。お弁当持参の方も、近くで買ってくる方もいます
13:00 午後は梱包を担当。袋詰め、箱詰め、テープ留めの3工程を繰り返します
15:00 小休憩（15分）。自動販売機で飲み物を買って一息
15:15 出荷分の最終チェックと仕分け。全員で協力して当日分を仕上げます
17:45 作業スペースの清掃と日報記入
18:00 定時退勤。残業は月平均6.5時間以内に収まっています

■ 作業の流れ（3ステップ）
1. 検品：商品を手に取り、傷・汚れ・数量を確認します。迷ったら「保留」の箱に入れてリーダーに確認するだけです
2. 梱包：商品に合わせて袋・緩衝材・箱を選び、動かないように納めてテープで封をします
3. 仕分け：伝票シールを貼り、配送地域ごとに分けられたコンテナへ移します
扱う商品は衣類・雑貨・コスメ・文房具などの軽いものが中心で、フォークリフトなどの機械操作はありません。

■ 入社後1週間の流れ
1日目：オリエンテーション。安全ルール、勤怠の付け方、作業場の設備を案内します
2〜3日目：先輩スタッフがマンツーマンで隣につき、検品の見方と梱包の手順を実演しながら教えます
4〜5日目：シール貼りやダンボールの組み立てなど簡単な工程から一人で担当。分からないことはその場で質問できます
1週間後：検品・梱包の一連の流れをひと通り経験し、自分のペースで進められるようになります
当社は製造現場の教育に長年取り組んできた会社です。「早ければ半日、遅くとも2〜3日で一人立ち」が現場の平均的な目安ですが、慣れるまでは焦らず伴走します。

■ 職場環境
・空調完備：冷暖房が効いた清潔な室内で、夏も冬も快適に作業できます
・休憩室：電子レンジ・冷蔵庫・ポット・自動販売機を完備。お弁当持参でもゆっくり過ごせます
・ロッカー：鍵付きの個人ロッカーがあり、私物を安心して預けられます
・服装：髪色・ネイルは自由。動きやすい服装で通勤し、現場のルールに沿って作業します

■ 千葉県市原市で働く
京葉工業地域の中核として工場が集まり、ものづくりの現場が身近な地域です。
JR内房線の五井駅が最寄りで、館山道の市原ICも利用できます。
市原市周辺で「通勤時間を抑えて安定した正社員の仕事に就きたい」という方に、当社の検品・梱包はぴったりの選択肢です。

製造・物流の現場を支えてきた当社で、あなたのペースで一歩を踏み出してください。ご応募をお待ちしています。","【当社の検品・梱包が選ばれる理由】

✅ 覚えることは少なく、教え方は丁寧に
製造現場で人を育ててきた当社では、専任の先輩がマンツーマンで隣につきます。最初はシール貼りやダンボールの組み立てといった簡単な工程から始め、1週間でひと通りの流れを経験できるプログラムを用意しています。

✅ 平日は定時、週末はしっかり休む
9:00〜18:00の固定時間制で、生活リズムが安定します。土日祝はお休みなので、家族や友人と予定を合わせやすいのも魅力です。

✅ 自分のペースで黙々と進められる仕事
ノルマに追われることはなく、接客もありません。「一人で集中して作業したい」「人間関係のストレスを減らしたい」という方にこそ向いている環境です。

✅ 休憩室でしっかりリフレッシュ
昼休憩60分に加えて午後に小休憩があり、集中力を保ちやすいリズムで働けます。休憩室にはポットやフリーWi-Fiもあり、お弁当派にも外食派にも便利です。

✅ 相談しやすい体制
配属先にはリーダーが常駐し、定期的な面談で困りごとを聞き取ります。作業のこと、通勤のこと、働き方のこと、何でも相談してください。

✅ 地元市原市で長く働く
京葉工業地域の中核として工場が集まり、ものづくりの現場が身近な地域です。JR内房線の五井駅が最寄りで、館山道の市原ICも利用できます。

「自分にもできそう」と思えたら、それがスタートの合図です。お気軽にご応募ください。","例外事由3号のイにより、長期キャリア形成を図るため、
35歳以下を募集しております。","【勤務時間】
★9:00~18:00
└実働8時間/休憩1時間

定時ダッシュも問題ないです✧
✧ 土日祝休み
✧ 残業月平均:6.5時間以内
✧ 残業代100%支給","✧ 完全週休2日制(土日祝休み)
✧ 年間休日125日
「土日休みはマスト!」ってあなたにも
ぴったりの職場です!

【その他休暇】
✧ 有給休暇
✧ 夏季・冬季休暇
✧ GW休暇
✧ 年末年始休暇",千葉県 市原市,,"月給:25万円~+交通費全額支給

※経験に応じて決定いたします。

# 昇給あり
# 賞与あり
# 残業代100%支給
# 交通費支給","・社会保険完備（雇用・労災・健康・厚生年金）
・残業手当・深夜手当・休日出勤手当（実働時間に応じて支給）
・確定拠出年金制度（企業型）
・定期健康診断・インフルエンザ予防接種費用補助
・特別休暇（慶弔休暇）
・産前産後休暇・育児休業・介護休業
・資格取得支援制度（フォークリフト・自主保全士など）
・家具家電付き社員寮制度（勤務地による・規定あり）
・制服貸与
・社員持株会
・福利厚生サービス（レジャー・飲食の優待割引、保養施設）
・団体長期障害所得補償保険（GLTD）","■ 選考について ■
・カジュアル面談：1回のみ（服装自由・履歴書任意）
・応募から面談まで：WEB応募後、1〜3日以内にご連絡
・入社日：ご相談のうえ決定

■ 応募からの流れ ■
▶ STEP1 WEBから1分で応募
▶ STEP2 カジュアル面談（1回のみ）
▶ STEP3 採用

「まずは話だけ聞いてみたい」という方も、そのままご応募ください。
面談で無理に応募を勧めることはありません。",,即日勤務OK、交通費支給、残業なし,2,任意,生年月日、性別、電話番号,ntf-indeedapplicant-aaaatulx77tci2k2pr5yeqapva@shukatsu-labo.slack.com,,,利用しない,,
募集中,日本マニュファクチャリングサービス株式会社,未経験｜検品・梱包｜日本マニュファクチャリングサービス株式会社｜柏市（千葉県）,倉庫作業スタッフ,20～30代活躍中◎土日祝休み・柏市勤務｜ものづくり企業の軽作業,,千葉県 柏市,,,正社員,はい,月給,250000,,最低額を表示,なし,,,,,,,固定時間制,160,,厚生年金、健康保険、雇用保険、労災保険,,なし,,,,,,,,,,,,,,,,,,"勤務先は柏市内および周辺の物流センター。扱うのは衣類・コスメ・文房具・小型雑貨など、手のひらサイズの軽い商品が中心です。
担当していただくのは、届いた商品に不備がないかを確かめ、出荷用の箱に整えて詰める「検品・梱包」の作業。
空調完備の室内で、自分のペースを保ちながら黙々と取り組める環境です。

■ 1日の流れ（9:00〜18:00・休憩1時間）
09:00 朝礼。当日の出荷予定と担当エリアを確認し、作業台へ移動します
09:15 午前の検品。入荷した商品を納品書と照らし合わせ、外観と数量をチェック
12:00 昼休憩（60分）。休憩室でゆっくり昼食をとります
13:00 午後の梱包。検品を終えた商品を袋詰めし、サイズに合った箱に納めます
15:00 小休憩（15分）。水分補給と軽いストレッチでリフレッシュ
15:15 ラベル貼りと出荷先ごとの仕分け。台車で所定の場所へ運びます
17:40 作業台の整理整頓と翌日の準備
18:00 退勤。残業は月平均6.5時間以内で、定時に帰れる日がほとんどです

■ 作業の流れ（3ステップ）
1. 検品：商品を手に取り、傷・汚れ・数量を確認します。迷ったら「保留」の箱に入れてリーダーに確認するだけです
2. 梱包：商品に合わせて袋・緩衝材・箱を選び、動かないように納めてテープで封をします
3. 仕分け：伝票シールを貼り、配送地域ごとに分けられたコンテナへ移します
扱う商品は衣類・雑貨・コスメ・文房具などの軽いものが中心で、フォークリフトなどの機械操作はありません。

■ 教育・研修体制
入社初日は安全講習とオリエンテーションから始まり、いきなり現場に出ることはありません。
2日目以降は専任の先輩スタッフが隣について、検品・梱包の手順を実際にやって見せながら説明します。
最初の1週間は「見る→一緒にやる→一人でやる」の順で少しずつ担当を広げ、1週間後にはひと通りの作業を経験できるスケジュールです。
リーダーは常に作業場内にいるため、「これはどこに置くのでしたか」といった質問もすぐに解決できます。

■ 働く環境について
作業場は1年を通して空調が効いており、汗だくになったり手がかじかんだりする心配はありません。
休憩室は広く、電子レンジや冷蔵庫、自動販売機が揃っています。昼休憩は各自のペースで過ごしています。
鍵付きロッカーを用意しているので、貴重品の管理も安心です。
服装や髪色は自由で、自分らしいスタイルのまま通勤できます。

■ 柏市の拠点ならではの一言
JR常磐線と東武アーバンパークラインが交わる柏駅が最寄りで、東葛エリアの交通の中心です。
常磐道・国道16号沿いに物流拠点が多く、商業施設も充実した街です。
当社は千葉県内に複数の勤務先を持っているため、ご自宅からの通いやすさも考慮して配属先を相談できます。

「難しいことはできないけれど、コツコツ続けることは得意」という方を、当社は大切にしています。まずはお気軽にご応募ください。","【柏市で働くならここがポイント】

✅ 先輩スタッフの9割以上が未経験からのスタート
「商品を手に取る」「傷がないか見る」「箱に入れる」の3ステップが仕事の基本です。複雑な機械操作や専門用語はなく、入社初日は安全講習とオリエンテーションから始まるので、初めての正社員でも安心してスタートできます。

✅ 残業は月平均6.5時間以内
出荷量に合わせて人員を配置しているため、定時で帰れる日がほとんどです。仕事の後に予定を入れたり、家でゆっくり過ごしたりする時間をきちんと確保できます。

✅ 自分のペースで黙々と進められる仕事
ノルマに追われることはなく、接客もありません。「一人で集中して作業したい」「人間関係のストレスを減らしたい」という方にこそ向いている環境です。

✅ 休憩室でしっかりリフレッシュ
昼休憩60分に加えて午後に小休憩があり、集中力を保ちやすいリズムで働けます。休憩室にはポットやフリーWi-Fiもあり、お弁当派にも外食派にも便利です。

✅ 安定した雇用と福利厚生
正社員としての雇用に加え、社会保険完備、定期健康診断、資格取得支援などの制度があります。「腰を据えて働きたい」という希望に応えられる環境です。

✅ 地元柏市で長く働く
常磐道・国道16号沿いに物流拠点が多く、商業施設も充実した街です。JR常磐線と東武アーバンパークラインが交わる柏駅が最寄りで、東葛エリアの交通の中心です。

まずはカジュアル面談で、職場の雰囲気や1日の流れをお伝えします。ご応募をお待ちしています。","例外事由3号のイにより、長期キャリア形成を図るため、
35歳以下を募集しております。","【勤務時間】
★9:00~18:00
└実働8時間/休憩1時間

定時ダッシュも問題ないです✧
✧ 土日祝休み
✧ 残業月平均:6.5時間以内
✧ 残業代100%支給","✧ 完全週休2日制(土日祝休み)
✧ 年間休日125日
「土日休みはマスト!」ってあなたにも
ぴったりの職場です!

【その他休暇】
✧ 有給休暇
✧ 夏季・冬季休暇
✧ GW休暇
✧ 年末年始休暇",千葉県 柏市,,"月給:25万円~+交通費全額支給

※経験に応じて決定いたします。

# 昇給あり
# 賞与あり
# 残業代100%支給
# 交通費支給","・社会保険完備（雇用・労災・健康・厚生年金）
・残業手当・深夜手当・休日出勤手当（実働時間に応じて支給）
・確定拠出年金制度（企業型）
・定期健康診断・インフルエンザ予防接種費用補助
・特別休暇（慶弔休暇）
・産前産後休暇・育児休業・介護休業
・資格取得支援制度（フォークリフト・自主保全士など）
・家具家電付き社員寮制度（勤務地による・規定あり）
・制服貸与
・社員持株会
・福利厚生サービス（レジャー・飲食の優待割引、保養施設）
・団体長期障害所得補償保険（GLTD）","✧ カジュアル面談実施中です ✧

応募に必要なのは人柄だけ。
まずはあなたのご希望を聞かせてください。

■ 応募からの流れ ■
▶ STEP1 WEBから1分で簡単応募
1〜3日以内に担当者からご連絡します。
▶ STEP2 カジュアル面談（1回のみ）
職場の雰囲気や1日の流れをお伝えし、ご希望を伺います。
▶ STEP3 採用

※入社日はご相談いただけます◎
在職中の方も、お気軽にご相談ください。",,即日勤務OK、交通費支給、残業なし,2,任意,生年月日、性別、電話番号,ntf-indeedapplicant-aaaatulx77tci2k2pr5yeqapva@shukatsu-labo.slack.com,,,利用しない,,
募集中,日本マニュファクチャリングサービス株式会社,未経験｜検品・梱包｜日本マニュファクチャリングサービス株式会社｜習志野市（千葉県）,倉庫作業スタッフ,20～30代活躍中◎重い荷物なし｜習志野市で始める検品・梱包の正社員,,千葉県 習志野市,,,正社員,はい,月給,250000,,最低額を表示,なし,,,,,,,固定時間制,160,,厚生年金、健康保険、雇用保険、労災保険,,なし,,,,,,,,,,,,,,,,,,"「ものづくりの現場を支える仕事を、正社員として腰を据えて続けたい」という方へ。
習志野市内および周辺の物流センターで、商品の検品と梱包を担当するスタッフを募集します。
空調の効いた清潔な作業場で、座り作業と立ち作業を組み合わせながら無理なく進められる仕事です。

■ ある1日のスケジュール（日勤・実働8時間）
09:00 出勤・朝礼。リーダーから本日の作業内容と注意点の共有があります
09:10 検品スタート。ハンディ端末でバーコードを読み取り、品番と数量を照合
10:30 小休憩（10分）
12:00 昼休憩（60分）。電子レンジ・冷蔵庫のある休憩室で昼食
13:00 梱包作業。緩衝材で商品を包み、ダンボールを組み立てて詰めていきます
15:00 小休憩（15分）
15:15 出荷準備。伝票シールを貼り、配送業者ごとにコンテナへ仕分け
17:45 清掃・翌日分の資材補充
18:00 退勤。土日祝はお休みで、翌日の予定も立てやすい働き方です

■ 具体的にはこんな商品を扱います
通販サイトで販売されるアパレル商品、生活雑貨、コスメ、文房具が中心です。
・シャツやタオルを畳んで透明袋へ入れる
・コスメの容器にひび割れがないかを目視で確認する
・文房具のセット品を指定の個数で袋詰めする
・箱にラベルを貼り、配送業者ごとの台車に載せる
商品は軽く、作業台の高さも調整されているため、身体への負担を抑えて続けられます。

■ 未経験でも安心の1週間プログラム
・1日目：会社説明、安全講習、作業着の受け取り、作業場の見学
・2日目：先輩の隣で検品の実演を見学し、午後から一緒に作業
・3日目：梱包の袋詰め・箱詰めを先輩と一緒に担当
・4日目：シール貼りと仕分けを一人で担当。先輩は同じ作業台で見守ります
・5日目：検品から仕分けまでの流れを通しで経験
覚えることは3ステップの繰り返しなので、専門知識や資格は不要です。製造現場で人を育ててきた当社ならではの丁寧な立ち上がりを用意しています。

■ 設備・環境のポイント
・冷暖房完備の室内作業で、季節や天候に左右されません
・休憩室には電子レンジ・冷蔵庫・ポットがあり、フリーWi-Fiも使えます
・個人用の鍵付きロッカーを完備
・髪色・ネイル・服装は自由。清潔感があれば普段のスタイルのままで大丈夫です

■ 千葉県習志野市で働く
駅周辺の商業施設が充実し、湾岸部には物流倉庫も多いエリアです。
JR総武線・京成線が乗り入れる津田沼駅周辺が中心で、都内・千葉どちらからも通いやすい立地です。
習志野市周辺で「通勤時間を抑えて安定した正社員の仕事に就きたい」という方に、当社の検品・梱包はぴったりの選択肢です。

「難しいことはできないけれど、コツコツ続けることは得意」という方を、当社は大切にしています。まずはお気軽にご応募ください。","【当社の検品・梱包が選ばれる理由】

✅ 先輩スタッフの9割以上が未経験からのスタート
「商品を手に取る」「傷がないか見る」「箱に入れる」の3ステップが仕事の基本です。複雑な機械操作や専門用語はなく、入社初日は安全講習とオリエンテーションから始まるので、初めての正社員でも安心してスタートできます。

✅ 土日祝休み・年間休日125日
完全週休2日制で、カレンダー通りに休めます。夏季・冬季休暇、GW、年末年始のまとまった休みもあり、予定を立てやすい働き方です。

✅ 自分のペースで黙々と進められる仕事
ノルマに追われることはなく、接客もありません。「一人で集中して作業したい」「人間関係のストレスを減らしたい」という方にこそ向いている環境です。

✅ 休憩室でしっかりリフレッシュ
昼休憩60分に加えて午後に小休憩があり、集中力を保ちやすいリズムで働けます。休憩室にはポットやフリーWi-Fiもあり、お弁当派にも外食派にも便利です。

✅ 製造・物流の現場を支えてきた会社の正社員
当社は全国の製造現場で人材を育ててきた会社です。検品・梱包からスタートし、経験を積めばリーダーや別工程へのステップアップも目指せます。

✅ 地元習志野市で長く働く
駅周辺の商業施設が充実し、湾岸部には物流倉庫も多いエリアです。JR総武線・京成線が乗り入れる津田沼駅周辺が中心で、都内・千葉どちらからも通いやすい立地です。

「自分にもできそう」と思えたら、それがスタートの合図です。お気軽にご応募ください。","例外事由3号のイにより、長期キャリア形成を図るため、
35歳以下を募集しております。","【勤務時間】
★9:00~18:00
└実働8時間/休憩1時間

定時ダッシュも問題ないです✧
✧ 土日祝休み
✧ 残業月平均:6.5時間以内
✧ 残業代100%支給","✧ 完全週休2日制(土日祝休み)
✧ 年間休日125日
「土日休みはマスト!」ってあなたにも
ぴったりの職場です!

【その他休暇】
✧ 有給休暇
✧ 夏季・冬季休暇
✧ GW休暇
✧ 年末年始休暇",千葉県 習志野市,,"月給:25万円~+交通費全額支給

※経験に応じて決定いたします。

# 昇給あり
# 賞与あり
# 残業代100%支給
# 交通費支給","・社会保険完備（雇用・労災・健康・厚生年金）
・残業手当・深夜手当・休日出勤手当（実働時間に応じて支給）
・確定拠出年金制度（企業型）
・定期健康診断・インフルエンザ予防接種費用補助
・特別休暇（慶弔休暇）
・産前産後休暇・育児休業・介護休業
・資格取得支援制度（フォークリフト・自主保全士など）
・家具家電付き社員寮制度（勤務地による・規定あり）
・制服貸与
・社員持株会
・福利厚生サービス（レジャー・飲食の優待割引、保養施設）
・団体長期障害所得補償保険（GLTD）","【応募前の「気になる」にお答えします】

Q. 面接は堅苦しいですか？
A. いいえ。カジュアル面談を1回行うだけです。服装も自由、履歴書も任意です。

Q. 応募してからどのくらいで決まりますか？
A. 3ステップで進みます。
▶ STEP1 WEBから応募（1分）→ 1〜3日以内にご連絡
▶ STEP2 カジュアル面談（1回のみ）
▶ STEP3 採用

Q. すぐには入社できないのですが…
A. 入社日はご相談いただけます。今のお仕事の引き継ぎ期間なども考慮します。",,即日勤務OK、交通費支給、残業なし,2,任意,生年月日、性別、電話番号,ntf-indeedapplicant-aaaatulx77tci2k2pr5yeqapva@shukatsu-labo.slack.com,,,利用しない,,
募集中,日本マニュファクチャリングサービス株式会社,未経験｜検品・梱包｜日本マニュファクチャリングサービス株式会社｜佐倉市（千葉県）,倉庫作業スタッフ,20～30代活躍中◎佐倉市｜先輩の9割が未経験スタートの検品・梱包,,千葉県 佐倉市,,,正社員,はい,月給,250000,,最低額を表示,なし,,,,,,,固定時間制,160,,厚生年金、健康保険、雇用保険、労災保険,,なし,,,,,,,,,,,,,,,,,,"千葉県佐倉市エリアで、検品・梱包の正社員スタッフを募集します。
勤務先は佐倉市内および周辺の物流センター。商品にキズや汚れがないかを目で確かめ、数を合わせ、袋や箱に丁寧に納める作業が中心です。
1年を通して快適な温度に保たれた室内作業で、当社の先輩スタッフが隣で手順を教えます。

■ 入社後の1日はこんなイメージです
09:00 朝礼。体調確認と当日の出荷量の共有からスタート
09:15 午前は検品を中心に担当。商品の外観を目視で確認し、傷や汚れがあれば別置きにします
12:00 昼休憩（60分）。お弁当持参の方も、近くで買ってくる方もいます
13:00 午後は梱包を担当。袋詰め、箱詰め、テープ留めの3工程を繰り返します
15:00 小休憩（15分）。自動販売機で飲み物を買って一息
15:15 出荷分の最終チェックと仕分け。全員で協力して当日分を仕上げます
17:45 作業スペースの清掃と日報記入
18:00 定時退勤。残業は月平均6.5時間以内に収まっています

■ 主な作業内容
・検品：入荷した商品の外観チェック（傷・汚れ・パッケージのへこみ）と数量・品番の照合
・スキャン：バーコードリーダーで商品を読み取り、データと突き合わせます
・梱包：袋詰め、緩衝材包装、ダンボールの組み立てと箱詰め、テープ留め
・仕上げ：ラベル貼りと配送地域別の仕分け
扱うのはアパレル商品、コスメ、文房具、小型雑貨など。どれも軽く、繰り返しの中で自然と手順が身につく作業です。

■ 入社後1週間の流れ
1日目：オリエンテーション。安全ルール、勤怠の付け方、作業場の設備を案内します
2〜3日目：先輩スタッフがマンツーマンで隣につき、検品の見方と梱包の手順を実演しながら教えます
4〜5日目：シール貼りやダンボールの組み立てなど簡単な工程から一人で担当。分からないことはその場で質問できます
1週間後：検品・梱包の一連の流れをひと通り経験し、自分のペースで進められるようになります
当社は製造現場の教育に長年取り組んできた会社です。「早ければ半日、遅くとも2〜3日で一人立ち」が現場の平均的な目安ですが、慣れるまでは焦らず伴走します。

■ 働く環境について
作業場は1年を通して空調が効いており、汗だくになったり手がかじかんだりする心配はありません。
休憩室は広く、電子レンジや冷蔵庫、自動販売機が揃っています。昼休憩は各自のペースで過ごしています。
鍵付きロッカーを用意しているので、貴重品の管理も安心です。
服装や髪色は自由で、自分らしいスタイルのまま通勤できます。

■ 千葉県佐倉市で働く
歴史ある城下町の雰囲気と、東関東道沿いの物流施設が共存する街です。
JR総武本線の佐倉駅と京成線の京成佐倉駅が利用できます。
佐倉市周辺で「通勤時間を抑えて安定した正社員の仕事に就きたい」という方に、当社の検品・梱包はぴったりの選択肢です。

製造・物流の現場を支えてきた当社で、あなたのペースで一歩を踏み出してください。ご応募をお待ちしています。","【佐倉市で働くならここがポイント】

✅ 資格・経験・学歴は問いません
必要なのは「丁寧に確認する姿勢」だけ。検品の見方、梱包の手順はすべて入社後にお伝えします。フォークリフトなどの資格取得を目指したい方には支援制度もあり、長く働くほど仕事の幅が広がります。

✅ 残業は月平均6.5時間以内
出荷量に合わせて人員を配置しているため、定時で帰れる日がほとんどです。仕事の後に予定を入れたり、家でゆっくり過ごしたりする時間をきちんと確保できます。

✅ 重い荷物はほとんどありません
扱うのは衣類・コスメ・文房具・小型雑貨など軽い商品が中心です。重量物の持ち上げや力仕事はほぼなく、身体への負担を抑えて長く続けられます。

✅ 休憩室でしっかりリフレッシュ
昼休憩60分に加えて午後に小休憩があり、集中力を保ちやすいリズムで働けます。休憩室にはポットやフリーWi-Fiもあり、お弁当派にも外食派にも便利です。

✅ 相談しやすい体制
配属先にはリーダーが常駐し、定期的な面談で困りごとを聞き取ります。作業のこと、通勤のこと、働き方のこと、何でも相談してください。

✅ 佐倉市で通いやすい勤務地
JR総武本線の佐倉駅と京成線の京成佐倉駅が利用できます。歴史ある城下町の雰囲気と、東関東道沿いの物流施設が共存する街です。

まずはカジュアル面談で、職場の雰囲気や1日の流れをお伝えします。ご応募をお待ちしています。","例外事由3号のイにより、長期キャリア形成を図るため、
35歳以下を募集しております。","【勤務時間】
★9:00~18:00
└実働8時間/休憩1時間

定時ダッシュも問題ないです✧
✧ 土日祝休み
✧ 残業月平均:6.5時間以内
✧ 残業代100%支給","✧ 完全週休2日制(土日祝休み)
✧ 年間休日125日
「土日休みはマスト!」ってあなたにも
ぴったりの職場です!

【その他休暇】
✧ 有給休暇
✧ 夏季・冬季休暇
✧ GW休暇
✧ 年末年始休暇",千葉県 佐倉市,,"月給:25万円~+交通費全額支給

※経験に応じて決定いたします。

# 昇給あり
# 賞与あり
# 残業代100%支給
# 交通費支給","・社会保険完備（雇用・労災・健康・厚生年金）
・残業手当・深夜手当・休日出勤手当（実働時間に応じて支給）
・確定拠出年金制度（企業型）
・定期健康診断・インフルエンザ予防接種費用補助
・特別休暇（慶弔休暇）
・産前産後休暇・育児休業・介護休業
・資格取得支援制度（フォークリフト・自主保全士など）
・家具家電付き社員寮制度（勤務地による・規定あり）
・制服貸与
・社員持株会
・福利厚生サービス（レジャー・飲食の優待割引、保養施設）
・団体長期障害所得補償保険（GLTD）","まずは「話を聞いてみる」だけで大丈夫です。

当社ではカジュアル面談を実施しています。
志望動機や自己PRの準備は不要。
「どんな職場？」「本当に未経験でもできる？」といった疑問に、担当者が率直にお答えします。

■ 応募から入社までの3STEP ■
▶ STEP1 WEB応募（1分）
▶ STEP2 カジュアル面談（1回のみ・1〜3日以内にご連絡）
▶ STEP3 採用・入社日のご相談

入社日は柔軟に調整できます。
「来月から」「今の仕事を辞めてから」など、ご都合をお聞かせください。",,即日勤務OK、交通費支給、残業なし,2,任意,生年月日、性別、電話番号,ntf-indeedapplicant-aaaatulx77tci2k2pr5yeqapva@shukatsu-labo.slack.com,,,利用しない,,
募集中,日本マニュファクチャリングサービス株式会社,未経験｜検品・梱包｜日本マニュファクチャリングサービス株式会社｜成田市（千葉県）,倉庫作業スタッフ,20～30代活躍中◎未経験から製造のプロへ｜成田市の検品・梱包スタッフ,,千葉県 成田市,,,正社員,はい,月給,250000,,最低額を表示,なし,,,,,,,固定時間制,160,,厚生年金、健康保険、雇用保険、労災保険,,なし,,,,,,,,,,,,,,,,,,"成田市内および周辺の物流センターで、通販商品や生活雑貨の「検品・梱包」を担当する正社員スタッフの募集です。
冷暖房が効いた清潔な作業場で、商品をひとつずつ確認し、丁寧に箱へ納めていく落ち着いた仕事です。
製造・物流の現場を長年支えてきた当社が、未経験の方を一から育てます。

■ ある1日のスケジュール（日勤・実働8時間）
09:00 出勤・朝礼。リーダーから本日の作業内容と注意点の共有があります
09:10 検品スタート。ハンディ端末でバーコードを読み取り、品番と数量を照合
10:30 小休憩（10分）
12:00 昼休憩（60分）。電子レンジ・冷蔵庫のある休憩室で昼食
13:00 梱包作業。緩衝材で商品を包み、ダンボールを組み立てて詰めていきます
15:00 小休憩（15分）
15:15 出荷準備。伝票シールを貼り、配送業者ごとにコンテナへ仕分け
17:45 清掃・翌日分の資材補充
18:00 退勤。土日祝はお休みで、翌日の予定も立てやすい働き方です

■ 主な作業内容
・検品：入荷した商品の外観チェック（傷・汚れ・パッケージのへこみ）と数量・品番の照合
・スキャン：バーコードリーダーで商品を読み取り、データと突き合わせます
・梱包：袋詰め、緩衝材包装、ダンボールの組み立てと箱詰め、テープ留め
・仕上げ：ラベル貼りと配送地域別の仕分け
扱うのはアパレル商品、コスメ、文房具、小型雑貨など。どれも軽く、繰り返しの中で自然と手順が身につく作業です。

■ 教育・研修体制
入社初日は安全講習とオリエンテーションから始まり、いきなり現場に出ることはありません。
2日目以降は専任の先輩スタッフが隣について、検品・梱包の手順を実際にやって見せながら説明します。
最初の1週間は「見る→一緒にやる→一人でやる」の順で少しずつ担当を広げ、1週間後にはひと通りの作業を経験できるスケジュールです。
リーダーは常に作業場内にいるため、「これはどこに置くのでしたか」といった質問もすぐに解決できます。

■ 設備・環境のポイント
・冷暖房完備の室内作業で、季節や天候に左右されません
・休憩室には電子レンジ・冷蔵庫・ポットがあり、フリーWi-Fiも使えます
・個人用の鍵付きロッカーを完備
・髪色・ネイル・服装は自由。清潔感があれば普段のスタイルのままで大丈夫です

■ 成田市の拠点ならではの一言
JR成田線・京成本線の成田駅が最寄りで、東関東道の成田ICも近い立地です。
成田空港を抱え、航空貨物や輸入品を扱う物流拠点が集中するエリアです。
当社は千葉県内に複数の勤務先を持っているため、ご自宅からの通いやすさも考慮して配属先を相談できます。

「難しいことはできないけれど、コツコツ続けることは得意」という方を、当社は大切にしています。まずはお気軽にご応募ください。","【当社の検品・梱包が選ばれる理由】

✅ 資格・経験・学歴は問いません
必要なのは「丁寧に確認する姿勢」だけ。検品の見方、梱包の手順はすべて入社後にお伝えします。フォークリフトなどの資格取得を目指したい方には支援制度もあり、長く働くほど仕事の幅が広がります。

✅ 土日祝休み・年間休日125日
完全週休2日制で、カレンダー通りに休めます。夏季・冬季休暇、GW、年末年始のまとまった休みもあり、予定を立てやすい働き方です。

✅ 重い荷物はほとんどありません
扱うのは衣類・コスメ・文房具・小型雑貨など軽い商品が中心です。重量物の持ち上げや力仕事はほぼなく、身体への負担を抑えて長く続けられます。

✅ 休憩室でしっかりリフレッシュ
昼休憩60分に加えて午後に小休憩があり、集中力を保ちやすいリズムで働けます。休憩室にはポットやフリーWi-Fiもあり、お弁当派にも外食派にも便利です。

✅ 安定した雇用と福利厚生
正社員としての雇用に加え、社会保険完備、定期健康診断、資格取得支援などの制度があります。「腰を据えて働きたい」という希望に応えられる環境です。

✅ 成田市で通いやすい勤務地
JR成田線・京成本線の成田駅が最寄りで、東関東道の成田ICも近い立地です。成田空港を抱え、航空貨物や輸入品を扱う物流拠点が集中するエリアです。

「自分にもできそう」と思えたら、それがスタートの合図です。お気軽にご応募ください。","例外事由3号のイにより、長期キャリア形成を図るため、
35歳以下を募集しております。","【勤務時間】
★9:00~18:00
└実働8時間/休憩1時間

定時ダッシュも問題ないです✧
✧ 土日祝休み
✧ 残業月平均:6.5時間以内
✧ 残業代100%支給","✧ 完全週休2日制(土日祝休み)
✧ 年間休日125日
「土日休みはマスト!」ってあなたにも
ぴったりの職場です!

【その他休暇】
✧ 有給休暇
✧ 夏季・冬季休暇
✧ GW休暇
✧ 年末年始休暇",千葉県 成田市,,"月給:25万円~+交通費全額支給

※経験に応じて決定いたします。

# 昇給あり
# 賞与あり
# 残業代100%支給
# 交通費支給","・社会保険完備（雇用・労災・健康・厚生年金）
・残業手当・深夜手当・休日出勤手当（実働時間に応じて支給）
・確定拠出年金制度（企業型）
・定期健康診断・インフルエンザ予防接種費用補助
・特別休暇（慶弔休暇）
・産前産後休暇・育児休業・介護休業
・資格取得支援制度（フォークリフト・自主保全士など）
・家具家電付き社員寮制度（勤務地による・規定あり）
・制服貸与
・社員持株会
・福利厚生サービス（レジャー・飲食の優待割引、保養施設）
・団体長期障害所得補償保険（GLTD）","【最短スケジュールのイメージ】

▶ STEP1 今日：WEBから1分で応募
▶ STEP2 1〜3日後：担当者からご連絡 → カジュアル面談の日程調整
▶ STEP3 面談当日：カジュアル面談（1回のみ）→ 採用のご連絡

面談では、職場の雰囲気・1日の流れ・通勤のことなど、
気になることを何でも聞いてください。

✧ 入社日はご相談いただけます ✧
「すぐ働きたい」「少し先がいい」どちらのご希望にも対応します。",,即日勤務OK、交通費支給、残業なし,2,任意,生年月日、性別、電話番号,ntf-indeedapplicant-aaaatulx77tci2k2pr5yeqapva@shukatsu-labo.slack.com,,,利用しない,,
募集中,日本マニュファクチャリングサービス株式会社,未経験｜検品・梱包｜日本マニュファクチャリングサービス株式会社｜野田市（千葉県）,倉庫作業スタッフ,20～30代活躍中◎野田市｜黙々作業が好きな方に向く検品・梱包,,千葉県 野田市,,,正社員,はい,月給,250000,,最低額を表示,なし,,,,,,,固定時間制,160,,厚生年金、健康保険、雇用保険、労災保険,,なし,,,,,,,,,,,,,,,,,,"勤務先は野田市内および周辺の物流センター。扱うのは衣類・コスメ・文房具・小型雑貨など、手のひらサイズの軽い商品が中心です。
担当していただくのは、届いた商品に不備がないかを確かめ、出荷用の箱に整えて詰める「検品・梱包」の作業。
空調完備の室内で、自分のペースを保ちながら黙々と取り組める環境です。

■ 入社後の1日はこんなイメージです
09:00 朝礼。体調確認と当日の出荷量の共有からスタート
09:15 午前は検品を中心に担当。商品の外観を目視で確認し、傷や汚れがあれば別置きにします
12:00 昼休憩（60分）。お弁当持参の方も、近くで買ってくる方もいます
13:00 午後は梱包を担当。袋詰め、箱詰め、テープ留めの3工程を繰り返します
15:00 小休憩（15分）。自動販売機で飲み物を買って一息
15:15 出荷分の最終チェックと仕分け。全員で協力して当日分を仕上げます
17:45 作業スペースの清掃と日報記入
18:00 定時退勤。残業は月平均6.5時間以内に収まっています

■ 扱う商品と作業の具体例
・衣類・タオルなどの布製品：ほつれや汚れがないか確認し、専用の透明袋に入れます
・コスメ・ガラス製の小物：割れやすいため、緩衝材で包んでから箱に納めます
・文房具・生活雑貨：品番と個数を納品書と照合し、まとめて袋詰めします
・出荷前の箱：伝票シールと「割れ物注意」「水濡れ厳禁」などの注意シールを所定位置に貼ります
いずれも手のひらから両手で持てる大きさの商品で、重量物の持ち上げはありません。

■ 未経験でも安心の1週間プログラム
・1日目：会社説明、安全講習、作業着の受け取り、作業場の見学
・2日目：先輩の隣で検品の実演を見学し、午後から一緒に作業
・3日目：梱包の袋詰め・箱詰めを先輩と一緒に担当
・4日目：シール貼りと仕分けを一人で担当。先輩は同じ作業台で見守ります
・5日目：検品から仕分けまでの流れを通しで経験
覚えることは3ステップの繰り返しなので、専門知識や資格は不要です。製造現場で人を育ててきた当社ならではの丁寧な立ち上がりを用意しています。

■ 職場環境
・空調完備：冷暖房が効いた清潔な室内で、夏も冬も快適に作業できます
・休憩室：電子レンジ・冷蔵庫・ポット・自動販売機を完備。お弁当持参でもゆっくり過ごせます
・ロッカー：鍵付きの個人ロッカーがあり、私物を安心して預けられます
・服装：髪色・ネイルは自由。動きやすい服装で通勤し、現場のルールに沿って作業します

■ 野田市の拠点ならではの一言
東武アーバンパークラインの野田市駅・愛宕駅が最寄りで、柏・春日部方面からも通えます。
醤油のまちとして知られ、国道16号沿いに物流施設が集まる地域です。
当社は千葉県内に複数の勤務先を持っているため、ご自宅からの通いやすさも考慮して配属先を相談できます。

製造・物流の現場を支えてきた当社で、あなたのペースで一歩を踏み出してください。ご応募をお待ちしています。","【野田市で働くならここがポイント】

✅ 覚えることは少なく、教え方は丁寧に
製造現場で人を育ててきた当社では、専任の先輩がマンツーマンで隣につきます。最初はシール貼りやダンボールの組み立てといった簡単な工程から始め、1週間でひと通りの流れを経験できるプログラムを用意しています。

✅ 平日は定時、週末はしっかり休む
9:00〜18:00の固定時間制で、生活リズムが安定します。土日祝はお休みなので、家族や友人と予定を合わせやすいのも魅力です。

✅ 自分のペースで黙々と進められる仕事
ノルマに追われることはなく、接客もありません。「一人で集中して作業したい」「人間関係のストレスを減らしたい」という方にこそ向いている環境です。

✅ 髪色・ネイル・服装は自由
清潔感があれば普段のスタイルのままで大丈夫です。動きやすい服装で通勤し、現場のルールに沿って作業します。

✅ 製造・物流の現場を支えてきた会社の正社員
当社は全国の製造現場で人材を育ててきた会社です。検品・梱包からスタートし、経験を積めばリーダーや別工程へのステップアップも目指せます。

✅ 野田市で通いやすい勤務地
東武アーバンパークラインの野田市駅・愛宕駅が最寄りで、柏・春日部方面からも通えます。醤油のまちとして知られ、国道16号沿いに物流施設が集まる地域です。

まずはカジュアル面談で、職場の雰囲気や1日の流れをお伝えします。ご応募をお待ちしています。","例外事由3号のイにより、長期キャリア形成を図るため、
35歳以下を募集しております。","【勤務時間】
★9:00~18:00
└実働8時間/休憩1時間

定時ダッシュも問題ないです✧
✧ 土日祝休み
✧ 残業月平均:6.5時間以内
✧ 残業代100%支給","✧ 完全週休2日制(土日祝休み)
✧ 年間休日125日
「土日休みはマスト!」ってあなたにも
ぴったりの職場です!

【その他休暇】
✧ 有給休暇
✧ 夏季・冬季休暇
✧ GW休暇
✧ 年末年始休暇",千葉県 野田市,,"月給:25万円~+交通費全額支給

※経験に応じて決定いたします。

# 昇給あり
# 賞与あり
# 残業代100%支給
# 交通費支給","・社会保険完備（雇用・労災・健康・厚生年金）
・残業手当・深夜手当・休日出勤手当（実働時間に応じて支給）
・確定拠出年金制度（企業型）
・定期健康診断・インフルエンザ予防接種費用補助
・特別休暇（慶弔休暇）
・産前産後休暇・育児休業・介護休業
・資格取得支援制度（フォークリフト・自主保全士など）
・家具家電付き社員寮制度（勤務地による・規定あり）
・制服貸与
・社員持株会
・福利厚生サービス（レジャー・飲食の優待割引、保養施設）
・団体長期障害所得補償保険（GLTD）","■ 選考について ■
・カジュアル面談：1回のみ（服装自由・履歴書任意）
・応募から面談まで：WEB応募後、1〜3日以内にご連絡
・入社日：ご相談のうえ決定

■ 応募からの流れ ■
▶ STEP1 WEBから1分で応募
▶ STEP2 カジュアル面談（1回のみ）
▶ STEP3 採用

「まずは話だけ聞いてみたい」という方も、そのままご応募ください。
面談で無理に応募を勧めることはありません。",,即日勤務OK、交通費支給、残業なし,2,任意,生年月日、性別、電話番号,ntf-indeedapplicant-aaaatulx77tci2k2pr5yeqapva@shukatsu-labo.slack.com,,,利用しない,,
募集中,日本マニュファクチャリングサービス株式会社,未経験｜検品・梱包｜日本マニュファクチャリングサービス株式会社｜松戸市（千葉県）,倉庫作業スタッフ,20～30代活躍中◎松戸市｜空調完備の倉庫でコツコツ検品・梱包,,千葉県 松戸市,,,正社員,はい,月給,250000,,最低額を表示,なし,,,,,,,固定時間制,160,,厚生年金、健康保険、雇用保険、労災保険,,なし,,,,,,,,,,,,,,,,,,"「ものづくりの現場を支える仕事を、正社員として腰を据えて続けたい」という方へ。
松戸市内および周辺の物流センターで、商品の検品と梱包を担当するスタッフを募集します。
空調の効いた清潔な作業場で、座り作業と立ち作業を組み合わせながら無理なく進められる仕事です。

■ 1日の流れ（9:00〜18:00・休憩1時間）
09:00 朝礼。当日の出荷予定と担当エリアを確認し、作業台へ移動します
09:15 午前の検品。入荷した商品を納品書と照らし合わせ、外観と数量をチェック
12:00 昼休憩（60分）。休憩室でゆっくり昼食をとります
13:00 午後の梱包。検品を終えた商品を袋詰めし、サイズに合った箱に納めます
15:00 小休憩（15分）。水分補給と軽いストレッチでリフレッシュ
15:15 ラベル貼りと出荷先ごとの仕分け。台車で所定の場所へ運びます
17:40 作業台の整理整頓と翌日の準備
18:00 退勤。残業は月平均6.5時間以内で、定時に帰れる日がほとんどです

■ 扱う商品と作業の具体例
・衣類・タオルなどの布製品：ほつれや汚れがないか確認し、専用の透明袋に入れます
・コスメ・ガラス製の小物：割れやすいため、緩衝材で包んでから箱に納めます
・文房具・生活雑貨：品番と個数を納品書と照合し、まとめて袋詰めします
・出荷前の箱：伝票シールと「割れ物注意」「水濡れ厳禁」などの注意シールを所定位置に貼ります
いずれも手のひらから両手で持てる大きさの商品で、重量物の持ち上げはありません。

■ 入社後1週間の流れ
1日目：オリエンテーション。安全ルール、勤怠の付け方、作業場の設備を案内します
2〜3日目：先輩スタッフがマンツーマンで隣につき、検品の見方と梱包の手順を実演しながら教えます
4〜5日目：シール貼りやダンボールの組み立てなど簡単な工程から一人で担当。分からないことはその場で質問できます
1週間後：検品・梱包の一連の流れをひと通り経験し、自分のペースで進められるようになります
当社は製造現場の教育に長年取り組んできた会社です。「早ければ半日、遅くとも2〜3日で一人立ち」が現場の平均的な目安ですが、慣れるまでは焦らず伴走します。

■ 設備・環境のポイント
・冷暖房完備の室内作業で、季節や天候に左右されません
・休憩室には電子レンジ・冷蔵庫・ポットがあり、フリーWi-Fiも使えます
・個人用の鍵付きロッカーを完備
・髪色・ネイル・服装は自由。清潔感があれば普段のスタイルのままで大丈夫です

■ 千葉県松戸市で働く
住宅地として人気が高く、周辺に配送センターや物流施設も多いエリアです。
JR常磐線・武蔵野線と新京成線が利用でき、都内まで20分圏内です。
松戸市周辺で「通勤時間を抑えて安定した正社員の仕事に就きたい」という方に、当社の検品・梱包はぴったりの選択肢です。

製造・物流の現場を支えてきた当社で、あなたのペースで一歩を踏み出してください。ご応募をお待ちしています。","【当社の検品・梱包が選ばれる理由】

✅ 覚えることは少なく、教え方は丁寧に
製造現場で人を育ててきた当社では、専任の先輩がマンツーマンで隣につきます。最初はシール貼りやダンボールの組み立てといった簡単な工程から始め、1週間でひと通りの流れを経験できるプログラムを用意しています。

✅ 残業は月平均6.5時間以内
出荷量に合わせて人員を配置しているため、定時で帰れる日がほとんどです。仕事の後に予定を入れたり、家でゆっくり過ごしたりする時間をきちんと確保できます。

✅ 自分のペースで黙々と進められる仕事
ノルマに追われることはなく、接客もありません。「一人で集中して作業したい」「人間関係のストレスを減らしたい」という方にこそ向いている環境です。

✅ 髪色・ネイル・服装は自由
清潔感があれば普段のスタイルのままで大丈夫です。動きやすい服装で通勤し、現場のルールに沿って作業します。

✅ 相談しやすい体制
配属先にはリーダーが常駐し、定期的な面談で困りごとを聞き取ります。作業のこと、通勤のこと、働き方のこと、何でも相談してください。

✅ 地元松戸市で長く働く
住宅地として人気が高く、周辺に配送センターや物流施設も多いエリアです。JR常磐線・武蔵野線と新京成線が利用でき、都内まで20分圏内です。

まずはカジュアル面談で、職場の雰囲気や1日の流れをお伝えします。ご応募をお待ちしています。","例外事由3号のイにより、長期キャリア形成を図るため、
35歳以下を募集しております。","【勤務時間】
★9:00~18:00
└実働8時間/休憩1時間

定時ダッシュも問題ないです✧
✧ 土日祝休み
✧ 残業月平均:6.5時間以内
✧ 残業代100%支給","✧ 完全週休2日制(土日祝休み)
✧ 年間休日125日
「土日休みはマスト!」ってあなたにも
ぴったりの職場です!

【その他休暇】
✧ 有給休暇
✧ 夏季・冬季休暇
✧ GW休暇
✧ 年末年始休暇",千葉県 松戸市,,"月給:25万円~+交通費全額支給

※経験に応じて決定いたします。

# 昇給あり
# 賞与あり
# 残業代100%支給
# 交通費支給","・社会保険完備（雇用・労災・健康・厚生年金）
・残業手当・深夜手当・休日出勤手当（実働時間に応じて支給）
・確定拠出年金制度（企業型）
・定期健康診断・インフルエンザ予防接種費用補助
・特別休暇（慶弔休暇）
・産前産後休暇・育児休業・介護休業
・資格取得支援制度（フォークリフト・自主保全士など）
・家具家電付き社員寮制度（勤務地による・規定あり）
・制服貸与
・社員持株会
・福利厚生サービス（レジャー・飲食の優待割引、保養施設）
・団体長期障害所得補償保険（GLTD）","✧ カジュアル面談実施中です ✧

応募に必要なのは人柄だけ。
まずはあなたのご希望を聞かせてください。

■ 応募からの流れ ■
▶ STEP1 WEBから1分で簡単応募
1〜3日以内に担当者からご連絡します。
▶ STEP2 カジュアル面談（1回のみ）
職場の雰囲気や1日の流れをお伝えし、ご希望を伺います。
▶ STEP3 採用

※入社日はご相談いただけます◎
在職中の方も、お気軽にご相談ください。",,即日勤務OK、交通費支給、残業なし,2,任意,生年月日、性別、電話番号,ntf-indeedapplicant-aaaatulx77tci2k2pr5yeqapva@shukatsu-labo.slack.com,,,利用しない,,
募集中,日本マニュファクチャリングサービス株式会社,未経験｜検品・梱包｜日本マニュファクチャリングサービス株式会社｜船橋市（千葉県）,倉庫作業スタッフ,20～30代活躍中◎船橋市｜マンツーマン研修で安心の検品・梱包,,千葉県 船橋市,,,正社員,はい,月給,250000,,最低額を表示,なし,,,,,,,固定時間制,160,,厚生年金、健康保険、雇用保険、労災保険,,なし,,,,,,,,,,,,,,,,,,"千葉県船橋市エリアで、検品・梱包の正社員スタッフを募集します。
勤務先は船橋市内および周辺の物流センター。商品にキズや汚れがないかを目で確かめ、数を合わせ、袋や箱に丁寧に納める作業が中心です。
1年を通して快適な温度に保たれた室内作業で、当社の先輩スタッフが隣で手順を教えます。

■ ある1日のスケジュール（日勤・実働8時間）
09:00 出勤・朝礼。リーダーから本日の作業内容と注意点の共有があります
09:10 検品スタート。ハンディ端末でバーコードを読み取り、品番と数量を照合
10:30 小休憩（10分）
12:00 昼休憩（60分）。電子レンジ・冷蔵庫のある休憩室で昼食
13:00 梱包作業。緩衝材で商品を包み、ダンボールを組み立てて詰めていきます
15:00 小休憩（15分）
15:15 出荷準備。伝票シールを貼り、配送業者ごとにコンテナへ仕分け
17:45 清掃・翌日分の資材補充
18:00 退勤。土日祝はお休みで、翌日の予定も立てやすい働き方です

■ 作業の流れ（3ステップ）
1. 検品：商品を手に取り、傷・汚れ・数量を確認します。迷ったら「保留」の箱に入れてリーダーに確認するだけです
2. 梱包：商品に合わせて袋・緩衝材・箱を選び、動かないように納めてテープで封をします
3. 仕分け：伝票シールを貼り、配送地域ごとに分けられたコンテナへ移します
扱う商品は衣類・雑貨・コスメ・文房具などの軽いものが中心で、フォークリフトなどの機械操作はありません。

■ 入社後1週間の流れ
1日目：オリエンテーション。安全ルール、勤怠の付け方、作業場の設備を案内します
2〜3日目：先輩スタッフがマンツーマンで隣につき、検品の見方と梱包の手順を実演しながら教えます
4〜5日目：シール貼りやダンボールの組み立てなど簡単な工程から一人で担当。分からないことはその場で質問できます
1週間後：検品・梱包の一連の流れをひと通り経験し、自分のペースで進められるようになります
当社は製造現場の教育に長年取り組んできた会社です。「早ければ半日、遅くとも2〜3日で一人立ち」が現場の平均的な目安ですが、慣れるまでは焦らず伴走します。

■ 職場環境
・空調完備：冷暖房が効いた清潔な室内で、夏も冬も快適に作業できます
・休憩室：電子レンジ・冷蔵庫・ポット・自動販売機を完備。お弁当持参でもゆっくり過ごせます
・ロッカー：鍵付きの個人ロッカーがあり、私物を安心して預けられます
・服装：髪色・ネイルは自由。動きやすい服装で通勤し、現場のルールに沿って作業します

■ 千葉県船橋市で働く
湾岸エリアに大型物流施設が並ぶ、県内有数の物流拠点です。
JR・東武・京成・東葉高速線など路線が豊富で、県内外どこからでも通いやすい地域です。
船橋市周辺で「通勤時間を抑えて安定した正社員の仕事に就きたい」という方に、当社の検品・梱包はぴったりの選択肢です。

「難しいことはできないけれど、コツコツ続けることは得意」という方を、当社は大切にしています。まずはお気軽にご応募ください。","【船橋市で働くならここがポイント】

✅ 先輩スタッフの9割以上が未経験からのスタート
「商品を手に取る」「傷がないか見る」「箱に入れる」の3ステップが仕事の基本です。複雑な機械操作や専門用語はなく、入社初日は安全講習とオリエンテーションから始まるので、初めての正社員でも安心してスタートできます。

✅ 土日祝休み・年間休日125日
完全週休2日制で、カレンダー通りに休めます。夏季・冬季休暇、GW、年末年始のまとまった休みもあり、予定を立てやすい働き方です。

✅ 自分のペースで黙々と進められる仕事
ノルマに追われることはなく、接客もありません。「一人で集中して作業したい」「人間関係のストレスを減らしたい」という方にこそ向いている環境です。

✅ 髪色・ネイル・服装は自由
清潔感があれば普段のスタイルのままで大丈夫です。動きやすい服装で通勤し、現場のルールに沿って作業します。

✅ 安定した雇用と福利厚生
正社員としての雇用に加え、社会保険完備、定期健康診断、資格取得支援などの制度があります。「腰を据えて働きたい」という希望に応えられる環境です。

✅ 地元船橋市で長く働く
湾岸エリアに大型物流施設が並ぶ、県内有数の物流拠点です。JR・東武・京成・東葉高速線など路線が豊富で、県内外どこからでも通いやすい地域です。

「自分にもできそう」と思えたら、それがスタートの合図です。お気軽にご応募ください。","例外事由3号のイにより、長期キャリア形成を図るため、
35歳以下を募集しております。","【勤務時間】
★9:00~18:00
└実働8時間/休憩1時間

定時ダッシュも問題ないです✧
✧ 土日祝休み
✧ 残業月平均:6.5時間以内
✧ 残業代100%支給","✧ 完全週休2日制(土日祝休み)
✧ 年間休日125日
「土日休みはマスト!」ってあなたにも
ぴったりの職場です!

【その他休暇】
✧ 有給休暇
✧ 夏季・冬季休暇
✧ GW休暇
✧ 年末年始休暇",千葉県 船橋市,,"月給:25万円~+交通費全額支給

※経験に応じて決定いたします。

# 昇給あり
# 賞与あり
# 残業代100%支給
# 交通費支給","・社会保険完備（雇用・労災・健康・厚生年金）
・残業手当・深夜手当・休日出勤手当（実働時間に応じて支給）
・確定拠出年金制度（企業型）
・定期健康診断・インフルエンザ予防接種費用補助
・特別休暇（慶弔休暇）
・産前産後休暇・育児休業・介護休業
・資格取得支援制度（フォークリフト・自主保全士など）
・家具家電付き社員寮制度（勤務地による・規定あり）
・制服貸与
・社員持株会
・福利厚生サービス（レジャー・飲食の優待割引、保養施設）
・団体長期障害所得補償保険（GLTD）","【応募前の「気になる」にお答えします】

Q. 面接は堅苦しいですか？
A. いいえ。カジュアル面談を1回行うだけです。服装も自由、履歴書も任意です。

Q. 応募してからどのくらいで決まりますか？
A. 3ステップで進みます。
▶ STEP1 WEBから応募（1分）→ 1〜3日以内にご連絡
▶ STEP2 カジュアル面談（1回のみ）
▶ STEP3 採用

Q. すぐには入社できないのですが…
A. 入社日はご相談いただけます。今のお仕事の引き継ぎ期間なども考慮します。",,即日勤務OK、交通費支給、残業なし,2,任意,生年月日、性別、電話番号,ntf-indeedapplicant-aaaatulx77tci2k2pr5yeqapva@shukatsu-labo.slack.com,,,利用しない,,
募集中,日本マニュファクチャリングサービス株式会社,未経験｜検品・梱包｜日本マニュファクチャリングサービス株式会社｜市川市（千葉県）,倉庫作業スタッフ,20～30代活躍中◎市川市で正社員デビュー｜検品・梱包のシンプル作業,,千葉県 市川市,,,正社員,はい,月給,250000,,最低額を表示,なし,,,,,,,固定時間制,160,,厚生年金、健康保険、雇用保険、労災保険,,なし,,,,,,,,,,,,,,,,,,"市川市内および周辺の物流センターで、通販商品や生活雑貨の「検品・梱包」を担当する正社員スタッフの募集です。
冷暖房が効いた清潔な作業場で、商品をひとつずつ確認し、丁寧に箱へ納めていく落ち着いた仕事です。
製造・物流の現場を長年支えてきた当社が、未経験の方を一から育てます。

■ 1日の流れ（9:00〜18:00・休憩1時間）
09:00 朝礼。当日の出荷予定と担当エリアを確認し、作業台へ移動します
09:15 午前の検品。入荷した商品を納品書と照らし合わせ、外観と数量をチェック
12:00 昼休憩（60分）。休憩室でゆっくり昼食をとります
13:00 午後の梱包。検品を終えた商品を袋詰めし、サイズに合った箱に納めます
15:00 小休憩（15分）。水分補給と軽いストレッチでリフレッシュ
15:15 ラベル貼りと出荷先ごとの仕分け。台車で所定の場所へ運びます
17:40 作業台の整理整頓と翌日の準備
18:00 退勤。残業は月平均6.5時間以内で、定時に帰れる日がほとんどです

■ 作業の流れ（3ステップ）
1. 検品：商品を手に取り、傷・汚れ・数量を確認します。迷ったら「保留」の箱に入れてリーダーに確認するだけです
2. 梱包：商品に合わせて袋・緩衝材・箱を選び、動かないように納めてテープで封をします
3. 仕分け：伝票シールを貼り、配送地域ごとに分けられたコンテナへ移します
扱う商品は衣類・雑貨・コスメ・文房具などの軽いものが中心で、フォークリフトなどの機械操作はありません。

■ 教育・研修体制
入社初日は安全講習とオリエンテーションから始まり、いきなり現場に出ることはありません。
2日目以降は専任の先輩スタッフが隣について、検品・梱包の手順を実際にやって見せながら説明します。
最初の1週間は「見る→一緒にやる→一人でやる」の順で少しずつ担当を広げ、1週間後にはひと通りの作業を経験できるスケジュールです。
リーダーは常に作業場内にいるため、「これはどこに置くのでしたか」といった質問もすぐに解決できます。

■ 働く環境について
作業場は1年を通して空調が効いており、汗だくになったり手がかじかんだりする心配はありません。
休憩室は広く、電子レンジや冷蔵庫、自動販売機が揃っています。昼休憩は各自のペースで過ごしています。
鍵付きロッカーを用意しているので、貴重品の管理も安心です。
服装や髪色は自由で、自分らしいスタイルのまま通勤できます。

■ 市川市の拠点ならではの一言
JR総武線・京葉線、京成線、東京メトロ東西線が利用でき、都内からも通いやすい街です。
湾岸部に物流センターが集まる、東京に隣接した利便性の高い地域です。
当社は千葉県内に複数の勤務先を持っているため、ご自宅からの通いやすさも考慮して配属先を相談できます。

製造・物流の現場を支えてきた当社で、あなたのペースで一歩を踏み出してください。ご応募をお待ちしています。","【当社の検品・梱包が選ばれる理由】

✅ 先輩スタッフの9割以上が未経験からのスタート
「商品を手に取る」「傷がないか見る」「箱に入れる」の3ステップが仕事の基本です。複雑な機械操作や専門用語はなく、入社初日は安全講習とオリエンテーションから始まるので、初めての正社員でも安心してスタートできます。

✅ 平日は定時、週末はしっかり休む
9:00〜18:00の固定時間制で、生活リズムが安定します。土日祝はお休みなので、家族や友人と予定を合わせやすいのも魅力です。

✅ 重い荷物はほとんどありません
扱うのは衣類・コスメ・文房具・小型雑貨など軽い商品が中心です。重量物の持ち上げや力仕事はほぼなく、身体への負担を抑えて長く続けられます。

✅ 髪色・ネイル・服装は自由
清潔感があれば普段のスタイルのままで大丈夫です。動きやすい服装で通勤し、現場のルールに沿って作業します。

✅ 製造・物流の現場を支えてきた会社の正社員
当社は全国の製造現場で人材を育ててきた会社です。検品・梱包からスタートし、経験を積めばリーダーや別工程へのステップアップも目指せます。

✅ 地元市川市で長く働く
湾岸部に物流センターが集まる、東京に隣接した利便性の高い地域です。JR総武線・京葉線、京成線、東京メトロ東西線が利用でき、都内からも通いやすい街です。

まずはカジュアル面談で、職場の雰囲気や1日の流れをお伝えします。ご応募をお待ちしています。","例外事由3号のイにより、長期キャリア形成を図るため、
35歳以下を募集しております。","【勤務時間】
★9:00~18:00
└実働8時間/休憩1時間

定時ダッシュも問題ないです✧
✧ 土日祝休み
✧ 残業月平均:6.5時間以内
✧ 残業代100%支給","✧ 完全週休2日制(土日祝休み)
✧ 年間休日125日
「土日休みはマスト!」ってあなたにも
ぴったりの職場です!

【その他休暇】
✧ 有給休暇
✧ 夏季・冬季休暇
✧ GW休暇
✧ 年末年始休暇",千葉県 市川市,,"月給:25万円~+交通費全額支給

※経験に応じて決定いたします。

# 昇給あり
# 賞与あり
# 残業代100%支給
# 交通費支給","・社会保険完備（雇用・労災・健康・厚生年金）
・残業手当・深夜手当・休日出勤手当（実働時間に応じて支給）
・確定拠出年金制度（企業型）
・定期健康診断・インフルエンザ予防接種費用補助
・特別休暇（慶弔休暇）
・産前産後休暇・育児休業・介護休業
・資格取得支援制度（フォークリフト・自主保全士など）
・家具家電付き社員寮制度（勤務地による・規定あり）
・制服貸与
・社員持株会
・福利厚生サービス（レジャー・飲食の優待割引、保養施設）
・団体長期障害所得補償保険（GLTD）","まずは「話を聞いてみる」だけで大丈夫です。

当社ではカジュアル面談を実施しています。
志望動機や自己PRの準備は不要。
「どんな職場？」「本当に未経験でもできる？」といった疑問に、担当者が率直にお答えします。

■ 応募から入社までの3STEP ■
▶ STEP1 WEB応募（1分）
▶ STEP2 カジュアル面談（1回のみ・1〜3日以内にご連絡）
▶ STEP3 採用・入社日のご相談

入社日は柔軟に調整できます。
「来月から」「今の仕事を辞めてから」など、ご都合をお聞かせください。",,即日勤務OK、交通費支給、残業なし,2,任意,生年月日、性別、電話番号,ntf-indeedapplicant-aaaatulx77tci2k2pr5yeqapva@shukatsu-labo.slack.com,,,利用しない,,
募集中,日本マニュファクチャリングサービス株式会社,未経験｜検品・梱包｜日本マニュファクチャリングサービス株式会社｜千葉市（千葉県）,倉庫作業スタッフ,20～30代活躍中◎千葉市｜年間休日125日・完全週休2日の軽作業,,千葉県 千葉市,,,正社員,はい,月給,250000,,最低額を表示,なし,,,,,,,固定時間制,160,,厚生年金、健康保険、雇用保険、労災保険,,なし,,,,,,,,,,,,,,,,,,"勤務先は千葉市内および周辺の物流センター。扱うのは衣類・コスメ・文房具・小型雑貨など、手のひらサイズの軽い商品が中心です。
担当していただくのは、届いた商品に不備がないかを確かめ、出荷用の箱に整えて詰める「検品・梱包」の作業。
空調完備の室内で、自分のペースを保ちながら黙々と取り組める環境です。

■ ある1日のスケジュール（日勤・実働8時間）
09:00 出勤・朝礼。リーダーから本日の作業内容と注意点の共有があります
09:10 検品スタート。ハンディ端末でバーコードを読み取り、品番と数量を照合
10:30 小休憩（10分）
12:00 昼休憩（60分）。電子レンジ・冷蔵庫のある休憩室で昼食
13:00 梱包作業。緩衝材で商品を包み、ダンボールを組み立てて詰めていきます
15:00 小休憩（15分）
15:15 出荷準備。伝票シールを貼り、配送業者ごとにコンテナへ仕分け
17:45 清掃・翌日分の資材補充
18:00 退勤。土日祝はお休みで、翌日の予定も立てやすい働き方です

■ 具体的にはこんな商品を扱います
通販サイトで販売されるアパレル商品、生活雑貨、コスメ、文房具が中心です。
・シャツやタオルを畳んで透明袋へ入れる
・コスメの容器にひび割れがないかを目視で確認する
・文房具のセット品を指定の個数で袋詰めする
・箱にラベルを貼り、配送業者ごとの台車に載せる
商品は軽く、作業台の高さも調整されているため、身体への負担を抑えて続けられます。

■ 未経験でも安心の1週間プログラム
・1日目：会社説明、安全講習、作業着の受け取り、作業場の見学
・2日目：先輩の隣で検品の実演を見学し、午後から一緒に作業
・3日目：梱包の袋詰め・箱詰めを先輩と一緒に担当
・4日目：シール貼りと仕分けを一人で担当。先輩は同じ作業台で見守ります
・5日目：検品から仕分けまでの流れを通しで経験
覚えることは3ステップの繰り返しなので、専門知識や資格は不要です。製造現場で人を育ててきた当社ならではの丁寧な立ち上がりを用意しています。

■ 設備・環境のポイント
・冷暖房完備の室内作業で、季節や天候に左右されません
・休憩室には電子レンジ・冷蔵庫・ポットがあり、フリーWi-Fiも使えます
・個人用の鍵付きロッカーを完備
・髪色・ネイル・服装は自由。清潔感があれば普段のスタイルのままで大丈夫です

■ 千葉県千葉市で働く
県庁所在地として商業・物流の拠点が集まり、湾岸部には大型倉庫も多いエリアです。
JR各線・京成線・千葉都市モノレールが利用でき、県内各方面から通いやすい地域です。
千葉市周辺で「通勤時間を抑えて安定した正社員の仕事に就きたい」という方に、当社の検品・梱包はぴったりの選択肢です。

製造・物流の現場を支えてきた当社で、あなたのペースで一歩を踏み出してください。ご応募をお待ちしています。","【千葉市で働くならここがポイント】

✅ 資格・経験・学歴は問いません
必要なのは「丁寧に確認する姿勢」だけ。検品の見方、梱包の手順はすべて入社後にお伝えします。フォークリフトなどの資格取得を目指したい方には支援制度もあり、長く働くほど仕事の幅が広がります。

✅ 土日祝休み・年間休日125日
完全週休2日制で、カレンダー通りに休めます。夏季・冬季休暇、GW、年末年始のまとまった休みもあり、予定を立てやすい働き方です。

✅ 重い荷物はほとんどありません
扱うのは衣類・コスメ・文房具・小型雑貨など軽い商品が中心です。重量物の持ち上げや力仕事はほぼなく、身体への負担を抑えて長く続けられます。

✅ 髪色・ネイル・服装は自由
清潔感があれば普段のスタイルのままで大丈夫です。動きやすい服装で通勤し、現場のルールに沿って作業します。

✅ 相談しやすい体制
配属先にはリーダーが常駐し、定期的な面談で困りごとを聞き取ります。作業のこと、通勤のこと、働き方のこと、何でも相談してください。

✅ 千葉市で通いやすい勤務地
JR各線・京成線・千葉都市モノレールが利用でき、県内各方面から通いやすい地域です。県庁所在地として商業・物流の拠点が集まり、湾岸部には大型倉庫も多いエリアです。

「自分にもできそう」と思えたら、それがスタートの合図です。お気軽にご応募ください。","例外事由3号のイにより、長期キャリア形成を図るため、
35歳以下を募集しております。","【勤務時間】
★9:00~18:00
└実働8時間/休憩1時間

定時ダッシュも問題ないです✧
✧ 土日祝休み
✧ 残業月平均:6.5時間以内
✧ 残業代100%支給","✧ 完全週休2日制(土日祝休み)
✧ 年間休日125日
「土日休みはマスト!」ってあなたにも
ぴったりの職場です!

【その他休暇】
✧ 有給休暇
✧ 夏季・冬季休暇
✧ GW休暇
✧ 年末年始休暇",千葉県 千葉市,,"月給:25万円~+交通費全額支給

※経験に応じて決定いたします。

# 昇給あり
# 賞与あり
# 残業代100%支給
# 交通費支給","・社会保険完備（雇用・労災・健康・厚生年金）
・残業手当・深夜手当・休日出勤手当（実働時間に応じて支給）
・確定拠出年金制度（企業型）
・定期健康診断・インフルエンザ予防接種費用補助
・特別休暇（慶弔休暇）
・産前産後休暇・育児休業・介護休業
・資格取得支援制度（フォークリフト・自主保全士など）
・家具家電付き社員寮制度（勤務地による・規定あり）
・制服貸与
・社員持株会
・福利厚生サービス（レジャー・飲食の優待割引、保養施設）
・団体長期障害所得補償保険（GLTD）","【最短スケジュールのイメージ】

▶ STEP1 今日：WEBから1分で応募
▶ STEP2 1〜3日後：担当者からご連絡 → カジュアル面談の日程調整
▶ STEP3 面談当日：カジュアル面談（1回のみ）→ 採用のご連絡

面談では、職場の雰囲気・1日の流れ・通勤のことなど、
気になることを何でも聞いてください。

✧ 入社日はご相談いただけます ✧
「すぐ働きたい」「少し先がいい」どちらのご希望にも対応します。",,即日勤務OK、交通費支給、残業なし,2,任意,生年月日、性別、電話番号,ntf-indeedapplicant-aaaatulx77tci2k2pr5yeqapva@shukatsu-labo.slack.com,,,利用しない,,
募集中,日本マニュファクチャリングサービス株式会社,未経験｜検品・梱包｜日本マニュファクチャリングサービス株式会社｜桶川市（埼玉県）,倉庫作業スタッフ,20～30代活躍中◎安定の正社員｜桶川市で検品・梱包を一から,,埼玉県 桶川市,,,正社員,はい,月給,250000,,最低額を表示,なし,,,,,,,固定時間制,160,,厚生年金、健康保険、雇用保険、労災保険,,なし,,,,,,,,,,,,,,,,,,"「ものづくりの現場を支える仕事を、正社員として腰を据えて続けたい」という方へ。
桶川市内および周辺の物流センターで、商品の検品と梱包を担当するスタッフを募集します。
空調の効いた清潔な作業場で、座り作業と立ち作業を組み合わせながら無理なく進められる仕事です。

■ 入社後の1日はこんなイメージです
09:00 朝礼。体調確認と当日の出荷量の共有からスタート
09:15 午前は検品を中心に担当。商品の外観を目視で確認し、傷や汚れがあれば別置きにします
12:00 昼休憩（60分）。お弁当持参の方も、近くで買ってくる方もいます
13:00 午後は梱包を担当。袋詰め、箱詰め、テープ留めの3工程を繰り返します
15:00 小休憩（15分）。自動販売機で飲み物を買って一息
15:15 出荷分の最終チェックと仕分け。全員で協力して当日分を仕上げます
17:45 作業スペースの清掃と日報記入
18:00 定時退勤。残業は月平均6.5時間以内に収まっています

■ 主な作業内容
・検品：入荷した商品の外観チェック（傷・汚れ・パッケージのへこみ）と数量・品番の照合
・スキャン：バーコードリーダーで商品を読み取り、データと突き合わせます
・梱包：袋詰め、緩衝材包装、ダンボールの組み立てと箱詰め、テープ留め
・仕上げ：ラベル貼りと配送地域別の仕分け
扱うのはアパレル商品、コスメ、文房具、小型雑貨など。どれも軽く、繰り返しの中で自然と手順が身につく作業です。

■ 入社後1週間の流れ
1日目：オリエンテーション。安全ルール、勤怠の付け方、作業場の設備を案内します
2〜3日目：先輩スタッフがマンツーマンで隣につき、検品の見方と梱包の手順を実演しながら教えます
4〜5日目：シール貼りやダンボールの組み立てなど簡単な工程から一人で担当。分からないことはその場で質問できます
1週間後：検品・梱包の一連の流れをひと通り経験し、自分のペースで進められるようになります
当社は製造現場の教育に長年取り組んできた会社です。「早ければ半日、遅くとも2〜3日で一人立ち」が現場の平均的な目安ですが、慣れるまでは焦らず伴走します。

■ 働く環境について
作業場は1年を通して空調が効いており、汗だくになったり手がかじかんだりする心配はありません。
休憩室は広く、電子レンジや冷蔵庫、自動販売機が揃っています。昼休憩は各自のペースで過ごしています。
鍵付きロッカーを用意しているので、貴重品の管理も安心です。
服装や髪色は自由で、自分らしいスタイルのまま通勤できます。

■ 埼玉県桶川市で働く
圏央道の開通で物流施設の進出が進む、県央の落ち着いた街です。
JR高崎線の桶川駅が最寄りで、圏央道の桶川北本ICからも近い立地です。
桶川市周辺で「通勤時間を抑えて安定した正社員の仕事に就きたい」という方に、当社の検品・梱包はぴったりの選択肢です。

「難しいことはできないけれど、コツコツ続けることは得意」という方を、当社は大切にしています。まずはお気軽にご応募ください。","【当社の検品・梱包が選ばれる理由】

✅ 資格・経験・学歴は問いません
必要なのは「丁寧に確認する姿勢」だけ。検品の見方、梱包の手順はすべて入社後にお伝えします。フォークリフトなどの資格取得を目指したい方には支援制度もあり、長く働くほど仕事の幅が広がります。

✅ 平日は定時、週末はしっかり休む
9:00〜18:00の固定時間制で、生活リズムが安定します。土日祝はお休みなので、家族や友人と予定を合わせやすいのも魅力です。

✅ 自分のペースで黙々と進められる仕事
ノルマに追われることはなく、接客もありません。「一人で集中して作業したい」「人間関係のストレスを減らしたい」という方にこそ向いている環境です。

✅ 空調完備・清潔な作業場
冷暖房がしっかり効いた室内で、季節を問わず快適に働けます。休憩室には電子レンジ・冷蔵庫・自動販売機があり、鍵付きロッカーも完備しています。

✅ 安定した雇用と福利厚生
正社員としての雇用に加え、社会保険完備、定期健康診断、資格取得支援などの制度があります。「腰を据えて働きたい」という希望に応えられる環境です。

✅ 桶川市で通いやすい勤務地
JR高崎線の桶川駅が最寄りで、圏央道の桶川北本ICからも近い立地です。圏央道の開通で物流施設の進出が進む、県央の落ち着いた街です。

まずはカジュアル面談で、職場の雰囲気や1日の流れをお伝えします。ご応募をお待ちしています。","例外事由3号のイにより、長期キャリア形成を図るため、
35歳以下を募集しております。","【勤務時間】
★9:00~18:00
└実働8時間/休憩1時間

定時ダッシュも問題ないです✧
✧ 土日祝休み
✧ 残業月平均:6.5時間以内
✧ 残業代100%支給","✧ 完全週休2日制(土日祝休み)
✧ 年間休日125日
「土日休みはマスト!」ってあなたにも
ぴったりの職場です!

【その他休暇】
✧ 有給休暇
✧ 夏季・冬季休暇
✧ GW休暇
✧ 年末年始休暇",埼玉県 桶川市,,"月給:25万円~+交通費全額支給

※経験に応じて決定いたします。

# 昇給あり
# 賞与あり
# 残業代100%支給
# 交通費支給","・社会保険完備（雇用・労災・健康・厚生年金）
・残業手当・深夜手当・休日出勤手当（実働時間に応じて支給）
・確定拠出年金制度（企業型）
・定期健康診断・インフルエンザ予防接種費用補助
・特別休暇（慶弔休暇）
・産前産後休暇・育児休業・介護休業
・資格取得支援制度（フォークリフト・自主保全士など）
・家具家電付き社員寮制度（勤務地による・規定あり）
・制服貸与
・社員持株会
・福利厚生サービス（レジャー・飲食の優待割引、保養施設）
・団体長期障害所得補償保険（GLTD）","■ 選考について ■
・カジュアル面談：1回のみ（服装自由・履歴書任意）
・応募から面談まで：WEB応募後、1〜3日以内にご連絡
・入社日：ご相談のうえ決定

■ 応募からの流れ ■
▶ STEP1 WEBから1分で応募
▶ STEP2 カジュアル面談（1回のみ）
▶ STEP3 採用

「まずは話だけ聞いてみたい」という方も、そのままご応募ください。
面談で無理に応募を勧めることはありません。",,即日勤務OK、交通費支給、残業なし,2,任意,生年月日、性別、電話番号,ntf-indeedapplicant-aaaatulx77tci2k2pr5yeqapva@shukatsu-labo.slack.com,,,利用しない,,
募集中,日本マニュファクチャリングサービス株式会社,未経験｜検品・梱包｜日本マニュファクチャリングサービス株式会社｜熊谷市（埼玉県）,倉庫作業スタッフ,20～30代活躍中◎残業ほぼなし｜熊谷市で腰を据えて働く検品・梱包,,埼玉県 熊谷市,,,正社員,はい,月給,250000,,最低額を表示,なし,,,,,,,固定時間制,160,,厚生年金、健康保険、雇用保険、労災保険,,なし,,,,,,,,,,,,,,,,,,"埼玉県熊谷市エリアで、検品・梱包の正社員スタッフを募集します。
勤務先は熊谷市内および周辺の物流センター。商品にキズや汚れがないかを目で確かめ、数を合わせ、袋や箱に丁寧に納める作業が中心です。
1年を通して快適な温度に保たれた室内作業で、当社の先輩スタッフが隣で手順を教えます。

■ 1日の流れ（9:00〜18:00・休憩1時間）
09:00 朝礼。当日の出荷予定と担当エリアを確認し、作業台へ移動します
09:15 午前の検品。入荷した商品を納品書と照らし合わせ、外観と数量をチェック
12:00 昼休憩（60分）。休憩室でゆっくり昼食をとります
13:00 午後の梱包。検品を終えた商品を袋詰めし、サイズに合った箱に納めます
15:00 小休憩（15分）。水分補給と軽いストレッチでリフレッシュ
15:15 ラベル貼りと出荷先ごとの仕分け。台車で所定の場所へ運びます
17:40 作業台の整理整頓と翌日の準備
18:00 退勤。残業は月平均6.5時間以内で、定時に帰れる日がほとんどです

■ 主な作業内容
・検品：入荷した商品の外観チェック（傷・汚れ・パッケージのへこみ）と数量・品番の照合
・スキャン：バーコードリーダーで商品を読み取り、データと突き合わせます
・梱包：袋詰め、緩衝材包装、ダンボールの組み立てと箱詰め、テープ留め
・仕上げ：ラベル貼りと配送地域別の仕分け
扱うのはアパレル商品、コスメ、文房具、小型雑貨など。どれも軽く、繰り返しの中で自然と手順が身につく作業です。

■ 教育・研修体制
入社初日は安全講習とオリエンテーションから始まり、いきなり現場に出ることはありません。
2日目以降は専任の先輩スタッフが隣について、検品・梱包の手順を実際にやって見せながら説明します。
最初の1週間は「見る→一緒にやる→一人でやる」の順で少しずつ担当を広げ、1週間後にはひと通りの作業を経験できるスケジュールです。
リーダーは常に作業場内にいるため、「これはどこに置くのでしたか」といった質問もすぐに解決できます。

■ 設備・環境のポイント
・冷暖房完備の室内作業で、季節や天候に左右されません
・休憩室には電子レンジ・冷蔵庫・ポットがあり、フリーWi-Fiも使えます
・個人用の鍵付きロッカーを完備
・髪色・ネイル・服装は自由。清潔感があれば普段のスタイルのままで大丈夫です

■ 熊谷市の拠点ならではの一言
JR高崎線・上越新幹線・秩父鉄道が乗り入れる熊谷駅が最寄りで、県北の交通の中心です。
県北の中核都市で、周辺には製造業の工場や物流拠点が多く立地しています。
当社は埼玉県内に複数の勤務先を持っているため、ご自宅からの通いやすさも考慮して配属先を相談できます。

製造・物流の現場を支えてきた当社で、あなたのペースで一歩を踏み出してください。ご応募をお待ちしています。","【熊谷市で働くならここがポイント】

✅ 覚えることは少なく、教え方は丁寧に
製造現場で人を育ててきた当社では、専任の先輩がマンツーマンで隣につきます。最初はシール貼りやダンボールの組み立てといった簡単な工程から始め、1週間でひと通りの流れを経験できるプログラムを用意しています。

✅ 残業は月平均6.5時間以内
出荷量に合わせて人員を配置しているため、定時で帰れる日がほとんどです。仕事の後に予定を入れたり、家でゆっくり過ごしたりする時間をきちんと確保できます。

✅ 自分のペースで黙々と進められる仕事
ノルマに追われることはなく、接客もありません。「一人で集中して作業したい」「人間関係のストレスを減らしたい」という方にこそ向いている環境です。

✅ 空調完備・清潔な作業場
冷暖房がしっかり効いた室内で、季節を問わず快適に働けます。休憩室には電子レンジ・冷蔵庫・自動販売機があり、鍵付きロッカーも完備しています。

✅ 製造・物流の現場を支えてきた会社の正社員
当社は全国の製造現場で人材を育ててきた会社です。検品・梱包からスタートし、経験を積めばリーダーや別工程へのステップアップも目指せます。

✅ 熊谷市で通いやすい勤務地
JR高崎線・上越新幹線・秩父鉄道が乗り入れる熊谷駅が最寄りで、県北の交通の中心です。県北の中核都市で、周辺には製造業の工場や物流拠点が多く立地しています。

「自分にもできそう」と思えたら、それがスタートの合図です。お気軽にご応募ください。","例外事由3号のイにより、長期キャリア形成を図るため、
35歳以下を募集しております。","【勤務時間】
★9:00~18:00
└実働8時間/休憩1時間

定時ダッシュも問題ないです✧
✧ 土日祝休み
✧ 残業月平均:6.5時間以内
✧ 残業代100%支給","✧ 完全週休2日制(土日祝休み)
✧ 年間休日125日
「土日休みはマスト!」ってあなたにも
ぴったりの職場です!

【その他休暇】
✧ 有給休暇
✧ 夏季・冬季休暇
✧ GW休暇
✧ 年末年始休暇",埼玉県 熊谷市,,"月給:25万円~+交通費全額支給

※経験に応じて決定いたします。

# 昇給あり
# 賞与あり
# 残業代100%支給
# 交通費支給","・社会保険完備（雇用・労災・健康・厚生年金）
・残業手当・深夜手当・休日出勤手当（実働時間に応じて支給）
・確定拠出年金制度（企業型）
・定期健康診断・インフルエンザ予防接種費用補助
・特別休暇（慶弔休暇）
・産前産後休暇・育児休業・介護休業
・資格取得支援制度（フォークリフト・自主保全士など）
・家具家電付き社員寮制度（勤務地による・規定あり）
・制服貸与
・社員持株会
・福利厚生サービス（レジャー・飲食の優待割引、保養施設）
・団体長期障害所得補償保険（GLTD）","✧ カジュアル面談実施中です ✧

応募に必要なのは人柄だけ。
まずはあなたのご希望を聞かせてください。

■ 応募からの流れ ■
▶ STEP1 WEBから1分で簡単応募
1〜3日以内に担当者からご連絡します。
▶ STEP2 カジュアル面談（1回のみ）
職場の雰囲気や1日の流れをお伝えし、ご希望を伺います。
▶ STEP3 採用

※入社日はご相談いただけます◎
在職中の方も、お気軽にご相談ください。",,即日勤務OK、交通費支給、残業なし,2,任意,生年月日、性別、電話番号,ntf-indeedapplicant-aaaatulx77tci2k2pr5yeqapva@shukatsu-labo.slack.com,,,利用しない,,
募集中,日本マニュファクチャリングサービス株式会社,未経験｜検品・梱包｜日本マニュファクチャリングサービス株式会社｜入間市（埼玉県）,倉庫作業スタッフ,20～30代活躍中◎定時で帰れる｜入間市の物流センターで検品・梱包,,埼玉県 入間市,,,正社員,はい,月給,250000,,最低額を表示,なし,,,,,,,固定時間制,160,,厚生年金、健康保険、雇用保険、労災保険,,なし,,,,,,,,,,,,,,,,,,"入間市内および周辺の物流センターで、通販商品や生活雑貨の「検品・梱包」を担当する正社員スタッフの募集です。
冷暖房が効いた清潔な作業場で、商品をひとつずつ確認し、丁寧に箱へ納めていく落ち着いた仕事です。
製造・物流の現場を長年支えてきた当社が、未経験の方を一から育てます。

■ 入社後の1日はこんなイメージです
09:00 朝礼。体調確認と当日の出荷量の共有からスタート
09:15 午前は検品を中心に担当。商品の外観を目視で確認し、傷や汚れがあれば別置きにします
12:00 昼休憩（60分）。お弁当持参の方も、近くで買ってくる方もいます
13:00 午後は梱包を担当。袋詰め、箱詰め、テープ留めの3工程を繰り返します
15:00 小休憩（15分）。自動販売機で飲み物を買って一息
15:15 出荷分の最終チェックと仕分け。全員で協力して当日分を仕上げます
17:45 作業スペースの清掃と日報記入
18:00 定時退勤。残業は月平均6.5時間以内に収まっています

■ 扱う商品と作業の具体例
・衣類・タオルなどの布製品：ほつれや汚れがないか確認し、専用の透明袋に入れます
・コスメ・ガラス製の小物：割れやすいため、緩衝材で包んでから箱に納めます
・文房具・生活雑貨：品番と個数を納品書と照合し、まとめて袋詰めします
・出荷前の箱：伝票シールと「割れ物注意」「水濡れ厳禁」などの注意シールを所定位置に貼ります
いずれも手のひらから両手で持てる大きさの商品で、重量物の持ち上げはありません。

■ 未経験でも安心の1週間プログラム
・1日目：会社説明、安全講習、作業着の受け取り、作業場の見学
・2日目：先輩の隣で検品の実演を見学し、午後から一緒に作業
・3日目：梱包の袋詰め・箱詰めを先輩と一緒に担当
・4日目：シール貼りと仕分けを一人で担当。先輩は同じ作業台で見守ります
・5日目：検品から仕分けまでの流れを通しで経験
覚えることは3ステップの繰り返しなので、専門知識や資格は不要です。製造現場で人を育ててきた当社ならではの丁寧な立ち上がりを用意しています。

■ 職場環境
・空調完備：冷暖房が効いた清潔な室内で、夏も冬も快適に作業できます
・休憩室：電子レンジ・冷蔵庫・ポット・自動販売機を完備。お弁当持参でもゆっくり過ごせます
・ロッカー：鍵付きの個人ロッカーがあり、私物を安心して預けられます
・服装：髪色・ネイルは自由。動きやすい服装で通勤し、現場のルールに沿って作業します

■ 入間市の拠点ならではの一言
西武池袋線の入間市駅が最寄りで、圏央道の入間ICも利用しやすい立地です。
圏央道沿いに物流施設が集まり、商業施設も充実した県西部の街です。
当社は埼玉県内に複数の勤務先を持っているため、ご自宅からの通いやすさも考慮して配属先を相談できます。

「難しいことはできないけれど、コツコツ続けることは得意」という方を、当社は大切にしています。まずはお気軽にご応募ください。","【当社の検品・梱包が選ばれる理由】

✅ 覚えることは少なく、教え方は丁寧に
製造現場で人を育ててきた当社では、専任の先輩がマンツーマンで隣につきます。最初はシール貼りやダンボールの組み立てといった簡単な工程から始め、1週間でひと通りの流れを経験できるプログラムを用意しています。

✅ 土日祝休み・年間休日125日
完全週休2日制で、カレンダー通りに休めます。夏季・冬季休暇、GW、年末年始のまとまった休みもあり、予定を立てやすい働き方です。

✅ 自分のペースで黙々と進められる仕事
ノルマに追われることはなく、接客もありません。「一人で集中して作業したい」「人間関係のストレスを減らしたい」という方にこそ向いている環境です。

✅ 空調完備・清潔な作業場
冷暖房がしっかり効いた室内で、季節を問わず快適に働けます。休憩室には電子レンジ・冷蔵庫・自動販売機があり、鍵付きロッカーも完備しています。

✅ 相談しやすい体制
配属先にはリーダーが常駐し、定期的な面談で困りごとを聞き取ります。作業のこと、通勤のこと、働き方のこと、何でも相談してください。

✅ 地元入間市で長く働く
圏央道沿いに物流施設が集まり、商業施設も充実した県西部の街です。西武池袋線の入間市駅が最寄りで、圏央道の入間ICも利用しやすい立地です。

「自分にもできそう」と思えたら、それがスタートの合図です。お気軽にご応募ください。","例外事由3号のイにより、長期キャリア形成を図るため、
35歳以下を募集しております。","【勤務時間】
★9:00~18:00
└実働8時間/休憩1時間

定時ダッシュも問題ないです✧
✧ 土日祝休み
✧ 残業月平均:6.5時間以内
✧ 残業代100%支給","✧ 完全週休2日制(土日祝休み)
✧ 年間休日125日
「土日休みはマスト!」ってあなたにも
ぴったりの職場です!

【その他休暇】
✧ 有給休暇
✧ 夏季・冬季休暇
✧ GW休暇
✧ 年末年始休暇",埼玉県 入間市,,"月給:25万円~+交通費全額支給

※経験に応じて決定いたします。

# 昇給あり
# 賞与あり
# 残業代100%支給
# 交通費支給","・社会保険完備（雇用・労災・健康・厚生年金）
・残業手当・深夜手当・休日出勤手当（実働時間に応じて支給）
・確定拠出年金制度（企業型）
・定期健康診断・インフルエンザ予防接種費用補助
・特別休暇（慶弔休暇）
・産前産後休暇・育児休業・介護休業
・資格取得支援制度（フォークリフト・自主保全士など）
・家具家電付き社員寮制度（勤務地による・規定あり）
・制服貸与
・社員持株会
・福利厚生サービス（レジャー・飲食の優待割引、保養施設）
・団体長期障害所得補償保険（GLTD）","【応募前の「気になる」にお答えします】

Q. 面接は堅苦しいですか？
A. いいえ。カジュアル面談を1回行うだけです。服装も自由、履歴書も任意です。

Q. 応募してからどのくらいで決まりますか？
A. 3ステップで進みます。
▶ STEP1 WEBから応募（1分）→ 1〜3日以内にご連絡
▶ STEP2 カジュアル面談（1回のみ）
▶ STEP3 採用

Q. すぐには入社できないのですが…
A. 入社日はご相談いただけます。今のお仕事の引き継ぎ期間なども考慮します。",,即日勤務OK、交通費支給、残業なし,2,任意,生年月日、性別、電話番号,ntf-indeedapplicant-aaaatulx77tci2k2pr5yeqapva@shukatsu-labo.slack.com,,,利用しない,,
募集中,日本マニュファクチャリングサービス株式会社,未経験｜検品・梱包｜日本マニュファクチャリングサービス株式会社｜児玉郡寄居町（埼玉県）,倉庫作業スタッフ,20～30代活躍中◎土日祝休み・児玉郡勤務｜ものづくり企業の軽作業,,埼玉県 児玉郡,,,正社員,はい,月給,250000,,最低額を表示,なし,,,,,,,固定時間制,160,,厚生年金、健康保険、雇用保険、労災保険,,なし,,,,,,,,,,,,,,,,,,"勤務先は児玉郡内および周辺の物流センター。扱うのは衣類・コスメ・文房具・小型雑貨など、手のひらサイズの軽い商品が中心です。
担当していただくのは、届いた商品に不備がないかを確かめ、出荷用の箱に整えて詰める「検品・梱包」の作業。
空調完備の室内で、自分のペースを保ちながら黙々と取り組める環境です。

■ 1日の流れ（9:00〜18:00・休憩1時間）
09:00 朝礼。当日の出荷予定と担当エリアを確認し、作業台へ移動します
09:15 午前の検品。入荷した商品を納品書と照らし合わせ、外観と数量をチェック
12:00 昼休憩（60分）。休憩室でゆっくり昼食をとります
13:00 午後の梱包。検品を終えた商品を袋詰めし、サイズに合った箱に納めます
15:00 小休憩（15分）。水分補給と軽いストレッチでリフレッシュ
15:15 ラベル貼りと出荷先ごとの仕分け。台車で所定の場所へ運びます
17:40 作業台の整理整頓と翌日の準備
18:00 退勤。残業は月平均6.5時間以内で、定時に帰れる日がほとんどです

■ 扱う商品と作業の具体例
・衣類・タオルなどの布製品：ほつれや汚れがないか確認し、専用の透明袋に入れます
・コスメ・ガラス製の小物：割れやすいため、緩衝材で包んでから箱に納めます
・文房具・生活雑貨：品番と個数を納品書と照合し、まとめて袋詰めします
・出荷前の箱：伝票シールと「割れ物注意」「水濡れ厳禁」などの注意シールを所定位置に貼ります
いずれも手のひらから両手で持てる大きさの商品で、重量物の持ち上げはありません。

■ 入社後1週間の流れ
1日目：オリエンテーション。安全ルール、勤怠の付け方、作業場の設備を案内します
2〜3日目：先輩スタッフがマンツーマンで隣につき、検品の見方と梱包の手順を実演しながら教えます
4〜5日目：シール貼りやダンボールの組み立てなど簡単な工程から一人で担当。分からないことはその場で質問できます
1週間後：検品・梱包の一連の流れをひと通り経験し、自分のペースで進められるようになります
当社は製造現場の教育に長年取り組んできた会社です。「早ければ半日、遅くとも2〜3日で一人立ち」が現場の平均的な目安ですが、慣れるまでは焦らず伴走します。

■ 設備・環境のポイント
・冷暖房完備の室内作業で、季節や天候に左右されません
・休憩室には電子レンジ・冷蔵庫・ポットがあり、フリーWi-Fiも使えます
・個人用の鍵付きロッカーを完備
・髪色・ネイル・服装は自由。清潔感があれば普段のスタイルのままで大丈夫です

■ 埼玉県児玉郡で働く
県北西部の交通の要所で、インター周辺に製造・物流の拠点が点在します。
東武東上線・秩父鉄道・JR八高線が集まる寄居駅周辺で、関越道の花園ICも近い立地です。
児玉郡周辺で「通勤時間を抑えて安定した正社員の仕事に就きたい」という方に、当社の検品・梱包はぴったりの選択肢です。

「難しいことはできないけれど、コツコツ続けることは得意」という方を、当社は大切にしています。まずはお気軽にご応募ください。","【児玉郡で働くならここがポイント】

✅ 先輩スタッフの9割以上が未経験からのスタート
「商品を手に取る」「傷がないか見る」「箱に入れる」の3ステップが仕事の基本です。複雑な機械操作や専門用語はなく、入社初日は安全講習とオリエンテーションから始まるので、初めての正社員でも安心してスタートできます。

✅ 平日は定時、週末はしっかり休む
9:00〜18:00の固定時間制で、生活リズムが安定します。土日祝はお休みなので、家族や友人と予定を合わせやすいのも魅力です。

✅ 重い荷物はほとんどありません
扱うのは衣類・コスメ・文房具・小型雑貨など軽い商品が中心です。重量物の持ち上げや力仕事はほぼなく、身体への負担を抑えて長く続けられます。

✅ 空調完備・清潔な作業場
冷暖房がしっかり効いた室内で、季節を問わず快適に働けます。休憩室には電子レンジ・冷蔵庫・自動販売機があり、鍵付きロッカーも完備しています。

✅ 安定した雇用と福利厚生
正社員としての雇用に加え、社会保険完備、定期健康診断、資格取得支援などの制度があります。「腰を据えて働きたい」という希望に応えられる環境です。

✅ 地元児玉郡で長く働く
県北西部の交通の要所で、インター周辺に製造・物流の拠点が点在します。東武東上線・秩父鉄道・JR八高線が集まる寄居駅周辺で、関越道の花園ICも近い立地です。

まずはカジュアル面談で、職場の雰囲気や1日の流れをお伝えします。ご応募をお待ちしています。","例外事由3号のイにより、長期キャリア形成を図るため、
35歳以下を募集しております。","【勤務時間】
★9:00~18:00
└実働8時間/休憩1時間

定時ダッシュも問題ないです✧
✧ 土日祝休み
✧ 残業月平均:6.5時間以内
✧ 残業代100%支給","✧ 完全週休2日制(土日祝休み)
✧ 年間休日125日
「土日休みはマスト!」ってあなたにも
ぴったりの職場です!

【その他休暇】
✧ 有給休暇
✧ 夏季・冬季休暇
✧ GW休暇
✧ 年末年始休暇",埼玉県 児玉郡,,"月給:25万円~+交通費全額支給

※経験に応じて決定いたします。

# 昇給あり
# 賞与あり
# 残業代100%支給
# 交通費支給","・社会保険完備（雇用・労災・健康・厚生年金）
・残業手当・深夜手当・休日出勤手当（実働時間に応じて支給）
・確定拠出年金制度（企業型）
・定期健康診断・インフルエンザ予防接種費用補助
・特別休暇（慶弔休暇）
・産前産後休暇・育児休業・介護休業
・資格取得支援制度（フォークリフト・自主保全士など）
・家具家電付き社員寮制度（勤務地による・規定あり）
・制服貸与
・社員持株会
・福利厚生サービス（レジャー・飲食の優待割引、保養施設）
・団体長期障害所得補償保険（GLTD）","まずは「話を聞いてみる」だけで大丈夫です。

当社ではカジュアル面談を実施しています。
志望動機や自己PRの準備は不要。
「どんな職場？」「本当に未経験でもできる？」といった疑問に、担当者が率直にお答えします。

■ 応募から入社までの3STEP ■
▶ STEP1 WEB応募（1分）
▶ STEP2 カジュアル面談（1回のみ・1〜3日以内にご連絡）
▶ STEP3 採用・入社日のご相談

入社日は柔軟に調整できます。
「来月から」「今の仕事を辞めてから」など、ご都合をお聞かせください。",,即日勤務OK、交通費支給、残業なし,2,任意,生年月日、性別、電話番号,ntf-indeedapplicant-aaaatulx77tci2k2pr5yeqapva@shukatsu-labo.slack.com,,,利用しない,,
募集中,日本マニュファクチャリングサービス株式会社,未経験｜検品・梱包｜日本マニュファクチャリングサービス株式会社｜入間郡三芳町（埼玉県）,倉庫作業スタッフ,20～30代活躍中◎重い荷物なし｜三芳町で始める検品・梱包の正社員,,埼玉県 入間郡 三芳町,,,正社員,はい,月給,250000,,最低額を表示,なし,,,,,,,固定時間制,160,,厚生年金、健康保険、雇用保険、労災保険,,なし,,,,,,,,,,,,,,,,,,"「ものづくりの現場を支える仕事を、正社員として腰を据えて続けたい」という方へ。
三芳町内および周辺の物流センターで、商品の検品と梱包を担当するスタッフを募集します。
空調の効いた清潔な作業場で、座り作業と立ち作業を組み合わせながら無理なく進められる仕事です。

■ ある1日のスケジュール（日勤・実働8時間）
09:00 出勤・朝礼。リーダーから本日の作業内容と注意点の共有があります
09:10 検品スタート。ハンディ端末でバーコードを読み取り、品番と数量を照合
10:30 小休憩（10分）
12:00 昼休憩（60分）。電子レンジ・冷蔵庫のある休憩室で昼食
13:00 梱包作業。緩衝材で商品を包み、ダンボールを組み立てて詰めていきます
15:00 小休憩（15分）
15:15 出荷準備。伝票シールを貼り、配送業者ごとにコンテナへ仕分け
17:45 清掃・翌日分の資材補充
18:00 退勤。土日祝はお休みで、翌日の予定も立てやすい働き方です

■ 作業の流れ（3ステップ）
1. 検品：商品を手に取り、傷・汚れ・数量を確認します。迷ったら「保留」の箱に入れてリーダーに確認するだけです
2. 梱包：商品に合わせて袋・緩衝材・箱を選び、動かないように納めてテープで封をします
3. 仕分け：伝票シールを貼り、配送地域ごとに分けられたコンテナへ移します
扱う商品は衣類・雑貨・コスメ・文房具などの軽いものが中心で、フォークリフトなどの機械操作はありません。

■ 入社後1週間の流れ
1日目：オリエンテーション。安全ルール、勤怠の付け方、作業場の設備を案内します
2〜3日目：先輩スタッフがマンツーマンで隣につき、検品の見方と梱包の手順を実演しながら教えます
4〜5日目：シール貼りやダンボールの組み立てなど簡単な工程から一人で担当。分からないことはその場で質問できます
1週間後：検品・梱包の一連の流れをひと通り経験し、自分のペースで進められるようになります
当社は製造現場の教育に長年取り組んできた会社です。「早ければ半日、遅くとも2〜3日で一人立ち」が現場の平均的な目安ですが、慣れるまでは焦らず伴走します。

■ 職場環境
・空調完備：冷暖房が効いた清潔な室内で、夏も冬も快適に作業できます
・休憩室：電子レンジ・冷蔵庫・ポット・自動販売機を完備。お弁当持参でもゆっくり過ごせます
・ロッカー：鍵付きの個人ロッカーがあり、私物を安心して預けられます
・服装：髪色・ネイルは自由。動きやすい服装で通勤し、現場のルールに沿って作業します

■ 埼玉県三芳町で働く
関越道沿いに大型の物流センターが集まる、県内有数の物流エリアです。
関越道の三芳スマートIC・所沢ICが近く、東武東上線の鶴瀬駅・みずほ台駅からもバスで通えます。
三芳町周辺で「通勤時間を抑えて安定した正社員の仕事に就きたい」という方に、当社の検品・梱包はぴったりの選択肢です。

製造・物流の現場を支えてきた当社で、あなたのペースで一歩を踏み出してください。ご応募をお待ちしています。","【当社の検品・梱包が選ばれる理由】

✅ 先輩スタッフの9割以上が未経験からのスタート
「商品を手に取る」「傷がないか見る」「箱に入れる」の3ステップが仕事の基本です。複雑な機械操作や専門用語はなく、入社初日は安全講習とオリエンテーションから始まるので、初めての正社員でも安心してスタートできます。

✅ 残業は月平均6.5時間以内
出荷量に合わせて人員を配置しているため、定時で帰れる日がほとんどです。仕事の後に予定を入れたり、家でゆっくり過ごしたりする時間をきちんと確保できます。

✅ 重い荷物はほとんどありません
扱うのは衣類・コスメ・文房具・小型雑貨など軽い商品が中心です。重量物の持ち上げや力仕事はほぼなく、身体への負担を抑えて長く続けられます。

✅ 空調完備・清潔な作業場
冷暖房がしっかり効いた室内で、季節を問わず快適に働けます。休憩室には電子レンジ・冷蔵庫・自動販売機があり、鍵付きロッカーも完備しています。

✅ 製造・物流の現場を支えてきた会社の正社員
当社は全国の製造現場で人材を育ててきた会社です。検品・梱包からスタートし、経験を積めばリーダーや別工程へのステップアップも目指せます。

✅ 地元三芳町で長く働く
関越道沿いに大型の物流センターが集まる、県内有数の物流エリアです。関越道の三芳スマートIC・所沢ICが近く、東武東上線の鶴瀬駅・みずほ台駅からもバスで通えます。

「自分にもできそう」と思えたら、それがスタートの合図です。お気軽にご応募ください。","例外事由3号のイにより、長期キャリア形成を図るため、
35歳以下を募集しております。","【勤務時間】
★9:00~18:00
└実働8時間/休憩1時間

定時ダッシュも問題ないです✧
✧ 土日祝休み
✧ 残業月平均:6.5時間以内
✧ 残業代100%支給","✧ 完全週休2日制(土日祝休み)
✧ 年間休日125日
「土日休みはマスト!」ってあなたにも
ぴったりの職場です!

【その他休暇】
✧ 有給休暇
✧ 夏季・冬季休暇
✧ GW休暇
✧ 年末年始休暇",埼玉県 入間郡 三芳町,,"月給:25万円~+交通費全額支給

※経験に応じて決定いたします。

# 昇給あり
# 賞与あり
# 残業代100%支給
# 交通費支給","・社会保険完備（雇用・労災・健康・厚生年金）
・残業手当・深夜手当・休日出勤手当（実働時間に応じて支給）
・確定拠出年金制度（企業型）
・定期健康診断・インフルエンザ予防接種費用補助
・特別休暇（慶弔休暇）
・産前産後休暇・育児休業・介護休業
・資格取得支援制度（フォークリフト・自主保全士など）
・家具家電付き社員寮制度（勤務地による・規定あり）
・制服貸与
・社員持株会
・福利厚生サービス（レジャー・飲食の優待割引、保養施設）
・団体長期障害所得補償保険（GLTD）","【最短スケジュールのイメージ】

▶ STEP1 今日：WEBから1分で応募
▶ STEP2 1〜3日後：担当者からご連絡 → カジュアル面談の日程調整
▶ STEP3 面談当日：カジュアル面談（1回のみ）→ 採用のご連絡

面談では、職場の雰囲気・1日の流れ・通勤のことなど、
気になることを何でも聞いてください。

✧ 入社日はご相談いただけます ✧
「すぐ働きたい」「少し先がいい」どちらのご希望にも対応します。",,即日勤務OK、交通費支給、残業なし,2,任意,生年月日、性別、電話番号,ntf-indeedapplicant-aaaatulx77tci2k2pr5yeqapva@shukatsu-labo.slack.com,,,利用しない,,
募集中,日本マニュファクチャリングサービス株式会社,未経験｜検品・梱包｜日本マニュファクチャリングサービス株式会社｜比企郡川島町（埼玉県）,倉庫作業スタッフ,20～30代活躍中◎川島町｜先輩の9割が未経験スタートの検品・梱包,,埼玉県 比企郡 川島町,,,正社員,はい,月給,250000,,最低額を表示,なし,,,,,,,固定時間制,160,,厚生年金、健康保険、雇用保険、労災保険,,なし,,,,,,,,,,,,,,,,,,"埼玉県川島町エリアで、検品・梱包の正社員スタッフを募集します。
勤務先は川島町内および周辺の物流センター。商品にキズや汚れがないかを目で確かめ、数を合わせ、袋や箱に丁寧に納める作業が中心です。
1年を通して快適な温度に保たれた室内作業で、当社の先輩スタッフが隣で手順を教えます。

■ 入社後の1日はこんなイメージです
09:00 朝礼。体調確認と当日の出荷量の共有からスタート
09:15 午前は検品を中心に担当。商品の外観を目視で確認し、傷や汚れがあれば別置きにします
12:00 昼休憩（60分）。お弁当持参の方も、近くで買ってくる方もいます
13:00 午後は梱包を担当。袋詰め、箱詰め、テープ留めの3工程を繰り返します
15:00 小休憩（15分）。自動販売機で飲み物を買って一息
15:15 出荷分の最終チェックと仕分け。全員で協力して当日分を仕上げます
17:45 作業スペースの清掃と日報記入
18:00 定時退勤。残業は月平均6.5時間以内に収まっています

■ 具体的にはこんな商品を扱います
通販サイトで販売されるアパレル商品、生活雑貨、コスメ、文房具が中心です。
・シャツやタオルを畳んで透明袋へ入れる
・コスメの容器にひび割れがないかを目視で確認する
・文房具のセット品を指定の個数で袋詰めする
・箱にラベルを貼り、配送業者ごとの台車に載せる
商品は軽く、作業台の高さも調整されているため、身体への負担を抑えて続けられます。

■ 教育・研修体制
入社初日は安全講習とオリエンテーションから始まり、いきなり現場に出ることはありません。
2日目以降は専任の先輩スタッフが隣について、検品・梱包の手順を実際にやって見せながら説明します。
最初の1週間は「見る→一緒にやる→一人でやる」の順で少しずつ担当を広げ、1週間後にはひと通りの作業を経験できるスケジュールです。
リーダーは常に作業場内にいるため、「これはどこに置くのでしたか」といった質問もすぐに解決できます。

■ 働く環境について
作業場は1年を通して空調が効いており、汗だくになったり手がかじかんだりする心配はありません。
休憩室は広く、電子レンジや冷蔵庫、自動販売機が揃っています。昼休憩は各自のペースで過ごしています。
鍵付きロッカーを用意しているので、貴重品の管理も安心です。
服装や髪色は自由で、自分らしいスタイルのまま通勤できます。

■ 川島町の拠点ならではの一言
圏央道の川島ICが近く車通勤に向いており、川越方面からのバス便もあります。
インター周辺に物流施設や工場が集まる一方、のどかな田園風景も残る地域です。
当社は埼玉県内に複数の勤務先を持っているため、ご自宅からの通いやすさも考慮して配属先を相談できます。

「難しいことはできないけれど、コツコツ続けることは得意」という方を、当社は大切にしています。まずはお気軽にご応募ください。","【川島町で働くならここがポイント】

✅ 資格・経験・学歴は問いません
必要なのは「丁寧に確認する姿勢」だけ。検品の見方、梱包の手順はすべて入社後にお伝えします。フォークリフトなどの資格取得を目指したい方には支援制度もあり、長く働くほど仕事の幅が広がります。

✅ 平日は定時、週末はしっかり休む
9:00〜18:00の固定時間制で、生活リズムが安定します。土日祝はお休みなので、家族や友人と予定を合わせやすいのも魅力です。

✅ 自分のペースで黙々と進められる仕事
ノルマに追われることはなく、接客もありません。「一人で集中して作業したい」「人間関係のストレスを減らしたい」という方にこそ向いている環境です。

✅ 休憩室でしっかりリフレッシュ
昼休憩60分に加えて午後に小休憩があり、集中力を保ちやすいリズムで働けます。休憩室にはポットやフリーWi-Fiもあり、お弁当派にも外食派にも便利です。

✅ 安定した雇用と福利厚生
正社員としての雇用に加え、社会保険完備、定期健康診断、資格取得支援などの制度があります。「腰を据えて働きたい」という希望に応えられる環境です。

✅ 川島町で通いやすい勤務地
圏央道の川島ICが近く車通勤に向いており、川越方面からのバス便もあります。インター周辺に物流施設や工場が集まる一方、のどかな田園風景も残る地域です。

まずはカジュアル面談で、職場の雰囲気や1日の流れをお伝えします。ご応募をお待ちしています。","例外事由3号のイにより、長期キャリア形成を図るため、
35歳以下を募集しております。","【勤務時間】
★9:00~18:00
└実働8時間/休憩1時間

定時ダッシュも問題ないです✧
✧ 土日祝休み
✧ 残業月平均:6.5時間以内
✧ 残業代100%支給","✧ 完全週休2日制(土日祝休み)
✧ 年間休日125日
「土日休みはマスト!」ってあなたにも
ぴったりの職場です!

【その他休暇】
✧ 有給休暇
✧ 夏季・冬季休暇
✧ GW休暇
✧ 年末年始休暇",埼玉県 比企郡 川島町,,"月給:25万円~+交通費全額支給

※経験に応じて決定いたします。

# 昇給あり
# 賞与あり
# 残業代100%支給
# 交通費支給","・社会保険完備（雇用・労災・健康・厚生年金）
・残業手当・深夜手当・休日出勤手当（実働時間に応じて支給）
・確定拠出年金制度（企業型）
・定期健康診断・インフルエンザ予防接種費用補助
・特別休暇（慶弔休暇）
・産前産後休暇・育児休業・介護休業
・資格取得支援制度（フォークリフト・自主保全士など）
・家具家電付き社員寮制度（勤務地による・規定あり）
・制服貸与
・社員持株会
・福利厚生サービス（レジャー・飲食の優待割引、保養施設）
・団体長期障害所得補償保険（GLTD）","■ 選考について ■
・カジュアル面談：1回のみ（服装自由・履歴書任意）
・応募から面談まで：WEB応募後、1〜3日以内にご連絡
・入社日：ご相談のうえ決定

■ 応募からの流れ ■
▶ STEP1 WEBから1分で応募
▶ STEP2 カジュアル面談（1回のみ）
▶ STEP3 採用

「まずは話だけ聞いてみたい」という方も、そのままご応募ください。
面談で無理に応募を勧めることはありません。",,即日勤務OK、交通費支給、残業なし,2,任意,生年月日、性別、電話番号,ntf-indeedapplicant-aaaatulx77tci2k2pr5yeqapva@shukatsu-labo.slack.com,,,利用しない,,
募集中,日本マニュファクチャリングサービス株式会社,未経験｜検品・梱包｜日本マニュファクチャリングサービス株式会社｜三郷市（埼玉県）,倉庫作業スタッフ,20～30代活躍中◎未経験から製造のプロへ｜三郷市の検品・梱包スタッフ,,埼玉県 三郷市,,,正社員,はい,月給,250000,,最低額を表示,なし,,,,,,,固定時間制,160,,厚生年金、健康保険、雇用保険、労災保険,,なし,,,,,,,,,,,,,,,,,,"三郷市内および周辺の物流センターで、通販商品や生活雑貨の「検品・梱包」を担当する正社員スタッフの募集です。
冷暖房が効いた清潔な作業場で、商品をひとつずつ確認し、丁寧に箱へ納めていく落ち着いた仕事です。
製造・物流の現場を長年支えてきた当社が、未経験の方を一から育てます。

■ ある1日のスケジュール（日勤・実働8時間）
09:00 出勤・朝礼。リーダーから本日の作業内容と注意点の共有があります
09:10 検品スタート。ハンディ端末でバーコードを読み取り、品番と数量を照合
10:30 小休憩（10分）
12:00 昼休憩（60分）。電子レンジ・冷蔵庫のある休憩室で昼食
13:00 梱包作業。緩衝材で商品を包み、ダンボールを組み立てて詰めていきます
15:00 小休憩（15分）
15:15 出荷準備。伝票シールを貼り、配送業者ごとにコンテナへ仕分け
17:45 清掃・翌日分の資材補充
18:00 退勤。土日祝はお休みで、翌日の予定も立てやすい働き方です

■ 具体的にはこんな商品を扱います
通販サイトで販売されるアパレル商品、生活雑貨、コスメ、文房具が中心です。
・シャツやタオルを畳んで透明袋へ入れる
・コスメの容器にひび割れがないかを目視で確認する
・文房具のセット品を指定の個数で袋詰めする
・箱にラベルを貼り、配送業者ごとの台車に載せる
商品は軽く、作業台の高さも調整されているため、身体への負担を抑えて続けられます。

■ 未経験でも安心の1週間プログラム
・1日目：会社説明、安全講習、作業着の受け取り、作業場の見学
・2日目：先輩の隣で検品の実演を見学し、午後から一緒に作業
・3日目：梱包の袋詰め・箱詰めを先輩と一緒に担当
・4日目：シール貼りと仕分けを一人で担当。先輩は同じ作業台で見守ります
・5日目：検品から仕分けまでの流れを通しで経験
覚えることは3ステップの繰り返しなので、専門知識や資格は不要です。製造現場で人を育ててきた当社ならではの丁寧な立ち上がりを用意しています。

■ 設備・環境のポイント
・冷暖房完備の室内作業で、季節や天候に左右されません
・休憩室には電子レンジ・冷蔵庫・ポットがあり、フリーWi-Fiも使えます
・個人用の鍵付きロッカーを完備
・髪色・ネイル・服装は自由。清潔感があれば普段のスタイルのままで大丈夫です

■ 埼玉県三郷市で働く
高速道路の結節点として大型物流センターが集中する、県東部の物流の中心地です。
JR武蔵野線とつくばエクスプレスが利用でき、外環道・常磐道の三郷ICも近い立地です。
三郷市周辺で「通勤時間を抑えて安定した正社員の仕事に就きたい」という方に、当社の検品・梱包はぴったりの選択肢です。

「難しいことはできないけれど、コツコツ続けることは得意」という方を、当社は大切にしています。まずはお気軽にご応募ください。","【当社の検品・梱包が選ばれる理由】

✅ 資格・経験・学歴は問いません
必要なのは「丁寧に確認する姿勢」だけ。検品の見方、梱包の手順はすべて入社後にお伝えします。フォークリフトなどの資格取得を目指したい方には支援制度もあり、長く働くほど仕事の幅が広がります。

✅ 残業は月平均6.5時間以内
出荷量に合わせて人員を配置しているため、定時で帰れる日がほとんどです。仕事の後に予定を入れたり、家でゆっくり過ごしたりする時間をきちんと確保できます。

✅ 自分のペースで黙々と進められる仕事
ノルマに追われることはなく、接客もありません。「一人で集中して作業したい」「人間関係のストレスを減らしたい」という方にこそ向いている環境です。

✅ 休憩室でしっかりリフレッシュ
昼休憩60分に加えて午後に小休憩があり、集中力を保ちやすいリズムで働けます。休憩室にはポットやフリーWi-Fiもあり、お弁当派にも外食派にも便利です。

✅ 製造・物流の現場を支えてきた会社の正社員
当社は全国の製造現場で人材を育ててきた会社です。検品・梱包からスタートし、経験を積めばリーダーや別工程へのステップアップも目指せます。

✅ 三郷市で通いやすい勤務地
JR武蔵野線とつくばエクスプレスが利用でき、外環道・常磐道の三郷ICも近い立地です。高速道路の結節点として大型物流センターが集中する、県東部の物流の中心地です。

「自分にもできそう」と思えたら、それがスタートの合図です。お気軽にご応募ください。","例外事由3号のイにより、長期キャリア形成を図るため、
35歳以下を募集しております。","【勤務時間】
★9:00~18:00
└実働8時間/休憩1時間

定時ダッシュも問題ないです✧
✧ 土日祝休み
✧ 残業月平均:6.5時間以内
✧ 残業代100%支給","✧ 完全週休2日制(土日祝休み)
✧ 年間休日125日
「土日休みはマスト!」ってあなたにも
ぴったりの職場です!

【その他休暇】
✧ 有給休暇
✧ 夏季・冬季休暇
✧ GW休暇
✧ 年末年始休暇",埼玉県 三郷市,,"月給:25万円~+交通費全額支給

※経験に応じて決定いたします。

# 昇給あり
# 賞与あり
# 残業代100%支給
# 交通費支給","・社会保険完備（雇用・労災・健康・厚生年金）
・残業手当・深夜手当・休日出勤手当（実働時間に応じて支給）
・確定拠出年金制度（企業型）
・定期健康診断・インフルエンザ予防接種費用補助
・特別休暇（慶弔休暇）
・産前産後休暇・育児休業・介護休業
・資格取得支援制度（フォークリフト・自主保全士など）
・家具家電付き社員寮制度（勤務地による・規定あり）
・制服貸与
・社員持株会
・福利厚生サービス（レジャー・飲食の優待割引、保養施設）
・団体長期障害所得補償保険（GLTD）","✧ カジュアル面談実施中です ✧

応募に必要なのは人柄だけ。
まずはあなたのご希望を聞かせてください。

■ 応募からの流れ ■
▶ STEP1 WEBから1分で簡単応募
1〜3日以内に担当者からご連絡します。
▶ STEP2 カジュアル面談（1回のみ）
職場の雰囲気や1日の流れをお伝えし、ご希望を伺います。
▶ STEP3 採用

※入社日はご相談いただけます◎
在職中の方も、お気軽にご相談ください。",,即日勤務OK、交通費支給、残業なし,2,任意,生年月日、性別、電話番号,ntf-indeedapplicant-aaaatulx77tci2k2pr5yeqapva@shukatsu-labo.slack.com,,,利用しない,,
募集中,日本マニュファクチャリングサービス株式会社,未経験｜検品・梱包｜日本マニュファクチャリングサービス株式会社｜ふじみ野市（埼玉県）,倉庫作業スタッフ,20～30代活躍中◎ふじみ野市｜黙々作業が好きな方に向く検品・梱包,,埼玉県 ふじみ野市,,,正社員,はい,月給,250000,,最低額を表示,なし,,,,,,,固定時間制,160,,厚生年金、健康保険、雇用保険、労災保険,,なし,,,,,,,,,,,,,,,,,,"勤務先はふじみ野市内および周辺の物流センター。扱うのは衣類・コスメ・文房具・小型雑貨など、手のひらサイズの軽い商品が中心です。
担当していただくのは、届いた商品に不備がないかを確かめ、出荷用の箱に整えて詰める「検品・梱包」の作業。
空調完備の室内で、自分のペースを保ちながら黙々と取り組める環境です。

■ 入社後の1日はこんなイメージです
09:00 朝礼。体調確認と当日の出荷量の共有からスタート
09:15 午前は検品を中心に担当。商品の外観を目視で確認し、傷や汚れがあれば別置きにします
12:00 昼休憩（60分）。お弁当持参の方も、近くで買ってくる方もいます
13:00 午後は梱包を担当。袋詰め、箱詰め、テープ留めの3工程を繰り返します
15:00 小休憩（15分）。自動販売機で飲み物を買って一息
15:15 出荷分の最終チェックと仕分け。全員で協力して当日分を仕上げます
17:45 作業スペースの清掃と日報記入
18:00 定時退勤。残業は月平均6.5時間以内に収まっています

■ 主な作業内容
・検品：入荷した商品の外観チェック（傷・汚れ・パッケージのへこみ）と数量・品番の照合
・スキャン：バーコードリーダーで商品を読み取り、データと突き合わせます
・梱包：袋詰め、緩衝材包装、ダンボールの組み立てと箱詰め、テープ留め
・仕上げ：ラベル貼りと配送地域別の仕分け
扱うのはアパレル商品、コスメ、文房具、小型雑貨など。どれも軽く、繰り返しの中で自然と手順が身につく作業です。

■ 入社後1週間の流れ
1日目：オリエンテーション。安全ルール、勤怠の付け方、作業場の設備を案内します
2〜3日目：先輩スタッフがマンツーマンで隣につき、検品の見方と梱包の手順を実演しながら教えます
4〜5日目：シール貼りやダンボールの組み立てなど簡単な工程から一人で担当。分からないことはその場で質問できます
1週間後：検品・梱包の一連の流れをひと通り経験し、自分のペースで進められるようになります
当社は製造現場の教育に長年取り組んできた会社です。「早ければ半日、遅くとも2〜3日で一人立ち」が現場の平均的な目安ですが、慣れるまでは焦らず伴走します。

■ 働く環境について
作業場は1年を通して空調が効いており、汗だくになったり手がかじかんだりする心配はありません。
休憩室は広く、電子レンジや冷蔵庫、自動販売機が揃っています。昼休憩は各自のペースで過ごしています。
鍵付きロッカーを用意しているので、貴重品の管理も安心です。
服装や髪色は自由で、自分らしいスタイルのまま通勤できます。

■ 埼玉県ふじみ野市で働く
駅周辺に商業施設が揃う住みやすい街で、通勤と暮らしのバランスを取りやすい地域です。
東武東上線のふじみ野駅・上福岡駅が最寄りで、池袋まで直通で30分圏内です。
ふじみ野市周辺で「通勤時間を抑えて安定した正社員の仕事に就きたい」という方に、当社の検品・梱包はぴったりの選択肢です。

製造・物流の現場を支えてきた当社で、あなたのペースで一歩を踏み出してください。ご応募をお待ちしています。","【ふじみ野市で働くならここがポイント】

✅ 覚えることは少なく、教え方は丁寧に
製造現場で人を育ててきた当社では、専任の先輩がマンツーマンで隣につきます。最初はシール貼りやダンボールの組み立てといった簡単な工程から始め、1週間でひと通りの流れを経験できるプログラムを用意しています。

✅ 土日祝休み・年間休日125日
完全週休2日制で、カレンダー通りに休めます。夏季・冬季休暇、GW、年末年始のまとまった休みもあり、予定を立てやすい働き方です。

✅ 自分のペースで黙々と進められる仕事
ノルマに追われることはなく、接客もありません。「一人で集中して作業したい」「人間関係のストレスを減らしたい」という方にこそ向いている環境です。

✅ 休憩室でしっかりリフレッシュ
昼休憩60分に加えて午後に小休憩があり、集中力を保ちやすいリズムで働けます。休憩室にはポットやフリーWi-Fiもあり、お弁当派にも外食派にも便利です。

✅ 相談しやすい体制
配属先にはリーダーが常駐し、定期的な面談で困りごとを聞き取ります。作業のこと、通勤のこと、働き方のこと、何でも相談してください。

✅ 地元ふじみ野市で長く働く
駅周辺に商業施設が揃う住みやすい街で、通勤と暮らしのバランスを取りやすい地域です。東武東上線のふじみ野駅・上福岡駅が最寄りで、池袋まで直通で30分圏内です。

「自分にもできそう」と思えたら、それがスタートの合図です。お気軽にご応募ください。","例外事由3号のイにより、長期キャリア形成を図るため、
35歳以下を募集しております。","【勤務時間】
★9:00~18:00
└実働8時間/休憩1時間

定時ダッシュも問題ないです✧
✧ 土日祝休み
✧ 残業月平均:6.5時間以内
✧ 残業代100%支給","✧ 完全週休2日制(土日祝休み)
✧ 年間休日125日
「土日休みはマスト!」ってあなたにも
ぴったりの職場です!

【その他休暇】
✧ 有給休暇
✧ 夏季・冬季休暇
✧ GW休暇
✧ 年末年始休暇",埼玉県 ふじみ野市,,"月給:25万円~+交通費全額支給

※経験に応じて決定いたします。

# 昇給あり
# 賞与あり
# 残業代100%支給
# 交通費支給","・社会保険完備（雇用・労災・健康・厚生年金）
・残業手当・深夜手当・休日出勤手当（実働時間に応じて支給）
・確定拠出年金制度（企業型）
・定期健康診断・インフルエンザ予防接種費用補助
・特別休暇（慶弔休暇）
・産前産後休暇・育児休業・介護休業
・資格取得支援制度（フォークリフト・自主保全士など）
・家具家電付き社員寮制度（勤務地による・規定あり）
・制服貸与
・社員持株会
・福利厚生サービス（レジャー・飲食の優待割引、保養施設）
・団体長期障害所得補償保険（GLTD）","【応募前の「気になる」にお答えします】

Q. 面接は堅苦しいですか？
A. いいえ。カジュアル面談を1回行うだけです。服装も自由、履歴書も任意です。

Q. 応募してからどのくらいで決まりますか？
A. 3ステップで進みます。
▶ STEP1 WEBから応募（1分）→ 1〜3日以内にご連絡
▶ STEP2 カジュアル面談（1回のみ）
▶ STEP3 採用

Q. すぐには入社できないのですが…
A. 入社日はご相談いただけます。今のお仕事の引き継ぎ期間なども考慮します。",,即日勤務OK、交通費支給、残業なし,2,任意,生年月日、性別、電話番号,ntf-indeedapplicant-aaaatulx77tci2k2pr5yeqapva@shukatsu-labo.slack.com,,,利用しない,,
募集中,日本マニュファクチャリングサービス株式会社,未経験｜検品・梱包｜日本マニュファクチャリングサービス株式会社｜鶴ヶ島市（埼玉県）,倉庫作業スタッフ,20～30代活躍中◎鶴ヶ島市｜空調完備の倉庫でコツコツ検品・梱包,,埼玉県 鶴ヶ島市,,,正社員,はい,月給,250000,,最低額を表示,なし,,,,,,,固定時間制,160,,厚生年金、健康保険、雇用保険、労災保険,,なし,,,,,,,,,,,,,,,,,,"「ものづくりの現場を支える仕事を、正社員として腰を据えて続けたい」という方へ。
鶴ヶ島市内および周辺の物流センターで、商品の検品と梱包を担当するスタッフを募集します。
空調の効いた清潔な作業場で、座り作業と立ち作業を組み合わせながら無理なく進められる仕事です。

■ 1日の流れ（9:00〜18:00・休憩1時間）
09:00 朝礼。当日の出荷予定と担当エリアを確認し、作業台へ移動します
09:15 午前の検品。入荷した商品を納品書と照らし合わせ、外観と数量をチェック
12:00 昼休憩（60分）。休憩室でゆっくり昼食をとります
13:00 午後の梱包。検品を終えた商品を袋詰めし、サイズに合った箱に納めます
15:00 小休憩（15分）。水分補給と軽いストレッチでリフレッシュ
15:15 ラベル貼りと出荷先ごとの仕分け。台車で所定の場所へ運びます
17:40 作業台の整理整頓と翌日の準備
18:00 退勤。残業は月平均6.5時間以内で、定時に帰れる日がほとんどです

■ 主な作業内容
・検品：入荷した商品の外観チェック（傷・汚れ・パッケージのへこみ）と数量・品番の照合
・スキャン：バーコードリーダーで商品を読み取り、データと突き合わせます
・梱包：袋詰め、緩衝材包装、ダンボールの組み立てと箱詰め、テープ留め
・仕上げ：ラベル貼りと配送地域別の仕分け
扱うのはアパレル商品、コスメ、文房具、小型雑貨など。どれも軽く、繰り返しの中で自然と手順が身につく作業です。

■ 教育・研修体制
入社初日は安全講習とオリエンテーションから始まり、いきなり現場に出ることはありません。
2日目以降は専任の先輩スタッフが隣について、検品・梱包の手順を実際にやって見せながら説明します。
最初の1週間は「見る→一緒にやる→一人でやる」の順で少しずつ担当を広げ、1週間後にはひと通りの作業を経験できるスケジュールです。
リーダーは常に作業場内にいるため、「これはどこに置くのでしたか」といった質問もすぐに解決できます。

■ 設備・環境のポイント
・冷暖房完備の室内作業で、季節や天候に左右されません
・休憩室には電子レンジ・冷蔵庫・ポットがあり、フリーWi-Fiも使えます
・個人用の鍵付きロッカーを完備
・髪色・ネイル・服装は自由。清潔感があれば普段のスタイルのままで大丈夫です

■ 鶴ヶ島市の拠点ならではの一言
東武東上線の鶴ヶ島駅・若葉駅が利用でき、関越道の鶴ヶ島ICと圏央道の結節点にも近い立地です。
高速道路のジャンクションを抱え、物流拠点の進出が続く県西部の街です。
当社は埼玉県内に複数の勤務先を持っているため、ご自宅からの通いやすさも考慮して配属先を相談できます。

「難しいことはできないけれど、コツコツ続けることは得意」という方を、当社は大切にしています。まずはお気軽にご応募ください。","【当社の検品・梱包が選ばれる理由】

✅ 覚えることは少なく、教え方は丁寧に
製造現場で人を育ててきた当社では、専任の先輩がマンツーマンで隣につきます。最初はシール貼りやダンボールの組み立てといった簡単な工程から始め、1週間でひと通りの流れを経験できるプログラムを用意しています。

✅ 平日は定時、週末はしっかり休む
9:00〜18:00の固定時間制で、生活リズムが安定します。土日祝はお休みなので、家族や友人と予定を合わせやすいのも魅力です。

✅ 重い荷物はほとんどありません
扱うのは衣類・コスメ・文房具・小型雑貨など軽い商品が中心です。重量物の持ち上げや力仕事はほぼなく、身体への負担を抑えて長く続けられます。

✅ 休憩室でしっかりリフレッシュ
昼休憩60分に加えて午後に小休憩があり、集中力を保ちやすいリズムで働けます。休憩室にはポットやフリーWi-Fiもあり、お弁当派にも外食派にも便利です。

✅ 安定した雇用と福利厚生
正社員としての雇用に加え、社会保険完備、定期健康診断、資格取得支援などの制度があります。「腰を据えて働きたい」という希望に応えられる環境です。

✅ 地元鶴ヶ島市で長く働く
高速道路のジャンクションを抱え、物流拠点の進出が続く県西部の街です。東武東上線の鶴ヶ島駅・若葉駅が利用でき、関越道の鶴ヶ島ICと圏央道の結節点にも近い立地です。

まずはカジュアル面談で、職場の雰囲気や1日の流れをお伝えします。ご応募をお待ちしています。","例外事由3号のイにより、長期キャリア形成を図るため、
35歳以下を募集しております。","【勤務時間】
★9:00~18:00
└実働8時間/休憩1時間

定時ダッシュも問題ないです✧
✧ 土日祝休み
✧ 残業月平均:6.5時間以内
✧ 残業代100%支給","✧ 完全週休2日制(土日祝休み)
✧ 年間休日125日
「土日休みはマスト!」ってあなたにも
ぴったりの職場です!

【その他休暇】
✧ 有給休暇
✧ 夏季・冬季休暇
✧ GW休暇
✧ 年末年始休暇",埼玉県 鶴ヶ島市,,"月給:25万円~+交通費全額支給

※経験に応じて決定いたします。

# 昇給あり
# 賞与あり
# 残業代100%支給
# 交通費支給","・社会保険完備（雇用・労災・健康・厚生年金）
・残業手当・深夜手当・休日出勤手当（実働時間に応じて支給）
・確定拠出年金制度（企業型）
・定期健康診断・インフルエンザ予防接種費用補助
・特別休暇（慶弔休暇）
・産前産後休暇・育児休業・介護休業
・資格取得支援制度（フォークリフト・自主保全士など）
・家具家電付き社員寮制度（勤務地による・規定あり）
・制服貸与
・社員持株会
・福利厚生サービス（レジャー・飲食の優待割引、保養施設）
・団体長期障害所得補償保険（GLTD）","まずは「話を聞いてみる」だけで大丈夫です。

当社ではカジュアル面談を実施しています。
志望動機や自己PRの準備は不要。
「どんな職場？」「本当に未経験でもできる？」といった疑問に、担当者が率直にお答えします。

■ 応募から入社までの3STEP ■
▶ STEP1 WEB応募（1分）
▶ STEP2 カジュアル面談（1回のみ・1〜3日以内にご連絡）
▶ STEP3 採用・入社日のご相談

入社日は柔軟に調整できます。
「来月から」「今の仕事を辞めてから」など、ご都合をお聞かせください。",,即日勤務OK、交通費支給、残業なし,2,任意,生年月日、性別、電話番号,ntf-indeedapplicant-aaaatulx77tci2k2pr5yeqapva@shukatsu-labo.slack.com,,,利用しない,,
募集中,日本マニュファクチャリングサービス株式会社,未経験｜検品・梱包｜日本マニュファクチャリングサービス株式会社｜坂戸市（埼玉県）,倉庫作業スタッフ,20～30代活躍中◎坂戸市｜マンツーマン研修で安心の検品・梱包,,埼玉県 坂戸市,,,正社員,はい,月給,250000,,最低額を表示,なし,,,,,,,固定時間制,160,,厚生年金、健康保険、雇用保険、労災保険,,なし,,,,,,,,,,,,,,,,,,"埼玉県坂戸市エリアで、検品・梱包の正社員スタッフを募集します。
勤務先は坂戸市内および周辺の物流センター。商品にキズや汚れがないかを目で確かめ、数を合わせ、袋や箱に丁寧に納める作業が中心です。
1年を通して快適な温度に保たれた室内作業で、当社の先輩スタッフが隣で手順を教えます。

■ ある1日のスケジュール（日勤・実働8時間）
09:00 出勤・朝礼。リーダーから本日の作業内容と注意点の共有があります
09:10 検品スタート。ハンディ端末でバーコードを読み取り、品番と数量を照合
10:30 小休憩（10分）
12:00 昼休憩（60分）。電子レンジ・冷蔵庫のある休憩室で昼食
13:00 梱包作業。緩衝材で商品を包み、ダンボールを組み立てて詰めていきます
15:00 小休憩（15分）
15:15 出荷準備。伝票シールを貼り、配送業者ごとにコンテナへ仕分け
17:45 清掃・翌日分の資材補充
18:00 退勤。土日祝はお休みで、翌日の予定も立てやすい働き方です

■ 扱う商品と作業の具体例
・衣類・タオルなどの布製品：ほつれや汚れがないか確認し、専用の透明袋に入れます
・コスメ・ガラス製の小物：割れやすいため、緩衝材で包んでから箱に納めます
・文房具・生活雑貨：品番と個数を納品書と照合し、まとめて袋詰めします
・出荷前の箱：伝票シールと「割れ物注意」「水濡れ厳禁」などの注意シールを所定位置に貼ります
いずれも手のひらから両手で持てる大きさの商品で、重量物の持ち上げはありません。

■ 未経験でも安心の1週間プログラム
・1日目：会社説明、安全講習、作業着の受け取り、作業場の見学
・2日目：先輩の隣で検品の実演を見学し、午後から一緒に作業
・3日目：梱包の袋詰め・箱詰めを先輩と一緒に担当
・4日目：シール貼りと仕分けを一人で担当。先輩は同じ作業台で見守ります
・5日目：検品から仕分けまでの流れを通しで経験
覚えることは3ステップの繰り返しなので、専門知識や資格は不要です。製造現場で人を育ててきた当社ならではの丁寧な立ち上がりを用意しています。

■ 職場環境
・空調完備：冷暖房が効いた清潔な室内で、夏も冬も快適に作業できます
・休憩室：電子レンジ・冷蔵庫・ポット・自動販売機を完備。お弁当持参でもゆっくり過ごせます
・ロッカー：鍵付きの個人ロッカーがあり、私物を安心して預けられます
・服装：髪色・ネイルは自由。動きやすい服装で通勤し、現場のルールに沿って作業します

■ 坂戸市の拠点ならではの一言
東武東上線・越生線の坂戸駅が最寄りで、川越方面からも通いやすい立地です。
関越道の坂戸西スマートICが近く、周辺に物流施設や工場が集まるエリアです。
当社は埼玉県内に複数の勤務先を持っているため、ご自宅からの通いやすさも考慮して配属先を相談できます。

製造・物流の現場を支えてきた当社で、あなたのペースで一歩を踏み出してください。ご応募をお待ちしています。","【坂戸市で働くならここがポイント】

✅ 先輩スタッフの9割以上が未経験からのスタート
「商品を手に取る」「傷がないか見る」「箱に入れる」の3ステップが仕事の基本です。複雑な機械操作や専門用語はなく、入社初日は安全講習とオリエンテーションから始まるので、初めての正社員でも安心してスタートできます。

✅ 残業は月平均6.5時間以内
出荷量に合わせて人員を配置しているため、定時で帰れる日がほとんどです。仕事の後に予定を入れたり、家でゆっくり過ごしたりする時間をきちんと確保できます。

✅ 重い荷物はほとんどありません
扱うのは衣類・コスメ・文房具・小型雑貨など軽い商品が中心です。重量物の持ち上げや力仕事はほぼなく、身体への負担を抑えて長く続けられます。

✅ 休憩室でしっかりリフレッシュ
昼休憩60分に加えて午後に小休憩があり、集中力を保ちやすいリズムで働けます。休憩室にはポットやフリーWi-Fiもあり、お弁当派にも外食派にも便利です。

✅ 製造・物流の現場を支えてきた会社の正社員
当社は全国の製造現場で人材を育ててきた会社です。検品・梱包からスタートし、経験を積めばリーダーや別工程へのステップアップも目指せます。

✅ 地元坂戸市で長く働く
関越道の坂戸西スマートICが近く、周辺に物流施設や工場が集まるエリアです。東武東上線・越生線の坂戸駅が最寄りで、川越方面からも通いやすい立地です。

「自分にもできそう」と思えたら、それがスタートの合図です。お気軽にご応募ください。","例外事由3号のイにより、長期キャリア形成を図るため、
35歳以下を募集しております。","【勤務時間】
★9:00~18:00
└実働8時間/休憩1時間

定時ダッシュも問題ないです✧
✧ 土日祝休み
✧ 残業月平均:6.5時間以内
✧ 残業代100%支給","✧ 完全週休2日制(土日祝休み)
✧ 年間休日125日
「土日休みはマスト!」ってあなたにも
ぴったりの職場です!

【その他休暇】
✧ 有給休暇
✧ 夏季・冬季休暇
✧ GW休暇
✧ 年末年始休暇",埼玉県 坂戸市,,"月給:25万円~+交通費全額支給

※経験に応じて決定いたします。

# 昇給あり
# 賞与あり
# 残業代100%支給
# 交通費支給","・社会保険完備（雇用・労災・健康・厚生年金）
・残業手当・深夜手当・休日出勤手当（実働時間に応じて支給）
・確定拠出年金制度（企業型）
・定期健康診断・インフルエンザ予防接種費用補助
・特別休暇（慶弔休暇）
・産前産後休暇・育児休業・介護休業
・資格取得支援制度（フォークリフト・自主保全士など）
・家具家電付き社員寮制度（勤務地による・規定あり）
・制服貸与
・社員持株会
・福利厚生サービス（レジャー・飲食の優待割引、保養施設）
・団体長期障害所得補償保険（GLTD）","【最短スケジュールのイメージ】

▶ STEP1 今日：WEBから1分で応募
▶ STEP2 1〜3日後：担当者からご連絡 → カジュアル面談の日程調整
▶ STEP3 面談当日：カジュアル面談（1回のみ）→ 採用のご連絡

面談では、職場の雰囲気・1日の流れ・通勤のことなど、
気になることを何でも聞いてください。

✧ 入社日はご相談いただけます ✧
「すぐ働きたい」「少し先がいい」どちらのご希望にも対応します。",,即日勤務OK、交通費支給、残業なし,2,任意,生年月日、性別、電話番号,ntf-indeedapplicant-aaaatulx77tci2k2pr5yeqapva@shukatsu-labo.slack.com,,,利用しない,,
募集中,日本マニュファクチャリングサービス株式会社,未経験｜検品・梱包｜日本マニュファクチャリングサービス株式会社｜蓮田市（埼玉県）,倉庫作業スタッフ,20～30代活躍中◎蓮田市で正社員デビュー｜検品・梱包のシンプル作業,,埼玉県 蓮田市,,,正社員,はい,月給,250000,,最低額を表示,なし,,,,,,,固定時間制,160,,厚生年金、健康保険、雇用保険、労災保険,,なし,,,,,,,,,,,,,,,,,,"蓮田市内および周辺の物流センターで、通販商品や生活雑貨の「検品・梱包」を担当する正社員スタッフの募集です。
冷暖房が効いた清潔な作業場で、商品をひとつずつ確認し、丁寧に箱へ納めていく落ち着いた仕事です。
製造・物流の現場を長年支えてきた当社が、未経験の方を一から育てます。

■ 1日の流れ（9:00〜18:00・休憩1時間）
09:00 朝礼。当日の出荷予定と担当エリアを確認し、作業台へ移動します
09:15 午前の検品。入荷した商品を納品書と照らし合わせ、外観と数量をチェック
12:00 昼休憩（60分）。休憩室でゆっくり昼食をとります
13:00 午後の梱包。検品を終えた商品を袋詰めし、サイズに合った箱に納めます
15:00 小休憩（15分）。水分補給と軽いストレッチでリフレッシュ
15:15 ラベル貼りと出荷先ごとの仕分け。台車で所定の場所へ運びます
17:40 作業台の整理整頓と翌日の準備
18:00 退勤。残業は月平均6.5時間以内で、定時に帰れる日がほとんどです

■ 扱う商品と作業の具体例
・衣類・タオルなどの布製品：ほつれや汚れがないか確認し、専用の透明袋に入れます
・コスメ・ガラス製の小物：割れやすいため、緩衝材で包んでから箱に納めます
・文房具・生活雑貨：品番と個数を納品書と照合し、まとめて袋詰めします
・出荷前の箱：伝票シールと「割れ物注意」「水濡れ厳禁」などの注意シールを所定位置に貼ります
いずれも手のひらから両手で持てる大きさの商品で、重量物の持ち上げはありません。

■ 入社後1週間の流れ
1日目：オリエンテーション。安全ルール、勤怠の付け方、作業場の設備を案内します
2〜3日目：先輩スタッフがマンツーマンで隣につき、検品の見方と梱包の手順を実演しながら教えます
4〜5日目：シール貼りやダンボールの組み立てなど簡単な工程から一人で担当。分からないことはその場で質問できます
1週間後：検品・梱包の一連の流れをひと通り経験し、自分のペースで進められるようになります
当社は製造現場の教育に長年取り組んできた会社です。「早ければ半日、遅くとも2〜3日で一人立ち」が現場の平均的な目安ですが、慣れるまでは焦らず伴走します。

■ 設備・環境のポイント
・冷暖房完備の室内作業で、季節や天候に左右されません
・休憩室には電子レンジ・冷蔵庫・ポットがあり、フリーWi-Fiも使えます
・個人用の鍵付きロッカーを完備
・髪色・ネイル・服装は自由。清潔感があれば普段のスタイルのままで大丈夫です

■ 埼玉県蓮田市で働く
都心へのアクセスと落ち着いた住環境を両立できる、県東部の街です。
JR宇都宮線の蓮田駅が最寄りで、大宮駅まで約15分の距離です。
蓮田市周辺で「通勤時間を抑えて安定した正社員の仕事に就きたい」という方に、当社の検品・梱包はぴったりの選択肢です。

製造・物流の現場を支えてきた当社で、あなたのペースで一歩を踏み出してください。ご応募をお待ちしています。","【当社の検品・梱包が選ばれる理由】

✅ 先輩スタッフの9割以上が未経験からのスタート
「商品を手に取る」「傷がないか見る」「箱に入れる」の3ステップが仕事の基本です。複雑な機械操作や専門用語はなく、入社初日は安全講習とオリエンテーションから始まるので、初めての正社員でも安心してスタートできます。

✅ 土日祝休み・年間休日125日
完全週休2日制で、カレンダー通りに休めます。夏季・冬季休暇、GW、年末年始のまとまった休みもあり、予定を立てやすい働き方です。

✅ 重い荷物はほとんどありません
扱うのは衣類・コスメ・文房具・小型雑貨など軽い商品が中心です。重量物の持ち上げや力仕事はほぼなく、身体への負担を抑えて長く続けられます。

✅ 休憩室でしっかりリフレッシュ
昼休憩60分に加えて午後に小休憩があり、集中力を保ちやすいリズムで働けます。休憩室にはポットやフリーWi-Fiもあり、お弁当派にも外食派にも便利です。

✅ 相談しやすい体制
配属先にはリーダーが常駐し、定期的な面談で困りごとを聞き取ります。作業のこと、通勤のこと、働き方のこと、何でも相談してください。

✅ 蓮田市で通いやすい勤務地
JR宇都宮線の蓮田駅が最寄りで、大宮駅まで約15分の距離です。都心へのアクセスと落ち着いた住環境を両立できる、県東部の街です。

まずはカジュアル面談で、職場の雰囲気や1日の流れをお伝えします。ご応募をお待ちしています。","例外事由3号のイにより、長期キャリア形成を図るため、
35歳以下を募集しております。","【勤務時間】
★9:00~18:00
└実働8時間/休憩1時間

定時ダッシュも問題ないです✧
✧ 土日祝休み
✧ 残業月平均:6.5時間以内
✧ 残業代100%支給","✧ 完全週休2日制(土日祝休み)
✧ 年間休日125日
「土日休みはマスト!」ってあなたにも
ぴったりの職場です!

【その他休暇】
✧ 有給休暇
✧ 夏季・冬季休暇
✧ GW休暇
✧ 年末年始休暇",埼玉県 蓮田市,,"月給:25万円~+交通費全額支給

※経験に応じて決定いたします。

# 昇給あり
# 賞与あり
# 残業代100%支給
# 交通費支給","・社会保険完備（雇用・労災・健康・厚生年金）
・残業手当・深夜手当・休日出勤手当（実働時間に応じて支給）
・確定拠出年金制度（企業型）
・定期健康診断・インフルエンザ予防接種費用補助
・特別休暇（慶弔休暇）
・産前産後休暇・育児休業・介護休業
・資格取得支援制度（フォークリフト・自主保全士など）
・家具家電付き社員寮制度（勤務地による・規定あり）
・制服貸与
・社員持株会
・福利厚生サービス（レジャー・飲食の優待割引、保養施設）
・団体長期障害所得補償保険（GLTD）","■ 選考について ■
・カジュアル面談：1回のみ（服装自由・履歴書任意）
・応募から面談まで：WEB応募後、1〜3日以内にご連絡
・入社日：ご相談のうえ決定

■ 応募からの流れ ■
▶ STEP1 WEBから1分で応募
▶ STEP2 カジュアル面談（1回のみ）
▶ STEP3 採用

「まずは話だけ聞いてみたい」という方も、そのままご応募ください。
面談で無理に応募を勧めることはありません。",,即日勤務OK、交通費支給、残業なし,2,任意,生年月日、性別、電話番号,ntf-indeedapplicant-aaaatulx77tci2k2pr5yeqapva@shukatsu-labo.slack.com,,,利用しない,,
募集中,日本マニュファクチャリングサービス株式会社,未経験｜検品・梱包｜日本マニュファクチャリングサービス株式会社｜北本市（埼玉県）,倉庫作業スタッフ,20～30代活躍中◎北本市｜年間休日125日・完全週休2日の軽作業,,埼玉県 北本市,,,正社員,はい,月給,250000,,最低額を表示,なし,,,,,,,固定時間制,160,,厚生年金、健康保険、雇用保険、労災保険,,なし,,,,,,,,,,,,,,,,,,"勤務先は北本市内および周辺の物流センター。扱うのは衣類・コスメ・文房具・小型雑貨など、手のひらサイズの軽い商品が中心です。
担当していただくのは、届いた商品に不備がないかを確かめ、出荷用の箱に整えて詰める「検品・梱包」の作業。
空調完備の室内で、自分のペースを保ちながら黙々と取り組める環境です。

■ ある1日のスケジュール（日勤・実働8時間）
09:00 出勤・朝礼。リーダーから本日の作業内容と注意点の共有があります
09:10 検品スタート。ハンディ端末でバーコードを読み取り、品番と数量を照合
10:30 小休憩（10分）
12:00 昼休憩（60分）。電子レンジ・冷蔵庫のある休憩室で昼食
13:00 梱包作業。緩衝材で商品を包み、ダンボールを組み立てて詰めていきます
15:00 小休憩（15分）
15:15 出荷準備。伝票シールを貼り、配送業者ごとにコンテナへ仕分け
17:45 清掃・翌日分の資材補充
18:00 退勤。土日祝はお休みで、翌日の予定も立てやすい働き方です

■ 作業の流れ（3ステップ）
1. 検品：商品を手に取り、傷・汚れ・数量を確認します。迷ったら「保留」の箱に入れてリーダーに確認するだけです
2. 梱包：商品に合わせて袋・緩衝材・箱を選び、動かないように納めてテープで封をします
3. 仕分け：伝票シールを貼り、配送地域ごとに分けられたコンテナへ移します
扱う商品は衣類・雑貨・コスメ・文房具などの軽いものが中心で、フォークリフトなどの機械操作はありません。

■ 入社後1週間の流れ
1日目：オリエンテーション。安全ルール、勤怠の付け方、作業場の設備を案内します
2〜3日目：先輩スタッフがマンツーマンで隣につき、検品の見方と梱包の手順を実演しながら教えます
4〜5日目：シール貼りやダンボールの組み立てなど簡単な工程から一人で担当。分からないことはその場で質問できます
1週間後：検品・梱包の一連の流れをひと通り経験し、自分のペースで進められるようになります
当社は製造現場の教育に長年取り組んできた会社です。「早ければ半日、遅くとも2〜3日で一人立ち」が現場の平均的な目安ですが、慣れるまでは焦らず伴走します。

■ 職場環境
・空調完備：冷暖房が効いた清潔な室内で、夏も冬も快適に作業できます
・休憩室：電子レンジ・冷蔵庫・ポット・自動販売機を完備。お弁当持参でもゆっくり過ごせます
・ロッカー：鍵付きの個人ロッカーがあり、私物を安心して預けられます
・服装：髪色・ネイルは自由。動きやすい服装で通勤し、現場のルールに沿って作業します

■ 埼玉県北本市で働く
緑が多く住みやすい街で、通勤の負担を抑えて働きたい方に向いた地域です。
JR高崎線の北本駅が最寄りで、圏央道の桶川北本ICも利用できます。
北本市周辺で「通勤時間を抑えて安定した正社員の仕事に就きたい」という方に、当社の検品・梱包はぴったりの選択肢です。

「難しいことはできないけれど、コツコツ続けることは得意」という方を、当社は大切にしています。まずはお気軽にご応募ください。","【北本市で働くならここがポイント】

✅ 資格・経験・学歴は問いません
必要なのは「丁寧に確認する姿勢」だけ。検品の見方、梱包の手順はすべて入社後にお伝えします。フォークリフトなどの資格取得を目指したい方には支援制度もあり、長く働くほど仕事の幅が広がります。

✅ 残業は月平均6.5時間以内
出荷量に合わせて人員を配置しているため、定時で帰れる日がほとんどです。仕事の後に予定を入れたり、家でゆっくり過ごしたりする時間をきちんと確保できます。

✅ 自分のペースで黙々と進められる仕事
ノルマに追われることはなく、接客もありません。「一人で集中して作業したい」「人間関係のストレスを減らしたい」という方にこそ向いている環境です。

✅ 髪色・ネイル・服装は自由
清潔感があれば普段のスタイルのままで大丈夫です。動きやすい服装で通勤し、現場のルールに沿って作業します。

✅ 安定した雇用と福利厚生
正社員としての雇用に加え、社会保険完備、定期健康診断、資格取得支援などの制度があります。「腰を据えて働きたい」という希望に応えられる環境です。

✅ 北本市で通いやすい勤務地
JR高崎線の北本駅が最寄りで、圏央道の桶川北本ICも利用できます。緑が多く住みやすい街で、通勤の負担を抑えて働きたい方に向いた地域です。

「自分にもできそう」と思えたら、それがスタートの合図です。お気軽にご応募ください。","例外事由3号のイにより、長期キャリア形成を図るため、
35歳以下を募集しております。","【勤務時間】
★9:00~18:00
└実働8時間/休憩1時間

定時ダッシュも問題ないです✧
✧ 土日祝休み
✧ 残業月平均:6.5時間以内
✧ 残業代100%支給","✧ 完全週休2日制(土日祝休み)
✧ 年間休日125日
「土日休みはマスト!」ってあなたにも
ぴったりの職場です!

【その他休暇】
✧ 有給休暇
✧ 夏季・冬季休暇
✧ GW休暇
✧ 年末年始休暇",埼玉県 北本市,,"月給:25万円~+交通費全額支給

※経験に応じて決定いたします。

# 昇給あり
# 賞与あり
# 残業代100%支給
# 交通費支給","・社会保険完備（雇用・労災・健康・厚生年金）
・残業手当・深夜手当・休日出勤手当（実働時間に応じて支給）
・確定拠出年金制度（企業型）
・定期健康診断・インフルエンザ予防接種費用補助
・特別休暇（慶弔休暇）
・産前産後休暇・育児休業・介護休業
・資格取得支援制度（フォークリフト・自主保全士など）
・家具家電付き社員寮制度（勤務地による・規定あり）
・制服貸与
・社員持株会
・福利厚生サービス（レジャー・飲食の優待割引、保養施設）
・団体長期障害所得補償保険（GLTD）","✧ カジュアル面談実施中です ✧

応募に必要なのは人柄だけ。
まずはあなたのご希望を聞かせてください。

■ 応募からの流れ ■
▶ STEP1 WEBから1分で簡単応募
1〜3日以内に担当者からご連絡します。
▶ STEP2 カジュアル面談（1回のみ）
職場の雰囲気や1日の流れをお伝えし、ご希望を伺います。
▶ STEP3 採用

※入社日はご相談いただけます◎
在職中の方も、お気軽にご相談ください。",,即日勤務OK、交通費支給、残業なし,2,任意,生年月日、性別、電話番号,ntf-indeedapplicant-aaaatulx77tci2k2pr5yeqapva@shukatsu-labo.slack.com,,,利用しない,,
募集中,日本マニュファクチャリングサービス株式会社,未経験｜検品・梱包｜日本マニュファクチャリングサービス株式会社｜久喜市（埼玉県）,倉庫作業スタッフ,20～30代活躍中◎安定の正社員｜久喜市で検品・梱包を一から,,埼玉県 久喜市,,,正社員,はい,月給,250000,,最低額を表示,なし,,,,,,,固定時間制,160,,厚生年金、健康保険、雇用保険、労災保険,,なし,,,,,,,,,,,,,,,,,,"「ものづくりの現場を支える仕事を、正社員として腰を据えて続けたい」という方へ。
久喜市内および周辺の物流センターで、商品の検品と梱包を担当するスタッフを募集します。
空調の効いた清潔な作業場で、座り作業と立ち作業を組み合わせながら無理なく進められる仕事です。

■ 入社後の1日はこんなイメージです
09:00 朝礼。体調確認と当日の出荷量の共有からスタート
09:15 午前は検品を中心に担当。商品の外観を目視で確認し、傷や汚れがあれば別置きにします
12:00 昼休憩（60分）。お弁当持参の方も、近くで買ってくる方もいます
13:00 午後は梱包を担当。袋詰め、箱詰め、テープ留めの3工程を繰り返します
15:00 小休憩（15分）。自動販売機で飲み物を買って一息
15:15 出荷分の最終チェックと仕分け。全員で協力して当日分を仕上げます
17:45 作業スペースの清掃と日報記入
18:00 定時退勤。残業は月平均6.5時間以内に収まっています

■ 具体的にはこんな商品を扱います
通販サイトで販売されるアパレル商品、生活雑貨、コスメ、文房具が中心です。
・シャツやタオルを畳んで透明袋へ入れる
・コスメの容器にひび割れがないかを目視で確認する
・文房具のセット品を指定の個数で袋詰めする
・箱にラベルを貼り、配送業者ごとの台車に載せる
商品は軽く、作業台の高さも調整されているため、身体への負担を抑えて続けられます。

■ 教育・研修体制
入社初日は安全講習とオリエンテーションから始まり、いきなり現場に出ることはありません。
2日目以降は専任の先輩スタッフが隣について、検品・梱包の手順を実際にやって見せながら説明します。
最初の1週間は「見る→一緒にやる→一人でやる」の順で少しずつ担当を広げ、1週間後にはひと通りの作業を経験できるスケジュールです。
リーダーは常に作業場内にいるため、「これはどこに置くのでしたか」といった質問もすぐに解決できます。

■ 働く環境について
作業場は1年を通して空調が効いており、汗だくになったり手がかじかんだりする心配はありません。
休憩室は広く、電子レンジや冷蔵庫、自動販売機が揃っています。昼休憩は各自のペースで過ごしています。
鍵付きロッカーを用意しているので、貴重品の管理も安心です。
服装や髪色は自由で、自分らしいスタイルのまま通勤できます。

■ 久喜市の拠点ならではの一言
JR宇都宮線と東武伊勢崎線が乗り入れる久喜駅が最寄りで、東北道・圏央道の久喜ICも近いエリアです。
高速道路の結節点として物流施設の集積が進む、県東部の物流拠点です。
当社は埼玉県内に複数の勤務先を持っているため、ご自宅からの通いやすさも考慮して配属先を相談できます。

製造・物流の現場を支えてきた当社で、あなたのペースで一歩を踏み出してください。ご応募をお待ちしています。","【当社の検品・梱包が選ばれる理由】

✅ 資格・経験・学歴は問いません
必要なのは「丁寧に確認する姿勢」だけ。検品の見方、梱包の手順はすべて入社後にお伝えします。フォークリフトなどの資格取得を目指したい方には支援制度もあり、長く働くほど仕事の幅が広がります。

✅ 土日祝休み・年間休日125日
完全週休2日制で、カレンダー通りに休めます。夏季・冬季休暇、GW、年末年始のまとまった休みもあり、予定を立てやすい働き方です。

✅ 自分のペースで黙々と進められる仕事
ノルマに追われることはなく、接客もありません。「一人で集中して作業したい」「人間関係のストレスを減らしたい」という方にこそ向いている環境です。

✅ 髪色・ネイル・服装は自由
清潔感があれば普段のスタイルのままで大丈夫です。動きやすい服装で通勤し、現場のルールに沿って作業します。

✅ 製造・物流の現場を支えてきた会社の正社員
当社は全国の製造現場で人材を育ててきた会社です。検品・梱包からスタートし、経験を積めばリーダーや別工程へのステップアップも目指せます。

✅ 久喜市で通いやすい勤務地
JR宇都宮線と東武伊勢崎線が乗り入れる久喜駅が最寄りで、東北道・圏央道の久喜ICも近いエリアです。高速道路の結節点として物流施設の集積が進む、県東部の物流拠点です。

まずはカジュアル面談で、職場の雰囲気や1日の流れをお伝えします。ご応募をお待ちしています。","例外事由3号のイにより、長期キャリア形成を図るため、
35歳以下を募集しております。","【勤務時間】
★9:00~18:00
└実働8時間/休憩1時間

定時ダッシュも問題ないです✧
✧ 土日祝休み
✧ 残業月平均:6.5時間以内
✧ 残業代100%支給","✧ 完全週休2日制(土日祝休み)
✧ 年間休日125日
「土日休みはマスト!」ってあなたにも
ぴったりの職場です!

【その他休暇】
✧ 有給休暇
✧ 夏季・冬季休暇
✧ GW休暇
✧ 年末年始休暇",埼玉県 久喜市,,"月給:25万円~+交通費全額支給

※経験に応じて決定いたします。

# 昇給あり
# 賞与あり
# 残業代100%支給
# 交通費支給","・社会保険完備（雇用・労災・健康・厚生年金）
・残業手当・深夜手当・休日出勤手当（実働時間に応じて支給）
・確定拠出年金制度（企業型）
・定期健康診断・インフルエンザ予防接種費用補助
・特別休暇（慶弔休暇）
・産前産後休暇・育児休業・介護休業
・資格取得支援制度（フォークリフト・自主保全士など）
・家具家電付き社員寮制度（勤務地による・規定あり）
・制服貸与
・社員持株会
・福利厚生サービス（レジャー・飲食の優待割引、保養施設）
・団体長期障害所得補償保険（GLTD）","【応募前の「気になる」にお答えします】

Q. 面接は堅苦しいですか？
A. いいえ。カジュアル面談を1回行うだけです。服装も自由、履歴書も任意です。

Q. 応募してからどのくらいで決まりますか？
A. 3ステップで進みます。
▶ STEP1 WEBから応募（1分）→ 1〜3日以内にご連絡
▶ STEP2 カジュアル面談（1回のみ）
▶ STEP3 採用

Q. すぐには入社できないのですが…
A. 入社日はご相談いただけます。今のお仕事の引き継ぎ期間なども考慮します。",,即日勤務OK、交通費支給、残業なし,2,任意,生年月日、性別、電話番号,ntf-indeedapplicant-aaaatulx77tci2k2pr5yeqapva@shukatsu-labo.slack.com,,,利用しない,,
募集中,日本マニュファクチャリングサービス株式会社,未経験｜検品・梱包｜日本マニュファクチャリングサービス株式会社｜鴻巣市（埼玉県）,倉庫作業スタッフ,20～30代活躍中◎残業ほぼなし｜鴻巣市で腰を据えて働く検品・梱包,,埼玉県 鴻巣市,,,正社員,はい,月給,250000,,最低額を表示,なし,,,,,,,固定時間制,160,,厚生年金、健康保険、雇用保険、労災保険,,なし,,,,,,,,,,,,,,,,,,"埼玉県鴻巣市エリアで、検品・梱包の正社員スタッフを募集します。
勤務先は鴻巣市内および周辺の物流センター。商品にキズや汚れがないかを目で確かめ、数を合わせ、袋や箱に丁寧に納める作業が中心です。
1年を通して快適な温度に保たれた室内作業で、当社の先輩スタッフが隣で手順を教えます。

■ 1日の流れ（9:00〜18:00・休憩1時間）
09:00 朝礼。当日の出荷予定と担当エリアを確認し、作業台へ移動します
09:15 午前の検品。入荷した商品を納品書と照らし合わせ、外観と数量をチェック
12:00 昼休憩（60分）。休憩室でゆっくり昼食をとります
13:00 午後の梱包。検品を終えた商品を袋詰めし、サイズに合った箱に納めます
15:00 小休憩（15分）。水分補給と軽いストレッチでリフレッシュ
15:15 ラベル貼りと出荷先ごとの仕分け。台車で所定の場所へ運びます
17:40 作業台の整理整頓と翌日の準備
18:00 退勤。残業は月平均6.5時間以内で、定時に帰れる日がほとんどです

■ 具体的にはこんな商品を扱います
通販サイトで販売されるアパレル商品、生活雑貨、コスメ、文房具が中心です。
・シャツやタオルを畳んで透明袋へ入れる
・コスメの容器にひび割れがないかを目視で確認する
・文房具のセット品を指定の個数で袋詰めする
・箱にラベルを貼り、配送業者ごとの台車に載せる
商品は軽く、作業台の高さも調整されているため、身体への負担を抑えて続けられます。

■ 未経験でも安心の1週間プログラム
・1日目：会社説明、安全講習、作業着の受け取り、作業場の見学
・2日目：先輩の隣で検品の実演を見学し、午後から一緒に作業
・3日目：梱包の袋詰め・箱詰めを先輩と一緒に担当
・4日目：シール貼りと仕分けを一人で担当。先輩は同じ作業台で見守ります
・5日目：検品から仕分けまでの流れを通しで経験
覚えることは3ステップの繰り返しなので、専門知識や資格は不要です。製造現場で人を育ててきた当社ならではの丁寧な立ち上がりを用意しています。

■ 設備・環境のポイント
・冷暖房完備の室内作業で、季節や天候に左右されません
・休憩室には電子レンジ・冷蔵庫・ポットがあり、フリーWi-Fiも使えます
・個人用の鍵付きロッカーを完備
・髪色・ネイル・服装は自由。清潔感があれば普段のスタイルのままで大丈夫です

■ 埼玉県鴻巣市で働く
花のまちとして知られる落ち着いた街で、周辺に製造・物流の拠点も点在します。
JR高崎線の鴻巣駅・北鴻巣駅が利用でき、大宮方面から約20分です。
鴻巣市周辺で「通勤時間を抑えて安定した正社員の仕事に就きたい」という方に、当社の検品・梱包はぴったりの選択肢です。

製造・物流の現場を支えてきた当社で、あなたのペースで一歩を踏み出してください。ご応募をお待ちしています。","【鴻巣市で働くならここがポイント】

✅ 覚えることは少なく、教え方は丁寧に
製造現場で人を育ててきた当社では、専任の先輩がマンツーマンで隣につきます。最初はシール貼りやダンボールの組み立てといった簡単な工程から始め、1週間でひと通りの流れを経験できるプログラムを用意しています。

✅ 平日は定時、週末はしっかり休む
9:00〜18:00の固定時間制で、生活リズムが安定します。土日祝はお休みなので、家族や友人と予定を合わせやすいのも魅力です。

✅ 重い荷物はほとんどありません
扱うのは衣類・コスメ・文房具・小型雑貨など軽い商品が中心です。重量物の持ち上げや力仕事はほぼなく、身体への負担を抑えて長く続けられます。

✅ 髪色・ネイル・服装は自由
清潔感があれば普段のスタイルのままで大丈夫です。動きやすい服装で通勤し、現場のルールに沿って作業します。

✅ 相談しやすい体制
配属先にはリーダーが常駐し、定期的な面談で困りごとを聞き取ります。作業のこと、通勤のこと、働き方のこと、何でも相談してください。

✅ 地元鴻巣市で長く働く
花のまちとして知られる落ち着いた街で、周辺に製造・物流の拠点も点在します。JR高崎線の鴻巣駅・北鴻巣駅が利用でき、大宮方面から約20分です。

まずはカジュアル面談で、職場の雰囲気や1日の流れをお伝えします。ご応募をお待ちしています。","例外事由3号のイにより、長期キャリア形成を図るため、
35歳以下を募集しております。","【勤務時間】
★9:00~18:00
└実働8時間/休憩1時間

定時ダッシュも問題ないです✧
✧ 土日祝休み
✧ 残業月平均:6.5時間以内
✧ 残業代100%支給","✧ 完全週休2日制(土日祝休み)
✧ 年間休日125日
「土日休みはマスト!」ってあなたにも
ぴったりの職場です!

【その他休暇】
✧ 有給休暇
✧ 夏季・冬季休暇
✧ GW休暇
✧ 年末年始休暇",埼玉県 鴻巣市,,"月給:25万円~+交通費全額支給

※経験に応じて決定いたします。

# 昇給あり
# 賞与あり
# 残業代100%支給
# 交通費支給","・社会保険完備（雇用・労災・健康・厚生年金）
・残業手当・深夜手当・休日出勤手当（実働時間に応じて支給）
・確定拠出年金制度（企業型）
・定期健康診断・インフルエンザ予防接種費用補助
・特別休暇（慶弔休暇）
・産前産後休暇・育児休業・介護休業
・資格取得支援制度（フォークリフト・自主保全士など）
・家具家電付き社員寮制度（勤務地による・規定あり）
・制服貸与
・社員持株会
・福利厚生サービス（レジャー・飲食の優待割引、保養施設）
・団体長期障害所得補償保険（GLTD）","まずは「話を聞いてみる」だけで大丈夫です。

当社ではカジュアル面談を実施しています。
志望動機や自己PRの準備は不要。
「どんな職場？」「本当に未経験でもできる？」といった疑問に、担当者が率直にお答えします。

■ 応募から入社までの3STEP ■
▶ STEP1 WEB応募（1分）
▶ STEP2 カジュアル面談（1回のみ・1〜3日以内にご連絡）
▶ STEP3 採用・入社日のご相談

入社日は柔軟に調整できます。
「来月から」「今の仕事を辞めてから」など、ご都合をお聞かせください。",,即日勤務OK、交通費支給、残業なし,2,任意,生年月日、性別、電話番号,ntf-indeedapplicant-aaaatulx77tci2k2pr5yeqapva@shukatsu-labo.slack.com,,,利用しない,,
募集中,日本マニュファクチャリングサービス株式会社,未経験｜検品・梱包｜日本マニュファクチャリングサービス株式会社｜羽生市（埼玉県）,倉庫作業スタッフ,20～30代活躍中◎定時で帰れる｜羽生市の物流センターで検品・梱包,,埼玉県 羽生市,,,正社員,はい,月給,250000,,最低額を表示,なし,,,,,,,固定時間制,160,,厚生年金、健康保険、雇用保険、労災保険,,なし,,,,,,,,,,,,,,,,,,"羽生市内および周辺の物流センターで、通販商品や生活雑貨の「検品・梱包」を担当する正社員スタッフの募集です。
冷暖房が効いた清潔な作業場で、商品をひとつずつ確認し、丁寧に箱へ納めていく落ち着いた仕事です。
製造・物流の現場を長年支えてきた当社が、未経験の方を一から育てます。

■ 入社後の1日はこんなイメージです
09:00 朝礼。体調確認と当日の出荷量の共有からスタート
09:15 午前は検品を中心に担当。商品の外観を目視で確認し、傷や汚れがあれば別置きにします
12:00 昼休憩（60分）。お弁当持参の方も、近くで買ってくる方もいます
13:00 午後は梱包を担当。袋詰め、箱詰め、テープ留めの3工程を繰り返します
15:00 小休憩（15分）。自動販売機で飲み物を買って一息
15:15 出荷分の最終チェックと仕分け。全員で協力して当日分を仕上げます
17:45 作業スペースの清掃と日報記入
18:00 定時退勤。残業は月平均6.5時間以内に収まっています

■ 主な作業内容
・検品：入荷した商品の外観チェック（傷・汚れ・パッケージのへこみ）と数量・品番の照合
・スキャン：バーコードリーダーで商品を読み取り、データと突き合わせます
・梱包：袋詰め、緩衝材包装、ダンボールの組み立てと箱詰め、テープ留め
・仕上げ：ラベル貼りと配送地域別の仕分け
扱うのはアパレル商品、コスメ、文房具、小型雑貨など。どれも軽く、繰り返しの中で自然と手順が身につく作業です。

■ 入社後1週間の流れ
1日目：オリエンテーション。安全ルール、勤怠の付け方、作業場の設備を案内します
2〜3日目：先輩スタッフがマンツーマンで隣につき、検品の見方と梱包の手順を実演しながら教えます
4〜5日目：シール貼りやダンボールの組み立てなど簡単な工程から一人で担当。分からないことはその場で質問できます
1週間後：検品・梱包の一連の流れをひと通り経験し、自分のペースで進められるようになります
当社は製造現場の教育に長年取り組んできた会社です。「早ければ半日、遅くとも2〜3日で一人立ち」が現場の平均的な目安ですが、慣れるまでは焦らず伴走します。

■ 働く環境について
作業場は1年を通して空調が効いており、汗だくになったり手がかじかんだりする心配はありません。
休憩室は広く、電子レンジや冷蔵庫、自動販売機が揃っています。昼休憩は各自のペースで過ごしています。
鍵付きロッカーを用意しているので、貴重品の管理も安心です。
服装や髪色は自由で、自分らしいスタイルのまま通勤できます。

■ 埼玉県羽生市で働く
県北東部の交通の要所で、インター周辺に配送センターが集まるエリアです。
東武伊勢崎線・秩父鉄道の羽生駅が最寄りで、東北道の羽生ICからも近い立地です。
羽生市周辺で「通勤時間を抑えて安定した正社員の仕事に就きたい」という方に、当社の検品・梱包はぴったりの選択肢です。

「難しいことはできないけれど、コツコツ続けることは得意」という方を、当社は大切にしています。まずはお気軽にご応募ください。","【当社の検品・梱包が選ばれる理由】

✅ 覚えることは少なく、教え方は丁寧に
製造現場で人を育ててきた当社では、専任の先輩がマンツーマンで隣につきます。最初はシール貼りやダンボールの組み立てといった簡単な工程から始め、1週間でひと通りの流れを経験できるプログラムを用意しています。

✅ 残業は月平均6.5時間以内
出荷量に合わせて人員を配置しているため、定時で帰れる日がほとんどです。仕事の後に予定を入れたり、家でゆっくり過ごしたりする時間をきちんと確保できます。

✅ 重い荷物はほとんどありません
扱うのは衣類・コスメ・文房具・小型雑貨など軽い商品が中心です。重量物の持ち上げや力仕事はほぼなく、身体への負担を抑えて長く続けられます。

✅ 髪色・ネイル・服装は自由
清潔感があれば普段のスタイルのままで大丈夫です。動きやすい服装で通勤し、現場のルールに沿って作業します。

✅ 安定した雇用と福利厚生
正社員としての雇用に加え、社会保険完備、定期健康診断、資格取得支援などの制度があります。「腰を据えて働きたい」という希望に応えられる環境です。

✅ 地元羽生市で長く働く
県北東部の交通の要所で、インター周辺に配送センターが集まるエリアです。東武伊勢崎線・秩父鉄道の羽生駅が最寄りで、東北道の羽生ICからも近い立地です。

「自分にもできそう」と思えたら、それがスタートの合図です。お気軽にご応募ください。","例外事由3号のイにより、長期キャリア形成を図るため、
35歳以下を募集しております。","【勤務時間】
★9:00~18:00
└実働8時間/休憩1時間

定時ダッシュも問題ないです✧
✧ 土日祝休み
✧ 残業月平均:6.5時間以内
✧ 残業代100%支給","✧ 完全週休2日制(土日祝休み)
✧ 年間休日125日
「土日休みはマスト!」ってあなたにも
ぴったりの職場です!

【その他休暇】
✧ 有給休暇
✧ 夏季・冬季休暇
✧ GW休暇
✧ 年末年始休暇",埼玉県 羽生市,,"月給:25万円~+交通費全額支給

※経験に応じて決定いたします。

# 昇給あり
# 賞与あり
# 残業代100%支給
# 交通費支給","・社会保険完備（雇用・労災・健康・厚生年金）
・残業手当・深夜手当・休日出勤手当（実働時間に応じて支給）
・確定拠出年金制度（企業型）
・定期健康診断・インフルエンザ予防接種費用補助
・特別休暇（慶弔休暇）
・産前産後休暇・育児休業・介護休業
・資格取得支援制度（フォークリフト・自主保全士など）
・家具家電付き社員寮制度（勤務地による・規定あり）
・制服貸与
・社員持株会
・福利厚生サービス（レジャー・飲食の優待割引、保養施設）
・団体長期障害所得補償保険（GLTD）","【最短スケジュールのイメージ】

▶ STEP1 今日：WEBから1分で応募
▶ STEP2 1〜3日後：担当者からご連絡 → カジュアル面談の日程調整
▶ STEP3 面談当日：カジュアル面談（1回のみ）→ 採用のご連絡

面談では、職場の雰囲気・1日の流れ・通勤のことなど、
気になることを何でも聞いてください。

✧ 入社日はご相談いただけます ✧
「すぐ働きたい」「少し先がいい」どちらのご希望にも対応します。",,即日勤務OK、交通費支給、残業なし,2,任意,生年月日、性別、電話番号,ntf-indeedapplicant-aaaatulx77tci2k2pr5yeqapva@shukatsu-labo.slack.com,,,利用しない,,
募集中,日本マニュファクチャリングサービス株式会社,未経験｜検品・梱包｜日本マニュファクチャリングサービス株式会社｜行田市（埼玉県）,倉庫作業スタッフ,20～30代活躍中◎土日祝休み・行田市勤務｜ものづくり企業の軽作業,,埼玉県 行田市,,,正社員,はい,月給,250000,,最低額を表示,なし,,,,,,,固定時間制,160,,厚生年金、健康保険、雇用保険、労災保険,,なし,,,,,,,,,,,,,,,,,,"勤務先は行田市内および周辺の物流センター。扱うのは衣類・コスメ・文房具・小型雑貨など、手のひらサイズの軽い商品が中心です。
担当していただくのは、届いた商品に不備がないかを確かめ、出荷用の箱に整えて詰める「検品・梱包」の作業。
空調完備の室内で、自分のペースを保ちながら黙々と取り組める環境です。

■ 1日の流れ（9:00〜18:00・休憩1時間）
09:00 朝礼。当日の出荷予定と担当エリアを確認し、作業台へ移動します
09:15 午前の検品。入荷した商品を納品書と照らし合わせ、外観と数量をチェック
12:00 昼休憩（60分）。休憩室でゆっくり昼食をとります
13:00 午後の梱包。検品を終えた商品を袋詰めし、サイズに合った箱に納めます
15:00 小休憩（15分）。水分補給と軽いストレッチでリフレッシュ
15:15 ラベル貼りと出荷先ごとの仕分け。台車で所定の場所へ運びます
17:40 作業台の整理整頓と翌日の準備
18:00 退勤。残業は月平均6.5時間以内で、定時に帰れる日がほとんどです

■ 主な作業内容
・検品：入荷した商品の外観チェック（傷・汚れ・パッケージのへこみ）と数量・品番の照合
・スキャン：バーコードリーダーで商品を読み取り、データと突き合わせます
・梱包：袋詰め、緩衝材包装、ダンボールの組み立てと箱詰め、テープ留め
・仕上げ：ラベル貼りと配送地域別の仕分け
扱うのはアパレル商品、コスメ、文房具、小型雑貨など。どれも軽く、繰り返しの中で自然と手順が身につく作業です。

■ 教育・研修体制
入社初日は安全講習とオリエンテーションから始まり、いきなり現場に出ることはありません。
2日目以降は専任の先輩スタッフが隣について、検品・梱包の手順を実際にやって見せながら説明します。
最初の1週間は「見る→一緒にやる→一人でやる」の順で少しずつ担当を広げ、1週間後にはひと通りの作業を経験できるスケジュールです。
リーダーは常に作業場内にいるため、「これはどこに置くのでしたか」といった質問もすぐに解決できます。

■ 設備・環境のポイント
・冷暖房完備の室内作業で、季節や天候に左右されません
・休憩室には電子レンジ・冷蔵庫・ポットがあり、フリーWi-Fiも使えます
・個人用の鍵付きロッカーを完備
・髪色・ネイル・服装は自由。清潔感があれば普段のスタイルのままで大丈夫です

■ 行田市の拠点ならではの一言
JR高崎線の行田駅と秩父鉄道の行田市駅が利用できます。
田園風景が広がる落ち着いた街で、製造業の工場や物流施設が点在しています。
当社は埼玉県内に複数の勤務先を持っているため、ご自宅からの通いやすさも考慮して配属先を相談できます。

製造・物流の現場を支えてきた当社で、あなたのペースで一歩を踏み出してください。ご応募をお待ちしています。","【行田市で働くならここがポイント】

✅ 先輩スタッフの9割以上が未経験からのスタート
「商品を手に取る」「傷がないか見る」「箱に入れる」の3ステップが仕事の基本です。複雑な機械操作や専門用語はなく、入社初日は安全講習とオリエンテーションから始まるので、初めての正社員でも安心してスタートできます。

✅ 土日祝休み・年間休日125日
完全週休2日制で、カレンダー通りに休めます。夏季・冬季休暇、GW、年末年始のまとまった休みもあり、予定を立てやすい働き方です。

✅ 重い荷物はほとんどありません
扱うのは衣類・コスメ・文房具・小型雑貨など軽い商品が中心です。重量物の持ち上げや力仕事はほぼなく、身体への負担を抑えて長く続けられます。

✅ 髪色・ネイル・服装は自由
清潔感があれば普段のスタイルのままで大丈夫です。動きやすい服装で通勤し、現場のルールに沿って作業します。

✅ 製造・物流の現場を支えてきた会社の正社員
当社は全国の製造現場で人材を育ててきた会社です。検品・梱包からスタートし、経験を積めばリーダーや別工程へのステップアップも目指せます。

✅ 地元行田市で長く働く
田園風景が広がる落ち着いた街で、製造業の工場や物流施設が点在しています。JR高崎線の行田駅と秩父鉄道の行田市駅が利用できます。

まずはカジュアル面談で、職場の雰囲気や1日の流れをお伝えします。ご応募をお待ちしています。","例外事由3号のイにより、長期キャリア形成を図るため、
35歳以下を募集しております。","【勤務時間】
★9:00~18:00
└実働8時間/休憩1時間

定時ダッシュも問題ないです✧
✧ 土日祝休み
✧ 残業月平均:6.5時間以内
✧ 残業代100%支給","✧ 完全週休2日制(土日祝休み)
✧ 年間休日125日
「土日休みはマスト!」ってあなたにも
ぴったりの職場です!

【その他休暇】
✧ 有給休暇
✧ 夏季・冬季休暇
✧ GW休暇
✧ 年末年始休暇",埼玉県 行田市,,"月給:25万円~+交通費全額支給

※経験に応じて決定いたします。

# 昇給あり
# 賞与あり
# 残業代100%支給
# 交通費支給","・社会保険完備（雇用・労災・健康・厚生年金）
・残業手当・深夜手当・休日出勤手当（実働時間に応じて支給）
・確定拠出年金制度（企業型）
・定期健康診断・インフルエンザ予防接種費用補助
・特別休暇（慶弔休暇）
・産前産後休暇・育児休業・介護休業
・資格取得支援制度（フォークリフト・自主保全士など）
・家具家電付き社員寮制度（勤務地による・規定あり）
・制服貸与
・社員持株会
・福利厚生サービス（レジャー・飲食の優待割引、保養施設）
・団体長期障害所得補償保険（GLTD）","■ 選考について ■
・カジュアル面談：1回のみ（服装自由・履歴書任意）
・応募から面談まで：WEB応募後、1〜3日以内にご連絡
・入社日：ご相談のうえ決定

■ 応募からの流れ ■
▶ STEP1 WEBから1分で応募
▶ STEP2 カジュアル面談（1回のみ）
▶ STEP3 採用

「まずは話だけ聞いてみたい」という方も、そのままご応募ください。
面談で無理に応募を勧めることはありません。",,即日勤務OK、交通費支給、残業なし,2,任意,生年月日、性別、電話番号,ntf-indeedapplicant-aaaatulx77tci2k2pr5yeqapva@shukatsu-labo.slack.com,,,利用しない,,
募集中,日本マニュファクチャリングサービス株式会社,未経験｜検品・梱包｜日本マニュファクチャリングサービス株式会社｜加須市（埼玉県）,倉庫作業スタッフ,20～30代活躍中◎重い荷物なし｜加須市で始める検品・梱包の正社員,,埼玉県 加須市,,,正社員,はい,月給,250000,,最低額を表示,なし,,,,,,,固定時間制,160,,厚生年金、健康保険、雇用保険、労災保険,,なし,,,,,,,,,,,,,,,,,,"「ものづくりの現場を支える仕事を、正社員として腰を据えて続けたい」という方へ。
加須市内および周辺の物流センターで、商品の検品と梱包を担当するスタッフを募集します。
空調の効いた清潔な作業場で、座り作業と立ち作業を組み合わせながら無理なく進められる仕事です。

■ ある1日のスケジュール（日勤・実働8時間）
09:00 出勤・朝礼。リーダーから本日の作業内容と注意点の共有があります
09:10 検品スタート。ハンディ端末でバーコードを読み取り、品番と数量を照合
10:30 小休憩（10分）
12:00 昼休憩（60分）。電子レンジ・冷蔵庫のある休憩室で昼食
13:00 梱包作業。緩衝材で商品を包み、ダンボールを組み立てて詰めていきます
15:00 小休憩（15分）
15:15 出荷準備。伝票シールを貼り、配送業者ごとにコンテナへ仕分け
17:45 清掃・翌日分の資材補充
18:00 退勤。土日祝はお休みで、翌日の予定も立てやすい働き方です

■ 扱う商品と作業の具体例
・衣類・タオルなどの布製品：ほつれや汚れがないか確認し、専用の透明袋に入れます
・コスメ・ガラス製の小物：割れやすいため、緩衝材で包んでから箱に納めます
・文房具・生活雑貨：品番と個数を納品書と照合し、まとめて袋詰めします
・出荷前の箱：伝票シールと「割れ物注意」「水濡れ厳禁」などの注意シールを所定位置に貼ります
いずれも手のひらから両手で持てる大きさの商品で、重量物の持ち上げはありません。

■ 未経験でも安心の1週間プログラム
・1日目：会社説明、安全講習、作業着の受け取り、作業場の見学
・2日目：先輩の隣で検品の実演を見学し、午後から一緒に作業
・3日目：梱包の袋詰め・箱詰めを先輩と一緒に担当
・4日目：シール貼りと仕分けを一人で担当。先輩は同じ作業台で見守ります
・5日目：検品から仕分けまでの流れを通しで経験
覚えることは3ステップの繰り返しなので、専門知識や資格は不要です。製造現場で人を育ててきた当社ならではの丁寧な立ち上がりを用意しています。

■ 職場環境
・空調完備：冷暖房が効いた清潔な室内で、夏も冬も快適に作業できます
・休憩室：電子レンジ・冷蔵庫・ポット・自動販売機を完備。お弁当持参でもゆっくり過ごせます
・ロッカー：鍵付きの個人ロッカーがあり、私物を安心して預けられます
・服装：髪色・ネイルは自由。動きやすい服装で通勤し、現場のルールに沿って作業します

■ 加須市の拠点ならではの一言
東武伊勢崎線の加須駅が最寄りで、東北道の加須ICも近く車通勤にも向いています。
東北道の加須ICに近く、周辺に大型の物流拠点が集まるエリアです。
当社は埼玉県内に複数の勤務先を持っているため、ご自宅からの通いやすさも考慮して配属先を相談できます。

「難しいことはできないけれど、コツコツ続けることは得意」という方を、当社は大切にしています。まずはお気軽にご応募ください。","【当社の検品・梱包が選ばれる理由】

✅ 先輩スタッフの9割以上が未経験からのスタート
「商品を手に取る」「傷がないか見る」「箱に入れる」の3ステップが仕事の基本です。複雑な機械操作や専門用語はなく、入社初日は安全講習とオリエンテーションから始まるので、初めての正社員でも安心してスタートできます。

✅ 平日は定時、週末はしっかり休む
9:00〜18:00の固定時間制で、生活リズムが安定します。土日祝はお休みなので、家族や友人と予定を合わせやすいのも魅力です。

✅ 自分のペースで黙々と進められる仕事
ノルマに追われることはなく、接客もありません。「一人で集中して作業したい」「人間関係のストレスを減らしたい」という方にこそ向いている環境です。

✅ 空調完備・清潔な作業場
冷暖房がしっかり効いた室内で、季節を問わず快適に働けます。休憩室には電子レンジ・冷蔵庫・自動販売機があり、鍵付きロッカーも完備しています。

✅ 相談しやすい体制
配属先にはリーダーが常駐し、定期的な面談で困りごとを聞き取ります。作業のこと、通勤のこと、働き方のこと、何でも相談してください。

✅ 加須市で通いやすい勤務地
東武伊勢崎線の加須駅が最寄りで、東北道の加須ICも近く車通勤にも向いています。東北道の加須ICに近く、周辺に大型の物流拠点が集まるエリアです。

「自分にもできそう」と思えたら、それがスタートの合図です。お気軽にご応募ください。","例外事由3号のイにより、長期キャリア形成を図るため、
35歳以下を募集しております。","【勤務時間】
★9:00~18:00
└実働8時間/休憩1時間

定時ダッシュも問題ないです✧
✧ 土日祝休み
✧ 残業月平均:6.5時間以内
✧ 残業代100%支給","✧ 完全週休2日制(土日祝休み)
✧ 年間休日125日
「土日休みはマスト!」ってあなたにも
ぴったりの職場です!

【その他休暇】
✧ 有給休暇
✧ 夏季・冬季休暇
✧ GW休暇
✧ 年末年始休暇",埼玉県 加須市,,"月給:25万円~+交通費全額支給

※経験に応じて決定いたします。

# 昇給あり
# 賞与あり
# 残業代100%支給
# 交通費支給","・社会保険完備（雇用・労災・健康・厚生年金）
・残業手当・深夜手当・休日出勤手当（実働時間に応じて支給）
・確定拠出年金制度（企業型）
・定期健康診断・インフルエンザ予防接種費用補助
・特別休暇（慶弔休暇）
・産前産後休暇・育児休業・介護休業
・資格取得支援制度（フォークリフト・自主保全士など）
・家具家電付き社員寮制度（勤務地による・規定あり）
・制服貸与
・社員持株会
・福利厚生サービス（レジャー・飲食の優待割引、保養施設）
・団体長期障害所得補償保険（GLTD）","✧ カジュアル面談実施中です ✧

応募に必要なのは人柄だけ。
まずはあなたのご希望を聞かせてください。

■ 応募からの流れ ■
▶ STEP1 WEBから1分で簡単応募
1〜3日以内に担当者からご連絡します。
▶ STEP2 カジュアル面談（1回のみ）
職場の雰囲気や1日の流れをお伝えし、ご希望を伺います。
▶ STEP3 採用

※入社日はご相談いただけます◎
在職中の方も、お気軽にご相談ください。",,即日勤務OK、交通費支給、残業なし,2,任意,生年月日、性別、電話番号,ntf-indeedapplicant-aaaatulx77tci2k2pr5yeqapva@shukatsu-labo.slack.com,,,利用しない,,
募集中,日本マニュファクチャリングサービス株式会社,未経験｜検品・梱包｜日本マニュファクチャリングサービス株式会社｜飯能市（埼玉県）,倉庫作業スタッフ,20～30代活躍中◎飯能市｜先輩の9割が未経験スタートの検品・梱包,,埼玉県 飯能市,,,正社員,はい,月給,250000,,最低額を表示,なし,,,,,,,固定時間制,160,,厚生年金、健康保険、雇用保険、労災保険,,なし,,,,,,,,,,,,,,,,,,"埼玉県飯能市エリアで、検品・梱包の正社員スタッフを募集します。
勤務先は飯能市内および周辺の物流センター。商品にキズや汚れがないかを目で確かめ、数を合わせ、袋や箱に丁寧に納める作業が中心です。
1年を通して快適な温度に保たれた室内作業で、当社の先輩スタッフが隣で手順を教えます。

■ 入社後の1日はこんなイメージです
09:00 朝礼。体調確認と当日の出荷量の共有からスタート
09:15 午前は検品を中心に担当。商品の外観を目視で確認し、傷や汚れがあれば別置きにします
12:00 昼休憩（60分）。お弁当持参の方も、近くで買ってくる方もいます
13:00 午後は梱包を担当。袋詰め、箱詰め、テープ留めの3工程を繰り返します
15:00 小休憩（15分）。自動販売機で飲み物を買って一息
15:15 出荷分の最終チェックと仕分け。全員で協力して当日分を仕上げます
17:45 作業スペースの清掃と日報記入
18:00 定時退勤。残業は月平均6.5時間以内に収まっています

■ 作業の流れ（3ステップ）
1. 検品：商品を手に取り、傷・汚れ・数量を確認します。迷ったら「保留」の箱に入れてリーダーに確認するだけです
2. 梱包：商品に合わせて袋・緩衝材・箱を選び、動かないように納めてテープで封をします
3. 仕分け：伝票シールを貼り、配送地域ごとに分けられたコンテナへ移します
扱う商品は衣類・雑貨・コスメ・文房具などの軽いものが中心で、フォークリフトなどの機械操作はありません。

■ 未経験でも安心の1週間プログラム
・1日目：会社説明、安全講習、作業着の受け取り、作業場の見学
・2日目：先輩の隣で検品の実演を見学し、午後から一緒に作業
・3日目：梱包の袋詰め・箱詰めを先輩と一緒に担当
・4日目：シール貼りと仕分けを一人で担当。先輩は同じ作業台で見守ります
・5日目：検品から仕分けまでの流れを通しで経験
覚えることは3ステップの繰り返しなので、専門知識や資格は不要です。製造現場で人を育ててきた当社ならではの丁寧な立ち上がりを用意しています。

■ 働く環境について
作業場は1年を通して空調が効いており、汗だくになったり手がかじかんだりする心配はありません。
休憩室は広く、電子レンジや冷蔵庫、自動販売機が揃っています。昼休憩は各自のペースで過ごしています。
鍵付きロッカーを用意しているので、貴重品の管理も安心です。
服装や髪色は自由で、自分らしいスタイルのまま通勤できます。

■ 埼玉県飯能市で働く
奥武蔵の自然が身近な街で、休日はハイキングなどを楽しむ方も多い地域です。
西武池袋線・JR八高線の飯能駅が最寄りで、圏央道の狭山日高ICも利用しやすい立地です。
飯能市周辺で「通勤時間を抑えて安定した正社員の仕事に就きたい」という方に、当社の検品・梱包はぴったりの選択肢です。

「難しいことはできないけれど、コツコツ続けることは得意」という方を、当社は大切にしています。まずはお気軽にご応募ください。","【飯能市で働くならここがポイント】

✅ 資格・経験・学歴は問いません
必要なのは「丁寧に確認する姿勢」だけ。検品の見方、梱包の手順はすべて入社後にお伝えします。フォークリフトなどの資格取得を目指したい方には支援制度もあり、長く働くほど仕事の幅が広がります。

✅ 土日祝休み・年間休日125日
完全週休2日制で、カレンダー通りに休めます。夏季・冬季休暇、GW、年末年始のまとまった休みもあり、予定を立てやすい働き方です。

✅ 自分のペースで黙々と進められる仕事
ノルマに追われることはなく、接客もありません。「一人で集中して作業したい」「人間関係のストレスを減らしたい」という方にこそ向いている環境です。

✅ 空調完備・清潔な作業場
冷暖房がしっかり効いた室内で、季節を問わず快適に働けます。休憩室には電子レンジ・冷蔵庫・自動販売機があり、鍵付きロッカーも完備しています。

✅ 安定した雇用と福利厚生
正社員としての雇用に加え、社会保険完備、定期健康診断、資格取得支援などの制度があります。「腰を据えて働きたい」という希望に応えられる環境です。

✅ 飯能市で通いやすい勤務地
西武池袋線・JR八高線の飯能駅が最寄りで、圏央道の狭山日高ICも利用しやすい立地です。奥武蔵の自然が身近な街で、休日はハイキングなどを楽しむ方も多い地域です。

まずはカジュアル面談で、職場の雰囲気や1日の流れをお伝えします。ご応募をお待ちしています。","例外事由3号のイにより、長期キャリア形成を図るため、
35歳以下を募集しております。","【勤務時間】
★9:00~18:00
└実働8時間/休憩1時間

定時ダッシュも問題ないです✧
✧ 土日祝休み
✧ 残業月平均:6.5時間以内
✧ 残業代100%支給","✧ 完全週休2日制(土日祝休み)
✧ 年間休日125日
「土日休みはマスト!」ってあなたにも
ぴったりの職場です!

【その他休暇】
✧ 有給休暇
✧ 夏季・冬季休暇
✧ GW休暇
✧ 年末年始休暇",埼玉県 飯能市,,"月給:25万円~+交通費全額支給

※経験に応じて決定いたします。

# 昇給あり
# 賞与あり
# 残業代100%支給
# 交通費支給","・社会保険完備（雇用・労災・健康・厚生年金）
・残業手当・深夜手当・休日出勤手当（実働時間に応じて支給）
・確定拠出年金制度（企業型）
・定期健康診断・インフルエンザ予防接種費用補助
・特別休暇（慶弔休暇）
・産前産後休暇・育児休業・介護休業
・資格取得支援制度（フォークリフト・自主保全士など）
・家具家電付き社員寮制度（勤務地による・規定あり）
・制服貸与
・社員持株会
・福利厚生サービス（レジャー・飲食の優待割引、保養施設）
・団体長期障害所得補償保険（GLTD）","【応募前の「気になる」にお答えします】

Q. 面接は堅苦しいですか？
A. いいえ。カジュアル面談を1回行うだけです。服装も自由、履歴書も任意です。

Q. 応募してからどのくらいで決まりますか？
A. 3ステップで進みます。
▶ STEP1 WEBから応募（1分）→ 1〜3日以内にご連絡
▶ STEP2 カジュアル面談（1回のみ）
▶ STEP3 採用

Q. すぐには入社できないのですが…
A. 入社日はご相談いただけます。今のお仕事の引き継ぎ期間なども考慮します。",,即日勤務OK、交通費支給、残業なし,2,任意,生年月日、性別、電話番号,ntf-indeedapplicant-aaaatulx77tci2k2pr5yeqapva@shukatsu-labo.slack.com,,,利用しない,,
募集中,日本マニュファクチャリングサービス株式会社,未経験｜検品・梱包｜日本マニュファクチャリングサービス株式会社｜所沢市（埼玉県）,倉庫作業スタッフ,20～30代活躍中◎未経験から製造のプロへ｜所沢市の検品・梱包スタッフ,,埼玉県 所沢市,,,正社員,はい,月給,250000,,最低額を表示,なし,,,,,,,固定時間制,160,,厚生年金、健康保険、雇用保険、労災保険,,なし,,,,,,,,,,,,,,,,,,"所沢市内および周辺の物流センターで、通販商品や生活雑貨の「検品・梱包」を担当する正社員スタッフの募集です。
冷暖房が効いた清潔な作業場で、商品をひとつずつ確認し、丁寧に箱へ納めていく落ち着いた仕事です。
製造・物流の現場を長年支えてきた当社が、未経験の方を一から育てます。

■ ある1日のスケジュール（日勤・実働8時間）
09:00 出勤・朝礼。リーダーから本日の作業内容と注意点の共有があります
09:10 検品スタート。ハンディ端末でバーコードを読み取り、品番と数量を照合
10:30 小休憩（10分）
12:00 昼休憩（60分）。電子レンジ・冷蔵庫のある休憩室で昼食
13:00 梱包作業。緩衝材で商品を包み、ダンボールを組み立てて詰めていきます
15:00 小休憩（15分）
15:15 出荷準備。伝票シールを貼り、配送業者ごとにコンテナへ仕分け
17:45 清掃・翌日分の資材補充
18:00 退勤。土日祝はお休みで、翌日の予定も立てやすい働き方です

■ 作業の流れ（3ステップ）
1. 検品：商品を手に取り、傷・汚れ・数量を確認します。迷ったら「保留」の箱に入れてリーダーに確認するだけです
2. 梱包：商品に合わせて袋・緩衝材・箱を選び、動かないように納めてテープで封をします
3. 仕分け：伝票シールを貼り、配送地域ごとに分けられたコンテナへ移します
扱う商品は衣類・雑貨・コスメ・文房具などの軽いものが中心で、フォークリフトなどの機械操作はありません。

■ 入社後1週間の流れ
1日目：オリエンテーション。安全ルール、勤怠の付け方、作業場の設備を案内します
2〜3日目：先輩スタッフがマンツーマンで隣につき、検品の見方と梱包の手順を実演しながら教えます
4〜5日目：シール貼りやダンボールの組み立てなど簡単な工程から一人で担当。分からないことはその場で質問できます
1週間後：検品・梱包の一連の流れをひと通り経験し、自分のペースで進められるようになります
当社は製造現場の教育に長年取り組んできた会社です。「早ければ半日、遅くとも2〜3日で一人立ち」が現場の平均的な目安ですが、慣れるまでは焦らず伴走します。

■ 職場環境
・空調完備：冷暖房が効いた清潔な室内で、夏も冬も快適に作業できます
・休憩室：電子レンジ・冷蔵庫・ポット・自動販売機を完備。お弁当持参でもゆっくり過ごせます
・ロッカー：鍵付きの個人ロッカーがあり、私物を安心して預けられます
・服装：髪色・ネイルは自由。動きやすい服装で通勤し、現場のルールに沿って作業します

■ 埼玉県所沢市で働く
住宅地として人気が高く、周辺に物流センターや配送拠点も多いエリアです。
西武池袋線・新宿線が乗り入れる所沢駅が最寄りで、池袋・新宿へ直通です。
所沢市周辺で「通勤時間を抑えて安定した正社員の仕事に就きたい」という方に、当社の検品・梱包はぴったりの選択肢です。

製造・物流の現場を支えてきた当社で、あなたのペースで一歩を踏み出してください。ご応募をお待ちしています。","【当社の検品・梱包が選ばれる理由】

✅ 資格・経験・学歴は問いません
必要なのは「丁寧に確認する姿勢」だけ。検品の見方、梱包の手順はすべて入社後にお伝えします。フォークリフトなどの資格取得を目指したい方には支援制度もあり、長く働くほど仕事の幅が広がります。

✅ 平日は定時、週末はしっかり休む
9:00〜18:00の固定時間制で、生活リズムが安定します。土日祝はお休みなので、家族や友人と予定を合わせやすいのも魅力です。

✅ 重い荷物はほとんどありません
扱うのは衣類・コスメ・文房具・小型雑貨など軽い商品が中心です。重量物の持ち上げや力仕事はほぼなく、身体への負担を抑えて長く続けられます。

✅ 空調完備・清潔な作業場
冷暖房がしっかり効いた室内で、季節を問わず快適に働けます。休憩室には電子レンジ・冷蔵庫・自動販売機があり、鍵付きロッカーも完備しています。

✅ 製造・物流の現場を支えてきた会社の正社員
当社は全国の製造現場で人材を育ててきた会社です。検品・梱包からスタートし、経験を積めばリーダーや別工程へのステップアップも目指せます。

✅ 所沢市で通いやすい勤務地
西武池袋線・新宿線が乗り入れる所沢駅が最寄りで、池袋・新宿へ直通です。住宅地として人気が高く、周辺に物流センターや配送拠点も多いエリアです。

「自分にもできそう」と思えたら、それがスタートの合図です。お気軽にご応募ください。","例外事由3号のイにより、長期キャリア形成を図るため、
35歳以下を募集しております。","【勤務時間】
★9:00~18:00
└実働8時間/休憩1時間

定時ダッシュも問題ないです✧
✧ 土日祝休み
✧ 残業月平均:6.5時間以内
✧ 残業代100%支給","✧ 完全週休2日制(土日祝休み)
✧ 年間休日125日
「土日休みはマスト!」ってあなたにも
ぴったりの職場です!

【その他休暇】
✧ 有給休暇
✧ 夏季・冬季休暇
✧ GW休暇
✧ 年末年始休暇",埼玉県 所沢市,,"月給:25万円~+交通費全額支給

※経験に応じて決定いたします。

# 昇給あり
# 賞与あり
# 残業代100%支給
# 交通費支給","・社会保険完備（雇用・労災・健康・厚生年金）
・残業手当・深夜手当・休日出勤手当（実働時間に応じて支給）
・確定拠出年金制度（企業型）
・定期健康診断・インフルエンザ予防接種費用補助
・特別休暇（慶弔休暇）
・産前産後休暇・育児休業・介護休業
・資格取得支援制度（フォークリフト・自主保全士など）
・家具家電付き社員寮制度（勤務地による・規定あり）
・制服貸与
・社員持株会
・福利厚生サービス（レジャー・飲食の優待割引、保養施設）
・団体長期障害所得補償保険（GLTD）","まずは「話を聞いてみる」だけで大丈夫です。

当社ではカジュアル面談を実施しています。
志望動機や自己PRの準備は不要。
「どんな職場？」「本当に未経験でもできる？」といった疑問に、担当者が率直にお答えします。

■ 応募から入社までの3STEP ■
▶ STEP1 WEB応募（1分）
▶ STEP2 カジュアル面談（1回のみ・1〜3日以内にご連絡）
▶ STEP3 採用・入社日のご相談

入社日は柔軟に調整できます。
「来月から」「今の仕事を辞めてから」など、ご都合をお聞かせください。",,即日勤務OK、交通費支給、残業なし,2,任意,生年月日、性別、電話番号,ntf-indeedapplicant-aaaatulx77tci2k2pr5yeqapva@shukatsu-labo.slack.com,,,利用しない,,
募集中,日本マニュファクチャリングサービス株式会社,未経験｜検品・梱包｜日本マニュファクチャリングサービス株式会社｜川口市（埼玉県）,倉庫作業スタッフ,20～30代活躍中◎川口市｜黙々作業が好きな方に向く検品・梱包,,埼玉県 川口市,,,正社員,はい,月給,250000,,最低額を表示,なし,,,,,,,固定時間制,160,,厚生年金、健康保険、雇用保険、労災保険,,なし,,,,,,,,,,,,,,,,,,"勤務先は川口市内および周辺の物流センター。扱うのは衣類・コスメ・文房具・小型雑貨など、手のひらサイズの軽い商品が中心です。
担当していただくのは、届いた商品に不備がないかを確かめ、出荷用の箱に整えて詰める「検品・梱包」の作業。
空調完備の室内で、自分のペースを保ちながら黙々と取り組める環境です。

■ 入社後の1日はこんなイメージです
09:00 朝礼。体調確認と当日の出荷量の共有からスタート
09:15 午前は検品を中心に担当。商品の外観を目視で確認し、傷や汚れがあれば別置きにします
12:00 昼休憩（60分）。お弁当持参の方も、近くで買ってくる方もいます
13:00 午後は梱包を担当。袋詰め、箱詰め、テープ留めの3工程を繰り返します
15:00 小休憩（15分）。自動販売機で飲み物を買って一息
15:15 出荷分の最終チェックと仕分け。全員で協力して当日分を仕上げます
17:45 作業スペースの清掃と日報記入
18:00 定時退勤。残業は月平均6.5時間以内に収まっています

■ 具体的にはこんな商品を扱います
通販サイトで販売されるアパレル商品、生活雑貨、コスメ、文房具が中心です。
・シャツやタオルを畳んで透明袋へ入れる
・コスメの容器にひび割れがないかを目視で確認する
・文房具のセット品を指定の個数で袋詰めする
・箱にラベルを貼り、配送業者ごとの台車に載せる
商品は軽く、作業台の高さも調整されているため、身体への負担を抑えて続けられます。

■ 教育・研修体制
入社初日は安全講習とオリエンテーションから始まり、いきなり現場に出ることはありません。
2日目以降は専任の先輩スタッフが隣について、検品・梱包の手順を実際にやって見せながら説明します。
最初の1週間は「見る→一緒にやる→一人でやる」の順で少しずつ担当を広げ、1週間後にはひと通りの作業を経験できるスケジュールです。
リーダーは常に作業場内にいるため、「これはどこに置くのでしたか」といった質問もすぐに解決できます。

■ 働く環境について
作業場は1年を通して空調が効いており、汗だくになったり手がかじかんだりする心配はありません。
休憩室は広く、電子レンジや冷蔵庫、自動販売機が揃っています。昼休憩は各自のペースで過ごしています。
鍵付きロッカーを用意しているので、貴重品の管理も安心です。
服装や髪色は自由で、自分らしいスタイルのまま通勤できます。

■ 川口市の拠点ならではの一言
JR京浜東北線の川口駅、埼玉高速鉄道の各駅が利用でき、都心まで20分圏内です。
ものづくりの街として発展してきた歴史があり、今も製造・物流の現場が身近な地域です。
当社は埼玉県内に複数の勤務先を持っているため、ご自宅からの通いやすさも考慮して配属先を相談できます。

「難しいことはできないけれど、コツコツ続けることは得意」という方を、当社は大切にしています。まずはお気軽にご応募ください。","【川口市で働くならここがポイント】

✅ 覚えることは少なく、教え方は丁寧に
製造現場で人を育ててきた当社では、専任の先輩がマンツーマンで隣につきます。最初はシール貼りやダンボールの組み立てといった簡単な工程から始め、1週間でひと通りの流れを経験できるプログラムを用意しています。

✅ 残業は月平均6.5時間以内
出荷量に合わせて人員を配置しているため、定時で帰れる日がほとんどです。仕事の後に予定を入れたり、家でゆっくり過ごしたりする時間をきちんと確保できます。

✅ 重い荷物はほとんどありません
扱うのは衣類・コスメ・文房具・小型雑貨など軽い商品が中心です。重量物の持ち上げや力仕事はほぼなく、身体への負担を抑えて長く続けられます。

✅ 空調完備・清潔な作業場
冷暖房がしっかり効いた室内で、季節を問わず快適に働けます。休憩室には電子レンジ・冷蔵庫・自動販売機があり、鍵付きロッカーも完備しています。

✅ 相談しやすい体制
配属先にはリーダーが常駐し、定期的な面談で困りごとを聞き取ります。作業のこと、通勤のこと、働き方のこと、何でも相談してください。

✅ 地元川口市で長く働く
ものづくりの街として発展してきた歴史があり、今も製造・物流の現場が身近な地域です。JR京浜東北線の川口駅、埼玉高速鉄道の各駅が利用でき、都心まで20分圏内です。

「自分にもできそう」と思えたら、それがスタートの合図です。お気軽にご応募ください。","例外事由3号のイにより、長期キャリア形成を図るため、
35歳以下を募集しております。","【勤務時間】
★9:00~18:00
└実働8時間/休憩1時間

定時ダッシュも問題ないです✧
✧ 土日祝休み
✧ 残業月平均:6.5時間以内
✧ 残業代100%支給","✧ 完全週休2日制(土日祝休み)
✧ 年間休日125日
「土日休みはマスト!」ってあなたにも
ぴったりの職場です!

【その他休暇】
✧ 有給休暇
✧ 夏季・冬季休暇
✧ GW休暇
✧ 年末年始休暇",埼玉県 川口市,,"月給:25万円~+交通費全額支給

※経験に応じて決定いたします。

# 昇給あり
# 賞与あり
# 残業代100%支給
# 交通費支給","・社会保険完備（雇用・労災・健康・厚生年金）
・残業手当・深夜手当・休日出勤手当（実働時間に応じて支給）
・確定拠出年金制度（企業型）
・定期健康診断・インフルエンザ予防接種費用補助
・特別休暇（慶弔休暇）
・産前産後休暇・育児休業・介護休業
・資格取得支援制度（フォークリフト・自主保全士など）
・家具家電付き社員寮制度（勤務地による・規定あり）
・制服貸与
・社員持株会
・福利厚生サービス（レジャー・飲食の優待割引、保養施設）
・団体長期障害所得補償保険（GLTD）","【最短スケジュールのイメージ】

▶ STEP1 今日：WEBから1分で応募
▶ STEP2 1〜3日後：担当者からご連絡 → カジュアル面談の日程調整
▶ STEP3 面談当日：カジュアル面談（1回のみ）→ 採用のご連絡

面談では、職場の雰囲気・1日の流れ・通勤のことなど、
気になることを何でも聞いてください。

✧ 入社日はご相談いただけます ✧
「すぐ働きたい」「少し先がいい」どちらのご希望にも対応します。",,即日勤務OK、交通費支給、残業なし,2,任意,生年月日、性別、電話番号,ntf-indeedapplicant-aaaatulx77tci2k2pr5yeqapva@shukatsu-labo.slack.com,,,利用しない,,
募集中,日本マニュファクチャリングサービス株式会社,未経験｜検品・梱包｜日本マニュファクチャリングサービス株式会社｜川越市（埼玉県）,倉庫作業スタッフ,20～30代活躍中◎川越市｜空調完備の倉庫でコツコツ検品・梱包,,埼玉県 川越市,,,正社員,はい,月給,250000,,最低額を表示,なし,,,,,,,固定時間制,160,,厚生年金、健康保険、雇用保険、労災保険,,なし,,,,,,,,,,,,,,,,,,"「ものづくりの現場を支える仕事を、正社員として腰を据えて続けたい」という方へ。
川越市内および周辺の物流センターで、商品の検品と梱包を担当するスタッフを募集します。
空調の効いた清潔な作業場で、座り作業と立ち作業を組み合わせながら無理なく進められる仕事です。

■ 1日の流れ（9:00〜18:00・休憩1時間）
09:00 朝礼。当日の出荷予定と担当エリアを確認し、作業台へ移動します
09:15 午前の検品。入荷した商品を納品書と照らし合わせ、外観と数量をチェック
12:00 昼休憩（60分）。休憩室でゆっくり昼食をとります
13:00 午後の梱包。検品を終えた商品を袋詰めし、サイズに合った箱に納めます
15:00 小休憩（15分）。水分補給と軽いストレッチでリフレッシュ
15:15 ラベル貼りと出荷先ごとの仕分け。台車で所定の場所へ運びます
17:40 作業台の整理整頓と翌日の準備
18:00 退勤。残業は月平均6.5時間以内で、定時に帰れる日がほとんどです

■ 具体的にはこんな商品を扱います
通販サイトで販売されるアパレル商品、生活雑貨、コスメ、文房具が中心です。
・シャツやタオルを畳んで透明袋へ入れる
・コスメの容器にひび割れがないかを目視で確認する
・文房具のセット品を指定の個数で袋詰めする
・箱にラベルを貼り、配送業者ごとの台車に載せる
商品は軽く、作業台の高さも調整されているため、身体への負担を抑えて続けられます。

■ 未経験でも安心の1週間プログラム
・1日目：会社説明、安全講習、作業着の受け取り、作業場の見学
・2日目：先輩の隣で検品の実演を見学し、午後から一緒に作業
・3日目：梱包の袋詰め・箱詰めを先輩と一緒に担当
・4日目：シール貼りと仕分けを一人で担当。先輩は同じ作業台で見守ります
・5日目：検品から仕分けまでの流れを通しで経験
覚えることは3ステップの繰り返しなので、専門知識や資格は不要です。製造現場で人を育ててきた当社ならではの丁寧な立ち上がりを用意しています。

■ 設備・環境のポイント
・冷暖房完備の室内作業で、季節や天候に左右されません
・休憩室には電子レンジ・冷蔵庫・ポットがあり、フリーWi-Fiも使えます
・個人用の鍵付きロッカーを完備
・髪色・ネイル・服装は自由。清潔感があれば普段のスタイルのままで大丈夫です

■ 埼玉県川越市で働く
小江戸の街並みで知られる一方、郊外には物流施設や工場も多く立地しています。
JR川越線・東武東上線・西武新宿線の3路線が使え、都内・県内どちらからも通いやすい街です。
川越市周辺で「通勤時間を抑えて安定した正社員の仕事に就きたい」という方に、当社の検品・梱包はぴったりの選択肢です。

「難しいことはできないけれど、コツコツ続けることは得意」という方を、当社は大切にしています。まずはお気軽にご応募ください。","【当社の検品・梱包が選ばれる理由】

✅ 覚えることは少なく、教え方は丁寧に
製造現場で人を育ててきた当社では、専任の先輩がマンツーマンで隣につきます。最初はシール貼りやダンボールの組み立てといった簡単な工程から始め、1週間でひと通りの流れを経験できるプログラムを用意しています。

✅ 土日祝休み・年間休日125日
完全週休2日制で、カレンダー通りに休めます。夏季・冬季休暇、GW、年末年始のまとまった休みもあり、予定を立てやすい働き方です。

✅ 重い荷物はほとんどありません
扱うのは衣類・コスメ・文房具・小型雑貨など軽い商品が中心です。重量物の持ち上げや力仕事はほぼなく、身体への負担を抑えて長く続けられます。

✅ 空調完備・清潔な作業場
冷暖房がしっかり効いた室内で、季節を問わず快適に働けます。休憩室には電子レンジ・冷蔵庫・自動販売機があり、鍵付きロッカーも完備しています。

✅ 安定した雇用と福利厚生
正社員としての雇用に加え、社会保険完備、定期健康診断、資格取得支援などの制度があります。「腰を据えて働きたい」という希望に応えられる環境です。

✅ 地元川越市で長く働く
小江戸の街並みで知られる一方、郊外には物流施設や工場も多く立地しています。JR川越線・東武東上線・西武新宿線の3路線が使え、都内・県内どちらからも通いやすい街です。

まずはカジュアル面談で、職場の雰囲気や1日の流れをお伝えします。ご応募をお待ちしています。","例外事由3号のイにより、長期キャリア形成を図るため、
35歳以下を募集しております。","【勤務時間】
★9:00~18:00
└実働8時間/休憩1時間

定時ダッシュも問題ないです✧
✧ 土日祝休み
✧ 残業月平均:6.5時間以内
✧ 残業代100%支給","✧ 完全週休2日制(土日祝休み)
✧ 年間休日125日
「土日休みはマスト!」ってあなたにも
ぴったりの職場です!

【その他休暇】
✧ 有給休暇
✧ 夏季・冬季休暇
✧ GW休暇
✧ 年末年始休暇",埼玉県 川越市,,"月給:25万円~+交通費全額支給

※経験に応じて決定いたします。

# 昇給あり
# 賞与あり
# 残業代100%支給
# 交通費支給","・社会保険完備（雇用・労災・健康・厚生年金）
・残業手当・深夜手当・休日出勤手当（実働時間に応じて支給）
・確定拠出年金制度（企業型）
・定期健康診断・インフルエンザ予防接種費用補助
・特別休暇（慶弔休暇）
・産前産後休暇・育児休業・介護休業
・資格取得支援制度（フォークリフト・自主保全士など）
・家具家電付き社員寮制度（勤務地による・規定あり）
・制服貸与
・社員持株会
・福利厚生サービス（レジャー・飲食の優待割引、保養施設）
・団体長期障害所得補償保険（GLTD）","■ 選考について ■
・カジュアル面談：1回のみ（服装自由・履歴書任意）
・応募から面談まで：WEB応募後、1〜3日以内にご連絡
・入社日：ご相談のうえ決定

■ 応募からの流れ ■
▶ STEP1 WEBから1分で応募
▶ STEP2 カジュアル面談（1回のみ）
▶ STEP3 採用

「まずは話だけ聞いてみたい」という方も、そのままご応募ください。
面談で無理に応募を勧めることはありません。",,即日勤務OK、交通費支給、残業なし,2,任意,生年月日、性別、電話番号,ntf-indeedapplicant-aaaatulx77tci2k2pr5yeqapva@shukatsu-labo.slack.com,,,利用しない,,
募集中,日本マニュファクチャリングサービス株式会社,未経験｜検品・梱包｜日本マニュファクチャリングサービス株式会社｜さいたま市北区（埼玉県）,倉庫作業スタッフ,20～30代活躍中◎さいたま市北区｜マンツーマン研修で安心の検品・梱包,,埼玉県 さいたま市 北区,,,正社員,はい,月給,250000,,最低額を表示,なし,,,,,,,固定時間制,160,,厚生年金、健康保険、雇用保険、労災保険,,なし,,,,,,,,,,,,,,,,,,"埼玉県さいたま市北区エリアで、検品・梱包の正社員スタッフを募集します。
勤務先はさいたま市北区内および周辺の物流センター。商品にキズや汚れがないかを目で確かめ、数を合わせ、袋や箱に丁寧に納める作業が中心です。
1年を通して快適な温度に保たれた室内作業で、当社の先輩スタッフが隣で手順を教えます。

■ ある1日のスケジュール（日勤・実働8時間）
09:00 出勤・朝礼。リーダーから本日の作業内容と注意点の共有があります
09:10 検品スタート。ハンディ端末でバーコードを読み取り、品番と数量を照合
10:30 小休憩（10分）
12:00 昼休憩（60分）。電子レンジ・冷蔵庫のある休憩室で昼食
13:00 梱包作業。緩衝材で商品を包み、ダンボールを組み立てて詰めていきます
15:00 小休憩（15分）
15:15 出荷準備。伝票シールを貼り、配送業者ごとにコンテナへ仕分け
17:45 清掃・翌日分の資材補充
18:00 退勤。土日祝はお休みで、翌日の予定も立てやすい働き方です

■ 主な作業内容
・検品：入荷した商品の外観チェック（傷・汚れ・パッケージのへこみ）と数量・品番の照合
・スキャン：バーコードリーダーで商品を読み取り、データと突き合わせます
・梱包：袋詰め、緩衝材包装、ダンボールの組み立てと箱詰め、テープ留め
・仕上げ：ラベル貼りと配送地域別の仕分け
扱うのはアパレル商品、コスメ、文房具、小型雑貨など。どれも軽く、繰り返しの中で自然と手順が身につく作業です。

■ 入社後1週間の流れ
1日目：オリエンテーション。安全ルール、勤怠の付け方、作業場の設備を案内します
2〜3日目：先輩スタッフがマンツーマンで隣につき、検品の見方と梱包の手順を実演しながら教えます
4〜5日目：シール貼りやダンボールの組み立てなど簡単な工程から一人で担当。分からないことはその場で質問できます
1週間後：検品・梱包の一連の流れをひと通り経験し、自分のペースで進められるようになります
当社は製造現場の教育に長年取り組んできた会社です。「早ければ半日、遅くとも2〜3日で一人立ち」が現場の平均的な目安ですが、慣れるまでは焦らず伴走します。

■ 働く環境について
作業場は1年を通して空調が効いており、汗だくになったり手がかじかんだりする心配はありません。
休憩室は広く、電子レンジや冷蔵庫、自動販売機が揃っています。昼休憩は各自のペースで過ごしています。
鍵付きロッカーを用意しているので、貴重品の管理も安心です。
服装や髪色は自由で、自分らしいスタイルのまま通勤できます。

■ 埼玉県さいたま市北区で働く
大宮の利便性を享受しながら、落ち着いた住宅地が広がるエリアです。
JR高崎線の宮原駅やニューシャトルの各駅が利用でき、大宮からもすぐの立地です。
さいたま市北区周辺で「通勤時間を抑えて安定した正社員の仕事に就きたい」という方に、当社の検品・梱包はぴったりの選択肢です。

製造・物流の現場を支えてきた当社で、あなたのペースで一歩を踏み出してください。ご応募をお待ちしています。","【さいたま市北区で働くならここがポイント】

✅ 先輩スタッフの9割以上が未経験からのスタート
「商品を手に取る」「傷がないか見る」「箱に入れる」の3ステップが仕事の基本です。複雑な機械操作や専門用語はなく、入社初日は安全講習とオリエンテーションから始まるので、初めての正社員でも安心してスタートできます。

✅ 平日は定時、週末はしっかり休む
9:00〜18:00の固定時間制で、生活リズムが安定します。土日祝はお休みなので、家族や友人と予定を合わせやすいのも魅力です。

✅ 自分のペースで黙々と進められる仕事
ノルマに追われることはなく、接客もありません。「一人で集中して作業したい」「人間関係のストレスを減らしたい」という方にこそ向いている環境です。

✅ 休憩室でしっかりリフレッシュ
昼休憩60分に加えて午後に小休憩があり、集中力を保ちやすいリズムで働けます。休憩室にはポットやフリーWi-Fiもあり、お弁当派にも外食派にも便利です。

✅ 相談しやすい体制
配属先にはリーダーが常駐し、定期的な面談で困りごとを聞き取ります。作業のこと、通勤のこと、働き方のこと、何でも相談してください。

✅ さいたま市北区で通いやすい勤務地
JR高崎線の宮原駅やニューシャトルの各駅が利用でき、大宮からもすぐの立地です。大宮の利便性を享受しながら、落ち着いた住宅地が広がるエリアです。

「自分にもできそう」と思えたら、それがスタートの合図です。お気軽にご応募ください。","例外事由3号のイにより、長期キャリア形成を図るため、
35歳以下を募集しております。","【勤務時間】
★9:00~18:00
└実働8時間/休憩1時間

定時ダッシュも問題ないです✧
✧ 土日祝休み
✧ 残業月平均:6.5時間以内
✧ 残業代100%支給","✧ 完全週休2日制(土日祝休み)
✧ 年間休日125日
「土日休みはマスト!」ってあなたにも
ぴったりの職場です!

【その他休暇】
✧ 有給休暇
✧ 夏季・冬季休暇
✧ GW休暇
✧ 年末年始休暇",埼玉県 さいたま市 北区,,"月給:25万円~+交通費全額支給

※経験に応じて決定いたします。

# 昇給あり
# 賞与あり
# 残業代100%支給
# 交通費支給","・社会保険完備（雇用・労災・健康・厚生年金）
・残業手当・深夜手当・休日出勤手当（実働時間に応じて支給）
・確定拠出年金制度（企業型）
・定期健康診断・インフルエンザ予防接種費用補助
・特別休暇（慶弔休暇）
・産前産後休暇・育児休業・介護休業
・資格取得支援制度（フォークリフト・自主保全士など）
・家具家電付き社員寮制度（勤務地による・規定あり）
・制服貸与
・社員持株会
・福利厚生サービス（レジャー・飲食の優待割引、保養施設）
・団体長期障害所得補償保険（GLTD）","✧ カジュアル面談実施中です ✧

応募に必要なのは人柄だけ。
まずはあなたのご希望を聞かせてください。

■ 応募からの流れ ■
▶ STEP1 WEBから1分で簡単応募
1〜3日以内に担当者からご連絡します。
▶ STEP2 カジュアル面談（1回のみ）
職場の雰囲気や1日の流れをお伝えし、ご希望を伺います。
▶ STEP3 採用

※入社日はご相談いただけます◎
在職中の方も、お気軽にご相談ください。",,即日勤務OK、交通費支給、残業なし,2,任意,生年月日、性別、電話番号,ntf-indeedapplicant-aaaatulx77tci2k2pr5yeqapva@shukatsu-labo.slack.com,,,利用しない,,
募集中,日本マニュファクチャリングサービス株式会社,未経験｜検品・梱包｜日本マニュファクチャリングサービス株式会社｜さいたま市（埼玉県）,倉庫作業スタッフ,20～30代活躍中◎さいたま市で正社員デビュー｜検品・梱包のシンプル作業,,埼玉県 さいたま市,,,正社員,はい,月給,250000,,最低額を表示,なし,,,,,,,固定時間制,160,,厚生年金、健康保険、雇用保険、労災保険,,なし,,,,,,,,,,,,,,,,,,"さいたま市内および周辺の物流センターで、通販商品や生活雑貨の「検品・梱包」を担当する正社員スタッフの募集です。
冷暖房が効いた清潔な作業場で、商品をひとつずつ確認し、丁寧に箱へ納めていく落ち着いた仕事です。
製造・物流の現場を長年支えてきた当社が、未経験の方を一から育てます。

■ 1日の流れ（9:00〜18:00・休憩1時間）
09:00 朝礼。当日の出荷予定と担当エリアを確認し、作業台へ移動します
09:15 午前の検品。入荷した商品を納品書と照らし合わせ、外観と数量をチェック
12:00 昼休憩（60分）。休憩室でゆっくり昼食をとります
13:00 午後の梱包。検品を終えた商品を袋詰めし、サイズに合った箱に納めます
15:00 小休憩（15分）。水分補給と軽いストレッチでリフレッシュ
15:15 ラベル貼りと出荷先ごとの仕分け。台車で所定の場所へ運びます
17:40 作業台の整理整頓と翌日の準備
18:00 退勤。残業は月平均6.5時間以内で、定時に帰れる日がほとんどです

■ 主な作業内容
・検品：入荷した商品の外観チェック（傷・汚れ・パッケージのへこみ）と数量・品番の照合
・スキャン：バーコードリーダーで商品を読み取り、データと突き合わせます
・梱包：袋詰め、緩衝材包装、ダンボールの組み立てと箱詰め、テープ留め
・仕上げ：ラベル貼りと配送地域別の仕分け
扱うのはアパレル商品、コスメ、文房具、小型雑貨など。どれも軽く、繰り返しの中で自然と手順が身につく作業です。

■ 教育・研修体制
入社初日は安全講習とオリエンテーションから始まり、いきなり現場に出ることはありません。
2日目以降は専任の先輩スタッフが隣について、検品・梱包の手順を実際にやって見せながら説明します。
最初の1週間は「見る→一緒にやる→一人でやる」の順で少しずつ担当を広げ、1週間後にはひと通りの作業を経験できるスケジュールです。
リーダーは常に作業場内にいるため、「これはどこに置くのでしたか」といった質問もすぐに解決できます。

■ 設備・環境のポイント
・冷暖房完備の室内作業で、季節や天候に左右されません
・休憩室には電子レンジ・冷蔵庫・ポットがあり、フリーWi-Fiも使えます
・個人用の鍵付きロッカーを完備
・髪色・ネイル・服装は自由。清潔感があれば普段のスタイルのままで大丈夫です

■ さいたま市の拠点ならではの一言
JR各線・東武線・埼玉高速鉄道など路線が多く、県内外どこからでも通いやすい地域です。
県内最大の都市で、周辺には物流センターや配送拠点が多く集まっています。
当社は埼玉県内に複数の勤務先を持っているため、ご自宅からの通いやすさも考慮して配属先を相談できます。

「難しいことはできないけれど、コツコツ続けることは得意」という方を、当社は大切にしています。まずはお気軽にご応募ください。","【当社の検品・梱包が選ばれる理由】

✅ 先輩スタッフの9割以上が未経験からのスタート
「商品を手に取る」「傷がないか見る」「箱に入れる」の3ステップが仕事の基本です。複雑な機械操作や専門用語はなく、入社初日は安全講習とオリエンテーションから始まるので、初めての正社員でも安心してスタートできます。

✅ 残業は月平均6.5時間以内
出荷量に合わせて人員を配置しているため、定時で帰れる日がほとんどです。仕事の後に予定を入れたり、家でゆっくり過ごしたりする時間をきちんと確保できます。

✅ 自分のペースで黙々と進められる仕事
ノルマに追われることはなく、接客もありません。「一人で集中して作業したい」「人間関係のストレスを減らしたい」という方にこそ向いている環境です。

✅ 休憩室でしっかりリフレッシュ
昼休憩60分に加えて午後に小休憩があり、集中力を保ちやすいリズムで働けます。休憩室にはポットやフリーWi-Fiもあり、お弁当派にも外食派にも便利です。

✅ 安定した雇用と福利厚生
正社員としての雇用に加え、社会保険完備、定期健康診断、資格取得支援などの制度があります。「腰を据えて働きたい」という希望に応えられる環境です。

✅ さいたま市で通いやすい勤務地
JR各線・東武線・埼玉高速鉄道など路線が多く、県内外どこからでも通いやすい地域です。県内最大の都市で、周辺には物流センターや配送拠点が多く集まっています。

まずはカジュアル面談で、職場の雰囲気や1日の流れをお伝えします。ご応募をお待ちしています。","例外事由3号のイにより、長期キャリア形成を図るため、
35歳以下を募集しております。","【勤務時間】
★9:00~18:00
└実働8時間/休憩1時間

定時ダッシュも問題ないです✧
✧ 土日祝休み
✧ 残業月平均:6.5時間以内
✧ 残業代100%支給","✧ 完全週休2日制(土日祝休み)
✧ 年間休日125日
「土日休みはマスト!」ってあなたにも
ぴったりの職場です!

【その他休暇】
✧ 有給休暇
✧ 夏季・冬季休暇
✧ GW休暇
✧ 年末年始休暇",埼玉県 さいたま市,,"月給:25万円~+交通費全額支給

※経験に応じて決定いたします。

# 昇給あり
# 賞与あり
# 残業代100%支給
# 交通費支給","・社会保険完備（雇用・労災・健康・厚生年金）
・残業手当・深夜手当・休日出勤手当（実働時間に応じて支給）
・確定拠出年金制度（企業型）
・定期健康診断・インフルエンザ予防接種費用補助
・特別休暇（慶弔休暇）
・産前産後休暇・育児休業・介護休業
・資格取得支援制度（フォークリフト・自主保全士など）
・家具家電付き社員寮制度（勤務地による・規定あり）
・制服貸与
・社員持株会
・福利厚生サービス（レジャー・飲食の優待割引、保養施設）
・団体長期障害所得補償保険（GLTD）","【応募前の「気になる」にお答えします】

Q. 面接は堅苦しいですか？
A. いいえ。カジュアル面談を1回行うだけです。服装も自由、履歴書も任意です。

Q. 応募してからどのくらいで決まりますか？
A. 3ステップで進みます。
▶ STEP1 WEBから応募（1分）→ 1〜3日以内にご連絡
▶ STEP2 カジュアル面談（1回のみ）
▶ STEP3 採用

Q. すぐには入社できないのですが…
A. 入社日はご相談いただけます。今のお仕事の引き継ぎ期間なども考慮します。",,即日勤務OK、交通費支給、残業なし,2,任意,生年月日、性別、電話番号,ntf-indeedapplicant-aaaatulx77tci2k2pr5yeqapva@shukatsu-labo.slack.com,,,利用しない,,
募集中,日本マニュファクチャリングサービス株式会社,未経験｜検品・梱包｜日本マニュファクチャリングサービス株式会社｜鎌倉市（神奈川県）,倉庫作業スタッフ,20～30代活躍中◎鎌倉市｜年間休日125日・完全週休2日の軽作業,,神奈川県 鎌倉市,,,正社員,はい,月給,250000,,最低額を表示,なし,,,,,,,固定時間制,160,,厚生年金、健康保険、雇用保険、労災保険,,なし,,,,,,,,,,,,,,,,,,"勤務先は鎌倉市内および周辺の物流センター。扱うのは衣類・コスメ・文房具・小型雑貨など、手のひらサイズの軽い商品が中心です。
担当していただくのは、届いた商品に不備がないかを確かめ、出荷用の箱に整えて詰める「検品・梱包」の作業。
空調完備の室内で、自分のペースを保ちながら黙々と取り組める環境です。

■ ある1日のスケジュール（日勤・実働8時間）
09:00 出勤・朝礼。リーダーから本日の作業内容と注意点の共有があります
09:10 検品スタート。ハンディ端末でバーコードを読み取り、品番と数量を照合
10:30 小休憩（10分）
12:00 昼休憩（60分）。電子レンジ・冷蔵庫のある休憩室で昼食
13:00 梱包作業。緩衝材で商品を包み、ダンボールを組み立てて詰めていきます
15:00 小休憩（15分）
15:15 出荷準備。伝票シールを貼り、配送業者ごとにコンテナへ仕分け
17:45 清掃・翌日分の資材補充
18:00 退勤。土日祝はお休みで、翌日の予定も立てやすい働き方です

■ 扱う商品と作業の具体例
・衣類・タオルなどの布製品：ほつれや汚れがないか確認し、専用の透明袋に入れます
・コスメ・ガラス製の小物：割れやすいため、緩衝材で包んでから箱に納めます
・文房具・生活雑貨：品番と個数を納品書と照合し、まとめて袋詰めします
・出荷前の箱：伝票シールと「割れ物注意」「水濡れ厳禁」などの注意シールを所定位置に貼ります
いずれも手のひらから両手で持てる大きさの商品で、重量物の持ち上げはありません。

■ 未経験でも安心の1週間プログラム
・1日目：会社説明、安全講習、作業着の受け取り、作業場の見学
・2日目：先輩の隣で検品の実演を見学し、午後から一緒に作業
・3日目：梱包の袋詰め・箱詰めを先輩と一緒に担当
・4日目：シール貼りと仕分けを一人で担当。先輩は同じ作業台で見守ります
・5日目：検品から仕分けまでの流れを通しで経験
覚えることは3ステップの繰り返しなので、専門知識や資格は不要です。製造現場で人を育ててきた当社ならではの丁寧な立ち上がりを用意しています。

■ 職場環境
・空調完備：冷暖房が効いた清潔な室内で、夏も冬も快適に作業できます
・休憩室：電子レンジ・冷蔵庫・ポット・自動販売機を完備。お弁当持参でもゆっくり過ごせます
・ロッカー：鍵付きの個人ロッカーがあり、私物を安心して預けられます
・服装：髪色・ネイルは自由。動きやすい服装で通勤し、現場のルールに沿って作業します

■ 鎌倉市の拠点ならではの一言
JR横須賀線・東海道線・湘南モノレールが集まる大船駅など、複数の駅が利用できます。
観光地として知られる一方、大船周辺には物流・製造の拠点も多いエリアです。
当社は神奈川県内に複数の勤務先を持っているため、ご自宅からの通いやすさも考慮して配属先を相談できます。

製造・物流の現場を支えてきた当社で、あなたのペースで一歩を踏み出してください。ご応募をお待ちしています。","【鎌倉市で働くならここがポイント】

✅ 資格・経験・学歴は問いません
必要なのは「丁寧に確認する姿勢」だけ。検品の見方、梱包の手順はすべて入社後にお伝えします。フォークリフトなどの資格取得を目指したい方には支援制度もあり、長く働くほど仕事の幅が広がります。

✅ 平日は定時、週末はしっかり休む
9:00〜18:00の固定時間制で、生活リズムが安定します。土日祝はお休みなので、家族や友人と予定を合わせやすいのも魅力です。

✅ 重い荷物はほとんどありません
扱うのは衣類・コスメ・文房具・小型雑貨など軽い商品が中心です。重量物の持ち上げや力仕事はほぼなく、身体への負担を抑えて長く続けられます。

✅ 休憩室でしっかりリフレッシュ
昼休憩60分に加えて午後に小休憩があり、集中力を保ちやすいリズムで働けます。休憩室にはポットやフリーWi-Fiもあり、お弁当派にも外食派にも便利です。

✅ 製造・物流の現場を支えてきた会社の正社員
当社は全国の製造現場で人材を育ててきた会社です。検品・梱包からスタートし、経験を積めばリーダーや別工程へのステップアップも目指せます。

✅ 鎌倉市で通いやすい勤務地
JR横須賀線・東海道線・湘南モノレールが集まる大船駅など、複数の駅が利用できます。観光地として知られる一方、大船周辺には物流・製造の拠点も多いエリアです。

「自分にもできそう」と思えたら、それがスタートの合図です。お気軽にご応募ください。","例外事由3号のイにより、長期キャリア形成を図るため、
35歳以下を募集しております。","【勤務時間】
★9:00~18:00
└実働8時間/休憩1時間

定時ダッシュも問題ないです✧
✧ 土日祝休み
✧ 残業月平均:6.5時間以内
✧ 残業代100%支給","✧ 完全週休2日制(土日祝休み)
✧ 年間休日125日
「土日休みはマスト!」ってあなたにも
ぴったりの職場です!

【その他休暇】
✧ 有給休暇
✧ 夏季・冬季休暇
✧ GW休暇
✧ 年末年始休暇",神奈川県 鎌倉市,,"月給:25万円~+交通費全額支給

※経験に応じて決定いたします。

# 昇給あり
# 賞与あり
# 残業代100%支給
# 交通費支給","・社会保険完備（雇用・労災・健康・厚生年金）
・残業手当・深夜手当・休日出勤手当（実働時間に応じて支給）
・確定拠出年金制度（企業型）
・定期健康診断・インフルエンザ予防接種費用補助
・特別休暇（慶弔休暇）
・産前産後休暇・育児休業・介護休業
・資格取得支援制度（フォークリフト・自主保全士など）
・家具家電付き社員寮制度（勤務地による・規定あり）
・制服貸与
・社員持株会
・福利厚生サービス（レジャー・飲食の優待割引、保養施設）
・団体長期障害所得補償保険（GLTD）","まずは「話を聞いてみる」だけで大丈夫です。

当社ではカジュアル面談を実施しています。
志望動機や自己PRの準備は不要。
「どんな職場？」「本当に未経験でもできる？」といった疑問に、担当者が率直にお答えします。

■ 応募から入社までの3STEP ■
▶ STEP1 WEB応募（1分）
▶ STEP2 カジュアル面談（1回のみ・1〜3日以内にご連絡）
▶ STEP3 採用・入社日のご相談

入社日は柔軟に調整できます。
「来月から」「今の仕事を辞めてから」など、ご都合をお聞かせください。",,即日勤務OK、交通費支給、残業なし,2,任意,生年月日、性別、電話番号,ntf-indeedapplicant-aaaatulx77tci2k2pr5yeqapva@shukatsu-labo.slack.com,,,利用しない,,
募集中,日本マニュファクチャリングサービス株式会社,未経験｜検品・梱包｜日本マニュファクチャリングサービス株式会社｜横須賀市（神奈川県）,倉庫作業スタッフ,20～30代活躍中◎安定の正社員｜横須賀市で検品・梱包を一から,,神奈川県 横須賀市,,,正社員,はい,月給,250000,,最低額を表示,なし,,,,,,,固定時間制,160,,厚生年金、健康保険、雇用保険、労災保険,,なし,,,,,,,,,,,,,,,,,,"「ものづくりの現場を支える仕事を、正社員として腰を据えて続けたい」という方へ。
横須賀市内および周辺の物流センターで、商品の検品と梱包を担当するスタッフを募集します。
空調の効いた清潔な作業場で、座り作業と立ち作業を組み合わせながら無理なく進められる仕事です。

■ 入社後の1日はこんなイメージです
09:00 朝礼。体調確認と当日の出荷量の共有からスタート
09:15 午前は検品を中心に担当。商品の外観を目視で確認し、傷や汚れがあれば別置きにします
12:00 昼休憩（60分）。お弁当持参の方も、近くで買ってくる方もいます
13:00 午後は梱包を担当。袋詰め、箱詰め、テープ留めの3工程を繰り返します
15:00 小休憩（15分）。自動販売機で飲み物を買って一息
15:15 出荷分の最終チェックと仕分け。全員で協力して当日分を仕上げます
17:45 作業スペースの清掃と日報記入
18:00 定時退勤。残業は月平均6.5時間以内に収まっています

■ 作業の流れ（3ステップ）
1. 検品：商品を手に取り、傷・汚れ・数量を確認します。迷ったら「保留」の箱に入れてリーダーに確認するだけです
2. 梱包：商品に合わせて袋・緩衝材・箱を選び、動かないように納めてテープで封をします
3. 仕分け：伝票シールを貼り、配送地域ごとに分けられたコンテナへ移します
扱う商品は衣類・雑貨・コスメ・文房具などの軽いものが中心で、フォークリフトなどの機械操作はありません。

■ 未経験でも安心の1週間プログラム
・1日目：会社説明、安全講習、作業着の受け取り、作業場の見学
・2日目：先輩の隣で検品の実演を見学し、午後から一緒に作業
・3日目：梱包の袋詰め・箱詰めを先輩と一緒に担当
・4日目：シール貼りと仕分けを一人で担当。先輩は同じ作業台で見守ります
・5日目：検品から仕分けまでの流れを通しで経験
覚えることは3ステップの繰り返しなので、専門知識や資格は不要です。製造現場で人を育ててきた当社ならではの丁寧な立ち上がりを用意しています。

■ 働く環境について
作業場は1年を通して空調が効いており、汗だくになったり手がかじかんだりする心配はありません。
休憩室は広く、電子レンジや冷蔵庫、自動販売機が揃っています。昼休憩は各自のペースで過ごしています。
鍵付きロッカーを用意しているので、貴重品の管理も安心です。
服装や髪色は自由で、自分らしいスタイルのまま通勤できます。

■ 神奈川県横須賀市で働く
港町らしい開放的な雰囲気があり、三浦半島の自然も身近な地域です。
京急線とJR横須賀線が利用でき、横浜方面からも通いやすい立地です。
横須賀市周辺で「通勤時間を抑えて安定した正社員の仕事に就きたい」という方に、当社の検品・梱包はぴったりの選択肢です。

製造・物流の現場を支えてきた当社で、あなたのペースで一歩を踏み出してください。ご応募をお待ちしています。","【当社の検品・梱包が選ばれる理由】

✅ 資格・経験・学歴は問いません
必要なのは「丁寧に確認する姿勢」だけ。検品の見方、梱包の手順はすべて入社後にお伝えします。フォークリフトなどの資格取得を目指したい方には支援制度もあり、長く働くほど仕事の幅が広がります。

✅ 残業は月平均6.5時間以内
出荷量に合わせて人員を配置しているため、定時で帰れる日がほとんどです。仕事の後に予定を入れたり、家でゆっくり過ごしたりする時間をきちんと確保できます。

✅ 重い荷物はほとんどありません
扱うのは衣類・コスメ・文房具・小型雑貨など軽い商品が中心です。重量物の持ち上げや力仕事はほぼなく、身体への負担を抑えて長く続けられます。

✅ 休憩室でしっかりリフレッシュ
昼休憩60分に加えて午後に小休憩があり、集中力を保ちやすいリズムで働けます。休憩室にはポットやフリーWi-Fiもあり、お弁当派にも外食派にも便利です。

✅ 相談しやすい体制
配属先にはリーダーが常駐し、定期的な面談で困りごとを聞き取ります。作業のこと、通勤のこと、働き方のこと、何でも相談してください。

✅ 地元横須賀市で長く働く
港町らしい開放的な雰囲気があり、三浦半島の自然も身近な地域です。京急線とJR横須賀線が利用でき、横浜方面からも通いやすい立地です。

「自分にもできそう」と思えたら、それがスタートの合図です。お気軽にご応募ください。","例外事由3号のイにより、長期キャリア形成を図るため、
35歳以下を募集しております。","【勤務時間】
★9:00~18:00
└実働8時間/休憩1時間

定時ダッシュも問題ないです✧
✧ 土日祝休み
✧ 残業月平均:6.5時間以内
✧ 残業代100%支給","✧ 完全週休2日制(土日祝休み)
✧ 年間休日125日
「土日休みはマスト!」ってあなたにも
ぴったりの職場です!

【その他休暇】
✧ 有給休暇
✧ 夏季・冬季休暇
✧ GW休暇
✧ 年末年始休暇",神奈川県 横須賀市,,"月給:25万円~+交通費全額支給

※経験に応じて決定いたします。

# 昇給あり
# 賞与あり
# 残業代100%支給
# 交通費支給","・社会保険完備（雇用・労災・健康・厚生年金）
・残業手当・深夜手当・休日出勤手当（実働時間に応じて支給）
・確定拠出年金制度（企業型）
・定期健康診断・インフルエンザ予防接種費用補助
・特別休暇（慶弔休暇）
・産前産後休暇・育児休業・介護休業
・資格取得支援制度（フォークリフト・自主保全士など）
・家具家電付き社員寮制度（勤務地による・規定あり）
・制服貸与
・社員持株会
・福利厚生サービス（レジャー・飲食の優待割引、保養施設）
・団体長期障害所得補償保険（GLTD）","【最短スケジュールのイメージ】

▶ STEP1 今日：WEBから1分で応募
▶ STEP2 1〜3日後：担当者からご連絡 → カジュアル面談の日程調整
▶ STEP3 面談当日：カジュアル面談（1回のみ）→ 採用のご連絡

面談では、職場の雰囲気・1日の流れ・通勤のことなど、
気になることを何でも聞いてください。

✧ 入社日はご相談いただけます ✧
「すぐ働きたい」「少し先がいい」どちらのご希望にも対応します。",,即日勤務OK、交通費支給、残業なし,2,任意,生年月日、性別、電話番号,ntf-indeedapplicant-aaaatulx77tci2k2pr5yeqapva@shukatsu-labo.slack.com,,,利用しない,,
募集中,日本マニュファクチャリングサービス株式会社,未経験｜検品・梱包｜日本マニュファクチャリングサービス株式会社｜愛甲郡愛川町（神奈川県）,倉庫作業スタッフ,20～30代活躍中◎残業ほぼなし｜愛川町で腰を据えて働く検品・梱包,,神奈川県 愛甲郡 愛川町,,,正社員,はい,月給,250000,,最低額を表示,なし,,,,,,,固定時間制,160,,厚生年金、健康保険、雇用保険、労災保険,,なし,,,,,,,,,,,,,,,,,,"神奈川県愛川町エリアで、検品・梱包の正社員スタッフを募集します。
勤務先は愛川町内および周辺の物流センター。商品にキズや汚れがないかを目で確かめ、数を合わせ、袋や箱に丁寧に納める作業が中心です。
1年を通して快適な温度に保たれた室内作業で、当社の先輩スタッフが隣で手順を教えます。

■ 1日の流れ（9:00〜18:00・休憩1時間）
09:00 朝礼。当日の出荷予定と担当エリアを確認し、作業台へ移動します
09:15 午前の検品。入荷した商品を納品書と照らし合わせ、外観と数量をチェック
12:00 昼休憩（60分）。休憩室でゆっくり昼食をとります
13:00 午後の梱包。検品を終えた商品を袋詰めし、サイズに合った箱に納めます
15:00 小休憩（15分）。水分補給と軽いストレッチでリフレッシュ
15:15 ラベル貼りと出荷先ごとの仕分け。台車で所定の場所へ運びます
17:40 作業台の整理整頓と翌日の準備
18:00 退勤。残業は月平均6.5時間以内で、定時に帰れる日がほとんどです

■ 作業の流れ（3ステップ）
1. 検品：商品を手に取り、傷・汚れ・数量を確認します。迷ったら「保留」の箱に入れてリーダーに確認するだけです
2. 梱包：商品に合わせて袋・緩衝材・箱を選び、動かないように納めてテープで封をします
3. 仕分け：伝票シールを貼り、配送地域ごとに分けられたコンテナへ移します
扱う商品は衣類・雑貨・コスメ・文房具などの軽いものが中心で、フォークリフトなどの機械操作はありません。

■ 入社後1週間の流れ
1日目：オリエンテーション。安全ルール、勤怠の付け方、作業場の設備を案内します
2〜3日目：先輩スタッフがマンツーマンで隣につき、検品の見方と梱包の手順を実演しながら教えます
4〜5日目：シール貼りやダンボールの組み立てなど簡単な工程から一人で担当。分からないことはその場で質問できます
1週間後：検品・梱包の一連の流れをひと通り経験し、自分のペースで進められるようになります
当社は製造現場の教育に長年取り組んできた会社です。「早ければ半日、遅くとも2〜3日で一人立ち」が現場の平均的な目安ですが、慣れるまでは焦らず伴走します。

■ 職場環境
・空調完備：冷暖房が効いた清潔な室内で、夏も冬も快適に作業できます
・休憩室：電子レンジ・冷蔵庫・ポット・自動販売機を完備。お弁当持参でもゆっくり過ごせます
・ロッカー：鍵付きの個人ロッカーがあり、私物を安心して預けられます
・服装：髪色・ネイルは自由。動きやすい服装で通勤し、現場のルールに沿って作業します

■ 神奈川県愛川町で働く
内陸工業団地に工場や物流センターが集まる、県央のものづくりエリアです。
圏央道の相模原愛川ICが近く車通勤に便利で、本厚木駅からのバス便もあります。
愛川町周辺で「通勤時間を抑えて安定した正社員の仕事に就きたい」という方に、当社の検品・梱包はぴったりの選択肢です。

「難しいことはできないけれど、コツコツ続けることは得意」という方を、当社は大切にしています。まずはお気軽にご応募ください。","【愛川町で働くならここがポイント】

✅ 覚えることは少なく、教え方は丁寧に
製造現場で人を育ててきた当社では、専任の先輩がマンツーマンで隣につきます。最初はシール貼りやダンボールの組み立てといった簡単な工程から始め、1週間でひと通りの流れを経験できるプログラムを用意しています。

✅ 土日祝休み・年間休日125日
完全週休2日制で、カレンダー通りに休めます。夏季・冬季休暇、GW、年末年始のまとまった休みもあり、予定を立てやすい働き方です。

✅ 重い荷物はほとんどありません
扱うのは衣類・コスメ・文房具・小型雑貨など軽い商品が中心です。重量物の持ち上げや力仕事はほぼなく、身体への負担を抑えて長く続けられます。

✅ 休憩室でしっかりリフレッシュ
昼休憩60分に加えて午後に小休憩があり、集中力を保ちやすいリズムで働けます。休憩室にはポットやフリーWi-Fiもあり、お弁当派にも外食派にも便利です。

✅ 安定した雇用と福利厚生
正社員としての雇用に加え、社会保険完備、定期健康診断、資格取得支援などの制度があります。「腰を据えて働きたい」という希望に応えられる環境です。

✅ 地元愛川町で長く働く
内陸工業団地に工場や物流センターが集まる、県央のものづくりエリアです。圏央道の相模原愛川ICが近く車通勤に便利で、本厚木駅からのバス便もあります。

まずはカジュアル面談で、職場の雰囲気や1日の流れをお伝えします。ご応募をお待ちしています。","例外事由3号のイにより、長期キャリア形成を図るため、
35歳以下を募集しております。","【勤務時間】
★9:00~18:00
└実働8時間/休憩1時間

定時ダッシュも問題ないです✧
✧ 土日祝休み
✧ 残業月平均:6.5時間以内
✧ 残業代100%支給","✧ 完全週休2日制(土日祝休み)
✧ 年間休日125日
「土日休みはマスト!」ってあなたにも
ぴったりの職場です!

【その他休暇】
✧ 有給休暇
✧ 夏季・冬季休暇
✧ GW休暇
✧ 年末年始休暇",神奈川県 愛甲郡 愛川町,,"月給:25万円~+交通費全額支給

※経験に応じて決定いたします。

# 昇給あり
# 賞与あり
# 残業代100%支給
# 交通費支給","・社会保険完備（雇用・労災・健康・厚生年金）
・残業手当・深夜手当・休日出勤手当（実働時間に応じて支給）
・確定拠出年金制度（企業型）
・定期健康診断・インフルエンザ予防接種費用補助
・特別休暇（慶弔休暇）
・産前産後休暇・育児休業・介護休業
・資格取得支援制度（フォークリフト・自主保全士など）
・家具家電付き社員寮制度（勤務地による・規定あり）
・制服貸与
・社員持株会
・福利厚生サービス（レジャー・飲食の優待割引、保養施設）
・団体長期障害所得補償保険（GLTD）","■ 選考について ■
・カジュアル面談：1回のみ（服装自由・履歴書任意）
・応募から面談まで：WEB応募後、1〜3日以内にご連絡
・入社日：ご相談のうえ決定

■ 応募からの流れ ■
▶ STEP1 WEBから1分で応募
▶ STEP2 カジュアル面談（1回のみ）
▶ STEP3 採用

「まずは話だけ聞いてみたい」という方も、そのままご応募ください。
面談で無理に応募を勧めることはありません。",,即日勤務OK、交通費支給、残業なし,2,任意,生年月日、性別、電話番号,ntf-indeedapplicant-aaaatulx77tci2k2pr5yeqapva@shukatsu-labo.slack.com,,,利用しない,,
募集中,日本マニュファクチャリングサービス株式会社,未経験｜検品・梱包｜日本マニュファクチャリングサービス株式会社｜南足柄市（神奈川県）,倉庫作業スタッフ,20～30代活躍中◎定時で帰れる｜南足柄市の物流センターで検品・梱包,,神奈川県 南足柄市,,,正社員,はい,月給,250000,,最低額を表示,なし,,,,,,,固定時間制,160,,厚生年金、健康保険、雇用保険、労災保険,,なし,,,,,,,,,,,,,,,,,,"南足柄市内および周辺の物流センターで、通販商品や生活雑貨の「検品・梱包」を担当する正社員スタッフの募集です。
冷暖房が効いた清潔な作業場で、商品をひとつずつ確認し、丁寧に箱へ納めていく落ち着いた仕事です。
製造・物流の現場を長年支えてきた当社が、未経験の方を一から育てます。

■ 入社後の1日はこんなイメージです
09:00 朝礼。体調確認と当日の出荷量の共有からスタート
09:15 午前は検品を中心に担当。商品の外観を目視で確認し、傷や汚れがあれば別置きにします
12:00 昼休憩（60分）。お弁当持参の方も、近くで買ってくる方もいます
13:00 午後は梱包を担当。袋詰め、箱詰め、テープ留めの3工程を繰り返します
15:00 小休憩（15分）。自動販売機で飲み物を買って一息
15:15 出荷分の最終チェックと仕分け。全員で協力して当日分を仕上げます
17:45 作業スペースの清掃と日報記入
18:00 定時退勤。残業は月平均6.5時間以内に収まっています

■ 具体的にはこんな商品を扱います
通販サイトで販売されるアパレル商品、生活雑貨、コスメ、文房具が中心です。
・シャツやタオルを畳んで透明袋へ入れる
・コスメの容器にひび割れがないかを目視で確認する
・文房具のセット品を指定の個数で袋詰めする
・箱にラベルを貼り、配送業者ごとの台車に載せる
商品は軽く、作業台の高さも調整されているため、身体への負担を抑えて続けられます。

■ 教育・研修体制
入社初日は安全講習とオリエンテーションから始まり、いきなり現場に出ることはありません。
2日目以降は専任の先輩スタッフが隣について、検品・梱包の手順を実際にやって見せながら説明します。
最初の1週間は「見る→一緒にやる→一人でやる」の順で少しずつ担当を広げ、1週間後にはひと通りの作業を経験できるスケジュールです。
リーダーは常に作業場内にいるため、「これはどこに置くのでしたか」といった質問もすぐに解決できます。

■ 働く環境について
作業場は1年を通して空調が効いており、汗だくになったり手がかじかんだりする心配はありません。
休憩室は広く、電子レンジや冷蔵庫、自動販売機が揃っています。昼休憩は各自のペースで過ごしています。
鍵付きロッカーを用意しているので、貴重品の管理も安心です。
服装や髪色は自由で、自分らしいスタイルのまま通勤できます。

■ 南足柄市の拠点ならではの一言
伊豆箱根鉄道大雄山線が市内を走り、小田原方面からも通いやすい立地です。
大手メーカーの工場が立地する県西のものづくりの街で、自然も身近な地域です。
当社は神奈川県内に複数の勤務先を持っているため、ご自宅からの通いやすさも考慮して配属先を相談できます。

製造・物流の現場を支えてきた当社で、あなたのペースで一歩を踏み出してください。ご応募をお待ちしています。","【当社の検品・梱包が選ばれる理由】

✅ 覚えることは少なく、教え方は丁寧に
製造現場で人を育ててきた当社では、専任の先輩がマンツーマンで隣につきます。最初はシール貼りやダンボールの組み立てといった簡単な工程から始め、1週間でひと通りの流れを経験できるプログラムを用意しています。

✅ 平日は定時、週末はしっかり休む
9:00〜18:00の固定時間制で、生活リズムが安定します。土日祝はお休みなので、家族や友人と予定を合わせやすいのも魅力です。

✅ 自分のペースで黙々と進められる仕事
ノルマに追われることはなく、接客もありません。「一人で集中して作業したい」「人間関係のストレスを減らしたい」という方にこそ向いている環境です。

✅ 髪色・ネイル・服装は自由
清潔感があれば普段のスタイルのままで大丈夫です。動きやすい服装で通勤し、現場のルールに沿って作業します。

✅ 製造・物流の現場を支えてきた会社の正社員
当社は全国の製造現場で人材を育ててきた会社です。検品・梱包からスタートし、経験を積めばリーダーや別工程へのステップアップも目指せます。

✅ 地元南足柄市で長く働く
大手メーカーの工場が立地する県西のものづくりの街で、自然も身近な地域です。伊豆箱根鉄道大雄山線が市内を走り、小田原方面からも通いやすい立地です。

「自分にもできそう」と思えたら、それがスタートの合図です。お気軽にご応募ください。","例外事由3号のイにより、長期キャリア形成を図るため、
35歳以下を募集しております。","【勤務時間】
★9:00~18:00
└実働8時間/休憩1時間

定時ダッシュも問題ないです✧
✧ 土日祝休み
✧ 残業月平均:6.5時間以内
✧ 残業代100%支給","✧ 完全週休2日制(土日祝休み)
✧ 年間休日125日
「土日休みはマスト!」ってあなたにも
ぴったりの職場です!

【その他休暇】
✧ 有給休暇
✧ 夏季・冬季休暇
✧ GW休暇
✧ 年末年始休暇",神奈川県 南足柄市,,"月給:25万円~+交通費全額支給

※経験に応じて決定いたします。

# 昇給あり
# 賞与あり
# 残業代100%支給
# 交通費支給","・社会保険完備（雇用・労災・健康・厚生年金）
・残業手当・深夜手当・休日出勤手当（実働時間に応じて支給）
・確定拠出年金制度（企業型）
・定期健康診断・インフルエンザ予防接種費用補助
・特別休暇（慶弔休暇）
・産前産後休暇・育児休業・介護休業
・資格取得支援制度（フォークリフト・自主保全士など）
・家具家電付き社員寮制度（勤務地による・規定あり）
・制服貸与
・社員持株会
・福利厚生サービス（レジャー・飲食の優待割引、保養施設）
・団体長期障害所得補償保険（GLTD）","✧ カジュアル面談実施中です ✧

応募に必要なのは人柄だけ。
まずはあなたのご希望を聞かせてください。

■ 応募からの流れ ■
▶ STEP1 WEBから1分で簡単応募
1〜3日以内に担当者からご連絡します。
▶ STEP2 カジュアル面談（1回のみ）
職場の雰囲気や1日の流れをお伝えし、ご希望を伺います。
▶ STEP3 採用

※入社日はご相談いただけます◎
在職中の方も、お気軽にご相談ください。",,即日勤務OK、交通費支給、残業なし,2,任意,生年月日、性別、電話番号,ntf-indeedapplicant-aaaatulx77tci2k2pr5yeqapva@shukatsu-labo.slack.com,,,利用しない,,
募集中,日本マニュファクチャリングサービス株式会社,未経験｜検品・梱包｜日本マニュファクチャリングサービス株式会社｜伊勢原市（神奈川県）,倉庫作業スタッフ,20～30代活躍中◎土日祝休み・伊勢原市勤務｜ものづくり企業の軽作業,,神奈川県 伊勢原市,,,正社員,はい,月給,250000,,最低額を表示,なし,,,,,,,固定時間制,160,,厚生年金、健康保険、雇用保険、労災保険,,なし,,,,,,,,,,,,,,,,,,"勤務先は伊勢原市内および周辺の物流センター。扱うのは衣類・コスメ・文房具・小型雑貨など、手のひらサイズの軽い商品が中心です。
担当していただくのは、届いた商品に不備がないかを確かめ、出荷用の箱に整えて詰める「検品・梱包」の作業。
空調完備の室内で、自分のペースを保ちながら黙々と取り組める環境です。

■ 1日の流れ（9:00〜18:00・休憩1時間）
09:00 朝礼。当日の出荷予定と担当エリアを確認し、作業台へ移動します
09:15 午前の検品。入荷した商品を納品書と照らし合わせ、外観と数量をチェック
12:00 昼休憩（60分）。休憩室でゆっくり昼食をとります
13:00 午後の梱包。検品を終えた商品を袋詰めし、サイズに合った箱に納めます
15:00 小休憩（15分）。水分補給と軽いストレッチでリフレッシュ
15:15 ラベル貼りと出荷先ごとの仕分け。台車で所定の場所へ運びます
17:40 作業台の整理整頓と翌日の準備
18:00 退勤。残業は月平均6.5時間以内で、定時に帰れる日がほとんどです

■ 具体的にはこんな商品を扱います
通販サイトで販売されるアパレル商品、生活雑貨、コスメ、文房具が中心です。
・シャツやタオルを畳んで透明袋へ入れる
・コスメの容器にひび割れがないかを目視で確認する
・文房具のセット品を指定の個数で袋詰めする
・箱にラベルを貼り、配送業者ごとの台車に載せる
商品は軽く、作業台の高さも調整されているため、身体への負担を抑えて続けられます。

■ 未経験でも安心の1週間プログラム
・1日目：会社説明、安全講習、作業着の受け取り、作業場の見学
・2日目：先輩の隣で検品の実演を見学し、午後から一緒に作業
・3日目：梱包の袋詰め・箱詰めを先輩と一緒に担当
・4日目：シール貼りと仕分けを一人で担当。先輩は同じ作業台で見守ります
・5日目：検品から仕分けまでの流れを通しで経験
覚えることは3ステップの繰り返しなので、専門知識や資格は不要です。製造現場で人を育ててきた当社ならではの丁寧な立ち上がりを用意しています。

■ 設備・環境のポイント
・冷暖房完備の室内作業で、季節や天候に左右されません
・休憩室には電子レンジ・冷蔵庫・ポットがあり、フリーWi-Fiも使えます
・個人用の鍵付きロッカーを完備
・髪色・ネイル・服装は自由。清潔感があれば普段のスタイルのままで大丈夫です

■ 神奈川県伊勢原市で働く
大山のふもとに広がる街で、周辺には製造業の工場や物流施設が点在しています。
小田急線の伊勢原駅が最寄りで、新東名の伊勢原大山ICも近く車通勤にも向いています。
伊勢原市周辺で「通勤時間を抑えて安定した正社員の仕事に就きたい」という方に、当社の検品・梱包はぴったりの選択肢です。

製造・物流の現場を支えてきた当社で、あなたのペースで一歩を踏み出してください。ご応募をお待ちしています。","【伊勢原市で働くならここがポイント】

✅ 先輩スタッフの9割以上が未経験からのスタート
「商品を手に取る」「傷がないか見る」「箱に入れる」の3ステップが仕事の基本です。複雑な機械操作や専門用語はなく、入社初日は安全講習とオリエンテーションから始まるので、初めての正社員でも安心してスタートできます。

✅ 残業は月平均6.5時間以内
出荷量に合わせて人員を配置しているため、定時で帰れる日がほとんどです。仕事の後に予定を入れたり、家でゆっくり過ごしたりする時間をきちんと確保できます。

✅ 自分のペースで黙々と進められる仕事
ノルマに追われることはなく、接客もありません。「一人で集中して作業したい」「人間関係のストレスを減らしたい」という方にこそ向いている環境です。

✅ 髪色・ネイル・服装は自由
清潔感があれば普段のスタイルのままで大丈夫です。動きやすい服装で通勤し、現場のルールに沿って作業します。

✅ 相談しやすい体制
配属先にはリーダーが常駐し、定期的な面談で困りごとを聞き取ります。作業のこと、通勤のこと、働き方のこと、何でも相談してください。

✅ 伊勢原市で通いやすい勤務地
小田急線の伊勢原駅が最寄りで、新東名の伊勢原大山ICも近く車通勤にも向いています。大山のふもとに広がる街で、周辺には製造業の工場や物流施設が点在しています。

まずはカジュアル面談で、職場の雰囲気や1日の流れをお伝えします。ご応募をお待ちしています。","例外事由3号のイにより、長期キャリア形成を図るため、
35歳以下を募集しております。","【勤務時間】
★9:00~18:00
└実働8時間/休憩1時間

定時ダッシュも問題ないです✧
✧ 土日祝休み
✧ 残業月平均:6.5時間以内
✧ 残業代100%支給","✧ 完全週休2日制(土日祝休み)
✧ 年間休日125日
「土日休みはマスト!」ってあなたにも
ぴったりの職場です!

【その他休暇】
✧ 有給休暇
✧ 夏季・冬季休暇
✧ GW休暇
✧ 年末年始休暇",神奈川県 伊勢原市,,"月給:25万円~+交通費全額支給

※経験に応じて決定いたします。

# 昇給あり
# 賞与あり
# 残業代100%支給
# 交通費支給","・社会保険完備（雇用・労災・健康・厚生年金）
・残業手当・深夜手当・休日出勤手当（実働時間に応じて支給）
・確定拠出年金制度（企業型）
・定期健康診断・インフルエンザ予防接種費用補助
・特別休暇（慶弔休暇）
・産前産後休暇・育児休業・介護休業
・資格取得支援制度（フォークリフト・自主保全士など）
・家具家電付き社員寮制度（勤務地による・規定あり）
・制服貸与
・社員持株会
・福利厚生サービス（レジャー・飲食の優待割引、保養施設）
・団体長期障害所得補償保険（GLTD）","【応募前の「気になる」にお答えします】

Q. 面接は堅苦しいですか？
A. いいえ。カジュアル面談を1回行うだけです。服装も自由、履歴書も任意です。

Q. 応募してからどのくらいで決まりますか？
A. 3ステップで進みます。
▶ STEP1 WEBから応募（1分）→ 1〜3日以内にご連絡
▶ STEP2 カジュアル面談（1回のみ）
▶ STEP3 採用

Q. すぐには入社できないのですが…
A. 入社日はご相談いただけます。今のお仕事の引き継ぎ期間なども考慮します。",,即日勤務OK、交通費支給、残業なし,2,任意,生年月日、性別、電話番号,ntf-indeedapplicant-aaaatulx77tci2k2pr5yeqapva@shukatsu-labo.slack.com,,,利用しない,,
募集中,日本マニュファクチャリングサービス株式会社,未経験｜検品・梱包｜日本マニュファクチャリングサービス株式会社｜茅ヶ崎市（神奈川県）,倉庫作業スタッフ,20～30代活躍中◎重い荷物なし｜茅ヶ崎市で始める検品・梱包の正社員,,神奈川県 茅ヶ崎市,,,正社員,はい,月給,250000,,最低額を表示,なし,,,,,,,固定時間制,160,,厚生年金、健康保険、雇用保険、労災保険,,なし,,,,,,,,,,,,,,,,,,"「ものづくりの現場を支える仕事を、正社員として腰を据えて続けたい」という方へ。
茅ヶ崎市内および周辺の物流センターで、商品の検品と梱包を担当するスタッフを募集します。
空調の効いた清潔な作業場で、座り作業と立ち作業を組み合わせながら無理なく進められる仕事です。

■ ある1日のスケジュール（日勤・実働8時間）
09:00 出勤・朝礼。リーダーから本日の作業内容と注意点の共有があります
09:10 検品スタート。ハンディ端末でバーコードを読み取り、品番と数量を照合
10:30 小休憩（10分）
12:00 昼休憩（60分）。電子レンジ・冷蔵庫のある休憩室で昼食
13:00 梱包作業。緩衝材で商品を包み、ダンボールを組み立てて詰めていきます
15:00 小休憩（15分）
15:15 出荷準備。伝票シールを貼り、配送業者ごとにコンテナへ仕分け
17:45 清掃・翌日分の資材補充
18:00 退勤。土日祝はお休みで、翌日の予定も立てやすい働き方です

■ 主な作業内容
・検品：入荷した商品の外観チェック（傷・汚れ・パッケージのへこみ）と数量・品番の照合
・スキャン：バーコードリーダーで商品を読み取り、データと突き合わせます
・梱包：袋詰め、緩衝材包装、ダンボールの組み立てと箱詰め、テープ留め
・仕上げ：ラベル貼りと配送地域別の仕分け
扱うのはアパレル商品、コスメ、文房具、小型雑貨など。どれも軽く、繰り返しの中で自然と手順が身につく作業です。

■ 入社後1週間の流れ
1日目：オリエンテーション。安全ルール、勤怠の付け方、作業場の設備を案内します
2〜3日目：先輩スタッフがマンツーマンで隣につき、検品の見方と梱包の手順を実演しながら教えます
4〜5日目：シール貼りやダンボールの組み立てなど簡単な工程から一人で担当。分からないことはその場で質問できます
1週間後：検品・梱包の一連の流れをひと通り経験し、自分のペースで進められるようになります
当社は製造現場の教育に長年取り組んできた会社です。「早ければ半日、遅くとも2〜3日で一人立ち」が現場の平均的な目安ですが、慣れるまでは焦らず伴走します。

■ 働く環境について
作業場は1年を通して空調が効いており、汗だくになったり手がかじかんだりする心配はありません。
休憩室は広く、電子レンジや冷蔵庫、自動販売機が揃っています。昼休憩は各自のペースで過ごしています。
鍵付きロッカーを用意しているので、貴重品の管理も安心です。
服装や髪色は自由で、自分らしいスタイルのまま通勤できます。

■ 神奈川県茅ヶ崎市で働く
海辺のゆったりした雰囲気が魅力の街で、仕事とプライベートを両立しやすい地域です。
JR東海道線・相模線の茅ヶ崎駅が最寄りで、湘南エリアから通いやすい立地です。
茅ヶ崎市周辺で「通勤時間を抑えて安定した正社員の仕事に就きたい」という方に、当社の検品・梱包はぴったりの選択肢です。

「難しいことはできないけれど、コツコツ続けることは得意」という方を、当社は大切にしています。まずはお気軽にご応募ください。","【当社の検品・梱包が選ばれる理由】

✅ 先輩スタッフの9割以上が未経験からのスタート
「商品を手に取る」「傷がないか見る」「箱に入れる」の3ステップが仕事の基本です。複雑な機械操作や専門用語はなく、入社初日は安全講習とオリエンテーションから始まるので、初めての正社員でも安心してスタートできます。

✅ 土日祝休み・年間休日125日
完全週休2日制で、カレンダー通りに休めます。夏季・冬季休暇、GW、年末年始のまとまった休みもあり、予定を立てやすい働き方です。

✅ 自分のペースで黙々と進められる仕事
ノルマに追われることはなく、接客もありません。「一人で集中して作業したい」「人間関係のストレスを減らしたい」という方にこそ向いている環境です。

✅ 髪色・ネイル・服装は自由
清潔感があれば普段のスタイルのままで大丈夫です。動きやすい服装で通勤し、現場のルールに沿って作業します。

✅ 安定した雇用と福利厚生
正社員としての雇用に加え、社会保険完備、定期健康診断、資格取得支援などの制度があります。「腰を据えて働きたい」という希望に応えられる環境です。

✅ 茅ヶ崎市で通いやすい勤務地
JR東海道線・相模線の茅ヶ崎駅が最寄りで、湘南エリアから通いやすい立地です。海辺のゆったりした雰囲気が魅力の街で、仕事とプライベートを両立しやすい地域です。

「自分にもできそう」と思えたら、それがスタートの合図です。お気軽にご応募ください。","例外事由3号のイにより、長期キャリア形成を図るため、
35歳以下を募集しております。","【勤務時間】
★9:00~18:00
└実働8時間/休憩1時間

定時ダッシュも問題ないです✧
✧ 土日祝休み
✧ 残業月平均:6.5時間以内
✧ 残業代100%支給","✧ 完全週休2日制(土日祝休み)
✧ 年間休日125日
「土日休みはマスト!」ってあなたにも
ぴったりの職場です!

【その他休暇】
✧ 有給休暇
✧ 夏季・冬季休暇
✧ GW休暇
✧ 年末年始休暇",神奈川県 茅ヶ崎市,,"月給:25万円~+交通費全額支給

※経験に応じて決定いたします。

# 昇給あり
# 賞与あり
# 残業代100%支給
# 交通費支給","・社会保険完備（雇用・労災・健康・厚生年金）
・残業手当・深夜手当・休日出勤手当（実働時間に応じて支給）
・確定拠出年金制度（企業型）
・定期健康診断・インフルエンザ予防接種費用補助
・特別休暇（慶弔休暇）
・産前産後休暇・育児休業・介護休業
・資格取得支援制度（フォークリフト・自主保全士など）
・家具家電付き社員寮制度（勤務地による・規定あり）
・制服貸与
・社員持株会
・福利厚生サービス（レジャー・飲食の優待割引、保養施設）
・団体長期障害所得補償保険（GLTD）","まずは「話を聞いてみる」だけで大丈夫です。

当社ではカジュアル面談を実施しています。
志望動機や自己PRの準備は不要。
「どんな職場？」「本当に未経験でもできる？」といった疑問に、担当者が率直にお答えします。

■ 応募から入社までの3STEP ■
▶ STEP1 WEB応募（1分）
▶ STEP2 カジュアル面談（1回のみ・1〜3日以内にご連絡）
▶ STEP3 採用・入社日のご相談

入社日は柔軟に調整できます。
「来月から」「今の仕事を辞めてから」など、ご都合をお聞かせください。",,即日勤務OK、交通費支給、残業なし,2,任意,生年月日、性別、電話番号,ntf-indeedapplicant-aaaatulx77tci2k2pr5yeqapva@shukatsu-labo.slack.com,,,利用しない,,
募集中,日本マニュファクチャリングサービス株式会社,未経験｜検品・梱包｜日本マニュファクチャリングサービス株式会社｜藤沢市（神奈川県）,倉庫作業スタッフ,20～30代活躍中◎藤沢市｜先輩の9割が未経験スタートの検品・梱包,,神奈川県 藤沢市,,,正社員,はい,月給,250000,,最低額を表示,なし,,,,,,,固定時間制,160,,厚生年金、健康保険、雇用保険、労災保険,,なし,,,,,,,,,,,,,,,,,,"神奈川県藤沢市エリアで、検品・梱包の正社員スタッフを募集します。
勤務先は藤沢市内および周辺の物流センター。商品にキズや汚れがないかを目で確かめ、数を合わせ、袋や箱に丁寧に納める作業が中心です。
1年を通して快適な温度に保たれた室内作業で、当社の先輩スタッフが隣で手順を教えます。

■ 入社後の1日はこんなイメージです
09:00 朝礼。体調確認と当日の出荷量の共有からスタート
09:15 午前は検品を中心に担当。商品の外観を目視で確認し、傷や汚れがあれば別置きにします
12:00 昼休憩（60分）。お弁当持参の方も、近くで買ってくる方もいます
13:00 午後は梱包を担当。袋詰め、箱詰め、テープ留めの3工程を繰り返します
15:00 小休憩（15分）。自動販売機で飲み物を買って一息
15:15 出荷分の最終チェックと仕分け。全員で協力して当日分を仕上げます
17:45 作業スペースの清掃と日報記入
18:00 定時退勤。残業は月平均6.5時間以内に収まっています

■ 扱う商品と作業の具体例
・衣類・タオルなどの布製品：ほつれや汚れがないか確認し、専用の透明袋に入れます
・コスメ・ガラス製の小物：割れやすいため、緩衝材で包んでから箱に納めます
・文房具・生活雑貨：品番と個数を納品書と照合し、まとめて袋詰めします
・出荷前の箱：伝票シールと「割れ物注意」「水濡れ厳禁」などの注意シールを所定位置に貼ります
いずれも手のひらから両手で持てる大きさの商品で、重量物の持ち上げはありません。

■ 教育・研修体制
入社初日は安全講習とオリエンテーションから始まり、いきなり現場に出ることはありません。
2日目以降は専任の先輩スタッフが隣について、検品・梱包の手順を実際にやって見せながら説明します。
最初の1週間は「見る→一緒にやる→一人でやる」の順で少しずつ担当を広げ、1週間後にはひと通りの作業を経験できるスケジュールです。
リーダーは常に作業場内にいるため、「これはどこに置くのでしたか」といった質問もすぐに解決できます。

■ 設備・環境のポイント
・冷暖房完備の室内作業で、季節や天候に左右されません
・休憩室には電子レンジ・冷蔵庫・ポットがあり、フリーWi-Fiも使えます
・個人用の鍵付きロッカーを完備
・髪色・ネイル・服装は自由。清潔感があれば普段のスタイルのままで大丈夫です

■ 藤沢市の拠点ならではの一言
JR東海道線・小田急江ノ島線・江ノ電が使える藤沢駅が最寄りで、湘南エリアの交通の中心です。
海が近い湘南の街で、休日はゆったり過ごしたい方にも人気のエリアです。
当社は神奈川県内に複数の勤務先を持っているため、ご自宅からの通いやすさも考慮して配属先を相談できます。

製造・物流の現場を支えてきた当社で、あなたのペースで一歩を踏み出してください。ご応募をお待ちしています。","【藤沢市で働くならここがポイント】

✅ 資格・経験・学歴は問いません
必要なのは「丁寧に確認する姿勢」だけ。検品の見方、梱包の手順はすべて入社後にお伝えします。フォークリフトなどの資格取得を目指したい方には支援制度もあり、長く働くほど仕事の幅が広がります。

✅ 残業は月平均6.5時間以内
出荷量に合わせて人員を配置しているため、定時で帰れる日がほとんどです。仕事の後に予定を入れたり、家でゆっくり過ごしたりする時間をきちんと確保できます。

✅ 重い荷物はほとんどありません
扱うのは衣類・コスメ・文房具・小型雑貨など軽い商品が中心です。重量物の持ち上げや力仕事はほぼなく、身体への負担を抑えて長く続けられます。

✅ 髪色・ネイル・服装は自由
清潔感があれば普段のスタイルのままで大丈夫です。動きやすい服装で通勤し、現場のルールに沿って作業します。

✅ 製造・物流の現場を支えてきた会社の正社員
当社は全国の製造現場で人材を育ててきた会社です。検品・梱包からスタートし、経験を積めばリーダーや別工程へのステップアップも目指せます。

✅ 藤沢市で通いやすい勤務地
JR東海道線・小田急江ノ島線・江ノ電が使える藤沢駅が最寄りで、湘南エリアの交通の中心です。海が近い湘南の街で、休日はゆったり過ごしたい方にも人気のエリアです。

まずはカジュアル面談で、職場の雰囲気や1日の流れをお伝えします。ご応募をお待ちしています。","例外事由3号のイにより、長期キャリア形成を図るため、
35歳以下を募集しております。","【勤務時間】
★9:00~18:00
└実働8時間/休憩1時間

定時ダッシュも問題ないです✧
✧ 土日祝休み
✧ 残業月平均:6.5時間以内
✧ 残業代100%支給","✧ 完全週休2日制(土日祝休み)
✧ 年間休日125日
「土日休みはマスト!」ってあなたにも
ぴったりの職場です!

【その他休暇】
✧ 有給休暇
✧ 夏季・冬季休暇
✧ GW休暇
✧ 年末年始休暇",神奈川県 藤沢市,,"月給:25万円~+交通費全額支給

※経験に応じて決定いたします。

# 昇給あり
# 賞与あり
# 残業代100%支給
# 交通費支給","・社会保険完備（雇用・労災・健康・厚生年金）
・残業手当・深夜手当・休日出勤手当（実働時間に応じて支給）
・確定拠出年金制度（企業型）
・定期健康診断・インフルエンザ予防接種費用補助
・特別休暇（慶弔休暇）
・産前産後休暇・育児休業・介護休業
・資格取得支援制度（フォークリフト・自主保全士など）
・家具家電付き社員寮制度（勤務地による・規定あり）
・制服貸与
・社員持株会
・福利厚生サービス（レジャー・飲食の優待割引、保養施設）
・団体長期障害所得補償保険（GLTD）","【最短スケジュールのイメージ】

▶ STEP1 今日：WEBから1分で応募
▶ STEP2 1〜3日後：担当者からご連絡 → カジュアル面談の日程調整
▶ STEP3 面談当日：カジュアル面談（1回のみ）→ 採用のご連絡

面談では、職場の雰囲気・1日の流れ・通勤のことなど、
気になることを何でも聞いてください。

✧ 入社日はご相談いただけます ✧
「すぐ働きたい」「少し先がいい」どちらのご希望にも対応します。",,即日勤務OK、交通費支給、残業なし,2,任意,生年月日、性別、電話番号,ntf-indeedapplicant-aaaatulx77tci2k2pr5yeqapva@shukatsu-labo.slack.com,,,利用しない,,
募集中,日本マニュファクチャリングサービス株式会社,未経験｜検品・梱包｜日本マニュファクチャリングサービス株式会社｜海老名市（神奈川県）,倉庫作業スタッフ,20～30代活躍中◎未経験から製造のプロへ｜海老名市の検品・梱包スタッフ,,神奈川県 海老名市,,,正社員,はい,月給,250000,,最低額を表示,なし,,,,,,,固定時間制,160,,厚生年金、健康保険、雇用保険、労災保険,,なし,,,,,,,,,,,,,,,,,,"海老名市内および周辺の物流センターで、通販商品や生活雑貨の「検品・梱包」を担当する正社員スタッフの募集です。
冷暖房が効いた清潔な作業場で、商品をひとつずつ確認し、丁寧に箱へ納めていく落ち着いた仕事です。
製造・物流の現場を長年支えてきた当社が、未経験の方を一から育てます。

■ ある1日のスケジュール（日勤・実働8時間）
09:00 出勤・朝礼。リーダーから本日の作業内容と注意点の共有があります
09:10 検品スタート。ハンディ端末でバーコードを読み取り、品番と数量を照合
10:30 小休憩（10分）
12:00 昼休憩（60分）。電子レンジ・冷蔵庫のある休憩室で昼食
13:00 梱包作業。緩衝材で商品を包み、ダンボールを組み立てて詰めていきます
15:00 小休憩（15分）
15:15 出荷準備。伝票シールを貼り、配送業者ごとにコンテナへ仕分け
17:45 清掃・翌日分の資材補充
18:00 退勤。土日祝はお休みで、翌日の予定も立てやすい働き方です

■ 扱う商品と作業の具体例
・衣類・タオルなどの布製品：ほつれや汚れがないか確認し、専用の透明袋に入れます
・コスメ・ガラス製の小物：割れやすいため、緩衝材で包んでから箱に納めます
・文房具・生活雑貨：品番と個数を納品書と照合し、まとめて袋詰めします
・出荷前の箱：伝票シールと「割れ物注意」「水濡れ厳禁」などの注意シールを所定位置に貼ります
いずれも手のひらから両手で持てる大きさの商品で、重量物の持ち上げはありません。

■ 未経験でも安心の1週間プログラム
・1日目：会社説明、安全講習、作業着の受け取り、作業場の見学
・2日目：先輩の隣で検品の実演を見学し、午後から一緒に作業
・3日目：梱包の袋詰め・箱詰めを先輩と一緒に担当
・4日目：シール貼りと仕分けを一人で担当。先輩は同じ作業台で見守ります
・5日目：検品から仕分けまでの流れを通しで経験
覚えることは3ステップの繰り返しなので、専門知識や資格は不要です。製造現場で人を育ててきた当社ならではの丁寧な立ち上がりを用意しています。

■ 職場環境
・空調完備：冷暖房が効いた清潔な室内で、夏も冬も快適に作業できます
・休憩室：電子レンジ・冷蔵庫・ポット・自動販売機を完備。お弁当持参でもゆっくり過ごせます
・ロッカー：鍵付きの個人ロッカーがあり、私物を安心して預けられます
・服装：髪色・ネイルは自由。動きやすい服装で通勤し、現場のルールに沿って作業します

■ 海老名市の拠点ならではの一言
小田急線・相鉄線・JR相模線の3路線が乗り入れる海老名駅が最寄りで、県内各方面から通いやすい立地です。
駅周辺に大型商業施設が集まり、仕事帰りの買い物にも便利な街です。
当社は神奈川県内に複数の勤務先を持っているため、ご自宅からの通いやすさも考慮して配属先を相談できます。

「難しいことはできないけれど、コツコツ続けることは得意」という方を、当社は大切にしています。まずはお気軽にご応募ください。","【当社の検品・梱包が選ばれる理由】

✅ 資格・経験・学歴は問いません
必要なのは「丁寧に確認する姿勢」だけ。検品の見方、梱包の手順はすべて入社後にお伝えします。フォークリフトなどの資格取得を目指したい方には支援制度もあり、長く働くほど仕事の幅が広がります。

✅ 土日祝休み・年間休日125日
完全週休2日制で、カレンダー通りに休めます。夏季・冬季休暇、GW、年末年始のまとまった休みもあり、予定を立てやすい働き方です。

✅ 重い荷物はほとんどありません
扱うのは衣類・コスメ・文房具・小型雑貨など軽い商品が中心です。重量物の持ち上げや力仕事はほぼなく、身体への負担を抑えて長く続けられます。

✅ 髪色・ネイル・服装は自由
清潔感があれば普段のスタイルのままで大丈夫です。動きやすい服装で通勤し、現場のルールに沿って作業します。

✅ 相談しやすい体制
配属先にはリーダーが常駐し、定期的な面談で困りごとを聞き取ります。作業のこと、通勤のこと、働き方のこと、何でも相談してください。

✅ 地元海老名市で長く働く
駅周辺に大型商業施設が集まり、仕事帰りの買い物にも便利な街です。小田急線・相鉄線・JR相模線の3路線が乗り入れる海老名駅が最寄りで、県内各方面から通いやすい立地です。

まずはカジュアル面談で、職場の雰囲気や1日の流れをお伝えします。ご応募をお待ちしています。","例外事由3号のイにより、長期キャリア形成を図るため、
35歳以下を募集しております。","【勤務時間】
★9:00~18:00
└実働8時間/休憩1時間

定時ダッシュも問題ないです✧
✧ 土日祝休み
✧ 残業月平均:6.5時間以内
✧ 残業代100%支給","✧ 完全週休2日制(土日祝休み)
✧ 年間休日125日
「土日休みはマスト!」ってあなたにも
ぴったりの職場です!

【その他休暇】
✧ 有給休暇
✧ 夏季・冬季休暇
✧ GW休暇
✧ 年末年始休暇",神奈川県 海老名市,,"月給:25万円~+交通費全額支給

※経験に応じて決定いたします。

# 昇給あり
# 賞与あり
# 残業代100%支給
# 交通費支給","・社会保険完備（雇用・労災・健康・厚生年金）
・残業手当・深夜手当・休日出勤手当（実働時間に応じて支給）
・確定拠出年金制度（企業型）
・定期健康診断・インフルエンザ予防接種費用補助
・特別休暇（慶弔休暇）
・産前産後休暇・育児休業・介護休業
・資格取得支援制度（フォークリフト・自主保全士など）
・家具家電付き社員寮制度（勤務地による・規定あり）
・制服貸与
・社員持株会
・福利厚生サービス（レジャー・飲食の優待割引、保養施設）
・団体長期障害所得補償保険（GLTD）","■ 選考について ■
・カジュアル面談：1回のみ（服装自由・履歴書任意）
・応募から面談まで：WEB応募後、1〜3日以内にご連絡
・入社日：ご相談のうえ決定

■ 応募からの流れ ■
▶ STEP1 WEBから1分で応募
▶ STEP2 カジュアル面談（1回のみ）
▶ STEP3 採用

「まずは話だけ聞いてみたい」という方も、そのままご応募ください。
面談で無理に応募を勧めることはありません。",,即日勤務OK、交通費支給、残業なし,2,任意,生年月日、性別、電話番号,ntf-indeedapplicant-aaaatulx77tci2k2pr5yeqapva@shukatsu-labo.slack.com,,,利用しない,,
募集中,日本マニュファクチャリングサービス株式会社,未経験｜検品・梱包｜日本マニュファクチャリングサービス株式会社｜座間市（神奈川県）,倉庫作業スタッフ,20～30代活躍中◎座間市｜黙々作業が好きな方に向く検品・梱包,,神奈川県 座間市,,,正社員,はい,月給,250000,,最低額を表示,なし,,,,,,,固定時間制,160,,厚生年金、健康保険、雇用保険、労災保険,,なし,,,,,,,,,,,,,,,,,,"勤務先は座間市内および周辺の物流センター。扱うのは衣類・コスメ・文房具・小型雑貨など、手のひらサイズの軽い商品が中心です。
担当していただくのは、届いた商品に不備がないかを確かめ、出荷用の箱に整えて詰める「検品・梱包」の作業。
空調完備の室内で、自分のペースを保ちながら黙々と取り組める環境です。

■ 入社後の1日はこんなイメージです
09:00 朝礼。体調確認と当日の出荷量の共有からスタート
09:15 午前は検品を中心に担当。商品の外観を目視で確認し、傷や汚れがあれば別置きにします
12:00 昼休憩（60分）。お弁当持参の方も、近くで買ってくる方もいます
13:00 午後は梱包を担当。袋詰め、箱詰め、テープ留めの3工程を繰り返します
15:00 小休憩（15分）。自動販売機で飲み物を買って一息
15:15 出荷分の最終チェックと仕分け。全員で協力して当日分を仕上げます
17:45 作業スペースの清掃と日報記入
18:00 定時退勤。残業は月平均6.5時間以内に収まっています

■ 作業の流れ（3ステップ）
1. 検品：商品を手に取り、傷・汚れ・数量を確認します。迷ったら「保留」の箱に入れてリーダーに確認するだけです
2. 梱包：商品に合わせて袋・緩衝材・箱を選び、動かないように納めてテープで封をします
3. 仕分け：伝票シールを貼り、配送地域ごとに分けられたコンテナへ移します
扱う商品は衣類・雑貨・コスメ・文房具などの軽いものが中心で、フォークリフトなどの機械操作はありません。

■ 未経験でも安心の1週間プログラム
・1日目：会社説明、安全講習、作業着の受け取り、作業場の見学
・2日目：先輩の隣で検品の実演を見学し、午後から一緒に作業
・3日目：梱包の袋詰め・箱詰めを先輩と一緒に担当
・4日目：シール貼りと仕分けを一人で担当。先輩は同じ作業台で見守ります
・5日目：検品から仕分けまでの流れを通しで経験
覚えることは3ステップの繰り返しなので、専門知識や資格は不要です。製造現場で人を育ててきた当社ならではの丁寧な立ち上がりを用意しています。

■ 働く環境について
作業場は1年を通して空調が効いており、汗だくになったり手がかじかんだりする心配はありません。
休憩室は広く、電子レンジや冷蔵庫、自動販売機が揃っています。昼休憩は各自のペースで過ごしています。
鍵付きロッカーを用意しているので、貴重品の管理も安心です。
服装や髪色は自由で、自分らしいスタイルのまま通勤できます。

■ 神奈川県座間市で働く
住宅地と工場が共存する県央の街で、落ち着いた環境で通勤しやすいエリアです。
小田急線の座間駅・相武台前駅、相鉄線のさがみ野駅が利用できます。
座間市周辺で「通勤時間を抑えて安定した正社員の仕事に就きたい」という方に、当社の検品・梱包はぴったりの選択肢です。

「難しいことはできないけれど、コツコツ続けることは得意」という方を、当社は大切にしています。まずはお気軽にご応募ください。","【座間市で働くならここがポイント】

✅ 覚えることは少なく、教え方は丁寧に
製造現場で人を育ててきた当社では、専任の先輩がマンツーマンで隣につきます。最初はシール貼りやダンボールの組み立てといった簡単な工程から始め、1週間でひと通りの流れを経験できるプログラムを用意しています。

✅ 平日は定時、週末はしっかり休む
9:00〜18:00の固定時間制で、生活リズムが安定します。土日祝はお休みなので、家族や友人と予定を合わせやすいのも魅力です。

✅ 自分のペースで黙々と進められる仕事
ノルマに追われることはなく、接客もありません。「一人で集中して作業したい」「人間関係のストレスを減らしたい」という方にこそ向いている環境です。

✅ 空調完備・清潔な作業場
冷暖房がしっかり効いた室内で、季節を問わず快適に働けます。休憩室には電子レンジ・冷蔵庫・自動販売機があり、鍵付きロッカーも完備しています。

✅ 安定した雇用と福利厚生
正社員としての雇用に加え、社会保険完備、定期健康診断、資格取得支援などの制度があります。「腰を据えて働きたい」という希望に応えられる環境です。

✅ 地元座間市で長く働く
住宅地と工場が共存する県央の街で、落ち着いた環境で通勤しやすいエリアです。小田急線の座間駅・相武台前駅、相鉄線のさがみ野駅が利用できます。

「自分にもできそう」と思えたら、それがスタートの合図です。お気軽にご応募ください。","例外事由3号のイにより、長期キャリア形成を図るため、
35歳以下を募集しております。","【勤務時間】
★9:00~18:00
└実働8時間/休憩1時間

定時ダッシュも問題ないです✧
✧ 土日祝休み
✧ 残業月平均:6.5時間以内
✧ 残業代100%支給","✧ 完全週休2日制(土日祝休み)
✧ 年間休日125日
「土日休みはマスト!」ってあなたにも
ぴったりの職場です!

【その他休暇】
✧ 有給休暇
✧ 夏季・冬季休暇
✧ GW休暇
✧ 年末年始休暇",神奈川県 座間市,,"月給:25万円~+交通費全額支給

※経験に応じて決定いたします。

# 昇給あり
# 賞与あり
# 残業代100%支給
# 交通費支給","・社会保険完備（雇用・労災・健康・厚生年金）
・残業手当・深夜手当・休日出勤手当（実働時間に応じて支給）
・確定拠出年金制度（企業型）
・定期健康診断・インフルエンザ予防接種費用補助
・特別休暇（慶弔休暇）
・産前産後休暇・育児休業・介護休業
・資格取得支援制度（フォークリフト・自主保全士など）
・家具家電付き社員寮制度（勤務地による・規定あり）
・制服貸与
・社員持株会
・福利厚生サービス（レジャー・飲食の優待割引、保養施設）
・団体長期障害所得補償保険（GLTD）","✧ カジュアル面談実施中です ✧

応募に必要なのは人柄だけ。
まずはあなたのご希望を聞かせてください。

■ 応募からの流れ ■
▶ STEP1 WEBから1分で簡単応募
1〜3日以内に担当者からご連絡します。
▶ STEP2 カジュアル面談（1回のみ）
職場の雰囲気や1日の流れをお伝えし、ご希望を伺います。
▶ STEP3 採用

※入社日はご相談いただけます◎
在職中の方も、お気軽にご相談ください。",,即日勤務OK、交通費支給、残業なし,2,任意,生年月日、性別、電話番号,ntf-indeedapplicant-aaaatulx77tci2k2pr5yeqapva@shukatsu-labo.slack.com,,,利用しない,,
募集中,日本マニュファクチャリングサービス株式会社,未経験｜検品・梱包｜日本マニュファクチャリングサービス株式会社｜厚木市（神奈川県）,倉庫作業スタッフ,20～30代活躍中◎厚木市｜空調完備の倉庫でコツコツ検品・梱包,,神奈川県 厚木市,,,正社員,はい,月給,250000,,最低額を表示,なし,,,,,,,固定時間制,160,,厚生年金、健康保険、雇用保険、労災保険,,なし,,,,,,,,,,,,,,,,,,"「ものづくりの現場を支える仕事を、正社員として腰を据えて続けたい」という方へ。
厚木市内および周辺の物流センターで、商品の検品と梱包を担当するスタッフを募集します。
空調の効いた清潔な作業場で、座り作業と立ち作業を組み合わせながら無理なく進められる仕事です。

■ 1日の流れ（9:00〜18:00・休憩1時間）
09:00 朝礼。当日の出荷予定と担当エリアを確認し、作業台へ移動します
09:15 午前の検品。入荷した商品を納品書と照らし合わせ、外観と数量をチェック
12:00 昼休憩（60分）。休憩室でゆっくり昼食をとります
13:00 午後の梱包。検品を終えた商品を袋詰めし、サイズに合った箱に納めます
15:00 小休憩（15分）。水分補給と軽いストレッチでリフレッシュ
15:15 ラベル貼りと出荷先ごとの仕分け。台車で所定の場所へ運びます
17:40 作業台の整理整頓と翌日の準備
18:00 退勤。残業は月平均6.5時間以内で、定時に帰れる日がほとんどです

■ 作業の流れ（3ステップ）
1. 検品：商品を手に取り、傷・汚れ・数量を確認します。迷ったら「保留」の箱に入れてリーダーに確認するだけです
2. 梱包：商品に合わせて袋・緩衝材・箱を選び、動かないように納めてテープで封をします
3. 仕分け：伝票シールを貼り、配送地域ごとに分けられたコンテナへ移します
扱う商品は衣類・雑貨・コスメ・文房具などの軽いものが中心で、フォークリフトなどの機械操作はありません。

■ 入社後1週間の流れ
1日目：オリエンテーション。安全ルール、勤怠の付け方、作業場の設備を案内します
2〜3日目：先輩スタッフがマンツーマンで隣につき、検品の見方と梱包の手順を実演しながら教えます
4〜5日目：シール貼りやダンボールの組み立てなど簡単な工程から一人で担当。分からないことはその場で質問できます
1週間後：検品・梱包の一連の流れをひと通り経験し、自分のペースで進められるようになります
当社は製造現場の教育に長年取り組んできた会社です。「早ければ半日、遅くとも2〜3日で一人立ち」が現場の平均的な目安ですが、慣れるまでは焦らず伴走します。

■ 職場環境
・空調完備：冷暖房が効いた清潔な室内で、夏も冬も快適に作業できます
・休憩室：電子レンジ・冷蔵庫・ポット・自動販売機を完備。お弁当持参でもゆっくり過ごせます
・ロッカー：鍵付きの個人ロッカーがあり、私物を安心して預けられます
・服装：髪色・ネイルは自由。動きやすい服装で通勤し、現場のルールに沿って作業します

■ 神奈川県厚木市で働く
県央エリアの物流拠点が集まる街で、大型の配送センターが数多く立地しています。
小田急線の本厚木駅が最寄りで、東名高速・圏央道のICも近く車通勤にも向いています。
厚木市周辺で「通勤時間を抑えて安定した正社員の仕事に就きたい」という方に、当社の検品・梱包はぴったりの選択肢です。

製造・物流の現場を支えてきた当社で、あなたのペースで一歩を踏み出してください。ご応募をお待ちしています。","【当社の検品・梱包が選ばれる理由】

✅ 覚えることは少なく、教え方は丁寧に
製造現場で人を育ててきた当社では、専任の先輩がマンツーマンで隣につきます。最初はシール貼りやダンボールの組み立てといった簡単な工程から始め、1週間でひと通りの流れを経験できるプログラムを用意しています。

✅ 残業は月平均6.5時間以内
出荷量に合わせて人員を配置しているため、定時で帰れる日がほとんどです。仕事の後に予定を入れたり、家でゆっくり過ごしたりする時間をきちんと確保できます。

✅ 自分のペースで黙々と進められる仕事
ノルマに追われることはなく、接客もありません。「一人で集中して作業したい」「人間関係のストレスを減らしたい」という方にこそ向いている環境です。

✅ 空調完備・清潔な作業場
冷暖房がしっかり効いた室内で、季節を問わず快適に働けます。休憩室には電子レンジ・冷蔵庫・自動販売機があり、鍵付きロッカーも完備しています。

✅ 製造・物流の現場を支えてきた会社の正社員
当社は全国の製造現場で人材を育ててきた会社です。検品・梱包からスタートし、経験を積めばリーダーや別工程へのステップアップも目指せます。

✅ 地元厚木市で長く働く
県央エリアの物流拠点が集まる街で、大型の配送センターが数多く立地しています。小田急線の本厚木駅が最寄りで、東名高速・圏央道のICも近く車通勤にも向いています。

まずはカジュアル面談で、職場の雰囲気や1日の流れをお伝えします。ご応募をお待ちしています。","例外事由3号のイにより、長期キャリア形成を図るため、
35歳以下を募集しております。","【勤務時間】
★9:00~18:00
└実働8時間/休憩1時間

定時ダッシュも問題ないです✧
✧ 土日祝休み
✧ 残業月平均:6.5時間以内
✧ 残業代100%支給","✧ 完全週休2日制(土日祝休み)
✧ 年間休日125日
「土日休みはマスト!」ってあなたにも
ぴったりの職場です!

【その他休暇】
✧ 有給休暇
✧ 夏季・冬季休暇
✧ GW休暇
✧ 年末年始休暇",神奈川県 厚木市,,"月給:25万円~+交通費全額支給

※経験に応じて決定いたします。

# 昇給あり
# 賞与あり
# 残業代100%支給
# 交通費支給","・社会保険完備（雇用・労災・健康・厚生年金）
・残業手当・深夜手当・休日出勤手当（実働時間に応じて支給）
・確定拠出年金制度（企業型）
・定期健康診断・インフルエンザ予防接種費用補助
・特別休暇（慶弔休暇）
・産前産後休暇・育児休業・介護休業
・資格取得支援制度（フォークリフト・自主保全士など）
・家具家電付き社員寮制度（勤務地による・規定あり）
・制服貸与
・社員持株会
・福利厚生サービス（レジャー・飲食の優待割引、保養施設）
・団体長期障害所得補償保険（GLTD）","【応募前の「気になる」にお答えします】

Q. 面接は堅苦しいですか？
A. いいえ。カジュアル面談を1回行うだけです。服装も自由、履歴書も任意です。

Q. 応募してからどのくらいで決まりますか？
A. 3ステップで進みます。
▶ STEP1 WEBから応募（1分）→ 1〜3日以内にご連絡
▶ STEP2 カジュアル面談（1回のみ）
▶ STEP3 採用

Q. すぐには入社できないのですが…
A. 入社日はご相談いただけます。今のお仕事の引き継ぎ期間なども考慮します。",,即日勤務OK、交通費支給、残業なし,2,任意,生年月日、性別、電話番号,ntf-indeedapplicant-aaaatulx77tci2k2pr5yeqapva@shukatsu-labo.slack.com,,,利用しない,,
募集中,日本マニュファクチャリングサービス株式会社,未経験｜検品・梱包｜日本マニュファクチャリングサービス株式会社｜相模原市中央区（神奈川県）,倉庫作業スタッフ,20～30代活躍中◎相模原市中央区｜マンツーマン研修で安心の検品・梱包,,神奈川県 相模原市 中央区,,,正社員,はい,月給,250000,,最低額を表示,なし,,,,,,,固定時間制,160,,厚生年金、健康保険、雇用保険、労災保険,,なし,,,,,,,,,,,,,,,,,,"神奈川県相模原市中央区エリアで、検品・梱包の正社員スタッフを募集します。
勤務先は相模原市中央区内および周辺の物流センター。商品にキズや汚れがないかを目で確かめ、数を合わせ、袋や箱に丁寧に納める作業が中心です。
1年を通して快適な温度に保たれた室内作業で、当社の先輩スタッフが隣で手順を教えます。

■ ある1日のスケジュール（日勤・実働8時間）
09:00 出勤・朝礼。リーダーから本日の作業内容と注意点の共有があります
09:10 検品スタート。ハンディ端末でバーコードを読み取り、品番と数量を照合
10:30 小休憩（10分）
12:00 昼休憩（60分）。電子レンジ・冷蔵庫のある休憩室で昼食
13:00 梱包作業。緩衝材で商品を包み、ダンボールを組み立てて詰めていきます
15:00 小休憩（15分）
15:15 出荷準備。伝票シールを貼り、配送業者ごとにコンテナへ仕分け
17:45 清掃・翌日分の資材補充
18:00 退勤。土日祝はお休みで、翌日の予定も立てやすい働き方です

■ 具体的にはこんな商品を扱います
通販サイトで販売されるアパレル商品、生活雑貨、コスメ、文房具が中心です。
・シャツやタオルを畳んで透明袋へ入れる
・コスメの容器にひび割れがないかを目視で確認する
・文房具のセット品を指定の個数で袋詰めする
・箱にラベルを貼り、配送業者ごとの台車に載せる
商品は軽く、作業台の高さも調整されているため、身体への負担を抑えて続けられます。

■ 教育・研修体制
入社初日は安全講習とオリエンテーションから始まり、いきなり現場に出ることはありません。
2日目以降は専任の先輩スタッフが隣について、検品・梱包の手順を実際にやって見せながら説明します。
最初の1週間は「見る→一緒にやる→一人でやる」の順で少しずつ担当を広げ、1週間後にはひと通りの作業を経験できるスケジュールです。
リーダーは常に作業場内にいるため、「これはどこに置くのでしたか」といった質問もすぐに解決できます。

■ 働く環境について
作業場は1年を通して空調が効いており、汗だくになったり手がかじかんだりする心配はありません。
休憩室は広く、電子レンジや冷蔵庫、自動販売機が揃っています。昼休憩は各自のペースで過ごしています。
鍵付きロッカーを用意しているので、貴重品の管理も安心です。
服装や髪色は自由で、自分らしいスタイルのまま通勤できます。

■ 相模原市中央区の拠点ならではの一言
JR横浜線の相模原駅・淵野辺駅が最寄りで、町田・八王子方面からも通いやすい立地です。
市の中心部として商業と住宅がバランスよく揃った、生活しやすい地域です。
当社は神奈川県内に複数の勤務先を持っているため、ご自宅からの通いやすさも考慮して配属先を相談できます。

「難しいことはできないけれど、コツコツ続けることは得意」という方を、当社は大切にしています。まずはお気軽にご応募ください。","【相模原市中央区で働くならここがポイント】

✅ 先輩スタッフの9割以上が未経験からのスタート
「商品を手に取る」「傷がないか見る」「箱に入れる」の3ステップが仕事の基本です。複雑な機械操作や専門用語はなく、入社初日は安全講習とオリエンテーションから始まるので、初めての正社員でも安心してスタートできます。

✅ 土日祝休み・年間休日125日
完全週休2日制で、カレンダー通りに休めます。夏季・冬季休暇、GW、年末年始のまとまった休みもあり、予定を立てやすい働き方です。

✅ 自分のペースで黙々と進められる仕事
ノルマに追われることはなく、接客もありません。「一人で集中して作業したい」「人間関係のストレスを減らしたい」という方にこそ向いている環境です。

✅ 空調完備・清潔な作業場
冷暖房がしっかり効いた室内で、季節を問わず快適に働けます。休憩室には電子レンジ・冷蔵庫・自動販売機があり、鍵付きロッカーも完備しています。

✅ 相談しやすい体制
配属先にはリーダーが常駐し、定期的な面談で困りごとを聞き取ります。作業のこと、通勤のこと、働き方のこと、何でも相談してください。

✅ 相模原市中央区で通いやすい勤務地
JR横浜線の相模原駅・淵野辺駅が最寄りで、町田・八王子方面からも通いやすい立地です。市の中心部として商業と住宅がバランスよく揃った、生活しやすい地域です。

「自分にもできそう」と思えたら、それがスタートの合図です。お気軽にご応募ください。","例外事由3号のイにより、長期キャリア形成を図るため、
35歳以下を募集しております。","【勤務時間】
★9:00~18:00
└実働8時間/休憩1時間

定時ダッシュも問題ないです✧
✧ 土日祝休み
✧ 残業月平均:6.5時間以内
✧ 残業代100%支給","✧ 完全週休2日制(土日祝休み)
✧ 年間休日125日
「土日休みはマスト!」ってあなたにも
ぴったりの職場です!

【その他休暇】
✧ 有給休暇
✧ 夏季・冬季休暇
✧ GW休暇
✧ 年末年始休暇",神奈川県 相模原市 中央区,,"月給:25万円~+交通費全額支給

※経験に応じて決定いたします。

# 昇給あり
# 賞与あり
# 残業代100%支給
# 交通費支給","・社会保険完備（雇用・労災・健康・厚生年金）
・残業手当・深夜手当・休日出勤手当（実働時間に応じて支給）
・確定拠出年金制度（企業型）
・定期健康診断・インフルエンザ予防接種費用補助
・特別休暇（慶弔休暇）
・産前産後休暇・育児休業・介護休業
・資格取得支援制度（フォークリフト・自主保全士など）
・家具家電付き社員寮制度（勤務地による・規定あり）
・制服貸与
・社員持株会
・福利厚生サービス（レジャー・飲食の優待割引、保養施設）
・団体長期障害所得補償保険（GLTD）","まずは「話を聞いてみる」だけで大丈夫です。

当社ではカジュアル面談を実施しています。
志望動機や自己PRの準備は不要。
「どんな職場？」「本当に未経験でもできる？」といった疑問に、担当者が率直にお答えします。

■ 応募から入社までの3STEP ■
▶ STEP1 WEB応募（1分）
▶ STEP2 カジュアル面談（1回のみ・1〜3日以内にご連絡）
▶ STEP3 採用・入社日のご相談

入社日は柔軟に調整できます。
「来月から」「今の仕事を辞めてから」など、ご都合をお聞かせください。",,即日勤務OK、交通費支給、残業なし,2,任意,生年月日、性別、電話番号,ntf-indeedapplicant-aaaatulx77tci2k2pr5yeqapva@shukatsu-labo.slack.com,,,利用しない,,
募集中,日本マニュファクチャリングサービス株式会社,未経験｜検品・梱包｜日本マニュファクチャリングサービス株式会社｜相模原市（神奈川県）,倉庫作業スタッフ,20～30代活躍中◎相模原市で正社員デビュー｜検品・梱包のシンプル作業,,神奈川県 相模原市,,,正社員,はい,月給,250000,,最低額を表示,なし,,,,,,,固定時間制,160,,厚生年金、健康保険、雇用保険、労災保険,,なし,,,,,,,,,,,,,,,,,,"相模原市内および周辺の物流センターで、通販商品や生活雑貨の「検品・梱包」を担当する正社員スタッフの募集です。
冷暖房が効いた清潔な作業場で、商品をひとつずつ確認し、丁寧に箱へ納めていく落ち着いた仕事です。
製造・物流の現場を長年支えてきた当社が、未経験の方を一から育てます。

■ 1日の流れ（9:00〜18:00・休憩1時間）
09:00 朝礼。当日の出荷予定と担当エリアを確認し、作業台へ移動します
09:15 午前の検品。入荷した商品を納品書と照らし合わせ、外観と数量をチェック
12:00 昼休憩（60分）。休憩室でゆっくり昼食をとります
13:00 午後の梱包。検品を終えた商品を袋詰めし、サイズに合った箱に納めます
15:00 小休憩（15分）。水分補給と軽いストレッチでリフレッシュ
15:15 ラベル貼りと出荷先ごとの仕分け。台車で所定の場所へ運びます
17:40 作業台の整理整頓と翌日の準備
18:00 退勤。残業は月平均6.5時間以内で、定時に帰れる日がほとんどです

■ 具体的にはこんな商品を扱います
通販サイトで販売されるアパレル商品、生活雑貨、コスメ、文房具が中心です。
・シャツやタオルを畳んで透明袋へ入れる
・コスメの容器にひび割れがないかを目視で確認する
・文房具のセット品を指定の個数で袋詰めする
・箱にラベルを貼り、配送業者ごとの台車に載せる
商品は軽く、作業台の高さも調整されているため、身体への負担を抑えて続けられます。

■ 未経験でも安心の1週間プログラム
・1日目：会社説明、安全講習、作業着の受け取り、作業場の見学
・2日目：先輩の隣で検品の実演を見学し、午後から一緒に作業
・3日目：梱包の袋詰め・箱詰めを先輩と一緒に担当
・4日目：シール貼りと仕分けを一人で担当。先輩は同じ作業台で見守ります
・5日目：検品から仕分けまでの流れを通しで経験
覚えることは3ステップの繰り返しなので、専門知識や資格は不要です。製造現場で人を育ててきた当社ならではの丁寧な立ち上がりを用意しています。

■ 設備・環境のポイント
・冷暖房完備の室内作業で、季節や天候に左右されません
・休憩室には電子レンジ・冷蔵庫・ポットがあり、フリーWi-Fiも使えます
・個人用の鍵付きロッカーを完備
・髪色・ネイル・服装は自由。清潔感があれば普段のスタイルのままで大丈夫です

■ 神奈川県相模原市で働く
内陸工業地帯として工場や物流拠点が多く、圏央道沿いに大型施設が集まるエリアです。
JR横浜線・相模線と小田急線が利用でき、圏央道の相模原ICも近い交通の便が良い地域です。
相模原市周辺で「通勤時間を抑えて安定した正社員の仕事に就きたい」という方に、当社の検品・梱包はぴったりの選択肢です。

「難しいことはできないけれど、コツコツ続けることは得意」という方を、当社は大切にしています。まずはお気軽にご応募ください。","【当社の検品・梱包が選ばれる理由】

✅ 先輩スタッフの9割以上が未経験からのスタート
「商品を手に取る」「傷がないか見る」「箱に入れる」の3ステップが仕事の基本です。複雑な機械操作や専門用語はなく、入社初日は安全講習とオリエンテーションから始まるので、初めての正社員でも安心してスタートできます。

✅ 平日は定時、週末はしっかり休む
9:00〜18:00の固定時間制で、生活リズムが安定します。土日祝はお休みなので、家族や友人と予定を合わせやすいのも魅力です。

✅ 重い荷物はほとんどありません
扱うのは衣類・コスメ・文房具・小型雑貨など軽い商品が中心です。重量物の持ち上げや力仕事はほぼなく、身体への負担を抑えて長く続けられます。

✅ 空調完備・清潔な作業場
冷暖房がしっかり効いた室内で、季節を問わず快適に働けます。休憩室には電子レンジ・冷蔵庫・自動販売機があり、鍵付きロッカーも完備しています。

✅ 安定した雇用と福利厚生
正社員としての雇用に加え、社会保険完備、定期健康診断、資格取得支援などの制度があります。「腰を据えて働きたい」という希望に応えられる環境です。

✅ 相模原市で通いやすい勤務地
JR横浜線・相模線と小田急線が利用でき、圏央道の相模原ICも近い交通の便が良い地域です。内陸工業地帯として工場や物流拠点が多く、圏央道沿いに大型施設が集まるエリアです。

まずはカジュアル面談で、職場の雰囲気や1日の流れをお伝えします。ご応募をお待ちしています。","例外事由3号のイにより、長期キャリア形成を図るため、
35歳以下を募集しております。","【勤務時間】
★9:00~18:00
└実働8時間/休憩1時間

定時ダッシュも問題ないです✧
✧ 土日祝休み
✧ 残業月平均:6.5時間以内
✧ 残業代100%支給","✧ 完全週休2日制(土日祝休み)
✧ 年間休日125日
「土日休みはマスト!」ってあなたにも
ぴったりの職場です!

【その他休暇】
✧ 有給休暇
✧ 夏季・冬季休暇
✧ GW休暇
✧ 年末年始休暇",神奈川県 相模原市,,"月給:25万円~+交通費全額支給

※経験に応じて決定いたします。

# 昇給あり
# 賞与あり
# 残業代100%支給
# 交通費支給","・社会保険完備（雇用・労災・健康・厚生年金）
・残業手当・深夜手当・休日出勤手当（実働時間に応じて支給）
・確定拠出年金制度（企業型）
・定期健康診断・インフルエンザ予防接種費用補助
・特別休暇（慶弔休暇）
・産前産後休暇・育児休業・介護休業
・資格取得支援制度（フォークリフト・自主保全士など）
・家具家電付き社員寮制度（勤務地による・規定あり）
・制服貸与
・社員持株会
・福利厚生サービス（レジャー・飲食の優待割引、保養施設）
・団体長期障害所得補償保険（GLTD）","【最短スケジュールのイメージ】

▶ STEP1 今日：WEBから1分で応募
▶ STEP2 1〜3日後：担当者からご連絡 → カジュアル面談の日程調整
▶ STEP3 面談当日：カジュアル面談（1回のみ）→ 採用のご連絡

面談では、職場の雰囲気・1日の流れ・通勤のことなど、
気になることを何でも聞いてください。

✧ 入社日はご相談いただけます ✧
「すぐ働きたい」「少し先がいい」どちらのご希望にも対応します。",,即日勤務OK、交通費支給、残業なし,2,任意,生年月日、性別、電話番号,ntf-indeedapplicant-aaaatulx77tci2k2pr5yeqapva@shukatsu-labo.slack.com,,,利用しない,,
募集中,日本マニュファクチャリングサービス株式会社,未経験｜検品・梱包｜日本マニュファクチャリングサービス株式会社｜川崎市麻生区（神奈川県）,倉庫作業スタッフ,20～30代活躍中◎川崎市麻生区｜年間休日125日・完全週休2日の軽作業,,神奈川県 川崎市 麻生区,,,正社員,はい,月給,250000,,最低額を表示,なし,,,,,,,固定時間制,160,,厚生年金、健康保険、雇用保険、労災保険,,なし,,,,,,,,,,,,,,,,,,"勤務先は川崎市麻生区内および周辺の物流センター。扱うのは衣類・コスメ・文房具・小型雑貨など、手のひらサイズの軽い商品が中心です。
担当していただくのは、届いた商品に不備がないかを確かめ、出荷用の箱に整えて詰める「検品・梱包」の作業。
空調完備の室内で、自分のペースを保ちながら黙々と取り組める環境です。

■ ある1日のスケジュール（日勤・実働8時間）
09:00 出勤・朝礼。リーダーから本日の作業内容と注意点の共有があります
09:10 検品スタート。ハンディ端末でバーコードを読み取り、品番と数量を照合
10:30 小休憩（10分）
12:00 昼休憩（60分）。電子レンジ・冷蔵庫のある休憩室で昼食
13:00 梱包作業。緩衝材で商品を包み、ダンボールを組み立てて詰めていきます
15:00 小休憩（15分）
15:15 出荷準備。伝票シールを貼り、配送業者ごとにコンテナへ仕分け
17:45 清掃・翌日分の資材補充
18:00 退勤。土日祝はお休みで、翌日の予定も立てやすい働き方です

■ 主な作業内容
・検品：入荷した商品の外観チェック（傷・汚れ・パッケージのへこみ）と数量・品番の照合
・スキャン：バーコードリーダーで商品を読み取り、データと突き合わせます
・梱包：袋詰め、緩衝材包装、ダンボールの組み立てと箱詰め、テープ留め
・仕上げ：ラベル貼りと配送地域別の仕分け
扱うのはアパレル商品、コスメ、文房具、小型雑貨など。どれも軽く、繰り返しの中で自然と手順が身につく作業です。

■ 入社後1週間の流れ
1日目：オリエンテーション。安全ルール、勤怠の付け方、作業場の設備を案内します
2〜3日目：先輩スタッフがマンツーマンで隣につき、検品の見方と梱包の手順を実演しながら教えます
4〜5日目：シール貼りやダンボールの組み立てなど簡単な工程から一人で担当。分からないことはその場で質問できます
1週間後：検品・梱包の一連の流れをひと通り経験し、自分のペースで進められるようになります
当社は製造現場の教育に長年取り組んできた会社です。「早ければ半日、遅くとも2〜3日で一人立ち」が現場の平均的な目安ですが、慣れるまでは焦らず伴走します。

■ 働く環境について
作業場は1年を通して空調が効いており、汗だくになったり手がかじかんだりする心配はありません。
休憩室は広く、電子レンジや冷蔵庫、自動販売機が揃っています。昼休憩は各自のペースで過ごしています。
鍵付きロッカーを用意しているので、貴重品の管理も安心です。
服装や髪色は自由で、自分らしいスタイルのまま通勤できます。

■ 神奈川県川崎市麻生区で働く
丘陵地の緑豊かな住宅地で、落ち着いた環境で働きたい方に向いたエリアです。
小田急線の新百合ヶ丘駅が最寄りで、新宿方面からの通勤にも便利です。
川崎市麻生区周辺で「通勤時間を抑えて安定した正社員の仕事に就きたい」という方に、当社の検品・梱包はぴったりの選択肢です。

製造・物流の現場を支えてきた当社で、あなたのペースで一歩を踏み出してください。ご応募をお待ちしています。","【川崎市麻生区で働くならここがポイント】

✅ 資格・経験・学歴は問いません
必要なのは「丁寧に確認する姿勢」だけ。検品の見方、梱包の手順はすべて入社後にお伝えします。フォークリフトなどの資格取得を目指したい方には支援制度もあり、長く働くほど仕事の幅が広がります。

✅ 土日祝休み・年間休日125日
完全週休2日制で、カレンダー通りに休めます。夏季・冬季休暇、GW、年末年始のまとまった休みもあり、予定を立てやすい働き方です。

✅ 重い荷物はほとんどありません
扱うのは衣類・コスメ・文房具・小型雑貨など軽い商品が中心です。重量物の持ち上げや力仕事はほぼなく、身体への負担を抑えて長く続けられます。

✅ 空調完備・清潔な作業場
冷暖房がしっかり効いた室内で、季節を問わず快適に働けます。休憩室には電子レンジ・冷蔵庫・自動販売機があり、鍵付きロッカーも完備しています。

✅ 製造・物流の現場を支えてきた会社の正社員
当社は全国の製造現場で人材を育ててきた会社です。検品・梱包からスタートし、経験を積めばリーダーや別工程へのステップアップも目指せます。

✅ 川崎市麻生区で通いやすい勤務地
小田急線の新百合ヶ丘駅が最寄りで、新宿方面からの通勤にも便利です。丘陵地の緑豊かな住宅地で、落ち着いた環境で働きたい方に向いたエリアです。

「自分にもできそう」と思えたら、それがスタートの合図です。お気軽にご応募ください。","例外事由3号のイにより、長期キャリア形成を図るため、
35歳以下を募集しております。","【勤務時間】
★9:00~18:00
└実働8時間/休憩1時間

定時ダッシュも問題ないです✧
✧ 土日祝休み
✧ 残業月平均:6.5時間以内
✧ 残業代100%支給","✧ 完全週休2日制(土日祝休み)
✧ 年間休日125日
「土日休みはマスト!」ってあなたにも
ぴったりの職場です!

【その他休暇】
✧ 有給休暇
✧ 夏季・冬季休暇
✧ GW休暇
✧ 年末年始休暇",神奈川県 川崎市 麻生区,,"月給:25万円~+交通費全額支給

※経験に応じて決定いたします。

# 昇給あり
# 賞与あり
# 残業代100%支給
# 交通費支給","・社会保険完備（雇用・労災・健康・厚生年金）
・残業手当・深夜手当・休日出勤手当（実働時間に応じて支給）
・確定拠出年金制度（企業型）
・定期健康診断・インフルエンザ予防接種費用補助
・特別休暇（慶弔休暇）
・産前産後休暇・育児休業・介護休業
・資格取得支援制度（フォークリフト・自主保全士など）
・家具家電付き社員寮制度（勤務地による・規定あり）
・制服貸与
・社員持株会
・福利厚生サービス（レジャー・飲食の優待割引、保養施設）
・団体長期障害所得補償保険（GLTD）","■ 選考について ■
・カジュアル面談：1回のみ（服装自由・履歴書任意）
・応募から面談まで：WEB応募後、1〜3日以内にご連絡
・入社日：ご相談のうえ決定

■ 応募からの流れ ■
▶ STEP1 WEBから1分で応募
▶ STEP2 カジュアル面談（1回のみ）
▶ STEP3 採用

「まずは話だけ聞いてみたい」という方も、そのままご応募ください。
面談で無理に応募を勧めることはありません。",,即日勤務OK、交通費支給、残業なし,2,任意,生年月日、性別、電話番号,ntf-indeedapplicant-aaaatulx77tci2k2pr5yeqapva@shukatsu-labo.slack.com,,,利用しない,,
募集中,日本マニュファクチャリングサービス株式会社,未経験｜検品・梱包｜日本マニュファクチャリングサービス株式会社｜川崎市川崎区（神奈川県）,倉庫作業スタッフ,20～30代活躍中◎安定の正社員｜川崎市川崎区で検品・梱包を一から,,神奈川県 川崎市 川崎区,,,正社員,はい,月給,250000,,最低額を表示,なし,,,,,,,固定時間制,160,,厚生年金、健康保険、雇用保険、労災保険,,なし,,,,,,,,,,,,,,,,,,"「ものづくりの現場を支える仕事を、正社員として腰を据えて続けたい」という方へ。
川崎市川崎区内および周辺の物流センターで、商品の検品と梱包を担当するスタッフを募集します。
空調の効いた清潔な作業場で、座り作業と立ち作業を組み合わせながら無理なく進められる仕事です。

■ 入社後の1日はこんなイメージです
09:00 朝礼。体調確認と当日の出荷量の共有からスタート
09:15 午前は検品を中心に担当。商品の外観を目視で確認し、傷や汚れがあれば別置きにします
12:00 昼休憩（60分）。お弁当持参の方も、近くで買ってくる方もいます
13:00 午後は梱包を担当。袋詰め、箱詰め、テープ留めの3工程を繰り返します
15:00 小休憩（15分）。自動販売機で飲み物を買って一息
15:15 出荷分の最終チェックと仕分け。全員で協力して当日分を仕上げます
17:45 作業スペースの清掃と日報記入
18:00 定時退勤。残業は月平均6.5時間以内に収まっています

■ 扱う商品と作業の具体例
・衣類・タオルなどの布製品：ほつれや汚れがないか確認し、専用の透明袋に入れます
・コスメ・ガラス製の小物：割れやすいため、緩衝材で包んでから箱に納めます
・文房具・生活雑貨：品番と個数を納品書と照合し、まとめて袋詰めします
・出荷前の箱：伝票シールと「割れ物注意」「水濡れ厳禁」などの注意シールを所定位置に貼ります
いずれも手のひらから両手で持てる大きさの商品で、重量物の持ち上げはありません。

■ 教育・研修体制
入社初日は安全講習とオリエンテーションから始まり、いきなり現場に出ることはありません。
2日目以降は専任の先輩スタッフが隣について、検品・梱包の手順を実際にやって見せながら説明します。
最初の1週間は「見る→一緒にやる→一人でやる」の順で少しずつ担当を広げ、1週間後にはひと通りの作業を経験できるスケジュールです。
リーダーは常に作業場内にいるため、「これはどこに置くのでしたか」といった質問もすぐに解決できます。

■ 設備・環境のポイント
・冷暖房完備の室内作業で、季節や天候に左右されません
・休憩室には電子レンジ・冷蔵庫・ポットがあり、フリーWi-Fiも使えます
・個人用の鍵付きロッカーを完備
・髪色・ネイル・服装は自由。清潔感があれば普段のスタイルのままで大丈夫です

■ 川崎市川崎区の拠点ならではの一言
JR川崎駅・京急川崎駅が最寄りで、東京・横浜のどちらからも短時間で通えます。
臨海部に工場や物流倉庫が集まる川崎の中心エリアで、製造・物流の仕事が身近です。
当社は神奈川県内に複数の勤務先を持っているため、ご自宅からの通いやすさも考慮して配属先を相談できます。

「難しいことはできないけれど、コツコツ続けることは得意」という方を、当社は大切にしています。まずはお気軽にご応募ください。","【当社の検品・梱包が選ばれる理由】

✅ 資格・経験・学歴は問いません
必要なのは「丁寧に確認する姿勢」だけ。検品の見方、梱包の手順はすべて入社後にお伝えします。フォークリフトなどの資格取得を目指したい方には支援制度もあり、長く働くほど仕事の幅が広がります。

✅ 平日は定時、週末はしっかり休む
9:00〜18:00の固定時間制で、生活リズムが安定します。土日祝はお休みなので、家族や友人と予定を合わせやすいのも魅力です。

✅ 自分のペースで黙々と進められる仕事
ノルマに追われることはなく、接客もありません。「一人で集中して作業したい」「人間関係のストレスを減らしたい」という方にこそ向いている環境です。

✅ 休憩室でしっかりリフレッシュ
昼休憩60分に加えて午後に小休憩があり、集中力を保ちやすいリズムで働けます。休憩室にはポットやフリーWi-Fiもあり、お弁当派にも外食派にも便利です。

✅ 安定した雇用と福利厚生
正社員としての雇用に加え、社会保険完備、定期健康診断、資格取得支援などの制度があります。「腰を据えて働きたい」という希望に応えられる環境です。

✅ 地元川崎市川崎区で長く働く
臨海部に工場や物流倉庫が集まる川崎の中心エリアで、製造・物流の仕事が身近です。JR川崎駅・京急川崎駅が最寄りで、東京・横浜のどちらからも短時間で通えます。

「自分にもできそう」と思えたら、それがスタートの合図です。お気軽にご応募ください。","例外事由3号のイにより、長期キャリア形成を図るため、
35歳以下を募集しております。","【勤務時間】
★9:00~18:00
└実働8時間/休憩1時間

定時ダッシュも問題ないです✧
✧ 土日祝休み
✧ 残業月平均:6.5時間以内
✧ 残業代100%支給","✧ 完全週休2日制(土日祝休み)
✧ 年間休日125日
「土日休みはマスト!」ってあなたにも
ぴったりの職場です!

【その他休暇】
✧ 有給休暇
✧ 夏季・冬季休暇
✧ GW休暇
✧ 年末年始休暇",神奈川県 川崎市 川崎区,,"月給:25万円~+交通費全額支給

※経験に応じて決定いたします。

# 昇給あり
# 賞与あり
# 残業代100%支給
# 交通費支給","・社会保険完備（雇用・労災・健康・厚生年金）
・残業手当・深夜手当・休日出勤手当（実働時間に応じて支給）
・確定拠出年金制度（企業型）
・定期健康診断・インフルエンザ予防接種費用補助
・特別休暇（慶弔休暇）
・産前産後休暇・育児休業・介護休業
・資格取得支援制度（フォークリフト・自主保全士など）
・家具家電付き社員寮制度（勤務地による・規定あり）
・制服貸与
・社員持株会
・福利厚生サービス（レジャー・飲食の優待割引、保養施設）
・団体長期障害所得補償保険（GLTD）","✧ カジュアル面談実施中です ✧

応募に必要なのは人柄だけ。
まずはあなたのご希望を聞かせてください。

■ 応募からの流れ ■
▶ STEP1 WEBから1分で簡単応募
1〜3日以内に担当者からご連絡します。
▶ STEP2 カジュアル面談（1回のみ）
職場の雰囲気や1日の流れをお伝えし、ご希望を伺います。
▶ STEP3 採用

※入社日はご相談いただけます◎
在職中の方も、お気軽にご相談ください。",,即日勤務OK、交通費支給、残業なし,2,任意,生年月日、性別、電話番号,ntf-indeedapplicant-aaaatulx77tci2k2pr5yeqapva@shukatsu-labo.slack.com,,,利用しない,,
募集中,日本マニュファクチャリングサービス株式会社,未経験｜検品・梱包｜日本マニュファクチャリングサービス株式会社｜川崎市中原区（神奈川県）,倉庫作業スタッフ,20～30代活躍中◎残業ほぼなし｜川崎市中原区で腰を据えて働く検品・梱包,,神奈川県 川崎市 中原区,,,正社員,はい,月給,250000,,最低額を表示,なし,,,,,,,固定時間制,160,,厚生年金、健康保険、雇用保険、労災保険,,なし,,,,,,,,,,,,,,,,,,"神奈川県川崎市中原区エリアで、検品・梱包の正社員スタッフを募集します。
勤務先は川崎市中原区内および周辺の物流センター。商品にキズや汚れがないかを目で確かめ、数を合わせ、袋や箱に丁寧に納める作業が中心です。
1年を通して快適な温度に保たれた室内作業で、当社の先輩スタッフが隣で手順を教えます。

■ 1日の流れ（9:00〜18:00・休憩1時間）
09:00 朝礼。当日の出荷予定と担当エリアを確認し、作業台へ移動します
09:15 午前の検品。入荷した商品を納品書と照らし合わせ、外観と数量をチェック
12:00 昼休憩（60分）。休憩室でゆっくり昼食をとります
13:00 午後の梱包。検品を終えた商品を袋詰めし、サイズに合った箱に納めます
15:00 小休憩（15分）。水分補給と軽いストレッチでリフレッシュ
15:15 ラベル貼りと出荷先ごとの仕分け。台車で所定の場所へ運びます
17:40 作業台の整理整頓と翌日の準備
18:00 退勤。残業は月平均6.5時間以内で、定時に帰れる日がほとんどです

■ 扱う商品と作業の具体例
・衣類・タオルなどの布製品：ほつれや汚れがないか確認し、専用の透明袋に入れます
・コスメ・ガラス製の小物：割れやすいため、緩衝材で包んでから箱に納めます
・文房具・生活雑貨：品番と個数を納品書と照合し、まとめて袋詰めします
・出荷前の箱：伝票シールと「割れ物注意」「水濡れ厳禁」などの注意シールを所定位置に貼ります
いずれも手のひらから両手で持てる大きさの商品で、重量物の持ち上げはありません。

■ 未経験でも安心の1週間プログラム
・1日目：会社説明、安全講習、作業着の受け取り、作業場の見学
・2日目：先輩の隣で検品の実演を見学し、午後から一緒に作業
・3日目：梱包の袋詰め・箱詰めを先輩と一緒に担当
・4日目：シール貼りと仕分けを一人で担当。先輩は同じ作業台で見守ります
・5日目：検品から仕分けまでの流れを通しで経験
覚えることは3ステップの繰り返しなので、専門知識や資格は不要です。製造現場で人を育ててきた当社ならではの丁寧な立ち上がりを用意しています。

■ 職場環境
・空調完備：冷暖房が効いた清潔な室内で、夏も冬も快適に作業できます
・休憩室：電子レンジ・冷蔵庫・ポット・自動販売機を完備。お弁当持参でもゆっくり過ごせます
・ロッカー：鍵付きの個人ロッカーがあり、私物を安心して預けられます
・服装：髪色・ネイルは自由。動きやすい服装で通勤し、現場のルールに沿って作業します

■ 川崎市中原区の拠点ならではの一言
JR南武線・横須賀線と東急東横線が使える武蔵小杉駅が中心で、都心へのアクセスも良好です。
再開発で暮らしやすさが向上したエリアで、通勤と生活のバランスを取りやすい街です。
当社は神奈川県内に複数の勤務先を持っているため、ご自宅からの通いやすさも考慮して配属先を相談できます。

製造・物流の現場を支えてきた当社で、あなたのペースで一歩を踏み出してください。ご応募をお待ちしています。","【川崎市中原区で働くならここがポイント】

✅ 覚えることは少なく、教え方は丁寧に
製造現場で人を育ててきた当社では、専任の先輩がマンツーマンで隣につきます。最初はシール貼りやダンボールの組み立てといった簡単な工程から始め、1週間でひと通りの流れを経験できるプログラムを用意しています。

✅ 残業は月平均6.5時間以内
出荷量に合わせて人員を配置しているため、定時で帰れる日がほとんどです。仕事の後に予定を入れたり、家でゆっくり過ごしたりする時間をきちんと確保できます。

✅ 自分のペースで黙々と進められる仕事
ノルマに追われることはなく、接客もありません。「一人で集中して作業したい」「人間関係のストレスを減らしたい」という方にこそ向いている環境です。

✅ 休憩室でしっかりリフレッシュ
昼休憩60分に加えて午後に小休憩があり、集中力を保ちやすいリズムで働けます。休憩室にはポットやフリーWi-Fiもあり、お弁当派にも外食派にも便利です。

✅ 製造・物流の現場を支えてきた会社の正社員
当社は全国の製造現場で人材を育ててきた会社です。検品・梱包からスタートし、経験を積めばリーダーや別工程へのステップアップも目指せます。

✅ 地元川崎市中原区で長く働く
再開発で暮らしやすさが向上したエリアで、通勤と生活のバランスを取りやすい街です。JR南武線・横須賀線と東急東横線が使える武蔵小杉駅が中心で、都心へのアクセスも良好です。

まずはカジュアル面談で、職場の雰囲気や1日の流れをお伝えします。ご応募をお待ちしています。","例外事由3号のイにより、長期キャリア形成を図るため、
35歳以下を募集しております。","【勤務時間】
★9:00~18:00
└実働8時間/休憩1時間

定時ダッシュも問題ないです✧
✧ 土日祝休み
✧ 残業月平均:6.5時間以内
✧ 残業代100%支給","✧ 完全週休2日制(土日祝休み)
✧ 年間休日125日
「土日休みはマスト!」ってあなたにも
ぴったりの職場です!

【その他休暇】
✧ 有給休暇
✧ 夏季・冬季休暇
✧ GW休暇
✧ 年末年始休暇",神奈川県 川崎市 中原区,,"月給:25万円~+交通費全額支給

※経験に応じて決定いたします。

# 昇給あり
# 賞与あり
# 残業代100%支給
# 交通費支給","・社会保険完備（雇用・労災・健康・厚生年金）
・残業手当・深夜手当・休日出勤手当（実働時間に応じて支給）
・確定拠出年金制度（企業型）
・定期健康診断・インフルエンザ予防接種費用補助
・特別休暇（慶弔休暇）
・産前産後休暇・育児休業・介護休業
・資格取得支援制度（フォークリフト・自主保全士など）
・家具家電付き社員寮制度（勤務地による・規定あり）
・制服貸与
・社員持株会
・福利厚生サービス（レジャー・飲食の優待割引、保養施設）
・団体長期障害所得補償保険（GLTD）","【応募前の「気になる」にお答えします】

Q. 面接は堅苦しいですか？
A. いいえ。カジュアル面談を1回行うだけです。服装も自由、履歴書も任意です。

Q. 応募してからどのくらいで決まりますか？
A. 3ステップで進みます。
▶ STEP1 WEBから応募（1分）→ 1〜3日以内にご連絡
▶ STEP2 カジュアル面談（1回のみ）
▶ STEP3 採用

Q. すぐには入社できないのですが…
A. 入社日はご相談いただけます。今のお仕事の引き継ぎ期間なども考慮します。",,即日勤務OK、交通費支給、残業なし,2,任意,生年月日、性別、電話番号,ntf-indeedapplicant-aaaatulx77tci2k2pr5yeqapva@shukatsu-labo.slack.com,,,利用しない,,
募集中,日本マニュファクチャリングサービス株式会社,未経験｜検品・梱包｜日本マニュファクチャリングサービス株式会社｜川崎市（神奈川県）,倉庫作業スタッフ,20～30代活躍中◎定時で帰れる｜川崎市の物流センターで検品・梱包,,神奈川県 川崎市,,,正社員,はい,月給,250000,,最低額を表示,なし,,,,,,,固定時間制,160,,厚生年金、健康保険、雇用保険、労災保険,,なし,,,,,,,,,,,,,,,,,,"川崎市内および周辺の物流センターで、通販商品や生活雑貨の「検品・梱包」を担当する正社員スタッフの募集です。
冷暖房が効いた清潔な作業場で、商品をひとつずつ確認し、丁寧に箱へ納めていく落ち着いた仕事です。
製造・物流の現場を長年支えてきた当社が、未経験の方を一から育てます。

■ 入社後の1日はこんなイメージです
09:00 朝礼。体調確認と当日の出荷量の共有からスタート
09:15 午前は検品を中心に担当。商品の外観を目視で確認し、傷や汚れがあれば別置きにします
12:00 昼休憩（60分）。お弁当持参の方も、近くで買ってくる方もいます
13:00 午後は梱包を担当。袋詰め、箱詰め、テープ留めの3工程を繰り返します
15:00 小休憩（15分）。自動販売機で飲み物を買って一息
15:15 出荷分の最終チェックと仕分け。全員で協力して当日分を仕上げます
17:45 作業スペースの清掃と日報記入
18:00 定時退勤。残業は月平均6.5時間以内に収まっています

■ 作業の流れ（3ステップ）
1. 検品：商品を手に取り、傷・汚れ・数量を確認します。迷ったら「保留」の箱に入れてリーダーに確認するだけです
2. 梱包：商品に合わせて袋・緩衝材・箱を選び、動かないように納めてテープで封をします
3. 仕分け：伝票シールを貼り、配送地域ごとに分けられたコンテナへ移します
扱う商品は衣類・雑貨・コスメ・文房具などの軽いものが中心で、フォークリフトなどの機械操作はありません。

■ 未経験でも安心の1週間プログラム
・1日目：会社説明、安全講習、作業着の受け取り、作業場の見学
・2日目：先輩の隣で検品の実演を見学し、午後から一緒に作業
・3日目：梱包の袋詰め・箱詰めを先輩と一緒に担当
・4日目：シール貼りと仕分けを一人で担当。先輩は同じ作業台で見守ります
・5日目：検品から仕分けまでの流れを通しで経験
覚えることは3ステップの繰り返しなので、専門知識や資格は不要です。製造現場で人を育ててきた当社ならではの丁寧な立ち上がりを用意しています。

■ 働く環境について
作業場は1年を通して空調が効いており、汗だくになったり手がかじかんだりする心配はありません。
休憩室は広く、電子レンジや冷蔵庫、自動販売機が揃っています。昼休憩は各自のペースで過ごしています。
鍵付きロッカーを用意しているので、貴重品の管理も安心です。
服装や髪色は自由で、自分らしいスタイルのまま通勤できます。

■ 神奈川県川崎市で働く
臨海部から内陸部まで、工場や物流センターが幅広く分布する産業都市です。
JR・京急・東急・小田急など路線が多く、東京・横浜のどちらからも通いやすい地域です。
川崎市周辺で「通勤時間を抑えて安定した正社員の仕事に就きたい」という方に、当社の検品・梱包はぴったりの選択肢です。

製造・物流の現場を支えてきた当社で、あなたのペースで一歩を踏み出してください。ご応募をお待ちしています。","【当社の検品・梱包が選ばれる理由】

✅ 覚えることは少なく、教え方は丁寧に
製造現場で人を育ててきた当社では、専任の先輩がマンツーマンで隣につきます。最初はシール貼りやダンボールの組み立てといった簡単な工程から始め、1週間でひと通りの流れを経験できるプログラムを用意しています。

✅ 土日祝休み・年間休日125日
完全週休2日制で、カレンダー通りに休めます。夏季・冬季休暇、GW、年末年始のまとまった休みもあり、予定を立てやすい働き方です。

✅ 自分のペースで黙々と進められる仕事
ノルマに追われることはなく、接客もありません。「一人で集中して作業したい」「人間関係のストレスを減らしたい」という方にこそ向いている環境です。

✅ 休憩室でしっかりリフレッシュ
昼休憩60分に加えて午後に小休憩があり、集中力を保ちやすいリズムで働けます。休憩室にはポットやフリーWi-Fiもあり、お弁当派にも外食派にも便利です。

✅ 相談しやすい体制
配属先にはリーダーが常駐し、定期的な面談で困りごとを聞き取ります。作業のこと、通勤のこと、働き方のこと、何でも相談してください。

✅ 川崎市で通いやすい勤務地
JR・京急・東急・小田急など路線が多く、東京・横浜のどちらからも通いやすい地域です。臨海部から内陸部まで、工場や物流センターが幅広く分布する産業都市です。

「自分にもできそう」と思えたら、それがスタートの合図です。お気軽にご応募ください。","例外事由3号のイにより、長期キャリア形成を図るため、
35歳以下を募集しております。","【勤務時間】
★9:00~18:00
└実働8時間/休憩1時間

定時ダッシュも問題ないです✧
✧ 土日祝休み
✧ 残業月平均:6.5時間以内
✧ 残業代100%支給","✧ 完全週休2日制(土日祝休み)
✧ 年間休日125日
「土日休みはマスト!」ってあなたにも
ぴったりの職場です!

【その他休暇】
✧ 有給休暇
✧ 夏季・冬季休暇
✧ GW休暇
✧ 年末年始休暇",神奈川県 川崎市,,"月給:25万円~+交通費全額支給

※経験に応じて決定いたします。

# 昇給あり
# 賞与あり
# 残業代100%支給
# 交通費支給","・社会保険完備（雇用・労災・健康・厚生年金）
・残業手当・深夜手当・休日出勤手当（実働時間に応じて支給）
・確定拠出年金制度（企業型）
・定期健康診断・インフルエンザ予防接種費用補助
・特別休暇（慶弔休暇）
・産前産後休暇・育児休業・介護休業
・資格取得支援制度（フォークリフト・自主保全士など）
・家具家電付き社員寮制度（勤務地による・規定あり）
・制服貸与
・社員持株会
・福利厚生サービス（レジャー・飲食の優待割引、保養施設）
・団体長期障害所得補償保険（GLTD）","まずは「話を聞いてみる」だけで大丈夫です。

当社ではカジュアル面談を実施しています。
志望動機や自己PRの準備は不要。
「どんな職場？」「本当に未経験でもできる？」といった疑問に、担当者が率直にお答えします。

■ 応募から入社までの3STEP ■
▶ STEP1 WEB応募（1分）
▶ STEP2 カジュアル面談（1回のみ・1〜3日以内にご連絡）
▶ STEP3 採用・入社日のご相談

入社日は柔軟に調整できます。
「来月から」「今の仕事を辞めてから」など、ご都合をお聞かせください。",,即日勤務OK、交通費支給、残業なし,2,任意,生年月日、性別、電話番号,ntf-indeedapplicant-aaaatulx77tci2k2pr5yeqapva@shukatsu-labo.slack.com,,,利用しない,,
募集中,日本マニュファクチャリングサービス株式会社,未経験｜検品・梱包｜日本マニュファクチャリングサービス株式会社｜横浜市神奈川区（神奈川県）,倉庫作業スタッフ,20～30代活躍中◎土日祝休み・横浜市神奈川区勤務｜ものづくり企業の軽作業,,神奈川県 横浜市 神奈川区,,,正社員,はい,月給,250000,,最低額を表示,なし,,,,,,,固定時間制,160,,厚生年金、健康保険、雇用保険、労災保険,,なし,,,,,,,,,,,,,,,,,,"勤務先は横浜市神奈川区内および周辺の物流センター。扱うのは衣類・コスメ・文房具・小型雑貨など、手のひらサイズの軽い商品が中心です。
担当していただくのは、届いた商品に不備がないかを確かめ、出荷用の箱に整えて詰める「検品・梱包」の作業。
空調完備の室内で、自分のペースを保ちながら黙々と取り組める環境です。

■ 1日の流れ（9:00〜18:00・休憩1時間）
09:00 朝礼。当日の出荷予定と担当エリアを確認し、作業台へ移動します
09:15 午前の検品。入荷した商品を納品書と照らし合わせ、外観と数量をチェック
12:00 昼休憩（60分）。休憩室でゆっくり昼食をとります
13:00 午後の梱包。検品を終えた商品を袋詰めし、サイズに合った箱に納めます
15:00 小休憩（15分）。水分補給と軽いストレッチでリフレッシュ
15:15 ラベル貼りと出荷先ごとの仕分け。台車で所定の場所へ運びます
17:40 作業台の整理整頓と翌日の準備
18:00 退勤。残業は月平均6.5時間以内で、定時に帰れる日がほとんどです

■ 作業の流れ（3ステップ）
1. 検品：商品を手に取り、傷・汚れ・数量を確認します。迷ったら「保留」の箱に入れてリーダーに確認するだけです
2. 梱包：商品に合わせて袋・緩衝材・箱を選び、動かないように納めてテープで封をします
3. 仕分け：伝票シールを貼り、配送地域ごとに分けられたコンテナへ移します
扱う商品は衣類・雑貨・コスメ・文房具などの軽いものが中心で、フォークリフトなどの機械操作はありません。

■ 入社後1週間の流れ
1日目：オリエンテーション。安全ルール、勤怠の付け方、作業場の設備を案内します
2〜3日目：先輩スタッフがマンツーマンで隣につき、検品の見方と梱包の手順を実演しながら教えます
4〜5日目：シール貼りやダンボールの組み立てなど簡単な工程から一人で担当。分からないことはその場で質問できます
1週間後：検品・梱包の一連の流れをひと通り経験し、自分のペースで進められるようになります
当社は製造現場の教育に長年取り組んできた会社です。「早ければ半日、遅くとも2〜3日で一人立ち」が現場の平均的な目安ですが、慣れるまでは焦らず伴走します。

■ 職場環境
・空調完備：冷暖房が効いた清潔な室内で、夏も冬も快適に作業できます
・休憩室：電子レンジ・冷蔵庫・ポット・自動販売機を完備。お弁当持参でもゆっくり過ごせます
・ロッカー：鍵付きの個人ロッカーがあり、私物を安心して預けられます
・服装：髪色・ネイルは自由。動きやすい服装で通勤し、現場のルールに沿って作業します

■ 神奈川県横浜市神奈川区で働く
横浜駅周辺の利便性と、静かな住宅地が同居する働きやすい地域です。
JR横浜駅の隣接エリアで、京急線・東急東横線も利用でき、通勤の選択肢が豊富です。
横浜市神奈川区周辺で「通勤時間を抑えて安定した正社員の仕事に就きたい」という方に、当社の検品・梱包はぴったりの選択肢です。

「難しいことはできないけれど、コツコツ続けることは得意」という方を、当社は大切にしています。まずはお気軽にご応募ください。","【横浜市神奈川区で働くならここがポイント】

✅ 先輩スタッフの9割以上が未経験からのスタート
「商品を手に取る」「傷がないか見る」「箱に入れる」の3ステップが仕事の基本です。複雑な機械操作や専門用語はなく、入社初日は安全講習とオリエンテーションから始まるので、初めての正社員でも安心してスタートできます。

✅ 平日は定時、週末はしっかり休む
9:00〜18:00の固定時間制で、生活リズムが安定します。土日祝はお休みなので、家族や友人と予定を合わせやすいのも魅力です。

✅ 重い荷物はほとんどありません
扱うのは衣類・コスメ・文房具・小型雑貨など軽い商品が中心です。重量物の持ち上げや力仕事はほぼなく、身体への負担を抑えて長く続けられます。

✅ 休憩室でしっかりリフレッシュ
昼休憩60分に加えて午後に小休憩があり、集中力を保ちやすいリズムで働けます。休憩室にはポットやフリーWi-Fiもあり、お弁当派にも外食派にも便利です。

✅ 安定した雇用と福利厚生
正社員としての雇用に加え、社会保険完備、定期健康診断、資格取得支援などの制度があります。「腰を据えて働きたい」という希望に応えられる環境です。

✅ 横浜市神奈川区で通いやすい勤務地
JR横浜駅の隣接エリアで、京急線・東急東横線も利用でき、通勤の選択肢が豊富です。横浜駅周辺の利便性と、静かな住宅地が同居する働きやすい地域です。

まずはカジュアル面談で、職場の雰囲気や1日の流れをお伝えします。ご応募をお待ちしています。","例外事由3号のイにより、長期キャリア形成を図るため、
35歳以下を募集しております。","【勤務時間】
★9:00~18:00
└実働8時間/休憩1時間

定時ダッシュも問題ないです✧
✧ 土日祝休み
✧ 残業月平均:6.5時間以内
✧ 残業代100%支給","✧ 完全週休2日制(土日祝休み)
✧ 年間休日125日
「土日休みはマスト!」ってあなたにも
ぴったりの職場です!

【その他休暇】
✧ 有給休暇
✧ 夏季・冬季休暇
✧ GW休暇
✧ 年末年始休暇",神奈川県 横浜市 神奈川区,,"月給:25万円~+交通費全額支給

※経験に応じて決定いたします。

# 昇給あり
# 賞与あり
# 残業代100%支給
# 交通費支給","・社会保険完備（雇用・労災・健康・厚生年金）
・残業手当・深夜手当・休日出勤手当（実働時間に応じて支給）
・確定拠出年金制度（企業型）
・定期健康診断・インフルエンザ予防接種費用補助
・特別休暇（慶弔休暇）
・産前産後休暇・育児休業・介護休業
・資格取得支援制度（フォークリフト・自主保全士など）
・家具家電付き社員寮制度（勤務地による・規定あり）
・制服貸与
・社員持株会
・福利厚生サービス（レジャー・飲食の優待割引、保養施設）
・団体長期障害所得補償保険（GLTD）","【最短スケジュールのイメージ】

▶ STEP1 今日：WEBから1分で応募
▶ STEP2 1〜3日後：担当者からご連絡 → カジュアル面談の日程調整
▶ STEP3 面談当日：カジュアル面談（1回のみ）→ 採用のご連絡

面談では、職場の雰囲気・1日の流れ・通勤のことなど、
気になることを何でも聞いてください。

✧ 入社日はご相談いただけます ✧
「すぐ働きたい」「少し先がいい」どちらのご希望にも対応します。",,即日勤務OK、交通費支給、残業なし,2,任意,生年月日、性別、電話番号,ntf-indeedapplicant-aaaatulx77tci2k2pr5yeqapva@shukatsu-labo.slack.com,,,利用しない,,
募集中,日本マニュファクチャリングサービス株式会社,未経験｜検品・梱包｜日本マニュファクチャリングサービス株式会社｜横浜市栄区（神奈川県）,倉庫作業スタッフ,20～30代活躍中◎重い荷物なし｜横浜市栄区で始める検品・梱包の正社員,,神奈川県 横浜市 栄区,,,正社員,はい,月給,250000,,最低額を表示,なし,,,,,,,固定時間制,160,,厚生年金、健康保険、雇用保険、労災保険,,なし,,,,,,,,,,,,,,,,,,"「ものづくりの現場を支える仕事を、正社員として腰を据えて続けたい」という方へ。
横浜市栄区内および周辺の物流センターで、商品の検品と梱包を担当するスタッフを募集します。
空調の効いた清潔な作業場で、座り作業と立ち作業を組み合わせながら無理なく進められる仕事です。

■ ある1日のスケジュール（日勤・実働8時間）
09:00 出勤・朝礼。リーダーから本日の作業内容と注意点の共有があります
09:10 検品スタート。ハンディ端末でバーコードを読み取り、品番と数量を照合
10:30 小休憩（10分）
12:00 昼休憩（60分）。電子レンジ・冷蔵庫のある休憩室で昼食
13:00 梱包作業。緩衝材で商品を包み、ダンボールを組み立てて詰めていきます
15:00 小休憩（15分）
15:15 出荷準備。伝票シールを貼り、配送業者ごとにコンテナへ仕分け
17:45 清掃・翌日分の資材補充
18:00 退勤。土日祝はお休みで、翌日の予定も立てやすい働き方です

■ 具体的にはこんな商品を扱います
通販サイトで販売されるアパレル商品、生活雑貨、コスメ、文房具が中心です。
・シャツやタオルを畳んで透明袋へ入れる
・コスメの容器にひび割れがないかを目視で確認する
・文房具のセット品を指定の個数で袋詰めする
・箱にラベルを貼り、配送業者ごとの台車に載せる
商品は軽く、作業台の高さも調整されているため、身体への負担を抑えて続けられます。

■ 教育・研修体制
入社初日は安全講習とオリエンテーションから始まり、いきなり現場に出ることはありません。
2日目以降は専任の先輩スタッフが隣について、検品・梱包の手順を実際にやって見せながら説明します。
最初の1週間は「見る→一緒にやる→一人でやる」の順で少しずつ担当を広げ、1週間後にはひと通りの作業を経験できるスケジュールです。
リーダーは常に作業場内にいるため、「これはどこに置くのでしたか」といった質問もすぐに解決できます。

■ 働く環境について
作業場は1年を通して空調が効いており、汗だくになったり手がかじかんだりする心配はありません。
休憩室は広く、電子レンジや冷蔵庫、自動販売機が揃っています。昼休憩は各自のペースで過ごしています。
鍵付きロッカーを用意しているので、貴重品の管理も安心です。
服装や髪色は自由で、自分らしいスタイルのまま通勤できます。

■ 横浜市栄区の拠点ならではの一言
JR根岸線の本郷台駅が最寄りで、大船駅からもほど近い立地です。
緑の多い落ち着いた住宅地で、腰を据えて長く働きたい方に向いたエリアです。
当社は神奈川県内に複数の勤務先を持っているため、ご自宅からの通いやすさも考慮して配属先を相談できます。

製造・物流の現場を支えてきた当社で、あなたのペースで一歩を踏み出してください。ご応募をお待ちしています。","【当社の検品・梱包が選ばれる理由】

✅ 先輩スタッフの9割以上が未経験からのスタート
「商品を手に取る」「傷がないか見る」「箱に入れる」の3ステップが仕事の基本です。複雑な機械操作や専門用語はなく、入社初日は安全講習とオリエンテーションから始まるので、初めての正社員でも安心してスタートできます。

✅ 残業は月平均6.5時間以内
出荷量に合わせて人員を配置しているため、定時で帰れる日がほとんどです。仕事の後に予定を入れたり、家でゆっくり過ごしたりする時間をきちんと確保できます。

✅ 重い荷物はほとんどありません
扱うのは衣類・コスメ・文房具・小型雑貨など軽い商品が中心です。重量物の持ち上げや力仕事はほぼなく、身体への負担を抑えて長く続けられます。

✅ 休憩室でしっかりリフレッシュ
昼休憩60分に加えて午後に小休憩があり、集中力を保ちやすいリズムで働けます。休憩室にはポットやフリーWi-Fiもあり、お弁当派にも外食派にも便利です。

✅ 製造・物流の現場を支えてきた会社の正社員
当社は全国の製造現場で人材を育ててきた会社です。検品・梱包からスタートし、経験を積めばリーダーや別工程へのステップアップも目指せます。

✅ 横浜市栄区で通いやすい勤務地
JR根岸線の本郷台駅が最寄りで、大船駅からもほど近い立地です。緑の多い落ち着いた住宅地で、腰を据えて長く働きたい方に向いたエリアです。

「自分にもできそう」と思えたら、それがスタートの合図です。お気軽にご応募ください。","例外事由3号のイにより、長期キャリア形成を図るため、
35歳以下を募集しております。","【勤務時間】
★9:00~18:00
└実働8時間/休憩1時間

定時ダッシュも問題ないです✧
✧ 土日祝休み
✧ 残業月平均:6.5時間以内
✧ 残業代100%支給","✧ 完全週休2日制(土日祝休み)
✧ 年間休日125日
「土日休みはマスト!」ってあなたにも
ぴったりの職場です!

【その他休暇】
✧ 有給休暇
✧ 夏季・冬季休暇
✧ GW休暇
✧ 年末年始休暇",神奈川県 横浜市 栄区,,"月給:25万円~+交通費全額支給

※経験に応じて決定いたします。

# 昇給あり
# 賞与あり
# 残業代100%支給
# 交通費支給","・社会保険完備（雇用・労災・健康・厚生年金）
・残業手当・深夜手当・休日出勤手当（実働時間に応じて支給）
・確定拠出年金制度（企業型）
・定期健康診断・インフルエンザ予防接種費用補助
・特別休暇（慶弔休暇）
・産前産後休暇・育児休業・介護休業
・資格取得支援制度（フォークリフト・自主保全士など）
・家具家電付き社員寮制度（勤務地による・規定あり）
・制服貸与
・社員持株会
・福利厚生サービス（レジャー・飲食の優待割引、保養施設）
・団体長期障害所得補償保険（GLTD）","■ 選考について ■
・カジュアル面談：1回のみ（服装自由・履歴書任意）
・応募から面談まで：WEB応募後、1〜3日以内にご連絡
・入社日：ご相談のうえ決定

■ 応募からの流れ ■
▶ STEP1 WEBから1分で応募
▶ STEP2 カジュアル面談（1回のみ）
▶ STEP3 採用

「まずは話だけ聞いてみたい」という方も、そのままご応募ください。
面談で無理に応募を勧めることはありません。",,即日勤務OK、交通費支給、残業なし,2,任意,生年月日、性別、電話番号,ntf-indeedapplicant-aaaatulx77tci2k2pr5yeqapva@shukatsu-labo.slack.com,,,利用しない,,
募集中,日本マニュファクチャリングサービス株式会社,未経験｜検品・梱包｜日本マニュファクチャリングサービス株式会社｜横浜市港北区（神奈川県）,倉庫作業スタッフ,20～30代活躍中◎横浜市港北区｜先輩の9割が未経験スタートの検品・梱包,,神奈川県 横浜市 港北区,,,正社員,はい,月給,250000,,最低額を表示,なし,,,,,,,固定時間制,160,,厚生年金、健康保険、雇用保険、労災保険,,なし,,,,,,,,,,,,,,,,,,"神奈川県横浜市港北区エリアで、検品・梱包の正社員スタッフを募集します。
勤務先は横浜市港北区内および周辺の物流センター。商品にキズや汚れがないかを目で確かめ、数を合わせ、袋や箱に丁寧に納める作業が中心です。
1年を通して快適な温度に保たれた室内作業で、当社の先輩スタッフが隣で手順を教えます。

■ 入社後の1日はこんなイメージです
09:00 朝礼。体調確認と当日の出荷量の共有からスタート
09:15 午前は検品を中心に担当。商品の外観を目視で確認し、傷や汚れがあれば別置きにします
12:00 昼休憩（60分）。お弁当持参の方も、近くで買ってくる方もいます
13:00 午後は梱包を担当。袋詰め、箱詰め、テープ留めの3工程を繰り返します
15:00 小休憩（15分）。自動販売機で飲み物を買って一息
15:15 出荷分の最終チェックと仕分け。全員で協力して当日分を仕上げます
17:45 作業スペースの清掃と日報記入
18:00 定時退勤。残業は月平均6.5時間以内に収まっています

■ 主な作業内容
・検品：入荷した商品の外観チェック（傷・汚れ・パッケージのへこみ）と数量・品番の照合
・スキャン：バーコードリーダーで商品を読み取り、データと突き合わせます
・梱包：袋詰め、緩衝材包装、ダンボールの組み立てと箱詰め、テープ留め
・仕上げ：ラベル貼りと配送地域別の仕分け
扱うのはアパレル商品、コスメ、文房具、小型雑貨など。どれも軽く、繰り返しの中で自然と手順が身につく作業です。

■ 未経験でも安心の1週間プログラム
・1日目：会社説明、安全講習、作業着の受け取り、作業場の見学
・2日目：先輩の隣で検品の実演を見学し、午後から一緒に作業
・3日目：梱包の袋詰め・箱詰めを先輩と一緒に担当
・4日目：シール貼りと仕分けを一人で担当。先輩は同じ作業台で見守ります
・5日目：検品から仕分けまでの流れを通しで経験
覚えることは3ステップの繰り返しなので、専門知識や資格は不要です。製造現場で人を育ててきた当社ならではの丁寧な立ち上がりを用意しています。

■ 設備・環境のポイント
・冷暖房完備の室内作業で、季節や天候に左右されません
・休憩室には電子レンジ・冷蔵庫・ポットがあり、フリーWi-Fiも使えます
・個人用の鍵付きロッカーを完備
・髪色・ネイル・服装は自由。清潔感があれば普段のスタイルのままで大丈夫です

■ 神奈川県横浜市港北区で働く
新横浜周辺に企業の拠点が集まり、住宅地としても人気の高いエリアです。
東急東横線の日吉駅・綱島駅、市営地下鉄・JR横浜線の新横浜駅などが利用できます。
横浜市港北区周辺で「通勤時間を抑えて安定した正社員の仕事に就きたい」という方に、当社の検品・梱包はぴったりの選択肢です。

製造・物流の現場を支えてきた当社で、あなたのペースで一歩を踏み出してください。ご応募をお待ちしています。","【横浜市港北区で働くならここがポイント】

✅ 資格・経験・学歴は問いません
必要なのは「丁寧に確認する姿勢」だけ。検品の見方、梱包の手順はすべて入社後にお伝えします。フォークリフトなどの資格取得を目指したい方には支援制度もあり、長く働くほど仕事の幅が広がります。

✅ 平日は定時、週末はしっかり休む
9:00〜18:00の固定時間制で、生活リズムが安定します。土日祝はお休みなので、家族や友人と予定を合わせやすいのも魅力です。

✅ 自分のペースで黙々と進められる仕事
ノルマに追われることはなく、接客もありません。「一人で集中して作業したい」「人間関係のストレスを減らしたい」という方にこそ向いている環境です。

✅ 髪色・ネイル・服装は自由
清潔感があれば普段のスタイルのままで大丈夫です。動きやすい服装で通勤し、現場のルールに沿って作業します。

✅ 相談しやすい体制
配属先にはリーダーが常駐し、定期的な面談で困りごとを聞き取ります。作業のこと、通勤のこと、働き方のこと、何でも相談してください。

✅ 地元横浜市港北区で長く働く
新横浜周辺に企業の拠点が集まり、住宅地としても人気の高いエリアです。東急東横線の日吉駅・綱島駅、市営地下鉄・JR横浜線の新横浜駅などが利用できます。

「自分にもできそう」と思えたら、それがスタートの合図です。お気軽にご応募ください。","例外事由3号のイにより、長期キャリア形成を図るため、
35歳以下を募集しております。","【勤務時間】
★9:00~18:00
└実働8時間/休憩1時間

定時ダッシュも問題ないです✧
✧ 土日祝休み
✧ 残業月平均:6.5時間以内
✧ 残業代100%支給","✧ 完全週休2日制(土日祝休み)
✧ 年間休日125日
「土日休みはマスト!」ってあなたにも
ぴったりの職場です!

【その他休暇】
✧ 有給休暇
✧ 夏季・冬季休暇
✧ GW休暇
✧ 年末年始休暇",神奈川県 横浜市 港北区,,"月給:25万円~+交通費全額支給

※経験に応じて決定いたします。

# 昇給あり
# 賞与あり
# 残業代100%支給
# 交通費支給","・社会保険完備（雇用・労災・健康・厚生年金）
・残業手当・深夜手当・休日出勤手当（実働時間に応じて支給）
・確定拠出年金制度（企業型）
・定期健康診断・インフルエンザ予防接種費用補助
・特別休暇（慶弔休暇）
・産前産後休暇・育児休業・介護休業
・資格取得支援制度（フォークリフト・自主保全士など）
・家具家電付き社員寮制度（勤務地による・規定あり）
・制服貸与
・社員持株会
・福利厚生サービス（レジャー・飲食の優待割引、保養施設）
・団体長期障害所得補償保険（GLTD）","✧ カジュアル面談実施中です ✧

応募に必要なのは人柄だけ。
まずはあなたのご希望を聞かせてください。

■ 応募からの流れ ■
▶ STEP1 WEBから1分で簡単応募
1〜3日以内に担当者からご連絡します。
▶ STEP2 カジュアル面談（1回のみ）
職場の雰囲気や1日の流れをお伝えし、ご希望を伺います。
▶ STEP3 採用

※入社日はご相談いただけます◎
在職中の方も、お気軽にご相談ください。",,即日勤務OK、交通費支給、残業なし,2,任意,生年月日、性別、電話番号,ntf-indeedapplicant-aaaatulx77tci2k2pr5yeqapva@shukatsu-labo.slack.com,,,利用しない,,
募集中,日本マニュファクチャリングサービス株式会社,未経験｜検品・梱包｜日本マニュファクチャリングサービス株式会社｜横浜市鶴見区（神奈川県）,倉庫作業スタッフ,20～30代活躍中◎未経験から製造のプロへ｜横浜市鶴見区の検品・梱包スタッフ,,神奈川県 横浜市 鶴見区,,,正社員,はい,月給,250000,,最低額を表示,なし,,,,,,,固定時間制,160,,厚生年金、健康保険、雇用保険、労災保険,,なし,,,,,,,,,,,,,,,,,,"横浜市鶴見区内および周辺の物流センターで、通販商品や生活雑貨の「検品・梱包」を担当する正社員スタッフの募集です。
冷暖房が効いた清潔な作業場で、商品をひとつずつ確認し、丁寧に箱へ納めていく落ち着いた仕事です。
製造・物流の現場を長年支えてきた当社が、未経験の方を一から育てます。

■ ある1日のスケジュール（日勤・実働8時間）
09:00 出勤・朝礼。リーダーから本日の作業内容と注意点の共有があります
09:10 検品スタート。ハンディ端末でバーコードを読み取り、品番と数量を照合
10:30 小休憩（10分）
12:00 昼休憩（60分）。電子レンジ・冷蔵庫のある休憩室で昼食
13:00 梱包作業。緩衝材で商品を包み、ダンボールを組み立てて詰めていきます
15:00 小休憩（15分）
15:15 出荷準備。伝票シールを貼り、配送業者ごとにコンテナへ仕分け
17:45 清掃・翌日分の資材補充
18:00 退勤。土日祝はお休みで、翌日の予定も立てやすい働き方です

■ 主な作業内容
・検品：入荷した商品の外観チェック（傷・汚れ・パッケージのへこみ）と数量・品番の照合
・スキャン：バーコードリーダーで商品を読み取り、データと突き合わせます
・梱包：袋詰め、緩衝材包装、ダンボールの組み立てと箱詰め、テープ留め
・仕上げ：ラベル貼りと配送地域別の仕分け
扱うのはアパレル商品、コスメ、文房具、小型雑貨など。どれも軽く、繰り返しの中で自然と手順が身につく作業です。

■ 入社後1週間の流れ
1日目：オリエンテーション。安全ルール、勤怠の付け方、作業場の設備を案内します
2〜3日目：先輩スタッフがマンツーマンで隣につき、検品の見方と梱包の手順を実演しながら教えます
4〜5日目：シール貼りやダンボールの組み立てなど簡単な工程から一人で担当。分からないことはその場で質問できます
1週間後：検品・梱包の一連の流れをひと通り経験し、自分のペースで進められるようになります
当社は製造現場の教育に長年取り組んできた会社です。「早ければ半日、遅くとも2〜3日で一人立ち」が現場の平均的な目安ですが、慣れるまでは焦らず伴走します。

■ 働く環境について
作業場は1年を通して空調が効いており、汗だくになったり手がかじかんだりする心配はありません。
休憩室は広く、電子レンジや冷蔵庫、自動販売機が揃っています。昼休憩は各自のペースで過ごしています。
鍵付きロッカーを用意しているので、貴重品の管理も安心です。
服装や髪色は自由で、自分らしいスタイルのまま通勤できます。

■ 神奈川県横浜市鶴見区で働く
京浜工業地帯の中心エリアで、工場や物流倉庫が多く、ものづくり・物流の仕事が身近な地域です。
JR京浜東北線・鶴見線と京急線の鶴見駅・京急鶴見駅が利用できます。
横浜市鶴見区周辺で「通勤時間を抑えて安定した正社員の仕事に就きたい」という方に、当社の検品・梱包はぴったりの選択肢です。

「難しいことはできないけれど、コツコツ続けることは得意」という方を、当社は大切にしています。まずはお気軽にご応募ください。","【当社の検品・梱包が選ばれる理由】

✅ 資格・経験・学歴は問いません
必要なのは「丁寧に確認する姿勢」だけ。検品の見方、梱包の手順はすべて入社後にお伝えします。フォークリフトなどの資格取得を目指したい方には支援制度もあり、長く働くほど仕事の幅が広がります。

✅ 残業は月平均6.5時間以内
出荷量に合わせて人員を配置しているため、定時で帰れる日がほとんどです。仕事の後に予定を入れたり、家でゆっくり過ごしたりする時間をきちんと確保できます。

✅ 自分のペースで黙々と進められる仕事
ノルマに追われることはなく、接客もありません。「一人で集中して作業したい」「人間関係のストレスを減らしたい」という方にこそ向いている環境です。

✅ 髪色・ネイル・服装は自由
清潔感があれば普段のスタイルのままで大丈夫です。動きやすい服装で通勤し、現場のルールに沿って作業します。

✅ 安定した雇用と福利厚生
正社員としての雇用に加え、社会保険完備、定期健康診断、資格取得支援などの制度があります。「腰を据えて働きたい」という希望に応えられる環境です。

✅ 地元横浜市鶴見区で長く働く
京浜工業地帯の中心エリアで、工場や物流倉庫が多く、ものづくり・物流の仕事が身近な地域です。JR京浜東北線・鶴見線と京急線の鶴見駅・京急鶴見駅が利用できます。

まずはカジュアル面談で、職場の雰囲気や1日の流れをお伝えします。ご応募をお待ちしています。","例外事由3号のイにより、長期キャリア形成を図るため、
35歳以下を募集しております。","【勤務時間】
★9:00~18:00
└実働8時間/休憩1時間

定時ダッシュも問題ないです✧
✧ 土日祝休み
✧ 残業月平均:6.5時間以内
✧ 残業代100%支給","✧ 完全週休2日制(土日祝休み)
✧ 年間休日125日
「土日休みはマスト!」ってあなたにも
ぴったりの職場です!

【その他休暇】
✧ 有給休暇
✧ 夏季・冬季休暇
✧ GW休暇
✧ 年末年始休暇",神奈川県 横浜市 鶴見区,,"月給:25万円~+交通費全額支給

※経験に応じて決定いたします。

# 昇給あり
# 賞与あり
# 残業代100%支給
# 交通費支給","・社会保険完備（雇用・労災・健康・厚生年金）
・残業手当・深夜手当・休日出勤手当（実働時間に応じて支給）
・確定拠出年金制度（企業型）
・定期健康診断・インフルエンザ予防接種費用補助
・特別休暇（慶弔休暇）
・産前産後休暇・育児休業・介護休業
・資格取得支援制度（フォークリフト・自主保全士など）
・家具家電付き社員寮制度（勤務地による・規定あり）
・制服貸与
・社員持株会
・福利厚生サービス（レジャー・飲食の優待割引、保養施設）
・団体長期障害所得補償保険（GLTD）","【応募前の「気になる」にお答えします】

Q. 面接は堅苦しいですか？
A. いいえ。カジュアル面談を1回行うだけです。服装も自由、履歴書も任意です。

Q. 応募してからどのくらいで決まりますか？
A. 3ステップで進みます。
▶ STEP1 WEBから応募（1分）→ 1〜3日以内にご連絡
▶ STEP2 カジュアル面談（1回のみ）
▶ STEP3 採用

Q. すぐには入社できないのですが…
A. 入社日はご相談いただけます。今のお仕事の引き継ぎ期間なども考慮します。",,即日勤務OK、交通費支給、残業なし,2,任意,生年月日、性別、電話番号,ntf-indeedapplicant-aaaatulx77tci2k2pr5yeqapva@shukatsu-labo.slack.com,,,利用しない,,
募集中,日本マニュファクチャリングサービス株式会社,未経験｜検品・梱包｜日本マニュファクチャリングサービス株式会社｜横浜市（神奈川県）,倉庫作業スタッフ,20～30代活躍中◎横浜市｜黙々作業が好きな方に向く検品・梱包,,神奈川県 横浜市,,,正社員,はい,月給,250000,,最低額を表示,なし,,,,,,,固定時間制,160,,厚生年金、健康保険、雇用保険、労災保険,,なし,,,,,,,,,,,,,,,,,,"勤務先は横浜市内および周辺の物流センター。扱うのは衣類・コスメ・文房具・小型雑貨など、手のひらサイズの軽い商品が中心です。
担当していただくのは、届いた商品に不備がないかを確かめ、出荷用の箱に整えて詰める「検品・梱包」の作業。
空調完備の室内で、自分のペースを保ちながら黙々と取り組める環境です。

■ 入社後の1日はこんなイメージです
09:00 朝礼。体調確認と当日の出荷量の共有からスタート
09:15 午前は検品を中心に担当。商品の外観を目視で確認し、傷や汚れがあれば別置きにします
12:00 昼休憩（60分）。お弁当持参の方も、近くで買ってくる方もいます
13:00 午後は梱包を担当。袋詰め、箱詰め、テープ留めの3工程を繰り返します
15:00 小休憩（15分）。自動販売機で飲み物を買って一息
15:15 出荷分の最終チェックと仕分け。全員で協力して当日分を仕上げます
17:45 作業スペースの清掃と日報記入
18:00 定時退勤。残業は月平均6.5時間以内に収まっています

■ 扱う商品と作業の具体例
・衣類・タオルなどの布製品：ほつれや汚れがないか確認し、専用の透明袋に入れます
・コスメ・ガラス製の小物：割れやすいため、緩衝材で包んでから箱に納めます
・文房具・生活雑貨：品番と個数を納品書と照合し、まとめて袋詰めします
・出荷前の箱：伝票シールと「割れ物注意」「水濡れ厳禁」などの注意シールを所定位置に貼ります
いずれも手のひらから両手で持てる大きさの商品で、重量物の持ち上げはありません。

■ 教育・研修体制
入社初日は安全講習とオリエンテーションから始まり、いきなり現場に出ることはありません。
2日目以降は専任の先輩スタッフが隣について、検品・梱包の手順を実際にやって見せながら説明します。
最初の1週間は「見る→一緒にやる→一人でやる」の順で少しずつ担当を広げ、1週間後にはひと通りの作業を経験できるスケジュールです。
リーダーは常に作業場内にいるため、「これはどこに置くのでしたか」といった質問もすぐに解決できます。

■ 設備・環境のポイント
・冷暖房完備の室内作業で、季節や天候に左右されません
・休憩室には電子レンジ・冷蔵庫・ポットがあり、フリーWi-Fiも使えます
・個人用の鍵付きロッカーを完備
・髪色・ネイル・服装は自由。清潔感があれば普段のスタイルのままで大丈夫です

■ 横浜市の拠点ならではの一言
JR・東急・京急・相鉄・市営地下鉄など路線が豊富で、市内外どこからでも通いやすい地域です。
港湾物流が盛んな街で、輸入雑貨や日用品を扱う配送センターが数多く集まっています。
当社は神奈川県内に複数の勤務先を持っているため、ご自宅からの通いやすさも考慮して配属先を相談できます。

製造・物流の現場を支えてきた当社で、あなたのペースで一歩を踏み出してください。ご応募をお待ちしています。","【横浜市で働くならここがポイント】

✅ 覚えることは少なく、教え方は丁寧に
製造現場で人を育ててきた当社では、専任の先輩がマンツーマンで隣につきます。最初はシール貼りやダンボールの組み立てといった簡単な工程から始め、1週間でひと通りの流れを経験できるプログラムを用意しています。

✅ 土日祝休み・年間休日125日
完全週休2日制で、カレンダー通りに休めます。夏季・冬季休暇、GW、年末年始のまとまった休みもあり、予定を立てやすい働き方です。

✅ 自分のペースで黙々と進められる仕事
ノルマに追われることはなく、接客もありません。「一人で集中して作業したい」「人間関係のストレスを減らしたい」という方にこそ向いている環境です。

✅ 髪色・ネイル・服装は自由
清潔感があれば普段のスタイルのままで大丈夫です。動きやすい服装で通勤し、現場のルールに沿って作業します。

✅ 製造・物流の現場を支えてきた会社の正社員
当社は全国の製造現場で人材を育ててきた会社です。検品・梱包からスタートし、経験を積めばリーダーや別工程へのステップアップも目指せます。

✅ 地元横浜市で長く働く
港湾物流が盛んな街で、輸入雑貨や日用品を扱う配送センターが数多く集まっています。JR・東急・京急・相鉄・市営地下鉄など路線が豊富で、市内外どこからでも通いやすい地域です。

「自分にもできそう」と思えたら、それがスタートの合図です。お気軽にご応募ください。","例外事由3号のイにより、長期キャリア形成を図るため、
35歳以下を募集しております。","【勤務時間】
★9:00~18:00
└実働8時間/休憩1時間

定時ダッシュも問題ないです✧
✧ 土日祝休み
✧ 残業月平均:6.5時間以内
✧ 残業代100%支給","✧ 完全週休2日制(土日祝休み)
✧ 年間休日125日
「土日休みはマスト!」ってあなたにも
ぴったりの職場です!

【その他休暇】
✧ 有給休暇
✧ 夏季・冬季休暇
✧ GW休暇
✧ 年末年始休暇",神奈川県 横浜市,,"月給:25万円~+交通費全額支給

※経験に応じて決定いたします。

# 昇給あり
# 賞与あり
# 残業代100%支給
# 交通費支給","・社会保険完備（雇用・労災・健康・厚生年金）
・残業手当・深夜手当・休日出勤手当（実働時間に応じて支給）
・確定拠出年金制度（企業型）
・定期健康診断・インフルエンザ予防接種費用補助
・特別休暇（慶弔休暇）
・産前産後休暇・育児休業・介護休業
・資格取得支援制度（フォークリフト・自主保全士など）
・家具家電付き社員寮制度（勤務地による・規定あり）
・制服貸与
・社員持株会
・福利厚生サービス（レジャー・飲食の優待割引、保養施設）
・団体長期障害所得補償保険（GLTD）","まずは「話を聞いてみる」だけで大丈夫です。

当社ではカジュアル面談を実施しています。
志望動機や自己PRの準備は不要。
「どんな職場？」「本当に未経験でもできる？」といった疑問に、担当者が率直にお答えします。

■ 応募から入社までの3STEP ■
▶ STEP1 WEB応募（1分）
▶ STEP2 カジュアル面談（1回のみ・1〜3日以内にご連絡）
▶ STEP3 採用・入社日のご相談

入社日は柔軟に調整できます。
「来月から」「今の仕事を辞めてから」など、ご都合をお聞かせください。",,即日勤務OK、交通費支給、残業なし,2,任意,生年月日、性別、電話番号,ntf-indeedapplicant-aaaatulx77tci2k2pr5yeqapva@shukatsu-labo.slack.com,,,利用しない,,
募集中,日本マニュファクチャリングサービス株式会社,未経験｜検品・梱包｜日本マニュファクチャリングサービス株式会社｜西多摩郡瑞穂町（東京都）,倉庫作業スタッフ,20～30代活躍中◎瑞穂町｜空調完備の倉庫でコツコツ検品・梱包,,東京都 西多摩郡 瑞穂町,,,正社員,はい,月給,250000,,最低額を表示,なし,,,,,,,固定時間制,160,,厚生年金、健康保険、雇用保険、労災保険,,なし,,,,,,,,,,,,,,,,,,"「ものづくりの現場を支える仕事を、正社員として腰を据えて続けたい」という方へ。
瑞穂町内および周辺の物流センターで、商品の検品と梱包を担当するスタッフを募集します。
空調の効いた清潔な作業場で、座り作業と立ち作業を組み合わせながら無理なく進められる仕事です。

■ 1日の流れ（9:00〜18:00・休憩1時間）
09:00 朝礼。当日の出荷予定と担当エリアを確認し、作業台へ移動します
09:15 午前の検品。入荷した商品を納品書と照らし合わせ、外観と数量をチェック
12:00 昼休憩（60分）。休憩室でゆっくり昼食をとります
13:00 午後の梱包。検品を終えた商品を袋詰めし、サイズに合った箱に納めます
15:00 小休憩（15分）。水分補給と軽いストレッチでリフレッシュ
15:15 ラベル貼りと出荷先ごとの仕分け。台車で所定の場所へ運びます
17:40 作業台の整理整頓と翌日の準備
18:00 退勤。残業は月平均6.5時間以内で、定時に帰れる日がほとんどです

■ 扱う商品と作業の具体例
・衣類・タオルなどの布製品：ほつれや汚れがないか確認し、専用の透明袋に入れます
・コスメ・ガラス製の小物：割れやすいため、緩衝材で包んでから箱に納めます
・文房具・生活雑貨：品番と個数を納品書と照合し、まとめて袋詰めします
・出荷前の箱：伝票シールと「割れ物注意」「水濡れ厳禁」などの注意シールを所定位置に貼ります
いずれも手のひらから両手で持てる大きさの商品で、重量物の持ち上げはありません。

■ 未経験でも安心の1週間プログラム
・1日目：会社説明、安全講習、作業着の受け取り、作業場の見学
・2日目：先輩の隣で検品の実演を見学し、午後から一緒に作業
・3日目：梱包の袋詰め・箱詰めを先輩と一緒に担当
・4日目：シール貼りと仕分けを一人で担当。先輩は同じ作業台で見守ります
・5日目：検品から仕分けまでの流れを通しで経験
覚えることは3ステップの繰り返しなので、専門知識や資格は不要です。製造現場で人を育ててきた当社ならではの丁寧な立ち上がりを用意しています。

■ 職場環境
・空調完備：冷暖房が効いた清潔な室内で、夏も冬も快適に作業できます
・休憩室：電子レンジ・冷蔵庫・ポット・自動販売機を完備。お弁当持参でもゆっくり過ごせます
・ロッカー：鍵付きの個人ロッカーがあり、私物を安心して預けられます
・服装：髪色・ネイルは自由。動きやすい服装で通勤し、現場のルールに沿って作業します

■ 瑞穂町の拠点ならではの一言
JR八高線の箱根ケ崎駅が最寄りで、圏央道沿いのため車通勤が特に便利です。
圏央道沿線に工業団地・物流施設が集まる、西多摩の物流拠点エリアです。
当社は東京都内に複数の勤務先を持っているため、ご自宅からの通いやすさも考慮して配属先を相談できます。

「難しいことはできないけれど、コツコツ続けることは得意」という方を、当社は大切にしています。まずはお気軽にご応募ください。","【当社の検品・梱包が選ばれる理由】

✅ 覚えることは少なく、教え方は丁寧に
製造現場で人を育ててきた当社では、専任の先輩がマンツーマンで隣につきます。最初はシール貼りやダンボールの組み立てといった簡単な工程から始め、1週間でひと通りの流れを経験できるプログラムを用意しています。

✅ 平日は定時、週末はしっかり休む
9:00〜18:00の固定時間制で、生活リズムが安定します。土日祝はお休みなので、家族や友人と予定を合わせやすいのも魅力です。

✅ 重い荷物はほとんどありません
扱うのは衣類・コスメ・文房具・小型雑貨など軽い商品が中心です。重量物の持ち上げや力仕事はほぼなく、身体への負担を抑えて長く続けられます。

✅ 髪色・ネイル・服装は自由
清潔感があれば普段のスタイルのままで大丈夫です。動きやすい服装で通勤し、現場のルールに沿って作業します。

✅ 相談しやすい体制
配属先にはリーダーが常駐し、定期的な面談で困りごとを聞き取ります。作業のこと、通勤のこと、働き方のこと、何でも相談してください。

✅ 瑞穂町で通いやすい勤務地
JR八高線の箱根ケ崎駅が最寄りで、圏央道沿いのため車通勤が特に便利です。圏央道沿線に工業団地・物流施設が集まる、西多摩の物流拠点エリアです。

まずはカジュアル面談で、職場の雰囲気や1日の流れをお伝えします。ご応募をお待ちしています。","例外事由3号のイにより、長期キャリア形成を図るため、
35歳以下を募集しております。","【勤務時間】
★9:00~18:00
└実働8時間/休憩1時間

定時ダッシュも問題ないです✧
✧ 土日祝休み
✧ 残業月平均:6.5時間以内
✧ 残業代100%支給","✧ 完全週休2日制(土日祝休み)
✧ 年間休日125日
「土日休みはマスト!」ってあなたにも
ぴったりの職場です!

【その他休暇】
✧ 有給休暇
✧ 夏季・冬季休暇
✧ GW休暇
✧ 年末年始休暇",東京都 西多摩郡 瑞穂町,,"月給:25万円~+交通費全額支給

※経験に応じて決定いたします。

# 昇給あり
# 賞与あり
# 残業代100%支給
# 交通費支給","・社会保険完備（雇用・労災・健康・厚生年金）
・残業手当・深夜手当・休日出勤手当（実働時間に応じて支給）
・確定拠出年金制度（企業型）
・定期健康診断・インフルエンザ予防接種費用補助
・特別休暇（慶弔休暇）
・産前産後休暇・育児休業・介護休業
・資格取得支援制度（フォークリフト・自主保全士など）
・家具家電付き社員寮制度（勤務地による・規定あり）
・制服貸与
・社員持株会
・福利厚生サービス（レジャー・飲食の優待割引、保養施設）
・団体長期障害所得補償保険（GLTD）","【最短スケジュールのイメージ】

▶ STEP1 今日：WEBから1分で応募
▶ STEP2 1〜3日後：担当者からご連絡 → カジュアル面談の日程調整
▶ STEP3 面談当日：カジュアル面談（1回のみ）→ 採用のご連絡

面談では、職場の雰囲気・1日の流れ・通勤のことなど、
気になることを何でも聞いてください。

✧ 入社日はご相談いただけます ✧
「すぐ働きたい」「少し先がいい」どちらのご希望にも対応します。",,即日勤務OK、交通費支給、残業なし,2,任意,生年月日、性別、電話番号,ntf-indeedapplicant-aaaatulx77tci2k2pr5yeqapva@shukatsu-labo.slack.com,,,利用しない,,
募集中,日本マニュファクチャリングサービス株式会社,未経験｜検品・梱包｜日本マニュファクチャリングサービス株式会社｜あきる野市（東京都）,倉庫作業スタッフ,20～30代活躍中◎あきる野市｜マンツーマン研修で安心の検品・梱包,,東京都 あきる野市,,,正社員,はい,月給,250000,,最低額を表示,なし,,,,,,,固定時間制,160,,厚生年金、健康保険、雇用保険、労災保険,,なし,,,,,,,,,,,,,,,,,,"東京都あきる野市エリアで、検品・梱包の正社員スタッフを募集します。
勤務先はあきる野市内および周辺の物流センター。商品にキズや汚れがないかを目で確かめ、数を合わせ、袋や箱に丁寧に納める作業が中心です。
1年を通して快適な温度に保たれた室内作業で、当社の先輩スタッフが隣で手順を教えます。

■ ある1日のスケジュール（日勤・実働8時間）
09:00 出勤・朝礼。リーダーから本日の作業内容と注意点の共有があります
09:10 検品スタート。ハンディ端末でバーコードを読み取り、品番と数量を照合
10:30 小休憩（10分）
12:00 昼休憩（60分）。電子レンジ・冷蔵庫のある休憩室で昼食
13:00 梱包作業。緩衝材で商品を包み、ダンボールを組み立てて詰めていきます
15:00 小休憩（15分）
15:15 出荷準備。伝票シールを貼り、配送業者ごとにコンテナへ仕分け
17:45 清掃・翌日分の資材補充
18:00 退勤。土日祝はお休みで、翌日の予定も立てやすい働き方です

■ 作業の流れ（3ステップ）
1. 検品：商品を手に取り、傷・汚れ・数量を確認します。迷ったら「保留」の箱に入れてリーダーに確認するだけです
2. 梱包：商品に合わせて袋・緩衝材・箱を選び、動かないように納めてテープで封をします
3. 仕分け：伝票シールを貼り、配送地域ごとに分けられたコンテナへ移します
扱う商品は衣類・雑貨・コスメ・文房具などの軽いものが中心で、フォークリフトなどの機械操作はありません。

■ 未経験でも安心の1週間プログラム
・1日目：会社説明、安全講習、作業着の受け取り、作業場の見学
・2日目：先輩の隣で検品の実演を見学し、午後から一緒に作業
・3日目：梱包の袋詰め・箱詰めを先輩と一緒に担当
・4日目：シール貼りと仕分けを一人で担当。先輩は同じ作業台で見守ります
・5日目：検品から仕分けまでの流れを通しで経験
覚えることは3ステップの繰り返しなので、専門知識や資格は不要です。製造現場で人を育ててきた当社ならではの丁寧な立ち上がりを用意しています。

■ 働く環境について
作業場は1年を通して空調が効いており、汗だくになったり手がかじかんだりする心配はありません。
休憩室は広く、電子レンジや冷蔵庫、自動販売機が揃っています。昼休憩は各自のペースで過ごしています。
鍵付きロッカーを用意しているので、貴重品の管理も安心です。
服装や髪色は自由で、自分らしいスタイルのまま通勤できます。

■ 東京都あきる野市で働く
秋川渓谷など自然が身近なエリアで、休日はアウトドアを楽しむ方も多い地域です。
JR五日市線の秋川駅が最寄りで、圏央道あきる野ICからも近く車通勤にも向いています。
あきる野市周辺で「通勤時間を抑えて安定した正社員の仕事に就きたい」という方に、当社の検品・梱包はぴったりの選択肢です。

「難しいことはできないけれど、コツコツ続けることは得意」という方を、当社は大切にしています。まずはお気軽にご応募ください。","【あきる野市で働くならここがポイント】

✅ 先輩スタッフの9割以上が未経験からのスタート
「商品を手に取る」「傷がないか見る」「箱に入れる」の3ステップが仕事の基本です。複雑な機械操作や専門用語はなく、入社初日は安全講習とオリエンテーションから始まるので、初めての正社員でも安心してスタートできます。

✅ 残業は月平均6.5時間以内
出荷量に合わせて人員を配置しているため、定時で帰れる日がほとんどです。仕事の後に予定を入れたり、家でゆっくり過ごしたりする時間をきちんと確保できます。

✅ 重い荷物はほとんどありません
扱うのは衣類・コスメ・文房具・小型雑貨など軽い商品が中心です。重量物の持ち上げや力仕事はほぼなく、身体への負担を抑えて長く続けられます。

✅ 髪色・ネイル・服装は自由
清潔感があれば普段のスタイルのままで大丈夫です。動きやすい服装で通勤し、現場のルールに沿って作業します。

✅ 安定した雇用と福利厚生
正社員としての雇用に加え、社会保険完備、定期健康診断、資格取得支援などの制度があります。「腰を据えて働きたい」という希望に応えられる環境です。

✅ あきる野市で通いやすい勤務地
JR五日市線の秋川駅が最寄りで、圏央道あきる野ICからも近く車通勤にも向いています。秋川渓谷など自然が身近なエリアで、休日はアウトドアを楽しむ方も多い地域です。

「自分にもできそう」と思えたら、それがスタートの合図です。お気軽にご応募ください。","例外事由3号のイにより、長期キャリア形成を図るため、
35歳以下を募集しております。","【勤務時間】
★9:00~18:00
└実働8時間/休憩1時間

定時ダッシュも問題ないです✧
✧ 土日祝休み
✧ 残業月平均:6.5時間以内
✧ 残業代100%支給","✧ 完全週休2日制(土日祝休み)
✧ 年間休日125日
「土日休みはマスト!」ってあなたにも
ぴったりの職場です!

【その他休暇】
✧ 有給休暇
✧ 夏季・冬季休暇
✧ GW休暇
✧ 年末年始休暇",東京都 あきる野市,,"月給:25万円~+交通費全額支給

※経験に応じて決定いたします。

# 昇給あり
# 賞与あり
# 残業代100%支給
# 交通費支給","・社会保険完備（雇用・労災・健康・厚生年金）
・残業手当・深夜手当・休日出勤手当（実働時間に応じて支給）
・確定拠出年金制度（企業型）
・定期健康診断・インフルエンザ予防接種費用補助
・特別休暇（慶弔休暇）
・産前産後休暇・育児休業・介護休業
・資格取得支援制度（フォークリフト・自主保全士など）
・家具家電付き社員寮制度（勤務地による・規定あり）
・制服貸与
・社員持株会
・福利厚生サービス（レジャー・飲食の優待割引、保養施設）
・団体長期障害所得補償保険（GLTD）","■ 選考について ■
・カジュアル面談：1回のみ（服装自由・履歴書任意）
・応募から面談まで：WEB応募後、1〜3日以内にご連絡
・入社日：ご相談のうえ決定

■ 応募からの流れ ■
▶ STEP1 WEBから1分で応募
▶ STEP2 カジュアル面談（1回のみ）
▶ STEP3 採用

「まずは話だけ聞いてみたい」という方も、そのままご応募ください。
面談で無理に応募を勧めることはありません。",,即日勤務OK、交通費支給、残業なし,2,任意,生年月日、性別、電話番号,ntf-indeedapplicant-aaaatulx77tci2k2pr5yeqapva@shukatsu-labo.slack.com,,,利用しない,,
募集中,日本マニュファクチャリングサービス株式会社,未経験｜検品・梱包｜日本マニュファクチャリングサービス株式会社｜小平市（東京都）,倉庫作業スタッフ,20～30代活躍中◎小平市で正社員デビュー｜検品・梱包のシンプル作業,,東京都 小平市,,,正社員,はい,月給,250000,,最低額を表示,なし,,,,,,,固定時間制,160,,厚生年金、健康保険、雇用保険、労災保険,,なし,,,,,,,,,,,,,,,,,,"小平市内および周辺の物流センターで、通販商品や生活雑貨の「検品・梱包」を担当する正社員スタッフの募集です。
冷暖房が効いた清潔な作業場で、商品をひとつずつ確認し、丁寧に箱へ納めていく落ち着いた仕事です。
製造・物流の現場を長年支えてきた当社が、未経験の方を一から育てます。

■ 1日の流れ（9:00〜18:00・休憩1時間）
09:00 朝礼。当日の出荷予定と担当エリアを確認し、作業台へ移動します
09:15 午前の検品。入荷した商品を納品書と照らし合わせ、外観と数量をチェック
12:00 昼休憩（60分）。休憩室でゆっくり昼食をとります
13:00 午後の梱包。検品を終えた商品を袋詰めし、サイズに合った箱に納めます
15:00 小休憩（15分）。水分補給と軽いストレッチでリフレッシュ
15:15 ラベル貼りと出荷先ごとの仕分け。台車で所定の場所へ運びます
17:40 作業台の整理整頓と翌日の準備
18:00 退勤。残業は月平均6.5時間以内で、定時に帰れる日がほとんどです

■ 作業の流れ（3ステップ）
1. 検品：商品を手に取り、傷・汚れ・数量を確認します。迷ったら「保留」の箱に入れてリーダーに確認するだけです
2. 梱包：商品に合わせて袋・緩衝材・箱を選び、動かないように納めてテープで封をします
3. 仕分け：伝票シールを貼り、配送地域ごとに分けられたコンテナへ移します
扱う商品は衣類・雑貨・コスメ・文房具などの軽いものが中心で、フォークリフトなどの機械操作はありません。

■ 入社後1週間の流れ
1日目：オリエンテーション。安全ルール、勤怠の付け方、作業場の設備を案内します
2〜3日目：先輩スタッフがマンツーマンで隣につき、検品の見方と梱包の手順を実演しながら教えます
4〜5日目：シール貼りやダンボールの組み立てなど簡単な工程から一人で担当。分からないことはその場で質問できます
1週間後：検品・梱包の一連の流れをひと通り経験し、自分のペースで進められるようになります
当社は製造現場の教育に長年取り組んできた会社です。「早ければ半日、遅くとも2〜3日で一人立ち」が現場の平均的な目安ですが、慣れるまでは焦らず伴走します。

■ 職場環境
・空調完備：冷暖房が効いた清潔な室内で、夏も冬も快適に作業できます
・休憩室：電子レンジ・冷蔵庫・ポット・自動販売機を完備。お弁当持参でもゆっくり過ごせます
・ロッカー：鍵付きの個人ロッカーがあり、私物を安心して預けられます
・服装：髪色・ネイルは自由。動きやすい服装で通勤し、現場のルールに沿って作業します

■ 東京都小平市で働く
落ち着いた住宅地が広がる静かな街で、通勤の負担を抑えてコツコツ働ける地域です。
西武新宿線・拝島線・国分寺線とJR武蔵野線（新小平駅）が使え、多摩北部の各方面から通いやすい立地です。
小平市周辺で「通勤時間を抑えて安定した正社員の仕事に就きたい」という方に、当社の検品・梱包はぴったりの選択肢です。

製造・物流の現場を支えてきた当社で、あなたのペースで一歩を踏み出してください。ご応募をお待ちしています。","【当社の検品・梱包が選ばれる理由】

✅ 先輩スタッフの9割以上が未経験からのスタート
「商品を手に取る」「傷がないか見る」「箱に入れる」の3ステップが仕事の基本です。複雑な機械操作や専門用語はなく、入社初日は安全講習とオリエンテーションから始まるので、初めての正社員でも安心してスタートできます。

✅ 土日祝休み・年間休日125日
完全週休2日制で、カレンダー通りに休めます。夏季・冬季休暇、GW、年末年始のまとまった休みもあり、予定を立てやすい働き方です。

✅ 重い荷物はほとんどありません
扱うのは衣類・コスメ・文房具・小型雑貨など軽い商品が中心です。重量物の持ち上げや力仕事はほぼなく、身体への負担を抑えて長く続けられます。

✅ 髪色・ネイル・服装は自由
清潔感があれば普段のスタイルのままで大丈夫です。動きやすい服装で通勤し、現場のルールに沿って作業します。

✅ 製造・物流の現場を支えてきた会社の正社員
当社は全国の製造現場で人材を育ててきた会社です。検品・梱包からスタートし、経験を積めばリーダーや別工程へのステップアップも目指せます。

✅ 小平市で通いやすい勤務地
西武新宿線・拝島線・国分寺線とJR武蔵野線（新小平駅）が使え、多摩北部の各方面から通いやすい立地です。落ち着いた住宅地が広がる静かな街で、通勤の負担を抑えてコツコツ働ける地域です。

まずはカジュアル面談で、職場の雰囲気や1日の流れをお伝えします。ご応募をお待ちしています。","例外事由3号のイにより、長期キャリア形成を図るため、
35歳以下を募集しております。","【勤務時間】
★9:00~18:00
└実働8時間/休憩1時間

定時ダッシュも問題ないです✧
✧ 土日祝休み
✧ 残業月平均:6.5時間以内
✧ 残業代100%支給","✧ 完全週休2日制(土日祝休み)
✧ 年間休日125日
「土日休みはマスト!」ってあなたにも
ぴったりの職場です!

【その他休暇】
✧ 有給休暇
✧ 夏季・冬季休暇
✧ GW休暇
✧ 年末年始休暇",東京都 小平市,,"月給:25万円~+交通費全額支給

※経験に応じて決定いたします。

# 昇給あり
# 賞与あり
# 残業代100%支給
# 交通費支給","・社会保険完備（雇用・労災・健康・厚生年金）
・残業手当・深夜手当・休日出勤手当（実働時間に応じて支給）
・確定拠出年金制度（企業型）
・定期健康診断・インフルエンザ予防接種費用補助
・特別休暇（慶弔休暇）
・産前産後休暇・育児休業・介護休業
・資格取得支援制度（フォークリフト・自主保全士など）
・家具家電付き社員寮制度（勤務地による・規定あり）
・制服貸与
・社員持株会
・福利厚生サービス（レジャー・飲食の優待割引、保養施設）
・団体長期障害所得補償保険（GLTD）","✧ カジュアル面談実施中です ✧

応募に必要なのは人柄だけ。
まずはあなたのご希望を聞かせてください。

■ 応募からの流れ ■
▶ STEP1 WEBから1分で簡単応募
1〜3日以内に担当者からご連絡します。
▶ STEP2 カジュアル面談（1回のみ）
職場の雰囲気や1日の流れをお伝えし、ご希望を伺います。
▶ STEP3 採用

※入社日はご相談いただけます◎
在職中の方も、お気軽にご相談ください。",,即日勤務OK、交通費支給、残業なし,2,任意,生年月日、性別、電話番号,ntf-indeedapplicant-aaaatulx77tci2k2pr5yeqapva@shukatsu-labo.slack.com,,,利用しない,,
募集中,日本マニュファクチャリングサービス株式会社,未経験｜検品・梱包｜日本マニュファクチャリングサービス株式会社｜東久留米市（東京都）,倉庫作業スタッフ,20～30代活躍中◎東久留米市｜年間休日125日・完全週休2日の軽作業,,東京都 東久留米市,,,正社員,はい,月給,250000,,最低額を表示,なし,,,,,,,固定時間制,160,,厚生年金、健康保険、雇用保険、労災保険,,なし,,,,,,,,,,,,,,,,,,"勤務先は東久留米市内および周辺の物流センター。扱うのは衣類・コスメ・文房具・小型雑貨など、手のひらサイズの軽い商品が中心です。
担当していただくのは、届いた商品に不備がないかを確かめ、出荷用の箱に整えて詰める「検品・梱包」の作業。
空調完備の室内で、自分のペースを保ちながら黙々と取り組める環境です。

■ ある1日のスケジュール（日勤・実働8時間）
09:00 出勤・朝礼。リーダーから本日の作業内容と注意点の共有があります
09:10 検品スタート。ハンディ端末でバーコードを読み取り、品番と数量を照合
10:30 小休憩（10分）
12:00 昼休憩（60分）。電子レンジ・冷蔵庫のある休憩室で昼食
13:00 梱包作業。緩衝材で商品を包み、ダンボールを組み立てて詰めていきます
15:00 小休憩（15分）
15:15 出荷準備。伝票シールを貼り、配送業者ごとにコンテナへ仕分け
17:45 清掃・翌日分の資材補充
18:00 退勤。土日祝はお休みで、翌日の予定も立てやすい働き方です

■ 具体的にはこんな商品を扱います
通販サイトで販売されるアパレル商品、生活雑貨、コスメ、文房具が中心です。
・シャツやタオルを畳んで透明袋へ入れる
・コスメの容器にひび割れがないかを目視で確認する
・文房具のセット品を指定の個数で袋詰めする
・箱にラベルを貼り、配送業者ごとの台車に載せる
商品は軽く、作業台の高さも調整されているため、身体への負担を抑えて続けられます。

■ 教育・研修体制
入社初日は安全講習とオリエンテーションから始まり、いきなり現場に出ることはありません。
2日目以降は専任の先輩スタッフが隣について、検品・梱包の手順を実際にやって見せながら説明します。
最初の1週間は「見る→一緒にやる→一人でやる」の順で少しずつ担当を広げ、1週間後にはひと通りの作業を経験できるスケジュールです。
リーダーは常に作業場内にいるため、「これはどこに置くのでしたか」といった質問もすぐに解決できます。

■ 働く環境について
作業場は1年を通して空調が効いており、汗だくになったり手がかじかんだりする心配はありません。
休憩室は広く、電子レンジや冷蔵庫、自動販売機が揃っています。昼休憩は各自のペースで過ごしています。
鍵付きロッカーを用意しているので、貴重品の管理も安心です。
服装や髪色は自由で、自分らしいスタイルのまま通勤できます。

■ 東久留米市の拠点ならではの一言
西武池袋線の東久留米駅が最寄りで、池袋まで直通で30分圏内です。
湧き水や緑地が残る住みやすい街で、通勤の負担を抑えて働きたい方に向いています。
当社は東京都内に複数の勤務先を持っているため、ご自宅からの通いやすさも考慮して配属先を相談できます。

「難しいことはできないけれど、コツコツ続けることは得意」という方を、当社は大切にしています。まずはお気軽にご応募ください。","【東久留米市で働くならここがポイント】

✅ 資格・経験・学歴は問いません
必要なのは「丁寧に確認する姿勢」だけ。検品の見方、梱包の手順はすべて入社後にお伝えします。フォークリフトなどの資格取得を目指したい方には支援制度もあり、長く働くほど仕事の幅が広がります。

✅ 残業は月平均6.5時間以内
出荷量に合わせて人員を配置しているため、定時で帰れる日がほとんどです。仕事の後に予定を入れたり、家でゆっくり過ごしたりする時間をきちんと確保できます。

✅ 自分のペースで黙々と進められる仕事
ノルマに追われることはなく、接客もありません。「一人で集中して作業したい」「人間関係のストレスを減らしたい」という方にこそ向いている環境です。

✅ 空調完備・清潔な作業場
冷暖房がしっかり効いた室内で、季節を問わず快適に働けます。休憩室には電子レンジ・冷蔵庫・自動販売機があり、鍵付きロッカーも完備しています。

✅ 相談しやすい体制
配属先にはリーダーが常駐し、定期的な面談で困りごとを聞き取ります。作業のこと、通勤のこと、働き方のこと、何でも相談してください。

✅ 地元東久留米市で長く働く
湧き水や緑地が残る住みやすい街で、通勤の負担を抑えて働きたい方に向いています。西武池袋線の東久留米駅が最寄りで、池袋まで直通で30分圏内です。

まずはカジュアル面談で、職場の雰囲気や1日の流れをお伝えします。ご応募をお待ちしています。","例外事由3号のイにより、長期キャリア形成を図るため、
35歳以下を募集しております。","【勤務時間】
★9:00~18:00
└実働8時間/休憩1時間

定時ダッシュも問題ないです✧
✧ 土日祝休み
✧ 残業月平均:6.5時間以内
✧ 残業代100%支給","✧ 完全週休2日制(土日祝休み)
✧ 年間休日125日
「土日休みはマスト!」ってあなたにも
ぴったりの職場です!

【その他休暇】
✧ 有給休暇
✧ 夏季・冬季休暇
✧ GW休暇
✧ 年末年始休暇",東京都 東久留米市,,"月給:25万円~+交通費全額支給

※経験に応じて決定いたします。

# 昇給あり
# 賞与あり
# 残業代100%支給
# 交通費支給","・社会保険完備（雇用・労災・健康・厚生年金）
・残業手当・深夜手当・休日出勤手当（実働時間に応じて支給）
・確定拠出年金制度（企業型）
・定期健康診断・インフルエンザ予防接種費用補助
・特別休暇（慶弔休暇）
・産前産後休暇・育児休業・介護休業
・資格取得支援制度（フォークリフト・自主保全士など）
・家具家電付き社員寮制度（勤務地による・規定あり）
・制服貸与
・社員持株会
・福利厚生サービス（レジャー・飲食の優待割引、保養施設）
・団体長期障害所得補償保険（GLTD）","【応募前の「気になる」にお答えします】

Q. 面接は堅苦しいですか？
A. いいえ。カジュアル面談を1回行うだけです。服装も自由、履歴書も任意です。

Q. 応募してからどのくらいで決まりますか？
A. 3ステップで進みます。
▶ STEP1 WEBから応募（1分）→ 1〜3日以内にご連絡
▶ STEP2 カジュアル面談（1回のみ）
▶ STEP3 採用

Q. すぐには入社できないのですが…
A. 入社日はご相談いただけます。今のお仕事の引き継ぎ期間なども考慮します。",,即日勤務OK、交通費支給、残業なし,2,任意,生年月日、性別、電話番号,ntf-indeedapplicant-aaaatulx77tci2k2pr5yeqapva@shukatsu-labo.slack.com,,,利用しない,,
募集中,日本マニュファクチャリングサービス株式会社,未経験｜検品・梱包｜日本マニュファクチャリングサービス株式会社｜調布市（東京都）,倉庫作業スタッフ,20～30代活躍中◎安定の正社員｜調布市で検品・梱包を一から,,東京都 調布市,,,正社員,はい,月給,250000,,最低額を表示,なし,,,,,,,固定時間制,160,,厚生年金、健康保険、雇用保険、労災保険,,なし,,,,,,,,,,,,,,,,,,"「ものづくりの現場を支える仕事を、正社員として腰を据えて続けたい」という方へ。
調布市内および周辺の物流センターで、商品の検品と梱包を担当するスタッフを募集します。
空調の効いた清潔な作業場で、座り作業と立ち作業を組み合わせながら無理なく進められる仕事です。

■ 入社後の1日はこんなイメージです
09:00 朝礼。体調確認と当日の出荷量の共有からスタート
09:15 午前は検品を中心に担当。商品の外観を目視で確認し、傷や汚れがあれば別置きにします
12:00 昼休憩（60分）。お弁当持参の方も、近くで買ってくる方もいます
13:00 午後は梱包を担当。袋詰め、箱詰め、テープ留めの3工程を繰り返します
15:00 小休憩（15分）。自動販売機で飲み物を買って一息
15:15 出荷分の最終チェックと仕分け。全員で協力して当日分を仕上げます
17:45 作業スペースの清掃と日報記入
18:00 定時退勤。残業は月平均6.5時間以内に収まっています

■ 主な作業内容
・検品：入荷した商品の外観チェック（傷・汚れ・パッケージのへこみ）と数量・品番の照合
・スキャン：バーコードリーダーで商品を読み取り、データと突き合わせます
・梱包：袋詰め、緩衝材包装、ダンボールの組み立てと箱詰め、テープ留め
・仕上げ：ラベル貼りと配送地域別の仕分け
扱うのはアパレル商品、コスメ、文房具、小型雑貨など。どれも軽く、繰り返しの中で自然と手順が身につく作業です。

■ 未経験でも安心の1週間プログラム
・1日目：会社説明、安全講習、作業着の受け取り、作業場の見学
・2日目：先輩の隣で検品の実演を見学し、午後から一緒に作業
・3日目：梱包の袋詰め・箱詰めを先輩と一緒に担当
・4日目：シール貼りと仕分けを一人で担当。先輩は同じ作業台で見守ります
・5日目：検品から仕分けまでの流れを通しで経験
覚えることは3ステップの繰り返しなので、専門知識や資格は不要です。製造現場で人を育ててきた当社ならではの丁寧な立ち上がりを用意しています。

■ 設備・環境のポイント
・冷暖房完備の室内作業で、季節や天候に左右されません
・休憩室には電子レンジ・冷蔵庫・ポットがあり、フリーWi-Fiも使えます
・個人用の鍵付きロッカーを完備
・髪色・ネイル・服装は自由。清潔感があれば普段のスタイルのままで大丈夫です

■ 東京都調布市で働く
多摩川沿いの落ち着いた住環境と、都心へ約20分という利便性を兼ね備えたエリアです。
京王線の調布駅を中心に、中央道の調布ICも近く、都心方面・多摩方面のどちらからもアクセスしやすい街です。
調布市周辺で「通勤時間を抑えて安定した正社員の仕事に就きたい」という方に、当社の検品・梱包はぴったりの選択肢です。

「難しいことはできないけれど、コツコツ続けることは得意」という方を、当社は大切にしています。まずはお気軽にご応募ください。","【当社の検品・梱包が選ばれる理由】

✅ 資格・経験・学歴は問いません
必要なのは「丁寧に確認する姿勢」だけ。検品の見方、梱包の手順はすべて入社後にお伝えします。フォークリフトなどの資格取得を目指したい方には支援制度もあり、長く働くほど仕事の幅が広がります。

✅ 土日祝休み・年間休日125日
完全週休2日制で、カレンダー通りに休めます。夏季・冬季休暇、GW、年末年始のまとまった休みもあり、予定を立てやすい働き方です。

✅ 自分のペースで黙々と進められる仕事
ノルマに追われることはなく、接客もありません。「一人で集中して作業したい」「人間関係のストレスを減らしたい」という方にこそ向いている環境です。

✅ 空調完備・清潔な作業場
冷暖房がしっかり効いた室内で、季節を問わず快適に働けます。休憩室には電子レンジ・冷蔵庫・自動販売機があり、鍵付きロッカーも完備しています。

✅ 安定した雇用と福利厚生
正社員としての雇用に加え、社会保険完備、定期健康診断、資格取得支援などの制度があります。「腰を据えて働きたい」という希望に応えられる環境です。

✅ 地元調布市で長く働く
多摩川沿いの落ち着いた住環境と、都心へ約20分という利便性を兼ね備えたエリアです。京王線の調布駅を中心に、中央道の調布ICも近く、都心方面・多摩方面のどちらからもアクセスしやすい街です。

「自分にもできそう」と思えたら、それがスタートの合図です。お気軽にご応募ください。","例外事由3号のイにより、長期キャリア形成を図るため、
35歳以下を募集しております。","【勤務時間】
★9:00~18:00
└実働8時間/休憩1時間

定時ダッシュも問題ないです✧
✧ 土日祝休み
✧ 残業月平均:6.5時間以内
✧ 残業代100%支給","✧ 完全週休2日制(土日祝休み)
✧ 年間休日125日
「土日休みはマスト!」ってあなたにも
ぴったりの職場です!

【その他休暇】
✧ 有給休暇
✧ 夏季・冬季休暇
✧ GW休暇
✧ 年末年始休暇",東京都 調布市,,"月給:25万円~+交通費全額支給

※経験に応じて決定いたします。

# 昇給あり
# 賞与あり
# 残業代100%支給
# 交通費支給","・社会保険完備（雇用・労災・健康・厚生年金）
・残業手当・深夜手当・休日出勤手当（実働時間に応じて支給）
・確定拠出年金制度（企業型）
・定期健康診断・インフルエンザ予防接種費用補助
・特別休暇（慶弔休暇）
・産前産後休暇・育児休業・介護休業
・資格取得支援制度（フォークリフト・自主保全士など）
・家具家電付き社員寮制度（勤務地による・規定あり）
・制服貸与
・社員持株会
・福利厚生サービス（レジャー・飲食の優待割引、保養施設）
・団体長期障害所得補償保険（GLTD）","まずは「話を聞いてみる」だけで大丈夫です。

当社ではカジュアル面談を実施しています。
志望動機や自己PRの準備は不要。
「どんな職場？」「本当に未経験でもできる？」といった疑問に、担当者が率直にお答えします。

■ 応募から入社までの3STEP ■
▶ STEP1 WEB応募（1分）
▶ STEP2 カジュアル面談（1回のみ・1〜3日以内にご連絡）
▶ STEP3 採用・入社日のご相談

入社日は柔軟に調整できます。
「来月から」「今の仕事を辞めてから」など、ご都合をお聞かせください。",,即日勤務OK、交通費支給、残業なし,2,任意,生年月日、性別、電話番号,ntf-indeedapplicant-aaaatulx77tci2k2pr5yeqapva@shukatsu-labo.slack.com,,,利用しない,,
募集中,日本マニュファクチャリングサービス株式会社,未経験｜検品・梱包｜日本マニュファクチャリングサービス株式会社｜青梅市（東京都）,倉庫作業スタッフ,20～30代活躍中◎残業ほぼなし｜青梅市で腰を据えて働く検品・梱包,,東京都 青梅市,,,正社員,はい,月給,250000,,最低額を表示,なし,,,,,,,固定時間制,160,,厚生年金、健康保険、雇用保険、労災保険,,なし,,,,,,,,,,,,,,,,,,"東京都青梅市エリアで、検品・梱包の正社員スタッフを募集します。
勤務先は青梅市内および周辺の物流センター。商品にキズや汚れがないかを目で確かめ、数を合わせ、袋や箱に丁寧に納める作業が中心です。
1年を通して快適な温度に保たれた室内作業で、当社の先輩スタッフが隣で手順を教えます。

■ 1日の流れ（9:00〜18:00・休憩1時間）
09:00 朝礼。当日の出荷予定と担当エリアを確認し、作業台へ移動します
09:15 午前の検品。入荷した商品を納品書と照らし合わせ、外観と数量をチェック
12:00 昼休憩（60分）。休憩室でゆっくり昼食をとります
13:00 午後の梱包。検品を終えた商品を袋詰めし、サイズに合った箱に納めます
15:00 小休憩（15分）。水分補給と軽いストレッチでリフレッシュ
15:15 ラベル貼りと出荷先ごとの仕分け。台車で所定の場所へ運びます
17:40 作業台の整理整頓と翌日の準備
18:00 退勤。残業は月平均6.5時間以内で、定時に帰れる日がほとんどです

■ 主な作業内容
・検品：入荷した商品の外観チェック（傷・汚れ・パッケージのへこみ）と数量・品番の照合
・スキャン：バーコードリーダーで商品を読み取り、データと突き合わせます
・梱包：袋詰め、緩衝材包装、ダンボールの組み立てと箱詰め、テープ留め
・仕上げ：ラベル貼りと配送地域別の仕分け
扱うのはアパレル商品、コスメ、文房具、小型雑貨など。どれも軽く、繰り返しの中で自然と手順が身につく作業です。

■ 入社後1週間の流れ
1日目：オリエンテーション。安全ルール、勤怠の付け方、作業場の設備を案内します
2〜3日目：先輩スタッフがマンツーマンで隣につき、検品の見方と梱包の手順を実演しながら教えます
4〜5日目：シール貼りやダンボールの組み立てなど簡単な工程から一人で担当。分からないことはその場で質問できます
1週間後：検品・梱包の一連の流れをひと通り経験し、自分のペースで進められるようになります
当社は製造現場の教育に長年取り組んできた会社です。「早ければ半日、遅くとも2〜3日で一人立ち」が現場の平均的な目安ですが、慣れるまでは焦らず伴走します。

■ 働く環境について
作業場は1年を通して空調が効いており、汗だくになったり手がかじかんだりする心配はありません。
休憩室は広く、電子レンジや冷蔵庫、自動販売機が揃っています。昼休憩は各自のペースで過ごしています。
鍵付きロッカーを用意しているので、貴重品の管理も安心です。
服装や髪色は自由で、自分らしいスタイルのまま通勤できます。

■ 東京都青梅市で働く
圏央道の開通以降、物流拠点の進出が続いている西多摩の中核都市です。
JR青梅線が市内を横断し、圏央道の青梅ICも利用できるため、電車・車どちらの通勤にも対応しやすい地域です。
青梅市周辺で「通勤時間を抑えて安定した正社員の仕事に就きたい」という方に、当社の検品・梱包はぴったりの選択肢です。

製造・物流の現場を支えてきた当社で、あなたのペースで一歩を踏み出してください。ご応募をお待ちしています。","【青梅市で働くならここがポイント】

✅ 覚えることは少なく、教え方は丁寧に
製造現場で人を育ててきた当社では、専任の先輩がマンツーマンで隣につきます。最初はシール貼りやダンボールの組み立てといった簡単な工程から始め、1週間でひと通りの流れを経験できるプログラムを用意しています。

✅ 平日は定時、週末はしっかり休む
9:00〜18:00の固定時間制で、生活リズムが安定します。土日祝はお休みなので、家族や友人と予定を合わせやすいのも魅力です。

✅ 重い荷物はほとんどありません
扱うのは衣類・コスメ・文房具・小型雑貨など軽い商品が中心です。重量物の持ち上げや力仕事はほぼなく、身体への負担を抑えて長く続けられます。

✅ 空調完備・清潔な作業場
冷暖房がしっかり効いた室内で、季節を問わず快適に働けます。休憩室には電子レンジ・冷蔵庫・自動販売機があり、鍵付きロッカーも完備しています。

✅ 製造・物流の現場を支えてきた会社の正社員
当社は全国の製造現場で人材を育ててきた会社です。検品・梱包からスタートし、経験を積めばリーダーや別工程へのステップアップも目指せます。

✅ 地元青梅市で長く働く
圏央道の開通以降、物流拠点の進出が続いている西多摩の中核都市です。JR青梅線が市内を横断し、圏央道の青梅ICも利用できるため、電車・車どちらの通勤にも対応しやすい地域です。

まずはカジュアル面談で、職場の雰囲気や1日の流れをお伝えします。ご応募をお待ちしています。","例外事由3号のイにより、長期キャリア形成を図るため、
35歳以下を募集しております。","【勤務時間】
★9:00~18:00
└実働8時間/休憩1時間

定時ダッシュも問題ないです✧
✧ 土日祝休み
✧ 残業月平均:6.5時間以内
✧ 残業代100%支給","✧ 完全週休2日制(土日祝休み)
✧ 年間休日125日
「土日休みはマスト!」ってあなたにも
ぴったりの職場です!

【その他休暇】
✧ 有給休暇
✧ 夏季・冬季休暇
✧ GW休暇
✧ 年末年始休暇",東京都 青梅市,,"月給:25万円~+交通費全額支給

※経験に応じて決定いたします。

# 昇給あり
# 賞与あり
# 残業代100%支給
# 交通費支給","・社会保険完備（雇用・労災・健康・厚生年金）
・残業手当・深夜手当・休日出勤手当（実働時間に応じて支給）
・確定拠出年金制度（企業型）
・定期健康診断・インフルエンザ予防接種費用補助
・特別休暇（慶弔休暇）
・産前産後休暇・育児休業・介護休業
・資格取得支援制度（フォークリフト・自主保全士など）
・家具家電付き社員寮制度（勤務地による・規定あり）
・制服貸与
・社員持株会
・福利厚生サービス（レジャー・飲食の優待割引、保養施設）
・団体長期障害所得補償保険（GLTD）","【最短スケジュールのイメージ】

▶ STEP1 今日：WEBから1分で応募
▶ STEP2 1〜3日後：担当者からご連絡 → カジュアル面談の日程調整
▶ STEP3 面談当日：カジュアル面談（1回のみ）→ 採用のご連絡

面談では、職場の雰囲気・1日の流れ・通勤のことなど、
気になることを何でも聞いてください。

✧ 入社日はご相談いただけます ✧
「すぐ働きたい」「少し先がいい」どちらのご希望にも対応します。",,即日勤務OK、交通費支給、残業なし,2,任意,生年月日、性別、電話番号,ntf-indeedapplicant-aaaatulx77tci2k2pr5yeqapva@shukatsu-labo.slack.com,,,利用しない,,
募集中,日本マニュファクチャリングサービス株式会社,未経験｜検品・梱包｜日本マニュファクチャリングサービス株式会社｜羽村市（東京都）,倉庫作業スタッフ,20～30代活躍中◎定時で帰れる｜羽村市の物流センターで検品・梱包,,東京都 羽村市,,,正社員,はい,月給,250000,,最低額を表示,なし,,,,,,,固定時間制,160,,厚生年金、健康保険、雇用保険、労災保険,,なし,,,,,,,,,,,,,,,,,,"羽村市内および周辺の物流センターで、通販商品や生活雑貨の「検品・梱包」を担当する正社員スタッフの募集です。
冷暖房が効いた清潔な作業場で、商品をひとつずつ確認し、丁寧に箱へ納めていく落ち着いた仕事です。
製造・物流の現場を長年支えてきた当社が、未経験の方を一から育てます。

■ 入社後の1日はこんなイメージです
09:00 朝礼。体調確認と当日の出荷量の共有からスタート
09:15 午前は検品を中心に担当。商品の外観を目視で確認し、傷や汚れがあれば別置きにします
12:00 昼休憩（60分）。お弁当持参の方も、近くで買ってくる方もいます
13:00 午後は梱包を担当。袋詰め、箱詰め、テープ留めの3工程を繰り返します
15:00 小休憩（15分）。自動販売機で飲み物を買って一息
15:15 出荷分の最終チェックと仕分け。全員で協力して当日分を仕上げます
17:45 作業スペースの清掃と日報記入
18:00 定時退勤。残業は月平均6.5時間以内に収まっています

■ 扱う商品と作業の具体例
・衣類・タオルなどの布製品：ほつれや汚れがないか確認し、専用の透明袋に入れます
・コスメ・ガラス製の小物：割れやすいため、緩衝材で包んでから箱に納めます
・文房具・生活雑貨：品番と個数を納品書と照合し、まとめて袋詰めします
・出荷前の箱：伝票シールと「割れ物注意」「水濡れ厳禁」などの注意シールを所定位置に貼ります
いずれも手のひらから両手で持てる大きさの商品で、重量物の持ち上げはありません。

■ 教育・研修体制
入社初日は安全講習とオリエンテーションから始まり、いきなり現場に出ることはありません。
2日目以降は専任の先輩スタッフが隣について、検品・梱包の手順を実際にやって見せながら説明します。
最初の1週間は「見る→一緒にやる→一人でやる」の順で少しずつ担当を広げ、1週間後にはひと通りの作業を経験できるスケジュールです。
リーダーは常に作業場内にいるため、「これはどこに置くのでしたか」といった質問もすぐに解決できます。

■ 設備・環境のポイント
・冷暖房完備の室内作業で、季節や天候に左右されません
・休憩室には電子レンジ・冷蔵庫・ポットがあり、フリーWi-Fiも使えます
・個人用の鍵付きロッカーを完備
・髪色・ネイル・服装は自由。清潔感があれば普段のスタイルのままで大丈夫です

■ 羽村市の拠点ならではの一言
JR青梅線の羽村駅・小作駅が最寄りで、圏央道の日の出IC・青梅ICからも近く車通勤にも向いています。
大手メーカーの工場が集まる西多摩の製造拠点で、周辺に関連の物流施設も点在します。
当社は東京都内に複数の勤務先を持っているため、ご自宅からの通いやすさも考慮して配属先を相談できます。

「難しいことはできないけれど、コツコツ続けることは得意」という方を、当社は大切にしています。まずはお気軽にご応募ください。","【当社の検品・梱包が選ばれる理由】

✅ 覚えることは少なく、教え方は丁寧に
製造現場で人を育ててきた当社では、専任の先輩がマンツーマンで隣につきます。最初はシール貼りやダンボールの組み立てといった簡単な工程から始め、1週間でひと通りの流れを経験できるプログラムを用意しています。

✅ 残業は月平均6.5時間以内
出荷量に合わせて人員を配置しているため、定時で帰れる日がほとんどです。仕事の後に予定を入れたり、家でゆっくり過ごしたりする時間をきちんと確保できます。

✅ 重い荷物はほとんどありません
扱うのは衣類・コスメ・文房具・小型雑貨など軽い商品が中心です。重量物の持ち上げや力仕事はほぼなく、身体への負担を抑えて長く続けられます。

✅ 空調完備・清潔な作業場
冷暖房がしっかり効いた室内で、季節を問わず快適に働けます。休憩室には電子レンジ・冷蔵庫・自動販売機があり、鍵付きロッカーも完備しています。

✅ 相談しやすい体制
配属先にはリーダーが常駐し、定期的な面談で困りごとを聞き取ります。作業のこと、通勤のこと、働き方のこと、何でも相談してください。

✅ 羽村市で通いやすい勤務地
JR青梅線の羽村駅・小作駅が最寄りで、圏央道の日の出IC・青梅ICからも近く車通勤にも向いています。大手メーカーの工場が集まる西多摩の製造拠点で、周辺に関連の物流施設も点在します。

「自分にもできそう」と思えたら、それがスタートの合図です。お気軽にご応募ください。","例外事由3号のイにより、長期キャリア形成を図るため、
35歳以下を募集しております。","【勤務時間】
★9:00~18:00
└実働8時間/休憩1時間

定時ダッシュも問題ないです✧
✧ 土日祝休み
✧ 残業月平均:6.5時間以内
✧ 残業代100%支給","✧ 完全週休2日制(土日祝休み)
✧ 年間休日125日
「土日休みはマスト!」ってあなたにも
ぴったりの職場です!

【その他休暇】
✧ 有給休暇
✧ 夏季・冬季休暇
✧ GW休暇
✧ 年末年始休暇",東京都 羽村市,,"月給:25万円~+交通費全額支給

※経験に応じて決定いたします。

# 昇給あり
# 賞与あり
# 残業代100%支給
# 交通費支給","・社会保険完備（雇用・労災・健康・厚生年金）
・残業手当・深夜手当・休日出勤手当（実働時間に応じて支給）
・確定拠出年金制度（企業型）
・定期健康診断・インフルエンザ予防接種費用補助
・特別休暇（慶弔休暇）
・産前産後休暇・育児休業・介護休業
・資格取得支援制度（フォークリフト・自主保全士など）
・家具家電付き社員寮制度（勤務地による・規定あり）
・制服貸与
・社員持株会
・福利厚生サービス（レジャー・飲食の優待割引、保養施設）
・団体長期障害所得補償保険（GLTD）","■ 選考について ■
・カジュアル面談：1回のみ（服装自由・履歴書任意）
・応募から面談まで：WEB応募後、1〜3日以内にご連絡
・入社日：ご相談のうえ決定

■ 応募からの流れ ■
▶ STEP1 WEBから1分で応募
▶ STEP2 カジュアル面談（1回のみ）
▶ STEP3 採用

「まずは話だけ聞いてみたい」という方も、そのままご応募ください。
面談で無理に応募を勧めることはありません。",,即日勤務OK、交通費支給、残業なし,2,任意,生年月日、性別、電話番号,ntf-indeedapplicant-aaaatulx77tci2k2pr5yeqapva@shukatsu-labo.slack.com,,,利用しない,,
募集中,日本マニュファクチャリングサービス株式会社,未経験｜検品・梱包｜日本マニュファクチャリングサービス株式会社｜日野市（東京都）,倉庫作業スタッフ,20～30代活躍中◎土日祝休み・日野市勤務｜ものづくり企業の軽作業,,東京都 日野市,,,正社員,はい,月給,250000,,最低額を表示,なし,,,,,,,固定時間制,160,,厚生年金、健康保険、雇用保険、労災保険,,なし,,,,,,,,,,,,,,,,,,"勤務先は日野市内および周辺の物流センター。扱うのは衣類・コスメ・文房具・小型雑貨など、手のひらサイズの軽い商品が中心です。
担当していただくのは、届いた商品に不備がないかを確かめ、出荷用の箱に整えて詰める「検品・梱包」の作業。
空調完備の室内で、自分のペースを保ちながら黙々と取り組める環境です。

■ 1日の流れ（9:00〜18:00・休憩1時間）
09:00 朝礼。当日の出荷予定と担当エリアを確認し、作業台へ移動します
09:15 午前の検品。入荷した商品を納品書と照らし合わせ、外観と数量をチェック
12:00 昼休憩（60分）。休憩室でゆっくり昼食をとります
13:00 午後の梱包。検品を終えた商品を袋詰めし、サイズに合った箱に納めます
15:00 小休憩（15分）。水分補給と軽いストレッチでリフレッシュ
15:15 ラベル貼りと出荷先ごとの仕分け。台車で所定の場所へ運びます
17:40 作業台の整理整頓と翌日の準備
18:00 退勤。残業は月平均6.5時間以内で、定時に帰れる日がほとんどです

■ 扱う商品と作業の具体例
・衣類・タオルなどの布製品：ほつれや汚れがないか確認し、専用の透明袋に入れます
・コスメ・ガラス製の小物：割れやすいため、緩衝材で包んでから箱に納めます
・文房具・生活雑貨：品番と個数を納品書と照合し、まとめて袋詰めします
・出荷前の箱：伝票シールと「割れ物注意」「水濡れ厳禁」などの注意シールを所定位置に貼ります
いずれも手のひらから両手で持てる大きさの商品で、重量物の持ち上げはありません。

■ 未経験でも安心の1週間プログラム
・1日目：会社説明、安全講習、作業着の受け取り、作業場の見学
・2日目：先輩の隣で検品の実演を見学し、午後から一緒に作業
・3日目：梱包の袋詰め・箱詰めを先輩と一緒に担当
・4日目：シール貼りと仕分けを一人で担当。先輩は同じ作業台で見守ります
・5日目：検品から仕分けまでの流れを通しで経験
覚えることは3ステップの繰り返しなので、専門知識や資格は不要です。製造現場で人を育ててきた当社ならではの丁寧な立ち上がりを用意しています。

■ 職場環境
・空調完備：冷暖房が効いた清潔な室内で、夏も冬も快適に作業できます
・休憩室：電子レンジ・冷蔵庫・ポット・自動販売機を完備。お弁当持参でもゆっくり過ごせます
・ロッカー：鍵付きの個人ロッカーがあり、私物を安心して預けられます
・服装：髪色・ネイルは自由。動きやすい服装で通勤し、現場のルールに沿って作業します

■ 日野市の拠点ならではの一言
JR中央線の日野駅・豊田駅、京王線の高幡不動駅が利用でき、都心からも通いやすいエリアです。
製造業の工場が多く、ものづくりに携わる仲間が身近にいる地域です。
当社は東京都内に複数の勤務先を持っているため、ご自宅からの通いやすさも考慮して配属先を相談できます。

製造・物流の現場を支えてきた当社で、あなたのペースで一歩を踏み出してください。ご応募をお待ちしています。","【日野市で働くならここがポイント】

✅ 先輩スタッフの9割以上が未経験からのスタート
「商品を手に取る」「傷がないか見る」「箱に入れる」の3ステップが仕事の基本です。複雑な機械操作や専門用語はなく、入社初日は安全講習とオリエンテーションから始まるので、初めての正社員でも安心してスタートできます。

✅ 土日祝休み・年間休日125日
完全週休2日制で、カレンダー通りに休めます。夏季・冬季休暇、GW、年末年始のまとまった休みもあり、予定を立てやすい働き方です。

✅ 重い荷物はほとんどありません
扱うのは衣類・コスメ・文房具・小型雑貨など軽い商品が中心です。重量物の持ち上げや力仕事はほぼなく、身体への負担を抑えて長く続けられます。

✅ 空調完備・清潔な作業場
冷暖房がしっかり効いた室内で、季節を問わず快適に働けます。休憩室には電子レンジ・冷蔵庫・自動販売機があり、鍵付きロッカーも完備しています。

✅ 安定した雇用と福利厚生
正社員としての雇用に加え、社会保険完備、定期健康診断、資格取得支援などの制度があります。「腰を据えて働きたい」という希望に応えられる環境です。

✅ 日野市で通いやすい勤務地
JR中央線の日野駅・豊田駅、京王線の高幡不動駅が利用でき、都心からも通いやすいエリアです。製造業の工場が多く、ものづくりに携わる仲間が身近にいる地域です。

まずはカジュアル面談で、職場の雰囲気や1日の流れをお伝えします。ご応募をお待ちしています。","例外事由3号のイにより、長期キャリア形成を図るため、
35歳以下を募集しております。","【勤務時間】
★9:00~18:00
└実働8時間/休憩1時間

定時ダッシュも問題ないです✧
✧ 土日祝休み
✧ 残業月平均:6.5時間以内
✧ 残業代100%支給","✧ 完全週休2日制(土日祝休み)
✧ 年間休日125日
「土日休みはマスト!」ってあなたにも
ぴったりの職場です!

【その他休暇】
✧ 有給休暇
✧ 夏季・冬季休暇
✧ GW休暇
✧ 年末年始休暇",東京都 日野市,,"月給:25万円~+交通費全額支給

※経験に応じて決定いたします。

# 昇給あり
# 賞与あり
# 残業代100%支給
# 交通費支給","・社会保険完備（雇用・労災・健康・厚生年金）
・残業手当・深夜手当・休日出勤手当（実働時間に応じて支給）
・確定拠出年金制度（企業型）
・定期健康診断・インフルエンザ予防接種費用補助
・特別休暇（慶弔休暇）
・産前産後休暇・育児休業・介護休業
・資格取得支援制度（フォークリフト・自主保全士など）
・家具家電付き社員寮制度（勤務地による・規定あり）
・制服貸与
・社員持株会
・福利厚生サービス（レジャー・飲食の優待割引、保養施設）
・団体長期障害所得補償保険（GLTD）","✧ カジュアル面談実施中です ✧

応募に必要なのは人柄だけ。
まずはあなたのご希望を聞かせてください。

■ 応募からの流れ ■
▶ STEP1 WEBから1分で簡単応募
1〜3日以内に担当者からご連絡します。
▶ STEP2 カジュアル面談（1回のみ）
職場の雰囲気や1日の流れをお伝えし、ご希望を伺います。
▶ STEP3 採用

※入社日はご相談いただけます◎
在職中の方も、お気軽にご相談ください。",,即日勤務OK、交通費支給、残業なし,2,任意,生年月日、性別、電話番号,ntf-indeedapplicant-aaaatulx77tci2k2pr5yeqapva@shukatsu-labo.slack.com,,,利用しない,,
募集中,日本マニュファクチャリングサービス株式会社,未経験｜検品・梱包｜日本マニュファクチャリングサービス株式会社｜昭島市（東京都）,倉庫作業スタッフ,20～30代活躍中◎重い荷物なし｜昭島市で始める検品・梱包の正社員,,東京都 昭島市,,,正社員,はい,月給,250000,,最低額を表示,なし,,,,,,,固定時間制,160,,厚生年金、健康保険、雇用保険、労災保険,,なし,,,,,,,,,,,,,,,,,,"「ものづくりの現場を支える仕事を、正社員として腰を据えて続けたい」という方へ。
昭島市内および周辺の物流センターで、商品の検品と梱包を担当するスタッフを募集します。
空調の効いた清潔な作業場で、座り作業と立ち作業を組み合わせながら無理なく進められる仕事です。

■ ある1日のスケジュール（日勤・実働8時間）
09:00 出勤・朝礼。リーダーから本日の作業内容と注意点の共有があります
09:10 検品スタート。ハンディ端末でバーコードを読み取り、品番と数量を照合
10:30 小休憩（10分）
12:00 昼休憩（60分）。電子レンジ・冷蔵庫のある休憩室で昼食
13:00 梱包作業。緩衝材で商品を包み、ダンボールを組み立てて詰めていきます
15:00 小休憩（15分）
15:15 出荷準備。伝票シールを貼り、配送業者ごとにコンテナへ仕分け
17:45 清掃・翌日分の資材補充
18:00 退勤。土日祝はお休みで、翌日の予定も立てやすい働き方です

■ 作業の流れ（3ステップ）
1. 検品：商品を手に取り、傷・汚れ・数量を確認します。迷ったら「保留」の箱に入れてリーダーに確認するだけです
2. 梱包：商品に合わせて袋・緩衝材・箱を選び、動かないように納めてテープで封をします
3. 仕分け：伝票シールを貼り、配送地域ごとに分けられたコンテナへ移します
扱う商品は衣類・雑貨・コスメ・文房具などの軽いものが中心で、フォークリフトなどの機械操作はありません。

■ 未経験でも安心の1週間プログラム
・1日目：会社説明、安全講習、作業着の受け取り、作業場の見学
・2日目：先輩の隣で検品の実演を見学し、午後から一緒に作業
・3日目：梱包の袋詰め・箱詰めを先輩と一緒に担当
・4日目：シール貼りと仕分けを一人で担当。先輩は同じ作業台で見守ります
・5日目：検品から仕分けまでの流れを通しで経験
覚えることは3ステップの繰り返しなので、専門知識や資格は不要です。製造現場で人を育ててきた当社ならではの丁寧な立ち上がりを用意しています。

■ 働く環境について
作業場は1年を通して空調が効いており、汗だくになったり手がかじかんだりする心配はありません。
休憩室は広く、電子レンジや冷蔵庫、自動販売機が揃っています。昼休憩は各自のペースで過ごしています。
鍵付きロッカーを用意しているので、貴重品の管理も安心です。
服装や髪色は自由で、自分らしいスタイルのまま通勤できます。

■ 東京都昭島市で働く
住宅地と工場・配送センターがほどよく共存する、落ち着いた多摩の街です。
JR青梅線の昭島駅・拝島駅が最寄りで、立川からも一駅圏内です。
昭島市周辺で「通勤時間を抑えて安定した正社員の仕事に就きたい」という方に、当社の検品・梱包はぴったりの選択肢です。

製造・物流の現場を支えてきた当社で、あなたのペースで一歩を踏み出してください。ご応募をお待ちしています。","【当社の検品・梱包が選ばれる理由】

✅ 先輩スタッフの9割以上が未経験からのスタート
「商品を手に取る」「傷がないか見る」「箱に入れる」の3ステップが仕事の基本です。複雑な機械操作や専門用語はなく、入社初日は安全講習とオリエンテーションから始まるので、初めての正社員でも安心してスタートできます。

✅ 平日は定時、週末はしっかり休む
9:00〜18:00の固定時間制で、生活リズムが安定します。土日祝はお休みなので、家族や友人と予定を合わせやすいのも魅力です。

✅ 自分のペースで黙々と進められる仕事
ノルマに追われることはなく、接客もありません。「一人で集中して作業したい」「人間関係のストレスを減らしたい」という方にこそ向いている環境です。

✅ 休憩室でしっかりリフレッシュ
昼休憩60分に加えて午後に小休憩があり、集中力を保ちやすいリズムで働けます。休憩室にはポットやフリーWi-Fiもあり、お弁当派にも外食派にも便利です。

✅ 相談しやすい体制
配属先にはリーダーが常駐し、定期的な面談で困りごとを聞き取ります。作業のこと、通勤のこと、働き方のこと、何でも相談してください。

✅ 地元昭島市で長く働く
住宅地と工場・配送センターがほどよく共存する、落ち着いた多摩の街です。JR青梅線の昭島駅・拝島駅が最寄りで、立川からも一駅圏内です。

まずはカジュアル面談で、職場の雰囲気や1日の流れをお伝えします。ご応募をお待ちしています。","例外事由3号のイにより、長期キャリア形成を図るため、
35歳以下を募集しております。","【勤務時間】
★9:00~18:00
└実働8時間/休憩1時間

定時ダッシュも問題ないです✧
✧ 土日祝休み
✧ 残業月平均:6.5時間以内
✧ 残業代100%支給","✧ 完全週休2日制(土日祝休み)
✧ 年間休日125日
「土日休みはマスト!」ってあなたにも
ぴったりの職場です!

【その他休暇】
✧ 有給休暇
✧ 夏季・冬季休暇
✧ GW休暇
✧ 年末年始休暇",東京都 昭島市,,"月給:25万円~+交通費全額支給

※経験に応じて決定いたします。

# 昇給あり
# 賞与あり
# 残業代100%支給
# 交通費支給","・社会保険完備（雇用・労災・健康・厚生年金）
・残業手当・深夜手当・休日出勤手当（実働時間に応じて支給）
・確定拠出年金制度（企業型）
・定期健康診断・インフルエンザ予防接種費用補助
・特別休暇（慶弔休暇）
・産前産後休暇・育児休業・介護休業
・資格取得支援制度（フォークリフト・自主保全士など）
・家具家電付き社員寮制度（勤務地による・規定あり）
・制服貸与
・社員持株会
・福利厚生サービス（レジャー・飲食の優待割引、保養施設）
・団体長期障害所得補償保険（GLTD）","【応募前の「気になる」にお答えします】

Q. 面接は堅苦しいですか？
A. いいえ。カジュアル面談を1回行うだけです。服装も自由、履歴書も任意です。

Q. 応募してからどのくらいで決まりますか？
A. 3ステップで進みます。
▶ STEP1 WEBから応募（1分）→ 1〜3日以内にご連絡
▶ STEP2 カジュアル面談（1回のみ）
▶ STEP3 採用

Q. すぐには入社できないのですが…
A. 入社日はご相談いただけます。今のお仕事の引き継ぎ期間なども考慮します。",,即日勤務OK、交通費支給、残業なし,2,任意,生年月日、性別、電話番号,ntf-indeedapplicant-aaaatulx77tci2k2pr5yeqapva@shukatsu-labo.slack.com,,,利用しない,,
募集中,日本マニュファクチャリングサービス株式会社,未経験｜検品・梱包｜日本マニュファクチャリングサービス株式会社｜八王子市（東京都）,倉庫作業スタッフ,20～30代活躍中◎八王子市｜先輩の9割が未経験スタートの検品・梱包,,東京都 八王子市,,,正社員,はい,月給,250000,,最低額を表示,なし,,,,,,,固定時間制,160,,厚生年金、健康保険、雇用保険、労災保険,,なし,,,,,,,,,,,,,,,,,,"東京都八王子市エリアで、検品・梱包の正社員スタッフを募集します。
勤務先は八王子市内および周辺の物流センター。商品にキズや汚れがないかを目で確かめ、数を合わせ、袋や箱に丁寧に納める作業が中心です。
1年を通して快適な温度に保たれた室内作業で、当社の先輩スタッフが隣で手順を教えます。

■ 入社後の1日はこんなイメージです
09:00 朝礼。体調確認と当日の出荷量の共有からスタート
09:15 午前は検品を中心に担当。商品の外観を目視で確認し、傷や汚れがあれば別置きにします
12:00 昼休憩（60分）。お弁当持参の方も、近くで買ってくる方もいます
13:00 午後は梱包を担当。袋詰め、箱詰め、テープ留めの3工程を繰り返します
15:00 小休憩（15分）。自動販売機で飲み物を買って一息
15:15 出荷分の最終チェックと仕分け。全員で協力して当日分を仕上げます
17:45 作業スペースの清掃と日報記入
18:00 定時退勤。残業は月平均6.5時間以内に収まっています

■ 具体的にはこんな商品を扱います
通販サイトで販売されるアパレル商品、生活雑貨、コスメ、文房具が中心です。
・シャツやタオルを畳んで透明袋へ入れる
・コスメの容器にひび割れがないかを目視で確認する
・文房具のセット品を指定の個数で袋詰めする
・箱にラベルを貼り、配送業者ごとの台車に載せる
商品は軽く、作業台の高さも調整されているため、身体への負担を抑えて続けられます。

■ 入社後1週間の流れ
1日目：オリエンテーション。安全ルール、勤怠の付け方、作業場の設備を案内します
2〜3日目：先輩スタッフがマンツーマンで隣につき、検品の見方と梱包の手順を実演しながら教えます
4〜5日目：シール貼りやダンボールの組み立てなど簡単な工程から一人で担当。分からないことはその場で質問できます
1週間後：検品・梱包の一連の流れをひと通り経験し、自分のペースで進められるようになります
当社は製造現場の教育に長年取り組んできた会社です。「早ければ半日、遅くとも2〜3日で一人立ち」が現場の平均的な目安ですが、慣れるまでは焦らず伴走します。

■ 職場環境
・空調完備：冷暖房が効いた清潔な室内で、夏も冬も快適に作業できます
・休憩室：電子レンジ・冷蔵庫・ポット・自動販売機を完備。お弁当持参でもゆっくり過ごせます
・ロッカー：鍵付きの個人ロッカーがあり、私物を安心して預けられます
・服装：髪色・ネイルは自由。動きやすい服装で通勤し、現場のルールに沿って作業します

■ 東京都八王子市で働く
多摩地区最大の都市で、郊外の工業団地や圏央道沿いに物流施設が多く立地しています。
JR中央線・横浜線・八高線と京王線が乗り入れ、多摩エリア各方面から通勤しやすい交通の要所です。
八王子市周辺で「通勤時間を抑えて安定した正社員の仕事に就きたい」という方に、当社の検品・梱包はぴったりの選択肢です。

「難しいことはできないけれど、コツコツ続けることは得意」という方を、当社は大切にしています。まずはお気軽にご応募ください。","【八王子市で働くならここがポイント】

✅ 資格・経験・学歴は問いません
必要なのは「丁寧に確認する姿勢」だけ。検品の見方、梱包の手順はすべて入社後にお伝えします。フォークリフトなどの資格取得を目指したい方には支援制度もあり、長く働くほど仕事の幅が広がります。

✅ 土日祝休み・年間休日125日
完全週休2日制で、カレンダー通りに休めます。夏季・冬季休暇、GW、年末年始のまとまった休みもあり、予定を立てやすい働き方です。

✅ 自分のペースで黙々と進められる仕事
ノルマに追われることはなく、接客もありません。「一人で集中して作業したい」「人間関係のストレスを減らしたい」という方にこそ向いている環境です。

✅ 休憩室でしっかりリフレッシュ
昼休憩60分に加えて午後に小休憩があり、集中力を保ちやすいリズムで働けます。休憩室にはポットやフリーWi-Fiもあり、お弁当派にも外食派にも便利です。

✅ 安定した雇用と福利厚生
正社員としての雇用に加え、社会保険完備、定期健康診断、資格取得支援などの制度があります。「腰を据えて働きたい」という希望に応えられる環境です。

✅ 地元八王子市で長く働く
多摩地区最大の都市で、郊外の工業団地や圏央道沿いに物流施設が多く立地しています。JR中央線・横浜線・八高線と京王線が乗り入れ、多摩エリア各方面から通勤しやすい交通の要所です。

「自分にもできそう」と思えたら、それがスタートの合図です。お気軽にご応募ください。","例外事由3号のイにより、長期キャリア形成を図るため、
35歳以下を募集しております。","【勤務時間】
★9:00~18:00
└実働8時間/休憩1時間

定時ダッシュも問題ないです✧
✧ 土日祝休み
✧ 残業月平均:6.5時間以内
✧ 残業代100%支給","✧ 完全週休2日制(土日祝休み)
✧ 年間休日125日
「土日休みはマスト!」ってあなたにも
ぴったりの職場です!

【その他休暇】
✧ 有給休暇
✧ 夏季・冬季休暇
✧ GW休暇
✧ 年末年始休暇",東京都 八王子市,,"月給:25万円~+交通費全額支給

※経験に応じて決定いたします。

# 昇給あり
# 賞与あり
# 残業代100%支給
# 交通費支給","・社会保険完備（雇用・労災・健康・厚生年金）
・残業手当・深夜手当・休日出勤手当（実働時間に応じて支給）
・確定拠出年金制度（企業型）
・定期健康診断・インフルエンザ予防接種費用補助
・特別休暇（慶弔休暇）
・産前産後休暇・育児休業・介護休業
・資格取得支援制度（フォークリフト・自主保全士など）
・家具家電付き社員寮制度（勤務地による・規定あり）
・制服貸与
・社員持株会
・福利厚生サービス（レジャー・飲食の優待割引、保養施設）
・団体長期障害所得補償保険（GLTD）","まずは「話を聞いてみる」だけで大丈夫です。

当社ではカジュアル面談を実施しています。
志望動機や自己PRの準備は不要。
「どんな職場？」「本当に未経験でもできる？」といった疑問に、担当者が率直にお答えします。

■ 応募から入社までの3STEP ■
▶ STEP1 WEB応募（1分）
▶ STEP2 カジュアル面談（1回のみ・1〜3日以内にご連絡）
▶ STEP3 採用・入社日のご相談

入社日は柔軟に調整できます。
「来月から」「今の仕事を辞めてから」など、ご都合をお聞かせください。",,即日勤務OK、交通費支給、残業なし,2,任意,生年月日、性別、電話番号,ntf-indeedapplicant-aaaatulx77tci2k2pr5yeqapva@shukatsu-labo.slack.com,,,利用しない,,
募集中,日本マニュファクチャリングサービス株式会社,未経験｜検品・梱包｜日本マニュファクチャリングサービス株式会社｜大田区（東京都）,倉庫作業スタッフ,20～30代活躍中◎未経験から製造のプロへ｜大田区の検品・梱包スタッフ,,東京都 大田区,,,正社員,はい,月給,250000,,最低額を表示,なし,,,,,,,固定時間制,160,,厚生年金、健康保険、雇用保険、労災保険,,なし,,,,,,,,,,,,,,,,,,"大田区内および周辺の物流センターで、通販商品や生活雑貨の「検品・梱包」を担当する正社員スタッフの募集です。
冷暖房が効いた清潔な作業場で、商品をひとつずつ確認し、丁寧に箱へ納めていく落ち着いた仕事です。
製造・物流の現場を長年支えてきた当社が、未経験の方を一から育てます。

■ ある1日のスケジュール（日勤・実働8時間）
09:00 出勤・朝礼。リーダーから本日の作業内容と注意点の共有があります
09:10 検品スタート。ハンディ端末でバーコードを読み取り、品番と数量を照合
10:30 小休憩（10分）
12:00 昼休憩（60分）。電子レンジ・冷蔵庫のある休憩室で昼食
13:00 梱包作業。緩衝材で商品を包み、ダンボールを組み立てて詰めていきます
15:00 小休憩（15分）
15:15 出荷準備。伝票シールを貼り、配送業者ごとにコンテナへ仕分け
17:45 清掃・翌日分の資材補充
18:00 退勤。土日祝はお休みで、翌日の予定も立てやすい働き方です

■ 具体的にはこんな商品を扱います
通販サイトで販売されるアパレル商品、生活雑貨、コスメ、文房具が中心です。
・シャツやタオルを畳んで透明袋へ入れる
・コスメの容器にひび割れがないかを目視で確認する
・文房具のセット品を指定の個数で袋詰めする
・箱にラベルを貼り、配送業者ごとの台車に載せる
商品は軽く、作業台の高さも調整されているため、身体への負担を抑えて続けられます。

■ 教育・研修体制
入社初日は安全講習とオリエンテーションから始まり、いきなり現場に出ることはありません。
2日目以降は専任の先輩スタッフが隣について、検品・梱包の手順を実際にやって見せながら説明します。
最初の1週間は「見る→一緒にやる→一人でやる」の順で少しずつ担当を広げ、1週間後にはひと通りの作業を経験できるスケジュールです。
リーダーは常に作業場内にいるため、「これはどこに置くのでしたか」といった質問もすぐに解決できます。

■ 働く環境について
作業場は1年を通して空調が効いており、汗だくになったり手がかじかんだりする心配はありません。
休憩室は広く、電子レンジや冷蔵庫、自動販売機が揃っています。昼休憩は各自のペースで過ごしています。
鍵付きロッカーを用意しているので、貴重品の管理も安心です。
服装や髪色は自由で、自分らしいスタイルのまま通勤できます。

■ 大田区の拠点ならではの一言
JR京浜東北線・京急線・東京モノレールが使え、羽田空港や京浜島方面へのバス路線も充実しています。
東京湾岸の物流集積地で、空港貨物や生活雑貨の配送センターが数多く集まるエリアです。
当社は東京都内に複数の勤務先を持っているため、ご自宅からの通いやすさも考慮して配属先を相談できます。

製造・物流の現場を支えてきた当社で、あなたのペースで一歩を踏み出してください。ご応募をお待ちしています。","【当社の検品・梱包が選ばれる理由】

✅ 資格・経験・学歴は問いません
必要なのは「丁寧に確認する姿勢」だけ。検品の見方、梱包の手順はすべて入社後にお伝えします。フォークリフトなどの資格取得を目指したい方には支援制度もあり、長く働くほど仕事の幅が広がります。

✅ 平日は定時、週末はしっかり休む
9:00〜18:00の固定時間制で、生活リズムが安定します。土日祝はお休みなので、家族や友人と予定を合わせやすいのも魅力です。

✅ 重い荷物はほとんどありません
扱うのは衣類・コスメ・文房具・小型雑貨など軽い商品が中心です。重量物の持ち上げや力仕事はほぼなく、身体への負担を抑えて長く続けられます。

✅ 休憩室でしっかりリフレッシュ
昼休憩60分に加えて午後に小休憩があり、集中力を保ちやすいリズムで働けます。休憩室にはポットやフリーWi-Fiもあり、お弁当派にも外食派にも便利です。

✅ 製造・物流の現場を支えてきた会社の正社員
当社は全国の製造現場で人材を育ててきた会社です。検品・梱包からスタートし、経験を積めばリーダーや別工程へのステップアップも目指せます。

✅ 地元大田区で長く働く
東京湾岸の物流集積地で、空港貨物や生活雑貨の配送センターが数多く集まるエリアです。JR京浜東北線・京急線・東京モノレールが使え、羽田空港や京浜島方面へのバス路線も充実しています。

まずはカジュアル面談で、職場の雰囲気や1日の流れをお伝えします。ご応募をお待ちしています。","例外事由3号のイにより、長期キャリア形成を図るため、
35歳以下を募集しております。","【勤務時間】
★9:00~18:00
└実働8時間/休憩1時間

定時ダッシュも問題ないです✧
✧ 土日祝休み
✧ 残業月平均:6.5時間以内
✧ 残業代100%支給","✧ 完全週休2日制(土日祝休み)
✧ 年間休日125日
「土日休みはマスト!」ってあなたにも
ぴったりの職場です!

【その他休暇】
✧ 有給休暇
✧ 夏季・冬季休暇
✧ GW休暇
✧ 年末年始休暇",東京都 大田区,,"月給:25万円~+交通費全額支給

※経験に応じて決定いたします。

# 昇給あり
# 賞与あり
# 残業代100%支給
# 交通費支給","・社会保険完備（雇用・労災・健康・厚生年金）
・残業手当・深夜手当・休日出勤手当（実働時間に応じて支給）
・確定拠出年金制度（企業型）
・定期健康診断・インフルエンザ予防接種費用補助
・特別休暇（慶弔休暇）
・産前産後休暇・育児休業・介護休業
・資格取得支援制度（フォークリフト・自主保全士など）
・家具家電付き社員寮制度（勤務地による・規定あり）
・制服貸与
・社員持株会
・福利厚生サービス（レジャー・飲食の優待割引、保養施設）
・団体長期障害所得補償保険（GLTD）","【最短スケジュールのイメージ】

▶ STEP1 今日：WEBから1分で応募
▶ STEP2 1〜3日後：担当者からご連絡 → カジュアル面談の日程調整
▶ STEP3 面談当日：カジュアル面談（1回のみ）→ 採用のご連絡

面談では、職場の雰囲気・1日の流れ・通勤のことなど、
気になることを何でも聞いてください。

✧ 入社日はご相談いただけます ✧
「すぐ働きたい」「少し先がいい」どちらのご希望にも対応します。",,即日勤務OK、交通費支給、残業なし,2,任意,生年月日、性別、電話番号,ntf-indeedapplicant-aaaatulx77tci2k2pr5yeqapva@shukatsu-labo.slack.com,,,利用しない,,
募集中,日本マニュファクチャリングサービス株式会社,未経験｜検品・梱包｜日本マニュファクチャリングサービス株式会社｜千代田区（東京都）,倉庫作業スタッフ,20～30代活躍中◎千代田区｜黙々作業が好きな方に向く検品・梱包,,東京都 千代田区,,,正社員,はい,月給,250000,,最低額を表示,なし,,,,,,,固定時間制,160,,厚生年金、健康保険、雇用保険、労災保険,,なし,,,,,,,,,,,,,,,,,,"勤務先は千代田区内および周辺の物流センター。扱うのは衣類・コスメ・文房具・小型雑貨など、手のひらサイズの軽い商品が中心です。
担当していただくのは、届いた商品に不備がないかを確かめ、出荷用の箱に整えて詰める「検品・梱包」の作業。
空調完備の室内で、自分のペースを保ちながら黙々と取り組める環境です。

■ 入社後の1日はこんなイメージです
09:00 朝礼。体調確認と当日の出荷量の共有からスタート
09:15 午前は検品を中心に担当。商品の外観を目視で確認し、傷や汚れがあれば別置きにします
12:00 昼休憩（60分）。お弁当持参の方も、近くで買ってくる方もいます
13:00 午後は梱包を担当。袋詰め、箱詰め、テープ留めの3工程を繰り返します
15:00 小休憩（15分）。自動販売機で飲み物を買って一息
15:15 出荷分の最終チェックと仕分け。全員で協力して当日分を仕上げます
17:45 作業スペースの清掃と日報記入
18:00 定時退勤。残業は月平均6.5時間以内に収まっています

■ 主な作業内容
・検品：入荷した商品の外観チェック（傷・汚れ・パッケージのへこみ）と数量・品番の照合
・スキャン：バーコードリーダーで商品を読み取り、データと突き合わせます
・梱包：袋詰め、緩衝材包装、ダンボールの組み立てと箱詰め、テープ留め
・仕上げ：ラベル貼りと配送地域別の仕分け
扱うのはアパレル商品、コスメ、文房具、小型雑貨など。どれも軽く、繰り返しの中で自然と手順が身につく作業です。

■ 未経験でも安心の1週間プログラム
・1日目：会社説明、安全講習、作業着の受け取り、作業場の見学
・2日目：先輩の隣で検品の実演を見学し、午後から一緒に作業
・3日目：梱包の袋詰め・箱詰めを先輩と一緒に担当
・4日目：シール貼りと仕分けを一人で担当。先輩は同じ作業台で見守ります
・5日目：検品から仕分けまでの流れを通しで経験
覚えることは3ステップの繰り返しなので、専門知識や資格は不要です。製造現場で人を育ててきた当社ならではの丁寧な立ち上がりを用意しています。

■ 設備・環境のポイント
・冷暖房完備の室内作業で、季節や天候に左右されません
・休憩室には電子レンジ・冷蔵庫・ポットがあり、フリーWi-Fiも使えます
・個人用の鍵付きロッカーを完備
・髪色・ネイル・服装は自由。清潔感があれば普段のスタイルのままで大丈夫です

■ 東京都千代田区で働く
オフィス街のイメージが強いエリアですが、周辺には出版・文具・雑貨を扱う配送拠点も点在しています。
東京駅・秋葉原駅・飯田橋駅などJR・地下鉄各線が集まり、都内・近県どちらからも通いやすい立地です。
千代田区周辺で「通勤時間を抑えて安定した正社員の仕事に就きたい」という方に、当社の検品・梱包はぴったりの選択肢です。

製造・物流の現場を支えてきた当社で、あなたのペースで一歩を踏み出してください。ご応募をお待ちしています。","【千代田区で働くならここがポイント】

✅ 覚えることは少なく、教え方は丁寧に
製造現場で人を育ててきた当社では、専任の先輩がマンツーマンで隣につきます。最初はシール貼りやダンボールの組み立てといった簡単な工程から始め、1週間でひと通りの流れを経験できるプログラムを用意しています。

✅ 残業は月平均6.5時間以内
出荷量に合わせて人員を配置しているため、定時で帰れる日がほとんどです。仕事の後に予定を入れたり、家でゆっくり過ごしたりする時間をきちんと確保できます。

✅ 重い荷物はほとんどありません
扱うのは衣類・コスメ・文房具・小型雑貨など軽い商品が中心です。重量物の持ち上げや力仕事はほぼなく、身体への負担を抑えて長く続けられます。

✅ 休憩室でしっかりリフレッシュ
昼休憩60分に加えて午後に小休憩があり、集中力を保ちやすいリズムで働けます。休憩室にはポットやフリーWi-Fiもあり、お弁当派にも外食派にも便利です。

✅ 相談しやすい体制
配属先にはリーダーが常駐し、定期的な面談で困りごとを聞き取ります。作業のこと、通勤のこと、働き方のこと、何でも相談してください。

✅ 千代田区で通いやすい勤務地
東京駅・秋葉原駅・飯田橋駅などJR・地下鉄各線が集まり、都内・近県どちらからも通いやすい立地です。オフィス街のイメージが強いエリアですが、周辺には出版・文具・雑貨を扱う配送拠点も点在しています。

「自分にもできそう」と思えたら、それがスタートの合図です。お気軽にご応募ください。","例外事由3号のイにより、長期キャリア形成を図るため、
35歳以下を募集しております。","【勤務時間】
★9:00~18:00
└実働8時間/休憩1時間

定時ダッシュも問題ないです✧
✧ 土日祝休み
✧ 残業月平均:6.5時間以内
✧ 残業代100%支給","✧ 完全週休2日制(土日祝休み)
✧ 年間休日125日
「土日休みはマスト!」ってあなたにも
ぴったりの職場です!

【その他休暇】
✧ 有給休暇
✧ 夏季・冬季休暇
✧ GW休暇
✧ 年末年始休暇",東京都 千代田区,,"月給:25万円~+交通費全額支給

※経験に応じて決定いたします。

# 昇給あり
# 賞与あり
# 残業代100%支給
# 交通費支給","・社会保険完備（雇用・労災・健康・厚生年金）
・残業手当・深夜手当・休日出勤手当（実働時間に応じて支給）
・確定拠出年金制度（企業型）
・定期健康診断・インフルエンザ予防接種費用補助
・特別休暇（慶弔休暇）
・産前産後休暇・育児休業・介護休業
・資格取得支援制度（フォークリフト・自主保全士など）
・家具家電付き社員寮制度（勤務地による・規定あり）
・制服貸与
・社員持株会
・福利厚生サービス（レジャー・飲食の優待割引、保養施設）
・団体長期障害所得補償保険（GLTD）","■ 選考について ■
・カジュアル面談：1回のみ（服装自由・履歴書任意）
・応募から面談まで：WEB応募後、1〜3日以内にご連絡
・入社日：ご相談のうえ決定

■ 応募からの流れ ■
▶ STEP1 WEBから1分で応募
▶ STEP2 カジュアル面談（1回のみ）
▶ STEP3 採用

「まずは話だけ聞いてみたい」という方も、そのままご応募ください。
面談で無理に応募を勧めることはありません。",,即日勤務OK、交通費支給、残業なし,2,任意,生年月日、性別、電話番号,ntf-indeedapplicant-aaaatulx77tci2k2pr5yeqapva@shukatsu-labo.slack.com,,,利用しない,,
募集中,株式会社エイジェック,未経験｜検品・梱包｜株式会社エイジェック｜本社・新宿雇用開発センター（新宿区）,倉庫作業スタッフ,20～30代活躍中◎新宿区｜雇用開発センターが入社後もサポート,,東京都 新宿区 西新宿,,,正社員,はい,月給,250000,,最低額を表示,なし,,,,,,,固定時間制,160,,厚生年金、健康保険、雇用保険、労災保険,,なし,,,,,,,,,,,,,,,,,,"東京都新宿区エリアで、検品・梱包スタッフ（正社員）を募集しています。
勤務先は本社・新宿雇用開発センターが担当する新宿区エリアの物流センター。衣類・コスメ・文房具などの軽い商品を、目で確認し、数を合わせ、袋や箱に納める作業が中心です。
「難しいことは苦手」という方でも、3日ほどで流れがつかめるシンプルな仕事です。

▶ 1日の流れ（9:00〜18:00・休憩1時間）
09:00 朝礼。今日の出荷予定と担当作業を確認します
09:15 検品スタート。商品の傷・汚れ・数量を納品書と照らし合わせてチェック
12:00 昼休憩（60分）。休憩室で昼食。電子レンジや冷蔵庫も使えます
13:00 梱包スタート。袋詰め、緩衝材で包む、箱に納めるの繰り返し
15:00 小休憩（15分）。飲み物を片手にひと息
15:15 ラベル貼りと出荷先ごとの仕分け
17:45 作業台の片づけと翌日の資材準備
18:00 退勤！残業は月平均6.5時間以内で、定時に帰れる日が大半です

▶ 扱う商品・作業の具体例
✧ 衣類・タオル：ほつれや汚れがないか確認し、透明袋に入れます
✧ コスメ・ガラス小物：割れないよう緩衝材で包んでから箱へ
✧ 文房具・生活雑貨：品番と個数を納品書と照合し、まとめて袋詰め
✧ 出荷箱：伝票シールと「割れ物注意」などの注意シールを所定の位置に貼ります
どれも片手〜両手で持てるサイズで、重量物の持ち上げはありません。

▶ 未経験の方向け 1週間プログラム
✧ 1日目：会社説明、安全講習、作業場の見学
✧ 2日目：先輩の隣で検品の実演を見学し、午後から一緒に作業
✧ 3日目：梱包の袋詰め・箱詰めを先輩と一緒に担当
✧ 4日目：シール貼りと仕分けを一人で担当。先輩は同じ作業台で見守ります
✧ 5日目：検品から仕分けまでを通しで経験
覚えることは3ステップの繰り返し。資格や専門知識は必要ありません。

▶ 働く環境
作業場は1年中空調が効いていて、「夏は暑くて汗だく」「冬は手がかじかむ」といった心配がありません。
休憩室は広く、電子レンジや冷蔵庫、自動販売機が揃っています。
鍵付きロッカーがあるので、貴重品の管理も安心。
服装や髪色は自由で、自分らしいスタイルのまま通勤できます。

▶ 本社・新宿雇用開発センターならではの一言
JR・私鉄・地下鉄各線が集まる新宿駅からアクセスでき、首都圏どこからでも通いやすい立地です。
日本有数のターミナルを擁するエリアで、勤務先の紹介・相談拠点としても利用しやすい場所です。
本社・新宿雇用開発センターは新宿区エリアの勤務先を担当しているので、ご自宅からの通いやすさも含めて配属先を一緒に考えます。

本社・新宿雇用開発センターが、あなたのキャリアの第一歩を全力でサポートします。まずはお気軽にご応募ください！","【本社・新宿雇用開発センターからのアピールポイント】

✅ マンツーマンで教えるから覚えやすい
専任の先輩が隣について、実演しながら手順を説明します。最初はシール貼りやダンボールの組み立てから始め、1週間でひと通りの流れを経験できるプログラムです。

✅ 9:00〜18:00の固定時間制
毎日同じリズムで働けるので、生活のペースが安定します。土日祝がお休みなので、友人や家族との予定も合わせやすい環境です。

✅ 重い荷物はほとんどなし
扱うのは衣類・コスメ・文房具・小型雑貨など軽い商品が中心。重量物の持ち上げや力仕事はほぼなく、身体への負担を抑えて長く続けられます。

✅ 休憩室でしっかりリフレッシュ
昼休憩60分に加えて午後の小休憩があり、集中力を保ちやすいリズムです。休憩室にはポットやフリーWi-Fiもあります。

✅ 全国に拠点があるから相談先が近い
東京都内の勤務先を本社・新宿雇用開発センターが担当しているため、通勤や配属の相談にすぐ対応できます。「家から近い職場がいい」といった希望も伝えてください。

✅ 地元新宿区で腰を据えて働く
日本有数のターミナルを擁するエリアで、勤務先の紹介・相談拠点としても利用しやすい場所です。JR・私鉄・地下鉄各線が集まる新宿駅からアクセスでき、首都圏どこからでも通いやすい立地です。

「自分にもできそう」と思えたら、それがスタートの合図。本社・新宿雇用開発センターでお待ちしています！","例外事由3号のイにより、長期キャリア形成を図るため、
35歳以下を募集しております。","【勤務時間】
★9:00~18:00
└実働8時間/休憩1時間

定時ダッシュも問題ないです✧
✧ 土日祝休み
✧ 残業月平均:6.5時間以内
✧ 残業代100%支給","✧ 完全週休2日制(土日祝休み)
✧ 年間休日125日
「土日休みはマスト!」ってあなたにも
ぴったりの職場です!

【その他休暇】
✧ 有給休暇
✧ 夏季・冬季休暇
✧ GW休暇
✧ 年末年始休暇",東京都新宿区西新宿1-25-1 新宿センタービル46F,本社・新宿雇用開発センター,"月給:25万円~+交通費全額支給

※経験に応じて決定いたします。

# 昇給あり
# 賞与あり
# 残業代100%支給
# 交通費支給","・各種社会保険完備（健康保険・厚生年金・雇用保険・労災保険）
・時間外手当・深夜手当・職能手当・役職手当・資格手当・業務手当
・退職金制度
・借上げ社宅・社員寮制度（規定あり）
・会社指示による転居時の引越費用・家賃補助（規定あり）
・定期健康診断（年1回）
・特別休暇（慶弔休暇）・産前産後休暇・育児休暇・介護休暇
・資格取得支援制度・資格取得報奨金
・社内研修制度・認定職業訓練校
・作業着・靴・手袋など業務に必要な備品は会社支給
・提携保養所・提携企業割引
・産業医・カウンセラーによる相談窓口","■ 選考について ■
・カジュアル面談：1回のみ（服装自由・履歴書任意）
・応募から面談まで：WEB応募後、1〜3日以内にご連絡
・入社日：ご相談のうえ決定

■ 応募からの流れ ■
▶ STEP1 WEBから1分で応募
▶ STEP2 カジュアル面談（1回のみ）
▶ STEP3 採用

「まずは話だけ聞いてみたい」という方も、そのままご応募ください。
面談で無理に応募を勧めることはありません。",,即日勤務OK、交通費支給、残業なし,2,任意,生年月日、性別、電話番号,ntf-indeedapplicant-aaaatulx77tci2k2pr5yeqapva@shukatsu-labo.slack.com,,,利用しない,,
募集中,株式会社エイジェック,未経験｜検品・梱包｜株式会社エイジェック｜新宿西雇用開発センター（新宿区）,倉庫作業スタッフ,20～30代活躍中◎重い物なし｜新宿区の物流センターで検品・梱包,,東京都 新宿区 西新宿,,,正社員,はい,月給,250000,,最低額を表示,なし,,,,,,,固定時間制,160,,厚生年金、健康保険、雇用保険、労災保険,,なし,,,,,,,,,,,,,,,,,,"コツコツ作業が好きな方にぴったりの、検品・梱包のお仕事です。
勤務先は新宿西雇用開発センターが担当する新宿区エリアの物流センター。1年中快適な温度に保たれた倉庫内で、自分の作業台を担当します。
新宿西雇用開発センターでは配属後も定期的に面談を行い、困りごとがあればすぐにフォローします。

▶ ある日のスケジュール
09:00 出勤・朝礼。リーダーから連絡事項と注意点の共有
09:10 ハンディ端末で商品のバーコードを読み取り、品番と個数を照合します
10:30 小休憩（10分）
12:00 昼休憩（60分）。お弁当派も外食派も、それぞれのスタイルで
13:00 午後は梱包。ダンボールを組み立て、商品が動かないように納めます
15:00 小休憩（15分）
15:15 出荷準備。伝票シールを貼って配送業者ごとにコンテナへ
17:45 清掃と日報の記入
18:00 定時退勤。土日祝休みなので、明日の予定も立てやすい！

▶ 作業は3ステップ
1. 検品：商品を手に取り、傷・汚れ・数量を確認。迷ったら「保留」箱に入れてリーダーに聞くだけ
2. 梱包：商品に合わせて袋・緩衝材・箱を選び、動かないように納めてテープで封をします
3. 仕分け：伝票シールを貼り、配送地域ごとのコンテナへ
衣類・雑貨・コスメ・文房具などの軽い商品が中心で、フォークリフトなどの機械操作はありません。

▶ 未経験の方向け 1週間プログラム
✧ 1日目：会社説明、安全講習、作業場の見学
✧ 2日目：先輩の隣で検品の実演を見学し、午後から一緒に作業
✧ 3日目：梱包の袋詰め・箱詰めを先輩と一緒に担当
✧ 4日目：シール貼りと仕分けを一人で担当。先輩は同じ作業台で見守ります
✧ 5日目：検品から仕分けまでを通しで経験
覚えることは3ステップの繰り返し。資格や専門知識は必要ありません。

▶ 設備のポイント
✧ 冷暖房完備の室内作業で、季節や天候に左右されません
✧ 休憩室に電子レンジ・冷蔵庫・ポットがあり、フリーWi-Fiも使えます
✧ 個人用の鍵付きロッカーを完備
✧ 髪色・ネイル・服装は自由。清潔感があれば普段のスタイルのままで大丈夫

▶ 東京都新宿区で働く
日本有数のターミナルを擁するエリアで、勤務先の紹介・相談拠点としても利用しやすい場所です。
JR・私鉄・地下鉄各線が集まる新宿駅からアクセスでき、首都圏どこからでも通いやすい立地です。
新宿西雇用開発センターのスタッフが地域の勤務先を熟知しているため、「家から近い」「駅から通える」といった希望にも応えやすいのが強みです。

新宿西雇用開発センターが、あなたのキャリアの第一歩を全力でサポートします。まずはお気軽にご応募ください！","【新宿区で働く5つの魅力】

✅ 先輩の9割以上が未経験スタート
「商品を手に取る」「傷がないか見る」「箱に入れる」の3ステップが仕事の基本。専門用語も複雑な機械操作もなく、初日は安全講習とオリエンテーションから始まるので安心です。

✅ 残業は月平均6.5時間以内
定時で帰れる日がほとんど。仕事の後にジムや習い事に通ったり、家でゆっくりしたり、自分の時間をしっかり確保できます。

✅ 重い荷物はほとんどなし
扱うのは衣類・コスメ・文房具・小型雑貨など軽い商品が中心。重量物の持ち上げや力仕事はほぼなく、身体への負担を抑えて長く続けられます。

✅ 休憩室でしっかりリフレッシュ
昼休憩60分に加えて午後の小休憩があり、集中力を保ちやすいリズムです。休憩室にはポットやフリーWi-Fiもあります。

✅ 正社員としての安定と成長
正社員雇用に加え、社会保険完備、退職金制度、資格取得支援と報奨金などの制度があります。検品・梱包からスタートし、リーダーや別工程へのステップアップも目指せます。

✅ 地元新宿区で腰を据えて働く
日本有数のターミナルを擁するエリアで、勤務先の紹介・相談拠点としても利用しやすい場所です。JR・私鉄・地下鉄各線が集まる新宿駅からアクセスでき、首都圏どこからでも通いやすい立地です。

まずはカジュアル面談で、職場の雰囲気や1日の流れをお伝えします。お気軽にご応募ください！","例外事由3号のイにより、長期キャリア形成を図るため、
35歳以下を募集しております。","【勤務時間】
★9:00~18:00
└実働8時間/休憩1時間

定時ダッシュも問題ないです✧
✧ 土日祝休み
✧ 残業月平均:6.5時間以内
✧ 残業代100%支給","✧ 完全週休2日制(土日祝休み)
✧ 年間休日125日
「土日休みはマスト!」ってあなたにも
ぴったりの職場です!

【その他休暇】
✧ 有給休暇
✧ 夏季・冬季休暇
✧ GW休暇
✧ 年末年始休暇",東京都新宿区西新宿7-4-4,新宿西雇用開発センター,"月給:25万円~+交通費全額支給

※経験に応じて決定いたします。

# 昇給あり
# 賞与あり
# 残業代100%支給
# 交通費支給","・各種社会保険完備（健康保険・厚生年金・雇用保険・労災保険）
・時間外手当・深夜手当・職能手当・役職手当・資格手当・業務手当
・退職金制度
・借上げ社宅・社員寮制度（規定あり）
・会社指示による転居時の引越費用・家賃補助（規定あり）
・定期健康診断（年1回）
・特別休暇（慶弔休暇）・産前産後休暇・育児休暇・介護休暇
・資格取得支援制度・資格取得報奨金
・社内研修制度・認定職業訓練校
・作業着・靴・手袋など業務に必要な備品は会社支給
・提携保養所・提携企業割引
・産業医・カウンセラーによる相談窓口","✧ カジュアル面談実施中です ✧

応募に必要なのは人柄だけ。
まずはあなたのご希望を聞かせてください。

■ 応募からの流れ ■
▶ STEP1 WEBから1分で簡単応募
1〜3日以内に担当者からご連絡します。
▶ STEP2 カジュアル面談（1回のみ）
職場の雰囲気や1日の流れをお伝えし、ご希望を伺います。
▶ STEP3 採用

※入社日はご相談いただけます◎
在職中の方も、お気軽にご相談ください。",,即日勤務OK、交通費支給、残業なし,2,任意,生年月日、性別、電話番号,ntf-indeedapplicant-aaaatulx77tci2k2pr5yeqapva@shukatsu-labo.slack.com,,,利用しない,,
募集中,株式会社エイジェック,未経験｜検品・梱包｜株式会社エイジェック｜御徒町業務管理センター（台東区）,倉庫作業スタッフ,20～30代活躍中◎台東区｜正社員として検品・梱包デビュー,,東京都 台東区 上野,,,正社員,はい,月給,250000,,最低額を表示,なし,,,,,,,固定時間制,160,,厚生年金、健康保険、雇用保険、労災保険,,なし,,,,,,,,,,,,,,,,,,"御徒町業務管理センターが担当する台東区エリアの物流センターで、検品・梱包を担当する正社員スタッフを募集します！
扱うのは通販で人気のアパレル商品や雑貨、コスメなど。空調の効いたきれいな倉庫で、商品を確認して箱に詰めていくシンプルな作業です。
御徒町業務管理センターのスタッフが入社前から入社後まで伴走するので、初めての正社員でも安心してスタートできます。

▶ 1日の流れ（9:00〜18:00・休憩1時間）
09:00 朝礼。今日の出荷予定と担当作業を確認します
09:15 検品スタート。商品の傷・汚れ・数量を納品書と照らし合わせてチェック
12:00 昼休憩（60分）。休憩室で昼食。電子レンジや冷蔵庫も使えます
13:00 梱包スタート。袋詰め、緩衝材で包む、箱に納めるの繰り返し
15:00 小休憩（15分）。飲み物を片手にひと息
15:15 ラベル貼りと出荷先ごとの仕分け
17:45 作業台の片づけと翌日の資材準備
18:00 退勤！残業は月平均6.5時間以内で、定時に帰れる日が大半です

▶ 作業は3ステップ
1. 検品：商品を手に取り、傷・汚れ・数量を確認。迷ったら「保留」箱に入れてリーダーに聞くだけ
2. 梱包：商品に合わせて袋・緩衝材・箱を選び、動かないように納めてテープで封をします
3. 仕分け：伝票シールを貼り、配送地域ごとのコンテナへ
衣類・雑貨・コスメ・文房具などの軽い商品が中心で、フォークリフトなどの機械操作はありません。

▶ 入社後1週間の流れ
1日目：御徒町業務管理センターでオリエンテーション。安全ルールや勤怠の付け方、勤務先の設備を案内します
2〜3日目：先輩スタッフがマンツーマンで隣につき、検品の見方と梱包の手順を実演しながら説明
4〜5日目：シール貼りやダンボールの組み立てから一人で担当。分からないことはその場で質問できます
1週間後：検品〜仕分けまでの流れをひと通り経験し、自分のペースで進められるように
「早ければ半日、遅くとも2〜3日で一人立ち」が現場の目安ですが、慣れるまで焦らず伴走します。

▶ 働く環境
作業場は1年中空調が効いていて、「夏は暑くて汗だく」「冬は手がかじかむ」といった心配がありません。
休憩室は広く、電子レンジや冷蔵庫、自動販売機が揃っています。
鍵付きロッカーがあるので、貴重品の管理も安心。
服装や髪色は自由で、自分らしいスタイルのまま通勤できます。

▶ 東京都台東区で働く
問屋街として知られる地域で、雑貨や衣料品を扱う流通の現場が身近にあります。
JR上野駅・御徒町駅、地下鉄各線が利用でき、東京の東側エリアから通いやすい立地です。
御徒町業務管理センターのスタッフが地域の勤務先を熟知しているため、「家から近い」「駅から通える」といった希望にも応えやすいのが強みです。

「ちゃんと正社員として働きたい」その一歩を、御徒町業務管理センターで踏み出しませんか。ご応募をお待ちしています！","【御徒町業務管理センターからのアピールポイント】

✅ 先輩の9割以上が未経験スタート
「商品を手に取る」「傷がないか見る」「箱に入れる」の3ステップが仕事の基本。専門用語も複雑な機械操作もなく、初日は安全講習とオリエンテーションから始まるので安心です。

✅ 土日祝休み・年間休日125日
完全週休2日制でカレンダー通りに休めます。夏季・冬季休暇、GW、年末年始のまとまった休みもあり、旅行や帰省の予定も立てやすい働き方です。

✅ 重い荷物はほとんどなし
扱うのは衣類・コスメ・文房具・小型雑貨など軽い商品が中心。重量物の持ち上げや力仕事はほぼなく、身体への負担を抑えて長く続けられます。

✅ 休憩室でしっかりリフレッシュ
昼休憩60分に加えて午後の小休憩があり、集中力を保ちやすいリズムです。休憩室にはポットやフリーWi-Fiもあります。

✅ 雇用開発センターが入社後も伴走
御徒町業務管理センターの担当者が定期的に面談し、職場では言いにくい悩みも聞き取ります。「一人で放り出される」ことはありません。

✅ 地元台東区で腰を据えて働く
問屋街として知られる地域で、雑貨や衣料品を扱う流通の現場が身近にあります。JR上野駅・御徒町駅、地下鉄各線が利用でき、東京の東側エリアから通いやすい立地です。

「自分にもできそう」と思えたら、それがスタートの合図。御徒町業務管理センターでお待ちしています！","例外事由3号のイにより、長期キャリア形成を図るため、
35歳以下を募集しております。","【勤務時間】
★9:00~18:00
└実働8時間/休憩1時間

定時ダッシュも問題ないです✧
✧ 土日祝休み
✧ 残業月平均:6.5時間以内
✧ 残業代100%支給","✧ 完全週休2日制(土日祝休み)
✧ 年間休日125日
「土日休みはマスト!」ってあなたにも
ぴったりの職場です!

【その他休暇】
✧ 有給休暇
✧ 夏季・冬季休暇
✧ GW休暇
✧ 年末年始休暇",東京都台東区上野,御徒町業務管理センター,"月給:25万円~+交通費全額支給

※経験に応じて決定いたします。

# 昇給あり
# 賞与あり
# 残業代100%支給
# 交通費支給","・各種社会保険完備（健康保険・厚生年金・雇用保険・労災保険）
・時間外手当・深夜手当・職能手当・役職手当・資格手当・業務手当
・退職金制度
・借上げ社宅・社員寮制度（規定あり）
・会社指示による転居時の引越費用・家賃補助（規定あり）
・定期健康診断（年1回）
・特別休暇（慶弔休暇）・産前産後休暇・育児休暇・介護休暇
・資格取得支援制度・資格取得報奨金
・社内研修制度・認定職業訓練校
・作業着・靴・手袋など業務に必要な備品は会社支給
・提携保養所・提携企業割引
・産業医・カウンセラーによる相談窓口","【応募前の「気になる」にお答えします】

Q. 面接は堅苦しいですか？
A. いいえ。カジュアル面談を1回行うだけです。服装も自由、履歴書も任意です。

Q. 応募してからどのくらいで決まりますか？
A. 3ステップで進みます。
▶ STEP1 WEBから応募（1分）→ 1〜3日以内にご連絡
▶ STEP2 カジュアル面談（1回のみ）
▶ STEP3 採用

Q. すぐには入社できないのですが…
A. 入社日はご相談いただけます。今のお仕事の引き継ぎ期間なども考慮します。",,即日勤務OK、交通費支給、残業なし,2,任意,生年月日、性別、電話番号,ntf-indeedapplicant-aaaatulx77tci2k2pr5yeqapva@shukatsu-labo.slack.com,,,利用しない,,
募集中,株式会社エイジェック,未経験｜検品・梱包｜株式会社エイジェック｜丸の内インノベーションセンター（千代田区）,倉庫作業スタッフ,20～30代活躍中◎未経験からキャリアの第一歩｜千代田区の検品・梱包,,東京都 千代田区 丸の内,,,正社員,はい,月給,250000,,最低額を表示,なし,,,,,,,固定時間制,160,,厚生年金、健康保険、雇用保険、労災保険,,なし,,,,,,,,,,,,,,,,,,"「未経験から、ちゃんとした正社員として働きたい」その気持ちを丸の内インノベーションセンターが応援します。
勤務先は丸の内インノベーションセンターが担当する千代田区エリアの物流センター。届いた商品に不備がないかをチェックし、丁寧に梱包して出荷準備をするお仕事です。
冷暖房完備の室内で、重い荷物を運ぶことはほとんどありません。

▶ ある日のスケジュール
09:00 出勤・朝礼。リーダーから連絡事項と注意点の共有
09:10 ハンディ端末で商品のバーコードを読み取り、品番と個数を照合します
10:30 小休憩（10分）
12:00 昼休憩（60分）。お弁当派も外食派も、それぞれのスタイルで
13:00 午後は梱包。ダンボールを組み立て、商品が動かないように納めます
15:00 小休憩（15分）
15:15 出荷準備。伝票シールを貼って配送業者ごとにコンテナへ
17:45 清掃と日報の記入
18:00 定時退勤。土日祝休みなので、明日の予定も立てやすい！

▶ こんな商品を扱います
通販サイトで人気のアパレル商品、生活雑貨、コスメ、文房具が中心です。
✧ シャツやタオルを畳んで透明袋へ
✧ コスメ容器のひび割れを目視で確認
✧ 文房具のセット品を指定の個数で袋詰め
✧ 箱にラベルを貼って配送業者ごとの台車へ
作業台の高さは調整されていて、身体への負担を抑えて働けます。

▶ 教育・研修体制
入社初日は安全講習とオリエンテーションから。いきなり一人で現場に立つことはありません。
2日目以降は専任の先輩が隣について、検品・梱包の手順を実際にやって見せながら教えます。
最初の1週間は「見る→一緒にやる→一人でやる」の順で担当を広げ、1週間後にはひと通りの作業を経験できます。
丸の内インノベーションセンターの担当者も定期的に様子を見に来るので、職場に言いにくいことも相談できます。

▶ 設備のポイント
✧ 冷暖房完備の室内作業で、季節や天候に左右されません
✧ 休憩室に電子レンジ・冷蔵庫・ポットがあり、フリーWi-Fiも使えます
✧ 個人用の鍵付きロッカーを完備
✧ 髪色・ネイル・服装は自由。清潔感があれば普段のスタイルのままで大丈夫

▶ 丸の内インノベーションセンターならではの一言
東京駅・秋葉原駅・飯田橋駅などJR・地下鉄各線が集まり、都内・近県どちらからも通いやすい立地です。
オフィス街のイメージが強いエリアですが、周辺には出版・文具・雑貨を扱う配送拠点も点在しています。
丸の内インノベーションセンターは千代田区エリアの勤務先を担当しているので、ご自宅からの通いやすさも含めて配属先を一緒に考えます。

丸の内インノベーションセンターが、あなたのキャリアの第一歩を全力でサポートします。まずはお気軽にご応募ください！","【千代田区で働く5つの魅力】

✅ 資格・経験・学歴は不問
必要なのは「丁寧に確認する姿勢」だけ。仕事のやり方はすべて入社後にお伝えします。将来的に資格を取りたい方には資格取得支援制度と報奨金があり、キャリアの幅を広げられます。

✅ 残業は月平均6.5時間以内
定時で帰れる日がほとんど。仕事の後にジムや習い事に通ったり、家でゆっくりしたり、自分の時間をしっかり確保できます。

✅ 黙々・コツコツ派にぴったり
ノルマはなく、接客もありません。「一人で集中して作業したい」「人間関係のストレスを減らしたい」という方に向いている環境です。

✅ 髪色・ネイル・服装は自由
清潔感があれば普段のスタイルのままで大丈夫。動きやすい服装で通勤し、現場のルールに沿って作業します。

✅ 全国に拠点があるから相談先が近い
東京都内の勤務先を丸の内インノベーションセンターが担当しているため、通勤や配属の相談にすぐ対応できます。「家から近い職場がいい」といった希望も伝えてください。

✅ 千代田区エリアで通いやすい
東京駅・秋葉原駅・飯田橋駅などJR・地下鉄各線が集まり、都内・近県どちらからも通いやすい立地です。オフィス街のイメージが強いエリアですが、周辺には出版・文具・雑貨を扱う配送拠点も点在しています。

まずはカジュアル面談で、職場の雰囲気や1日の流れをお伝えします。お気軽にご応募ください！","例外事由3号のイにより、長期キャリア形成を図るため、
35歳以下を募集しております。","【勤務時間】
★9:00~18:00
└実働8時間/休憩1時間

定時ダッシュも問題ないです✧
✧ 土日祝休み
✧ 残業月平均:6.5時間以内
✧ 残業代100%支給","✧ 完全週休2日制(土日祝休み)
✧ 年間休日125日
「土日休みはマスト!」ってあなたにも
ぴったりの職場です!

【その他休暇】
✧ 有給休暇
✧ 夏季・冬季休暇
✧ GW休暇
✧ 年末年始休暇",東京都千代田区丸の内1-11-1 パシフィックセンチュリープレイス丸の内16F,丸の内インノベーションセンター,"月給:25万円~+交通費全額支給

※経験に応じて決定いたします。

# 昇給あり
# 賞与あり
# 残業代100%支給
# 交通費支給","・各種社会保険完備（健康保険・厚生年金・雇用保険・労災保険）
・時間外手当・深夜手当・職能手当・役職手当・資格手当・業務手当
・退職金制度
・借上げ社宅・社員寮制度（規定あり）
・会社指示による転居時の引越費用・家賃補助（規定あり）
・定期健康診断（年1回）
・特別休暇（慶弔休暇）・産前産後休暇・育児休暇・介護休暇
・資格取得支援制度・資格取得報奨金
・社内研修制度・認定職業訓練校
・作業着・靴・手袋など業務に必要な備品は会社支給
・提携保養所・提携企業割引
・産業医・カウンセラーによる相談窓口","まずは「話を聞いてみる」だけで大丈夫です。

当社ではカジュアル面談を実施しています。
志望動機や自己PRの準備は不要。
「どんな職場？」「本当に未経験でもできる？」といった疑問に、担当者が率直にお答えします。

■ 応募から入社までの3STEP ■
▶ STEP1 WEB応募（1分）
▶ STEP2 カジュアル面談（1回のみ・1〜3日以内にご連絡）
▶ STEP3 採用・入社日のご相談

入社日は柔軟に調整できます。
「来月から」「今の仕事を辞めてから」など、ご都合をお聞かせください。",,即日勤務OK、交通費支給、残業なし,2,任意,生年月日、性別、電話番号,ntf-indeedapplicant-aaaatulx77tci2k2pr5yeqapva@shukatsu-labo.slack.com,,,利用しない,,
募集中,株式会社エイジェック,未経験｜検品・梱包｜株式会社エイジェック｜品川雇用開発センター（港区）,倉庫作業スタッフ,20～30代活躍中◎港区｜コツコツ派が活躍する検品・梱包,,東京都 港区 港南,,,正社員,はい,月給,250000,,最低額を表示,なし,,,,,,,固定時間制,160,,厚生年金、健康保険、雇用保険、労災保険,,なし,,,,,,,,,,,,,,,,,,"東京都港区エリアで、検品・梱包スタッフ（正社員）を募集しています。
勤務先は品川雇用開発センターが担当する港区エリアの物流センター。衣類・コスメ・文房具などの軽い商品を、目で確認し、数を合わせ、袋や箱に納める作業が中心です。
「難しいことは苦手」という方でも、3日ほどで流れがつかめるシンプルな仕事です。

▶ 入社後はこんな1日になります
09:00 朝礼。体調チェックと当日の出荷量を共有
09:15 午前は検品を担当。外観を目視で確認し、気になる商品は別置きにしてリーダーへ
12:00 昼休憩（60分）
13:00 午後は梱包。袋詰め→箱詰め→テープ留めの3工程を繰り返します
15:00 小休憩（15分）。自動販売機でジュースを買ってリフレッシュ
15:15 当日出荷分の最終チェックと仕分けを全員で仕上げます
17:45 作業スペースの清掃
18:00 退勤。残業は月平均6.5時間以内に収まっています

▶ お仕事の中身
✧ 検品：商品の外観チェック（傷・汚れ・へこみ）と数量・品番の照合
✧ スキャン：バーコードリーダーで「ピッ」と読み取ってデータと突き合わせ
✧ 梱包：袋詰め、緩衝材包装、ダンボールの組み立てと箱詰め、テープ留め
✧ 仕上げ：ラベル貼りと配送地域別の仕分け
扱うのはアパレル、コスメ、文房具、小型雑貨など。繰り返すうちに自然と手が覚える作業です。

▶ 未経験の方向け 1週間プログラム
✧ 1日目：会社説明、安全講習、作業場の見学
✧ 2日目：先輩の隣で検品の実演を見学し、午後から一緒に作業
✧ 3日目：梱包の袋詰め・箱詰めを先輩と一緒に担当
✧ 4日目：シール貼りと仕分けを一人で担当。先輩は同じ作業台で見守ります
✧ 5日目：検品から仕分けまでを通しで経験
覚えることは3ステップの繰り返し。資格や専門知識は必要ありません。

▶ 職場環境
✧ 空調完備：冷暖房が効いた清潔な室内で、夏も冬も快適
✧ 休憩室：電子レンジ・冷蔵庫・ポット・自動販売機あり。お弁当持参でもゆっくり過ごせます
✧ ロッカー：鍵付きの個人ロッカーで貴重品も安心
✧ 服装：髪色・ネイルは自由。動きやすい服装で通勤し、現場のルールに沿って作業します

▶ 品川雇用開発センターならではの一言
JR品川駅港南口から徒歩圏で、新幹線・京急線・JR各線が利用できる交通の要所です。
再開発の進むオフィスエリアで、都内各方面からの通勤がしやすい立地です。
品川雇用開発センターは港区エリアの勤務先を担当しているので、ご自宅からの通いやすさも含めて配属先を一緒に考えます。

「ちゃんと正社員として働きたい」その一歩を、品川雇用開発センターで踏み出しませんか。ご応募をお待ちしています！","【品川雇用開発センターからのアピールポイント】

✅ 資格・経験・学歴は不問
必要なのは「丁寧に確認する姿勢」だけ。仕事のやり方はすべて入社後にお伝えします。将来的に資格を取りたい方には資格取得支援制度と報奨金があり、キャリアの幅を広げられます。

✅ 土日祝休み・年間休日125日
完全週休2日制でカレンダー通りに休めます。夏季・冬季休暇、GW、年末年始のまとまった休みもあり、旅行や帰省の予定も立てやすい働き方です。

✅ 黙々・コツコツ派にぴったり
ノルマはなく、接客もありません。「一人で集中して作業したい」「人間関係のストレスを減らしたい」という方に向いている環境です。

✅ 髪色・ネイル・服装は自由
清潔感があれば普段のスタイルのままで大丈夫。動きやすい服装で通勤し、現場のルールに沿って作業します。

✅ 正社員としての安定と成長
正社員雇用に加え、社会保険完備、退職金制度、資格取得支援と報奨金などの制度があります。検品・梱包からスタートし、リーダーや別工程へのステップアップも目指せます。

✅ 港区エリアで通いやすい
JR品川駅港南口から徒歩圏で、新幹線・京急線・JR各線が利用できる交通の要所です。再開発の進むオフィスエリアで、都内各方面からの通勤がしやすい立地です。

「自分にもできそう」と思えたら、それがスタートの合図。品川雇用開発センターでお待ちしています！","例外事由3号のイにより、長期キャリア形成を図るため、
35歳以下を募集しております。","【勤務時間】
★9:00~18:00
└実働8時間/休憩1時間

定時ダッシュも問題ないです✧
✧ 土日祝休み
✧ 残業月平均:6.5時間以内
✧ 残業代100%支給","✧ 完全週休2日制(土日祝休み)
✧ 年間休日125日
「土日休みはマスト!」ってあなたにも
ぴったりの職場です!

【その他休暇】
✧ 有給休暇
✧ 夏季・冬季休暇
✧ GW休暇
✧ 年末年始休暇",東京都港区港南2-16-4 品川グランドセントラルタワー7F,品川雇用開発センター,"月給:25万円~+交通費全額支給

※経験に応じて決定いたします。

# 昇給あり
# 賞与あり
# 残業代100%支給
# 交通費支給","・各種社会保険完備（健康保険・厚生年金・雇用保険・労災保険）
・時間外手当・深夜手当・職能手当・役職手当・資格手当・業務手当
・退職金制度
・借上げ社宅・社員寮制度（規定あり）
・会社指示による転居時の引越費用・家賃補助（規定あり）
・定期健康診断（年1回）
・特別休暇（慶弔休暇）・産前産後休暇・育児休暇・介護休暇
・資格取得支援制度・資格取得報奨金
・社内研修制度・認定職業訓練校
・作業着・靴・手袋など業務に必要な備品は会社支給
・提携保養所・提携企業割引
・産業医・カウンセラーによる相談窓口","【最短スケジュールのイメージ】

▶ STEP1 今日：WEBから1分で応募
▶ STEP2 1〜3日後：担当者からご連絡 → カジュアル面談の日程調整
▶ STEP3 面談当日：カジュアル面談（1回のみ）→ 採用のご連絡

面談では、職場の雰囲気・1日の流れ・通勤のことなど、
気になることを何でも聞いてください。

✧ 入社日はご相談いただけます ✧
「すぐ働きたい」「少し先がいい」どちらのご希望にも対応します。",,即日勤務OK、交通費支給、残業なし,2,任意,生年月日、性別、電話番号,ntf-indeedapplicant-aaaatulx77tci2k2pr5yeqapva@shukatsu-labo.slack.com,,,利用しない,,
募集中,株式会社エイジェック,未経験｜検品・梱包｜株式会社エイジェック｜八王子雇用開発センター（八王子市）,倉庫作業スタッフ,20～30代活躍中◎残業少なめ｜八王子市で始める検品・梱包,,東京都 八王子市 東町,,,正社員,はい,月給,250000,,最低額を表示,なし,,,,,,,固定時間制,160,,厚生年金、健康保険、雇用保険、労災保険,,なし,,,,,,,,,,,,,,,,,,"コツコツ作業が好きな方にぴったりの、検品・梱包のお仕事です。
勤務先は八王子雇用開発センターが担当する八王子市エリアの物流センター。1年中快適な温度に保たれた倉庫内で、自分の作業台を担当します。
八王子雇用開発センターでは配属後も定期的に面談を行い、困りごとがあればすぐにフォローします。

▶ 1日の流れ（9:00〜18:00・休憩1時間）
09:00 朝礼。今日の出荷予定と担当作業を確認します
09:15 検品スタート。商品の傷・汚れ・数量を納品書と照らし合わせてチェック
12:00 昼休憩（60分）。休憩室で昼食。電子レンジや冷蔵庫も使えます
13:00 梱包スタート。袋詰め、緩衝材で包む、箱に納めるの繰り返し
15:00 小休憩（15分）。飲み物を片手にひと息
15:15 ラベル貼りと出荷先ごとの仕分け
17:45 作業台の片づけと翌日の資材準備
18:00 退勤！残業は月平均6.5時間以内で、定時に帰れる日が大半です

▶ お仕事の中身
✧ 検品：商品の外観チェック（傷・汚れ・へこみ）と数量・品番の照合
✧ スキャン：バーコードリーダーで「ピッ」と読み取ってデータと突き合わせ
✧ 梱包：袋詰め、緩衝材包装、ダンボールの組み立てと箱詰め、テープ留め
✧ 仕上げ：ラベル貼りと配送地域別の仕分け
扱うのはアパレル、コスメ、文房具、小型雑貨など。繰り返すうちに自然と手が覚える作業です。

▶ 入社後1週間の流れ
1日目：八王子雇用開発センターでオリエンテーション。安全ルールや勤怠の付け方、勤務先の設備を案内します
2〜3日目：先輩スタッフがマンツーマンで隣につき、検品の見方と梱包の手順を実演しながら説明
4〜5日目：シール貼りやダンボールの組み立てから一人で担当。分からないことはその場で質問できます
1週間後：検品〜仕分けまでの流れをひと通り経験し、自分のペースで進められるように
「早ければ半日、遅くとも2〜3日で一人立ち」が現場の目安ですが、慣れるまで焦らず伴走します。

▶ 設備のポイント
✧ 冷暖房完備の室内作業で、季節や天候に左右されません
✧ 休憩室に電子レンジ・冷蔵庫・ポットがあり、フリーWi-Fiも使えます
✧ 個人用の鍵付きロッカーを完備
✧ 髪色・ネイル・服装は自由。清潔感があれば普段のスタイルのままで大丈夫

▶ 東京都八王子市で働く
多摩地区最大の都市で、郊外の工業団地や圏央道沿いに物流施設が多く立地しています。
JR中央線・横浜線・八高線と京王線が乗り入れ、多摩エリア各方面から通勤しやすい交通の要所です。
八王子雇用開発センターのスタッフが地域の勤務先を熟知しているため、「家から近い」「駅から通える」といった希望にも応えやすいのが強みです。

「ちゃんと正社員として働きたい」その一歩を、八王子雇用開発センターで踏み出しませんか。ご応募をお待ちしています！","【八王子市で働く5つの魅力】

✅ マンツーマンで教えるから覚えやすい
専任の先輩が隣について、実演しながら手順を説明します。最初はシール貼りやダンボールの組み立てから始め、1週間でひと通りの流れを経験できるプログラムです。

✅ 9:00〜18:00の固定時間制
毎日同じリズムで働けるので、生活のペースが安定します。土日祝がお休みなので、友人や家族との予定も合わせやすい環境です。

✅ 重い荷物はほとんどなし
扱うのは衣類・コスメ・文房具・小型雑貨など軽い商品が中心。重量物の持ち上げや力仕事はほぼなく、身体への負担を抑えて長く続けられます。

✅ 髪色・ネイル・服装は自由
清潔感があれば普段のスタイルのままで大丈夫。動きやすい服装で通勤し、現場のルールに沿って作業します。

✅ 雇用開発センターが入社後も伴走
八王子雇用開発センターの担当者が定期的に面談し、職場では言いにくい悩みも聞き取ります。「一人で放り出される」ことはありません。

✅ 八王子市エリアで通いやすい
JR中央線・横浜線・八高線と京王線が乗り入れ、多摩エリア各方面から通勤しやすい交通の要所です。多摩地区最大の都市で、郊外の工業団地や圏央道沿いに物流施設が多く立地しています。

まずはカジュアル面談で、職場の雰囲気や1日の流れをお伝えします。お気軽にご応募ください！","例外事由3号のイにより、長期キャリア形成を図るため、
35歳以下を募集しております。","【勤務時間】
★9:00~18:00
└実働8時間/休憩1時間

定時ダッシュも問題ないです✧
✧ 土日祝休み
✧ 残業月平均:6.5時間以内
✧ 残業代100%支給","✧ 完全週休2日制(土日祝休み)
✧ 年間休日125日
「土日休みはマスト!」ってあなたにも
ぴったりの職場です!

【その他休暇】
✧ 有給休暇
✧ 夏季・冬季休暇
✧ GW休暇
✧ 年末年始休暇",東京都八王子市東町,八王子雇用開発センター,"月給:25万円~+交通費全額支給

※経験に応じて決定いたします。

# 昇給あり
# 賞与あり
# 残業代100%支給
# 交通費支給","・各種社会保険完備（健康保険・厚生年金・雇用保険・労災保険）
・時間外手当・深夜手当・職能手当・役職手当・資格手当・業務手当
・退職金制度
・借上げ社宅・社員寮制度（規定あり）
・会社指示による転居時の引越費用・家賃補助（規定あり）
・定期健康診断（年1回）
・特別休暇（慶弔休暇）・産前産後休暇・育児休暇・介護休暇
・資格取得支援制度・資格取得報奨金
・社内研修制度・認定職業訓練校
・作業着・靴・手袋など業務に必要な備品は会社支給
・提携保養所・提携企業割引
・産業医・カウンセラーによる相談窓口","■ 選考について ■
・カジュアル面談：1回のみ（服装自由・履歴書任意）
・応募から面談まで：WEB応募後、1〜3日以内にご連絡
・入社日：ご相談のうえ決定

■ 応募からの流れ ■
▶ STEP1 WEBから1分で応募
▶ STEP2 カジュアル面談（1回のみ）
▶ STEP3 採用

「まずは話だけ聞いてみたい」という方も、そのままご応募ください。
面談で無理に応募を勧めることはありません。",,即日勤務OK、交通費支給、残業なし,2,任意,生年月日、性別、電話番号,ntf-indeedapplicant-aaaatulx77tci2k2pr5yeqapva@shukatsu-labo.slack.com,,,利用しない,,
募集中,株式会社エイジェック,未経験｜検品・梱包｜株式会社エイジェック｜立川雇用開発センター（立川市）,倉庫作業スタッフ,20～30代活躍中◎立川市｜先輩がマンツーマンで教える軽作業,,東京都 立川市 曙町,,,正社員,はい,月給,250000,,最低額を表示,なし,,,,,,,固定時間制,160,,厚生年金、健康保険、雇用保険、労災保険,,なし,,,,,,,,,,,,,,,,,,"立川雇用開発センターが担当する立川市エリアの物流センターで、検品・梱包を担当する正社員スタッフを募集します！
扱うのは通販で人気のアパレル商品や雑貨、コスメなど。空調の効いたきれいな倉庫で、商品を確認して箱に詰めていくシンプルな作業です。
立川雇用開発センターのスタッフが入社前から入社後まで伴走するので、初めての正社員でも安心してスタートできます。

▶ 入社後はこんな1日になります
09:00 朝礼。体調チェックと当日の出荷量を共有
09:15 午前は検品を担当。外観を目視で確認し、気になる商品は別置きにしてリーダーへ
12:00 昼休憩（60分）
13:00 午後は梱包。袋詰め→箱詰め→テープ留めの3工程を繰り返します
15:00 小休憩（15分）。自動販売機でジュースを買ってリフレッシュ
15:15 当日出荷分の最終チェックと仕分けを全員で仕上げます
17:45 作業スペースの清掃
18:00 退勤。残業は月平均6.5時間以内に収まっています

▶ 扱う商品・作業の具体例
✧ 衣類・タオル：ほつれや汚れがないか確認し、透明袋に入れます
✧ コスメ・ガラス小物：割れないよう緩衝材で包んでから箱へ
✧ 文房具・生活雑貨：品番と個数を納品書と照合し、まとめて袋詰め
✧ 出荷箱：伝票シールと「割れ物注意」などの注意シールを所定の位置に貼ります
どれも片手〜両手で持てるサイズで、重量物の持ち上げはありません。

▶ 教育・研修体制
入社初日は安全講習とオリエンテーションから。いきなり一人で現場に立つことはありません。
2日目以降は専任の先輩が隣について、検品・梱包の手順を実際にやって見せながら教えます。
最初の1週間は「見る→一緒にやる→一人でやる」の順で担当を広げ、1週間後にはひと通りの作業を経験できます。
立川雇用開発センターの担当者も定期的に様子を見に来るので、職場に言いにくいことも相談できます。

▶ 職場環境
✧ 空調完備：冷暖房が効いた清潔な室内で、夏も冬も快適
✧ 休憩室：電子レンジ・冷蔵庫・ポット・自動販売機あり。お弁当持参でもゆっくり過ごせます
✧ ロッカー：鍵付きの個人ロッカーで貴重品も安心
✧ 服装：髪色・ネイルは自由。動きやすい服装で通勤し、現場のルールに沿って作業します

▶ 東京都立川市で働く
駅周辺は商業施設が充実し、仕事帰りの買い物や食事にも困らない街です。
JR中央線・南武線・青梅線と多摩モノレールが集まる、多摩エリア最大級のターミナルです。
立川雇用開発センターのスタッフが地域の勤務先を熟知しているため、「家から近い」「駅から通える」といった希望にも応えやすいのが強みです。

立川雇用開発センターが、あなたのキャリアの第一歩を全力でサポートします。まずはお気軽にご応募ください！","【立川雇用開発センターからのアピールポイント】

✅ マンツーマンで教えるから覚えやすい
専任の先輩が隣について、実演しながら手順を説明します。最初はシール貼りやダンボールの組み立てから始め、1週間でひと通りの流れを経験できるプログラムです。

✅ 残業は月平均6.5時間以内
定時で帰れる日がほとんど。仕事の後にジムや習い事に通ったり、家でゆっくりしたり、自分の時間をしっかり確保できます。

✅ 重い荷物はほとんどなし
扱うのは衣類・コスメ・文房具・小型雑貨など軽い商品が中心。重量物の持ち上げや力仕事はほぼなく、身体への負担を抑えて長く続けられます。

✅ 髪色・ネイル・服装は自由
清潔感があれば普段のスタイルのままで大丈夫。動きやすい服装で通勤し、現場のルールに沿って作業します。

✅ 全国に拠点があるから相談先が近い
東京都内の勤務先を立川雇用開発センターが担当しているため、通勤や配属の相談にすぐ対応できます。「家から近い職場がいい」といった希望も伝えてください。

✅ 地元立川市で腰を据えて働く
駅周辺は商業施設が充実し、仕事帰りの買い物や食事にも困らない街です。JR中央線・南武線・青梅線と多摩モノレールが集まる、多摩エリア最大級のターミナルです。

まずはカジュアル面談で、職場の雰囲気や1日の流れをお伝えします。お気軽にご応募ください！","例外事由3号のイにより、長期キャリア形成を図るため、
35歳以下を募集しております。","【勤務時間】
★9:00~18:00
└実働8時間/休憩1時間

定時ダッシュも問題ないです✧
✧ 土日祝休み
✧ 残業月平均:6.5時間以内
✧ 残業代100%支給","✧ 完全週休2日制(土日祝休み)
✧ 年間休日125日
「土日休みはマスト!」ってあなたにも
ぴったりの職場です!

【その他休暇】
✧ 有給休暇
✧ 夏季・冬季休暇
✧ GW休暇
✧ 年末年始休暇",東京都立川市曙町,立川雇用開発センター,"月給:25万円~+交通費全額支給

※経験に応じて決定いたします。

# 昇給あり
# 賞与あり
# 残業代100%支給
# 交通費支給","・各種社会保険完備（健康保険・厚生年金・雇用保険・労災保険）
・時間外手当・深夜手当・職能手当・役職手当・資格手当・業務手当
・退職金制度
・借上げ社宅・社員寮制度（規定あり）
・会社指示による転居時の引越費用・家賃補助（規定あり）
・定期健康診断（年1回）
・特別休暇（慶弔休暇）・産前産後休暇・育児休暇・介護休暇
・資格取得支援制度・資格取得報奨金
・社内研修制度・認定職業訓練校
・作業着・靴・手袋など業務に必要な備品は会社支給
・提携保養所・提携企業割引
・産業医・カウンセラーによる相談窓口","✧ カジュアル面談実施中です ✧

応募に必要なのは人柄だけ。
まずはあなたのご希望を聞かせてください。

■ 応募からの流れ ■
▶ STEP1 WEBから1分で簡単応募
1〜3日以内に担当者からご連絡します。
▶ STEP2 カジュアル面談（1回のみ）
職場の雰囲気や1日の流れをお伝えし、ご希望を伺います。
▶ STEP3 採用

※入社日はご相談いただけます◎
在職中の方も、お気軽にご相談ください。",,即日勤務OK、交通費支給、残業なし,2,任意,生年月日、性別、電話番号,ntf-indeedapplicant-aaaatulx77tci2k2pr5yeqapva@shukatsu-labo.slack.com,,,利用しない,,
募集中,株式会社エイジェック,未経験｜検品・梱包｜株式会社エイジェック｜横浜雇用開発センター（横浜市西区）,倉庫作業スタッフ,20～30代活躍中◎土日祝休み｜横浜市西区エリアで軽作業の正社員に,,神奈川県 横浜市 西区 みなとみらい,,,正社員,はい,月給,250000,,最低額を表示,なし,,,,,,,固定時間制,160,,厚生年金、健康保険、雇用保険、労災保険,,なし,,,,,,,,,,,,,,,,,,"「未経験から、ちゃんとした正社員として働きたい」その気持ちを横浜雇用開発センターが応援します。
勤務先は横浜雇用開発センターが担当する横浜市西区エリアの物流センター。届いた商品に不備がないかをチェックし、丁寧に梱包して出荷準備をするお仕事です。
冷暖房完備の室内で、重い荷物を運ぶことはほとんどありません。

▶ 1日の流れ（9:00〜18:00・休憩1時間）
09:00 朝礼。今日の出荷予定と担当作業を確認します
09:15 検品スタート。商品の傷・汚れ・数量を納品書と照らし合わせてチェック
12:00 昼休憩（60分）。休憩室で昼食。電子レンジや冷蔵庫も使えます
13:00 梱包スタート。袋詰め、緩衝材で包む、箱に納めるの繰り返し
15:00 小休憩（15分）。飲み物を片手にひと息
15:15 ラベル貼りと出荷先ごとの仕分け
17:45 作業台の片づけと翌日の資材準備
18:00 退勤！残業は月平均6.5時間以内で、定時に帰れる日が大半です

▶ 扱う商品・作業の具体例
✧ 衣類・タオル：ほつれや汚れがないか確認し、透明袋に入れます
✧ コスメ・ガラス小物：割れないよう緩衝材で包んでから箱へ
✧ 文房具・生活雑貨：品番と個数を納品書と照合し、まとめて袋詰め
✧ 出荷箱：伝票シールと「割れ物注意」などの注意シールを所定の位置に貼ります
どれも片手〜両手で持てるサイズで、重量物の持ち上げはありません。

▶ 未経験の方向け 1週間プログラム
✧ 1日目：会社説明、安全講習、作業場の見学
✧ 2日目：先輩の隣で検品の実演を見学し、午後から一緒に作業
✧ 3日目：梱包の袋詰め・箱詰めを先輩と一緒に担当
✧ 4日目：シール貼りと仕分けを一人で担当。先輩は同じ作業台で見守ります
✧ 5日目：検品から仕分けまでを通しで経験
覚えることは3ステップの繰り返し。資格や専門知識は必要ありません。

▶ 働く環境
作業場は1年中空調が効いていて、「夏は暑くて汗だく」「冬は手がかじかむ」といった心配がありません。
休憩室は広く、電子レンジや冷蔵庫、自動販売機が揃っています。
鍵付きロッカーがあるので、貴重品の管理も安心。
服装や髪色は自由で、自分らしいスタイルのまま通勤できます。

▶ 横浜雇用開発センターならではの一言
横浜駅・みなとみらい駅から徒歩圏で、JR・私鉄・地下鉄各線が利用できます。
みなとみらい地区の整った街並みの中にあり、仕事帰りに立ち寄れる場所も豊富です。
横浜雇用開発センターは横浜市西区エリアの勤務先を担当しているので、ご自宅からの通いやすさも含めて配属先を一緒に考えます。

「ちゃんと正社員として働きたい」その一歩を、横浜雇用開発センターで踏み出しませんか。ご応募をお待ちしています！","【横浜市西区で働く5つの魅力】

✅ 先輩の9割以上が未経験スタート
「商品を手に取る」「傷がないか見る」「箱に入れる」の3ステップが仕事の基本。専門用語も複雑な機械操作もなく、初日は安全講習とオリエンテーションから始まるので安心です。

✅ 土日祝休み・年間休日125日
完全週休2日制でカレンダー通りに休めます。夏季・冬季休暇、GW、年末年始のまとまった休みもあり、旅行や帰省の予定も立てやすい働き方です。

✅ 重い荷物はほとんどなし
扱うのは衣類・コスメ・文房具・小型雑貨など軽い商品が中心。重量物の持ち上げや力仕事はほぼなく、身体への負担を抑えて長く続けられます。

✅ 髪色・ネイル・服装は自由
清潔感があれば普段のスタイルのままで大丈夫。動きやすい服装で通勤し、現場のルールに沿って作業します。

✅ 正社員としての安定と成長
正社員雇用に加え、社会保険完備、退職金制度、資格取得支援と報奨金などの制度があります。検品・梱包からスタートし、リーダーや別工程へのステップアップも目指せます。

✅ 地元横浜市西区で腰を据えて働く
みなとみらい地区の整った街並みの中にあり、仕事帰りに立ち寄れる場所も豊富です。横浜駅・みなとみらい駅から徒歩圏で、JR・私鉄・地下鉄各線が利用できます。

「自分にもできそう」と思えたら、それがスタートの合図。横浜雇用開発センターでお待ちしています！","例外事由3号のイにより、長期キャリア形成を図るため、
35歳以下を募集しております。","【勤務時間】
★9:00~18:00
└実働8時間/休憩1時間

定時ダッシュも問題ないです✧
✧ 土日祝休み
✧ 残業月平均:6.5時間以内
✧ 残業代100%支給","✧ 完全週休2日制(土日祝休み)
✧ 年間休日125日
「土日休みはマスト!」ってあなたにも
ぴったりの職場です!

【その他休暇】
✧ 有給休暇
✧ 夏季・冬季休暇
✧ GW休暇
✧ 年末年始休暇",神奈川県横浜市西区みなとみらい2-3-5 クイーンズタワーC棟9F,横浜雇用開発センター,"月給:25万円~+交通費全額支給

※経験に応じて決定いたします。

# 昇給あり
# 賞与あり
# 残業代100%支給
# 交通費支給","・各種社会保険完備（健康保険・厚生年金・雇用保険・労災保険）
・時間外手当・深夜手当・職能手当・役職手当・資格手当・業務手当
・退職金制度
・借上げ社宅・社員寮制度（規定あり）
・会社指示による転居時の引越費用・家賃補助（規定あり）
・定期健康診断（年1回）
・特別休暇（慶弔休暇）・産前産後休暇・育児休暇・介護休暇
・資格取得支援制度・資格取得報奨金
・社内研修制度・認定職業訓練校
・作業着・靴・手袋など業務に必要な備品は会社支給
・提携保養所・提携企業割引
・産業医・カウンセラーによる相談窓口","【応募前の「気になる」にお答えします】

Q. 面接は堅苦しいですか？
A. いいえ。カジュアル面談を1回行うだけです。服装も自由、履歴書も任意です。

Q. 応募してからどのくらいで決まりますか？
A. 3ステップで進みます。
▶ STEP1 WEBから応募（1分）→ 1〜3日以内にご連絡
▶ STEP2 カジュアル面談（1回のみ）
▶ STEP3 採用

Q. すぐには入社できないのですが…
A. 入社日はご相談いただけます。今のお仕事の引き継ぎ期間なども考慮します。",,即日勤務OK、交通費支給、残業なし,2,任意,生年月日、性別、電話番号,ntf-indeedapplicant-aaaatulx77tci2k2pr5yeqapva@shukatsu-labo.slack.com,,,利用しない,,
募集中,株式会社エイジェック,未経験｜検品・梱包｜株式会社エイジェック｜厚木雇用開発センター（厚木市）,倉庫作業スタッフ,20～30代活躍中◎厚木市｜年間休日125日でプライベート充実,,神奈川県 厚木市 中町,,,正社員,はい,月給,250000,,最低額を表示,なし,,,,,,,固定時間制,160,,厚生年金、健康保険、雇用保険、労災保険,,なし,,,,,,,,,,,,,,,,,,"神奈川県厚木市エリアで、検品・梱包スタッフ（正社員）を募集しています。
勤務先は厚木雇用開発センターが担当する厚木市エリアの物流センター。衣類・コスメ・文房具などの軽い商品を、目で確認し、数を合わせ、袋や箱に納める作業が中心です。
「難しいことは苦手」という方でも、3日ほどで流れがつかめるシンプルな仕事です。

▶ ある日のスケジュール
09:00 出勤・朝礼。リーダーから連絡事項と注意点の共有
09:10 ハンディ端末で商品のバーコードを読み取り、品番と個数を照合します
10:30 小休憩（10分）
12:00 昼休憩（60分）。お弁当派も外食派も、それぞれのスタイルで
13:00 午後は梱包。ダンボールを組み立て、商品が動かないように納めます
15:00 小休憩（15分）
15:15 出荷準備。伝票シールを貼って配送業者ごとにコンテナへ
17:45 清掃と日報の記入
18:00 定時退勤。土日祝休みなので、明日の予定も立てやすい！

▶ 作業は3ステップ
1. 検品：商品を手に取り、傷・汚れ・数量を確認。迷ったら「保留」箱に入れてリーダーに聞くだけ
2. 梱包：商品に合わせて袋・緩衝材・箱を選び、動かないように納めてテープで封をします
3. 仕分け：伝票シールを貼り、配送地域ごとのコンテナへ
衣類・雑貨・コスメ・文房具などの軽い商品が中心で、フォークリフトなどの機械操作はありません。

▶ 未経験の方向け 1週間プログラム
✧ 1日目：会社説明、安全講習、作業場の見学
✧ 2日目：先輩の隣で検品の実演を見学し、午後から一緒に作業
✧ 3日目：梱包の袋詰め・箱詰めを先輩と一緒に担当
✧ 4日目：シール貼りと仕分けを一人で担当。先輩は同じ作業台で見守ります
✧ 5日目：検品から仕分けまでを通しで経験
覚えることは3ステップの繰り返し。資格や専門知識は必要ありません。

▶ 設備のポイント
✧ 冷暖房完備の室内作業で、季節や天候に左右されません
✧ 休憩室に電子レンジ・冷蔵庫・ポットがあり、フリーWi-Fiも使えます
✧ 個人用の鍵付きロッカーを完備
✧ 髪色・ネイル・服装は自由。清潔感があれば普段のスタイルのままで大丈夫

▶ 神奈川県厚木市で働く
県央エリアの物流拠点が集まる街で、大型の配送センターが数多く立地しています。
小田急線の本厚木駅が最寄りで、東名高速・圏央道のICも近く車通勤にも向いています。
厚木雇用開発センターのスタッフが地域の勤務先を熟知しているため、「家から近い」「駅から通える」といった希望にも応えやすいのが強みです。

「ちゃんと正社員として働きたい」その一歩を、厚木雇用開発センターで踏み出しませんか。ご応募をお待ちしています！","【厚木雇用開発センターからのアピールポイント】

✅ 先輩の9割以上が未経験スタート
「商品を手に取る」「傷がないか見る」「箱に入れる」の3ステップが仕事の基本。専門用語も複雑な機械操作もなく、初日は安全講習とオリエンテーションから始まるので安心です。

✅ 9:00〜18:00の固定時間制
毎日同じリズムで働けるので、生活のペースが安定します。土日祝がお休みなので、友人や家族との予定も合わせやすい環境です。

✅ 黙々・コツコツ派にぴったり
ノルマはなく、接客もありません。「一人で集中して作業したい」「人間関係のストレスを減らしたい」という方に向いている環境です。

✅ 空調完備の清潔な倉庫
冷暖房がしっかり効いた室内で、季節を問わず快適。休憩室には電子レンジ・冷蔵庫・自動販売機があり、鍵付きロッカーも完備しています。

✅ 雇用開発センターが入社後も伴走
厚木雇用開発センターの担当者が定期的に面談し、職場では言いにくい悩みも聞き取ります。「一人で放り出される」ことはありません。

✅ 地元厚木市で腰を据えて働く
県央エリアの物流拠点が集まる街で、大型の配送センターが数多く立地しています。小田急線の本厚木駅が最寄りで、東名高速・圏央道のICも近く車通勤にも向いています。

まずはカジュアル面談で、職場の雰囲気や1日の流れをお伝えします。お気軽にご応募ください！","例外事由3号のイにより、長期キャリア形成を図るため、
35歳以下を募集しております。","【勤務時間】
★9:00~18:00
└実働8時間/休憩1時間

定時ダッシュも問題ないです✧
✧ 土日祝休み
✧ 残業月平均:6.5時間以内
✧ 残業代100%支給","✧ 完全週休2日制(土日祝休み)
✧ 年間休日125日
「土日休みはマスト!」ってあなたにも
ぴったりの職場です!

【その他休暇】
✧ 有給休暇
✧ 夏季・冬季休暇
✧ GW休暇
✧ 年末年始休暇",神奈川県厚木市中町,厚木雇用開発センター,"月給:25万円~+交通費全額支給

※経験に応じて決定いたします。

# 昇給あり
# 賞与あり
# 残業代100%支給
# 交通費支給","・各種社会保険完備（健康保険・厚生年金・雇用保険・労災保険）
・時間外手当・深夜手当・職能手当・役職手当・資格手当・業務手当
・退職金制度
・借上げ社宅・社員寮制度（規定あり）
・会社指示による転居時の引越費用・家賃補助（規定あり）
・定期健康診断（年1回）
・特別休暇（慶弔休暇）・産前産後休暇・育児休暇・介護休暇
・資格取得支援制度・資格取得報奨金
・社内研修制度・認定職業訓練校
・作業着・靴・手袋など業務に必要な備品は会社支給
・提携保養所・提携企業割引
・産業医・カウンセラーによる相談窓口","まずは「話を聞いてみる」だけで大丈夫です。

当社ではカジュアル面談を実施しています。
志望動機や自己PRの準備は不要。
「どんな職場？」「本当に未経験でもできる？」といった疑問に、担当者が率直にお答えします。

■ 応募から入社までの3STEP ■
▶ STEP1 WEB応募（1分）
▶ STEP2 カジュアル面談（1回のみ・1〜3日以内にご連絡）
▶ STEP3 採用・入社日のご相談

入社日は柔軟に調整できます。
「来月から」「今の仕事を辞めてから」など、ご都合をお聞かせください。",,即日勤務OK、交通費支給、残業なし,2,任意,生年月日、性別、電話番号,ntf-indeedapplicant-aaaatulx77tci2k2pr5yeqapva@shukatsu-labo.slack.com,,,利用しない,,
募集中,株式会社エイジェック,未経験｜検品・梱包｜株式会社エイジェック｜川崎雇用開発センター（川崎市川崎区）,倉庫作業スタッフ,20～30代活躍中◎安定して働く｜川崎市川崎区エリアの検品・梱包スタッフ,,神奈川県 川崎市 川崎区 駅前本町,,,正社員,はい,月給,250000,,最低額を表示,なし,,,,,,,固定時間制,160,,厚生年金、健康保険、雇用保険、労災保険,,なし,,,,,,,,,,,,,,,,,,"コツコツ作業が好きな方にぴったりの、検品・梱包のお仕事です。
勤務先は川崎雇用開発センターが担当する川崎市川崎区エリアの物流センター。1年中快適な温度に保たれた倉庫内で、自分の作業台を担当します。
川崎雇用開発センターでは配属後も定期的に面談を行い、困りごとがあればすぐにフォローします。

▶ 入社後はこんな1日になります
09:00 朝礼。体調チェックと当日の出荷量を共有
09:15 午前は検品を担当。外観を目視で確認し、気になる商品は別置きにしてリーダーへ
12:00 昼休憩（60分）
13:00 午後は梱包。袋詰め→箱詰め→テープ留めの3工程を繰り返します
15:00 小休憩（15分）。自動販売機でジュースを買ってリフレッシュ
15:15 当日出荷分の最終チェックと仕分けを全員で仕上げます
17:45 作業スペースの清掃
18:00 退勤。残業は月平均6.5時間以内に収まっています

▶ こんな商品を扱います
通販サイトで人気のアパレル商品、生活雑貨、コスメ、文房具が中心です。
✧ シャツやタオルを畳んで透明袋へ
✧ コスメ容器のひび割れを目視で確認
✧ 文房具のセット品を指定の個数で袋詰め
✧ 箱にラベルを貼って配送業者ごとの台車へ
作業台の高さは調整されていて、身体への負担を抑えて働けます。

▶ 入社後1週間の流れ
1日目：川崎雇用開発センターでオリエンテーション。安全ルールや勤怠の付け方、勤務先の設備を案内します
2〜3日目：先輩スタッフがマンツーマンで隣につき、検品の見方と梱包の手順を実演しながら説明
4〜5日目：シール貼りやダンボールの組み立てから一人で担当。分からないことはその場で質問できます
1週間後：検品〜仕分けまでの流れをひと通り経験し、自分のペースで進められるように
「早ければ半日、遅くとも2〜3日で一人立ち」が現場の目安ですが、慣れるまで焦らず伴走します。

▶ 働く環境
作業場は1年中空調が効いていて、「夏は暑くて汗だく」「冬は手がかじかむ」といった心配がありません。
休憩室は広く、電子レンジや冷蔵庫、自動販売機が揃っています。
鍵付きロッカーがあるので、貴重品の管理も安心。
服装や髪色は自由で、自分らしいスタイルのまま通勤できます。

▶ 神奈川県川崎市川崎区で働く
臨海部に工場や物流倉庫が集まる川崎の中心エリアで、製造・物流の仕事が身近です。
JR川崎駅・京急川崎駅が最寄りで、東京・横浜のどちらからも短時間で通えます。
川崎雇用開発センターのスタッフが地域の勤務先を熟知しているため、「家から近い」「駅から通える」といった希望にも応えやすいのが強みです。

川崎雇用開発センターが、あなたのキャリアの第一歩を全力でサポートします。まずはお気軽にご応募ください！","【川崎市川崎区で働く5つの魅力】

✅ 資格・経験・学歴は不問
必要なのは「丁寧に確認する姿勢」だけ。仕事のやり方はすべて入社後にお伝えします。将来的に資格を取りたい方には資格取得支援制度と報奨金があり、キャリアの幅を広げられます。

✅ 土日祝休み・年間休日125日
完全週休2日制でカレンダー通りに休めます。夏季・冬季休暇、GW、年末年始のまとまった休みもあり、旅行や帰省の予定も立てやすい働き方です。

✅ 黙々・コツコツ派にぴったり
ノルマはなく、接客もありません。「一人で集中して作業したい」「人間関係のストレスを減らしたい」という方に向いている環境です。

✅ 空調完備の清潔な倉庫
冷暖房がしっかり効いた室内で、季節を問わず快適。休憩室には電子レンジ・冷蔵庫・自動販売機があり、鍵付きロッカーも完備しています。

✅ 全国に拠点があるから相談先が近い
神奈川県内の勤務先を川崎雇用開発センターが担当しているため、通勤や配属の相談にすぐ対応できます。「家から近い職場がいい」といった希望も伝えてください。

✅ 川崎市川崎区エリアで通いやすい
JR川崎駅・京急川崎駅が最寄りで、東京・横浜のどちらからも短時間で通えます。臨海部に工場や物流倉庫が集まる川崎の中心エリアで、製造・物流の仕事が身近です。

「自分にもできそう」と思えたら、それがスタートの合図。川崎雇用開発センターでお待ちしています！","例外事由3号のイにより、長期キャリア形成を図るため、
35歳以下を募集しております。","【勤務時間】
★9:00~18:00
└実働8時間/休憩1時間

定時ダッシュも問題ないです✧
✧ 土日祝休み
✧ 残業月平均:6.5時間以内
✧ 残業代100%支給","✧ 完全週休2日制(土日祝休み)
✧ 年間休日125日
「土日休みはマスト!」ってあなたにも
ぴったりの職場です!

【その他休暇】
✧ 有給休暇
✧ 夏季・冬季休暇
✧ GW休暇
✧ 年末年始休暇",神奈川県川崎市川崎区駅前本町,川崎雇用開発センター,"月給:25万円~+交通費全額支給

※経験に応じて決定いたします。

# 昇給あり
# 賞与あり
# 残業代100%支給
# 交通費支給","・各種社会保険完備（健康保険・厚生年金・雇用保険・労災保険）
・時間外手当・深夜手当・職能手当・役職手当・資格手当・業務手当
・退職金制度
・借上げ社宅・社員寮制度（規定あり）
・会社指示による転居時の引越費用・家賃補助（規定あり）
・定期健康診断（年1回）
・特別休暇（慶弔休暇）・産前産後休暇・育児休暇・介護休暇
・資格取得支援制度・資格取得報奨金
・社内研修制度・認定職業訓練校
・作業着・靴・手袋など業務に必要な備品は会社支給
・提携保養所・提携企業割引
・産業医・カウンセラーによる相談窓口","【最短スケジュールのイメージ】

▶ STEP1 今日：WEBから1分で応募
▶ STEP2 1〜3日後：担当者からご連絡 → カジュアル面談の日程調整
▶ STEP3 面談当日：カジュアル面談（1回のみ）→ 採用のご連絡

面談では、職場の雰囲気・1日の流れ・通勤のことなど、
気になることを何でも聞いてください。

✧ 入社日はご相談いただけます ✧
「すぐ働きたい」「少し先がいい」どちらのご希望にも対応します。",,即日勤務OK、交通費支給、残業なし,2,任意,生年月日、性別、電話番号,ntf-indeedapplicant-aaaatulx77tci2k2pr5yeqapva@shukatsu-labo.slack.com,,,利用しない,,
募集中,株式会社エイジェック,未経験｜検品・梱包｜株式会社エイジェック｜藤沢雇用開発センター（藤沢市）,倉庫作業スタッフ,20～30代活躍中◎藤沢市｜空調完備の倉庫でシンプル作業,,神奈川県 藤沢市 藤沢,,,正社員,はい,月給,250000,,最低額を表示,なし,,,,,,,固定時間制,160,,厚生年金、健康保険、雇用保険、労災保険,,なし,,,,,,,,,,,,,,,,,,"藤沢雇用開発センターが担当する藤沢市エリアの物流センターで、検品・梱包を担当する正社員スタッフを募集します！
扱うのは通販で人気のアパレル商品や雑貨、コスメなど。空調の効いたきれいな倉庫で、商品を確認して箱に詰めていくシンプルな作業です。
藤沢雇用開発センターのスタッフが入社前から入社後まで伴走するので、初めての正社員でも安心してスタートできます。

▶ ある日のスケジュール
09:00 出勤・朝礼。リーダーから連絡事項と注意点の共有
09:10 ハンディ端末で商品のバーコードを読み取り、品番と個数を照合します
10:30 小休憩（10分）
12:00 昼休憩（60分）。お弁当派も外食派も、それぞれのスタイルで
13:00 午後は梱包。ダンボールを組み立て、商品が動かないように納めます
15:00 小休憩（15分）
15:15 出荷準備。伝票シールを貼って配送業者ごとにコンテナへ
17:45 清掃と日報の記入
18:00 定時退勤。土日祝休みなので、明日の予定も立てやすい！

▶ こんな商品を扱います
通販サイトで人気のアパレル商品、生活雑貨、コスメ、文房具が中心です。
✧ シャツやタオルを畳んで透明袋へ
✧ コスメ容器のひび割れを目視で確認
✧ 文房具のセット品を指定の個数で袋詰め
✧ 箱にラベルを貼って配送業者ごとの台車へ
作業台の高さは調整されていて、身体への負担を抑えて働けます。

▶ 教育・研修体制
入社初日は安全講習とオリエンテーションから。いきなり一人で現場に立つことはありません。
2日目以降は専任の先輩が隣について、検品・梱包の手順を実際にやって見せながら教えます。
最初の1週間は「見る→一緒にやる→一人でやる」の順で担当を広げ、1週間後にはひと通りの作業を経験できます。
藤沢雇用開発センターの担当者も定期的に様子を見に来るので、職場に言いにくいことも相談できます。

▶ 設備のポイント
✧ 冷暖房完備の室内作業で、季節や天候に左右されません
✧ 休憩室に電子レンジ・冷蔵庫・ポットがあり、フリーWi-Fiも使えます
✧ 個人用の鍵付きロッカーを完備
✧ 髪色・ネイル・服装は自由。清潔感があれば普段のスタイルのままで大丈夫

▶ 藤沢雇用開発センターならではの一言
JR東海道線・小田急江ノ島線・江ノ電が使える藤沢駅が最寄りで、湘南エリアの交通の中心です。
海が近い湘南の街で、休日はゆったり過ごしたい方にも人気のエリアです。
藤沢雇用開発センターは藤沢市エリアの勤務先を担当しているので、ご自宅からの通いやすさも含めて配属先を一緒に考えます。

「ちゃんと正社員として働きたい」その一歩を、藤沢雇用開発センターで踏み出しませんか。ご応募をお待ちしています！","【藤沢雇用開発センターからのアピールポイント】

✅ 資格・経験・学歴は不問
必要なのは「丁寧に確認する姿勢」だけ。仕事のやり方はすべて入社後にお伝えします。将来的に資格を取りたい方には資格取得支援制度と報奨金があり、キャリアの幅を広げられます。

✅ 9:00〜18:00の固定時間制
毎日同じリズムで働けるので、生活のペースが安定します。土日祝がお休みなので、友人や家族との予定も合わせやすい環境です。

✅ 重い荷物はほとんどなし
扱うのは衣類・コスメ・文房具・小型雑貨など軽い商品が中心。重量物の持ち上げや力仕事はほぼなく、身体への負担を抑えて長く続けられます。

✅ 空調完備の清潔な倉庫
冷暖房がしっかり効いた室内で、季節を問わず快適。休憩室には電子レンジ・冷蔵庫・自動販売機があり、鍵付きロッカーも完備しています。

✅ 正社員としての安定と成長
正社員雇用に加え、社会保険完備、退職金制度、資格取得支援と報奨金などの制度があります。検品・梱包からスタートし、リーダーや別工程へのステップアップも目指せます。

✅ 藤沢市エリアで通いやすい
JR東海道線・小田急江ノ島線・江ノ電が使える藤沢駅が最寄りで、湘南エリアの交通の中心です。海が近い湘南の街で、休日はゆったり過ごしたい方にも人気のエリアです。

まずはカジュアル面談で、職場の雰囲気や1日の流れをお伝えします。お気軽にご応募ください！","例外事由3号のイにより、長期キャリア形成を図るため、
35歳以下を募集しております。","【勤務時間】
★9:00~18:00
└実働8時間/休憩1時間

定時ダッシュも問題ないです✧
✧ 土日祝休み
✧ 残業月平均:6.5時間以内
✧ 残業代100%支給","✧ 完全週休2日制(土日祝休み)
✧ 年間休日125日
「土日休みはマスト!」ってあなたにも
ぴったりの職場です!

【その他休暇】
✧ 有給休暇
✧ 夏季・冬季休暇
✧ GW休暇
✧ 年末年始休暇",神奈川県藤沢市藤沢,藤沢雇用開発センター,"月給:25万円~+交通費全額支給

※経験に応じて決定いたします。

# 昇給あり
# 賞与あり
# 残業代100%支給
# 交通費支給","・各種社会保険完備（健康保険・厚生年金・雇用保険・労災保険）
・時間外手当・深夜手当・職能手当・役職手当・資格手当・業務手当
・退職金制度
・借上げ社宅・社員寮制度（規定あり）
・会社指示による転居時の引越費用・家賃補助（規定あり）
・定期健康診断（年1回）
・特別休暇（慶弔休暇）・産前産後休暇・育児休暇・介護休暇
・資格取得支援制度・資格取得報奨金
・社内研修制度・認定職業訓練校
・作業着・靴・手袋など業務に必要な備品は会社支給
・提携保養所・提携企業割引
・産業医・カウンセラーによる相談窓口","■ 選考について ■
・カジュアル面談：1回のみ（服装自由・履歴書任意）
・応募から面談まで：WEB応募後、1〜3日以内にご連絡
・入社日：ご相談のうえ決定

■ 応募からの流れ ■
▶ STEP1 WEBから1分で応募
▶ STEP2 カジュアル面談（1回のみ）
▶ STEP3 採用

「まずは話だけ聞いてみたい」という方も、そのままご応募ください。
面談で無理に応募を勧めることはありません。",,即日勤務OK、交通費支給、残業なし,2,任意,生年月日、性別、電話番号,ntf-indeedapplicant-aaaatulx77tci2k2pr5yeqapva@shukatsu-labo.slack.com,,,利用しない,,
募集中,株式会社エイジェック,未経験｜検品・梱包｜株式会社エイジェック｜相模原雇用開発センター（相模原市中央区）,倉庫作業スタッフ,20～30代活躍中◎定時退勤が基本｜相模原市中央区で検品・梱包の正社員,,神奈川県 相模原市 中央区 相模原,,,正社員,はい,月給,250000,,最低額を表示,なし,,,,,,,固定時間制,160,,厚生年金、健康保険、雇用保険、労災保険,,なし,,,,,,,,,,,,,,,,,,"「未経験から、ちゃんとした正社員として働きたい」その気持ちを相模原雇用開発センターが応援します。
勤務先は相模原雇用開発センターが担当する相模原市中央区エリアの物流センター。届いた商品に不備がないかをチェックし、丁寧に梱包して出荷準備をするお仕事です。
冷暖房完備の室内で、重い荷物を運ぶことはほとんどありません。

▶ 入社後はこんな1日になります
09:00 朝礼。体調チェックと当日の出荷量を共有
09:15 午前は検品を担当。外観を目視で確認し、気になる商品は別置きにしてリーダーへ
12:00 昼休憩（60分）
13:00 午後は梱包。袋詰め→箱詰め→テープ留めの3工程を繰り返します
15:00 小休憩（15分）。自動販売機でジュースを買ってリフレッシュ
15:15 当日出荷分の最終チェックと仕分けを全員で仕上げます
17:45 作業スペースの清掃
18:00 退勤。残業は月平均6.5時間以内に収まっています

▶ お仕事の中身
✧ 検品：商品の外観チェック（傷・汚れ・へこみ）と数量・品番の照合
✧ スキャン：バーコードリーダーで「ピッ」と読み取ってデータと突き合わせ
✧ 梱包：袋詰め、緩衝材包装、ダンボールの組み立てと箱詰め、テープ留め
✧ 仕上げ：ラベル貼りと配送地域別の仕分け
扱うのはアパレル、コスメ、文房具、小型雑貨など。繰り返すうちに自然と手が覚える作業です。

▶ 未経験の方向け 1週間プログラム
✧ 1日目：会社説明、安全講習、作業場の見学
✧ 2日目：先輩の隣で検品の実演を見学し、午後から一緒に作業
✧ 3日目：梱包の袋詰め・箱詰めを先輩と一緒に担当
✧ 4日目：シール貼りと仕分けを一人で担当。先輩は同じ作業台で見守ります
✧ 5日目：検品から仕分けまでを通しで経験
覚えることは3ステップの繰り返し。資格や専門知識は必要ありません。

▶ 職場環境
✧ 空調完備：冷暖房が効いた清潔な室内で、夏も冬も快適
✧ 休憩室：電子レンジ・冷蔵庫・ポット・自動販売機あり。お弁当持参でもゆっくり過ごせます
✧ ロッカー：鍵付きの個人ロッカーで貴重品も安心
✧ 服装：髪色・ネイルは自由。動きやすい服装で通勤し、現場のルールに沿って作業します

▶ 相模原雇用開発センターならではの一言
JR横浜線の相模原駅・淵野辺駅が最寄りで、町田・八王子方面からも通いやすい立地です。
市の中心部として商業と住宅がバランスよく揃った、生活しやすい地域です。
相模原雇用開発センターは相模原市中央区エリアの勤務先を担当しているので、ご自宅からの通いやすさも含めて配属先を一緒に考えます。

相模原雇用開発センターが、あなたのキャリアの第一歩を全力でサポートします。まずはお気軽にご応募ください！","【相模原市中央区で働く5つの魅力】

✅ マンツーマンで教えるから覚えやすい
専任の先輩が隣について、実演しながら手順を説明します。最初はシール貼りやダンボールの組み立てから始め、1週間でひと通りの流れを経験できるプログラムです。

✅ 残業は月平均6.5時間以内
定時で帰れる日がほとんど。仕事の後にジムや習い事に通ったり、家でゆっくりしたり、自分の時間をしっかり確保できます。

✅ 重い荷物はほとんどなし
扱うのは衣類・コスメ・文房具・小型雑貨など軽い商品が中心。重量物の持ち上げや力仕事はほぼなく、身体への負担を抑えて長く続けられます。

✅ 空調完備の清潔な倉庫
冷暖房がしっかり効いた室内で、季節を問わず快適。休憩室には電子レンジ・冷蔵庫・自動販売機があり、鍵付きロッカーも完備しています。

✅ 雇用開発センターが入社後も伴走
相模原雇用開発センターの担当者が定期的に面談し、職場では言いにくい悩みも聞き取ります。「一人で放り出される」ことはありません。

✅ 相模原市中央区エリアで通いやすい
JR横浜線の相模原駅・淵野辺駅が最寄りで、町田・八王子方面からも通いやすい立地です。市の中心部として商業と住宅がバランスよく揃った、生活しやすい地域です。

「自分にもできそう」と思えたら、それがスタートの合図。相模原雇用開発センターでお待ちしています！","例外事由3号のイにより、長期キャリア形成を図るため、
35歳以下を募集しております。","【勤務時間】
★9:00~18:00
└実働8時間/休憩1時間

定時ダッシュも問題ないです✧
✧ 土日祝休み
✧ 残業月平均:6.5時間以内
✧ 残業代100%支給","✧ 完全週休2日制(土日祝休み)
✧ 年間休日125日
「土日休みはマスト!」ってあなたにも
ぴったりの職場です!

【その他休暇】
✧ 有給休暇
✧ 夏季・冬季休暇
✧ GW休暇
✧ 年末年始休暇",神奈川県相模原市中央区相模原,相模原雇用開発センター,"月給:25万円~+交通費全額支給

※経験に応じて決定いたします。

# 昇給あり
# 賞与あり
# 残業代100%支給
# 交通費支給","・各種社会保険完備（健康保険・厚生年金・雇用保険・労災保険）
・時間外手当・深夜手当・職能手当・役職手当・資格手当・業務手当
・退職金制度
・借上げ社宅・社員寮制度（規定あり）
・会社指示による転居時の引越費用・家賃補助（規定あり）
・定期健康診断（年1回）
・特別休暇（慶弔休暇）・産前産後休暇・育児休暇・介護休暇
・資格取得支援制度・資格取得報奨金
・社内研修制度・認定職業訓練校
・作業着・靴・手袋など業務に必要な備品は会社支給
・提携保養所・提携企業割引
・産業医・カウンセラーによる相談窓口","✧ カジュアル面談実施中です ✧

応募に必要なのは人柄だけ。
まずはあなたのご希望を聞かせてください。

■ 応募からの流れ ■
▶ STEP1 WEBから1分で簡単応募
1〜3日以内に担当者からご連絡します。
▶ STEP2 カジュアル面談（1回のみ）
職場の雰囲気や1日の流れをお伝えし、ご希望を伺います。
▶ STEP3 採用

※入社日はご相談いただけます◎
在職中の方も、お気軽にご相談ください。",,即日勤務OK、交通費支給、残業なし,2,任意,生年月日、性別、電話番号,ntf-indeedapplicant-aaaatulx77tci2k2pr5yeqapva@shukatsu-labo.slack.com,,,利用しない,,
募集中,株式会社エイジェック,未経験｜検品・梱包｜株式会社エイジェック｜海老名雇用開発センター（海老名市）,倉庫作業スタッフ,20～30代活躍中◎海老名市｜雇用開発センターが入社後もサポート,,神奈川県 海老名市 中央,,,正社員,はい,月給,250000,,最低額を表示,なし,,,,,,,固定時間制,160,,厚生年金、健康保険、雇用保険、労災保険,,なし,,,,,,,,,,,,,,,,,,"神奈川県海老名市エリアで、検品・梱包スタッフ（正社員）を募集しています。
勤務先は海老名雇用開発センターが担当する海老名市エリアの物流センター。衣類・コスメ・文房具などの軽い商品を、目で確認し、数を合わせ、袋や箱に納める作業が中心です。
「難しいことは苦手」という方でも、3日ほどで流れがつかめるシンプルな仕事です。

▶ 1日の流れ（9:00〜18:00・休憩1時間）
09:00 朝礼。今日の出荷予定と担当作業を確認します
09:15 検品スタート。商品の傷・汚れ・数量を納品書と照らし合わせてチェック
12:00 昼休憩（60分）。休憩室で昼食。電子レンジや冷蔵庫も使えます
13:00 梱包スタート。袋詰め、緩衝材で包む、箱に納めるの繰り返し
15:00 小休憩（15分）。飲み物を片手にひと息
15:15 ラベル貼りと出荷先ごとの仕分け
17:45 作業台の片づけと翌日の資材準備
18:00 退勤！残業は月平均6.5時間以内で、定時に帰れる日が大半です

▶ お仕事の中身
✧ 検品：商品の外観チェック（傷・汚れ・へこみ）と数量・品番の照合
✧ スキャン：バーコードリーダーで「ピッ」と読み取ってデータと突き合わせ
✧ 梱包：袋詰め、緩衝材包装、ダンボールの組み立てと箱詰め、テープ留め
✧ 仕上げ：ラベル貼りと配送地域別の仕分け
扱うのはアパレル、コスメ、文房具、小型雑貨など。繰り返すうちに自然と手が覚える作業です。

▶ 入社後1週間の流れ
1日目：海老名雇用開発センターでオリエンテーション。安全ルールや勤怠の付け方、勤務先の設備を案内します
2〜3日目：先輩スタッフがマンツーマンで隣につき、検品の見方と梱包の手順を実演しながら説明
4〜5日目：シール貼りやダンボールの組み立てから一人で担当。分からないことはその場で質問できます
1週間後：検品〜仕分けまでの流れをひと通り経験し、自分のペースで進められるように
「早ければ半日、遅くとも2〜3日で一人立ち」が現場の目安ですが、慣れるまで焦らず伴走します。

▶ 設備のポイント
✧ 冷暖房完備の室内作業で、季節や天候に左右されません
✧ 休憩室に電子レンジ・冷蔵庫・ポットがあり、フリーWi-Fiも使えます
✧ 個人用の鍵付きロッカーを完備
✧ 髪色・ネイル・服装は自由。清潔感があれば普段のスタイルのままで大丈夫

▶ 神奈川県海老名市で働く
駅周辺に大型商業施設が集まり、仕事帰りの買い物にも便利な街です。
小田急線・相鉄線・JR相模線の3路線が乗り入れる海老名駅が最寄りで、県内各方面から通いやすい立地です。
海老名雇用開発センターのスタッフが地域の勤務先を熟知しているため、「家から近い」「駅から通える」といった希望にも応えやすいのが強みです。

海老名雇用開発センターが、あなたのキャリアの第一歩を全力でサポートします。まずはお気軽にご応募ください！","【海老名雇用開発センターからのアピールポイント】

✅ マンツーマンで教えるから覚えやすい
専任の先輩が隣について、実演しながら手順を説明します。最初はシール貼りやダンボールの組み立てから始め、1週間でひと通りの流れを経験できるプログラムです。

✅ 土日祝休み・年間休日125日
完全週休2日制でカレンダー通りに休めます。夏季・冬季休暇、GW、年末年始のまとまった休みもあり、旅行や帰省の予定も立てやすい働き方です。

✅ 重い荷物はほとんどなし
扱うのは衣類・コスメ・文房具・小型雑貨など軽い商品が中心。重量物の持ち上げや力仕事はほぼなく、身体への負担を抑えて長く続けられます。

✅ 空調完備の清潔な倉庫
冷暖房がしっかり効いた室内で、季節を問わず快適。休憩室には電子レンジ・冷蔵庫・自動販売機があり、鍵付きロッカーも完備しています。

✅ 全国に拠点があるから相談先が近い
神奈川県内の勤務先を海老名雇用開発センターが担当しているため、通勤や配属の相談にすぐ対応できます。「家から近い職場がいい」といった希望も伝えてください。

✅ 地元海老名市で腰を据えて働く
駅周辺に大型商業施設が集まり、仕事帰りの買い物にも便利な街です。小田急線・相鉄線・JR相模線の3路線が乗り入れる海老名駅が最寄りで、県内各方面から通いやすい立地です。

「自分にもできそう」と思えたら、それがスタートの合図。海老名雇用開発センターでお待ちしています！","例外事由3号のイにより、長期キャリア形成を図るため、
35歳以下を募集しております。","【勤務時間】
★9:00~18:00
└実働8時間/休憩1時間

定時ダッシュも問題ないです✧
✧ 土日祝休み
✧ 残業月平均:6.5時間以内
✧ 残業代100%支給","✧ 完全週休2日制(土日祝休み)
✧ 年間休日125日
「土日休みはマスト!」ってあなたにも
ぴったりの職場です!

【その他休暇】
✧ 有給休暇
✧ 夏季・冬季休暇
✧ GW休暇
✧ 年末年始休暇",神奈川県海老名市中央,海老名雇用開発センター,"月給:25万円~+交通費全額支給

※経験に応じて決定いたします。

# 昇給あり
# 賞与あり
# 残業代100%支給
# 交通費支給","・各種社会保険完備（健康保険・厚生年金・雇用保険・労災保険）
・時間外手当・深夜手当・職能手当・役職手当・資格手当・業務手当
・退職金制度
・借上げ社宅・社員寮制度（規定あり）
・会社指示による転居時の引越費用・家賃補助（規定あり）
・定期健康診断（年1回）
・特別休暇（慶弔休暇）・産前産後休暇・育児休暇・介護休暇
・資格取得支援制度・資格取得報奨金
・社内研修制度・認定職業訓練校
・作業着・靴・手袋など業務に必要な備品は会社支給
・提携保養所・提携企業割引
・産業医・カウンセラーによる相談窓口","【応募前の「気になる」にお答えします】

Q. 面接は堅苦しいですか？
A. いいえ。カジュアル面談を1回行うだけです。服装も自由、履歴書も任意です。

Q. 応募してからどのくらいで決まりますか？
A. 3ステップで進みます。
▶ STEP1 WEBから応募（1分）→ 1〜3日以内にご連絡
▶ STEP2 カジュアル面談（1回のみ）
▶ STEP3 採用

Q. すぐには入社できないのですが…
A. 入社日はご相談いただけます。今のお仕事の引き継ぎ期間なども考慮します。",,即日勤務OK、交通費支給、残業なし,2,任意,生年月日、性別、電話番号,ntf-indeedapplicant-aaaatulx77tci2k2pr5yeqapva@shukatsu-labo.slack.com,,,利用しない,,
募集中,株式会社エイジェック,未経験｜検品・梱包｜株式会社エイジェック｜千葉雇用開発センター（千葉市中央区）,倉庫作業スタッフ,20～30代活躍中◎重い物なし｜千葉市中央区の物流センターで検品・梱包,,千葉県 千葉市 中央区 富士見,,,正社員,はい,月給,250000,,最低額を表示,なし,,,,,,,固定時間制,160,,厚生年金、健康保険、雇用保険、労災保険,,なし,,,,,,,,,,,,,,,,,,"コツコツ作業が好きな方にぴったりの、検品・梱包のお仕事です。
勤務先は千葉雇用開発センターが担当する千葉市中央区エリアの物流センター。1年中快適な温度に保たれた倉庫内で、自分の作業台を担当します。
千葉雇用開発センターでは配属後も定期的に面談を行い、困りごとがあればすぐにフォローします。

▶ ある日のスケジュール
09:00 出勤・朝礼。リーダーから連絡事項と注意点の共有
09:10 ハンディ端末で商品のバーコードを読み取り、品番と個数を照合します
10:30 小休憩（10分）
12:00 昼休憩（60分）。お弁当派も外食派も、それぞれのスタイルで
13:00 午後は梱包。ダンボールを組み立て、商品が動かないように納めます
15:00 小休憩（15分）
15:15 出荷準備。伝票シールを貼って配送業者ごとにコンテナへ
17:45 清掃と日報の記入
18:00 定時退勤。土日祝休みなので、明日の予定も立てやすい！

▶ 扱う商品・作業の具体例
✧ 衣類・タオル：ほつれや汚れがないか確認し、透明袋に入れます
✧ コスメ・ガラス小物：割れないよう緩衝材で包んでから箱へ
✧ 文房具・生活雑貨：品番と個数を納品書と照合し、まとめて袋詰め
✧ 出荷箱：伝票シールと「割れ物注意」などの注意シールを所定の位置に貼ります
どれも片手〜両手で持てるサイズで、重量物の持ち上げはありません。

▶ 教育・研修体制
入社初日は安全講習とオリエンテーションから。いきなり一人で現場に立つことはありません。
2日目以降は専任の先輩が隣について、検品・梱包の手順を実際にやって見せながら教えます。
最初の1週間は「見る→一緒にやる→一人でやる」の順で担当を広げ、1週間後にはひと通りの作業を経験できます。
千葉雇用開発センターの担当者も定期的に様子を見に来るので、職場に言いにくいことも相談できます。

▶ 職場環境
✧ 空調完備：冷暖房が効いた清潔な室内で、夏も冬も快適
✧ 休憩室：電子レンジ・冷蔵庫・ポット・自動販売機あり。お弁当持参でもゆっくり過ごせます
✧ ロッカー：鍵付きの個人ロッカーで貴重品も安心
✧ 服装：髪色・ネイルは自由。動きやすい服装で通勤し、現場のルールに沿って作業します

▶ 千葉県千葉市中央区で働く
県の中心市街地で、仕事帰りの買い物や食事の選択肢が豊富なエリアです。
JR千葉駅・京成千葉駅から徒歩圏で、県内各方面からの通勤に便利な立地です。
千葉雇用開発センターのスタッフが地域の勤務先を熟知しているため、「家から近い」「駅から通える」といった希望にも応えやすいのが強みです。

「ちゃんと正社員として働きたい」その一歩を、千葉雇用開発センターで踏み出しませんか。ご応募をお待ちしています！","【千葉市中央区で働く5つの魅力】

✅ 先輩の9割以上が未経験スタート
「商品を手に取る」「傷がないか見る」「箱に入れる」の3ステップが仕事の基本。専門用語も複雑な機械操作もなく、初日は安全講習とオリエンテーションから始まるので安心です。

✅ 9:00〜18:00の固定時間制
毎日同じリズムで働けるので、生活のペースが安定します。土日祝がお休みなので、友人や家族との予定も合わせやすい環境です。

✅ 黙々・コツコツ派にぴったり
ノルマはなく、接客もありません。「一人で集中して作業したい」「人間関係のストレスを減らしたい」という方に向いている環境です。

✅ 休憩室でしっかりリフレッシュ
昼休憩60分に加えて午後の小休憩があり、集中力を保ちやすいリズムです。休憩室にはポットやフリーWi-Fiもあります。

✅ 雇用開発センターが入社後も伴走
千葉雇用開発センターの担当者が定期的に面談し、職場では言いにくい悩みも聞き取ります。「一人で放り出される」ことはありません。

✅ 地元千葉市中央区で腰を据えて働く
県の中心市街地で、仕事帰りの買い物や食事の選択肢が豊富なエリアです。JR千葉駅・京成千葉駅から徒歩圏で、県内各方面からの通勤に便利な立地です。

まずはカジュアル面談で、職場の雰囲気や1日の流れをお伝えします。お気軽にご応募ください！","例外事由3号のイにより、長期キャリア形成を図るため、
35歳以下を募集しております。","【勤務時間】
★9:00~18:00
└実働8時間/休憩1時間

定時ダッシュも問題ないです✧
✧ 土日祝休み
✧ 残業月平均:6.5時間以内
✧ 残業代100%支給","✧ 完全週休2日制(土日祝休み)
✧ 年間休日125日
「土日休みはマスト!」ってあなたにも
ぴったりの職場です!

【その他休暇】
✧ 有給休暇
✧ 夏季・冬季休暇
✧ GW休暇
✧ 年末年始休暇",千葉県千葉市中央区富士見2-3-1 塚本大千葉ビルディング9F,千葉雇用開発センター,"月給:25万円~+交通費全額支給

※経験に応じて決定いたします。

# 昇給あり
# 賞与あり
# 残業代100%支給
# 交通費支給","・各種社会保険完備（健康保険・厚生年金・雇用保険・労災保険）
・時間外手当・深夜手当・職能手当・役職手当・資格手当・業務手当
・退職金制度
・借上げ社宅・社員寮制度（規定あり）
・会社指示による転居時の引越費用・家賃補助（規定あり）
・定期健康診断（年1回）
・特別休暇（慶弔休暇）・産前産後休暇・育児休暇・介護休暇
・資格取得支援制度・資格取得報奨金
・社内研修制度・認定職業訓練校
・作業着・靴・手袋など業務に必要な備品は会社支給
・提携保養所・提携企業割引
・産業医・カウンセラーによる相談窓口","まずは「話を聞いてみる」だけで大丈夫です。

当社ではカジュアル面談を実施しています。
志望動機や自己PRの準備は不要。
「どんな職場？」「本当に未経験でもできる？」といった疑問に、担当者が率直にお答えします。

■ 応募から入社までの3STEP ■
▶ STEP1 WEB応募（1分）
▶ STEP2 カジュアル面談（1回のみ・1〜3日以内にご連絡）
▶ STEP3 採用・入社日のご相談

入社日は柔軟に調整できます。
「来月から」「今の仕事を辞めてから」など、ご都合をお聞かせください。",,即日勤務OK、交通費支給、残業なし,2,任意,生年月日、性別、電話番号,ntf-indeedapplicant-aaaatulx77tci2k2pr5yeqapva@shukatsu-labo.slack.com,,,利用しない,,
募集中,株式会社エイジェック,未経験｜検品・梱包｜株式会社エイジェック｜成田雇用開発センター（成田市）,倉庫作業スタッフ,20～30代活躍中◎成田市｜正社員として検品・梱包デビュー,,千葉県 成田市 花崎町,,,正社員,はい,月給,250000,,最低額を表示,なし,,,,,,,固定時間制,160,,厚生年金、健康保険、雇用保険、労災保険,,なし,,,,,,,,,,,,,,,,,,"成田雇用開発センターが担当する成田市エリアの物流センターで、検品・梱包を担当する正社員スタッフを募集します！
扱うのは通販で人気のアパレル商品や雑貨、コスメなど。空調の効いたきれいな倉庫で、商品を確認して箱に詰めていくシンプルな作業です。
成田雇用開発センターのスタッフが入社前から入社後まで伴走するので、初めての正社員でも安心してスタートできます。

▶ 1日の流れ（9:00〜18:00・休憩1時間）
09:00 朝礼。今日の出荷予定と担当作業を確認します
09:15 検品スタート。商品の傷・汚れ・数量を納品書と照らし合わせてチェック
12:00 昼休憩（60分）。休憩室で昼食。電子レンジや冷蔵庫も使えます
13:00 梱包スタート。袋詰め、緩衝材で包む、箱に納めるの繰り返し
15:00 小休憩（15分）。飲み物を片手にひと息
15:15 ラベル貼りと出荷先ごとの仕分け
17:45 作業台の片づけと翌日の資材準備
18:00 退勤！残業は月平均6.5時間以内で、定時に帰れる日が大半です

▶ 扱う商品・作業の具体例
✧ 衣類・タオル：ほつれや汚れがないか確認し、透明袋に入れます
✧ コスメ・ガラス小物：割れないよう緩衝材で包んでから箱へ
✧ 文房具・生活雑貨：品番と個数を納品書と照合し、まとめて袋詰め
✧ 出荷箱：伝票シールと「割れ物注意」などの注意シールを所定の位置に貼ります
どれも片手〜両手で持てるサイズで、重量物の持ち上げはありません。

▶ 未経験の方向け 1週間プログラム
✧ 1日目：会社説明、安全講習、作業場の見学
✧ 2日目：先輩の隣で検品の実演を見学し、午後から一緒に作業
✧ 3日目：梱包の袋詰め・箱詰めを先輩と一緒に担当
✧ 4日目：シール貼りと仕分けを一人で担当。先輩は同じ作業台で見守ります
✧ 5日目：検品から仕分けまでを通しで経験
覚えることは3ステップの繰り返し。資格や専門知識は必要ありません。

▶ 働く環境
作業場は1年中空調が効いていて、「夏は暑くて汗だく」「冬は手がかじかむ」といった心配がありません。
休憩室は広く、電子レンジや冷蔵庫、自動販売機が揃っています。
鍵付きロッカーがあるので、貴重品の管理も安心。
服装や髪色は自由で、自分らしいスタイルのまま通勤できます。

▶ 成田雇用開発センターならではの一言
JR成田線・京成本線の成田駅が最寄りで、東関東道の成田ICも近い立地です。
成田空港を抱え、航空貨物や輸入品を扱う物流拠点が集中するエリアです。
成田雇用開発センターは成田市エリアの勤務先を担当しているので、ご自宅からの通いやすさも含めて配属先を一緒に考えます。

成田雇用開発センターが、あなたのキャリアの第一歩を全力でサポートします。まずはお気軽にご応募ください！","【成田雇用開発センターからのアピールポイント】

✅ 先輩の9割以上が未経験スタート
「商品を手に取る」「傷がないか見る」「箱に入れる」の3ステップが仕事の基本。専門用語も複雑な機械操作もなく、初日は安全講習とオリエンテーションから始まるので安心です。

✅ 残業は月平均6.5時間以内
定時で帰れる日がほとんど。仕事の後にジムや習い事に通ったり、家でゆっくりしたり、自分の時間をしっかり確保できます。

✅ 黙々・コツコツ派にぴったり
ノルマはなく、接客もありません。「一人で集中して作業したい」「人間関係のストレスを減らしたい」という方に向いている環境です。

✅ 休憩室でしっかりリフレッシュ
昼休憩60分に加えて午後の小休憩があり、集中力を保ちやすいリズムです。休憩室にはポットやフリーWi-Fiもあります。

✅ 全国に拠点があるから相談先が近い
千葉県内の勤務先を成田雇用開発センターが担当しているため、通勤や配属の相談にすぐ対応できます。「家から近い職場がいい」といった希望も伝えてください。

✅ 成田市エリアで通いやすい
JR成田線・京成本線の成田駅が最寄りで、東関東道の成田ICも近い立地です。成田空港を抱え、航空貨物や輸入品を扱う物流拠点が集中するエリアです。

「自分にもできそう」と思えたら、それがスタートの合図。成田雇用開発センターでお待ちしています！","例外事由3号のイにより、長期キャリア形成を図るため、
35歳以下を募集しております。","【勤務時間】
★9:00~18:00
└実働8時間/休憩1時間

定時ダッシュも問題ないです✧
✧ 土日祝休み
✧ 残業月平均:6.5時間以内
✧ 残業代100%支給","✧ 完全週休2日制(土日祝休み)
✧ 年間休日125日
「土日休みはマスト!」ってあなたにも
ぴったりの職場です!

【その他休暇】
✧ 有給休暇
✧ 夏季・冬季休暇
✧ GW休暇
✧ 年末年始休暇",千葉県成田市花崎町,成田雇用開発センター,"月給:25万円~+交通費全額支給

※経験に応じて決定いたします。

# 昇給あり
# 賞与あり
# 残業代100%支給
# 交通費支給","・各種社会保険完備（健康保険・厚生年金・雇用保険・労災保険）
・時間外手当・深夜手当・職能手当・役職手当・資格手当・業務手当
・退職金制度
・借上げ社宅・社員寮制度（規定あり）
・会社指示による転居時の引越費用・家賃補助（規定あり）
・定期健康診断（年1回）
・特別休暇（慶弔休暇）・産前産後休暇・育児休暇・介護休暇
・資格取得支援制度・資格取得報奨金
・社内研修制度・認定職業訓練校
・作業着・靴・手袋など業務に必要な備品は会社支給
・提携保養所・提携企業割引
・産業医・カウンセラーによる相談窓口","【最短スケジュールのイメージ】

▶ STEP1 今日：WEBから1分で応募
▶ STEP2 1〜3日後：担当者からご連絡 → カジュアル面談の日程調整
▶ STEP3 面談当日：カジュアル面談（1回のみ）→ 採用のご連絡

面談では、職場の雰囲気・1日の流れ・通勤のことなど、
気になることを何でも聞いてください。

✧ 入社日はご相談いただけます ✧
「すぐ働きたい」「少し先がいい」どちらのご希望にも対応します。",,即日勤務OK、交通費支給、残業なし,2,任意,生年月日、性別、電話番号,ntf-indeedapplicant-aaaatulx77tci2k2pr5yeqapva@shukatsu-labo.slack.com,,,利用しない,,
募集中,株式会社エイジェック,未経験｜検品・梱包｜株式会社エイジェック｜柏雇用開発センター（柏市）,倉庫作業スタッフ,20～30代活躍中◎未経験からキャリアの第一歩｜柏市の検品・梱包,,千葉県 柏市 柏,,,正社員,はい,月給,250000,,最低額を表示,なし,,,,,,,固定時間制,160,,厚生年金、健康保険、雇用保険、労災保険,,なし,,,,,,,,,,,,,,,,,,"「未経験から、ちゃんとした正社員として働きたい」その気持ちを柏雇用開発センターが応援します。
勤務先は柏雇用開発センターが担当する柏市エリアの物流センター。届いた商品に不備がないかをチェックし、丁寧に梱包して出荷準備をするお仕事です。
冷暖房完備の室内で、重い荷物を運ぶことはほとんどありません。

▶ ある日のスケジュール
09:00 出勤・朝礼。リーダーから連絡事項と注意点の共有
09:10 ハンディ端末で商品のバーコードを読み取り、品番と個数を照合します
10:30 小休憩（10分）
12:00 昼休憩（60分）。お弁当派も外食派も、それぞれのスタイルで
13:00 午後は梱包。ダンボールを組み立て、商品が動かないように納めます
15:00 小休憩（15分）
15:15 出荷準備。伝票シールを貼って配送業者ごとにコンテナへ
17:45 清掃と日報の記入
18:00 定時退勤。土日祝休みなので、明日の予定も立てやすい！

▶ 作業は3ステップ
1. 検品：商品を手に取り、傷・汚れ・数量を確認。迷ったら「保留」箱に入れてリーダーに聞くだけ
2. 梱包：商品に合わせて袋・緩衝材・箱を選び、動かないように納めてテープで封をします
3. 仕分け：伝票シールを貼り、配送地域ごとのコンテナへ
衣類・雑貨・コスメ・文房具などの軽い商品が中心で、フォークリフトなどの機械操作はありません。

▶ 未経験の方向け 1週間プログラム
✧ 1日目：会社説明、安全講習、作業場の見学
✧ 2日目：先輩の隣で検品の実演を見学し、午後から一緒に作業
✧ 3日目：梱包の袋詰め・箱詰めを先輩と一緒に担当
✧ 4日目：シール貼りと仕分けを一人で担当。先輩は同じ作業台で見守ります
✧ 5日目：検品から仕分けまでを通しで経験
覚えることは3ステップの繰り返し。資格や専門知識は必要ありません。

▶ 設備のポイント
✧ 冷暖房完備の室内作業で、季節や天候に左右されません
✧ 休憩室に電子レンジ・冷蔵庫・ポットがあり、フリーWi-Fiも使えます
✧ 個人用の鍵付きロッカーを完備
✧ 髪色・ネイル・服装は自由。清潔感があれば普段のスタイルのままで大丈夫

▶ 千葉県柏市で働く
常磐道・国道16号沿いに物流拠点が多く、商業施設も充実した街です。
JR常磐線と東武アーバンパークラインが交わる柏駅が最寄りで、東葛エリアの交通の中心です。
柏雇用開発センターのスタッフが地域の勤務先を熟知しているため、「家から近い」「駅から通える」といった希望にも応えやすいのが強みです。

柏雇用開発センターが、あなたのキャリアの第一歩を全力でサポートします。まずはお気軽にご応募ください！","【柏市で働く5つの魅力】

✅ 資格・経験・学歴は不問
必要なのは「丁寧に確認する姿勢」だけ。仕事のやり方はすべて入社後にお伝えします。将来的に資格を取りたい方には資格取得支援制度と報奨金があり、キャリアの幅を広げられます。

✅ 9:00〜18:00の固定時間制
毎日同じリズムで働けるので、生活のペースが安定します。土日祝がお休みなので、友人や家族との予定も合わせやすい環境です。

✅ 重い荷物はほとんどなし
扱うのは衣類・コスメ・文房具・小型雑貨など軽い商品が中心。重量物の持ち上げや力仕事はほぼなく、身体への負担を抑えて長く続けられます。

✅ 休憩室でしっかりリフレッシュ
昼休憩60分に加えて午後の小休憩があり、集中力を保ちやすいリズムです。休憩室にはポットやフリーWi-Fiもあります。

✅ 正社員としての安定と成長
正社員雇用に加え、社会保険完備、退職金制度、資格取得支援と報奨金などの制度があります。検品・梱包からスタートし、リーダーや別工程へのステップアップも目指せます。

✅ 柏市エリアで通いやすい
JR常磐線と東武アーバンパークラインが交わる柏駅が最寄りで、東葛エリアの交通の中心です。常磐道・国道16号沿いに物流拠点が多く、商業施設も充実した街です。

まずはカジュアル面談で、職場の雰囲気や1日の流れをお伝えします。お気軽にご応募ください！","例外事由3号のイにより、長期キャリア形成を図るため、
35歳以下を募集しております。","【勤務時間】
★9:00~18:00
└実働8時間/休憩1時間

定時ダッシュも問題ないです✧
✧ 土日祝休み
✧ 残業月平均:6.5時間以内
✧ 残業代100%支給","✧ 完全週休2日制(土日祝休み)
✧ 年間休日125日
「土日休みはマスト!」ってあなたにも
ぴったりの職場です!

【その他休暇】
✧ 有給休暇
✧ 夏季・冬季休暇
✧ GW休暇
✧ 年末年始休暇",千葉県柏市柏,柏雇用開発センター,"月給:25万円~+交通費全額支給

※経験に応じて決定いたします。

# 昇給あり
# 賞与あり
# 残業代100%支給
# 交通費支給","・各種社会保険完備（健康保険・厚生年金・雇用保険・労災保険）
・時間外手当・深夜手当・職能手当・役職手当・資格手当・業務手当
・退職金制度
・借上げ社宅・社員寮制度（規定あり）
・会社指示による転居時の引越費用・家賃補助（規定あり）
・定期健康診断（年1回）
・特別休暇（慶弔休暇）・産前産後休暇・育児休暇・介護休暇
・資格取得支援制度・資格取得報奨金
・社内研修制度・認定職業訓練校
・作業着・靴・手袋など業務に必要な備品は会社支給
・提携保養所・提携企業割引
・産業医・カウンセラーによる相談窓口","■ 選考について ■
・カジュアル面談：1回のみ（服装自由・履歴書任意）
・応募から面談まで：WEB応募後、1〜3日以内にご連絡
・入社日：ご相談のうえ決定

■ 応募からの流れ ■
▶ STEP1 WEBから1分で応募
▶ STEP2 カジュアル面談（1回のみ）
▶ STEP3 採用

「まずは話だけ聞いてみたい」という方も、そのままご応募ください。
面談で無理に応募を勧めることはありません。",,即日勤務OK、交通費支給、残業なし,2,任意,生年月日、性別、電話番号,ntf-indeedapplicant-aaaatulx77tci2k2pr5yeqapva@shukatsu-labo.slack.com,,,利用しない,,
募集中,株式会社エイジェック,未経験｜検品・梱包｜株式会社エイジェック｜木更津雇用開発センター（木更津市）,倉庫作業スタッフ,20～30代活躍中◎木更津市｜コツコツ派が活躍する検品・梱包,,千葉県 木更津市 大和,,,正社員,はい,月給,250000,,最低額を表示,なし,,,,,,,固定時間制,160,,厚生年金、健康保険、雇用保険、労災保険,,なし,,,,,,,,,,,,,,,,,,"千葉県木更津市エリアで、検品・梱包スタッフ（正社員）を募集しています。
勤務先は木更津雇用開発センターが担当する木更津市エリアの物流センター。衣類・コスメ・文房具などの軽い商品を、目で確認し、数を合わせ、袋や箱に納める作業が中心です。
「難しいことは苦手」という方でも、3日ほどで流れがつかめるシンプルな仕事です。

▶ 入社後はこんな1日になります
09:00 朝礼。体調チェックと当日の出荷量を共有
09:15 午前は検品を担当。外観を目視で確認し、気になる商品は別置きにしてリーダーへ
12:00 昼休憩（60分）
13:00 午後は梱包。袋詰め→箱詰め→テープ留めの3工程を繰り返します
15:00 小休憩（15分）。自動販売機でジュースを買ってリフレッシュ
15:15 当日出荷分の最終チェックと仕分けを全員で仕上げます
17:45 作業スペースの清掃
18:00 退勤。残業は月平均6.5時間以内に収まっています

▶ こんな商品を扱います
通販サイトで人気のアパレル商品、生活雑貨、コスメ、文房具が中心です。
✧ シャツやタオルを畳んで透明袋へ
✧ コスメ容器のひび割れを目視で確認
✧ 文房具のセット品を指定の個数で袋詰め
✧ 箱にラベルを貼って配送業者ごとの台車へ
作業台の高さは調整されていて、身体への負担を抑えて働けます。

▶ 入社後1週間の流れ
1日目：木更津雇用開発センターでオリエンテーション。安全ルールや勤怠の付け方、勤務先の設備を案内します
2〜3日目：先輩スタッフがマンツーマンで隣につき、検品の見方と梱包の手順を実演しながら説明
4〜5日目：シール貼りやダンボールの組み立てから一人で担当。分からないことはその場で質問できます
1週間後：検品〜仕分けまでの流れをひと通り経験し、自分のペースで進められるように
「早ければ半日、遅くとも2〜3日で一人立ち」が現場の目安ですが、慣れるまで焦らず伴走します。

▶ 働く環境
作業場は1年中空調が効いていて、「夏は暑くて汗だく」「冬は手がかじかむ」といった心配がありません。
休憩室は広く、電子レンジや冷蔵庫、自動販売機が揃っています。
鍵付きロッカーがあるので、貴重品の管理も安心。
服装や髪色は自由で、自分らしいスタイルのまま通勤できます。

▶ 千葉県木更津市で働く
アクアラインの開通以降、物流施設や商業施設の進出が続いている街です。
JR内房線の木更津駅が最寄りで、東京湾アクアラインを使えば都内・川崎方面からも通えます。
木更津雇用開発センターのスタッフが地域の勤務先を熟知しているため、「家から近い」「駅から通える」といった希望にも応えやすいのが強みです。

「ちゃんと正社員として働きたい」その一歩を、木更津雇用開発センターで踏み出しませんか。ご応募をお待ちしています！","【木更津雇用開発センターからのアピールポイント】

✅ 資格・経験・学歴は不問
必要なのは「丁寧に確認する姿勢」だけ。仕事のやり方はすべて入社後にお伝えします。将来的に資格を取りたい方には資格取得支援制度と報奨金があり、キャリアの幅を広げられます。

✅ 残業は月平均6.5時間以内
定時で帰れる日がほとんど。仕事の後にジムや習い事に通ったり、家でゆっくりしたり、自分の時間をしっかり確保できます。

✅ 重い荷物はほとんどなし
扱うのは衣類・コスメ・文房具・小型雑貨など軽い商品が中心。重量物の持ち上げや力仕事はほぼなく、身体への負担を抑えて長く続けられます。

✅ 休憩室でしっかりリフレッシュ
昼休憩60分に加えて午後の小休憩があり、集中力を保ちやすいリズムです。休憩室にはポットやフリーWi-Fiもあります。

✅ 雇用開発センターが入社後も伴走
木更津雇用開発センターの担当者が定期的に面談し、職場では言いにくい悩みも聞き取ります。「一人で放り出される」ことはありません。

✅ 木更津市エリアで通いやすい
JR内房線の木更津駅が最寄りで、東京湾アクアラインを使えば都内・川崎方面からも通えます。アクアラインの開通以降、物流施設や商業施設の進出が続いている街です。

「自分にもできそう」と思えたら、それがスタートの合図。木更津雇用開発センターでお待ちしています！","例外事由3号のイにより、長期キャリア形成を図るため、
35歳以下を募集しております。","【勤務時間】
★9:00~18:00
└実働8時間/休憩1時間

定時ダッシュも問題ないです✧
✧ 土日祝休み
✧ 残業月平均:6.5時間以内
✧ 残業代100%支給","✧ 完全週休2日制(土日祝休み)
✧ 年間休日125日
「土日休みはマスト!」ってあなたにも
ぴったりの職場です!

【その他休暇】
✧ 有給休暇
✧ 夏季・冬季休暇
✧ GW休暇
✧ 年末年始休暇",千葉県木更津市大和,木更津雇用開発センター,"月給:25万円~+交通費全額支給

※経験に応じて決定いたします。

# 昇給あり
# 賞与あり
# 残業代100%支給
# 交通費支給","・各種社会保険完備（健康保険・厚生年金・雇用保険・労災保険）
・時間外手当・深夜手当・職能手当・役職手当・資格手当・業務手当
・退職金制度
・借上げ社宅・社員寮制度（規定あり）
・会社指示による転居時の引越費用・家賃補助（規定あり）
・定期健康診断（年1回）
・特別休暇（慶弔休暇）・産前産後休暇・育児休暇・介護休暇
・資格取得支援制度・資格取得報奨金
・社内研修制度・認定職業訓練校
・作業着・靴・手袋など業務に必要な備品は会社支給
・提携保養所・提携企業割引
・産業医・カウンセラーによる相談窓口","✧ カジュアル面談実施中です ✧

応募に必要なのは人柄だけ。
まずはあなたのご希望を聞かせてください。

■ 応募からの流れ ■
▶ STEP1 WEBから1分で簡単応募
1〜3日以内に担当者からご連絡します。
▶ STEP2 カジュアル面談（1回のみ）
職場の雰囲気や1日の流れをお伝えし、ご希望を伺います。
▶ STEP3 採用

※入社日はご相談いただけます◎
在職中の方も、お気軽にご相談ください。",,即日勤務OK、交通費支給、残業なし,2,任意,生年月日、性別、電話番号,ntf-indeedapplicant-aaaatulx77tci2k2pr5yeqapva@shukatsu-labo.slack.com,,,利用しない,,
募集中,株式会社エイジェック,未経験｜検品・梱包｜株式会社エイジェック｜大宮雇用開発センター（さいたま市大宮区）,倉庫作業スタッフ,20～30代活躍中◎残業少なめ｜さいたま市大宮区で始める検品・梱包,,埼玉県 さいたま市 大宮区 桜木町,,,正社員,はい,月給,250000,,最低額を表示,なし,,,,,,,固定時間制,160,,厚生年金、健康保険、雇用保険、労災保険,,なし,,,,,,,,,,,,,,,,,,"コツコツ作業が好きな方にぴったりの、検品・梱包のお仕事です。
勤務先は大宮雇用開発センターが担当するさいたま市大宮区エリアの物流センター。1年中快適な温度に保たれた倉庫内で、自分の作業台を担当します。
大宮雇用開発センターでは配属後も定期的に面談を行い、困りごとがあればすぐにフォローします。

▶ 1日の流れ（9:00〜18:00・休憩1時間）
09:00 朝礼。今日の出荷予定と担当作業を確認します
09:15 検品スタート。商品の傷・汚れ・数量を納品書と照らし合わせてチェック
12:00 昼休憩（60分）。休憩室で昼食。電子レンジや冷蔵庫も使えます
13:00 梱包スタート。袋詰め、緩衝材で包む、箱に納めるの繰り返し
15:00 小休憩（15分）。飲み物を片手にひと息
15:15 ラベル貼りと出荷先ごとの仕分け
17:45 作業台の片づけと翌日の資材準備
18:00 退勤！残業は月平均6.5時間以内で、定時に帰れる日が大半です

▶ こんな商品を扱います
通販サイトで人気のアパレル商品、生活雑貨、コスメ、文房具が中心です。
✧ シャツやタオルを畳んで透明袋へ
✧ コスメ容器のひび割れを目視で確認
✧ 文房具のセット品を指定の個数で袋詰め
✧ 箱にラベルを貼って配送業者ごとの台車へ
作業台の高さは調整されていて、身体への負担を抑えて働けます。

▶ 教育・研修体制
入社初日は安全講習とオリエンテーションから。いきなり一人で現場に立つことはありません。
2日目以降は専任の先輩が隣について、検品・梱包の手順を実際にやって見せながら教えます。
最初の1週間は「見る→一緒にやる→一人でやる」の順で担当を広げ、1週間後にはひと通りの作業を経験できます。
大宮雇用開発センターの担当者も定期的に様子を見に来るので、職場に言いにくいことも相談できます。

▶ 設備のポイント
✧ 冷暖房完備の室内作業で、季節や天候に左右されません
✧ 休憩室に電子レンジ・冷蔵庫・ポットがあり、フリーWi-Fiも使えます
✧ 個人用の鍵付きロッカーを完備
✧ 髪色・ネイル・服装は自由。清潔感があれば普段のスタイルのままで大丈夫

▶ 大宮雇用開発センターならではの一言
JR各線・東武線・ニューシャトルが集まる大宮駅が最寄りで、県内各方面から通いやすい立地です。
埼玉のターミナルとして商業施設が充実し、相談や面談にも立ち寄りやすい場所です。
大宮雇用開発センターはさいたま市大宮区エリアの勤務先を担当しているので、ご自宅からの通いやすさも含めて配属先を一緒に考えます。

大宮雇用開発センターが、あなたのキャリアの第一歩を全力でサポートします。まずはお気軽にご応募ください！","【さいたま市大宮区で働く5つの魅力】

✅ マンツーマンで教えるから覚えやすい
専任の先輩が隣について、実演しながら手順を説明します。最初はシール貼りやダンボールの組み立てから始め、1週間でひと通りの流れを経験できるプログラムです。

✅ 土日祝休み・年間休日125日
完全週休2日制でカレンダー通りに休めます。夏季・冬季休暇、GW、年末年始のまとまった休みもあり、旅行や帰省の予定も立てやすい働き方です。

✅ 重い荷物はほとんどなし
扱うのは衣類・コスメ・文房具・小型雑貨など軽い商品が中心。重量物の持ち上げや力仕事はほぼなく、身体への負担を抑えて長く続けられます。

✅ 休憩室でしっかりリフレッシュ
昼休憩60分に加えて午後の小休憩があり、集中力を保ちやすいリズムです。休憩室にはポットやフリーWi-Fiもあります。

✅ 全国に拠点があるから相談先が近い
埼玉県内の勤務先を大宮雇用開発センターが担当しているため、通勤や配属の相談にすぐ対応できます。「家から近い職場がいい」といった希望も伝えてください。

✅ 地元さいたま市大宮区で腰を据えて働く
埼玉のターミナルとして商業施設が充実し、相談や面談にも立ち寄りやすい場所です。JR各線・東武線・ニューシャトルが集まる大宮駅が最寄りで、県内各方面から通いやすい立地です。

「自分にもできそう」と思えたら、それがスタートの合図。大宮雇用開発センターでお待ちしています！","例外事由3号のイにより、長期キャリア形成を図るため、
35歳以下を募集しております。","【勤務時間】
★9:00~18:00
└実働8時間/休憩1時間

定時ダッシュも問題ないです✧
✧ 土日祝休み
✧ 残業月平均:6.5時間以内
✧ 残業代100%支給","✧ 完全週休2日制(土日祝休み)
✧ 年間休日125日
「土日休みはマスト!」ってあなたにも
ぴったりの職場です!

【その他休暇】
✧ 有給休暇
✧ 夏季・冬季休暇
✧ GW休暇
✧ 年末年始休暇",埼玉県さいたま市大宮区桜木町,大宮雇用開発センター,"月給:25万円~+交通費全額支給

※経験に応じて決定いたします。

# 昇給あり
# 賞与あり
# 残業代100%支給
# 交通費支給","・各種社会保険完備（健康保険・厚生年金・雇用保険・労災保険）
・時間外手当・深夜手当・職能手当・役職手当・資格手当・業務手当
・退職金制度
・借上げ社宅・社員寮制度（規定あり）
・会社指示による転居時の引越費用・家賃補助（規定あり）
・定期健康診断（年1回）
・特別休暇（慶弔休暇）・産前産後休暇・育児休暇・介護休暇
・資格取得支援制度・資格取得報奨金
・社内研修制度・認定職業訓練校
・作業着・靴・手袋など業務に必要な備品は会社支給
・提携保養所・提携企業割引
・産業医・カウンセラーによる相談窓口","【応募前の「気になる」にお答えします】

Q. 面接は堅苦しいですか？
A. いいえ。カジュアル面談を1回行うだけです。服装も自由、履歴書も任意です。

Q. 応募してからどのくらいで決まりますか？
A. 3ステップで進みます。
▶ STEP1 WEBから応募（1分）→ 1〜3日以内にご連絡
▶ STEP2 カジュアル面談（1回のみ）
▶ STEP3 採用

Q. すぐには入社できないのですが…
A. 入社日はご相談いただけます。今のお仕事の引き継ぎ期間なども考慮します。",,即日勤務OK、交通費支給、残業なし,2,任意,生年月日、性別、電話番号,ntf-indeedapplicant-aaaatulx77tci2k2pr5yeqapva@shukatsu-labo.slack.com,,,利用しない,,
募集中,株式会社エイジェック,未経験｜検品・梱包｜株式会社エイジェック｜久喜雇用開発センター（久喜市）,倉庫作業スタッフ,20～30代活躍中◎久喜市｜先輩がマンツーマンで教える軽作業,,埼玉県 久喜市 久喜中央,,,正社員,はい,月給,250000,,最低額を表示,なし,,,,,,,固定時間制,160,,厚生年金、健康保険、雇用保険、労災保険,,なし,,,,,,,,,,,,,,,,,,"久喜雇用開発センターが担当する久喜市エリアの物流センターで、検品・梱包を担当する正社員スタッフを募集します！
扱うのは通販で人気のアパレル商品や雑貨、コスメなど。空調の効いたきれいな倉庫で、商品を確認して箱に詰めていくシンプルな作業です。
久喜雇用開発センターのスタッフが入社前から入社後まで伴走するので、初めての正社員でも安心してスタートできます。

▶ 入社後はこんな1日になります
09:00 朝礼。体調チェックと当日の出荷量を共有
09:15 午前は検品を担当。外観を目視で確認し、気になる商品は別置きにしてリーダーへ
12:00 昼休憩（60分）
13:00 午後は梱包。袋詰め→箱詰め→テープ留めの3工程を繰り返します
15:00 小休憩（15分）。自動販売機でジュースを買ってリフレッシュ
15:15 当日出荷分の最終チェックと仕分けを全員で仕上げます
17:45 作業スペースの清掃
18:00 退勤。残業は月平均6.5時間以内に収まっています

▶ お仕事の中身
✧ 検品：商品の外観チェック（傷・汚れ・へこみ）と数量・品番の照合
✧ スキャン：バーコードリーダーで「ピッ」と読み取ってデータと突き合わせ
✧ 梱包：袋詰め、緩衝材包装、ダンボールの組み立てと箱詰め、テープ留め
✧ 仕上げ：ラベル貼りと配送地域別の仕分け
扱うのはアパレル、コスメ、文房具、小型雑貨など。繰り返すうちに自然と手が覚える作業です。

▶ 未経験の方向け 1週間プログラム
✧ 1日目：会社説明、安全講習、作業場の見学
✧ 2日目：先輩の隣で検品の実演を見学し、午後から一緒に作業
✧ 3日目：梱包の袋詰め・箱詰めを先輩と一緒に担当
✧ 4日目：シール貼りと仕分けを一人で担当。先輩は同じ作業台で見守ります
✧ 5日目：検品から仕分けまでを通しで経験
覚えることは3ステップの繰り返し。資格や専門知識は必要ありません。

▶ 職場環境
✧ 空調完備：冷暖房が効いた清潔な室内で、夏も冬も快適
✧ 休憩室：電子レンジ・冷蔵庫・ポット・自動販売機あり。お弁当持参でもゆっくり過ごせます
✧ ロッカー：鍵付きの個人ロッカーで貴重品も安心
✧ 服装：髪色・ネイルは自由。動きやすい服装で通勤し、現場のルールに沿って作業します

▶ 久喜雇用開発センターならではの一言
JR宇都宮線と東武伊勢崎線が乗り入れる久喜駅が最寄りで、東北道・圏央道の久喜ICも近いエリアです。
高速道路の結節点として物流施設の集積が進む、県東部の物流拠点です。
久喜雇用開発センターは久喜市エリアの勤務先を担当しているので、ご自宅からの通いやすさも含めて配属先を一緒に考えます。

「ちゃんと正社員として働きたい」その一歩を、久喜雇用開発センターで踏み出しませんか。ご応募をお待ちしています！","【久喜雇用開発センターからのアピールポイント】

✅ マンツーマンで教えるから覚えやすい
専任の先輩が隣について、実演しながら手順を説明します。最初はシール貼りやダンボールの組み立てから始め、1週間でひと通りの流れを経験できるプログラムです。

✅ 9:00〜18:00の固定時間制
毎日同じリズムで働けるので、生活のペースが安定します。土日祝がお休みなので、友人や家族との予定も合わせやすい環境です。

✅ 黙々・コツコツ派にぴったり
ノルマはなく、接客もありません。「一人で集中して作業したい」「人間関係のストレスを減らしたい」という方に向いている環境です。

✅ 髪色・ネイル・服装は自由
清潔感があれば普段のスタイルのままで大丈夫。動きやすい服装で通勤し、現場のルールに沿って作業します。

✅ 正社員としての安定と成長
正社員雇用に加え、社会保険完備、退職金制度、資格取得支援と報奨金などの制度があります。検品・梱包からスタートし、リーダーや別工程へのステップアップも目指せます。

✅ 地元久喜市で腰を据えて働く
高速道路の結節点として物流施設の集積が進む、県東部の物流拠点です。JR宇都宮線と東武伊勢崎線が乗り入れる久喜駅が最寄りで、東北道・圏央道の久喜ICも近いエリアです。

まずはカジュアル面談で、職場の雰囲気や1日の流れをお伝えします。お気軽にご応募ください！","例外事由3号のイにより、長期キャリア形成を図るため、
35歳以下を募集しております。","【勤務時間】
★9:00~18:00
└実働8時間/休憩1時間

定時ダッシュも問題ないです✧
✧ 土日祝休み
✧ 残業月平均:6.5時間以内
✧ 残業代100%支給","✧ 完全週休2日制(土日祝休み)
✧ 年間休日125日
「土日休みはマスト!」ってあなたにも
ぴったりの職場です!

【その他休暇】
✧ 有給休暇
✧ 夏季・冬季休暇
✧ GW休暇
✧ 年末年始休暇",埼玉県久喜市久喜中央,久喜雇用開発センター,"月給:25万円~+交通費全額支給

※経験に応じて決定いたします。

# 昇給あり
# 賞与あり
# 残業代100%支給
# 交通費支給","・各種社会保険完備（健康保険・厚生年金・雇用保険・労災保険）
・時間外手当・深夜手当・職能手当・役職手当・資格手当・業務手当
・退職金制度
・借上げ社宅・社員寮制度（規定あり）
・会社指示による転居時の引越費用・家賃補助（規定あり）
・定期健康診断（年1回）
・特別休暇（慶弔休暇）・産前産後休暇・育児休暇・介護休暇
・資格取得支援制度・資格取得報奨金
・社内研修制度・認定職業訓練校
・作業着・靴・手袋など業務に必要な備品は会社支給
・提携保養所・提携企業割引
・産業医・カウンセラーによる相談窓口","まずは「話を聞いてみる」だけで大丈夫です。

当社ではカジュアル面談を実施しています。
志望動機や自己PRの準備は不要。
「どんな職場？」「本当に未経験でもできる？」といった疑問に、担当者が率直にお答えします。

■ 応募から入社までの3STEP ■
▶ STEP1 WEB応募（1分）
▶ STEP2 カジュアル面談（1回のみ・1〜3日以内にご連絡）
▶ STEP3 採用・入社日のご相談

入社日は柔軟に調整できます。
「来月から」「今の仕事を辞めてから」など、ご都合をお聞かせください。",,即日勤務OK、交通費支給、残業なし,2,任意,生年月日、性別、電話番号,ntf-indeedapplicant-aaaatulx77tci2k2pr5yeqapva@shukatsu-labo.slack.com,,,利用しない,,
募集中,株式会社エイジェック,未経験｜検品・梱包｜株式会社エイジェック｜熊谷雇用開発センター（熊谷市）,倉庫作業スタッフ,20～30代活躍中◎土日祝休み｜熊谷市エリアで軽作業の正社員に,,埼玉県 熊谷市 筑波,,,正社員,はい,月給,250000,,最低額を表示,なし,,,,,,,固定時間制,160,,厚生年金、健康保険、雇用保険、労災保険,,なし,,,,,,,,,,,,,,,,,,"「未経験から、ちゃんとした正社員として働きたい」その気持ちを熊谷雇用開発センターが応援します。
勤務先は熊谷雇用開発センターが担当する熊谷市エリアの物流センター。届いた商品に不備がないかをチェックし、丁寧に梱包して出荷準備をするお仕事です。
冷暖房完備の室内で、重い荷物を運ぶことはほとんどありません。

▶ 1日の流れ（9:00〜18:00・休憩1時間）
09:00 朝礼。今日の出荷予定と担当作業を確認します
09:15 検品スタート。商品の傷・汚れ・数量を納品書と照らし合わせてチェック
12:00 昼休憩（60分）。休憩室で昼食。電子レンジや冷蔵庫も使えます
13:00 梱包スタート。袋詰め、緩衝材で包む、箱に納めるの繰り返し
15:00 小休憩（15分）。飲み物を片手にひと息
15:15 ラベル貼りと出荷先ごとの仕分け
17:45 作業台の片づけと翌日の資材準備
18:00 退勤！残業は月平均6.5時間以内で、定時に帰れる日が大半です

▶ お仕事の中身
✧ 検品：商品の外観チェック（傷・汚れ・へこみ）と数量・品番の照合
✧ スキャン：バーコードリーダーで「ピッ」と読み取ってデータと突き合わせ
✧ 梱包：袋詰め、緩衝材包装、ダンボールの組み立てと箱詰め、テープ留め
✧ 仕上げ：ラベル貼りと配送地域別の仕分け
扱うのはアパレル、コスメ、文房具、小型雑貨など。繰り返すうちに自然と手が覚える作業です。

▶ 入社後1週間の流れ
1日目：熊谷雇用開発センターでオリエンテーション。安全ルールや勤怠の付け方、勤務先の設備を案内します
2〜3日目：先輩スタッフがマンツーマンで隣につき、検品の見方と梱包の手順を実演しながら説明
4〜5日目：シール貼りやダンボールの組み立てから一人で担当。分からないことはその場で質問できます
1週間後：検品〜仕分けまでの流れをひと通り経験し、自分のペースで進められるように
「早ければ半日、遅くとも2〜3日で一人立ち」が現場の目安ですが、慣れるまで焦らず伴走します。

▶ 設備のポイント
✧ 冷暖房完備の室内作業で、季節や天候に左右されません
✧ 休憩室に電子レンジ・冷蔵庫・ポットがあり、フリーWi-Fiも使えます
✧ 個人用の鍵付きロッカーを完備
✧ 髪色・ネイル・服装は自由。清潔感があれば普段のスタイルのままで大丈夫

▶ 埼玉県熊谷市で働く
県北の中核都市で、周辺には製造業の工場や物流拠点が多く立地しています。
JR高崎線・上越新幹線・秩父鉄道が乗り入れる熊谷駅が最寄りで、県北の交通の中心です。
熊谷雇用開発センターのスタッフが地域の勤務先を熟知しているため、「家から近い」「駅から通える」といった希望にも応えやすいのが強みです。

「ちゃんと正社員として働きたい」その一歩を、熊谷雇用開発センターで踏み出しませんか。ご応募をお待ちしています！","【熊谷市で働く5つの魅力】

✅ 先輩の9割以上が未経験スタート
「商品を手に取る」「傷がないか見る」「箱に入れる」の3ステップが仕事の基本。専門用語も複雑な機械操作もなく、初日は安全講習とオリエンテーションから始まるので安心です。

✅ 残業は月平均6.5時間以内
定時で帰れる日がほとんど。仕事の後にジムや習い事に通ったり、家でゆっくりしたり、自分の時間をしっかり確保できます。

✅ 黙々・コツコツ派にぴったり
ノルマはなく、接客もありません。「一人で集中して作業したい」「人間関係のストレスを減らしたい」という方に向いている環境です。

✅ 髪色・ネイル・服装は自由
清潔感があれば普段のスタイルのままで大丈夫。動きやすい服装で通勤し、現場のルールに沿って作業します。

✅ 雇用開発センターが入社後も伴走
熊谷雇用開発センターの担当者が定期的に面談し、職場では言いにくい悩みも聞き取ります。「一人で放り出される」ことはありません。

✅ 地元熊谷市で腰を据えて働く
県北の中核都市で、周辺には製造業の工場や物流拠点が多く立地しています。JR高崎線・上越新幹線・秩父鉄道が乗り入れる熊谷駅が最寄りで、県北の交通の中心です。

「自分にもできそう」と思えたら、それがスタートの合図。熊谷雇用開発センターでお待ちしています！","例外事由3号のイにより、長期キャリア形成を図るため、
35歳以下を募集しております。","【勤務時間】
★9:00~18:00
└実働8時間/休憩1時間

定時ダッシュも問題ないです✧
✧ 土日祝休み
✧ 残業月平均:6.5時間以内
✧ 残業代100%支給","✧ 完全週休2日制(土日祝休み)
✧ 年間休日125日
「土日休みはマスト!」ってあなたにも
ぴったりの職場です!

【その他休暇】
✧ 有給休暇
✧ 夏季・冬季休暇
✧ GW休暇
✧ 年末年始休暇",埼玉県熊谷市筑波,熊谷雇用開発センター,"月給:25万円~+交通費全額支給

※経験に応じて決定いたします。

# 昇給あり
# 賞与あり
# 残業代100%支給
# 交通費支給","・各種社会保険完備（健康保険・厚生年金・雇用保険・労災保険）
・時間外手当・深夜手当・職能手当・役職手当・資格手当・業務手当
・退職金制度
・借上げ社宅・社員寮制度（規定あり）
・会社指示による転居時の引越費用・家賃補助（規定あり）
・定期健康診断（年1回）
・特別休暇（慶弔休暇）・産前産後休暇・育児休暇・介護休暇
・資格取得支援制度・資格取得報奨金
・社内研修制度・認定職業訓練校
・作業着・靴・手袋など業務に必要な備品は会社支給
・提携保養所・提携企業割引
・産業医・カウンセラーによる相談窓口","【最短スケジュールのイメージ】

▶ STEP1 今日：WEBから1分で応募
▶ STEP2 1〜3日後：担当者からご連絡 → カジュアル面談の日程調整
▶ STEP3 面談当日：カジュアル面談（1回のみ）→ 採用のご連絡

面談では、職場の雰囲気・1日の流れ・通勤のことなど、
気になることを何でも聞いてください。

✧ 入社日はご相談いただけます ✧
「すぐ働きたい」「少し先がいい」どちらのご希望にも対応します。",,即日勤務OK、交通費支給、残業なし,2,任意,生年月日、性別、電話番号,ntf-indeedapplicant-aaaatulx77tci2k2pr5yeqapva@shukatsu-labo.slack.com,,,利用しない,,
募集中,株式会社エイジェック,未経験｜検品・梱包｜株式会社エイジェック｜川越雇用開発センター（川越市）,倉庫作業スタッフ,20～30代活躍中◎川越市｜年間休日125日でプライベート充実,,埼玉県 川越市 脇田本町,,,正社員,はい,月給,250000,,最低額を表示,なし,,,,,,,固定時間制,160,,厚生年金、健康保険、雇用保険、労災保険,,なし,,,,,,,,,,,,,,,,,,"埼玉県川越市エリアで、検品・梱包スタッフ（正社員）を募集しています。
勤務先は川越雇用開発センターが担当する川越市エリアの物流センター。衣類・コスメ・文房具などの軽い商品を、目で確認し、数を合わせ、袋や箱に納める作業が中心です。
「難しいことは苦手」という方でも、3日ほどで流れがつかめるシンプルな仕事です。

▶ ある日のスケジュール
09:00 出勤・朝礼。リーダーから連絡事項と注意点の共有
09:10 ハンディ端末で商品のバーコードを読み取り、品番と個数を照合します
10:30 小休憩（10分）
12:00 昼休憩（60分）。お弁当派も外食派も、それぞれのスタイルで
13:00 午後は梱包。ダンボールを組み立て、商品が動かないように納めます
15:00 小休憩（15分）
15:15 出荷準備。伝票シールを貼って配送業者ごとにコンテナへ
17:45 清掃と日報の記入
18:00 定時退勤。土日祝休みなので、明日の予定も立てやすい！

▶ 扱う商品・作業の具体例
✧ 衣類・タオル：ほつれや汚れがないか確認し、透明袋に入れます
✧ コスメ・ガラス小物：割れないよう緩衝材で包んでから箱へ
✧ 文房具・生活雑貨：品番と個数を納品書と照合し、まとめて袋詰め
✧ 出荷箱：伝票シールと「割れ物注意」などの注意シールを所定の位置に貼ります
どれも片手〜両手で持てるサイズで、重量物の持ち上げはありません。

▶ 教育・研修体制
入社初日は安全講習とオリエンテーションから。いきなり一人で現場に立つことはありません。
2日目以降は専任の先輩が隣について、検品・梱包の手順を実際にやって見せながら教えます。
最初の1週間は「見る→一緒にやる→一人でやる」の順で担当を広げ、1週間後にはひと通りの作業を経験できます。
川越雇用開発センターの担当者も定期的に様子を見に来るので、職場に言いにくいことも相談できます。

▶ 職場環境
✧ 空調完備：冷暖房が効いた清潔な室内で、夏も冬も快適
✧ 休憩室：電子レンジ・冷蔵庫・ポット・自動販売機あり。お弁当持参でもゆっくり過ごせます
✧ ロッカー：鍵付きの個人ロッカーで貴重品も安心
✧ 服装：髪色・ネイルは自由。動きやすい服装で通勤し、現場のルールに沿って作業します

▶ 埼玉県川越市で働く
小江戸の街並みで知られる一方、郊外には物流施設や工場も多く立地しています。
JR川越線・東武東上線・西武新宿線の3路線が使え、都内・県内どちらからも通いやすい街です。
川越雇用開発センターのスタッフが地域の勤務先を熟知しているため、「家から近い」「駅から通える」といった希望にも応えやすいのが強みです。

川越雇用開発センターが、あなたのキャリアの第一歩を全力でサポートします。まずはお気軽にご応募ください！","【川越雇用開発センターからのアピールポイント】

✅ 先輩の9割以上が未経験スタート
「商品を手に取る」「傷がないか見る」「箱に入れる」の3ステップが仕事の基本。専門用語も複雑な機械操作もなく、初日は安全講習とオリエンテーションから始まるので安心です。

✅ 土日祝休み・年間休日125日
完全週休2日制でカレンダー通りに休めます。夏季・冬季休暇、GW、年末年始のまとまった休みもあり、旅行や帰省の予定も立てやすい働き方です。

✅ 黙々・コツコツ派にぴったり
ノルマはなく、接客もありません。「一人で集中して作業したい」「人間関係のストレスを減らしたい」という方に向いている環境です。

✅ 髪色・ネイル・服装は自由
清潔感があれば普段のスタイルのままで大丈夫。動きやすい服装で通勤し、現場のルールに沿って作業します。

✅ 全国に拠点があるから相談先が近い
埼玉県内の勤務先を川越雇用開発センターが担当しているため、通勤や配属の相談にすぐ対応できます。「家から近い職場がいい」といった希望も伝えてください。

✅ 川越市エリアで通いやすい
JR川越線・東武東上線・西武新宿線の3路線が使え、都内・県内どちらからも通いやすい街です。小江戸の街並みで知られる一方、郊外には物流施設や工場も多く立地しています。

まずはカジュアル面談で、職場の雰囲気や1日の流れをお伝えします。お気軽にご応募ください！","例外事由3号のイにより、長期キャリア形成を図るため、
35歳以下を募集しております。","【勤務時間】
★9:00~18:00
└実働8時間/休憩1時間

定時ダッシュも問題ないです✧
✧ 土日祝休み
✧ 残業月平均:6.5時間以内
✧ 残業代100%支給","✧ 完全週休2日制(土日祝休み)
✧ 年間休日125日
「土日休みはマスト!」ってあなたにも
ぴったりの職場です!

【その他休暇】
✧ 有給休暇
✧ 夏季・冬季休暇
✧ GW休暇
✧ 年末年始休暇",埼玉県川越市脇田本町,川越雇用開発センター,"月給:25万円~+交通費全額支給

※経験に応じて決定いたします。

# 昇給あり
# 賞与あり
# 残業代100%支給
# 交通費支給","・各種社会保険完備（健康保険・厚生年金・雇用保険・労災保険）
・時間外手当・深夜手当・職能手当・役職手当・資格手当・業務手当
・退職金制度
・借上げ社宅・社員寮制度（規定あり）
・会社指示による転居時の引越費用・家賃補助（規定あり）
・定期健康診断（年1回）
・特別休暇（慶弔休暇）・産前産後休暇・育児休暇・介護休暇
・資格取得支援制度・資格取得報奨金
・社内研修制度・認定職業訓練校
・作業着・靴・手袋など業務に必要な備品は会社支給
・提携保養所・提携企業割引
・産業医・カウンセラーによる相談窓口","■ 選考について ■
・カジュアル面談：1回のみ（服装自由・履歴書任意）
・応募から面談まで：WEB応募後、1〜3日以内にご連絡
・入社日：ご相談のうえ決定

■ 応募からの流れ ■
▶ STEP1 WEBから1分で応募
▶ STEP2 カジュアル面談（1回のみ）
▶ STEP3 採用

「まずは話だけ聞いてみたい」という方も、そのままご応募ください。
面談で無理に応募を勧めることはありません。",,即日勤務OK、交通費支給、残業なし,2,任意,生年月日、性別、電話番号,ntf-indeedapplicant-aaaatulx77tci2k2pr5yeqapva@shukatsu-labo.slack.com,,,利用しない,,
募集中,株式会社エイジェック,未経験｜検品・梱包｜株式会社エイジェック｜名古屋雇用開発センター（名古屋市中村区）,倉庫作業スタッフ,20～30代活躍中◎安定して働く｜名古屋市中村区エリアの検品・梱包スタッフ,,愛知県 名古屋市 中村区 名駅,,,正社員,はい,月給,250000,,最低額を表示,なし,,,,,,,固定時間制,160,,厚生年金、健康保険、雇用保険、労災保険,,なし,,,,,,,,,,,,,,,,,,"コツコツ作業が好きな方にぴったりの、検品・梱包のお仕事です。
勤務先は名古屋雇用開発センターが担当する名古屋市中村区エリアの物流センター。1年中快適な温度に保たれた倉庫内で、自分の作業台を担当します。
名古屋雇用開発センターでは配属後も定期的に面談を行い、困りごとがあればすぐにフォローします。

▶ 入社後はこんな1日になります
09:00 朝礼。体調チェックと当日の出荷量を共有
09:15 午前は検品を担当。外観を目視で確認し、気になる商品は別置きにしてリーダーへ
12:00 昼休憩（60分）
13:00 午後は梱包。袋詰め→箱詰め→テープ留めの3工程を繰り返します
15:00 小休憩（15分）。自動販売機でジュースを買ってリフレッシュ
15:15 当日出荷分の最終チェックと仕分けを全員で仕上げます
17:45 作業スペースの清掃
18:00 退勤。残業は月平均6.5時間以内に収まっています

▶ 作業は3ステップ
1. 検品：商品を手に取り、傷・汚れ・数量を確認。迷ったら「保留」箱に入れてリーダーに聞くだけ
2. 梱包：商品に合わせて袋・緩衝材・箱を選び、動かないように納めてテープで封をします
3. 仕分け：伝票シールを貼り、配送地域ごとのコンテナへ
衣類・雑貨・コスメ・文房具などの軽い商品が中心で、フォークリフトなどの機械操作はありません。

▶ 教育・研修体制
入社初日は安全講習とオリエンテーションから。いきなり一人で現場に立つことはありません。
2日目以降は専任の先輩が隣について、検品・梱包の手順を実際にやって見せながら教えます。
最初の1週間は「見る→一緒にやる→一人でやる」の順で担当を広げ、1週間後にはひと通りの作業を経験できます。
名古屋雇用開発センターの担当者も定期的に様子を見に来るので、職場に言いにくいことも相談できます。

▶ 働く環境
作業場は1年中空調が効いていて、「夏は暑くて汗だく」「冬は手がかじかむ」といった心配がありません。
休憩室は広く、電子レンジや冷蔵庫、自動販売機が揃っています。
鍵付きロッカーがあるので、貴重品の管理も安心。
服装や髪色は自由で、自分らしいスタイルのまま通勤できます。

▶ 名古屋雇用開発センターならではの一言
JR・名鉄・近鉄・地下鉄が集まる名古屋駅から徒歩圏で、県内外どこからでも通いやすい立地です。
中部エリア最大のターミナルにあり、相談や面談にも立ち寄りやすい場所です。
名古屋雇用開発センターは名古屋市中村区エリアの勤務先を担当しているので、ご自宅からの通いやすさも含めて配属先を一緒に考えます。

「ちゃんと正社員として働きたい」その一歩を、名古屋雇用開発センターで踏み出しませんか。ご応募をお待ちしています！","【名古屋市中村区で働く5つの魅力】

✅ 資格・経験・学歴は不問
必要なのは「丁寧に確認する姿勢」だけ。仕事のやり方はすべて入社後にお伝えします。将来的に資格を取りたい方には資格取得支援制度と報奨金があり、キャリアの幅を広げられます。

✅ 残業は月平均6.5時間以内
定時で帰れる日がほとんど。仕事の後にジムや習い事に通ったり、家でゆっくりしたり、自分の時間をしっかり確保できます。

✅ 重い荷物はほとんどなし
扱うのは衣類・コスメ・文房具・小型雑貨など軽い商品が中心。重量物の持ち上げや力仕事はほぼなく、身体への負担を抑えて長く続けられます。

✅ 髪色・ネイル・服装は自由
清潔感があれば普段のスタイルのままで大丈夫。動きやすい服装で通勤し、現場のルールに沿って作業します。

✅ 正社員としての安定と成長
正社員雇用に加え、社会保険完備、退職金制度、資格取得支援と報奨金などの制度があります。検品・梱包からスタートし、リーダーや別工程へのステップアップも目指せます。

✅ 名古屋市中村区エリアで通いやすい
JR・名鉄・近鉄・地下鉄が集まる名古屋駅から徒歩圏で、県内外どこからでも通いやすい立地です。中部エリア最大のターミナルにあり、相談や面談にも立ち寄りやすい場所です。

「自分にもできそう」と思えたら、それがスタートの合図。名古屋雇用開発センターでお待ちしています！","例外事由3号のイにより、長期キャリア形成を図るため、
35歳以下を募集しております。","【勤務時間】
★9:00~18:00
└実働8時間/休憩1時間

定時ダッシュも問題ないです✧
✧ 土日祝休み
✧ 残業月平均:6.5時間以内
✧ 残業代100%支給","✧ 完全週休2日制(土日祝休み)
✧ 年間休日125日
「土日休みはマスト!」ってあなたにも
ぴったりの職場です!

【その他休暇】
✧ 有給休暇
✧ 夏季・冬季休暇
✧ GW休暇
✧ 年末年始休暇",愛知県名古屋市中村区名駅,名古屋雇用開発センター,"月給:25万円~+交通費全額支給

※経験に応じて決定いたします。

# 昇給あり
# 賞与あり
# 残業代100%支給
# 交通費支給","・各種社会保険完備（健康保険・厚生年金・雇用保険・労災保険）
・時間外手当・深夜手当・職能手当・役職手当・資格手当・業務手当
・退職金制度
・借上げ社宅・社員寮制度（規定あり）
・会社指示による転居時の引越費用・家賃補助（規定あり）
・定期健康診断（年1回）
・特別休暇（慶弔休暇）・産前産後休暇・育児休暇・介護休暇
・資格取得支援制度・資格取得報奨金
・社内研修制度・認定職業訓練校
・作業着・靴・手袋など業務に必要な備品は会社支給
・提携保養所・提携企業割引
・産業医・カウンセラーによる相談窓口","✧ カジュアル面談実施中です ✧

応募に必要なのは人柄だけ。
まずはあなたのご希望を聞かせてください。

■ 応募からの流れ ■
▶ STEP1 WEBから1分で簡単応募
1〜3日以内に担当者からご連絡します。
▶ STEP2 カジュアル面談（1回のみ）
職場の雰囲気や1日の流れをお伝えし、ご希望を伺います。
▶ STEP3 採用

※入社日はご相談いただけます◎
在職中の方も、お気軽にご相談ください。",,即日勤務OK、交通費支給、残業なし,2,任意,生年月日、性別、電話番号,ntf-indeedapplicant-aaaatulx77tci2k2pr5yeqapva@shukatsu-labo.slack.com,,,利用しない,,
募集中,株式会社エイジェック,未経験｜検品・梱包｜株式会社エイジェック｜豊田雇用開発センター（豊田市）,倉庫作業スタッフ,20～30代活躍中◎豊田市｜空調完備の倉庫でシンプル作業,,愛知県 豊田市 若宮町,,,正社員,はい,月給,250000,,最低額を表示,なし,,,,,,,固定時間制,160,,厚生年金、健康保険、雇用保険、労災保険,,なし,,,,,,,,,,,,,,,,,,"豊田雇用開発センターが担当する豊田市エリアの物流センターで、検品・梱包を担当する正社員スタッフを募集します！
扱うのは通販で人気のアパレル商品や雑貨、コスメなど。空調の効いたきれいな倉庫で、商品を確認して箱に詰めていくシンプルな作業です。
豊田雇用開発センターのスタッフが入社前から入社後まで伴走するので、初めての正社員でも安心してスタートできます。

▶ ある日のスケジュール
09:00 出勤・朝礼。リーダーから連絡事項と注意点の共有
09:10 ハンディ端末で商品のバーコードを読み取り、品番と個数を照合します
10:30 小休憩（10分）
12:00 昼休憩（60分）。お弁当派も外食派も、それぞれのスタイルで
13:00 午後は梱包。ダンボールを組み立て、商品が動かないように納めます
15:00 小休憩（15分）
15:15 出荷準備。伝票シールを貼って配送業者ごとにコンテナへ
17:45 清掃と日報の記入
18:00 定時退勤。土日祝休みなので、明日の予定も立てやすい！

▶ 作業は3ステップ
1. 検品：商品を手に取り、傷・汚れ・数量を確認。迷ったら「保留」箱に入れてリーダーに聞くだけ
2. 梱包：商品に合わせて袋・緩衝材・箱を選び、動かないように納めてテープで封をします
3. 仕分け：伝票シールを貼り、配送地域ごとのコンテナへ
衣類・雑貨・コスメ・文房具などの軽い商品が中心で、フォークリフトなどの機械操作はありません。

▶ 未経験の方向け 1週間プログラム
✧ 1日目：会社説明、安全講習、作業場の見学
✧ 2日目：先輩の隣で検品の実演を見学し、午後から一緒に作業
✧ 3日目：梱包の袋詰め・箱詰めを先輩と一緒に担当
✧ 4日目：シール貼りと仕分けを一人で担当。先輩は同じ作業台で見守ります
✧ 5日目：検品から仕分けまでを通しで経験
覚えることは3ステップの繰り返し。資格や専門知識は必要ありません。

▶ 設備のポイント
✧ 冷暖房完備の室内作業で、季節や天候に左右されません
✧ 休憩室に電子レンジ・冷蔵庫・ポットがあり、フリーWi-Fiも使えます
✧ 個人用の鍵付きロッカーを完備
✧ 髪色・ネイル・服装は自由。清潔感があれば普段のスタイルのままで大丈夫

▶ 愛知県豊田市で働く
自動車産業の中心地で、関連部品や資材を扱う物流の現場が数多くある街です。
名鉄三河線・豊田線の豊田市駅と愛知環状鉄道の新豊田駅が最寄りで、東名の豊田ICも近い立地です。
豊田雇用開発センターのスタッフが地域の勤務先を熟知しているため、「家から近い」「駅から通える」といった希望にも応えやすいのが強みです。

「ちゃんと正社員として働きたい」その一歩を、豊田雇用開発センターで踏み出しませんか。ご応募をお待ちしています！","【豊田雇用開発センターからのアピールポイント】

✅ 資格・経験・学歴は不問
必要なのは「丁寧に確認する姿勢」だけ。仕事のやり方はすべて入社後にお伝えします。将来的に資格を取りたい方には資格取得支援制度と報奨金があり、キャリアの幅を広げられます。

✅ 土日祝休み・年間休日125日
完全週休2日制でカレンダー通りに休めます。夏季・冬季休暇、GW、年末年始のまとまった休みもあり、旅行や帰省の予定も立てやすい働き方です。

✅ 重い荷物はほとんどなし
扱うのは衣類・コスメ・文房具・小型雑貨など軽い商品が中心。重量物の持ち上げや力仕事はほぼなく、身体への負担を抑えて長く続けられます。

✅ 髪色・ネイル・服装は自由
清潔感があれば普段のスタイルのままで大丈夫。動きやすい服装で通勤し、現場のルールに沿って作業します。

✅ 雇用開発センターが入社後も伴走
豊田雇用開発センターの担当者が定期的に面談し、職場では言いにくい悩みも聞き取ります。「一人で放り出される」ことはありません。

✅ 豊田市エリアで通いやすい
名鉄三河線・豊田線の豊田市駅と愛知環状鉄道の新豊田駅が最寄りで、東名の豊田ICも近い立地です。自動車産業の中心地で、関連部品や資材を扱う物流の現場が数多くある街です。

まずはカジュアル面談で、職場の雰囲気や1日の流れをお伝えします。お気軽にご応募ください！","例外事由3号のイにより、長期キャリア形成を図るため、
35歳以下を募集しております。","【勤務時間】
★9:00~18:00
└実働8時間/休憩1時間

定時ダッシュも問題ないです✧
✧ 土日祝休み
✧ 残業月平均:6.5時間以内
✧ 残業代100%支給","✧ 完全週休2日制(土日祝休み)
✧ 年間休日125日
「土日休みはマスト!」ってあなたにも
ぴったりの職場です!

【その他休暇】
✧ 有給休暇
✧ 夏季・冬季休暇
✧ GW休暇
✧ 年末年始休暇",愛知県豊田市若宮町,豊田雇用開発センター,"月給:25万円~+交通費全額支給

※経験に応じて決定いたします。

# 昇給あり
# 賞与あり
# 残業代100%支給
# 交通費支給","・各種社会保険完備（健康保険・厚生年金・雇用保険・労災保険）
・時間外手当・深夜手当・職能手当・役職手当・資格手当・業務手当
・退職金制度
・借上げ社宅・社員寮制度（規定あり）
・会社指示による転居時の引越費用・家賃補助（規定あり）
・定期健康診断（年1回）
・特別休暇（慶弔休暇）・産前産後休暇・育児休暇・介護休暇
・資格取得支援制度・資格取得報奨金
・社内研修制度・認定職業訓練校
・作業着・靴・手袋など業務に必要な備品は会社支給
・提携保養所・提携企業割引
・産業医・カウンセラーによる相談窓口","【応募前の「気になる」にお答えします】

Q. 面接は堅苦しいですか？
A. いいえ。カジュアル面談を1回行うだけです。服装も自由、履歴書も任意です。

Q. 応募してからどのくらいで決まりますか？
A. 3ステップで進みます。
▶ STEP1 WEBから応募（1分）→ 1〜3日以内にご連絡
▶ STEP2 カジュアル面談（1回のみ）
▶ STEP3 採用

Q. すぐには入社できないのですが…
A. 入社日はご相談いただけます。今のお仕事の引き継ぎ期間なども考慮します。",,即日勤務OK、交通費支給、残業なし,2,任意,生年月日、性別、電話番号,ntf-indeedapplicant-aaaatulx77tci2k2pr5yeqapva@shukatsu-labo.slack.com,,,利用しない,,
募集中,株式会社エイジェック,未経験｜検品・梱包｜株式会社エイジェック｜岡崎雇用開発センター（岡崎市）,倉庫作業スタッフ,20～30代活躍中◎定時退勤が基本｜岡崎市で検品・梱包の正社員,,愛知県 岡崎市 唐沢町,,,正社員,はい,月給,250000,,最低額を表示,なし,,,,,,,固定時間制,160,,厚生年金、健康保険、雇用保険、労災保険,,なし,,,,,,,,,,,,,,,,,,"「未経験から、ちゃんとした正社員として働きたい」その気持ちを岡崎雇用開発センターが応援します。
勤務先は岡崎雇用開発センターが担当する岡崎市エリアの物流センター。届いた商品に不備がないかをチェックし、丁寧に梱包して出荷準備をするお仕事です。
冷暖房完備の室内で、重い荷物を運ぶことはほとんどありません。

▶ 入社後はこんな1日になります
09:00 朝礼。体調チェックと当日の出荷量を共有
09:15 午前は検品を担当。外観を目視で確認し、気になる商品は別置きにしてリーダーへ
12:00 昼休憩（60分）
13:00 午後は梱包。袋詰め→箱詰め→テープ留めの3工程を繰り返します
15:00 小休憩（15分）。自動販売機でジュースを買ってリフレッシュ
15:15 当日出荷分の最終チェックと仕分けを全員で仕上げます
17:45 作業スペースの清掃
18:00 退勤。残業は月平均6.5時間以内に収まっています

▶ こんな商品を扱います
通販サイトで人気のアパレル商品、生活雑貨、コスメ、文房具が中心です。
✧ シャツやタオルを畳んで透明袋へ
✧ コスメ容器のひび割れを目視で確認
✧ 文房具のセット品を指定の個数で袋詰め
✧ 箱にラベルを貼って配送業者ごとの台車へ
作業台の高さは調整されていて、身体への負担を抑えて働けます。

▶ 入社後1週間の流れ
1日目：岡崎雇用開発センターでオリエンテーション。安全ルールや勤怠の付け方、勤務先の設備を案内します
2〜3日目：先輩スタッフがマンツーマンで隣につき、検品の見方と梱包の手順を実演しながら説明
4〜5日目：シール貼りやダンボールの組み立てから一人で担当。分からないことはその場で質問できます
1週間後：検品〜仕分けまでの流れをひと通り経験し、自分のペースで進められるように
「早ければ半日、遅くとも2〜3日で一人立ち」が現場の目安ですが、慣れるまで焦らず伴走します。

▶ 働く環境
作業場は1年中空調が効いていて、「夏は暑くて汗だく」「冬は手がかじかむ」といった心配がありません。
休憩室は広く、電子レンジや冷蔵庫、自動販売機が揃っています。
鍵付きロッカーがあるので、貴重品の管理も安心。
服装や髪色は自由で、自分らしいスタイルのまま通勤できます。

▶ 愛知県岡崎市で働く
西三河の中心都市で、自動車関連の製造業や物流拠点が数多く集まっています。
名鉄名古屋本線の東岡崎駅・JR東海道線の岡崎駅が利用でき、東名の岡崎ICも近い立地です。
岡崎雇用開発センターのスタッフが地域の勤務先を熟知しているため、「家から近い」「駅から通える」といった希望にも応えやすいのが強みです。

岡崎雇用開発センターが、あなたのキャリアの第一歩を全力でサポートします。まずはお気軽にご応募ください！","【岡崎市で働く5つの魅力】

✅ マンツーマンで教えるから覚えやすい
専任の先輩が隣について、実演しながら手順を説明します。最初はシール貼りやダンボールの組み立てから始め、1週間でひと通りの流れを経験できるプログラムです。

✅ 9:00〜18:00の固定時間制
毎日同じリズムで働けるので、生活のペースが安定します。土日祝がお休みなので、友人や家族との予定も合わせやすい環境です。

✅ 黙々・コツコツ派にぴったり
ノルマはなく、接客もありません。「一人で集中して作業したい」「人間関係のストレスを減らしたい」という方に向いている環境です。

✅ 空調完備の清潔な倉庫
冷暖房がしっかり効いた室内で、季節を問わず快適。休憩室には電子レンジ・冷蔵庫・自動販売機があり、鍵付きロッカーも完備しています。

✅ 全国に拠点があるから相談先が近い
愛知県内の勤務先を岡崎雇用開発センターが担当しているため、通勤や配属の相談にすぐ対応できます。「家から近い職場がいい」といった希望も伝えてください。

✅ 地元岡崎市で腰を据えて働く
西三河の中心都市で、自動車関連の製造業や物流拠点が数多く集まっています。名鉄名古屋本線の東岡崎駅・JR東海道線の岡崎駅が利用でき、東名の岡崎ICも近い立地です。

まずはカジュアル面談で、職場の雰囲気や1日の流れをお伝えします。お気軽にご応募ください！","例外事由3号のイにより、長期キャリア形成を図るため、
35歳以下を募集しております。","【勤務時間】
★9:00~18:00
└実働8時間/休憩1時間

定時ダッシュも問題ないです✧
✧ 土日祝休み
✧ 残業月平均:6.5時間以内
✧ 残業代100%支給","✧ 完全週休2日制(土日祝休み)
✧ 年間休日125日
「土日休みはマスト!」ってあなたにも
ぴったりの職場です!

【その他休暇】
✧ 有給休暇
✧ 夏季・冬季休暇
✧ GW休暇
✧ 年末年始休暇",愛知県岡崎市唐沢町,岡崎雇用開発センター,"月給:25万円~+交通費全額支給

※経験に応じて決定いたします。

# 昇給あり
# 賞与あり
# 残業代100%支給
# 交通費支給","・各種社会保険完備（健康保険・厚生年金・雇用保険・労災保険）
・時間外手当・深夜手当・職能手当・役職手当・資格手当・業務手当
・退職金制度
・借上げ社宅・社員寮制度（規定あり）
・会社指示による転居時の引越費用・家賃補助（規定あり）
・定期健康診断（年1回）
・特別休暇（慶弔休暇）・産前産後休暇・育児休暇・介護休暇
・資格取得支援制度・資格取得報奨金
・社内研修制度・認定職業訓練校
・作業着・靴・手袋など業務に必要な備品は会社支給
・提携保養所・提携企業割引
・産業医・カウンセラーによる相談窓口","まずは「話を聞いてみる」だけで大丈夫です。

当社ではカジュアル面談を実施しています。
志望動機や自己PRの準備は不要。
「どんな職場？」「本当に未経験でもできる？」といった疑問に、担当者が率直にお答えします。

■ 応募から入社までの3STEP ■
▶ STEP1 WEB応募（1分）
▶ STEP2 カジュアル面談（1回のみ・1〜3日以内にご連絡）
▶ STEP3 採用・入社日のご相談

入社日は柔軟に調整できます。
「来月から」「今の仕事を辞めてから」など、ご都合をお聞かせください。",,即日勤務OK、交通費支給、残業なし,2,任意,生年月日、性別、電話番号,ntf-indeedapplicant-aaaatulx77tci2k2pr5yeqapva@shukatsu-labo.slack.com,,,利用しない,,
募集中,株式会社エイジェック,未経験｜検品・梱包｜株式会社エイジェック｜刈谷雇用開発センター（刈谷市）,倉庫作業スタッフ,20～30代活躍中◎刈谷市｜雇用開発センターが入社後もサポート,,愛知県 刈谷市 若松町,,,正社員,はい,月給,250000,,最低額を表示,なし,,,,,,,固定時間制,160,,厚生年金、健康保険、雇用保険、労災保険,,なし,,,,,,,,,,,,,,,,,,"愛知県刈谷市エリアで、検品・梱包スタッフ（正社員）を募集しています。
勤務先は刈谷雇用開発センターが担当する刈谷市エリアの物流センター。衣類・コスメ・文房具などの軽い商品を、目で確認し、数を合わせ、袋や箱に納める作業が中心です。
「難しいことは苦手」という方でも、3日ほどで流れがつかめるシンプルな仕事です。

▶ 1日の流れ（9:00〜18:00・休憩1時間）
09:00 朝礼。今日の出荷予定と担当作業を確認します
09:15 検品スタート。商品の傷・汚れ・数量を納品書と照らし合わせてチェック
12:00 昼休憩（60分）。休憩室で昼食。電子レンジや冷蔵庫も使えます
13:00 梱包スタート。袋詰め、緩衝材で包む、箱に納めるの繰り返し
15:00 小休憩（15分）。飲み物を片手にひと息
15:15 ラベル貼りと出荷先ごとの仕分け
17:45 作業台の片づけと翌日の資材準備
18:00 退勤！残業は月平均6.5時間以内で、定時に帰れる日が大半です

▶ こんな商品を扱います
通販サイトで人気のアパレル商品、生活雑貨、コスメ、文房具が中心です。
✧ シャツやタオルを畳んで透明袋へ
✧ コスメ容器のひび割れを目視で確認
✧ 文房具のセット品を指定の個数で袋詰め
✧ 箱にラベルを貼って配送業者ごとの台車へ
作業台の高さは調整されていて、身体への負担を抑えて働けます。

▶ 教育・研修体制
入社初日は安全講習とオリエンテーションから。いきなり一人で現場に立つことはありません。
2日目以降は専任の先輩が隣について、検品・梱包の手順を実際にやって見せながら教えます。
最初の1週間は「見る→一緒にやる→一人でやる」の順で担当を広げ、1週間後にはひと通りの作業を経験できます。
刈谷雇用開発センターの担当者も定期的に様子を見に来るので、職場に言いにくいことも相談できます。

▶ 設備のポイント
✧ 冷暖房完備の室内作業で、季節や天候に左右されません
✧ 休憩室に電子レンジ・冷蔵庫・ポットがあり、フリーWi-Fiも使えます
✧ 個人用の鍵付きロッカーを完備
✧ 髪色・ネイル・服装は自由。清潔感があれば普段のスタイルのままで大丈夫

▶ 刈谷雇用開発センターならではの一言
JR東海道線の刈谷駅と名鉄三河線が利用でき、名古屋駅から快速で約20分です。
自動車部品メーカーが集まる西三河の中核都市で、製造・物流の現場が身近な街です。
刈谷雇用開発センターは刈谷市エリアの勤務先を担当しているので、ご自宅からの通いやすさも含めて配属先を一緒に考えます。

「ちゃんと正社員として働きたい」その一歩を、刈谷雇用開発センターで踏み出しませんか。ご応募をお待ちしています！","【刈谷雇用開発センターからのアピールポイント】

✅ マンツーマンで教えるから覚えやすい
専任の先輩が隣について、実演しながら手順を説明します。最初はシール貼りやダンボールの組み立てから始め、1週間でひと通りの流れを経験できるプログラムです。

✅ 残業は月平均6.5時間以内
定時で帰れる日がほとんど。仕事の後にジムや習い事に通ったり、家でゆっくりしたり、自分の時間をしっかり確保できます。

✅ 黙々・コツコツ派にぴったり
ノルマはなく、接客もありません。「一人で集中して作業したい」「人間関係のストレスを減らしたい」という方に向いている環境です。

✅ 空調完備の清潔な倉庫
冷暖房がしっかり効いた室内で、季節を問わず快適。休憩室には電子レンジ・冷蔵庫・自動販売機があり、鍵付きロッカーも完備しています。

✅ 正社員としての安定と成長
正社員雇用に加え、社会保険完備、退職金制度、資格取得支援と報奨金などの制度があります。検品・梱包からスタートし、リーダーや別工程へのステップアップも目指せます。

✅ 地元刈谷市で腰を据えて働く
自動車部品メーカーが集まる西三河の中核都市で、製造・物流の現場が身近な街です。JR東海道線の刈谷駅と名鉄三河線が利用でき、名古屋駅から快速で約20分です。

「自分にもできそう」と思えたら、それがスタートの合図。刈谷雇用開発センターでお待ちしています！","例外事由3号のイにより、長期キャリア形成を図るため、
35歳以下を募集しております。","【勤務時間】
★9:00~18:00
└実働8時間/休憩1時間

定時ダッシュも問題ないです✧
✧ 土日祝休み
✧ 残業月平均:6.5時間以内
✧ 残業代100%支給","✧ 完全週休2日制(土日祝休み)
✧ 年間休日125日
「土日休みはマスト!」ってあなたにも
ぴったりの職場です!

【その他休暇】
✧ 有給休暇
✧ 夏季・冬季休暇
✧ GW休暇
✧ 年末年始休暇",愛知県刈谷市若松町,刈谷雇用開発センター,"月給:25万円~+交通費全額支給

※経験に応じて決定いたします。

# 昇給あり
# 賞与あり
# 残業代100%支給
# 交通費支給","・各種社会保険完備（健康保険・厚生年金・雇用保険・労災保険）
・時間外手当・深夜手当・職能手当・役職手当・資格手当・業務手当
・退職金制度
・借上げ社宅・社員寮制度（規定あり）
・会社指示による転居時の引越費用・家賃補助（規定あり）
・定期健康診断（年1回）
・特別休暇（慶弔休暇）・産前産後休暇・育児休暇・介護休暇
・資格取得支援制度・資格取得報奨金
・社内研修制度・認定職業訓練校
・作業着・靴・手袋など業務に必要な備品は会社支給
・提携保養所・提携企業割引
・産業医・カウンセラーによる相談窓口","【最短スケジュールのイメージ】

▶ STEP1 今日：WEBから1分で応募
▶ STEP2 1〜3日後：担当者からご連絡 → カジュアル面談の日程調整
▶ STEP3 面談当日：カジュアル面談（1回のみ）→ 採用のご連絡

面談では、職場の雰囲気・1日の流れ・通勤のことなど、
気になることを何でも聞いてください。

✧ 入社日はご相談いただけます ✧
「すぐ働きたい」「少し先がいい」どちらのご希望にも対応します。",,即日勤務OK、交通費支給、残業なし,2,任意,生年月日、性別、電話番号,ntf-indeedapplicant-aaaatulx77tci2k2pr5yeqapva@shukatsu-labo.slack.com,,,利用しない,,
募集中,株式会社エイジェック,未経験｜検品・梱包｜株式会社エイジェック｜一宮雇用開発センター（一宮市）,倉庫作業スタッフ,20～30代活躍中◎重い物なし｜一宮市の物流センターで検品・梱包,,愛知県 一宮市 栄,,,正社員,はい,月給,250000,,最低額を表示,なし,,,,,,,固定時間制,160,,厚生年金、健康保険、雇用保険、労災保険,,なし,,,,,,,,,,,,,,,,,,"コツコツ作業が好きな方にぴったりの、検品・梱包のお仕事です。
勤務先は一宮雇用開発センターが担当する一宮市エリアの物流センター。1年中快適な温度に保たれた倉庫内で、自分の作業台を担当します。
一宮雇用開発センターでは配属後も定期的に面談を行い、困りごとがあればすぐにフォローします。

▶ ある日のスケジュール
09:00 出勤・朝礼。リーダーから連絡事項と注意点の共有
09:10 ハンディ端末で商品のバーコードを読み取り、品番と個数を照合します
10:30 小休憩（10分）
12:00 昼休憩（60分）。お弁当派も外食派も、それぞれのスタイルで
13:00 午後は梱包。ダンボールを組み立て、商品が動かないように納めます
15:00 小休憩（15分）
15:15 出荷準備。伝票シールを貼って配送業者ごとにコンテナへ
17:45 清掃と日報の記入
18:00 定時退勤。土日祝休みなので、明日の予定も立てやすい！

▶ お仕事の中身
✧ 検品：商品の外観チェック（傷・汚れ・へこみ）と数量・品番の照合
✧ スキャン：バーコードリーダーで「ピッ」と読み取ってデータと突き合わせ
✧ 梱包：袋詰め、緩衝材包装、ダンボールの組み立てと箱詰め、テープ留め
✧ 仕上げ：ラベル貼りと配送地域別の仕分け
扱うのはアパレル、コスメ、文房具、小型雑貨など。繰り返すうちに自然と手が覚える作業です。

▶ 未経験の方向け 1週間プログラム
✧ 1日目：会社説明、安全講習、作業場の見学
✧ 2日目：先輩の隣で検品の実演を見学し、午後から一緒に作業
✧ 3日目：梱包の袋詰め・箱詰めを先輩と一緒に担当
✧ 4日目：シール貼りと仕分けを一人で担当。先輩は同じ作業台で見守ります
✧ 5日目：検品から仕分けまでを通しで経験
覚えることは3ステップの繰り返し。資格や専門知識は必要ありません。

▶ 職場環境
✧ 空調完備：冷暖房が効いた清潔な室内で、夏も冬も快適
✧ 休憩室：電子レンジ・冷蔵庫・ポット・自動販売機あり。お弁当持参でもゆっくり過ごせます
✧ ロッカー：鍵付きの個人ロッカーで貴重品も安心
✧ 服装：髪色・ネイルは自由。動きやすい服装で通勤し、現場のルールに沿って作業します

▶ 一宮雇用開発センターならではの一言
JR東海道線の尾張一宮駅と名鉄の名鉄一宮駅が最寄りで、名古屋駅から約10分の好立地です。
繊維の街として発展した歴史があり、今も衣料品や生活雑貨を扱う拠点が多い地域です。
一宮雇用開発センターは一宮市エリアの勤務先を担当しているので、ご自宅からの通いやすさも含めて配属先を一緒に考えます。

一宮雇用開発センターが、あなたのキャリアの第一歩を全力でサポートします。まずはお気軽にご応募ください！","【一宮市で働く5つの魅力】

✅ 先輩の9割以上が未経験スタート
「商品を手に取る」「傷がないか見る」「箱に入れる」の3ステップが仕事の基本。専門用語も複雑な機械操作もなく、初日は安全講習とオリエンテーションから始まるので安心です。

✅ 土日祝休み・年間休日125日
完全週休2日制でカレンダー通りに休めます。夏季・冬季休暇、GW、年末年始のまとまった休みもあり、旅行や帰省の予定も立てやすい働き方です。

✅ 黙々・コツコツ派にぴったり
ノルマはなく、接客もありません。「一人で集中して作業したい」「人間関係のストレスを減らしたい」という方に向いている環境です。

✅ 空調完備の清潔な倉庫
冷暖房がしっかり効いた室内で、季節を問わず快適。休憩室には電子レンジ・冷蔵庫・自動販売機があり、鍵付きロッカーも完備しています。

✅ 雇用開発センターが入社後も伴走
一宮雇用開発センターの担当者が定期的に面談し、職場では言いにくい悩みも聞き取ります。「一人で放り出される」ことはありません。

✅ 地元一宮市で腰を据えて働く
繊維の街として発展した歴史があり、今も衣料品や生活雑貨を扱う拠点が多い地域です。JR東海道線の尾張一宮駅と名鉄の名鉄一宮駅が最寄りで、名古屋駅から約10分の好立地です。

まずはカジュアル面談で、職場の雰囲気や1日の流れをお伝えします。お気軽にご応募ください！","例外事由3号のイにより、長期キャリア形成を図るため、
35歳以下を募集しております。","【勤務時間】
★9:00~18:00
└実働8時間/休憩1時間

定時ダッシュも問題ないです✧
✧ 土日祝休み
✧ 残業月平均:6.5時間以内
✧ 残業代100%支給","✧ 完全週休2日制(土日祝休み)
✧ 年間休日125日
「土日休みはマスト!」ってあなたにも
ぴったりの職場です!

【その他休暇】
✧ 有給休暇
✧ 夏季・冬季休暇
✧ GW休暇
✧ 年末年始休暇",愛知県一宮市栄,一宮雇用開発センター,"月給:25万円~+交通費全額支給

※経験に応じて決定いたします。

# 昇給あり
# 賞与あり
# 残業代100%支給
# 交通費支給","・各種社会保険完備（健康保険・厚生年金・雇用保険・労災保険）
・時間外手当・深夜手当・職能手当・役職手当・資格手当・業務手当
・退職金制度
・借上げ社宅・社員寮制度（規定あり）
・会社指示による転居時の引越費用・家賃補助（規定あり）
・定期健康診断（年1回）
・特別休暇（慶弔休暇）・産前産後休暇・育児休暇・介護休暇
・資格取得支援制度・資格取得報奨金
・社内研修制度・認定職業訓練校
・作業着・靴・手袋など業務に必要な備品は会社支給
・提携保養所・提携企業割引
・産業医・カウンセラーによる相談窓口","■ 選考について ■
・カジュアル面談：1回のみ（服装自由・履歴書任意）
・応募から面談まで：WEB応募後、1〜3日以内にご連絡
・入社日：ご相談のうえ決定

■ 応募からの流れ ■
▶ STEP1 WEBから1分で応募
▶ STEP2 カジュアル面談（1回のみ）
▶ STEP3 採用

「まずは話だけ聞いてみたい」という方も、そのままご応募ください。
面談で無理に応募を勧めることはありません。",,即日勤務OK、交通費支給、残業なし,2,任意,生年月日、性別、電話番号,ntf-indeedapplicant-aaaatulx77tci2k2pr5yeqapva@shukatsu-labo.slack.com,,,利用しない,,
募集中,株式会社エイジェック,未経験｜検品・梱包｜株式会社エイジェック｜大阪雇用開発センター（大阪市北区）,倉庫作業スタッフ,20～30代活躍中◎大阪市北区｜正社員として検品・梱包デビュー,,大阪府 大阪市 北区 角田町,,,正社員,はい,月給,250000,,最低額を表示,なし,,,,,,,固定時間制,160,,厚生年金、健康保険、雇用保険、労災保険,,なし,,,,,,,,,,,,,,,,,,"大阪雇用開発センターが担当する大阪市北区エリアの物流センターで、検品・梱包を担当する正社員スタッフを募集します！
扱うのは通販で人気のアパレル商品や雑貨、コスメなど。空調の効いたきれいな倉庫で、商品を確認して箱に詰めていくシンプルな作業です。
大阪雇用開発センターのスタッフが入社前から入社後まで伴走するので、初めての正社員でも安心してスタートできます。

▶ 1日の流れ（9:00〜18:00・休憩1時間）
09:00 朝礼。今日の出荷予定と担当作業を確認します
09:15 検品スタート。商品の傷・汚れ・数量を納品書と照らし合わせてチェック
12:00 昼休憩（60分）。休憩室で昼食。電子レンジや冷蔵庫も使えます
13:00 梱包スタート。袋詰め、緩衝材で包む、箱に納めるの繰り返し
15:00 小休憩（15分）。飲み物を片手にひと息
15:15 ラベル貼りと出荷先ごとの仕分け
17:45 作業台の片づけと翌日の資材準備
18:00 退勤！残業は月平均6.5時間以内で、定時に帰れる日が大半です

▶ お仕事の中身
✧ 検品：商品の外観チェック（傷・汚れ・へこみ）と数量・品番の照合
✧ スキャン：バーコードリーダーで「ピッ」と読み取ってデータと突き合わせ
✧ 梱包：袋詰め、緩衝材包装、ダンボールの組み立てと箱詰め、テープ留め
✧ 仕上げ：ラベル貼りと配送地域別の仕分け
扱うのはアパレル、コスメ、文房具、小型雑貨など。繰り返すうちに自然と手が覚える作業です。

▶ 入社後1週間の流れ
1日目：大阪雇用開発センターでオリエンテーション。安全ルールや勤怠の付け方、勤務先の設備を案内します
2〜3日目：先輩スタッフがマンツーマンで隣につき、検品の見方と梱包の手順を実演しながら説明
4〜5日目：シール貼りやダンボールの組み立てから一人で担当。分からないことはその場で質問できます
1週間後：検品〜仕分けまでの流れをひと通り経験し、自分のペースで進められるように
「早ければ半日、遅くとも2〜3日で一人立ち」が現場の目安ですが、慣れるまで焦らず伴走します。

▶ 設備のポイント
✧ 冷暖房完備の室内作業で、季節や天候に左右されません
✧ 休憩室に電子レンジ・冷蔵庫・ポットがあり、フリーWi-Fiも使えます
✧ 個人用の鍵付きロッカーを完備
✧ 髪色・ネイル・服装は自由。清潔感があれば普段のスタイルのままで大丈夫

▶ 大阪府大阪市北区で働く
関西最大のターミナルにあり、相談や面談にも立ち寄りやすい場所です。
JR大阪駅・阪急・阪神・地下鉄各線が集まる梅田エリアで、関西どこからでも通いやすい立地です。
大阪雇用開発センターのスタッフが地域の勤務先を熟知しているため、「家から近い」「駅から通える」といった希望にも応えやすいのが強みです。

大阪雇用開発センターが、あなたのキャリアの第一歩を全力でサポートします。まずはお気軽にご応募ください！","【大阪雇用開発センターからのアピールポイント】

✅ 先輩の9割以上が未経験スタート
「商品を手に取る」「傷がないか見る」「箱に入れる」の3ステップが仕事の基本。専門用語も複雑な機械操作もなく、初日は安全講習とオリエンテーションから始まるので安心です。

✅ 9:00〜18:00の固定時間制
毎日同じリズムで働けるので、生活のペースが安定します。土日祝がお休みなので、友人や家族との予定も合わせやすい環境です。

✅ 重い荷物はほとんどなし
扱うのは衣類・コスメ・文房具・小型雑貨など軽い商品が中心。重量物の持ち上げや力仕事はほぼなく、身体への負担を抑えて長く続けられます。

✅ 空調完備の清潔な倉庫
冷暖房がしっかり効いた室内で、季節を問わず快適。休憩室には電子レンジ・冷蔵庫・自動販売機があり、鍵付きロッカーも完備しています。

✅ 全国に拠点があるから相談先が近い
大阪府内の勤務先を大阪雇用開発センターが担当しているため、通勤や配属の相談にすぐ対応できます。「家から近い職場がいい」といった希望も伝えてください。

✅ 大阪市北区エリアで通いやすい
JR大阪駅・阪急・阪神・地下鉄各線が集まる梅田エリアで、関西どこからでも通いやすい立地です。関西最大のターミナルにあり、相談や面談にも立ち寄りやすい場所です。

「自分にもできそう」と思えたら、それがスタートの合図。大阪雇用開発センターでお待ちしています！","例外事由3号のイにより、長期キャリア形成を図るため、
35歳以下を募集しております。","【勤務時間】
★9:00~18:00
└実働8時間/休憩1時間

定時ダッシュも問題ないです✧
✧ 土日祝休み
✧ 残業月平均:6.5時間以内
✧ 残業代100%支給","✧ 完全週休2日制(土日祝休み)
✧ 年間休日125日
「土日休みはマスト!」ってあなたにも
ぴったりの職場です!

【その他休暇】
✧ 有給休暇
✧ 夏季・冬季休暇
✧ GW休暇
✧ 年末年始休暇",大阪府大阪市北区角田町,大阪雇用開発センター,"月給:25万円~+交通費全額支給

※経験に応じて決定いたします。

# 昇給あり
# 賞与あり
# 残業代100%支給
# 交通費支給","・各種社会保険完備（健康保険・厚生年金・雇用保険・労災保険）
・時間外手当・深夜手当・職能手当・役職手当・資格手当・業務手当
・退職金制度
・借上げ社宅・社員寮制度（規定あり）
・会社指示による転居時の引越費用・家賃補助（規定あり）
・定期健康診断（年1回）
・特別休暇（慶弔休暇）・産前産後休暇・育児休暇・介護休暇
・資格取得支援制度・資格取得報奨金
・社内研修制度・認定職業訓練校
・作業着・靴・手袋など業務に必要な備品は会社支給
・提携保養所・提携企業割引
・産業医・カウンセラーによる相談窓口","✧ カジュアル面談実施中です ✧

応募に必要なのは人柄だけ。
まずはあなたのご希望を聞かせてください。

■ 応募からの流れ ■
▶ STEP1 WEBから1分で簡単応募
1〜3日以内に担当者からご連絡します。
▶ STEP2 カジュアル面談（1回のみ）
職場の雰囲気や1日の流れをお伝えし、ご希望を伺います。
▶ STEP3 採用

※入社日はご相談いただけます◎
在職中の方も、お気軽にご相談ください。",,即日勤務OK、交通費支給、残業なし,2,任意,生年月日、性別、電話番号,ntf-indeedapplicant-aaaatulx77tci2k2pr5yeqapva@shukatsu-labo.slack.com,,,利用しない,,
募集中,株式会社エイジェック,未経験｜検品・梱包｜株式会社エイジェック｜難波雇用開発センター（大阪市中央区）,倉庫作業スタッフ,20～30代活躍中◎未経験からキャリアの第一歩｜大阪市中央区の検品・梱包,,大阪府 大阪市 中央区 難波,,,正社員,はい,月給,250000,,最低額を表示,なし,,,,,,,固定時間制,160,,厚生年金、健康保険、雇用保険、労災保険,,なし,,,,,,,,,,,,,,,,,,"「未経験から、ちゃんとした正社員として働きたい」その気持ちを難波雇用開発センターが応援します。
勤務先は難波雇用開発センターが担当する大阪市中央区エリアの物流センター。届いた商品に不備がないかをチェックし、丁寧に梱包して出荷準備をするお仕事です。
冷暖房完備の室内で、重い荷物を運ぶことはほとんどありません。

▶ ある日のスケジュール
09:00 出勤・朝礼。リーダーから連絡事項と注意点の共有
09:10 ハンディ端末で商品のバーコードを読み取り、品番と個数を照合します
10:30 小休憩（10分）
12:00 昼休憩（60分）。お弁当派も外食派も、それぞれのスタイルで
13:00 午後は梱包。ダンボールを組み立て、商品が動かないように納めます
15:00 小休憩（15分）
15:15 出荷準備。伝票シールを貼って配送業者ごとにコンテナへ
17:45 清掃と日報の記入
18:00 定時退勤。土日祝休みなので、明日の予定も立てやすい！

▶ 扱う商品・作業の具体例
✧ 衣類・タオル：ほつれや汚れがないか確認し、透明袋に入れます
✧ コスメ・ガラス小物：割れないよう緩衝材で包んでから箱へ
✧ 文房具・生活雑貨：品番と個数を納品書と照合し、まとめて袋詰め
✧ 出荷箱：伝票シールと「割れ物注意」などの注意シールを所定の位置に貼ります
どれも片手〜両手で持てるサイズで、重量物の持ち上げはありません。

▶ 教育・研修体制
入社初日は安全講習とオリエンテーションから。いきなり一人で現場に立つことはありません。
2日目以降は専任の先輩が隣について、検品・梱包の手順を実際にやって見せながら教えます。
最初の1週間は「見る→一緒にやる→一人でやる」の順で担当を広げ、1週間後にはひと通りの作業を経験できます。
難波雇用開発センターの担当者も定期的に様子を見に来るので、職場に言いにくいことも相談できます。

▶ 職場環境
✧ 空調完備：冷暖房が効いた清潔な室内で、夏も冬も快適
✧ 休憩室：電子レンジ・冷蔵庫・ポット・自動販売機あり。お弁当持参でもゆっくり過ごせます
✧ ロッカー：鍵付きの個人ロッカーで貴重品も安心
✧ 服装：髪色・ネイルは自由。動きやすい服装で通勤し、現場のルールに沿って作業します

▶ 大阪府大阪市中央区で働く
大阪を代表する繁華街にあり、仕事帰りの予定も立てやすい場所です。
南海・近鉄・地下鉄各線が集まるなんば駅から徒歩圏で、府内各方面から通いやすい立地です。
難波雇用開発センターのスタッフが地域の勤務先を熟知しているため、「家から近い」「駅から通える」といった希望にも応えやすいのが強みです。

「ちゃんと正社員として働きたい」その一歩を、難波雇用開発センターで踏み出しませんか。ご応募をお待ちしています！","【大阪市中央区で働く5つの魅力】

✅ 資格・経験・学歴は不問
必要なのは「丁寧に確認する姿勢」だけ。仕事のやり方はすべて入社後にお伝えします。将来的に資格を取りたい方には資格取得支援制度と報奨金があり、キャリアの幅を広げられます。

✅ 土日祝休み・年間休日125日
完全週休2日制でカレンダー通りに休めます。夏季・冬季休暇、GW、年末年始のまとまった休みもあり、旅行や帰省の予定も立てやすい働き方です。

✅ 重い荷物はほとんどなし
扱うのは衣類・コスメ・文房具・小型雑貨など軽い商品が中心。重量物の持ち上げや力仕事はほぼなく、身体への負担を抑えて長く続けられます。

✅ 空調完備の清潔な倉庫
冷暖房がしっかり効いた室内で、季節を問わず快適。休憩室には電子レンジ・冷蔵庫・自動販売機があり、鍵付きロッカーも完備しています。

✅ 正社員としての安定と成長
正社員雇用に加え、社会保険完備、退職金制度、資格取得支援と報奨金などの制度があります。検品・梱包からスタートし、リーダーや別工程へのステップアップも目指せます。

✅ 大阪市中央区エリアで通いやすい
南海・近鉄・地下鉄各線が集まるなんば駅から徒歩圏で、府内各方面から通いやすい立地です。大阪を代表する繁華街にあり、仕事帰りの予定も立てやすい場所です。

まずはカジュアル面談で、職場の雰囲気や1日の流れをお伝えします。お気軽にご応募ください！","例外事由3号のイにより、長期キャリア形成を図るため、
35歳以下を募集しております。","【勤務時間】
★9:00~18:00
└実働8時間/休憩1時間

定時ダッシュも問題ないです✧
✧ 土日祝休み
✧ 残業月平均:6.5時間以内
✧ 残業代100%支給","✧ 完全週休2日制(土日祝休み)
✧ 年間休日125日
「土日休みはマスト!」ってあなたにも
ぴったりの職場です!

【その他休暇】
✧ 有給休暇
✧ 夏季・冬季休暇
✧ GW休暇
✧ 年末年始休暇",大阪府大阪市中央区難波,難波雇用開発センター,"月給:25万円~+交通費全額支給

※経験に応じて決定いたします。

# 昇給あり
# 賞与あり
# 残業代100%支給
# 交通費支給","・各種社会保険完備（健康保険・厚生年金・雇用保険・労災保険）
・時間外手当・深夜手当・職能手当・役職手当・資格手当・業務手当
・退職金制度
・借上げ社宅・社員寮制度（規定あり）
・会社指示による転居時の引越費用・家賃補助（規定あり）
・定期健康診断（年1回）
・特別休暇（慶弔休暇）・産前産後休暇・育児休暇・介護休暇
・資格取得支援制度・資格取得報奨金
・社内研修制度・認定職業訓練校
・作業着・靴・手袋など業務に必要な備品は会社支給
・提携保養所・提携企業割引
・産業医・カウンセラーによる相談窓口","【応募前の「気になる」にお答えします】

Q. 面接は堅苦しいですか？
A. いいえ。カジュアル面談を1回行うだけです。服装も自由、履歴書も任意です。

Q. 応募してからどのくらいで決まりますか？
A. 3ステップで進みます。
▶ STEP1 WEBから応募（1分）→ 1〜3日以内にご連絡
▶ STEP2 カジュアル面談（1回のみ）
▶ STEP3 採用

Q. すぐには入社できないのですが…
A. 入社日はご相談いただけます。今のお仕事の引き継ぎ期間なども考慮します。",,即日勤務OK、交通費支給、残業なし,2,任意,生年月日、性別、電話番号,ntf-indeedapplicant-aaaatulx77tci2k2pr5yeqapva@shukatsu-labo.slack.com,,,利用しない,,
募集中,株式会社エイジェック,未経験｜検品・梱包｜株式会社エイジェック｜堺雇用開発センター（堺市堺区）,倉庫作業スタッフ,20～30代活躍中◎堺市堺区｜コツコツ派が活躍する検品・梱包,,大阪府 堺市 堺区 中瓦町,,,正社員,はい,月給,250000,,最低額を表示,なし,,,,,,,固定時間制,160,,厚生年金、健康保険、雇用保険、労災保険,,なし,,,,,,,,,,,,,,,,,,"大阪府堺市堺区エリアで、検品・梱包スタッフ（正社員）を募集しています。
勤務先は堺雇用開発センターが担当する堺市堺区エリアの物流センター。衣類・コスメ・文房具などの軽い商品を、目で確認し、数を合わせ、袋や箱に納める作業が中心です。
「難しいことは苦手」という方でも、3日ほどで流れがつかめるシンプルな仕事です。

▶ 入社後はこんな1日になります
09:00 朝礼。体調チェックと当日の出荷量を共有
09:15 午前は検品を担当。外観を目視で確認し、気になる商品は別置きにしてリーダーへ
12:00 昼休憩（60分）
13:00 午後は梱包。袋詰め→箱詰め→テープ留めの3工程を繰り返します
15:00 小休憩（15分）。自動販売機でジュースを買ってリフレッシュ
15:15 当日出荷分の最終チェックと仕分けを全員で仕上げます
17:45 作業スペースの清掃
18:00 退勤。残業は月平均6.5時間以内に収まっています

▶ 作業は3ステップ
1. 検品：商品を手に取り、傷・汚れ・数量を確認。迷ったら「保留」箱に入れてリーダーに聞くだけ
2. 梱包：商品に合わせて袋・緩衝材・箱を選び、動かないように納めてテープで封をします
3. 仕分け：伝票シールを貼り、配送地域ごとのコンテナへ
衣類・雑貨・コスメ・文房具などの軽い商品が中心で、フォークリフトなどの機械操作はありません。

▶ 教育・研修体制
入社初日は安全講習とオリエンテーションから。いきなり一人で現場に立つことはありません。
2日目以降は専任の先輩が隣について、検品・梱包の手順を実際にやって見せながら教えます。
最初の1週間は「見る→一緒にやる→一人でやる」の順で担当を広げ、1週間後にはひと通りの作業を経験できます。
堺雇用開発センターの担当者も定期的に様子を見に来るので、職場に言いにくいことも相談できます。

▶ 働く環境
作業場は1年中空調が効いていて、「夏は暑くて汗だく」「冬は手がかじかむ」といった心配がありません。
休憩室は広く、電子レンジや冷蔵庫、自動販売機が揃っています。
鍵付きロッカーがあるので、貴重品の管理も安心。
服装や髪色は自由で、自分らしいスタイルのまま通勤できます。

▶ 堺雇用開発センターならではの一言
南海本線の堺駅・南海高野線の堺東駅が利用でき、難波から約10分の好立地です。
堺の中心市街地で、臨海部には工場や物流施設が集まる産業エリアです。
堺雇用開発センターは堺市堺区エリアの勤務先を担当しているので、ご自宅からの通いやすさも含めて配属先を一緒に考えます。

堺雇用開発センターが、あなたのキャリアの第一歩を全力でサポートします。まずはお気軽にご応募ください！","【堺雇用開発センターからのアピールポイント】

✅ 資格・経験・学歴は不問
必要なのは「丁寧に確認する姿勢」だけ。仕事のやり方はすべて入社後にお伝えします。将来的に資格を取りたい方には資格取得支援制度と報奨金があり、キャリアの幅を広げられます。

✅ 9:00〜18:00の固定時間制
毎日同じリズムで働けるので、生活のペースが安定します。土日祝がお休みなので、友人や家族との予定も合わせやすい環境です。

✅ 黙々・コツコツ派にぴったり
ノルマはなく、接客もありません。「一人で集中して作業したい」「人間関係のストレスを減らしたい」という方に向いている環境です。

✅ 休憩室でしっかりリフレッシュ
昼休憩60分に加えて午後の小休憩があり、集中力を保ちやすいリズムです。休憩室にはポットやフリーWi-Fiもあります。

✅ 全国に拠点があるから相談先が近い
大阪府内の勤務先を堺雇用開発センターが担当しているため、通勤や配属の相談にすぐ対応できます。「家から近い職場がいい」といった希望も伝えてください。

✅ 地元堺市堺区で腰を据えて働く
堺の中心市街地で、臨海部には工場や物流施設が集まる産業エリアです。南海本線の堺駅・南海高野線の堺東駅が利用でき、難波から約10分の好立地です。

まずはカジュアル面談で、職場の雰囲気や1日の流れをお伝えします。お気軽にご応募ください！","例外事由3号のイにより、長期キャリア形成を図るため、
35歳以下を募集しております。","【勤務時間】
★9:00~18:00
└実働8時間/休憩1時間

定時ダッシュも問題ないです✧
✧ 土日祝休み
✧ 残業月平均:6.5時間以内
✧ 残業代100%支給","✧ 完全週休2日制(土日祝休み)
✧ 年間休日125日
「土日休みはマスト!」ってあなたにも
ぴったりの職場です!

【その他休暇】
✧ 有給休暇
✧ 夏季・冬季休暇
✧ GW休暇
✧ 年末年始休暇",大阪府堺市堺区中瓦町,堺雇用開発センター,"月給:25万円~+交通費全額支給

※経験に応じて決定いたします。

# 昇給あり
# 賞与あり
# 残業代100%支給
# 交通費支給","・各種社会保険完備（健康保険・厚生年金・雇用保険・労災保険）
・時間外手当・深夜手当・職能手当・役職手当・資格手当・業務手当
・退職金制度
・借上げ社宅・社員寮制度（規定あり）
・会社指示による転居時の引越費用・家賃補助（規定あり）
・定期健康診断（年1回）
・特別休暇（慶弔休暇）・産前産後休暇・育児休暇・介護休暇
・資格取得支援制度・資格取得報奨金
・社内研修制度・認定職業訓練校
・作業着・靴・手袋など業務に必要な備品は会社支給
・提携保養所・提携企業割引
・産業医・カウンセラーによる相談窓口","まずは「話を聞いてみる」だけで大丈夫です。

当社ではカジュアル面談を実施しています。
志望動機や自己PRの準備は不要。
「どんな職場？」「本当に未経験でもできる？」といった疑問に、担当者が率直にお答えします。

■ 応募から入社までの3STEP ■
▶ STEP1 WEB応募（1分）
▶ STEP2 カジュアル面談（1回のみ・1〜3日以内にご連絡）
▶ STEP3 採用・入社日のご相談

入社日は柔軟に調整できます。
「来月から」「今の仕事を辞めてから」など、ご都合をお聞かせください。",,即日勤務OK、交通費支給、残業なし,2,任意,生年月日、性別、電話番号,ntf-indeedapplicant-aaaatulx77tci2k2pr5yeqapva@shukatsu-labo.slack.com,,,利用しない,,
募集中,株式会社エイジェック,未経験｜検品・梱包｜株式会社エイジェック｜枚方雇用開発センター（枚方市）,倉庫作業スタッフ,20～30代活躍中◎残業少なめ｜枚方市で始める検品・梱包,,大阪府 枚方市 岡東町,,,正社員,はい,月給,250000,,最低額を表示,なし,,,,,,,固定時間制,160,,厚生年金、健康保険、雇用保険、労災保険,,なし,,,,,,,,,,,,,,,,,,"コツコツ作業が好きな方にぴったりの、検品・梱包のお仕事です。
勤務先は枚方雇用開発センターが担当する枚方市エリアの物流センター。1年中快適な温度に保たれた倉庫内で、自分の作業台を担当します。
枚方雇用開発センターでは配属後も定期的に面談を行い、困りごとがあればすぐにフォローします。

▶ 1日の流れ（9:00〜18:00・休憩1時間）
09:00 朝礼。今日の出荷予定と担当作業を確認します
09:15 検品スタート。商品の傷・汚れ・数量を納品書と照らし合わせてチェック
12:00 昼休憩（60分）。休憩室で昼食。電子レンジや冷蔵庫も使えます
13:00 梱包スタート。袋詰め、緩衝材で包む、箱に納めるの繰り返し
15:00 小休憩（15分）。飲み物を片手にひと息
15:15 ラベル貼りと出荷先ごとの仕分け
17:45 作業台の片づけと翌日の資材準備
18:00 退勤！残業は月平均6.5時間以内で、定時に帰れる日が大半です

▶ 作業は3ステップ
1. 検品：商品を手に取り、傷・汚れ・数量を確認。迷ったら「保留」箱に入れてリーダーに聞くだけ
2. 梱包：商品に合わせて袋・緩衝材・箱を選び、動かないように納めてテープで封をします
3. 仕分け：伝票シールを貼り、配送地域ごとのコンテナへ
衣類・雑貨・コスメ・文房具などの軽い商品が中心で、フォークリフトなどの機械操作はありません。

▶ 未経験の方向け 1週間プログラム
✧ 1日目：会社説明、安全講習、作業場の見学
✧ 2日目：先輩の隣で検品の実演を見学し、午後から一緒に作業
✧ 3日目：梱包の袋詰め・箱詰めを先輩と一緒に担当
✧ 4日目：シール貼りと仕分けを一人で担当。先輩は同じ作業台で見守ります
✧ 5日目：検品から仕分けまでを通しで経験
覚えることは3ステップの繰り返し。資格や専門知識は必要ありません。

▶ 設備のポイント
✧ 冷暖房完備の室内作業で、季節や天候に左右されません
✧ 休憩室に電子レンジ・冷蔵庫・ポットがあり、フリーWi-Fiも使えます
✧ 個人用の鍵付きロッカーを完備
✧ 髪色・ネイル・服装は自由。清潔感があれば普段のスタイルのままで大丈夫

▶ 大阪府枚方市で働く
大阪と京都の中間に位置し、周辺に物流センターや製造業の工場が点在する街です。
京阪本線の枚方市駅が最寄りで、大阪・京都のどちらからも通いやすい立地です。
枚方雇用開発センターのスタッフが地域の勤務先を熟知しているため、「家から近い」「駅から通える」といった希望にも応えやすいのが強みです。

枚方雇用開発センターが、あなたのキャリアの第一歩を全力でサポートします。まずはお気軽にご応募ください！","【枚方市で働く5つの魅力】

✅ マンツーマンで教えるから覚えやすい
専任の先輩が隣について、実演しながら手順を説明します。最初はシール貼りやダンボールの組み立てから始め、1週間でひと通りの流れを経験できるプログラムです。

✅ 残業は月平均6.5時間以内
定時で帰れる日がほとんど。仕事の後にジムや習い事に通ったり、家でゆっくりしたり、自分の時間をしっかり確保できます。

✅ 黙々・コツコツ派にぴったり
ノルマはなく、接客もありません。「一人で集中して作業したい」「人間関係のストレスを減らしたい」という方に向いている環境です。

✅ 休憩室でしっかりリフレッシュ
昼休憩60分に加えて午後の小休憩があり、集中力を保ちやすいリズムです。休憩室にはポットやフリーWi-Fiもあります。

✅ 正社員としての安定と成長
正社員雇用に加え、社会保険完備、退職金制度、資格取得支援と報奨金などの制度があります。検品・梱包からスタートし、リーダーや別工程へのステップアップも目指せます。

✅ 地元枚方市で腰を据えて働く
大阪と京都の中間に位置し、周辺に物流センターや製造業の工場が点在する街です。京阪本線の枚方市駅が最寄りで、大阪・京都のどちらからも通いやすい立地です。

「自分にもできそう」と思えたら、それがスタートの合図。枚方雇用開発センターでお待ちしています！","例外事由3号のイにより、長期キャリア形成を図るため、
35歳以下を募集しております。","【勤務時間】
★9:00~18:00
└実働8時間/休憩1時間

定時ダッシュも問題ないです✧
✧ 土日祝休み
✧ 残業月平均:6.5時間以内
✧ 残業代100%支給","✧ 完全週休2日制(土日祝休み)
✧ 年間休日125日
「土日休みはマスト!」ってあなたにも
ぴったりの職場です!

【その他休暇】
✧ 有給休暇
✧ 夏季・冬季休暇
✧ GW休暇
✧ 年末年始休暇",大阪府枚方市岡東町,枚方雇用開発センター,"月給:25万円~+交通費全額支給

※経験に応じて決定いたします。

# 昇給あり
# 賞与あり
# 残業代100%支給
# 交通費支給","・各種社会保険完備（健康保険・厚生年金・雇用保険・労災保険）
・時間外手当・深夜手当・職能手当・役職手当・資格手当・業務手当
・退職金制度
・借上げ社宅・社員寮制度（規定あり）
・会社指示による転居時の引越費用・家賃補助（規定あり）
・定期健康診断（年1回）
・特別休暇（慶弔休暇）・産前産後休暇・育児休暇・介護休暇
・資格取得支援制度・資格取得報奨金
・社内研修制度・認定職業訓練校
・作業着・靴・手袋など業務に必要な備品は会社支給
・提携保養所・提携企業割引
・産業医・カウンセラーによる相談窓口","【最短スケジュールのイメージ】

▶ STEP1 今日：WEBから1分で応募
▶ STEP2 1〜3日後：担当者からご連絡 → カジュアル面談の日程調整
▶ STEP3 面談当日：カジュアル面談（1回のみ）→ 採用のご連絡

面談では、職場の雰囲気・1日の流れ・通勤のことなど、
気になることを何でも聞いてください。

✧ 入社日はご相談いただけます ✧
「すぐ働きたい」「少し先がいい」どちらのご希望にも対応します。",,即日勤務OK、交通費支給、残業なし,2,任意,生年月日、性別、電話番号,ntf-indeedapplicant-aaaatulx77tci2k2pr5yeqapva@shukatsu-labo.slack.com,,,利用しない,,
募集中,株式会社エイジェック,未経験｜検品・梱包｜株式会社エイジェック｜福岡雇用開発センター（福岡市博多区）,倉庫作業スタッフ,20～30代活躍中◎福岡市博多区｜先輩がマンツーマンで教える軽作業,,福岡県 福岡市 博多区 博多駅中央街,,,正社員,はい,月給,250000,,最低額を表示,なし,,,,,,,固定時間制,160,,厚生年金、健康保険、雇用保険、労災保険,,なし,,,,,,,,,,,,,,,,,,"福岡雇用開発センターが担当する福岡市博多区エリアの物流センターで、検品・梱包を担当する正社員スタッフを募集します！
扱うのは通販で人気のアパレル商品や雑貨、コスメなど。空調の効いたきれいな倉庫で、商品を確認して箱に詰めていくシンプルな作業です。
福岡雇用開発センターのスタッフが入社前から入社後まで伴走するので、初めての正社員でも安心してスタートできます。

▶ 入社後はこんな1日になります
09:00 朝礼。体調チェックと当日の出荷量を共有
09:15 午前は検品を担当。外観を目視で確認し、気になる商品は別置きにしてリーダーへ
12:00 昼休憩（60分）
13:00 午後は梱包。袋詰め→箱詰め→テープ留めの3工程を繰り返します
15:00 小休憩（15分）。自動販売機でジュースを買ってリフレッシュ
15:15 当日出荷分の最終チェックと仕分けを全員で仕上げます
17:45 作業スペースの清掃
18:00 退勤。残業は月平均6.5時間以内に収まっています

▶ こんな商品を扱います
通販サイトで人気のアパレル商品、生活雑貨、コスメ、文房具が中心です。
✧ シャツやタオルを畳んで透明袋へ
✧ コスメ容器のひび割れを目視で確認
✧ 文房具のセット品を指定の個数で袋詰め
✧ 箱にラベルを貼って配送業者ごとの台車へ
作業台の高さは調整されていて、身体への負担を抑えて働けます。

▶ 入社後1週間の流れ
1日目：福岡雇用開発センターでオリエンテーション。安全ルールや勤怠の付け方、勤務先の設備を案内します
2〜3日目：先輩スタッフがマンツーマンで隣につき、検品の見方と梱包の手順を実演しながら説明
4〜5日目：シール貼りやダンボールの組み立てから一人で担当。分からないことはその場で質問できます
1週間後：検品〜仕分けまでの流れをひと通り経験し、自分のペースで進められるように
「早ければ半日、遅くとも2〜3日で一人立ち」が現場の目安ですが、慣れるまで焦らず伴走します。

▶ 働く環境
作業場は1年中空調が効いていて、「夏は暑くて汗だく」「冬は手がかじかむ」といった心配がありません。
休憩室は広く、電子レンジや冷蔵庫、自動販売機が揃っています。
鍵付きロッカーがあるので、貴重品の管理も安心。
服装や髪色は自由で、自分らしいスタイルのまま通勤できます。

▶ 福岡県福岡市博多区で働く
九州の玄関口にあり、県内各方面からの通勤や面談に立ち寄りやすい場所です。
JR博多駅から徒歩圏で、新幹線・在来線・地下鉄が利用できる九州最大のターミナルです。
福岡雇用開発センターのスタッフが地域の勤務先を熟知しているため、「家から近い」「駅から通える」といった希望にも応えやすいのが強みです。

「ちゃんと正社員として働きたい」その一歩を、福岡雇用開発センターで踏み出しませんか。ご応募をお待ちしています！","【福岡雇用開発センターからのアピールポイント】

✅ マンツーマンで教えるから覚えやすい
専任の先輩が隣について、実演しながら手順を説明します。最初はシール貼りやダンボールの組み立てから始め、1週間でひと通りの流れを経験できるプログラムです。

✅ 土日祝休み・年間休日125日
完全週休2日制でカレンダー通りに休めます。夏季・冬季休暇、GW、年末年始のまとまった休みもあり、旅行や帰省の予定も立てやすい働き方です。

✅ 黙々・コツコツ派にぴったり
ノルマはなく、接客もありません。「一人で集中して作業したい」「人間関係のストレスを減らしたい」という方に向いている環境です。

✅ 休憩室でしっかりリフレッシュ
昼休憩60分に加えて午後の小休憩があり、集中力を保ちやすいリズムです。休憩室にはポットやフリーWi-Fiもあります。

✅ 雇用開発センターが入社後も伴走
福岡雇用開発センターの担当者が定期的に面談し、職場では言いにくい悩みも聞き取ります。「一人で放り出される」ことはありません。

✅ 地元福岡市博多区で腰を据えて働く
九州の玄関口にあり、県内各方面からの通勤や面談に立ち寄りやすい場所です。JR博多駅から徒歩圏で、新幹線・在来線・地下鉄が利用できる九州最大のターミナルです。

まずはカジュアル面談で、職場の雰囲気や1日の流れをお伝えします。お気軽にご応募ください！","例外事由3号のイにより、長期キャリア形成を図るため、
35歳以下を募集しております。","【勤務時間】
★9:00~18:00
└実働8時間/休憩1時間

定時ダッシュも問題ないです✧
✧ 土日祝休み
✧ 残業月平均:6.5時間以内
✧ 残業代100%支給","✧ 完全週休2日制(土日祝休み)
✧ 年間休日125日
「土日休みはマスト!」ってあなたにも
ぴったりの職場です!

【その他休暇】
✧ 有給休暇
✧ 夏季・冬季休暇
✧ GW休暇
✧ 年末年始休暇",福岡県福岡市博多区博多駅中央街,福岡雇用開発センター,"月給:25万円~+交通費全額支給

※経験に応じて決定いたします。

# 昇給あり
# 賞与あり
# 残業代100%支給
# 交通費支給","・各種社会保険完備（健康保険・厚生年金・雇用保険・労災保険）
・時間外手当・深夜手当・職能手当・役職手当・資格手当・業務手当
・退職金制度
・借上げ社宅・社員寮制度（規定あり）
・会社指示による転居時の引越費用・家賃補助（規定あり）
・定期健康診断（年1回）
・特別休暇（慶弔休暇）・産前産後休暇・育児休暇・介護休暇
・資格取得支援制度・資格取得報奨金
・社内研修制度・認定職業訓練校
・作業着・靴・手袋など業務に必要な備品は会社支給
・提携保養所・提携企業割引
・産業医・カウンセラーによる相談窓口","■ 選考について ■
・カジュアル面談：1回のみ（服装自由・履歴書任意）
・応募から面談まで：WEB応募後、1〜3日以内にご連絡
・入社日：ご相談のうえ決定

■ 応募からの流れ ■
▶ STEP1 WEBから1分で応募
▶ STEP2 カジュアル面談（1回のみ）
▶ STEP3 採用

「まずは話だけ聞いてみたい」という方も、そのままご応募ください。
面談で無理に応募を勧めることはありません。",,即日勤務OK、交通費支給、残業なし,2,任意,生年月日、性別、電話番号,ntf-indeedapplicant-aaaatulx77tci2k2pr5yeqapva@shukatsu-labo.slack.com,,,利用しない,,
募集中,株式会社エイジェック,未経験｜検品・梱包｜株式会社エイジェック｜小倉雇用開発センター（北九州市小倉北区）,倉庫作業スタッフ,20～30代活躍中◎土日祝休み｜北九州市小倉北区エリアで軽作業の正社員に,,福岡県 北九州市 小倉北区,,,正社員,はい,月給,250000,,最低額を表示,なし,,,,,,,固定時間制,160,,厚生年金、健康保険、雇用保険、労災保険,,なし,,,,,,,,,,,,,,,,,,"「未経験から、ちゃんとした正社員として働きたい」その気持ちを小倉雇用開発センターが応援します。
勤務先は小倉雇用開発センターが担当する北九州市小倉北区エリアの物流センター。届いた商品に不備がないかをチェックし、丁寧に梱包して出荷準備をするお仕事です。
冷暖房完備の室内で、重い荷物を運ぶことはほとんどありません。

▶ 1日の流れ（9:00〜18:00・休憩1時間）
09:00 朝礼。今日の出荷予定と担当作業を確認します
09:15 検品スタート。商品の傷・汚れ・数量を納品書と照らし合わせてチェック
12:00 昼休憩（60分）。休憩室で昼食。電子レンジや冷蔵庫も使えます
13:00 梱包スタート。袋詰め、緩衝材で包む、箱に納めるの繰り返し
15:00 小休憩（15分）。飲み物を片手にひと息
15:15 ラベル貼りと出荷先ごとの仕分け
17:45 作業台の片づけと翌日の資材準備
18:00 退勤！残業は月平均6.5時間以内で、定時に帰れる日が大半です

▶ こんな商品を扱います
通販サイトで人気のアパレル商品、生活雑貨、コスメ、文房具が中心です。
✧ シャツやタオルを畳んで透明袋へ
✧ コスメ容器のひび割れを目視で確認
✧ 文房具のセット品を指定の個数で袋詰め
✧ 箱にラベルを貼って配送業者ごとの台車へ
作業台の高さは調整されていて、身体への負担を抑えて働けます。

▶ 教育・研修体制
入社初日は安全講習とオリエンテーションから。いきなり一人で現場に立つことはありません。
2日目以降は専任の先輩が隣について、検品・梱包の手順を実際にやって見せながら教えます。
最初の1週間は「見る→一緒にやる→一人でやる」の順で担当を広げ、1週間後にはひと通りの作業を経験できます。
小倉雇用開発センターの担当者も定期的に様子を見に来るので、職場に言いにくいことも相談できます。

▶ 設備のポイント
✧ 冷暖房完備の室内作業で、季節や天候に左右されません
✧ 休憩室に電子レンジ・冷蔵庫・ポットがあり、フリーWi-Fiも使えます
✧ 個人用の鍵付きロッカーを完備
✧ 髪色・ネイル・服装は自由。清潔感があれば普段のスタイルのままで大丈夫

▶ 小倉雇用開発センターならではの一言
JR小倉駅から徒歩圏で、新幹線・在来線・モノレールが利用できる北九州の中心です。
ものづくりの街として発展した北九州の中心エリアで、製造・物流の現場が身近な地域です。
小倉雇用開発センターは北九州市小倉北区エリアの勤務先を担当しているので、ご自宅からの通いやすさも含めて配属先を一緒に考えます。

小倉雇用開発センターが、あなたのキャリアの第一歩を全力でサポートします。まずはお気軽にご応募ください！","【北九州市小倉北区で働く5つの魅力】

✅ 先輩の9割以上が未経験スタート
「商品を手に取る」「傷がないか見る」「箱に入れる」の3ステップが仕事の基本。専門用語も複雑な機械操作もなく、初日は安全講習とオリエンテーションから始まるので安心です。

✅ 9:00〜18:00の固定時間制
毎日同じリズムで働けるので、生活のペースが安定します。土日祝がお休みなので、友人や家族との予定も合わせやすい環境です。

✅ 重い荷物はほとんどなし
扱うのは衣類・コスメ・文房具・小型雑貨など軽い商品が中心。重量物の持ち上げや力仕事はほぼなく、身体への負担を抑えて長く続けられます。

✅ 休憩室でしっかりリフレッシュ
昼休憩60分に加えて午後の小休憩があり、集中力を保ちやすいリズムです。休憩室にはポットやフリーWi-Fiもあります。

✅ 全国に拠点があるから相談先が近い
福岡県内の勤務先を小倉雇用開発センターが担当しているため、通勤や配属の相談にすぐ対応できます。「家から近い職場がいい」といった希望も伝えてください。

✅ 北九州市小倉北区エリアで通いやすい
JR小倉駅から徒歩圏で、新幹線・在来線・モノレールが利用できる北九州の中心です。ものづくりの街として発展した北九州の中心エリアで、製造・物流の現場が身近な地域です。

「自分にもできそう」と思えたら、それがスタートの合図。小倉雇用開発センターでお待ちしています！","例外事由3号のイにより、長期キャリア形成を図るため、
35歳以下を募集しております。","【勤務時間】
★9:00~18:00
└実働8時間/休憩1時間

定時ダッシュも問題ないです✧
✧ 土日祝休み
✧ 残業月平均:6.5時間以内
✧ 残業代100%支給","✧ 完全週休2日制(土日祝休み)
✧ 年間休日125日
「土日休みはマスト!」ってあなたにも
ぴったりの職場です!

【その他休暇】
✧ 有給休暇
✧ 夏季・冬季休暇
✧ GW休暇
✧ 年末年始休暇",福岡県北九州市小倉北区駅前,小倉雇用開発センター,"月給:25万円~+交通費全額支給

※経験に応じて決定いたします。

# 昇給あり
# 賞与あり
# 残業代100%支給
# 交通費支給","・各種社会保険完備（健康保険・厚生年金・雇用保険・労災保険）
・時間外手当・深夜手当・職能手当・役職手当・資格手当・業務手当
・退職金制度
・借上げ社宅・社員寮制度（規定あり）
・会社指示による転居時の引越費用・家賃補助（規定あり）
・定期健康診断（年1回）
・特別休暇（慶弔休暇）・産前産後休暇・育児休暇・介護休暇
・資格取得支援制度・資格取得報奨金
・社内研修制度・認定職業訓練校
・作業着・靴・手袋など業務に必要な備品は会社支給
・提携保養所・提携企業割引
・産業医・カウンセラーによる相談窓口","✧ カジュアル面談実施中です ✧

応募に必要なのは人柄だけ。
まずはあなたのご希望を聞かせてください。

■ 応募からの流れ ■
▶ STEP1 WEBから1分で簡単応募
1〜3日以内に担当者からご連絡します。
▶ STEP2 カジュアル面談（1回のみ）
職場の雰囲気や1日の流れをお伝えし、ご希望を伺います。
▶ STEP3 採用

※入社日はご相談いただけます◎
在職中の方も、お気軽にご相談ください。",,即日勤務OK、交通費支給、残業なし,2,任意,生年月日、性別、電話番号,ntf-indeedapplicant-aaaatulx77tci2k2pr5yeqapva@shukatsu-labo.slack.com,,,利用しない,,
募集中,株式会社エイジェック,未経験｜検品・梱包｜株式会社エイジェック｜久留米雇用開発センター（久留米市）,倉庫作業スタッフ,20～30代活躍中◎久留米市｜年間休日125日でプライベート充実,,福岡県 久留米市 東町,,,正社員,はい,月給,250000,,最低額を表示,なし,,,,,,,固定時間制,160,,厚生年金、健康保険、雇用保険、労災保険,,なし,,,,,,,,,,,,,,,,,,"福岡県久留米市エリアで、検品・梱包スタッフ（正社員）を募集しています。
勤務先は久留米雇用開発センターが担当する久留米市エリアの物流センター。衣類・コスメ・文房具などの軽い商品を、目で確認し、数を合わせ、袋や箱に納める作業が中心です。
「難しいことは苦手」という方でも、3日ほどで流れがつかめるシンプルな仕事です。

▶ ある日のスケジュール
09:00 出勤・朝礼。リーダーから連絡事項と注意点の共有
09:10 ハンディ端末で商品のバーコードを読み取り、品番と個数を照合します
10:30 小休憩（10分）
12:00 昼休憩（60分）。お弁当派も外食派も、それぞれのスタイルで
13:00 午後は梱包。ダンボールを組み立て、商品が動かないように納めます
15:00 小休憩（15分）
15:15 出荷準備。伝票シールを貼って配送業者ごとにコンテナへ
17:45 清掃と日報の記入
18:00 定時退勤。土日祝休みなので、明日の予定も立てやすい！

▶ お仕事の中身
✧ 検品：商品の外観チェック（傷・汚れ・へこみ）と数量・品番の照合
✧ スキャン：バーコードリーダーで「ピッ」と読み取ってデータと突き合わせ
✧ 梱包：袋詰め、緩衝材包装、ダンボールの組み立てと箱詰め、テープ留め
✧ 仕上げ：ラベル貼りと配送地域別の仕分け
扱うのはアパレル、コスメ、文房具、小型雑貨など。繰り返すうちに自然と手が覚える作業です。

▶ 未経験の方向け 1週間プログラム
✧ 1日目：会社説明、安全講習、作業場の見学
✧ 2日目：先輩の隣で検品の実演を見学し、午後から一緒に作業
✧ 3日目：梱包の袋詰め・箱詰めを先輩と一緒に担当
✧ 4日目：シール貼りと仕分けを一人で担当。先輩は同じ作業台で見守ります
✧ 5日目：検品から仕分けまでを通しで経験
覚えることは3ステップの繰り返し。資格や専門知識は必要ありません。

▶ 職場環境
✧ 空調完備：冷暖房が効いた清潔な室内で、夏も冬も快適
✧ 休憩室：電子レンジ・冷蔵庫・ポット・自動販売機あり。お弁当持参でもゆっくり過ごせます
✧ ロッカー：鍵付きの個人ロッカーで貴重品も安心
✧ 服装：髪色・ネイルは自由。動きやすい服装で通勤し、現場のルールに沿って作業します

▶ 久留米雇用開発センターならではの一言
JR久留米駅と西鉄久留米駅が利用でき、福岡市内から約30分です。
筑後地方の中核都市で、周辺に製造業の工場や物流拠点が集まっています。
久留米雇用開発センターは久留米市エリアの勤務先を担当しているので、ご自宅からの通いやすさも含めて配属先を一緒に考えます。

「ちゃんと正社員として働きたい」その一歩を、久留米雇用開発センターで踏み出しませんか。ご応募をお待ちしています！","【久留米雇用開発センターからのアピールポイント】

✅ 先輩の9割以上が未経験スタート
「商品を手に取る」「傷がないか見る」「箱に入れる」の3ステップが仕事の基本。専門用語も複雑な機械操作もなく、初日は安全講習とオリエンテーションから始まるので安心です。

✅ 残業は月平均6.5時間以内
定時で帰れる日がほとんど。仕事の後にジムや習い事に通ったり、家でゆっくりしたり、自分の時間をしっかり確保できます。

✅ 重い荷物はほとんどなし
扱うのは衣類・コスメ・文房具・小型雑貨など軽い商品が中心。重量物の持ち上げや力仕事はほぼなく、身体への負担を抑えて長く続けられます。

✅ 休憩室でしっかりリフレッシュ
昼休憩60分に加えて午後の小休憩があり、集中力を保ちやすいリズムです。休憩室にはポットやフリーWi-Fiもあります。

✅ 正社員としての安定と成長
正社員雇用に加え、社会保険完備、退職金制度、資格取得支援と報奨金などの制度があります。検品・梱包からスタートし、リーダーや別工程へのステップアップも目指せます。

✅ 久留米市エリアで通いやすい
JR久留米駅と西鉄久留米駅が利用でき、福岡市内から約30分です。筑後地方の中核都市で、周辺に製造業の工場や物流拠点が集まっています。

まずはカジュアル面談で、職場の雰囲気や1日の流れをお伝えします。お気軽にご応募ください！","例外事由3号のイにより、長期キャリア形成を図るため、
35歳以下を募集しております。","【勤務時間】
★9:00~18:00
└実働8時間/休憩1時間

定時ダッシュも問題ないです✧
✧ 土日祝休み
✧ 残業月平均:6.5時間以内
✧ 残業代100%支給","✧ 完全週休2日制(土日祝休み)
✧ 年間休日125日
「土日休みはマスト!」ってあなたにも
ぴったりの職場です!

【その他休暇】
✧ 有給休暇
✧ 夏季・冬季休暇
✧ GW休暇
✧ 年末年始休暇",福岡県久留米市東町,久留米雇用開発センター,"月給:25万円~+交通費全額支給

※経験に応じて決定いたします。

# 昇給あり
# 賞与あり
# 残業代100%支給
# 交通費支給","・各種社会保険完備（健康保険・厚生年金・雇用保険・労災保険）
・時間外手当・深夜手当・職能手当・役職手当・資格手当・業務手当
・退職金制度
・借上げ社宅・社員寮制度（規定あり）
・会社指示による転居時の引越費用・家賃補助（規定あり）
・定期健康診断（年1回）
・特別休暇（慶弔休暇）・産前産後休暇・育児休暇・介護休暇
・資格取得支援制度・資格取得報奨金
・社内研修制度・認定職業訓練校
・作業着・靴・手袋など業務に必要な備品は会社支給
・提携保養所・提携企業割引
・産業医・カウンセラーによる相談窓口","【応募前の「気になる」にお答えします】

Q. 面接は堅苦しいですか？
A. いいえ。カジュアル面談を1回行うだけです。服装も自由、履歴書も任意です。

Q. 応募してからどのくらいで決まりますか？
A. 3ステップで進みます。
▶ STEP1 WEBから応募（1分）→ 1〜3日以内にご連絡
▶ STEP2 カジュアル面談（1回のみ）
▶ STEP3 採用

Q. すぐには入社できないのですが…
A. 入社日はご相談いただけます。今のお仕事の引き継ぎ期間なども考慮します。",,即日勤務OK、交通費支給、残業なし,2,任意,生年月日、性別、電話番号,ntf-indeedapplicant-aaaatulx77tci2k2pr5yeqapva@shukatsu-labo.slack.com,,,利用しない,,
募集中,株式会社エイジェック,未経験｜検品・梱包｜株式会社エイジェック｜糸島雇用開発センター（糸島市）,倉庫作業スタッフ,20～30代活躍中◎安定して働く｜糸島市エリアの検品・梱包スタッフ,,福岡県 糸島市 前原中央,,,正社員,はい,月給,250000,,最低額を表示,なし,,,,,,,固定時間制,160,,厚生年金、健康保険、雇用保険、労災保険,,なし,,,,,,,,,,,,,,,,,,"コツコツ作業が好きな方にぴったりの、検品・梱包のお仕事です。
勤務先は糸島雇用開発センターが担当する糸島市エリアの物流センター。1年中快適な温度に保たれた倉庫内で、自分の作業台を担当します。
糸島雇用開発センターでは配属後も定期的に面談を行い、困りごとがあればすぐにフォローします。

▶ 入社後はこんな1日になります
09:00 朝礼。体調チェックと当日の出荷量を共有
09:15 午前は検品を担当。外観を目視で確認し、気になる商品は別置きにしてリーダーへ
12:00 昼休憩（60分）
13:00 午後は梱包。袋詰め→箱詰め→テープ留めの3工程を繰り返します
15:00 小休憩（15分）。自動販売機でジュースを買ってリフレッシュ
15:15 当日出荷分の最終チェックと仕分けを全員で仕上げます
17:45 作業スペースの清掃
18:00 退勤。残業は月平均6.5時間以内に収まっています

▶ 扱う商品・作業の具体例
✧ 衣類・タオル：ほつれや汚れがないか確認し、透明袋に入れます
✧ コスメ・ガラス小物：割れないよう緩衝材で包んでから箱へ
✧ 文房具・生活雑貨：品番と個数を納品書と照合し、まとめて袋詰め
✧ 出荷箱：伝票シールと「割れ物注意」などの注意シールを所定の位置に貼ります
どれも片手〜両手で持てるサイズで、重量物の持ち上げはありません。

▶ 入社後1週間の流れ
1日目：糸島雇用開発センターでオリエンテーション。安全ルールや勤怠の付け方、勤務先の設備を案内します
2〜3日目：先輩スタッフがマンツーマンで隣につき、検品の見方と梱包の手順を実演しながら説明
4〜5日目：シール貼りやダンボールの組み立てから一人で担当。分からないことはその場で質問できます
1週間後：検品〜仕分けまでの流れをひと通り経験し、自分のペースで進められるように
「早ければ半日、遅くとも2〜3日で一人立ち」が現場の目安ですが、慣れるまで焦らず伴走します。

▶ 設備のポイント
✧ 冷暖房完備の室内作業で、季節や天候に左右されません
✧ 休憩室に電子レンジ・冷蔵庫・ポットがあり、フリーWi-Fiも使えます
✧ 個人用の鍵付きロッカーを完備
✧ 髪色・ネイル・服装は自由。清潔感があれば普段のスタイルのままで大丈夫

▶ 福岡県糸島市で働く
海と山に囲まれた暮らしやすい街で、福岡都市圏への通勤圏として人気のエリアです。
JR筑肥線の筑前前原駅が最寄りで、福岡市の天神・博多方面へも直通で通えます。
糸島雇用開発センターのスタッフが地域の勤務先を熟知しているため、「家から近い」「駅から通える」といった希望にも応えやすいのが強みです。

「ちゃんと正社員として働きたい」その一歩を、糸島雇用開発センターで踏み出しませんか。ご応募をお待ちしています！","【糸島市で働く5つの魅力】

✅ 資格・経験・学歴は不問
必要なのは「丁寧に確認する姿勢」だけ。仕事のやり方はすべて入社後にお伝えします。将来的に資格を取りたい方には資格取得支援制度と報奨金があり、キャリアの幅を広げられます。

✅ 9:00〜18:00の固定時間制
毎日同じリズムで働けるので、生活のペースが安定します。土日祝がお休みなので、友人や家族との予定も合わせやすい環境です。

✅ 黙々・コツコツ派にぴったり
ノルマはなく、接客もありません。「一人で集中して作業したい」「人間関係のストレスを減らしたい」という方に向いている環境です。

✅ 髪色・ネイル・服装は自由
清潔感があれば普段のスタイルのままで大丈夫。動きやすい服装で通勤し、現場のルールに沿って作業します。

✅ 雇用開発センターが入社後も伴走
糸島雇用開発センターの担当者が定期的に面談し、職場では言いにくい悩みも聞き取ります。「一人で放り出される」ことはありません。

✅ 糸島市エリアで通いやすい
JR筑肥線の筑前前原駅が最寄りで、福岡市の天神・博多方面へも直通で通えます。海と山に囲まれた暮らしやすい街で、福岡都市圏への通勤圏として人気のエリアです。

「自分にもできそう」と思えたら、それがスタートの合図。糸島雇用開発センターでお待ちしています！","例外事由3号のイにより、長期キャリア形成を図るため、
35歳以下を募集しております。","【勤務時間】
★9:00~18:00
└実働8時間/休憩1時間

定時ダッシュも問題ないです✧
✧ 土日祝休み
✧ 残業月平均:6.5時間以内
✧ 残業代100%支給","✧ 完全週休2日制(土日祝休み)
✧ 年間休日125日
「土日休みはマスト!」ってあなたにも
ぴったりの職場です!

【その他休暇】
✧ 有給休暇
✧ 夏季・冬季休暇
✧ GW休暇
✧ 年末年始休暇",福岡県糸島市前原中央,糸島雇用開発センター,"月給:25万円~+交通費全額支給

※経験に応じて決定いたします。

# 昇給あり
# 賞与あり
# 残業代100%支給
# 交通費支給","・各種社会保険完備（健康保険・厚生年金・雇用保険・労災保険）
・時間外手当・深夜手当・職能手当・役職手当・資格手当・業務手当
・退職金制度
・借上げ社宅・社員寮制度（規定あり）
・会社指示による転居時の引越費用・家賃補助（規定あり）
・定期健康診断（年1回）
・特別休暇（慶弔休暇）・産前産後休暇・育児休暇・介護休暇
・資格取得支援制度・資格取得報奨金
・社内研修制度・認定職業訓練校
・作業着・靴・手袋など業務に必要な備品は会社支給
・提携保養所・提携企業割引
・産業医・カウンセラーによる相談窓口","まずは「話を聞いてみる」だけで大丈夫です。

当社ではカジュアル面談を実施しています。
志望動機や自己PRの準備は不要。
「どんな職場？」「本当に未経験でもできる？」といった疑問に、担当者が率直にお答えします。

■ 応募から入社までの3STEP ■
▶ STEP1 WEB応募（1分）
▶ STEP2 カジュアル面談（1回のみ・1〜3日以内にご連絡）
▶ STEP3 採用・入社日のご相談

入社日は柔軟に調整できます。
「来月から」「今の仕事を辞めてから」など、ご都合をお聞かせください。",,即日勤務OK、交通費支給、残業なし,2,任意,生年月日、性別、電話番号,ntf-indeedapplicant-aaaatulx77tci2k2pr5yeqapva@shukatsu-labo.slack.com,,,利用しない,,
募集中,株式会社BREXA Technology,未経験｜検品・梱包｜株式会社BREXA Technology｜BREXA Academy Semicon 福岡,倉庫作業スタッフ,20～30代活躍中◎大牟田市｜髪型・ネイル自由で検品・梱包の正社員,,福岡県 大牟田市 四箇新町,,,正社員,はい,月給,250000,,最低額を表示,なし,,,,,,,固定時間制,160,,厚生年金、健康保険、雇用保険、労災保険,,なし,,,,,,,,,,,,,,,,,,"BREXA Academy Semicon 福岡が受け持つ大牟田市周辺の物流センターで、検品・梱包を担当する正社員スタッフを募集します。
扱うのは通販で人気のアパレル・雑貨・コスメなど軽いものばかり。空調の効いたきれいな倉庫で、商品をチェックして箱に詰めるシンプルなお仕事です。
残業はほぼなし、土日祝休み。仕事の後も週末も、自分の時間をしっかり確保できます。

✅ 1日の流れ（9:00〜18:00・休憩1時間）
09:00 朝礼。今日の出荷予定と担当作業を確認
09:15 検品スタート。商品の傷・汚れ・数量を納品書と照らし合わせます
12:00 昼休憩（60分）。休憩室で昼食。電子レンジや冷蔵庫も使えます
13:00 梱包スタート。袋詰め、緩衝材で包む、箱に納めるの繰り返し
15:00 小休憩（15分）。飲み物を片手にひと息
15:15 ラベル貼りと出荷先ごとの仕分け
17:45 作業台の片づけと翌日の資材準備
18:00 退勤。残業は月平均6.5時間以内で、定時で帰れる日が大半。夜の予定も入れられます

✅ 扱う商品・作業の具体例
◎ 衣類・タオル：ほつれや汚れがないか確認して、透明袋に入れます
◎ コスメ・ガラス小物：割れないように緩衝材で包んでから箱へ
◎ 文房具・生活雑貨：品番と個数を納品書と照合して、まとめて袋詰め
◎ 出荷箱：伝票シールと「割れ物注意」などの注意シールを所定の位置に貼ります
どれも片手〜両手で持てるサイズで、重い物を持ち上げることはありません。

✅ 入社後1週間の流れ
1日目：BREXA Academy Semicon 福岡でオリエンテーション。安全ルールや勤怠の付け方、勤務先の設備を案内します
2〜3日目：先輩スタッフがマンツーマンで隣について、検品の見方と梱包の手順を実演しながら教えます
4〜5日目：シール貼りやダンボールの組み立てから一人で担当。分からないことはその場で聞けます
1週間後：検品〜仕分けまでの流れをひと通り経験して、自分のペースで進められるように
「早ければ半日、遅くとも2〜3日で一人立ち」が現場の目安。慣れるまでは焦らず一緒に進めます。

✅ 職場環境
◎ 空調完備：冷暖房が効いた清潔な室内で、夏も冬も快適
◎ 休憩室：電子レンジ・冷蔵庫・ポット・自動販売機あり。お弁当持参でもゆっくり過ごせます
◎ ロッカー：鍵付きの個人ロッカーで貴重品も安心
◎ 服装：髪色・ネイル・服装は自由。推しカラーのネイルも、お気に入りの服も、そのままで

✅ BREXA Academy Semicon 福岡ならではの一言
JR鹿児島本線・西鉄天神大牟田線の大牟田駅が最寄りで、福岡・熊本どちらからも通えます。
石炭産業で栄えた歴史を持つ県南のものづくりの街で、化学・素材関連の工場が集まる地域です。
BREXA Academy Semicon 福岡が大牟田市周辺の勤務先を受け持っているので、「家から近い所がいい」といった希望も気軽に伝えてください。

仕事は淡々と、自分の時間は全力で。そんな働き方をBREXA Academy Semicon 福岡で始めませんか。ご応募をお待ちしています。","【アピールポイント：ココが推し！】

✅ 先輩の9割以上が未経験スタート
「商品を手に取る」「傷がないか見る」「箱に入れる」の3ステップが基本。専門用語も複雑な機械操作もなく、初日は安全講習から始まるので安心です。

✅ 土日祝休み・年間休日125日
完全週休2日制でカレンダー通りに休めます。大型連休もしっかり確保できるので、遠征や旅行のスケジュールも立てやすいのが魅力です。

✅ 重い荷物はほとんどなし
扱うのは衣類・コスメ・文房具・小型雑貨など軽い商品が中心。力仕事はほぼなくて、身体への負担を抑えて長く続けられます。

✅ 空調完備の清潔な倉庫
冷暖房がしっかり効いた室内で、季節を問わず快適。休憩室には電子レンジ・冷蔵庫・自動販売機があって、鍵付きロッカーも完備です。

✅ 「好き」を語れる仲間がいる職場
休憩時間は趣味の話で盛り上がることも。「ライブどうだった？」「新作見た？」なんて会話が日常にあります。

✅ 大牟田市周辺で通いやすい
JR鹿児島本線・西鉄天神大牟田線の大牟田駅が最寄りで、福岡・熊本どちらからも通えます。石炭産業で栄えた歴史を持つ県南のものづくりの街で、化学・素材関連の工場が集まる地域です。

まずはカジュアル面談で、職場の雰囲気や1日の流れをお伝えします。気軽にご応募ください。","【こんな方にピッタリなお仕事です！】

・趣味やプライベートを第一優先にしたい方
・PC入力などのコツコツ作業が好きな方
・フリーターから卒業して、安定した環境で働きたい方
・家庭と仕事をバランスよく両立したい主婦(夫)さん
・第二新卒として、新しい環境でリスタートしたい方
・誰かをサポートすることにやりがいを感じる方
・ワークライフバランスを何より大切にしたい方

【応募条件は一切なし！】
#未経験・ブランクOK #学歴・職歴・経験不問
#20代・30代女性活躍中 #推し活優先OK #残業ほぼナシ

「今の自分」のままで、一歩踏み出してみませんか？ハローワークでお探し中の方も、ぜひお気軽にご応募ください！","【勤務時間】
★9:00~18:00
└実働8時間/休憩1時間

定時ダッシュも問題ないです✧
✧ 土日祝休み
✧ 残業月平均:6.5時間以内
✧ 残業代100%支給","✧ 完全週休2日制(土日祝休み)
✧ 年間休日125日
「土日休みはマスト!」ってあなたにも
ぴったりの職場です!

【その他休暇】
✧ 有給休暇
✧ 夏季・冬季休暇
✧ GW休暇
✧ 年末年始休暇",BREXA Academy Semicon 福岡,福岡県大牟田市四箇新町1-5 アスカインデックス 九州テクニカルセンター内,"月給:25万円~+交通費全額支給

※経験に応じて決定いたします。

# 昇給あり
# 賞与あり
# 残業代100%支給
# 交通費支給","・社会保険完備（雇用・労災・健康・厚生年金）
・家族手当（扶養者のみ・規定あり）
・時間外手当（1分単位）・休日出勤手当・役職手当
・借上社宅制度・単身社員寮（家賃補助あり・規定あり）
・企業型確定拠出年金制度
・定期健康診断
・慶弔休暇・産前産後休暇・育児休暇・介護休暇（取得・復職実績あり）
・資格取得支援制度・資格取得祝金
・配属前研修・入社後研修
・慶弔見舞金制度
・提携保養所
・U・Iターン支援・会社都合の転居時の引越費用負担（規定あり）","✧ カジュアル面談実施中です ✧

応募に必要なのは人柄だけ。
まずはあなたのご希望を聞かせてください。

■ 応募からの流れ ■
▶ STEP1 WEBから1分で簡単応募
1〜3日以内に担当者からご連絡します。
▶ STEP2 カジュアル面談（1回のみ）
職場の雰囲気や1日の流れをお伝えし、ご希望を伺います。
▶ STEP3 採用

※入社日はご相談いただけます◎
在職中の方も、お気軽にご相談ください。",,即日勤務OK、交通費支給、残業なし,2,任意,生年月日、性別、電話番号,ntf-indeedapplicant-aaaatulx77tci2k2pr5yeqapva@shukatsu-labo.slack.com,,,利用しない,,
休止中,株式会社BREXA Technology,未経験｜検品・梱包｜株式会社BREXA Technology｜メカトロニクスデザインセンター 熊本開発センター,倉庫作業スタッフ,20～30代活躍中◎未経験から正社員へ｜益城町で検品・梱包デビュー,,熊本県 上益城郡 益城町,,,正社員,はい,月給,250000,,最低額を表示,なし,,,,,,,固定時間制,160,,厚生年金、健康保険、雇用保険、労災保険,,なし,,,,,,,,,,,,,,,,,,"「仕事は淡々と、プライベートは全力で」そんな働き方を叶える検品・梱包のお仕事です。
勤務先はメカトロニクスデザインセンター 熊本開発センターが受け持つ益城町周辺の物流センター。届いた商品に不備がないか確認して、丁寧に梱包し、出荷の準備をします。
冷暖房完備の室内で、重い荷物を運ぶことはほとんどありません。

✅ ある日のスケジュール
09:00 出勤・朝礼。リーダーから連絡事項の共有
09:10 ハンディ端末でバーコードを読み取り、品番と個数を照合
10:30 小休憩（10分）
12:00 昼休憩（60分）。お弁当派も、近くで買ってくる派も
13:00 午後は梱包。ダンボールを組み立て、商品が動かないように納めます
15:00 小休憩（15分）
15:15 出荷準備。伝票シールを貼って配送業者ごとにコンテナへ
17:45 清掃と日報の記入
18:00 定時退勤。土日祝休みだから、週末の遠征やイベントの予定も立てやすい

✅ 作業は3ステップだけ
1. 検品：商品を手に取って、傷・汚れ・数量を確認。迷ったら「保留」箱に入れてリーダーに聞くだけ
2. 梱包：商品に合わせて袋・緩衝材・箱を選んで、動かないように納めてテープで封をします
3. 仕分け：伝票シールを貼って、配送地域ごとのコンテナへ
衣類・雑貨・コスメ・文房具などの軽い商品が中心で、フォークリフトなどの機械操作はありません。

✅ 入社後1週間の流れ
1日目：メカトロニクスデザインセンター 熊本開発センターでオリエンテーション。安全ルールや勤怠の付け方、勤務先の設備を案内します
2〜3日目：先輩スタッフがマンツーマンで隣について、検品の見方と梱包の手順を実演しながら教えます
4〜5日目：シール貼りやダンボールの組み立てから一人で担当。分からないことはその場で聞けます
1週間後：検品〜仕分けまでの流れをひと通り経験して、自分のペースで進められるように
「早ければ半日、遅くとも2〜3日で一人立ち」が現場の目安。慣れるまでは焦らず一緒に進めます。

✅ 働く環境
作業場は1年中空調が効いていて、「夏は暑くて汗だく」「冬は手がかじかむ」という心配がありません。
休憩室は広くて、電子レンジや冷蔵庫、自動販売機が揃っています。
鍵付きロッカーがあるので、貴重品の管理も安心。
髪型・ネイル・服装は自由で、自分らしいスタイルのまま通勤できます。

✅ 熊本県益城町で働くということ
半導体関連企業の進出が続く熊本東部のエリアで、製造・物流の現場が増えている地域です。
熊本空港に近く、九州道の益城熊本空港ICから車で通いやすい立地です。
通勤時間を抑えられれば、そのぶん自分の時間が増えます。メカトロニクスデザインセンター 熊本開発センターのスタッフが、通いやすい配属先を一緒に考えます。

仕事は淡々と、自分の時間は全力で。そんな働き方をメカトロニクスデザインセンター 熊本開発センターで始めませんか。ご応募をお待ちしています。","【益城町で自分らしく働く5つの理由】

✅ 資格・経験・学歴は問いません
必要なのは「丁寧に確認する姿勢」だけ。仕事のやり方は入社後にお伝えします。資格を取りたくなったら、資格取得支援制度と祝金があります。

✅ 残業は月平均6.5時間以内
定時で帰れる日がほとんど。仕事の後にライブや配信、ジムや習い事。平日の夜も自分のために使えます。

✅ 黙々・コツコツ派にぴったり
ノルマはなく、接客もありません。「一人で集中して作業したい」「人間関係のストレスを減らしたい」という方に向いている環境です。

✅ 休憩室でしっかりリフレッシュ
昼休憩60分に加えて午後の小休憩があって、集中力を保ちやすいリズムです。休憩室にはポットやフリーWi-Fiもあります。

✅ 正社員としての安定
正社員雇用に加えて、社会保険完備、家族手当（規定あり）、借上社宅制度、資格取得支援があります。趣味の資金もコツコツ貯まる働き方です。

✅ 地元益城町で自分時間を確保
半導体関連企業の進出が続く熊本東部のエリアで、製造・物流の現場が増えている地域です。熊本空港に近く、九州道の益城熊本空港ICから車で通いやすい立地です。

まずはカジュアル面談で、職場の雰囲気や1日の流れをお伝えします。気軽にご応募ください。","【こんな方にピッタリなお仕事です！】

・趣味やプライベートを第一優先にしたい方
・PC入力などのコツコツ作業が好きな方
・フリーターから卒業して、安定した環境で働きたい方
・家庭と仕事をバランスよく両立したい主婦(夫)さん
・第二新卒として、新しい環境でリスタートしたい方
・誰かをサポートすることにやりがいを感じる方
・ワークライフバランスを何より大切にしたい方

【応募条件は一切なし！】
#未経験・ブランクOK #学歴・職歴・経験不問
#20代・30代女性活躍中 #推し活優先OK #残業ほぼナシ

「今の自分」のままで、一歩踏み出してみませんか？ハローワークでお探し中の方も、ぜひお気軽にご応募ください！","【勤務時間】
★9:00~18:00
└実働8時間/休憩1時間

定時ダッシュも問題ないです✧
✧ 土日祝休み
✧ 残業月平均:6.5時間以内
✧ 残業代100%支給","✧ 完全週休2日制(土日祝休み)
✧ 年間休日125日
「土日休みはマスト!」ってあなたにも
ぴったりの職場です!

【その他休暇】
✧ 有給休暇
✧ 夏季・冬季休暇
✧ GW休暇
✧ 年末年始休暇",メカトロニクスデザインセンター 熊本開発センター,熊本県上益城郡益城町田原2081-28 テクノ・リサーチパーク内KSKビル2F,"月給:25万円~+交通費全額支給

※経験に応じて決定いたします。

# 昇給あり
# 賞与あり
# 残業代100%支給
# 交通費支給","・社会保険完備（雇用・労災・健康・厚生年金）
・家族手当（扶養者のみ・規定あり）
・時間外手当（1分単位）・休日出勤手当・役職手当
・借上社宅制度・単身社員寮（家賃補助あり・規定あり）
・企業型確定拠出年金制度
・定期健康診断
・慶弔休暇・産前産後休暇・育児休暇・介護休暇（取得・復職実績あり）
・資格取得支援制度・資格取得祝金
・配属前研修・入社後研修
・慶弔見舞金制度
・提携保養所
・U・Iターン支援・会社都合の転居時の引越費用負担（規定あり）","【応募前の「気になる」にお答えします】

Q. 面接は堅苦しいですか？
A. いいえ。カジュアル面談を1回行うだけです。服装も自由、履歴書も任意です。

Q. 応募してからどのくらいで決まりますか？
A. 3ステップで進みます。
▶ STEP1 WEBから応募（1分）→ 1〜3日以内にご連絡
▶ STEP2 カジュアル面談（1回のみ）
▶ STEP3 採用

Q. すぐには入社できないのですが…
A. 入社日はご相談いただけます。今のお仕事の引き継ぎ期間なども考慮します。",,即日勤務OK、交通費支給、残業なし,2,任意,生年月日、性別、電話番号,ntf-indeedapplicant-aaaatulx77tci2k2pr5yeqapva@shukatsu-labo.slack.com,,,利用しない,,
募集中,株式会社BREXA Technology,未経験｜検品・梱包｜株式会社BREXA Technology｜大阪第2開発センター,倉庫作業スタッフ,20～30代活躍中◎大阪市北区｜黙々集中できる検品・梱包の正社員,,大阪府 大阪市 北区 西天満,,,正社員,はい,月給,250000,,最低額を表示,なし,,,,,,,固定時間制,160,,厚生年金、健康保険、雇用保険、労災保険,,なし,,,,,,,,,,,,,,,,,,"大阪府大阪市北区周辺で、検品・梱包スタッフ（正社員）を募集中です。
勤務先は大阪第2開発センターが受け持つ大阪市北区周辺の物流センター。衣類・コスメ・文房具などの軽い商品を、目で確認して、数を合わせて、袋や箱に納めていきます。
髪型・ネイル・服装は自由。自分らしいスタイルのまま、コツコツ集中して働けます。

✅ 入社後はこんな1日
09:00 朝礼。体調チェックと当日の出荷量を共有
09:15 午前は検品。外観を目視で確認して、気になる商品は別置きにしてリーダーへ
12:00 昼休憩（60分）
13:00 午後は梱包。袋詰め→箱詰め→テープ留めの3工程を繰り返します
15:00 小休憩（15分）。自動販売機で飲み物を買ってリフレッシュ
15:15 当日出荷分の最終チェックと仕分けを全員で仕上げます
17:45 作業スペースの清掃
18:00 退勤。残業は月平均6.5時間以内に収まっています

✅ こんな商品を扱います
通販サイトで人気のアパレル商品、生活雑貨、コスメ、文房具が中心です。
◎ シャツやタオルを畳んで透明袋へ
◎ コスメ容器のひび割れを目視で確認
◎ 文房具のセット品を指定の個数で袋詰め
◎ 箱にラベルを貼って配送業者ごとの台車へ
作業台の高さも調整されていて、身体への負担を抑えて働けます。

✅ 教育・研修のこと
入社初日は安全講習とオリエンテーションから。いきなり一人で現場に立つことはありません。
2日目以降は専任の先輩が隣について、検品・梱包の手順を実際にやって見せながら教えます。
最初の1週間は「見る→一緒にやる→一人でやる」の順で担当を広げて、1週間後にはひと通りの作業を経験できます。
大阪第2開発センターの担当者も定期面談で様子を聞くので、職場に言いにくいことも相談できます。

✅ 設備のポイント
◎ 冷暖房完備の室内作業で、季節や天候に左右されません
◎ 休憩室に電子レンジ・冷蔵庫・ポットがあって、フリーWi-Fiも使えます
◎ 個人用の鍵付きロッカーを完備
◎ 髪色・ネイル・服装は自由。清潔感があれば普段のスタイルのままで大丈夫

✅ 大阪第2開発センターならではの一言
地下鉄・JRの南森町駅・大阪天満宮駅や北新地駅が徒歩圏で、梅田からも歩ける立地です。
オフィスと商店街が隣り合う天満エリアで、通勤も仕事帰りも便利な場所です。
大阪第2開発センターが大阪市北区周辺の勤務先を受け持っているので、「家から近い所がいい」といった希望も気軽に伝えてください。

「難しいことはできないけど、コツコツ集中するのは得意」という方、ぜひ大阪第2開発センターにお越しください。","【アピールポイント：ココが推し！】

✅ 資格・経験・学歴は問いません
必要なのは「丁寧に確認する姿勢」だけ。仕事のやり方は入社後にお伝えします。資格を取りたくなったら、資格取得支援制度と祝金があります。

✅ 土日祝休み・年間休日125日
完全週休2日制でカレンダー通りに休めます。大型連休もしっかり確保できるので、遠征や旅行のスケジュールも立てやすいのが魅力です。

✅ 黙々・コツコツ派にぴったり
ノルマはなく、接客もありません。「一人で集中して作業したい」「人間関係のストレスを減らしたい」という方に向いている環境です。

✅ 休憩室でしっかりリフレッシュ
昼休憩60分に加えて午後の小休憩があって、集中力を保ちやすいリズムです。休憩室にはポットやフリーWi-Fiもあります。

✅ 「好き」を語れる仲間がいる職場
休憩時間は趣味の話で盛り上がることも。「ライブどうだった？」「新作見た？」なんて会話が日常にあります。

✅ 地元大阪市北区で自分時間を確保
オフィスと商店街が隣り合う天満エリアで、通勤も仕事帰りも便利な場所です。地下鉄・JRの南森町駅・大阪天満宮駅や北新地駅が徒歩圏で、梅田からも歩ける立地です。

「自分にもできそう」と思えたら、それがスタートの合図。大阪第2開発センターでお待ちしています。","【こんな方にピッタリなお仕事です！】

・趣味やプライベートを第一優先にしたい方
・PC入力などのコツコツ作業が好きな方
・フリーターから卒業して、安定した環境で働きたい方
・家庭と仕事をバランスよく両立したい主婦(夫)さん
・第二新卒として、新しい環境でリスタートしたい方
・誰かをサポートすることにやりがいを感じる方
・ワークライフバランスを何より大切にしたい方

【応募条件は一切なし！】
#未経験・ブランクOK #学歴・職歴・経験不問
#20代・30代女性活躍中 #推し活優先OK #残業ほぼナシ

「今の自分」のままで、一歩踏み出してみませんか？ハローワークでお探し中の方も、ぜひお気軽にご応募ください！","【勤務時間】
★9:00~18:00
└実働8時間/休憩1時間

定時ダッシュも問題ないです✧
✧ 土日祝休み
✧ 残業月平均:6.5時間以内
✧ 残業代100%支給","✧ 完全週休2日制(土日祝休み)
✧ 年間休日125日
「土日休みはマスト!」ってあなたにも
ぴったりの職場です!

【その他休暇】
✧ 有給休暇
✧ 夏季・冬季休暇
✧ GW休暇
✧ 年末年始休暇",大阪第2開発センター,大阪府大阪市北区西天満4‐4‐13 三共ビル梅新8F,"月給:25万円~+交通費全額支給

※経験に応じて決定いたします。

# 昇給あり
# 賞与あり
# 残業代100%支給
# 交通費支給","・社会保険完備（雇用・労災・健康・厚生年金）
・家族手当（扶養者のみ・規定あり）
・時間外手当（1分単位）・休日出勤手当・役職手当
・借上社宅制度・単身社員寮（家賃補助あり・規定あり）
・企業型確定拠出年金制度
・定期健康診断
・慶弔休暇・産前産後休暇・育児休暇・介護休暇（取得・復職実績あり）
・資格取得支援制度・資格取得祝金
・配属前研修・入社後研修
・慶弔見舞金制度
・提携保養所
・U・Iターン支援・会社都合の転居時の引越費用負担（規定あり）","まずは「話を聞いてみる」だけで大丈夫です。

当社ではカジュアル面談を実施しています。
志望動機や自己PRの準備は不要。
「どんな職場？」「本当に未経験でもできる？」といった疑問に、担当者が率直にお答えします。

■ 応募から入社までの3STEP ■
▶ STEP1 WEB応募（1分）
▶ STEP2 カジュアル面談（1回のみ・1〜3日以内にご連絡）
▶ STEP3 採用・入社日のご相談

入社日は柔軟に調整できます。
「来月から」「今の仕事を辞めてから」など、ご都合をお聞かせください。",,即日勤務OK、交通費支給、残業なし,2,任意,生年月日、性別、電話番号,ntf-indeedapplicant-aaaatulx77tci2k2pr5yeqapva@shukatsu-labo.slack.com,,,利用しない,,
募集中,株式会社BREXA Technology,未経験｜検品・梱包｜株式会社BREXA Technology｜大阪開発センター,倉庫作業スタッフ,20～30代活躍中◎自分らしく働く｜大阪市北区周辺の検品・梱包スタッフ,,大阪府 大阪市 北区 南森町,,,正社員,はい,月給,250000,,最低額を表示,なし,,,,,,,固定時間制,160,,厚生年金、健康保険、雇用保険、労災保険,,なし,,,,,,,,,,,,,,,,,,"黙々と集中する時間が好きな方に向いている、検品・梱包のお仕事です。
勤務先は大阪開発センターが受け持つ大阪市北区周辺の物流センター。1年中快適な温度の倉庫で、自分の作業台を担当します。
大阪開発センターでは入社後も定期的に面談をして、働き方の希望や困りごとを聞き取ります。

✅ 1日の流れ（9:00〜18:00・休憩1時間）
09:00 朝礼。今日の出荷予定と担当作業を確認
09:15 検品スタート。商品の傷・汚れ・数量を納品書と照らし合わせます
12:00 昼休憩（60分）。休憩室で昼食。電子レンジや冷蔵庫も使えます
13:00 梱包スタート。袋詰め、緩衝材で包む、箱に納めるの繰り返し
15:00 小休憩（15分）。飲み物を片手にひと息
15:15 ラベル貼りと出荷先ごとの仕分け
17:45 作業台の片づけと翌日の資材準備
18:00 退勤。残業は月平均6.5時間以内で、定時で帰れる日が大半。夜の予定も入れられます

✅ こんな商品を扱います
通販サイトで人気のアパレル商品、生活雑貨、コスメ、文房具が中心です。
◎ シャツやタオルを畳んで透明袋へ
◎ コスメ容器のひび割れを目視で確認
◎ 文房具のセット品を指定の個数で袋詰め
◎ 箱にラベルを貼って配送業者ごとの台車へ
作業台の高さも調整されていて、身体への負担を抑えて働けます。

✅ 未経験の方向け 1週間プログラム
◎ 1日目：会社説明、安全講習、作業場の見学
◎ 2日目：先輩の隣で検品の実演を見学して、午後から一緒に作業
◎ 3日目：梱包の袋詰め・箱詰めを先輩と一緒に担当
◎ 4日目：シール貼りと仕分けを一人で担当。先輩は同じ作業台で見守ります
◎ 5日目：検品から仕分けまでを通しで経験
覚えることは3ステップの繰り返し。資格や専門知識はいりません。

✅ 職場環境
◎ 空調完備：冷暖房が効いた清潔な室内で、夏も冬も快適
◎ 休憩室：電子レンジ・冷蔵庫・ポット・自動販売機あり。お弁当持参でもゆっくり過ごせます
◎ ロッカー：鍵付きの個人ロッカーで貴重品も安心
◎ 服装：髪色・ネイル・服装は自由。推しカラーのネイルも、お気に入りの服も、そのままで

✅ 大阪開発センターならではの一言
地下鉄谷町線・堺筋線の南森町駅、JR東西線の大阪天満宮駅から徒歩圏です。
天神橋筋商店街に近い下町情緒のあるエリアで、梅田へも徒歩圏という便利な場所です。
大阪開発センターが大阪市北区周辺の勤務先を受け持っているので、「家から近い所がいい」といった希望も気軽に伝えてください。

仕事は淡々と、自分の時間は全力で。そんな働き方を大阪開発センターで始めませんか。ご応募をお待ちしています。","【大阪市北区で自分らしく働く5つの理由】

✅ マンツーマンで覚えられる
専任の先輩が隣について、実演しながら手順を説明します。最初はシール貼りやダンボールの組み立てから始めて、1週間でひと通りの流れを経験できます。

✅ 9:00〜18:00の固定時間制
毎日同じリズムで働けるので、生活のペースが安定します。土日祝がお休みなので、友人や家族との予定も合わせやすい環境です。

✅ 重い荷物はほとんどなし
扱うのは衣類・コスメ・文房具・小型雑貨など軽い商品が中心。力仕事はほぼなくて、身体への負担を抑えて長く続けられます。

✅ 休憩室でしっかりリフレッシュ
昼休憩60分に加えて午後の小休憩があって、集中力を保ちやすいリズムです。休憩室にはポットやフリーWi-Fiもあります。

✅ 面談で働き方の希望を聞き取ります
大阪開発センターの担当者が入社後も定期的に面談します。職場では言いにくいことも、ここでなら話しやすいはず。頑張りは昇給でしっかり評価します。

✅ 大阪市北区周辺で通いやすい
地下鉄谷町線・堺筋線の南森町駅、JR東西線の大阪天満宮駅から徒歩圏です。天神橋筋商店街に近い下町情緒のあるエリアで、梅田へも徒歩圏という便利な場所です。

まずはカジュアル面談で、職場の雰囲気や1日の流れをお伝えします。気軽にご応募ください。","【こんな方にピッタリなお仕事です！】

・趣味やプライベートを第一優先にしたい方
・PC入力などのコツコツ作業が好きな方
・フリーターから卒業して、安定した環境で働きたい方
・家庭と仕事をバランスよく両立したい主婦(夫)さん
・第二新卒として、新しい環境でリスタートしたい方
・誰かをサポートすることにやりがいを感じる方
・ワークライフバランスを何より大切にしたい方

【応募条件は一切なし！】
#未経験・ブランクOK #学歴・職歴・経験不問
#20代・30代女性活躍中 #推し活優先OK #残業ほぼナシ

「今の自分」のままで、一歩踏み出してみませんか？ハローワークでお探し中の方も、ぜひお気軽にご応募ください！","【勤務時間】
★9:00~18:00
└実働8時間/休憩1時間

定時ダッシュも問題ないです✧
✧ 土日祝休み
✧ 残業月平均:6.5時間以内
✧ 残業代100%支給","✧ 完全週休2日制(土日祝休み)
✧ 年間休日125日
「土日休みはマスト!」ってあなたにも
ぴったりの職場です!

【その他休暇】
✧ 有給休暇
✧ 夏季・冬季休暇
✧ GW休暇
✧ 年末年始休暇",大阪開発センター,大阪府大阪市北区南森町1-2-25 南森町isビル2F,"月給:25万円~+交通費全額支給

※経験に応じて決定いたします。

# 昇給あり
# 賞与あり
# 残業代100%支給
# 交通費支給","・社会保険完備（雇用・労災・健康・厚生年金）
・家族手当（扶養者のみ・規定あり）
・時間外手当（1分単位）・休日出勤手当・役職手当
・借上社宅制度・単身社員寮（家賃補助あり・規定あり）
・企業型確定拠出年金制度
・定期健康診断
・慶弔休暇・産前産後休暇・育児休暇・介護休暇（取得・復職実績あり）
・資格取得支援制度・資格取得祝金
・配属前研修・入社後研修
・慶弔見舞金制度
・提携保養所
・U・Iターン支援・会社都合の転居時の引越費用負担（規定あり）","【最短スケジュールのイメージ】

▶ STEP1 今日：WEBから1分で応募
▶ STEP2 1〜3日後：担当者からご連絡 → カジュアル面談の日程調整
▶ STEP3 面談当日：カジュアル面談（1回のみ）→ 採用のご連絡

面談では、職場の雰囲気・1日の流れ・通勤のことなど、
気になることを何でも聞いてください。

✧ 入社日はご相談いただけます ✧
「すぐ働きたい」「少し先がいい」どちらのご希望にも対応します。",,即日勤務OK、交通費支給、残業なし,2,任意,生年月日、性別、電話番号,ntf-indeedapplicant-aaaatulx77tci2k2pr5yeqapva@shukatsu-labo.slack.com,,,利用しない,,
募集中,株式会社BREXA Technology,未経験｜検品・梱包｜株式会社BREXA Technology｜関西開発センター / 新大阪オフィス,倉庫作業スタッフ,20～30代活躍中◎大阪市淀川区｜研修と面談でしっかり支える検品・梱包,,大阪府 大阪市 淀川区 宮原,,,正社員,はい,月給,250000,,最低額を表示,なし,,,,,,,固定時間制,160,,厚生年金、健康保険、雇用保険、労災保険,,なし,,,,,,,,,,,,,,,,,,"関西開発センター / 新大阪オフィスが受け持つ大阪市淀川区周辺の物流センターで、検品・梱包を担当する正社員スタッフを募集します。
扱うのは通販で人気のアパレル・雑貨・コスメなど軽いものばかり。空調の効いたきれいな倉庫で、商品をチェックして箱に詰めるシンプルなお仕事です。
残業はほぼなし、土日祝休み。仕事の後も週末も、自分の時間をしっかり確保できます。

✅ 入社後はこんな1日
09:00 朝礼。体調チェックと当日の出荷量を共有
09:15 午前は検品。外観を目視で確認して、気になる商品は別置きにしてリーダーへ
12:00 昼休憩（60分）
13:00 午後は梱包。袋詰め→箱詰め→テープ留めの3工程を繰り返します
15:00 小休憩（15分）。自動販売機で飲み物を買ってリフレッシュ
15:15 当日出荷分の最終チェックと仕分けを全員で仕上げます
17:45 作業スペースの清掃
18:00 退勤。残業は月平均6.5時間以内に収まっています

✅ お仕事の中身
◎ 検品：商品の外観チェック（傷・汚れ・へこみ）と数量・品番の照合
◎ スキャン：バーコードリーダーで「ピッ」と読み取ってデータと突き合わせ
◎ 梱包：袋詰め、緩衝材包装、ダンボールの組み立てと箱詰め、テープ留め
◎ 仕上げ：ラベル貼りと配送地域別の仕分け
扱うのはアパレル、コスメ、文房具、小型雑貨など。繰り返すうちに手が覚えていく作業です。

✅ 入社後1週間の流れ
1日目：関西開発センター / 新大阪オフィスでオリエンテーション。安全ルールや勤怠の付け方、勤務先の設備を案内します
2〜3日目：先輩スタッフがマンツーマンで隣について、検品の見方と梱包の手順を実演しながら教えます
4〜5日目：シール貼りやダンボールの組み立てから一人で担当。分からないことはその場で聞けます
1週間後：検品〜仕分けまでの流れをひと通り経験して、自分のペースで進められるように
「早ければ半日、遅くとも2〜3日で一人立ち」が現場の目安。慣れるまでは焦らず一緒に進めます。

✅ 設備のポイント
◎ 冷暖房完備の室内作業で、季節や天候に左右されません
◎ 休憩室に電子レンジ・冷蔵庫・ポットがあって、フリーWi-Fiも使えます
◎ 個人用の鍵付きロッカーを完備
◎ 髪色・ネイル・服装は自由。清潔感があれば普段のスタイルのままで大丈夫

✅ 大阪府大阪市淀川区で働くということ
新大阪周辺はオフィスと物流の拠点が集まり、府内各方面から通いやすいエリアです。
JR・地下鉄御堂筋線の新大阪駅から徒歩圏で、新幹線も利用できる交通の要所です。
通勤時間を抑えられれば、そのぶん自分の時間が増えます。関西開発センター / 新大阪オフィスのスタッフが、通いやすい配属先を一緒に考えます。

仕事は淡々と、自分の時間は全力で。そんな働き方を関西開発センター / 新大阪オフィスで始めませんか。ご応募をお待ちしています。","【アピールポイント：ココが推し！】

✅ マンツーマンで覚えられる
専任の先輩が隣について、実演しながら手順を説明します。最初はシール貼りやダンボールの組み立てから始めて、1週間でひと通りの流れを経験できます。

✅ 残業は月平均6.5時間以内
定時で帰れる日がほとんど。仕事の後にライブや配信、ジムや習い事。平日の夜も自分のために使えます。

✅ 重い荷物はほとんどなし
扱うのは衣類・コスメ・文房具・小型雑貨など軽い商品が中心。力仕事はほぼなくて、身体への負担を抑えて長く続けられます。

✅ 休憩室でしっかりリフレッシュ
昼休憩60分に加えて午後の小休憩があって、集中力を保ちやすいリズムです。休憩室にはポットやフリーWi-Fiもあります。

✅ 正社員としての安定
正社員雇用に加えて、社会保険完備、家族手当（規定あり）、借上社宅制度、資格取得支援があります。趣味の資金もコツコツ貯まる働き方です。

✅ 大阪市淀川区周辺で通いやすい
JR・地下鉄御堂筋線の新大阪駅から徒歩圏で、新幹線も利用できる交通の要所です。新大阪周辺はオフィスと物流の拠点が集まり、府内各方面から通いやすいエリアです。

「自分にもできそう」と思えたら、それがスタートの合図。関西開発センター / 新大阪オフィスでお待ちしています。","【こんな方にピッタリなお仕事です！】

・趣味やプライベートを第一優先にしたい方
・PC入力などのコツコツ作業が好きな方
・フリーターから卒業して、安定した環境で働きたい方
・家庭と仕事をバランスよく両立したい主婦(夫)さん
・第二新卒として、新しい環境でリスタートしたい方
・誰かをサポートすることにやりがいを感じる方
・ワークライフバランスを何より大切にしたい方

【応募条件は一切なし！】
#未経験・ブランクOK #学歴・職歴・経験不問
#20代・30代女性活躍中 #推し活優先OK #残業ほぼナシ

「今の自分」のままで、一歩踏み出してみませんか？ハローワークでお探し中の方も、ぜひお気軽にご応募ください！","【勤務時間】
★9:00~18:00
└実働8時間/休憩1時間

定時ダッシュも問題ないです✧
✧ 土日祝休み
✧ 残業月平均:6.5時間以内
✧ 残業代100%支給","✧ 完全週休2日制(土日祝休み)
✧ 年間休日125日
「土日休みはマスト!」ってあなたにも
ぴったりの職場です!

【その他休暇】
✧ 有給休暇
✧ 夏季・冬季休暇
✧ GW休暇
✧ 年末年始休暇",関西開発センター / 新大阪オフィス,大阪府大阪市淀川区宮原4-1-14 住友生命新大阪北ビル2F,"月給:25万円~+交通費全額支給

※経験に応じて決定いたします。

# 昇給あり
# 賞与あり
# 残業代100%支給
# 交通費支給","・社会保険完備（雇用・労災・健康・厚生年金）
・家族手当（扶養者のみ・規定あり）
・時間外手当（1分単位）・休日出勤手当・役職手当
・借上社宅制度・単身社員寮（家賃補助あり・規定あり）
・企業型確定拠出年金制度
・定期健康診断
・慶弔休暇・産前産後休暇・育児休暇・介護休暇（取得・復職実績あり）
・資格取得支援制度・資格取得祝金
・配属前研修・入社後研修
・慶弔見舞金制度
・提携保養所
・U・Iターン支援・会社都合の転居時の引越費用負担（規定あり）","■ 選考について ■
・カジュアル面談：1回のみ（服装自由・履歴書任意）
・応募から面談まで：WEB応募後、1〜3日以内にご連絡
・入社日：ご相談のうえ決定

■ 応募からの流れ ■
▶ STEP1 WEBから1分で応募
▶ STEP2 カジュアル面談（1回のみ）
▶ STEP3 採用

「まずは話だけ聞いてみたい」という方も、そのままご応募ください。
面談で無理に応募を勧めることはありません。",,即日勤務OK、交通費支給、残業なし,2,任意,生年月日、性別、電話番号,ntf-indeedapplicant-aaaatulx77tci2k2pr5yeqapva@shukatsu-labo.slack.com,,,利用しない,,
募集中,株式会社BREXA Technology,未経験｜検品・梱包｜株式会社BREXA Technology｜刈谷開発センター,倉庫作業スタッフ,20～30代活躍中◎土日祝休み｜刈谷市で自分時間を大切にする軽作業,,愛知県 刈谷市 幸町,,,正社員,はい,月給,250000,,最低額を表示,なし,,,,,,,固定時間制,160,,厚生年金、健康保険、雇用保険、労災保険,,なし,,,,,,,,,,,,,,,,,,"「仕事は淡々と、プライベートは全力で」そんな働き方を叶える検品・梱包のお仕事です。
勤務先は刈谷開発センターが受け持つ刈谷市周辺の物流センター。届いた商品に不備がないか確認して、丁寧に梱包し、出荷の準備をします。
冷暖房完備の室内で、重い荷物を運ぶことはほとんどありません。

✅ 1日の流れ（9:00〜18:00・休憩1時間）
09:00 朝礼。今日の出荷予定と担当作業を確認
09:15 検品スタート。商品の傷・汚れ・数量を納品書と照らし合わせます
12:00 昼休憩（60分）。休憩室で昼食。電子レンジや冷蔵庫も使えます
13:00 梱包スタート。袋詰め、緩衝材で包む、箱に納めるの繰り返し
15:00 小休憩（15分）。飲み物を片手にひと息
15:15 ラベル貼りと出荷先ごとの仕分け
17:45 作業台の片づけと翌日の資材準備
18:00 退勤。残業は月平均6.5時間以内で、定時で帰れる日が大半。夜の予定も入れられます

✅ お仕事の中身
◎ 検品：商品の外観チェック（傷・汚れ・へこみ）と数量・品番の照合
◎ スキャン：バーコードリーダーで「ピッ」と読み取ってデータと突き合わせ
◎ 梱包：袋詰め、緩衝材包装、ダンボールの組み立てと箱詰め、テープ留め
◎ 仕上げ：ラベル貼りと配送地域別の仕分け
扱うのはアパレル、コスメ、文房具、小型雑貨など。繰り返すうちに手が覚えていく作業です。

✅ 教育・研修のこと
入社初日は安全講習とオリエンテーションから。いきなり一人で現場に立つことはありません。
2日目以降は専任の先輩が隣について、検品・梱包の手順を実際にやって見せながら教えます。
最初の1週間は「見る→一緒にやる→一人でやる」の順で担当を広げて、1週間後にはひと通りの作業を経験できます。
刈谷開発センターの担当者も定期面談で様子を聞くので、職場に言いにくいことも相談できます。

✅ 職場環境
◎ 空調完備：冷暖房が効いた清潔な室内で、夏も冬も快適
◎ 休憩室：電子レンジ・冷蔵庫・ポット・自動販売機あり。お弁当持参でもゆっくり過ごせます
◎ ロッカー：鍵付きの個人ロッカーで貴重品も安心
◎ 服装：髪色・ネイル・服装は自由。推しカラーのネイルも、お気に入りの服も、そのままで

✅ 愛知県刈谷市で働くということ
自動車部品メーカーが集まる西三河の中核都市で、製造・物流の現場が身近な街です。
JR東海道線の刈谷駅と名鉄三河線が利用でき、名古屋駅から快速で約20分です。
通勤時間を抑えられれば、そのぶん自分の時間が増えます。刈谷開発センターのスタッフが、通いやすい配属先を一緒に考えます。

「難しいことはできないけど、コツコツ集中するのは得意」という方、ぜひ刈谷開発センターにお越しください。","【刈谷市で自分らしく働く5つの理由】

✅ 先輩の9割以上が未経験スタート
「商品を手に取る」「傷がないか見る」「箱に入れる」の3ステップが基本。専門用語も複雑な機械操作もなく、初日は安全講習から始まるので安心です。

✅ 土日祝休み・年間休日125日
完全週休2日制でカレンダー通りに休めます。大型連休もしっかり確保できるので、遠征や旅行のスケジュールも立てやすいのが魅力です。

✅ 重い荷物はほとんどなし
扱うのは衣類・コスメ・文房具・小型雑貨など軽い商品が中心。力仕事はほぼなくて、身体への負担を抑えて長く続けられます。

✅ 休憩室でしっかりリフレッシュ
昼休憩60分に加えて午後の小休憩があって、集中力を保ちやすいリズムです。休憩室にはポットやフリーWi-Fiもあります。

✅ 「好き」を語れる仲間がいる職場
休憩時間は趣味の話で盛り上がることも。「ライブどうだった？」「新作見た？」なんて会話が日常にあります。

✅ 刈谷市周辺で通いやすい
JR東海道線の刈谷駅と名鉄三河線が利用でき、名古屋駅から快速で約20分です。自動車部品メーカーが集まる西三河の中核都市で、製造・物流の現場が身近な街です。

まずはカジュアル面談で、職場の雰囲気や1日の流れをお伝えします。気軽にご応募ください。","【こんな方にピッタリなお仕事です！】

・趣味やプライベートを第一優先にしたい方
・PC入力などのコツコツ作業が好きな方
・フリーターから卒業して、安定した環境で働きたい方
・家庭と仕事をバランスよく両立したい主婦(夫)さん
・第二新卒として、新しい環境でリスタートしたい方
・誰かをサポートすることにやりがいを感じる方
・ワークライフバランスを何より大切にしたい方

【応募条件は一切なし！】
#未経験・ブランクOK #学歴・職歴・経験不問
#20代・30代女性活躍中 #推し活優先OK #残業ほぼナシ

「今の自分」のままで、一歩踏み出してみませんか？ハローワークでお探し中の方も、ぜひお気軽にご応募ください！","【勤務時間】
★9:00~18:00
└実働8時間/休憩1時間

定時ダッシュも問題ないです✧
✧ 土日祝休み
✧ 残業月平均:6.5時間以内
✧ 残業代100%支給","✧ 完全週休2日制(土日祝休み)
✧ 年間休日125日
「土日休みはマスト!」ってあなたにも
ぴったりの職場です!

【その他休暇】
✧ 有給休暇
✧ 夏季・冬季休暇
✧ GW休暇
✧ 年末年始休暇",刈谷開発センター,愛知県刈谷市幸町2-5-7 NOMURA BLDG Ⅱ 1F,"月給:25万円~+交通費全額支給

※経験に応じて決定いたします。

# 昇給あり
# 賞与あり
# 残業代100%支給
# 交通費支給","・社会保険完備（雇用・労災・健康・厚生年金）
・家族手当（扶養者のみ・規定あり）
・時間外手当（1分単位）・休日出勤手当・役職手当
・借上社宅制度・単身社員寮（家賃補助あり・規定あり）
・企業型確定拠出年金制度
・定期健康診断
・慶弔休暇・産前産後休暇・育児休暇・介護休暇（取得・復職実績あり）
・資格取得支援制度・資格取得祝金
・配属前研修・入社後研修
・慶弔見舞金制度
・提携保養所
・U・Iターン支援・会社都合の転居時の引越費用負担（規定あり）","✧ カジュアル面談実施中です ✧

応募に必要なのは人柄だけ。
まずはあなたのご希望を聞かせてください。

■ 応募からの流れ ■
▶ STEP1 WEBから1分で簡単応募
1〜3日以内に担当者からご連絡します。
▶ STEP2 カジュアル面談（1回のみ）
職場の雰囲気や1日の流れをお伝えし、ご希望を伺います。
▶ STEP3 採用

※入社日はご相談いただけます◎
在職中の方も、お気軽にご相談ください。",,即日勤務OK、交通費支給、残業なし,2,任意,生年月日、性別、電話番号,ntf-indeedapplicant-aaaatulx77tci2k2pr5yeqapva@shukatsu-labo.slack.com,,,利用しない,,
募集中,株式会社BREXA Technology,未経験｜検品・梱包｜株式会社BREXA Technology｜千葉システム営業所（千葉システム課）,倉庫作業スタッフ,20～30代活躍中◎千葉市中央区｜年間休日125日でプライベート優先,,千葉県 千葉市 中央区 新町,,,正社員,はい,月給,250000,,最低額を表示,なし,,,,,,,固定時間制,160,,厚生年金、健康保険、雇用保険、労災保険,,なし,,,,,,,,,,,,,,,,,,"千葉県千葉市中央区周辺で、検品・梱包スタッフ（正社員）を募集中です。
勤務先は千葉システム営業所（千葉システム課）が受け持つ千葉市中央区周辺の物流センター。衣類・コスメ・文房具などの軽い商品を、目で確認して、数を合わせて、袋や箱に納めていきます。
髪型・ネイル・服装は自由。自分らしいスタイルのまま、コツコツ集中して働けます。

✅ ある日のスケジュール
09:00 出勤・朝礼。リーダーから連絡事項の共有
09:10 ハンディ端末でバーコードを読み取り、品番と個数を照合
10:30 小休憩（10分）
12:00 昼休憩（60分）。お弁当派も、近くで買ってくる派も
13:00 午後は梱包。ダンボールを組み立て、商品が動かないように納めます
15:00 小休憩（15分）
15:15 出荷準備。伝票シールを貼って配送業者ごとにコンテナへ
17:45 清掃と日報の記入
18:00 定時退勤。土日祝休みだから、週末の遠征やイベントの予定も立てやすい

✅ 扱う商品・作業の具体例
◎ 衣類・タオル：ほつれや汚れがないか確認して、透明袋に入れます
◎ コスメ・ガラス小物：割れないように緩衝材で包んでから箱へ
◎ 文房具・生活雑貨：品番と個数を納品書と照合して、まとめて袋詰め
◎ 出荷箱：伝票シールと「割れ物注意」などの注意シールを所定の位置に貼ります
どれも片手〜両手で持てるサイズで、重い物を持ち上げることはありません。

✅ 未経験の方向け 1週間プログラム
◎ 1日目：会社説明、安全講習、作業場の見学
◎ 2日目：先輩の隣で検品の実演を見学して、午後から一緒に作業
◎ 3日目：梱包の袋詰め・箱詰めを先輩と一緒に担当
◎ 4日目：シール貼りと仕分けを一人で担当。先輩は同じ作業台で見守ります
◎ 5日目：検品から仕分けまでを通しで経験
覚えることは3ステップの繰り返し。資格や専門知識はいりません。

✅ 働く環境
作業場は1年中空調が効いていて、「夏は暑くて汗だく」「冬は手がかじかむ」という心配がありません。
休憩室は広くて、電子レンジや冷蔵庫、自動販売機が揃っています。
鍵付きロッカーがあるので、貴重品の管理も安心。
髪型・ネイル・服装は自由で、自分らしいスタイルのまま通勤できます。

✅ 千葉システム営業所（千葉システム課）ならではの一言
JR千葉駅・京成千葉駅から徒歩圏で、県内各方面からの通勤に便利な立地です。
県の中心市街地で、仕事帰りの買い物や食事の選択肢が豊富なエリアです。
千葉システム営業所（千葉システム課）が千葉市中央区周辺の勤務先を受け持っているので、「家から近い所がいい」といった希望も気軽に伝えてください。

仕事は淡々と、自分の時間は全力で。そんな働き方を千葉システム営業所（千葉システム課）で始めませんか。ご応募をお待ちしています。","【アピールポイント：ココが推し！】

✅ 先輩の9割以上が未経験スタート
「商品を手に取る」「傷がないか見る」「箱に入れる」の3ステップが基本。専門用語も複雑な機械操作もなく、初日は安全講習から始まるので安心です。

✅ 9:00〜18:00の固定時間制
毎日同じリズムで働けるので、生活のペースが安定します。土日祝がお休みなので、友人や家族との予定も合わせやすい環境です。

✅ 黙々・コツコツ派にぴったり
ノルマはなく、接客もありません。「一人で集中して作業したい」「人間関係のストレスを減らしたい」という方に向いている環境です。

✅ 自分らしさを完全キープ
髪色・ネイル・服装は自由。推しカラーをネイルに取り入れたり、お気に入りの服でモチベーションを上げたり、オシャレを楽しみながら働けます。

✅ 面談で働き方の希望を聞き取ります
千葉システム営業所（千葉システム課）の担当者が入社後も定期的に面談します。職場では言いにくいことも、ここでなら話しやすいはず。頑張りは昇給でしっかり評価します。

✅ 地元千葉市中央区で自分時間を確保
県の中心市街地で、仕事帰りの買い物や食事の選択肢が豊富なエリアです。JR千葉駅・京成千葉駅から徒歩圏で、県内各方面からの通勤に便利な立地です。

まずはカジュアル面談で、職場の雰囲気や1日の流れをお伝えします。気軽にご応募ください。","【こんな方にピッタリなお仕事です！】

・趣味やプライベートを第一優先にしたい方
・PC入力などのコツコツ作業が好きな方
・フリーターから卒業して、安定した環境で働きたい方
・家庭と仕事をバランスよく両立したい主婦(夫)さん
・第二新卒として、新しい環境でリスタートしたい方
・誰かをサポートすることにやりがいを感じる方
・ワークライフバランスを何より大切にしたい方

【応募条件は一切なし！】
#未経験・ブランクOK #学歴・職歴・経験不問
#20代・30代女性活躍中 #推し活優先OK #残業ほぼナシ

「今の自分」のままで、一歩踏み出してみませんか？ハローワークでお探し中の方も、ぜひお気軽にご応募ください！","【勤務時間】
★9:00~18:00
└実働8時間/休憩1時間

定時ダッシュも問題ないです✧
✧ 土日祝休み
✧ 残業月平均:6.5時間以内
✧ 残業代100%支給","✧ 完全週休2日制(土日祝休み)
✧ 年間休日125日
「土日休みはマスト!」ってあなたにも
ぴったりの職場です!

【その他休暇】
✧ 有給休暇
✧ 夏季・冬季休暇
✧ GW休暇
✧ 年末年始休暇",千葉システム営業所（千葉システム課）,千葉県千葉市中央区新町3-13 日本生命千葉駅前ビル5F,"月給:25万円~+交通費全額支給

※経験に応じて決定いたします。

# 昇給あり
# 賞与あり
# 残業代100%支給
# 交通費支給","・社会保険完備（雇用・労災・健康・厚生年金）
・家族手当（扶養者のみ・規定あり）
・時間外手当（1分単位）・休日出勤手当・役職手当
・借上社宅制度・単身社員寮（家賃補助あり・規定あり）
・企業型確定拠出年金制度
・定期健康診断
・慶弔休暇・産前産後休暇・育児休暇・介護休暇（取得・復職実績あり）
・資格取得支援制度・資格取得祝金
・配属前研修・入社後研修
・慶弔見舞金制度
・提携保養所
・U・Iターン支援・会社都合の転居時の引越費用負担（規定あり）","【応募前の「気になる」にお答えします】

Q. 面接は堅苦しいですか？
A. いいえ。カジュアル面談を1回行うだけです。服装も自由、履歴書も任意です。

Q. 応募してからどのくらいで決まりますか？
A. 3ステップで進みます。
▶ STEP1 WEBから応募（1分）→ 1〜3日以内にご連絡
▶ STEP2 カジュアル面談（1回のみ）
▶ STEP3 採用

Q. すぐには入社できないのですが…
A. 入社日はご相談いただけます。今のお仕事の引き継ぎ期間なども考慮します。",,即日勤務OK、交通費支給、残業なし,2,任意,生年月日、性別、電話番号,ntf-indeedapplicant-aaaatulx77tci2k2pr5yeqapva@shukatsu-labo.slack.com,,,利用しない,,
休止中,株式会社BREXA Technology,未経験｜検品・梱包｜株式会社BREXA Technology｜福岡支店（福岡システム課）,倉庫作業スタッフ,20～30代活躍中◎推し活と両立｜福岡市中央区で検品・梱包の正社員,,福岡県 福岡市 中央区 天神,,,正社員,はい,月給,250000,,最低額を表示,なし,,,,,,,固定時間制,160,,厚生年金、健康保険、雇用保険、労災保険,,なし,,,,,,,,,,,,,,,,,,"黙々と集中する時間が好きな方に向いている、検品・梱包のお仕事です。
勤務先は福岡支店（福岡システム課）が受け持つ福岡市中央区周辺の物流センター。1年中快適な温度の倉庫で、自分の作業台を担当します。
福岡支店（福岡システム課）では入社後も定期的に面談をして、働き方の希望や困りごとを聞き取ります。

✅ 入社後はこんな1日
09:00 朝礼。体調チェックと当日の出荷量を共有
09:15 午前は検品。外観を目視で確認して、気になる商品は別置きにしてリーダーへ
12:00 昼休憩（60分）
13:00 午後は梱包。袋詰め→箱詰め→テープ留めの3工程を繰り返します
15:00 小休憩（15分）。自動販売機で飲み物を買ってリフレッシュ
15:15 当日出荷分の最終チェックと仕分けを全員で仕上げます
17:45 作業スペースの清掃
18:00 退勤。残業は月平均6.5時間以内に収まっています

✅ 作業は3ステップだけ
1. 検品：商品を手に取って、傷・汚れ・数量を確認。迷ったら「保留」箱に入れてリーダーに聞くだけ
2. 梱包：商品に合わせて袋・緩衝材・箱を選んで、動かないように納めてテープで封をします
3. 仕分け：伝票シールを貼って、配送地域ごとのコンテナへ
衣類・雑貨・コスメ・文房具などの軽い商品が中心で、フォークリフトなどの機械操作はありません。

✅ 未経験の方向け 1週間プログラム
◎ 1日目：会社説明、安全講習、作業場の見学
◎ 2日目：先輩の隣で検品の実演を見学して、午後から一緒に作業
◎ 3日目：梱包の袋詰め・箱詰めを先輩と一緒に担当
◎ 4日目：シール貼りと仕分けを一人で担当。先輩は同じ作業台で見守ります
◎ 5日目：検品から仕分けまでを通しで経験
覚えることは3ステップの繰り返し。資格や専門知識はいりません。

✅ 設備のポイント
◎ 冷暖房完備の室内作業で、季節や天候に左右されません
◎ 休憩室に電子レンジ・冷蔵庫・ポットがあって、フリーWi-Fiも使えます
◎ 個人用の鍵付きロッカーを完備
◎ 髪色・ネイル・服装は自由。清潔感があれば普段のスタイルのままで大丈夫

✅ 福岡県福岡市中央区で働くということ
九州最大の繁華街・天神にあり、仕事帰りの予定も立てやすい場所です。
西鉄福岡（天神）駅・地下鉄天神駅から徒歩圏で、福岡都市圏どこからでも通いやすい立地です。
通勤時間を抑えられれば、そのぶん自分の時間が増えます。福岡支店（福岡システム課）のスタッフが、通いやすい配属先を一緒に考えます。

仕事は淡々と、自分の時間は全力で。そんな働き方を福岡支店（福岡システム課）で始めませんか。ご応募をお待ちしています。","【福岡市中央区で自分らしく働く5つの理由】

✅ 資格・経験・学歴は問いません
必要なのは「丁寧に確認する姿勢」だけ。仕事のやり方は入社後にお伝えします。資格を取りたくなったら、資格取得支援制度と祝金があります。

✅ 土日祝休み・年間休日125日
完全週休2日制でカレンダー通りに休めます。大型連休もしっかり確保できるので、遠征や旅行のスケジュールも立てやすいのが魅力です。

✅ 黙々・コツコツ派にぴったり
ノルマはなく、接客もありません。「一人で集中して作業したい」「人間関係のストレスを減らしたい」という方に向いている環境です。

✅ 自分らしさを完全キープ
髪色・ネイル・服装は自由。推しカラーをネイルに取り入れたり、お気に入りの服でモチベーションを上げたり、オシャレを楽しみながら働けます。

✅ 正社員としての安定
正社員雇用に加えて、社会保険完備、家族手当（規定あり）、借上社宅制度、資格取得支援があります。趣味の資金もコツコツ貯まる働き方です。

✅ 地元福岡市中央区で自分時間を確保
九州最大の繁華街・天神にあり、仕事帰りの予定も立てやすい場所です。西鉄福岡（天神）駅・地下鉄天神駅から徒歩圏で、福岡都市圏どこからでも通いやすい立地です。

「自分にもできそう」と思えたら、それがスタートの合図。福岡支店（福岡システム課）でお待ちしています。","【こんな方にピッタリなお仕事です！】

・趣味やプライベートを第一優先にしたい方
・PC入力などのコツコツ作業が好きな方
・フリーターから卒業して、安定した環境で働きたい方
・家庭と仕事をバランスよく両立したい主婦(夫)さん
・第二新卒として、新しい環境でリスタートしたい方
・誰かをサポートすることにやりがいを感じる方
・ワークライフバランスを何より大切にしたい方

【応募条件は一切なし！】
#未経験・ブランクOK #学歴・職歴・経験不問
#20代・30代女性活躍中 #推し活優先OK #残業ほぼナシ

「今の自分」のままで、一歩踏み出してみませんか？ハローワークでお探し中の方も、ぜひお気軽にご応募ください！","【勤務時間】
★9:00~18:00
└実働8時間/休憩1時間

定時ダッシュも問題ないです✧
✧ 土日祝休み
✧ 残業月平均:6.5時間以内
✧ 残業代100%支給","✧ 完全週休2日制(土日祝休み)
✧ 年間休日125日
「土日休みはマスト!」ってあなたにも
ぴったりの職場です!

【その他休暇】
✧ 有給休暇
✧ 夏季・冬季休暇
✧ GW休暇
✧ 年末年始休暇",福岡支店（福岡システム課）,福岡県福岡市中央区天神1-1-1 アクロス福岡2F,"月給:25万円~+交通費全額支給

※経験に応じて決定いたします。

# 昇給あり
# 賞与あり
# 残業代100%支給
# 交通費支給","・社会保険完備（雇用・労災・健康・厚生年金）
・家族手当（扶養者のみ・規定あり）
・時間外手当（1分単位）・休日出勤手当・役職手当
・借上社宅制度・単身社員寮（家賃補助あり・規定あり）
・企業型確定拠出年金制度
・定期健康診断
・慶弔休暇・産前産後休暇・育児休暇・介護休暇（取得・復職実績あり）
・資格取得支援制度・資格取得祝金
・配属前研修・入社後研修
・慶弔見舞金制度
・提携保養所
・U・Iターン支援・会社都合の転居時の引越費用負担（規定あり）","まずは「話を聞いてみる」だけで大丈夫です。

当社ではカジュアル面談を実施しています。
志望動機や自己PRの準備は不要。
「どんな職場？」「本当に未経験でもできる？」といった疑問に、担当者が率直にお答えします。

■ 応募から入社までの3STEP ■
▶ STEP1 WEB応募（1分）
▶ STEP2 カジュアル面談（1回のみ・1〜3日以内にご連絡）
▶ STEP3 採用・入社日のご相談

入社日は柔軟に調整できます。
「来月から」「今の仕事を辞めてから」など、ご都合をお聞かせください。",,即日勤務OK、交通費支給、残業なし,2,任意,生年月日、性別、電話番号,ntf-indeedapplicant-aaaatulx77tci2k2pr5yeqapva@shukatsu-labo.slack.com,,,利用しない,,
休止中,株式会社BREXA Technology,未経験｜検品・梱包｜株式会社BREXA Technology｜福岡支店,倉庫作業スタッフ,20～30代活躍中◎福岡市中央区｜空調完備の室内でシンプル作業,,福岡県 福岡市 中央区 天神,,,正社員,はい,月給,250000,,最低額を表示,なし,,,,,,,固定時間制,160,,厚生年金、健康保険、雇用保険、労災保険,,なし,,,,,,,,,,,,,,,,,,"福岡支店が受け持つ福岡市中央区周辺の物流センターで、検品・梱包を担当する正社員スタッフを募集します。
扱うのは通販で人気のアパレル・雑貨・コスメなど軽いものばかり。空調の効いたきれいな倉庫で、商品をチェックして箱に詰めるシンプルなお仕事です。
残業はほぼなし、土日祝休み。仕事の後も週末も、自分の時間をしっかり確保できます。

✅ ある日のスケジュール
09:00 出勤・朝礼。リーダーから連絡事項の共有
09:10 ハンディ端末でバーコードを読み取り、品番と個数を照合
10:30 小休憩（10分）
12:00 昼休憩（60分）。お弁当派も、近くで買ってくる派も
13:00 午後は梱包。ダンボールを組み立て、商品が動かないように納めます
15:00 小休憩（15分）
15:15 出荷準備。伝票シールを貼って配送業者ごとにコンテナへ
17:45 清掃と日報の記入
18:00 定時退勤。土日祝休みだから、週末の遠征やイベントの予定も立てやすい

✅ 作業は3ステップだけ
1. 検品：商品を手に取って、傷・汚れ・数量を確認。迷ったら「保留」箱に入れてリーダーに聞くだけ
2. 梱包：商品に合わせて袋・緩衝材・箱を選んで、動かないように納めてテープで封をします
3. 仕分け：伝票シールを貼って、配送地域ごとのコンテナへ
衣類・雑貨・コスメ・文房具などの軽い商品が中心で、フォークリフトなどの機械操作はありません。

✅ 入社後1週間の流れ
1日目：福岡支店でオリエンテーション。安全ルールや勤怠の付け方、勤務先の設備を案内します
2〜3日目：先輩スタッフがマンツーマンで隣について、検品の見方と梱包の手順を実演しながら教えます
4〜5日目：シール貼りやダンボールの組み立てから一人で担当。分からないことはその場で聞けます
1週間後：検品〜仕分けまでの流れをひと通り経験して、自分のペースで進められるように
「早ければ半日、遅くとも2〜3日で一人立ち」が現場の目安。慣れるまでは焦らず一緒に進めます。

✅ 働く環境
作業場は1年中空調が効いていて、「夏は暑くて汗だく」「冬は手がかじかむ」という心配がありません。
休憩室は広くて、電子レンジや冷蔵庫、自動販売機が揃っています。
鍵付きロッカーがあるので、貴重品の管理も安心。
髪型・ネイル・服装は自由で、自分らしいスタイルのまま通勤できます。

✅ 福岡県福岡市中央区で働くということ
九州最大の繁華街・天神にあり、仕事帰りの予定も立てやすい場所です。
西鉄福岡（天神）駅・地下鉄天神駅から徒歩圏で、福岡都市圏どこからでも通いやすい立地です。
通勤時間を抑えられれば、そのぶん自分の時間が増えます。福岡支店のスタッフが、通いやすい配属先を一緒に考えます。

「難しいことはできないけど、コツコツ集中するのは得意」という方、ぜひ福岡支店にお越しください。","【アピールポイント：ココが推し！】

✅ 資格・経験・学歴は問いません
必要なのは「丁寧に確認する姿勢」だけ。仕事のやり方は入社後にお伝えします。資格を取りたくなったら、資格取得支援制度と祝金があります。

✅ 9:00〜18:00の固定時間制
毎日同じリズムで働けるので、生活のペースが安定します。土日祝がお休みなので、友人や家族との予定も合わせやすい環境です。

✅ 重い荷物はほとんどなし
扱うのは衣類・コスメ・文房具・小型雑貨など軽い商品が中心。力仕事はほぼなくて、身体への負担を抑えて長く続けられます。

✅ 自分らしさを完全キープ
髪色・ネイル・服装は自由。推しカラーをネイルに取り入れたり、お気に入りの服でモチベーションを上げたり、オシャレを楽しみながら働けます。

✅ 「好き」を語れる仲間がいる職場
休憩時間は趣味の話で盛り上がることも。「ライブどうだった？」「新作見た？」なんて会話が日常にあります。

✅ 地元福岡市中央区で自分時間を確保
九州最大の繁華街・天神にあり、仕事帰りの予定も立てやすい場所です。西鉄福岡（天神）駅・地下鉄天神駅から徒歩圏で、福岡都市圏どこからでも通いやすい立地です。

まずはカジュアル面談で、職場の雰囲気や1日の流れをお伝えします。気軽にご応募ください。","【こんな方にピッタリなお仕事です！】

・趣味やプライベートを第一優先にしたい方
・PC入力などのコツコツ作業が好きな方
・フリーターから卒業して、安定した環境で働きたい方
・家庭と仕事をバランスよく両立したい主婦(夫)さん
・第二新卒として、新しい環境でリスタートしたい方
・誰かをサポートすることにやりがいを感じる方
・ワークライフバランスを何より大切にしたい方

【応募条件は一切なし！】
#未経験・ブランクOK #学歴・職歴・経験不問
#20代・30代女性活躍中 #推し活優先OK #残業ほぼナシ

「今の自分」のままで、一歩踏み出してみませんか？ハローワークでお探し中の方も、ぜひお気軽にご応募ください！","【勤務時間】
★9:00~18:00
└実働8時間/休憩1時間

定時ダッシュも問題ないです✧
✧ 土日祝休み
✧ 残業月平均:6.5時間以内
✧ 残業代100%支給","✧ 完全週休2日制(土日祝休み)
✧ 年間休日125日
「土日休みはマスト!」ってあなたにも
ぴったりの職場です!

【その他休暇】
✧ 有給休暇
✧ 夏季・冬季休暇
✧ GW休暇
✧ 年末年始休暇",福岡支店,福岡県福岡市中央区天神1-1-1 アクロス福岡2F,"月給:25万円~+交通費全額支給

※経験に応じて決定いたします。

# 昇給あり
# 賞与あり
# 残業代100%支給
# 交通費支給","・社会保険完備（雇用・労災・健康・厚生年金）
・家族手当（扶養者のみ・規定あり）
・時間外手当（1分単位）・休日出勤手当・役職手当
・借上社宅制度・単身社員寮（家賃補助あり・規定あり）
・企業型確定拠出年金制度
・定期健康診断
・慶弔休暇・産前産後休暇・育児休暇・介護休暇（取得・復職実績あり）
・資格取得支援制度・資格取得祝金
・配属前研修・入社後研修
・慶弔見舞金制度
・提携保養所
・U・Iターン支援・会社都合の転居時の引越費用負担（規定あり）","【最短スケジュールのイメージ】

▶ STEP1 今日：WEBから1分で応募
▶ STEP2 1〜3日後：担当者からご連絡 → カジュアル面談の日程調整
▶ STEP3 面談当日：カジュアル面談（1回のみ）→ 採用のご連絡

面談では、職場の雰囲気・1日の流れ・通勤のことなど、
気になることを何でも聞いてください。

✧ 入社日はご相談いただけます ✧
「すぐ働きたい」「少し先がいい」どちらのご希望にも対応します。",,即日勤務OK、交通費支給、残業なし,2,任意,生年月日、性別、電話番号,ntf-indeedapplicant-aaaatulx77tci2k2pr5yeqapva@shukatsu-labo.slack.com,,,利用しない,,
募集中,株式会社BREXA Technology,未経験｜検品・梱包｜株式会社BREXA Technology｜北九州支店,倉庫作業スタッフ,20～30代活躍中◎定時で帰って趣味の時間｜北九州市小倉北区の検品・梱包,,福岡県 北九州市 小倉北区 浅野,,,正社員,はい,月給,250000,,最低額を表示,なし,,,,,,,固定時間制,160,,厚生年金、健康保険、雇用保険、労災保険,,なし,,,,,,,,,,,,,,,,,,"「仕事は淡々と、プライベートは全力で」そんな働き方を叶える検品・梱包のお仕事です。
勤務先は北九州支店が受け持つ北九州市小倉北区周辺の物流センター。届いた商品に不備がないか確認して、丁寧に梱包し、出荷の準備をします。
冷暖房完備の室内で、重い荷物を運ぶことはほとんどありません。

✅ 入社後はこんな1日
09:00 朝礼。体調チェックと当日の出荷量を共有
09:15 午前は検品。外観を目視で確認して、気になる商品は別置きにしてリーダーへ
12:00 昼休憩（60分）
13:00 午後は梱包。袋詰め→箱詰め→テープ留めの3工程を繰り返します
15:00 小休憩（15分）。自動販売機で飲み物を買ってリフレッシュ
15:15 当日出荷分の最終チェックと仕分けを全員で仕上げます
17:45 作業スペースの清掃
18:00 退勤。残業は月平均6.5時間以内に収まっています

✅ こんな商品を扱います
通販サイトで人気のアパレル商品、生活雑貨、コスメ、文房具が中心です。
◎ シャツやタオルを畳んで透明袋へ
◎ コスメ容器のひび割れを目視で確認
◎ 文房具のセット品を指定の個数で袋詰め
◎ 箱にラベルを貼って配送業者ごとの台車へ
作業台の高さも調整されていて、身体への負担を抑えて働けます。

✅ 教育・研修のこと
入社初日は安全講習とオリエンテーションから。いきなり一人で現場に立つことはありません。
2日目以降は専任の先輩が隣について、検品・梱包の手順を実際にやって見せながら教えます。
最初の1週間は「見る→一緒にやる→一人でやる」の順で担当を広げて、1週間後にはひと通りの作業を経験できます。
北九州支店の担当者も定期面談で様子を聞くので、職場に言いにくいことも相談できます。

✅ 設備のポイント
◎ 冷暖房完備の室内作業で、季節や天候に左右されません
◎ 休憩室に電子レンジ・冷蔵庫・ポットがあって、フリーWi-Fiも使えます
◎ 個人用の鍵付きロッカーを完備
◎ 髪色・ネイル・服装は自由。清潔感があれば普段のスタイルのままで大丈夫

✅ 北九州支店ならではの一言
JR小倉駅から徒歩圏で、新幹線・在来線・モノレールが利用できる北九州の中心です。
ものづくりの街として発展した北九州の中心エリアで、製造・物流の現場が身近な地域です。
北九州支店が北九州市小倉北区周辺の勤務先を受け持っているので、「家から近い所がいい」といった希望も気軽に伝えてください。

仕事は淡々と、自分の時間は全力で。そんな働き方を北九州支店で始めませんか。ご応募をお待ちしています。","【北九州市小倉北区で自分らしく働く5つの理由】

✅ マンツーマンで覚えられる
専任の先輩が隣について、実演しながら手順を説明します。最初はシール貼りやダンボールの組み立てから始めて、1週間でひと通りの流れを経験できます。

✅ 残業は月平均6.5時間以内
定時で帰れる日がほとんど。仕事の後にライブや配信、ジムや習い事。平日の夜も自分のために使えます。

✅ 重い荷物はほとんどなし
扱うのは衣類・コスメ・文房具・小型雑貨など軽い商品が中心。力仕事はほぼなくて、身体への負担を抑えて長く続けられます。

✅ 自分らしさを完全キープ
髪色・ネイル・服装は自由。推しカラーをネイルに取り入れたり、お気に入りの服でモチベーションを上げたり、オシャレを楽しみながら働けます。

✅ 面談で働き方の希望を聞き取ります
北九州支店の担当者が入社後も定期的に面談します。職場では言いにくいことも、ここでなら話しやすいはず。頑張りは昇給でしっかり評価します。

✅ 北九州市小倉北区周辺で通いやすい
JR小倉駅から徒歩圏で、新幹線・在来線・モノレールが利用できる北九州の中心です。ものづくりの街として発展した北九州の中心エリアで、製造・物流の現場が身近な地域です。

「自分にもできそう」と思えたら、それがスタートの合図。北九州支店でお待ちしています。","【こんな方にピッタリなお仕事です！】

・趣味やプライベートを第一優先にしたい方
・PC入力などのコツコツ作業が好きな方
・フリーターから卒業して、安定した環境で働きたい方
・家庭と仕事をバランスよく両立したい主婦(夫)さん
・第二新卒として、新しい環境でリスタートしたい方
・誰かをサポートすることにやりがいを感じる方
・ワークライフバランスを何より大切にしたい方

【応募条件は一切なし！】
#未経験・ブランクOK #学歴・職歴・経験不問
#20代・30代女性活躍中 #推し活優先OK #残業ほぼナシ

「今の自分」のままで、一歩踏み出してみませんか？ハローワークでお探し中の方も、ぜひお気軽にご応募ください！","【勤務時間】
★9:00~18:00
└実働8時間/休憩1時間

定時ダッシュも問題ないです✧
✧ 土日祝休み
✧ 残業月平均:6.5時間以内
✧ 残業代100%支給","✧ 完全週休2日制(土日祝休み)
✧ 年間休日125日
「土日休みはマスト!」ってあなたにも
ぴったりの職場です!

【その他休暇】
✧ 有給休暇
✧ 夏季・冬季休暇
✧ GW休暇
✧ 年末年始休暇",北九州支店,福岡県北九州市小倉北区浅野2-14-1 KMMビル7F,"月給:25万円~+交通費全額支給

※経験に応じて決定いたします。

# 昇給あり
# 賞与あり
# 残業代100%支給
# 交通費支給","・社会保険完備（雇用・労災・健康・厚生年金）
・家族手当（扶養者のみ・規定あり）
・時間外手当（1分単位）・休日出勤手当・役職手当
・借上社宅制度・単身社員寮（家賃補助あり・規定あり）
・企業型確定拠出年金制度
・定期健康診断
・慶弔休暇・産前産後休暇・育児休暇・介護休暇（取得・復職実績あり）
・資格取得支援制度・資格取得祝金
・配属前研修・入社後研修
・慶弔見舞金制度
・提携保養所
・U・Iターン支援・会社都合の転居時の引越費用負担（規定あり）","■ 選考について ■
・カジュアル面談：1回のみ（服装自由・履歴書任意）
・応募から面談まで：WEB応募後、1〜3日以内にご連絡
・入社日：ご相談のうえ決定

■ 応募からの流れ ■
▶ STEP1 WEBから1分で応募
▶ STEP2 カジュアル面談（1回のみ）
▶ STEP3 採用

「まずは話だけ聞いてみたい」という方も、そのままご応募ください。
面談で無理に応募を勧めることはありません。",,即日勤務OK、交通費支給、残業なし,2,任意,生年月日、性別、電話番号,ntf-indeedapplicant-aaaatulx77tci2k2pr5yeqapva@shukatsu-labo.slack.com,,,利用しない,,
募集中,株式会社BREXA Technology,未経験｜検品・梱包｜株式会社BREXA Technology｜堺東支店,倉庫作業スタッフ,20～30代活躍中◎堺市堺区｜残業ほぼなしでコツコツ検品・梱包,,大阪府 堺市 堺区 北瓦町,,,正社員,はい,月給,250000,,最低額を表示,なし,,,,,,,固定時間制,160,,厚生年金、健康保険、雇用保険、労災保険,,なし,,,,,,,,,,,,,,,,,,"大阪府堺市堺区周辺で、検品・梱包スタッフ（正社員）を募集中です。
勤務先は堺東支店が受け持つ堺市堺区周辺の物流センター。衣類・コスメ・文房具などの軽い商品を、目で確認して、数を合わせて、袋や箱に納めていきます。
髪型・ネイル・服装は自由。自分らしいスタイルのまま、コツコツ集中して働けます。

✅ 1日の流れ（9:00〜18:00・休憩1時間）
09:00 朝礼。今日の出荷予定と担当作業を確認
09:15 検品スタート。商品の傷・汚れ・数量を納品書と照らし合わせます
12:00 昼休憩（60分）。休憩室で昼食。電子レンジや冷蔵庫も使えます
13:00 梱包スタート。袋詰め、緩衝材で包む、箱に納めるの繰り返し
15:00 小休憩（15分）。飲み物を片手にひと息
15:15 ラベル貼りと出荷先ごとの仕分け
17:45 作業台の片づけと翌日の資材準備
18:00 退勤。残業は月平均6.5時間以内で、定時で帰れる日が大半。夜の予定も入れられます

✅ こんな商品を扱います
通販サイトで人気のアパレル商品、生活雑貨、コスメ、文房具が中心です。
◎ シャツやタオルを畳んで透明袋へ
◎ コスメ容器のひび割れを目視で確認
◎ 文房具のセット品を指定の個数で袋詰め
◎ 箱にラベルを貼って配送業者ごとの台車へ
作業台の高さも調整されていて、身体への負担を抑えて働けます。

✅ 未経験の方向け 1週間プログラム
◎ 1日目：会社説明、安全講習、作業場の見学
◎ 2日目：先輩の隣で検品の実演を見学して、午後から一緒に作業
◎ 3日目：梱包の袋詰め・箱詰めを先輩と一緒に担当
◎ 4日目：シール貼りと仕分けを一人で担当。先輩は同じ作業台で見守ります
◎ 5日目：検品から仕分けまでを通しで経験
覚えることは3ステップの繰り返し。資格や専門知識はいりません。

✅ 職場環境
◎ 空調完備：冷暖房が効いた清潔な室内で、夏も冬も快適
◎ 休憩室：電子レンジ・冷蔵庫・ポット・自動販売機あり。お弁当持参でもゆっくり過ごせます
◎ ロッカー：鍵付きの個人ロッカーで貴重品も安心
◎ 服装：髪色・ネイル・服装は自由。推しカラーのネイルも、お気に入りの服も、そのままで

✅ 堺東支店ならではの一言
南海本線の堺駅・南海高野線の堺東駅が利用でき、難波から約10分の好立地です。
堺の中心市街地で、臨海部には工場や物流施設が集まる産業エリアです。
堺東支店が堺市堺区周辺の勤務先を受け持っているので、「家から近い所がいい」といった希望も気軽に伝えてください。

「難しいことはできないけど、コツコツ集中するのは得意」という方、ぜひ堺東支店にお越しください。","【アピールポイント：ココが推し！】

✅ マンツーマンで覚えられる
専任の先輩が隣について、実演しながら手順を説明します。最初はシール貼りやダンボールの組み立てから始めて、1週間でひと通りの流れを経験できます。

✅ 土日祝休み・年間休日125日
完全週休2日制でカレンダー通りに休めます。大型連休もしっかり確保できるので、遠征や旅行のスケジュールも立てやすいのが魅力です。

✅ 重い荷物はほとんどなし
扱うのは衣類・コスメ・文房具・小型雑貨など軽い商品が中心。力仕事はほぼなくて、身体への負担を抑えて長く続けられます。

✅ 自分らしさを完全キープ
髪色・ネイル・服装は自由。推しカラーをネイルに取り入れたり、お気に入りの服でモチベーションを上げたり、オシャレを楽しみながら働けます。

✅ 正社員としての安定
正社員雇用に加えて、社会保険完備、家族手当（規定あり）、借上社宅制度、資格取得支援があります。趣味の資金もコツコツ貯まる働き方です。

✅ 堺市堺区周辺で通いやすい
南海本線の堺駅・南海高野線の堺東駅が利用でき、難波から約10分の好立地です。堺の中心市街地で、臨海部には工場や物流施設が集まる産業エリアです。

まずはカジュアル面談で、職場の雰囲気や1日の流れをお伝えします。気軽にご応募ください。","【こんな方にピッタリなお仕事です！】

・趣味やプライベートを第一優先にしたい方
・PC入力などのコツコツ作業が好きな方
・フリーターから卒業して、安定した環境で働きたい方
・家庭と仕事をバランスよく両立したい主婦(夫)さん
・第二新卒として、新しい環境でリスタートしたい方
・誰かをサポートすることにやりがいを感じる方
・ワークライフバランスを何より大切にしたい方

【応募条件は一切なし！】
#未経験・ブランクOK #学歴・職歴・経験不問
#20代・30代女性活躍中 #推し活優先OK #残業ほぼナシ

「今の自分」のままで、一歩踏み出してみませんか？ハローワークでお探し中の方も、ぜひお気軽にご応募ください！","【勤務時間】
★9:00~18:00
└実働8時間/休憩1時間

定時ダッシュも問題ないです✧
✧ 土日祝休み
✧ 残業月平均:6.5時間以内
✧ 残業代100%支給","✧ 完全週休2日制(土日祝休み)
✧ 年間休日125日
「土日休みはマスト!」ってあなたにも
ぴったりの職場です!

【その他休暇】
✧ 有給休暇
✧ 夏季・冬季休暇
✧ GW休暇
✧ 年末年始休暇",堺東支店,大阪府堺市堺区北瓦町1-3-17 堺東センタービル4F,"月給:25万円~+交通費全額支給

※経験に応じて決定いたします。

# 昇給あり
# 賞与あり
# 残業代100%支給
# 交通費支給","・社会保険完備（雇用・労災・健康・厚生年金）
・家族手当（扶養者のみ・規定あり）
・時間外手当（1分単位）・休日出勤手当・役職手当
・借上社宅制度・単身社員寮（家賃補助あり・規定あり）
・企業型確定拠出年金制度
・定期健康診断
・慶弔休暇・産前産後休暇・育児休暇・介護休暇（取得・復職実績あり）
・資格取得支援制度・資格取得祝金
・配属前研修・入社後研修
・慶弔見舞金制度
・提携保養所
・U・Iターン支援・会社都合の転居時の引越費用負担（規定あり）","✧ カジュアル面談実施中です ✧

応募に必要なのは人柄だけ。
まずはあなたのご希望を聞かせてください。

■ 応募からの流れ ■
▶ STEP1 WEBから1分で簡単応募
1〜3日以内に担当者からご連絡します。
▶ STEP2 カジュアル面談（1回のみ）
職場の雰囲気や1日の流れをお伝えし、ご希望を伺います。
▶ STEP3 採用

※入社日はご相談いただけます◎
在職中の方も、お気軽にご相談ください。",,即日勤務OK、交通費支給、残業なし,2,任意,生年月日、性別、電話番号,ntf-indeedapplicant-aaaatulx77tci2k2pr5yeqapva@shukatsu-labo.slack.com,,,利用しない,,
募集中,株式会社BREXA Technology,未経験｜検品・梱包｜株式会社BREXA Technology｜大阪支店（採用）,倉庫作業スタッフ,20～30代活躍中◎重い荷物なし｜大阪市北区周辺の物流センターで軽作業,,大阪府 大阪市 北区 梅田,,,正社員,はい,月給,250000,,最低額を表示,なし,,,,,,,固定時間制,160,,厚生年金、健康保険、雇用保険、労災保険,,なし,,,,,,,,,,,,,,,,,,"黙々と集中する時間が好きな方に向いている、検品・梱包のお仕事です。
勤務先は大阪支店（採用）が受け持つ大阪市北区周辺の物流センター。1年中快適な温度の倉庫で、自分の作業台を担当します。
大阪支店（採用）では入社後も定期的に面談をして、働き方の希望や困りごとを聞き取ります。

✅ ある日のスケジュール
09:00 出勤・朝礼。リーダーから連絡事項の共有
09:10 ハンディ端末でバーコードを読み取り、品番と個数を照合
10:30 小休憩（10分）
12:00 昼休憩（60分）。お弁当派も、近くで買ってくる派も
13:00 午後は梱包。ダンボールを組み立て、商品が動かないように納めます
15:00 小休憩（15分）
15:15 出荷準備。伝票シールを貼って配送業者ごとにコンテナへ
17:45 清掃と日報の記入
18:00 定時退勤。土日祝休みだから、週末の遠征やイベントの予定も立てやすい

✅ お仕事の中身
◎ 検品：商品の外観チェック（傷・汚れ・へこみ）と数量・品番の照合
◎ スキャン：バーコードリーダーで「ピッ」と読み取ってデータと突き合わせ
◎ 梱包：袋詰め、緩衝材包装、ダンボールの組み立てと箱詰め、テープ留め
◎ 仕上げ：ラベル貼りと配送地域別の仕分け
扱うのはアパレル、コスメ、文房具、小型雑貨など。繰り返すうちに手が覚えていく作業です。

✅ 入社後1週間の流れ
1日目：大阪支店（採用）でオリエンテーション。安全ルールや勤怠の付け方、勤務先の設備を案内します
2〜3日目：先輩スタッフがマンツーマンで隣について、検品の見方と梱包の手順を実演しながら教えます
4〜5日目：シール貼りやダンボールの組み立てから一人で担当。分からないことはその場で聞けます
1週間後：検品〜仕分けまでの流れをひと通り経験して、自分のペースで進められるように
「早ければ半日、遅くとも2〜3日で一人立ち」が現場の目安。慣れるまでは焦らず一緒に進めます。

✅ 設備のポイント
◎ 冷暖房完備の室内作業で、季節や天候に左右されません
◎ 休憩室に電子レンジ・冷蔵庫・ポットがあって、フリーWi-Fiも使えます
◎ 個人用の鍵付きロッカーを完備
◎ 髪色・ネイル・服装は自由。清潔感があれば普段のスタイルのままで大丈夫

✅ 大阪府大阪市北区で働くということ
関西最大のターミナルにあり、相談や面談にも立ち寄りやすい場所です。
JR大阪駅・阪急・阪神・地下鉄各線が集まる梅田エリアで、関西どこからでも通いやすい立地です。
通勤時間を抑えられれば、そのぶん自分の時間が増えます。大阪支店（採用）のスタッフが、通いやすい配属先を一緒に考えます。

「難しいことはできないけど、コツコツ集中するのは得意」という方、ぜひ大阪支店（採用）にお越しください。","【大阪市北区で自分らしく働く5つの理由】

✅ 先輩の9割以上が未経験スタート
「商品を手に取る」「傷がないか見る」「箱に入れる」の3ステップが基本。専門用語も複雑な機械操作もなく、初日は安全講習から始まるので安心です。

✅ 9:00〜18:00の固定時間制
毎日同じリズムで働けるので、生活のペースが安定します。土日祝がお休みなので、友人や家族との予定も合わせやすい環境です。

✅ 黙々・コツコツ派にぴったり
ノルマはなく、接客もありません。「一人で集中して作業したい」「人間関係のストレスを減らしたい」という方に向いている環境です。

✅ 空調完備の清潔な倉庫
冷暖房がしっかり効いた室内で、季節を問わず快適。休憩室には電子レンジ・冷蔵庫・自動販売機があって、鍵付きロッカーも完備です。

✅ 「好き」を語れる仲間がいる職場
休憩時間は趣味の話で盛り上がることも。「ライブどうだった？」「新作見た？」なんて会話が日常にあります。

✅ 大阪市北区周辺で通いやすい
JR大阪駅・阪急・阪神・地下鉄各線が集まる梅田エリアで、関西どこからでも通いやすい立地です。関西最大のターミナルにあり、相談や面談にも立ち寄りやすい場所です。

「自分にもできそう」と思えたら、それがスタートの合図。大阪支店（採用）でお待ちしています。","【こんな方にピッタリなお仕事です！】

・趣味やプライベートを第一優先にしたい方
・PC入力などのコツコツ作業が好きな方
・フリーターから卒業して、安定した環境で働きたい方
・家庭と仕事をバランスよく両立したい主婦(夫)さん
・第二新卒として、新しい環境でリスタートしたい方
・誰かをサポートすることにやりがいを感じる方
・ワークライフバランスを何より大切にしたい方

【応募条件は一切なし！】
#未経験・ブランクOK #学歴・職歴・経験不問
#20代・30代女性活躍中 #推し活優先OK #残業ほぼナシ

「今の自分」のままで、一歩踏み出してみませんか？ハローワークでお探し中の方も、ぜひお気軽にご応募ください！","【勤務時間】
★9:00~18:00
└実働8時間/休憩1時間

定時ダッシュも問題ないです✧
✧ 土日祝休み
✧ 残業月平均:6.5時間以内
✧ 残業代100%支給","✧ 完全週休2日制(土日祝休み)
✧ 年間休日125日
「土日休みはマスト!」ってあなたにも
ぴったりの職場です!

【その他休暇】
✧ 有給休暇
✧ 夏季・冬季休暇
✧ GW休暇
✧ 年末年始休暇",大阪支店（採用）,大阪府大阪市北区梅田2-2-2 ヒルトンプラザウエスト11F,"月給:25万円~+交通費全額支給

※経験に応じて決定いたします。

# 昇給あり
# 賞与あり
# 残業代100%支給
# 交通費支給","・社会保険完備（雇用・労災・健康・厚生年金）
・家族手当（扶養者のみ・規定あり）
・時間外手当（1分単位）・休日出勤手当・役職手当
・借上社宅制度・単身社員寮（家賃補助あり・規定あり）
・企業型確定拠出年金制度
・定期健康診断
・慶弔休暇・産前産後休暇・育児休暇・介護休暇（取得・復職実績あり）
・資格取得支援制度・資格取得祝金
・配属前研修・入社後研修
・慶弔見舞金制度
・提携保養所
・U・Iターン支援・会社都合の転居時の引越費用負担（規定あり）","【応募前の「気になる」にお答えします】

Q. 面接は堅苦しいですか？
A. いいえ。カジュアル面談を1回行うだけです。服装も自由、履歴書も任意です。

Q. 応募してからどのくらいで決まりますか？
A. 3ステップで進みます。
▶ STEP1 WEBから応募（1分）→ 1〜3日以内にご連絡
▶ STEP2 カジュアル面談（1回のみ）
▶ STEP3 採用

Q. すぐには入社できないのですが…
A. 入社日はご相談いただけます。今のお仕事の引き継ぎ期間なども考慮します。",,即日勤務OK、交通費支給、残業なし,2,任意,生年月日、性別、電話番号,ntf-indeedapplicant-aaaatulx77tci2k2pr5yeqapva@shukatsu-labo.slack.com,,,利用しない,,
募集中,株式会社BREXA Technology,未経験｜検品・梱包｜株式会社BREXA Technology｜大阪支店（営業）,倉庫作業スタッフ,20～30代活躍中◎大阪市北区｜髪型・ネイル自由で検品・梱包の正社員,,大阪府 大阪市 北区 梅田,,,正社員,はい,月給,250000,,最低額を表示,なし,,,,,,,固定時間制,160,,厚生年金、健康保険、雇用保険、労災保険,,なし,,,,,,,,,,,,,,,,,,"大阪支店（営業）が受け持つ大阪市北区周辺の物流センターで、検品・梱包を担当する正社員スタッフを募集します。
扱うのは通販で人気のアパレル・雑貨・コスメなど軽いものばかり。空調の効いたきれいな倉庫で、商品をチェックして箱に詰めるシンプルなお仕事です。
残業はほぼなし、土日祝休み。仕事の後も週末も、自分の時間をしっかり確保できます。

✅ 1日の流れ（9:00〜18:00・休憩1時間）
09:00 朝礼。今日の出荷予定と担当作業を確認
09:15 検品スタート。商品の傷・汚れ・数量を納品書と照らし合わせます
12:00 昼休憩（60分）。休憩室で昼食。電子レンジや冷蔵庫も使えます
13:00 梱包スタート。袋詰め、緩衝材で包む、箱に納めるの繰り返し
15:00 小休憩（15分）。飲み物を片手にひと息
15:15 ラベル貼りと出荷先ごとの仕分け
17:45 作業台の片づけと翌日の資材準備
18:00 退勤。残業は月平均6.5時間以内で、定時で帰れる日が大半。夜の予定も入れられます

✅ お仕事の中身
◎ 検品：商品の外観チェック（傷・汚れ・へこみ）と数量・品番の照合
◎ スキャン：バーコードリーダーで「ピッ」と読み取ってデータと突き合わせ
◎ 梱包：袋詰め、緩衝材包装、ダンボールの組み立てと箱詰め、テープ留め
◎ 仕上げ：ラベル貼りと配送地域別の仕分け
扱うのはアパレル、コスメ、文房具、小型雑貨など。繰り返すうちに手が覚えていく作業です。

✅ 教育・研修のこと
入社初日は安全講習とオリエンテーションから。いきなり一人で現場に立つことはありません。
2日目以降は専任の先輩が隣について、検品・梱包の手順を実際にやって見せながら教えます。
最初の1週間は「見る→一緒にやる→一人でやる」の順で担当を広げて、1週間後にはひと通りの作業を経験できます。
大阪支店（営業）の担当者も定期面談で様子を聞くので、職場に言いにくいことも相談できます。

✅ 職場環境
◎ 空調完備：冷暖房が効いた清潔な室内で、夏も冬も快適
◎ 休憩室：電子レンジ・冷蔵庫・ポット・自動販売機あり。お弁当持参でもゆっくり過ごせます
◎ ロッカー：鍵付きの個人ロッカーで貴重品も安心
◎ 服装：髪色・ネイル・服装は自由。推しカラーのネイルも、お気に入りの服も、そのままで

✅ 大阪府大阪市北区で働くということ
関西最大のターミナルにあり、相談や面談にも立ち寄りやすい場所です。
JR大阪駅・阪急・阪神・地下鉄各線が集まる梅田エリアで、関西どこからでも通いやすい立地です。
通勤時間を抑えられれば、そのぶん自分の時間が増えます。大阪支店（営業）のスタッフが、通いやすい配属先を一緒に考えます。

仕事は淡々と、自分の時間は全力で。そんな働き方を大阪支店（営業）で始めませんか。ご応募をお待ちしています。","【アピールポイント：ココが推し！】

✅ 先輩の9割以上が未経験スタート
「商品を手に取る」「傷がないか見る」「箱に入れる」の3ステップが基本。専門用語も複雑な機械操作もなく、初日は安全講習から始まるので安心です。

✅ 残業は月平均6.5時間以内
定時で帰れる日がほとんど。仕事の後にライブや配信、ジムや習い事。平日の夜も自分のために使えます。

✅ 黙々・コツコツ派にぴったり
ノルマはなく、接客もありません。「一人で集中して作業したい」「人間関係のストレスを減らしたい」という方に向いている環境です。

✅ 空調完備の清潔な倉庫
冷暖房がしっかり効いた室内で、季節を問わず快適。休憩室には電子レンジ・冷蔵庫・自動販売機があって、鍵付きロッカーも完備です。

✅ 面談で働き方の希望を聞き取ります
大阪支店（営業）の担当者が入社後も定期的に面談します。職場では言いにくいことも、ここでなら話しやすいはず。頑張りは昇給でしっかり評価します。

✅ 地元大阪市北区で自分時間を確保
関西最大のターミナルにあり、相談や面談にも立ち寄りやすい場所です。JR大阪駅・阪急・阪神・地下鉄各線が集まる梅田エリアで、関西どこからでも通いやすい立地です。

「自分にもできそう」と思えたら、それがスタートの合図。大阪支店（営業）でお待ちしています。","【こんな方にピッタリなお仕事です！】

・趣味やプライベートを第一優先にしたい方
・PC入力などのコツコツ作業が好きな方
・フリーターから卒業して、安定した環境で働きたい方
・家庭と仕事をバランスよく両立したい主婦(夫)さん
・第二新卒として、新しい環境でリスタートしたい方
・誰かをサポートすることにやりがいを感じる方
・ワークライフバランスを何より大切にしたい方

【応募条件は一切なし！】
#未経験・ブランクOK #学歴・職歴・経験不問
#20代・30代女性活躍中 #推し活優先OK #残業ほぼナシ

「今の自分」のままで、一歩踏み出してみませんか？ハローワークでお探し中の方も、ぜひお気軽にご応募ください！","【勤務時間】
★9:00~18:00
└実働8時間/休憩1時間

定時ダッシュも問題ないです✧
✧ 土日祝休み
✧ 残業月平均:6.5時間以内
✧ 残業代100%支給","✧ 完全週休2日制(土日祝休み)
✧ 年間休日125日
「土日休みはマスト!」ってあなたにも
ぴったりの職場です!

【その他休暇】
✧ 有給休暇
✧ 夏季・冬季休暇
✧ GW休暇
✧ 年末年始休暇",大阪支店（営業）,大阪府大阪市北区梅田2-2-2 ヒルトンプラザウエスト16F,"月給:25万円~+交通費全額支給

※経験に応じて決定いたします。

# 昇給あり
# 賞与あり
# 残業代100%支給
# 交通費支給","・社会保険完備（雇用・労災・健康・厚生年金）
・家族手当（扶養者のみ・規定あり）
・時間外手当（1分単位）・休日出勤手当・役職手当
・借上社宅制度・単身社員寮（家賃補助あり・規定あり）
・企業型確定拠出年金制度
・定期健康診断
・慶弔休暇・産前産後休暇・育児休暇・介護休暇（取得・復職実績あり）
・資格取得支援制度・資格取得祝金
・配属前研修・入社後研修
・慶弔見舞金制度
・提携保養所
・U・Iターン支援・会社都合の転居時の引越費用負担（規定あり）","まずは「話を聞いてみる」だけで大丈夫です。

当社ではカジュアル面談を実施しています。
志望動機や自己PRの準備は不要。
「どんな職場？」「本当に未経験でもできる？」といった疑問に、担当者が率直にお答えします。

■ 応募から入社までの3STEP ■
▶ STEP1 WEB応募（1分）
▶ STEP2 カジュアル面談（1回のみ・1〜3日以内にご連絡）
▶ STEP3 採用・入社日のご相談

入社日は柔軟に調整できます。
「来月から」「今の仕事を辞めてから」など、ご都合をお聞かせください。",,即日勤務OK、交通費支給、残業なし,2,任意,生年月日、性別、電話番号,ntf-indeedapplicant-aaaatulx77tci2k2pr5yeqapva@shukatsu-labo.slack.com,,,利用しない,,
募集中,株式会社BREXA Technology,未経験｜検品・梱包｜株式会社BREXA Technology｜名古屋第1支店（インテグレーション）,倉庫作業スタッフ,20～30代活躍中◎未経験から正社員へ｜名古屋市中村区で検品・梱包デビュー,,愛知県 名古屋市 中村区 名駅南,,,正社員,はい,月給,250000,,最低額を表示,なし,,,,,,,固定時間制,160,,厚生年金、健康保険、雇用保険、労災保険,,なし,,,,,,,,,,,,,,,,,,"「仕事は淡々と、プライベートは全力で」そんな働き方を叶える検品・梱包のお仕事です。
勤務先は名古屋第1支店（インテグレーション）が受け持つ名古屋市中村区周辺の物流センター。届いた商品に不備がないか確認して、丁寧に梱包し、出荷の準備をします。
冷暖房完備の室内で、重い荷物を運ぶことはほとんどありません。

✅ ある日のスケジュール
09:00 出勤・朝礼。リーダーから連絡事項の共有
09:10 ハンディ端末でバーコードを読み取り、品番と個数を照合
10:30 小休憩（10分）
12:00 昼休憩（60分）。お弁当派も、近くで買ってくる派も
13:00 午後は梱包。ダンボールを組み立て、商品が動かないように納めます
15:00 小休憩（15分）
15:15 出荷準備。伝票シールを貼って配送業者ごとにコンテナへ
17:45 清掃と日報の記入
18:00 定時退勤。土日祝休みだから、週末の遠征やイベントの予定も立てやすい

✅ 扱う商品・作業の具体例
◎ 衣類・タオル：ほつれや汚れがないか確認して、透明袋に入れます
◎ コスメ・ガラス小物：割れないように緩衝材で包んでから箱へ
◎ 文房具・生活雑貨：品番と個数を納品書と照合して、まとめて袋詰め
◎ 出荷箱：伝票シールと「割れ物注意」などの注意シールを所定の位置に貼ります
どれも片手〜両手で持てるサイズで、重い物を持ち上げることはありません。

✅ 未経験の方向け 1週間プログラム
◎ 1日目：会社説明、安全講習、作業場の見学
◎ 2日目：先輩の隣で検品の実演を見学して、午後から一緒に作業
◎ 3日目：梱包の袋詰め・箱詰めを先輩と一緒に担当
◎ 4日目：シール貼りと仕分けを一人で担当。先輩は同じ作業台で見守ります
◎ 5日目：検品から仕分けまでを通しで経験
覚えることは3ステップの繰り返し。資格や専門知識はいりません。

✅ 働く環境
作業場は1年中空調が効いていて、「夏は暑くて汗だく」「冬は手がかじかむ」という心配がありません。
休憩室は広くて、電子レンジや冷蔵庫、自動販売機が揃っています。
鍵付きロッカーがあるので、貴重品の管理も安心。
髪型・ネイル・服装は自由で、自分らしいスタイルのまま通勤できます。

✅ 名古屋第1支店（インテグレーション）ならではの一言
JR・名鉄・近鉄・地下鉄が集まる名古屋駅から徒歩圏で、県内外どこからでも通いやすい立地です。
中部エリア最大のターミナルにあり、相談や面談にも立ち寄りやすい場所です。
名古屋第1支店（インテグレーション）が名古屋市中村区周辺の勤務先を受け持っているので、「家から近い所がいい」といった希望も気軽に伝えてください。

「難しいことはできないけど、コツコツ集中するのは得意」という方、ぜひ名古屋第1支店（インテグレーション）にお越しください。","【名古屋市中村区で自分らしく働く5つの理由】

✅ 資格・経験・学歴は問いません
必要なのは「丁寧に確認する姿勢」だけ。仕事のやり方は入社後にお伝えします。資格を取りたくなったら、資格取得支援制度と祝金があります。

✅ 9:00〜18:00の固定時間制
毎日同じリズムで働けるので、生活のペースが安定します。土日祝がお休みなので、友人や家族との予定も合わせやすい環境です。

✅ 重い荷物はほとんどなし
扱うのは衣類・コスメ・文房具・小型雑貨など軽い商品が中心。力仕事はほぼなくて、身体への負担を抑えて長く続けられます。

✅ 空調完備の清潔な倉庫
冷暖房がしっかり効いた室内で、季節を問わず快適。休憩室には電子レンジ・冷蔵庫・自動販売機があって、鍵付きロッカーも完備です。

✅ 正社員としての安定
正社員雇用に加えて、社会保険完備、家族手当（規定あり）、借上社宅制度、資格取得支援があります。趣味の資金もコツコツ貯まる働き方です。

✅ 地元名古屋市中村区で自分時間を確保
中部エリア最大のターミナルにあり、相談や面談にも立ち寄りやすい場所です。JR・名鉄・近鉄・地下鉄が集まる名古屋駅から徒歩圏で、県内外どこからでも通いやすい立地です。

まずはカジュアル面談で、職場の雰囲気や1日の流れをお伝えします。気軽にご応募ください。","【こんな方にピッタリなお仕事です！】

・趣味やプライベートを第一優先にしたい方
・PC入力などのコツコツ作業が好きな方
・フリーターから卒業して、安定した環境で働きたい方
・家庭と仕事をバランスよく両立したい主婦(夫)さん
・第二新卒として、新しい環境でリスタートしたい方
・誰かをサポートすることにやりがいを感じる方
・ワークライフバランスを何より大切にしたい方

【応募条件は一切なし！】
#未経験・ブランクOK #学歴・職歴・経験不問
#20代・30代女性活躍中 #推し活優先OK #残業ほぼナシ

「今の自分」のままで、一歩踏み出してみませんか？ハローワークでお探し中の方も、ぜひお気軽にご応募ください！","【勤務時間】
★9:00~18:00
└実働8時間/休憩1時間

定時ダッシュも問題ないです✧
✧ 土日祝休み
✧ 残業月平均:6.5時間以内
✧ 残業代100%支給","✧ 完全週休2日制(土日祝休み)
✧ 年間休日125日
「土日休みはマスト!」ってあなたにも
ぴったりの職場です!

【その他休暇】
✧ 有給休暇
✧ 夏季・冬季休暇
✧ GW休暇
✧ 年末年始休暇",名古屋第1支店（インテグレーション）,愛知県名古屋市中村区名駅南1-24-30 名古屋三井ビルディング本館7F,"月給:25万円~+交通費全額支給

※経験に応じて決定いたします。

# 昇給あり
# 賞与あり
# 残業代100%支給
# 交通費支給","・社会保険完備（雇用・労災・健康・厚生年金）
・家族手当（扶養者のみ・規定あり）
・時間外手当（1分単位）・休日出勤手当・役職手当
・借上社宅制度・単身社員寮（家賃補助あり・規定あり）
・企業型確定拠出年金制度
・定期健康診断
・慶弔休暇・産前産後休暇・育児休暇・介護休暇（取得・復職実績あり）
・資格取得支援制度・資格取得祝金
・配属前研修・入社後研修
・慶弔見舞金制度
・提携保養所
・U・Iターン支援・会社都合の転居時の引越費用負担（規定あり）","【最短スケジュールのイメージ】

▶ STEP1 今日：WEBから1分で応募
▶ STEP2 1〜3日後：担当者からご連絡 → カジュアル面談の日程調整
▶ STEP3 面談当日：カジュアル面談（1回のみ）→ 採用のご連絡

面談では、職場の雰囲気・1日の流れ・通勤のことなど、
気になることを何でも聞いてください。

✧ 入社日はご相談いただけます ✧
「すぐ働きたい」「少し先がいい」どちらのご希望にも対応します。",,即日勤務OK、交通費支給、残業なし,2,任意,生年月日、性別、電話番号,ntf-indeedapplicant-aaaatulx77tci2k2pr5yeqapva@shukatsu-labo.slack.com,,,利用しない,,
募集中,株式会社BREXA Technology,未経験｜検品・梱包｜株式会社BREXA Technology｜名古屋支店（機電・ITエンジニアリング）,倉庫作業スタッフ,20～30代活躍中◎名古屋市中村区｜黙々集中できる検品・梱包の正社員,,愛知県 名古屋市 中村区 名駅,,,正社員,はい,月給,250000,,最低額を表示,なし,,,,,,,固定時間制,160,,厚生年金、健康保険、雇用保険、労災保険,,なし,,,,,,,,,,,,,,,,,,"愛知県名古屋市中村区周辺で、検品・梱包スタッフ（正社員）を募集中です。
勤務先は名古屋支店（機電・ITエンジニアリング）が受け持つ名古屋市中村区周辺の物流センター。衣類・コスメ・文房具などの軽い商品を、目で確認して、数を合わせて、袋や箱に納めていきます。
髪型・ネイル・服装は自由。自分らしいスタイルのまま、コツコツ集中して働けます。

✅ 入社後はこんな1日
09:00 朝礼。体調チェックと当日の出荷量を共有
09:15 午前は検品。外観を目視で確認して、気になる商品は別置きにしてリーダーへ
12:00 昼休憩（60分）
13:00 午後は梱包。袋詰め→箱詰め→テープ留めの3工程を繰り返します
15:00 小休憩（15分）。自動販売機で飲み物を買ってリフレッシュ
15:15 当日出荷分の最終チェックと仕分けを全員で仕上げます
17:45 作業スペースの清掃
18:00 退勤。残業は月平均6.5時間以内に収まっています

✅ 作業は3ステップだけ
1. 検品：商品を手に取って、傷・汚れ・数量を確認。迷ったら「保留」箱に入れてリーダーに聞くだけ
2. 梱包：商品に合わせて袋・緩衝材・箱を選んで、動かないように納めてテープで封をします
3. 仕分け：伝票シールを貼って、配送地域ごとのコンテナへ
衣類・雑貨・コスメ・文房具などの軽い商品が中心で、フォークリフトなどの機械操作はありません。

✅ 未経験の方向け 1週間プログラム
◎ 1日目：会社説明、安全講習、作業場の見学
◎ 2日目：先輩の隣で検品の実演を見学して、午後から一緒に作業
◎ 3日目：梱包の袋詰め・箱詰めを先輩と一緒に担当
◎ 4日目：シール貼りと仕分けを一人で担当。先輩は同じ作業台で見守ります
◎ 5日目：検品から仕分けまでを通しで経験
覚えることは3ステップの繰り返し。資格や専門知識はいりません。

✅ 設備のポイント
◎ 冷暖房完備の室内作業で、季節や天候に左右されません
◎ 休憩室に電子レンジ・冷蔵庫・ポットがあって、フリーWi-Fiも使えます
◎ 個人用の鍵付きロッカーを完備
◎ 髪色・ネイル・服装は自由。清潔感があれば普段のスタイルのままで大丈夫

✅ 愛知県名古屋市中村区で働くということ
中部エリア最大のターミナルにあり、相談や面談にも立ち寄りやすい場所です。
JR・名鉄・近鉄・地下鉄が集まる名古屋駅から徒歩圏で、県内外どこからでも通いやすい立地です。
通勤時間を抑えられれば、そのぶん自分の時間が増えます。名古屋支店（機電・ITエンジニアリング）のスタッフが、通いやすい配属先を一緒に考えます。

「難しいことはできないけど、コツコツ集中するのは得意」という方、ぜひ名古屋支店（機電・ITエンジニアリング）にお越しください。","【アピールポイント：ココが推し！】

✅ 資格・経験・学歴は問いません
必要なのは「丁寧に確認する姿勢」だけ。仕事のやり方は入社後にお伝えします。資格を取りたくなったら、資格取得支援制度と祝金があります。

✅ 残業は月平均6.5時間以内
定時で帰れる日がほとんど。仕事の後にライブや配信、ジムや習い事。平日の夜も自分のために使えます。

✅ 重い荷物はほとんどなし
扱うのは衣類・コスメ・文房具・小型雑貨など軽い商品が中心。力仕事はほぼなくて、身体への負担を抑えて長く続けられます。

✅ 空調完備の清潔な倉庫
冷暖房がしっかり効いた室内で、季節を問わず快適。休憩室には電子レンジ・冷蔵庫・自動販売機があって、鍵付きロッカーも完備です。

✅ 「好き」を語れる仲間がいる職場
休憩時間は趣味の話で盛り上がることも。「ライブどうだった？」「新作見た？」なんて会話が日常にあります。

✅ 地元名古屋市中村区で自分時間を確保
中部エリア最大のターミナルにあり、相談や面談にも立ち寄りやすい場所です。JR・名鉄・近鉄・地下鉄が集まる名古屋駅から徒歩圏で、県内外どこからでも通いやすい立地です。

「自分にもできそう」と思えたら、それがスタートの合図。名古屋支店（機電・ITエンジニアリング）でお待ちしています。","【こんな方にピッタリなお仕事です！】

・趣味やプライベートを第一優先にしたい方
・PC入力などのコツコツ作業が好きな方
・フリーターから卒業して、安定した環境で働きたい方
・家庭と仕事をバランスよく両立したい主婦(夫)さん
・第二新卒として、新しい環境でリスタートしたい方
・誰かをサポートすることにやりがいを感じる方
・ワークライフバランスを何より大切にしたい方

【応募条件は一切なし！】
#未経験・ブランクOK #学歴・職歴・経験不問
#20代・30代女性活躍中 #推し活優先OK #残業ほぼナシ

「今の自分」のままで、一歩踏み出してみませんか？ハローワークでお探し中の方も、ぜひお気軽にご応募ください！","【勤務時間】
★9:00~18:00
└実働8時間/休憩1時間

定時ダッシュも問題ないです✧
✧ 土日祝休み
✧ 残業月平均:6.5時間以内
✧ 残業代100%支給","✧ 完全週休2日制(土日祝休み)
✧ 年間休日125日
「土日休みはマスト!」ってあなたにも
ぴったりの職場です!

【その他休暇】
✧ 有給休暇
✧ 夏季・冬季休暇
✧ GW休暇
✧ 年末年始休暇",名古屋支店（機電・ITエンジニアリング）,愛知県名古屋市中村区名駅1-1-4 JRセントラルタワーズ42F,"月給:25万円~+交通費全額支給

※経験に応じて決定いたします。

# 昇給あり
# 賞与あり
# 残業代100%支給
# 交通費支給","・社会保険完備（雇用・労災・健康・厚生年金）
・家族手当（扶養者のみ・規定あり）
・時間外手当（1分単位）・休日出勤手当・役職手当
・借上社宅制度・単身社員寮（家賃補助あり・規定あり）
・企業型確定拠出年金制度
・定期健康診断
・慶弔休暇・産前産後休暇・育児休暇・介護休暇（取得・復職実績あり）
・資格取得支援制度・資格取得祝金
・配属前研修・入社後研修
・慶弔見舞金制度
・提携保養所
・U・Iターン支援・会社都合の転居時の引越費用負担（規定あり）","■ 選考について ■
・カジュアル面談：1回のみ（服装自由・履歴書任意）
・応募から面談まで：WEB応募後、1〜3日以内にご連絡
・入社日：ご相談のうえ決定

■ 応募からの流れ ■
▶ STEP1 WEBから1分で応募
▶ STEP2 カジュアル面談（1回のみ）
▶ STEP3 採用

「まずは話だけ聞いてみたい」という方も、そのままご応募ください。
面談で無理に応募を勧めることはありません。",,即日勤務OK、交通費支給、残業なし,2,任意,生年月日、性別、電話番号,ntf-indeedapplicant-aaaatulx77tci2k2pr5yeqapva@shukatsu-labo.slack.com,,,利用しない,,
募集中,株式会社BREXA Technology,未経験｜検品・梱包｜株式会社BREXA Technology｜刈谷支店,倉庫作業スタッフ,20～30代活躍中◎自分らしく働く｜刈谷市周辺の検品・梱包スタッフ,,愛知県 刈谷市 幸町,,,正社員,はい,月給,250000,,最低額を表示,なし,,,,,,,固定時間制,160,,厚生年金、健康保険、雇用保険、労災保険,,なし,,,,,,,,,,,,,,,,,,"黙々と集中する時間が好きな方に向いている、検品・梱包のお仕事です。
勤務先は刈谷支店が受け持つ刈谷市周辺の物流センター。1年中快適な温度の倉庫で、自分の作業台を担当します。
刈谷支店では入社後も定期的に面談をして、働き方の希望や困りごとを聞き取ります。

✅ 1日の流れ（9:00〜18:00・休憩1時間）
09:00 朝礼。今日の出荷予定と担当作業を確認
09:15 検品スタート。商品の傷・汚れ・数量を納品書と照らし合わせます
12:00 昼休憩（60分）。休憩室で昼食。電子レンジや冷蔵庫も使えます
13:00 梱包スタート。袋詰め、緩衝材で包む、箱に納めるの繰り返し
15:00 小休憩（15分）。飲み物を片手にひと息
15:15 ラベル貼りと出荷先ごとの仕分け
17:45 作業台の片づけと翌日の資材準備
18:00 退勤。残業は月平均6.5時間以内で、定時で帰れる日が大半。夜の予定も入れられます

✅ 作業は3ステップだけ
1. 検品：商品を手に取って、傷・汚れ・数量を確認。迷ったら「保留」箱に入れてリーダーに聞くだけ
2. 梱包：商品に合わせて袋・緩衝材・箱を選んで、動かないように納めてテープで封をします
3. 仕分け：伝票シールを貼って、配送地域ごとのコンテナへ
衣類・雑貨・コスメ・文房具などの軽い商品が中心で、フォークリフトなどの機械操作はありません。

✅ 入社後1週間の流れ
1日目：刈谷支店でオリエンテーション。安全ルールや勤怠の付け方、勤務先の設備を案内します
2〜3日目：先輩スタッフがマンツーマンで隣について、検品の見方と梱包の手順を実演しながら教えます
4〜5日目：シール貼りやダンボールの組み立てから一人で担当。分からないことはその場で聞けます
1週間後：検品〜仕分けまでの流れをひと通り経験して、自分のペースで進められるように
「早ければ半日、遅くとも2〜3日で一人立ち」が現場の目安。慣れるまでは焦らず一緒に進めます。

✅ 働く環境
作業場は1年中空調が効いていて、「夏は暑くて汗だく」「冬は手がかじかむ」という心配がありません。
休憩室は広くて、電子レンジや冷蔵庫、自動販売機が揃っています。
鍵付きロッカーがあるので、貴重品の管理も安心。
髪型・ネイル・服装は自由で、自分らしいスタイルのまま通勤できます。

✅ 愛知県刈谷市で働くということ
自動車部品メーカーが集まる西三河の中核都市で、製造・物流の現場が身近な街です。
JR東海道線の刈谷駅と名鉄三河線が利用でき、名古屋駅から快速で約20分です。
通勤時間を抑えられれば、そのぶん自分の時間が増えます。刈谷支店のスタッフが、通いやすい配属先を一緒に考えます。

仕事は淡々と、自分の時間は全力で。そんな働き方を刈谷支店で始めませんか。ご応募をお待ちしています。","【刈谷市で自分らしく働く5つの理由】

✅ マンツーマンで覚えられる
専任の先輩が隣について、実演しながら手順を説明します。最初はシール貼りやダンボールの組み立てから始めて、1週間でひと通りの流れを経験できます。

✅ 土日祝休み・年間休日125日
完全週休2日制でカレンダー通りに休めます。大型連休もしっかり確保できるので、遠征や旅行のスケジュールも立てやすいのが魅力です。

✅ 重い荷物はほとんどなし
扱うのは衣類・コスメ・文房具・小型雑貨など軽い商品が中心。力仕事はほぼなくて、身体への負担を抑えて長く続けられます。

✅ 空調完備の清潔な倉庫
冷暖房がしっかり効いた室内で、季節を問わず快適。休憩室には電子レンジ・冷蔵庫・自動販売機があって、鍵付きロッカーも完備です。

✅ 面談で働き方の希望を聞き取ります
刈谷支店の担当者が入社後も定期的に面談します。職場では言いにくいことも、ここでなら話しやすいはず。頑張りは昇給でしっかり評価します。

✅ 刈谷市周辺で通いやすい
JR東海道線の刈谷駅と名鉄三河線が利用でき、名古屋駅から快速で約20分です。自動車部品メーカーが集まる西三河の中核都市で、製造・物流の現場が身近な街です。

まずはカジュアル面談で、職場の雰囲気や1日の流れをお伝えします。気軽にご応募ください。","【こんな方にピッタリなお仕事です！】

・趣味やプライベートを第一優先にしたい方
・PC入力などのコツコツ作業が好きな方
・フリーターから卒業して、安定した環境で働きたい方
・家庭と仕事をバランスよく両立したい主婦(夫)さん
・第二新卒として、新しい環境でリスタートしたい方
・誰かをサポートすることにやりがいを感じる方
・ワークライフバランスを何より大切にしたい方

【応募条件は一切なし！】
#未経験・ブランクOK #学歴・職歴・経験不問
#20代・30代女性活躍中 #推し活優先OK #残業ほぼナシ

「今の自分」のままで、一歩踏み出してみませんか？ハローワークでお探し中の方も、ぜひお気軽にご応募ください！","【勤務時間】
★9:00~18:00
└実働8時間/休憩1時間

定時ダッシュも問題ないです✧
✧ 土日祝休み
✧ 残業月平均:6.5時間以内
✧ 残業代100%支給","✧ 完全週休2日制(土日祝休み)
✧ 年間休日125日
「土日休みはマスト!」ってあなたにも
ぴったりの職場です!

【その他休暇】
✧ 有給休暇
✧ 夏季・冬季休暇
✧ GW休暇
✧ 年末年始休暇",刈谷支店,愛知県刈谷市幸町2-5-7 CAMCO刈谷ビル 1F,"月給:25万円~+交通費全額支給

※経験に応じて決定いたします。

# 昇給あり
# 賞与あり
# 残業代100%支給
# 交通費支給","・社会保険完備（雇用・労災・健康・厚生年金）
・家族手当（扶養者のみ・規定あり）
・時間外手当（1分単位）・休日出勤手当・役職手当
・借上社宅制度・単身社員寮（家賃補助あり・規定あり）
・企業型確定拠出年金制度
・定期健康診断
・慶弔休暇・産前産後休暇・育児休暇・介護休暇（取得・復職実績あり）
・資格取得支援制度・資格取得祝金
・配属前研修・入社後研修
・慶弔見舞金制度
・提携保養所
・U・Iターン支援・会社都合の転居時の引越費用負担（規定あり）","✧ カジュアル面談実施中です ✧

応募に必要なのは人柄だけ。
まずはあなたのご希望を聞かせてください。

■ 応募からの流れ ■
▶ STEP1 WEBから1分で簡単応募
1〜3日以内に担当者からご連絡します。
▶ STEP2 カジュアル面談（1回のみ）
職場の雰囲気や1日の流れをお伝えし、ご希望を伺います。
▶ STEP3 採用

※入社日はご相談いただけます◎
在職中の方も、お気軽にご相談ください。",,即日勤務OK、交通費支給、残業なし,2,任意,生年月日、性別、電話番号,ntf-indeedapplicant-aaaatulx77tci2k2pr5yeqapva@shukatsu-labo.slack.com,,,利用しない,,
募集中,株式会社BREXA Technology,未経験｜検品・梱包｜株式会社BREXA Technology｜豊田支店,倉庫作業スタッフ,20～30代活躍中◎豊田市｜研修と面談でしっかり支える検品・梱包,,愛知県 豊田市 若宮町,,,正社員,はい,月給,250000,,最低額を表示,なし,,,,,,,固定時間制,160,,厚生年金、健康保険、雇用保険、労災保険,,なし,,,,,,,,,,,,,,,,,,"豊田支店が受け持つ豊田市周辺の物流センターで、検品・梱包を担当する正社員スタッフを募集します。
扱うのは通販で人気のアパレル・雑貨・コスメなど軽いものばかり。空調の効いたきれいな倉庫で、商品をチェックして箱に詰めるシンプルなお仕事です。
残業はほぼなし、土日祝休み。仕事の後も週末も、自分の時間をしっかり確保できます。

✅ 入社後はこんな1日
09:00 朝礼。体調チェックと当日の出荷量を共有
09:15 午前は検品。外観を目視で確認して、気になる商品は別置きにしてリーダーへ
12:00 昼休憩（60分）
13:00 午後は梱包。袋詰め→箱詰め→テープ留めの3工程を繰り返します
15:00 小休憩（15分）。自動販売機で飲み物を買ってリフレッシュ
15:15 当日出荷分の最終チェックと仕分けを全員で仕上げます
17:45 作業スペースの清掃
18:00 退勤。残業は月平均6.5時間以内に収まっています

✅ こんな商品を扱います
通販サイトで人気のアパレル商品、生活雑貨、コスメ、文房具が中心です。
◎ シャツやタオルを畳んで透明袋へ
◎ コスメ容器のひび割れを目視で確認
◎ 文房具のセット品を指定の個数で袋詰め
◎ 箱にラベルを貼って配送業者ごとの台車へ
作業台の高さも調整されていて、身体への負担を抑えて働けます。

✅ 教育・研修のこと
入社初日は安全講習とオリエンテーションから。いきなり一人で現場に立つことはありません。
2日目以降は専任の先輩が隣について、検品・梱包の手順を実際にやって見せながら教えます。
最初の1週間は「見る→一緒にやる→一人でやる」の順で担当を広げて、1週間後にはひと通りの作業を経験できます。
豊田支店の担当者も定期面談で様子を聞くので、職場に言いにくいことも相談できます。

✅ 設備のポイント
◎ 冷暖房完備の室内作業で、季節や天候に左右されません
◎ 休憩室に電子レンジ・冷蔵庫・ポットがあって、フリーWi-Fiも使えます
◎ 個人用の鍵付きロッカーを完備
◎ 髪色・ネイル・服装は自由。清潔感があれば普段のスタイルのままで大丈夫

✅ 豊田支店ならではの一言
名鉄三河線・豊田線の豊田市駅と愛知環状鉄道の新豊田駅が最寄りで、東名の豊田ICも近い立地です。
自動車産業の中心地で、関連部品や資材を扱う物流の現場が数多くある街です。
豊田支店が豊田市周辺の勤務先を受け持っているので、「家から近い所がいい」といった希望も気軽に伝えてください。

「難しいことはできないけど、コツコツ集中するのは得意」という方、ぜひ豊田支店にお越しください。","【アピールポイント：ココが推し！】

✅ マンツーマンで覚えられる
専任の先輩が隣について、実演しながら手順を説明します。最初はシール貼りやダンボールの組み立てから始めて、1週間でひと通りの流れを経験できます。

✅ 9:00〜18:00の固定時間制
毎日同じリズムで働けるので、生活のペースが安定します。土日祝がお休みなので、友人や家族との予定も合わせやすい環境です。

✅ 黙々・コツコツ派にぴったり
ノルマはなく、接客もありません。「一人で集中して作業したい」「人間関係のストレスを減らしたい」という方に向いている環境です。

✅ 休憩室でしっかりリフレッシュ
昼休憩60分に加えて午後の小休憩があって、集中力を保ちやすいリズムです。休憩室にはポットやフリーWi-Fiもあります。

✅ 「好き」を語れる仲間がいる職場
休憩時間は趣味の話で盛り上がることも。「ライブどうだった？」「新作見た？」なんて会話が日常にあります。

✅ 豊田市周辺で通いやすい
名鉄三河線・豊田線の豊田市駅と愛知環状鉄道の新豊田駅が最寄りで、東名の豊田ICも近い立地です。自動車産業の中心地で、関連部品や資材を扱う物流の現場が数多くある街です。

「自分にもできそう」と思えたら、それがスタートの合図。豊田支店でお待ちしています。","【こんな方にピッタリなお仕事です！】

・趣味やプライベートを第一優先にしたい方
・PC入力などのコツコツ作業が好きな方
・フリーターから卒業して、安定した環境で働きたい方
・家庭と仕事をバランスよく両立したい主婦(夫)さん
・第二新卒として、新しい環境でリスタートしたい方
・誰かをサポートすることにやりがいを感じる方
・ワークライフバランスを何より大切にしたい方

【応募条件は一切なし！】
#未経験・ブランクOK #学歴・職歴・経験不問
#20代・30代女性活躍中 #推し活優先OK #残業ほぼナシ

「今の自分」のままで、一歩踏み出してみませんか？ハローワークでお探し中の方も、ぜひお気軽にご応募ください！","【勤務時間】
★9:00~18:00
└実働8時間/休憩1時間

定時ダッシュも問題ないです✧
✧ 土日祝休み
✧ 残業月平均:6.5時間以内
✧ 残業代100%支給","✧ 完全週休2日制(土日祝休み)
✧ 年間休日125日
「土日休みはマスト!」ってあなたにも
ぴったりの職場です!

【その他休暇】
✧ 有給休暇
✧ 夏季・冬季休暇
✧ GW休暇
✧ 年末年始休暇",豊田支店,愛知県豊田市若宮町2-66 豊田グランドビル3F,"月給:25万円~+交通費全額支給

※経験に応じて決定いたします。

# 昇給あり
# 賞与あり
# 残業代100%支給
# 交通費支給","・社会保険完備（雇用・労災・健康・厚生年金）
・家族手当（扶養者のみ・規定あり）
・時間外手当（1分単位）・休日出勤手当・役職手当
・借上社宅制度・単身社員寮（家賃補助あり・規定あり）
・企業型確定拠出年金制度
・定期健康診断
・慶弔休暇・産前産後休暇・育児休暇・介護休暇（取得・復職実績あり）
・資格取得支援制度・資格取得祝金
・配属前研修・入社後研修
・慶弔見舞金制度
・提携保養所
・U・Iターン支援・会社都合の転居時の引越費用負担（規定あり）","【応募前の「気になる」にお答えします】

Q. 面接は堅苦しいですか？
A. いいえ。カジュアル面談を1回行うだけです。服装も自由、履歴書も任意です。

Q. 応募してからどのくらいで決まりますか？
A. 3ステップで進みます。
▶ STEP1 WEBから応募（1分）→ 1〜3日以内にご連絡
▶ STEP2 カジュアル面談（1回のみ）
▶ STEP3 採用

Q. すぐには入社できないのですが…
A. 入社日はご相談いただけます。今のお仕事の引き継ぎ期間なども考慮します。",,即日勤務OK、交通費支給、残業なし,2,任意,生年月日、性別、電話番号,ntf-indeedapplicant-aaaatulx77tci2k2pr5yeqapva@shukatsu-labo.slack.com,,,利用しない,,
募集中,株式会社BREXA Technology,未経験｜検品・梱包｜株式会社BREXA Technology｜豊橋支店,倉庫作業スタッフ,20～30代活躍中◎土日祝休み｜豊橋市で自分時間を大切にする軽作業,,愛知県 豊橋市 駅前大通,,,正社員,はい,月給,250000,,最低額を表示,なし,,,,,,,固定時間制,160,,厚生年金、健康保険、雇用保険、労災保険,,なし,,,,,,,,,,,,,,,,,,"「仕事は淡々と、プライベートは全力で」そんな働き方を叶える検品・梱包のお仕事です。
勤務先は豊橋支店が受け持つ豊橋市周辺の物流センター。届いた商品に不備がないか確認して、丁寧に梱包し、出荷の準備をします。
冷暖房完備の室内で、重い荷物を運ぶことはほとんどありません。

✅ 1日の流れ（9:00〜18:00・休憩1時間）
09:00 朝礼。今日の出荷予定と担当作業を確認
09:15 検品スタート。商品の傷・汚れ・数量を納品書と照らし合わせます
12:00 昼休憩（60分）。休憩室で昼食。電子レンジや冷蔵庫も使えます
13:00 梱包スタート。袋詰め、緩衝材で包む、箱に納めるの繰り返し
15:00 小休憩（15分）。飲み物を片手にひと息
15:15 ラベル貼りと出荷先ごとの仕分け
17:45 作業台の片づけと翌日の資材準備
18:00 退勤。残業は月平均6.5時間以内で、定時で帰れる日が大半。夜の予定も入れられます

✅ こんな商品を扱います
通販サイトで人気のアパレル商品、生活雑貨、コスメ、文房具が中心です。
◎ シャツやタオルを畳んで透明袋へ
◎ コスメ容器のひび割れを目視で確認
◎ 文房具のセット品を指定の個数で袋詰め
◎ 箱にラベルを貼って配送業者ごとの台車へ
作業台の高さも調整されていて、身体への負担を抑えて働けます。

✅ 未経験の方向け 1週間プログラム
◎ 1日目：会社説明、安全講習、作業場の見学
◎ 2日目：先輩の隣で検品の実演を見学して、午後から一緒に作業
◎ 3日目：梱包の袋詰め・箱詰めを先輩と一緒に担当
◎ 4日目：シール貼りと仕分けを一人で担当。先輩は同じ作業台で見守ります
◎ 5日目：検品から仕分けまでを通しで経験
覚えることは3ステップの繰り返し。資格や専門知識はいりません。

✅ 職場環境
◎ 空調完備：冷暖房が効いた清潔な室内で、夏も冬も快適
◎ 休憩室：電子レンジ・冷蔵庫・ポット・自動販売機あり。お弁当持参でもゆっくり過ごせます
◎ ロッカー：鍵付きの個人ロッカーで貴重品も安心
◎ 服装：髪色・ネイル・服装は自由。推しカラーのネイルも、お気に入りの服も、そのままで

✅ 豊橋支店ならではの一言
JR・名鉄・豊橋鉄道が集まる豊橋駅が最寄りで、東三河各方面から通いやすい立地です。
東三河の中核都市で、三河港周辺に自動車・物流の拠点が集まる街です。
豊橋支店が豊橋市周辺の勤務先を受け持っているので、「家から近い所がいい」といった希望も気軽に伝えてください。

仕事は淡々と、自分の時間は全力で。そんな働き方を豊橋支店で始めませんか。ご応募をお待ちしています。","【豊橋市で自分らしく働く5つの理由】

✅ 先輩の9割以上が未経験スタート
「商品を手に取る」「傷がないか見る」「箱に入れる」の3ステップが基本。専門用語も複雑な機械操作もなく、初日は安全講習から始まるので安心です。

✅ 残業は月平均6.5時間以内
定時で帰れる日がほとんど。仕事の後にライブや配信、ジムや習い事。平日の夜も自分のために使えます。

✅ 黙々・コツコツ派にぴったり
ノルマはなく、接客もありません。「一人で集中して作業したい」「人間関係のストレスを減らしたい」という方に向いている環境です。

✅ 休憩室でしっかりリフレッシュ
昼休憩60分に加えて午後の小休憩があって、集中力を保ちやすいリズムです。休憩室にはポットやフリーWi-Fiもあります。

✅ 面談で働き方の希望を聞き取ります
豊橋支店の担当者が入社後も定期的に面談します。職場では言いにくいことも、ここでなら話しやすいはず。頑張りは昇給でしっかり評価します。

✅ 地元豊橋市で自分時間を確保
東三河の中核都市で、三河港周辺に自動車・物流の拠点が集まる街です。JR・名鉄・豊橋鉄道が集まる豊橋駅が最寄りで、東三河各方面から通いやすい立地です。

「自分にもできそう」と思えたら、それがスタートの合図。豊橋支店でお待ちしています。","【こんな方にピッタリなお仕事です！】

・趣味やプライベートを第一優先にしたい方
・PC入力などのコツコツ作業が好きな方
・フリーターから卒業して、安定した環境で働きたい方
・家庭と仕事をバランスよく両立したい主婦(夫)さん
・第二新卒として、新しい環境でリスタートしたい方
・誰かをサポートすることにやりがいを感じる方
・ワークライフバランスを何より大切にしたい方

【応募条件は一切なし！】
#未経験・ブランクOK #学歴・職歴・経験不問
#20代・30代女性活躍中 #推し活優先OK #残業ほぼナシ

「今の自分」のままで、一歩踏み出してみませんか？ハローワークでお探し中の方も、ぜひお気軽にご応募ください！","【勤務時間】
★9:00~18:00
└実働8時間/休憩1時間

定時ダッシュも問題ないです✧
✧ 土日祝休み
✧ 残業月平均:6.5時間以内
✧ 残業代100%支給","✧ 完全週休2日制(土日祝休み)
✧ 年間休日125日
「土日休みはマスト!」ってあなたにも
ぴったりの職場です!

【その他休暇】
✧ 有給休暇
✧ 夏季・冬季休暇
✧ GW休暇
✧ 年末年始休暇",豊橋支店,愛知県豊橋市駅前大通2-81 エムキャンパス・イースト5F,"月給:25万円~+交通費全額支給

※経験に応じて決定いたします。

# 昇給あり
# 賞与あり
# 残業代100%支給
# 交通費支給","・社会保険完備（雇用・労災・健康・厚生年金）
・家族手当（扶養者のみ・規定あり）
・時間外手当（1分単位）・休日出勤手当・役職手当
・借上社宅制度・単身社員寮（家賃補助あり・規定あり）
・企業型確定拠出年金制度
・定期健康診断
・慶弔休暇・産前産後休暇・育児休暇・介護休暇（取得・復職実績あり）
・資格取得支援制度・資格取得祝金
・配属前研修・入社後研修
・慶弔見舞金制度
・提携保養所
・U・Iターン支援・会社都合の転居時の引越費用負担（規定あり）","まずは「話を聞いてみる」だけで大丈夫です。

当社ではカジュアル面談を実施しています。
志望動機や自己PRの準備は不要。
「どんな職場？」「本当に未経験でもできる？」といった疑問に、担当者が率直にお答えします。

■ 応募から入社までの3STEP ■
▶ STEP1 WEB応募（1分）
▶ STEP2 カジュアル面談（1回のみ・1〜3日以内にご連絡）
▶ STEP3 採用・入社日のご相談

入社日は柔軟に調整できます。
「来月から」「今の仕事を辞めてから」など、ご都合をお聞かせください。",,即日勤務OK、交通費支給、残業なし,2,任意,生年月日、性別、電話番号,ntf-indeedapplicant-aaaatulx77tci2k2pr5yeqapva@shukatsu-labo.slack.com,,,利用しない,,
募集中,株式会社BREXA Technology,未経験｜検品・梱包｜株式会社BREXA Technology｜厚木支店,倉庫作業スタッフ,20～30代活躍中◎海老名市｜年間休日125日でプライベート優先,,神奈川県 海老名市 めぐみ町,,,正社員,はい,月給,250000,,最低額を表示,なし,,,,,,,固定時間制,160,,厚生年金、健康保険、雇用保険、労災保険,,なし,,,,,,,,,,,,,,,,,,"神奈川県海老名市周辺で、検品・梱包スタッフ（正社員）を募集中です。
勤務先は厚木支店が受け持つ海老名市周辺の物流センター。衣類・コスメ・文房具などの軽い商品を、目で確認して、数を合わせて、袋や箱に納めていきます。
髪型・ネイル・服装は自由。自分らしいスタイルのまま、コツコツ集中して働けます。

✅ ある日のスケジュール
09:00 出勤・朝礼。リーダーから連絡事項の共有
09:10 ハンディ端末でバーコードを読み取り、品番と個数を照合
10:30 小休憩（10分）
12:00 昼休憩（60分）。お弁当派も、近くで買ってくる派も
13:00 午後は梱包。ダンボールを組み立て、商品が動かないように納めます
15:00 小休憩（15分）
15:15 出荷準備。伝票シールを貼って配送業者ごとにコンテナへ
17:45 清掃と日報の記入
18:00 定時退勤。土日祝休みだから、週末の遠征やイベントの予定も立てやすい

✅ お仕事の中身
◎ 検品：商品の外観チェック（傷・汚れ・へこみ）と数量・品番の照合
◎ スキャン：バーコードリーダーで「ピッ」と読み取ってデータと突き合わせ
◎ 梱包：袋詰め、緩衝材包装、ダンボールの組み立てと箱詰め、テープ留め
◎ 仕上げ：ラベル貼りと配送地域別の仕分け
扱うのはアパレル、コスメ、文房具、小型雑貨など。繰り返すうちに手が覚えていく作業です。

✅ 入社後1週間の流れ
1日目：厚木支店でオリエンテーション。安全ルールや勤怠の付け方、勤務先の設備を案内します
2〜3日目：先輩スタッフがマンツーマンで隣について、検品の見方と梱包の手順を実演しながら教えます
4〜5日目：シール貼りやダンボールの組み立てから一人で担当。分からないことはその場で聞けます
1週間後：検品〜仕分けまでの流れをひと通り経験して、自分のペースで進められるように
「早ければ半日、遅くとも2〜3日で一人立ち」が現場の目安。慣れるまでは焦らず一緒に進めます。

✅ 設備のポイント
◎ 冷暖房完備の室内作業で、季節や天候に左右されません
◎ 休憩室に電子レンジ・冷蔵庫・ポットがあって、フリーWi-Fiも使えます
◎ 個人用の鍵付きロッカーを完備
◎ 髪色・ネイル・服装は自由。清潔感があれば普段のスタイルのままで大丈夫

✅ 神奈川県海老名市で働くということ
駅周辺に大型商業施設が集まり、仕事帰りの買い物にも便利な街です。
小田急線・相鉄線・JR相模線の3路線が乗り入れる海老名駅が最寄りで、県内各方面から通いやすい立地です。
通勤時間を抑えられれば、そのぶん自分の時間が増えます。厚木支店のスタッフが、通いやすい配属先を一緒に考えます。

仕事は淡々と、自分の時間は全力で。そんな働き方を厚木支店で始めませんか。ご応募をお待ちしています。","【アピールポイント：ココが推し！】

✅ 先輩の9割以上が未経験スタート
「商品を手に取る」「傷がないか見る」「箱に入れる」の3ステップが基本。専門用語も複雑な機械操作もなく、初日は安全講習から始まるので安心です。

✅ 土日祝休み・年間休日125日
完全週休2日制でカレンダー通りに休めます。大型連休もしっかり確保できるので、遠征や旅行のスケジュールも立てやすいのが魅力です。

✅ 黙々・コツコツ派にぴったり
ノルマはなく、接客もありません。「一人で集中して作業したい」「人間関係のストレスを減らしたい」という方に向いている環境です。

✅ 休憩室でしっかりリフレッシュ
昼休憩60分に加えて午後の小休憩があって、集中力を保ちやすいリズムです。休憩室にはポットやフリーWi-Fiもあります。

✅ 正社員としての安定
正社員雇用に加えて、社会保険完備、家族手当（規定あり）、借上社宅制度、資格取得支援があります。趣味の資金もコツコツ貯まる働き方です。

✅ 地元海老名市で自分時間を確保
駅周辺に大型商業施設が集まり、仕事帰りの買い物にも便利な街です。小田急線・相鉄線・JR相模線の3路線が乗り入れる海老名駅が最寄りで、県内各方面から通いやすい立地です。

まずはカジュアル面談で、職場の雰囲気や1日の流れをお伝えします。気軽にご応募ください。","【こんな方にピッタリなお仕事です！】

・趣味やプライベートを第一優先にしたい方
・PC入力などのコツコツ作業が好きな方
・フリーターから卒業して、安定した環境で働きたい方
・家庭と仕事をバランスよく両立したい主婦(夫)さん
・第二新卒として、新しい環境でリスタートしたい方
・誰かをサポートすることにやりがいを感じる方
・ワークライフバランスを何より大切にしたい方

【応募条件は一切なし！】
#未経験・ブランクOK #学歴・職歴・経験不問
#20代・30代女性活躍中 #推し活優先OK #残業ほぼナシ

「今の自分」のままで、一歩踏み出してみませんか？ハローワークでお探し中の方も、ぜひお気軽にご応募ください！","【勤務時間】
★9:00~18:00
└実働8時間/休憩1時間

定時ダッシュも問題ないです✧
✧ 土日祝休み
✧ 残業月平均:6.5時間以内
✧ 残業代100%支給","✧ 完全週休2日制(土日祝休み)
✧ 年間休日125日
「土日休みはマスト!」ってあなたにも
ぴったりの職場です!

【その他休暇】
✧ 有給休暇
✧ 夏季・冬季休暇
✧ GW休暇
✧ 年末年始休暇",厚木支店,神奈川県海老名市めぐみ町2-2 ViNA GARDENS OFFICE 11F,"月給:25万円~+交通費全額支給

※経験に応じて決定いたします。

# 昇給あり
# 賞与あり
# 残業代100%支給
# 交通費支給","・社会保険完備（雇用・労災・健康・厚生年金）
・家族手当（扶養者のみ・規定あり）
・時間外手当（1分単位）・休日出勤手当・役職手当
・借上社宅制度・単身社員寮（家賃補助あり・規定あり）
・企業型確定拠出年金制度
・定期健康診断
・慶弔休暇・産前産後休暇・育児休暇・介護休暇（取得・復職実績あり）
・資格取得支援制度・資格取得祝金
・配属前研修・入社後研修
・慶弔見舞金制度
・提携保養所
・U・Iターン支援・会社都合の転居時の引越費用負担（規定あり）","【最短スケジュールのイメージ】

▶ STEP1 今日：WEBから1分で応募
▶ STEP2 1〜3日後：担当者からご連絡 → カジュアル面談の日程調整
▶ STEP3 面談当日：カジュアル面談（1回のみ）→ 採用のご連絡

面談では、職場の雰囲気・1日の流れ・通勤のことなど、
気になることを何でも聞いてください。

✧ 入社日はご相談いただけます ✧
「すぐ働きたい」「少し先がいい」どちらのご希望にも対応します。",,即日勤務OK、交通費支給、残業なし,2,任意,生年月日、性別、電話番号,ntf-indeedapplicant-aaaatulx77tci2k2pr5yeqapva@shukatsu-labo.slack.com,,,利用しない,,
募集中,株式会社BREXA Technology,未経験｜検品・梱包｜株式会社BREXA Technology｜横浜支店,倉庫作業スタッフ,20～30代活躍中◎推し活と両立｜横浜市西区で検品・梱包の正社員,,神奈川県 横浜市 西区 高島,,,正社員,はい,月給,250000,,最低額を表示,なし,,,,,,,固定時間制,160,,厚生年金、健康保険、雇用保険、労災保険,,なし,,,,,,,,,,,,,,,,,,"黙々と集中する時間が好きな方に向いている、検品・梱包のお仕事です。
勤務先は横浜支店が受け持つ横浜市西区周辺の物流センター。1年中快適な温度の倉庫で、自分の作業台を担当します。
横浜支店では入社後も定期的に面談をして、働き方の希望や困りごとを聞き取ります。

✅ 入社後はこんな1日
09:00 朝礼。体調チェックと当日の出荷量を共有
09:15 午前は検品。外観を目視で確認して、気になる商品は別置きにしてリーダーへ
12:00 昼休憩（60分）
13:00 午後は梱包。袋詰め→箱詰め→テープ留めの3工程を繰り返します
15:00 小休憩（15分）。自動販売機で飲み物を買ってリフレッシュ
15:15 当日出荷分の最終チェックと仕分けを全員で仕上げます
17:45 作業スペースの清掃
18:00 退勤。残業は月平均6.5時間以内に収まっています

✅ 扱う商品・作業の具体例
◎ 衣類・タオル：ほつれや汚れがないか確認して、透明袋に入れます
◎ コスメ・ガラス小物：割れないように緩衝材で包んでから箱へ
◎ 文房具・生活雑貨：品番と個数を納品書と照合して、まとめて袋詰め
◎ 出荷箱：伝票シールと「割れ物注意」などの注意シールを所定の位置に貼ります
どれも片手〜両手で持てるサイズで、重い物を持ち上げることはありません。

✅ 教育・研修のこと
入社初日は安全講習とオリエンテーションから。いきなり一人で現場に立つことはありません。
2日目以降は専任の先輩が隣について、検品・梱包の手順を実際にやって見せながら教えます。
最初の1週間は「見る→一緒にやる→一人でやる」の順で担当を広げて、1週間後にはひと通りの作業を経験できます。
横浜支店の担当者も定期面談で様子を聞くので、職場に言いにくいことも相談できます。

✅ 職場環境
◎ 空調完備：冷暖房が効いた清潔な室内で、夏も冬も快適
◎ 休憩室：電子レンジ・冷蔵庫・ポット・自動販売機あり。お弁当持参でもゆっくり過ごせます
◎ ロッカー：鍵付きの個人ロッカーで貴重品も安心
◎ 服装：髪色・ネイル・服装は自由。推しカラーのネイルも、お気に入りの服も、そのままで

✅ 神奈川県横浜市西区で働くということ
みなとみらい地区の整った街並みの中にあり、仕事帰りに立ち寄れる場所も豊富です。
横浜駅・みなとみらい駅から徒歩圏で、JR・私鉄・地下鉄各線が利用できます。
通勤時間を抑えられれば、そのぶん自分の時間が増えます。横浜支店のスタッフが、通いやすい配属先を一緒に考えます。

「難しいことはできないけど、コツコツ集中するのは得意」という方、ぜひ横浜支店にお越しください。","【横浜市西区で自分らしく働く5つの理由】

✅ 資格・経験・学歴は問いません
必要なのは「丁寧に確認する姿勢」だけ。仕事のやり方は入社後にお伝えします。資格を取りたくなったら、資格取得支援制度と祝金があります。

✅ 残業は月平均6.5時間以内
定時で帰れる日がほとんど。仕事の後にライブや配信、ジムや習い事。平日の夜も自分のために使えます。

✅ 重い荷物はほとんどなし
扱うのは衣類・コスメ・文房具・小型雑貨など軽い商品が中心。力仕事はほぼなくて、身体への負担を抑えて長く続けられます。

✅ 休憩室でしっかりリフレッシュ
昼休憩60分に加えて午後の小休憩があって、集中力を保ちやすいリズムです。休憩室にはポットやフリーWi-Fiもあります。

✅ 「好き」を語れる仲間がいる職場
休憩時間は趣味の話で盛り上がることも。「ライブどうだった？」「新作見た？」なんて会話が日常にあります。

✅ 地元横浜市西区で自分時間を確保
みなとみらい地区の整った街並みの中にあり、仕事帰りに立ち寄れる場所も豊富です。横浜駅・みなとみらい駅から徒歩圏で、JR・私鉄・地下鉄各線が利用できます。

「自分にもできそう」と思えたら、それがスタートの合図。横浜支店でお待ちしています。","【こんな方にピッタリなお仕事です！】

・趣味やプライベートを第一優先にしたい方
・PC入力などのコツコツ作業が好きな方
・フリーターから卒業して、安定した環境で働きたい方
・家庭と仕事をバランスよく両立したい主婦(夫)さん
・第二新卒として、新しい環境でリスタートしたい方
・誰かをサポートすることにやりがいを感じる方
・ワークライフバランスを何より大切にしたい方

【応募条件は一切なし！】
#未経験・ブランクOK #学歴・職歴・経験不問
#20代・30代女性活躍中 #推し活優先OK #残業ほぼナシ

「今の自分」のままで、一歩踏み出してみませんか？ハローワークでお探し中の方も、ぜひお気軽にご応募ください！","【勤務時間】
★9:00~18:00
└実働8時間/休憩1時間

定時ダッシュも問題ないです✧
✧ 土日祝休み
✧ 残業月平均:6.5時間以内
✧ 残業代100%支給","✧ 完全週休2日制(土日祝休み)
✧ 年間休日125日
「土日休みはマスト!」ってあなたにも
ぴったりの職場です!

【その他休暇】
✧ 有給休暇
✧ 夏季・冬季休暇
✧ GW休暇
✧ 年末年始休暇",横浜支店,神奈川県横浜市西区高島2-19-12 横浜スカイビル24F,"月給:25万円~+交通費全額支給

※経験に応じて決定いたします。

# 昇給あり
# 賞与あり
# 残業代100%支給
# 交通費支給","・社会保険完備（雇用・労災・健康・厚生年金）
・家族手当（扶養者のみ・規定あり）
・時間外手当（1分単位）・休日出勤手当・役職手当
・借上社宅制度・単身社員寮（家賃補助あり・規定あり）
・企業型確定拠出年金制度
・定期健康診断
・慶弔休暇・産前産後休暇・育児休暇・介護休暇（取得・復職実績あり）
・資格取得支援制度・資格取得祝金
・配属前研修・入社後研修
・慶弔見舞金制度
・提携保養所
・U・Iターン支援・会社都合の転居時の引越費用負担（規定あり）","■ 選考について ■
・カジュアル面談：1回のみ（服装自由・履歴書任意）
・応募から面談まで：WEB応募後、1〜3日以内にご連絡
・入社日：ご相談のうえ決定

■ 応募からの流れ ■
▶ STEP1 WEBから1分で応募
▶ STEP2 カジュアル面談（1回のみ）
▶ STEP3 採用

「まずは話だけ聞いてみたい」という方も、そのままご応募ください。
面談で無理に応募を勧めることはありません。",,即日勤務OK、交通費支給、残業なし,2,任意,生年月日、性別、電話番号,ntf-indeedapplicant-aaaatulx77tci2k2pr5yeqapva@shukatsu-labo.slack.com,,,利用しない,,
募集中,株式会社BREXA Technology,未経験｜検品・梱包｜株式会社BREXA Technology｜川崎支店,倉庫作業スタッフ,20～30代活躍中◎川崎市川崎区｜空調完備の室内でシンプル作業,,神奈川県 川崎市 川崎区 駅前本町,,,正社員,はい,月給,250000,,最低額を表示,なし,,,,,,,固定時間制,160,,厚生年金、健康保険、雇用保険、労災保険,,なし,,,,,,,,,,,,,,,,,,"川崎支店が受け持つ川崎市川崎区周辺の物流センターで、検品・梱包を担当する正社員スタッフを募集します。
扱うのは通販で人気のアパレル・雑貨・コスメなど軽いものばかり。空調の効いたきれいな倉庫で、商品をチェックして箱に詰めるシンプルなお仕事です。
残業はほぼなし、土日祝休み。仕事の後も週末も、自分の時間をしっかり確保できます。

✅ ある日のスケジュール
09:00 出勤・朝礼。リーダーから連絡事項の共有
09:10 ハンディ端末でバーコードを読み取り、品番と個数を照合
10:30 小休憩（10分）
12:00 昼休憩（60分）。お弁当派も、近くで買ってくる派も
13:00 午後は梱包。ダンボールを組み立て、商品が動かないように納めます
15:00 小休憩（15分）
15:15 出荷準備。伝票シールを貼って配送業者ごとにコンテナへ
17:45 清掃と日報の記入
18:00 定時退勤。土日祝休みだから、週末の遠征やイベントの予定も立てやすい

✅ 扱う商品・作業の具体例
◎ 衣類・タオル：ほつれや汚れがないか確認して、透明袋に入れます
◎ コスメ・ガラス小物：割れないように緩衝材で包んでから箱へ
◎ 文房具・生活雑貨：品番と個数を納品書と照合して、まとめて袋詰め
◎ 出荷箱：伝票シールと「割れ物注意」などの注意シールを所定の位置に貼ります
どれも片手〜両手で持てるサイズで、重い物を持ち上げることはありません。

✅ 未経験の方向け 1週間プログラム
◎ 1日目：会社説明、安全講習、作業場の見学
◎ 2日目：先輩の隣で検品の実演を見学して、午後から一緒に作業
◎ 3日目：梱包の袋詰め・箱詰めを先輩と一緒に担当
◎ 4日目：シール貼りと仕分けを一人で担当。先輩は同じ作業台で見守ります
◎ 5日目：検品から仕分けまでを通しで経験
覚えることは3ステップの繰り返し。資格や専門知識はいりません。

✅ 働く環境
作業場は1年中空調が効いていて、「夏は暑くて汗だく」「冬は手がかじかむ」という心配がありません。
休憩室は広くて、電子レンジや冷蔵庫、自動販売機が揃っています。
鍵付きロッカーがあるので、貴重品の管理も安心。
髪型・ネイル・服装は自由で、自分らしいスタイルのまま通勤できます。

✅ 川崎支店ならではの一言
JR川崎駅・京急川崎駅が最寄りで、東京・横浜のどちらからも短時間で通えます。
臨海部に工場や物流倉庫が集まる川崎の中心エリアで、製造・物流の仕事が身近です。
川崎支店が川崎市川崎区周辺の勤務先を受け持っているので、「家から近い所がいい」といった希望も気軽に伝えてください。

仕事は淡々と、自分の時間は全力で。そんな働き方を川崎支店で始めませんか。ご応募をお待ちしています。","【アピールポイント：ココが推し！】

✅ 資格・経験・学歴は問いません
必要なのは「丁寧に確認する姿勢」だけ。仕事のやり方は入社後にお伝えします。資格を取りたくなったら、資格取得支援制度と祝金があります。

✅ 土日祝休み・年間休日125日
完全週休2日制でカレンダー通りに休めます。大型連休もしっかり確保できるので、遠征や旅行のスケジュールも立てやすいのが魅力です。

✅ 重い荷物はほとんどなし
扱うのは衣類・コスメ・文房具・小型雑貨など軽い商品が中心。力仕事はほぼなくて、身体への負担を抑えて長く続けられます。

✅ 休憩室でしっかりリフレッシュ
昼休憩60分に加えて午後の小休憩があって、集中力を保ちやすいリズムです。休憩室にはポットやフリーWi-Fiもあります。

✅ 面談で働き方の希望を聞き取ります
川崎支店の担当者が入社後も定期的に面談します。職場では言いにくいことも、ここでなら話しやすいはず。頑張りは昇給でしっかり評価します。

✅ 川崎市川崎区周辺で通いやすい
JR川崎駅・京急川崎駅が最寄りで、東京・横浜のどちらからも短時間で通えます。臨海部に工場や物流倉庫が集まる川崎の中心エリアで、製造・物流の仕事が身近です。

まずはカジュアル面談で、職場の雰囲気や1日の流れをお伝えします。気軽にご応募ください。","【こんな方にピッタリなお仕事です！】

・趣味やプライベートを第一優先にしたい方
・PC入力などのコツコツ作業が好きな方
・フリーターから卒業して、安定した環境で働きたい方
・家庭と仕事をバランスよく両立したい主婦(夫)さん
・第二新卒として、新しい環境でリスタートしたい方
・誰かをサポートすることにやりがいを感じる方
・ワークライフバランスを何より大切にしたい方

【応募条件は一切なし！】
#未経験・ブランクOK #学歴・職歴・経験不問
#20代・30代女性活躍中 #推し活優先OK #残業ほぼナシ

「今の自分」のままで、一歩踏み出してみませんか？ハローワークでお探し中の方も、ぜひお気軽にご応募ください！","【勤務時間】
★9:00~18:00
└実働8時間/休憩1時間

定時ダッシュも問題ないです✧
✧ 土日祝休み
✧ 残業月平均:6.5時間以内
✧ 残業代100%支給","✧ 完全週休2日制(土日祝休み)
✧ 年間休日125日
「土日休みはマスト!」ってあなたにも
ぴったりの職場です!

【その他休暇】
✧ 有給休暇
✧ 夏季・冬季休暇
✧ GW休暇
✧ 年末年始休暇",川崎支店,神奈川県川崎市川崎区駅前本町10-5 クリエ川崎10F,"月給:25万円~+交通費全額支給

※経験に応じて決定いたします。

# 昇給あり
# 賞与あり
# 残業代100%支給
# 交通費支給","・社会保険完備（雇用・労災・健康・厚生年金）
・家族手当（扶養者のみ・規定あり）
・時間外手当（1分単位）・休日出勤手当・役職手当
・借上社宅制度・単身社員寮（家賃補助あり・規定あり）
・企業型確定拠出年金制度
・定期健康診断
・慶弔休暇・産前産後休暇・育児休暇・介護休暇（取得・復職実績あり）
・資格取得支援制度・資格取得祝金
・配属前研修・入社後研修
・慶弔見舞金制度
・提携保養所
・U・Iターン支援・会社都合の転居時の引越費用負担（規定あり）","✧ カジュアル面談実施中です ✧

応募に必要なのは人柄だけ。
まずはあなたのご希望を聞かせてください。

■ 応募からの流れ ■
▶ STEP1 WEBから1分で簡単応募
1〜3日以内に担当者からご連絡します。
▶ STEP2 カジュアル面談（1回のみ）
職場の雰囲気や1日の流れをお伝えし、ご希望を伺います。
▶ STEP3 採用

※入社日はご相談いただけます◎
在職中の方も、お気軽にご相談ください。",,即日勤務OK、交通費支給、残業なし,2,任意,生年月日、性別、電話番号,ntf-indeedapplicant-aaaatulx77tci2k2pr5yeqapva@shukatsu-labo.slack.com,,,利用しない,,
募集中,株式会社BREXA Technology,未経験｜検品・梱包｜株式会社BREXA Technology｜立川支店,倉庫作業スタッフ,20～30代活躍中◎定時で帰って趣味の時間｜立川市の検品・梱包,,東京都 立川市 曙町,,,正社員,はい,月給,250000,,最低額を表示,なし,,,,,,,固定時間制,160,,厚生年金、健康保険、雇用保険、労災保険,,なし,,,,,,,,,,,,,,,,,,"「仕事は淡々と、プライベートは全力で」そんな働き方を叶える検品・梱包のお仕事です。
勤務先は立川支店が受け持つ立川市周辺の物流センター。届いた商品に不備がないか確認して、丁寧に梱包し、出荷の準備をします。
冷暖房完備の室内で、重い荷物を運ぶことはほとんどありません。

✅ 入社後はこんな1日
09:00 朝礼。体調チェックと当日の出荷量を共有
09:15 午前は検品。外観を目視で確認して、気になる商品は別置きにしてリーダーへ
12:00 昼休憩（60分）
13:00 午後は梱包。袋詰め→箱詰め→テープ留めの3工程を繰り返します
15:00 小休憩（15分）。自動販売機で飲み物を買ってリフレッシュ
15:15 当日出荷分の最終チェックと仕分けを全員で仕上げます
17:45 作業スペースの清掃
18:00 退勤。残業は月平均6.5時間以内に収まっています

✅ 作業は3ステップだけ
1. 検品：商品を手に取って、傷・汚れ・数量を確認。迷ったら「保留」箱に入れてリーダーに聞くだけ
2. 梱包：商品に合わせて袋・緩衝材・箱を選んで、動かないように納めてテープで封をします
3. 仕分け：伝票シールを貼って、配送地域ごとのコンテナへ
衣類・雑貨・コスメ・文房具などの軽い商品が中心で、フォークリフトなどの機械操作はありません。

✅ 未経験の方向け 1週間プログラム
◎ 1日目：会社説明、安全講習、作業場の見学
◎ 2日目：先輩の隣で検品の実演を見学して、午後から一緒に作業
◎ 3日目：梱包の袋詰め・箱詰めを先輩と一緒に担当
◎ 4日目：シール貼りと仕分けを一人で担当。先輩は同じ作業台で見守ります
◎ 5日目：検品から仕分けまでを通しで経験
覚えることは3ステップの繰り返し。資格や専門知識はいりません。

✅ 設備のポイント
◎ 冷暖房完備の室内作業で、季節や天候に左右されません
◎ 休憩室に電子レンジ・冷蔵庫・ポットがあって、フリーWi-Fiも使えます
◎ 個人用の鍵付きロッカーを完備
◎ 髪色・ネイル・服装は自由。清潔感があれば普段のスタイルのままで大丈夫

✅ 東京都立川市で働くということ
駅周辺は商業施設が充実し、仕事帰りの買い物や食事にも困らない街です。
JR中央線・南武線・青梅線と多摩モノレールが集まる、多摩エリア最大級のターミナルです。
通勤時間を抑えられれば、そのぶん自分の時間が増えます。立川支店のスタッフが、通いやすい配属先を一緒に考えます。

仕事は淡々と、自分の時間は全力で。そんな働き方を立川支店で始めませんか。ご応募をお待ちしています。","【立川市で自分らしく働く5つの理由】

✅ マンツーマンで覚えられる
専任の先輩が隣について、実演しながら手順を説明します。最初はシール貼りやダンボールの組み立てから始めて、1週間でひと通りの流れを経験できます。

✅ 9:00〜18:00の固定時間制
毎日同じリズムで働けるので、生活のペースが安定します。土日祝がお休みなので、友人や家族との予定も合わせやすい環境です。

✅ 黙々・コツコツ派にぴったり
ノルマはなく、接客もありません。「一人で集中して作業したい」「人間関係のストレスを減らしたい」という方に向いている環境です。

✅ 自分らしさを完全キープ
髪色・ネイル・服装は自由。推しカラーをネイルに取り入れたり、お気に入りの服でモチベーションを上げたり、オシャレを楽しみながら働けます。

✅ 正社員としての安定
正社員雇用に加えて、社会保険完備、家族手当（規定あり）、借上社宅制度、資格取得支援があります。趣味の資金もコツコツ貯まる働き方です。

✅ 立川市周辺で通いやすい
JR中央線・南武線・青梅線と多摩モノレールが集まる、多摩エリア最大級のターミナルです。駅周辺は商業施設が充実し、仕事帰りの買い物や食事にも困らない街です。

「自分にもできそう」と思えたら、それがスタートの合図。立川支店でお待ちしています。","【こんな方にピッタリなお仕事です！】

・趣味やプライベートを第一優先にしたい方
・PC入力などのコツコツ作業が好きな方
・フリーターから卒業して、安定した環境で働きたい方
・家庭と仕事をバランスよく両立したい主婦(夫)さん
・第二新卒として、新しい環境でリスタートしたい方
・誰かをサポートすることにやりがいを感じる方
・ワークライフバランスを何より大切にしたい方

【応募条件は一切なし！】
#未経験・ブランクOK #学歴・職歴・経験不問
#20代・30代女性活躍中 #推し活優先OK #残業ほぼナシ

「今の自分」のままで、一歩踏み出してみませんか？ハローワークでお探し中の方も、ぜひお気軽にご応募ください！","【勤務時間】
★9:00~18:00
└実働8時間/休憩1時間

定時ダッシュも問題ないです✧
✧ 土日祝休み
✧ 残業月平均:6.5時間以内
✧ 残業代100%支給","✧ 完全週休2日制(土日祝休み)
✧ 年間休日125日
「土日休みはマスト!」ってあなたにも
ぴったりの職場です!

【その他休暇】
✧ 有給休暇
✧ 夏季・冬季休暇
✧ GW休暇
✧ 年末年始休暇",立川支店,東京都立川市曙町2-38-5 立川ビジネスセンタービル7F,"月給:25万円~+交通費全額支給

※経験に応じて決定いたします。

# 昇給あり
# 賞与あり
# 残業代100%支給
# 交通費支給","・社会保険完備（雇用・労災・健康・厚生年金）
・家族手当（扶養者のみ・規定あり）
・時間外手当（1分単位）・休日出勤手当・役職手当
・借上社宅制度・単身社員寮（家賃補助あり・規定あり）
・企業型確定拠出年金制度
・定期健康診断
・慶弔休暇・産前産後休暇・育児休暇・介護休暇（取得・復職実績あり）
・資格取得支援制度・資格取得祝金
・配属前研修・入社後研修
・慶弔見舞金制度
・提携保養所
・U・Iターン支援・会社都合の転居時の引越費用負担（規定あり）","【応募前の「気になる」にお答えします】

Q. 面接は堅苦しいですか？
A. いいえ。カジュアル面談を1回行うだけです。服装も自由、履歴書も任意です。

Q. 応募してからどのくらいで決まりますか？
A. 3ステップで進みます。
▶ STEP1 WEBから応募（1分）→ 1〜3日以内にご連絡
▶ STEP2 カジュアル面談（1回のみ）
▶ STEP3 採用

Q. すぐには入社できないのですが…
A. 入社日はご相談いただけます。今のお仕事の引き継ぎ期間なども考慮します。",,即日勤務OK、交通費支給、残業なし,2,任意,生年月日、性別、電話番号,ntf-indeedapplicant-aaaatulx77tci2k2pr5yeqapva@shukatsu-labo.slack.com,,,利用しない,,
募集中,株式会社BREXA Technology,未経験｜検品・梱包｜株式会社BREXA Technology｜千葉支店,倉庫作業スタッフ,20～30代活躍中◎千葉市中央区｜残業ほぼなしでコツコツ検品・梱包,,千葉県 千葉市 中央区 新町,,,正社員,はい,月給,250000,,最低額を表示,なし,,,,,,,固定時間制,160,,厚生年金、健康保険、雇用保険、労災保険,,なし,,,,,,,,,,,,,,,,,,"千葉県千葉市中央区周辺で、検品・梱包スタッフ（正社員）を募集中です。
勤務先は千葉支店が受け持つ千葉市中央区周辺の物流センター。衣類・コスメ・文房具などの軽い商品を、目で確認して、数を合わせて、袋や箱に納めていきます。
髪型・ネイル・服装は自由。自分らしいスタイルのまま、コツコツ集中して働けます。

✅ 1日の流れ（9:00〜18:00・休憩1時間）
09:00 朝礼。今日の出荷予定と担当作業を確認
09:15 検品スタート。商品の傷・汚れ・数量を納品書と照らし合わせます
12:00 昼休憩（60分）。休憩室で昼食。電子レンジや冷蔵庫も使えます
13:00 梱包スタート。袋詰め、緩衝材で包む、箱に納めるの繰り返し
15:00 小休憩（15分）。飲み物を片手にひと息
15:15 ラベル貼りと出荷先ごとの仕分け
17:45 作業台の片づけと翌日の資材準備
18:00 退勤。残業は月平均6.5時間以内で、定時で帰れる日が大半。夜の予定も入れられます

✅ 作業は3ステップだけ
1. 検品：商品を手に取って、傷・汚れ・数量を確認。迷ったら「保留」箱に入れてリーダーに聞くだけ
2. 梱包：商品に合わせて袋・緩衝材・箱を選んで、動かないように納めてテープで封をします
3. 仕分け：伝票シールを貼って、配送地域ごとのコンテナへ
衣類・雑貨・コスメ・文房具などの軽い商品が中心で、フォークリフトなどの機械操作はありません。

✅ 入社後1週間の流れ
1日目：千葉支店でオリエンテーション。安全ルールや勤怠の付け方、勤務先の設備を案内します
2〜3日目：先輩スタッフがマンツーマンで隣について、検品の見方と梱包の手順を実演しながら教えます
4〜5日目：シール貼りやダンボールの組み立てから一人で担当。分からないことはその場で聞けます
1週間後：検品〜仕分けまでの流れをひと通り経験して、自分のペースで進められるように
「早ければ半日、遅くとも2〜3日で一人立ち」が現場の目安。慣れるまでは焦らず一緒に進めます。

✅ 働く環境
作業場は1年中空調が効いていて、「夏は暑くて汗だく」「冬は手がかじかむ」という心配がありません。
休憩室は広くて、電子レンジや冷蔵庫、自動販売機が揃っています。
鍵付きロッカーがあるので、貴重品の管理も安心。
髪型・ネイル・服装は自由で、自分らしいスタイルのまま通勤できます。

✅ 千葉県千葉市中央区で働くということ
県の中心市街地で、仕事帰りの買い物や食事の選択肢が豊富なエリアです。
JR千葉駅・京成千葉駅から徒歩圏で、県内各方面からの通勤に便利な立地です。
通勤時間を抑えられれば、そのぶん自分の時間が増えます。千葉支店のスタッフが、通いやすい配属先を一緒に考えます。

「難しいことはできないけど、コツコツ集中するのは得意」という方、ぜひ千葉支店にお越しください。","【アピールポイント：ココが推し！】

✅ マンツーマンで覚えられる
専任の先輩が隣について、実演しながら手順を説明します。最初はシール貼りやダンボールの組み立てから始めて、1週間でひと通りの流れを経験できます。

✅ 残業は月平均6.5時間以内
定時で帰れる日がほとんど。仕事の後にライブや配信、ジムや習い事。平日の夜も自分のために使えます。

✅ 黙々・コツコツ派にぴったり
ノルマはなく、接客もありません。「一人で集中して作業したい」「人間関係のストレスを減らしたい」という方に向いている環境です。

✅ 自分らしさを完全キープ
髪色・ネイル・服装は自由。推しカラーをネイルに取り入れたり、お気に入りの服でモチベーションを上げたり、オシャレを楽しみながら働けます。

✅ 「好き」を語れる仲間がいる職場
休憩時間は趣味の話で盛り上がることも。「ライブどうだった？」「新作見た？」なんて会話が日常にあります。

✅ 千葉市中央区周辺で通いやすい
JR千葉駅・京成千葉駅から徒歩圏で、県内各方面からの通勤に便利な立地です。県の中心市街地で、仕事帰りの買い物や食事の選択肢が豊富なエリアです。

まずはカジュアル面談で、職場の雰囲気や1日の流れをお伝えします。気軽にご応募ください。","【こんな方にピッタリなお仕事です！】

・趣味やプライベートを第一優先にしたい方
・PC入力などのコツコツ作業が好きな方
・フリーターから卒業して、安定した環境で働きたい方
・家庭と仕事をバランスよく両立したい主婦(夫)さん
・第二新卒として、新しい環境でリスタートしたい方
・誰かをサポートすることにやりがいを感じる方
・ワークライフバランスを何より大切にしたい方

【応募条件は一切なし！】
#未経験・ブランクOK #学歴・職歴・経験不問
#20代・30代女性活躍中 #推し活優先OK #残業ほぼナシ

「今の自分」のままで、一歩踏み出してみませんか？ハローワークでお探し中の方も、ぜひお気軽にご応募ください！","【勤務時間】
★9:00~18:00
└実働8時間/休憩1時間

定時ダッシュも問題ないです✧
✧ 土日祝休み
✧ 残業月平均:6.5時間以内
✧ 残業代100%支給","✧ 完全週休2日制(土日祝休み)
✧ 年間休日125日
「土日休みはマスト!」ってあなたにも
ぴったりの職場です!

【その他休暇】
✧ 有給休暇
✧ 夏季・冬季休暇
✧ GW休暇
✧ 年末年始休暇",千葉支店,千葉県千葉市中央区新町1000番地 センシティビルディング16F,"月給:25万円~+交通費全額支給

※経験に応じて決定いたします。

# 昇給あり
# 賞与あり
# 残業代100%支給
# 交通費支給","・社会保険完備（雇用・労災・健康・厚生年金）
・家族手当（扶養者のみ・規定あり）
・時間外手当（1分単位）・休日出勤手当・役職手当
・借上社宅制度・単身社員寮（家賃補助あり・規定あり）
・企業型確定拠出年金制度
・定期健康診断
・慶弔休暇・産前産後休暇・育児休暇・介護休暇（取得・復職実績あり）
・資格取得支援制度・資格取得祝金
・配属前研修・入社後研修
・慶弔見舞金制度
・提携保養所
・U・Iターン支援・会社都合の転居時の引越費用負担（規定あり）","まずは「話を聞いてみる」だけで大丈夫です。

当社ではカジュアル面談を実施しています。
志望動機や自己PRの準備は不要。
「どんな職場？」「本当に未経験でもできる？」といった疑問に、担当者が率直にお答えします。

■ 応募から入社までの3STEP ■
▶ STEP1 WEB応募（1分）
▶ STEP2 カジュアル面談（1回のみ・1〜3日以内にご連絡）
▶ STEP3 採用・入社日のご相談

入社日は柔軟に調整できます。
「来月から」「今の仕事を辞めてから」など、ご都合をお聞かせください。",,即日勤務OK、交通費支給、残業なし,2,任意,生年月日、性別、電話番号,ntf-indeedapplicant-aaaatulx77tci2k2pr5yeqapva@shukatsu-labo.slack.com,,,利用しない,,
募集中,株式会社BREXA Technology,未経験｜検品・梱包｜株式会社BREXA Technology｜柏支店,倉庫作業スタッフ,20～30代活躍中◎重い荷物なし｜柏市周辺の物流センターで軽作業,,千葉県 柏市 中央町,,,正社員,はい,月給,250000,,最低額を表示,なし,,,,,,,固定時間制,160,,厚生年金、健康保険、雇用保険、労災保険,,なし,,,,,,,,,,,,,,,,,,"黙々と集中する時間が好きな方に向いている、検品・梱包のお仕事です。
勤務先は柏支店が受け持つ柏市周辺の物流センター。1年中快適な温度の倉庫で、自分の作業台を担当します。
柏支店では入社後も定期的に面談をして、働き方の希望や困りごとを聞き取ります。

✅ ある日のスケジュール
09:00 出勤・朝礼。リーダーから連絡事項の共有
09:10 ハンディ端末でバーコードを読み取り、品番と個数を照合
10:30 小休憩（10分）
12:00 昼休憩（60分）。お弁当派も、近くで買ってくる派も
13:00 午後は梱包。ダンボールを組み立て、商品が動かないように納めます
15:00 小休憩（15分）
15:15 出荷準備。伝票シールを貼って配送業者ごとにコンテナへ
17:45 清掃と日報の記入
18:00 定時退勤。土日祝休みだから、週末の遠征やイベントの予定も立てやすい

✅ こんな商品を扱います
通販サイトで人気のアパレル商品、生活雑貨、コスメ、文房具が中心です。
◎ シャツやタオルを畳んで透明袋へ
◎ コスメ容器のひび割れを目視で確認
◎ 文房具のセット品を指定の個数で袋詰め
◎ 箱にラベルを貼って配送業者ごとの台車へ
作業台の高さも調整されていて、身体への負担を抑えて働けます。

✅ 教育・研修のこと
入社初日は安全講習とオリエンテーションから。いきなり一人で現場に立つことはありません。
2日目以降は専任の先輩が隣について、検品・梱包の手順を実際にやって見せながら教えます。
最初の1週間は「見る→一緒にやる→一人でやる」の順で担当を広げて、1週間後にはひと通りの作業を経験できます。
柏支店の担当者も定期面談で様子を聞くので、職場に言いにくいことも相談できます。

✅ 設備のポイント
◎ 冷暖房完備の室内作業で、季節や天候に左右されません
◎ 休憩室に電子レンジ・冷蔵庫・ポットがあって、フリーWi-Fiも使えます
◎ 個人用の鍵付きロッカーを完備
◎ 髪色・ネイル・服装は自由。清潔感があれば普段のスタイルのままで大丈夫

✅ 柏支店ならではの一言
JR常磐線と東武アーバンパークラインが交わる柏駅が最寄りで、東葛エリアの交通の中心です。
常磐道・国道16号沿いに物流拠点が多く、商業施設も充実した街です。
柏支店が柏市周辺の勤務先を受け持っているので、「家から近い所がいい」といった希望も気軽に伝えてください。

仕事は淡々と、自分の時間は全力で。そんな働き方を柏支店で始めませんか。ご応募をお待ちしています。","【柏市で自分らしく働く5つの理由】

✅ 先輩の9割以上が未経験スタート
「商品を手に取る」「傷がないか見る」「箱に入れる」の3ステップが基本。専門用語も複雑な機械操作もなく、初日は安全講習から始まるので安心です。

✅ 土日祝休み・年間休日125日
完全週休2日制でカレンダー通りに休めます。大型連休もしっかり確保できるので、遠征や旅行のスケジュールも立てやすいのが魅力です。

✅ 黙々・コツコツ派にぴったり
ノルマはなく、接客もありません。「一人で集中して作業したい」「人間関係のストレスを減らしたい」という方に向いている環境です。

✅ 自分らしさを完全キープ
髪色・ネイル・服装は自由。推しカラーをネイルに取り入れたり、お気に入りの服でモチベーションを上げたり、オシャレを楽しみながら働けます。

✅ 面談で働き方の希望を聞き取ります
柏支店の担当者が入社後も定期的に面談します。職場では言いにくいことも、ここでなら話しやすいはず。頑張りは昇給でしっかり評価します。

✅ 地元柏市で自分時間を確保
常磐道・国道16号沿いに物流拠点が多く、商業施設も充実した街です。JR常磐線と東武アーバンパークラインが交わる柏駅が最寄りで、東葛エリアの交通の中心です。

まずはカジュアル面談で、職場の雰囲気や1日の流れをお伝えします。気軽にご応募ください。","【こんな方にピッタリなお仕事です！】

・趣味やプライベートを第一優先にしたい方
・PC入力などのコツコツ作業が好きな方
・フリーターから卒業して、安定した環境で働きたい方
・家庭と仕事をバランスよく両立したい主婦(夫)さん
・第二新卒として、新しい環境でリスタートしたい方
・誰かをサポートすることにやりがいを感じる方
・ワークライフバランスを何より大切にしたい方

【応募条件は一切なし！】
#未経験・ブランクOK #学歴・職歴・経験不問
#20代・30代女性活躍中 #推し活優先OK #残業ほぼナシ

「今の自分」のままで、一歩踏み出してみませんか？ハローワークでお探し中の方も、ぜひお気軽にご応募ください！","【勤務時間】
★9:00~18:00
└実働8時間/休憩1時間

定時ダッシュも問題ないです✧
✧ 土日祝休み
✧ 残業月平均:6.5時間以内
✧ 残業代100%支給","✧ 完全週休2日制(土日祝休み)
✧ 年間休日125日
「土日休みはマスト!」ってあなたにも
ぴったりの職場です!

【その他休暇】
✧ 有給休暇
✧ 夏季・冬季休暇
✧ GW休暇
✧ 年末年始休暇",柏支店,千葉県柏市中央町3-2 TLR柏ビル4F,"月給:25万円~+交通費全額支給

※経験に応じて決定いたします。

# 昇給あり
# 賞与あり
# 残業代100%支給
# 交通費支給","・社会保険完備（雇用・労災・健康・厚生年金）
・家族手当（扶養者のみ・規定あり）
・時間外手当（1分単位）・休日出勤手当・役職手当
・借上社宅制度・単身社員寮（家賃補助あり・規定あり）
・企業型確定拠出年金制度
・定期健康診断
・慶弔休暇・産前産後休暇・育児休暇・介護休暇（取得・復職実績あり）
・資格取得支援制度・資格取得祝金
・配属前研修・入社後研修
・慶弔見舞金制度
・提携保養所
・U・Iターン支援・会社都合の転居時の引越費用負担（規定あり）","【最短スケジュールのイメージ】

▶ STEP1 今日：WEBから1分で応募
▶ STEP2 1〜3日後：担当者からご連絡 → カジュアル面談の日程調整
▶ STEP3 面談当日：カジュアル面談（1回のみ）→ 採用のご連絡

面談では、職場の雰囲気・1日の流れ・通勤のことなど、
気になることを何でも聞いてください。

✧ 入社日はご相談いただけます ✧
「すぐ働きたい」「少し先がいい」どちらのご希望にも対応します。",,即日勤務OK、交通費支給、残業なし,2,任意,生年月日、性別、電話番号,ntf-indeedapplicant-aaaatulx77tci2k2pr5yeqapva@shukatsu-labo.slack.com,,,利用しない,,
募集中,株式会社BREXA Technology,未経験｜検品・梱包｜株式会社BREXA Technology｜大宮支店,倉庫作業スタッフ,20～30代活躍中◎さいたま市大宮区｜髪型・ネイル自由で検品・梱包の正社員,,埼玉県 さいたま市 大宮区 桜木町,,,正社員,はい,月給,250000,,最低額を表示,なし,,,,,,,固定時間制,160,,厚生年金、健康保険、雇用保険、労災保険,,なし,,,,,,,,,,,,,,,,,,"大宮支店が受け持つさいたま市大宮区周辺の物流センターで、検品・梱包を担当する正社員スタッフを募集します。
扱うのは通販で人気のアパレル・雑貨・コスメなど軽いものばかり。空調の効いたきれいな倉庫で、商品をチェックして箱に詰めるシンプルなお仕事です。
残業はほぼなし、土日祝休み。仕事の後も週末も、自分の時間をしっかり確保できます。

✅ 1日の流れ（9:00〜18:00・休憩1時間）
09:00 朝礼。今日の出荷予定と担当作業を確認
09:15 検品スタート。商品の傷・汚れ・数量を納品書と照らし合わせます
12:00 昼休憩（60分）。休憩室で昼食。電子レンジや冷蔵庫も使えます
13:00 梱包スタート。袋詰め、緩衝材で包む、箱に納めるの繰り返し
15:00 小休憩（15分）。飲み物を片手にひと息
15:15 ラベル貼りと出荷先ごとの仕分け
17:45 作業台の片づけと翌日の資材準備
18:00 退勤。残業は月平均6.5時間以内で、定時で帰れる日が大半。夜の予定も入れられます

✅ こんな商品を扱います
通販サイトで人気のアパレル商品、生活雑貨、コスメ、文房具が中心です。
◎ シャツやタオルを畳んで透明袋へ
◎ コスメ容器のひび割れを目視で確認
◎ 文房具のセット品を指定の個数で袋詰め
◎ 箱にラベルを貼って配送業者ごとの台車へ
作業台の高さも調整されていて、身体への負担を抑えて働けます。

✅ 未経験の方向け 1週間プログラム
◎ 1日目：会社説明、安全講習、作業場の見学
◎ 2日目：先輩の隣で検品の実演を見学して、午後から一緒に作業
◎ 3日目：梱包の袋詰め・箱詰めを先輩と一緒に担当
◎ 4日目：シール貼りと仕分けを一人で担当。先輩は同じ作業台で見守ります
◎ 5日目：検品から仕分けまでを通しで経験
覚えることは3ステップの繰り返し。資格や専門知識はいりません。

✅ 職場環境
◎ 空調完備：冷暖房が効いた清潔な室内で、夏も冬も快適
◎ 休憩室：電子レンジ・冷蔵庫・ポット・自動販売機あり。お弁当持参でもゆっくり過ごせます
◎ ロッカー：鍵付きの個人ロッカーで貴重品も安心
◎ 服装：髪色・ネイル・服装は自由。推しカラーのネイルも、お気に入りの服も、そのままで

✅ 大宮支店ならではの一言
JR各線・東武線・ニューシャトルが集まる大宮駅が最寄りで、県内各方面から通いやすい立地です。
埼玉のターミナルとして商業施設が充実し、相談や面談にも立ち寄りやすい場所です。
大宮支店がさいたま市大宮区周辺の勤務先を受け持っているので、「家から近い所がいい」といった希望も気軽に伝えてください。

「難しいことはできないけど、コツコツ集中するのは得意」という方、ぜひ大宮支店にお越しください。","【アピールポイント：ココが推し！】

✅ 先輩の9割以上が未経験スタート
「商品を手に取る」「傷がないか見る」「箱に入れる」の3ステップが基本。専門用語も複雑な機械操作もなく、初日は安全講習から始まるので安心です。

✅ 9:00〜18:00の固定時間制
毎日同じリズムで働けるので、生活のペースが安定します。土日祝がお休みなので、友人や家族との予定も合わせやすい環境です。

✅ 重い荷物はほとんどなし
扱うのは衣類・コスメ・文房具・小型雑貨など軽い商品が中心。力仕事はほぼなくて、身体への負担を抑えて長く続けられます。

✅ 自分らしさを完全キープ
髪色・ネイル・服装は自由。推しカラーをネイルに取り入れたり、お気に入りの服でモチベーションを上げたり、オシャレを楽しみながら働けます。

✅ 正社員としての安定
正社員雇用に加えて、社会保険完備、家族手当（規定あり）、借上社宅制度、資格取得支援があります。趣味の資金もコツコツ貯まる働き方です。

✅ 地元さいたま市大宮区で自分時間を確保
埼玉のターミナルとして商業施設が充実し、相談や面談にも立ち寄りやすい場所です。JR各線・東武線・ニューシャトルが集まる大宮駅が最寄りで、県内各方面から通いやすい立地です。

「自分にもできそう」と思えたら、それがスタートの合図。大宮支店でお待ちしています。","【こんな方にピッタリなお仕事です！】

・趣味やプライベートを第一優先にしたい方
・PC入力などのコツコツ作業が好きな方
・フリーターから卒業して、安定した環境で働きたい方
・家庭と仕事をバランスよく両立したい主婦(夫)さん
・第二新卒として、新しい環境でリスタートしたい方
・誰かをサポートすることにやりがいを感じる方
・ワークライフバランスを何より大切にしたい方

【応募条件は一切なし！】
#未経験・ブランクOK #学歴・職歴・経験不問
#20代・30代女性活躍中 #推し活優先OK #残業ほぼナシ

「今の自分」のままで、一歩踏み出してみませんか？ハローワークでお探し中の方も、ぜひお気軽にご応募ください！","【勤務時間】
★9:00~18:00
└実働8時間/休憩1時間

定時ダッシュも問題ないです✧
✧ 土日祝休み
✧ 残業月平均:6.5時間以内
✧ 残業代100%支給","✧ 完全週休2日制(土日祝休み)
✧ 年間休日125日
「土日休みはマスト!」ってあなたにも
ぴったりの職場です!

【その他休暇】
✧ 有給休暇
✧ 夏季・冬季休暇
✧ GW休暇
✧ 年末年始休暇",大宮支店,埼玉県さいたま市大宮区桜木町1-11-20 大宮JPビルディング3F,"月給:25万円~+交通費全額支給

※経験に応じて決定いたします。

# 昇給あり
# 賞与あり
# 残業代100%支給
# 交通費支給","・社会保険完備（雇用・労災・健康・厚生年金）
・家族手当（扶養者のみ・規定あり）
・時間外手当（1分単位）・休日出勤手当・役職手当
・借上社宅制度・単身社員寮（家賃補助あり・規定あり）
・企業型確定拠出年金制度
・定期健康診断
・慶弔休暇・産前産後休暇・育児休暇・介護休暇（取得・復職実績あり）
・資格取得支援制度・資格取得祝金
・配属前研修・入社後研修
・慶弔見舞金制度
・提携保養所
・U・Iターン支援・会社都合の転居時の引越費用負担（規定あり）","■ 選考について ■
・カジュアル面談：1回のみ（服装自由・履歴書任意）
・応募から面談まで：WEB応募後、1〜3日以内にご連絡
・入社日：ご相談のうえ決定

■ 応募からの流れ ■
▶ STEP1 WEBから1分で応募
▶ STEP2 カジュアル面談（1回のみ）
▶ STEP3 採用

「まずは話だけ聞いてみたい」という方も、そのままご応募ください。
面談で無理に応募を勧めることはありません。",,即日勤務OK、交通費支給、残業なし,2,任意,生年月日、性別、電話番号,ntf-indeedapplicant-aaaatulx77tci2k2pr5yeqapva@shukatsu-labo.slack.com,,,利用しない,,
募集中,株式会社BREXA Technology,未経験｜検品・梱包｜株式会社BREXA Technology｜熊谷支店,倉庫作業スタッフ,20～30代活躍中◎未経験から正社員へ｜熊谷市で検品・梱包デビュー,,埼玉県 熊谷市 筑波,,,正社員,はい,月給,250000,,最低額を表示,なし,,,,,,,固定時間制,160,,厚生年金、健康保険、雇用保険、労災保険,,なし,,,,,,,,,,,,,,,,,,"「仕事は淡々と、プライベートは全力で」そんな働き方を叶える検品・梱包のお仕事です。
勤務先は熊谷支店が受け持つ熊谷市周辺の物流センター。届いた商品に不備がないか確認して、丁寧に梱包し、出荷の準備をします。
冷暖房完備の室内で、重い荷物を運ぶことはほとんどありません。

✅ ある日のスケジュール
09:00 出勤・朝礼。リーダーから連絡事項の共有
09:10 ハンディ端末でバーコードを読み取り、品番と個数を照合
10:30 小休憩（10分）
12:00 昼休憩（60分）。お弁当派も、近くで買ってくる派も
13:00 午後は梱包。ダンボールを組み立て、商品が動かないように納めます
15:00 小休憩（15分）
15:15 出荷準備。伝票シールを貼って配送業者ごとにコンテナへ
17:45 清掃と日報の記入
18:00 定時退勤。土日祝休みだから、週末の遠征やイベントの予定も立てやすい

✅ お仕事の中身
◎ 検品：商品の外観チェック（傷・汚れ・へこみ）と数量・品番の照合
◎ スキャン：バーコードリーダーで「ピッ」と読み取ってデータと突き合わせ
◎ 梱包：袋詰め、緩衝材包装、ダンボールの組み立てと箱詰め、テープ留め
◎ 仕上げ：ラベル貼りと配送地域別の仕分け
扱うのはアパレル、コスメ、文房具、小型雑貨など。繰り返すうちに手が覚えていく作業です。

✅ 入社後1週間の流れ
1日目：熊谷支店でオリエンテーション。安全ルールや勤怠の付け方、勤務先の設備を案内します
2〜3日目：先輩スタッフがマンツーマンで隣について、検品の見方と梱包の手順を実演しながら教えます
4〜5日目：シール貼りやダンボールの組み立てから一人で担当。分からないことはその場で聞けます
1週間後：検品〜仕分けまでの流れをひと通り経験して、自分のペースで進められるように
「早ければ半日、遅くとも2〜3日で一人立ち」が現場の目安。慣れるまでは焦らず一緒に進めます。

✅ 設備のポイント
◎ 冷暖房完備の室内作業で、季節や天候に左右されません
◎ 休憩室に電子レンジ・冷蔵庫・ポットがあって、フリーWi-Fiも使えます
◎ 個人用の鍵付きロッカーを完備
◎ 髪色・ネイル・服装は自由。清潔感があれば普段のスタイルのままで大丈夫

✅ 埼玉県熊谷市で働くということ
県北の中核都市で、周辺には製造業の工場や物流拠点が多く立地しています。
JR高崎線・上越新幹線・秩父鉄道が乗り入れる熊谷駅が最寄りで、県北の交通の中心です。
通勤時間を抑えられれば、そのぶん自分の時間が増えます。熊谷支店のスタッフが、通いやすい配属先を一緒に考えます。

「難しいことはできないけど、コツコツ集中するのは得意」という方、ぜひ熊谷支店にお越しください。","【熊谷市で自分らしく働く5つの理由】

✅ 資格・経験・学歴は問いません
必要なのは「丁寧に確認する姿勢」だけ。仕事のやり方は入社後にお伝えします。資格を取りたくなったら、資格取得支援制度と祝金があります。

✅ 土日祝休み・年間休日125日
完全週休2日制でカレンダー通りに休めます。大型連休もしっかり確保できるので、遠征や旅行のスケジュールも立てやすいのが魅力です。

✅ 重い荷物はほとんどなし
扱うのは衣類・コスメ・文房具・小型雑貨など軽い商品が中心。力仕事はほぼなくて、身体への負担を抑えて長く続けられます。

✅ 自分らしさを完全キープ
髪色・ネイル・服装は自由。推しカラーをネイルに取り入れたり、お気に入りの服でモチベーションを上げたり、オシャレを楽しみながら働けます。

✅ 「好き」を語れる仲間がいる職場
休憩時間は趣味の話で盛り上がることも。「ライブどうだった？」「新作見た？」なんて会話が日常にあります。

✅ 地元熊谷市で自分時間を確保
県北の中核都市で、周辺には製造業の工場や物流拠点が多く立地しています。JR高崎線・上越新幹線・秩父鉄道が乗り入れる熊谷駅が最寄りで、県北の交通の中心です。

まずはカジュアル面談で、職場の雰囲気や1日の流れをお伝えします。気軽にご応募ください。","【こんな方にピッタリなお仕事です！】

・趣味やプライベートを第一優先にしたい方
・PC入力などのコツコツ作業が好きな方
・フリーターから卒業して、安定した環境で働きたい方
・家庭と仕事をバランスよく両立したい主婦(夫)さん
・第二新卒として、新しい環境でリスタートしたい方
・誰かをサポートすることにやりがいを感じる方
・ワークライフバランスを何より大切にしたい方

【応募条件は一切なし！】
#未経験・ブランクOK #学歴・職歴・経験不問
#20代・30代女性活躍中 #推し活優先OK #残業ほぼナシ

「今の自分」のままで、一歩踏み出してみませんか？ハローワークでお探し中の方も、ぜひお気軽にご応募ください！","【勤務時間】
★9:00~18:00
└実働8時間/休憩1時間

定時ダッシュも問題ないです✧
✧ 土日祝休み
✧ 残業月平均:6.5時間以内
✧ 残業代100%支給","✧ 完全週休2日制(土日祝休み)
✧ 年間休日125日
「土日休みはマスト!」ってあなたにも
ぴったりの職場です!

【その他休暇】
✧ 有給休暇
✧ 夏季・冬季休暇
✧ GW休暇
✧ 年末年始休暇",熊谷支店,埼玉県熊谷市筑波2-15 大樹生命熊谷ビル9F,"月給:25万円~+交通費全額支給

※経験に応じて決定いたします。

# 昇給あり
# 賞与あり
# 残業代100%支給
# 交通費支給","・社会保険完備（雇用・労災・健康・厚生年金）
・家族手当（扶養者のみ・規定あり）
・時間外手当（1分単位）・休日出勤手当・役職手当
・借上社宅制度・単身社員寮（家賃補助あり・規定あり）
・企業型確定拠出年金制度
・定期健康診断
・慶弔休暇・産前産後休暇・育児休暇・介護休暇（取得・復職実績あり）
・資格取得支援制度・資格取得祝金
・配属前研修・入社後研修
・慶弔見舞金制度
・提携保養所
・U・Iターン支援・会社都合の転居時の引越費用負担（規定あり）","✧ カジュアル面談実施中です ✧

応募に必要なのは人柄だけ。
まずはあなたのご希望を聞かせてください。

■ 応募からの流れ ■
▶ STEP1 WEBから1分で簡単応募
1〜3日以内に担当者からご連絡します。
▶ STEP2 カジュアル面談（1回のみ）
職場の雰囲気や1日の流れをお伝えし、ご希望を伺います。
▶ STEP3 採用

※入社日はご相談いただけます◎
在職中の方も、お気軽にご相談ください。",,即日勤務OK、交通費支給、残業なし,2,任意,生年月日、性別、電話番号,ntf-indeedapplicant-aaaatulx77tci2k2pr5yeqapva@shukatsu-labo.slack.com,,,利用しない,,
募集中,株式会社BREXA Technology,未経験｜検品・梱包｜株式会社BREXA Technology｜東京第１支店（インテグレーション事業本部 営業部）,倉庫作業スタッフ,20～30代活躍中◎中央区｜黙々集中できる検品・梱包の正社員,,東京都 中央区 銀座,,,正社員,はい,月給,250000,,最低額を表示,なし,,,,,,,固定時間制,160,,厚生年金、健康保険、雇用保険、労災保険,,なし,,,,,,,,,,,,,,,,,,"東京都中央区周辺で、検品・梱包スタッフ（正社員）を募集中です。
勤務先は東京第１支店（インテグレーション事業本部 営業部）が受け持つ中央区周辺の物流センター。衣類・コスメ・文房具などの軽い商品を、目で確認して、数を合わせて、袋や箱に納めていきます。
髪型・ネイル・服装は自由。自分らしいスタイルのまま、コツコツ集中して働けます。

✅ 入社後はこんな1日
09:00 朝礼。体調チェックと当日の出荷量を共有
09:15 午前は検品。外観を目視で確認して、気になる商品は別置きにしてリーダーへ
12:00 昼休憩（60分）
13:00 午後は梱包。袋詰め→箱詰め→テープ留めの3工程を繰り返します
15:00 小休憩（15分）。自動販売機で飲み物を買ってリフレッシュ
15:15 当日出荷分の最終チェックと仕分けを全員で仕上げます
17:45 作業スペースの清掃
18:00 退勤。残業は月平均6.5時間以内に収まっています

✅ 扱う商品・作業の具体例
◎ 衣類・タオル：ほつれや汚れがないか確認して、透明袋に入れます
◎ コスメ・ガラス小物：割れないように緩衝材で包んでから箱へ
◎ 文房具・生活雑貨：品番と個数を納品書と照合して、まとめて袋詰め
◎ 出荷箱：伝票シールと「割れ物注意」などの注意シールを所定の位置に貼ります
どれも片手〜両手で持てるサイズで、重い物を持ち上げることはありません。

✅ 教育・研修のこと
入社初日は安全講習とオリエンテーションから。いきなり一人で現場に立つことはありません。
2日目以降は専任の先輩が隣について、検品・梱包の手順を実際にやって見せながら教えます。
最初の1週間は「見る→一緒にやる→一人でやる」の順で担当を広げて、1週間後にはひと通りの作業を経験できます。
東京第１支店（インテグレーション事業本部 営業部）の担当者も定期面談で様子を聞くので、職場に言いにくいことも相談できます。

✅ 職場環境
◎ 空調完備：冷暖房が効いた清潔な室内で、夏も冬も快適
◎ 休憩室：電子レンジ・冷蔵庫・ポット・自動販売機あり。お弁当持参でもゆっくり過ごせます
◎ ロッカー：鍵付きの個人ロッカーで貴重品も安心
◎ 服装：髪色・ネイル・服装は自由。推しカラーのネイルも、お気に入りの服も、そのままで

✅ 東京都中央区で働くということ
都心の中心部に位置し、仕事帰りの予定も立てやすいエリアです。
地下鉄各線の銀座駅、JR有楽町駅・新橋駅が徒歩圏で、都内どこからでも通いやすい立地です。
通勤時間を抑えられれば、そのぶん自分の時間が増えます。東京第１支店（インテグレーション事業本部 営業部）のスタッフが、通いやすい配属先を一緒に考えます。

仕事は淡々と、自分の時間は全力で。そんな働き方を東京第１支店（インテグレーション事業本部 営業部）で始めませんか。ご応募をお待ちしています。","【アピールポイント：ココが推し！】

✅ 資格・経験・学歴は問いません
必要なのは「丁寧に確認する姿勢」だけ。仕事のやり方は入社後にお伝えします。資格を取りたくなったら、資格取得支援制度と祝金があります。

✅ 9:00〜18:00の固定時間制
毎日同じリズムで働けるので、生活のペースが安定します。土日祝がお休みなので、友人や家族との予定も合わせやすい環境です。

✅ 黙々・コツコツ派にぴったり
ノルマはなく、接客もありません。「一人で集中して作業したい」「人間関係のストレスを減らしたい」という方に向いている環境です。

✅ 空調完備の清潔な倉庫
冷暖房がしっかり効いた室内で、季節を問わず快適。休憩室には電子レンジ・冷蔵庫・自動販売機があって、鍵付きロッカーも完備です。

✅ 面談で働き方の希望を聞き取ります
東京第１支店（インテグレーション事業本部 営業部）の担当者が入社後も定期的に面談します。職場では言いにくいことも、ここでなら話しやすいはず。頑張りは昇給でしっかり評価します。

✅ 中央区周辺で通いやすい
地下鉄各線の銀座駅、JR有楽町駅・新橋駅が徒歩圏で、都内どこからでも通いやすい立地です。都心の中心部に位置し、仕事帰りの予定も立てやすいエリアです。

「自分にもできそう」と思えたら、それがスタートの合図。東京第１支店（インテグレーション事業本部 営業部）でお待ちしています。","【こんな方にピッタリなお仕事です！】

・趣味やプライベートを第一優先にしたい方
・PC入力などのコツコツ作業が好きな方
・フリーターから卒業して、安定した環境で働きたい方
・家庭と仕事をバランスよく両立したい主婦(夫)さん
・第二新卒として、新しい環境でリスタートしたい方
・誰かをサポートすることにやりがいを感じる方
・ワークライフバランスを何より大切にしたい方

【応募条件は一切なし！】
#未経験・ブランクOK #学歴・職歴・経験不問
#20代・30代女性活躍中 #推し活優先OK #残業ほぼナシ

「今の自分」のままで、一歩踏み出してみませんか？ハローワークでお探し中の方も、ぜひお気軽にご応募ください！","【勤務時間】
★9:00~18:00
└実働8時間/休憩1時間

定時ダッシュも問題ないです✧
✧ 土日祝休み
✧ 残業月平均:6.5時間以内
✧ 残業代100%支給","✧ 完全週休2日制(土日祝休み)
✧ 年間休日125日
「土日休みはマスト!」ってあなたにも
ぴったりの職場です!

【その他休暇】
✧ 有給休暇
✧ 夏季・冬季休暇
✧ GW休暇
✧ 年末年始休暇",東京第１支店（インテグレーション事業本部 営業部）,東京都中央区銀座6-17-1 銀座６丁目－ＳＱＵＡＲＥ,"月給:25万円~+交通費全額支給

※経験に応じて決定いたします。

# 昇給あり
# 賞与あり
# 残業代100%支給
# 交通費支給","・社会保険完備（雇用・労災・健康・厚生年金）
・家族手当（扶養者のみ・規定あり）
・時間外手当（1分単位）・休日出勤手当・役職手当
・借上社宅制度・単身社員寮（家賃補助あり・規定あり）
・企業型確定拠出年金制度
・定期健康診断
・慶弔休暇・産前産後休暇・育児休暇・介護休暇（取得・復職実績あり）
・資格取得支援制度・資格取得祝金
・配属前研修・入社後研修
・慶弔見舞金制度
・提携保養所
・U・Iターン支援・会社都合の転居時の引越費用負担（規定あり）","【応募前の「気になる」にお答えします】

Q. 面接は堅苦しいですか？
A. いいえ。カジュアル面談を1回行うだけです。服装も自由、履歴書も任意です。

Q. 応募してからどのくらいで決まりますか？
A. 3ステップで進みます。
▶ STEP1 WEBから応募（1分）→ 1〜3日以内にご連絡
▶ STEP2 カジュアル面談（1回のみ）
▶ STEP3 採用

Q. すぐには入社できないのですが…
A. 入社日はご相談いただけます。今のお仕事の引き継ぎ期間なども考慮します。",,即日勤務OK、交通費支給、残業なし,2,任意,生年月日、性別、電話番号,ntf-indeedapplicant-aaaatulx77tci2k2pr5yeqapva@shukatsu-labo.slack.com,,,利用しない,,
募集中,株式会社BREXA Technology,未経験｜検品・梱包｜株式会社BREXA Technology｜東京第１支店（インテグレーション事業本部 プロフェッショナルサービス部）,倉庫作業スタッフ,20～30代活躍中◎自分らしく働く｜中央区周辺の検品・梱包スタッフ,,東京都 中央区 銀座,,,正社員,はい,月給,250000,,最低額を表示,なし,,,,,,,固定時間制,160,,厚生年金、健康保険、雇用保険、労災保険,,なし,,,,,,,,,,,,,,,,,,"黙々と集中する時間が好きな方に向いている、検品・梱包のお仕事です。
勤務先は東京第１支店（インテグレーション事業本部 プロフェッショナルサービス部）が受け持つ中央区周辺の物流センター。1年中快適な温度の倉庫で、自分の作業台を担当します。
東京第１支店（インテグレーション事業本部 プロフェッショナルサービス部）では入社後も定期的に面談をして、働き方の希望や困りごとを聞き取ります。

✅ 1日の流れ（9:00〜18:00・休憩1時間）
09:00 朝礼。今日の出荷予定と担当作業を確認
09:15 検品スタート。商品の傷・汚れ・数量を納品書と照らし合わせます
12:00 昼休憩（60分）。休憩室で昼食。電子レンジや冷蔵庫も使えます
13:00 梱包スタート。袋詰め、緩衝材で包む、箱に納めるの繰り返し
15:00 小休憩（15分）。飲み物を片手にひと息
15:15 ラベル貼りと出荷先ごとの仕分け
17:45 作業台の片づけと翌日の資材準備
18:00 退勤。残業は月平均6.5時間以内で、定時で帰れる日が大半。夜の予定も入れられます

✅ 扱う商品・作業の具体例
◎ 衣類・タオル：ほつれや汚れがないか確認して、透明袋に入れます
◎ コスメ・ガラス小物：割れないように緩衝材で包んでから箱へ
◎ 文房具・生活雑貨：品番と個数を納品書と照合して、まとめて袋詰め
◎ 出荷箱：伝票シールと「割れ物注意」などの注意シールを所定の位置に貼ります
どれも片手〜両手で持てるサイズで、重い物を持ち上げることはありません。

✅ 未経験の方向け 1週間プログラム
◎ 1日目：会社説明、安全講習、作業場の見学
◎ 2日目：先輩の隣で検品の実演を見学して、午後から一緒に作業
◎ 3日目：梱包の袋詰め・箱詰めを先輩と一緒に担当
◎ 4日目：シール貼りと仕分けを一人で担当。先輩は同じ作業台で見守ります
◎ 5日目：検品から仕分けまでを通しで経験
覚えることは3ステップの繰り返し。資格や専門知識はいりません。

✅ 働く環境
作業場は1年中空調が効いていて、「夏は暑くて汗だく」「冬は手がかじかむ」という心配がありません。
休憩室は広くて、電子レンジや冷蔵庫、自動販売機が揃っています。
鍵付きロッカーがあるので、貴重品の管理も安心。
髪型・ネイル・服装は自由で、自分らしいスタイルのまま通勤できます。

✅ 東京第１支店（インテグレーション事業本部 プロフェッショナルサービス部）ならではの一言
地下鉄各線の銀座駅、JR有楽町駅・新橋駅が徒歩圏で、都内どこからでも通いやすい立地です。
都心の中心部に位置し、仕事帰りの予定も立てやすいエリアです。
東京第１支店（インテグレーション事業本部 プロフェッショナルサービス部）が中央区周辺の勤務先を受け持っているので、「家から近い所がいい」といった希望も気軽に伝えてください。

「難しいことはできないけど、コツコツ集中するのは得意」という方、ぜひ東京第１支店（インテグレーション事業本部 プロフェッショナルサービス部）にお越しください。","【中央区で自分らしく働く5つの理由】

✅ マンツーマンで覚えられる
専任の先輩が隣について、実演しながら手順を説明します。最初はシール貼りやダンボールの組み立てから始めて、1週間でひと通りの流れを経験できます。

✅ 残業は月平均6.5時間以内
定時で帰れる日がほとんど。仕事の後にライブや配信、ジムや習い事。平日の夜も自分のために使えます。

✅ 黙々・コツコツ派にぴったり
ノルマはなく、接客もありません。「一人で集中して作業したい」「人間関係のストレスを減らしたい」という方に向いている環境です。

✅ 空調完備の清潔な倉庫
冷暖房がしっかり効いた室内で、季節を問わず快適。休憩室には電子レンジ・冷蔵庫・自動販売機があって、鍵付きロッカーも完備です。

✅ 正社員としての安定
正社員雇用に加えて、社会保険完備、家族手当（規定あり）、借上社宅制度、資格取得支援があります。趣味の資金もコツコツ貯まる働き方です。

✅ 中央区周辺で通いやすい
地下鉄各線の銀座駅、JR有楽町駅・新橋駅が徒歩圏で、都内どこからでも通いやすい立地です。都心の中心部に位置し、仕事帰りの予定も立てやすいエリアです。

まずはカジュアル面談で、職場の雰囲気や1日の流れをお伝えします。気軽にご応募ください。","【こんな方にピッタリなお仕事です！】

・趣味やプライベートを第一優先にしたい方
・PC入力などのコツコツ作業が好きな方
・フリーターから卒業して、安定した環境で働きたい方
・家庭と仕事をバランスよく両立したい主婦(夫)さん
・第二新卒として、新しい環境でリスタートしたい方
・誰かをサポートすることにやりがいを感じる方
・ワークライフバランスを何より大切にしたい方

【応募条件は一切なし！】
#未経験・ブランクOK #学歴・職歴・経験不問
#20代・30代女性活躍中 #推し活優先OK #残業ほぼナシ

「今の自分」のままで、一歩踏み出してみませんか？ハローワークでお探し中の方も、ぜひお気軽にご応募ください！","【勤務時間】
★9:00~18:00
└実働8時間/休憩1時間

定時ダッシュも問題ないです✧
✧ 土日祝休み
✧ 残業月平均:6.5時間以内
✧ 残業代100%支給","✧ 完全週休2日制(土日祝休み)
✧ 年間休日125日
「土日休みはマスト!」ってあなたにも
ぴったりの職場です!

【その他休暇】
✧ 有給休暇
✧ 夏季・冬季休暇
✧ GW休暇
✧ 年末年始休暇",東京第１支店（インテグレーション事業本部 プロフェッショナルサービス部）,東京都中央区銀座6-17-1 銀座６丁目－ＳＱＵＡＲＥ,"月給:25万円~+交通費全額支給

※経験に応じて決定いたします。

# 昇給あり
# 賞与あり
# 残業代100%支給
# 交通費支給","・社会保険完備（雇用・労災・健康・厚生年金）
・家族手当（扶養者のみ・規定あり）
・時間外手当（1分単位）・休日出勤手当・役職手当
・借上社宅制度・単身社員寮（家賃補助あり・規定あり）
・企業型確定拠出年金制度
・定期健康診断
・慶弔休暇・産前産後休暇・育児休暇・介護休暇（取得・復職実績あり）
・資格取得支援制度・資格取得祝金
・配属前研修・入社後研修
・慶弔見舞金制度
・提携保養所
・U・Iターン支援・会社都合の転居時の引越費用負担（規定あり）","まずは「話を聞いてみる」だけで大丈夫です。

当社ではカジュアル面談を実施しています。
志望動機や自己PRの準備は不要。
「どんな職場？」「本当に未経験でもできる？」といった疑問に、担当者が率直にお答えします。

■ 応募から入社までの3STEP ■
▶ STEP1 WEB応募（1分）
▶ STEP2 カジュアル面談（1回のみ・1〜3日以内にご連絡）
▶ STEP3 採用・入社日のご相談

入社日は柔軟に調整できます。
「来月から」「今の仕事を辞めてから」など、ご都合をお聞かせください。",,即日勤務OK、交通費支給、残業なし,2,任意,生年月日、性別、電話番号,ntf-indeedapplicant-aaaatulx77tci2k2pr5yeqapva@shukatsu-labo.slack.com,,,利用しない,,
募集中,株式会社BREXA Technology,未経験｜検品・梱包｜株式会社BREXA Technology｜東京第１支店（ITエンジニアリング事業本部）,倉庫作業スタッフ,20～30代活躍中◎中央区｜研修と面談でしっかり支える検品・梱包,,東京都 中央区 銀座,,,正社員,はい,月給,250000,,最低額を表示,なし,,,,,,,固定時間制,160,,厚生年金、健康保険、雇用保険、労災保険,,なし,,,,,,,,,,,,,,,,,,"東京第１支店（ITエンジニアリング事業本部）が受け持つ中央区周辺の物流センターで、検品・梱包を担当する正社員スタッフを募集します。
扱うのは通販で人気のアパレル・雑貨・コスメなど軽いものばかり。空調の効いたきれいな倉庫で、商品をチェックして箱に詰めるシンプルなお仕事です。
残業はほぼなし、土日祝休み。仕事の後も週末も、自分の時間をしっかり確保できます。

✅ 入社後はこんな1日
09:00 朝礼。体調チェックと当日の出荷量を共有
09:15 午前は検品。外観を目視で確認して、気になる商品は別置きにしてリーダーへ
12:00 昼休憩（60分）
13:00 午後は梱包。袋詰め→箱詰め→テープ留めの3工程を繰り返します
15:00 小休憩（15分）。自動販売機で飲み物を買ってリフレッシュ
15:15 当日出荷分の最終チェックと仕分けを全員で仕上げます
17:45 作業スペースの清掃
18:00 退勤。残業は月平均6.5時間以内に収まっています

✅ 作業は3ステップだけ
1. 検品：商品を手に取って、傷・汚れ・数量を確認。迷ったら「保留」箱に入れてリーダーに聞くだけ
2. 梱包：商品に合わせて袋・緩衝材・箱を選んで、動かないように納めてテープで封をします
3. 仕分け：伝票シールを貼って、配送地域ごとのコンテナへ
衣類・雑貨・コスメ・文房具などの軽い商品が中心で、フォークリフトなどの機械操作はありません。

✅ 未経験の方向け 1週間プログラム
◎ 1日目：会社説明、安全講習、作業場の見学
◎ 2日目：先輩の隣で検品の実演を見学して、午後から一緒に作業
◎ 3日目：梱包の袋詰め・箱詰めを先輩と一緒に担当
◎ 4日目：シール貼りと仕分けを一人で担当。先輩は同じ作業台で見守ります
◎ 5日目：検品から仕分けまでを通しで経験
覚えることは3ステップの繰り返し。資格や専門知識はいりません。

✅ 設備のポイント
◎ 冷暖房完備の室内作業で、季節や天候に左右されません
◎ 休憩室に電子レンジ・冷蔵庫・ポットがあって、フリーWi-Fiも使えます
◎ 個人用の鍵付きロッカーを完備
◎ 髪色・ネイル・服装は自由。清潔感があれば普段のスタイルのままで大丈夫

✅ 東京都中央区で働くということ
都心の中心部に位置し、仕事帰りの予定も立てやすいエリアです。
地下鉄各線の銀座駅、JR有楽町駅・新橋駅が徒歩圏で、都内どこからでも通いやすい立地です。
通勤時間を抑えられれば、そのぶん自分の時間が増えます。東京第１支店（ITエンジニアリング事業本部）のスタッフが、通いやすい配属先を一緒に考えます。

「難しいことはできないけど、コツコツ集中するのは得意」という方、ぜひ東京第１支店（ITエンジニアリング事業本部）にお越しください。","【アピールポイント：ココが推し！】

✅ マンツーマンで覚えられる
専任の先輩が隣について、実演しながら手順を説明します。最初はシール貼りやダンボールの組み立てから始めて、1週間でひと通りの流れを経験できます。

✅ 土日祝休み・年間休日125日
完全週休2日制でカレンダー通りに休めます。大型連休もしっかり確保できるので、遠征や旅行のスケジュールも立てやすいのが魅力です。

✅ 黙々・コツコツ派にぴったり
ノルマはなく、接客もありません。「一人で集中して作業したい」「人間関係のストレスを減らしたい」という方に向いている環境です。

✅ 空調完備の清潔な倉庫
冷暖房がしっかり効いた室内で、季節を問わず快適。休憩室には電子レンジ・冷蔵庫・自動販売機があって、鍵付きロッカーも完備です。

✅ 「好き」を語れる仲間がいる職場
休憩時間は趣味の話で盛り上がることも。「ライブどうだった？」「新作見た？」なんて会話が日常にあります。

✅ 中央区周辺で通いやすい
地下鉄各線の銀座駅、JR有楽町駅・新橋駅が徒歩圏で、都内どこからでも通いやすい立地です。都心の中心部に位置し、仕事帰りの予定も立てやすいエリアです。

「自分にもできそう」と思えたら、それがスタートの合図。東京第１支店（ITエンジニアリング事業本部）でお待ちしています。","【こんな方にピッタリなお仕事です！】

・趣味やプライベートを第一優先にしたい方
・PC入力などのコツコツ作業が好きな方
・フリーターから卒業して、安定した環境で働きたい方
・家庭と仕事をバランスよく両立したい主婦(夫)さん
・第二新卒として、新しい環境でリスタートしたい方
・誰かをサポートすることにやりがいを感じる方
・ワークライフバランスを何より大切にしたい方

【応募条件は一切なし！】
#未経験・ブランクOK #学歴・職歴・経験不問
#20代・30代女性活躍中 #推し活優先OK #残業ほぼナシ

「今の自分」のままで、一歩踏み出してみませんか？ハローワークでお探し中の方も、ぜひお気軽にご応募ください！","【勤務時間】
★9:00~18:00
└実働8時間/休憩1時間

定時ダッシュも問題ないです✧
✧ 土日祝休み
✧ 残業月平均:6.5時間以内
✧ 残業代100%支給","✧ 完全週休2日制(土日祝休み)
✧ 年間休日125日
「土日休みはマスト!」ってあなたにも
ぴったりの職場です!

【その他休暇】
✧ 有給休暇
✧ 夏季・冬季休暇
✧ GW休暇
✧ 年末年始休暇",東京第１支店（ITエンジニアリング事業本部）,東京都中央区銀座6-17-1 銀座６丁目－ＳＱＵＡＲＥ,"月給:25万円~+交通費全額支給

※経験に応じて決定いたします。

# 昇給あり
# 賞与あり
# 残業代100%支給
# 交通費支給","・社会保険完備（雇用・労災・健康・厚生年金）
・家族手当（扶養者のみ・規定あり）
・時間外手当（1分単位）・休日出勤手当・役職手当
・借上社宅制度・単身社員寮（家賃補助あり・規定あり）
・企業型確定拠出年金制度
・定期健康診断
・慶弔休暇・産前産後休暇・育児休暇・介護休暇（取得・復職実績あり）
・資格取得支援制度・資格取得祝金
・配属前研修・入社後研修
・慶弔見舞金制度
・提携保養所
・U・Iターン支援・会社都合の転居時の引越費用負担（規定あり）","【最短スケジュールのイメージ】

▶ STEP1 今日：WEBから1分で応募
▶ STEP2 1〜3日後：担当者からご連絡 → カジュアル面談の日程調整
▶ STEP3 面談当日：カジュアル面談（1回のみ）→ 採用のご連絡

面談では、職場の雰囲気・1日の流れ・通勤のことなど、
気になることを何でも聞いてください。

✧ 入社日はご相談いただけます ✧
「すぐ働きたい」「少し先がいい」どちらのご希望にも対応します。",,即日勤務OK、交通費支給、残業なし,2,任意,生年月日、性別、電話番号,ntf-indeedapplicant-aaaatulx77tci2k2pr5yeqapva@shukatsu-labo.slack.com,,,利用しない,,
募集中,株式会社BREXA Technology,未経験｜検品・梱包｜株式会社BREXA Technology｜東京第１支店（プロダクト開発課）,倉庫作業スタッフ,20～30代活躍中◎土日祝休み｜中央区で自分時間を大切にする軽作業,,東京都 中央区 銀座,,,正社員,はい,月給,250000,,最低額を表示,なし,,,,,,,固定時間制,160,,厚生年金、健康保険、雇用保険、労災保険,,なし,,,,,,,,,,,,,,,,,,"「仕事は淡々と、プライベートは全力で」そんな働き方を叶える検品・梱包のお仕事です。
勤務先は東京第１支店（プロダクト開発課）が受け持つ中央区周辺の物流センター。届いた商品に不備がないか確認して、丁寧に梱包し、出荷の準備をします。
冷暖房完備の室内で、重い荷物を運ぶことはほとんどありません。

✅ 1日の流れ（9:00〜18:00・休憩1時間）
09:00 朝礼。今日の出荷予定と担当作業を確認
09:15 検品スタート。商品の傷・汚れ・数量を納品書と照らし合わせます
12:00 昼休憩（60分）。休憩室で昼食。電子レンジや冷蔵庫も使えます
13:00 梱包スタート。袋詰め、緩衝材で包む、箱に納めるの繰り返し
15:00 小休憩（15分）。飲み物を片手にひと息
15:15 ラベル貼りと出荷先ごとの仕分け
17:45 作業台の片づけと翌日の資材準備
18:00 退勤。残業は月平均6.5時間以内で、定時で帰れる日が大半。夜の予定も入れられます

✅ 作業は3ステップだけ
1. 検品：商品を手に取って、傷・汚れ・数量を確認。迷ったら「保留」箱に入れてリーダーに聞くだけ
2. 梱包：商品に合わせて袋・緩衝材・箱を選んで、動かないように納めてテープで封をします
3. 仕分け：伝票シールを貼って、配送地域ごとのコンテナへ
衣類・雑貨・コスメ・文房具などの軽い商品が中心で、フォークリフトなどの機械操作はありません。

✅ 入社後1週間の流れ
1日目：東京第１支店（プロダクト開発課）でオリエンテーション。安全ルールや勤怠の付け方、勤務先の設備を案内します
2〜3日目：先輩スタッフがマンツーマンで隣について、検品の見方と梱包の手順を実演しながら教えます
4〜5日目：シール貼りやダンボールの組み立てから一人で担当。分からないことはその場で聞けます
1週間後：検品〜仕分けまでの流れをひと通り経験して、自分のペースで進められるように
「早ければ半日、遅くとも2〜3日で一人立ち」が現場の目安。慣れるまでは焦らず一緒に進めます。

✅ 働く環境
作業場は1年中空調が効いていて、「夏は暑くて汗だく」「冬は手がかじかむ」という心配がありません。
休憩室は広くて、電子レンジや冷蔵庫、自動販売機が揃っています。
鍵付きロッカーがあるので、貴重品の管理も安心。
髪型・ネイル・服装は自由で、自分らしいスタイルのまま通勤できます。

✅ 東京都中央区で働くということ
都心の中心部に位置し、仕事帰りの予定も立てやすいエリアです。
地下鉄各線の銀座駅、JR有楽町駅・新橋駅が徒歩圏で、都内どこからでも通いやすい立地です。
通勤時間を抑えられれば、そのぶん自分の時間が増えます。東京第１支店（プロダクト開発課）のスタッフが、通いやすい配属先を一緒に考えます。

仕事は淡々と、自分の時間は全力で。そんな働き方を東京第１支店（プロダクト開発課）で始めませんか。ご応募をお待ちしています。","【中央区で自分らしく働く5つの理由】

✅ 先輩の9割以上が未経験スタート
「商品を手に取る」「傷がないか見る」「箱に入れる」の3ステップが基本。専門用語も複雑な機械操作もなく、初日は安全講習から始まるので安心です。

✅ 9:00〜18:00の固定時間制
毎日同じリズムで働けるので、生活のペースが安定します。土日祝がお休みなので、友人や家族との予定も合わせやすい環境です。

✅ 重い荷物はほとんどなし
扱うのは衣類・コスメ・文房具・小型雑貨など軽い商品が中心。力仕事はほぼなくて、身体への負担を抑えて長く続けられます。

✅ 空調完備の清潔な倉庫
冷暖房がしっかり効いた室内で、季節を問わず快適。休憩室には電子レンジ・冷蔵庫・自動販売機があって、鍵付きロッカーも完備です。

✅ 面談で働き方の希望を聞き取ります
東京第１支店（プロダクト開発課）の担当者が入社後も定期的に面談します。職場では言いにくいことも、ここでなら話しやすいはず。頑張りは昇給でしっかり評価します。

✅ 地元中央区で自分時間を確保
都心の中心部に位置し、仕事帰りの予定も立てやすいエリアです。地下鉄各線の銀座駅、JR有楽町駅・新橋駅が徒歩圏で、都内どこからでも通いやすい立地です。

「自分にもできそう」と思えたら、それがスタートの合図。東京第１支店（プロダクト開発課）でお待ちしています。","【こんな方にピッタリなお仕事です！】

・趣味やプライベートを第一優先にしたい方
・PC入力などのコツコツ作業が好きな方
・フリーターから卒業して、安定した環境で働きたい方
・家庭と仕事をバランスよく両立したい主婦(夫)さん
・第二新卒として、新しい環境でリスタートしたい方
・誰かをサポートすることにやりがいを感じる方
・ワークライフバランスを何より大切にしたい方

【応募条件は一切なし！】
#未経験・ブランクOK #学歴・職歴・経験不問
#20代・30代女性活躍中 #推し活優先OK #残業ほぼナシ

「今の自分」のままで、一歩踏み出してみませんか？ハローワークでお探し中の方も、ぜひお気軽にご応募ください！","【勤務時間】
★9:00~18:00
└実働8時間/休憩1時間

定時ダッシュも問題ないです✧
✧ 土日祝休み
✧ 残業月平均:6.5時間以内
✧ 残業代100%支給","✧ 完全週休2日制(土日祝休み)
✧ 年間休日125日
「土日休みはマスト!」ってあなたにも
ぴったりの職場です!

【その他休暇】
✧ 有給休暇
✧ 夏季・冬季休暇
✧ GW休暇
✧ 年末年始休暇",東京第１支店（プロダクト開発課）,東京都中央区銀座6-17-1 銀座６丁目－ＳＱＵＡＲＥ,"月給:25万円~+交通費全額支給

※経験に応じて決定いたします。

# 昇給あり
# 賞与あり
# 残業代100%支給
# 交通費支給","・社会保険完備（雇用・労災・健康・厚生年金）
・家族手当（扶養者のみ・規定あり）
・時間外手当（1分単位）・休日出勤手当・役職手当
・借上社宅制度・単身社員寮（家賃補助あり・規定あり）
・企業型確定拠出年金制度
・定期健康診断
・慶弔休暇・産前産後休暇・育児休暇・介護休暇（取得・復職実績あり）
・資格取得支援制度・資格取得祝金
・配属前研修・入社後研修
・慶弔見舞金制度
・提携保養所
・U・Iターン支援・会社都合の転居時の引越費用負担（規定あり）","■ 選考について ■
・カジュアル面談：1回のみ（服装自由・履歴書任意）
・応募から面談まで：WEB応募後、1〜3日以内にご連絡
・入社日：ご相談のうえ決定

■ 応募からの流れ ■
▶ STEP1 WEBから1分で応募
▶ STEP2 カジュアル面談（1回のみ）
▶ STEP3 採用

「まずは話だけ聞いてみたい」という方も、そのままご応募ください。
面談で無理に応募を勧めることはありません。",,即日勤務OK、交通費支給、残業なし,2,任意,生年月日、性別、電話番号,ntf-indeedapplicant-aaaatulx77tci2k2pr5yeqapva@shukatsu-labo.slack.com,,,利用しない,,
募集中,株式会社BREXA Technology,未経験｜検品・梱包｜株式会社BREXA Technology｜東京第１支店（機電事業本部 東京支店）,倉庫作業スタッフ,20～30代活躍中◎中央区｜年間休日125日でプライベート優先,,東京都 中央区 銀座,,,正社員,はい,月給,250000,,最低額を表示,なし,,,,,,,固定時間制,160,,厚生年金、健康保険、雇用保険、労災保険,,なし,,,,,,,,,,,,,,,,,,"東京都中央区周辺で、検品・梱包スタッフ（正社員）を募集中です。
勤務先は東京第１支店（機電事業本部 東京支店）が受け持つ中央区周辺の物流センター。衣類・コスメ・文房具などの軽い商品を、目で確認して、数を合わせて、袋や箱に納めていきます。
髪型・ネイル・服装は自由。自分らしいスタイルのまま、コツコツ集中して働けます。

✅ ある日のスケジュール
09:00 出勤・朝礼。リーダーから連絡事項の共有
09:10 ハンディ端末でバーコードを読み取り、品番と個数を照合
10:30 小休憩（10分）
12:00 昼休憩（60分）。お弁当派も、近くで買ってくる派も
13:00 午後は梱包。ダンボールを組み立て、商品が動かないように納めます
15:00 小休憩（15分）
15:15 出荷準備。伝票シールを貼って配送業者ごとにコンテナへ
17:45 清掃と日報の記入
18:00 定時退勤。土日祝休みだから、週末の遠征やイベントの予定も立てやすい

✅ こんな商品を扱います
通販サイトで人気のアパレル商品、生活雑貨、コスメ、文房具が中心です。
◎ シャツやタオルを畳んで透明袋へ
◎ コスメ容器のひび割れを目視で確認
◎ 文房具のセット品を指定の個数で袋詰め
◎ 箱にラベルを貼って配送業者ごとの台車へ
作業台の高さも調整されていて、身体への負担を抑えて働けます。

✅ 教育・研修のこと
入社初日は安全講習とオリエンテーションから。いきなり一人で現場に立つことはありません。
2日目以降は専任の先輩が隣について、検品・梱包の手順を実際にやって見せながら教えます。
最初の1週間は「見る→一緒にやる→一人でやる」の順で担当を広げて、1週間後にはひと通りの作業を経験できます。
東京第１支店（機電事業本部 東京支店）の担当者も定期面談で様子を聞くので、職場に言いにくいことも相談できます。

✅ 設備のポイント
◎ 冷暖房完備の室内作業で、季節や天候に左右されません
◎ 休憩室に電子レンジ・冷蔵庫・ポットがあって、フリーWi-Fiも使えます
◎ 個人用の鍵付きロッカーを完備
◎ 髪色・ネイル・服装は自由。清潔感があれば普段のスタイルのままで大丈夫

✅ 東京第１支店（機電事業本部 東京支店）ならではの一言
地下鉄各線の銀座駅、JR有楽町駅・新橋駅が徒歩圏で、都内どこからでも通いやすい立地です。
都心の中心部に位置し、仕事帰りの予定も立てやすいエリアです。
東京第１支店（機電事業本部 東京支店）が中央区周辺の勤務先を受け持っているので、「家から近い所がいい」といった希望も気軽に伝えてください。

「難しいことはできないけど、コツコツ集中するのは得意」という方、ぜひ東京第１支店（機電事業本部 東京支店）にお越しください。","【アピールポイント：ココが推し！】

✅ 先輩の9割以上が未経験スタート
「商品を手に取る」「傷がないか見る」「箱に入れる」の3ステップが基本。専門用語も複雑な機械操作もなく、初日は安全講習から始まるので安心です。

✅ 残業は月平均6.5時間以内
定時で帰れる日がほとんど。仕事の後にライブや配信、ジムや習い事。平日の夜も自分のために使えます。

✅ 重い荷物はほとんどなし
扱うのは衣類・コスメ・文房具・小型雑貨など軽い商品が中心。力仕事はほぼなくて、身体への負担を抑えて長く続けられます。

✅ 空調完備の清潔な倉庫
冷暖房がしっかり効いた室内で、季節を問わず快適。休憩室には電子レンジ・冷蔵庫・自動販売機があって、鍵付きロッカーも完備です。

✅ 正社員としての安定
正社員雇用に加えて、社会保険完備、家族手当（規定あり）、借上社宅制度、資格取得支援があります。趣味の資金もコツコツ貯まる働き方です。

✅ 地元中央区で自分時間を確保
都心の中心部に位置し、仕事帰りの予定も立てやすいエリアです。地下鉄各線の銀座駅、JR有楽町駅・新橋駅が徒歩圏で、都内どこからでも通いやすい立地です。

まずはカジュアル面談で、職場の雰囲気や1日の流れをお伝えします。気軽にご応募ください。","【こんな方にピッタリなお仕事です！】

・趣味やプライベートを第一優先にしたい方
・PC入力などのコツコツ作業が好きな方
・フリーターから卒業して、安定した環境で働きたい方
・家庭と仕事をバランスよく両立したい主婦(夫)さん
・第二新卒として、新しい環境でリスタートしたい方
・誰かをサポートすることにやりがいを感じる方
・ワークライフバランスを何より大切にしたい方

【応募条件は一切なし！】
#未経験・ブランクOK #学歴・職歴・経験不問
#20代・30代女性活躍中 #推し活優先OK #残業ほぼナシ

「今の自分」のままで、一歩踏み出してみませんか？ハローワークでお探し中の方も、ぜひお気軽にご応募ください！","【勤務時間】
★9:00~18:00
└実働8時間/休憩1時間

定時ダッシュも問題ないです✧
✧ 土日祝休み
✧ 残業月平均:6.5時間以内
✧ 残業代100%支給","✧ 完全週休2日制(土日祝休み)
✧ 年間休日125日
「土日休みはマスト!」ってあなたにも
ぴったりの職場です!

【その他休暇】
✧ 有給休暇
✧ 夏季・冬季休暇
✧ GW休暇
✧ 年末年始休暇",東京第１支店（機電事業本部 東京支店）,東京都中央区銀座6-17-1 銀座６丁目－ＳＱＵＡＲＥ,"月給:25万円~+交通費全額支給

※経験に応じて決定いたします。

# 昇給あり
# 賞与あり
# 残業代100%支給
# 交通費支給","・社会保険完備（雇用・労災・健康・厚生年金）
・家族手当（扶養者のみ・規定あり）
・時間外手当（1分単位）・休日出勤手当・役職手当
・借上社宅制度・単身社員寮（家賃補助あり・規定あり）
・企業型確定拠出年金制度
・定期健康診断
・慶弔休暇・産前産後休暇・育児休暇・介護休暇（取得・復職実績あり）
・資格取得支援制度・資格取得祝金
・配属前研修・入社後研修
・慶弔見舞金制度
・提携保養所
・U・Iターン支援・会社都合の転居時の引越費用負担（規定あり）","✧ カジュアル面談実施中です ✧

応募に必要なのは人柄だけ。
まずはあなたのご希望を聞かせてください。

■ 応募からの流れ ■
▶ STEP1 WEBから1分で簡単応募
1〜3日以内に担当者からご連絡します。
▶ STEP2 カジュアル面談（1回のみ）
職場の雰囲気や1日の流れをお伝えし、ご希望を伺います。
▶ STEP3 採用

※入社日はご相談いただけます◎
在職中の方も、お気軽にご相談ください。",,即日勤務OK、交通費支給、残業なし,2,任意,生年月日、性別、電話番号,ntf-indeedapplicant-aaaatulx77tci2k2pr5yeqapva@shukatsu-labo.slack.com,,,利用しない,,
募集中,株式会社BREXA Technology,未経験｜検品・梱包｜株式会社BREXA Technology｜東京第１支店（ストラテジックセールス室 1課）,倉庫作業スタッフ,20～30代活躍中◎推し活と両立｜中央区で検品・梱包の正社員,,東京都 中央区 銀座,,,正社員,はい,月給,250000,,最低額を表示,なし,,,,,,,固定時間制,160,,厚生年金、健康保険、雇用保険、労災保険,,なし,,,,,,,,,,,,,,,,,,"黙々と集中する時間が好きな方に向いている、検品・梱包のお仕事です。
勤務先は東京第１支店（ストラテジックセールス室 1課）が受け持つ中央区周辺の物流センター。1年中快適な温度の倉庫で、自分の作業台を担当します。
東京第１支店（ストラテジックセールス室 1課）では入社後も定期的に面談をして、働き方の希望や困りごとを聞き取ります。

✅ 入社後はこんな1日
09:00 朝礼。体調チェックと当日の出荷量を共有
09:15 午前は検品。外観を目視で確認して、気になる商品は別置きにしてリーダーへ
12:00 昼休憩（60分）
13:00 午後は梱包。袋詰め→箱詰め→テープ留めの3工程を繰り返します
15:00 小休憩（15分）。自動販売機で飲み物を買ってリフレッシュ
15:15 当日出荷分の最終チェックと仕分けを全員で仕上げます
17:45 作業スペースの清掃
18:00 退勤。残業は月平均6.5時間以内に収まっています

✅ お仕事の中身
◎ 検品：商品の外観チェック（傷・汚れ・へこみ）と数量・品番の照合
◎ スキャン：バーコードリーダーで「ピッ」と読み取ってデータと突き合わせ
◎ 梱包：袋詰め、緩衝材包装、ダンボールの組み立てと箱詰め、テープ留め
◎ 仕上げ：ラベル貼りと配送地域別の仕分け
扱うのはアパレル、コスメ、文房具、小型雑貨など。繰り返すうちに手が覚えていく作業です。

✅ 未経験の方向け 1週間プログラム
◎ 1日目：会社説明、安全講習、作業場の見学
◎ 2日目：先輩の隣で検品の実演を見学して、午後から一緒に作業
◎ 3日目：梱包の袋詰め・箱詰めを先輩と一緒に担当
◎ 4日目：シール貼りと仕分けを一人で担当。先輩は同じ作業台で見守ります
◎ 5日目：検品から仕分けまでを通しで経験
覚えることは3ステップの繰り返し。資格や専門知識はいりません。

✅ 職場環境
◎ 空調完備：冷暖房が効いた清潔な室内で、夏も冬も快適
◎ 休憩室：電子レンジ・冷蔵庫・ポット・自動販売機あり。お弁当持参でもゆっくり過ごせます
◎ ロッカー：鍵付きの個人ロッカーで貴重品も安心
◎ 服装：髪色・ネイル・服装は自由。推しカラーのネイルも、お気に入りの服も、そのままで

✅ 東京第１支店（ストラテジックセールス室 1課）ならではの一言
地下鉄各線の銀座駅、JR有楽町駅・新橋駅が徒歩圏で、都内どこからでも通いやすい立地です。
都心の中心部に位置し、仕事帰りの予定も立てやすいエリアです。
東京第１支店（ストラテジックセールス室 1課）が中央区周辺の勤務先を受け持っているので、「家から近い所がいい」といった希望も気軽に伝えてください。

仕事は淡々と、自分の時間は全力で。そんな働き方を東京第１支店（ストラテジックセールス室 1課）で始めませんか。ご応募をお待ちしています。","【中央区で自分らしく働く5つの理由】

✅ 資格・経験・学歴は問いません
必要なのは「丁寧に確認する姿勢」だけ。仕事のやり方は入社後にお伝えします。資格を取りたくなったら、資格取得支援制度と祝金があります。

✅ 9:00〜18:00の固定時間制
毎日同じリズムで働けるので、生活のペースが安定します。土日祝がお休みなので、友人や家族との予定も合わせやすい環境です。

✅ 黙々・コツコツ派にぴったり
ノルマはなく、接客もありません。「一人で集中して作業したい」「人間関係のストレスを減らしたい」という方に向いている環境です。

✅ 休憩室でしっかりリフレッシュ
昼休憩60分に加えて午後の小休憩があって、集中力を保ちやすいリズムです。休憩室にはポットやフリーWi-Fiもあります。

✅ 面談で働き方の希望を聞き取ります
東京第１支店（ストラテジックセールス室 1課）の担当者が入社後も定期的に面談します。職場では言いにくいことも、ここでなら話しやすいはず。頑張りは昇給でしっかり評価します。

✅ 中央区周辺で通いやすい
地下鉄各線の銀座駅、JR有楽町駅・新橋駅が徒歩圏で、都内どこからでも通いやすい立地です。都心の中心部に位置し、仕事帰りの予定も立てやすいエリアです。

「自分にもできそう」と思えたら、それがスタートの合図。東京第１支店（ストラテジックセールス室 1課）でお待ちしています。","【こんな方にピッタリなお仕事です！】

・趣味やプライベートを第一優先にしたい方
・PC入力などのコツコツ作業が好きな方
・フリーターから卒業して、安定した環境で働きたい方
・家庭と仕事をバランスよく両立したい主婦(夫)さん
・第二新卒として、新しい環境でリスタートしたい方
・誰かをサポートすることにやりがいを感じる方
・ワークライフバランスを何より大切にしたい方

【応募条件は一切なし！】
#未経験・ブランクOK #学歴・職歴・経験不問
#20代・30代女性活躍中 #推し活優先OK #残業ほぼナシ

「今の自分」のままで、一歩踏み出してみませんか？ハローワークでお探し中の方も、ぜひお気軽にご応募ください！","【勤務時間】
★9:00~18:00
└実働8時間/休憩1時間

定時ダッシュも問題ないです✧
✧ 土日祝休み
✧ 残業月平均:6.5時間以内
✧ 残業代100%支給","✧ 完全週休2日制(土日祝休み)
✧ 年間休日125日
「土日休みはマスト!」ってあなたにも
ぴったりの職場です!

【その他休暇】
✧ 有給休暇
✧ 夏季・冬季休暇
✧ GW休暇
✧ 年末年始休暇",東京第１支店（ストラテジックセールス室 1課）,東京都中央区銀座6-17-1 銀座６丁目－ＳＱＵＡＲＥ,"月給:25万円~+交通費全額支給

※経験に応じて決定いたします。

# 昇給あり
# 賞与あり
# 残業代100%支給
# 交通費支給","・社会保険完備（雇用・労災・健康・厚生年金）
・家族手当（扶養者のみ・規定あり）
・時間外手当（1分単位）・休日出勤手当・役職手当
・借上社宅制度・単身社員寮（家賃補助あり・規定あり）
・企業型確定拠出年金制度
・定期健康診断
・慶弔休暇・産前産後休暇・育児休暇・介護休暇（取得・復職実績あり）
・資格取得支援制度・資格取得祝金
・配属前研修・入社後研修
・慶弔見舞金制度
・提携保養所
・U・Iターン支援・会社都合の転居時の引越費用負担（規定あり）","【応募前の「気になる」にお答えします】

Q. 面接は堅苦しいですか？
A. いいえ。カジュアル面談を1回行うだけです。服装も自由、履歴書も任意です。

Q. 応募してからどのくらいで決まりますか？
A. 3ステップで進みます。
▶ STEP1 WEBから応募（1分）→ 1〜3日以内にご連絡
▶ STEP2 カジュアル面談（1回のみ）
▶ STEP3 採用

Q. すぐには入社できないのですが…
A. 入社日はご相談いただけます。今のお仕事の引き継ぎ期間なども考慮します。",,即日勤務OK、交通費支給、残業なし,2,任意,生年月日、性別、電話番号,ntf-indeedapplicant-aaaatulx77tci2k2pr5yeqapva@shukatsu-labo.slack.com,,,利用しない,,
募集中,株式会社BREXA Technology,未経験｜検品・梱包｜株式会社BREXA Technology｜本社,倉庫作業スタッフ,20～30代活躍中◎千代田区｜空調完備の室内でシンプル作業,,東京都 千代田区 丸の内,,,正社員,はい,月給,250000,,最低額を表示,なし,,,,,,,固定時間制,160,,厚生年金、健康保険、雇用保険、労災保険,,なし,,,,,,,,,,,,,,,,,,"本社が受け持つ千代田区周辺の物流センターで、検品・梱包を担当する正社員スタッフを募集します。
扱うのは通販で人気のアパレル・雑貨・コスメなど軽いものばかり。空調の効いたきれいな倉庫で、商品をチェックして箱に詰めるシンプルなお仕事です。
残業はほぼなし、土日祝休み。仕事の後も週末も、自分の時間をしっかり確保できます。

✅ ある日のスケジュール
09:00 出勤・朝礼。リーダーから連絡事項の共有
09:10 ハンディ端末でバーコードを読み取り、品番と個数を照合
10:30 小休憩（10分）
12:00 昼休憩（60分）。お弁当派も、近くで買ってくる派も
13:00 午後は梱包。ダンボールを組み立て、商品が動かないように納めます
15:00 小休憩（15分）
15:15 出荷準備。伝票シールを貼って配送業者ごとにコンテナへ
17:45 清掃と日報の記入
18:00 定時退勤。土日祝休みだから、週末の遠征やイベントの予定も立てやすい

✅ お仕事の中身
◎ 検品：商品の外観チェック（傷・汚れ・へこみ）と数量・品番の照合
◎ スキャン：バーコードリーダーで「ピッ」と読み取ってデータと突き合わせ
◎ 梱包：袋詰め、緩衝材包装、ダンボールの組み立てと箱詰め、テープ留め
◎ 仕上げ：ラベル貼りと配送地域別の仕分け
扱うのはアパレル、コスメ、文房具、小型雑貨など。繰り返すうちに手が覚えていく作業です。

✅ 入社後1週間の流れ
1日目：本社でオリエンテーション。安全ルールや勤怠の付け方、勤務先の設備を案内します
2〜3日目：先輩スタッフがマンツーマンで隣について、検品の見方と梱包の手順を実演しながら教えます
4〜5日目：シール貼りやダンボールの組み立てから一人で担当。分からないことはその場で聞けます
1週間後：検品〜仕分けまでの流れをひと通り経験して、自分のペースで進められるように
「早ければ半日、遅くとも2〜3日で一人立ち」が現場の目安。慣れるまでは焦らず一緒に進めます。

✅ 設備のポイント
◎ 冷暖房完備の室内作業で、季節や天候に左右されません
◎ 休憩室に電子レンジ・冷蔵庫・ポットがあって、フリーWi-Fiも使えます
◎ 個人用の鍵付きロッカーを完備
◎ 髪色・ネイル・服装は自由。清潔感があれば普段のスタイルのままで大丈夫

✅ 東京都千代田区で働くということ
オフィス街のイメージが強いエリアですが、周辺には出版・文具・雑貨を扱う配送拠点も点在しています。
東京駅・秋葉原駅・飯田橋駅などJR・地下鉄各線が集まり、都内・近県どちらからも通いやすい立地です。
通勤時間を抑えられれば、そのぶん自分の時間が増えます。本社のスタッフが、通いやすい配属先を一緒に考えます。

仕事は淡々と、自分の時間は全力で。そんな働き方を本社で始めませんか。ご応募をお待ちしています。","【アピールポイント：ココが推し！】

✅ 資格・経験・学歴は問いません
必要なのは「丁寧に確認する姿勢」だけ。仕事のやり方は入社後にお伝えします。資格を取りたくなったら、資格取得支援制度と祝金があります。

✅ 残業は月平均6.5時間以内
定時で帰れる日がほとんど。仕事の後にライブや配信、ジムや習い事。平日の夜も自分のために使えます。

✅ 黙々・コツコツ派にぴったり
ノルマはなく、接客もありません。「一人で集中して作業したい」「人間関係のストレスを減らしたい」という方に向いている環境です。

✅ 休憩室でしっかりリフレッシュ
昼休憩60分に加えて午後の小休憩があって、集中力を保ちやすいリズムです。休憩室にはポットやフリーWi-Fiもあります。

✅ 正社員としての安定
正社員雇用に加えて、社会保険完備、家族手当（規定あり）、借上社宅制度、資格取得支援があります。趣味の資金もコツコツ貯まる働き方です。

✅ 千代田区周辺で通いやすい
東京駅・秋葉原駅・飯田橋駅などJR・地下鉄各線が集まり、都内・近県どちらからも通いやすい立地です。オフィス街のイメージが強いエリアですが、周辺には出版・文具・雑貨を扱う配送拠点も点在しています。

まずはカジュアル面談で、職場の雰囲気や1日の流れをお伝えします。気軽にご応募ください。","【こんな方にピッタリなお仕事です！】

・趣味やプライベートを第一優先にしたい方
・PC入力などのコツコツ作業が好きな方
・フリーターから卒業して、安定した環境で働きたい方
・家庭と仕事をバランスよく両立したい主婦(夫)さん
・第二新卒として、新しい環境でリスタートしたい方
・誰かをサポートすることにやりがいを感じる方
・ワークライフバランスを何より大切にしたい方

【応募条件は一切なし！】
#未経験・ブランクOK #学歴・職歴・経験不問
#20代・30代女性活躍中 #推し活優先OK #残業ほぼナシ

「今の自分」のままで、一歩踏み出してみませんか？ハローワークでお探し中の方も、ぜひお気軽にご応募ください！","【勤務時間】
★9:00~18:00
└実働8時間/休憩1時間

定時ダッシュも問題ないです✧
✧ 土日祝休み
✧ 残業月平均:6.5時間以内
✧ 残業代100%支給","✧ 完全週休2日制(土日祝休み)
✧ 年間休日125日
「土日休みはマスト!」ってあなたにも
ぴったりの職場です!

【その他休暇】
✧ 有給休暇
✧ 夏季・冬季休暇
✧ GW休暇
✧ 年末年始休暇",本社,東京都千代田区丸の内1-8-3 丸の内トラストタワー本館16・17F（受付：17F）,"月給:25万円~+交通費全額支給

※経験に応じて決定いたします。

# 昇給あり
# 賞与あり
# 残業代100%支給
# 交通費支給","・社会保険完備（雇用・労災・健康・厚生年金）
・家族手当（扶養者のみ・規定あり）
・時間外手当（1分単位）・休日出勤手当・役職手当
・借上社宅制度・単身社員寮（家賃補助あり・規定あり）
・企業型確定拠出年金制度
・定期健康診断
・慶弔休暇・産前産後休暇・育児休暇・介護休暇（取得・復職実績あり）
・資格取得支援制度・資格取得祝金
・配属前研修・入社後研修
・慶弔見舞金制度
・提携保養所
・U・Iターン支援・会社都合の転居時の引越費用負担（規定あり）","まずは「話を聞いてみる」だけで大丈夫です。

当社ではカジュアル面談を実施しています。
志望動機や自己PRの準備は不要。
「どんな職場？」「本当に未経験でもできる？」といった疑問に、担当者が率直にお答えします。

■ 応募から入社までの3STEP ■
▶ STEP1 WEB応募（1分）
▶ STEP2 カジュアル面談（1回のみ・1〜3日以内にご連絡）
▶ STEP3 採用・入社日のご相談

入社日は柔軟に調整できます。
「来月から」「今の仕事を辞めてから」など、ご都合をお聞かせください。",,即日勤務OK、交通費支給、残業なし,2,任意,生年月日、性別、電話番号,ntf-indeedapplicant-aaaatulx77tci2k2pr5yeqapva@shukatsu-labo.slack.com,,,利用しない,,
