ステータス,会社名,職種名,職業カテゴリー,求人キャッチコピー,勤務地（郵便番号）,勤務地（都道府県・市区町村・町域）,勤務地（丁目・番地・号）,勤務地（建物名・階数）,雇用形態,有料職業紹介に該当,給与形態,給与（最低額）,給与（最高額）,給与（表示形式）,固定残業代の有無,固定残業代（最低額）,固定残業代（最高額）,固定残業代（支払い単位）,固定残業代（時間）,固定残業代（分）,固定残業代（超過分の追加支払への同意）,勤務形態,平均所定労働時間,平均所定労働時間（分）,社会保険,社会保険（適用されない理由）,試用期間の有無,試用期間（期間）,試用期間（期間の単位）,試用期間（試用期間中の労働条件）,試用期間中の給与形態,試用期間中の給与（最低額）,試用期間中の給与（最高額）,試用期間中の給与（表示形式）,試用期間中の固定残業代の有無,試用期間中の固定残業代（最低額）,試用期間中の固定残業代（最高額）,試用期間中の固定残業代（支払い単位）,試用期間中の固定残業代（時間）,試用期間中の固定残業代（分）,試用期間中の固定残業代（超過分の追加支払への同意）,試用期間中の平均所定労働時間,試用期間中の平均所定労働時間（分）,試用期間中のその他の条件,募集要項（仕事内容）,募集要項（アピールポイント）,募集要項（求める人材）,募集要項（勤務時間・曜日）,募集要項（休暇・休日）,募集要項（勤務地の補足）,募集要項（アクセス）,募集要項（給与の補足）,募集要項（待遇・福利厚生）,募集要項（その他）,掲載画像,タグ,採用予定人数,履歴書の有無,応募者に関する情報,応募用メールアドレス,求人問い合わせ先電話番号（半角）,審査用の質問,自動アプローチ利用設定,自動アプローチ条件設定,ユーザー指定ID
募集中,株式会社エイジェック,【未経験】検品・梱包作業/株式会社エイジェック/糸島雇用開発センター,倉庫作業スタッフ,20~30代活躍中◎ワークライフバランスも充実！！,,福岡県 糸島市 前原中央,,,正社員,はい,月給,250000,,最低額を表示,なし,,,,,,,固定時間制,160,,厚生年金、健康保険、雇用保険、労災保険,,なし,,,,,,,,,,,,,,,,,,"空調が完備された綺麗な物流センター内で、人気ECサイトで販売されているアパレル商品・生活雑貨・コスメなどの「検品・梱包作業」を担当していただきます。
作業内容は非常にシンプルで、「商品を手に取る」「傷がないかチェックする」「箱や袋に詰める」という基本の3ステップが中心です。重いお荷物の持ち運びはほとんどなく、自分のペースでコツコツ・黙々と進められる軽作業です。
未経験からスタートしたスタッフが9割以上活躍中で、1日〜数日で覚えられる簡単な作業ばかりですので、バイトデビューや久しぶりのお仕事復帰の方も安心してスタートしていただけます。

■ 具体的なお仕事の流れ

1. 検品・チェック作業
入荷された商品や出荷前の商品に問題がないか、確認する作業です。

・外観の目視確認： 商品に傷や汚れ、ほつれ、パッケージの凹みなどが無いかを目視で丁寧にチェックします。
・数量・品番の照合： 納品書や手元のハンディ端末に表示されたデータと、目の前にある商品の種類・個数が合致しているか確認します。
・バーコードスキャン： バーコードリーダーを使って商品を「ピッと」読み取る作業です。機械の操作はスマホ感覚で直感的に行えるため、難しい設定や専門知識は一切不要です。

2. 梱包・箱詰め作業
検品が完了した商品を、お客様のもとへ無事にお届けできるよう綺麗に包んで箱に詰める作業です。

・袋詰め・緩衝材包装： 服やタオルなどの布製品を専用の透明袋に入れたり、壊れやすいコスメ・ガラス製品などをプチプチ（緩衝材）で包みます。
・箱詰め・セット作業： 指定のサイズに合わせたダンボール箱を組み立て、商品が途中で動かないよう丁寧に納めます。
・テープ留め・封かん： ダンボールのフタを閉じ、ガムテープでしっかり留めたら梱包完了です。

3. シール貼り・仕分け作業
出荷に向けた最後の仕上げ作業です。

・ラベル貼り： お届け先の伝票シールや、取扱注意シール（「水濡れ厳禁」「割れ物注意」など）を指定の位置へキレイに貼り付けます。
・出荷先ごとの仕分け： 梱包が終わった箱を、配送地域別や配送業者別に分けられた台車やコンテナへ移します。

■ 1日のタイムスケジュール例（日勤の場合）
09:00〜【朝礼・作業スタート】
本日の連絡事項を確認後、各自の作業台へ移動します。担当する作業（検品または梱包）をスタートします。

12:00〜【お昼休憩（60分）】
清潔な休憩室でランチタイム。電子レンジ・冷蔵庫・自動販売機も完備されており、お弁当の持参も自由です。

13:00〜【午後の作業再開】
午前の続きの作業を行います。自分のデスクで黙々と作業に集中できる時間です。

15:00〜【小休憩（15分）】
身体をほぐしたり水分補給をするリフレッシュタイム。集中力を保ちやすい環境が整っています。

15:15〜【出荷準備・最終仕上げ】
本日発送分の最終チェックと、作業スペースの清掃・整理整頓を行います。

18:00〜【作業終了・定時退勤】
残業は基本的にありません。定時になったら「お疲れ様でした！」とスッキリ帰宅できます。

■ 快適な作業環境と働きやすさのポイント
・1年中快適な空調完備： 冷暖房がしっかり効いたクリーンな倉庫なので、夏は涼しく、冬は暖かく快適に作業できます。
・身体に優しい軽作業： 扱う商品は衣類、コスメ、文房具、小型雑貨などがメインです。重量物の持ち上げ作業はありません。
・充実した設備： 個人用の鍵付きロッカーを完備。休憩室は広々としており、ポットや電子レンジ、フリーWi-Fiも自由に使えます。

■ 未経験者でも安心のサポート体制
入社初日は、安全に関する講習と作業の基本ルールについてのオリエンテーションからスタートします。
現場配属後は、専任の先輩スタッフがマンツーマンでついて実際の作業を見せながら丁寧にレクチャーします。

最初は「シールの貼り方」や「ダンボールの組み立て」といった、特に簡単な作業からお任せしますので、一度にたくさんのことを覚える必要はありません。
作業中に分からないことや迷うことがあっても、すぐ近くにリーダーや先輩スタッフが常駐しているため、「これってどうやるんでしたっけ？」といつでも気軽に質問できる安心の環境です。早ければ半日、遅くても2〜3日程度で一人立ちしてスムーズにお仕事を進められるようになります！","✅ 未経験スタート9割以上！簡単なシンプル作業です
「商品を手に取る」「キズがないか見る」「箱に入れる」など、覚えることはたったこれだけ！複雑な機械操作や難しいルールはありません。
先輩スタッフのほとんどが未経験からのスタートです。特別なスキルや経験は一切不要なので、初めてのアルバイトや久しぶりのお仕事復帰の方も安心してください。

✅ 自分のペースで黙々・コツコツ取り組める！
「接客が苦手…」「一人で集中して作業したい」という方にピッタリの環境です。
ノルマなどもなく、ご自身のペースで作業を進められるので、人間関係のストレスを感じることなくのびのびと働けます。

✅ 重い荷物なし！身体への負担が少ない軽作業
扱う商品は、衣服や生活雑貨、コスメなどの比較的軽いものが中心です。
重いダンボールを持ち運んだり、力仕事をお願いすることはほぼありませんので、年齢・性別問わず無理なく長く続けられるお仕事です。

✅ 空調完備のキレイな倉庫で、1年中快適♪
冷暖房がしっかり効いたクリーンな室内での作業です。
「夏は暑くて汗だく…」「冬は寒くて手がかじかむ…」といった心配は無用！季節や天候に関わらず、いつも快適な温度の中で気持ちよく作業に集中できます。

✅ 充実の設備＆働きやすい環境
鍵付きの個人ロッカーを完備しているほか、広々として清潔な休憩室もご用意しています。
休憩室には電子レンジ・冷蔵庫・ポット・自動販売機を完備しており、お弁当を持参してゆっくりくつろぐことも可能です。スタッフが過ごしやすい環境づくりに力を入れています！","例外事由3号のイにより、長期キャリア形成を図るため、
35歳以下を募集しております。","【勤務時間】
★9:00~18:00
└実働8時間/休憩1時間

定時ダッシュも問題ないです✧
✧ 土日祝休み
✧ 残業月平均:6.5時間以内
✧ 残業代100%支給","✧ 完全週休2日制(土日祝休み)
✧ 年間休日125日
「土日休みはマスト!」ってあなたにも
ぴったりの職場です!

【その他休暇】
✧ 有給休暇
✧ 夏季・冬季休暇
✧ GW休暇
✧ 年末年始休暇",福岡県糸島市前原中央,糸島雇用開発センター,"月給:25万円~+交通費全額支給

※経験に応じて決定いたします。

# 昇給あり
# 賞与あり
# 残業代100%支給
# 交通費支給","・社会保険完備
・住宅手当
・家賃補助
・退職金制度
・家族手当・扶養手当
・健康診断
・特別休暇
・資格取得支援制度","\\✧カジュアル面談実施中です✧/

応募に必要なのは人柄のみです!
まずはあなたのご希望を聞かせてください!

✩.。.....................。.✩
■ 応募からの流れ ■
✩.。.....................。.✩

▶STEP1WEBから1分簡単ご応募!
1~3日以内に担当者よりご連絡いたします。

▶ STEP2カジュアル面談(1回のみ)

▶STEP3採用

※入社日のご相談OKです◎
お気軽にご相談ください!",,即日勤務OK、交通費支給、残業なし,2,任意,生年月日、性別、電話番号,ntf-indeedapplicant-aaaatulx77tci2k2pr5yeqapva@shukatsu-labo.slack.com,,,利用しない,,
募集中,株式会社エイジェック,【未経験】検品・梱包作業/株式会社エイジェック/久留米雇用開発センター,倉庫作業スタッフ,20~30代活躍中◎ワークライフバランスも充実！！,,福岡県 久留米市 東町,,,正社員,はい,月給,250000,,最低額を表示,なし,,,,,,,固定時間制,160,,厚生年金、健康保険、雇用保険、労災保険,,なし,,,,,,,,,,,,,,,,,,"空調が完備された綺麗な物流センター内で、人気ECサイトで販売されているアパレル商品・生活雑貨・コスメなどの「検品・梱包作業」を担当していただきます。
作業内容は非常にシンプルで、「商品を手に取る」「傷がないかチェックする」「箱や袋に詰める」という基本の3ステップが中心です。重いお荷物の持ち運びはほとんどなく、自分のペースでコツコツ・黙々と進められる軽作業です。
未経験からスタートしたスタッフが9割以上活躍中で、1日〜数日で覚えられる簡単な作業ばかりですので、バイトデビューや久しぶりのお仕事復帰の方も安心してスタートしていただけます。

■ 具体的なお仕事の流れ

1. 検品・チェック作業
入荷された商品や出荷前の商品に問題がないか、確認する作業です。

・外観の目視確認： 商品に傷や汚れ、ほつれ、パッケージの凹みなどが無いかを目視で丁寧にチェックします。
・数量・品番の照合： 納品書や手元のハンディ端末に表示されたデータと、目の前にある商品の種類・個数が合致しているか確認します。
・バーコードスキャン： バーコードリーダーを使って商品を「ピッと」読み取る作業です。機械の操作はスマホ感覚で直感的に行えるため、難しい設定や専門知識は一切不要です。

2. 梱包・箱詰め作業
検品が完了した商品を、お客様のもとへ無事にお届けできるよう綺麗に包んで箱に詰める作業です。

・袋詰め・緩衝材包装： 服やタオルなどの布製品を専用の透明袋に入れたり、壊れやすいコスメ・ガラス製品などをプチプチ（緩衝材）で包みます。
・箱詰め・セット作業： 指定のサイズに合わせたダンボール箱を組み立て、商品が途中で動かないよう丁寧に納めます。
・テープ留め・封かん： ダンボールのフタを閉じ、ガムテープでしっかり留めたら梱包完了です。

3. シール貼り・仕分け作業
出荷に向けた最後の仕上げ作業です。

・ラベル貼り： お届け先の伝票シールや、取扱注意シール（「水濡れ厳禁」「割れ物注意」など）を指定の位置へキレイに貼り付けます。
・出荷先ごとの仕分け： 梱包が終わった箱を、配送地域別や配送業者別に分けられた台車やコンテナへ移します。

■ 1日のタイムスケジュール例（日勤の場合）
09:00〜【朝礼・作業スタート】
本日の連絡事項を確認後、各自の作業台へ移動します。担当する作業（検品または梱包）をスタートします。

12:00〜【お昼休憩（60分）】
清潔な休憩室でランチタイム。電子レンジ・冷蔵庫・自動販売機も完備されており、お弁当の持参も自由です。

13:00〜【午後の作業再開】
午前の続きの作業を行います。自分のデスクで黙々と作業に集中できる時間です。

15:00〜【小休憩（15分）】
身体をほぐしたり水分補給をするリフレッシュタイム。集中力を保ちやすい環境が整っています。

15:15〜【出荷準備・最終仕上げ】
本日発送分の最終チェックと、作業スペースの清掃・整理整頓を行います。

18:00〜【作業終了・定時退勤】
残業は基本的にありません。定時になったら「お疲れ様でした！」とスッキリ帰宅できます。

■ 快適な作業環境と働きやすさのポイント
・1年中快適な空調完備： 冷暖房がしっかり効いたクリーンな倉庫なので、夏は涼しく、冬は暖かく快適に作業できます。
・身体に優しい軽作業： 扱う商品は衣類、コスメ、文房具、小型雑貨などがメインです。重量物の持ち上げ作業はありません。
・充実した設備： 個人用の鍵付きロッカーを完備。休憩室は広々としており、ポットや電子レンジ、フリーWi-Fiも自由に使えます。

■ 未経験者でも安心のサポート体制
入社初日は、安全に関する講習と作業の基本ルールについてのオリエンテーションからスタートします。
現場配属後は、専任の先輩スタッフがマンツーマンでついて実際の作業を見せながら丁寧にレクチャーします。

最初は「シールの貼り方」や「ダンボールの組み立て」といった、特に簡単な作業からお任せしますので、一度にたくさんのことを覚える必要はありません。
作業中に分からないことや迷うことがあっても、すぐ近くにリーダーや先輩スタッフが常駐しているため、「これってどうやるんでしたっけ？」といつでも気軽に質問できる安心の環境です。早ければ半日、遅くても2〜3日程度で一人立ちしてスムーズにお仕事を進められるようになります！","✅ 未経験スタート9割以上！簡単なシンプル作業です
「商品を手に取る」「キズがないか見る」「箱に入れる」など、覚えることはたったこれだけ！複雑な機械操作や難しいルールはありません。
先輩スタッフのほとんどが未経験からのスタートです。特別なスキルや経験は一切不要なので、初めてのアルバイトや久しぶりのお仕事復帰の方も安心してください。

✅ 自分のペースで黙々・コツコツ取り組める！
「接客が苦手…」「一人で集中して作業したい」という方にピッタリの環境です。
ノルマなどもなく、ご自身のペースで作業を進められるので、人間関係のストレスを感じることなくのびのびと働けます。

✅ 重い荷物なし！身体への負担が少ない軽作業
扱う商品は、衣服や生活雑貨、コスメなどの比較的軽いものが中心です。
重いダンボールを持ち運んだり、力仕事をお願いすることはほぼありませんので、年齢・性別問わず無理なく長く続けられるお仕事です。

✅ 空調完備のキレイな倉庫で、1年中快適♪
冷暖房がしっかり効いたクリーンな室内での作業です。
「夏は暑くて汗だく…」「冬は寒くて手がかじかむ…」といった心配は無用！季節や天候に関わらず、いつも快適な温度の中で気持ちよく作業に集中できます。

✅ 充実の設備＆働きやすい環境
鍵付きの個人ロッカーを完備しているほか、広々として清潔な休憩室もご用意しています。
休憩室には電子レンジ・冷蔵庫・ポット・自動販売機を完備しており、お弁当を持参してゆっくりくつろぐことも可能です。スタッフが過ごしやすい環境づくりに力を入れています！","例外事由3号のイにより、長期キャリア形成を図るため、
35歳以下を募集しております。","【勤務時間】
★9:00~18:00
└実働8時間/休憩1時間

定時ダッシュも問題ないです✧
✧ 土日祝休み
✧ 残業月平均:6.5時間以内
✧ 残業代100%支給","✧ 完全週休2日制(土日祝休み)
✧ 年間休日125日
「土日休みはマスト!」ってあなたにも
ぴったりの職場です!

【その他休暇】
✧ 有給休暇
✧ 夏季・冬季休暇
✧ GW休暇
✧ 年末年始休暇",福岡県久留米市東町,久留米雇用開発センター,"月給:25万円~+交通費全額支給

※経験に応じて決定いたします。

# 昇給あり
# 賞与あり
# 残業代100%支給
# 交通費支給","・社会保険完備
・住宅手当
・家賃補助
・退職金制度
・家族手当・扶養手当
・健康診断
・特別休暇
・資格取得支援制度","\\✧カジュアル面談実施中です✧/

応募に必要なのは人柄のみです!
まずはあなたのご希望を聞かせてください!

✩.。.....................。.✩
■ 応募からの流れ ■
✩.。.....................。.✩

▶STEP1WEBから1分簡単ご応募!
1~3日以内に担当者よりご連絡いたします。

▶ STEP2カジュアル面談(1回のみ)

▶STEP3採用

※入社日のご相談OKです◎
お気軽にご相談ください!",,即日勤務OK、交通費支給、残業なし,2,任意,生年月日、性別、電話番号,ntf-indeedapplicant-aaaatulx77tci2k2pr5yeqapva@shukatsu-labo.slack.com,,,利用しない,,
募集中,株式会社エイジェック,【未経験】検品・梱包作業/株式会社エイジェック/小倉雇用開発センター,倉庫作業スタッフ,20~30代活躍中◎ワークライフバランスも充実！！,,福岡県 北九州市 小倉北区,,,正社員,はい,月給,250000,,最低額を表示,なし,,,,,,,固定時間制,160,,厚生年金、健康保険、雇用保険、労災保険,,なし,,,,,,,,,,,,,,,,,,"空調が完備された綺麗な物流センター内で、人気ECサイトで販売されているアパレル商品・生活雑貨・コスメなどの「検品・梱包作業」を担当していただきます。
作業内容は非常にシンプルで、「商品を手に取る」「傷がないかチェックする」「箱や袋に詰める」という基本の3ステップが中心です。重いお荷物の持ち運びはほとんどなく、自分のペースでコツコツ・黙々と進められる軽作業です。
未経験からスタートしたスタッフが9割以上活躍中で、1日〜数日で覚えられる簡単な作業ばかりですので、バイトデビューや久しぶりのお仕事復帰の方も安心してスタートしていただけます。

■ 具体的なお仕事の流れ

1. 検品・チェック作業
入荷された商品や出荷前の商品に問題がないか、確認する作業です。

・外観の目視確認： 商品に傷や汚れ、ほつれ、パッケージの凹みなどが無いかを目視で丁寧にチェックします。
・数量・品番の照合： 納品書や手元のハンディ端末に表示されたデータと、目の前にある商品の種類・個数が合致しているか確認します。
・バーコードスキャン： バーコードリーダーを使って商品を「ピッと」読み取る作業です。機械の操作はスマホ感覚で直感的に行えるため、難しい設定や専門知識は一切不要です。

2. 梱包・箱詰め作業
検品が完了した商品を、お客様のもとへ無事にお届けできるよう綺麗に包んで箱に詰める作業です。

・袋詰め・緩衝材包装： 服やタオルなどの布製品を専用の透明袋に入れたり、壊れやすいコスメ・ガラス製品などをプチプチ（緩衝材）で包みます。
・箱詰め・セット作業： 指定のサイズに合わせたダンボール箱を組み立て、商品が途中で動かないよう丁寧に納めます。
・テープ留め・封かん： ダンボールのフタを閉じ、ガムテープでしっかり留めたら梱包完了です。

3. シール貼り・仕分け作業
出荷に向けた最後の仕上げ作業です。

・ラベル貼り： お届け先の伝票シールや、取扱注意シール（「水濡れ厳禁」「割れ物注意」など）を指定の位置へキレイに貼り付けます。
・出荷先ごとの仕分け： 梱包が終わった箱を、配送地域別や配送業者別に分けられた台車やコンテナへ移します。

■ 1日のタイムスケジュール例（日勤の場合）
09:00〜【朝礼・作業スタート】
本日の連絡事項を確認後、各自の作業台へ移動します。担当する作業（検品または梱包）をスタートします。

12:00〜【お昼休憩（60分）】
清潔な休憩室でランチタイム。電子レンジ・冷蔵庫・自動販売機も完備されており、お弁当の持参も自由です。

13:00〜【午後の作業再開】
午前の続きの作業を行います。自分のデスクで黙々と作業に集中できる時間です。

15:00〜【小休憩（15分）】
身体をほぐしたり水分補給をするリフレッシュタイム。集中力を保ちやすい環境が整っています。

15:15〜【出荷準備・最終仕上げ】
本日発送分の最終チェックと、作業スペースの清掃・整理整頓を行います。

18:00〜【作業終了・定時退勤】
残業は基本的にありません。定時になったら「お疲れ様でした！」とスッキリ帰宅できます。

■ 快適な作業環境と働きやすさのポイント
・1年中快適な空調完備： 冷暖房がしっかり効いたクリーンな倉庫なので、夏は涼しく、冬は暖かく快適に作業できます。
・身体に優しい軽作業： 扱う商品は衣類、コスメ、文房具、小型雑貨などがメインです。重量物の持ち上げ作業はありません。
・充実した設備： 個人用の鍵付きロッカーを完備。休憩室は広々としており、ポットや電子レンジ、フリーWi-Fiも自由に使えます。

■ 未経験者でも安心のサポート体制
入社初日は、安全に関する講習と作業の基本ルールについてのオリエンテーションからスタートします。
現場配属後は、専任の先輩スタッフがマンツーマンでついて実際の作業を見せながら丁寧にレクチャーします。

最初は「シールの貼り方」や「ダンボールの組み立て」といった、特に簡単な作業からお任せしますので、一度にたくさんのことを覚える必要はありません。
作業中に分からないことや迷うことがあっても、すぐ近くにリーダーや先輩スタッフが常駐しているため、「これってどうやるんでしたっけ？」といつでも気軽に質問できる安心の環境です。早ければ半日、遅くても2〜3日程度で一人立ちしてスムーズにお仕事を進められるようになります！","✅ 未経験スタート9割以上！簡単なシンプル作業です
「商品を手に取る」「キズがないか見る」「箱に入れる」など、覚えることはたったこれだけ！複雑な機械操作や難しいルールはありません。
先輩スタッフのほとんどが未経験からのスタートです。特別なスキルや経験は一切不要なので、初めてのアルバイトや久しぶりのお仕事復帰の方も安心してください。

✅ 自分のペースで黙々・コツコツ取り組める！
「接客が苦手…」「一人で集中して作業したい」という方にピッタリの環境です。
ノルマなどもなく、ご自身のペースで作業を進められるので、人間関係のストレスを感じることなくのびのびと働けます。

✅ 重い荷物なし！身体への負担が少ない軽作業
扱う商品は、衣服や生活雑貨、コスメなどの比較的軽いものが中心です。
重いダンボールを持ち運んだり、力仕事をお願いすることはほぼありませんので、年齢・性別問わず無理なく長く続けられるお仕事です。

✅ 空調完備のキレイな倉庫で、1年中快適♪
冷暖房がしっかり効いたクリーンな室内での作業です。
「夏は暑くて汗だく…」「冬は寒くて手がかじかむ…」といった心配は無用！季節や天候に関わらず、いつも快適な温度の中で気持ちよく作業に集中できます。

✅ 充実の設備＆働きやすい環境
鍵付きの個人ロッカーを完備しているほか、広々として清潔な休憩室もご用意しています。
休憩室には電子レンジ・冷蔵庫・ポット・自動販売機を完備しており、お弁当を持参してゆっくりくつろぐことも可能です。スタッフが過ごしやすい環境づくりに力を入れています！","例外事由3号のイにより、長期キャリア形成を図るため、
35歳以下を募集しております。","【勤務時間】
★9:00~18:00
└実働8時間/休憩1時間

定時ダッシュも問題ないです✧
✧ 土日祝休み
✧ 残業月平均:6.5時間以内
✧ 残業代100%支給","✧ 完全週休2日制(土日祝休み)
✧ 年間休日125日
「土日休みはマスト!」ってあなたにも
ぴったりの職場です!

【その他休暇】
✧ 有給休暇
✧ 夏季・冬季休暇
✧ GW休暇
✧ 年末年始休暇",福岡県北九州市小倉北区駅前,小倉雇用開発センター,"月給:25万円~+交通費全額支給

※経験に応じて決定いたします。

# 昇給あり
# 賞与あり
# 残業代100%支給
# 交通費支給","・社会保険完備
・住宅手当
・家賃補助
・退職金制度
・家族手当・扶養手当
・健康診断
・特別休暇
・資格取得支援制度","\\✧カジュアル面談実施中です✧/

応募に必要なのは人柄のみです!
まずはあなたのご希望を聞かせてください!

✩.。.....................。.✩
■ 応募からの流れ ■
✩.。.....................。.✩

▶STEP1WEBから1分簡単ご応募!
1~3日以内に担当者よりご連絡いたします。

▶ STEP2カジュアル面談(1回のみ)

▶STEP3採用

※入社日のご相談OKです◎
お気軽にご相談ください!",,即日勤務OK、交通費支給、残業なし,2,任意,生年月日、性別、電話番号,ntf-indeedapplicant-aaaatulx77tci2k2pr5yeqapva@shukatsu-labo.slack.com,,,利用しない,,
募集中,株式会社エイジェック,【未経験】検品・梱包作業/株式会社エイジェック/福岡雇用開発センター,倉庫作業スタッフ,20~30代活躍中◎ワークライフバランスも充実！！,,福岡県 福岡市 博多区 博多駅中央街,,,正社員,はい,月給,250000,,最低額を表示,なし,,,,,,,固定時間制,160,,厚生年金、健康保険、雇用保険、労災保険,,なし,,,,,,,,,,,,,,,,,,"空調が完備された綺麗な物流センター内で、人気ECサイトで販売されているアパレル商品・生活雑貨・コスメなどの「検品・梱包作業」を担当していただきます。
作業内容は非常にシンプルで、「商品を手に取る」「傷がないかチェックする」「箱や袋に詰める」という基本の3ステップが中心です。重いお荷物の持ち運びはほとんどなく、自分のペースでコツコツ・黙々と進められる軽作業です。
未経験からスタートしたスタッフが9割以上活躍中で、1日〜数日で覚えられる簡単な作業ばかりですので、バイトデビューや久しぶりのお仕事復帰の方も安心してスタートしていただけます。

■ 具体的なお仕事の流れ

1. 検品・チェック作業
入荷された商品や出荷前の商品に問題がないか、確認する作業です。

・外観の目視確認： 商品に傷や汚れ、ほつれ、パッケージの凹みなどが無いかを目視で丁寧にチェックします。
・数量・品番の照合： 納品書や手元のハンディ端末に表示されたデータと、目の前にある商品の種類・個数が合致しているか確認します。
・バーコードスキャン： バーコードリーダーを使って商品を「ピッと」読み取る作業です。機械の操作はスマホ感覚で直感的に行えるため、難しい設定や専門知識は一切不要です。

2. 梱包・箱詰め作業
検品が完了した商品を、お客様のもとへ無事にお届けできるよう綺麗に包んで箱に詰める作業です。

・袋詰め・緩衝材包装： 服やタオルなどの布製品を専用の透明袋に入れたり、壊れやすいコスメ・ガラス製品などをプチプチ（緩衝材）で包みます。
・箱詰め・セット作業： 指定のサイズに合わせたダンボール箱を組み立て、商品が途中で動かないよう丁寧に納めます。
・テープ留め・封かん： ダンボールのフタを閉じ、ガムテープでしっかり留めたら梱包完了です。

3. シール貼り・仕分け作業
出荷に向けた最後の仕上げ作業です。

・ラベル貼り： お届け先の伝票シールや、取扱注意シール（「水濡れ厳禁」「割れ物注意」など）を指定の位置へキレイに貼り付けます。
・出荷先ごとの仕分け： 梱包が終わった箱を、配送地域別や配送業者別に分けられた台車やコンテナへ移します。

■ 1日のタイムスケジュール例（日勤の場合）
09:00〜【朝礼・作業スタート】
本日の連絡事項を確認後、各自の作業台へ移動します。担当する作業（検品または梱包）をスタートします。

12:00〜【お昼休憩（60分）】
清潔な休憩室でランチタイム。電子レンジ・冷蔵庫・自動販売機も完備されており、お弁当の持参も自由です。

13:00〜【午後の作業再開】
午前の続きの作業を行います。自分のデスクで黙々と作業に集中できる時間です。

15:00〜【小休憩（15分）】
身体をほぐしたり水分補給をするリフレッシュタイム。集中力を保ちやすい環境が整っています。

15:15〜【出荷準備・最終仕上げ】
本日発送分の最終チェックと、作業スペースの清掃・整理整頓を行います。

18:00〜【作業終了・定時退勤】
残業は基本的にありません。定時になったら「お疲れ様でした！」とスッキリ帰宅できます。

■ 快適な作業環境と働きやすさのポイント
・1年中快適な空調完備： 冷暖房がしっかり効いたクリーンな倉庫なので、夏は涼しく、冬は暖かく快適に作業できます。
・身体に優しい軽作業： 扱う商品は衣類、コスメ、文房具、小型雑貨などがメインです。重量物の持ち上げ作業はありません。
・充実した設備： 個人用の鍵付きロッカーを完備。休憩室は広々としており、ポットや電子レンジ、フリーWi-Fiも自由に使えます。

■ 未経験者でも安心のサポート体制
入社初日は、安全に関する講習と作業の基本ルールについてのオリエンテーションからスタートします。
現場配属後は、専任の先輩スタッフがマンツーマンでついて実際の作業を見せながら丁寧にレクチャーします。

最初は「シールの貼り方」や「ダンボールの組み立て」といった、特に簡単な作業からお任せしますので、一度にたくさんのことを覚える必要はありません。
作業中に分からないことや迷うことがあっても、すぐ近くにリーダーや先輩スタッフが常駐しているため、「これってどうやるんでしたっけ？」といつでも気軽に質問できる安心の環境です。早ければ半日、遅くても2〜3日程度で一人立ちしてスムーズにお仕事を進められるようになります！","✅ 未経験スタート9割以上！簡単なシンプル作業です
「商品を手に取る」「キズがないか見る」「箱に入れる」など、覚えることはたったこれだけ！複雑な機械操作や難しいルールはありません。
先輩スタッフのほとんどが未経験からのスタートです。特別なスキルや経験は一切不要なので、初めてのアルバイトや久しぶりのお仕事復帰の方も安心してください。

✅ 自分のペースで黙々・コツコツ取り組める！
「接客が苦手…」「一人で集中して作業したい」という方にピッタリの環境です。
ノルマなどもなく、ご自身のペースで作業を進められるので、人間関係のストレスを感じることなくのびのびと働けます。

✅ 重い荷物なし！身体への負担が少ない軽作業
扱う商品は、衣服や生活雑貨、コスメなどの比較的軽いものが中心です。
重いダンボールを持ち運んだり、力仕事をお願いすることはほぼありませんので、年齢・性別問わず無理なく長く続けられるお仕事です。

✅ 空調完備のキレイな倉庫で、1年中快適♪
冷暖房がしっかり効いたクリーンな室内での作業です。
「夏は暑くて汗だく…」「冬は寒くて手がかじかむ…」といった心配は無用！季節や天候に関わらず、いつも快適な温度の中で気持ちよく作業に集中できます。

✅ 充実の設備＆働きやすい環境
鍵付きの個人ロッカーを完備しているほか、広々として清潔な休憩室もご用意しています。
休憩室には電子レンジ・冷蔵庫・ポット・自動販売機を完備しており、お弁当を持参してゆっくりくつろぐことも可能です。スタッフが過ごしやすい環境づくりに力を入れています！","例外事由3号のイにより、長期キャリア形成を図るため、
35歳以下を募集しております。","【勤務時間】
★9:00~18:00
└実働8時間/休憩1時間

定時ダッシュも問題ないです✧
✧ 土日祝休み
✧ 残業月平均:6.5時間以内
✧ 残業代100%支給","✧ 完全週休2日制(土日祝休み)
✧ 年間休日125日
「土日休みはマスト!」ってあなたにも
ぴったりの職場です!

【その他休暇】
✧ 有給休暇
✧ 夏季・冬季休暇
✧ GW休暇
✧ 年末年始休暇",福岡県福岡市博多区博多駅中央街,福岡雇用開発センター,"月給:25万円~+交通費全額支給

※経験に応じて決定いたします。

# 昇給あり
# 賞与あり
# 残業代100%支給
# 交通費支給","・社会保険完備
・住宅手当
・家賃補助
・退職金制度
・家族手当・扶養手当
・健康診断
・特別休暇
・資格取得支援制度","\\✧カジュアル面談実施中です✧/

応募に必要なのは人柄のみです!
まずはあなたのご希望を聞かせてください!

✩.。.....................。.✩
■ 応募からの流れ ■
✩.。.....................。.✩

▶STEP1WEBから1分簡単ご応募!
1~3日以内に担当者よりご連絡いたします。

▶ STEP2カジュアル面談(1回のみ)

▶STEP3採用

※入社日のご相談OKです◎
お気軽にご相談ください!",,即日勤務OK、交通費支給、残業なし,2,任意,生年月日、性別、電話番号,ntf-indeedapplicant-aaaatulx77tci2k2pr5yeqapva@shukatsu-labo.slack.com,,,利用しない,,
募集中,株式会社エイジェック,【未経験】検品・梱包作業/株式会社エイジェック/枚方雇用開発センター,倉庫作業スタッフ,20~30代活躍中◎ワークライフバランスも充実！！,,大阪府 枚方市 岡東町,,,正社員,はい,月給,250000,,最低額を表示,なし,,,,,,,固定時間制,160,,厚生年金、健康保険、雇用保険、労災保険,,なし,,,,,,,,,,,,,,,,,,"空調が完備された綺麗な物流センター内で、人気ECサイトで販売されているアパレル商品・生活雑貨・コスメなどの「検品・梱包作業」を担当していただきます。
作業内容は非常にシンプルで、「商品を手に取る」「傷がないかチェックする」「箱や袋に詰める」という基本の3ステップが中心です。重いお荷物の持ち運びはほとんどなく、自分のペースでコツコツ・黙々と進められる軽作業です。
未経験からスタートしたスタッフが9割以上活躍中で、1日〜数日で覚えられる簡単な作業ばかりですので、バイトデビューや久しぶりのお仕事復帰の方も安心してスタートしていただけます。

■ 具体的なお仕事の流れ

1. 検品・チェック作業
入荷された商品や出荷前の商品に問題がないか、確認する作業です。

・外観の目視確認： 商品に傷や汚れ、ほつれ、パッケージの凹みなどが無いかを目視で丁寧にチェックします。
・数量・品番の照合： 納品書や手元のハンディ端末に表示されたデータと、目の前にある商品の種類・個数が合致しているか確認します。
・バーコードスキャン： バーコードリーダーを使って商品を「ピッと」読み取る作業です。機械の操作はスマホ感覚で直感的に行えるため、難しい設定や専門知識は一切不要です。

2. 梱包・箱詰め作業
検品が完了した商品を、お客様のもとへ無事にお届けできるよう綺麗に包んで箱に詰める作業です。

・袋詰め・緩衝材包装： 服やタオルなどの布製品を専用の透明袋に入れたり、壊れやすいコスメ・ガラス製品などをプチプチ（緩衝材）で包みます。
・箱詰め・セット作業： 指定のサイズに合わせたダンボール箱を組み立て、商品が途中で動かないよう丁寧に納めます。
・テープ留め・封かん： ダンボールのフタを閉じ、ガムテープでしっかり留めたら梱包完了です。

3. シール貼り・仕分け作業
出荷に向けた最後の仕上げ作業です。

・ラベル貼り： お届け先の伝票シールや、取扱注意シール（「水濡れ厳禁」「割れ物注意」など）を指定の位置へキレイに貼り付けます。
・出荷先ごとの仕分け： 梱包が終わった箱を、配送地域別や配送業者別に分けられた台車やコンテナへ移します。

■ 1日のタイムスケジュール例（日勤の場合）
09:00〜【朝礼・作業スタート】
本日の連絡事項を確認後、各自の作業台へ移動します。担当する作業（検品または梱包）をスタートします。

12:00〜【お昼休憩（60分）】
清潔な休憩室でランチタイム。電子レンジ・冷蔵庫・自動販売機も完備されており、お弁当の持参も自由です。

13:00〜【午後の作業再開】
午前の続きの作業を行います。自分のデスクで黙々と作業に集中できる時間です。

15:00〜【小休憩（15分）】
身体をほぐしたり水分補給をするリフレッシュタイム。集中力を保ちやすい環境が整っています。

15:15〜【出荷準備・最終仕上げ】
本日発送分の最終チェックと、作業スペースの清掃・整理整頓を行います。

18:00〜【作業終了・定時退勤】
残業は基本的にありません。定時になったら「お疲れ様でした！」とスッキリ帰宅できます。

■ 快適な作業環境と働きやすさのポイント
・1年中快適な空調完備： 冷暖房がしっかり効いたクリーンな倉庫なので、夏は涼しく、冬は暖かく快適に作業できます。
・身体に優しい軽作業： 扱う商品は衣類、コスメ、文房具、小型雑貨などがメインです。重量物の持ち上げ作業はありません。
・充実した設備： 個人用の鍵付きロッカーを完備。休憩室は広々としており、ポットや電子レンジ、フリーWi-Fiも自由に使えます。

■ 未経験者でも安心のサポート体制
入社初日は、安全に関する講習と作業の基本ルールについてのオリエンテーションからスタートします。
現場配属後は、専任の先輩スタッフがマンツーマンでついて実際の作業を見せながら丁寧にレクチャーします。

最初は「シールの貼り方」や「ダンボールの組み立て」といった、特に簡単な作業からお任せしますので、一度にたくさんのことを覚える必要はありません。
作業中に分からないことや迷うことがあっても、すぐ近くにリーダーや先輩スタッフが常駐しているため、「これってどうやるんでしたっけ？」といつでも気軽に質問できる安心の環境です。早ければ半日、遅くても2〜3日程度で一人立ちしてスムーズにお仕事を進められるようになります！","✅ 未経験スタート9割以上！簡単なシンプル作業です
「商品を手に取る」「キズがないか見る」「箱に入れる」など、覚えることはたったこれだけ！複雑な機械操作や難しいルールはありません。
先輩スタッフのほとんどが未経験からのスタートです。特別なスキルや経験は一切不要なので、初めてのアルバイトや久しぶりのお仕事復帰の方も安心してください。

✅ 自分のペースで黙々・コツコツ取り組める！
「接客が苦手…」「一人で集中して作業したい」という方にピッタリの環境です。
ノルマなどもなく、ご自身のペースで作業を進められるので、人間関係のストレスを感じることなくのびのびと働けます。

✅ 重い荷物なし！身体への負担が少ない軽作業
扱う商品は、衣服や生活雑貨、コスメなどの比較的軽いものが中心です。
重いダンボールを持ち運んだり、力仕事をお願いすることはほぼありませんので、年齢・性別問わず無理なく長く続けられるお仕事です。

✅ 空調完備のキレイな倉庫で、1年中快適♪
冷暖房がしっかり効いたクリーンな室内での作業です。
「夏は暑くて汗だく…」「冬は寒くて手がかじかむ…」といった心配は無用！季節や天候に関わらず、いつも快適な温度の中で気持ちよく作業に集中できます。

✅ 充実の設備＆働きやすい環境
鍵付きの個人ロッカーを完備しているほか、広々として清潔な休憩室もご用意しています。
休憩室には電子レンジ・冷蔵庫・ポット・自動販売機を完備しており、お弁当を持参してゆっくりくつろぐことも可能です。スタッフが過ごしやすい環境づくりに力を入れています！","例外事由3号のイにより、長期キャリア形成を図るため、
35歳以下を募集しております。","【勤務時間】
★9:00~18:00
└実働8時間/休憩1時間

定時ダッシュも問題ないです✧
✧ 土日祝休み
✧ 残業月平均:6.5時間以内
✧ 残業代100%支給","✧ 完全週休2日制(土日祝休み)
✧ 年間休日125日
「土日休みはマスト!」ってあなたにも
ぴったりの職場です!

【その他休暇】
✧ 有給休暇
✧ 夏季・冬季休暇
✧ GW休暇
✧ 年末年始休暇",大阪府枚方市岡東町,枚方雇用開発センター,"月給:25万円~+交通費全額支給

※経験に応じて決定いたします。

# 昇給あり
# 賞与あり
# 残業代100%支給
# 交通費支給","・社会保険完備
・住宅手当
・家賃補助
・退職金制度
・家族手当・扶養手当
・健康診断
・特別休暇
・資格取得支援制度","\\✧カジュアル面談実施中です✧/

応募に必要なのは人柄のみです!
まずはあなたのご希望を聞かせてください!

✩.。.....................。.✩
■ 応募からの流れ ■
✩.。.....................。.✩

▶STEP1WEBから1分簡単ご応募!
1~3日以内に担当者よりご連絡いたします。

▶ STEP2カジュアル面談(1回のみ)

▶STEP3採用

※入社日のご相談OKです◎
お気軽にご相談ください!",,即日勤務OK、交通費支給、残業なし,2,任意,生年月日、性別、電話番号,ntf-indeedapplicant-aaaatulx77tci2k2pr5yeqapva@shukatsu-labo.slack.com,,,利用しない,,
募集中,株式会社エイジェック,【未経験】検品・梱包作業/株式会社エイジェック/堺雇用開発センター,倉庫作業スタッフ,20~30代活躍中◎ワークライフバランスも充実！！,,大阪府 堺市 堺区 中瓦町,,,正社員,はい,月給,250000,,最低額を表示,なし,,,,,,,固定時間制,160,,厚生年金、健康保険、雇用保険、労災保険,,なし,,,,,,,,,,,,,,,,,,"空調が完備された綺麗な物流センター内で、人気ECサイトで販売されているアパレル商品・生活雑貨・コスメなどの「検品・梱包作業」を担当していただきます。
作業内容は非常にシンプルで、「商品を手に取る」「傷がないかチェックする」「箱や袋に詰める」という基本の3ステップが中心です。重いお荷物の持ち運びはほとんどなく、自分のペースでコツコツ・黙々と進められる軽作業です。
未経験からスタートしたスタッフが9割以上活躍中で、1日〜数日で覚えられる簡単な作業ばかりですので、バイトデビューや久しぶりのお仕事復帰の方も安心してスタートしていただけます。

■ 具体的なお仕事の流れ

1. 検品・チェック作業
入荷された商品や出荷前の商品に問題がないか、確認する作業です。

・外観の目視確認： 商品に傷や汚れ、ほつれ、パッケージの凹みなどが無いかを目視で丁寧にチェックします。
・数量・品番の照合： 納品書や手元のハンディ端末に表示されたデータと、目の前にある商品の種類・個数が合致しているか確認します。
・バーコードスキャン： バーコードリーダーを使って商品を「ピッと」読み取る作業です。機械の操作はスマホ感覚で直感的に行えるため、難しい設定や専門知識は一切不要です。

2. 梱包・箱詰め作業
検品が完了した商品を、お客様のもとへ無事にお届けできるよう綺麗に包んで箱に詰める作業です。

・袋詰め・緩衝材包装： 服やタオルなどの布製品を専用の透明袋に入れたり、壊れやすいコスメ・ガラス製品などをプチプチ（緩衝材）で包みます。
・箱詰め・セット作業： 指定のサイズに合わせたダンボール箱を組み立て、商品が途中で動かないよう丁寧に納めます。
・テープ留め・封かん： ダンボールのフタを閉じ、ガムテープでしっかり留めたら梱包完了です。

3. シール貼り・仕分け作業
出荷に向けた最後の仕上げ作業です。

・ラベル貼り： お届け先の伝票シールや、取扱注意シール（「水濡れ厳禁」「割れ物注意」など）を指定の位置へキレイに貼り付けます。
・出荷先ごとの仕分け： 梱包が終わった箱を、配送地域別や配送業者別に分けられた台車やコンテナへ移します。

■ 1日のタイムスケジュール例（日勤の場合）
09:00〜【朝礼・作業スタート】
本日の連絡事項を確認後、各自の作業台へ移動します。担当する作業（検品または梱包）をスタートします。

12:00〜【お昼休憩（60分）】
清潔な休憩室でランチタイム。電子レンジ・冷蔵庫・自動販売機も完備されており、お弁当の持参も自由です。

13:00〜【午後の作業再開】
午前の続きの作業を行います。自分のデスクで黙々と作業に集中できる時間です。

15:00〜【小休憩（15分）】
身体をほぐしたり水分補給をするリフレッシュタイム。集中力を保ちやすい環境が整っています。

15:15〜【出荷準備・最終仕上げ】
本日発送分の最終チェックと、作業スペースの清掃・整理整頓を行います。

18:00〜【作業終了・定時退勤】
残業は基本的にありません。定時になったら「お疲れ様でした！」とスッキリ帰宅できます。

■ 快適な作業環境と働きやすさのポイント
・1年中快適な空調完備： 冷暖房がしっかり効いたクリーンな倉庫なので、夏は涼しく、冬は暖かく快適に作業できます。
・身体に優しい軽作業： 扱う商品は衣類、コスメ、文房具、小型雑貨などがメインです。重量物の持ち上げ作業はありません。
・充実した設備： 個人用の鍵付きロッカーを完備。休憩室は広々としており、ポットや電子レンジ、フリーWi-Fiも自由に使えます。

■ 未経験者でも安心のサポート体制
入社初日は、安全に関する講習と作業の基本ルールについてのオリエンテーションからスタートします。
現場配属後は、専任の先輩スタッフがマンツーマンでついて実際の作業を見せながら丁寧にレクチャーします。

最初は「シールの貼り方」や「ダンボールの組み立て」といった、特に簡単な作業からお任せしますので、一度にたくさんのことを覚える必要はありません。
作業中に分からないことや迷うことがあっても、すぐ近くにリーダーや先輩スタッフが常駐しているため、「これってどうやるんでしたっけ？」といつでも気軽に質問できる安心の環境です。早ければ半日、遅くても2〜3日程度で一人立ちしてスムーズにお仕事を進められるようになります！","✅ 未経験スタート9割以上！簡単なシンプル作業です
「商品を手に取る」「キズがないか見る」「箱に入れる」など、覚えることはたったこれだけ！複雑な機械操作や難しいルールはありません。
先輩スタッフのほとんどが未経験からのスタートです。特別なスキルや経験は一切不要なので、初めてのアルバイトや久しぶりのお仕事復帰の方も安心してください。

✅ 自分のペースで黙々・コツコツ取り組める！
「接客が苦手…」「一人で集中して作業したい」という方にピッタリの環境です。
ノルマなどもなく、ご自身のペースで作業を進められるので、人間関係のストレスを感じることなくのびのびと働けます。

✅ 重い荷物なし！身体への負担が少ない軽作業
扱う商品は、衣服や生活雑貨、コスメなどの比較的軽いものが中心です。
重いダンボールを持ち運んだり、力仕事をお願いすることはほぼありませんので、年齢・性別問わず無理なく長く続けられるお仕事です。

✅ 空調完備のキレイな倉庫で、1年中快適♪
冷暖房がしっかり効いたクリーンな室内での作業です。
「夏は暑くて汗だく…」「冬は寒くて手がかじかむ…」といった心配は無用！季節や天候に関わらず、いつも快適な温度の中で気持ちよく作業に集中できます。

✅ 充実の設備＆働きやすい環境
鍵付きの個人ロッカーを完備しているほか、広々として清潔な休憩室もご用意しています。
休憩室には電子レンジ・冷蔵庫・ポット・自動販売機を完備しており、お弁当を持参してゆっくりくつろぐことも可能です。スタッフが過ごしやすい環境づくりに力を入れています！","例外事由3号のイにより、長期キャリア形成を図るため、
35歳以下を募集しております。","【勤務時間】
★9:00~18:00
└実働8時間/休憩1時間

定時ダッシュも問題ないです✧
✧ 土日祝休み
✧ 残業月平均:6.5時間以内
✧ 残業代100%支給","✧ 完全週休2日制(土日祝休み)
✧ 年間休日125日
「土日休みはマスト!」ってあなたにも
ぴったりの職場です!

【その他休暇】
✧ 有給休暇
✧ 夏季・冬季休暇
✧ GW休暇
✧ 年末年始休暇",大阪府堺市堺区中瓦町,堺雇用開発センター,"月給:25万円~+交通費全額支給

※経験に応じて決定いたします。

# 昇給あり
# 賞与あり
# 残業代100%支給
# 交通費支給","・社会保険完備
・住宅手当
・家賃補助
・退職金制度
・家族手当・扶養手当
・健康診断
・特別休暇
・資格取得支援制度","\\✧カジュアル面談実施中です✧/

応募に必要なのは人柄のみです!
まずはあなたのご希望を聞かせてください!

✩.。.....................。.✩
■ 応募からの流れ ■
✩.。.....................。.✩

▶STEP1WEBから1分簡単ご応募!
1~3日以内に担当者よりご連絡いたします。

▶ STEP2カジュアル面談(1回のみ)

▶STEP3採用

※入社日のご相談OKです◎
お気軽にご相談ください!",,即日勤務OK、交通費支給、残業なし,2,任意,生年月日、性別、電話番号,ntf-indeedapplicant-aaaatulx77tci2k2pr5yeqapva@shukatsu-labo.slack.com,,,利用しない,,
募集中,株式会社エイジェック,【未経験】検品・梱包作業/株式会社エイジェック/難波雇用開発センター,倉庫作業スタッフ,20~30代活躍中◎ワークライフバランスも充実！！,,大阪府 大阪市 中央区 難波,,,正社員,はい,月給,250000,,最低額を表示,なし,,,,,,,固定時間制,160,,厚生年金、健康保険、雇用保険、労災保険,,なし,,,,,,,,,,,,,,,,,,"空調が完備された綺麗な物流センター内で、人気ECサイトで販売されているアパレル商品・生活雑貨・コスメなどの「検品・梱包作業」を担当していただきます。
作業内容は非常にシンプルで、「商品を手に取る」「傷がないかチェックする」「箱や袋に詰める」という基本の3ステップが中心です。重いお荷物の持ち運びはほとんどなく、自分のペースでコツコツ・黙々と進められる軽作業です。
未経験からスタートしたスタッフが9割以上活躍中で、1日〜数日で覚えられる簡単な作業ばかりですので、バイトデビューや久しぶりのお仕事復帰の方も安心してスタートしていただけます。

■ 具体的なお仕事の流れ

1. 検品・チェック作業
入荷された商品や出荷前の商品に問題がないか、確認する作業です。

・外観の目視確認： 商品に傷や汚れ、ほつれ、パッケージの凹みなどが無いかを目視で丁寧にチェックします。
・数量・品番の照合： 納品書や手元のハンディ端末に表示されたデータと、目の前にある商品の種類・個数が合致しているか確認します。
・バーコードスキャン： バーコードリーダーを使って商品を「ピッと」読み取る作業です。機械の操作はスマホ感覚で直感的に行えるため、難しい設定や専門知識は一切不要です。

2. 梱包・箱詰め作業
検品が完了した商品を、お客様のもとへ無事にお届けできるよう綺麗に包んで箱に詰める作業です。

・袋詰め・緩衝材包装： 服やタオルなどの布製品を専用の透明袋に入れたり、壊れやすいコスメ・ガラス製品などをプチプチ（緩衝材）で包みます。
・箱詰め・セット作業： 指定のサイズに合わせたダンボール箱を組み立て、商品が途中で動かないよう丁寧に納めます。
・テープ留め・封かん： ダンボールのフタを閉じ、ガムテープでしっかり留めたら梱包完了です。

3. シール貼り・仕分け作業
出荷に向けた最後の仕上げ作業です。

・ラベル貼り： お届け先の伝票シールや、取扱注意シール（「水濡れ厳禁」「割れ物注意」など）を指定の位置へキレイに貼り付けます。
・出荷先ごとの仕分け： 梱包が終わった箱を、配送地域別や配送業者別に分けられた台車やコンテナへ移します。

■ 1日のタイムスケジュール例（日勤の場合）
09:00〜【朝礼・作業スタート】
本日の連絡事項を確認後、各自の作業台へ移動します。担当する作業（検品または梱包）をスタートします。

12:00〜【お昼休憩（60分）】
清潔な休憩室でランチタイム。電子レンジ・冷蔵庫・自動販売機も完備されており、お弁当の持参も自由です。

13:00〜【午後の作業再開】
午前の続きの作業を行います。自分のデスクで黙々と作業に集中できる時間です。

15:00〜【小休憩（15分）】
身体をほぐしたり水分補給をするリフレッシュタイム。集中力を保ちやすい環境が整っています。

15:15〜【出荷準備・最終仕上げ】
本日発送分の最終チェックと、作業スペースの清掃・整理整頓を行います。

18:00〜【作業終了・定時退勤】
残業は基本的にありません。定時になったら「お疲れ様でした！」とスッキリ帰宅できます。

■ 快適な作業環境と働きやすさのポイント
・1年中快適な空調完備： 冷暖房がしっかり効いたクリーンな倉庫なので、夏は涼しく、冬は暖かく快適に作業できます。
・身体に優しい軽作業： 扱う商品は衣類、コスメ、文房具、小型雑貨などがメインです。重量物の持ち上げ作業はありません。
・充実した設備： 個人用の鍵付きロッカーを完備。休憩室は広々としており、ポットや電子レンジ、フリーWi-Fiも自由に使えます。

■ 未経験者でも安心のサポート体制
入社初日は、安全に関する講習と作業の基本ルールについてのオリエンテーションからスタートします。
現場配属後は、専任の先輩スタッフがマンツーマンでついて実際の作業を見せながら丁寧にレクチャーします。

最初は「シールの貼り方」や「ダンボールの組み立て」といった、特に簡単な作業からお任せしますので、一度にたくさんのことを覚える必要はありません。
作業中に分からないことや迷うことがあっても、すぐ近くにリーダーや先輩スタッフが常駐しているため、「これってどうやるんでしたっけ？」といつでも気軽に質問できる安心の環境です。早ければ半日、遅くても2〜3日程度で一人立ちしてスムーズにお仕事を進められるようになります！","✅ 未経験スタート9割以上！簡単なシンプル作業です
「商品を手に取る」「キズがないか見る」「箱に入れる」など、覚えることはたったこれだけ！複雑な機械操作や難しいルールはありません。
先輩スタッフのほとんどが未経験からのスタートです。特別なスキルや経験は一切不要なので、初めてのアルバイトや久しぶりのお仕事復帰の方も安心してください。

✅ 自分のペースで黙々・コツコツ取り組める！
「接客が苦手…」「一人で集中して作業したい」という方にピッタリの環境です。
ノルマなどもなく、ご自身のペースで作業を進められるので、人間関係のストレスを感じることなくのびのびと働けます。

✅ 重い荷物なし！身体への負担が少ない軽作業
扱う商品は、衣服や生活雑貨、コスメなどの比較的軽いものが中心です。
重いダンボールを持ち運んだり、力仕事をお願いすることはほぼありませんので、年齢・性別問わず無理なく長く続けられるお仕事です。

✅ 空調完備のキレイな倉庫で、1年中快適♪
冷暖房がしっかり効いたクリーンな室内での作業です。
「夏は暑くて汗だく…」「冬は寒くて手がかじかむ…」といった心配は無用！季節や天候に関わらず、いつも快適な温度の中で気持ちよく作業に集中できます。

✅ 充実の設備＆働きやすい環境
鍵付きの個人ロッカーを完備しているほか、広々として清潔な休憩室もご用意しています。
休憩室には電子レンジ・冷蔵庫・ポット・自動販売機を完備しており、お弁当を持参してゆっくりくつろぐことも可能です。スタッフが過ごしやすい環境づくりに力を入れています！","例外事由3号のイにより、長期キャリア形成を図るため、
35歳以下を募集しております。","【勤務時間】
★9:00~18:00
└実働8時間/休憩1時間

定時ダッシュも問題ないです✧
✧ 土日祝休み
✧ 残業月平均:6.5時間以内
✧ 残業代100%支給","✧ 完全週休2日制(土日祝休み)
✧ 年間休日125日
「土日休みはマスト!」ってあなたにも
ぴったりの職場です!

【その他休暇】
✧ 有給休暇
✧ 夏季・冬季休暇
✧ GW休暇
✧ 年末年始休暇",大阪府大阪市中央区難波,難波雇用開発センター,"月給:25万円~+交通費全額支給

※経験に応じて決定いたします。

# 昇給あり
# 賞与あり
# 残業代100%支給
# 交通費支給","・社会保険完備
・住宅手当
・家賃補助
・退職金制度
・家族手当・扶養手当
・健康診断
・特別休暇
・資格取得支援制度","\\✧カジュアル面談実施中です✧/

応募に必要なのは人柄のみです!
まずはあなたのご希望を聞かせてください!

✩.。.....................。.✩
■ 応募からの流れ ■
✩.。.....................。.✩

▶STEP1WEBから1分簡単ご応募!
1~3日以内に担当者よりご連絡いたします。

▶ STEP2カジュアル面談(1回のみ)

▶STEP3採用

※入社日のご相談OKです◎
お気軽にご相談ください!",,即日勤務OK、交通費支給、残業なし,2,任意,生年月日、性別、電話番号,ntf-indeedapplicant-aaaatulx77tci2k2pr5yeqapva@shukatsu-labo.slack.com,,,利用しない,,
募集中,株式会社エイジェック,【未経験】検品・梱包作業/株式会社エイジェック/大阪雇用開発センター,倉庫作業スタッフ,20~30代活躍中◎ワークライフバランスも充実！！,,大阪府 大阪市 北区 角田町,,,正社員,はい,月給,250000,,最低額を表示,なし,,,,,,,固定時間制,160,,厚生年金、健康保険、雇用保険、労災保険,,なし,,,,,,,,,,,,,,,,,,"空調が完備された綺麗な物流センター内で、人気ECサイトで販売されているアパレル商品・生活雑貨・コスメなどの「検品・梱包作業」を担当していただきます。
作業内容は非常にシンプルで、「商品を手に取る」「傷がないかチェックする」「箱や袋に詰める」という基本の3ステップが中心です。重いお荷物の持ち運びはほとんどなく、自分のペースでコツコツ・黙々と進められる軽作業です。
未経験からスタートしたスタッフが9割以上活躍中で、1日〜数日で覚えられる簡単な作業ばかりですので、バイトデビューや久しぶりのお仕事復帰の方も安心してスタートしていただけます。

■ 具体的なお仕事の流れ

1. 検品・チェック作業
入荷された商品や出荷前の商品に問題がないか、確認する作業です。

・外観の目視確認： 商品に傷や汚れ、ほつれ、パッケージの凹みなどが無いかを目視で丁寧にチェックします。
・数量・品番の照合： 納品書や手元のハンディ端末に表示されたデータと、目の前にある商品の種類・個数が合致しているか確認します。
・バーコードスキャン： バーコードリーダーを使って商品を「ピッと」読み取る作業です。機械の操作はスマホ感覚で直感的に行えるため、難しい設定や専門知識は一切不要です。

2. 梱包・箱詰め作業
検品が完了した商品を、お客様のもとへ無事にお届けできるよう綺麗に包んで箱に詰める作業です。

・袋詰め・緩衝材包装： 服やタオルなどの布製品を専用の透明袋に入れたり、壊れやすいコスメ・ガラス製品などをプチプチ（緩衝材）で包みます。
・箱詰め・セット作業： 指定のサイズに合わせたダンボール箱を組み立て、商品が途中で動かないよう丁寧に納めます。
・テープ留め・封かん： ダンボールのフタを閉じ、ガムテープでしっかり留めたら梱包完了です。

3. シール貼り・仕分け作業
出荷に向けた最後の仕上げ作業です。

・ラベル貼り： お届け先の伝票シールや、取扱注意シール（「水濡れ厳禁」「割れ物注意」など）を指定の位置へキレイに貼り付けます。
・出荷先ごとの仕分け： 梱包が終わった箱を、配送地域別や配送業者別に分けられた台車やコンテナへ移します。

■ 1日のタイムスケジュール例（日勤の場合）
09:00〜【朝礼・作業スタート】
本日の連絡事項を確認後、各自の作業台へ移動します。担当する作業（検品または梱包）をスタートします。

12:00〜【お昼休憩（60分）】
清潔な休憩室でランチタイム。電子レンジ・冷蔵庫・自動販売機も完備されており、お弁当の持参も自由です。

13:00〜【午後の作業再開】
午前の続きの作業を行います。自分のデスクで黙々と作業に集中できる時間です。

15:00〜【小休憩（15分）】
身体をほぐしたり水分補給をするリフレッシュタイム。集中力を保ちやすい環境が整っています。

15:15〜【出荷準備・最終仕上げ】
本日発送分の最終チェックと、作業スペースの清掃・整理整頓を行います。

18:00〜【作業終了・定時退勤】
残業は基本的にありません。定時になったら「お疲れ様でした！」とスッキリ帰宅できます。

■ 快適な作業環境と働きやすさのポイント
・1年中快適な空調完備： 冷暖房がしっかり効いたクリーンな倉庫なので、夏は涼しく、冬は暖かく快適に作業できます。
・身体に優しい軽作業： 扱う商品は衣類、コスメ、文房具、小型雑貨などがメインです。重量物の持ち上げ作業はありません。
・充実した設備： 個人用の鍵付きロッカーを完備。休憩室は広々としており、ポットや電子レンジ、フリーWi-Fiも自由に使えます。

■ 未経験者でも安心のサポート体制
入社初日は、安全に関する講習と作業の基本ルールについてのオリエンテーションからスタートします。
現場配属後は、専任の先輩スタッフがマンツーマンでついて実際の作業を見せながら丁寧にレクチャーします。

最初は「シールの貼り方」や「ダンボールの組み立て」といった、特に簡単な作業からお任せしますので、一度にたくさんのことを覚える必要はありません。
作業中に分からないことや迷うことがあっても、すぐ近くにリーダーや先輩スタッフが常駐しているため、「これってどうやるんでしたっけ？」といつでも気軽に質問できる安心の環境です。早ければ半日、遅くても2〜3日程度で一人立ちしてスムーズにお仕事を進められるようになります！","✅ 未経験スタート9割以上！簡単なシンプル作業です
「商品を手に取る」「キズがないか見る」「箱に入れる」など、覚えることはたったこれだけ！複雑な機械操作や難しいルールはありません。
先輩スタッフのほとんどが未経験からのスタートです。特別なスキルや経験は一切不要なので、初めてのアルバイトや久しぶりのお仕事復帰の方も安心してください。

✅ 自分のペースで黙々・コツコツ取り組める！
「接客が苦手…」「一人で集中して作業したい」という方にピッタリの環境です。
ノルマなどもなく、ご自身のペースで作業を進められるので、人間関係のストレスを感じることなくのびのびと働けます。

✅ 重い荷物なし！身体への負担が少ない軽作業
扱う商品は、衣服や生活雑貨、コスメなどの比較的軽いものが中心です。
重いダンボールを持ち運んだり、力仕事をお願いすることはほぼありませんので、年齢・性別問わず無理なく長く続けられるお仕事です。

✅ 空調完備のキレイな倉庫で、1年中快適♪
冷暖房がしっかり効いたクリーンな室内での作業です。
「夏は暑くて汗だく…」「冬は寒くて手がかじかむ…」といった心配は無用！季節や天候に関わらず、いつも快適な温度の中で気持ちよく作業に集中できます。

✅ 充実の設備＆働きやすい環境
鍵付きの個人ロッカーを完備しているほか、広々として清潔な休憩室もご用意しています。
休憩室には電子レンジ・冷蔵庫・ポット・自動販売機を完備しており、お弁当を持参してゆっくりくつろぐことも可能です。スタッフが過ごしやすい環境づくりに力を入れています！","例外事由3号のイにより、長期キャリア形成を図るため、
35歳以下を募集しております。","【勤務時間】
★9:00~18:00
└実働8時間/休憩1時間

定時ダッシュも問題ないです✧
✧ 土日祝休み
✧ 残業月平均:6.5時間以内
✧ 残業代100%支給","✧ 完全週休2日制(土日祝休み)
✧ 年間休日125日
「土日休みはマスト!」ってあなたにも
ぴったりの職場です!

【その他休暇】
✧ 有給休暇
✧ 夏季・冬季休暇
✧ GW休暇
✧ 年末年始休暇",大阪府大阪市北区角田町,大阪雇用開発センター,"月給:25万円~+交通費全額支給

※経験に応じて決定いたします。

# 昇給あり
# 賞与あり
# 残業代100%支給
# 交通費支給","・社会保険完備
・住宅手当
・家賃補助
・退職金制度
・家族手当・扶養手当
・健康診断
・特別休暇
・資格取得支援制度","\\✧カジュアル面談実施中です✧/

応募に必要なのは人柄のみです!
まずはあなたのご希望を聞かせてください!

✩.。.....................。.✩
■ 応募からの流れ ■
✩.。.....................。.✩

▶STEP1WEBから1分簡単ご応募!
1~3日以内に担当者よりご連絡いたします。

▶ STEP2カジュアル面談(1回のみ)

▶STEP3採用

※入社日のご相談OKです◎
お気軽にご相談ください!",,即日勤務OK、交通費支給、残業なし,2,任意,生年月日、性別、電話番号,ntf-indeedapplicant-aaaatulx77tci2k2pr5yeqapva@shukatsu-labo.slack.com,,,利用しない,,
募集中,株式会社エイジェック,【未経験】検品・梱包作業/株式会社エイジェック/一宮雇用開発センター,倉庫作業スタッフ,20~30代活躍中◎ワークライフバランスも充実！！,,愛知県 一宮市 栄,,,正社員,はい,月給,250000,,最低額を表示,なし,,,,,,,固定時間制,160,,厚生年金、健康保険、雇用保険、労災保険,,なし,,,,,,,,,,,,,,,,,,"空調が完備された綺麗な物流センター内で、人気ECサイトで販売されているアパレル商品・生活雑貨・コスメなどの「検品・梱包作業」を担当していただきます。
作業内容は非常にシンプルで、「商品を手に取る」「傷がないかチェックする」「箱や袋に詰める」という基本の3ステップが中心です。重いお荷物の持ち運びはほとんどなく、自分のペースでコツコツ・黙々と進められる軽作業です。
未経験からスタートしたスタッフが9割以上活躍中で、1日〜数日で覚えられる簡単な作業ばかりですので、バイトデビューや久しぶりのお仕事復帰の方も安心してスタートしていただけます。

■ 具体的なお仕事の流れ

1. 検品・チェック作業
入荷された商品や出荷前の商品に問題がないか、確認する作業です。

・外観の目視確認： 商品に傷や汚れ、ほつれ、パッケージの凹みなどが無いかを目視で丁寧にチェックします。
・数量・品番の照合： 納品書や手元のハンディ端末に表示されたデータと、目の前にある商品の種類・個数が合致しているか確認します。
・バーコードスキャン： バーコードリーダーを使って商品を「ピッと」読み取る作業です。機械の操作はスマホ感覚で直感的に行えるため、難しい設定や専門知識は一切不要です。

2. 梱包・箱詰め作業
検品が完了した商品を、お客様のもとへ無事にお届けできるよう綺麗に包んで箱に詰める作業です。

・袋詰め・緩衝材包装： 服やタオルなどの布製品を専用の透明袋に入れたり、壊れやすいコスメ・ガラス製品などをプチプチ（緩衝材）で包みます。
・箱詰め・セット作業： 指定のサイズに合わせたダンボール箱を組み立て、商品が途中で動かないよう丁寧に納めます。
・テープ留め・封かん： ダンボールのフタを閉じ、ガムテープでしっかり留めたら梱包完了です。

3. シール貼り・仕分け作業
出荷に向けた最後の仕上げ作業です。

・ラベル貼り： お届け先の伝票シールや、取扱注意シール（「水濡れ厳禁」「割れ物注意」など）を指定の位置へキレイに貼り付けます。
・出荷先ごとの仕分け： 梱包が終わった箱を、配送地域別や配送業者別に分けられた台車やコンテナへ移します。

■ 1日のタイムスケジュール例（日勤の場合）
09:00〜【朝礼・作業スタート】
本日の連絡事項を確認後、各自の作業台へ移動します。担当する作業（検品または梱包）をスタートします。

12:00〜【お昼休憩（60分）】
清潔な休憩室でランチタイム。電子レンジ・冷蔵庫・自動販売機も完備されており、お弁当の持参も自由です。

13:00〜【午後の作業再開】
午前の続きの作業を行います。自分のデスクで黙々と作業に集中できる時間です。

15:00〜【小休憩（15分）】
身体をほぐしたり水分補給をするリフレッシュタイム。集中力を保ちやすい環境が整っています。

15:15〜【出荷準備・最終仕上げ】
本日発送分の最終チェックと、作業スペースの清掃・整理整頓を行います。

18:00〜【作業終了・定時退勤】
残業は基本的にありません。定時になったら「お疲れ様でした！」とスッキリ帰宅できます。

■ 快適な作業環境と働きやすさのポイント
・1年中快適な空調完備： 冷暖房がしっかり効いたクリーンな倉庫なので、夏は涼しく、冬は暖かく快適に作業できます。
・身体に優しい軽作業： 扱う商品は衣類、コスメ、文房具、小型雑貨などがメインです。重量物の持ち上げ作業はありません。
・充実した設備： 個人用の鍵付きロッカーを完備。休憩室は広々としており、ポットや電子レンジ、フリーWi-Fiも自由に使えます。

■ 未経験者でも安心のサポート体制
入社初日は、安全に関する講習と作業の基本ルールについてのオリエンテーションからスタートします。
現場配属後は、専任の先輩スタッフがマンツーマンでついて実際の作業を見せながら丁寧にレクチャーします。

最初は「シールの貼り方」や「ダンボールの組み立て」といった、特に簡単な作業からお任せしますので、一度にたくさんのことを覚える必要はありません。
作業中に分からないことや迷うことがあっても、すぐ近くにリーダーや先輩スタッフが常駐しているため、「これってどうやるんでしたっけ？」といつでも気軽に質問できる安心の環境です。早ければ半日、遅くても2〜3日程度で一人立ちしてスムーズにお仕事を進められるようになります！","✅ 未経験スタート9割以上！簡単なシンプル作業です
「商品を手に取る」「キズがないか見る」「箱に入れる」など、覚えることはたったこれだけ！複雑な機械操作や難しいルールはありません。
先輩スタッフのほとんどが未経験からのスタートです。特別なスキルや経験は一切不要なので、初めてのアルバイトや久しぶりのお仕事復帰の方も安心してください。

✅ 自分のペースで黙々・コツコツ取り組める！
「接客が苦手…」「一人で集中して作業したい」という方にピッタリの環境です。
ノルマなどもなく、ご自身のペースで作業を進められるので、人間関係のストレスを感じることなくのびのびと働けます。

✅ 重い荷物なし！身体への負担が少ない軽作業
扱う商品は、衣服や生活雑貨、コスメなどの比較的軽いものが中心です。
重いダンボールを持ち運んだり、力仕事をお願いすることはほぼありませんので、年齢・性別問わず無理なく長く続けられるお仕事です。

✅ 空調完備のキレイな倉庫で、1年中快適♪
冷暖房がしっかり効いたクリーンな室内での作業です。
「夏は暑くて汗だく…」「冬は寒くて手がかじかむ…」といった心配は無用！季節や天候に関わらず、いつも快適な温度の中で気持ちよく作業に集中できます。

✅ 充実の設備＆働きやすい環境
鍵付きの個人ロッカーを完備しているほか、広々として清潔な休憩室もご用意しています。
休憩室には電子レンジ・冷蔵庫・ポット・自動販売機を完備しており、お弁当を持参してゆっくりくつろぐことも可能です。スタッフが過ごしやすい環境づくりに力を入れています！","例外事由3号のイにより、長期キャリア形成を図るため、
35歳以下を募集しております。","【勤務時間】
★9:00~18:00
└実働8時間/休憩1時間

定時ダッシュも問題ないです✧
✧ 土日祝休み
✧ 残業月平均:6.5時間以内
✧ 残業代100%支給","✧ 完全週休2日制(土日祝休み)
✧ 年間休日125日
「土日休みはマスト!」ってあなたにも
ぴったりの職場です!

【その他休暇】
✧ 有給休暇
✧ 夏季・冬季休暇
✧ GW休暇
✧ 年末年始休暇",愛知県一宮市栄,一宮雇用開発センター,"月給:25万円~+交通費全額支給

※経験に応じて決定いたします。

# 昇給あり
# 賞与あり
# 残業代100%支給
# 交通費支給","・社会保険完備
・住宅手当
・家賃補助
・退職金制度
・家族手当・扶養手当
・健康診断
・特別休暇
・資格取得支援制度","\\✧カジュアル面談実施中です✧/

応募に必要なのは人柄のみです!
まずはあなたのご希望を聞かせてください!

✩.。.....................。.✩
■ 応募からの流れ ■
✩.。.....................。.✩

▶STEP1WEBから1分簡単ご応募!
1~3日以内に担当者よりご連絡いたします。

▶ STEP2カジュアル面談(1回のみ)

▶STEP3採用

※入社日のご相談OKです◎
お気軽にご相談ください!",,即日勤務OK、交通費支給、残業なし,2,任意,生年月日、性別、電話番号,ntf-indeedapplicant-aaaatulx77tci2k2pr5yeqapva@shukatsu-labo.slack.com,,,利用しない,,
募集中,株式会社エイジェック,【未経験】検品・梱包作業/株式会社エイジェック/刈谷雇用開発センター,倉庫作業スタッフ,20~30代活躍中◎ワークライフバランスも充実！！,,愛知県 刈谷市 若松町,,,正社員,はい,月給,250000,,最低額を表示,なし,,,,,,,固定時間制,160,,厚生年金、健康保険、雇用保険、労災保険,,なし,,,,,,,,,,,,,,,,,,"空調が完備された綺麗な物流センター内で、人気ECサイトで販売されているアパレル商品・生活雑貨・コスメなどの「検品・梱包作業」を担当していただきます。
作業内容は非常にシンプルで、「商品を手に取る」「傷がないかチェックする」「箱や袋に詰める」という基本の3ステップが中心です。重いお荷物の持ち運びはほとんどなく、自分のペースでコツコツ・黙々と進められる軽作業です。
未経験からスタートしたスタッフが9割以上活躍中で、1日〜数日で覚えられる簡単な作業ばかりですので、バイトデビューや久しぶりのお仕事復帰の方も安心してスタートしていただけます。

■ 具体的なお仕事の流れ

1. 検品・チェック作業
入荷された商品や出荷前の商品に問題がないか、確認する作業です。

・外観の目視確認： 商品に傷や汚れ、ほつれ、パッケージの凹みなどが無いかを目視で丁寧にチェックします。
・数量・品番の照合： 納品書や手元のハンディ端末に表示されたデータと、目の前にある商品の種類・個数が合致しているか確認します。
・バーコードスキャン： バーコードリーダーを使って商品を「ピッと」読み取る作業です。機械の操作はスマホ感覚で直感的に行えるため、難しい設定や専門知識は一切不要です。

2. 梱包・箱詰め作業
検品が完了した商品を、お客様のもとへ無事にお届けできるよう綺麗に包んで箱に詰める作業です。

・袋詰め・緩衝材包装： 服やタオルなどの布製品を専用の透明袋に入れたり、壊れやすいコスメ・ガラス製品などをプチプチ（緩衝材）で包みます。
・箱詰め・セット作業： 指定のサイズに合わせたダンボール箱を組み立て、商品が途中で動かないよう丁寧に納めます。
・テープ留め・封かん： ダンボールのフタを閉じ、ガムテープでしっかり留めたら梱包完了です。

3. シール貼り・仕分け作業
出荷に向けた最後の仕上げ作業です。

・ラベル貼り： お届け先の伝票シールや、取扱注意シール（「水濡れ厳禁」「割れ物注意」など）を指定の位置へキレイに貼り付けます。
・出荷先ごとの仕分け： 梱包が終わった箱を、配送地域別や配送業者別に分けられた台車やコンテナへ移します。

■ 1日のタイムスケジュール例（日勤の場合）
09:00〜【朝礼・作業スタート】
本日の連絡事項を確認後、各自の作業台へ移動します。担当する作業（検品または梱包）をスタートします。

12:00〜【お昼休憩（60分）】
清潔な休憩室でランチタイム。電子レンジ・冷蔵庫・自動販売機も完備されており、お弁当の持参も自由です。

13:00〜【午後の作業再開】
午前の続きの作業を行います。自分のデスクで黙々と作業に集中できる時間です。

15:00〜【小休憩（15分）】
身体をほぐしたり水分補給をするリフレッシュタイム。集中力を保ちやすい環境が整っています。

15:15〜【出荷準備・最終仕上げ】
本日発送分の最終チェックと、作業スペースの清掃・整理整頓を行います。

18:00〜【作業終了・定時退勤】
残業は基本的にありません。定時になったら「お疲れ様でした！」とスッキリ帰宅できます。

■ 快適な作業環境と働きやすさのポイント
・1年中快適な空調完備： 冷暖房がしっかり効いたクリーンな倉庫なので、夏は涼しく、冬は暖かく快適に作業できます。
・身体に優しい軽作業： 扱う商品は衣類、コスメ、文房具、小型雑貨などがメインです。重量物の持ち上げ作業はありません。
・充実した設備： 個人用の鍵付きロッカーを完備。休憩室は広々としており、ポットや電子レンジ、フリーWi-Fiも自由に使えます。

■ 未経験者でも安心のサポート体制
入社初日は、安全に関する講習と作業の基本ルールについてのオリエンテーションからスタートします。
現場配属後は、専任の先輩スタッフがマンツーマンでついて実際の作業を見せながら丁寧にレクチャーします。

最初は「シールの貼り方」や「ダンボールの組み立て」といった、特に簡単な作業からお任せしますので、一度にたくさんのことを覚える必要はありません。
作業中に分からないことや迷うことがあっても、すぐ近くにリーダーや先輩スタッフが常駐しているため、「これってどうやるんでしたっけ？」といつでも気軽に質問できる安心の環境です。早ければ半日、遅くても2〜3日程度で一人立ちしてスムーズにお仕事を進められるようになります！","✅ 未経験スタート9割以上！簡単なシンプル作業です
「商品を手に取る」「キズがないか見る」「箱に入れる」など、覚えることはたったこれだけ！複雑な機械操作や難しいルールはありません。
先輩スタッフのほとんどが未経験からのスタートです。特別なスキルや経験は一切不要なので、初めてのアルバイトや久しぶりのお仕事復帰の方も安心してください。

✅ 自分のペースで黙々・コツコツ取り組める！
「接客が苦手…」「一人で集中して作業したい」という方にピッタリの環境です。
ノルマなどもなく、ご自身のペースで作業を進められるので、人間関係のストレスを感じることなくのびのびと働けます。

✅ 重い荷物なし！身体への負担が少ない軽作業
扱う商品は、衣服や生活雑貨、コスメなどの比較的軽いものが中心です。
重いダンボールを持ち運んだり、力仕事をお願いすることはほぼありませんので、年齢・性別問わず無理なく長く続けられるお仕事です。

✅ 空調完備のキレイな倉庫で、1年中快適♪
冷暖房がしっかり効いたクリーンな室内での作業です。
「夏は暑くて汗だく…」「冬は寒くて手がかじかむ…」といった心配は無用！季節や天候に関わらず、いつも快適な温度の中で気持ちよく作業に集中できます。

✅ 充実の設備＆働きやすい環境
鍵付きの個人ロッカーを完備しているほか、広々として清潔な休憩室もご用意しています。
休憩室には電子レンジ・冷蔵庫・ポット・自動販売機を完備しており、お弁当を持参してゆっくりくつろぐことも可能です。スタッフが過ごしやすい環境づくりに力を入れています！","例外事由3号のイにより、長期キャリア形成を図るため、
35歳以下を募集しております。","【勤務時間】
★9:00~18:00
└実働8時間/休憩1時間

定時ダッシュも問題ないです✧
✧ 土日祝休み
✧ 残業月平均:6.5時間以内
✧ 残業代100%支給","✧ 完全週休2日制(土日祝休み)
✧ 年間休日125日
「土日休みはマスト!」ってあなたにも
ぴったりの職場です!

【その他休暇】
✧ 有給休暇
✧ 夏季・冬季休暇
✧ GW休暇
✧ 年末年始休暇",愛知県刈谷市若松町,刈谷雇用開発センター,"月給:25万円~+交通費全額支給

※経験に応じて決定いたします。

# 昇給あり
# 賞与あり
# 残業代100%支給
# 交通費支給","・社会保険完備
・住宅手当
・家賃補助
・退職金制度
・家族手当・扶養手当
・健康診断
・特別休暇
・資格取得支援制度","\\✧カジュアル面談実施中です✧/

応募に必要なのは人柄のみです!
まずはあなたのご希望を聞かせてください!

✩.。.....................。.✩
■ 応募からの流れ ■
✩.。.....................。.✩

▶STEP1WEBから1分簡単ご応募!
1~3日以内に担当者よりご連絡いたします。

▶ STEP2カジュアル面談(1回のみ)

▶STEP3採用

※入社日のご相談OKです◎
お気軽にご相談ください!",,即日勤務OK、交通費支給、残業なし,2,任意,生年月日、性別、電話番号,ntf-indeedapplicant-aaaatulx77tci2k2pr5yeqapva@shukatsu-labo.slack.com,,,利用しない,,
募集中,株式会社エイジェック,【未経験】検品・梱包作業/株式会社エイジェック/岡崎雇用開発センター,倉庫作業スタッフ,20~30代活躍中◎ワークライフバランスも充実！！,,愛知県 岡崎市 唐沢町,,,正社員,はい,月給,250000,,最低額を表示,なし,,,,,,,固定時間制,160,,厚生年金、健康保険、雇用保険、労災保険,,なし,,,,,,,,,,,,,,,,,,"空調が完備された綺麗な物流センター内で、人気ECサイトで販売されているアパレル商品・生活雑貨・コスメなどの「検品・梱包作業」を担当していただきます。
作業内容は非常にシンプルで、「商品を手に取る」「傷がないかチェックする」「箱や袋に詰める」という基本の3ステップが中心です。重いお荷物の持ち運びはほとんどなく、自分のペースでコツコツ・黙々と進められる軽作業です。
未経験からスタートしたスタッフが9割以上活躍中で、1日〜数日で覚えられる簡単な作業ばかりですので、バイトデビューや久しぶりのお仕事復帰の方も安心してスタートしていただけます。

■ 具体的なお仕事の流れ

1. 検品・チェック作業
入荷された商品や出荷前の商品に問題がないか、確認する作業です。

・外観の目視確認： 商品に傷や汚れ、ほつれ、パッケージの凹みなどが無いかを目視で丁寧にチェックします。
・数量・品番の照合： 納品書や手元のハンディ端末に表示されたデータと、目の前にある商品の種類・個数が合致しているか確認します。
・バーコードスキャン： バーコードリーダーを使って商品を「ピッと」読み取る作業です。機械の操作はスマホ感覚で直感的に行えるため、難しい設定や専門知識は一切不要です。

2. 梱包・箱詰め作業
検品が完了した商品を、お客様のもとへ無事にお届けできるよう綺麗に包んで箱に詰める作業です。

・袋詰め・緩衝材包装： 服やタオルなどの布製品を専用の透明袋に入れたり、壊れやすいコスメ・ガラス製品などをプチプチ（緩衝材）で包みます。
・箱詰め・セット作業： 指定のサイズに合わせたダンボール箱を組み立て、商品が途中で動かないよう丁寧に納めます。
・テープ留め・封かん： ダンボールのフタを閉じ、ガムテープでしっかり留めたら梱包完了です。

3. シール貼り・仕分け作業
出荷に向けた最後の仕上げ作業です。

・ラベル貼り： お届け先の伝票シールや、取扱注意シール（「水濡れ厳禁」「割れ物注意」など）を指定の位置へキレイに貼り付けます。
・出荷先ごとの仕分け： 梱包が終わった箱を、配送地域別や配送業者別に分けられた台車やコンテナへ移します。

■ 1日のタイムスケジュール例（日勤の場合）
09:00〜【朝礼・作業スタート】
本日の連絡事項を確認後、各自の作業台へ移動します。担当する作業（検品または梱包）をスタートします。

12:00〜【お昼休憩（60分）】
清潔な休憩室でランチタイム。電子レンジ・冷蔵庫・自動販売機も完備されており、お弁当の持参も自由です。

13:00〜【午後の作業再開】
午前の続きの作業を行います。自分のデスクで黙々と作業に集中できる時間です。

15:00〜【小休憩（15分）】
身体をほぐしたり水分補給をするリフレッシュタイム。集中力を保ちやすい環境が整っています。

15:15〜【出荷準備・最終仕上げ】
本日発送分の最終チェックと、作業スペースの清掃・整理整頓を行います。

18:00〜【作業終了・定時退勤】
残業は基本的にありません。定時になったら「お疲れ様でした！」とスッキリ帰宅できます。

■ 快適な作業環境と働きやすさのポイント
・1年中快適な空調完備： 冷暖房がしっかり効いたクリーンな倉庫なので、夏は涼しく、冬は暖かく快適に作業できます。
・身体に優しい軽作業： 扱う商品は衣類、コスメ、文房具、小型雑貨などがメインです。重量物の持ち上げ作業はありません。
・充実した設備： 個人用の鍵付きロッカーを完備。休憩室は広々としており、ポットや電子レンジ、フリーWi-Fiも自由に使えます。

■ 未経験者でも安心のサポート体制
入社初日は、安全に関する講習と作業の基本ルールについてのオリエンテーションからスタートします。
現場配属後は、専任の先輩スタッフがマンツーマンでついて実際の作業を見せながら丁寧にレクチャーします。

最初は「シールの貼り方」や「ダンボールの組み立て」といった、特に簡単な作業からお任せしますので、一度にたくさんのことを覚える必要はありません。
作業中に分からないことや迷うことがあっても、すぐ近くにリーダーや先輩スタッフが常駐しているため、「これってどうやるんでしたっけ？」といつでも気軽に質問できる安心の環境です。早ければ半日、遅くても2〜3日程度で一人立ちしてスムーズにお仕事を進められるようになります！","✅ 未経験スタート9割以上！簡単なシンプル作業です
「商品を手に取る」「キズがないか見る」「箱に入れる」など、覚えることはたったこれだけ！複雑な機械操作や難しいルールはありません。
先輩スタッフのほとんどが未経験からのスタートです。特別なスキルや経験は一切不要なので、初めてのアルバイトや久しぶりのお仕事復帰の方も安心してください。

✅ 自分のペースで黙々・コツコツ取り組める！
「接客が苦手…」「一人で集中して作業したい」という方にピッタリの環境です。
ノルマなどもなく、ご自身のペースで作業を進められるので、人間関係のストレスを感じることなくのびのびと働けます。

✅ 重い荷物なし！身体への負担が少ない軽作業
扱う商品は、衣服や生活雑貨、コスメなどの比較的軽いものが中心です。
重いダンボールを持ち運んだり、力仕事をお願いすることはほぼありませんので、年齢・性別問わず無理なく長く続けられるお仕事です。

✅ 空調完備のキレイな倉庫で、1年中快適♪
冷暖房がしっかり効いたクリーンな室内での作業です。
「夏は暑くて汗だく…」「冬は寒くて手がかじかむ…」といった心配は無用！季節や天候に関わらず、いつも快適な温度の中で気持ちよく作業に集中できます。

✅ 充実の設備＆働きやすい環境
鍵付きの個人ロッカーを完備しているほか、広々として清潔な休憩室もご用意しています。
休憩室には電子レンジ・冷蔵庫・ポット・自動販売機を完備しており、お弁当を持参してゆっくりくつろぐことも可能です。スタッフが過ごしやすい環境づくりに力を入れています！","例外事由3号のイにより、長期キャリア形成を図るため、
35歳以下を募集しております。","【勤務時間】
★9:00~18:00
└実働8時間/休憩1時間

定時ダッシュも問題ないです✧
✧ 土日祝休み
✧ 残業月平均:6.5時間以内
✧ 残業代100%支給","✧ 完全週休2日制(土日祝休み)
✧ 年間休日125日
「土日休みはマスト!」ってあなたにも
ぴったりの職場です!

【その他休暇】
✧ 有給休暇
✧ 夏季・冬季休暇
✧ GW休暇
✧ 年末年始休暇",愛知県岡崎市唐沢町,岡崎雇用開発センター,"月給:25万円~+交通費全額支給

※経験に応じて決定いたします。

# 昇給あり
# 賞与あり
# 残業代100%支給
# 交通費支給","・社会保険完備
・住宅手当
・家賃補助
・退職金制度
・家族手当・扶養手当
・健康診断
・特別休暇
・資格取得支援制度","\\✧カジュアル面談実施中です✧/

応募に必要なのは人柄のみです!
まずはあなたのご希望を聞かせてください!

✩.。.....................。.✩
■ 応募からの流れ ■
✩.。.....................。.✩

▶STEP1WEBから1分簡単ご応募!
1~3日以内に担当者よりご連絡いたします。

▶ STEP2カジュアル面談(1回のみ)

▶STEP3採用

※入社日のご相談OKです◎
お気軽にご相談ください!",,即日勤務OK、交通費支給、残業なし,2,任意,生年月日、性別、電話番号,ntf-indeedapplicant-aaaatulx77tci2k2pr5yeqapva@shukatsu-labo.slack.com,,,利用しない,,
募集中,株式会社エイジェック,【未経験】検品・梱包作業/株式会社エイジェック/豊田雇用開発センター,倉庫作業スタッフ,20~30代活躍中◎ワークライフバランスも充実！！,,愛知県 豊田市 若宮町,,,正社員,はい,月給,250000,,最低額を表示,なし,,,,,,,固定時間制,160,,厚生年金、健康保険、雇用保険、労災保険,,なし,,,,,,,,,,,,,,,,,,"空調が完備された綺麗な物流センター内で、人気ECサイトで販売されているアパレル商品・生活雑貨・コスメなどの「検品・梱包作業」を担当していただきます。
作業内容は非常にシンプルで、「商品を手に取る」「傷がないかチェックする」「箱や袋に詰める」という基本の3ステップが中心です。重いお荷物の持ち運びはほとんどなく、自分のペースでコツコツ・黙々と進められる軽作業です。
未経験からスタートしたスタッフが9割以上活躍中で、1日〜数日で覚えられる簡単な作業ばかりですので、バイトデビューや久しぶりのお仕事復帰の方も安心してスタートしていただけます。

■ 具体的なお仕事の流れ

1. 検品・チェック作業
入荷された商品や出荷前の商品に問題がないか、確認する作業です。

・外観の目視確認： 商品に傷や汚れ、ほつれ、パッケージの凹みなどが無いかを目視で丁寧にチェックします。
・数量・品番の照合： 納品書や手元のハンディ端末に表示されたデータと、目の前にある商品の種類・個数が合致しているか確認します。
・バーコードスキャン： バーコードリーダーを使って商品を「ピッと」読み取る作業です。機械の操作はスマホ感覚で直感的に行えるため、難しい設定や専門知識は一切不要です。

2. 梱包・箱詰め作業
検品が完了した商品を、お客様のもとへ無事にお届けできるよう綺麗に包んで箱に詰める作業です。

・袋詰め・緩衝材包装： 服やタオルなどの布製品を専用の透明袋に入れたり、壊れやすいコスメ・ガラス製品などをプチプチ（緩衝材）で包みます。
・箱詰め・セット作業： 指定のサイズに合わせたダンボール箱を組み立て、商品が途中で動かないよう丁寧に納めます。
・テープ留め・封かん： ダンボールのフタを閉じ、ガムテープでしっかり留めたら梱包完了です。

3. シール貼り・仕分け作業
出荷に向けた最後の仕上げ作業です。

・ラベル貼り： お届け先の伝票シールや、取扱注意シール（「水濡れ厳禁」「割れ物注意」など）を指定の位置へキレイに貼り付けます。
・出荷先ごとの仕分け： 梱包が終わった箱を、配送地域別や配送業者別に分けられた台車やコンテナへ移します。

■ 1日のタイムスケジュール例（日勤の場合）
09:00〜【朝礼・作業スタート】
本日の連絡事項を確認後、各自の作業台へ移動します。担当する作業（検品または梱包）をスタートします。

12:00〜【お昼休憩（60分）】
清潔な休憩室でランチタイム。電子レンジ・冷蔵庫・自動販売機も完備されており、お弁当の持参も自由です。

13:00〜【午後の作業再開】
午前の続きの作業を行います。自分のデスクで黙々と作業に集中できる時間です。

15:00〜【小休憩（15分）】
身体をほぐしたり水分補給をするリフレッシュタイム。集中力を保ちやすい環境が整っています。

15:15〜【出荷準備・最終仕上げ】
本日発送分の最終チェックと、作業スペースの清掃・整理整頓を行います。

18:00〜【作業終了・定時退勤】
残業は基本的にありません。定時になったら「お疲れ様でした！」とスッキリ帰宅できます。

■ 快適な作業環境と働きやすさのポイント
・1年中快適な空調完備： 冷暖房がしっかり効いたクリーンな倉庫なので、夏は涼しく、冬は暖かく快適に作業できます。
・身体に優しい軽作業： 扱う商品は衣類、コスメ、文房具、小型雑貨などがメインです。重量物の持ち上げ作業はありません。
・充実した設備： 個人用の鍵付きロッカーを完備。休憩室は広々としており、ポットや電子レンジ、フリーWi-Fiも自由に使えます。

■ 未経験者でも安心のサポート体制
入社初日は、安全に関する講習と作業の基本ルールについてのオリエンテーションからスタートします。
現場配属後は、専任の先輩スタッフがマンツーマンでついて実際の作業を見せながら丁寧にレクチャーします。

最初は「シールの貼り方」や「ダンボールの組み立て」といった、特に簡単な作業からお任せしますので、一度にたくさんのことを覚える必要はありません。
作業中に分からないことや迷うことがあっても、すぐ近くにリーダーや先輩スタッフが常駐しているため、「これってどうやるんでしたっけ？」といつでも気軽に質問できる安心の環境です。早ければ半日、遅くても2〜3日程度で一人立ちしてスムーズにお仕事を進められるようになります！","✅ 未経験スタート9割以上！簡単なシンプル作業です
「商品を手に取る」「キズがないか見る」「箱に入れる」など、覚えることはたったこれだけ！複雑な機械操作や難しいルールはありません。
先輩スタッフのほとんどが未経験からのスタートです。特別なスキルや経験は一切不要なので、初めてのアルバイトや久しぶりのお仕事復帰の方も安心してください。

✅ 自分のペースで黙々・コツコツ取り組める！
「接客が苦手…」「一人で集中して作業したい」という方にピッタリの環境です。
ノルマなどもなく、ご自身のペースで作業を進められるので、人間関係のストレスを感じることなくのびのびと働けます。

✅ 重い荷物なし！身体への負担が少ない軽作業
扱う商品は、衣服や生活雑貨、コスメなどの比較的軽いものが中心です。
重いダンボールを持ち運んだり、力仕事をお願いすることはほぼありませんので、年齢・性別問わず無理なく長く続けられるお仕事です。

✅ 空調完備のキレイな倉庫で、1年中快適♪
冷暖房がしっかり効いたクリーンな室内での作業です。
「夏は暑くて汗だく…」「冬は寒くて手がかじかむ…」といった心配は無用！季節や天候に関わらず、いつも快適な温度の中で気持ちよく作業に集中できます。

✅ 充実の設備＆働きやすい環境
鍵付きの個人ロッカーを完備しているほか、広々として清潔な休憩室もご用意しています。
休憩室には電子レンジ・冷蔵庫・ポット・自動販売機を完備しており、お弁当を持参してゆっくりくつろぐことも可能です。スタッフが過ごしやすい環境づくりに力を入れています！","例外事由3号のイにより、長期キャリア形成を図るため、
35歳以下を募集しております。","【勤務時間】
★9:00~18:00
└実働8時間/休憩1時間

定時ダッシュも問題ないです✧
✧ 土日祝休み
✧ 残業月平均:6.5時間以内
✧ 残業代100%支給","✧ 完全週休2日制(土日祝休み)
✧ 年間休日125日
「土日休みはマスト!」ってあなたにも
ぴったりの職場です!

【その他休暇】
✧ 有給休暇
✧ 夏季・冬季休暇
✧ GW休暇
✧ 年末年始休暇",愛知県豊田市若宮町,豊田雇用開発センター,"月給:25万円~+交通費全額支給

※経験に応じて決定いたします。

# 昇給あり
# 賞与あり
# 残業代100%支給
# 交通費支給","・社会保険完備
・住宅手当
・家賃補助
・退職金制度
・家族手当・扶養手当
・健康診断
・特別休暇
・資格取得支援制度","\\✧カジュアル面談実施中です✧/

応募に必要なのは人柄のみです!
まずはあなたのご希望を聞かせてください!

✩.。.....................。.✩
■ 応募からの流れ ■
✩.。.....................。.✩

▶STEP1WEBから1分簡単ご応募!
1~3日以内に担当者よりご連絡いたします。

▶ STEP2カジュアル面談(1回のみ)

▶STEP3採用

※入社日のご相談OKです◎
お気軽にご相談ください!",,即日勤務OK、交通費支給、残業なし,2,任意,生年月日、性別、電話番号,ntf-indeedapplicant-aaaatulx77tci2k2pr5yeqapva@shukatsu-labo.slack.com,,,利用しない,,
募集中,株式会社エイジェック,【未経験】検品・梱包作業/株式会社エイジェック/名古屋雇用開発センター,倉庫作業スタッフ,20~30代活躍中◎ワークライフバランスも充実！！,,愛知県 名古屋市 中村区 名駅,,,正社員,はい,月給,250000,,最低額を表示,なし,,,,,,,固定時間制,160,,厚生年金、健康保険、雇用保険、労災保険,,なし,,,,,,,,,,,,,,,,,,"空調が完備された綺麗な物流センター内で、人気ECサイトで販売されているアパレル商品・生活雑貨・コスメなどの「検品・梱包作業」を担当していただきます。
作業内容は非常にシンプルで、「商品を手に取る」「傷がないかチェックする」「箱や袋に詰める」という基本の3ステップが中心です。重いお荷物の持ち運びはほとんどなく、自分のペースでコツコツ・黙々と進められる軽作業です。
未経験からスタートしたスタッフが9割以上活躍中で、1日〜数日で覚えられる簡単な作業ばかりですので、バイトデビューや久しぶりのお仕事復帰の方も安心してスタートしていただけます。

■ 具体的なお仕事の流れ

1. 検品・チェック作業
入荷された商品や出荷前の商品に問題がないか、確認する作業です。

・外観の目視確認： 商品に傷や汚れ、ほつれ、パッケージの凹みなどが無いかを目視で丁寧にチェックします。
・数量・品番の照合： 納品書や手元のハンディ端末に表示されたデータと、目の前にある商品の種類・個数が合致しているか確認します。
・バーコードスキャン： バーコードリーダーを使って商品を「ピッと」読み取る作業です。機械の操作はスマホ感覚で直感的に行えるため、難しい設定や専門知識は一切不要です。

2. 梱包・箱詰め作業
検品が完了した商品を、お客様のもとへ無事にお届けできるよう綺麗に包んで箱に詰める作業です。

・袋詰め・緩衝材包装： 服やタオルなどの布製品を専用の透明袋に入れたり、壊れやすいコスメ・ガラス製品などをプチプチ（緩衝材）で包みます。
・箱詰め・セット作業： 指定のサイズに合わせたダンボール箱を組み立て、商品が途中で動かないよう丁寧に納めます。
・テープ留め・封かん： ダンボールのフタを閉じ、ガムテープでしっかり留めたら梱包完了です。

3. シール貼り・仕分け作業
出荷に向けた最後の仕上げ作業です。

・ラベル貼り： お届け先の伝票シールや、取扱注意シール（「水濡れ厳禁」「割れ物注意」など）を指定の位置へキレイに貼り付けます。
・出荷先ごとの仕分け： 梱包が終わった箱を、配送地域別や配送業者別に分けられた台車やコンテナへ移します。

■ 1日のタイムスケジュール例（日勤の場合）
09:00〜【朝礼・作業スタート】
本日の連絡事項を確認後、各自の作業台へ移動します。担当する作業（検品または梱包）をスタートします。

12:00〜【お昼休憩（60分）】
清潔な休憩室でランチタイム。電子レンジ・冷蔵庫・自動販売機も完備されており、お弁当の持参も自由です。

13:00〜【午後の作業再開】
午前の続きの作業を行います。自分のデスクで黙々と作業に集中できる時間です。

15:00〜【小休憩（15分）】
身体をほぐしたり水分補給をするリフレッシュタイム。集中力を保ちやすい環境が整っています。

15:15〜【出荷準備・最終仕上げ】
本日発送分の最終チェックと、作業スペースの清掃・整理整頓を行います。

18:00〜【作業終了・定時退勤】
残業は基本的にありません。定時になったら「お疲れ様でした！」とスッキリ帰宅できます。

■ 快適な作業環境と働きやすさのポイント
・1年中快適な空調完備： 冷暖房がしっかり効いたクリーンな倉庫なので、夏は涼しく、冬は暖かく快適に作業できます。
・身体に優しい軽作業： 扱う商品は衣類、コスメ、文房具、小型雑貨などがメインです。重量物の持ち上げ作業はありません。
・充実した設備： 個人用の鍵付きロッカーを完備。休憩室は広々としており、ポットや電子レンジ、フリーWi-Fiも自由に使えます。

■ 未経験者でも安心のサポート体制
入社初日は、安全に関する講習と作業の基本ルールについてのオリエンテーションからスタートします。
現場配属後は、専任の先輩スタッフがマンツーマンでついて実際の作業を見せながら丁寧にレクチャーします。

最初は「シールの貼り方」や「ダンボールの組み立て」といった、特に簡単な作業からお任せしますので、一度にたくさんのことを覚える必要はありません。
作業中に分からないことや迷うことがあっても、すぐ近くにリーダーや先輩スタッフが常駐しているため、「これってどうやるんでしたっけ？」といつでも気軽に質問できる安心の環境です。早ければ半日、遅くても2〜3日程度で一人立ちしてスムーズにお仕事を進められるようになります！","✅ 未経験スタート9割以上！簡単なシンプル作業です
「商品を手に取る」「キズがないか見る」「箱に入れる」など、覚えることはたったこれだけ！複雑な機械操作や難しいルールはありません。
先輩スタッフのほとんどが未経験からのスタートです。特別なスキルや経験は一切不要なので、初めてのアルバイトや久しぶりのお仕事復帰の方も安心してください。

✅ 自分のペースで黙々・コツコツ取り組める！
「接客が苦手…」「一人で集中して作業したい」という方にピッタリの環境です。
ノルマなどもなく、ご自身のペースで作業を進められるので、人間関係のストレスを感じることなくのびのびと働けます。

✅ 重い荷物なし！身体への負担が少ない軽作業
扱う商品は、衣服や生活雑貨、コスメなどの比較的軽いものが中心です。
重いダンボールを持ち運んだり、力仕事をお願いすることはほぼありませんので、年齢・性別問わず無理なく長く続けられるお仕事です。

✅ 空調完備のキレイな倉庫で、1年中快適♪
冷暖房がしっかり効いたクリーンな室内での作業です。
「夏は暑くて汗だく…」「冬は寒くて手がかじかむ…」といった心配は無用！季節や天候に関わらず、いつも快適な温度の中で気持ちよく作業に集中できます。

✅ 充実の設備＆働きやすい環境
鍵付きの個人ロッカーを完備しているほか、広々として清潔な休憩室もご用意しています。
休憩室には電子レンジ・冷蔵庫・ポット・自動販売機を完備しており、お弁当を持参してゆっくりくつろぐことも可能です。スタッフが過ごしやすい環境づくりに力を入れています！","例外事由3号のイにより、長期キャリア形成を図るため、
35歳以下を募集しております。","【勤務時間】
★9:00~18:00
└実働8時間/休憩1時間

定時ダッシュも問題ないです✧
✧ 土日祝休み
✧ 残業月平均:6.5時間以内
✧ 残業代100%支給","✧ 完全週休2日制(土日祝休み)
✧ 年間休日125日
「土日休みはマスト!」ってあなたにも
ぴったりの職場です!

【その他休暇】
✧ 有給休暇
✧ 夏季・冬季休暇
✧ GW休暇
✧ 年末年始休暇",愛知県名古屋市中村区名駅,名古屋雇用開発センター,"月給:25万円~+交通費全額支給

※経験に応じて決定いたします。

# 昇給あり
# 賞与あり
# 残業代100%支給
# 交通費支給","・社会保険完備
・住宅手当
・家賃補助
・退職金制度
・家族手当・扶養手当
・健康診断
・特別休暇
・資格取得支援制度","\\✧カジュアル面談実施中です✧/

応募に必要なのは人柄のみです!
まずはあなたのご希望を聞かせてください!

✩.。.....................。.✩
■ 応募からの流れ ■
✩.。.....................。.✩

▶STEP1WEBから1分簡単ご応募!
1~3日以内に担当者よりご連絡いたします。

▶ STEP2カジュアル面談(1回のみ)

▶STEP3採用

※入社日のご相談OKです◎
お気軽にご相談ください!",,即日勤務OK、交通費支給、残業なし,2,任意,生年月日、性別、電話番号,ntf-indeedapplicant-aaaatulx77tci2k2pr5yeqapva@shukatsu-labo.slack.com,,,利用しない,,
募集中,株式会社エイジェック,【未経験】検品・梱包作業/株式会社エイジェック/川越雇用開発センター,倉庫作業スタッフ,20~30代活躍中◎ワークライフバランスも充実！！,,埼玉県 川越市 脇田本町,,,正社員,はい,月給,250000,,最低額を表示,なし,,,,,,,固定時間制,160,,厚生年金、健康保険、雇用保険、労災保険,,なし,,,,,,,,,,,,,,,,,,"空調が完備された綺麗な物流センター内で、人気ECサイトで販売されているアパレル商品・生活雑貨・コスメなどの「検品・梱包作業」を担当していただきます。
作業内容は非常にシンプルで、「商品を手に取る」「傷がないかチェックする」「箱や袋に詰める」という基本の3ステップが中心です。重いお荷物の持ち運びはほとんどなく、自分のペースでコツコツ・黙々と進められる軽作業です。
未経験からスタートしたスタッフが9割以上活躍中で、1日〜数日で覚えられる簡単な作業ばかりですので、バイトデビューや久しぶりのお仕事復帰の方も安心してスタートしていただけます。

■ 具体的なお仕事の流れ

1. 検品・チェック作業
入荷された商品や出荷前の商品に問題がないか、確認する作業です。

・外観の目視確認： 商品に傷や汚れ、ほつれ、パッケージの凹みなどが無いかを目視で丁寧にチェックします。
・数量・品番の照合： 納品書や手元のハンディ端末に表示されたデータと、目の前にある商品の種類・個数が合致しているか確認します。
・バーコードスキャン： バーコードリーダーを使って商品を「ピッと」読み取る作業です。機械の操作はスマホ感覚で直感的に行えるため、難しい設定や専門知識は一切不要です。

2. 梱包・箱詰め作業
検品が完了した商品を、お客様のもとへ無事にお届けできるよう綺麗に包んで箱に詰める作業です。

・袋詰め・緩衝材包装： 服やタオルなどの布製品を専用の透明袋に入れたり、壊れやすいコスメ・ガラス製品などをプチプチ（緩衝材）で包みます。
・箱詰め・セット作業： 指定のサイズに合わせたダンボール箱を組み立て、商品が途中で動かないよう丁寧に納めます。
・テープ留め・封かん： ダンボールのフタを閉じ、ガムテープでしっかり留めたら梱包完了です。

3. シール貼り・仕分け作業
出荷に向けた最後の仕上げ作業です。

・ラベル貼り： お届け先の伝票シールや、取扱注意シール（「水濡れ厳禁」「割れ物注意」など）を指定の位置へキレイに貼り付けます。
・出荷先ごとの仕分け： 梱包が終わった箱を、配送地域別や配送業者別に分けられた台車やコンテナへ移します。

■ 1日のタイムスケジュール例（日勤の場合）
09:00〜【朝礼・作業スタート】
本日の連絡事項を確認後、各自の作業台へ移動します。担当する作業（検品または梱包）をスタートします。

12:00〜【お昼休憩（60分）】
清潔な休憩室でランチタイム。電子レンジ・冷蔵庫・自動販売機も完備されており、お弁当の持参も自由です。

13:00〜【午後の作業再開】
午前の続きの作業を行います。自分のデスクで黙々と作業に集中できる時間です。

15:00〜【小休憩（15分）】
身体をほぐしたり水分補給をするリフレッシュタイム。集中力を保ちやすい環境が整っています。

15:15〜【出荷準備・最終仕上げ】
本日発送分の最終チェックと、作業スペースの清掃・整理整頓を行います。

18:00〜【作業終了・定時退勤】
残業は基本的にありません。定時になったら「お疲れ様でした！」とスッキリ帰宅できます。

■ 快適な作業環境と働きやすさのポイント
・1年中快適な空調完備： 冷暖房がしっかり効いたクリーンな倉庫なので、夏は涼しく、冬は暖かく快適に作業できます。
・身体に優しい軽作業： 扱う商品は衣類、コスメ、文房具、小型雑貨などがメインです。重量物の持ち上げ作業はありません。
・充実した設備： 個人用の鍵付きロッカーを完備。休憩室は広々としており、ポットや電子レンジ、フリーWi-Fiも自由に使えます。

■ 未経験者でも安心のサポート体制
入社初日は、安全に関する講習と作業の基本ルールについてのオリエンテーションからスタートします。
現場配属後は、専任の先輩スタッフがマンツーマンでついて実際の作業を見せながら丁寧にレクチャーします。

最初は「シールの貼り方」や「ダンボールの組み立て」といった、特に簡単な作業からお任せしますので、一度にたくさんのことを覚える必要はありません。
作業中に分からないことや迷うことがあっても、すぐ近くにリーダーや先輩スタッフが常駐しているため、「これってどうやるんでしたっけ？」といつでも気軽に質問できる安心の環境です。早ければ半日、遅くても2〜3日程度で一人立ちしてスムーズにお仕事を進められるようになります！","✅ 未経験スタート9割以上！簡単なシンプル作業です
「商品を手に取る」「キズがないか見る」「箱に入れる」など、覚えることはたったこれだけ！複雑な機械操作や難しいルールはありません。
先輩スタッフのほとんどが未経験からのスタートです。特別なスキルや経験は一切不要なので、初めてのアルバイトや久しぶりのお仕事復帰の方も安心してください。

✅ 自分のペースで黙々・コツコツ取り組める！
「接客が苦手…」「一人で集中して作業したい」という方にピッタリの環境です。
ノルマなどもなく、ご自身のペースで作業を進められるので、人間関係のストレスを感じることなくのびのびと働けます。

✅ 重い荷物なし！身体への負担が少ない軽作業
扱う商品は、衣服や生活雑貨、コスメなどの比較的軽いものが中心です。
重いダンボールを持ち運んだり、力仕事をお願いすることはほぼありませんので、年齢・性別問わず無理なく長く続けられるお仕事です。

✅ 空調完備のキレイな倉庫で、1年中快適♪
冷暖房がしっかり効いたクリーンな室内での作業です。
「夏は暑くて汗だく…」「冬は寒くて手がかじかむ…」といった心配は無用！季節や天候に関わらず、いつも快適な温度の中で気持ちよく作業に集中できます。

✅ 充実の設備＆働きやすい環境
鍵付きの個人ロッカーを完備しているほか、広々として清潔な休憩室もご用意しています。
休憩室には電子レンジ・冷蔵庫・ポット・自動販売機を完備しており、お弁当を持参してゆっくりくつろぐことも可能です。スタッフが過ごしやすい環境づくりに力を入れています！","例外事由3号のイにより、長期キャリア形成を図るため、
35歳以下を募集しております。","【勤務時間】
★9:00~18:00
└実働8時間/休憩1時間

定時ダッシュも問題ないです✧
✧ 土日祝休み
✧ 残業月平均:6.5時間以内
✧ 残業代100%支給","✧ 完全週休2日制(土日祝休み)
✧ 年間休日125日
「土日休みはマスト!」ってあなたにも
ぴったりの職場です!

【その他休暇】
✧ 有給休暇
✧ 夏季・冬季休暇
✧ GW休暇
✧ 年末年始休暇",埼玉県川越市脇田本町,川越雇用開発センター,"月給:25万円~+交通費全額支給

※経験に応じて決定いたします。

# 昇給あり
# 賞与あり
# 残業代100%支給
# 交通費支給","・社会保険完備
・住宅手当
・家賃補助
・退職金制度
・家族手当・扶養手当
・健康診断
・特別休暇
・資格取得支援制度","\\✧カジュアル面談実施中です✧/

応募に必要なのは人柄のみです!
まずはあなたのご希望を聞かせてください!

✩.。.....................。.✩
■ 応募からの流れ ■
✩.。.....................。.✩

▶STEP1WEBから1分簡単ご応募!
1~3日以内に担当者よりご連絡いたします。

▶ STEP2カジュアル面談(1回のみ)

▶STEP3採用

※入社日のご相談OKです◎
お気軽にご相談ください!",,即日勤務OK、交通費支給、残業なし,2,任意,生年月日、性別、電話番号,ntf-indeedapplicant-aaaatulx77tci2k2pr5yeqapva@shukatsu-labo.slack.com,,,利用しない,,
募集中,株式会社エイジェック,【未経験】検品・梱包作業/株式会社エイジェック/熊谷雇用開発センター,倉庫作業スタッフ,20~30代活躍中◎ワークライフバランスも充実！！,,埼玉県 熊谷市 筑波,,,正社員,はい,月給,250000,,最低額を表示,なし,,,,,,,固定時間制,160,,厚生年金、健康保険、雇用保険、労災保険,,なし,,,,,,,,,,,,,,,,,,"空調が完備された綺麗な物流センター内で、人気ECサイトで販売されているアパレル商品・生活雑貨・コスメなどの「検品・梱包作業」を担当していただきます。
作業内容は非常にシンプルで、「商品を手に取る」「傷がないかチェックする」「箱や袋に詰める」という基本の3ステップが中心です。重いお荷物の持ち運びはほとんどなく、自分のペースでコツコツ・黙々と進められる軽作業です。
未経験からスタートしたスタッフが9割以上活躍中で、1日〜数日で覚えられる簡単な作業ばかりですので、バイトデビューや久しぶりのお仕事復帰の方も安心してスタートしていただけます。

■ 具体的なお仕事の流れ

1. 検品・チェック作業
入荷された商品や出荷前の商品に問題がないか、確認する作業です。

・外観の目視確認： 商品に傷や汚れ、ほつれ、パッケージの凹みなどが無いかを目視で丁寧にチェックします。
・数量・品番の照合： 納品書や手元のハンディ端末に表示されたデータと、目の前にある商品の種類・個数が合致しているか確認します。
・バーコードスキャン： バーコードリーダーを使って商品を「ピッと」読み取る作業です。機械の操作はスマホ感覚で直感的に行えるため、難しい設定や専門知識は一切不要です。

2. 梱包・箱詰め作業
検品が完了した商品を、お客様のもとへ無事にお届けできるよう綺麗に包んで箱に詰める作業です。

・袋詰め・緩衝材包装： 服やタオルなどの布製品を専用の透明袋に入れたり、壊れやすいコスメ・ガラス製品などをプチプチ（緩衝材）で包みます。
・箱詰め・セット作業： 指定のサイズに合わせたダンボール箱を組み立て、商品が途中で動かないよう丁寧に納めます。
・テープ留め・封かん： ダンボールのフタを閉じ、ガムテープでしっかり留めたら梱包完了です。

3. シール貼り・仕分け作業
出荷に向けた最後の仕上げ作業です。

・ラベル貼り： お届け先の伝票シールや、取扱注意シール（「水濡れ厳禁」「割れ物注意」など）を指定の位置へキレイに貼り付けます。
・出荷先ごとの仕分け： 梱包が終わった箱を、配送地域別や配送業者別に分けられた台車やコンテナへ移します。

■ 1日のタイムスケジュール例（日勤の場合）
09:00〜【朝礼・作業スタート】
本日の連絡事項を確認後、各自の作業台へ移動します。担当する作業（検品または梱包）をスタートします。

12:00〜【お昼休憩（60分）】
清潔な休憩室でランチタイム。電子レンジ・冷蔵庫・自動販売機も完備されており、お弁当の持参も自由です。

13:00〜【午後の作業再開】
午前の続きの作業を行います。自分のデスクで黙々と作業に集中できる時間です。

15:00〜【小休憩（15分）】
身体をほぐしたり水分補給をするリフレッシュタイム。集中力を保ちやすい環境が整っています。

15:15〜【出荷準備・最終仕上げ】
本日発送分の最終チェックと、作業スペースの清掃・整理整頓を行います。

18:00〜【作業終了・定時退勤】
残業は基本的にありません。定時になったら「お疲れ様でした！」とスッキリ帰宅できます。

■ 快適な作業環境と働きやすさのポイント
・1年中快適な空調完備： 冷暖房がしっかり効いたクリーンな倉庫なので、夏は涼しく、冬は暖かく快適に作業できます。
・身体に優しい軽作業： 扱う商品は衣類、コスメ、文房具、小型雑貨などがメインです。重量物の持ち上げ作業はありません。
・充実した設備： 個人用の鍵付きロッカーを完備。休憩室は広々としており、ポットや電子レンジ、フリーWi-Fiも自由に使えます。

■ 未経験者でも安心のサポート体制
入社初日は、安全に関する講習と作業の基本ルールについてのオリエンテーションからスタートします。
現場配属後は、専任の先輩スタッフがマンツーマンでついて実際の作業を見せながら丁寧にレクチャーします。

最初は「シールの貼り方」や「ダンボールの組み立て」といった、特に簡単な作業からお任せしますので、一度にたくさんのことを覚える必要はありません。
作業中に分からないことや迷うことがあっても、すぐ近くにリーダーや先輩スタッフが常駐しているため、「これってどうやるんでしたっけ？」といつでも気軽に質問できる安心の環境です。早ければ半日、遅くても2〜3日程度で一人立ちしてスムーズにお仕事を進められるようになります！","✅ 未経験スタート9割以上！簡単なシンプル作業です
「商品を手に取る」「キズがないか見る」「箱に入れる」など、覚えることはたったこれだけ！複雑な機械操作や難しいルールはありません。
先輩スタッフのほとんどが未経験からのスタートです。特別なスキルや経験は一切不要なので、初めてのアルバイトや久しぶりのお仕事復帰の方も安心してください。

✅ 自分のペースで黙々・コツコツ取り組める！
「接客が苦手…」「一人で集中して作業したい」という方にピッタリの環境です。
ノルマなどもなく、ご自身のペースで作業を進められるので、人間関係のストレスを感じることなくのびのびと働けます。

✅ 重い荷物なし！身体への負担が少ない軽作業
扱う商品は、衣服や生活雑貨、コスメなどの比較的軽いものが中心です。
重いダンボールを持ち運んだり、力仕事をお願いすることはほぼありませんので、年齢・性別問わず無理なく長く続けられるお仕事です。

✅ 空調完備のキレイな倉庫で、1年中快適♪
冷暖房がしっかり効いたクリーンな室内での作業です。
「夏は暑くて汗だく…」「冬は寒くて手がかじかむ…」といった心配は無用！季節や天候に関わらず、いつも快適な温度の中で気持ちよく作業に集中できます。

✅ 充実の設備＆働きやすい環境
鍵付きの個人ロッカーを完備しているほか、広々として清潔な休憩室もご用意しています。
休憩室には電子レンジ・冷蔵庫・ポット・自動販売機を完備しており、お弁当を持参してゆっくりくつろぐことも可能です。スタッフが過ごしやすい環境づくりに力を入れています！","例外事由3号のイにより、長期キャリア形成を図るため、
35歳以下を募集しております。","【勤務時間】
★9:00~18:00
└実働8時間/休憩1時間

定時ダッシュも問題ないです✧
✧ 土日祝休み
✧ 残業月平均:6.5時間以内
✧ 残業代100%支給","✧ 完全週休2日制(土日祝休み)
✧ 年間休日125日
「土日休みはマスト!」ってあなたにも
ぴったりの職場です!

【その他休暇】
✧ 有給休暇
✧ 夏季・冬季休暇
✧ GW休暇
✧ 年末年始休暇",埼玉県熊谷市筑波,熊谷雇用開発センター,"月給:25万円~+交通費全額支給

※経験に応じて決定いたします。

# 昇給あり
# 賞与あり
# 残業代100%支給
# 交通費支給","・社会保険完備
・住宅手当
・家賃補助
・退職金制度
・家族手当・扶養手当
・健康診断
・特別休暇
・資格取得支援制度","\\✧カジュアル面談実施中です✧/

応募に必要なのは人柄のみです!
まずはあなたのご希望を聞かせてください!

✩.。.....................。.✩
■ 応募からの流れ ■
✩.。.....................。.✩

▶STEP1WEBから1分簡単ご応募!
1~3日以内に担当者よりご連絡いたします。

▶ STEP2カジュアル面談(1回のみ)

▶STEP3採用

※入社日のご相談OKです◎
お気軽にご相談ください!",,即日勤務OK、交通費支給、残業なし,2,任意,生年月日、性別、電話番号,ntf-indeedapplicant-aaaatulx77tci2k2pr5yeqapva@shukatsu-labo.slack.com,,,利用しない,,
募集中,株式会社エイジェック,【未経験】検品・梱包作業/株式会社エイジェック/久喜雇用開発センター,倉庫作業スタッフ,20~30代活躍中◎ワークライフバランスも充実！！,,埼玉県 久喜市 久喜中央,,,正社員,はい,月給,250000,,最低額を表示,なし,,,,,,,固定時間制,160,,厚生年金、健康保険、雇用保険、労災保険,,なし,,,,,,,,,,,,,,,,,,"空調が完備された綺麗な物流センター内で、人気ECサイトで販売されているアパレル商品・生活雑貨・コスメなどの「検品・梱包作業」を担当していただきます。
作業内容は非常にシンプルで、「商品を手に取る」「傷がないかチェックする」「箱や袋に詰める」という基本の3ステップが中心です。重いお荷物の持ち運びはほとんどなく、自分のペースでコツコツ・黙々と進められる軽作業です。
未経験からスタートしたスタッフが9割以上活躍中で、1日〜数日で覚えられる簡単な作業ばかりですので、バイトデビューや久しぶりのお仕事復帰の方も安心してスタートしていただけます。

■ 具体的なお仕事の流れ

1. 検品・チェック作業
入荷された商品や出荷前の商品に問題がないか、確認する作業です。

・外観の目視確認： 商品に傷や汚れ、ほつれ、パッケージの凹みなどが無いかを目視で丁寧にチェックします。
・数量・品番の照合： 納品書や手元のハンディ端末に表示されたデータと、目の前にある商品の種類・個数が合致しているか確認します。
・バーコードスキャン： バーコードリーダーを使って商品を「ピッと」読み取る作業です。機械の操作はスマホ感覚で直感的に行えるため、難しい設定や専門知識は一切不要です。

2. 梱包・箱詰め作業
検品が完了した商品を、お客様のもとへ無事にお届けできるよう綺麗に包んで箱に詰める作業です。

・袋詰め・緩衝材包装： 服やタオルなどの布製品を専用の透明袋に入れたり、壊れやすいコスメ・ガラス製品などをプチプチ（緩衝材）で包みます。
・箱詰め・セット作業： 指定のサイズに合わせたダンボール箱を組み立て、商品が途中で動かないよう丁寧に納めます。
・テープ留め・封かん： ダンボールのフタを閉じ、ガムテープでしっかり留めたら梱包完了です。

3. シール貼り・仕分け作業
出荷に向けた最後の仕上げ作業です。

・ラベル貼り： お届け先の伝票シールや、取扱注意シール（「水濡れ厳禁」「割れ物注意」など）を指定の位置へキレイに貼り付けます。
・出荷先ごとの仕分け： 梱包が終わった箱を、配送地域別や配送業者別に分けられた台車やコンテナへ移します。

■ 1日のタイムスケジュール例（日勤の場合）
09:00〜【朝礼・作業スタート】
本日の連絡事項を確認後、各自の作業台へ移動します。担当する作業（検品または梱包）をスタートします。

12:00〜【お昼休憩（60分）】
清潔な休憩室でランチタイム。電子レンジ・冷蔵庫・自動販売機も完備されており、お弁当の持参も自由です。

13:00〜【午後の作業再開】
午前の続きの作業を行います。自分のデスクで黙々と作業に集中できる時間です。

15:00〜【小休憩（15分）】
身体をほぐしたり水分補給をするリフレッシュタイム。集中力を保ちやすい環境が整っています。

15:15〜【出荷準備・最終仕上げ】
本日発送分の最終チェックと、作業スペースの清掃・整理整頓を行います。

18:00〜【作業終了・定時退勤】
残業は基本的にありません。定時になったら「お疲れ様でした！」とスッキリ帰宅できます。

■ 快適な作業環境と働きやすさのポイント
・1年中快適な空調完備： 冷暖房がしっかり効いたクリーンな倉庫なので、夏は涼しく、冬は暖かく快適に作業できます。
・身体に優しい軽作業： 扱う商品は衣類、コスメ、文房具、小型雑貨などがメインです。重量物の持ち上げ作業はありません。
・充実した設備： 個人用の鍵付きロッカーを完備。休憩室は広々としており、ポットや電子レンジ、フリーWi-Fiも自由に使えます。

■ 未経験者でも安心のサポート体制
入社初日は、安全に関する講習と作業の基本ルールについてのオリエンテーションからスタートします。
現場配属後は、専任の先輩スタッフがマンツーマンでついて実際の作業を見せながら丁寧にレクチャーします。

最初は「シールの貼り方」や「ダンボールの組み立て」といった、特に簡単な作業からお任せしますので、一度にたくさんのことを覚える必要はありません。
作業中に分からないことや迷うことがあっても、すぐ近くにリーダーや先輩スタッフが常駐しているため、「これってどうやるんでしたっけ？」といつでも気軽に質問できる安心の環境です。早ければ半日、遅くても2〜3日程度で一人立ちしてスムーズにお仕事を進められるようになります！","✅ 未経験スタート9割以上！簡単なシンプル作業です
「商品を手に取る」「キズがないか見る」「箱に入れる」など、覚えることはたったこれだけ！複雑な機械操作や難しいルールはありません。
先輩スタッフのほとんどが未経験からのスタートです。特別なスキルや経験は一切不要なので、初めてのアルバイトや久しぶりのお仕事復帰の方も安心してください。

✅ 自分のペースで黙々・コツコツ取り組める！
「接客が苦手…」「一人で集中して作業したい」という方にピッタリの環境です。
ノルマなどもなく、ご自身のペースで作業を進められるので、人間関係のストレスを感じることなくのびのびと働けます。

✅ 重い荷物なし！身体への負担が少ない軽作業
扱う商品は、衣服や生活雑貨、コスメなどの比較的軽いものが中心です。
重いダンボールを持ち運んだり、力仕事をお願いすることはほぼありませんので、年齢・性別問わず無理なく長く続けられるお仕事です。

✅ 空調完備のキレイな倉庫で、1年中快適♪
冷暖房がしっかり効いたクリーンな室内での作業です。
「夏は暑くて汗だく…」「冬は寒くて手がかじかむ…」といった心配は無用！季節や天候に関わらず、いつも快適な温度の中で気持ちよく作業に集中できます。

✅ 充実の設備＆働きやすい環境
鍵付きの個人ロッカーを完備しているほか、広々として清潔な休憩室もご用意しています。
休憩室には電子レンジ・冷蔵庫・ポット・自動販売機を完備しており、お弁当を持参してゆっくりくつろぐことも可能です。スタッフが過ごしやすい環境づくりに力を入れています！","例外事由3号のイにより、長期キャリア形成を図るため、
35歳以下を募集しております。","【勤務時間】
★9:00~18:00
└実働8時間/休憩1時間

定時ダッシュも問題ないです✧
✧ 土日祝休み
✧ 残業月平均:6.5時間以内
✧ 残業代100%支給","✧ 完全週休2日制(土日祝休み)
✧ 年間休日125日
「土日休みはマスト!」ってあなたにも
ぴったりの職場です!

【その他休暇】
✧ 有給休暇
✧ 夏季・冬季休暇
✧ GW休暇
✧ 年末年始休暇",埼玉県久喜市久喜中央,久喜雇用開発センター,"月給:25万円~+交通費全額支給

※経験に応じて決定いたします。

# 昇給あり
# 賞与あり
# 残業代100%支給
# 交通費支給","・社会保険完備
・住宅手当
・家賃補助
・退職金制度
・家族手当・扶養手当
・健康診断
・特別休暇
・資格取得支援制度","\\✧カジュアル面談実施中です✧/

応募に必要なのは人柄のみです!
まずはあなたのご希望を聞かせてください!

✩.。.....................。.✩
■ 応募からの流れ ■
✩.。.....................。.✩

▶STEP1WEBから1分簡単ご応募!
1~3日以内に担当者よりご連絡いたします。

▶ STEP2カジュアル面談(1回のみ)

▶STEP3採用

※入社日のご相談OKです◎
お気軽にご相談ください!",,即日勤務OK、交通費支給、残業なし,2,任意,生年月日、性別、電話番号,ntf-indeedapplicant-aaaatulx77tci2k2pr5yeqapva@shukatsu-labo.slack.com,,,利用しない,,
募集中,株式会社エイジェック,【未経験】検品・梱包作業/株式会社エイジェック/大宮雇用開発センター,倉庫作業スタッフ,20~30代活躍中◎ワークライフバランスも充実！！,,埼玉県 さいたま市 大宮区 桜木町,,,正社員,はい,月給,250000,,最低額を表示,なし,,,,,,,固定時間制,160,,厚生年金、健康保険、雇用保険、労災保険,,なし,,,,,,,,,,,,,,,,,,"空調が完備された綺麗な物流センター内で、人気ECサイトで販売されているアパレル商品・生活雑貨・コスメなどの「検品・梱包作業」を担当していただきます。
作業内容は非常にシンプルで、「商品を手に取る」「傷がないかチェックする」「箱や袋に詰める」という基本の3ステップが中心です。重いお荷物の持ち運びはほとんどなく、自分のペースでコツコツ・黙々と進められる軽作業です。
未経験からスタートしたスタッフが9割以上活躍中で、1日〜数日で覚えられる簡単な作業ばかりですので、バイトデビューや久しぶりのお仕事復帰の方も安心してスタートしていただけます。

■ 具体的なお仕事の流れ

1. 検品・チェック作業
入荷された商品や出荷前の商品に問題がないか、確認する作業です。

・外観の目視確認： 商品に傷や汚れ、ほつれ、パッケージの凹みなどが無いかを目視で丁寧にチェックします。
・数量・品番の照合： 納品書や手元のハンディ端末に表示されたデータと、目の前にある商品の種類・個数が合致しているか確認します。
・バーコードスキャン： バーコードリーダーを使って商品を「ピッと」読み取る作業です。機械の操作はスマホ感覚で直感的に行えるため、難しい設定や専門知識は一切不要です。

2. 梱包・箱詰め作業
検品が完了した商品を、お客様のもとへ無事にお届けできるよう綺麗に包んで箱に詰める作業です。

・袋詰め・緩衝材包装： 服やタオルなどの布製品を専用の透明袋に入れたり、壊れやすいコスメ・ガラス製品などをプチプチ（緩衝材）で包みます。
・箱詰め・セット作業： 指定のサイズに合わせたダンボール箱を組み立て、商品が途中で動かないよう丁寧に納めます。
・テープ留め・封かん： ダンボールのフタを閉じ、ガムテープでしっかり留めたら梱包完了です。

3. シール貼り・仕分け作業
出荷に向けた最後の仕上げ作業です。

・ラベル貼り： お届け先の伝票シールや、取扱注意シール（「水濡れ厳禁」「割れ物注意」など）を指定の位置へキレイに貼り付けます。
・出荷先ごとの仕分け： 梱包が終わった箱を、配送地域別や配送業者別に分けられた台車やコンテナへ移します。

■ 1日のタイムスケジュール例（日勤の場合）
09:00〜【朝礼・作業スタート】
本日の連絡事項を確認後、各自の作業台へ移動します。担当する作業（検品または梱包）をスタートします。

12:00〜【お昼休憩（60分）】
清潔な休憩室でランチタイム。電子レンジ・冷蔵庫・自動販売機も完備されており、お弁当の持参も自由です。

13:00〜【午後の作業再開】
午前の続きの作業を行います。自分のデスクで黙々と作業に集中できる時間です。

15:00〜【小休憩（15分）】
身体をほぐしたり水分補給をするリフレッシュタイム。集中力を保ちやすい環境が整っています。

15:15〜【出荷準備・最終仕上げ】
本日発送分の最終チェックと、作業スペースの清掃・整理整頓を行います。

18:00〜【作業終了・定時退勤】
残業は基本的にありません。定時になったら「お疲れ様でした！」とスッキリ帰宅できます。

■ 快適な作業環境と働きやすさのポイント
・1年中快適な空調完備： 冷暖房がしっかり効いたクリーンな倉庫なので、夏は涼しく、冬は暖かく快適に作業できます。
・身体に優しい軽作業： 扱う商品は衣類、コスメ、文房具、小型雑貨などがメインです。重量物の持ち上げ作業はありません。
・充実した設備： 個人用の鍵付きロッカーを完備。休憩室は広々としており、ポットや電子レンジ、フリーWi-Fiも自由に使えます。

■ 未経験者でも安心のサポート体制
入社初日は、安全に関する講習と作業の基本ルールについてのオリエンテーションからスタートします。
現場配属後は、専任の先輩スタッフがマンツーマンでついて実際の作業を見せながら丁寧にレクチャーします。

最初は「シールの貼り方」や「ダンボールの組み立て」といった、特に簡単な作業からお任せしますので、一度にたくさんのことを覚える必要はありません。
作業中に分からないことや迷うことがあっても、すぐ近くにリーダーや先輩スタッフが常駐しているため、「これってどうやるんでしたっけ？」といつでも気軽に質問できる安心の環境です。早ければ半日、遅くても2〜3日程度で一人立ちしてスムーズにお仕事を進められるようになります！","✅ 未経験スタート9割以上！簡単なシンプル作業です
「商品を手に取る」「キズがないか見る」「箱に入れる」など、覚えることはたったこれだけ！複雑な機械操作や難しいルールはありません。
先輩スタッフのほとんどが未経験からのスタートです。特別なスキルや経験は一切不要なので、初めてのアルバイトや久しぶりのお仕事復帰の方も安心してください。

✅ 自分のペースで黙々・コツコツ取り組める！
「接客が苦手…」「一人で集中して作業したい」という方にピッタリの環境です。
ノルマなどもなく、ご自身のペースで作業を進められるので、人間関係のストレスを感じることなくのびのびと働けます。

✅ 重い荷物なし！身体への負担が少ない軽作業
扱う商品は、衣服や生活雑貨、コスメなどの比較的軽いものが中心です。
重いダンボールを持ち運んだり、力仕事をお願いすることはほぼありませんので、年齢・性別問わず無理なく長く続けられるお仕事です。

✅ 空調完備のキレイな倉庫で、1年中快適♪
冷暖房がしっかり効いたクリーンな室内での作業です。
「夏は暑くて汗だく…」「冬は寒くて手がかじかむ…」といった心配は無用！季節や天候に関わらず、いつも快適な温度の中で気持ちよく作業に集中できます。

✅ 充実の設備＆働きやすい環境
鍵付きの個人ロッカーを完備しているほか、広々として清潔な休憩室もご用意しています。
休憩室には電子レンジ・冷蔵庫・ポット・自動販売機を完備しており、お弁当を持参してゆっくりくつろぐことも可能です。スタッフが過ごしやすい環境づくりに力を入れています！","例外事由3号のイにより、長期キャリア形成を図るため、
35歳以下を募集しております。","【勤務時間】
★9:00~18:00
└実働8時間/休憩1時間

定時ダッシュも問題ないです✧
✧ 土日祝休み
✧ 残業月平均:6.5時間以内
✧ 残業代100%支給","✧ 完全週休2日制(土日祝休み)
✧ 年間休日125日
「土日休みはマスト!」ってあなたにも
ぴったりの職場です!

【その他休暇】
✧ 有給休暇
✧ 夏季・冬季休暇
✧ GW休暇
✧ 年末年始休暇",埼玉県さいたま市大宮区桜木町,大宮雇用開発センター,"月給:25万円~+交通費全額支給

※経験に応じて決定いたします。

# 昇給あり
# 賞与あり
# 残業代100%支給
# 交通費支給","・社会保険完備
・住宅手当
・家賃補助
・退職金制度
・家族手当・扶養手当
・健康診断
・特別休暇
・資格取得支援制度","\\✧カジュアル面談実施中です✧/

応募に必要なのは人柄のみです!
まずはあなたのご希望を聞かせてください!

✩.。.....................。.✩
■ 応募からの流れ ■
✩.。.....................。.✩

▶STEP1WEBから1分簡単ご応募!
1~3日以内に担当者よりご連絡いたします。

▶ STEP2カジュアル面談(1回のみ)

▶STEP3採用

※入社日のご相談OKです◎
お気軽にご相談ください!",,即日勤務OK、交通費支給、残業なし,2,任意,生年月日、性別、電話番号,ntf-indeedapplicant-aaaatulx77tci2k2pr5yeqapva@shukatsu-labo.slack.com,,,利用しない,,
募集中,株式会社エイジェック,【未経験】検品・梱包作業/株式会社エイジェック/木更津雇用開発センター,倉庫作業スタッフ,20~30代活躍中◎ワークライフバランスも充実！！,,千葉県 木更津市 大和,,,正社員,はい,月給,250000,,最低額を表示,なし,,,,,,,固定時間制,160,,厚生年金、健康保険、雇用保険、労災保険,,なし,,,,,,,,,,,,,,,,,,"空調が完備された綺麗な物流センター内で、人気ECサイトで販売されているアパレル商品・生活雑貨・コスメなどの「検品・梱包作業」を担当していただきます。
作業内容は非常にシンプルで、「商品を手に取る」「傷がないかチェックする」「箱や袋に詰める」という基本の3ステップが中心です。重いお荷物の持ち運びはほとんどなく、自分のペースでコツコツ・黙々と進められる軽作業です。
未経験からスタートしたスタッフが9割以上活躍中で、1日〜数日で覚えられる簡単な作業ばかりですので、バイトデビューや久しぶりのお仕事復帰の方も安心してスタートしていただけます。

■ 具体的なお仕事の流れ

1. 検品・チェック作業
入荷された商品や出荷前の商品に問題がないか、確認する作業です。

・外観の目視確認： 商品に傷や汚れ、ほつれ、パッケージの凹みなどが無いかを目視で丁寧にチェックします。
・数量・品番の照合： 納品書や手元のハンディ端末に表示されたデータと、目の前にある商品の種類・個数が合致しているか確認します。
・バーコードスキャン： バーコードリーダーを使って商品を「ピッと」読み取る作業です。機械の操作はスマホ感覚で直感的に行えるため、難しい設定や専門知識は一切不要です。

2. 梱包・箱詰め作業
検品が完了した商品を、お客様のもとへ無事にお届けできるよう綺麗に包んで箱に詰める作業です。

・袋詰め・緩衝材包装： 服やタオルなどの布製品を専用の透明袋に入れたり、壊れやすいコスメ・ガラス製品などをプチプチ（緩衝材）で包みます。
・箱詰め・セット作業： 指定のサイズに合わせたダンボール箱を組み立て、商品が途中で動かないよう丁寧に納めます。
・テープ留め・封かん： ダンボールのフタを閉じ、ガムテープでしっかり留めたら梱包完了です。

3. シール貼り・仕分け作業
出荷に向けた最後の仕上げ作業です。

・ラベル貼り： お届け先の伝票シールや、取扱注意シール（「水濡れ厳禁」「割れ物注意」など）を指定の位置へキレイに貼り付けます。
・出荷先ごとの仕分け： 梱包が終わった箱を、配送地域別や配送業者別に分けられた台車やコンテナへ移します。

■ 1日のタイムスケジュール例（日勤の場合）
09:00〜【朝礼・作業スタート】
本日の連絡事項を確認後、各自の作業台へ移動します。担当する作業（検品または梱包）をスタートします。

12:00〜【お昼休憩（60分）】
清潔な休憩室でランチタイム。電子レンジ・冷蔵庫・自動販売機も完備されており、お弁当の持参も自由です。

13:00〜【午後の作業再開】
午前の続きの作業を行います。自分のデスクで黙々と作業に集中できる時間です。

15:00〜【小休憩（15分）】
身体をほぐしたり水分補給をするリフレッシュタイム。集中力を保ちやすい環境が整っています。

15:15〜【出荷準備・最終仕上げ】
本日発送分の最終チェックと、作業スペースの清掃・整理整頓を行います。

18:00〜【作業終了・定時退勤】
残業は基本的にありません。定時になったら「お疲れ様でした！」とスッキリ帰宅できます。

■ 快適な作業環境と働きやすさのポイント
・1年中快適な空調完備： 冷暖房がしっかり効いたクリーンな倉庫なので、夏は涼しく、冬は暖かく快適に作業できます。
・身体に優しい軽作業： 扱う商品は衣類、コスメ、文房具、小型雑貨などがメインです。重量物の持ち上げ作業はありません。
・充実した設備： 個人用の鍵付きロッカーを完備。休憩室は広々としており、ポットや電子レンジ、フリーWi-Fiも自由に使えます。

■ 未経験者でも安心のサポート体制
入社初日は、安全に関する講習と作業の基本ルールについてのオリエンテーションからスタートします。
現場配属後は、専任の先輩スタッフがマンツーマンでついて実際の作業を見せながら丁寧にレクチャーします。

最初は「シールの貼り方」や「ダンボールの組み立て」といった、特に簡単な作業からお任せしますので、一度にたくさんのことを覚える必要はありません。
作業中に分からないことや迷うことがあっても、すぐ近くにリーダーや先輩スタッフが常駐しているため、「これってどうやるんでしたっけ？」といつでも気軽に質問できる安心の環境です。早ければ半日、遅くても2〜3日程度で一人立ちしてスムーズにお仕事を進められるようになります！","✅ 未経験スタート9割以上！簡単なシンプル作業です
「商品を手に取る」「キズがないか見る」「箱に入れる」など、覚えることはたったこれだけ！複雑な機械操作や難しいルールはありません。
先輩スタッフのほとんどが未経験からのスタートです。特別なスキルや経験は一切不要なので、初めてのアルバイトや久しぶりのお仕事復帰の方も安心してください。

✅ 自分のペースで黙々・コツコツ取り組める！
「接客が苦手…」「一人で集中して作業したい」という方にピッタリの環境です。
ノルマなどもなく、ご自身のペースで作業を進められるので、人間関係のストレスを感じることなくのびのびと働けます。

✅ 重い荷物なし！身体への負担が少ない軽作業
扱う商品は、衣服や生活雑貨、コスメなどの比較的軽いものが中心です。
重いダンボールを持ち運んだり、力仕事をお願いすることはほぼありませんので、年齢・性別問わず無理なく長く続けられるお仕事です。

✅ 空調完備のキレイな倉庫で、1年中快適♪
冷暖房がしっかり効いたクリーンな室内での作業です。
「夏は暑くて汗だく…」「冬は寒くて手がかじかむ…」といった心配は無用！季節や天候に関わらず、いつも快適な温度の中で気持ちよく作業に集中できます。

✅ 充実の設備＆働きやすい環境
鍵付きの個人ロッカーを完備しているほか、広々として清潔な休憩室もご用意しています。
休憩室には電子レンジ・冷蔵庫・ポット・自動販売機を完備しており、お弁当を持参してゆっくりくつろぐことも可能です。スタッフが過ごしやすい環境づくりに力を入れています！","例外事由3号のイにより、長期キャリア形成を図るため、
35歳以下を募集しております。","【勤務時間】
★9:00~18:00
└実働8時間/休憩1時間

定時ダッシュも問題ないです✧
✧ 土日祝休み
✧ 残業月平均:6.5時間以内
✧ 残業代100%支給","✧ 完全週休2日制(土日祝休み)
✧ 年間休日125日
「土日休みはマスト!」ってあなたにも
ぴったりの職場です!

【その他休暇】
✧ 有給休暇
✧ 夏季・冬季休暇
✧ GW休暇
✧ 年末年始休暇",千葉県木更津市大和,木更津雇用開発センター,"月給:25万円~+交通費全額支給

※経験に応じて決定いたします。

# 昇給あり
# 賞与あり
# 残業代100%支給
# 交通費支給","・社会保険完備
・住宅手当
・家賃補助
・退職金制度
・家族手当・扶養手当
・健康診断
・特別休暇
・資格取得支援制度","\\✧カジュアル面談実施中です✧/

応募に必要なのは人柄のみです!
まずはあなたのご希望を聞かせてください!

✩.。.....................。.✩
■ 応募からの流れ ■
✩.。.....................。.✩

▶STEP1WEBから1分簡単ご応募!
1~3日以内に担当者よりご連絡いたします。

▶ STEP2カジュアル面談(1回のみ)

▶STEP3採用

※入社日のご相談OKです◎
お気軽にご相談ください!",,即日勤務OK、交通費支給、残業なし,2,任意,生年月日、性別、電話番号,ntf-indeedapplicant-aaaatulx77tci2k2pr5yeqapva@shukatsu-labo.slack.com,,,利用しない,,
募集中,株式会社エイジェック,【未経験】検品・梱包作業/株式会社エイジェック/柏雇用開発センター,倉庫作業スタッフ,20~30代活躍中◎ワークライフバランスも充実！！,,千葉県 柏市 柏,,,正社員,はい,月給,250000,,最低額を表示,なし,,,,,,,固定時間制,160,,厚生年金、健康保険、雇用保険、労災保険,,なし,,,,,,,,,,,,,,,,,,"空調が完備された綺麗な物流センター内で、人気ECサイトで販売されているアパレル商品・生活雑貨・コスメなどの「検品・梱包作業」を担当していただきます。
作業内容は非常にシンプルで、「商品を手に取る」「傷がないかチェックする」「箱や袋に詰める」という基本の3ステップが中心です。重いお荷物の持ち運びはほとんどなく、自分のペースでコツコツ・黙々と進められる軽作業です。
未経験からスタートしたスタッフが9割以上活躍中で、1日〜数日で覚えられる簡単な作業ばかりですので、バイトデビューや久しぶりのお仕事復帰の方も安心してスタートしていただけます。

■ 具体的なお仕事の流れ

1. 検品・チェック作業
入荷された商品や出荷前の商品に問題がないか、確認する作業です。

・外観の目視確認： 商品に傷や汚れ、ほつれ、パッケージの凹みなどが無いかを目視で丁寧にチェックします。
・数量・品番の照合： 納品書や手元のハンディ端末に表示されたデータと、目の前にある商品の種類・個数が合致しているか確認します。
・バーコードスキャン： バーコードリーダーを使って商品を「ピッと」読み取る作業です。機械の操作はスマホ感覚で直感的に行えるため、難しい設定や専門知識は一切不要です。

2. 梱包・箱詰め作業
検品が完了した商品を、お客様のもとへ無事にお届けできるよう綺麗に包んで箱に詰める作業です。

・袋詰め・緩衝材包装： 服やタオルなどの布製品を専用の透明袋に入れたり、壊れやすいコスメ・ガラス製品などをプチプチ（緩衝材）で包みます。
・箱詰め・セット作業： 指定のサイズに合わせたダンボール箱を組み立て、商品が途中で動かないよう丁寧に納めます。
・テープ留め・封かん： ダンボールのフタを閉じ、ガムテープでしっかり留めたら梱包完了です。

3. シール貼り・仕分け作業
出荷に向けた最後の仕上げ作業です。

・ラベル貼り： お届け先の伝票シールや、取扱注意シール（「水濡れ厳禁」「割れ物注意」など）を指定の位置へキレイに貼り付けます。
・出荷先ごとの仕分け： 梱包が終わった箱を、配送地域別や配送業者別に分けられた台車やコンテナへ移します。

■ 1日のタイムスケジュール例（日勤の場合）
09:00〜【朝礼・作業スタート】
本日の連絡事項を確認後、各自の作業台へ移動します。担当する作業（検品または梱包）をスタートします。

12:00〜【お昼休憩（60分）】
清潔な休憩室でランチタイム。電子レンジ・冷蔵庫・自動販売機も完備されており、お弁当の持参も自由です。

13:00〜【午後の作業再開】
午前の続きの作業を行います。自分のデスクで黙々と作業に集中できる時間です。

15:00〜【小休憩（15分）】
身体をほぐしたり水分補給をするリフレッシュタイム。集中力を保ちやすい環境が整っています。

15:15〜【出荷準備・最終仕上げ】
本日発送分の最終チェックと、作業スペースの清掃・整理整頓を行います。

18:00〜【作業終了・定時退勤】
残業は基本的にありません。定時になったら「お疲れ様でした！」とスッキリ帰宅できます。

■ 快適な作業環境と働きやすさのポイント
・1年中快適な空調完備： 冷暖房がしっかり効いたクリーンな倉庫なので、夏は涼しく、冬は暖かく快適に作業できます。
・身体に優しい軽作業： 扱う商品は衣類、コスメ、文房具、小型雑貨などがメインです。重量物の持ち上げ作業はありません。
・充実した設備： 個人用の鍵付きロッカーを完備。休憩室は広々としており、ポットや電子レンジ、フリーWi-Fiも自由に使えます。

■ 未経験者でも安心のサポート体制
入社初日は、安全に関する講習と作業の基本ルールについてのオリエンテーションからスタートします。
現場配属後は、専任の先輩スタッフがマンツーマンでついて実際の作業を見せながら丁寧にレクチャーします。

最初は「シールの貼り方」や「ダンボールの組み立て」といった、特に簡単な作業からお任せしますので、一度にたくさんのことを覚える必要はありません。
作業中に分からないことや迷うことがあっても、すぐ近くにリーダーや先輩スタッフが常駐しているため、「これってどうやるんでしたっけ？」といつでも気軽に質問できる安心の環境です。早ければ半日、遅くても2〜3日程度で一人立ちしてスムーズにお仕事を進められるようになります！","✅ 未経験スタート9割以上！簡単なシンプル作業です
「商品を手に取る」「キズがないか見る」「箱に入れる」など、覚えることはたったこれだけ！複雑な機械操作や難しいルールはありません。
先輩スタッフのほとんどが未経験からのスタートです。特別なスキルや経験は一切不要なので、初めてのアルバイトや久しぶりのお仕事復帰の方も安心してください。

✅ 自分のペースで黙々・コツコツ取り組める！
「接客が苦手…」「一人で集中して作業したい」という方にピッタリの環境です。
ノルマなどもなく、ご自身のペースで作業を進められるので、人間関係のストレスを感じることなくのびのびと働けます。

✅ 重い荷物なし！身体への負担が少ない軽作業
扱う商品は、衣服や生活雑貨、コスメなどの比較的軽いものが中心です。
重いダンボールを持ち運んだり、力仕事をお願いすることはほぼありませんので、年齢・性別問わず無理なく長く続けられるお仕事です。

✅ 空調完備のキレイな倉庫で、1年中快適♪
冷暖房がしっかり効いたクリーンな室内での作業です。
「夏は暑くて汗だく…」「冬は寒くて手がかじかむ…」といった心配は無用！季節や天候に関わらず、いつも快適な温度の中で気持ちよく作業に集中できます。

✅ 充実の設備＆働きやすい環境
鍵付きの個人ロッカーを完備しているほか、広々として清潔な休憩室もご用意しています。
休憩室には電子レンジ・冷蔵庫・ポット・自動販売機を完備しており、お弁当を持参してゆっくりくつろぐことも可能です。スタッフが過ごしやすい環境づくりに力を入れています！","例外事由3号のイにより、長期キャリア形成を図るため、
35歳以下を募集しております。","【勤務時間】
★9:00~18:00
└実働8時間/休憩1時間

定時ダッシュも問題ないです✧
✧ 土日祝休み
✧ 残業月平均:6.5時間以内
✧ 残業代100%支給","✧ 完全週休2日制(土日祝休み)
✧ 年間休日125日
「土日休みはマスト!」ってあなたにも
ぴったりの職場です!

【その他休暇】
✧ 有給休暇
✧ 夏季・冬季休暇
✧ GW休暇
✧ 年末年始休暇",千葉県柏市柏,柏雇用開発センター,"月給:25万円~+交通費全額支給

※経験に応じて決定いたします。

# 昇給あり
# 賞与あり
# 残業代100%支給
# 交通費支給","・社会保険完備
・住宅手当
・家賃補助
・退職金制度
・家族手当・扶養手当
・健康診断
・特別休暇
・資格取得支援制度","\\✧カジュアル面談実施中です✧/

応募に必要なのは人柄のみです!
まずはあなたのご希望を聞かせてください!

✩.。.....................。.✩
■ 応募からの流れ ■
✩.。.....................。.✩

▶STEP1WEBから1分簡単ご応募!
1~3日以内に担当者よりご連絡いたします。

▶ STEP2カジュアル面談(1回のみ)

▶STEP3採用

※入社日のご相談OKです◎
お気軽にご相談ください!",,即日勤務OK、交通費支給、残業なし,2,任意,生年月日、性別、電話番号,ntf-indeedapplicant-aaaatulx77tci2k2pr5yeqapva@shukatsu-labo.slack.com,,,利用しない,,
募集中,株式会社エイジェック,【未経験】検品・梱包作業/株式会社エイジェック/成田雇用開発センター,倉庫作業スタッフ,20~30代活躍中◎ワークライフバランスも充実！！,,千葉県 成田市 花崎町,,,正社員,はい,月給,250000,,最低額を表示,なし,,,,,,,固定時間制,160,,厚生年金、健康保険、雇用保険、労災保険,,なし,,,,,,,,,,,,,,,,,,"空調が完備された綺麗な物流センター内で、人気ECサイトで販売されているアパレル商品・生活雑貨・コスメなどの「検品・梱包作業」を担当していただきます。
作業内容は非常にシンプルで、「商品を手に取る」「傷がないかチェックする」「箱や袋に詰める」という基本の3ステップが中心です。重いお荷物の持ち運びはほとんどなく、自分のペースでコツコツ・黙々と進められる軽作業です。
未経験からスタートしたスタッフが9割以上活躍中で、1日〜数日で覚えられる簡単な作業ばかりですので、バイトデビューや久しぶりのお仕事復帰の方も安心してスタートしていただけます。

■ 具体的なお仕事の流れ

1. 検品・チェック作業
入荷された商品や出荷前の商品に問題がないか、確認する作業です。

・外観の目視確認： 商品に傷や汚れ、ほつれ、パッケージの凹みなどが無いかを目視で丁寧にチェックします。
・数量・品番の照合： 納品書や手元のハンディ端末に表示されたデータと、目の前にある商品の種類・個数が合致しているか確認します。
・バーコードスキャン： バーコードリーダーを使って商品を「ピッと」読み取る作業です。機械の操作はスマホ感覚で直感的に行えるため、難しい設定や専門知識は一切不要です。

2. 梱包・箱詰め作業
検品が完了した商品を、お客様のもとへ無事にお届けできるよう綺麗に包んで箱に詰める作業です。

・袋詰め・緩衝材包装： 服やタオルなどの布製品を専用の透明袋に入れたり、壊れやすいコスメ・ガラス製品などをプチプチ（緩衝材）で包みます。
・箱詰め・セット作業： 指定のサイズに合わせたダンボール箱を組み立て、商品が途中で動かないよう丁寧に納めます。
・テープ留め・封かん： ダンボールのフタを閉じ、ガムテープでしっかり留めたら梱包完了です。

3. シール貼り・仕分け作業
出荷に向けた最後の仕上げ作業です。

・ラベル貼り： お届け先の伝票シールや、取扱注意シール（「水濡れ厳禁」「割れ物注意」など）を指定の位置へキレイに貼り付けます。
・出荷先ごとの仕分け： 梱包が終わった箱を、配送地域別や配送業者別に分けられた台車やコンテナへ移します。

■ 1日のタイムスケジュール例（日勤の場合）
09:00〜【朝礼・作業スタート】
本日の連絡事項を確認後、各自の作業台へ移動します。担当する作業（検品または梱包）をスタートします。

12:00〜【お昼休憩（60分）】
清潔な休憩室でランチタイム。電子レンジ・冷蔵庫・自動販売機も完備されており、お弁当の持参も自由です。

13:00〜【午後の作業再開】
午前の続きの作業を行います。自分のデスクで黙々と作業に集中できる時間です。

15:00〜【小休憩（15分）】
身体をほぐしたり水分補給をするリフレッシュタイム。集中力を保ちやすい環境が整っています。

15:15〜【出荷準備・最終仕上げ】
本日発送分の最終チェックと、作業スペースの清掃・整理整頓を行います。

18:00〜【作業終了・定時退勤】
残業は基本的にありません。定時になったら「お疲れ様でした！」とスッキリ帰宅できます。

■ 快適な作業環境と働きやすさのポイント
・1年中快適な空調完備： 冷暖房がしっかり効いたクリーンな倉庫なので、夏は涼しく、冬は暖かく快適に作業できます。
・身体に優しい軽作業： 扱う商品は衣類、コスメ、文房具、小型雑貨などがメインです。重量物の持ち上げ作業はありません。
・充実した設備： 個人用の鍵付きロッカーを完備。休憩室は広々としており、ポットや電子レンジ、フリーWi-Fiも自由に使えます。

■ 未経験者でも安心のサポート体制
入社初日は、安全に関する講習と作業の基本ルールについてのオリエンテーションからスタートします。
現場配属後は、専任の先輩スタッフがマンツーマンでついて実際の作業を見せながら丁寧にレクチャーします。

最初は「シールの貼り方」や「ダンボールの組み立て」といった、特に簡単な作業からお任せしますので、一度にたくさんのことを覚える必要はありません。
作業中に分からないことや迷うことがあっても、すぐ近くにリーダーや先輩スタッフが常駐しているため、「これってどうやるんでしたっけ？」といつでも気軽に質問できる安心の環境です。早ければ半日、遅くても2〜3日程度で一人立ちしてスムーズにお仕事を進められるようになります！","✅ 未経験スタート9割以上！簡単なシンプル作業です
「商品を手に取る」「キズがないか見る」「箱に入れる」など、覚えることはたったこれだけ！複雑な機械操作や難しいルールはありません。
先輩スタッフのほとんどが未経験からのスタートです。特別なスキルや経験は一切不要なので、初めてのアルバイトや久しぶりのお仕事復帰の方も安心してください。

✅ 自分のペースで黙々・コツコツ取り組める！
「接客が苦手…」「一人で集中して作業したい」という方にピッタリの環境です。
ノルマなどもなく、ご自身のペースで作業を進められるので、人間関係のストレスを感じることなくのびのびと働けます。

✅ 重い荷物なし！身体への負担が少ない軽作業
扱う商品は、衣服や生活雑貨、コスメなどの比較的軽いものが中心です。
重いダンボールを持ち運んだり、力仕事をお願いすることはほぼありませんので、年齢・性別問わず無理なく長く続けられるお仕事です。

✅ 空調完備のキレイな倉庫で、1年中快適♪
冷暖房がしっかり効いたクリーンな室内での作業です。
「夏は暑くて汗だく…」「冬は寒くて手がかじかむ…」といった心配は無用！季節や天候に関わらず、いつも快適な温度の中で気持ちよく作業に集中できます。

✅ 充実の設備＆働きやすい環境
鍵付きの個人ロッカーを完備しているほか、広々として清潔な休憩室もご用意しています。
休憩室には電子レンジ・冷蔵庫・ポット・自動販売機を完備しており、お弁当を持参してゆっくりくつろぐことも可能です。スタッフが過ごしやすい環境づくりに力を入れています！","例外事由3号のイにより、長期キャリア形成を図るため、
35歳以下を募集しております。","【勤務時間】
★9:00~18:00
└実働8時間/休憩1時間

定時ダッシュも問題ないです✧
✧ 土日祝休み
✧ 残業月平均:6.5時間以内
✧ 残業代100%支給","✧ 完全週休2日制(土日祝休み)
✧ 年間休日125日
「土日休みはマスト!」ってあなたにも
ぴったりの職場です!

【その他休暇】
✧ 有給休暇
✧ 夏季・冬季休暇
✧ GW休暇
✧ 年末年始休暇",千葉県成田市花崎町,成田雇用開発センター,"月給:25万円~+交通費全額支給

※経験に応じて決定いたします。

# 昇給あり
# 賞与あり
# 残業代100%支給
# 交通費支給","・社会保険完備
・住宅手当
・家賃補助
・退職金制度
・家族手当・扶養手当
・健康診断
・特別休暇
・資格取得支援制度","\\✧カジュアル面談実施中です✧/

応募に必要なのは人柄のみです!
まずはあなたのご希望を聞かせてください!

✩.。.....................。.✩
■ 応募からの流れ ■
✩.。.....................。.✩

▶STEP1WEBから1分簡単ご応募!
1~3日以内に担当者よりご連絡いたします。

▶ STEP2カジュアル面談(1回のみ)

▶STEP3採用

※入社日のご相談OKです◎
お気軽にご相談ください!",,即日勤務OK、交通費支給、残業なし,2,任意,生年月日、性別、電話番号,ntf-indeedapplicant-aaaatulx77tci2k2pr5yeqapva@shukatsu-labo.slack.com,,,利用しない,,
募集中,株式会社エイジェック,【未経験】検品・梱包作業/株式会社エイジェック/千葉雇用開発センター,倉庫作業スタッフ,20~30代活躍中◎ワークライフバランスも充実！！,,千葉県 千葉市 中央区 富士見,,,正社員,はい,月給,250000,,最低額を表示,なし,,,,,,,固定時間制,160,,厚生年金、健康保険、雇用保険、労災保険,,なし,,,,,,,,,,,,,,,,,,"空調が完備された綺麗な物流センター内で、人気ECサイトで販売されているアパレル商品・生活雑貨・コスメなどの「検品・梱包作業」を担当していただきます。
作業内容は非常にシンプルで、「商品を手に取る」「傷がないかチェックする」「箱や袋に詰める」という基本の3ステップが中心です。重いお荷物の持ち運びはほとんどなく、自分のペースでコツコツ・黙々と進められる軽作業です。
未経験からスタートしたスタッフが9割以上活躍中で、1日〜数日で覚えられる簡単な作業ばかりですので、バイトデビューや久しぶりのお仕事復帰の方も安心してスタートしていただけます。

■ 具体的なお仕事の流れ

1. 検品・チェック作業
入荷された商品や出荷前の商品に問題がないか、確認する作業です。

・外観の目視確認： 商品に傷や汚れ、ほつれ、パッケージの凹みなどが無いかを目視で丁寧にチェックします。
・数量・品番の照合： 納品書や手元のハンディ端末に表示されたデータと、目の前にある商品の種類・個数が合致しているか確認します。
・バーコードスキャン： バーコードリーダーを使って商品を「ピッと」読み取る作業です。機械の操作はスマホ感覚で直感的に行えるため、難しい設定や専門知識は一切不要です。

2. 梱包・箱詰め作業
検品が完了した商品を、お客様のもとへ無事にお届けできるよう綺麗に包んで箱に詰める作業です。

・袋詰め・緩衝材包装： 服やタオルなどの布製品を専用の透明袋に入れたり、壊れやすいコスメ・ガラス製品などをプチプチ（緩衝材）で包みます。
・箱詰め・セット作業： 指定のサイズに合わせたダンボール箱を組み立て、商品が途中で動かないよう丁寧に納めます。
・テープ留め・封かん： ダンボールのフタを閉じ、ガムテープでしっかり留めたら梱包完了です。

3. シール貼り・仕分け作業
出荷に向けた最後の仕上げ作業です。

・ラベル貼り： お届け先の伝票シールや、取扱注意シール（「水濡れ厳禁」「割れ物注意」など）を指定の位置へキレイに貼り付けます。
・出荷先ごとの仕分け： 梱包が終わった箱を、配送地域別や配送業者別に分けられた台車やコンテナへ移します。

■ 1日のタイムスケジュール例（日勤の場合）
09:00〜【朝礼・作業スタート】
本日の連絡事項を確認後、各自の作業台へ移動します。担当する作業（検品または梱包）をスタートします。

12:00〜【お昼休憩（60分）】
清潔な休憩室でランチタイム。電子レンジ・冷蔵庫・自動販売機も完備されており、お弁当の持参も自由です。

13:00〜【午後の作業再開】
午前の続きの作業を行います。自分のデスクで黙々と作業に集中できる時間です。

15:00〜【小休憩（15分）】
身体をほぐしたり水分補給をするリフレッシュタイム。集中力を保ちやすい環境が整っています。

15:15〜【出荷準備・最終仕上げ】
本日発送分の最終チェックと、作業スペースの清掃・整理整頓を行います。

18:00〜【作業終了・定時退勤】
残業は基本的にありません。定時になったら「お疲れ様でした！」とスッキリ帰宅できます。

■ 快適な作業環境と働きやすさのポイント
・1年中快適な空調完備： 冷暖房がしっかり効いたクリーンな倉庫なので、夏は涼しく、冬は暖かく快適に作業できます。
・身体に優しい軽作業： 扱う商品は衣類、コスメ、文房具、小型雑貨などがメインです。重量物の持ち上げ作業はありません。
・充実した設備： 個人用の鍵付きロッカーを完備。休憩室は広々としており、ポットや電子レンジ、フリーWi-Fiも自由に使えます。

■ 未経験者でも安心のサポート体制
入社初日は、安全に関する講習と作業の基本ルールについてのオリエンテーションからスタートします。
現場配属後は、専任の先輩スタッフがマンツーマンでついて実際の作業を見せながら丁寧にレクチャーします。

最初は「シールの貼り方」や「ダンボールの組み立て」といった、特に簡単な作業からお任せしますので、一度にたくさんのことを覚える必要はありません。
作業中に分からないことや迷うことがあっても、すぐ近くにリーダーや先輩スタッフが常駐しているため、「これってどうやるんでしたっけ？」といつでも気軽に質問できる安心の環境です。早ければ半日、遅くても2〜3日程度で一人立ちしてスムーズにお仕事を進められるようになります！","✅ 未経験スタート9割以上！簡単なシンプル作業です
「商品を手に取る」「キズがないか見る」「箱に入れる」など、覚えることはたったこれだけ！複雑な機械操作や難しいルールはありません。
先輩スタッフのほとんどが未経験からのスタートです。特別なスキルや経験は一切不要なので、初めてのアルバイトや久しぶりのお仕事復帰の方も安心してください。

✅ 自分のペースで黙々・コツコツ取り組める！
「接客が苦手…」「一人で集中して作業したい」という方にピッタリの環境です。
ノルマなどもなく、ご自身のペースで作業を進められるので、人間関係のストレスを感じることなくのびのびと働けます。

✅ 重い荷物なし！身体への負担が少ない軽作業
扱う商品は、衣服や生活雑貨、コスメなどの比較的軽いものが中心です。
重いダンボールを持ち運んだり、力仕事をお願いすることはほぼありませんので、年齢・性別問わず無理なく長く続けられるお仕事です。

✅ 空調完備のキレイな倉庫で、1年中快適♪
冷暖房がしっかり効いたクリーンな室内での作業です。
「夏は暑くて汗だく…」「冬は寒くて手がかじかむ…」といった心配は無用！季節や天候に関わらず、いつも快適な温度の中で気持ちよく作業に集中できます。

✅ 充実の設備＆働きやすい環境
鍵付きの個人ロッカーを完備しているほか、広々として清潔な休憩室もご用意しています。
休憩室には電子レンジ・冷蔵庫・ポット・自動販売機を完備しており、お弁当を持参してゆっくりくつろぐことも可能です。スタッフが過ごしやすい環境づくりに力を入れています！","例外事由3号のイにより、長期キャリア形成を図るため、
35歳以下を募集しております。","【勤務時間】
★9:00~18:00
└実働8時間/休憩1時間

定時ダッシュも問題ないです✧
✧ 土日祝休み
✧ 残業月平均:6.5時間以内
✧ 残業代100%支給","✧ 完全週休2日制(土日祝休み)
✧ 年間休日125日
「土日休みはマスト!」ってあなたにも
ぴったりの職場です!

【その他休暇】
✧ 有給休暇
✧ 夏季・冬季休暇
✧ GW休暇
✧ 年末年始休暇",千葉県千葉市中央区富士見2-3-1 塚本大千葉ビルディング9F,千葉雇用開発センター,"月給:25万円~+交通費全額支給

※経験に応じて決定いたします。

# 昇給あり
# 賞与あり
# 残業代100%支給
# 交通費支給","・社会保険完備
・住宅手当
・家賃補助
・退職金制度
・家族手当・扶養手当
・健康診断
・特別休暇
・資格取得支援制度","\\✧カジュアル面談実施中です✧/

応募に必要なのは人柄のみです!
まずはあなたのご希望を聞かせてください!

✩.。.....................。.✩
■ 応募からの流れ ■
✩.。.....................。.✩

▶STEP1WEBから1分簡単ご応募!
1~3日以内に担当者よりご連絡いたします。

▶ STEP2カジュアル面談(1回のみ)

▶STEP3採用

※入社日のご相談OKです◎
お気軽にご相談ください!",,即日勤務OK、交通費支給、残業なし,2,任意,生年月日、性別、電話番号,ntf-indeedapplicant-aaaatulx77tci2k2pr5yeqapva@shukatsu-labo.slack.com,,,利用しない,,
募集中,株式会社エイジェック,【未経験】検品・梱包作業/株式会社エイジェック/海老名雇用開発センター,倉庫作業スタッフ,20~30代活躍中◎ワークライフバランスも充実！！,,神奈川県 海老名市 中央,,,正社員,はい,月給,250000,,最低額を表示,なし,,,,,,,固定時間制,160,,厚生年金、健康保険、雇用保険、労災保険,,なし,,,,,,,,,,,,,,,,,,"空調が完備された綺麗な物流センター内で、人気ECサイトで販売されているアパレル商品・生活雑貨・コスメなどの「検品・梱包作業」を担当していただきます。
作業内容は非常にシンプルで、「商品を手に取る」「傷がないかチェックする」「箱や袋に詰める」という基本の3ステップが中心です。重いお荷物の持ち運びはほとんどなく、自分のペースでコツコツ・黙々と進められる軽作業です。
未経験からスタートしたスタッフが9割以上活躍中で、1日〜数日で覚えられる簡単な作業ばかりですので、バイトデビューや久しぶりのお仕事復帰の方も安心してスタートしていただけます。

■ 具体的なお仕事の流れ

1. 検品・チェック作業
入荷された商品や出荷前の商品に問題がないか、確認する作業です。

・外観の目視確認： 商品に傷や汚れ、ほつれ、パッケージの凹みなどが無いかを目視で丁寧にチェックします。
・数量・品番の照合： 納品書や手元のハンディ端末に表示されたデータと、目の前にある商品の種類・個数が合致しているか確認します。
・バーコードスキャン： バーコードリーダーを使って商品を「ピッと」読み取る作業です。機械の操作はスマホ感覚で直感的に行えるため、難しい設定や専門知識は一切不要です。

2. 梱包・箱詰め作業
検品が完了した商品を、お客様のもとへ無事にお届けできるよう綺麗に包んで箱に詰める作業です。

・袋詰め・緩衝材包装： 服やタオルなどの布製品を専用の透明袋に入れたり、壊れやすいコスメ・ガラス製品などをプチプチ（緩衝材）で包みます。
・箱詰め・セット作業： 指定のサイズに合わせたダンボール箱を組み立て、商品が途中で動かないよう丁寧に納めます。
・テープ留め・封かん： ダンボールのフタを閉じ、ガムテープでしっかり留めたら梱包完了です。

3. シール貼り・仕分け作業
出荷に向けた最後の仕上げ作業です。

・ラベル貼り： お届け先の伝票シールや、取扱注意シール（「水濡れ厳禁」「割れ物注意」など）を指定の位置へキレイに貼り付けます。
・出荷先ごとの仕分け： 梱包が終わった箱を、配送地域別や配送業者別に分けられた台車やコンテナへ移します。

■ 1日のタイムスケジュール例（日勤の場合）
09:00〜【朝礼・作業スタート】
本日の連絡事項を確認後、各自の作業台へ移動します。担当する作業（検品または梱包）をスタートします。

12:00〜【お昼休憩（60分）】
清潔な休憩室でランチタイム。電子レンジ・冷蔵庫・自動販売機も完備されており、お弁当の持参も自由です。

13:00〜【午後の作業再開】
午前の続きの作業を行います。自分のデスクで黙々と作業に集中できる時間です。

15:00〜【小休憩（15分）】
身体をほぐしたり水分補給をするリフレッシュタイム。集中力を保ちやすい環境が整っています。

15:15〜【出荷準備・最終仕上げ】
本日発送分の最終チェックと、作業スペースの清掃・整理整頓を行います。

18:00〜【作業終了・定時退勤】
残業は基本的にありません。定時になったら「お疲れ様でした！」とスッキリ帰宅できます。

■ 快適な作業環境と働きやすさのポイント
・1年中快適な空調完備： 冷暖房がしっかり効いたクリーンな倉庫なので、夏は涼しく、冬は暖かく快適に作業できます。
・身体に優しい軽作業： 扱う商品は衣類、コスメ、文房具、小型雑貨などがメインです。重量物の持ち上げ作業はありません。
・充実した設備： 個人用の鍵付きロッカーを完備。休憩室は広々としており、ポットや電子レンジ、フリーWi-Fiも自由に使えます。

■ 未経験者でも安心のサポート体制
入社初日は、安全に関する講習と作業の基本ルールについてのオリエンテーションからスタートします。
現場配属後は、専任の先輩スタッフがマンツーマンでついて実際の作業を見せながら丁寧にレクチャーします。

最初は「シールの貼り方」や「ダンボールの組み立て」といった、特に簡単な作業からお任せしますので、一度にたくさんのことを覚える必要はありません。
作業中に分からないことや迷うことがあっても、すぐ近くにリーダーや先輩スタッフが常駐しているため、「これってどうやるんでしたっけ？」といつでも気軽に質問できる安心の環境です。早ければ半日、遅くても2〜3日程度で一人立ちしてスムーズにお仕事を進められるようになります！","✅ 未経験スタート9割以上！簡単なシンプル作業です
「商品を手に取る」「キズがないか見る」「箱に入れる」など、覚えることはたったこれだけ！複雑な機械操作や難しいルールはありません。
先輩スタッフのほとんどが未経験からのスタートです。特別なスキルや経験は一切不要なので、初めてのアルバイトや久しぶりのお仕事復帰の方も安心してください。

✅ 自分のペースで黙々・コツコツ取り組める！
「接客が苦手…」「一人で集中して作業したい」という方にピッタリの環境です。
ノルマなどもなく、ご自身のペースで作業を進められるので、人間関係のストレスを感じることなくのびのびと働けます。

✅ 重い荷物なし！身体への負担が少ない軽作業
扱う商品は、衣服や生活雑貨、コスメなどの比較的軽いものが中心です。
重いダンボールを持ち運んだり、力仕事をお願いすることはほぼありませんので、年齢・性別問わず無理なく長く続けられるお仕事です。

✅ 空調完備のキレイな倉庫で、1年中快適♪
冷暖房がしっかり効いたクリーンな室内での作業です。
「夏は暑くて汗だく…」「冬は寒くて手がかじかむ…」といった心配は無用！季節や天候に関わらず、いつも快適な温度の中で気持ちよく作業に集中できます。

✅ 充実の設備＆働きやすい環境
鍵付きの個人ロッカーを完備しているほか、広々として清潔な休憩室もご用意しています。
休憩室には電子レンジ・冷蔵庫・ポット・自動販売機を完備しており、お弁当を持参してゆっくりくつろぐことも可能です。スタッフが過ごしやすい環境づくりに力を入れています！","例外事由3号のイにより、長期キャリア形成を図るため、
35歳以下を募集しております。","【勤務時間】
★9:00~18:00
└実働8時間/休憩1時間

定時ダッシュも問題ないです✧
✧ 土日祝休み
✧ 残業月平均:6.5時間以内
✧ 残業代100%支給","✧ 完全週休2日制(土日祝休み)
✧ 年間休日125日
「土日休みはマスト!」ってあなたにも
ぴったりの職場です!

【その他休暇】
✧ 有給休暇
✧ 夏季・冬季休暇
✧ GW休暇
✧ 年末年始休暇",神奈川県海老名市中央,海老名雇用開発センター,"月給:25万円~+交通費全額支給

※経験に応じて決定いたします。

# 昇給あり
# 賞与あり
# 残業代100%支給
# 交通費支給","・社会保険完備
・住宅手当
・家賃補助
・退職金制度
・家族手当・扶養手当
・健康診断
・特別休暇
・資格取得支援制度","\\✧カジュアル面談実施中です✧/

応募に必要なのは人柄のみです!
まずはあなたのご希望を聞かせてください!

✩.。.....................。.✩
■ 応募からの流れ ■
✩.。.....................。.✩

▶STEP1WEBから1分簡単ご応募!
1~3日以内に担当者よりご連絡いたします。

▶ STEP2カジュアル面談(1回のみ)

▶STEP3採用

※入社日のご相談OKです◎
お気軽にご相談ください!",,即日勤務OK、交通費支給、残業なし,2,任意,生年月日、性別、電話番号,ntf-indeedapplicant-aaaatulx77tci2k2pr5yeqapva@shukatsu-labo.slack.com,,,利用しない,,
募集中,株式会社エイジェック,【未経験】検品・梱包作業/株式会社エイジェック/相模原雇用開発センター,倉庫作業スタッフ,20~30代活躍中◎ワークライフバランスも充実！！,,神奈川県 相模原市 中央区 相模原,,,正社員,はい,月給,250000,,最低額を表示,なし,,,,,,,固定時間制,160,,厚生年金、健康保険、雇用保険、労災保険,,なし,,,,,,,,,,,,,,,,,,"空調が完備された綺麗な物流センター内で、人気ECサイトで販売されているアパレル商品・生活雑貨・コスメなどの「検品・梱包作業」を担当していただきます。
作業内容は非常にシンプルで、「商品を手に取る」「傷がないかチェックする」「箱や袋に詰める」という基本の3ステップが中心です。重いお荷物の持ち運びはほとんどなく、自分のペースでコツコツ・黙々と進められる軽作業です。
未経験からスタートしたスタッフが9割以上活躍中で、1日〜数日で覚えられる簡単な作業ばかりですので、バイトデビューや久しぶりのお仕事復帰の方も安心してスタートしていただけます。

■ 具体的なお仕事の流れ

1. 検品・チェック作業
入荷された商品や出荷前の商品に問題がないか、確認する作業です。

・外観の目視確認： 商品に傷や汚れ、ほつれ、パッケージの凹みなどが無いかを目視で丁寧にチェックします。
・数量・品番の照合： 納品書や手元のハンディ端末に表示されたデータと、目の前にある商品の種類・個数が合致しているか確認します。
・バーコードスキャン： バーコードリーダーを使って商品を「ピッと」読み取る作業です。機械の操作はスマホ感覚で直感的に行えるため、難しい設定や専門知識は一切不要です。

2. 梱包・箱詰め作業
検品が完了した商品を、お客様のもとへ無事にお届けできるよう綺麗に包んで箱に詰める作業です。

・袋詰め・緩衝材包装： 服やタオルなどの布製品を専用の透明袋に入れたり、壊れやすいコスメ・ガラス製品などをプチプチ（緩衝材）で包みます。
・箱詰め・セット作業： 指定のサイズに合わせたダンボール箱を組み立て、商品が途中で動かないよう丁寧に納めます。
・テープ留め・封かん： ダンボールのフタを閉じ、ガムテープでしっかり留めたら梱包完了です。

3. シール貼り・仕分け作業
出荷に向けた最後の仕上げ作業です。

・ラベル貼り： お届け先の伝票シールや、取扱注意シール（「水濡れ厳禁」「割れ物注意」など）を指定の位置へキレイに貼り付けます。
・出荷先ごとの仕分け： 梱包が終わった箱を、配送地域別や配送業者別に分けられた台車やコンテナへ移します。

■ 1日のタイムスケジュール例（日勤の場合）
09:00〜【朝礼・作業スタート】
本日の連絡事項を確認後、各自の作業台へ移動します。担当する作業（検品または梱包）をスタートします。

12:00〜【お昼休憩（60分）】
清潔な休憩室でランチタイム。電子レンジ・冷蔵庫・自動販売機も完備されており、お弁当の持参も自由です。

13:00〜【午後の作業再開】
午前の続きの作業を行います。自分のデスクで黙々と作業に集中できる時間です。

15:00〜【小休憩（15分）】
身体をほぐしたり水分補給をするリフレッシュタイム。集中力を保ちやすい環境が整っています。

15:15〜【出荷準備・最終仕上げ】
本日発送分の最終チェックと、作業スペースの清掃・整理整頓を行います。

18:00〜【作業終了・定時退勤】
残業は基本的にありません。定時になったら「お疲れ様でした！」とスッキリ帰宅できます。

■ 快適な作業環境と働きやすさのポイント
・1年中快適な空調完備： 冷暖房がしっかり効いたクリーンな倉庫なので、夏は涼しく、冬は暖かく快適に作業できます。
・身体に優しい軽作業： 扱う商品は衣類、コスメ、文房具、小型雑貨などがメインです。重量物の持ち上げ作業はありません。
・充実した設備： 個人用の鍵付きロッカーを完備。休憩室は広々としており、ポットや電子レンジ、フリーWi-Fiも自由に使えます。

■ 未経験者でも安心のサポート体制
入社初日は、安全に関する講習と作業の基本ルールについてのオリエンテーションからスタートします。
現場配属後は、専任の先輩スタッフがマンツーマンでついて実際の作業を見せながら丁寧にレクチャーします。

最初は「シールの貼り方」や「ダンボールの組み立て」といった、特に簡単な作業からお任せしますので、一度にたくさんのことを覚える必要はありません。
作業中に分からないことや迷うことがあっても、すぐ近くにリーダーや先輩スタッフが常駐しているため、「これってどうやるんでしたっけ？」といつでも気軽に質問できる安心の環境です。早ければ半日、遅くても2〜3日程度で一人立ちしてスムーズにお仕事を進められるようになります！","✅ 未経験スタート9割以上！簡単なシンプル作業です
「商品を手に取る」「キズがないか見る」「箱に入れる」など、覚えることはたったこれだけ！複雑な機械操作や難しいルールはありません。
先輩スタッフのほとんどが未経験からのスタートです。特別なスキルや経験は一切不要なので、初めてのアルバイトや久しぶりのお仕事復帰の方も安心してください。

✅ 自分のペースで黙々・コツコツ取り組める！
「接客が苦手…」「一人で集中して作業したい」という方にピッタリの環境です。
ノルマなどもなく、ご自身のペースで作業を進められるので、人間関係のストレスを感じることなくのびのびと働けます。

✅ 重い荷物なし！身体への負担が少ない軽作業
扱う商品は、衣服や生活雑貨、コスメなどの比較的軽いものが中心です。
重いダンボールを持ち運んだり、力仕事をお願いすることはほぼありませんので、年齢・性別問わず無理なく長く続けられるお仕事です。

✅ 空調完備のキレイな倉庫で、1年中快適♪
冷暖房がしっかり効いたクリーンな室内での作業です。
「夏は暑くて汗だく…」「冬は寒くて手がかじかむ…」といった心配は無用！季節や天候に関わらず、いつも快適な温度の中で気持ちよく作業に集中できます。

✅ 充実の設備＆働きやすい環境
鍵付きの個人ロッカーを完備しているほか、広々として清潔な休憩室もご用意しています。
休憩室には電子レンジ・冷蔵庫・ポット・自動販売機を完備しており、お弁当を持参してゆっくりくつろぐことも可能です。スタッフが過ごしやすい環境づくりに力を入れています！","例外事由3号のイにより、長期キャリア形成を図るため、
35歳以下を募集しております。","【勤務時間】
★9:00~18:00
└実働8時間/休憩1時間

定時ダッシュも問題ないです✧
✧ 土日祝休み
✧ 残業月平均:6.5時間以内
✧ 残業代100%支給","✧ 完全週休2日制(土日祝休み)
✧ 年間休日125日
「土日休みはマスト!」ってあなたにも
ぴったりの職場です!

【その他休暇】
✧ 有給休暇
✧ 夏季・冬季休暇
✧ GW休暇
✧ 年末年始休暇",神奈川県相模原市中央区相模原,相模原雇用開発センター,"月給:25万円~+交通費全額支給

※経験に応じて決定いたします。

# 昇給あり
# 賞与あり
# 残業代100%支給
# 交通費支給","・社会保険完備
・住宅手当
・家賃補助
・退職金制度
・家族手当・扶養手当
・健康診断
・特別休暇
・資格取得支援制度","\\✧カジュアル面談実施中です✧/

応募に必要なのは人柄のみです!
まずはあなたのご希望を聞かせてください!

✩.。.....................。.✩
■ 応募からの流れ ■
✩.。.....................。.✩

▶STEP1WEBから1分簡単ご応募!
1~3日以内に担当者よりご連絡いたします。

▶ STEP2カジュアル面談(1回のみ)

▶STEP3採用

※入社日のご相談OKです◎
お気軽にご相談ください!",,即日勤務OK、交通費支給、残業なし,2,任意,生年月日、性別、電話番号,ntf-indeedapplicant-aaaatulx77tci2k2pr5yeqapva@shukatsu-labo.slack.com,,,利用しない,,
募集中,株式会社エイジェック,【未経験】検品・梱包作業/株式会社エイジェック/藤沢雇用開発センター,倉庫作業スタッフ,20~30代活躍中◎ワークライフバランスも充実！！,,神奈川県 藤沢市 藤沢,,,正社員,はい,月給,250000,,最低額を表示,なし,,,,,,,固定時間制,160,,厚生年金、健康保険、雇用保険、労災保険,,なし,,,,,,,,,,,,,,,,,,"空調が完備された綺麗な物流センター内で、人気ECサイトで販売されているアパレル商品・生活雑貨・コスメなどの「検品・梱包作業」を担当していただきます。
作業内容は非常にシンプルで、「商品を手に取る」「傷がないかチェックする」「箱や袋に詰める」という基本の3ステップが中心です。重いお荷物の持ち運びはほとんどなく、自分のペースでコツコツ・黙々と進められる軽作業です。
未経験からスタートしたスタッフが9割以上活躍中で、1日〜数日で覚えられる簡単な作業ばかりですので、バイトデビューや久しぶりのお仕事復帰の方も安心してスタートしていただけます。

■ 具体的なお仕事の流れ

1. 検品・チェック作業
入荷された商品や出荷前の商品に問題がないか、確認する作業です。

・外観の目視確認： 商品に傷や汚れ、ほつれ、パッケージの凹みなどが無いかを目視で丁寧にチェックします。
・数量・品番の照合： 納品書や手元のハンディ端末に表示されたデータと、目の前にある商品の種類・個数が合致しているか確認します。
・バーコードスキャン： バーコードリーダーを使って商品を「ピッと」読み取る作業です。機械の操作はスマホ感覚で直感的に行えるため、難しい設定や専門知識は一切不要です。

2. 梱包・箱詰め作業
検品が完了した商品を、お客様のもとへ無事にお届けできるよう綺麗に包んで箱に詰める作業です。

・袋詰め・緩衝材包装： 服やタオルなどの布製品を専用の透明袋に入れたり、壊れやすいコスメ・ガラス製品などをプチプチ（緩衝材）で包みます。
・箱詰め・セット作業： 指定のサイズに合わせたダンボール箱を組み立て、商品が途中で動かないよう丁寧に納めます。
・テープ留め・封かん： ダンボールのフタを閉じ、ガムテープでしっかり留めたら梱包完了です。

3. シール貼り・仕分け作業
出荷に向けた最後の仕上げ作業です。

・ラベル貼り： お届け先の伝票シールや、取扱注意シール（「水濡れ厳禁」「割れ物注意」など）を指定の位置へキレイに貼り付けます。
・出荷先ごとの仕分け： 梱包が終わった箱を、配送地域別や配送業者別に分けられた台車やコンテナへ移します。

■ 1日のタイムスケジュール例（日勤の場合）
09:00〜【朝礼・作業スタート】
本日の連絡事項を確認後、各自の作業台へ移動します。担当する作業（検品または梱包）をスタートします。

12:00〜【お昼休憩（60分）】
清潔な休憩室でランチタイム。電子レンジ・冷蔵庫・自動販売機も完備されており、お弁当の持参も自由です。

13:00〜【午後の作業再開】
午前の続きの作業を行います。自分のデスクで黙々と作業に集中できる時間です。

15:00〜【小休憩（15分）】
身体をほぐしたり水分補給をするリフレッシュタイム。集中力を保ちやすい環境が整っています。

15:15〜【出荷準備・最終仕上げ】
本日発送分の最終チェックと、作業スペースの清掃・整理整頓を行います。

18:00〜【作業終了・定時退勤】
残業は基本的にありません。定時になったら「お疲れ様でした！」とスッキリ帰宅できます。

■ 快適な作業環境と働きやすさのポイント
・1年中快適な空調完備： 冷暖房がしっかり効いたクリーンな倉庫なので、夏は涼しく、冬は暖かく快適に作業できます。
・身体に優しい軽作業： 扱う商品は衣類、コスメ、文房具、小型雑貨などがメインです。重量物の持ち上げ作業はありません。
・充実した設備： 個人用の鍵付きロッカーを完備。休憩室は広々としており、ポットや電子レンジ、フリーWi-Fiも自由に使えます。

■ 未経験者でも安心のサポート体制
入社初日は、安全に関する講習と作業の基本ルールについてのオリエンテーションからスタートします。
現場配属後は、専任の先輩スタッフがマンツーマンでついて実際の作業を見せながら丁寧にレクチャーします。

最初は「シールの貼り方」や「ダンボールの組み立て」といった、特に簡単な作業からお任せしますので、一度にたくさんのことを覚える必要はありません。
作業中に分からないことや迷うことがあっても、すぐ近くにリーダーや先輩スタッフが常駐しているため、「これってどうやるんでしたっけ？」といつでも気軽に質問できる安心の環境です。早ければ半日、遅くても2〜3日程度で一人立ちしてスムーズにお仕事を進められるようになります！","✅ 未経験スタート9割以上！簡単なシンプル作業です
「商品を手に取る」「キズがないか見る」「箱に入れる」など、覚えることはたったこれだけ！複雑な機械操作や難しいルールはありません。
先輩スタッフのほとんどが未経験からのスタートです。特別なスキルや経験は一切不要なので、初めてのアルバイトや久しぶりのお仕事復帰の方も安心してください。

✅ 自分のペースで黙々・コツコツ取り組める！
「接客が苦手…」「一人で集中して作業したい」という方にピッタリの環境です。
ノルマなどもなく、ご自身のペースで作業を進められるので、人間関係のストレスを感じることなくのびのびと働けます。

✅ 重い荷物なし！身体への負担が少ない軽作業
扱う商品は、衣服や生活雑貨、コスメなどの比較的軽いものが中心です。
重いダンボールを持ち運んだり、力仕事をお願いすることはほぼありませんので、年齢・性別問わず無理なく長く続けられるお仕事です。

✅ 空調完備のキレイな倉庫で、1年中快適♪
冷暖房がしっかり効いたクリーンな室内での作業です。
「夏は暑くて汗だく…」「冬は寒くて手がかじかむ…」といった心配は無用！季節や天候に関わらず、いつも快適な温度の中で気持ちよく作業に集中できます。

✅ 充実の設備＆働きやすい環境
鍵付きの個人ロッカーを完備しているほか、広々として清潔な休憩室もご用意しています。
休憩室には電子レンジ・冷蔵庫・ポット・自動販売機を完備しており、お弁当を持参してゆっくりくつろぐことも可能です。スタッフが過ごしやすい環境づくりに力を入れています！","例外事由3号のイにより、長期キャリア形成を図るため、
35歳以下を募集しております。","【勤務時間】
★9:00~18:00
└実働8時間/休憩1時間

定時ダッシュも問題ないです✧
✧ 土日祝休み
✧ 残業月平均:6.5時間以内
✧ 残業代100%支給","✧ 完全週休2日制(土日祝休み)
✧ 年間休日125日
「土日休みはマスト!」ってあなたにも
ぴったりの職場です!

【その他休暇】
✧ 有給休暇
✧ 夏季・冬季休暇
✧ GW休暇
✧ 年末年始休暇",神奈川県藤沢市藤沢,藤沢雇用開発センター,"月給:25万円~+交通費全額支給

※経験に応じて決定いたします。

# 昇給あり
# 賞与あり
# 残業代100%支給
# 交通費支給","・社会保険完備
・住宅手当
・家賃補助
・退職金制度
・家族手当・扶養手当
・健康診断
・特別休暇
・資格取得支援制度","\\✧カジュアル面談実施中です✧/

応募に必要なのは人柄のみです!
まずはあなたのご希望を聞かせてください!

✩.。.....................。.✩
■ 応募からの流れ ■
✩.。.....................。.✩

▶STEP1WEBから1分簡単ご応募!
1~3日以内に担当者よりご連絡いたします。

▶ STEP2カジュアル面談(1回のみ)

▶STEP3採用

※入社日のご相談OKです◎
お気軽にご相談ください!",,即日勤務OK、交通費支給、残業なし,2,任意,生年月日、性別、電話番号,ntf-indeedapplicant-aaaatulx77tci2k2pr5yeqapva@shukatsu-labo.slack.com,,,利用しない,,
募集中,株式会社エイジェック,【未経験】検品・梱包作業/株式会社エイジェック/川崎雇用開発センター,倉庫作業スタッフ,20~30代活躍中◎ワークライフバランスも充実！！,,神奈川県 川崎市 川崎区 駅前本町,,,正社員,はい,月給,250000,,最低額を表示,なし,,,,,,,固定時間制,160,,厚生年金、健康保険、雇用保険、労災保険,,なし,,,,,,,,,,,,,,,,,,"空調が完備された綺麗な物流センター内で、人気ECサイトで販売されているアパレル商品・生活雑貨・コスメなどの「検品・梱包作業」を担当していただきます。
作業内容は非常にシンプルで、「商品を手に取る」「傷がないかチェックする」「箱や袋に詰める」という基本の3ステップが中心です。重いお荷物の持ち運びはほとんどなく、自分のペースでコツコツ・黙々と進められる軽作業です。
未経験からスタートしたスタッフが9割以上活躍中で、1日〜数日で覚えられる簡単な作業ばかりですので、バイトデビューや久しぶりのお仕事復帰の方も安心してスタートしていただけます。

■ 具体的なお仕事の流れ

1. 検品・チェック作業
入荷された商品や出荷前の商品に問題がないか、確認する作業です。

・外観の目視確認： 商品に傷や汚れ、ほつれ、パッケージの凹みなどが無いかを目視で丁寧にチェックします。
・数量・品番の照合： 納品書や手元のハンディ端末に表示されたデータと、目の前にある商品の種類・個数が合致しているか確認します。
・バーコードスキャン： バーコードリーダーを使って商品を「ピッと」読み取る作業です。機械の操作はスマホ感覚で直感的に行えるため、難しい設定や専門知識は一切不要です。

2. 梱包・箱詰め作業
検品が完了した商品を、お客様のもとへ無事にお届けできるよう綺麗に包んで箱に詰める作業です。

・袋詰め・緩衝材包装： 服やタオルなどの布製品を専用の透明袋に入れたり、壊れやすいコスメ・ガラス製品などをプチプチ（緩衝材）で包みます。
・箱詰め・セット作業： 指定のサイズに合わせたダンボール箱を組み立て、商品が途中で動かないよう丁寧に納めます。
・テープ留め・封かん： ダンボールのフタを閉じ、ガムテープでしっかり留めたら梱包完了です。

3. シール貼り・仕分け作業
出荷に向けた最後の仕上げ作業です。

・ラベル貼り： お届け先の伝票シールや、取扱注意シール（「水濡れ厳禁」「割れ物注意」など）を指定の位置へキレイに貼り付けます。
・出荷先ごとの仕分け： 梱包が終わった箱を、配送地域別や配送業者別に分けられた台車やコンテナへ移します。

■ 1日のタイムスケジュール例（日勤の場合）
09:00〜【朝礼・作業スタート】
本日の連絡事項を確認後、各自の作業台へ移動します。担当する作業（検品または梱包）をスタートします。

12:00〜【お昼休憩（60分）】
清潔な休憩室でランチタイム。電子レンジ・冷蔵庫・自動販売機も完備されており、お弁当の持参も自由です。

13:00〜【午後の作業再開】
午前の続きの作業を行います。自分のデスクで黙々と作業に集中できる時間です。

15:00〜【小休憩（15分）】
身体をほぐしたり水分補給をするリフレッシュタイム。集中力を保ちやすい環境が整っています。

15:15〜【出荷準備・最終仕上げ】
本日発送分の最終チェックと、作業スペースの清掃・整理整頓を行います。

18:00〜【作業終了・定時退勤】
残業は基本的にありません。定時になったら「お疲れ様でした！」とスッキリ帰宅できます。

■ 快適な作業環境と働きやすさのポイント
・1年中快適な空調完備： 冷暖房がしっかり効いたクリーンな倉庫なので、夏は涼しく、冬は暖かく快適に作業できます。
・身体に優しい軽作業： 扱う商品は衣類、コスメ、文房具、小型雑貨などがメインです。重量物の持ち上げ作業はありません。
・充実した設備： 個人用の鍵付きロッカーを完備。休憩室は広々としており、ポットや電子レンジ、フリーWi-Fiも自由に使えます。

■ 未経験者でも安心のサポート体制
入社初日は、安全に関する講習と作業の基本ルールについてのオリエンテーションからスタートします。
現場配属後は、専任の先輩スタッフがマンツーマンでついて実際の作業を見せながら丁寧にレクチャーします。

最初は「シールの貼り方」や「ダンボールの組み立て」といった、特に簡単な作業からお任せしますので、一度にたくさんのことを覚える必要はありません。
作業中に分からないことや迷うことがあっても、すぐ近くにリーダーや先輩スタッフが常駐しているため、「これってどうやるんでしたっけ？」といつでも気軽に質問できる安心の環境です。早ければ半日、遅くても2〜3日程度で一人立ちしてスムーズにお仕事を進められるようになります！","✅ 未経験スタート9割以上！簡単なシンプル作業です
「商品を手に取る」「キズがないか見る」「箱に入れる」など、覚えることはたったこれだけ！複雑な機械操作や難しいルールはありません。
先輩スタッフのほとんどが未経験からのスタートです。特別なスキルや経験は一切不要なので、初めてのアルバイトや久しぶりのお仕事復帰の方も安心してください。

✅ 自分のペースで黙々・コツコツ取り組める！
「接客が苦手…」「一人で集中して作業したい」という方にピッタリの環境です。
ノルマなどもなく、ご自身のペースで作業を進められるので、人間関係のストレスを感じることなくのびのびと働けます。

✅ 重い荷物なし！身体への負担が少ない軽作業
扱う商品は、衣服や生活雑貨、コスメなどの比較的軽いものが中心です。
重いダンボールを持ち運んだり、力仕事をお願いすることはほぼありませんので、年齢・性別問わず無理なく長く続けられるお仕事です。

✅ 空調完備のキレイな倉庫で、1年中快適♪
冷暖房がしっかり効いたクリーンな室内での作業です。
「夏は暑くて汗だく…」「冬は寒くて手がかじかむ…」といった心配は無用！季節や天候に関わらず、いつも快適な温度の中で気持ちよく作業に集中できます。

✅ 充実の設備＆働きやすい環境
鍵付きの個人ロッカーを完備しているほか、広々として清潔な休憩室もご用意しています。
休憩室には電子レンジ・冷蔵庫・ポット・自動販売機を完備しており、お弁当を持参してゆっくりくつろぐことも可能です。スタッフが過ごしやすい環境づくりに力を入れています！","例外事由3号のイにより、長期キャリア形成を図るため、
35歳以下を募集しております。","【勤務時間】
★9:00~18:00
└実働8時間/休憩1時間

定時ダッシュも問題ないです✧
✧ 土日祝休み
✧ 残業月平均:6.5時間以内
✧ 残業代100%支給","✧ 完全週休2日制(土日祝休み)
✧ 年間休日125日
「土日休みはマスト!」ってあなたにも
ぴったりの職場です!

【その他休暇】
✧ 有給休暇
✧ 夏季・冬季休暇
✧ GW休暇
✧ 年末年始休暇",神奈川県川崎市川崎区駅前本町,川崎雇用開発センター,"月給:25万円~+交通費全額支給

※経験に応じて決定いたします。

# 昇給あり
# 賞与あり
# 残業代100%支給
# 交通費支給","・社会保険完備
・住宅手当
・家賃補助
・退職金制度
・家族手当・扶養手当
・健康診断
・特別休暇
・資格取得支援制度","\\✧カジュアル面談実施中です✧/

応募に必要なのは人柄のみです!
まずはあなたのご希望を聞かせてください!

✩.。.....................。.✩
■ 応募からの流れ ■
✩.。.....................。.✩

▶STEP1WEBから1分簡単ご応募!
1~3日以内に担当者よりご連絡いたします。

▶ STEP2カジュアル面談(1回のみ)

▶STEP3採用

※入社日のご相談OKです◎
お気軽にご相談ください!",,即日勤務OK、交通費支給、残業なし,2,任意,生年月日、性別、電話番号,ntf-indeedapplicant-aaaatulx77tci2k2pr5yeqapva@shukatsu-labo.slack.com,,,利用しない,,
募集中,株式会社エイジェック,【未経験】検品・梱包作業/株式会社エイジェック/厚木雇用開発センター,倉庫作業スタッフ,20~30代活躍中◎ワークライフバランスも充実！！,,神奈川県 厚木市 中町,,,正社員,はい,月給,250000,,最低額を表示,なし,,,,,,,固定時間制,160,,厚生年金、健康保険、雇用保険、労災保険,,なし,,,,,,,,,,,,,,,,,,"空調が完備された綺麗な物流センター内で、人気ECサイトで販売されているアパレル商品・生活雑貨・コスメなどの「検品・梱包作業」を担当していただきます。
作業内容は非常にシンプルで、「商品を手に取る」「傷がないかチェックする」「箱や袋に詰める」という基本の3ステップが中心です。重いお荷物の持ち運びはほとんどなく、自分のペースでコツコツ・黙々と進められる軽作業です。
未経験からスタートしたスタッフが9割以上活躍中で、1日〜数日で覚えられる簡単な作業ばかりですので、バイトデビューや久しぶりのお仕事復帰の方も安心してスタートしていただけます。

■ 具体的なお仕事の流れ

1. 検品・チェック作業
入荷された商品や出荷前の商品に問題がないか、確認する作業です。

・外観の目視確認： 商品に傷や汚れ、ほつれ、パッケージの凹みなどが無いかを目視で丁寧にチェックします。
・数量・品番の照合： 納品書や手元のハンディ端末に表示されたデータと、目の前にある商品の種類・個数が合致しているか確認します。
・バーコードスキャン： バーコードリーダーを使って商品を「ピッと」読み取る作業です。機械の操作はスマホ感覚で直感的に行えるため、難しい設定や専門知識は一切不要です。

2. 梱包・箱詰め作業
検品が完了した商品を、お客様のもとへ無事にお届けできるよう綺麗に包んで箱に詰める作業です。

・袋詰め・緩衝材包装： 服やタオルなどの布製品を専用の透明袋に入れたり、壊れやすいコスメ・ガラス製品などをプチプチ（緩衝材）で包みます。
・箱詰め・セット作業： 指定のサイズに合わせたダンボール箱を組み立て、商品が途中で動かないよう丁寧に納めます。
・テープ留め・封かん： ダンボールのフタを閉じ、ガムテープでしっかり留めたら梱包完了です。

3. シール貼り・仕分け作業
出荷に向けた最後の仕上げ作業です。

・ラベル貼り： お届け先の伝票シールや、取扱注意シール（「水濡れ厳禁」「割れ物注意」など）を指定の位置へキレイに貼り付けます。
・出荷先ごとの仕分け： 梱包が終わった箱を、配送地域別や配送業者別に分けられた台車やコンテナへ移します。

■ 1日のタイムスケジュール例（日勤の場合）
09:00〜【朝礼・作業スタート】
本日の連絡事項を確認後、各自の作業台へ移動します。担当する作業（検品または梱包）をスタートします。

12:00〜【お昼休憩（60分）】
清潔な休憩室でランチタイム。電子レンジ・冷蔵庫・自動販売機も完備されており、お弁当の持参も自由です。

13:00〜【午後の作業再開】
午前の続きの作業を行います。自分のデスクで黙々と作業に集中できる時間です。

15:00〜【小休憩（15分）】
身体をほぐしたり水分補給をするリフレッシュタイム。集中力を保ちやすい環境が整っています。

15:15〜【出荷準備・最終仕上げ】
本日発送分の最終チェックと、作業スペースの清掃・整理整頓を行います。

18:00〜【作業終了・定時退勤】
残業は基本的にありません。定時になったら「お疲れ様でした！」とスッキリ帰宅できます。

■ 快適な作業環境と働きやすさのポイント
・1年中快適な空調完備： 冷暖房がしっかり効いたクリーンな倉庫なので、夏は涼しく、冬は暖かく快適に作業できます。
・身体に優しい軽作業： 扱う商品は衣類、コスメ、文房具、小型雑貨などがメインです。重量物の持ち上げ作業はありません。
・充実した設備： 個人用の鍵付きロッカーを完備。休憩室は広々としており、ポットや電子レンジ、フリーWi-Fiも自由に使えます。

■ 未経験者でも安心のサポート体制
入社初日は、安全に関する講習と作業の基本ルールについてのオリエンテーションからスタートします。
現場配属後は、専任の先輩スタッフがマンツーマンでついて実際の作業を見せながら丁寧にレクチャーします。

最初は「シールの貼り方」や「ダンボールの組み立て」といった、特に簡単な作業からお任せしますので、一度にたくさんのことを覚える必要はありません。
作業中に分からないことや迷うことがあっても、すぐ近くにリーダーや先輩スタッフが常駐しているため、「これってどうやるんでしたっけ？」といつでも気軽に質問できる安心の環境です。早ければ半日、遅くても2〜3日程度で一人立ちしてスムーズにお仕事を進められるようになります！","✅ 未経験スタート9割以上！簡単なシンプル作業です
「商品を手に取る」「キズがないか見る」「箱に入れる」など、覚えることはたったこれだけ！複雑な機械操作や難しいルールはありません。
先輩スタッフのほとんどが未経験からのスタートです。特別なスキルや経験は一切不要なので、初めてのアルバイトや久しぶりのお仕事復帰の方も安心してください。

✅ 自分のペースで黙々・コツコツ取り組める！
「接客が苦手…」「一人で集中して作業したい」という方にピッタリの環境です。
ノルマなどもなく、ご自身のペースで作業を進められるので、人間関係のストレスを感じることなくのびのびと働けます。

✅ 重い荷物なし！身体への負担が少ない軽作業
扱う商品は、衣服や生活雑貨、コスメなどの比較的軽いものが中心です。
重いダンボールを持ち運んだり、力仕事をお願いすることはほぼありませんので、年齢・性別問わず無理なく長く続けられるお仕事です。

✅ 空調完備のキレイな倉庫で、1年中快適♪
冷暖房がしっかり効いたクリーンな室内での作業です。
「夏は暑くて汗だく…」「冬は寒くて手がかじかむ…」といった心配は無用！季節や天候に関わらず、いつも快適な温度の中で気持ちよく作業に集中できます。

✅ 充実の設備＆働きやすい環境
鍵付きの個人ロッカーを完備しているほか、広々として清潔な休憩室もご用意しています。
休憩室には電子レンジ・冷蔵庫・ポット・自動販売機を完備しており、お弁当を持参してゆっくりくつろぐことも可能です。スタッフが過ごしやすい環境づくりに力を入れています！","例外事由3号のイにより、長期キャリア形成を図るため、
35歳以下を募集しております。","【勤務時間】
★9:00~18:00
└実働8時間/休憩1時間

定時ダッシュも問題ないです✧
✧ 土日祝休み
✧ 残業月平均:6.5時間以内
✧ 残業代100%支給","✧ 完全週休2日制(土日祝休み)
✧ 年間休日125日
「土日休みはマスト!」ってあなたにも
ぴったりの職場です!

【その他休暇】
✧ 有給休暇
✧ 夏季・冬季休暇
✧ GW休暇
✧ 年末年始休暇",神奈川県厚木市中町,厚木雇用開発センター,"月給:25万円~+交通費全額支給

※経験に応じて決定いたします。

# 昇給あり
# 賞与あり
# 残業代100%支給
# 交通費支給","・社会保険完備
・住宅手当
・家賃補助
・退職金制度
・家族手当・扶養手当
・健康診断
・特別休暇
・資格取得支援制度","\\✧カジュアル面談実施中です✧/

応募に必要なのは人柄のみです!
まずはあなたのご希望を聞かせてください!

✩.。.....................。.✩
■ 応募からの流れ ■
✩.。.....................。.✩

▶STEP1WEBから1分簡単ご応募!
1~3日以内に担当者よりご連絡いたします。

▶ STEP2カジュアル面談(1回のみ)

▶STEP3採用

※入社日のご相談OKです◎
お気軽にご相談ください!",,即日勤務OK、交通費支給、残業なし,2,任意,生年月日、性別、電話番号,ntf-indeedapplicant-aaaatulx77tci2k2pr5yeqapva@shukatsu-labo.slack.com,,,利用しない,,
募集中,株式会社エイジェック,【未経験】検品・梱包作業/株式会社エイジェック/横浜雇用開発センター,倉庫作業スタッフ,20~30代活躍中◎ワークライフバランスも充実！！,,神奈川県 横浜市 西区 みなとみらい,,,正社員,はい,月給,250000,,最低額を表示,なし,,,,,,,固定時間制,160,,厚生年金、健康保険、雇用保険、労災保険,,なし,,,,,,,,,,,,,,,,,,"空調が完備された綺麗な物流センター内で、人気ECサイトで販売されているアパレル商品・生活雑貨・コスメなどの「検品・梱包作業」を担当していただきます。
作業内容は非常にシンプルで、「商品を手に取る」「傷がないかチェックする」「箱や袋に詰める」という基本の3ステップが中心です。重いお荷物の持ち運びはほとんどなく、自分のペースでコツコツ・黙々と進められる軽作業です。
未経験からスタートしたスタッフが9割以上活躍中で、1日〜数日で覚えられる簡単な作業ばかりですので、バイトデビューや久しぶりのお仕事復帰の方も安心してスタートしていただけます。

■ 具体的なお仕事の流れ

1. 検品・チェック作業
入荷された商品や出荷前の商品に問題がないか、確認する作業です。

・外観の目視確認： 商品に傷や汚れ、ほつれ、パッケージの凹みなどが無いかを目視で丁寧にチェックします。
・数量・品番の照合： 納品書や手元のハンディ端末に表示されたデータと、目の前にある商品の種類・個数が合致しているか確認します。
・バーコードスキャン： バーコードリーダーを使って商品を「ピッと」読み取る作業です。機械の操作はスマホ感覚で直感的に行えるため、難しい設定や専門知識は一切不要です。

2. 梱包・箱詰め作業
検品が完了した商品を、お客様のもとへ無事にお届けできるよう綺麗に包んで箱に詰める作業です。

・袋詰め・緩衝材包装： 服やタオルなどの布製品を専用の透明袋に入れたり、壊れやすいコスメ・ガラス製品などをプチプチ（緩衝材）で包みます。
・箱詰め・セット作業： 指定のサイズに合わせたダンボール箱を組み立て、商品が途中で動かないよう丁寧に納めます。
・テープ留め・封かん： ダンボールのフタを閉じ、ガムテープでしっかり留めたら梱包完了です。

3. シール貼り・仕分け作業
出荷に向けた最後の仕上げ作業です。

・ラベル貼り： お届け先の伝票シールや、取扱注意シール（「水濡れ厳禁」「割れ物注意」など）を指定の位置へキレイに貼り付けます。
・出荷先ごとの仕分け： 梱包が終わった箱を、配送地域別や配送業者別に分けられた台車やコンテナへ移します。

■ 1日のタイムスケジュール例（日勤の場合）
09:00〜【朝礼・作業スタート】
本日の連絡事項を確認後、各自の作業台へ移動します。担当する作業（検品または梱包）をスタートします。

12:00〜【お昼休憩（60分）】
清潔な休憩室でランチタイム。電子レンジ・冷蔵庫・自動販売機も完備されており、お弁当の持参も自由です。

13:00〜【午後の作業再開】
午前の続きの作業を行います。自分のデスクで黙々と作業に集中できる時間です。

15:00〜【小休憩（15分）】
身体をほぐしたり水分補給をするリフレッシュタイム。集中力を保ちやすい環境が整っています。

15:15〜【出荷準備・最終仕上げ】
本日発送分の最終チェックと、作業スペースの清掃・整理整頓を行います。

18:00〜【作業終了・定時退勤】
残業は基本的にありません。定時になったら「お疲れ様でした！」とスッキリ帰宅できます。

■ 快適な作業環境と働きやすさのポイント
・1年中快適な空調完備： 冷暖房がしっかり効いたクリーンな倉庫なので、夏は涼しく、冬は暖かく快適に作業できます。
・身体に優しい軽作業： 扱う商品は衣類、コスメ、文房具、小型雑貨などがメインです。重量物の持ち上げ作業はありません。
・充実した設備： 個人用の鍵付きロッカーを完備。休憩室は広々としており、ポットや電子レンジ、フリーWi-Fiも自由に使えます。

■ 未経験者でも安心のサポート体制
入社初日は、安全に関する講習と作業の基本ルールについてのオリエンテーションからスタートします。
現場配属後は、専任の先輩スタッフがマンツーマンでついて実際の作業を見せながら丁寧にレクチャーします。

最初は「シールの貼り方」や「ダンボールの組み立て」といった、特に簡単な作業からお任せしますので、一度にたくさんのことを覚える必要はありません。
作業中に分からないことや迷うことがあっても、すぐ近くにリーダーや先輩スタッフが常駐しているため、「これってどうやるんでしたっけ？」といつでも気軽に質問できる安心の環境です。早ければ半日、遅くても2〜3日程度で一人立ちしてスムーズにお仕事を進められるようになります！","✅ 未経験スタート9割以上！簡単なシンプル作業です
「商品を手に取る」「キズがないか見る」「箱に入れる」など、覚えることはたったこれだけ！複雑な機械操作や難しいルールはありません。
先輩スタッフのほとんどが未経験からのスタートです。特別なスキルや経験は一切不要なので、初めてのアルバイトや久しぶりのお仕事復帰の方も安心してください。

✅ 自分のペースで黙々・コツコツ取り組める！
「接客が苦手…」「一人で集中して作業したい」という方にピッタリの環境です。
ノルマなどもなく、ご自身のペースで作業を進められるので、人間関係のストレスを感じることなくのびのびと働けます。

✅ 重い荷物なし！身体への負担が少ない軽作業
扱う商品は、衣服や生活雑貨、コスメなどの比較的軽いものが中心です。
重いダンボールを持ち運んだり、力仕事をお願いすることはほぼありませんので、年齢・性別問わず無理なく長く続けられるお仕事です。

✅ 空調完備のキレイな倉庫で、1年中快適♪
冷暖房がしっかり効いたクリーンな室内での作業です。
「夏は暑くて汗だく…」「冬は寒くて手がかじかむ…」といった心配は無用！季節や天候に関わらず、いつも快適な温度の中で気持ちよく作業に集中できます。

✅ 充実の設備＆働きやすい環境
鍵付きの個人ロッカーを完備しているほか、広々として清潔な休憩室もご用意しています。
休憩室には電子レンジ・冷蔵庫・ポット・自動販売機を完備しており、お弁当を持参してゆっくりくつろぐことも可能です。スタッフが過ごしやすい環境づくりに力を入れています！","例外事由3号のイにより、長期キャリア形成を図るため、
35歳以下を募集しております。","【勤務時間】
★9:00~18:00
└実働8時間/休憩1時間

定時ダッシュも問題ないです✧
✧ 土日祝休み
✧ 残業月平均:6.5時間以内
✧ 残業代100%支給","✧ 完全週休2日制(土日祝休み)
✧ 年間休日125日
「土日休みはマスト!」ってあなたにも
ぴったりの職場です!

【その他休暇】
✧ 有給休暇
✧ 夏季・冬季休暇
✧ GW休暇
✧ 年末年始休暇",神奈川県横浜市西区みなとみらい2-3-5 クイーンズタワーC棟9F,横浜雇用開発センター,"月給:25万円~+交通費全額支給

※経験に応じて決定いたします。

# 昇給あり
# 賞与あり
# 残業代100%支給
# 交通費支給","・社会保険完備
・住宅手当
・家賃補助
・退職金制度
・家族手当・扶養手当
・健康診断
・特別休暇
・資格取得支援制度","\\✧カジュアル面談実施中です✧/

応募に必要なのは人柄のみです!
まずはあなたのご希望を聞かせてください!

✩.。.....................。.✩
■ 応募からの流れ ■
✩.。.....................。.✩

▶STEP1WEBから1分簡単ご応募!
1~3日以内に担当者よりご連絡いたします。

▶ STEP2カジュアル面談(1回のみ)

▶STEP3採用

※入社日のご相談OKです◎
お気軽にご相談ください!",,即日勤務OK、交通費支給、残業なし,2,任意,生年月日、性別、電話番号,ntf-indeedapplicant-aaaatulx77tci2k2pr5yeqapva@shukatsu-labo.slack.com,,,利用しない,,
募集中,株式会社エイジェック,【未経験】検品・梱包作業/株式会社エイジェック/立川雇用開発センター,倉庫作業スタッフ,20~30代活躍中◎ワークライフバランスも充実！！,,東京都 立川市 曙町,,,正社員,はい,月給,250000,,最低額を表示,なし,,,,,,,固定時間制,160,,厚生年金、健康保険、雇用保険、労災保険,,なし,,,,,,,,,,,,,,,,,,"空調が完備された綺麗な物流センター内で、人気ECサイトで販売されているアパレル商品・生活雑貨・コスメなどの「検品・梱包作業」を担当していただきます。
作業内容は非常にシンプルで、「商品を手に取る」「傷がないかチェックする」「箱や袋に詰める」という基本の3ステップが中心です。重いお荷物の持ち運びはほとんどなく、自分のペースでコツコツ・黙々と進められる軽作業です。
未経験からスタートしたスタッフが9割以上活躍中で、1日〜数日で覚えられる簡単な作業ばかりですので、バイトデビューや久しぶりのお仕事復帰の方も安心してスタートしていただけます。

■ 具体的なお仕事の流れ

1. 検品・チェック作業
入荷された商品や出荷前の商品に問題がないか、確認する作業です。

・外観の目視確認： 商品に傷や汚れ、ほつれ、パッケージの凹みなどが無いかを目視で丁寧にチェックします。
・数量・品番の照合： 納品書や手元のハンディ端末に表示されたデータと、目の前にある商品の種類・個数が合致しているか確認します。
・バーコードスキャン： バーコードリーダーを使って商品を「ピッと」読み取る作業です。機械の操作はスマホ感覚で直感的に行えるため、難しい設定や専門知識は一切不要です。

2. 梱包・箱詰め作業
検品が完了した商品を、お客様のもとへ無事にお届けできるよう綺麗に包んで箱に詰める作業です。

・袋詰め・緩衝材包装： 服やタオルなどの布製品を専用の透明袋に入れたり、壊れやすいコスメ・ガラス製品などをプチプチ（緩衝材）で包みます。
・箱詰め・セット作業： 指定のサイズに合わせたダンボール箱を組み立て、商品が途中で動かないよう丁寧に納めます。
・テープ留め・封かん： ダンボールのフタを閉じ、ガムテープでしっかり留めたら梱包完了です。

3. シール貼り・仕分け作業
出荷に向けた最後の仕上げ作業です。

・ラベル貼り： お届け先の伝票シールや、取扱注意シール（「水濡れ厳禁」「割れ物注意」など）を指定の位置へキレイに貼り付けます。
・出荷先ごとの仕分け： 梱包が終わった箱を、配送地域別や配送業者別に分けられた台車やコンテナへ移します。

■ 1日のタイムスケジュール例（日勤の場合）
09:00〜【朝礼・作業スタート】
本日の連絡事項を確認後、各自の作業台へ移動します。担当する作業（検品または梱包）をスタートします。

12:00〜【お昼休憩（60分）】
清潔な休憩室でランチタイム。電子レンジ・冷蔵庫・自動販売機も完備されており、お弁当の持参も自由です。

13:00〜【午後の作業再開】
午前の続きの作業を行います。自分のデスクで黙々と作業に集中できる時間です。

15:00〜【小休憩（15分）】
身体をほぐしたり水分補給をするリフレッシュタイム。集中力を保ちやすい環境が整っています。

15:15〜【出荷準備・最終仕上げ】
本日発送分の最終チェックと、作業スペースの清掃・整理整頓を行います。

18:00〜【作業終了・定時退勤】
残業は基本的にありません。定時になったら「お疲れ様でした！」とスッキリ帰宅できます。

■ 快適な作業環境と働きやすさのポイント
・1年中快適な空調完備： 冷暖房がしっかり効いたクリーンな倉庫なので、夏は涼しく、冬は暖かく快適に作業できます。
・身体に優しい軽作業： 扱う商品は衣類、コスメ、文房具、小型雑貨などがメインです。重量物の持ち上げ作業はありません。
・充実した設備： 個人用の鍵付きロッカーを完備。休憩室は広々としており、ポットや電子レンジ、フリーWi-Fiも自由に使えます。

■ 未経験者でも安心のサポート体制
入社初日は、安全に関する講習と作業の基本ルールについてのオリエンテーションからスタートします。
現場配属後は、専任の先輩スタッフがマンツーマンでついて実際の作業を見せながら丁寧にレクチャーします。

最初は「シールの貼り方」や「ダンボールの組み立て」といった、特に簡単な作業からお任せしますので、一度にたくさんのことを覚える必要はありません。
作業中に分からないことや迷うことがあっても、すぐ近くにリーダーや先輩スタッフが常駐しているため、「これってどうやるんでしたっけ？」といつでも気軽に質問できる安心の環境です。早ければ半日、遅くても2〜3日程度で一人立ちしてスムーズにお仕事を進められるようになります！","✅ 未経験スタート9割以上！簡単なシンプル作業です
「商品を手に取る」「キズがないか見る」「箱に入れる」など、覚えることはたったこれだけ！複雑な機械操作や難しいルールはありません。
先輩スタッフのほとんどが未経験からのスタートです。特別なスキルや経験は一切不要なので、初めてのアルバイトや久しぶりのお仕事復帰の方も安心してください。

✅ 自分のペースで黙々・コツコツ取り組める！
「接客が苦手…」「一人で集中して作業したい」という方にピッタリの環境です。
ノルマなどもなく、ご自身のペースで作業を進められるので、人間関係のストレスを感じることなくのびのびと働けます。

✅ 重い荷物なし！身体への負担が少ない軽作業
扱う商品は、衣服や生活雑貨、コスメなどの比較的軽いものが中心です。
重いダンボールを持ち運んだり、力仕事をお願いすることはほぼありませんので、年齢・性別問わず無理なく長く続けられるお仕事です。

✅ 空調完備のキレイな倉庫で、1年中快適♪
冷暖房がしっかり効いたクリーンな室内での作業です。
「夏は暑くて汗だく…」「冬は寒くて手がかじかむ…」といった心配は無用！季節や天候に関わらず、いつも快適な温度の中で気持ちよく作業に集中できます。

✅ 充実の設備＆働きやすい環境
鍵付きの個人ロッカーを完備しているほか、広々として清潔な休憩室もご用意しています。
休憩室には電子レンジ・冷蔵庫・ポット・自動販売機を完備しており、お弁当を持参してゆっくりくつろぐことも可能です。スタッフが過ごしやすい環境づくりに力を入れています！","例外事由3号のイにより、長期キャリア形成を図るため、
35歳以下を募集しております。","【勤務時間】
★9:00~18:00
└実働8時間/休憩1時間

定時ダッシュも問題ないです✧
✧ 土日祝休み
✧ 残業月平均:6.5時間以内
✧ 残業代100%支給","✧ 完全週休2日制(土日祝休み)
✧ 年間休日125日
「土日休みはマスト!」ってあなたにも
ぴったりの職場です!

【その他休暇】
✧ 有給休暇
✧ 夏季・冬季休暇
✧ GW休暇
✧ 年末年始休暇",東京都立川市曙町,立川雇用開発センター,"月給:25万円~+交通費全額支給

※経験に応じて決定いたします。

# 昇給あり
# 賞与あり
# 残業代100%支給
# 交通費支給","・社会保険完備
・住宅手当
・家賃補助
・退職金制度
・家族手当・扶養手当
・健康診断
・特別休暇
・資格取得支援制度","\\✧カジュアル面談実施中です✧/

応募に必要なのは人柄のみです!
まずはあなたのご希望を聞かせてください!

✩.。.....................。.✩
■ 応募からの流れ ■
✩.。.....................。.✩

▶STEP1WEBから1分簡単ご応募!
1~3日以内に担当者よりご連絡いたします。

▶ STEP2カジュアル面談(1回のみ)

▶STEP3採用

※入社日のご相談OKです◎
お気軽にご相談ください!",,即日勤務OK、交通費支給、残業なし,2,任意,生年月日、性別、電話番号,ntf-indeedapplicant-aaaatulx77tci2k2pr5yeqapva@shukatsu-labo.slack.com,,,利用しない,,
募集中,株式会社エイジェック,【未経験】検品・梱包作業/株式会社エイジェック/八王子雇用開発センター,倉庫作業スタッフ,20~30代活躍中◎ワークライフバランスも充実！！,,東京都 八王子市 東町,,,正社員,はい,月給,250000,,最低額を表示,なし,,,,,,,固定時間制,160,,厚生年金、健康保険、雇用保険、労災保険,,なし,,,,,,,,,,,,,,,,,,"空調が完備された綺麗な物流センター内で、人気ECサイトで販売されているアパレル商品・生活雑貨・コスメなどの「検品・梱包作業」を担当していただきます。
作業内容は非常にシンプルで、「商品を手に取る」「傷がないかチェックする」「箱や袋に詰める」という基本の3ステップが中心です。重いお荷物の持ち運びはほとんどなく、自分のペースでコツコツ・黙々と進められる軽作業です。
未経験からスタートしたスタッフが9割以上活躍中で、1日〜数日で覚えられる簡単な作業ばかりですので、バイトデビューや久しぶりのお仕事復帰の方も安心してスタートしていただけます。

■ 具体的なお仕事の流れ

1. 検品・チェック作業
入荷された商品や出荷前の商品に問題がないか、確認する作業です。

・外観の目視確認： 商品に傷や汚れ、ほつれ、パッケージの凹みなどが無いかを目視で丁寧にチェックします。
・数量・品番の照合： 納品書や手元のハンディ端末に表示されたデータと、目の前にある商品の種類・個数が合致しているか確認します。
・バーコードスキャン： バーコードリーダーを使って商品を「ピッと」読み取る作業です。機械の操作はスマホ感覚で直感的に行えるため、難しい設定や専門知識は一切不要です。

2. 梱包・箱詰め作業
検品が完了した商品を、お客様のもとへ無事にお届けできるよう綺麗に包んで箱に詰める作業です。

・袋詰め・緩衝材包装： 服やタオルなどの布製品を専用の透明袋に入れたり、壊れやすいコスメ・ガラス製品などをプチプチ（緩衝材）で包みます。
・箱詰め・セット作業： 指定のサイズに合わせたダンボール箱を組み立て、商品が途中で動かないよう丁寧に納めます。
・テープ留め・封かん： ダンボールのフタを閉じ、ガムテープでしっかり留めたら梱包完了です。

3. シール貼り・仕分け作業
出荷に向けた最後の仕上げ作業です。

・ラベル貼り： お届け先の伝票シールや、取扱注意シール（「水濡れ厳禁」「割れ物注意」など）を指定の位置へキレイに貼り付けます。
・出荷先ごとの仕分け： 梱包が終わった箱を、配送地域別や配送業者別に分けられた台車やコンテナへ移します。

■ 1日のタイムスケジュール例（日勤の場合）
09:00〜【朝礼・作業スタート】
本日の連絡事項を確認後、各自の作業台へ移動します。担当する作業（検品または梱包）をスタートします。

12:00〜【お昼休憩（60分）】
清潔な休憩室でランチタイム。電子レンジ・冷蔵庫・自動販売機も完備されており、お弁当の持参も自由です。

13:00〜【午後の作業再開】
午前の続きの作業を行います。自分のデスクで黙々と作業に集中できる時間です。

15:00〜【小休憩（15分）】
身体をほぐしたり水分補給をするリフレッシュタイム。集中力を保ちやすい環境が整っています。

15:15〜【出荷準備・最終仕上げ】
本日発送分の最終チェックと、作業スペースの清掃・整理整頓を行います。

18:00〜【作業終了・定時退勤】
残業は基本的にありません。定時になったら「お疲れ様でした！」とスッキリ帰宅できます。

■ 快適な作業環境と働きやすさのポイント
・1年中快適な空調完備： 冷暖房がしっかり効いたクリーンな倉庫なので、夏は涼しく、冬は暖かく快適に作業できます。
・身体に優しい軽作業： 扱う商品は衣類、コスメ、文房具、小型雑貨などがメインです。重量物の持ち上げ作業はありません。
・充実した設備： 個人用の鍵付きロッカーを完備。休憩室は広々としており、ポットや電子レンジ、フリーWi-Fiも自由に使えます。

■ 未経験者でも安心のサポート体制
入社初日は、安全に関する講習と作業の基本ルールについてのオリエンテーションからスタートします。
現場配属後は、専任の先輩スタッフがマンツーマンでついて実際の作業を見せながら丁寧にレクチャーします。

最初は「シールの貼り方」や「ダンボールの組み立て」といった、特に簡単な作業からお任せしますので、一度にたくさんのことを覚える必要はありません。
作業中に分からないことや迷うことがあっても、すぐ近くにリーダーや先輩スタッフが常駐しているため、「これってどうやるんでしたっけ？」といつでも気軽に質問できる安心の環境です。早ければ半日、遅くても2〜3日程度で一人立ちしてスムーズにお仕事を進められるようになります！","✅ 未経験スタート9割以上！簡単なシンプル作業です
「商品を手に取る」「キズがないか見る」「箱に入れる」など、覚えることはたったこれだけ！複雑な機械操作や難しいルールはありません。
先輩スタッフのほとんどが未経験からのスタートです。特別なスキルや経験は一切不要なので、初めてのアルバイトや久しぶりのお仕事復帰の方も安心してください。

✅ 自分のペースで黙々・コツコツ取り組める！
「接客が苦手…」「一人で集中して作業したい」という方にピッタリの環境です。
ノルマなどもなく、ご自身のペースで作業を進められるので、人間関係のストレスを感じることなくのびのびと働けます。

✅ 重い荷物なし！身体への負担が少ない軽作業
扱う商品は、衣服や生活雑貨、コスメなどの比較的軽いものが中心です。
重いダンボールを持ち運んだり、力仕事をお願いすることはほぼありませんので、年齢・性別問わず無理なく長く続けられるお仕事です。

✅ 空調完備のキレイな倉庫で、1年中快適♪
冷暖房がしっかり効いたクリーンな室内での作業です。
「夏は暑くて汗だく…」「冬は寒くて手がかじかむ…」といった心配は無用！季節や天候に関わらず、いつも快適な温度の中で気持ちよく作業に集中できます。

✅ 充実の設備＆働きやすい環境
鍵付きの個人ロッカーを完備しているほか、広々として清潔な休憩室もご用意しています。
休憩室には電子レンジ・冷蔵庫・ポット・自動販売機を完備しており、お弁当を持参してゆっくりくつろぐことも可能です。スタッフが過ごしやすい環境づくりに力を入れています！","例外事由3号のイにより、長期キャリア形成を図るため、
35歳以下を募集しております。","【勤務時間】
★9:00~18:00
└実働8時間/休憩1時間

定時ダッシュも問題ないです✧
✧ 土日祝休み
✧ 残業月平均:6.5時間以内
✧ 残業代100%支給","✧ 完全週休2日制(土日祝休み)
✧ 年間休日125日
「土日休みはマスト!」ってあなたにも
ぴったりの職場です!

【その他休暇】
✧ 有給休暇
✧ 夏季・冬季休暇
✧ GW休暇
✧ 年末年始休暇",東京都八王子市東町,八王子雇用開発センター,"月給:25万円~+交通費全額支給

※経験に応じて決定いたします。

# 昇給あり
# 賞与あり
# 残業代100%支給
# 交通費支給","・社会保険完備
・住宅手当
・家賃補助
・退職金制度
・家族手当・扶養手当
・健康診断
・特別休暇
・資格取得支援制度","\\✧カジュアル面談実施中です✧/

応募に必要なのは人柄のみです!
まずはあなたのご希望を聞かせてください!

✩.。.....................。.✩
■ 応募からの流れ ■
✩.。.....................。.✩

▶STEP1WEBから1分簡単ご応募!
1~3日以内に担当者よりご連絡いたします。

▶ STEP2カジュアル面談(1回のみ)

▶STEP3採用

※入社日のご相談OKです◎
お気軽にご相談ください!",,即日勤務OK、交通費支給、残業なし,2,任意,生年月日、性別、電話番号,ntf-indeedapplicant-aaaatulx77tci2k2pr5yeqapva@shukatsu-labo.slack.com,,,利用しない,,
募集中,株式会社エイジェック,【未経験】検品・梱包作業/株式会社エイジェック/品川雇用開発センター,倉庫作業スタッフ,20~30代活躍中◎ワークライフバランスも充実！！,,東京都 港区 港南,,,正社員,はい,月給,250000,,最低額を表示,なし,,,,,,,固定時間制,160,,厚生年金、健康保険、雇用保険、労災保険,,なし,,,,,,,,,,,,,,,,,,"空調が完備された綺麗な物流センター内で、人気ECサイトで販売されているアパレル商品・生活雑貨・コスメなどの「検品・梱包作業」を担当していただきます。
作業内容は非常にシンプルで、「商品を手に取る」「傷がないかチェックする」「箱や袋に詰める」という基本の3ステップが中心です。重いお荷物の持ち運びはほとんどなく、自分のペースでコツコツ・黙々と進められる軽作業です。
未経験からスタートしたスタッフが9割以上活躍中で、1日〜数日で覚えられる簡単な作業ばかりですので、バイトデビューや久しぶりのお仕事復帰の方も安心してスタートしていただけます。

■ 具体的なお仕事の流れ

1. 検品・チェック作業
入荷された商品や出荷前の商品に問題がないか、確認する作業です。

・外観の目視確認： 商品に傷や汚れ、ほつれ、パッケージの凹みなどが無いかを目視で丁寧にチェックします。
・数量・品番の照合： 納品書や手元のハンディ端末に表示されたデータと、目の前にある商品の種類・個数が合致しているか確認します。
・バーコードスキャン： バーコードリーダーを使って商品を「ピッと」読み取る作業です。機械の操作はスマホ感覚で直感的に行えるため、難しい設定や専門知識は一切不要です。

2. 梱包・箱詰め作業
検品が完了した商品を、お客様のもとへ無事にお届けできるよう綺麗に包んで箱に詰める作業です。

・袋詰め・緩衝材包装： 服やタオルなどの布製品を専用の透明袋に入れたり、壊れやすいコスメ・ガラス製品などをプチプチ（緩衝材）で包みます。
・箱詰め・セット作業： 指定のサイズに合わせたダンボール箱を組み立て、商品が途中で動かないよう丁寧に納めます。
・テープ留め・封かん： ダンボールのフタを閉じ、ガムテープでしっかり留めたら梱包完了です。

3. シール貼り・仕分け作業
出荷に向けた最後の仕上げ作業です。

・ラベル貼り： お届け先の伝票シールや、取扱注意シール（「水濡れ厳禁」「割れ物注意」など）を指定の位置へキレイに貼り付けます。
・出荷先ごとの仕分け： 梱包が終わった箱を、配送地域別や配送業者別に分けられた台車やコンテナへ移します。

■ 1日のタイムスケジュール例（日勤の場合）
09:00〜【朝礼・作業スタート】
本日の連絡事項を確認後、各自の作業台へ移動します。担当する作業（検品または梱包）をスタートします。

12:00〜【お昼休憩（60分）】
清潔な休憩室でランチタイム。電子レンジ・冷蔵庫・自動販売機も完備されており、お弁当の持参も自由です。

13:00〜【午後の作業再開】
午前の続きの作業を行います。自分のデスクで黙々と作業に集中できる時間です。

15:00〜【小休憩（15分）】
身体をほぐしたり水分補給をするリフレッシュタイム。集中力を保ちやすい環境が整っています。

15:15〜【出荷準備・最終仕上げ】
本日発送分の最終チェックと、作業スペースの清掃・整理整頓を行います。

18:00〜【作業終了・定時退勤】
残業は基本的にありません。定時になったら「お疲れ様でした！」とスッキリ帰宅できます。

■ 快適な作業環境と働きやすさのポイント
・1年中快適な空調完備： 冷暖房がしっかり効いたクリーンな倉庫なので、夏は涼しく、冬は暖かく快適に作業できます。
・身体に優しい軽作業： 扱う商品は衣類、コスメ、文房具、小型雑貨などがメインです。重量物の持ち上げ作業はありません。
・充実した設備： 個人用の鍵付きロッカーを完備。休憩室は広々としており、ポットや電子レンジ、フリーWi-Fiも自由に使えます。

■ 未経験者でも安心のサポート体制
入社初日は、安全に関する講習と作業の基本ルールについてのオリエンテーションからスタートします。
現場配属後は、専任の先輩スタッフがマンツーマンでついて実際の作業を見せながら丁寧にレクチャーします。

最初は「シールの貼り方」や「ダンボールの組み立て」といった、特に簡単な作業からお任せしますので、一度にたくさんのことを覚える必要はありません。
作業中に分からないことや迷うことがあっても、すぐ近くにリーダーや先輩スタッフが常駐しているため、「これってどうやるんでしたっけ？」といつでも気軽に質問できる安心の環境です。早ければ半日、遅くても2〜3日程度で一人立ちしてスムーズにお仕事を進められるようになります！","✅ 未経験スタート9割以上！簡単なシンプル作業です
「商品を手に取る」「キズがないか見る」「箱に入れる」など、覚えることはたったこれだけ！複雑な機械操作や難しいルールはありません。
先輩スタッフのほとんどが未経験からのスタートです。特別なスキルや経験は一切不要なので、初めてのアルバイトや久しぶりのお仕事復帰の方も安心してください。

✅ 自分のペースで黙々・コツコツ取り組める！
「接客が苦手…」「一人で集中して作業したい」という方にピッタリの環境です。
ノルマなどもなく、ご自身のペースで作業を進められるので、人間関係のストレスを感じることなくのびのびと働けます。

✅ 重い荷物なし！身体への負担が少ない軽作業
扱う商品は、衣服や生活雑貨、コスメなどの比較的軽いものが中心です。
重いダンボールを持ち運んだり、力仕事をお願いすることはほぼありませんので、年齢・性別問わず無理なく長く続けられるお仕事です。

✅ 空調完備のキレイな倉庫で、1年中快適♪
冷暖房がしっかり効いたクリーンな室内での作業です。
「夏は暑くて汗だく…」「冬は寒くて手がかじかむ…」といった心配は無用！季節や天候に関わらず、いつも快適な温度の中で気持ちよく作業に集中できます。

✅ 充実の設備＆働きやすい環境
鍵付きの個人ロッカーを完備しているほか、広々として清潔な休憩室もご用意しています。
休憩室には電子レンジ・冷蔵庫・ポット・自動販売機を完備しており、お弁当を持参してゆっくりくつろぐことも可能です。スタッフが過ごしやすい環境づくりに力を入れています！","例外事由3号のイにより、長期キャリア形成を図るため、
35歳以下を募集しております。","【勤務時間】
★9:00~18:00
└実働8時間/休憩1時間

定時ダッシュも問題ないです✧
✧ 土日祝休み
✧ 残業月平均:6.5時間以内
✧ 残業代100%支給","✧ 完全週休2日制(土日祝休み)
✧ 年間休日125日
「土日休みはマスト!」ってあなたにも
ぴったりの職場です!

【その他休暇】
✧ 有給休暇
✧ 夏季・冬季休暇
✧ GW休暇
✧ 年末年始休暇",東京都港区港南2-16-4 品川グランドセントラルタワー7F,品川雇用開発センター,"月給:25万円~+交通費全額支給

※経験に応じて決定いたします。

# 昇給あり
# 賞与あり
# 残業代100%支給
# 交通費支給","・社会保険完備
・住宅手当
・家賃補助
・退職金制度
・家族手当・扶養手当
・健康診断
・特別休暇
・資格取得支援制度","\\✧カジュアル面談実施中です✧/

応募に必要なのは人柄のみです!
まずはあなたのご希望を聞かせてください!

✩.。.....................。.✩
■ 応募からの流れ ■
✩.。.....................。.✩

▶STEP1WEBから1分簡単ご応募!
1~3日以内に担当者よりご連絡いたします。

▶ STEP2カジュアル面談(1回のみ)

▶STEP3採用

※入社日のご相談OKです◎
お気軽にご相談ください!",,即日勤務OK、交通費支給、残業なし,2,任意,生年月日、性別、電話番号,ntf-indeedapplicant-aaaatulx77tci2k2pr5yeqapva@shukatsu-labo.slack.com,,,利用しない,,
募集中,株式会社エイジェック,【未経験】検品・梱包作業/株式会社エイジェック/丸の内インノベーションセンター,倉庫作業スタッフ,20~30代活躍中◎ワークライフバランスも充実！！,,東京都 千代田区 丸の内,,,正社員,はい,月給,250000,,最低額を表示,なし,,,,,,,固定時間制,160,,厚生年金、健康保険、雇用保険、労災保険,,なし,,,,,,,,,,,,,,,,,,"空調が完備された綺麗な物流センター内で、人気ECサイトで販売されているアパレル商品・生活雑貨・コスメなどの「検品・梱包作業」を担当していただきます。
作業内容は非常にシンプルで、「商品を手に取る」「傷がないかチェックする」「箱や袋に詰める」という基本の3ステップが中心です。重いお荷物の持ち運びはほとんどなく、自分のペースでコツコツ・黙々と進められる軽作業です。
未経験からスタートしたスタッフが9割以上活躍中で、1日〜数日で覚えられる簡単な作業ばかりですので、バイトデビューや久しぶりのお仕事復帰の方も安心してスタートしていただけます。

■ 具体的なお仕事の流れ

1. 検品・チェック作業
入荷された商品や出荷前の商品に問題がないか、確認する作業です。

・外観の目視確認： 商品に傷や汚れ、ほつれ、パッケージの凹みなどが無いかを目視で丁寧にチェックします。
・数量・品番の照合： 納品書や手元のハンディ端末に表示されたデータと、目の前にある商品の種類・個数が合致しているか確認します。
・バーコードスキャン： バーコードリーダーを使って商品を「ピッと」読み取る作業です。機械の操作はスマホ感覚で直感的に行えるため、難しい設定や専門知識は一切不要です。

2. 梱包・箱詰め作業
検品が完了した商品を、お客様のもとへ無事にお届けできるよう綺麗に包んで箱に詰める作業です。

・袋詰め・緩衝材包装： 服やタオルなどの布製品を専用の透明袋に入れたり、壊れやすいコスメ・ガラス製品などをプチプチ（緩衝材）で包みます。
・箱詰め・セット作業： 指定のサイズに合わせたダンボール箱を組み立て、商品が途中で動かないよう丁寧に納めます。
・テープ留め・封かん： ダンボールのフタを閉じ、ガムテープでしっかり留めたら梱包完了です。

3. シール貼り・仕分け作業
出荷に向けた最後の仕上げ作業です。

・ラベル貼り： お届け先の伝票シールや、取扱注意シール（「水濡れ厳禁」「割れ物注意」など）を指定の位置へキレイに貼り付けます。
・出荷先ごとの仕分け： 梱包が終わった箱を、配送地域別や配送業者別に分けられた台車やコンテナへ移します。

■ 1日のタイムスケジュール例（日勤の場合）
09:00〜【朝礼・作業スタート】
本日の連絡事項を確認後、各自の作業台へ移動します。担当する作業（検品または梱包）をスタートします。

12:00〜【お昼休憩（60分）】
清潔な休憩室でランチタイム。電子レンジ・冷蔵庫・自動販売機も完備されており、お弁当の持参も自由です。

13:00〜【午後の作業再開】
午前の続きの作業を行います。自分のデスクで黙々と作業に集中できる時間です。

15:00〜【小休憩（15分）】
身体をほぐしたり水分補給をするリフレッシュタイム。集中力を保ちやすい環境が整っています。

15:15〜【出荷準備・最終仕上げ】
本日発送分の最終チェックと、作業スペースの清掃・整理整頓を行います。

18:00〜【作業終了・定時退勤】
残業は基本的にありません。定時になったら「お疲れ様でした！」とスッキリ帰宅できます。

■ 快適な作業環境と働きやすさのポイント
・1年中快適な空調完備： 冷暖房がしっかり効いたクリーンな倉庫なので、夏は涼しく、冬は暖かく快適に作業できます。
・身体に優しい軽作業： 扱う商品は衣類、コスメ、文房具、小型雑貨などがメインです。重量物の持ち上げ作業はありません。
・充実した設備： 個人用の鍵付きロッカーを完備。休憩室は広々としており、ポットや電子レンジ、フリーWi-Fiも自由に使えます。

■ 未経験者でも安心のサポート体制
入社初日は、安全に関する講習と作業の基本ルールについてのオリエンテーションからスタートします。
現場配属後は、専任の先輩スタッフがマンツーマンでついて実際の作業を見せながら丁寧にレクチャーします。

最初は「シールの貼り方」や「ダンボールの組み立て」といった、特に簡単な作業からお任せしますので、一度にたくさんのことを覚える必要はありません。
作業中に分からないことや迷うことがあっても、すぐ近くにリーダーや先輩スタッフが常駐しているため、「これってどうやるんでしたっけ？」といつでも気軽に質問できる安心の環境です。早ければ半日、遅くても2〜3日程度で一人立ちしてスムーズにお仕事を進められるようになります！","✅ 未経験スタート9割以上！簡単なシンプル作業です
「商品を手に取る」「キズがないか見る」「箱に入れる」など、覚えることはたったこれだけ！複雑な機械操作や難しいルールはありません。
先輩スタッフのほとんどが未経験からのスタートです。特別なスキルや経験は一切不要なので、初めてのアルバイトや久しぶりのお仕事復帰の方も安心してください。

✅ 自分のペースで黙々・コツコツ取り組める！
「接客が苦手…」「一人で集中して作業したい」という方にピッタリの環境です。
ノルマなどもなく、ご自身のペースで作業を進められるので、人間関係のストレスを感じることなくのびのびと働けます。

✅ 重い荷物なし！身体への負担が少ない軽作業
扱う商品は、衣服や生活雑貨、コスメなどの比較的軽いものが中心です。
重いダンボールを持ち運んだり、力仕事をお願いすることはほぼありませんので、年齢・性別問わず無理なく長く続けられるお仕事です。

✅ 空調完備のキレイな倉庫で、1年中快適♪
冷暖房がしっかり効いたクリーンな室内での作業です。
「夏は暑くて汗だく…」「冬は寒くて手がかじかむ…」といった心配は無用！季節や天候に関わらず、いつも快適な温度の中で気持ちよく作業に集中できます。

✅ 充実の設備＆働きやすい環境
鍵付きの個人ロッカーを完備しているほか、広々として清潔な休憩室もご用意しています。
休憩室には電子レンジ・冷蔵庫・ポット・自動販売機を完備しており、お弁当を持参してゆっくりくつろぐことも可能です。スタッフが過ごしやすい環境づくりに力を入れています！","例外事由3号のイにより、長期キャリア形成を図るため、
35歳以下を募集しております。","【勤務時間】
★9:00~18:00
└実働8時間/休憩1時間

定時ダッシュも問題ないです✧
✧ 土日祝休み
✧ 残業月平均:6.5時間以内
✧ 残業代100%支給","✧ 完全週休2日制(土日祝休み)
✧ 年間休日125日
「土日休みはマスト!」ってあなたにも
ぴったりの職場です!

【その他休暇】
✧ 有給休暇
✧ 夏季・冬季休暇
✧ GW休暇
✧ 年末年始休暇",東京都千代田区丸の内1-11-1 パシフィックセンチュリープレイス丸の内16F,丸の内インノベーションセンター,"月給:25万円~+交通費全額支給

※経験に応じて決定いたします。

# 昇給あり
# 賞与あり
# 残業代100%支給
# 交通費支給","・社会保険完備
・住宅手当
・家賃補助
・退職金制度
・家族手当・扶養手当
・健康診断
・特別休暇
・資格取得支援制度","\\✧カジュアル面談実施中です✧/

応募に必要なのは人柄のみです!
まずはあなたのご希望を聞かせてください!

✩.。.....................。.✩
■ 応募からの流れ ■
✩.。.....................。.✩

▶STEP1WEBから1分簡単ご応募!
1~3日以内に担当者よりご連絡いたします。

▶ STEP2カジュアル面談(1回のみ)

▶STEP3採用

※入社日のご相談OKです◎
お気軽にご相談ください!",,即日勤務OK、交通費支給、残業なし,2,任意,生年月日、性別、電話番号,ntf-indeedapplicant-aaaatulx77tci2k2pr5yeqapva@shukatsu-labo.slack.com,,,利用しない,,
募集中,株式会社エイジェック,【未経験】検品・梱包作業/株式会社エイジェック/御徒町業務管理センター,倉庫作業スタッフ,20~30代活躍中◎ワークライフバランスも充実！！,,東京都 台東区 上野,,,正社員,はい,月給,250000,,最低額を表示,なし,,,,,,,固定時間制,160,,厚生年金、健康保険、雇用保険、労災保険,,なし,,,,,,,,,,,,,,,,,,"空調が完備された綺麗な物流センター内で、人気ECサイトで販売されているアパレル商品・生活雑貨・コスメなどの「検品・梱包作業」を担当していただきます。
作業内容は非常にシンプルで、「商品を手に取る」「傷がないかチェックする」「箱や袋に詰める」という基本の3ステップが中心です。重いお荷物の持ち運びはほとんどなく、自分のペースでコツコツ・黙々と進められる軽作業です。
未経験からスタートしたスタッフが9割以上活躍中で、1日〜数日で覚えられる簡単な作業ばかりですので、バイトデビューや久しぶりのお仕事復帰の方も安心してスタートしていただけます。

■ 具体的なお仕事の流れ

1. 検品・チェック作業
入荷された商品や出荷前の商品に問題がないか、確認する作業です。

・外観の目視確認： 商品に傷や汚れ、ほつれ、パッケージの凹みなどが無いかを目視で丁寧にチェックします。
・数量・品番の照合： 納品書や手元のハンディ端末に表示されたデータと、目の前にある商品の種類・個数が合致しているか確認します。
・バーコードスキャン： バーコードリーダーを使って商品を「ピッと」読み取る作業です。機械の操作はスマホ感覚で直感的に行えるため、難しい設定や専門知識は一切不要です。

2. 梱包・箱詰め作業
検品が完了した商品を、お客様のもとへ無事にお届けできるよう綺麗に包んで箱に詰める作業です。

・袋詰め・緩衝材包装： 服やタオルなどの布製品を専用の透明袋に入れたり、壊れやすいコスメ・ガラス製品などをプチプチ（緩衝材）で包みます。
・箱詰め・セット作業： 指定のサイズに合わせたダンボール箱を組み立て、商品が途中で動かないよう丁寧に納めます。
・テープ留め・封かん： ダンボールのフタを閉じ、ガムテープでしっかり留めたら梱包完了です。

3. シール貼り・仕分け作業
出荷に向けた最後の仕上げ作業です。

・ラベル貼り： お届け先の伝票シールや、取扱注意シール（「水濡れ厳禁」「割れ物注意」など）を指定の位置へキレイに貼り付けます。
・出荷先ごとの仕分け： 梱包が終わった箱を、配送地域別や配送業者別に分けられた台車やコンテナへ移します。

■ 1日のタイムスケジュール例（日勤の場合）
09:00〜【朝礼・作業スタート】
本日の連絡事項を確認後、各自の作業台へ移動します。担当する作業（検品または梱包）をスタートします。

12:00〜【お昼休憩（60分）】
清潔な休憩室でランチタイム。電子レンジ・冷蔵庫・自動販売機も完備されており、お弁当の持参も自由です。

13:00〜【午後の作業再開】
午前の続きの作業を行います。自分のデスクで黙々と作業に集中できる時間です。

15:00〜【小休憩（15分）】
身体をほぐしたり水分補給をするリフレッシュタイム。集中力を保ちやすい環境が整っています。

15:15〜【出荷準備・最終仕上げ】
本日発送分の最終チェックと、作業スペースの清掃・整理整頓を行います。

18:00〜【作業終了・定時退勤】
残業は基本的にありません。定時になったら「お疲れ様でした！」とスッキリ帰宅できます。

■ 快適な作業環境と働きやすさのポイント
・1年中快適な空調完備： 冷暖房がしっかり効いたクリーンな倉庫なので、夏は涼しく、冬は暖かく快適に作業できます。
・身体に優しい軽作業： 扱う商品は衣類、コスメ、文房具、小型雑貨などがメインです。重量物の持ち上げ作業はありません。
・充実した設備： 個人用の鍵付きロッカーを完備。休憩室は広々としており、ポットや電子レンジ、フリーWi-Fiも自由に使えます。

■ 未経験者でも安心のサポート体制
入社初日は、安全に関する講習と作業の基本ルールについてのオリエンテーションからスタートします。
現場配属後は、専任の先輩スタッフがマンツーマンでついて実際の作業を見せながら丁寧にレクチャーします。

最初は「シールの貼り方」や「ダンボールの組み立て」といった、特に簡単な作業からお任せしますので、一度にたくさんのことを覚える必要はありません。
作業中に分からないことや迷うことがあっても、すぐ近くにリーダーや先輩スタッフが常駐しているため、「これってどうやるんでしたっけ？」といつでも気軽に質問できる安心の環境です。早ければ半日、遅くても2〜3日程度で一人立ちしてスムーズにお仕事を進められるようになります！","✅ 未経験スタート9割以上！簡単なシンプル作業です
「商品を手に取る」「キズがないか見る」「箱に入れる」など、覚えることはたったこれだけ！複雑な機械操作や難しいルールはありません。
先輩スタッフのほとんどが未経験からのスタートです。特別なスキルや経験は一切不要なので、初めてのアルバイトや久しぶりのお仕事復帰の方も安心してください。

✅ 自分のペースで黙々・コツコツ取り組める！
「接客が苦手…」「一人で集中して作業したい」という方にピッタリの環境です。
ノルマなどもなく、ご自身のペースで作業を進められるので、人間関係のストレスを感じることなくのびのびと働けます。

✅ 重い荷物なし！身体への負担が少ない軽作業
扱う商品は、衣服や生活雑貨、コスメなどの比較的軽いものが中心です。
重いダンボールを持ち運んだり、力仕事をお願いすることはほぼありませんので、年齢・性別問わず無理なく長く続けられるお仕事です。

✅ 空調完備のキレイな倉庫で、1年中快適♪
冷暖房がしっかり効いたクリーンな室内での作業です。
「夏は暑くて汗だく…」「冬は寒くて手がかじかむ…」といった心配は無用！季節や天候に関わらず、いつも快適な温度の中で気持ちよく作業に集中できます。

✅ 充実の設備＆働きやすい環境
鍵付きの個人ロッカーを完備しているほか、広々として清潔な休憩室もご用意しています。
休憩室には電子レンジ・冷蔵庫・ポット・自動販売機を完備しており、お弁当を持参してゆっくりくつろぐことも可能です。スタッフが過ごしやすい環境づくりに力を入れています！","例外事由3号のイにより、長期キャリア形成を図るため、
35歳以下を募集しております。","【勤務時間】
★9:00~18:00
└実働8時間/休憩1時間

定時ダッシュも問題ないです✧
✧ 土日祝休み
✧ 残業月平均:6.5時間以内
✧ 残業代100%支給","✧ 完全週休2日制(土日祝休み)
✧ 年間休日125日
「土日休みはマスト!」ってあなたにも
ぴったりの職場です!

【その他休暇】
✧ 有給休暇
✧ 夏季・冬季休暇
✧ GW休暇
✧ 年末年始休暇",東京都台東区上野,御徒町業務管理センター,"月給:25万円~+交通費全額支給

※経験に応じて決定いたします。

# 昇給あり
# 賞与あり
# 残業代100%支給
# 交通費支給","・社会保険完備
・住宅手当
・家賃補助
・退職金制度
・家族手当・扶養手当
・健康診断
・特別休暇
・資格取得支援制度","\\✧カジュアル面談実施中です✧/

応募に必要なのは人柄のみです!
まずはあなたのご希望を聞かせてください!

✩.。.....................。.✩
■ 応募からの流れ ■
✩.。.....................。.✩

▶STEP1WEBから1分簡単ご応募!
1~3日以内に担当者よりご連絡いたします。

▶ STEP2カジュアル面談(1回のみ)

▶STEP3採用

※入社日のご相談OKです◎
お気軽にご相談ください!",,即日勤務OK、交通費支給、残業なし,2,任意,生年月日、性別、電話番号,ntf-indeedapplicant-aaaatulx77tci2k2pr5yeqapva@shukatsu-labo.slack.com,,,利用しない,,
募集中,株式会社エイジェック,【未経験】検品・梱包作業/株式会社エイジェック/新宿西雇用開発センター,倉庫作業スタッフ,20~30代活躍中◎ワークライフバランスも充実！！,,東京都 新宿区 西新宿,,,正社員,はい,月給,250000,,最低額を表示,なし,,,,,,,固定時間制,160,,厚生年金、健康保険、雇用保険、労災保険,,なし,,,,,,,,,,,,,,,,,,"空調が完備された綺麗な物流センター内で、人気ECサイトで販売されているアパレル商品・生活雑貨・コスメなどの「検品・梱包作業」を担当していただきます。
作業内容は非常にシンプルで、「商品を手に取る」「傷がないかチェックする」「箱や袋に詰める」という基本の3ステップが中心です。重いお荷物の持ち運びはほとんどなく、自分のペースでコツコツ・黙々と進められる軽作業です。
未経験からスタートしたスタッフが9割以上活躍中で、1日〜数日で覚えられる簡単な作業ばかりですので、バイトデビューや久しぶりのお仕事復帰の方も安心してスタートしていただけます。

■ 具体的なお仕事の流れ

1. 検品・チェック作業
入荷された商品や出荷前の商品に問題がないか、確認する作業です。

・外観の目視確認： 商品に傷や汚れ、ほつれ、パッケージの凹みなどが無いかを目視で丁寧にチェックします。
・数量・品番の照合： 納品書や手元のハンディ端末に表示されたデータと、目の前にある商品の種類・個数が合致しているか確認します。
・バーコードスキャン： バーコードリーダーを使って商品を「ピッと」読み取る作業です。機械の操作はスマホ感覚で直感的に行えるため、難しい設定や専門知識は一切不要です。

2. 梱包・箱詰め作業
検品が完了した商品を、お客様のもとへ無事にお届けできるよう綺麗に包んで箱に詰める作業です。

・袋詰め・緩衝材包装： 服やタオルなどの布製品を専用の透明袋に入れたり、壊れやすいコスメ・ガラス製品などをプチプチ（緩衝材）で包みます。
・箱詰め・セット作業： 指定のサイズに合わせたダンボール箱を組み立て、商品が途中で動かないよう丁寧に納めます。
・テープ留め・封かん： ダンボールのフタを閉じ、ガムテープでしっかり留めたら梱包完了です。

3. シール貼り・仕分け作業
出荷に向けた最後の仕上げ作業です。

・ラベル貼り： お届け先の伝票シールや、取扱注意シール（「水濡れ厳禁」「割れ物注意」など）を指定の位置へキレイに貼り付けます。
・出荷先ごとの仕分け： 梱包が終わった箱を、配送地域別や配送業者別に分けられた台車やコンテナへ移します。

■ 1日のタイムスケジュール例（日勤の場合）
09:00〜【朝礼・作業スタート】
本日の連絡事項を確認後、各自の作業台へ移動します。担当する作業（検品または梱包）をスタートします。

12:00〜【お昼休憩（60分）】
清潔な休憩室でランチタイム。電子レンジ・冷蔵庫・自動販売機も完備されており、お弁当の持参も自由です。

13:00〜【午後の作業再開】
午前の続きの作業を行います。自分のデスクで黙々と作業に集中できる時間です。

15:00〜【小休憩（15分）】
身体をほぐしたり水分補給をするリフレッシュタイム。集中力を保ちやすい環境が整っています。

15:15〜【出荷準備・最終仕上げ】
本日発送分の最終チェックと、作業スペースの清掃・整理整頓を行います。

18:00〜【作業終了・定時退勤】
残業は基本的にありません。定時になったら「お疲れ様でした！」とスッキリ帰宅できます。

■ 快適な作業環境と働きやすさのポイント
・1年中快適な空調完備： 冷暖房がしっかり効いたクリーンな倉庫なので、夏は涼しく、冬は暖かく快適に作業できます。
・身体に優しい軽作業： 扱う商品は衣類、コスメ、文房具、小型雑貨などがメインです。重量物の持ち上げ作業はありません。
・充実した設備： 個人用の鍵付きロッカーを完備。休憩室は広々としており、ポットや電子レンジ、フリーWi-Fiも自由に使えます。

■ 未経験者でも安心のサポート体制
入社初日は、安全に関する講習と作業の基本ルールについてのオリエンテーションからスタートします。
現場配属後は、専任の先輩スタッフがマンツーマンでついて実際の作業を見せながら丁寧にレクチャーします。

最初は「シールの貼り方」や「ダンボールの組み立て」といった、特に簡単な作業からお任せしますので、一度にたくさんのことを覚える必要はありません。
作業中に分からないことや迷うことがあっても、すぐ近くにリーダーや先輩スタッフが常駐しているため、「これってどうやるんでしたっけ？」といつでも気軽に質問できる安心の環境です。早ければ半日、遅くても2〜3日程度で一人立ちしてスムーズにお仕事を進められるようになります！","✅ 未経験スタート9割以上！簡単なシンプル作業です
「商品を手に取る」「キズがないか見る」「箱に入れる」など、覚えることはたったこれだけ！複雑な機械操作や難しいルールはありません。
先輩スタッフのほとんどが未経験からのスタートです。特別なスキルや経験は一切不要なので、初めてのアルバイトや久しぶりのお仕事復帰の方も安心してください。

✅ 自分のペースで黙々・コツコツ取り組める！
「接客が苦手…」「一人で集中して作業したい」という方にピッタリの環境です。
ノルマなどもなく、ご自身のペースで作業を進められるので、人間関係のストレスを感じることなくのびのびと働けます。

✅ 重い荷物なし！身体への負担が少ない軽作業
扱う商品は、衣服や生活雑貨、コスメなどの比較的軽いものが中心です。
重いダンボールを持ち運んだり、力仕事をお願いすることはほぼありませんので、年齢・性別問わず無理なく長く続けられるお仕事です。

✅ 空調完備のキレイな倉庫で、1年中快適♪
冷暖房がしっかり効いたクリーンな室内での作業です。
「夏は暑くて汗だく…」「冬は寒くて手がかじかむ…」といった心配は無用！季節や天候に関わらず、いつも快適な温度の中で気持ちよく作業に集中できます。

✅ 充実の設備＆働きやすい環境
鍵付きの個人ロッカーを完備しているほか、広々として清潔な休憩室もご用意しています。
休憩室には電子レンジ・冷蔵庫・ポット・自動販売機を完備しており、お弁当を持参してゆっくりくつろぐことも可能です。スタッフが過ごしやすい環境づくりに力を入れています！","例外事由3号のイにより、長期キャリア形成を図るため、
35歳以下を募集しております。","【勤務時間】
★9:00~18:00
└実働8時間/休憩1時間

定時ダッシュも問題ないです✧
✧ 土日祝休み
✧ 残業月平均:6.5時間以内
✧ 残業代100%支給","✧ 完全週休2日制(土日祝休み)
✧ 年間休日125日
「土日休みはマスト!」ってあなたにも
ぴったりの職場です!

【その他休暇】
✧ 有給休暇
✧ 夏季・冬季休暇
✧ GW休暇
✧ 年末年始休暇",東京都新宿区西新宿7-4-4,新宿西雇用開発センター,"月給:25万円~+交通費全額支給

※経験に応じて決定いたします。

# 昇給あり
# 賞与あり
# 残業代100%支給
# 交通費支給","・社会保険完備
・住宅手当
・家賃補助
・退職金制度
・家族手当・扶養手当
・健康診断
・特別休暇
・資格取得支援制度","\\✧カジュアル面談実施中です✧/

応募に必要なのは人柄のみです!
まずはあなたのご希望を聞かせてください!

✩.。.....................。.✩
■ 応募からの流れ ■
✩.。.....................。.✩

▶STEP1WEBから1分簡単ご応募!
1~3日以内に担当者よりご連絡いたします。

▶ STEP2カジュアル面談(1回のみ)

▶STEP3採用

※入社日のご相談OKです◎
お気軽にご相談ください!",,即日勤務OK、交通費支給、残業なし,2,任意,生年月日、性別、電話番号,ntf-indeedapplicant-aaaatulx77tci2k2pr5yeqapva@shukatsu-labo.slack.com,,,利用しない,,
募集中,株式会社エイジェック,【未経験】検品・梱包作業/株式会社エイジェック/本社・新宿雇用開発センター,倉庫作業スタッフ,20~30代活躍中◎ワークライフバランスも充実！！,,東京都 新宿区 西新宿,,,正社員,はい,月給,250000,,最低額を表示,なし,,,,,,,固定時間制,160,,厚生年金、健康保険、雇用保険、労災保険,,なし,,,,,,,,,,,,,,,,,,"空調が完備された綺麗な物流センター内で、人気ECサイトで販売されているアパレル商品・生活雑貨・コスメなどの「検品・梱包作業」を担当していただきます。
作業内容は非常にシンプルで、「商品を手に取る」「傷がないかチェックする」「箱や袋に詰める」という基本の3ステップが中心です。重いお荷物の持ち運びはほとんどなく、自分のペースでコツコツ・黙々と進められる軽作業です。
未経験からスタートしたスタッフが9割以上活躍中で、1日〜数日で覚えられる簡単な作業ばかりですので、バイトデビューや久しぶりのお仕事復帰の方も安心してスタートしていただけます。

■ 具体的なお仕事の流れ

1. 検品・チェック作業
入荷された商品や出荷前の商品に問題がないか、確認する作業です。

・外観の目視確認： 商品に傷や汚れ、ほつれ、パッケージの凹みなどが無いかを目視で丁寧にチェックします。
・数量・品番の照合： 納品書や手元のハンディ端末に表示されたデータと、目の前にある商品の種類・個数が合致しているか確認します。
・バーコードスキャン： バーコードリーダーを使って商品を「ピッと」読み取る作業です。機械の操作はスマホ感覚で直感的に行えるため、難しい設定や専門知識は一切不要です。

2. 梱包・箱詰め作業
検品が完了した商品を、お客様のもとへ無事にお届けできるよう綺麗に包んで箱に詰める作業です。

・袋詰め・緩衝材包装： 服やタオルなどの布製品を専用の透明袋に入れたり、壊れやすいコスメ・ガラス製品などをプチプチ（緩衝材）で包みます。
・箱詰め・セット作業： 指定のサイズに合わせたダンボール箱を組み立て、商品が途中で動かないよう丁寧に納めます。
・テープ留め・封かん： ダンボールのフタを閉じ、ガムテープでしっかり留めたら梱包完了です。

3. シール貼り・仕分け作業
出荷に向けた最後の仕上げ作業です。

・ラベル貼り： お届け先の伝票シールや、取扱注意シール（「水濡れ厳禁」「割れ物注意」など）を指定の位置へキレイに貼り付けます。
・出荷先ごとの仕分け： 梱包が終わった箱を、配送地域別や配送業者別に分けられた台車やコンテナへ移します。

■ 1日のタイムスケジュール例（日勤の場合）
09:00〜【朝礼・作業スタート】
本日の連絡事項を確認後、各自の作業台へ移動します。担当する作業（検品または梱包）をスタートします。

12:00〜【お昼休憩（60分）】
清潔な休憩室でランチタイム。電子レンジ・冷蔵庫・自動販売機も完備されており、お弁当の持参も自由です。

13:00〜【午後の作業再開】
午前の続きの作業を行います。自分のデスクで黙々と作業に集中できる時間です。

15:00〜【小休憩（15分）】
身体をほぐしたり水分補給をするリフレッシュタイム。集中力を保ちやすい環境が整っています。

15:15〜【出荷準備・最終仕上げ】
本日発送分の最終チェックと、作業スペースの清掃・整理整頓を行います。

18:00〜【作業終了・定時退勤】
残業は基本的にありません。定時になったら「お疲れ様でした！」とスッキリ帰宅できます。

■ 快適な作業環境と働きやすさのポイント
・1年中快適な空調完備： 冷暖房がしっかり効いたクリーンな倉庫なので、夏は涼しく、冬は暖かく快適に作業できます。
・身体に優しい軽作業： 扱う商品は衣類、コスメ、文房具、小型雑貨などがメインです。重量物の持ち上げ作業はありません。
・充実した設備： 個人用の鍵付きロッカーを完備。休憩室は広々としており、ポットや電子レンジ、フリーWi-Fiも自由に使えます。

■ 未経験者でも安心のサポート体制
入社初日は、安全に関する講習と作業の基本ルールについてのオリエンテーションからスタートします。
現場配属後は、専任の先輩スタッフがマンツーマンでついて実際の作業を見せながら丁寧にレクチャーします。

最初は「シールの貼り方」や「ダンボールの組み立て」といった、特に簡単な作業からお任せしますので、一度にたくさんのことを覚える必要はありません。
作業中に分からないことや迷うことがあっても、すぐ近くにリーダーや先輩スタッフが常駐しているため、「これってどうやるんでしたっけ？」といつでも気軽に質問できる安心の環境です。早ければ半日、遅くても2〜3日程度で一人立ちしてスムーズにお仕事を進められるようになります！","✅ 未経験スタート9割以上！簡単なシンプル作業です
「商品を手に取る」「キズがないか見る」「箱に入れる」など、覚えることはたったこれだけ！複雑な機械操作や難しいルールはありません。
先輩スタッフのほとんどが未経験からのスタートです。特別なスキルや経験は一切不要なので、初めてのアルバイトや久しぶりのお仕事復帰の方も安心してください。

✅ 自分のペースで黙々・コツコツ取り組める！
「接客が苦手…」「一人で集中して作業したい」という方にピッタリの環境です。
ノルマなどもなく、ご自身のペースで作業を進められるので、人間関係のストレスを感じることなくのびのびと働けます。

✅ 重い荷物なし！身体への負担が少ない軽作業
扱う商品は、衣服や生活雑貨、コスメなどの比較的軽いものが中心です。
重いダンボールを持ち運んだり、力仕事をお願いすることはほぼありませんので、年齢・性別問わず無理なく長く続けられるお仕事です。

✅ 空調完備のキレイな倉庫で、1年中快適♪
冷暖房がしっかり効いたクリーンな室内での作業です。
「夏は暑くて汗だく…」「冬は寒くて手がかじかむ…」といった心配は無用！季節や天候に関わらず、いつも快適な温度の中で気持ちよく作業に集中できます。

✅ 充実の設備＆働きやすい環境
鍵付きの個人ロッカーを完備しているほか、広々として清潔な休憩室もご用意しています。
休憩室には電子レンジ・冷蔵庫・ポット・自動販売機を完備しており、お弁当を持参してゆっくりくつろぐことも可能です。スタッフが過ごしやすい環境づくりに力を入れています！","例外事由3号のイにより、長期キャリア形成を図るため、
35歳以下を募集しております。","【勤務時間】
★9:00~18:00
└実働8時間/休憩1時間

定時ダッシュも問題ないです✧
✧ 土日祝休み
✧ 残業月平均:6.5時間以内
✧ 残業代100%支給","✧ 完全週休2日制(土日祝休み)
✧ 年間休日125日
「土日休みはマスト!」ってあなたにも
ぴったりの職場です!

【その他休暇】
✧ 有給休暇
✧ 夏季・冬季休暇
✧ GW休暇
✧ 年末年始休暇",東京都新宿区西新宿1-25-1 新宿センタービル46F,本社・新宿雇用開発センター,"月給:25万円~+交通費全額支給

※経験に応じて決定いたします。

# 昇給あり
# 賞与あり
# 残業代100%支給
# 交通費支給","・社会保険完備
・住宅手当
・家賃補助
・退職金制度
・家族手当・扶養手当
・健康診断
・特別休暇
・資格取得支援制度","\\✧カジュアル面談実施中です✧/

応募に必要なのは人柄のみです!
まずはあなたのご希望を聞かせてください!

✩.。.....................。.✩
■ 応募からの流れ ■
✩.。.....................。.✩

▶STEP1WEBから1分簡単ご応募!
1~3日以内に担当者よりご連絡いたします。

▶ STEP2カジュアル面談(1回のみ)

▶STEP3採用

※入社日のご相談OKです◎
お気軽にご相談ください!",,即日勤務OK、交通費支給、残業なし,2,任意,生年月日、性別、電話番号,ntf-indeedapplicant-aaaatulx77tci2k2pr5yeqapva@shukatsu-labo.slack.com,,,利用しない,,
募集中,日本マニュファクチャリングサービス株式会社,【未経験】検品・梱包作業/日本マニュファクチャリングサービス株式会社/千代田区,倉庫作業スタッフ,20~30代活躍中◎ワークライフバランスも充実！！,,東京都 千代田区,,,正社員,はい,月給,250000,,最低額を表示,なし,,,,,,,固定時間制,160,,厚生年金、健康保険、雇用保険、労災保険,,なし,,,,,,,,,,,,,,,,,,"空調が完備された綺麗な物流センター内で、人気ECサイトで販売されているアパレル商品・生活雑貨・コスメなどの「検品・梱包作業」を担当していただきます。
作業内容は非常にシンプルで、「商品を手に取る」「傷がないかチェックする」「箱や袋に詰める」という基本の3ステップが中心です。重いお荷物の持ち運びはほとんどなく、自分のペースでコツコツ・黙々と進められる軽作業です。
未経験からスタートしたスタッフが9割以上活躍中で、1日〜数日で覚えられる簡単な作業ばかりですので、バイトデビューや久しぶりのお仕事復帰の方も安心してスタートしていただけます。

■ 具体的なお仕事の流れ

1. 検品・チェック作業
入荷された商品や出荷前の商品に問題がないか、確認する作業です。

・外観の目視確認： 商品に傷や汚れ、ほつれ、パッケージの凹みなどが無いかを目視で丁寧にチェックします。
・数量・品番の照合： 納品書や手元のハンディ端末に表示されたデータと、目の前にある商品の種類・個数が合致しているか確認します。
・バーコードスキャン： バーコードリーダーを使って商品を「ピッと」読み取る作業です。機械の操作はスマホ感覚で直感的に行えるため、難しい設定や専門知識は一切不要です。

2. 梱包・箱詰め作業
検品が完了した商品を、お客様のもとへ無事にお届けできるよう綺麗に包んで箱に詰める作業です。

・袋詰め・緩衝材包装： 服やタオルなどの布製品を専用の透明袋に入れたり、壊れやすいコスメ・ガラス製品などをプチプチ（緩衝材）で包みます。
・箱詰め・セット作業： 指定のサイズに合わせたダンボール箱を組み立て、商品が途中で動かないよう丁寧に納めます。
・テープ留め・封かん： ダンボールのフタを閉じ、ガムテープでしっかり留めたら梱包完了です。

3. シール貼り・仕分け作業
出荷に向けた最後の仕上げ作業です。

・ラベル貼り： お届け先の伝票シールや、取扱注意シール（「水濡れ厳禁」「割れ物注意」など）を指定の位置へキレイに貼り付けます。
・出荷先ごとの仕分け： 梱包が終わった箱を、配送地域別や配送業者別に分けられた台車やコンテナへ移します。

■ 1日のタイムスケジュール例（日勤の場合）
09:00〜【朝礼・作業スタート】
本日の連絡事項を確認後、各自の作業台へ移動します。担当する作業（検品または梱包）をスタートします。

12:00〜【お昼休憩（60分）】
清潔な休憩室でランチタイム。電子レンジ・冷蔵庫・自動販売機も完備されており、お弁当の持参も自由です。

13:00〜【午後の作業再開】
午前の続きの作業を行います。自分のデスクで黙々と作業に集中できる時間です。

15:00〜【小休憩（15分）】
身体をほぐしたり水分補給をするリフレッシュタイム。集中力を保ちやすい環境が整っています。

15:15〜【出荷準備・最終仕上げ】
本日発送分の最終チェックと、作業スペースの清掃・整理整頓を行います。

18:00〜【作業終了・定時退勤】
残業は基本的にありません。定時になったら「お疲れ様でした！」とスッキリ帰宅できます。

■ 快適な作業環境と働きやすさのポイント
・1年中快適な空調完備： 冷暖房がしっかり効いたクリーンな倉庫なので、夏は涼しく、冬は暖かく快適に作業できます。
・身体に優しい軽作業： 扱う商品は衣類、コスメ、文房具、小型雑貨などがメインです。重量物の持ち上げ作業はありません。
・充実した設備： 個人用の鍵付きロッカーを完備。休憩室は広々としており、ポットや電子レンジ、フリーWi-Fiも自由に使えます。

■ 未経験者でも安心のサポート体制
入社初日は、安全に関する講習と作業の基本ルールについてのオリエンテーションからスタートします。
現場配属後は、専任の先輩スタッフがマンツーマンでついて実際の作業を見せながら丁寧にレクチャーします。

最初は「シールの貼り方」や「ダンボールの組み立て」といった、特に簡単な作業からお任せしますので、一度にたくさんのことを覚える必要はありません。
作業中に分からないことや迷うことがあっても、すぐ近くにリーダーや先輩スタッフが常駐しているため、「これってどうやるんでしたっけ？」といつでも気軽に質問できる安心の環境です。早ければ半日、遅くても2〜3日程度で一人立ちしてスムーズにお仕事を進められるようになります！","✅ 未経験スタート9割以上！簡単なシンプル作業です
「商品を手に取る」「キズがないか見る」「箱に入れる」など、覚えることはたったこれだけ！複雑な機械操作や難しいルールはありません。
先輩スタッフのほとんどが未経験からのスタートです。特別なスキルや経験は一切不要なので、初めてのアルバイトや久しぶりのお仕事復帰の方も安心してください。

✅ 自分のペースで黙々・コツコツ取り組める！
「接客が苦手…」「一人で集中して作業したい」という方にピッタリの環境です。
ノルマなどもなく、ご自身のペースで作業を進められるので、人間関係のストレスを感じることなくのびのびと働けます。

✅ 重い荷物なし！身体への負担が少ない軽作業
扱う商品は、衣服や生活雑貨、コスメなどの比較的軽いものが中心です。
重いダンボールを持ち運んだり、力仕事をお願いすることはほぼありませんので、年齢・性別問わず無理なく長く続けられるお仕事です。

✅ 空調完備のキレイな倉庫で、1年中快適♪
冷暖房がしっかり効いたクリーンな室内での作業です。
「夏は暑くて汗だく…」「冬は寒くて手がかじかむ…」といった心配は無用！季節や天候に関わらず、いつも快適な温度の中で気持ちよく作業に集中できます。

✅ 充実の設備＆働きやすい環境
鍵付きの個人ロッカーを完備しているほか、広々として清潔な休憩室もご用意しています。
休憩室には電子レンジ・冷蔵庫・ポット・自動販売機を完備しており、お弁当を持参してゆっくりくつろぐことも可能です。スタッフが過ごしやすい環境づくりに力を入れています！","例外事由3号のイにより、長期キャリア形成を図るため、
35歳以下を募集しております。","【勤務時間】
★9:00~18:00
└実働8時間/休憩1時間

定時ダッシュも問題ないです✧
✧ 土日祝休み
✧ 残業月平均:6.5時間以内
✧ 残業代100%支給","✧ 完全週休2日制(土日祝休み)
✧ 年間休日125日
「土日休みはマスト!」ってあなたにも
ぴったりの職場です!

【その他休暇】
✧ 有給休暇
✧ 夏季・冬季休暇
✧ GW休暇
✧ 年末年始休暇",東京都 千代田区,,"月給:25万円~+交通費全額支給

※経験に応じて決定いたします。

# 昇給あり
# 賞与あり
# 残業代100%支給
# 交通費支給","・社会保険完備
・住宅手当
・家賃補助
・退職金制度
・家族手当・扶養手当
・健康診断
・特別休暇
・資格取得支援制度","\\✧カジュアル面談実施中です✧/

応募に必要なのは人柄のみです!
まずはあなたのご希望を聞かせてください!

✩.。.....................。.✩
■ 応募からの流れ ■
✩.。.....................。.✩

▶STEP1WEBから1分簡単ご応募!
1~3日以内に担当者よりご連絡いたします。

▶ STEP2カジュアル面談(1回のみ)

▶STEP3採用

※入社日のご相談OKです◎
お気軽にご相談ください!",,即日勤務OK、交通費支給、残業なし,2,任意,生年月日、性別、電話番号,ntf-indeedapplicant-aaaatulx77tci2k2pr5yeqapva@shukatsu-labo.slack.com,,,利用しない,,
募集中,日本マニュファクチャリングサービス株式会社,【未経験】検品・梱包作業/日本マニュファクチャリングサービス株式会社/大田区,倉庫作業スタッフ,20~30代活躍中◎ワークライフバランスも充実！！,,東京都 大田区,,,正社員,はい,月給,250000,,最低額を表示,なし,,,,,,,固定時間制,160,,厚生年金、健康保険、雇用保険、労災保険,,なし,,,,,,,,,,,,,,,,,,"空調が完備された綺麗な物流センター内で、人気ECサイトで販売されているアパレル商品・生活雑貨・コスメなどの「検品・梱包作業」を担当していただきます。
作業内容は非常にシンプルで、「商品を手に取る」「傷がないかチェックする」「箱や袋に詰める」という基本の3ステップが中心です。重いお荷物の持ち運びはほとんどなく、自分のペースでコツコツ・黙々と進められる軽作業です。
未経験からスタートしたスタッフが9割以上活躍中で、1日〜数日で覚えられる簡単な作業ばかりですので、バイトデビューや久しぶりのお仕事復帰の方も安心してスタートしていただけます。

■ 具体的なお仕事の流れ

1. 検品・チェック作業
入荷された商品や出荷前の商品に問題がないか、確認する作業です。

・外観の目視確認： 商品に傷や汚れ、ほつれ、パッケージの凹みなどが無いかを目視で丁寧にチェックします。
・数量・品番の照合： 納品書や手元のハンディ端末に表示されたデータと、目の前にある商品の種類・個数が合致しているか確認します。
・バーコードスキャン： バーコードリーダーを使って商品を「ピッと」読み取る作業です。機械の操作はスマホ感覚で直感的に行えるため、難しい設定や専門知識は一切不要です。

2. 梱包・箱詰め作業
検品が完了した商品を、お客様のもとへ無事にお届けできるよう綺麗に包んで箱に詰める作業です。

・袋詰め・緩衝材包装： 服やタオルなどの布製品を専用の透明袋に入れたり、壊れやすいコスメ・ガラス製品などをプチプチ（緩衝材）で包みます。
・箱詰め・セット作業： 指定のサイズに合わせたダンボール箱を組み立て、商品が途中で動かないよう丁寧に納めます。
・テープ留め・封かん： ダンボールのフタを閉じ、ガムテープでしっかり留めたら梱包完了です。

3. シール貼り・仕分け作業
出荷に向けた最後の仕上げ作業です。

・ラベル貼り： お届け先の伝票シールや、取扱注意シール（「水濡れ厳禁」「割れ物注意」など）を指定の位置へキレイに貼り付けます。
・出荷先ごとの仕分け： 梱包が終わった箱を、配送地域別や配送業者別に分けられた台車やコンテナへ移します。

■ 1日のタイムスケジュール例（日勤の場合）
09:00〜【朝礼・作業スタート】
本日の連絡事項を確認後、各自の作業台へ移動します。担当する作業（検品または梱包）をスタートします。

12:00〜【お昼休憩（60分）】
清潔な休憩室でランチタイム。電子レンジ・冷蔵庫・自動販売機も完備されており、お弁当の持参も自由です。

13:00〜【午後の作業再開】
午前の続きの作業を行います。自分のデスクで黙々と作業に集中できる時間です。

15:00〜【小休憩（15分）】
身体をほぐしたり水分補給をするリフレッシュタイム。集中力を保ちやすい環境が整っています。

15:15〜【出荷準備・最終仕上げ】
本日発送分の最終チェックと、作業スペースの清掃・整理整頓を行います。

18:00〜【作業終了・定時退勤】
残業は基本的にありません。定時になったら「お疲れ様でした！」とスッキリ帰宅できます。

■ 快適な作業環境と働きやすさのポイント
・1年中快適な空調完備： 冷暖房がしっかり効いたクリーンな倉庫なので、夏は涼しく、冬は暖かく快適に作業できます。
・身体に優しい軽作業： 扱う商品は衣類、コスメ、文房具、小型雑貨などがメインです。重量物の持ち上げ作業はありません。
・充実した設備： 個人用の鍵付きロッカーを完備。休憩室は広々としており、ポットや電子レンジ、フリーWi-Fiも自由に使えます。

■ 未経験者でも安心のサポート体制
入社初日は、安全に関する講習と作業の基本ルールについてのオリエンテーションからスタートします。
現場配属後は、専任の先輩スタッフがマンツーマンでついて実際の作業を見せながら丁寧にレクチャーします。

最初は「シールの貼り方」や「ダンボールの組み立て」といった、特に簡単な作業からお任せしますので、一度にたくさんのことを覚える必要はありません。
作業中に分からないことや迷うことがあっても、すぐ近くにリーダーや先輩スタッフが常駐しているため、「これってどうやるんでしたっけ？」といつでも気軽に質問できる安心の環境です。早ければ半日、遅くても2〜3日程度で一人立ちしてスムーズにお仕事を進められるようになります！","✅ 未経験スタート9割以上！簡単なシンプル作業です
「商品を手に取る」「キズがないか見る」「箱に入れる」など、覚えることはたったこれだけ！複雑な機械操作や難しいルールはありません。
先輩スタッフのほとんどが未経験からのスタートです。特別なスキルや経験は一切不要なので、初めてのアルバイトや久しぶりのお仕事復帰の方も安心してください。

✅ 自分のペースで黙々・コツコツ取り組める！
「接客が苦手…」「一人で集中して作業したい」という方にピッタリの環境です。
ノルマなどもなく、ご自身のペースで作業を進められるので、人間関係のストレスを感じることなくのびのびと働けます。

✅ 重い荷物なし！身体への負担が少ない軽作業
扱う商品は、衣服や生活雑貨、コスメなどの比較的軽いものが中心です。
重いダンボールを持ち運んだり、力仕事をお願いすることはほぼありませんので、年齢・性別問わず無理なく長く続けられるお仕事です。

✅ 空調完備のキレイな倉庫で、1年中快適♪
冷暖房がしっかり効いたクリーンな室内での作業です。
「夏は暑くて汗だく…」「冬は寒くて手がかじかむ…」といった心配は無用！季節や天候に関わらず、いつも快適な温度の中で気持ちよく作業に集中できます。

✅ 充実の設備＆働きやすい環境
鍵付きの個人ロッカーを完備しているほか、広々として清潔な休憩室もご用意しています。
休憩室には電子レンジ・冷蔵庫・ポット・自動販売機を完備しており、お弁当を持参してゆっくりくつろぐことも可能です。スタッフが過ごしやすい環境づくりに力を入れています！","例外事由3号のイにより、長期キャリア形成を図るため、
35歳以下を募集しております。","【勤務時間】
★9:00~18:00
└実働8時間/休憩1時間

定時ダッシュも問題ないです✧
✧ 土日祝休み
✧ 残業月平均:6.5時間以内
✧ 残業代100%支給","✧ 完全週休2日制(土日祝休み)
✧ 年間休日125日
「土日休みはマスト!」ってあなたにも
ぴったりの職場です!

【その他休暇】
✧ 有給休暇
✧ 夏季・冬季休暇
✧ GW休暇
✧ 年末年始休暇",東京都 大田区,,"月給:25万円~+交通費全額支給

※経験に応じて決定いたします。

# 昇給あり
# 賞与あり
# 残業代100%支給
# 交通費支給","・社会保険完備
・住宅手当
・家賃補助
・退職金制度
・家族手当・扶養手当
・健康診断
・特別休暇
・資格取得支援制度","\\✧カジュアル面談実施中です✧/

応募に必要なのは人柄のみです!
まずはあなたのご希望を聞かせてください!

✩.。.....................。.✩
■ 応募からの流れ ■
✩.。.....................。.✩

▶STEP1WEBから1分簡単ご応募!
1~3日以内に担当者よりご連絡いたします。

▶ STEP2カジュアル面談(1回のみ)

▶STEP3採用

※入社日のご相談OKです◎
お気軽にご相談ください!",,即日勤務OK、交通費支給、残業なし,2,任意,生年月日、性別、電話番号,ntf-indeedapplicant-aaaatulx77tci2k2pr5yeqapva@shukatsu-labo.slack.com,,,利用しない,,
募集中,日本マニュファクチャリングサービス株式会社,【未経験】検品・梱包作業/日本マニュファクチャリングサービス株式会社/八王子市,倉庫作業スタッフ,20~30代活躍中◎ワークライフバランスも充実！！,,東京都 八王子市,,,正社員,はい,月給,250000,,最低額を表示,なし,,,,,,,固定時間制,160,,厚生年金、健康保険、雇用保険、労災保険,,なし,,,,,,,,,,,,,,,,,,"空調が完備された綺麗な物流センター内で、人気ECサイトで販売されているアパレル商品・生活雑貨・コスメなどの「検品・梱包作業」を担当していただきます。
作業内容は非常にシンプルで、「商品を手に取る」「傷がないかチェックする」「箱や袋に詰める」という基本の3ステップが中心です。重いお荷物の持ち運びはほとんどなく、自分のペースでコツコツ・黙々と進められる軽作業です。
未経験からスタートしたスタッフが9割以上活躍中で、1日〜数日で覚えられる簡単な作業ばかりですので、バイトデビューや久しぶりのお仕事復帰の方も安心してスタートしていただけます。

■ 具体的なお仕事の流れ

1. 検品・チェック作業
入荷された商品や出荷前の商品に問題がないか、確認する作業です。

・外観の目視確認： 商品に傷や汚れ、ほつれ、パッケージの凹みなどが無いかを目視で丁寧にチェックします。
・数量・品番の照合： 納品書や手元のハンディ端末に表示されたデータと、目の前にある商品の種類・個数が合致しているか確認します。
・バーコードスキャン： バーコードリーダーを使って商品を「ピッと」読み取る作業です。機械の操作はスマホ感覚で直感的に行えるため、難しい設定や専門知識は一切不要です。

2. 梱包・箱詰め作業
検品が完了した商品を、お客様のもとへ無事にお届けできるよう綺麗に包んで箱に詰める作業です。

・袋詰め・緩衝材包装： 服やタオルなどの布製品を専用の透明袋に入れたり、壊れやすいコスメ・ガラス製品などをプチプチ（緩衝材）で包みます。
・箱詰め・セット作業： 指定のサイズに合わせたダンボール箱を組み立て、商品が途中で動かないよう丁寧に納めます。
・テープ留め・封かん： ダンボールのフタを閉じ、ガムテープでしっかり留めたら梱包完了です。

3. シール貼り・仕分け作業
出荷に向けた最後の仕上げ作業です。

・ラベル貼り： お届け先の伝票シールや、取扱注意シール（「水濡れ厳禁」「割れ物注意」など）を指定の位置へキレイに貼り付けます。
・出荷先ごとの仕分け： 梱包が終わった箱を、配送地域別や配送業者別に分けられた台車やコンテナへ移します。

■ 1日のタイムスケジュール例（日勤の場合）
09:00〜【朝礼・作業スタート】
本日の連絡事項を確認後、各自の作業台へ移動します。担当する作業（検品または梱包）をスタートします。

12:00〜【お昼休憩（60分）】
清潔な休憩室でランチタイム。電子レンジ・冷蔵庫・自動販売機も完備されており、お弁当の持参も自由です。

13:00〜【午後の作業再開】
午前の続きの作業を行います。自分のデスクで黙々と作業に集中できる時間です。

15:00〜【小休憩（15分）】
身体をほぐしたり水分補給をするリフレッシュタイム。集中力を保ちやすい環境が整っています。

15:15〜【出荷準備・最終仕上げ】
本日発送分の最終チェックと、作業スペースの清掃・整理整頓を行います。

18:00〜【作業終了・定時退勤】
残業は基本的にありません。定時になったら「お疲れ様でした！」とスッキリ帰宅できます。

■ 快適な作業環境と働きやすさのポイント
・1年中快適な空調完備： 冷暖房がしっかり効いたクリーンな倉庫なので、夏は涼しく、冬は暖かく快適に作業できます。
・身体に優しい軽作業： 扱う商品は衣類、コスメ、文房具、小型雑貨などがメインです。重量物の持ち上げ作業はありません。
・充実した設備： 個人用の鍵付きロッカーを完備。休憩室は広々としており、ポットや電子レンジ、フリーWi-Fiも自由に使えます。

■ 未経験者でも安心のサポート体制
入社初日は、安全に関する講習と作業の基本ルールについてのオリエンテーションからスタートします。
現場配属後は、専任の先輩スタッフがマンツーマンでついて実際の作業を見せながら丁寧にレクチャーします。

最初は「シールの貼り方」や「ダンボールの組み立て」といった、特に簡単な作業からお任せしますので、一度にたくさんのことを覚える必要はありません。
作業中に分からないことや迷うことがあっても、すぐ近くにリーダーや先輩スタッフが常駐しているため、「これってどうやるんでしたっけ？」といつでも気軽に質問できる安心の環境です。早ければ半日、遅くても2〜3日程度で一人立ちしてスムーズにお仕事を進められるようになります！","✅ 未経験スタート9割以上！簡単なシンプル作業です
「商品を手に取る」「キズがないか見る」「箱に入れる」など、覚えることはたったこれだけ！複雑な機械操作や難しいルールはありません。
先輩スタッフのほとんどが未経験からのスタートです。特別なスキルや経験は一切不要なので、初めてのアルバイトや久しぶりのお仕事復帰の方も安心してください。

✅ 自分のペースで黙々・コツコツ取り組める！
「接客が苦手…」「一人で集中して作業したい」という方にピッタリの環境です。
ノルマなどもなく、ご自身のペースで作業を進められるので、人間関係のストレスを感じることなくのびのびと働けます。

✅ 重い荷物なし！身体への負担が少ない軽作業
扱う商品は、衣服や生活雑貨、コスメなどの比較的軽いものが中心です。
重いダンボールを持ち運んだり、力仕事をお願いすることはほぼありませんので、年齢・性別問わず無理なく長く続けられるお仕事です。

✅ 空調完備のキレイな倉庫で、1年中快適♪
冷暖房がしっかり効いたクリーンな室内での作業です。
「夏は暑くて汗だく…」「冬は寒くて手がかじかむ…」といった心配は無用！季節や天候に関わらず、いつも快適な温度の中で気持ちよく作業に集中できます。

✅ 充実の設備＆働きやすい環境
鍵付きの個人ロッカーを完備しているほか、広々として清潔な休憩室もご用意しています。
休憩室には電子レンジ・冷蔵庫・ポット・自動販売機を完備しており、お弁当を持参してゆっくりくつろぐことも可能です。スタッフが過ごしやすい環境づくりに力を入れています！","例外事由3号のイにより、長期キャリア形成を図るため、
35歳以下を募集しております。","【勤務時間】
★9:00~18:00
└実働8時間/休憩1時間

定時ダッシュも問題ないです✧
✧ 土日祝休み
✧ 残業月平均:6.5時間以内
✧ 残業代100%支給","✧ 完全週休2日制(土日祝休み)
✧ 年間休日125日
「土日休みはマスト!」ってあなたにも
ぴったりの職場です!

【その他休暇】
✧ 有給休暇
✧ 夏季・冬季休暇
✧ GW休暇
✧ 年末年始休暇",東京都 八王子市,,"月給:25万円~+交通費全額支給

※経験に応じて決定いたします。

# 昇給あり
# 賞与あり
# 残業代100%支給
# 交通費支給","・社会保険完備
・住宅手当
・家賃補助
・退職金制度
・家族手当・扶養手当
・健康診断
・特別休暇
・資格取得支援制度","\\✧カジュアル面談実施中です✧/

応募に必要なのは人柄のみです!
まずはあなたのご希望を聞かせてください!

✩.。.....................。.✩
■ 応募からの流れ ■
✩.。.....................。.✩

▶STEP1WEBから1分簡単ご応募!
1~3日以内に担当者よりご連絡いたします。

▶ STEP2カジュアル面談(1回のみ)

▶STEP3採用

※入社日のご相談OKです◎
お気軽にご相談ください!",,即日勤務OK、交通費支給、残業なし,2,任意,生年月日、性別、電話番号,ntf-indeedapplicant-aaaatulx77tci2k2pr5yeqapva@shukatsu-labo.slack.com,,,利用しない,,
募集中,日本マニュファクチャリングサービス株式会社,【未経験】検品・梱包作業/日本マニュファクチャリングサービス株式会社/昭島市,倉庫作業スタッフ,20~30代活躍中◎ワークライフバランスも充実！！,,東京都 昭島市,,,正社員,はい,月給,250000,,最低額を表示,なし,,,,,,,固定時間制,160,,厚生年金、健康保険、雇用保険、労災保険,,なし,,,,,,,,,,,,,,,,,,"空調が完備された綺麗な物流センター内で、人気ECサイトで販売されているアパレル商品・生活雑貨・コスメなどの「検品・梱包作業」を担当していただきます。
作業内容は非常にシンプルで、「商品を手に取る」「傷がないかチェックする」「箱や袋に詰める」という基本の3ステップが中心です。重いお荷物の持ち運びはほとんどなく、自分のペースでコツコツ・黙々と進められる軽作業です。
未経験からスタートしたスタッフが9割以上活躍中で、1日〜数日で覚えられる簡単な作業ばかりですので、バイトデビューや久しぶりのお仕事復帰の方も安心してスタートしていただけます。

■ 具体的なお仕事の流れ

1. 検品・チェック作業
入荷された商品や出荷前の商品に問題がないか、確認する作業です。

・外観の目視確認： 商品に傷や汚れ、ほつれ、パッケージの凹みなどが無いかを目視で丁寧にチェックします。
・数量・品番の照合： 納品書や手元のハンディ端末に表示されたデータと、目の前にある商品の種類・個数が合致しているか確認します。
・バーコードスキャン： バーコードリーダーを使って商品を「ピッと」読み取る作業です。機械の操作はスマホ感覚で直感的に行えるため、難しい設定や専門知識は一切不要です。

2. 梱包・箱詰め作業
検品が完了した商品を、お客様のもとへ無事にお届けできるよう綺麗に包んで箱に詰める作業です。

・袋詰め・緩衝材包装： 服やタオルなどの布製品を専用の透明袋に入れたり、壊れやすいコスメ・ガラス製品などをプチプチ（緩衝材）で包みます。
・箱詰め・セット作業： 指定のサイズに合わせたダンボール箱を組み立て、商品が途中で動かないよう丁寧に納めます。
・テープ留め・封かん： ダンボールのフタを閉じ、ガムテープでしっかり留めたら梱包完了です。

3. シール貼り・仕分け作業
出荷に向けた最後の仕上げ作業です。

・ラベル貼り： お届け先の伝票シールや、取扱注意シール（「水濡れ厳禁」「割れ物注意」など）を指定の位置へキレイに貼り付けます。
・出荷先ごとの仕分け： 梱包が終わった箱を、配送地域別や配送業者別に分けられた台車やコンテナへ移します。

■ 1日のタイムスケジュール例（日勤の場合）
09:00〜【朝礼・作業スタート】
本日の連絡事項を確認後、各自の作業台へ移動します。担当する作業（検品または梱包）をスタートします。

12:00〜【お昼休憩（60分）】
清潔な休憩室でランチタイム。電子レンジ・冷蔵庫・自動販売機も完備されており、お弁当の持参も自由です。

13:00〜【午後の作業再開】
午前の続きの作業を行います。自分のデスクで黙々と作業に集中できる時間です。

15:00〜【小休憩（15分）】
身体をほぐしたり水分補給をするリフレッシュタイム。集中力を保ちやすい環境が整っています。

15:15〜【出荷準備・最終仕上げ】
本日発送分の最終チェックと、作業スペースの清掃・整理整頓を行います。

18:00〜【作業終了・定時退勤】
残業は基本的にありません。定時になったら「お疲れ様でした！」とスッキリ帰宅できます。

■ 快適な作業環境と働きやすさのポイント
・1年中快適な空調完備： 冷暖房がしっかり効いたクリーンな倉庫なので、夏は涼しく、冬は暖かく快適に作業できます。
・身体に優しい軽作業： 扱う商品は衣類、コスメ、文房具、小型雑貨などがメインです。重量物の持ち上げ作業はありません。
・充実した設備： 個人用の鍵付きロッカーを完備。休憩室は広々としており、ポットや電子レンジ、フリーWi-Fiも自由に使えます。

■ 未経験者でも安心のサポート体制
入社初日は、安全に関する講習と作業の基本ルールについてのオリエンテーションからスタートします。
現場配属後は、専任の先輩スタッフがマンツーマンでついて実際の作業を見せながら丁寧にレクチャーします。

最初は「シールの貼り方」や「ダンボールの組み立て」といった、特に簡単な作業からお任せしますので、一度にたくさんのことを覚える必要はありません。
作業中に分からないことや迷うことがあっても、すぐ近くにリーダーや先輩スタッフが常駐しているため、「これってどうやるんでしたっけ？」といつでも気軽に質問できる安心の環境です。早ければ半日、遅くても2〜3日程度で一人立ちしてスムーズにお仕事を進められるようになります！","✅ 未経験スタート9割以上！簡単なシンプル作業です
「商品を手に取る」「キズがないか見る」「箱に入れる」など、覚えることはたったこれだけ！複雑な機械操作や難しいルールはありません。
先輩スタッフのほとんどが未経験からのスタートです。特別なスキルや経験は一切不要なので、初めてのアルバイトや久しぶりのお仕事復帰の方も安心してください。

✅ 自分のペースで黙々・コツコツ取り組める！
「接客が苦手…」「一人で集中して作業したい」という方にピッタリの環境です。
ノルマなどもなく、ご自身のペースで作業を進められるので、人間関係のストレスを感じることなくのびのびと働けます。

✅ 重い荷物なし！身体への負担が少ない軽作業
扱う商品は、衣服や生活雑貨、コスメなどの比較的軽いものが中心です。
重いダンボールを持ち運んだり、力仕事をお願いすることはほぼありませんので、年齢・性別問わず無理なく長く続けられるお仕事です。

✅ 空調完備のキレイな倉庫で、1年中快適♪
冷暖房がしっかり効いたクリーンな室内での作業です。
「夏は暑くて汗だく…」「冬は寒くて手がかじかむ…」といった心配は無用！季節や天候に関わらず、いつも快適な温度の中で気持ちよく作業に集中できます。

✅ 充実の設備＆働きやすい環境
鍵付きの個人ロッカーを完備しているほか、広々として清潔な休憩室もご用意しています。
休憩室には電子レンジ・冷蔵庫・ポット・自動販売機を完備しており、お弁当を持参してゆっくりくつろぐことも可能です。スタッフが過ごしやすい環境づくりに力を入れています！","例外事由3号のイにより、長期キャリア形成を図るため、
35歳以下を募集しております。","【勤務時間】
★9:00~18:00
└実働8時間/休憩1時間

定時ダッシュも問題ないです✧
✧ 土日祝休み
✧ 残業月平均:6.5時間以内
✧ 残業代100%支給","✧ 完全週休2日制(土日祝休み)
✧ 年間休日125日
「土日休みはマスト!」ってあなたにも
ぴったりの職場です!

【その他休暇】
✧ 有給休暇
✧ 夏季・冬季休暇
✧ GW休暇
✧ 年末年始休暇",東京都 昭島市,,"月給:25万円~+交通費全額支給

※経験に応じて決定いたします。

# 昇給あり
# 賞与あり
# 残業代100%支給
# 交通費支給","・社会保険完備
・住宅手当
・家賃補助
・退職金制度
・家族手当・扶養手当
・健康診断
・特別休暇
・資格取得支援制度","\\✧カジュアル面談実施中です✧/

応募に必要なのは人柄のみです!
まずはあなたのご希望を聞かせてください!

✩.。.....................。.✩
■ 応募からの流れ ■
✩.。.....................。.✩

▶STEP1WEBから1分簡単ご応募!
1~3日以内に担当者よりご連絡いたします。

▶ STEP2カジュアル面談(1回のみ)

▶STEP3採用

※入社日のご相談OKです◎
お気軽にご相談ください!",,即日勤務OK、交通費支給、残業なし,2,任意,生年月日、性別、電話番号,ntf-indeedapplicant-aaaatulx77tci2k2pr5yeqapva@shukatsu-labo.slack.com,,,利用しない,,
募集中,日本マニュファクチャリングサービス株式会社,【未経験】検品・梱包作業/日本マニュファクチャリングサービス株式会社/日野市,倉庫作業スタッフ,20~30代活躍中◎ワークライフバランスも充実！！,,東京都 日野市,,,正社員,はい,月給,250000,,最低額を表示,なし,,,,,,,固定時間制,160,,厚生年金、健康保険、雇用保険、労災保険,,なし,,,,,,,,,,,,,,,,,,"空調が完備された綺麗な物流センター内で、人気ECサイトで販売されているアパレル商品・生活雑貨・コスメなどの「検品・梱包作業」を担当していただきます。
作業内容は非常にシンプルで、「商品を手に取る」「傷がないかチェックする」「箱や袋に詰める」という基本の3ステップが中心です。重いお荷物の持ち運びはほとんどなく、自分のペースでコツコツ・黙々と進められる軽作業です。
未経験からスタートしたスタッフが9割以上活躍中で、1日〜数日で覚えられる簡単な作業ばかりですので、バイトデビューや久しぶりのお仕事復帰の方も安心してスタートしていただけます。

■ 具体的なお仕事の流れ

1. 検品・チェック作業
入荷された商品や出荷前の商品に問題がないか、確認する作業です。

・外観の目視確認： 商品に傷や汚れ、ほつれ、パッケージの凹みなどが無いかを目視で丁寧にチェックします。
・数量・品番の照合： 納品書や手元のハンディ端末に表示されたデータと、目の前にある商品の種類・個数が合致しているか確認します。
・バーコードスキャン： バーコードリーダーを使って商品を「ピッと」読み取る作業です。機械の操作はスマホ感覚で直感的に行えるため、難しい設定や専門知識は一切不要です。

2. 梱包・箱詰め作業
検品が完了した商品を、お客様のもとへ無事にお届けできるよう綺麗に包んで箱に詰める作業です。

・袋詰め・緩衝材包装： 服やタオルなどの布製品を専用の透明袋に入れたり、壊れやすいコスメ・ガラス製品などをプチプチ（緩衝材）で包みます。
・箱詰め・セット作業： 指定のサイズに合わせたダンボール箱を組み立て、商品が途中で動かないよう丁寧に納めます。
・テープ留め・封かん： ダンボールのフタを閉じ、ガムテープでしっかり留めたら梱包完了です。

3. シール貼り・仕分け作業
出荷に向けた最後の仕上げ作業です。

・ラベル貼り： お届け先の伝票シールや、取扱注意シール（「水濡れ厳禁」「割れ物注意」など）を指定の位置へキレイに貼り付けます。
・出荷先ごとの仕分け： 梱包が終わった箱を、配送地域別や配送業者別に分けられた台車やコンテナへ移します。

■ 1日のタイムスケジュール例（日勤の場合）
09:00〜【朝礼・作業スタート】
本日の連絡事項を確認後、各自の作業台へ移動します。担当する作業（検品または梱包）をスタートします。

12:00〜【お昼休憩（60分）】
清潔な休憩室でランチタイム。電子レンジ・冷蔵庫・自動販売機も完備されており、お弁当の持参も自由です。

13:00〜【午後の作業再開】
午前の続きの作業を行います。自分のデスクで黙々と作業に集中できる時間です。

15:00〜【小休憩（15分）】
身体をほぐしたり水分補給をするリフレッシュタイム。集中力を保ちやすい環境が整っています。

15:15〜【出荷準備・最終仕上げ】
本日発送分の最終チェックと、作業スペースの清掃・整理整頓を行います。

18:00〜【作業終了・定時退勤】
残業は基本的にありません。定時になったら「お疲れ様でした！」とスッキリ帰宅できます。

■ 快適な作業環境と働きやすさのポイント
・1年中快適な空調完備： 冷暖房がしっかり効いたクリーンな倉庫なので、夏は涼しく、冬は暖かく快適に作業できます。
・身体に優しい軽作業： 扱う商品は衣類、コスメ、文房具、小型雑貨などがメインです。重量物の持ち上げ作業はありません。
・充実した設備： 個人用の鍵付きロッカーを完備。休憩室は広々としており、ポットや電子レンジ、フリーWi-Fiも自由に使えます。

■ 未経験者でも安心のサポート体制
入社初日は、安全に関する講習と作業の基本ルールについてのオリエンテーションからスタートします。
現場配属後は、専任の先輩スタッフがマンツーマンでついて実際の作業を見せながら丁寧にレクチャーします。

最初は「シールの貼り方」や「ダンボールの組み立て」といった、特に簡単な作業からお任せしますので、一度にたくさんのことを覚える必要はありません。
作業中に分からないことや迷うことがあっても、すぐ近くにリーダーや先輩スタッフが常駐しているため、「これってどうやるんでしたっけ？」といつでも気軽に質問できる安心の環境です。早ければ半日、遅くても2〜3日程度で一人立ちしてスムーズにお仕事を進められるようになります！","✅ 未経験スタート9割以上！簡単なシンプル作業です
「商品を手に取る」「キズがないか見る」「箱に入れる」など、覚えることはたったこれだけ！複雑な機械操作や難しいルールはありません。
先輩スタッフのほとんどが未経験からのスタートです。特別なスキルや経験は一切不要なので、初めてのアルバイトや久しぶりのお仕事復帰の方も安心してください。

✅ 自分のペースで黙々・コツコツ取り組める！
「接客が苦手…」「一人で集中して作業したい」という方にピッタリの環境です。
ノルマなどもなく、ご自身のペースで作業を進められるので、人間関係のストレスを感じることなくのびのびと働けます。

✅ 重い荷物なし！身体への負担が少ない軽作業
扱う商品は、衣服や生活雑貨、コスメなどの比較的軽いものが中心です。
重いダンボールを持ち運んだり、力仕事をお願いすることはほぼありませんので、年齢・性別問わず無理なく長く続けられるお仕事です。

✅ 空調完備のキレイな倉庫で、1年中快適♪
冷暖房がしっかり効いたクリーンな室内での作業です。
「夏は暑くて汗だく…」「冬は寒くて手がかじかむ…」といった心配は無用！季節や天候に関わらず、いつも快適な温度の中で気持ちよく作業に集中できます。

✅ 充実の設備＆働きやすい環境
鍵付きの個人ロッカーを完備しているほか、広々として清潔な休憩室もご用意しています。
休憩室には電子レンジ・冷蔵庫・ポット・自動販売機を完備しており、お弁当を持参してゆっくりくつろぐことも可能です。スタッフが過ごしやすい環境づくりに力を入れています！","例外事由3号のイにより、長期キャリア形成を図るため、
35歳以下を募集しております。","【勤務時間】
★9:00~18:00
└実働8時間/休憩1時間

定時ダッシュも問題ないです✧
✧ 土日祝休み
✧ 残業月平均:6.5時間以内
✧ 残業代100%支給","✧ 完全週休2日制(土日祝休み)
✧ 年間休日125日
「土日休みはマスト!」ってあなたにも
ぴったりの職場です!

【その他休暇】
✧ 有給休暇
✧ 夏季・冬季休暇
✧ GW休暇
✧ 年末年始休暇",東京都 日野市,,"月給:25万円~+交通費全額支給

※経験に応じて決定いたします。

# 昇給あり
# 賞与あり
# 残業代100%支給
# 交通費支給","・社会保険完備
・住宅手当
・家賃補助
・退職金制度
・家族手当・扶養手当
・健康診断
・特別休暇
・資格取得支援制度","\\✧カジュアル面談実施中です✧/

応募に必要なのは人柄のみです!
まずはあなたのご希望を聞かせてください!

✩.。.....................。.✩
■ 応募からの流れ ■
✩.。.....................。.✩

▶STEP1WEBから1分簡単ご応募!
1~3日以内に担当者よりご連絡いたします。

▶ STEP2カジュアル面談(1回のみ)

▶STEP3採用

※入社日のご相談OKです◎
お気軽にご相談ください!",,即日勤務OK、交通費支給、残業なし,2,任意,生年月日、性別、電話番号,ntf-indeedapplicant-aaaatulx77tci2k2pr5yeqapva@shukatsu-labo.slack.com,,,利用しない,,
募集中,日本マニュファクチャリングサービス株式会社,【未経験】検品・梱包作業/日本マニュファクチャリングサービス株式会社/羽村市,倉庫作業スタッフ,20~30代活躍中◎ワークライフバランスも充実！！,,東京都 羽村市,,,正社員,はい,月給,250000,,最低額を表示,なし,,,,,,,固定時間制,160,,厚生年金、健康保険、雇用保険、労災保険,,なし,,,,,,,,,,,,,,,,,,"空調が完備された綺麗な物流センター内で、人気ECサイトで販売されているアパレル商品・生活雑貨・コスメなどの「検品・梱包作業」を担当していただきます。
作業内容は非常にシンプルで、「商品を手に取る」「傷がないかチェックする」「箱や袋に詰める」という基本の3ステップが中心です。重いお荷物の持ち運びはほとんどなく、自分のペースでコツコツ・黙々と進められる軽作業です。
未経験からスタートしたスタッフが9割以上活躍中で、1日〜数日で覚えられる簡単な作業ばかりですので、バイトデビューや久しぶりのお仕事復帰の方も安心してスタートしていただけます。

■ 具体的なお仕事の流れ

1. 検品・チェック作業
入荷された商品や出荷前の商品に問題がないか、確認する作業です。

・外観の目視確認： 商品に傷や汚れ、ほつれ、パッケージの凹みなどが無いかを目視で丁寧にチェックします。
・数量・品番の照合： 納品書や手元のハンディ端末に表示されたデータと、目の前にある商品の種類・個数が合致しているか確認します。
・バーコードスキャン： バーコードリーダーを使って商品を「ピッと」読み取る作業です。機械の操作はスマホ感覚で直感的に行えるため、難しい設定や専門知識は一切不要です。

2. 梱包・箱詰め作業
検品が完了した商品を、お客様のもとへ無事にお届けできるよう綺麗に包んで箱に詰める作業です。

・袋詰め・緩衝材包装： 服やタオルなどの布製品を専用の透明袋に入れたり、壊れやすいコスメ・ガラス製品などをプチプチ（緩衝材）で包みます。
・箱詰め・セット作業： 指定のサイズに合わせたダンボール箱を組み立て、商品が途中で動かないよう丁寧に納めます。
・テープ留め・封かん： ダンボールのフタを閉じ、ガムテープでしっかり留めたら梱包完了です。

3. シール貼り・仕分け作業
出荷に向けた最後の仕上げ作業です。

・ラベル貼り： お届け先の伝票シールや、取扱注意シール（「水濡れ厳禁」「割れ物注意」など）を指定の位置へキレイに貼り付けます。
・出荷先ごとの仕分け： 梱包が終わった箱を、配送地域別や配送業者別に分けられた台車やコンテナへ移します。

■ 1日のタイムスケジュール例（日勤の場合）
09:00〜【朝礼・作業スタート】
本日の連絡事項を確認後、各自の作業台へ移動します。担当する作業（検品または梱包）をスタートします。

12:00〜【お昼休憩（60分）】
清潔な休憩室でランチタイム。電子レンジ・冷蔵庫・自動販売機も完備されており、お弁当の持参も自由です。

13:00〜【午後の作業再開】
午前の続きの作業を行います。自分のデスクで黙々と作業に集中できる時間です。

15:00〜【小休憩（15分）】
身体をほぐしたり水分補給をするリフレッシュタイム。集中力を保ちやすい環境が整っています。

15:15〜【出荷準備・最終仕上げ】
本日発送分の最終チェックと、作業スペースの清掃・整理整頓を行います。

18:00〜【作業終了・定時退勤】
残業は基本的にありません。定時になったら「お疲れ様でした！」とスッキリ帰宅できます。

■ 快適な作業環境と働きやすさのポイント
・1年中快適な空調完備： 冷暖房がしっかり効いたクリーンな倉庫なので、夏は涼しく、冬は暖かく快適に作業できます。
・身体に優しい軽作業： 扱う商品は衣類、コスメ、文房具、小型雑貨などがメインです。重量物の持ち上げ作業はありません。
・充実した設備： 個人用の鍵付きロッカーを完備。休憩室は広々としており、ポットや電子レンジ、フリーWi-Fiも自由に使えます。

■ 未経験者でも安心のサポート体制
入社初日は、安全に関する講習と作業の基本ルールについてのオリエンテーションからスタートします。
現場配属後は、専任の先輩スタッフがマンツーマンでついて実際の作業を見せながら丁寧にレクチャーします。

最初は「シールの貼り方」や「ダンボールの組み立て」といった、特に簡単な作業からお任せしますので、一度にたくさんのことを覚える必要はありません。
作業中に分からないことや迷うことがあっても、すぐ近くにリーダーや先輩スタッフが常駐しているため、「これってどうやるんでしたっけ？」といつでも気軽に質問できる安心の環境です。早ければ半日、遅くても2〜3日程度で一人立ちしてスムーズにお仕事を進められるようになります！","✅ 未経験スタート9割以上！簡単なシンプル作業です
「商品を手に取る」「キズがないか見る」「箱に入れる」など、覚えることはたったこれだけ！複雑な機械操作や難しいルールはありません。
先輩スタッフのほとんどが未経験からのスタートです。特別なスキルや経験は一切不要なので、初めてのアルバイトや久しぶりのお仕事復帰の方も安心してください。

✅ 自分のペースで黙々・コツコツ取り組める！
「接客が苦手…」「一人で集中して作業したい」という方にピッタリの環境です。
ノルマなどもなく、ご自身のペースで作業を進められるので、人間関係のストレスを感じることなくのびのびと働けます。

✅ 重い荷物なし！身体への負担が少ない軽作業
扱う商品は、衣服や生活雑貨、コスメなどの比較的軽いものが中心です。
重いダンボールを持ち運んだり、力仕事をお願いすることはほぼありませんので、年齢・性別問わず無理なく長く続けられるお仕事です。

✅ 空調完備のキレイな倉庫で、1年中快適♪
冷暖房がしっかり効いたクリーンな室内での作業です。
「夏は暑くて汗だく…」「冬は寒くて手がかじかむ…」といった心配は無用！季節や天候に関わらず、いつも快適な温度の中で気持ちよく作業に集中できます。

✅ 充実の設備＆働きやすい環境
鍵付きの個人ロッカーを完備しているほか、広々として清潔な休憩室もご用意しています。
休憩室には電子レンジ・冷蔵庫・ポット・自動販売機を完備しており、お弁当を持参してゆっくりくつろぐことも可能です。スタッフが過ごしやすい環境づくりに力を入れています！","例外事由3号のイにより、長期キャリア形成を図るため、
35歳以下を募集しております。","【勤務時間】
★9:00~18:00
└実働8時間/休憩1時間

定時ダッシュも問題ないです✧
✧ 土日祝休み
✧ 残業月平均:6.5時間以内
✧ 残業代100%支給","✧ 完全週休2日制(土日祝休み)
✧ 年間休日125日
「土日休みはマスト!」ってあなたにも
ぴったりの職場です!

【その他休暇】
✧ 有給休暇
✧ 夏季・冬季休暇
✧ GW休暇
✧ 年末年始休暇",東京都 羽村市,,"月給:25万円~+交通費全額支給

※経験に応じて決定いたします。

# 昇給あり
# 賞与あり
# 残業代100%支給
# 交通費支給","・社会保険完備
・住宅手当
・家賃補助
・退職金制度
・家族手当・扶養手当
・健康診断
・特別休暇
・資格取得支援制度","\\✧カジュアル面談実施中です✧/

応募に必要なのは人柄のみです!
まずはあなたのご希望を聞かせてください!

✩.。.....................。.✩
■ 応募からの流れ ■
✩.。.....................。.✩

▶STEP1WEBから1分簡単ご応募!
1~3日以内に担当者よりご連絡いたします。

▶ STEP2カジュアル面談(1回のみ)

▶STEP3採用

※入社日のご相談OKです◎
お気軽にご相談ください!",,即日勤務OK、交通費支給、残業なし,2,任意,生年月日、性別、電話番号,ntf-indeedapplicant-aaaatulx77tci2k2pr5yeqapva@shukatsu-labo.slack.com,,,利用しない,,
募集中,日本マニュファクチャリングサービス株式会社,【未経験】検品・梱包作業/日本マニュファクチャリングサービス株式会社/青梅市,倉庫作業スタッフ,20~30代活躍中◎ワークライフバランスも充実！！,,東京都 青梅市,,,正社員,はい,月給,250000,,最低額を表示,なし,,,,,,,固定時間制,160,,厚生年金、健康保険、雇用保険、労災保険,,なし,,,,,,,,,,,,,,,,,,"空調が完備された綺麗な物流センター内で、人気ECサイトで販売されているアパレル商品・生活雑貨・コスメなどの「検品・梱包作業」を担当していただきます。
作業内容は非常にシンプルで、「商品を手に取る」「傷がないかチェックする」「箱や袋に詰める」という基本の3ステップが中心です。重いお荷物の持ち運びはほとんどなく、自分のペースでコツコツ・黙々と進められる軽作業です。
未経験からスタートしたスタッフが9割以上活躍中で、1日〜数日で覚えられる簡単な作業ばかりですので、バイトデビューや久しぶりのお仕事復帰の方も安心してスタートしていただけます。

■ 具体的なお仕事の流れ

1. 検品・チェック作業
入荷された商品や出荷前の商品に問題がないか、確認する作業です。

・外観の目視確認： 商品に傷や汚れ、ほつれ、パッケージの凹みなどが無いかを目視で丁寧にチェックします。
・数量・品番の照合： 納品書や手元のハンディ端末に表示されたデータと、目の前にある商品の種類・個数が合致しているか確認します。
・バーコードスキャン： バーコードリーダーを使って商品を「ピッと」読み取る作業です。機械の操作はスマホ感覚で直感的に行えるため、難しい設定や専門知識は一切不要です。

2. 梱包・箱詰め作業
検品が完了した商品を、お客様のもとへ無事にお届けできるよう綺麗に包んで箱に詰める作業です。

・袋詰め・緩衝材包装： 服やタオルなどの布製品を専用の透明袋に入れたり、壊れやすいコスメ・ガラス製品などをプチプチ（緩衝材）で包みます。
・箱詰め・セット作業： 指定のサイズに合わせたダンボール箱を組み立て、商品が途中で動かないよう丁寧に納めます。
・テープ留め・封かん： ダンボールのフタを閉じ、ガムテープでしっかり留めたら梱包完了です。

3. シール貼り・仕分け作業
出荷に向けた最後の仕上げ作業です。

・ラベル貼り： お届け先の伝票シールや、取扱注意シール（「水濡れ厳禁」「割れ物注意」など）を指定の位置へキレイに貼り付けます。
・出荷先ごとの仕分け： 梱包が終わった箱を、配送地域別や配送業者別に分けられた台車やコンテナへ移します。

■ 1日のタイムスケジュール例（日勤の場合）
09:00〜【朝礼・作業スタート】
本日の連絡事項を確認後、各自の作業台へ移動します。担当する作業（検品または梱包）をスタートします。

12:00〜【お昼休憩（60分）】
清潔な休憩室でランチタイム。電子レンジ・冷蔵庫・自動販売機も完備されており、お弁当の持参も自由です。

13:00〜【午後の作業再開】
午前の続きの作業を行います。自分のデスクで黙々と作業に集中できる時間です。

15:00〜【小休憩（15分）】
身体をほぐしたり水分補給をするリフレッシュタイム。集中力を保ちやすい環境が整っています。

15:15〜【出荷準備・最終仕上げ】
本日発送分の最終チェックと、作業スペースの清掃・整理整頓を行います。

18:00〜【作業終了・定時退勤】
残業は基本的にありません。定時になったら「お疲れ様でした！」とスッキリ帰宅できます。

■ 快適な作業環境と働きやすさのポイント
・1年中快適な空調完備： 冷暖房がしっかり効いたクリーンな倉庫なので、夏は涼しく、冬は暖かく快適に作業できます。
・身体に優しい軽作業： 扱う商品は衣類、コスメ、文房具、小型雑貨などがメインです。重量物の持ち上げ作業はありません。
・充実した設備： 個人用の鍵付きロッカーを完備。休憩室は広々としており、ポットや電子レンジ、フリーWi-Fiも自由に使えます。

■ 未経験者でも安心のサポート体制
入社初日は、安全に関する講習と作業の基本ルールについてのオリエンテーションからスタートします。
現場配属後は、専任の先輩スタッフがマンツーマンでついて実際の作業を見せながら丁寧にレクチャーします。

最初は「シールの貼り方」や「ダンボールの組み立て」といった、特に簡単な作業からお任せしますので、一度にたくさんのことを覚える必要はありません。
作業中に分からないことや迷うことがあっても、すぐ近くにリーダーや先輩スタッフが常駐しているため、「これってどうやるんでしたっけ？」といつでも気軽に質問できる安心の環境です。早ければ半日、遅くても2〜3日程度で一人立ちしてスムーズにお仕事を進められるようになります！","✅ 未経験スタート9割以上！簡単なシンプル作業です
「商品を手に取る」「キズがないか見る」「箱に入れる」など、覚えることはたったこれだけ！複雑な機械操作や難しいルールはありません。
先輩スタッフのほとんどが未経験からのスタートです。特別なスキルや経験は一切不要なので、初めてのアルバイトや久しぶりのお仕事復帰の方も安心してください。

✅ 自分のペースで黙々・コツコツ取り組める！
「接客が苦手…」「一人で集中して作業したい」という方にピッタリの環境です。
ノルマなどもなく、ご自身のペースで作業を進められるので、人間関係のストレスを感じることなくのびのびと働けます。

✅ 重い荷物なし！身体への負担が少ない軽作業
扱う商品は、衣服や生活雑貨、コスメなどの比較的軽いものが中心です。
重いダンボールを持ち運んだり、力仕事をお願いすることはほぼありませんので、年齢・性別問わず無理なく長く続けられるお仕事です。

✅ 空調完備のキレイな倉庫で、1年中快適♪
冷暖房がしっかり効いたクリーンな室内での作業です。
「夏は暑くて汗だく…」「冬は寒くて手がかじかむ…」といった心配は無用！季節や天候に関わらず、いつも快適な温度の中で気持ちよく作業に集中できます。

✅ 充実の設備＆働きやすい環境
鍵付きの個人ロッカーを完備しているほか、広々として清潔な休憩室もご用意しています。
休憩室には電子レンジ・冷蔵庫・ポット・自動販売機を完備しており、お弁当を持参してゆっくりくつろぐことも可能です。スタッフが過ごしやすい環境づくりに力を入れています！","例外事由3号のイにより、長期キャリア形成を図るため、
35歳以下を募集しております。","【勤務時間】
★9:00~18:00
└実働8時間/休憩1時間

定時ダッシュも問題ないです✧
✧ 土日祝休み
✧ 残業月平均:6.5時間以内
✧ 残業代100%支給","✧ 完全週休2日制(土日祝休み)
✧ 年間休日125日
「土日休みはマスト!」ってあなたにも
ぴったりの職場です!

【その他休暇】
✧ 有給休暇
✧ 夏季・冬季休暇
✧ GW休暇
✧ 年末年始休暇",東京都 青梅市,,"月給:25万円~+交通費全額支給

※経験に応じて決定いたします。

# 昇給あり
# 賞与あり
# 残業代100%支給
# 交通費支給","・社会保険完備
・住宅手当
・家賃補助
・退職金制度
・家族手当・扶養手当
・健康診断
・特別休暇
・資格取得支援制度","\\✧カジュアル面談実施中です✧/

応募に必要なのは人柄のみです!
まずはあなたのご希望を聞かせてください!

✩.。.....................。.✩
■ 応募からの流れ ■
✩.。.....................。.✩

▶STEP1WEBから1分簡単ご応募!
1~3日以内に担当者よりご連絡いたします。

▶ STEP2カジュアル面談(1回のみ)

▶STEP3採用

※入社日のご相談OKです◎
お気軽にご相談ください!",,即日勤務OK、交通費支給、残業なし,2,任意,生年月日、性別、電話番号,ntf-indeedapplicant-aaaatulx77tci2k2pr5yeqapva@shukatsu-labo.slack.com,,,利用しない,,
募集中,日本マニュファクチャリングサービス株式会社,【未経験】検品・梱包作業/日本マニュファクチャリングサービス株式会社/調布市,倉庫作業スタッフ,20~30代活躍中◎ワークライフバランスも充実！！,,東京都 調布市,,,正社員,はい,月給,250000,,最低額を表示,なし,,,,,,,固定時間制,160,,厚生年金、健康保険、雇用保険、労災保険,,なし,,,,,,,,,,,,,,,,,,"空調が完備された綺麗な物流センター内で、人気ECサイトで販売されているアパレル商品・生活雑貨・コスメなどの「検品・梱包作業」を担当していただきます。
作業内容は非常にシンプルで、「商品を手に取る」「傷がないかチェックする」「箱や袋に詰める」という基本の3ステップが中心です。重いお荷物の持ち運びはほとんどなく、自分のペースでコツコツ・黙々と進められる軽作業です。
未経験からスタートしたスタッフが9割以上活躍中で、1日〜数日で覚えられる簡単な作業ばかりですので、バイトデビューや久しぶりのお仕事復帰の方も安心してスタートしていただけます。

■ 具体的なお仕事の流れ

1. 検品・チェック作業
入荷された商品や出荷前の商品に問題がないか、確認する作業です。

・外観の目視確認： 商品に傷や汚れ、ほつれ、パッケージの凹みなどが無いかを目視で丁寧にチェックします。
・数量・品番の照合： 納品書や手元のハンディ端末に表示されたデータと、目の前にある商品の種類・個数が合致しているか確認します。
・バーコードスキャン： バーコードリーダーを使って商品を「ピッと」読み取る作業です。機械の操作はスマホ感覚で直感的に行えるため、難しい設定や専門知識は一切不要です。

2. 梱包・箱詰め作業
検品が完了した商品を、お客様のもとへ無事にお届けできるよう綺麗に包んで箱に詰める作業です。

・袋詰め・緩衝材包装： 服やタオルなどの布製品を専用の透明袋に入れたり、壊れやすいコスメ・ガラス製品などをプチプチ（緩衝材）で包みます。
・箱詰め・セット作業： 指定のサイズに合わせたダンボール箱を組み立て、商品が途中で動かないよう丁寧に納めます。
・テープ留め・封かん： ダンボールのフタを閉じ、ガムテープでしっかり留めたら梱包完了です。

3. シール貼り・仕分け作業
出荷に向けた最後の仕上げ作業です。

・ラベル貼り： お届け先の伝票シールや、取扱注意シール（「水濡れ厳禁」「割れ物注意」など）を指定の位置へキレイに貼り付けます。
・出荷先ごとの仕分け： 梱包が終わった箱を、配送地域別や配送業者別に分けられた台車やコンテナへ移します。

■ 1日のタイムスケジュール例（日勤の場合）
09:00〜【朝礼・作業スタート】
本日の連絡事項を確認後、各自の作業台へ移動します。担当する作業（検品または梱包）をスタートします。

12:00〜【お昼休憩（60分）】
清潔な休憩室でランチタイム。電子レンジ・冷蔵庫・自動販売機も完備されており、お弁当の持参も自由です。

13:00〜【午後の作業再開】
午前の続きの作業を行います。自分のデスクで黙々と作業に集中できる時間です。

15:00〜【小休憩（15分）】
身体をほぐしたり水分補給をするリフレッシュタイム。集中力を保ちやすい環境が整っています。

15:15〜【出荷準備・最終仕上げ】
本日発送分の最終チェックと、作業スペースの清掃・整理整頓を行います。

18:00〜【作業終了・定時退勤】
残業は基本的にありません。定時になったら「お疲れ様でした！」とスッキリ帰宅できます。

■ 快適な作業環境と働きやすさのポイント
・1年中快適な空調完備： 冷暖房がしっかり効いたクリーンな倉庫なので、夏は涼しく、冬は暖かく快適に作業できます。
・身体に優しい軽作業： 扱う商品は衣類、コスメ、文房具、小型雑貨などがメインです。重量物の持ち上げ作業はありません。
・充実した設備： 個人用の鍵付きロッカーを完備。休憩室は広々としており、ポットや電子レンジ、フリーWi-Fiも自由に使えます。

■ 未経験者でも安心のサポート体制
入社初日は、安全に関する講習と作業の基本ルールについてのオリエンテーションからスタートします。
現場配属後は、専任の先輩スタッフがマンツーマンでついて実際の作業を見せながら丁寧にレクチャーします。

最初は「シールの貼り方」や「ダンボールの組み立て」といった、特に簡単な作業からお任せしますので、一度にたくさんのことを覚える必要はありません。
作業中に分からないことや迷うことがあっても、すぐ近くにリーダーや先輩スタッフが常駐しているため、「これってどうやるんでしたっけ？」といつでも気軽に質問できる安心の環境です。早ければ半日、遅くても2〜3日程度で一人立ちしてスムーズにお仕事を進められるようになります！","✅ 未経験スタート9割以上！簡単なシンプル作業です
「商品を手に取る」「キズがないか見る」「箱に入れる」など、覚えることはたったこれだけ！複雑な機械操作や難しいルールはありません。
先輩スタッフのほとんどが未経験からのスタートです。特別なスキルや経験は一切不要なので、初めてのアルバイトや久しぶりのお仕事復帰の方も安心してください。

✅ 自分のペースで黙々・コツコツ取り組める！
「接客が苦手…」「一人で集中して作業したい」という方にピッタリの環境です。
ノルマなどもなく、ご自身のペースで作業を進められるので、人間関係のストレスを感じることなくのびのびと働けます。

✅ 重い荷物なし！身体への負担が少ない軽作業
扱う商品は、衣服や生活雑貨、コスメなどの比較的軽いものが中心です。
重いダンボールを持ち運んだり、力仕事をお願いすることはほぼありませんので、年齢・性別問わず無理なく長く続けられるお仕事です。

✅ 空調完備のキレイな倉庫で、1年中快適♪
冷暖房がしっかり効いたクリーンな室内での作業です。
「夏は暑くて汗だく…」「冬は寒くて手がかじかむ…」といった心配は無用！季節や天候に関わらず、いつも快適な温度の中で気持ちよく作業に集中できます。

✅ 充実の設備＆働きやすい環境
鍵付きの個人ロッカーを完備しているほか、広々として清潔な休憩室もご用意しています。
休憩室には電子レンジ・冷蔵庫・ポット・自動販売機を完備しており、お弁当を持参してゆっくりくつろぐことも可能です。スタッフが過ごしやすい環境づくりに力を入れています！","例外事由3号のイにより、長期キャリア形成を図るため、
35歳以下を募集しております。","【勤務時間】
★9:00~18:00
└実働8時間/休憩1時間

定時ダッシュも問題ないです✧
✧ 土日祝休み
✧ 残業月平均:6.5時間以内
✧ 残業代100%支給","✧ 完全週休2日制(土日祝休み)
✧ 年間休日125日
「土日休みはマスト!」ってあなたにも
ぴったりの職場です!

【その他休暇】
✧ 有給休暇
✧ 夏季・冬季休暇
✧ GW休暇
✧ 年末年始休暇",東京都 調布市,,"月給:25万円~+交通費全額支給

※経験に応じて決定いたします。

# 昇給あり
# 賞与あり
# 残業代100%支給
# 交通費支給","・社会保険完備
・住宅手当
・家賃補助
・退職金制度
・家族手当・扶養手当
・健康診断
・特別休暇
・資格取得支援制度","\\✧カジュアル面談実施中です✧/

応募に必要なのは人柄のみです!
まずはあなたのご希望を聞かせてください!

✩.。.....................。.✩
■ 応募からの流れ ■
✩.。.....................。.✩

▶STEP1WEBから1分簡単ご応募!
1~3日以内に担当者よりご連絡いたします。

▶ STEP2カジュアル面談(1回のみ)

▶STEP3採用

※入社日のご相談OKです◎
お気軽にご相談ください!",,即日勤務OK、交通費支給、残業なし,2,任意,生年月日、性別、電話番号,ntf-indeedapplicant-aaaatulx77tci2k2pr5yeqapva@shukatsu-labo.slack.com,,,利用しない,,
募集中,日本マニュファクチャリングサービス株式会社,【未経験】検品・梱包作業/日本マニュファクチャリングサービス株式会社/東久留米市,倉庫作業スタッフ,20~30代活躍中◎ワークライフバランスも充実！！,,東京都 東久留米市,,,正社員,はい,月給,250000,,最低額を表示,なし,,,,,,,固定時間制,160,,厚生年金、健康保険、雇用保険、労災保険,,なし,,,,,,,,,,,,,,,,,,"空調が完備された綺麗な物流センター内で、人気ECサイトで販売されているアパレル商品・生活雑貨・コスメなどの「検品・梱包作業」を担当していただきます。
作業内容は非常にシンプルで、「商品を手に取る」「傷がないかチェックする」「箱や袋に詰める」という基本の3ステップが中心です。重いお荷物の持ち運びはほとんどなく、自分のペースでコツコツ・黙々と進められる軽作業です。
未経験からスタートしたスタッフが9割以上活躍中で、1日〜数日で覚えられる簡単な作業ばかりですので、バイトデビューや久しぶりのお仕事復帰の方も安心してスタートしていただけます。

■ 具体的なお仕事の流れ

1. 検品・チェック作業
入荷された商品や出荷前の商品に問題がないか、確認する作業です。

・外観の目視確認： 商品に傷や汚れ、ほつれ、パッケージの凹みなどが無いかを目視で丁寧にチェックします。
・数量・品番の照合： 納品書や手元のハンディ端末に表示されたデータと、目の前にある商品の種類・個数が合致しているか確認します。
・バーコードスキャン： バーコードリーダーを使って商品を「ピッと」読み取る作業です。機械の操作はスマホ感覚で直感的に行えるため、難しい設定や専門知識は一切不要です。

2. 梱包・箱詰め作業
検品が完了した商品を、お客様のもとへ無事にお届けできるよう綺麗に包んで箱に詰める作業です。

・袋詰め・緩衝材包装： 服やタオルなどの布製品を専用の透明袋に入れたり、壊れやすいコスメ・ガラス製品などをプチプチ（緩衝材）で包みます。
・箱詰め・セット作業： 指定のサイズに合わせたダンボール箱を組み立て、商品が途中で動かないよう丁寧に納めます。
・テープ留め・封かん： ダンボールのフタを閉じ、ガムテープでしっかり留めたら梱包完了です。

3. シール貼り・仕分け作業
出荷に向けた最後の仕上げ作業です。

・ラベル貼り： お届け先の伝票シールや、取扱注意シール（「水濡れ厳禁」「割れ物注意」など）を指定の位置へキレイに貼り付けます。
・出荷先ごとの仕分け： 梱包が終わった箱を、配送地域別や配送業者別に分けられた台車やコンテナへ移します。

■ 1日のタイムスケジュール例（日勤の場合）
09:00〜【朝礼・作業スタート】
本日の連絡事項を確認後、各自の作業台へ移動します。担当する作業（検品または梱包）をスタートします。

12:00〜【お昼休憩（60分）】
清潔な休憩室でランチタイム。電子レンジ・冷蔵庫・自動販売機も完備されており、お弁当の持参も自由です。

13:00〜【午後の作業再開】
午前の続きの作業を行います。自分のデスクで黙々と作業に集中できる時間です。

15:00〜【小休憩（15分）】
身体をほぐしたり水分補給をするリフレッシュタイム。集中力を保ちやすい環境が整っています。

15:15〜【出荷準備・最終仕上げ】
本日発送分の最終チェックと、作業スペースの清掃・整理整頓を行います。

18:00〜【作業終了・定時退勤】
残業は基本的にありません。定時になったら「お疲れ様でした！」とスッキリ帰宅できます。

■ 快適な作業環境と働きやすさのポイント
・1年中快適な空調完備： 冷暖房がしっかり効いたクリーンな倉庫なので、夏は涼しく、冬は暖かく快適に作業できます。
・身体に優しい軽作業： 扱う商品は衣類、コスメ、文房具、小型雑貨などがメインです。重量物の持ち上げ作業はありません。
・充実した設備： 個人用の鍵付きロッカーを完備。休憩室は広々としており、ポットや電子レンジ、フリーWi-Fiも自由に使えます。

■ 未経験者でも安心のサポート体制
入社初日は、安全に関する講習と作業の基本ルールについてのオリエンテーションからスタートします。
現場配属後は、専任の先輩スタッフがマンツーマンでついて実際の作業を見せながら丁寧にレクチャーします。

最初は「シールの貼り方」や「ダンボールの組み立て」といった、特に簡単な作業からお任せしますので、一度にたくさんのことを覚える必要はありません。
作業中に分からないことや迷うことがあっても、すぐ近くにリーダーや先輩スタッフが常駐しているため、「これってどうやるんでしたっけ？」といつでも気軽に質問できる安心の環境です。早ければ半日、遅くても2〜3日程度で一人立ちしてスムーズにお仕事を進められるようになります！","✅ 未経験スタート9割以上！簡単なシンプル作業です
「商品を手に取る」「キズがないか見る」「箱に入れる」など、覚えることはたったこれだけ！複雑な機械操作や難しいルールはありません。
先輩スタッフのほとんどが未経験からのスタートです。特別なスキルや経験は一切不要なので、初めてのアルバイトや久しぶりのお仕事復帰の方も安心してください。

✅ 自分のペースで黙々・コツコツ取り組める！
「接客が苦手…」「一人で集中して作業したい」という方にピッタリの環境です。
ノルマなどもなく、ご自身のペースで作業を進められるので、人間関係のストレスを感じることなくのびのびと働けます。

✅ 重い荷物なし！身体への負担が少ない軽作業
扱う商品は、衣服や生活雑貨、コスメなどの比較的軽いものが中心です。
重いダンボールを持ち運んだり、力仕事をお願いすることはほぼありませんので、年齢・性別問わず無理なく長く続けられるお仕事です。

✅ 空調完備のキレイな倉庫で、1年中快適♪
冷暖房がしっかり効いたクリーンな室内での作業です。
「夏は暑くて汗だく…」「冬は寒くて手がかじかむ…」といった心配は無用！季節や天候に関わらず、いつも快適な温度の中で気持ちよく作業に集中できます。

✅ 充実の設備＆働きやすい環境
鍵付きの個人ロッカーを完備しているほか、広々として清潔な休憩室もご用意しています。
休憩室には電子レンジ・冷蔵庫・ポット・自動販売機を完備しており、お弁当を持参してゆっくりくつろぐことも可能です。スタッフが過ごしやすい環境づくりに力を入れています！","例外事由3号のイにより、長期キャリア形成を図るため、
35歳以下を募集しております。","【勤務時間】
★9:00~18:00
└実働8時間/休憩1時間

定時ダッシュも問題ないです✧
✧ 土日祝休み
✧ 残業月平均:6.5時間以内
✧ 残業代100%支給","✧ 完全週休2日制(土日祝休み)
✧ 年間休日125日
「土日休みはマスト!」ってあなたにも
ぴったりの職場です!

【その他休暇】
✧ 有給休暇
✧ 夏季・冬季休暇
✧ GW休暇
✧ 年末年始休暇",東京都 東久留米市,,"月給:25万円~+交通費全額支給

※経験に応じて決定いたします。

# 昇給あり
# 賞与あり
# 残業代100%支給
# 交通費支給","・社会保険完備
・住宅手当
・家賃補助
・退職金制度
・家族手当・扶養手当
・健康診断
・特別休暇
・資格取得支援制度","\\✧カジュアル面談実施中です✧/

応募に必要なのは人柄のみです!
まずはあなたのご希望を聞かせてください!

✩.。.....................。.✩
■ 応募からの流れ ■
✩.。.....................。.✩

▶STEP1WEBから1分簡単ご応募!
1~3日以内に担当者よりご連絡いたします。

▶ STEP2カジュアル面談(1回のみ)

▶STEP3採用

※入社日のご相談OKです◎
お気軽にご相談ください!",,即日勤務OK、交通費支給、残業なし,2,任意,生年月日、性別、電話番号,ntf-indeedapplicant-aaaatulx77tci2k2pr5yeqapva@shukatsu-labo.slack.com,,,利用しない,,
募集中,日本マニュファクチャリングサービス株式会社,【未経験】検品・梱包作業/日本マニュファクチャリングサービス株式会社/小平市,倉庫作業スタッフ,20~30代活躍中◎ワークライフバランスも充実！！,,東京都 小平市,,,正社員,はい,月給,250000,,最低額を表示,なし,,,,,,,固定時間制,160,,厚生年金、健康保険、雇用保険、労災保険,,なし,,,,,,,,,,,,,,,,,,"空調が完備された綺麗な物流センター内で、人気ECサイトで販売されているアパレル商品・生活雑貨・コスメなどの「検品・梱包作業」を担当していただきます。
作業内容は非常にシンプルで、「商品を手に取る」「傷がないかチェックする」「箱や袋に詰める」という基本の3ステップが中心です。重いお荷物の持ち運びはほとんどなく、自分のペースでコツコツ・黙々と進められる軽作業です。
未経験からスタートしたスタッフが9割以上活躍中で、1日〜数日で覚えられる簡単な作業ばかりですので、バイトデビューや久しぶりのお仕事復帰の方も安心してスタートしていただけます。

■ 具体的なお仕事の流れ

1. 検品・チェック作業
入荷された商品や出荷前の商品に問題がないか、確認する作業です。

・外観の目視確認： 商品に傷や汚れ、ほつれ、パッケージの凹みなどが無いかを目視で丁寧にチェックします。
・数量・品番の照合： 納品書や手元のハンディ端末に表示されたデータと、目の前にある商品の種類・個数が合致しているか確認します。
・バーコードスキャン： バーコードリーダーを使って商品を「ピッと」読み取る作業です。機械の操作はスマホ感覚で直感的に行えるため、難しい設定や専門知識は一切不要です。

2. 梱包・箱詰め作業
検品が完了した商品を、お客様のもとへ無事にお届けできるよう綺麗に包んで箱に詰める作業です。

・袋詰め・緩衝材包装： 服やタオルなどの布製品を専用の透明袋に入れたり、壊れやすいコスメ・ガラス製品などをプチプチ（緩衝材）で包みます。
・箱詰め・セット作業： 指定のサイズに合わせたダンボール箱を組み立て、商品が途中で動かないよう丁寧に納めます。
・テープ留め・封かん： ダンボールのフタを閉じ、ガムテープでしっかり留めたら梱包完了です。

3. シール貼り・仕分け作業
出荷に向けた最後の仕上げ作業です。

・ラベル貼り： お届け先の伝票シールや、取扱注意シール（「水濡れ厳禁」「割れ物注意」など）を指定の位置へキレイに貼り付けます。
・出荷先ごとの仕分け： 梱包が終わった箱を、配送地域別や配送業者別に分けられた台車やコンテナへ移します。

■ 1日のタイムスケジュール例（日勤の場合）
09:00〜【朝礼・作業スタート】
本日の連絡事項を確認後、各自の作業台へ移動します。担当する作業（検品または梱包）をスタートします。

12:00〜【お昼休憩（60分）】
清潔な休憩室でランチタイム。電子レンジ・冷蔵庫・自動販売機も完備されており、お弁当の持参も自由です。

13:00〜【午後の作業再開】
午前の続きの作業を行います。自分のデスクで黙々と作業に集中できる時間です。

15:00〜【小休憩（15分）】
身体をほぐしたり水分補給をするリフレッシュタイム。集中力を保ちやすい環境が整っています。

15:15〜【出荷準備・最終仕上げ】
本日発送分の最終チェックと、作業スペースの清掃・整理整頓を行います。

18:00〜【作業終了・定時退勤】
残業は基本的にありません。定時になったら「お疲れ様でした！」とスッキリ帰宅できます。

■ 快適な作業環境と働きやすさのポイント
・1年中快適な空調完備： 冷暖房がしっかり効いたクリーンな倉庫なので、夏は涼しく、冬は暖かく快適に作業できます。
・身体に優しい軽作業： 扱う商品は衣類、コスメ、文房具、小型雑貨などがメインです。重量物の持ち上げ作業はありません。
・充実した設備： 個人用の鍵付きロッカーを完備。休憩室は広々としており、ポットや電子レンジ、フリーWi-Fiも自由に使えます。

■ 未経験者でも安心のサポート体制
入社初日は、安全に関する講習と作業の基本ルールについてのオリエンテーションからスタートします。
現場配属後は、専任の先輩スタッフがマンツーマンでついて実際の作業を見せながら丁寧にレクチャーします。

最初は「シールの貼り方」や「ダンボールの組み立て」といった、特に簡単な作業からお任せしますので、一度にたくさんのことを覚える必要はありません。
作業中に分からないことや迷うことがあっても、すぐ近くにリーダーや先輩スタッフが常駐しているため、「これってどうやるんでしたっけ？」といつでも気軽に質問できる安心の環境です。早ければ半日、遅くても2〜3日程度で一人立ちしてスムーズにお仕事を進められるようになります！","✅ 未経験スタート9割以上！簡単なシンプル作業です
「商品を手に取る」「キズがないか見る」「箱に入れる」など、覚えることはたったこれだけ！複雑な機械操作や難しいルールはありません。
先輩スタッフのほとんどが未経験からのスタートです。特別なスキルや経験は一切不要なので、初めてのアルバイトや久しぶりのお仕事復帰の方も安心してください。

✅ 自分のペースで黙々・コツコツ取り組める！
「接客が苦手…」「一人で集中して作業したい」という方にピッタリの環境です。
ノルマなどもなく、ご自身のペースで作業を進められるので、人間関係のストレスを感じることなくのびのびと働けます。

✅ 重い荷物なし！身体への負担が少ない軽作業
扱う商品は、衣服や生活雑貨、コスメなどの比較的軽いものが中心です。
重いダンボールを持ち運んだり、力仕事をお願いすることはほぼありませんので、年齢・性別問わず無理なく長く続けられるお仕事です。

✅ 空調完備のキレイな倉庫で、1年中快適♪
冷暖房がしっかり効いたクリーンな室内での作業です。
「夏は暑くて汗だく…」「冬は寒くて手がかじかむ…」といった心配は無用！季節や天候に関わらず、いつも快適な温度の中で気持ちよく作業に集中できます。

✅ 充実の設備＆働きやすい環境
鍵付きの個人ロッカーを完備しているほか、広々として清潔な休憩室もご用意しています。
休憩室には電子レンジ・冷蔵庫・ポット・自動販売機を完備しており、お弁当を持参してゆっくりくつろぐことも可能です。スタッフが過ごしやすい環境づくりに力を入れています！","例外事由3号のイにより、長期キャリア形成を図るため、
35歳以下を募集しております。","【勤務時間】
★9:00~18:00
└実働8時間/休憩1時間

定時ダッシュも問題ないです✧
✧ 土日祝休み
✧ 残業月平均:6.5時間以内
✧ 残業代100%支給","✧ 完全週休2日制(土日祝休み)
✧ 年間休日125日
「土日休みはマスト!」ってあなたにも
ぴったりの職場です!

【その他休暇】
✧ 有給休暇
✧ 夏季・冬季休暇
✧ GW休暇
✧ 年末年始休暇",東京都 小平市,,"月給:25万円~+交通費全額支給

※経験に応じて決定いたします。

# 昇給あり
# 賞与あり
# 残業代100%支給
# 交通費支給","・社会保険完備
・住宅手当
・家賃補助
・退職金制度
・家族手当・扶養手当
・健康診断
・特別休暇
・資格取得支援制度","\\✧カジュアル面談実施中です✧/

応募に必要なのは人柄のみです!
まずはあなたのご希望を聞かせてください!

✩.。.....................。.✩
■ 応募からの流れ ■
✩.。.....................。.✩

▶STEP1WEBから1分簡単ご応募!
1~3日以内に担当者よりご連絡いたします。

▶ STEP2カジュアル面談(1回のみ)

▶STEP3採用

※入社日のご相談OKです◎
お気軽にご相談ください!",,即日勤務OK、交通費支給、残業なし,2,任意,生年月日、性別、電話番号,ntf-indeedapplicant-aaaatulx77tci2k2pr5yeqapva@shukatsu-labo.slack.com,,,利用しない,,
募集中,日本マニュファクチャリングサービス株式会社,【未経験】検品・梱包作業/日本マニュファクチャリングサービス株式会社/あきる野市,倉庫作業スタッフ,20~30代活躍中◎ワークライフバランスも充実！！,,東京都 あきる野市,,,正社員,はい,月給,250000,,最低額を表示,なし,,,,,,,固定時間制,160,,厚生年金、健康保険、雇用保険、労災保険,,なし,,,,,,,,,,,,,,,,,,"空調が完備された綺麗な物流センター内で、人気ECサイトで販売されているアパレル商品・生活雑貨・コスメなどの「検品・梱包作業」を担当していただきます。
作業内容は非常にシンプルで、「商品を手に取る」「傷がないかチェックする」「箱や袋に詰める」という基本の3ステップが中心です。重いお荷物の持ち運びはほとんどなく、自分のペースでコツコツ・黙々と進められる軽作業です。
未経験からスタートしたスタッフが9割以上活躍中で、1日〜数日で覚えられる簡単な作業ばかりですので、バイトデビューや久しぶりのお仕事復帰の方も安心してスタートしていただけます。

■ 具体的なお仕事の流れ

1. 検品・チェック作業
入荷された商品や出荷前の商品に問題がないか、確認する作業です。

・外観の目視確認： 商品に傷や汚れ、ほつれ、パッケージの凹みなどが無いかを目視で丁寧にチェックします。
・数量・品番の照合： 納品書や手元のハンディ端末に表示されたデータと、目の前にある商品の種類・個数が合致しているか確認します。
・バーコードスキャン： バーコードリーダーを使って商品を「ピッと」読み取る作業です。機械の操作はスマホ感覚で直感的に行えるため、難しい設定や専門知識は一切不要です。

2. 梱包・箱詰め作業
検品が完了した商品を、お客様のもとへ無事にお届けできるよう綺麗に包んで箱に詰める作業です。

・袋詰め・緩衝材包装： 服やタオルなどの布製品を専用の透明袋に入れたり、壊れやすいコスメ・ガラス製品などをプチプチ（緩衝材）で包みます。
・箱詰め・セット作業： 指定のサイズに合わせたダンボール箱を組み立て、商品が途中で動かないよう丁寧に納めます。
・テープ留め・封かん： ダンボールのフタを閉じ、ガムテープでしっかり留めたら梱包完了です。

3. シール貼り・仕分け作業
出荷に向けた最後の仕上げ作業です。

・ラベル貼り： お届け先の伝票シールや、取扱注意シール（「水濡れ厳禁」「割れ物注意」など）を指定の位置へキレイに貼り付けます。
・出荷先ごとの仕分け： 梱包が終わった箱を、配送地域別や配送業者別に分けられた台車やコンテナへ移します。

■ 1日のタイムスケジュール例（日勤の場合）
09:00〜【朝礼・作業スタート】
本日の連絡事項を確認後、各自の作業台へ移動します。担当する作業（検品または梱包）をスタートします。

12:00〜【お昼休憩（60分）】
清潔な休憩室でランチタイム。電子レンジ・冷蔵庫・自動販売機も完備されており、お弁当の持参も自由です。

13:00〜【午後の作業再開】
午前の続きの作業を行います。自分のデスクで黙々と作業に集中できる時間です。

15:00〜【小休憩（15分）】
身体をほぐしたり水分補給をするリフレッシュタイム。集中力を保ちやすい環境が整っています。

15:15〜【出荷準備・最終仕上げ】
本日発送分の最終チェックと、作業スペースの清掃・整理整頓を行います。

18:00〜【作業終了・定時退勤】
残業は基本的にありません。定時になったら「お疲れ様でした！」とスッキリ帰宅できます。

■ 快適な作業環境と働きやすさのポイント
・1年中快適な空調完備： 冷暖房がしっかり効いたクリーンな倉庫なので、夏は涼しく、冬は暖かく快適に作業できます。
・身体に優しい軽作業： 扱う商品は衣類、コスメ、文房具、小型雑貨などがメインです。重量物の持ち上げ作業はありません。
・充実した設備： 個人用の鍵付きロッカーを完備。休憩室は広々としており、ポットや電子レンジ、フリーWi-Fiも自由に使えます。

■ 未経験者でも安心のサポート体制
入社初日は、安全に関する講習と作業の基本ルールについてのオリエンテーションからスタートします。
現場配属後は、専任の先輩スタッフがマンツーマンでついて実際の作業を見せながら丁寧にレクチャーします。

最初は「シールの貼り方」や「ダンボールの組み立て」といった、特に簡単な作業からお任せしますので、一度にたくさんのことを覚える必要はありません。
作業中に分からないことや迷うことがあっても、すぐ近くにリーダーや先輩スタッフが常駐しているため、「これってどうやるんでしたっけ？」といつでも気軽に質問できる安心の環境です。早ければ半日、遅くても2〜3日程度で一人立ちしてスムーズにお仕事を進められるようになります！","✅ 未経験スタート9割以上！簡単なシンプル作業です
「商品を手に取る」「キズがないか見る」「箱に入れる」など、覚えることはたったこれだけ！複雑な機械操作や難しいルールはありません。
先輩スタッフのほとんどが未経験からのスタートです。特別なスキルや経験は一切不要なので、初めてのアルバイトや久しぶりのお仕事復帰の方も安心してください。

✅ 自分のペースで黙々・コツコツ取り組める！
「接客が苦手…」「一人で集中して作業したい」という方にピッタリの環境です。
ノルマなどもなく、ご自身のペースで作業を進められるので、人間関係のストレスを感じることなくのびのびと働けます。

✅ 重い荷物なし！身体への負担が少ない軽作業
扱う商品は、衣服や生活雑貨、コスメなどの比較的軽いものが中心です。
重いダンボールを持ち運んだり、力仕事をお願いすることはほぼありませんので、年齢・性別問わず無理なく長く続けられるお仕事です。

✅ 空調完備のキレイな倉庫で、1年中快適♪
冷暖房がしっかり効いたクリーンな室内での作業です。
「夏は暑くて汗だく…」「冬は寒くて手がかじかむ…」といった心配は無用！季節や天候に関わらず、いつも快適な温度の中で気持ちよく作業に集中できます。

✅ 充実の設備＆働きやすい環境
鍵付きの個人ロッカーを完備しているほか、広々として清潔な休憩室もご用意しています。
休憩室には電子レンジ・冷蔵庫・ポット・自動販売機を完備しており、お弁当を持参してゆっくりくつろぐことも可能です。スタッフが過ごしやすい環境づくりに力を入れています！","例外事由3号のイにより、長期キャリア形成を図るため、
35歳以下を募集しております。","【勤務時間】
★9:00~18:00
└実働8時間/休憩1時間

定時ダッシュも問題ないです✧
✧ 土日祝休み
✧ 残業月平均:6.5時間以内
✧ 残業代100%支給","✧ 完全週休2日制(土日祝休み)
✧ 年間休日125日
「土日休みはマスト!」ってあなたにも
ぴったりの職場です!

【その他休暇】
✧ 有給休暇
✧ 夏季・冬季休暇
✧ GW休暇
✧ 年末年始休暇",東京都 あきる野市,,"月給:25万円~+交通費全額支給

※経験に応じて決定いたします。

# 昇給あり
# 賞与あり
# 残業代100%支給
# 交通費支給","・社会保険完備
・住宅手当
・家賃補助
・退職金制度
・家族手当・扶養手当
・健康診断
・特別休暇
・資格取得支援制度","\\✧カジュアル面談実施中です✧/

応募に必要なのは人柄のみです!
まずはあなたのご希望を聞かせてください!

✩.。.....................。.✩
■ 応募からの流れ ■
✩.。.....................。.✩

▶STEP1WEBから1分簡単ご応募!
1~3日以内に担当者よりご連絡いたします。

▶ STEP2カジュアル面談(1回のみ)

▶STEP3採用

※入社日のご相談OKです◎
お気軽にご相談ください!",,即日勤務OK、交通費支給、残業なし,2,任意,生年月日、性別、電話番号,ntf-indeedapplicant-aaaatulx77tci2k2pr5yeqapva@shukatsu-labo.slack.com,,,利用しない,,
募集中,日本マニュファクチャリングサービス株式会社,【未経験】検品・梱包作業/日本マニュファクチャリングサービス株式会社/西多摩郡瑞穂町,倉庫作業スタッフ,20~30代活躍中◎ワークライフバランスも充実！！,,東京都 西多摩郡 瑞穂町,,,正社員,はい,月給,250000,,最低額を表示,なし,,,,,,,固定時間制,160,,厚生年金、健康保険、雇用保険、労災保険,,なし,,,,,,,,,,,,,,,,,,"空調が完備された綺麗な物流センター内で、人気ECサイトで販売されているアパレル商品・生活雑貨・コスメなどの「検品・梱包作業」を担当していただきます。
作業内容は非常にシンプルで、「商品を手に取る」「傷がないかチェックする」「箱や袋に詰める」という基本の3ステップが中心です。重いお荷物の持ち運びはほとんどなく、自分のペースでコツコツ・黙々と進められる軽作業です。
未経験からスタートしたスタッフが9割以上活躍中で、1日〜数日で覚えられる簡単な作業ばかりですので、バイトデビューや久しぶりのお仕事復帰の方も安心してスタートしていただけます。

■ 具体的なお仕事の流れ

1. 検品・チェック作業
入荷された商品や出荷前の商品に問題がないか、確認する作業です。

・外観の目視確認： 商品に傷や汚れ、ほつれ、パッケージの凹みなどが無いかを目視で丁寧にチェックします。
・数量・品番の照合： 納品書や手元のハンディ端末に表示されたデータと、目の前にある商品の種類・個数が合致しているか確認します。
・バーコードスキャン： バーコードリーダーを使って商品を「ピッと」読み取る作業です。機械の操作はスマホ感覚で直感的に行えるため、難しい設定や専門知識は一切不要です。

2. 梱包・箱詰め作業
検品が完了した商品を、お客様のもとへ無事にお届けできるよう綺麗に包んで箱に詰める作業です。

・袋詰め・緩衝材包装： 服やタオルなどの布製品を専用の透明袋に入れたり、壊れやすいコスメ・ガラス製品などをプチプチ（緩衝材）で包みます。
・箱詰め・セット作業： 指定のサイズに合わせたダンボール箱を組み立て、商品が途中で動かないよう丁寧に納めます。
・テープ留め・封かん： ダンボールのフタを閉じ、ガムテープでしっかり留めたら梱包完了です。

3. シール貼り・仕分け作業
出荷に向けた最後の仕上げ作業です。

・ラベル貼り： お届け先の伝票シールや、取扱注意シール（「水濡れ厳禁」「割れ物注意」など）を指定の位置へキレイに貼り付けます。
・出荷先ごとの仕分け： 梱包が終わった箱を、配送地域別や配送業者別に分けられた台車やコンテナへ移します。

■ 1日のタイムスケジュール例（日勤の場合）
09:00〜【朝礼・作業スタート】
本日の連絡事項を確認後、各自の作業台へ移動します。担当する作業（検品または梱包）をスタートします。

12:00〜【お昼休憩（60分）】
清潔な休憩室でランチタイム。電子レンジ・冷蔵庫・自動販売機も完備されており、お弁当の持参も自由です。

13:00〜【午後の作業再開】
午前の続きの作業を行います。自分のデスクで黙々と作業に集中できる時間です。

15:00〜【小休憩（15分）】
身体をほぐしたり水分補給をするリフレッシュタイム。集中力を保ちやすい環境が整っています。

15:15〜【出荷準備・最終仕上げ】
本日発送分の最終チェックと、作業スペースの清掃・整理整頓を行います。

18:00〜【作業終了・定時退勤】
残業は基本的にありません。定時になったら「お疲れ様でした！」とスッキリ帰宅できます。

■ 快適な作業環境と働きやすさのポイント
・1年中快適な空調完備： 冷暖房がしっかり効いたクリーンな倉庫なので、夏は涼しく、冬は暖かく快適に作業できます。
・身体に優しい軽作業： 扱う商品は衣類、コスメ、文房具、小型雑貨などがメインです。重量物の持ち上げ作業はありません。
・充実した設備： 個人用の鍵付きロッカーを完備。休憩室は広々としており、ポットや電子レンジ、フリーWi-Fiも自由に使えます。

■ 未経験者でも安心のサポート体制
入社初日は、安全に関する講習と作業の基本ルールについてのオリエンテーションからスタートします。
現場配属後は、専任の先輩スタッフがマンツーマンでついて実際の作業を見せながら丁寧にレクチャーします。

最初は「シールの貼り方」や「ダンボールの組み立て」といった、特に簡単な作業からお任せしますので、一度にたくさんのことを覚える必要はありません。
作業中に分からないことや迷うことがあっても、すぐ近くにリーダーや先輩スタッフが常駐しているため、「これってどうやるんでしたっけ？」といつでも気軽に質問できる安心の環境です。早ければ半日、遅くても2〜3日程度で一人立ちしてスムーズにお仕事を進められるようになります！","✅ 未経験スタート9割以上！簡単なシンプル作業です
「商品を手に取る」「キズがないか見る」「箱に入れる」など、覚えることはたったこれだけ！複雑な機械操作や難しいルールはありません。
先輩スタッフのほとんどが未経験からのスタートです。特別なスキルや経験は一切不要なので、初めてのアルバイトや久しぶりのお仕事復帰の方も安心してください。

✅ 自分のペースで黙々・コツコツ取り組める！
「接客が苦手…」「一人で集中して作業したい」という方にピッタリの環境です。
ノルマなどもなく、ご自身のペースで作業を進められるので、人間関係のストレスを感じることなくのびのびと働けます。

✅ 重い荷物なし！身体への負担が少ない軽作業
扱う商品は、衣服や生活雑貨、コスメなどの比較的軽いものが中心です。
重いダンボールを持ち運んだり、力仕事をお願いすることはほぼありませんので、年齢・性別問わず無理なく長く続けられるお仕事です。

✅ 空調完備のキレイな倉庫で、1年中快適♪
冷暖房がしっかり効いたクリーンな室内での作業です。
「夏は暑くて汗だく…」「冬は寒くて手がかじかむ…」といった心配は無用！季節や天候に関わらず、いつも快適な温度の中で気持ちよく作業に集中できます。

✅ 充実の設備＆働きやすい環境
鍵付きの個人ロッカーを完備しているほか、広々として清潔な休憩室もご用意しています。
休憩室には電子レンジ・冷蔵庫・ポット・自動販売機を完備しており、お弁当を持参してゆっくりくつろぐことも可能です。スタッフが過ごしやすい環境づくりに力を入れています！","例外事由3号のイにより、長期キャリア形成を図るため、
35歳以下を募集しております。","【勤務時間】
★9:00~18:00
└実働8時間/休憩1時間

定時ダッシュも問題ないです✧
✧ 土日祝休み
✧ 残業月平均:6.5時間以内
✧ 残業代100%支給","✧ 完全週休2日制(土日祝休み)
✧ 年間休日125日
「土日休みはマスト!」ってあなたにも
ぴったりの職場です!

【その他休暇】
✧ 有給休暇
✧ 夏季・冬季休暇
✧ GW休暇
✧ 年末年始休暇",東京都 西多摩郡 瑞穂町,,"月給:25万円~+交通費全額支給

※経験に応じて決定いたします。

# 昇給あり
# 賞与あり
# 残業代100%支給
# 交通費支給","・社会保険完備
・住宅手当
・家賃補助
・退職金制度
・家族手当・扶養手当
・健康診断
・特別休暇
・資格取得支援制度","\\✧カジュアル面談実施中です✧/

応募に必要なのは人柄のみです!
まずはあなたのご希望を聞かせてください!

✩.。.....................。.✩
■ 応募からの流れ ■
✩.。.....................。.✩

▶STEP1WEBから1分簡単ご応募!
1~3日以内に担当者よりご連絡いたします。

▶ STEP2カジュアル面談(1回のみ)

▶STEP3採用

※入社日のご相談OKです◎
お気軽にご相談ください!",,即日勤務OK、交通費支給、残業なし,2,任意,生年月日、性別、電話番号,ntf-indeedapplicant-aaaatulx77tci2k2pr5yeqapva@shukatsu-labo.slack.com,,,利用しない,,
募集中,日本マニュファクチャリングサービス株式会社,【未経験】検品・梱包作業/日本マニュファクチャリングサービス株式会社/横浜市,倉庫作業スタッフ,20~30代活躍中◎ワークライフバランスも充実！！,,神奈川県 横浜市,,,正社員,はい,月給,250000,,最低額を表示,なし,,,,,,,固定時間制,160,,厚生年金、健康保険、雇用保険、労災保険,,なし,,,,,,,,,,,,,,,,,,"空調が完備された綺麗な物流センター内で、人気ECサイトで販売されているアパレル商品・生活雑貨・コスメなどの「検品・梱包作業」を担当していただきます。
作業内容は非常にシンプルで、「商品を手に取る」「傷がないかチェックする」「箱や袋に詰める」という基本の3ステップが中心です。重いお荷物の持ち運びはほとんどなく、自分のペースでコツコツ・黙々と進められる軽作業です。
未経験からスタートしたスタッフが9割以上活躍中で、1日〜数日で覚えられる簡単な作業ばかりですので、バイトデビューや久しぶりのお仕事復帰の方も安心してスタートしていただけます。

■ 具体的なお仕事の流れ

1. 検品・チェック作業
入荷された商品や出荷前の商品に問題がないか、確認する作業です。

・外観の目視確認： 商品に傷や汚れ、ほつれ、パッケージの凹みなどが無いかを目視で丁寧にチェックします。
・数量・品番の照合： 納品書や手元のハンディ端末に表示されたデータと、目の前にある商品の種類・個数が合致しているか確認します。
・バーコードスキャン： バーコードリーダーを使って商品を「ピッと」読み取る作業です。機械の操作はスマホ感覚で直感的に行えるため、難しい設定や専門知識は一切不要です。

2. 梱包・箱詰め作業
検品が完了した商品を、お客様のもとへ無事にお届けできるよう綺麗に包んで箱に詰める作業です。

・袋詰め・緩衝材包装： 服やタオルなどの布製品を専用の透明袋に入れたり、壊れやすいコスメ・ガラス製品などをプチプチ（緩衝材）で包みます。
・箱詰め・セット作業： 指定のサイズに合わせたダンボール箱を組み立て、商品が途中で動かないよう丁寧に納めます。
・テープ留め・封かん： ダンボールのフタを閉じ、ガムテープでしっかり留めたら梱包完了です。

3. シール貼り・仕分け作業
出荷に向けた最後の仕上げ作業です。

・ラベル貼り： お届け先の伝票シールや、取扱注意シール（「水濡れ厳禁」「割れ物注意」など）を指定の位置へキレイに貼り付けます。
・出荷先ごとの仕分け： 梱包が終わった箱を、配送地域別や配送業者別に分けられた台車やコンテナへ移します。

■ 1日のタイムスケジュール例（日勤の場合）
09:00〜【朝礼・作業スタート】
本日の連絡事項を確認後、各自の作業台へ移動します。担当する作業（検品または梱包）をスタートします。

12:00〜【お昼休憩（60分）】
清潔な休憩室でランチタイム。電子レンジ・冷蔵庫・自動販売機も完備されており、お弁当の持参も自由です。

13:00〜【午後の作業再開】
午前の続きの作業を行います。自分のデスクで黙々と作業に集中できる時間です。

15:00〜【小休憩（15分）】
身体をほぐしたり水分補給をするリフレッシュタイム。集中力を保ちやすい環境が整っています。

15:15〜【出荷準備・最終仕上げ】
本日発送分の最終チェックと、作業スペースの清掃・整理整頓を行います。

18:00〜【作業終了・定時退勤】
残業は基本的にありません。定時になったら「お疲れ様でした！」とスッキリ帰宅できます。

■ 快適な作業環境と働きやすさのポイント
・1年中快適な空調完備： 冷暖房がしっかり効いたクリーンな倉庫なので、夏は涼しく、冬は暖かく快適に作業できます。
・身体に優しい軽作業： 扱う商品は衣類、コスメ、文房具、小型雑貨などがメインです。重量物の持ち上げ作業はありません。
・充実した設備： 個人用の鍵付きロッカーを完備。休憩室は広々としており、ポットや電子レンジ、フリーWi-Fiも自由に使えます。

■ 未経験者でも安心のサポート体制
入社初日は、安全に関する講習と作業の基本ルールについてのオリエンテーションからスタートします。
現場配属後は、専任の先輩スタッフがマンツーマンでついて実際の作業を見せながら丁寧にレクチャーします。

最初は「シールの貼り方」や「ダンボールの組み立て」といった、特に簡単な作業からお任せしますので、一度にたくさんのことを覚える必要はありません。
作業中に分からないことや迷うことがあっても、すぐ近くにリーダーや先輩スタッフが常駐しているため、「これってどうやるんでしたっけ？」といつでも気軽に質問できる安心の環境です。早ければ半日、遅くても2〜3日程度で一人立ちしてスムーズにお仕事を進められるようになります！","✅ 未経験スタート9割以上！簡単なシンプル作業です
「商品を手に取る」「キズがないか見る」「箱に入れる」など、覚えることはたったこれだけ！複雑な機械操作や難しいルールはありません。
先輩スタッフのほとんどが未経験からのスタートです。特別なスキルや経験は一切不要なので、初めてのアルバイトや久しぶりのお仕事復帰の方も安心してください。

✅ 自分のペースで黙々・コツコツ取り組める！
「接客が苦手…」「一人で集中して作業したい」という方にピッタリの環境です。
ノルマなどもなく、ご自身のペースで作業を進められるので、人間関係のストレスを感じることなくのびのびと働けます。

✅ 重い荷物なし！身体への負担が少ない軽作業
扱う商品は、衣服や生活雑貨、コスメなどの比較的軽いものが中心です。
重いダンボールを持ち運んだり、力仕事をお願いすることはほぼありませんので、年齢・性別問わず無理なく長く続けられるお仕事です。

✅ 空調完備のキレイな倉庫で、1年中快適♪
冷暖房がしっかり効いたクリーンな室内での作業です。
「夏は暑くて汗だく…」「冬は寒くて手がかじかむ…」といった心配は無用！季節や天候に関わらず、いつも快適な温度の中で気持ちよく作業に集中できます。

✅ 充実の設備＆働きやすい環境
鍵付きの個人ロッカーを完備しているほか、広々として清潔な休憩室もご用意しています。
休憩室には電子レンジ・冷蔵庫・ポット・自動販売機を完備しており、お弁当を持参してゆっくりくつろぐことも可能です。スタッフが過ごしやすい環境づくりに力を入れています！","例外事由3号のイにより、長期キャリア形成を図るため、
35歳以下を募集しております。","【勤務時間】
★9:00~18:00
└実働8時間/休憩1時間

定時ダッシュも問題ないです✧
✧ 土日祝休み
✧ 残業月平均:6.5時間以内
✧ 残業代100%支給","✧ 完全週休2日制(土日祝休み)
✧ 年間休日125日
「土日休みはマスト!」ってあなたにも
ぴったりの職場です!

【その他休暇】
✧ 有給休暇
✧ 夏季・冬季休暇
✧ GW休暇
✧ 年末年始休暇",神奈川県 横浜市,,"月給:25万円~+交通費全額支給

※経験に応じて決定いたします。

# 昇給あり
# 賞与あり
# 残業代100%支給
# 交通費支給","・社会保険完備
・住宅手当
・家賃補助
・退職金制度
・家族手当・扶養手当
・健康診断
・特別休暇
・資格取得支援制度","\\✧カジュアル面談実施中です✧/

応募に必要なのは人柄のみです!
まずはあなたのご希望を聞かせてください!

✩.。.....................。.✩
■ 応募からの流れ ■
✩.。.....................。.✩

▶STEP1WEBから1分簡単ご応募!
1~3日以内に担当者よりご連絡いたします。

▶ STEP2カジュアル面談(1回のみ)

▶STEP3採用

※入社日のご相談OKです◎
お気軽にご相談ください!",,即日勤務OK、交通費支給、残業なし,2,任意,生年月日、性別、電話番号,ntf-indeedapplicant-aaaatulx77tci2k2pr5yeqapva@shukatsu-labo.slack.com,,,利用しない,,
募集中,日本マニュファクチャリングサービス株式会社,【未経験】検品・梱包作業/日本マニュファクチャリングサービス株式会社/横浜市鶴見区,倉庫作業スタッフ,20~30代活躍中◎ワークライフバランスも充実！！,,神奈川県 横浜市 鶴見区,,,正社員,はい,月給,250000,,最低額を表示,なし,,,,,,,固定時間制,160,,厚生年金、健康保険、雇用保険、労災保険,,なし,,,,,,,,,,,,,,,,,,"空調が完備された綺麗な物流センター内で、人気ECサイトで販売されているアパレル商品・生活雑貨・コスメなどの「検品・梱包作業」を担当していただきます。
作業内容は非常にシンプルで、「商品を手に取る」「傷がないかチェックする」「箱や袋に詰める」という基本の3ステップが中心です。重いお荷物の持ち運びはほとんどなく、自分のペースでコツコツ・黙々と進められる軽作業です。
未経験からスタートしたスタッフが9割以上活躍中で、1日〜数日で覚えられる簡単な作業ばかりですので、バイトデビューや久しぶりのお仕事復帰の方も安心してスタートしていただけます。

■ 具体的なお仕事の流れ

1. 検品・チェック作業
入荷された商品や出荷前の商品に問題がないか、確認する作業です。

・外観の目視確認： 商品に傷や汚れ、ほつれ、パッケージの凹みなどが無いかを目視で丁寧にチェックします。
・数量・品番の照合： 納品書や手元のハンディ端末に表示されたデータと、目の前にある商品の種類・個数が合致しているか確認します。
・バーコードスキャン： バーコードリーダーを使って商品を「ピッと」読み取る作業です。機械の操作はスマホ感覚で直感的に行えるため、難しい設定や専門知識は一切不要です。

2. 梱包・箱詰め作業
検品が完了した商品を、お客様のもとへ無事にお届けできるよう綺麗に包んで箱に詰める作業です。

・袋詰め・緩衝材包装： 服やタオルなどの布製品を専用の透明袋に入れたり、壊れやすいコスメ・ガラス製品などをプチプチ（緩衝材）で包みます。
・箱詰め・セット作業： 指定のサイズに合わせたダンボール箱を組み立て、商品が途中で動かないよう丁寧に納めます。
・テープ留め・封かん： ダンボールのフタを閉じ、ガムテープでしっかり留めたら梱包完了です。

3. シール貼り・仕分け作業
出荷に向けた最後の仕上げ作業です。

・ラベル貼り： お届け先の伝票シールや、取扱注意シール（「水濡れ厳禁」「割れ物注意」など）を指定の位置へキレイに貼り付けます。
・出荷先ごとの仕分け： 梱包が終わった箱を、配送地域別や配送業者別に分けられた台車やコンテナへ移します。

■ 1日のタイムスケジュール例（日勤の場合）
09:00〜【朝礼・作業スタート】
本日の連絡事項を確認後、各自の作業台へ移動します。担当する作業（検品または梱包）をスタートします。

12:00〜【お昼休憩（60分）】
清潔な休憩室でランチタイム。電子レンジ・冷蔵庫・自動販売機も完備されており、お弁当の持参も自由です。

13:00〜【午後の作業再開】
午前の続きの作業を行います。自分のデスクで黙々と作業に集中できる時間です。

15:00〜【小休憩（15分）】
身体をほぐしたり水分補給をするリフレッシュタイム。集中力を保ちやすい環境が整っています。

15:15〜【出荷準備・最終仕上げ】
本日発送分の最終チェックと、作業スペースの清掃・整理整頓を行います。

18:00〜【作業終了・定時退勤】
残業は基本的にありません。定時になったら「お疲れ様でした！」とスッキリ帰宅できます。

■ 快適な作業環境と働きやすさのポイント
・1年中快適な空調完備： 冷暖房がしっかり効いたクリーンな倉庫なので、夏は涼しく、冬は暖かく快適に作業できます。
・身体に優しい軽作業： 扱う商品は衣類、コスメ、文房具、小型雑貨などがメインです。重量物の持ち上げ作業はありません。
・充実した設備： 個人用の鍵付きロッカーを完備。休憩室は広々としており、ポットや電子レンジ、フリーWi-Fiも自由に使えます。

■ 未経験者でも安心のサポート体制
入社初日は、安全に関する講習と作業の基本ルールについてのオリエンテーションからスタートします。
現場配属後は、専任の先輩スタッフがマンツーマンでついて実際の作業を見せながら丁寧にレクチャーします。

最初は「シールの貼り方」や「ダンボールの組み立て」といった、特に簡単な作業からお任せしますので、一度にたくさんのことを覚える必要はありません。
作業中に分からないことや迷うことがあっても、すぐ近くにリーダーや先輩スタッフが常駐しているため、「これってどうやるんでしたっけ？」といつでも気軽に質問できる安心の環境です。早ければ半日、遅くても2〜3日程度で一人立ちしてスムーズにお仕事を進められるようになります！","✅ 未経験スタート9割以上！簡単なシンプル作業です
「商品を手に取る」「キズがないか見る」「箱に入れる」など、覚えることはたったこれだけ！複雑な機械操作や難しいルールはありません。
先輩スタッフのほとんどが未経験からのスタートです。特別なスキルや経験は一切不要なので、初めてのアルバイトや久しぶりのお仕事復帰の方も安心してください。

✅ 自分のペースで黙々・コツコツ取り組める！
「接客が苦手…」「一人で集中して作業したい」という方にピッタリの環境です。
ノルマなどもなく、ご自身のペースで作業を進められるので、人間関係のストレスを感じることなくのびのびと働けます。

✅ 重い荷物なし！身体への負担が少ない軽作業
扱う商品は、衣服や生活雑貨、コスメなどの比較的軽いものが中心です。
重いダンボールを持ち運んだり、力仕事をお願いすることはほぼありませんので、年齢・性別問わず無理なく長く続けられるお仕事です。

✅ 空調完備のキレイな倉庫で、1年中快適♪
冷暖房がしっかり効いたクリーンな室内での作業です。
「夏は暑くて汗だく…」「冬は寒くて手がかじかむ…」といった心配は無用！季節や天候に関わらず、いつも快適な温度の中で気持ちよく作業に集中できます。

✅ 充実の設備＆働きやすい環境
鍵付きの個人ロッカーを完備しているほか、広々として清潔な休憩室もご用意しています。
休憩室には電子レンジ・冷蔵庫・ポット・自動販売機を完備しており、お弁当を持参してゆっくりくつろぐことも可能です。スタッフが過ごしやすい環境づくりに力を入れています！","例外事由3号のイにより、長期キャリア形成を図るため、
35歳以下を募集しております。","【勤務時間】
★9:00~18:00
└実働8時間/休憩1時間

定時ダッシュも問題ないです✧
✧ 土日祝休み
✧ 残業月平均:6.5時間以内
✧ 残業代100%支給","✧ 完全週休2日制(土日祝休み)
✧ 年間休日125日
「土日休みはマスト!」ってあなたにも
ぴったりの職場です!

【その他休暇】
✧ 有給休暇
✧ 夏季・冬季休暇
✧ GW休暇
✧ 年末年始休暇",神奈川県 横浜市 鶴見区,,"月給:25万円~+交通費全額支給

※経験に応じて決定いたします。

# 昇給あり
# 賞与あり
# 残業代100%支給
# 交通費支給","・社会保険完備
・住宅手当
・家賃補助
・退職金制度
・家族手当・扶養手当
・健康診断
・特別休暇
・資格取得支援制度","\\✧カジュアル面談実施中です✧/

応募に必要なのは人柄のみです!
まずはあなたのご希望を聞かせてください!

✩.。.....................。.✩
■ 応募からの流れ ■
✩.。.....................。.✩

▶STEP1WEBから1分簡単ご応募!
1~3日以内に担当者よりご連絡いたします。

▶ STEP2カジュアル面談(1回のみ)

▶STEP3採用

※入社日のご相談OKです◎
お気軽にご相談ください!",,即日勤務OK、交通費支給、残業なし,2,任意,生年月日、性別、電話番号,ntf-indeedapplicant-aaaatulx77tci2k2pr5yeqapva@shukatsu-labo.slack.com,,,利用しない,,
募集中,日本マニュファクチャリングサービス株式会社,【未経験】検品・梱包作業/日本マニュファクチャリングサービス株式会社/横浜市港北区,倉庫作業スタッフ,20~30代活躍中◎ワークライフバランスも充実！！,,神奈川県 横浜市 港北区,,,正社員,はい,月給,250000,,最低額を表示,なし,,,,,,,固定時間制,160,,厚生年金、健康保険、雇用保険、労災保険,,なし,,,,,,,,,,,,,,,,,,"空調が完備された綺麗な物流センター内で、人気ECサイトで販売されているアパレル商品・生活雑貨・コスメなどの「検品・梱包作業」を担当していただきます。
作業内容は非常にシンプルで、「商品を手に取る」「傷がないかチェックする」「箱や袋に詰める」という基本の3ステップが中心です。重いお荷物の持ち運びはほとんどなく、自分のペースでコツコツ・黙々と進められる軽作業です。
未経験からスタートしたスタッフが9割以上活躍中で、1日〜数日で覚えられる簡単な作業ばかりですので、バイトデビューや久しぶりのお仕事復帰の方も安心してスタートしていただけます。

■ 具体的なお仕事の流れ

1. 検品・チェック作業
入荷された商品や出荷前の商品に問題がないか、確認する作業です。

・外観の目視確認： 商品に傷や汚れ、ほつれ、パッケージの凹みなどが無いかを目視で丁寧にチェックします。
・数量・品番の照合： 納品書や手元のハンディ端末に表示されたデータと、目の前にある商品の種類・個数が合致しているか確認します。
・バーコードスキャン： バーコードリーダーを使って商品を「ピッと」読み取る作業です。機械の操作はスマホ感覚で直感的に行えるため、難しい設定や専門知識は一切不要です。

2. 梱包・箱詰め作業
検品が完了した商品を、お客様のもとへ無事にお届けできるよう綺麗に包んで箱に詰める作業です。

・袋詰め・緩衝材包装： 服やタオルなどの布製品を専用の透明袋に入れたり、壊れやすいコスメ・ガラス製品などをプチプチ（緩衝材）で包みます。
・箱詰め・セット作業： 指定のサイズに合わせたダンボール箱を組み立て、商品が途中で動かないよう丁寧に納めます。
・テープ留め・封かん： ダンボールのフタを閉じ、ガムテープでしっかり留めたら梱包完了です。

3. シール貼り・仕分け作業
出荷に向けた最後の仕上げ作業です。

・ラベル貼り： お届け先の伝票シールや、取扱注意シール（「水濡れ厳禁」「割れ物注意」など）を指定の位置へキレイに貼り付けます。
・出荷先ごとの仕分け： 梱包が終わった箱を、配送地域別や配送業者別に分けられた台車やコンテナへ移します。

■ 1日のタイムスケジュール例（日勤の場合）
09:00〜【朝礼・作業スタート】
本日の連絡事項を確認後、各自の作業台へ移動します。担当する作業（検品または梱包）をスタートします。

12:00〜【お昼休憩（60分）】
清潔な休憩室でランチタイム。電子レンジ・冷蔵庫・自動販売機も完備されており、お弁当の持参も自由です。

13:00〜【午後の作業再開】
午前の続きの作業を行います。自分のデスクで黙々と作業に集中できる時間です。

15:00〜【小休憩（15分）】
身体をほぐしたり水分補給をするリフレッシュタイム。集中力を保ちやすい環境が整っています。

15:15〜【出荷準備・最終仕上げ】
本日発送分の最終チェックと、作業スペースの清掃・整理整頓を行います。

18:00〜【作業終了・定時退勤】
残業は基本的にありません。定時になったら「お疲れ様でした！」とスッキリ帰宅できます。

■ 快適な作業環境と働きやすさのポイント
・1年中快適な空調完備： 冷暖房がしっかり効いたクリーンな倉庫なので、夏は涼しく、冬は暖かく快適に作業できます。
・身体に優しい軽作業： 扱う商品は衣類、コスメ、文房具、小型雑貨などがメインです。重量物の持ち上げ作業はありません。
・充実した設備： 個人用の鍵付きロッカーを完備。休憩室は広々としており、ポットや電子レンジ、フリーWi-Fiも自由に使えます。

■ 未経験者でも安心のサポート体制
入社初日は、安全に関する講習と作業の基本ルールについてのオリエンテーションからスタートします。
現場配属後は、専任の先輩スタッフがマンツーマンでついて実際の作業を見せながら丁寧にレクチャーします。

最初は「シールの貼り方」や「ダンボールの組み立て」といった、特に簡単な作業からお任せしますので、一度にたくさんのことを覚える必要はありません。
作業中に分からないことや迷うことがあっても、すぐ近くにリーダーや先輩スタッフが常駐しているため、「これってどうやるんでしたっけ？」といつでも気軽に質問できる安心の環境です。早ければ半日、遅くても2〜3日程度で一人立ちしてスムーズにお仕事を進められるようになります！","✅ 未経験スタート9割以上！簡単なシンプル作業です
「商品を手に取る」「キズがないか見る」「箱に入れる」など、覚えることはたったこれだけ！複雑な機械操作や難しいルールはありません。
先輩スタッフのほとんどが未経験からのスタートです。特別なスキルや経験は一切不要なので、初めてのアルバイトや久しぶりのお仕事復帰の方も安心してください。

✅ 自分のペースで黙々・コツコツ取り組める！
「接客が苦手…」「一人で集中して作業したい」という方にピッタリの環境です。
ノルマなどもなく、ご自身のペースで作業を進められるので、人間関係のストレスを感じることなくのびのびと働けます。

✅ 重い荷物なし！身体への負担が少ない軽作業
扱う商品は、衣服や生活雑貨、コスメなどの比較的軽いものが中心です。
重いダンボールを持ち運んだり、力仕事をお願いすることはほぼありませんので、年齢・性別問わず無理なく長く続けられるお仕事です。

✅ 空調完備のキレイな倉庫で、1年中快適♪
冷暖房がしっかり効いたクリーンな室内での作業です。
「夏は暑くて汗だく…」「冬は寒くて手がかじかむ…」といった心配は無用！季節や天候に関わらず、いつも快適な温度の中で気持ちよく作業に集中できます。

✅ 充実の設備＆働きやすい環境
鍵付きの個人ロッカーを完備しているほか、広々として清潔な休憩室もご用意しています。
休憩室には電子レンジ・冷蔵庫・ポット・自動販売機を完備しており、お弁当を持参してゆっくりくつろぐことも可能です。スタッフが過ごしやすい環境づくりに力を入れています！","例外事由3号のイにより、長期キャリア形成を図るため、
35歳以下を募集しております。","【勤務時間】
★9:00~18:00
└実働8時間/休憩1時間

定時ダッシュも問題ないです✧
✧ 土日祝休み
✧ 残業月平均:6.5時間以内
✧ 残業代100%支給","✧ 完全週休2日制(土日祝休み)
✧ 年間休日125日
「土日休みはマスト!」ってあなたにも
ぴったりの職場です!

【その他休暇】
✧ 有給休暇
✧ 夏季・冬季休暇
✧ GW休暇
✧ 年末年始休暇",神奈川県 横浜市 港北区,,"月給:25万円~+交通費全額支給

※経験に応じて決定いたします。

# 昇給あり
# 賞与あり
# 残業代100%支給
# 交通費支給","・社会保険完備
・住宅手当
・家賃補助
・退職金制度
・家族手当・扶養手当
・健康診断
・特別休暇
・資格取得支援制度","\\✧カジュアル面談実施中です✧/

応募に必要なのは人柄のみです!
まずはあなたのご希望を聞かせてください!

✩.。.....................。.✩
■ 応募からの流れ ■
✩.。.....................。.✩

▶STEP1WEBから1分簡単ご応募!
1~3日以内に担当者よりご連絡いたします。

▶ STEP2カジュアル面談(1回のみ)

▶STEP3採用

※入社日のご相談OKです◎
お気軽にご相談ください!",,即日勤務OK、交通費支給、残業なし,2,任意,生年月日、性別、電話番号,ntf-indeedapplicant-aaaatulx77tci2k2pr5yeqapva@shukatsu-labo.slack.com,,,利用しない,,
募集中,日本マニュファクチャリングサービス株式会社,【未経験】検品・梱包作業/日本マニュファクチャリングサービス株式会社/横浜市栄区,倉庫作業スタッフ,20~30代活躍中◎ワークライフバランスも充実！！,,神奈川県 横浜市 栄区,,,正社員,はい,月給,250000,,最低額を表示,なし,,,,,,,固定時間制,160,,厚生年金、健康保険、雇用保険、労災保険,,なし,,,,,,,,,,,,,,,,,,"空調が完備された綺麗な物流センター内で、人気ECサイトで販売されているアパレル商品・生活雑貨・コスメなどの「検品・梱包作業」を担当していただきます。
作業内容は非常にシンプルで、「商品を手に取る」「傷がないかチェックする」「箱や袋に詰める」という基本の3ステップが中心です。重いお荷物の持ち運びはほとんどなく、自分のペースでコツコツ・黙々と進められる軽作業です。
未経験からスタートしたスタッフが9割以上活躍中で、1日〜数日で覚えられる簡単な作業ばかりですので、バイトデビューや久しぶりのお仕事復帰の方も安心してスタートしていただけます。

■ 具体的なお仕事の流れ

1. 検品・チェック作業
入荷された商品や出荷前の商品に問題がないか、確認する作業です。

・外観の目視確認： 商品に傷や汚れ、ほつれ、パッケージの凹みなどが無いかを目視で丁寧にチェックします。
・数量・品番の照合： 納品書や手元のハンディ端末に表示されたデータと、目の前にある商品の種類・個数が合致しているか確認します。
・バーコードスキャン： バーコードリーダーを使って商品を「ピッと」読み取る作業です。機械の操作はスマホ感覚で直感的に行えるため、難しい設定や専門知識は一切不要です。

2. 梱包・箱詰め作業
検品が完了した商品を、お客様のもとへ無事にお届けできるよう綺麗に包んで箱に詰める作業です。

・袋詰め・緩衝材包装： 服やタオルなどの布製品を専用の透明袋に入れたり、壊れやすいコスメ・ガラス製品などをプチプチ（緩衝材）で包みます。
・箱詰め・セット作業： 指定のサイズに合わせたダンボール箱を組み立て、商品が途中で動かないよう丁寧に納めます。
・テープ留め・封かん： ダンボールのフタを閉じ、ガムテープでしっかり留めたら梱包完了です。

3. シール貼り・仕分け作業
出荷に向けた最後の仕上げ作業です。

・ラベル貼り： お届け先の伝票シールや、取扱注意シール（「水濡れ厳禁」「割れ物注意」など）を指定の位置へキレイに貼り付けます。
・出荷先ごとの仕分け： 梱包が終わった箱を、配送地域別や配送業者別に分けられた台車やコンテナへ移します。

■ 1日のタイムスケジュール例（日勤の場合）
09:00〜【朝礼・作業スタート】
本日の連絡事項を確認後、各自の作業台へ移動します。担当する作業（検品または梱包）をスタートします。

12:00〜【お昼休憩（60分）】
清潔な休憩室でランチタイム。電子レンジ・冷蔵庫・自動販売機も完備されており、お弁当の持参も自由です。

13:00〜【午後の作業再開】
午前の続きの作業を行います。自分のデスクで黙々と作業に集中できる時間です。

15:00〜【小休憩（15分）】
身体をほぐしたり水分補給をするリフレッシュタイム。集中力を保ちやすい環境が整っています。

15:15〜【出荷準備・最終仕上げ】
本日発送分の最終チェックと、作業スペースの清掃・整理整頓を行います。

18:00〜【作業終了・定時退勤】
残業は基本的にありません。定時になったら「お疲れ様でした！」とスッキリ帰宅できます。

■ 快適な作業環境と働きやすさのポイント
・1年中快適な空調完備： 冷暖房がしっかり効いたクリーンな倉庫なので、夏は涼しく、冬は暖かく快適に作業できます。
・身体に優しい軽作業： 扱う商品は衣類、コスメ、文房具、小型雑貨などがメインです。重量物の持ち上げ作業はありません。
・充実した設備： 個人用の鍵付きロッカーを完備。休憩室は広々としており、ポットや電子レンジ、フリーWi-Fiも自由に使えます。

■ 未経験者でも安心のサポート体制
入社初日は、安全に関する講習と作業の基本ルールについてのオリエンテーションからスタートします。
現場配属後は、専任の先輩スタッフがマンツーマンでついて実際の作業を見せながら丁寧にレクチャーします。

最初は「シールの貼り方」や「ダンボールの組み立て」といった、特に簡単な作業からお任せしますので、一度にたくさんのことを覚える必要はありません。
作業中に分からないことや迷うことがあっても、すぐ近くにリーダーや先輩スタッフが常駐しているため、「これってどうやるんでしたっけ？」といつでも気軽に質問できる安心の環境です。早ければ半日、遅くても2〜3日程度で一人立ちしてスムーズにお仕事を進められるようになります！","✅ 未経験スタート9割以上！簡単なシンプル作業です
「商品を手に取る」「キズがないか見る」「箱に入れる」など、覚えることはたったこれだけ！複雑な機械操作や難しいルールはありません。
先輩スタッフのほとんどが未経験からのスタートです。特別なスキルや経験は一切不要なので、初めてのアルバイトや久しぶりのお仕事復帰の方も安心してください。

✅ 自分のペースで黙々・コツコツ取り組める！
「接客が苦手…」「一人で集中して作業したい」という方にピッタリの環境です。
ノルマなどもなく、ご自身のペースで作業を進められるので、人間関係のストレスを感じることなくのびのびと働けます。

✅ 重い荷物なし！身体への負担が少ない軽作業
扱う商品は、衣服や生活雑貨、コスメなどの比較的軽いものが中心です。
重いダンボールを持ち運んだり、力仕事をお願いすることはほぼありませんので、年齢・性別問わず無理なく長く続けられるお仕事です。

✅ 空調完備のキレイな倉庫で、1年中快適♪
冷暖房がしっかり効いたクリーンな室内での作業です。
「夏は暑くて汗だく…」「冬は寒くて手がかじかむ…」といった心配は無用！季節や天候に関わらず、いつも快適な温度の中で気持ちよく作業に集中できます。

✅ 充実の設備＆働きやすい環境
鍵付きの個人ロッカーを完備しているほか、広々として清潔な休憩室もご用意しています。
休憩室には電子レンジ・冷蔵庫・ポット・自動販売機を完備しており、お弁当を持参してゆっくりくつろぐことも可能です。スタッフが過ごしやすい環境づくりに力を入れています！","例外事由3号のイにより、長期キャリア形成を図るため、
35歳以下を募集しております。","【勤務時間】
★9:00~18:00
└実働8時間/休憩1時間

定時ダッシュも問題ないです✧
✧ 土日祝休み
✧ 残業月平均:6.5時間以内
✧ 残業代100%支給","✧ 完全週休2日制(土日祝休み)
✧ 年間休日125日
「土日休みはマスト!」ってあなたにも
ぴったりの職場です!

【その他休暇】
✧ 有給休暇
✧ 夏季・冬季休暇
✧ GW休暇
✧ 年末年始休暇",神奈川県 横浜市 栄区,,"月給:25万円~+交通費全額支給

※経験に応じて決定いたします。

# 昇給あり
# 賞与あり
# 残業代100%支給
# 交通費支給","・社会保険完備
・住宅手当
・家賃補助
・退職金制度
・家族手当・扶養手当
・健康診断
・特別休暇
・資格取得支援制度","\\✧カジュアル面談実施中です✧/

応募に必要なのは人柄のみです!
まずはあなたのご希望を聞かせてください!

✩.。.....................。.✩
■ 応募からの流れ ■
✩.。.....................。.✩

▶STEP1WEBから1分簡単ご応募!
1~3日以内に担当者よりご連絡いたします。

▶ STEP2カジュアル面談(1回のみ)

▶STEP3採用

※入社日のご相談OKです◎
お気軽にご相談ください!",,即日勤務OK、交通費支給、残業なし,2,任意,生年月日、性別、電話番号,ntf-indeedapplicant-aaaatulx77tci2k2pr5yeqapva@shukatsu-labo.slack.com,,,利用しない,,
募集中,日本マニュファクチャリングサービス株式会社,【未経験】検品・梱包作業/日本マニュファクチャリングサービス株式会社/横浜市神奈川区,倉庫作業スタッフ,20~30代活躍中◎ワークライフバランスも充実！！,,神奈川県 横浜市 神奈川区,,,正社員,はい,月給,250000,,最低額を表示,なし,,,,,,,固定時間制,160,,厚生年金、健康保険、雇用保険、労災保険,,なし,,,,,,,,,,,,,,,,,,"空調が完備された綺麗な物流センター内で、人気ECサイトで販売されているアパレル商品・生活雑貨・コスメなどの「検品・梱包作業」を担当していただきます。
作業内容は非常にシンプルで、「商品を手に取る」「傷がないかチェックする」「箱や袋に詰める」という基本の3ステップが中心です。重いお荷物の持ち運びはほとんどなく、自分のペースでコツコツ・黙々と進められる軽作業です。
未経験からスタートしたスタッフが9割以上活躍中で、1日〜数日で覚えられる簡単な作業ばかりですので、バイトデビューや久しぶりのお仕事復帰の方も安心してスタートしていただけます。

■ 具体的なお仕事の流れ

1. 検品・チェック作業
入荷された商品や出荷前の商品に問題がないか、確認する作業です。

・外観の目視確認： 商品に傷や汚れ、ほつれ、パッケージの凹みなどが無いかを目視で丁寧にチェックします。
・数量・品番の照合： 納品書や手元のハンディ端末に表示されたデータと、目の前にある商品の種類・個数が合致しているか確認します。
・バーコードスキャン： バーコードリーダーを使って商品を「ピッと」読み取る作業です。機械の操作はスマホ感覚で直感的に行えるため、難しい設定や専門知識は一切不要です。

2. 梱包・箱詰め作業
検品が完了した商品を、お客様のもとへ無事にお届けできるよう綺麗に包んで箱に詰める作業です。

・袋詰め・緩衝材包装： 服やタオルなどの布製品を専用の透明袋に入れたり、壊れやすいコスメ・ガラス製品などをプチプチ（緩衝材）で包みます。
・箱詰め・セット作業： 指定のサイズに合わせたダンボール箱を組み立て、商品が途中で動かないよう丁寧に納めます。
・テープ留め・封かん： ダンボールのフタを閉じ、ガムテープでしっかり留めたら梱包完了です。

3. シール貼り・仕分け作業
出荷に向けた最後の仕上げ作業です。

・ラベル貼り： お届け先の伝票シールや、取扱注意シール（「水濡れ厳禁」「割れ物注意」など）を指定の位置へキレイに貼り付けます。
・出荷先ごとの仕分け： 梱包が終わった箱を、配送地域別や配送業者別に分けられた台車やコンテナへ移します。

■ 1日のタイムスケジュール例（日勤の場合）
09:00〜【朝礼・作業スタート】
本日の連絡事項を確認後、各自の作業台へ移動します。担当する作業（検品または梱包）をスタートします。

12:00〜【お昼休憩（60分）】
清潔な休憩室でランチタイム。電子レンジ・冷蔵庫・自動販売機も完備されており、お弁当の持参も自由です。

13:00〜【午後の作業再開】
午前の続きの作業を行います。自分のデスクで黙々と作業に集中できる時間です。

15:00〜【小休憩（15分）】
身体をほぐしたり水分補給をするリフレッシュタイム。集中力を保ちやすい環境が整っています。

15:15〜【出荷準備・最終仕上げ】
本日発送分の最終チェックと、作業スペースの清掃・整理整頓を行います。

18:00〜【作業終了・定時退勤】
残業は基本的にありません。定時になったら「お疲れ様でした！」とスッキリ帰宅できます。

■ 快適な作業環境と働きやすさのポイント
・1年中快適な空調完備： 冷暖房がしっかり効いたクリーンな倉庫なので、夏は涼しく、冬は暖かく快適に作業できます。
・身体に優しい軽作業： 扱う商品は衣類、コスメ、文房具、小型雑貨などがメインです。重量物の持ち上げ作業はありません。
・充実した設備： 個人用の鍵付きロッカーを完備。休憩室は広々としており、ポットや電子レンジ、フリーWi-Fiも自由に使えます。

■ 未経験者でも安心のサポート体制
入社初日は、安全に関する講習と作業の基本ルールについてのオリエンテーションからスタートします。
現場配属後は、専任の先輩スタッフがマンツーマンでついて実際の作業を見せながら丁寧にレクチャーします。

最初は「シールの貼り方」や「ダンボールの組み立て」といった、特に簡単な作業からお任せしますので、一度にたくさんのことを覚える必要はありません。
作業中に分からないことや迷うことがあっても、すぐ近くにリーダーや先輩スタッフが常駐しているため、「これってどうやるんでしたっけ？」といつでも気軽に質問できる安心の環境です。早ければ半日、遅くても2〜3日程度で一人立ちしてスムーズにお仕事を進められるようになります！","✅ 未経験スタート9割以上！簡単なシンプル作業です
「商品を手に取る」「キズがないか見る」「箱に入れる」など、覚えることはたったこれだけ！複雑な機械操作や難しいルールはありません。
先輩スタッフのほとんどが未経験からのスタートです。特別なスキルや経験は一切不要なので、初めてのアルバイトや久しぶりのお仕事復帰の方も安心してください。

✅ 自分のペースで黙々・コツコツ取り組める！
「接客が苦手…」「一人で集中して作業したい」という方にピッタリの環境です。
ノルマなどもなく、ご自身のペースで作業を進められるので、人間関係のストレスを感じることなくのびのびと働けます。

✅ 重い荷物なし！身体への負担が少ない軽作業
扱う商品は、衣服や生活雑貨、コスメなどの比較的軽いものが中心です。
重いダンボールを持ち運んだり、力仕事をお願いすることはほぼありませんので、年齢・性別問わず無理なく長く続けられるお仕事です。

✅ 空調完備のキレイな倉庫で、1年中快適♪
冷暖房がしっかり効いたクリーンな室内での作業です。
「夏は暑くて汗だく…」「冬は寒くて手がかじかむ…」といった心配は無用！季節や天候に関わらず、いつも快適な温度の中で気持ちよく作業に集中できます。

✅ 充実の設備＆働きやすい環境
鍵付きの個人ロッカーを完備しているほか、広々として清潔な休憩室もご用意しています。
休憩室には電子レンジ・冷蔵庫・ポット・自動販売機を完備しており、お弁当を持参してゆっくりくつろぐことも可能です。スタッフが過ごしやすい環境づくりに力を入れています！","例外事由3号のイにより、長期キャリア形成を図るため、
35歳以下を募集しております。","【勤務時間】
★9:00~18:00
└実働8時間/休憩1時間

定時ダッシュも問題ないです✧
✧ 土日祝休み
✧ 残業月平均:6.5時間以内
✧ 残業代100%支給","✧ 完全週休2日制(土日祝休み)
✧ 年間休日125日
「土日休みはマスト!」ってあなたにも
ぴったりの職場です!

【その他休暇】
✧ 有給休暇
✧ 夏季・冬季休暇
✧ GW休暇
✧ 年末年始休暇",神奈川県 横浜市 神奈川区,,"月給:25万円~+交通費全額支給

※経験に応じて決定いたします。

# 昇給あり
# 賞与あり
# 残業代100%支給
# 交通費支給","・社会保険完備
・住宅手当
・家賃補助
・退職金制度
・家族手当・扶養手当
・健康診断
・特別休暇
・資格取得支援制度","\\✧カジュアル面談実施中です✧/

応募に必要なのは人柄のみです!
まずはあなたのご希望を聞かせてください!

✩.。.....................。.✩
■ 応募からの流れ ■
✩.。.....................。.✩

▶STEP1WEBから1分簡単ご応募!
1~3日以内に担当者よりご連絡いたします。

▶ STEP2カジュアル面談(1回のみ)

▶STEP3採用

※入社日のご相談OKです◎
お気軽にご相談ください!",,即日勤務OK、交通費支給、残業なし,2,任意,生年月日、性別、電話番号,ntf-indeedapplicant-aaaatulx77tci2k2pr5yeqapva@shukatsu-labo.slack.com,,,利用しない,,
募集中,日本マニュファクチャリングサービス株式会社,【未経験】検品・梱包作業/日本マニュファクチャリングサービス株式会社/川崎市,倉庫作業スタッフ,20~30代活躍中◎ワークライフバランスも充実！！,,神奈川県 川崎市,,,正社員,はい,月給,250000,,最低額を表示,なし,,,,,,,固定時間制,160,,厚生年金、健康保険、雇用保険、労災保険,,なし,,,,,,,,,,,,,,,,,,"空調が完備された綺麗な物流センター内で、人気ECサイトで販売されているアパレル商品・生活雑貨・コスメなどの「検品・梱包作業」を担当していただきます。
作業内容は非常にシンプルで、「商品を手に取る」「傷がないかチェックする」「箱や袋に詰める」という基本の3ステップが中心です。重いお荷物の持ち運びはほとんどなく、自分のペースでコツコツ・黙々と進められる軽作業です。
未経験からスタートしたスタッフが9割以上活躍中で、1日〜数日で覚えられる簡単な作業ばかりですので、バイトデビューや久しぶりのお仕事復帰の方も安心してスタートしていただけます。

■ 具体的なお仕事の流れ

1. 検品・チェック作業
入荷された商品や出荷前の商品に問題がないか、確認する作業です。

・外観の目視確認： 商品に傷や汚れ、ほつれ、パッケージの凹みなどが無いかを目視で丁寧にチェックします。
・数量・品番の照合： 納品書や手元のハンディ端末に表示されたデータと、目の前にある商品の種類・個数が合致しているか確認します。
・バーコードスキャン： バーコードリーダーを使って商品を「ピッと」読み取る作業です。機械の操作はスマホ感覚で直感的に行えるため、難しい設定や専門知識は一切不要です。

2. 梱包・箱詰め作業
検品が完了した商品を、お客様のもとへ無事にお届けできるよう綺麗に包んで箱に詰める作業です。

・袋詰め・緩衝材包装： 服やタオルなどの布製品を専用の透明袋に入れたり、壊れやすいコスメ・ガラス製品などをプチプチ（緩衝材）で包みます。
・箱詰め・セット作業： 指定のサイズに合わせたダンボール箱を組み立て、商品が途中で動かないよう丁寧に納めます。
・テープ留め・封かん： ダンボールのフタを閉じ、ガムテープでしっかり留めたら梱包完了です。

3. シール貼り・仕分け作業
出荷に向けた最後の仕上げ作業です。

・ラベル貼り： お届け先の伝票シールや、取扱注意シール（「水濡れ厳禁」「割れ物注意」など）を指定の位置へキレイに貼り付けます。
・出荷先ごとの仕分け： 梱包が終わった箱を、配送地域別や配送業者別に分けられた台車やコンテナへ移します。

■ 1日のタイムスケジュール例（日勤の場合）
09:00〜【朝礼・作業スタート】
本日の連絡事項を確認後、各自の作業台へ移動します。担当する作業（検品または梱包）をスタートします。

12:00〜【お昼休憩（60分）】
清潔な休憩室でランチタイム。電子レンジ・冷蔵庫・自動販売機も完備されており、お弁当の持参も自由です。

13:00〜【午後の作業再開】
午前の続きの作業を行います。自分のデスクで黙々と作業に集中できる時間です。

15:00〜【小休憩（15分）】
身体をほぐしたり水分補給をするリフレッシュタイム。集中力を保ちやすい環境が整っています。

15:15〜【出荷準備・最終仕上げ】
本日発送分の最終チェックと、作業スペースの清掃・整理整頓を行います。

18:00〜【作業終了・定時退勤】
残業は基本的にありません。定時になったら「お疲れ様でした！」とスッキリ帰宅できます。

■ 快適な作業環境と働きやすさのポイント
・1年中快適な空調完備： 冷暖房がしっかり効いたクリーンな倉庫なので、夏は涼しく、冬は暖かく快適に作業できます。
・身体に優しい軽作業： 扱う商品は衣類、コスメ、文房具、小型雑貨などがメインです。重量物の持ち上げ作業はありません。
・充実した設備： 個人用の鍵付きロッカーを完備。休憩室は広々としており、ポットや電子レンジ、フリーWi-Fiも自由に使えます。

■ 未経験者でも安心のサポート体制
入社初日は、安全に関する講習と作業の基本ルールについてのオリエンテーションからスタートします。
現場配属後は、専任の先輩スタッフがマンツーマンでついて実際の作業を見せながら丁寧にレクチャーします。

最初は「シールの貼り方」や「ダンボールの組み立て」といった、特に簡単な作業からお任せしますので、一度にたくさんのことを覚える必要はありません。
作業中に分からないことや迷うことがあっても、すぐ近くにリーダーや先輩スタッフが常駐しているため、「これってどうやるんでしたっけ？」といつでも気軽に質問できる安心の環境です。早ければ半日、遅くても2〜3日程度で一人立ちしてスムーズにお仕事を進められるようになります！","✅ 未経験スタート9割以上！簡単なシンプル作業です
「商品を手に取る」「キズがないか見る」「箱に入れる」など、覚えることはたったこれだけ！複雑な機械操作や難しいルールはありません。
先輩スタッフのほとんどが未経験からのスタートです。特別なスキルや経験は一切不要なので、初めてのアルバイトや久しぶりのお仕事復帰の方も安心してください。

✅ 自分のペースで黙々・コツコツ取り組める！
「接客が苦手…」「一人で集中して作業したい」という方にピッタリの環境です。
ノルマなどもなく、ご自身のペースで作業を進められるので、人間関係のストレスを感じることなくのびのびと働けます。

✅ 重い荷物なし！身体への負担が少ない軽作業
扱う商品は、衣服や生活雑貨、コスメなどの比較的軽いものが中心です。
重いダンボールを持ち運んだり、力仕事をお願いすることはほぼありませんので、年齢・性別問わず無理なく長く続けられるお仕事です。

✅ 空調完備のキレイな倉庫で、1年中快適♪
冷暖房がしっかり効いたクリーンな室内での作業です。
「夏は暑くて汗だく…」「冬は寒くて手がかじかむ…」といった心配は無用！季節や天候に関わらず、いつも快適な温度の中で気持ちよく作業に集中できます。

✅ 充実の設備＆働きやすい環境
鍵付きの個人ロッカーを完備しているほか、広々として清潔な休憩室もご用意しています。
休憩室には電子レンジ・冷蔵庫・ポット・自動販売機を完備しており、お弁当を持参してゆっくりくつろぐことも可能です。スタッフが過ごしやすい環境づくりに力を入れています！","例外事由3号のイにより、長期キャリア形成を図るため、
35歳以下を募集しております。","【勤務時間】
★9:00~18:00
└実働8時間/休憩1時間

定時ダッシュも問題ないです✧
✧ 土日祝休み
✧ 残業月平均:6.5時間以内
✧ 残業代100%支給","✧ 完全週休2日制(土日祝休み)
✧ 年間休日125日
「土日休みはマスト!」ってあなたにも
ぴったりの職場です!

【その他休暇】
✧ 有給休暇
✧ 夏季・冬季休暇
✧ GW休暇
✧ 年末年始休暇",神奈川県 川崎市,,"月給:25万円~+交通費全額支給

※経験に応じて決定いたします。

# 昇給あり
# 賞与あり
# 残業代100%支給
# 交通費支給","・社会保険完備
・住宅手当
・家賃補助
・退職金制度
・家族手当・扶養手当
・健康診断
・特別休暇
・資格取得支援制度","\\✧カジュアル面談実施中です✧/

応募に必要なのは人柄のみです!
まずはあなたのご希望を聞かせてください!

✩.。.....................。.✩
■ 応募からの流れ ■
✩.。.....................。.✩

▶STEP1WEBから1分簡単ご応募!
1~3日以内に担当者よりご連絡いたします。

▶ STEP2カジュアル面談(1回のみ)

▶STEP3採用

※入社日のご相談OKです◎
お気軽にご相談ください!",,即日勤務OK、交通費支給、残業なし,2,任意,生年月日、性別、電話番号,ntf-indeedapplicant-aaaatulx77tci2k2pr5yeqapva@shukatsu-labo.slack.com,,,利用しない,,
募集中,日本マニュファクチャリングサービス株式会社,【未経験】検品・梱包作業/日本マニュファクチャリングサービス株式会社/川崎市中原区,倉庫作業スタッフ,20~30代活躍中◎ワークライフバランスも充実！！,,神奈川県 川崎市 中原区,,,正社員,はい,月給,250000,,最低額を表示,なし,,,,,,,固定時間制,160,,厚生年金、健康保険、雇用保険、労災保険,,なし,,,,,,,,,,,,,,,,,,"空調が完備された綺麗な物流センター内で、人気ECサイトで販売されているアパレル商品・生活雑貨・コスメなどの「検品・梱包作業」を担当していただきます。
作業内容は非常にシンプルで、「商品を手に取る」「傷がないかチェックする」「箱や袋に詰める」という基本の3ステップが中心です。重いお荷物の持ち運びはほとんどなく、自分のペースでコツコツ・黙々と進められる軽作業です。
未経験からスタートしたスタッフが9割以上活躍中で、1日〜数日で覚えられる簡単な作業ばかりですので、バイトデビューや久しぶりのお仕事復帰の方も安心してスタートしていただけます。

■ 具体的なお仕事の流れ

1. 検品・チェック作業
入荷された商品や出荷前の商品に問題がないか、確認する作業です。

・外観の目視確認： 商品に傷や汚れ、ほつれ、パッケージの凹みなどが無いかを目視で丁寧にチェックします。
・数量・品番の照合： 納品書や手元のハンディ端末に表示されたデータと、目の前にある商品の種類・個数が合致しているか確認します。
・バーコードスキャン： バーコードリーダーを使って商品を「ピッと」読み取る作業です。機械の操作はスマホ感覚で直感的に行えるため、難しい設定や専門知識は一切不要です。

2. 梱包・箱詰め作業
検品が完了した商品を、お客様のもとへ無事にお届けできるよう綺麗に包んで箱に詰める作業です。

・袋詰め・緩衝材包装： 服やタオルなどの布製品を専用の透明袋に入れたり、壊れやすいコスメ・ガラス製品などをプチプチ（緩衝材）で包みます。
・箱詰め・セット作業： 指定のサイズに合わせたダンボール箱を組み立て、商品が途中で動かないよう丁寧に納めます。
・テープ留め・封かん： ダンボールのフタを閉じ、ガムテープでしっかり留めたら梱包完了です。

3. シール貼り・仕分け作業
出荷に向けた最後の仕上げ作業です。

・ラベル貼り： お届け先の伝票シールや、取扱注意シール（「水濡れ厳禁」「割れ物注意」など）を指定の位置へキレイに貼り付けます。
・出荷先ごとの仕分け： 梱包が終わった箱を、配送地域別や配送業者別に分けられた台車やコンテナへ移します。

■ 1日のタイムスケジュール例（日勤の場合）
09:00〜【朝礼・作業スタート】
本日の連絡事項を確認後、各自の作業台へ移動します。担当する作業（検品または梱包）をスタートします。

12:00〜【お昼休憩（60分）】
清潔な休憩室でランチタイム。電子レンジ・冷蔵庫・自動販売機も完備されており、お弁当の持参も自由です。

13:00〜【午後の作業再開】
午前の続きの作業を行います。自分のデスクで黙々と作業に集中できる時間です。

15:00〜【小休憩（15分）】
身体をほぐしたり水分補給をするリフレッシュタイム。集中力を保ちやすい環境が整っています。

15:15〜【出荷準備・最終仕上げ】
本日発送分の最終チェックと、作業スペースの清掃・整理整頓を行います。

18:00〜【作業終了・定時退勤】
残業は基本的にありません。定時になったら「お疲れ様でした！」とスッキリ帰宅できます。

■ 快適な作業環境と働きやすさのポイント
・1年中快適な空調完備： 冷暖房がしっかり効いたクリーンな倉庫なので、夏は涼しく、冬は暖かく快適に作業できます。
・身体に優しい軽作業： 扱う商品は衣類、コスメ、文房具、小型雑貨などがメインです。重量物の持ち上げ作業はありません。
・充実した設備： 個人用の鍵付きロッカーを完備。休憩室は広々としており、ポットや電子レンジ、フリーWi-Fiも自由に使えます。

■ 未経験者でも安心のサポート体制
入社初日は、安全に関する講習と作業の基本ルールについてのオリエンテーションからスタートします。
現場配属後は、専任の先輩スタッフがマンツーマンでついて実際の作業を見せながら丁寧にレクチャーします。

最初は「シールの貼り方」や「ダンボールの組み立て」といった、特に簡単な作業からお任せしますので、一度にたくさんのことを覚える必要はありません。
作業中に分からないことや迷うことがあっても、すぐ近くにリーダーや先輩スタッフが常駐しているため、「これってどうやるんでしたっけ？」といつでも気軽に質問できる安心の環境です。早ければ半日、遅くても2〜3日程度で一人立ちしてスムーズにお仕事を進められるようになります！","✅ 未経験スタート9割以上！簡単なシンプル作業です
「商品を手に取る」「キズがないか見る」「箱に入れる」など、覚えることはたったこれだけ！複雑な機械操作や難しいルールはありません。
先輩スタッフのほとんどが未経験からのスタートです。特別なスキルや経験は一切不要なので、初めてのアルバイトや久しぶりのお仕事復帰の方も安心してください。

✅ 自分のペースで黙々・コツコツ取り組める！
「接客が苦手…」「一人で集中して作業したい」という方にピッタリの環境です。
ノルマなどもなく、ご自身のペースで作業を進められるので、人間関係のストレスを感じることなくのびのびと働けます。

✅ 重い荷物なし！身体への負担が少ない軽作業
扱う商品は、衣服や生活雑貨、コスメなどの比較的軽いものが中心です。
重いダンボールを持ち運んだり、力仕事をお願いすることはほぼありませんので、年齢・性別問わず無理なく長く続けられるお仕事です。

✅ 空調完備のキレイな倉庫で、1年中快適♪
冷暖房がしっかり効いたクリーンな室内での作業です。
「夏は暑くて汗だく…」「冬は寒くて手がかじかむ…」といった心配は無用！季節や天候に関わらず、いつも快適な温度の中で気持ちよく作業に集中できます。

✅ 充実の設備＆働きやすい環境
鍵付きの個人ロッカーを完備しているほか、広々として清潔な休憩室もご用意しています。
休憩室には電子レンジ・冷蔵庫・ポット・自動販売機を完備しており、お弁当を持参してゆっくりくつろぐことも可能です。スタッフが過ごしやすい環境づくりに力を入れています！","例外事由3号のイにより、長期キャリア形成を図るため、
35歳以下を募集しております。","【勤務時間】
★9:00~18:00
└実働8時間/休憩1時間

定時ダッシュも問題ないです✧
✧ 土日祝休み
✧ 残業月平均:6.5時間以内
✧ 残業代100%支給","✧ 完全週休2日制(土日祝休み)
✧ 年間休日125日
「土日休みはマスト!」ってあなたにも
ぴったりの職場です!

【その他休暇】
✧ 有給休暇
✧ 夏季・冬季休暇
✧ GW休暇
✧ 年末年始休暇",神奈川県 川崎市 中原区,,"月給:25万円~+交通費全額支給

※経験に応じて決定いたします。

# 昇給あり
# 賞与あり
# 残業代100%支給
# 交通費支給","・社会保険完備
・住宅手当
・家賃補助
・退職金制度
・家族手当・扶養手当
・健康診断
・特別休暇
・資格取得支援制度","\\✧カジュアル面談実施中です✧/

応募に必要なのは人柄のみです!
まずはあなたのご希望を聞かせてください!

✩.。.....................。.✩
■ 応募からの流れ ■
✩.。.....................。.✩

▶STEP1WEBから1分簡単ご応募!
1~3日以内に担当者よりご連絡いたします。

▶ STEP2カジュアル面談(1回のみ)

▶STEP3採用

※入社日のご相談OKです◎
お気軽にご相談ください!",,即日勤務OK、交通費支給、残業なし,2,任意,生年月日、性別、電話番号,ntf-indeedapplicant-aaaatulx77tci2k2pr5yeqapva@shukatsu-labo.slack.com,,,利用しない,,
募集中,日本マニュファクチャリングサービス株式会社,【未経験】検品・梱包作業/日本マニュファクチャリングサービス株式会社/川崎市川崎区,倉庫作業スタッフ,20~30代活躍中◎ワークライフバランスも充実！！,,神奈川県 川崎市 川崎区,,,正社員,はい,月給,250000,,最低額を表示,なし,,,,,,,固定時間制,160,,厚生年金、健康保険、雇用保険、労災保険,,なし,,,,,,,,,,,,,,,,,,"空調が完備された綺麗な物流センター内で、人気ECサイトで販売されているアパレル商品・生活雑貨・コスメなどの「検品・梱包作業」を担当していただきます。
作業内容は非常にシンプルで、「商品を手に取る」「傷がないかチェックする」「箱や袋に詰める」という基本の3ステップが中心です。重いお荷物の持ち運びはほとんどなく、自分のペースでコツコツ・黙々と進められる軽作業です。
未経験からスタートしたスタッフが9割以上活躍中で、1日〜数日で覚えられる簡単な作業ばかりですので、バイトデビューや久しぶりのお仕事復帰の方も安心してスタートしていただけます。

■ 具体的なお仕事の流れ

1. 検品・チェック作業
入荷された商品や出荷前の商品に問題がないか、確認する作業です。

・外観の目視確認： 商品に傷や汚れ、ほつれ、パッケージの凹みなどが無いかを目視で丁寧にチェックします。
・数量・品番の照合： 納品書や手元のハンディ端末に表示されたデータと、目の前にある商品の種類・個数が合致しているか確認します。
・バーコードスキャン： バーコードリーダーを使って商品を「ピッと」読み取る作業です。機械の操作はスマホ感覚で直感的に行えるため、難しい設定や専門知識は一切不要です。

2. 梱包・箱詰め作業
検品が完了した商品を、お客様のもとへ無事にお届けできるよう綺麗に包んで箱に詰める作業です。

・袋詰め・緩衝材包装： 服やタオルなどの布製品を専用の透明袋に入れたり、壊れやすいコスメ・ガラス製品などをプチプチ（緩衝材）で包みます。
・箱詰め・セット作業： 指定のサイズに合わせたダンボール箱を組み立て、商品が途中で動かないよう丁寧に納めます。
・テープ留め・封かん： ダンボールのフタを閉じ、ガムテープでしっかり留めたら梱包完了です。

3. シール貼り・仕分け作業
出荷に向けた最後の仕上げ作業です。

・ラベル貼り： お届け先の伝票シールや、取扱注意シール（「水濡れ厳禁」「割れ物注意」など）を指定の位置へキレイに貼り付けます。
・出荷先ごとの仕分け： 梱包が終わった箱を、配送地域別や配送業者別に分けられた台車やコンテナへ移します。

■ 1日のタイムスケジュール例（日勤の場合）
09:00〜【朝礼・作業スタート】
本日の連絡事項を確認後、各自の作業台へ移動します。担当する作業（検品または梱包）をスタートします。

12:00〜【お昼休憩（60分）】
清潔な休憩室でランチタイム。電子レンジ・冷蔵庫・自動販売機も完備されており、お弁当の持参も自由です。

13:00〜【午後の作業再開】
午前の続きの作業を行います。自分のデスクで黙々と作業に集中できる時間です。

15:00〜【小休憩（15分）】
身体をほぐしたり水分補給をするリフレッシュタイム。集中力を保ちやすい環境が整っています。

15:15〜【出荷準備・最終仕上げ】
本日発送分の最終チェックと、作業スペースの清掃・整理整頓を行います。

18:00〜【作業終了・定時退勤】
残業は基本的にありません。定時になったら「お疲れ様でした！」とスッキリ帰宅できます。

■ 快適な作業環境と働きやすさのポイント
・1年中快適な空調完備： 冷暖房がしっかり効いたクリーンな倉庫なので、夏は涼しく、冬は暖かく快適に作業できます。
・身体に優しい軽作業： 扱う商品は衣類、コスメ、文房具、小型雑貨などがメインです。重量物の持ち上げ作業はありません。
・充実した設備： 個人用の鍵付きロッカーを完備。休憩室は広々としており、ポットや電子レンジ、フリーWi-Fiも自由に使えます。

■ 未経験者でも安心のサポート体制
入社初日は、安全に関する講習と作業の基本ルールについてのオリエンテーションからスタートします。
現場配属後は、専任の先輩スタッフがマンツーマンでついて実際の作業を見せながら丁寧にレクチャーします。

最初は「シールの貼り方」や「ダンボールの組み立て」といった、特に簡単な作業からお任せしますので、一度にたくさんのことを覚える必要はありません。
作業中に分からないことや迷うことがあっても、すぐ近くにリーダーや先輩スタッフが常駐しているため、「これってどうやるんでしたっけ？」といつでも気軽に質問できる安心の環境です。早ければ半日、遅くても2〜3日程度で一人立ちしてスムーズにお仕事を進められるようになります！","✅ 未経験スタート9割以上！簡単なシンプル作業です
「商品を手に取る」「キズがないか見る」「箱に入れる」など、覚えることはたったこれだけ！複雑な機械操作や難しいルールはありません。
先輩スタッフのほとんどが未経験からのスタートです。特別なスキルや経験は一切不要なので、初めてのアルバイトや久しぶりのお仕事復帰の方も安心してください。

✅ 自分のペースで黙々・コツコツ取り組める！
「接客が苦手…」「一人で集中して作業したい」という方にピッタリの環境です。
ノルマなどもなく、ご自身のペースで作業を進められるので、人間関係のストレスを感じることなくのびのびと働けます。

✅ 重い荷物なし！身体への負担が少ない軽作業
扱う商品は、衣服や生活雑貨、コスメなどの比較的軽いものが中心です。
重いダンボールを持ち運んだり、力仕事をお願いすることはほぼありませんので、年齢・性別問わず無理なく長く続けられるお仕事です。

✅ 空調完備のキレイな倉庫で、1年中快適♪
冷暖房がしっかり効いたクリーンな室内での作業です。
「夏は暑くて汗だく…」「冬は寒くて手がかじかむ…」といった心配は無用！季節や天候に関わらず、いつも快適な温度の中で気持ちよく作業に集中できます。

✅ 充実の設備＆働きやすい環境
鍵付きの個人ロッカーを完備しているほか、広々として清潔な休憩室もご用意しています。
休憩室には電子レンジ・冷蔵庫・ポット・自動販売機を完備しており、お弁当を持参してゆっくりくつろぐことも可能です。スタッフが過ごしやすい環境づくりに力を入れています！","例外事由3号のイにより、長期キャリア形成を図るため、
35歳以下を募集しております。","【勤務時間】
★9:00~18:00
└実働8時間/休憩1時間

定時ダッシュも問題ないです✧
✧ 土日祝休み
✧ 残業月平均:6.5時間以内
✧ 残業代100%支給","✧ 完全週休2日制(土日祝休み)
✧ 年間休日125日
「土日休みはマスト!」ってあなたにも
ぴったりの職場です!

【その他休暇】
✧ 有給休暇
✧ 夏季・冬季休暇
✧ GW休暇
✧ 年末年始休暇",神奈川県 川崎市 川崎区,,"月給:25万円~+交通費全額支給

※経験に応じて決定いたします。

# 昇給あり
# 賞与あり
# 残業代100%支給
# 交通費支給","・社会保険完備
・住宅手当
・家賃補助
・退職金制度
・家族手当・扶養手当
・健康診断
・特別休暇
・資格取得支援制度","\\✧カジュアル面談実施中です✧/

応募に必要なのは人柄のみです!
まずはあなたのご希望を聞かせてください!

✩.。.....................。.✩
■ 応募からの流れ ■
✩.。.....................。.✩

▶STEP1WEBから1分簡単ご応募!
1~3日以内に担当者よりご連絡いたします。

▶ STEP2カジュアル面談(1回のみ)

▶STEP3採用

※入社日のご相談OKです◎
お気軽にご相談ください!",,即日勤務OK、交通費支給、残業なし,2,任意,生年月日、性別、電話番号,ntf-indeedapplicant-aaaatulx77tci2k2pr5yeqapva@shukatsu-labo.slack.com,,,利用しない,,
募集中,日本マニュファクチャリングサービス株式会社,【未経験】検品・梱包作業/日本マニュファクチャリングサービス株式会社/川崎市麻生区,倉庫作業スタッフ,20~30代活躍中◎ワークライフバランスも充実！！,,神奈川県 川崎市 麻生区,,,正社員,はい,月給,250000,,最低額を表示,なし,,,,,,,固定時間制,160,,厚生年金、健康保険、雇用保険、労災保険,,なし,,,,,,,,,,,,,,,,,,"空調が完備された綺麗な物流センター内で、人気ECサイトで販売されているアパレル商品・生活雑貨・コスメなどの「検品・梱包作業」を担当していただきます。
作業内容は非常にシンプルで、「商品を手に取る」「傷がないかチェックする」「箱や袋に詰める」という基本の3ステップが中心です。重いお荷物の持ち運びはほとんどなく、自分のペースでコツコツ・黙々と進められる軽作業です。
未経験からスタートしたスタッフが9割以上活躍中で、1日〜数日で覚えられる簡単な作業ばかりですので、バイトデビューや久しぶりのお仕事復帰の方も安心してスタートしていただけます。

■ 具体的なお仕事の流れ

1. 検品・チェック作業
入荷された商品や出荷前の商品に問題がないか、確認する作業です。

・外観の目視確認： 商品に傷や汚れ、ほつれ、パッケージの凹みなどが無いかを目視で丁寧にチェックします。
・数量・品番の照合： 納品書や手元のハンディ端末に表示されたデータと、目の前にある商品の種類・個数が合致しているか確認します。
・バーコードスキャン： バーコードリーダーを使って商品を「ピッと」読み取る作業です。機械の操作はスマホ感覚で直感的に行えるため、難しい設定や専門知識は一切不要です。

2. 梱包・箱詰め作業
検品が完了した商品を、お客様のもとへ無事にお届けできるよう綺麗に包んで箱に詰める作業です。

・袋詰め・緩衝材包装： 服やタオルなどの布製品を専用の透明袋に入れたり、壊れやすいコスメ・ガラス製品などをプチプチ（緩衝材）で包みます。
・箱詰め・セット作業： 指定のサイズに合わせたダンボール箱を組み立て、商品が途中で動かないよう丁寧に納めます。
・テープ留め・封かん： ダンボールのフタを閉じ、ガムテープでしっかり留めたら梱包完了です。

3. シール貼り・仕分け作業
出荷に向けた最後の仕上げ作業です。

・ラベル貼り： お届け先の伝票シールや、取扱注意シール（「水濡れ厳禁」「割れ物注意」など）を指定の位置へキレイに貼り付けます。
・出荷先ごとの仕分け： 梱包が終わった箱を、配送地域別や配送業者別に分けられた台車やコンテナへ移します。

■ 1日のタイムスケジュール例（日勤の場合）
09:00〜【朝礼・作業スタート】
本日の連絡事項を確認後、各自の作業台へ移動します。担当する作業（検品または梱包）をスタートします。

12:00〜【お昼休憩（60分）】
清潔な休憩室でランチタイム。電子レンジ・冷蔵庫・自動販売機も完備されており、お弁当の持参も自由です。

13:00〜【午後の作業再開】
午前の続きの作業を行います。自分のデスクで黙々と作業に集中できる時間です。

15:00〜【小休憩（15分）】
身体をほぐしたり水分補給をするリフレッシュタイム。集中力を保ちやすい環境が整っています。

15:15〜【出荷準備・最終仕上げ】
本日発送分の最終チェックと、作業スペースの清掃・整理整頓を行います。

18:00〜【作業終了・定時退勤】
残業は基本的にありません。定時になったら「お疲れ様でした！」とスッキリ帰宅できます。

■ 快適な作業環境と働きやすさのポイント
・1年中快適な空調完備： 冷暖房がしっかり効いたクリーンな倉庫なので、夏は涼しく、冬は暖かく快適に作業できます。
・身体に優しい軽作業： 扱う商品は衣類、コスメ、文房具、小型雑貨などがメインです。重量物の持ち上げ作業はありません。
・充実した設備： 個人用の鍵付きロッカーを完備。休憩室は広々としており、ポットや電子レンジ、フリーWi-Fiも自由に使えます。

■ 未経験者でも安心のサポート体制
入社初日は、安全に関する講習と作業の基本ルールについてのオリエンテーションからスタートします。
現場配属後は、専任の先輩スタッフがマンツーマンでついて実際の作業を見せながら丁寧にレクチャーします。

最初は「シールの貼り方」や「ダンボールの組み立て」といった、特に簡単な作業からお任せしますので、一度にたくさんのことを覚える必要はありません。
作業中に分からないことや迷うことがあっても、すぐ近くにリーダーや先輩スタッフが常駐しているため、「これってどうやるんでしたっけ？」といつでも気軽に質問できる安心の環境です。早ければ半日、遅くても2〜3日程度で一人立ちしてスムーズにお仕事を進められるようになります！","✅ 未経験スタート9割以上！簡単なシンプル作業です
「商品を手に取る」「キズがないか見る」「箱に入れる」など、覚えることはたったこれだけ！複雑な機械操作や難しいルールはありません。
先輩スタッフのほとんどが未経験からのスタートです。特別なスキルや経験は一切不要なので、初めてのアルバイトや久しぶりのお仕事復帰の方も安心してください。

✅ 自分のペースで黙々・コツコツ取り組める！
「接客が苦手…」「一人で集中して作業したい」という方にピッタリの環境です。
ノルマなどもなく、ご自身のペースで作業を進められるので、人間関係のストレスを感じることなくのびのびと働けます。

✅ 重い荷物なし！身体への負担が少ない軽作業
扱う商品は、衣服や生活雑貨、コスメなどの比較的軽いものが中心です。
重いダンボールを持ち運んだり、力仕事をお願いすることはほぼありませんので、年齢・性別問わず無理なく長く続けられるお仕事です。

✅ 空調完備のキレイな倉庫で、1年中快適♪
冷暖房がしっかり効いたクリーンな室内での作業です。
「夏は暑くて汗だく…」「冬は寒くて手がかじかむ…」といった心配は無用！季節や天候に関わらず、いつも快適な温度の中で気持ちよく作業に集中できます。

✅ 充実の設備＆働きやすい環境
鍵付きの個人ロッカーを完備しているほか、広々として清潔な休憩室もご用意しています。
休憩室には電子レンジ・冷蔵庫・ポット・自動販売機を完備しており、お弁当を持参してゆっくりくつろぐことも可能です。スタッフが過ごしやすい環境づくりに力を入れています！","例外事由3号のイにより、長期キャリア形成を図るため、
35歳以下を募集しております。","【勤務時間】
★9:00~18:00
└実働8時間/休憩1時間

定時ダッシュも問題ないです✧
✧ 土日祝休み
✧ 残業月平均:6.5時間以内
✧ 残業代100%支給","✧ 完全週休2日制(土日祝休み)
✧ 年間休日125日
「土日休みはマスト!」ってあなたにも
ぴったりの職場です!

【その他休暇】
✧ 有給休暇
✧ 夏季・冬季休暇
✧ GW休暇
✧ 年末年始休暇",神奈川県 川崎市 麻生区,,"月給:25万円~+交通費全額支給

※経験に応じて決定いたします。

# 昇給あり
# 賞与あり
# 残業代100%支給
# 交通費支給","・社会保険完備
・住宅手当
・家賃補助
・退職金制度
・家族手当・扶養手当
・健康診断
・特別休暇
・資格取得支援制度","\\✧カジュアル面談実施中です✧/

応募に必要なのは人柄のみです!
まずはあなたのご希望を聞かせてください!

✩.。.....................。.✩
■ 応募からの流れ ■
✩.。.....................。.✩

▶STEP1WEBから1分簡単ご応募!
1~3日以内に担当者よりご連絡いたします。

▶ STEP2カジュアル面談(1回のみ)

▶STEP3採用

※入社日のご相談OKです◎
お気軽にご相談ください!",,即日勤務OK、交通費支給、残業なし,2,任意,生年月日、性別、電話番号,ntf-indeedapplicant-aaaatulx77tci2k2pr5yeqapva@shukatsu-labo.slack.com,,,利用しない,,
募集中,日本マニュファクチャリングサービス株式会社,【未経験】検品・梱包作業/日本マニュファクチャリングサービス株式会社/相模原市,倉庫作業スタッフ,20~30代活躍中◎ワークライフバランスも充実！！,,神奈川県 相模原市,,,正社員,はい,月給,250000,,最低額を表示,なし,,,,,,,固定時間制,160,,厚生年金、健康保険、雇用保険、労災保険,,なし,,,,,,,,,,,,,,,,,,"空調が完備された綺麗な物流センター内で、人気ECサイトで販売されているアパレル商品・生活雑貨・コスメなどの「検品・梱包作業」を担当していただきます。
作業内容は非常にシンプルで、「商品を手に取る」「傷がないかチェックする」「箱や袋に詰める」という基本の3ステップが中心です。重いお荷物の持ち運びはほとんどなく、自分のペースでコツコツ・黙々と進められる軽作業です。
未経験からスタートしたスタッフが9割以上活躍中で、1日〜数日で覚えられる簡単な作業ばかりですので、バイトデビューや久しぶりのお仕事復帰の方も安心してスタートしていただけます。

■ 具体的なお仕事の流れ

1. 検品・チェック作業
入荷された商品や出荷前の商品に問題がないか、確認する作業です。

・外観の目視確認： 商品に傷や汚れ、ほつれ、パッケージの凹みなどが無いかを目視で丁寧にチェックします。
・数量・品番の照合： 納品書や手元のハンディ端末に表示されたデータと、目の前にある商品の種類・個数が合致しているか確認します。
・バーコードスキャン： バーコードリーダーを使って商品を「ピッと」読み取る作業です。機械の操作はスマホ感覚で直感的に行えるため、難しい設定や専門知識は一切不要です。

2. 梱包・箱詰め作業
検品が完了した商品を、お客様のもとへ無事にお届けできるよう綺麗に包んで箱に詰める作業です。

・袋詰め・緩衝材包装： 服やタオルなどの布製品を専用の透明袋に入れたり、壊れやすいコスメ・ガラス製品などをプチプチ（緩衝材）で包みます。
・箱詰め・セット作業： 指定のサイズに合わせたダンボール箱を組み立て、商品が途中で動かないよう丁寧に納めます。
・テープ留め・封かん： ダンボールのフタを閉じ、ガムテープでしっかり留めたら梱包完了です。

3. シール貼り・仕分け作業
出荷に向けた最後の仕上げ作業です。

・ラベル貼り： お届け先の伝票シールや、取扱注意シール（「水濡れ厳禁」「割れ物注意」など）を指定の位置へキレイに貼り付けます。
・出荷先ごとの仕分け： 梱包が終わった箱を、配送地域別や配送業者別に分けられた台車やコンテナへ移します。

■ 1日のタイムスケジュール例（日勤の場合）
09:00〜【朝礼・作業スタート】
本日の連絡事項を確認後、各自の作業台へ移動します。担当する作業（検品または梱包）をスタートします。

12:00〜【お昼休憩（60分）】
清潔な休憩室でランチタイム。電子レンジ・冷蔵庫・自動販売機も完備されており、お弁当の持参も自由です。

13:00〜【午後の作業再開】
午前の続きの作業を行います。自分のデスクで黙々と作業に集中できる時間です。

15:00〜【小休憩（15分）】
身体をほぐしたり水分補給をするリフレッシュタイム。集中力を保ちやすい環境が整っています。

15:15〜【出荷準備・最終仕上げ】
本日発送分の最終チェックと、作業スペースの清掃・整理整頓を行います。

18:00〜【作業終了・定時退勤】
残業は基本的にありません。定時になったら「お疲れ様でした！」とスッキリ帰宅できます。

■ 快適な作業環境と働きやすさのポイント
・1年中快適な空調完備： 冷暖房がしっかり効いたクリーンな倉庫なので、夏は涼しく、冬は暖かく快適に作業できます。
・身体に優しい軽作業： 扱う商品は衣類、コスメ、文房具、小型雑貨などがメインです。重量物の持ち上げ作業はありません。
・充実した設備： 個人用の鍵付きロッカーを完備。休憩室は広々としており、ポットや電子レンジ、フリーWi-Fiも自由に使えます。

■ 未経験者でも安心のサポート体制
入社初日は、安全に関する講習と作業の基本ルールについてのオリエンテーションからスタートします。
現場配属後は、専任の先輩スタッフがマンツーマンでついて実際の作業を見せながら丁寧にレクチャーします。

最初は「シールの貼り方」や「ダンボールの組み立て」といった、特に簡単な作業からお任せしますので、一度にたくさんのことを覚える必要はありません。
作業中に分からないことや迷うことがあっても、すぐ近くにリーダーや先輩スタッフが常駐しているため、「これってどうやるんでしたっけ？」といつでも気軽に質問できる安心の環境です。早ければ半日、遅くても2〜3日程度で一人立ちしてスムーズにお仕事を進められるようになります！","✅ 未経験スタート9割以上！簡単なシンプル作業です
「商品を手に取る」「キズがないか見る」「箱に入れる」など、覚えることはたったこれだけ！複雑な機械操作や難しいルールはありません。
先輩スタッフのほとんどが未経験からのスタートです。特別なスキルや経験は一切不要なので、初めてのアルバイトや久しぶりのお仕事復帰の方も安心してください。

✅ 自分のペースで黙々・コツコツ取り組める！
「接客が苦手…」「一人で集中して作業したい」という方にピッタリの環境です。
ノルマなどもなく、ご自身のペースで作業を進められるので、人間関係のストレスを感じることなくのびのびと働けます。

✅ 重い荷物なし！身体への負担が少ない軽作業
扱う商品は、衣服や生活雑貨、コスメなどの比較的軽いものが中心です。
重いダンボールを持ち運んだり、力仕事をお願いすることはほぼありませんので、年齢・性別問わず無理なく長く続けられるお仕事です。

✅ 空調完備のキレイな倉庫で、1年中快適♪
冷暖房がしっかり効いたクリーンな室内での作業です。
「夏は暑くて汗だく…」「冬は寒くて手がかじかむ…」といった心配は無用！季節や天候に関わらず、いつも快適な温度の中で気持ちよく作業に集中できます。

✅ 充実の設備＆働きやすい環境
鍵付きの個人ロッカーを完備しているほか、広々として清潔な休憩室もご用意しています。
休憩室には電子レンジ・冷蔵庫・ポット・自動販売機を完備しており、お弁当を持参してゆっくりくつろぐことも可能です。スタッフが過ごしやすい環境づくりに力を入れています！","例外事由3号のイにより、長期キャリア形成を図るため、
35歳以下を募集しております。","【勤務時間】
★9:00~18:00
└実働8時間/休憩1時間

定時ダッシュも問題ないです✧
✧ 土日祝休み
✧ 残業月平均:6.5時間以内
✧ 残業代100%支給","✧ 完全週休2日制(土日祝休み)
✧ 年間休日125日
「土日休みはマスト!」ってあなたにも
ぴったりの職場です!

【その他休暇】
✧ 有給休暇
✧ 夏季・冬季休暇
✧ GW休暇
✧ 年末年始休暇",神奈川県 相模原市,,"月給:25万円~+交通費全額支給

※経験に応じて決定いたします。

# 昇給あり
# 賞与あり
# 残業代100%支給
# 交通費支給","・社会保険完備
・住宅手当
・家賃補助
・退職金制度
・家族手当・扶養手当
・健康診断
・特別休暇
・資格取得支援制度","\\✧カジュアル面談実施中です✧/

応募に必要なのは人柄のみです!
まずはあなたのご希望を聞かせてください!

✩.。.....................。.✩
■ 応募からの流れ ■
✩.。.....................。.✩

▶STEP1WEBから1分簡単ご応募!
1~3日以内に担当者よりご連絡いたします。

▶ STEP2カジュアル面談(1回のみ)

▶STEP3採用

※入社日のご相談OKです◎
お気軽にご相談ください!",,即日勤務OK、交通費支給、残業なし,2,任意,生年月日、性別、電話番号,ntf-indeedapplicant-aaaatulx77tci2k2pr5yeqapva@shukatsu-labo.slack.com,,,利用しない,,
募集中,日本マニュファクチャリングサービス株式会社,【未経験】検品・梱包作業/日本マニュファクチャリングサービス株式会社/相模原市中央区,倉庫作業スタッフ,20~30代活躍中◎ワークライフバランスも充実！！,,神奈川県 相模原市 中央区,,,正社員,はい,月給,250000,,最低額を表示,なし,,,,,,,固定時間制,160,,厚生年金、健康保険、雇用保険、労災保険,,なし,,,,,,,,,,,,,,,,,,"空調が完備された綺麗な物流センター内で、人気ECサイトで販売されているアパレル商品・生活雑貨・コスメなどの「検品・梱包作業」を担当していただきます。
作業内容は非常にシンプルで、「商品を手に取る」「傷がないかチェックする」「箱や袋に詰める」という基本の3ステップが中心です。重いお荷物の持ち運びはほとんどなく、自分のペースでコツコツ・黙々と進められる軽作業です。
未経験からスタートしたスタッフが9割以上活躍中で、1日〜数日で覚えられる簡単な作業ばかりですので、バイトデビューや久しぶりのお仕事復帰の方も安心してスタートしていただけます。

■ 具体的なお仕事の流れ

1. 検品・チェック作業
入荷された商品や出荷前の商品に問題がないか、確認する作業です。

・外観の目視確認： 商品に傷や汚れ、ほつれ、パッケージの凹みなどが無いかを目視で丁寧にチェックします。
・数量・品番の照合： 納品書や手元のハンディ端末に表示されたデータと、目の前にある商品の種類・個数が合致しているか確認します。
・バーコードスキャン： バーコードリーダーを使って商品を「ピッと」読み取る作業です。機械の操作はスマホ感覚で直感的に行えるため、難しい設定や専門知識は一切不要です。

2. 梱包・箱詰め作業
検品が完了した商品を、お客様のもとへ無事にお届けできるよう綺麗に包んで箱に詰める作業です。

・袋詰め・緩衝材包装： 服やタオルなどの布製品を専用の透明袋に入れたり、壊れやすいコスメ・ガラス製品などをプチプチ（緩衝材）で包みます。
・箱詰め・セット作業： 指定のサイズに合わせたダンボール箱を組み立て、商品が途中で動かないよう丁寧に納めます。
・テープ留め・封かん： ダンボールのフタを閉じ、ガムテープでしっかり留めたら梱包完了です。

3. シール貼り・仕分け作業
出荷に向けた最後の仕上げ作業です。

・ラベル貼り： お届け先の伝票シールや、取扱注意シール（「水濡れ厳禁」「割れ物注意」など）を指定の位置へキレイに貼り付けます。
・出荷先ごとの仕分け： 梱包が終わった箱を、配送地域別や配送業者別に分けられた台車やコンテナへ移します。

■ 1日のタイムスケジュール例（日勤の場合）
09:00〜【朝礼・作業スタート】
本日の連絡事項を確認後、各自の作業台へ移動します。担当する作業（検品または梱包）をスタートします。

12:00〜【お昼休憩（60分）】
清潔な休憩室でランチタイム。電子レンジ・冷蔵庫・自動販売機も完備されており、お弁当の持参も自由です。

13:00〜【午後の作業再開】
午前の続きの作業を行います。自分のデスクで黙々と作業に集中できる時間です。

15:00〜【小休憩（15分）】
身体をほぐしたり水分補給をするリフレッシュタイム。集中力を保ちやすい環境が整っています。

15:15〜【出荷準備・最終仕上げ】
本日発送分の最終チェックと、作業スペースの清掃・整理整頓を行います。

18:00〜【作業終了・定時退勤】
残業は基本的にありません。定時になったら「お疲れ様でした！」とスッキリ帰宅できます。

■ 快適な作業環境と働きやすさのポイント
・1年中快適な空調完備： 冷暖房がしっかり効いたクリーンな倉庫なので、夏は涼しく、冬は暖かく快適に作業できます。
・身体に優しい軽作業： 扱う商品は衣類、コスメ、文房具、小型雑貨などがメインです。重量物の持ち上げ作業はありません。
・充実した設備： 個人用の鍵付きロッカーを完備。休憩室は広々としており、ポットや電子レンジ、フリーWi-Fiも自由に使えます。

■ 未経験者でも安心のサポート体制
入社初日は、安全に関する講習と作業の基本ルールについてのオリエンテーションからスタートします。
現場配属後は、専任の先輩スタッフがマンツーマンでついて実際の作業を見せながら丁寧にレクチャーします。

最初は「シールの貼り方」や「ダンボールの組み立て」といった、特に簡単な作業からお任せしますので、一度にたくさんのことを覚える必要はありません。
作業中に分からないことや迷うことがあっても、すぐ近くにリーダーや先輩スタッフが常駐しているため、「これってどうやるんでしたっけ？」といつでも気軽に質問できる安心の環境です。早ければ半日、遅くても2〜3日程度で一人立ちしてスムーズにお仕事を進められるようになります！","✅ 未経験スタート9割以上！簡単なシンプル作業です
「商品を手に取る」「キズがないか見る」「箱に入れる」など、覚えることはたったこれだけ！複雑な機械操作や難しいルールはありません。
先輩スタッフのほとんどが未経験からのスタートです。特別なスキルや経験は一切不要なので、初めてのアルバイトや久しぶりのお仕事復帰の方も安心してください。

✅ 自分のペースで黙々・コツコツ取り組める！
「接客が苦手…」「一人で集中して作業したい」という方にピッタリの環境です。
ノルマなどもなく、ご自身のペースで作業を進められるので、人間関係のストレスを感じることなくのびのびと働けます。

✅ 重い荷物なし！身体への負担が少ない軽作業
扱う商品は、衣服や生活雑貨、コスメなどの比較的軽いものが中心です。
重いダンボールを持ち運んだり、力仕事をお願いすることはほぼありませんので、年齢・性別問わず無理なく長く続けられるお仕事です。

✅ 空調完備のキレイな倉庫で、1年中快適♪
冷暖房がしっかり効いたクリーンな室内での作業です。
「夏は暑くて汗だく…」「冬は寒くて手がかじかむ…」といった心配は無用！季節や天候に関わらず、いつも快適な温度の中で気持ちよく作業に集中できます。

✅ 充実の設備＆働きやすい環境
鍵付きの個人ロッカーを完備しているほか、広々として清潔な休憩室もご用意しています。
休憩室には電子レンジ・冷蔵庫・ポット・自動販売機を完備しており、お弁当を持参してゆっくりくつろぐことも可能です。スタッフが過ごしやすい環境づくりに力を入れています！","例外事由3号のイにより、長期キャリア形成を図るため、
35歳以下を募集しております。","【勤務時間】
★9:00~18:00
└実働8時間/休憩1時間

定時ダッシュも問題ないです✧
✧ 土日祝休み
✧ 残業月平均:6.5時間以内
✧ 残業代100%支給","✧ 完全週休2日制(土日祝休み)
✧ 年間休日125日
「土日休みはマスト!」ってあなたにも
ぴったりの職場です!

【その他休暇】
✧ 有給休暇
✧ 夏季・冬季休暇
✧ GW休暇
✧ 年末年始休暇",神奈川県 相模原市 中央区,,"月給:25万円~+交通費全額支給

※経験に応じて決定いたします。

# 昇給あり
# 賞与あり
# 残業代100%支給
# 交通費支給","・社会保険完備
・住宅手当
・家賃補助
・退職金制度
・家族手当・扶養手当
・健康診断
・特別休暇
・資格取得支援制度","\\✧カジュアル面談実施中です✧/

応募に必要なのは人柄のみです!
まずはあなたのご希望を聞かせてください!

✩.。.....................。.✩
■ 応募からの流れ ■
✩.。.....................。.✩

▶STEP1WEBから1分簡単ご応募!
1~3日以内に担当者よりご連絡いたします。

▶ STEP2カジュアル面談(1回のみ)

▶STEP3採用

※入社日のご相談OKです◎
お気軽にご相談ください!",,即日勤務OK、交通費支給、残業なし,2,任意,生年月日、性別、電話番号,ntf-indeedapplicant-aaaatulx77tci2k2pr5yeqapva@shukatsu-labo.slack.com,,,利用しない,,
募集中,日本マニュファクチャリングサービス株式会社,【未経験】検品・梱包作業/日本マニュファクチャリングサービス株式会社/厚木市,倉庫作業スタッフ,20~30代活躍中◎ワークライフバランスも充実！！,,神奈川県 厚木市,,,正社員,はい,月給,250000,,最低額を表示,なし,,,,,,,固定時間制,160,,厚生年金、健康保険、雇用保険、労災保険,,なし,,,,,,,,,,,,,,,,,,"空調が完備された綺麗な物流センター内で、人気ECサイトで販売されているアパレル商品・生活雑貨・コスメなどの「検品・梱包作業」を担当していただきます。
作業内容は非常にシンプルで、「商品を手に取る」「傷がないかチェックする」「箱や袋に詰める」という基本の3ステップが中心です。重いお荷物の持ち運びはほとんどなく、自分のペースでコツコツ・黙々と進められる軽作業です。
未経験からスタートしたスタッフが9割以上活躍中で、1日〜数日で覚えられる簡単な作業ばかりですので、バイトデビューや久しぶりのお仕事復帰の方も安心してスタートしていただけます。

■ 具体的なお仕事の流れ

1. 検品・チェック作業
入荷された商品や出荷前の商品に問題がないか、確認する作業です。

・外観の目視確認： 商品に傷や汚れ、ほつれ、パッケージの凹みなどが無いかを目視で丁寧にチェックします。
・数量・品番の照合： 納品書や手元のハンディ端末に表示されたデータと、目の前にある商品の種類・個数が合致しているか確認します。
・バーコードスキャン： バーコードリーダーを使って商品を「ピッと」読み取る作業です。機械の操作はスマホ感覚で直感的に行えるため、難しい設定や専門知識は一切不要です。

2. 梱包・箱詰め作業
検品が完了した商品を、お客様のもとへ無事にお届けできるよう綺麗に包んで箱に詰める作業です。

・袋詰め・緩衝材包装： 服やタオルなどの布製品を専用の透明袋に入れたり、壊れやすいコスメ・ガラス製品などをプチプチ（緩衝材）で包みます。
・箱詰め・セット作業： 指定のサイズに合わせたダンボール箱を組み立て、商品が途中で動かないよう丁寧に納めます。
・テープ留め・封かん： ダンボールのフタを閉じ、ガムテープでしっかり留めたら梱包完了です。

3. シール貼り・仕分け作業
出荷に向けた最後の仕上げ作業です。

・ラベル貼り： お届け先の伝票シールや、取扱注意シール（「水濡れ厳禁」「割れ物注意」など）を指定の位置へキレイに貼り付けます。
・出荷先ごとの仕分け： 梱包が終わった箱を、配送地域別や配送業者別に分けられた台車やコンテナへ移します。

■ 1日のタイムスケジュール例（日勤の場合）
09:00〜【朝礼・作業スタート】
本日の連絡事項を確認後、各自の作業台へ移動します。担当する作業（検品または梱包）をスタートします。

12:00〜【お昼休憩（60分）】
清潔な休憩室でランチタイム。電子レンジ・冷蔵庫・自動販売機も完備されており、お弁当の持参も自由です。

13:00〜【午後の作業再開】
午前の続きの作業を行います。自分のデスクで黙々と作業に集中できる時間です。

15:00〜【小休憩（15分）】
身体をほぐしたり水分補給をするリフレッシュタイム。集中力を保ちやすい環境が整っています。

15:15〜【出荷準備・最終仕上げ】
本日発送分の最終チェックと、作業スペースの清掃・整理整頓を行います。

18:00〜【作業終了・定時退勤】
残業は基本的にありません。定時になったら「お疲れ様でした！」とスッキリ帰宅できます。

■ 快適な作業環境と働きやすさのポイント
・1年中快適な空調完備： 冷暖房がしっかり効いたクリーンな倉庫なので、夏は涼しく、冬は暖かく快適に作業できます。
・身体に優しい軽作業： 扱う商品は衣類、コスメ、文房具、小型雑貨などがメインです。重量物の持ち上げ作業はありません。
・充実した設備： 個人用の鍵付きロッカーを完備。休憩室は広々としており、ポットや電子レンジ、フリーWi-Fiも自由に使えます。

■ 未経験者でも安心のサポート体制
入社初日は、安全に関する講習と作業の基本ルールについてのオリエンテーションからスタートします。
現場配属後は、専任の先輩スタッフがマンツーマンでついて実際の作業を見せながら丁寧にレクチャーします。

最初は「シールの貼り方」や「ダンボールの組み立て」といった、特に簡単な作業からお任せしますので、一度にたくさんのことを覚える必要はありません。
作業中に分からないことや迷うことがあっても、すぐ近くにリーダーや先輩スタッフが常駐しているため、「これってどうやるんでしたっけ？」といつでも気軽に質問できる安心の環境です。早ければ半日、遅くても2〜3日程度で一人立ちしてスムーズにお仕事を進められるようになります！","✅ 未経験スタート9割以上！簡単なシンプル作業です
「商品を手に取る」「キズがないか見る」「箱に入れる」など、覚えることはたったこれだけ！複雑な機械操作や難しいルールはありません。
先輩スタッフのほとんどが未経験からのスタートです。特別なスキルや経験は一切不要なので、初めてのアルバイトや久しぶりのお仕事復帰の方も安心してください。

✅ 自分のペースで黙々・コツコツ取り組める！
「接客が苦手…」「一人で集中して作業したい」という方にピッタリの環境です。
ノルマなどもなく、ご自身のペースで作業を進められるので、人間関係のストレスを感じることなくのびのびと働けます。

✅ 重い荷物なし！身体への負担が少ない軽作業
扱う商品は、衣服や生活雑貨、コスメなどの比較的軽いものが中心です。
重いダンボールを持ち運んだり、力仕事をお願いすることはほぼありませんので、年齢・性別問わず無理なく長く続けられるお仕事です。

✅ 空調完備のキレイな倉庫で、1年中快適♪
冷暖房がしっかり効いたクリーンな室内での作業です。
「夏は暑くて汗だく…」「冬は寒くて手がかじかむ…」といった心配は無用！季節や天候に関わらず、いつも快適な温度の中で気持ちよく作業に集中できます。

✅ 充実の設備＆働きやすい環境
鍵付きの個人ロッカーを完備しているほか、広々として清潔な休憩室もご用意しています。
休憩室には電子レンジ・冷蔵庫・ポット・自動販売機を完備しており、お弁当を持参してゆっくりくつろぐことも可能です。スタッフが過ごしやすい環境づくりに力を入れています！","例外事由3号のイにより、長期キャリア形成を図るため、
35歳以下を募集しております。","【勤務時間】
★9:00~18:00
└実働8時間/休憩1時間

定時ダッシュも問題ないです✧
✧ 土日祝休み
✧ 残業月平均:6.5時間以内
✧ 残業代100%支給","✧ 完全週休2日制(土日祝休み)
✧ 年間休日125日
「土日休みはマスト!」ってあなたにも
ぴったりの職場です!

【その他休暇】
✧ 有給休暇
✧ 夏季・冬季休暇
✧ GW休暇
✧ 年末年始休暇",神奈川県 厚木市,,"月給:25万円~+交通費全額支給

※経験に応じて決定いたします。

# 昇給あり
# 賞与あり
# 残業代100%支給
# 交通費支給","・社会保険完備
・住宅手当
・家賃補助
・退職金制度
・家族手当・扶養手当
・健康診断
・特別休暇
・資格取得支援制度","\\✧カジュアル面談実施中です✧/

応募に必要なのは人柄のみです!
まずはあなたのご希望を聞かせてください!

✩.。.....................。.✩
■ 応募からの流れ ■
✩.。.....................。.✩

▶STEP1WEBから1分簡単ご応募!
1~3日以内に担当者よりご連絡いたします。

▶ STEP2カジュアル面談(1回のみ)

▶STEP3採用

※入社日のご相談OKです◎
お気軽にご相談ください!",,即日勤務OK、交通費支給、残業なし,2,任意,生年月日、性別、電話番号,ntf-indeedapplicant-aaaatulx77tci2k2pr5yeqapva@shukatsu-labo.slack.com,,,利用しない,,
募集中,日本マニュファクチャリングサービス株式会社,【未経験】検品・梱包作業/日本マニュファクチャリングサービス株式会社/座間市,倉庫作業スタッフ,20~30代活躍中◎ワークライフバランスも充実！！,,神奈川県 座間市,,,正社員,はい,月給,250000,,最低額を表示,なし,,,,,,,固定時間制,160,,厚生年金、健康保険、雇用保険、労災保険,,なし,,,,,,,,,,,,,,,,,,"空調が完備された綺麗な物流センター内で、人気ECサイトで販売されているアパレル商品・生活雑貨・コスメなどの「検品・梱包作業」を担当していただきます。
作業内容は非常にシンプルで、「商品を手に取る」「傷がないかチェックする」「箱や袋に詰める」という基本の3ステップが中心です。重いお荷物の持ち運びはほとんどなく、自分のペースでコツコツ・黙々と進められる軽作業です。
未経験からスタートしたスタッフが9割以上活躍中で、1日〜数日で覚えられる簡単な作業ばかりですので、バイトデビューや久しぶりのお仕事復帰の方も安心してスタートしていただけます。

■ 具体的なお仕事の流れ

1. 検品・チェック作業
入荷された商品や出荷前の商品に問題がないか、確認する作業です。

・外観の目視確認： 商品に傷や汚れ、ほつれ、パッケージの凹みなどが無いかを目視で丁寧にチェックします。
・数量・品番の照合： 納品書や手元のハンディ端末に表示されたデータと、目の前にある商品の種類・個数が合致しているか確認します。
・バーコードスキャン： バーコードリーダーを使って商品を「ピッと」読み取る作業です。機械の操作はスマホ感覚で直感的に行えるため、難しい設定や専門知識は一切不要です。

2. 梱包・箱詰め作業
検品が完了した商品を、お客様のもとへ無事にお届けできるよう綺麗に包んで箱に詰める作業です。

・袋詰め・緩衝材包装： 服やタオルなどの布製品を専用の透明袋に入れたり、壊れやすいコスメ・ガラス製品などをプチプチ（緩衝材）で包みます。
・箱詰め・セット作業： 指定のサイズに合わせたダンボール箱を組み立て、商品が途中で動かないよう丁寧に納めます。
・テープ留め・封かん： ダンボールのフタを閉じ、ガムテープでしっかり留めたら梱包完了です。

3. シール貼り・仕分け作業
出荷に向けた最後の仕上げ作業です。

・ラベル貼り： お届け先の伝票シールや、取扱注意シール（「水濡れ厳禁」「割れ物注意」など）を指定の位置へキレイに貼り付けます。
・出荷先ごとの仕分け： 梱包が終わった箱を、配送地域別や配送業者別に分けられた台車やコンテナへ移します。

■ 1日のタイムスケジュール例（日勤の場合）
09:00〜【朝礼・作業スタート】
本日の連絡事項を確認後、各自の作業台へ移動します。担当する作業（検品または梱包）をスタートします。

12:00〜【お昼休憩（60分）】
清潔な休憩室でランチタイム。電子レンジ・冷蔵庫・自動販売機も完備されており、お弁当の持参も自由です。

13:00〜【午後の作業再開】
午前の続きの作業を行います。自分のデスクで黙々と作業に集中できる時間です。

15:00〜【小休憩（15分）】
身体をほぐしたり水分補給をするリフレッシュタイム。集中力を保ちやすい環境が整っています。

15:15〜【出荷準備・最終仕上げ】
本日発送分の最終チェックと、作業スペースの清掃・整理整頓を行います。

18:00〜【作業終了・定時退勤】
残業は基本的にありません。定時になったら「お疲れ様でした！」とスッキリ帰宅できます。

■ 快適な作業環境と働きやすさのポイント
・1年中快適な空調完備： 冷暖房がしっかり効いたクリーンな倉庫なので、夏は涼しく、冬は暖かく快適に作業できます。
・身体に優しい軽作業： 扱う商品は衣類、コスメ、文房具、小型雑貨などがメインです。重量物の持ち上げ作業はありません。
・充実した設備： 個人用の鍵付きロッカーを完備。休憩室は広々としており、ポットや電子レンジ、フリーWi-Fiも自由に使えます。

■ 未経験者でも安心のサポート体制
入社初日は、安全に関する講習と作業の基本ルールについてのオリエンテーションからスタートします。
現場配属後は、専任の先輩スタッフがマンツーマンでついて実際の作業を見せながら丁寧にレクチャーします。

最初は「シールの貼り方」や「ダンボールの組み立て」といった、特に簡単な作業からお任せしますので、一度にたくさんのことを覚える必要はありません。
作業中に分からないことや迷うことがあっても、すぐ近くにリーダーや先輩スタッフが常駐しているため、「これってどうやるんでしたっけ？」といつでも気軽に質問できる安心の環境です。早ければ半日、遅くても2〜3日程度で一人立ちしてスムーズにお仕事を進められるようになります！","✅ 未経験スタート9割以上！簡単なシンプル作業です
「商品を手に取る」「キズがないか見る」「箱に入れる」など、覚えることはたったこれだけ！複雑な機械操作や難しいルールはありません。
先輩スタッフのほとんどが未経験からのスタートです。特別なスキルや経験は一切不要なので、初めてのアルバイトや久しぶりのお仕事復帰の方も安心してください。

✅ 自分のペースで黙々・コツコツ取り組める！
「接客が苦手…」「一人で集中して作業したい」という方にピッタリの環境です。
ノルマなどもなく、ご自身のペースで作業を進められるので、人間関係のストレスを感じることなくのびのびと働けます。

✅ 重い荷物なし！身体への負担が少ない軽作業
扱う商品は、衣服や生活雑貨、コスメなどの比較的軽いものが中心です。
重いダンボールを持ち運んだり、力仕事をお願いすることはほぼありませんので、年齢・性別問わず無理なく長く続けられるお仕事です。

✅ 空調完備のキレイな倉庫で、1年中快適♪
冷暖房がしっかり効いたクリーンな室内での作業です。
「夏は暑くて汗だく…」「冬は寒くて手がかじかむ…」といった心配は無用！季節や天候に関わらず、いつも快適な温度の中で気持ちよく作業に集中できます。

✅ 充実の設備＆働きやすい環境
鍵付きの個人ロッカーを完備しているほか、広々として清潔な休憩室もご用意しています。
休憩室には電子レンジ・冷蔵庫・ポット・自動販売機を完備しており、お弁当を持参してゆっくりくつろぐことも可能です。スタッフが過ごしやすい環境づくりに力を入れています！","例外事由3号のイにより、長期キャリア形成を図るため、
35歳以下を募集しております。","【勤務時間】
★9:00~18:00
└実働8時間/休憩1時間

定時ダッシュも問題ないです✧
✧ 土日祝休み
✧ 残業月平均:6.5時間以内
✧ 残業代100%支給","✧ 完全週休2日制(土日祝休み)
✧ 年間休日125日
「土日休みはマスト!」ってあなたにも
ぴったりの職場です!

【その他休暇】
✧ 有給休暇
✧ 夏季・冬季休暇
✧ GW休暇
✧ 年末年始休暇",神奈川県 座間市,,"月給:25万円~+交通費全額支給

※経験に応じて決定いたします。

# 昇給あり
# 賞与あり
# 残業代100%支給
# 交通費支給","・社会保険完備
・住宅手当
・家賃補助
・退職金制度
・家族手当・扶養手当
・健康診断
・特別休暇
・資格取得支援制度","\\✧カジュアル面談実施中です✧/

応募に必要なのは人柄のみです!
まずはあなたのご希望を聞かせてください!

✩.。.....................。.✩
■ 応募からの流れ ■
✩.。.....................。.✩

▶STEP1WEBから1分簡単ご応募!
1~3日以内に担当者よりご連絡いたします。

▶ STEP2カジュアル面談(1回のみ)

▶STEP3採用

※入社日のご相談OKです◎
お気軽にご相談ください!",,即日勤務OK、交通費支給、残業なし,2,任意,生年月日、性別、電話番号,ntf-indeedapplicant-aaaatulx77tci2k2pr5yeqapva@shukatsu-labo.slack.com,,,利用しない,,
募集中,日本マニュファクチャリングサービス株式会社,【未経験】検品・梱包作業/日本マニュファクチャリングサービス株式会社/海老名市,倉庫作業スタッフ,20~30代活躍中◎ワークライフバランスも充実！！,,神奈川県 海老名市,,,正社員,はい,月給,250000,,最低額を表示,なし,,,,,,,固定時間制,160,,厚生年金、健康保険、雇用保険、労災保険,,なし,,,,,,,,,,,,,,,,,,"空調が完備された綺麗な物流センター内で、人気ECサイトで販売されているアパレル商品・生活雑貨・コスメなどの「検品・梱包作業」を担当していただきます。
作業内容は非常にシンプルで、「商品を手に取る」「傷がないかチェックする」「箱や袋に詰める」という基本の3ステップが中心です。重いお荷物の持ち運びはほとんどなく、自分のペースでコツコツ・黙々と進められる軽作業です。
未経験からスタートしたスタッフが9割以上活躍中で、1日〜数日で覚えられる簡単な作業ばかりですので、バイトデビューや久しぶりのお仕事復帰の方も安心してスタートしていただけます。

■ 具体的なお仕事の流れ

1. 検品・チェック作業
入荷された商品や出荷前の商品に問題がないか、確認する作業です。

・外観の目視確認： 商品に傷や汚れ、ほつれ、パッケージの凹みなどが無いかを目視で丁寧にチェックします。
・数量・品番の照合： 納品書や手元のハンディ端末に表示されたデータと、目の前にある商品の種類・個数が合致しているか確認します。
・バーコードスキャン： バーコードリーダーを使って商品を「ピッと」読み取る作業です。機械の操作はスマホ感覚で直感的に行えるため、難しい設定や専門知識は一切不要です。

2. 梱包・箱詰め作業
検品が完了した商品を、お客様のもとへ無事にお届けできるよう綺麗に包んで箱に詰める作業です。

・袋詰め・緩衝材包装： 服やタオルなどの布製品を専用の透明袋に入れたり、壊れやすいコスメ・ガラス製品などをプチプチ（緩衝材）で包みます。
・箱詰め・セット作業： 指定のサイズに合わせたダンボール箱を組み立て、商品が途中で動かないよう丁寧に納めます。
・テープ留め・封かん： ダンボールのフタを閉じ、ガムテープでしっかり留めたら梱包完了です。

3. シール貼り・仕分け作業
出荷に向けた最後の仕上げ作業です。

・ラベル貼り： お届け先の伝票シールや、取扱注意シール（「水濡れ厳禁」「割れ物注意」など）を指定の位置へキレイに貼り付けます。
・出荷先ごとの仕分け： 梱包が終わった箱を、配送地域別や配送業者別に分けられた台車やコンテナへ移します。

■ 1日のタイムスケジュール例（日勤の場合）
09:00〜【朝礼・作業スタート】
本日の連絡事項を確認後、各自の作業台へ移動します。担当する作業（検品または梱包）をスタートします。

12:00〜【お昼休憩（60分）】
清潔な休憩室でランチタイム。電子レンジ・冷蔵庫・自動販売機も完備されており、お弁当の持参も自由です。

13:00〜【午後の作業再開】
午前の続きの作業を行います。自分のデスクで黙々と作業に集中できる時間です。

15:00〜【小休憩（15分）】
身体をほぐしたり水分補給をするリフレッシュタイム。集中力を保ちやすい環境が整っています。

15:15〜【出荷準備・最終仕上げ】
本日発送分の最終チェックと、作業スペースの清掃・整理整頓を行います。

18:00〜【作業終了・定時退勤】
残業は基本的にありません。定時になったら「お疲れ様でした！」とスッキリ帰宅できます。

■ 快適な作業環境と働きやすさのポイント
・1年中快適な空調完備： 冷暖房がしっかり効いたクリーンな倉庫なので、夏は涼しく、冬は暖かく快適に作業できます。
・身体に優しい軽作業： 扱う商品は衣類、コスメ、文房具、小型雑貨などがメインです。重量物の持ち上げ作業はありません。
・充実した設備： 個人用の鍵付きロッカーを完備。休憩室は広々としており、ポットや電子レンジ、フリーWi-Fiも自由に使えます。

■ 未経験者でも安心のサポート体制
入社初日は、安全に関する講習と作業の基本ルールについてのオリエンテーションからスタートします。
現場配属後は、専任の先輩スタッフがマンツーマンでついて実際の作業を見せながら丁寧にレクチャーします。

最初は「シールの貼り方」や「ダンボールの組み立て」といった、特に簡単な作業からお任せしますので、一度にたくさんのことを覚える必要はありません。
作業中に分からないことや迷うことがあっても、すぐ近くにリーダーや先輩スタッフが常駐しているため、「これってどうやるんでしたっけ？」といつでも気軽に質問できる安心の環境です。早ければ半日、遅くても2〜3日程度で一人立ちしてスムーズにお仕事を進められるようになります！","✅ 未経験スタート9割以上！簡単なシンプル作業です
「商品を手に取る」「キズがないか見る」「箱に入れる」など、覚えることはたったこれだけ！複雑な機械操作や難しいルールはありません。
先輩スタッフのほとんどが未経験からのスタートです。特別なスキルや経験は一切不要なので、初めてのアルバイトや久しぶりのお仕事復帰の方も安心してください。

✅ 自分のペースで黙々・コツコツ取り組める！
「接客が苦手…」「一人で集中して作業したい」という方にピッタリの環境です。
ノルマなどもなく、ご自身のペースで作業を進められるので、人間関係のストレスを感じることなくのびのびと働けます。

✅ 重い荷物なし！身体への負担が少ない軽作業
扱う商品は、衣服や生活雑貨、コスメなどの比較的軽いものが中心です。
重いダンボールを持ち運んだり、力仕事をお願いすることはほぼありませんので、年齢・性別問わず無理なく長く続けられるお仕事です。

✅ 空調完備のキレイな倉庫で、1年中快適♪
冷暖房がしっかり効いたクリーンな室内での作業です。
「夏は暑くて汗だく…」「冬は寒くて手がかじかむ…」といった心配は無用！季節や天候に関わらず、いつも快適な温度の中で気持ちよく作業に集中できます。

✅ 充実の設備＆働きやすい環境
鍵付きの個人ロッカーを完備しているほか、広々として清潔な休憩室もご用意しています。
休憩室には電子レンジ・冷蔵庫・ポット・自動販売機を完備しており、お弁当を持参してゆっくりくつろぐことも可能です。スタッフが過ごしやすい環境づくりに力を入れています！","例外事由3号のイにより、長期キャリア形成を図るため、
35歳以下を募集しております。","【勤務時間】
★9:00~18:00
└実働8時間/休憩1時間

定時ダッシュも問題ないです✧
✧ 土日祝休み
✧ 残業月平均:6.5時間以内
✧ 残業代100%支給","✧ 完全週休2日制(土日祝休み)
✧ 年間休日125日
「土日休みはマスト!」ってあなたにも
ぴったりの職場です!

【その他休暇】
✧ 有給休暇
✧ 夏季・冬季休暇
✧ GW休暇
✧ 年末年始休暇",神奈川県 海老名市,,"月給:25万円~+交通費全額支給

※経験に応じて決定いたします。

# 昇給あり
# 賞与あり
# 残業代100%支給
# 交通費支給","・社会保険完備
・住宅手当
・家賃補助
・退職金制度
・家族手当・扶養手当
・健康診断
・特別休暇
・資格取得支援制度","\\✧カジュアル面談実施中です✧/

応募に必要なのは人柄のみです!
まずはあなたのご希望を聞かせてください!

✩.。.....................。.✩
■ 応募からの流れ ■
✩.。.....................。.✩

▶STEP1WEBから1分簡単ご応募!
1~3日以内に担当者よりご連絡いたします。

▶ STEP2カジュアル面談(1回のみ)

▶STEP3採用

※入社日のご相談OKです◎
お気軽にご相談ください!",,即日勤務OK、交通費支給、残業なし,2,任意,生年月日、性別、電話番号,ntf-indeedapplicant-aaaatulx77tci2k2pr5yeqapva@shukatsu-labo.slack.com,,,利用しない,,
募集中,日本マニュファクチャリングサービス株式会社,【未経験】検品・梱包作業/日本マニュファクチャリングサービス株式会社/藤沢市,倉庫作業スタッフ,20~30代活躍中◎ワークライフバランスも充実！！,,神奈川県 藤沢市,,,正社員,はい,月給,250000,,最低額を表示,なし,,,,,,,固定時間制,160,,厚生年金、健康保険、雇用保険、労災保険,,なし,,,,,,,,,,,,,,,,,,"空調が完備された綺麗な物流センター内で、人気ECサイトで販売されているアパレル商品・生活雑貨・コスメなどの「検品・梱包作業」を担当していただきます。
作業内容は非常にシンプルで、「商品を手に取る」「傷がないかチェックする」「箱や袋に詰める」という基本の3ステップが中心です。重いお荷物の持ち運びはほとんどなく、自分のペースでコツコツ・黙々と進められる軽作業です。
未経験からスタートしたスタッフが9割以上活躍中で、1日〜数日で覚えられる簡単な作業ばかりですので、バイトデビューや久しぶりのお仕事復帰の方も安心してスタートしていただけます。

■ 具体的なお仕事の流れ

1. 検品・チェック作業
入荷された商品や出荷前の商品に問題がないか、確認する作業です。

・外観の目視確認： 商品に傷や汚れ、ほつれ、パッケージの凹みなどが無いかを目視で丁寧にチェックします。
・数量・品番の照合： 納品書や手元のハンディ端末に表示されたデータと、目の前にある商品の種類・個数が合致しているか確認します。
・バーコードスキャン： バーコードリーダーを使って商品を「ピッと」読み取る作業です。機械の操作はスマホ感覚で直感的に行えるため、難しい設定や専門知識は一切不要です。

2. 梱包・箱詰め作業
検品が完了した商品を、お客様のもとへ無事にお届けできるよう綺麗に包んで箱に詰める作業です。

・袋詰め・緩衝材包装： 服やタオルなどの布製品を専用の透明袋に入れたり、壊れやすいコスメ・ガラス製品などをプチプチ（緩衝材）で包みます。
・箱詰め・セット作業： 指定のサイズに合わせたダンボール箱を組み立て、商品が途中で動かないよう丁寧に納めます。
・テープ留め・封かん： ダンボールのフタを閉じ、ガムテープでしっかり留めたら梱包完了です。

3. シール貼り・仕分け作業
出荷に向けた最後の仕上げ作業です。

・ラベル貼り： お届け先の伝票シールや、取扱注意シール（「水濡れ厳禁」「割れ物注意」など）を指定の位置へキレイに貼り付けます。
・出荷先ごとの仕分け： 梱包が終わった箱を、配送地域別や配送業者別に分けられた台車やコンテナへ移します。

■ 1日のタイムスケジュール例（日勤の場合）
09:00〜【朝礼・作業スタート】
本日の連絡事項を確認後、各自の作業台へ移動します。担当する作業（検品または梱包）をスタートします。

12:00〜【お昼休憩（60分）】
清潔な休憩室でランチタイム。電子レンジ・冷蔵庫・自動販売機も完備されており、お弁当の持参も自由です。

13:00〜【午後の作業再開】
午前の続きの作業を行います。自分のデスクで黙々と作業に集中できる時間です。

15:00〜【小休憩（15分）】
身体をほぐしたり水分補給をするリフレッシュタイム。集中力を保ちやすい環境が整っています。

15:15〜【出荷準備・最終仕上げ】
本日発送分の最終チェックと、作業スペースの清掃・整理整頓を行います。

18:00〜【作業終了・定時退勤】
残業は基本的にありません。定時になったら「お疲れ様でした！」とスッキリ帰宅できます。

■ 快適な作業環境と働きやすさのポイント
・1年中快適な空調完備： 冷暖房がしっかり効いたクリーンな倉庫なので、夏は涼しく、冬は暖かく快適に作業できます。
・身体に優しい軽作業： 扱う商品は衣類、コスメ、文房具、小型雑貨などがメインです。重量物の持ち上げ作業はありません。
・充実した設備： 個人用の鍵付きロッカーを完備。休憩室は広々としており、ポットや電子レンジ、フリーWi-Fiも自由に使えます。

■ 未経験者でも安心のサポート体制
入社初日は、安全に関する講習と作業の基本ルールについてのオリエンテーションからスタートします。
現場配属後は、専任の先輩スタッフがマンツーマンでついて実際の作業を見せながら丁寧にレクチャーします。

最初は「シールの貼り方」や「ダンボールの組み立て」といった、特に簡単な作業からお任せしますので、一度にたくさんのことを覚える必要はありません。
作業中に分からないことや迷うことがあっても、すぐ近くにリーダーや先輩スタッフが常駐しているため、「これってどうやるんでしたっけ？」といつでも気軽に質問できる安心の環境です。早ければ半日、遅くても2〜3日程度で一人立ちしてスムーズにお仕事を進められるようになります！","✅ 未経験スタート9割以上！簡単なシンプル作業です
「商品を手に取る」「キズがないか見る」「箱に入れる」など、覚えることはたったこれだけ！複雑な機械操作や難しいルールはありません。
先輩スタッフのほとんどが未経験からのスタートです。特別なスキルや経験は一切不要なので、初めてのアルバイトや久しぶりのお仕事復帰の方も安心してください。

✅ 自分のペースで黙々・コツコツ取り組める！
「接客が苦手…」「一人で集中して作業したい」という方にピッタリの環境です。
ノルマなどもなく、ご自身のペースで作業を進められるので、人間関係のストレスを感じることなくのびのびと働けます。

✅ 重い荷物なし！身体への負担が少ない軽作業
扱う商品は、衣服や生活雑貨、コスメなどの比較的軽いものが中心です。
重いダンボールを持ち運んだり、力仕事をお願いすることはほぼありませんので、年齢・性別問わず無理なく長く続けられるお仕事です。

✅ 空調完備のキレイな倉庫で、1年中快適♪
冷暖房がしっかり効いたクリーンな室内での作業です。
「夏は暑くて汗だく…」「冬は寒くて手がかじかむ…」といった心配は無用！季節や天候に関わらず、いつも快適な温度の中で気持ちよく作業に集中できます。

✅ 充実の設備＆働きやすい環境
鍵付きの個人ロッカーを完備しているほか、広々として清潔な休憩室もご用意しています。
休憩室には電子レンジ・冷蔵庫・ポット・自動販売機を完備しており、お弁当を持参してゆっくりくつろぐことも可能です。スタッフが過ごしやすい環境づくりに力を入れています！","例外事由3号のイにより、長期キャリア形成を図るため、
35歳以下を募集しております。","【勤務時間】
★9:00~18:00
└実働8時間/休憩1時間

定時ダッシュも問題ないです✧
✧ 土日祝休み
✧ 残業月平均:6.5時間以内
✧ 残業代100%支給","✧ 完全週休2日制(土日祝休み)
✧ 年間休日125日
「土日休みはマスト!」ってあなたにも
ぴったりの職場です!

【その他休暇】
✧ 有給休暇
✧ 夏季・冬季休暇
✧ GW休暇
✧ 年末年始休暇",神奈川県 藤沢市,,"月給:25万円~+交通費全額支給

※経験に応じて決定いたします。

# 昇給あり
# 賞与あり
# 残業代100%支給
# 交通費支給","・社会保険完備
・住宅手当
・家賃補助
・退職金制度
・家族手当・扶養手当
・健康診断
・特別休暇
・資格取得支援制度","\\✧カジュアル面談実施中です✧/

応募に必要なのは人柄のみです!
まずはあなたのご希望を聞かせてください!

✩.。.....................。.✩
■ 応募からの流れ ■
✩.。.....................。.✩

▶STEP1WEBから1分簡単ご応募!
1~3日以内に担当者よりご連絡いたします。

▶ STEP2カジュアル面談(1回のみ)

▶STEP3採用

※入社日のご相談OKです◎
お気軽にご相談ください!",,即日勤務OK、交通費支給、残業なし,2,任意,生年月日、性別、電話番号,ntf-indeedapplicant-aaaatulx77tci2k2pr5yeqapva@shukatsu-labo.slack.com,,,利用しない,,
募集中,日本マニュファクチャリングサービス株式会社,【未経験】検品・梱包作業/日本マニュファクチャリングサービス株式会社/茅ヶ崎市,倉庫作業スタッフ,20~30代活躍中◎ワークライフバランスも充実！！,,神奈川県 茅ヶ崎市,,,正社員,はい,月給,250000,,最低額を表示,なし,,,,,,,固定時間制,160,,厚生年金、健康保険、雇用保険、労災保険,,なし,,,,,,,,,,,,,,,,,,"空調が完備された綺麗な物流センター内で、人気ECサイトで販売されているアパレル商品・生活雑貨・コスメなどの「検品・梱包作業」を担当していただきます。
作業内容は非常にシンプルで、「商品を手に取る」「傷がないかチェックする」「箱や袋に詰める」という基本の3ステップが中心です。重いお荷物の持ち運びはほとんどなく、自分のペースでコツコツ・黙々と進められる軽作業です。
未経験からスタートしたスタッフが9割以上活躍中で、1日〜数日で覚えられる簡単な作業ばかりですので、バイトデビューや久しぶりのお仕事復帰の方も安心してスタートしていただけます。

■ 具体的なお仕事の流れ

1. 検品・チェック作業
入荷された商品や出荷前の商品に問題がないか、確認する作業です。

・外観の目視確認： 商品に傷や汚れ、ほつれ、パッケージの凹みなどが無いかを目視で丁寧にチェックします。
・数量・品番の照合： 納品書や手元のハンディ端末に表示されたデータと、目の前にある商品の種類・個数が合致しているか確認します。
・バーコードスキャン： バーコードリーダーを使って商品を「ピッと」読み取る作業です。機械の操作はスマホ感覚で直感的に行えるため、難しい設定や専門知識は一切不要です。

2. 梱包・箱詰め作業
検品が完了した商品を、お客様のもとへ無事にお届けできるよう綺麗に包んで箱に詰める作業です。

・袋詰め・緩衝材包装： 服やタオルなどの布製品を専用の透明袋に入れたり、壊れやすいコスメ・ガラス製品などをプチプチ（緩衝材）で包みます。
・箱詰め・セット作業： 指定のサイズに合わせたダンボール箱を組み立て、商品が途中で動かないよう丁寧に納めます。
・テープ留め・封かん： ダンボールのフタを閉じ、ガムテープでしっかり留めたら梱包完了です。

3. シール貼り・仕分け作業
出荷に向けた最後の仕上げ作業です。

・ラベル貼り： お届け先の伝票シールや、取扱注意シール（「水濡れ厳禁」「割れ物注意」など）を指定の位置へキレイに貼り付けます。
・出荷先ごとの仕分け： 梱包が終わった箱を、配送地域別や配送業者別に分けられた台車やコンテナへ移します。

■ 1日のタイムスケジュール例（日勤の場合）
09:00〜【朝礼・作業スタート】
本日の連絡事項を確認後、各自の作業台へ移動します。担当する作業（検品または梱包）をスタートします。

12:00〜【お昼休憩（60分）】
清潔な休憩室でランチタイム。電子レンジ・冷蔵庫・自動販売機も完備されており、お弁当の持参も自由です。

13:00〜【午後の作業再開】
午前の続きの作業を行います。自分のデスクで黙々と作業に集中できる時間です。

15:00〜【小休憩（15分）】
身体をほぐしたり水分補給をするリフレッシュタイム。集中力を保ちやすい環境が整っています。

15:15〜【出荷準備・最終仕上げ】
本日発送分の最終チェックと、作業スペースの清掃・整理整頓を行います。

18:00〜【作業終了・定時退勤】
残業は基本的にありません。定時になったら「お疲れ様でした！」とスッキリ帰宅できます。

■ 快適な作業環境と働きやすさのポイント
・1年中快適な空調完備： 冷暖房がしっかり効いたクリーンな倉庫なので、夏は涼しく、冬は暖かく快適に作業できます。
・身体に優しい軽作業： 扱う商品は衣類、コスメ、文房具、小型雑貨などがメインです。重量物の持ち上げ作業はありません。
・充実した設備： 個人用の鍵付きロッカーを完備。休憩室は広々としており、ポットや電子レンジ、フリーWi-Fiも自由に使えます。

■ 未経験者でも安心のサポート体制
入社初日は、安全に関する講習と作業の基本ルールについてのオリエンテーションからスタートします。
現場配属後は、専任の先輩スタッフがマンツーマンでついて実際の作業を見せながら丁寧にレクチャーします。

最初は「シールの貼り方」や「ダンボールの組み立て」といった、特に簡単な作業からお任せしますので、一度にたくさんのことを覚える必要はありません。
作業中に分からないことや迷うことがあっても、すぐ近くにリーダーや先輩スタッフが常駐しているため、「これってどうやるんでしたっけ？」といつでも気軽に質問できる安心の環境です。早ければ半日、遅くても2〜3日程度で一人立ちしてスムーズにお仕事を進められるようになります！","✅ 未経験スタート9割以上！簡単なシンプル作業です
「商品を手に取る」「キズがないか見る」「箱に入れる」など、覚えることはたったこれだけ！複雑な機械操作や難しいルールはありません。
先輩スタッフのほとんどが未経験からのスタートです。特別なスキルや経験は一切不要なので、初めてのアルバイトや久しぶりのお仕事復帰の方も安心してください。

✅ 自分のペースで黙々・コツコツ取り組める！
「接客が苦手…」「一人で集中して作業したい」という方にピッタリの環境です。
ノルマなどもなく、ご自身のペースで作業を進められるので、人間関係のストレスを感じることなくのびのびと働けます。

✅ 重い荷物なし！身体への負担が少ない軽作業
扱う商品は、衣服や生活雑貨、コスメなどの比較的軽いものが中心です。
重いダンボールを持ち運んだり、力仕事をお願いすることはほぼありませんので、年齢・性別問わず無理なく長く続けられるお仕事です。

✅ 空調完備のキレイな倉庫で、1年中快適♪
冷暖房がしっかり効いたクリーンな室内での作業です。
「夏は暑くて汗だく…」「冬は寒くて手がかじかむ…」といった心配は無用！季節や天候に関わらず、いつも快適な温度の中で気持ちよく作業に集中できます。

✅ 充実の設備＆働きやすい環境
鍵付きの個人ロッカーを完備しているほか、広々として清潔な休憩室もご用意しています。
休憩室には電子レンジ・冷蔵庫・ポット・自動販売機を完備しており、お弁当を持参してゆっくりくつろぐことも可能です。スタッフが過ごしやすい環境づくりに力を入れています！","例外事由3号のイにより、長期キャリア形成を図るため、
35歳以下を募集しております。","【勤務時間】
★9:00~18:00
└実働8時間/休憩1時間

定時ダッシュも問題ないです✧
✧ 土日祝休み
✧ 残業月平均:6.5時間以内
✧ 残業代100%支給","✧ 完全週休2日制(土日祝休み)
✧ 年間休日125日
「土日休みはマスト!」ってあなたにも
ぴったりの職場です!

【その他休暇】
✧ 有給休暇
✧ 夏季・冬季休暇
✧ GW休暇
✧ 年末年始休暇",神奈川県 茅ヶ崎市,,"月給:25万円~+交通費全額支給

※経験に応じて決定いたします。

# 昇給あり
# 賞与あり
# 残業代100%支給
# 交通費支給","・社会保険完備
・住宅手当
・家賃補助
・退職金制度
・家族手当・扶養手当
・健康診断
・特別休暇
・資格取得支援制度","\\✧カジュアル面談実施中です✧/

応募に必要なのは人柄のみです!
まずはあなたのご希望を聞かせてください!

✩.。.....................。.✩
■ 応募からの流れ ■
✩.。.....................。.✩

▶STEP1WEBから1分簡単ご応募!
1~3日以内に担当者よりご連絡いたします。

▶ STEP2カジュアル面談(1回のみ)

▶STEP3採用

※入社日のご相談OKです◎
お気軽にご相談ください!",,即日勤務OK、交通費支給、残業なし,2,任意,生年月日、性別、電話番号,ntf-indeedapplicant-aaaatulx77tci2k2pr5yeqapva@shukatsu-labo.slack.com,,,利用しない,,
募集中,日本マニュファクチャリングサービス株式会社,【未経験】検品・梱包作業/日本マニュファクチャリングサービス株式会社/伊勢原市,倉庫作業スタッフ,20~30代活躍中◎ワークライフバランスも充実！！,,神奈川県 伊勢原市,,,正社員,はい,月給,250000,,最低額を表示,なし,,,,,,,固定時間制,160,,厚生年金、健康保険、雇用保険、労災保険,,なし,,,,,,,,,,,,,,,,,,"空調が完備された綺麗な物流センター内で、人気ECサイトで販売されているアパレル商品・生活雑貨・コスメなどの「検品・梱包作業」を担当していただきます。
作業内容は非常にシンプルで、「商品を手に取る」「傷がないかチェックする」「箱や袋に詰める」という基本の3ステップが中心です。重いお荷物の持ち運びはほとんどなく、自分のペースでコツコツ・黙々と進められる軽作業です。
未経験からスタートしたスタッフが9割以上活躍中で、1日〜数日で覚えられる簡単な作業ばかりですので、バイトデビューや久しぶりのお仕事復帰の方も安心してスタートしていただけます。

■ 具体的なお仕事の流れ

1. 検品・チェック作業
入荷された商品や出荷前の商品に問題がないか、確認する作業です。

・外観の目視確認： 商品に傷や汚れ、ほつれ、パッケージの凹みなどが無いかを目視で丁寧にチェックします。
・数量・品番の照合： 納品書や手元のハンディ端末に表示されたデータと、目の前にある商品の種類・個数が合致しているか確認します。
・バーコードスキャン： バーコードリーダーを使って商品を「ピッと」読み取る作業です。機械の操作はスマホ感覚で直感的に行えるため、難しい設定や専門知識は一切不要です。

2. 梱包・箱詰め作業
検品が完了した商品を、お客様のもとへ無事にお届けできるよう綺麗に包んで箱に詰める作業です。

・袋詰め・緩衝材包装： 服やタオルなどの布製品を専用の透明袋に入れたり、壊れやすいコスメ・ガラス製品などをプチプチ（緩衝材）で包みます。
・箱詰め・セット作業： 指定のサイズに合わせたダンボール箱を組み立て、商品が途中で動かないよう丁寧に納めます。
・テープ留め・封かん： ダンボールのフタを閉じ、ガムテープでしっかり留めたら梱包完了です。

3. シール貼り・仕分け作業
出荷に向けた最後の仕上げ作業です。

・ラベル貼り： お届け先の伝票シールや、取扱注意シール（「水濡れ厳禁」「割れ物注意」など）を指定の位置へキレイに貼り付けます。
・出荷先ごとの仕分け： 梱包が終わった箱を、配送地域別や配送業者別に分けられた台車やコンテナへ移します。

■ 1日のタイムスケジュール例（日勤の場合）
09:00〜【朝礼・作業スタート】
本日の連絡事項を確認後、各自の作業台へ移動します。担当する作業（検品または梱包）をスタートします。

12:00〜【お昼休憩（60分）】
清潔な休憩室でランチタイム。電子レンジ・冷蔵庫・自動販売機も完備されており、お弁当の持参も自由です。

13:00〜【午後の作業再開】
午前の続きの作業を行います。自分のデスクで黙々と作業に集中できる時間です。

15:00〜【小休憩（15分）】
身体をほぐしたり水分補給をするリフレッシュタイム。集中力を保ちやすい環境が整っています。

15:15〜【出荷準備・最終仕上げ】
本日発送分の最終チェックと、作業スペースの清掃・整理整頓を行います。

18:00〜【作業終了・定時退勤】
残業は基本的にありません。定時になったら「お疲れ様でした！」とスッキリ帰宅できます。

■ 快適な作業環境と働きやすさのポイント
・1年中快適な空調完備： 冷暖房がしっかり効いたクリーンな倉庫なので、夏は涼しく、冬は暖かく快適に作業できます。
・身体に優しい軽作業： 扱う商品は衣類、コスメ、文房具、小型雑貨などがメインです。重量物の持ち上げ作業はありません。
・充実した設備： 個人用の鍵付きロッカーを完備。休憩室は広々としており、ポットや電子レンジ、フリーWi-Fiも自由に使えます。

■ 未経験者でも安心のサポート体制
入社初日は、安全に関する講習と作業の基本ルールについてのオリエンテーションからスタートします。
現場配属後は、専任の先輩スタッフがマンツーマンでついて実際の作業を見せながら丁寧にレクチャーします。

最初は「シールの貼り方」や「ダンボールの組み立て」といった、特に簡単な作業からお任せしますので、一度にたくさんのことを覚える必要はありません。
作業中に分からないことや迷うことがあっても、すぐ近くにリーダーや先輩スタッフが常駐しているため、「これってどうやるんでしたっけ？」といつでも気軽に質問できる安心の環境です。早ければ半日、遅くても2〜3日程度で一人立ちしてスムーズにお仕事を進められるようになります！","✅ 未経験スタート9割以上！簡単なシンプル作業です
「商品を手に取る」「キズがないか見る」「箱に入れる」など、覚えることはたったこれだけ！複雑な機械操作や難しいルールはありません。
先輩スタッフのほとんどが未経験からのスタートです。特別なスキルや経験は一切不要なので、初めてのアルバイトや久しぶりのお仕事復帰の方も安心してください。

✅ 自分のペースで黙々・コツコツ取り組める！
「接客が苦手…」「一人で集中して作業したい」という方にピッタリの環境です。
ノルマなどもなく、ご自身のペースで作業を進められるので、人間関係のストレスを感じることなくのびのびと働けます。

✅ 重い荷物なし！身体への負担が少ない軽作業
扱う商品は、衣服や生活雑貨、コスメなどの比較的軽いものが中心です。
重いダンボールを持ち運んだり、力仕事をお願いすることはほぼありませんので、年齢・性別問わず無理なく長く続けられるお仕事です。

✅ 空調完備のキレイな倉庫で、1年中快適♪
冷暖房がしっかり効いたクリーンな室内での作業です。
「夏は暑くて汗だく…」「冬は寒くて手がかじかむ…」といった心配は無用！季節や天候に関わらず、いつも快適な温度の中で気持ちよく作業に集中できます。

✅ 充実の設備＆働きやすい環境
鍵付きの個人ロッカーを完備しているほか、広々として清潔な休憩室もご用意しています。
休憩室には電子レンジ・冷蔵庫・ポット・自動販売機を完備しており、お弁当を持参してゆっくりくつろぐことも可能です。スタッフが過ごしやすい環境づくりに力を入れています！","例外事由3号のイにより、長期キャリア形成を図るため、
35歳以下を募集しております。","【勤務時間】
★9:00~18:00
└実働8時間/休憩1時間

定時ダッシュも問題ないです✧
✧ 土日祝休み
✧ 残業月平均:6.5時間以内
✧ 残業代100%支給","✧ 完全週休2日制(土日祝休み)
✧ 年間休日125日
「土日休みはマスト!」ってあなたにも
ぴったりの職場です!

【その他休暇】
✧ 有給休暇
✧ 夏季・冬季休暇
✧ GW休暇
✧ 年末年始休暇",神奈川県 伊勢原市,,"月給:25万円~+交通費全額支給

※経験に応じて決定いたします。

# 昇給あり
# 賞与あり
# 残業代100%支給
# 交通費支給","・社会保険完備
・住宅手当
・家賃補助
・退職金制度
・家族手当・扶養手当
・健康診断
・特別休暇
・資格取得支援制度","\\✧カジュアル面談実施中です✧/

応募に必要なのは人柄のみです!
まずはあなたのご希望を聞かせてください!

✩.。.....................。.✩
■ 応募からの流れ ■
✩.。.....................。.✩

▶STEP1WEBから1分簡単ご応募!
1~3日以内に担当者よりご連絡いたします。

▶ STEP2カジュアル面談(1回のみ)

▶STEP3採用

※入社日のご相談OKです◎
お気軽にご相談ください!",,即日勤務OK、交通費支給、残業なし,2,任意,生年月日、性別、電話番号,ntf-indeedapplicant-aaaatulx77tci2k2pr5yeqapva@shukatsu-labo.slack.com,,,利用しない,,
募集中,日本マニュファクチャリングサービス株式会社,【未経験】検品・梱包作業/日本マニュファクチャリングサービス株式会社/南足柄市,倉庫作業スタッフ,20~30代活躍中◎ワークライフバランスも充実！！,,神奈川県 南足柄市,,,正社員,はい,月給,250000,,最低額を表示,なし,,,,,,,固定時間制,160,,厚生年金、健康保険、雇用保険、労災保険,,なし,,,,,,,,,,,,,,,,,,"空調が完備された綺麗な物流センター内で、人気ECサイトで販売されているアパレル商品・生活雑貨・コスメなどの「検品・梱包作業」を担当していただきます。
作業内容は非常にシンプルで、「商品を手に取る」「傷がないかチェックする」「箱や袋に詰める」という基本の3ステップが中心です。重いお荷物の持ち運びはほとんどなく、自分のペースでコツコツ・黙々と進められる軽作業です。
未経験からスタートしたスタッフが9割以上活躍中で、1日〜数日で覚えられる簡単な作業ばかりですので、バイトデビューや久しぶりのお仕事復帰の方も安心してスタートしていただけます。

■ 具体的なお仕事の流れ

1. 検品・チェック作業
入荷された商品や出荷前の商品に問題がないか、確認する作業です。

・外観の目視確認： 商品に傷や汚れ、ほつれ、パッケージの凹みなどが無いかを目視で丁寧にチェックします。
・数量・品番の照合： 納品書や手元のハンディ端末に表示されたデータと、目の前にある商品の種類・個数が合致しているか確認します。
・バーコードスキャン： バーコードリーダーを使って商品を「ピッと」読み取る作業です。機械の操作はスマホ感覚で直感的に行えるため、難しい設定や専門知識は一切不要です。

2. 梱包・箱詰め作業
検品が完了した商品を、お客様のもとへ無事にお届けできるよう綺麗に包んで箱に詰める作業です。

・袋詰め・緩衝材包装： 服やタオルなどの布製品を専用の透明袋に入れたり、壊れやすいコスメ・ガラス製品などをプチプチ（緩衝材）で包みます。
・箱詰め・セット作業： 指定のサイズに合わせたダンボール箱を組み立て、商品が途中で動かないよう丁寧に納めます。
・テープ留め・封かん： ダンボールのフタを閉じ、ガムテープでしっかり留めたら梱包完了です。

3. シール貼り・仕分け作業
出荷に向けた最後の仕上げ作業です。

・ラベル貼り： お届け先の伝票シールや、取扱注意シール（「水濡れ厳禁」「割れ物注意」など）を指定の位置へキレイに貼り付けます。
・出荷先ごとの仕分け： 梱包が終わった箱を、配送地域別や配送業者別に分けられた台車やコンテナへ移します。

■ 1日のタイムスケジュール例（日勤の場合）
09:00〜【朝礼・作業スタート】
本日の連絡事項を確認後、各自の作業台へ移動します。担当する作業（検品または梱包）をスタートします。

12:00〜【お昼休憩（60分）】
清潔な休憩室でランチタイム。電子レンジ・冷蔵庫・自動販売機も完備されており、お弁当の持参も自由です。

13:00〜【午後の作業再開】
午前の続きの作業を行います。自分のデスクで黙々と作業に集中できる時間です。

15:00〜【小休憩（15分）】
身体をほぐしたり水分補給をするリフレッシュタイム。集中力を保ちやすい環境が整っています。

15:15〜【出荷準備・最終仕上げ】
本日発送分の最終チェックと、作業スペースの清掃・整理整頓を行います。

18:00〜【作業終了・定時退勤】
残業は基本的にありません。定時になったら「お疲れ様でした！」とスッキリ帰宅できます。

■ 快適な作業環境と働きやすさのポイント
・1年中快適な空調完備： 冷暖房がしっかり効いたクリーンな倉庫なので、夏は涼しく、冬は暖かく快適に作業できます。
・身体に優しい軽作業： 扱う商品は衣類、コスメ、文房具、小型雑貨などがメインです。重量物の持ち上げ作業はありません。
・充実した設備： 個人用の鍵付きロッカーを完備。休憩室は広々としており、ポットや電子レンジ、フリーWi-Fiも自由に使えます。

■ 未経験者でも安心のサポート体制
入社初日は、安全に関する講習と作業の基本ルールについてのオリエンテーションからスタートします。
現場配属後は、専任の先輩スタッフがマンツーマンでついて実際の作業を見せながら丁寧にレクチャーします。

最初は「シールの貼り方」や「ダンボールの組み立て」といった、特に簡単な作業からお任せしますので、一度にたくさんのことを覚える必要はありません。
作業中に分からないことや迷うことがあっても、すぐ近くにリーダーや先輩スタッフが常駐しているため、「これってどうやるんでしたっけ？」といつでも気軽に質問できる安心の環境です。早ければ半日、遅くても2〜3日程度で一人立ちしてスムーズにお仕事を進められるようになります！","✅ 未経験スタート9割以上！簡単なシンプル作業です
「商品を手に取る」「キズがないか見る」「箱に入れる」など、覚えることはたったこれだけ！複雑な機械操作や難しいルールはありません。
先輩スタッフのほとんどが未経験からのスタートです。特別なスキルや経験は一切不要なので、初めてのアルバイトや久しぶりのお仕事復帰の方も安心してください。

✅ 自分のペースで黙々・コツコツ取り組める！
「接客が苦手…」「一人で集中して作業したい」という方にピッタリの環境です。
ノルマなどもなく、ご自身のペースで作業を進められるので、人間関係のストレスを感じることなくのびのびと働けます。

✅ 重い荷物なし！身体への負担が少ない軽作業
扱う商品は、衣服や生活雑貨、コスメなどの比較的軽いものが中心です。
重いダンボールを持ち運んだり、力仕事をお願いすることはほぼありませんので、年齢・性別問わず無理なく長く続けられるお仕事です。

✅ 空調完備のキレイな倉庫で、1年中快適♪
冷暖房がしっかり効いたクリーンな室内での作業です。
「夏は暑くて汗だく…」「冬は寒くて手がかじかむ…」といった心配は無用！季節や天候に関わらず、いつも快適な温度の中で気持ちよく作業に集中できます。

✅ 充実の設備＆働きやすい環境
鍵付きの個人ロッカーを完備しているほか、広々として清潔な休憩室もご用意しています。
休憩室には電子レンジ・冷蔵庫・ポット・自動販売機を完備しており、お弁当を持参してゆっくりくつろぐことも可能です。スタッフが過ごしやすい環境づくりに力を入れています！","例外事由3号のイにより、長期キャリア形成を図るため、
35歳以下を募集しております。","【勤務時間】
★9:00~18:00
└実働8時間/休憩1時間

定時ダッシュも問題ないです✧
✧ 土日祝休み
✧ 残業月平均:6.5時間以内
✧ 残業代100%支給","✧ 完全週休2日制(土日祝休み)
✧ 年間休日125日
「土日休みはマスト!」ってあなたにも
ぴったりの職場です!

【その他休暇】
✧ 有給休暇
✧ 夏季・冬季休暇
✧ GW休暇
✧ 年末年始休暇",神奈川県 南足柄市,,"月給:25万円~+交通費全額支給

※経験に応じて決定いたします。

# 昇給あり
# 賞与あり
# 残業代100%支給
# 交通費支給","・社会保険完備
・住宅手当
・家賃補助
・退職金制度
・家族手当・扶養手当
・健康診断
・特別休暇
・資格取得支援制度","\\✧カジュアル面談実施中です✧/

応募に必要なのは人柄のみです!
まずはあなたのご希望を聞かせてください!

✩.。.....................。.✩
■ 応募からの流れ ■
✩.。.....................。.✩

▶STEP1WEBから1分簡単ご応募!
1~3日以内に担当者よりご連絡いたします。

▶ STEP2カジュアル面談(1回のみ)

▶STEP3採用

※入社日のご相談OKです◎
お気軽にご相談ください!",,即日勤務OK、交通費支給、残業なし,2,任意,生年月日、性別、電話番号,ntf-indeedapplicant-aaaatulx77tci2k2pr5yeqapva@shukatsu-labo.slack.com,,,利用しない,,
募集中,日本マニュファクチャリングサービス株式会社,【未経験】検品・梱包作業/日本マニュファクチャリングサービス株式会社/愛甲郡愛川町,倉庫作業スタッフ,20~30代活躍中◎ワークライフバランスも充実！！,,神奈川県 愛甲郡 愛川町,,,正社員,はい,月給,250000,,最低額を表示,なし,,,,,,,固定時間制,160,,厚生年金、健康保険、雇用保険、労災保険,,なし,,,,,,,,,,,,,,,,,,"空調が完備された綺麗な物流センター内で、人気ECサイトで販売されているアパレル商品・生活雑貨・コスメなどの「検品・梱包作業」を担当していただきます。
作業内容は非常にシンプルで、「商品を手に取る」「傷がないかチェックする」「箱や袋に詰める」という基本の3ステップが中心です。重いお荷物の持ち運びはほとんどなく、自分のペースでコツコツ・黙々と進められる軽作業です。
未経験からスタートしたスタッフが9割以上活躍中で、1日〜数日で覚えられる簡単な作業ばかりですので、バイトデビューや久しぶりのお仕事復帰の方も安心してスタートしていただけます。

■ 具体的なお仕事の流れ

1. 検品・チェック作業
入荷された商品や出荷前の商品に問題がないか、確認する作業です。

・外観の目視確認： 商品に傷や汚れ、ほつれ、パッケージの凹みなどが無いかを目視で丁寧にチェックします。
・数量・品番の照合： 納品書や手元のハンディ端末に表示されたデータと、目の前にある商品の種類・個数が合致しているか確認します。
・バーコードスキャン： バーコードリーダーを使って商品を「ピッと」読み取る作業です。機械の操作はスマホ感覚で直感的に行えるため、難しい設定や専門知識は一切不要です。

2. 梱包・箱詰め作業
検品が完了した商品を、お客様のもとへ無事にお届けできるよう綺麗に包んで箱に詰める作業です。

・袋詰め・緩衝材包装： 服やタオルなどの布製品を専用の透明袋に入れたり、壊れやすいコスメ・ガラス製品などをプチプチ（緩衝材）で包みます。
・箱詰め・セット作業： 指定のサイズに合わせたダンボール箱を組み立て、商品が途中で動かないよう丁寧に納めます。
・テープ留め・封かん： ダンボールのフタを閉じ、ガムテープでしっかり留めたら梱包完了です。

3. シール貼り・仕分け作業
出荷に向けた最後の仕上げ作業です。

・ラベル貼り： お届け先の伝票シールや、取扱注意シール（「水濡れ厳禁」「割れ物注意」など）を指定の位置へキレイに貼り付けます。
・出荷先ごとの仕分け： 梱包が終わった箱を、配送地域別や配送業者別に分けられた台車やコンテナへ移します。

■ 1日のタイムスケジュール例（日勤の場合）
09:00〜【朝礼・作業スタート】
本日の連絡事項を確認後、各自の作業台へ移動します。担当する作業（検品または梱包）をスタートします。

12:00〜【お昼休憩（60分）】
清潔な休憩室でランチタイム。電子レンジ・冷蔵庫・自動販売機も完備されており、お弁当の持参も自由です。

13:00〜【午後の作業再開】
午前の続きの作業を行います。自分のデスクで黙々と作業に集中できる時間です。

15:00〜【小休憩（15分）】
身体をほぐしたり水分補給をするリフレッシュタイム。集中力を保ちやすい環境が整っています。

15:15〜【出荷準備・最終仕上げ】
本日発送分の最終チェックと、作業スペースの清掃・整理整頓を行います。

18:00〜【作業終了・定時退勤】
残業は基本的にありません。定時になったら「お疲れ様でした！」とスッキリ帰宅できます。

■ 快適な作業環境と働きやすさのポイント
・1年中快適な空調完備： 冷暖房がしっかり効いたクリーンな倉庫なので、夏は涼しく、冬は暖かく快適に作業できます。
・身体に優しい軽作業： 扱う商品は衣類、コスメ、文房具、小型雑貨などがメインです。重量物の持ち上げ作業はありません。
・充実した設備： 個人用の鍵付きロッカーを完備。休憩室は広々としており、ポットや電子レンジ、フリーWi-Fiも自由に使えます。

■ 未経験者でも安心のサポート体制
入社初日は、安全に関する講習と作業の基本ルールについてのオリエンテーションからスタートします。
現場配属後は、専任の先輩スタッフがマンツーマンでついて実際の作業を見せながら丁寧にレクチャーします。

最初は「シールの貼り方」や「ダンボールの組み立て」といった、特に簡単な作業からお任せしますので、一度にたくさんのことを覚える必要はありません。
作業中に分からないことや迷うことがあっても、すぐ近くにリーダーや先輩スタッフが常駐しているため、「これってどうやるんでしたっけ？」といつでも気軽に質問できる安心の環境です。早ければ半日、遅くても2〜3日程度で一人立ちしてスムーズにお仕事を進められるようになります！","✅ 未経験スタート9割以上！簡単なシンプル作業です
「商品を手に取る」「キズがないか見る」「箱に入れる」など、覚えることはたったこれだけ！複雑な機械操作や難しいルールはありません。
先輩スタッフのほとんどが未経験からのスタートです。特別なスキルや経験は一切不要なので、初めてのアルバイトや久しぶりのお仕事復帰の方も安心してください。

✅ 自分のペースで黙々・コツコツ取り組める！
「接客が苦手…」「一人で集中して作業したい」という方にピッタリの環境です。
ノルマなどもなく、ご自身のペースで作業を進められるので、人間関係のストレスを感じることなくのびのびと働けます。

✅ 重い荷物なし！身体への負担が少ない軽作業
扱う商品は、衣服や生活雑貨、コスメなどの比較的軽いものが中心です。
重いダンボールを持ち運んだり、力仕事をお願いすることはほぼありませんので、年齢・性別問わず無理なく長く続けられるお仕事です。

✅ 空調完備のキレイな倉庫で、1年中快適♪
冷暖房がしっかり効いたクリーンな室内での作業です。
「夏は暑くて汗だく…」「冬は寒くて手がかじかむ…」といった心配は無用！季節や天候に関わらず、いつも快適な温度の中で気持ちよく作業に集中できます。

✅ 充実の設備＆働きやすい環境
鍵付きの個人ロッカーを完備しているほか、広々として清潔な休憩室もご用意しています。
休憩室には電子レンジ・冷蔵庫・ポット・自動販売機を完備しており、お弁当を持参してゆっくりくつろぐことも可能です。スタッフが過ごしやすい環境づくりに力を入れています！","例外事由3号のイにより、長期キャリア形成を図るため、
35歳以下を募集しております。","【勤務時間】
★9:00~18:00
└実働8時間/休憩1時間

定時ダッシュも問題ないです✧
✧ 土日祝休み
✧ 残業月平均:6.5時間以内
✧ 残業代100%支給","✧ 完全週休2日制(土日祝休み)
✧ 年間休日125日
「土日休みはマスト!」ってあなたにも
ぴったりの職場です!

【その他休暇】
✧ 有給休暇
✧ 夏季・冬季休暇
✧ GW休暇
✧ 年末年始休暇",神奈川県 愛甲郡 愛川町,,"月給:25万円~+交通費全額支給

※経験に応じて決定いたします。

# 昇給あり
# 賞与あり
# 残業代100%支給
# 交通費支給","・社会保険完備
・住宅手当
・家賃補助
・退職金制度
・家族手当・扶養手当
・健康診断
・特別休暇
・資格取得支援制度","\\✧カジュアル面談実施中です✧/

応募に必要なのは人柄のみです!
まずはあなたのご希望を聞かせてください!

✩.。.....................。.✩
■ 応募からの流れ ■
✩.。.....................。.✩

▶STEP1WEBから1分簡単ご応募!
1~3日以内に担当者よりご連絡いたします。

▶ STEP2カジュアル面談(1回のみ)

▶STEP3採用

※入社日のご相談OKです◎
お気軽にご相談ください!",,即日勤務OK、交通費支給、残業なし,2,任意,生年月日、性別、電話番号,ntf-indeedapplicant-aaaatulx77tci2k2pr5yeqapva@shukatsu-labo.slack.com,,,利用しない,,
募集中,日本マニュファクチャリングサービス株式会社,【未経験】検品・梱包作業/日本マニュファクチャリングサービス株式会社/横須賀市,倉庫作業スタッフ,20~30代活躍中◎ワークライフバランスも充実！！,,神奈川県 横須賀市,,,正社員,はい,月給,250000,,最低額を表示,なし,,,,,,,固定時間制,160,,厚生年金、健康保険、雇用保険、労災保険,,なし,,,,,,,,,,,,,,,,,,"空調が完備された綺麗な物流センター内で、人気ECサイトで販売されているアパレル商品・生活雑貨・コスメなどの「検品・梱包作業」を担当していただきます。
作業内容は非常にシンプルで、「商品を手に取る」「傷がないかチェックする」「箱や袋に詰める」という基本の3ステップが中心です。重いお荷物の持ち運びはほとんどなく、自分のペースでコツコツ・黙々と進められる軽作業です。
未経験からスタートしたスタッフが9割以上活躍中で、1日〜数日で覚えられる簡単な作業ばかりですので、バイトデビューや久しぶりのお仕事復帰の方も安心してスタートしていただけます。

■ 具体的なお仕事の流れ

1. 検品・チェック作業
入荷された商品や出荷前の商品に問題がないか、確認する作業です。

・外観の目視確認： 商品に傷や汚れ、ほつれ、パッケージの凹みなどが無いかを目視で丁寧にチェックします。
・数量・品番の照合： 納品書や手元のハンディ端末に表示されたデータと、目の前にある商品の種類・個数が合致しているか確認します。
・バーコードスキャン： バーコードリーダーを使って商品を「ピッと」読み取る作業です。機械の操作はスマホ感覚で直感的に行えるため、難しい設定や専門知識は一切不要です。

2. 梱包・箱詰め作業
検品が完了した商品を、お客様のもとへ無事にお届けできるよう綺麗に包んで箱に詰める作業です。

・袋詰め・緩衝材包装： 服やタオルなどの布製品を専用の透明袋に入れたり、壊れやすいコスメ・ガラス製品などをプチプチ（緩衝材）で包みます。
・箱詰め・セット作業： 指定のサイズに合わせたダンボール箱を組み立て、商品が途中で動かないよう丁寧に納めます。
・テープ留め・封かん： ダンボールのフタを閉じ、ガムテープでしっかり留めたら梱包完了です。

3. シール貼り・仕分け作業
出荷に向けた最後の仕上げ作業です。

・ラベル貼り： お届け先の伝票シールや、取扱注意シール（「水濡れ厳禁」「割れ物注意」など）を指定の位置へキレイに貼り付けます。
・出荷先ごとの仕分け： 梱包が終わった箱を、配送地域別や配送業者別に分けられた台車やコンテナへ移します。

■ 1日のタイムスケジュール例（日勤の場合）
09:00〜【朝礼・作業スタート】
本日の連絡事項を確認後、各自の作業台へ移動します。担当する作業（検品または梱包）をスタートします。

12:00〜【お昼休憩（60分）】
清潔な休憩室でランチタイム。電子レンジ・冷蔵庫・自動販売機も完備されており、お弁当の持参も自由です。

13:00〜【午後の作業再開】
午前の続きの作業を行います。自分のデスクで黙々と作業に集中できる時間です。

15:00〜【小休憩（15分）】
身体をほぐしたり水分補給をするリフレッシュタイム。集中力を保ちやすい環境が整っています。

15:15〜【出荷準備・最終仕上げ】
本日発送分の最終チェックと、作業スペースの清掃・整理整頓を行います。

18:00〜【作業終了・定時退勤】
残業は基本的にありません。定時になったら「お疲れ様でした！」とスッキリ帰宅できます。

■ 快適な作業環境と働きやすさのポイント
・1年中快適な空調完備： 冷暖房がしっかり効いたクリーンな倉庫なので、夏は涼しく、冬は暖かく快適に作業できます。
・身体に優しい軽作業： 扱う商品は衣類、コスメ、文房具、小型雑貨などがメインです。重量物の持ち上げ作業はありません。
・充実した設備： 個人用の鍵付きロッカーを完備。休憩室は広々としており、ポットや電子レンジ、フリーWi-Fiも自由に使えます。

■ 未経験者でも安心のサポート体制
入社初日は、安全に関する講習と作業の基本ルールについてのオリエンテーションからスタートします。
現場配属後は、専任の先輩スタッフがマンツーマンでついて実際の作業を見せながら丁寧にレクチャーします。

最初は「シールの貼り方」や「ダンボールの組み立て」といった、特に簡単な作業からお任せしますので、一度にたくさんのことを覚える必要はありません。
作業中に分からないことや迷うことがあっても、すぐ近くにリーダーや先輩スタッフが常駐しているため、「これってどうやるんでしたっけ？」といつでも気軽に質問できる安心の環境です。早ければ半日、遅くても2〜3日程度で一人立ちしてスムーズにお仕事を進められるようになります！","✅ 未経験スタート9割以上！簡単なシンプル作業です
「商品を手に取る」「キズがないか見る」「箱に入れる」など、覚えることはたったこれだけ！複雑な機械操作や難しいルールはありません。
先輩スタッフのほとんどが未経験からのスタートです。特別なスキルや経験は一切不要なので、初めてのアルバイトや久しぶりのお仕事復帰の方も安心してください。

✅ 自分のペースで黙々・コツコツ取り組める！
「接客が苦手…」「一人で集中して作業したい」という方にピッタリの環境です。
ノルマなどもなく、ご自身のペースで作業を進められるので、人間関係のストレスを感じることなくのびのびと働けます。

✅ 重い荷物なし！身体への負担が少ない軽作業
扱う商品は、衣服や生活雑貨、コスメなどの比較的軽いものが中心です。
重いダンボールを持ち運んだり、力仕事をお願いすることはほぼありませんので、年齢・性別問わず無理なく長く続けられるお仕事です。

✅ 空調完備のキレイな倉庫で、1年中快適♪
冷暖房がしっかり効いたクリーンな室内での作業です。
「夏は暑くて汗だく…」「冬は寒くて手がかじかむ…」といった心配は無用！季節や天候に関わらず、いつも快適な温度の中で気持ちよく作業に集中できます。

✅ 充実の設備＆働きやすい環境
鍵付きの個人ロッカーを完備しているほか、広々として清潔な休憩室もご用意しています。
休憩室には電子レンジ・冷蔵庫・ポット・自動販売機を完備しており、お弁当を持参してゆっくりくつろぐことも可能です。スタッフが過ごしやすい環境づくりに力を入れています！","例外事由3号のイにより、長期キャリア形成を図るため、
35歳以下を募集しております。","【勤務時間】
★9:00~18:00
└実働8時間/休憩1時間

定時ダッシュも問題ないです✧
✧ 土日祝休み
✧ 残業月平均:6.5時間以内
✧ 残業代100%支給","✧ 完全週休2日制(土日祝休み)
✧ 年間休日125日
「土日休みはマスト!」ってあなたにも
ぴったりの職場です!

【その他休暇】
✧ 有給休暇
✧ 夏季・冬季休暇
✧ GW休暇
✧ 年末年始休暇",神奈川県 横須賀市,,"月給:25万円~+交通費全額支給

※経験に応じて決定いたします。

# 昇給あり
# 賞与あり
# 残業代100%支給
# 交通費支給","・社会保険完備
・住宅手当
・家賃補助
・退職金制度
・家族手当・扶養手当
・健康診断
・特別休暇
・資格取得支援制度","\\✧カジュアル面談実施中です✧/

応募に必要なのは人柄のみです!
まずはあなたのご希望を聞かせてください!

✩.。.....................。.✩
■ 応募からの流れ ■
✩.。.....................。.✩

▶STEP1WEBから1分簡単ご応募!
1~3日以内に担当者よりご連絡いたします。

▶ STEP2カジュアル面談(1回のみ)

▶STEP3採用

※入社日のご相談OKです◎
お気軽にご相談ください!",,即日勤務OK、交通費支給、残業なし,2,任意,生年月日、性別、電話番号,ntf-indeedapplicant-aaaatulx77tci2k2pr5yeqapva@shukatsu-labo.slack.com,,,利用しない,,
募集中,日本マニュファクチャリングサービス株式会社,【未経験】検品・梱包作業/日本マニュファクチャリングサービス株式会社/鎌倉市,倉庫作業スタッフ,20~30代活躍中◎ワークライフバランスも充実！！,,神奈川県 鎌倉市,,,正社員,はい,月給,250000,,最低額を表示,なし,,,,,,,固定時間制,160,,厚生年金、健康保険、雇用保険、労災保険,,なし,,,,,,,,,,,,,,,,,,"空調が完備された綺麗な物流センター内で、人気ECサイトで販売されているアパレル商品・生活雑貨・コスメなどの「検品・梱包作業」を担当していただきます。
作業内容は非常にシンプルで、「商品を手に取る」「傷がないかチェックする」「箱や袋に詰める」という基本の3ステップが中心です。重いお荷物の持ち運びはほとんどなく、自分のペースでコツコツ・黙々と進められる軽作業です。
未経験からスタートしたスタッフが9割以上活躍中で、1日〜数日で覚えられる簡単な作業ばかりですので、バイトデビューや久しぶりのお仕事復帰の方も安心してスタートしていただけます。

■ 具体的なお仕事の流れ

1. 検品・チェック作業
入荷された商品や出荷前の商品に問題がないか、確認する作業です。

・外観の目視確認： 商品に傷や汚れ、ほつれ、パッケージの凹みなどが無いかを目視で丁寧にチェックします。
・数量・品番の照合： 納品書や手元のハンディ端末に表示されたデータと、目の前にある商品の種類・個数が合致しているか確認します。
・バーコードスキャン： バーコードリーダーを使って商品を「ピッと」読み取る作業です。機械の操作はスマホ感覚で直感的に行えるため、難しい設定や専門知識は一切不要です。

2. 梱包・箱詰め作業
検品が完了した商品を、お客様のもとへ無事にお届けできるよう綺麗に包んで箱に詰める作業です。

・袋詰め・緩衝材包装： 服やタオルなどの布製品を専用の透明袋に入れたり、壊れやすいコスメ・ガラス製品などをプチプチ（緩衝材）で包みます。
・箱詰め・セット作業： 指定のサイズに合わせたダンボール箱を組み立て、商品が途中で動かないよう丁寧に納めます。
・テープ留め・封かん： ダンボールのフタを閉じ、ガムテープでしっかり留めたら梱包完了です。

3. シール貼り・仕分け作業
出荷に向けた最後の仕上げ作業です。

・ラベル貼り： お届け先の伝票シールや、取扱注意シール（「水濡れ厳禁」「割れ物注意」など）を指定の位置へキレイに貼り付けます。
・出荷先ごとの仕分け： 梱包が終わった箱を、配送地域別や配送業者別に分けられた台車やコンテナへ移します。

■ 1日のタイムスケジュール例（日勤の場合）
09:00〜【朝礼・作業スタート】
本日の連絡事項を確認後、各自の作業台へ移動します。担当する作業（検品または梱包）をスタートします。

12:00〜【お昼休憩（60分）】
清潔な休憩室でランチタイム。電子レンジ・冷蔵庫・自動販売機も完備されており、お弁当の持参も自由です。

13:00〜【午後の作業再開】
午前の続きの作業を行います。自分のデスクで黙々と作業に集中できる時間です。

15:00〜【小休憩（15分）】
身体をほぐしたり水分補給をするリフレッシュタイム。集中力を保ちやすい環境が整っています。

15:15〜【出荷準備・最終仕上げ】
本日発送分の最終チェックと、作業スペースの清掃・整理整頓を行います。

18:00〜【作業終了・定時退勤】
残業は基本的にありません。定時になったら「お疲れ様でした！」とスッキリ帰宅できます。

■ 快適な作業環境と働きやすさのポイント
・1年中快適な空調完備： 冷暖房がしっかり効いたクリーンな倉庫なので、夏は涼しく、冬は暖かく快適に作業できます。
・身体に優しい軽作業： 扱う商品は衣類、コスメ、文房具、小型雑貨などがメインです。重量物の持ち上げ作業はありません。
・充実した設備： 個人用の鍵付きロッカーを完備。休憩室は広々としており、ポットや電子レンジ、フリーWi-Fiも自由に使えます。

■ 未経験者でも安心のサポート体制
入社初日は、安全に関する講習と作業の基本ルールについてのオリエンテーションからスタートします。
現場配属後は、専任の先輩スタッフがマンツーマンでついて実際の作業を見せながら丁寧にレクチャーします。

最初は「シールの貼り方」や「ダンボールの組み立て」といった、特に簡単な作業からお任せしますので、一度にたくさんのことを覚える必要はありません。
作業中に分からないことや迷うことがあっても、すぐ近くにリーダーや先輩スタッフが常駐しているため、「これってどうやるんでしたっけ？」といつでも気軽に質問できる安心の環境です。早ければ半日、遅くても2〜3日程度で一人立ちしてスムーズにお仕事を進められるようになります！","✅ 未経験スタート9割以上！簡単なシンプル作業です
「商品を手に取る」「キズがないか見る」「箱に入れる」など、覚えることはたったこれだけ！複雑な機械操作や難しいルールはありません。
先輩スタッフのほとんどが未経験からのスタートです。特別なスキルや経験は一切不要なので、初めてのアルバイトや久しぶりのお仕事復帰の方も安心してください。

✅ 自分のペースで黙々・コツコツ取り組める！
「接客が苦手…」「一人で集中して作業したい」という方にピッタリの環境です。
ノルマなどもなく、ご自身のペースで作業を進められるので、人間関係のストレスを感じることなくのびのびと働けます。

✅ 重い荷物なし！身体への負担が少ない軽作業
扱う商品は、衣服や生活雑貨、コスメなどの比較的軽いものが中心です。
重いダンボールを持ち運んだり、力仕事をお願いすることはほぼありませんので、年齢・性別問わず無理なく長く続けられるお仕事です。

✅ 空調完備のキレイな倉庫で、1年中快適♪
冷暖房がしっかり効いたクリーンな室内での作業です。
「夏は暑くて汗だく…」「冬は寒くて手がかじかむ…」といった心配は無用！季節や天候に関わらず、いつも快適な温度の中で気持ちよく作業に集中できます。

✅ 充実の設備＆働きやすい環境
鍵付きの個人ロッカーを完備しているほか、広々として清潔な休憩室もご用意しています。
休憩室には電子レンジ・冷蔵庫・ポット・自動販売機を完備しており、お弁当を持参してゆっくりくつろぐことも可能です。スタッフが過ごしやすい環境づくりに力を入れています！","例外事由3号のイにより、長期キャリア形成を図るため、
35歳以下を募集しております。","【勤務時間】
★9:00~18:00
└実働8時間/休憩1時間

定時ダッシュも問題ないです✧
✧ 土日祝休み
✧ 残業月平均:6.5時間以内
✧ 残業代100%支給","✧ 完全週休2日制(土日祝休み)
✧ 年間休日125日
「土日休みはマスト!」ってあなたにも
ぴったりの職場です!

【その他休暇】
✧ 有給休暇
✧ 夏季・冬季休暇
✧ GW休暇
✧ 年末年始休暇",神奈川県 鎌倉市,,"月給:25万円~+交通費全額支給

※経験に応じて決定いたします。

# 昇給あり
# 賞与あり
# 残業代100%支給
# 交通費支給","・社会保険完備
・住宅手当
・家賃補助
・退職金制度
・家族手当・扶養手当
・健康診断
・特別休暇
・資格取得支援制度","\\✧カジュアル面談実施中です✧/

応募に必要なのは人柄のみです!
まずはあなたのご希望を聞かせてください!

✩.。.....................。.✩
■ 応募からの流れ ■
✩.。.....................。.✩

▶STEP1WEBから1分簡単ご応募!
1~3日以内に担当者よりご連絡いたします。

▶ STEP2カジュアル面談(1回のみ)

▶STEP3採用

※入社日のご相談OKです◎
お気軽にご相談ください!",,即日勤務OK、交通費支給、残業なし,2,任意,生年月日、性別、電話番号,ntf-indeedapplicant-aaaatulx77tci2k2pr5yeqapva@shukatsu-labo.slack.com,,,利用しない,,
募集中,日本マニュファクチャリングサービス株式会社,【未経験】検品・梱包作業/日本マニュファクチャリングサービス株式会社/さいたま市,倉庫作業スタッフ,20~30代活躍中◎ワークライフバランスも充実！！,,埼玉県 さいたま市,,,正社員,はい,月給,250000,,最低額を表示,なし,,,,,,,固定時間制,160,,厚生年金、健康保険、雇用保険、労災保険,,なし,,,,,,,,,,,,,,,,,,"空調が完備された綺麗な物流センター内で、人気ECサイトで販売されているアパレル商品・生活雑貨・コスメなどの「検品・梱包作業」を担当していただきます。
作業内容は非常にシンプルで、「商品を手に取る」「傷がないかチェックする」「箱や袋に詰める」という基本の3ステップが中心です。重いお荷物の持ち運びはほとんどなく、自分のペースでコツコツ・黙々と進められる軽作業です。
未経験からスタートしたスタッフが9割以上活躍中で、1日〜数日で覚えられる簡単な作業ばかりですので、バイトデビューや久しぶりのお仕事復帰の方も安心してスタートしていただけます。

■ 具体的なお仕事の流れ

1. 検品・チェック作業
入荷された商品や出荷前の商品に問題がないか、確認する作業です。

・外観の目視確認： 商品に傷や汚れ、ほつれ、パッケージの凹みなどが無いかを目視で丁寧にチェックします。
・数量・品番の照合： 納品書や手元のハンディ端末に表示されたデータと、目の前にある商品の種類・個数が合致しているか確認します。
・バーコードスキャン： バーコードリーダーを使って商品を「ピッと」読み取る作業です。機械の操作はスマホ感覚で直感的に行えるため、難しい設定や専門知識は一切不要です。

2. 梱包・箱詰め作業
検品が完了した商品を、お客様のもとへ無事にお届けできるよう綺麗に包んで箱に詰める作業です。

・袋詰め・緩衝材包装： 服やタオルなどの布製品を専用の透明袋に入れたり、壊れやすいコスメ・ガラス製品などをプチプチ（緩衝材）で包みます。
・箱詰め・セット作業： 指定のサイズに合わせたダンボール箱を組み立て、商品が途中で動かないよう丁寧に納めます。
・テープ留め・封かん： ダンボールのフタを閉じ、ガムテープでしっかり留めたら梱包完了です。

3. シール貼り・仕分け作業
出荷に向けた最後の仕上げ作業です。

・ラベル貼り： お届け先の伝票シールや、取扱注意シール（「水濡れ厳禁」「割れ物注意」など）を指定の位置へキレイに貼り付けます。
・出荷先ごとの仕分け： 梱包が終わった箱を、配送地域別や配送業者別に分けられた台車やコンテナへ移します。

■ 1日のタイムスケジュール例（日勤の場合）
09:00〜【朝礼・作業スタート】
本日の連絡事項を確認後、各自の作業台へ移動します。担当する作業（検品または梱包）をスタートします。

12:00〜【お昼休憩（60分）】
清潔な休憩室でランチタイム。電子レンジ・冷蔵庫・自動販売機も完備されており、お弁当の持参も自由です。

13:00〜【午後の作業再開】
午前の続きの作業を行います。自分のデスクで黙々と作業に集中できる時間です。

15:00〜【小休憩（15分）】
身体をほぐしたり水分補給をするリフレッシュタイム。集中力を保ちやすい環境が整っています。

15:15〜【出荷準備・最終仕上げ】
本日発送分の最終チェックと、作業スペースの清掃・整理整頓を行います。

18:00〜【作業終了・定時退勤】
残業は基本的にありません。定時になったら「お疲れ様でした！」とスッキリ帰宅できます。

■ 快適な作業環境と働きやすさのポイント
・1年中快適な空調完備： 冷暖房がしっかり効いたクリーンな倉庫なので、夏は涼しく、冬は暖かく快適に作業できます。
・身体に優しい軽作業： 扱う商品は衣類、コスメ、文房具、小型雑貨などがメインです。重量物の持ち上げ作業はありません。
・充実した設備： 個人用の鍵付きロッカーを完備。休憩室は広々としており、ポットや電子レンジ、フリーWi-Fiも自由に使えます。

■ 未経験者でも安心のサポート体制
入社初日は、安全に関する講習と作業の基本ルールについてのオリエンテーションからスタートします。
現場配属後は、専任の先輩スタッフがマンツーマンでついて実際の作業を見せながら丁寧にレクチャーします。

最初は「シールの貼り方」や「ダンボールの組み立て」といった、特に簡単な作業からお任せしますので、一度にたくさんのことを覚える必要はありません。
作業中に分からないことや迷うことがあっても、すぐ近くにリーダーや先輩スタッフが常駐しているため、「これってどうやるんでしたっけ？」といつでも気軽に質問できる安心の環境です。早ければ半日、遅くても2〜3日程度で一人立ちしてスムーズにお仕事を進められるようになります！","✅ 未経験スタート9割以上！簡単なシンプル作業です
「商品を手に取る」「キズがないか見る」「箱に入れる」など、覚えることはたったこれだけ！複雑な機械操作や難しいルールはありません。
先輩スタッフのほとんどが未経験からのスタートです。特別なスキルや経験は一切不要なので、初めてのアルバイトや久しぶりのお仕事復帰の方も安心してください。

✅ 自分のペースで黙々・コツコツ取り組める！
「接客が苦手…」「一人で集中して作業したい」という方にピッタリの環境です。
ノルマなどもなく、ご自身のペースで作業を進められるので、人間関係のストレスを感じることなくのびのびと働けます。

✅ 重い荷物なし！身体への負担が少ない軽作業
扱う商品は、衣服や生活雑貨、コスメなどの比較的軽いものが中心です。
重いダンボールを持ち運んだり、力仕事をお願いすることはほぼありませんので、年齢・性別問わず無理なく長く続けられるお仕事です。

✅ 空調完備のキレイな倉庫で、1年中快適♪
冷暖房がしっかり効いたクリーンな室内での作業です。
「夏は暑くて汗だく…」「冬は寒くて手がかじかむ…」といった心配は無用！季節や天候に関わらず、いつも快適な温度の中で気持ちよく作業に集中できます。

✅ 充実の設備＆働きやすい環境
鍵付きの個人ロッカーを完備しているほか、広々として清潔な休憩室もご用意しています。
休憩室には電子レンジ・冷蔵庫・ポット・自動販売機を完備しており、お弁当を持参してゆっくりくつろぐことも可能です。スタッフが過ごしやすい環境づくりに力を入れています！","例外事由3号のイにより、長期キャリア形成を図るため、
35歳以下を募集しております。","【勤務時間】
★9:00~18:00
└実働8時間/休憩1時間

定時ダッシュも問題ないです✧
✧ 土日祝休み
✧ 残業月平均:6.5時間以内
✧ 残業代100%支給","✧ 完全週休2日制(土日祝休み)
✧ 年間休日125日
「土日休みはマスト!」ってあなたにも
ぴったりの職場です!

【その他休暇】
✧ 有給休暇
✧ 夏季・冬季休暇
✧ GW休暇
✧ 年末年始休暇",埼玉県 さいたま市,,"月給:25万円~+交通費全額支給

※経験に応じて決定いたします。

# 昇給あり
# 賞与あり
# 残業代100%支給
# 交通費支給","・社会保険完備
・住宅手当
・家賃補助
・退職金制度
・家族手当・扶養手当
・健康診断
・特別休暇
・資格取得支援制度","\\✧カジュアル面談実施中です✧/

応募に必要なのは人柄のみです!
まずはあなたのご希望を聞かせてください!

✩.。.....................。.✩
■ 応募からの流れ ■
✩.。.....................。.✩

▶STEP1WEBから1分簡単ご応募!
1~3日以内に担当者よりご連絡いたします。

▶ STEP2カジュアル面談(1回のみ)

▶STEP3採用

※入社日のご相談OKです◎
お気軽にご相談ください!",,即日勤務OK、交通費支給、残業なし,2,任意,生年月日、性別、電話番号,ntf-indeedapplicant-aaaatulx77tci2k2pr5yeqapva@shukatsu-labo.slack.com,,,利用しない,,
募集中,日本マニュファクチャリングサービス株式会社,【未経験】検品・梱包作業/日本マニュファクチャリングサービス株式会社/さいたま市北区,倉庫作業スタッフ,20~30代活躍中◎ワークライフバランスも充実！！,,埼玉県 さいたま市 北区,,,正社員,はい,月給,250000,,最低額を表示,なし,,,,,,,固定時間制,160,,厚生年金、健康保険、雇用保険、労災保険,,なし,,,,,,,,,,,,,,,,,,"空調が完備された綺麗な物流センター内で、人気ECサイトで販売されているアパレル商品・生活雑貨・コスメなどの「検品・梱包作業」を担当していただきます。
作業内容は非常にシンプルで、「商品を手に取る」「傷がないかチェックする」「箱や袋に詰める」という基本の3ステップが中心です。重いお荷物の持ち運びはほとんどなく、自分のペースでコツコツ・黙々と進められる軽作業です。
未経験からスタートしたスタッフが9割以上活躍中で、1日〜数日で覚えられる簡単な作業ばかりですので、バイトデビューや久しぶりのお仕事復帰の方も安心してスタートしていただけます。

■ 具体的なお仕事の流れ

1. 検品・チェック作業
入荷された商品や出荷前の商品に問題がないか、確認する作業です。

・外観の目視確認： 商品に傷や汚れ、ほつれ、パッケージの凹みなどが無いかを目視で丁寧にチェックします。
・数量・品番の照合： 納品書や手元のハンディ端末に表示されたデータと、目の前にある商品の種類・個数が合致しているか確認します。
・バーコードスキャン： バーコードリーダーを使って商品を「ピッと」読み取る作業です。機械の操作はスマホ感覚で直感的に行えるため、難しい設定や専門知識は一切不要です。

2. 梱包・箱詰め作業
検品が完了した商品を、お客様のもとへ無事にお届けできるよう綺麗に包んで箱に詰める作業です。

・袋詰め・緩衝材包装： 服やタオルなどの布製品を専用の透明袋に入れたり、壊れやすいコスメ・ガラス製品などをプチプチ（緩衝材）で包みます。
・箱詰め・セット作業： 指定のサイズに合わせたダンボール箱を組み立て、商品が途中で動かないよう丁寧に納めます。
・テープ留め・封かん： ダンボールのフタを閉じ、ガムテープでしっかり留めたら梱包完了です。

3. シール貼り・仕分け作業
出荷に向けた最後の仕上げ作業です。

・ラベル貼り： お届け先の伝票シールや、取扱注意シール（「水濡れ厳禁」「割れ物注意」など）を指定の位置へキレイに貼り付けます。
・出荷先ごとの仕分け： 梱包が終わった箱を、配送地域別や配送業者別に分けられた台車やコンテナへ移します。

■ 1日のタイムスケジュール例（日勤の場合）
09:00〜【朝礼・作業スタート】
本日の連絡事項を確認後、各自の作業台へ移動します。担当する作業（検品または梱包）をスタートします。

12:00〜【お昼休憩（60分）】
清潔な休憩室でランチタイム。電子レンジ・冷蔵庫・自動販売機も完備されており、お弁当の持参も自由です。

13:00〜【午後の作業再開】
午前の続きの作業を行います。自分のデスクで黙々と作業に集中できる時間です。

15:00〜【小休憩（15分）】
身体をほぐしたり水分補給をするリフレッシュタイム。集中力を保ちやすい環境が整っています。

15:15〜【出荷準備・最終仕上げ】
本日発送分の最終チェックと、作業スペースの清掃・整理整頓を行います。

18:00〜【作業終了・定時退勤】
残業は基本的にありません。定時になったら「お疲れ様でした！」とスッキリ帰宅できます。

■ 快適な作業環境と働きやすさのポイント
・1年中快適な空調完備： 冷暖房がしっかり効いたクリーンな倉庫なので、夏は涼しく、冬は暖かく快適に作業できます。
・身体に優しい軽作業： 扱う商品は衣類、コスメ、文房具、小型雑貨などがメインです。重量物の持ち上げ作業はありません。
・充実した設備： 個人用の鍵付きロッカーを完備。休憩室は広々としており、ポットや電子レンジ、フリーWi-Fiも自由に使えます。

■ 未経験者でも安心のサポート体制
入社初日は、安全に関する講習と作業の基本ルールについてのオリエンテーションからスタートします。
現場配属後は、専任の先輩スタッフがマンツーマンでついて実際の作業を見せながら丁寧にレクチャーします。

最初は「シールの貼り方」や「ダンボールの組み立て」といった、特に簡単な作業からお任せしますので、一度にたくさんのことを覚える必要はありません。
作業中に分からないことや迷うことがあっても、すぐ近くにリーダーや先輩スタッフが常駐しているため、「これってどうやるんでしたっけ？」といつでも気軽に質問できる安心の環境です。早ければ半日、遅くても2〜3日程度で一人立ちしてスムーズにお仕事を進められるようになります！","✅ 未経験スタート9割以上！簡単なシンプル作業です
「商品を手に取る」「キズがないか見る」「箱に入れる」など、覚えることはたったこれだけ！複雑な機械操作や難しいルールはありません。
先輩スタッフのほとんどが未経験からのスタートです。特別なスキルや経験は一切不要なので、初めてのアルバイトや久しぶりのお仕事復帰の方も安心してください。

✅ 自分のペースで黙々・コツコツ取り組める！
「接客が苦手…」「一人で集中して作業したい」という方にピッタリの環境です。
ノルマなどもなく、ご自身のペースで作業を進められるので、人間関係のストレスを感じることなくのびのびと働けます。

✅ 重い荷物なし！身体への負担が少ない軽作業
扱う商品は、衣服や生活雑貨、コスメなどの比較的軽いものが中心です。
重いダンボールを持ち運んだり、力仕事をお願いすることはほぼありませんので、年齢・性別問わず無理なく長く続けられるお仕事です。

✅ 空調完備のキレイな倉庫で、1年中快適♪
冷暖房がしっかり効いたクリーンな室内での作業です。
「夏は暑くて汗だく…」「冬は寒くて手がかじかむ…」といった心配は無用！季節や天候に関わらず、いつも快適な温度の中で気持ちよく作業に集中できます。

✅ 充実の設備＆働きやすい環境
鍵付きの個人ロッカーを完備しているほか、広々として清潔な休憩室もご用意しています。
休憩室には電子レンジ・冷蔵庫・ポット・自動販売機を完備しており、お弁当を持参してゆっくりくつろぐことも可能です。スタッフが過ごしやすい環境づくりに力を入れています！","例外事由3号のイにより、長期キャリア形成を図るため、
35歳以下を募集しております。","【勤務時間】
★9:00~18:00
└実働8時間/休憩1時間

定時ダッシュも問題ないです✧
✧ 土日祝休み
✧ 残業月平均:6.5時間以内
✧ 残業代100%支給","✧ 完全週休2日制(土日祝休み)
✧ 年間休日125日
「土日休みはマスト!」ってあなたにも
ぴったりの職場です!

【その他休暇】
✧ 有給休暇
✧ 夏季・冬季休暇
✧ GW休暇
✧ 年末年始休暇",埼玉県 さいたま市 北区,,"月給:25万円~+交通費全額支給

※経験に応じて決定いたします。

# 昇給あり
# 賞与あり
# 残業代100%支給
# 交通費支給","・社会保険完備
・住宅手当
・家賃補助
・退職金制度
・家族手当・扶養手当
・健康診断
・特別休暇
・資格取得支援制度","\\✧カジュアル面談実施中です✧/

応募に必要なのは人柄のみです!
まずはあなたのご希望を聞かせてください!

✩.。.....................。.✩
■ 応募からの流れ ■
✩.。.....................。.✩

▶STEP1WEBから1分簡単ご応募!
1~3日以内に担当者よりご連絡いたします。

▶ STEP2カジュアル面談(1回のみ)

▶STEP3採用

※入社日のご相談OKです◎
お気軽にご相談ください!",,即日勤務OK、交通費支給、残業なし,2,任意,生年月日、性別、電話番号,ntf-indeedapplicant-aaaatulx77tci2k2pr5yeqapva@shukatsu-labo.slack.com,,,利用しない,,
募集中,日本マニュファクチャリングサービス株式会社,【未経験】検品・梱包作業/日本マニュファクチャリングサービス株式会社/川越市,倉庫作業スタッフ,20~30代活躍中◎ワークライフバランスも充実！！,,埼玉県 川越市,,,正社員,はい,月給,250000,,最低額を表示,なし,,,,,,,固定時間制,160,,厚生年金、健康保険、雇用保険、労災保険,,なし,,,,,,,,,,,,,,,,,,"空調が完備された綺麗な物流センター内で、人気ECサイトで販売されているアパレル商品・生活雑貨・コスメなどの「検品・梱包作業」を担当していただきます。
作業内容は非常にシンプルで、「商品を手に取る」「傷がないかチェックする」「箱や袋に詰める」という基本の3ステップが中心です。重いお荷物の持ち運びはほとんどなく、自分のペースでコツコツ・黙々と進められる軽作業です。
未経験からスタートしたスタッフが9割以上活躍中で、1日〜数日で覚えられる簡単な作業ばかりですので、バイトデビューや久しぶりのお仕事復帰の方も安心してスタートしていただけます。

■ 具体的なお仕事の流れ

1. 検品・チェック作業
入荷された商品や出荷前の商品に問題がないか、確認する作業です。

・外観の目視確認： 商品に傷や汚れ、ほつれ、パッケージの凹みなどが無いかを目視で丁寧にチェックします。
・数量・品番の照合： 納品書や手元のハンディ端末に表示されたデータと、目の前にある商品の種類・個数が合致しているか確認します。
・バーコードスキャン： バーコードリーダーを使って商品を「ピッと」読み取る作業です。機械の操作はスマホ感覚で直感的に行えるため、難しい設定や専門知識は一切不要です。

2. 梱包・箱詰め作業
検品が完了した商品を、お客様のもとへ無事にお届けできるよう綺麗に包んで箱に詰める作業です。

・袋詰め・緩衝材包装： 服やタオルなどの布製品を専用の透明袋に入れたり、壊れやすいコスメ・ガラス製品などをプチプチ（緩衝材）で包みます。
・箱詰め・セット作業： 指定のサイズに合わせたダンボール箱を組み立て、商品が途中で動かないよう丁寧に納めます。
・テープ留め・封かん： ダンボールのフタを閉じ、ガムテープでしっかり留めたら梱包完了です。

3. シール貼り・仕分け作業
出荷に向けた最後の仕上げ作業です。

・ラベル貼り： お届け先の伝票シールや、取扱注意シール（「水濡れ厳禁」「割れ物注意」など）を指定の位置へキレイに貼り付けます。
・出荷先ごとの仕分け： 梱包が終わった箱を、配送地域別や配送業者別に分けられた台車やコンテナへ移します。

■ 1日のタイムスケジュール例（日勤の場合）
09:00〜【朝礼・作業スタート】
本日の連絡事項を確認後、各自の作業台へ移動します。担当する作業（検品または梱包）をスタートします。

12:00〜【お昼休憩（60分）】
清潔な休憩室でランチタイム。電子レンジ・冷蔵庫・自動販売機も完備されており、お弁当の持参も自由です。

13:00〜【午後の作業再開】
午前の続きの作業を行います。自分のデスクで黙々と作業に集中できる時間です。

15:00〜【小休憩（15分）】
身体をほぐしたり水分補給をするリフレッシュタイム。集中力を保ちやすい環境が整っています。

15:15〜【出荷準備・最終仕上げ】
本日発送分の最終チェックと、作業スペースの清掃・整理整頓を行います。

18:00〜【作業終了・定時退勤】
残業は基本的にありません。定時になったら「お疲れ様でした！」とスッキリ帰宅できます。

■ 快適な作業環境と働きやすさのポイント
・1年中快適な空調完備： 冷暖房がしっかり効いたクリーンな倉庫なので、夏は涼しく、冬は暖かく快適に作業できます。
・身体に優しい軽作業： 扱う商品は衣類、コスメ、文房具、小型雑貨などがメインです。重量物の持ち上げ作業はありません。
・充実した設備： 個人用の鍵付きロッカーを完備。休憩室は広々としており、ポットや電子レンジ、フリーWi-Fiも自由に使えます。

■ 未経験者でも安心のサポート体制
入社初日は、安全に関する講習と作業の基本ルールについてのオリエンテーションからスタートします。
現場配属後は、専任の先輩スタッフがマンツーマンでついて実際の作業を見せながら丁寧にレクチャーします。

最初は「シールの貼り方」や「ダンボールの組み立て」といった、特に簡単な作業からお任せしますので、一度にたくさんのことを覚える必要はありません。
作業中に分からないことや迷うことがあっても、すぐ近くにリーダーや先輩スタッフが常駐しているため、「これってどうやるんでしたっけ？」といつでも気軽に質問できる安心の環境です。早ければ半日、遅くても2〜3日程度で一人立ちしてスムーズにお仕事を進められるようになります！","✅ 未経験スタート9割以上！簡単なシンプル作業です
「商品を手に取る」「キズがないか見る」「箱に入れる」など、覚えることはたったこれだけ！複雑な機械操作や難しいルールはありません。
先輩スタッフのほとんどが未経験からのスタートです。特別なスキルや経験は一切不要なので、初めてのアルバイトや久しぶりのお仕事復帰の方も安心してください。

✅ 自分のペースで黙々・コツコツ取り組める！
「接客が苦手…」「一人で集中して作業したい」という方にピッタリの環境です。
ノルマなどもなく、ご自身のペースで作業を進められるので、人間関係のストレスを感じることなくのびのびと働けます。

✅ 重い荷物なし！身体への負担が少ない軽作業
扱う商品は、衣服や生活雑貨、コスメなどの比較的軽いものが中心です。
重いダンボールを持ち運んだり、力仕事をお願いすることはほぼありませんので、年齢・性別問わず無理なく長く続けられるお仕事です。

✅ 空調完備のキレイな倉庫で、1年中快適♪
冷暖房がしっかり効いたクリーンな室内での作業です。
「夏は暑くて汗だく…」「冬は寒くて手がかじかむ…」といった心配は無用！季節や天候に関わらず、いつも快適な温度の中で気持ちよく作業に集中できます。

✅ 充実の設備＆働きやすい環境
鍵付きの個人ロッカーを完備しているほか、広々として清潔な休憩室もご用意しています。
休憩室には電子レンジ・冷蔵庫・ポット・自動販売機を完備しており、お弁当を持参してゆっくりくつろぐことも可能です。スタッフが過ごしやすい環境づくりに力を入れています！","例外事由3号のイにより、長期キャリア形成を図るため、
35歳以下を募集しております。","【勤務時間】
★9:00~18:00
└実働8時間/休憩1時間

定時ダッシュも問題ないです✧
✧ 土日祝休み
✧ 残業月平均:6.5時間以内
✧ 残業代100%支給","✧ 完全週休2日制(土日祝休み)
✧ 年間休日125日
「土日休みはマスト!」ってあなたにも
ぴったりの職場です!

【その他休暇】
✧ 有給休暇
✧ 夏季・冬季休暇
✧ GW休暇
✧ 年末年始休暇",埼玉県 川越市,,"月給:25万円~+交通費全額支給

※経験に応じて決定いたします。

# 昇給あり
# 賞与あり
# 残業代100%支給
# 交通費支給","・社会保険完備
・住宅手当
・家賃補助
・退職金制度
・家族手当・扶養手当
・健康診断
・特別休暇
・資格取得支援制度","\\✧カジュアル面談実施中です✧/

応募に必要なのは人柄のみです!
まずはあなたのご希望を聞かせてください!

✩.。.....................。.✩
■ 応募からの流れ ■
✩.。.....................。.✩

▶STEP1WEBから1分簡単ご応募!
1~3日以内に担当者よりご連絡いたします。

▶ STEP2カジュアル面談(1回のみ)

▶STEP3採用

※入社日のご相談OKです◎
お気軽にご相談ください!",,即日勤務OK、交通費支給、残業なし,2,任意,生年月日、性別、電話番号,ntf-indeedapplicant-aaaatulx77tci2k2pr5yeqapva@shukatsu-labo.slack.com,,,利用しない,,
募集中,日本マニュファクチャリングサービス株式会社,【未経験】検品・梱包作業/日本マニュファクチャリングサービス株式会社/川口市,倉庫作業スタッフ,20~30代活躍中◎ワークライフバランスも充実！！,,埼玉県 川口市,,,正社員,はい,月給,250000,,最低額を表示,なし,,,,,,,固定時間制,160,,厚生年金、健康保険、雇用保険、労災保険,,なし,,,,,,,,,,,,,,,,,,"空調が完備された綺麗な物流センター内で、人気ECサイトで販売されているアパレル商品・生活雑貨・コスメなどの「検品・梱包作業」を担当していただきます。
作業内容は非常にシンプルで、「商品を手に取る」「傷がないかチェックする」「箱や袋に詰める」という基本の3ステップが中心です。重いお荷物の持ち運びはほとんどなく、自分のペースでコツコツ・黙々と進められる軽作業です。
未経験からスタートしたスタッフが9割以上活躍中で、1日〜数日で覚えられる簡単な作業ばかりですので、バイトデビューや久しぶりのお仕事復帰の方も安心してスタートしていただけます。

■ 具体的なお仕事の流れ

1. 検品・チェック作業
入荷された商品や出荷前の商品に問題がないか、確認する作業です。

・外観の目視確認： 商品に傷や汚れ、ほつれ、パッケージの凹みなどが無いかを目視で丁寧にチェックします。
・数量・品番の照合： 納品書や手元のハンディ端末に表示されたデータと、目の前にある商品の種類・個数が合致しているか確認します。
・バーコードスキャン： バーコードリーダーを使って商品を「ピッと」読み取る作業です。機械の操作はスマホ感覚で直感的に行えるため、難しい設定や専門知識は一切不要です。

2. 梱包・箱詰め作業
検品が完了した商品を、お客様のもとへ無事にお届けできるよう綺麗に包んで箱に詰める作業です。

・袋詰め・緩衝材包装： 服やタオルなどの布製品を専用の透明袋に入れたり、壊れやすいコスメ・ガラス製品などをプチプチ（緩衝材）で包みます。
・箱詰め・セット作業： 指定のサイズに合わせたダンボール箱を組み立て、商品が途中で動かないよう丁寧に納めます。
・テープ留め・封かん： ダンボールのフタを閉じ、ガムテープでしっかり留めたら梱包完了です。

3. シール貼り・仕分け作業
出荷に向けた最後の仕上げ作業です。

・ラベル貼り： お届け先の伝票シールや、取扱注意シール（「水濡れ厳禁」「割れ物注意」など）を指定の位置へキレイに貼り付けます。
・出荷先ごとの仕分け： 梱包が終わった箱を、配送地域別や配送業者別に分けられた台車やコンテナへ移します。

■ 1日のタイムスケジュール例（日勤の場合）
09:00〜【朝礼・作業スタート】
本日の連絡事項を確認後、各自の作業台へ移動します。担当する作業（検品または梱包）をスタートします。

12:00〜【お昼休憩（60分）】
清潔な休憩室でランチタイム。電子レンジ・冷蔵庫・自動販売機も完備されており、お弁当の持参も自由です。

13:00〜【午後の作業再開】
午前の続きの作業を行います。自分のデスクで黙々と作業に集中できる時間です。

15:00〜【小休憩（15分）】
身体をほぐしたり水分補給をするリフレッシュタイム。集中力を保ちやすい環境が整っています。

15:15〜【出荷準備・最終仕上げ】
本日発送分の最終チェックと、作業スペースの清掃・整理整頓を行います。

18:00〜【作業終了・定時退勤】
残業は基本的にありません。定時になったら「お疲れ様でした！」とスッキリ帰宅できます。

■ 快適な作業環境と働きやすさのポイント
・1年中快適な空調完備： 冷暖房がしっかり効いたクリーンな倉庫なので、夏は涼しく、冬は暖かく快適に作業できます。
・身体に優しい軽作業： 扱う商品は衣類、コスメ、文房具、小型雑貨などがメインです。重量物の持ち上げ作業はありません。
・充実した設備： 個人用の鍵付きロッカーを完備。休憩室は広々としており、ポットや電子レンジ、フリーWi-Fiも自由に使えます。

■ 未経験者でも安心のサポート体制
入社初日は、安全に関する講習と作業の基本ルールについてのオリエンテーションからスタートします。
現場配属後は、専任の先輩スタッフがマンツーマンでついて実際の作業を見せながら丁寧にレクチャーします。

最初は「シールの貼り方」や「ダンボールの組み立て」といった、特に簡単な作業からお任せしますので、一度にたくさんのことを覚える必要はありません。
作業中に分からないことや迷うことがあっても、すぐ近くにリーダーや先輩スタッフが常駐しているため、「これってどうやるんでしたっけ？」といつでも気軽に質問できる安心の環境です。早ければ半日、遅くても2〜3日程度で一人立ちしてスムーズにお仕事を進められるようになります！","✅ 未経験スタート9割以上！簡単なシンプル作業です
「商品を手に取る」「キズがないか見る」「箱に入れる」など、覚えることはたったこれだけ！複雑な機械操作や難しいルールはありません。
先輩スタッフのほとんどが未経験からのスタートです。特別なスキルや経験は一切不要なので、初めてのアルバイトや久しぶりのお仕事復帰の方も安心してください。

✅ 自分のペースで黙々・コツコツ取り組める！
「接客が苦手…」「一人で集中して作業したい」という方にピッタリの環境です。
ノルマなどもなく、ご自身のペースで作業を進められるので、人間関係のストレスを感じることなくのびのびと働けます。

✅ 重い荷物なし！身体への負担が少ない軽作業
扱う商品は、衣服や生活雑貨、コスメなどの比較的軽いものが中心です。
重いダンボールを持ち運んだり、力仕事をお願いすることはほぼありませんので、年齢・性別問わず無理なく長く続けられるお仕事です。

✅ 空調完備のキレイな倉庫で、1年中快適♪
冷暖房がしっかり効いたクリーンな室内での作業です。
「夏は暑くて汗だく…」「冬は寒くて手がかじかむ…」といった心配は無用！季節や天候に関わらず、いつも快適な温度の中で気持ちよく作業に集中できます。

✅ 充実の設備＆働きやすい環境
鍵付きの個人ロッカーを完備しているほか、広々として清潔な休憩室もご用意しています。
休憩室には電子レンジ・冷蔵庫・ポット・自動販売機を完備しており、お弁当を持参してゆっくりくつろぐことも可能です。スタッフが過ごしやすい環境づくりに力を入れています！","例外事由3号のイにより、長期キャリア形成を図るため、
35歳以下を募集しております。","【勤務時間】
★9:00~18:00
└実働8時間/休憩1時間

定時ダッシュも問題ないです✧
✧ 土日祝休み
✧ 残業月平均:6.5時間以内
✧ 残業代100%支給","✧ 完全週休2日制(土日祝休み)
✧ 年間休日125日
「土日休みはマスト!」ってあなたにも
ぴったりの職場です!

【その他休暇】
✧ 有給休暇
✧ 夏季・冬季休暇
✧ GW休暇
✧ 年末年始休暇",埼玉県 川口市,,"月給:25万円~+交通費全額支給

※経験に応じて決定いたします。

# 昇給あり
# 賞与あり
# 残業代100%支給
# 交通費支給","・社会保険完備
・住宅手当
・家賃補助
・退職金制度
・家族手当・扶養手当
・健康診断
・特別休暇
・資格取得支援制度","\\✧カジュアル面談実施中です✧/

応募に必要なのは人柄のみです!
まずはあなたのご希望を聞かせてください!

✩.。.....................。.✩
■ 応募からの流れ ■
✩.。.....................。.✩

▶STEP1WEBから1分簡単ご応募!
1~3日以内に担当者よりご連絡いたします。

▶ STEP2カジュアル面談(1回のみ)

▶STEP3採用

※入社日のご相談OKです◎
お気軽にご相談ください!",,即日勤務OK、交通費支給、残業なし,2,任意,生年月日、性別、電話番号,ntf-indeedapplicant-aaaatulx77tci2k2pr5yeqapva@shukatsu-labo.slack.com,,,利用しない,,
募集中,日本マニュファクチャリングサービス株式会社,【未経験】検品・梱包作業/日本マニュファクチャリングサービス株式会社/所沢市,倉庫作業スタッフ,20~30代活躍中◎ワークライフバランスも充実！！,,埼玉県 所沢市,,,正社員,はい,月給,250000,,最低額を表示,なし,,,,,,,固定時間制,160,,厚生年金、健康保険、雇用保険、労災保険,,なし,,,,,,,,,,,,,,,,,,"空調が完備された綺麗な物流センター内で、人気ECサイトで販売されているアパレル商品・生活雑貨・コスメなどの「検品・梱包作業」を担当していただきます。
作業内容は非常にシンプルで、「商品を手に取る」「傷がないかチェックする」「箱や袋に詰める」という基本の3ステップが中心です。重いお荷物の持ち運びはほとんどなく、自分のペースでコツコツ・黙々と進められる軽作業です。
未経験からスタートしたスタッフが9割以上活躍中で、1日〜数日で覚えられる簡単な作業ばかりですので、バイトデビューや久しぶりのお仕事復帰の方も安心してスタートしていただけます。

■ 具体的なお仕事の流れ

1. 検品・チェック作業
入荷された商品や出荷前の商品に問題がないか、確認する作業です。

・外観の目視確認： 商品に傷や汚れ、ほつれ、パッケージの凹みなどが無いかを目視で丁寧にチェックします。
・数量・品番の照合： 納品書や手元のハンディ端末に表示されたデータと、目の前にある商品の種類・個数が合致しているか確認します。
・バーコードスキャン： バーコードリーダーを使って商品を「ピッと」読み取る作業です。機械の操作はスマホ感覚で直感的に行えるため、難しい設定や専門知識は一切不要です。

2. 梱包・箱詰め作業
検品が完了した商品を、お客様のもとへ無事にお届けできるよう綺麗に包んで箱に詰める作業です。

・袋詰め・緩衝材包装： 服やタオルなどの布製品を専用の透明袋に入れたり、壊れやすいコスメ・ガラス製品などをプチプチ（緩衝材）で包みます。
・箱詰め・セット作業： 指定のサイズに合わせたダンボール箱を組み立て、商品が途中で動かないよう丁寧に納めます。
・テープ留め・封かん： ダンボールのフタを閉じ、ガムテープでしっかり留めたら梱包完了です。

3. シール貼り・仕分け作業
出荷に向けた最後の仕上げ作業です。

・ラベル貼り： お届け先の伝票シールや、取扱注意シール（「水濡れ厳禁」「割れ物注意」など）を指定の位置へキレイに貼り付けます。
・出荷先ごとの仕分け： 梱包が終わった箱を、配送地域別や配送業者別に分けられた台車やコンテナへ移します。

■ 1日のタイムスケジュール例（日勤の場合）
09:00〜【朝礼・作業スタート】
本日の連絡事項を確認後、各自の作業台へ移動します。担当する作業（検品または梱包）をスタートします。

12:00〜【お昼休憩（60分）】
清潔な休憩室でランチタイム。電子レンジ・冷蔵庫・自動販売機も完備されており、お弁当の持参も自由です。

13:00〜【午後の作業再開】
午前の続きの作業を行います。自分のデスクで黙々と作業に集中できる時間です。

15:00〜【小休憩（15分）】
身体をほぐしたり水分補給をするリフレッシュタイム。集中力を保ちやすい環境が整っています。

15:15〜【出荷準備・最終仕上げ】
本日発送分の最終チェックと、作業スペースの清掃・整理整頓を行います。

18:00〜【作業終了・定時退勤】
残業は基本的にありません。定時になったら「お疲れ様でした！」とスッキリ帰宅できます。

■ 快適な作業環境と働きやすさのポイント
・1年中快適な空調完備： 冷暖房がしっかり効いたクリーンな倉庫なので、夏は涼しく、冬は暖かく快適に作業できます。
・身体に優しい軽作業： 扱う商品は衣類、コスメ、文房具、小型雑貨などがメインです。重量物の持ち上げ作業はありません。
・充実した設備： 個人用の鍵付きロッカーを完備。休憩室は広々としており、ポットや電子レンジ、フリーWi-Fiも自由に使えます。

■ 未経験者でも安心のサポート体制
入社初日は、安全に関する講習と作業の基本ルールについてのオリエンテーションからスタートします。
現場配属後は、専任の先輩スタッフがマンツーマンでついて実際の作業を見せながら丁寧にレクチャーします。

最初は「シールの貼り方」や「ダンボールの組み立て」といった、特に簡単な作業からお任せしますので、一度にたくさんのことを覚える必要はありません。
作業中に分からないことや迷うことがあっても、すぐ近くにリーダーや先輩スタッフが常駐しているため、「これってどうやるんでしたっけ？」といつでも気軽に質問できる安心の環境です。早ければ半日、遅くても2〜3日程度で一人立ちしてスムーズにお仕事を進められるようになります！","✅ 未経験スタート9割以上！簡単なシンプル作業です
「商品を手に取る」「キズがないか見る」「箱に入れる」など、覚えることはたったこれだけ！複雑な機械操作や難しいルールはありません。
先輩スタッフのほとんどが未経験からのスタートです。特別なスキルや経験は一切不要なので、初めてのアルバイトや久しぶりのお仕事復帰の方も安心してください。

✅ 自分のペースで黙々・コツコツ取り組める！
「接客が苦手…」「一人で集中して作業したい」という方にピッタリの環境です。
ノルマなどもなく、ご自身のペースで作業を進められるので、人間関係のストレスを感じることなくのびのびと働けます。

✅ 重い荷物なし！身体への負担が少ない軽作業
扱う商品は、衣服や生活雑貨、コスメなどの比較的軽いものが中心です。
重いダンボールを持ち運んだり、力仕事をお願いすることはほぼありませんので、年齢・性別問わず無理なく長く続けられるお仕事です。

✅ 空調完備のキレイな倉庫で、1年中快適♪
冷暖房がしっかり効いたクリーンな室内での作業です。
「夏は暑くて汗だく…」「冬は寒くて手がかじかむ…」といった心配は無用！季節や天候に関わらず、いつも快適な温度の中で気持ちよく作業に集中できます。

✅ 充実の設備＆働きやすい環境
鍵付きの個人ロッカーを完備しているほか、広々として清潔な休憩室もご用意しています。
休憩室には電子レンジ・冷蔵庫・ポット・自動販売機を完備しており、お弁当を持参してゆっくりくつろぐことも可能です。スタッフが過ごしやすい環境づくりに力を入れています！","例外事由3号のイにより、長期キャリア形成を図るため、
35歳以下を募集しております。","【勤務時間】
★9:00~18:00
└実働8時間/休憩1時間

定時ダッシュも問題ないです✧
✧ 土日祝休み
✧ 残業月平均:6.5時間以内
✧ 残業代100%支給","✧ 完全週休2日制(土日祝休み)
✧ 年間休日125日
「土日休みはマスト!」ってあなたにも
ぴったりの職場です!

【その他休暇】
✧ 有給休暇
✧ 夏季・冬季休暇
✧ GW休暇
✧ 年末年始休暇",埼玉県 所沢市,,"月給:25万円~+交通費全額支給

※経験に応じて決定いたします。

# 昇給あり
# 賞与あり
# 残業代100%支給
# 交通費支給","・社会保険完備
・住宅手当
・家賃補助
・退職金制度
・家族手当・扶養手当
・健康診断
・特別休暇
・資格取得支援制度","\\✧カジュアル面談実施中です✧/

応募に必要なのは人柄のみです!
まずはあなたのご希望を聞かせてください!

✩.。.....................。.✩
■ 応募からの流れ ■
✩.。.....................。.✩

▶STEP1WEBから1分簡単ご応募!
1~3日以内に担当者よりご連絡いたします。

▶ STEP2カジュアル面談(1回のみ)

▶STEP3採用

※入社日のご相談OKです◎
お気軽にご相談ください!",,即日勤務OK、交通費支給、残業なし,2,任意,生年月日、性別、電話番号,ntf-indeedapplicant-aaaatulx77tci2k2pr5yeqapva@shukatsu-labo.slack.com,,,利用しない,,
募集中,日本マニュファクチャリングサービス株式会社,【未経験】検品・梱包作業/日本マニュファクチャリングサービス株式会社/飯能市,倉庫作業スタッフ,20~30代活躍中◎ワークライフバランスも充実！！,,埼玉県 飯能市,,,正社員,はい,月給,250000,,最低額を表示,なし,,,,,,,固定時間制,160,,厚生年金、健康保険、雇用保険、労災保険,,なし,,,,,,,,,,,,,,,,,,"空調が完備された綺麗な物流センター内で、人気ECサイトで販売されているアパレル商品・生活雑貨・コスメなどの「検品・梱包作業」を担当していただきます。
作業内容は非常にシンプルで、「商品を手に取る」「傷がないかチェックする」「箱や袋に詰める」という基本の3ステップが中心です。重いお荷物の持ち運びはほとんどなく、自分のペースでコツコツ・黙々と進められる軽作業です。
未経験からスタートしたスタッフが9割以上活躍中で、1日〜数日で覚えられる簡単な作業ばかりですので、バイトデビューや久しぶりのお仕事復帰の方も安心してスタートしていただけます。

■ 具体的なお仕事の流れ

1. 検品・チェック作業
入荷された商品や出荷前の商品に問題がないか、確認する作業です。

・外観の目視確認： 商品に傷や汚れ、ほつれ、パッケージの凹みなどが無いかを目視で丁寧にチェックします。
・数量・品番の照合： 納品書や手元のハンディ端末に表示されたデータと、目の前にある商品の種類・個数が合致しているか確認します。
・バーコードスキャン： バーコードリーダーを使って商品を「ピッと」読み取る作業です。機械の操作はスマホ感覚で直感的に行えるため、難しい設定や専門知識は一切不要です。

2. 梱包・箱詰め作業
検品が完了した商品を、お客様のもとへ無事にお届けできるよう綺麗に包んで箱に詰める作業です。

・袋詰め・緩衝材包装： 服やタオルなどの布製品を専用の透明袋に入れたり、壊れやすいコスメ・ガラス製品などをプチプチ（緩衝材）で包みます。
・箱詰め・セット作業： 指定のサイズに合わせたダンボール箱を組み立て、商品が途中で動かないよう丁寧に納めます。
・テープ留め・封かん： ダンボールのフタを閉じ、ガムテープでしっかり留めたら梱包完了です。

3. シール貼り・仕分け作業
出荷に向けた最後の仕上げ作業です。

・ラベル貼り： お届け先の伝票シールや、取扱注意シール（「水濡れ厳禁」「割れ物注意」など）を指定の位置へキレイに貼り付けます。
・出荷先ごとの仕分け： 梱包が終わった箱を、配送地域別や配送業者別に分けられた台車やコンテナへ移します。

■ 1日のタイムスケジュール例（日勤の場合）
09:00〜【朝礼・作業スタート】
本日の連絡事項を確認後、各自の作業台へ移動します。担当する作業（検品または梱包）をスタートします。

12:00〜【お昼休憩（60分）】
清潔な休憩室でランチタイム。電子レンジ・冷蔵庫・自動販売機も完備されており、お弁当の持参も自由です。

13:00〜【午後の作業再開】
午前の続きの作業を行います。自分のデスクで黙々と作業に集中できる時間です。

15:00〜【小休憩（15分）】
身体をほぐしたり水分補給をするリフレッシュタイム。集中力を保ちやすい環境が整っています。

15:15〜【出荷準備・最終仕上げ】
本日発送分の最終チェックと、作業スペースの清掃・整理整頓を行います。

18:00〜【作業終了・定時退勤】
残業は基本的にありません。定時になったら「お疲れ様でした！」とスッキリ帰宅できます。

■ 快適な作業環境と働きやすさのポイント
・1年中快適な空調完備： 冷暖房がしっかり効いたクリーンな倉庫なので、夏は涼しく、冬は暖かく快適に作業できます。
・身体に優しい軽作業： 扱う商品は衣類、コスメ、文房具、小型雑貨などがメインです。重量物の持ち上げ作業はありません。
・充実した設備： 個人用の鍵付きロッカーを完備。休憩室は広々としており、ポットや電子レンジ、フリーWi-Fiも自由に使えます。

■ 未経験者でも安心のサポート体制
入社初日は、安全に関する講習と作業の基本ルールについてのオリエンテーションからスタートします。
現場配属後は、専任の先輩スタッフがマンツーマンでついて実際の作業を見せながら丁寧にレクチャーします。

最初は「シールの貼り方」や「ダンボールの組み立て」といった、特に簡単な作業からお任せしますので、一度にたくさんのことを覚える必要はありません。
作業中に分からないことや迷うことがあっても、すぐ近くにリーダーや先輩スタッフが常駐しているため、「これってどうやるんでしたっけ？」といつでも気軽に質問できる安心の環境です。早ければ半日、遅くても2〜3日程度で一人立ちしてスムーズにお仕事を進められるようになります！","✅ 未経験スタート9割以上！簡単なシンプル作業です
「商品を手に取る」「キズがないか見る」「箱に入れる」など、覚えることはたったこれだけ！複雑な機械操作や難しいルールはありません。
先輩スタッフのほとんどが未経験からのスタートです。特別なスキルや経験は一切不要なので、初めてのアルバイトや久しぶりのお仕事復帰の方も安心してください。

✅ 自分のペースで黙々・コツコツ取り組める！
「接客が苦手…」「一人で集中して作業したい」という方にピッタリの環境です。
ノルマなどもなく、ご自身のペースで作業を進められるので、人間関係のストレスを感じることなくのびのびと働けます。

✅ 重い荷物なし！身体への負担が少ない軽作業
扱う商品は、衣服や生活雑貨、コスメなどの比較的軽いものが中心です。
重いダンボールを持ち運んだり、力仕事をお願いすることはほぼありませんので、年齢・性別問わず無理なく長く続けられるお仕事です。

✅ 空調完備のキレイな倉庫で、1年中快適♪
冷暖房がしっかり効いたクリーンな室内での作業です。
「夏は暑くて汗だく…」「冬は寒くて手がかじかむ…」といった心配は無用！季節や天候に関わらず、いつも快適な温度の中で気持ちよく作業に集中できます。

✅ 充実の設備＆働きやすい環境
鍵付きの個人ロッカーを完備しているほか、広々として清潔な休憩室もご用意しています。
休憩室には電子レンジ・冷蔵庫・ポット・自動販売機を完備しており、お弁当を持参してゆっくりくつろぐことも可能です。スタッフが過ごしやすい環境づくりに力を入れています！","例外事由3号のイにより、長期キャリア形成を図るため、
35歳以下を募集しております。","【勤務時間】
★9:00~18:00
└実働8時間/休憩1時間

定時ダッシュも問題ないです✧
✧ 土日祝休み
✧ 残業月平均:6.5時間以内
✧ 残業代100%支給","✧ 完全週休2日制(土日祝休み)
✧ 年間休日125日
「土日休みはマスト!」ってあなたにも
ぴったりの職場です!

【その他休暇】
✧ 有給休暇
✧ 夏季・冬季休暇
✧ GW休暇
✧ 年末年始休暇",埼玉県 飯能市,,"月給:25万円~+交通費全額支給

※経験に応じて決定いたします。

# 昇給あり
# 賞与あり
# 残業代100%支給
# 交通費支給","・社会保険完備
・住宅手当
・家賃補助
・退職金制度
・家族手当・扶養手当
・健康診断
・特別休暇
・資格取得支援制度","\\✧カジュアル面談実施中です✧/

応募に必要なのは人柄のみです!
まずはあなたのご希望を聞かせてください!

✩.。.....................。.✩
■ 応募からの流れ ■
✩.。.....................。.✩

▶STEP1WEBから1分簡単ご応募!
1~3日以内に担当者よりご連絡いたします。

▶ STEP2カジュアル面談(1回のみ)

▶STEP3採用

※入社日のご相談OKです◎
お気軽にご相談ください!",,即日勤務OK、交通費支給、残業なし,2,任意,生年月日、性別、電話番号,ntf-indeedapplicant-aaaatulx77tci2k2pr5yeqapva@shukatsu-labo.slack.com,,,利用しない,,
募集中,日本マニュファクチャリングサービス株式会社,【未経験】検品・梱包作業/日本マニュファクチャリングサービス株式会社/加須市,倉庫作業スタッフ,20~30代活躍中◎ワークライフバランスも充実！！,,埼玉県 加須市,,,正社員,はい,月給,250000,,最低額を表示,なし,,,,,,,固定時間制,160,,厚生年金、健康保険、雇用保険、労災保険,,なし,,,,,,,,,,,,,,,,,,"空調が完備された綺麗な物流センター内で、人気ECサイトで販売されているアパレル商品・生活雑貨・コスメなどの「検品・梱包作業」を担当していただきます。
作業内容は非常にシンプルで、「商品を手に取る」「傷がないかチェックする」「箱や袋に詰める」という基本の3ステップが中心です。重いお荷物の持ち運びはほとんどなく、自分のペースでコツコツ・黙々と進められる軽作業です。
未経験からスタートしたスタッフが9割以上活躍中で、1日〜数日で覚えられる簡単な作業ばかりですので、バイトデビューや久しぶりのお仕事復帰の方も安心してスタートしていただけます。

■ 具体的なお仕事の流れ

1. 検品・チェック作業
入荷された商品や出荷前の商品に問題がないか、確認する作業です。

・外観の目視確認： 商品に傷や汚れ、ほつれ、パッケージの凹みなどが無いかを目視で丁寧にチェックします。
・数量・品番の照合： 納品書や手元のハンディ端末に表示されたデータと、目の前にある商品の種類・個数が合致しているか確認します。
・バーコードスキャン： バーコードリーダーを使って商品を「ピッと」読み取る作業です。機械の操作はスマホ感覚で直感的に行えるため、難しい設定や専門知識は一切不要です。

2. 梱包・箱詰め作業
検品が完了した商品を、お客様のもとへ無事にお届けできるよう綺麗に包んで箱に詰める作業です。

・袋詰め・緩衝材包装： 服やタオルなどの布製品を専用の透明袋に入れたり、壊れやすいコスメ・ガラス製品などをプチプチ（緩衝材）で包みます。
・箱詰め・セット作業： 指定のサイズに合わせたダンボール箱を組み立て、商品が途中で動かないよう丁寧に納めます。
・テープ留め・封かん： ダンボールのフタを閉じ、ガムテープでしっかり留めたら梱包完了です。

3. シール貼り・仕分け作業
出荷に向けた最後の仕上げ作業です。

・ラベル貼り： お届け先の伝票シールや、取扱注意シール（「水濡れ厳禁」「割れ物注意」など）を指定の位置へキレイに貼り付けます。
・出荷先ごとの仕分け： 梱包が終わった箱を、配送地域別や配送業者別に分けられた台車やコンテナへ移します。

■ 1日のタイムスケジュール例（日勤の場合）
09:00〜【朝礼・作業スタート】
本日の連絡事項を確認後、各自の作業台へ移動します。担当する作業（検品または梱包）をスタートします。

12:00〜【お昼休憩（60分）】
清潔な休憩室でランチタイム。電子レンジ・冷蔵庫・自動販売機も完備されており、お弁当の持参も自由です。

13:00〜【午後の作業再開】
午前の続きの作業を行います。自分のデスクで黙々と作業に集中できる時間です。

15:00〜【小休憩（15分）】
身体をほぐしたり水分補給をするリフレッシュタイム。集中力を保ちやすい環境が整っています。

15:15〜【出荷準備・最終仕上げ】
本日発送分の最終チェックと、作業スペースの清掃・整理整頓を行います。

18:00〜【作業終了・定時退勤】
残業は基本的にありません。定時になったら「お疲れ様でした！」とスッキリ帰宅できます。

■ 快適な作業環境と働きやすさのポイント
・1年中快適な空調完備： 冷暖房がしっかり効いたクリーンな倉庫なので、夏は涼しく、冬は暖かく快適に作業できます。
・身体に優しい軽作業： 扱う商品は衣類、コスメ、文房具、小型雑貨などがメインです。重量物の持ち上げ作業はありません。
・充実した設備： 個人用の鍵付きロッカーを完備。休憩室は広々としており、ポットや電子レンジ、フリーWi-Fiも自由に使えます。

■ 未経験者でも安心のサポート体制
入社初日は、安全に関する講習と作業の基本ルールについてのオリエンテーションからスタートします。
現場配属後は、専任の先輩スタッフがマンツーマンでついて実際の作業を見せながら丁寧にレクチャーします。

最初は「シールの貼り方」や「ダンボールの組み立て」といった、特に簡単な作業からお任せしますので、一度にたくさんのことを覚える必要はありません。
作業中に分からないことや迷うことがあっても、すぐ近くにリーダーや先輩スタッフが常駐しているため、「これってどうやるんでしたっけ？」といつでも気軽に質問できる安心の環境です。早ければ半日、遅くても2〜3日程度で一人立ちしてスムーズにお仕事を進められるようになります！","✅ 未経験スタート9割以上！簡単なシンプル作業です
「商品を手に取る」「キズがないか見る」「箱に入れる」など、覚えることはたったこれだけ！複雑な機械操作や難しいルールはありません。
先輩スタッフのほとんどが未経験からのスタートです。特別なスキルや経験は一切不要なので、初めてのアルバイトや久しぶりのお仕事復帰の方も安心してください。

✅ 自分のペースで黙々・コツコツ取り組める！
「接客が苦手…」「一人で集中して作業したい」という方にピッタリの環境です。
ノルマなどもなく、ご自身のペースで作業を進められるので、人間関係のストレスを感じることなくのびのびと働けます。

✅ 重い荷物なし！身体への負担が少ない軽作業
扱う商品は、衣服や生活雑貨、コスメなどの比較的軽いものが中心です。
重いダンボールを持ち運んだり、力仕事をお願いすることはほぼありませんので、年齢・性別問わず無理なく長く続けられるお仕事です。

✅ 空調完備のキレイな倉庫で、1年中快適♪
冷暖房がしっかり効いたクリーンな室内での作業です。
「夏は暑くて汗だく…」「冬は寒くて手がかじかむ…」といった心配は無用！季節や天候に関わらず、いつも快適な温度の中で気持ちよく作業に集中できます。

✅ 充実の設備＆働きやすい環境
鍵付きの個人ロッカーを完備しているほか、広々として清潔な休憩室もご用意しています。
休憩室には電子レンジ・冷蔵庫・ポット・自動販売機を完備しており、お弁当を持参してゆっくりくつろぐことも可能です。スタッフが過ごしやすい環境づくりに力を入れています！","例外事由3号のイにより、長期キャリア形成を図るため、
35歳以下を募集しております。","【勤務時間】
★9:00~18:00
└実働8時間/休憩1時間

定時ダッシュも問題ないです✧
✧ 土日祝休み
✧ 残業月平均:6.5時間以内
✧ 残業代100%支給","✧ 完全週休2日制(土日祝休み)
✧ 年間休日125日
「土日休みはマスト!」ってあなたにも
ぴったりの職場です!

【その他休暇】
✧ 有給休暇
✧ 夏季・冬季休暇
✧ GW休暇
✧ 年末年始休暇",埼玉県 加須市,,"月給:25万円~+交通費全額支給

※経験に応じて決定いたします。

# 昇給あり
# 賞与あり
# 残業代100%支給
# 交通費支給","・社会保険完備
・住宅手当
・家賃補助
・退職金制度
・家族手当・扶養手当
・健康診断
・特別休暇
・資格取得支援制度","\\✧カジュアル面談実施中です✧/

応募に必要なのは人柄のみです!
まずはあなたのご希望を聞かせてください!

✩.。.....................。.✩
■ 応募からの流れ ■
✩.。.....................。.✩

▶STEP1WEBから1分簡単ご応募!
1~3日以内に担当者よりご連絡いたします。

▶ STEP2カジュアル面談(1回のみ)

▶STEP3採用

※入社日のご相談OKです◎
お気軽にご相談ください!",,即日勤務OK、交通費支給、残業なし,2,任意,生年月日、性別、電話番号,ntf-indeedapplicant-aaaatulx77tci2k2pr5yeqapva@shukatsu-labo.slack.com,,,利用しない,,
募集中,日本マニュファクチャリングサービス株式会社,【未経験】検品・梱包作業/日本マニュファクチャリングサービス株式会社/行田市,倉庫作業スタッフ,20~30代活躍中◎ワークライフバランスも充実！！,,埼玉県 行田市,,,正社員,はい,月給,250000,,最低額を表示,なし,,,,,,,固定時間制,160,,厚生年金、健康保険、雇用保険、労災保険,,なし,,,,,,,,,,,,,,,,,,"空調が完備された綺麗な物流センター内で、人気ECサイトで販売されているアパレル商品・生活雑貨・コスメなどの「検品・梱包作業」を担当していただきます。
作業内容は非常にシンプルで、「商品を手に取る」「傷がないかチェックする」「箱や袋に詰める」という基本の3ステップが中心です。重いお荷物の持ち運びはほとんどなく、自分のペースでコツコツ・黙々と進められる軽作業です。
未経験からスタートしたスタッフが9割以上活躍中で、1日〜数日で覚えられる簡単な作業ばかりですので、バイトデビューや久しぶりのお仕事復帰の方も安心してスタートしていただけます。

■ 具体的なお仕事の流れ

1. 検品・チェック作業
入荷された商品や出荷前の商品に問題がないか、確認する作業です。

・外観の目視確認： 商品に傷や汚れ、ほつれ、パッケージの凹みなどが無いかを目視で丁寧にチェックします。
・数量・品番の照合： 納品書や手元のハンディ端末に表示されたデータと、目の前にある商品の種類・個数が合致しているか確認します。
・バーコードスキャン： バーコードリーダーを使って商品を「ピッと」読み取る作業です。機械の操作はスマホ感覚で直感的に行えるため、難しい設定や専門知識は一切不要です。

2. 梱包・箱詰め作業
検品が完了した商品を、お客様のもとへ無事にお届けできるよう綺麗に包んで箱に詰める作業です。

・袋詰め・緩衝材包装： 服やタオルなどの布製品を専用の透明袋に入れたり、壊れやすいコスメ・ガラス製品などをプチプチ（緩衝材）で包みます。
・箱詰め・セット作業： 指定のサイズに合わせたダンボール箱を組み立て、商品が途中で動かないよう丁寧に納めます。
・テープ留め・封かん： ダンボールのフタを閉じ、ガムテープでしっかり留めたら梱包完了です。

3. シール貼り・仕分け作業
出荷に向けた最後の仕上げ作業です。

・ラベル貼り： お届け先の伝票シールや、取扱注意シール（「水濡れ厳禁」「割れ物注意」など）を指定の位置へキレイに貼り付けます。
・出荷先ごとの仕分け： 梱包が終わった箱を、配送地域別や配送業者別に分けられた台車やコンテナへ移します。

■ 1日のタイムスケジュール例（日勤の場合）
09:00〜【朝礼・作業スタート】
本日の連絡事項を確認後、各自の作業台へ移動します。担当する作業（検品または梱包）をスタートします。

12:00〜【お昼休憩（60分）】
清潔な休憩室でランチタイム。電子レンジ・冷蔵庫・自動販売機も完備されており、お弁当の持参も自由です。

13:00〜【午後の作業再開】
午前の続きの作業を行います。自分のデスクで黙々と作業に集中できる時間です。

15:00〜【小休憩（15分）】
身体をほぐしたり水分補給をするリフレッシュタイム。集中力を保ちやすい環境が整っています。

15:15〜【出荷準備・最終仕上げ】
本日発送分の最終チェックと、作業スペースの清掃・整理整頓を行います。

18:00〜【作業終了・定時退勤】
残業は基本的にありません。定時になったら「お疲れ様でした！」とスッキリ帰宅できます。

■ 快適な作業環境と働きやすさのポイント
・1年中快適な空調完備： 冷暖房がしっかり効いたクリーンな倉庫なので、夏は涼しく、冬は暖かく快適に作業できます。
・身体に優しい軽作業： 扱う商品は衣類、コスメ、文房具、小型雑貨などがメインです。重量物の持ち上げ作業はありません。
・充実した設備： 個人用の鍵付きロッカーを完備。休憩室は広々としており、ポットや電子レンジ、フリーWi-Fiも自由に使えます。

■ 未経験者でも安心のサポート体制
入社初日は、安全に関する講習と作業の基本ルールについてのオリエンテーションからスタートします。
現場配属後は、専任の先輩スタッフがマンツーマンでついて実際の作業を見せながら丁寧にレクチャーします。

最初は「シールの貼り方」や「ダンボールの組み立て」といった、特に簡単な作業からお任せしますので、一度にたくさんのことを覚える必要はありません。
作業中に分からないことや迷うことがあっても、すぐ近くにリーダーや先輩スタッフが常駐しているため、「これってどうやるんでしたっけ？」といつでも気軽に質問できる安心の環境です。早ければ半日、遅くても2〜3日程度で一人立ちしてスムーズにお仕事を進められるようになります！","✅ 未経験スタート9割以上！簡単なシンプル作業です
「商品を手に取る」「キズがないか見る」「箱に入れる」など、覚えることはたったこれだけ！複雑な機械操作や難しいルールはありません。
先輩スタッフのほとんどが未経験からのスタートです。特別なスキルや経験は一切不要なので、初めてのアルバイトや久しぶりのお仕事復帰の方も安心してください。

✅ 自分のペースで黙々・コツコツ取り組める！
「接客が苦手…」「一人で集中して作業したい」という方にピッタリの環境です。
ノルマなどもなく、ご自身のペースで作業を進められるので、人間関係のストレスを感じることなくのびのびと働けます。

✅ 重い荷物なし！身体への負担が少ない軽作業
扱う商品は、衣服や生活雑貨、コスメなどの比較的軽いものが中心です。
重いダンボールを持ち運んだり、力仕事をお願いすることはほぼありませんので、年齢・性別問わず無理なく長く続けられるお仕事です。

✅ 空調完備のキレイな倉庫で、1年中快適♪
冷暖房がしっかり効いたクリーンな室内での作業です。
「夏は暑くて汗だく…」「冬は寒くて手がかじかむ…」といった心配は無用！季節や天候に関わらず、いつも快適な温度の中で気持ちよく作業に集中できます。

✅ 充実の設備＆働きやすい環境
鍵付きの個人ロッカーを完備しているほか、広々として清潔な休憩室もご用意しています。
休憩室には電子レンジ・冷蔵庫・ポット・自動販売機を完備しており、お弁当を持参してゆっくりくつろぐことも可能です。スタッフが過ごしやすい環境づくりに力を入れています！","例外事由3号のイにより、長期キャリア形成を図るため、
35歳以下を募集しております。","【勤務時間】
★9:00~18:00
└実働8時間/休憩1時間

定時ダッシュも問題ないです✧
✧ 土日祝休み
✧ 残業月平均:6.5時間以内
✧ 残業代100%支給","✧ 完全週休2日制(土日祝休み)
✧ 年間休日125日
「土日休みはマスト!」ってあなたにも
ぴったりの職場です!

【その他休暇】
✧ 有給休暇
✧ 夏季・冬季休暇
✧ GW休暇
✧ 年末年始休暇",埼玉県 行田市,,"月給:25万円~+交通費全額支給

※経験に応じて決定いたします。

# 昇給あり
# 賞与あり
# 残業代100%支給
# 交通費支給","・社会保険完備
・住宅手当
・家賃補助
・退職金制度
・家族手当・扶養手当
・健康診断
・特別休暇
・資格取得支援制度","\\✧カジュアル面談実施中です✧/

応募に必要なのは人柄のみです!
まずはあなたのご希望を聞かせてください!

✩.。.....................。.✩
■ 応募からの流れ ■
✩.。.....................。.✩

▶STEP1WEBから1分簡単ご応募!
1~3日以内に担当者よりご連絡いたします。

▶ STEP2カジュアル面談(1回のみ)

▶STEP3採用

※入社日のご相談OKです◎
お気軽にご相談ください!",,即日勤務OK、交通費支給、残業なし,2,任意,生年月日、性別、電話番号,ntf-indeedapplicant-aaaatulx77tci2k2pr5yeqapva@shukatsu-labo.slack.com,,,利用しない,,
募集中,日本マニュファクチャリングサービス株式会社,【未経験】検品・梱包作業/日本マニュファクチャリングサービス株式会社/羽生市,倉庫作業スタッフ,20~30代活躍中◎ワークライフバランスも充実！！,,埼玉県 羽生市,,,正社員,はい,月給,250000,,最低額を表示,なし,,,,,,,固定時間制,160,,厚生年金、健康保険、雇用保険、労災保険,,なし,,,,,,,,,,,,,,,,,,"空調が完備された綺麗な物流センター内で、人気ECサイトで販売されているアパレル商品・生活雑貨・コスメなどの「検品・梱包作業」を担当していただきます。
作業内容は非常にシンプルで、「商品を手に取る」「傷がないかチェックする」「箱や袋に詰める」という基本の3ステップが中心です。重いお荷物の持ち運びはほとんどなく、自分のペースでコツコツ・黙々と進められる軽作業です。
未経験からスタートしたスタッフが9割以上活躍中で、1日〜数日で覚えられる簡単な作業ばかりですので、バイトデビューや久しぶりのお仕事復帰の方も安心してスタートしていただけます。

■ 具体的なお仕事の流れ

1. 検品・チェック作業
入荷された商品や出荷前の商品に問題がないか、確認する作業です。

・外観の目視確認： 商品に傷や汚れ、ほつれ、パッケージの凹みなどが無いかを目視で丁寧にチェックします。
・数量・品番の照合： 納品書や手元のハンディ端末に表示されたデータと、目の前にある商品の種類・個数が合致しているか確認します。
・バーコードスキャン： バーコードリーダーを使って商品を「ピッと」読み取る作業です。機械の操作はスマホ感覚で直感的に行えるため、難しい設定や専門知識は一切不要です。

2. 梱包・箱詰め作業
検品が完了した商品を、お客様のもとへ無事にお届けできるよう綺麗に包んで箱に詰める作業です。

・袋詰め・緩衝材包装： 服やタオルなどの布製品を専用の透明袋に入れたり、壊れやすいコスメ・ガラス製品などをプチプチ（緩衝材）で包みます。
・箱詰め・セット作業： 指定のサイズに合わせたダンボール箱を組み立て、商品が途中で動かないよう丁寧に納めます。
・テープ留め・封かん： ダンボールのフタを閉じ、ガムテープでしっかり留めたら梱包完了です。

3. シール貼り・仕分け作業
出荷に向けた最後の仕上げ作業です。

・ラベル貼り： お届け先の伝票シールや、取扱注意シール（「水濡れ厳禁」「割れ物注意」など）を指定の位置へキレイに貼り付けます。
・出荷先ごとの仕分け： 梱包が終わった箱を、配送地域別や配送業者別に分けられた台車やコンテナへ移します。

■ 1日のタイムスケジュール例（日勤の場合）
09:00〜【朝礼・作業スタート】
本日の連絡事項を確認後、各自の作業台へ移動します。担当する作業（検品または梱包）をスタートします。

12:00〜【お昼休憩（60分）】
清潔な休憩室でランチタイム。電子レンジ・冷蔵庫・自動販売機も完備されており、お弁当の持参も自由です。

13:00〜【午後の作業再開】
午前の続きの作業を行います。自分のデスクで黙々と作業に集中できる時間です。

15:00〜【小休憩（15分）】
身体をほぐしたり水分補給をするリフレッシュタイム。集中力を保ちやすい環境が整っています。

15:15〜【出荷準備・最終仕上げ】
本日発送分の最終チェックと、作業スペースの清掃・整理整頓を行います。

18:00〜【作業終了・定時退勤】
残業は基本的にありません。定時になったら「お疲れ様でした！」とスッキリ帰宅できます。

■ 快適な作業環境と働きやすさのポイント
・1年中快適な空調完備： 冷暖房がしっかり効いたクリーンな倉庫なので、夏は涼しく、冬は暖かく快適に作業できます。
・身体に優しい軽作業： 扱う商品は衣類、コスメ、文房具、小型雑貨などがメインです。重量物の持ち上げ作業はありません。
・充実した設備： 個人用の鍵付きロッカーを完備。休憩室は広々としており、ポットや電子レンジ、フリーWi-Fiも自由に使えます。

■ 未経験者でも安心のサポート体制
入社初日は、安全に関する講習と作業の基本ルールについてのオリエンテーションからスタートします。
現場配属後は、専任の先輩スタッフがマンツーマンでついて実際の作業を見せながら丁寧にレクチャーします。

最初は「シールの貼り方」や「ダンボールの組み立て」といった、特に簡単な作業からお任せしますので、一度にたくさんのことを覚える必要はありません。
作業中に分からないことや迷うことがあっても、すぐ近くにリーダーや先輩スタッフが常駐しているため、「これってどうやるんでしたっけ？」といつでも気軽に質問できる安心の環境です。早ければ半日、遅くても2〜3日程度で一人立ちしてスムーズにお仕事を進められるようになります！","✅ 未経験スタート9割以上！簡単なシンプル作業です
「商品を手に取る」「キズがないか見る」「箱に入れる」など、覚えることはたったこれだけ！複雑な機械操作や難しいルールはありません。
先輩スタッフのほとんどが未経験からのスタートです。特別なスキルや経験は一切不要なので、初めてのアルバイトや久しぶりのお仕事復帰の方も安心してください。

✅ 自分のペースで黙々・コツコツ取り組める！
「接客が苦手…」「一人で集中して作業したい」という方にピッタリの環境です。
ノルマなどもなく、ご自身のペースで作業を進められるので、人間関係のストレスを感じることなくのびのびと働けます。

✅ 重い荷物なし！身体への負担が少ない軽作業
扱う商品は、衣服や生活雑貨、コスメなどの比較的軽いものが中心です。
重いダンボールを持ち運んだり、力仕事をお願いすることはほぼありませんので、年齢・性別問わず無理なく長く続けられるお仕事です。

✅ 空調完備のキレイな倉庫で、1年中快適♪
冷暖房がしっかり効いたクリーンな室内での作業です。
「夏は暑くて汗だく…」「冬は寒くて手がかじかむ…」といった心配は無用！季節や天候に関わらず、いつも快適な温度の中で気持ちよく作業に集中できます。

✅ 充実の設備＆働きやすい環境
鍵付きの個人ロッカーを完備しているほか、広々として清潔な休憩室もご用意しています。
休憩室には電子レンジ・冷蔵庫・ポット・自動販売機を完備しており、お弁当を持参してゆっくりくつろぐことも可能です。スタッフが過ごしやすい環境づくりに力を入れています！","例外事由3号のイにより、長期キャリア形成を図るため、
35歳以下を募集しております。","【勤務時間】
★9:00~18:00
└実働8時間/休憩1時間

定時ダッシュも問題ないです✧
✧ 土日祝休み
✧ 残業月平均:6.5時間以内
✧ 残業代100%支給","✧ 完全週休2日制(土日祝休み)
✧ 年間休日125日
「土日休みはマスト!」ってあなたにも
ぴったりの職場です!

【その他休暇】
✧ 有給休暇
✧ 夏季・冬季休暇
✧ GW休暇
✧ 年末年始休暇",埼玉県 羽生市,,"月給:25万円~+交通費全額支給

※経験に応じて決定いたします。

# 昇給あり
# 賞与あり
# 残業代100%支給
# 交通費支給","・社会保険完備
・住宅手当
・家賃補助
・退職金制度
・家族手当・扶養手当
・健康診断
・特別休暇
・資格取得支援制度","\\✧カジュアル面談実施中です✧/

応募に必要なのは人柄のみです!
まずはあなたのご希望を聞かせてください!

✩.。.....................。.✩
■ 応募からの流れ ■
✩.。.....................。.✩

▶STEP1WEBから1分簡単ご応募!
1~3日以内に担当者よりご連絡いたします。

▶ STEP2カジュアル面談(1回のみ)

▶STEP3採用

※入社日のご相談OKです◎
お気軽にご相談ください!",,即日勤務OK、交通費支給、残業なし,2,任意,生年月日、性別、電話番号,ntf-indeedapplicant-aaaatulx77tci2k2pr5yeqapva@shukatsu-labo.slack.com,,,利用しない,,
募集中,日本マニュファクチャリングサービス株式会社,【未経験】検品・梱包作業/日本マニュファクチャリングサービス株式会社/鴻巣市,倉庫作業スタッフ,20~30代活躍中◎ワークライフバランスも充実！！,,埼玉県 鴻巣市,,,正社員,はい,月給,250000,,最低額を表示,なし,,,,,,,固定時間制,160,,厚生年金、健康保険、雇用保険、労災保険,,なし,,,,,,,,,,,,,,,,,,"空調が完備された綺麗な物流センター内で、人気ECサイトで販売されているアパレル商品・生活雑貨・コスメなどの「検品・梱包作業」を担当していただきます。
作業内容は非常にシンプルで、「商品を手に取る」「傷がないかチェックする」「箱や袋に詰める」という基本の3ステップが中心です。重いお荷物の持ち運びはほとんどなく、自分のペースでコツコツ・黙々と進められる軽作業です。
未経験からスタートしたスタッフが9割以上活躍中で、1日〜数日で覚えられる簡単な作業ばかりですので、バイトデビューや久しぶりのお仕事復帰の方も安心してスタートしていただけます。

■ 具体的なお仕事の流れ

1. 検品・チェック作業
入荷された商品や出荷前の商品に問題がないか、確認する作業です。

・外観の目視確認： 商品に傷や汚れ、ほつれ、パッケージの凹みなどが無いかを目視で丁寧にチェックします。
・数量・品番の照合： 納品書や手元のハンディ端末に表示されたデータと、目の前にある商品の種類・個数が合致しているか確認します。
・バーコードスキャン： バーコードリーダーを使って商品を「ピッと」読み取る作業です。機械の操作はスマホ感覚で直感的に行えるため、難しい設定や専門知識は一切不要です。

2. 梱包・箱詰め作業
検品が完了した商品を、お客様のもとへ無事にお届けできるよう綺麗に包んで箱に詰める作業です。

・袋詰め・緩衝材包装： 服やタオルなどの布製品を専用の透明袋に入れたり、壊れやすいコスメ・ガラス製品などをプチプチ（緩衝材）で包みます。
・箱詰め・セット作業： 指定のサイズに合わせたダンボール箱を組み立て、商品が途中で動かないよう丁寧に納めます。
・テープ留め・封かん： ダンボールのフタを閉じ、ガムテープでしっかり留めたら梱包完了です。

3. シール貼り・仕分け作業
出荷に向けた最後の仕上げ作業です。

・ラベル貼り： お届け先の伝票シールや、取扱注意シール（「水濡れ厳禁」「割れ物注意」など）を指定の位置へキレイに貼り付けます。
・出荷先ごとの仕分け： 梱包が終わった箱を、配送地域別や配送業者別に分けられた台車やコンテナへ移します。

■ 1日のタイムスケジュール例（日勤の場合）
09:00〜【朝礼・作業スタート】
本日の連絡事項を確認後、各自の作業台へ移動します。担当する作業（検品または梱包）をスタートします。

12:00〜【お昼休憩（60分）】
清潔な休憩室でランチタイム。電子レンジ・冷蔵庫・自動販売機も完備されており、お弁当の持参も自由です。

13:00〜【午後の作業再開】
午前の続きの作業を行います。自分のデスクで黙々と作業に集中できる時間です。

15:00〜【小休憩（15分）】
身体をほぐしたり水分補給をするリフレッシュタイム。集中力を保ちやすい環境が整っています。

15:15〜【出荷準備・最終仕上げ】
本日発送分の最終チェックと、作業スペースの清掃・整理整頓を行います。

18:00〜【作業終了・定時退勤】
残業は基本的にありません。定時になったら「お疲れ様でした！」とスッキリ帰宅できます。

■ 快適な作業環境と働きやすさのポイント
・1年中快適な空調完備： 冷暖房がしっかり効いたクリーンな倉庫なので、夏は涼しく、冬は暖かく快適に作業できます。
・身体に優しい軽作業： 扱う商品は衣類、コスメ、文房具、小型雑貨などがメインです。重量物の持ち上げ作業はありません。
・充実した設備： 個人用の鍵付きロッカーを完備。休憩室は広々としており、ポットや電子レンジ、フリーWi-Fiも自由に使えます。

■ 未経験者でも安心のサポート体制
入社初日は、安全に関する講習と作業の基本ルールについてのオリエンテーションからスタートします。
現場配属後は、専任の先輩スタッフがマンツーマンでついて実際の作業を見せながら丁寧にレクチャーします。

最初は「シールの貼り方」や「ダンボールの組み立て」といった、特に簡単な作業からお任せしますので、一度にたくさんのことを覚える必要はありません。
作業中に分からないことや迷うことがあっても、すぐ近くにリーダーや先輩スタッフが常駐しているため、「これってどうやるんでしたっけ？」といつでも気軽に質問できる安心の環境です。早ければ半日、遅くても2〜3日程度で一人立ちしてスムーズにお仕事を進められるようになります！","✅ 未経験スタート9割以上！簡単なシンプル作業です
「商品を手に取る」「キズがないか見る」「箱に入れる」など、覚えることはたったこれだけ！複雑な機械操作や難しいルールはありません。
先輩スタッフのほとんどが未経験からのスタートです。特別なスキルや経験は一切不要なので、初めてのアルバイトや久しぶりのお仕事復帰の方も安心してください。

✅ 自分のペースで黙々・コツコツ取り組める！
「接客が苦手…」「一人で集中して作業したい」という方にピッタリの環境です。
ノルマなどもなく、ご自身のペースで作業を進められるので、人間関係のストレスを感じることなくのびのびと働けます。

✅ 重い荷物なし！身体への負担が少ない軽作業
扱う商品は、衣服や生活雑貨、コスメなどの比較的軽いものが中心です。
重いダンボールを持ち運んだり、力仕事をお願いすることはほぼありませんので、年齢・性別問わず無理なく長く続けられるお仕事です。

✅ 空調完備のキレイな倉庫で、1年中快適♪
冷暖房がしっかり効いたクリーンな室内での作業です。
「夏は暑くて汗だく…」「冬は寒くて手がかじかむ…」といった心配は無用！季節や天候に関わらず、いつも快適な温度の中で気持ちよく作業に集中できます。

✅ 充実の設備＆働きやすい環境
鍵付きの個人ロッカーを完備しているほか、広々として清潔な休憩室もご用意しています。
休憩室には電子レンジ・冷蔵庫・ポット・自動販売機を完備しており、お弁当を持参してゆっくりくつろぐことも可能です。スタッフが過ごしやすい環境づくりに力を入れています！","例外事由3号のイにより、長期キャリア形成を図るため、
35歳以下を募集しております。","【勤務時間】
★9:00~18:00
└実働8時間/休憩1時間

定時ダッシュも問題ないです✧
✧ 土日祝休み
✧ 残業月平均:6.5時間以内
✧ 残業代100%支給","✧ 完全週休2日制(土日祝休み)
✧ 年間休日125日
「土日休みはマスト!」ってあなたにも
ぴったりの職場です!

【その他休暇】
✧ 有給休暇
✧ 夏季・冬季休暇
✧ GW休暇
✧ 年末年始休暇",埼玉県 鴻巣市,,"月給:25万円~+交通費全額支給

※経験に応じて決定いたします。

# 昇給あり
# 賞与あり
# 残業代100%支給
# 交通費支給","・社会保険完備
・住宅手当
・家賃補助
・退職金制度
・家族手当・扶養手当
・健康診断
・特別休暇
・資格取得支援制度","\\✧カジュアル面談実施中です✧/

応募に必要なのは人柄のみです!
まずはあなたのご希望を聞かせてください!

✩.。.....................。.✩
■ 応募からの流れ ■
✩.。.....................。.✩

▶STEP1WEBから1分簡単ご応募!
1~3日以内に担当者よりご連絡いたします。

▶ STEP2カジュアル面談(1回のみ)

▶STEP3採用

※入社日のご相談OKです◎
お気軽にご相談ください!",,即日勤務OK、交通費支給、残業なし,2,任意,生年月日、性別、電話番号,ntf-indeedapplicant-aaaatulx77tci2k2pr5yeqapva@shukatsu-labo.slack.com,,,利用しない,,
募集中,日本マニュファクチャリングサービス株式会社,【未経験】検品・梱包作業/日本マニュファクチャリングサービス株式会社/久喜市,倉庫作業スタッフ,20~30代活躍中◎ワークライフバランスも充実！！,,埼玉県 久喜市,,,正社員,はい,月給,250000,,最低額を表示,なし,,,,,,,固定時間制,160,,厚生年金、健康保険、雇用保険、労災保険,,なし,,,,,,,,,,,,,,,,,,"空調が完備された綺麗な物流センター内で、人気ECサイトで販売されているアパレル商品・生活雑貨・コスメなどの「検品・梱包作業」を担当していただきます。
作業内容は非常にシンプルで、「商品を手に取る」「傷がないかチェックする」「箱や袋に詰める」という基本の3ステップが中心です。重いお荷物の持ち運びはほとんどなく、自分のペースでコツコツ・黙々と進められる軽作業です。
未経験からスタートしたスタッフが9割以上活躍中で、1日〜数日で覚えられる簡単な作業ばかりですので、バイトデビューや久しぶりのお仕事復帰の方も安心してスタートしていただけます。

■ 具体的なお仕事の流れ

1. 検品・チェック作業
入荷された商品や出荷前の商品に問題がないか、確認する作業です。

・外観の目視確認： 商品に傷や汚れ、ほつれ、パッケージの凹みなどが無いかを目視で丁寧にチェックします。
・数量・品番の照合： 納品書や手元のハンディ端末に表示されたデータと、目の前にある商品の種類・個数が合致しているか確認します。
・バーコードスキャン： バーコードリーダーを使って商品を「ピッと」読み取る作業です。機械の操作はスマホ感覚で直感的に行えるため、難しい設定や専門知識は一切不要です。

2. 梱包・箱詰め作業
検品が完了した商品を、お客様のもとへ無事にお届けできるよう綺麗に包んで箱に詰める作業です。

・袋詰め・緩衝材包装： 服やタオルなどの布製品を専用の透明袋に入れたり、壊れやすいコスメ・ガラス製品などをプチプチ（緩衝材）で包みます。
・箱詰め・セット作業： 指定のサイズに合わせたダンボール箱を組み立て、商品が途中で動かないよう丁寧に納めます。
・テープ留め・封かん： ダンボールのフタを閉じ、ガムテープでしっかり留めたら梱包完了です。

3. シール貼り・仕分け作業
出荷に向けた最後の仕上げ作業です。

・ラベル貼り： お届け先の伝票シールや、取扱注意シール（「水濡れ厳禁」「割れ物注意」など）を指定の位置へキレイに貼り付けます。
・出荷先ごとの仕分け： 梱包が終わった箱を、配送地域別や配送業者別に分けられた台車やコンテナへ移します。

■ 1日のタイムスケジュール例（日勤の場合）
09:00〜【朝礼・作業スタート】
本日の連絡事項を確認後、各自の作業台へ移動します。担当する作業（検品または梱包）をスタートします。

12:00〜【お昼休憩（60分）】
清潔な休憩室でランチタイム。電子レンジ・冷蔵庫・自動販売機も完備されており、お弁当の持参も自由です。

13:00〜【午後の作業再開】
午前の続きの作業を行います。自分のデスクで黙々と作業に集中できる時間です。

15:00〜【小休憩（15分）】
身体をほぐしたり水分補給をするリフレッシュタイム。集中力を保ちやすい環境が整っています。

15:15〜【出荷準備・最終仕上げ】
本日発送分の最終チェックと、作業スペースの清掃・整理整頓を行います。

18:00〜【作業終了・定時退勤】
残業は基本的にありません。定時になったら「お疲れ様でした！」とスッキリ帰宅できます。

■ 快適な作業環境と働きやすさのポイント
・1年中快適な空調完備： 冷暖房がしっかり効いたクリーンな倉庫なので、夏は涼しく、冬は暖かく快適に作業できます。
・身体に優しい軽作業： 扱う商品は衣類、コスメ、文房具、小型雑貨などがメインです。重量物の持ち上げ作業はありません。
・充実した設備： 個人用の鍵付きロッカーを完備。休憩室は広々としており、ポットや電子レンジ、フリーWi-Fiも自由に使えます。

■ 未経験者でも安心のサポート体制
入社初日は、安全に関する講習と作業の基本ルールについてのオリエンテーションからスタートします。
現場配属後は、専任の先輩スタッフがマンツーマンでついて実際の作業を見せながら丁寧にレクチャーします。

最初は「シールの貼り方」や「ダンボールの組み立て」といった、特に簡単な作業からお任せしますので、一度にたくさんのことを覚える必要はありません。
作業中に分からないことや迷うことがあっても、すぐ近くにリーダーや先輩スタッフが常駐しているため、「これってどうやるんでしたっけ？」といつでも気軽に質問できる安心の環境です。早ければ半日、遅くても2〜3日程度で一人立ちしてスムーズにお仕事を進められるようになります！","✅ 未経験スタート9割以上！簡単なシンプル作業です
「商品を手に取る」「キズがないか見る」「箱に入れる」など、覚えることはたったこれだけ！複雑な機械操作や難しいルールはありません。
先輩スタッフのほとんどが未経験からのスタートです。特別なスキルや経験は一切不要なので、初めてのアルバイトや久しぶりのお仕事復帰の方も安心してください。

✅ 自分のペースで黙々・コツコツ取り組める！
「接客が苦手…」「一人で集中して作業したい」という方にピッタリの環境です。
ノルマなどもなく、ご自身のペースで作業を進められるので、人間関係のストレスを感じることなくのびのびと働けます。

✅ 重い荷物なし！身体への負担が少ない軽作業
扱う商品は、衣服や生活雑貨、コスメなどの比較的軽いものが中心です。
重いダンボールを持ち運んだり、力仕事をお願いすることはほぼありませんので、年齢・性別問わず無理なく長く続けられるお仕事です。

✅ 空調完備のキレイな倉庫で、1年中快適♪
冷暖房がしっかり効いたクリーンな室内での作業です。
「夏は暑くて汗だく…」「冬は寒くて手がかじかむ…」といった心配は無用！季節や天候に関わらず、いつも快適な温度の中で気持ちよく作業に集中できます。

✅ 充実の設備＆働きやすい環境
鍵付きの個人ロッカーを完備しているほか、広々として清潔な休憩室もご用意しています。
休憩室には電子レンジ・冷蔵庫・ポット・自動販売機を完備しており、お弁当を持参してゆっくりくつろぐことも可能です。スタッフが過ごしやすい環境づくりに力を入れています！","例外事由3号のイにより、長期キャリア形成を図るため、
35歳以下を募集しております。","【勤務時間】
★9:00~18:00
└実働8時間/休憩1時間

定時ダッシュも問題ないです✧
✧ 土日祝休み
✧ 残業月平均:6.5時間以内
✧ 残業代100%支給","✧ 完全週休2日制(土日祝休み)
✧ 年間休日125日
「土日休みはマスト!」ってあなたにも
ぴったりの職場です!

【その他休暇】
✧ 有給休暇
✧ 夏季・冬季休暇
✧ GW休暇
✧ 年末年始休暇",埼玉県 久喜市,,"月給:25万円~+交通費全額支給

※経験に応じて決定いたします。

# 昇給あり
# 賞与あり
# 残業代100%支給
# 交通費支給","・社会保険完備
・住宅手当
・家賃補助
・退職金制度
・家族手当・扶養手当
・健康診断
・特別休暇
・資格取得支援制度","\\✧カジュアル面談実施中です✧/

応募に必要なのは人柄のみです!
まずはあなたのご希望を聞かせてください!

✩.。.....................。.✩
■ 応募からの流れ ■
✩.。.....................。.✩

▶STEP1WEBから1分簡単ご応募!
1~3日以内に担当者よりご連絡いたします。

▶ STEP2カジュアル面談(1回のみ)

▶STEP3採用

※入社日のご相談OKです◎
お気軽にご相談ください!",,即日勤務OK、交通費支給、残業なし,2,任意,生年月日、性別、電話番号,ntf-indeedapplicant-aaaatulx77tci2k2pr5yeqapva@shukatsu-labo.slack.com,,,利用しない,,
募集中,日本マニュファクチャリングサービス株式会社,【未経験】検品・梱包作業/日本マニュファクチャリングサービス株式会社/北本市,倉庫作業スタッフ,20~30代活躍中◎ワークライフバランスも充実！！,,埼玉県 北本市,,,正社員,はい,月給,250000,,最低額を表示,なし,,,,,,,固定時間制,160,,厚生年金、健康保険、雇用保険、労災保険,,なし,,,,,,,,,,,,,,,,,,"空調が完備された綺麗な物流センター内で、人気ECサイトで販売されているアパレル商品・生活雑貨・コスメなどの「検品・梱包作業」を担当していただきます。
作業内容は非常にシンプルで、「商品を手に取る」「傷がないかチェックする」「箱や袋に詰める」という基本の3ステップが中心です。重いお荷物の持ち運びはほとんどなく、自分のペースでコツコツ・黙々と進められる軽作業です。
未経験からスタートしたスタッフが9割以上活躍中で、1日〜数日で覚えられる簡単な作業ばかりですので、バイトデビューや久しぶりのお仕事復帰の方も安心してスタートしていただけます。

■ 具体的なお仕事の流れ

1. 検品・チェック作業
入荷された商品や出荷前の商品に問題がないか、確認する作業です。

・外観の目視確認： 商品に傷や汚れ、ほつれ、パッケージの凹みなどが無いかを目視で丁寧にチェックします。
・数量・品番の照合： 納品書や手元のハンディ端末に表示されたデータと、目の前にある商品の種類・個数が合致しているか確認します。
・バーコードスキャン： バーコードリーダーを使って商品を「ピッと」読み取る作業です。機械の操作はスマホ感覚で直感的に行えるため、難しい設定や専門知識は一切不要です。

2. 梱包・箱詰め作業
検品が完了した商品を、お客様のもとへ無事にお届けできるよう綺麗に包んで箱に詰める作業です。

・袋詰め・緩衝材包装： 服やタオルなどの布製品を専用の透明袋に入れたり、壊れやすいコスメ・ガラス製品などをプチプチ（緩衝材）で包みます。
・箱詰め・セット作業： 指定のサイズに合わせたダンボール箱を組み立て、商品が途中で動かないよう丁寧に納めます。
・テープ留め・封かん： ダンボールのフタを閉じ、ガムテープでしっかり留めたら梱包完了です。

3. シール貼り・仕分け作業
出荷に向けた最後の仕上げ作業です。

・ラベル貼り： お届け先の伝票シールや、取扱注意シール（「水濡れ厳禁」「割れ物注意」など）を指定の位置へキレイに貼り付けます。
・出荷先ごとの仕分け： 梱包が終わった箱を、配送地域別や配送業者別に分けられた台車やコンテナへ移します。

■ 1日のタイムスケジュール例（日勤の場合）
09:00〜【朝礼・作業スタート】
本日の連絡事項を確認後、各自の作業台へ移動します。担当する作業（検品または梱包）をスタートします。

12:00〜【お昼休憩（60分）】
清潔な休憩室でランチタイム。電子レンジ・冷蔵庫・自動販売機も完備されており、お弁当の持参も自由です。

13:00〜【午後の作業再開】
午前の続きの作業を行います。自分のデスクで黙々と作業に集中できる時間です。

15:00〜【小休憩（15分）】
身体をほぐしたり水分補給をするリフレッシュタイム。集中力を保ちやすい環境が整っています。

15:15〜【出荷準備・最終仕上げ】
本日発送分の最終チェックと、作業スペースの清掃・整理整頓を行います。

18:00〜【作業終了・定時退勤】
残業は基本的にありません。定時になったら「お疲れ様でした！」とスッキリ帰宅できます。

■ 快適な作業環境と働きやすさのポイント
・1年中快適な空調完備： 冷暖房がしっかり効いたクリーンな倉庫なので、夏は涼しく、冬は暖かく快適に作業できます。
・身体に優しい軽作業： 扱う商品は衣類、コスメ、文房具、小型雑貨などがメインです。重量物の持ち上げ作業はありません。
・充実した設備： 個人用の鍵付きロッカーを完備。休憩室は広々としており、ポットや電子レンジ、フリーWi-Fiも自由に使えます。

■ 未経験者でも安心のサポート体制
入社初日は、安全に関する講習と作業の基本ルールについてのオリエンテーションからスタートします。
現場配属後は、専任の先輩スタッフがマンツーマンでついて実際の作業を見せながら丁寧にレクチャーします。

最初は「シールの貼り方」や「ダンボールの組み立て」といった、特に簡単な作業からお任せしますので、一度にたくさんのことを覚える必要はありません。
作業中に分からないことや迷うことがあっても、すぐ近くにリーダーや先輩スタッフが常駐しているため、「これってどうやるんでしたっけ？」といつでも気軽に質問できる安心の環境です。早ければ半日、遅くても2〜3日程度で一人立ちしてスムーズにお仕事を進められるようになります！","✅ 未経験スタート9割以上！簡単なシンプル作業です
「商品を手に取る」「キズがないか見る」「箱に入れる」など、覚えることはたったこれだけ！複雑な機械操作や難しいルールはありません。
先輩スタッフのほとんどが未経験からのスタートです。特別なスキルや経験は一切不要なので、初めてのアルバイトや久しぶりのお仕事復帰の方も安心してください。

✅ 自分のペースで黙々・コツコツ取り組める！
「接客が苦手…」「一人で集中して作業したい」という方にピッタリの環境です。
ノルマなどもなく、ご自身のペースで作業を進められるので、人間関係のストレスを感じることなくのびのびと働けます。

✅ 重い荷物なし！身体への負担が少ない軽作業
扱う商品は、衣服や生活雑貨、コスメなどの比較的軽いものが中心です。
重いダンボールを持ち運んだり、力仕事をお願いすることはほぼありませんので、年齢・性別問わず無理なく長く続けられるお仕事です。

✅ 空調完備のキレイな倉庫で、1年中快適♪
冷暖房がしっかり効いたクリーンな室内での作業です。
「夏は暑くて汗だく…」「冬は寒くて手がかじかむ…」といった心配は無用！季節や天候に関わらず、いつも快適な温度の中で気持ちよく作業に集中できます。

✅ 充実の設備＆働きやすい環境
鍵付きの個人ロッカーを完備しているほか、広々として清潔な休憩室もご用意しています。
休憩室には電子レンジ・冷蔵庫・ポット・自動販売機を完備しており、お弁当を持参してゆっくりくつろぐことも可能です。スタッフが過ごしやすい環境づくりに力を入れています！","例外事由3号のイにより、長期キャリア形成を図るため、
35歳以下を募集しております。","【勤務時間】
★9:00~18:00
└実働8時間/休憩1時間

定時ダッシュも問題ないです✧
✧ 土日祝休み
✧ 残業月平均:6.5時間以内
✧ 残業代100%支給","✧ 完全週休2日制(土日祝休み)
✧ 年間休日125日
「土日休みはマスト!」ってあなたにも
ぴったりの職場です!

【その他休暇】
✧ 有給休暇
✧ 夏季・冬季休暇
✧ GW休暇
✧ 年末年始休暇",埼玉県 北本市,,"月給:25万円~+交通費全額支給

※経験に応じて決定いたします。

# 昇給あり
# 賞与あり
# 残業代100%支給
# 交通費支給","・社会保険完備
・住宅手当
・家賃補助
・退職金制度
・家族手当・扶養手当
・健康診断
・特別休暇
・資格取得支援制度","\\✧カジュアル面談実施中です✧/

応募に必要なのは人柄のみです!
まずはあなたのご希望を聞かせてください!

✩.。.....................。.✩
■ 応募からの流れ ■
✩.。.....................。.✩

▶STEP1WEBから1分簡単ご応募!
1~3日以内に担当者よりご連絡いたします。

▶ STEP2カジュアル面談(1回のみ)

▶STEP3採用

※入社日のご相談OKです◎
お気軽にご相談ください!",,即日勤務OK、交通費支給、残業なし,2,任意,生年月日、性別、電話番号,ntf-indeedapplicant-aaaatulx77tci2k2pr5yeqapva@shukatsu-labo.slack.com,,,利用しない,,
募集中,日本マニュファクチャリングサービス株式会社,【未経験】検品・梱包作業/日本マニュファクチャリングサービス株式会社/蓮田市,倉庫作業スタッフ,20~30代活躍中◎ワークライフバランスも充実！！,,埼玉県 蓮田市,,,正社員,はい,月給,250000,,最低額を表示,なし,,,,,,,固定時間制,160,,厚生年金、健康保険、雇用保険、労災保険,,なし,,,,,,,,,,,,,,,,,,"空調が完備された綺麗な物流センター内で、人気ECサイトで販売されているアパレル商品・生活雑貨・コスメなどの「検品・梱包作業」を担当していただきます。
作業内容は非常にシンプルで、「商品を手に取る」「傷がないかチェックする」「箱や袋に詰める」という基本の3ステップが中心です。重いお荷物の持ち運びはほとんどなく、自分のペースでコツコツ・黙々と進められる軽作業です。
未経験からスタートしたスタッフが9割以上活躍中で、1日〜数日で覚えられる簡単な作業ばかりですので、バイトデビューや久しぶりのお仕事復帰の方も安心してスタートしていただけます。

■ 具体的なお仕事の流れ

1. 検品・チェック作業
入荷された商品や出荷前の商品に問題がないか、確認する作業です。

・外観の目視確認： 商品に傷や汚れ、ほつれ、パッケージの凹みなどが無いかを目視で丁寧にチェックします。
・数量・品番の照合： 納品書や手元のハンディ端末に表示されたデータと、目の前にある商品の種類・個数が合致しているか確認します。
・バーコードスキャン： バーコードリーダーを使って商品を「ピッと」読み取る作業です。機械の操作はスマホ感覚で直感的に行えるため、難しい設定や専門知識は一切不要です。

2. 梱包・箱詰め作業
検品が完了した商品を、お客様のもとへ無事にお届けできるよう綺麗に包んで箱に詰める作業です。

・袋詰め・緩衝材包装： 服やタオルなどの布製品を専用の透明袋に入れたり、壊れやすいコスメ・ガラス製品などをプチプチ（緩衝材）で包みます。
・箱詰め・セット作業： 指定のサイズに合わせたダンボール箱を組み立て、商品が途中で動かないよう丁寧に納めます。
・テープ留め・封かん： ダンボールのフタを閉じ、ガムテープでしっかり留めたら梱包完了です。

3. シール貼り・仕分け作業
出荷に向けた最後の仕上げ作業です。

・ラベル貼り： お届け先の伝票シールや、取扱注意シール（「水濡れ厳禁」「割れ物注意」など）を指定の位置へキレイに貼り付けます。
・出荷先ごとの仕分け： 梱包が終わった箱を、配送地域別や配送業者別に分けられた台車やコンテナへ移します。

■ 1日のタイムスケジュール例（日勤の場合）
09:00〜【朝礼・作業スタート】
本日の連絡事項を確認後、各自の作業台へ移動します。担当する作業（検品または梱包）をスタートします。

12:00〜【お昼休憩（60分）】
清潔な休憩室でランチタイム。電子レンジ・冷蔵庫・自動販売機も完備されており、お弁当の持参も自由です。

13:00〜【午後の作業再開】
午前の続きの作業を行います。自分のデスクで黙々と作業に集中できる時間です。

15:00〜【小休憩（15分）】
身体をほぐしたり水分補給をするリフレッシュタイム。集中力を保ちやすい環境が整っています。

15:15〜【出荷準備・最終仕上げ】
本日発送分の最終チェックと、作業スペースの清掃・整理整頓を行います。

18:00〜【作業終了・定時退勤】
残業は基本的にありません。定時になったら「お疲れ様でした！」とスッキリ帰宅できます。

■ 快適な作業環境と働きやすさのポイント
・1年中快適な空調完備： 冷暖房がしっかり効いたクリーンな倉庫なので、夏は涼しく、冬は暖かく快適に作業できます。
・身体に優しい軽作業： 扱う商品は衣類、コスメ、文房具、小型雑貨などがメインです。重量物の持ち上げ作業はありません。
・充実した設備： 個人用の鍵付きロッカーを完備。休憩室は広々としており、ポットや電子レンジ、フリーWi-Fiも自由に使えます。

■ 未経験者でも安心のサポート体制
入社初日は、安全に関する講習と作業の基本ルールについてのオリエンテーションからスタートします。
現場配属後は、専任の先輩スタッフがマンツーマンでついて実際の作業を見せながら丁寧にレクチャーします。

最初は「シールの貼り方」や「ダンボールの組み立て」といった、特に簡単な作業からお任せしますので、一度にたくさんのことを覚える必要はありません。
作業中に分からないことや迷うことがあっても、すぐ近くにリーダーや先輩スタッフが常駐しているため、「これってどうやるんでしたっけ？」といつでも気軽に質問できる安心の環境です。早ければ半日、遅くても2〜3日程度で一人立ちしてスムーズにお仕事を進められるようになります！","✅ 未経験スタート9割以上！簡単なシンプル作業です
「商品を手に取る」「キズがないか見る」「箱に入れる」など、覚えることはたったこれだけ！複雑な機械操作や難しいルールはありません。
先輩スタッフのほとんどが未経験からのスタートです。特別なスキルや経験は一切不要なので、初めてのアルバイトや久しぶりのお仕事復帰の方も安心してください。

✅ 自分のペースで黙々・コツコツ取り組める！
「接客が苦手…」「一人で集中して作業したい」という方にピッタリの環境です。
ノルマなどもなく、ご自身のペースで作業を進められるので、人間関係のストレスを感じることなくのびのびと働けます。

✅ 重い荷物なし！身体への負担が少ない軽作業
扱う商品は、衣服や生活雑貨、コスメなどの比較的軽いものが中心です。
重いダンボールを持ち運んだり、力仕事をお願いすることはほぼありませんので、年齢・性別問わず無理なく長く続けられるお仕事です。

✅ 空調完備のキレイな倉庫で、1年中快適♪
冷暖房がしっかり効いたクリーンな室内での作業です。
「夏は暑くて汗だく…」「冬は寒くて手がかじかむ…」といった心配は無用！季節や天候に関わらず、いつも快適な温度の中で気持ちよく作業に集中できます。

✅ 充実の設備＆働きやすい環境
鍵付きの個人ロッカーを完備しているほか、広々として清潔な休憩室もご用意しています。
休憩室には電子レンジ・冷蔵庫・ポット・自動販売機を完備しており、お弁当を持参してゆっくりくつろぐことも可能です。スタッフが過ごしやすい環境づくりに力を入れています！","例外事由3号のイにより、長期キャリア形成を図るため、
35歳以下を募集しております。","【勤務時間】
★9:00~18:00
└実働8時間/休憩1時間

定時ダッシュも問題ないです✧
✧ 土日祝休み
✧ 残業月平均:6.5時間以内
✧ 残業代100%支給","✧ 完全週休2日制(土日祝休み)
✧ 年間休日125日
「土日休みはマスト!」ってあなたにも
ぴったりの職場です!

【その他休暇】
✧ 有給休暇
✧ 夏季・冬季休暇
✧ GW休暇
✧ 年末年始休暇",埼玉県 蓮田市,,"月給:25万円~+交通費全額支給

※経験に応じて決定いたします。

# 昇給あり
# 賞与あり
# 残業代100%支給
# 交通費支給","・社会保険完備
・住宅手当
・家賃補助
・退職金制度
・家族手当・扶養手当
・健康診断
・特別休暇
・資格取得支援制度","\\✧カジュアル面談実施中です✧/

応募に必要なのは人柄のみです!
まずはあなたのご希望を聞かせてください!

✩.。.....................。.✩
■ 応募からの流れ ■
✩.。.....................。.✩

▶STEP1WEBから1分簡単ご応募!
1~3日以内に担当者よりご連絡いたします。

▶ STEP2カジュアル面談(1回のみ)

▶STEP3採用

※入社日のご相談OKです◎
お気軽にご相談ください!",,即日勤務OK、交通費支給、残業なし,2,任意,生年月日、性別、電話番号,ntf-indeedapplicant-aaaatulx77tci2k2pr5yeqapva@shukatsu-labo.slack.com,,,利用しない,,
募集中,日本マニュファクチャリングサービス株式会社,【未経験】検品・梱包作業/日本マニュファクチャリングサービス株式会社/坂戸市,倉庫作業スタッフ,20~30代活躍中◎ワークライフバランスも充実！！,,埼玉県 坂戸市,,,正社員,はい,月給,250000,,最低額を表示,なし,,,,,,,固定時間制,160,,厚生年金、健康保険、雇用保険、労災保険,,なし,,,,,,,,,,,,,,,,,,"空調が完備された綺麗な物流センター内で、人気ECサイトで販売されているアパレル商品・生活雑貨・コスメなどの「検品・梱包作業」を担当していただきます。
作業内容は非常にシンプルで、「商品を手に取る」「傷がないかチェックする」「箱や袋に詰める」という基本の3ステップが中心です。重いお荷物の持ち運びはほとんどなく、自分のペースでコツコツ・黙々と進められる軽作業です。
未経験からスタートしたスタッフが9割以上活躍中で、1日〜数日で覚えられる簡単な作業ばかりですので、バイトデビューや久しぶりのお仕事復帰の方も安心してスタートしていただけます。

■ 具体的なお仕事の流れ

1. 検品・チェック作業
入荷された商品や出荷前の商品に問題がないか、確認する作業です。

・外観の目視確認： 商品に傷や汚れ、ほつれ、パッケージの凹みなどが無いかを目視で丁寧にチェックします。
・数量・品番の照合： 納品書や手元のハンディ端末に表示されたデータと、目の前にある商品の種類・個数が合致しているか確認します。
・バーコードスキャン： バーコードリーダーを使って商品を「ピッと」読み取る作業です。機械の操作はスマホ感覚で直感的に行えるため、難しい設定や専門知識は一切不要です。

2. 梱包・箱詰め作業
検品が完了した商品を、お客様のもとへ無事にお届けできるよう綺麗に包んで箱に詰める作業です。

・袋詰め・緩衝材包装： 服やタオルなどの布製品を専用の透明袋に入れたり、壊れやすいコスメ・ガラス製品などをプチプチ（緩衝材）で包みます。
・箱詰め・セット作業： 指定のサイズに合わせたダンボール箱を組み立て、商品が途中で動かないよう丁寧に納めます。
・テープ留め・封かん： ダンボールのフタを閉じ、ガムテープでしっかり留めたら梱包完了です。

3. シール貼り・仕分け作業
出荷に向けた最後の仕上げ作業です。

・ラベル貼り： お届け先の伝票シールや、取扱注意シール（「水濡れ厳禁」「割れ物注意」など）を指定の位置へキレイに貼り付けます。
・出荷先ごとの仕分け： 梱包が終わった箱を、配送地域別や配送業者別に分けられた台車やコンテナへ移します。

■ 1日のタイムスケジュール例（日勤の場合）
09:00〜【朝礼・作業スタート】
本日の連絡事項を確認後、各自の作業台へ移動します。担当する作業（検品または梱包）をスタートします。

12:00〜【お昼休憩（60分）】
清潔な休憩室でランチタイム。電子レンジ・冷蔵庫・自動販売機も完備されており、お弁当の持参も自由です。

13:00〜【午後の作業再開】
午前の続きの作業を行います。自分のデスクで黙々と作業に集中できる時間です。

15:00〜【小休憩（15分）】
身体をほぐしたり水分補給をするリフレッシュタイム。集中力を保ちやすい環境が整っています。

15:15〜【出荷準備・最終仕上げ】
本日発送分の最終チェックと、作業スペースの清掃・整理整頓を行います。

18:00〜【作業終了・定時退勤】
残業は基本的にありません。定時になったら「お疲れ様でした！」とスッキリ帰宅できます。

■ 快適な作業環境と働きやすさのポイント
・1年中快適な空調完備： 冷暖房がしっかり効いたクリーンな倉庫なので、夏は涼しく、冬は暖かく快適に作業できます。
・身体に優しい軽作業： 扱う商品は衣類、コスメ、文房具、小型雑貨などがメインです。重量物の持ち上げ作業はありません。
・充実した設備： 個人用の鍵付きロッカーを完備。休憩室は広々としており、ポットや電子レンジ、フリーWi-Fiも自由に使えます。

■ 未経験者でも安心のサポート体制
入社初日は、安全に関する講習と作業の基本ルールについてのオリエンテーションからスタートします。
現場配属後は、専任の先輩スタッフがマンツーマンでついて実際の作業を見せながら丁寧にレクチャーします。

最初は「シールの貼り方」や「ダンボールの組み立て」といった、特に簡単な作業からお任せしますので、一度にたくさんのことを覚える必要はありません。
作業中に分からないことや迷うことがあっても、すぐ近くにリーダーや先輩スタッフが常駐しているため、「これってどうやるんでしたっけ？」といつでも気軽に質問できる安心の環境です。早ければ半日、遅くても2〜3日程度で一人立ちしてスムーズにお仕事を進められるようになります！","✅ 未経験スタート9割以上！簡単なシンプル作業です
「商品を手に取る」「キズがないか見る」「箱に入れる」など、覚えることはたったこれだけ！複雑な機械操作や難しいルールはありません。
先輩スタッフのほとんどが未経験からのスタートです。特別なスキルや経験は一切不要なので、初めてのアルバイトや久しぶりのお仕事復帰の方も安心してください。

✅ 自分のペースで黙々・コツコツ取り組める！
「接客が苦手…」「一人で集中して作業したい」という方にピッタリの環境です。
ノルマなどもなく、ご自身のペースで作業を進められるので、人間関係のストレスを感じることなくのびのびと働けます。

✅ 重い荷物なし！身体への負担が少ない軽作業
扱う商品は、衣服や生活雑貨、コスメなどの比較的軽いものが中心です。
重いダンボールを持ち運んだり、力仕事をお願いすることはほぼありませんので、年齢・性別問わず無理なく長く続けられるお仕事です。

✅ 空調完備のキレイな倉庫で、1年中快適♪
冷暖房がしっかり効いたクリーンな室内での作業です。
「夏は暑くて汗だく…」「冬は寒くて手がかじかむ…」といった心配は無用！季節や天候に関わらず、いつも快適な温度の中で気持ちよく作業に集中できます。

✅ 充実の設備＆働きやすい環境
鍵付きの個人ロッカーを完備しているほか、広々として清潔な休憩室もご用意しています。
休憩室には電子レンジ・冷蔵庫・ポット・自動販売機を完備しており、お弁当を持参してゆっくりくつろぐことも可能です。スタッフが過ごしやすい環境づくりに力を入れています！","例外事由3号のイにより、長期キャリア形成を図るため、
35歳以下を募集しております。","【勤務時間】
★9:00~18:00
└実働8時間/休憩1時間

定時ダッシュも問題ないです✧
✧ 土日祝休み
✧ 残業月平均:6.5時間以内
✧ 残業代100%支給","✧ 完全週休2日制(土日祝休み)
✧ 年間休日125日
「土日休みはマスト!」ってあなたにも
ぴったりの職場です!

【その他休暇】
✧ 有給休暇
✧ 夏季・冬季休暇
✧ GW休暇
✧ 年末年始休暇",埼玉県 坂戸市,,"月給:25万円~+交通費全額支給

※経験に応じて決定いたします。

# 昇給あり
# 賞与あり
# 残業代100%支給
# 交通費支給","・社会保険完備
・住宅手当
・家賃補助
・退職金制度
・家族手当・扶養手当
・健康診断
・特別休暇
・資格取得支援制度","\\✧カジュアル面談実施中です✧/

応募に必要なのは人柄のみです!
まずはあなたのご希望を聞かせてください!

✩.。.....................。.✩
■ 応募からの流れ ■
✩.。.....................。.✩

▶STEP1WEBから1分簡単ご応募!
1~3日以内に担当者よりご連絡いたします。

▶ STEP2カジュアル面談(1回のみ)

▶STEP3採用

※入社日のご相談OKです◎
お気軽にご相談ください!",,即日勤務OK、交通費支給、残業なし,2,任意,生年月日、性別、電話番号,ntf-indeedapplicant-aaaatulx77tci2k2pr5yeqapva@shukatsu-labo.slack.com,,,利用しない,,
募集中,日本マニュファクチャリングサービス株式会社,【未経験】検品・梱包作業/日本マニュファクチャリングサービス株式会社/鶴ヶ島市,倉庫作業スタッフ,20~30代活躍中◎ワークライフバランスも充実！！,,埼玉県 鶴ヶ島市,,,正社員,はい,月給,250000,,最低額を表示,なし,,,,,,,固定時間制,160,,厚生年金、健康保険、雇用保険、労災保険,,なし,,,,,,,,,,,,,,,,,,"空調が完備された綺麗な物流センター内で、人気ECサイトで販売されているアパレル商品・生活雑貨・コスメなどの「検品・梱包作業」を担当していただきます。
作業内容は非常にシンプルで、「商品を手に取る」「傷がないかチェックする」「箱や袋に詰める」という基本の3ステップが中心です。重いお荷物の持ち運びはほとんどなく、自分のペースでコツコツ・黙々と進められる軽作業です。
未経験からスタートしたスタッフが9割以上活躍中で、1日〜数日で覚えられる簡単な作業ばかりですので、バイトデビューや久しぶりのお仕事復帰の方も安心してスタートしていただけます。

■ 具体的なお仕事の流れ

1. 検品・チェック作業
入荷された商品や出荷前の商品に問題がないか、確認する作業です。

・外観の目視確認： 商品に傷や汚れ、ほつれ、パッケージの凹みなどが無いかを目視で丁寧にチェックします。
・数量・品番の照合： 納品書や手元のハンディ端末に表示されたデータと、目の前にある商品の種類・個数が合致しているか確認します。
・バーコードスキャン： バーコードリーダーを使って商品を「ピッと」読み取る作業です。機械の操作はスマホ感覚で直感的に行えるため、難しい設定や専門知識は一切不要です。

2. 梱包・箱詰め作業
検品が完了した商品を、お客様のもとへ無事にお届けできるよう綺麗に包んで箱に詰める作業です。

・袋詰め・緩衝材包装： 服やタオルなどの布製品を専用の透明袋に入れたり、壊れやすいコスメ・ガラス製品などをプチプチ（緩衝材）で包みます。
・箱詰め・セット作業： 指定のサイズに合わせたダンボール箱を組み立て、商品が途中で動かないよう丁寧に納めます。
・テープ留め・封かん： ダンボールのフタを閉じ、ガムテープでしっかり留めたら梱包完了です。

3. シール貼り・仕分け作業
出荷に向けた最後の仕上げ作業です。

・ラベル貼り： お届け先の伝票シールや、取扱注意シール（「水濡れ厳禁」「割れ物注意」など）を指定の位置へキレイに貼り付けます。
・出荷先ごとの仕分け： 梱包が終わった箱を、配送地域別や配送業者別に分けられた台車やコンテナへ移します。

■ 1日のタイムスケジュール例（日勤の場合）
09:00〜【朝礼・作業スタート】
本日の連絡事項を確認後、各自の作業台へ移動します。担当する作業（検品または梱包）をスタートします。

12:00〜【お昼休憩（60分）】
清潔な休憩室でランチタイム。電子レンジ・冷蔵庫・自動販売機も完備されており、お弁当の持参も自由です。

13:00〜【午後の作業再開】
午前の続きの作業を行います。自分のデスクで黙々と作業に集中できる時間です。

15:00〜【小休憩（15分）】
身体をほぐしたり水分補給をするリフレッシュタイム。集中力を保ちやすい環境が整っています。

15:15〜【出荷準備・最終仕上げ】
本日発送分の最終チェックと、作業スペースの清掃・整理整頓を行います。

18:00〜【作業終了・定時退勤】
残業は基本的にありません。定時になったら「お疲れ様でした！」とスッキリ帰宅できます。

■ 快適な作業環境と働きやすさのポイント
・1年中快適な空調完備： 冷暖房がしっかり効いたクリーンな倉庫なので、夏は涼しく、冬は暖かく快適に作業できます。
・身体に優しい軽作業： 扱う商品は衣類、コスメ、文房具、小型雑貨などがメインです。重量物の持ち上げ作業はありません。
・充実した設備： 個人用の鍵付きロッカーを完備。休憩室は広々としており、ポットや電子レンジ、フリーWi-Fiも自由に使えます。

■ 未経験者でも安心のサポート体制
入社初日は、安全に関する講習と作業の基本ルールについてのオリエンテーションからスタートします。
現場配属後は、専任の先輩スタッフがマンツーマンでついて実際の作業を見せながら丁寧にレクチャーします。

最初は「シールの貼り方」や「ダンボールの組み立て」といった、特に簡単な作業からお任せしますので、一度にたくさんのことを覚える必要はありません。
作業中に分からないことや迷うことがあっても、すぐ近くにリーダーや先輩スタッフが常駐しているため、「これってどうやるんでしたっけ？」といつでも気軽に質問できる安心の環境です。早ければ半日、遅くても2〜3日程度で一人立ちしてスムーズにお仕事を進められるようになります！","✅ 未経験スタート9割以上！簡単なシンプル作業です
「商品を手に取る」「キズがないか見る」「箱に入れる」など、覚えることはたったこれだけ！複雑な機械操作や難しいルールはありません。
先輩スタッフのほとんどが未経験からのスタートです。特別なスキルや経験は一切不要なので、初めてのアルバイトや久しぶりのお仕事復帰の方も安心してください。

✅ 自分のペースで黙々・コツコツ取り組める！
「接客が苦手…」「一人で集中して作業したい」という方にピッタリの環境です。
ノルマなどもなく、ご自身のペースで作業を進められるので、人間関係のストレスを感じることなくのびのびと働けます。

✅ 重い荷物なし！身体への負担が少ない軽作業
扱う商品は、衣服や生活雑貨、コスメなどの比較的軽いものが中心です。
重いダンボールを持ち運んだり、力仕事をお願いすることはほぼありませんので、年齢・性別問わず無理なく長く続けられるお仕事です。

✅ 空調完備のキレイな倉庫で、1年中快適♪
冷暖房がしっかり効いたクリーンな室内での作業です。
「夏は暑くて汗だく…」「冬は寒くて手がかじかむ…」といった心配は無用！季節や天候に関わらず、いつも快適な温度の中で気持ちよく作業に集中できます。

✅ 充実の設備＆働きやすい環境
鍵付きの個人ロッカーを完備しているほか、広々として清潔な休憩室もご用意しています。
休憩室には電子レンジ・冷蔵庫・ポット・自動販売機を完備しており、お弁当を持参してゆっくりくつろぐことも可能です。スタッフが過ごしやすい環境づくりに力を入れています！","例外事由3号のイにより、長期キャリア形成を図るため、
35歳以下を募集しております。","【勤務時間】
★9:00~18:00
└実働8時間/休憩1時間

定時ダッシュも問題ないです✧
✧ 土日祝休み
✧ 残業月平均:6.5時間以内
✧ 残業代100%支給","✧ 完全週休2日制(土日祝休み)
✧ 年間休日125日
「土日休みはマスト!」ってあなたにも
ぴったりの職場です!

【その他休暇】
✧ 有給休暇
✧ 夏季・冬季休暇
✧ GW休暇
✧ 年末年始休暇",埼玉県 鶴ヶ島市,,"月給:25万円~+交通費全額支給

※経験に応じて決定いたします。

# 昇給あり
# 賞与あり
# 残業代100%支給
# 交通費支給","・社会保険完備
・住宅手当
・家賃補助
・退職金制度
・家族手当・扶養手当
・健康診断
・特別休暇
・資格取得支援制度","\\✧カジュアル面談実施中です✧/

応募に必要なのは人柄のみです!
まずはあなたのご希望を聞かせてください!

✩.。.....................。.✩
■ 応募からの流れ ■
✩.。.....................。.✩

▶STEP1WEBから1分簡単ご応募!
1~3日以内に担当者よりご連絡いたします。

▶ STEP2カジュアル面談(1回のみ)

▶STEP3採用

※入社日のご相談OKです◎
お気軽にご相談ください!",,即日勤務OK、交通費支給、残業なし,2,任意,生年月日、性別、電話番号,ntf-indeedapplicant-aaaatulx77tci2k2pr5yeqapva@shukatsu-labo.slack.com,,,利用しない,,
募集中,日本マニュファクチャリングサービス株式会社,【未経験】検品・梱包作業/日本マニュファクチャリングサービス株式会社/ふじみ野市,倉庫作業スタッフ,20~30代活躍中◎ワークライフバランスも充実！！,,埼玉県 ふじみ野市,,,正社員,はい,月給,250000,,最低額を表示,なし,,,,,,,固定時間制,160,,厚生年金、健康保険、雇用保険、労災保険,,なし,,,,,,,,,,,,,,,,,,"空調が完備された綺麗な物流センター内で、人気ECサイトで販売されているアパレル商品・生活雑貨・コスメなどの「検品・梱包作業」を担当していただきます。
作業内容は非常にシンプルで、「商品を手に取る」「傷がないかチェックする」「箱や袋に詰める」という基本の3ステップが中心です。重いお荷物の持ち運びはほとんどなく、自分のペースでコツコツ・黙々と進められる軽作業です。
未経験からスタートしたスタッフが9割以上活躍中で、1日〜数日で覚えられる簡単な作業ばかりですので、バイトデビューや久しぶりのお仕事復帰の方も安心してスタートしていただけます。

■ 具体的なお仕事の流れ

1. 検品・チェック作業
入荷された商品や出荷前の商品に問題がないか、確認する作業です。

・外観の目視確認： 商品に傷や汚れ、ほつれ、パッケージの凹みなどが無いかを目視で丁寧にチェックします。
・数量・品番の照合： 納品書や手元のハンディ端末に表示されたデータと、目の前にある商品の種類・個数が合致しているか確認します。
・バーコードスキャン： バーコードリーダーを使って商品を「ピッと」読み取る作業です。機械の操作はスマホ感覚で直感的に行えるため、難しい設定や専門知識は一切不要です。

2. 梱包・箱詰め作業
検品が完了した商品を、お客様のもとへ無事にお届けできるよう綺麗に包んで箱に詰める作業です。

・袋詰め・緩衝材包装： 服やタオルなどの布製品を専用の透明袋に入れたり、壊れやすいコスメ・ガラス製品などをプチプチ（緩衝材）で包みます。
・箱詰め・セット作業： 指定のサイズに合わせたダンボール箱を組み立て、商品が途中で動かないよう丁寧に納めます。
・テープ留め・封かん： ダンボールのフタを閉じ、ガムテープでしっかり留めたら梱包完了です。

3. シール貼り・仕分け作業
出荷に向けた最後の仕上げ作業です。

・ラベル貼り： お届け先の伝票シールや、取扱注意シール（「水濡れ厳禁」「割れ物注意」など）を指定の位置へキレイに貼り付けます。
・出荷先ごとの仕分け： 梱包が終わった箱を、配送地域別や配送業者別に分けられた台車やコンテナへ移します。

■ 1日のタイムスケジュール例（日勤の場合）
09:00〜【朝礼・作業スタート】
本日の連絡事項を確認後、各自の作業台へ移動します。担当する作業（検品または梱包）をスタートします。

12:00〜【お昼休憩（60分）】
清潔な休憩室でランチタイム。電子レンジ・冷蔵庫・自動販売機も完備されており、お弁当の持参も自由です。

13:00〜【午後の作業再開】
午前の続きの作業を行います。自分のデスクで黙々と作業に集中できる時間です。

15:00〜【小休憩（15分）】
身体をほぐしたり水分補給をするリフレッシュタイム。集中力を保ちやすい環境が整っています。

15:15〜【出荷準備・最終仕上げ】
本日発送分の最終チェックと、作業スペースの清掃・整理整頓を行います。

18:00〜【作業終了・定時退勤】
残業は基本的にありません。定時になったら「お疲れ様でした！」とスッキリ帰宅できます。

■ 快適な作業環境と働きやすさのポイント
・1年中快適な空調完備： 冷暖房がしっかり効いたクリーンな倉庫なので、夏は涼しく、冬は暖かく快適に作業できます。
・身体に優しい軽作業： 扱う商品は衣類、コスメ、文房具、小型雑貨などがメインです。重量物の持ち上げ作業はありません。
・充実した設備： 個人用の鍵付きロッカーを完備。休憩室は広々としており、ポットや電子レンジ、フリーWi-Fiも自由に使えます。

■ 未経験者でも安心のサポート体制
入社初日は、安全に関する講習と作業の基本ルールについてのオリエンテーションからスタートします。
現場配属後は、専任の先輩スタッフがマンツーマンでついて実際の作業を見せながら丁寧にレクチャーします。

最初は「シールの貼り方」や「ダンボールの組み立て」といった、特に簡単な作業からお任せしますので、一度にたくさんのことを覚える必要はありません。
作業中に分からないことや迷うことがあっても、すぐ近くにリーダーや先輩スタッフが常駐しているため、「これってどうやるんでしたっけ？」といつでも気軽に質問できる安心の環境です。早ければ半日、遅くても2〜3日程度で一人立ちしてスムーズにお仕事を進められるようになります！","✅ 未経験スタート9割以上！簡単なシンプル作業です
「商品を手に取る」「キズがないか見る」「箱に入れる」など、覚えることはたったこれだけ！複雑な機械操作や難しいルールはありません。
先輩スタッフのほとんどが未経験からのスタートです。特別なスキルや経験は一切不要なので、初めてのアルバイトや久しぶりのお仕事復帰の方も安心してください。

✅ 自分のペースで黙々・コツコツ取り組める！
「接客が苦手…」「一人で集中して作業したい」という方にピッタリの環境です。
ノルマなどもなく、ご自身のペースで作業を進められるので、人間関係のストレスを感じることなくのびのびと働けます。

✅ 重い荷物なし！身体への負担が少ない軽作業
扱う商品は、衣服や生活雑貨、コスメなどの比較的軽いものが中心です。
重いダンボールを持ち運んだり、力仕事をお願いすることはほぼありませんので、年齢・性別問わず無理なく長く続けられるお仕事です。

✅ 空調完備のキレイな倉庫で、1年中快適♪
冷暖房がしっかり効いたクリーンな室内での作業です。
「夏は暑くて汗だく…」「冬は寒くて手がかじかむ…」といった心配は無用！季節や天候に関わらず、いつも快適な温度の中で気持ちよく作業に集中できます。

✅ 充実の設備＆働きやすい環境
鍵付きの個人ロッカーを完備しているほか、広々として清潔な休憩室もご用意しています。
休憩室には電子レンジ・冷蔵庫・ポット・自動販売機を完備しており、お弁当を持参してゆっくりくつろぐことも可能です。スタッフが過ごしやすい環境づくりに力を入れています！","例外事由3号のイにより、長期キャリア形成を図るため、
35歳以下を募集しております。","【勤務時間】
★9:00~18:00
└実働8時間/休憩1時間

定時ダッシュも問題ないです✧
✧ 土日祝休み
✧ 残業月平均:6.5時間以内
✧ 残業代100%支給","✧ 完全週休2日制(土日祝休み)
✧ 年間休日125日
「土日休みはマスト!」ってあなたにも
ぴったりの職場です!

【その他休暇】
✧ 有給休暇
✧ 夏季・冬季休暇
✧ GW休暇
✧ 年末年始休暇",埼玉県 ふじみ野市,,"月給:25万円~+交通費全額支給

※経験に応じて決定いたします。

# 昇給あり
# 賞与あり
# 残業代100%支給
# 交通費支給","・社会保険完備
・住宅手当
・家賃補助
・退職金制度
・家族手当・扶養手当
・健康診断
・特別休暇
・資格取得支援制度","\\✧カジュアル面談実施中です✧/

応募に必要なのは人柄のみです!
まずはあなたのご希望を聞かせてください!

✩.。.....................。.✩
■ 応募からの流れ ■
✩.。.....................。.✩

▶STEP1WEBから1分簡単ご応募!
1~3日以内に担当者よりご連絡いたします。

▶ STEP2カジュアル面談(1回のみ)

▶STEP3採用

※入社日のご相談OKです◎
お気軽にご相談ください!",,即日勤務OK、交通費支給、残業なし,2,任意,生年月日、性別、電話番号,ntf-indeedapplicant-aaaatulx77tci2k2pr5yeqapva@shukatsu-labo.slack.com,,,利用しない,,
募集中,日本マニュファクチャリングサービス株式会社,【未経験】検品・梱包作業/日本マニュファクチャリングサービス株式会社/三郷市,倉庫作業スタッフ,20~30代活躍中◎ワークライフバランスも充実！！,,埼玉県 三郷市,,,正社員,はい,月給,250000,,最低額を表示,なし,,,,,,,固定時間制,160,,厚生年金、健康保険、雇用保険、労災保険,,なし,,,,,,,,,,,,,,,,,,"空調が完備された綺麗な物流センター内で、人気ECサイトで販売されているアパレル商品・生活雑貨・コスメなどの「検品・梱包作業」を担当していただきます。
作業内容は非常にシンプルで、「商品を手に取る」「傷がないかチェックする」「箱や袋に詰める」という基本の3ステップが中心です。重いお荷物の持ち運びはほとんどなく、自分のペースでコツコツ・黙々と進められる軽作業です。
未経験からスタートしたスタッフが9割以上活躍中で、1日〜数日で覚えられる簡単な作業ばかりですので、バイトデビューや久しぶりのお仕事復帰の方も安心してスタートしていただけます。

■ 具体的なお仕事の流れ

1. 検品・チェック作業
入荷された商品や出荷前の商品に問題がないか、確認する作業です。

・外観の目視確認： 商品に傷や汚れ、ほつれ、パッケージの凹みなどが無いかを目視で丁寧にチェックします。
・数量・品番の照合： 納品書や手元のハンディ端末に表示されたデータと、目の前にある商品の種類・個数が合致しているか確認します。
・バーコードスキャン： バーコードリーダーを使って商品を「ピッと」読み取る作業です。機械の操作はスマホ感覚で直感的に行えるため、難しい設定や専門知識は一切不要です。

2. 梱包・箱詰め作業
検品が完了した商品を、お客様のもとへ無事にお届けできるよう綺麗に包んで箱に詰める作業です。

・袋詰め・緩衝材包装： 服やタオルなどの布製品を専用の透明袋に入れたり、壊れやすいコスメ・ガラス製品などをプチプチ（緩衝材）で包みます。
・箱詰め・セット作業： 指定のサイズに合わせたダンボール箱を組み立て、商品が途中で動かないよう丁寧に納めます。
・テープ留め・封かん： ダンボールのフタを閉じ、ガムテープでしっかり留めたら梱包完了です。

3. シール貼り・仕分け作業
出荷に向けた最後の仕上げ作業です。

・ラベル貼り： お届け先の伝票シールや、取扱注意シール（「水濡れ厳禁」「割れ物注意」など）を指定の位置へキレイに貼り付けます。
・出荷先ごとの仕分け： 梱包が終わった箱を、配送地域別や配送業者別に分けられた台車やコンテナへ移します。

■ 1日のタイムスケジュール例（日勤の場合）
09:00〜【朝礼・作業スタート】
本日の連絡事項を確認後、各自の作業台へ移動します。担当する作業（検品または梱包）をスタートします。

12:00〜【お昼休憩（60分）】
清潔な休憩室でランチタイム。電子レンジ・冷蔵庫・自動販売機も完備されており、お弁当の持参も自由です。

13:00〜【午後の作業再開】
午前の続きの作業を行います。自分のデスクで黙々と作業に集中できる時間です。

15:00〜【小休憩（15分）】
身体をほぐしたり水分補給をするリフレッシュタイム。集中力を保ちやすい環境が整っています。

15:15〜【出荷準備・最終仕上げ】
本日発送分の最終チェックと、作業スペースの清掃・整理整頓を行います。

18:00〜【作業終了・定時退勤】
残業は基本的にありません。定時になったら「お疲れ様でした！」とスッキリ帰宅できます。

■ 快適な作業環境と働きやすさのポイント
・1年中快適な空調完備： 冷暖房がしっかり効いたクリーンな倉庫なので、夏は涼しく、冬は暖かく快適に作業できます。
・身体に優しい軽作業： 扱う商品は衣類、コスメ、文房具、小型雑貨などがメインです。重量物の持ち上げ作業はありません。
・充実した設備： 個人用の鍵付きロッカーを完備。休憩室は広々としており、ポットや電子レンジ、フリーWi-Fiも自由に使えます。

■ 未経験者でも安心のサポート体制
入社初日は、安全に関する講習と作業の基本ルールについてのオリエンテーションからスタートします。
現場配属後は、専任の先輩スタッフがマンツーマンでついて実際の作業を見せながら丁寧にレクチャーします。

最初は「シールの貼り方」や「ダンボールの組み立て」といった、特に簡単な作業からお任せしますので、一度にたくさんのことを覚える必要はありません。
作業中に分からないことや迷うことがあっても、すぐ近くにリーダーや先輩スタッフが常駐しているため、「これってどうやるんでしたっけ？」といつでも気軽に質問できる安心の環境です。早ければ半日、遅くても2〜3日程度で一人立ちしてスムーズにお仕事を進められるようになります！","✅ 未経験スタート9割以上！簡単なシンプル作業です
「商品を手に取る」「キズがないか見る」「箱に入れる」など、覚えることはたったこれだけ！複雑な機械操作や難しいルールはありません。
先輩スタッフのほとんどが未経験からのスタートです。特別なスキルや経験は一切不要なので、初めてのアルバイトや久しぶりのお仕事復帰の方も安心してください。

✅ 自分のペースで黙々・コツコツ取り組める！
「接客が苦手…」「一人で集中して作業したい」という方にピッタリの環境です。
ノルマなどもなく、ご自身のペースで作業を進められるので、人間関係のストレスを感じることなくのびのびと働けます。

✅ 重い荷物なし！身体への負担が少ない軽作業
扱う商品は、衣服や生活雑貨、コスメなどの比較的軽いものが中心です。
重いダンボールを持ち運んだり、力仕事をお願いすることはほぼありませんので、年齢・性別問わず無理なく長く続けられるお仕事です。

✅ 空調完備のキレイな倉庫で、1年中快適♪
冷暖房がしっかり効いたクリーンな室内での作業です。
「夏は暑くて汗だく…」「冬は寒くて手がかじかむ…」といった心配は無用！季節や天候に関わらず、いつも快適な温度の中で気持ちよく作業に集中できます。

✅ 充実の設備＆働きやすい環境
鍵付きの個人ロッカーを完備しているほか、広々として清潔な休憩室もご用意しています。
休憩室には電子レンジ・冷蔵庫・ポット・自動販売機を完備しており、お弁当を持参してゆっくりくつろぐことも可能です。スタッフが過ごしやすい環境づくりに力を入れています！","例外事由3号のイにより、長期キャリア形成を図るため、
35歳以下を募集しております。","【勤務時間】
★9:00~18:00
└実働8時間/休憩1時間

定時ダッシュも問題ないです✧
✧ 土日祝休み
✧ 残業月平均:6.5時間以内
✧ 残業代100%支給","✧ 完全週休2日制(土日祝休み)
✧ 年間休日125日
「土日休みはマスト!」ってあなたにも
ぴったりの職場です!

【その他休暇】
✧ 有給休暇
✧ 夏季・冬季休暇
✧ GW休暇
✧ 年末年始休暇",埼玉県 三郷市,,"月給:25万円~+交通費全額支給

※経験に応じて決定いたします。

# 昇給あり
# 賞与あり
# 残業代100%支給
# 交通費支給","・社会保険完備
・住宅手当
・家賃補助
・退職金制度
・家族手当・扶養手当
・健康診断
・特別休暇
・資格取得支援制度","\\✧カジュアル面談実施中です✧/

応募に必要なのは人柄のみです!
まずはあなたのご希望を聞かせてください!

✩.。.....................。.✩
■ 応募からの流れ ■
✩.。.....................。.✩

▶STEP1WEBから1分簡単ご応募!
1~3日以内に担当者よりご連絡いたします。

▶ STEP2カジュアル面談(1回のみ)

▶STEP3採用

※入社日のご相談OKです◎
お気軽にご相談ください!",,即日勤務OK、交通費支給、残業なし,2,任意,生年月日、性別、電話番号,ntf-indeedapplicant-aaaatulx77tci2k2pr5yeqapva@shukatsu-labo.slack.com,,,利用しない,,
募集中,日本マニュファクチャリングサービス株式会社,【未経験】検品・梱包作業/日本マニュファクチャリングサービス株式会社/比企郡川島町,倉庫作業スタッフ,20~30代活躍中◎ワークライフバランスも充実！！,,埼玉県 比企郡 川島町,,,正社員,はい,月給,250000,,最低額を表示,なし,,,,,,,固定時間制,160,,厚生年金、健康保険、雇用保険、労災保険,,なし,,,,,,,,,,,,,,,,,,"空調が完備された綺麗な物流センター内で、人気ECサイトで販売されているアパレル商品・生活雑貨・コスメなどの「検品・梱包作業」を担当していただきます。
作業内容は非常にシンプルで、「商品を手に取る」「傷がないかチェックする」「箱や袋に詰める」という基本の3ステップが中心です。重いお荷物の持ち運びはほとんどなく、自分のペースでコツコツ・黙々と進められる軽作業です。
未経験からスタートしたスタッフが9割以上活躍中で、1日〜数日で覚えられる簡単な作業ばかりですので、バイトデビューや久しぶりのお仕事復帰の方も安心してスタートしていただけます。

■ 具体的なお仕事の流れ

1. 検品・チェック作業
入荷された商品や出荷前の商品に問題がないか、確認する作業です。

・外観の目視確認： 商品に傷や汚れ、ほつれ、パッケージの凹みなどが無いかを目視で丁寧にチェックします。
・数量・品番の照合： 納品書や手元のハンディ端末に表示されたデータと、目の前にある商品の種類・個数が合致しているか確認します。
・バーコードスキャン： バーコードリーダーを使って商品を「ピッと」読み取る作業です。機械の操作はスマホ感覚で直感的に行えるため、難しい設定や専門知識は一切不要です。

2. 梱包・箱詰め作業
検品が完了した商品を、お客様のもとへ無事にお届けできるよう綺麗に包んで箱に詰める作業です。

・袋詰め・緩衝材包装： 服やタオルなどの布製品を専用の透明袋に入れたり、壊れやすいコスメ・ガラス製品などをプチプチ（緩衝材）で包みます。
・箱詰め・セット作業： 指定のサイズに合わせたダンボール箱を組み立て、商品が途中で動かないよう丁寧に納めます。
・テープ留め・封かん： ダンボールのフタを閉じ、ガムテープでしっかり留めたら梱包完了です。

3. シール貼り・仕分け作業
出荷に向けた最後の仕上げ作業です。

・ラベル貼り： お届け先の伝票シールや、取扱注意シール（「水濡れ厳禁」「割れ物注意」など）を指定の位置へキレイに貼り付けます。
・出荷先ごとの仕分け： 梱包が終わった箱を、配送地域別や配送業者別に分けられた台車やコンテナへ移します。

■ 1日のタイムスケジュール例（日勤の場合）
09:00〜【朝礼・作業スタート】
本日の連絡事項を確認後、各自の作業台へ移動します。担当する作業（検品または梱包）をスタートします。

12:00〜【お昼休憩（60分）】
清潔な休憩室でランチタイム。電子レンジ・冷蔵庫・自動販売機も完備されており、お弁当の持参も自由です。

13:00〜【午後の作業再開】
午前の続きの作業を行います。自分のデスクで黙々と作業に集中できる時間です。

15:00〜【小休憩（15分）】
身体をほぐしたり水分補給をするリフレッシュタイム。集中力を保ちやすい環境が整っています。

15:15〜【出荷準備・最終仕上げ】
本日発送分の最終チェックと、作業スペースの清掃・整理整頓を行います。

18:00〜【作業終了・定時退勤】
残業は基本的にありません。定時になったら「お疲れ様でした！」とスッキリ帰宅できます。

■ 快適な作業環境と働きやすさのポイント
・1年中快適な空調完備： 冷暖房がしっかり効いたクリーンな倉庫なので、夏は涼しく、冬は暖かく快適に作業できます。
・身体に優しい軽作業： 扱う商品は衣類、コスメ、文房具、小型雑貨などがメインです。重量物の持ち上げ作業はありません。
・充実した設備： 個人用の鍵付きロッカーを完備。休憩室は広々としており、ポットや電子レンジ、フリーWi-Fiも自由に使えます。

■ 未経験者でも安心のサポート体制
入社初日は、安全に関する講習と作業の基本ルールについてのオリエンテーションからスタートします。
現場配属後は、専任の先輩スタッフがマンツーマンでついて実際の作業を見せながら丁寧にレクチャーします。

最初は「シールの貼り方」や「ダンボールの組み立て」といった、特に簡単な作業からお任せしますので、一度にたくさんのことを覚える必要はありません。
作業中に分からないことや迷うことがあっても、すぐ近くにリーダーや先輩スタッフが常駐しているため、「これってどうやるんでしたっけ？」といつでも気軽に質問できる安心の環境です。早ければ半日、遅くても2〜3日程度で一人立ちしてスムーズにお仕事を進められるようになります！","✅ 未経験スタート9割以上！簡単なシンプル作業です
「商品を手に取る」「キズがないか見る」「箱に入れる」など、覚えることはたったこれだけ！複雑な機械操作や難しいルールはありません。
先輩スタッフのほとんどが未経験からのスタートです。特別なスキルや経験は一切不要なので、初めてのアルバイトや久しぶりのお仕事復帰の方も安心してください。

✅ 自分のペースで黙々・コツコツ取り組める！
「接客が苦手…」「一人で集中して作業したい」という方にピッタリの環境です。
ノルマなどもなく、ご自身のペースで作業を進められるので、人間関係のストレスを感じることなくのびのびと働けます。

✅ 重い荷物なし！身体への負担が少ない軽作業
扱う商品は、衣服や生活雑貨、コスメなどの比較的軽いものが中心です。
重いダンボールを持ち運んだり、力仕事をお願いすることはほぼありませんので、年齢・性別問わず無理なく長く続けられるお仕事です。

✅ 空調完備のキレイな倉庫で、1年中快適♪
冷暖房がしっかり効いたクリーンな室内での作業です。
「夏は暑くて汗だく…」「冬は寒くて手がかじかむ…」といった心配は無用！季節や天候に関わらず、いつも快適な温度の中で気持ちよく作業に集中できます。

✅ 充実の設備＆働きやすい環境
鍵付きの個人ロッカーを完備しているほか、広々として清潔な休憩室もご用意しています。
休憩室には電子レンジ・冷蔵庫・ポット・自動販売機を完備しており、お弁当を持参してゆっくりくつろぐことも可能です。スタッフが過ごしやすい環境づくりに力を入れています！","例外事由3号のイにより、長期キャリア形成を図るため、
35歳以下を募集しております。","【勤務時間】
★9:00~18:00
└実働8時間/休憩1時間

定時ダッシュも問題ないです✧
✧ 土日祝休み
✧ 残業月平均:6.5時間以内
✧ 残業代100%支給","✧ 完全週休2日制(土日祝休み)
✧ 年間休日125日
「土日休みはマスト!」ってあなたにも
ぴったりの職場です!

【その他休暇】
✧ 有給休暇
✧ 夏季・冬季休暇
✧ GW休暇
✧ 年末年始休暇",埼玉県 比企郡 川島町,,"月給:25万円~+交通費全額支給

※経験に応じて決定いたします。

# 昇給あり
# 賞与あり
# 残業代100%支給
# 交通費支給","・社会保険完備
・住宅手当
・家賃補助
・退職金制度
・家族手当・扶養手当
・健康診断
・特別休暇
・資格取得支援制度","\\✧カジュアル面談実施中です✧/

応募に必要なのは人柄のみです!
まずはあなたのご希望を聞かせてください!

✩.。.....................。.✩
■ 応募からの流れ ■
✩.。.....................。.✩

▶STEP1WEBから1分簡単ご応募!
1~3日以内に担当者よりご連絡いたします。

▶ STEP2カジュアル面談(1回のみ)

▶STEP3採用

※入社日のご相談OKです◎
お気軽にご相談ください!",,即日勤務OK、交通費支給、残業なし,2,任意,生年月日、性別、電話番号,ntf-indeedapplicant-aaaatulx77tci2k2pr5yeqapva@shukatsu-labo.slack.com,,,利用しない,,
募集中,日本マニュファクチャリングサービス株式会社,【未経験】検品・梱包作業/日本マニュファクチャリングサービス株式会社/入間郡三芳町,倉庫作業スタッフ,20~30代活躍中◎ワークライフバランスも充実！！,,埼玉県 入間郡 三芳町,,,正社員,はい,月給,250000,,最低額を表示,なし,,,,,,,固定時間制,160,,厚生年金、健康保険、雇用保険、労災保険,,なし,,,,,,,,,,,,,,,,,,"空調が完備された綺麗な物流センター内で、人気ECサイトで販売されているアパレル商品・生活雑貨・コスメなどの「検品・梱包作業」を担当していただきます。
作業内容は非常にシンプルで、「商品を手に取る」「傷がないかチェックする」「箱や袋に詰める」という基本の3ステップが中心です。重いお荷物の持ち運びはほとんどなく、自分のペースでコツコツ・黙々と進められる軽作業です。
未経験からスタートしたスタッフが9割以上活躍中で、1日〜数日で覚えられる簡単な作業ばかりですので、バイトデビューや久しぶりのお仕事復帰の方も安心してスタートしていただけます。

■ 具体的なお仕事の流れ

1. 検品・チェック作業
入荷された商品や出荷前の商品に問題がないか、確認する作業です。

・外観の目視確認： 商品に傷や汚れ、ほつれ、パッケージの凹みなどが無いかを目視で丁寧にチェックします。
・数量・品番の照合： 納品書や手元のハンディ端末に表示されたデータと、目の前にある商品の種類・個数が合致しているか確認します。
・バーコードスキャン： バーコードリーダーを使って商品を「ピッと」読み取る作業です。機械の操作はスマホ感覚で直感的に行えるため、難しい設定や専門知識は一切不要です。

2. 梱包・箱詰め作業
検品が完了した商品を、お客様のもとへ無事にお届けできるよう綺麗に包んで箱に詰める作業です。

・袋詰め・緩衝材包装： 服やタオルなどの布製品を専用の透明袋に入れたり、壊れやすいコスメ・ガラス製品などをプチプチ（緩衝材）で包みます。
・箱詰め・セット作業： 指定のサイズに合わせたダンボール箱を組み立て、商品が途中で動かないよう丁寧に納めます。
・テープ留め・封かん： ダンボールのフタを閉じ、ガムテープでしっかり留めたら梱包完了です。

3. シール貼り・仕分け作業
出荷に向けた最後の仕上げ作業です。

・ラベル貼り： お届け先の伝票シールや、取扱注意シール（「水濡れ厳禁」「割れ物注意」など）を指定の位置へキレイに貼り付けます。
・出荷先ごとの仕分け： 梱包が終わった箱を、配送地域別や配送業者別に分けられた台車やコンテナへ移します。

■ 1日のタイムスケジュール例（日勤の場合）
09:00〜【朝礼・作業スタート】
本日の連絡事項を確認後、各自の作業台へ移動します。担当する作業（検品または梱包）をスタートします。

12:00〜【お昼休憩（60分）】
清潔な休憩室でランチタイム。電子レンジ・冷蔵庫・自動販売機も完備されており、お弁当の持参も自由です。

13:00〜【午後の作業再開】
午前の続きの作業を行います。自分のデスクで黙々と作業に集中できる時間です。

15:00〜【小休憩（15分）】
身体をほぐしたり水分補給をするリフレッシュタイム。集中力を保ちやすい環境が整っています。

15:15〜【出荷準備・最終仕上げ】
本日発送分の最終チェックと、作業スペースの清掃・整理整頓を行います。

18:00〜【作業終了・定時退勤】
残業は基本的にありません。定時になったら「お疲れ様でした！」とスッキリ帰宅できます。

■ 快適な作業環境と働きやすさのポイント
・1年中快適な空調完備： 冷暖房がしっかり効いたクリーンな倉庫なので、夏は涼しく、冬は暖かく快適に作業できます。
・身体に優しい軽作業： 扱う商品は衣類、コスメ、文房具、小型雑貨などがメインです。重量物の持ち上げ作業はありません。
・充実した設備： 個人用の鍵付きロッカーを完備。休憩室は広々としており、ポットや電子レンジ、フリーWi-Fiも自由に使えます。

■ 未経験者でも安心のサポート体制
入社初日は、安全に関する講習と作業の基本ルールについてのオリエンテーションからスタートします。
現場配属後は、専任の先輩スタッフがマンツーマンでついて実際の作業を見せながら丁寧にレクチャーします。

最初は「シールの貼り方」や「ダンボールの組み立て」といった、特に簡単な作業からお任せしますので、一度にたくさんのことを覚える必要はありません。
作業中に分からないことや迷うことがあっても、すぐ近くにリーダーや先輩スタッフが常駐しているため、「これってどうやるんでしたっけ？」といつでも気軽に質問できる安心の環境です。早ければ半日、遅くても2〜3日程度で一人立ちしてスムーズにお仕事を進められるようになります！","✅ 未経験スタート9割以上！簡単なシンプル作業です
「商品を手に取る」「キズがないか見る」「箱に入れる」など、覚えることはたったこれだけ！複雑な機械操作や難しいルールはありません。
先輩スタッフのほとんどが未経験からのスタートです。特別なスキルや経験は一切不要なので、初めてのアルバイトや久しぶりのお仕事復帰の方も安心してください。

✅ 自分のペースで黙々・コツコツ取り組める！
「接客が苦手…」「一人で集中して作業したい」という方にピッタリの環境です。
ノルマなどもなく、ご自身のペースで作業を進められるので、人間関係のストレスを感じることなくのびのびと働けます。

✅ 重い荷物なし！身体への負担が少ない軽作業
扱う商品は、衣服や生活雑貨、コスメなどの比較的軽いものが中心です。
重いダンボールを持ち運んだり、力仕事をお願いすることはほぼありませんので、年齢・性別問わず無理なく長く続けられるお仕事です。

✅ 空調完備のキレイな倉庫で、1年中快適♪
冷暖房がしっかり効いたクリーンな室内での作業です。
「夏は暑くて汗だく…」「冬は寒くて手がかじかむ…」といった心配は無用！季節や天候に関わらず、いつも快適な温度の中で気持ちよく作業に集中できます。

✅ 充実の設備＆働きやすい環境
鍵付きの個人ロッカーを完備しているほか、広々として清潔な休憩室もご用意しています。
休憩室には電子レンジ・冷蔵庫・ポット・自動販売機を完備しており、お弁当を持参してゆっくりくつろぐことも可能です。スタッフが過ごしやすい環境づくりに力を入れています！","例外事由3号のイにより、長期キャリア形成を図るため、
35歳以下を募集しております。","【勤務時間】
★9:00~18:00
└実働8時間/休憩1時間

定時ダッシュも問題ないです✧
✧ 土日祝休み
✧ 残業月平均:6.5時間以内
✧ 残業代100%支給","✧ 完全週休2日制(土日祝休み)
✧ 年間休日125日
「土日休みはマスト!」ってあなたにも
ぴったりの職場です!

【その他休暇】
✧ 有給休暇
✧ 夏季・冬季休暇
✧ GW休暇
✧ 年末年始休暇",埼玉県 入間郡 三芳町,,"月給:25万円~+交通費全額支給

※経験に応じて決定いたします。

# 昇給あり
# 賞与あり
# 残業代100%支給
# 交通費支給","・社会保険完備
・住宅手当
・家賃補助
・退職金制度
・家族手当・扶養手当
・健康診断
・特別休暇
・資格取得支援制度","\\✧カジュアル面談実施中です✧/

応募に必要なのは人柄のみです!
まずはあなたのご希望を聞かせてください!

✩.。.....................。.✩
■ 応募からの流れ ■
✩.。.....................。.✩

▶STEP1WEBから1分簡単ご応募!
1~3日以内に担当者よりご連絡いたします。

▶ STEP2カジュアル面談(1回のみ)

▶STEP3採用

※入社日のご相談OKです◎
お気軽にご相談ください!",,即日勤務OK、交通費支給、残業なし,2,任意,生年月日、性別、電話番号,ntf-indeedapplicant-aaaatulx77tci2k2pr5yeqapva@shukatsu-labo.slack.com,,,利用しない,,
募集中,日本マニュファクチャリングサービス株式会社,【未経験】検品・梱包作業/日本マニュファクチャリングサービス株式会社/児玉郡寄居町,倉庫作業スタッフ,20~30代活躍中◎ワークライフバランスも充実！！,,埼玉県 児玉郡,,,正社員,はい,月給,250000,,最低額を表示,なし,,,,,,,固定時間制,160,,厚生年金、健康保険、雇用保険、労災保険,,なし,,,,,,,,,,,,,,,,,,"空調が完備された綺麗な物流センター内で、人気ECサイトで販売されているアパレル商品・生活雑貨・コスメなどの「検品・梱包作業」を担当していただきます。
作業内容は非常にシンプルで、「商品を手に取る」「傷がないかチェックする」「箱や袋に詰める」という基本の3ステップが中心です。重いお荷物の持ち運びはほとんどなく、自分のペースでコツコツ・黙々と進められる軽作業です。
未経験からスタートしたスタッフが9割以上活躍中で、1日〜数日で覚えられる簡単な作業ばかりですので、バイトデビューや久しぶりのお仕事復帰の方も安心してスタートしていただけます。

■ 具体的なお仕事の流れ

1. 検品・チェック作業
入荷された商品や出荷前の商品に問題がないか、確認する作業です。

・外観の目視確認： 商品に傷や汚れ、ほつれ、パッケージの凹みなどが無いかを目視で丁寧にチェックします。
・数量・品番の照合： 納品書や手元のハンディ端末に表示されたデータと、目の前にある商品の種類・個数が合致しているか確認します。
・バーコードスキャン： バーコードリーダーを使って商品を「ピッと」読み取る作業です。機械の操作はスマホ感覚で直感的に行えるため、難しい設定や専門知識は一切不要です。

2. 梱包・箱詰め作業
検品が完了した商品を、お客様のもとへ無事にお届けできるよう綺麗に包んで箱に詰める作業です。

・袋詰め・緩衝材包装： 服やタオルなどの布製品を専用の透明袋に入れたり、壊れやすいコスメ・ガラス製品などをプチプチ（緩衝材）で包みます。
・箱詰め・セット作業： 指定のサイズに合わせたダンボール箱を組み立て、商品が途中で動かないよう丁寧に納めます。
・テープ留め・封かん： ダンボールのフタを閉じ、ガムテープでしっかり留めたら梱包完了です。

3. シール貼り・仕分け作業
出荷に向けた最後の仕上げ作業です。

・ラベル貼り： お届け先の伝票シールや、取扱注意シール（「水濡れ厳禁」「割れ物注意」など）を指定の位置へキレイに貼り付けます。
・出荷先ごとの仕分け： 梱包が終わった箱を、配送地域別や配送業者別に分けられた台車やコンテナへ移します。

■ 1日のタイムスケジュール例（日勤の場合）
09:00〜【朝礼・作業スタート】
本日の連絡事項を確認後、各自の作業台へ移動します。担当する作業（検品または梱包）をスタートします。

12:00〜【お昼休憩（60分）】
清潔な休憩室でランチタイム。電子レンジ・冷蔵庫・自動販売機も完備されており、お弁当の持参も自由です。

13:00〜【午後の作業再開】
午前の続きの作業を行います。自分のデスクで黙々と作業に集中できる時間です。

15:00〜【小休憩（15分）】
身体をほぐしたり水分補給をするリフレッシュタイム。集中力を保ちやすい環境が整っています。

15:15〜【出荷準備・最終仕上げ】
本日発送分の最終チェックと、作業スペースの清掃・整理整頓を行います。

18:00〜【作業終了・定時退勤】
残業は基本的にありません。定時になったら「お疲れ様でした！」とスッキリ帰宅できます。

■ 快適な作業環境と働きやすさのポイント
・1年中快適な空調完備： 冷暖房がしっかり効いたクリーンな倉庫なので、夏は涼しく、冬は暖かく快適に作業できます。
・身体に優しい軽作業： 扱う商品は衣類、コスメ、文房具、小型雑貨などがメインです。重量物の持ち上げ作業はありません。
・充実した設備： 個人用の鍵付きロッカーを完備。休憩室は広々としており、ポットや電子レンジ、フリーWi-Fiも自由に使えます。

■ 未経験者でも安心のサポート体制
入社初日は、安全に関する講習と作業の基本ルールについてのオリエンテーションからスタートします。
現場配属後は、専任の先輩スタッフがマンツーマンでついて実際の作業を見せながら丁寧にレクチャーします。

最初は「シールの貼り方」や「ダンボールの組み立て」といった、特に簡単な作業からお任せしますので、一度にたくさんのことを覚える必要はありません。
作業中に分からないことや迷うことがあっても、すぐ近くにリーダーや先輩スタッフが常駐しているため、「これってどうやるんでしたっけ？」といつでも気軽に質問できる安心の環境です。早ければ半日、遅くても2〜3日程度で一人立ちしてスムーズにお仕事を進められるようになります！","✅ 未経験スタート9割以上！簡単なシンプル作業です
「商品を手に取る」「キズがないか見る」「箱に入れる」など、覚えることはたったこれだけ！複雑な機械操作や難しいルールはありません。
先輩スタッフのほとんどが未経験からのスタートです。特別なスキルや経験は一切不要なので、初めてのアルバイトや久しぶりのお仕事復帰の方も安心してください。

✅ 自分のペースで黙々・コツコツ取り組める！
「接客が苦手…」「一人で集中して作業したい」という方にピッタリの環境です。
ノルマなどもなく、ご自身のペースで作業を進められるので、人間関係のストレスを感じることなくのびのびと働けます。

✅ 重い荷物なし！身体への負担が少ない軽作業
扱う商品は、衣服や生活雑貨、コスメなどの比較的軽いものが中心です。
重いダンボールを持ち運んだり、力仕事をお願いすることはほぼありませんので、年齢・性別問わず無理なく長く続けられるお仕事です。

✅ 空調完備のキレイな倉庫で、1年中快適♪
冷暖房がしっかり効いたクリーンな室内での作業です。
「夏は暑くて汗だく…」「冬は寒くて手がかじかむ…」といった心配は無用！季節や天候に関わらず、いつも快適な温度の中で気持ちよく作業に集中できます。

✅ 充実の設備＆働きやすい環境
鍵付きの個人ロッカーを完備しているほか、広々として清潔な休憩室もご用意しています。
休憩室には電子レンジ・冷蔵庫・ポット・自動販売機を完備しており、お弁当を持参してゆっくりくつろぐことも可能です。スタッフが過ごしやすい環境づくりに力を入れています！","例外事由3号のイにより、長期キャリア形成を図るため、
35歳以下を募集しております。","【勤務時間】
★9:00~18:00
└実働8時間/休憩1時間

定時ダッシュも問題ないです✧
✧ 土日祝休み
✧ 残業月平均:6.5時間以内
✧ 残業代100%支給","✧ 完全週休2日制(土日祝休み)
✧ 年間休日125日
「土日休みはマスト!」ってあなたにも
ぴったりの職場です!

【その他休暇】
✧ 有給休暇
✧ 夏季・冬季休暇
✧ GW休暇
✧ 年末年始休暇",埼玉県 児玉郡,,"月給:25万円~+交通費全額支給

※経験に応じて決定いたします。

# 昇給あり
# 賞与あり
# 残業代100%支給
# 交通費支給","・社会保険完備
・住宅手当
・家賃補助
・退職金制度
・家族手当・扶養手当
・健康診断
・特別休暇
・資格取得支援制度","\\✧カジュアル面談実施中です✧/

応募に必要なのは人柄のみです!
まずはあなたのご希望を聞かせてください!

✩.。.....................。.✩
■ 応募からの流れ ■
✩.。.....................。.✩

▶STEP1WEBから1分簡単ご応募!
1~3日以内に担当者よりご連絡いたします。

▶ STEP2カジュアル面談(1回のみ)

▶STEP3採用

※入社日のご相談OKです◎
お気軽にご相談ください!",,即日勤務OK、交通費支給、残業なし,2,任意,生年月日、性別、電話番号,ntf-indeedapplicant-aaaatulx77tci2k2pr5yeqapva@shukatsu-labo.slack.com,,,利用しない,,
募集中,日本マニュファクチャリングサービス株式会社,【未経験】検品・梱包作業/日本マニュファクチャリングサービス株式会社/入間市,倉庫作業スタッフ,20~30代活躍中◎ワークライフバランスも充実！！,,埼玉県 入間市,,,正社員,はい,月給,250000,,最低額を表示,なし,,,,,,,固定時間制,160,,厚生年金、健康保険、雇用保険、労災保険,,なし,,,,,,,,,,,,,,,,,,"空調が完備された綺麗な物流センター内で、人気ECサイトで販売されているアパレル商品・生活雑貨・コスメなどの「検品・梱包作業」を担当していただきます。
作業内容は非常にシンプルで、「商品を手に取る」「傷がないかチェックする」「箱や袋に詰める」という基本の3ステップが中心です。重いお荷物の持ち運びはほとんどなく、自分のペースでコツコツ・黙々と進められる軽作業です。
未経験からスタートしたスタッフが9割以上活躍中で、1日〜数日で覚えられる簡単な作業ばかりですので、バイトデビューや久しぶりのお仕事復帰の方も安心してスタートしていただけます。

■ 具体的なお仕事の流れ

1. 検品・チェック作業
入荷された商品や出荷前の商品に問題がないか、確認する作業です。

・外観の目視確認： 商品に傷や汚れ、ほつれ、パッケージの凹みなどが無いかを目視で丁寧にチェックします。
・数量・品番の照合： 納品書や手元のハンディ端末に表示されたデータと、目の前にある商品の種類・個数が合致しているか確認します。
・バーコードスキャン： バーコードリーダーを使って商品を「ピッと」読み取る作業です。機械の操作はスマホ感覚で直感的に行えるため、難しい設定や専門知識は一切不要です。

2. 梱包・箱詰め作業
検品が完了した商品を、お客様のもとへ無事にお届けできるよう綺麗に包んで箱に詰める作業です。

・袋詰め・緩衝材包装： 服やタオルなどの布製品を専用の透明袋に入れたり、壊れやすいコスメ・ガラス製品などをプチプチ（緩衝材）で包みます。
・箱詰め・セット作業： 指定のサイズに合わせたダンボール箱を組み立て、商品が途中で動かないよう丁寧に納めます。
・テープ留め・封かん： ダンボールのフタを閉じ、ガムテープでしっかり留めたら梱包完了です。

3. シール貼り・仕分け作業
出荷に向けた最後の仕上げ作業です。

・ラベル貼り： お届け先の伝票シールや、取扱注意シール（「水濡れ厳禁」「割れ物注意」など）を指定の位置へキレイに貼り付けます。
・出荷先ごとの仕分け： 梱包が終わった箱を、配送地域別や配送業者別に分けられた台車やコンテナへ移します。

■ 1日のタイムスケジュール例（日勤の場合）
09:00〜【朝礼・作業スタート】
本日の連絡事項を確認後、各自の作業台へ移動します。担当する作業（検品または梱包）をスタートします。

12:00〜【お昼休憩（60分）】
清潔な休憩室でランチタイム。電子レンジ・冷蔵庫・自動販売機も完備されており、お弁当の持参も自由です。

13:00〜【午後の作業再開】
午前の続きの作業を行います。自分のデスクで黙々と作業に集中できる時間です。

15:00〜【小休憩（15分）】
身体をほぐしたり水分補給をするリフレッシュタイム。集中力を保ちやすい環境が整っています。

15:15〜【出荷準備・最終仕上げ】
本日発送分の最終チェックと、作業スペースの清掃・整理整頓を行います。

18:00〜【作業終了・定時退勤】
残業は基本的にありません。定時になったら「お疲れ様でした！」とスッキリ帰宅できます。

■ 快適な作業環境と働きやすさのポイント
・1年中快適な空調完備： 冷暖房がしっかり効いたクリーンな倉庫なので、夏は涼しく、冬は暖かく快適に作業できます。
・身体に優しい軽作業： 扱う商品は衣類、コスメ、文房具、小型雑貨などがメインです。重量物の持ち上げ作業はありません。
・充実した設備： 個人用の鍵付きロッカーを完備。休憩室は広々としており、ポットや電子レンジ、フリーWi-Fiも自由に使えます。

■ 未経験者でも安心のサポート体制
入社初日は、安全に関する講習と作業の基本ルールについてのオリエンテーションからスタートします。
現場配属後は、専任の先輩スタッフがマンツーマンでついて実際の作業を見せながら丁寧にレクチャーします。

最初は「シールの貼り方」や「ダンボールの組み立て」といった、特に簡単な作業からお任せしますので、一度にたくさんのことを覚える必要はありません。
作業中に分からないことや迷うことがあっても、すぐ近くにリーダーや先輩スタッフが常駐しているため、「これってどうやるんでしたっけ？」といつでも気軽に質問できる安心の環境です。早ければ半日、遅くても2〜3日程度で一人立ちしてスムーズにお仕事を進められるようになります！","✅ 未経験スタート9割以上！簡単なシンプル作業です
「商品を手に取る」「キズがないか見る」「箱に入れる」など、覚えることはたったこれだけ！複雑な機械操作や難しいルールはありません。
先輩スタッフのほとんどが未経験からのスタートです。特別なスキルや経験は一切不要なので、初めてのアルバイトや久しぶりのお仕事復帰の方も安心してください。

✅ 自分のペースで黙々・コツコツ取り組める！
「接客が苦手…」「一人で集中して作業したい」という方にピッタリの環境です。
ノルマなどもなく、ご自身のペースで作業を進められるので、人間関係のストレスを感じることなくのびのびと働けます。

✅ 重い荷物なし！身体への負担が少ない軽作業
扱う商品は、衣服や生活雑貨、コスメなどの比較的軽いものが中心です。
重いダンボールを持ち運んだり、力仕事をお願いすることはほぼありませんので、年齢・性別問わず無理なく長く続けられるお仕事です。

✅ 空調完備のキレイな倉庫で、1年中快適♪
冷暖房がしっかり効いたクリーンな室内での作業です。
「夏は暑くて汗だく…」「冬は寒くて手がかじかむ…」といった心配は無用！季節や天候に関わらず、いつも快適な温度の中で気持ちよく作業に集中できます。

✅ 充実の設備＆働きやすい環境
鍵付きの個人ロッカーを完備しているほか、広々として清潔な休憩室もご用意しています。
休憩室には電子レンジ・冷蔵庫・ポット・自動販売機を完備しており、お弁当を持参してゆっくりくつろぐことも可能です。スタッフが過ごしやすい環境づくりに力を入れています！","例外事由3号のイにより、長期キャリア形成を図るため、
35歳以下を募集しております。","【勤務時間】
★9:00~18:00
└実働8時間/休憩1時間

定時ダッシュも問題ないです✧
✧ 土日祝休み
✧ 残業月平均:6.5時間以内
✧ 残業代100%支給","✧ 完全週休2日制(土日祝休み)
✧ 年間休日125日
「土日休みはマスト!」ってあなたにも
ぴったりの職場です!

【その他休暇】
✧ 有給休暇
✧ 夏季・冬季休暇
✧ GW休暇
✧ 年末年始休暇",埼玉県 入間市,,"月給:25万円~+交通費全額支給

※経験に応じて決定いたします。

# 昇給あり
# 賞与あり
# 残業代100%支給
# 交通費支給","・社会保険完備
・住宅手当
・家賃補助
・退職金制度
・家族手当・扶養手当
・健康診断
・特別休暇
・資格取得支援制度","\\✧カジュアル面談実施中です✧/

応募に必要なのは人柄のみです!
まずはあなたのご希望を聞かせてください!

✩.。.....................。.✩
■ 応募からの流れ ■
✩.。.....................。.✩

▶STEP1WEBから1分簡単ご応募!
1~3日以内に担当者よりご連絡いたします。

▶ STEP2カジュアル面談(1回のみ)

▶STEP3採用

※入社日のご相談OKです◎
お気軽にご相談ください!",,即日勤務OK、交通費支給、残業なし,2,任意,生年月日、性別、電話番号,ntf-indeedapplicant-aaaatulx77tci2k2pr5yeqapva@shukatsu-labo.slack.com,,,利用しない,,
募集中,日本マニュファクチャリングサービス株式会社,【未経験】検品・梱包作業/日本マニュファクチャリングサービス株式会社/熊谷市,倉庫作業スタッフ,20~30代活躍中◎ワークライフバランスも充実！！,,埼玉県 熊谷市,,,正社員,はい,月給,250000,,最低額を表示,なし,,,,,,,固定時間制,160,,厚生年金、健康保険、雇用保険、労災保険,,なし,,,,,,,,,,,,,,,,,,"空調が完備された綺麗な物流センター内で、人気ECサイトで販売されているアパレル商品・生活雑貨・コスメなどの「検品・梱包作業」を担当していただきます。
作業内容は非常にシンプルで、「商品を手に取る」「傷がないかチェックする」「箱や袋に詰める」という基本の3ステップが中心です。重いお荷物の持ち運びはほとんどなく、自分のペースでコツコツ・黙々と進められる軽作業です。
未経験からスタートしたスタッフが9割以上活躍中で、1日〜数日で覚えられる簡単な作業ばかりですので、バイトデビューや久しぶりのお仕事復帰の方も安心してスタートしていただけます。

■ 具体的なお仕事の流れ

1. 検品・チェック作業
入荷された商品や出荷前の商品に問題がないか、確認する作業です。

・外観の目視確認： 商品に傷や汚れ、ほつれ、パッケージの凹みなどが無いかを目視で丁寧にチェックします。
・数量・品番の照合： 納品書や手元のハンディ端末に表示されたデータと、目の前にある商品の種類・個数が合致しているか確認します。
・バーコードスキャン： バーコードリーダーを使って商品を「ピッと」読み取る作業です。機械の操作はスマホ感覚で直感的に行えるため、難しい設定や専門知識は一切不要です。

2. 梱包・箱詰め作業
検品が完了した商品を、お客様のもとへ無事にお届けできるよう綺麗に包んで箱に詰める作業です。

・袋詰め・緩衝材包装： 服やタオルなどの布製品を専用の透明袋に入れたり、壊れやすいコスメ・ガラス製品などをプチプチ（緩衝材）で包みます。
・箱詰め・セット作業： 指定のサイズに合わせたダンボール箱を組み立て、商品が途中で動かないよう丁寧に納めます。
・テープ留め・封かん： ダンボールのフタを閉じ、ガムテープでしっかり留めたら梱包完了です。

3. シール貼り・仕分け作業
出荷に向けた最後の仕上げ作業です。

・ラベル貼り： お届け先の伝票シールや、取扱注意シール（「水濡れ厳禁」「割れ物注意」など）を指定の位置へキレイに貼り付けます。
・出荷先ごとの仕分け： 梱包が終わった箱を、配送地域別や配送業者別に分けられた台車やコンテナへ移します。

■ 1日のタイムスケジュール例（日勤の場合）
09:00〜【朝礼・作業スタート】
本日の連絡事項を確認後、各自の作業台へ移動します。担当する作業（検品または梱包）をスタートします。

12:00〜【お昼休憩（60分）】
清潔な休憩室でランチタイム。電子レンジ・冷蔵庫・自動販売機も完備されており、お弁当の持参も自由です。

13:00〜【午後の作業再開】
午前の続きの作業を行います。自分のデスクで黙々と作業に集中できる時間です。

15:00〜【小休憩（15分）】
身体をほぐしたり水分補給をするリフレッシュタイム。集中力を保ちやすい環境が整っています。

15:15〜【出荷準備・最終仕上げ】
本日発送分の最終チェックと、作業スペースの清掃・整理整頓を行います。

18:00〜【作業終了・定時退勤】
残業は基本的にありません。定時になったら「お疲れ様でした！」とスッキリ帰宅できます。

■ 快適な作業環境と働きやすさのポイント
・1年中快適な空調完備： 冷暖房がしっかり効いたクリーンな倉庫なので、夏は涼しく、冬は暖かく快適に作業できます。
・身体に優しい軽作業： 扱う商品は衣類、コスメ、文房具、小型雑貨などがメインです。重量物の持ち上げ作業はありません。
・充実した設備： 個人用の鍵付きロッカーを完備。休憩室は広々としており、ポットや電子レンジ、フリーWi-Fiも自由に使えます。

■ 未経験者でも安心のサポート体制
入社初日は、安全に関する講習と作業の基本ルールについてのオリエンテーションからスタートします。
現場配属後は、専任の先輩スタッフがマンツーマンでついて実際の作業を見せながら丁寧にレクチャーします。

最初は「シールの貼り方」や「ダンボールの組み立て」といった、特に簡単な作業からお任せしますので、一度にたくさんのことを覚える必要はありません。
作業中に分からないことや迷うことがあっても、すぐ近くにリーダーや先輩スタッフが常駐しているため、「これってどうやるんでしたっけ？」といつでも気軽に質問できる安心の環境です。早ければ半日、遅くても2〜3日程度で一人立ちしてスムーズにお仕事を進められるようになります！","✅ 未経験スタート9割以上！簡単なシンプル作業です
「商品を手に取る」「キズがないか見る」「箱に入れる」など、覚えることはたったこれだけ！複雑な機械操作や難しいルールはありません。
先輩スタッフのほとんどが未経験からのスタートです。特別なスキルや経験は一切不要なので、初めてのアルバイトや久しぶりのお仕事復帰の方も安心してください。

✅ 自分のペースで黙々・コツコツ取り組める！
「接客が苦手…」「一人で集中して作業したい」という方にピッタリの環境です。
ノルマなどもなく、ご自身のペースで作業を進められるので、人間関係のストレスを感じることなくのびのびと働けます。

✅ 重い荷物なし！身体への負担が少ない軽作業
扱う商品は、衣服や生活雑貨、コスメなどの比較的軽いものが中心です。
重いダンボールを持ち運んだり、力仕事をお願いすることはほぼありませんので、年齢・性別問わず無理なく長く続けられるお仕事です。

✅ 空調完備のキレイな倉庫で、1年中快適♪
冷暖房がしっかり効いたクリーンな室内での作業です。
「夏は暑くて汗だく…」「冬は寒くて手がかじかむ…」といった心配は無用！季節や天候に関わらず、いつも快適な温度の中で気持ちよく作業に集中できます。

✅ 充実の設備＆働きやすい環境
鍵付きの個人ロッカーを完備しているほか、広々として清潔な休憩室もご用意しています。
休憩室には電子レンジ・冷蔵庫・ポット・自動販売機を完備しており、お弁当を持参してゆっくりくつろぐことも可能です。スタッフが過ごしやすい環境づくりに力を入れています！","例外事由3号のイにより、長期キャリア形成を図るため、
35歳以下を募集しております。","【勤務時間】
★9:00~18:00
└実働8時間/休憩1時間

定時ダッシュも問題ないです✧
✧ 土日祝休み
✧ 残業月平均:6.5時間以内
✧ 残業代100%支給","✧ 完全週休2日制(土日祝休み)
✧ 年間休日125日
「土日休みはマスト!」ってあなたにも
ぴったりの職場です!

【その他休暇】
✧ 有給休暇
✧ 夏季・冬季休暇
✧ GW休暇
✧ 年末年始休暇",埼玉県 熊谷市,,"月給:25万円~+交通費全額支給

※経験に応じて決定いたします。

# 昇給あり
# 賞与あり
# 残業代100%支給
# 交通費支給","・社会保険完備
・住宅手当
・家賃補助
・退職金制度
・家族手当・扶養手当
・健康診断
・特別休暇
・資格取得支援制度","\\✧カジュアル面談実施中です✧/

応募に必要なのは人柄のみです!
まずはあなたのご希望を聞かせてください!

✩.。.....................。.✩
■ 応募からの流れ ■
✩.。.....................。.✩

▶STEP1WEBから1分簡単ご応募!
1~3日以内に担当者よりご連絡いたします。

▶ STEP2カジュアル面談(1回のみ)

▶STEP3採用

※入社日のご相談OKです◎
お気軽にご相談ください!",,即日勤務OK、交通費支給、残業なし,2,任意,生年月日、性別、電話番号,ntf-indeedapplicant-aaaatulx77tci2k2pr5yeqapva@shukatsu-labo.slack.com,,,利用しない,,
募集中,日本マニュファクチャリングサービス株式会社,【未経験】検品・梱包作業/日本マニュファクチャリングサービス株式会社/桶川市,倉庫作業スタッフ,20~30代活躍中◎ワークライフバランスも充実！！,,埼玉県 桶川市,,,正社員,はい,月給,250000,,最低額を表示,なし,,,,,,,固定時間制,160,,厚生年金、健康保険、雇用保険、労災保険,,なし,,,,,,,,,,,,,,,,,,"空調が完備された綺麗な物流センター内で、人気ECサイトで販売されているアパレル商品・生活雑貨・コスメなどの「検品・梱包作業」を担当していただきます。
作業内容は非常にシンプルで、「商品を手に取る」「傷がないかチェックする」「箱や袋に詰める」という基本の3ステップが中心です。重いお荷物の持ち運びはほとんどなく、自分のペースでコツコツ・黙々と進められる軽作業です。
未経験からスタートしたスタッフが9割以上活躍中で、1日〜数日で覚えられる簡単な作業ばかりですので、バイトデビューや久しぶりのお仕事復帰の方も安心してスタートしていただけます。

■ 具体的なお仕事の流れ

1. 検品・チェック作業
入荷された商品や出荷前の商品に問題がないか、確認する作業です。

・外観の目視確認： 商品に傷や汚れ、ほつれ、パッケージの凹みなどが無いかを目視で丁寧にチェックします。
・数量・品番の照合： 納品書や手元のハンディ端末に表示されたデータと、目の前にある商品の種類・個数が合致しているか確認します。
・バーコードスキャン： バーコードリーダーを使って商品を「ピッと」読み取る作業です。機械の操作はスマホ感覚で直感的に行えるため、難しい設定や専門知識は一切不要です。

2. 梱包・箱詰め作業
検品が完了した商品を、お客様のもとへ無事にお届けできるよう綺麗に包んで箱に詰める作業です。

・袋詰め・緩衝材包装： 服やタオルなどの布製品を専用の透明袋に入れたり、壊れやすいコスメ・ガラス製品などをプチプチ（緩衝材）で包みます。
・箱詰め・セット作業： 指定のサイズに合わせたダンボール箱を組み立て、商品が途中で動かないよう丁寧に納めます。
・テープ留め・封かん： ダンボールのフタを閉じ、ガムテープでしっかり留めたら梱包完了です。

3. シール貼り・仕分け作業
出荷に向けた最後の仕上げ作業です。

・ラベル貼り： お届け先の伝票シールや、取扱注意シール（「水濡れ厳禁」「割れ物注意」など）を指定の位置へキレイに貼り付けます。
・出荷先ごとの仕分け： 梱包が終わった箱を、配送地域別や配送業者別に分けられた台車やコンテナへ移します。

■ 1日のタイムスケジュール例（日勤の場合）
09:00〜【朝礼・作業スタート】
本日の連絡事項を確認後、各自の作業台へ移動します。担当する作業（検品または梱包）をスタートします。

12:00〜【お昼休憩（60分）】
清潔な休憩室でランチタイム。電子レンジ・冷蔵庫・自動販売機も完備されており、お弁当の持参も自由です。

13:00〜【午後の作業再開】
午前の続きの作業を行います。自分のデスクで黙々と作業に集中できる時間です。

15:00〜【小休憩（15分）】
身体をほぐしたり水分補給をするリフレッシュタイム。集中力を保ちやすい環境が整っています。

15:15〜【出荷準備・最終仕上げ】
本日発送分の最終チェックと、作業スペースの清掃・整理整頓を行います。

18:00〜【作業終了・定時退勤】
残業は基本的にありません。定時になったら「お疲れ様でした！」とスッキリ帰宅できます。

■ 快適な作業環境と働きやすさのポイント
・1年中快適な空調完備： 冷暖房がしっかり効いたクリーンな倉庫なので、夏は涼しく、冬は暖かく快適に作業できます。
・身体に優しい軽作業： 扱う商品は衣類、コスメ、文房具、小型雑貨などがメインです。重量物の持ち上げ作業はありません。
・充実した設備： 個人用の鍵付きロッカーを完備。休憩室は広々としており、ポットや電子レンジ、フリーWi-Fiも自由に使えます。

■ 未経験者でも安心のサポート体制
入社初日は、安全に関する講習と作業の基本ルールについてのオリエンテーションからスタートします。
現場配属後は、専任の先輩スタッフがマンツーマンでついて実際の作業を見せながら丁寧にレクチャーします。

最初は「シールの貼り方」や「ダンボールの組み立て」といった、特に簡単な作業からお任せしますので、一度にたくさんのことを覚える必要はありません。
作業中に分からないことや迷うことがあっても、すぐ近くにリーダーや先輩スタッフが常駐しているため、「これってどうやるんでしたっけ？」といつでも気軽に質問できる安心の環境です。早ければ半日、遅くても2〜3日程度で一人立ちしてスムーズにお仕事を進められるようになります！","✅ 未経験スタート9割以上！簡単なシンプル作業です
「商品を手に取る」「キズがないか見る」「箱に入れる」など、覚えることはたったこれだけ！複雑な機械操作や難しいルールはありません。
先輩スタッフのほとんどが未経験からのスタートです。特別なスキルや経験は一切不要なので、初めてのアルバイトや久しぶりのお仕事復帰の方も安心してください。

✅ 自分のペースで黙々・コツコツ取り組める！
「接客が苦手…」「一人で集中して作業したい」という方にピッタリの環境です。
ノルマなどもなく、ご自身のペースで作業を進められるので、人間関係のストレスを感じることなくのびのびと働けます。

✅ 重い荷物なし！身体への負担が少ない軽作業
扱う商品は、衣服や生活雑貨、コスメなどの比較的軽いものが中心です。
重いダンボールを持ち運んだり、力仕事をお願いすることはほぼありませんので、年齢・性別問わず無理なく長く続けられるお仕事です。

✅ 空調完備のキレイな倉庫で、1年中快適♪
冷暖房がしっかり効いたクリーンな室内での作業です。
「夏は暑くて汗だく…」「冬は寒くて手がかじかむ…」といった心配は無用！季節や天候に関わらず、いつも快適な温度の中で気持ちよく作業に集中できます。

✅ 充実の設備＆働きやすい環境
鍵付きの個人ロッカーを完備しているほか、広々として清潔な休憩室もご用意しています。
休憩室には電子レンジ・冷蔵庫・ポット・自動販売機を完備しており、お弁当を持参してゆっくりくつろぐことも可能です。スタッフが過ごしやすい環境づくりに力を入れています！","例外事由3号のイにより、長期キャリア形成を図るため、
35歳以下を募集しております。","【勤務時間】
★9:00~18:00
└実働8時間/休憩1時間

定時ダッシュも問題ないです✧
✧ 土日祝休み
✧ 残業月平均:6.5時間以内
✧ 残業代100%支給","✧ 完全週休2日制(土日祝休み)
✧ 年間休日125日
「土日休みはマスト!」ってあなたにも
ぴったりの職場です!

【その他休暇】
✧ 有給休暇
✧ 夏季・冬季休暇
✧ GW休暇
✧ 年末年始休暇",埼玉県 桶川市,,"月給:25万円~+交通費全額支給

※経験に応じて決定いたします。

# 昇給あり
# 賞与あり
# 残業代100%支給
# 交通費支給","・社会保険完備
・住宅手当
・家賃補助
・退職金制度
・家族手当・扶養手当
・健康診断
・特別休暇
・資格取得支援制度","\\✧カジュアル面談実施中です✧/

応募に必要なのは人柄のみです!
まずはあなたのご希望を聞かせてください!

✩.。.....................。.✩
■ 応募からの流れ ■
✩.。.....................。.✩

▶STEP1WEBから1分簡単ご応募!
1~3日以内に担当者よりご連絡いたします。

▶ STEP2カジュアル面談(1回のみ)

▶STEP3採用

※入社日のご相談OKです◎
お気軽にご相談ください!",,即日勤務OK、交通費支給、残業なし,2,任意,生年月日、性別、電話番号,ntf-indeedapplicant-aaaatulx77tci2k2pr5yeqapva@shukatsu-labo.slack.com,,,利用しない,,
募集中,日本マニュファクチャリングサービス株式会社,【未経験】検品・梱包作業/日本マニュファクチャリングサービス株式会社/千葉市,倉庫作業スタッフ,20~30代活躍中◎ワークライフバランスも充実！！,,千葉県 千葉市,,,正社員,はい,月給,250000,,最低額を表示,なし,,,,,,,固定時間制,160,,厚生年金、健康保険、雇用保険、労災保険,,なし,,,,,,,,,,,,,,,,,,"空調が完備された綺麗な物流センター内で、人気ECサイトで販売されているアパレル商品・生活雑貨・コスメなどの「検品・梱包作業」を担当していただきます。
作業内容は非常にシンプルで、「商品を手に取る」「傷がないかチェックする」「箱や袋に詰める」という基本の3ステップが中心です。重いお荷物の持ち運びはほとんどなく、自分のペースでコツコツ・黙々と進められる軽作業です。
未経験からスタートしたスタッフが9割以上活躍中で、1日〜数日で覚えられる簡単な作業ばかりですので、バイトデビューや久しぶりのお仕事復帰の方も安心してスタートしていただけます。

■ 具体的なお仕事の流れ

1. 検品・チェック作業
入荷された商品や出荷前の商品に問題がないか、確認する作業です。

・外観の目視確認： 商品に傷や汚れ、ほつれ、パッケージの凹みなどが無いかを目視で丁寧にチェックします。
・数量・品番の照合： 納品書や手元のハンディ端末に表示されたデータと、目の前にある商品の種類・個数が合致しているか確認します。
・バーコードスキャン： バーコードリーダーを使って商品を「ピッと」読み取る作業です。機械の操作はスマホ感覚で直感的に行えるため、難しい設定や専門知識は一切不要です。

2. 梱包・箱詰め作業
検品が完了した商品を、お客様のもとへ無事にお届けできるよう綺麗に包んで箱に詰める作業です。

・袋詰め・緩衝材包装： 服やタオルなどの布製品を専用の透明袋に入れたり、壊れやすいコスメ・ガラス製品などをプチプチ（緩衝材）で包みます。
・箱詰め・セット作業： 指定のサイズに合わせたダンボール箱を組み立て、商品が途中で動かないよう丁寧に納めます。
・テープ留め・封かん： ダンボールのフタを閉じ、ガムテープでしっかり留めたら梱包完了です。

3. シール貼り・仕分け作業
出荷に向けた最後の仕上げ作業です。

・ラベル貼り： お届け先の伝票シールや、取扱注意シール（「水濡れ厳禁」「割れ物注意」など）を指定の位置へキレイに貼り付けます。
・出荷先ごとの仕分け： 梱包が終わった箱を、配送地域別や配送業者別に分けられた台車やコンテナへ移します。

■ 1日のタイムスケジュール例（日勤の場合）
09:00〜【朝礼・作業スタート】
本日の連絡事項を確認後、各自の作業台へ移動します。担当する作業（検品または梱包）をスタートします。

12:00〜【お昼休憩（60分）】
清潔な休憩室でランチタイム。電子レンジ・冷蔵庫・自動販売機も完備されており、お弁当の持参も自由です。

13:00〜【午後の作業再開】
午前の続きの作業を行います。自分のデスクで黙々と作業に集中できる時間です。

15:00〜【小休憩（15分）】
身体をほぐしたり水分補給をするリフレッシュタイム。集中力を保ちやすい環境が整っています。

15:15〜【出荷準備・最終仕上げ】
本日発送分の最終チェックと、作業スペースの清掃・整理整頓を行います。

18:00〜【作業終了・定時退勤】
残業は基本的にありません。定時になったら「お疲れ様でした！」とスッキリ帰宅できます。

■ 快適な作業環境と働きやすさのポイント
・1年中快適な空調完備： 冷暖房がしっかり効いたクリーンな倉庫なので、夏は涼しく、冬は暖かく快適に作業できます。
・身体に優しい軽作業： 扱う商品は衣類、コスメ、文房具、小型雑貨などがメインです。重量物の持ち上げ作業はありません。
・充実した設備： 個人用の鍵付きロッカーを完備。休憩室は広々としており、ポットや電子レンジ、フリーWi-Fiも自由に使えます。

■ 未経験者でも安心のサポート体制
入社初日は、安全に関する講習と作業の基本ルールについてのオリエンテーションからスタートします。
現場配属後は、専任の先輩スタッフがマンツーマンでついて実際の作業を見せながら丁寧にレクチャーします。

最初は「シールの貼り方」や「ダンボールの組み立て」といった、特に簡単な作業からお任せしますので、一度にたくさんのことを覚える必要はありません。
作業中に分からないことや迷うことがあっても、すぐ近くにリーダーや先輩スタッフが常駐しているため、「これってどうやるんでしたっけ？」といつでも気軽に質問できる安心の環境です。早ければ半日、遅くても2〜3日程度で一人立ちしてスムーズにお仕事を進められるようになります！","✅ 未経験スタート9割以上！簡単なシンプル作業です
「商品を手に取る」「キズがないか見る」「箱に入れる」など、覚えることはたったこれだけ！複雑な機械操作や難しいルールはありません。
先輩スタッフのほとんどが未経験からのスタートです。特別なスキルや経験は一切不要なので、初めてのアルバイトや久しぶりのお仕事復帰の方も安心してください。

✅ 自分のペースで黙々・コツコツ取り組める！
「接客が苦手…」「一人で集中して作業したい」という方にピッタリの環境です。
ノルマなどもなく、ご自身のペースで作業を進められるので、人間関係のストレスを感じることなくのびのびと働けます。

✅ 重い荷物なし！身体への負担が少ない軽作業
扱う商品は、衣服や生活雑貨、コスメなどの比較的軽いものが中心です。
重いダンボールを持ち運んだり、力仕事をお願いすることはほぼありませんので、年齢・性別問わず無理なく長く続けられるお仕事です。

✅ 空調完備のキレイな倉庫で、1年中快適♪
冷暖房がしっかり効いたクリーンな室内での作業です。
「夏は暑くて汗だく…」「冬は寒くて手がかじかむ…」といった心配は無用！季節や天候に関わらず、いつも快適な温度の中で気持ちよく作業に集中できます。

✅ 充実の設備＆働きやすい環境
鍵付きの個人ロッカーを完備しているほか、広々として清潔な休憩室もご用意しています。
休憩室には電子レンジ・冷蔵庫・ポット・自動販売機を完備しており、お弁当を持参してゆっくりくつろぐことも可能です。スタッフが過ごしやすい環境づくりに力を入れています！","例外事由3号のイにより、長期キャリア形成を図るため、
35歳以下を募集しております。","【勤務時間】
★9:00~18:00
└実働8時間/休憩1時間

定時ダッシュも問題ないです✧
✧ 土日祝休み
✧ 残業月平均:6.5時間以内
✧ 残業代100%支給","✧ 完全週休2日制(土日祝休み)
✧ 年間休日125日
「土日休みはマスト!」ってあなたにも
ぴったりの職場です!

【その他休暇】
✧ 有給休暇
✧ 夏季・冬季休暇
✧ GW休暇
✧ 年末年始休暇",千葉県 千葉市,,"月給:25万円~+交通費全額支給

※経験に応じて決定いたします。

# 昇給あり
# 賞与あり
# 残業代100%支給
# 交通費支給","・社会保険完備
・住宅手当
・家賃補助
・退職金制度
・家族手当・扶養手当
・健康診断
・特別休暇
・資格取得支援制度","\\✧カジュアル面談実施中です✧/

応募に必要なのは人柄のみです!
まずはあなたのご希望を聞かせてください!

✩.。.....................。.✩
■ 応募からの流れ ■
✩.。.....................。.✩

▶STEP1WEBから1分簡単ご応募!
1~3日以内に担当者よりご連絡いたします。

▶ STEP2カジュアル面談(1回のみ)

▶STEP3採用

※入社日のご相談OKです◎
お気軽にご相談ください!",,即日勤務OK、交通費支給、残業なし,2,任意,生年月日、性別、電話番号,ntf-indeedapplicant-aaaatulx77tci2k2pr5yeqapva@shukatsu-labo.slack.com,,,利用しない,,
募集中,日本マニュファクチャリングサービス株式会社,【未経験】検品・梱包作業/日本マニュファクチャリングサービス株式会社/市川市,倉庫作業スタッフ,20~30代活躍中◎ワークライフバランスも充実！！,,千葉県 市川市,,,正社員,はい,月給,250000,,最低額を表示,なし,,,,,,,固定時間制,160,,厚生年金、健康保険、雇用保険、労災保険,,なし,,,,,,,,,,,,,,,,,,"空調が完備された綺麗な物流センター内で、人気ECサイトで販売されているアパレル商品・生活雑貨・コスメなどの「検品・梱包作業」を担当していただきます。
作業内容は非常にシンプルで、「商品を手に取る」「傷がないかチェックする」「箱や袋に詰める」という基本の3ステップが中心です。重いお荷物の持ち運びはほとんどなく、自分のペースでコツコツ・黙々と進められる軽作業です。
未経験からスタートしたスタッフが9割以上活躍中で、1日〜数日で覚えられる簡単な作業ばかりですので、バイトデビューや久しぶりのお仕事復帰の方も安心してスタートしていただけます。

■ 具体的なお仕事の流れ

1. 検品・チェック作業
入荷された商品や出荷前の商品に問題がないか、確認する作業です。

・外観の目視確認： 商品に傷や汚れ、ほつれ、パッケージの凹みなどが無いかを目視で丁寧にチェックします。
・数量・品番の照合： 納品書や手元のハンディ端末に表示されたデータと、目の前にある商品の種類・個数が合致しているか確認します。
・バーコードスキャン： バーコードリーダーを使って商品を「ピッと」読み取る作業です。機械の操作はスマホ感覚で直感的に行えるため、難しい設定や専門知識は一切不要です。

2. 梱包・箱詰め作業
検品が完了した商品を、お客様のもとへ無事にお届けできるよう綺麗に包んで箱に詰める作業です。

・袋詰め・緩衝材包装： 服やタオルなどの布製品を専用の透明袋に入れたり、壊れやすいコスメ・ガラス製品などをプチプチ（緩衝材）で包みます。
・箱詰め・セット作業： 指定のサイズに合わせたダンボール箱を組み立て、商品が途中で動かないよう丁寧に納めます。
・テープ留め・封かん： ダンボールのフタを閉じ、ガムテープでしっかり留めたら梱包完了です。

3. シール貼り・仕分け作業
出荷に向けた最後の仕上げ作業です。

・ラベル貼り： お届け先の伝票シールや、取扱注意シール（「水濡れ厳禁」「割れ物注意」など）を指定の位置へキレイに貼り付けます。
・出荷先ごとの仕分け： 梱包が終わった箱を、配送地域別や配送業者別に分けられた台車やコンテナへ移します。

■ 1日のタイムスケジュール例（日勤の場合）
09:00〜【朝礼・作業スタート】
本日の連絡事項を確認後、各自の作業台へ移動します。担当する作業（検品または梱包）をスタートします。

12:00〜【お昼休憩（60分）】
清潔な休憩室でランチタイム。電子レンジ・冷蔵庫・自動販売機も完備されており、お弁当の持参も自由です。

13:00〜【午後の作業再開】
午前の続きの作業を行います。自分のデスクで黙々と作業に集中できる時間です。

15:00〜【小休憩（15分）】
身体をほぐしたり水分補給をするリフレッシュタイム。集中力を保ちやすい環境が整っています。

15:15〜【出荷準備・最終仕上げ】
本日発送分の最終チェックと、作業スペースの清掃・整理整頓を行います。

18:00〜【作業終了・定時退勤】
残業は基本的にありません。定時になったら「お疲れ様でした！」とスッキリ帰宅できます。

■ 快適な作業環境と働きやすさのポイント
・1年中快適な空調完備： 冷暖房がしっかり効いたクリーンな倉庫なので、夏は涼しく、冬は暖かく快適に作業できます。
・身体に優しい軽作業： 扱う商品は衣類、コスメ、文房具、小型雑貨などがメインです。重量物の持ち上げ作業はありません。
・充実した設備： 個人用の鍵付きロッカーを完備。休憩室は広々としており、ポットや電子レンジ、フリーWi-Fiも自由に使えます。

■ 未経験者でも安心のサポート体制
入社初日は、安全に関する講習と作業の基本ルールについてのオリエンテーションからスタートします。
現場配属後は、専任の先輩スタッフがマンツーマンでついて実際の作業を見せながら丁寧にレクチャーします。

最初は「シールの貼り方」や「ダンボールの組み立て」といった、特に簡単な作業からお任せしますので、一度にたくさんのことを覚える必要はありません。
作業中に分からないことや迷うことがあっても、すぐ近くにリーダーや先輩スタッフが常駐しているため、「これってどうやるんでしたっけ？」といつでも気軽に質問できる安心の環境です。早ければ半日、遅くても2〜3日程度で一人立ちしてスムーズにお仕事を進められるようになります！","✅ 未経験スタート9割以上！簡単なシンプル作業です
「商品を手に取る」「キズがないか見る」「箱に入れる」など、覚えることはたったこれだけ！複雑な機械操作や難しいルールはありません。
先輩スタッフのほとんどが未経験からのスタートです。特別なスキルや経験は一切不要なので、初めてのアルバイトや久しぶりのお仕事復帰の方も安心してください。

✅ 自分のペースで黙々・コツコツ取り組める！
「接客が苦手…」「一人で集中して作業したい」という方にピッタリの環境です。
ノルマなどもなく、ご自身のペースで作業を進められるので、人間関係のストレスを感じることなくのびのびと働けます。

✅ 重い荷物なし！身体への負担が少ない軽作業
扱う商品は、衣服や生活雑貨、コスメなどの比較的軽いものが中心です。
重いダンボールを持ち運んだり、力仕事をお願いすることはほぼありませんので、年齢・性別問わず無理なく長く続けられるお仕事です。

✅ 空調完備のキレイな倉庫で、1年中快適♪
冷暖房がしっかり効いたクリーンな室内での作業です。
「夏は暑くて汗だく…」「冬は寒くて手がかじかむ…」といった心配は無用！季節や天候に関わらず、いつも快適な温度の中で気持ちよく作業に集中できます。

✅ 充実の設備＆働きやすい環境
鍵付きの個人ロッカーを完備しているほか、広々として清潔な休憩室もご用意しています。
休憩室には電子レンジ・冷蔵庫・ポット・自動販売機を完備しており、お弁当を持参してゆっくりくつろぐことも可能です。スタッフが過ごしやすい環境づくりに力を入れています！","例外事由3号のイにより、長期キャリア形成を図るため、
35歳以下を募集しております。","【勤務時間】
★9:00~18:00
└実働8時間/休憩1時間

定時ダッシュも問題ないです✧
✧ 土日祝休み
✧ 残業月平均:6.5時間以内
✧ 残業代100%支給","✧ 完全週休2日制(土日祝休み)
✧ 年間休日125日
「土日休みはマスト!」ってあなたにも
ぴったりの職場です!

【その他休暇】
✧ 有給休暇
✧ 夏季・冬季休暇
✧ GW休暇
✧ 年末年始休暇",千葉県 市川市,,"月給:25万円~+交通費全額支給

※経験に応じて決定いたします。

# 昇給あり
# 賞与あり
# 残業代100%支給
# 交通費支給","・社会保険完備
・住宅手当
・家賃補助
・退職金制度
・家族手当・扶養手当
・健康診断
・特別休暇
・資格取得支援制度","\\✧カジュアル面談実施中です✧/

応募に必要なのは人柄のみです!
まずはあなたのご希望を聞かせてください!

✩.。.....................。.✩
■ 応募からの流れ ■
✩.。.....................。.✩

▶STEP1WEBから1分簡単ご応募!
1~3日以内に担当者よりご連絡いたします。

▶ STEP2カジュアル面談(1回のみ)

▶STEP3採用

※入社日のご相談OKです◎
お気軽にご相談ください!",,即日勤務OK、交通費支給、残業なし,2,任意,生年月日、性別、電話番号,ntf-indeedapplicant-aaaatulx77tci2k2pr5yeqapva@shukatsu-labo.slack.com,,,利用しない,,
募集中,日本マニュファクチャリングサービス株式会社,【未経験】検品・梱包作業/日本マニュファクチャリングサービス株式会社/船橋市,倉庫作業スタッフ,20~30代活躍中◎ワークライフバランスも充実！！,,千葉県 船橋市,,,正社員,はい,月給,250000,,最低額を表示,なし,,,,,,,固定時間制,160,,厚生年金、健康保険、雇用保険、労災保険,,なし,,,,,,,,,,,,,,,,,,"空調が完備された綺麗な物流センター内で、人気ECサイトで販売されているアパレル商品・生活雑貨・コスメなどの「検品・梱包作業」を担当していただきます。
作業内容は非常にシンプルで、「商品を手に取る」「傷がないかチェックする」「箱や袋に詰める」という基本の3ステップが中心です。重いお荷物の持ち運びはほとんどなく、自分のペースでコツコツ・黙々と進められる軽作業です。
未経験からスタートしたスタッフが9割以上活躍中で、1日〜数日で覚えられる簡単な作業ばかりですので、バイトデビューや久しぶりのお仕事復帰の方も安心してスタートしていただけます。

■ 具体的なお仕事の流れ

1. 検品・チェック作業
入荷された商品や出荷前の商品に問題がないか、確認する作業です。

・外観の目視確認： 商品に傷や汚れ、ほつれ、パッケージの凹みなどが無いかを目視で丁寧にチェックします。
・数量・品番の照合： 納品書や手元のハンディ端末に表示されたデータと、目の前にある商品の種類・個数が合致しているか確認します。
・バーコードスキャン： バーコードリーダーを使って商品を「ピッと」読み取る作業です。機械の操作はスマホ感覚で直感的に行えるため、難しい設定や専門知識は一切不要です。

2. 梱包・箱詰め作業
検品が完了した商品を、お客様のもとへ無事にお届けできるよう綺麗に包んで箱に詰める作業です。

・袋詰め・緩衝材包装： 服やタオルなどの布製品を専用の透明袋に入れたり、壊れやすいコスメ・ガラス製品などをプチプチ（緩衝材）で包みます。
・箱詰め・セット作業： 指定のサイズに合わせたダンボール箱を組み立て、商品が途中で動かないよう丁寧に納めます。
・テープ留め・封かん： ダンボールのフタを閉じ、ガムテープでしっかり留めたら梱包完了です。

3. シール貼り・仕分け作業
出荷に向けた最後の仕上げ作業です。

・ラベル貼り： お届け先の伝票シールや、取扱注意シール（「水濡れ厳禁」「割れ物注意」など）を指定の位置へキレイに貼り付けます。
・出荷先ごとの仕分け： 梱包が終わった箱を、配送地域別や配送業者別に分けられた台車やコンテナへ移します。

■ 1日のタイムスケジュール例（日勤の場合）
09:00〜【朝礼・作業スタート】
本日の連絡事項を確認後、各自の作業台へ移動します。担当する作業（検品または梱包）をスタートします。

12:00〜【お昼休憩（60分）】
清潔な休憩室でランチタイム。電子レンジ・冷蔵庫・自動販売機も完備されており、お弁当の持参も自由です。

13:00〜【午後の作業再開】
午前の続きの作業を行います。自分のデスクで黙々と作業に集中できる時間です。

15:00〜【小休憩（15分）】
身体をほぐしたり水分補給をするリフレッシュタイム。集中力を保ちやすい環境が整っています。

15:15〜【出荷準備・最終仕上げ】
本日発送分の最終チェックと、作業スペースの清掃・整理整頓を行います。

18:00〜【作業終了・定時退勤】
残業は基本的にありません。定時になったら「お疲れ様でした！」とスッキリ帰宅できます。

■ 快適な作業環境と働きやすさのポイント
・1年中快適な空調完備： 冷暖房がしっかり効いたクリーンな倉庫なので、夏は涼しく、冬は暖かく快適に作業できます。
・身体に優しい軽作業： 扱う商品は衣類、コスメ、文房具、小型雑貨などがメインです。重量物の持ち上げ作業はありません。
・充実した設備： 個人用の鍵付きロッカーを完備。休憩室は広々としており、ポットや電子レンジ、フリーWi-Fiも自由に使えます。

■ 未経験者でも安心のサポート体制
入社初日は、安全に関する講習と作業の基本ルールについてのオリエンテーションからスタートします。
現場配属後は、専任の先輩スタッフがマンツーマンでついて実際の作業を見せながら丁寧にレクチャーします。

最初は「シールの貼り方」や「ダンボールの組み立て」といった、特に簡単な作業からお任せしますので、一度にたくさんのことを覚える必要はありません。
作業中に分からないことや迷うことがあっても、すぐ近くにリーダーや先輩スタッフが常駐しているため、「これってどうやるんでしたっけ？」といつでも気軽に質問できる安心の環境です。早ければ半日、遅くても2〜3日程度で一人立ちしてスムーズにお仕事を進められるようになります！","✅ 未経験スタート9割以上！簡単なシンプル作業です
「商品を手に取る」「キズがないか見る」「箱に入れる」など、覚えることはたったこれだけ！複雑な機械操作や難しいルールはありません。
先輩スタッフのほとんどが未経験からのスタートです。特別なスキルや経験は一切不要なので、初めてのアルバイトや久しぶりのお仕事復帰の方も安心してください。

✅ 自分のペースで黙々・コツコツ取り組める！
「接客が苦手…」「一人で集中して作業したい」という方にピッタリの環境です。
ノルマなどもなく、ご自身のペースで作業を進められるので、人間関係のストレスを感じることなくのびのびと働けます。

✅ 重い荷物なし！身体への負担が少ない軽作業
扱う商品は、衣服や生活雑貨、コスメなどの比較的軽いものが中心です。
重いダンボールを持ち運んだり、力仕事をお願いすることはほぼありませんので、年齢・性別問わず無理なく長く続けられるお仕事です。

✅ 空調完備のキレイな倉庫で、1年中快適♪
冷暖房がしっかり効いたクリーンな室内での作業です。
「夏は暑くて汗だく…」「冬は寒くて手がかじかむ…」といった心配は無用！季節や天候に関わらず、いつも快適な温度の中で気持ちよく作業に集中できます。

✅ 充実の設備＆働きやすい環境
鍵付きの個人ロッカーを完備しているほか、広々として清潔な休憩室もご用意しています。
休憩室には電子レンジ・冷蔵庫・ポット・自動販売機を完備しており、お弁当を持参してゆっくりくつろぐことも可能です。スタッフが過ごしやすい環境づくりに力を入れています！","例外事由3号のイにより、長期キャリア形成を図るため、
35歳以下を募集しております。","【勤務時間】
★9:00~18:00
└実働8時間/休憩1時間

定時ダッシュも問題ないです✧
✧ 土日祝休み
✧ 残業月平均:6.5時間以内
✧ 残業代100%支給","✧ 完全週休2日制(土日祝休み)
✧ 年間休日125日
「土日休みはマスト!」ってあなたにも
ぴったりの職場です!

【その他休暇】
✧ 有給休暇
✧ 夏季・冬季休暇
✧ GW休暇
✧ 年末年始休暇",千葉県 船橋市,,"月給:25万円~+交通費全額支給

※経験に応じて決定いたします。

# 昇給あり
# 賞与あり
# 残業代100%支給
# 交通費支給","・社会保険完備
・住宅手当
・家賃補助
・退職金制度
・家族手当・扶養手当
・健康診断
・特別休暇
・資格取得支援制度","\\✧カジュアル面談実施中です✧/

応募に必要なのは人柄のみです!
まずはあなたのご希望を聞かせてください!

✩.。.....................。.✩
■ 応募からの流れ ■
✩.。.....................。.✩

▶STEP1WEBから1分簡単ご応募!
1~3日以内に担当者よりご連絡いたします。

▶ STEP2カジュアル面談(1回のみ)

▶STEP3採用

※入社日のご相談OKです◎
お気軽にご相談ください!",,即日勤務OK、交通費支給、残業なし,2,任意,生年月日、性別、電話番号,ntf-indeedapplicant-aaaatulx77tci2k2pr5yeqapva@shukatsu-labo.slack.com,,,利用しない,,
募集中,日本マニュファクチャリングサービス株式会社,【未経験】検品・梱包作業/日本マニュファクチャリングサービス株式会社/松戸市,倉庫作業スタッフ,20~30代活躍中◎ワークライフバランスも充実！！,,千葉県 松戸市,,,正社員,はい,月給,250000,,最低額を表示,なし,,,,,,,固定時間制,160,,厚生年金、健康保険、雇用保険、労災保険,,なし,,,,,,,,,,,,,,,,,,"空調が完備された綺麗な物流センター内で、人気ECサイトで販売されているアパレル商品・生活雑貨・コスメなどの「検品・梱包作業」を担当していただきます。
作業内容は非常にシンプルで、「商品を手に取る」「傷がないかチェックする」「箱や袋に詰める」という基本の3ステップが中心です。重いお荷物の持ち運びはほとんどなく、自分のペースでコツコツ・黙々と進められる軽作業です。
未経験からスタートしたスタッフが9割以上活躍中で、1日〜数日で覚えられる簡単な作業ばかりですので、バイトデビューや久しぶりのお仕事復帰の方も安心してスタートしていただけます。

■ 具体的なお仕事の流れ

1. 検品・チェック作業
入荷された商品や出荷前の商品に問題がないか、確認する作業です。

・外観の目視確認： 商品に傷や汚れ、ほつれ、パッケージの凹みなどが無いかを目視で丁寧にチェックします。
・数量・品番の照合： 納品書や手元のハンディ端末に表示されたデータと、目の前にある商品の種類・個数が合致しているか確認します。
・バーコードスキャン： バーコードリーダーを使って商品を「ピッと」読み取る作業です。機械の操作はスマホ感覚で直感的に行えるため、難しい設定や専門知識は一切不要です。

2. 梱包・箱詰め作業
検品が完了した商品を、お客様のもとへ無事にお届けできるよう綺麗に包んで箱に詰める作業です。

・袋詰め・緩衝材包装： 服やタオルなどの布製品を専用の透明袋に入れたり、壊れやすいコスメ・ガラス製品などをプチプチ（緩衝材）で包みます。
・箱詰め・セット作業： 指定のサイズに合わせたダンボール箱を組み立て、商品が途中で動かないよう丁寧に納めます。
・テープ留め・封かん： ダンボールのフタを閉じ、ガムテープでしっかり留めたら梱包完了です。

3. シール貼り・仕分け作業
出荷に向けた最後の仕上げ作業です。

・ラベル貼り： お届け先の伝票シールや、取扱注意シール（「水濡れ厳禁」「割れ物注意」など）を指定の位置へキレイに貼り付けます。
・出荷先ごとの仕分け： 梱包が終わった箱を、配送地域別や配送業者別に分けられた台車やコンテナへ移します。

■ 1日のタイムスケジュール例（日勤の場合）
09:00〜【朝礼・作業スタート】
本日の連絡事項を確認後、各自の作業台へ移動します。担当する作業（検品または梱包）をスタートします。

12:00〜【お昼休憩（60分）】
清潔な休憩室でランチタイム。電子レンジ・冷蔵庫・自動販売機も完備されており、お弁当の持参も自由です。

13:00〜【午後の作業再開】
午前の続きの作業を行います。自分のデスクで黙々と作業に集中できる時間です。

15:00〜【小休憩（15分）】
身体をほぐしたり水分補給をするリフレッシュタイム。集中力を保ちやすい環境が整っています。

15:15〜【出荷準備・最終仕上げ】
本日発送分の最終チェックと、作業スペースの清掃・整理整頓を行います。

18:00〜【作業終了・定時退勤】
残業は基本的にありません。定時になったら「お疲れ様でした！」とスッキリ帰宅できます。

■ 快適な作業環境と働きやすさのポイント
・1年中快適な空調完備： 冷暖房がしっかり効いたクリーンな倉庫なので、夏は涼しく、冬は暖かく快適に作業できます。
・身体に優しい軽作業： 扱う商品は衣類、コスメ、文房具、小型雑貨などがメインです。重量物の持ち上げ作業はありません。
・充実した設備： 個人用の鍵付きロッカーを完備。休憩室は広々としており、ポットや電子レンジ、フリーWi-Fiも自由に使えます。

■ 未経験者でも安心のサポート体制
入社初日は、安全に関する講習と作業の基本ルールについてのオリエンテーションからスタートします。
現場配属後は、専任の先輩スタッフがマンツーマンでついて実際の作業を見せながら丁寧にレクチャーします。

最初は「シールの貼り方」や「ダンボールの組み立て」といった、特に簡単な作業からお任せしますので、一度にたくさんのことを覚える必要はありません。
作業中に分からないことや迷うことがあっても、すぐ近くにリーダーや先輩スタッフが常駐しているため、「これってどうやるんでしたっけ？」といつでも気軽に質問できる安心の環境です。早ければ半日、遅くても2〜3日程度で一人立ちしてスムーズにお仕事を進められるようになります！","✅ 未経験スタート9割以上！簡単なシンプル作業です
「商品を手に取る」「キズがないか見る」「箱に入れる」など、覚えることはたったこれだけ！複雑な機械操作や難しいルールはありません。
先輩スタッフのほとんどが未経験からのスタートです。特別なスキルや経験は一切不要なので、初めてのアルバイトや久しぶりのお仕事復帰の方も安心してください。

✅ 自分のペースで黙々・コツコツ取り組める！
「接客が苦手…」「一人で集中して作業したい」という方にピッタリの環境です。
ノルマなどもなく、ご自身のペースで作業を進められるので、人間関係のストレスを感じることなくのびのびと働けます。

✅ 重い荷物なし！身体への負担が少ない軽作業
扱う商品は、衣服や生活雑貨、コスメなどの比較的軽いものが中心です。
重いダンボールを持ち運んだり、力仕事をお願いすることはほぼありませんので、年齢・性別問わず無理なく長く続けられるお仕事です。

✅ 空調完備のキレイな倉庫で、1年中快適♪
冷暖房がしっかり効いたクリーンな室内での作業です。
「夏は暑くて汗だく…」「冬は寒くて手がかじかむ…」といった心配は無用！季節や天候に関わらず、いつも快適な温度の中で気持ちよく作業に集中できます。

✅ 充実の設備＆働きやすい環境
鍵付きの個人ロッカーを完備しているほか、広々として清潔な休憩室もご用意しています。
休憩室には電子レンジ・冷蔵庫・ポット・自動販売機を完備しており、お弁当を持参してゆっくりくつろぐことも可能です。スタッフが過ごしやすい環境づくりに力を入れています！","例外事由3号のイにより、長期キャリア形成を図るため、
35歳以下を募集しております。","【勤務時間】
★9:00~18:00
└実働8時間/休憩1時間

定時ダッシュも問題ないです✧
✧ 土日祝休み
✧ 残業月平均:6.5時間以内
✧ 残業代100%支給","✧ 完全週休2日制(土日祝休み)
✧ 年間休日125日
「土日休みはマスト!」ってあなたにも
ぴったりの職場です!

【その他休暇】
✧ 有給休暇
✧ 夏季・冬季休暇
✧ GW休暇
✧ 年末年始休暇",千葉県 松戸市,,"月給:25万円~+交通費全額支給

※経験に応じて決定いたします。

# 昇給あり
# 賞与あり
# 残業代100%支給
# 交通費支給","・社会保険完備
・住宅手当
・家賃補助
・退職金制度
・家族手当・扶養手当
・健康診断
・特別休暇
・資格取得支援制度","\\✧カジュアル面談実施中です✧/

応募に必要なのは人柄のみです!
まずはあなたのご希望を聞かせてください!

✩.。.....................。.✩
■ 応募からの流れ ■
✩.。.....................。.✩

▶STEP1WEBから1分簡単ご応募!
1~3日以内に担当者よりご連絡いたします。

▶ STEP2カジュアル面談(1回のみ)

▶STEP3採用

※入社日のご相談OKです◎
お気軽にご相談ください!",,即日勤務OK、交通費支給、残業なし,2,任意,生年月日、性別、電話番号,ntf-indeedapplicant-aaaatulx77tci2k2pr5yeqapva@shukatsu-labo.slack.com,,,利用しない,,
募集中,日本マニュファクチャリングサービス株式会社,【未経験】検品・梱包作業/日本マニュファクチャリングサービス株式会社/野田市,倉庫作業スタッフ,20~30代活躍中◎ワークライフバランスも充実！！,,千葉県 野田市,,,正社員,はい,月給,250000,,最低額を表示,なし,,,,,,,固定時間制,160,,厚生年金、健康保険、雇用保険、労災保険,,なし,,,,,,,,,,,,,,,,,,"空調が完備された綺麗な物流センター内で、人気ECサイトで販売されているアパレル商品・生活雑貨・コスメなどの「検品・梱包作業」を担当していただきます。
作業内容は非常にシンプルで、「商品を手に取る」「傷がないかチェックする」「箱や袋に詰める」という基本の3ステップが中心です。重いお荷物の持ち運びはほとんどなく、自分のペースでコツコツ・黙々と進められる軽作業です。
未経験からスタートしたスタッフが9割以上活躍中で、1日〜数日で覚えられる簡単な作業ばかりですので、バイトデビューや久しぶりのお仕事復帰の方も安心してスタートしていただけます。

■ 具体的なお仕事の流れ

1. 検品・チェック作業
入荷された商品や出荷前の商品に問題がないか、確認する作業です。

・外観の目視確認： 商品に傷や汚れ、ほつれ、パッケージの凹みなどが無いかを目視で丁寧にチェックします。
・数量・品番の照合： 納品書や手元のハンディ端末に表示されたデータと、目の前にある商品の種類・個数が合致しているか確認します。
・バーコードスキャン： バーコードリーダーを使って商品を「ピッと」読み取る作業です。機械の操作はスマホ感覚で直感的に行えるため、難しい設定や専門知識は一切不要です。

2. 梱包・箱詰め作業
検品が完了した商品を、お客様のもとへ無事にお届けできるよう綺麗に包んで箱に詰める作業です。

・袋詰め・緩衝材包装： 服やタオルなどの布製品を専用の透明袋に入れたり、壊れやすいコスメ・ガラス製品などをプチプチ（緩衝材）で包みます。
・箱詰め・セット作業： 指定のサイズに合わせたダンボール箱を組み立て、商品が途中で動かないよう丁寧に納めます。
・テープ留め・封かん： ダンボールのフタを閉じ、ガムテープでしっかり留めたら梱包完了です。

3. シール貼り・仕分け作業
出荷に向けた最後の仕上げ作業です。

・ラベル貼り： お届け先の伝票シールや、取扱注意シール（「水濡れ厳禁」「割れ物注意」など）を指定の位置へキレイに貼り付けます。
・出荷先ごとの仕分け： 梱包が終わった箱を、配送地域別や配送業者別に分けられた台車やコンテナへ移します。

■ 1日のタイムスケジュール例（日勤の場合）
09:00〜【朝礼・作業スタート】
本日の連絡事項を確認後、各自の作業台へ移動します。担当する作業（検品または梱包）をスタートします。

12:00〜【お昼休憩（60分）】
清潔な休憩室でランチタイム。電子レンジ・冷蔵庫・自動販売機も完備されており、お弁当の持参も自由です。

13:00〜【午後の作業再開】
午前の続きの作業を行います。自分のデスクで黙々と作業に集中できる時間です。

15:00〜【小休憩（15分）】
身体をほぐしたり水分補給をするリフレッシュタイム。集中力を保ちやすい環境が整っています。

15:15〜【出荷準備・最終仕上げ】
本日発送分の最終チェックと、作業スペースの清掃・整理整頓を行います。

18:00〜【作業終了・定時退勤】
残業は基本的にありません。定時になったら「お疲れ様でした！」とスッキリ帰宅できます。

■ 快適な作業環境と働きやすさのポイント
・1年中快適な空調完備： 冷暖房がしっかり効いたクリーンな倉庫なので、夏は涼しく、冬は暖かく快適に作業できます。
・身体に優しい軽作業： 扱う商品は衣類、コスメ、文房具、小型雑貨などがメインです。重量物の持ち上げ作業はありません。
・充実した設備： 個人用の鍵付きロッカーを完備。休憩室は広々としており、ポットや電子レンジ、フリーWi-Fiも自由に使えます。

■ 未経験者でも安心のサポート体制
入社初日は、安全に関する講習と作業の基本ルールについてのオリエンテーションからスタートします。
現場配属後は、専任の先輩スタッフがマンツーマンでついて実際の作業を見せながら丁寧にレクチャーします。

最初は「シールの貼り方」や「ダンボールの組み立て」といった、特に簡単な作業からお任せしますので、一度にたくさんのことを覚える必要はありません。
作業中に分からないことや迷うことがあっても、すぐ近くにリーダーや先輩スタッフが常駐しているため、「これってどうやるんでしたっけ？」といつでも気軽に質問できる安心の環境です。早ければ半日、遅くても2〜3日程度で一人立ちしてスムーズにお仕事を進められるようになります！","✅ 未経験スタート9割以上！簡単なシンプル作業です
「商品を手に取る」「キズがないか見る」「箱に入れる」など、覚えることはたったこれだけ！複雑な機械操作や難しいルールはありません。
先輩スタッフのほとんどが未経験からのスタートです。特別なスキルや経験は一切不要なので、初めてのアルバイトや久しぶりのお仕事復帰の方も安心してください。

✅ 自分のペースで黙々・コツコツ取り組める！
「接客が苦手…」「一人で集中して作業したい」という方にピッタリの環境です。
ノルマなどもなく、ご自身のペースで作業を進められるので、人間関係のストレスを感じることなくのびのびと働けます。

✅ 重い荷物なし！身体への負担が少ない軽作業
扱う商品は、衣服や生活雑貨、コスメなどの比較的軽いものが中心です。
重いダンボールを持ち運んだり、力仕事をお願いすることはほぼありませんので、年齢・性別問わず無理なく長く続けられるお仕事です。

✅ 空調完備のキレイな倉庫で、1年中快適♪
冷暖房がしっかり効いたクリーンな室内での作業です。
「夏は暑くて汗だく…」「冬は寒くて手がかじかむ…」といった心配は無用！季節や天候に関わらず、いつも快適な温度の中で気持ちよく作業に集中できます。

✅ 充実の設備＆働きやすい環境
鍵付きの個人ロッカーを完備しているほか、広々として清潔な休憩室もご用意しています。
休憩室には電子レンジ・冷蔵庫・ポット・自動販売機を完備しており、お弁当を持参してゆっくりくつろぐことも可能です。スタッフが過ごしやすい環境づくりに力を入れています！","例外事由3号のイにより、長期キャリア形成を図るため、
35歳以下を募集しております。","【勤務時間】
★9:00~18:00
└実働8時間/休憩1時間

定時ダッシュも問題ないです✧
✧ 土日祝休み
✧ 残業月平均:6.5時間以内
✧ 残業代100%支給","✧ 完全週休2日制(土日祝休み)
✧ 年間休日125日
「土日休みはマスト!」ってあなたにも
ぴったりの職場です!

【その他休暇】
✧ 有給休暇
✧ 夏季・冬季休暇
✧ GW休暇
✧ 年末年始休暇",千葉県 野田市,,"月給:25万円~+交通費全額支給

※経験に応じて決定いたします。

# 昇給あり
# 賞与あり
# 残業代100%支給
# 交通費支給","・社会保険完備
・住宅手当
・家賃補助
・退職金制度
・家族手当・扶養手当
・健康診断
・特別休暇
・資格取得支援制度","\\✧カジュアル面談実施中です✧/

応募に必要なのは人柄のみです!
まずはあなたのご希望を聞かせてください!

✩.。.....................。.✩
■ 応募からの流れ ■
✩.。.....................。.✩

▶STEP1WEBから1分簡単ご応募!
1~3日以内に担当者よりご連絡いたします。

▶ STEP2カジュアル面談(1回のみ)

▶STEP3採用

※入社日のご相談OKです◎
お気軽にご相談ください!",,即日勤務OK、交通費支給、残業なし,2,任意,生年月日、性別、電話番号,ntf-indeedapplicant-aaaatulx77tci2k2pr5yeqapva@shukatsu-labo.slack.com,,,利用しない,,
募集中,日本マニュファクチャリングサービス株式会社,【未経験】検品・梱包作業/日本マニュファクチャリングサービス株式会社/成田市,倉庫作業スタッフ,20~30代活躍中◎ワークライフバランスも充実！！,,千葉県 成田市,,,正社員,はい,月給,250000,,最低額を表示,なし,,,,,,,固定時間制,160,,厚生年金、健康保険、雇用保険、労災保険,,なし,,,,,,,,,,,,,,,,,,"空調が完備された綺麗な物流センター内で、人気ECサイトで販売されているアパレル商品・生活雑貨・コスメなどの「検品・梱包作業」を担当していただきます。
作業内容は非常にシンプルで、「商品を手に取る」「傷がないかチェックする」「箱や袋に詰める」という基本の3ステップが中心です。重いお荷物の持ち運びはほとんどなく、自分のペースでコツコツ・黙々と進められる軽作業です。
未経験からスタートしたスタッフが9割以上活躍中で、1日〜数日で覚えられる簡単な作業ばかりですので、バイトデビューや久しぶりのお仕事復帰の方も安心してスタートしていただけます。

■ 具体的なお仕事の流れ

1. 検品・チェック作業
入荷された商品や出荷前の商品に問題がないか、確認する作業です。

・外観の目視確認： 商品に傷や汚れ、ほつれ、パッケージの凹みなどが無いかを目視で丁寧にチェックします。
・数量・品番の照合： 納品書や手元のハンディ端末に表示されたデータと、目の前にある商品の種類・個数が合致しているか確認します。
・バーコードスキャン： バーコードリーダーを使って商品を「ピッと」読み取る作業です。機械の操作はスマホ感覚で直感的に行えるため、難しい設定や専門知識は一切不要です。

2. 梱包・箱詰め作業
検品が完了した商品を、お客様のもとへ無事にお届けできるよう綺麗に包んで箱に詰める作業です。

・袋詰め・緩衝材包装： 服やタオルなどの布製品を専用の透明袋に入れたり、壊れやすいコスメ・ガラス製品などをプチプチ（緩衝材）で包みます。
・箱詰め・セット作業： 指定のサイズに合わせたダンボール箱を組み立て、商品が途中で動かないよう丁寧に納めます。
・テープ留め・封かん： ダンボールのフタを閉じ、ガムテープでしっかり留めたら梱包完了です。

3. シール貼り・仕分け作業
出荷に向けた最後の仕上げ作業です。

・ラベル貼り： お届け先の伝票シールや、取扱注意シール（「水濡れ厳禁」「割れ物注意」など）を指定の位置へキレイに貼り付けます。
・出荷先ごとの仕分け： 梱包が終わった箱を、配送地域別や配送業者別に分けられた台車やコンテナへ移します。

■ 1日のタイムスケジュール例（日勤の場合）
09:00〜【朝礼・作業スタート】
本日の連絡事項を確認後、各自の作業台へ移動します。担当する作業（検品または梱包）をスタートします。

12:00〜【お昼休憩（60分）】
清潔な休憩室でランチタイム。電子レンジ・冷蔵庫・自動販売機も完備されており、お弁当の持参も自由です。

13:00〜【午後の作業再開】
午前の続きの作業を行います。自分のデスクで黙々と作業に集中できる時間です。

15:00〜【小休憩（15分）】
身体をほぐしたり水分補給をするリフレッシュタイム。集中力を保ちやすい環境が整っています。

15:15〜【出荷準備・最終仕上げ】
本日発送分の最終チェックと、作業スペースの清掃・整理整頓を行います。

18:00〜【作業終了・定時退勤】
残業は基本的にありません。定時になったら「お疲れ様でした！」とスッキリ帰宅できます。

■ 快適な作業環境と働きやすさのポイント
・1年中快適な空調完備： 冷暖房がしっかり効いたクリーンな倉庫なので、夏は涼しく、冬は暖かく快適に作業できます。
・身体に優しい軽作業： 扱う商品は衣類、コスメ、文房具、小型雑貨などがメインです。重量物の持ち上げ作業はありません。
・充実した設備： 個人用の鍵付きロッカーを完備。休憩室は広々としており、ポットや電子レンジ、フリーWi-Fiも自由に使えます。

■ 未経験者でも安心のサポート体制
入社初日は、安全に関する講習と作業の基本ルールについてのオリエンテーションからスタートします。
現場配属後は、専任の先輩スタッフがマンツーマンでついて実際の作業を見せながら丁寧にレクチャーします。

最初は「シールの貼り方」や「ダンボールの組み立て」といった、特に簡単な作業からお任せしますので、一度にたくさんのことを覚える必要はありません。
作業中に分からないことや迷うことがあっても、すぐ近くにリーダーや先輩スタッフが常駐しているため、「これってどうやるんでしたっけ？」といつでも気軽に質問できる安心の環境です。早ければ半日、遅くても2〜3日程度で一人立ちしてスムーズにお仕事を進められるようになります！","✅ 未経験スタート9割以上！簡単なシンプル作業です
「商品を手に取る」「キズがないか見る」「箱に入れる」など、覚えることはたったこれだけ！複雑な機械操作や難しいルールはありません。
先輩スタッフのほとんどが未経験からのスタートです。特別なスキルや経験は一切不要なので、初めてのアルバイトや久しぶりのお仕事復帰の方も安心してください。

✅ 自分のペースで黙々・コツコツ取り組める！
「接客が苦手…」「一人で集中して作業したい」という方にピッタリの環境です。
ノルマなどもなく、ご自身のペースで作業を進められるので、人間関係のストレスを感じることなくのびのびと働けます。

✅ 重い荷物なし！身体への負担が少ない軽作業
扱う商品は、衣服や生活雑貨、コスメなどの比較的軽いものが中心です。
重いダンボールを持ち運んだり、力仕事をお願いすることはほぼありませんので、年齢・性別問わず無理なく長く続けられるお仕事です。

✅ 空調完備のキレイな倉庫で、1年中快適♪
冷暖房がしっかり効いたクリーンな室内での作業です。
「夏は暑くて汗だく…」「冬は寒くて手がかじかむ…」といった心配は無用！季節や天候に関わらず、いつも快適な温度の中で気持ちよく作業に集中できます。

✅ 充実の設備＆働きやすい環境
鍵付きの個人ロッカーを完備しているほか、広々として清潔な休憩室もご用意しています。
休憩室には電子レンジ・冷蔵庫・ポット・自動販売機を完備しており、お弁当を持参してゆっくりくつろぐことも可能です。スタッフが過ごしやすい環境づくりに力を入れています！","例外事由3号のイにより、長期キャリア形成を図るため、
35歳以下を募集しております。","【勤務時間】
★9:00~18:00
└実働8時間/休憩1時間

定時ダッシュも問題ないです✧
✧ 土日祝休み
✧ 残業月平均:6.5時間以内
✧ 残業代100%支給","✧ 完全週休2日制(土日祝休み)
✧ 年間休日125日
「土日休みはマスト!」ってあなたにも
ぴったりの職場です!

【その他休暇】
✧ 有給休暇
✧ 夏季・冬季休暇
✧ GW休暇
✧ 年末年始休暇",千葉県 成田市,,"月給:25万円~+交通費全額支給

※経験に応じて決定いたします。

# 昇給あり
# 賞与あり
# 残業代100%支給
# 交通費支給","・社会保険完備
・住宅手当
・家賃補助
・退職金制度
・家族手当・扶養手当
・健康診断
・特別休暇
・資格取得支援制度","\\✧カジュアル面談実施中です✧/

応募に必要なのは人柄のみです!
まずはあなたのご希望を聞かせてください!

✩.。.....................。.✩
■ 応募からの流れ ■
✩.。.....................。.✩

▶STEP1WEBから1分簡単ご応募!
1~3日以内に担当者よりご連絡いたします。

▶ STEP2カジュアル面談(1回のみ)

▶STEP3採用

※入社日のご相談OKです◎
お気軽にご相談ください!",,即日勤務OK、交通費支給、残業なし,2,任意,生年月日、性別、電話番号,ntf-indeedapplicant-aaaatulx77tci2k2pr5yeqapva@shukatsu-labo.slack.com,,,利用しない,,
募集中,日本マニュファクチャリングサービス株式会社,【未経験】検品・梱包作業/日本マニュファクチャリングサービス株式会社/佐倉市,倉庫作業スタッフ,20~30代活躍中◎ワークライフバランスも充実！！,,千葉県 佐倉市,,,正社員,はい,月給,250000,,最低額を表示,なし,,,,,,,固定時間制,160,,厚生年金、健康保険、雇用保険、労災保険,,なし,,,,,,,,,,,,,,,,,,"空調が完備された綺麗な物流センター内で、人気ECサイトで販売されているアパレル商品・生活雑貨・コスメなどの「検品・梱包作業」を担当していただきます。
作業内容は非常にシンプルで、「商品を手に取る」「傷がないかチェックする」「箱や袋に詰める」という基本の3ステップが中心です。重いお荷物の持ち運びはほとんどなく、自分のペースでコツコツ・黙々と進められる軽作業です。
未経験からスタートしたスタッフが9割以上活躍中で、1日〜数日で覚えられる簡単な作業ばかりですので、バイトデビューや久しぶりのお仕事復帰の方も安心してスタートしていただけます。

■ 具体的なお仕事の流れ

1. 検品・チェック作業
入荷された商品や出荷前の商品に問題がないか、確認する作業です。

・外観の目視確認： 商品に傷や汚れ、ほつれ、パッケージの凹みなどが無いかを目視で丁寧にチェックします。
・数量・品番の照合： 納品書や手元のハンディ端末に表示されたデータと、目の前にある商品の種類・個数が合致しているか確認します。
・バーコードスキャン： バーコードリーダーを使って商品を「ピッと」読み取る作業です。機械の操作はスマホ感覚で直感的に行えるため、難しい設定や専門知識は一切不要です。

2. 梱包・箱詰め作業
検品が完了した商品を、お客様のもとへ無事にお届けできるよう綺麗に包んで箱に詰める作業です。

・袋詰め・緩衝材包装： 服やタオルなどの布製品を専用の透明袋に入れたり、壊れやすいコスメ・ガラス製品などをプチプチ（緩衝材）で包みます。
・箱詰め・セット作業： 指定のサイズに合わせたダンボール箱を組み立て、商品が途中で動かないよう丁寧に納めます。
・テープ留め・封かん： ダンボールのフタを閉じ、ガムテープでしっかり留めたら梱包完了です。

3. シール貼り・仕分け作業
出荷に向けた最後の仕上げ作業です。

・ラベル貼り： お届け先の伝票シールや、取扱注意シール（「水濡れ厳禁」「割れ物注意」など）を指定の位置へキレイに貼り付けます。
・出荷先ごとの仕分け： 梱包が終わった箱を、配送地域別や配送業者別に分けられた台車やコンテナへ移します。

■ 1日のタイムスケジュール例（日勤の場合）
09:00〜【朝礼・作業スタート】
本日の連絡事項を確認後、各自の作業台へ移動します。担当する作業（検品または梱包）をスタートします。

12:00〜【お昼休憩（60分）】
清潔な休憩室でランチタイム。電子レンジ・冷蔵庫・自動販売機も完備されており、お弁当の持参も自由です。

13:00〜【午後の作業再開】
午前の続きの作業を行います。自分のデスクで黙々と作業に集中できる時間です。

15:00〜【小休憩（15分）】
身体をほぐしたり水分補給をするリフレッシュタイム。集中力を保ちやすい環境が整っています。

15:15〜【出荷準備・最終仕上げ】
本日発送分の最終チェックと、作業スペースの清掃・整理整頓を行います。

18:00〜【作業終了・定時退勤】
残業は基本的にありません。定時になったら「お疲れ様でした！」とスッキリ帰宅できます。

■ 快適な作業環境と働きやすさのポイント
・1年中快適な空調完備： 冷暖房がしっかり効いたクリーンな倉庫なので、夏は涼しく、冬は暖かく快適に作業できます。
・身体に優しい軽作業： 扱う商品は衣類、コスメ、文房具、小型雑貨などがメインです。重量物の持ち上げ作業はありません。
・充実した設備： 個人用の鍵付きロッカーを完備。休憩室は広々としており、ポットや電子レンジ、フリーWi-Fiも自由に使えます。

■ 未経験者でも安心のサポート体制
入社初日は、安全に関する講習と作業の基本ルールについてのオリエンテーションからスタートします。
現場配属後は、専任の先輩スタッフがマンツーマンでついて実際の作業を見せながら丁寧にレクチャーします。

最初は「シールの貼り方」や「ダンボールの組み立て」といった、特に簡単な作業からお任せしますので、一度にたくさんのことを覚える必要はありません。
作業中に分からないことや迷うことがあっても、すぐ近くにリーダーや先輩スタッフが常駐しているため、「これってどうやるんでしたっけ？」といつでも気軽に質問できる安心の環境です。早ければ半日、遅くても2〜3日程度で一人立ちしてスムーズにお仕事を進められるようになります！","✅ 未経験スタート9割以上！簡単なシンプル作業です
「商品を手に取る」「キズがないか見る」「箱に入れる」など、覚えることはたったこれだけ！複雑な機械操作や難しいルールはありません。
先輩スタッフのほとんどが未経験からのスタートです。特別なスキルや経験は一切不要なので、初めてのアルバイトや久しぶりのお仕事復帰の方も安心してください。

✅ 自分のペースで黙々・コツコツ取り組める！
「接客が苦手…」「一人で集中して作業したい」という方にピッタリの環境です。
ノルマなどもなく、ご自身のペースで作業を進められるので、人間関係のストレスを感じることなくのびのびと働けます。

✅ 重い荷物なし！身体への負担が少ない軽作業
扱う商品は、衣服や生活雑貨、コスメなどの比較的軽いものが中心です。
重いダンボールを持ち運んだり、力仕事をお願いすることはほぼありませんので、年齢・性別問わず無理なく長く続けられるお仕事です。

✅ 空調完備のキレイな倉庫で、1年中快適♪
冷暖房がしっかり効いたクリーンな室内での作業です。
「夏は暑くて汗だく…」「冬は寒くて手がかじかむ…」といった心配は無用！季節や天候に関わらず、いつも快適な温度の中で気持ちよく作業に集中できます。

✅ 充実の設備＆働きやすい環境
鍵付きの個人ロッカーを完備しているほか、広々として清潔な休憩室もご用意しています。
休憩室には電子レンジ・冷蔵庫・ポット・自動販売機を完備しており、お弁当を持参してゆっくりくつろぐことも可能です。スタッフが過ごしやすい環境づくりに力を入れています！","例外事由3号のイにより、長期キャリア形成を図るため、
35歳以下を募集しております。","【勤務時間】
★9:00~18:00
└実働8時間/休憩1時間

定時ダッシュも問題ないです✧
✧ 土日祝休み
✧ 残業月平均:6.5時間以内
✧ 残業代100%支給","✧ 完全週休2日制(土日祝休み)
✧ 年間休日125日
「土日休みはマスト!」ってあなたにも
ぴったりの職場です!

【その他休暇】
✧ 有給休暇
✧ 夏季・冬季休暇
✧ GW休暇
✧ 年末年始休暇",千葉県 佐倉市,,"月給:25万円~+交通費全額支給

※経験に応じて決定いたします。

# 昇給あり
# 賞与あり
# 残業代100%支給
# 交通費支給","・社会保険完備
・住宅手当
・家賃補助
・退職金制度
・家族手当・扶養手当
・健康診断
・特別休暇
・資格取得支援制度","\\✧カジュアル面談実施中です✧/

応募に必要なのは人柄のみです!
まずはあなたのご希望を聞かせてください!

✩.。.....................。.✩
■ 応募からの流れ ■
✩.。.....................。.✩

▶STEP1WEBから1分簡単ご応募!
1~3日以内に担当者よりご連絡いたします。

▶ STEP2カジュアル面談(1回のみ)

▶STEP3採用

※入社日のご相談OKです◎
お気軽にご相談ください!",,即日勤務OK、交通費支給、残業なし,2,任意,生年月日、性別、電話番号,ntf-indeedapplicant-aaaatulx77tci2k2pr5yeqapva@shukatsu-labo.slack.com,,,利用しない,,
募集中,日本マニュファクチャリングサービス株式会社,【未経験】検品・梱包作業/日本マニュファクチャリングサービス株式会社/習志野市,倉庫作業スタッフ,20~30代活躍中◎ワークライフバランスも充実！！,,千葉県 習志野市,,,正社員,はい,月給,250000,,最低額を表示,なし,,,,,,,固定時間制,160,,厚生年金、健康保険、雇用保険、労災保険,,なし,,,,,,,,,,,,,,,,,,"空調が完備された綺麗な物流センター内で、人気ECサイトで販売されているアパレル商品・生活雑貨・コスメなどの「検品・梱包作業」を担当していただきます。
作業内容は非常にシンプルで、「商品を手に取る」「傷がないかチェックする」「箱や袋に詰める」という基本の3ステップが中心です。重いお荷物の持ち運びはほとんどなく、自分のペースでコツコツ・黙々と進められる軽作業です。
未経験からスタートしたスタッフが9割以上活躍中で、1日〜数日で覚えられる簡単な作業ばかりですので、バイトデビューや久しぶりのお仕事復帰の方も安心してスタートしていただけます。

■ 具体的なお仕事の流れ

1. 検品・チェック作業
入荷された商品や出荷前の商品に問題がないか、確認する作業です。

・外観の目視確認： 商品に傷や汚れ、ほつれ、パッケージの凹みなどが無いかを目視で丁寧にチェックします。
・数量・品番の照合： 納品書や手元のハンディ端末に表示されたデータと、目の前にある商品の種類・個数が合致しているか確認します。
・バーコードスキャン： バーコードリーダーを使って商品を「ピッと」読み取る作業です。機械の操作はスマホ感覚で直感的に行えるため、難しい設定や専門知識は一切不要です。

2. 梱包・箱詰め作業
検品が完了した商品を、お客様のもとへ無事にお届けできるよう綺麗に包んで箱に詰める作業です。

・袋詰め・緩衝材包装： 服やタオルなどの布製品を専用の透明袋に入れたり、壊れやすいコスメ・ガラス製品などをプチプチ（緩衝材）で包みます。
・箱詰め・セット作業： 指定のサイズに合わせたダンボール箱を組み立て、商品が途中で動かないよう丁寧に納めます。
・テープ留め・封かん： ダンボールのフタを閉じ、ガムテープでしっかり留めたら梱包完了です。

3. シール貼り・仕分け作業
出荷に向けた最後の仕上げ作業です。

・ラベル貼り： お届け先の伝票シールや、取扱注意シール（「水濡れ厳禁」「割れ物注意」など）を指定の位置へキレイに貼り付けます。
・出荷先ごとの仕分け： 梱包が終わった箱を、配送地域別や配送業者別に分けられた台車やコンテナへ移します。

■ 1日のタイムスケジュール例（日勤の場合）
09:00〜【朝礼・作業スタート】
本日の連絡事項を確認後、各自の作業台へ移動します。担当する作業（検品または梱包）をスタートします。

12:00〜【お昼休憩（60分）】
清潔な休憩室でランチタイム。電子レンジ・冷蔵庫・自動販売機も完備されており、お弁当の持参も自由です。

13:00〜【午後の作業再開】
午前の続きの作業を行います。自分のデスクで黙々と作業に集中できる時間です。

15:00〜【小休憩（15分）】
身体をほぐしたり水分補給をするリフレッシュタイム。集中力を保ちやすい環境が整っています。

15:15〜【出荷準備・最終仕上げ】
本日発送分の最終チェックと、作業スペースの清掃・整理整頓を行います。

18:00〜【作業終了・定時退勤】
残業は基本的にありません。定時になったら「お疲れ様でした！」とスッキリ帰宅できます。

■ 快適な作業環境と働きやすさのポイント
・1年中快適な空調完備： 冷暖房がしっかり効いたクリーンな倉庫なので、夏は涼しく、冬は暖かく快適に作業できます。
・身体に優しい軽作業： 扱う商品は衣類、コスメ、文房具、小型雑貨などがメインです。重量物の持ち上げ作業はありません。
・充実した設備： 個人用の鍵付きロッカーを完備。休憩室は広々としており、ポットや電子レンジ、フリーWi-Fiも自由に使えます。

■ 未経験者でも安心のサポート体制
入社初日は、安全に関する講習と作業の基本ルールについてのオリエンテーションからスタートします。
現場配属後は、専任の先輩スタッフがマンツーマンでついて実際の作業を見せながら丁寧にレクチャーします。

最初は「シールの貼り方」や「ダンボールの組み立て」といった、特に簡単な作業からお任せしますので、一度にたくさんのことを覚える必要はありません。
作業中に分からないことや迷うことがあっても、すぐ近くにリーダーや先輩スタッフが常駐しているため、「これってどうやるんでしたっけ？」といつでも気軽に質問できる安心の環境です。早ければ半日、遅くても2〜3日程度で一人立ちしてスムーズにお仕事を進められるようになります！","✅ 未経験スタート9割以上！簡単なシンプル作業です
「商品を手に取る」「キズがないか見る」「箱に入れる」など、覚えることはたったこれだけ！複雑な機械操作や難しいルールはありません。
先輩スタッフのほとんどが未経験からのスタートです。特別なスキルや経験は一切不要なので、初めてのアルバイトや久しぶりのお仕事復帰の方も安心してください。

✅ 自分のペースで黙々・コツコツ取り組める！
「接客が苦手…」「一人で集中して作業したい」という方にピッタリの環境です。
ノルマなどもなく、ご自身のペースで作業を進められるので、人間関係のストレスを感じることなくのびのびと働けます。

✅ 重い荷物なし！身体への負担が少ない軽作業
扱う商品は、衣服や生活雑貨、コスメなどの比較的軽いものが中心です。
重いダンボールを持ち運んだり、力仕事をお願いすることはほぼありませんので、年齢・性別問わず無理なく長く続けられるお仕事です。

✅ 空調完備のキレイな倉庫で、1年中快適♪
冷暖房がしっかり効いたクリーンな室内での作業です。
「夏は暑くて汗だく…」「冬は寒くて手がかじかむ…」といった心配は無用！季節や天候に関わらず、いつも快適な温度の中で気持ちよく作業に集中できます。

✅ 充実の設備＆働きやすい環境
鍵付きの個人ロッカーを完備しているほか、広々として清潔な休憩室もご用意しています。
休憩室には電子レンジ・冷蔵庫・ポット・自動販売機を完備しており、お弁当を持参してゆっくりくつろぐことも可能です。スタッフが過ごしやすい環境づくりに力を入れています！","例外事由3号のイにより、長期キャリア形成を図るため、
35歳以下を募集しております。","【勤務時間】
★9:00~18:00
└実働8時間/休憩1時間

定時ダッシュも問題ないです✧
✧ 土日祝休み
✧ 残業月平均:6.5時間以内
✧ 残業代100%支給","✧ 完全週休2日制(土日祝休み)
✧ 年間休日125日
「土日休みはマスト!」ってあなたにも
ぴったりの職場です!

【その他休暇】
✧ 有給休暇
✧ 夏季・冬季休暇
✧ GW休暇
✧ 年末年始休暇",千葉県 習志野市,,"月給:25万円~+交通費全額支給

※経験に応じて決定いたします。

# 昇給あり
# 賞与あり
# 残業代100%支給
# 交通費支給","・社会保険完備
・住宅手当
・家賃補助
・退職金制度
・家族手当・扶養手当
・健康診断
・特別休暇
・資格取得支援制度","\\✧カジュアル面談実施中です✧/

応募に必要なのは人柄のみです!
まずはあなたのご希望を聞かせてください!

✩.。.....................。.✩
■ 応募からの流れ ■
✩.。.....................。.✩

▶STEP1WEBから1分簡単ご応募!
1~3日以内に担当者よりご連絡いたします。

▶ STEP2カジュアル面談(1回のみ)

▶STEP3採用

※入社日のご相談OKです◎
お気軽にご相談ください!",,即日勤務OK、交通費支給、残業なし,2,任意,生年月日、性別、電話番号,ntf-indeedapplicant-aaaatulx77tci2k2pr5yeqapva@shukatsu-labo.slack.com,,,利用しない,,
募集中,日本マニュファクチャリングサービス株式会社,【未経験】検品・梱包作業/日本マニュファクチャリングサービス株式会社/柏市,倉庫作業スタッフ,20~30代活躍中◎ワークライフバランスも充実！！,,千葉県 柏市,,,正社員,はい,月給,250000,,最低額を表示,なし,,,,,,,固定時間制,160,,厚生年金、健康保険、雇用保険、労災保険,,なし,,,,,,,,,,,,,,,,,,"空調が完備された綺麗な物流センター内で、人気ECサイトで販売されているアパレル商品・生活雑貨・コスメなどの「検品・梱包作業」を担当していただきます。
作業内容は非常にシンプルで、「商品を手に取る」「傷がないかチェックする」「箱や袋に詰める」という基本の3ステップが中心です。重いお荷物の持ち運びはほとんどなく、自分のペースでコツコツ・黙々と進められる軽作業です。
未経験からスタートしたスタッフが9割以上活躍中で、1日〜数日で覚えられる簡単な作業ばかりですので、バイトデビューや久しぶりのお仕事復帰の方も安心してスタートしていただけます。

■ 具体的なお仕事の流れ

1. 検品・チェック作業
入荷された商品や出荷前の商品に問題がないか、確認する作業です。

・外観の目視確認： 商品に傷や汚れ、ほつれ、パッケージの凹みなどが無いかを目視で丁寧にチェックします。
・数量・品番の照合： 納品書や手元のハンディ端末に表示されたデータと、目の前にある商品の種類・個数が合致しているか確認します。
・バーコードスキャン： バーコードリーダーを使って商品を「ピッと」読み取る作業です。機械の操作はスマホ感覚で直感的に行えるため、難しい設定や専門知識は一切不要です。

2. 梱包・箱詰め作業
検品が完了した商品を、お客様のもとへ無事にお届けできるよう綺麗に包んで箱に詰める作業です。

・袋詰め・緩衝材包装： 服やタオルなどの布製品を専用の透明袋に入れたり、壊れやすいコスメ・ガラス製品などをプチプチ（緩衝材）で包みます。
・箱詰め・セット作業： 指定のサイズに合わせたダンボール箱を組み立て、商品が途中で動かないよう丁寧に納めます。
・テープ留め・封かん： ダンボールのフタを閉じ、ガムテープでしっかり留めたら梱包完了です。

3. シール貼り・仕分け作業
出荷に向けた最後の仕上げ作業です。

・ラベル貼り： お届け先の伝票シールや、取扱注意シール（「水濡れ厳禁」「割れ物注意」など）を指定の位置へキレイに貼り付けます。
・出荷先ごとの仕分け： 梱包が終わった箱を、配送地域別や配送業者別に分けられた台車やコンテナへ移します。

■ 1日のタイムスケジュール例（日勤の場合）
09:00〜【朝礼・作業スタート】
本日の連絡事項を確認後、各自の作業台へ移動します。担当する作業（検品または梱包）をスタートします。

12:00〜【お昼休憩（60分）】
清潔な休憩室でランチタイム。電子レンジ・冷蔵庫・自動販売機も完備されており、お弁当の持参も自由です。

13:00〜【午後の作業再開】
午前の続きの作業を行います。自分のデスクで黙々と作業に集中できる時間です。

15:00〜【小休憩（15分）】
身体をほぐしたり水分補給をするリフレッシュタイム。集中力を保ちやすい環境が整っています。

15:15〜【出荷準備・最終仕上げ】
本日発送分の最終チェックと、作業スペースの清掃・整理整頓を行います。

18:00〜【作業終了・定時退勤】
残業は基本的にありません。定時になったら「お疲れ様でした！」とスッキリ帰宅できます。

■ 快適な作業環境と働きやすさのポイント
・1年中快適な空調完備： 冷暖房がしっかり効いたクリーンな倉庫なので、夏は涼しく、冬は暖かく快適に作業できます。
・身体に優しい軽作業： 扱う商品は衣類、コスメ、文房具、小型雑貨などがメインです。重量物の持ち上げ作業はありません。
・充実した設備： 個人用の鍵付きロッカーを完備。休憩室は広々としており、ポットや電子レンジ、フリーWi-Fiも自由に使えます。

■ 未経験者でも安心のサポート体制
入社初日は、安全に関する講習と作業の基本ルールについてのオリエンテーションからスタートします。
現場配属後は、専任の先輩スタッフがマンツーマンでついて実際の作業を見せながら丁寧にレクチャーします。

最初は「シールの貼り方」や「ダンボールの組み立て」といった、特に簡単な作業からお任せしますので、一度にたくさんのことを覚える必要はありません。
作業中に分からないことや迷うことがあっても、すぐ近くにリーダーや先輩スタッフが常駐しているため、「これってどうやるんでしたっけ？」といつでも気軽に質問できる安心の環境です。早ければ半日、遅くても2〜3日程度で一人立ちしてスムーズにお仕事を進められるようになります！","✅ 未経験スタート9割以上！簡単なシンプル作業です
「商品を手に取る」「キズがないか見る」「箱に入れる」など、覚えることはたったこれだけ！複雑な機械操作や難しいルールはありません。
先輩スタッフのほとんどが未経験からのスタートです。特別なスキルや経験は一切不要なので、初めてのアルバイトや久しぶりのお仕事復帰の方も安心してください。

✅ 自分のペースで黙々・コツコツ取り組める！
「接客が苦手…」「一人で集中して作業したい」という方にピッタリの環境です。
ノルマなどもなく、ご自身のペースで作業を進められるので、人間関係のストレスを感じることなくのびのびと働けます。

✅ 重い荷物なし！身体への負担が少ない軽作業
扱う商品は、衣服や生活雑貨、コスメなどの比較的軽いものが中心です。
重いダンボールを持ち運んだり、力仕事をお願いすることはほぼありませんので、年齢・性別問わず無理なく長く続けられるお仕事です。

✅ 空調完備のキレイな倉庫で、1年中快適♪
冷暖房がしっかり効いたクリーンな室内での作業です。
「夏は暑くて汗だく…」「冬は寒くて手がかじかむ…」といった心配は無用！季節や天候に関わらず、いつも快適な温度の中で気持ちよく作業に集中できます。

✅ 充実の設備＆働きやすい環境
鍵付きの個人ロッカーを完備しているほか、広々として清潔な休憩室もご用意しています。
休憩室には電子レンジ・冷蔵庫・ポット・自動販売機を完備しており、お弁当を持参してゆっくりくつろぐことも可能です。スタッフが過ごしやすい環境づくりに力を入れています！","例外事由3号のイにより、長期キャリア形成を図るため、
35歳以下を募集しております。","【勤務時間】
★9:00~18:00
└実働8時間/休憩1時間

定時ダッシュも問題ないです✧
✧ 土日祝休み
✧ 残業月平均:6.5時間以内
✧ 残業代100%支給","✧ 完全週休2日制(土日祝休み)
✧ 年間休日125日
「土日休みはマスト!」ってあなたにも
ぴったりの職場です!

【その他休暇】
✧ 有給休暇
✧ 夏季・冬季休暇
✧ GW休暇
✧ 年末年始休暇",千葉県 柏市,,"月給:25万円~+交通費全額支給

※経験に応じて決定いたします。

# 昇給あり
# 賞与あり
# 残業代100%支給
# 交通費支給","・社会保険完備
・住宅手当
・家賃補助
・退職金制度
・家族手当・扶養手当
・健康診断
・特別休暇
・資格取得支援制度","\\✧カジュアル面談実施中です✧/

応募に必要なのは人柄のみです!
まずはあなたのご希望を聞かせてください!

✩.。.....................。.✩
■ 応募からの流れ ■
✩.。.....................。.✩

▶STEP1WEBから1分簡単ご応募!
1~3日以内に担当者よりご連絡いたします。

▶ STEP2カジュアル面談(1回のみ)

▶STEP3採用

※入社日のご相談OKです◎
お気軽にご相談ください!",,即日勤務OK、交通費支給、残業なし,2,任意,生年月日、性別、電話番号,ntf-indeedapplicant-aaaatulx77tci2k2pr5yeqapva@shukatsu-labo.slack.com,,,利用しない,,
募集中,日本マニュファクチャリングサービス株式会社,【未経験】検品・梱包作業/日本マニュファクチャリングサービス株式会社/市原市,倉庫作業スタッフ,20~30代活躍中◎ワークライフバランスも充実！！,,千葉県 市原市,,,正社員,はい,月給,250000,,最低額を表示,なし,,,,,,,固定時間制,160,,厚生年金、健康保険、雇用保険、労災保険,,なし,,,,,,,,,,,,,,,,,,"空調が完備された綺麗な物流センター内で、人気ECサイトで販売されているアパレル商品・生活雑貨・コスメなどの「検品・梱包作業」を担当していただきます。
作業内容は非常にシンプルで、「商品を手に取る」「傷がないかチェックする」「箱や袋に詰める」という基本の3ステップが中心です。重いお荷物の持ち運びはほとんどなく、自分のペースでコツコツ・黙々と進められる軽作業です。
未経験からスタートしたスタッフが9割以上活躍中で、1日〜数日で覚えられる簡単な作業ばかりですので、バイトデビューや久しぶりのお仕事復帰の方も安心してスタートしていただけます。

■ 具体的なお仕事の流れ

1. 検品・チェック作業
入荷された商品や出荷前の商品に問題がないか、確認する作業です。

・外観の目視確認： 商品に傷や汚れ、ほつれ、パッケージの凹みなどが無いかを目視で丁寧にチェックします。
・数量・品番の照合： 納品書や手元のハンディ端末に表示されたデータと、目の前にある商品の種類・個数が合致しているか確認します。
・バーコードスキャン： バーコードリーダーを使って商品を「ピッと」読み取る作業です。機械の操作はスマホ感覚で直感的に行えるため、難しい設定や専門知識は一切不要です。

2. 梱包・箱詰め作業
検品が完了した商品を、お客様のもとへ無事にお届けできるよう綺麗に包んで箱に詰める作業です。

・袋詰め・緩衝材包装： 服やタオルなどの布製品を専用の透明袋に入れたり、壊れやすいコスメ・ガラス製品などをプチプチ（緩衝材）で包みます。
・箱詰め・セット作業： 指定のサイズに合わせたダンボール箱を組み立て、商品が途中で動かないよう丁寧に納めます。
・テープ留め・封かん： ダンボールのフタを閉じ、ガムテープでしっかり留めたら梱包完了です。

3. シール貼り・仕分け作業
出荷に向けた最後の仕上げ作業です。

・ラベル貼り： お届け先の伝票シールや、取扱注意シール（「水濡れ厳禁」「割れ物注意」など）を指定の位置へキレイに貼り付けます。
・出荷先ごとの仕分け： 梱包が終わった箱を、配送地域別や配送業者別に分けられた台車やコンテナへ移します。

■ 1日のタイムスケジュール例（日勤の場合）
09:00〜【朝礼・作業スタート】
本日の連絡事項を確認後、各自の作業台へ移動します。担当する作業（検品または梱包）をスタートします。

12:00〜【お昼休憩（60分）】
清潔な休憩室でランチタイム。電子レンジ・冷蔵庫・自動販売機も完備されており、お弁当の持参も自由です。

13:00〜【午後の作業再開】
午前の続きの作業を行います。自分のデスクで黙々と作業に集中できる時間です。

15:00〜【小休憩（15分）】
身体をほぐしたり水分補給をするリフレッシュタイム。集中力を保ちやすい環境が整っています。

15:15〜【出荷準備・最終仕上げ】
本日発送分の最終チェックと、作業スペースの清掃・整理整頓を行います。

18:00〜【作業終了・定時退勤】
残業は基本的にありません。定時になったら「お疲れ様でした！」とスッキリ帰宅できます。

■ 快適な作業環境と働きやすさのポイント
・1年中快適な空調完備： 冷暖房がしっかり効いたクリーンな倉庫なので、夏は涼しく、冬は暖かく快適に作業できます。
・身体に優しい軽作業： 扱う商品は衣類、コスメ、文房具、小型雑貨などがメインです。重量物の持ち上げ作業はありません。
・充実した設備： 個人用の鍵付きロッカーを完備。休憩室は広々としており、ポットや電子レンジ、フリーWi-Fiも自由に使えます。

■ 未経験者でも安心のサポート体制
入社初日は、安全に関する講習と作業の基本ルールについてのオリエンテーションからスタートします。
現場配属後は、専任の先輩スタッフがマンツーマンでついて実際の作業を見せながら丁寧にレクチャーします。

最初は「シールの貼り方」や「ダンボールの組み立て」といった、特に簡単な作業からお任せしますので、一度にたくさんのことを覚える必要はありません。
作業中に分からないことや迷うことがあっても、すぐ近くにリーダーや先輩スタッフが常駐しているため、「これってどうやるんでしたっけ？」といつでも気軽に質問できる安心の環境です。早ければ半日、遅くても2〜3日程度で一人立ちしてスムーズにお仕事を進められるようになります！","✅ 未経験スタート9割以上！簡単なシンプル作業です
「商品を手に取る」「キズがないか見る」「箱に入れる」など、覚えることはたったこれだけ！複雑な機械操作や難しいルールはありません。
先輩スタッフのほとんどが未経験からのスタートです。特別なスキルや経験は一切不要なので、初めてのアルバイトや久しぶりのお仕事復帰の方も安心してください。

✅ 自分のペースで黙々・コツコツ取り組める！
「接客が苦手…」「一人で集中して作業したい」という方にピッタリの環境です。
ノルマなどもなく、ご自身のペースで作業を進められるので、人間関係のストレスを感じることなくのびのびと働けます。

✅ 重い荷物なし！身体への負担が少ない軽作業
扱う商品は、衣服や生活雑貨、コスメなどの比較的軽いものが中心です。
重いダンボールを持ち運んだり、力仕事をお願いすることはほぼありませんので、年齢・性別問わず無理なく長く続けられるお仕事です。

✅ 空調完備のキレイな倉庫で、1年中快適♪
冷暖房がしっかり効いたクリーンな室内での作業です。
「夏は暑くて汗だく…」「冬は寒くて手がかじかむ…」といった心配は無用！季節や天候に関わらず、いつも快適な温度の中で気持ちよく作業に集中できます。

✅ 充実の設備＆働きやすい環境
鍵付きの個人ロッカーを完備しているほか、広々として清潔な休憩室もご用意しています。
休憩室には電子レンジ・冷蔵庫・ポット・自動販売機を完備しており、お弁当を持参してゆっくりくつろぐことも可能です。スタッフが過ごしやすい環境づくりに力を入れています！","例外事由3号のイにより、長期キャリア形成を図るため、
35歳以下を募集しております。","【勤務時間】
★9:00~18:00
└実働8時間/休憩1時間

定時ダッシュも問題ないです✧
✧ 土日祝休み
✧ 残業月平均:6.5時間以内
✧ 残業代100%支給","✧ 完全週休2日制(土日祝休み)
✧ 年間休日125日
「土日休みはマスト!」ってあなたにも
ぴったりの職場です!

【その他休暇】
✧ 有給休暇
✧ 夏季・冬季休暇
✧ GW休暇
✧ 年末年始休暇",千葉県 市原市,,"月給:25万円~+交通費全額支給

※経験に応じて決定いたします。

# 昇給あり
# 賞与あり
# 残業代100%支給
# 交通費支給","・社会保険完備
・住宅手当
・家賃補助
・退職金制度
・家族手当・扶養手当
・健康診断
・特別休暇
・資格取得支援制度","\\✧カジュアル面談実施中です✧/

応募に必要なのは人柄のみです!
まずはあなたのご希望を聞かせてください!

✩.。.....................。.✩
■ 応募からの流れ ■
✩.。.....................。.✩

▶STEP1WEBから1分簡単ご応募!
1~3日以内に担当者よりご連絡いたします。

▶ STEP2カジュアル面談(1回のみ)

▶STEP3採用

※入社日のご相談OKです◎
お気軽にご相談ください!",,即日勤務OK、交通費支給、残業なし,2,任意,生年月日、性別、電話番号,ntf-indeedapplicant-aaaatulx77tci2k2pr5yeqapva@shukatsu-labo.slack.com,,,利用しない,,
募集中,日本マニュファクチャリングサービス株式会社,【未経験】検品・梱包作業/日本マニュファクチャリングサービス株式会社/八千代市,倉庫作業スタッフ,20~30代活躍中◎ワークライフバランスも充実！！,,千葉県 八千代市,,,正社員,はい,月給,250000,,最低額を表示,なし,,,,,,,固定時間制,160,,厚生年金、健康保険、雇用保険、労災保険,,なし,,,,,,,,,,,,,,,,,,"空調が完備された綺麗な物流センター内で、人気ECサイトで販売されているアパレル商品・生活雑貨・コスメなどの「検品・梱包作業」を担当していただきます。
作業内容は非常にシンプルで、「商品を手に取る」「傷がないかチェックする」「箱や袋に詰める」という基本の3ステップが中心です。重いお荷物の持ち運びはほとんどなく、自分のペースでコツコツ・黙々と進められる軽作業です。
未経験からスタートしたスタッフが9割以上活躍中で、1日〜数日で覚えられる簡単な作業ばかりですので、バイトデビューや久しぶりのお仕事復帰の方も安心してスタートしていただけます。

■ 具体的なお仕事の流れ

1. 検品・チェック作業
入荷された商品や出荷前の商品に問題がないか、確認する作業です。

・外観の目視確認： 商品に傷や汚れ、ほつれ、パッケージの凹みなどが無いかを目視で丁寧にチェックします。
・数量・品番の照合： 納品書や手元のハンディ端末に表示されたデータと、目の前にある商品の種類・個数が合致しているか確認します。
・バーコードスキャン： バーコードリーダーを使って商品を「ピッと」読み取る作業です。機械の操作はスマホ感覚で直感的に行えるため、難しい設定や専門知識は一切不要です。

2. 梱包・箱詰め作業
検品が完了した商品を、お客様のもとへ無事にお届けできるよう綺麗に包んで箱に詰める作業です。

・袋詰め・緩衝材包装： 服やタオルなどの布製品を専用の透明袋に入れたり、壊れやすいコスメ・ガラス製品などをプチプチ（緩衝材）で包みます。
・箱詰め・セット作業： 指定のサイズに合わせたダンボール箱を組み立て、商品が途中で動かないよう丁寧に納めます。
・テープ留め・封かん： ダンボールのフタを閉じ、ガムテープでしっかり留めたら梱包完了です。

3. シール貼り・仕分け作業
出荷に向けた最後の仕上げ作業です。

・ラベル貼り： お届け先の伝票シールや、取扱注意シール（「水濡れ厳禁」「割れ物注意」など）を指定の位置へキレイに貼り付けます。
・出荷先ごとの仕分け： 梱包が終わった箱を、配送地域別や配送業者別に分けられた台車やコンテナへ移します。

■ 1日のタイムスケジュール例（日勤の場合）
09:00〜【朝礼・作業スタート】
本日の連絡事項を確認後、各自の作業台へ移動します。担当する作業（検品または梱包）をスタートします。

12:00〜【お昼休憩（60分）】
清潔な休憩室でランチタイム。電子レンジ・冷蔵庫・自動販売機も完備されており、お弁当の持参も自由です。

13:00〜【午後の作業再開】
午前の続きの作業を行います。自分のデスクで黙々と作業に集中できる時間です。

15:00〜【小休憩（15分）】
身体をほぐしたり水分補給をするリフレッシュタイム。集中力を保ちやすい環境が整っています。

15:15〜【出荷準備・最終仕上げ】
本日発送分の最終チェックと、作業スペースの清掃・整理整頓を行います。

18:00〜【作業終了・定時退勤】
残業は基本的にありません。定時になったら「お疲れ様でした！」とスッキリ帰宅できます。

■ 快適な作業環境と働きやすさのポイント
・1年中快適な空調完備： 冷暖房がしっかり効いたクリーンな倉庫なので、夏は涼しく、冬は暖かく快適に作業できます。
・身体に優しい軽作業： 扱う商品は衣類、コスメ、文房具、小型雑貨などがメインです。重量物の持ち上げ作業はありません。
・充実した設備： 個人用の鍵付きロッカーを完備。休憩室は広々としており、ポットや電子レンジ、フリーWi-Fiも自由に使えます。

■ 未経験者でも安心のサポート体制
入社初日は、安全に関する講習と作業の基本ルールについてのオリエンテーションからスタートします。
現場配属後は、専任の先輩スタッフがマンツーマンでついて実際の作業を見せながら丁寧にレクチャーします。

最初は「シールの貼り方」や「ダンボールの組み立て」といった、特に簡単な作業からお任せしますので、一度にたくさんのことを覚える必要はありません。
作業中に分からないことや迷うことがあっても、すぐ近くにリーダーや先輩スタッフが常駐しているため、「これってどうやるんでしたっけ？」といつでも気軽に質問できる安心の環境です。早ければ半日、遅くても2〜3日程度で一人立ちしてスムーズにお仕事を進められるようになります！","✅ 未経験スタート9割以上！簡単なシンプル作業です
「商品を手に取る」「キズがないか見る」「箱に入れる」など、覚えることはたったこれだけ！複雑な機械操作や難しいルールはありません。
先輩スタッフのほとんどが未経験からのスタートです。特別なスキルや経験は一切不要なので、初めてのアルバイトや久しぶりのお仕事復帰の方も安心してください。

✅ 自分のペースで黙々・コツコツ取り組める！
「接客が苦手…」「一人で集中して作業したい」という方にピッタリの環境です。
ノルマなどもなく、ご自身のペースで作業を進められるので、人間関係のストレスを感じることなくのびのびと働けます。

✅ 重い荷物なし！身体への負担が少ない軽作業
扱う商品は、衣服や生活雑貨、コスメなどの比較的軽いものが中心です。
重いダンボールを持ち運んだり、力仕事をお願いすることはほぼありませんので、年齢・性別問わず無理なく長く続けられるお仕事です。

✅ 空調完備のキレイな倉庫で、1年中快適♪
冷暖房がしっかり効いたクリーンな室内での作業です。
「夏は暑くて汗だく…」「冬は寒くて手がかじかむ…」といった心配は無用！季節や天候に関わらず、いつも快適な温度の中で気持ちよく作業に集中できます。

✅ 充実の設備＆働きやすい環境
鍵付きの個人ロッカーを完備しているほか、広々として清潔な休憩室もご用意しています。
休憩室には電子レンジ・冷蔵庫・ポット・自動販売機を完備しており、お弁当を持参してゆっくりくつろぐことも可能です。スタッフが過ごしやすい環境づくりに力を入れています！","例外事由3号のイにより、長期キャリア形成を図るため、
35歳以下を募集しております。","【勤務時間】
★9:00~18:00
└実働8時間/休憩1時間

定時ダッシュも問題ないです✧
✧ 土日祝休み
✧ 残業月平均:6.5時間以内
✧ 残業代100%支給","✧ 完全週休2日制(土日祝休み)
✧ 年間休日125日
「土日休みはマスト!」ってあなたにも
ぴったりの職場です!

【その他休暇】
✧ 有給休暇
✧ 夏季・冬季休暇
✧ GW休暇
✧ 年末年始休暇",千葉県 八千代市,,"月給:25万円~+交通費全額支給

※経験に応じて決定いたします。

# 昇給あり
# 賞与あり
# 残業代100%支給
# 交通費支給","・社会保険完備
・住宅手当
・家賃補助
・退職金制度
・家族手当・扶養手当
・健康診断
・特別休暇
・資格取得支援制度","\\✧カジュアル面談実施中です✧/

応募に必要なのは人柄のみです!
まずはあなたのご希望を聞かせてください!

✩.。.....................。.✩
■ 応募からの流れ ■
✩.。.....................。.✩

▶STEP1WEBから1分簡単ご応募!
1~3日以内に担当者よりご連絡いたします。

▶ STEP2カジュアル面談(1回のみ)

▶STEP3採用

※入社日のご相談OKです◎
お気軽にご相談ください!",,即日勤務OK、交通費支給、残業なし,2,任意,生年月日、性別、電話番号,ntf-indeedapplicant-aaaatulx77tci2k2pr5yeqapva@shukatsu-labo.slack.com,,,利用しない,,
募集中,日本マニュファクチャリングサービス株式会社,【未経験】検品・梱包作業/日本マニュファクチャリングサービス株式会社/君津市,倉庫作業スタッフ,20~30代活躍中◎ワークライフバランスも充実！！,,千葉県 君津市,,,正社員,はい,月給,250000,,最低額を表示,なし,,,,,,,固定時間制,160,,厚生年金、健康保険、雇用保険、労災保険,,なし,,,,,,,,,,,,,,,,,,"空調が完備された綺麗な物流センター内で、人気ECサイトで販売されているアパレル商品・生活雑貨・コスメなどの「検品・梱包作業」を担当していただきます。
作業内容は非常にシンプルで、「商品を手に取る」「傷がないかチェックする」「箱や袋に詰める」という基本の3ステップが中心です。重いお荷物の持ち運びはほとんどなく、自分のペースでコツコツ・黙々と進められる軽作業です。
未経験からスタートしたスタッフが9割以上活躍中で、1日〜数日で覚えられる簡単な作業ばかりですので、バイトデビューや久しぶりのお仕事復帰の方も安心してスタートしていただけます。

■ 具体的なお仕事の流れ

1. 検品・チェック作業
入荷された商品や出荷前の商品に問題がないか、確認する作業です。

・外観の目視確認： 商品に傷や汚れ、ほつれ、パッケージの凹みなどが無いかを目視で丁寧にチェックします。
・数量・品番の照合： 納品書や手元のハンディ端末に表示されたデータと、目の前にある商品の種類・個数が合致しているか確認します。
・バーコードスキャン： バーコードリーダーを使って商品を「ピッと」読み取る作業です。機械の操作はスマホ感覚で直感的に行えるため、難しい設定や専門知識は一切不要です。

2. 梱包・箱詰め作業
検品が完了した商品を、お客様のもとへ無事にお届けできるよう綺麗に包んで箱に詰める作業です。

・袋詰め・緩衝材包装： 服やタオルなどの布製品を専用の透明袋に入れたり、壊れやすいコスメ・ガラス製品などをプチプチ（緩衝材）で包みます。
・箱詰め・セット作業： 指定のサイズに合わせたダンボール箱を組み立て、商品が途中で動かないよう丁寧に納めます。
・テープ留め・封かん： ダンボールのフタを閉じ、ガムテープでしっかり留めたら梱包完了です。

3. シール貼り・仕分け作業
出荷に向けた最後の仕上げ作業です。

・ラベル貼り： お届け先の伝票シールや、取扱注意シール（「水濡れ厳禁」「割れ物注意」など）を指定の位置へキレイに貼り付けます。
・出荷先ごとの仕分け： 梱包が終わった箱を、配送地域別や配送業者別に分けられた台車やコンテナへ移します。

■ 1日のタイムスケジュール例（日勤の場合）
09:00〜【朝礼・作業スタート】
本日の連絡事項を確認後、各自の作業台へ移動します。担当する作業（検品または梱包）をスタートします。

12:00〜【お昼休憩（60分）】
清潔な休憩室でランチタイム。電子レンジ・冷蔵庫・自動販売機も完備されており、お弁当の持参も自由です。

13:00〜【午後の作業再開】
午前の続きの作業を行います。自分のデスクで黙々と作業に集中できる時間です。

15:00〜【小休憩（15分）】
身体をほぐしたり水分補給をするリフレッシュタイム。集中力を保ちやすい環境が整っています。

15:15〜【出荷準備・最終仕上げ】
本日発送分の最終チェックと、作業スペースの清掃・整理整頓を行います。

18:00〜【作業終了・定時退勤】
残業は基本的にありません。定時になったら「お疲れ様でした！」とスッキリ帰宅できます。

■ 快適な作業環境と働きやすさのポイント
・1年中快適な空調完備： 冷暖房がしっかり効いたクリーンな倉庫なので、夏は涼しく、冬は暖かく快適に作業できます。
・身体に優しい軽作業： 扱う商品は衣類、コスメ、文房具、小型雑貨などがメインです。重量物の持ち上げ作業はありません。
・充実した設備： 個人用の鍵付きロッカーを完備。休憩室は広々としており、ポットや電子レンジ、フリーWi-Fiも自由に使えます。

■ 未経験者でも安心のサポート体制
入社初日は、安全に関する講習と作業の基本ルールについてのオリエンテーションからスタートします。
現場配属後は、専任の先輩スタッフがマンツーマンでついて実際の作業を見せながら丁寧にレクチャーします。

最初は「シールの貼り方」や「ダンボールの組み立て」といった、特に簡単な作業からお任せしますので、一度にたくさんのことを覚える必要はありません。
作業中に分からないことや迷うことがあっても、すぐ近くにリーダーや先輩スタッフが常駐しているため、「これってどうやるんでしたっけ？」といつでも気軽に質問できる安心の環境です。早ければ半日、遅くても2〜3日程度で一人立ちしてスムーズにお仕事を進められるようになります！","✅ 未経験スタート9割以上！簡単なシンプル作業です
「商品を手に取る」「キズがないか見る」「箱に入れる」など、覚えることはたったこれだけ！複雑な機械操作や難しいルールはありません。
先輩スタッフのほとんどが未経験からのスタートです。特別なスキルや経験は一切不要なので、初めてのアルバイトや久しぶりのお仕事復帰の方も安心してください。

✅ 自分のペースで黙々・コツコツ取り組める！
「接客が苦手…」「一人で集中して作業したい」という方にピッタリの環境です。
ノルマなどもなく、ご自身のペースで作業を進められるので、人間関係のストレスを感じることなくのびのびと働けます。

✅ 重い荷物なし！身体への負担が少ない軽作業
扱う商品は、衣服や生活雑貨、コスメなどの比較的軽いものが中心です。
重いダンボールを持ち運んだり、力仕事をお願いすることはほぼありませんので、年齢・性別問わず無理なく長く続けられるお仕事です。

✅ 空調完備のキレイな倉庫で、1年中快適♪
冷暖房がしっかり効いたクリーンな室内での作業です。
「夏は暑くて汗だく…」「冬は寒くて手がかじかむ…」といった心配は無用！季節や天候に関わらず、いつも快適な温度の中で気持ちよく作業に集中できます。

✅ 充実の設備＆働きやすい環境
鍵付きの個人ロッカーを完備しているほか、広々として清潔な休憩室もご用意しています。
休憩室には電子レンジ・冷蔵庫・ポット・自動販売機を完備しており、お弁当を持参してゆっくりくつろぐことも可能です。スタッフが過ごしやすい環境づくりに力を入れています！","例外事由3号のイにより、長期キャリア形成を図るため、
35歳以下を募集しております。","【勤務時間】
★9:00~18:00
└実働8時間/休憩1時間

定時ダッシュも問題ないです✧
✧ 土日祝休み
✧ 残業月平均:6.5時間以内
✧ 残業代100%支給","✧ 完全週休2日制(土日祝休み)
✧ 年間休日125日
「土日休みはマスト!」ってあなたにも
ぴったりの職場です!

【その他休暇】
✧ 有給休暇
✧ 夏季・冬季休暇
✧ GW休暇
✧ 年末年始休暇",千葉県 君津市,,"月給:25万円~+交通費全額支給

※経験に応じて決定いたします。

# 昇給あり
# 賞与あり
# 残業代100%支給
# 交通費支給","・社会保険完備
・住宅手当
・家賃補助
・退職金制度
・家族手当・扶養手当
・健康診断
・特別休暇
・資格取得支援制度","\\✧カジュアル面談実施中です✧/

応募に必要なのは人柄のみです!
まずはあなたのご希望を聞かせてください!

✩.。.....................。.✩
■ 応募からの流れ ■
✩.。.....................。.✩

▶STEP1WEBから1分簡単ご応募!
1~3日以内に担当者よりご連絡いたします。

▶ STEP2カジュアル面談(1回のみ)

▶STEP3採用

※入社日のご相談OKです◎
お気軽にご相談ください!",,即日勤務OK、交通費支給、残業なし,2,任意,生年月日、性別、電話番号,ntf-indeedapplicant-aaaatulx77tci2k2pr5yeqapva@shukatsu-labo.slack.com,,,利用しない,,
募集中,日本マニュファクチャリングサービス株式会社,【未経験】検品・梱包作業/日本マニュファクチャリングサービス株式会社/富里市,倉庫作業スタッフ,20~30代活躍中◎ワークライフバランスも充実！！,,千葉県 富里市,,,正社員,はい,月給,250000,,最低額を表示,なし,,,,,,,固定時間制,160,,厚生年金、健康保険、雇用保険、労災保険,,なし,,,,,,,,,,,,,,,,,,"空調が完備された綺麗な物流センター内で、人気ECサイトで販売されているアパレル商品・生活雑貨・コスメなどの「検品・梱包作業」を担当していただきます。
作業内容は非常にシンプルで、「商品を手に取る」「傷がないかチェックする」「箱や袋に詰める」という基本の3ステップが中心です。重いお荷物の持ち運びはほとんどなく、自分のペースでコツコツ・黙々と進められる軽作業です。
未経験からスタートしたスタッフが9割以上活躍中で、1日〜数日で覚えられる簡単な作業ばかりですので、バイトデビューや久しぶりのお仕事復帰の方も安心してスタートしていただけます。

■ 具体的なお仕事の流れ

1. 検品・チェック作業
入荷された商品や出荷前の商品に問題がないか、確認する作業です。

・外観の目視確認： 商品に傷や汚れ、ほつれ、パッケージの凹みなどが無いかを目視で丁寧にチェックします。
・数量・品番の照合： 納品書や手元のハンディ端末に表示されたデータと、目の前にある商品の種類・個数が合致しているか確認します。
・バーコードスキャン： バーコードリーダーを使って商品を「ピッと」読み取る作業です。機械の操作はスマホ感覚で直感的に行えるため、難しい設定や専門知識は一切不要です。

2. 梱包・箱詰め作業
検品が完了した商品を、お客様のもとへ無事にお届けできるよう綺麗に包んで箱に詰める作業です。

・袋詰め・緩衝材包装： 服やタオルなどの布製品を専用の透明袋に入れたり、壊れやすいコスメ・ガラス製品などをプチプチ（緩衝材）で包みます。
・箱詰め・セット作業： 指定のサイズに合わせたダンボール箱を組み立て、商品が途中で動かないよう丁寧に納めます。
・テープ留め・封かん： ダンボールのフタを閉じ、ガムテープでしっかり留めたら梱包完了です。

3. シール貼り・仕分け作業
出荷に向けた最後の仕上げ作業です。

・ラベル貼り： お届け先の伝票シールや、取扱注意シール（「水濡れ厳禁」「割れ物注意」など）を指定の位置へキレイに貼り付けます。
・出荷先ごとの仕分け： 梱包が終わった箱を、配送地域別や配送業者別に分けられた台車やコンテナへ移します。

■ 1日のタイムスケジュール例（日勤の場合）
09:00〜【朝礼・作業スタート】
本日の連絡事項を確認後、各自の作業台へ移動します。担当する作業（検品または梱包）をスタートします。

12:00〜【お昼休憩（60分）】
清潔な休憩室でランチタイム。電子レンジ・冷蔵庫・自動販売機も完備されており、お弁当の持参も自由です。

13:00〜【午後の作業再開】
午前の続きの作業を行います。自分のデスクで黙々と作業に集中できる時間です。

15:00〜【小休憩（15分）】
身体をほぐしたり水分補給をするリフレッシュタイム。集中力を保ちやすい環境が整っています。

15:15〜【出荷準備・最終仕上げ】
本日発送分の最終チェックと、作業スペースの清掃・整理整頓を行います。

18:00〜【作業終了・定時退勤】
残業は基本的にありません。定時になったら「お疲れ様でした！」とスッキリ帰宅できます。

■ 快適な作業環境と働きやすさのポイント
・1年中快適な空調完備： 冷暖房がしっかり効いたクリーンな倉庫なので、夏は涼しく、冬は暖かく快適に作業できます。
・身体に優しい軽作業： 扱う商品は衣類、コスメ、文房具、小型雑貨などがメインです。重量物の持ち上げ作業はありません。
・充実した設備： 個人用の鍵付きロッカーを完備。休憩室は広々としており、ポットや電子レンジ、フリーWi-Fiも自由に使えます。

■ 未経験者でも安心のサポート体制
入社初日は、安全に関する講習と作業の基本ルールについてのオリエンテーションからスタートします。
現場配属後は、専任の先輩スタッフがマンツーマンでついて実際の作業を見せながら丁寧にレクチャーします。

最初は「シールの貼り方」や「ダンボールの組み立て」といった、特に簡単な作業からお任せしますので、一度にたくさんのことを覚える必要はありません。
作業中に分からないことや迷うことがあっても、すぐ近くにリーダーや先輩スタッフが常駐しているため、「これってどうやるんでしたっけ？」といつでも気軽に質問できる安心の環境です。早ければ半日、遅くても2〜3日程度で一人立ちしてスムーズにお仕事を進められるようになります！","✅ 未経験スタート9割以上！簡単なシンプル作業です
「商品を手に取る」「キズがないか見る」「箱に入れる」など、覚えることはたったこれだけ！複雑な機械操作や難しいルールはありません。
先輩スタッフのほとんどが未経験からのスタートです。特別なスキルや経験は一切不要なので、初めてのアルバイトや久しぶりのお仕事復帰の方も安心してください。

✅ 自分のペースで黙々・コツコツ取り組める！
「接客が苦手…」「一人で集中して作業したい」という方にピッタリの環境です。
ノルマなどもなく、ご自身のペースで作業を進められるので、人間関係のストレスを感じることなくのびのびと働けます。

✅ 重い荷物なし！身体への負担が少ない軽作業
扱う商品は、衣服や生活雑貨、コスメなどの比較的軽いものが中心です。
重いダンボールを持ち運んだり、力仕事をお願いすることはほぼありませんので、年齢・性別問わず無理なく長く続けられるお仕事です。

✅ 空調完備のキレイな倉庫で、1年中快適♪
冷暖房がしっかり効いたクリーンな室内での作業です。
「夏は暑くて汗だく…」「冬は寒くて手がかじかむ…」といった心配は無用！季節や天候に関わらず、いつも快適な温度の中で気持ちよく作業に集中できます。

✅ 充実の設備＆働きやすい環境
鍵付きの個人ロッカーを完備しているほか、広々として清潔な休憩室もご用意しています。
休憩室には電子レンジ・冷蔵庫・ポット・自動販売機を完備しており、お弁当を持参してゆっくりくつろぐことも可能です。スタッフが過ごしやすい環境づくりに力を入れています！","例外事由3号のイにより、長期キャリア形成を図るため、
35歳以下を募集しております。","【勤務時間】
★9:00~18:00
└実働8時間/休憩1時間

定時ダッシュも問題ないです✧
✧ 土日祝休み
✧ 残業月平均:6.5時間以内
✧ 残業代100%支給","✧ 完全週休2日制(土日祝休み)
✧ 年間休日125日
「土日休みはマスト!」ってあなたにも
ぴったりの職場です!

【その他休暇】
✧ 有給休暇
✧ 夏季・冬季休暇
✧ GW休暇
✧ 年末年始休暇",千葉県 富里市,,"月給:25万円~+交通費全額支給

※経験に応じて決定いたします。

# 昇給あり
# 賞与あり
# 残業代100%支給
# 交通費支給","・社会保険完備
・住宅手当
・家賃補助
・退職金制度
・家族手当・扶養手当
・健康診断
・特別休暇
・資格取得支援制度","\\✧カジュアル面談実施中です✧/

応募に必要なのは人柄のみです!
まずはあなたのご希望を聞かせてください!

✩.。.....................。.✩
■ 応募からの流れ ■
✩.。.....................。.✩

▶STEP1WEBから1分簡単ご応募!
1~3日以内に担当者よりご連絡いたします。

▶ STEP2カジュアル面談(1回のみ)

▶STEP3採用

※入社日のご相談OKです◎
お気軽にご相談ください!",,即日勤務OK、交通費支給、残業なし,2,任意,生年月日、性別、電話番号,ntf-indeedapplicant-aaaatulx77tci2k2pr5yeqapva@shukatsu-labo.slack.com,,,利用しない,,
募集中,日本マニュファクチャリングサービス株式会社,【未経験】検品・梱包作業/日本マニュファクチャリングサービス株式会社/旭市,倉庫作業スタッフ,20~30代活躍中◎ワークライフバランスも充実！！,,千葉県 旭市,,,正社員,はい,月給,250000,,最低額を表示,なし,,,,,,,固定時間制,160,,厚生年金、健康保険、雇用保険、労災保険,,なし,,,,,,,,,,,,,,,,,,"空調が完備された綺麗な物流センター内で、人気ECサイトで販売されているアパレル商品・生活雑貨・コスメなどの「検品・梱包作業」を担当していただきます。
作業内容は非常にシンプルで、「商品を手に取る」「傷がないかチェックする」「箱や袋に詰める」という基本の3ステップが中心です。重いお荷物の持ち運びはほとんどなく、自分のペースでコツコツ・黙々と進められる軽作業です。
未経験からスタートしたスタッフが9割以上活躍中で、1日〜数日で覚えられる簡単な作業ばかりですので、バイトデビューや久しぶりのお仕事復帰の方も安心してスタートしていただけます。

■ 具体的なお仕事の流れ

1. 検品・チェック作業
入荷された商品や出荷前の商品に問題がないか、確認する作業です。

・外観の目視確認： 商品に傷や汚れ、ほつれ、パッケージの凹みなどが無いかを目視で丁寧にチェックします。
・数量・品番の照合： 納品書や手元のハンディ端末に表示されたデータと、目の前にある商品の種類・個数が合致しているか確認します。
・バーコードスキャン： バーコードリーダーを使って商品を「ピッと」読み取る作業です。機械の操作はスマホ感覚で直感的に行えるため、難しい設定や専門知識は一切不要です。

2. 梱包・箱詰め作業
検品が完了した商品を、お客様のもとへ無事にお届けできるよう綺麗に包んで箱に詰める作業です。

・袋詰め・緩衝材包装： 服やタオルなどの布製品を専用の透明袋に入れたり、壊れやすいコスメ・ガラス製品などをプチプチ（緩衝材）で包みます。
・箱詰め・セット作業： 指定のサイズに合わせたダンボール箱を組み立て、商品が途中で動かないよう丁寧に納めます。
・テープ留め・封かん： ダンボールのフタを閉じ、ガムテープでしっかり留めたら梱包完了です。

3. シール貼り・仕分け作業
出荷に向けた最後の仕上げ作業です。

・ラベル貼り： お届け先の伝票シールや、取扱注意シール（「水濡れ厳禁」「割れ物注意」など）を指定の位置へキレイに貼り付けます。
・出荷先ごとの仕分け： 梱包が終わった箱を、配送地域別や配送業者別に分けられた台車やコンテナへ移します。

■ 1日のタイムスケジュール例（日勤の場合）
09:00〜【朝礼・作業スタート】
本日の連絡事項を確認後、各自の作業台へ移動します。担当する作業（検品または梱包）をスタートします。

12:00〜【お昼休憩（60分）】
清潔な休憩室でランチタイム。電子レンジ・冷蔵庫・自動販売機も完備されており、お弁当の持参も自由です。

13:00〜【午後の作業再開】
午前の続きの作業を行います。自分のデスクで黙々と作業に集中できる時間です。

15:00〜【小休憩（15分）】
身体をほぐしたり水分補給をするリフレッシュタイム。集中力を保ちやすい環境が整っています。

15:15〜【出荷準備・最終仕上げ】
本日発送分の最終チェックと、作業スペースの清掃・整理整頓を行います。

18:00〜【作業終了・定時退勤】
残業は基本的にありません。定時になったら「お疲れ様でした！」とスッキリ帰宅できます。

■ 快適な作業環境と働きやすさのポイント
・1年中快適な空調完備： 冷暖房がしっかり効いたクリーンな倉庫なので、夏は涼しく、冬は暖かく快適に作業できます。
・身体に優しい軽作業： 扱う商品は衣類、コスメ、文房具、小型雑貨などがメインです。重量物の持ち上げ作業はありません。
・充実した設備： 個人用の鍵付きロッカーを完備。休憩室は広々としており、ポットや電子レンジ、フリーWi-Fiも自由に使えます。

■ 未経験者でも安心のサポート体制
入社初日は、安全に関する講習と作業の基本ルールについてのオリエンテーションからスタートします。
現場配属後は、専任の先輩スタッフがマンツーマンでついて実際の作業を見せながら丁寧にレクチャーします。

最初は「シールの貼り方」や「ダンボールの組み立て」といった、特に簡単な作業からお任せしますので、一度にたくさんのことを覚える必要はありません。
作業中に分からないことや迷うことがあっても、すぐ近くにリーダーや先輩スタッフが常駐しているため、「これってどうやるんでしたっけ？」といつでも気軽に質問できる安心の環境です。早ければ半日、遅くても2〜3日程度で一人立ちしてスムーズにお仕事を進められるようになります！","✅ 未経験スタート9割以上！簡単なシンプル作業です
「商品を手に取る」「キズがないか見る」「箱に入れる」など、覚えることはたったこれだけ！複雑な機械操作や難しいルールはありません。
先輩スタッフのほとんどが未経験からのスタートです。特別なスキルや経験は一切不要なので、初めてのアルバイトや久しぶりのお仕事復帰の方も安心してください。

✅ 自分のペースで黙々・コツコツ取り組める！
「接客が苦手…」「一人で集中して作業したい」という方にピッタリの環境です。
ノルマなどもなく、ご自身のペースで作業を進められるので、人間関係のストレスを感じることなくのびのびと働けます。

✅ 重い荷物なし！身体への負担が少ない軽作業
扱う商品は、衣服や生活雑貨、コスメなどの比較的軽いものが中心です。
重いダンボールを持ち運んだり、力仕事をお願いすることはほぼありませんので、年齢・性別問わず無理なく長く続けられるお仕事です。

✅ 空調完備のキレイな倉庫で、1年中快適♪
冷暖房がしっかり効いたクリーンな室内での作業です。
「夏は暑くて汗だく…」「冬は寒くて手がかじかむ…」といった心配は無用！季節や天候に関わらず、いつも快適な温度の中で気持ちよく作業に集中できます。

✅ 充実の設備＆働きやすい環境
鍵付きの個人ロッカーを完備しているほか、広々として清潔な休憩室もご用意しています。
休憩室には電子レンジ・冷蔵庫・ポット・自動販売機を完備しており、お弁当を持参してゆっくりくつろぐことも可能です。スタッフが過ごしやすい環境づくりに力を入れています！","例外事由3号のイにより、長期キャリア形成を図るため、
35歳以下を募集しております。","【勤務時間】
★9:00~18:00
└実働8時間/休憩1時間

定時ダッシュも問題ないです✧
✧ 土日祝休み
✧ 残業月平均:6.5時間以内
✧ 残業代100%支給","✧ 完全週休2日制(土日祝休み)
✧ 年間休日125日
「土日休みはマスト!」ってあなたにも
ぴったりの職場です!

【その他休暇】
✧ 有給休暇
✧ 夏季・冬季休暇
✧ GW休暇
✧ 年末年始休暇",千葉県 旭市,,"月給:25万円~+交通費全額支給

※経験に応じて決定いたします。

# 昇給あり
# 賞与あり
# 残業代100%支給
# 交通費支給","・社会保険完備
・住宅手当
・家賃補助
・退職金制度
・家族手当・扶養手当
・健康診断
・特別休暇
・資格取得支援制度","\\✧カジュアル面談実施中です✧/

応募に必要なのは人柄のみです!
まずはあなたのご希望を聞かせてください!

✩.。.....................。.✩
■ 応募からの流れ ■
✩.。.....................。.✩

▶STEP1WEBから1分簡単ご応募!
1~3日以内に担当者よりご連絡いたします。

▶ STEP2カジュアル面談(1回のみ)

▶STEP3採用

※入社日のご相談OKです◎
お気軽にご相談ください!",,即日勤務OK、交通費支給、残業なし,2,任意,生年月日、性別、電話番号,ntf-indeedapplicant-aaaatulx77tci2k2pr5yeqapva@shukatsu-labo.slack.com,,,利用しない,,
募集中,日本マニュファクチャリングサービス株式会社,【未経験】検品・梱包作業/日本マニュファクチャリングサービス株式会社/印西市,倉庫作業スタッフ,20~30代活躍中◎ワークライフバランスも充実！！,,千葉県 印西市,,,正社員,はい,月給,250000,,最低額を表示,なし,,,,,,,固定時間制,160,,厚生年金、健康保険、雇用保険、労災保険,,なし,,,,,,,,,,,,,,,,,,"空調が完備された綺麗な物流センター内で、人気ECサイトで販売されているアパレル商品・生活雑貨・コスメなどの「検品・梱包作業」を担当していただきます。
作業内容は非常にシンプルで、「商品を手に取る」「傷がないかチェックする」「箱や袋に詰める」という基本の3ステップが中心です。重いお荷物の持ち運びはほとんどなく、自分のペースでコツコツ・黙々と進められる軽作業です。
未経験からスタートしたスタッフが9割以上活躍中で、1日〜数日で覚えられる簡単な作業ばかりですので、バイトデビューや久しぶりのお仕事復帰の方も安心してスタートしていただけます。

■ 具体的なお仕事の流れ

1. 検品・チェック作業
入荷された商品や出荷前の商品に問題がないか、確認する作業です。

・外観の目視確認： 商品に傷や汚れ、ほつれ、パッケージの凹みなどが無いかを目視で丁寧にチェックします。
・数量・品番の照合： 納品書や手元のハンディ端末に表示されたデータと、目の前にある商品の種類・個数が合致しているか確認します。
・バーコードスキャン： バーコードリーダーを使って商品を「ピッと」読み取る作業です。機械の操作はスマホ感覚で直感的に行えるため、難しい設定や専門知識は一切不要です。

2. 梱包・箱詰め作業
検品が完了した商品を、お客様のもとへ無事にお届けできるよう綺麗に包んで箱に詰める作業です。

・袋詰め・緩衝材包装： 服やタオルなどの布製品を専用の透明袋に入れたり、壊れやすいコスメ・ガラス製品などをプチプチ（緩衝材）で包みます。
・箱詰め・セット作業： 指定のサイズに合わせたダンボール箱を組み立て、商品が途中で動かないよう丁寧に納めます。
・テープ留め・封かん： ダンボールのフタを閉じ、ガムテープでしっかり留めたら梱包完了です。

3. シール貼り・仕分け作業
出荷に向けた最後の仕上げ作業です。

・ラベル貼り： お届け先の伝票シールや、取扱注意シール（「水濡れ厳禁」「割れ物注意」など）を指定の位置へキレイに貼り付けます。
・出荷先ごとの仕分け： 梱包が終わった箱を、配送地域別や配送業者別に分けられた台車やコンテナへ移します。

■ 1日のタイムスケジュール例（日勤の場合）
09:00〜【朝礼・作業スタート】
本日の連絡事項を確認後、各自の作業台へ移動します。担当する作業（検品または梱包）をスタートします。

12:00〜【お昼休憩（60分）】
清潔な休憩室でランチタイム。電子レンジ・冷蔵庫・自動販売機も完備されており、お弁当の持参も自由です。

13:00〜【午後の作業再開】
午前の続きの作業を行います。自分のデスクで黙々と作業に集中できる時間です。

15:00〜【小休憩（15分）】
身体をほぐしたり水分補給をするリフレッシュタイム。集中力を保ちやすい環境が整っています。

15:15〜【出荷準備・最終仕上げ】
本日発送分の最終チェックと、作業スペースの清掃・整理整頓を行います。

18:00〜【作業終了・定時退勤】
残業は基本的にありません。定時になったら「お疲れ様でした！」とスッキリ帰宅できます。

■ 快適な作業環境と働きやすさのポイント
・1年中快適な空調完備： 冷暖房がしっかり効いたクリーンな倉庫なので、夏は涼しく、冬は暖かく快適に作業できます。
・身体に優しい軽作業： 扱う商品は衣類、コスメ、文房具、小型雑貨などがメインです。重量物の持ち上げ作業はありません。
・充実した設備： 個人用の鍵付きロッカーを完備。休憩室は広々としており、ポットや電子レンジ、フリーWi-Fiも自由に使えます。

■ 未経験者でも安心のサポート体制
入社初日は、安全に関する講習と作業の基本ルールについてのオリエンテーションからスタートします。
現場配属後は、専任の先輩スタッフがマンツーマンでついて実際の作業を見せながら丁寧にレクチャーします。

最初は「シールの貼り方」や「ダンボールの組み立て」といった、特に簡単な作業からお任せしますので、一度にたくさんのことを覚える必要はありません。
作業中に分からないことや迷うことがあっても、すぐ近くにリーダーや先輩スタッフが常駐しているため、「これってどうやるんでしたっけ？」といつでも気軽に質問できる安心の環境です。早ければ半日、遅くても2〜3日程度で一人立ちしてスムーズにお仕事を進められるようになります！","✅ 未経験スタート9割以上！簡単なシンプル作業です
「商品を手に取る」「キズがないか見る」「箱に入れる」など、覚えることはたったこれだけ！複雑な機械操作や難しいルールはありません。
先輩スタッフのほとんどが未経験からのスタートです。特別なスキルや経験は一切不要なので、初めてのアルバイトや久しぶりのお仕事復帰の方も安心してください。

✅ 自分のペースで黙々・コツコツ取り組める！
「接客が苦手…」「一人で集中して作業したい」という方にピッタリの環境です。
ノルマなどもなく、ご自身のペースで作業を進められるので、人間関係のストレスを感じることなくのびのびと働けます。

✅ 重い荷物なし！身体への負担が少ない軽作業
扱う商品は、衣服や生活雑貨、コスメなどの比較的軽いものが中心です。
重いダンボールを持ち運んだり、力仕事をお願いすることはほぼありませんので、年齢・性別問わず無理なく長く続けられるお仕事です。

✅ 空調完備のキレイな倉庫で、1年中快適♪
冷暖房がしっかり効いたクリーンな室内での作業です。
「夏は暑くて汗だく…」「冬は寒くて手がかじかむ…」といった心配は無用！季節や天候に関わらず、いつも快適な温度の中で気持ちよく作業に集中できます。

✅ 充実の設備＆働きやすい環境
鍵付きの個人ロッカーを完備しているほか、広々として清潔な休憩室もご用意しています。
休憩室には電子レンジ・冷蔵庫・ポット・自動販売機を完備しており、お弁当を持参してゆっくりくつろぐことも可能です。スタッフが過ごしやすい環境づくりに力を入れています！","例外事由3号のイにより、長期キャリア形成を図るため、
35歳以下を募集しております。","【勤務時間】
★9:00~18:00
└実働8時間/休憩1時間

定時ダッシュも問題ないです✧
✧ 土日祝休み
✧ 残業月平均:6.5時間以内
✧ 残業代100%支給","✧ 完全週休2日制(土日祝休み)
✧ 年間休日125日
「土日休みはマスト!」ってあなたにも
ぴったりの職場です!

【その他休暇】
✧ 有給休暇
✧ 夏季・冬季休暇
✧ GW休暇
✧ 年末年始休暇",千葉県 印西市,,"月給:25万円~+交通費全額支給

※経験に応じて決定いたします。

# 昇給あり
# 賞与あり
# 残業代100%支給
# 交通費支給","・社会保険完備
・住宅手当
・家賃補助
・退職金制度
・家族手当・扶養手当
・健康診断
・特別休暇
・資格取得支援制度","\\✧カジュアル面談実施中です✧/

応募に必要なのは人柄のみです!
まずはあなたのご希望を聞かせてください!

✩.。.....................。.✩
■ 応募からの流れ ■
✩.。.....................。.✩

▶STEP1WEBから1分簡単ご応募!
1~3日以内に担当者よりご連絡いたします。

▶ STEP2カジュアル面談(1回のみ)

▶STEP3採用

※入社日のご相談OKです◎
お気軽にご相談ください!",,即日勤務OK、交通費支給、残業なし,2,任意,生年月日、性別、電話番号,ntf-indeedapplicant-aaaatulx77tci2k2pr5yeqapva@shukatsu-labo.slack.com,,,利用しない,,
募集中,日本マニュファクチャリングサービス株式会社,【未経験】検品・梱包作業/日本マニュファクチャリングサービス株式会社/香取市,倉庫作業スタッフ,20~30代活躍中◎ワークライフバランスも充実！！,,千葉県 香取市,,,正社員,はい,月給,250000,,最低額を表示,なし,,,,,,,固定時間制,160,,厚生年金、健康保険、雇用保険、労災保険,,なし,,,,,,,,,,,,,,,,,,"空調が完備された綺麗な物流センター内で、人気ECサイトで販売されているアパレル商品・生活雑貨・コスメなどの「検品・梱包作業」を担当していただきます。
作業内容は非常にシンプルで、「商品を手に取る」「傷がないかチェックする」「箱や袋に詰める」という基本の3ステップが中心です。重いお荷物の持ち運びはほとんどなく、自分のペースでコツコツ・黙々と進められる軽作業です。
未経験からスタートしたスタッフが9割以上活躍中で、1日〜数日で覚えられる簡単な作業ばかりですので、バイトデビューや久しぶりのお仕事復帰の方も安心してスタートしていただけます。

■ 具体的なお仕事の流れ

1. 検品・チェック作業
入荷された商品や出荷前の商品に問題がないか、確認する作業です。

・外観の目視確認： 商品に傷や汚れ、ほつれ、パッケージの凹みなどが無いかを目視で丁寧にチェックします。
・数量・品番の照合： 納品書や手元のハンディ端末に表示されたデータと、目の前にある商品の種類・個数が合致しているか確認します。
・バーコードスキャン： バーコードリーダーを使って商品を「ピッと」読み取る作業です。機械の操作はスマホ感覚で直感的に行えるため、難しい設定や専門知識は一切不要です。

2. 梱包・箱詰め作業
検品が完了した商品を、お客様のもとへ無事にお届けできるよう綺麗に包んで箱に詰める作業です。

・袋詰め・緩衝材包装： 服やタオルなどの布製品を専用の透明袋に入れたり、壊れやすいコスメ・ガラス製品などをプチプチ（緩衝材）で包みます。
・箱詰め・セット作業： 指定のサイズに合わせたダンボール箱を組み立て、商品が途中で動かないよう丁寧に納めます。
・テープ留め・封かん： ダンボールのフタを閉じ、ガムテープでしっかり留めたら梱包完了です。

3. シール貼り・仕分け作業
出荷に向けた最後の仕上げ作業です。

・ラベル貼り： お届け先の伝票シールや、取扱注意シール（「水濡れ厳禁」「割れ物注意」など）を指定の位置へキレイに貼り付けます。
・出荷先ごとの仕分け： 梱包が終わった箱を、配送地域別や配送業者別に分けられた台車やコンテナへ移します。

■ 1日のタイムスケジュール例（日勤の場合）
09:00〜【朝礼・作業スタート】
本日の連絡事項を確認後、各自の作業台へ移動します。担当する作業（検品または梱包）をスタートします。

12:00〜【お昼休憩（60分）】
清潔な休憩室でランチタイム。電子レンジ・冷蔵庫・自動販売機も完備されており、お弁当の持参も自由です。

13:00〜【午後の作業再開】
午前の続きの作業を行います。自分のデスクで黙々と作業に集中できる時間です。

15:00〜【小休憩（15分）】
身体をほぐしたり水分補給をするリフレッシュタイム。集中力を保ちやすい環境が整っています。

15:15〜【出荷準備・最終仕上げ】
本日発送分の最終チェックと、作業スペースの清掃・整理整頓を行います。

18:00〜【作業終了・定時退勤】
残業は基本的にありません。定時になったら「お疲れ様でした！」とスッキリ帰宅できます。

■ 快適な作業環境と働きやすさのポイント
・1年中快適な空調完備： 冷暖房がしっかり効いたクリーンな倉庫なので、夏は涼しく、冬は暖かく快適に作業できます。
・身体に優しい軽作業： 扱う商品は衣類、コスメ、文房具、小型雑貨などがメインです。重量物の持ち上げ作業はありません。
・充実した設備： 個人用の鍵付きロッカーを完備。休憩室は広々としており、ポットや電子レンジ、フリーWi-Fiも自由に使えます。

■ 未経験者でも安心のサポート体制
入社初日は、安全に関する講習と作業の基本ルールについてのオリエンテーションからスタートします。
現場配属後は、専任の先輩スタッフがマンツーマンでついて実際の作業を見せながら丁寧にレクチャーします。

最初は「シールの貼り方」や「ダンボールの組み立て」といった、特に簡単な作業からお任せしますので、一度にたくさんのことを覚える必要はありません。
作業中に分からないことや迷うことがあっても、すぐ近くにリーダーや先輩スタッフが常駐しているため、「これってどうやるんでしたっけ？」といつでも気軽に質問できる安心の環境です。早ければ半日、遅くても2〜3日程度で一人立ちしてスムーズにお仕事を進められるようになります！","✅ 未経験スタート9割以上！簡単なシンプル作業です
「商品を手に取る」「キズがないか見る」「箱に入れる」など、覚えることはたったこれだけ！複雑な機械操作や難しいルールはありません。
先輩スタッフのほとんどが未経験からのスタートです。特別なスキルや経験は一切不要なので、初めてのアルバイトや久しぶりのお仕事復帰の方も安心してください。

✅ 自分のペースで黙々・コツコツ取り組める！
「接客が苦手…」「一人で集中して作業したい」という方にピッタリの環境です。
ノルマなどもなく、ご自身のペースで作業を進められるので、人間関係のストレスを感じることなくのびのびと働けます。

✅ 重い荷物なし！身体への負担が少ない軽作業
扱う商品は、衣服や生活雑貨、コスメなどの比較的軽いものが中心です。
重いダンボールを持ち運んだり、力仕事をお願いすることはほぼありませんので、年齢・性別問わず無理なく長く続けられるお仕事です。

✅ 空調完備のキレイな倉庫で、1年中快適♪
冷暖房がしっかり効いたクリーンな室内での作業です。
「夏は暑くて汗だく…」「冬は寒くて手がかじかむ…」といった心配は無用！季節や天候に関わらず、いつも快適な温度の中で気持ちよく作業に集中できます。

✅ 充実の設備＆働きやすい環境
鍵付きの個人ロッカーを完備しているほか、広々として清潔な休憩室もご用意しています。
休憩室には電子レンジ・冷蔵庫・ポット・自動販売機を完備しており、お弁当を持参してゆっくりくつろぐことも可能です。スタッフが過ごしやすい環境づくりに力を入れています！","例外事由3号のイにより、長期キャリア形成を図るため、
35歳以下を募集しております。","【勤務時間】
★9:00~18:00
└実働8時間/休憩1時間

定時ダッシュも問題ないです✧
✧ 土日祝休み
✧ 残業月平均:6.5時間以内
✧ 残業代100%支給","✧ 完全週休2日制(土日祝休み)
✧ 年間休日125日
「土日休みはマスト!」ってあなたにも
ぴったりの職場です!

【その他休暇】
✧ 有給休暇
✧ 夏季・冬季休暇
✧ GW休暇
✧ 年末年始休暇",千葉県 香取市,,"月給:25万円~+交通費全額支給

※経験に応じて決定いたします。

# 昇給あり
# 賞与あり
# 残業代100%支給
# 交通費支給","・社会保険完備
・住宅手当
・家賃補助
・退職金制度
・家族手当・扶養手当
・健康診断
・特別休暇
・資格取得支援制度","\\✧カジュアル面談実施中です✧/

応募に必要なのは人柄のみです!
まずはあなたのご希望を聞かせてください!

✩.。.....................。.✩
■ 応募からの流れ ■
✩.。.....................。.✩

▶STEP1WEBから1分簡単ご応募!
1~3日以内に担当者よりご連絡いたします。

▶ STEP2カジュアル面談(1回のみ)

▶STEP3採用

※入社日のご相談OKです◎
お気軽にご相談ください!",,即日勤務OK、交通費支給、残業なし,2,任意,生年月日、性別、電話番号,ntf-indeedapplicant-aaaatulx77tci2k2pr5yeqapva@shukatsu-labo.slack.com,,,利用しない,,
募集中,日本マニュファクチャリングサービス株式会社,【未経験】検品・梱包作業/日本マニュファクチャリングサービス株式会社/山武郡芝山町,倉庫作業スタッフ,20~30代活躍中◎ワークライフバランスも充実！！,,千葉県 山武郡 芝山町,,,正社員,はい,月給,250000,,最低額を表示,なし,,,,,,,固定時間制,160,,厚生年金、健康保険、雇用保険、労災保険,,なし,,,,,,,,,,,,,,,,,,"空調が完備された綺麗な物流センター内で、人気ECサイトで販売されているアパレル商品・生活雑貨・コスメなどの「検品・梱包作業」を担当していただきます。
作業内容は非常にシンプルで、「商品を手に取る」「傷がないかチェックする」「箱や袋に詰める」という基本の3ステップが中心です。重いお荷物の持ち運びはほとんどなく、自分のペースでコツコツ・黙々と進められる軽作業です。
未経験からスタートしたスタッフが9割以上活躍中で、1日〜数日で覚えられる簡単な作業ばかりですので、バイトデビューや久しぶりのお仕事復帰の方も安心してスタートしていただけます。

■ 具体的なお仕事の流れ

1. 検品・チェック作業
入荷された商品や出荷前の商品に問題がないか、確認する作業です。

・外観の目視確認： 商品に傷や汚れ、ほつれ、パッケージの凹みなどが無いかを目視で丁寧にチェックします。
・数量・品番の照合： 納品書や手元のハンディ端末に表示されたデータと、目の前にある商品の種類・個数が合致しているか確認します。
・バーコードスキャン： バーコードリーダーを使って商品を「ピッと」読み取る作業です。機械の操作はスマホ感覚で直感的に行えるため、難しい設定や専門知識は一切不要です。

2. 梱包・箱詰め作業
検品が完了した商品を、お客様のもとへ無事にお届けできるよう綺麗に包んで箱に詰める作業です。

・袋詰め・緩衝材包装： 服やタオルなどの布製品を専用の透明袋に入れたり、壊れやすいコスメ・ガラス製品などをプチプチ（緩衝材）で包みます。
・箱詰め・セット作業： 指定のサイズに合わせたダンボール箱を組み立て、商品が途中で動かないよう丁寧に納めます。
・テープ留め・封かん： ダンボールのフタを閉じ、ガムテープでしっかり留めたら梱包完了です。

3. シール貼り・仕分け作業
出荷に向けた最後の仕上げ作業です。

・ラベル貼り： お届け先の伝票シールや、取扱注意シール（「水濡れ厳禁」「割れ物注意」など）を指定の位置へキレイに貼り付けます。
・出荷先ごとの仕分け： 梱包が終わった箱を、配送地域別や配送業者別に分けられた台車やコンテナへ移します。

■ 1日のタイムスケジュール例（日勤の場合）
09:00〜【朝礼・作業スタート】
本日の連絡事項を確認後、各自の作業台へ移動します。担当する作業（検品または梱包）をスタートします。

12:00〜【お昼休憩（60分）】
清潔な休憩室でランチタイム。電子レンジ・冷蔵庫・自動販売機も完備されており、お弁当の持参も自由です。

13:00〜【午後の作業再開】
午前の続きの作業を行います。自分のデスクで黙々と作業に集中できる時間です。

15:00〜【小休憩（15分）】
身体をほぐしたり水分補給をするリフレッシュタイム。集中力を保ちやすい環境が整っています。

15:15〜【出荷準備・最終仕上げ】
本日発送分の最終チェックと、作業スペースの清掃・整理整頓を行います。

18:00〜【作業終了・定時退勤】
残業は基本的にありません。定時になったら「お疲れ様でした！」とスッキリ帰宅できます。

■ 快適な作業環境と働きやすさのポイント
・1年中快適な空調完備： 冷暖房がしっかり効いたクリーンな倉庫なので、夏は涼しく、冬は暖かく快適に作業できます。
・身体に優しい軽作業： 扱う商品は衣類、コスメ、文房具、小型雑貨などがメインです。重量物の持ち上げ作業はありません。
・充実した設備： 個人用の鍵付きロッカーを完備。休憩室は広々としており、ポットや電子レンジ、フリーWi-Fiも自由に使えます。

■ 未経験者でも安心のサポート体制
入社初日は、安全に関する講習と作業の基本ルールについてのオリエンテーションからスタートします。
現場配属後は、専任の先輩スタッフがマンツーマンでついて実際の作業を見せながら丁寧にレクチャーします。

最初は「シールの貼り方」や「ダンボールの組み立て」といった、特に簡単な作業からお任せしますので、一度にたくさんのことを覚える必要はありません。
作業中に分からないことや迷うことがあっても、すぐ近くにリーダーや先輩スタッフが常駐しているため、「これってどうやるんでしたっけ？」といつでも気軽に質問できる安心の環境です。早ければ半日、遅くても2〜3日程度で一人立ちしてスムーズにお仕事を進められるようになります！","✅ 未経験スタート9割以上！簡単なシンプル作業です
「商品を手に取る」「キズがないか見る」「箱に入れる」など、覚えることはたったこれだけ！複雑な機械操作や難しいルールはありません。
先輩スタッフのほとんどが未経験からのスタートです。特別なスキルや経験は一切不要なので、初めてのアルバイトや久しぶりのお仕事復帰の方も安心してください。

✅ 自分のペースで黙々・コツコツ取り組める！
「接客が苦手…」「一人で集中して作業したい」という方にピッタリの環境です。
ノルマなどもなく、ご自身のペースで作業を進められるので、人間関係のストレスを感じることなくのびのびと働けます。

✅ 重い荷物なし！身体への負担が少ない軽作業
扱う商品は、衣服や生活雑貨、コスメなどの比較的軽いものが中心です。
重いダンボールを持ち運んだり、力仕事をお願いすることはほぼありませんので、年齢・性別問わず無理なく長く続けられるお仕事です。

✅ 空調完備のキレイな倉庫で、1年中快適♪
冷暖房がしっかり効いたクリーンな室内での作業です。
「夏は暑くて汗だく…」「冬は寒くて手がかじかむ…」といった心配は無用！季節や天候に関わらず、いつも快適な温度の中で気持ちよく作業に集中できます。

✅ 充実の設備＆働きやすい環境
鍵付きの個人ロッカーを完備しているほか、広々として清潔な休憩室もご用意しています。
休憩室には電子レンジ・冷蔵庫・ポット・自動販売機を完備しており、お弁当を持参してゆっくりくつろぐことも可能です。スタッフが過ごしやすい環境づくりに力を入れています！","例外事由3号のイにより、長期キャリア形成を図るため、
35歳以下を募集しております。","【勤務時間】
★9:00~18:00
└実働8時間/休憩1時間

定時ダッシュも問題ないです✧
✧ 土日祝休み
✧ 残業月平均:6.5時間以内
✧ 残業代100%支給","✧ 完全週休2日制(土日祝休み)
✧ 年間休日125日
「土日休みはマスト!」ってあなたにも
ぴったりの職場です!

【その他休暇】
✧ 有給休暇
✧ 夏季・冬季休暇
✧ GW休暇
✧ 年末年始休暇",千葉県 山武郡 芝山町,,"月給:25万円~+交通費全額支給

※経験に応じて決定いたします。

# 昇給あり
# 賞与あり
# 残業代100%支給
# 交通費支給","・社会保険完備
・住宅手当
・家賃補助
・退職金制度
・家族手当・扶養手当
・健康診断
・特別休暇
・資格取得支援制度","\\✧カジュアル面談実施中です✧/

応募に必要なのは人柄のみです!
まずはあなたのご希望を聞かせてください!

✩.。.....................。.✩
■ 応募からの流れ ■
✩.。.....................。.✩

▶STEP1WEBから1分簡単ご応募!
1~3日以内に担当者よりご連絡いたします。

▶ STEP2カジュアル面談(1回のみ)

▶STEP3採用

※入社日のご相談OKです◎
お気軽にご相談ください!",,即日勤務OK、交通費支給、残業なし,2,任意,生年月日、性別、電話番号,ntf-indeedapplicant-aaaatulx77tci2k2pr5yeqapva@shukatsu-labo.slack.com,,,利用しない,,
募集中,日本マニュファクチャリングサービス株式会社,【未経験】検品・梱包作業/日本マニュファクチャリングサービス株式会社/名古屋市,倉庫作業スタッフ,20~30代活躍中◎ワークライフバランスも充実！！,,愛知県 名古屋市,,,正社員,はい,月給,250000,,最低額を表示,なし,,,,,,,固定時間制,160,,厚生年金、健康保険、雇用保険、労災保険,,なし,,,,,,,,,,,,,,,,,,"空調が完備された綺麗な物流センター内で、人気ECサイトで販売されているアパレル商品・生活雑貨・コスメなどの「検品・梱包作業」を担当していただきます。
作業内容は非常にシンプルで、「商品を手に取る」「傷がないかチェックする」「箱や袋に詰める」という基本の3ステップが中心です。重いお荷物の持ち運びはほとんどなく、自分のペースでコツコツ・黙々と進められる軽作業です。
未経験からスタートしたスタッフが9割以上活躍中で、1日〜数日で覚えられる簡単な作業ばかりですので、バイトデビューや久しぶりのお仕事復帰の方も安心してスタートしていただけます。

■ 具体的なお仕事の流れ

1. 検品・チェック作業
入荷された商品や出荷前の商品に問題がないか、確認する作業です。

・外観の目視確認： 商品に傷や汚れ、ほつれ、パッケージの凹みなどが無いかを目視で丁寧にチェックします。
・数量・品番の照合： 納品書や手元のハンディ端末に表示されたデータと、目の前にある商品の種類・個数が合致しているか確認します。
・バーコードスキャン： バーコードリーダーを使って商品を「ピッと」読み取る作業です。機械の操作はスマホ感覚で直感的に行えるため、難しい設定や専門知識は一切不要です。

2. 梱包・箱詰め作業
検品が完了した商品を、お客様のもとへ無事にお届けできるよう綺麗に包んで箱に詰める作業です。

・袋詰め・緩衝材包装： 服やタオルなどの布製品を専用の透明袋に入れたり、壊れやすいコスメ・ガラス製品などをプチプチ（緩衝材）で包みます。
・箱詰め・セット作業： 指定のサイズに合わせたダンボール箱を組み立て、商品が途中で動かないよう丁寧に納めます。
・テープ留め・封かん： ダンボールのフタを閉じ、ガムテープでしっかり留めたら梱包完了です。

3. シール貼り・仕分け作業
出荷に向けた最後の仕上げ作業です。

・ラベル貼り： お届け先の伝票シールや、取扱注意シール（「水濡れ厳禁」「割れ物注意」など）を指定の位置へキレイに貼り付けます。
・出荷先ごとの仕分け： 梱包が終わった箱を、配送地域別や配送業者別に分けられた台車やコンテナへ移します。

■ 1日のタイムスケジュール例（日勤の場合）
09:00〜【朝礼・作業スタート】
本日の連絡事項を確認後、各自の作業台へ移動します。担当する作業（検品または梱包）をスタートします。

12:00〜【お昼休憩（60分）】
清潔な休憩室でランチタイム。電子レンジ・冷蔵庫・自動販売機も完備されており、お弁当の持参も自由です。

13:00〜【午後の作業再開】
午前の続きの作業を行います。自分のデスクで黙々と作業に集中できる時間です。

15:00〜【小休憩（15分）】
身体をほぐしたり水分補給をするリフレッシュタイム。集中力を保ちやすい環境が整っています。

15:15〜【出荷準備・最終仕上げ】
本日発送分の最終チェックと、作業スペースの清掃・整理整頓を行います。

18:00〜【作業終了・定時退勤】
残業は基本的にありません。定時になったら「お疲れ様でした！」とスッキリ帰宅できます。

■ 快適な作業環境と働きやすさのポイント
・1年中快適な空調完備： 冷暖房がしっかり効いたクリーンな倉庫なので、夏は涼しく、冬は暖かく快適に作業できます。
・身体に優しい軽作業： 扱う商品は衣類、コスメ、文房具、小型雑貨などがメインです。重量物の持ち上げ作業はありません。
・充実した設備： 個人用の鍵付きロッカーを完備。休憩室は広々としており、ポットや電子レンジ、フリーWi-Fiも自由に使えます。

■ 未経験者でも安心のサポート体制
入社初日は、安全に関する講習と作業の基本ルールについてのオリエンテーションからスタートします。
現場配属後は、専任の先輩スタッフがマンツーマンでついて実際の作業を見せながら丁寧にレクチャーします。

最初は「シールの貼り方」や「ダンボールの組み立て」といった、特に簡単な作業からお任せしますので、一度にたくさんのことを覚える必要はありません。
作業中に分からないことや迷うことがあっても、すぐ近くにリーダーや先輩スタッフが常駐しているため、「これってどうやるんでしたっけ？」といつでも気軽に質問できる安心の環境です。早ければ半日、遅くても2〜3日程度で一人立ちしてスムーズにお仕事を進められるようになります！","✅ 未経験スタート9割以上！簡単なシンプル作業です
「商品を手に取る」「キズがないか見る」「箱に入れる」など、覚えることはたったこれだけ！複雑な機械操作や難しいルールはありません。
先輩スタッフのほとんどが未経験からのスタートです。特別なスキルや経験は一切不要なので、初めてのアルバイトや久しぶりのお仕事復帰の方も安心してください。

✅ 自分のペースで黙々・コツコツ取り組める！
「接客が苦手…」「一人で集中して作業したい」という方にピッタリの環境です。
ノルマなどもなく、ご自身のペースで作業を進められるので、人間関係のストレスを感じることなくのびのびと働けます。

✅ 重い荷物なし！身体への負担が少ない軽作業
扱う商品は、衣服や生活雑貨、コスメなどの比較的軽いものが中心です。
重いダンボールを持ち運んだり、力仕事をお願いすることはほぼありませんので、年齢・性別問わず無理なく長く続けられるお仕事です。

✅ 空調完備のキレイな倉庫で、1年中快適♪
冷暖房がしっかり効いたクリーンな室内での作業です。
「夏は暑くて汗だく…」「冬は寒くて手がかじかむ…」といった心配は無用！季節や天候に関わらず、いつも快適な温度の中で気持ちよく作業に集中できます。

✅ 充実の設備＆働きやすい環境
鍵付きの個人ロッカーを完備しているほか、広々として清潔な休憩室もご用意しています。
休憩室には電子レンジ・冷蔵庫・ポット・自動販売機を完備しており、お弁当を持参してゆっくりくつろぐことも可能です。スタッフが過ごしやすい環境づくりに力を入れています！","例外事由3号のイにより、長期キャリア形成を図るため、
35歳以下を募集しております。","【勤務時間】
★9:00~18:00
└実働8時間/休憩1時間

定時ダッシュも問題ないです✧
✧ 土日祝休み
✧ 残業月平均:6.5時間以内
✧ 残業代100%支給","✧ 完全週休2日制(土日祝休み)
✧ 年間休日125日
「土日休みはマスト!」ってあなたにも
ぴったりの職場です!

【その他休暇】
✧ 有給休暇
✧ 夏季・冬季休暇
✧ GW休暇
✧ 年末年始休暇",愛知県 名古屋市,,"月給:25万円~+交通費全額支給

※経験に応じて決定いたします。

# 昇給あり
# 賞与あり
# 残業代100%支給
# 交通費支給","・社会保険完備
・住宅手当
・家賃補助
・退職金制度
・家族手当・扶養手当
・健康診断
・特別休暇
・資格取得支援制度","\\✧カジュアル面談実施中です✧/

応募に必要なのは人柄のみです!
まずはあなたのご希望を聞かせてください!

✩.。.....................。.✩
■ 応募からの流れ ■
✩.。.....................。.✩

▶STEP1WEBから1分簡単ご応募!
1~3日以内に担当者よりご連絡いたします。

▶ STEP2カジュアル面談(1回のみ)

▶STEP3採用

※入社日のご相談OKです◎
お気軽にご相談ください!",,即日勤務OK、交通費支給、残業なし,2,任意,生年月日、性別、電話番号,ntf-indeedapplicant-aaaatulx77tci2k2pr5yeqapva@shukatsu-labo.slack.com,,,利用しない,,
募集中,日本マニュファクチャリングサービス株式会社,【未経験】検品・梱包作業/日本マニュファクチャリングサービス株式会社/名古屋市港区,倉庫作業スタッフ,20~30代活躍中◎ワークライフバランスも充実！！,,愛知県 名古屋市 港区,,,正社員,はい,月給,250000,,最低額を表示,なし,,,,,,,固定時間制,160,,厚生年金、健康保険、雇用保険、労災保険,,なし,,,,,,,,,,,,,,,,,,"空調が完備された綺麗な物流センター内で、人気ECサイトで販売されているアパレル商品・生活雑貨・コスメなどの「検品・梱包作業」を担当していただきます。
作業内容は非常にシンプルで、「商品を手に取る」「傷がないかチェックする」「箱や袋に詰める」という基本の3ステップが中心です。重いお荷物の持ち運びはほとんどなく、自分のペースでコツコツ・黙々と進められる軽作業です。
未経験からスタートしたスタッフが9割以上活躍中で、1日〜数日で覚えられる簡単な作業ばかりですので、バイトデビューや久しぶりのお仕事復帰の方も安心してスタートしていただけます。

■ 具体的なお仕事の流れ

1. 検品・チェック作業
入荷された商品や出荷前の商品に問題がないか、確認する作業です。

・外観の目視確認： 商品に傷や汚れ、ほつれ、パッケージの凹みなどが無いかを目視で丁寧にチェックします。
・数量・品番の照合： 納品書や手元のハンディ端末に表示されたデータと、目の前にある商品の種類・個数が合致しているか確認します。
・バーコードスキャン： バーコードリーダーを使って商品を「ピッと」読み取る作業です。機械の操作はスマホ感覚で直感的に行えるため、難しい設定や専門知識は一切不要です。

2. 梱包・箱詰め作業
検品が完了した商品を、お客様のもとへ無事にお届けできるよう綺麗に包んで箱に詰める作業です。

・袋詰め・緩衝材包装： 服やタオルなどの布製品を専用の透明袋に入れたり、壊れやすいコスメ・ガラス製品などをプチプチ（緩衝材）で包みます。
・箱詰め・セット作業： 指定のサイズに合わせたダンボール箱を組み立て、商品が途中で動かないよう丁寧に納めます。
・テープ留め・封かん： ダンボールのフタを閉じ、ガムテープでしっかり留めたら梱包完了です。

3. シール貼り・仕分け作業
出荷に向けた最後の仕上げ作業です。

・ラベル貼り： お届け先の伝票シールや、取扱注意シール（「水濡れ厳禁」「割れ物注意」など）を指定の位置へキレイに貼り付けます。
・出荷先ごとの仕分け： 梱包が終わった箱を、配送地域別や配送業者別に分けられた台車やコンテナへ移します。

■ 1日のタイムスケジュール例（日勤の場合）
09:00〜【朝礼・作業スタート】
本日の連絡事項を確認後、各自の作業台へ移動します。担当する作業（検品または梱包）をスタートします。

12:00〜【お昼休憩（60分）】
清潔な休憩室でランチタイム。電子レンジ・冷蔵庫・自動販売機も完備されており、お弁当の持参も自由です。

13:00〜【午後の作業再開】
午前の続きの作業を行います。自分のデスクで黙々と作業に集中できる時間です。

15:00〜【小休憩（15分）】
身体をほぐしたり水分補給をするリフレッシュタイム。集中力を保ちやすい環境が整っています。

15:15〜【出荷準備・最終仕上げ】
本日発送分の最終チェックと、作業スペースの清掃・整理整頓を行います。

18:00〜【作業終了・定時退勤】
残業は基本的にありません。定時になったら「お疲れ様でした！」とスッキリ帰宅できます。

■ 快適な作業環境と働きやすさのポイント
・1年中快適な空調完備： 冷暖房がしっかり効いたクリーンな倉庫なので、夏は涼しく、冬は暖かく快適に作業できます。
・身体に優しい軽作業： 扱う商品は衣類、コスメ、文房具、小型雑貨などがメインです。重量物の持ち上げ作業はありません。
・充実した設備： 個人用の鍵付きロッカーを完備。休憩室は広々としており、ポットや電子レンジ、フリーWi-Fiも自由に使えます。

■ 未経験者でも安心のサポート体制
入社初日は、安全に関する講習と作業の基本ルールについてのオリエンテーションからスタートします。
現場配属後は、専任の先輩スタッフがマンツーマンでついて実際の作業を見せながら丁寧にレクチャーします。

最初は「シールの貼り方」や「ダンボールの組み立て」といった、特に簡単な作業からお任せしますので、一度にたくさんのことを覚える必要はありません。
作業中に分からないことや迷うことがあっても、すぐ近くにリーダーや先輩スタッフが常駐しているため、「これってどうやるんでしたっけ？」といつでも気軽に質問できる安心の環境です。早ければ半日、遅くても2〜3日程度で一人立ちしてスムーズにお仕事を進められるようになります！","✅ 未経験スタート9割以上！簡単なシンプル作業です
「商品を手に取る」「キズがないか見る」「箱に入れる」など、覚えることはたったこれだけ！複雑な機械操作や難しいルールはありません。
先輩スタッフのほとんどが未経験からのスタートです。特別なスキルや経験は一切不要なので、初めてのアルバイトや久しぶりのお仕事復帰の方も安心してください。

✅ 自分のペースで黙々・コツコツ取り組める！
「接客が苦手…」「一人で集中して作業したい」という方にピッタリの環境です。
ノルマなどもなく、ご自身のペースで作業を進められるので、人間関係のストレスを感じることなくのびのびと働けます。

✅ 重い荷物なし！身体への負担が少ない軽作業
扱う商品は、衣服や生活雑貨、コスメなどの比較的軽いものが中心です。
重いダンボールを持ち運んだり、力仕事をお願いすることはほぼありませんので、年齢・性別問わず無理なく長く続けられるお仕事です。

✅ 空調完備のキレイな倉庫で、1年中快適♪
冷暖房がしっかり効いたクリーンな室内での作業です。
「夏は暑くて汗だく…」「冬は寒くて手がかじかむ…」といった心配は無用！季節や天候に関わらず、いつも快適な温度の中で気持ちよく作業に集中できます。

✅ 充実の設備＆働きやすい環境
鍵付きの個人ロッカーを完備しているほか、広々として清潔な休憩室もご用意しています。
休憩室には電子レンジ・冷蔵庫・ポット・自動販売機を完備しており、お弁当を持参してゆっくりくつろぐことも可能です。スタッフが過ごしやすい環境づくりに力を入れています！","例外事由3号のイにより、長期キャリア形成を図るため、
35歳以下を募集しております。","【勤務時間】
★9:00~18:00
└実働8時間/休憩1時間

定時ダッシュも問題ないです✧
✧ 土日祝休み
✧ 残業月平均:6.5時間以内
✧ 残業代100%支給","✧ 完全週休2日制(土日祝休み)
✧ 年間休日125日
「土日休みはマスト!」ってあなたにも
ぴったりの職場です!

【その他休暇】
✧ 有給休暇
✧ 夏季・冬季休暇
✧ GW休暇
✧ 年末年始休暇",愛知県 名古屋市 港区,,"月給:25万円~+交通費全額支給

※経験に応じて決定いたします。

# 昇給あり
# 賞与あり
# 残業代100%支給
# 交通費支給","・社会保険完備
・住宅手当
・家賃補助
・退職金制度
・家族手当・扶養手当
・健康診断
・特別休暇
・資格取得支援制度","\\✧カジュアル面談実施中です✧/

応募に必要なのは人柄のみです!
まずはあなたのご希望を聞かせてください!

✩.。.....................。.✩
■ 応募からの流れ ■
✩.。.....................。.✩

▶STEP1WEBから1分簡単ご応募!
1~3日以内に担当者よりご連絡いたします。

▶ STEP2カジュアル面談(1回のみ)

▶STEP3採用

※入社日のご相談OKです◎
お気軽にご相談ください!",,即日勤務OK、交通費支給、残業なし,2,任意,生年月日、性別、電話番号,ntf-indeedapplicant-aaaatulx77tci2k2pr5yeqapva@shukatsu-labo.slack.com,,,利用しない,,
募集中,日本マニュファクチャリングサービス株式会社,【未経験】検品・梱包作業/日本マニュファクチャリングサービス株式会社/名古屋市熱田区,倉庫作業スタッフ,20~30代活躍中◎ワークライフバランスも充実！！,,愛知県 名古屋市 熱田区,,,正社員,はい,月給,250000,,最低額を表示,なし,,,,,,,固定時間制,160,,厚生年金、健康保険、雇用保険、労災保険,,なし,,,,,,,,,,,,,,,,,,"空調が完備された綺麗な物流センター内で、人気ECサイトで販売されているアパレル商品・生活雑貨・コスメなどの「検品・梱包作業」を担当していただきます。
作業内容は非常にシンプルで、「商品を手に取る」「傷がないかチェックする」「箱や袋に詰める」という基本の3ステップが中心です。重いお荷物の持ち運びはほとんどなく、自分のペースでコツコツ・黙々と進められる軽作業です。
未経験からスタートしたスタッフが9割以上活躍中で、1日〜数日で覚えられる簡単な作業ばかりですので、バイトデビューや久しぶりのお仕事復帰の方も安心してスタートしていただけます。

■ 具体的なお仕事の流れ

1. 検品・チェック作業
入荷された商品や出荷前の商品に問題がないか、確認する作業です。

・外観の目視確認： 商品に傷や汚れ、ほつれ、パッケージの凹みなどが無いかを目視で丁寧にチェックします。
・数量・品番の照合： 納品書や手元のハンディ端末に表示されたデータと、目の前にある商品の種類・個数が合致しているか確認します。
・バーコードスキャン： バーコードリーダーを使って商品を「ピッと」読み取る作業です。機械の操作はスマホ感覚で直感的に行えるため、難しい設定や専門知識は一切不要です。

2. 梱包・箱詰め作業
検品が完了した商品を、お客様のもとへ無事にお届けできるよう綺麗に包んで箱に詰める作業です。

・袋詰め・緩衝材包装： 服やタオルなどの布製品を専用の透明袋に入れたり、壊れやすいコスメ・ガラス製品などをプチプチ（緩衝材）で包みます。
・箱詰め・セット作業： 指定のサイズに合わせたダンボール箱を組み立て、商品が途中で動かないよう丁寧に納めます。
・テープ留め・封かん： ダンボールのフタを閉じ、ガムテープでしっかり留めたら梱包完了です。

3. シール貼り・仕分け作業
出荷に向けた最後の仕上げ作業です。

・ラベル貼り： お届け先の伝票シールや、取扱注意シール（「水濡れ厳禁」「割れ物注意」など）を指定の位置へキレイに貼り付けます。
・出荷先ごとの仕分け： 梱包が終わった箱を、配送地域別や配送業者別に分けられた台車やコンテナへ移します。

■ 1日のタイムスケジュール例（日勤の場合）
09:00〜【朝礼・作業スタート】
本日の連絡事項を確認後、各自の作業台へ移動します。担当する作業（検品または梱包）をスタートします。

12:00〜【お昼休憩（60分）】
清潔な休憩室でランチタイム。電子レンジ・冷蔵庫・自動販売機も完備されており、お弁当の持参も自由です。

13:00〜【午後の作業再開】
午前の続きの作業を行います。自分のデスクで黙々と作業に集中できる時間です。

15:00〜【小休憩（15分）】
身体をほぐしたり水分補給をするリフレッシュタイム。集中力を保ちやすい環境が整っています。

15:15〜【出荷準備・最終仕上げ】
本日発送分の最終チェックと、作業スペースの清掃・整理整頓を行います。

18:00〜【作業終了・定時退勤】
残業は基本的にありません。定時になったら「お疲れ様でした！」とスッキリ帰宅できます。

■ 快適な作業環境と働きやすさのポイント
・1年中快適な空調完備： 冷暖房がしっかり効いたクリーンな倉庫なので、夏は涼しく、冬は暖かく快適に作業できます。
・身体に優しい軽作業： 扱う商品は衣類、コスメ、文房具、小型雑貨などがメインです。重量物の持ち上げ作業はありません。
・充実した設備： 個人用の鍵付きロッカーを完備。休憩室は広々としており、ポットや電子レンジ、フリーWi-Fiも自由に使えます。

■ 未経験者でも安心のサポート体制
入社初日は、安全に関する講習と作業の基本ルールについてのオリエンテーションからスタートします。
現場配属後は、専任の先輩スタッフがマンツーマンでついて実際の作業を見せながら丁寧にレクチャーします。

最初は「シールの貼り方」や「ダンボールの組み立て」といった、特に簡単な作業からお任せしますので、一度にたくさんのことを覚える必要はありません。
作業中に分からないことや迷うことがあっても、すぐ近くにリーダーや先輩スタッフが常駐しているため、「これってどうやるんでしたっけ？」といつでも気軽に質問できる安心の環境です。早ければ半日、遅くても2〜3日程度で一人立ちしてスムーズにお仕事を進められるようになります！","✅ 未経験スタート9割以上！簡単なシンプル作業です
「商品を手に取る」「キズがないか見る」「箱に入れる」など、覚えることはたったこれだけ！複雑な機械操作や難しいルールはありません。
先輩スタッフのほとんどが未経験からのスタートです。特別なスキルや経験は一切不要なので、初めてのアルバイトや久しぶりのお仕事復帰の方も安心してください。

✅ 自分のペースで黙々・コツコツ取り組める！
「接客が苦手…」「一人で集中して作業したい」という方にピッタリの環境です。
ノルマなどもなく、ご自身のペースで作業を進められるので、人間関係のストレスを感じることなくのびのびと働けます。

✅ 重い荷物なし！身体への負担が少ない軽作業
扱う商品は、衣服や生活雑貨、コスメなどの比較的軽いものが中心です。
重いダンボールを持ち運んだり、力仕事をお願いすることはほぼありませんので、年齢・性別問わず無理なく長く続けられるお仕事です。

✅ 空調完備のキレイな倉庫で、1年中快適♪
冷暖房がしっかり効いたクリーンな室内での作業です。
「夏は暑くて汗だく…」「冬は寒くて手がかじかむ…」といった心配は無用！季節や天候に関わらず、いつも快適な温度の中で気持ちよく作業に集中できます。

✅ 充実の設備＆働きやすい環境
鍵付きの個人ロッカーを完備しているほか、広々として清潔な休憩室もご用意しています。
休憩室には電子レンジ・冷蔵庫・ポット・自動販売機を完備しており、お弁当を持参してゆっくりくつろぐことも可能です。スタッフが過ごしやすい環境づくりに力を入れています！","例外事由3号のイにより、長期キャリア形成を図るため、
35歳以下を募集しております。","【勤務時間】
★9:00~18:00
└実働8時間/休憩1時間

定時ダッシュも問題ないです✧
✧ 土日祝休み
✧ 残業月平均:6.5時間以内
✧ 残業代100%支給","✧ 完全週休2日制(土日祝休み)
✧ 年間休日125日
「土日休みはマスト!」ってあなたにも
ぴったりの職場です!

【その他休暇】
✧ 有給休暇
✧ 夏季・冬季休暇
✧ GW休暇
✧ 年末年始休暇",愛知県 名古屋市 熱田区,,"月給:25万円~+交通費全額支給

※経験に応じて決定いたします。

# 昇給あり
# 賞与あり
# 残業代100%支給
# 交通費支給","・社会保険完備
・住宅手当
・家賃補助
・退職金制度
・家族手当・扶養手当
・健康診断
・特別休暇
・資格取得支援制度","\\✧カジュアル面談実施中です✧/

応募に必要なのは人柄のみです!
まずはあなたのご希望を聞かせてください!

✩.。.....................。.✩
■ 応募からの流れ ■
✩.。.....................。.✩

▶STEP1WEBから1分簡単ご応募!
1~3日以内に担当者よりご連絡いたします。

▶ STEP2カジュアル面談(1回のみ)

▶STEP3採用

※入社日のご相談OKです◎
お気軽にご相談ください!",,即日勤務OK、交通費支給、残業なし,2,任意,生年月日、性別、電話番号,ntf-indeedapplicant-aaaatulx77tci2k2pr5yeqapva@shukatsu-labo.slack.com,,,利用しない,,
募集中,日本マニュファクチャリングサービス株式会社,【未経験】検品・梱包作業/日本マニュファクチャリングサービス株式会社/豊田市,倉庫作業スタッフ,20~30代活躍中◎ワークライフバランスも充実！！,,愛知県 豊田市,,,正社員,はい,月給,250000,,最低額を表示,なし,,,,,,,固定時間制,160,,厚生年金、健康保険、雇用保険、労災保険,,なし,,,,,,,,,,,,,,,,,,"空調が完備された綺麗な物流センター内で、人気ECサイトで販売されているアパレル商品・生活雑貨・コスメなどの「検品・梱包作業」を担当していただきます。
作業内容は非常にシンプルで、「商品を手に取る」「傷がないかチェックする」「箱や袋に詰める」という基本の3ステップが中心です。重いお荷物の持ち運びはほとんどなく、自分のペースでコツコツ・黙々と進められる軽作業です。
未経験からスタートしたスタッフが9割以上活躍中で、1日〜数日で覚えられる簡単な作業ばかりですので、バイトデビューや久しぶりのお仕事復帰の方も安心してスタートしていただけます。

■ 具体的なお仕事の流れ

1. 検品・チェック作業
入荷された商品や出荷前の商品に問題がないか、確認する作業です。

・外観の目視確認： 商品に傷や汚れ、ほつれ、パッケージの凹みなどが無いかを目視で丁寧にチェックします。
・数量・品番の照合： 納品書や手元のハンディ端末に表示されたデータと、目の前にある商品の種類・個数が合致しているか確認します。
・バーコードスキャン： バーコードリーダーを使って商品を「ピッと」読み取る作業です。機械の操作はスマホ感覚で直感的に行えるため、難しい設定や専門知識は一切不要です。

2. 梱包・箱詰め作業
検品が完了した商品を、お客様のもとへ無事にお届けできるよう綺麗に包んで箱に詰める作業です。

・袋詰め・緩衝材包装： 服やタオルなどの布製品を専用の透明袋に入れたり、壊れやすいコスメ・ガラス製品などをプチプチ（緩衝材）で包みます。
・箱詰め・セット作業： 指定のサイズに合わせたダンボール箱を組み立て、商品が途中で動かないよう丁寧に納めます。
・テープ留め・封かん： ダンボールのフタを閉じ、ガムテープでしっかり留めたら梱包完了です。

3. シール貼り・仕分け作業
出荷に向けた最後の仕上げ作業です。

・ラベル貼り： お届け先の伝票シールや、取扱注意シール（「水濡れ厳禁」「割れ物注意」など）を指定の位置へキレイに貼り付けます。
・出荷先ごとの仕分け： 梱包が終わった箱を、配送地域別や配送業者別に分けられた台車やコンテナへ移します。

■ 1日のタイムスケジュール例（日勤の場合）
09:00〜【朝礼・作業スタート】
本日の連絡事項を確認後、各自の作業台へ移動します。担当する作業（検品または梱包）をスタートします。

12:00〜【お昼休憩（60分）】
清潔な休憩室でランチタイム。電子レンジ・冷蔵庫・自動販売機も完備されており、お弁当の持参も自由です。

13:00〜【午後の作業再開】
午前の続きの作業を行います。自分のデスクで黙々と作業に集中できる時間です。

15:00〜【小休憩（15分）】
身体をほぐしたり水分補給をするリフレッシュタイム。集中力を保ちやすい環境が整っています。

15:15〜【出荷準備・最終仕上げ】
本日発送分の最終チェックと、作業スペースの清掃・整理整頓を行います。

18:00〜【作業終了・定時退勤】
残業は基本的にありません。定時になったら「お疲れ様でした！」とスッキリ帰宅できます。

■ 快適な作業環境と働きやすさのポイント
・1年中快適な空調完備： 冷暖房がしっかり効いたクリーンな倉庫なので、夏は涼しく、冬は暖かく快適に作業できます。
・身体に優しい軽作業： 扱う商品は衣類、コスメ、文房具、小型雑貨などがメインです。重量物の持ち上げ作業はありません。
・充実した設備： 個人用の鍵付きロッカーを完備。休憩室は広々としており、ポットや電子レンジ、フリーWi-Fiも自由に使えます。

■ 未経験者でも安心のサポート体制
入社初日は、安全に関する講習と作業の基本ルールについてのオリエンテーションからスタートします。
現場配属後は、専任の先輩スタッフがマンツーマンでついて実際の作業を見せながら丁寧にレクチャーします。

最初は「シールの貼り方」や「ダンボールの組み立て」といった、特に簡単な作業からお任せしますので、一度にたくさんのことを覚える必要はありません。
作業中に分からないことや迷うことがあっても、すぐ近くにリーダーや先輩スタッフが常駐しているため、「これってどうやるんでしたっけ？」といつでも気軽に質問できる安心の環境です。早ければ半日、遅くても2〜3日程度で一人立ちしてスムーズにお仕事を進められるようになります！","✅ 未経験スタート9割以上！簡単なシンプル作業です
「商品を手に取る」「キズがないか見る」「箱に入れる」など、覚えることはたったこれだけ！複雑な機械操作や難しいルールはありません。
先輩スタッフのほとんどが未経験からのスタートです。特別なスキルや経験は一切不要なので、初めてのアルバイトや久しぶりのお仕事復帰の方も安心してください。

✅ 自分のペースで黙々・コツコツ取り組める！
「接客が苦手…」「一人で集中して作業したい」という方にピッタリの環境です。
ノルマなどもなく、ご自身のペースで作業を進められるので、人間関係のストレスを感じることなくのびのびと働けます。

✅ 重い荷物なし！身体への負担が少ない軽作業
扱う商品は、衣服や生活雑貨、コスメなどの比較的軽いものが中心です。
重いダンボールを持ち運んだり、力仕事をお願いすることはほぼありませんので、年齢・性別問わず無理なく長く続けられるお仕事です。

✅ 空調完備のキレイな倉庫で、1年中快適♪
冷暖房がしっかり効いたクリーンな室内での作業です。
「夏は暑くて汗だく…」「冬は寒くて手がかじかむ…」といった心配は無用！季節や天候に関わらず、いつも快適な温度の中で気持ちよく作業に集中できます。

✅ 充実の設備＆働きやすい環境
鍵付きの個人ロッカーを完備しているほか、広々として清潔な休憩室もご用意しています。
休憩室には電子レンジ・冷蔵庫・ポット・自動販売機を完備しており、お弁当を持参してゆっくりくつろぐことも可能です。スタッフが過ごしやすい環境づくりに力を入れています！","例外事由3号のイにより、長期キャリア形成を図るため、
35歳以下を募集しております。","【勤務時間】
★9:00~18:00
└実働8時間/休憩1時間

定時ダッシュも問題ないです✧
✧ 土日祝休み
✧ 残業月平均:6.5時間以内
✧ 残業代100%支給","✧ 完全週休2日制(土日祝休み)
✧ 年間休日125日
「土日休みはマスト!」ってあなたにも
ぴったりの職場です!

【その他休暇】
✧ 有給休暇
✧ 夏季・冬季休暇
✧ GW休暇
✧ 年末年始休暇",愛知県 豊田市,,"月給:25万円~+交通費全額支給

※経験に応じて決定いたします。

# 昇給あり
# 賞与あり
# 残業代100%支給
# 交通費支給","・社会保険完備
・住宅手当
・家賃補助
・退職金制度
・家族手当・扶養手当
・健康診断
・特別休暇
・資格取得支援制度","\\✧カジュアル面談実施中です✧/

応募に必要なのは人柄のみです!
まずはあなたのご希望を聞かせてください!

✩.。.....................。.✩
■ 応募からの流れ ■
✩.。.....................。.✩

▶STEP1WEBから1分簡単ご応募!
1~3日以内に担当者よりご連絡いたします。

▶ STEP2カジュアル面談(1回のみ)

▶STEP3採用

※入社日のご相談OKです◎
お気軽にご相談ください!",,即日勤務OK、交通費支給、残業なし,2,任意,生年月日、性別、電話番号,ntf-indeedapplicant-aaaatulx77tci2k2pr5yeqapva@shukatsu-labo.slack.com,,,利用しない,,
募集中,日本マニュファクチャリングサービス株式会社,【未経験】検品・梱包作業/日本マニュファクチャリングサービス株式会社/安城市,倉庫作業スタッフ,20~30代活躍中◎ワークライフバランスも充実！！,,愛知県 安城市,,,正社員,はい,月給,250000,,最低額を表示,なし,,,,,,,固定時間制,160,,厚生年金、健康保険、雇用保険、労災保険,,なし,,,,,,,,,,,,,,,,,,"空調が完備された綺麗な物流センター内で、人気ECサイトで販売されているアパレル商品・生活雑貨・コスメなどの「検品・梱包作業」を担当していただきます。
作業内容は非常にシンプルで、「商品を手に取る」「傷がないかチェックする」「箱や袋に詰める」という基本の3ステップが中心です。重いお荷物の持ち運びはほとんどなく、自分のペースでコツコツ・黙々と進められる軽作業です。
未経験からスタートしたスタッフが9割以上活躍中で、1日〜数日で覚えられる簡単な作業ばかりですので、バイトデビューや久しぶりのお仕事復帰の方も安心してスタートしていただけます。

■ 具体的なお仕事の流れ

1. 検品・チェック作業
入荷された商品や出荷前の商品に問題がないか、確認する作業です。

・外観の目視確認： 商品に傷や汚れ、ほつれ、パッケージの凹みなどが無いかを目視で丁寧にチェックします。
・数量・品番の照合： 納品書や手元のハンディ端末に表示されたデータと、目の前にある商品の種類・個数が合致しているか確認します。
・バーコードスキャン： バーコードリーダーを使って商品を「ピッと」読み取る作業です。機械の操作はスマホ感覚で直感的に行えるため、難しい設定や専門知識は一切不要です。

2. 梱包・箱詰め作業
検品が完了した商品を、お客様のもとへ無事にお届けできるよう綺麗に包んで箱に詰める作業です。

・袋詰め・緩衝材包装： 服やタオルなどの布製品を専用の透明袋に入れたり、壊れやすいコスメ・ガラス製品などをプチプチ（緩衝材）で包みます。
・箱詰め・セット作業： 指定のサイズに合わせたダンボール箱を組み立て、商品が途中で動かないよう丁寧に納めます。
・テープ留め・封かん： ダンボールのフタを閉じ、ガムテープでしっかり留めたら梱包完了です。

3. シール貼り・仕分け作業
出荷に向けた最後の仕上げ作業です。

・ラベル貼り： お届け先の伝票シールや、取扱注意シール（「水濡れ厳禁」「割れ物注意」など）を指定の位置へキレイに貼り付けます。
・出荷先ごとの仕分け： 梱包が終わった箱を、配送地域別や配送業者別に分けられた台車やコンテナへ移します。

■ 1日のタイムスケジュール例（日勤の場合）
09:00〜【朝礼・作業スタート】
本日の連絡事項を確認後、各自の作業台へ移動します。担当する作業（検品または梱包）をスタートします。

12:00〜【お昼休憩（60分）】
清潔な休憩室でランチタイム。電子レンジ・冷蔵庫・自動販売機も完備されており、お弁当の持参も自由です。

13:00〜【午後の作業再開】
午前の続きの作業を行います。自分のデスクで黙々と作業に集中できる時間です。

15:00〜【小休憩（15分）】
身体をほぐしたり水分補給をするリフレッシュタイム。集中力を保ちやすい環境が整っています。

15:15〜【出荷準備・最終仕上げ】
本日発送分の最終チェックと、作業スペースの清掃・整理整頓を行います。

18:00〜【作業終了・定時退勤】
残業は基本的にありません。定時になったら「お疲れ様でした！」とスッキリ帰宅できます。

■ 快適な作業環境と働きやすさのポイント
・1年中快適な空調完備： 冷暖房がしっかり効いたクリーンな倉庫なので、夏は涼しく、冬は暖かく快適に作業できます。
・身体に優しい軽作業： 扱う商品は衣類、コスメ、文房具、小型雑貨などがメインです。重量物の持ち上げ作業はありません。
・充実した設備： 個人用の鍵付きロッカーを完備。休憩室は広々としており、ポットや電子レンジ、フリーWi-Fiも自由に使えます。

■ 未経験者でも安心のサポート体制
入社初日は、安全に関する講習と作業の基本ルールについてのオリエンテーションからスタートします。
現場配属後は、専任の先輩スタッフがマンツーマンでついて実際の作業を見せながら丁寧にレクチャーします。

最初は「シールの貼り方」や「ダンボールの組み立て」といった、特に簡単な作業からお任せしますので、一度にたくさんのことを覚える必要はありません。
作業中に分からないことや迷うことがあっても、すぐ近くにリーダーや先輩スタッフが常駐しているため、「これってどうやるんでしたっけ？」といつでも気軽に質問できる安心の環境です。早ければ半日、遅くても2〜3日程度で一人立ちしてスムーズにお仕事を進められるようになります！","✅ 未経験スタート9割以上！簡単なシンプル作業です
「商品を手に取る」「キズがないか見る」「箱に入れる」など、覚えることはたったこれだけ！複雑な機械操作や難しいルールはありません。
先輩スタッフのほとんどが未経験からのスタートです。特別なスキルや経験は一切不要なので、初めてのアルバイトや久しぶりのお仕事復帰の方も安心してください。

✅ 自分のペースで黙々・コツコツ取り組める！
「接客が苦手…」「一人で集中して作業したい」という方にピッタリの環境です。
ノルマなどもなく、ご自身のペースで作業を進められるので、人間関係のストレスを感じることなくのびのびと働けます。

✅ 重い荷物なし！身体への負担が少ない軽作業
扱う商品は、衣服や生活雑貨、コスメなどの比較的軽いものが中心です。
重いダンボールを持ち運んだり、力仕事をお願いすることはほぼありませんので、年齢・性別問わず無理なく長く続けられるお仕事です。

✅ 空調完備のキレイな倉庫で、1年中快適♪
冷暖房がしっかり効いたクリーンな室内での作業です。
「夏は暑くて汗だく…」「冬は寒くて手がかじかむ…」といった心配は無用！季節や天候に関わらず、いつも快適な温度の中で気持ちよく作業に集中できます。

✅ 充実の設備＆働きやすい環境
鍵付きの個人ロッカーを完備しているほか、広々として清潔な休憩室もご用意しています。
休憩室には電子レンジ・冷蔵庫・ポット・自動販売機を完備しており、お弁当を持参してゆっくりくつろぐことも可能です。スタッフが過ごしやすい環境づくりに力を入れています！","例外事由3号のイにより、長期キャリア形成を図るため、
35歳以下を募集しております。","【勤務時間】
★9:00~18:00
└実働8時間/休憩1時間

定時ダッシュも問題ないです✧
✧ 土日祝休み
✧ 残業月平均:6.5時間以内
✧ 残業代100%支給","✧ 完全週休2日制(土日祝休み)
✧ 年間休日125日
「土日休みはマスト!」ってあなたにも
ぴったりの職場です!

【その他休暇】
✧ 有給休暇
✧ 夏季・冬季休暇
✧ GW休暇
✧ 年末年始休暇",愛知県 安城市,,"月給:25万円~+交通費全額支給

※経験に応じて決定いたします。

# 昇給あり
# 賞与あり
# 残業代100%支給
# 交通費支給","・社会保険完備
・住宅手当
・家賃補助
・退職金制度
・家族手当・扶養手当
・健康診断
・特別休暇
・資格取得支援制度","\\✧カジュアル面談実施中です✧/

応募に必要なのは人柄のみです!
まずはあなたのご希望を聞かせてください!

✩.。.....................。.✩
■ 応募からの流れ ■
✩.。.....................。.✩

▶STEP1WEBから1分簡単ご応募!
1~3日以内に担当者よりご連絡いたします。

▶ STEP2カジュアル面談(1回のみ)

▶STEP3採用

※入社日のご相談OKです◎
お気軽にご相談ください!",,即日勤務OK、交通費支給、残業なし,2,任意,生年月日、性別、電話番号,ntf-indeedapplicant-aaaatulx77tci2k2pr5yeqapva@shukatsu-labo.slack.com,,,利用しない,,
募集中,日本マニュファクチャリングサービス株式会社,【未経験】検品・梱包作業/日本マニュファクチャリングサービス株式会社/半田市,倉庫作業スタッフ,20~30代活躍中◎ワークライフバランスも充実！！,,愛知県 半田市,,,正社員,はい,月給,250000,,最低額を表示,なし,,,,,,,固定時間制,160,,厚生年金、健康保険、雇用保険、労災保険,,なし,,,,,,,,,,,,,,,,,,"空調が完備された綺麗な物流センター内で、人気ECサイトで販売されているアパレル商品・生活雑貨・コスメなどの「検品・梱包作業」を担当していただきます。
作業内容は非常にシンプルで、「商品を手に取る」「傷がないかチェックする」「箱や袋に詰める」という基本の3ステップが中心です。重いお荷物の持ち運びはほとんどなく、自分のペースでコツコツ・黙々と進められる軽作業です。
未経験からスタートしたスタッフが9割以上活躍中で、1日〜数日で覚えられる簡単な作業ばかりですので、バイトデビューや久しぶりのお仕事復帰の方も安心してスタートしていただけます。

■ 具体的なお仕事の流れ

1. 検品・チェック作業
入荷された商品や出荷前の商品に問題がないか、確認する作業です。

・外観の目視確認： 商品に傷や汚れ、ほつれ、パッケージの凹みなどが無いかを目視で丁寧にチェックします。
・数量・品番の照合： 納品書や手元のハンディ端末に表示されたデータと、目の前にある商品の種類・個数が合致しているか確認します。
・バーコードスキャン： バーコードリーダーを使って商品を「ピッと」読み取る作業です。機械の操作はスマホ感覚で直感的に行えるため、難しい設定や専門知識は一切不要です。

2. 梱包・箱詰め作業
検品が完了した商品を、お客様のもとへ無事にお届けできるよう綺麗に包んで箱に詰める作業です。

・袋詰め・緩衝材包装： 服やタオルなどの布製品を専用の透明袋に入れたり、壊れやすいコスメ・ガラス製品などをプチプチ（緩衝材）で包みます。
・箱詰め・セット作業： 指定のサイズに合わせたダンボール箱を組み立て、商品が途中で動かないよう丁寧に納めます。
・テープ留め・封かん： ダンボールのフタを閉じ、ガムテープでしっかり留めたら梱包完了です。

3. シール貼り・仕分け作業
出荷に向けた最後の仕上げ作業です。

・ラベル貼り： お届け先の伝票シールや、取扱注意シール（「水濡れ厳禁」「割れ物注意」など）を指定の位置へキレイに貼り付けます。
・出荷先ごとの仕分け： 梱包が終わった箱を、配送地域別や配送業者別に分けられた台車やコンテナへ移します。

■ 1日のタイムスケジュール例（日勤の場合）
09:00〜【朝礼・作業スタート】
本日の連絡事項を確認後、各自の作業台へ移動します。担当する作業（検品または梱包）をスタートします。

12:00〜【お昼休憩（60分）】
清潔な休憩室でランチタイム。電子レンジ・冷蔵庫・自動販売機も完備されており、お弁当の持参も自由です。

13:00〜【午後の作業再開】
午前の続きの作業を行います。自分のデスクで黙々と作業に集中できる時間です。

15:00〜【小休憩（15分）】
身体をほぐしたり水分補給をするリフレッシュタイム。集中力を保ちやすい環境が整っています。

15:15〜【出荷準備・最終仕上げ】
本日発送分の最終チェックと、作業スペースの清掃・整理整頓を行います。

18:00〜【作業終了・定時退勤】
残業は基本的にありません。定時になったら「お疲れ様でした！」とスッキリ帰宅できます。

■ 快適な作業環境と働きやすさのポイント
・1年中快適な空調完備： 冷暖房がしっかり効いたクリーンな倉庫なので、夏は涼しく、冬は暖かく快適に作業できます。
・身体に優しい軽作業： 扱う商品は衣類、コスメ、文房具、小型雑貨などがメインです。重量物の持ち上げ作業はありません。
・充実した設備： 個人用の鍵付きロッカーを完備。休憩室は広々としており、ポットや電子レンジ、フリーWi-Fiも自由に使えます。

■ 未経験者でも安心のサポート体制
入社初日は、安全に関する講習と作業の基本ルールについてのオリエンテーションからスタートします。
現場配属後は、専任の先輩スタッフがマンツーマンでついて実際の作業を見せながら丁寧にレクチャーします。

最初は「シールの貼り方」や「ダンボールの組み立て」といった、特に簡単な作業からお任せしますので、一度にたくさんのことを覚える必要はありません。
作業中に分からないことや迷うことがあっても、すぐ近くにリーダーや先輩スタッフが常駐しているため、「これってどうやるんでしたっけ？」といつでも気軽に質問できる安心の環境です。早ければ半日、遅くても2〜3日程度で一人立ちしてスムーズにお仕事を進められるようになります！","✅ 未経験スタート9割以上！簡単なシンプル作業です
「商品を手に取る」「キズがないか見る」「箱に入れる」など、覚えることはたったこれだけ！複雑な機械操作や難しいルールはありません。
先輩スタッフのほとんどが未経験からのスタートです。特別なスキルや経験は一切不要なので、初めてのアルバイトや久しぶりのお仕事復帰の方も安心してください。

✅ 自分のペースで黙々・コツコツ取り組める！
「接客が苦手…」「一人で集中して作業したい」という方にピッタリの環境です。
ノルマなどもなく、ご自身のペースで作業を進められるので、人間関係のストレスを感じることなくのびのびと働けます。

✅ 重い荷物なし！身体への負担が少ない軽作業
扱う商品は、衣服や生活雑貨、コスメなどの比較的軽いものが中心です。
重いダンボールを持ち運んだり、力仕事をお願いすることはほぼありませんので、年齢・性別問わず無理なく長く続けられるお仕事です。

✅ 空調完備のキレイな倉庫で、1年中快適♪
冷暖房がしっかり効いたクリーンな室内での作業です。
「夏は暑くて汗だく…」「冬は寒くて手がかじかむ…」といった心配は無用！季節や天候に関わらず、いつも快適な温度の中で気持ちよく作業に集中できます。

✅ 充実の設備＆働きやすい環境
鍵付きの個人ロッカーを完備しているほか、広々として清潔な休憩室もご用意しています。
休憩室には電子レンジ・冷蔵庫・ポット・自動販売機を完備しており、お弁当を持参してゆっくりくつろぐことも可能です。スタッフが過ごしやすい環境づくりに力を入れています！","例外事由3号のイにより、長期キャリア形成を図るため、
35歳以下を募集しております。","【勤務時間】
★9:00~18:00
└実働8時間/休憩1時間

定時ダッシュも問題ないです✧
✧ 土日祝休み
✧ 残業月平均:6.5時間以内
✧ 残業代100%支給","✧ 完全週休2日制(土日祝休み)
✧ 年間休日125日
「土日休みはマスト!」ってあなたにも
ぴったりの職場です!

【その他休暇】
✧ 有給休暇
✧ 夏季・冬季休暇
✧ GW休暇
✧ 年末年始休暇",愛知県 半田市,,"月給:25万円~+交通費全額支給

※経験に応じて決定いたします。

# 昇給あり
# 賞与あり
# 残業代100%支給
# 交通費支給","・社会保険完備
・住宅手当
・家賃補助
・退職金制度
・家族手当・扶養手当
・健康診断
・特別休暇
・資格取得支援制度","\\✧カジュアル面談実施中です✧/

応募に必要なのは人柄のみです!
まずはあなたのご希望を聞かせてください!

✩.。.....................。.✩
■ 応募からの流れ ■
✩.。.....................。.✩

▶STEP1WEBから1分簡単ご応募!
1~3日以内に担当者よりご連絡いたします。

▶ STEP2カジュアル面談(1回のみ)

▶STEP3採用

※入社日のご相談OKです◎
お気軽にご相談ください!",,即日勤務OK、交通費支給、残業なし,2,任意,生年月日、性別、電話番号,ntf-indeedapplicant-aaaatulx77tci2k2pr5yeqapva@shukatsu-labo.slack.com,,,利用しない,,
募集中,日本マニュファクチャリングサービス株式会社,【未経験】検品・梱包作業/日本マニュファクチャリングサービス株式会社/豊明市,倉庫作業スタッフ,20~30代活躍中◎ワークライフバランスも充実！！,,愛知県 豊明市,,,正社員,はい,月給,250000,,最低額を表示,なし,,,,,,,固定時間制,160,,厚生年金、健康保険、雇用保険、労災保険,,なし,,,,,,,,,,,,,,,,,,"空調が完備された綺麗な物流センター内で、人気ECサイトで販売されているアパレル商品・生活雑貨・コスメなどの「検品・梱包作業」を担当していただきます。
作業内容は非常にシンプルで、「商品を手に取る」「傷がないかチェックする」「箱や袋に詰める」という基本の3ステップが中心です。重いお荷物の持ち運びはほとんどなく、自分のペースでコツコツ・黙々と進められる軽作業です。
未経験からスタートしたスタッフが9割以上活躍中で、1日〜数日で覚えられる簡単な作業ばかりですので、バイトデビューや久しぶりのお仕事復帰の方も安心してスタートしていただけます。

■ 具体的なお仕事の流れ

1. 検品・チェック作業
入荷された商品や出荷前の商品に問題がないか、確認する作業です。

・外観の目視確認： 商品に傷や汚れ、ほつれ、パッケージの凹みなどが無いかを目視で丁寧にチェックします。
・数量・品番の照合： 納品書や手元のハンディ端末に表示されたデータと、目の前にある商品の種類・個数が合致しているか確認します。
・バーコードスキャン： バーコードリーダーを使って商品を「ピッと」読み取る作業です。機械の操作はスマホ感覚で直感的に行えるため、難しい設定や専門知識は一切不要です。

2. 梱包・箱詰め作業
検品が完了した商品を、お客様のもとへ無事にお届けできるよう綺麗に包んで箱に詰める作業です。

・袋詰め・緩衝材包装： 服やタオルなどの布製品を専用の透明袋に入れたり、壊れやすいコスメ・ガラス製品などをプチプチ（緩衝材）で包みます。
・箱詰め・セット作業： 指定のサイズに合わせたダンボール箱を組み立て、商品が途中で動かないよう丁寧に納めます。
・テープ留め・封かん： ダンボールのフタを閉じ、ガムテープでしっかり留めたら梱包完了です。

3. シール貼り・仕分け作業
出荷に向けた最後の仕上げ作業です。

・ラベル貼り： お届け先の伝票シールや、取扱注意シール（「水濡れ厳禁」「割れ物注意」など）を指定の位置へキレイに貼り付けます。
・出荷先ごとの仕分け： 梱包が終わった箱を、配送地域別や配送業者別に分けられた台車やコンテナへ移します。

■ 1日のタイムスケジュール例（日勤の場合）
09:00〜【朝礼・作業スタート】
本日の連絡事項を確認後、各自の作業台へ移動します。担当する作業（検品または梱包）をスタートします。

12:00〜【お昼休憩（60分）】
清潔な休憩室でランチタイム。電子レンジ・冷蔵庫・自動販売機も完備されており、お弁当の持参も自由です。

13:00〜【午後の作業再開】
午前の続きの作業を行います。自分のデスクで黙々と作業に集中できる時間です。

15:00〜【小休憩（15分）】
身体をほぐしたり水分補給をするリフレッシュタイム。集中力を保ちやすい環境が整っています。

15:15〜【出荷準備・最終仕上げ】
本日発送分の最終チェックと、作業スペースの清掃・整理整頓を行います。

18:00〜【作業終了・定時退勤】
残業は基本的にありません。定時になったら「お疲れ様でした！」とスッキリ帰宅できます。

■ 快適な作業環境と働きやすさのポイント
・1年中快適な空調完備： 冷暖房がしっかり効いたクリーンな倉庫なので、夏は涼しく、冬は暖かく快適に作業できます。
・身体に優しい軽作業： 扱う商品は衣類、コスメ、文房具、小型雑貨などがメインです。重量物の持ち上げ作業はありません。
・充実した設備： 個人用の鍵付きロッカーを完備。休憩室は広々としており、ポットや電子レンジ、フリーWi-Fiも自由に使えます。

■ 未経験者でも安心のサポート体制
入社初日は、安全に関する講習と作業の基本ルールについてのオリエンテーションからスタートします。
現場配属後は、専任の先輩スタッフがマンツーマンでついて実際の作業を見せながら丁寧にレクチャーします。

最初は「シールの貼り方」や「ダンボールの組み立て」といった、特に簡単な作業からお任せしますので、一度にたくさんのことを覚える必要はありません。
作業中に分からないことや迷うことがあっても、すぐ近くにリーダーや先輩スタッフが常駐しているため、「これってどうやるんでしたっけ？」といつでも気軽に質問できる安心の環境です。早ければ半日、遅くても2〜3日程度で一人立ちしてスムーズにお仕事を進められるようになります！","✅ 未経験スタート9割以上！簡単なシンプル作業です
「商品を手に取る」「キズがないか見る」「箱に入れる」など、覚えることはたったこれだけ！複雑な機械操作や難しいルールはありません。
先輩スタッフのほとんどが未経験からのスタートです。特別なスキルや経験は一切不要なので、初めてのアルバイトや久しぶりのお仕事復帰の方も安心してください。

✅ 自分のペースで黙々・コツコツ取り組める！
「接客が苦手…」「一人で集中して作業したい」という方にピッタリの環境です。
ノルマなどもなく、ご自身のペースで作業を進められるので、人間関係のストレスを感じることなくのびのびと働けます。

✅ 重い荷物なし！身体への負担が少ない軽作業
扱う商品は、衣服や生活雑貨、コスメなどの比較的軽いものが中心です。
重いダンボールを持ち運んだり、力仕事をお願いすることはほぼありませんので、年齢・性別問わず無理なく長く続けられるお仕事です。

✅ 空調完備のキレイな倉庫で、1年中快適♪
冷暖房がしっかり効いたクリーンな室内での作業です。
「夏は暑くて汗だく…」「冬は寒くて手がかじかむ…」といった心配は無用！季節や天候に関わらず、いつも快適な温度の中で気持ちよく作業に集中できます。

✅ 充実の設備＆働きやすい環境
鍵付きの個人ロッカーを完備しているほか、広々として清潔な休憩室もご用意しています。
休憩室には電子レンジ・冷蔵庫・ポット・自動販売機を完備しており、お弁当を持参してゆっくりくつろぐことも可能です。スタッフが過ごしやすい環境づくりに力を入れています！","例外事由3号のイにより、長期キャリア形成を図るため、
35歳以下を募集しております。","【勤務時間】
★9:00~18:00
└実働8時間/休憩1時間

定時ダッシュも問題ないです✧
✧ 土日祝休み
✧ 残業月平均:6.5時間以内
✧ 残業代100%支給","✧ 完全週休2日制(土日祝休み)
✧ 年間休日125日
「土日休みはマスト!」ってあなたにも
ぴったりの職場です!

【その他休暇】
✧ 有給休暇
✧ 夏季・冬季休暇
✧ GW休暇
✧ 年末年始休暇",愛知県 豊明市,,"月給:25万円~+交通費全額支給

※経験に応じて決定いたします。

# 昇給あり
# 賞与あり
# 残業代100%支給
# 交通費支給","・社会保険完備
・住宅手当
・家賃補助
・退職金制度
・家族手当・扶養手当
・健康診断
・特別休暇
・資格取得支援制度","\\✧カジュアル面談実施中です✧/

応募に必要なのは人柄のみです!
まずはあなたのご希望を聞かせてください!

✩.。.....................。.✩
■ 応募からの流れ ■
✩.。.....................。.✩

▶STEP1WEBから1分簡単ご応募!
1~3日以内に担当者よりご連絡いたします。

▶ STEP2カジュアル面談(1回のみ)

▶STEP3採用

※入社日のご相談OKです◎
お気軽にご相談ください!",,即日勤務OK、交通費支給、残業なし,2,任意,生年月日、性別、電話番号,ntf-indeedapplicant-aaaatulx77tci2k2pr5yeqapva@shukatsu-labo.slack.com,,,利用しない,,
募集中,日本マニュファクチャリングサービス株式会社,【未経験】検品・梱包作業/日本マニュファクチャリングサービス株式会社/東海市,倉庫作業スタッフ,20~30代活躍中◎ワークライフバランスも充実！！,,愛知県 東海市,,,正社員,はい,月給,250000,,最低額を表示,なし,,,,,,,固定時間制,160,,厚生年金、健康保険、雇用保険、労災保険,,なし,,,,,,,,,,,,,,,,,,"空調が完備された綺麗な物流センター内で、人気ECサイトで販売されているアパレル商品・生活雑貨・コスメなどの「検品・梱包作業」を担当していただきます。
作業内容は非常にシンプルで、「商品を手に取る」「傷がないかチェックする」「箱や袋に詰める」という基本の3ステップが中心です。重いお荷物の持ち運びはほとんどなく、自分のペースでコツコツ・黙々と進められる軽作業です。
未経験からスタートしたスタッフが9割以上活躍中で、1日〜数日で覚えられる簡単な作業ばかりですので、バイトデビューや久しぶりのお仕事復帰の方も安心してスタートしていただけます。

■ 具体的なお仕事の流れ

1. 検品・チェック作業
入荷された商品や出荷前の商品に問題がないか、確認する作業です。

・外観の目視確認： 商品に傷や汚れ、ほつれ、パッケージの凹みなどが無いかを目視で丁寧にチェックします。
・数量・品番の照合： 納品書や手元のハンディ端末に表示されたデータと、目の前にある商品の種類・個数が合致しているか確認します。
・バーコードスキャン： バーコードリーダーを使って商品を「ピッと」読み取る作業です。機械の操作はスマホ感覚で直感的に行えるため、難しい設定や専門知識は一切不要です。

2. 梱包・箱詰め作業
検品が完了した商品を、お客様のもとへ無事にお届けできるよう綺麗に包んで箱に詰める作業です。

・袋詰め・緩衝材包装： 服やタオルなどの布製品を専用の透明袋に入れたり、壊れやすいコスメ・ガラス製品などをプチプチ（緩衝材）で包みます。
・箱詰め・セット作業： 指定のサイズに合わせたダンボール箱を組み立て、商品が途中で動かないよう丁寧に納めます。
・テープ留め・封かん： ダンボールのフタを閉じ、ガムテープでしっかり留めたら梱包完了です。

3. シール貼り・仕分け作業
出荷に向けた最後の仕上げ作業です。

・ラベル貼り： お届け先の伝票シールや、取扱注意シール（「水濡れ厳禁」「割れ物注意」など）を指定の位置へキレイに貼り付けます。
・出荷先ごとの仕分け： 梱包が終わった箱を、配送地域別や配送業者別に分けられた台車やコンテナへ移します。

■ 1日のタイムスケジュール例（日勤の場合）
09:00〜【朝礼・作業スタート】
本日の連絡事項を確認後、各自の作業台へ移動します。担当する作業（検品または梱包）をスタートします。

12:00〜【お昼休憩（60分）】
清潔な休憩室でランチタイム。電子レンジ・冷蔵庫・自動販売機も完備されており、お弁当の持参も自由です。

13:00〜【午後の作業再開】
午前の続きの作業を行います。自分のデスクで黙々と作業に集中できる時間です。

15:00〜【小休憩（15分）】
身体をほぐしたり水分補給をするリフレッシュタイム。集中力を保ちやすい環境が整っています。

15:15〜【出荷準備・最終仕上げ】
本日発送分の最終チェックと、作業スペースの清掃・整理整頓を行います。

18:00〜【作業終了・定時退勤】
残業は基本的にありません。定時になったら「お疲れ様でした！」とスッキリ帰宅できます。

■ 快適な作業環境と働きやすさのポイント
・1年中快適な空調完備： 冷暖房がしっかり効いたクリーンな倉庫なので、夏は涼しく、冬は暖かく快適に作業できます。
・身体に優しい軽作業： 扱う商品は衣類、コスメ、文房具、小型雑貨などがメインです。重量物の持ち上げ作業はありません。
・充実した設備： 個人用の鍵付きロッカーを完備。休憩室は広々としており、ポットや電子レンジ、フリーWi-Fiも自由に使えます。

■ 未経験者でも安心のサポート体制
入社初日は、安全に関する講習と作業の基本ルールについてのオリエンテーションからスタートします。
現場配属後は、専任の先輩スタッフがマンツーマンでついて実際の作業を見せながら丁寧にレクチャーします。

最初は「シールの貼り方」や「ダンボールの組み立て」といった、特に簡単な作業からお任せしますので、一度にたくさんのことを覚える必要はありません。
作業中に分からないことや迷うことがあっても、すぐ近くにリーダーや先輩スタッフが常駐しているため、「これってどうやるんでしたっけ？」といつでも気軽に質問できる安心の環境です。早ければ半日、遅くても2〜3日程度で一人立ちしてスムーズにお仕事を進められるようになります！","✅ 未経験スタート9割以上！簡単なシンプル作業です
「商品を手に取る」「キズがないか見る」「箱に入れる」など、覚えることはたったこれだけ！複雑な機械操作や難しいルールはありません。
先輩スタッフのほとんどが未経験からのスタートです。特別なスキルや経験は一切不要なので、初めてのアルバイトや久しぶりのお仕事復帰の方も安心してください。

✅ 自分のペースで黙々・コツコツ取り組める！
「接客が苦手…」「一人で集中して作業したい」という方にピッタリの環境です。
ノルマなどもなく、ご自身のペースで作業を進められるので、人間関係のストレスを感じることなくのびのびと働けます。

✅ 重い荷物なし！身体への負担が少ない軽作業
扱う商品は、衣服や生活雑貨、コスメなどの比較的軽いものが中心です。
重いダンボールを持ち運んだり、力仕事をお願いすることはほぼありませんので、年齢・性別問わず無理なく長く続けられるお仕事です。

✅ 空調完備のキレイな倉庫で、1年中快適♪
冷暖房がしっかり効いたクリーンな室内での作業です。
「夏は暑くて汗だく…」「冬は寒くて手がかじかむ…」といった心配は無用！季節や天候に関わらず、いつも快適な温度の中で気持ちよく作業に集中できます。

✅ 充実の設備＆働きやすい環境
鍵付きの個人ロッカーを完備しているほか、広々として清潔な休憩室もご用意しています。
休憩室には電子レンジ・冷蔵庫・ポット・自動販売機を完備しており、お弁当を持参してゆっくりくつろぐことも可能です。スタッフが過ごしやすい環境づくりに力を入れています！","例外事由3号のイにより、長期キャリア形成を図るため、
35歳以下を募集しております。","【勤務時間】
★9:00~18:00
└実働8時間/休憩1時間

定時ダッシュも問題ないです✧
✧ 土日祝休み
✧ 残業月平均:6.5時間以内
✧ 残業代100%支給","✧ 完全週休2日制(土日祝休み)
✧ 年間休日125日
「土日休みはマスト!」ってあなたにも
ぴったりの職場です!

【その他休暇】
✧ 有給休暇
✧ 夏季・冬季休暇
✧ GW休暇
✧ 年末年始休暇",愛知県 東海市,,"月給:25万円~+交通費全額支給

※経験に応じて決定いたします。

# 昇給あり
# 賞与あり
# 残業代100%支給
# 交通費支給","・社会保険完備
・住宅手当
・家賃補助
・退職金制度
・家族手当・扶養手当
・健康診断
・特別休暇
・資格取得支援制度","\\✧カジュアル面談実施中です✧/

応募に必要なのは人柄のみです!
まずはあなたのご希望を聞かせてください!

✩.。.....................。.✩
■ 応募からの流れ ■
✩.。.....................。.✩

▶STEP1WEBから1分簡単ご応募!
1~3日以内に担当者よりご連絡いたします。

▶ STEP2カジュアル面談(1回のみ)

▶STEP3採用

※入社日のご相談OKです◎
お気軽にご相談ください!",,即日勤務OK、交通費支給、残業なし,2,任意,生年月日、性別、電話番号,ntf-indeedapplicant-aaaatulx77tci2k2pr5yeqapva@shukatsu-labo.slack.com,,,利用しない,,
募集中,日本マニュファクチャリングサービス株式会社,【未経験】検品・梱包作業/日本マニュファクチャリングサービス株式会社/知多市,倉庫作業スタッフ,20~30代活躍中◎ワークライフバランスも充実！！,,愛知県 知多市,,,正社員,はい,月給,250000,,最低額を表示,なし,,,,,,,固定時間制,160,,厚生年金、健康保険、雇用保険、労災保険,,なし,,,,,,,,,,,,,,,,,,"空調が完備された綺麗な物流センター内で、人気ECサイトで販売されているアパレル商品・生活雑貨・コスメなどの「検品・梱包作業」を担当していただきます。
作業内容は非常にシンプルで、「商品を手に取る」「傷がないかチェックする」「箱や袋に詰める」という基本の3ステップが中心です。重いお荷物の持ち運びはほとんどなく、自分のペースでコツコツ・黙々と進められる軽作業です。
未経験からスタートしたスタッフが9割以上活躍中で、1日〜数日で覚えられる簡単な作業ばかりですので、バイトデビューや久しぶりのお仕事復帰の方も安心してスタートしていただけます。

■ 具体的なお仕事の流れ

1. 検品・チェック作業
入荷された商品や出荷前の商品に問題がないか、確認する作業です。

・外観の目視確認： 商品に傷や汚れ、ほつれ、パッケージの凹みなどが無いかを目視で丁寧にチェックします。
・数量・品番の照合： 納品書や手元のハンディ端末に表示されたデータと、目の前にある商品の種類・個数が合致しているか確認します。
・バーコードスキャン： バーコードリーダーを使って商品を「ピッと」読み取る作業です。機械の操作はスマホ感覚で直感的に行えるため、難しい設定や専門知識は一切不要です。

2. 梱包・箱詰め作業
検品が完了した商品を、お客様のもとへ無事にお届けできるよう綺麗に包んで箱に詰める作業です。

・袋詰め・緩衝材包装： 服やタオルなどの布製品を専用の透明袋に入れたり、壊れやすいコスメ・ガラス製品などをプチプチ（緩衝材）で包みます。
・箱詰め・セット作業： 指定のサイズに合わせたダンボール箱を組み立て、商品が途中で動かないよう丁寧に納めます。
・テープ留め・封かん： ダンボールのフタを閉じ、ガムテープでしっかり留めたら梱包完了です。

3. シール貼り・仕分け作業
出荷に向けた最後の仕上げ作業です。

・ラベル貼り： お届け先の伝票シールや、取扱注意シール（「水濡れ厳禁」「割れ物注意」など）を指定の位置へキレイに貼り付けます。
・出荷先ごとの仕分け： 梱包が終わった箱を、配送地域別や配送業者別に分けられた台車やコンテナへ移します。

■ 1日のタイムスケジュール例（日勤の場合）
09:00〜【朝礼・作業スタート】
本日の連絡事項を確認後、各自の作業台へ移動します。担当する作業（検品または梱包）をスタートします。

12:00〜【お昼休憩（60分）】
清潔な休憩室でランチタイム。電子レンジ・冷蔵庫・自動販売機も完備されており、お弁当の持参も自由です。

13:00〜【午後の作業再開】
午前の続きの作業を行います。自分のデスクで黙々と作業に集中できる時間です。

15:00〜【小休憩（15分）】
身体をほぐしたり水分補給をするリフレッシュタイム。集中力を保ちやすい環境が整っています。

15:15〜【出荷準備・最終仕上げ】
本日発送分の最終チェックと、作業スペースの清掃・整理整頓を行います。

18:00〜【作業終了・定時退勤】
残業は基本的にありません。定時になったら「お疲れ様でした！」とスッキリ帰宅できます。

■ 快適な作業環境と働きやすさのポイント
・1年中快適な空調完備： 冷暖房がしっかり効いたクリーンな倉庫なので、夏は涼しく、冬は暖かく快適に作業できます。
・身体に優しい軽作業： 扱う商品は衣類、コスメ、文房具、小型雑貨などがメインです。重量物の持ち上げ作業はありません。
・充実した設備： 個人用の鍵付きロッカーを完備。休憩室は広々としており、ポットや電子レンジ、フリーWi-Fiも自由に使えます。

■ 未経験者でも安心のサポート体制
入社初日は、安全に関する講習と作業の基本ルールについてのオリエンテーションからスタートします。
現場配属後は、専任の先輩スタッフがマンツーマンでついて実際の作業を見せながら丁寧にレクチャーします。

最初は「シールの貼り方」や「ダンボールの組み立て」といった、特に簡単な作業からお任せしますので、一度にたくさんのことを覚える必要はありません。
作業中に分からないことや迷うことがあっても、すぐ近くにリーダーや先輩スタッフが常駐しているため、「これってどうやるんでしたっけ？」といつでも気軽に質問できる安心の環境です。早ければ半日、遅くても2〜3日程度で一人立ちしてスムーズにお仕事を進められるようになります！","✅ 未経験スタート9割以上！簡単なシンプル作業です
「商品を手に取る」「キズがないか見る」「箱に入れる」など、覚えることはたったこれだけ！複雑な機械操作や難しいルールはありません。
先輩スタッフのほとんどが未経験からのスタートです。特別なスキルや経験は一切不要なので、初めてのアルバイトや久しぶりのお仕事復帰の方も安心してください。

✅ 自分のペースで黙々・コツコツ取り組める！
「接客が苦手…」「一人で集中して作業したい」という方にピッタリの環境です。
ノルマなどもなく、ご自身のペースで作業を進められるので、人間関係のストレスを感じることなくのびのびと働けます。

✅ 重い荷物なし！身体への負担が少ない軽作業
扱う商品は、衣服や生活雑貨、コスメなどの比較的軽いものが中心です。
重いダンボールを持ち運んだり、力仕事をお願いすることはほぼありませんので、年齢・性別問わず無理なく長く続けられるお仕事です。

✅ 空調完備のキレイな倉庫で、1年中快適♪
冷暖房がしっかり効いたクリーンな室内での作業です。
「夏は暑くて汗だく…」「冬は寒くて手がかじかむ…」といった心配は無用！季節や天候に関わらず、いつも快適な温度の中で気持ちよく作業に集中できます。

✅ 充実の設備＆働きやすい環境
鍵付きの個人ロッカーを完備しているほか、広々として清潔な休憩室もご用意しています。
休憩室には電子レンジ・冷蔵庫・ポット・自動販売機を完備しており、お弁当を持参してゆっくりくつろぐことも可能です。スタッフが過ごしやすい環境づくりに力を入れています！","例外事由3号のイにより、長期キャリア形成を図るため、
35歳以下を募集しております。","【勤務時間】
★9:00~18:00
└実働8時間/休憩1時間

定時ダッシュも問題ないです✧
✧ 土日祝休み
✧ 残業月平均:6.5時間以内
✧ 残業代100%支給","✧ 完全週休2日制(土日祝休み)
✧ 年間休日125日
「土日休みはマスト!」ってあなたにも
ぴったりの職場です!

【その他休暇】
✧ 有給休暇
✧ 夏季・冬季休暇
✧ GW休暇
✧ 年末年始休暇",愛知県 知多市,,"月給:25万円~+交通費全額支給

※経験に応じて決定いたします。

# 昇給あり
# 賞与あり
# 残業代100%支給
# 交通費支給","・社会保険完備
・住宅手当
・家賃補助
・退職金制度
・家族手当・扶養手当
・健康診断
・特別休暇
・資格取得支援制度","\\✧カジュアル面談実施中です✧/

応募に必要なのは人柄のみです!
まずはあなたのご希望を聞かせてください!

✩.。.....................。.✩
■ 応募からの流れ ■
✩.。.....................。.✩

▶STEP1WEBから1分簡単ご応募!
1~3日以内に担当者よりご連絡いたします。

▶ STEP2カジュアル面談(1回のみ)

▶STEP3採用

※入社日のご相談OKです◎
お気軽にご相談ください!",,即日勤務OK、交通費支給、残業なし,2,任意,生年月日、性別、電話番号,ntf-indeedapplicant-aaaatulx77tci2k2pr5yeqapva@shukatsu-labo.slack.com,,,利用しない,,
募集中,日本マニュファクチャリングサービス株式会社,【未経験】検品・梱包作業/日本マニュファクチャリングサービス株式会社/稲沢市,倉庫作業スタッフ,20~30代活躍中◎ワークライフバランスも充実！！,,愛知県 稲沢市,,,正社員,はい,月給,250000,,最低額を表示,なし,,,,,,,固定時間制,160,,厚生年金、健康保険、雇用保険、労災保険,,なし,,,,,,,,,,,,,,,,,,"空調が完備された綺麗な物流センター内で、人気ECサイトで販売されているアパレル商品・生活雑貨・コスメなどの「検品・梱包作業」を担当していただきます。
作業内容は非常にシンプルで、「商品を手に取る」「傷がないかチェックする」「箱や袋に詰める」という基本の3ステップが中心です。重いお荷物の持ち運びはほとんどなく、自分のペースでコツコツ・黙々と進められる軽作業です。
未経験からスタートしたスタッフが9割以上活躍中で、1日〜数日で覚えられる簡単な作業ばかりですので、バイトデビューや久しぶりのお仕事復帰の方も安心してスタートしていただけます。

■ 具体的なお仕事の流れ

1. 検品・チェック作業
入荷された商品や出荷前の商品に問題がないか、確認する作業です。

・外観の目視確認： 商品に傷や汚れ、ほつれ、パッケージの凹みなどが無いかを目視で丁寧にチェックします。
・数量・品番の照合： 納品書や手元のハンディ端末に表示されたデータと、目の前にある商品の種類・個数が合致しているか確認します。
・バーコードスキャン： バーコードリーダーを使って商品を「ピッと」読み取る作業です。機械の操作はスマホ感覚で直感的に行えるため、難しい設定や専門知識は一切不要です。

2. 梱包・箱詰め作業
検品が完了した商品を、お客様のもとへ無事にお届けできるよう綺麗に包んで箱に詰める作業です。

・袋詰め・緩衝材包装： 服やタオルなどの布製品を専用の透明袋に入れたり、壊れやすいコスメ・ガラス製品などをプチプチ（緩衝材）で包みます。
・箱詰め・セット作業： 指定のサイズに合わせたダンボール箱を組み立て、商品が途中で動かないよう丁寧に納めます。
・テープ留め・封かん： ダンボールのフタを閉じ、ガムテープでしっかり留めたら梱包完了です。

3. シール貼り・仕分け作業
出荷に向けた最後の仕上げ作業です。

・ラベル貼り： お届け先の伝票シールや、取扱注意シール（「水濡れ厳禁」「割れ物注意」など）を指定の位置へキレイに貼り付けます。
・出荷先ごとの仕分け： 梱包が終わった箱を、配送地域別や配送業者別に分けられた台車やコンテナへ移します。

■ 1日のタイムスケジュール例（日勤の場合）
09:00〜【朝礼・作業スタート】
本日の連絡事項を確認後、各自の作業台へ移動します。担当する作業（検品または梱包）をスタートします。

12:00〜【お昼休憩（60分）】
清潔な休憩室でランチタイム。電子レンジ・冷蔵庫・自動販売機も完備されており、お弁当の持参も自由です。

13:00〜【午後の作業再開】
午前の続きの作業を行います。自分のデスクで黙々と作業に集中できる時間です。

15:00〜【小休憩（15分）】
身体をほぐしたり水分補給をするリフレッシュタイム。集中力を保ちやすい環境が整っています。

15:15〜【出荷準備・最終仕上げ】
本日発送分の最終チェックと、作業スペースの清掃・整理整頓を行います。

18:00〜【作業終了・定時退勤】
残業は基本的にありません。定時になったら「お疲れ様でした！」とスッキリ帰宅できます。

■ 快適な作業環境と働きやすさのポイント
・1年中快適な空調完備： 冷暖房がしっかり効いたクリーンな倉庫なので、夏は涼しく、冬は暖かく快適に作業できます。
・身体に優しい軽作業： 扱う商品は衣類、コスメ、文房具、小型雑貨などがメインです。重量物の持ち上げ作業はありません。
・充実した設備： 個人用の鍵付きロッカーを完備。休憩室は広々としており、ポットや電子レンジ、フリーWi-Fiも自由に使えます。

■ 未経験者でも安心のサポート体制
入社初日は、安全に関する講習と作業の基本ルールについてのオリエンテーションからスタートします。
現場配属後は、専任の先輩スタッフがマンツーマンでついて実際の作業を見せながら丁寧にレクチャーします。

最初は「シールの貼り方」や「ダンボールの組み立て」といった、特に簡単な作業からお任せしますので、一度にたくさんのことを覚える必要はありません。
作業中に分からないことや迷うことがあっても、すぐ近くにリーダーや先輩スタッフが常駐しているため、「これってどうやるんでしたっけ？」といつでも気軽に質問できる安心の環境です。早ければ半日、遅くても2〜3日程度で一人立ちしてスムーズにお仕事を進められるようになります！","✅ 未経験スタート9割以上！簡単なシンプル作業です
「商品を手に取る」「キズがないか見る」「箱に入れる」など、覚えることはたったこれだけ！複雑な機械操作や難しいルールはありません。
先輩スタッフのほとんどが未経験からのスタートです。特別なスキルや経験は一切不要なので、初めてのアルバイトや久しぶりのお仕事復帰の方も安心してください。

✅ 自分のペースで黙々・コツコツ取り組める！
「接客が苦手…」「一人で集中して作業したい」という方にピッタリの環境です。
ノルマなどもなく、ご自身のペースで作業を進められるので、人間関係のストレスを感じることなくのびのびと働けます。

✅ 重い荷物なし！身体への負担が少ない軽作業
扱う商品は、衣服や生活雑貨、コスメなどの比較的軽いものが中心です。
重いダンボールを持ち運んだり、力仕事をお願いすることはほぼありませんので、年齢・性別問わず無理なく長く続けられるお仕事です。

✅ 空調完備のキレイな倉庫で、1年中快適♪
冷暖房がしっかり効いたクリーンな室内での作業です。
「夏は暑くて汗だく…」「冬は寒くて手がかじかむ…」といった心配は無用！季節や天候に関わらず、いつも快適な温度の中で気持ちよく作業に集中できます。

✅ 充実の設備＆働きやすい環境
鍵付きの個人ロッカーを完備しているほか、広々として清潔な休憩室もご用意しています。
休憩室には電子レンジ・冷蔵庫・ポット・自動販売機を完備しており、お弁当を持参してゆっくりくつろぐことも可能です。スタッフが過ごしやすい環境づくりに力を入れています！","例外事由3号のイにより、長期キャリア形成を図るため、
35歳以下を募集しております。","【勤務時間】
★9:00~18:00
└実働8時間/休憩1時間

定時ダッシュも問題ないです✧
✧ 土日祝休み
✧ 残業月平均:6.5時間以内
✧ 残業代100%支給","✧ 完全週休2日制(土日祝休み)
✧ 年間休日125日
「土日休みはマスト!」ってあなたにも
ぴったりの職場です!

【その他休暇】
✧ 有給休暇
✧ 夏季・冬季休暇
✧ GW休暇
✧ 年末年始休暇",愛知県 稲沢市,,"月給:25万円~+交通費全額支給

※経験に応じて決定いたします。

# 昇給あり
# 賞与あり
# 残業代100%支給
# 交通費支給","・社会保険完備
・住宅手当
・家賃補助
・退職金制度
・家族手当・扶養手当
・健康診断
・特別休暇
・資格取得支援制度","\\✧カジュアル面談実施中です✧/

応募に必要なのは人柄のみです!
まずはあなたのご希望を聞かせてください!

✩.。.....................。.✩
■ 応募からの流れ ■
✩.。.....................。.✩

▶STEP1WEBから1分簡単ご応募!
1~3日以内に担当者よりご連絡いたします。

▶ STEP2カジュアル面談(1回のみ)

▶STEP3採用

※入社日のご相談OKです◎
お気軽にご相談ください!",,即日勤務OK、交通費支給、残業なし,2,任意,生年月日、性別、電話番号,ntf-indeedapplicant-aaaatulx77tci2k2pr5yeqapva@shukatsu-labo.slack.com,,,利用しない,,
募集中,日本マニュファクチャリングサービス株式会社,【未経験】検品・梱包作業/日本マニュファクチャリングサービス株式会社/北名古屋市,倉庫作業スタッフ,20~30代活躍中◎ワークライフバランスも充実！！,,愛知県 北名古屋市,,,正社員,はい,月給,250000,,最低額を表示,なし,,,,,,,固定時間制,160,,厚生年金、健康保険、雇用保険、労災保険,,なし,,,,,,,,,,,,,,,,,,"空調が完備された綺麗な物流センター内で、人気ECサイトで販売されているアパレル商品・生活雑貨・コスメなどの「検品・梱包作業」を担当していただきます。
作業内容は非常にシンプルで、「商品を手に取る」「傷がないかチェックする」「箱や袋に詰める」という基本の3ステップが中心です。重いお荷物の持ち運びはほとんどなく、自分のペースでコツコツ・黙々と進められる軽作業です。
未経験からスタートしたスタッフが9割以上活躍中で、1日〜数日で覚えられる簡単な作業ばかりですので、バイトデビューや久しぶりのお仕事復帰の方も安心してスタートしていただけます。

■ 具体的なお仕事の流れ

1. 検品・チェック作業
入荷された商品や出荷前の商品に問題がないか、確認する作業です。

・外観の目視確認： 商品に傷や汚れ、ほつれ、パッケージの凹みなどが無いかを目視で丁寧にチェックします。
・数量・品番の照合： 納品書や手元のハンディ端末に表示されたデータと、目の前にある商品の種類・個数が合致しているか確認します。
・バーコードスキャン： バーコードリーダーを使って商品を「ピッと」読み取る作業です。機械の操作はスマホ感覚で直感的に行えるため、難しい設定や専門知識は一切不要です。

2. 梱包・箱詰め作業
検品が完了した商品を、お客様のもとへ無事にお届けできるよう綺麗に包んで箱に詰める作業です。

・袋詰め・緩衝材包装： 服やタオルなどの布製品を専用の透明袋に入れたり、壊れやすいコスメ・ガラス製品などをプチプチ（緩衝材）で包みます。
・箱詰め・セット作業： 指定のサイズに合わせたダンボール箱を組み立て、商品が途中で動かないよう丁寧に納めます。
・テープ留め・封かん： ダンボールのフタを閉じ、ガムテープでしっかり留めたら梱包完了です。

3. シール貼り・仕分け作業
出荷に向けた最後の仕上げ作業です。

・ラベル貼り： お届け先の伝票シールや、取扱注意シール（「水濡れ厳禁」「割れ物注意」など）を指定の位置へキレイに貼り付けます。
・出荷先ごとの仕分け： 梱包が終わった箱を、配送地域別や配送業者別に分けられた台車やコンテナへ移します。

■ 1日のタイムスケジュール例（日勤の場合）
09:00〜【朝礼・作業スタート】
本日の連絡事項を確認後、各自の作業台へ移動します。担当する作業（検品または梱包）をスタートします。

12:00〜【お昼休憩（60分）】
清潔な休憩室でランチタイム。電子レンジ・冷蔵庫・自動販売機も完備されており、お弁当の持参も自由です。

13:00〜【午後の作業再開】
午前の続きの作業を行います。自分のデスクで黙々と作業に集中できる時間です。

15:00〜【小休憩（15分）】
身体をほぐしたり水分補給をするリフレッシュタイム。集中力を保ちやすい環境が整っています。

15:15〜【出荷準備・最終仕上げ】
本日発送分の最終チェックと、作業スペースの清掃・整理整頓を行います。

18:00〜【作業終了・定時退勤】
残業は基本的にありません。定時になったら「お疲れ様でした！」とスッキリ帰宅できます。

■ 快適な作業環境と働きやすさのポイント
・1年中快適な空調完備： 冷暖房がしっかり効いたクリーンな倉庫なので、夏は涼しく、冬は暖かく快適に作業できます。
・身体に優しい軽作業： 扱う商品は衣類、コスメ、文房具、小型雑貨などがメインです。重量物の持ち上げ作業はありません。
・充実した設備： 個人用の鍵付きロッカーを完備。休憩室は広々としており、ポットや電子レンジ、フリーWi-Fiも自由に使えます。

■ 未経験者でも安心のサポート体制
入社初日は、安全に関する講習と作業の基本ルールについてのオリエンテーションからスタートします。
現場配属後は、専任の先輩スタッフがマンツーマンでついて実際の作業を見せながら丁寧にレクチャーします。

最初は「シールの貼り方」や「ダンボールの組み立て」といった、特に簡単な作業からお任せしますので、一度にたくさんのことを覚える必要はありません。
作業中に分からないことや迷うことがあっても、すぐ近くにリーダーや先輩スタッフが常駐しているため、「これってどうやるんでしたっけ？」といつでも気軽に質問できる安心の環境です。早ければ半日、遅くても2〜3日程度で一人立ちしてスムーズにお仕事を進められるようになります！","✅ 未経験スタート9割以上！簡単なシンプル作業です
「商品を手に取る」「キズがないか見る」「箱に入れる」など、覚えることはたったこれだけ！複雑な機械操作や難しいルールはありません。
先輩スタッフのほとんどが未経験からのスタートです。特別なスキルや経験は一切不要なので、初めてのアルバイトや久しぶりのお仕事復帰の方も安心してください。

✅ 自分のペースで黙々・コツコツ取り組める！
「接客が苦手…」「一人で集中して作業したい」という方にピッタリの環境です。
ノルマなどもなく、ご自身のペースで作業を進められるので、人間関係のストレスを感じることなくのびのびと働けます。

✅ 重い荷物なし！身体への負担が少ない軽作業
扱う商品は、衣服や生活雑貨、コスメなどの比較的軽いものが中心です。
重いダンボールを持ち運んだり、力仕事をお願いすることはほぼありませんので、年齢・性別問わず無理なく長く続けられるお仕事です。

✅ 空調完備のキレイな倉庫で、1年中快適♪
冷暖房がしっかり効いたクリーンな室内での作業です。
「夏は暑くて汗だく…」「冬は寒くて手がかじかむ…」といった心配は無用！季節や天候に関わらず、いつも快適な温度の中で気持ちよく作業に集中できます。

✅ 充実の設備＆働きやすい環境
鍵付きの個人ロッカーを完備しているほか、広々として清潔な休憩室もご用意しています。
休憩室には電子レンジ・冷蔵庫・ポット・自動販売機を完備しており、お弁当を持参してゆっくりくつろぐことも可能です。スタッフが過ごしやすい環境づくりに力を入れています！","例外事由3号のイにより、長期キャリア形成を図るため、
35歳以下を募集しております。","【勤務時間】
★9:00~18:00
└実働8時間/休憩1時間

定時ダッシュも問題ないです✧
✧ 土日祝休み
✧ 残業月平均:6.5時間以内
✧ 残業代100%支給","✧ 完全週休2日制(土日祝休み)
✧ 年間休日125日
「土日休みはマスト!」ってあなたにも
ぴったりの職場です!

【その他休暇】
✧ 有給休暇
✧ 夏季・冬季休暇
✧ GW休暇
✧ 年末年始休暇",愛知県 北名古屋市,,"月給:25万円~+交通費全額支給

※経験に応じて決定いたします。

# 昇給あり
# 賞与あり
# 残業代100%支給
# 交通費支給","・社会保険完備
・住宅手当
・家賃補助
・退職金制度
・家族手当・扶養手当
・健康診断
・特別休暇
・資格取得支援制度","\\✧カジュアル面談実施中です✧/

応募に必要なのは人柄のみです!
まずはあなたのご希望を聞かせてください!

✩.。.....................。.✩
■ 応募からの流れ ■
✩.。.....................。.✩

▶STEP1WEBから1分簡単ご応募!
1~3日以内に担当者よりご連絡いたします。

▶ STEP2カジュアル面談(1回のみ)

▶STEP3採用

※入社日のご相談OKです◎
お気軽にご相談ください!",,即日勤務OK、交通費支給、残業なし,2,任意,生年月日、性別、電話番号,ntf-indeedapplicant-aaaatulx77tci2k2pr5yeqapva@shukatsu-labo.slack.com,,,利用しない,,
募集中,日本マニュファクチャリングサービス株式会社,【未経験】検品・梱包作業/日本マニュファクチャリングサービス株式会社/みよし市,倉庫作業スタッフ,20~30代活躍中◎ワークライフバランスも充実！！,,愛知県 みよし市,,,正社員,はい,月給,250000,,最低額を表示,なし,,,,,,,固定時間制,160,,厚生年金、健康保険、雇用保険、労災保険,,なし,,,,,,,,,,,,,,,,,,"空調が完備された綺麗な物流センター内で、人気ECサイトで販売されているアパレル商品・生活雑貨・コスメなどの「検品・梱包作業」を担当していただきます。
作業内容は非常にシンプルで、「商品を手に取る」「傷がないかチェックする」「箱や袋に詰める」という基本の3ステップが中心です。重いお荷物の持ち運びはほとんどなく、自分のペースでコツコツ・黙々と進められる軽作業です。
未経験からスタートしたスタッフが9割以上活躍中で、1日〜数日で覚えられる簡単な作業ばかりですので、バイトデビューや久しぶりのお仕事復帰の方も安心してスタートしていただけます。

■ 具体的なお仕事の流れ

1. 検品・チェック作業
入荷された商品や出荷前の商品に問題がないか、確認する作業です。

・外観の目視確認： 商品に傷や汚れ、ほつれ、パッケージの凹みなどが無いかを目視で丁寧にチェックします。
・数量・品番の照合： 納品書や手元のハンディ端末に表示されたデータと、目の前にある商品の種類・個数が合致しているか確認します。
・バーコードスキャン： バーコードリーダーを使って商品を「ピッと」読み取る作業です。機械の操作はスマホ感覚で直感的に行えるため、難しい設定や専門知識は一切不要です。

2. 梱包・箱詰め作業
検品が完了した商品を、お客様のもとへ無事にお届けできるよう綺麗に包んで箱に詰める作業です。

・袋詰め・緩衝材包装： 服やタオルなどの布製品を専用の透明袋に入れたり、壊れやすいコスメ・ガラス製品などをプチプチ（緩衝材）で包みます。
・箱詰め・セット作業： 指定のサイズに合わせたダンボール箱を組み立て、商品が途中で動かないよう丁寧に納めます。
・テープ留め・封かん： ダンボールのフタを閉じ、ガムテープでしっかり留めたら梱包完了です。

3. シール貼り・仕分け作業
出荷に向けた最後の仕上げ作業です。

・ラベル貼り： お届け先の伝票シールや、取扱注意シール（「水濡れ厳禁」「割れ物注意」など）を指定の位置へキレイに貼り付けます。
・出荷先ごとの仕分け： 梱包が終わった箱を、配送地域別や配送業者別に分けられた台車やコンテナへ移します。

■ 1日のタイムスケジュール例（日勤の場合）
09:00〜【朝礼・作業スタート】
本日の連絡事項を確認後、各自の作業台へ移動します。担当する作業（検品または梱包）をスタートします。

12:00〜【お昼休憩（60分）】
清潔な休憩室でランチタイム。電子レンジ・冷蔵庫・自動販売機も完備されており、お弁当の持参も自由です。

13:00〜【午後の作業再開】
午前の続きの作業を行います。自分のデスクで黙々と作業に集中できる時間です。

15:00〜【小休憩（15分）】
身体をほぐしたり水分補給をするリフレッシュタイム。集中力を保ちやすい環境が整っています。

15:15〜【出荷準備・最終仕上げ】
本日発送分の最終チェックと、作業スペースの清掃・整理整頓を行います。

18:00〜【作業終了・定時退勤】
残業は基本的にありません。定時になったら「お疲れ様でした！」とスッキリ帰宅できます。

■ 快適な作業環境と働きやすさのポイント
・1年中快適な空調完備： 冷暖房がしっかり効いたクリーンな倉庫なので、夏は涼しく、冬は暖かく快適に作業できます。
・身体に優しい軽作業： 扱う商品は衣類、コスメ、文房具、小型雑貨などがメインです。重量物の持ち上げ作業はありません。
・充実した設備： 個人用の鍵付きロッカーを完備。休憩室は広々としており、ポットや電子レンジ、フリーWi-Fiも自由に使えます。

■ 未経験者でも安心のサポート体制
入社初日は、安全に関する講習と作業の基本ルールについてのオリエンテーションからスタートします。
現場配属後は、専任の先輩スタッフがマンツーマンでついて実際の作業を見せながら丁寧にレクチャーします。

最初は「シールの貼り方」や「ダンボールの組み立て」といった、特に簡単な作業からお任せしますので、一度にたくさんのことを覚える必要はありません。
作業中に分からないことや迷うことがあっても、すぐ近くにリーダーや先輩スタッフが常駐しているため、「これってどうやるんでしたっけ？」といつでも気軽に質問できる安心の環境です。早ければ半日、遅くても2〜3日程度で一人立ちしてスムーズにお仕事を進められるようになります！","✅ 未経験スタート9割以上！簡単なシンプル作業です
「商品を手に取る」「キズがないか見る」「箱に入れる」など、覚えることはたったこれだけ！複雑な機械操作や難しいルールはありません。
先輩スタッフのほとんどが未経験からのスタートです。特別なスキルや経験は一切不要なので、初めてのアルバイトや久しぶりのお仕事復帰の方も安心してください。

✅ 自分のペースで黙々・コツコツ取り組める！
「接客が苦手…」「一人で集中して作業したい」という方にピッタリの環境です。
ノルマなどもなく、ご自身のペースで作業を進められるので、人間関係のストレスを感じることなくのびのびと働けます。

✅ 重い荷物なし！身体への負担が少ない軽作業
扱う商品は、衣服や生活雑貨、コスメなどの比較的軽いものが中心です。
重いダンボールを持ち運んだり、力仕事をお願いすることはほぼありませんので、年齢・性別問わず無理なく長く続けられるお仕事です。

✅ 空調完備のキレイな倉庫で、1年中快適♪
冷暖房がしっかり効いたクリーンな室内での作業です。
「夏は暑くて汗だく…」「冬は寒くて手がかじかむ…」といった心配は無用！季節や天候に関わらず、いつも快適な温度の中で気持ちよく作業に集中できます。

✅ 充実の設備＆働きやすい環境
鍵付きの個人ロッカーを完備しているほか、広々として清潔な休憩室もご用意しています。
休憩室には電子レンジ・冷蔵庫・ポット・自動販売機を完備しており、お弁当を持参してゆっくりくつろぐことも可能です。スタッフが過ごしやすい環境づくりに力を入れています！","例外事由3号のイにより、長期キャリア形成を図るため、
35歳以下を募集しております。","【勤務時間】
★9:00~18:00
└実働8時間/休憩1時間

定時ダッシュも問題ないです✧
✧ 土日祝休み
✧ 残業月平均:6.5時間以内
✧ 残業代100%支給","✧ 完全週休2日制(土日祝休み)
✧ 年間休日125日
「土日休みはマスト!」ってあなたにも
ぴったりの職場です!

【その他休暇】
✧ 有給休暇
✧ 夏季・冬季休暇
✧ GW休暇
✧ 年末年始休暇",愛知県 みよし市,,"月給:25万円~+交通費全額支給

※経験に応じて決定いたします。

# 昇給あり
# 賞与あり
# 残業代100%支給
# 交通費支給","・社会保険完備
・住宅手当
・家賃補助
・退職金制度
・家族手当・扶養手当
・健康診断
・特別休暇
・資格取得支援制度","\\✧カジュアル面談実施中です✧/

応募に必要なのは人柄のみです!
まずはあなたのご希望を聞かせてください!

✩.。.....................。.✩
■ 応募からの流れ ■
✩.。.....................。.✩

▶STEP1WEBから1分簡単ご応募!
1~3日以内に担当者よりご連絡いたします。

▶ STEP2カジュアル面談(1回のみ)

▶STEP3採用

※入社日のご相談OKです◎
お気軽にご相談ください!",,即日勤務OK、交通費支給、残業なし,2,任意,生年月日、性別、電話番号,ntf-indeedapplicant-aaaatulx77tci2k2pr5yeqapva@shukatsu-labo.slack.com,,,利用しない,,
募集中,日本マニュファクチャリングサービス株式会社,【未経験】検品・梱包作業/日本マニュファクチャリングサービス株式会社/犬山市,倉庫作業スタッフ,20~30代活躍中◎ワークライフバランスも充実！！,,愛知県 犬山市,,,正社員,はい,月給,250000,,最低額を表示,なし,,,,,,,固定時間制,160,,厚生年金、健康保険、雇用保険、労災保険,,なし,,,,,,,,,,,,,,,,,,"空調が完備された綺麗な物流センター内で、人気ECサイトで販売されているアパレル商品・生活雑貨・コスメなどの「検品・梱包作業」を担当していただきます。
作業内容は非常にシンプルで、「商品を手に取る」「傷がないかチェックする」「箱や袋に詰める」という基本の3ステップが中心です。重いお荷物の持ち運びはほとんどなく、自分のペースでコツコツ・黙々と進められる軽作業です。
未経験からスタートしたスタッフが9割以上活躍中で、1日〜数日で覚えられる簡単な作業ばかりですので、バイトデビューや久しぶりのお仕事復帰の方も安心してスタートしていただけます。

■ 具体的なお仕事の流れ

1. 検品・チェック作業
入荷された商品や出荷前の商品に問題がないか、確認する作業です。

・外観の目視確認： 商品に傷や汚れ、ほつれ、パッケージの凹みなどが無いかを目視で丁寧にチェックします。
・数量・品番の照合： 納品書や手元のハンディ端末に表示されたデータと、目の前にある商品の種類・個数が合致しているか確認します。
・バーコードスキャン： バーコードリーダーを使って商品を「ピッと」読み取る作業です。機械の操作はスマホ感覚で直感的に行えるため、難しい設定や専門知識は一切不要です。

2. 梱包・箱詰め作業
検品が完了した商品を、お客様のもとへ無事にお届けできるよう綺麗に包んで箱に詰める作業です。

・袋詰め・緩衝材包装： 服やタオルなどの布製品を専用の透明袋に入れたり、壊れやすいコスメ・ガラス製品などをプチプチ（緩衝材）で包みます。
・箱詰め・セット作業： 指定のサイズに合わせたダンボール箱を組み立て、商品が途中で動かないよう丁寧に納めます。
・テープ留め・封かん： ダンボールのフタを閉じ、ガムテープでしっかり留めたら梱包完了です。

3. シール貼り・仕分け作業
出荷に向けた最後の仕上げ作業です。

・ラベル貼り： お届け先の伝票シールや、取扱注意シール（「水濡れ厳禁」「割れ物注意」など）を指定の位置へキレイに貼り付けます。
・出荷先ごとの仕分け： 梱包が終わった箱を、配送地域別や配送業者別に分けられた台車やコンテナへ移します。

■ 1日のタイムスケジュール例（日勤の場合）
09:00〜【朝礼・作業スタート】
本日の連絡事項を確認後、各自の作業台へ移動します。担当する作業（検品または梱包）をスタートします。

12:00〜【お昼休憩（60分）】
清潔な休憩室でランチタイム。電子レンジ・冷蔵庫・自動販売機も完備されており、お弁当の持参も自由です。

13:00〜【午後の作業再開】
午前の続きの作業を行います。自分のデスクで黙々と作業に集中できる時間です。

15:00〜【小休憩（15分）】
身体をほぐしたり水分補給をするリフレッシュタイム。集中力を保ちやすい環境が整っています。

15:15〜【出荷準備・最終仕上げ】
本日発送分の最終チェックと、作業スペースの清掃・整理整頓を行います。

18:00〜【作業終了・定時退勤】
残業は基本的にありません。定時になったら「お疲れ様でした！」とスッキリ帰宅できます。

■ 快適な作業環境と働きやすさのポイント
・1年中快適な空調完備： 冷暖房がしっかり効いたクリーンな倉庫なので、夏は涼しく、冬は暖かく快適に作業できます。
・身体に優しい軽作業： 扱う商品は衣類、コスメ、文房具、小型雑貨などがメインです。重量物の持ち上げ作業はありません。
・充実した設備： 個人用の鍵付きロッカーを完備。休憩室は広々としており、ポットや電子レンジ、フリーWi-Fiも自由に使えます。

■ 未経験者でも安心のサポート体制
入社初日は、安全に関する講習と作業の基本ルールについてのオリエンテーションからスタートします。
現場配属後は、専任の先輩スタッフがマンツーマンでついて実際の作業を見せながら丁寧にレクチャーします。

最初は「シールの貼り方」や「ダンボールの組み立て」といった、特に簡単な作業からお任せしますので、一度にたくさんのことを覚える必要はありません。
作業中に分からないことや迷うことがあっても、すぐ近くにリーダーや先輩スタッフが常駐しているため、「これってどうやるんでしたっけ？」といつでも気軽に質問できる安心の環境です。早ければ半日、遅くても2〜3日程度で一人立ちしてスムーズにお仕事を進められるようになります！","✅ 未経験スタート9割以上！簡単なシンプル作業です
「商品を手に取る」「キズがないか見る」「箱に入れる」など、覚えることはたったこれだけ！複雑な機械操作や難しいルールはありません。
先輩スタッフのほとんどが未経験からのスタートです。特別なスキルや経験は一切不要なので、初めてのアルバイトや久しぶりのお仕事復帰の方も安心してください。

✅ 自分のペースで黙々・コツコツ取り組める！
「接客が苦手…」「一人で集中して作業したい」という方にピッタリの環境です。
ノルマなどもなく、ご自身のペースで作業を進められるので、人間関係のストレスを感じることなくのびのびと働けます。

✅ 重い荷物なし！身体への負担が少ない軽作業
扱う商品は、衣服や生活雑貨、コスメなどの比較的軽いものが中心です。
重いダンボールを持ち運んだり、力仕事をお願いすることはほぼありませんので、年齢・性別問わず無理なく長く続けられるお仕事です。

✅ 空調完備のキレイな倉庫で、1年中快適♪
冷暖房がしっかり効いたクリーンな室内での作業です。
「夏は暑くて汗だく…」「冬は寒くて手がかじかむ…」といった心配は無用！季節や天候に関わらず、いつも快適な温度の中で気持ちよく作業に集中できます。

✅ 充実の設備＆働きやすい環境
鍵付きの個人ロッカーを完備しているほか、広々として清潔な休憩室もご用意しています。
休憩室には電子レンジ・冷蔵庫・ポット・自動販売機を完備しており、お弁当を持参してゆっくりくつろぐことも可能です。スタッフが過ごしやすい環境づくりに力を入れています！","例外事由3号のイにより、長期キャリア形成を図るため、
35歳以下を募集しております。","【勤務時間】
★9:00~18:00
└実働8時間/休憩1時間

定時ダッシュも問題ないです✧
✧ 土日祝休み
✧ 残業月平均:6.5時間以内
✧ 残業代100%支給","✧ 完全週休2日制(土日祝休み)
✧ 年間休日125日
「土日休みはマスト!」ってあなたにも
ぴったりの職場です!

【その他休暇】
✧ 有給休暇
✧ 夏季・冬季休暇
✧ GW休暇
✧ 年末年始休暇",愛知県 犬山市,,"月給:25万円~+交通費全額支給

※経験に応じて決定いたします。

# 昇給あり
# 賞与あり
# 残業代100%支給
# 交通費支給","・社会保険完備
・住宅手当
・家賃補助
・退職金制度
・家族手当・扶養手当
・健康診断
・特別休暇
・資格取得支援制度","\\✧カジュアル面談実施中です✧/

応募に必要なのは人柄のみです!
まずはあなたのご希望を聞かせてください!

✩.。.....................。.✩
■ 応募からの流れ ■
✩.。.....................。.✩

▶STEP1WEBから1分簡単ご応募!
1~3日以内に担当者よりご連絡いたします。

▶ STEP2カジュアル面談(1回のみ)

▶STEP3採用

※入社日のご相談OKです◎
お気軽にご相談ください!",,即日勤務OK、交通費支給、残業なし,2,任意,生年月日、性別、電話番号,ntf-indeedapplicant-aaaatulx77tci2k2pr5yeqapva@shukatsu-labo.slack.com,,,利用しない,,
募集中,日本マニュファクチャリングサービス株式会社,【未経験】検品・梱包作業/日本マニュファクチャリングサービス株式会社/額田郡幸田町大草稲場,倉庫作業スタッフ,20~30代活躍中◎ワークライフバランスも充実！！,,愛知県 額田郡 幸田町 大草,,,正社員,はい,月給,250000,,最低額を表示,なし,,,,,,,固定時間制,160,,厚生年金、健康保険、雇用保険、労災保険,,なし,,,,,,,,,,,,,,,,,,"空調が完備された綺麗な物流センター内で、人気ECサイトで販売されているアパレル商品・生活雑貨・コスメなどの「検品・梱包作業」を担当していただきます。
作業内容は非常にシンプルで、「商品を手に取る」「傷がないかチェックする」「箱や袋に詰める」という基本の3ステップが中心です。重いお荷物の持ち運びはほとんどなく、自分のペースでコツコツ・黙々と進められる軽作業です。
未経験からスタートしたスタッフが9割以上活躍中で、1日〜数日で覚えられる簡単な作業ばかりですので、バイトデビューや久しぶりのお仕事復帰の方も安心してスタートしていただけます。

■ 具体的なお仕事の流れ

1. 検品・チェック作業
入荷された商品や出荷前の商品に問題がないか、確認する作業です。

・外観の目視確認： 商品に傷や汚れ、ほつれ、パッケージの凹みなどが無いかを目視で丁寧にチェックします。
・数量・品番の照合： 納品書や手元のハンディ端末に表示されたデータと、目の前にある商品の種類・個数が合致しているか確認します。
・バーコードスキャン： バーコードリーダーを使って商品を「ピッと」読み取る作業です。機械の操作はスマホ感覚で直感的に行えるため、難しい設定や専門知識は一切不要です。

2. 梱包・箱詰め作業
検品が完了した商品を、お客様のもとへ無事にお届けできるよう綺麗に包んで箱に詰める作業です。

・袋詰め・緩衝材包装： 服やタオルなどの布製品を専用の透明袋に入れたり、壊れやすいコスメ・ガラス製品などをプチプチ（緩衝材）で包みます。
・箱詰め・セット作業： 指定のサイズに合わせたダンボール箱を組み立て、商品が途中で動かないよう丁寧に納めます。
・テープ留め・封かん： ダンボールのフタを閉じ、ガムテープでしっかり留めたら梱包完了です。

3. シール貼り・仕分け作業
出荷に向けた最後の仕上げ作業です。

・ラベル貼り： お届け先の伝票シールや、取扱注意シール（「水濡れ厳禁」「割れ物注意」など）を指定の位置へキレイに貼り付けます。
・出荷先ごとの仕分け： 梱包が終わった箱を、配送地域別や配送業者別に分けられた台車やコンテナへ移します。

■ 1日のタイムスケジュール例（日勤の場合）
09:00〜【朝礼・作業スタート】
本日の連絡事項を確認後、各自の作業台へ移動します。担当する作業（検品または梱包）をスタートします。

12:00〜【お昼休憩（60分）】
清潔な休憩室でランチタイム。電子レンジ・冷蔵庫・自動販売機も完備されており、お弁当の持参も自由です。

13:00〜【午後の作業再開】
午前の続きの作業を行います。自分のデスクで黙々と作業に集中できる時間です。

15:00〜【小休憩（15分）】
身体をほぐしたり水分補給をするリフレッシュタイム。集中力を保ちやすい環境が整っています。

15:15〜【出荷準備・最終仕上げ】
本日発送分の最終チェックと、作業スペースの清掃・整理整頓を行います。

18:00〜【作業終了・定時退勤】
残業は基本的にありません。定時になったら「お疲れ様でした！」とスッキリ帰宅できます。

■ 快適な作業環境と働きやすさのポイント
・1年中快適な空調完備： 冷暖房がしっかり効いたクリーンな倉庫なので、夏は涼しく、冬は暖かく快適に作業できます。
・身体に優しい軽作業： 扱う商品は衣類、コスメ、文房具、小型雑貨などがメインです。重量物の持ち上げ作業はありません。
・充実した設備： 個人用の鍵付きロッカーを完備。休憩室は広々としており、ポットや電子レンジ、フリーWi-Fiも自由に使えます。

■ 未経験者でも安心のサポート体制
入社初日は、安全に関する講習と作業の基本ルールについてのオリエンテーションからスタートします。
現場配属後は、専任の先輩スタッフがマンツーマンでついて実際の作業を見せながら丁寧にレクチャーします。

最初は「シールの貼り方」や「ダンボールの組み立て」といった、特に簡単な作業からお任せしますので、一度にたくさんのことを覚える必要はありません。
作業中に分からないことや迷うことがあっても、すぐ近くにリーダーや先輩スタッフが常駐しているため、「これってどうやるんでしたっけ？」といつでも気軽に質問できる安心の環境です。早ければ半日、遅くても2〜3日程度で一人立ちしてスムーズにお仕事を進められるようになります！","✅ 未経験スタート9割以上！簡単なシンプル作業です
「商品を手に取る」「キズがないか見る」「箱に入れる」など、覚えることはたったこれだけ！複雑な機械操作や難しいルールはありません。
先輩スタッフのほとんどが未経験からのスタートです。特別なスキルや経験は一切不要なので、初めてのアルバイトや久しぶりのお仕事復帰の方も安心してください。

✅ 自分のペースで黙々・コツコツ取り組める！
「接客が苦手…」「一人で集中して作業したい」という方にピッタリの環境です。
ノルマなどもなく、ご自身のペースで作業を進められるので、人間関係のストレスを感じることなくのびのびと働けます。

✅ 重い荷物なし！身体への負担が少ない軽作業
扱う商品は、衣服や生活雑貨、コスメなどの比較的軽いものが中心です。
重いダンボールを持ち運んだり、力仕事をお願いすることはほぼありませんので、年齢・性別問わず無理なく長く続けられるお仕事です。

✅ 空調完備のキレイな倉庫で、1年中快適♪
冷暖房がしっかり効いたクリーンな室内での作業です。
「夏は暑くて汗だく…」「冬は寒くて手がかじかむ…」といった心配は無用！季節や天候に関わらず、いつも快適な温度の中で気持ちよく作業に集中できます。

✅ 充実の設備＆働きやすい環境
鍵付きの個人ロッカーを完備しているほか、広々として清潔な休憩室もご用意しています。
休憩室には電子レンジ・冷蔵庫・ポット・自動販売機を完備しており、お弁当を持参してゆっくりくつろぐことも可能です。スタッフが過ごしやすい環境づくりに力を入れています！","例外事由3号のイにより、長期キャリア形成を図るため、
35歳以下を募集しております。","【勤務時間】
★9:00~18:00
└実働8時間/休憩1時間

定時ダッシュも問題ないです✧
✧ 土日祝休み
✧ 残業月平均:6.5時間以内
✧ 残業代100%支給","✧ 完全週休2日制(土日祝休み)
✧ 年間休日125日
「土日休みはマスト!」ってあなたにも
ぴったりの職場です!

【その他休暇】
✧ 有給休暇
✧ 夏季・冬季休暇
✧ GW休暇
✧ 年末年始休暇",愛知県 額田郡 幸田町 大草,,"月給:25万円~+交通費全額支給

※経験に応じて決定いたします。

# 昇給あり
# 賞与あり
# 残業代100%支給
# 交通費支給","・社会保険完備
・住宅手当
・家賃補助
・退職金制度
・家族手当・扶養手当
・健康診断
・特別休暇
・資格取得支援制度","\\✧カジュアル面談実施中です✧/

応募に必要なのは人柄のみです!
まずはあなたのご希望を聞かせてください!

✩.。.....................。.✩
■ 応募からの流れ ■
✩.。.....................。.✩

▶STEP1WEBから1分簡単ご応募!
1~3日以内に担当者よりご連絡いたします。

▶ STEP2カジュアル面談(1回のみ)

▶STEP3採用

※入社日のご相談OKです◎
お気軽にご相談ください!",,即日勤務OK、交通費支給、残業なし,2,任意,生年月日、性別、電話番号,ntf-indeedapplicant-aaaatulx77tci2k2pr5yeqapva@shukatsu-labo.slack.com,,,利用しない,,
募集中,日本マニュファクチャリングサービス株式会社,【未経験】検品・梱包作業/日本マニュファクチャリングサービス株式会社/丹羽郡大口町,倉庫作業スタッフ,20~30代活躍中◎ワークライフバランスも充実！！,,愛知県 丹羽郡 大口町,,,正社員,はい,月給,250000,,最低額を表示,なし,,,,,,,固定時間制,160,,厚生年金、健康保険、雇用保険、労災保険,,なし,,,,,,,,,,,,,,,,,,"空調が完備された綺麗な物流センター内で、人気ECサイトで販売されているアパレル商品・生活雑貨・コスメなどの「検品・梱包作業」を担当していただきます。
作業内容は非常にシンプルで、「商品を手に取る」「傷がないかチェックする」「箱や袋に詰める」という基本の3ステップが中心です。重いお荷物の持ち運びはほとんどなく、自分のペースでコツコツ・黙々と進められる軽作業です。
未経験からスタートしたスタッフが9割以上活躍中で、1日〜数日で覚えられる簡単な作業ばかりですので、バイトデビューや久しぶりのお仕事復帰の方も安心してスタートしていただけます。

■ 具体的なお仕事の流れ

1. 検品・チェック作業
入荷された商品や出荷前の商品に問題がないか、確認する作業です。

・外観の目視確認： 商品に傷や汚れ、ほつれ、パッケージの凹みなどが無いかを目視で丁寧にチェックします。
・数量・品番の照合： 納品書や手元のハンディ端末に表示されたデータと、目の前にある商品の種類・個数が合致しているか確認します。
・バーコードスキャン： バーコードリーダーを使って商品を「ピッと」読み取る作業です。機械の操作はスマホ感覚で直感的に行えるため、難しい設定や専門知識は一切不要です。

2. 梱包・箱詰め作業
検品が完了した商品を、お客様のもとへ無事にお届けできるよう綺麗に包んで箱に詰める作業です。

・袋詰め・緩衝材包装： 服やタオルなどの布製品を専用の透明袋に入れたり、壊れやすいコスメ・ガラス製品などをプチプチ（緩衝材）で包みます。
・箱詰め・セット作業： 指定のサイズに合わせたダンボール箱を組み立て、商品が途中で動かないよう丁寧に納めます。
・テープ留め・封かん： ダンボールのフタを閉じ、ガムテープでしっかり留めたら梱包完了です。

3. シール貼り・仕分け作業
出荷に向けた最後の仕上げ作業です。

・ラベル貼り： お届け先の伝票シールや、取扱注意シール（「水濡れ厳禁」「割れ物注意」など）を指定の位置へキレイに貼り付けます。
・出荷先ごとの仕分け： 梱包が終わった箱を、配送地域別や配送業者別に分けられた台車やコンテナへ移します。

■ 1日のタイムスケジュール例（日勤の場合）
09:00〜【朝礼・作業スタート】
本日の連絡事項を確認後、各自の作業台へ移動します。担当する作業（検品または梱包）をスタートします。

12:00〜【お昼休憩（60分）】
清潔な休憩室でランチタイム。電子レンジ・冷蔵庫・自動販売機も完備されており、お弁当の持参も自由です。

13:00〜【午後の作業再開】
午前の続きの作業を行います。自分のデスクで黙々と作業に集中できる時間です。

15:00〜【小休憩（15分）】
身体をほぐしたり水分補給をするリフレッシュタイム。集中力を保ちやすい環境が整っています。

15:15〜【出荷準備・最終仕上げ】
本日発送分の最終チェックと、作業スペースの清掃・整理整頓を行います。

18:00〜【作業終了・定時退勤】
残業は基本的にありません。定時になったら「お疲れ様でした！」とスッキリ帰宅できます。

■ 快適な作業環境と働きやすさのポイント
・1年中快適な空調完備： 冷暖房がしっかり効いたクリーンな倉庫なので、夏は涼しく、冬は暖かく快適に作業できます。
・身体に優しい軽作業： 扱う商品は衣類、コスメ、文房具、小型雑貨などがメインです。重量物の持ち上げ作業はありません。
・充実した設備： 個人用の鍵付きロッカーを完備。休憩室は広々としており、ポットや電子レンジ、フリーWi-Fiも自由に使えます。

■ 未経験者でも安心のサポート体制
入社初日は、安全に関する講習と作業の基本ルールについてのオリエンテーションからスタートします。
現場配属後は、専任の先輩スタッフがマンツーマンでついて実際の作業を見せながら丁寧にレクチャーします。

最初は「シールの貼り方」や「ダンボールの組み立て」といった、特に簡単な作業からお任せしますので、一度にたくさんのことを覚える必要はありません。
作業中に分からないことや迷うことがあっても、すぐ近くにリーダーや先輩スタッフが常駐しているため、「これってどうやるんでしたっけ？」といつでも気軽に質問できる安心の環境です。早ければ半日、遅くても2〜3日程度で一人立ちしてスムーズにお仕事を進められるようになります！","✅ 未経験スタート9割以上！簡単なシンプル作業です
「商品を手に取る」「キズがないか見る」「箱に入れる」など、覚えることはたったこれだけ！複雑な機械操作や難しいルールはありません。
先輩スタッフのほとんどが未経験からのスタートです。特別なスキルや経験は一切不要なので、初めてのアルバイトや久しぶりのお仕事復帰の方も安心してください。

✅ 自分のペースで黙々・コツコツ取り組める！
「接客が苦手…」「一人で集中して作業したい」という方にピッタリの環境です。
ノルマなどもなく、ご自身のペースで作業を進められるので、人間関係のストレスを感じることなくのびのびと働けます。

✅ 重い荷物なし！身体への負担が少ない軽作業
扱う商品は、衣服や生活雑貨、コスメなどの比較的軽いものが中心です。
重いダンボールを持ち運んだり、力仕事をお願いすることはほぼありませんので、年齢・性別問わず無理なく長く続けられるお仕事です。

✅ 空調完備のキレイな倉庫で、1年中快適♪
冷暖房がしっかり効いたクリーンな室内での作業です。
「夏は暑くて汗だく…」「冬は寒くて手がかじかむ…」といった心配は無用！季節や天候に関わらず、いつも快適な温度の中で気持ちよく作業に集中できます。

✅ 充実の設備＆働きやすい環境
鍵付きの個人ロッカーを完備しているほか、広々として清潔な休憩室もご用意しています。
休憩室には電子レンジ・冷蔵庫・ポット・自動販売機を完備しており、お弁当を持参してゆっくりくつろぐことも可能です。スタッフが過ごしやすい環境づくりに力を入れています！","例外事由3号のイにより、長期キャリア形成を図るため、
35歳以下を募集しております。","【勤務時間】
★9:00~18:00
└実働8時間/休憩1時間

定時ダッシュも問題ないです✧
✧ 土日祝休み
✧ 残業月平均:6.5時間以内
✧ 残業代100%支給","✧ 完全週休2日制(土日祝休み)
✧ 年間休日125日
「土日休みはマスト!」ってあなたにも
ぴったりの職場です!

【その他休暇】
✧ 有給休暇
✧ 夏季・冬季休暇
✧ GW休暇
✧ 年末年始休暇",愛知県 丹羽郡 大口町,,"月給:25万円~+交通費全額支給

※経験に応じて決定いたします。

# 昇給あり
# 賞与あり
# 残業代100%支給
# 交通費支給","・社会保険完備
・住宅手当
・家賃補助
・退職金制度
・家族手当・扶養手当
・健康診断
・特別休暇
・資格取得支援制度","\\✧カジュアル面談実施中です✧/

応募に必要なのは人柄のみです!
まずはあなたのご希望を聞かせてください!

✩.。.....................。.✩
■ 応募からの流れ ■
✩.。.....................。.✩

▶STEP1WEBから1分簡単ご応募!
1~3日以内に担当者よりご連絡いたします。

▶ STEP2カジュアル面談(1回のみ)

▶STEP3採用

※入社日のご相談OKです◎
お気軽にご相談ください!",,即日勤務OK、交通費支給、残業なし,2,任意,生年月日、性別、電話番号,ntf-indeedapplicant-aaaatulx77tci2k2pr5yeqapva@shukatsu-labo.slack.com,,,利用しない,,
募集中,日本マニュファクチャリングサービス株式会社,【未経験】検品・梱包作業/日本マニュファクチャリングサービス株式会社/大阪府吹田市,倉庫作業スタッフ,20~30代活躍中◎ワークライフバランスも充実！！,,大阪府 吹田市,,,正社員,はい,月給,250000,,最低額を表示,なし,,,,,,,固定時間制,160,,厚生年金、健康保険、雇用保険、労災保険,,なし,,,,,,,,,,,,,,,,,,"空調が完備された綺麗な物流センター内で、人気ECサイトで販売されているアパレル商品・生活雑貨・コスメなどの「検品・梱包作業」を担当していただきます。
作業内容は非常にシンプルで、「商品を手に取る」「傷がないかチェックする」「箱や袋に詰める」という基本の3ステップが中心です。重いお荷物の持ち運びはほとんどなく、自分のペースでコツコツ・黙々と進められる軽作業です。
未経験からスタートしたスタッフが9割以上活躍中で、1日〜数日で覚えられる簡単な作業ばかりですので、バイトデビューや久しぶりのお仕事復帰の方も安心してスタートしていただけます。

■ 具体的なお仕事の流れ

1. 検品・チェック作業
入荷された商品や出荷前の商品に問題がないか、確認する作業です。

・外観の目視確認： 商品に傷や汚れ、ほつれ、パッケージの凹みなどが無いかを目視で丁寧にチェックします。
・数量・品番の照合： 納品書や手元のハンディ端末に表示されたデータと、目の前にある商品の種類・個数が合致しているか確認します。
・バーコードスキャン： バーコードリーダーを使って商品を「ピッと」読み取る作業です。機械の操作はスマホ感覚で直感的に行えるため、難しい設定や専門知識は一切不要です。

2. 梱包・箱詰め作業
検品が完了した商品を、お客様のもとへ無事にお届けできるよう綺麗に包んで箱に詰める作業です。

・袋詰め・緩衝材包装： 服やタオルなどの布製品を専用の透明袋に入れたり、壊れやすいコスメ・ガラス製品などをプチプチ（緩衝材）で包みます。
・箱詰め・セット作業： 指定のサイズに合わせたダンボール箱を組み立て、商品が途中で動かないよう丁寧に納めます。
・テープ留め・封かん： ダンボールのフタを閉じ、ガムテープでしっかり留めたら梱包完了です。

3. シール貼り・仕分け作業
出荷に向けた最後の仕上げ作業です。

・ラベル貼り： お届け先の伝票シールや、取扱注意シール（「水濡れ厳禁」「割れ物注意」など）を指定の位置へキレイに貼り付けます。
・出荷先ごとの仕分け： 梱包が終わった箱を、配送地域別や配送業者別に分けられた台車やコンテナへ移します。

■ 1日のタイムスケジュール例（日勤の場合）
09:00〜【朝礼・作業スタート】
本日の連絡事項を確認後、各自の作業台へ移動します。担当する作業（検品または梱包）をスタートします。

12:00〜【お昼休憩（60分）】
清潔な休憩室でランチタイム。電子レンジ・冷蔵庫・自動販売機も完備されており、お弁当の持参も自由です。

13:00〜【午後の作業再開】
午前の続きの作業を行います。自分のデスクで黙々と作業に集中できる時間です。

15:00〜【小休憩（15分）】
身体をほぐしたり水分補給をするリフレッシュタイム。集中力を保ちやすい環境が整っています。

15:15〜【出荷準備・最終仕上げ】
本日発送分の最終チェックと、作業スペースの清掃・整理整頓を行います。

18:00〜【作業終了・定時退勤】
残業は基本的にありません。定時になったら「お疲れ様でした！」とスッキリ帰宅できます。

■ 快適な作業環境と働きやすさのポイント
・1年中快適な空調完備： 冷暖房がしっかり効いたクリーンな倉庫なので、夏は涼しく、冬は暖かく快適に作業できます。
・身体に優しい軽作業： 扱う商品は衣類、コスメ、文房具、小型雑貨などがメインです。重量物の持ち上げ作業はありません。
・充実した設備： 個人用の鍵付きロッカーを完備。休憩室は広々としており、ポットや電子レンジ、フリーWi-Fiも自由に使えます。

■ 未経験者でも安心のサポート体制
入社初日は、安全に関する講習と作業の基本ルールについてのオリエンテーションからスタートします。
現場配属後は、専任の先輩スタッフがマンツーマンでついて実際の作業を見せながら丁寧にレクチャーします。

最初は「シールの貼り方」や「ダンボールの組み立て」といった、特に簡単な作業からお任せしますので、一度にたくさんのことを覚える必要はありません。
作業中に分からないことや迷うことがあっても、すぐ近くにリーダーや先輩スタッフが常駐しているため、「これってどうやるんでしたっけ？」といつでも気軽に質問できる安心の環境です。早ければ半日、遅くても2〜3日程度で一人立ちしてスムーズにお仕事を進められるようになります！","✅ 未経験スタート9割以上！簡単なシンプル作業です
「商品を手に取る」「キズがないか見る」「箱に入れる」など、覚えることはたったこれだけ！複雑な機械操作や難しいルールはありません。
先輩スタッフのほとんどが未経験からのスタートです。特別なスキルや経験は一切不要なので、初めてのアルバイトや久しぶりのお仕事復帰の方も安心してください。

✅ 自分のペースで黙々・コツコツ取り組める！
「接客が苦手…」「一人で集中して作業したい」という方にピッタリの環境です。
ノルマなどもなく、ご自身のペースで作業を進められるので、人間関係のストレスを感じることなくのびのびと働けます。

✅ 重い荷物なし！身体への負担が少ない軽作業
扱う商品は、衣服や生活雑貨、コスメなどの比較的軽いものが中心です。
重いダンボールを持ち運んだり、力仕事をお願いすることはほぼありませんので、年齢・性別問わず無理なく長く続けられるお仕事です。

✅ 空調完備のキレイな倉庫で、1年中快適♪
冷暖房がしっかり効いたクリーンな室内での作業です。
「夏は暑くて汗だく…」「冬は寒くて手がかじかむ…」といった心配は無用！季節や天候に関わらず、いつも快適な温度の中で気持ちよく作業に集中できます。

✅ 充実の設備＆働きやすい環境
鍵付きの個人ロッカーを完備しているほか、広々として清潔な休憩室もご用意しています。
休憩室には電子レンジ・冷蔵庫・ポット・自動販売機を完備しており、お弁当を持参してゆっくりくつろぐことも可能です。スタッフが過ごしやすい環境づくりに力を入れています！","例外事由3号のイにより、長期キャリア形成を図るため、
35歳以下を募集しております。","【勤務時間】
★9:00~18:00
└実働8時間/休憩1時間

定時ダッシュも問題ないです✧
✧ 土日祝休み
✧ 残業月平均:6.5時間以内
✧ 残業代100%支給","✧ 完全週休2日制(土日祝休み)
✧ 年間休日125日
「土日休みはマスト!」ってあなたにも
ぴったりの職場です!

【その他休暇】
✧ 有給休暇
✧ 夏季・冬季休暇
✧ GW休暇
✧ 年末年始休暇",大阪府 吹田市,,"月給:25万円~+交通費全額支給

※経験に応じて決定いたします。

# 昇給あり
# 賞与あり
# 残業代100%支給
# 交通費支給","・社会保険完備
・住宅手当
・家賃補助
・退職金制度
・家族手当・扶養手当
・健康診断
・特別休暇
・資格取得支援制度","\\✧カジュアル面談実施中です✧/

応募に必要なのは人柄のみです!
まずはあなたのご希望を聞かせてください!

✩.。.....................。.✩
■ 応募からの流れ ■
✩.。.....................。.✩

▶STEP1WEBから1分簡単ご応募!
1~3日以内に担当者よりご連絡いたします。

▶ STEP2カジュアル面談(1回のみ)

▶STEP3採用

※入社日のご相談OKです◎
お気軽にご相談ください!",,即日勤務OK、交通費支給、残業なし,2,任意,生年月日、性別、電話番号,ntf-indeedapplicant-aaaatulx77tci2k2pr5yeqapva@shukatsu-labo.slack.com,,,利用しない,,
募集中,日本マニュファクチャリングサービス株式会社,【未経験】検品・梱包作業/日本マニュファクチャリングサービス株式会社/大阪府門真市,倉庫作業スタッフ,20~30代活躍中◎ワークライフバランスも充実！！,,大阪府 門真市,,,正社員,はい,月給,250000,,最低額を表示,なし,,,,,,,固定時間制,160,,厚生年金、健康保険、雇用保険、労災保険,,なし,,,,,,,,,,,,,,,,,,"空調が完備された綺麗な物流センター内で、人気ECサイトで販売されているアパレル商品・生活雑貨・コスメなどの「検品・梱包作業」を担当していただきます。
作業内容は非常にシンプルで、「商品を手に取る」「傷がないかチェックする」「箱や袋に詰める」という基本の3ステップが中心です。重いお荷物の持ち運びはほとんどなく、自分のペースでコツコツ・黙々と進められる軽作業です。
未経験からスタートしたスタッフが9割以上活躍中で、1日〜数日で覚えられる簡単な作業ばかりですので、バイトデビューや久しぶりのお仕事復帰の方も安心してスタートしていただけます。

■ 具体的なお仕事の流れ

1. 検品・チェック作業
入荷された商品や出荷前の商品に問題がないか、確認する作業です。

・外観の目視確認： 商品に傷や汚れ、ほつれ、パッケージの凹みなどが無いかを目視で丁寧にチェックします。
・数量・品番の照合： 納品書や手元のハンディ端末に表示されたデータと、目の前にある商品の種類・個数が合致しているか確認します。
・バーコードスキャン： バーコードリーダーを使って商品を「ピッと」読み取る作業です。機械の操作はスマホ感覚で直感的に行えるため、難しい設定や専門知識は一切不要です。

2. 梱包・箱詰め作業
検品が完了した商品を、お客様のもとへ無事にお届けできるよう綺麗に包んで箱に詰める作業です。

・袋詰め・緩衝材包装： 服やタオルなどの布製品を専用の透明袋に入れたり、壊れやすいコスメ・ガラス製品などをプチプチ（緩衝材）で包みます。
・箱詰め・セット作業： 指定のサイズに合わせたダンボール箱を組み立て、商品が途中で動かないよう丁寧に納めます。
・テープ留め・封かん： ダンボールのフタを閉じ、ガムテープでしっかり留めたら梱包完了です。

3. シール貼り・仕分け作業
出荷に向けた最後の仕上げ作業です。

・ラベル貼り： お届け先の伝票シールや、取扱注意シール（「水濡れ厳禁」「割れ物注意」など）を指定の位置へキレイに貼り付けます。
・出荷先ごとの仕分け： 梱包が終わった箱を、配送地域別や配送業者別に分けられた台車やコンテナへ移します。

■ 1日のタイムスケジュール例（日勤の場合）
09:00〜【朝礼・作業スタート】
本日の連絡事項を確認後、各自の作業台へ移動します。担当する作業（検品または梱包）をスタートします。

12:00〜【お昼休憩（60分）】
清潔な休憩室でランチタイム。電子レンジ・冷蔵庫・自動販売機も完備されており、お弁当の持参も自由です。

13:00〜【午後の作業再開】
午前の続きの作業を行います。自分のデスクで黙々と作業に集中できる時間です。

15:00〜【小休憩（15分）】
身体をほぐしたり水分補給をするリフレッシュタイム。集中力を保ちやすい環境が整っています。

15:15〜【出荷準備・最終仕上げ】
本日発送分の最終チェックと、作業スペースの清掃・整理整頓を行います。

18:00〜【作業終了・定時退勤】
残業は基本的にありません。定時になったら「お疲れ様でした！」とスッキリ帰宅できます。

■ 快適な作業環境と働きやすさのポイント
・1年中快適な空調完備： 冷暖房がしっかり効いたクリーンな倉庫なので、夏は涼しく、冬は暖かく快適に作業できます。
・身体に優しい軽作業： 扱う商品は衣類、コスメ、文房具、小型雑貨などがメインです。重量物の持ち上げ作業はありません。
・充実した設備： 個人用の鍵付きロッカーを完備。休憩室は広々としており、ポットや電子レンジ、フリーWi-Fiも自由に使えます。

■ 未経験者でも安心のサポート体制
入社初日は、安全に関する講習と作業の基本ルールについてのオリエンテーションからスタートします。
現場配属後は、専任の先輩スタッフがマンツーマンでついて実際の作業を見せながら丁寧にレクチャーします。

最初は「シールの貼り方」や「ダンボールの組み立て」といった、特に簡単な作業からお任せしますので、一度にたくさんのことを覚える必要はありません。
作業中に分からないことや迷うことがあっても、すぐ近くにリーダーや先輩スタッフが常駐しているため、「これってどうやるんでしたっけ？」といつでも気軽に質問できる安心の環境です。早ければ半日、遅くても2〜3日程度で一人立ちしてスムーズにお仕事を進められるようになります！","✅ 未経験スタート9割以上！簡単なシンプル作業です
「商品を手に取る」「キズがないか見る」「箱に入れる」など、覚えることはたったこれだけ！複雑な機械操作や難しいルールはありません。
先輩スタッフのほとんどが未経験からのスタートです。特別なスキルや経験は一切不要なので、初めてのアルバイトや久しぶりのお仕事復帰の方も安心してください。

✅ 自分のペースで黙々・コツコツ取り組める！
「接客が苦手…」「一人で集中して作業したい」という方にピッタリの環境です。
ノルマなどもなく、ご自身のペースで作業を進められるので、人間関係のストレスを感じることなくのびのびと働けます。

✅ 重い荷物なし！身体への負担が少ない軽作業
扱う商品は、衣服や生活雑貨、コスメなどの比較的軽いものが中心です。
重いダンボールを持ち運んだり、力仕事をお願いすることはほぼありませんので、年齢・性別問わず無理なく長く続けられるお仕事です。

✅ 空調完備のキレイな倉庫で、1年中快適♪
冷暖房がしっかり効いたクリーンな室内での作業です。
「夏は暑くて汗だく…」「冬は寒くて手がかじかむ…」といった心配は無用！季節や天候に関わらず、いつも快適な温度の中で気持ちよく作業に集中できます。

✅ 充実の設備＆働きやすい環境
鍵付きの個人ロッカーを完備しているほか、広々として清潔な休憩室もご用意しています。
休憩室には電子レンジ・冷蔵庫・ポット・自動販売機を完備しており、お弁当を持参してゆっくりくつろぐことも可能です。スタッフが過ごしやすい環境づくりに力を入れています！","例外事由3号のイにより、長期キャリア形成を図るため、
35歳以下を募集しております。","【勤務時間】
★9:00~18:00
└実働8時間/休憩1時間

定時ダッシュも問題ないです✧
✧ 土日祝休み
✧ 残業月平均:6.5時間以内
✧ 残業代100%支給","✧ 完全週休2日制(土日祝休み)
✧ 年間休日125日
「土日休みはマスト!」ってあなたにも
ぴったりの職場です!

【その他休暇】
✧ 有給休暇
✧ 夏季・冬季休暇
✧ GW休暇
✧ 年末年始休暇",大阪府 門真市,,"月給:25万円~+交通費全額支給

※経験に応じて決定いたします。

# 昇給あり
# 賞与あり
# 残業代100%支給
# 交通費支給","・社会保険完備
・住宅手当
・家賃補助
・退職金制度
・家族手当・扶養手当
・健康診断
・特別休暇
・資格取得支援制度","\\✧カジュアル面談実施中です✧/

応募に必要なのは人柄のみです!
まずはあなたのご希望を聞かせてください!

✩.。.....................。.✩
■ 応募からの流れ ■
✩.。.....................。.✩

▶STEP1WEBから1分簡単ご応募!
1~3日以内に担当者よりご連絡いたします。

▶ STEP2カジュアル面談(1回のみ)

▶STEP3採用

※入社日のご相談OKです◎
お気軽にご相談ください!",,即日勤務OK、交通費支給、残業なし,2,任意,生年月日、性別、電話番号,ntf-indeedapplicant-aaaatulx77tci2k2pr5yeqapva@shukatsu-labo.slack.com,,,利用しない,,
募集中,日本マニュファクチャリングサービス株式会社,【未経験】検品・梱包作業/日本マニュファクチャリングサービス株式会社/大阪府大東市,倉庫作業スタッフ,20~30代活躍中◎ワークライフバランスも充実！！,,大阪府 大東市,,,正社員,はい,月給,250000,,最低額を表示,なし,,,,,,,固定時間制,160,,厚生年金、健康保険、雇用保険、労災保険,,なし,,,,,,,,,,,,,,,,,,"空調が完備された綺麗な物流センター内で、人気ECサイトで販売されているアパレル商品・生活雑貨・コスメなどの「検品・梱包作業」を担当していただきます。
作業内容は非常にシンプルで、「商品を手に取る」「傷がないかチェックする」「箱や袋に詰める」という基本の3ステップが中心です。重いお荷物の持ち運びはほとんどなく、自分のペースでコツコツ・黙々と進められる軽作業です。
未経験からスタートしたスタッフが9割以上活躍中で、1日〜数日で覚えられる簡単な作業ばかりですので、バイトデビューや久しぶりのお仕事復帰の方も安心してスタートしていただけます。

■ 具体的なお仕事の流れ

1. 検品・チェック作業
入荷された商品や出荷前の商品に問題がないか、確認する作業です。

・外観の目視確認： 商品に傷や汚れ、ほつれ、パッケージの凹みなどが無いかを目視で丁寧にチェックします。
・数量・品番の照合： 納品書や手元のハンディ端末に表示されたデータと、目の前にある商品の種類・個数が合致しているか確認します。
・バーコードスキャン： バーコードリーダーを使って商品を「ピッと」読み取る作業です。機械の操作はスマホ感覚で直感的に行えるため、難しい設定や専門知識は一切不要です。

2. 梱包・箱詰め作業
検品が完了した商品を、お客様のもとへ無事にお届けできるよう綺麗に包んで箱に詰める作業です。

・袋詰め・緩衝材包装： 服やタオルなどの布製品を専用の透明袋に入れたり、壊れやすいコスメ・ガラス製品などをプチプチ（緩衝材）で包みます。
・箱詰め・セット作業： 指定のサイズに合わせたダンボール箱を組み立て、商品が途中で動かないよう丁寧に納めます。
・テープ留め・封かん： ダンボールのフタを閉じ、ガムテープでしっかり留めたら梱包完了です。

3. シール貼り・仕分け作業
出荷に向けた最後の仕上げ作業です。

・ラベル貼り： お届け先の伝票シールや、取扱注意シール（「水濡れ厳禁」「割れ物注意」など）を指定の位置へキレイに貼り付けます。
・出荷先ごとの仕分け： 梱包が終わった箱を、配送地域別や配送業者別に分けられた台車やコンテナへ移します。

■ 1日のタイムスケジュール例（日勤の場合）
09:00〜【朝礼・作業スタート】
本日の連絡事項を確認後、各自の作業台へ移動します。担当する作業（検品または梱包）をスタートします。

12:00〜【お昼休憩（60分）】
清潔な休憩室でランチタイム。電子レンジ・冷蔵庫・自動販売機も完備されており、お弁当の持参も自由です。

13:00〜【午後の作業再開】
午前の続きの作業を行います。自分のデスクで黙々と作業に集中できる時間です。

15:00〜【小休憩（15分）】
身体をほぐしたり水分補給をするリフレッシュタイム。集中力を保ちやすい環境が整っています。

15:15〜【出荷準備・最終仕上げ】
本日発送分の最終チェックと、作業スペースの清掃・整理整頓を行います。

18:00〜【作業終了・定時退勤】
残業は基本的にありません。定時になったら「お疲れ様でした！」とスッキリ帰宅できます。

■ 快適な作業環境と働きやすさのポイント
・1年中快適な空調完備： 冷暖房がしっかり効いたクリーンな倉庫なので、夏は涼しく、冬は暖かく快適に作業できます。
・身体に優しい軽作業： 扱う商品は衣類、コスメ、文房具、小型雑貨などがメインです。重量物の持ち上げ作業はありません。
・充実した設備： 個人用の鍵付きロッカーを完備。休憩室は広々としており、ポットや電子レンジ、フリーWi-Fiも自由に使えます。

■ 未経験者でも安心のサポート体制
入社初日は、安全に関する講習と作業の基本ルールについてのオリエンテーションからスタートします。
現場配属後は、専任の先輩スタッフがマンツーマンでついて実際の作業を見せながら丁寧にレクチャーします。

最初は「シールの貼り方」や「ダンボールの組み立て」といった、特に簡単な作業からお任せしますので、一度にたくさんのことを覚える必要はありません。
作業中に分からないことや迷うことがあっても、すぐ近くにリーダーや先輩スタッフが常駐しているため、「これってどうやるんでしたっけ？」といつでも気軽に質問できる安心の環境です。早ければ半日、遅くても2〜3日程度で一人立ちしてスムーズにお仕事を進められるようになります！","✅ 未経験スタート9割以上！簡単なシンプル作業です
「商品を手に取る」「キズがないか見る」「箱に入れる」など、覚えることはたったこれだけ！複雑な機械操作や難しいルールはありません。
先輩スタッフのほとんどが未経験からのスタートです。特別なスキルや経験は一切不要なので、初めてのアルバイトや久しぶりのお仕事復帰の方も安心してください。

✅ 自分のペースで黙々・コツコツ取り組める！
「接客が苦手…」「一人で集中して作業したい」という方にピッタリの環境です。
ノルマなどもなく、ご自身のペースで作業を進められるので、人間関係のストレスを感じることなくのびのびと働けます。

✅ 重い荷物なし！身体への負担が少ない軽作業
扱う商品は、衣服や生活雑貨、コスメなどの比較的軽いものが中心です。
重いダンボールを持ち運んだり、力仕事をお願いすることはほぼありませんので、年齢・性別問わず無理なく長く続けられるお仕事です。

✅ 空調完備のキレイな倉庫で、1年中快適♪
冷暖房がしっかり効いたクリーンな室内での作業です。
「夏は暑くて汗だく…」「冬は寒くて手がかじかむ…」といった心配は無用！季節や天候に関わらず、いつも快適な温度の中で気持ちよく作業に集中できます。

✅ 充実の設備＆働きやすい環境
鍵付きの個人ロッカーを完備しているほか、広々として清潔な休憩室もご用意しています。
休憩室には電子レンジ・冷蔵庫・ポット・自動販売機を完備しており、お弁当を持参してゆっくりくつろぐことも可能です。スタッフが過ごしやすい環境づくりに力を入れています！","例外事由3号のイにより、長期キャリア形成を図るため、
35歳以下を募集しております。","【勤務時間】
★9:00~18:00
└実働8時間/休憩1時間

定時ダッシュも問題ないです✧
✧ 土日祝休み
✧ 残業月平均:6.5時間以内
✧ 残業代100%支給","✧ 完全週休2日制(土日祝休み)
✧ 年間休日125日
「土日休みはマスト!」ってあなたにも
ぴったりの職場です!

【その他休暇】
✧ 有給休暇
✧ 夏季・冬季休暇
✧ GW休暇
✧ 年末年始休暇",大阪府 大東市,,"月給:25万円~+交通費全額支給

※経験に応じて決定いたします。

# 昇給あり
# 賞与あり
# 残業代100%支給
# 交通費支給","・社会保険完備
・住宅手当
・家賃補助
・退職金制度
・家族手当・扶養手当
・健康診断
・特別休暇
・資格取得支援制度","\\✧カジュアル面談実施中です✧/

応募に必要なのは人柄のみです!
まずはあなたのご希望を聞かせてください!

✩.。.....................。.✩
■ 応募からの流れ ■
✩.。.....................。.✩

▶STEP1WEBから1分簡単ご応募!
1~3日以内に担当者よりご連絡いたします。

▶ STEP2カジュアル面談(1回のみ)

▶STEP3採用

※入社日のご相談OKです◎
お気軽にご相談ください!",,即日勤務OK、交通費支給、残業なし,2,任意,生年月日、性別、電話番号,ntf-indeedapplicant-aaaatulx77tci2k2pr5yeqapva@shukatsu-labo.slack.com,,,利用しない,,
募集中,日本マニュファクチャリングサービス株式会社,【未経験】検品・梱包作業/日本マニュファクチャリングサービス株式会社/大阪府貝塚市,倉庫作業スタッフ,20~30代活躍中◎ワークライフバランスも充実！！,,大阪府 貝塚市,,,正社員,はい,月給,250000,,最低額を表示,なし,,,,,,,固定時間制,160,,厚生年金、健康保険、雇用保険、労災保険,,なし,,,,,,,,,,,,,,,,,,"空調が完備された綺麗な物流センター内で、人気ECサイトで販売されているアパレル商品・生活雑貨・コスメなどの「検品・梱包作業」を担当していただきます。
作業内容は非常にシンプルで、「商品を手に取る」「傷がないかチェックする」「箱や袋に詰める」という基本の3ステップが中心です。重いお荷物の持ち運びはほとんどなく、自分のペースでコツコツ・黙々と進められる軽作業です。
未経験からスタートしたスタッフが9割以上活躍中で、1日〜数日で覚えられる簡単な作業ばかりですので、バイトデビューや久しぶりのお仕事復帰の方も安心してスタートしていただけます。

■ 具体的なお仕事の流れ

1. 検品・チェック作業
入荷された商品や出荷前の商品に問題がないか、確認する作業です。

・外観の目視確認： 商品に傷や汚れ、ほつれ、パッケージの凹みなどが無いかを目視で丁寧にチェックします。
・数量・品番の照合： 納品書や手元のハンディ端末に表示されたデータと、目の前にある商品の種類・個数が合致しているか確認します。
・バーコードスキャン： バーコードリーダーを使って商品を「ピッと」読み取る作業です。機械の操作はスマホ感覚で直感的に行えるため、難しい設定や専門知識は一切不要です。

2. 梱包・箱詰め作業
検品が完了した商品を、お客様のもとへ無事にお届けできるよう綺麗に包んで箱に詰める作業です。

・袋詰め・緩衝材包装： 服やタオルなどの布製品を専用の透明袋に入れたり、壊れやすいコスメ・ガラス製品などをプチプチ（緩衝材）で包みます。
・箱詰め・セット作業： 指定のサイズに合わせたダンボール箱を組み立て、商品が途中で動かないよう丁寧に納めます。
・テープ留め・封かん： ダンボールのフタを閉じ、ガムテープでしっかり留めたら梱包完了です。

3. シール貼り・仕分け作業
出荷に向けた最後の仕上げ作業です。

・ラベル貼り： お届け先の伝票シールや、取扱注意シール（「水濡れ厳禁」「割れ物注意」など）を指定の位置へキレイに貼り付けます。
・出荷先ごとの仕分け： 梱包が終わった箱を、配送地域別や配送業者別に分けられた台車やコンテナへ移します。

■ 1日のタイムスケジュール例（日勤の場合）
09:00〜【朝礼・作業スタート】
本日の連絡事項を確認後、各自の作業台へ移動します。担当する作業（検品または梱包）をスタートします。

12:00〜【お昼休憩（60分）】
清潔な休憩室でランチタイム。電子レンジ・冷蔵庫・自動販売機も完備されており、お弁当の持参も自由です。

13:00〜【午後の作業再開】
午前の続きの作業を行います。自分のデスクで黙々と作業に集中できる時間です。

15:00〜【小休憩（15分）】
身体をほぐしたり水分補給をするリフレッシュタイム。集中力を保ちやすい環境が整っています。

15:15〜【出荷準備・最終仕上げ】
本日発送分の最終チェックと、作業スペースの清掃・整理整頓を行います。

18:00〜【作業終了・定時退勤】
残業は基本的にありません。定時になったら「お疲れ様でした！」とスッキリ帰宅できます。

■ 快適な作業環境と働きやすさのポイント
・1年中快適な空調完備： 冷暖房がしっかり効いたクリーンな倉庫なので、夏は涼しく、冬は暖かく快適に作業できます。
・身体に優しい軽作業： 扱う商品は衣類、コスメ、文房具、小型雑貨などがメインです。重量物の持ち上げ作業はありません。
・充実した設備： 個人用の鍵付きロッカーを完備。休憩室は広々としており、ポットや電子レンジ、フリーWi-Fiも自由に使えます。

■ 未経験者でも安心のサポート体制
入社初日は、安全に関する講習と作業の基本ルールについてのオリエンテーションからスタートします。
現場配属後は、専任の先輩スタッフがマンツーマンでついて実際の作業を見せながら丁寧にレクチャーします。

最初は「シールの貼り方」や「ダンボールの組み立て」といった、特に簡単な作業からお任せしますので、一度にたくさんのことを覚える必要はありません。
作業中に分からないことや迷うことがあっても、すぐ近くにリーダーや先輩スタッフが常駐しているため、「これってどうやるんでしたっけ？」といつでも気軽に質問できる安心の環境です。早ければ半日、遅くても2〜3日程度で一人立ちしてスムーズにお仕事を進められるようになります！","✅ 未経験スタート9割以上！簡単なシンプル作業です
「商品を手に取る」「キズがないか見る」「箱に入れる」など、覚えることはたったこれだけ！複雑な機械操作や難しいルールはありません。
先輩スタッフのほとんどが未経験からのスタートです。特別なスキルや経験は一切不要なので、初めてのアルバイトや久しぶりのお仕事復帰の方も安心してください。

✅ 自分のペースで黙々・コツコツ取り組める！
「接客が苦手…」「一人で集中して作業したい」という方にピッタリの環境です。
ノルマなどもなく、ご自身のペースで作業を進められるので、人間関係のストレスを感じることなくのびのびと働けます。

✅ 重い荷物なし！身体への負担が少ない軽作業
扱う商品は、衣服や生活雑貨、コスメなどの比較的軽いものが中心です。
重いダンボールを持ち運んだり、力仕事をお願いすることはほぼありませんので、年齢・性別問わず無理なく長く続けられるお仕事です。

✅ 空調完備のキレイな倉庫で、1年中快適♪
冷暖房がしっかり効いたクリーンな室内での作業です。
「夏は暑くて汗だく…」「冬は寒くて手がかじかむ…」といった心配は無用！季節や天候に関わらず、いつも快適な温度の中で気持ちよく作業に集中できます。

✅ 充実の設備＆働きやすい環境
鍵付きの個人ロッカーを完備しているほか、広々として清潔な休憩室もご用意しています。
休憩室には電子レンジ・冷蔵庫・ポット・自動販売機を完備しており、お弁当を持参してゆっくりくつろぐことも可能です。スタッフが過ごしやすい環境づくりに力を入れています！","例外事由3号のイにより、長期キャリア形成を図るため、
35歳以下を募集しております。","【勤務時間】
★9:00~18:00
└実働8時間/休憩1時間

定時ダッシュも問題ないです✧
✧ 土日祝休み
✧ 残業月平均:6.5時間以内
✧ 残業代100%支給","✧ 完全週休2日制(土日祝休み)
✧ 年間休日125日
「土日休みはマスト!」ってあなたにも
ぴったりの職場です!

【その他休暇】
✧ 有給休暇
✧ 夏季・冬季休暇
✧ GW休暇
✧ 年末年始休暇",大阪府 貝塚市,,"月給:25万円~+交通費全額支給

※経験に応じて決定いたします。

# 昇給あり
# 賞与あり
# 残業代100%支給
# 交通費支給","・社会保険完備
・住宅手当
・家賃補助
・退職金制度
・家族手当・扶養手当
・健康診断
・特別休暇
・資格取得支援制度","\\✧カジュアル面談実施中です✧/

応募に必要なのは人柄のみです!
まずはあなたのご希望を聞かせてください!

✩.。.....................。.✩
■ 応募からの流れ ■
✩.。.....................。.✩

▶STEP1WEBから1分簡単ご応募!
1~3日以内に担当者よりご連絡いたします。

▶ STEP2カジュアル面談(1回のみ)

▶STEP3採用

※入社日のご相談OKです◎
お気軽にご相談ください!",,即日勤務OK、交通費支給、残業なし,2,任意,生年月日、性別、電話番号,ntf-indeedapplicant-aaaatulx77tci2k2pr5yeqapva@shukatsu-labo.slack.com,,,利用しない,,
募集中,日本マニュファクチャリングサービス株式会社,【未経験】検品・梱包作業/日本マニュファクチャリングサービス株式会社/大阪府泉佐野市,倉庫作業スタッフ,20~30代活躍中◎ワークライフバランスも充実！！,,大阪府 泉佐野市,,,正社員,はい,月給,250000,,最低額を表示,なし,,,,,,,固定時間制,160,,厚生年金、健康保険、雇用保険、労災保険,,なし,,,,,,,,,,,,,,,,,,"空調が完備された綺麗な物流センター内で、人気ECサイトで販売されているアパレル商品・生活雑貨・コスメなどの「検品・梱包作業」を担当していただきます。
作業内容は非常にシンプルで、「商品を手に取る」「傷がないかチェックする」「箱や袋に詰める」という基本の3ステップが中心です。重いお荷物の持ち運びはほとんどなく、自分のペースでコツコツ・黙々と進められる軽作業です。
未経験からスタートしたスタッフが9割以上活躍中で、1日〜数日で覚えられる簡単な作業ばかりですので、バイトデビューや久しぶりのお仕事復帰の方も安心してスタートしていただけます。

■ 具体的なお仕事の流れ

1. 検品・チェック作業
入荷された商品や出荷前の商品に問題がないか、確認する作業です。

・外観の目視確認： 商品に傷や汚れ、ほつれ、パッケージの凹みなどが無いかを目視で丁寧にチェックします。
・数量・品番の照合： 納品書や手元のハンディ端末に表示されたデータと、目の前にある商品の種類・個数が合致しているか確認します。
・バーコードスキャン： バーコードリーダーを使って商品を「ピッと」読み取る作業です。機械の操作はスマホ感覚で直感的に行えるため、難しい設定や専門知識は一切不要です。

2. 梱包・箱詰め作業
検品が完了した商品を、お客様のもとへ無事にお届けできるよう綺麗に包んで箱に詰める作業です。

・袋詰め・緩衝材包装： 服やタオルなどの布製品を専用の透明袋に入れたり、壊れやすいコスメ・ガラス製品などをプチプチ（緩衝材）で包みます。
・箱詰め・セット作業： 指定のサイズに合わせたダンボール箱を組み立て、商品が途中で動かないよう丁寧に納めます。
・テープ留め・封かん： ダンボールのフタを閉じ、ガムテープでしっかり留めたら梱包完了です。

3. シール貼り・仕分け作業
出荷に向けた最後の仕上げ作業です。

・ラベル貼り： お届け先の伝票シールや、取扱注意シール（「水濡れ厳禁」「割れ物注意」など）を指定の位置へキレイに貼り付けます。
・出荷先ごとの仕分け： 梱包が終わった箱を、配送地域別や配送業者別に分けられた台車やコンテナへ移します。

■ 1日のタイムスケジュール例（日勤の場合）
09:00〜【朝礼・作業スタート】
本日の連絡事項を確認後、各自の作業台へ移動します。担当する作業（検品または梱包）をスタートします。

12:00〜【お昼休憩（60分）】
清潔な休憩室でランチタイム。電子レンジ・冷蔵庫・自動販売機も完備されており、お弁当の持参も自由です。

13:00〜【午後の作業再開】
午前の続きの作業を行います。自分のデスクで黙々と作業に集中できる時間です。

15:00〜【小休憩（15分）】
身体をほぐしたり水分補給をするリフレッシュタイム。集中力を保ちやすい環境が整っています。

15:15〜【出荷準備・最終仕上げ】
本日発送分の最終チェックと、作業スペースの清掃・整理整頓を行います。

18:00〜【作業終了・定時退勤】
残業は基本的にありません。定時になったら「お疲れ様でした！」とスッキリ帰宅できます。

■ 快適な作業環境と働きやすさのポイント
・1年中快適な空調完備： 冷暖房がしっかり効いたクリーンな倉庫なので、夏は涼しく、冬は暖かく快適に作業できます。
・身体に優しい軽作業： 扱う商品は衣類、コスメ、文房具、小型雑貨などがメインです。重量物の持ち上げ作業はありません。
・充実した設備： 個人用の鍵付きロッカーを完備。休憩室は広々としており、ポットや電子レンジ、フリーWi-Fiも自由に使えます。

■ 未経験者でも安心のサポート体制
入社初日は、安全に関する講習と作業の基本ルールについてのオリエンテーションからスタートします。
現場配属後は、専任の先輩スタッフがマンツーマンでついて実際の作業を見せながら丁寧にレクチャーします。

最初は「シールの貼り方」や「ダンボールの組み立て」といった、特に簡単な作業からお任せしますので、一度にたくさんのことを覚える必要はありません。
作業中に分からないことや迷うことがあっても、すぐ近くにリーダーや先輩スタッフが常駐しているため、「これってどうやるんでしたっけ？」といつでも気軽に質問できる安心の環境です。早ければ半日、遅くても2〜3日程度で一人立ちしてスムーズにお仕事を進められるようになります！","✅ 未経験スタート9割以上！簡単なシンプル作業です
「商品を手に取る」「キズがないか見る」「箱に入れる」など、覚えることはたったこれだけ！複雑な機械操作や難しいルールはありません。
先輩スタッフのほとんどが未経験からのスタートです。特別なスキルや経験は一切不要なので、初めてのアルバイトや久しぶりのお仕事復帰の方も安心してください。

✅ 自分のペースで黙々・コツコツ取り組める！
「接客が苦手…」「一人で集中して作業したい」という方にピッタリの環境です。
ノルマなどもなく、ご自身のペースで作業を進められるので、人間関係のストレスを感じることなくのびのびと働けます。

✅ 重い荷物なし！身体への負担が少ない軽作業
扱う商品は、衣服や生活雑貨、コスメなどの比較的軽いものが中心です。
重いダンボールを持ち運んだり、力仕事をお願いすることはほぼありませんので、年齢・性別問わず無理なく長く続けられるお仕事です。

✅ 空調完備のキレイな倉庫で、1年中快適♪
冷暖房がしっかり効いたクリーンな室内での作業です。
「夏は暑くて汗だく…」「冬は寒くて手がかじかむ…」といった心配は無用！季節や天候に関わらず、いつも快適な温度の中で気持ちよく作業に集中できます。

✅ 充実の設備＆働きやすい環境
鍵付きの個人ロッカーを完備しているほか、広々として清潔な休憩室もご用意しています。
休憩室には電子レンジ・冷蔵庫・ポット・自動販売機を完備しており、お弁当を持参してゆっくりくつろぐことも可能です。スタッフが過ごしやすい環境づくりに力を入れています！","例外事由3号のイにより、長期キャリア形成を図るため、
35歳以下を募集しております。","【勤務時間】
★9:00~18:00
└実働8時間/休憩1時間

定時ダッシュも問題ないです✧
✧ 土日祝休み
✧ 残業月平均:6.5時間以内
✧ 残業代100%支給","✧ 完全週休2日制(土日祝休み)
✧ 年間休日125日
「土日休みはマスト!」ってあなたにも
ぴったりの職場です!

【その他休暇】
✧ 有給休暇
✧ 夏季・冬季休暇
✧ GW休暇
✧ 年末年始休暇",大阪府 泉佐野市,,"月給:25万円~+交通費全額支給

※経験に応じて決定いたします。

# 昇給あり
# 賞与あり
# 残業代100%支給
# 交通費支給","・社会保険完備
・住宅手当
・家賃補助
・退職金制度
・家族手当・扶養手当
・健康診断
・特別休暇
・資格取得支援制度","\\✧カジュアル面談実施中です✧/

応募に必要なのは人柄のみです!
まずはあなたのご希望を聞かせてください!

✩.。.....................。.✩
■ 応募からの流れ ■
✩.。.....................。.✩

▶STEP1WEBから1分簡単ご応募!
1~3日以内に担当者よりご連絡いたします。

▶ STEP2カジュアル面談(1回のみ)

▶STEP3採用

※入社日のご相談OKです◎
お気軽にご相談ください!",,即日勤務OK、交通費支給、残業なし,2,任意,生年月日、性別、電話番号,ntf-indeedapplicant-aaaatulx77tci2k2pr5yeqapva@shukatsu-labo.slack.com,,,利用しない,,
募集中,日本マニュファクチャリングサービス株式会社,【未経験】検品・梱包作業/日本マニュファクチャリングサービス株式会社/大阪府池田市,倉庫作業スタッフ,20~30代活躍中◎ワークライフバランスも充実！！,,大阪府 池田市,,,正社員,はい,月給,250000,,最低額を表示,なし,,,,,,,固定時間制,160,,厚生年金、健康保険、雇用保険、労災保険,,なし,,,,,,,,,,,,,,,,,,"空調が完備された綺麗な物流センター内で、人気ECサイトで販売されているアパレル商品・生活雑貨・コスメなどの「検品・梱包作業」を担当していただきます。
作業内容は非常にシンプルで、「商品を手に取る」「傷がないかチェックする」「箱や袋に詰める」という基本の3ステップが中心です。重いお荷物の持ち運びはほとんどなく、自分のペースでコツコツ・黙々と進められる軽作業です。
未経験からスタートしたスタッフが9割以上活躍中で、1日〜数日で覚えられる簡単な作業ばかりですので、バイトデビューや久しぶりのお仕事復帰の方も安心してスタートしていただけます。

■ 具体的なお仕事の流れ

1. 検品・チェック作業
入荷された商品や出荷前の商品に問題がないか、確認する作業です。

・外観の目視確認： 商品に傷や汚れ、ほつれ、パッケージの凹みなどが無いかを目視で丁寧にチェックします。
・数量・品番の照合： 納品書や手元のハンディ端末に表示されたデータと、目の前にある商品の種類・個数が合致しているか確認します。
・バーコードスキャン： バーコードリーダーを使って商品を「ピッと」読み取る作業です。機械の操作はスマホ感覚で直感的に行えるため、難しい設定や専門知識は一切不要です。

2. 梱包・箱詰め作業
検品が完了した商品を、お客様のもとへ無事にお届けできるよう綺麗に包んで箱に詰める作業です。

・袋詰め・緩衝材包装： 服やタオルなどの布製品を専用の透明袋に入れたり、壊れやすいコスメ・ガラス製品などをプチプチ（緩衝材）で包みます。
・箱詰め・セット作業： 指定のサイズに合わせたダンボール箱を組み立て、商品が途中で動かないよう丁寧に納めます。
・テープ留め・封かん： ダンボールのフタを閉じ、ガムテープでしっかり留めたら梱包完了です。

3. シール貼り・仕分け作業
出荷に向けた最後の仕上げ作業です。

・ラベル貼り： お届け先の伝票シールや、取扱注意シール（「水濡れ厳禁」「割れ物注意」など）を指定の位置へキレイに貼り付けます。
・出荷先ごとの仕分け： 梱包が終わった箱を、配送地域別や配送業者別に分けられた台車やコンテナへ移します。

■ 1日のタイムスケジュール例（日勤の場合）
09:00〜【朝礼・作業スタート】
本日の連絡事項を確認後、各自の作業台へ移動します。担当する作業（検品または梱包）をスタートします。

12:00〜【お昼休憩（60分）】
清潔な休憩室でランチタイム。電子レンジ・冷蔵庫・自動販売機も完備されており、お弁当の持参も自由です。

13:00〜【午後の作業再開】
午前の続きの作業を行います。自分のデスクで黙々と作業に集中できる時間です。

15:00〜【小休憩（15分）】
身体をほぐしたり水分補給をするリフレッシュタイム。集中力を保ちやすい環境が整っています。

15:15〜【出荷準備・最終仕上げ】
本日発送分の最終チェックと、作業スペースの清掃・整理整頓を行います。

18:00〜【作業終了・定時退勤】
残業は基本的にありません。定時になったら「お疲れ様でした！」とスッキリ帰宅できます。

■ 快適な作業環境と働きやすさのポイント
・1年中快適な空調完備： 冷暖房がしっかり効いたクリーンな倉庫なので、夏は涼しく、冬は暖かく快適に作業できます。
・身体に優しい軽作業： 扱う商品は衣類、コスメ、文房具、小型雑貨などがメインです。重量物の持ち上げ作業はありません。
・充実した設備： 個人用の鍵付きロッカーを完備。休憩室は広々としており、ポットや電子レンジ、フリーWi-Fiも自由に使えます。

■ 未経験者でも安心のサポート体制
入社初日は、安全に関する講習と作業の基本ルールについてのオリエンテーションからスタートします。
現場配属後は、専任の先輩スタッフがマンツーマンでついて実際の作業を見せながら丁寧にレクチャーします。

最初は「シールの貼り方」や「ダンボールの組み立て」といった、特に簡単な作業からお任せしますので、一度にたくさんのことを覚える必要はありません。
作業中に分からないことや迷うことがあっても、すぐ近くにリーダーや先輩スタッフが常駐しているため、「これってどうやるんでしたっけ？」といつでも気軽に質問できる安心の環境です。早ければ半日、遅くても2〜3日程度で一人立ちしてスムーズにお仕事を進められるようになります！","✅ 未経験スタート9割以上！簡単なシンプル作業です
「商品を手に取る」「キズがないか見る」「箱に入れる」など、覚えることはたったこれだけ！複雑な機械操作や難しいルールはありません。
先輩スタッフのほとんどが未経験からのスタートです。特別なスキルや経験は一切不要なので、初めてのアルバイトや久しぶりのお仕事復帰の方も安心してください。

✅ 自分のペースで黙々・コツコツ取り組める！
「接客が苦手…」「一人で集中して作業したい」という方にピッタリの環境です。
ノルマなどもなく、ご自身のペースで作業を進められるので、人間関係のストレスを感じることなくのびのびと働けます。

✅ 重い荷物なし！身体への負担が少ない軽作業
扱う商品は、衣服や生活雑貨、コスメなどの比較的軽いものが中心です。
重いダンボールを持ち運んだり、力仕事をお願いすることはほぼありませんので、年齢・性別問わず無理なく長く続けられるお仕事です。

✅ 空調完備のキレイな倉庫で、1年中快適♪
冷暖房がしっかり効いたクリーンな室内での作業です。
「夏は暑くて汗だく…」「冬は寒くて手がかじかむ…」といった心配は無用！季節や天候に関わらず、いつも快適な温度の中で気持ちよく作業に集中できます。

✅ 充実の設備＆働きやすい環境
鍵付きの個人ロッカーを完備しているほか、広々として清潔な休憩室もご用意しています。
休憩室には電子レンジ・冷蔵庫・ポット・自動販売機を完備しており、お弁当を持参してゆっくりくつろぐことも可能です。スタッフが過ごしやすい環境づくりに力を入れています！","例外事由3号のイにより、長期キャリア形成を図るため、
35歳以下を募集しております。","【勤務時間】
★9:00~18:00
└実働8時間/休憩1時間

定時ダッシュも問題ないです✧
✧ 土日祝休み
✧ 残業月平均:6.5時間以内
✧ 残業代100%支給","✧ 完全週休2日制(土日祝休み)
✧ 年間休日125日
「土日休みはマスト!」ってあなたにも
ぴったりの職場です!

【その他休暇】
✧ 有給休暇
✧ 夏季・冬季休暇
✧ GW休暇
✧ 年末年始休暇",大阪府 池田市,,"月給:25万円~+交通費全額支給

※経験に応じて決定いたします。

# 昇給あり
# 賞与あり
# 残業代100%支給
# 交通費支給","・社会保険完備
・住宅手当
・家賃補助
・退職金制度
・家族手当・扶養手当
・健康診断
・特別休暇
・資格取得支援制度","\\✧カジュアル面談実施中です✧/

応募に必要なのは人柄のみです!
まずはあなたのご希望を聞かせてください!

✩.。.....................。.✩
■ 応募からの流れ ■
✩.。.....................。.✩

▶STEP1WEBから1分簡単ご応募!
1~3日以内に担当者よりご連絡いたします。

▶ STEP2カジュアル面談(1回のみ)

▶STEP3採用

※入社日のご相談OKです◎
お気軽にご相談ください!",,即日勤務OK、交通費支給、残業なし,2,任意,生年月日、性別、電話番号,ntf-indeedapplicant-aaaatulx77tci2k2pr5yeqapva@shukatsu-labo.slack.com,,,利用しない,,
募集中,日本マニュファクチャリングサービス株式会社,【未経験】検品・梱包作業/日本マニュファクチャリングサービス株式会社/大阪府摂津市,倉庫作業スタッフ,20~30代活躍中◎ワークライフバランスも充実！！,,大阪府 摂津市,,,正社員,はい,月給,250000,,最低額を表示,なし,,,,,,,固定時間制,160,,厚生年金、健康保険、雇用保険、労災保険,,なし,,,,,,,,,,,,,,,,,,"空調が完備された綺麗な物流センター内で、人気ECサイトで販売されているアパレル商品・生活雑貨・コスメなどの「検品・梱包作業」を担当していただきます。
作業内容は非常にシンプルで、「商品を手に取る」「傷がないかチェックする」「箱や袋に詰める」という基本の3ステップが中心です。重いお荷物の持ち運びはほとんどなく、自分のペースでコツコツ・黙々と進められる軽作業です。
未経験からスタートしたスタッフが9割以上活躍中で、1日〜数日で覚えられる簡単な作業ばかりですので、バイトデビューや久しぶりのお仕事復帰の方も安心してスタートしていただけます。

■ 具体的なお仕事の流れ

1. 検品・チェック作業
入荷された商品や出荷前の商品に問題がないか、確認する作業です。

・外観の目視確認： 商品に傷や汚れ、ほつれ、パッケージの凹みなどが無いかを目視で丁寧にチェックします。
・数量・品番の照合： 納品書や手元のハンディ端末に表示されたデータと、目の前にある商品の種類・個数が合致しているか確認します。
・バーコードスキャン： バーコードリーダーを使って商品を「ピッと」読み取る作業です。機械の操作はスマホ感覚で直感的に行えるため、難しい設定や専門知識は一切不要です。

2. 梱包・箱詰め作業
検品が完了した商品を、お客様のもとへ無事にお届けできるよう綺麗に包んで箱に詰める作業です。

・袋詰め・緩衝材包装： 服やタオルなどの布製品を専用の透明袋に入れたり、壊れやすいコスメ・ガラス製品などをプチプチ（緩衝材）で包みます。
・箱詰め・セット作業： 指定のサイズに合わせたダンボール箱を組み立て、商品が途中で動かないよう丁寧に納めます。
・テープ留め・封かん： ダンボールのフタを閉じ、ガムテープでしっかり留めたら梱包完了です。

3. シール貼り・仕分け作業
出荷に向けた最後の仕上げ作業です。

・ラベル貼り： お届け先の伝票シールや、取扱注意シール（「水濡れ厳禁」「割れ物注意」など）を指定の位置へキレイに貼り付けます。
・出荷先ごとの仕分け： 梱包が終わった箱を、配送地域別や配送業者別に分けられた台車やコンテナへ移します。

■ 1日のタイムスケジュール例（日勤の場合）
09:00〜【朝礼・作業スタート】
本日の連絡事項を確認後、各自の作業台へ移動します。担当する作業（検品または梱包）をスタートします。

12:00〜【お昼休憩（60分）】
清潔な休憩室でランチタイム。電子レンジ・冷蔵庫・自動販売機も完備されており、お弁当の持参も自由です。

13:00〜【午後の作業再開】
午前の続きの作業を行います。自分のデスクで黙々と作業に集中できる時間です。

15:00〜【小休憩（15分）】
身体をほぐしたり水分補給をするリフレッシュタイム。集中力を保ちやすい環境が整っています。

15:15〜【出荷準備・最終仕上げ】
本日発送分の最終チェックと、作業スペースの清掃・整理整頓を行います。

18:00〜【作業終了・定時退勤】
残業は基本的にありません。定時になったら「お疲れ様でした！」とスッキリ帰宅できます。

■ 快適な作業環境と働きやすさのポイント
・1年中快適な空調完備： 冷暖房がしっかり効いたクリーンな倉庫なので、夏は涼しく、冬は暖かく快適に作業できます。
・身体に優しい軽作業： 扱う商品は衣類、コスメ、文房具、小型雑貨などがメインです。重量物の持ち上げ作業はありません。
・充実した設備： 個人用の鍵付きロッカーを完備。休憩室は広々としており、ポットや電子レンジ、フリーWi-Fiも自由に使えます。

■ 未経験者でも安心のサポート体制
入社初日は、安全に関する講習と作業の基本ルールについてのオリエンテーションからスタートします。
現場配属後は、専任の先輩スタッフがマンツーマンでついて実際の作業を見せながら丁寧にレクチャーします。

最初は「シールの貼り方」や「ダンボールの組み立て」といった、特に簡単な作業からお任せしますので、一度にたくさんのことを覚える必要はありません。
作業中に分からないことや迷うことがあっても、すぐ近くにリーダーや先輩スタッフが常駐しているため、「これってどうやるんでしたっけ？」といつでも気軽に質問できる安心の環境です。早ければ半日、遅くても2〜3日程度で一人立ちしてスムーズにお仕事を進められるようになります！","✅ 未経験スタート9割以上！簡単なシンプル作業です
「商品を手に取る」「キズがないか見る」「箱に入れる」など、覚えることはたったこれだけ！複雑な機械操作や難しいルールはありません。
先輩スタッフのほとんどが未経験からのスタートです。特別なスキルや経験は一切不要なので、初めてのアルバイトや久しぶりのお仕事復帰の方も安心してください。

✅ 自分のペースで黙々・コツコツ取り組める！
「接客が苦手…」「一人で集中して作業したい」という方にピッタリの環境です。
ノルマなどもなく、ご自身のペースで作業を進められるので、人間関係のストレスを感じることなくのびのびと働けます。

✅ 重い荷物なし！身体への負担が少ない軽作業
扱う商品は、衣服や生活雑貨、コスメなどの比較的軽いものが中心です。
重いダンボールを持ち運んだり、力仕事をお願いすることはほぼありませんので、年齢・性別問わず無理なく長く続けられるお仕事です。

✅ 空調完備のキレイな倉庫で、1年中快適♪
冷暖房がしっかり効いたクリーンな室内での作業です。
「夏は暑くて汗だく…」「冬は寒くて手がかじかむ…」といった心配は無用！季節や天候に関わらず、いつも快適な温度の中で気持ちよく作業に集中できます。

✅ 充実の設備＆働きやすい環境
鍵付きの個人ロッカーを完備しているほか、広々として清潔な休憩室もご用意しています。
休憩室には電子レンジ・冷蔵庫・ポット・自動販売機を完備しており、お弁当を持参してゆっくりくつろぐことも可能です。スタッフが過ごしやすい環境づくりに力を入れています！","例外事由3号のイにより、長期キャリア形成を図るため、
35歳以下を募集しております。","【勤務時間】
★9:00~18:00
└実働8時間/休憩1時間

定時ダッシュも問題ないです✧
✧ 土日祝休み
✧ 残業月平均:6.5時間以内
✧ 残業代100%支給","✧ 完全週休2日制(土日祝休み)
✧ 年間休日125日
「土日休みはマスト!」ってあなたにも
ぴったりの職場です!

【その他休暇】
✧ 有給休暇
✧ 夏季・冬季休暇
✧ GW休暇
✧ 年末年始休暇",大阪府 摂津市,,"月給:25万円~+交通費全額支給

※経験に応じて決定いたします。

# 昇給あり
# 賞与あり
# 残業代100%支給
# 交通費支給","・社会保険完備
・住宅手当
・家賃補助
・退職金制度
・家族手当・扶養手当
・健康診断
・特別休暇
・資格取得支援制度","\\✧カジュアル面談実施中です✧/

応募に必要なのは人柄のみです!
まずはあなたのご希望を聞かせてください!

✩.。.....................。.✩
■ 応募からの流れ ■
✩.。.....................。.✩

▶STEP1WEBから1分簡単ご応募!
1~3日以内に担当者よりご連絡いたします。

▶ STEP2カジュアル面談(1回のみ)

▶STEP3採用

※入社日のご相談OKです◎
お気軽にご相談ください!",,即日勤務OK、交通費支給、残業なし,2,任意,生年月日、性別、電話番号,ntf-indeedapplicant-aaaatulx77tci2k2pr5yeqapva@shukatsu-labo.slack.com,,,利用しない,,
募集中,株式会社テクノ・サービス,【未経験】検品・梱包作業/株式会社テクノ・サービス/北九州営業所,倉庫作業スタッフ,20代活躍中◎ワークライフバランスも充実！！,,福岡県 北九州市 小倉北区 米町,,,正社員,はい,月給,250000,,最低額を表示,なし,,,,,,,固定時間制,160,,厚生年金、健康保険、雇用保険、労災保険,,なし,,,,,,,,,,,,,,,,,,"空調が完備された綺麗な物流センター内で、人気ECサイトで販売されているアパレル商品・生活雑貨・コスメなどの「検品・梱包作業」を担当していただきます。
作業内容は非常にシンプルで、「商品を手に取る」「傷がないかチェックする」「箱や袋に詰める」という基本の3ステップが中心です。重いお荷物の持ち運びはほとんどなく、自分のペースでコツコツ・黙々と進められる軽作業です。
未経験からスタートしたスタッフが9割以上活躍中で、1日〜数日で覚えられる簡単な作業ばかりですので、バイトデビューや久しぶりのお仕事復帰の方も安心してスタートしていただけます。

■ 具体的なお仕事の流れ

1. 検品・チェック作業
入荷された商品や出荷前の商品に問題がないか、確認する作業です。

・外観の目視確認： 商品に傷や汚れ、ほつれ、パッケージの凹みなどが無いかを目視で丁寧にチェックします。
・数量・品番の照合： 納品書や手元のハンディ端末に表示されたデータと、目の前にある商品の種類・個数が合致しているか確認します。
・バーコードスキャン： バーコードリーダーを使って商品を「ピッと」読み取る作業です。機械の操作はスマホ感覚で直感的に行えるため、難しい設定や専門知識は一切不要です。

2. 梱包・箱詰め作業
検品が完了した商品を、お客様のもとへ無事にお届けできるよう綺麗に包んで箱に詰める作業です。

・袋詰め・緩衝材包装： 服やタオルなどの布製品を専用の透明袋に入れたり、壊れやすいコスメ・ガラス製品などをプチプチ（緩衝材）で包みます。
・箱詰め・セット作業： 指定のサイズに合わせたダンボール箱を組み立て、商品が途中で動かないよう丁寧に納めます。
・テープ留め・封かん： ダンボールのフタを閉じ、ガムテープでしっかり留めたら梱包完了です。

3. シール貼り・仕分け作業
出荷に向けた最後の仕上げ作業です。

・ラベル貼り： お届け先の伝票シールや、取扱注意シール（「水濡れ厳禁」「割れ物注意」など）を指定の位置へキレイに貼り付けます。
・出荷先ごとの仕分け： 梱包が終わった箱を、配送地域別や配送業者別に分けられた台車やコンテナへ移します。

■ 1日のタイムスケジュール例（日勤の場合）
09:00〜【朝礼・作業スタート】
本日の連絡事項を確認後、各自の作業台へ移動します。担当する作業（検品または梱包）をスタートします。

12:00〜【お昼休憩（60分）】
清潔な休憩室でランチタイム。電子レンジ・冷蔵庫・自動販売機も完備されており、お弁当の持参も自由です。

13:00〜【午後の作業再開】
午前の続きの作業を行います。自分のデスクで黙々と作業に集中できる時間です。

15:00〜【小休憩（15分）】
身体をほぐしたり水分補給をするリフレッシュタイム。集中力を保ちやすい環境が整っています。

15:15〜【出荷準備・最終仕上げ】
本日発送分の最終チェックと、作業スペースの清掃・整理整頓を行います。

18:00〜【作業終了・定時退勤】
残業は基本的にありません。定時になったら「お疲れ様でした！」とスッキリ帰宅できます。

■ 快適な作業環境と働きやすさのポイント
・1年中快適な空調完備： 冷暖房がしっかり効いたクリーンな倉庫なので、夏は涼しく、冬は暖かく快適に作業できます。
・身体に優しい軽作業： 扱う商品は衣類、コスメ、文房具、小型雑貨などがメインです。重量物の持ち上げ作業はありません。
・充実した設備： 個人用の鍵付きロッカーを完備。休憩室は広々としており、ポットや電子レンジ、フリーWi-Fiも自由に使えます。

■ 未経験者でも安心のサポート体制
入社初日は、安全に関する講習と作業の基本ルールについてのオリエンテーションからスタートします。
現場配属後は、専任の先輩スタッフがマンツーマンでついて実際の作業を見せながら丁寧にレクチャーします。

最初は「シールの貼り方」や「ダンボールの組み立て」といった、特に簡単な作業からお任せしますので、一度にたくさんのことを覚える必要はありません。
作業中に分からないことや迷うことがあっても、すぐ近くにリーダーや先輩スタッフが常駐しているため、「これってどうやるんでしたっけ？」といつでも気軽に質問できる安心の環境です。早ければ半日、遅くても2〜3日程度で一人立ちしてスムーズにお仕事を進められるようになります！","✅ 未経験スタート9割以上！簡単なシンプル作業です
「商品を手に取る」「キズがないか見る」「箱に入れる」など、覚えることはたったこれだけ！複雑な機械操作や難しいルールはありません。
先輩スタッフのほとんどが未経験からのスタートです。特別なスキルや経験は一切不要なので、初めてのアルバイトや久しぶりのお仕事復帰の方も安心してください。

✅ 自分のペースで黙々・コツコツ取り組める！
「接客が苦手…」「一人で集中して作業したい」という方にピッタリの環境です。
ノルマなどもなく、ご自身のペースで作業を進められるので、人間関係のストレスを感じることなくのびのびと働けます。

✅ 重い荷物なし！身体への負担が少ない軽作業
扱う商品は、衣服や生活雑貨、コスメなどの比較的軽いものが中心です。
重いダンボールを持ち運んだり、力仕事をお願いすることはほぼありませんので、年齢・性別問わず無理なく長く続けられるお仕事です。

✅ 空調完備のキレイな倉庫で、1年中快適♪
冷暖房がしっかり効いたクリーンな室内での作業です。
「夏は暑くて汗だく…」「冬は寒くて手がかじかむ…」といった心配は無用！季節や天候に関わらず、いつも快適な温度の中で気持ちよく作業に集中できます。

✅ 充実の設備＆働きやすい環境
鍵付きの個人ロッカーを完備しているほか、広々として清潔な休憩室もご用意しています。
休憩室には電子レンジ・冷蔵庫・ポット・自動販売機を完備しており、お弁当を持参してゆっくりくつろぐことも可能です。スタッフが過ごしやすい環境づくりに力を入れています！","例外事由3号のイにより、長期キャリア形成を図るため、
35歳以下を募集しております。","【勤務時間】
★9:00~18:00
└実働8時間/休憩1時間

定時ダッシュも問題ないです✧
✧ 土日祝休み
✧ 残業月平均:6.5時間以内
✧ 残業代100%支給","✧ 完全週休2日制(土日祝休み)
✧ 年間休日125日
「土日休みはマスト!」ってあなたにも
ぴったりの職場です!

【その他休暇】
✧ 有給休暇
✧ 夏季・冬季休暇
✧ GW休暇
✧ 年末年始休暇","福岡県北九州市小倉北区米町1-1-7 小倉駅前中道ビル4F

周辺エリアに勤務地多数あり！
お気軽にご相談ください。",北九州営業所,"月給:25万円~+交通費全額支給

※経験に応じて決定いたします。

# 昇給あり
# 賞与あり
# 残業代100%支給
# 交通費支給","・社会保険完備
・住宅手当
・家賃補助
・退職金制度
・家族手当・扶養手当
・健康診断
・特別休暇
・資格取得支援制度","\\✧カジュアル面談実施中です✧/

応募に必要なのは人柄のみです!
まずはあなたのご希望を聞かせてください!

✩.。.....................。.✩
■ 応募からの流れ ■
✩.。.....................。.✩

▶STEP1WEBから1分簡単ご応募!
1~3日以内に担当者よりご連絡いたします。

▶ STEP2カジュアル面談(1回のみ)

▶STEP3採用

※入社日のご相談OKです◎
お気軽にご相談ください!",,即日勤務OK、交通費支給、残業なし,2,任意,生年月日、性別、電話番号,ntf-indeedapplicant-aaaatulx77tci2k2pr5yeqapva@shukatsu-labo.slack.com,,,利用しない,,
募集中,株式会社テクノ・サービス,【未経験】検品・梱包作業/株式会社テクノ・サービス/福岡営業所,倉庫作業スタッフ,20代活躍中◎ワークライフバランスも充実！！,,福岡県 福岡市 博多区 中洲,,,正社員,はい,月給,250000,,最低額を表示,なし,,,,,,,固定時間制,160,,厚生年金、健康保険、雇用保険、労災保険,,なし,,,,,,,,,,,,,,,,,,"空調が完備された綺麗な物流センター内で、人気ECサイトで販売されているアパレル商品・生活雑貨・コスメなどの「検品・梱包作業」を担当していただきます。
作業内容は非常にシンプルで、「商品を手に取る」「傷がないかチェックする」「箱や袋に詰める」という基本の3ステップが中心です。重いお荷物の持ち運びはほとんどなく、自分のペースでコツコツ・黙々と進められる軽作業です。
未経験からスタートしたスタッフが9割以上活躍中で、1日〜数日で覚えられる簡単な作業ばかりですので、バイトデビューや久しぶりのお仕事復帰の方も安心してスタートしていただけます。

■ 具体的なお仕事の流れ

1. 検品・チェック作業
入荷された商品や出荷前の商品に問題がないか、確認する作業です。

・外観の目視確認： 商品に傷や汚れ、ほつれ、パッケージの凹みなどが無いかを目視で丁寧にチェックします。
・数量・品番の照合： 納品書や手元のハンディ端末に表示されたデータと、目の前にある商品の種類・個数が合致しているか確認します。
・バーコードスキャン： バーコードリーダーを使って商品を「ピッと」読み取る作業です。機械の操作はスマホ感覚で直感的に行えるため、難しい設定や専門知識は一切不要です。

2. 梱包・箱詰め作業
検品が完了した商品を、お客様のもとへ無事にお届けできるよう綺麗に包んで箱に詰める作業です。

・袋詰め・緩衝材包装： 服やタオルなどの布製品を専用の透明袋に入れたり、壊れやすいコスメ・ガラス製品などをプチプチ（緩衝材）で包みます。
・箱詰め・セット作業： 指定のサイズに合わせたダンボール箱を組み立て、商品が途中で動かないよう丁寧に納めます。
・テープ留め・封かん： ダンボールのフタを閉じ、ガムテープでしっかり留めたら梱包完了です。

3. シール貼り・仕分け作業
出荷に向けた最後の仕上げ作業です。

・ラベル貼り： お届け先の伝票シールや、取扱注意シール（「水濡れ厳禁」「割れ物注意」など）を指定の位置へキレイに貼り付けます。
・出荷先ごとの仕分け： 梱包が終わった箱を、配送地域別や配送業者別に分けられた台車やコンテナへ移します。

■ 1日のタイムスケジュール例（日勤の場合）
09:00〜【朝礼・作業スタート】
本日の連絡事項を確認後、各自の作業台へ移動します。担当する作業（検品または梱包）をスタートします。

12:00〜【お昼休憩（60分）】
清潔な休憩室でランチタイム。電子レンジ・冷蔵庫・自動販売機も完備されており、お弁当の持参も自由です。

13:00〜【午後の作業再開】
午前の続きの作業を行います。自分のデスクで黙々と作業に集中できる時間です。

15:00〜【小休憩（15分）】
身体をほぐしたり水分補給をするリフレッシュタイム。集中力を保ちやすい環境が整っています。

15:15〜【出荷準備・最終仕上げ】
本日発送分の最終チェックと、作業スペースの清掃・整理整頓を行います。

18:00〜【作業終了・定時退勤】
残業は基本的にありません。定時になったら「お疲れ様でした！」とスッキリ帰宅できます。

■ 快適な作業環境と働きやすさのポイント
・1年中快適な空調完備： 冷暖房がしっかり効いたクリーンな倉庫なので、夏は涼しく、冬は暖かく快適に作業できます。
・身体に優しい軽作業： 扱う商品は衣類、コスメ、文房具、小型雑貨などがメインです。重量物の持ち上げ作業はありません。
・充実した設備： 個人用の鍵付きロッカーを完備。休憩室は広々としており、ポットや電子レンジ、フリーWi-Fiも自由に使えます。

■ 未経験者でも安心のサポート体制
入社初日は、安全に関する講習と作業の基本ルールについてのオリエンテーションからスタートします。
現場配属後は、専任の先輩スタッフがマンツーマンでついて実際の作業を見せながら丁寧にレクチャーします。

最初は「シールの貼り方」や「ダンボールの組み立て」といった、特に簡単な作業からお任せしますので、一度にたくさんのことを覚える必要はありません。
作業中に分からないことや迷うことがあっても、すぐ近くにリーダーや先輩スタッフが常駐しているため、「これってどうやるんでしたっけ？」といつでも気軽に質問できる安心の環境です。早ければ半日、遅くても2〜3日程度で一人立ちしてスムーズにお仕事を進められるようになります！","✅ 未経験スタート9割以上！簡単なシンプル作業です
「商品を手に取る」「キズがないか見る」「箱に入れる」など、覚えることはたったこれだけ！複雑な機械操作や難しいルールはありません。
先輩スタッフのほとんどが未経験からのスタートです。特別なスキルや経験は一切不要なので、初めてのアルバイトや久しぶりのお仕事復帰の方も安心してください。

✅ 自分のペースで黙々・コツコツ取り組める！
「接客が苦手…」「一人で集中して作業したい」という方にピッタリの環境です。
ノルマなどもなく、ご自身のペースで作業を進められるので、人間関係のストレスを感じることなくのびのびと働けます。

✅ 重い荷物なし！身体への負担が少ない軽作業
扱う商品は、衣服や生活雑貨、コスメなどの比較的軽いものが中心です。
重いダンボールを持ち運んだり、力仕事をお願いすることはほぼありませんので、年齢・性別問わず無理なく長く続けられるお仕事です。

✅ 空調完備のキレイな倉庫で、1年中快適♪
冷暖房がしっかり効いたクリーンな室内での作業です。
「夏は暑くて汗だく…」「冬は寒くて手がかじかむ…」といった心配は無用！季節や天候に関わらず、いつも快適な温度の中で気持ちよく作業に集中できます。

✅ 充実の設備＆働きやすい環境
鍵付きの個人ロッカーを完備しているほか、広々として清潔な休憩室もご用意しています。
休憩室には電子レンジ・冷蔵庫・ポット・自動販売機を完備しており、お弁当を持参してゆっくりくつろぐことも可能です。スタッフが過ごしやすい環境づくりに力を入れています！","例外事由3号のイにより、長期キャリア形成を図るため、
35歳以下を募集しております。","【勤務時間】
★9:00~18:00
└実働8時間/休憩1時間

定時ダッシュも問題ないです✧
✧ 土日祝休み
✧ 残業月平均:6.5時間以内
✧ 残業代100%支給","✧ 完全週休2日制(土日祝休み)
✧ 年間休日125日
「土日休みはマスト!」ってあなたにも
ぴったりの職場です!

【その他休暇】
✧ 有給休暇
✧ 夏季・冬季休暇
✧ GW休暇
✧ 年末年始休暇","福岡県福岡市博多区中洲5-6-24 第6ガーデンビル2F

周辺エリアに勤務地多数あり！
お気軽にご相談ください。",福岡営業所,"月給:25万円~+交通費全額支給

※経験に応じて決定いたします。

# 昇給あり
# 賞与あり
# 残業代100%支給
# 交通費支給","・社会保険完備
・住宅手当
・家賃補助
・退職金制度
・家族手当・扶養手当
・健康診断
・特別休暇
・資格取得支援制度","\\✧カジュアル面談実施中です✧/

応募に必要なのは人柄のみです!
まずはあなたのご希望を聞かせてください!

✩.。.....................。.✩
■ 応募からの流れ ■
✩.。.....................。.✩

▶STEP1WEBから1分簡単ご応募!
1~3日以内に担当者よりご連絡いたします。

▶ STEP2カジュアル面談(1回のみ)

▶STEP3採用

※入社日のご相談OKです◎
お気軽にご相談ください!",,即日勤務OK、交通費支給、残業なし,2,任意,生年月日、性別、電話番号,ntf-indeedapplicant-aaaatulx77tci2k2pr5yeqapva@shukatsu-labo.slack.com,,,利用しない,,
募集中,株式会社テクノ・サービス,【未経験】検品・梱包作業/株式会社テクノ・サービス/堺営業所,倉庫作業スタッフ,20代活躍中◎ワークライフバランスも充実！！,,大阪府 堺市 堺区 熊野町東,,,正社員,はい,月給,250000,,最低額を表示,なし,,,,,,,固定時間制,160,,厚生年金、健康保険、雇用保険、労災保険,,なし,,,,,,,,,,,,,,,,,,"空調が完備された綺麗な物流センター内で、人気ECサイトで販売されているアパレル商品・生活雑貨・コスメなどの「検品・梱包作業」を担当していただきます。
作業内容は非常にシンプルで、「商品を手に取る」「傷がないかチェックする」「箱や袋に詰める」という基本の3ステップが中心です。重いお荷物の持ち運びはほとんどなく、自分のペースでコツコツ・黙々と進められる軽作業です。
未経験からスタートしたスタッフが9割以上活躍中で、1日〜数日で覚えられる簡単な作業ばかりですので、バイトデビューや久しぶりのお仕事復帰の方も安心してスタートしていただけます。

■ 具体的なお仕事の流れ

1. 検品・チェック作業
入荷された商品や出荷前の商品に問題がないか、確認する作業です。

・外観の目視確認： 商品に傷や汚れ、ほつれ、パッケージの凹みなどが無いかを目視で丁寧にチェックします。
・数量・品番の照合： 納品書や手元のハンディ端末に表示されたデータと、目の前にある商品の種類・個数が合致しているか確認します。
・バーコードスキャン： バーコードリーダーを使って商品を「ピッと」読み取る作業です。機械の操作はスマホ感覚で直感的に行えるため、難しい設定や専門知識は一切不要です。

2. 梱包・箱詰め作業
検品が完了した商品を、お客様のもとへ無事にお届けできるよう綺麗に包んで箱に詰める作業です。

・袋詰め・緩衝材包装： 服やタオルなどの布製品を専用の透明袋に入れたり、壊れやすいコスメ・ガラス製品などをプチプチ（緩衝材）で包みます。
・箱詰め・セット作業： 指定のサイズに合わせたダンボール箱を組み立て、商品が途中で動かないよう丁寧に納めます。
・テープ留め・封かん： ダンボールのフタを閉じ、ガムテープでしっかり留めたら梱包完了です。

3. シール貼り・仕分け作業
出荷に向けた最後の仕上げ作業です。

・ラベル貼り： お届け先の伝票シールや、取扱注意シール（「水濡れ厳禁」「割れ物注意」など）を指定の位置へキレイに貼り付けます。
・出荷先ごとの仕分け： 梱包が終わった箱を、配送地域別や配送業者別に分けられた台車やコンテナへ移します。

■ 1日のタイムスケジュール例（日勤の場合）
09:00〜【朝礼・作業スタート】
本日の連絡事項を確認後、各自の作業台へ移動します。担当する作業（検品または梱包）をスタートします。

12:00〜【お昼休憩（60分）】
清潔な休憩室でランチタイム。電子レンジ・冷蔵庫・自動販売機も完備されており、お弁当の持参も自由です。

13:00〜【午後の作業再開】
午前の続きの作業を行います。自分のデスクで黙々と作業に集中できる時間です。

15:00〜【小休憩（15分）】
身体をほぐしたり水分補給をするリフレッシュタイム。集中力を保ちやすい環境が整っています。

15:15〜【出荷準備・最終仕上げ】
本日発送分の最終チェックと、作業スペースの清掃・整理整頓を行います。

18:00〜【作業終了・定時退勤】
残業は基本的にありません。定時になったら「お疲れ様でした！」とスッキリ帰宅できます。

■ 快適な作業環境と働きやすさのポイント
・1年中快適な空調完備： 冷暖房がしっかり効いたクリーンな倉庫なので、夏は涼しく、冬は暖かく快適に作業できます。
・身体に優しい軽作業： 扱う商品は衣類、コスメ、文房具、小型雑貨などがメインです。重量物の持ち上げ作業はありません。
・充実した設備： 個人用の鍵付きロッカーを完備。休憩室は広々としており、ポットや電子レンジ、フリーWi-Fiも自由に使えます。

■ 未経験者でも安心のサポート体制
入社初日は、安全に関する講習と作業の基本ルールについてのオリエンテーションからスタートします。
現場配属後は、専任の先輩スタッフがマンツーマンでついて実際の作業を見せながら丁寧にレクチャーします。

最初は「シールの貼り方」や「ダンボールの組み立て」といった、特に簡単な作業からお任せしますので、一度にたくさんのことを覚える必要はありません。
作業中に分からないことや迷うことがあっても、すぐ近くにリーダーや先輩スタッフが常駐しているため、「これってどうやるんでしたっけ？」といつでも気軽に質問できる安心の環境です。早ければ半日、遅くても2〜3日程度で一人立ちしてスムーズにお仕事を進められるようになります！","✅ 未経験スタート9割以上！簡単なシンプル作業です
「商品を手に取る」「キズがないか見る」「箱に入れる」など、覚えることはたったこれだけ！複雑な機械操作や難しいルールはありません。
先輩スタッフのほとんどが未経験からのスタートです。特別なスキルや経験は一切不要なので、初めてのアルバイトや久しぶりのお仕事復帰の方も安心してください。

✅ 自分のペースで黙々・コツコツ取り組める！
「接客が苦手…」「一人で集中して作業したい」という方にピッタリの環境です。
ノルマなどもなく、ご自身のペースで作業を進められるので、人間関係のストレスを感じることなくのびのびと働けます。

✅ 重い荷物なし！身体への負担が少ない軽作業
扱う商品は、衣服や生活雑貨、コスメなどの比較的軽いものが中心です。
重いダンボールを持ち運んだり、力仕事をお願いすることはほぼありませんので、年齢・性別問わず無理なく長く続けられるお仕事です。

✅ 空調完備のキレイな倉庫で、1年中快適♪
冷暖房がしっかり効いたクリーンな室内での作業です。
「夏は暑くて汗だく…」「冬は寒くて手がかじかむ…」といった心配は無用！季節や天候に関わらず、いつも快適な温度の中で気持ちよく作業に集中できます。

✅ 充実の設備＆働きやすい環境
鍵付きの個人ロッカーを完備しているほか、広々として清潔な休憩室もご用意しています。
休憩室には電子レンジ・冷蔵庫・ポット・自動販売機を完備しており、お弁当を持参してゆっくりくつろぐことも可能です。スタッフが過ごしやすい環境づくりに力を入れています！","例外事由3号のイにより、長期キャリア形成を図るため、
35歳以下を募集しております。","【勤務時間】
★9:00~18:00
└実働8時間/休憩1時間

定時ダッシュも問題ないです✧
✧ 土日祝休み
✧ 残業月平均:6.5時間以内
✧ 残業代100%支給","✧ 完全週休2日制(土日祝休み)
✧ 年間休日125日
「土日休みはマスト!」ってあなたにも
ぴったりの職場です!

【その他休暇】
✧ 有給休暇
✧ 夏季・冬季休暇
✧ GW休暇
✧ 年末年始休暇","大阪府堺市堺区熊野町東3-2-28 堺駅前ビル2F

周辺エリアに勤務地多数あり！
お気軽にご相談ください。",堺営業所,"月給:25万円~+交通費全額支給

※経験に応じて決定いたします。

# 昇給あり
# 賞与あり
# 残業代100%支給
# 交通費支給","・社会保険完備
・住宅手当
・家賃補助
・退職金制度
・家族手当・扶養手当
・健康診断
・特別休暇
・資格取得支援制度","\\✧カジュアル面談実施中です✧/

応募に必要なのは人柄のみです!
まずはあなたのご希望を聞かせてください!

✩.。.....................。.✩
■ 応募からの流れ ■
✩.。.....................。.✩

▶STEP1WEBから1分簡単ご応募!
1~3日以内に担当者よりご連絡いたします。

▶ STEP2カジュアル面談(1回のみ)

▶STEP3採用

※入社日のご相談OKです◎
お気軽にご相談ください!",,即日勤務OK、交通費支給、残業なし,2,任意,生年月日、性別、電話番号,ntf-indeedapplicant-aaaatulx77tci2k2pr5yeqapva@shukatsu-labo.slack.com,,,利用しない,,
募集中,株式会社テクノ・サービス,【未経験】検品・梱包作業/株式会社テクノ・サービス/大阪営業所,倉庫作業スタッフ,20代活躍中◎ワークライフバランスも充実！！,,大阪府 大阪市 北区 角田町,,,正社員,はい,月給,250000,,最低額を表示,なし,,,,,,,固定時間制,160,,厚生年金、健康保険、雇用保険、労災保険,,なし,,,,,,,,,,,,,,,,,,"空調が完備された綺麗な物流センター内で、人気ECサイトで販売されているアパレル商品・生活雑貨・コスメなどの「検品・梱包作業」を担当していただきます。
作業内容は非常にシンプルで、「商品を手に取る」「傷がないかチェックする」「箱や袋に詰める」という基本の3ステップが中心です。重いお荷物の持ち運びはほとんどなく、自分のペースでコツコツ・黙々と進められる軽作業です。
未経験からスタートしたスタッフが9割以上活躍中で、1日〜数日で覚えられる簡単な作業ばかりですので、バイトデビューや久しぶりのお仕事復帰の方も安心してスタートしていただけます。

■ 具体的なお仕事の流れ

1. 検品・チェック作業
入荷された商品や出荷前の商品に問題がないか、確認する作業です。

・外観の目視確認： 商品に傷や汚れ、ほつれ、パッケージの凹みなどが無いかを目視で丁寧にチェックします。
・数量・品番の照合： 納品書や手元のハンディ端末に表示されたデータと、目の前にある商品の種類・個数が合致しているか確認します。
・バーコードスキャン： バーコードリーダーを使って商品を「ピッと」読み取る作業です。機械の操作はスマホ感覚で直感的に行えるため、難しい設定や専門知識は一切不要です。

2. 梱包・箱詰め作業
検品が完了した商品を、お客様のもとへ無事にお届けできるよう綺麗に包んで箱に詰める作業です。

・袋詰め・緩衝材包装： 服やタオルなどの布製品を専用の透明袋に入れたり、壊れやすいコスメ・ガラス製品などをプチプチ（緩衝材）で包みます。
・箱詰め・セット作業： 指定のサイズに合わせたダンボール箱を組み立て、商品が途中で動かないよう丁寧に納めます。
・テープ留め・封かん： ダンボールのフタを閉じ、ガムテープでしっかり留めたら梱包完了です。

3. シール貼り・仕分け作業
出荷に向けた最後の仕上げ作業です。

・ラベル貼り： お届け先の伝票シールや、取扱注意シール（「水濡れ厳禁」「割れ物注意」など）を指定の位置へキレイに貼り付けます。
・出荷先ごとの仕分け： 梱包が終わった箱を、配送地域別や配送業者別に分けられた台車やコンテナへ移します。

■ 1日のタイムスケジュール例（日勤の場合）
09:00〜【朝礼・作業スタート】
本日の連絡事項を確認後、各自の作業台へ移動します。担当する作業（検品または梱包）をスタートします。

12:00〜【お昼休憩（60分）】
清潔な休憩室でランチタイム。電子レンジ・冷蔵庫・自動販売機も完備されており、お弁当の持参も自由です。

13:00〜【午後の作業再開】
午前の続きの作業を行います。自分のデスクで黙々と作業に集中できる時間です。

15:00〜【小休憩（15分）】
身体をほぐしたり水分補給をするリフレッシュタイム。集中力を保ちやすい環境が整っています。

15:15〜【出荷準備・最終仕上げ】
本日発送分の最終チェックと、作業スペースの清掃・整理整頓を行います。

18:00〜【作業終了・定時退勤】
残業は基本的にありません。定時になったら「お疲れ様でした！」とスッキリ帰宅できます。

■ 快適な作業環境と働きやすさのポイント
・1年中快適な空調完備： 冷暖房がしっかり効いたクリーンな倉庫なので、夏は涼しく、冬は暖かく快適に作業できます。
・身体に優しい軽作業： 扱う商品は衣類、コスメ、文房具、小型雑貨などがメインです。重量物の持ち上げ作業はありません。
・充実した設備： 個人用の鍵付きロッカーを完備。休憩室は広々としており、ポットや電子レンジ、フリーWi-Fiも自由に使えます。

■ 未経験者でも安心のサポート体制
入社初日は、安全に関する講習と作業の基本ルールについてのオリエンテーションからスタートします。
現場配属後は、専任の先輩スタッフがマンツーマンでついて実際の作業を見せながら丁寧にレクチャーします。

最初は「シールの貼り方」や「ダンボールの組み立て」といった、特に簡単な作業からお任せしますので、一度にたくさんのことを覚える必要はありません。
作業中に分からないことや迷うことがあっても、すぐ近くにリーダーや先輩スタッフが常駐しているため、「これってどうやるんでしたっけ？」といつでも気軽に質問できる安心の環境です。早ければ半日、遅くても2〜3日程度で一人立ちしてスムーズにお仕事を進められるようになります！","✅ 未経験スタート9割以上！簡単なシンプル作業です
「商品を手に取る」「キズがないか見る」「箱に入れる」など、覚えることはたったこれだけ！複雑な機械操作や難しいルールはありません。
先輩スタッフのほとんどが未経験からのスタートです。特別なスキルや経験は一切不要なので、初めてのアルバイトや久しぶりのお仕事復帰の方も安心してください。

✅ 自分のペースで黙々・コツコツ取り組める！
「接客が苦手…」「一人で集中して作業したい」という方にピッタリの環境です。
ノルマなどもなく、ご自身のペースで作業を進められるので、人間関係のストレスを感じることなくのびのびと働けます。

✅ 重い荷物なし！身体への負担が少ない軽作業
扱う商品は、衣服や生活雑貨、コスメなどの比較的軽いものが中心です。
重いダンボールを持ち運んだり、力仕事をお願いすることはほぼありませんので、年齢・性別問わず無理なく長く続けられるお仕事です。

✅ 空調完備のキレイな倉庫で、1年中快適♪
冷暖房がしっかり効いたクリーンな室内での作業です。
「夏は暑くて汗だく…」「冬は寒くて手がかじかむ…」といった心配は無用！季節や天候に関わらず、いつも快適な温度の中で気持ちよく作業に集中できます。

✅ 充実の設備＆働きやすい環境
鍵付きの個人ロッカーを完備しているほか、広々として清潔な休憩室もご用意しています。
休憩室には電子レンジ・冷蔵庫・ポット・自動販売機を完備しており、お弁当を持参してゆっくりくつろぐことも可能です。スタッフが過ごしやすい環境づくりに力を入れています！","例外事由3号のイにより、長期キャリア形成を図るため、
35歳以下を募集しております。","【勤務時間】
★9:00~18:00
└実働8時間/休憩1時間

定時ダッシュも問題ないです✧
✧ 土日祝休み
✧ 残業月平均:6.5時間以内
✧ 残業代100%支給","✧ 完全週休2日制(土日祝休み)
✧ 年間休日125日
「土日休みはマスト!」ってあなたにも
ぴったりの職場です!

【その他休暇】
✧ 有給休暇
✧ 夏季・冬季休暇
✧ GW休暇
✧ 年末年始休暇","大阪府大阪市北区角田町8-1 梅田阪急ビルオフィスタワー35F

周辺エリアに勤務地多数あり！
お気軽にご相談ください。",大阪営業所,"月給:25万円~+交通費全額支給

※経験に応じて決定いたします。

# 昇給あり
# 賞与あり
# 残業代100%支給
# 交通費支給","・社会保険完備
・住宅手当
・家賃補助
・退職金制度
・家族手当・扶養手当
・健康診断
・特別休暇
・資格取得支援制度","\\✧カジュアル面談実施中です✧/

応募に必要なのは人柄のみです!
まずはあなたのご希望を聞かせてください!

✩.。.....................。.✩
■ 応募からの流れ ■
✩.。.....................。.✩

▶STEP1WEBから1分簡単ご応募!
1~3日以内に担当者よりご連絡いたします。

▶ STEP2カジュアル面談(1回のみ)

▶STEP3採用

※入社日のご相談OKです◎
お気軽にご相談ください!",,即日勤務OK、交通費支給、残業なし,2,任意,生年月日、性別、電話番号,ntf-indeedapplicant-aaaatulx77tci2k2pr5yeqapva@shukatsu-labo.slack.com,,,利用しない,,
募集中,株式会社テクノ・サービス,【未経験】検品・梱包作業/株式会社テクノ・サービス/豊田営業所,倉庫作業スタッフ,20代活躍中◎ワークライフバランスも充実！！,,愛知県 豊田市 西町,,,正社員,はい,月給,250000,,最低額を表示,なし,,,,,,,固定時間制,160,,厚生年金、健康保険、雇用保険、労災保険,,なし,,,,,,,,,,,,,,,,,,"空調が完備された綺麗な物流センター内で、人気ECサイトで販売されているアパレル商品・生活雑貨・コスメなどの「検品・梱包作業」を担当していただきます。
作業内容は非常にシンプルで、「商品を手に取る」「傷がないかチェックする」「箱や袋に詰める」という基本の3ステップが中心です。重いお荷物の持ち運びはほとんどなく、自分のペースでコツコツ・黙々と進められる軽作業です。
未経験からスタートしたスタッフが9割以上活躍中で、1日〜数日で覚えられる簡単な作業ばかりですので、バイトデビューや久しぶりのお仕事復帰の方も安心してスタートしていただけます。

■ 具体的なお仕事の流れ

1. 検品・チェック作業
入荷された商品や出荷前の商品に問題がないか、確認する作業です。

・外観の目視確認： 商品に傷や汚れ、ほつれ、パッケージの凹みなどが無いかを目視で丁寧にチェックします。
・数量・品番の照合： 納品書や手元のハンディ端末に表示されたデータと、目の前にある商品の種類・個数が合致しているか確認します。
・バーコードスキャン： バーコードリーダーを使って商品を「ピッと」読み取る作業です。機械の操作はスマホ感覚で直感的に行えるため、難しい設定や専門知識は一切不要です。

2. 梱包・箱詰め作業
検品が完了した商品を、お客様のもとへ無事にお届けできるよう綺麗に包んで箱に詰める作業です。

・袋詰め・緩衝材包装： 服やタオルなどの布製品を専用の透明袋に入れたり、壊れやすいコスメ・ガラス製品などをプチプチ（緩衝材）で包みます。
・箱詰め・セット作業： 指定のサイズに合わせたダンボール箱を組み立て、商品が途中で動かないよう丁寧に納めます。
・テープ留め・封かん： ダンボールのフタを閉じ、ガムテープでしっかり留めたら梱包完了です。

3. シール貼り・仕分け作業
出荷に向けた最後の仕上げ作業です。

・ラベル貼り： お届け先の伝票シールや、取扱注意シール（「水濡れ厳禁」「割れ物注意」など）を指定の位置へキレイに貼り付けます。
・出荷先ごとの仕分け： 梱包が終わった箱を、配送地域別や配送業者別に分けられた台車やコンテナへ移します。

■ 1日のタイムスケジュール例（日勤の場合）
09:00〜【朝礼・作業スタート】
本日の連絡事項を確認後、各自の作業台へ移動します。担当する作業（検品または梱包）をスタートします。

12:00〜【お昼休憩（60分）】
清潔な休憩室でランチタイム。電子レンジ・冷蔵庫・自動販売機も完備されており、お弁当の持参も自由です。

13:00〜【午後の作業再開】
午前の続きの作業を行います。自分のデスクで黙々と作業に集中できる時間です。

15:00〜【小休憩（15分）】
身体をほぐしたり水分補給をするリフレッシュタイム。集中力を保ちやすい環境が整っています。

15:15〜【出荷準備・最終仕上げ】
本日発送分の最終チェックと、作業スペースの清掃・整理整頓を行います。

18:00〜【作業終了・定時退勤】
残業は基本的にありません。定時になったら「お疲れ様でした！」とスッキリ帰宅できます。

■ 快適な作業環境と働きやすさのポイント
・1年中快適な空調完備： 冷暖房がしっかり効いたクリーンな倉庫なので、夏は涼しく、冬は暖かく快適に作業できます。
・身体に優しい軽作業： 扱う商品は衣類、コスメ、文房具、小型雑貨などがメインです。重量物の持ち上げ作業はありません。
・充実した設備： 個人用の鍵付きロッカーを完備。休憩室は広々としており、ポットや電子レンジ、フリーWi-Fiも自由に使えます。

■ 未経験者でも安心のサポート体制
入社初日は、安全に関する講習と作業の基本ルールについてのオリエンテーションからスタートします。
現場配属後は、専任の先輩スタッフがマンツーマンでついて実際の作業を見せながら丁寧にレクチャーします。

最初は「シールの貼り方」や「ダンボールの組み立て」といった、特に簡単な作業からお任せしますので、一度にたくさんのことを覚える必要はありません。
作業中に分からないことや迷うことがあっても、すぐ近くにリーダーや先輩スタッフが常駐しているため、「これってどうやるんでしたっけ？」といつでも気軽に質問できる安心の環境です。早ければ半日、遅くても2〜3日程度で一人立ちしてスムーズにお仕事を進められるようになります！","✅ 未経験スタート9割以上！簡単なシンプル作業です
「商品を手に取る」「キズがないか見る」「箱に入れる」など、覚えることはたったこれだけ！複雑な機械操作や難しいルールはありません。
先輩スタッフのほとんどが未経験からのスタートです。特別なスキルや経験は一切不要なので、初めてのアルバイトや久しぶりのお仕事復帰の方も安心してください。

✅ 自分のペースで黙々・コツコツ取り組める！
「接客が苦手…」「一人で集中して作業したい」という方にピッタリの環境です。
ノルマなどもなく、ご自身のペースで作業を進められるので、人間関係のストレスを感じることなくのびのびと働けます。

✅ 重い荷物なし！身体への負担が少ない軽作業
扱う商品は、衣服や生活雑貨、コスメなどの比較的軽いものが中心です。
重いダンボールを持ち運んだり、力仕事をお願いすることはほぼありませんので、年齢・性別問わず無理なく長く続けられるお仕事です。

✅ 空調完備のキレイな倉庫で、1年中快適♪
冷暖房がしっかり効いたクリーンな室内での作業です。
「夏は暑くて汗だく…」「冬は寒くて手がかじかむ…」といった心配は無用！季節や天候に関わらず、いつも快適な温度の中で気持ちよく作業に集中できます。

✅ 充実の設備＆働きやすい環境
鍵付きの個人ロッカーを完備しているほか、広々として清潔な休憩室もご用意しています。
休憩室には電子レンジ・冷蔵庫・ポット・自動販売機を完備しており、お弁当を持参してゆっくりくつろぐことも可能です。スタッフが過ごしやすい環境づくりに力を入れています！","例外事由3号のイにより、長期キャリア形成を図るため、
35歳以下を募集しております。","【勤務時間】
★9:00~18:00
└実働8時間/休憩1時間

定時ダッシュも問題ないです✧
✧ 土日祝休み
✧ 残業月平均:6.5時間以内
✧ 残業代100%支給","✧ 完全週休2日制(土日祝休み)
✧ 年間休日125日
「土日休みはマスト!」ってあなたにも
ぴったりの職場です!

【その他休暇】
✧ 有給休暇
✧ 夏季・冬季休暇
✧ GW休暇
✧ 年末年始休暇","愛知県豊田市西町1-200 豊田参合館2F

周辺エリアに勤務地多数あり！
お気軽にご相談ください。",豊田営業所,"月給:25万円~+交通費全額支給

※経験に応じて決定いたします。

# 昇給あり
# 賞与あり
# 残業代100%支給
# 交通費支給","・社会保険完備
・住宅手当
・家賃補助
・退職金制度
・家族手当・扶養手当
・健康診断
・特別休暇
・資格取得支援制度","\\✧カジュアル面談実施中です✧/

応募に必要なのは人柄のみです!
まずはあなたのご希望を聞かせてください!

✩.。.....................。.✩
■ 応募からの流れ ■
✩.。.....................。.✩

▶STEP1WEBから1分簡単ご応募!
1~3日以内に担当者よりご連絡いたします。

▶ STEP2カジュアル面談(1回のみ)

▶STEP3採用

※入社日のご相談OKです◎
お気軽にご相談ください!",,即日勤務OK、交通費支給、残業なし,2,任意,生年月日、性別、電話番号,ntf-indeedapplicant-aaaatulx77tci2k2pr5yeqapva@shukatsu-labo.slack.com,,,利用しない,,
募集中,株式会社テクノ・サービス,【未経験】検品・梱包作業/株式会社テクノ・サービス/岡崎営業所,倉庫作業スタッフ,20代活躍中◎ワークライフバランスも充実！！,,愛知県 岡崎市 明大寺本町,,,正社員,はい,月給,250000,,最低額を表示,なし,,,,,,,固定時間制,160,,厚生年金、健康保険、雇用保険、労災保険,,なし,,,,,,,,,,,,,,,,,,"空調が完備された綺麗な物流センター内で、人気ECサイトで販売されているアパレル商品・生活雑貨・コスメなどの「検品・梱包作業」を担当していただきます。
作業内容は非常にシンプルで、「商品を手に取る」「傷がないかチェックする」「箱や袋に詰める」という基本の3ステップが中心です。重いお荷物の持ち運びはほとんどなく、自分のペースでコツコツ・黙々と進められる軽作業です。
未経験からスタートしたスタッフが9割以上活躍中で、1日〜数日で覚えられる簡単な作業ばかりですので、バイトデビューや久しぶりのお仕事復帰の方も安心してスタートしていただけます。

■ 具体的なお仕事の流れ

1. 検品・チェック作業
入荷された商品や出荷前の商品に問題がないか、確認する作業です。

・外観の目視確認： 商品に傷や汚れ、ほつれ、パッケージの凹みなどが無いかを目視で丁寧にチェックします。
・数量・品番の照合： 納品書や手元のハンディ端末に表示されたデータと、目の前にある商品の種類・個数が合致しているか確認します。
・バーコードスキャン： バーコードリーダーを使って商品を「ピッと」読み取る作業です。機械の操作はスマホ感覚で直感的に行えるため、難しい設定や専門知識は一切不要です。

2. 梱包・箱詰め作業
検品が完了した商品を、お客様のもとへ無事にお届けできるよう綺麗に包んで箱に詰める作業です。

・袋詰め・緩衝材包装： 服やタオルなどの布製品を専用の透明袋に入れたり、壊れやすいコスメ・ガラス製品などをプチプチ（緩衝材）で包みます。
・箱詰め・セット作業： 指定のサイズに合わせたダンボール箱を組み立て、商品が途中で動かないよう丁寧に納めます。
・テープ留め・封かん： ダンボールのフタを閉じ、ガムテープでしっかり留めたら梱包完了です。

3. シール貼り・仕分け作業
出荷に向けた最後の仕上げ作業です。

・ラベル貼り： お届け先の伝票シールや、取扱注意シール（「水濡れ厳禁」「割れ物注意」など）を指定の位置へキレイに貼り付けます。
・出荷先ごとの仕分け： 梱包が終わった箱を、配送地域別や配送業者別に分けられた台車やコンテナへ移します。

■ 1日のタイムスケジュール例（日勤の場合）
09:00〜【朝礼・作業スタート】
本日の連絡事項を確認後、各自の作業台へ移動します。担当する作業（検品または梱包）をスタートします。

12:00〜【お昼休憩（60分）】
清潔な休憩室でランチタイム。電子レンジ・冷蔵庫・自動販売機も完備されており、お弁当の持参も自由です。

13:00〜【午後の作業再開】
午前の続きの作業を行います。自分のデスクで黙々と作業に集中できる時間です。

15:00〜【小休憩（15分）】
身体をほぐしたり水分補給をするリフレッシュタイム。集中力を保ちやすい環境が整っています。

15:15〜【出荷準備・最終仕上げ】
本日発送分の最終チェックと、作業スペースの清掃・整理整頓を行います。

18:00〜【作業終了・定時退勤】
残業は基本的にありません。定時になったら「お疲れ様でした！」とスッキリ帰宅できます。

■ 快適な作業環境と働きやすさのポイント
・1年中快適な空調完備： 冷暖房がしっかり効いたクリーンな倉庫なので、夏は涼しく、冬は暖かく快適に作業できます。
・身体に優しい軽作業： 扱う商品は衣類、コスメ、文房具、小型雑貨などがメインです。重量物の持ち上げ作業はありません。
・充実した設備： 個人用の鍵付きロッカーを完備。休憩室は広々としており、ポットや電子レンジ、フリーWi-Fiも自由に使えます。

■ 未経験者でも安心のサポート体制
入社初日は、安全に関する講習と作業の基本ルールについてのオリエンテーションからスタートします。
現場配属後は、専任の先輩スタッフがマンツーマンでついて実際の作業を見せながら丁寧にレクチャーします。

最初は「シールの貼り方」や「ダンボールの組み立て」といった、特に簡単な作業からお任せしますので、一度にたくさんのことを覚える必要はありません。
作業中に分からないことや迷うことがあっても、すぐ近くにリーダーや先輩スタッフが常駐しているため、「これってどうやるんでしたっけ？」といつでも気軽に質問できる安心の環境です。早ければ半日、遅くても2〜3日程度で一人立ちしてスムーズにお仕事を進められるようになります！","✅ 未経験スタート9割以上！簡単なシンプル作業です
「商品を手に取る」「キズがないか見る」「箱に入れる」など、覚えることはたったこれだけ！複雑な機械操作や難しいルールはありません。
先輩スタッフのほとんどが未経験からのスタートです。特別なスキルや経験は一切不要なので、初めてのアルバイトや久しぶりのお仕事復帰の方も安心してください。

✅ 自分のペースで黙々・コツコツ取り組める！
「接客が苦手…」「一人で集中して作業したい」という方にピッタリの環境です。
ノルマなどもなく、ご自身のペースで作業を進められるので、人間関係のストレスを感じることなくのびのびと働けます。

✅ 重い荷物なし！身体への負担が少ない軽作業
扱う商品は、衣服や生活雑貨、コスメなどの比較的軽いものが中心です。
重いダンボールを持ち運んだり、力仕事をお願いすることはほぼありませんので、年齢・性別問わず無理なく長く続けられるお仕事です。

✅ 空調完備のキレイな倉庫で、1年中快適♪
冷暖房がしっかり効いたクリーンな室内での作業です。
「夏は暑くて汗だく…」「冬は寒くて手がかじかむ…」といった心配は無用！季節や天候に関わらず、いつも快適な温度の中で気持ちよく作業に集中できます。

✅ 充実の設備＆働きやすい環境
鍵付きの個人ロッカーを完備しているほか、広々として清潔な休憩室もご用意しています。
休憩室には電子レンジ・冷蔵庫・ポット・自動販売機を完備しており、お弁当を持参してゆっくりくつろぐことも可能です。スタッフが過ごしやすい環境づくりに力を入れています！","例外事由3号のイにより、長期キャリア形成を図るため、
35歳以下を募集しております。","【勤務時間】
★9:00~18:00
└実働8時間/休憩1時間

定時ダッシュも問題ないです✧
✧ 土日祝休み
✧ 残業月平均:6.5時間以内
✧ 残業代100%支給","✧ 完全週休2日制(土日祝休み)
✧ 年間休日125日
「土日休みはマスト!」ってあなたにも
ぴったりの職場です!

【その他休暇】
✧ 有給休暇
✧ 夏季・冬季休暇
✧ GW休暇
✧ 年末年始休暇","愛知県岡崎市明大寺本町1-34 岡崎ビル5F

周辺エリアに勤務地多数あり！
お気軽にご相談ください。",岡崎営業所,"月給:25万円~+交通費全額支給

※経験に応じて決定いたします。

# 昇給あり
# 賞与あり
# 残業代100%支給
# 交通費支給","・社会保険完備
・住宅手当
・家賃補助
・退職金制度
・家族手当・扶養手当
・健康診断
・特別休暇
・資格取得支援制度","\\✧カジュアル面談実施中です✧/

応募に必要なのは人柄のみです!
まずはあなたのご希望を聞かせてください!

✩.。.....................。.✩
■ 応募からの流れ ■
✩.。.....................。.✩

▶STEP1WEBから1分簡単ご応募!
1~3日以内に担当者よりご連絡いたします。

▶ STEP2カジュアル面談(1回のみ)

▶STEP3採用

※入社日のご相談OKです◎
お気軽にご相談ください!",,即日勤務OK、交通費支給、残業なし,2,任意,生年月日、性別、電話番号,ntf-indeedapplicant-aaaatulx77tci2k2pr5yeqapva@shukatsu-labo.slack.com,,,利用しない,,
募集中,株式会社テクノ・サービス,【未経験】検品・梱包作業/株式会社テクノ・サービス/名古屋営業所,倉庫作業スタッフ,20代活躍中◎ワークライフバランスも充実！！,,愛知県 名古屋市 中村区 名駅,,,正社員,はい,月給,250000,,最低額を表示,なし,,,,,,,固定時間制,160,,厚生年金、健康保険、雇用保険、労災保険,,なし,,,,,,,,,,,,,,,,,,"空調が完備された綺麗な物流センター内で、人気ECサイトで販売されているアパレル商品・生活雑貨・コスメなどの「検品・梱包作業」を担当していただきます。
作業内容は非常にシンプルで、「商品を手に取る」「傷がないかチェックする」「箱や袋に詰める」という基本の3ステップが中心です。重いお荷物の持ち運びはほとんどなく、自分のペースでコツコツ・黙々と進められる軽作業です。
未経験からスタートしたスタッフが9割以上活躍中で、1日〜数日で覚えられる簡単な作業ばかりですので、バイトデビューや久しぶりのお仕事復帰の方も安心してスタートしていただけます。

■ 具体的なお仕事の流れ

1. 検品・チェック作業
入荷された商品や出荷前の商品に問題がないか、確認する作業です。

・外観の目視確認： 商品に傷や汚れ、ほつれ、パッケージの凹みなどが無いかを目視で丁寧にチェックします。
・数量・品番の照合： 納品書や手元のハンディ端末に表示されたデータと、目の前にある商品の種類・個数が合致しているか確認します。
・バーコードスキャン： バーコードリーダーを使って商品を「ピッと」読み取る作業です。機械の操作はスマホ感覚で直感的に行えるため、難しい設定や専門知識は一切不要です。

2. 梱包・箱詰め作業
検品が完了した商品を、お客様のもとへ無事にお届けできるよう綺麗に包んで箱に詰める作業です。

・袋詰め・緩衝材包装： 服やタオルなどの布製品を専用の透明袋に入れたり、壊れやすいコスメ・ガラス製品などをプチプチ（緩衝材）で包みます。
・箱詰め・セット作業： 指定のサイズに合わせたダンボール箱を組み立て、商品が途中で動かないよう丁寧に納めます。
・テープ留め・封かん： ダンボールのフタを閉じ、ガムテープでしっかり留めたら梱包完了です。

3. シール貼り・仕分け作業
出荷に向けた最後の仕上げ作業です。

・ラベル貼り： お届け先の伝票シールや、取扱注意シール（「水濡れ厳禁」「割れ物注意」など）を指定の位置へキレイに貼り付けます。
・出荷先ごとの仕分け： 梱包が終わった箱を、配送地域別や配送業者別に分けられた台車やコンテナへ移します。

■ 1日のタイムスケジュール例（日勤の場合）
09:00〜【朝礼・作業スタート】
本日の連絡事項を確認後、各自の作業台へ移動します。担当する作業（検品または梱包）をスタートします。

12:00〜【お昼休憩（60分）】
清潔な休憩室でランチタイム。電子レンジ・冷蔵庫・自動販売機も完備されており、お弁当の持参も自由です。

13:00〜【午後の作業再開】
午前の続きの作業を行います。自分のデスクで黙々と作業に集中できる時間です。

15:00〜【小休憩（15分）】
身体をほぐしたり水分補給をするリフレッシュタイム。集中力を保ちやすい環境が整っています。

15:15〜【出荷準備・最終仕上げ】
本日発送分の最終チェックと、作業スペースの清掃・整理整頓を行います。

18:00〜【作業終了・定時退勤】
残業は基本的にありません。定時になったら「お疲れ様でした！」とスッキリ帰宅できます。

■ 快適な作業環境と働きやすさのポイント
・1年中快適な空調完備： 冷暖房がしっかり効いたクリーンな倉庫なので、夏は涼しく、冬は暖かく快適に作業できます。
・身体に優しい軽作業： 扱う商品は衣類、コスメ、文房具、小型雑貨などがメインです。重量物の持ち上げ作業はありません。
・充実した設備： 個人用の鍵付きロッカーを完備。休憩室は広々としており、ポットや電子レンジ、フリーWi-Fiも自由に使えます。

■ 未経験者でも安心のサポート体制
入社初日は、安全に関する講習と作業の基本ルールについてのオリエンテーションからスタートします。
現場配属後は、専任の先輩スタッフがマンツーマンでついて実際の作業を見せながら丁寧にレクチャーします。

最初は「シールの貼り方」や「ダンボールの組み立て」といった、特に簡単な作業からお任せしますので、一度にたくさんのことを覚える必要はありません。
作業中に分からないことや迷うことがあっても、すぐ近くにリーダーや先輩スタッフが常駐しているため、「これってどうやるんでしたっけ？」といつでも気軽に質問できる安心の環境です。早ければ半日、遅くても2〜3日程度で一人立ちしてスムーズにお仕事を進められるようになります！","✅ 未経験スタート9割以上！簡単なシンプル作業です
「商品を手に取る」「キズがないか見る」「箱に入れる」など、覚えることはたったこれだけ！複雑な機械操作や難しいルールはありません。
先輩スタッフのほとんどが未経験からのスタートです。特別なスキルや経験は一切不要なので、初めてのアルバイトや久しぶりのお仕事復帰の方も安心してください。

✅ 自分のペースで黙々・コツコツ取り組める！
「接客が苦手…」「一人で集中して作業したい」という方にピッタリの環境です。
ノルマなどもなく、ご自身のペースで作業を進められるので、人間関係のストレスを感じることなくのびのびと働けます。

✅ 重い荷物なし！身体への負担が少ない軽作業
扱う商品は、衣服や生活雑貨、コスメなどの比較的軽いものが中心です。
重いダンボールを持ち運んだり、力仕事をお願いすることはほぼありませんので、年齢・性別問わず無理なく長く続けられるお仕事です。

✅ 空調完備のキレイな倉庫で、1年中快適♪
冷暖房がしっかり効いたクリーンな室内での作業です。
「夏は暑くて汗だく…」「冬は寒くて手がかじかむ…」といった心配は無用！季節や天候に関わらず、いつも快適な温度の中で気持ちよく作業に集中できます。

✅ 充実の設備＆働きやすい環境
鍵付きの個人ロッカーを完備しているほか、広々として清潔な休憩室もご用意しています。
休憩室には電子レンジ・冷蔵庫・ポット・自動販売機を完備しており、お弁当を持参してゆっくりくつろぐことも可能です。スタッフが過ごしやすい環境づくりに力を入れています！","例外事由3号のイにより、長期キャリア形成を図るため、
35歳以下を募集しております。","【勤務時間】
★9:00~18:00
└実働8時間/休憩1時間

定時ダッシュも問題ないです✧
✧ 土日祝休み
✧ 残業月平均:6.5時間以内
✧ 残業代100%支給","✧ 完全週休2日制(土日祝休み)
✧ 年間休日125日
「土日休みはマスト!」ってあなたにも
ぴったりの職場です!

【その他休暇】
✧ 有給休暇
✧ 夏季・冬季休暇
✧ GW休暇
✧ 年末年始休暇","愛知県名古屋市中村区名駅4-24-16 広小路ガーデンアベニュー3F

周辺エリアに勤務地多数あり！
お気軽にご相談ください。",名古屋営業所,"月給:25万円~+交通費全額支給

※経験に応じて決定いたします。

# 昇給あり
# 賞与あり
# 残業代100%支給
# 交通費支給","・社会保険完備
・住宅手当
・家賃補助
・退職金制度
・家族手当・扶養手当
・健康診断
・特別休暇
・資格取得支援制度","\\✧カジュアル面談実施中です✧/

応募に必要なのは人柄のみです!
まずはあなたのご希望を聞かせてください!

✩.。.....................。.✩
■ 応募からの流れ ■
✩.。.....................。.✩

▶STEP1WEBから1分簡単ご応募!
1~3日以内に担当者よりご連絡いたします。

▶ STEP2カジュアル面談(1回のみ)

▶STEP3採用

※入社日のご相談OKです◎
お気軽にご相談ください!",,即日勤務OK、交通費支給、残業なし,2,任意,生年月日、性別、電話番号,ntf-indeedapplicant-aaaatulx77tci2k2pr5yeqapva@shukatsu-labo.slack.com,,,利用しない,,
募集中,株式会社テクノ・サービス,【未経験】検品・梱包作業/株式会社テクノ・サービス/藤沢営業所,倉庫作業スタッフ,20代活躍中◎ワークライフバランスも充実！！,,神奈川県 藤沢市 藤沢,,,正社員,はい,月給,250000,,最低額を表示,なし,,,,,,,固定時間制,160,,厚生年金、健康保険、雇用保険、労災保険,,なし,,,,,,,,,,,,,,,,,,"空調が完備された綺麗な物流センター内で、人気ECサイトで販売されているアパレル商品・生活雑貨・コスメなどの「検品・梱包作業」を担当していただきます。
作業内容は非常にシンプルで、「商品を手に取る」「傷がないかチェックする」「箱や袋に詰める」という基本の3ステップが中心です。重いお荷物の持ち運びはほとんどなく、自分のペースでコツコツ・黙々と進められる軽作業です。
未経験からスタートしたスタッフが9割以上活躍中で、1日〜数日で覚えられる簡単な作業ばかりですので、バイトデビューや久しぶりのお仕事復帰の方も安心してスタートしていただけます。

■ 具体的なお仕事の流れ

1. 検品・チェック作業
入荷された商品や出荷前の商品に問題がないか、確認する作業です。

・外観の目視確認： 商品に傷や汚れ、ほつれ、パッケージの凹みなどが無いかを目視で丁寧にチェックします。
・数量・品番の照合： 納品書や手元のハンディ端末に表示されたデータと、目の前にある商品の種類・個数が合致しているか確認します。
・バーコードスキャン： バーコードリーダーを使って商品を「ピッと」読み取る作業です。機械の操作はスマホ感覚で直感的に行えるため、難しい設定や専門知識は一切不要です。

2. 梱包・箱詰め作業
検品が完了した商品を、お客様のもとへ無事にお届けできるよう綺麗に包んで箱に詰める作業です。

・袋詰め・緩衝材包装： 服やタオルなどの布製品を専用の透明袋に入れたり、壊れやすいコスメ・ガラス製品などをプチプチ（緩衝材）で包みます。
・箱詰め・セット作業： 指定のサイズに合わせたダンボール箱を組み立て、商品が途中で動かないよう丁寧に納めます。
・テープ留め・封かん： ダンボールのフタを閉じ、ガムテープでしっかり留めたら梱包完了です。

3. シール貼り・仕分け作業
出荷に向けた最後の仕上げ作業です。

・ラベル貼り： お届け先の伝票シールや、取扱注意シール（「水濡れ厳禁」「割れ物注意」など）を指定の位置へキレイに貼り付けます。
・出荷先ごとの仕分け： 梱包が終わった箱を、配送地域別や配送業者別に分けられた台車やコンテナへ移します。

■ 1日のタイムスケジュール例（日勤の場合）
09:00〜【朝礼・作業スタート】
本日の連絡事項を確認後、各自の作業台へ移動します。担当する作業（検品または梱包）をスタートします。

12:00〜【お昼休憩（60分）】
清潔な休憩室でランチタイム。電子レンジ・冷蔵庫・自動販売機も完備されており、お弁当の持参も自由です。

13:00〜【午後の作業再開】
午前の続きの作業を行います。自分のデスクで黙々と作業に集中できる時間です。

15:00〜【小休憩（15分）】
身体をほぐしたり水分補給をするリフレッシュタイム。集中力を保ちやすい環境が整っています。

15:15〜【出荷準備・最終仕上げ】
本日発送分の最終チェックと、作業スペースの清掃・整理整頓を行います。

18:00〜【作業終了・定時退勤】
残業は基本的にありません。定時になったら「お疲れ様でした！」とスッキリ帰宅できます。

■ 快適な作業環境と働きやすさのポイント
・1年中快適な空調完備： 冷暖房がしっかり効いたクリーンな倉庫なので、夏は涼しく、冬は暖かく快適に作業できます。
・身体に優しい軽作業： 扱う商品は衣類、コスメ、文房具、小型雑貨などがメインです。重量物の持ち上げ作業はありません。
・充実した設備： 個人用の鍵付きロッカーを完備。休憩室は広々としており、ポットや電子レンジ、フリーWi-Fiも自由に使えます。

■ 未経験者でも安心のサポート体制
入社初日は、安全に関する講習と作業の基本ルールについてのオリエンテーションからスタートします。
現場配属後は、専任の先輩スタッフがマンツーマンでついて実際の作業を見せながら丁寧にレクチャーします。

最初は「シールの貼り方」や「ダンボールの組み立て」といった、特に簡単な作業からお任せしますので、一度にたくさんのことを覚える必要はありません。
作業中に分からないことや迷うことがあっても、すぐ近くにリーダーや先輩スタッフが常駐しているため、「これってどうやるんでしたっけ？」といつでも気軽に質問できる安心の環境です。早ければ半日、遅くても2〜3日程度で一人立ちしてスムーズにお仕事を進められるようになります！","✅ 未経験スタート9割以上！簡単なシンプル作業です
「商品を手に取る」「キズがないか見る」「箱に入れる」など、覚えることはたったこれだけ！複雑な機械操作や難しいルールはありません。
先輩スタッフのほとんどが未経験からのスタートです。特別なスキルや経験は一切不要なので、初めてのアルバイトや久しぶりのお仕事復帰の方も安心してください。

✅ 自分のペースで黙々・コツコツ取り組める！
「接客が苦手…」「一人で集中して作業したい」という方にピッタリの環境です。
ノルマなどもなく、ご自身のペースで作業を進められるので、人間関係のストレスを感じることなくのびのびと働けます。

✅ 重い荷物なし！身体への負担が少ない軽作業
扱う商品は、衣服や生活雑貨、コスメなどの比較的軽いものが中心です。
重いダンボールを持ち運んだり、力仕事をお願いすることはほぼありませんので、年齢・性別問わず無理なく長く続けられるお仕事です。

✅ 空調完備のキレイな倉庫で、1年中快適♪
冷暖房がしっかり効いたクリーンな室内での作業です。
「夏は暑くて汗だく…」「冬は寒くて手がかじかむ…」といった心配は無用！季節や天候に関わらず、いつも快適な温度の中で気持ちよく作業に集中できます。

✅ 充実の設備＆働きやすい環境
鍵付きの個人ロッカーを完備しているほか、広々として清潔な休憩室もご用意しています。
休憩室には電子レンジ・冷蔵庫・ポット・自動販売機を完備しており、お弁当を持参してゆっくりくつろぐことも可能です。スタッフが過ごしやすい環境づくりに力を入れています！","例外事由3号のイにより、長期キャリア形成を図るため、
35歳以下を募集しております。","【勤務時間】
★9:00~18:00
└実働8時間/休憩1時間

定時ダッシュも問題ないです✧
✧ 土日祝休み
✧ 残業月平均:6.5時間以内
✧ 残業代100%支給","✧ 完全週休2日制(土日祝休み)
✧ 年間休日125日
「土日休みはマスト!」ってあなたにも
ぴったりの職場です!

【その他休暇】
✧ 有給休暇
✧ 夏季・冬季休暇
✧ GW休暇
✧ 年末年始休暇","神奈川県藤沢市藤沢438-1 藤沢30ビル4F

周辺エリアに勤務地多数あり！
お気軽にご相談ください。",藤沢営業所,"月給:25万円~+交通費全額支給

※経験に応じて決定いたします。

# 昇給あり
# 賞与あり
# 残業代100%支給
# 交通費支給","・社会保険完備
・住宅手当
・家賃補助
・退職金制度
・家族手当・扶養手当
・健康診断
・特別休暇
・資格取得支援制度","\\✧カジュアル面談実施中です✧/

応募に必要なのは人柄のみです!
まずはあなたのご希望を聞かせてください!

✩.。.....................。.✩
■ 応募からの流れ ■
✩.。.....................。.✩

▶STEP1WEBから1分簡単ご応募!
1~3日以内に担当者よりご連絡いたします。

▶ STEP2カジュアル面談(1回のみ)

▶STEP3採用

※入社日のご相談OKです◎
お気軽にご相談ください!",,即日勤務OK、交通費支給、残業なし,2,任意,生年月日、性別、電話番号,ntf-indeedapplicant-aaaatulx77tci2k2pr5yeqapva@shukatsu-labo.slack.com,,,利用しない,,
募集中,株式会社テクノ・サービス,【未経験】検品・梱包作業/株式会社テクノ・サービス/厚木営業所,倉庫作業スタッフ,20代活躍中◎ワークライフバランスも充実！！,,神奈川県 厚木市 中町,,,正社員,はい,月給,250000,,最低額を表示,なし,,,,,,,固定時間制,160,,厚生年金、健康保険、雇用保険、労災保険,,なし,,,,,,,,,,,,,,,,,,"空調が完備された綺麗な物流センター内で、人気ECサイトで販売されているアパレル商品・生活雑貨・コスメなどの「検品・梱包作業」を担当していただきます。
作業内容は非常にシンプルで、「商品を手に取る」「傷がないかチェックする」「箱や袋に詰める」という基本の3ステップが中心です。重いお荷物の持ち運びはほとんどなく、自分のペースでコツコツ・黙々と進められる軽作業です。
未経験からスタートしたスタッフが9割以上活躍中で、1日〜数日で覚えられる簡単な作業ばかりですので、バイトデビューや久しぶりのお仕事復帰の方も安心してスタートしていただけます。

■ 具体的なお仕事の流れ

1. 検品・チェック作業
入荷された商品や出荷前の商品に問題がないか、確認する作業です。

・外観の目視確認： 商品に傷や汚れ、ほつれ、パッケージの凹みなどが無いかを目視で丁寧にチェックします。
・数量・品番の照合： 納品書や手元のハンディ端末に表示されたデータと、目の前にある商品の種類・個数が合致しているか確認します。
・バーコードスキャン： バーコードリーダーを使って商品を「ピッと」読み取る作業です。機械の操作はスマホ感覚で直感的に行えるため、難しい設定や専門知識は一切不要です。

2. 梱包・箱詰め作業
検品が完了した商品を、お客様のもとへ無事にお届けできるよう綺麗に包んで箱に詰める作業です。

・袋詰め・緩衝材包装： 服やタオルなどの布製品を専用の透明袋に入れたり、壊れやすいコスメ・ガラス製品などをプチプチ（緩衝材）で包みます。
・箱詰め・セット作業： 指定のサイズに合わせたダンボール箱を組み立て、商品が途中で動かないよう丁寧に納めます。
・テープ留め・封かん： ダンボールのフタを閉じ、ガムテープでしっかり留めたら梱包完了です。

3. シール貼り・仕分け作業
出荷に向けた最後の仕上げ作業です。

・ラベル貼り： お届け先の伝票シールや、取扱注意シール（「水濡れ厳禁」「割れ物注意」など）を指定の位置へキレイに貼り付けます。
・出荷先ごとの仕分け： 梱包が終わった箱を、配送地域別や配送業者別に分けられた台車やコンテナへ移します。

■ 1日のタイムスケジュール例（日勤の場合）
09:00〜【朝礼・作業スタート】
本日の連絡事項を確認後、各自の作業台へ移動します。担当する作業（検品または梱包）をスタートします。

12:00〜【お昼休憩（60分）】
清潔な休憩室でランチタイム。電子レンジ・冷蔵庫・自動販売機も完備されており、お弁当の持参も自由です。

13:00〜【午後の作業再開】
午前の続きの作業を行います。自分のデスクで黙々と作業に集中できる時間です。

15:00〜【小休憩（15分）】
身体をほぐしたり水分補給をするリフレッシュタイム。集中力を保ちやすい環境が整っています。

15:15〜【出荷準備・最終仕上げ】
本日発送分の最終チェックと、作業スペースの清掃・整理整頓を行います。

18:00〜【作業終了・定時退勤】
残業は基本的にありません。定時になったら「お疲れ様でした！」とスッキリ帰宅できます。

■ 快適な作業環境と働きやすさのポイント
・1年中快適な空調完備： 冷暖房がしっかり効いたクリーンな倉庫なので、夏は涼しく、冬は暖かく快適に作業できます。
・身体に優しい軽作業： 扱う商品は衣類、コスメ、文房具、小型雑貨などがメインです。重量物の持ち上げ作業はありません。
・充実した設備： 個人用の鍵付きロッカーを完備。休憩室は広々としており、ポットや電子レンジ、フリーWi-Fiも自由に使えます。

■ 未経験者でも安心のサポート体制
入社初日は、安全に関する講習と作業の基本ルールについてのオリエンテーションからスタートします。
現場配属後は、専任の先輩スタッフがマンツーマンでついて実際の作業を見せながら丁寧にレクチャーします。

最初は「シールの貼り方」や「ダンボールの組み立て」といった、特に簡単な作業からお任せしますので、一度にたくさんのことを覚える必要はありません。
作業中に分からないことや迷うことがあっても、すぐ近くにリーダーや先輩スタッフが常駐しているため、「これってどうやるんでしたっけ？」といつでも気軽に質問できる安心の環境です。早ければ半日、遅くても2〜3日程度で一人立ちしてスムーズにお仕事を進められるようになります！","✅ 未経験スタート9割以上！簡単なシンプル作業です
「商品を手に取る」「キズがないか見る」「箱に入れる」など、覚えることはたったこれだけ！複雑な機械操作や難しいルールはありません。
先輩スタッフのほとんどが未経験からのスタートです。特別なスキルや経験は一切不要なので、初めてのアルバイトや久しぶりのお仕事復帰の方も安心してください。

✅ 自分のペースで黙々・コツコツ取り組める！
「接客が苦手…」「一人で集中して作業したい」という方にピッタリの環境です。
ノルマなどもなく、ご自身のペースで作業を進められるので、人間関係のストレスを感じることなくのびのびと働けます。

✅ 重い荷物なし！身体への負担が少ない軽作業
扱う商品は、衣服や生活雑貨、コスメなどの比較的軽いものが中心です。
重いダンボールを持ち運んだり、力仕事をお願いすることはほぼありませんので、年齢・性別問わず無理なく長く続けられるお仕事です。

✅ 空調完備のキレイな倉庫で、1年中快適♪
冷暖房がしっかり効いたクリーンな室内での作業です。
「夏は暑くて汗だく…」「冬は寒くて手がかじかむ…」といった心配は無用！季節や天候に関わらず、いつも快適な温度の中で気持ちよく作業に集中できます。

✅ 充実の設備＆働きやすい環境
鍵付きの個人ロッカーを完備しているほか、広々として清潔な休憩室もご用意しています。
休憩室には電子レンジ・冷蔵庫・ポット・自動販売機を完備しており、お弁当を持参してゆっくりくつろぐことも可能です。スタッフが過ごしやすい環境づくりに力を入れています！","例外事由3号のイにより、長期キャリア形成を図るため、
35歳以下を募集しております。","【勤務時間】
★9:00~18:00
└実働8時間/休憩1時間

定時ダッシュも問題ないです✧
✧ 土日祝休み
✧ 残業月平均:6.5時間以内
✧ 残業代100%支給","✧ 完全週休2日制(土日祝休み)
✧ 年間休日125日
「土日休みはマスト!」ってあなたにも
ぴったりの職場です!

【その他休暇】
✧ 有給休暇
✧ 夏季・冬季休暇
✧ GW休暇
✧ 年末年始休暇","神奈川県厚木市中町2-6-10 日本生命厚木ビル4F

周辺エリアに勤務地多数あり！
お気軽にご相談ください。",厚木営業所,"月給:25万円~+交通費全額支給

※経験に応じて決定いたします。

# 昇給あり
# 賞与あり
# 残業代100%支給
# 交通費支給","・社会保険完備
・住宅手当
・家賃補助
・退職金制度
・家族手当・扶養手当
・健康診断
・特別休暇
・資格取得支援制度","\\✧カジュアル面談実施中です✧/

応募に必要なのは人柄のみです!
まずはあなたのご希望を聞かせてください!

✩.。.....................。.✩
■ 応募からの流れ ■
✩.。.....................。.✩

▶STEP1WEBから1分簡単ご応募!
1~3日以内に担当者よりご連絡いたします。

▶ STEP2カジュアル面談(1回のみ)

▶STEP3採用

※入社日のご相談OKです◎
お気軽にご相談ください!",,即日勤務OK、交通費支給、残業なし,2,任意,生年月日、性別、電話番号,ntf-indeedapplicant-aaaatulx77tci2k2pr5yeqapva@shukatsu-labo.slack.com,,,利用しない,,
募集中,株式会社テクノ・サービス,【未経験】検品・梱包作業/株式会社テクノ・サービス/横浜営業所,倉庫作業スタッフ,20代活躍中◎ワークライフバランスも充実！！,,神奈川県 横浜市 鶴見区 豊岡町,,,正社員,はい,月給,250000,,最低額を表示,なし,,,,,,,固定時間制,160,,厚生年金、健康保険、雇用保険、労災保険,,なし,,,,,,,,,,,,,,,,,,"空調が完備された綺麗な物流センター内で、人気ECサイトで販売されているアパレル商品・生活雑貨・コスメなどの「検品・梱包作業」を担当していただきます。
作業内容は非常にシンプルで、「商品を手に取る」「傷がないかチェックする」「箱や袋に詰める」という基本の3ステップが中心です。重いお荷物の持ち運びはほとんどなく、自分のペースでコツコツ・黙々と進められる軽作業です。
未経験からスタートしたスタッフが9割以上活躍中で、1日〜数日で覚えられる簡単な作業ばかりですので、バイトデビューや久しぶりのお仕事復帰の方も安心してスタートしていただけます。

■ 具体的なお仕事の流れ

1. 検品・チェック作業
入荷された商品や出荷前の商品に問題がないか、確認する作業です。

・外観の目視確認： 商品に傷や汚れ、ほつれ、パッケージの凹みなどが無いかを目視で丁寧にチェックします。
・数量・品番の照合： 納品書や手元のハンディ端末に表示されたデータと、目の前にある商品の種類・個数が合致しているか確認します。
・バーコードスキャン： バーコードリーダーを使って商品を「ピッと」読み取る作業です。機械の操作はスマホ感覚で直感的に行えるため、難しい設定や専門知識は一切不要です。

2. 梱包・箱詰め作業
検品が完了した商品を、お客様のもとへ無事にお届けできるよう綺麗に包んで箱に詰める作業です。

・袋詰め・緩衝材包装： 服やタオルなどの布製品を専用の透明袋に入れたり、壊れやすいコスメ・ガラス製品などをプチプチ（緩衝材）で包みます。
・箱詰め・セット作業： 指定のサイズに合わせたダンボール箱を組み立て、商品が途中で動かないよう丁寧に納めます。
・テープ留め・封かん： ダンボールのフタを閉じ、ガムテープでしっかり留めたら梱包完了です。

3. シール貼り・仕分け作業
出荷に向けた最後の仕上げ作業です。

・ラベル貼り： お届け先の伝票シールや、取扱注意シール（「水濡れ厳禁」「割れ物注意」など）を指定の位置へキレイに貼り付けます。
・出荷先ごとの仕分け： 梱包が終わった箱を、配送地域別や配送業者別に分けられた台車やコンテナへ移します。

■ 1日のタイムスケジュール例（日勤の場合）
09:00〜【朝礼・作業スタート】
本日の連絡事項を確認後、各自の作業台へ移動します。担当する作業（検品または梱包）をスタートします。

12:00〜【お昼休憩（60分）】
清潔な休憩室でランチタイム。電子レンジ・冷蔵庫・自動販売機も完備されており、お弁当の持参も自由です。

13:00〜【午後の作業再開】
午前の続きの作業を行います。自分のデスクで黙々と作業に集中できる時間です。

15:00〜【小休憩（15分）】
身体をほぐしたり水分補給をするリフレッシュタイム。集中力を保ちやすい環境が整っています。

15:15〜【出荷準備・最終仕上げ】
本日発送分の最終チェックと、作業スペースの清掃・整理整頓を行います。

18:00〜【作業終了・定時退勤】
残業は基本的にありません。定時になったら「お疲れ様でした！」とスッキリ帰宅できます。

■ 快適な作業環境と働きやすさのポイント
・1年中快適な空調完備： 冷暖房がしっかり効いたクリーンな倉庫なので、夏は涼しく、冬は暖かく快適に作業できます。
・身体に優しい軽作業： 扱う商品は衣類、コスメ、文房具、小型雑貨などがメインです。重量物の持ち上げ作業はありません。
・充実した設備： 個人用の鍵付きロッカーを完備。休憩室は広々としており、ポットや電子レンジ、フリーWi-Fiも自由に使えます。

■ 未経験者でも安心のサポート体制
入社初日は、安全に関する講習と作業の基本ルールについてのオリエンテーションからスタートします。
現場配属後は、専任の先輩スタッフがマンツーマンでついて実際の作業を見せながら丁寧にレクチャーします。

最初は「シールの貼り方」や「ダンボールの組み立て」といった、特に簡単な作業からお任せしますので、一度にたくさんのことを覚える必要はありません。
作業中に分からないことや迷うことがあっても、すぐ近くにリーダーや先輩スタッフが常駐しているため、「これってどうやるんでしたっけ？」といつでも気軽に質問できる安心の環境です。早ければ半日、遅くても2〜3日程度で一人立ちしてスムーズにお仕事を進められるようになります！","✅ 未経験スタート9割以上！簡単なシンプル作業です
「商品を手に取る」「キズがないか見る」「箱に入れる」など、覚えることはたったこれだけ！複雑な機械操作や難しいルールはありません。
先輩スタッフのほとんどが未経験からのスタートです。特別なスキルや経験は一切不要なので、初めてのアルバイトや久しぶりのお仕事復帰の方も安心してください。

✅ 自分のペースで黙々・コツコツ取り組める！
「接客が苦手…」「一人で集中して作業したい」という方にピッタリの環境です。
ノルマなどもなく、ご自身のペースで作業を進められるので、人間関係のストレスを感じることなくのびのびと働けます。

✅ 重い荷物なし！身体への負担が少ない軽作業
扱う商品は、衣服や生活雑貨、コスメなどの比較的軽いものが中心です。
重いダンボールを持ち運んだり、力仕事をお願いすることはほぼありませんので、年齢・性別問わず無理なく長く続けられるお仕事です。

✅ 空調完備のキレイな倉庫で、1年中快適♪
冷暖房がしっかり効いたクリーンな室内での作業です。
「夏は暑くて汗だく…」「冬は寒くて手がかじかむ…」といった心配は無用！季節や天候に関わらず、いつも快適な温度の中で気持ちよく作業に集中できます。

✅ 充実の設備＆働きやすい環境
鍵付きの個人ロッカーを完備しているほか、広々として清潔な休憩室もご用意しています。
休憩室には電子レンジ・冷蔵庫・ポット・自動販売機を完備しており、お弁当を持参してゆっくりくつろぐことも可能です。スタッフが過ごしやすい環境づくりに力を入れています！","例外事由3号のイにより、長期キャリア形成を図るため、
35歳以下を募集しております。","【勤務時間】
★9:00~18:00
└実働8時間/休憩1時間

定時ダッシュも問題ないです✧
✧ 土日祝休み
✧ 残業月平均:6.5時間以内
✧ 残業代100%支給","✧ 完全週休2日制(土日祝休み)
✧ 年間休日125日
「土日休みはマスト!」ってあなたにも
ぴったりの職場です!

【その他休暇】
✧ 有給休暇
✧ 夏季・冬季休暇
✧ GW休暇
✧ 年末年始休暇","神奈川県横浜市鶴見区豊岡町3-17 朝日生命鶴見ビル4F

周辺エリアに勤務地多数あり！
お気軽にご相談ください。",横浜営業所,"月給:25万円~+交通費全額支給

※経験に応じて決定いたします。

# 昇給あり
# 賞与あり
# 残業代100%支給
# 交通費支給","・社会保険完備
・住宅手当
・家賃補助
・退職金制度
・家族手当・扶養手当
・健康診断
・特別休暇
・資格取得支援制度","\\✧カジュアル面談実施中です✧/

応募に必要なのは人柄のみです!
まずはあなたのご希望を聞かせてください!

✩.。.....................。.✩
■ 応募からの流れ ■
✩.。.....................。.✩

▶STEP1WEBから1分簡単ご応募!
1~3日以内に担当者よりご連絡いたします。

▶ STEP2カジュアル面談(1回のみ)

▶STEP3採用

※入社日のご相談OKです◎
お気軽にご相談ください!",,即日勤務OK、交通費支給、残業なし,2,任意,生年月日、性別、電話番号,ntf-indeedapplicant-aaaatulx77tci2k2pr5yeqapva@shukatsu-labo.slack.com,,,利用しない,,
募集中,株式会社テクノ・サービス,【未経験】検品・梱包作業/株式会社テクノ・サービス/町田営業所,倉庫作業スタッフ,20代活躍中◎ワークライフバランスも充実！！,,東京都 町田市 原町田,,,正社員,はい,月給,250000,,最低額を表示,なし,,,,,,,固定時間制,160,,厚生年金、健康保険、雇用保険、労災保険,,なし,,,,,,,,,,,,,,,,,,"空調が完備された綺麗な物流センター内で、人気ECサイトで販売されているアパレル商品・生活雑貨・コスメなどの「検品・梱包作業」を担当していただきます。
作業内容は非常にシンプルで、「商品を手に取る」「傷がないかチェックする」「箱や袋に詰める」という基本の3ステップが中心です。重いお荷物の持ち運びはほとんどなく、自分のペースでコツコツ・黙々と進められる軽作業です。
未経験からスタートしたスタッフが9割以上活躍中で、1日〜数日で覚えられる簡単な作業ばかりですので、バイトデビューや久しぶりのお仕事復帰の方も安心してスタートしていただけます。

■ 具体的なお仕事の流れ

1. 検品・チェック作業
入荷された商品や出荷前の商品に問題がないか、確認する作業です。

・外観の目視確認： 商品に傷や汚れ、ほつれ、パッケージの凹みなどが無いかを目視で丁寧にチェックします。
・数量・品番の照合： 納品書や手元のハンディ端末に表示されたデータと、目の前にある商品の種類・個数が合致しているか確認します。
・バーコードスキャン： バーコードリーダーを使って商品を「ピッと」読み取る作業です。機械の操作はスマホ感覚で直感的に行えるため、難しい設定や専門知識は一切不要です。

2. 梱包・箱詰め作業
検品が完了した商品を、お客様のもとへ無事にお届けできるよう綺麗に包んで箱に詰める作業です。

・袋詰め・緩衝材包装： 服やタオルなどの布製品を専用の透明袋に入れたり、壊れやすいコスメ・ガラス製品などをプチプチ（緩衝材）で包みます。
・箱詰め・セット作業： 指定のサイズに合わせたダンボール箱を組み立て、商品が途中で動かないよう丁寧に納めます。
・テープ留め・封かん： ダンボールのフタを閉じ、ガムテープでしっかり留めたら梱包完了です。

3. シール貼り・仕分け作業
出荷に向けた最後の仕上げ作業です。

・ラベル貼り： お届け先の伝票シールや、取扱注意シール（「水濡れ厳禁」「割れ物注意」など）を指定の位置へキレイに貼り付けます。
・出荷先ごとの仕分け： 梱包が終わった箱を、配送地域別や配送業者別に分けられた台車やコンテナへ移します。

■ 1日のタイムスケジュール例（日勤の場合）
09:00〜【朝礼・作業スタート】
本日の連絡事項を確認後、各自の作業台へ移動します。担当する作業（検品または梱包）をスタートします。

12:00〜【お昼休憩（60分）】
清潔な休憩室でランチタイム。電子レンジ・冷蔵庫・自動販売機も完備されており、お弁当の持参も自由です。

13:00〜【午後の作業再開】
午前の続きの作業を行います。自分のデスクで黙々と作業に集中できる時間です。

15:00〜【小休憩（15分）】
身体をほぐしたり水分補給をするリフレッシュタイム。集中力を保ちやすい環境が整っています。

15:15〜【出荷準備・最終仕上げ】
本日発送分の最終チェックと、作業スペースの清掃・整理整頓を行います。

18:00〜【作業終了・定時退勤】
残業は基本的にありません。定時になったら「お疲れ様でした！」とスッキリ帰宅できます。

■ 快適な作業環境と働きやすさのポイント
・1年中快適な空調完備： 冷暖房がしっかり効いたクリーンな倉庫なので、夏は涼しく、冬は暖かく快適に作業できます。
・身体に優しい軽作業： 扱う商品は衣類、コスメ、文房具、小型雑貨などがメインです。重量物の持ち上げ作業はありません。
・充実した設備： 個人用の鍵付きロッカーを完備。休憩室は広々としており、ポットや電子レンジ、フリーWi-Fiも自由に使えます。

■ 未経験者でも安心のサポート体制
入社初日は、安全に関する講習と作業の基本ルールについてのオリエンテーションからスタートします。
現場配属後は、専任の先輩スタッフがマンツーマンでついて実際の作業を見せながら丁寧にレクチャーします。

最初は「シールの貼り方」や「ダンボールの組み立て」といった、特に簡単な作業からお任せしますので、一度にたくさんのことを覚える必要はありません。
作業中に分からないことや迷うことがあっても、すぐ近くにリーダーや先輩スタッフが常駐しているため、「これってどうやるんでしたっけ？」といつでも気軽に質問できる安心の環境です。早ければ半日、遅くても2〜3日程度で一人立ちしてスムーズにお仕事を進められるようになります！","✅ 未経験スタート9割以上！簡単なシンプル作業です
「商品を手に取る」「キズがないか見る」「箱に入れる」など、覚えることはたったこれだけ！複雑な機械操作や難しいルールはありません。
先輩スタッフのほとんどが未経験からのスタートです。特別なスキルや経験は一切不要なので、初めてのアルバイトや久しぶりのお仕事復帰の方も安心してください。

✅ 自分のペースで黙々・コツコツ取り組める！
「接客が苦手…」「一人で集中して作業したい」という方にピッタリの環境です。
ノルマなどもなく、ご自身のペースで作業を進められるので、人間関係のストレスを感じることなくのびのびと働けます。

✅ 重い荷物なし！身体への負担が少ない軽作業
扱う商品は、衣服や生活雑貨、コスメなどの比較的軽いものが中心です。
重いダンボールを持ち運んだり、力仕事をお願いすることはほぼありませんので、年齢・性別問わず無理なく長く続けられるお仕事です。

✅ 空調完備のキレイな倉庫で、1年中快適♪
冷暖房がしっかり効いたクリーンな室内での作業です。
「夏は暑くて汗だく…」「冬は寒くて手がかじかむ…」といった心配は無用！季節や天候に関わらず、いつも快適な温度の中で気持ちよく作業に集中できます。

✅ 充実の設備＆働きやすい環境
鍵付きの個人ロッカーを完備しているほか、広々として清潔な休憩室もご用意しています。
休憩室には電子レンジ・冷蔵庫・ポット・自動販売機を完備しており、お弁当を持参してゆっくりくつろぐことも可能です。スタッフが過ごしやすい環境づくりに力を入れています！","例外事由3号のイにより、長期キャリア形成を図るため、
35歳以下を募集しております。","【勤務時間】
★9:00~18:00
└実働8時間/休憩1時間

定時ダッシュも問題ないです✧
✧ 土日祝休み
✧ 残業月平均:6.5時間以内
✧ 残業代100%支給","✧ 完全週休2日制(土日祝休み)
✧ 年間休日125日
「土日休みはマスト!」ってあなたにも
ぴったりの職場です!

【その他休暇】
✧ 有給休暇
✧ 夏季・冬季休暇
✧ GW休暇
✧ 年末年始休暇","東京都町田市原町田6-10-3 町田ERビル4F

周辺エリアに勤務地多数あり！
お気軽にご相談ください。",町田営業所,"月給:25万円~+交通費全額支給

※経験に応じて決定いたします。

# 昇給あり
# 賞与あり
# 残業代100%支給
# 交通費支給","・社会保険完備
・住宅手当
・家賃補助
・退職金制度
・家族手当・扶養手当
・健康診断
・特別休暇
・資格取得支援制度","\\✧カジュアル面談実施中です✧/

応募に必要なのは人柄のみです!
まずはあなたのご希望を聞かせてください!

✩.。.....................。.✩
■ 応募からの流れ ■
✩.。.....................。.✩

▶STEP1WEBから1分簡単ご応募!
1~3日以内に担当者よりご連絡いたします。

▶ STEP2カジュアル面談(1回のみ)

▶STEP3採用

※入社日のご相談OKです◎
お気軽にご相談ください!",,即日勤務OK、交通費支給、残業なし,2,任意,生年月日、性別、電話番号,ntf-indeedapplicant-aaaatulx77tci2k2pr5yeqapva@shukatsu-labo.slack.com,,,利用しない,,
募集中,株式会社テクノ・サービス,【未経験】検品・梱包作業/株式会社テクノ・サービス/八王子営業所,倉庫作業スタッフ,20代活躍中◎ワークライフバランスも充実！！,,東京都 八王子市 旭町,,,正社員,はい,月給,250000,,最低額を表示,なし,,,,,,,固定時間制,160,,厚生年金、健康保険、雇用保険、労災保険,,なし,,,,,,,,,,,,,,,,,,"空調が完備された綺麗な物流センター内で、人気ECサイトで販売されているアパレル商品・生活雑貨・コスメなどの「検品・梱包作業」を担当していただきます。
作業内容は非常にシンプルで、「商品を手に取る」「傷がないかチェックする」「箱や袋に詰める」という基本の3ステップが中心です。重いお荷物の持ち運びはほとんどなく、自分のペースでコツコツ・黙々と進められる軽作業です。
未経験からスタートしたスタッフが9割以上活躍中で、1日〜数日で覚えられる簡単な作業ばかりですので、バイトデビューや久しぶりのお仕事復帰の方も安心してスタートしていただけます。

■ 具体的なお仕事の流れ

1. 検品・チェック作業
入荷された商品や出荷前の商品に問題がないか、確認する作業です。

・外観の目視確認： 商品に傷や汚れ、ほつれ、パッケージの凹みなどが無いかを目視で丁寧にチェックします。
・数量・品番の照合： 納品書や手元のハンディ端末に表示されたデータと、目の前にある商品の種類・個数が合致しているか確認します。
・バーコードスキャン： バーコードリーダーを使って商品を「ピッと」読み取る作業です。機械の操作はスマホ感覚で直感的に行えるため、難しい設定や専門知識は一切不要です。

2. 梱包・箱詰め作業
検品が完了した商品を、お客様のもとへ無事にお届けできるよう綺麗に包んで箱に詰める作業です。

・袋詰め・緩衝材包装： 服やタオルなどの布製品を専用の透明袋に入れたり、壊れやすいコスメ・ガラス製品などをプチプチ（緩衝材）で包みます。
・箱詰め・セット作業： 指定のサイズに合わせたダンボール箱を組み立て、商品が途中で動かないよう丁寧に納めます。
・テープ留め・封かん： ダンボールのフタを閉じ、ガムテープでしっかり留めたら梱包完了です。

3. シール貼り・仕分け作業
出荷に向けた最後の仕上げ作業です。

・ラベル貼り： お届け先の伝票シールや、取扱注意シール（「水濡れ厳禁」「割れ物注意」など）を指定の位置へキレイに貼り付けます。
・出荷先ごとの仕分け： 梱包が終わった箱を、配送地域別や配送業者別に分けられた台車やコンテナへ移します。

■ 1日のタイムスケジュール例（日勤の場合）
09:00〜【朝礼・作業スタート】
本日の連絡事項を確認後、各自の作業台へ移動します。担当する作業（検品または梱包）をスタートします。

12:00〜【お昼休憩（60分）】
清潔な休憩室でランチタイム。電子レンジ・冷蔵庫・自動販売機も完備されており、お弁当の持参も自由です。

13:00〜【午後の作業再開】
午前の続きの作業を行います。自分のデスクで黙々と作業に集中できる時間です。

15:00〜【小休憩（15分）】
身体をほぐしたり水分補給をするリフレッシュタイム。集中力を保ちやすい環境が整っています。

15:15〜【出荷準備・最終仕上げ】
本日発送分の最終チェックと、作業スペースの清掃・整理整頓を行います。

18:00〜【作業終了・定時退勤】
残業は基本的にありません。定時になったら「お疲れ様でした！」とスッキリ帰宅できます。

■ 快適な作業環境と働きやすさのポイント
・1年中快適な空調完備： 冷暖房がしっかり効いたクリーンな倉庫なので、夏は涼しく、冬は暖かく快適に作業できます。
・身体に優しい軽作業： 扱う商品は衣類、コスメ、文房具、小型雑貨などがメインです。重量物の持ち上げ作業はありません。
・充実した設備： 個人用の鍵付きロッカーを完備。休憩室は広々としており、ポットや電子レンジ、フリーWi-Fiも自由に使えます。

■ 未経験者でも安心のサポート体制
入社初日は、安全に関する講習と作業の基本ルールについてのオリエンテーションからスタートします。
現場配属後は、専任の先輩スタッフがマンツーマンでついて実際の作業を見せながら丁寧にレクチャーします。

最初は「シールの貼り方」や「ダンボールの組み立て」といった、特に簡単な作業からお任せしますので、一度にたくさんのことを覚える必要はありません。
作業中に分からないことや迷うことがあっても、すぐ近くにリーダーや先輩スタッフが常駐しているため、「これってどうやるんでしたっけ？」といつでも気軽に質問できる安心の環境です。早ければ半日、遅くても2〜3日程度で一人立ちしてスムーズにお仕事を進められるようになります！","✅ 未経験スタート9割以上！簡単なシンプル作業です
「商品を手に取る」「キズがないか見る」「箱に入れる」など、覚えることはたったこれだけ！複雑な機械操作や難しいルールはありません。
先輩スタッフのほとんどが未経験からのスタートです。特別なスキルや経験は一切不要なので、初めてのアルバイトや久しぶりのお仕事復帰の方も安心してください。

✅ 自分のペースで黙々・コツコツ取り組める！
「接客が苦手…」「一人で集中して作業したい」という方にピッタリの環境です。
ノルマなどもなく、ご自身のペースで作業を進められるので、人間関係のストレスを感じることなくのびのびと働けます。

✅ 重い荷物なし！身体への負担が少ない軽作業
扱う商品は、衣服や生活雑貨、コスメなどの比較的軽いものが中心です。
重いダンボールを持ち運んだり、力仕事をお願いすることはほぼありませんので、年齢・性別問わず無理なく長く続けられるお仕事です。

✅ 空調完備のキレイな倉庫で、1年中快適♪
冷暖房がしっかり効いたクリーンな室内での作業です。
「夏は暑くて汗だく…」「冬は寒くて手がかじかむ…」といった心配は無用！季節や天候に関わらず、いつも快適な温度の中で気持ちよく作業に集中できます。

✅ 充実の設備＆働きやすい環境
鍵付きの個人ロッカーを完備しているほか、広々として清潔な休憩室もご用意しています。
休憩室には電子レンジ・冷蔵庫・ポット・自動販売機を完備しており、お弁当を持参してゆっくりくつろぐことも可能です。スタッフが過ごしやすい環境づくりに力を入れています！","例外事由3号のイにより、長期キャリア形成を図るため、
35歳以下を募集しております。","【勤務時間】
★9:00~18:00
└実働8時間/休憩1時間

定時ダッシュも問題ないです✧
✧ 土日祝休み
✧ 残業月平均:6.5時間以内
✧ 残業代100%支給","✧ 完全週休2日制(土日祝休み)
✧ 年間休日125日
「土日休みはマスト!」ってあなたにも
ぴったりの職場です!

【その他休暇】
✧ 有給休暇
✧ 夏季・冬季休暇
✧ GW休暇
✧ 年末年始休暇","東京都八王子市旭町12-4 日本生命八王子ビル3F

周辺エリアに勤務地多数あり！
お気軽にご相談ください。",八王子営業所,"月給:25万円~+交通費全額支給

※経験に応じて決定いたします。

# 昇給あり
# 賞与あり
# 残業代100%支給
# 交通費支給","・社会保険完備
・住宅手当
・家賃補助
・退職金制度
・家族手当・扶養手当
・健康診断
・特別休暇
・資格取得支援制度","\\✧カジュアル面談実施中です✧/

応募に必要なのは人柄のみです!
まずはあなたのご希望を聞かせてください!

✩.。.....................。.✩
■ 応募からの流れ ■
✩.。.....................。.✩

▶STEP1WEBから1分簡単ご応募!
1~3日以内に担当者よりご連絡いたします。

▶ STEP2カジュアル面談(1回のみ)

▶STEP3採用

※入社日のご相談OKです◎
お気軽にご相談ください!",,即日勤務OK、交通費支給、残業なし,2,任意,生年月日、性別、電話番号,ntf-indeedapplicant-aaaatulx77tci2k2pr5yeqapva@shukatsu-labo.slack.com,,,利用しない,,
募集中,株式会社テクノ・サービス,【未経験】検品・梱包作業/株式会社テクノ・サービス/立川営業所,倉庫作業スタッフ,20代活躍中◎ワークライフバランスも充実！！,,東京都 立川市 曙町,,,正社員,はい,月給,250000,,最低額を表示,なし,,,,,,,固定時間制,160,,厚生年金、健康保険、雇用保険、労災保険,,なし,,,,,,,,,,,,,,,,,,"空調が完備された綺麗な物流センター内で、人気ECサイトで販売されているアパレル商品・生活雑貨・コスメなどの「検品・梱包作業」を担当していただきます。
作業内容は非常にシンプルで、「商品を手に取る」「傷がないかチェックする」「箱や袋に詰める」という基本の3ステップが中心です。重いお荷物の持ち運びはほとんどなく、自分のペースでコツコツ・黙々と進められる軽作業です。
未経験からスタートしたスタッフが9割以上活躍中で、1日〜数日で覚えられる簡単な作業ばかりですので、バイトデビューや久しぶりのお仕事復帰の方も安心してスタートしていただけます。

■ 具体的なお仕事の流れ

1. 検品・チェック作業
入荷された商品や出荷前の商品に問題がないか、確認する作業です。

・外観の目視確認： 商品に傷や汚れ、ほつれ、パッケージの凹みなどが無いかを目視で丁寧にチェックします。
・数量・品番の照合： 納品書や手元のハンディ端末に表示されたデータと、目の前にある商品の種類・個数が合致しているか確認します。
・バーコードスキャン： バーコードリーダーを使って商品を「ピッと」読み取る作業です。機械の操作はスマホ感覚で直感的に行えるため、難しい設定や専門知識は一切不要です。

2. 梱包・箱詰め作業
検品が完了した商品を、お客様のもとへ無事にお届けできるよう綺麗に包んで箱に詰める作業です。

・袋詰め・緩衝材包装： 服やタオルなどの布製品を専用の透明袋に入れたり、壊れやすいコスメ・ガラス製品などをプチプチ（緩衝材）で包みます。
・箱詰め・セット作業： 指定のサイズに合わせたダンボール箱を組み立て、商品が途中で動かないよう丁寧に納めます。
・テープ留め・封かん： ダンボールのフタを閉じ、ガムテープでしっかり留めたら梱包完了です。

3. シール貼り・仕分け作業
出荷に向けた最後の仕上げ作業です。

・ラベル貼り： お届け先の伝票シールや、取扱注意シール（「水濡れ厳禁」「割れ物注意」など）を指定の位置へキレイに貼り付けます。
・出荷先ごとの仕分け： 梱包が終わった箱を、配送地域別や配送業者別に分けられた台車やコンテナへ移します。

■ 1日のタイムスケジュール例（日勤の場合）
09:00〜【朝礼・作業スタート】
本日の連絡事項を確認後、各自の作業台へ移動します。担当する作業（検品または梱包）をスタートします。

12:00〜【お昼休憩（60分）】
清潔な休憩室でランチタイム。電子レンジ・冷蔵庫・自動販売機も完備されており、お弁当の持参も自由です。

13:00〜【午後の作業再開】
午前の続きの作業を行います。自分のデスクで黙々と作業に集中できる時間です。

15:00〜【小休憩（15分）】
身体をほぐしたり水分補給をするリフレッシュタイム。集中力を保ちやすい環境が整っています。

15:15〜【出荷準備・最終仕上げ】
本日発送分の最終チェックと、作業スペースの清掃・整理整頓を行います。

18:00〜【作業終了・定時退勤】
残業は基本的にありません。定時になったら「お疲れ様でした！」とスッキリ帰宅できます。

■ 快適な作業環境と働きやすさのポイント
・1年中快適な空調完備： 冷暖房がしっかり効いたクリーンな倉庫なので、夏は涼しく、冬は暖かく快適に作業できます。
・身体に優しい軽作業： 扱う商品は衣類、コスメ、文房具、小型雑貨などがメインです。重量物の持ち上げ作業はありません。
・充実した設備： 個人用の鍵付きロッカーを完備。休憩室は広々としており、ポットや電子レンジ、フリーWi-Fiも自由に使えます。

■ 未経験者でも安心のサポート体制
入社初日は、安全に関する講習と作業の基本ルールについてのオリエンテーションからスタートします。
現場配属後は、専任の先輩スタッフがマンツーマンでついて実際の作業を見せながら丁寧にレクチャーします。

最初は「シールの貼り方」や「ダンボールの組み立て」といった、特に簡単な作業からお任せしますので、一度にたくさんのことを覚える必要はありません。
作業中に分からないことや迷うことがあっても、すぐ近くにリーダーや先輩スタッフが常駐しているため、「これってどうやるんでしたっけ？」といつでも気軽に質問できる安心の環境です。早ければ半日、遅くても2〜3日程度で一人立ちしてスムーズにお仕事を進められるようになります！","✅ 未経験スタート9割以上！簡単なシンプル作業です
「商品を手に取る」「キズがないか見る」「箱に入れる」など、覚えることはたったこれだけ！複雑な機械操作や難しいルールはありません。
先輩スタッフのほとんどが未経験からのスタートです。特別なスキルや経験は一切不要なので、初めてのアルバイトや久しぶりのお仕事復帰の方も安心してください。

✅ 自分のペースで黙々・コツコツ取り組める！
「接客が苦手…」「一人で集中して作業したい」という方にピッタリの環境です。
ノルマなどもなく、ご自身のペースで作業を進められるので、人間関係のストレスを感じることなくのびのびと働けます。

✅ 重い荷物なし！身体への負担が少ない軽作業
扱う商品は、衣服や生活雑貨、コスメなどの比較的軽いものが中心です。
重いダンボールを持ち運んだり、力仕事をお願いすることはほぼありませんので、年齢・性別問わず無理なく長く続けられるお仕事です。

✅ 空調完備のキレイな倉庫で、1年中快適♪
冷暖房がしっかり効いたクリーンな室内での作業です。
「夏は暑くて汗だく…」「冬は寒くて手がかじかむ…」といった心配は無用！季節や天候に関わらず、いつも快適な温度の中で気持ちよく作業に集中できます。

✅ 充実の設備＆働きやすい環境
鍵付きの個人ロッカーを完備しているほか、広々として清潔な休憩室もご用意しています。
休憩室には電子レンジ・冷蔵庫・ポット・自動販売機を完備しており、お弁当を持参してゆっくりくつろぐことも可能です。スタッフが過ごしやすい環境づくりに力を入れています！","例外事由3号のイにより、長期キャリア形成を図るため、
35歳以下を募集しております。","【勤務時間】
★9:00~18:00
└実働8時間/休憩1時間

定時ダッシュも問題ないです✧
✧ 土日祝休み
✧ 残業月平均:6.5時間以内
✧ 残業代100%支給","✧ 完全週休2日制(土日祝休み)
✧ 年間休日125日
「土日休みはマスト!」ってあなたにも
ぴったりの職場です!

【その他休暇】
✧ 有給休暇
✧ 夏季・冬季休暇
✧ GW休暇
✧ 年末年始休暇","東京都立川市曙町2-34-7 太平ビル4F

周辺エリアに勤務地多数あり！
お気軽にご相談ください。",立川営業所,"月給:25万円~+交通費全額支給

※経験に応じて決定いたします。

# 昇給あり
# 賞与あり
# 残業代100%支給
# 交通費支給","・社会保険完備
・住宅手当
・家賃補助
・退職金制度
・家族手当・扶養手当
・健康診断
・特別休暇
・資格取得支援制度","\\✧カジュアル面談実施中です✧/

応募に必要なのは人柄のみです!
まずはあなたのご希望を聞かせてください!

✩.。.....................。.✩
■ 応募からの流れ ■
✩.。.....................。.✩

▶STEP1WEBから1分簡単ご応募!
1~3日以内に担当者よりご連絡いたします。

▶ STEP2カジュアル面談(1回のみ)

▶STEP3採用

※入社日のご相談OKです◎
お気軽にご相談ください!",,即日勤務OK、交通費支給、残業なし,2,任意,生年月日、性別、電話番号,ntf-indeedapplicant-aaaatulx77tci2k2pr5yeqapva@shukatsu-labo.slack.com,,,利用しない,,
募集中,株式会社テクノ・サービス,【未経験】検品・梱包作業/株式会社テクノ・サービス/東京営業所,倉庫作業スタッフ,20代活躍中◎ワークライフバランスも充実！！,,東京都 豊島区 東池袋,,,正社員,はい,月給,250000,,最低額を表示,なし,,,,,,,固定時間制,160,,厚生年金、健康保険、雇用保険、労災保険,,なし,,,,,,,,,,,,,,,,,,"空調が完備された綺麗な物流センター内で、人気ECサイトで販売されているアパレル商品・生活雑貨・コスメなどの「検品・梱包作業」を担当していただきます。
作業内容は非常にシンプルで、「商品を手に取る」「傷がないかチェックする」「箱や袋に詰める」という基本の3ステップが中心です。重いお荷物の持ち運びはほとんどなく、自分のペースでコツコツ・黙々と進められる軽作業です。
未経験からスタートしたスタッフが9割以上活躍中で、1日〜数日で覚えられる簡単な作業ばかりですので、バイトデビューや久しぶりのお仕事復帰の方も安心してスタートしていただけます。

■ 具体的なお仕事の流れ

1. 検品・チェック作業
入荷された商品や出荷前の商品に問題がないか、確認する作業です。

・外観の目視確認： 商品に傷や汚れ、ほつれ、パッケージの凹みなどが無いかを目視で丁寧にチェックします。
・数量・品番の照合： 納品書や手元のハンディ端末に表示されたデータと、目の前にある商品の種類・個数が合致しているか確認します。
・バーコードスキャン： バーコードリーダーを使って商品を「ピッと」読み取る作業です。機械の操作はスマホ感覚で直感的に行えるため、難しい設定や専門知識は一切不要です。

2. 梱包・箱詰め作業
検品が完了した商品を、お客様のもとへ無事にお届けできるよう綺麗に包んで箱に詰める作業です。

・袋詰め・緩衝材包装： 服やタオルなどの布製品を専用の透明袋に入れたり、壊れやすいコスメ・ガラス製品などをプチプチ（緩衝材）で包みます。
・箱詰め・セット作業： 指定のサイズに合わせたダンボール箱を組み立て、商品が途中で動かないよう丁寧に納めます。
・テープ留め・封かん： ダンボールのフタを閉じ、ガムテープでしっかり留めたら梱包完了です。

3. シール貼り・仕分け作業
出荷に向けた最後の仕上げ作業です。

・ラベル貼り： お届け先の伝票シールや、取扱注意シール（「水濡れ厳禁」「割れ物注意」など）を指定の位置へキレイに貼り付けます。
・出荷先ごとの仕分け： 梱包が終わった箱を、配送地域別や配送業者別に分けられた台車やコンテナへ移します。

■ 1日のタイムスケジュール例（日勤の場合）
09:00〜【朝礼・作業スタート】
本日の連絡事項を確認後、各自の作業台へ移動します。担当する作業（検品または梱包）をスタートします。

12:00〜【お昼休憩（60分）】
清潔な休憩室でランチタイム。電子レンジ・冷蔵庫・自動販売機も完備されており、お弁当の持参も自由です。

13:00〜【午後の作業再開】
午前の続きの作業を行います。自分のデスクで黙々と作業に集中できる時間です。

15:00〜【小休憩（15分）】
身体をほぐしたり水分補給をするリフレッシュタイム。集中力を保ちやすい環境が整っています。

15:15〜【出荷準備・最終仕上げ】
本日発送分の最終チェックと、作業スペースの清掃・整理整頓を行います。

18:00〜【作業終了・定時退勤】
残業は基本的にありません。定時になったら「お疲れ様でした！」とスッキリ帰宅できます。

■ 快適な作業環境と働きやすさのポイント
・1年中快適な空調完備： 冷暖房がしっかり効いたクリーンな倉庫なので、夏は涼しく、冬は暖かく快適に作業できます。
・身体に優しい軽作業： 扱う商品は衣類、コスメ、文房具、小型雑貨などがメインです。重量物の持ち上げ作業はありません。
・充実した設備： 個人用の鍵付きロッカーを完備。休憩室は広々としており、ポットや電子レンジ、フリーWi-Fiも自由に使えます。

■ 未経験者でも安心のサポート体制
入社初日は、安全に関する講習と作業の基本ルールについてのオリエンテーションからスタートします。
現場配属後は、専任の先輩スタッフがマンツーマンでついて実際の作業を見せながら丁寧にレクチャーします。

最初は「シールの貼り方」や「ダンボールの組み立て」といった、特に簡単な作業からお任せしますので、一度にたくさんのことを覚える必要はありません。
作業中に分からないことや迷うことがあっても、すぐ近くにリーダーや先輩スタッフが常駐しているため、「これってどうやるんでしたっけ？」といつでも気軽に質問できる安心の環境です。早ければ半日、遅くても2〜3日程度で一人立ちしてスムーズにお仕事を進められるようになります！","✅ 未経験スタート9割以上！簡単なシンプル作業です
「商品を手に取る」「キズがないか見る」「箱に入れる」など、覚えることはたったこれだけ！複雑な機械操作や難しいルールはありません。
先輩スタッフのほとんどが未経験からのスタートです。特別なスキルや経験は一切不要なので、初めてのアルバイトや久しぶりのお仕事復帰の方も安心してください。

✅ 自分のペースで黙々・コツコツ取り組める！
「接客が苦手…」「一人で集中して作業したい」という方にピッタリの環境です。
ノルマなどもなく、ご自身のペースで作業を進められるので、人間関係のストレスを感じることなくのびのびと働けます。

✅ 重い荷物なし！身体への負担が少ない軽作業
扱う商品は、衣服や生活雑貨、コスメなどの比較的軽いものが中心です。
重いダンボールを持ち運んだり、力仕事をお願いすることはほぼありませんので、年齢・性別問わず無理なく長く続けられるお仕事です。

✅ 空調完備のキレイな倉庫で、1年中快適♪
冷暖房がしっかり効いたクリーンな室内での作業です。
「夏は暑くて汗だく…」「冬は寒くて手がかじかむ…」といった心配は無用！季節や天候に関わらず、いつも快適な温度の中で気持ちよく作業に集中できます。

✅ 充実の設備＆働きやすい環境
鍵付きの個人ロッカーを完備しているほか、広々として清潔な休憩室もご用意しています。
休憩室には電子レンジ・冷蔵庫・ポット・自動販売機を完備しており、お弁当を持参してゆっくりくつろぐことも可能です。スタッフが過ごしやすい環境づくりに力を入れています！","例外事由3号のイにより、長期キャリア形成を図るため、
35歳以下を募集しております。","【勤務時間】
★9:00~18:00
└実働8時間/休憩1時間

定時ダッシュも問題ないです✧
✧ 土日祝休み
✧ 残業月平均:6.5時間以内
✧ 残業代100%支給","✧ 完全週休2日制(土日祝休み)
✧ 年間休日125日
「土日休みはマスト!」ってあなたにも
ぴったりの職場です!

【その他休暇】
✧ 有給休暇
✧ 夏季・冬季休暇
✧ GW休暇
✧ 年末年始休暇","東京都豊島区東池袋1-21-11 オーク池袋ビル4F

周辺エリアに勤務地多数あり！
お気軽にご相談ください。",東京営業所,"月給:25万円~+交通費全額支給

※経験に応じて決定いたします。

# 昇給あり
# 賞与あり
# 残業代100%支給
# 交通費支給","・社会保険完備
・住宅手当
・家賃補助
・退職金制度
・家族手当・扶養手当
・健康診断
・特別休暇
・資格取得支援制度","\\✧カジュアル面談実施中です✧/

応募に必要なのは人柄のみです!
まずはあなたのご希望を聞かせてください!

✩.。.....................。.✩
■ 応募からの流れ ■
✩.。.....................。.✩

▶STEP1WEBから1分簡単ご応募!
1~3日以内に担当者よりご連絡いたします。

▶ STEP2カジュアル面談(1回のみ)

▶STEP3採用

※入社日のご相談OKです◎
お気軽にご相談ください!",,即日勤務OK、交通費支給、残業なし,2,任意,生年月日、性別、電話番号,ntf-indeedapplicant-aaaatulx77tci2k2pr5yeqapva@shukatsu-labo.slack.com,,,利用しない,,
募集中,株式会社テクノ・サービス,【未経験】検品・梱包作業/株式会社テクノ・サービス/成田営業所,倉庫作業スタッフ,20代活躍中◎ワークライフバランスも充実！！,,千葉県 成田市 花崎町,,,正社員,はい,月給,250000,,最低額を表示,なし,,,,,,,固定時間制,160,,厚生年金、健康保険、雇用保険、労災保険,,なし,,,,,,,,,,,,,,,,,,"空調が完備された綺麗な物流センター内で、人気ECサイトで販売されているアパレル商品・生活雑貨・コスメなどの「検品・梱包作業」を担当していただきます。
作業内容は非常にシンプルで、「商品を手に取る」「傷がないかチェックする」「箱や袋に詰める」という基本の3ステップが中心です。重いお荷物の持ち運びはほとんどなく、自分のペースでコツコツ・黙々と進められる軽作業です。
未経験からスタートしたスタッフが9割以上活躍中で、1日〜数日で覚えられる簡単な作業ばかりですので、バイトデビューや久しぶりのお仕事復帰の方も安心してスタートしていただけます。

■ 具体的なお仕事の流れ

1. 検品・チェック作業
入荷された商品や出荷前の商品に問題がないか、確認する作業です。

・外観の目視確認： 商品に傷や汚れ、ほつれ、パッケージの凹みなどが無いかを目視で丁寧にチェックします。
・数量・品番の照合： 納品書や手元のハンディ端末に表示されたデータと、目の前にある商品の種類・個数が合致しているか確認します。
・バーコードスキャン： バーコードリーダーを使って商品を「ピッと」読み取る作業です。機械の操作はスマホ感覚で直感的に行えるため、難しい設定や専門知識は一切不要です。

2. 梱包・箱詰め作業
検品が完了した商品を、お客様のもとへ無事にお届けできるよう綺麗に包んで箱に詰める作業です。

・袋詰め・緩衝材包装： 服やタオルなどの布製品を専用の透明袋に入れたり、壊れやすいコスメ・ガラス製品などをプチプチ（緩衝材）で包みます。
・箱詰め・セット作業： 指定のサイズに合わせたダンボール箱を組み立て、商品が途中で動かないよう丁寧に納めます。
・テープ留め・封かん： ダンボールのフタを閉じ、ガムテープでしっかり留めたら梱包完了です。

3. シール貼り・仕分け作業
出荷に向けた最後の仕上げ作業です。

・ラベル貼り： お届け先の伝票シールや、取扱注意シール（「水濡れ厳禁」「割れ物注意」など）を指定の位置へキレイに貼り付けます。
・出荷先ごとの仕分け： 梱包が終わった箱を、配送地域別や配送業者別に分けられた台車やコンテナへ移します。

■ 1日のタイムスケジュール例（日勤の場合）
09:00〜【朝礼・作業スタート】
本日の連絡事項を確認後、各自の作業台へ移動します。担当する作業（検品または梱包）をスタートします。

12:00〜【お昼休憩（60分）】
清潔な休憩室でランチタイム。電子レンジ・冷蔵庫・自動販売機も完備されており、お弁当の持参も自由です。

13:00〜【午後の作業再開】
午前の続きの作業を行います。自分のデスクで黙々と作業に集中できる時間です。

15:00〜【小休憩（15分）】
身体をほぐしたり水分補給をするリフレッシュタイム。集中力を保ちやすい環境が整っています。

15:15〜【出荷準備・最終仕上げ】
本日発送分の最終チェックと、作業スペースの清掃・整理整頓を行います。

18:00〜【作業終了・定時退勤】
残業は基本的にありません。定時になったら「お疲れ様でした！」とスッキリ帰宅できます。

■ 快適な作業環境と働きやすさのポイント
・1年中快適な空調完備： 冷暖房がしっかり効いたクリーンな倉庫なので、夏は涼しく、冬は暖かく快適に作業できます。
・身体に優しい軽作業： 扱う商品は衣類、コスメ、文房具、小型雑貨などがメインです。重量物の持ち上げ作業はありません。
・充実した設備： 個人用の鍵付きロッカーを完備。休憩室は広々としており、ポットや電子レンジ、フリーWi-Fiも自由に使えます。

■ 未経験者でも安心のサポート体制
入社初日は、安全に関する講習と作業の基本ルールについてのオリエンテーションからスタートします。
現場配属後は、専任の先輩スタッフがマンツーマンでついて実際の作業を見せながら丁寧にレクチャーします。

最初は「シールの貼り方」や「ダンボールの組み立て」といった、特に簡単な作業からお任せしますので、一度にたくさんのことを覚える必要はありません。
作業中に分からないことや迷うことがあっても、すぐ近くにリーダーや先輩スタッフが常駐しているため、「これってどうやるんでしたっけ？」といつでも気軽に質問できる安心の環境です。早ければ半日、遅くても2〜3日程度で一人立ちしてスムーズにお仕事を進められるようになります！","✅ 未経験スタート9割以上！簡単なシンプル作業です
「商品を手に取る」「キズがないか見る」「箱に入れる」など、覚えることはたったこれだけ！複雑な機械操作や難しいルールはありません。
先輩スタッフのほとんどが未経験からのスタートです。特別なスキルや経験は一切不要なので、初めてのアルバイトや久しぶりのお仕事復帰の方も安心してください。

✅ 自分のペースで黙々・コツコツ取り組める！
「接客が苦手…」「一人で集中して作業したい」という方にピッタリの環境です。
ノルマなどもなく、ご自身のペースで作業を進められるので、人間関係のストレスを感じることなくのびのびと働けます。

✅ 重い荷物なし！身体への負担が少ない軽作業
扱う商品は、衣服や生活雑貨、コスメなどの比較的軽いものが中心です。
重いダンボールを持ち運んだり、力仕事をお願いすることはほぼありませんので、年齢・性別問わず無理なく長く続けられるお仕事です。

✅ 空調完備のキレイな倉庫で、1年中快適♪
冷暖房がしっかり効いたクリーンな室内での作業です。
「夏は暑くて汗だく…」「冬は寒くて手がかじかむ…」といった心配は無用！季節や天候に関わらず、いつも快適な温度の中で気持ちよく作業に集中できます。

✅ 充実の設備＆働きやすい環境
鍵付きの個人ロッカーを完備しているほか、広々として清潔な休憩室もご用意しています。
休憩室には電子レンジ・冷蔵庫・ポット・自動販売機を完備しており、お弁当を持参してゆっくりくつろぐことも可能です。スタッフが過ごしやすい環境づくりに力を入れています！","例外事由3号のイにより、長期キャリア形成を図るため、
35歳以下を募集しております。","【勤務時間】
★9:00~18:00
└実働8時間/休憩1時間

定時ダッシュも問題ないです✧
✧ 土日祝休み
✧ 残業月平均:6.5時間以内
✧ 残業代100%支給","✧ 完全週休2日制(土日祝休み)
✧ 年間休日125日
「土日休みはマスト!」ってあなたにも
ぴったりの職場です!

【その他休暇】
✧ 有給休暇
✧ 夏季・冬季休暇
✧ GW休暇
✧ 年末年始休暇","千葉県成田市花崎町800-6 共和タウン1F

周辺エリアに勤務地多数あり！
お気軽にご相談ください。",成田営業所,"月給:25万円~+交通費全額支給

※経験に応じて決定いたします。

# 昇給あり
# 賞与あり
# 残業代100%支給
# 交通費支給","・社会保険完備
・住宅手当
・家賃補助
・退職金制度
・家族手当・扶養手当
・健康診断
・特別休暇
・資格取得支援制度","\\✧カジュアル面談実施中です✧/

応募に必要なのは人柄のみです!
まずはあなたのご希望を聞かせてください!

✩.。.....................。.✩
■ 応募からの流れ ■
✩.。.....................。.✩

▶STEP1WEBから1分簡単ご応募!
1~3日以内に担当者よりご連絡いたします。

▶ STEP2カジュアル面談(1回のみ)

▶STEP3採用

※入社日のご相談OKです◎
お気軽にご相談ください!",,即日勤務OK、交通費支給、残業なし,2,任意,生年月日、性別、電話番号,ntf-indeedapplicant-aaaatulx77tci2k2pr5yeqapva@shukatsu-labo.slack.com,,,利用しない,,
募集中,株式会社テクノ・サービス,【未経験】検品・梱包作業/株式会社テクノ・サービス/柏営業所,倉庫作業スタッフ,20代活躍中◎ワークライフバランスも充実！！,,千葉県 柏市 末広町,,,正社員,はい,月給,250000,,最低額を表示,なし,,,,,,,固定時間制,160,,厚生年金、健康保険、雇用保険、労災保険,,なし,,,,,,,,,,,,,,,,,,"空調が完備された綺麗な物流センター内で、人気ECサイトで販売されているアパレル商品・生活雑貨・コスメなどの「検品・梱包作業」を担当していただきます。
作業内容は非常にシンプルで、「商品を手に取る」「傷がないかチェックする」「箱や袋に詰める」という基本の3ステップが中心です。重いお荷物の持ち運びはほとんどなく、自分のペースでコツコツ・黙々と進められる軽作業です。
未経験からスタートしたスタッフが9割以上活躍中で、1日〜数日で覚えられる簡単な作業ばかりですので、バイトデビューや久しぶりのお仕事復帰の方も安心してスタートしていただけます。

■ 具体的なお仕事の流れ

1. 検品・チェック作業
入荷された商品や出荷前の商品に問題がないか、確認する作業です。

・外観の目視確認： 商品に傷や汚れ、ほつれ、パッケージの凹みなどが無いかを目視で丁寧にチェックします。
・数量・品番の照合： 納品書や手元のハンディ端末に表示されたデータと、目の前にある商品の種類・個数が合致しているか確認します。
・バーコードスキャン： バーコードリーダーを使って商品を「ピッと」読み取る作業です。機械の操作はスマホ感覚で直感的に行えるため、難しい設定や専門知識は一切不要です。

2. 梱包・箱詰め作業
検品が完了した商品を、お客様のもとへ無事にお届けできるよう綺麗に包んで箱に詰める作業です。

・袋詰め・緩衝材包装： 服やタオルなどの布製品を専用の透明袋に入れたり、壊れやすいコスメ・ガラス製品などをプチプチ（緩衝材）で包みます。
・箱詰め・セット作業： 指定のサイズに合わせたダンボール箱を組み立て、商品が途中で動かないよう丁寧に納めます。
・テープ留め・封かん： ダンボールのフタを閉じ、ガムテープでしっかり留めたら梱包完了です。

3. シール貼り・仕分け作業
出荷に向けた最後の仕上げ作業です。

・ラベル貼り： お届け先の伝票シールや、取扱注意シール（「水濡れ厳禁」「割れ物注意」など）を指定の位置へキレイに貼り付けます。
・出荷先ごとの仕分け： 梱包が終わった箱を、配送地域別や配送業者別に分けられた台車やコンテナへ移します。

■ 1日のタイムスケジュール例（日勤の場合）
09:00〜【朝礼・作業スタート】
本日の連絡事項を確認後、各自の作業台へ移動します。担当する作業（検品または梱包）をスタートします。

12:00〜【お昼休憩（60分）】
清潔な休憩室でランチタイム。電子レンジ・冷蔵庫・自動販売機も完備されており、お弁当の持参も自由です。

13:00〜【午後の作業再開】
午前の続きの作業を行います。自分のデスクで黙々と作業に集中できる時間です。

15:00〜【小休憩（15分）】
身体をほぐしたり水分補給をするリフレッシュタイム。集中力を保ちやすい環境が整っています。

15:15〜【出荷準備・最終仕上げ】
本日発送分の最終チェックと、作業スペースの清掃・整理整頓を行います。

18:00〜【作業終了・定時退勤】
残業は基本的にありません。定時になったら「お疲れ様でした！」とスッキリ帰宅できます。

■ 快適な作業環境と働きやすさのポイント
・1年中快適な空調完備： 冷暖房がしっかり効いたクリーンな倉庫なので、夏は涼しく、冬は暖かく快適に作業できます。
・身体に優しい軽作業： 扱う商品は衣類、コスメ、文房具、小型雑貨などがメインです。重量物の持ち上げ作業はありません。
・充実した設備： 個人用の鍵付きロッカーを完備。休憩室は広々としており、ポットや電子レンジ、フリーWi-Fiも自由に使えます。

■ 未経験者でも安心のサポート体制
入社初日は、安全に関する講習と作業の基本ルールについてのオリエンテーションからスタートします。
現場配属後は、専任の先輩スタッフがマンツーマンでついて実際の作業を見せながら丁寧にレクチャーします。

最初は「シールの貼り方」や「ダンボールの組み立て」といった、特に簡単な作業からお任せしますので、一度にたくさんのことを覚える必要はありません。
作業中に分からないことや迷うことがあっても、すぐ近くにリーダーや先輩スタッフが常駐しているため、「これってどうやるんでしたっけ？」といつでも気軽に質問できる安心の環境です。早ければ半日、遅くても2〜3日程度で一人立ちしてスムーズにお仕事を進められるようになります！","✅ 未経験スタート9割以上！簡単なシンプル作業です
「商品を手に取る」「キズがないか見る」「箱に入れる」など、覚えることはたったこれだけ！複雑な機械操作や難しいルールはありません。
先輩スタッフのほとんどが未経験からのスタートです。特別なスキルや経験は一切不要なので、初めてのアルバイトや久しぶりのお仕事復帰の方も安心してください。

✅ 自分のペースで黙々・コツコツ取り組める！
「接客が苦手…」「一人で集中して作業したい」という方にピッタリの環境です。
ノルマなどもなく、ご自身のペースで作業を進められるので、人間関係のストレスを感じることなくのびのびと働けます。

✅ 重い荷物なし！身体への負担が少ない軽作業
扱う商品は、衣服や生活雑貨、コスメなどの比較的軽いものが中心です。
重いダンボールを持ち運んだり、力仕事をお願いすることはほぼありませんので、年齢・性別問わず無理なく長く続けられるお仕事です。

✅ 空調完備のキレイな倉庫で、1年中快適♪
冷暖房がしっかり効いたクリーンな室内での作業です。
「夏は暑くて汗だく…」「冬は寒くて手がかじかむ…」といった心配は無用！季節や天候に関わらず、いつも快適な温度の中で気持ちよく作業に集中できます。

✅ 充実の設備＆働きやすい環境
鍵付きの個人ロッカーを完備しているほか、広々として清潔な休憩室もご用意しています。
休憩室には電子レンジ・冷蔵庫・ポット・自動販売機を完備しており、お弁当を持参してゆっくりくつろぐことも可能です。スタッフが過ごしやすい環境づくりに力を入れています！","例外事由3号のイにより、長期キャリア形成を図るため、
35歳以下を募集しております。","【勤務時間】
★9:00~18:00
└実働8時間/休憩1時間

定時ダッシュも問題ないです✧
✧ 土日祝休み
✧ 残業月平均:6.5時間以内
✧ 残業代100%支給","✧ 完全週休2日制(土日祝休み)
✧ 年間休日125日
「土日休みはマスト!」ってあなたにも
ぴったりの職場です!

【その他休暇】
✧ 有給休暇
✧ 夏季・冬季休暇
✧ GW休暇
✧ 年末年始休暇","千葉県柏市末広町5-19 第2マツムラビル4F

周辺エリアに勤務地多数あり！
お気軽にご相談ください。",柏営業所,"月給:25万円~+交通費全額支給

※経験に応じて決定いたします。

# 昇給あり
# 賞与あり
# 残業代100%支給
# 交通費支給","・社会保険完備
・住宅手当
・家賃補助
・退職金制度
・家族手当・扶養手当
・健康診断
・特別休暇
・資格取得支援制度","\\✧カジュアル面談実施中です✧/

応募に必要なのは人柄のみです!
まずはあなたのご希望を聞かせてください!

✩.。.....................。.✩
■ 応募からの流れ ■
✩.。.....................。.✩

▶STEP1WEBから1分簡単ご応募!
1~3日以内に担当者よりご連絡いたします。

▶ STEP2カジュアル面談(1回のみ)

▶STEP3採用

※入社日のご相談OKです◎
お気軽にご相談ください!",,即日勤務OK、交通費支給、残業なし,2,任意,生年月日、性別、電話番号,ntf-indeedapplicant-aaaatulx77tci2k2pr5yeqapva@shukatsu-labo.slack.com,,,利用しない,,
募集中,株式会社テクノ・サービス,【未経験】検品・梱包作業/株式会社テクノ・サービス/千葉営業所,倉庫作業スタッフ,20代活躍中◎ワークライフバランスも充実！！,,千葉県 千葉市 中央区 新町,,,正社員,はい,月給,250000,,最低額を表示,なし,,,,,,,固定時間制,160,,厚生年金、健康保険、雇用保険、労災保険,,なし,,,,,,,,,,,,,,,,,,"空調が完備された綺麗な物流センター内で、人気ECサイトで販売されているアパレル商品・生活雑貨・コスメなどの「検品・梱包作業」を担当していただきます。
作業内容は非常にシンプルで、「商品を手に取る」「傷がないかチェックする」「箱や袋に詰める」という基本の3ステップが中心です。重いお荷物の持ち運びはほとんどなく、自分のペースでコツコツ・黙々と進められる軽作業です。
未経験からスタートしたスタッフが9割以上活躍中で、1日〜数日で覚えられる簡単な作業ばかりですので、バイトデビューや久しぶりのお仕事復帰の方も安心してスタートしていただけます。

■ 具体的なお仕事の流れ

1. 検品・チェック作業
入荷された商品や出荷前の商品に問題がないか、確認する作業です。

・外観の目視確認： 商品に傷や汚れ、ほつれ、パッケージの凹みなどが無いかを目視で丁寧にチェックします。
・数量・品番の照合： 納品書や手元のハンディ端末に表示されたデータと、目の前にある商品の種類・個数が合致しているか確認します。
・バーコードスキャン： バーコードリーダーを使って商品を「ピッと」読み取る作業です。機械の操作はスマホ感覚で直感的に行えるため、難しい設定や専門知識は一切不要です。

2. 梱包・箱詰め作業
検品が完了した商品を、お客様のもとへ無事にお届けできるよう綺麗に包んで箱に詰める作業です。

・袋詰め・緩衝材包装： 服やタオルなどの布製品を専用の透明袋に入れたり、壊れやすいコスメ・ガラス製品などをプチプチ（緩衝材）で包みます。
・箱詰め・セット作業： 指定のサイズに合わせたダンボール箱を組み立て、商品が途中で動かないよう丁寧に納めます。
・テープ留め・封かん： ダンボールのフタを閉じ、ガムテープでしっかり留めたら梱包完了です。

3. シール貼り・仕分け作業
出荷に向けた最後の仕上げ作業です。

・ラベル貼り： お届け先の伝票シールや、取扱注意シール（「水濡れ厳禁」「割れ物注意」など）を指定の位置へキレイに貼り付けます。
・出荷先ごとの仕分け： 梱包が終わった箱を、配送地域別や配送業者別に分けられた台車やコンテナへ移します。

■ 1日のタイムスケジュール例（日勤の場合）
09:00〜【朝礼・作業スタート】
本日の連絡事項を確認後、各自の作業台へ移動します。担当する作業（検品または梱包）をスタートします。

12:00〜【お昼休憩（60分）】
清潔な休憩室でランチタイム。電子レンジ・冷蔵庫・自動販売機も完備されており、お弁当の持参も自由です。

13:00〜【午後の作業再開】
午前の続きの作業を行います。自分のデスクで黙々と作業に集中できる時間です。

15:00〜【小休憩（15分）】
身体をほぐしたり水分補給をするリフレッシュタイム。集中力を保ちやすい環境が整っています。

15:15〜【出荷準備・最終仕上げ】
本日発送分の最終チェックと、作業スペースの清掃・整理整頓を行います。

18:00〜【作業終了・定時退勤】
残業は基本的にありません。定時になったら「お疲れ様でした！」とスッキリ帰宅できます。

■ 快適な作業環境と働きやすさのポイント
・1年中快適な空調完備： 冷暖房がしっかり効いたクリーンな倉庫なので、夏は涼しく、冬は暖かく快適に作業できます。
・身体に優しい軽作業： 扱う商品は衣類、コスメ、文房具、小型雑貨などがメインです。重量物の持ち上げ作業はありません。
・充実した設備： 個人用の鍵付きロッカーを完備。休憩室は広々としており、ポットや電子レンジ、フリーWi-Fiも自由に使えます。

■ 未経験者でも安心のサポート体制
入社初日は、安全に関する講習と作業の基本ルールについてのオリエンテーションからスタートします。
現場配属後は、専任の先輩スタッフがマンツーマンでついて実際の作業を見せながら丁寧にレクチャーします。

最初は「シールの貼り方」や「ダンボールの組み立て」といった、特に簡単な作業からお任せしますので、一度にたくさんのことを覚える必要はありません。
作業中に分からないことや迷うことがあっても、すぐ近くにリーダーや先輩スタッフが常駐しているため、「これってどうやるんでしたっけ？」といつでも気軽に質問できる安心の環境です。早ければ半日、遅くても2〜3日程度で一人立ちしてスムーズにお仕事を進められるようになります！","✅ 未経験スタート9割以上！簡単なシンプル作業です
「商品を手に取る」「キズがないか見る」「箱に入れる」など、覚えることはたったこれだけ！複雑な機械操作や難しいルールはありません。
先輩スタッフのほとんどが未経験からのスタートです。特別なスキルや経験は一切不要なので、初めてのアルバイトや久しぶりのお仕事復帰の方も安心してください。

✅ 自分のペースで黙々・コツコツ取り組める！
「接客が苦手…」「一人で集中して作業したい」という方にピッタリの環境です。
ノルマなどもなく、ご自身のペースで作業を進められるので、人間関係のストレスを感じることなくのびのびと働けます。

✅ 重い荷物なし！身体への負担が少ない軽作業
扱う商品は、衣服や生活雑貨、コスメなどの比較的軽いものが中心です。
重いダンボールを持ち運んだり、力仕事をお願いすることはほぼありませんので、年齢・性別問わず無理なく長く続けられるお仕事です。

✅ 空調完備のキレイな倉庫で、1年中快適♪
冷暖房がしっかり効いたクリーンな室内での作業です。
「夏は暑くて汗だく…」「冬は寒くて手がかじかむ…」といった心配は無用！季節や天候に関わらず、いつも快適な温度の中で気持ちよく作業に集中できます。

✅ 充実の設備＆働きやすい環境
鍵付きの個人ロッカーを完備しているほか、広々として清潔な休憩室もご用意しています。
休憩室には電子レンジ・冷蔵庫・ポット・自動販売機を完備しており、お弁当を持参してゆっくりくつろぐことも可能です。スタッフが過ごしやすい環境づくりに力を入れています！","例外事由3号のイにより、長期キャリア形成を図るため、
35歳以下を募集しております。","【勤務時間】
★9:00~18:00
└実働8時間/休憩1時間

定時ダッシュも問題ないです✧
✧ 土日祝休み
✧ 残業月平均:6.5時間以内
✧ 残業代100%支給","✧ 完全週休2日制(土日祝休み)
✧ 年間休日125日
「土日休みはマスト!」ってあなたにも
ぴったりの職場です!

【その他休暇】
✧ 有給休暇
✧ 夏季・冬季休暇
✧ GW休暇
✧ 年末年始休暇","千葉県千葉市中央区新町3-13 千葉TNビル1F

周辺エリアに勤務地多数あり！
お気軽にご相談ください。",千葉営業所,"月給:25万円~+交通費全額支給

※経験に応じて決定いたします。

# 昇給あり
# 賞与あり
# 残業代100%支給
# 交通費支給","・社会保険完備
・住宅手当
・家賃補助
・退職金制度
・家族手当・扶養手当
・健康診断
・特別休暇
・資格取得支援制度","\\✧カジュアル面談実施中です✧/

応募に必要なのは人柄のみです!
まずはあなたのご希望を聞かせてください!

✩.。.....................。.✩
■ 応募からの流れ ■
✩.。.....................。.✩

▶STEP1WEBから1分簡単ご応募!
1~3日以内に担当者よりご連絡いたします。

▶ STEP2カジュアル面談(1回のみ)

▶STEP3採用

※入社日のご相談OKです◎
お気軽にご相談ください!",,即日勤務OK、交通費支給、残業なし,2,任意,生年月日、性別、電話番号,ntf-indeedapplicant-aaaatulx77tci2k2pr5yeqapva@shukatsu-labo.slack.com,,,利用しない,,
募集中,株式会社テクノ・サービス,【未経験】検品・梱包作業/株式会社テクノ・サービス/熊谷営業所,倉庫作業スタッフ,20代活躍中◎ワークライフバランスも充実！！,,埼玉県 熊谷市 筑波,,,正社員,はい,月給,250000,,最低額を表示,なし,,,,,,,固定時間制,160,,厚生年金、健康保険、雇用保険、労災保険,,なし,,,,,,,,,,,,,,,,,,"空調が完備された綺麗な物流センター内で、人気ECサイトで販売されているアパレル商品・生活雑貨・コスメなどの「検品・梱包作業」を担当していただきます。
作業内容は非常にシンプルで、「商品を手に取る」「傷がないかチェックする」「箱や袋に詰める」という基本の3ステップが中心です。重いお荷物の持ち運びはほとんどなく、自分のペースでコツコツ・黙々と進められる軽作業です。
未経験からスタートしたスタッフが9割以上活躍中で、1日〜数日で覚えられる簡単な作業ばかりですので、バイトデビューや久しぶりのお仕事復帰の方も安心してスタートしていただけます。

■ 具体的なお仕事の流れ

1. 検品・チェック作業
入荷された商品や出荷前の商品に問題がないか、確認する作業です。

・外観の目視確認： 商品に傷や汚れ、ほつれ、パッケージの凹みなどが無いかを目視で丁寧にチェックします。
・数量・品番の照合： 納品書や手元のハンディ端末に表示されたデータと、目の前にある商品の種類・個数が合致しているか確認します。
・バーコードスキャン： バーコードリーダーを使って商品を「ピッと」読み取る作業です。機械の操作はスマホ感覚で直感的に行えるため、難しい設定や専門知識は一切不要です。

2. 梱包・箱詰め作業
検品が完了した商品を、お客様のもとへ無事にお届けできるよう綺麗に包んで箱に詰める作業です。

・袋詰め・緩衝材包装： 服やタオルなどの布製品を専用の透明袋に入れたり、壊れやすいコスメ・ガラス製品などをプチプチ（緩衝材）で包みます。
・箱詰め・セット作業： 指定のサイズに合わせたダンボール箱を組み立て、商品が途中で動かないよう丁寧に納めます。
・テープ留め・封かん： ダンボールのフタを閉じ、ガムテープでしっかり留めたら梱包完了です。

3. シール貼り・仕分け作業
出荷に向けた最後の仕上げ作業です。

・ラベル貼り： お届け先の伝票シールや、取扱注意シール（「水濡れ厳禁」「割れ物注意」など）を指定の位置へキレイに貼り付けます。
・出荷先ごとの仕分け： 梱包が終わった箱を、配送地域別や配送業者別に分けられた台車やコンテナへ移します。

■ 1日のタイムスケジュール例（日勤の場合）
09:00〜【朝礼・作業スタート】
本日の連絡事項を確認後、各自の作業台へ移動します。担当する作業（検品または梱包）をスタートします。

12:00〜【お昼休憩（60分）】
清潔な休憩室でランチタイム。電子レンジ・冷蔵庫・自動販売機も完備されており、お弁当の持参も自由です。

13:00〜【午後の作業再開】
午前の続きの作業を行います。自分のデスクで黙々と作業に集中できる時間です。

15:00〜【小休憩（15分）】
身体をほぐしたり水分補給をするリフレッシュタイム。集中力を保ちやすい環境が整っています。

15:15〜【出荷準備・最終仕上げ】
本日発送分の最終チェックと、作業スペースの清掃・整理整頓を行います。

18:00〜【作業終了・定時退勤】
残業は基本的にありません。定時になったら「お疲れ様でした！」とスッキリ帰宅できます。

■ 快適な作業環境と働きやすさのポイント
・1年中快適な空調完備： 冷暖房がしっかり効いたクリーンな倉庫なので、夏は涼しく、冬は暖かく快適に作業できます。
・身体に優しい軽作業： 扱う商品は衣類、コスメ、文房具、小型雑貨などがメインです。重量物の持ち上げ作業はありません。
・充実した設備： 個人用の鍵付きロッカーを完備。休憩室は広々としており、ポットや電子レンジ、フリーWi-Fiも自由に使えます。

■ 未経験者でも安心のサポート体制
入社初日は、安全に関する講習と作業の基本ルールについてのオリエンテーションからスタートします。
現場配属後は、専任の先輩スタッフがマンツーマンでついて実際の作業を見せながら丁寧にレクチャーします。

最初は「シールの貼り方」や「ダンボールの組み立て」といった、特に簡単な作業からお任せしますので、一度にたくさんのことを覚える必要はありません。
作業中に分からないことや迷うことがあっても、すぐ近くにリーダーや先輩スタッフが常駐しているため、「これってどうやるんでしたっけ？」といつでも気軽に質問できる安心の環境です。早ければ半日、遅くても2〜3日程度で一人立ちしてスムーズにお仕事を進められるようになります！","✅ 未経験スタート9割以上！簡単なシンプル作業です
「商品を手に取る」「キズがないか見る」「箱に入れる」など、覚えることはたったこれだけ！複雑な機械操作や難しいルールはありません。
先輩スタッフのほとんどが未経験からのスタートです。特別なスキルや経験は一切不要なので、初めてのアルバイトや久しぶりのお仕事復帰の方も安心してください。

✅ 自分のペースで黙々・コツコツ取り組める！
「接客が苦手…」「一人で集中して作業したい」という方にピッタリの環境です。
ノルマなどもなく、ご自身のペースで作業を進められるので、人間関係のストレスを感じることなくのびのびと働けます。

✅ 重い荷物なし！身体への負担が少ない軽作業
扱う商品は、衣服や生活雑貨、コスメなどの比較的軽いものが中心です。
重いダンボールを持ち運んだり、力仕事をお願いすることはほぼありませんので、年齢・性別問わず無理なく長く続けられるお仕事です。

✅ 空調完備のキレイな倉庫で、1年中快適♪
冷暖房がしっかり効いたクリーンな室内での作業です。
「夏は暑くて汗だく…」「冬は寒くて手がかじかむ…」といった心配は無用！季節や天候に関わらず、いつも快適な温度の中で気持ちよく作業に集中できます。

✅ 充実の設備＆働きやすい環境
鍵付きの個人ロッカーを完備しているほか、広々として清潔な休憩室もご用意しています。
休憩室には電子レンジ・冷蔵庫・ポット・自動販売機を完備しており、お弁当を持参してゆっくりくつろぐことも可能です。スタッフが過ごしやすい環境づくりに力を入れています！","例外事由3号のイにより、長期キャリア形成を図るため、
35歳以下を募集しております。","【勤務時間】
★9:00~18:00
└実働8時間/休憩1時間

定時ダッシュも問題ないです✧
✧ 土日祝休み
✧ 残業月平均:6.5時間以内
✧ 残業代100%支給","✧ 完全週休2日制(土日祝休み)
✧ 年間休日125日
「土日休みはマスト!」ってあなたにも
ぴったりの職場です!

【その他休暇】
✧ 有給休暇
✧ 夏季・冬季休暇
✧ GW休暇
✧ 年末年始休暇","埼玉県熊谷市筑波3-4 熊谷第2ビル4F

周辺エリアに勤務地多数あり！
お気軽にご相談ください。",熊谷営業所,"月給:25万円~+交通費全額支給

※経験に応じて決定いたします。

# 昇給あり
# 賞与あり
# 残業代100%支給
# 交通費支給","・社会保険完備
・住宅手当
・家賃補助
・退職金制度
・家族手当・扶養手当
・健康診断
・特別休暇
・資格取得支援制度","\\✧カジュアル面談実施中です✧/

応募に必要なのは人柄のみです!
まずはあなたのご希望を聞かせてください!

✩.。.....................。.✩
■ 応募からの流れ ■
✩.。.....................。.✩

▶STEP1WEBから1分簡単ご応募!
1~3日以内に担当者よりご連絡いたします。

▶ STEP2カジュアル面談(1回のみ)

▶STEP3採用

※入社日のご相談OKです◎
お気軽にご相談ください!",,即日勤務OK、交通費支給、残業なし,2,任意,生年月日、性別、電話番号,ntf-indeedapplicant-aaaatulx77tci2k2pr5yeqapva@shukatsu-labo.slack.com,,,利用しない,,
募集中,株式会社テクノ・サービス,【未経験】検品・梱包作業/株式会社テクノ・サービス/川越営業所,倉庫作業スタッフ,20代活躍中◎ワークライフバランスも充実！！,,埼玉県 川越市 脇田本町,,,正社員,はい,月給,250000,,最低額を表示,なし,,,,,,,固定時間制,160,,厚生年金、健康保険、雇用保険、労災保険,,なし,,,,,,,,,,,,,,,,,,"空調が完備された綺麗な物流センター内で、人気ECサイトで販売されているアパレル商品・生活雑貨・コスメなどの「検品・梱包作業」を担当していただきます。
作業内容は非常にシンプルで、「商品を手に取る」「傷がないかチェックする」「箱や袋に詰める」という基本の3ステップが中心です。重いお荷物の持ち運びはほとんどなく、自分のペースでコツコツ・黙々と進められる軽作業です。
未経験からスタートしたスタッフが9割以上活躍中で、1日〜数日で覚えられる簡単な作業ばかりですので、バイトデビューや久しぶりのお仕事復帰の方も安心してスタートしていただけます。

■ 具体的なお仕事の流れ

1. 検品・チェック作業
入荷された商品や出荷前の商品に問題がないか、確認する作業です。

・外観の目視確認： 商品に傷や汚れ、ほつれ、パッケージの凹みなどが無いかを目視で丁寧にチェックします。
・数量・品番の照合： 納品書や手元のハンディ端末に表示されたデータと、目の前にある商品の種類・個数が合致しているか確認します。
・バーコードスキャン： バーコードリーダーを使って商品を「ピッと」読み取る作業です。機械の操作はスマホ感覚で直感的に行えるため、難しい設定や専門知識は一切不要です。

2. 梱包・箱詰め作業
検品が完了した商品を、お客様のもとへ無事にお届けできるよう綺麗に包んで箱に詰める作業です。

・袋詰め・緩衝材包装： 服やタオルなどの布製品を専用の透明袋に入れたり、壊れやすいコスメ・ガラス製品などをプチプチ（緩衝材）で包みます。
・箱詰め・セット作業： 指定のサイズに合わせたダンボール箱を組み立て、商品が途中で動かないよう丁寧に納めます。
・テープ留め・封かん： ダンボールのフタを閉じ、ガムテープでしっかり留めたら梱包完了です。

3. シール貼り・仕分け作業
出荷に向けた最後の仕上げ作業です。

・ラベル貼り： お届け先の伝票シールや、取扱注意シール（「水濡れ厳禁」「割れ物注意」など）を指定の位置へキレイに貼り付けます。
・出荷先ごとの仕分け： 梱包が終わった箱を、配送地域別や配送業者別に分けられた台車やコンテナへ移します。

■ 1日のタイムスケジュール例（日勤の場合）
09:00〜【朝礼・作業スタート】
本日の連絡事項を確認後、各自の作業台へ移動します。担当する作業（検品または梱包）をスタートします。

12:00〜【お昼休憩（60分）】
清潔な休憩室でランチタイム。電子レンジ・冷蔵庫・自動販売機も完備されており、お弁当の持参も自由です。

13:00〜【午後の作業再開】
午前の続きの作業を行います。自分のデスクで黙々と作業に集中できる時間です。

15:00〜【小休憩（15分）】
身体をほぐしたり水分補給をするリフレッシュタイム。集中力を保ちやすい環境が整っています。

15:15〜【出荷準備・最終仕上げ】
本日発送分の最終チェックと、作業スペースの清掃・整理整頓を行います。

18:00〜【作業終了・定時退勤】
残業は基本的にありません。定時になったら「お疲れ様でした！」とスッキリ帰宅できます。

■ 快適な作業環境と働きやすさのポイント
・1年中快適な空調完備： 冷暖房がしっかり効いたクリーンな倉庫なので、夏は涼しく、冬は暖かく快適に作業できます。
・身体に優しい軽作業： 扱う商品は衣類、コスメ、文房具、小型雑貨などがメインです。重量物の持ち上げ作業はありません。
・充実した設備： 個人用の鍵付きロッカーを完備。休憩室は広々としており、ポットや電子レンジ、フリーWi-Fiも自由に使えます。

■ 未経験者でも安心のサポート体制
入社初日は、安全に関する講習と作業の基本ルールについてのオリエンテーションからスタートします。
現場配属後は、専任の先輩スタッフがマンツーマンでついて実際の作業を見せながら丁寧にレクチャーします。

最初は「シールの貼り方」や「ダンボールの組み立て」といった、特に簡単な作業からお任せしますので、一度にたくさんのことを覚える必要はありません。
作業中に分からないことや迷うことがあっても、すぐ近くにリーダーや先輩スタッフが常駐しているため、「これってどうやるんでしたっけ？」といつでも気軽に質問できる安心の環境です。早ければ半日、遅くても2〜3日程度で一人立ちしてスムーズにお仕事を進められるようになります！","✅ 未経験スタート9割以上！簡単なシンプル作業です
「商品を手に取る」「キズがないか見る」「箱に入れる」など、覚えることはたったこれだけ！複雑な機械操作や難しいルールはありません。
先輩スタッフのほとんどが未経験からのスタートです。特別なスキルや経験は一切不要なので、初めてのアルバイトや久しぶりのお仕事復帰の方も安心してください。

✅ 自分のペースで黙々・コツコツ取り組める！
「接客が苦手…」「一人で集中して作業したい」という方にピッタリの環境です。
ノルマなどもなく、ご自身のペースで作業を進められるので、人間関係のストレスを感じることなくのびのびと働けます。

✅ 重い荷物なし！身体への負担が少ない軽作業
扱う商品は、衣服や生活雑貨、コスメなどの比較的軽いものが中心です。
重いダンボールを持ち運んだり、力仕事をお願いすることはほぼありませんので、年齢・性別問わず無理なく長く続けられるお仕事です。

✅ 空調完備のキレイな倉庫で、1年中快適♪
冷暖房がしっかり効いたクリーンな室内での作業です。
「夏は暑くて汗だく…」「冬は寒くて手がかじかむ…」といった心配は無用！季節や天候に関わらず、いつも快適な温度の中で気持ちよく作業に集中できます。

✅ 充実の設備＆働きやすい環境
鍵付きの個人ロッカーを完備しているほか、広々として清潔な休憩室もご用意しています。
休憩室には電子レンジ・冷蔵庫・ポット・自動販売機を完備しており、お弁当を持参してゆっくりくつろぐことも可能です。スタッフが過ごしやすい環境づくりに力を入れています！","例外事由3号のイにより、長期キャリア形成を図るため、
35歳以下を募集しております。","【勤務時間】
★9:00~18:00
└実働8時間/休憩1時間

定時ダッシュも問題ないです✧
✧ 土日祝休み
✧ 残業月平均:6.5時間以内
✧ 残業代100%支給","✧ 完全週休2日制(土日祝休み)
✧ 年間休日125日
「土日休みはマスト!」ってあなたにも
ぴったりの職場です!

【その他休暇】
✧ 有給休暇
✧ 夏季・冬季休暇
✧ GW休暇
✧ 年末年始休暇","埼玉県川越市脇田本町15-13 東上パールビル6F

周辺エリアに勤務地多数あり！
お気軽にご相談ください。",川越営業所,"月給:25万円~+交通費全額支給

※経験に応じて決定いたします。

# 昇給あり
# 賞与あり
# 残業代100%支給
# 交通費支給","・社会保険完備
・住宅手当
・家賃補助
・退職金制度
・家族手当・扶養手当
・健康診断
・特別休暇
・資格取得支援制度","\\✧カジュアル面談実施中です✧/

応募に必要なのは人柄のみです!
まずはあなたのご希望を聞かせてください!

✩.。.....................。.✩
■ 応募からの流れ ■
✩.。.....................。.✩

▶STEP1WEBから1分簡単ご応募!
1~3日以内に担当者よりご連絡いたします。

▶ STEP2カジュアル面談(1回のみ)

▶STEP3採用

※入社日のご相談OKです◎
お気軽にご相談ください!",,即日勤務OK、交通費支給、残業なし,2,任意,生年月日、性別、電話番号,ntf-indeedapplicant-aaaatulx77tci2k2pr5yeqapva@shukatsu-labo.slack.com,,,利用しない,,
募集中,株式会社テクノ・サービス,【未経験】検品・梱包作業/株式会社テクノ・サービス/越谷営業所,倉庫作業スタッフ,20代活躍中◎ワークライフバランスも充実！！,,埼玉県 越谷市 南越谷,,,正社員,はい,月給,250000,,最低額を表示,なし,,,,,,,固定時間制,160,,厚生年金、健康保険、雇用保険、労災保険,,なし,,,,,,,,,,,,,,,,,,"空調が完備された綺麗な物流センター内で、人気ECサイトで販売されているアパレル商品・生活雑貨・コスメなどの「検品・梱包作業」を担当していただきます。
作業内容は非常にシンプルで、「商品を手に取る」「傷がないかチェックする」「箱や袋に詰める」という基本の3ステップが中心です。重いお荷物の持ち運びはほとんどなく、自分のペースでコツコツ・黙々と進められる軽作業です。
未経験からスタートしたスタッフが9割以上活躍中で、1日〜数日で覚えられる簡単な作業ばかりですので、バイトデビューや久しぶりのお仕事復帰の方も安心してスタートしていただけます。

■ 具体的なお仕事の流れ

1. 検品・チェック作業
入荷された商品や出荷前の商品に問題がないか、確認する作業です。

・外観の目視確認： 商品に傷や汚れ、ほつれ、パッケージの凹みなどが無いかを目視で丁寧にチェックします。
・数量・品番の照合： 納品書や手元のハンディ端末に表示されたデータと、目の前にある商品の種類・個数が合致しているか確認します。
・バーコードスキャン： バーコードリーダーを使って商品を「ピッと」読み取る作業です。機械の操作はスマホ感覚で直感的に行えるため、難しい設定や専門知識は一切不要です。

2. 梱包・箱詰め作業
検品が完了した商品を、お客様のもとへ無事にお届けできるよう綺麗に包んで箱に詰める作業です。

・袋詰め・緩衝材包装： 服やタオルなどの布製品を専用の透明袋に入れたり、壊れやすいコスメ・ガラス製品などをプチプチ（緩衝材）で包みます。
・箱詰め・セット作業： 指定のサイズに合わせたダンボール箱を組み立て、商品が途中で動かないよう丁寧に納めます。
・テープ留め・封かん： ダンボールのフタを閉じ、ガムテープでしっかり留めたら梱包完了です。

3. シール貼り・仕分け作業
出荷に向けた最後の仕上げ作業です。

・ラベル貼り： お届け先の伝票シールや、取扱注意シール（「水濡れ厳禁」「割れ物注意」など）を指定の位置へキレイに貼り付けます。
・出荷先ごとの仕分け： 梱包が終わった箱を、配送地域別や配送業者別に分けられた台車やコンテナへ移します。

■ 1日のタイムスケジュール例（日勤の場合）
09:00〜【朝礼・作業スタート】
本日の連絡事項を確認後、各自の作業台へ移動します。担当する作業（検品または梱包）をスタートします。

12:00〜【お昼休憩（60分）】
清潔な休憩室でランチタイム。電子レンジ・冷蔵庫・自動販売機も完備されており、お弁当の持参も自由です。

13:00〜【午後の作業再開】
午前の続きの作業を行います。自分のデスクで黙々と作業に集中できる時間です。

15:00〜【小休憩（15分）】
身体をほぐしたり水分補給をするリフレッシュタイム。集中力を保ちやすい環境が整っています。

15:15〜【出荷準備・最終仕上げ】
本日発送分の最終チェックと、作業スペースの清掃・整理整頓を行います。

18:00〜【作業終了・定時退勤】
残業は基本的にありません。定時になったら「お疲れ様でした！」とスッキリ帰宅できます。

■ 快適な作業環境と働きやすさのポイント
・1年中快適な空調完備： 冷暖房がしっかり効いたクリーンな倉庫なので、夏は涼しく、冬は暖かく快適に作業できます。
・身体に優しい軽作業： 扱う商品は衣類、コスメ、文房具、小型雑貨などがメインです。重量物の持ち上げ作業はありません。
・充実した設備： 個人用の鍵付きロッカーを完備。休憩室は広々としており、ポットや電子レンジ、フリーWi-Fiも自由に使えます。

■ 未経験者でも安心のサポート体制
入社初日は、安全に関する講習と作業の基本ルールについてのオリエンテーションからスタートします。
現場配属後は、専任の先輩スタッフがマンツーマンでついて実際の作業を見せながら丁寧にレクチャーします。

最初は「シールの貼り方」や「ダンボールの組み立て」といった、特に簡単な作業からお任せしますので、一度にたくさんのことを覚える必要はありません。
作業中に分からないことや迷うことがあっても、すぐ近くにリーダーや先輩スタッフが常駐しているため、「これってどうやるんでしたっけ？」といつでも気軽に質問できる安心の環境です。早ければ半日、遅くても2〜3日程度で一人立ちしてスムーズにお仕事を進められるようになります！","✅ 未経験スタート9割以上！簡単なシンプル作業です
「商品を手に取る」「キズがないか見る」「箱に入れる」など、覚えることはたったこれだけ！複雑な機械操作や難しいルールはありません。
先輩スタッフのほとんどが未経験からのスタートです。特別なスキルや経験は一切不要なので、初めてのアルバイトや久しぶりのお仕事復帰の方も安心してください。

✅ 自分のペースで黙々・コツコツ取り組める！
「接客が苦手…」「一人で集中して作業したい」という方にピッタリの環境です。
ノルマなどもなく、ご自身のペースで作業を進められるので、人間関係のストレスを感じることなくのびのびと働けます。

✅ 重い荷物なし！身体への負担が少ない軽作業
扱う商品は、衣服や生活雑貨、コスメなどの比較的軽いものが中心です。
重いダンボールを持ち運んだり、力仕事をお願いすることはほぼありませんので、年齢・性別問わず無理なく長く続けられるお仕事です。

✅ 空調完備のキレイな倉庫で、1年中快適♪
冷暖房がしっかり効いたクリーンな室内での作業です。
「夏は暑くて汗だく…」「冬は寒くて手がかじかむ…」といった心配は無用！季節や天候に関わらず、いつも快適な温度の中で気持ちよく作業に集中できます。

✅ 充実の設備＆働きやすい環境
鍵付きの個人ロッカーを完備しているほか、広々として清潔な休憩室もご用意しています。
休憩室には電子レンジ・冷蔵庫・ポット・自動販売機を完備しており、お弁当を持参してゆっくりくつろぐことも可能です。スタッフが過ごしやすい環境づくりに力を入れています！","例外事由3号のイにより、長期キャリア形成を図るため、
35歳以下を募集しております。","【勤務時間】
★9:00~18:00
└実働8時間/休憩1時間

定時ダッシュも問題ないです✧
✧ 土日祝休み
✧ 残業月平均:6.5時間以内
✧ 残業代100%支給","✧ 完全週休2日制(土日祝休み)
✧ 年間休日125日
「土日休みはマスト!」ってあなたにも
ぴったりの職場です!

【その他休暇】
✧ 有給休暇
✧ 夏季・冬季休暇
✧ GW休暇
✧ 年末年始休暇","埼玉県越谷市南越谷1-15-1 ラクーン4F

周辺エリアに勤務地多数あり！
お気軽にご相談ください。",越谷営業所,"月給:25万円~+交通費全額支給

※経験に応じて決定いたします。

# 昇給あり
# 賞与あり
# 残業代100%支給
# 交通費支給","・社会保険完備
・住宅手当
・家賃補助
・退職金制度
・家族手当・扶養手当
・健康診断
・特別休暇
・資格取得支援制度","\\✧カジュアル面談実施中です✧/

応募に必要なのは人柄のみです!
まずはあなたのご希望を聞かせてください!

✩.。.....................。.✩
■ 応募からの流れ ■
✩.。.....................。.✩

▶STEP1WEBから1分簡単ご応募!
1~3日以内に担当者よりご連絡いたします。

▶ STEP2カジュアル面談(1回のみ)

▶STEP3採用

※入社日のご相談OKです◎
お気軽にご相談ください!",,即日勤務OK、交通費支給、残業なし,2,任意,生年月日、性別、電話番号,ntf-indeedapplicant-aaaatulx77tci2k2pr5yeqapva@shukatsu-labo.slack.com,,,利用しない,,
募集中,株式会社テクノ・サービス,【未経験】検品・梱包作業/株式会社テクノ・サービス/さいたま営業所,倉庫作業スタッフ,20代活躍中◎ワークライフバランスも充実！！,,埼玉県 さいたま市 大宮区 仲町,,,正社員,はい,月給,250000,,最低額を表示,なし,,,,,,,固定時間制,160,,健康保険、雇用保険、労災保険、厚生年金,,なし,,,,,,,,,,,,,,,,,,"空調が完備された綺麗な物流センター内で、人気ECサイトで販売されているアパレル商品・生活雑貨・コスメなどの「検品・梱包作業」を担当していただきます。
作業内容は非常にシンプルで、「商品を手に取る」「傷がないかチェックする」「箱や袋に詰める」という基本の3ステップが中心です。重いお荷物の持ち運びはほとんどなく、自分のペースでコツコツ・黙々と進められる軽作業です。
未経験からスタートしたスタッフが9割以上活躍中で、1日〜数日で覚えられる簡単な作業ばかりですので、バイトデビューや久しぶりのお仕事復帰の方も安心してスタートしていただけます。

■ 具体的なお仕事の流れ

1. 検品・チェック作業
入荷された商品や出荷前の商品に問題がないか、確認する作業です。

・外観の目視確認： 商品に傷や汚れ、ほつれ、パッケージの凹みなどが無いかを目視で丁寧にチェックします。
・数量・品番の照合： 納品書や手元のハンディ端末に表示されたデータと、目の前にある商品の種類・個数が合致しているか確認します。
・バーコードスキャン： バーコードリーダーを使って商品を「ピッと」読み取る作業です。機械の操作はスマホ感覚で直感的に行えるため、難しい設定や専門知識は一切不要です。

2. 梱包・箱詰め作業
検品が完了した商品を、お客様のもとへ無事にお届けできるよう綺麗に包んで箱に詰める作業です。

・袋詰め・緩衝材包装： 服やタオルなどの布製品を専用の透明袋に入れたり、壊れやすいコスメ・ガラス製品などをプチプチ（緩衝材）で包みます。
・箱詰め・セット作業： 指定のサイズに合わせたダンボール箱を組み立て、商品が途中で動かないよう丁寧に納めます。
・テープ留め・封かん： ダンボールのフタを閉じ、ガムテープでしっかり留めたら梱包完了です。

3. シール貼り・仕分け作業
出荷に向けた最後の仕上げ作業です。

・ラベル貼り： お届け先の伝票シールや、取扱注意シール（「水濡れ厳禁」「割れ物注意」など）を指定の位置へキレイに貼り付けます。
・出荷先ごとの仕分け： 梱包が終わった箱を、配送地域別や配送業者別に分けられた台車やコンテナへ移します。

■ 1日のタイムスケジュール例（日勤の場合）
09:00〜【朝礼・作業スタート】
本日の連絡事項を確認後、各自の作業台へ移動します。担当する作業（検品または梱包）をスタートします。

12:00〜【お昼休憩（60分）】
清潔な休憩室でランチタイム。電子レンジ・冷蔵庫・自動販売機も完備されており、お弁当の持参も自由です。

13:00〜【午後の作業再開】
午前の続きの作業を行います。自分のデスクで黙々と作業に集中できる時間です。

15:00〜【小休憩（15分）】
身体をほぐしたり水分補給をするリフレッシュタイム。集中力を保ちやすい環境が整っています。

15:15〜【出荷準備・最終仕上げ】
本日発送分の最終チェックと、作業スペースの清掃・整理整頓を行います。

18:00〜【作業終了・定時退勤】
残業は基本的にありません。定時になったら「お疲れ様でした！」とスッキリ帰宅できます。

■ 快適な作業環境と働きやすさのポイント
・1年中快適な空調完備： 冷暖房がしっかり効いたクリーンな倉庫なので、夏は涼しく、冬は暖かく快適に作業できます。
・身体に優しい軽作業： 扱う商品は衣類、コスメ、文房具、小型雑貨などがメインです。重量物の持ち上げ作業はありません。
・充実した設備： 個人用の鍵付きロッカーを完備。休憩室は広々としており、ポットや電子レンジ、フリーWi-Fiも自由に使えます。

■ 未経験者でも安心のサポート体制
入社初日は、安全に関する講習と作業の基本ルールについてのオリエンテーションからスタートします。
現場配属後は、専任の先輩スタッフがマンツーマンでついて実際の作業を見せながら丁寧にレクチャーします。

最初は「シールの貼り方」や「ダンボールの組み立て」といった、特に簡単な作業からお任せしますので、一度にたくさんのことを覚える必要はありません。
作業中に分からないことや迷うことがあっても、すぐ近くにリーダーや先輩スタッフが常駐しているため、「これってどうやるんでしたっけ？」といつでも気軽に質問できる安心の環境です。早ければ半日、遅くても2〜3日程度で一人立ちしてスムーズにお仕事を進められるようになります！","✅ 未経験スタート9割以上！簡単なシンプル作業です
「商品を手に取る」「キズがないか見る」「箱に入れる」など、覚えることはたったこれだけ！複雑な機械操作や難しいルールはありません。
先輩スタッフのほとんどが未経験からのスタートです。特別なスキルや経験は一切不要なので、初めてのアルバイトや久しぶりのお仕事復帰の方も安心してください。

✅ 自分のペースで黙々・コツコツ取り組める！
「接客が苦手…」「一人で集中して作業したい」という方にピッタリの環境です。
ノルマなどもなく、ご自身のペースで作業を進められるので、人間関係のストレスを感じることなくのびのびと働けます。

✅ 重い荷物なし！身体への負担が少ない軽作業
扱う商品は、衣服や生活雑貨、コスメなどの比較的軽いものが中心です。
重いダンボールを持ち運んだり、力仕事をお願いすることはほぼありませんので、年齢・性別問わず無理なく長く続けられるお仕事です。

✅ 空調完備のキレイな倉庫で、1年中快適♪
冷暖房がしっかり効いたクリーンな室内での作業です。
「夏は暑くて汗だく…」「冬は寒くて手がかじかむ…」といった心配は無用！季節や天候に関わらず、いつも快適な温度の中で気持ちよく作業に集中できます。

✅ 充実の設備＆働きやすい環境
鍵付きの個人ロッカーを完備しているほか、広々として清潔な休憩室もご用意しています。
休憩室には電子レンジ・冷蔵庫・ポット・自動販売機を完備しており、お弁当を持参してゆっくりくつろぐことも可能です。スタッフが過ごしやすい環境づくりに力を入れています！","例外事由3号のイにより、長期キャリア形成を図るため、
35歳以下を募集しております。","【勤務時間】
★9:00~18:00
└実働8時間/休憩1時間

定時ダッシュも問題ないです✧
✧ 土日祝休み
✧ 残業月平均:6.5時間以内
✧ 残業代100%支給","✧ 完全週休2日制(土日祝休み)
✧ 年間休日125日
「土日休みはマスト!」ってあなたにも
ぴったりの職場です!

【その他休暇】
✧ 有給休暇
✧ 夏季・冬季休暇
✧ GW休暇
✧ 年末年始休暇","埼玉県さいたま市大宮区仲町3-13-1 住友生命大宮第2ビル3F

周辺エリアに勤務地多数あり！
お気軽にご相談ください。",さいたま営業所,"月給:25万円~+交通費全額支給

※経験に応じて決定いたします。

# 昇給あり
# 賞与あり
# 残業代100%支給
# 交通費支給","・社会保険完備
・住宅手当
・家賃補助
・退職金制度
・家族手当・扶養手当
・健康診断
・特別休暇
・資格取得支援制度","\\✧カジュアル面談実施中です✧/

応募に必要なのは人柄のみです!
まずはあなたのご希望を聞かせてください!

✩.。.....................。.✩
■ 応募からの流れ ■
✩.。.....................。.✩

▶STEP1WEBから1分簡単ご応募!
1~3日以内に担当者よりご連絡いたします。

▶ STEP2カジュアル面談(1回のみ)

▶STEP3採用

※入社日のご相談OKです◎
お気軽にご相談ください!",,即日勤務OK、交通費支給、残業なし,2,任意,生年月日、性別、電話番号,ntf-indeedapplicant-aaaatulx77tci2k2pr5yeqapva@shukatsu-labo.slack.com,,,利用しない,,
募集中,株式会社テクノ・サービス,【未経験】軽作業/株式会社テクノ・サービス/さいたま営業所,倉庫作業スタッフ,20代活躍中◎初めての軽作業デビュー♪,,埼玉県 さいたま市 大宮区 仲町,,,正社員,はい,月給,250000,,最低額を表示,なし,,,,,,,固定時間制,160,,健康保険、雇用保険、労災保険、厚生年金,,なし,,,,,,,,,,,,,,,,,,"難しいことは一切なし！簡単なピッキングや仕分けといった軽作業からスタート。

・リストを見ながら商品を集めるピッキング
・出荷先ごとの簡単な仕分け・梱包
・届いた商品の検品や棚入れ　など

「倉庫作業は初めてで不安…」という方も大丈夫！
先輩の90%が未経験からデビューしています。手厚い研修制度があるから、軽作業が初めての方も安心して一歩を踏み出せる環境です。","【アピールポイント：ココが私たちの推し！】

✅土日祝休み
カレンダー通りのお休みだから、大型連休もしっかり確保。遠征や旅行のスケジュールも立てやすいのが魅力です。

✅職場は「好き」を語れる同志ばかり！
20代メインの職場で、休憩時間は推しトークで大盛り上がり。「ライブどうだった？」「新曲最高！」なんて会話が日常茶飯事です。

✅自分らしさを完全キープ！
髪色・ネイル・服装は自由。推しカラーをネイルに取り入れたり、お気に入りの服でモチベーションを上げたり、オシャレを楽しみながら働けます。

✅趣味の資金もコツコツ貯まる♪
頑張りは昇給でしっかり評価。楽しみながらスキルを磨いて、推し活をもっと充実させちゃいましょう！","例外事由3号のイにより、長期キャリア形成を図るため、
35歳以下を募集しております。","【勤務時間】
★9:00~18:00
└実働8時間/休憩1時間

定時ダッシュも問題ないです✧
✧ 土日祝休み
✧ 残業月平均:6.5時間以内
✧ 残業代100%支給","✧ 完全週休2日制(土日祝休み)
✧ 年間休日125日
「土日休みはマスト!」ってあなたにも
ぴったりの職場です!

【その他休暇】
✧ 有給休暇
✧ 夏季・冬季休暇
✧ GW休暇
✧ 年末年始休暇","埼玉県さいたま市大宮区仲町3-13-1 住友生命大宮第2ビル3F

周辺エリアに勤務地多数あり！
お気軽にご相談ください。",さいたま営業所,"月給:25万円~+交通費全額支給

※経験に応じて決定いたします。

# 昇給あり
# 賞与あり
# 残業代100%支給
# 交通費支給","・社会保険完備
・住宅手当
・家賃補助
・退職金制度
・家族手当・扶養手当
・健康診断
・特別休暇
・資格取得支援制度","\\✧カジュアル面談実施中です✧/

応募に必要なのは人柄のみです!
まずはあなたのご希望を聞かせてください!

✩.。.....................。.✩
■ 応募からの流れ ■
✩.。.....................。.✩

▶STEP1WEBから1分簡単ご応募!
1~3日以内に担当者よりご連絡いたします。

▶ STEP2カジュアル面談(1回のみ)

▶STEP3採用

※入社日のご相談OKです◎
お気軽にご相談ください!",,即日勤務OK、交通費支給、残業なし,2,任意,生年月日、性別、電話番号,ntf-indeedapplicant-aaaatulx77tci2k2pr5yeqapva@shukatsu-labo.slack.com,,,利用しない,,
募集中,株式会社テクノ・サービス,【未経験】軽作業/株式会社テクノ・サービス/越谷営業所,倉庫作業スタッフ,20代活躍中◎初めての軽作業デビュー♪,,埼玉県 越谷市 南越谷,,,正社員,はい,月給,250000,,最低額を表示,なし,,,,,,,固定時間制,160,,厚生年金、健康保険、雇用保険、労災保険,,なし,,,,,,,,,,,,,,,,,,"難しいことは一切なし！簡単なピッキングや仕分けといった軽作業からスタート。

・リストを見ながら商品を集めるピッキング
・出荷先ごとの簡単な仕分け・梱包
・届いた商品の検品や棚入れ　など

「倉庫作業は初めてで不安…」という方も大丈夫！
先輩の90%が未経験からデビューしています。手厚い研修制度があるから、軽作業が初めての方も安心して一歩を踏み出せる環境です。","【アピールポイント：ココが私たちの推し！】

✅土日祝休み
カレンダー通りのお休みだから、大型連休もしっかり確保。遠征や旅行のスケジュールも立てやすいのが魅力です。

✅職場は「好き」を語れる同志ばかり！
20代メインの職場で、休憩時間は推しトークで大盛り上がり。「ライブどうだった？」「新曲最高！」なんて会話が日常茶飯事です。

✅自分らしさを完全キープ！
髪色・ネイル・服装は自由。推しカラーをネイルに取り入れたり、お気に入りの服でモチベーションを上げたり、オシャレを楽しみながら働けます。

✅趣味の資金もコツコツ貯まる♪
頑張りは昇給でしっかり評価。楽しみながらスキルを磨いて、推し活をもっと充実させちゃいましょう！","例外事由3号のイにより、長期キャリア形成を図るため、
35歳以下を募集しております。","【勤務時間】
★9:00~18:00
└実働8時間/休憩1時間

定時ダッシュも問題ないです✧
✧ 土日祝休み
✧ 残業月平均:6.5時間以内
✧ 残業代100%支給","✧ 完全週休2日制(土日祝休み)
✧ 年間休日125日
「土日休みはマスト!」ってあなたにも
ぴったりの職場です!

【その他休暇】
✧ 有給休暇
✧ 夏季・冬季休暇
✧ GW休暇
✧ 年末年始休暇","埼玉県越谷市南越谷1-15-1 ラクーン4F

周辺エリアに勤務地多数あり！
お気軽にご相談ください。",越谷営業所,"月給:25万円~+交通費全額支給

※経験に応じて決定いたします。

# 昇給あり
# 賞与あり
# 残業代100%支給
# 交通費支給","・社会保険完備
・住宅手当
・家賃補助
・退職金制度
・家族手当・扶養手当
・健康診断
・特別休暇
・資格取得支援制度","\\✧カジュアル面談実施中です✧/

応募に必要なのは人柄のみです!
まずはあなたのご希望を聞かせてください!

✩.。.....................。.✩
■ 応募からの流れ ■
✩.。.....................。.✩

▶STEP1WEBから1分簡単ご応募!
1~3日以内に担当者よりご連絡いたします。

▶ STEP2カジュアル面談(1回のみ)

▶STEP3採用

※入社日のご相談OKです◎
お気軽にご相談ください!",,即日勤務OK、交通費支給、残業なし,2,任意,生年月日、性別、電話番号,ntf-indeedapplicant-aaaatulx77tci2k2pr5yeqapva@shukatsu-labo.slack.com,,,利用しない,,
募集中,株式会社テクノ・サービス,【未経験】軽作業/株式会社テクノ・サービス/川越営業所,倉庫作業スタッフ,20代活躍中◎初めての軽作業デビュー♪,,埼玉県 川越市 脇田本町,,,正社員,はい,月給,250000,,最低額を表示,なし,,,,,,,固定時間制,160,,厚生年金、健康保険、雇用保険、労災保険,,なし,,,,,,,,,,,,,,,,,,"難しいことは一切なし！簡単なピッキングや仕分けといった軽作業からスタート。

・リストを見ながら商品を集めるピッキング
・出荷先ごとの簡単な仕分け・梱包
・届いた商品の検品や棚入れ　など

「倉庫作業は初めてで不安…」という方も大丈夫！
先輩の90%が未経験からデビューしています。手厚い研修制度があるから、軽作業が初めての方も安心して一歩を踏み出せる環境です。","【アピールポイント：ココが私たちの推し！】

✅土日祝休み
カレンダー通りのお休みだから、大型連休もしっかり確保。遠征や旅行のスケジュールも立てやすいのが魅力です。

✅職場は「好き」を語れる同志ばかり！
20代メインの職場で、休憩時間は推しトークで大盛り上がり。「ライブどうだった？」「新曲最高！」なんて会話が日常茶飯事です。

✅自分らしさを完全キープ！
髪色・ネイル・服装は自由。推しカラーをネイルに取り入れたり、お気に入りの服でモチベーションを上げたり、オシャレを楽しみながら働けます。

✅趣味の資金もコツコツ貯まる♪
頑張りは昇給でしっかり評価。楽しみながらスキルを磨いて、推し活をもっと充実させちゃいましょう！","例外事由3号のイにより、長期キャリア形成を図るため、
35歳以下を募集しております。","【勤務時間】
★9:00~18:00
└実働8時間/休憩1時間

定時ダッシュも問題ないです✧
✧ 土日祝休み
✧ 残業月平均:6.5時間以内
✧ 残業代100%支給","✧ 完全週休2日制(土日祝休み)
✧ 年間休日125日
「土日休みはマスト!」ってあなたにも
ぴったりの職場です!

【その他休暇】
✧ 有給休暇
✧ 夏季・冬季休暇
✧ GW休暇
✧ 年末年始休暇","埼玉県川越市脇田本町15-13 東上パールビル6F

周辺エリアに勤務地多数あり！
お気軽にご相談ください。",川越営業所,"月給:25万円~+交通費全額支給

※経験に応じて決定いたします。

# 昇給あり
# 賞与あり
# 残業代100%支給
# 交通費支給","・社会保険完備
・住宅手当
・家賃補助
・退職金制度
・家族手当・扶養手当
・健康診断
・特別休暇
・資格取得支援制度","\\✧カジュアル面談実施中です✧/

応募に必要なのは人柄のみです!
まずはあなたのご希望を聞かせてください!

✩.。.....................。.✩
■ 応募からの流れ ■
✩.。.....................。.✩

▶STEP1WEBから1分簡単ご応募!
1~3日以内に担当者よりご連絡いたします。

▶ STEP2カジュアル面談(1回のみ)

▶STEP3採用

※入社日のご相談OKです◎
お気軽にご相談ください!",,即日勤務OK、交通費支給、残業なし,2,任意,生年月日、性別、電話番号,ntf-indeedapplicant-aaaatulx77tci2k2pr5yeqapva@shukatsu-labo.slack.com,,,利用しない,,
募集中,株式会社テクノ・サービス,【未経験】軽作業/株式会社テクノ・サービス/熊谷営業所,倉庫作業スタッフ,20代活躍中◎初めての軽作業デビュー♪,,埼玉県 熊谷市 筑波,,,正社員,はい,月給,250000,,最低額を表示,なし,,,,,,,固定時間制,160,,厚生年金、健康保険、雇用保険、労災保険,,なし,,,,,,,,,,,,,,,,,,"難しいことは一切なし！簡単なピッキングや仕分けといった軽作業からスタート。

・リストを見ながら商品を集めるピッキング
・出荷先ごとの簡単な仕分け・梱包
・届いた商品の検品や棚入れ　など

「倉庫作業は初めてで不安…」という方も大丈夫！
先輩の90%が未経験からデビューしています。手厚い研修制度があるから、軽作業が初めての方も安心して一歩を踏み出せる環境です。","【アピールポイント：ココが私たちの推し！】

✅土日祝休み
カレンダー通りのお休みだから、大型連休もしっかり確保。遠征や旅行のスケジュールも立てやすいのが魅力です。

✅職場は「好き」を語れる同志ばかり！
20代メインの職場で、休憩時間は推しトークで大盛り上がり。「ライブどうだった？」「新曲最高！」なんて会話が日常茶飯事です。

✅自分らしさを完全キープ！
髪色・ネイル・服装は自由。推しカラーをネイルに取り入れたり、お気に入りの服でモチベーションを上げたり、オシャレを楽しみながら働けます。

✅趣味の資金もコツコツ貯まる♪
頑張りは昇給でしっかり評価。楽しみながらスキルを磨いて、推し活をもっと充実させちゃいましょう！","例外事由3号のイにより、長期キャリア形成を図るため、
35歳以下を募集しております。","【勤務時間】
★9:00~18:00
└実働8時間/休憩1時間

定時ダッシュも問題ないです✧
✧ 土日祝休み
✧ 残業月平均:6.5時間以内
✧ 残業代100%支給","✧ 完全週休2日制(土日祝休み)
✧ 年間休日125日
「土日休みはマスト!」ってあなたにも
ぴったりの職場です!

【その他休暇】
✧ 有給休暇
✧ 夏季・冬季休暇
✧ GW休暇
✧ 年末年始休暇","埼玉県熊谷市筑波3-4 熊谷第2ビル4F

周辺エリアに勤務地多数あり！
お気軽にご相談ください。",熊谷営業所,"月給:25万円~+交通費全額支給

※経験に応じて決定いたします。

# 昇給あり
# 賞与あり
# 残業代100%支給
# 交通費支給","・社会保険完備
・住宅手当
・家賃補助
・退職金制度
・家族手当・扶養手当
・健康診断
・特別休暇
・資格取得支援制度","\\✧カジュアル面談実施中です✧/

応募に必要なのは人柄のみです!
まずはあなたのご希望を聞かせてください!

✩.。.....................。.✩
■ 応募からの流れ ■
✩.。.....................。.✩

▶STEP1WEBから1分簡単ご応募!
1~3日以内に担当者よりご連絡いたします。

▶ STEP2カジュアル面談(1回のみ)

▶STEP3採用

※入社日のご相談OKです◎
お気軽にご相談ください!",,即日勤務OK、交通費支給、残業なし,2,任意,生年月日、性別、電話番号,ntf-indeedapplicant-aaaatulx77tci2k2pr5yeqapva@shukatsu-labo.slack.com,,,利用しない,,
募集中,株式会社テクノ・サービス,【未経験】軽作業/株式会社テクノ・サービス/千葉営業所,倉庫作業スタッフ,20代活躍中◎初めての軽作業デビュー♪,,千葉県 千葉市 中央区 新町,,,正社員,はい,月給,250000,,最低額を表示,なし,,,,,,,固定時間制,160,,厚生年金、健康保険、雇用保険、労災保険,,なし,,,,,,,,,,,,,,,,,,"難しいことは一切なし！簡単なピッキングや仕分けといった軽作業からスタート。

・リストを見ながら商品を集めるピッキング
・出荷先ごとの簡単な仕分け・梱包
・届いた商品の検品や棚入れ　など

「倉庫作業は初めてで不安…」という方も大丈夫！
先輩の90%が未経験からデビューしています。手厚い研修制度があるから、軽作業が初めての方も安心して一歩を踏み出せる環境です。","【アピールポイント：ココが私たちの推し！】

✅土日祝休み
カレンダー通りのお休みだから、大型連休もしっかり確保。遠征や旅行のスケジュールも立てやすいのが魅力です。

✅職場は「好き」を語れる同志ばかり！
20代メインの職場で、休憩時間は推しトークで大盛り上がり。「ライブどうだった？」「新曲最高！」なんて会話が日常茶飯事です。

✅自分らしさを完全キープ！
髪色・ネイル・服装は自由。推しカラーをネイルに取り入れたり、お気に入りの服でモチベーションを上げたり、オシャレを楽しみながら働けます。

✅趣味の資金もコツコツ貯まる♪
頑張りは昇給でしっかり評価。楽しみながらスキルを磨いて、推し活をもっと充実させちゃいましょう！","例外事由3号のイにより、長期キャリア形成を図るため、
35歳以下を募集しております。","【勤務時間】
★9:00~18:00
└実働8時間/休憩1時間

定時ダッシュも問題ないです✧
✧ 土日祝休み
✧ 残業月平均:6.5時間以内
✧ 残業代100%支給","✧ 完全週休2日制(土日祝休み)
✧ 年間休日125日
「土日休みはマスト!」ってあなたにも
ぴったりの職場です!

【その他休暇】
✧ 有給休暇
✧ 夏季・冬季休暇
✧ GW休暇
✧ 年末年始休暇","千葉県千葉市中央区新町3-13 千葉TNビル1F

周辺エリアに勤務地多数あり！
お気軽にご相談ください。",千葉営業所,"月給:25万円~+交通費全額支給

※経験に応じて決定いたします。

# 昇給あり
# 賞与あり
# 残業代100%支給
# 交通費支給","・社会保険完備
・住宅手当
・家賃補助
・退職金制度
・家族手当・扶養手当
・健康診断
・特別休暇
・資格取得支援制度","\\✧カジュアル面談実施中です✧/

応募に必要なのは人柄のみです!
まずはあなたのご希望を聞かせてください!

✩.。.....................。.✩
■ 応募からの流れ ■
✩.。.....................。.✩

▶STEP1WEBから1分簡単ご応募!
1~3日以内に担当者よりご連絡いたします。

▶ STEP2カジュアル面談(1回のみ)

▶STEP3採用

※入社日のご相談OKです◎
お気軽にご相談ください!",,即日勤務OK、交通費支給、残業なし,2,任意,生年月日、性別、電話番号,ntf-indeedapplicant-aaaatulx77tci2k2pr5yeqapva@shukatsu-labo.slack.com,,,利用しない,,
募集中,株式会社テクノ・サービス,【未経験】軽作業/株式会社テクノ・サービス/柏営業所,倉庫作業スタッフ,20代活躍中◎初めての軽作業デビュー♪,,千葉県 柏市 末広町,,,正社員,はい,月給,250000,,最低額を表示,なし,,,,,,,固定時間制,160,,厚生年金、健康保険、雇用保険、労災保険,,なし,,,,,,,,,,,,,,,,,,"難しいことは一切なし！簡単なピッキングや仕分けといった軽作業からスタート。

・リストを見ながら商品を集めるピッキング
・出荷先ごとの簡単な仕分け・梱包
・届いた商品の検品や棚入れ　など

「倉庫作業は初めてで不安…」という方も大丈夫！
先輩の90%が未経験からデビューしています。手厚い研修制度があるから、軽作業が初めての方も安心して一歩を踏み出せる環境です。","【アピールポイント：ココが私たちの推し！】

✅土日祝休み
カレンダー通りのお休みだから、大型連休もしっかり確保。遠征や旅行のスケジュールも立てやすいのが魅力です。

✅職場は「好き」を語れる同志ばかり！
20代メインの職場で、休憩時間は推しトークで大盛り上がり。「ライブどうだった？」「新曲最高！」なんて会話が日常茶飯事です。

✅自分らしさを完全キープ！
髪色・ネイル・服装は自由。推しカラーをネイルに取り入れたり、お気に入りの服でモチベーションを上げたり、オシャレを楽しみながら働けます。

✅趣味の資金もコツコツ貯まる♪
頑張りは昇給でしっかり評価。楽しみながらスキルを磨いて、推し活をもっと充実させちゃいましょう！","例外事由3号のイにより、長期キャリア形成を図るため、
35歳以下を募集しております。","【勤務時間】
★9:00~18:00
└実働8時間/休憩1時間

定時ダッシュも問題ないです✧
✧ 土日祝休み
✧ 残業月平均:6.5時間以内
✧ 残業代100%支給","✧ 完全週休2日制(土日祝休み)
✧ 年間休日125日
「土日休みはマスト!」ってあなたにも
ぴったりの職場です!

【その他休暇】
✧ 有給休暇
✧ 夏季・冬季休暇
✧ GW休暇
✧ 年末年始休暇","千葉県柏市末広町5-19 第2マツムラビル4F

周辺エリアに勤務地多数あり！
お気軽にご相談ください。",柏営業所,"月給:25万円~+交通費全額支給

※経験に応じて決定いたします。

# 昇給あり
# 賞与あり
# 残業代100%支給
# 交通費支給","・社会保険完備
・住宅手当
・家賃補助
・退職金制度
・家族手当・扶養手当
・健康診断
・特別休暇
・資格取得支援制度","\\✧カジュアル面談実施中です✧/

応募に必要なのは人柄のみです!
まずはあなたのご希望を聞かせてください!

✩.。.....................。.✩
■ 応募からの流れ ■
✩.。.....................。.✩

▶STEP1WEBから1分簡単ご応募!
1~3日以内に担当者よりご連絡いたします。

▶ STEP2カジュアル面談(1回のみ)

▶STEP3採用

※入社日のご相談OKです◎
お気軽にご相談ください!",,即日勤務OK、交通費支給、残業なし,2,任意,生年月日、性別、電話番号,ntf-indeedapplicant-aaaatulx77tci2k2pr5yeqapva@shukatsu-labo.slack.com,,,利用しない,,
募集中,株式会社テクノ・サービス,【未経験】軽作業/株式会社テクノ・サービス/成田営業所,倉庫作業スタッフ,20代活躍中◎初めての軽作業デビュー♪,,千葉県 成田市 花崎町,,,正社員,はい,月給,250000,,最低額を表示,なし,,,,,,,固定時間制,160,,厚生年金、健康保険、雇用保険、労災保険,,なし,,,,,,,,,,,,,,,,,,"難しいことは一切なし！簡単なピッキングや仕分けといった軽作業からスタート。

・リストを見ながら商品を集めるピッキング
・出荷先ごとの簡単な仕分け・梱包
・届いた商品の検品や棚入れ　など

「倉庫作業は初めてで不安…」という方も大丈夫！
先輩の90%が未経験からデビューしています。手厚い研修制度があるから、軽作業が初めての方も安心して一歩を踏み出せる環境です。","【アピールポイント：ココが私たちの推し！】

✅土日祝休み
カレンダー通りのお休みだから、大型連休もしっかり確保。遠征や旅行のスケジュールも立てやすいのが魅力です。

✅職場は「好き」を語れる同志ばかり！
20代メインの職場で、休憩時間は推しトークで大盛り上がり。「ライブどうだった？」「新曲最高！」なんて会話が日常茶飯事です。

✅自分らしさを完全キープ！
髪色・ネイル・服装は自由。推しカラーをネイルに取り入れたり、お気に入りの服でモチベーションを上げたり、オシャレを楽しみながら働けます。

✅趣味の資金もコツコツ貯まる♪
頑張りは昇給でしっかり評価。楽しみながらスキルを磨いて、推し活をもっと充実させちゃいましょう！","例外事由3号のイにより、長期キャリア形成を図るため、
35歳以下を募集しております。","【勤務時間】
★9:00~18:00
└実働8時間/休憩1時間

定時ダッシュも問題ないです✧
✧ 土日祝休み
✧ 残業月平均:6.5時間以内
✧ 残業代100%支給","✧ 完全週休2日制(土日祝休み)
✧ 年間休日125日
「土日休みはマスト!」ってあなたにも
ぴったりの職場です!

【その他休暇】
✧ 有給休暇
✧ 夏季・冬季休暇
✧ GW休暇
✧ 年末年始休暇","千葉県成田市花崎町800-6 共和タウン1F

周辺エリアに勤務地多数あり！
お気軽にご相談ください。",成田営業所,"月給:25万円~+交通費全額支給

※経験に応じて決定いたします。

# 昇給あり
# 賞与あり
# 残業代100%支給
# 交通費支給","・社会保険完備
・住宅手当
・家賃補助
・退職金制度
・家族手当・扶養手当
・健康診断
・特別休暇
・資格取得支援制度","\\✧カジュアル面談実施中です✧/

応募に必要なのは人柄のみです!
まずはあなたのご希望を聞かせてください!

✩.。.....................。.✩
■ 応募からの流れ ■
✩.。.....................。.✩

▶STEP1WEBから1分簡単ご応募!
1~3日以内に担当者よりご連絡いたします。

▶ STEP2カジュアル面談(1回のみ)

▶STEP3採用

※入社日のご相談OKです◎
お気軽にご相談ください!",,即日勤務OK、交通費支給、残業なし,2,任意,生年月日、性別、電話番号,ntf-indeedapplicant-aaaatulx77tci2k2pr5yeqapva@shukatsu-labo.slack.com,,,利用しない,,
募集中,株式会社テクノ・サービス,【未経験】軽作業/株式会社テクノ・サービス/東京営業所,倉庫作業スタッフ,20代活躍中◎初めての軽作業デビュー♪,,東京都 豊島区 東池袋,,,正社員,はい,月給,250000,,最低額を表示,なし,,,,,,,固定時間制,160,,厚生年金、健康保険、雇用保険、労災保険,,なし,,,,,,,,,,,,,,,,,,"難しいことは一切なし！簡単なピッキングや仕分けといった軽作業からスタート。

・リストを見ながら商品を集めるピッキング
・出荷先ごとの簡単な仕分け・梱包
・届いた商品の検品や棚入れ　など

「倉庫作業は初めてで不安…」という方も大丈夫！
先輩の90%が未経験からデビューしています。手厚い研修制度があるから、軽作業が初めての方も安心して一歩を踏み出せる環境です。","【アピールポイント：ココが私たちの推し！】

✅土日祝休み
カレンダー通りのお休みだから、大型連休もしっかり確保。遠征や旅行のスケジュールも立てやすいのが魅力です。

✅職場は「好き」を語れる同志ばかり！
20代メインの職場で、休憩時間は推しトークで大盛り上がり。「ライブどうだった？」「新曲最高！」なんて会話が日常茶飯事です。

✅自分らしさを完全キープ！
髪色・ネイル・服装は自由。推しカラーをネイルに取り入れたり、お気に入りの服でモチベーションを上げたり、オシャレを楽しみながら働けます。

✅趣味の資金もコツコツ貯まる♪
頑張りは昇給でしっかり評価。楽しみながらスキルを磨いて、推し活をもっと充実させちゃいましょう！","例外事由3号のイにより、長期キャリア形成を図るため、
35歳以下を募集しております。","【勤務時間】
★9:00~18:00
└実働8時間/休憩1時間

定時ダッシュも問題ないです✧
✧ 土日祝休み
✧ 残業月平均:6.5時間以内
✧ 残業代100%支給","✧ 完全週休2日制(土日祝休み)
✧ 年間休日125日
「土日休みはマスト!」ってあなたにも
ぴったりの職場です!

【その他休暇】
✧ 有給休暇
✧ 夏季・冬季休暇
✧ GW休暇
✧ 年末年始休暇","東京都豊島区東池袋1-21-11 オーク池袋ビル4F

周辺エリアに勤務地多数あり！
お気軽にご相談ください。",東京営業所,"月給:25万円~+交通費全額支給

※経験に応じて決定いたします。

# 昇給あり
# 賞与あり
# 残業代100%支給
# 交通費支給","・社会保険完備
・住宅手当
・家賃補助
・退職金制度
・家族手当・扶養手当
・健康診断
・特別休暇
・資格取得支援制度","\\✧カジュアル面談実施中です✧/

応募に必要なのは人柄のみです!
まずはあなたのご希望を聞かせてください!

✩.。.....................。.✩
■ 応募からの流れ ■
✩.。.....................。.✩

▶STEP1WEBから1分簡単ご応募!
1~3日以内に担当者よりご連絡いたします。

▶ STEP2カジュアル面談(1回のみ)

▶STEP3採用

※入社日のご相談OKです◎
お気軽にご相談ください!",,即日勤務OK、交通費支給、残業なし,2,任意,生年月日、性別、電話番号,ntf-indeedapplicant-aaaatulx77tci2k2pr5yeqapva@shukatsu-labo.slack.com,,,利用しない,,
募集中,株式会社テクノ・サービス,【未経験】軽作業/株式会社テクノ・サービス/立川営業所,倉庫作業スタッフ,20代活躍中◎初めての軽作業デビュー♪,,東京都 立川市 曙町,,,正社員,はい,月給,250000,,最低額を表示,なし,,,,,,,固定時間制,160,,厚生年金、健康保険、雇用保険、労災保険,,なし,,,,,,,,,,,,,,,,,,"難しいことは一切なし！簡単なピッキングや仕分けといった軽作業からスタート。

・リストを見ながら商品を集めるピッキング
・出荷先ごとの簡単な仕分け・梱包
・届いた商品の検品や棚入れ　など

「倉庫作業は初めてで不安…」という方も大丈夫！
先輩の90%が未経験からデビューしています。手厚い研修制度があるから、軽作業が初めての方も安心して一歩を踏み出せる環境です。","【アピールポイント：ココが私たちの推し！】

✅土日祝休み
カレンダー通りのお休みだから、大型連休もしっかり確保。遠征や旅行のスケジュールも立てやすいのが魅力です。

✅職場は「好き」を語れる同志ばかり！
20代メインの職場で、休憩時間は推しトークで大盛り上がり。「ライブどうだった？」「新曲最高！」なんて会話が日常茶飯事です。

✅自分らしさを完全キープ！
髪色・ネイル・服装は自由。推しカラーをネイルに取り入れたり、お気に入りの服でモチベーションを上げたり、オシャレを楽しみながら働けます。

✅趣味の資金もコツコツ貯まる♪
頑張りは昇給でしっかり評価。楽しみながらスキルを磨いて、推し活をもっと充実させちゃいましょう！","例外事由3号のイにより、長期キャリア形成を図るため、
35歳以下を募集しております。","【勤務時間】
★9:00~18:00
└実働8時間/休憩1時間

定時ダッシュも問題ないです✧
✧ 土日祝休み
✧ 残業月平均:6.5時間以内
✧ 残業代100%支給","✧ 完全週休2日制(土日祝休み)
✧ 年間休日125日
「土日休みはマスト!」ってあなたにも
ぴったりの職場です!

【その他休暇】
✧ 有給休暇
✧ 夏季・冬季休暇
✧ GW休暇
✧ 年末年始休暇","東京都立川市曙町2-34-7 太平ビル4F

周辺エリアに勤務地多数あり！
お気軽にご相談ください。",立川営業所,"月給:25万円~+交通費全額支給

※経験に応じて決定いたします。

# 昇給あり
# 賞与あり
# 残業代100%支給
# 交通費支給","・社会保険完備
・住宅手当
・家賃補助
・退職金制度
・家族手当・扶養手当
・健康診断
・特別休暇
・資格取得支援制度","\\✧カジュアル面談実施中です✧/

応募に必要なのは人柄のみです!
まずはあなたのご希望を聞かせてください!

✩.。.....................。.✩
■ 応募からの流れ ■
✩.。.....................。.✩

▶STEP1WEBから1分簡単ご応募!
1~3日以内に担当者よりご連絡いたします。

▶ STEP2カジュアル面談(1回のみ)

▶STEP3採用

※入社日のご相談OKです◎
お気軽にご相談ください!",,即日勤務OK、交通費支給、残業なし,2,任意,生年月日、性別、電話番号,ntf-indeedapplicant-aaaatulx77tci2k2pr5yeqapva@shukatsu-labo.slack.com,,,利用しない,,
募集中,株式会社テクノ・サービス,【未経験】軽作業/株式会社テクノ・サービス/八王子営業所,倉庫作業スタッフ,20代活躍中◎初めての軽作業デビュー♪,,東京都 八王子市 旭町,,,正社員,はい,月給,250000,,最低額を表示,なし,,,,,,,固定時間制,160,,厚生年金、健康保険、雇用保険、労災保険,,なし,,,,,,,,,,,,,,,,,,"難しいことは一切なし！簡単なピッキングや仕分けといった軽作業からスタート。

・リストを見ながら商品を集めるピッキング
・出荷先ごとの簡単な仕分け・梱包
・届いた商品の検品や棚入れ　など

「倉庫作業は初めてで不安…」という方も大丈夫！
先輩の90%が未経験からデビューしています。手厚い研修制度があるから、軽作業が初めての方も安心して一歩を踏み出せる環境です。","【アピールポイント：ココが私たちの推し！】

✅土日祝休み
カレンダー通りのお休みだから、大型連休もしっかり確保。遠征や旅行のスケジュールも立てやすいのが魅力です。

✅職場は「好き」を語れる同志ばかり！
20代メインの職場で、休憩時間は推しトークで大盛り上がり。「ライブどうだった？」「新曲最高！」なんて会話が日常茶飯事です。

✅自分らしさを完全キープ！
髪色・ネイル・服装は自由。推しカラーをネイルに取り入れたり、お気に入りの服でモチベーションを上げたり、オシャレを楽しみながら働けます。

✅趣味の資金もコツコツ貯まる♪
頑張りは昇給でしっかり評価。楽しみながらスキルを磨いて、推し活をもっと充実させちゃいましょう！","例外事由3号のイにより、長期キャリア形成を図るため、
35歳以下を募集しております。","【勤務時間】
★9:00~18:00
└実働8時間/休憩1時間

定時ダッシュも問題ないです✧
✧ 土日祝休み
✧ 残業月平均:6.5時間以内
✧ 残業代100%支給","✧ 完全週休2日制(土日祝休み)
✧ 年間休日125日
「土日休みはマスト!」ってあなたにも
ぴったりの職場です!

【その他休暇】
✧ 有給休暇
✧ 夏季・冬季休暇
✧ GW休暇
✧ 年末年始休暇","東京都八王子市旭町12-4 日本生命八王子ビル3F

周辺エリアに勤務地多数あり！
お気軽にご相談ください。",八王子営業所,"月給:25万円~+交通費全額支給

※経験に応じて決定いたします。

# 昇給あり
# 賞与あり
# 残業代100%支給
# 交通費支給","・社会保険完備
・住宅手当
・家賃補助
・退職金制度
・家族手当・扶養手当
・健康診断
・特別休暇
・資格取得支援制度","\\✧カジュアル面談実施中です✧/

応募に必要なのは人柄のみです!
まずはあなたのご希望を聞かせてください!

✩.。.....................。.✩
■ 応募からの流れ ■
✩.。.....................。.✩

▶STEP1WEBから1分簡単ご応募!
1~3日以内に担当者よりご連絡いたします。

▶ STEP2カジュアル面談(1回のみ)

▶STEP3採用

※入社日のご相談OKです◎
お気軽にご相談ください!",,即日勤務OK、交通費支給、残業なし,2,任意,生年月日、性別、電話番号,ntf-indeedapplicant-aaaatulx77tci2k2pr5yeqapva@shukatsu-labo.slack.com,,,利用しない,,
募集中,株式会社テクノ・サービス,【未経験】軽作業/株式会社テクノ・サービス/町田営業所,倉庫作業スタッフ,20代活躍中◎初めての軽作業デビュー♪,,東京都 町田市 原町田,,,正社員,はい,月給,250000,,最低額を表示,なし,,,,,,,固定時間制,160,,厚生年金、健康保険、雇用保険、労災保険,,なし,,,,,,,,,,,,,,,,,,"難しいことは一切なし！簡単なピッキングや仕分けといった軽作業からスタート。

・リストを見ながら商品を集めるピッキング
・出荷先ごとの簡単な仕分け・梱包
・届いた商品の検品や棚入れ　など

「倉庫作業は初めてで不安…」という方も大丈夫！
先輩の90%が未経験からデビューしています。手厚い研修制度があるから、軽作業が初めての方も安心して一歩を踏み出せる環境です。","【アピールポイント：ココが私たちの推し！】

✅土日祝休み
カレンダー通りのお休みだから、大型連休もしっかり確保。遠征や旅行のスケジュールも立てやすいのが魅力です。

✅職場は「好き」を語れる同志ばかり！
20代メインの職場で、休憩時間は推しトークで大盛り上がり。「ライブどうだった？」「新曲最高！」なんて会話が日常茶飯事です。

✅自分らしさを完全キープ！
髪色・ネイル・服装は自由。推しカラーをネイルに取り入れたり、お気に入りの服でモチベーションを上げたり、オシャレを楽しみながら働けます。

✅趣味の資金もコツコツ貯まる♪
頑張りは昇給でしっかり評価。楽しみながらスキルを磨いて、推し活をもっと充実させちゃいましょう！","例外事由3号のイにより、長期キャリア形成を図るため、
35歳以下を募集しております。","【勤務時間】
★9:00~18:00
└実働8時間/休憩1時間

定時ダッシュも問題ないです✧
✧ 土日祝休み
✧ 残業月平均:6.5時間以内
✧ 残業代100%支給","✧ 完全週休2日制(土日祝休み)
✧ 年間休日125日
「土日休みはマスト!」ってあなたにも
ぴったりの職場です!

【その他休暇】
✧ 有給休暇
✧ 夏季・冬季休暇
✧ GW休暇
✧ 年末年始休暇","東京都町田市原町田6-10-3 町田ERビル4F

周辺エリアに勤務地多数あり！
お気軽にご相談ください。",町田営業所,"月給:25万円~+交通費全額支給

※経験に応じて決定いたします。

# 昇給あり
# 賞与あり
# 残業代100%支給
# 交通費支給","・社会保険完備
・住宅手当
・家賃補助
・退職金制度
・家族手当・扶養手当
・健康診断
・特別休暇
・資格取得支援制度","\\✧カジュアル面談実施中です✧/

応募に必要なのは人柄のみです!
まずはあなたのご希望を聞かせてください!

✩.。.....................。.✩
■ 応募からの流れ ■
✩.。.....................。.✩

▶STEP1WEBから1分簡単ご応募!
1~3日以内に担当者よりご連絡いたします。

▶ STEP2カジュアル面談(1回のみ)

▶STEP3採用

※入社日のご相談OKです◎
お気軽にご相談ください!",,即日勤務OK、交通費支給、残業なし,2,任意,生年月日、性別、電話番号,ntf-indeedapplicant-aaaatulx77tci2k2pr5yeqapva@shukatsu-labo.slack.com,,,利用しない,,
募集中,株式会社テクノ・サービス,【未経験】軽作業/株式会社テクノ・サービス/横浜営業所,倉庫作業スタッフ,20代活躍中◎初めての軽作業デビュー♪,,神奈川県 横浜市 鶴見区 豊岡町,,,正社員,はい,月給,250000,,最低額を表示,なし,,,,,,,固定時間制,160,,厚生年金、健康保険、雇用保険、労災保険,,なし,,,,,,,,,,,,,,,,,,"難しいことは一切なし！簡単なピッキングや仕分けといった軽作業からスタート。

・リストを見ながら商品を集めるピッキング
・出荷先ごとの簡単な仕分け・梱包
・届いた商品の検品や棚入れ　など

「倉庫作業は初めてで不安…」という方も大丈夫！
先輩の90%が未経験からデビューしています。手厚い研修制度があるから、軽作業が初めての方も安心して一歩を踏み出せる環境です。","【アピールポイント：ココが私たちの推し！】

✅土日祝休み
カレンダー通りのお休みだから、大型連休もしっかり確保。遠征や旅行のスケジュールも立てやすいのが魅力です。

✅職場は「好き」を語れる同志ばかり！
20代メインの職場で、休憩時間は推しトークで大盛り上がり。「ライブどうだった？」「新曲最高！」なんて会話が日常茶飯事です。

✅自分らしさを完全キープ！
髪色・ネイル・服装は自由。推しカラーをネイルに取り入れたり、お気に入りの服でモチベーションを上げたり、オシャレを楽しみながら働けます。

✅趣味の資金もコツコツ貯まる♪
頑張りは昇給でしっかり評価。楽しみながらスキルを磨いて、推し活をもっと充実させちゃいましょう！","例外事由3号のイにより、長期キャリア形成を図るため、
35歳以下を募集しております。","【勤務時間】
★9:00~18:00
└実働8時間/休憩1時間

定時ダッシュも問題ないです✧
✧ 土日祝休み
✧ 残業月平均:6.5時間以内
✧ 残業代100%支給","✧ 完全週休2日制(土日祝休み)
✧ 年間休日125日
「土日休みはマスト!」ってあなたにも
ぴったりの職場です!

【その他休暇】
✧ 有給休暇
✧ 夏季・冬季休暇
✧ GW休暇
✧ 年末年始休暇","神奈川県横浜市鶴見区豊岡町3-17 朝日生命鶴見ビル4F

周辺エリアに勤務地多数あり！
お気軽にご相談ください。",横浜営業所,"月給:25万円~+交通費全額支給

※経験に応じて決定いたします。

# 昇給あり
# 賞与あり
# 残業代100%支給
# 交通費支給","・社会保険完備
・住宅手当
・家賃補助
・退職金制度
・家族手当・扶養手当
・健康診断
・特別休暇
・資格取得支援制度","\\✧カジュアル面談実施中です✧/

応募に必要なのは人柄のみです!
まずはあなたのご希望を聞かせてください!

✩.。.....................。.✩
■ 応募からの流れ ■
✩.。.....................。.✩

▶STEP1WEBから1分簡単ご応募!
1~3日以内に担当者よりご連絡いたします。

▶ STEP2カジュアル面談(1回のみ)

▶STEP3採用

※入社日のご相談OKです◎
お気軽にご相談ください!",,即日勤務OK、交通費支給、残業なし,2,任意,生年月日、性別、電話番号,ntf-indeedapplicant-aaaatulx77tci2k2pr5yeqapva@shukatsu-labo.slack.com,,,利用しない,,
募集中,株式会社テクノ・サービス,【未経験】軽作業/株式会社テクノ・サービス/厚木営業所,倉庫作業スタッフ,20代活躍中◎初めての軽作業デビュー♪,,神奈川県 厚木市 中町,,,正社員,はい,月給,250000,,最低額を表示,なし,,,,,,,固定時間制,160,,厚生年金、健康保険、雇用保険、労災保険,,なし,,,,,,,,,,,,,,,,,,"難しいことは一切なし！簡単なピッキングや仕分けといった軽作業からスタート。

・リストを見ながら商品を集めるピッキング
・出荷先ごとの簡単な仕分け・梱包
・届いた商品の検品や棚入れ　など

「倉庫作業は初めてで不安…」という方も大丈夫！
先輩の90%が未経験からデビューしています。手厚い研修制度があるから、軽作業が初めての方も安心して一歩を踏み出せる環境です。","【アピールポイント：ココが私たちの推し！】

✅土日祝休み
カレンダー通りのお休みだから、大型連休もしっかり確保。遠征や旅行のスケジュールも立てやすいのが魅力です。

✅職場は「好き」を語れる同志ばかり！
20代メインの職場で、休憩時間は推しトークで大盛り上がり。「ライブどうだった？」「新曲最高！」なんて会話が日常茶飯事です。

✅自分らしさを完全キープ！
髪色・ネイル・服装は自由。推しカラーをネイルに取り入れたり、お気に入りの服でモチベーションを上げたり、オシャレを楽しみながら働けます。

✅趣味の資金もコツコツ貯まる♪
頑張りは昇給でしっかり評価。楽しみながらスキルを磨いて、推し活をもっと充実させちゃいましょう！","例外事由3号のイにより、長期キャリア形成を図るため、
35歳以下を募集しております。","【勤務時間】
★9:00~18:00
└実働8時間/休憩1時間

定時ダッシュも問題ないです✧
✧ 土日祝休み
✧ 残業月平均:6.5時間以内
✧ 残業代100%支給","✧ 完全週休2日制(土日祝休み)
✧ 年間休日125日
「土日休みはマスト!」ってあなたにも
ぴったりの職場です!

【その他休暇】
✧ 有給休暇
✧ 夏季・冬季休暇
✧ GW休暇
✧ 年末年始休暇","神奈川県厚木市中町2-6-10 日本生命厚木ビル4F

周辺エリアに勤務地多数あり！
お気軽にご相談ください。",厚木営業所,"月給:25万円~+交通費全額支給

※経験に応じて決定いたします。

# 昇給あり
# 賞与あり
# 残業代100%支給
# 交通費支給","・社会保険完備
・住宅手当
・家賃補助
・退職金制度
・家族手当・扶養手当
・健康診断
・特別休暇
・資格取得支援制度","\\✧カジュアル面談実施中です✧/

応募に必要なのは人柄のみです!
まずはあなたのご希望を聞かせてください!

✩.。.....................。.✩
■ 応募からの流れ ■
✩.。.....................。.✩

▶STEP1WEBから1分簡単ご応募!
1~3日以内に担当者よりご連絡いたします。

▶ STEP2カジュアル面談(1回のみ)

▶STEP3採用

※入社日のご相談OKです◎
お気軽にご相談ください!",,即日勤務OK、交通費支給、残業なし,2,任意,生年月日、性別、電話番号,ntf-indeedapplicant-aaaatulx77tci2k2pr5yeqapva@shukatsu-labo.slack.com,,,利用しない,,
募集中,株式会社テクノ・サービス,【未経験】軽作業/株式会社テクノ・サービス/藤沢営業所,倉庫作業スタッフ,20代活躍中◎初めての軽作業デビュー♪,,神奈川県 藤沢市 藤沢,,,正社員,はい,月給,250000,,最低額を表示,なし,,,,,,,固定時間制,160,,厚生年金、健康保険、雇用保険、労災保険,,なし,,,,,,,,,,,,,,,,,,"難しいことは一切なし！簡単なピッキングや仕分けといった軽作業からスタート。

・リストを見ながら商品を集めるピッキング
・出荷先ごとの簡単な仕分け・梱包
・届いた商品の検品や棚入れ　など

「倉庫作業は初めてで不安…」という方も大丈夫！
先輩の90%が未経験からデビューしています。手厚い研修制度があるから、軽作業が初めての方も安心して一歩を踏み出せる環境です。","【アピールポイント：ココが私たちの推し！】

✅土日祝休み
カレンダー通りのお休みだから、大型連休もしっかり確保。遠征や旅行のスケジュールも立てやすいのが魅力です。

✅職場は「好き」を語れる同志ばかり！
20代メインの職場で、休憩時間は推しトークで大盛り上がり。「ライブどうだった？」「新曲最高！」なんて会話が日常茶飯事です。

✅自分らしさを完全キープ！
髪色・ネイル・服装は自由。推しカラーをネイルに取り入れたり、お気に入りの服でモチベーションを上げたり、オシャレを楽しみながら働けます。

✅趣味の資金もコツコツ貯まる♪
頑張りは昇給でしっかり評価。楽しみながらスキルを磨いて、推し活をもっと充実させちゃいましょう！","例外事由3号のイにより、長期キャリア形成を図るため、
35歳以下を募集しております。","【勤務時間】
★9:00~18:00
└実働8時間/休憩1時間

定時ダッシュも問題ないです✧
✧ 土日祝休み
✧ 残業月平均:6.5時間以内
✧ 残業代100%支給","✧ 完全週休2日制(土日祝休み)
✧ 年間休日125日
「土日休みはマスト!」ってあなたにも
ぴったりの職場です!

【その他休暇】
✧ 有給休暇
✧ 夏季・冬季休暇
✧ GW休暇
✧ 年末年始休暇","神奈川県藤沢市藤沢438-1 藤沢30ビル4F

周辺エリアに勤務地多数あり！
お気軽にご相談ください。",藤沢営業所,"月給:25万円~+交通費全額支給

※経験に応じて決定いたします。

# 昇給あり
# 賞与あり
# 残業代100%支給
# 交通費支給","・社会保険完備
・住宅手当
・家賃補助
・退職金制度
・家族手当・扶養手当
・健康診断
・特別休暇
・資格取得支援制度","\\✧カジュアル面談実施中です✧/

応募に必要なのは人柄のみです!
まずはあなたのご希望を聞かせてください!

✩.。.....................。.✩
■ 応募からの流れ ■
✩.。.....................。.✩

▶STEP1WEBから1分簡単ご応募!
1~3日以内に担当者よりご連絡いたします。

▶ STEP2カジュアル面談(1回のみ)

▶STEP3採用

※入社日のご相談OKです◎
お気軽にご相談ください!",,即日勤務OK、交通費支給、残業なし,2,任意,生年月日、性別、電話番号,ntf-indeedapplicant-aaaatulx77tci2k2pr5yeqapva@shukatsu-labo.slack.com,,,利用しない,,
募集中,株式会社テクノ・サービス,【未経験】軽作業/株式会社テクノ・サービス/名古屋営業所,倉庫作業スタッフ,20代活躍中◎初めての軽作業デビュー♪,,愛知県 名古屋市 中村区 名駅,,,正社員,はい,月給,250000,,最低額を表示,なし,,,,,,,固定時間制,160,,厚生年金、健康保険、雇用保険、労災保険,,なし,,,,,,,,,,,,,,,,,,"難しいことは一切なし！簡単なピッキングや仕分けといった軽作業からスタート。

・リストを見ながら商品を集めるピッキング
・出荷先ごとの簡単な仕分け・梱包
・届いた商品の検品や棚入れ　など

「倉庫作業は初めてで不安…」という方も大丈夫！
先輩の90%が未経験からデビューしています。手厚い研修制度があるから、軽作業が初めての方も安心して一歩を踏み出せる環境です。","【アピールポイント：ココが私たちの推し！】

✅土日祝休み
カレンダー通りのお休みだから、大型連休もしっかり確保。遠征や旅行のスケジュールも立てやすいのが魅力です。

✅職場は「好き」を語れる同志ばかり！
20代メインの職場で、休憩時間は推しトークで大盛り上がり。「ライブどうだった？」「新曲最高！」なんて会話が日常茶飯事です。

✅自分らしさを完全キープ！
髪色・ネイル・服装は自由。推しカラーをネイルに取り入れたり、お気に入りの服でモチベーションを上げたり、オシャレを楽しみながら働けます。

✅趣味の資金もコツコツ貯まる♪
頑張りは昇給でしっかり評価。楽しみながらスキルを磨いて、推し活をもっと充実させちゃいましょう！","例外事由3号のイにより、長期キャリア形成を図るため、
35歳以下を募集しております。","【勤務時間】
★9:00~18:00
└実働8時間/休憩1時間

定時ダッシュも問題ないです✧
✧ 土日祝休み
✧ 残業月平均:6.5時間以内
✧ 残業代100%支給","✧ 完全週休2日制(土日祝休み)
✧ 年間休日125日
「土日休みはマスト!」ってあなたにも
ぴったりの職場です!

【その他休暇】
✧ 有給休暇
✧ 夏季・冬季休暇
✧ GW休暇
✧ 年末年始休暇","愛知県名古屋市中村区名駅4-24-16 広小路ガーデンアベニュー3F

周辺エリアに勤務地多数あり！
お気軽にご相談ください。",名古屋営業所,"月給:25万円~+交通費全額支給

※経験に応じて決定いたします。

# 昇給あり
# 賞与あり
# 残業代100%支給
# 交通費支給","・社会保険完備
・住宅手当
・家賃補助
・退職金制度
・家族手当・扶養手当
・健康診断
・特別休暇
・資格取得支援制度","\\✧カジュアル面談実施中です✧/

応募に必要なのは人柄のみです!
まずはあなたのご希望を聞かせてください!

✩.。.....................。.✩
■ 応募からの流れ ■
✩.。.....................。.✩

▶STEP1WEBから1分簡単ご応募!
1~3日以内に担当者よりご連絡いたします。

▶ STEP2カジュアル面談(1回のみ)

▶STEP3採用

※入社日のご相談OKです◎
お気軽にご相談ください!",,即日勤務OK、交通費支給、残業なし,2,任意,生年月日、性別、電話番号,ntf-indeedapplicant-aaaatulx77tci2k2pr5yeqapva@shukatsu-labo.slack.com,,,利用しない,,
募集中,株式会社テクノ・サービス,【未経験】軽作業/株式会社テクノ・サービス/岡崎営業所,倉庫作業スタッフ,20代活躍中◎初めての軽作業デビュー♪,,愛知県 岡崎市 明大寺本町,,,正社員,はい,月給,250000,,最低額を表示,なし,,,,,,,固定時間制,160,,厚生年金、健康保険、雇用保険、労災保険,,なし,,,,,,,,,,,,,,,,,,"難しいことは一切なし！簡単なピッキングや仕分けといった軽作業からスタート。

・リストを見ながら商品を集めるピッキング
・出荷先ごとの簡単な仕分け・梱包
・届いた商品の検品や棚入れ　など

「倉庫作業は初めてで不安…」という方も大丈夫！
先輩の90%が未経験からデビューしています。手厚い研修制度があるから、軽作業が初めての方も安心して一歩を踏み出せる環境です。","【アピールポイント：ココが私たちの推し！】

✅土日祝休み
カレンダー通りのお休みだから、大型連休もしっかり確保。遠征や旅行のスケジュールも立てやすいのが魅力です。

✅職場は「好き」を語れる同志ばかり！
20代メインの職場で、休憩時間は推しトークで大盛り上がり。「ライブどうだった？」「新曲最高！」なんて会話が日常茶飯事です。

✅自分らしさを完全キープ！
髪色・ネイル・服装は自由。推しカラーをネイルに取り入れたり、お気に入りの服でモチベーションを上げたり、オシャレを楽しみながら働けます。

✅趣味の資金もコツコツ貯まる♪
頑張りは昇給でしっかり評価。楽しみながらスキルを磨いて、推し活をもっと充実させちゃいましょう！","例外事由3号のイにより、長期キャリア形成を図るため、
35歳以下を募集しております。","【勤務時間】
★9:00~18:00
└実働8時間/休憩1時間

定時ダッシュも問題ないです✧
✧ 土日祝休み
✧ 残業月平均:6.5時間以内
✧ 残業代100%支給","✧ 完全週休2日制(土日祝休み)
✧ 年間休日125日
「土日休みはマスト!」ってあなたにも
ぴったりの職場です!

【その他休暇】
✧ 有給休暇
✧ 夏季・冬季休暇
✧ GW休暇
✧ 年末年始休暇","愛知県岡崎市明大寺本町1-34 岡崎ビル5F

周辺エリアに勤務地多数あり！
お気軽にご相談ください。",岡崎営業所,"月給:25万円~+交通費全額支給

※経験に応じて決定いたします。

# 昇給あり
# 賞与あり
# 残業代100%支給
# 交通費支給","・社会保険完備
・住宅手当
・家賃補助
・退職金制度
・家族手当・扶養手当
・健康診断
・特別休暇
・資格取得支援制度","\\✧カジュアル面談実施中です✧/

応募に必要なのは人柄のみです!
まずはあなたのご希望を聞かせてください!

✩.。.....................。.✩
■ 応募からの流れ ■
✩.。.....................。.✩

▶STEP1WEBから1分簡単ご応募!
1~3日以内に担当者よりご連絡いたします。

▶ STEP2カジュアル面談(1回のみ)

▶STEP3採用

※入社日のご相談OKです◎
お気軽にご相談ください!",,即日勤務OK、交通費支給、残業なし,2,任意,生年月日、性別、電話番号,ntf-indeedapplicant-aaaatulx77tci2k2pr5yeqapva@shukatsu-labo.slack.com,,,利用しない,,
募集中,株式会社テクノ・サービス,【未経験】軽作業/株式会社テクノ・サービス/豊田営業所,倉庫作業スタッフ,20代活躍中◎初めての軽作業デビュー♪,,愛知県 豊田市 西町,,,正社員,はい,月給,250000,,最低額を表示,なし,,,,,,,固定時間制,160,,厚生年金、健康保険、雇用保険、労災保険,,なし,,,,,,,,,,,,,,,,,,"難しいことは一切なし！簡単なピッキングや仕分けといった軽作業からスタート。

・リストを見ながら商品を集めるピッキング
・出荷先ごとの簡単な仕分け・梱包
・届いた商品の検品や棚入れ　など

「倉庫作業は初めてで不安…」という方も大丈夫！
先輩の90%が未経験からデビューしています。手厚い研修制度があるから、軽作業が初めての方も安心して一歩を踏み出せる環境です。","【アピールポイント：ココが私たちの推し！】

✅土日祝休み
カレンダー通りのお休みだから、大型連休もしっかり確保。遠征や旅行のスケジュールも立てやすいのが魅力です。

✅職場は「好き」を語れる同志ばかり！
20代メインの職場で、休憩時間は推しトークで大盛り上がり。「ライブどうだった？」「新曲最高！」なんて会話が日常茶飯事です。

✅自分らしさを完全キープ！
髪色・ネイル・服装は自由。推しカラーをネイルに取り入れたり、お気に入りの服でモチベーションを上げたり、オシャレを楽しみながら働けます。

✅趣味の資金もコツコツ貯まる♪
頑張りは昇給でしっかり評価。楽しみながらスキルを磨いて、推し活をもっと充実させちゃいましょう！","例外事由3号のイにより、長期キャリア形成を図るため、
35歳以下を募集しております。","【勤務時間】
★9:00~18:00
└実働8時間/休憩1時間

定時ダッシュも問題ないです✧
✧ 土日祝休み
✧ 残業月平均:6.5時間以内
✧ 残業代100%支給","✧ 完全週休2日制(土日祝休み)
✧ 年間休日125日
「土日休みはマスト!」ってあなたにも
ぴったりの職場です!

【その他休暇】
✧ 有給休暇
✧ 夏季・冬季休暇
✧ GW休暇
✧ 年末年始休暇","愛知県豊田市西町1-200 豊田参合館2F

周辺エリアに勤務地多数あり！
お気軽にご相談ください。",豊田営業所,"月給:25万円~+交通費全額支給

※経験に応じて決定いたします。

# 昇給あり
# 賞与あり
# 残業代100%支給
# 交通費支給","・社会保険完備
・住宅手当
・家賃補助
・退職金制度
・家族手当・扶養手当
・健康診断
・特別休暇
・資格取得支援制度","\\✧カジュアル面談実施中です✧/

応募に必要なのは人柄のみです!
まずはあなたのご希望を聞かせてください!

✩.。.....................。.✩
■ 応募からの流れ ■
✩.。.....................。.✩

▶STEP1WEBから1分簡単ご応募!
1~3日以内に担当者よりご連絡いたします。

▶ STEP2カジュアル面談(1回のみ)

▶STEP3採用

※入社日のご相談OKです◎
お気軽にご相談ください!",,即日勤務OK、交通費支給、残業なし,2,任意,生年月日、性別、電話番号,ntf-indeedapplicant-aaaatulx77tci2k2pr5yeqapva@shukatsu-labo.slack.com,,,利用しない,,
募集中,株式会社テクノ・サービス,【未経験】軽作業/株式会社テクノ・サービス/大阪営業所,倉庫作業スタッフ,20代活躍中◎初めての軽作業デビュー♪,,大阪府 大阪市 北区 角田町,,,正社員,はい,月給,250000,,最低額を表示,なし,,,,,,,固定時間制,160,,厚生年金、健康保険、雇用保険、労災保険,,なし,,,,,,,,,,,,,,,,,,"難しいことは一切なし！簡単なピッキングや仕分けといった軽作業からスタート。

・リストを見ながら商品を集めるピッキング
・出荷先ごとの簡単な仕分け・梱包
・届いた商品の検品や棚入れ　など

「倉庫作業は初めてで不安…」という方も大丈夫！
先輩の90%が未経験からデビューしています。手厚い研修制度があるから、軽作業が初めての方も安心して一歩を踏み出せる環境です。","【アピールポイント：ココが私たちの推し！】

✅土日祝休み
カレンダー通りのお休みだから、大型連休もしっかり確保。遠征や旅行のスケジュールも立てやすいのが魅力です。

✅職場は「好き」を語れる同志ばかり！
20代メインの職場で、休憩時間は推しトークで大盛り上がり。「ライブどうだった？」「新曲最高！」なんて会話が日常茶飯事です。

✅自分らしさを完全キープ！
髪色・ネイル・服装は自由。推しカラーをネイルに取り入れたり、お気に入りの服でモチベーションを上げたり、オシャレを楽しみながら働けます。

✅趣味の資金もコツコツ貯まる♪
頑張りは昇給でしっかり評価。楽しみながらスキルを磨いて、推し活をもっと充実させちゃいましょう！","例外事由3号のイにより、長期キャリア形成を図るため、
35歳以下を募集しております。","【勤務時間】
★9:00~18:00
└実働8時間/休憩1時間

定時ダッシュも問題ないです✧
✧ 土日祝休み
✧ 残業月平均:6.5時間以内
✧ 残業代100%支給","✧ 完全週休2日制(土日祝休み)
✧ 年間休日125日
「土日休みはマスト!」ってあなたにも
ぴったりの職場です!

【その他休暇】
✧ 有給休暇
✧ 夏季・冬季休暇
✧ GW休暇
✧ 年末年始休暇","大阪府大阪市北区角田町8-1 梅田阪急ビルオフィスタワー35F

周辺エリアに勤務地多数あり！
お気軽にご相談ください。",大阪営業所,"月給:25万円~+交通費全額支給

※経験に応じて決定いたします。

# 昇給あり
# 賞与あり
# 残業代100%支給
# 交通費支給","・社会保険完備
・住宅手当
・家賃補助
・退職金制度
・家族手当・扶養手当
・健康診断
・特別休暇
・資格取得支援制度","\\✧カジュアル面談実施中です✧/

応募に必要なのは人柄のみです!
まずはあなたのご希望を聞かせてください!

✩.。.....................。.✩
■ 応募からの流れ ■
✩.。.....................。.✩

▶STEP1WEBから1分簡単ご応募!
1~3日以内に担当者よりご連絡いたします。

▶ STEP2カジュアル面談(1回のみ)

▶STEP3採用

※入社日のご相談OKです◎
お気軽にご相談ください!",,即日勤務OK、交通費支給、残業なし,2,任意,生年月日、性別、電話番号,ntf-indeedapplicant-aaaatulx77tci2k2pr5yeqapva@shukatsu-labo.slack.com,,,利用しない,,
募集中,株式会社テクノ・サービス,【未経験】軽作業/株式会社テクノ・サービス/堺営業所,倉庫作業スタッフ,20代活躍中◎初めての軽作業デビュー♪,,大阪府 堺市 堺区 熊野町東,,,正社員,はい,月給,250000,,最低額を表示,なし,,,,,,,固定時間制,160,,厚生年金、健康保険、雇用保険、労災保険,,なし,,,,,,,,,,,,,,,,,,"難しいことは一切なし！簡単なピッキングや仕分けといった軽作業からスタート。

・リストを見ながら商品を集めるピッキング
・出荷先ごとの簡単な仕分け・梱包
・届いた商品の検品や棚入れ　など

「倉庫作業は初めてで不安…」という方も大丈夫！
先輩の90%が未経験からデビューしています。手厚い研修制度があるから、軽作業が初めての方も安心して一歩を踏み出せる環境です。","【アピールポイント：ココが私たちの推し！】

✅土日祝休み
カレンダー通りのお休みだから、大型連休もしっかり確保。遠征や旅行のスケジュールも立てやすいのが魅力です。

✅職場は「好き」を語れる同志ばかり！
20代メインの職場で、休憩時間は推しトークで大盛り上がり。「ライブどうだった？」「新曲最高！」なんて会話が日常茶飯事です。

✅自分らしさを完全キープ！
髪色・ネイル・服装は自由。推しカラーをネイルに取り入れたり、お気に入りの服でモチベーションを上げたり、オシャレを楽しみながら働けます。

✅趣味の資金もコツコツ貯まる♪
頑張りは昇給でしっかり評価。楽しみながらスキルを磨いて、推し活をもっと充実させちゃいましょう！","例外事由3号のイにより、長期キャリア形成を図るため、
35歳以下を募集しております。","【勤務時間】
★9:00~18:00
└実働8時間/休憩1時間

定時ダッシュも問題ないです✧
✧ 土日祝休み
✧ 残業月平均:6.5時間以内
✧ 残業代100%支給","✧ 完全週休2日制(土日祝休み)
✧ 年間休日125日
「土日休みはマスト!」ってあなたにも
ぴったりの職場です!

【その他休暇】
✧ 有給休暇
✧ 夏季・冬季休暇
✧ GW休暇
✧ 年末年始休暇","大阪府堺市堺区熊野町東3-2-28 堺駅前ビル2F

周辺エリアに勤務地多数あり！
お気軽にご相談ください。",堺営業所,"月給:25万円~+交通費全額支給

※経験に応じて決定いたします。

# 昇給あり
# 賞与あり
# 残業代100%支給
# 交通費支給","・社会保険完備
・住宅手当
・家賃補助
・退職金制度
・家族手当・扶養手当
・健康診断
・特別休暇
・資格取得支援制度","\\✧カジュアル面談実施中です✧/

応募に必要なのは人柄のみです!
まずはあなたのご希望を聞かせてください!

✩.。.....................。.✩
■ 応募からの流れ ■
✩.。.....................。.✩

▶STEP1WEBから1分簡単ご応募!
1~3日以内に担当者よりご連絡いたします。

▶ STEP2カジュアル面談(1回のみ)

▶STEP3採用

※入社日のご相談OKです◎
お気軽にご相談ください!",,即日勤務OK、交通費支給、残業なし,2,任意,生年月日、性別、電話番号,ntf-indeedapplicant-aaaatulx77tci2k2pr5yeqapva@shukatsu-labo.slack.com,,,利用しない,,
募集中,株式会社テクノ・サービス,【未経験】軽作業/株式会社テクノ・サービス/福岡営業所,倉庫作業スタッフ,20代活躍中◎初めての軽作業デビュー♪,,福岡県 福岡市 博多区 中洲,,,正社員,はい,月給,250000,,最低額を表示,なし,,,,,,,固定時間制,160,,厚生年金、健康保険、雇用保険、労災保険,,なし,,,,,,,,,,,,,,,,,,"難しいことは一切なし！簡単なピッキングや仕分けといった軽作業からスタート。

・リストを見ながら商品を集めるピッキング
・出荷先ごとの簡単な仕分け・梱包
・届いた商品の検品や棚入れ　など

「倉庫作業は初めてで不安…」という方も大丈夫！
先輩の90%が未経験からデビューしています。手厚い研修制度があるから、軽作業が初めての方も安心して一歩を踏み出せる環境です。","【アピールポイント：ココが私たちの推し！】

✅土日祝休み
カレンダー通りのお休みだから、大型連休もしっかり確保。遠征や旅行のスケジュールも立てやすいのが魅力です。

✅職場は「好き」を語れる同志ばかり！
20代メインの職場で、休憩時間は推しトークで大盛り上がり。「ライブどうだった？」「新曲最高！」なんて会話が日常茶飯事です。

✅自分らしさを完全キープ！
髪色・ネイル・服装は自由。推しカラーをネイルに取り入れたり、お気に入りの服でモチベーションを上げたり、オシャレを楽しみながら働けます。

✅趣味の資金もコツコツ貯まる♪
頑張りは昇給でしっかり評価。楽しみながらスキルを磨いて、推し活をもっと充実させちゃいましょう！","例外事由3号のイにより、長期キャリア形成を図るため、
35歳以下を募集しております。","【勤務時間】
★9:00~18:00
└実働8時間/休憩1時間

定時ダッシュも問題ないです✧
✧ 土日祝休み
✧ 残業月平均:6.5時間以内
✧ 残業代100%支給","✧ 完全週休2日制(土日祝休み)
✧ 年間休日125日
「土日休みはマスト!」ってあなたにも
ぴったりの職場です!

【その他休暇】
✧ 有給休暇
✧ 夏季・冬季休暇
✧ GW休暇
✧ 年末年始休暇","福岡県福岡市博多区中洲5-6-24 第6ガーデンビル2F

周辺エリアに勤務地多数あり！
お気軽にご相談ください。",福岡営業所,"月給:25万円~+交通費全額支給

※経験に応じて決定いたします。

# 昇給あり
# 賞与あり
# 残業代100%支給
# 交通費支給","・社会保険完備
・住宅手当
・家賃補助
・退職金制度
・家族手当・扶養手当
・健康診断
・特別休暇
・資格取得支援制度","\\✧カジュアル面談実施中です✧/

応募に必要なのは人柄のみです!
まずはあなたのご希望を聞かせてください!

✩.。.....................。.✩
■ 応募からの流れ ■
✩.。.....................。.✩

▶STEP1WEBから1分簡単ご応募!
1~3日以内に担当者よりご連絡いたします。

▶ STEP2カジュアル面談(1回のみ)

▶STEP3採用

※入社日のご相談OKです◎
お気軽にご相談ください!",,即日勤務OK、交通費支給、残業なし,2,任意,生年月日、性別、電話番号,ntf-indeedapplicant-aaaatulx77tci2k2pr5yeqapva@shukatsu-labo.slack.com,,,利用しない,,
募集中,株式会社テクノ・サービス,【未経験】軽作業/株式会社テクノ・サービス/北九州営業所,倉庫作業スタッフ,20代活躍中◎初めての軽作業デビュー♪,,福岡県 北九州市 小倉北区 米町,,,正社員,はい,月給,250000,,最低額を表示,なし,,,,,,,固定時間制,160,,厚生年金、健康保険、雇用保険、労災保険,,なし,,,,,,,,,,,,,,,,,,"難しいことは一切なし！簡単なピッキングや仕分けといった軽作業からスタート。

・リストを見ながら商品を集めるピッキング
・出荷先ごとの簡単な仕分け・梱包
・届いた商品の検品や棚入れ　など

「倉庫作業は初めてで不安…」という方も大丈夫！
先輩の90%が未経験からデビューしています。手厚い研修制度があるから、軽作業が初めての方も安心して一歩を踏み出せる環境です。","【アピールポイント：ココが私たちの推し！】

✅土日祝休み
カレンダー通りのお休みだから、大型連休もしっかり確保。遠征や旅行のスケジュールも立てやすいのが魅力です。

✅職場は「好き」を語れる同志ばかり！
20代メインの職場で、休憩時間は推しトークで大盛り上がり。「ライブどうだった？」「新曲最高！」なんて会話が日常茶飯事です。

✅自分らしさを完全キープ！
髪色・ネイル・服装は自由。推しカラーをネイルに取り入れたり、お気に入りの服でモチベーションを上げたり、オシャレを楽しみながら働けます。

✅趣味の資金もコツコツ貯まる♪
頑張りは昇給でしっかり評価。楽しみながらスキルを磨いて、推し活をもっと充実させちゃいましょう！","例外事由3号のイにより、長期キャリア形成を図るため、
35歳以下を募集しております。","【勤務時間】
★9:00~18:00
└実働8時間/休憩1時間

定時ダッシュも問題ないです✧
✧ 土日祝休み
✧ 残業月平均:6.5時間以内
✧ 残業代100%支給","✧ 完全週休2日制(土日祝休み)
✧ 年間休日125日
「土日休みはマスト!」ってあなたにも
ぴったりの職場です!

【その他休暇】
✧ 有給休暇
✧ 夏季・冬季休暇
✧ GW休暇
✧ 年末年始休暇","福岡県北九州市小倉北区米町1-1-7 小倉駅前中道ビル4F

周辺エリアに勤務地多数あり！
お気軽にご相談ください。",北九州営業所,"月給:25万円~+交通費全額支給

※経験に応じて決定いたします。

# 昇給あり
# 賞与あり
# 残業代100%支給
# 交通費支給","・社会保険完備
・住宅手当
・家賃補助
・退職金制度
・家族手当・扶養手当
・健康診断
・特別休暇
・資格取得支援制度","\\✧カジュアル面談実施中です✧/

応募に必要なのは人柄のみです!
まずはあなたのご希望を聞かせてください!

✩.。.....................。.✩
■ 応募からの流れ ■
✩.。.....................。.✩

▶STEP1WEBから1分簡単ご応募!
1~3日以内に担当者よりご連絡いたします。

▶ STEP2カジュアル面談(1回のみ)

▶STEP3採用

※入社日のご相談OKです◎
お気軽にご相談ください!",,即日勤務OK、交通費支給、残業なし,2,任意,生年月日、性別、電話番号,ntf-indeedapplicant-aaaatulx77tci2k2pr5yeqapva@shukatsu-labo.slack.com,,,利用しない,,
募集中,日本マニュファクチャリングサービス株式会社,【未経験】軽作業スタッフ/日本マニュファクチャリングサービス株式会社/大阪府摂津市,倉庫作業スタッフ,20~30代活躍中◎初めての軽作業デビュー♪,,大阪府 摂津市,,,正社員,はい,月給,250000,,最低額を表示,なし,,,,,,,固定時間制,160,,厚生年金、健康保険、雇用保険、労災保険,,なし,,,,,,,,,,,,,,,,,,"難しいことは一切なし！簡単なピッキングや仕分けといった軽作業からスタート。

・リストを見ながら商品を集めるピッキング
・出荷先ごとの簡単な仕分け・梱包
・届いた商品の検品や棚入れ　など

「倉庫作業は初めてで不安…」という方も大丈夫！
先輩の90%が未経験からデビューしています。手厚い研修制度があるから、軽作業が初めての方も安心して一歩を踏み出せる環境です。","【アピールポイント：ココが私たちの推し！】

✅土日祝休み
カレンダー通りのお休みだから、大型連休もしっかり確保。遠征や旅行のスケジュールも立てやすいのが魅力です。

✅職場は「好き」を語れる同志ばかり！
20代メインの職場で、休憩時間は推しトークで大盛り上がり。「ライブどうだった？」「新曲最高！」なんて会話が日常茶飯事です。

✅自分らしさを完全キープ！
髪色・ネイル・服装は自由。推しカラーをネイルに取り入れたり、お気に入りの服でモチベーションを上げたり、オシャレを楽しみながら働けます。

✅趣味の資金もコツコツ貯まる♪
頑張りは昇給でしっかり評価。楽しみながらスキルを磨いて、推し活をもっと充実させちゃいましょう！","例外事由3号のイにより、長期キャリア形成を図るため、
35歳以下を募集しております。","【勤務時間】
★9:00~18:00
└実働8時間/休憩1時間

定時ダッシュも問題ないです✧
✧ 土日祝休み
✧ 残業月平均:6.5時間以内
✧ 残業代100%支給","✧ 完全週休2日制(土日祝休み)
✧ 年間休日125日
「土日休みはマスト!」ってあなたにも
ぴったりの職場です!

【その他休暇】
✧ 有給休暇
✧ 夏季・冬季休暇
✧ GW休暇
✧ 年末年始休暇",大阪府 摂津市,,"月給:25万円~+交通費全額支給

※経験に応じて決定いたします。

# 昇給あり
# 賞与あり
# 残業代100%支給
# 交通費支給","・社会保険完備
・住宅手当
・家賃補助
・退職金制度
・家族手当・扶養手当
・健康診断
・特別休暇
・資格取得支援制度","\\✧カジュアル面談実施中です✧/

応募に必要なのは人柄のみです!
まずはあなたのご希望を聞かせてください!

✩.。.....................。.✩
■ 応募からの流れ ■
✩.。.....................。.✩

▶STEP1WEBから1分簡単ご応募!
1~3日以内に担当者よりご連絡いたします。

▶ STEP2カジュアル面談(1回のみ)

▶STEP3採用

※入社日のご相談OKです◎
お気軽にご相談ください!",,即日勤務OK、交通費支給、残業なし,2,任意,生年月日、性別、電話番号,ntf-indeedapplicant-aaaatulx77tci2k2pr5yeqapva@shukatsu-labo.slack.com,,,利用しない,,
募集中,日本マニュファクチャリングサービス株式会社,【未経験】軽作業スタッフ/日本マニュファクチャリングサービス株式会社/大阪府池田市,倉庫作業スタッフ,20~30代活躍中◎初めての軽作業デビュー♪,,大阪府 池田市,,,正社員,はい,月給,250000,,最低額を表示,なし,,,,,,,固定時間制,160,,厚生年金、健康保険、雇用保険、労災保険,,なし,,,,,,,,,,,,,,,,,,"難しいことは一切なし！簡単なピッキングや仕分けといった軽作業からスタート。

・リストを見ながら商品を集めるピッキング
・出荷先ごとの簡単な仕分け・梱包
・届いた商品の検品や棚入れ　など

「倉庫作業は初めてで不安…」という方も大丈夫！
先輩の90%が未経験からデビューしています。手厚い研修制度があるから、軽作業が初めての方も安心して一歩を踏み出せる環境です。","【アピールポイント：ココが私たちの推し！】

✅土日祝休み
カレンダー通りのお休みだから、大型連休もしっかり確保。遠征や旅行のスケジュールも立てやすいのが魅力です。

✅職場は「好き」を語れる同志ばかり！
20代メインの職場で、休憩時間は推しトークで大盛り上がり。「ライブどうだった？」「新曲最高！」なんて会話が日常茶飯事です。

✅自分らしさを完全キープ！
髪色・ネイル・服装は自由。推しカラーをネイルに取り入れたり、お気に入りの服でモチベーションを上げたり、オシャレを楽しみながら働けます。

✅趣味の資金もコツコツ貯まる♪
頑張りは昇給でしっかり評価。楽しみながらスキルを磨いて、推し活をもっと充実させちゃいましょう！","例外事由3号のイにより、長期キャリア形成を図るため、
35歳以下を募集しております。","【勤務時間】
★9:00~18:00
└実働8時間/休憩1時間

定時ダッシュも問題ないです✧
✧ 土日祝休み
✧ 残業月平均:6.5時間以内
✧ 残業代100%支給","✧ 完全週休2日制(土日祝休み)
✧ 年間休日125日
「土日休みはマスト!」ってあなたにも
ぴったりの職場です!

【その他休暇】
✧ 有給休暇
✧ 夏季・冬季休暇
✧ GW休暇
✧ 年末年始休暇",大阪府 池田市,,"月給:25万円~+交通費全額支給

※経験に応じて決定いたします。

# 昇給あり
# 賞与あり
# 残業代100%支給
# 交通費支給","・社会保険完備
・住宅手当
・家賃補助
・退職金制度
・家族手当・扶養手当
・健康診断
・特別休暇
・資格取得支援制度","\\✧カジュアル面談実施中です✧/

応募に必要なのは人柄のみです!
まずはあなたのご希望を聞かせてください!

✩.。.....................。.✩
■ 応募からの流れ ■
✩.。.....................。.✩

▶STEP1WEBから1分簡単ご応募!
1~3日以内に担当者よりご連絡いたします。

▶ STEP2カジュアル面談(1回のみ)

▶STEP3採用

※入社日のご相談OKです◎
お気軽にご相談ください!",,即日勤務OK、交通費支給、残業なし,2,任意,生年月日、性別、電話番号,ntf-indeedapplicant-aaaatulx77tci2k2pr5yeqapva@shukatsu-labo.slack.com,,,利用しない,,
募集中,日本マニュファクチャリングサービス株式会社,【未経験】軽作業スタッフ/日本マニュファクチャリングサービス株式会社/大阪府泉佐野市,倉庫作業スタッフ,20~30代活躍中◎初めての軽作業デビュー♪,,大阪府 泉佐野市,,,正社員,はい,月給,250000,,最低額を表示,なし,,,,,,,固定時間制,160,,厚生年金、健康保険、雇用保険、労災保険,,なし,,,,,,,,,,,,,,,,,,"難しいことは一切なし！簡単なピッキングや仕分けといった軽作業からスタート。

・リストを見ながら商品を集めるピッキング
・出荷先ごとの簡単な仕分け・梱包
・届いた商品の検品や棚入れ　など

「倉庫作業は初めてで不安…」という方も大丈夫！
先輩の90%が未経験からデビューしています。手厚い研修制度があるから、軽作業が初めての方も安心して一歩を踏み出せる環境です。","【アピールポイント：ココが私たちの推し！】

✅土日祝休み
カレンダー通りのお休みだから、大型連休もしっかり確保。遠征や旅行のスケジュールも立てやすいのが魅力です。

✅職場は「好き」を語れる同志ばかり！
20代メインの職場で、休憩時間は推しトークで大盛り上がり。「ライブどうだった？」「新曲最高！」なんて会話が日常茶飯事です。

✅自分らしさを完全キープ！
髪色・ネイル・服装は自由。推しカラーをネイルに取り入れたり、お気に入りの服でモチベーションを上げたり、オシャレを楽しみながら働けます。

✅趣味の資金もコツコツ貯まる♪
頑張りは昇給でしっかり評価。楽しみながらスキルを磨いて、推し活をもっと充実させちゃいましょう！","例外事由3号のイにより、長期キャリア形成を図るため、
35歳以下を募集しております。","【勤務時間】
★9:00~18:00
└実働8時間/休憩1時間

定時ダッシュも問題ないです✧
✧ 土日祝休み
✧ 残業月平均:6.5時間以内
✧ 残業代100%支給","✧ 完全週休2日制(土日祝休み)
✧ 年間休日125日
「土日休みはマスト!」ってあなたにも
ぴったりの職場です!

【その他休暇】
✧ 有給休暇
✧ 夏季・冬季休暇
✧ GW休暇
✧ 年末年始休暇",大阪府 泉佐野市,,"月給:25万円~+交通費全額支給

※経験に応じて決定いたします。

# 昇給あり
# 賞与あり
# 残業代100%支給
# 交通費支給","・社会保険完備
・住宅手当
・家賃補助
・退職金制度
・家族手当・扶養手当
・健康診断
・特別休暇
・資格取得支援制度","\\✧カジュアル面談実施中です✧/

応募に必要なのは人柄のみです!
まずはあなたのご希望を聞かせてください!

✩.。.....................。.✩
■ 応募からの流れ ■
✩.。.....................。.✩

▶STEP1WEBから1分簡単ご応募!
1~3日以内に担当者よりご連絡いたします。

▶ STEP2カジュアル面談(1回のみ)

▶STEP3採用

※入社日のご相談OKです◎
お気軽にご相談ください!",,即日勤務OK、交通費支給、残業なし,2,任意,生年月日、性別、電話番号,ntf-indeedapplicant-aaaatulx77tci2k2pr5yeqapva@shukatsu-labo.slack.com,,,利用しない,,
募集中,日本マニュファクチャリングサービス株式会社,【未経験】軽作業スタッフ/日本マニュファクチャリングサービス株式会社/大阪府貝塚市,倉庫作業スタッフ,20~30代活躍中◎初めての軽作業デビュー♪,,大阪府 貝塚市,,,正社員,はい,月給,250000,,最低額を表示,なし,,,,,,,固定時間制,160,,厚生年金、健康保険、雇用保険、労災保険,,なし,,,,,,,,,,,,,,,,,,"難しいことは一切なし！簡単なピッキングや仕分けといった軽作業からスタート。

・リストを見ながら商品を集めるピッキング
・出荷先ごとの簡単な仕分け・梱包
・届いた商品の検品や棚入れ　など

「倉庫作業は初めてで不安…」という方も大丈夫！
先輩の90%が未経験からデビューしています。手厚い研修制度があるから、軽作業が初めての方も安心して一歩を踏み出せる環境です。","【アピールポイント：ココが私たちの推し！】

✅土日祝休み
カレンダー通りのお休みだから、大型連休もしっかり確保。遠征や旅行のスケジュールも立てやすいのが魅力です。

✅職場は「好き」を語れる同志ばかり！
20代メインの職場で、休憩時間は推しトークで大盛り上がり。「ライブどうだった？」「新曲最高！」なんて会話が日常茶飯事です。

✅自分らしさを完全キープ！
髪色・ネイル・服装は自由。推しカラーをネイルに取り入れたり、お気に入りの服でモチベーションを上げたり、オシャレを楽しみながら働けます。

✅趣味の資金もコツコツ貯まる♪
頑張りは昇給でしっかり評価。楽しみながらスキルを磨いて、推し活をもっと充実させちゃいましょう！","例外事由3号のイにより、長期キャリア形成を図るため、
35歳以下を募集しております。","【勤務時間】
★9:00~18:00
└実働8時間/休憩1時間

定時ダッシュも問題ないです✧
✧ 土日祝休み
✧ 残業月平均:6.5時間以内
✧ 残業代100%支給","✧ 完全週休2日制(土日祝休み)
✧ 年間休日125日
「土日休みはマスト!」ってあなたにも
ぴったりの職場です!

【その他休暇】
✧ 有給休暇
✧ 夏季・冬季休暇
✧ GW休暇
✧ 年末年始休暇",大阪府 貝塚市,,"月給:25万円~+交通費全額支給

※経験に応じて決定いたします。

# 昇給あり
# 賞与あり
# 残業代100%支給
# 交通費支給","・社会保険完備
・住宅手当
・家賃補助
・退職金制度
・家族手当・扶養手当
・健康診断
・特別休暇
・資格取得支援制度","\\✧カジュアル面談実施中です✧/

応募に必要なのは人柄のみです!
まずはあなたのご希望を聞かせてください!

✩.。.....................。.✩
■ 応募からの流れ ■
✩.。.....................。.✩

▶STEP1WEBから1分簡単ご応募!
1~3日以内に担当者よりご連絡いたします。

▶ STEP2カジュアル面談(1回のみ)

▶STEP3採用

※入社日のご相談OKです◎
お気軽にご相談ください!",,即日勤務OK、交通費支給、残業なし,2,任意,生年月日、性別、電話番号,ntf-indeedapplicant-aaaatulx77tci2k2pr5yeqapva@shukatsu-labo.slack.com,,,利用しない,,
募集中,日本マニュファクチャリングサービス株式会社,【未経験】軽作業スタッフ/日本マニュファクチャリングサービス株式会社/大阪府大東市,倉庫作業スタッフ,20~30代活躍中◎初めての軽作業デビュー♪,,大阪府 大東市,,,正社員,はい,月給,250000,,最低額を表示,なし,,,,,,,固定時間制,160,,厚生年金、健康保険、雇用保険、労災保険,,なし,,,,,,,,,,,,,,,,,,"難しいことは一切なし！簡単なピッキングや仕分けといった軽作業からスタート。

・リストを見ながら商品を集めるピッキング
・出荷先ごとの簡単な仕分け・梱包
・届いた商品の検品や棚入れ　など

「倉庫作業は初めてで不安…」という方も大丈夫！
先輩の90%が未経験からデビューしています。手厚い研修制度があるから、軽作業が初めての方も安心して一歩を踏み出せる環境です。","【アピールポイント：ココが私たちの推し！】

✅土日祝休み
カレンダー通りのお休みだから、大型連休もしっかり確保。遠征や旅行のスケジュールも立てやすいのが魅力です。

✅職場は「好き」を語れる同志ばかり！
20代メインの職場で、休憩時間は推しトークで大盛り上がり。「ライブどうだった？」「新曲最高！」なんて会話が日常茶飯事です。

✅自分らしさを完全キープ！
髪色・ネイル・服装は自由。推しカラーをネイルに取り入れたり、お気に入りの服でモチベーションを上げたり、オシャレを楽しみながら働けます。

✅趣味の資金もコツコツ貯まる♪
頑張りは昇給でしっかり評価。楽しみながらスキルを磨いて、推し活をもっと充実させちゃいましょう！","例外事由3号のイにより、長期キャリア形成を図るため、
35歳以下を募集しております。","【勤務時間】
★9:00~18:00
└実働8時間/休憩1時間

定時ダッシュも問題ないです✧
✧ 土日祝休み
✧ 残業月平均:6.5時間以内
✧ 残業代100%支給","✧ 完全週休2日制(土日祝休み)
✧ 年間休日125日
「土日休みはマスト!」ってあなたにも
ぴったりの職場です!

【その他休暇】
✧ 有給休暇
✧ 夏季・冬季休暇
✧ GW休暇
✧ 年末年始休暇",大阪府 大東市,,"月給:25万円~+交通費全額支給

※経験に応じて決定いたします。

# 昇給あり
# 賞与あり
# 残業代100%支給
# 交通費支給","・社会保険完備
・住宅手当
・家賃補助
・退職金制度
・家族手当・扶養手当
・健康診断
・特別休暇
・資格取得支援制度","\\✧カジュアル面談実施中です✧/

応募に必要なのは人柄のみです!
まずはあなたのご希望を聞かせてください!

✩.。.....................。.✩
■ 応募からの流れ ■
✩.。.....................。.✩

▶STEP1WEBから1分簡単ご応募!
1~3日以内に担当者よりご連絡いたします。

▶ STEP2カジュアル面談(1回のみ)

▶STEP3採用

※入社日のご相談OKです◎
お気軽にご相談ください!",,即日勤務OK、交通費支給、残業なし,2,任意,生年月日、性別、電話番号,ntf-indeedapplicant-aaaatulx77tci2k2pr5yeqapva@shukatsu-labo.slack.com,,,利用しない,,
募集中,日本マニュファクチャリングサービス株式会社,【未経験】軽作業スタッフ/日本マニュファクチャリングサービス株式会社/大阪府門真市,倉庫作業スタッフ,20~30代活躍中◎初めての軽作業デビュー♪,,大阪府 門真市,,,正社員,はい,月給,250000,,最低額を表示,なし,,,,,,,固定時間制,160,,厚生年金、健康保険、雇用保険、労災保険,,なし,,,,,,,,,,,,,,,,,,"難しいことは一切なし！簡単なピッキングや仕分けといった軽作業からスタート。

・リストを見ながら商品を集めるピッキング
・出荷先ごとの簡単な仕分け・梱包
・届いた商品の検品や棚入れ　など

「倉庫作業は初めてで不安…」という方も大丈夫！
先輩の90%が未経験からデビューしています。手厚い研修制度があるから、軽作業が初めての方も安心して一歩を踏み出せる環境です。","【アピールポイント：ココが私たちの推し！】

✅土日祝休み
カレンダー通りのお休みだから、大型連休もしっかり確保。遠征や旅行のスケジュールも立てやすいのが魅力です。

✅職場は「好き」を語れる同志ばかり！
20代メインの職場で、休憩時間は推しトークで大盛り上がり。「ライブどうだった？」「新曲最高！」なんて会話が日常茶飯事です。

✅自分らしさを完全キープ！
髪色・ネイル・服装は自由。推しカラーをネイルに取り入れたり、お気に入りの服でモチベーションを上げたり、オシャレを楽しみながら働けます。

✅趣味の資金もコツコツ貯まる♪
頑張りは昇給でしっかり評価。楽しみながらスキルを磨いて、推し活をもっと充実させちゃいましょう！","例外事由3号のイにより、長期キャリア形成を図るため、
35歳以下を募集しております。","【勤務時間】
★9:00~18:00
└実働8時間/休憩1時間

定時ダッシュも問題ないです✧
✧ 土日祝休み
✧ 残業月平均:6.5時間以内
✧ 残業代100%支給","✧ 完全週休2日制(土日祝休み)
✧ 年間休日125日
「土日休みはマスト!」ってあなたにも
ぴったりの職場です!

【その他休暇】
✧ 有給休暇
✧ 夏季・冬季休暇
✧ GW休暇
✧ 年末年始休暇",大阪府 門真市,,"月給:25万円~+交通費全額支給

※経験に応じて決定いたします。

# 昇給あり
# 賞与あり
# 残業代100%支給
# 交通費支給","・社会保険完備
・住宅手当
・家賃補助
・退職金制度
・家族手当・扶養手当
・健康診断
・特別休暇
・資格取得支援制度","\\✧カジュアル面談実施中です✧/

応募に必要なのは人柄のみです!
まずはあなたのご希望を聞かせてください!

✩.。.....................。.✩
■ 応募からの流れ ■
✩.。.....................。.✩

▶STEP1WEBから1分簡単ご応募!
1~3日以内に担当者よりご連絡いたします。

▶ STEP2カジュアル面談(1回のみ)

▶STEP3採用

※入社日のご相談OKです◎
お気軽にご相談ください!",,即日勤務OK、交通費支給、残業なし,2,任意,生年月日、性別、電話番号,ntf-indeedapplicant-aaaatulx77tci2k2pr5yeqapva@shukatsu-labo.slack.com,,,利用しない,,
募集中,日本マニュファクチャリングサービス株式会社,【未経験】軽作業スタッフ/日本マニュファクチャリングサービス株式会社/大阪府吹田市,倉庫作業スタッフ,20~30代活躍中◎初めての軽作業デビュー♪,,大阪府 吹田市,,,正社員,はい,月給,250000,,最低額を表示,なし,,,,,,,固定時間制,160,,厚生年金、健康保険、雇用保険、労災保険,,なし,,,,,,,,,,,,,,,,,,"難しいことは一切なし！簡単なピッキングや仕分けといった軽作業からスタート。

・リストを見ながら商品を集めるピッキング
・出荷先ごとの簡単な仕分け・梱包
・届いた商品の検品や棚入れ　など

「倉庫作業は初めてで不安…」という方も大丈夫！
先輩の90%が未経験からデビューしています。手厚い研修制度があるから、軽作業が初めての方も安心して一歩を踏み出せる環境です。","【アピールポイント：ココが私たちの推し！】

✅土日祝休み
カレンダー通りのお休みだから、大型連休もしっかり確保。遠征や旅行のスケジュールも立てやすいのが魅力です。

✅職場は「好き」を語れる同志ばかり！
20代メインの職場で、休憩時間は推しトークで大盛り上がり。「ライブどうだった？」「新曲最高！」なんて会話が日常茶飯事です。

✅自分らしさを完全キープ！
髪色・ネイル・服装は自由。推しカラーをネイルに取り入れたり、お気に入りの服でモチベーションを上げたり、オシャレを楽しみながら働けます。

✅趣味の資金もコツコツ貯まる♪
頑張りは昇給でしっかり評価。楽しみながらスキルを磨いて、推し活をもっと充実させちゃいましょう！","例外事由3号のイにより、長期キャリア形成を図るため、
35歳以下を募集しております。","【勤務時間】
★9:00~18:00
└実働8時間/休憩1時間

定時ダッシュも問題ないです✧
✧ 土日祝休み
✧ 残業月平均:6.5時間以内
✧ 残業代100%支給","✧ 完全週休2日制(土日祝休み)
✧ 年間休日125日
「土日休みはマスト!」ってあなたにも
ぴったりの職場です!

【その他休暇】
✧ 有給休暇
✧ 夏季・冬季休暇
✧ GW休暇
✧ 年末年始休暇",大阪府 吹田市,,"月給:25万円~+交通費全額支給

※経験に応じて決定いたします。

# 昇給あり
# 賞与あり
# 残業代100%支給
# 交通費支給","・社会保険完備
・住宅手当
・家賃補助
・退職金制度
・家族手当・扶養手当
・健康診断
・特別休暇
・資格取得支援制度","\\✧カジュアル面談実施中です✧/

応募に必要なのは人柄のみです!
まずはあなたのご希望を聞かせてください!

✩.。.....................。.✩
■ 応募からの流れ ■
✩.。.....................。.✩

▶STEP1WEBから1分簡単ご応募!
1~3日以内に担当者よりご連絡いたします。

▶ STEP2カジュアル面談(1回のみ)

▶STEP3採用

※入社日のご相談OKです◎
お気軽にご相談ください!",,即日勤務OK、交通費支給、残業なし,2,任意,生年月日、性別、電話番号,ntf-indeedapplicant-aaaatulx77tci2k2pr5yeqapva@shukatsu-labo.slack.com,,,利用しない,,
募集中,日本マニュファクチャリングサービス株式会社,【未経験】軽作業スタッフ/日本マニュファクチャリングサービス株式会社/丹羽郡大口町,倉庫作業スタッフ,20~30代活躍中◎初めての軽作業デビュー♪,,愛知県 丹羽郡 大口町,,,正社員,はい,月給,250000,,最低額を表示,なし,,,,,,,固定時間制,160,,厚生年金、健康保険、雇用保険、労災保険,,なし,,,,,,,,,,,,,,,,,,"難しいことは一切なし！簡単なピッキングや仕分けといった軽作業からスタート。

・リストを見ながら商品を集めるピッキング
・出荷先ごとの簡単な仕分け・梱包
・届いた商品の検品や棚入れ　など

「倉庫作業は初めてで不安…」という方も大丈夫！
先輩の90%が未経験からデビューしています。手厚い研修制度があるから、軽作業が初めての方も安心して一歩を踏み出せる環境です。","【アピールポイント：ココが私たちの推し！】

✅土日祝休み
カレンダー通りのお休みだから、大型連休もしっかり確保。遠征や旅行のスケジュールも立てやすいのが魅力です。

✅職場は「好き」を語れる同志ばかり！
20代メインの職場で、休憩時間は推しトークで大盛り上がり。「ライブどうだった？」「新曲最高！」なんて会話が日常茶飯事です。

✅自分らしさを完全キープ！
髪色・ネイル・服装は自由。推しカラーをネイルに取り入れたり、お気に入りの服でモチベーションを上げたり、オシャレを楽しみながら働けます。

✅趣味の資金もコツコツ貯まる♪
頑張りは昇給でしっかり評価。楽しみながらスキルを磨いて、推し活をもっと充実させちゃいましょう！","例外事由3号のイにより、長期キャリア形成を図るため、
35歳以下を募集しております。","【勤務時間】
★9:00~18:00
└実働8時間/休憩1時間

定時ダッシュも問題ないです✧
✧ 土日祝休み
✧ 残業月平均:6.5時間以内
✧ 残業代100%支給","✧ 完全週休2日制(土日祝休み)
✧ 年間休日125日
「土日休みはマスト!」ってあなたにも
ぴったりの職場です!

【その他休暇】
✧ 有給休暇
✧ 夏季・冬季休暇
✧ GW休暇
✧ 年末年始休暇",愛知県 丹羽郡 大口町,,"月給:25万円~+交通費全額支給

※経験に応じて決定いたします。

# 昇給あり
# 賞与あり
# 残業代100%支給
# 交通費支給","・社会保険完備
・住宅手当
・家賃補助
・退職金制度
・家族手当・扶養手当
・健康診断
・特別休暇
・資格取得支援制度","\\✧カジュアル面談実施中です✧/

応募に必要なのは人柄のみです!
まずはあなたのご希望を聞かせてください!

✩.。.....................。.✩
■ 応募からの流れ ■
✩.。.....................。.✩

▶STEP1WEBから1分簡単ご応募!
1~3日以内に担当者よりご連絡いたします。

▶ STEP2カジュアル面談(1回のみ)

▶STEP3採用

※入社日のご相談OKです◎
お気軽にご相談ください!",,即日勤務OK、交通費支給、残業なし,2,任意,生年月日、性別、電話番号,ntf-indeedapplicant-aaaatulx77tci2k2pr5yeqapva@shukatsu-labo.slack.com,,,利用しない,,
募集中,日本マニュファクチャリングサービス株式会社,【未経験】軽作業スタッフ/日本マニュファクチャリングサービス株式会社/額田郡幸田町大草稲場,倉庫作業スタッフ,20~30代活躍中◎初めての軽作業デビュー♪,,愛知県 額田郡 幸田町 大草,,,正社員,はい,月給,250000,,最低額を表示,なし,,,,,,,固定時間制,160,,厚生年金、健康保険、雇用保険、労災保険,,なし,,,,,,,,,,,,,,,,,,"難しいことは一切なし！簡単なピッキングや仕分けといった軽作業からスタート。

・リストを見ながら商品を集めるピッキング
・出荷先ごとの簡単な仕分け・梱包
・届いた商品の検品や棚入れ　など

「倉庫作業は初めてで不安…」という方も大丈夫！
先輩の90%が未経験からデビューしています。手厚い研修制度があるから、軽作業が初めての方も安心して一歩を踏み出せる環境です。","【アピールポイント：ココが私たちの推し！】

✅土日祝休み
カレンダー通りのお休みだから、大型連休もしっかり確保。遠征や旅行のスケジュールも立てやすいのが魅力です。

✅職場は「好き」を語れる同志ばかり！
20代メインの職場で、休憩時間は推しトークで大盛り上がり。「ライブどうだった？」「新曲最高！」なんて会話が日常茶飯事です。

✅自分らしさを完全キープ！
髪色・ネイル・服装は自由。推しカラーをネイルに取り入れたり、お気に入りの服でモチベーションを上げたり、オシャレを楽しみながら働けます。

✅趣味の資金もコツコツ貯まる♪
頑張りは昇給でしっかり評価。楽しみながらスキルを磨いて、推し活をもっと充実させちゃいましょう！","例外事由3号のイにより、長期キャリア形成を図るため、
35歳以下を募集しております。","【勤務時間】
★9:00~18:00
└実働8時間/休憩1時間

定時ダッシュも問題ないです✧
✧ 土日祝休み
✧ 残業月平均:6.5時間以内
✧ 残業代100%支給","✧ 完全週休2日制(土日祝休み)
✧ 年間休日125日
「土日休みはマスト!」ってあなたにも
ぴったりの職場です!

【その他休暇】
✧ 有給休暇
✧ 夏季・冬季休暇
✧ GW休暇
✧ 年末年始休暇",愛知県 額田郡 幸田町 大草,,"月給:25万円~+交通費全額支給

※経験に応じて決定いたします。

# 昇給あり
# 賞与あり
# 残業代100%支給
# 交通費支給","・社会保険完備
・住宅手当
・家賃補助
・退職金制度
・家族手当・扶養手当
・健康診断
・特別休暇
・資格取得支援制度","\\✧カジュアル面談実施中です✧/

応募に必要なのは人柄のみです!
まずはあなたのご希望を聞かせてください!

✩.。.....................。.✩
■ 応募からの流れ ■
✩.。.....................。.✩

▶STEP1WEBから1分簡単ご応募!
1~3日以内に担当者よりご連絡いたします。

▶ STEP2カジュアル面談(1回のみ)

▶STEP3採用

※入社日のご相談OKです◎
お気軽にご相談ください!",,即日勤務OK、交通費支給、残業なし,2,任意,生年月日、性別、電話番号,ntf-indeedapplicant-aaaatulx77tci2k2pr5yeqapva@shukatsu-labo.slack.com,,,利用しない,,
募集中,日本マニュファクチャリングサービス株式会社,【未経験】軽作業スタッフ/日本マニュファクチャリングサービス株式会社/犬山市,倉庫作業スタッフ,20~30代活躍中◎初めての軽作業デビュー♪,,愛知県 犬山市,,,正社員,はい,月給,250000,,最低額を表示,なし,,,,,,,固定時間制,160,,厚生年金、健康保険、雇用保険、労災保険,,なし,,,,,,,,,,,,,,,,,,"難しいことは一切なし！簡単なピッキングや仕分けといった軽作業からスタート。

・リストを見ながら商品を集めるピッキング
・出荷先ごとの簡単な仕分け・梱包
・届いた商品の検品や棚入れ　など

「倉庫作業は初めてで不安…」という方も大丈夫！
先輩の90%が未経験からデビューしています。手厚い研修制度があるから、軽作業が初めての方も安心して一歩を踏み出せる環境です。","【アピールポイント：ココが私たちの推し！】

✅土日祝休み
カレンダー通りのお休みだから、大型連休もしっかり確保。遠征や旅行のスケジュールも立てやすいのが魅力です。

✅職場は「好き」を語れる同志ばかり！
20代メインの職場で、休憩時間は推しトークで大盛り上がり。「ライブどうだった？」「新曲最高！」なんて会話が日常茶飯事です。

✅自分らしさを完全キープ！
髪色・ネイル・服装は自由。推しカラーをネイルに取り入れたり、お気に入りの服でモチベーションを上げたり、オシャレを楽しみながら働けます。

✅趣味の資金もコツコツ貯まる♪
頑張りは昇給でしっかり評価。楽しみながらスキルを磨いて、推し活をもっと充実させちゃいましょう！","例外事由3号のイにより、長期キャリア形成を図るため、
35歳以下を募集しております。","【勤務時間】
★9:00~18:00
└実働8時間/休憩1時間

定時ダッシュも問題ないです✧
✧ 土日祝休み
✧ 残業月平均:6.5時間以内
✧ 残業代100%支給","✧ 完全週休2日制(土日祝休み)
✧ 年間休日125日
「土日休みはマスト!」ってあなたにも
ぴったりの職場です!

【その他休暇】
✧ 有給休暇
✧ 夏季・冬季休暇
✧ GW休暇
✧ 年末年始休暇",愛知県 犬山市,,"月給:25万円~+交通費全額支給

※経験に応じて決定いたします。

# 昇給あり
# 賞与あり
# 残業代100%支給
# 交通費支給","・社会保険完備
・住宅手当
・家賃補助
・退職金制度
・家族手当・扶養手当
・健康診断
・特別休暇
・資格取得支援制度","\\✧カジュアル面談実施中です✧/

応募に必要なのは人柄のみです!
まずはあなたのご希望を聞かせてください!

✩.。.....................。.✩
■ 応募からの流れ ■
✩.。.....................。.✩

▶STEP1WEBから1分簡単ご応募!
1~3日以内に担当者よりご連絡いたします。

▶ STEP2カジュアル面談(1回のみ)

▶STEP3採用

※入社日のご相談OKです◎
お気軽にご相談ください!",,即日勤務OK、交通費支給、残業なし,2,任意,生年月日、性別、電話番号,ntf-indeedapplicant-aaaatulx77tci2k2pr5yeqapva@shukatsu-labo.slack.com,,,利用しない,,
募集中,日本マニュファクチャリングサービス株式会社,【未経験】軽作業スタッフ/日本マニュファクチャリングサービス株式会社/みよし市,倉庫作業スタッフ,20~30代活躍中◎初めての軽作業デビュー♪,,愛知県 みよし市,,,正社員,はい,月給,250000,,最低額を表示,なし,,,,,,,固定時間制,160,,厚生年金、健康保険、雇用保険、労災保険,,なし,,,,,,,,,,,,,,,,,,"難しいことは一切なし！簡単なピッキングや仕分けといった軽作業からスタート。

・リストを見ながら商品を集めるピッキング
・出荷先ごとの簡単な仕分け・梱包
・届いた商品の検品や棚入れ　など

「倉庫作業は初めてで不安…」という方も大丈夫！
先輩の90%が未経験からデビューしています。手厚い研修制度があるから、軽作業が初めての方も安心して一歩を踏み出せる環境です。","【アピールポイント：ココが私たちの推し！】

✅土日祝休み
カレンダー通りのお休みだから、大型連休もしっかり確保。遠征や旅行のスケジュールも立てやすいのが魅力です。

✅職場は「好き」を語れる同志ばかり！
20代メインの職場で、休憩時間は推しトークで大盛り上がり。「ライブどうだった？」「新曲最高！」なんて会話が日常茶飯事です。

✅自分らしさを完全キープ！
髪色・ネイル・服装は自由。推しカラーをネイルに取り入れたり、お気に入りの服でモチベーションを上げたり、オシャレを楽しみながら働けます。

✅趣味の資金もコツコツ貯まる♪
頑張りは昇給でしっかり評価。楽しみながらスキルを磨いて、推し活をもっと充実させちゃいましょう！","例外事由3号のイにより、長期キャリア形成を図るため、
35歳以下を募集しております。","【勤務時間】
★9:00~18:00
└実働8時間/休憩1時間

定時ダッシュも問題ないです✧
✧ 土日祝休み
✧ 残業月平均:6.5時間以内
✧ 残業代100%支給","✧ 完全週休2日制(土日祝休み)
✧ 年間休日125日
「土日休みはマスト!」ってあなたにも
ぴったりの職場です!

【その他休暇】
✧ 有給休暇
✧ 夏季・冬季休暇
✧ GW休暇
✧ 年末年始休暇",愛知県 みよし市,,"月給:25万円~+交通費全額支給

※経験に応じて決定いたします。

# 昇給あり
# 賞与あり
# 残業代100%支給
# 交通費支給","・社会保険完備
・住宅手当
・家賃補助
・退職金制度
・家族手当・扶養手当
・健康診断
・特別休暇
・資格取得支援制度","\\✧カジュアル面談実施中です✧/

応募に必要なのは人柄のみです!
まずはあなたのご希望を聞かせてください!

✩.。.....................。.✩
■ 応募からの流れ ■
✩.。.....................。.✩

▶STEP1WEBから1分簡単ご応募!
1~3日以内に担当者よりご連絡いたします。

▶ STEP2カジュアル面談(1回のみ)

▶STEP3採用

※入社日のご相談OKです◎
お気軽にご相談ください!",,即日勤務OK、交通費支給、残業なし,2,任意,生年月日、性別、電話番号,ntf-indeedapplicant-aaaatulx77tci2k2pr5yeqapva@shukatsu-labo.slack.com,,,利用しない,,
募集中,日本マニュファクチャリングサービス株式会社,【未経験】軽作業スタッフ/日本マニュファクチャリングサービス株式会社/北名古屋市,倉庫作業スタッフ,20~30代活躍中◎初めての軽作業デビュー♪,,愛知県 北名古屋市,,,正社員,はい,月給,250000,,最低額を表示,なし,,,,,,,固定時間制,160,,厚生年金、健康保険、雇用保険、労災保険,,なし,,,,,,,,,,,,,,,,,,"難しいことは一切なし！簡単なピッキングや仕分けといった軽作業からスタート。

・リストを見ながら商品を集めるピッキング
・出荷先ごとの簡単な仕分け・梱包
・届いた商品の検品や棚入れ　など

「倉庫作業は初めてで不安…」という方も大丈夫！
先輩の90%が未経験からデビューしています。手厚い研修制度があるから、軽作業が初めての方も安心して一歩を踏み出せる環境です。","【アピールポイント：ココが私たちの推し！】

✅土日祝休み
カレンダー通りのお休みだから、大型連休もしっかり確保。遠征や旅行のスケジュールも立てやすいのが魅力です。

✅職場は「好き」を語れる同志ばかり！
20代メインの職場で、休憩時間は推しトークで大盛り上がり。「ライブどうだった？」「新曲最高！」なんて会話が日常茶飯事です。

✅自分らしさを完全キープ！
髪色・ネイル・服装は自由。推しカラーをネイルに取り入れたり、お気に入りの服でモチベーションを上げたり、オシャレを楽しみながら働けます。

✅趣味の資金もコツコツ貯まる♪
頑張りは昇給でしっかり評価。楽しみながらスキルを磨いて、推し活をもっと充実させちゃいましょう！","例外事由3号のイにより、長期キャリア形成を図るため、
35歳以下を募集しております。","【勤務時間】
★9:00~18:00
└実働8時間/休憩1時間

定時ダッシュも問題ないです✧
✧ 土日祝休み
✧ 残業月平均:6.5時間以内
✧ 残業代100%支給","✧ 完全週休2日制(土日祝休み)
✧ 年間休日125日
「土日休みはマスト!」ってあなたにも
ぴったりの職場です!

【その他休暇】
✧ 有給休暇
✧ 夏季・冬季休暇
✧ GW休暇
✧ 年末年始休暇",愛知県 北名古屋市,,"月給:25万円~+交通費全額支給

※経験に応じて決定いたします。

# 昇給あり
# 賞与あり
# 残業代100%支給
# 交通費支給","・社会保険完備
・住宅手当
・家賃補助
・退職金制度
・家族手当・扶養手当
・健康診断
・特別休暇
・資格取得支援制度","\\✧カジュアル面談実施中です✧/

応募に必要なのは人柄のみです!
まずはあなたのご希望を聞かせてください!

✩.。.....................。.✩
■ 応募からの流れ ■
✩.。.....................。.✩

▶STEP1WEBから1分簡単ご応募!
1~3日以内に担当者よりご連絡いたします。

▶ STEP2カジュアル面談(1回のみ)

▶STEP3採用

※入社日のご相談OKです◎
お気軽にご相談ください!",,即日勤務OK、交通費支給、残業なし,2,任意,生年月日、性別、電話番号,ntf-indeedapplicant-aaaatulx77tci2k2pr5yeqapva@shukatsu-labo.slack.com,,,利用しない,,
募集中,日本マニュファクチャリングサービス株式会社,【未経験】軽作業スタッフ/日本マニュファクチャリングサービス株式会社/稲沢市,倉庫作業スタッフ,20~30代活躍中◎初めての軽作業デビュー♪,,愛知県 稲沢市,,,正社員,はい,月給,250000,,最低額を表示,なし,,,,,,,固定時間制,160,,厚生年金、健康保険、雇用保険、労災保険,,なし,,,,,,,,,,,,,,,,,,"難しいことは一切なし！簡単なピッキングや仕分けといった軽作業からスタート。

・リストを見ながら商品を集めるピッキング
・出荷先ごとの簡単な仕分け・梱包
・届いた商品の検品や棚入れ　など

「倉庫作業は初めてで不安…」という方も大丈夫！
先輩の90%が未経験からデビューしています。手厚い研修制度があるから、軽作業が初めての方も安心して一歩を踏み出せる環境です。","【アピールポイント：ココが私たちの推し！】

✅土日祝休み
カレンダー通りのお休みだから、大型連休もしっかり確保。遠征や旅行のスケジュールも立てやすいのが魅力です。

✅職場は「好き」を語れる同志ばかり！
20代メインの職場で、休憩時間は推しトークで大盛り上がり。「ライブどうだった？」「新曲最高！」なんて会話が日常茶飯事です。

✅自分らしさを完全キープ！
髪色・ネイル・服装は自由。推しカラーをネイルに取り入れたり、お気に入りの服でモチベーションを上げたり、オシャレを楽しみながら働けます。

✅趣味の資金もコツコツ貯まる♪
頑張りは昇給でしっかり評価。楽しみながらスキルを磨いて、推し活をもっと充実させちゃいましょう！","例外事由3号のイにより、長期キャリア形成を図るため、
35歳以下を募集しております。","【勤務時間】
★9:00~18:00
└実働8時間/休憩1時間

定時ダッシュも問題ないです✧
✧ 土日祝休み
✧ 残業月平均:6.5時間以内
✧ 残業代100%支給","✧ 完全週休2日制(土日祝休み)
✧ 年間休日125日
「土日休みはマスト!」ってあなたにも
ぴったりの職場です!

【その他休暇】
✧ 有給休暇
✧ 夏季・冬季休暇
✧ GW休暇
✧ 年末年始休暇",愛知県 稲沢市,,"月給:25万円~+交通費全額支給

※経験に応じて決定いたします。

# 昇給あり
# 賞与あり
# 残業代100%支給
# 交通費支給","・社会保険完備
・住宅手当
・家賃補助
・退職金制度
・家族手当・扶養手当
・健康診断
・特別休暇
・資格取得支援制度","\\✧カジュアル面談実施中です✧/

応募に必要なのは人柄のみです!
まずはあなたのご希望を聞かせてください!

✩.。.....................。.✩
■ 応募からの流れ ■
✩.。.....................。.✩

▶STEP1WEBから1分簡単ご応募!
1~3日以内に担当者よりご連絡いたします。

▶ STEP2カジュアル面談(1回のみ)

▶STEP3採用

※入社日のご相談OKです◎
お気軽にご相談ください!",,即日勤務OK、交通費支給、残業なし,2,任意,生年月日、性別、電話番号,ntf-indeedapplicant-aaaatulx77tci2k2pr5yeqapva@shukatsu-labo.slack.com,,,利用しない,,
募集中,日本マニュファクチャリングサービス株式会社,【未経験】軽作業スタッフ/日本マニュファクチャリングサービス株式会社/知多市,倉庫作業スタッフ,20~30代活躍中◎初めての軽作業デビュー♪,,愛知県 知多市,,,正社員,はい,月給,250000,,最低額を表示,なし,,,,,,,固定時間制,160,,厚生年金、健康保険、雇用保険、労災保険,,なし,,,,,,,,,,,,,,,,,,"難しいことは一切なし！簡単なピッキングや仕分けといった軽作業からスタート。

・リストを見ながら商品を集めるピッキング
・出荷先ごとの簡単な仕分け・梱包
・届いた商品の検品や棚入れ　など

「倉庫作業は初めてで不安…」という方も大丈夫！
先輩の90%が未経験からデビューしています。手厚い研修制度があるから、軽作業が初めての方も安心して一歩を踏み出せる環境です。","【アピールポイント：ココが私たちの推し！】

✅土日祝休み
カレンダー通りのお休みだから、大型連休もしっかり確保。遠征や旅行のスケジュールも立てやすいのが魅力です。

✅職場は「好き」を語れる同志ばかり！
20代メインの職場で、休憩時間は推しトークで大盛り上がり。「ライブどうだった？」「新曲最高！」なんて会話が日常茶飯事です。

✅自分らしさを完全キープ！
髪色・ネイル・服装は自由。推しカラーをネイルに取り入れたり、お気に入りの服でモチベーションを上げたり、オシャレを楽しみながら働けます。

✅趣味の資金もコツコツ貯まる♪
頑張りは昇給でしっかり評価。楽しみながらスキルを磨いて、推し活をもっと充実させちゃいましょう！","例外事由3号のイにより、長期キャリア形成を図るため、
35歳以下を募集しております。","【勤務時間】
★9:00~18:00
└実働8時間/休憩1時間

定時ダッシュも問題ないです✧
✧ 土日祝休み
✧ 残業月平均:6.5時間以内
✧ 残業代100%支給","✧ 完全週休2日制(土日祝休み)
✧ 年間休日125日
「土日休みはマスト!」ってあなたにも
ぴったりの職場です!

【その他休暇】
✧ 有給休暇
✧ 夏季・冬季休暇
✧ GW休暇
✧ 年末年始休暇",愛知県 知多市,,"月給:25万円~+交通費全額支給

※経験に応じて決定いたします。

# 昇給あり
# 賞与あり
# 残業代100%支給
# 交通費支給","・社会保険完備
・住宅手当
・家賃補助
・退職金制度
・家族手当・扶養手当
・健康診断
・特別休暇
・資格取得支援制度","\\✧カジュアル面談実施中です✧/

応募に必要なのは人柄のみです!
まずはあなたのご希望を聞かせてください!

✩.。.....................。.✩
■ 応募からの流れ ■
✩.。.....................。.✩

▶STEP1WEBから1分簡単ご応募!
1~3日以内に担当者よりご連絡いたします。

▶ STEP2カジュアル面談(1回のみ)

▶STEP3採用

※入社日のご相談OKです◎
お気軽にご相談ください!",,即日勤務OK、交通費支給、残業なし,2,任意,生年月日、性別、電話番号,ntf-indeedapplicant-aaaatulx77tci2k2pr5yeqapva@shukatsu-labo.slack.com,,,利用しない,,
募集中,日本マニュファクチャリングサービス株式会社,【未経験】軽作業スタッフ/日本マニュファクチャリングサービス株式会社/東海市,倉庫作業スタッフ,20~30代活躍中◎初めての軽作業デビュー♪,,愛知県 東海市,,,正社員,はい,月給,250000,,最低額を表示,なし,,,,,,,固定時間制,160,,厚生年金、健康保険、雇用保険、労災保険,,なし,,,,,,,,,,,,,,,,,,"難しいことは一切なし！簡単なピッキングや仕分けといった軽作業からスタート。

・リストを見ながら商品を集めるピッキング
・出荷先ごとの簡単な仕分け・梱包
・届いた商品の検品や棚入れ　など

「倉庫作業は初めてで不安…」という方も大丈夫！
先輩の90%が未経験からデビューしています。手厚い研修制度があるから、軽作業が初めての方も安心して一歩を踏み出せる環境です。","【アピールポイント：ココが私たちの推し！】

✅土日祝休み
カレンダー通りのお休みだから、大型連休もしっかり確保。遠征や旅行のスケジュールも立てやすいのが魅力です。

✅職場は「好き」を語れる同志ばかり！
20代メインの職場で、休憩時間は推しトークで大盛り上がり。「ライブどうだった？」「新曲最高！」なんて会話が日常茶飯事です。

✅自分らしさを完全キープ！
髪色・ネイル・服装は自由。推しカラーをネイルに取り入れたり、お気に入りの服でモチベーションを上げたり、オシャレを楽しみながら働けます。

✅趣味の資金もコツコツ貯まる♪
頑張りは昇給でしっかり評価。楽しみながらスキルを磨いて、推し活をもっと充実させちゃいましょう！","例外事由3号のイにより、長期キャリア形成を図るため、
35歳以下を募集しております。","【勤務時間】
★9:00~18:00
└実働8時間/休憩1時間

定時ダッシュも問題ないです✧
✧ 土日祝休み
✧ 残業月平均:6.5時間以内
✧ 残業代100%支給","✧ 完全週休2日制(土日祝休み)
✧ 年間休日125日
「土日休みはマスト!」ってあなたにも
ぴったりの職場です!

【その他休暇】
✧ 有給休暇
✧ 夏季・冬季休暇
✧ GW休暇
✧ 年末年始休暇",愛知県 東海市,,"月給:25万円~+交通費全額支給

※経験に応じて決定いたします。

# 昇給あり
# 賞与あり
# 残業代100%支給
# 交通費支給","・社会保険完備
・住宅手当
・家賃補助
・退職金制度
・家族手当・扶養手当
・健康診断
・特別休暇
・資格取得支援制度","\\✧カジュアル面談実施中です✧/

応募に必要なのは人柄のみです!
まずはあなたのご希望を聞かせてください!

✩.。.....................。.✩
■ 応募からの流れ ■
✩.。.....................。.✩

▶STEP1WEBから1分簡単ご応募!
1~3日以内に担当者よりご連絡いたします。

▶ STEP2カジュアル面談(1回のみ)

▶STEP3採用

※入社日のご相談OKです◎
お気軽にご相談ください!",,即日勤務OK、交通費支給、残業なし,2,任意,生年月日、性別、電話番号,ntf-indeedapplicant-aaaatulx77tci2k2pr5yeqapva@shukatsu-labo.slack.com,,,利用しない,,
募集中,日本マニュファクチャリングサービス株式会社,【未経験】軽作業スタッフ/日本マニュファクチャリングサービス株式会社/豊明市,倉庫作業スタッフ,20~30代活躍中◎初めての軽作業デビュー♪,,愛知県 豊明市,,,正社員,はい,月給,250000,,最低額を表示,なし,,,,,,,固定時間制,160,,厚生年金、健康保険、雇用保険、労災保険,,なし,,,,,,,,,,,,,,,,,,"難しいことは一切なし！簡単なピッキングや仕分けといった軽作業からスタート。

・リストを見ながら商品を集めるピッキング
・出荷先ごとの簡単な仕分け・梱包
・届いた商品の検品や棚入れ　など

「倉庫作業は初めてで不安…」という方も大丈夫！
先輩の90%が未経験からデビューしています。手厚い研修制度があるから、軽作業が初めての方も安心して一歩を踏み出せる環境です。","【アピールポイント：ココが私たちの推し！】

✅土日祝休み
カレンダー通りのお休みだから、大型連休もしっかり確保。遠征や旅行のスケジュールも立てやすいのが魅力です。

✅職場は「好き」を語れる同志ばかり！
20代メインの職場で、休憩時間は推しトークで大盛り上がり。「ライブどうだった？」「新曲最高！」なんて会話が日常茶飯事です。

✅自分らしさを完全キープ！
髪色・ネイル・服装は自由。推しカラーをネイルに取り入れたり、お気に入りの服でモチベーションを上げたり、オシャレを楽しみながら働けます。

✅趣味の資金もコツコツ貯まる♪
頑張りは昇給でしっかり評価。楽しみながらスキルを磨いて、推し活をもっと充実させちゃいましょう！","例外事由3号のイにより、長期キャリア形成を図るため、
35歳以下を募集しております。","【勤務時間】
★9:00~18:00
└実働8時間/休憩1時間

定時ダッシュも問題ないです✧
✧ 土日祝休み
✧ 残業月平均:6.5時間以内
✧ 残業代100%支給","✧ 完全週休2日制(土日祝休み)
✧ 年間休日125日
「土日休みはマスト!」ってあなたにも
ぴったりの職場です!

【その他休暇】
✧ 有給休暇
✧ 夏季・冬季休暇
✧ GW休暇
✧ 年末年始休暇",愛知県 豊明市,,"月給:25万円~+交通費全額支給

※経験に応じて決定いたします。

# 昇給あり
# 賞与あり
# 残業代100%支給
# 交通費支給","・社会保険完備
・住宅手当
・家賃補助
・退職金制度
・家族手当・扶養手当
・健康診断
・特別休暇
・資格取得支援制度","\\✧カジュアル面談実施中です✧/

応募に必要なのは人柄のみです!
まずはあなたのご希望を聞かせてください!

✩.。.....................。.✩
■ 応募からの流れ ■
✩.。.....................。.✩

▶STEP1WEBから1分簡単ご応募!
1~3日以内に担当者よりご連絡いたします。

▶ STEP2カジュアル面談(1回のみ)

▶STEP3採用

※入社日のご相談OKです◎
お気軽にご相談ください!",,即日勤務OK、交通費支給、残業なし,2,任意,生年月日、性別、電話番号,ntf-indeedapplicant-aaaatulx77tci2k2pr5yeqapva@shukatsu-labo.slack.com,,,利用しない,,
募集中,日本マニュファクチャリングサービス株式会社,【未経験】軽作業スタッフ/日本マニュファクチャリングサービス株式会社/半田市,倉庫作業スタッフ,20~30代活躍中◎初めての軽作業デビュー♪,,愛知県 半田市,,,正社員,はい,月給,250000,,最低額を表示,なし,,,,,,,固定時間制,160,,厚生年金、健康保険、雇用保険、労災保険,,なし,,,,,,,,,,,,,,,,,,"難しいことは一切なし！簡単なピッキングや仕分けといった軽作業からスタート。

・リストを見ながら商品を集めるピッキング
・出荷先ごとの簡単な仕分け・梱包
・届いた商品の検品や棚入れ　など

「倉庫作業は初めてで不安…」という方も大丈夫！
先輩の90%が未経験からデビューしています。手厚い研修制度があるから、軽作業が初めての方も安心して一歩を踏み出せる環境です。","【アピールポイント：ココが私たちの推し！】

✅土日祝休み
カレンダー通りのお休みだから、大型連休もしっかり確保。遠征や旅行のスケジュールも立てやすいのが魅力です。

✅職場は「好き」を語れる同志ばかり！
20代メインの職場で、休憩時間は推しトークで大盛り上がり。「ライブどうだった？」「新曲最高！」なんて会話が日常茶飯事です。

✅自分らしさを完全キープ！
髪色・ネイル・服装は自由。推しカラーをネイルに取り入れたり、お気に入りの服でモチベーションを上げたり、オシャレを楽しみながら働けます。

✅趣味の資金もコツコツ貯まる♪
頑張りは昇給でしっかり評価。楽しみながらスキルを磨いて、推し活をもっと充実させちゃいましょう！","例外事由3号のイにより、長期キャリア形成を図るため、
35歳以下を募集しております。","【勤務時間】
★9:00~18:00
└実働8時間/休憩1時間

定時ダッシュも問題ないです✧
✧ 土日祝休み
✧ 残業月平均:6.5時間以内
✧ 残業代100%支給","✧ 完全週休2日制(土日祝休み)
✧ 年間休日125日
「土日休みはマスト!」ってあなたにも
ぴったりの職場です!

【その他休暇】
✧ 有給休暇
✧ 夏季・冬季休暇
✧ GW休暇
✧ 年末年始休暇",愛知県 半田市,,"月給:25万円~+交通費全額支給

※経験に応じて決定いたします。

# 昇給あり
# 賞与あり
# 残業代100%支給
# 交通費支給","・社会保険完備
・住宅手当
・家賃補助
・退職金制度
・家族手当・扶養手当
・健康診断
・特別休暇
・資格取得支援制度","\\✧カジュアル面談実施中です✧/

応募に必要なのは人柄のみです!
まずはあなたのご希望を聞かせてください!

✩.。.....................。.✩
■ 応募からの流れ ■
✩.。.....................。.✩

▶STEP1WEBから1分簡単ご応募!
1~3日以内に担当者よりご連絡いたします。

▶ STEP2カジュアル面談(1回のみ)

▶STEP3採用

※入社日のご相談OKです◎
お気軽にご相談ください!",,即日勤務OK、交通費支給、残業なし,2,任意,生年月日、性別、電話番号,ntf-indeedapplicant-aaaatulx77tci2k2pr5yeqapva@shukatsu-labo.slack.com,,,利用しない,,
募集中,日本マニュファクチャリングサービス株式会社,【未経験】軽作業スタッフ/日本マニュファクチャリングサービス株式会社/安城市,倉庫作業スタッフ,20~30代活躍中◎初めての軽作業デビュー♪,,愛知県 安城市,,,正社員,はい,月給,250000,,最低額を表示,なし,,,,,,,固定時間制,160,,厚生年金、健康保険、雇用保険、労災保険,,なし,,,,,,,,,,,,,,,,,,"難しいことは一切なし！簡単なピッキングや仕分けといった軽作業からスタート。

・リストを見ながら商品を集めるピッキング
・出荷先ごとの簡単な仕分け・梱包
・届いた商品の検品や棚入れ　など

「倉庫作業は初めてで不安…」という方も大丈夫！
先輩の90%が未経験からデビューしています。手厚い研修制度があるから、軽作業が初めての方も安心して一歩を踏み出せる環境です。","【アピールポイント：ココが私たちの推し！】

✅土日祝休み
カレンダー通りのお休みだから、大型連休もしっかり確保。遠征や旅行のスケジュールも立てやすいのが魅力です。

✅職場は「好き」を語れる同志ばかり！
20代メインの職場で、休憩時間は推しトークで大盛り上がり。「ライブどうだった？」「新曲最高！」なんて会話が日常茶飯事です。

✅自分らしさを完全キープ！
髪色・ネイル・服装は自由。推しカラーをネイルに取り入れたり、お気に入りの服でモチベーションを上げたり、オシャレを楽しみながら働けます。

✅趣味の資金もコツコツ貯まる♪
頑張りは昇給でしっかり評価。楽しみながらスキルを磨いて、推し活をもっと充実させちゃいましょう！","例外事由3号のイにより、長期キャリア形成を図るため、
35歳以下を募集しております。","【勤務時間】
★9:00~18:00
└実働8時間/休憩1時間

定時ダッシュも問題ないです✧
✧ 土日祝休み
✧ 残業月平均:6.5時間以内
✧ 残業代100%支給","✧ 完全週休2日制(土日祝休み)
✧ 年間休日125日
「土日休みはマスト!」ってあなたにも
ぴったりの職場です!

【その他休暇】
✧ 有給休暇
✧ 夏季・冬季休暇
✧ GW休暇
✧ 年末年始休暇",愛知県 安城市,,"月給:25万円~+交通費全額支給

※経験に応じて決定いたします。

# 昇給あり
# 賞与あり
# 残業代100%支給
# 交通費支給","・社会保険完備
・住宅手当
・家賃補助
・退職金制度
・家族手当・扶養手当
・健康診断
・特別休暇
・資格取得支援制度","\\✧カジュアル面談実施中です✧/

応募に必要なのは人柄のみです!
まずはあなたのご希望を聞かせてください!

✩.。.....................。.✩
■ 応募からの流れ ■
✩.。.....................。.✩

▶STEP1WEBから1分簡単ご応募!
1~3日以内に担当者よりご連絡いたします。

▶ STEP2カジュアル面談(1回のみ)

▶STEP3採用

※入社日のご相談OKです◎
お気軽にご相談ください!",,即日勤務OK、交通費支給、残業なし,2,任意,生年月日、性別、電話番号,ntf-indeedapplicant-aaaatulx77tci2k2pr5yeqapva@shukatsu-labo.slack.com,,,利用しない,,
募集中,日本マニュファクチャリングサービス株式会社,【未経験】軽作業スタッフ/日本マニュファクチャリングサービス株式会社/豊田市,倉庫作業スタッフ,20~30代活躍中◎初めての軽作業デビュー♪,,愛知県 豊田市,,,正社員,はい,月給,250000,,最低額を表示,なし,,,,,,,固定時間制,160,,厚生年金、健康保険、雇用保険、労災保険,,なし,,,,,,,,,,,,,,,,,,"難しいことは一切なし！簡単なピッキングや仕分けといった軽作業からスタート。

・リストを見ながら商品を集めるピッキング
・出荷先ごとの簡単な仕分け・梱包
・届いた商品の検品や棚入れ　など

「倉庫作業は初めてで不安…」という方も大丈夫！
先輩の90%が未経験からデビューしています。手厚い研修制度があるから、軽作業が初めての方も安心して一歩を踏み出せる環境です。","【アピールポイント：ココが私たちの推し！】

✅土日祝休み
カレンダー通りのお休みだから、大型連休もしっかり確保。遠征や旅行のスケジュールも立てやすいのが魅力です。

✅職場は「好き」を語れる同志ばかり！
20代メインの職場で、休憩時間は推しトークで大盛り上がり。「ライブどうだった？」「新曲最高！」なんて会話が日常茶飯事です。

✅自分らしさを完全キープ！
髪色・ネイル・服装は自由。推しカラーをネイルに取り入れたり、お気に入りの服でモチベーションを上げたり、オシャレを楽しみながら働けます。

✅趣味の資金もコツコツ貯まる♪
頑張りは昇給でしっかり評価。楽しみながらスキルを磨いて、推し活をもっと充実させちゃいましょう！","例外事由3号のイにより、長期キャリア形成を図るため、
35歳以下を募集しております。","【勤務時間】
★9:00~18:00
└実働8時間/休憩1時間

定時ダッシュも問題ないです✧
✧ 土日祝休み
✧ 残業月平均:6.5時間以内
✧ 残業代100%支給","✧ 完全週休2日制(土日祝休み)
✧ 年間休日125日
「土日休みはマスト!」ってあなたにも
ぴったりの職場です!

【その他休暇】
✧ 有給休暇
✧ 夏季・冬季休暇
✧ GW休暇
✧ 年末年始休暇",愛知県 豊田市,,"月給:25万円~+交通費全額支給

※経験に応じて決定いたします。

# 昇給あり
# 賞与あり
# 残業代100%支給
# 交通費支給","・社会保険完備
・住宅手当
・家賃補助
・退職金制度
・家族手当・扶養手当
・健康診断
・特別休暇
・資格取得支援制度","\\✧カジュアル面談実施中です✧/

応募に必要なのは人柄のみです!
まずはあなたのご希望を聞かせてください!

✩.。.....................。.✩
■ 応募からの流れ ■
✩.。.....................。.✩

▶STEP1WEBから1分簡単ご応募!
1~3日以内に担当者よりご連絡いたします。

▶ STEP2カジュアル面談(1回のみ)

▶STEP3採用

※入社日のご相談OKです◎
お気軽にご相談ください!",,即日勤務OK、交通費支給、残業なし,2,任意,生年月日、性別、電話番号,ntf-indeedapplicant-aaaatulx77tci2k2pr5yeqapva@shukatsu-labo.slack.com,,,利用しない,,
募集中,日本マニュファクチャリングサービス株式会社,【未経験】軽作業スタッフ/日本マニュファクチャリングサービス株式会社/名古屋市熱田区,倉庫作業スタッフ,20~30代活躍中◎初めての軽作業デビュー♪,,愛知県 名古屋市 熱田区,,,正社員,はい,月給,250000,,最低額を表示,なし,,,,,,,固定時間制,160,,厚生年金、健康保険、雇用保険、労災保険,,なし,,,,,,,,,,,,,,,,,,"難しいことは一切なし！簡単なピッキングや仕分けといった軽作業からスタート。

・リストを見ながら商品を集めるピッキング
・出荷先ごとの簡単な仕分け・梱包
・届いた商品の検品や棚入れ　など

「倉庫作業は初めてで不安…」という方も大丈夫！
先輩の90%が未経験からデビューしています。手厚い研修制度があるから、軽作業が初めての方も安心して一歩を踏み出せる環境です。","【アピールポイント：ココが私たちの推し！】

✅土日祝休み
カレンダー通りのお休みだから、大型連休もしっかり確保。遠征や旅行のスケジュールも立てやすいのが魅力です。

✅職場は「好き」を語れる同志ばかり！
20代メインの職場で、休憩時間は推しトークで大盛り上がり。「ライブどうだった？」「新曲最高！」なんて会話が日常茶飯事です。

✅自分らしさを完全キープ！
髪色・ネイル・服装は自由。推しカラーをネイルに取り入れたり、お気に入りの服でモチベーションを上げたり、オシャレを楽しみながら働けます。

✅趣味の資金もコツコツ貯まる♪
頑張りは昇給でしっかり評価。楽しみながらスキルを磨いて、推し活をもっと充実させちゃいましょう！","例外事由3号のイにより、長期キャリア形成を図るため、
35歳以下を募集しております。","【勤務時間】
★9:00~18:00
└実働8時間/休憩1時間

定時ダッシュも問題ないです✧
✧ 土日祝休み
✧ 残業月平均:6.5時間以内
✧ 残業代100%支給","✧ 完全週休2日制(土日祝休み)
✧ 年間休日125日
「土日休みはマスト!」ってあなたにも
ぴったりの職場です!

【その他休暇】
✧ 有給休暇
✧ 夏季・冬季休暇
✧ GW休暇
✧ 年末年始休暇",愛知県 名古屋市 熱田区,,"月給:25万円~+交通費全額支給

※経験に応じて決定いたします。

# 昇給あり
# 賞与あり
# 残業代100%支給
# 交通費支給","・社会保険完備
・住宅手当
・家賃補助
・退職金制度
・家族手当・扶養手当
・健康診断
・特別休暇
・資格取得支援制度","\\✧カジュアル面談実施中です✧/

応募に必要なのは人柄のみです!
まずはあなたのご希望を聞かせてください!

✩.。.....................。.✩
■ 応募からの流れ ■
✩.。.....................。.✩

▶STEP1WEBから1分簡単ご応募!
1~3日以内に担当者よりご連絡いたします。

▶ STEP2カジュアル面談(1回のみ)

▶STEP3採用

※入社日のご相談OKです◎
お気軽にご相談ください!",,即日勤務OK、交通費支給、残業なし,2,任意,生年月日、性別、電話番号,ntf-indeedapplicant-aaaatulx77tci2k2pr5yeqapva@shukatsu-labo.slack.com,,,利用しない,,
募集中,日本マニュファクチャリングサービス株式会社,【未経験】軽作業スタッフ/日本マニュファクチャリングサービス株式会社/名古屋市港区,倉庫作業スタッフ,20~30代活躍中◎初めての軽作業デビュー♪,,愛知県 名古屋市 港区,,,正社員,はい,月給,250000,,最低額を表示,なし,,,,,,,固定時間制,160,,厚生年金、健康保険、雇用保険、労災保険,,なし,,,,,,,,,,,,,,,,,,"難しいことは一切なし！簡単なピッキングや仕分けといった軽作業からスタート。

・リストを見ながら商品を集めるピッキング
・出荷先ごとの簡単な仕分け・梱包
・届いた商品の検品や棚入れ　など

「倉庫作業は初めてで不安…」という方も大丈夫！
先輩の90%が未経験からデビューしています。手厚い研修制度があるから、軽作業が初めての方も安心して一歩を踏み出せる環境です。","【アピールポイント：ココが私たちの推し！】

✅土日祝休み
カレンダー通りのお休みだから、大型連休もしっかり確保。遠征や旅行のスケジュールも立てやすいのが魅力です。

✅職場は「好き」を語れる同志ばかり！
20代メインの職場で、休憩時間は推しトークで大盛り上がり。「ライブどうだった？」「新曲最高！」なんて会話が日常茶飯事です。

✅自分らしさを完全キープ！
髪色・ネイル・服装は自由。推しカラーをネイルに取り入れたり、お気に入りの服でモチベーションを上げたり、オシャレを楽しみながら働けます。

✅趣味の資金もコツコツ貯まる♪
頑張りは昇給でしっかり評価。楽しみながらスキルを磨いて、推し活をもっと充実させちゃいましょう！","例外事由3号のイにより、長期キャリア形成を図るため、
35歳以下を募集しております。","【勤務時間】
★9:00~18:00
└実働8時間/休憩1時間

定時ダッシュも問題ないです✧
✧ 土日祝休み
✧ 残業月平均:6.5時間以内
✧ 残業代100%支給","✧ 完全週休2日制(土日祝休み)
✧ 年間休日125日
「土日休みはマスト!」ってあなたにも
ぴったりの職場です!

【その他休暇】
✧ 有給休暇
✧ 夏季・冬季休暇
✧ GW休暇
✧ 年末年始休暇",愛知県 名古屋市 港区,,"月給:25万円~+交通費全額支給

※経験に応じて決定いたします。

# 昇給あり
# 賞与あり
# 残業代100%支給
# 交通費支給","・社会保険完備
・住宅手当
・家賃補助
・退職金制度
・家族手当・扶養手当
・健康診断
・特別休暇
・資格取得支援制度","\\✧カジュアル面談実施中です✧/

応募に必要なのは人柄のみです!
まずはあなたのご希望を聞かせてください!

✩.。.....................。.✩
■ 応募からの流れ ■
✩.。.....................。.✩

▶STEP1WEBから1分簡単ご応募!
1~3日以内に担当者よりご連絡いたします。

▶ STEP2カジュアル面談(1回のみ)

▶STEP3採用

※入社日のご相談OKです◎
お気軽にご相談ください!",,即日勤務OK、交通費支給、残業なし,2,任意,生年月日、性別、電話番号,ntf-indeedapplicant-aaaatulx77tci2k2pr5yeqapva@shukatsu-labo.slack.com,,,利用しない,,
募集中,日本マニュファクチャリングサービス株式会社,【未経験】軽作業スタッフ/日本マニュファクチャリングサービス株式会社/名古屋市,倉庫作業スタッフ,20~30代活躍中◎初めての軽作業デビュー♪,,愛知県 名古屋市,,,正社員,はい,月給,250000,,最低額を表示,なし,,,,,,,固定時間制,160,,厚生年金、健康保険、雇用保険、労災保険,,なし,,,,,,,,,,,,,,,,,,"難しいことは一切なし！簡単なピッキングや仕分けといった軽作業からスタート。

・リストを見ながら商品を集めるピッキング
・出荷先ごとの簡単な仕分け・梱包
・届いた商品の検品や棚入れ　など

「倉庫作業は初めてで不安…」という方も大丈夫！
先輩の90%が未経験からデビューしています。手厚い研修制度があるから、軽作業が初めての方も安心して一歩を踏み出せる環境です。","【アピールポイント：ココが私たちの推し！】

✅土日祝休み
カレンダー通りのお休みだから、大型連休もしっかり確保。遠征や旅行のスケジュールも立てやすいのが魅力です。

✅職場は「好き」を語れる同志ばかり！
20代メインの職場で、休憩時間は推しトークで大盛り上がり。「ライブどうだった？」「新曲最高！」なんて会話が日常茶飯事です。

✅自分らしさを完全キープ！
髪色・ネイル・服装は自由。推しカラーをネイルに取り入れたり、お気に入りの服でモチベーションを上げたり、オシャレを楽しみながら働けます。

✅趣味の資金もコツコツ貯まる♪
頑張りは昇給でしっかり評価。楽しみながらスキルを磨いて、推し活をもっと充実させちゃいましょう！","例外事由3号のイにより、長期キャリア形成を図るため、
35歳以下を募集しております。","【勤務時間】
★9:00~18:00
└実働8時間/休憩1時間

定時ダッシュも問題ないです✧
✧ 土日祝休み
✧ 残業月平均:6.5時間以内
✧ 残業代100%支給","✧ 完全週休2日制(土日祝休み)
✧ 年間休日125日
「土日休みはマスト!」ってあなたにも
ぴったりの職場です!

【その他休暇】
✧ 有給休暇
✧ 夏季・冬季休暇
✧ GW休暇
✧ 年末年始休暇",愛知県 名古屋市,,"月給:25万円~+交通費全額支給

※経験に応じて決定いたします。

# 昇給あり
# 賞与あり
# 残業代100%支給
# 交通費支給","・社会保険完備
・住宅手当
・家賃補助
・退職金制度
・家族手当・扶養手当
・健康診断
・特別休暇
・資格取得支援制度","\\✧カジュアル面談実施中です✧/

応募に必要なのは人柄のみです!
まずはあなたのご希望を聞かせてください!

✩.。.....................。.✩
■ 応募からの流れ ■
✩.。.....................。.✩

▶STEP1WEBから1分簡単ご応募!
1~3日以内に担当者よりご連絡いたします。

▶ STEP2カジュアル面談(1回のみ)

▶STEP3採用

※入社日のご相談OKです◎
お気軽にご相談ください!",,即日勤務OK、交通費支給、残業なし,2,任意,生年月日、性別、電話番号,ntf-indeedapplicant-aaaatulx77tci2k2pr5yeqapva@shukatsu-labo.slack.com,,,利用しない,,
募集中,日本マニュファクチャリングサービス株式会社,【未経験】軽作業スタッフ/日本マニュファクチャリングサービス株式会社/山武郡芝山町,倉庫作業スタッフ,20~30代活躍中◎初めての軽作業デビュー♪,,千葉県 山武郡 芝山町,,,正社員,はい,月給,250000,,最低額を表示,なし,,,,,,,固定時間制,160,,厚生年金、健康保険、雇用保険、労災保険,,なし,,,,,,,,,,,,,,,,,,"難しいことは一切なし！簡単なピッキングや仕分けといった軽作業からスタート。

・リストを見ながら商品を集めるピッキング
・出荷先ごとの簡単な仕分け・梱包
・届いた商品の検品や棚入れ　など

「倉庫作業は初めてで不安…」という方も大丈夫！
先輩の90%が未経験からデビューしています。手厚い研修制度があるから、軽作業が初めての方も安心して一歩を踏み出せる環境です。","【アピールポイント：ココが私たちの推し！】

✅土日祝休み
カレンダー通りのお休みだから、大型連休もしっかり確保。遠征や旅行のスケジュールも立てやすいのが魅力です。

✅職場は「好き」を語れる同志ばかり！
20代メインの職場で、休憩時間は推しトークで大盛り上がり。「ライブどうだった？」「新曲最高！」なんて会話が日常茶飯事です。

✅自分らしさを完全キープ！
髪色・ネイル・服装は自由。推しカラーをネイルに取り入れたり、お気に入りの服でモチベーションを上げたり、オシャレを楽しみながら働けます。

✅趣味の資金もコツコツ貯まる♪
頑張りは昇給でしっかり評価。楽しみながらスキルを磨いて、推し活をもっと充実させちゃいましょう！","例外事由3号のイにより、長期キャリア形成を図るため、
35歳以下を募集しております。","【勤務時間】
★9:00~18:00
└実働8時間/休憩1時間

定時ダッシュも問題ないです✧
✧ 土日祝休み
✧ 残業月平均:6.5時間以内
✧ 残業代100%支給","✧ 完全週休2日制(土日祝休み)
✧ 年間休日125日
「土日休みはマスト!」ってあなたにも
ぴったりの職場です!

【その他休暇】
✧ 有給休暇
✧ 夏季・冬季休暇
✧ GW休暇
✧ 年末年始休暇",千葉県 山武郡 芝山町,,"月給:25万円~+交通費全額支給

※経験に応じて決定いたします。

# 昇給あり
# 賞与あり
# 残業代100%支給
# 交通費支給","・社会保険完備
・住宅手当
・家賃補助
・退職金制度
・家族手当・扶養手当
・健康診断
・特別休暇
・資格取得支援制度","\\✧カジュアル面談実施中です✧/

応募に必要なのは人柄のみです!
まずはあなたのご希望を聞かせてください!

✩.。.....................。.✩
■ 応募からの流れ ■
✩.。.....................。.✩

▶STEP1WEBから1分簡単ご応募!
1~3日以内に担当者よりご連絡いたします。

▶ STEP2カジュアル面談(1回のみ)

▶STEP3採用

※入社日のご相談OKです◎
お気軽にご相談ください!",,即日勤務OK、交通費支給、残業なし,2,任意,生年月日、性別、電話番号,ntf-indeedapplicant-aaaatulx77tci2k2pr5yeqapva@shukatsu-labo.slack.com,,,利用しない,,
募集中,日本マニュファクチャリングサービス株式会社,【未経験】軽作業スタッフ/日本マニュファクチャリングサービス株式会社/香取市,倉庫作業スタッフ,20~30代活躍中◎初めての軽作業デビュー♪,,千葉県 香取市,,,正社員,はい,月給,250000,,最低額を表示,なし,,,,,,,固定時間制,160,,厚生年金、健康保険、雇用保険、労災保険,,なし,,,,,,,,,,,,,,,,,,"難しいことは一切なし！簡単なピッキングや仕分けといった軽作業からスタート。

・リストを見ながら商品を集めるピッキング
・出荷先ごとの簡単な仕分け・梱包
・届いた商品の検品や棚入れ　など

「倉庫作業は初めてで不安…」という方も大丈夫！
先輩の90%が未経験からデビューしています。手厚い研修制度があるから、軽作業が初めての方も安心して一歩を踏み出せる環境です。","【アピールポイント：ココが私たちの推し！】

✅土日祝休み
カレンダー通りのお休みだから、大型連休もしっかり確保。遠征や旅行のスケジュールも立てやすいのが魅力です。

✅職場は「好き」を語れる同志ばかり！
20代メインの職場で、休憩時間は推しトークで大盛り上がり。「ライブどうだった？」「新曲最高！」なんて会話が日常茶飯事です。

✅自分らしさを完全キープ！
髪色・ネイル・服装は自由。推しカラーをネイルに取り入れたり、お気に入りの服でモチベーションを上げたり、オシャレを楽しみながら働けます。

✅趣味の資金もコツコツ貯まる♪
頑張りは昇給でしっかり評価。楽しみながらスキルを磨いて、推し活をもっと充実させちゃいましょう！","例外事由3号のイにより、長期キャリア形成を図るため、
35歳以下を募集しております。","【勤務時間】
★9:00~18:00
└実働8時間/休憩1時間

定時ダッシュも問題ないです✧
✧ 土日祝休み
✧ 残業月平均:6.5時間以内
✧ 残業代100%支給","✧ 完全週休2日制(土日祝休み)
✧ 年間休日125日
「土日休みはマスト!」ってあなたにも
ぴったりの職場です!

【その他休暇】
✧ 有給休暇
✧ 夏季・冬季休暇
✧ GW休暇
✧ 年末年始休暇",千葉県 香取市,,"月給:25万円~+交通費全額支給

※経験に応じて決定いたします。

# 昇給あり
# 賞与あり
# 残業代100%支給
# 交通費支給","・社会保険完備
・住宅手当
・家賃補助
・退職金制度
・家族手当・扶養手当
・健康診断
・特別休暇
・資格取得支援制度","\\✧カジュアル面談実施中です✧/

応募に必要なのは人柄のみです!
まずはあなたのご希望を聞かせてください!

✩.。.....................。.✩
■ 応募からの流れ ■
✩.。.....................。.✩

▶STEP1WEBから1分簡単ご応募!
1~3日以内に担当者よりご連絡いたします。

▶ STEP2カジュアル面談(1回のみ)

▶STEP3採用

※入社日のご相談OKです◎
お気軽にご相談ください!",,即日勤務OK、交通費支給、残業なし,2,任意,生年月日、性別、電話番号,ntf-indeedapplicant-aaaatulx77tci2k2pr5yeqapva@shukatsu-labo.slack.com,,,利用しない,,
募集中,日本マニュファクチャリングサービス株式会社,【未経験】軽作業スタッフ/日本マニュファクチャリングサービス株式会社/印西市,倉庫作業スタッフ,20~30代活躍中◎初めての軽作業デビュー♪,,千葉県 印西市,,,正社員,はい,月給,250000,,最低額を表示,なし,,,,,,,固定時間制,160,,厚生年金、健康保険、雇用保険、労災保険,,なし,,,,,,,,,,,,,,,,,,"難しいことは一切なし！簡単なピッキングや仕分けといった軽作業からスタート。

・リストを見ながら商品を集めるピッキング
・出荷先ごとの簡単な仕分け・梱包
・届いた商品の検品や棚入れ　など

「倉庫作業は初めてで不安…」という方も大丈夫！
先輩の90%が未経験からデビューしています。手厚い研修制度があるから、軽作業が初めての方も安心して一歩を踏み出せる環境です。","【アピールポイント：ココが私たちの推し！】

✅土日祝休み
カレンダー通りのお休みだから、大型連休もしっかり確保。遠征や旅行のスケジュールも立てやすいのが魅力です。

✅職場は「好き」を語れる同志ばかり！
20代メインの職場で、休憩時間は推しトークで大盛り上がり。「ライブどうだった？」「新曲最高！」なんて会話が日常茶飯事です。

✅自分らしさを完全キープ！
髪色・ネイル・服装は自由。推しカラーをネイルに取り入れたり、お気に入りの服でモチベーションを上げたり、オシャレを楽しみながら働けます。

✅趣味の資金もコツコツ貯まる♪
頑張りは昇給でしっかり評価。楽しみながらスキルを磨いて、推し活をもっと充実させちゃいましょう！","例外事由3号のイにより、長期キャリア形成を図るため、
35歳以下を募集しております。","【勤務時間】
★9:00~18:00
└実働8時間/休憩1時間

定時ダッシュも問題ないです✧
✧ 土日祝休み
✧ 残業月平均:6.5時間以内
✧ 残業代100%支給","✧ 完全週休2日制(土日祝休み)
✧ 年間休日125日
「土日休みはマスト!」ってあなたにも
ぴったりの職場です!

【その他休暇】
✧ 有給休暇
✧ 夏季・冬季休暇
✧ GW休暇
✧ 年末年始休暇",千葉県 印西市,,"月給:25万円~+交通費全額支給

※経験に応じて決定いたします。

# 昇給あり
# 賞与あり
# 残業代100%支給
# 交通費支給","・社会保険完備
・住宅手当
・家賃補助
・退職金制度
・家族手当・扶養手当
・健康診断
・特別休暇
・資格取得支援制度","\\✧カジュアル面談実施中です✧/

応募に必要なのは人柄のみです!
まずはあなたのご希望を聞かせてください!

✩.。.....................。.✩
■ 応募からの流れ ■
✩.。.....................。.✩

▶STEP1WEBから1分簡単ご応募!
1~3日以内に担当者よりご連絡いたします。

▶ STEP2カジュアル面談(1回のみ)

▶STEP3採用

※入社日のご相談OKです◎
お気軽にご相談ください!",,即日勤務OK、交通費支給、残業なし,2,任意,生年月日、性別、電話番号,ntf-indeedapplicant-aaaatulx77tci2k2pr5yeqapva@shukatsu-labo.slack.com,,,利用しない,,
募集中,日本マニュファクチャリングサービス株式会社,【未経験】軽作業スタッフ/日本マニュファクチャリングサービス株式会社/旭市,倉庫作業スタッフ,20~30代活躍中◎初めての軽作業デビュー♪,,千葉県 旭市,,,正社員,はい,月給,250000,,最低額を表示,なし,,,,,,,固定時間制,160,,厚生年金、健康保険、雇用保険、労災保険,,なし,,,,,,,,,,,,,,,,,,"難しいことは一切なし！簡単なピッキングや仕分けといった軽作業からスタート。

・リストを見ながら商品を集めるピッキング
・出荷先ごとの簡単な仕分け・梱包
・届いた商品の検品や棚入れ　など

「倉庫作業は初めてで不安…」という方も大丈夫！
先輩の90%が未経験からデビューしています。手厚い研修制度があるから、軽作業が初めての方も安心して一歩を踏み出せる環境です。","【アピールポイント：ココが私たちの推し！】

✅土日祝休み
カレンダー通りのお休みだから、大型連休もしっかり確保。遠征や旅行のスケジュールも立てやすいのが魅力です。

✅職場は「好き」を語れる同志ばかり！
20代メインの職場で、休憩時間は推しトークで大盛り上がり。「ライブどうだった？」「新曲最高！」なんて会話が日常茶飯事です。

✅自分らしさを完全キープ！
髪色・ネイル・服装は自由。推しカラーをネイルに取り入れたり、お気に入りの服でモチベーションを上げたり、オシャレを楽しみながら働けます。

✅趣味の資金もコツコツ貯まる♪
頑張りは昇給でしっかり評価。楽しみながらスキルを磨いて、推し活をもっと充実させちゃいましょう！","例外事由3号のイにより、長期キャリア形成を図るため、
35歳以下を募集しております。","【勤務時間】
★9:00~18:00
└実働8時間/休憩1時間

定時ダッシュも問題ないです✧
✧ 土日祝休み
✧ 残業月平均:6.5時間以内
✧ 残業代100%支給","✧ 完全週休2日制(土日祝休み)
✧ 年間休日125日
「土日休みはマスト!」ってあなたにも
ぴったりの職場です!

【その他休暇】
✧ 有給休暇
✧ 夏季・冬季休暇
✧ GW休暇
✧ 年末年始休暇",千葉県 旭市,,"月給:25万円~+交通費全額支給

※経験に応じて決定いたします。

# 昇給あり
# 賞与あり
# 残業代100%支給
# 交通費支給","・社会保険完備
・住宅手当
・家賃補助
・退職金制度
・家族手当・扶養手当
・健康診断
・特別休暇
・資格取得支援制度","\\✧カジュアル面談実施中です✧/

応募に必要なのは人柄のみです!
まずはあなたのご希望を聞かせてください!

✩.。.....................。.✩
■ 応募からの流れ ■
✩.。.....................。.✩

▶STEP1WEBから1分簡単ご応募!
1~3日以内に担当者よりご連絡いたします。

▶ STEP2カジュアル面談(1回のみ)

▶STEP3採用

※入社日のご相談OKです◎
お気軽にご相談ください!",,即日勤務OK、交通費支給、残業なし,2,任意,生年月日、性別、電話番号,ntf-indeedapplicant-aaaatulx77tci2k2pr5yeqapva@shukatsu-labo.slack.com,,,利用しない,,
募集中,日本マニュファクチャリングサービス株式会社,【未経験】軽作業スタッフ/日本マニュファクチャリングサービス株式会社/富里市,倉庫作業スタッフ,20~30代活躍中◎初めての軽作業デビュー♪,,千葉県 富里市,,,正社員,はい,月給,250000,,最低額を表示,なし,,,,,,,固定時間制,160,,厚生年金、健康保険、雇用保険、労災保険,,なし,,,,,,,,,,,,,,,,,,"難しいことは一切なし！簡単なピッキングや仕分けといった軽作業からスタート。

・リストを見ながら商品を集めるピッキング
・出荷先ごとの簡単な仕分け・梱包
・届いた商品の検品や棚入れ　など

「倉庫作業は初めてで不安…」という方も大丈夫！
先輩の90%が未経験からデビューしています。手厚い研修制度があるから、軽作業が初めての方も安心して一歩を踏み出せる環境です。","【アピールポイント：ココが私たちの推し！】

✅土日祝休み
カレンダー通りのお休みだから、大型連休もしっかり確保。遠征や旅行のスケジュールも立てやすいのが魅力です。

✅職場は「好き」を語れる同志ばかり！
20代メインの職場で、休憩時間は推しトークで大盛り上がり。「ライブどうだった？」「新曲最高！」なんて会話が日常茶飯事です。

✅自分らしさを完全キープ！
髪色・ネイル・服装は自由。推しカラーをネイルに取り入れたり、お気に入りの服でモチベーションを上げたり、オシャレを楽しみながら働けます。

✅趣味の資金もコツコツ貯まる♪
頑張りは昇給でしっかり評価。楽しみながらスキルを磨いて、推し活をもっと充実させちゃいましょう！","例外事由3号のイにより、長期キャリア形成を図るため、
35歳以下を募集しております。","【勤務時間】
★9:00~18:00
└実働8時間/休憩1時間

定時ダッシュも問題ないです✧
✧ 土日祝休み
✧ 残業月平均:6.5時間以内
✧ 残業代100%支給","✧ 完全週休2日制(土日祝休み)
✧ 年間休日125日
「土日休みはマスト!」ってあなたにも
ぴったりの職場です!

【その他休暇】
✧ 有給休暇
✧ 夏季・冬季休暇
✧ GW休暇
✧ 年末年始休暇",千葉県 富里市,,"月給:25万円~+交通費全額支給

※経験に応じて決定いたします。

# 昇給あり
# 賞与あり
# 残業代100%支給
# 交通費支給","・社会保険完備
・住宅手当
・家賃補助
・退職金制度
・家族手当・扶養手当
・健康診断
・特別休暇
・資格取得支援制度","\\✧カジュアル面談実施中です✧/

応募に必要なのは人柄のみです!
まずはあなたのご希望を聞かせてください!

✩.。.....................。.✩
■ 応募からの流れ ■
✩.。.....................。.✩

▶STEP1WEBから1分簡単ご応募!
1~3日以内に担当者よりご連絡いたします。

▶ STEP2カジュアル面談(1回のみ)

▶STEP3採用

※入社日のご相談OKです◎
お気軽にご相談ください!",,即日勤務OK、交通費支給、残業なし,2,任意,生年月日、性別、電話番号,ntf-indeedapplicant-aaaatulx77tci2k2pr5yeqapva@shukatsu-labo.slack.com,,,利用しない,,
募集中,日本マニュファクチャリングサービス株式会社,【未経験】軽作業スタッフ/日本マニュファクチャリングサービス株式会社/君津市,倉庫作業スタッフ,20~30代活躍中◎初めての軽作業デビュー♪,,千葉県 君津市,,,正社員,はい,月給,250000,,最低額を表示,なし,,,,,,,固定時間制,160,,厚生年金、健康保険、雇用保険、労災保険,,なし,,,,,,,,,,,,,,,,,,"難しいことは一切なし！簡単なピッキングや仕分けといった軽作業からスタート。

・リストを見ながら商品を集めるピッキング
・出荷先ごとの簡単な仕分け・梱包
・届いた商品の検品や棚入れ　など

「倉庫作業は初めてで不安…」という方も大丈夫！
先輩の90%が未経験からデビューしています。手厚い研修制度があるから、軽作業が初めての方も安心して一歩を踏み出せる環境です。","【アピールポイント：ココが私たちの推し！】

✅土日祝休み
カレンダー通りのお休みだから、大型連休もしっかり確保。遠征や旅行のスケジュールも立てやすいのが魅力です。

✅職場は「好き」を語れる同志ばかり！
20代メインの職場で、休憩時間は推しトークで大盛り上がり。「ライブどうだった？」「新曲最高！」なんて会話が日常茶飯事です。

✅自分らしさを完全キープ！
髪色・ネイル・服装は自由。推しカラーをネイルに取り入れたり、お気に入りの服でモチベーションを上げたり、オシャレを楽しみながら働けます。

✅趣味の資金もコツコツ貯まる♪
頑張りは昇給でしっかり評価。楽しみながらスキルを磨いて、推し活をもっと充実させちゃいましょう！","例外事由3号のイにより、長期キャリア形成を図るため、
35歳以下を募集しております。","【勤務時間】
★9:00~18:00
└実働8時間/休憩1時間

定時ダッシュも問題ないです✧
✧ 土日祝休み
✧ 残業月平均:6.5時間以内
✧ 残業代100%支給","✧ 完全週休2日制(土日祝休み)
✧ 年間休日125日
「土日休みはマスト!」ってあなたにも
ぴったりの職場です!

【その他休暇】
✧ 有給休暇
✧ 夏季・冬季休暇
✧ GW休暇
✧ 年末年始休暇",千葉県 君津市,,"月給:25万円~+交通費全額支給

※経験に応じて決定いたします。

# 昇給あり
# 賞与あり
# 残業代100%支給
# 交通費支給","・社会保険完備
・住宅手当
・家賃補助
・退職金制度
・家族手当・扶養手当
・健康診断
・特別休暇
・資格取得支援制度","\\✧カジュアル面談実施中です✧/

応募に必要なのは人柄のみです!
まずはあなたのご希望を聞かせてください!

✩.。.....................。.✩
■ 応募からの流れ ■
✩.。.....................。.✩

▶STEP1WEBから1分簡単ご応募!
1~3日以内に担当者よりご連絡いたします。

▶ STEP2カジュアル面談(1回のみ)

▶STEP3採用

※入社日のご相談OKです◎
お気軽にご相談ください!",,即日勤務OK、交通費支給、残業なし,2,任意,生年月日、性別、電話番号,ntf-indeedapplicant-aaaatulx77tci2k2pr5yeqapva@shukatsu-labo.slack.com,,,利用しない,,
募集中,日本マニュファクチャリングサービス株式会社,【未経験】軽作業スタッフ/日本マニュファクチャリングサービス株式会社/八千代市,倉庫作業スタッフ,20~30代活躍中◎初めての軽作業デビュー♪,,千葉県 八千代市,,,正社員,はい,月給,250000,,最低額を表示,なし,,,,,,,固定時間制,160,,厚生年金、健康保険、雇用保険、労災保険,,なし,,,,,,,,,,,,,,,,,,"難しいことは一切なし！簡単なピッキングや仕分けといった軽作業からスタート。

・リストを見ながら商品を集めるピッキング
・出荷先ごとの簡単な仕分け・梱包
・届いた商品の検品や棚入れ　など

「倉庫作業は初めてで不安…」という方も大丈夫！
先輩の90%が未経験からデビューしています。手厚い研修制度があるから、軽作業が初めての方も安心して一歩を踏み出せる環境です。","【アピールポイント：ココが私たちの推し！】

✅土日祝休み
カレンダー通りのお休みだから、大型連休もしっかり確保。遠征や旅行のスケジュールも立てやすいのが魅力です。

✅職場は「好き」を語れる同志ばかり！
20代メインの職場で、休憩時間は推しトークで大盛り上がり。「ライブどうだった？」「新曲最高！」なんて会話が日常茶飯事です。

✅自分らしさを完全キープ！
髪色・ネイル・服装は自由。推しカラーをネイルに取り入れたり、お気に入りの服でモチベーションを上げたり、オシャレを楽しみながら働けます。

✅趣味の資金もコツコツ貯まる♪
頑張りは昇給でしっかり評価。楽しみながらスキルを磨いて、推し活をもっと充実させちゃいましょう！","例外事由3号のイにより、長期キャリア形成を図るため、
35歳以下を募集しております。","【勤務時間】
★9:00~18:00
└実働8時間/休憩1時間

定時ダッシュも問題ないです✧
✧ 土日祝休み
✧ 残業月平均:6.5時間以内
✧ 残業代100%支給","✧ 完全週休2日制(土日祝休み)
✧ 年間休日125日
「土日休みはマスト!」ってあなたにも
ぴったりの職場です!

【その他休暇】
✧ 有給休暇
✧ 夏季・冬季休暇
✧ GW休暇
✧ 年末年始休暇",千葉県 八千代市,,"月給:25万円~+交通費全額支給

※経験に応じて決定いたします。

# 昇給あり
# 賞与あり
# 残業代100%支給
# 交通費支給","・社会保険完備
・住宅手当
・家賃補助
・退職金制度
・家族手当・扶養手当
・健康診断
・特別休暇
・資格取得支援制度","\\✧カジュアル面談実施中です✧/

応募に必要なのは人柄のみです!
まずはあなたのご希望を聞かせてください!

✩.。.....................。.✩
■ 応募からの流れ ■
✩.。.....................。.✩

▶STEP1WEBから1分簡単ご応募!
1~3日以内に担当者よりご連絡いたします。

▶ STEP2カジュアル面談(1回のみ)

▶STEP3採用

※入社日のご相談OKです◎
お気軽にご相談ください!",,即日勤務OK、交通費支給、残業なし,2,任意,生年月日、性別、電話番号,ntf-indeedapplicant-aaaatulx77tci2k2pr5yeqapva@shukatsu-labo.slack.com,,,利用しない,,
募集中,日本マニュファクチャリングサービス株式会社,【未経験】軽作業スタッフ/日本マニュファクチャリングサービス株式会社/市原市,倉庫作業スタッフ,20~30代活躍中◎初めての軽作業デビュー♪,,千葉県 市原市,,,正社員,はい,月給,250000,,最低額を表示,なし,,,,,,,固定時間制,160,,厚生年金、健康保険、雇用保険、労災保険,,なし,,,,,,,,,,,,,,,,,,"難しいことは一切なし！簡単なピッキングや仕分けといった軽作業からスタート。

・リストを見ながら商品を集めるピッキング
・出荷先ごとの簡単な仕分け・梱包
・届いた商品の検品や棚入れ　など

「倉庫作業は初めてで不安…」という方も大丈夫！
先輩の90%が未経験からデビューしています。手厚い研修制度があるから、軽作業が初めての方も安心して一歩を踏み出せる環境です。","【アピールポイント：ココが私たちの推し！】

✅土日祝休み
カレンダー通りのお休みだから、大型連休もしっかり確保。遠征や旅行のスケジュールも立てやすいのが魅力です。

✅職場は「好き」を語れる同志ばかり！
20代メインの職場で、休憩時間は推しトークで大盛り上がり。「ライブどうだった？」「新曲最高！」なんて会話が日常茶飯事です。

✅自分らしさを完全キープ！
髪色・ネイル・服装は自由。推しカラーをネイルに取り入れたり、お気に入りの服でモチベーションを上げたり、オシャレを楽しみながら働けます。

✅趣味の資金もコツコツ貯まる♪
頑張りは昇給でしっかり評価。楽しみながらスキルを磨いて、推し活をもっと充実させちゃいましょう！","例外事由3号のイにより、長期キャリア形成を図るため、
35歳以下を募集しております。","【勤務時間】
★9:00~18:00
└実働8時間/休憩1時間

定時ダッシュも問題ないです✧
✧ 土日祝休み
✧ 残業月平均:6.5時間以内
✧ 残業代100%支給","✧ 完全週休2日制(土日祝休み)
✧ 年間休日125日
「土日休みはマスト!」ってあなたにも
ぴったりの職場です!

【その他休暇】
✧ 有給休暇
✧ 夏季・冬季休暇
✧ GW休暇
✧ 年末年始休暇",千葉県 市原市,,"月給:25万円~+交通費全額支給

※経験に応じて決定いたします。

# 昇給あり
# 賞与あり
# 残業代100%支給
# 交通費支給","・社会保険完備
・住宅手当
・家賃補助
・退職金制度
・家族手当・扶養手当
・健康診断
・特別休暇
・資格取得支援制度","\\✧カジュアル面談実施中です✧/

応募に必要なのは人柄のみです!
まずはあなたのご希望を聞かせてください!

✩.。.....................。.✩
■ 応募からの流れ ■
✩.。.....................。.✩

▶STEP1WEBから1分簡単ご応募!
1~3日以内に担当者よりご連絡いたします。

▶ STEP2カジュアル面談(1回のみ)

▶STEP3採用

※入社日のご相談OKです◎
お気軽にご相談ください!",,即日勤務OK、交通費支給、残業なし,2,任意,生年月日、性別、電話番号,ntf-indeedapplicant-aaaatulx77tci2k2pr5yeqapva@shukatsu-labo.slack.com,,,利用しない,,
募集中,日本マニュファクチャリングサービス株式会社,【未経験】軽作業スタッフ/日本マニュファクチャリングサービス株式会社/柏市,倉庫作業スタッフ,20~30代活躍中◎初めての軽作業デビュー♪,,千葉県 柏市,,,正社員,はい,月給,250000,,最低額を表示,なし,,,,,,,固定時間制,160,,厚生年金、健康保険、雇用保険、労災保険,,なし,,,,,,,,,,,,,,,,,,"難しいことは一切なし！簡単なピッキングや仕分けといった軽作業からスタート。

・リストを見ながら商品を集めるピッキング
・出荷先ごとの簡単な仕分け・梱包
・届いた商品の検品や棚入れ　など

「倉庫作業は初めてで不安…」という方も大丈夫！
先輩の90%が未経験からデビューしています。手厚い研修制度があるから、軽作業が初めての方も安心して一歩を踏み出せる環境です。","【アピールポイント：ココが私たちの推し！】

✅土日祝休み
カレンダー通りのお休みだから、大型連休もしっかり確保。遠征や旅行のスケジュールも立てやすいのが魅力です。

✅職場は「好き」を語れる同志ばかり！
20代メインの職場で、休憩時間は推しトークで大盛り上がり。「ライブどうだった？」「新曲最高！」なんて会話が日常茶飯事です。

✅自分らしさを完全キープ！
髪色・ネイル・服装は自由。推しカラーをネイルに取り入れたり、お気に入りの服でモチベーションを上げたり、オシャレを楽しみながら働けます。

✅趣味の資金もコツコツ貯まる♪
頑張りは昇給でしっかり評価。楽しみながらスキルを磨いて、推し活をもっと充実させちゃいましょう！","例外事由3号のイにより、長期キャリア形成を図るため、
35歳以下を募集しております。","【勤務時間】
★9:00~18:00
└実働8時間/休憩1時間

定時ダッシュも問題ないです✧
✧ 土日祝休み
✧ 残業月平均:6.5時間以内
✧ 残業代100%支給","✧ 完全週休2日制(土日祝休み)
✧ 年間休日125日
「土日休みはマスト!」ってあなたにも
ぴったりの職場です!

【その他休暇】
✧ 有給休暇
✧ 夏季・冬季休暇
✧ GW休暇
✧ 年末年始休暇",千葉県 柏市,,"月給:25万円~+交通費全額支給

※経験に応じて決定いたします。

# 昇給あり
# 賞与あり
# 残業代100%支給
# 交通費支給","・社会保険完備
・住宅手当
・家賃補助
・退職金制度
・家族手当・扶養手当
・健康診断
・特別休暇
・資格取得支援制度","\\✧カジュアル面談実施中です✧/

応募に必要なのは人柄のみです!
まずはあなたのご希望を聞かせてください!

✩.。.....................。.✩
■ 応募からの流れ ■
✩.。.....................。.✩

▶STEP1WEBから1分簡単ご応募!
1~3日以内に担当者よりご連絡いたします。

▶ STEP2カジュアル面談(1回のみ)

▶STEP3採用

※入社日のご相談OKです◎
お気軽にご相談ください!",,即日勤務OK、交通費支給、残業なし,2,任意,生年月日、性別、電話番号,ntf-indeedapplicant-aaaatulx77tci2k2pr5yeqapva@shukatsu-labo.slack.com,,,利用しない,,
募集中,日本マニュファクチャリングサービス株式会社,【未経験】軽作業スタッフ/日本マニュファクチャリングサービス株式会社/習志野市,倉庫作業スタッフ,20~30代活躍中◎初めての軽作業デビュー♪,,千葉県 習志野市,,,正社員,はい,月給,250000,,最低額を表示,なし,,,,,,,固定時間制,160,,厚生年金、健康保険、雇用保険、労災保険,,なし,,,,,,,,,,,,,,,,,,"難しいことは一切なし！簡単なピッキングや仕分けといった軽作業からスタート。

・リストを見ながら商品を集めるピッキング
・出荷先ごとの簡単な仕分け・梱包
・届いた商品の検品や棚入れ　など

「倉庫作業は初めてで不安…」という方も大丈夫！
先輩の90%が未経験からデビューしています。手厚い研修制度があるから、軽作業が初めての方も安心して一歩を踏み出せる環境です。","【アピールポイント：ココが私たちの推し！】

✅土日祝休み
カレンダー通りのお休みだから、大型連休もしっかり確保。遠征や旅行のスケジュールも立てやすいのが魅力です。

✅職場は「好き」を語れる同志ばかり！
20代メインの職場で、休憩時間は推しトークで大盛り上がり。「ライブどうだった？」「新曲最高！」なんて会話が日常茶飯事です。

✅自分らしさを完全キープ！
髪色・ネイル・服装は自由。推しカラーをネイルに取り入れたり、お気に入りの服でモチベーションを上げたり、オシャレを楽しみながら働けます。

✅趣味の資金もコツコツ貯まる♪
頑張りは昇給でしっかり評価。楽しみながらスキルを磨いて、推し活をもっと充実させちゃいましょう！","例外事由3号のイにより、長期キャリア形成を図るため、
35歳以下を募集しております。","【勤務時間】
★9:00~18:00
└実働8時間/休憩1時間

定時ダッシュも問題ないです✧
✧ 土日祝休み
✧ 残業月平均:6.5時間以内
✧ 残業代100%支給","✧ 完全週休2日制(土日祝休み)
✧ 年間休日125日
「土日休みはマスト!」ってあなたにも
ぴったりの職場です!

【その他休暇】
✧ 有給休暇
✧ 夏季・冬季休暇
✧ GW休暇
✧ 年末年始休暇",千葉県 習志野市,,"月給:25万円~+交通費全額支給

※経験に応じて決定いたします。

# 昇給あり
# 賞与あり
# 残業代100%支給
# 交通費支給","・社会保険完備
・住宅手当
・家賃補助
・退職金制度
・家族手当・扶養手当
・健康診断
・特別休暇
・資格取得支援制度","\\✧カジュアル面談実施中です✧/

応募に必要なのは人柄のみです!
まずはあなたのご希望を聞かせてください!

✩.。.....................。.✩
■ 応募からの流れ ■
✩.。.....................。.✩

▶STEP1WEBから1分簡単ご応募!
1~3日以内に担当者よりご連絡いたします。

▶ STEP2カジュアル面談(1回のみ)

▶STEP3採用

※入社日のご相談OKです◎
お気軽にご相談ください!",,即日勤務OK、交通費支給、残業なし,2,任意,生年月日、性別、電話番号,ntf-indeedapplicant-aaaatulx77tci2k2pr5yeqapva@shukatsu-labo.slack.com,,,利用しない,,
募集中,日本マニュファクチャリングサービス株式会社,【未経験】軽作業スタッフ/日本マニュファクチャリングサービス株式会社/佐倉市,倉庫作業スタッフ,20~30代活躍中◎初めての軽作業デビュー♪,,千葉県 佐倉市,,,正社員,はい,月給,250000,,最低額を表示,なし,,,,,,,固定時間制,160,,厚生年金、健康保険、雇用保険、労災保険,,なし,,,,,,,,,,,,,,,,,,"難しいことは一切なし！簡単なピッキングや仕分けといった軽作業からスタート。

・リストを見ながら商品を集めるピッキング
・出荷先ごとの簡単な仕分け・梱包
・届いた商品の検品や棚入れ　など

「倉庫作業は初めてで不安…」という方も大丈夫！
先輩の90%が未経験からデビューしています。手厚い研修制度があるから、軽作業が初めての方も安心して一歩を踏み出せる環境です。","【アピールポイント：ココが私たちの推し！】

✅土日祝休み
カレンダー通りのお休みだから、大型連休もしっかり確保。遠征や旅行のスケジュールも立てやすいのが魅力です。

✅職場は「好き」を語れる同志ばかり！
20代メインの職場で、休憩時間は推しトークで大盛り上がり。「ライブどうだった？」「新曲最高！」なんて会話が日常茶飯事です。

✅自分らしさを完全キープ！
髪色・ネイル・服装は自由。推しカラーをネイルに取り入れたり、お気に入りの服でモチベーションを上げたり、オシャレを楽しみながら働けます。

✅趣味の資金もコツコツ貯まる♪
頑張りは昇給でしっかり評価。楽しみながらスキルを磨いて、推し活をもっと充実させちゃいましょう！","例外事由3号のイにより、長期キャリア形成を図るため、
35歳以下を募集しております。","【勤務時間】
★9:00~18:00
└実働8時間/休憩1時間

定時ダッシュも問題ないです✧
✧ 土日祝休み
✧ 残業月平均:6.5時間以内
✧ 残業代100%支給","✧ 完全週休2日制(土日祝休み)
✧ 年間休日125日
「土日休みはマスト!」ってあなたにも
ぴったりの職場です!

【その他休暇】
✧ 有給休暇
✧ 夏季・冬季休暇
✧ GW休暇
✧ 年末年始休暇",千葉県 佐倉市,,"月給:25万円~+交通費全額支給

※経験に応じて決定いたします。

# 昇給あり
# 賞与あり
# 残業代100%支給
# 交通費支給","・社会保険完備
・住宅手当
・家賃補助
・退職金制度
・家族手当・扶養手当
・健康診断
・特別休暇
・資格取得支援制度","\\✧カジュアル面談実施中です✧/

応募に必要なのは人柄のみです!
まずはあなたのご希望を聞かせてください!

✩.。.....................。.✩
■ 応募からの流れ ■
✩.。.....................。.✩

▶STEP1WEBから1分簡単ご応募!
1~3日以内に担当者よりご連絡いたします。

▶ STEP2カジュアル面談(1回のみ)

▶STEP3採用

※入社日のご相談OKです◎
お気軽にご相談ください!",,即日勤務OK、交通費支給、残業なし,2,任意,生年月日、性別、電話番号,ntf-indeedapplicant-aaaatulx77tci2k2pr5yeqapva@shukatsu-labo.slack.com,,,利用しない,,
募集中,日本マニュファクチャリングサービス株式会社,【未経験】軽作業スタッフ/日本マニュファクチャリングサービス株式会社/成田市,倉庫作業スタッフ,20~30代活躍中◎初めての軽作業デビュー♪,,千葉県 成田市,,,正社員,はい,月給,250000,,最低額を表示,なし,,,,,,,固定時間制,160,,厚生年金、健康保険、雇用保険、労災保険,,なし,,,,,,,,,,,,,,,,,,"難しいことは一切なし！簡単なピッキングや仕分けといった軽作業からスタート。

・リストを見ながら商品を集めるピッキング
・出荷先ごとの簡単な仕分け・梱包
・届いた商品の検品や棚入れ　など

「倉庫作業は初めてで不安…」という方も大丈夫！
先輩の90%が未経験からデビューしています。手厚い研修制度があるから、軽作業が初めての方も安心して一歩を踏み出せる環境です。","【アピールポイント：ココが私たちの推し！】

✅土日祝休み
カレンダー通りのお休みだから、大型連休もしっかり確保。遠征や旅行のスケジュールも立てやすいのが魅力です。

✅職場は「好き」を語れる同志ばかり！
20代メインの職場で、休憩時間は推しトークで大盛り上がり。「ライブどうだった？」「新曲最高！」なんて会話が日常茶飯事です。

✅自分らしさを完全キープ！
髪色・ネイル・服装は自由。推しカラーをネイルに取り入れたり、お気に入りの服でモチベーションを上げたり、オシャレを楽しみながら働けます。

✅趣味の資金もコツコツ貯まる♪
頑張りは昇給でしっかり評価。楽しみながらスキルを磨いて、推し活をもっと充実させちゃいましょう！","例外事由3号のイにより、長期キャリア形成を図るため、
35歳以下を募集しております。","【勤務時間】
★9:00~18:00
└実働8時間/休憩1時間

定時ダッシュも問題ないです✧
✧ 土日祝休み
✧ 残業月平均:6.5時間以内
✧ 残業代100%支給","✧ 完全週休2日制(土日祝休み)
✧ 年間休日125日
「土日休みはマスト!」ってあなたにも
ぴったりの職場です!

【その他休暇】
✧ 有給休暇
✧ 夏季・冬季休暇
✧ GW休暇
✧ 年末年始休暇",千葉県 成田市,,"月給:25万円~+交通費全額支給

※経験に応じて決定いたします。

# 昇給あり
# 賞与あり
# 残業代100%支給
# 交通費支給","・社会保険完備
・住宅手当
・家賃補助
・退職金制度
・家族手当・扶養手当
・健康診断
・特別休暇
・資格取得支援制度","\\✧カジュアル面談実施中です✧/

応募に必要なのは人柄のみです!
まずはあなたのご希望を聞かせてください!

✩.。.....................。.✩
■ 応募からの流れ ■
✩.。.....................。.✩

▶STEP1WEBから1分簡単ご応募!
1~3日以内に担当者よりご連絡いたします。

▶ STEP2カジュアル面談(1回のみ)

▶STEP3採用

※入社日のご相談OKです◎
お気軽にご相談ください!",,即日勤務OK、交通費支給、残業なし,2,任意,生年月日、性別、電話番号,ntf-indeedapplicant-aaaatulx77tci2k2pr5yeqapva@shukatsu-labo.slack.com,,,利用しない,,
募集中,日本マニュファクチャリングサービス株式会社,【未経験】軽作業スタッフ/日本マニュファクチャリングサービス株式会社/野田市,倉庫作業スタッフ,20~30代活躍中◎初めての軽作業デビュー♪,,千葉県 野田市,,,正社員,はい,月給,250000,,最低額を表示,なし,,,,,,,固定時間制,160,,厚生年金、健康保険、雇用保険、労災保険,,なし,,,,,,,,,,,,,,,,,,"難しいことは一切なし！簡単なピッキングや仕分けといった軽作業からスタート。

・リストを見ながら商品を集めるピッキング
・出荷先ごとの簡単な仕分け・梱包
・届いた商品の検品や棚入れ　など

「倉庫作業は初めてで不安…」という方も大丈夫！
先輩の90%が未経験からデビューしています。手厚い研修制度があるから、軽作業が初めての方も安心して一歩を踏み出せる環境です。","【アピールポイント：ココが私たちの推し！】

✅土日祝休み
カレンダー通りのお休みだから、大型連休もしっかり確保。遠征や旅行のスケジュールも立てやすいのが魅力です。

✅職場は「好き」を語れる同志ばかり！
20代メインの職場で、休憩時間は推しトークで大盛り上がり。「ライブどうだった？」「新曲最高！」なんて会話が日常茶飯事です。

✅自分らしさを完全キープ！
髪色・ネイル・服装は自由。推しカラーをネイルに取り入れたり、お気に入りの服でモチベーションを上げたり、オシャレを楽しみながら働けます。

✅趣味の資金もコツコツ貯まる♪
頑張りは昇給でしっかり評価。楽しみながらスキルを磨いて、推し活をもっと充実させちゃいましょう！","例外事由3号のイにより、長期キャリア形成を図るため、
35歳以下を募集しております。","【勤務時間】
★9:00~18:00
└実働8時間/休憩1時間

定時ダッシュも問題ないです✧
✧ 土日祝休み
✧ 残業月平均:6.5時間以内
✧ 残業代100%支給","✧ 完全週休2日制(土日祝休み)
✧ 年間休日125日
「土日休みはマスト!」ってあなたにも
ぴったりの職場です!

【その他休暇】
✧ 有給休暇
✧ 夏季・冬季休暇
✧ GW休暇
✧ 年末年始休暇",千葉県 野田市,,"月給:25万円~+交通費全額支給

※経験に応じて決定いたします。

# 昇給あり
# 賞与あり
# 残業代100%支給
# 交通費支給","・社会保険完備
・住宅手当
・家賃補助
・退職金制度
・家族手当・扶養手当
・健康診断
・特別休暇
・資格取得支援制度","\\✧カジュアル面談実施中です✧/

応募に必要なのは人柄のみです!
まずはあなたのご希望を聞かせてください!

✩.。.....................。.✩
■ 応募からの流れ ■
✩.。.....................。.✩

▶STEP1WEBから1分簡単ご応募!
1~3日以内に担当者よりご連絡いたします。

▶ STEP2カジュアル面談(1回のみ)

▶STEP3採用

※入社日のご相談OKです◎
お気軽にご相談ください!",,即日勤務OK、交通費支給、残業なし,2,任意,生年月日、性別、電話番号,ntf-indeedapplicant-aaaatulx77tci2k2pr5yeqapva@shukatsu-labo.slack.com,,,利用しない,,
募集中,日本マニュファクチャリングサービス株式会社,【未経験】軽作業スタッフ/日本マニュファクチャリングサービス株式会社/松戸市,倉庫作業スタッフ,20~30代活躍中◎初めての軽作業デビュー♪,,千葉県 松戸市,,,正社員,はい,月給,250000,,最低額を表示,なし,,,,,,,固定時間制,160,,厚生年金、健康保険、雇用保険、労災保険,,なし,,,,,,,,,,,,,,,,,,"難しいことは一切なし！簡単なピッキングや仕分けといった軽作業からスタート。

・リストを見ながら商品を集めるピッキング
・出荷先ごとの簡単な仕分け・梱包
・届いた商品の検品や棚入れ　など

「倉庫作業は初めてで不安…」という方も大丈夫！
先輩の90%が未経験からデビューしています。手厚い研修制度があるから、軽作業が初めての方も安心して一歩を踏み出せる環境です。","【アピールポイント：ココが私たちの推し！】

✅土日祝休み
カレンダー通りのお休みだから、大型連休もしっかり確保。遠征や旅行のスケジュールも立てやすいのが魅力です。

✅職場は「好き」を語れる同志ばかり！
20代メインの職場で、休憩時間は推しトークで大盛り上がり。「ライブどうだった？」「新曲最高！」なんて会話が日常茶飯事です。

✅自分らしさを完全キープ！
髪色・ネイル・服装は自由。推しカラーをネイルに取り入れたり、お気に入りの服でモチベーションを上げたり、オシャレを楽しみながら働けます。

✅趣味の資金もコツコツ貯まる♪
頑張りは昇給でしっかり評価。楽しみながらスキルを磨いて、推し活をもっと充実させちゃいましょう！","例外事由3号のイにより、長期キャリア形成を図るため、
35歳以下を募集しております。","【勤務時間】
★9:00~18:00
└実働8時間/休憩1時間

定時ダッシュも問題ないです✧
✧ 土日祝休み
✧ 残業月平均:6.5時間以内
✧ 残業代100%支給","✧ 完全週休2日制(土日祝休み)
✧ 年間休日125日
「土日休みはマスト!」ってあなたにも
ぴったりの職場です!

【その他休暇】
✧ 有給休暇
✧ 夏季・冬季休暇
✧ GW休暇
✧ 年末年始休暇",千葉県 松戸市,,"月給:25万円~+交通費全額支給

※経験に応じて決定いたします。

# 昇給あり
# 賞与あり
# 残業代100%支給
# 交通費支給","・社会保険完備
・住宅手当
・家賃補助
・退職金制度
・家族手当・扶養手当
・健康診断
・特別休暇
・資格取得支援制度","\\✧カジュアル面談実施中です✧/

応募に必要なのは人柄のみです!
まずはあなたのご希望を聞かせてください!

✩.。.....................。.✩
■ 応募からの流れ ■
✩.。.....................。.✩

▶STEP1WEBから1分簡単ご応募!
1~3日以内に担当者よりご連絡いたします。

▶ STEP2カジュアル面談(1回のみ)

▶STEP3採用

※入社日のご相談OKです◎
お気軽にご相談ください!",,即日勤務OK、交通費支給、残業なし,2,任意,生年月日、性別、電話番号,ntf-indeedapplicant-aaaatulx77tci2k2pr5yeqapva@shukatsu-labo.slack.com,,,利用しない,,
募集中,日本マニュファクチャリングサービス株式会社,【未経験】軽作業スタッフ/日本マニュファクチャリングサービス株式会社/船橋市,倉庫作業スタッフ,20~30代活躍中◎初めての軽作業デビュー♪,,千葉県 船橋市,,,正社員,はい,月給,250000,,最低額を表示,なし,,,,,,,固定時間制,160,,厚生年金、健康保険、雇用保険、労災保険,,なし,,,,,,,,,,,,,,,,,,"難しいことは一切なし！簡単なピッキングや仕分けといった軽作業からスタート。

・リストを見ながら商品を集めるピッキング
・出荷先ごとの簡単な仕分け・梱包
・届いた商品の検品や棚入れ　など

「倉庫作業は初めてで不安…」という方も大丈夫！
先輩の90%が未経験からデビューしています。手厚い研修制度があるから、軽作業が初めての方も安心して一歩を踏み出せる環境です。","【アピールポイント：ココが私たちの推し！】

✅土日祝休み
カレンダー通りのお休みだから、大型連休もしっかり確保。遠征や旅行のスケジュールも立てやすいのが魅力です。

✅職場は「好き」を語れる同志ばかり！
20代メインの職場で、休憩時間は推しトークで大盛り上がり。「ライブどうだった？」「新曲最高！」なんて会話が日常茶飯事です。

✅自分らしさを完全キープ！
髪色・ネイル・服装は自由。推しカラーをネイルに取り入れたり、お気に入りの服でモチベーションを上げたり、オシャレを楽しみながら働けます。

✅趣味の資金もコツコツ貯まる♪
頑張りは昇給でしっかり評価。楽しみながらスキルを磨いて、推し活をもっと充実させちゃいましょう！","例外事由3号のイにより、長期キャリア形成を図るため、
35歳以下を募集しております。","【勤務時間】
★9:00~18:00
└実働8時間/休憩1時間

定時ダッシュも問題ないです✧
✧ 土日祝休み
✧ 残業月平均:6.5時間以内
✧ 残業代100%支給","✧ 完全週休2日制(土日祝休み)
✧ 年間休日125日
「土日休みはマスト!」ってあなたにも
ぴったりの職場です!

【その他休暇】
✧ 有給休暇
✧ 夏季・冬季休暇
✧ GW休暇
✧ 年末年始休暇",千葉県 船橋市,,"月給:25万円~+交通費全額支給

※経験に応じて決定いたします。

# 昇給あり
# 賞与あり
# 残業代100%支給
# 交通費支給","・社会保険完備
・住宅手当
・家賃補助
・退職金制度
・家族手当・扶養手当
・健康診断
・特別休暇
・資格取得支援制度","\\✧カジュアル面談実施中です✧/

応募に必要なのは人柄のみです!
まずはあなたのご希望を聞かせてください!

✩.。.....................。.✩
■ 応募からの流れ ■
✩.。.....................。.✩

▶STEP1WEBから1分簡単ご応募!
1~3日以内に担当者よりご連絡いたします。

▶ STEP2カジュアル面談(1回のみ)

▶STEP3採用

※入社日のご相談OKです◎
お気軽にご相談ください!",,即日勤務OK、交通費支給、残業なし,2,任意,生年月日、性別、電話番号,ntf-indeedapplicant-aaaatulx77tci2k2pr5yeqapva@shukatsu-labo.slack.com,,,利用しない,,
募集中,日本マニュファクチャリングサービス株式会社,【未経験】軽作業スタッフ/日本マニュファクチャリングサービス株式会社/市川市,倉庫作業スタッフ,20~30代活躍中◎初めての軽作業デビュー♪,,千葉県 市川市,,,正社員,はい,月給,250000,,最低額を表示,なし,,,,,,,固定時間制,160,,厚生年金、健康保険、雇用保険、労災保険,,なし,,,,,,,,,,,,,,,,,,"難しいことは一切なし！簡単なピッキングや仕分けといった軽作業からスタート。

・リストを見ながら商品を集めるピッキング
・出荷先ごとの簡単な仕分け・梱包
・届いた商品の検品や棚入れ　など

「倉庫作業は初めてで不安…」という方も大丈夫！
先輩の90%が未経験からデビューしています。手厚い研修制度があるから、軽作業が初めての方も安心して一歩を踏み出せる環境です。","【アピールポイント：ココが私たちの推し！】

✅土日祝休み
カレンダー通りのお休みだから、大型連休もしっかり確保。遠征や旅行のスケジュールも立てやすいのが魅力です。

✅職場は「好き」を語れる同志ばかり！
20代メインの職場で、休憩時間は推しトークで大盛り上がり。「ライブどうだった？」「新曲最高！」なんて会話が日常茶飯事です。

✅自分らしさを完全キープ！
髪色・ネイル・服装は自由。推しカラーをネイルに取り入れたり、お気に入りの服でモチベーションを上げたり、オシャレを楽しみながら働けます。

✅趣味の資金もコツコツ貯まる♪
頑張りは昇給でしっかり評価。楽しみながらスキルを磨いて、推し活をもっと充実させちゃいましょう！","例外事由3号のイにより、長期キャリア形成を図るため、
35歳以下を募集しております。","【勤務時間】
★9:00~18:00
└実働8時間/休憩1時間

定時ダッシュも問題ないです✧
✧ 土日祝休み
✧ 残業月平均:6.5時間以内
✧ 残業代100%支給","✧ 完全週休2日制(土日祝休み)
✧ 年間休日125日
「土日休みはマスト!」ってあなたにも
ぴったりの職場です!

【その他休暇】
✧ 有給休暇
✧ 夏季・冬季休暇
✧ GW休暇
✧ 年末年始休暇",千葉県 市川市,,"月給:25万円~+交通費全額支給

※経験に応じて決定いたします。

# 昇給あり
# 賞与あり
# 残業代100%支給
# 交通費支給","・社会保険完備
・住宅手当
・家賃補助
・退職金制度
・家族手当・扶養手当
・健康診断
・特別休暇
・資格取得支援制度","\\✧カジュアル面談実施中です✧/

応募に必要なのは人柄のみです!
まずはあなたのご希望を聞かせてください!

✩.。.....................。.✩
■ 応募からの流れ ■
✩.。.....................。.✩

▶STEP1WEBから1分簡単ご応募!
1~3日以内に担当者よりご連絡いたします。

▶ STEP2カジュアル面談(1回のみ)

▶STEP3採用

※入社日のご相談OKです◎
お気軽にご相談ください!",,即日勤務OK、交通費支給、残業なし,2,任意,生年月日、性別、電話番号,ntf-indeedapplicant-aaaatulx77tci2k2pr5yeqapva@shukatsu-labo.slack.com,,,利用しない,,
募集中,日本マニュファクチャリングサービス株式会社,【未経験】軽作業スタッフ/日本マニュファクチャリングサービス株式会社/千葉市,倉庫作業スタッフ,20~30代活躍中◎初めての軽作業デビュー♪,,千葉県 千葉市,,,正社員,はい,月給,250000,,最低額を表示,なし,,,,,,,固定時間制,160,,厚生年金、健康保険、雇用保険、労災保険,,なし,,,,,,,,,,,,,,,,,,"難しいことは一切なし！簡単なピッキングや仕分けといった軽作業からスタート。

・リストを見ながら商品を集めるピッキング
・出荷先ごとの簡単な仕分け・梱包
・届いた商品の検品や棚入れ　など

「倉庫作業は初めてで不安…」という方も大丈夫！
先輩の90%が未経験からデビューしています。手厚い研修制度があるから、軽作業が初めての方も安心して一歩を踏み出せる環境です。","【アピールポイント：ココが私たちの推し！】

✅土日祝休み
カレンダー通りのお休みだから、大型連休もしっかり確保。遠征や旅行のスケジュールも立てやすいのが魅力です。

✅職場は「好き」を語れる同志ばかり！
20代メインの職場で、休憩時間は推しトークで大盛り上がり。「ライブどうだった？」「新曲最高！」なんて会話が日常茶飯事です。

✅自分らしさを完全キープ！
髪色・ネイル・服装は自由。推しカラーをネイルに取り入れたり、お気に入りの服でモチベーションを上げたり、オシャレを楽しみながら働けます。

✅趣味の資金もコツコツ貯まる♪
頑張りは昇給でしっかり評価。楽しみながらスキルを磨いて、推し活をもっと充実させちゃいましょう！","例外事由3号のイにより、長期キャリア形成を図るため、
35歳以下を募集しております。","【勤務時間】
★9:00~18:00
└実働8時間/休憩1時間

定時ダッシュも問題ないです✧
✧ 土日祝休み
✧ 残業月平均:6.5時間以内
✧ 残業代100%支給","✧ 完全週休2日制(土日祝休み)
✧ 年間休日125日
「土日休みはマスト!」ってあなたにも
ぴったりの職場です!

【その他休暇】
✧ 有給休暇
✧ 夏季・冬季休暇
✧ GW休暇
✧ 年末年始休暇",千葉県 千葉市,,"月給:25万円~+交通費全額支給

※経験に応じて決定いたします。

# 昇給あり
# 賞与あり
# 残業代100%支給
# 交通費支給","・社会保険完備
・住宅手当
・家賃補助
・退職金制度
・家族手当・扶養手当
・健康診断
・特別休暇
・資格取得支援制度","\\✧カジュアル面談実施中です✧/

応募に必要なのは人柄のみです!
まずはあなたのご希望を聞かせてください!

✩.。.....................。.✩
■ 応募からの流れ ■
✩.。.....................。.✩

▶STEP1WEBから1分簡単ご応募!
1~3日以内に担当者よりご連絡いたします。

▶ STEP2カジュアル面談(1回のみ)

▶STEP3採用

※入社日のご相談OKです◎
お気軽にご相談ください!",,即日勤務OK、交通費支給、残業なし,2,任意,生年月日、性別、電話番号,ntf-indeedapplicant-aaaatulx77tci2k2pr5yeqapva@shukatsu-labo.slack.com,,,利用しない,,
募集中,日本マニュファクチャリングサービス株式会社,【未経験】軽作業スタッフ/日本マニュファクチャリングサービス株式会社/桶川市,倉庫作業スタッフ,20~30代活躍中◎初めての軽作業デビュー♪,,埼玉県 桶川市,,,正社員,はい,月給,250000,,最低額を表示,なし,,,,,,,固定時間制,160,,厚生年金、健康保険、雇用保険、労災保険,,なし,,,,,,,,,,,,,,,,,,"難しいことは一切なし！簡単なピッキングや仕分けといった軽作業からスタート。

・リストを見ながら商品を集めるピッキング
・出荷先ごとの簡単な仕分け・梱包
・届いた商品の検品や棚入れ　など

「倉庫作業は初めてで不安…」という方も大丈夫！
先輩の90%が未経験からデビューしています。手厚い研修制度があるから、軽作業が初めての方も安心して一歩を踏み出せる環境です。","【アピールポイント：ココが私たちの推し！】

✅土日祝休み
カレンダー通りのお休みだから、大型連休もしっかり確保。遠征や旅行のスケジュールも立てやすいのが魅力です。

✅職場は「好き」を語れる同志ばかり！
20代メインの職場で、休憩時間は推しトークで大盛り上がり。「ライブどうだった？」「新曲最高！」なんて会話が日常茶飯事です。

✅自分らしさを完全キープ！
髪色・ネイル・服装は自由。推しカラーをネイルに取り入れたり、お気に入りの服でモチベーションを上げたり、オシャレを楽しみながら働けます。

✅趣味の資金もコツコツ貯まる♪
頑張りは昇給でしっかり評価。楽しみながらスキルを磨いて、推し活をもっと充実させちゃいましょう！","例外事由3号のイにより、長期キャリア形成を図るため、
35歳以下を募集しております。","【勤務時間】
★9:00~18:00
└実働8時間/休憩1時間

定時ダッシュも問題ないです✧
✧ 土日祝休み
✧ 残業月平均:6.5時間以内
✧ 残業代100%支給","✧ 完全週休2日制(土日祝休み)
✧ 年間休日125日
「土日休みはマスト!」ってあなたにも
ぴったりの職場です!

【その他休暇】
✧ 有給休暇
✧ 夏季・冬季休暇
✧ GW休暇
✧ 年末年始休暇",埼玉県 桶川市,,"月給:25万円~+交通費全額支給

※経験に応じて決定いたします。

# 昇給あり
# 賞与あり
# 残業代100%支給
# 交通費支給","・社会保険完備
・住宅手当
・家賃補助
・退職金制度
・家族手当・扶養手当
・健康診断
・特別休暇
・資格取得支援制度","\\✧カジュアル面談実施中です✧/

応募に必要なのは人柄のみです!
まずはあなたのご希望を聞かせてください!

✩.。.....................。.✩
■ 応募からの流れ ■
✩.。.....................。.✩

▶STEP1WEBから1分簡単ご応募!
1~3日以内に担当者よりご連絡いたします。

▶ STEP2カジュアル面談(1回のみ)

▶STEP3採用

※入社日のご相談OKです◎
お気軽にご相談ください!",,即日勤務OK、交通費支給、残業なし,2,任意,生年月日、性別、電話番号,ntf-indeedapplicant-aaaatulx77tci2k2pr5yeqapva@shukatsu-labo.slack.com,,,利用しない,,
募集中,日本マニュファクチャリングサービス株式会社,【未経験】軽作業スタッフ/日本マニュファクチャリングサービス株式会社/熊谷市,倉庫作業スタッフ,20~30代活躍中◎初めての軽作業デビュー♪,,埼玉県 熊谷市,,,正社員,はい,月給,250000,,最低額を表示,なし,,,,,,,固定時間制,160,,厚生年金、健康保険、雇用保険、労災保険,,なし,,,,,,,,,,,,,,,,,,"難しいことは一切なし！簡単なピッキングや仕分けといった軽作業からスタート。

・リストを見ながら商品を集めるピッキング
・出荷先ごとの簡単な仕分け・梱包
・届いた商品の検品や棚入れ　など

「倉庫作業は初めてで不安…」という方も大丈夫！
先輩の90%が未経験からデビューしています。手厚い研修制度があるから、軽作業が初めての方も安心して一歩を踏み出せる環境です。","【アピールポイント：ココが私たちの推し！】

✅土日祝休み
カレンダー通りのお休みだから、大型連休もしっかり確保。遠征や旅行のスケジュールも立てやすいのが魅力です。

✅職場は「好き」を語れる同志ばかり！
20代メインの職場で、休憩時間は推しトークで大盛り上がり。「ライブどうだった？」「新曲最高！」なんて会話が日常茶飯事です。

✅自分らしさを完全キープ！
髪色・ネイル・服装は自由。推しカラーをネイルに取り入れたり、お気に入りの服でモチベーションを上げたり、オシャレを楽しみながら働けます。

✅趣味の資金もコツコツ貯まる♪
頑張りは昇給でしっかり評価。楽しみながらスキルを磨いて、推し活をもっと充実させちゃいましょう！","例外事由3号のイにより、長期キャリア形成を図るため、
35歳以下を募集しております。","【勤務時間】
★9:00~18:00
└実働8時間/休憩1時間

定時ダッシュも問題ないです✧
✧ 土日祝休み
✧ 残業月平均:6.5時間以内
✧ 残業代100%支給","✧ 完全週休2日制(土日祝休み)
✧ 年間休日125日
「土日休みはマスト!」ってあなたにも
ぴったりの職場です!

【その他休暇】
✧ 有給休暇
✧ 夏季・冬季休暇
✧ GW休暇
✧ 年末年始休暇",埼玉県 熊谷市,,"月給:25万円~+交通費全額支給

※経験に応じて決定いたします。

# 昇給あり
# 賞与あり
# 残業代100%支給
# 交通費支給","・社会保険完備
・住宅手当
・家賃補助
・退職金制度
・家族手当・扶養手当
・健康診断
・特別休暇
・資格取得支援制度","\\✧カジュアル面談実施中です✧/

応募に必要なのは人柄のみです!
まずはあなたのご希望を聞かせてください!

✩.。.....................。.✩
■ 応募からの流れ ■
✩.。.....................。.✩

▶STEP1WEBから1分簡単ご応募!
1~3日以内に担当者よりご連絡いたします。

▶ STEP2カジュアル面談(1回のみ)

▶STEP3採用

※入社日のご相談OKです◎
お気軽にご相談ください!",,即日勤務OK、交通費支給、残業なし,2,任意,生年月日、性別、電話番号,ntf-indeedapplicant-aaaatulx77tci2k2pr5yeqapva@shukatsu-labo.slack.com,,,利用しない,,
募集中,日本マニュファクチャリングサービス株式会社,【未経験】軽作業スタッフ/日本マニュファクチャリングサービス株式会社/入間市,倉庫作業スタッフ,20~30代活躍中◎初めての軽作業デビュー♪,,埼玉県 入間市,,,正社員,はい,月給,250000,,最低額を表示,なし,,,,,,,固定時間制,160,,厚生年金、健康保険、雇用保険、労災保険,,なし,,,,,,,,,,,,,,,,,,"難しいことは一切なし！簡単なピッキングや仕分けといった軽作業からスタート。

・リストを見ながら商品を集めるピッキング
・出荷先ごとの簡単な仕分け・梱包
・届いた商品の検品や棚入れ　など

「倉庫作業は初めてで不安…」という方も大丈夫！
先輩の90%が未経験からデビューしています。手厚い研修制度があるから、軽作業が初めての方も安心して一歩を踏み出せる環境です。","【アピールポイント：ココが私たちの推し！】

✅土日祝休み
カレンダー通りのお休みだから、大型連休もしっかり確保。遠征や旅行のスケジュールも立てやすいのが魅力です。

✅職場は「好き」を語れる同志ばかり！
20代メインの職場で、休憩時間は推しトークで大盛り上がり。「ライブどうだった？」「新曲最高！」なんて会話が日常茶飯事です。

✅自分らしさを完全キープ！
髪色・ネイル・服装は自由。推しカラーをネイルに取り入れたり、お気に入りの服でモチベーションを上げたり、オシャレを楽しみながら働けます。

✅趣味の資金もコツコツ貯まる♪
頑張りは昇給でしっかり評価。楽しみながらスキルを磨いて、推し活をもっと充実させちゃいましょう！","例外事由3号のイにより、長期キャリア形成を図るため、
35歳以下を募集しております。","【勤務時間】
★9:00~18:00
└実働8時間/休憩1時間

定時ダッシュも問題ないです✧
✧ 土日祝休み
✧ 残業月平均:6.5時間以内
✧ 残業代100%支給","✧ 完全週休2日制(土日祝休み)
✧ 年間休日125日
「土日休みはマスト!」ってあなたにも
ぴったりの職場です!

【その他休暇】
✧ 有給休暇
✧ 夏季・冬季休暇
✧ GW休暇
✧ 年末年始休暇",埼玉県 入間市,,"月給:25万円~+交通費全額支給

※経験に応じて決定いたします。

# 昇給あり
# 賞与あり
# 残業代100%支給
# 交通費支給","・社会保険完備
・住宅手当
・家賃補助
・退職金制度
・家族手当・扶養手当
・健康診断
・特別休暇
・資格取得支援制度","\\✧カジュアル面談実施中です✧/

応募に必要なのは人柄のみです!
まずはあなたのご希望を聞かせてください!

✩.。.....................。.✩
■ 応募からの流れ ■
✩.。.....................。.✩

▶STEP1WEBから1分簡単ご応募!
1~3日以内に担当者よりご連絡いたします。

▶ STEP2カジュアル面談(1回のみ)

▶STEP3採用

※入社日のご相談OKです◎
お気軽にご相談ください!",,即日勤務OK、交通費支給、残業なし,2,任意,生年月日、性別、電話番号,ntf-indeedapplicant-aaaatulx77tci2k2pr5yeqapva@shukatsu-labo.slack.com,,,利用しない,,
募集中,日本マニュファクチャリングサービス株式会社,【未経験】軽作業スタッフ/日本マニュファクチャリングサービス株式会社/児玉郡寄居町,倉庫作業スタッフ,20~30代活躍中◎初めての軽作業デビュー♪,,埼玉県 児玉郡,,,正社員,はい,月給,250000,,最低額を表示,なし,,,,,,,固定時間制,160,,厚生年金、健康保険、雇用保険、労災保険,,なし,,,,,,,,,,,,,,,,,,"難しいことは一切なし！簡単なピッキングや仕分けといった軽作業からスタート。

・リストを見ながら商品を集めるピッキング
・出荷先ごとの簡単な仕分け・梱包
・届いた商品の検品や棚入れ　など

「倉庫作業は初めてで不安…」という方も大丈夫！
先輩の90%が未経験からデビューしています。手厚い研修制度があるから、軽作業が初めての方も安心して一歩を踏み出せる環境です。","【アピールポイント：ココが私たちの推し！】

✅土日祝休み
カレンダー通りのお休みだから、大型連休もしっかり確保。遠征や旅行のスケジュールも立てやすいのが魅力です。

✅職場は「好き」を語れる同志ばかり！
20代メインの職場で、休憩時間は推しトークで大盛り上がり。「ライブどうだった？」「新曲最高！」なんて会話が日常茶飯事です。

✅自分らしさを完全キープ！
髪色・ネイル・服装は自由。推しカラーをネイルに取り入れたり、お気に入りの服でモチベーションを上げたり、オシャレを楽しみながら働けます。

✅趣味の資金もコツコツ貯まる♪
頑張りは昇給でしっかり評価。楽しみながらスキルを磨いて、推し活をもっと充実させちゃいましょう！","例外事由3号のイにより、長期キャリア形成を図るため、
35歳以下を募集しております。","【勤務時間】
★9:00~18:00
└実働8時間/休憩1時間

定時ダッシュも問題ないです✧
✧ 土日祝休み
✧ 残業月平均:6.5時間以内
✧ 残業代100%支給","✧ 完全週休2日制(土日祝休み)
✧ 年間休日125日
「土日休みはマスト!」ってあなたにも
ぴったりの職場です!

【その他休暇】
✧ 有給休暇
✧ 夏季・冬季休暇
✧ GW休暇
✧ 年末年始休暇",埼玉県 児玉郡,,"月給:25万円~+交通費全額支給

※経験に応じて決定いたします。

# 昇給あり
# 賞与あり
# 残業代100%支給
# 交通費支給","・社会保険完備
・住宅手当
・家賃補助
・退職金制度
・家族手当・扶養手当
・健康診断
・特別休暇
・資格取得支援制度","\\✧カジュアル面談実施中です✧/

応募に必要なのは人柄のみです!
まずはあなたのご希望を聞かせてください!

✩.。.....................。.✩
■ 応募からの流れ ■
✩.。.....................。.✩

▶STEP1WEBから1分簡単ご応募!
1~3日以内に担当者よりご連絡いたします。

▶ STEP2カジュアル面談(1回のみ)

▶STEP3採用

※入社日のご相談OKです◎
お気軽にご相談ください!",,即日勤務OK、交通費支給、残業なし,2,任意,生年月日、性別、電話番号,ntf-indeedapplicant-aaaatulx77tci2k2pr5yeqapva@shukatsu-labo.slack.com,,,利用しない,,
募集中,日本マニュファクチャリングサービス株式会社,【未経験】軽作業スタッフ/日本マニュファクチャリングサービス株式会社/入間郡三芳町,倉庫作業スタッフ,20~30代活躍中◎初めての軽作業デビュー♪,,埼玉県 入間郡 三芳町,,,正社員,はい,月給,250000,,最低額を表示,なし,,,,,,,固定時間制,160,,厚生年金、健康保険、雇用保険、労災保険,,なし,,,,,,,,,,,,,,,,,,"難しいことは一切なし！簡単なピッキングや仕分けといった軽作業からスタート。

・リストを見ながら商品を集めるピッキング
・出荷先ごとの簡単な仕分け・梱包
・届いた商品の検品や棚入れ　など

「倉庫作業は初めてで不安…」という方も大丈夫！
先輩の90%が未経験からデビューしています。手厚い研修制度があるから、軽作業が初めての方も安心して一歩を踏み出せる環境です。","【アピールポイント：ココが私たちの推し！】

✅土日祝休み
カレンダー通りのお休みだから、大型連休もしっかり確保。遠征や旅行のスケジュールも立てやすいのが魅力です。

✅職場は「好き」を語れる同志ばかり！
20代メインの職場で、休憩時間は推しトークで大盛り上がり。「ライブどうだった？」「新曲最高！」なんて会話が日常茶飯事です。

✅自分らしさを完全キープ！
髪色・ネイル・服装は自由。推しカラーをネイルに取り入れたり、お気に入りの服でモチベーションを上げたり、オシャレを楽しみながら働けます。

✅趣味の資金もコツコツ貯まる♪
頑張りは昇給でしっかり評価。楽しみながらスキルを磨いて、推し活をもっと充実させちゃいましょう！","例外事由3号のイにより、長期キャリア形成を図るため、
35歳以下を募集しております。","【勤務時間】
★9:00~18:00
└実働8時間/休憩1時間

定時ダッシュも問題ないです✧
✧ 土日祝休み
✧ 残業月平均:6.5時間以内
✧ 残業代100%支給","✧ 完全週休2日制(土日祝休み)
✧ 年間休日125日
「土日休みはマスト!」ってあなたにも
ぴったりの職場です!

【その他休暇】
✧ 有給休暇
✧ 夏季・冬季休暇
✧ GW休暇
✧ 年末年始休暇",埼玉県 入間郡 三芳町,,"月給:25万円~+交通費全額支給

※経験に応じて決定いたします。

# 昇給あり
# 賞与あり
# 残業代100%支給
# 交通費支給","・社会保険完備
・住宅手当
・家賃補助
・退職金制度
・家族手当・扶養手当
・健康診断
・特別休暇
・資格取得支援制度","\\✧カジュアル面談実施中です✧/

応募に必要なのは人柄のみです!
まずはあなたのご希望を聞かせてください!

✩.。.....................。.✩
■ 応募からの流れ ■
✩.。.....................。.✩

▶STEP1WEBから1分簡単ご応募!
1~3日以内に担当者よりご連絡いたします。

▶ STEP2カジュアル面談(1回のみ)

▶STEP3採用

※入社日のご相談OKです◎
お気軽にご相談ください!",,即日勤務OK、交通費支給、残業なし,2,任意,生年月日、性別、電話番号,ntf-indeedapplicant-aaaatulx77tci2k2pr5yeqapva@shukatsu-labo.slack.com,,,利用しない,,
募集中,日本マニュファクチャリングサービス株式会社,【未経験】軽作業スタッフ/日本マニュファクチャリングサービス株式会社/比企郡川島町,倉庫作業スタッフ,20~30代活躍中◎初めての軽作業デビュー♪,,埼玉県 比企郡 川島町,,,正社員,はい,月給,250000,,最低額を表示,なし,,,,,,,固定時間制,160,,厚生年金、健康保険、雇用保険、労災保険,,なし,,,,,,,,,,,,,,,,,,"難しいことは一切なし！簡単なピッキングや仕分けといった軽作業からスタート。

・リストを見ながら商品を集めるピッキング
・出荷先ごとの簡単な仕分け・梱包
・届いた商品の検品や棚入れ　など

「倉庫作業は初めてで不安…」という方も大丈夫！
先輩の90%が未経験からデビューしています。手厚い研修制度があるから、軽作業が初めての方も安心して一歩を踏み出せる環境です。","【アピールポイント：ココが私たちの推し！】

✅土日祝休み
カレンダー通りのお休みだから、大型連休もしっかり確保。遠征や旅行のスケジュールも立てやすいのが魅力です。

✅職場は「好き」を語れる同志ばかり！
20代メインの職場で、休憩時間は推しトークで大盛り上がり。「ライブどうだった？」「新曲最高！」なんて会話が日常茶飯事です。

✅自分らしさを完全キープ！
髪色・ネイル・服装は自由。推しカラーをネイルに取り入れたり、お気に入りの服でモチベーションを上げたり、オシャレを楽しみながら働けます。

✅趣味の資金もコツコツ貯まる♪
頑張りは昇給でしっかり評価。楽しみながらスキルを磨いて、推し活をもっと充実させちゃいましょう！","例外事由3号のイにより、長期キャリア形成を図るため、
35歳以下を募集しております。","【勤務時間】
★9:00~18:00
└実働8時間/休憩1時間

定時ダッシュも問題ないです✧
✧ 土日祝休み
✧ 残業月平均:6.5時間以内
✧ 残業代100%支給","✧ 完全週休2日制(土日祝休み)
✧ 年間休日125日
「土日休みはマスト!」ってあなたにも
ぴったりの職場です!

【その他休暇】
✧ 有給休暇
✧ 夏季・冬季休暇
✧ GW休暇
✧ 年末年始休暇",埼玉県 比企郡 川島町,,"月給:25万円~+交通費全額支給

※経験に応じて決定いたします。

# 昇給あり
# 賞与あり
# 残業代100%支給
# 交通費支給","・社会保険完備
・住宅手当
・家賃補助
・退職金制度
・家族手当・扶養手当
・健康診断
・特別休暇
・資格取得支援制度","\\✧カジュアル面談実施中です✧/

応募に必要なのは人柄のみです!
まずはあなたのご希望を聞かせてください!

✩.。.....................。.✩
■ 応募からの流れ ■
✩.。.....................。.✩

▶STEP1WEBから1分簡単ご応募!
1~3日以内に担当者よりご連絡いたします。

▶ STEP2カジュアル面談(1回のみ)

▶STEP3採用

※入社日のご相談OKです◎
お気軽にご相談ください!",,即日勤務OK、交通費支給、残業なし,2,任意,生年月日、性別、電話番号,ntf-indeedapplicant-aaaatulx77tci2k2pr5yeqapva@shukatsu-labo.slack.com,,,利用しない,,
募集中,日本マニュファクチャリングサービス株式会社,【未経験】軽作業スタッフ/日本マニュファクチャリングサービス株式会社/三郷市,倉庫作業スタッフ,20~30代活躍中◎初めての軽作業デビュー♪,,埼玉県 三郷市,,,正社員,はい,月給,250000,,最低額を表示,なし,,,,,,,固定時間制,160,,厚生年金、健康保険、雇用保険、労災保険,,なし,,,,,,,,,,,,,,,,,,"難しいことは一切なし！簡単なピッキングや仕分けといった軽作業からスタート。

・リストを見ながら商品を集めるピッキング
・出荷先ごとの簡単な仕分け・梱包
・届いた商品の検品や棚入れ　など

「倉庫作業は初めてで不安…」という方も大丈夫！
先輩の90%が未経験からデビューしています。手厚い研修制度があるから、軽作業が初めての方も安心して一歩を踏み出せる環境です。","【アピールポイント：ココが私たちの推し！】

✅土日祝休み
カレンダー通りのお休みだから、大型連休もしっかり確保。遠征や旅行のスケジュールも立てやすいのが魅力です。

✅職場は「好き」を語れる同志ばかり！
20代メインの職場で、休憩時間は推しトークで大盛り上がり。「ライブどうだった？」「新曲最高！」なんて会話が日常茶飯事です。

✅自分らしさを完全キープ！
髪色・ネイル・服装は自由。推しカラーをネイルに取り入れたり、お気に入りの服でモチベーションを上げたり、オシャレを楽しみながら働けます。

✅趣味の資金もコツコツ貯まる♪
頑張りは昇給でしっかり評価。楽しみながらスキルを磨いて、推し活をもっと充実させちゃいましょう！","例外事由3号のイにより、長期キャリア形成を図るため、
35歳以下を募集しております。","【勤務時間】
★9:00~18:00
└実働8時間/休憩1時間

定時ダッシュも問題ないです✧
✧ 土日祝休み
✧ 残業月平均:6.5時間以内
✧ 残業代100%支給","✧ 完全週休2日制(土日祝休み)
✧ 年間休日125日
「土日休みはマスト!」ってあなたにも
ぴったりの職場です!

【その他休暇】
✧ 有給休暇
✧ 夏季・冬季休暇
✧ GW休暇
✧ 年末年始休暇",埼玉県 三郷市,,"月給:25万円~+交通費全額支給

※経験に応じて決定いたします。

# 昇給あり
# 賞与あり
# 残業代100%支給
# 交通費支給","・社会保険完備
・住宅手当
・家賃補助
・退職金制度
・家族手当・扶養手当
・健康診断
・特別休暇
・資格取得支援制度","\\✧カジュアル面談実施中です✧/

応募に必要なのは人柄のみです!
まずはあなたのご希望を聞かせてください!

✩.。.....................。.✩
■ 応募からの流れ ■
✩.。.....................。.✩

▶STEP1WEBから1分簡単ご応募!
1~3日以内に担当者よりご連絡いたします。

▶ STEP2カジュアル面談(1回のみ)

▶STEP3採用

※入社日のご相談OKです◎
お気軽にご相談ください!",,即日勤務OK、交通費支給、残業なし,2,任意,生年月日、性別、電話番号,ntf-indeedapplicant-aaaatulx77tci2k2pr5yeqapva@shukatsu-labo.slack.com,,,利用しない,,
募集中,日本マニュファクチャリングサービス株式会社,【未経験】軽作業スタッフ/日本マニュファクチャリングサービス株式会社/ふじみ野市,倉庫作業スタッフ,20~30代活躍中◎初めての軽作業デビュー♪,,埼玉県 ふじみ野市,,,正社員,はい,月給,250000,,最低額を表示,なし,,,,,,,固定時間制,160,,厚生年金、健康保険、雇用保険、労災保険,,なし,,,,,,,,,,,,,,,,,,"難しいことは一切なし！簡単なピッキングや仕分けといった軽作業からスタート。

・リストを見ながら商品を集めるピッキング
・出荷先ごとの簡単な仕分け・梱包
・届いた商品の検品や棚入れ　など

「倉庫作業は初めてで不安…」という方も大丈夫！
先輩の90%が未経験からデビューしています。手厚い研修制度があるから、軽作業が初めての方も安心して一歩を踏み出せる環境です。","【アピールポイント：ココが私たちの推し！】

✅土日祝休み
カレンダー通りのお休みだから、大型連休もしっかり確保。遠征や旅行のスケジュールも立てやすいのが魅力です。

✅職場は「好き」を語れる同志ばかり！
20代メインの職場で、休憩時間は推しトークで大盛り上がり。「ライブどうだった？」「新曲最高！」なんて会話が日常茶飯事です。

✅自分らしさを完全キープ！
髪色・ネイル・服装は自由。推しカラーをネイルに取り入れたり、お気に入りの服でモチベーションを上げたり、オシャレを楽しみながら働けます。

✅趣味の資金もコツコツ貯まる♪
頑張りは昇給でしっかり評価。楽しみながらスキルを磨いて、推し活をもっと充実させちゃいましょう！","例外事由3号のイにより、長期キャリア形成を図るため、
35歳以下を募集しております。","【勤務時間】
★9:00~18:00
└実働8時間/休憩1時間

定時ダッシュも問題ないです✧
✧ 土日祝休み
✧ 残業月平均:6.5時間以内
✧ 残業代100%支給","✧ 完全週休2日制(土日祝休み)
✧ 年間休日125日
「土日休みはマスト!」ってあなたにも
ぴったりの職場です!

【その他休暇】
✧ 有給休暇
✧ 夏季・冬季休暇
✧ GW休暇
✧ 年末年始休暇",埼玉県 ふじみ野市,,"月給:25万円~+交通費全額支給

※経験に応じて決定いたします。

# 昇給あり
# 賞与あり
# 残業代100%支給
# 交通費支給","・社会保険完備
・住宅手当
・家賃補助
・退職金制度
・家族手当・扶養手当
・健康診断
・特別休暇
・資格取得支援制度","\\✧カジュアル面談実施中です✧/

応募に必要なのは人柄のみです!
まずはあなたのご希望を聞かせてください!

✩.。.....................。.✩
■ 応募からの流れ ■
✩.。.....................。.✩

▶STEP1WEBから1分簡単ご応募!
1~3日以内に担当者よりご連絡いたします。

▶ STEP2カジュアル面談(1回のみ)

▶STEP3採用

※入社日のご相談OKです◎
お気軽にご相談ください!",,即日勤務OK、交通費支給、残業なし,2,任意,生年月日、性別、電話番号,ntf-indeedapplicant-aaaatulx77tci2k2pr5yeqapva@shukatsu-labo.slack.com,,,利用しない,,
募集中,日本マニュファクチャリングサービス株式会社,【未経験】軽作業スタッフ/日本マニュファクチャリングサービス株式会社/鶴ヶ島市,倉庫作業スタッフ,20~30代活躍中◎初めての軽作業デビュー♪,,埼玉県 鶴ヶ島市,,,正社員,はい,月給,250000,,最低額を表示,なし,,,,,,,固定時間制,160,,厚生年金、健康保険、雇用保険、労災保険,,なし,,,,,,,,,,,,,,,,,,"難しいことは一切なし！簡単なピッキングや仕分けといった軽作業からスタート。

・リストを見ながら商品を集めるピッキング
・出荷先ごとの簡単な仕分け・梱包
・届いた商品の検品や棚入れ　など

「倉庫作業は初めてで不安…」という方も大丈夫！
先輩の90%が未経験からデビューしています。手厚い研修制度があるから、軽作業が初めての方も安心して一歩を踏み出せる環境です。","【アピールポイント：ココが私たちの推し！】

✅土日祝休み
カレンダー通りのお休みだから、大型連休もしっかり確保。遠征や旅行のスケジュールも立てやすいのが魅力です。

✅職場は「好き」を語れる同志ばかり！
20代メインの職場で、休憩時間は推しトークで大盛り上がり。「ライブどうだった？」「新曲最高！」なんて会話が日常茶飯事です。

✅自分らしさを完全キープ！
髪色・ネイル・服装は自由。推しカラーをネイルに取り入れたり、お気に入りの服でモチベーションを上げたり、オシャレを楽しみながら働けます。

✅趣味の資金もコツコツ貯まる♪
頑張りは昇給でしっかり評価。楽しみながらスキルを磨いて、推し活をもっと充実させちゃいましょう！","例外事由3号のイにより、長期キャリア形成を図るため、
35歳以下を募集しております。","【勤務時間】
★9:00~18:00
└実働8時間/休憩1時間

定時ダッシュも問題ないです✧
✧ 土日祝休み
✧ 残業月平均:6.5時間以内
✧ 残業代100%支給","✧ 完全週休2日制(土日祝休み)
✧ 年間休日125日
「土日休みはマスト!」ってあなたにも
ぴったりの職場です!

【その他休暇】
✧ 有給休暇
✧ 夏季・冬季休暇
✧ GW休暇
✧ 年末年始休暇",埼玉県 鶴ヶ島市,,"月給:25万円~+交通費全額支給

※経験に応じて決定いたします。

# 昇給あり
# 賞与あり
# 残業代100%支給
# 交通費支給","・社会保険完備
・住宅手当
・家賃補助
・退職金制度
・家族手当・扶養手当
・健康診断
・特別休暇
・資格取得支援制度","\\✧カジュアル面談実施中です✧/

応募に必要なのは人柄のみです!
まずはあなたのご希望を聞かせてください!

✩.。.....................。.✩
■ 応募からの流れ ■
✩.。.....................。.✩

▶STEP1WEBから1分簡単ご応募!
1~3日以内に担当者よりご連絡いたします。

▶ STEP2カジュアル面談(1回のみ)

▶STEP3採用

※入社日のご相談OKです◎
お気軽にご相談ください!",,即日勤務OK、交通費支給、残業なし,2,任意,生年月日、性別、電話番号,ntf-indeedapplicant-aaaatulx77tci2k2pr5yeqapva@shukatsu-labo.slack.com,,,利用しない,,
募集中,日本マニュファクチャリングサービス株式会社,【未経験】軽作業スタッフ/日本マニュファクチャリングサービス株式会社/坂戸市,倉庫作業スタッフ,20~30代活躍中◎初めての軽作業デビュー♪,,埼玉県 坂戸市,,,正社員,はい,月給,250000,,最低額を表示,なし,,,,,,,固定時間制,160,,厚生年金、健康保険、雇用保険、労災保険,,なし,,,,,,,,,,,,,,,,,,"難しいことは一切なし！簡単なピッキングや仕分けといった軽作業からスタート。

・リストを見ながら商品を集めるピッキング
・出荷先ごとの簡単な仕分け・梱包
・届いた商品の検品や棚入れ　など

「倉庫作業は初めてで不安…」という方も大丈夫！
先輩の90%が未経験からデビューしています。手厚い研修制度があるから、軽作業が初めての方も安心して一歩を踏み出せる環境です。","【アピールポイント：ココが私たちの推し！】

✅土日祝休み
カレンダー通りのお休みだから、大型連休もしっかり確保。遠征や旅行のスケジュールも立てやすいのが魅力です。

✅職場は「好き」を語れる同志ばかり！
20代メインの職場で、休憩時間は推しトークで大盛り上がり。「ライブどうだった？」「新曲最高！」なんて会話が日常茶飯事です。

✅自分らしさを完全キープ！
髪色・ネイル・服装は自由。推しカラーをネイルに取り入れたり、お気に入りの服でモチベーションを上げたり、オシャレを楽しみながら働けます。

✅趣味の資金もコツコツ貯まる♪
頑張りは昇給でしっかり評価。楽しみながらスキルを磨いて、推し活をもっと充実させちゃいましょう！","例外事由3号のイにより、長期キャリア形成を図るため、
35歳以下を募集しております。","【勤務時間】
★9:00~18:00
└実働8時間/休憩1時間

定時ダッシュも問題ないです✧
✧ 土日祝休み
✧ 残業月平均:6.5時間以内
✧ 残業代100%支給","✧ 完全週休2日制(土日祝休み)
✧ 年間休日125日
「土日休みはマスト!」ってあなたにも
ぴったりの職場です!

【その他休暇】
✧ 有給休暇
✧ 夏季・冬季休暇
✧ GW休暇
✧ 年末年始休暇",埼玉県 坂戸市,,"月給:25万円~+交通費全額支給

※経験に応じて決定いたします。

# 昇給あり
# 賞与あり
# 残業代100%支給
# 交通費支給","・社会保険完備
・住宅手当
・家賃補助
・退職金制度
・家族手当・扶養手当
・健康診断
・特別休暇
・資格取得支援制度","\\✧カジュアル面談実施中です✧/

応募に必要なのは人柄のみです!
まずはあなたのご希望を聞かせてください!

✩.。.....................。.✩
■ 応募からの流れ ■
✩.。.....................。.✩

▶STEP1WEBから1分簡単ご応募!
1~3日以内に担当者よりご連絡いたします。

▶ STEP2カジュアル面談(1回のみ)

▶STEP3採用

※入社日のご相談OKです◎
お気軽にご相談ください!",,即日勤務OK、交通費支給、残業なし,2,任意,生年月日、性別、電話番号,ntf-indeedapplicant-aaaatulx77tci2k2pr5yeqapva@shukatsu-labo.slack.com,,,利用しない,,
募集中,日本マニュファクチャリングサービス株式会社,【未経験】軽作業スタッフ/日本マニュファクチャリングサービス株式会社/蓮田市,倉庫作業スタッフ,20~30代活躍中◎初めての軽作業デビュー♪,,埼玉県 蓮田市,,,正社員,はい,月給,250000,,最低額を表示,なし,,,,,,,固定時間制,160,,厚生年金、健康保険、雇用保険、労災保険,,なし,,,,,,,,,,,,,,,,,,"難しいことは一切なし！簡単なピッキングや仕分けといった軽作業からスタート。

・リストを見ながら商品を集めるピッキング
・出荷先ごとの簡単な仕分け・梱包
・届いた商品の検品や棚入れ　など

「倉庫作業は初めてで不安…」という方も大丈夫！
先輩の90%が未経験からデビューしています。手厚い研修制度があるから、軽作業が初めての方も安心して一歩を踏み出せる環境です。","【アピールポイント：ココが私たちの推し！】

✅土日祝休み
カレンダー通りのお休みだから、大型連休もしっかり確保。遠征や旅行のスケジュールも立てやすいのが魅力です。

✅職場は「好き」を語れる同志ばかり！
20代メインの職場で、休憩時間は推しトークで大盛り上がり。「ライブどうだった？」「新曲最高！」なんて会話が日常茶飯事です。

✅自分らしさを完全キープ！
髪色・ネイル・服装は自由。推しカラーをネイルに取り入れたり、お気に入りの服でモチベーションを上げたり、オシャレを楽しみながら働けます。

✅趣味の資金もコツコツ貯まる♪
頑張りは昇給でしっかり評価。楽しみながらスキルを磨いて、推し活をもっと充実させちゃいましょう！","例外事由3号のイにより、長期キャリア形成を図るため、
35歳以下を募集しております。","【勤務時間】
★9:00~18:00
└実働8時間/休憩1時間

定時ダッシュも問題ないです✧
✧ 土日祝休み
✧ 残業月平均:6.5時間以内
✧ 残業代100%支給","✧ 完全週休2日制(土日祝休み)
✧ 年間休日125日
「土日休みはマスト!」ってあなたにも
ぴったりの職場です!

【その他休暇】
✧ 有給休暇
✧ 夏季・冬季休暇
✧ GW休暇
✧ 年末年始休暇",埼玉県 蓮田市,,"月給:25万円~+交通費全額支給

※経験に応じて決定いたします。

# 昇給あり
# 賞与あり
# 残業代100%支給
# 交通費支給","・社会保険完備
・住宅手当
・家賃補助
・退職金制度
・家族手当・扶養手当
・健康診断
・特別休暇
・資格取得支援制度","\\✧カジュアル面談実施中です✧/

応募に必要なのは人柄のみです!
まずはあなたのご希望を聞かせてください!

✩.。.....................。.✩
■ 応募からの流れ ■
✩.。.....................。.✩

▶STEP1WEBから1分簡単ご応募!
1~3日以内に担当者よりご連絡いたします。

▶ STEP2カジュアル面談(1回のみ)

▶STEP3採用

※入社日のご相談OKです◎
お気軽にご相談ください!",,即日勤務OK、交通費支給、残業なし,2,任意,生年月日、性別、電話番号,ntf-indeedapplicant-aaaatulx77tci2k2pr5yeqapva@shukatsu-labo.slack.com,,,利用しない,,
募集中,日本マニュファクチャリングサービス株式会社,【未経験】軽作業スタッフ/日本マニュファクチャリングサービス株式会社/北本市,倉庫作業スタッフ,20~30代活躍中◎初めての軽作業デビュー♪,,埼玉県 北本市,,,正社員,はい,月給,250000,,最低額を表示,なし,,,,,,,固定時間制,160,,厚生年金、健康保険、雇用保険、労災保険,,なし,,,,,,,,,,,,,,,,,,"難しいことは一切なし！簡単なピッキングや仕分けといった軽作業からスタート。

・リストを見ながら商品を集めるピッキング
・出荷先ごとの簡単な仕分け・梱包
・届いた商品の検品や棚入れ　など

「倉庫作業は初めてで不安…」という方も大丈夫！
先輩の90%が未経験からデビューしています。手厚い研修制度があるから、軽作業が初めての方も安心して一歩を踏み出せる環境です。","【アピールポイント：ココが私たちの推し！】

✅土日祝休み
カレンダー通りのお休みだから、大型連休もしっかり確保。遠征や旅行のスケジュールも立てやすいのが魅力です。

✅職場は「好き」を語れる同志ばかり！
20代メインの職場で、休憩時間は推しトークで大盛り上がり。「ライブどうだった？」「新曲最高！」なんて会話が日常茶飯事です。

✅自分らしさを完全キープ！
髪色・ネイル・服装は自由。推しカラーをネイルに取り入れたり、お気に入りの服でモチベーションを上げたり、オシャレを楽しみながら働けます。

✅趣味の資金もコツコツ貯まる♪
頑張りは昇給でしっかり評価。楽しみながらスキルを磨いて、推し活をもっと充実させちゃいましょう！","例外事由3号のイにより、長期キャリア形成を図るため、
35歳以下を募集しております。","【勤務時間】
★9:00~18:00
└実働8時間/休憩1時間

定時ダッシュも問題ないです✧
✧ 土日祝休み
✧ 残業月平均:6.5時間以内
✧ 残業代100%支給","✧ 完全週休2日制(土日祝休み)
✧ 年間休日125日
「土日休みはマスト!」ってあなたにも
ぴったりの職場です!

【その他休暇】
✧ 有給休暇
✧ 夏季・冬季休暇
✧ GW休暇
✧ 年末年始休暇",埼玉県 北本市,,"月給:25万円~+交通費全額支給

※経験に応じて決定いたします。

# 昇給あり
# 賞与あり
# 残業代100%支給
# 交通費支給","・社会保険完備
・住宅手当
・家賃補助
・退職金制度
・家族手当・扶養手当
・健康診断
・特別休暇
・資格取得支援制度","\\✧カジュアル面談実施中です✧/

応募に必要なのは人柄のみです!
まずはあなたのご希望を聞かせてください!

✩.。.....................。.✩
■ 応募からの流れ ■
✩.。.....................。.✩

▶STEP1WEBから1分簡単ご応募!
1~3日以内に担当者よりご連絡いたします。

▶ STEP2カジュアル面談(1回のみ)

▶STEP3採用

※入社日のご相談OKです◎
お気軽にご相談ください!",,即日勤務OK、交通費支給、残業なし,2,任意,生年月日、性別、電話番号,ntf-indeedapplicant-aaaatulx77tci2k2pr5yeqapva@shukatsu-labo.slack.com,,,利用しない,,
募集中,日本マニュファクチャリングサービス株式会社,【未経験】軽作業スタッフ/日本マニュファクチャリングサービス株式会社/久喜市,倉庫作業スタッフ,20~30代活躍中◎初めての軽作業デビュー♪,,埼玉県 久喜市,,,正社員,はい,月給,250000,,最低額を表示,なし,,,,,,,固定時間制,160,,厚生年金、健康保険、雇用保険、労災保険,,なし,,,,,,,,,,,,,,,,,,"難しいことは一切なし！簡単なピッキングや仕分けといった軽作業からスタート。

・リストを見ながら商品を集めるピッキング
・出荷先ごとの簡単な仕分け・梱包
・届いた商品の検品や棚入れ　など

「倉庫作業は初めてで不安…」という方も大丈夫！
先輩の90%が未経験からデビューしています。手厚い研修制度があるから、軽作業が初めての方も安心して一歩を踏み出せる環境です。","【アピールポイント：ココが私たちの推し！】

✅土日祝休み
カレンダー通りのお休みだから、大型連休もしっかり確保。遠征や旅行のスケジュールも立てやすいのが魅力です。

✅職場は「好き」を語れる同志ばかり！
20代メインの職場で、休憩時間は推しトークで大盛り上がり。「ライブどうだった？」「新曲最高！」なんて会話が日常茶飯事です。

✅自分らしさを完全キープ！
髪色・ネイル・服装は自由。推しカラーをネイルに取り入れたり、お気に入りの服でモチベーションを上げたり、オシャレを楽しみながら働けます。

✅趣味の資金もコツコツ貯まる♪
頑張りは昇給でしっかり評価。楽しみながらスキルを磨いて、推し活をもっと充実させちゃいましょう！","例外事由3号のイにより、長期キャリア形成を図るため、
35歳以下を募集しております。","【勤務時間】
★9:00~18:00
└実働8時間/休憩1時間

定時ダッシュも問題ないです✧
✧ 土日祝休み
✧ 残業月平均:6.5時間以内
✧ 残業代100%支給","✧ 完全週休2日制(土日祝休み)
✧ 年間休日125日
「土日休みはマスト!」ってあなたにも
ぴったりの職場です!

【その他休暇】
✧ 有給休暇
✧ 夏季・冬季休暇
✧ GW休暇
✧ 年末年始休暇",埼玉県 久喜市,,"月給:25万円~+交通費全額支給

※経験に応じて決定いたします。

# 昇給あり
# 賞与あり
# 残業代100%支給
# 交通費支給","・社会保険完備
・住宅手当
・家賃補助
・退職金制度
・家族手当・扶養手当
・健康診断
・特別休暇
・資格取得支援制度","\\✧カジュアル面談実施中です✧/

応募に必要なのは人柄のみです!
まずはあなたのご希望を聞かせてください!

✩.。.....................。.✩
■ 応募からの流れ ■
✩.。.....................。.✩

▶STEP1WEBから1分簡単ご応募!
1~3日以内に担当者よりご連絡いたします。

▶ STEP2カジュアル面談(1回のみ)

▶STEP3採用

※入社日のご相談OKです◎
お気軽にご相談ください!",,即日勤務OK、交通費支給、残業なし,2,任意,生年月日、性別、電話番号,ntf-indeedapplicant-aaaatulx77tci2k2pr5yeqapva@shukatsu-labo.slack.com,,,利用しない,,
募集中,日本マニュファクチャリングサービス株式会社,【未経験】軽作業スタッフ/日本マニュファクチャリングサービス株式会社/鴻巣市,倉庫作業スタッフ,20~30代活躍中◎初めての軽作業デビュー♪,,埼玉県 鴻巣市,,,正社員,はい,月給,250000,,最低額を表示,なし,,,,,,,固定時間制,160,,厚生年金、健康保険、雇用保険、労災保険,,なし,,,,,,,,,,,,,,,,,,"難しいことは一切なし！簡単なピッキングや仕分けといった軽作業からスタート。

・リストを見ながら商品を集めるピッキング
・出荷先ごとの簡単な仕分け・梱包
・届いた商品の検品や棚入れ　など

「倉庫作業は初めてで不安…」という方も大丈夫！
先輩の90%が未経験からデビューしています。手厚い研修制度があるから、軽作業が初めての方も安心して一歩を踏み出せる環境です。","【アピールポイント：ココが私たちの推し！】

✅土日祝休み
カレンダー通りのお休みだから、大型連休もしっかり確保。遠征や旅行のスケジュールも立てやすいのが魅力です。

✅職場は「好き」を語れる同志ばかり！
20代メインの職場で、休憩時間は推しトークで大盛り上がり。「ライブどうだった？」「新曲最高！」なんて会話が日常茶飯事です。

✅自分らしさを完全キープ！
髪色・ネイル・服装は自由。推しカラーをネイルに取り入れたり、お気に入りの服でモチベーションを上げたり、オシャレを楽しみながら働けます。

✅趣味の資金もコツコツ貯まる♪
頑張りは昇給でしっかり評価。楽しみながらスキルを磨いて、推し活をもっと充実させちゃいましょう！","例外事由3号のイにより、長期キャリア形成を図るため、
35歳以下を募集しております。","【勤務時間】
★9:00~18:00
└実働8時間/休憩1時間

定時ダッシュも問題ないです✧
✧ 土日祝休み
✧ 残業月平均:6.5時間以内
✧ 残業代100%支給","✧ 完全週休2日制(土日祝休み)
✧ 年間休日125日
「土日休みはマスト!」ってあなたにも
ぴったりの職場です!

【その他休暇】
✧ 有給休暇
✧ 夏季・冬季休暇
✧ GW休暇
✧ 年末年始休暇",埼玉県 鴻巣市,,"月給:25万円~+交通費全額支給

※経験に応じて決定いたします。

# 昇給あり
# 賞与あり
# 残業代100%支給
# 交通費支給","・社会保険完備
・住宅手当
・家賃補助
・退職金制度
・家族手当・扶養手当
・健康診断
・特別休暇
・資格取得支援制度","\\✧カジュアル面談実施中です✧/

応募に必要なのは人柄のみです!
まずはあなたのご希望を聞かせてください!

✩.。.....................。.✩
■ 応募からの流れ ■
✩.。.....................。.✩

▶STEP1WEBから1分簡単ご応募!
1~3日以内に担当者よりご連絡いたします。

▶ STEP2カジュアル面談(1回のみ)

▶STEP3採用

※入社日のご相談OKです◎
お気軽にご相談ください!",,即日勤務OK、交通費支給、残業なし,2,任意,生年月日、性別、電話番号,ntf-indeedapplicant-aaaatulx77tci2k2pr5yeqapva@shukatsu-labo.slack.com,,,利用しない,,
募集中,日本マニュファクチャリングサービス株式会社,【未経験】軽作業スタッフ/日本マニュファクチャリングサービス株式会社/羽生市,倉庫作業スタッフ,20~30代活躍中◎初めての軽作業デビュー♪,,埼玉県 羽生市,,,正社員,はい,月給,250000,,最低額を表示,なし,,,,,,,固定時間制,160,,厚生年金、健康保険、雇用保険、労災保険,,なし,,,,,,,,,,,,,,,,,,"難しいことは一切なし！簡単なピッキングや仕分けといった軽作業からスタート。

・リストを見ながら商品を集めるピッキング
・出荷先ごとの簡単な仕分け・梱包
・届いた商品の検品や棚入れ　など

「倉庫作業は初めてで不安…」という方も大丈夫！
先輩の90%が未経験からデビューしています。手厚い研修制度があるから、軽作業が初めての方も安心して一歩を踏み出せる環境です。","【アピールポイント：ココが私たちの推し！】

✅土日祝休み
カレンダー通りのお休みだから、大型連休もしっかり確保。遠征や旅行のスケジュールも立てやすいのが魅力です。

✅職場は「好き」を語れる同志ばかり！
20代メインの職場で、休憩時間は推しトークで大盛り上がり。「ライブどうだった？」「新曲最高！」なんて会話が日常茶飯事です。

✅自分らしさを完全キープ！
髪色・ネイル・服装は自由。推しカラーをネイルに取り入れたり、お気に入りの服でモチベーションを上げたり、オシャレを楽しみながら働けます。

✅趣味の資金もコツコツ貯まる♪
頑張りは昇給でしっかり評価。楽しみながらスキルを磨いて、推し活をもっと充実させちゃいましょう！","例外事由3号のイにより、長期キャリア形成を図るため、
35歳以下を募集しております。","【勤務時間】
★9:00~18:00
└実働8時間/休憩1時間

定時ダッシュも問題ないです✧
✧ 土日祝休み
✧ 残業月平均:6.5時間以内
✧ 残業代100%支給","✧ 完全週休2日制(土日祝休み)
✧ 年間休日125日
「土日休みはマスト!」ってあなたにも
ぴったりの職場です!

【その他休暇】
✧ 有給休暇
✧ 夏季・冬季休暇
✧ GW休暇
✧ 年末年始休暇",埼玉県 羽生市,,"月給:25万円~+交通費全額支給

※経験に応じて決定いたします。

# 昇給あり
# 賞与あり
# 残業代100%支給
# 交通費支給","・社会保険完備
・住宅手当
・家賃補助
・退職金制度
・家族手当・扶養手当
・健康診断
・特別休暇
・資格取得支援制度","\\✧カジュアル面談実施中です✧/

応募に必要なのは人柄のみです!
まずはあなたのご希望を聞かせてください!

✩.。.....................。.✩
■ 応募からの流れ ■
✩.。.....................。.✩

▶STEP1WEBから1分簡単ご応募!
1~3日以内に担当者よりご連絡いたします。

▶ STEP2カジュアル面談(1回のみ)

▶STEP3採用

※入社日のご相談OKです◎
お気軽にご相談ください!",,即日勤務OK、交通費支給、残業なし,2,任意,生年月日、性別、電話番号,ntf-indeedapplicant-aaaatulx77tci2k2pr5yeqapva@shukatsu-labo.slack.com,,,利用しない,,
募集中,日本マニュファクチャリングサービス株式会社,【未経験】軽作業スタッフ/日本マニュファクチャリングサービス株式会社/行田市,倉庫作業スタッフ,20~30代活躍中◎初めての軽作業デビュー♪,,埼玉県 行田市,,,正社員,はい,月給,250000,,最低額を表示,なし,,,,,,,固定時間制,160,,厚生年金、健康保険、雇用保険、労災保険,,なし,,,,,,,,,,,,,,,,,,"難しいことは一切なし！簡単なピッキングや仕分けといった軽作業からスタート。

・リストを見ながら商品を集めるピッキング
・出荷先ごとの簡単な仕分け・梱包
・届いた商品の検品や棚入れ　など

「倉庫作業は初めてで不安…」という方も大丈夫！
先輩の90%が未経験からデビューしています。手厚い研修制度があるから、軽作業が初めての方も安心して一歩を踏み出せる環境です。","【アピールポイント：ココが私たちの推し！】

✅土日祝休み
カレンダー通りのお休みだから、大型連休もしっかり確保。遠征や旅行のスケジュールも立てやすいのが魅力です。

✅職場は「好き」を語れる同志ばかり！
20代メインの職場で、休憩時間は推しトークで大盛り上がり。「ライブどうだった？」「新曲最高！」なんて会話が日常茶飯事です。

✅自分らしさを完全キープ！
髪色・ネイル・服装は自由。推しカラーをネイルに取り入れたり、お気に入りの服でモチベーションを上げたり、オシャレを楽しみながら働けます。

✅趣味の資金もコツコツ貯まる♪
頑張りは昇給でしっかり評価。楽しみながらスキルを磨いて、推し活をもっと充実させちゃいましょう！","例外事由3号のイにより、長期キャリア形成を図るため、
35歳以下を募集しております。","【勤務時間】
★9:00~18:00
└実働8時間/休憩1時間

定時ダッシュも問題ないです✧
✧ 土日祝休み
✧ 残業月平均:6.5時間以内
✧ 残業代100%支給","✧ 完全週休2日制(土日祝休み)
✧ 年間休日125日
「土日休みはマスト!」ってあなたにも
ぴったりの職場です!

【その他休暇】
✧ 有給休暇
✧ 夏季・冬季休暇
✧ GW休暇
✧ 年末年始休暇",埼玉県 行田市,,"月給:25万円~+交通費全額支給

※経験に応じて決定いたします。

# 昇給あり
# 賞与あり
# 残業代100%支給
# 交通費支給","・社会保険完備
・住宅手当
・家賃補助
・退職金制度
・家族手当・扶養手当
・健康診断
・特別休暇
・資格取得支援制度","\\✧カジュアル面談実施中です✧/

応募に必要なのは人柄のみです!
まずはあなたのご希望を聞かせてください!

✩.。.....................。.✩
■ 応募からの流れ ■
✩.。.....................。.✩

▶STEP1WEBから1分簡単ご応募!
1~3日以内に担当者よりご連絡いたします。

▶ STEP2カジュアル面談(1回のみ)

▶STEP3採用

※入社日のご相談OKです◎
お気軽にご相談ください!",,即日勤務OK、交通費支給、残業なし,2,任意,生年月日、性別、電話番号,ntf-indeedapplicant-aaaatulx77tci2k2pr5yeqapva@shukatsu-labo.slack.com,,,利用しない,,
募集中,日本マニュファクチャリングサービス株式会社,【未経験】軽作業スタッフ/日本マニュファクチャリングサービス株式会社/加須市,倉庫作業スタッフ,20~30代活躍中◎初めての軽作業デビュー♪,,埼玉県 加須市,,,正社員,はい,月給,250000,,最低額を表示,なし,,,,,,,固定時間制,160,,厚生年金、健康保険、雇用保険、労災保険,,なし,,,,,,,,,,,,,,,,,,"難しいことは一切なし！簡単なピッキングや仕分けといった軽作業からスタート。

・リストを見ながら商品を集めるピッキング
・出荷先ごとの簡単な仕分け・梱包
・届いた商品の検品や棚入れ　など

「倉庫作業は初めてで不安…」という方も大丈夫！
先輩の90%が未経験からデビューしています。手厚い研修制度があるから、軽作業が初めての方も安心して一歩を踏み出せる環境です。","【アピールポイント：ココが私たちの推し！】

✅土日祝休み
カレンダー通りのお休みだから、大型連休もしっかり確保。遠征や旅行のスケジュールも立てやすいのが魅力です。

✅職場は「好き」を語れる同志ばかり！
20代メインの職場で、休憩時間は推しトークで大盛り上がり。「ライブどうだった？」「新曲最高！」なんて会話が日常茶飯事です。

✅自分らしさを完全キープ！
髪色・ネイル・服装は自由。推しカラーをネイルに取り入れたり、お気に入りの服でモチベーションを上げたり、オシャレを楽しみながら働けます。

✅趣味の資金もコツコツ貯まる♪
頑張りは昇給でしっかり評価。楽しみながらスキルを磨いて、推し活をもっと充実させちゃいましょう！","例外事由3号のイにより、長期キャリア形成を図るため、
35歳以下を募集しております。","【勤務時間】
★9:00~18:00
└実働8時間/休憩1時間

定時ダッシュも問題ないです✧
✧ 土日祝休み
✧ 残業月平均:6.5時間以内
✧ 残業代100%支給","✧ 完全週休2日制(土日祝休み)
✧ 年間休日125日
「土日休みはマスト!」ってあなたにも
ぴったりの職場です!

【その他休暇】
✧ 有給休暇
✧ 夏季・冬季休暇
✧ GW休暇
✧ 年末年始休暇",埼玉県 加須市,,"月給:25万円~+交通費全額支給

※経験に応じて決定いたします。

# 昇給あり
# 賞与あり
# 残業代100%支給
# 交通費支給","・社会保険完備
・住宅手当
・家賃補助
・退職金制度
・家族手当・扶養手当
・健康診断
・特別休暇
・資格取得支援制度","\\✧カジュアル面談実施中です✧/

応募に必要なのは人柄のみです!
まずはあなたのご希望を聞かせてください!

✩.。.....................。.✩
■ 応募からの流れ ■
✩.。.....................。.✩

▶STEP1WEBから1分簡単ご応募!
1~3日以内に担当者よりご連絡いたします。

▶ STEP2カジュアル面談(1回のみ)

▶STEP3採用

※入社日のご相談OKです◎
お気軽にご相談ください!",,即日勤務OK、交通費支給、残業なし,2,任意,生年月日、性別、電話番号,ntf-indeedapplicant-aaaatulx77tci2k2pr5yeqapva@shukatsu-labo.slack.com,,,利用しない,,
募集中,日本マニュファクチャリングサービス株式会社,【未経験】軽作業スタッフ/日本マニュファクチャリングサービス株式会社/飯能市,倉庫作業スタッフ,20~30代活躍中◎初めての軽作業デビュー♪,,埼玉県 飯能市,,,正社員,はい,月給,250000,,最低額を表示,なし,,,,,,,固定時間制,160,,厚生年金、健康保険、雇用保険、労災保険,,なし,,,,,,,,,,,,,,,,,,"難しいことは一切なし！簡単なピッキングや仕分けといった軽作業からスタート。

・リストを見ながら商品を集めるピッキング
・出荷先ごとの簡単な仕分け・梱包
・届いた商品の検品や棚入れ　など

「倉庫作業は初めてで不安…」という方も大丈夫！
先輩の90%が未経験からデビューしています。手厚い研修制度があるから、軽作業が初めての方も安心して一歩を踏み出せる環境です。","【アピールポイント：ココが私たちの推し！】

✅土日祝休み
カレンダー通りのお休みだから、大型連休もしっかり確保。遠征や旅行のスケジュールも立てやすいのが魅力です。

✅職場は「好き」を語れる同志ばかり！
20代メインの職場で、休憩時間は推しトークで大盛り上がり。「ライブどうだった？」「新曲最高！」なんて会話が日常茶飯事です。

✅自分らしさを完全キープ！
髪色・ネイル・服装は自由。推しカラーをネイルに取り入れたり、お気に入りの服でモチベーションを上げたり、オシャレを楽しみながら働けます。

✅趣味の資金もコツコツ貯まる♪
頑張りは昇給でしっかり評価。楽しみながらスキルを磨いて、推し活をもっと充実させちゃいましょう！","例外事由3号のイにより、長期キャリア形成を図るため、
35歳以下を募集しております。","【勤務時間】
★9:00~18:00
└実働8時間/休憩1時間

定時ダッシュも問題ないです✧
✧ 土日祝休み
✧ 残業月平均:6.5時間以内
✧ 残業代100%支給","✧ 完全週休2日制(土日祝休み)
✧ 年間休日125日
「土日休みはマスト!」ってあなたにも
ぴったりの職場です!

【その他休暇】
✧ 有給休暇
✧ 夏季・冬季休暇
✧ GW休暇
✧ 年末年始休暇",埼玉県 飯能市,,"月給:25万円~+交通費全額支給

※経験に応じて決定いたします。

# 昇給あり
# 賞与あり
# 残業代100%支給
# 交通費支給","・社会保険完備
・住宅手当
・家賃補助
・退職金制度
・家族手当・扶養手当
・健康診断
・特別休暇
・資格取得支援制度","\\✧カジュアル面談実施中です✧/

応募に必要なのは人柄のみです!
まずはあなたのご希望を聞かせてください!

✩.。.....................。.✩
■ 応募からの流れ ■
✩.。.....................。.✩

▶STEP1WEBから1分簡単ご応募!
1~3日以内に担当者よりご連絡いたします。

▶ STEP2カジュアル面談(1回のみ)

▶STEP3採用

※入社日のご相談OKです◎
お気軽にご相談ください!",,即日勤務OK、交通費支給、残業なし,2,任意,生年月日、性別、電話番号,ntf-indeedapplicant-aaaatulx77tci2k2pr5yeqapva@shukatsu-labo.slack.com,,,利用しない,,
募集中,日本マニュファクチャリングサービス株式会社,【未経験】軽作業スタッフ/日本マニュファクチャリングサービス株式会社/所沢市,倉庫作業スタッフ,20~30代活躍中◎初めての軽作業デビュー♪,,埼玉県 所沢市,,,正社員,はい,月給,250000,,最低額を表示,なし,,,,,,,固定時間制,160,,厚生年金、健康保険、雇用保険、労災保険,,なし,,,,,,,,,,,,,,,,,,"難しいことは一切なし！簡単なピッキングや仕分けといった軽作業からスタート。

・リストを見ながら商品を集めるピッキング
・出荷先ごとの簡単な仕分け・梱包
・届いた商品の検品や棚入れ　など

「倉庫作業は初めてで不安…」という方も大丈夫！
先輩の90%が未経験からデビューしています。手厚い研修制度があるから、軽作業が初めての方も安心して一歩を踏み出せる環境です。","【アピールポイント：ココが私たちの推し！】

✅土日祝休み
カレンダー通りのお休みだから、大型連休もしっかり確保。遠征や旅行のスケジュールも立てやすいのが魅力です。

✅職場は「好き」を語れる同志ばかり！
20代メインの職場で、休憩時間は推しトークで大盛り上がり。「ライブどうだった？」「新曲最高！」なんて会話が日常茶飯事です。

✅自分らしさを完全キープ！
髪色・ネイル・服装は自由。推しカラーをネイルに取り入れたり、お気に入りの服でモチベーションを上げたり、オシャレを楽しみながら働けます。

✅趣味の資金もコツコツ貯まる♪
頑張りは昇給でしっかり評価。楽しみながらスキルを磨いて、推し活をもっと充実させちゃいましょう！","例外事由3号のイにより、長期キャリア形成を図るため、
35歳以下を募集しております。","【勤務時間】
★9:00~18:00
└実働8時間/休憩1時間

定時ダッシュも問題ないです✧
✧ 土日祝休み
✧ 残業月平均:6.5時間以内
✧ 残業代100%支給","✧ 完全週休2日制(土日祝休み)
✧ 年間休日125日
「土日休みはマスト!」ってあなたにも
ぴったりの職場です!

【その他休暇】
✧ 有給休暇
✧ 夏季・冬季休暇
✧ GW休暇
✧ 年末年始休暇",埼玉県 所沢市,,"月給:25万円~+交通費全額支給

※経験に応じて決定いたします。

# 昇給あり
# 賞与あり
# 残業代100%支給
# 交通費支給","・社会保険完備
・住宅手当
・家賃補助
・退職金制度
・家族手当・扶養手当
・健康診断
・特別休暇
・資格取得支援制度","\\✧カジュアル面談実施中です✧/

応募に必要なのは人柄のみです!
まずはあなたのご希望を聞かせてください!

✩.。.....................。.✩
■ 応募からの流れ ■
✩.。.....................。.✩

▶STEP1WEBから1分簡単ご応募!
1~3日以内に担当者よりご連絡いたします。

▶ STEP2カジュアル面談(1回のみ)

▶STEP3採用

※入社日のご相談OKです◎
お気軽にご相談ください!",,即日勤務OK、交通費支給、残業なし,2,任意,生年月日、性別、電話番号,ntf-indeedapplicant-aaaatulx77tci2k2pr5yeqapva@shukatsu-labo.slack.com,,,利用しない,,
募集中,日本マニュファクチャリングサービス株式会社,【未経験】軽作業スタッフ/日本マニュファクチャリングサービス株式会社/川口市,倉庫作業スタッフ,20~30代活躍中◎初めての軽作業デビュー♪,,埼玉県 川口市,,,正社員,はい,月給,250000,,最低額を表示,なし,,,,,,,固定時間制,160,,厚生年金、健康保険、雇用保険、労災保険,,なし,,,,,,,,,,,,,,,,,,"難しいことは一切なし！簡単なピッキングや仕分けといった軽作業からスタート。

・リストを見ながら商品を集めるピッキング
・出荷先ごとの簡単な仕分け・梱包
・届いた商品の検品や棚入れ　など

「倉庫作業は初めてで不安…」という方も大丈夫！
先輩の90%が未経験からデビューしています。手厚い研修制度があるから、軽作業が初めての方も安心して一歩を踏み出せる環境です。","【アピールポイント：ココが私たちの推し！】

✅土日祝休み
カレンダー通りのお休みだから、大型連休もしっかり確保。遠征や旅行のスケジュールも立てやすいのが魅力です。

✅職場は「好き」を語れる同志ばかり！
20代メインの職場で、休憩時間は推しトークで大盛り上がり。「ライブどうだった？」「新曲最高！」なんて会話が日常茶飯事です。

✅自分らしさを完全キープ！
髪色・ネイル・服装は自由。推しカラーをネイルに取り入れたり、お気に入りの服でモチベーションを上げたり、オシャレを楽しみながら働けます。

✅趣味の資金もコツコツ貯まる♪
頑張りは昇給でしっかり評価。楽しみながらスキルを磨いて、推し活をもっと充実させちゃいましょう！","例外事由3号のイにより、長期キャリア形成を図るため、
35歳以下を募集しております。","【勤務時間】
★9:00~18:00
└実働8時間/休憩1時間

定時ダッシュも問題ないです✧
✧ 土日祝休み
✧ 残業月平均:6.5時間以内
✧ 残業代100%支給","✧ 完全週休2日制(土日祝休み)
✧ 年間休日125日
「土日休みはマスト!」ってあなたにも
ぴったりの職場です!

【その他休暇】
✧ 有給休暇
✧ 夏季・冬季休暇
✧ GW休暇
✧ 年末年始休暇",埼玉県 川口市,,"月給:25万円~+交通費全額支給

※経験に応じて決定いたします。

# 昇給あり
# 賞与あり
# 残業代100%支給
# 交通費支給","・社会保険完備
・住宅手当
・家賃補助
・退職金制度
・家族手当・扶養手当
・健康診断
・特別休暇
・資格取得支援制度","\\✧カジュアル面談実施中です✧/

応募に必要なのは人柄のみです!
まずはあなたのご希望を聞かせてください!

✩.。.....................。.✩
■ 応募からの流れ ■
✩.。.....................。.✩

▶STEP1WEBから1分簡単ご応募!
1~3日以内に担当者よりご連絡いたします。

▶ STEP2カジュアル面談(1回のみ)

▶STEP3採用

※入社日のご相談OKです◎
お気軽にご相談ください!",,即日勤務OK、交通費支給、残業なし,2,任意,生年月日、性別、電話番号,ntf-indeedapplicant-aaaatulx77tci2k2pr5yeqapva@shukatsu-labo.slack.com,,,利用しない,,
募集中,日本マニュファクチャリングサービス株式会社,【未経験】軽作業スタッフ/日本マニュファクチャリングサービス株式会社/川越市,倉庫作業スタッフ,20~30代活躍中◎初めての軽作業デビュー♪,,埼玉県 川越市,,,正社員,はい,月給,250000,,最低額を表示,なし,,,,,,,固定時間制,160,,厚生年金、健康保険、雇用保険、労災保険,,なし,,,,,,,,,,,,,,,,,,"難しいことは一切なし！簡単なピッキングや仕分けといった軽作業からスタート。

・リストを見ながら商品を集めるピッキング
・出荷先ごとの簡単な仕分け・梱包
・届いた商品の検品や棚入れ　など

「倉庫作業は初めてで不安…」という方も大丈夫！
先輩の90%が未経験からデビューしています。手厚い研修制度があるから、軽作業が初めての方も安心して一歩を踏み出せる環境です。","【アピールポイント：ココが私たちの推し！】

✅土日祝休み
カレンダー通りのお休みだから、大型連休もしっかり確保。遠征や旅行のスケジュールも立てやすいのが魅力です。

✅職場は「好き」を語れる同志ばかり！
20代メインの職場で、休憩時間は推しトークで大盛り上がり。「ライブどうだった？」「新曲最高！」なんて会話が日常茶飯事です。

✅自分らしさを完全キープ！
髪色・ネイル・服装は自由。推しカラーをネイルに取り入れたり、お気に入りの服でモチベーションを上げたり、オシャレを楽しみながら働けます。

✅趣味の資金もコツコツ貯まる♪
頑張りは昇給でしっかり評価。楽しみながらスキルを磨いて、推し活をもっと充実させちゃいましょう！","例外事由3号のイにより、長期キャリア形成を図るため、
35歳以下を募集しております。","【勤務時間】
★9:00~18:00
└実働8時間/休憩1時間

定時ダッシュも問題ないです✧
✧ 土日祝休み
✧ 残業月平均:6.5時間以内
✧ 残業代100%支給","✧ 完全週休2日制(土日祝休み)
✧ 年間休日125日
「土日休みはマスト!」ってあなたにも
ぴったりの職場です!

【その他休暇】
✧ 有給休暇
✧ 夏季・冬季休暇
✧ GW休暇
✧ 年末年始休暇",埼玉県 川越市,,"月給:25万円~+交通費全額支給

※経験に応じて決定いたします。

# 昇給あり
# 賞与あり
# 残業代100%支給
# 交通費支給","・社会保険完備
・住宅手当
・家賃補助
・退職金制度
・家族手当・扶養手当
・健康診断
・特別休暇
・資格取得支援制度","\\✧カジュアル面談実施中です✧/

応募に必要なのは人柄のみです!
まずはあなたのご希望を聞かせてください!

✩.。.....................。.✩
■ 応募からの流れ ■
✩.。.....................。.✩

▶STEP1WEBから1分簡単ご応募!
1~3日以内に担当者よりご連絡いたします。

▶ STEP2カジュアル面談(1回のみ)

▶STEP3採用

※入社日のご相談OKです◎
お気軽にご相談ください!",,即日勤務OK、交通費支給、残業なし,2,任意,生年月日、性別、電話番号,ntf-indeedapplicant-aaaatulx77tci2k2pr5yeqapva@shukatsu-labo.slack.com,,,利用しない,,
募集中,日本マニュファクチャリングサービス株式会社,【未経験】軽作業スタッフ/日本マニュファクチャリングサービス株式会社/さいたま市北区,倉庫作業スタッフ,20~30代活躍中◎初めての軽作業デビュー♪,,埼玉県 さいたま市 北区,,,正社員,はい,月給,250000,,最低額を表示,なし,,,,,,,固定時間制,160,,厚生年金、健康保険、雇用保険、労災保険,,なし,,,,,,,,,,,,,,,,,,"難しいことは一切なし！簡単なピッキングや仕分けといった軽作業からスタート。

・リストを見ながら商品を集めるピッキング
・出荷先ごとの簡単な仕分け・梱包
・届いた商品の検品や棚入れ　など

「倉庫作業は初めてで不安…」という方も大丈夫！
先輩の90%が未経験からデビューしています。手厚い研修制度があるから、軽作業が初めての方も安心して一歩を踏み出せる環境です。","【アピールポイント：ココが私たちの推し！】

✅土日祝休み
カレンダー通りのお休みだから、大型連休もしっかり確保。遠征や旅行のスケジュールも立てやすいのが魅力です。

✅職場は「好き」を語れる同志ばかり！
20代メインの職場で、休憩時間は推しトークで大盛り上がり。「ライブどうだった？」「新曲最高！」なんて会話が日常茶飯事です。

✅自分らしさを完全キープ！
髪色・ネイル・服装は自由。推しカラーをネイルに取り入れたり、お気に入りの服でモチベーションを上げたり、オシャレを楽しみながら働けます。

✅趣味の資金もコツコツ貯まる♪
頑張りは昇給でしっかり評価。楽しみながらスキルを磨いて、推し活をもっと充実させちゃいましょう！","例外事由3号のイにより、長期キャリア形成を図るため、
35歳以下を募集しております。","【勤務時間】
★9:00~18:00
└実働8時間/休憩1時間

定時ダッシュも問題ないです✧
✧ 土日祝休み
✧ 残業月平均:6.5時間以内
✧ 残業代100%支給","✧ 完全週休2日制(土日祝休み)
✧ 年間休日125日
「土日休みはマスト!」ってあなたにも
ぴったりの職場です!

【その他休暇】
✧ 有給休暇
✧ 夏季・冬季休暇
✧ GW休暇
✧ 年末年始休暇",埼玉県 さいたま市 北区,,"月給:25万円~+交通費全額支給

※経験に応じて決定いたします。

# 昇給あり
# 賞与あり
# 残業代100%支給
# 交通費支給","・社会保険完備
・住宅手当
・家賃補助
・退職金制度
・家族手当・扶養手当
・健康診断
・特別休暇
・資格取得支援制度","\\✧カジュアル面談実施中です✧/

応募に必要なのは人柄のみです!
まずはあなたのご希望を聞かせてください!

✩.。.....................。.✩
■ 応募からの流れ ■
✩.。.....................。.✩

▶STEP1WEBから1分簡単ご応募!
1~3日以内に担当者よりご連絡いたします。

▶ STEP2カジュアル面談(1回のみ)

▶STEP3採用

※入社日のご相談OKです◎
お気軽にご相談ください!",,即日勤務OK、交通費支給、残業なし,2,任意,生年月日、性別、電話番号,ntf-indeedapplicant-aaaatulx77tci2k2pr5yeqapva@shukatsu-labo.slack.com,,,利用しない,,
募集中,日本マニュファクチャリングサービス株式会社,【未経験】軽作業スタッフ/日本マニュファクチャリングサービス株式会社/さいたま市,倉庫作業スタッフ,20~30代活躍中◎初めての軽作業デビュー♪,,埼玉県 さいたま市,,,正社員,はい,月給,250000,,最低額を表示,なし,,,,,,,固定時間制,160,,厚生年金、健康保険、雇用保険、労災保険,,なし,,,,,,,,,,,,,,,,,,"難しいことは一切なし！簡単なピッキングや仕分けといった軽作業からスタート。

・リストを見ながら商品を集めるピッキング
・出荷先ごとの簡単な仕分け・梱包
・届いた商品の検品や棚入れ　など

「倉庫作業は初めてで不安…」という方も大丈夫！
先輩の90%が未経験からデビューしています。手厚い研修制度があるから、軽作業が初めての方も安心して一歩を踏み出せる環境です。","【アピールポイント：ココが私たちの推し！】

✅土日祝休み
カレンダー通りのお休みだから、大型連休もしっかり確保。遠征や旅行のスケジュールも立てやすいのが魅力です。

✅職場は「好き」を語れる同志ばかり！
20代メインの職場で、休憩時間は推しトークで大盛り上がり。「ライブどうだった？」「新曲最高！」なんて会話が日常茶飯事です。

✅自分らしさを完全キープ！
髪色・ネイル・服装は自由。推しカラーをネイルに取り入れたり、お気に入りの服でモチベーションを上げたり、オシャレを楽しみながら働けます。

✅趣味の資金もコツコツ貯まる♪
頑張りは昇給でしっかり評価。楽しみながらスキルを磨いて、推し活をもっと充実させちゃいましょう！","例外事由3号のイにより、長期キャリア形成を図るため、
35歳以下を募集しております。","【勤務時間】
★9:00~18:00
└実働8時間/休憩1時間

定時ダッシュも問題ないです✧
✧ 土日祝休み
✧ 残業月平均:6.5時間以内
✧ 残業代100%支給","✧ 完全週休2日制(土日祝休み)
✧ 年間休日125日
「土日休みはマスト!」ってあなたにも
ぴったりの職場です!

【その他休暇】
✧ 有給休暇
✧ 夏季・冬季休暇
✧ GW休暇
✧ 年末年始休暇",埼玉県 さいたま市,,"月給:25万円~+交通費全額支給

※経験に応じて決定いたします。

# 昇給あり
# 賞与あり
# 残業代100%支給
# 交通費支給","・社会保険完備
・住宅手当
・家賃補助
・退職金制度
・家族手当・扶養手当
・健康診断
・特別休暇
・資格取得支援制度","\\✧カジュアル面談実施中です✧/

応募に必要なのは人柄のみです!
まずはあなたのご希望を聞かせてください!

✩.。.....................。.✩
■ 応募からの流れ ■
✩.。.....................。.✩

▶STEP1WEBから1分簡単ご応募!
1~3日以内に担当者よりご連絡いたします。

▶ STEP2カジュアル面談(1回のみ)

▶STEP3採用

※入社日のご相談OKです◎
お気軽にご相談ください!",,即日勤務OK、交通費支給、残業なし,2,任意,生年月日、性別、電話番号,ntf-indeedapplicant-aaaatulx77tci2k2pr5yeqapva@shukatsu-labo.slack.com,,,利用しない,,
募集中,日本マニュファクチャリングサービス株式会社,【未経験】軽作業スタッフ/日本マニュファクチャリングサービス株式会社/鎌倉市,倉庫作業スタッフ,20~30代活躍中◎初めての軽作業デビュー♪,,神奈川県 鎌倉市,,,正社員,はい,月給,250000,,最低額を表示,なし,,,,,,,固定時間制,160,,厚生年金、健康保険、雇用保険、労災保険,,なし,,,,,,,,,,,,,,,,,,"難しいことは一切なし！簡単なピッキングや仕分けといった軽作業からスタート。

・リストを見ながら商品を集めるピッキング
・出荷先ごとの簡単な仕分け・梱包
・届いた商品の検品や棚入れ　など

「倉庫作業は初めてで不安…」という方も大丈夫！
先輩の90%が未経験からデビューしています。手厚い研修制度があるから、軽作業が初めての方も安心して一歩を踏み出せる環境です。","【アピールポイント：ココが私たちの推し！】

✅土日祝休み
カレンダー通りのお休みだから、大型連休もしっかり確保。遠征や旅行のスケジュールも立てやすいのが魅力です。

✅職場は「好き」を語れる同志ばかり！
20代メインの職場で、休憩時間は推しトークで大盛り上がり。「ライブどうだった？」「新曲最高！」なんて会話が日常茶飯事です。

✅自分らしさを完全キープ！
髪色・ネイル・服装は自由。推しカラーをネイルに取り入れたり、お気に入りの服でモチベーションを上げたり、オシャレを楽しみながら働けます。

✅趣味の資金もコツコツ貯まる♪
頑張りは昇給でしっかり評価。楽しみながらスキルを磨いて、推し活をもっと充実させちゃいましょう！","例外事由3号のイにより、長期キャリア形成を図るため、
35歳以下を募集しております。","【勤務時間】
★9:00~18:00
└実働8時間/休憩1時間

定時ダッシュも問題ないです✧
✧ 土日祝休み
✧ 残業月平均:6.5時間以内
✧ 残業代100%支給","✧ 完全週休2日制(土日祝休み)
✧ 年間休日125日
「土日休みはマスト!」ってあなたにも
ぴったりの職場です!

【その他休暇】
✧ 有給休暇
✧ 夏季・冬季休暇
✧ GW休暇
✧ 年末年始休暇",神奈川県 鎌倉市,,"月給:25万円~+交通費全額支給

※経験に応じて決定いたします。

# 昇給あり
# 賞与あり
# 残業代100%支給
# 交通費支給","・社会保険完備
・住宅手当
・家賃補助
・退職金制度
・家族手当・扶養手当
・健康診断
・特別休暇
・資格取得支援制度","\\✧カジュアル面談実施中です✧/

応募に必要なのは人柄のみです!
まずはあなたのご希望を聞かせてください!

✩.。.....................。.✩
■ 応募からの流れ ■
✩.。.....................。.✩

▶STEP1WEBから1分簡単ご応募!
1~3日以内に担当者よりご連絡いたします。

▶ STEP2カジュアル面談(1回のみ)

▶STEP3採用

※入社日のご相談OKです◎
お気軽にご相談ください!",,即日勤務OK、交通費支給、残業なし,2,任意,生年月日、性別、電話番号,ntf-indeedapplicant-aaaatulx77tci2k2pr5yeqapva@shukatsu-labo.slack.com,,,利用しない,,
募集中,日本マニュファクチャリングサービス株式会社,【未経験】軽作業スタッフ/日本マニュファクチャリングサービス株式会社/横須賀市,倉庫作業スタッフ,20~30代活躍中◎初めての軽作業デビュー♪,,神奈川県 横須賀市,,,正社員,はい,月給,250000,,最低額を表示,なし,,,,,,,固定時間制,160,,厚生年金、健康保険、雇用保険、労災保険,,なし,,,,,,,,,,,,,,,,,,"難しいことは一切なし！簡単なピッキングや仕分けといった軽作業からスタート。

・リストを見ながら商品を集めるピッキング
・出荷先ごとの簡単な仕分け・梱包
・届いた商品の検品や棚入れ　など

「倉庫作業は初めてで不安…」という方も大丈夫！
先輩の90%が未経験からデビューしています。手厚い研修制度があるから、軽作業が初めての方も安心して一歩を踏み出せる環境です。","【アピールポイント：ココが私たちの推し！】

✅土日祝休み
カレンダー通りのお休みだから、大型連休もしっかり確保。遠征や旅行のスケジュールも立てやすいのが魅力です。

✅職場は「好き」を語れる同志ばかり！
20代メインの職場で、休憩時間は推しトークで大盛り上がり。「ライブどうだった？」「新曲最高！」なんて会話が日常茶飯事です。

✅自分らしさを完全キープ！
髪色・ネイル・服装は自由。推しカラーをネイルに取り入れたり、お気に入りの服でモチベーションを上げたり、オシャレを楽しみながら働けます。

✅趣味の資金もコツコツ貯まる♪
頑張りは昇給でしっかり評価。楽しみながらスキルを磨いて、推し活をもっと充実させちゃいましょう！","例外事由3号のイにより、長期キャリア形成を図るため、
35歳以下を募集しております。","【勤務時間】
★9:00~18:00
└実働8時間/休憩1時間

定時ダッシュも問題ないです✧
✧ 土日祝休み
✧ 残業月平均:6.5時間以内
✧ 残業代100%支給","✧ 完全週休2日制(土日祝休み)
✧ 年間休日125日
「土日休みはマスト!」ってあなたにも
ぴったりの職場です!

【その他休暇】
✧ 有給休暇
✧ 夏季・冬季休暇
✧ GW休暇
✧ 年末年始休暇",神奈川県 横須賀市,,"月給:25万円~+交通費全額支給

※経験に応じて決定いたします。

# 昇給あり
# 賞与あり
# 残業代100%支給
# 交通費支給","・社会保険完備
・住宅手当
・家賃補助
・退職金制度
・家族手当・扶養手当
・健康診断
・特別休暇
・資格取得支援制度","\\✧カジュアル面談実施中です✧/

応募に必要なのは人柄のみです!
まずはあなたのご希望を聞かせてください!

✩.。.....................。.✩
■ 応募からの流れ ■
✩.。.....................。.✩

▶STEP1WEBから1分簡単ご応募!
1~3日以内に担当者よりご連絡いたします。

▶ STEP2カジュアル面談(1回のみ)

▶STEP3採用

※入社日のご相談OKです◎
お気軽にご相談ください!",,即日勤務OK、交通費支給、残業なし,2,任意,生年月日、性別、電話番号,ntf-indeedapplicant-aaaatulx77tci2k2pr5yeqapva@shukatsu-labo.slack.com,,,利用しない,,
募集中,日本マニュファクチャリングサービス株式会社,【未経験】軽作業スタッフ/日本マニュファクチャリングサービス株式会社/愛甲郡愛川町,倉庫作業スタッフ,20~30代活躍中◎初めての軽作業デビュー♪,,神奈川県 愛甲郡 愛川町,,,正社員,はい,月給,250000,,最低額を表示,なし,,,,,,,固定時間制,160,,厚生年金、健康保険、雇用保険、労災保険,,なし,,,,,,,,,,,,,,,,,,"難しいことは一切なし！簡単なピッキングや仕分けといった軽作業からスタート。

・リストを見ながら商品を集めるピッキング
・出荷先ごとの簡単な仕分け・梱包
・届いた商品の検品や棚入れ　など

「倉庫作業は初めてで不安…」という方も大丈夫！
先輩の90%が未経験からデビューしています。手厚い研修制度があるから、軽作業が初めての方も安心して一歩を踏み出せる環境です。","【アピールポイント：ココが私たちの推し！】

✅土日祝休み
カレンダー通りのお休みだから、大型連休もしっかり確保。遠征や旅行のスケジュールも立てやすいのが魅力です。

✅職場は「好き」を語れる同志ばかり！
20代メインの職場で、休憩時間は推しトークで大盛り上がり。「ライブどうだった？」「新曲最高！」なんて会話が日常茶飯事です。

✅自分らしさを完全キープ！
髪色・ネイル・服装は自由。推しカラーをネイルに取り入れたり、お気に入りの服でモチベーションを上げたり、オシャレを楽しみながら働けます。

✅趣味の資金もコツコツ貯まる♪
頑張りは昇給でしっかり評価。楽しみながらスキルを磨いて、推し活をもっと充実させちゃいましょう！","例外事由3号のイにより、長期キャリア形成を図るため、
35歳以下を募集しております。","【勤務時間】
★9:00~18:00
└実働8時間/休憩1時間

定時ダッシュも問題ないです✧
✧ 土日祝休み
✧ 残業月平均:6.5時間以内
✧ 残業代100%支給","✧ 完全週休2日制(土日祝休み)
✧ 年間休日125日
「土日休みはマスト!」ってあなたにも
ぴったりの職場です!

【その他休暇】
✧ 有給休暇
✧ 夏季・冬季休暇
✧ GW休暇
✧ 年末年始休暇",神奈川県 愛甲郡 愛川町,,"月給:25万円~+交通費全額支給

※経験に応じて決定いたします。

# 昇給あり
# 賞与あり
# 残業代100%支給
# 交通費支給","・社会保険完備
・住宅手当
・家賃補助
・退職金制度
・家族手当・扶養手当
・健康診断
・特別休暇
・資格取得支援制度","\\✧カジュアル面談実施中です✧/

応募に必要なのは人柄のみです!
まずはあなたのご希望を聞かせてください!

✩.。.....................。.✩
■ 応募からの流れ ■
✩.。.....................。.✩

▶STEP1WEBから1分簡単ご応募!
1~3日以内に担当者よりご連絡いたします。

▶ STEP2カジュアル面談(1回のみ)

▶STEP3採用

※入社日のご相談OKです◎
お気軽にご相談ください!",,即日勤務OK、交通費支給、残業なし,2,任意,生年月日、性別、電話番号,ntf-indeedapplicant-aaaatulx77tci2k2pr5yeqapva@shukatsu-labo.slack.com,,,利用しない,,
募集中,日本マニュファクチャリングサービス株式会社,【未経験】軽作業スタッフ/日本マニュファクチャリングサービス株式会社/南足柄市,倉庫作業スタッフ,20~30代活躍中◎初めての軽作業デビュー♪,,神奈川県 南足柄市,,,正社員,はい,月給,250000,,最低額を表示,なし,,,,,,,固定時間制,160,,厚生年金、健康保険、雇用保険、労災保険,,なし,,,,,,,,,,,,,,,,,,"難しいことは一切なし！簡単なピッキングや仕分けといった軽作業からスタート。

・リストを見ながら商品を集めるピッキング
・出荷先ごとの簡単な仕分け・梱包
・届いた商品の検品や棚入れ　など

「倉庫作業は初めてで不安…」という方も大丈夫！
先輩の90%が未経験からデビューしています。手厚い研修制度があるから、軽作業が初めての方も安心して一歩を踏み出せる環境です。","【アピールポイント：ココが私たちの推し！】

✅土日祝休み
カレンダー通りのお休みだから、大型連休もしっかり確保。遠征や旅行のスケジュールも立てやすいのが魅力です。

✅職場は「好き」を語れる同志ばかり！
20代メインの職場で、休憩時間は推しトークで大盛り上がり。「ライブどうだった？」「新曲最高！」なんて会話が日常茶飯事です。

✅自分らしさを完全キープ！
髪色・ネイル・服装は自由。推しカラーをネイルに取り入れたり、お気に入りの服でモチベーションを上げたり、オシャレを楽しみながら働けます。

✅趣味の資金もコツコツ貯まる♪
頑張りは昇給でしっかり評価。楽しみながらスキルを磨いて、推し活をもっと充実させちゃいましょう！","例外事由3号のイにより、長期キャリア形成を図るため、
35歳以下を募集しております。","【勤務時間】
★9:00~18:00
└実働8時間/休憩1時間

定時ダッシュも問題ないです✧
✧ 土日祝休み
✧ 残業月平均:6.5時間以内
✧ 残業代100%支給","✧ 完全週休2日制(土日祝休み)
✧ 年間休日125日
「土日休みはマスト!」ってあなたにも
ぴったりの職場です!

【その他休暇】
✧ 有給休暇
✧ 夏季・冬季休暇
✧ GW休暇
✧ 年末年始休暇",神奈川県 南足柄市,,"月給:25万円~+交通費全額支給

※経験に応じて決定いたします。

# 昇給あり
# 賞与あり
# 残業代100%支給
# 交通費支給","・社会保険完備
・住宅手当
・家賃補助
・退職金制度
・家族手当・扶養手当
・健康診断
・特別休暇
・資格取得支援制度","\\✧カジュアル面談実施中です✧/

応募に必要なのは人柄のみです!
まずはあなたのご希望を聞かせてください!

✩.。.....................。.✩
■ 応募からの流れ ■
✩.。.....................。.✩

▶STEP1WEBから1分簡単ご応募!
1~3日以内に担当者よりご連絡いたします。

▶ STEP2カジュアル面談(1回のみ)

▶STEP3採用

※入社日のご相談OKです◎
お気軽にご相談ください!",,即日勤務OK、交通費支給、残業なし,2,任意,生年月日、性別、電話番号,ntf-indeedapplicant-aaaatulx77tci2k2pr5yeqapva@shukatsu-labo.slack.com,,,利用しない,,
募集中,日本マニュファクチャリングサービス株式会社,【未経験】軽作業スタッフ/日本マニュファクチャリングサービス株式会社/伊勢原市,倉庫作業スタッフ,20~30代活躍中◎初めての軽作業デビュー♪,,神奈川県 伊勢原市,,,正社員,はい,月給,250000,,最低額を表示,なし,,,,,,,固定時間制,160,,厚生年金、健康保険、雇用保険、労災保険,,なし,,,,,,,,,,,,,,,,,,"難しいことは一切なし！簡単なピッキングや仕分けといった軽作業からスタート。

・リストを見ながら商品を集めるピッキング
・出荷先ごとの簡単な仕分け・梱包
・届いた商品の検品や棚入れ　など

「倉庫作業は初めてで不安…」という方も大丈夫！
先輩の90%が未経験からデビューしています。手厚い研修制度があるから、軽作業が初めての方も安心して一歩を踏み出せる環境です。","【アピールポイント：ココが私たちの推し！】

✅土日祝休み
カレンダー通りのお休みだから、大型連休もしっかり確保。遠征や旅行のスケジュールも立てやすいのが魅力です。

✅職場は「好き」を語れる同志ばかり！
20代メインの職場で、休憩時間は推しトークで大盛り上がり。「ライブどうだった？」「新曲最高！」なんて会話が日常茶飯事です。

✅自分らしさを完全キープ！
髪色・ネイル・服装は自由。推しカラーをネイルに取り入れたり、お気に入りの服でモチベーションを上げたり、オシャレを楽しみながら働けます。

✅趣味の資金もコツコツ貯まる♪
頑張りは昇給でしっかり評価。楽しみながらスキルを磨いて、推し活をもっと充実させちゃいましょう！","例外事由3号のイにより、長期キャリア形成を図るため、
35歳以下を募集しております。","【勤務時間】
★9:00~18:00
└実働8時間/休憩1時間

定時ダッシュも問題ないです✧
✧ 土日祝休み
✧ 残業月平均:6.5時間以内
✧ 残業代100%支給","✧ 完全週休2日制(土日祝休み)
✧ 年間休日125日
「土日休みはマスト!」ってあなたにも
ぴったりの職場です!

【その他休暇】
✧ 有給休暇
✧ 夏季・冬季休暇
✧ GW休暇
✧ 年末年始休暇",神奈川県 伊勢原市,,"月給:25万円~+交通費全額支給

※経験に応じて決定いたします。

# 昇給あり
# 賞与あり
# 残業代100%支給
# 交通費支給","・社会保険完備
・住宅手当
・家賃補助
・退職金制度
・家族手当・扶養手当
・健康診断
・特別休暇
・資格取得支援制度","\\✧カジュアル面談実施中です✧/

応募に必要なのは人柄のみです!
まずはあなたのご希望を聞かせてください!

✩.。.....................。.✩
■ 応募からの流れ ■
✩.。.....................。.✩

▶STEP1WEBから1分簡単ご応募!
1~3日以内に担当者よりご連絡いたします。

▶ STEP2カジュアル面談(1回のみ)

▶STEP3採用

※入社日のご相談OKです◎
お気軽にご相談ください!",,即日勤務OK、交通費支給、残業なし,2,任意,生年月日、性別、電話番号,ntf-indeedapplicant-aaaatulx77tci2k2pr5yeqapva@shukatsu-labo.slack.com,,,利用しない,,
募集中,日本マニュファクチャリングサービス株式会社,【未経験】軽作業スタッフ/日本マニュファクチャリングサービス株式会社/茅ヶ崎市,倉庫作業スタッフ,20~30代活躍中◎初めての軽作業デビュー♪,,神奈川県 茅ヶ崎市,,,正社員,はい,月給,250000,,最低額を表示,なし,,,,,,,固定時間制,160,,厚生年金、健康保険、雇用保険、労災保険,,なし,,,,,,,,,,,,,,,,,,"難しいことは一切なし！簡単なピッキングや仕分けといった軽作業からスタート。

・リストを見ながら商品を集めるピッキング
・出荷先ごとの簡単な仕分け・梱包
・届いた商品の検品や棚入れ　など

「倉庫作業は初めてで不安…」という方も大丈夫！
先輩の90%が未経験からデビューしています。手厚い研修制度があるから、軽作業が初めての方も安心して一歩を踏み出せる環境です。","【アピールポイント：ココが私たちの推し！】

✅土日祝休み
カレンダー通りのお休みだから、大型連休もしっかり確保。遠征や旅行のスケジュールも立てやすいのが魅力です。

✅職場は「好き」を語れる同志ばかり！
20代メインの職場で、休憩時間は推しトークで大盛り上がり。「ライブどうだった？」「新曲最高！」なんて会話が日常茶飯事です。

✅自分らしさを完全キープ！
髪色・ネイル・服装は自由。推しカラーをネイルに取り入れたり、お気に入りの服でモチベーションを上げたり、オシャレを楽しみながら働けます。

✅趣味の資金もコツコツ貯まる♪
頑張りは昇給でしっかり評価。楽しみながらスキルを磨いて、推し活をもっと充実させちゃいましょう！","例外事由3号のイにより、長期キャリア形成を図るため、
35歳以下を募集しております。","【勤務時間】
★9:00~18:00
└実働8時間/休憩1時間

定時ダッシュも問題ないです✧
✧ 土日祝休み
✧ 残業月平均:6.5時間以内
✧ 残業代100%支給","✧ 完全週休2日制(土日祝休み)
✧ 年間休日125日
「土日休みはマスト!」ってあなたにも
ぴったりの職場です!

【その他休暇】
✧ 有給休暇
✧ 夏季・冬季休暇
✧ GW休暇
✧ 年末年始休暇",神奈川県 茅ヶ崎市,,"月給:25万円~+交通費全額支給

※経験に応じて決定いたします。

# 昇給あり
# 賞与あり
# 残業代100%支給
# 交通費支給","・社会保険完備
・住宅手当
・家賃補助
・退職金制度
・家族手当・扶養手当
・健康診断
・特別休暇
・資格取得支援制度","\\✧カジュアル面談実施中です✧/

応募に必要なのは人柄のみです!
まずはあなたのご希望を聞かせてください!

✩.。.....................。.✩
■ 応募からの流れ ■
✩.。.....................。.✩

▶STEP1WEBから1分簡単ご応募!
1~3日以内に担当者よりご連絡いたします。

▶ STEP2カジュアル面談(1回のみ)

▶STEP3採用

※入社日のご相談OKです◎
お気軽にご相談ください!",,即日勤務OK、交通費支給、残業なし,2,任意,生年月日、性別、電話番号,ntf-indeedapplicant-aaaatulx77tci2k2pr5yeqapva@shukatsu-labo.slack.com,,,利用しない,,
募集中,日本マニュファクチャリングサービス株式会社,【未経験】軽作業スタッフ/日本マニュファクチャリングサービス株式会社/藤沢市,倉庫作業スタッフ,20~30代活躍中◎初めての軽作業デビュー♪,,神奈川県 藤沢市,,,正社員,はい,月給,250000,,最低額を表示,なし,,,,,,,固定時間制,160,,厚生年金、健康保険、雇用保険、労災保険,,なし,,,,,,,,,,,,,,,,,,"難しいことは一切なし！簡単なピッキングや仕分けといった軽作業からスタート。

・リストを見ながら商品を集めるピッキング
・出荷先ごとの簡単な仕分け・梱包
・届いた商品の検品や棚入れ　など

「倉庫作業は初めてで不安…」という方も大丈夫！
先輩の90%が未経験からデビューしています。手厚い研修制度があるから、軽作業が初めての方も安心して一歩を踏み出せる環境です。","【アピールポイント：ココが私たちの推し！】

✅土日祝休み
カレンダー通りのお休みだから、大型連休もしっかり確保。遠征や旅行のスケジュールも立てやすいのが魅力です。

✅職場は「好き」を語れる同志ばかり！
20代メインの職場で、休憩時間は推しトークで大盛り上がり。「ライブどうだった？」「新曲最高！」なんて会話が日常茶飯事です。

✅自分らしさを完全キープ！
髪色・ネイル・服装は自由。推しカラーをネイルに取り入れたり、お気に入りの服でモチベーションを上げたり、オシャレを楽しみながら働けます。

✅趣味の資金もコツコツ貯まる♪
頑張りは昇給でしっかり評価。楽しみながらスキルを磨いて、推し活をもっと充実させちゃいましょう！","例外事由3号のイにより、長期キャリア形成を図るため、
35歳以下を募集しております。","【勤務時間】
★9:00~18:00
└実働8時間/休憩1時間

定時ダッシュも問題ないです✧
✧ 土日祝休み
✧ 残業月平均:6.5時間以内
✧ 残業代100%支給","✧ 完全週休2日制(土日祝休み)
✧ 年間休日125日
「土日休みはマスト!」ってあなたにも
ぴったりの職場です!

【その他休暇】
✧ 有給休暇
✧ 夏季・冬季休暇
✧ GW休暇
✧ 年末年始休暇",神奈川県 藤沢市,,"月給:25万円~+交通費全額支給

※経験に応じて決定いたします。

# 昇給あり
# 賞与あり
# 残業代100%支給
# 交通費支給","・社会保険完備
・住宅手当
・家賃補助
・退職金制度
・家族手当・扶養手当
・健康診断
・特別休暇
・資格取得支援制度","\\✧カジュアル面談実施中です✧/

応募に必要なのは人柄のみです!
まずはあなたのご希望を聞かせてください!

✩.。.....................。.✩
■ 応募からの流れ ■
✩.。.....................。.✩

▶STEP1WEBから1分簡単ご応募!
1~3日以内に担当者よりご連絡いたします。

▶ STEP2カジュアル面談(1回のみ)

▶STEP3採用

※入社日のご相談OKです◎
お気軽にご相談ください!",,即日勤務OK、交通費支給、残業なし,2,任意,生年月日、性別、電話番号,ntf-indeedapplicant-aaaatulx77tci2k2pr5yeqapva@shukatsu-labo.slack.com,,,利用しない,,
募集中,日本マニュファクチャリングサービス株式会社,【未経験】軽作業スタッフ/日本マニュファクチャリングサービス株式会社/海老名市,倉庫作業スタッフ,20~30代活躍中◎初めての軽作業デビュー♪,,神奈川県 海老名市,,,正社員,はい,月給,250000,,最低額を表示,なし,,,,,,,固定時間制,160,,厚生年金、健康保険、雇用保険、労災保険,,なし,,,,,,,,,,,,,,,,,,"難しいことは一切なし！簡単なピッキングや仕分けといった軽作業からスタート。

・リストを見ながら商品を集めるピッキング
・出荷先ごとの簡単な仕分け・梱包
・届いた商品の検品や棚入れ　など

「倉庫作業は初めてで不安…」という方も大丈夫！
先輩の90%が未経験からデビューしています。手厚い研修制度があるから、軽作業が初めての方も安心して一歩を踏み出せる環境です。","【アピールポイント：ココが私たちの推し！】

✅土日祝休み
カレンダー通りのお休みだから、大型連休もしっかり確保。遠征や旅行のスケジュールも立てやすいのが魅力です。

✅職場は「好き」を語れる同志ばかり！
20代メインの職場で、休憩時間は推しトークで大盛り上がり。「ライブどうだった？」「新曲最高！」なんて会話が日常茶飯事です。

✅自分らしさを完全キープ！
髪色・ネイル・服装は自由。推しカラーをネイルに取り入れたり、お気に入りの服でモチベーションを上げたり、オシャレを楽しみながら働けます。

✅趣味の資金もコツコツ貯まる♪
頑張りは昇給でしっかり評価。楽しみながらスキルを磨いて、推し活をもっと充実させちゃいましょう！","例外事由3号のイにより、長期キャリア形成を図るため、
35歳以下を募集しております。","【勤務時間】
★9:00~18:00
└実働8時間/休憩1時間

定時ダッシュも問題ないです✧
✧ 土日祝休み
✧ 残業月平均:6.5時間以内
✧ 残業代100%支給","✧ 完全週休2日制(土日祝休み)
✧ 年間休日125日
「土日休みはマスト!」ってあなたにも
ぴったりの職場です!

【その他休暇】
✧ 有給休暇
✧ 夏季・冬季休暇
✧ GW休暇
✧ 年末年始休暇",神奈川県 海老名市,,"月給:25万円~+交通費全額支給

※経験に応じて決定いたします。

# 昇給あり
# 賞与あり
# 残業代100%支給
# 交通費支給","・社会保険完備
・住宅手当
・家賃補助
・退職金制度
・家族手当・扶養手当
・健康診断
・特別休暇
・資格取得支援制度","\\✧カジュアル面談実施中です✧/

応募に必要なのは人柄のみです!
まずはあなたのご希望を聞かせてください!

✩.。.....................。.✩
■ 応募からの流れ ■
✩.。.....................。.✩

▶STEP1WEBから1分簡単ご応募!
1~3日以内に担当者よりご連絡いたします。

▶ STEP2カジュアル面談(1回のみ)

▶STEP3採用

※入社日のご相談OKです◎
お気軽にご相談ください!",,即日勤務OK、交通費支給、残業なし,2,任意,生年月日、性別、電話番号,ntf-indeedapplicant-aaaatulx77tci2k2pr5yeqapva@shukatsu-labo.slack.com,,,利用しない,,
募集中,日本マニュファクチャリングサービス株式会社,【未経験】軽作業スタッフ/日本マニュファクチャリングサービス株式会社/座間市,倉庫作業スタッフ,20~30代活躍中◎初めての軽作業デビュー♪,,神奈川県 座間市,,,正社員,はい,月給,250000,,最低額を表示,なし,,,,,,,固定時間制,160,,厚生年金、健康保険、雇用保険、労災保険,,なし,,,,,,,,,,,,,,,,,,"難しいことは一切なし！簡単なピッキングや仕分けといった軽作業からスタート。

・リストを見ながら商品を集めるピッキング
・出荷先ごとの簡単な仕分け・梱包
・届いた商品の検品や棚入れ　など

「倉庫作業は初めてで不安…」という方も大丈夫！
先輩の90%が未経験からデビューしています。手厚い研修制度があるから、軽作業が初めての方も安心して一歩を踏み出せる環境です。","【アピールポイント：ココが私たちの推し！】

✅土日祝休み
カレンダー通りのお休みだから、大型連休もしっかり確保。遠征や旅行のスケジュールも立てやすいのが魅力です。

✅職場は「好き」を語れる同志ばかり！
20代メインの職場で、休憩時間は推しトークで大盛り上がり。「ライブどうだった？」「新曲最高！」なんて会話が日常茶飯事です。

✅自分らしさを完全キープ！
髪色・ネイル・服装は自由。推しカラーをネイルに取り入れたり、お気に入りの服でモチベーションを上げたり、オシャレを楽しみながら働けます。

✅趣味の資金もコツコツ貯まる♪
頑張りは昇給でしっかり評価。楽しみながらスキルを磨いて、推し活をもっと充実させちゃいましょう！","例外事由3号のイにより、長期キャリア形成を図るため、
35歳以下を募集しております。","【勤務時間】
★9:00~18:00
└実働8時間/休憩1時間

定時ダッシュも問題ないです✧
✧ 土日祝休み
✧ 残業月平均:6.5時間以内
✧ 残業代100%支給","✧ 完全週休2日制(土日祝休み)
✧ 年間休日125日
「土日休みはマスト!」ってあなたにも
ぴったりの職場です!

【その他休暇】
✧ 有給休暇
✧ 夏季・冬季休暇
✧ GW休暇
✧ 年末年始休暇",神奈川県 座間市,,"月給:25万円~+交通費全額支給

※経験に応じて決定いたします。

# 昇給あり
# 賞与あり
# 残業代100%支給
# 交通費支給","・社会保険完備
・住宅手当
・家賃補助
・退職金制度
・家族手当・扶養手当
・健康診断
・特別休暇
・資格取得支援制度","\\✧カジュアル面談実施中です✧/

応募に必要なのは人柄のみです!
まずはあなたのご希望を聞かせてください!

✩.。.....................。.✩
■ 応募からの流れ ■
✩.。.....................。.✩

▶STEP1WEBから1分簡単ご応募!
1~3日以内に担当者よりご連絡いたします。

▶ STEP2カジュアル面談(1回のみ)

▶STEP3採用

※入社日のご相談OKです◎
お気軽にご相談ください!",,即日勤務OK、交通費支給、残業なし,2,任意,生年月日、性別、電話番号,ntf-indeedapplicant-aaaatulx77tci2k2pr5yeqapva@shukatsu-labo.slack.com,,,利用しない,,
募集中,日本マニュファクチャリングサービス株式会社,【未経験】軽作業スタッフ/日本マニュファクチャリングサービス株式会社/厚木市,倉庫作業スタッフ,20~30代活躍中◎初めての軽作業デビュー♪,,神奈川県 厚木市,,,正社員,はい,月給,250000,,最低額を表示,なし,,,,,,,固定時間制,160,,厚生年金、健康保険、雇用保険、労災保険,,なし,,,,,,,,,,,,,,,,,,"難しいことは一切なし！簡単なピッキングや仕分けといった軽作業からスタート。

・リストを見ながら商品を集めるピッキング
・出荷先ごとの簡単な仕分け・梱包
・届いた商品の検品や棚入れ　など

「倉庫作業は初めてで不安…」という方も大丈夫！
先輩の90%が未経験からデビューしています。手厚い研修制度があるから、軽作業が初めての方も安心して一歩を踏み出せる環境です。","【アピールポイント：ココが私たちの推し！】

✅土日祝休み
カレンダー通りのお休みだから、大型連休もしっかり確保。遠征や旅行のスケジュールも立てやすいのが魅力です。

✅職場は「好き」を語れる同志ばかり！
20代メインの職場で、休憩時間は推しトークで大盛り上がり。「ライブどうだった？」「新曲最高！」なんて会話が日常茶飯事です。

✅自分らしさを完全キープ！
髪色・ネイル・服装は自由。推しカラーをネイルに取り入れたり、お気に入りの服でモチベーションを上げたり、オシャレを楽しみながら働けます。

✅趣味の資金もコツコツ貯まる♪
頑張りは昇給でしっかり評価。楽しみながらスキルを磨いて、推し活をもっと充実させちゃいましょう！","例外事由3号のイにより、長期キャリア形成を図るため、
35歳以下を募集しております。","【勤務時間】
★9:00~18:00
└実働8時間/休憩1時間

定時ダッシュも問題ないです✧
✧ 土日祝休み
✧ 残業月平均:6.5時間以内
✧ 残業代100%支給","✧ 完全週休2日制(土日祝休み)
✧ 年間休日125日
「土日休みはマスト!」ってあなたにも
ぴったりの職場です!

【その他休暇】
✧ 有給休暇
✧ 夏季・冬季休暇
✧ GW休暇
✧ 年末年始休暇",神奈川県 厚木市,,"月給:25万円~+交通費全額支給

※経験に応じて決定いたします。

# 昇給あり
# 賞与あり
# 残業代100%支給
# 交通費支給","・社会保険完備
・住宅手当
・家賃補助
・退職金制度
・家族手当・扶養手当
・健康診断
・特別休暇
・資格取得支援制度","\\✧カジュアル面談実施中です✧/

応募に必要なのは人柄のみです!
まずはあなたのご希望を聞かせてください!

✩.。.....................。.✩
■ 応募からの流れ ■
✩.。.....................。.✩

▶STEP1WEBから1分簡単ご応募!
1~3日以内に担当者よりご連絡いたします。

▶ STEP2カジュアル面談(1回のみ)

▶STEP3採用

※入社日のご相談OKです◎
お気軽にご相談ください!",,即日勤務OK、交通費支給、残業なし,2,任意,生年月日、性別、電話番号,ntf-indeedapplicant-aaaatulx77tci2k2pr5yeqapva@shukatsu-labo.slack.com,,,利用しない,,
募集中,日本マニュファクチャリングサービス株式会社,【未経験】軽作業スタッフ/日本マニュファクチャリングサービス株式会社/相模原市中央区,倉庫作業スタッフ,20~30代活躍中◎初めての軽作業デビュー♪,,神奈川県 相模原市 中央区,,,正社員,はい,月給,250000,,最低額を表示,なし,,,,,,,固定時間制,160,,厚生年金、健康保険、雇用保険、労災保険,,なし,,,,,,,,,,,,,,,,,,"難しいことは一切なし！簡単なピッキングや仕分けといった軽作業からスタート。

・リストを見ながら商品を集めるピッキング
・出荷先ごとの簡単な仕分け・梱包
・届いた商品の検品や棚入れ　など

「倉庫作業は初めてで不安…」という方も大丈夫！
先輩の90%が未経験からデビューしています。手厚い研修制度があるから、軽作業が初めての方も安心して一歩を踏み出せる環境です。","【アピールポイント：ココが私たちの推し！】

✅土日祝休み
カレンダー通りのお休みだから、大型連休もしっかり確保。遠征や旅行のスケジュールも立てやすいのが魅力です。

✅職場は「好き」を語れる同志ばかり！
20代メインの職場で、休憩時間は推しトークで大盛り上がり。「ライブどうだった？」「新曲最高！」なんて会話が日常茶飯事です。

✅自分らしさを完全キープ！
髪色・ネイル・服装は自由。推しカラーをネイルに取り入れたり、お気に入りの服でモチベーションを上げたり、オシャレを楽しみながら働けます。

✅趣味の資金もコツコツ貯まる♪
頑張りは昇給でしっかり評価。楽しみながらスキルを磨いて、推し活をもっと充実させちゃいましょう！","例外事由3号のイにより、長期キャリア形成を図るため、
35歳以下を募集しております。","【勤務時間】
★9:00~18:00
└実働8時間/休憩1時間

定時ダッシュも問題ないです✧
✧ 土日祝休み
✧ 残業月平均:6.5時間以内
✧ 残業代100%支給","✧ 完全週休2日制(土日祝休み)
✧ 年間休日125日
「土日休みはマスト!」ってあなたにも
ぴったりの職場です!

【その他休暇】
✧ 有給休暇
✧ 夏季・冬季休暇
✧ GW休暇
✧ 年末年始休暇",神奈川県 相模原市 中央区,,"月給:25万円~+交通費全額支給

※経験に応じて決定いたします。

# 昇給あり
# 賞与あり
# 残業代100%支給
# 交通費支給","・社会保険完備
・住宅手当
・家賃補助
・退職金制度
・家族手当・扶養手当
・健康診断
・特別休暇
・資格取得支援制度","\\✧カジュアル面談実施中です✧/

応募に必要なのは人柄のみです!
まずはあなたのご希望を聞かせてください!

✩.。.....................。.✩
■ 応募からの流れ ■
✩.。.....................。.✩

▶STEP1WEBから1分簡単ご応募!
1~3日以内に担当者よりご連絡いたします。

▶ STEP2カジュアル面談(1回のみ)

▶STEP3採用

※入社日のご相談OKです◎
お気軽にご相談ください!",,即日勤務OK、交通費支給、残業なし,2,任意,生年月日、性別、電話番号,ntf-indeedapplicant-aaaatulx77tci2k2pr5yeqapva@shukatsu-labo.slack.com,,,利用しない,,
募集中,日本マニュファクチャリングサービス株式会社,【未経験】軽作業スタッフ/日本マニュファクチャリングサービス株式会社/相模原市,倉庫作業スタッフ,20~30代活躍中◎初めての軽作業デビュー♪,,神奈川県 相模原市,,,正社員,はい,月給,250000,,最低額を表示,なし,,,,,,,固定時間制,160,,厚生年金、健康保険、雇用保険、労災保険,,なし,,,,,,,,,,,,,,,,,,"難しいことは一切なし！簡単なピッキングや仕分けといった軽作業からスタート。

・リストを見ながら商品を集めるピッキング
・出荷先ごとの簡単な仕分け・梱包
・届いた商品の検品や棚入れ　など

「倉庫作業は初めてで不安…」という方も大丈夫！
先輩の90%が未経験からデビューしています。手厚い研修制度があるから、軽作業が初めての方も安心して一歩を踏み出せる環境です。","【アピールポイント：ココが私たちの推し！】

✅土日祝休み
カレンダー通りのお休みだから、大型連休もしっかり確保。遠征や旅行のスケジュールも立てやすいのが魅力です。

✅職場は「好き」を語れる同志ばかり！
20代メインの職場で、休憩時間は推しトークで大盛り上がり。「ライブどうだった？」「新曲最高！」なんて会話が日常茶飯事です。

✅自分らしさを完全キープ！
髪色・ネイル・服装は自由。推しカラーをネイルに取り入れたり、お気に入りの服でモチベーションを上げたり、オシャレを楽しみながら働けます。

✅趣味の資金もコツコツ貯まる♪
頑張りは昇給でしっかり評価。楽しみながらスキルを磨いて、推し活をもっと充実させちゃいましょう！","例外事由3号のイにより、長期キャリア形成を図るため、
35歳以下を募集しております。","【勤務時間】
★9:00~18:00
└実働8時間/休憩1時間

定時ダッシュも問題ないです✧
✧ 土日祝休み
✧ 残業月平均:6.5時間以内
✧ 残業代100%支給","✧ 完全週休2日制(土日祝休み)
✧ 年間休日125日
「土日休みはマスト!」ってあなたにも
ぴったりの職場です!

【その他休暇】
✧ 有給休暇
✧ 夏季・冬季休暇
✧ GW休暇
✧ 年末年始休暇",神奈川県 相模原市,,"月給:25万円~+交通費全額支給

※経験に応じて決定いたします。

# 昇給あり
# 賞与あり
# 残業代100%支給
# 交通費支給","・社会保険完備
・住宅手当
・家賃補助
・退職金制度
・家族手当・扶養手当
・健康診断
・特別休暇
・資格取得支援制度","\\✧カジュアル面談実施中です✧/

応募に必要なのは人柄のみです!
まずはあなたのご希望を聞かせてください!

✩.。.....................。.✩
■ 応募からの流れ ■
✩.。.....................。.✩

▶STEP1WEBから1分簡単ご応募!
1~3日以内に担当者よりご連絡いたします。

▶ STEP2カジュアル面談(1回のみ)

▶STEP3採用

※入社日のご相談OKです◎
お気軽にご相談ください!",,即日勤務OK、交通費支給、残業なし,2,任意,生年月日、性別、電話番号,ntf-indeedapplicant-aaaatulx77tci2k2pr5yeqapva@shukatsu-labo.slack.com,,,利用しない,,
募集中,日本マニュファクチャリングサービス株式会社,【未経験】軽作業スタッフ/日本マニュファクチャリングサービス株式会社/川崎市麻生区,倉庫作業スタッフ,20~30代活躍中◎初めての軽作業デビュー♪,,神奈川県 川崎市 麻生区,,,正社員,はい,月給,250000,,最低額を表示,なし,,,,,,,固定時間制,160,,厚生年金、健康保険、雇用保険、労災保険,,なし,,,,,,,,,,,,,,,,,,"難しいことは一切なし！簡単なピッキングや仕分けといった軽作業からスタート。

・リストを見ながら商品を集めるピッキング
・出荷先ごとの簡単な仕分け・梱包
・届いた商品の検品や棚入れ　など

「倉庫作業は初めてで不安…」という方も大丈夫！
先輩の90%が未経験からデビューしています。手厚い研修制度があるから、軽作業が初めての方も安心して一歩を踏み出せる環境です。","【アピールポイント：ココが私たちの推し！】

✅土日祝休み
カレンダー通りのお休みだから、大型連休もしっかり確保。遠征や旅行のスケジュールも立てやすいのが魅力です。

✅職場は「好き」を語れる同志ばかり！
20代メインの職場で、休憩時間は推しトークで大盛り上がり。「ライブどうだった？」「新曲最高！」なんて会話が日常茶飯事です。

✅自分らしさを完全キープ！
髪色・ネイル・服装は自由。推しカラーをネイルに取り入れたり、お気に入りの服でモチベーションを上げたり、オシャレを楽しみながら働けます。

✅趣味の資金もコツコツ貯まる♪
頑張りは昇給でしっかり評価。楽しみながらスキルを磨いて、推し活をもっと充実させちゃいましょう！","例外事由3号のイにより、長期キャリア形成を図るため、
35歳以下を募集しております。","【勤務時間】
★9:00~18:00
└実働8時間/休憩1時間

定時ダッシュも問題ないです✧
✧ 土日祝休み
✧ 残業月平均:6.5時間以内
✧ 残業代100%支給","✧ 完全週休2日制(土日祝休み)
✧ 年間休日125日
「土日休みはマスト!」ってあなたにも
ぴったりの職場です!

【その他休暇】
✧ 有給休暇
✧ 夏季・冬季休暇
✧ GW休暇
✧ 年末年始休暇",神奈川県 川崎市 麻生区,,"月給:25万円~+交通費全額支給

※経験に応じて決定いたします。

# 昇給あり
# 賞与あり
# 残業代100%支給
# 交通費支給","・社会保険完備
・住宅手当
・家賃補助
・退職金制度
・家族手当・扶養手当
・健康診断
・特別休暇
・資格取得支援制度","\\✧カジュアル面談実施中です✧/

応募に必要なのは人柄のみです!
まずはあなたのご希望を聞かせてください!

✩.。.....................。.✩
■ 応募からの流れ ■
✩.。.....................。.✩

▶STEP1WEBから1分簡単ご応募!
1~3日以内に担当者よりご連絡いたします。

▶ STEP2カジュアル面談(1回のみ)

▶STEP3採用

※入社日のご相談OKです◎
お気軽にご相談ください!",,即日勤務OK、交通費支給、残業なし,2,任意,生年月日、性別、電話番号,ntf-indeedapplicant-aaaatulx77tci2k2pr5yeqapva@shukatsu-labo.slack.com,,,利用しない,,
募集中,日本マニュファクチャリングサービス株式会社,【未経験】軽作業スタッフ/日本マニュファクチャリングサービス株式会社/川崎市川崎区,倉庫作業スタッフ,20~30代活躍中◎初めての軽作業デビュー♪,,神奈川県 川崎市 川崎区,,,正社員,はい,月給,250000,,最低額を表示,なし,,,,,,,固定時間制,160,,厚生年金、健康保険、雇用保険、労災保険,,なし,,,,,,,,,,,,,,,,,,"難しいことは一切なし！簡単なピッキングや仕分けといった軽作業からスタート。

・リストを見ながら商品を集めるピッキング
・出荷先ごとの簡単な仕分け・梱包
・届いた商品の検品や棚入れ　など

「倉庫作業は初めてで不安…」という方も大丈夫！
先輩の90%が未経験からデビューしています。手厚い研修制度があるから、軽作業が初めての方も安心して一歩を踏み出せる環境です。","【アピールポイント：ココが私たちの推し！】

✅土日祝休み
カレンダー通りのお休みだから、大型連休もしっかり確保。遠征や旅行のスケジュールも立てやすいのが魅力です。

✅職場は「好き」を語れる同志ばかり！
20代メインの職場で、休憩時間は推しトークで大盛り上がり。「ライブどうだった？」「新曲最高！」なんて会話が日常茶飯事です。

✅自分らしさを完全キープ！
髪色・ネイル・服装は自由。推しカラーをネイルに取り入れたり、お気に入りの服でモチベーションを上げたり、オシャレを楽しみながら働けます。

✅趣味の資金もコツコツ貯まる♪
頑張りは昇給でしっかり評価。楽しみながらスキルを磨いて、推し活をもっと充実させちゃいましょう！","例外事由3号のイにより、長期キャリア形成を図るため、
35歳以下を募集しております。","【勤務時間】
★9:00~18:00
└実働8時間/休憩1時間

定時ダッシュも問題ないです✧
✧ 土日祝休み
✧ 残業月平均:6.5時間以内
✧ 残業代100%支給","✧ 完全週休2日制(土日祝休み)
✧ 年間休日125日
「土日休みはマスト!」ってあなたにも
ぴったりの職場です!

【その他休暇】
✧ 有給休暇
✧ 夏季・冬季休暇
✧ GW休暇
✧ 年末年始休暇",神奈川県 川崎市 川崎区,,"月給:25万円~+交通費全額支給

※経験に応じて決定いたします。

# 昇給あり
# 賞与あり
# 残業代100%支給
# 交通費支給","・社会保険完備
・住宅手当
・家賃補助
・退職金制度
・家族手当・扶養手当
・健康診断
・特別休暇
・資格取得支援制度","\\✧カジュアル面談実施中です✧/

応募に必要なのは人柄のみです!
まずはあなたのご希望を聞かせてください!

✩.。.....................。.✩
■ 応募からの流れ ■
✩.。.....................。.✩

▶STEP1WEBから1分簡単ご応募!
1~3日以内に担当者よりご連絡いたします。

▶ STEP2カジュアル面談(1回のみ)

▶STEP3採用

※入社日のご相談OKです◎
お気軽にご相談ください!",,即日勤務OK、交通費支給、残業なし,2,任意,生年月日、性別、電話番号,ntf-indeedapplicant-aaaatulx77tci2k2pr5yeqapva@shukatsu-labo.slack.com,,,利用しない,,
募集中,日本マニュファクチャリングサービス株式会社,【未経験】軽作業スタッフ/日本マニュファクチャリングサービス株式会社/川崎市中原区,倉庫作業スタッフ,20~30代活躍中◎初めての軽作業デビュー♪,,神奈川県 川崎市 中原区,,,正社員,はい,月給,250000,,最低額を表示,なし,,,,,,,固定時間制,160,,厚生年金、健康保険、雇用保険、労災保険,,なし,,,,,,,,,,,,,,,,,,"難しいことは一切なし！簡単なピッキングや仕分けといった軽作業からスタート。

・リストを見ながら商品を集めるピッキング
・出荷先ごとの簡単な仕分け・梱包
・届いた商品の検品や棚入れ　など

「倉庫作業は初めてで不安…」という方も大丈夫！
先輩の90%が未経験からデビューしています。手厚い研修制度があるから、軽作業が初めての方も安心して一歩を踏み出せる環境です。","【アピールポイント：ココが私たちの推し！】

✅土日祝休み
カレンダー通りのお休みだから、大型連休もしっかり確保。遠征や旅行のスケジュールも立てやすいのが魅力です。

✅職場は「好き」を語れる同志ばかり！
20代メインの職場で、休憩時間は推しトークで大盛り上がり。「ライブどうだった？」「新曲最高！」なんて会話が日常茶飯事です。

✅自分らしさを完全キープ！
髪色・ネイル・服装は自由。推しカラーをネイルに取り入れたり、お気に入りの服でモチベーションを上げたり、オシャレを楽しみながら働けます。

✅趣味の資金もコツコツ貯まる♪
頑張りは昇給でしっかり評価。楽しみながらスキルを磨いて、推し活をもっと充実させちゃいましょう！","例外事由3号のイにより、長期キャリア形成を図るため、
35歳以下を募集しております。","【勤務時間】
★9:00~18:00
└実働8時間/休憩1時間

定時ダッシュも問題ないです✧
✧ 土日祝休み
✧ 残業月平均:6.5時間以内
✧ 残業代100%支給","✧ 完全週休2日制(土日祝休み)
✧ 年間休日125日
「土日休みはマスト!」ってあなたにも
ぴったりの職場です!

【その他休暇】
✧ 有給休暇
✧ 夏季・冬季休暇
✧ GW休暇
✧ 年末年始休暇",神奈川県 川崎市 中原区,,"月給:25万円~+交通費全額支給

※経験に応じて決定いたします。

# 昇給あり
# 賞与あり
# 残業代100%支給
# 交通費支給","・社会保険完備
・住宅手当
・家賃補助
・退職金制度
・家族手当・扶養手当
・健康診断
・特別休暇
・資格取得支援制度","\\✧カジュアル面談実施中です✧/

応募に必要なのは人柄のみです!
まずはあなたのご希望を聞かせてください!

✩.。.....................。.✩
■ 応募からの流れ ■
✩.。.....................。.✩

▶STEP1WEBから1分簡単ご応募!
1~3日以内に担当者よりご連絡いたします。

▶ STEP2カジュアル面談(1回のみ)

▶STEP3採用

※入社日のご相談OKです◎
お気軽にご相談ください!",,即日勤務OK、交通費支給、残業なし,2,任意,生年月日、性別、電話番号,ntf-indeedapplicant-aaaatulx77tci2k2pr5yeqapva@shukatsu-labo.slack.com,,,利用しない,,
募集中,日本マニュファクチャリングサービス株式会社,【未経験】軽作業スタッフ/日本マニュファクチャリングサービス株式会社/川崎市,倉庫作業スタッフ,20~30代活躍中◎初めての軽作業デビュー♪,,神奈川県 川崎市,,,正社員,はい,月給,250000,,最低額を表示,なし,,,,,,,固定時間制,160,,厚生年金、健康保険、雇用保険、労災保険,,なし,,,,,,,,,,,,,,,,,,"難しいことは一切なし！簡単なピッキングや仕分けといった軽作業からスタート。

・リストを見ながら商品を集めるピッキング
・出荷先ごとの簡単な仕分け・梱包
・届いた商品の検品や棚入れ　など

「倉庫作業は初めてで不安…」という方も大丈夫！
先輩の90%が未経験からデビューしています。手厚い研修制度があるから、軽作業が初めての方も安心して一歩を踏み出せる環境です。","【アピールポイント：ココが私たちの推し！】

✅土日祝休み
カレンダー通りのお休みだから、大型連休もしっかり確保。遠征や旅行のスケジュールも立てやすいのが魅力です。

✅職場は「好き」を語れる同志ばかり！
20代メインの職場で、休憩時間は推しトークで大盛り上がり。「ライブどうだった？」「新曲最高！」なんて会話が日常茶飯事です。

✅自分らしさを完全キープ！
髪色・ネイル・服装は自由。推しカラーをネイルに取り入れたり、お気に入りの服でモチベーションを上げたり、オシャレを楽しみながら働けます。

✅趣味の資金もコツコツ貯まる♪
頑張りは昇給でしっかり評価。楽しみながらスキルを磨いて、推し活をもっと充実させちゃいましょう！","例外事由3号のイにより、長期キャリア形成を図るため、
35歳以下を募集しております。","【勤務時間】
★9:00~18:00
└実働8時間/休憩1時間

定時ダッシュも問題ないです✧
✧ 土日祝休み
✧ 残業月平均:6.5時間以内
✧ 残業代100%支給","✧ 完全週休2日制(土日祝休み)
✧ 年間休日125日
「土日休みはマスト!」ってあなたにも
ぴったりの職場です!

【その他休暇】
✧ 有給休暇
✧ 夏季・冬季休暇
✧ GW休暇
✧ 年末年始休暇",神奈川県 川崎市,,"月給:25万円~+交通費全額支給

※経験に応じて決定いたします。

# 昇給あり
# 賞与あり
# 残業代100%支給
# 交通費支給","・社会保険完備
・住宅手当
・家賃補助
・退職金制度
・家族手当・扶養手当
・健康診断
・特別休暇
・資格取得支援制度","\\✧カジュアル面談実施中です✧/

応募に必要なのは人柄のみです!
まずはあなたのご希望を聞かせてください!

✩.。.....................。.✩
■ 応募からの流れ ■
✩.。.....................。.✩

▶STEP1WEBから1分簡単ご応募!
1~3日以内に担当者よりご連絡いたします。

▶ STEP2カジュアル面談(1回のみ)

▶STEP3採用

※入社日のご相談OKです◎
お気軽にご相談ください!",,即日勤務OK、交通費支給、残業なし,2,任意,生年月日、性別、電話番号,ntf-indeedapplicant-aaaatulx77tci2k2pr5yeqapva@shukatsu-labo.slack.com,,,利用しない,,
募集中,日本マニュファクチャリングサービス株式会社,【未経験】軽作業スタッフ/日本マニュファクチャリングサービス株式会社/横浜市神奈川区,倉庫作業スタッフ,20~30代活躍中◎初めての軽作業デビュー♪,,神奈川県 横浜市 神奈川区,,,正社員,はい,月給,250000,,最低額を表示,なし,,,,,,,固定時間制,160,,厚生年金、健康保険、雇用保険、労災保険,,なし,,,,,,,,,,,,,,,,,,"難しいことは一切なし！簡単なピッキングや仕分けといった軽作業からスタート。

・リストを見ながら商品を集めるピッキング
・出荷先ごとの簡単な仕分け・梱包
・届いた商品の検品や棚入れ　など

「倉庫作業は初めてで不安…」という方も大丈夫！
先輩の90%が未経験からデビューしています。手厚い研修制度があるから、軽作業が初めての方も安心して一歩を踏み出せる環境です。","【アピールポイント：ココが私たちの推し！】

✅土日祝休み
カレンダー通りのお休みだから、大型連休もしっかり確保。遠征や旅行のスケジュールも立てやすいのが魅力です。

✅職場は「好き」を語れる同志ばかり！
20代メインの職場で、休憩時間は推しトークで大盛り上がり。「ライブどうだった？」「新曲最高！」なんて会話が日常茶飯事です。

✅自分らしさを完全キープ！
髪色・ネイル・服装は自由。推しカラーをネイルに取り入れたり、お気に入りの服でモチベーションを上げたり、オシャレを楽しみながら働けます。

✅趣味の資金もコツコツ貯まる♪
頑張りは昇給でしっかり評価。楽しみながらスキルを磨いて、推し活をもっと充実させちゃいましょう！","例外事由3号のイにより、長期キャリア形成を図るため、
35歳以下を募集しております。","【勤務時間】
★9:00~18:00
└実働8時間/休憩1時間

定時ダッシュも問題ないです✧
✧ 土日祝休み
✧ 残業月平均:6.5時間以内
✧ 残業代100%支給","✧ 完全週休2日制(土日祝休み)
✧ 年間休日125日
「土日休みはマスト!」ってあなたにも
ぴったりの職場です!

【その他休暇】
✧ 有給休暇
✧ 夏季・冬季休暇
✧ GW休暇
✧ 年末年始休暇",神奈川県 横浜市 神奈川区,,"月給:25万円~+交通費全額支給

※経験に応じて決定いたします。

# 昇給あり
# 賞与あり
# 残業代100%支給
# 交通費支給","・社会保険完備
・住宅手当
・家賃補助
・退職金制度
・家族手当・扶養手当
・健康診断
・特別休暇
・資格取得支援制度","\\✧カジュアル面談実施中です✧/

応募に必要なのは人柄のみです!
まずはあなたのご希望を聞かせてください!

✩.。.....................。.✩
■ 応募からの流れ ■
✩.。.....................。.✩

▶STEP1WEBから1分簡単ご応募!
1~3日以内に担当者よりご連絡いたします。

▶ STEP2カジュアル面談(1回のみ)

▶STEP3採用

※入社日のご相談OKです◎
お気軽にご相談ください!",,即日勤務OK、交通費支給、残業なし,2,任意,生年月日、性別、電話番号,ntf-indeedapplicant-aaaatulx77tci2k2pr5yeqapva@shukatsu-labo.slack.com,,,利用しない,,
募集中,日本マニュファクチャリングサービス株式会社,【未経験】軽作業スタッフ/日本マニュファクチャリングサービス株式会社/横浜市栄区,倉庫作業スタッフ,20~30代活躍中◎初めての軽作業デビュー♪,,神奈川県 横浜市 栄区,,,正社員,はい,月給,250000,,最低額を表示,なし,,,,,,,固定時間制,160,,厚生年金、健康保険、雇用保険、労災保険,,なし,,,,,,,,,,,,,,,,,,"難しいことは一切なし！簡単なピッキングや仕分けといった軽作業からスタート。

・リストを見ながら商品を集めるピッキング
・出荷先ごとの簡単な仕分け・梱包
・届いた商品の検品や棚入れ　など

「倉庫作業は初めてで不安…」という方も大丈夫！
先輩の90%が未経験からデビューしています。手厚い研修制度があるから、軽作業が初めての方も安心して一歩を踏み出せる環境です。","【アピールポイント：ココが私たちの推し！】

✅土日祝休み
カレンダー通りのお休みだから、大型連休もしっかり確保。遠征や旅行のスケジュールも立てやすいのが魅力です。

✅職場は「好き」を語れる同志ばかり！
20代メインの職場で、休憩時間は推しトークで大盛り上がり。「ライブどうだった？」「新曲最高！」なんて会話が日常茶飯事です。

✅自分らしさを完全キープ！
髪色・ネイル・服装は自由。推しカラーをネイルに取り入れたり、お気に入りの服でモチベーションを上げたり、オシャレを楽しみながら働けます。

✅趣味の資金もコツコツ貯まる♪
頑張りは昇給でしっかり評価。楽しみながらスキルを磨いて、推し活をもっと充実させちゃいましょう！","例外事由3号のイにより、長期キャリア形成を図るため、
35歳以下を募集しております。","【勤務時間】
★9:00~18:00
└実働8時間/休憩1時間

定時ダッシュも問題ないです✧
✧ 土日祝休み
✧ 残業月平均:6.5時間以内
✧ 残業代100%支給","✧ 完全週休2日制(土日祝休み)
✧ 年間休日125日
「土日休みはマスト!」ってあなたにも
ぴったりの職場です!

【その他休暇】
✧ 有給休暇
✧ 夏季・冬季休暇
✧ GW休暇
✧ 年末年始休暇",神奈川県 横浜市 栄区,,"月給:25万円~+交通費全額支給

※経験に応じて決定いたします。

# 昇給あり
# 賞与あり
# 残業代100%支給
# 交通費支給","・社会保険完備
・住宅手当
・家賃補助
・退職金制度
・家族手当・扶養手当
・健康診断
・特別休暇
・資格取得支援制度","\\✧カジュアル面談実施中です✧/

応募に必要なのは人柄のみです!
まずはあなたのご希望を聞かせてください!

✩.。.....................。.✩
■ 応募からの流れ ■
✩.。.....................。.✩

▶STEP1WEBから1分簡単ご応募!
1~3日以内に担当者よりご連絡いたします。

▶ STEP2カジュアル面談(1回のみ)

▶STEP3採用

※入社日のご相談OKです◎
お気軽にご相談ください!",,即日勤務OK、交通費支給、残業なし,2,任意,生年月日、性別、電話番号,ntf-indeedapplicant-aaaatulx77tci2k2pr5yeqapva@shukatsu-labo.slack.com,,,利用しない,,
募集中,日本マニュファクチャリングサービス株式会社,【未経験】軽作業スタッフ/日本マニュファクチャリングサービス株式会社/横浜市港北区,倉庫作業スタッフ,20~30代活躍中◎初めての軽作業デビュー♪,,神奈川県 横浜市 港北区,,,正社員,はい,月給,250000,,最低額を表示,なし,,,,,,,固定時間制,160,,厚生年金、健康保険、雇用保険、労災保険,,なし,,,,,,,,,,,,,,,,,,"難しいことは一切なし！簡単なピッキングや仕分けといった軽作業からスタート。

・リストを見ながら商品を集めるピッキング
・出荷先ごとの簡単な仕分け・梱包
・届いた商品の検品や棚入れ　など

「倉庫作業は初めてで不安…」という方も大丈夫！
先輩の90%が未経験からデビューしています。手厚い研修制度があるから、軽作業が初めての方も安心して一歩を踏み出せる環境です。","【アピールポイント：ココが私たちの推し！】

✅土日祝休み
カレンダー通りのお休みだから、大型連休もしっかり確保。遠征や旅行のスケジュールも立てやすいのが魅力です。

✅職場は「好き」を語れる同志ばかり！
20代メインの職場で、休憩時間は推しトークで大盛り上がり。「ライブどうだった？」「新曲最高！」なんて会話が日常茶飯事です。

✅自分らしさを完全キープ！
髪色・ネイル・服装は自由。推しカラーをネイルに取り入れたり、お気に入りの服でモチベーションを上げたり、オシャレを楽しみながら働けます。

✅趣味の資金もコツコツ貯まる♪
頑張りは昇給でしっかり評価。楽しみながらスキルを磨いて、推し活をもっと充実させちゃいましょう！","例外事由3号のイにより、長期キャリア形成を図るため、
35歳以下を募集しております。","【勤務時間】
★9:00~18:00
└実働8時間/休憩1時間

定時ダッシュも問題ないです✧
✧ 土日祝休み
✧ 残業月平均:6.5時間以内
✧ 残業代100%支給","✧ 完全週休2日制(土日祝休み)
✧ 年間休日125日
「土日休みはマスト!」ってあなたにも
ぴったりの職場です!

【その他休暇】
✧ 有給休暇
✧ 夏季・冬季休暇
✧ GW休暇
✧ 年末年始休暇",神奈川県 横浜市 港北区,,"月給:25万円~+交通費全額支給

※経験に応じて決定いたします。

# 昇給あり
# 賞与あり
# 残業代100%支給
# 交通費支給","・社会保険完備
・住宅手当
・家賃補助
・退職金制度
・家族手当・扶養手当
・健康診断
・特別休暇
・資格取得支援制度","\\✧カジュアル面談実施中です✧/

応募に必要なのは人柄のみです!
まずはあなたのご希望を聞かせてください!

✩.。.....................。.✩
■ 応募からの流れ ■
✩.。.....................。.✩

▶STEP1WEBから1分簡単ご応募!
1~3日以内に担当者よりご連絡いたします。

▶ STEP2カジュアル面談(1回のみ)

▶STEP3採用

※入社日のご相談OKです◎
お気軽にご相談ください!",,即日勤務OK、交通費支給、残業なし,2,任意,生年月日、性別、電話番号,ntf-indeedapplicant-aaaatulx77tci2k2pr5yeqapva@shukatsu-labo.slack.com,,,利用しない,,
募集中,日本マニュファクチャリングサービス株式会社,【未経験】軽作業スタッフ/日本マニュファクチャリングサービス株式会社/横浜市鶴見区,倉庫作業スタッフ,20~30代活躍中◎初めての軽作業デビュー♪,,神奈川県 横浜市 鶴見区,,,正社員,はい,月給,250000,,最低額を表示,なし,,,,,,,固定時間制,160,,厚生年金、健康保険、雇用保険、労災保険,,なし,,,,,,,,,,,,,,,,,,"難しいことは一切なし！簡単なピッキングや仕分けといった軽作業からスタート。

・リストを見ながら商品を集めるピッキング
・出荷先ごとの簡単な仕分け・梱包
・届いた商品の検品や棚入れ　など

「倉庫作業は初めてで不安…」という方も大丈夫！
先輩の90%が未経験からデビューしています。手厚い研修制度があるから、軽作業が初めての方も安心して一歩を踏み出せる環境です。","【アピールポイント：ココが私たちの推し！】

✅土日祝休み
カレンダー通りのお休みだから、大型連休もしっかり確保。遠征や旅行のスケジュールも立てやすいのが魅力です。

✅職場は「好き」を語れる同志ばかり！
20代メインの職場で、休憩時間は推しトークで大盛り上がり。「ライブどうだった？」「新曲最高！」なんて会話が日常茶飯事です。

✅自分らしさを完全キープ！
髪色・ネイル・服装は自由。推しカラーをネイルに取り入れたり、お気に入りの服でモチベーションを上げたり、オシャレを楽しみながら働けます。

✅趣味の資金もコツコツ貯まる♪
頑張りは昇給でしっかり評価。楽しみながらスキルを磨いて、推し活をもっと充実させちゃいましょう！","例外事由3号のイにより、長期キャリア形成を図るため、
35歳以下を募集しております。","【勤務時間】
★9:00~18:00
└実働8時間/休憩1時間

定時ダッシュも問題ないです✧
✧ 土日祝休み
✧ 残業月平均:6.5時間以内
✧ 残業代100%支給","✧ 完全週休2日制(土日祝休み)
✧ 年間休日125日
「土日休みはマスト!」ってあなたにも
ぴったりの職場です!

【その他休暇】
✧ 有給休暇
✧ 夏季・冬季休暇
✧ GW休暇
✧ 年末年始休暇",神奈川県 横浜市 鶴見区,,"月給:25万円~+交通費全額支給

※経験に応じて決定いたします。

# 昇給あり
# 賞与あり
# 残業代100%支給
# 交通費支給","・社会保険完備
・住宅手当
・家賃補助
・退職金制度
・家族手当・扶養手当
・健康診断
・特別休暇
・資格取得支援制度","\\✧カジュアル面談実施中です✧/

応募に必要なのは人柄のみです!
まずはあなたのご希望を聞かせてください!

✩.。.....................。.✩
■ 応募からの流れ ■
✩.。.....................。.✩

▶STEP1WEBから1分簡単ご応募!
1~3日以内に担当者よりご連絡いたします。

▶ STEP2カジュアル面談(1回のみ)

▶STEP3採用

※入社日のご相談OKです◎
お気軽にご相談ください!",,即日勤務OK、交通費支給、残業なし,2,任意,生年月日、性別、電話番号,ntf-indeedapplicant-aaaatulx77tci2k2pr5yeqapva@shukatsu-labo.slack.com,,,利用しない,,
募集中,日本マニュファクチャリングサービス株式会社,【未経験】軽作業スタッフ/日本マニュファクチャリングサービス株式会社/横浜市,倉庫作業スタッフ,20~30代活躍中◎初めての軽作業デビュー♪,,神奈川県 横浜市,,,正社員,はい,月給,250000,,最低額を表示,なし,,,,,,,固定時間制,160,,厚生年金、健康保険、雇用保険、労災保険,,なし,,,,,,,,,,,,,,,,,,"難しいことは一切なし！簡単なピッキングや仕分けといった軽作業からスタート。

・リストを見ながら商品を集めるピッキング
・出荷先ごとの簡単な仕分け・梱包
・届いた商品の検品や棚入れ　など

「倉庫作業は初めてで不安…」という方も大丈夫！
先輩の90%が未経験からデビューしています。手厚い研修制度があるから、軽作業が初めての方も安心して一歩を踏み出せる環境です。","【アピールポイント：ココが私たちの推し！】

✅土日祝休み
カレンダー通りのお休みだから、大型連休もしっかり確保。遠征や旅行のスケジュールも立てやすいのが魅力です。

✅職場は「好き」を語れる同志ばかり！
20代メインの職場で、休憩時間は推しトークで大盛り上がり。「ライブどうだった？」「新曲最高！」なんて会話が日常茶飯事です。

✅自分らしさを完全キープ！
髪色・ネイル・服装は自由。推しカラーをネイルに取り入れたり、お気に入りの服でモチベーションを上げたり、オシャレを楽しみながら働けます。

✅趣味の資金もコツコツ貯まる♪
頑張りは昇給でしっかり評価。楽しみながらスキルを磨いて、推し活をもっと充実させちゃいましょう！","例外事由3号のイにより、長期キャリア形成を図るため、
35歳以下を募集しております。","【勤務時間】
★9:00~18:00
└実働8時間/休憩1時間

定時ダッシュも問題ないです✧
✧ 土日祝休み
✧ 残業月平均:6.5時間以内
✧ 残業代100%支給","✧ 完全週休2日制(土日祝休み)
✧ 年間休日125日
「土日休みはマスト!」ってあなたにも
ぴったりの職場です!

【その他休暇】
✧ 有給休暇
✧ 夏季・冬季休暇
✧ GW休暇
✧ 年末年始休暇",神奈川県 横浜市,,"月給:25万円~+交通費全額支給

※経験に応じて決定いたします。

# 昇給あり
# 賞与あり
# 残業代100%支給
# 交通費支給","・社会保険完備
・住宅手当
・家賃補助
・退職金制度
・家族手当・扶養手当
・健康診断
・特別休暇
・資格取得支援制度","\\✧カジュアル面談実施中です✧/

応募に必要なのは人柄のみです!
まずはあなたのご希望を聞かせてください!

✩.。.....................。.✩
■ 応募からの流れ ■
✩.。.....................。.✩

▶STEP1WEBから1分簡単ご応募!
1~3日以内に担当者よりご連絡いたします。

▶ STEP2カジュアル面談(1回のみ)

▶STEP3採用

※入社日のご相談OKです◎
お気軽にご相談ください!",,即日勤務OK、交通費支給、残業なし,2,任意,生年月日、性別、電話番号,ntf-indeedapplicant-aaaatulx77tci2k2pr5yeqapva@shukatsu-labo.slack.com,,,利用しない,,
募集中,日本マニュファクチャリングサービス株式会社,【未経験】軽作業スタッフ/日本マニュファクチャリングサービス株式会社/西多摩郡瑞穂町,倉庫作業スタッフ,20~30代活躍中◎初めての軽作業デビュー♪,,東京都 西多摩郡 瑞穂町,,,正社員,はい,月給,250000,,最低額を表示,なし,,,,,,,固定時間制,160,,厚生年金、健康保険、雇用保険、労災保険,,なし,,,,,,,,,,,,,,,,,,"難しいことは一切なし！簡単なピッキングや仕分けといった軽作業からスタート。

・リストを見ながら商品を集めるピッキング
・出荷先ごとの簡単な仕分け・梱包
・届いた商品の検品や棚入れ　など

「倉庫作業は初めてで不安…」という方も大丈夫！
先輩の90%が未経験からデビューしています。手厚い研修制度があるから、軽作業が初めての方も安心して一歩を踏み出せる環境です。","【アピールポイント：ココが私たちの推し！】

✅土日祝休み
カレンダー通りのお休みだから、大型連休もしっかり確保。遠征や旅行のスケジュールも立てやすいのが魅力です。

✅職場は「好き」を語れる同志ばかり！
20代メインの職場で、休憩時間は推しトークで大盛り上がり。「ライブどうだった？」「新曲最高！」なんて会話が日常茶飯事です。

✅自分らしさを完全キープ！
髪色・ネイル・服装は自由。推しカラーをネイルに取り入れたり、お気に入りの服でモチベーションを上げたり、オシャレを楽しみながら働けます。

✅趣味の資金もコツコツ貯まる♪
頑張りは昇給でしっかり評価。楽しみながらスキルを磨いて、推し活をもっと充実させちゃいましょう！","例外事由3号のイにより、長期キャリア形成を図るため、
35歳以下を募集しております。","【勤務時間】
★9:00~18:00
└実働8時間/休憩1時間

定時ダッシュも問題ないです✧
✧ 土日祝休み
✧ 残業月平均:6.5時間以内
✧ 残業代100%支給","✧ 完全週休2日制(土日祝休み)
✧ 年間休日125日
「土日休みはマスト!」ってあなたにも
ぴったりの職場です!

【その他休暇】
✧ 有給休暇
✧ 夏季・冬季休暇
✧ GW休暇
✧ 年末年始休暇",東京都 西多摩郡 瑞穂町,,"月給:25万円~+交通費全額支給

※経験に応じて決定いたします。

# 昇給あり
# 賞与あり
# 残業代100%支給
# 交通費支給","・社会保険完備
・住宅手当
・家賃補助
・退職金制度
・家族手当・扶養手当
・健康診断
・特別休暇
・資格取得支援制度","\\✧カジュアル面談実施中です✧/

応募に必要なのは人柄のみです!
まずはあなたのご希望を聞かせてください!

✩.。.....................。.✩
■ 応募からの流れ ■
✩.。.....................。.✩

▶STEP1WEBから1分簡単ご応募!
1~3日以内に担当者よりご連絡いたします。

▶ STEP2カジュアル面談(1回のみ)

▶STEP3採用

※入社日のご相談OKです◎
お気軽にご相談ください!",,即日勤務OK、交通費支給、残業なし,2,任意,生年月日、性別、電話番号,ntf-indeedapplicant-aaaatulx77tci2k2pr5yeqapva@shukatsu-labo.slack.com,,,利用しない,,
募集中,日本マニュファクチャリングサービス株式会社,【未経験】軽作業スタッフ/日本マニュファクチャリングサービス株式会社/あきる野市,倉庫作業スタッフ,20~30代活躍中◎初めての軽作業デビュー♪,,東京都 あきる野市,,,正社員,はい,月給,250000,,最低額を表示,なし,,,,,,,固定時間制,160,,厚生年金、健康保険、雇用保険、労災保険,,なし,,,,,,,,,,,,,,,,,,"難しいことは一切なし！簡単なピッキングや仕分けといった軽作業からスタート。

・リストを見ながら商品を集めるピッキング
・出荷先ごとの簡単な仕分け・梱包
・届いた商品の検品や棚入れ　など

「倉庫作業は初めてで不安…」という方も大丈夫！
先輩の90%が未経験からデビューしています。手厚い研修制度があるから、軽作業が初めての方も安心して一歩を踏み出せる環境です。","【アピールポイント：ココが私たちの推し！】

✅土日祝休み
カレンダー通りのお休みだから、大型連休もしっかり確保。遠征や旅行のスケジュールも立てやすいのが魅力です。

✅職場は「好き」を語れる同志ばかり！
20代メインの職場で、休憩時間は推しトークで大盛り上がり。「ライブどうだった？」「新曲最高！」なんて会話が日常茶飯事です。

✅自分らしさを完全キープ！
髪色・ネイル・服装は自由。推しカラーをネイルに取り入れたり、お気に入りの服でモチベーションを上げたり、オシャレを楽しみながら働けます。

✅趣味の資金もコツコツ貯まる♪
頑張りは昇給でしっかり評価。楽しみながらスキルを磨いて、推し活をもっと充実させちゃいましょう！","例外事由3号のイにより、長期キャリア形成を図るため、
35歳以下を募集しております。","【勤務時間】
★9:00~18:00
└実働8時間/休憩1時間

定時ダッシュも問題ないです✧
✧ 土日祝休み
✧ 残業月平均:6.5時間以内
✧ 残業代100%支給","✧ 完全週休2日制(土日祝休み)
✧ 年間休日125日
「土日休みはマスト!」ってあなたにも
ぴったりの職場です!

【その他休暇】
✧ 有給休暇
✧ 夏季・冬季休暇
✧ GW休暇
✧ 年末年始休暇",東京都 あきる野市,,"月給:25万円~+交通費全額支給

※経験に応じて決定いたします。

# 昇給あり
# 賞与あり
# 残業代100%支給
# 交通費支給","・社会保険完備
・住宅手当
・家賃補助
・退職金制度
・家族手当・扶養手当
・健康診断
・特別休暇
・資格取得支援制度","\\✧カジュアル面談実施中です✧/

応募に必要なのは人柄のみです!
まずはあなたのご希望を聞かせてください!

✩.。.....................。.✩
■ 応募からの流れ ■
✩.。.....................。.✩

▶STEP1WEBから1分簡単ご応募!
1~3日以内に担当者よりご連絡いたします。

▶ STEP2カジュアル面談(1回のみ)

▶STEP3採用

※入社日のご相談OKです◎
お気軽にご相談ください!",,即日勤務OK、交通費支給、残業なし,2,任意,生年月日、性別、電話番号,ntf-indeedapplicant-aaaatulx77tci2k2pr5yeqapva@shukatsu-labo.slack.com,,,利用しない,,
募集中,日本マニュファクチャリングサービス株式会社,【未経験】軽作業スタッフ/日本マニュファクチャリングサービス株式会社/小平市,倉庫作業スタッフ,20~30代活躍中◎初めての軽作業デビュー♪,,東京都 小平市,,,正社員,はい,月給,250000,,最低額を表示,なし,,,,,,,固定時間制,160,,厚生年金、健康保険、雇用保険、労災保険,,なし,,,,,,,,,,,,,,,,,,"難しいことは一切なし！簡単なピッキングや仕分けといった軽作業からスタート。

・リストを見ながら商品を集めるピッキング
・出荷先ごとの簡単な仕分け・梱包
・届いた商品の検品や棚入れ　など

「倉庫作業は初めてで不安…」という方も大丈夫！
先輩の90%が未経験からデビューしています。手厚い研修制度があるから、軽作業が初めての方も安心して一歩を踏み出せる環境です。","【アピールポイント：ココが私たちの推し！】

✅土日祝休み
カレンダー通りのお休みだから、大型連休もしっかり確保。遠征や旅行のスケジュールも立てやすいのが魅力です。

✅職場は「好き」を語れる同志ばかり！
20代メインの職場で、休憩時間は推しトークで大盛り上がり。「ライブどうだった？」「新曲最高！」なんて会話が日常茶飯事です。

✅自分らしさを完全キープ！
髪色・ネイル・服装は自由。推しカラーをネイルに取り入れたり、お気に入りの服でモチベーションを上げたり、オシャレを楽しみながら働けます。

✅趣味の資金もコツコツ貯まる♪
頑張りは昇給でしっかり評価。楽しみながらスキルを磨いて、推し活をもっと充実させちゃいましょう！","例外事由3号のイにより、長期キャリア形成を図るため、
35歳以下を募集しております。","【勤務時間】
★9:00~18:00
└実働8時間/休憩1時間

定時ダッシュも問題ないです✧
✧ 土日祝休み
✧ 残業月平均:6.5時間以内
✧ 残業代100%支給","✧ 完全週休2日制(土日祝休み)
✧ 年間休日125日
「土日休みはマスト!」ってあなたにも
ぴったりの職場です!

【その他休暇】
✧ 有給休暇
✧ 夏季・冬季休暇
✧ GW休暇
✧ 年末年始休暇",東京都 小平市,,"月給:25万円~+交通費全額支給

※経験に応じて決定いたします。

# 昇給あり
# 賞与あり
# 残業代100%支給
# 交通費支給","・社会保険完備
・住宅手当
・家賃補助
・退職金制度
・家族手当・扶養手当
・健康診断
・特別休暇
・資格取得支援制度","\\✧カジュアル面談実施中です✧/

応募に必要なのは人柄のみです!
まずはあなたのご希望を聞かせてください!

✩.。.....................。.✩
■ 応募からの流れ ■
✩.。.....................。.✩

▶STEP1WEBから1分簡単ご応募!
1~3日以内に担当者よりご連絡いたします。

▶ STEP2カジュアル面談(1回のみ)

▶STEP3採用

※入社日のご相談OKです◎
お気軽にご相談ください!",,即日勤務OK、交通費支給、残業なし,2,任意,生年月日、性別、電話番号,ntf-indeedapplicant-aaaatulx77tci2k2pr5yeqapva@shukatsu-labo.slack.com,,,利用しない,,
募集中,日本マニュファクチャリングサービス株式会社,【未経験】軽作業スタッフ/日本マニュファクチャリングサービス株式会社/東久留米市,倉庫作業スタッフ,20~30代活躍中◎初めての軽作業デビュー♪,,東京都 東久留米市,,,正社員,はい,月給,250000,,最低額を表示,なし,,,,,,,固定時間制,160,,厚生年金、健康保険、雇用保険、労災保険,,なし,,,,,,,,,,,,,,,,,,"難しいことは一切なし！簡単なピッキングや仕分けといった軽作業からスタート。

・リストを見ながら商品を集めるピッキング
・出荷先ごとの簡単な仕分け・梱包
・届いた商品の検品や棚入れ　など

「倉庫作業は初めてで不安…」という方も大丈夫！
先輩の90%が未経験からデビューしています。手厚い研修制度があるから、軽作業が初めての方も安心して一歩を踏み出せる環境です。","【アピールポイント：ココが私たちの推し！】

✅土日祝休み
カレンダー通りのお休みだから、大型連休もしっかり確保。遠征や旅行のスケジュールも立てやすいのが魅力です。

✅職場は「好き」を語れる同志ばかり！
20代メインの職場で、休憩時間は推しトークで大盛り上がり。「ライブどうだった？」「新曲最高！」なんて会話が日常茶飯事です。

✅自分らしさを完全キープ！
髪色・ネイル・服装は自由。推しカラーをネイルに取り入れたり、お気に入りの服でモチベーションを上げたり、オシャレを楽しみながら働けます。

✅趣味の資金もコツコツ貯まる♪
頑張りは昇給でしっかり評価。楽しみながらスキルを磨いて、推し活をもっと充実させちゃいましょう！","例外事由3号のイにより、長期キャリア形成を図るため、
35歳以下を募集しております。","【勤務時間】
★9:00~18:00
└実働8時間/休憩1時間

定時ダッシュも問題ないです✧
✧ 土日祝休み
✧ 残業月平均:6.5時間以内
✧ 残業代100%支給","✧ 完全週休2日制(土日祝休み)
✧ 年間休日125日
「土日休みはマスト!」ってあなたにも
ぴったりの職場です!

【その他休暇】
✧ 有給休暇
✧ 夏季・冬季休暇
✧ GW休暇
✧ 年末年始休暇",東京都 東久留米市,,"月給:25万円~+交通費全額支給

※経験に応じて決定いたします。

# 昇給あり
# 賞与あり
# 残業代100%支給
# 交通費支給","・社会保険完備
・住宅手当
・家賃補助
・退職金制度
・家族手当・扶養手当
・健康診断
・特別休暇
・資格取得支援制度","\\✧カジュアル面談実施中です✧/

応募に必要なのは人柄のみです!
まずはあなたのご希望を聞かせてください!

✩.。.....................。.✩
■ 応募からの流れ ■
✩.。.....................。.✩

▶STEP1WEBから1分簡単ご応募!
1~3日以内に担当者よりご連絡いたします。

▶ STEP2カジュアル面談(1回のみ)

▶STEP3採用

※入社日のご相談OKです◎
お気軽にご相談ください!",,即日勤務OK、交通費支給、残業なし,2,任意,生年月日、性別、電話番号,ntf-indeedapplicant-aaaatulx77tci2k2pr5yeqapva@shukatsu-labo.slack.com,,,利用しない,,
募集中,日本マニュファクチャリングサービス株式会社,【未経験】軽作業スタッフ/日本マニュファクチャリングサービス株式会社/調布市,倉庫作業スタッフ,20~30代活躍中◎初めての軽作業デビュー♪,,東京都 調布市,,,正社員,はい,月給,250000,,最低額を表示,なし,,,,,,,固定時間制,160,,厚生年金、健康保険、雇用保険、労災保険,,なし,,,,,,,,,,,,,,,,,,"難しいことは一切なし！簡単なピッキングや仕分けといった軽作業からスタート。

・リストを見ながら商品を集めるピッキング
・出荷先ごとの簡単な仕分け・梱包
・届いた商品の検品や棚入れ　など

「倉庫作業は初めてで不安…」という方も大丈夫！
先輩の90%が未経験からデビューしています。手厚い研修制度があるから、軽作業が初めての方も安心して一歩を踏み出せる環境です。","【アピールポイント：ココが私たちの推し！】

✅土日祝休み
カレンダー通りのお休みだから、大型連休もしっかり確保。遠征や旅行のスケジュールも立てやすいのが魅力です。

✅職場は「好き」を語れる同志ばかり！
20代メインの職場で、休憩時間は推しトークで大盛り上がり。「ライブどうだった？」「新曲最高！」なんて会話が日常茶飯事です。

✅自分らしさを完全キープ！
髪色・ネイル・服装は自由。推しカラーをネイルに取り入れたり、お気に入りの服でモチベーションを上げたり、オシャレを楽しみながら働けます。

✅趣味の資金もコツコツ貯まる♪
頑張りは昇給でしっかり評価。楽しみながらスキルを磨いて、推し活をもっと充実させちゃいましょう！","例外事由3号のイにより、長期キャリア形成を図るため、
35歳以下を募集しております。","【勤務時間】
★9:00~18:00
└実働8時間/休憩1時間

定時ダッシュも問題ないです✧
✧ 土日祝休み
✧ 残業月平均:6.5時間以内
✧ 残業代100%支給","✧ 完全週休2日制(土日祝休み)
✧ 年間休日125日
「土日休みはマスト!」ってあなたにも
ぴったりの職場です!

【その他休暇】
✧ 有給休暇
✧ 夏季・冬季休暇
✧ GW休暇
✧ 年末年始休暇",東京都 調布市,,"月給:25万円~+交通費全額支給

※経験に応じて決定いたします。

# 昇給あり
# 賞与あり
# 残業代100%支給
# 交通費支給","・社会保険完備
・住宅手当
・家賃補助
・退職金制度
・家族手当・扶養手当
・健康診断
・特別休暇
・資格取得支援制度","\\✧カジュアル面談実施中です✧/

応募に必要なのは人柄のみです!
まずはあなたのご希望を聞かせてください!

✩.。.....................。.✩
■ 応募からの流れ ■
✩.。.....................。.✩

▶STEP1WEBから1分簡単ご応募!
1~3日以内に担当者よりご連絡いたします。

▶ STEP2カジュアル面談(1回のみ)

▶STEP3採用

※入社日のご相談OKです◎
お気軽にご相談ください!",,即日勤務OK、交通費支給、残業なし,2,任意,生年月日、性別、電話番号,ntf-indeedapplicant-aaaatulx77tci2k2pr5yeqapva@shukatsu-labo.slack.com,,,利用しない,,
募集中,日本マニュファクチャリングサービス株式会社,【未経験】軽作業スタッフ/日本マニュファクチャリングサービス株式会社/青梅市,倉庫作業スタッフ,20~30代活躍中◎初めての軽作業デビュー♪,,東京都 青梅市,,,正社員,はい,月給,250000,,最低額を表示,なし,,,,,,,固定時間制,160,,厚生年金、健康保険、雇用保険、労災保険,,なし,,,,,,,,,,,,,,,,,,"難しいことは一切なし！簡単なピッキングや仕分けといった軽作業からスタート。

・リストを見ながら商品を集めるピッキング
・出荷先ごとの簡単な仕分け・梱包
・届いた商品の検品や棚入れ　など

「倉庫作業は初めてで不安…」という方も大丈夫！
先輩の90%が未経験からデビューしています。手厚い研修制度があるから、軽作業が初めての方も安心して一歩を踏み出せる環境です。","【アピールポイント：ココが私たちの推し！】

✅土日祝休み
カレンダー通りのお休みだから、大型連休もしっかり確保。遠征や旅行のスケジュールも立てやすいのが魅力です。

✅職場は「好き」を語れる同志ばかり！
20代メインの職場で、休憩時間は推しトークで大盛り上がり。「ライブどうだった？」「新曲最高！」なんて会話が日常茶飯事です。

✅自分らしさを完全キープ！
髪色・ネイル・服装は自由。推しカラーをネイルに取り入れたり、お気に入りの服でモチベーションを上げたり、オシャレを楽しみながら働けます。

✅趣味の資金もコツコツ貯まる♪
頑張りは昇給でしっかり評価。楽しみながらスキルを磨いて、推し活をもっと充実させちゃいましょう！","例外事由3号のイにより、長期キャリア形成を図るため、
35歳以下を募集しております。","【勤務時間】
★9:00~18:00
└実働8時間/休憩1時間

定時ダッシュも問題ないです✧
✧ 土日祝休み
✧ 残業月平均:6.5時間以内
✧ 残業代100%支給","✧ 完全週休2日制(土日祝休み)
✧ 年間休日125日
「土日休みはマスト!」ってあなたにも
ぴったりの職場です!

【その他休暇】
✧ 有給休暇
✧ 夏季・冬季休暇
✧ GW休暇
✧ 年末年始休暇",東京都 青梅市,,"月給:25万円~+交通費全額支給

※経験に応じて決定いたします。

# 昇給あり
# 賞与あり
# 残業代100%支給
# 交通費支給","・社会保険完備
・住宅手当
・家賃補助
・退職金制度
・家族手当・扶養手当
・健康診断
・特別休暇
・資格取得支援制度","\\✧カジュアル面談実施中です✧/

応募に必要なのは人柄のみです!
まずはあなたのご希望を聞かせてください!

✩.。.....................。.✩
■ 応募からの流れ ■
✩.。.....................。.✩

▶STEP1WEBから1分簡単ご応募!
1~3日以内に担当者よりご連絡いたします。

▶ STEP2カジュアル面談(1回のみ)

▶STEP3採用

※入社日のご相談OKです◎
お気軽にご相談ください!",,即日勤務OK、交通費支給、残業なし,2,任意,生年月日、性別、電話番号,ntf-indeedapplicant-aaaatulx77tci2k2pr5yeqapva@shukatsu-labo.slack.com,,,利用しない,,
募集中,日本マニュファクチャリングサービス株式会社,【未経験】軽作業スタッフ/日本マニュファクチャリングサービス株式会社/羽村市,倉庫作業スタッフ,20~30代活躍中◎初めての軽作業デビュー♪,,東京都 羽村市,,,正社員,はい,月給,250000,,最低額を表示,なし,,,,,,,固定時間制,160,,厚生年金、健康保険、雇用保険、労災保険,,なし,,,,,,,,,,,,,,,,,,"難しいことは一切なし！簡単なピッキングや仕分けといった軽作業からスタート。

・リストを見ながら商品を集めるピッキング
・出荷先ごとの簡単な仕分け・梱包
・届いた商品の検品や棚入れ　など

「倉庫作業は初めてで不安…」という方も大丈夫！
先輩の90%が未経験からデビューしています。手厚い研修制度があるから、軽作業が初めての方も安心して一歩を踏み出せる環境です。","【アピールポイント：ココが私たちの推し！】

✅土日祝休み
カレンダー通りのお休みだから、大型連休もしっかり確保。遠征や旅行のスケジュールも立てやすいのが魅力です。

✅職場は「好き」を語れる同志ばかり！
20代メインの職場で、休憩時間は推しトークで大盛り上がり。「ライブどうだった？」「新曲最高！」なんて会話が日常茶飯事です。

✅自分らしさを完全キープ！
髪色・ネイル・服装は自由。推しカラーをネイルに取り入れたり、お気に入りの服でモチベーションを上げたり、オシャレを楽しみながら働けます。

✅趣味の資金もコツコツ貯まる♪
頑張りは昇給でしっかり評価。楽しみながらスキルを磨いて、推し活をもっと充実させちゃいましょう！","例外事由3号のイにより、長期キャリア形成を図るため、
35歳以下を募集しております。","【勤務時間】
★9:00~18:00
└実働8時間/休憩1時間

定時ダッシュも問題ないです✧
✧ 土日祝休み
✧ 残業月平均:6.5時間以内
✧ 残業代100%支給","✧ 完全週休2日制(土日祝休み)
✧ 年間休日125日
「土日休みはマスト!」ってあなたにも
ぴったりの職場です!

【その他休暇】
✧ 有給休暇
✧ 夏季・冬季休暇
✧ GW休暇
✧ 年末年始休暇",東京都 羽村市,,"月給:25万円~+交通費全額支給

※経験に応じて決定いたします。

# 昇給あり
# 賞与あり
# 残業代100%支給
# 交通費支給","・社会保険完備
・住宅手当
・家賃補助
・退職金制度
・家族手当・扶養手当
・健康診断
・特別休暇
・資格取得支援制度","\\✧カジュアル面談実施中です✧/

応募に必要なのは人柄のみです!
まずはあなたのご希望を聞かせてください!

✩.。.....................。.✩
■ 応募からの流れ ■
✩.。.....................。.✩

▶STEP1WEBから1分簡単ご応募!
1~3日以内に担当者よりご連絡いたします。

▶ STEP2カジュアル面談(1回のみ)

▶STEP3採用

※入社日のご相談OKです◎
お気軽にご相談ください!",,即日勤務OK、交通費支給、残業なし,2,任意,生年月日、性別、電話番号,ntf-indeedapplicant-aaaatulx77tci2k2pr5yeqapva@shukatsu-labo.slack.com,,,利用しない,,
募集中,日本マニュファクチャリングサービス株式会社,【未経験】軽作業スタッフ/日本マニュファクチャリングサービス株式会社/日野市,倉庫作業スタッフ,20~30代活躍中◎初めての軽作業デビュー♪,,東京都 日野市,,,正社員,はい,月給,250000,,最低額を表示,なし,,,,,,,固定時間制,160,,厚生年金、健康保険、雇用保険、労災保険,,なし,,,,,,,,,,,,,,,,,,"難しいことは一切なし！簡単なピッキングや仕分けといった軽作業からスタート。

・リストを見ながら商品を集めるピッキング
・出荷先ごとの簡単な仕分け・梱包
・届いた商品の検品や棚入れ　など

「倉庫作業は初めてで不安…」という方も大丈夫！
先輩の90%が未経験からデビューしています。手厚い研修制度があるから、軽作業が初めての方も安心して一歩を踏み出せる環境です。","【アピールポイント：ココが私たちの推し！】

✅土日祝休み
カレンダー通りのお休みだから、大型連休もしっかり確保。遠征や旅行のスケジュールも立てやすいのが魅力です。

✅職場は「好き」を語れる同志ばかり！
20代メインの職場で、休憩時間は推しトークで大盛り上がり。「ライブどうだった？」「新曲最高！」なんて会話が日常茶飯事です。

✅自分らしさを完全キープ！
髪色・ネイル・服装は自由。推しカラーをネイルに取り入れたり、お気に入りの服でモチベーションを上げたり、オシャレを楽しみながら働けます。

✅趣味の資金もコツコツ貯まる♪
頑張りは昇給でしっかり評価。楽しみながらスキルを磨いて、推し活をもっと充実させちゃいましょう！","例外事由3号のイにより、長期キャリア形成を図るため、
35歳以下を募集しております。","【勤務時間】
★9:00~18:00
└実働8時間/休憩1時間

定時ダッシュも問題ないです✧
✧ 土日祝休み
✧ 残業月平均:6.5時間以内
✧ 残業代100%支給","✧ 完全週休2日制(土日祝休み)
✧ 年間休日125日
「土日休みはマスト!」ってあなたにも
ぴったりの職場です!

【その他休暇】
✧ 有給休暇
✧ 夏季・冬季休暇
✧ GW休暇
✧ 年末年始休暇",東京都 日野市,,"月給:25万円~+交通費全額支給

※経験に応じて決定いたします。

# 昇給あり
# 賞与あり
# 残業代100%支給
# 交通費支給","・社会保険完備
・住宅手当
・家賃補助
・退職金制度
・家族手当・扶養手当
・健康診断
・特別休暇
・資格取得支援制度","\\✧カジュアル面談実施中です✧/

応募に必要なのは人柄のみです!
まずはあなたのご希望を聞かせてください!

✩.。.....................。.✩
■ 応募からの流れ ■
✩.。.....................。.✩

▶STEP1WEBから1分簡単ご応募!
1~3日以内に担当者よりご連絡いたします。

▶ STEP2カジュアル面談(1回のみ)

▶STEP3採用

※入社日のご相談OKです◎
お気軽にご相談ください!",,即日勤務OK、交通費支給、残業なし,2,任意,生年月日、性別、電話番号,ntf-indeedapplicant-aaaatulx77tci2k2pr5yeqapva@shukatsu-labo.slack.com,,,利用しない,,
募集中,日本マニュファクチャリングサービス株式会社,【未経験】軽作業スタッフ/日本マニュファクチャリングサービス株式会社/昭島市,倉庫作業スタッフ,20~30代活躍中◎初めての軽作業デビュー♪,,東京都 昭島市,,,正社員,はい,月給,250000,,最低額を表示,なし,,,,,,,固定時間制,160,,厚生年金、健康保険、雇用保険、労災保険,,なし,,,,,,,,,,,,,,,,,,"難しいことは一切なし！簡単なピッキングや仕分けといった軽作業からスタート。

・リストを見ながら商品を集めるピッキング
・出荷先ごとの簡単な仕分け・梱包
・届いた商品の検品や棚入れ　など

「倉庫作業は初めてで不安…」という方も大丈夫！
先輩の90%が未経験からデビューしています。手厚い研修制度があるから、軽作業が初めての方も安心して一歩を踏み出せる環境です。","【アピールポイント：ココが私たちの推し！】

✅土日祝休み
カレンダー通りのお休みだから、大型連休もしっかり確保。遠征や旅行のスケジュールも立てやすいのが魅力です。

✅職場は「好き」を語れる同志ばかり！
20代メインの職場で、休憩時間は推しトークで大盛り上がり。「ライブどうだった？」「新曲最高！」なんて会話が日常茶飯事です。

✅自分らしさを完全キープ！
髪色・ネイル・服装は自由。推しカラーをネイルに取り入れたり、お気に入りの服でモチベーションを上げたり、オシャレを楽しみながら働けます。

✅趣味の資金もコツコツ貯まる♪
頑張りは昇給でしっかり評価。楽しみながらスキルを磨いて、推し活をもっと充実させちゃいましょう！","例外事由3号のイにより、長期キャリア形成を図るため、
35歳以下を募集しております。","【勤務時間】
★9:00~18:00
└実働8時間/休憩1時間

定時ダッシュも問題ないです✧
✧ 土日祝休み
✧ 残業月平均:6.5時間以内
✧ 残業代100%支給","✧ 完全週休2日制(土日祝休み)
✧ 年間休日125日
「土日休みはマスト!」ってあなたにも
ぴったりの職場です!

【その他休暇】
✧ 有給休暇
✧ 夏季・冬季休暇
✧ GW休暇
✧ 年末年始休暇",東京都 昭島市,,"月給:25万円~+交通費全額支給

※経験に応じて決定いたします。

# 昇給あり
# 賞与あり
# 残業代100%支給
# 交通費支給","・社会保険完備
・住宅手当
・家賃補助
・退職金制度
・家族手当・扶養手当
・健康診断
・特別休暇
・資格取得支援制度","\\✧カジュアル面談実施中です✧/

応募に必要なのは人柄のみです!
まずはあなたのご希望を聞かせてください!

✩.。.....................。.✩
■ 応募からの流れ ■
✩.。.....................。.✩

▶STEP1WEBから1分簡単ご応募!
1~3日以内に担当者よりご連絡いたします。

▶ STEP2カジュアル面談(1回のみ)

▶STEP3採用

※入社日のご相談OKです◎
お気軽にご相談ください!",,即日勤務OK、交通費支給、残業なし,2,任意,生年月日、性別、電話番号,ntf-indeedapplicant-aaaatulx77tci2k2pr5yeqapva@shukatsu-labo.slack.com,,,利用しない,,
募集中,日本マニュファクチャリングサービス株式会社,【未経験】軽作業スタッフ/日本マニュファクチャリングサービス株式会社/八王子市,倉庫作業スタッフ,20~30代活躍中◎初めての軽作業デビュー♪,,東京都 八王子市,,,正社員,はい,月給,250000,,最低額を表示,なし,,,,,,,固定時間制,160,,厚生年金、健康保険、雇用保険、労災保険,,なし,,,,,,,,,,,,,,,,,,"難しいことは一切なし！簡単なピッキングや仕分けといった軽作業からスタート。

・リストを見ながら商品を集めるピッキング
・出荷先ごとの簡単な仕分け・梱包
・届いた商品の検品や棚入れ　など

「倉庫作業は初めてで不安…」という方も大丈夫！
先輩の90%が未経験からデビューしています。手厚い研修制度があるから、軽作業が初めての方も安心して一歩を踏み出せる環境です。","【アピールポイント：ココが私たちの推し！】

✅土日祝休み
カレンダー通りのお休みだから、大型連休もしっかり確保。遠征や旅行のスケジュールも立てやすいのが魅力です。

✅職場は「好き」を語れる同志ばかり！
20代メインの職場で、休憩時間は推しトークで大盛り上がり。「ライブどうだった？」「新曲最高！」なんて会話が日常茶飯事です。

✅自分らしさを完全キープ！
髪色・ネイル・服装は自由。推しカラーをネイルに取り入れたり、お気に入りの服でモチベーションを上げたり、オシャレを楽しみながら働けます。

✅趣味の資金もコツコツ貯まる♪
頑張りは昇給でしっかり評価。楽しみながらスキルを磨いて、推し活をもっと充実させちゃいましょう！","例外事由3号のイにより、長期キャリア形成を図るため、
35歳以下を募集しております。","【勤務時間】
★9:00~18:00
└実働8時間/休憩1時間

定時ダッシュも問題ないです✧
✧ 土日祝休み
✧ 残業月平均:6.5時間以内
✧ 残業代100%支給","✧ 完全週休2日制(土日祝休み)
✧ 年間休日125日
「土日休みはマスト!」ってあなたにも
ぴったりの職場です!

【その他休暇】
✧ 有給休暇
✧ 夏季・冬季休暇
✧ GW休暇
✧ 年末年始休暇",東京都 八王子市,,"月給:25万円~+交通費全額支給

※経験に応じて決定いたします。

# 昇給あり
# 賞与あり
# 残業代100%支給
# 交通費支給","・社会保険完備
・住宅手当
・家賃補助
・退職金制度
・家族手当・扶養手当
・健康診断
・特別休暇
・資格取得支援制度","\\✧カジュアル面談実施中です✧/

応募に必要なのは人柄のみです!
まずはあなたのご希望を聞かせてください!

✩.。.....................。.✩
■ 応募からの流れ ■
✩.。.....................。.✩

▶STEP1WEBから1分簡単ご応募!
1~3日以内に担当者よりご連絡いたします。

▶ STEP2カジュアル面談(1回のみ)

▶STEP3採用

※入社日のご相談OKです◎
お気軽にご相談ください!",,即日勤務OK、交通費支給、残業なし,2,任意,生年月日、性別、電話番号,ntf-indeedapplicant-aaaatulx77tci2k2pr5yeqapva@shukatsu-labo.slack.com,,,利用しない,,
募集中,日本マニュファクチャリングサービス株式会社,【未経験】軽作業スタッフ/日本マニュファクチャリングサービス株式会社/大田区,倉庫作業スタッフ,20~30代活躍中◎初めての軽作業デビュー♪,,東京都 大田区,,,正社員,はい,月給,250000,,最低額を表示,なし,,,,,,,固定時間制,160,,厚生年金、健康保険、雇用保険、労災保険,,なし,,,,,,,,,,,,,,,,,,"難しいことは一切なし！簡単なピッキングや仕分けといった軽作業からスタート。

・リストを見ながら商品を集めるピッキング
・出荷先ごとの簡単な仕分け・梱包
・届いた商品の検品や棚入れ　など

「倉庫作業は初めてで不安…」という方も大丈夫！
先輩の90%が未経験からデビューしています。手厚い研修制度があるから、軽作業が初めての方も安心して一歩を踏み出せる環境です。","【アピールポイント：ココが私たちの推し！】

✅土日祝休み
カレンダー通りのお休みだから、大型連休もしっかり確保。遠征や旅行のスケジュールも立てやすいのが魅力です。

✅職場は「好き」を語れる同志ばかり！
20代メインの職場で、休憩時間は推しトークで大盛り上がり。「ライブどうだった？」「新曲最高！」なんて会話が日常茶飯事です。

✅自分らしさを完全キープ！
髪色・ネイル・服装は自由。推しカラーをネイルに取り入れたり、お気に入りの服でモチベーションを上げたり、オシャレを楽しみながら働けます。

✅趣味の資金もコツコツ貯まる♪
頑張りは昇給でしっかり評価。楽しみながらスキルを磨いて、推し活をもっと充実させちゃいましょう！","例外事由3号のイにより、長期キャリア形成を図るため、
35歳以下を募集しております。","【勤務時間】
★9:00~18:00
└実働8時間/休憩1時間

定時ダッシュも問題ないです✧
✧ 土日祝休み
✧ 残業月平均:6.5時間以内
✧ 残業代100%支給","✧ 完全週休2日制(土日祝休み)
✧ 年間休日125日
「土日休みはマスト!」ってあなたにも
ぴったりの職場です!

【その他休暇】
✧ 有給休暇
✧ 夏季・冬季休暇
✧ GW休暇
✧ 年末年始休暇",東京都 大田区,,"月給:25万円~+交通費全額支給

※経験に応じて決定いたします。

# 昇給あり
# 賞与あり
# 残業代100%支給
# 交通費支給","・社会保険完備
・住宅手当
・家賃補助
・退職金制度
・家族手当・扶養手当
・健康診断
・特別休暇
・資格取得支援制度","\\✧カジュアル面談実施中です✧/

応募に必要なのは人柄のみです!
まずはあなたのご希望を聞かせてください!

✩.。.....................。.✩
■ 応募からの流れ ■
✩.。.....................。.✩

▶STEP1WEBから1分簡単ご応募!
1~3日以内に担当者よりご連絡いたします。

▶ STEP2カジュアル面談(1回のみ)

▶STEP3採用

※入社日のご相談OKです◎
お気軽にご相談ください!",,即日勤務OK、交通費支給、残業なし,2,任意,生年月日、性別、電話番号,ntf-indeedapplicant-aaaatulx77tci2k2pr5yeqapva@shukatsu-labo.slack.com,,,利用しない,,
募集中,日本マニュファクチャリングサービス株式会社,【未経験】軽作業スタッフ/日本マニュファクチャリングサービス株式会社/千代田区,倉庫作業スタッフ,20~30代活躍中◎初めての軽作業デビュー♪,,東京都 千代田区,,,正社員,はい,月給,250000,,最低額を表示,なし,,,,,,,固定時間制,160,,厚生年金、健康保険、雇用保険、労災保険,,なし,,,,,,,,,,,,,,,,,,"難しいことは一切なし！簡単なピッキングや仕分けといった軽作業からスタート。

・リストを見ながら商品を集めるピッキング
・出荷先ごとの簡単な仕分け・梱包
・届いた商品の検品や棚入れ　など

「倉庫作業は初めてで不安…」という方も大丈夫！
先輩の90%が未経験からデビューしています。手厚い研修制度があるから、軽作業が初めての方も安心して一歩を踏み出せる環境です。","【アピールポイント：ココが私たちの推し！】

✅土日祝休み
カレンダー通りのお休みだから、大型連休もしっかり確保。遠征や旅行のスケジュールも立てやすいのが魅力です。

✅職場は「好き」を語れる同志ばかり！
20代メインの職場で、休憩時間は推しトークで大盛り上がり。「ライブどうだった？」「新曲最高！」なんて会話が日常茶飯事です。

✅自分らしさを完全キープ！
髪色・ネイル・服装は自由。推しカラーをネイルに取り入れたり、お気に入りの服でモチベーションを上げたり、オシャレを楽しみながら働けます。

✅趣味の資金もコツコツ貯まる♪
頑張りは昇給でしっかり評価。楽しみながらスキルを磨いて、推し活をもっと充実させちゃいましょう！","例外事由3号のイにより、長期キャリア形成を図るため、
35歳以下を募集しております。","【勤務時間】
★9:00~18:00
└実働8時間/休憩1時間

定時ダッシュも問題ないです✧
✧ 土日祝休み
✧ 残業月平均:6.5時間以内
✧ 残業代100%支給","✧ 完全週休2日制(土日祝休み)
✧ 年間休日125日
「土日休みはマスト!」ってあなたにも
ぴったりの職場です!

【その他休暇】
✧ 有給休暇
✧ 夏季・冬季休暇
✧ GW休暇
✧ 年末年始休暇",東京都 千代田区,,"月給:25万円~+交通費全額支給

※経験に応じて決定いたします。

# 昇給あり
# 賞与あり
# 残業代100%支給
# 交通費支給","・社会保険完備
・住宅手当
・家賃補助
・退職金制度
・家族手当・扶養手当
・健康診断
・特別休暇
・資格取得支援制度","\\✧カジュアル面談実施中です✧/

応募に必要なのは人柄のみです!
まずはあなたのご希望を聞かせてください!

✩.。.....................。.✩
■ 応募からの流れ ■
✩.。.....................。.✩

▶STEP1WEBから1分簡単ご応募!
1~3日以内に担当者よりご連絡いたします。

▶ STEP2カジュアル面談(1回のみ)

▶STEP3採用

※入社日のご相談OKです◎
お気軽にご相談ください!",,即日勤務OK、交通費支給、残業なし,2,任意,生年月日、性別、電話番号,ntf-indeedapplicant-aaaatulx77tci2k2pr5yeqapva@shukatsu-labo.slack.com,,,利用しない,,
募集中,株式会社エイジェック,【未経験】軽作業/株式会社エイジェック/本社・新宿雇用開発センター,倉庫作業スタッフ,20~30代活躍中◎初めての軽作業デビュー♪,,東京都 新宿区 西新宿,,,正社員,はい,月給,250000,,最低額を表示,なし,,,,,,,固定時間制,160,,厚生年金、健康保険、雇用保険、労災保険,,なし,,,,,,,,,,,,,,,,,,"難しいことは一切なし！簡単なピッキングや仕分けといった軽作業からスタート。

・リストを見ながら商品を集めるピッキング
・出荷先ごとの簡単な仕分け・梱包
・届いた商品の検品や棚入れ　など

「倉庫作業は初めてで不安…」という方も大丈夫！
先輩の90%が未経験からデビューしています。手厚い研修制度があるから、軽作業が初めての方も安心して一歩を踏み出せる環境です。","【アピールポイント：ココが私たちの推し！】

✅土日祝休み
カレンダー通りのお休みだから、大型連休もしっかり確保。遠征や旅行のスケジュールも立てやすいのが魅力です。

✅職場は「好き」を語れる同志ばかり！
20代メインの職場で、休憩時間は推しトークで大盛り上がり。「ライブどうだった？」「新曲最高！」なんて会話が日常茶飯事です。

✅自分らしさを完全キープ！
髪色・ネイル・服装は自由。推しカラーをネイルに取り入れたり、お気に入りの服でモチベーションを上げたり、オシャレを楽しみながら働けます。

✅趣味の資金もコツコツ貯まる♪
頑張りは昇給でしっかり評価。楽しみながらスキルを磨いて、推し活をもっと充実させちゃいましょう！","例外事由3号のイにより、長期キャリア形成を図るため、
35歳以下を募集しております。","【勤務時間】
★9:00~18:00
└実働8時間/休憩1時間

定時ダッシュも問題ないです✧
✧ 土日祝休み
✧ 残業月平均:6.5時間以内
✧ 残業代100%支給","✧ 完全週休2日制(土日祝休み)
✧ 年間休日125日
「土日休みはマスト!」ってあなたにも
ぴったりの職場です!

【その他休暇】
✧ 有給休暇
✧ 夏季・冬季休暇
✧ GW休暇
✧ 年末年始休暇",東京都新宿区西新宿1-25-1 新宿センタービル46F,本社・新宿雇用開発センター,"月給:25万円~+交通費全額支給

※経験に応じて決定いたします。

# 昇給あり
# 賞与あり
# 残業代100%支給
# 交通費支給","・社会保険完備
・住宅手当
・家賃補助
・退職金制度
・家族手当・扶養手当
・健康診断
・特別休暇
・資格取得支援制度","\\✧カジュアル面談実施中です✧/

応募に必要なのは人柄のみです!
まずはあなたのご希望を聞かせてください!

✩.。.....................。.✩
■ 応募からの流れ ■
✩.。.....................。.✩

▶STEP1WEBから1分簡単ご応募!
1~3日以内に担当者よりご連絡いたします。

▶ STEP2カジュアル面談(1回のみ)

▶STEP3採用

※入社日のご相談OKです◎
お気軽にご相談ください!",,即日勤務OK、交通費支給、残業なし,2,任意,生年月日、性別、電話番号,ntf-indeedapplicant-aaaatulx77tci2k2pr5yeqapva@shukatsu-labo.slack.com,,,利用しない,,
募集中,株式会社エイジェック,【未経験】軽作業/株式会社エイジェック/新宿西雇用開発センター,倉庫作業スタッフ,20~30代活躍中◎初めての軽作業デビュー♪,,東京都 新宿区 西新宿,,,正社員,はい,月給,250000,,最低額を表示,なし,,,,,,,固定時間制,160,,厚生年金、健康保険、雇用保険、労災保険,,なし,,,,,,,,,,,,,,,,,,"難しいことは一切なし！簡単なピッキングや仕分けといった軽作業からスタート。

・リストを見ながら商品を集めるピッキング
・出荷先ごとの簡単な仕分け・梱包
・届いた商品の検品や棚入れ　など

「倉庫作業は初めてで不安…」という方も大丈夫！
先輩の90%が未経験からデビューしています。手厚い研修制度があるから、軽作業が初めての方も安心して一歩を踏み出せる環境です。","【アピールポイント：ココが私たちの推し！】

✅土日祝休み
カレンダー通りのお休みだから、大型連休もしっかり確保。遠征や旅行のスケジュールも立てやすいのが魅力です。

✅職場は「好き」を語れる同志ばかり！
20代メインの職場で、休憩時間は推しトークで大盛り上がり。「ライブどうだった？」「新曲最高！」なんて会話が日常茶飯事です。

✅自分らしさを完全キープ！
髪色・ネイル・服装は自由。推しカラーをネイルに取り入れたり、お気に入りの服でモチベーションを上げたり、オシャレを楽しみながら働けます。

✅趣味の資金もコツコツ貯まる♪
頑張りは昇給でしっかり評価。楽しみながらスキルを磨いて、推し活をもっと充実させちゃいましょう！","例外事由3号のイにより、長期キャリア形成を図るため、
35歳以下を募集しております。","【勤務時間】
★9:00~18:00
└実働8時間/休憩1時間

定時ダッシュも問題ないです✧
✧ 土日祝休み
✧ 残業月平均:6.5時間以内
✧ 残業代100%支給","✧ 完全週休2日制(土日祝休み)
✧ 年間休日125日
「土日休みはマスト!」ってあなたにも
ぴったりの職場です!

【その他休暇】
✧ 有給休暇
✧ 夏季・冬季休暇
✧ GW休暇
✧ 年末年始休暇",東京都新宿区西新宿7-4-4,新宿西雇用開発センター,"月給:25万円~+交通費全額支給

※経験に応じて決定いたします。

# 昇給あり
# 賞与あり
# 残業代100%支給
# 交通費支給","・社会保険完備
・住宅手当
・家賃補助
・退職金制度
・家族手当・扶養手当
・健康診断
・特別休暇
・資格取得支援制度","\\✧カジュアル面談実施中です✧/

応募に必要なのは人柄のみです!
まずはあなたのご希望を聞かせてください!

✩.。.....................。.✩
■ 応募からの流れ ■
✩.。.....................。.✩

▶STEP1WEBから1分簡単ご応募!
1~3日以内に担当者よりご連絡いたします。

▶ STEP2カジュアル面談(1回のみ)

▶STEP3採用

※入社日のご相談OKです◎
お気軽にご相談ください!",,即日勤務OK、交通費支給、残業なし,2,任意,生年月日、性別、電話番号,ntf-indeedapplicant-aaaatulx77tci2k2pr5yeqapva@shukatsu-labo.slack.com,,,利用しない,,
募集中,株式会社エイジェック,【未経験】軽作業/株式会社エイジェック/御徒町業務管理センター,倉庫作業スタッフ,20~30代活躍中◎初めての軽作業デビュー♪,,東京都 台東区 上野,,,正社員,はい,月給,250000,,最低額を表示,なし,,,,,,,固定時間制,160,,厚生年金、健康保険、雇用保険、労災保険,,なし,,,,,,,,,,,,,,,,,,"難しいことは一切なし！簡単なピッキングや仕分けといった軽作業からスタート。

・リストを見ながら商品を集めるピッキング
・出荷先ごとの簡単な仕分け・梱包
・届いた商品の検品や棚入れ　など

「倉庫作業は初めてで不安…」という方も大丈夫！
先輩の90%が未経験からデビューしています。手厚い研修制度があるから、軽作業が初めての方も安心して一歩を踏み出せる環境です。","【アピールポイント：ココが私たちの推し！】

✅土日祝休み
カレンダー通りのお休みだから、大型連休もしっかり確保。遠征や旅行のスケジュールも立てやすいのが魅力です。

✅職場は「好き」を語れる同志ばかり！
20代メインの職場で、休憩時間は推しトークで大盛り上がり。「ライブどうだった？」「新曲最高！」なんて会話が日常茶飯事です。

✅自分らしさを完全キープ！
髪色・ネイル・服装は自由。推しカラーをネイルに取り入れたり、お気に入りの服でモチベーションを上げたり、オシャレを楽しみながら働けます。

✅趣味の資金もコツコツ貯まる♪
頑張りは昇給でしっかり評価。楽しみながらスキルを磨いて、推し活をもっと充実させちゃいましょう！","例外事由3号のイにより、長期キャリア形成を図るため、
35歳以下を募集しております。","【勤務時間】
★9:00~18:00
└実働8時間/休憩1時間

定時ダッシュも問題ないです✧
✧ 土日祝休み
✧ 残業月平均:6.5時間以内
✧ 残業代100%支給","✧ 完全週休2日制(土日祝休み)
✧ 年間休日125日
「土日休みはマスト!」ってあなたにも
ぴったりの職場です!

【その他休暇】
✧ 有給休暇
✧ 夏季・冬季休暇
✧ GW休暇
✧ 年末年始休暇",東京都台東区上野,御徒町業務管理センター,"月給:25万円~+交通費全額支給

※経験に応じて決定いたします。

# 昇給あり
# 賞与あり
# 残業代100%支給
# 交通費支給","・社会保険完備
・住宅手当
・家賃補助
・退職金制度
・家族手当・扶養手当
・健康診断
・特別休暇
・資格取得支援制度","\\✧カジュアル面談実施中です✧/

応募に必要なのは人柄のみです!
まずはあなたのご希望を聞かせてください!

✩.。.....................。.✩
■ 応募からの流れ ■
✩.。.....................。.✩

▶STEP1WEBから1分簡単ご応募!
1~3日以内に担当者よりご連絡いたします。

▶ STEP2カジュアル面談(1回のみ)

▶STEP3採用

※入社日のご相談OKです◎
お気軽にご相談ください!",,即日勤務OK、交通費支給、残業なし,2,任意,生年月日、性別、電話番号,ntf-indeedapplicant-aaaatulx77tci2k2pr5yeqapva@shukatsu-labo.slack.com,,,利用しない,,
募集中,株式会社エイジェック,【未経験】軽作業/株式会社エイジェック/丸の内インノベーションセンター,倉庫作業スタッフ,20~30代活躍中◎初めての軽作業デビュー♪,,東京都 千代田区 丸の内,,,正社員,はい,月給,250000,,最低額を表示,なし,,,,,,,固定時間制,160,,厚生年金、健康保険、雇用保険、労災保険,,なし,,,,,,,,,,,,,,,,,,"難しいことは一切なし！簡単なピッキングや仕分けといった軽作業からスタート。

・リストを見ながら商品を集めるピッキング
・出荷先ごとの簡単な仕分け・梱包
・届いた商品の検品や棚入れ　など

「倉庫作業は初めてで不安…」という方も大丈夫！
先輩の90%が未経験からデビューしています。手厚い研修制度があるから、軽作業が初めての方も安心して一歩を踏み出せる環境です。","【アピールポイント：ココが私たちの推し！】

✅土日祝休み
カレンダー通りのお休みだから、大型連休もしっかり確保。遠征や旅行のスケジュールも立てやすいのが魅力です。

✅職場は「好き」を語れる同志ばかり！
20代メインの職場で、休憩時間は推しトークで大盛り上がり。「ライブどうだった？」「新曲最高！」なんて会話が日常茶飯事です。

✅自分らしさを完全キープ！
髪色・ネイル・服装は自由。推しカラーをネイルに取り入れたり、お気に入りの服でモチベーションを上げたり、オシャレを楽しみながら働けます。

✅趣味の資金もコツコツ貯まる♪
頑張りは昇給でしっかり評価。楽しみながらスキルを磨いて、推し活をもっと充実させちゃいましょう！","例外事由3号のイにより、長期キャリア形成を図るため、
35歳以下を募集しております。","【勤務時間】
★9:00~18:00
└実働8時間/休憩1時間

定時ダッシュも問題ないです✧
✧ 土日祝休み
✧ 残業月平均:6.5時間以内
✧ 残業代100%支給","✧ 完全週休2日制(土日祝休み)
✧ 年間休日125日
「土日休みはマスト!」ってあなたにも
ぴったりの職場です!

【その他休暇】
✧ 有給休暇
✧ 夏季・冬季休暇
✧ GW休暇
✧ 年末年始休暇",東京都千代田区丸の内1-11-1 パシフィックセンチュリープレイス丸の内16F,丸の内インノベーションセンター,"月給:25万円~+交通費全額支給

※経験に応じて決定いたします。

# 昇給あり
# 賞与あり
# 残業代100%支給
# 交通費支給","・社会保険完備
・住宅手当
・家賃補助
・退職金制度
・家族手当・扶養手当
・健康診断
・特別休暇
・資格取得支援制度","\\✧カジュアル面談実施中です✧/

応募に必要なのは人柄のみです!
まずはあなたのご希望を聞かせてください!

✩.。.....................。.✩
■ 応募からの流れ ■
✩.。.....................。.✩

▶STEP1WEBから1分簡単ご応募!
1~3日以内に担当者よりご連絡いたします。

▶ STEP2カジュアル面談(1回のみ)

▶STEP3採用

※入社日のご相談OKです◎
お気軽にご相談ください!",,即日勤務OK、交通費支給、残業なし,2,任意,生年月日、性別、電話番号,ntf-indeedapplicant-aaaatulx77tci2k2pr5yeqapva@shukatsu-labo.slack.com,,,利用しない,,
募集中,株式会社エイジェック,【未経験】軽作業/株式会社エイジェック/品川雇用開発センター,倉庫作業スタッフ,20~30代活躍中◎初めての軽作業デビュー♪,,東京都 港区 港南,,,正社員,はい,月給,250000,,最低額を表示,なし,,,,,,,固定時間制,160,,厚生年金、健康保険、雇用保険、労災保険,,なし,,,,,,,,,,,,,,,,,,"難しいことは一切なし！簡単なピッキングや仕分けといった軽作業からスタート。

・リストを見ながら商品を集めるピッキング
・出荷先ごとの簡単な仕分け・梱包
・届いた商品の検品や棚入れ　など

「倉庫作業は初めてで不安…」という方も大丈夫！
先輩の90%が未経験からデビューしています。手厚い研修制度があるから、軽作業が初めての方も安心して一歩を踏み出せる環境です。","【アピールポイント：ココが私たちの推し！】

✅土日祝休み
カレンダー通りのお休みだから、大型連休もしっかり確保。遠征や旅行のスケジュールも立てやすいのが魅力です。

✅職場は「好き」を語れる同志ばかり！
20代メインの職場で、休憩時間は推しトークで大盛り上がり。「ライブどうだった？」「新曲最高！」なんて会話が日常茶飯事です。

✅自分らしさを完全キープ！
髪色・ネイル・服装は自由。推しカラーをネイルに取り入れたり、お気に入りの服でモチベーションを上げたり、オシャレを楽しみながら働けます。

✅趣味の資金もコツコツ貯まる♪
頑張りは昇給でしっかり評価。楽しみながらスキルを磨いて、推し活をもっと充実させちゃいましょう！","例外事由3号のイにより、長期キャリア形成を図るため、
35歳以下を募集しております。","【勤務時間】
★9:00~18:00
└実働8時間/休憩1時間

定時ダッシュも問題ないです✧
✧ 土日祝休み
✧ 残業月平均:6.5時間以内
✧ 残業代100%支給","✧ 完全週休2日制(土日祝休み)
✧ 年間休日125日
「土日休みはマスト!」ってあなたにも
ぴったりの職場です!

【その他休暇】
✧ 有給休暇
✧ 夏季・冬季休暇
✧ GW休暇
✧ 年末年始休暇",東京都港区港南2-16-4 品川グランドセントラルタワー7F,品川雇用開発センター,"月給:25万円~+交通費全額支給

※経験に応じて決定いたします。

# 昇給あり
# 賞与あり
# 残業代100%支給
# 交通費支給","・社会保険完備
・住宅手当
・家賃補助
・退職金制度
・家族手当・扶養手当
・健康診断
・特別休暇
・資格取得支援制度","\\✧カジュアル面談実施中です✧/

応募に必要なのは人柄のみです!
まずはあなたのご希望を聞かせてください!

✩.。.....................。.✩
■ 応募からの流れ ■
✩.。.....................。.✩

▶STEP1WEBから1分簡単ご応募!
1~3日以内に担当者よりご連絡いたします。

▶ STEP2カジュアル面談(1回のみ)

▶STEP3採用

※入社日のご相談OKです◎
お気軽にご相談ください!",,即日勤務OK、交通費支給、残業なし,2,任意,生年月日、性別、電話番号,ntf-indeedapplicant-aaaatulx77tci2k2pr5yeqapva@shukatsu-labo.slack.com,,,利用しない,,
募集中,株式会社エイジェック,【未経験】軽作業/株式会社エイジェック/八王子雇用開発センター,倉庫作業スタッフ,20~30代活躍中◎初めての軽作業デビュー♪,,東京都 八王子市 東町,,,正社員,はい,月給,250000,,最低額を表示,なし,,,,,,,固定時間制,160,,厚生年金、健康保険、雇用保険、労災保険,,なし,,,,,,,,,,,,,,,,,,"難しいことは一切なし！簡単なピッキングや仕分けといった軽作業からスタート。

・リストを見ながら商品を集めるピッキング
・出荷先ごとの簡単な仕分け・梱包
・届いた商品の検品や棚入れ　など

「倉庫作業は初めてで不安…」という方も大丈夫！
先輩の90%が未経験からデビューしています。手厚い研修制度があるから、軽作業が初めての方も安心して一歩を踏み出せる環境です。","【アピールポイント：ココが私たちの推し！】

✅土日祝休み
カレンダー通りのお休みだから、大型連休もしっかり確保。遠征や旅行のスケジュールも立てやすいのが魅力です。

✅職場は「好き」を語れる同志ばかり！
20代メインの職場で、休憩時間は推しトークで大盛り上がり。「ライブどうだった？」「新曲最高！」なんて会話が日常茶飯事です。

✅自分らしさを完全キープ！
髪色・ネイル・服装は自由。推しカラーをネイルに取り入れたり、お気に入りの服でモチベーションを上げたり、オシャレを楽しみながら働けます。

✅趣味の資金もコツコツ貯まる♪
頑張りは昇給でしっかり評価。楽しみながらスキルを磨いて、推し活をもっと充実させちゃいましょう！","例外事由3号のイにより、長期キャリア形成を図るため、
35歳以下を募集しております。","【勤務時間】
★9:00~18:00
└実働8時間/休憩1時間

定時ダッシュも問題ないです✧
✧ 土日祝休み
✧ 残業月平均:6.5時間以内
✧ 残業代100%支給","✧ 完全週休2日制(土日祝休み)
✧ 年間休日125日
「土日休みはマスト!」ってあなたにも
ぴったりの職場です!

【その他休暇】
✧ 有給休暇
✧ 夏季・冬季休暇
✧ GW休暇
✧ 年末年始休暇",東京都八王子市東町,八王子雇用開発センター,"月給:25万円~+交通費全額支給

※経験に応じて決定いたします。

# 昇給あり
# 賞与あり
# 残業代100%支給
# 交通費支給","・社会保険完備
・住宅手当
・家賃補助
・退職金制度
・家族手当・扶養手当
・健康診断
・特別休暇
・資格取得支援制度","\\✧カジュアル面談実施中です✧/

応募に必要なのは人柄のみです!
まずはあなたのご希望を聞かせてください!

✩.。.....................。.✩
■ 応募からの流れ ■
✩.。.....................。.✩

▶STEP1WEBから1分簡単ご応募!
1~3日以内に担当者よりご連絡いたします。

▶ STEP2カジュアル面談(1回のみ)

▶STEP3採用

※入社日のご相談OKです◎
お気軽にご相談ください!",,即日勤務OK、交通費支給、残業なし,2,任意,生年月日、性別、電話番号,ntf-indeedapplicant-aaaatulx77tci2k2pr5yeqapva@shukatsu-labo.slack.com,,,利用しない,,
募集中,株式会社エイジェック,【未経験】軽作業/株式会社エイジェック/立川雇用開発センター,倉庫作業スタッフ,20~30代活躍中◎初めての軽作業デビュー♪,,東京都 立川市 曙町,,,正社員,はい,月給,250000,,最低額を表示,なし,,,,,,,固定時間制,160,,厚生年金、健康保険、雇用保険、労災保険,,なし,,,,,,,,,,,,,,,,,,"難しいことは一切なし！簡単なピッキングや仕分けといった軽作業からスタート。

・リストを見ながら商品を集めるピッキング
・出荷先ごとの簡単な仕分け・梱包
・届いた商品の検品や棚入れ　など

「倉庫作業は初めてで不安…」という方も大丈夫！
先輩の90%が未経験からデビューしています。手厚い研修制度があるから、軽作業が初めての方も安心して一歩を踏み出せる環境です。","【アピールポイント：ココが私たちの推し！】

✅土日祝休み
カレンダー通りのお休みだから、大型連休もしっかり確保。遠征や旅行のスケジュールも立てやすいのが魅力です。

✅職場は「好き」を語れる同志ばかり！
20代メインの職場で、休憩時間は推しトークで大盛り上がり。「ライブどうだった？」「新曲最高！」なんて会話が日常茶飯事です。

✅自分らしさを完全キープ！
髪色・ネイル・服装は自由。推しカラーをネイルに取り入れたり、お気に入りの服でモチベーションを上げたり、オシャレを楽しみながら働けます。

✅趣味の資金もコツコツ貯まる♪
頑張りは昇給でしっかり評価。楽しみながらスキルを磨いて、推し活をもっと充実させちゃいましょう！","例外事由3号のイにより、長期キャリア形成を図るため、
35歳以下を募集しております。","【勤務時間】
★9:00~18:00
└実働8時間/休憩1時間

定時ダッシュも問題ないです✧
✧ 土日祝休み
✧ 残業月平均:6.5時間以内
✧ 残業代100%支給","✧ 完全週休2日制(土日祝休み)
✧ 年間休日125日
「土日休みはマスト!」ってあなたにも
ぴったりの職場です!

【その他休暇】
✧ 有給休暇
✧ 夏季・冬季休暇
✧ GW休暇
✧ 年末年始休暇",東京都立川市曙町,立川雇用開発センター,"月給:25万円~+交通費全額支給

※経験に応じて決定いたします。

# 昇給あり
# 賞与あり
# 残業代100%支給
# 交通費支給","・社会保険完備
・住宅手当
・家賃補助
・退職金制度
・家族手当・扶養手当
・健康診断
・特別休暇
・資格取得支援制度","\\✧カジュアル面談実施中です✧/

応募に必要なのは人柄のみです!
まずはあなたのご希望を聞かせてください!

✩.。.....................。.✩
■ 応募からの流れ ■
✩.。.....................。.✩

▶STEP1WEBから1分簡単ご応募!
1~3日以内に担当者よりご連絡いたします。

▶ STEP2カジュアル面談(1回のみ)

▶STEP3採用

※入社日のご相談OKです◎
お気軽にご相談ください!",,即日勤務OK、交通費支給、残業なし,2,任意,生年月日、性別、電話番号,ntf-indeedapplicant-aaaatulx77tci2k2pr5yeqapva@shukatsu-labo.slack.com,,,利用しない,,
募集中,株式会社エイジェック,【未経験】軽作業/株式会社エイジェック/横浜雇用開発センター,倉庫作業スタッフ,20~30代活躍中◎初めての軽作業デビュー♪,,神奈川県 横浜市 西区 みなとみらい,,,正社員,はい,月給,250000,,最低額を表示,なし,,,,,,,固定時間制,160,,厚生年金、健康保険、雇用保険、労災保険,,なし,,,,,,,,,,,,,,,,,,"難しいことは一切なし！簡単なピッキングや仕分けといった軽作業からスタート。

・リストを見ながら商品を集めるピッキング
・出荷先ごとの簡単な仕分け・梱包
・届いた商品の検品や棚入れ　など

「倉庫作業は初めてで不安…」という方も大丈夫！
先輩の90%が未経験からデビューしています。手厚い研修制度があるから、軽作業が初めての方も安心して一歩を踏み出せる環境です。","【アピールポイント：ココが私たちの推し！】

✅土日祝休み
カレンダー通りのお休みだから、大型連休もしっかり確保。遠征や旅行のスケジュールも立てやすいのが魅力です。

✅職場は「好き」を語れる同志ばかり！
20代メインの職場で、休憩時間は推しトークで大盛り上がり。「ライブどうだった？」「新曲最高！」なんて会話が日常茶飯事です。

✅自分らしさを完全キープ！
髪色・ネイル・服装は自由。推しカラーをネイルに取り入れたり、お気に入りの服でモチベーションを上げたり、オシャレを楽しみながら働けます。

✅趣味の資金もコツコツ貯まる♪
頑張りは昇給でしっかり評価。楽しみながらスキルを磨いて、推し活をもっと充実させちゃいましょう！","例外事由3号のイにより、長期キャリア形成を図るため、
35歳以下を募集しております。","【勤務時間】
★9:00~18:00
└実働8時間/休憩1時間

定時ダッシュも問題ないです✧
✧ 土日祝休み
✧ 残業月平均:6.5時間以内
✧ 残業代100%支給","✧ 完全週休2日制(土日祝休み)
✧ 年間休日125日
「土日休みはマスト!」ってあなたにも
ぴったりの職場です!

【その他休暇】
✧ 有給休暇
✧ 夏季・冬季休暇
✧ GW休暇
✧ 年末年始休暇",神奈川県横浜市西区みなとみらい2-3-5 クイーンズタワーC棟9F,横浜雇用開発センター,"月給:25万円~+交通費全額支給

※経験に応じて決定いたします。

# 昇給あり
# 賞与あり
# 残業代100%支給
# 交通費支給","・社会保険完備
・住宅手当
・家賃補助
・退職金制度
・家族手当・扶養手当
・健康診断
・特別休暇
・資格取得支援制度","\\✧カジュアル面談実施中です✧/

応募に必要なのは人柄のみです!
まずはあなたのご希望を聞かせてください!

✩.。.....................。.✩
■ 応募からの流れ ■
✩.。.....................。.✩

▶STEP1WEBから1分簡単ご応募!
1~3日以内に担当者よりご連絡いたします。

▶ STEP2カジュアル面談(1回のみ)

▶STEP3採用

※入社日のご相談OKです◎
お気軽にご相談ください!",,即日勤務OK、交通費支給、残業なし,2,任意,生年月日、性別、電話番号,ntf-indeedapplicant-aaaatulx77tci2k2pr5yeqapva@shukatsu-labo.slack.com,,,利用しない,,
募集中,株式会社エイジェック,【未経験】軽作業/株式会社エイジェック/厚木雇用開発センター,倉庫作業スタッフ,20~30代活躍中◎初めての軽作業デビュー♪,,神奈川県 厚木市 中町,,,正社員,はい,月給,250000,,最低額を表示,なし,,,,,,,固定時間制,160,,厚生年金、健康保険、雇用保険、労災保険,,なし,,,,,,,,,,,,,,,,,,"難しいことは一切なし！簡単なピッキングや仕分けといった軽作業からスタート。

・リストを見ながら商品を集めるピッキング
・出荷先ごとの簡単な仕分け・梱包
・届いた商品の検品や棚入れ　など

「倉庫作業は初めてで不安…」という方も大丈夫！
先輩の90%が未経験からデビューしています。手厚い研修制度があるから、軽作業が初めての方も安心して一歩を踏み出せる環境です。","【アピールポイント：ココが私たちの推し！】

✅土日祝休み
カレンダー通りのお休みだから、大型連休もしっかり確保。遠征や旅行のスケジュールも立てやすいのが魅力です。

✅職場は「好き」を語れる同志ばかり！
20代メインの職場で、休憩時間は推しトークで大盛り上がり。「ライブどうだった？」「新曲最高！」なんて会話が日常茶飯事です。

✅自分らしさを完全キープ！
髪色・ネイル・服装は自由。推しカラーをネイルに取り入れたり、お気に入りの服でモチベーションを上げたり、オシャレを楽しみながら働けます。

✅趣味の資金もコツコツ貯まる♪
頑張りは昇給でしっかり評価。楽しみながらスキルを磨いて、推し活をもっと充実させちゃいましょう！","例外事由3号のイにより、長期キャリア形成を図るため、
35歳以下を募集しております。","【勤務時間】
★9:00~18:00
└実働8時間/休憩1時間

定時ダッシュも問題ないです✧
✧ 土日祝休み
✧ 残業月平均:6.5時間以内
✧ 残業代100%支給","✧ 完全週休2日制(土日祝休み)
✧ 年間休日125日
「土日休みはマスト!」ってあなたにも
ぴったりの職場です!

【その他休暇】
✧ 有給休暇
✧ 夏季・冬季休暇
✧ GW休暇
✧ 年末年始休暇",神奈川県厚木市中町,厚木雇用開発センター,"月給:25万円~+交通費全額支給

※経験に応じて決定いたします。

# 昇給あり
# 賞与あり
# 残業代100%支給
# 交通費支給","・社会保険完備
・住宅手当
・家賃補助
・退職金制度
・家族手当・扶養手当
・健康診断
・特別休暇
・資格取得支援制度","\\✧カジュアル面談実施中です✧/

応募に必要なのは人柄のみです!
まずはあなたのご希望を聞かせてください!

✩.。.....................。.✩
■ 応募からの流れ ■
✩.。.....................。.✩

▶STEP1WEBから1分簡単ご応募!
1~3日以内に担当者よりご連絡いたします。

▶ STEP2カジュアル面談(1回のみ)

▶STEP3採用

※入社日のご相談OKです◎
お気軽にご相談ください!",,即日勤務OK、交通費支給、残業なし,2,任意,生年月日、性別、電話番号,ntf-indeedapplicant-aaaatulx77tci2k2pr5yeqapva@shukatsu-labo.slack.com,,,利用しない,,
募集中,株式会社エイジェック,【未経験】軽作業/株式会社エイジェック/川崎雇用開発センター,倉庫作業スタッフ,20~30代活躍中◎初めての軽作業デビュー♪,,神奈川県 川崎市 川崎区 駅前本町,,,正社員,はい,月給,250000,,最低額を表示,なし,,,,,,,固定時間制,160,,厚生年金、健康保険、雇用保険、労災保険,,なし,,,,,,,,,,,,,,,,,,"難しいことは一切なし！簡単なピッキングや仕分けといった軽作業からスタート。

・リストを見ながら商品を集めるピッキング
・出荷先ごとの簡単な仕分け・梱包
・届いた商品の検品や棚入れ　など

「倉庫作業は初めてで不安…」という方も大丈夫！
先輩の90%が未経験からデビューしています。手厚い研修制度があるから、軽作業が初めての方も安心して一歩を踏み出せる環境です。","【アピールポイント：ココが私たちの推し！】

✅土日祝休み
カレンダー通りのお休みだから、大型連休もしっかり確保。遠征や旅行のスケジュールも立てやすいのが魅力です。

✅職場は「好き」を語れる同志ばかり！
20代メインの職場で、休憩時間は推しトークで大盛り上がり。「ライブどうだった？」「新曲最高！」なんて会話が日常茶飯事です。

✅自分らしさを完全キープ！
髪色・ネイル・服装は自由。推しカラーをネイルに取り入れたり、お気に入りの服でモチベーションを上げたり、オシャレを楽しみながら働けます。

✅趣味の資金もコツコツ貯まる♪
頑張りは昇給でしっかり評価。楽しみながらスキルを磨いて、推し活をもっと充実させちゃいましょう！","例外事由3号のイにより、長期キャリア形成を図るため、
35歳以下を募集しております。","【勤務時間】
★9:00~18:00
└実働8時間/休憩1時間

定時ダッシュも問題ないです✧
✧ 土日祝休み
✧ 残業月平均:6.5時間以内
✧ 残業代100%支給","✧ 完全週休2日制(土日祝休み)
✧ 年間休日125日
「土日休みはマスト!」ってあなたにも
ぴったりの職場です!

【その他休暇】
✧ 有給休暇
✧ 夏季・冬季休暇
✧ GW休暇
✧ 年末年始休暇",神奈川県川崎市川崎区駅前本町,川崎雇用開発センター,"月給:25万円~+交通費全額支給

※経験に応じて決定いたします。

# 昇給あり
# 賞与あり
# 残業代100%支給
# 交通費支給","・社会保険完備
・住宅手当
・家賃補助
・退職金制度
・家族手当・扶養手当
・健康診断
・特別休暇
・資格取得支援制度","\\✧カジュアル面談実施中です✧/

応募に必要なのは人柄のみです!
まずはあなたのご希望を聞かせてください!

✩.。.....................。.✩
■ 応募からの流れ ■
✩.。.....................。.✩

▶STEP1WEBから1分簡単ご応募!
1~3日以内に担当者よりご連絡いたします。

▶ STEP2カジュアル面談(1回のみ)

▶STEP3採用

※入社日のご相談OKです◎
お気軽にご相談ください!",,即日勤務OK、交通費支給、残業なし,2,任意,生年月日、性別、電話番号,ntf-indeedapplicant-aaaatulx77tci2k2pr5yeqapva@shukatsu-labo.slack.com,,,利用しない,,
募集中,株式会社エイジェック,【未経験】軽作業/株式会社エイジェック/藤沢雇用開発センター,倉庫作業スタッフ,20~30代活躍中◎初めての軽作業デビュー♪,,神奈川県 藤沢市 藤沢,,,正社員,はい,月給,250000,,最低額を表示,なし,,,,,,,固定時間制,160,,厚生年金、健康保険、雇用保険、労災保険,,なし,,,,,,,,,,,,,,,,,,"難しいことは一切なし！簡単なピッキングや仕分けといった軽作業からスタート。

・リストを見ながら商品を集めるピッキング
・出荷先ごとの簡単な仕分け・梱包
・届いた商品の検品や棚入れ　など

「倉庫作業は初めてで不安…」という方も大丈夫！
先輩の90%が未経験からデビューしています。手厚い研修制度があるから、軽作業が初めての方も安心して一歩を踏み出せる環境です。","【アピールポイント：ココが私たちの推し！】

✅土日祝休み
カレンダー通りのお休みだから、大型連休もしっかり確保。遠征や旅行のスケジュールも立てやすいのが魅力です。

✅職場は「好き」を語れる同志ばかり！
20代メインの職場で、休憩時間は推しトークで大盛り上がり。「ライブどうだった？」「新曲最高！」なんて会話が日常茶飯事です。

✅自分らしさを完全キープ！
髪色・ネイル・服装は自由。推しカラーをネイルに取り入れたり、お気に入りの服でモチベーションを上げたり、オシャレを楽しみながら働けます。

✅趣味の資金もコツコツ貯まる♪
頑張りは昇給でしっかり評価。楽しみながらスキルを磨いて、推し活をもっと充実させちゃいましょう！","例外事由3号のイにより、長期キャリア形成を図るため、
35歳以下を募集しております。","【勤務時間】
★9:00~18:00
└実働8時間/休憩1時間

定時ダッシュも問題ないです✧
✧ 土日祝休み
✧ 残業月平均:6.5時間以内
✧ 残業代100%支給","✧ 完全週休2日制(土日祝休み)
✧ 年間休日125日
「土日休みはマスト!」ってあなたにも
ぴったりの職場です!

【その他休暇】
✧ 有給休暇
✧ 夏季・冬季休暇
✧ GW休暇
✧ 年末年始休暇",神奈川県藤沢市藤沢,藤沢雇用開発センター,"月給:25万円~+交通費全額支給

※経験に応じて決定いたします。

# 昇給あり
# 賞与あり
# 残業代100%支給
# 交通費支給","・社会保険完備
・住宅手当
・家賃補助
・退職金制度
・家族手当・扶養手当
・健康診断
・特別休暇
・資格取得支援制度","\\✧カジュアル面談実施中です✧/

応募に必要なのは人柄のみです!
まずはあなたのご希望を聞かせてください!

✩.。.....................。.✩
■ 応募からの流れ ■
✩.。.....................。.✩

▶STEP1WEBから1分簡単ご応募!
1~3日以内に担当者よりご連絡いたします。

▶ STEP2カジュアル面談(1回のみ)

▶STEP3採用

※入社日のご相談OKです◎
お気軽にご相談ください!",,即日勤務OK、交通費支給、残業なし,2,任意,生年月日、性別、電話番号,ntf-indeedapplicant-aaaatulx77tci2k2pr5yeqapva@shukatsu-labo.slack.com,,,利用しない,,
募集中,株式会社エイジェック,【未経験】軽作業/株式会社エイジェック/相模原雇用開発センター,倉庫作業スタッフ,20~30代活躍中◎初めての軽作業デビュー♪,,神奈川県 相模原市 中央区 相模原,,,正社員,はい,月給,250000,,最低額を表示,なし,,,,,,,固定時間制,160,,厚生年金、健康保険、雇用保険、労災保険,,なし,,,,,,,,,,,,,,,,,,"難しいことは一切なし！簡単なピッキングや仕分けといった軽作業からスタート。

・リストを見ながら商品を集めるピッキング
・出荷先ごとの簡単な仕分け・梱包
・届いた商品の検品や棚入れ　など

「倉庫作業は初めてで不安…」という方も大丈夫！
先輩の90%が未経験からデビューしています。手厚い研修制度があるから、軽作業が初めての方も安心して一歩を踏み出せる環境です。","【アピールポイント：ココが私たちの推し！】

✅土日祝休み
カレンダー通りのお休みだから、大型連休もしっかり確保。遠征や旅行のスケジュールも立てやすいのが魅力です。

✅職場は「好き」を語れる同志ばかり！
20代メインの職場で、休憩時間は推しトークで大盛り上がり。「ライブどうだった？」「新曲最高！」なんて会話が日常茶飯事です。

✅自分らしさを完全キープ！
髪色・ネイル・服装は自由。推しカラーをネイルに取り入れたり、お気に入りの服でモチベーションを上げたり、オシャレを楽しみながら働けます。

✅趣味の資金もコツコツ貯まる♪
頑張りは昇給でしっかり評価。楽しみながらスキルを磨いて、推し活をもっと充実させちゃいましょう！","例外事由3号のイにより、長期キャリア形成を図るため、
35歳以下を募集しております。","【勤務時間】
★9:00~18:00
└実働8時間/休憩1時間

定時ダッシュも問題ないです✧
✧ 土日祝休み
✧ 残業月平均:6.5時間以内
✧ 残業代100%支給","✧ 完全週休2日制(土日祝休み)
✧ 年間休日125日
「土日休みはマスト!」ってあなたにも
ぴったりの職場です!

【その他休暇】
✧ 有給休暇
✧ 夏季・冬季休暇
✧ GW休暇
✧ 年末年始休暇",神奈川県相模原市中央区相模原,相模原雇用開発センター,"月給:25万円~+交通費全額支給

※経験に応じて決定いたします。

# 昇給あり
# 賞与あり
# 残業代100%支給
# 交通費支給","・社会保険完備
・住宅手当
・家賃補助
・退職金制度
・家族手当・扶養手当
・健康診断
・特別休暇
・資格取得支援制度","\\✧カジュアル面談実施中です✧/

応募に必要なのは人柄のみです!
まずはあなたのご希望を聞かせてください!

✩.。.....................。.✩
■ 応募からの流れ ■
✩.。.....................。.✩

▶STEP1WEBから1分簡単ご応募!
1~3日以内に担当者よりご連絡いたします。

▶ STEP2カジュアル面談(1回のみ)

▶STEP3採用

※入社日のご相談OKです◎
お気軽にご相談ください!",,即日勤務OK、交通費支給、残業なし,2,任意,生年月日、性別、電話番号,ntf-indeedapplicant-aaaatulx77tci2k2pr5yeqapva@shukatsu-labo.slack.com,,,利用しない,,
募集中,株式会社エイジェック,【未経験】軽作業/株式会社エイジェック/海老名雇用開発センター,倉庫作業スタッフ,20~30代活躍中◎初めての軽作業デビュー♪,,神奈川県 海老名市 中央,,,正社員,はい,月給,250000,,最低額を表示,なし,,,,,,,固定時間制,160,,厚生年金、健康保険、雇用保険、労災保険,,なし,,,,,,,,,,,,,,,,,,"難しいことは一切なし！簡単なピッキングや仕分けといった軽作業からスタート。

・リストを見ながら商品を集めるピッキング
・出荷先ごとの簡単な仕分け・梱包
・届いた商品の検品や棚入れ　など

「倉庫作業は初めてで不安…」という方も大丈夫！
先輩の90%が未経験からデビューしています。手厚い研修制度があるから、軽作業が初めての方も安心して一歩を踏み出せる環境です。","【アピールポイント：ココが私たちの推し！】

✅土日祝休み
カレンダー通りのお休みだから、大型連休もしっかり確保。遠征や旅行のスケジュールも立てやすいのが魅力です。

✅職場は「好き」を語れる同志ばかり！
20代メインの職場で、休憩時間は推しトークで大盛り上がり。「ライブどうだった？」「新曲最高！」なんて会話が日常茶飯事です。

✅自分らしさを完全キープ！
髪色・ネイル・服装は自由。推しカラーをネイルに取り入れたり、お気に入りの服でモチベーションを上げたり、オシャレを楽しみながら働けます。

✅趣味の資金もコツコツ貯まる♪
頑張りは昇給でしっかり評価。楽しみながらスキルを磨いて、推し活をもっと充実させちゃいましょう！","例外事由3号のイにより、長期キャリア形成を図るため、
35歳以下を募集しております。","【勤務時間】
★9:00~18:00
└実働8時間/休憩1時間

定時ダッシュも問題ないです✧
✧ 土日祝休み
✧ 残業月平均:6.5時間以内
✧ 残業代100%支給","✧ 完全週休2日制(土日祝休み)
✧ 年間休日125日
「土日休みはマスト!」ってあなたにも
ぴったりの職場です!

【その他休暇】
✧ 有給休暇
✧ 夏季・冬季休暇
✧ GW休暇
✧ 年末年始休暇",神奈川県海老名市中央,海老名雇用開発センター,"月給:25万円~+交通費全額支給

※経験に応じて決定いたします。

# 昇給あり
# 賞与あり
# 残業代100%支給
# 交通費支給","・社会保険完備
・住宅手当
・家賃補助
・退職金制度
・家族手当・扶養手当
・健康診断
・特別休暇
・資格取得支援制度","\\✧カジュアル面談実施中です✧/

応募に必要なのは人柄のみです!
まずはあなたのご希望を聞かせてください!

✩.。.....................。.✩
■ 応募からの流れ ■
✩.。.....................。.✩

▶STEP1WEBから1分簡単ご応募!
1~3日以内に担当者よりご連絡いたします。

▶ STEP2カジュアル面談(1回のみ)

▶STEP3採用

※入社日のご相談OKです◎
お気軽にご相談ください!",,即日勤務OK、交通費支給、残業なし,2,任意,生年月日、性別、電話番号,ntf-indeedapplicant-aaaatulx77tci2k2pr5yeqapva@shukatsu-labo.slack.com,,,利用しない,,
募集中,株式会社エイジェック,【未経験】軽作業/株式会社エイジェック/千葉雇用開発センター,倉庫作業スタッフ,20~30代活躍中◎初めての軽作業デビュー♪,,千葉県 千葉市 中央区 富士見,,,正社員,はい,月給,250000,,最低額を表示,なし,,,,,,,固定時間制,160,,厚生年金、健康保険、雇用保険、労災保険,,なし,,,,,,,,,,,,,,,,,,"難しいことは一切なし！簡単なピッキングや仕分けといった軽作業からスタート。

・リストを見ながら商品を集めるピッキング
・出荷先ごとの簡単な仕分け・梱包
・届いた商品の検品や棚入れ　など

「倉庫作業は初めてで不安…」という方も大丈夫！
先輩の90%が未経験からデビューしています。手厚い研修制度があるから、軽作業が初めての方も安心して一歩を踏み出せる環境です。","【アピールポイント：ココが私たちの推し！】

✅土日祝休み
カレンダー通りのお休みだから、大型連休もしっかり確保。遠征や旅行のスケジュールも立てやすいのが魅力です。

✅職場は「好き」を語れる同志ばかり！
20代メインの職場で、休憩時間は推しトークで大盛り上がり。「ライブどうだった？」「新曲最高！」なんて会話が日常茶飯事です。

✅自分らしさを完全キープ！
髪色・ネイル・服装は自由。推しカラーをネイルに取り入れたり、お気に入りの服でモチベーションを上げたり、オシャレを楽しみながら働けます。

✅趣味の資金もコツコツ貯まる♪
頑張りは昇給でしっかり評価。楽しみながらスキルを磨いて、推し活をもっと充実させちゃいましょう！","例外事由3号のイにより、長期キャリア形成を図るため、
35歳以下を募集しております。","【勤務時間】
★9:00~18:00
└実働8時間/休憩1時間

定時ダッシュも問題ないです✧
✧ 土日祝休み
✧ 残業月平均:6.5時間以内
✧ 残業代100%支給","✧ 完全週休2日制(土日祝休み)
✧ 年間休日125日
「土日休みはマスト!」ってあなたにも
ぴったりの職場です!

【その他休暇】
✧ 有給休暇
✧ 夏季・冬季休暇
✧ GW休暇
✧ 年末年始休暇",千葉県千葉市中央区富士見2-3-1 塚本大千葉ビルディング9F,千葉雇用開発センター,"月給:25万円~+交通費全額支給

※経験に応じて決定いたします。

# 昇給あり
# 賞与あり
# 残業代100%支給
# 交通費支給","・社会保険完備
・住宅手当
・家賃補助
・退職金制度
・家族手当・扶養手当
・健康診断
・特別休暇
・資格取得支援制度","\\✧カジュアル面談実施中です✧/

応募に必要なのは人柄のみです!
まずはあなたのご希望を聞かせてください!

✩.。.....................。.✩
■ 応募からの流れ ■
✩.。.....................。.✩

▶STEP1WEBから1分簡単ご応募!
1~3日以内に担当者よりご連絡いたします。

▶ STEP2カジュアル面談(1回のみ)

▶STEP3採用

※入社日のご相談OKです◎
お気軽にご相談ください!",,即日勤務OK、交通費支給、残業なし,2,任意,生年月日、性別、電話番号,ntf-indeedapplicant-aaaatulx77tci2k2pr5yeqapva@shukatsu-labo.slack.com,,,利用しない,,
募集中,株式会社エイジェック,【未経験】軽作業/株式会社エイジェック/成田雇用開発センター,倉庫作業スタッフ,20~30代活躍中◎初めての軽作業デビュー♪,,千葉県 成田市 花崎町,,,正社員,はい,月給,250000,,最低額を表示,なし,,,,,,,固定時間制,160,,厚生年金、健康保険、雇用保険、労災保険,,なし,,,,,,,,,,,,,,,,,,"難しいことは一切なし！簡単なピッキングや仕分けといった軽作業からスタート。

・リストを見ながら商品を集めるピッキング
・出荷先ごとの簡単な仕分け・梱包
・届いた商品の検品や棚入れ　など

「倉庫作業は初めてで不安…」という方も大丈夫！
先輩の90%が未経験からデビューしています。手厚い研修制度があるから、軽作業が初めての方も安心して一歩を踏み出せる環境です。","【アピールポイント：ココが私たちの推し！】

✅土日祝休み
カレンダー通りのお休みだから、大型連休もしっかり確保。遠征や旅行のスケジュールも立てやすいのが魅力です。

✅職場は「好き」を語れる同志ばかり！
20代メインの職場で、休憩時間は推しトークで大盛り上がり。「ライブどうだった？」「新曲最高！」なんて会話が日常茶飯事です。

✅自分らしさを完全キープ！
髪色・ネイル・服装は自由。推しカラーをネイルに取り入れたり、お気に入りの服でモチベーションを上げたり、オシャレを楽しみながら働けます。

✅趣味の資金もコツコツ貯まる♪
頑張りは昇給でしっかり評価。楽しみながらスキルを磨いて、推し活をもっと充実させちゃいましょう！","例外事由3号のイにより、長期キャリア形成を図るため、
35歳以下を募集しております。","【勤務時間】
★9:00~18:00
└実働8時間/休憩1時間

定時ダッシュも問題ないです✧
✧ 土日祝休み
✧ 残業月平均:6.5時間以内
✧ 残業代100%支給","✧ 完全週休2日制(土日祝休み)
✧ 年間休日125日
「土日休みはマスト!」ってあなたにも
ぴったりの職場です!

【その他休暇】
✧ 有給休暇
✧ 夏季・冬季休暇
✧ GW休暇
✧ 年末年始休暇",千葉県成田市花崎町,成田雇用開発センター,"月給:25万円~+交通費全額支給

※経験に応じて決定いたします。

# 昇給あり
# 賞与あり
# 残業代100%支給
# 交通費支給","・社会保険完備
・住宅手当
・家賃補助
・退職金制度
・家族手当・扶養手当
・健康診断
・特別休暇
・資格取得支援制度","\\✧カジュアル面談実施中です✧/

応募に必要なのは人柄のみです!
まずはあなたのご希望を聞かせてください!

✩.。.....................。.✩
■ 応募からの流れ ■
✩.。.....................。.✩

▶STEP1WEBから1分簡単ご応募!
1~3日以内に担当者よりご連絡いたします。

▶ STEP2カジュアル面談(1回のみ)

▶STEP3採用

※入社日のご相談OKです◎
お気軽にご相談ください!",,即日勤務OK、交通費支給、残業なし,2,任意,生年月日、性別、電話番号,ntf-indeedapplicant-aaaatulx77tci2k2pr5yeqapva@shukatsu-labo.slack.com,,,利用しない,,
募集中,株式会社エイジェック,【未経験】軽作業/株式会社エイジェック/柏雇用開発センター,倉庫作業スタッフ,20~30代活躍中◎初めての軽作業デビュー♪,,千葉県 柏市 柏,,,正社員,はい,月給,250000,,最低額を表示,なし,,,,,,,固定時間制,160,,厚生年金、健康保険、雇用保険、労災保険,,なし,,,,,,,,,,,,,,,,,,"難しいことは一切なし！簡単なピッキングや仕分けといった軽作業からスタート。

・リストを見ながら商品を集めるピッキング
・出荷先ごとの簡単な仕分け・梱包
・届いた商品の検品や棚入れ　など

「倉庫作業は初めてで不安…」という方も大丈夫！
先輩の90%が未経験からデビューしています。手厚い研修制度があるから、軽作業が初めての方も安心して一歩を踏み出せる環境です。","【アピールポイント：ココが私たちの推し！】

✅土日祝休み
カレンダー通りのお休みだから、大型連休もしっかり確保。遠征や旅行のスケジュールも立てやすいのが魅力です。

✅職場は「好き」を語れる同志ばかり！
20代メインの職場で、休憩時間は推しトークで大盛り上がり。「ライブどうだった？」「新曲最高！」なんて会話が日常茶飯事です。

✅自分らしさを完全キープ！
髪色・ネイル・服装は自由。推しカラーをネイルに取り入れたり、お気に入りの服でモチベーションを上げたり、オシャレを楽しみながら働けます。

✅趣味の資金もコツコツ貯まる♪
頑張りは昇給でしっかり評価。楽しみながらスキルを磨いて、推し活をもっと充実させちゃいましょう！","例外事由3号のイにより、長期キャリア形成を図るため、
35歳以下を募集しております。","【勤務時間】
★9:00~18:00
└実働8時間/休憩1時間

定時ダッシュも問題ないです✧
✧ 土日祝休み
✧ 残業月平均:6.5時間以内
✧ 残業代100%支給","✧ 完全週休2日制(土日祝休み)
✧ 年間休日125日
「土日休みはマスト!」ってあなたにも
ぴったりの職場です!

【その他休暇】
✧ 有給休暇
✧ 夏季・冬季休暇
✧ GW休暇
✧ 年末年始休暇",千葉県柏市柏,柏雇用開発センター,"月給:25万円~+交通費全額支給

※経験に応じて決定いたします。

# 昇給あり
# 賞与あり
# 残業代100%支給
# 交通費支給","・社会保険完備
・住宅手当
・家賃補助
・退職金制度
・家族手当・扶養手当
・健康診断
・特別休暇
・資格取得支援制度","\\✧カジュアル面談実施中です✧/

応募に必要なのは人柄のみです!
まずはあなたのご希望を聞かせてください!

✩.。.....................。.✩
■ 応募からの流れ ■
✩.。.....................。.✩

▶STEP1WEBから1分簡単ご応募!
1~3日以内に担当者よりご連絡いたします。

▶ STEP2カジュアル面談(1回のみ)

▶STEP3採用

※入社日のご相談OKです◎
お気軽にご相談ください!",,即日勤務OK、交通費支給、残業なし,2,任意,生年月日、性別、電話番号,ntf-indeedapplicant-aaaatulx77tci2k2pr5yeqapva@shukatsu-labo.slack.com,,,利用しない,,
募集中,株式会社エイジェック,【未経験】軽作業/株式会社エイジェック/木更津雇用開発センター,倉庫作業スタッフ,20~30代活躍中◎初めての軽作業デビュー♪,,千葉県 木更津市 大和,,,正社員,はい,月給,250000,,最低額を表示,なし,,,,,,,固定時間制,160,,厚生年金、健康保険、雇用保険、労災保険,,なし,,,,,,,,,,,,,,,,,,"難しいことは一切なし！簡単なピッキングや仕分けといった軽作業からスタート。

・リストを見ながら商品を集めるピッキング
・出荷先ごとの簡単な仕分け・梱包
・届いた商品の検品や棚入れ　など

「倉庫作業は初めてで不安…」という方も大丈夫！
先輩の90%が未経験からデビューしています。手厚い研修制度があるから、軽作業が初めての方も安心して一歩を踏み出せる環境です。","【アピールポイント：ココが私たちの推し！】

✅土日祝休み
カレンダー通りのお休みだから、大型連休もしっかり確保。遠征や旅行のスケジュールも立てやすいのが魅力です。

✅職場は「好き」を語れる同志ばかり！
20代メインの職場で、休憩時間は推しトークで大盛り上がり。「ライブどうだった？」「新曲最高！」なんて会話が日常茶飯事です。

✅自分らしさを完全キープ！
髪色・ネイル・服装は自由。推しカラーをネイルに取り入れたり、お気に入りの服でモチベーションを上げたり、オシャレを楽しみながら働けます。

✅趣味の資金もコツコツ貯まる♪
頑張りは昇給でしっかり評価。楽しみながらスキルを磨いて、推し活をもっと充実させちゃいましょう！","例外事由3号のイにより、長期キャリア形成を図るため、
35歳以下を募集しております。","【勤務時間】
★9:00~18:00
└実働8時間/休憩1時間

定時ダッシュも問題ないです✧
✧ 土日祝休み
✧ 残業月平均:6.5時間以内
✧ 残業代100%支給","✧ 完全週休2日制(土日祝休み)
✧ 年間休日125日
「土日休みはマスト!」ってあなたにも
ぴったりの職場です!

【その他休暇】
✧ 有給休暇
✧ 夏季・冬季休暇
✧ GW休暇
✧ 年末年始休暇",千葉県木更津市大和,木更津雇用開発センター,"月給:25万円~+交通費全額支給

※経験に応じて決定いたします。

# 昇給あり
# 賞与あり
# 残業代100%支給
# 交通費支給","・社会保険完備
・住宅手当
・家賃補助
・退職金制度
・家族手当・扶養手当
・健康診断
・特別休暇
・資格取得支援制度","\\✧カジュアル面談実施中です✧/

応募に必要なのは人柄のみです!
まずはあなたのご希望を聞かせてください!

✩.。.....................。.✩
■ 応募からの流れ ■
✩.。.....................。.✩

▶STEP1WEBから1分簡単ご応募!
1~3日以内に担当者よりご連絡いたします。

▶ STEP2カジュアル面談(1回のみ)

▶STEP3採用

※入社日のご相談OKです◎
お気軽にご相談ください!",,即日勤務OK、交通費支給、残業なし,2,任意,生年月日、性別、電話番号,ntf-indeedapplicant-aaaatulx77tci2k2pr5yeqapva@shukatsu-labo.slack.com,,,利用しない,,
募集中,株式会社エイジェック,【未経験】軽作業/株式会社エイジェック/大宮雇用開発センター,倉庫作業スタッフ,20~30代活躍中◎初めての軽作業デビュー♪,,埼玉県 さいたま市 大宮区 桜木町,,,正社員,はい,月給,250000,,最低額を表示,なし,,,,,,,固定時間制,160,,厚生年金、健康保険、雇用保険、労災保険,,なし,,,,,,,,,,,,,,,,,,"難しいことは一切なし！簡単なピッキングや仕分けといった軽作業からスタート。

・リストを見ながら商品を集めるピッキング
・出荷先ごとの簡単な仕分け・梱包
・届いた商品の検品や棚入れ　など

「倉庫作業は初めてで不安…」という方も大丈夫！
先輩の90%が未経験からデビューしています。手厚い研修制度があるから、軽作業が初めての方も安心して一歩を踏み出せる環境です。","【アピールポイント：ココが私たちの推し！】

✅土日祝休み
カレンダー通りのお休みだから、大型連休もしっかり確保。遠征や旅行のスケジュールも立てやすいのが魅力です。

✅職場は「好き」を語れる同志ばかり！
20代メインの職場で、休憩時間は推しトークで大盛り上がり。「ライブどうだった？」「新曲最高！」なんて会話が日常茶飯事です。

✅自分らしさを完全キープ！
髪色・ネイル・服装は自由。推しカラーをネイルに取り入れたり、お気に入りの服でモチベーションを上げたり、オシャレを楽しみながら働けます。

✅趣味の資金もコツコツ貯まる♪
頑張りは昇給でしっかり評価。楽しみながらスキルを磨いて、推し活をもっと充実させちゃいましょう！","例外事由3号のイにより、長期キャリア形成を図るため、
35歳以下を募集しております。","【勤務時間】
★9:00~18:00
└実働8時間/休憩1時間

定時ダッシュも問題ないです✧
✧ 土日祝休み
✧ 残業月平均:6.5時間以内
✧ 残業代100%支給","✧ 完全週休2日制(土日祝休み)
✧ 年間休日125日
「土日休みはマスト!」ってあなたにも
ぴったりの職場です!

【その他休暇】
✧ 有給休暇
✧ 夏季・冬季休暇
✧ GW休暇
✧ 年末年始休暇",埼玉県さいたま市大宮区桜木町,大宮雇用開発センター,"月給:25万円~+交通費全額支給

※経験に応じて決定いたします。

# 昇給あり
# 賞与あり
# 残業代100%支給
# 交通費支給","・社会保険完備
・住宅手当
・家賃補助
・退職金制度
・家族手当・扶養手当
・健康診断
・特別休暇
・資格取得支援制度","\\✧カジュアル面談実施中です✧/

応募に必要なのは人柄のみです!
まずはあなたのご希望を聞かせてください!

✩.。.....................。.✩
■ 応募からの流れ ■
✩.。.....................。.✩

▶STEP1WEBから1分簡単ご応募!
1~3日以内に担当者よりご連絡いたします。

▶ STEP2カジュアル面談(1回のみ)

▶STEP3採用

※入社日のご相談OKです◎
お気軽にご相談ください!",,即日勤務OK、交通費支給、残業なし,2,任意,生年月日、性別、電話番号,ntf-indeedapplicant-aaaatulx77tci2k2pr5yeqapva@shukatsu-labo.slack.com,,,利用しない,,
募集中,株式会社エイジェック,【未経験】軽作業/株式会社エイジェック/久喜雇用開発センター,倉庫作業スタッフ,20~30代活躍中◎初めての軽作業デビュー♪,,埼玉県 久喜市 久喜中央,,,正社員,はい,月給,250000,,最低額を表示,なし,,,,,,,固定時間制,160,,厚生年金、健康保険、雇用保険、労災保険,,なし,,,,,,,,,,,,,,,,,,"難しいことは一切なし！簡単なピッキングや仕分けといった軽作業からスタート。

・リストを見ながら商品を集めるピッキング
・出荷先ごとの簡単な仕分け・梱包
・届いた商品の検品や棚入れ　など

「倉庫作業は初めてで不安…」という方も大丈夫！
先輩の90%が未経験からデビューしています。手厚い研修制度があるから、軽作業が初めての方も安心して一歩を踏み出せる環境です。","【アピールポイント：ココが私たちの推し！】

✅土日祝休み
カレンダー通りのお休みだから、大型連休もしっかり確保。遠征や旅行のスケジュールも立てやすいのが魅力です。

✅職場は「好き」を語れる同志ばかり！
20代メインの職場で、休憩時間は推しトークで大盛り上がり。「ライブどうだった？」「新曲最高！」なんて会話が日常茶飯事です。

✅自分らしさを完全キープ！
髪色・ネイル・服装は自由。推しカラーをネイルに取り入れたり、お気に入りの服でモチベーションを上げたり、オシャレを楽しみながら働けます。

✅趣味の資金もコツコツ貯まる♪
頑張りは昇給でしっかり評価。楽しみながらスキルを磨いて、推し活をもっと充実させちゃいましょう！","例外事由3号のイにより、長期キャリア形成を図るため、
35歳以下を募集しております。","【勤務時間】
★9:00~18:00
└実働8時間/休憩1時間

定時ダッシュも問題ないです✧
✧ 土日祝休み
✧ 残業月平均:6.5時間以内
✧ 残業代100%支給","✧ 完全週休2日制(土日祝休み)
✧ 年間休日125日
「土日休みはマスト!」ってあなたにも
ぴったりの職場です!

【その他休暇】
✧ 有給休暇
✧ 夏季・冬季休暇
✧ GW休暇
✧ 年末年始休暇",埼玉県久喜市久喜中央,久喜雇用開発センター,"月給:25万円~+交通費全額支給

※経験に応じて決定いたします。

# 昇給あり
# 賞与あり
# 残業代100%支給
# 交通費支給","・社会保険完備
・住宅手当
・家賃補助
・退職金制度
・家族手当・扶養手当
・健康診断
・特別休暇
・資格取得支援制度","\\✧カジュアル面談実施中です✧/

応募に必要なのは人柄のみです!
まずはあなたのご希望を聞かせてください!

✩.。.....................。.✩
■ 応募からの流れ ■
✩.。.....................。.✩

▶STEP1WEBから1分簡単ご応募!
1~3日以内に担当者よりご連絡いたします。

▶ STEP2カジュアル面談(1回のみ)

▶STEP3採用

※入社日のご相談OKです◎
お気軽にご相談ください!",,即日勤務OK、交通費支給、残業なし,2,任意,生年月日、性別、電話番号,ntf-indeedapplicant-aaaatulx77tci2k2pr5yeqapva@shukatsu-labo.slack.com,,,利用しない,,
募集中,株式会社エイジェック,【未経験】軽作業/株式会社エイジェック/熊谷雇用開発センター,倉庫作業スタッフ,20~30代活躍中◎初めての軽作業デビュー♪,,埼玉県 熊谷市 筑波,,,正社員,はい,月給,250000,,最低額を表示,なし,,,,,,,固定時間制,160,,厚生年金、健康保険、雇用保険、労災保険,,なし,,,,,,,,,,,,,,,,,,"難しいことは一切なし！簡単なピッキングや仕分けといった軽作業からスタート。

・リストを見ながら商品を集めるピッキング
・出荷先ごとの簡単な仕分け・梱包
・届いた商品の検品や棚入れ　など

「倉庫作業は初めてで不安…」という方も大丈夫！
先輩の90%が未経験からデビューしています。手厚い研修制度があるから、軽作業が初めての方も安心して一歩を踏み出せる環境です。","【アピールポイント：ココが私たちの推し！】

✅土日祝休み
カレンダー通りのお休みだから、大型連休もしっかり確保。遠征や旅行のスケジュールも立てやすいのが魅力です。

✅職場は「好き」を語れる同志ばかり！
20代メインの職場で、休憩時間は推しトークで大盛り上がり。「ライブどうだった？」「新曲最高！」なんて会話が日常茶飯事です。

✅自分らしさを完全キープ！
髪色・ネイル・服装は自由。推しカラーをネイルに取り入れたり、お気に入りの服でモチベーションを上げたり、オシャレを楽しみながら働けます。

✅趣味の資金もコツコツ貯まる♪
頑張りは昇給でしっかり評価。楽しみながらスキルを磨いて、推し活をもっと充実させちゃいましょう！","例外事由3号のイにより、長期キャリア形成を図るため、
35歳以下を募集しております。","【勤務時間】
★9:00~18:00
└実働8時間/休憩1時間

定時ダッシュも問題ないです✧
✧ 土日祝休み
✧ 残業月平均:6.5時間以内
✧ 残業代100%支給","✧ 完全週休2日制(土日祝休み)
✧ 年間休日125日
「土日休みはマスト!」ってあなたにも
ぴったりの職場です!

【その他休暇】
✧ 有給休暇
✧ 夏季・冬季休暇
✧ GW休暇
✧ 年末年始休暇",埼玉県熊谷市筑波,熊谷雇用開発センター,"月給:25万円~+交通費全額支給

※経験に応じて決定いたします。

# 昇給あり
# 賞与あり
# 残業代100%支給
# 交通費支給","・社会保険完備
・住宅手当
・家賃補助
・退職金制度
・家族手当・扶養手当
・健康診断
・特別休暇
・資格取得支援制度","\\✧カジュアル面談実施中です✧/

応募に必要なのは人柄のみです!
まずはあなたのご希望を聞かせてください!

✩.。.....................。.✩
■ 応募からの流れ ■
✩.。.....................。.✩

▶STEP1WEBから1分簡単ご応募!
1~3日以内に担当者よりご連絡いたします。

▶ STEP2カジュアル面談(1回のみ)

▶STEP3採用

※入社日のご相談OKです◎
お気軽にご相談ください!",,即日勤務OK、交通費支給、残業なし,2,任意,生年月日、性別、電話番号,ntf-indeedapplicant-aaaatulx77tci2k2pr5yeqapva@shukatsu-labo.slack.com,,,利用しない,,
募集中,株式会社エイジェック,【未経験】軽作業/株式会社エイジェック/川越雇用開発センター,倉庫作業スタッフ,20~30代活躍中◎初めての軽作業デビュー♪,,埼玉県 川越市 脇田本町,,,正社員,はい,月給,250000,,最低額を表示,なし,,,,,,,固定時間制,160,,厚生年金、健康保険、雇用保険、労災保険,,なし,,,,,,,,,,,,,,,,,,"難しいことは一切なし！簡単なピッキングや仕分けといった軽作業からスタート。

・リストを見ながら商品を集めるピッキング
・出荷先ごとの簡単な仕分け・梱包
・届いた商品の検品や棚入れ　など

「倉庫作業は初めてで不安…」という方も大丈夫！
先輩の90%が未経験からデビューしています。手厚い研修制度があるから、軽作業が初めての方も安心して一歩を踏み出せる環境です。","【アピールポイント：ココが私たちの推し！】

✅土日祝休み
カレンダー通りのお休みだから、大型連休もしっかり確保。遠征や旅行のスケジュールも立てやすいのが魅力です。

✅職場は「好き」を語れる同志ばかり！
20代メインの職場で、休憩時間は推しトークで大盛り上がり。「ライブどうだった？」「新曲最高！」なんて会話が日常茶飯事です。

✅自分らしさを完全キープ！
髪色・ネイル・服装は自由。推しカラーをネイルに取り入れたり、お気に入りの服でモチベーションを上げたり、オシャレを楽しみながら働けます。

✅趣味の資金もコツコツ貯まる♪
頑張りは昇給でしっかり評価。楽しみながらスキルを磨いて、推し活をもっと充実させちゃいましょう！","例外事由3号のイにより、長期キャリア形成を図るため、
35歳以下を募集しております。","【勤務時間】
★9:00~18:00
└実働8時間/休憩1時間

定時ダッシュも問題ないです✧
✧ 土日祝休み
✧ 残業月平均:6.5時間以内
✧ 残業代100%支給","✧ 完全週休2日制(土日祝休み)
✧ 年間休日125日
「土日休みはマスト!」ってあなたにも
ぴったりの職場です!

【その他休暇】
✧ 有給休暇
✧ 夏季・冬季休暇
✧ GW休暇
✧ 年末年始休暇",埼玉県川越市脇田本町,川越雇用開発センター,"月給:25万円~+交通費全額支給

※経験に応じて決定いたします。

# 昇給あり
# 賞与あり
# 残業代100%支給
# 交通費支給","・社会保険完備
・住宅手当
・家賃補助
・退職金制度
・家族手当・扶養手当
・健康診断
・特別休暇
・資格取得支援制度","\\✧カジュアル面談実施中です✧/

応募に必要なのは人柄のみです!
まずはあなたのご希望を聞かせてください!

✩.。.....................。.✩
■ 応募からの流れ ■
✩.。.....................。.✩

▶STEP1WEBから1分簡単ご応募!
1~3日以内に担当者よりご連絡いたします。

▶ STEP2カジュアル面談(1回のみ)

▶STEP3採用

※入社日のご相談OKです◎
お気軽にご相談ください!",,即日勤務OK、交通費支給、残業なし,2,任意,生年月日、性別、電話番号,ntf-indeedapplicant-aaaatulx77tci2k2pr5yeqapva@shukatsu-labo.slack.com,,,利用しない,,
募集中,株式会社エイジェック,【未経験】軽作業/株式会社エイジェック/名古屋雇用開発センター,倉庫作業スタッフ,20~30代活躍中◎初めての軽作業デビュー♪,,愛知県 名古屋市 中村区 名駅,,,正社員,はい,月給,250000,,最低額を表示,なし,,,,,,,固定時間制,160,,厚生年金、健康保険、雇用保険、労災保険,,なし,,,,,,,,,,,,,,,,,,"難しいことは一切なし！簡単なピッキングや仕分けといった軽作業からスタート。

・リストを見ながら商品を集めるピッキング
・出荷先ごとの簡単な仕分け・梱包
・届いた商品の検品や棚入れ　など

「倉庫作業は初めてで不安…」という方も大丈夫！
先輩の90%が未経験からデビューしています。手厚い研修制度があるから、軽作業が初めての方も安心して一歩を踏み出せる環境です。","【アピールポイント：ココが私たちの推し！】

✅土日祝休み
カレンダー通りのお休みだから、大型連休もしっかり確保。遠征や旅行のスケジュールも立てやすいのが魅力です。

✅職場は「好き」を語れる同志ばかり！
20代メインの職場で、休憩時間は推しトークで大盛り上がり。「ライブどうだった？」「新曲最高！」なんて会話が日常茶飯事です。

✅自分らしさを完全キープ！
髪色・ネイル・服装は自由。推しカラーをネイルに取り入れたり、お気に入りの服でモチベーションを上げたり、オシャレを楽しみながら働けます。

✅趣味の資金もコツコツ貯まる♪
頑張りは昇給でしっかり評価。楽しみながらスキルを磨いて、推し活をもっと充実させちゃいましょう！","例外事由3号のイにより、長期キャリア形成を図るため、
35歳以下を募集しております。","【勤務時間】
★9:00~18:00
└実働8時間/休憩1時間

定時ダッシュも問題ないです✧
✧ 土日祝休み
✧ 残業月平均:6.5時間以内
✧ 残業代100%支給","✧ 完全週休2日制(土日祝休み)
✧ 年間休日125日
「土日休みはマスト!」ってあなたにも
ぴったりの職場です!

【その他休暇】
✧ 有給休暇
✧ 夏季・冬季休暇
✧ GW休暇
✧ 年末年始休暇",愛知県名古屋市中村区名駅,名古屋雇用開発センター,"月給:25万円~+交通費全額支給

※経験に応じて決定いたします。

# 昇給あり
# 賞与あり
# 残業代100%支給
# 交通費支給","・社会保険完備
・住宅手当
・家賃補助
・退職金制度
・家族手当・扶養手当
・健康診断
・特別休暇
・資格取得支援制度","\\✧カジュアル面談実施中です✧/

応募に必要なのは人柄のみです!
まずはあなたのご希望を聞かせてください!

✩.。.....................。.✩
■ 応募からの流れ ■
✩.。.....................。.✩

▶STEP1WEBから1分簡単ご応募!
1~3日以内に担当者よりご連絡いたします。

▶ STEP2カジュアル面談(1回のみ)

▶STEP3採用

※入社日のご相談OKです◎
お気軽にご相談ください!",,即日勤務OK、交通費支給、残業なし,2,任意,生年月日、性別、電話番号,ntf-indeedapplicant-aaaatulx77tci2k2pr5yeqapva@shukatsu-labo.slack.com,,,利用しない,,
募集中,株式会社エイジェック,【未経験】軽作業/株式会社エイジェック/豊田雇用開発センター,倉庫作業スタッフ,20~30代活躍中◎初めての軽作業デビュー♪,,愛知県 豊田市 若宮町,,,正社員,はい,月給,250000,,最低額を表示,なし,,,,,,,固定時間制,160,,厚生年金、健康保険、雇用保険、労災保険,,なし,,,,,,,,,,,,,,,,,,"難しいことは一切なし！簡単なピッキングや仕分けといった軽作業からスタート。

・リストを見ながら商品を集めるピッキング
・出荷先ごとの簡単な仕分け・梱包
・届いた商品の検品や棚入れ　など

「倉庫作業は初めてで不安…」という方も大丈夫！
先輩の90%が未経験からデビューしています。手厚い研修制度があるから、軽作業が初めての方も安心して一歩を踏み出せる環境です。","【アピールポイント：ココが私たちの推し！】

✅土日祝休み
カレンダー通りのお休みだから、大型連休もしっかり確保。遠征や旅行のスケジュールも立てやすいのが魅力です。

✅職場は「好き」を語れる同志ばかり！
20代メインの職場で、休憩時間は推しトークで大盛り上がり。「ライブどうだった？」「新曲最高！」なんて会話が日常茶飯事です。

✅自分らしさを完全キープ！
髪色・ネイル・服装は自由。推しカラーをネイルに取り入れたり、お気に入りの服でモチベーションを上げたり、オシャレを楽しみながら働けます。

✅趣味の資金もコツコツ貯まる♪
頑張りは昇給でしっかり評価。楽しみながらスキルを磨いて、推し活をもっと充実させちゃいましょう！","例外事由3号のイにより、長期キャリア形成を図るため、
35歳以下を募集しております。","【勤務時間】
★9:00~18:00
└実働8時間/休憩1時間

定時ダッシュも問題ないです✧
✧ 土日祝休み
✧ 残業月平均:6.5時間以内
✧ 残業代100%支給","✧ 完全週休2日制(土日祝休み)
✧ 年間休日125日
「土日休みはマスト!」ってあなたにも
ぴったりの職場です!

【その他休暇】
✧ 有給休暇
✧ 夏季・冬季休暇
✧ GW休暇
✧ 年末年始休暇",愛知県豊田市若宮町,豊田雇用開発センター,"月給:25万円~+交通費全額支給

※経験に応じて決定いたします。

# 昇給あり
# 賞与あり
# 残業代100%支給
# 交通費支給","・社会保険完備
・住宅手当
・家賃補助
・退職金制度
・家族手当・扶養手当
・健康診断
・特別休暇
・資格取得支援制度","\\✧カジュアル面談実施中です✧/

応募に必要なのは人柄のみです!
まずはあなたのご希望を聞かせてください!

✩.。.....................。.✩
■ 応募からの流れ ■
✩.。.....................。.✩

▶STEP1WEBから1分簡単ご応募!
1~3日以内に担当者よりご連絡いたします。

▶ STEP2カジュアル面談(1回のみ)

▶STEP3採用

※入社日のご相談OKです◎
お気軽にご相談ください!",,即日勤務OK、交通費支給、残業なし,2,任意,生年月日、性別、電話番号,ntf-indeedapplicant-aaaatulx77tci2k2pr5yeqapva@shukatsu-labo.slack.com,,,利用しない,,
募集中,株式会社エイジェック,【未経験】軽作業/株式会社エイジェック/岡崎雇用開発センター,倉庫作業スタッフ,20~30代活躍中◎初めての軽作業デビュー♪,,愛知県 岡崎市 唐沢町,,,正社員,はい,月給,250000,,最低額を表示,なし,,,,,,,固定時間制,160,,厚生年金、健康保険、雇用保険、労災保険,,なし,,,,,,,,,,,,,,,,,,"難しいことは一切なし！簡単なピッキングや仕分けといった軽作業からスタート。

・リストを見ながら商品を集めるピッキング
・出荷先ごとの簡単な仕分け・梱包
・届いた商品の検品や棚入れ　など

「倉庫作業は初めてで不安…」という方も大丈夫！
先輩の90%が未経験からデビューしています。手厚い研修制度があるから、軽作業が初めての方も安心して一歩を踏み出せる環境です。","【アピールポイント：ココが私たちの推し！】

✅土日祝休み
カレンダー通りのお休みだから、大型連休もしっかり確保。遠征や旅行のスケジュールも立てやすいのが魅力です。

✅職場は「好き」を語れる同志ばかり！
20代メインの職場で、休憩時間は推しトークで大盛り上がり。「ライブどうだった？」「新曲最高！」なんて会話が日常茶飯事です。

✅自分らしさを完全キープ！
髪色・ネイル・服装は自由。推しカラーをネイルに取り入れたり、お気に入りの服でモチベーションを上げたり、オシャレを楽しみながら働けます。

✅趣味の資金もコツコツ貯まる♪
頑張りは昇給でしっかり評価。楽しみながらスキルを磨いて、推し活をもっと充実させちゃいましょう！","例外事由3号のイにより、長期キャリア形成を図るため、
35歳以下を募集しております。","【勤務時間】
★9:00~18:00
└実働8時間/休憩1時間

定時ダッシュも問題ないです✧
✧ 土日祝休み
✧ 残業月平均:6.5時間以内
✧ 残業代100%支給","✧ 完全週休2日制(土日祝休み)
✧ 年間休日125日
「土日休みはマスト!」ってあなたにも
ぴったりの職場です!

【その他休暇】
✧ 有給休暇
✧ 夏季・冬季休暇
✧ GW休暇
✧ 年末年始休暇",愛知県岡崎市唐沢町,岡崎雇用開発センター,"月給:25万円~+交通費全額支給

※経験に応じて決定いたします。

# 昇給あり
# 賞与あり
# 残業代100%支給
# 交通費支給","・社会保険完備
・住宅手当
・家賃補助
・退職金制度
・家族手当・扶養手当
・健康診断
・特別休暇
・資格取得支援制度","\\✧カジュアル面談実施中です✧/

応募に必要なのは人柄のみです!
まずはあなたのご希望を聞かせてください!

✩.。.....................。.✩
■ 応募からの流れ ■
✩.。.....................。.✩

▶STEP1WEBから1分簡単ご応募!
1~3日以内に担当者よりご連絡いたします。

▶ STEP2カジュアル面談(1回のみ)

▶STEP3採用

※入社日のご相談OKです◎
お気軽にご相談ください!",,即日勤務OK、交通費支給、残業なし,2,任意,生年月日、性別、電話番号,ntf-indeedapplicant-aaaatulx77tci2k2pr5yeqapva@shukatsu-labo.slack.com,,,利用しない,,
募集中,株式会社エイジェック,【未経験】軽作業/株式会社エイジェック/刈谷雇用開発センター,倉庫作業スタッフ,20~30代活躍中◎初めての軽作業デビュー♪,,愛知県 刈谷市 若松町,,,正社員,はい,月給,250000,,最低額を表示,なし,,,,,,,固定時間制,160,,厚生年金、健康保険、雇用保険、労災保険,,なし,,,,,,,,,,,,,,,,,,"難しいことは一切なし！簡単なピッキングや仕分けといった軽作業からスタート。

・リストを見ながら商品を集めるピッキング
・出荷先ごとの簡単な仕分け・梱包
・届いた商品の検品や棚入れ　など

「倉庫作業は初めてで不安…」という方も大丈夫！
先輩の90%が未経験からデビューしています。手厚い研修制度があるから、軽作業が初めての方も安心して一歩を踏み出せる環境です。","【アピールポイント：ココが私たちの推し！】

✅土日祝休み
カレンダー通りのお休みだから、大型連休もしっかり確保。遠征や旅行のスケジュールも立てやすいのが魅力です。

✅職場は「好き」を語れる同志ばかり！
20代メインの職場で、休憩時間は推しトークで大盛り上がり。「ライブどうだった？」「新曲最高！」なんて会話が日常茶飯事です。

✅自分らしさを完全キープ！
髪色・ネイル・服装は自由。推しカラーをネイルに取り入れたり、お気に入りの服でモチベーションを上げたり、オシャレを楽しみながら働けます。

✅趣味の資金もコツコツ貯まる♪
頑張りは昇給でしっかり評価。楽しみながらスキルを磨いて、推し活をもっと充実させちゃいましょう！","例外事由3号のイにより、長期キャリア形成を図るため、
35歳以下を募集しております。","【勤務時間】
★9:00~18:00
└実働8時間/休憩1時間

定時ダッシュも問題ないです✧
✧ 土日祝休み
✧ 残業月平均:6.5時間以内
✧ 残業代100%支給","✧ 完全週休2日制(土日祝休み)
✧ 年間休日125日
「土日休みはマスト!」ってあなたにも
ぴったりの職場です!

【その他休暇】
✧ 有給休暇
✧ 夏季・冬季休暇
✧ GW休暇
✧ 年末年始休暇",愛知県刈谷市若松町,刈谷雇用開発センター,"月給:25万円~+交通費全額支給

※経験に応じて決定いたします。

# 昇給あり
# 賞与あり
# 残業代100%支給
# 交通費支給","・社会保険完備
・住宅手当
・家賃補助
・退職金制度
・家族手当・扶養手当
・健康診断
・特別休暇
・資格取得支援制度","\\✧カジュアル面談実施中です✧/

応募に必要なのは人柄のみです!
まずはあなたのご希望を聞かせてください!

✩.。.....................。.✩
■ 応募からの流れ ■
✩.。.....................。.✩

▶STEP1WEBから1分簡単ご応募!
1~3日以内に担当者よりご連絡いたします。

▶ STEP2カジュアル面談(1回のみ)

▶STEP3採用

※入社日のご相談OKです◎
お気軽にご相談ください!",,即日勤務OK、交通費支給、残業なし,2,任意,生年月日、性別、電話番号,ntf-indeedapplicant-aaaatulx77tci2k2pr5yeqapva@shukatsu-labo.slack.com,,,利用しない,,
募集中,株式会社エイジェック,【未経験】軽作業/株式会社エイジェック/一宮雇用開発センター,倉庫作業スタッフ,20~30代活躍中◎初めての軽作業デビュー♪,,愛知県 一宮市 栄,,,正社員,はい,月給,250000,,最低額を表示,なし,,,,,,,固定時間制,160,,厚生年金、健康保険、雇用保険、労災保険,,なし,,,,,,,,,,,,,,,,,,"難しいことは一切なし！簡単なピッキングや仕分けといった軽作業からスタート。

・リストを見ながら商品を集めるピッキング
・出荷先ごとの簡単な仕分け・梱包
・届いた商品の検品や棚入れ　など

「倉庫作業は初めてで不安…」という方も大丈夫！
先輩の90%が未経験からデビューしています。手厚い研修制度があるから、軽作業が初めての方も安心して一歩を踏み出せる環境です。","【アピールポイント：ココが私たちの推し！】

✅土日祝休み
カレンダー通りのお休みだから、大型連休もしっかり確保。遠征や旅行のスケジュールも立てやすいのが魅力です。

✅職場は「好き」を語れる同志ばかり！
20代メインの職場で、休憩時間は推しトークで大盛り上がり。「ライブどうだった？」「新曲最高！」なんて会話が日常茶飯事です。

✅自分らしさを完全キープ！
髪色・ネイル・服装は自由。推しカラーをネイルに取り入れたり、お気に入りの服でモチベーションを上げたり、オシャレを楽しみながら働けます。

✅趣味の資金もコツコツ貯まる♪
頑張りは昇給でしっかり評価。楽しみながらスキルを磨いて、推し活をもっと充実させちゃいましょう！","例外事由3号のイにより、長期キャリア形成を図るため、
35歳以下を募集しております。","【勤務時間】
★9:00~18:00
└実働8時間/休憩1時間

定時ダッシュも問題ないです✧
✧ 土日祝休み
✧ 残業月平均:6.5時間以内
✧ 残業代100%支給","✧ 完全週休2日制(土日祝休み)
✧ 年間休日125日
「土日休みはマスト!」ってあなたにも
ぴったりの職場です!

【その他休暇】
✧ 有給休暇
✧ 夏季・冬季休暇
✧ GW休暇
✧ 年末年始休暇",愛知県一宮市栄,一宮雇用開発センター,"月給:25万円~+交通費全額支給

※経験に応じて決定いたします。

# 昇給あり
# 賞与あり
# 残業代100%支給
# 交通費支給","・社会保険完備
・住宅手当
・家賃補助
・退職金制度
・家族手当・扶養手当
・健康診断
・特別休暇
・資格取得支援制度","\\✧カジュアル面談実施中です✧/

応募に必要なのは人柄のみです!
まずはあなたのご希望を聞かせてください!

✩.。.....................。.✩
■ 応募からの流れ ■
✩.。.....................。.✩

▶STEP1WEBから1分簡単ご応募!
1~3日以内に担当者よりご連絡いたします。

▶ STEP2カジュアル面談(1回のみ)

▶STEP3採用

※入社日のご相談OKです◎
お気軽にご相談ください!",,即日勤務OK、交通費支給、残業なし,2,任意,生年月日、性別、電話番号,ntf-indeedapplicant-aaaatulx77tci2k2pr5yeqapva@shukatsu-labo.slack.com,,,利用しない,,
募集中,株式会社エイジェック,【未経験】軽作業/株式会社エイジェック/大阪雇用開発センター,倉庫作業スタッフ,20~30代活躍中◎初めての軽作業デビュー♪,,大阪府 大阪市 北区 角田町,,,正社員,はい,月給,250000,,最低額を表示,なし,,,,,,,固定時間制,160,,厚生年金、健康保険、雇用保険、労災保険,,なし,,,,,,,,,,,,,,,,,,"難しいことは一切なし！簡単なピッキングや仕分けといった軽作業からスタート。

・リストを見ながら商品を集めるピッキング
・出荷先ごとの簡単な仕分け・梱包
・届いた商品の検品や棚入れ　など

「倉庫作業は初めてで不安…」という方も大丈夫！
先輩の90%が未経験からデビューしています。手厚い研修制度があるから、軽作業が初めての方も安心して一歩を踏み出せる環境です。","【アピールポイント：ココが私たちの推し！】

✅土日祝休み
カレンダー通りのお休みだから、大型連休もしっかり確保。遠征や旅行のスケジュールも立てやすいのが魅力です。

✅職場は「好き」を語れる同志ばかり！
20代メインの職場で、休憩時間は推しトークで大盛り上がり。「ライブどうだった？」「新曲最高！」なんて会話が日常茶飯事です。

✅自分らしさを完全キープ！
髪色・ネイル・服装は自由。推しカラーをネイルに取り入れたり、お気に入りの服でモチベーションを上げたり、オシャレを楽しみながら働けます。

✅趣味の資金もコツコツ貯まる♪
頑張りは昇給でしっかり評価。楽しみながらスキルを磨いて、推し活をもっと充実させちゃいましょう！","例外事由3号のイにより、長期キャリア形成を図るため、
35歳以下を募集しております。","【勤務時間】
★9:00~18:00
└実働8時間/休憩1時間

定時ダッシュも問題ないです✧
✧ 土日祝休み
✧ 残業月平均:6.5時間以内
✧ 残業代100%支給","✧ 完全週休2日制(土日祝休み)
✧ 年間休日125日
「土日休みはマスト!」ってあなたにも
ぴったりの職場です!

【その他休暇】
✧ 有給休暇
✧ 夏季・冬季休暇
✧ GW休暇
✧ 年末年始休暇",大阪府大阪市北区角田町,大阪雇用開発センター,"月給:25万円~+交通費全額支給

※経験に応じて決定いたします。

# 昇給あり
# 賞与あり
# 残業代100%支給
# 交通費支給","・社会保険完備
・住宅手当
・家賃補助
・退職金制度
・家族手当・扶養手当
・健康診断
・特別休暇
・資格取得支援制度","\\✧カジュアル面談実施中です✧/

応募に必要なのは人柄のみです!
まずはあなたのご希望を聞かせてください!

✩.。.....................。.✩
■ 応募からの流れ ■
✩.。.....................。.✩

▶STEP1WEBから1分簡単ご応募!
1~3日以内に担当者よりご連絡いたします。

▶ STEP2カジュアル面談(1回のみ)

▶STEP3採用

※入社日のご相談OKです◎
お気軽にご相談ください!",,即日勤務OK、交通費支給、残業なし,2,任意,生年月日、性別、電話番号,ntf-indeedapplicant-aaaatulx77tci2k2pr5yeqapva@shukatsu-labo.slack.com,,,利用しない,,
募集中,株式会社エイジェック,【未経験】軽作業/株式会社エイジェック/難波雇用開発センター,倉庫作業スタッフ,20~30代活躍中◎初めての軽作業デビュー♪,,大阪府 大阪市 中央区 難波,,,正社員,はい,月給,250000,,最低額を表示,なし,,,,,,,固定時間制,160,,厚生年金、健康保険、雇用保険、労災保険,,なし,,,,,,,,,,,,,,,,,,"難しいことは一切なし！簡単なピッキングや仕分けといった軽作業からスタート。

・リストを見ながら商品を集めるピッキング
・出荷先ごとの簡単な仕分け・梱包
・届いた商品の検品や棚入れ　など

「倉庫作業は初めてで不安…」という方も大丈夫！
先輩の90%が未経験からデビューしています。手厚い研修制度があるから、軽作業が初めての方も安心して一歩を踏み出せる環境です。","【アピールポイント：ココが私たちの推し！】

✅土日祝休み
カレンダー通りのお休みだから、大型連休もしっかり確保。遠征や旅行のスケジュールも立てやすいのが魅力です。

✅職場は「好き」を語れる同志ばかり！
20代メインの職場で、休憩時間は推しトークで大盛り上がり。「ライブどうだった？」「新曲最高！」なんて会話が日常茶飯事です。

✅自分らしさを完全キープ！
髪色・ネイル・服装は自由。推しカラーをネイルに取り入れたり、お気に入りの服でモチベーションを上げたり、オシャレを楽しみながら働けます。

✅趣味の資金もコツコツ貯まる♪
頑張りは昇給でしっかり評価。楽しみながらスキルを磨いて、推し活をもっと充実させちゃいましょう！","例外事由3号のイにより、長期キャリア形成を図るため、
35歳以下を募集しております。","【勤務時間】
★9:00~18:00
└実働8時間/休憩1時間

定時ダッシュも問題ないです✧
✧ 土日祝休み
✧ 残業月平均:6.5時間以内
✧ 残業代100%支給","✧ 完全週休2日制(土日祝休み)
✧ 年間休日125日
「土日休みはマスト!」ってあなたにも
ぴったりの職場です!

【その他休暇】
✧ 有給休暇
✧ 夏季・冬季休暇
✧ GW休暇
✧ 年末年始休暇",大阪府大阪市中央区難波,難波雇用開発センター,"月給:25万円~+交通費全額支給

※経験に応じて決定いたします。

# 昇給あり
# 賞与あり
# 残業代100%支給
# 交通費支給","・社会保険完備
・住宅手当
・家賃補助
・退職金制度
・家族手当・扶養手当
・健康診断
・特別休暇
・資格取得支援制度","\\✧カジュアル面談実施中です✧/

応募に必要なのは人柄のみです!
まずはあなたのご希望を聞かせてください!

✩.。.....................。.✩
■ 応募からの流れ ■
✩.。.....................。.✩

▶STEP1WEBから1分簡単ご応募!
1~3日以内に担当者よりご連絡いたします。

▶ STEP2カジュアル面談(1回のみ)

▶STEP3採用

※入社日のご相談OKです◎
お気軽にご相談ください!",,即日勤務OK、交通費支給、残業なし,2,任意,生年月日、性別、電話番号,ntf-indeedapplicant-aaaatulx77tci2k2pr5yeqapva@shukatsu-labo.slack.com,,,利用しない,,
募集中,株式会社エイジェック,【未経験】軽作業/株式会社エイジェック/堺雇用開発センター,倉庫作業スタッフ,20~30代活躍中◎初めての軽作業デビュー♪,,大阪府 堺市 堺区 中瓦町,,,正社員,はい,月給,250000,,最低額を表示,なし,,,,,,,固定時間制,160,,厚生年金、健康保険、雇用保険、労災保険,,なし,,,,,,,,,,,,,,,,,,"難しいことは一切なし！簡単なピッキングや仕分けといった軽作業からスタート。

・リストを見ながら商品を集めるピッキング
・出荷先ごとの簡単な仕分け・梱包
・届いた商品の検品や棚入れ　など

「倉庫作業は初めてで不安…」という方も大丈夫！
先輩の90%が未経験からデビューしています。手厚い研修制度があるから、軽作業が初めての方も安心して一歩を踏み出せる環境です。","【アピールポイント：ココが私たちの推し！】

✅土日祝休み
カレンダー通りのお休みだから、大型連休もしっかり確保。遠征や旅行のスケジュールも立てやすいのが魅力です。

✅職場は「好き」を語れる同志ばかり！
20代メインの職場で、休憩時間は推しトークで大盛り上がり。「ライブどうだった？」「新曲最高！」なんて会話が日常茶飯事です。

✅自分らしさを完全キープ！
髪色・ネイル・服装は自由。推しカラーをネイルに取り入れたり、お気に入りの服でモチベーションを上げたり、オシャレを楽しみながら働けます。

✅趣味の資金もコツコツ貯まる♪
頑張りは昇給でしっかり評価。楽しみながらスキルを磨いて、推し活をもっと充実させちゃいましょう！","例外事由3号のイにより、長期キャリア形成を図るため、
35歳以下を募集しております。","【勤務時間】
★9:00~18:00
└実働8時間/休憩1時間

定時ダッシュも問題ないです✧
✧ 土日祝休み
✧ 残業月平均:6.5時間以内
✧ 残業代100%支給","✧ 完全週休2日制(土日祝休み)
✧ 年間休日125日
「土日休みはマスト!」ってあなたにも
ぴったりの職場です!

【その他休暇】
✧ 有給休暇
✧ 夏季・冬季休暇
✧ GW休暇
✧ 年末年始休暇",大阪府堺市堺区中瓦町,堺雇用開発センター,"月給:25万円~+交通費全額支給

※経験に応じて決定いたします。

# 昇給あり
# 賞与あり
# 残業代100%支給
# 交通費支給","・社会保険完備
・住宅手当
・家賃補助
・退職金制度
・家族手当・扶養手当
・健康診断
・特別休暇
・資格取得支援制度","\\✧カジュアル面談実施中です✧/

応募に必要なのは人柄のみです!
まずはあなたのご希望を聞かせてください!

✩.。.....................。.✩
■ 応募からの流れ ■
✩.。.....................。.✩

▶STEP1WEBから1分簡単ご応募!
1~3日以内に担当者よりご連絡いたします。

▶ STEP2カジュアル面談(1回のみ)

▶STEP3採用

※入社日のご相談OKです◎
お気軽にご相談ください!",,即日勤務OK、交通費支給、残業なし,2,任意,生年月日、性別、電話番号,ntf-indeedapplicant-aaaatulx77tci2k2pr5yeqapva@shukatsu-labo.slack.com,,,利用しない,,
募集中,株式会社エイジェック,【未経験】軽作業/株式会社エイジェック/枚方雇用開発センター,倉庫作業スタッフ,20~30代活躍中◎初めての軽作業デビュー♪,,大阪府 枚方市 岡東町,,,正社員,はい,月給,250000,,最低額を表示,なし,,,,,,,固定時間制,160,,厚生年金、健康保険、雇用保険、労災保険,,なし,,,,,,,,,,,,,,,,,,"難しいことは一切なし！簡単なピッキングや仕分けといった軽作業からスタート。

・リストを見ながら商品を集めるピッキング
・出荷先ごとの簡単な仕分け・梱包
・届いた商品の検品や棚入れ　など

「倉庫作業は初めてで不安…」という方も大丈夫！
先輩の90%が未経験からデビューしています。手厚い研修制度があるから、軽作業が初めての方も安心して一歩を踏み出せる環境です。","【アピールポイント：ココが私たちの推し！】

✅土日祝休み
カレンダー通りのお休みだから、大型連休もしっかり確保。遠征や旅行のスケジュールも立てやすいのが魅力です。

✅職場は「好き」を語れる同志ばかり！
20代メインの職場で、休憩時間は推しトークで大盛り上がり。「ライブどうだった？」「新曲最高！」なんて会話が日常茶飯事です。

✅自分らしさを完全キープ！
髪色・ネイル・服装は自由。推しカラーをネイルに取り入れたり、お気に入りの服でモチベーションを上げたり、オシャレを楽しみながら働けます。

✅趣味の資金もコツコツ貯まる♪
頑張りは昇給でしっかり評価。楽しみながらスキルを磨いて、推し活をもっと充実させちゃいましょう！","例外事由3号のイにより、長期キャリア形成を図るため、
35歳以下を募集しております。","【勤務時間】
★9:00~18:00
└実働8時間/休憩1時間

定時ダッシュも問題ないです✧
✧ 土日祝休み
✧ 残業月平均:6.5時間以内
✧ 残業代100%支給","✧ 完全週休2日制(土日祝休み)
✧ 年間休日125日
「土日休みはマスト!」ってあなたにも
ぴったりの職場です!

【その他休暇】
✧ 有給休暇
✧ 夏季・冬季休暇
✧ GW休暇
✧ 年末年始休暇",大阪府枚方市岡東町,枚方雇用開発センター,"月給:25万円~+交通費全額支給

※経験に応じて決定いたします。

# 昇給あり
# 賞与あり
# 残業代100%支給
# 交通費支給","・社会保険完備
・住宅手当
・家賃補助
・退職金制度
・家族手当・扶養手当
・健康診断
・特別休暇
・資格取得支援制度","\\✧カジュアル面談実施中です✧/

応募に必要なのは人柄のみです!
まずはあなたのご希望を聞かせてください!

✩.。.....................。.✩
■ 応募からの流れ ■
✩.。.....................。.✩

▶STEP1WEBから1分簡単ご応募!
1~3日以内に担当者よりご連絡いたします。

▶ STEP2カジュアル面談(1回のみ)

▶STEP3採用

※入社日のご相談OKです◎
お気軽にご相談ください!",,即日勤務OK、交通費支給、残業なし,2,任意,生年月日、性別、電話番号,ntf-indeedapplicant-aaaatulx77tci2k2pr5yeqapva@shukatsu-labo.slack.com,,,利用しない,,
募集中,株式会社エイジェック,【未経験】軽作業/株式会社エイジェック/福岡雇用開発センター,倉庫作業スタッフ,20~30代活躍中◎初めての軽作業デビュー♪,,福岡県 福岡市 博多区 博多駅中央街,,,正社員,はい,月給,250000,,最低額を表示,なし,,,,,,,固定時間制,160,,厚生年金、健康保険、雇用保険、労災保険,,なし,,,,,,,,,,,,,,,,,,"難しいことは一切なし！簡単なピッキングや仕分けといった軽作業からスタート。

・リストを見ながら商品を集めるピッキング
・出荷先ごとの簡単な仕分け・梱包
・届いた商品の検品や棚入れ　など

「倉庫作業は初めてで不安…」という方も大丈夫！
先輩の90%が未経験からデビューしています。手厚い研修制度があるから、軽作業が初めての方も安心して一歩を踏み出せる環境です。","【アピールポイント：ココが私たちの推し！】

✅土日祝休み
カレンダー通りのお休みだから、大型連休もしっかり確保。遠征や旅行のスケジュールも立てやすいのが魅力です。

✅職場は「好き」を語れる同志ばかり！
20代メインの職場で、休憩時間は推しトークで大盛り上がり。「ライブどうだった？」「新曲最高！」なんて会話が日常茶飯事です。

✅自分らしさを完全キープ！
髪色・ネイル・服装は自由。推しカラーをネイルに取り入れたり、お気に入りの服でモチベーションを上げたり、オシャレを楽しみながら働けます。

✅趣味の資金もコツコツ貯まる♪
頑張りは昇給でしっかり評価。楽しみながらスキルを磨いて、推し活をもっと充実させちゃいましょう！","例外事由3号のイにより、長期キャリア形成を図るため、
35歳以下を募集しております。","【勤務時間】
★9:00~18:00
└実働8時間/休憩1時間

定時ダッシュも問題ないです✧
✧ 土日祝休み
✧ 残業月平均:6.5時間以内
✧ 残業代100%支給","✧ 完全週休2日制(土日祝休み)
✧ 年間休日125日
「土日休みはマスト!」ってあなたにも
ぴったりの職場です!

【その他休暇】
✧ 有給休暇
✧ 夏季・冬季休暇
✧ GW休暇
✧ 年末年始休暇",福岡県福岡市博多区博多駅中央街,福岡雇用開発センター,"月給:25万円~+交通費全額支給

※経験に応じて決定いたします。

# 昇給あり
# 賞与あり
# 残業代100%支給
# 交通費支給","・社会保険完備
・住宅手当
・家賃補助
・退職金制度
・家族手当・扶養手当
・健康診断
・特別休暇
・資格取得支援制度","\\✧カジュアル面談実施中です✧/

応募に必要なのは人柄のみです!
まずはあなたのご希望を聞かせてください!

✩.。.....................。.✩
■ 応募からの流れ ■
✩.。.....................。.✩

▶STEP1WEBから1分簡単ご応募!
1~3日以内に担当者よりご連絡いたします。

▶ STEP2カジュアル面談(1回のみ)

▶STEP3採用

※入社日のご相談OKです◎
お気軽にご相談ください!",,即日勤務OK、交通費支給、残業なし,2,任意,生年月日、性別、電話番号,ntf-indeedapplicant-aaaatulx77tci2k2pr5yeqapva@shukatsu-labo.slack.com,,,利用しない,,
募集中,株式会社エイジェック,【未経験】軽作業/株式会社エイジェック/小倉雇用開発センター,倉庫作業スタッフ,20~30代活躍中◎初めての軽作業デビュー♪,,福岡県 北九州市 小倉北区,,,正社員,はい,月給,250000,,最低額を表示,なし,,,,,,,固定時間制,160,,厚生年金、健康保険、雇用保険、労災保険,,なし,,,,,,,,,,,,,,,,,,"難しいことは一切なし！簡単なピッキングや仕分けといった軽作業からスタート。

・リストを見ながら商品を集めるピッキング
・出荷先ごとの簡単な仕分け・梱包
・届いた商品の検品や棚入れ　など

「倉庫作業は初めてで不安…」という方も大丈夫！
先輩の90%が未経験からデビューしています。手厚い研修制度があるから、軽作業が初めての方も安心して一歩を踏み出せる環境です。","【アピールポイント：ココが私たちの推し！】

✅土日祝休み
カレンダー通りのお休みだから、大型連休もしっかり確保。遠征や旅行のスケジュールも立てやすいのが魅力です。

✅職場は「好き」を語れる同志ばかり！
20代メインの職場で、休憩時間は推しトークで大盛り上がり。「ライブどうだった？」「新曲最高！」なんて会話が日常茶飯事です。

✅自分らしさを完全キープ！
髪色・ネイル・服装は自由。推しカラーをネイルに取り入れたり、お気に入りの服でモチベーションを上げたり、オシャレを楽しみながら働けます。

✅趣味の資金もコツコツ貯まる♪
頑張りは昇給でしっかり評価。楽しみながらスキルを磨いて、推し活をもっと充実させちゃいましょう！","例外事由3号のイにより、長期キャリア形成を図るため、
35歳以下を募集しております。","【勤務時間】
★9:00~18:00
└実働8時間/休憩1時間

定時ダッシュも問題ないです✧
✧ 土日祝休み
✧ 残業月平均:6.5時間以内
✧ 残業代100%支給","✧ 完全週休2日制(土日祝休み)
✧ 年間休日125日
「土日休みはマスト!」ってあなたにも
ぴったりの職場です!

【その他休暇】
✧ 有給休暇
✧ 夏季・冬季休暇
✧ GW休暇
✧ 年末年始休暇",福岡県北九州市小倉北区駅前,小倉雇用開発センター,"月給:25万円~+交通費全額支給

※経験に応じて決定いたします。

# 昇給あり
# 賞与あり
# 残業代100%支給
# 交通費支給","・社会保険完備
・住宅手当
・家賃補助
・退職金制度
・家族手当・扶養手当
・健康診断
・特別休暇
・資格取得支援制度","\\✧カジュアル面談実施中です✧/

応募に必要なのは人柄のみです!
まずはあなたのご希望を聞かせてください!

✩.。.....................。.✩
■ 応募からの流れ ■
✩.。.....................。.✩

▶STEP1WEBから1分簡単ご応募!
1~3日以内に担当者よりご連絡いたします。

▶ STEP2カジュアル面談(1回のみ)

▶STEP3採用

※入社日のご相談OKです◎
お気軽にご相談ください!",,即日勤務OK、交通費支給、残業なし,2,任意,生年月日、性別、電話番号,ntf-indeedapplicant-aaaatulx77tci2k2pr5yeqapva@shukatsu-labo.slack.com,,,利用しない,,
募集中,株式会社エイジェック,【未経験】軽作業/株式会社エイジェック/久留米雇用開発センター,倉庫作業スタッフ,20~30代活躍中◎初めての軽作業デビュー♪,,福岡県 久留米市 東町,,,正社員,はい,月給,250000,,最低額を表示,なし,,,,,,,固定時間制,160,,厚生年金、健康保険、雇用保険、労災保険,,なし,,,,,,,,,,,,,,,,,,"難しいことは一切なし！簡単なピッキングや仕分けといった軽作業からスタート。

・リストを見ながら商品を集めるピッキング
・出荷先ごとの簡単な仕分け・梱包
・届いた商品の検品や棚入れ　など

「倉庫作業は初めてで不安…」という方も大丈夫！
先輩の90%が未経験からデビューしています。手厚い研修制度があるから、軽作業が初めての方も安心して一歩を踏み出せる環境です。","【アピールポイント：ココが私たちの推し！】

✅土日祝休み
カレンダー通りのお休みだから、大型連休もしっかり確保。遠征や旅行のスケジュールも立てやすいのが魅力です。

✅職場は「好き」を語れる同志ばかり！
20代メインの職場で、休憩時間は推しトークで大盛り上がり。「ライブどうだった？」「新曲最高！」なんて会話が日常茶飯事です。

✅自分らしさを完全キープ！
髪色・ネイル・服装は自由。推しカラーをネイルに取り入れたり、お気に入りの服でモチベーションを上げたり、オシャレを楽しみながら働けます。

✅趣味の資金もコツコツ貯まる♪
頑張りは昇給でしっかり評価。楽しみながらスキルを磨いて、推し活をもっと充実させちゃいましょう！","例外事由3号のイにより、長期キャリア形成を図るため、
35歳以下を募集しております。","【勤務時間】
★9:00~18:00
└実働8時間/休憩1時間

定時ダッシュも問題ないです✧
✧ 土日祝休み
✧ 残業月平均:6.5時間以内
✧ 残業代100%支給","✧ 完全週休2日制(土日祝休み)
✧ 年間休日125日
「土日休みはマスト!」ってあなたにも
ぴったりの職場です!

【その他休暇】
✧ 有給休暇
✧ 夏季・冬季休暇
✧ GW休暇
✧ 年末年始休暇",福岡県久留米市東町,久留米雇用開発センター,"月給:25万円~+交通費全額支給

※経験に応じて決定いたします。

# 昇給あり
# 賞与あり
# 残業代100%支給
# 交通費支給","・社会保険完備
・住宅手当
・家賃補助
・退職金制度
・家族手当・扶養手当
・健康診断
・特別休暇
・資格取得支援制度","\\✧カジュアル面談実施中です✧/

応募に必要なのは人柄のみです!
まずはあなたのご希望を聞かせてください!

✩.。.....................。.✩
■ 応募からの流れ ■
✩.。.....................。.✩

▶STEP1WEBから1分簡単ご応募!
1~3日以内に担当者よりご連絡いたします。

▶ STEP2カジュアル面談(1回のみ)

▶STEP3採用

※入社日のご相談OKです◎
お気軽にご相談ください!",,即日勤務OK、交通費支給、残業なし,2,任意,生年月日、性別、電話番号,ntf-indeedapplicant-aaaatulx77tci2k2pr5yeqapva@shukatsu-labo.slack.com,,,利用しない,,
募集中,株式会社エイジェック,【未経験】軽作業/株式会社エイジェック/糸島雇用開発センター,倉庫作業スタッフ,20~30代活躍中◎初めての軽作業デビュー♪,,福岡県 糸島市 前原中央,,,正社員,はい,月給,250000,,最低額を表示,なし,,,,,,,固定時間制,160,,厚生年金、健康保険、雇用保険、労災保険,,なし,,,,,,,,,,,,,,,,,,"難しいことは一切なし！簡単なピッキングや仕分けといった軽作業からスタート。

・リストを見ながら商品を集めるピッキング
・出荷先ごとの簡単な仕分け・梱包
・届いた商品の検品や棚入れ　など

「倉庫作業は初めてで不安…」という方も大丈夫！
先輩の90%が未経験からデビューしています。手厚い研修制度があるから、軽作業が初めての方も安心して一歩を踏み出せる環境です。","【アピールポイント：ココが私たちの推し！】

✅土日祝休み
カレンダー通りのお休みだから、大型連休もしっかり確保。遠征や旅行のスケジュールも立てやすいのが魅力です。

✅職場は「好き」を語れる同志ばかり！
20代メインの職場で、休憩時間は推しトークで大盛り上がり。「ライブどうだった？」「新曲最高！」なんて会話が日常茶飯事です。

✅自分らしさを完全キープ！
髪色・ネイル・服装は自由。推しカラーをネイルに取り入れたり、お気に入りの服でモチベーションを上げたり、オシャレを楽しみながら働けます。

✅趣味の資金もコツコツ貯まる♪
頑張りは昇給でしっかり評価。楽しみながらスキルを磨いて、推し活をもっと充実させちゃいましょう！","例外事由3号のイにより、長期キャリア形成を図るため、
35歳以下を募集しております。","【勤務時間】
★9:00~18:00
└実働8時間/休憩1時間

定時ダッシュも問題ないです✧
✧ 土日祝休み
✧ 残業月平均:6.5時間以内
✧ 残業代100%支給","✧ 完全週休2日制(土日祝休み)
✧ 年間休日125日
「土日休みはマスト!」ってあなたにも
ぴったりの職場です!

【その他休暇】
✧ 有給休暇
✧ 夏季・冬季休暇
✧ GW休暇
✧ 年末年始休暇",福岡県糸島市前原中央,糸島雇用開発センター,"月給:25万円~+交通費全額支給

※経験に応じて決定いたします。

# 昇給あり
# 賞与あり
# 残業代100%支給
# 交通費支給","・社会保険完備
・住宅手当
・家賃補助
・退職金制度
・家族手当・扶養手当
・健康診断
・特別休暇
・資格取得支援制度","\\✧カジュアル面談実施中です✧/

応募に必要なのは人柄のみです!
まずはあなたのご希望を聞かせてください!

✩.。.....................。.✩
■ 応募からの流れ ■
✩.。.....................。.✩

▶STEP1WEBから1分簡単ご応募!
1~3日以内に担当者よりご連絡いたします。

▶ STEP2カジュアル面談(1回のみ)

▶STEP3採用

※入社日のご相談OKです◎
お気軽にご相談ください!",,即日勤務OK、交通費支給、残業なし,2,任意,生年月日、性別、電話番号,ntf-indeedapplicant-aaaatulx77tci2k2pr5yeqapva@shukatsu-labo.slack.com,,,利用しない,,
募集中,株式会社BREXA Technology,【未経験】軽作業/株式会社BREXA Technology/BREXA Academy Semicon 福岡,倉庫作業スタッフ,残業なし・完全週休2日制で自分時間を最大化。未経験から自分らしいスタイル（髪型・ネイル自由）で、コツコツ集中して働ける軽作業のお仕事です！,,福岡県 大牟田市 四箇新町,,,正社員,はい,月給,250000,,最低額を表示,なし,,,,,,,固定時間制,160,,厚生年金、健康保険、雇用保険、労災保険,,なし,,,,,,,,,,,,,,,,,,"【お仕事内容】
難しいことは一切なし！簡単なピッキングや仕分けといった軽作業からスタート。

・リストを見ながら商品を集めるピッキング
・出荷先ごとの簡単な仕分け・梱包
・届いた商品の検品や棚入れ　など

「倉庫作業は初めてで不安…」という方も大丈夫！
先輩の90%が未経験からデビューしています。手厚い研修制度があるから、軽作業が初めての方も安心して一歩を踏み出せる環境です。","【アピールポイント：ココが私たちの推し！】

✅土日祝休み
カレンダー通りのお休みだから、大型連休もしっかり確保。遠征や旅行のスケジュールも立てやすいのが魅力です。

✅職場は「好き」を語れる同志ばかり！
20代メインの職場で、休憩時間は推しトークで大盛り上がり。「ライブどうだった？」「新曲最高！」なんて会話が日常茶飯事です。

✅自分らしさを完全キープ！
髪色・ネイル・服装は自由。推しカラーをネイルに取り入れたり、お気に入りの服でモチベーションを上げたり、オシャレを楽しみながら働けます。

✅趣味の資金もコツコツ貯まる♪
頑張りは昇給でしっかり評価。楽しみながらスキルを磨いて、推し活をもっと充実させちゃいましょう！","【こんな方にピッタリなお仕事です！】

・趣味やプライベートを第一優先にしたい方
・PC入力などのコツコツ作業が好きな方
・フリーターから卒業して、安定した環境で働きたい方
・家庭と仕事をバランスよく両立したい主婦(夫)さん
・第二新卒として、新しい環境でリスタートしたい方
・誰かをサポートすることにやりがいを感じる方
・ワークライフバランスを何より大切にしたい方

【応募条件は一切なし！】
#未経験・ブランクOK #学歴・職歴・経験不問
#20代・30代女性活躍中 #推し活優先OK #残業ほぼナシ

「今の自分」のままで、一歩踏み出してみませんか？ハローワークでお探し中の方も、ぜひお気軽にご応募ください！","【勤務時間】
★9:00~18:00
└実働8時間/休憩1時間

定時ダッシュも問題ないです✧
✧ 土日祝休み
✧ 残業月平均:6.5時間以内
✧ 残業代100%支給","✧ 完全週休2日制(土日祝休み)
✧ 年間休日125日
「土日休みはマスト!」ってあなたにも
ぴったりの職場です!

【その他休暇】
✧ 有給休暇
✧ 夏季・冬季休暇
✧ GW休暇
✧ 年末年始休暇",BREXA Academy Semicon 福岡,福岡県大牟田市四箇新町1-5 アスカインデックス 九州テクニカルセンター内,"月給:25万円~+交通費全額支給

※経験に応じて決定いたします。

# 昇給あり
# 賞与あり
# 残業代100%支給
# 交通費支給","・社会保険完備
・住宅手当
・家賃補助
・退職金制度
・家族手当・扶養手当
・健康診断
・特別休暇
・資格取得支援制度","\\✧カジュアル面談実施中です✧/

応募に必要なのは人柄のみです!
まずはあなたのご希望を聞かせてください!

✩.。.....................。.✩
■ 応募からの流れ ■
✩.。.....................。.✩

▶STEP1WEBから1分簡単ご応募!
1~3日以内に担当者よりご連絡いたします。

▶ STEP2カジュアル面談(1回のみ)

▶STEP3採用

※入社日のご相談OKです◎
お気軽にご相談ください!",,即日勤務OK、交通費支給、残業なし,2,任意,生年月日、性別、電話番号,ntf-indeedapplicant-aaaatulx77tci2k2pr5yeqapva@shukatsu-labo.slack.com,,,利用しない,,
休止中,株式会社BREXA Technology,【未経験】軽作業/株式会社BREXA Technology/メカトロニクスデザインセンター 熊本開発センター,倉庫作業スタッフ,残業なし・完全週休2日制で自分時間を最大化。未経験から自分らしいスタイル（髪型・ネイル自由）で、コツコツ集中して働ける軽作業のお仕事です！,,熊本県 上益城郡 益城町,,,正社員,はい,月給,250000,,最低額を表示,なし,,,,,,,固定時間制,160,,厚生年金、健康保険、雇用保険、労災保険,,なし,,,,,,,,,,,,,,,,,,"【お仕事内容】
難しいことは一切なし！簡単なピッキングや仕分けといった軽作業からスタート。

・リストを見ながら商品を集めるピッキング
・出荷先ごとの簡単な仕分け・梱包
・届いた商品の検品や棚入れ　など

「倉庫作業は初めてで不安…」という方も大丈夫！
先輩の90%が未経験からデビューしています。手厚い研修制度があるから、軽作業が初めての方も安心して一歩を踏み出せる環境です。","【アピールポイント：ココが私たちの推し！】

✅土日祝休み
カレンダー通りのお休みだから、大型連休もしっかり確保。遠征や旅行のスケジュールも立てやすいのが魅力です。

✅職場は「好き」を語れる同志ばかり！
20代メインの職場で、休憩時間は推しトークで大盛り上がり。「ライブどうだった？」「新曲最高！」なんて会話が日常茶飯事です。

✅自分らしさを完全キープ！
髪色・ネイル・服装は自由。推しカラーをネイルに取り入れたり、お気に入りの服でモチベーションを上げたり、オシャレを楽しみながら働けます。

✅趣味の資金もコツコツ貯まる♪
頑張りは昇給でしっかり評価。楽しみながらスキルを磨いて、推し活をもっと充実させちゃいましょう！","【こんな方にピッタリなお仕事です！】

・趣味やプライベートを第一優先にしたい方
・PC入力などのコツコツ作業が好きな方
・フリーターから卒業して、安定した環境で働きたい方
・家庭と仕事をバランスよく両立したい主婦(夫)さん
・第二新卒として、新しい環境でリスタートしたい方
・誰かをサポートすることにやりがいを感じる方
・ワークライフバランスを何より大切にしたい方

【応募条件は一切なし！】
#未経験・ブランクOK #学歴・職歴・経験不問
#20代・30代女性活躍中 #推し活優先OK #残業ほぼナシ

「今の自分」のままで、一歩踏み出してみませんか？ハローワークでお探し中の方も、ぜひお気軽にご応募ください！","【勤務時間】
★9:00~18:00
└実働8時間/休憩1時間

定時ダッシュも問題ないです✧
✧ 土日祝休み
✧ 残業月平均:6.5時間以内
✧ 残業代100%支給","✧ 完全週休2日制(土日祝休み)
✧ 年間休日125日
「土日休みはマスト!」ってあなたにも
ぴったりの職場です!

【その他休暇】
✧ 有給休暇
✧ 夏季・冬季休暇
✧ GW休暇
✧ 年末年始休暇",メカトロニクスデザインセンター 熊本開発センター,熊本県上益城郡益城町田原2081-28 テクノ・リサーチパーク内KSKビル2F,"月給:25万円~+交通費全額支給

※経験に応じて決定いたします。

# 昇給あり
# 賞与あり
# 残業代100%支給
# 交通費支給","・社会保険完備
・住宅手当
・家賃補助
・退職金制度
・家族手当・扶養手当
・健康診断
・特別休暇
・資格取得支援制度","\\✧カジュアル面談実施中です✧/

応募に必要なのは人柄のみです!
まずはあなたのご希望を聞かせてください!

✩.。.....................。.✩
■ 応募からの流れ ■
✩.。.....................。.✩

▶STEP1WEBから1分簡単ご応募!
1~3日以内に担当者よりご連絡いたします。

▶ STEP2カジュアル面談(1回のみ)

▶STEP3採用

※入社日のご相談OKです◎
お気軽にご相談ください!",,即日勤務OK、交通費支給、残業なし,2,任意,生年月日、性別、電話番号,ntf-indeedapplicant-aaaatulx77tci2k2pr5yeqapva@shukatsu-labo.slack.com,,,利用しない,,
募集中,株式会社BREXA Technology,【未経験】軽作業/株式会社BREXA Technology/大阪第2開発センター,倉庫作業スタッフ,残業なし・完全週休2日制で自分時間を最大化。未経験から自分らしいスタイル（髪型・ネイル自由）で、コツコツ集中して働ける軽作業のお仕事です！,,大阪府 大阪市 北区 西天満,,,正社員,はい,月給,250000,,最低額を表示,なし,,,,,,,固定時間制,160,,厚生年金、健康保険、雇用保険、労災保険,,なし,,,,,,,,,,,,,,,,,,"【お仕事内容】
難しいことは一切なし！簡単なピッキングや仕分けといった軽作業からスタート。

・リストを見ながら商品を集めるピッキング
・出荷先ごとの簡単な仕分け・梱包
・届いた商品の検品や棚入れ　など

「倉庫作業は初めてで不安…」という方も大丈夫！
先輩の90%が未経験からデビューしています。手厚い研修制度があるから、軽作業が初めての方も安心して一歩を踏み出せる環境です。","【アピールポイント：ココが私たちの推し！】

✅土日祝休み
カレンダー通りのお休みだから、大型連休もしっかり確保。遠征や旅行のスケジュールも立てやすいのが魅力です。

✅職場は「好き」を語れる同志ばかり！
20代メインの職場で、休憩時間は推しトークで大盛り上がり。「ライブどうだった？」「新曲最高！」なんて会話が日常茶飯事です。

✅自分らしさを完全キープ！
髪色・ネイル・服装は自由。推しカラーをネイルに取り入れたり、お気に入りの服でモチベーションを上げたり、オシャレを楽しみながら働けます。

✅趣味の資金もコツコツ貯まる♪
頑張りは昇給でしっかり評価。楽しみながらスキルを磨いて、推し活をもっと充実させちゃいましょう！","【こんな方にピッタリなお仕事です！】

・趣味やプライベートを第一優先にしたい方
・PC入力などのコツコツ作業が好きな方
・フリーターから卒業して、安定した環境で働きたい方
・家庭と仕事をバランスよく両立したい主婦(夫)さん
・第二新卒として、新しい環境でリスタートしたい方
・誰かをサポートすることにやりがいを感じる方
・ワークライフバランスを何より大切にしたい方

【応募条件は一切なし！】
#未経験・ブランクOK #学歴・職歴・経験不問
#20代・30代女性活躍中 #推し活優先OK #残業ほぼナシ

「今の自分」のままで、一歩踏み出してみませんか？ハローワークでお探し中の方も、ぜひお気軽にご応募ください！","【勤務時間】
★9:00~18:00
└実働8時間/休憩1時間

定時ダッシュも問題ないです✧
✧ 土日祝休み
✧ 残業月平均:6.5時間以内
✧ 残業代100%支給","✧ 完全週休2日制(土日祝休み)
✧ 年間休日125日
「土日休みはマスト!」ってあなたにも
ぴったりの職場です!

【その他休暇】
✧ 有給休暇
✧ 夏季・冬季休暇
✧ GW休暇
✧ 年末年始休暇",大阪第2開発センター,大阪府大阪市北区西天満4‐4‐13 三共ビル梅新8F,"月給:25万円~+交通費全額支給

※経験に応じて決定いたします。

# 昇給あり
# 賞与あり
# 残業代100%支給
# 交通費支給","・社会保険完備
・住宅手当
・家賃補助
・退職金制度
・家族手当・扶養手当
・健康診断
・特別休暇
・資格取得支援制度","\\✧カジュアル面談実施中です✧/

応募に必要なのは人柄のみです!
まずはあなたのご希望を聞かせてください!

✩.。.....................。.✩
■ 応募からの流れ ■
✩.。.....................。.✩

▶STEP1WEBから1分簡単ご応募!
1~3日以内に担当者よりご連絡いたします。

▶ STEP2カジュアル面談(1回のみ)

▶STEP3採用

※入社日のご相談OKです◎
お気軽にご相談ください!",,即日勤務OK、交通費支給、残業なし,2,任意,生年月日、性別、電話番号,ntf-indeedapplicant-aaaatulx77tci2k2pr5yeqapva@shukatsu-labo.slack.com,,,利用しない,,
募集中,株式会社BREXA Technology,【未経験】軽作業/株式会社BREXA Technology/大阪開発センター,倉庫作業スタッフ,残業なし・完全週休2日制で自分時間を最大化。未経験から自分らしいスタイル（髪型・ネイル自由）で、コツコツ集中して働ける軽作業のお仕事です！,,大阪府 大阪市 北区 南森町,,,正社員,はい,月給,250000,,最低額を表示,なし,,,,,,,固定時間制,160,,厚生年金、健康保険、雇用保険、労災保険,,なし,,,,,,,,,,,,,,,,,,"【お仕事内容】
難しいことは一切なし！簡単なピッキングや仕分けといった軽作業からスタート。

・リストを見ながら商品を集めるピッキング
・出荷先ごとの簡単な仕分け・梱包
・届いた商品の検品や棚入れ　など

「倉庫作業は初めてで不安…」という方も大丈夫！
先輩の90%が未経験からデビューしています。手厚い研修制度があるから、軽作業が初めての方も安心して一歩を踏み出せる環境です。","【アピールポイント：ココが私たちの推し！】

✅土日祝休み
カレンダー通りのお休みだから、大型連休もしっかり確保。遠征や旅行のスケジュールも立てやすいのが魅力です。

✅職場は「好き」を語れる同志ばかり！
20代メインの職場で、休憩時間は推しトークで大盛り上がり。「ライブどうだった？」「新曲最高！」なんて会話が日常茶飯事です。

✅自分らしさを完全キープ！
髪色・ネイル・服装は自由。推しカラーをネイルに取り入れたり、お気に入りの服でモチベーションを上げたり、オシャレを楽しみながら働けます。

✅趣味の資金もコツコツ貯まる♪
頑張りは昇給でしっかり評価。楽しみながらスキルを磨いて、推し活をもっと充実させちゃいましょう！","【こんな方にピッタリなお仕事です！】

・趣味やプライベートを第一優先にしたい方
・PC入力などのコツコツ作業が好きな方
・フリーターから卒業して、安定した環境で働きたい方
・家庭と仕事をバランスよく両立したい主婦(夫)さん
・第二新卒として、新しい環境でリスタートしたい方
・誰かをサポートすることにやりがいを感じる方
・ワークライフバランスを何より大切にしたい方

【応募条件は一切なし！】
#未経験・ブランクOK #学歴・職歴・経験不問
#20代・30代女性活躍中 #推し活優先OK #残業ほぼナシ

「今の自分」のままで、一歩踏み出してみませんか？ハローワークでお探し中の方も、ぜひお気軽にご応募ください！","【勤務時間】
★9:00~18:00
└実働8時間/休憩1時間

定時ダッシュも問題ないです✧
✧ 土日祝休み
✧ 残業月平均:6.5時間以内
✧ 残業代100%支給","✧ 完全週休2日制(土日祝休み)
✧ 年間休日125日
「土日休みはマスト!」ってあなたにも
ぴったりの職場です!

【その他休暇】
✧ 有給休暇
✧ 夏季・冬季休暇
✧ GW休暇
✧ 年末年始休暇",大阪開発センター,大阪府大阪市北区南森町1-2-25 南森町isビル2F,"月給:25万円~+交通費全額支給

※経験に応じて決定いたします。

# 昇給あり
# 賞与あり
# 残業代100%支給
# 交通費支給","・社会保険完備
・住宅手当
・家賃補助
・退職金制度
・家族手当・扶養手当
・健康診断
・特別休暇
・資格取得支援制度","\\✧カジュアル面談実施中です✧/

応募に必要なのは人柄のみです!
まずはあなたのご希望を聞かせてください!

✩.。.....................。.✩
■ 応募からの流れ ■
✩.。.....................。.✩

▶STEP1WEBから1分簡単ご応募!
1~3日以内に担当者よりご連絡いたします。

▶ STEP2カジュアル面談(1回のみ)

▶STEP3採用

※入社日のご相談OKです◎
お気軽にご相談ください!",,即日勤務OK、交通費支給、残業なし,2,任意,生年月日、性別、電話番号,ntf-indeedapplicant-aaaatulx77tci2k2pr5yeqapva@shukatsu-labo.slack.com,,,利用しない,,
募集中,株式会社BREXA Technology,【未経験】軽作業/株式会社BREXA Technology/関西開発センター / 新大阪オフィス,倉庫作業スタッフ,残業なし・完全週休2日制で自分時間を最大化。未経験から自分らしいスタイル（髪型・ネイル自由）で、コツコツ集中して働ける軽作業のお仕事です！,,大阪府 大阪市 淀川区 宮原,,,正社員,はい,月給,250000,,最低額を表示,なし,,,,,,,固定時間制,160,,厚生年金、健康保険、雇用保険、労災保険,,なし,,,,,,,,,,,,,,,,,,"【お仕事内容】
難しいことは一切なし！簡単なピッキングや仕分けといった軽作業からスタート。

・リストを見ながら商品を集めるピッキング
・出荷先ごとの簡単な仕分け・梱包
・届いた商品の検品や棚入れ　など

「倉庫作業は初めてで不安…」という方も大丈夫！
先輩の90%が未経験からデビューしています。手厚い研修制度があるから、軽作業が初めての方も安心して一歩を踏み出せる環境です。","【アピールポイント：ココが私たちの推し！】

✅土日祝休み
カレンダー通りのお休みだから、大型連休もしっかり確保。遠征や旅行のスケジュールも立てやすいのが魅力です。

✅職場は「好き」を語れる同志ばかり！
20代メインの職場で、休憩時間は推しトークで大盛り上がり。「ライブどうだった？」「新曲最高！」なんて会話が日常茶飯事です。

✅自分らしさを完全キープ！
髪色・ネイル・服装は自由。推しカラーをネイルに取り入れたり、お気に入りの服でモチベーションを上げたり、オシャレを楽しみながら働けます。

✅趣味の資金もコツコツ貯まる♪
頑張りは昇給でしっかり評価。楽しみながらスキルを磨いて、推し活をもっと充実させちゃいましょう！","【こんな方にピッタリなお仕事です！】

・趣味やプライベートを第一優先にしたい方
・PC入力などのコツコツ作業が好きな方
・フリーターから卒業して、安定した環境で働きたい方
・家庭と仕事をバランスよく両立したい主婦(夫)さん
・第二新卒として、新しい環境でリスタートしたい方
・誰かをサポートすることにやりがいを感じる方
・ワークライフバランスを何より大切にしたい方

【応募条件は一切なし！】
#未経験・ブランクOK #学歴・職歴・経験不問
#20代・30代女性活躍中 #推し活優先OK #残業ほぼナシ

「今の自分」のままで、一歩踏み出してみませんか？ハローワークでお探し中の方も、ぜひお気軽にご応募ください！","【勤務時間】
★9:00~18:00
└実働8時間/休憩1時間

定時ダッシュも問題ないです✧
✧ 土日祝休み
✧ 残業月平均:6.5時間以内
✧ 残業代100%支給","✧ 完全週休2日制(土日祝休み)
✧ 年間休日125日
「土日休みはマスト!」ってあなたにも
ぴったりの職場です!

【その他休暇】
✧ 有給休暇
✧ 夏季・冬季休暇
✧ GW休暇
✧ 年末年始休暇",関西開発センター / 新大阪オフィス,大阪府大阪市淀川区宮原4-1-14 住友生命新大阪北ビル2F,"月給:25万円~+交通費全額支給

※経験に応じて決定いたします。

# 昇給あり
# 賞与あり
# 残業代100%支給
# 交通費支給","・社会保険完備
・住宅手当
・家賃補助
・退職金制度
・家族手当・扶養手当
・健康診断
・特別休暇
・資格取得支援制度","\\✧カジュアル面談実施中です✧/

応募に必要なのは人柄のみです!
まずはあなたのご希望を聞かせてください!

✩.。.....................。.✩
■ 応募からの流れ ■
✩.。.....................。.✩

▶STEP1WEBから1分簡単ご応募!
1~3日以内に担当者よりご連絡いたします。

▶ STEP2カジュアル面談(1回のみ)

▶STEP3採用

※入社日のご相談OKです◎
お気軽にご相談ください!",,即日勤務OK、交通費支給、残業なし,2,任意,生年月日、性別、電話番号,ntf-indeedapplicant-aaaatulx77tci2k2pr5yeqapva@shukatsu-labo.slack.com,,,利用しない,,
募集中,株式会社BREXA Technology,【未経験】軽作業/株式会社BREXA Technology/刈谷開発センター,倉庫作業スタッフ,残業なし・完全週休2日制で自分時間を最大化。未経験から自分らしいスタイル（髪型・ネイル自由）で、コツコツ集中して働ける軽作業のお仕事です！,,愛知県 刈谷市 幸町,,,正社員,はい,月給,250000,,最低額を表示,なし,,,,,,,固定時間制,160,,厚生年金、健康保険、雇用保険、労災保険,,なし,,,,,,,,,,,,,,,,,,"【お仕事内容】
難しいことは一切なし！簡単なピッキングや仕分けといった軽作業からスタート。

・リストを見ながら商品を集めるピッキング
・出荷先ごとの簡単な仕分け・梱包
・届いた商品の検品や棚入れ　など

「倉庫作業は初めてで不安…」という方も大丈夫！
先輩の90%が未経験からデビューしています。手厚い研修制度があるから、軽作業が初めての方も安心して一歩を踏み出せる環境です。","【アピールポイント：ココが私たちの推し！】

✅土日祝休み
カレンダー通りのお休みだから、大型連休もしっかり確保。遠征や旅行のスケジュールも立てやすいのが魅力です。

✅職場は「好き」を語れる同志ばかり！
20代メインの職場で、休憩時間は推しトークで大盛り上がり。「ライブどうだった？」「新曲最高！」なんて会話が日常茶飯事です。

✅自分らしさを完全キープ！
髪色・ネイル・服装は自由。推しカラーをネイルに取り入れたり、お気に入りの服でモチベーションを上げたり、オシャレを楽しみながら働けます。

✅趣味の資金もコツコツ貯まる♪
頑張りは昇給でしっかり評価。楽しみながらスキルを磨いて、推し活をもっと充実させちゃいましょう！","【こんな方にピッタリなお仕事です！】

・趣味やプライベートを第一優先にしたい方
・PC入力などのコツコツ作業が好きな方
・フリーターから卒業して、安定した環境で働きたい方
・家庭と仕事をバランスよく両立したい主婦(夫)さん
・第二新卒として、新しい環境でリスタートしたい方
・誰かをサポートすることにやりがいを感じる方
・ワークライフバランスを何より大切にしたい方

【応募条件は一切なし！】
#未経験・ブランクOK #学歴・職歴・経験不問
#20代・30代女性活躍中 #推し活優先OK #残業ほぼナシ

「今の自分」のままで、一歩踏み出してみませんか？ハローワークでお探し中の方も、ぜひお気軽にご応募ください！","【勤務時間】
★9:00~18:00
└実働8時間/休憩1時間

定時ダッシュも問題ないです✧
✧ 土日祝休み
✧ 残業月平均:6.5時間以内
✧ 残業代100%支給","✧ 完全週休2日制(土日祝休み)
✧ 年間休日125日
「土日休みはマスト!」ってあなたにも
ぴったりの職場です!

【その他休暇】
✧ 有給休暇
✧ 夏季・冬季休暇
✧ GW休暇
✧ 年末年始休暇",刈谷開発センター,愛知県刈谷市幸町2-5-7 NOMURA BLDG Ⅱ 1F,"月給:25万円~+交通費全額支給

※経験に応じて決定いたします。

# 昇給あり
# 賞与あり
# 残業代100%支給
# 交通費支給","・社会保険完備
・住宅手当
・家賃補助
・退職金制度
・家族手当・扶養手当
・健康診断
・特別休暇
・資格取得支援制度","\\✧カジュアル面談実施中です✧/

応募に必要なのは人柄のみです!
まずはあなたのご希望を聞かせてください!

✩.。.....................。.✩
■ 応募からの流れ ■
✩.。.....................。.✩

▶STEP1WEBから1分簡単ご応募!
1~3日以内に担当者よりご連絡いたします。

▶ STEP2カジュアル面談(1回のみ)

▶STEP3採用

※入社日のご相談OKです◎
お気軽にご相談ください!",,即日勤務OK、交通費支給、残業なし,2,任意,生年月日、性別、電話番号,ntf-indeedapplicant-aaaatulx77tci2k2pr5yeqapva@shukatsu-labo.slack.com,,,利用しない,,
募集中,株式会社BREXA Technology,【未経験】軽作業/株式会社BREXA Technology/千葉システム営業所（千葉システム課）,倉庫作業スタッフ,残業なし・完全週休2日制で自分時間を最大化。未経験から自分らしいスタイル（髪型・ネイル自由）で、コツコツ集中して働ける軽作業のお仕事です！,,千葉県 千葉市 中央区 新町,,,正社員,はい,月給,250000,,最低額を表示,なし,,,,,,,固定時間制,160,,厚生年金、健康保険、雇用保険、労災保険,,なし,,,,,,,,,,,,,,,,,,"【お仕事内容】
難しいことは一切なし！簡単なピッキングや仕分けといった軽作業からスタート。

・リストを見ながら商品を集めるピッキング
・出荷先ごとの簡単な仕分け・梱包
・届いた商品の検品や棚入れ　など

「倉庫作業は初めてで不安…」という方も大丈夫！
先輩の90%が未経験からデビューしています。手厚い研修制度があるから、軽作業が初めての方も安心して一歩を踏み出せる環境です。","【アピールポイント：ココが私たちの推し！】

✅土日祝休み
カレンダー通りのお休みだから、大型連休もしっかり確保。遠征や旅行のスケジュールも立てやすいのが魅力です。

✅職場は「好き」を語れる同志ばかり！
20代メインの職場で、休憩時間は推しトークで大盛り上がり。「ライブどうだった？」「新曲最高！」なんて会話が日常茶飯事です。

✅自分らしさを完全キープ！
髪色・ネイル・服装は自由。推しカラーをネイルに取り入れたり、お気に入りの服でモチベーションを上げたり、オシャレを楽しみながら働けます。

✅趣味の資金もコツコツ貯まる♪
頑張りは昇給でしっかり評価。楽しみながらスキルを磨いて、推し活をもっと充実させちゃいましょう！","【こんな方にピッタリなお仕事です！】

・趣味やプライベートを第一優先にしたい方
・PC入力などのコツコツ作業が好きな方
・フリーターから卒業して、安定した環境で働きたい方
・家庭と仕事をバランスよく両立したい主婦(夫)さん
・第二新卒として、新しい環境でリスタートしたい方
・誰かをサポートすることにやりがいを感じる方
・ワークライフバランスを何より大切にしたい方

【応募条件は一切なし！】
#未経験・ブランクOK #学歴・職歴・経験不問
#20代・30代女性活躍中 #推し活優先OK #残業ほぼナシ

「今の自分」のままで、一歩踏み出してみませんか？ハローワークでお探し中の方も、ぜひお気軽にご応募ください！","【勤務時間】
★9:00~18:00
└実働8時間/休憩1時間

定時ダッシュも問題ないです✧
✧ 土日祝休み
✧ 残業月平均:6.5時間以内
✧ 残業代100%支給","✧ 完全週休2日制(土日祝休み)
✧ 年間休日125日
「土日休みはマスト!」ってあなたにも
ぴったりの職場です!

【その他休暇】
✧ 有給休暇
✧ 夏季・冬季休暇
✧ GW休暇
✧ 年末年始休暇",千葉システム営業所（千葉システム課）,千葉県千葉市中央区新町3-13 日本生命千葉駅前ビル5F,"月給:25万円~+交通費全額支給

※経験に応じて決定いたします。

# 昇給あり
# 賞与あり
# 残業代100%支給
# 交通費支給","・社会保険完備
・住宅手当
・家賃補助
・退職金制度
・家族手当・扶養手当
・健康診断
・特別休暇
・資格取得支援制度","\\✧カジュアル面談実施中です✧/

応募に必要なのは人柄のみです!
まずはあなたのご希望を聞かせてください!

✩.。.....................。.✩
■ 応募からの流れ ■
✩.。.....................。.✩

▶STEP1WEBから1分簡単ご応募!
1~3日以内に担当者よりご連絡いたします。

▶ STEP2カジュアル面談(1回のみ)

▶STEP3採用

※入社日のご相談OKです◎
お気軽にご相談ください!",,即日勤務OK、交通費支給、残業なし,2,任意,生年月日、性別、電話番号,ntf-indeedapplicant-aaaatulx77tci2k2pr5yeqapva@shukatsu-labo.slack.com,,,利用しない,,
休止中,株式会社BREXA Technology,【未経験】軽作業/株式会社BREXA Technology/福岡支店（福岡システム課）,倉庫作業スタッフ,残業なし・完全週休2日制で自分時間を最大化。未経験から自分らしいスタイル（髪型・ネイル自由）で、コツコツ集中して働ける軽作業のお仕事です！,,福岡県 福岡市 中央区 天神,,,正社員,はい,月給,250000,,最低額を表示,なし,,,,,,,固定時間制,160,,厚生年金、健康保険、雇用保険、労災保険,,なし,,,,,,,,,,,,,,,,,,"【お仕事内容】
難しいことは一切なし！簡単なピッキングや仕分けといった軽作業からスタート。

・リストを見ながら商品を集めるピッキング
・出荷先ごとの簡単な仕分け・梱包
・届いた商品の検品や棚入れ　など

「倉庫作業は初めてで不安…」という方も大丈夫！
先輩の90%が未経験からデビューしています。手厚い研修制度があるから、軽作業が初めての方も安心して一歩を踏み出せる環境です。","【アピールポイント：ココが私たちの推し！】

✅土日祝休み
カレンダー通りのお休みだから、大型連休もしっかり確保。遠征や旅行のスケジュールも立てやすいのが魅力です。

✅職場は「好き」を語れる同志ばかり！
20代メインの職場で、休憩時間は推しトークで大盛り上がり。「ライブどうだった？」「新曲最高！」なんて会話が日常茶飯事です。

✅自分らしさを完全キープ！
髪色・ネイル・服装は自由。推しカラーをネイルに取り入れたり、お気に入りの服でモチベーションを上げたり、オシャレを楽しみながら働けます。

✅趣味の資金もコツコツ貯まる♪
頑張りは昇給でしっかり評価。楽しみながらスキルを磨いて、推し活をもっと充実させちゃいましょう！","【こんな方にピッタリなお仕事です！】

・趣味やプライベートを第一優先にしたい方
・PC入力などのコツコツ作業が好きな方
・フリーターから卒業して、安定した環境で働きたい方
・家庭と仕事をバランスよく両立したい主婦(夫)さん
・第二新卒として、新しい環境でリスタートしたい方
・誰かをサポートすることにやりがいを感じる方
・ワークライフバランスを何より大切にしたい方

【応募条件は一切なし！】
#未経験・ブランクOK #学歴・職歴・経験不問
#20代・30代女性活躍中 #推し活優先OK #残業ほぼナシ

「今の自分」のままで、一歩踏み出してみませんか？ハローワークでお探し中の方も、ぜひお気軽にご応募ください！","【勤務時間】
★9:00~18:00
└実働8時間/休憩1時間

定時ダッシュも問題ないです✧
✧ 土日祝休み
✧ 残業月平均:6.5時間以内
✧ 残業代100%支給","✧ 完全週休2日制(土日祝休み)
✧ 年間休日125日
「土日休みはマスト!」ってあなたにも
ぴったりの職場です!

【その他休暇】
✧ 有給休暇
✧ 夏季・冬季休暇
✧ GW休暇
✧ 年末年始休暇",福岡支店（福岡システム課）,福岡県福岡市中央区天神1-1-1 アクロス福岡2F,"月給:25万円~+交通費全額支給

※経験に応じて決定いたします。

# 昇給あり
# 賞与あり
# 残業代100%支給
# 交通費支給","・社会保険完備
・住宅手当
・家賃補助
・退職金制度
・家族手当・扶養手当
・健康診断
・特別休暇
・資格取得支援制度","\\✧カジュアル面談実施中です✧/

応募に必要なのは人柄のみです!
まずはあなたのご希望を聞かせてください!

✩.。.....................。.✩
■ 応募からの流れ ■
✩.。.....................。.✩

▶STEP1WEBから1分簡単ご応募!
1~3日以内に担当者よりご連絡いたします。

▶ STEP2カジュアル面談(1回のみ)

▶STEP3採用

※入社日のご相談OKです◎
お気軽にご相談ください!",,即日勤務OK、交通費支給、残業なし,2,任意,生年月日、性別、電話番号,ntf-indeedapplicant-aaaatulx77tci2k2pr5yeqapva@shukatsu-labo.slack.com,,,利用しない,,
休止中,株式会社BREXA Technology,【未経験】軽作業/株式会社BREXA Technology/福岡支店,倉庫作業スタッフ,残業なし・完全週休2日制で自分時間を最大化。未経験から自分らしいスタイル（髪型・ネイル自由）で、コツコツ集中して働ける軽作業のお仕事です！,,福岡県 福岡市 中央区 天神,,,正社員,はい,月給,250000,,最低額を表示,なし,,,,,,,固定時間制,160,,厚生年金、健康保険、雇用保険、労災保険,,なし,,,,,,,,,,,,,,,,,,"【お仕事内容】
難しいことは一切なし！簡単なピッキングや仕分けといった軽作業からスタート。

・リストを見ながら商品を集めるピッキング
・出荷先ごとの簡単な仕分け・梱包
・届いた商品の検品や棚入れ　など

「倉庫作業は初めてで不安…」という方も大丈夫！
先輩の90%が未経験からデビューしています。手厚い研修制度があるから、軽作業が初めての方も安心して一歩を踏み出せる環境です。","【アピールポイント：ココが私たちの推し！】

✅土日祝休み
カレンダー通りのお休みだから、大型連休もしっかり確保。遠征や旅行のスケジュールも立てやすいのが魅力です。

✅職場は「好き」を語れる同志ばかり！
20代メインの職場で、休憩時間は推しトークで大盛り上がり。「ライブどうだった？」「新曲最高！」なんて会話が日常茶飯事です。

✅自分らしさを完全キープ！
髪色・ネイル・服装は自由。推しカラーをネイルに取り入れたり、お気に入りの服でモチベーションを上げたり、オシャレを楽しみながら働けます。

✅趣味の資金もコツコツ貯まる♪
頑張りは昇給でしっかり評価。楽しみながらスキルを磨いて、推し活をもっと充実させちゃいましょう！","【こんな方にピッタリなお仕事です！】

・趣味やプライベートを第一優先にしたい方
・PC入力などのコツコツ作業が好きな方
・フリーターから卒業して、安定した環境で働きたい方
・家庭と仕事をバランスよく両立したい主婦(夫)さん
・第二新卒として、新しい環境でリスタートしたい方
・誰かをサポートすることにやりがいを感じる方
・ワークライフバランスを何より大切にしたい方

【応募条件は一切なし！】
#未経験・ブランクOK #学歴・職歴・経験不問
#20代・30代女性活躍中 #推し活優先OK #残業ほぼナシ

「今の自分」のままで、一歩踏み出してみませんか？ハローワークでお探し中の方も、ぜひお気軽にご応募ください！","【勤務時間】
★9:00~18:00
└実働8時間/休憩1時間

定時ダッシュも問題ないです✧
✧ 土日祝休み
✧ 残業月平均:6.5時間以内
✧ 残業代100%支給","✧ 完全週休2日制(土日祝休み)
✧ 年間休日125日
「土日休みはマスト!」ってあなたにも
ぴったりの職場です!

【その他休暇】
✧ 有給休暇
✧ 夏季・冬季休暇
✧ GW休暇
✧ 年末年始休暇",福岡支店,福岡県福岡市中央区天神1-1-1 アクロス福岡2F,"月給:25万円~+交通費全額支給

※経験に応じて決定いたします。

# 昇給あり
# 賞与あり
# 残業代100%支給
# 交通費支給","・社会保険完備
・住宅手当
・家賃補助
・退職金制度
・家族手当・扶養手当
・健康診断
・特別休暇
・資格取得支援制度","\\✧カジュアル面談実施中です✧/

応募に必要なのは人柄のみです!
まずはあなたのご希望を聞かせてください!

✩.。.....................。.✩
■ 応募からの流れ ■
✩.。.....................。.✩

▶STEP1WEBから1分簡単ご応募!
1~3日以内に担当者よりご連絡いたします。

▶ STEP2カジュアル面談(1回のみ)

▶STEP3採用

※入社日のご相談OKです◎
お気軽にご相談ください!",,即日勤務OK、交通費支給、残業なし,2,任意,生年月日、性別、電話番号,ntf-indeedapplicant-aaaatulx77tci2k2pr5yeqapva@shukatsu-labo.slack.com,,,利用しない,,
募集中,株式会社BREXA Technology,【未経験】軽作業/株式会社BREXA Technology/北九州支店,倉庫作業スタッフ,残業なし・完全週休2日制で自分時間を最大化。未経験から自分らしいスタイル（髪型・ネイル自由）で、コツコツ集中して働ける軽作業のお仕事です！,,福岡県 北九州市 小倉北区 浅野,,,正社員,はい,月給,250000,,最低額を表示,なし,,,,,,,固定時間制,160,,厚生年金、健康保険、雇用保険、労災保険,,なし,,,,,,,,,,,,,,,,,,"【お仕事内容】
難しいことは一切なし！簡単なピッキングや仕分けといった軽作業からスタート。

・リストを見ながら商品を集めるピッキング
・出荷先ごとの簡単な仕分け・梱包
・届いた商品の検品や棚入れ　など

「倉庫作業は初めてで不安…」という方も大丈夫！
先輩の90%が未経験からデビューしています。手厚い研修制度があるから、軽作業が初めての方も安心して一歩を踏み出せる環境です。","【アピールポイント：ココが私たちの推し！】

✅土日祝休み
カレンダー通りのお休みだから、大型連休もしっかり確保。遠征や旅行のスケジュールも立てやすいのが魅力です。

✅職場は「好き」を語れる同志ばかり！
20代メインの職場で、休憩時間は推しトークで大盛り上がり。「ライブどうだった？」「新曲最高！」なんて会話が日常茶飯事です。

✅自分らしさを完全キープ！
髪色・ネイル・服装は自由。推しカラーをネイルに取り入れたり、お気に入りの服でモチベーションを上げたり、オシャレを楽しみながら働けます。

✅趣味の資金もコツコツ貯まる♪
頑張りは昇給でしっかり評価。楽しみながらスキルを磨いて、推し活をもっと充実させちゃいましょう！","【こんな方にピッタリなお仕事です！】

・趣味やプライベートを第一優先にしたい方
・PC入力などのコツコツ作業が好きな方
・フリーターから卒業して、安定した環境で働きたい方
・家庭と仕事をバランスよく両立したい主婦(夫)さん
・第二新卒として、新しい環境でリスタートしたい方
・誰かをサポートすることにやりがいを感じる方
・ワークライフバランスを何より大切にしたい方

【応募条件は一切なし！】
#未経験・ブランクOK #学歴・職歴・経験不問
#20代・30代女性活躍中 #推し活優先OK #残業ほぼナシ

「今の自分」のままで、一歩踏み出してみませんか？ハローワークでお探し中の方も、ぜひお気軽にご応募ください！","【勤務時間】
★9:00~18:00
└実働8時間/休憩1時間

定時ダッシュも問題ないです✧
✧ 土日祝休み
✧ 残業月平均:6.5時間以内
✧ 残業代100%支給","✧ 完全週休2日制(土日祝休み)
✧ 年間休日125日
「土日休みはマスト!」ってあなたにも
ぴったりの職場です!

【その他休暇】
✧ 有給休暇
✧ 夏季・冬季休暇
✧ GW休暇
✧ 年末年始休暇",北九州支店,福岡県北九州市小倉北区浅野2-14-1 KMMビル7F,"月給:25万円~+交通費全額支給

※経験に応じて決定いたします。

# 昇給あり
# 賞与あり
# 残業代100%支給
# 交通費支給","・社会保険完備
・住宅手当
・家賃補助
・退職金制度
・家族手当・扶養手当
・健康診断
・特別休暇
・資格取得支援制度","\\✧カジュアル面談実施中です✧/

応募に必要なのは人柄のみです!
まずはあなたのご希望を聞かせてください!

✩.。.....................。.✩
■ 応募からの流れ ■
✩.。.....................。.✩

▶STEP1WEBから1分簡単ご応募!
1~3日以内に担当者よりご連絡いたします。

▶ STEP2カジュアル面談(1回のみ)

▶STEP3採用

※入社日のご相談OKです◎
お気軽にご相談ください!",,即日勤務OK、交通費支給、残業なし,2,任意,生年月日、性別、電話番号,ntf-indeedapplicant-aaaatulx77tci2k2pr5yeqapva@shukatsu-labo.slack.com,,,利用しない,,
募集中,株式会社BREXA Technology,【未経験】軽作業/株式会社BREXA Technology/堺東支店,倉庫作業スタッフ,残業なし・完全週休2日制で自分時間を最大化。未経験から自分らしいスタイル（髪型・ネイル自由）で、コツコツ集中して働ける軽作業のお仕事です！,,大阪府 堺市 堺区 北瓦町,,,正社員,はい,月給,250000,,最低額を表示,なし,,,,,,,固定時間制,160,,厚生年金、健康保険、雇用保険、労災保険,,なし,,,,,,,,,,,,,,,,,,"【お仕事内容】
難しいことは一切なし！簡単なピッキングや仕分けといった軽作業からスタート。

・リストを見ながら商品を集めるピッキング
・出荷先ごとの簡単な仕分け・梱包
・届いた商品の検品や棚入れ　など

「倉庫作業は初めてで不安…」という方も大丈夫！
先輩の90%が未経験からデビューしています。手厚い研修制度があるから、軽作業が初めての方も安心して一歩を踏み出せる環境です。","【アピールポイント：ココが私たちの推し！】

✅土日祝休み
カレンダー通りのお休みだから、大型連休もしっかり確保。遠征や旅行のスケジュールも立てやすいのが魅力です。

✅職場は「好き」を語れる同志ばかり！
20代メインの職場で、休憩時間は推しトークで大盛り上がり。「ライブどうだった？」「新曲最高！」なんて会話が日常茶飯事です。

✅自分らしさを完全キープ！
髪色・ネイル・服装は自由。推しカラーをネイルに取り入れたり、お気に入りの服でモチベーションを上げたり、オシャレを楽しみながら働けます。

✅趣味の資金もコツコツ貯まる♪
頑張りは昇給でしっかり評価。楽しみながらスキルを磨いて、推し活をもっと充実させちゃいましょう！","【こんな方にピッタリなお仕事です！】

・趣味やプライベートを第一優先にしたい方
・PC入力などのコツコツ作業が好きな方
・フリーターから卒業して、安定した環境で働きたい方
・家庭と仕事をバランスよく両立したい主婦(夫)さん
・第二新卒として、新しい環境でリスタートしたい方
・誰かをサポートすることにやりがいを感じる方
・ワークライフバランスを何より大切にしたい方

【応募条件は一切なし！】
#未経験・ブランクOK #学歴・職歴・経験不問
#20代・30代女性活躍中 #推し活優先OK #残業ほぼナシ

「今の自分」のままで、一歩踏み出してみませんか？ハローワークでお探し中の方も、ぜひお気軽にご応募ください！","【勤務時間】
★9:00~18:00
└実働8時間/休憩1時間

定時ダッシュも問題ないです✧
✧ 土日祝休み
✧ 残業月平均:6.5時間以内
✧ 残業代100%支給","✧ 完全週休2日制(土日祝休み)
✧ 年間休日125日
「土日休みはマスト!」ってあなたにも
ぴったりの職場です!

【その他休暇】
✧ 有給休暇
✧ 夏季・冬季休暇
✧ GW休暇
✧ 年末年始休暇",堺東支店,大阪府堺市堺区北瓦町1-3-17 堺東センタービル4F,"月給:25万円~+交通費全額支給

※経験に応じて決定いたします。

# 昇給あり
# 賞与あり
# 残業代100%支給
# 交通費支給","・社会保険完備
・住宅手当
・家賃補助
・退職金制度
・家族手当・扶養手当
・健康診断
・特別休暇
・資格取得支援制度","\\✧カジュアル面談実施中です✧/

応募に必要なのは人柄のみです!
まずはあなたのご希望を聞かせてください!

✩.。.....................。.✩
■ 応募からの流れ ■
✩.。.....................。.✩

▶STEP1WEBから1分簡単ご応募!
1~3日以内に担当者よりご連絡いたします。

▶ STEP2カジュアル面談(1回のみ)

▶STEP3採用

※入社日のご相談OKです◎
お気軽にご相談ください!",,即日勤務OK、交通費支給、残業なし,2,任意,生年月日、性別、電話番号,ntf-indeedapplicant-aaaatulx77tci2k2pr5yeqapva@shukatsu-labo.slack.com,,,利用しない,,
募集中,株式会社BREXA Technology,【未経験】軽作業/株式会社BREXA Technology/大阪支店（採用）,倉庫作業スタッフ,残業なし・完全週休2日制で自分時間を最大化。未経験から自分らしいスタイル（髪型・ネイル自由）で、コツコツ集中して働ける軽作業のお仕事です！,,大阪府 大阪市 北区 梅田,,,正社員,はい,月給,250000,,最低額を表示,なし,,,,,,,固定時間制,160,,厚生年金、健康保険、雇用保険、労災保険,,なし,,,,,,,,,,,,,,,,,,"【お仕事内容】
難しいことは一切なし！簡単なピッキングや仕分けといった軽作業からスタート。

・リストを見ながら商品を集めるピッキング
・出荷先ごとの簡単な仕分け・梱包
・届いた商品の検品や棚入れ　など

「倉庫作業は初めてで不安…」という方も大丈夫！
先輩の90%が未経験からデビューしています。手厚い研修制度があるから、軽作業が初めての方も安心して一歩を踏み出せる環境です。","【アピールポイント：ココが私たちの推し！】

✅土日祝休み
カレンダー通りのお休みだから、大型連休もしっかり確保。遠征や旅行のスケジュールも立てやすいのが魅力です。

✅職場は「好き」を語れる同志ばかり！
20代メインの職場で、休憩時間は推しトークで大盛り上がり。「ライブどうだった？」「新曲最高！」なんて会話が日常茶飯事です。

✅自分らしさを完全キープ！
髪色・ネイル・服装は自由。推しカラーをネイルに取り入れたり、お気に入りの服でモチベーションを上げたり、オシャレを楽しみながら働けます。

✅趣味の資金もコツコツ貯まる♪
頑張りは昇給でしっかり評価。楽しみながらスキルを磨いて、推し活をもっと充実させちゃいましょう！","【こんな方にピッタリなお仕事です！】

・趣味やプライベートを第一優先にしたい方
・PC入力などのコツコツ作業が好きな方
・フリーターから卒業して、安定した環境で働きたい方
・家庭と仕事をバランスよく両立したい主婦(夫)さん
・第二新卒として、新しい環境でリスタートしたい方
・誰かをサポートすることにやりがいを感じる方
・ワークライフバランスを何より大切にしたい方

【応募条件は一切なし！】
#未経験・ブランクOK #学歴・職歴・経験不問
#20代・30代女性活躍中 #推し活優先OK #残業ほぼナシ

「今の自分」のままで、一歩踏み出してみませんか？ハローワークでお探し中の方も、ぜひお気軽にご応募ください！","【勤務時間】
★9:00~18:00
└実働8時間/休憩1時間

定時ダッシュも問題ないです✧
✧ 土日祝休み
✧ 残業月平均:6.5時間以内
✧ 残業代100%支給","✧ 完全週休2日制(土日祝休み)
✧ 年間休日125日
「土日休みはマスト!」ってあなたにも
ぴったりの職場です!

【その他休暇】
✧ 有給休暇
✧ 夏季・冬季休暇
✧ GW休暇
✧ 年末年始休暇",大阪支店（採用）,大阪府大阪市北区梅田2-2-2 ヒルトンプラザウエスト11F,"月給:25万円~+交通費全額支給

※経験に応じて決定いたします。

# 昇給あり
# 賞与あり
# 残業代100%支給
# 交通費支給","・社会保険完備
・住宅手当
・家賃補助
・退職金制度
・家族手当・扶養手当
・健康診断
・特別休暇
・資格取得支援制度","\\✧カジュアル面談実施中です✧/

応募に必要なのは人柄のみです!
まずはあなたのご希望を聞かせてください!

✩.。.....................。.✩
■ 応募からの流れ ■
✩.。.....................。.✩

▶STEP1WEBから1分簡単ご応募!
1~3日以内に担当者よりご連絡いたします。

▶ STEP2カジュアル面談(1回のみ)

▶STEP3採用

※入社日のご相談OKです◎
お気軽にご相談ください!",,即日勤務OK、交通費支給、残業なし,2,任意,生年月日、性別、電話番号,ntf-indeedapplicant-aaaatulx77tci2k2pr5yeqapva@shukatsu-labo.slack.com,,,利用しない,,
募集中,株式会社BREXA Technology,【未経験】軽作業/株式会社BREXA Technology/大阪支店（営業）,倉庫作業スタッフ,残業なし・完全週休2日制で自分時間を最大化。未経験から自分らしいスタイル（髪型・ネイル自由）で、コツコツ集中して働ける軽作業のお仕事です！,,大阪府 大阪市 北区 梅田,,,正社員,はい,月給,250000,,最低額を表示,なし,,,,,,,固定時間制,160,,厚生年金、健康保険、雇用保険、労災保険,,なし,,,,,,,,,,,,,,,,,,"【お仕事内容】
難しいことは一切なし！簡単なピッキングや仕分けといった軽作業からスタート。

・リストを見ながら商品を集めるピッキング
・出荷先ごとの簡単な仕分け・梱包
・届いた商品の検品や棚入れ　など

「倉庫作業は初めてで不安…」という方も大丈夫！
先輩の90%が未経験からデビューしています。手厚い研修制度があるから、軽作業が初めての方も安心して一歩を踏み出せる環境です。","【アピールポイント：ココが私たちの推し！】

✅土日祝休み
カレンダー通りのお休みだから、大型連休もしっかり確保。遠征や旅行のスケジュールも立てやすいのが魅力です。

✅職場は「好き」を語れる同志ばかり！
20代メインの職場で、休憩時間は推しトークで大盛り上がり。「ライブどうだった？」「新曲最高！」なんて会話が日常茶飯事です。

✅自分らしさを完全キープ！
髪色・ネイル・服装は自由。推しカラーをネイルに取り入れたり、お気に入りの服でモチベーションを上げたり、オシャレを楽しみながら働けます。

✅趣味の資金もコツコツ貯まる♪
頑張りは昇給でしっかり評価。楽しみながらスキルを磨いて、推し活をもっと充実させちゃいましょう！","【こんな方にピッタリなお仕事です！】

・趣味やプライベートを第一優先にしたい方
・PC入力などのコツコツ作業が好きな方
・フリーターから卒業して、安定した環境で働きたい方
・家庭と仕事をバランスよく両立したい主婦(夫)さん
・第二新卒として、新しい環境でリスタートしたい方
・誰かをサポートすることにやりがいを感じる方
・ワークライフバランスを何より大切にしたい方

【応募条件は一切なし！】
#未経験・ブランクOK #学歴・職歴・経験不問
#20代・30代女性活躍中 #推し活優先OK #残業ほぼナシ

「今の自分」のままで、一歩踏み出してみませんか？ハローワークでお探し中の方も、ぜひお気軽にご応募ください！","【勤務時間】
★9:00~18:00
└実働8時間/休憩1時間

定時ダッシュも問題ないです✧
✧ 土日祝休み
✧ 残業月平均:6.5時間以内
✧ 残業代100%支給","✧ 完全週休2日制(土日祝休み)
✧ 年間休日125日
「土日休みはマスト!」ってあなたにも
ぴったりの職場です!

【その他休暇】
✧ 有給休暇
✧ 夏季・冬季休暇
✧ GW休暇
✧ 年末年始休暇",大阪支店（営業）,大阪府大阪市北区梅田2-2-2 ヒルトンプラザウエスト16F,"月給:25万円~+交通費全額支給

※経験に応じて決定いたします。

# 昇給あり
# 賞与あり
# 残業代100%支給
# 交通費支給","・社会保険完備
・住宅手当
・家賃補助
・退職金制度
・家族手当・扶養手当
・健康診断
・特別休暇
・資格取得支援制度","\\✧カジュアル面談実施中です✧/

応募に必要なのは人柄のみです!
まずはあなたのご希望を聞かせてください!

✩.。.....................。.✩
■ 応募からの流れ ■
✩.。.....................。.✩

▶STEP1WEBから1分簡単ご応募!
1~3日以内に担当者よりご連絡いたします。

▶ STEP2カジュアル面談(1回のみ)

▶STEP3採用

※入社日のご相談OKです◎
お気軽にご相談ください!",,即日勤務OK、交通費支給、残業なし,2,任意,生年月日、性別、電話番号,ntf-indeedapplicant-aaaatulx77tci2k2pr5yeqapva@shukatsu-labo.slack.com,,,利用しない,,
募集中,株式会社BREXA Technology,【未経験】軽作業/株式会社BREXA Technology/名古屋第1支店（インテグレーション）,倉庫作業スタッフ,残業なし・完全週休2日制で自分時間を最大化。未経験から自分らしいスタイル（髪型・ネイル自由）で、コツコツ集中して働ける軽作業のお仕事です！,,愛知県 名古屋市 中村区 名駅南,,,正社員,はい,月給,250000,,最低額を表示,なし,,,,,,,固定時間制,160,,厚生年金、健康保険、雇用保険、労災保険,,なし,,,,,,,,,,,,,,,,,,"【お仕事内容】
難しいことは一切なし！簡単なピッキングや仕分けといった軽作業からスタート。

・リストを見ながら商品を集めるピッキング
・出荷先ごとの簡単な仕分け・梱包
・届いた商品の検品や棚入れ　など

「倉庫作業は初めてで不安…」という方も大丈夫！
先輩の90%が未経験からデビューしています。手厚い研修制度があるから、軽作業が初めての方も安心して一歩を踏み出せる環境です。","【アピールポイント：ココが私たちの推し！】

✅土日祝休み
カレンダー通りのお休みだから、大型連休もしっかり確保。遠征や旅行のスケジュールも立てやすいのが魅力です。

✅職場は「好き」を語れる同志ばかり！
20代メインの職場で、休憩時間は推しトークで大盛り上がり。「ライブどうだった？」「新曲最高！」なんて会話が日常茶飯事です。

✅自分らしさを完全キープ！
髪色・ネイル・服装は自由。推しカラーをネイルに取り入れたり、お気に入りの服でモチベーションを上げたり、オシャレを楽しみながら働けます。

✅趣味の資金もコツコツ貯まる♪
頑張りは昇給でしっかり評価。楽しみながらスキルを磨いて、推し活をもっと充実させちゃいましょう！","【こんな方にピッタリなお仕事です！】

・趣味やプライベートを第一優先にしたい方
・PC入力などのコツコツ作業が好きな方
・フリーターから卒業して、安定した環境で働きたい方
・家庭と仕事をバランスよく両立したい主婦(夫)さん
・第二新卒として、新しい環境でリスタートしたい方
・誰かをサポートすることにやりがいを感じる方
・ワークライフバランスを何より大切にしたい方

【応募条件は一切なし！】
#未経験・ブランクOK #学歴・職歴・経験不問
#20代・30代女性活躍中 #推し活優先OK #残業ほぼナシ

「今の自分」のままで、一歩踏み出してみませんか？ハローワークでお探し中の方も、ぜひお気軽にご応募ください！","【勤務時間】
★9:00~18:00
└実働8時間/休憩1時間

定時ダッシュも問題ないです✧
✧ 土日祝休み
✧ 残業月平均:6.5時間以内
✧ 残業代100%支給","✧ 完全週休2日制(土日祝休み)
✧ 年間休日125日
「土日休みはマスト!」ってあなたにも
ぴったりの職場です!

【その他休暇】
✧ 有給休暇
✧ 夏季・冬季休暇
✧ GW休暇
✧ 年末年始休暇",名古屋第1支店（インテグレーション）,愛知県名古屋市中村区名駅南1-24-30 名古屋三井ビルディング本館7F,"月給:25万円~+交通費全額支給

※経験に応じて決定いたします。

# 昇給あり
# 賞与あり
# 残業代100%支給
# 交通費支給","・社会保険完備
・住宅手当
・家賃補助
・退職金制度
・家族手当・扶養手当
・健康診断
・特別休暇
・資格取得支援制度","\\✧カジュアル面談実施中です✧/

応募に必要なのは人柄のみです!
まずはあなたのご希望を聞かせてください!

✩.。.....................。.✩
■ 応募からの流れ ■
✩.。.....................。.✩

▶STEP1WEBから1分簡単ご応募!
1~3日以内に担当者よりご連絡いたします。

▶ STEP2カジュアル面談(1回のみ)

▶STEP3採用

※入社日のご相談OKです◎
お気軽にご相談ください!",,即日勤務OK、交通費支給、残業なし,2,任意,生年月日、性別、電話番号,ntf-indeedapplicant-aaaatulx77tci2k2pr5yeqapva@shukatsu-labo.slack.com,,,利用しない,,
募集中,株式会社BREXA Technology,【未経験】軽作業/株式会社BREXA Technology/名古屋支店（機電・ITエンジニアリング）,倉庫作業スタッフ,残業なし・完全週休2日制で自分時間を最大化。未経験から自分らしいスタイル（髪型・ネイル自由）で、コツコツ集中して働ける軽作業のお仕事です！,,愛知県 名古屋市 中村区 名駅,,,正社員,はい,月給,250000,,最低額を表示,なし,,,,,,,固定時間制,160,,厚生年金、健康保険、雇用保険、労災保険,,なし,,,,,,,,,,,,,,,,,,"【お仕事内容】
難しいことは一切なし！簡単なピッキングや仕分けといった軽作業からスタート。

・リストを見ながら商品を集めるピッキング
・出荷先ごとの簡単な仕分け・梱包
・届いた商品の検品や棚入れ　など

「倉庫作業は初めてで不安…」という方も大丈夫！
先輩の90%が未経験からデビューしています。手厚い研修制度があるから、軽作業が初めての方も安心して一歩を踏み出せる環境です。","【アピールポイント：ココが私たちの推し！】

✅土日祝休み
カレンダー通りのお休みだから、大型連休もしっかり確保。遠征や旅行のスケジュールも立てやすいのが魅力です。

✅職場は「好き」を語れる同志ばかり！
20代メインの職場で、休憩時間は推しトークで大盛り上がり。「ライブどうだった？」「新曲最高！」なんて会話が日常茶飯事です。

✅自分らしさを完全キープ！
髪色・ネイル・服装は自由。推しカラーをネイルに取り入れたり、お気に入りの服でモチベーションを上げたり、オシャレを楽しみながら働けます。

✅趣味の資金もコツコツ貯まる♪
頑張りは昇給でしっかり評価。楽しみながらスキルを磨いて、推し活をもっと充実させちゃいましょう！","【こんな方にピッタリなお仕事です！】

・趣味やプライベートを第一優先にしたい方
・PC入力などのコツコツ作業が好きな方
・フリーターから卒業して、安定した環境で働きたい方
・家庭と仕事をバランスよく両立したい主婦(夫)さん
・第二新卒として、新しい環境でリスタートしたい方
・誰かをサポートすることにやりがいを感じる方
・ワークライフバランスを何より大切にしたい方

【応募条件は一切なし！】
#未経験・ブランクOK #学歴・職歴・経験不問
#20代・30代女性活躍中 #推し活優先OK #残業ほぼナシ

「今の自分」のままで、一歩踏み出してみませんか？ハローワークでお探し中の方も、ぜひお気軽にご応募ください！","【勤務時間】
★9:00~18:00
└実働8時間/休憩1時間

定時ダッシュも問題ないです✧
✧ 土日祝休み
✧ 残業月平均:6.5時間以内
✧ 残業代100%支給","✧ 完全週休2日制(土日祝休み)
✧ 年間休日125日
「土日休みはマスト!」ってあなたにも
ぴったりの職場です!

【その他休暇】
✧ 有給休暇
✧ 夏季・冬季休暇
✧ GW休暇
✧ 年末年始休暇",名古屋支店（機電・ITエンジニアリング）,愛知県名古屋市中村区名駅1-1-4 JRセントラルタワーズ42F,"月給:25万円~+交通費全額支給

※経験に応じて決定いたします。

# 昇給あり
# 賞与あり
# 残業代100%支給
# 交通費支給","・社会保険完備
・住宅手当
・家賃補助
・退職金制度
・家族手当・扶養手当
・健康診断
・特別休暇
・資格取得支援制度","\\✧カジュアル面談実施中です✧/

応募に必要なのは人柄のみです!
まずはあなたのご希望を聞かせてください!

✩.。.....................。.✩
■ 応募からの流れ ■
✩.。.....................。.✩

▶STEP1WEBから1分簡単ご応募!
1~3日以内に担当者よりご連絡いたします。

▶ STEP2カジュアル面談(1回のみ)

▶STEP3採用

※入社日のご相談OKです◎
お気軽にご相談ください!",,即日勤務OK、交通費支給、残業なし,2,任意,生年月日、性別、電話番号,ntf-indeedapplicant-aaaatulx77tci2k2pr5yeqapva@shukatsu-labo.slack.com,,,利用しない,,
募集中,株式会社BREXA Technology,【未経験】軽作業/株式会社BREXA Technology/刈谷支店,倉庫作業スタッフ,残業なし・完全週休2日制で自分時間を最大化。未経験から自分らしいスタイル（髪型・ネイル自由）で、コツコツ集中して働ける軽作業のお仕事です！,,愛知県 刈谷市 幸町,,,正社員,はい,月給,250000,,最低額を表示,なし,,,,,,,固定時間制,160,,厚生年金、健康保険、雇用保険、労災保険,,なし,,,,,,,,,,,,,,,,,,"【お仕事内容】
難しいことは一切なし！簡単なピッキングや仕分けといった軽作業からスタート。

・リストを見ながら商品を集めるピッキング
・出荷先ごとの簡単な仕分け・梱包
・届いた商品の検品や棚入れ　など

「倉庫作業は初めてで不安…」という方も大丈夫！
先輩の90%が未経験からデビューしています。手厚い研修制度があるから、軽作業が初めての方も安心して一歩を踏み出せる環境です。","【アピールポイント：ココが私たちの推し！】

✅土日祝休み
カレンダー通りのお休みだから、大型連休もしっかり確保。遠征や旅行のスケジュールも立てやすいのが魅力です。

✅職場は「好き」を語れる同志ばかり！
20代メインの職場で、休憩時間は推しトークで大盛り上がり。「ライブどうだった？」「新曲最高！」なんて会話が日常茶飯事です。

✅自分らしさを完全キープ！
髪色・ネイル・服装は自由。推しカラーをネイルに取り入れたり、お気に入りの服でモチベーションを上げたり、オシャレを楽しみながら働けます。

✅趣味の資金もコツコツ貯まる♪
頑張りは昇給でしっかり評価。楽しみながらスキルを磨いて、推し活をもっと充実させちゃいましょう！","【こんな方にピッタリなお仕事です！】

・趣味やプライベートを第一優先にしたい方
・PC入力などのコツコツ作業が好きな方
・フリーターから卒業して、安定した環境で働きたい方
・家庭と仕事をバランスよく両立したい主婦(夫)さん
・第二新卒として、新しい環境でリスタートしたい方
・誰かをサポートすることにやりがいを感じる方
・ワークライフバランスを何より大切にしたい方

【応募条件は一切なし！】
#未経験・ブランクOK #学歴・職歴・経験不問
#20代・30代女性活躍中 #推し活優先OK #残業ほぼナシ

「今の自分」のままで、一歩踏み出してみませんか？ハローワークでお探し中の方も、ぜひお気軽にご応募ください！","【勤務時間】
★9:00~18:00
└実働8時間/休憩1時間

定時ダッシュも問題ないです✧
✧ 土日祝休み
✧ 残業月平均:6.5時間以内
✧ 残業代100%支給","✧ 完全週休2日制(土日祝休み)
✧ 年間休日125日
「土日休みはマスト!」ってあなたにも
ぴったりの職場です!

【その他休暇】
✧ 有給休暇
✧ 夏季・冬季休暇
✧ GW休暇
✧ 年末年始休暇",刈谷支店,愛知県刈谷市幸町2-5-7 CAMCO刈谷ビル 1F,"月給:25万円~+交通費全額支給

※経験に応じて決定いたします。

# 昇給あり
# 賞与あり
# 残業代100%支給
# 交通費支給","・社会保険完備
・住宅手当
・家賃補助
・退職金制度
・家族手当・扶養手当
・健康診断
・特別休暇
・資格取得支援制度","\\✧カジュアル面談実施中です✧/

応募に必要なのは人柄のみです!
まずはあなたのご希望を聞かせてください!

✩.。.....................。.✩
■ 応募からの流れ ■
✩.。.....................。.✩

▶STEP1WEBから1分簡単ご応募!
1~3日以内に担当者よりご連絡いたします。

▶ STEP2カジュアル面談(1回のみ)

▶STEP3採用

※入社日のご相談OKです◎
お気軽にご相談ください!",,即日勤務OK、交通費支給、残業なし,2,任意,生年月日、性別、電話番号,ntf-indeedapplicant-aaaatulx77tci2k2pr5yeqapva@shukatsu-labo.slack.com,,,利用しない,,
募集中,株式会社BREXA Technology,【未経験】軽作業/株式会社BREXA Technology/豊田支店,倉庫作業スタッフ,残業なし・完全週休2日制で自分時間を最大化。未経験から自分らしいスタイル（髪型・ネイル自由）で、コツコツ集中して働ける軽作業のお仕事です！,,愛知県 豊田市 若宮町,,,正社員,はい,月給,250000,,最低額を表示,なし,,,,,,,固定時間制,160,,厚生年金、健康保険、雇用保険、労災保険,,なし,,,,,,,,,,,,,,,,,,"【お仕事内容】
難しいことは一切なし！簡単なピッキングや仕分けといった軽作業からスタート。

・リストを見ながら商品を集めるピッキング
・出荷先ごとの簡単な仕分け・梱包
・届いた商品の検品や棚入れ　など

「倉庫作業は初めてで不安…」という方も大丈夫！
先輩の90%が未経験からデビューしています。手厚い研修制度があるから、軽作業が初めての方も安心して一歩を踏み出せる環境です。","【アピールポイント：ココが私たちの推し！】

✅土日祝休み
カレンダー通りのお休みだから、大型連休もしっかり確保。遠征や旅行のスケジュールも立てやすいのが魅力です。

✅職場は「好き」を語れる同志ばかり！
20代メインの職場で、休憩時間は推しトークで大盛り上がり。「ライブどうだった？」「新曲最高！」なんて会話が日常茶飯事です。

✅自分らしさを完全キープ！
髪色・ネイル・服装は自由。推しカラーをネイルに取り入れたり、お気に入りの服でモチベーションを上げたり、オシャレを楽しみながら働けます。

✅趣味の資金もコツコツ貯まる♪
頑張りは昇給でしっかり評価。楽しみながらスキルを磨いて、推し活をもっと充実させちゃいましょう！","【こんな方にピッタリなお仕事です！】

・趣味やプライベートを第一優先にしたい方
・PC入力などのコツコツ作業が好きな方
・フリーターから卒業して、安定した環境で働きたい方
・家庭と仕事をバランスよく両立したい主婦(夫)さん
・第二新卒として、新しい環境でリスタートしたい方
・誰かをサポートすることにやりがいを感じる方
・ワークライフバランスを何より大切にしたい方

【応募条件は一切なし！】
#未経験・ブランクOK #学歴・職歴・経験不問
#20代・30代女性活躍中 #推し活優先OK #残業ほぼナシ

「今の自分」のままで、一歩踏み出してみませんか？ハローワークでお探し中の方も、ぜひお気軽にご応募ください！","【勤務時間】
★9:00~18:00
└実働8時間/休憩1時間

定時ダッシュも問題ないです✧
✧ 土日祝休み
✧ 残業月平均:6.5時間以内
✧ 残業代100%支給","✧ 完全週休2日制(土日祝休み)
✧ 年間休日125日
「土日休みはマスト!」ってあなたにも
ぴったりの職場です!

【その他休暇】
✧ 有給休暇
✧ 夏季・冬季休暇
✧ GW休暇
✧ 年末年始休暇",豊田支店,愛知県豊田市若宮町2-66 豊田グランドビル3F,"月給:25万円~+交通費全額支給

※経験に応じて決定いたします。

# 昇給あり
# 賞与あり
# 残業代100%支給
# 交通費支給","・社会保険完備
・住宅手当
・家賃補助
・退職金制度
・家族手当・扶養手当
・健康診断
・特別休暇
・資格取得支援制度","\\✧カジュアル面談実施中です✧/

応募に必要なのは人柄のみです!
まずはあなたのご希望を聞かせてください!

✩.。.....................。.✩
■ 応募からの流れ ■
✩.。.....................。.✩

▶STEP1WEBから1分簡単ご応募!
1~3日以内に担当者よりご連絡いたします。

▶ STEP2カジュアル面談(1回のみ)

▶STEP3採用

※入社日のご相談OKです◎
お気軽にご相談ください!",,即日勤務OK、交通費支給、残業なし,2,任意,生年月日、性別、電話番号,ntf-indeedapplicant-aaaatulx77tci2k2pr5yeqapva@shukatsu-labo.slack.com,,,利用しない,,
募集中,株式会社BREXA Technology,【未経験】軽作業/株式会社BREXA Technology/豊橋支店,倉庫作業スタッフ,残業なし・完全週休2日制で自分時間を最大化。未経験から自分らしいスタイル（髪型・ネイル自由）で、コツコツ集中して働ける軽作業のお仕事です！,,愛知県 豊橋市 駅前大通,,,正社員,はい,月給,250000,,最低額を表示,なし,,,,,,,固定時間制,160,,厚生年金、健康保険、雇用保険、労災保険,,なし,,,,,,,,,,,,,,,,,,"【お仕事内容】
難しいことは一切なし！簡単なピッキングや仕分けといった軽作業からスタート。

・リストを見ながら商品を集めるピッキング
・出荷先ごとの簡単な仕分け・梱包
・届いた商品の検品や棚入れ　など

「倉庫作業は初めてで不安…」という方も大丈夫！
先輩の90%が未経験からデビューしています。手厚い研修制度があるから、軽作業が初めての方も安心して一歩を踏み出せる環境です。","【アピールポイント：ココが私たちの推し！】

✅土日祝休み
カレンダー通りのお休みだから、大型連休もしっかり確保。遠征や旅行のスケジュールも立てやすいのが魅力です。

✅職場は「好き」を語れる同志ばかり！
20代メインの職場で、休憩時間は推しトークで大盛り上がり。「ライブどうだった？」「新曲最高！」なんて会話が日常茶飯事です。

✅自分らしさを完全キープ！
髪色・ネイル・服装は自由。推しカラーをネイルに取り入れたり、お気に入りの服でモチベーションを上げたり、オシャレを楽しみながら働けます。

✅趣味の資金もコツコツ貯まる♪
頑張りは昇給でしっかり評価。楽しみながらスキルを磨いて、推し活をもっと充実させちゃいましょう！","【こんな方にピッタリなお仕事です！】

・趣味やプライベートを第一優先にしたい方
・PC入力などのコツコツ作業が好きな方
・フリーターから卒業して、安定した環境で働きたい方
・家庭と仕事をバランスよく両立したい主婦(夫)さん
・第二新卒として、新しい環境でリスタートしたい方
・誰かをサポートすることにやりがいを感じる方
・ワークライフバランスを何より大切にしたい方

【応募条件は一切なし！】
#未経験・ブランクOK #学歴・職歴・経験不問
#20代・30代女性活躍中 #推し活優先OK #残業ほぼナシ

「今の自分」のままで、一歩踏み出してみませんか？ハローワークでお探し中の方も、ぜひお気軽にご応募ください！","【勤務時間】
★9:00~18:00
└実働8時間/休憩1時間

定時ダッシュも問題ないです✧
✧ 土日祝休み
✧ 残業月平均:6.5時間以内
✧ 残業代100%支給","✧ 完全週休2日制(土日祝休み)
✧ 年間休日125日
「土日休みはマスト!」ってあなたにも
ぴったりの職場です!

【その他休暇】
✧ 有給休暇
✧ 夏季・冬季休暇
✧ GW休暇
✧ 年末年始休暇",豊橋支店,愛知県豊橋市駅前大通2-81 エムキャンパス・イースト5F,"月給:25万円~+交通費全額支給

※経験に応じて決定いたします。

# 昇給あり
# 賞与あり
# 残業代100%支給
# 交通費支給","・社会保険完備
・住宅手当
・家賃補助
・退職金制度
・家族手当・扶養手当
・健康診断
・特別休暇
・資格取得支援制度","\\✧カジュアル面談実施中です✧/

応募に必要なのは人柄のみです!
まずはあなたのご希望を聞かせてください!

✩.。.....................。.✩
■ 応募からの流れ ■
✩.。.....................。.✩

▶STEP1WEBから1分簡単ご応募!
1~3日以内に担当者よりご連絡いたします。

▶ STEP2カジュアル面談(1回のみ)

▶STEP3採用

※入社日のご相談OKです◎
お気軽にご相談ください!",,即日勤務OK、交通費支給、残業なし,2,任意,生年月日、性別、電話番号,ntf-indeedapplicant-aaaatulx77tci2k2pr5yeqapva@shukatsu-labo.slack.com,,,利用しない,,
募集中,株式会社BREXA Technology,【未経験】軽作業/株式会社BREXA Technology/厚木支店,倉庫作業スタッフ,残業なし・完全週休2日制で自分時間を最大化。未経験から自分らしいスタイル（髪型・ネイル自由）で、コツコツ集中して働ける軽作業のお仕事です！,,神奈川県 海老名市 めぐみ町,,,正社員,はい,月給,250000,,最低額を表示,なし,,,,,,,固定時間制,160,,厚生年金、健康保険、雇用保険、労災保険,,なし,,,,,,,,,,,,,,,,,,"【お仕事内容】
難しいことは一切なし！簡単なピッキングや仕分けといった軽作業からスタート。

・リストを見ながら商品を集めるピッキング
・出荷先ごとの簡単な仕分け・梱包
・届いた商品の検品や棚入れ　など

「倉庫作業は初めてで不安…」という方も大丈夫！
先輩の90%が未経験からデビューしています。手厚い研修制度があるから、軽作業が初めての方も安心して一歩を踏み出せる環境です。","【アピールポイント：ココが私たちの推し！】

✅土日祝休み
カレンダー通りのお休みだから、大型連休もしっかり確保。遠征や旅行のスケジュールも立てやすいのが魅力です。

✅職場は「好き」を語れる同志ばかり！
20代メインの職場で、休憩時間は推しトークで大盛り上がり。「ライブどうだった？」「新曲最高！」なんて会話が日常茶飯事です。

✅自分らしさを完全キープ！
髪色・ネイル・服装は自由。推しカラーをネイルに取り入れたり、お気に入りの服でモチベーションを上げたり、オシャレを楽しみながら働けます。

✅趣味の資金もコツコツ貯まる♪
頑張りは昇給でしっかり評価。楽しみながらスキルを磨いて、推し活をもっと充実させちゃいましょう！","【こんな方にピッタリなお仕事です！】

・趣味やプライベートを第一優先にしたい方
・PC入力などのコツコツ作業が好きな方
・フリーターから卒業して、安定した環境で働きたい方
・家庭と仕事をバランスよく両立したい主婦(夫)さん
・第二新卒として、新しい環境でリスタートしたい方
・誰かをサポートすることにやりがいを感じる方
・ワークライフバランスを何より大切にしたい方

【応募条件は一切なし！】
#未経験・ブランクOK #学歴・職歴・経験不問
#20代・30代女性活躍中 #推し活優先OK #残業ほぼナシ

「今の自分」のままで、一歩踏み出してみませんか？ハローワークでお探し中の方も、ぜひお気軽にご応募ください！","【勤務時間】
★9:00~18:00
└実働8時間/休憩1時間

定時ダッシュも問題ないです✧
✧ 土日祝休み
✧ 残業月平均:6.5時間以内
✧ 残業代100%支給","✧ 完全週休2日制(土日祝休み)
✧ 年間休日125日
「土日休みはマスト!」ってあなたにも
ぴったりの職場です!

【その他休暇】
✧ 有給休暇
✧ 夏季・冬季休暇
✧ GW休暇
✧ 年末年始休暇",厚木支店,神奈川県海老名市めぐみ町2-2 ViNA GARDENS OFFICE 11F,"月給:25万円~+交通費全額支給

※経験に応じて決定いたします。

# 昇給あり
# 賞与あり
# 残業代100%支給
# 交通費支給","・社会保険完備
・住宅手当
・家賃補助
・退職金制度
・家族手当・扶養手当
・健康診断
・特別休暇
・資格取得支援制度","\\✧カジュアル面談実施中です✧/

応募に必要なのは人柄のみです!
まずはあなたのご希望を聞かせてください!

✩.。.....................。.✩
■ 応募からの流れ ■
✩.。.....................。.✩

▶STEP1WEBから1分簡単ご応募!
1~3日以内に担当者よりご連絡いたします。

▶ STEP2カジュアル面談(1回のみ)

▶STEP3採用

※入社日のご相談OKです◎
お気軽にご相談ください!",,即日勤務OK、交通費支給、残業なし,2,任意,生年月日、性別、電話番号,ntf-indeedapplicant-aaaatulx77tci2k2pr5yeqapva@shukatsu-labo.slack.com,,,利用しない,,
募集中,株式会社BREXA Technology,【未経験】軽作業/株式会社BREXA Technology/横浜支店,倉庫作業スタッフ,残業なし・完全週休2日制で自分時間を最大化。未経験から自分らしいスタイル（髪型・ネイル自由）で、コツコツ集中して働ける軽作業のお仕事です！,,神奈川県 横浜市 西区 高島,,,正社員,はい,月給,250000,,最低額を表示,なし,,,,,,,固定時間制,160,,厚生年金、健康保険、雇用保険、労災保険,,なし,,,,,,,,,,,,,,,,,,"【お仕事内容】
難しいことは一切なし！簡単なピッキングや仕分けといった軽作業からスタート。

・リストを見ながら商品を集めるピッキング
・出荷先ごとの簡単な仕分け・梱包
・届いた商品の検品や棚入れ　など

「倉庫作業は初めてで不安…」という方も大丈夫！
先輩の90%が未経験からデビューしています。手厚い研修制度があるから、軽作業が初めての方も安心して一歩を踏み出せる環境です。","【アピールポイント：ココが私たちの推し！】

✅土日祝休み
カレンダー通りのお休みだから、大型連休もしっかり確保。遠征や旅行のスケジュールも立てやすいのが魅力です。

✅職場は「好き」を語れる同志ばかり！
20代メインの職場で、休憩時間は推しトークで大盛り上がり。「ライブどうだった？」「新曲最高！」なんて会話が日常茶飯事です。

✅自分らしさを完全キープ！
髪色・ネイル・服装は自由。推しカラーをネイルに取り入れたり、お気に入りの服でモチベーションを上げたり、オシャレを楽しみながら働けます。

✅趣味の資金もコツコツ貯まる♪
頑張りは昇給でしっかり評価。楽しみながらスキルを磨いて、推し活をもっと充実させちゃいましょう！","【こんな方にピッタリなお仕事です！】

・趣味やプライベートを第一優先にしたい方
・PC入力などのコツコツ作業が好きな方
・フリーターから卒業して、安定した環境で働きたい方
・家庭と仕事をバランスよく両立したい主婦(夫)さん
・第二新卒として、新しい環境でリスタートしたい方
・誰かをサポートすることにやりがいを感じる方
・ワークライフバランスを何より大切にしたい方

【応募条件は一切なし！】
#未経験・ブランクOK #学歴・職歴・経験不問
#20代・30代女性活躍中 #推し活優先OK #残業ほぼナシ

「今の自分」のままで、一歩踏み出してみませんか？ハローワークでお探し中の方も、ぜひお気軽にご応募ください！","【勤務時間】
★9:00~18:00
└実働8時間/休憩1時間

定時ダッシュも問題ないです✧
✧ 土日祝休み
✧ 残業月平均:6.5時間以内
✧ 残業代100%支給","✧ 完全週休2日制(土日祝休み)
✧ 年間休日125日
「土日休みはマスト!」ってあなたにも
ぴったりの職場です!

【その他休暇】
✧ 有給休暇
✧ 夏季・冬季休暇
✧ GW休暇
✧ 年末年始休暇",横浜支店,神奈川県横浜市西区高島2-19-12 横浜スカイビル24F,"月給:25万円~+交通費全額支給

※経験に応じて決定いたします。

# 昇給あり
# 賞与あり
# 残業代100%支給
# 交通費支給","・社会保険完備
・住宅手当
・家賃補助
・退職金制度
・家族手当・扶養手当
・健康診断
・特別休暇
・資格取得支援制度","\\✧カジュアル面談実施中です✧/

応募に必要なのは人柄のみです!
まずはあなたのご希望を聞かせてください!

✩.。.....................。.✩
■ 応募からの流れ ■
✩.。.....................。.✩

▶STEP1WEBから1分簡単ご応募!
1~3日以内に担当者よりご連絡いたします。

▶ STEP2カジュアル面談(1回のみ)

▶STEP3採用

※入社日のご相談OKです◎
お気軽にご相談ください!",,即日勤務OK、交通費支給、残業なし,2,任意,生年月日、性別、電話番号,ntf-indeedapplicant-aaaatulx77tci2k2pr5yeqapva@shukatsu-labo.slack.com,,,利用しない,,
募集中,株式会社BREXA Technology,【未経験】軽作業/株式会社BREXA Technology/川崎支店,倉庫作業スタッフ,残業なし・完全週休2日制で自分時間を最大化。未経験から自分らしいスタイル（髪型・ネイル自由）で、コツコツ集中して働ける軽作業のお仕事です！,,神奈川県 川崎市 川崎区 駅前本町,,,正社員,はい,月給,250000,,最低額を表示,なし,,,,,,,固定時間制,160,,厚生年金、健康保険、雇用保険、労災保険,,なし,,,,,,,,,,,,,,,,,,"【お仕事内容】
難しいことは一切なし！簡単なピッキングや仕分けといった軽作業からスタート。

・リストを見ながら商品を集めるピッキング
・出荷先ごとの簡単な仕分け・梱包
・届いた商品の検品や棚入れ　など

「倉庫作業は初めてで不安…」という方も大丈夫！
先輩の90%が未経験からデビューしています。手厚い研修制度があるから、軽作業が初めての方も安心して一歩を踏み出せる環境です。","【アピールポイント：ココが私たちの推し！】

✅土日祝休み
カレンダー通りのお休みだから、大型連休もしっかり確保。遠征や旅行のスケジュールも立てやすいのが魅力です。

✅職場は「好き」を語れる同志ばかり！
20代メインの職場で、休憩時間は推しトークで大盛り上がり。「ライブどうだった？」「新曲最高！」なんて会話が日常茶飯事です。

✅自分らしさを完全キープ！
髪色・ネイル・服装は自由。推しカラーをネイルに取り入れたり、お気に入りの服でモチベーションを上げたり、オシャレを楽しみながら働けます。

✅趣味の資金もコツコツ貯まる♪
頑張りは昇給でしっかり評価。楽しみながらスキルを磨いて、推し活をもっと充実させちゃいましょう！","【こんな方にピッタリなお仕事です！】

・趣味やプライベートを第一優先にしたい方
・PC入力などのコツコツ作業が好きな方
・フリーターから卒業して、安定した環境で働きたい方
・家庭と仕事をバランスよく両立したい主婦(夫)さん
・第二新卒として、新しい環境でリスタートしたい方
・誰かをサポートすることにやりがいを感じる方
・ワークライフバランスを何より大切にしたい方

【応募条件は一切なし！】
#未経験・ブランクOK #学歴・職歴・経験不問
#20代・30代女性活躍中 #推し活優先OK #残業ほぼナシ

「今の自分」のままで、一歩踏み出してみませんか？ハローワークでお探し中の方も、ぜひお気軽にご応募ください！","【勤務時間】
★9:00~18:00
└実働8時間/休憩1時間

定時ダッシュも問題ないです✧
✧ 土日祝休み
✧ 残業月平均:6.5時間以内
✧ 残業代100%支給","✧ 完全週休2日制(土日祝休み)
✧ 年間休日125日
「土日休みはマスト!」ってあなたにも
ぴったりの職場です!

【その他休暇】
✧ 有給休暇
✧ 夏季・冬季休暇
✧ GW休暇
✧ 年末年始休暇",川崎支店,神奈川県川崎市川崎区駅前本町10-5 クリエ川崎10F,"月給:25万円~+交通費全額支給

※経験に応じて決定いたします。

# 昇給あり
# 賞与あり
# 残業代100%支給
# 交通費支給","・社会保険完備
・住宅手当
・家賃補助
・退職金制度
・家族手当・扶養手当
・健康診断
・特別休暇
・資格取得支援制度","\\✧カジュアル面談実施中です✧/

応募に必要なのは人柄のみです!
まずはあなたのご希望を聞かせてください!

✩.。.....................。.✩
■ 応募からの流れ ■
✩.。.....................。.✩

▶STEP1WEBから1分簡単ご応募!
1~3日以内に担当者よりご連絡いたします。

▶ STEP2カジュアル面談(1回のみ)

▶STEP3採用

※入社日のご相談OKです◎
お気軽にご相談ください!",,即日勤務OK、交通費支給、残業なし,2,任意,生年月日、性別、電話番号,ntf-indeedapplicant-aaaatulx77tci2k2pr5yeqapva@shukatsu-labo.slack.com,,,利用しない,,
募集中,株式会社BREXA Technology,【未経験】軽作業/株式会社BREXA Technology/立川支店,倉庫作業スタッフ,残業なし・完全週休2日制で自分時間を最大化。未経験から自分らしいスタイル（髪型・ネイル自由）で、コツコツ集中して働ける軽作業のお仕事です！,,東京都 立川市 曙町,,,正社員,はい,月給,250000,,最低額を表示,なし,,,,,,,固定時間制,160,,厚生年金、健康保険、雇用保険、労災保険,,なし,,,,,,,,,,,,,,,,,,"【お仕事内容】
難しいことは一切なし！簡単なピッキングや仕分けといった軽作業からスタート。

・リストを見ながら商品を集めるピッキング
・出荷先ごとの簡単な仕分け・梱包
・届いた商品の検品や棚入れ　など

「倉庫作業は初めてで不安…」という方も大丈夫！
先輩の90%が未経験からデビューしています。手厚い研修制度があるから、軽作業が初めての方も安心して一歩を踏み出せる環境です。","【アピールポイント：ココが私たちの推し！】

✅土日祝休み
カレンダー通りのお休みだから、大型連休もしっかり確保。遠征や旅行のスケジュールも立てやすいのが魅力です。

✅職場は「好き」を語れる同志ばかり！
20代メインの職場で、休憩時間は推しトークで大盛り上がり。「ライブどうだった？」「新曲最高！」なんて会話が日常茶飯事です。

✅自分らしさを完全キープ！
髪色・ネイル・服装は自由。推しカラーをネイルに取り入れたり、お気に入りの服でモチベーションを上げたり、オシャレを楽しみながら働けます。

✅趣味の資金もコツコツ貯まる♪
頑張りは昇給でしっかり評価。楽しみながらスキルを磨いて、推し活をもっと充実させちゃいましょう！","【こんな方にピッタリなお仕事です！】

・趣味やプライベートを第一優先にしたい方
・PC入力などのコツコツ作業が好きな方
・フリーターから卒業して、安定した環境で働きたい方
・家庭と仕事をバランスよく両立したい主婦(夫)さん
・第二新卒として、新しい環境でリスタートしたい方
・誰かをサポートすることにやりがいを感じる方
・ワークライフバランスを何より大切にしたい方

【応募条件は一切なし！】
#未経験・ブランクOK #学歴・職歴・経験不問
#20代・30代女性活躍中 #推し活優先OK #残業ほぼナシ

「今の自分」のままで、一歩踏み出してみませんか？ハローワークでお探し中の方も、ぜひお気軽にご応募ください！","【勤務時間】
★9:00~18:00
└実働8時間/休憩1時間

定時ダッシュも問題ないです✧
✧ 土日祝休み
✧ 残業月平均:6.5時間以内
✧ 残業代100%支給","✧ 完全週休2日制(土日祝休み)
✧ 年間休日125日
「土日休みはマスト!」ってあなたにも
ぴったりの職場です!

【その他休暇】
✧ 有給休暇
✧ 夏季・冬季休暇
✧ GW休暇
✧ 年末年始休暇",立川支店,東京都立川市曙町2-38-5 立川ビジネスセンタービル7F,"月給:25万円~+交通費全額支給

※経験に応じて決定いたします。

# 昇給あり
# 賞与あり
# 残業代100%支給
# 交通費支給","・社会保険完備
・住宅手当
・家賃補助
・退職金制度
・家族手当・扶養手当
・健康診断
・特別休暇
・資格取得支援制度","\\✧カジュアル面談実施中です✧/

応募に必要なのは人柄のみです!
まずはあなたのご希望を聞かせてください!

✩.。.....................。.✩
■ 応募からの流れ ■
✩.。.....................。.✩

▶STEP1WEBから1分簡単ご応募!
1~3日以内に担当者よりご連絡いたします。

▶ STEP2カジュアル面談(1回のみ)

▶STEP3採用

※入社日のご相談OKです◎
お気軽にご相談ください!",,即日勤務OK、交通費支給、残業なし,2,任意,生年月日、性別、電話番号,ntf-indeedapplicant-aaaatulx77tci2k2pr5yeqapva@shukatsu-labo.slack.com,,,利用しない,,
募集中,株式会社BREXA Technology,【未経験】軽作業/株式会社BREXA Technology/千葉支店,倉庫作業スタッフ,残業なし・完全週休2日制で自分時間を最大化。未経験から自分らしいスタイル（髪型・ネイル自由）で、コツコツ集中して働ける軽作業のお仕事です！,,千葉県 千葉市 中央区 新町,,,正社員,はい,月給,250000,,最低額を表示,なし,,,,,,,固定時間制,160,,厚生年金、健康保険、雇用保険、労災保険,,なし,,,,,,,,,,,,,,,,,,"【お仕事内容】
難しいことは一切なし！簡単なピッキングや仕分けといった軽作業からスタート。

・リストを見ながら商品を集めるピッキング
・出荷先ごとの簡単な仕分け・梱包
・届いた商品の検品や棚入れ　など

「倉庫作業は初めてで不安…」という方も大丈夫！
先輩の90%が未経験からデビューしています。手厚い研修制度があるから、軽作業が初めての方も安心して一歩を踏み出せる環境です。","【アピールポイント：ココが私たちの推し！】

✅土日祝休み
カレンダー通りのお休みだから、大型連休もしっかり確保。遠征や旅行のスケジュールも立てやすいのが魅力です。

✅職場は「好き」を語れる同志ばかり！
20代メインの職場で、休憩時間は推しトークで大盛り上がり。「ライブどうだった？」「新曲最高！」なんて会話が日常茶飯事です。

✅自分らしさを完全キープ！
髪色・ネイル・服装は自由。推しカラーをネイルに取り入れたり、お気に入りの服でモチベーションを上げたり、オシャレを楽しみながら働けます。

✅趣味の資金もコツコツ貯まる♪
頑張りは昇給でしっかり評価。楽しみながらスキルを磨いて、推し活をもっと充実させちゃいましょう！","【こんな方にピッタリなお仕事です！】

・趣味やプライベートを第一優先にしたい方
・PC入力などのコツコツ作業が好きな方
・フリーターから卒業して、安定した環境で働きたい方
・家庭と仕事をバランスよく両立したい主婦(夫)さん
・第二新卒として、新しい環境でリスタートしたい方
・誰かをサポートすることにやりがいを感じる方
・ワークライフバランスを何より大切にしたい方

【応募条件は一切なし！】
#未経験・ブランクOK #学歴・職歴・経験不問
#20代・30代女性活躍中 #推し活優先OK #残業ほぼナシ

「今の自分」のままで、一歩踏み出してみませんか？ハローワークでお探し中の方も、ぜひお気軽にご応募ください！","【勤務時間】
★9:00~18:00
└実働8時間/休憩1時間

定時ダッシュも問題ないです✧
✧ 土日祝休み
✧ 残業月平均:6.5時間以内
✧ 残業代100%支給","✧ 完全週休2日制(土日祝休み)
✧ 年間休日125日
「土日休みはマスト!」ってあなたにも
ぴったりの職場です!

【その他休暇】
✧ 有給休暇
✧ 夏季・冬季休暇
✧ GW休暇
✧ 年末年始休暇",千葉支店,千葉県千葉市中央区新町1000番地 センシティビルディング16F,"月給:25万円~+交通費全額支給

※経験に応じて決定いたします。

# 昇給あり
# 賞与あり
# 残業代100%支給
# 交通費支給","・社会保険完備
・住宅手当
・家賃補助
・退職金制度
・家族手当・扶養手当
・健康診断
・特別休暇
・資格取得支援制度","\\✧カジュアル面談実施中です✧/

応募に必要なのは人柄のみです!
まずはあなたのご希望を聞かせてください!

✩.。.....................。.✩
■ 応募からの流れ ■
✩.。.....................。.✩

▶STEP1WEBから1分簡単ご応募!
1~3日以内に担当者よりご連絡いたします。

▶ STEP2カジュアル面談(1回のみ)

▶STEP3採用

※入社日のご相談OKです◎
お気軽にご相談ください!",,即日勤務OK、交通費支給、残業なし,2,任意,生年月日、性別、電話番号,ntf-indeedapplicant-aaaatulx77tci2k2pr5yeqapva@shukatsu-labo.slack.com,,,利用しない,,
募集中,株式会社BREXA Technology,【未経験】軽作業/株式会社BREXA Technology/柏支店,倉庫作業スタッフ,残業なし・完全週休2日制で自分時間を最大化。未経験から自分らしいスタイル（髪型・ネイル自由）で、コツコツ集中して働ける軽作業のお仕事です！,,千葉県 柏市 中央町,,,正社員,はい,月給,250000,,最低額を表示,なし,,,,,,,固定時間制,160,,厚生年金、健康保険、雇用保険、労災保険,,なし,,,,,,,,,,,,,,,,,,"【お仕事内容】
難しいことは一切なし！簡単なピッキングや仕分けといった軽作業からスタート。

・リストを見ながら商品を集めるピッキング
・出荷先ごとの簡単な仕分け・梱包
・届いた商品の検品や棚入れ　など

「倉庫作業は初めてで不安…」という方も大丈夫！
先輩の90%が未経験からデビューしています。手厚い研修制度があるから、軽作業が初めての方も安心して一歩を踏み出せる環境です。","【アピールポイント：ココが私たちの推し！】

✅土日祝休み
カレンダー通りのお休みだから、大型連休もしっかり確保。遠征や旅行のスケジュールも立てやすいのが魅力です。

✅職場は「好き」を語れる同志ばかり！
20代メインの職場で、休憩時間は推しトークで大盛り上がり。「ライブどうだった？」「新曲最高！」なんて会話が日常茶飯事です。

✅自分らしさを完全キープ！
髪色・ネイル・服装は自由。推しカラーをネイルに取り入れたり、お気に入りの服でモチベーションを上げたり、オシャレを楽しみながら働けます。

✅趣味の資金もコツコツ貯まる♪
頑張りは昇給でしっかり評価。楽しみながらスキルを磨いて、推し活をもっと充実させちゃいましょう！","【こんな方にピッタリなお仕事です！】

・趣味やプライベートを第一優先にしたい方
・PC入力などのコツコツ作業が好きな方
・フリーターから卒業して、安定した環境で働きたい方
・家庭と仕事をバランスよく両立したい主婦(夫)さん
・第二新卒として、新しい環境でリスタートしたい方
・誰かをサポートすることにやりがいを感じる方
・ワークライフバランスを何より大切にしたい方

【応募条件は一切なし！】
#未経験・ブランクOK #学歴・職歴・経験不問
#20代・30代女性活躍中 #推し活優先OK #残業ほぼナシ

「今の自分」のままで、一歩踏み出してみませんか？ハローワークでお探し中の方も、ぜひお気軽にご応募ください！","【勤務時間】
★9:00~18:00
└実働8時間/休憩1時間

定時ダッシュも問題ないです✧
✧ 土日祝休み
✧ 残業月平均:6.5時間以内
✧ 残業代100%支給","✧ 完全週休2日制(土日祝休み)
✧ 年間休日125日
「土日休みはマスト!」ってあなたにも
ぴったりの職場です!

【その他休暇】
✧ 有給休暇
✧ 夏季・冬季休暇
✧ GW休暇
✧ 年末年始休暇",柏支店,千葉県柏市中央町3-2 TLR柏ビル4F,"月給:25万円~+交通費全額支給

※経験に応じて決定いたします。

# 昇給あり
# 賞与あり
# 残業代100%支給
# 交通費支給","・社会保険完備
・住宅手当
・家賃補助
・退職金制度
・家族手当・扶養手当
・健康診断
・特別休暇
・資格取得支援制度","\\✧カジュアル面談実施中です✧/

応募に必要なのは人柄のみです!
まずはあなたのご希望を聞かせてください!

✩.。.....................。.✩
■ 応募からの流れ ■
✩.。.....................。.✩

▶STEP1WEBから1分簡単ご応募!
1~3日以内に担当者よりご連絡いたします。

▶ STEP2カジュアル面談(1回のみ)

▶STEP3採用

※入社日のご相談OKです◎
お気軽にご相談ください!",,即日勤務OK、交通費支給、残業なし,2,任意,生年月日、性別、電話番号,ntf-indeedapplicant-aaaatulx77tci2k2pr5yeqapva@shukatsu-labo.slack.com,,,利用しない,,
募集中,株式会社BREXA Technology,【未経験】軽作業/株式会社BREXA Technology/大宮支店,倉庫作業スタッフ,残業なし・完全週休2日制で自分時間を最大化。未経験から自分らしいスタイル（髪型・ネイル自由）で、コツコツ集中して働ける軽作業のお仕事です！,,埼玉県 さいたま市 大宮区 桜木町,,,正社員,はい,月給,250000,,最低額を表示,なし,,,,,,,固定時間制,160,,厚生年金、健康保険、雇用保険、労災保険,,なし,,,,,,,,,,,,,,,,,,"【お仕事内容】
難しいことは一切なし！簡単なピッキングや仕分けといった軽作業からスタート。

・リストを見ながら商品を集めるピッキング
・出荷先ごとの簡単な仕分け・梱包
・届いた商品の検品や棚入れ　など

「倉庫作業は初めてで不安…」という方も大丈夫！
先輩の90%が未経験からデビューしています。手厚い研修制度があるから、軽作業が初めての方も安心して一歩を踏み出せる環境です。","【アピールポイント：ココが私たちの推し！】

✅土日祝休み
カレンダー通りのお休みだから、大型連休もしっかり確保。遠征や旅行のスケジュールも立てやすいのが魅力です。

✅職場は「好き」を語れる同志ばかり！
20代メインの職場で、休憩時間は推しトークで大盛り上がり。「ライブどうだった？」「新曲最高！」なんて会話が日常茶飯事です。

✅自分らしさを完全キープ！
髪色・ネイル・服装は自由。推しカラーをネイルに取り入れたり、お気に入りの服でモチベーションを上げたり、オシャレを楽しみながら働けます。

✅趣味の資金もコツコツ貯まる♪
頑張りは昇給でしっかり評価。楽しみながらスキルを磨いて、推し活をもっと充実させちゃいましょう！","【こんな方にピッタリなお仕事です！】

・趣味やプライベートを第一優先にしたい方
・PC入力などのコツコツ作業が好きな方
・フリーターから卒業して、安定した環境で働きたい方
・家庭と仕事をバランスよく両立したい主婦(夫)さん
・第二新卒として、新しい環境でリスタートしたい方
・誰かをサポートすることにやりがいを感じる方
・ワークライフバランスを何より大切にしたい方

【応募条件は一切なし！】
#未経験・ブランクOK #学歴・職歴・経験不問
#20代・30代女性活躍中 #推し活優先OK #残業ほぼナシ

「今の自分」のままで、一歩踏み出してみませんか？ハローワークでお探し中の方も、ぜひお気軽にご応募ください！","【勤務時間】
★9:00~18:00
└実働8時間/休憩1時間

定時ダッシュも問題ないです✧
✧ 土日祝休み
✧ 残業月平均:6.5時間以内
✧ 残業代100%支給","✧ 完全週休2日制(土日祝休み)
✧ 年間休日125日
「土日休みはマスト!」ってあなたにも
ぴったりの職場です!

【その他休暇】
✧ 有給休暇
✧ 夏季・冬季休暇
✧ GW休暇
✧ 年末年始休暇",大宮支店,埼玉県さいたま市大宮区桜木町1-11-20 大宮JPビルディング3F,"月給:25万円~+交通費全額支給

※経験に応じて決定いたします。

# 昇給あり
# 賞与あり
# 残業代100%支給
# 交通費支給","・社会保険完備
・住宅手当
・家賃補助
・退職金制度
・家族手当・扶養手当
・健康診断
・特別休暇
・資格取得支援制度","\\✧カジュアル面談実施中です✧/

応募に必要なのは人柄のみです!
まずはあなたのご希望を聞かせてください!

✩.。.....................。.✩
■ 応募からの流れ ■
✩.。.....................。.✩

▶STEP1WEBから1分簡単ご応募!
1~3日以内に担当者よりご連絡いたします。

▶ STEP2カジュアル面談(1回のみ)

▶STEP3採用

※入社日のご相談OKです◎
お気軽にご相談ください!",,即日勤務OK、交通費支給、残業なし,2,任意,生年月日、性別、電話番号,ntf-indeedapplicant-aaaatulx77tci2k2pr5yeqapva@shukatsu-labo.slack.com,,,利用しない,,
募集中,株式会社BREXA Technology,【未経験】軽作業/株式会社BREXA Technology/熊谷支店,倉庫作業スタッフ,残業なし・完全週休2日制で自分時間を最大化。未経験から自分らしいスタイル（髪型・ネイル自由）で、コツコツ集中して働ける軽作業のお仕事です！,,埼玉県 熊谷市 筑波,,,正社員,はい,月給,250000,,最低額を表示,なし,,,,,,,固定時間制,160,,厚生年金、健康保険、雇用保険、労災保険,,なし,,,,,,,,,,,,,,,,,,"【お仕事内容】
難しいことは一切なし！簡単なピッキングや仕分けといった軽作業からスタート。

・リストを見ながら商品を集めるピッキング
・出荷先ごとの簡単な仕分け・梱包
・届いた商品の検品や棚入れ　など

「倉庫作業は初めてで不安…」という方も大丈夫！
先輩の90%が未経験からデビューしています。手厚い研修制度があるから、軽作業が初めての方も安心して一歩を踏み出せる環境です。","【アピールポイント：ココが私たちの推し！】

✅土日祝休み
カレンダー通りのお休みだから、大型連休もしっかり確保。遠征や旅行のスケジュールも立てやすいのが魅力です。

✅職場は「好き」を語れる同志ばかり！
20代メインの職場で、休憩時間は推しトークで大盛り上がり。「ライブどうだった？」「新曲最高！」なんて会話が日常茶飯事です。

✅自分らしさを完全キープ！
髪色・ネイル・服装は自由。推しカラーをネイルに取り入れたり、お気に入りの服でモチベーションを上げたり、オシャレを楽しみながら働けます。

✅趣味の資金もコツコツ貯まる♪
頑張りは昇給でしっかり評価。楽しみながらスキルを磨いて、推し活をもっと充実させちゃいましょう！","【こんな方にピッタリなお仕事です！】

・趣味やプライベートを第一優先にしたい方
・PC入力などのコツコツ作業が好きな方
・フリーターから卒業して、安定した環境で働きたい方
・家庭と仕事をバランスよく両立したい主婦(夫)さん
・第二新卒として、新しい環境でリスタートしたい方
・誰かをサポートすることにやりがいを感じる方
・ワークライフバランスを何より大切にしたい方

【応募条件は一切なし！】
#未経験・ブランクOK #学歴・職歴・経験不問
#20代・30代女性活躍中 #推し活優先OK #残業ほぼナシ

「今の自分」のままで、一歩踏み出してみませんか？ハローワークでお探し中の方も、ぜひお気軽にご応募ください！","【勤務時間】
★9:00~18:00
└実働8時間/休憩1時間

定時ダッシュも問題ないです✧
✧ 土日祝休み
✧ 残業月平均:6.5時間以内
✧ 残業代100%支給","✧ 完全週休2日制(土日祝休み)
✧ 年間休日125日
「土日休みはマスト!」ってあなたにも
ぴったりの職場です!

【その他休暇】
✧ 有給休暇
✧ 夏季・冬季休暇
✧ GW休暇
✧ 年末年始休暇",熊谷支店,埼玉県熊谷市筑波2-15 大樹生命熊谷ビル9F,"月給:25万円~+交通費全額支給

※経験に応じて決定いたします。

# 昇給あり
# 賞与あり
# 残業代100%支給
# 交通費支給","・社会保険完備
・住宅手当
・家賃補助
・退職金制度
・家族手当・扶養手当
・健康診断
・特別休暇
・資格取得支援制度","\\✧カジュアル面談実施中です✧/

応募に必要なのは人柄のみです!
まずはあなたのご希望を聞かせてください!

✩.。.....................。.✩
■ 応募からの流れ ■
✩.。.....................。.✩

▶STEP1WEBから1分簡単ご応募!
1~3日以内に担当者よりご連絡いたします。

▶ STEP2カジュアル面談(1回のみ)

▶STEP3採用

※入社日のご相談OKです◎
お気軽にご相談ください!",,即日勤務OK、交通費支給、残業なし,2,任意,生年月日、性別、電話番号,ntf-indeedapplicant-aaaatulx77tci2k2pr5yeqapva@shukatsu-labo.slack.com,,,利用しない,,
募集中,株式会社BREXA Technology,【未経験】軽作業/株式会社BREXA Technology/東京第１支店（インテグレーション事業本部 営業部）,倉庫作業スタッフ,残業なし・完全週休2日制で自分時間を最大化。未経験から自分らしいスタイル（髪型・ネイル自由）で、コツコツ集中して働ける軽作業のお仕事です！,,東京都 中央区 銀座,,,正社員,はい,月給,250000,,最低額を表示,なし,,,,,,,固定時間制,160,,厚生年金、健康保険、雇用保険、労災保険,,なし,,,,,,,,,,,,,,,,,,"【お仕事内容】
難しいことは一切なし！簡単なピッキングや仕分けといった軽作業からスタート。

・リストを見ながら商品を集めるピッキング
・出荷先ごとの簡単な仕分け・梱包
・届いた商品の検品や棚入れ　など

「倉庫作業は初めてで不安…」という方も大丈夫！
先輩の90%が未経験からデビューしています。手厚い研修制度があるから、軽作業が初めての方も安心して一歩を踏み出せる環境です。","【アピールポイント：ココが私たちの推し！】

✅土日祝休み
カレンダー通りのお休みだから、大型連休もしっかり確保。遠征や旅行のスケジュールも立てやすいのが魅力です。

✅職場は「好き」を語れる同志ばかり！
20代メインの職場で、休憩時間は推しトークで大盛り上がり。「ライブどうだった？」「新曲最高！」なんて会話が日常茶飯事です。

✅自分らしさを完全キープ！
髪色・ネイル・服装は自由。推しカラーをネイルに取り入れたり、お気に入りの服でモチベーションを上げたり、オシャレを楽しみながら働けます。

✅趣味の資金もコツコツ貯まる♪
頑張りは昇給でしっかり評価。楽しみながらスキルを磨いて、推し活をもっと充実させちゃいましょう！","【こんな方にピッタリなお仕事です！】

・趣味やプライベートを第一優先にしたい方
・PC入力などのコツコツ作業が好きな方
・フリーターから卒業して、安定した環境で働きたい方
・家庭と仕事をバランスよく両立したい主婦(夫)さん
・第二新卒として、新しい環境でリスタートしたい方
・誰かをサポートすることにやりがいを感じる方
・ワークライフバランスを何より大切にしたい方

【応募条件は一切なし！】
#未経験・ブランクOK #学歴・職歴・経験不問
#20代・30代女性活躍中 #推し活優先OK #残業ほぼナシ

「今の自分」のままで、一歩踏み出してみませんか？ハローワークでお探し中の方も、ぜひお気軽にご応募ください！","【勤務時間】
★9:00~18:00
└実働8時間/休憩1時間

定時ダッシュも問題ないです✧
✧ 土日祝休み
✧ 残業月平均:6.5時間以内
✧ 残業代100%支給","✧ 完全週休2日制(土日祝休み)
✧ 年間休日125日
「土日休みはマスト!」ってあなたにも
ぴったりの職場です!

【その他休暇】
✧ 有給休暇
✧ 夏季・冬季休暇
✧ GW休暇
✧ 年末年始休暇",東京第１支店（インテグレーション事業本部 営業部）,東京都中央区銀座6-17-1 銀座６丁目－ＳＱＵＡＲＥ,"月給:25万円~+交通費全額支給

※経験に応じて決定いたします。

# 昇給あり
# 賞与あり
# 残業代100%支給
# 交通費支給","・社会保険完備
・住宅手当
・家賃補助
・退職金制度
・家族手当・扶養手当
・健康診断
・特別休暇
・資格取得支援制度","\\✧カジュアル面談実施中です✧/

応募に必要なのは人柄のみです!
まずはあなたのご希望を聞かせてください!

✩.。.....................。.✩
■ 応募からの流れ ■
✩.。.....................。.✩

▶STEP1WEBから1分簡単ご応募!
1~3日以内に担当者よりご連絡いたします。

▶ STEP2カジュアル面談(1回のみ)

▶STEP3採用

※入社日のご相談OKです◎
お気軽にご相談ください!",,即日勤務OK、交通費支給、残業なし,2,任意,生年月日、性別、電話番号,ntf-indeedapplicant-aaaatulx77tci2k2pr5yeqapva@shukatsu-labo.slack.com,,,利用しない,,
募集中,株式会社BREXA Technology,【未経験】軽作業/株式会社BREXA Technology/東京第１支店（インテグレーション事業本部 プロフェッショナルサービス部）,倉庫作業スタッフ,残業なし・完全週休2日制で自分時間を最大化。未経験から自分らしいスタイル（髪型・ネイル自由）で、コツコツ集中して働ける軽作業のお仕事です！,,東京都 中央区 銀座,,,正社員,はい,月給,250000,,最低額を表示,なし,,,,,,,固定時間制,160,,厚生年金、健康保険、雇用保険、労災保険,,なし,,,,,,,,,,,,,,,,,,"【お仕事内容】
難しいことは一切なし！簡単なピッキングや仕分けといった軽作業からスタート。

・リストを見ながら商品を集めるピッキング
・出荷先ごとの簡単な仕分け・梱包
・届いた商品の検品や棚入れ　など

「倉庫作業は初めてで不安…」という方も大丈夫！
先輩の90%が未経験からデビューしています。手厚い研修制度があるから、軽作業が初めての方も安心して一歩を踏み出せる環境です。","【アピールポイント：ココが私たちの推し！】

✅土日祝休み
カレンダー通りのお休みだから、大型連休もしっかり確保。遠征や旅行のスケジュールも立てやすいのが魅力です。

✅職場は「好き」を語れる同志ばかり！
20代メインの職場で、休憩時間は推しトークで大盛り上がり。「ライブどうだった？」「新曲最高！」なんて会話が日常茶飯事です。

✅自分らしさを完全キープ！
髪色・ネイル・服装は自由。推しカラーをネイルに取り入れたり、お気に入りの服でモチベーションを上げたり、オシャレを楽しみながら働けます。

✅趣味の資金もコツコツ貯まる♪
頑張りは昇給でしっかり評価。楽しみながらスキルを磨いて、推し活をもっと充実させちゃいましょう！","【こんな方にピッタリなお仕事です！】

・趣味やプライベートを第一優先にしたい方
・PC入力などのコツコツ作業が好きな方
・フリーターから卒業して、安定した環境で働きたい方
・家庭と仕事をバランスよく両立したい主婦(夫)さん
・第二新卒として、新しい環境でリスタートしたい方
・誰かをサポートすることにやりがいを感じる方
・ワークライフバランスを何より大切にしたい方

【応募条件は一切なし！】
#未経験・ブランクOK #学歴・職歴・経験不問
#20代・30代女性活躍中 #推し活優先OK #残業ほぼナシ

「今の自分」のままで、一歩踏み出してみませんか？ハローワークでお探し中の方も、ぜひお気軽にご応募ください！","【勤務時間】
★9:00~18:00
└実働8時間/休憩1時間

定時ダッシュも問題ないです✧
✧ 土日祝休み
✧ 残業月平均:6.5時間以内
✧ 残業代100%支給","✧ 完全週休2日制(土日祝休み)
✧ 年間休日125日
「土日休みはマスト!」ってあなたにも
ぴったりの職場です!

【その他休暇】
✧ 有給休暇
✧ 夏季・冬季休暇
✧ GW休暇
✧ 年末年始休暇",東京第１支店（インテグレーション事業本部 プロフェッショナルサービス部）,東京都中央区銀座6-17-1 銀座６丁目－ＳＱＵＡＲＥ,"月給:25万円~+交通費全額支給

※経験に応じて決定いたします。

# 昇給あり
# 賞与あり
# 残業代100%支給
# 交通費支給","・社会保険完備
・住宅手当
・家賃補助
・退職金制度
・家族手当・扶養手当
・健康診断
・特別休暇
・資格取得支援制度","\\✧カジュアル面談実施中です✧/

応募に必要なのは人柄のみです!
まずはあなたのご希望を聞かせてください!

✩.。.....................。.✩
■ 応募からの流れ ■
✩.。.....................。.✩

▶STEP1WEBから1分簡単ご応募!
1~3日以内に担当者よりご連絡いたします。

▶ STEP2カジュアル面談(1回のみ)

▶STEP3採用

※入社日のご相談OKです◎
お気軽にご相談ください!",,即日勤務OK、交通費支給、残業なし,2,任意,生年月日、性別、電話番号,ntf-indeedapplicant-aaaatulx77tci2k2pr5yeqapva@shukatsu-labo.slack.com,,,利用しない,,
募集中,株式会社BREXA Technology,【未経験】軽作業/株式会社BREXA Technology/東京第１支店（ITエンジニアリング事業本部）,倉庫作業スタッフ,残業なし・完全週休2日制で自分時間を最大化。未経験から自分らしいスタイル（髪型・ネイル自由）で、コツコツ集中して働ける軽作業のお仕事です！,,東京都 中央区 銀座,,,正社員,はい,月給,250000,,最低額を表示,なし,,,,,,,固定時間制,160,,厚生年金、健康保険、雇用保険、労災保険,,なし,,,,,,,,,,,,,,,,,,"【お仕事内容】
難しいことは一切なし！簡単なピッキングや仕分けといった軽作業からスタート。

・リストを見ながら商品を集めるピッキング
・出荷先ごとの簡単な仕分け・梱包
・届いた商品の検品や棚入れ　など

「倉庫作業は初めてで不安…」という方も大丈夫！
先輩の90%が未経験からデビューしています。手厚い研修制度があるから、軽作業が初めての方も安心して一歩を踏み出せる環境です。","【アピールポイント：ココが私たちの推し！】

✅土日祝休み
カレンダー通りのお休みだから、大型連休もしっかり確保。遠征や旅行のスケジュールも立てやすいのが魅力です。

✅職場は「好き」を語れる同志ばかり！
20代メインの職場で、休憩時間は推しトークで大盛り上がり。「ライブどうだった？」「新曲最高！」なんて会話が日常茶飯事です。

✅自分らしさを完全キープ！
髪色・ネイル・服装は自由。推しカラーをネイルに取り入れたり、お気に入りの服でモチベーションを上げたり、オシャレを楽しみながら働けます。

✅趣味の資金もコツコツ貯まる♪
頑張りは昇給でしっかり評価。楽しみながらスキルを磨いて、推し活をもっと充実させちゃいましょう！","【こんな方にピッタリなお仕事です！】

・趣味やプライベートを第一優先にしたい方
・PC入力などのコツコツ作業が好きな方
・フリーターから卒業して、安定した環境で働きたい方
・家庭と仕事をバランスよく両立したい主婦(夫)さん
・第二新卒として、新しい環境でリスタートしたい方
・誰かをサポートすることにやりがいを感じる方
・ワークライフバランスを何より大切にしたい方

【応募条件は一切なし！】
#未経験・ブランクOK #学歴・職歴・経験不問
#20代・30代女性活躍中 #推し活優先OK #残業ほぼナシ

「今の自分」のままで、一歩踏み出してみませんか？ハローワークでお探し中の方も、ぜひお気軽にご応募ください！","【勤務時間】
★9:00~18:00
└実働8時間/休憩1時間

定時ダッシュも問題ないです✧
✧ 土日祝休み
✧ 残業月平均:6.5時間以内
✧ 残業代100%支給","✧ 完全週休2日制(土日祝休み)
✧ 年間休日125日
「土日休みはマスト!」ってあなたにも
ぴったりの職場です!

【その他休暇】
✧ 有給休暇
✧ 夏季・冬季休暇
✧ GW休暇
✧ 年末年始休暇",東京第１支店（ITエンジニアリング事業本部）,東京都中央区銀座6-17-1 銀座６丁目－ＳＱＵＡＲＥ,"月給:25万円~+交通費全額支給

※経験に応じて決定いたします。

# 昇給あり
# 賞与あり
# 残業代100%支給
# 交通費支給","・社会保険完備
・住宅手当
・家賃補助
・退職金制度
・家族手当・扶養手当
・健康診断
・特別休暇
・資格取得支援制度","\\✧カジュアル面談実施中です✧/

応募に必要なのは人柄のみです!
まずはあなたのご希望を聞かせてください!

✩.。.....................。.✩
■ 応募からの流れ ■
✩.。.....................。.✩

▶STEP1WEBから1分簡単ご応募!
1~3日以内に担当者よりご連絡いたします。

▶ STEP2カジュアル面談(1回のみ)

▶STEP3採用

※入社日のご相談OKです◎
お気軽にご相談ください!",,即日勤務OK、交通費支給、残業なし,2,任意,生年月日、性別、電話番号,ntf-indeedapplicant-aaaatulx77tci2k2pr5yeqapva@shukatsu-labo.slack.com,,,利用しない,,
募集中,株式会社BREXA Technology,【未経験】軽作業/株式会社BREXA Technology/東京第１支店（プロダクト開発課）,倉庫作業スタッフ,残業なし・完全週休2日制で自分時間を最大化。未経験から自分らしいスタイル（髪型・ネイル自由）で、コツコツ集中して働ける軽作業のお仕事です！,,東京都 中央区 銀座,,,正社員,はい,月給,250000,,最低額を表示,なし,,,,,,,固定時間制,160,,厚生年金、健康保険、雇用保険、労災保険,,なし,,,,,,,,,,,,,,,,,,"【お仕事内容】
難しいことは一切なし！簡単なピッキングや仕分けといった軽作業からスタート。

・リストを見ながら商品を集めるピッキング
・出荷先ごとの簡単な仕分け・梱包
・届いた商品の検品や棚入れ　など

「倉庫作業は初めてで不安…」という方も大丈夫！
先輩の90%が未経験からデビューしています。手厚い研修制度があるから、軽作業が初めての方も安心して一歩を踏み出せる環境です。","【アピールポイント：ココが私たちの推し！】

✅土日祝休み
カレンダー通りのお休みだから、大型連休もしっかり確保。遠征や旅行のスケジュールも立てやすいのが魅力です。

✅職場は「好き」を語れる同志ばかり！
20代メインの職場で、休憩時間は推しトークで大盛り上がり。「ライブどうだった？」「新曲最高！」なんて会話が日常茶飯事です。

✅自分らしさを完全キープ！
髪色・ネイル・服装は自由。推しカラーをネイルに取り入れたり、お気に入りの服でモチベーションを上げたり、オシャレを楽しみながら働けます。

✅趣味の資金もコツコツ貯まる♪
頑張りは昇給でしっかり評価。楽しみながらスキルを磨いて、推し活をもっと充実させちゃいましょう！","【こんな方にピッタリなお仕事です！】

・趣味やプライベートを第一優先にしたい方
・PC入力などのコツコツ作業が好きな方
・フリーターから卒業して、安定した環境で働きたい方
・家庭と仕事をバランスよく両立したい主婦(夫)さん
・第二新卒として、新しい環境でリスタートしたい方
・誰かをサポートすることにやりがいを感じる方
・ワークライフバランスを何より大切にしたい方

【応募条件は一切なし！】
#未経験・ブランクOK #学歴・職歴・経験不問
#20代・30代女性活躍中 #推し活優先OK #残業ほぼナシ

「今の自分」のままで、一歩踏み出してみませんか？ハローワークでお探し中の方も、ぜひお気軽にご応募ください！","【勤務時間】
★9:00~18:00
└実働8時間/休憩1時間

定時ダッシュも問題ないです✧
✧ 土日祝休み
✧ 残業月平均:6.5時間以内
✧ 残業代100%支給","✧ 完全週休2日制(土日祝休み)
✧ 年間休日125日
「土日休みはマスト!」ってあなたにも
ぴったりの職場です!

【その他休暇】
✧ 有給休暇
✧ 夏季・冬季休暇
✧ GW休暇
✧ 年末年始休暇",東京第１支店（プロダクト開発課）,東京都中央区銀座6-17-1 銀座６丁目－ＳＱＵＡＲＥ,"月給:25万円~+交通費全額支給

※経験に応じて決定いたします。

# 昇給あり
# 賞与あり
# 残業代100%支給
# 交通費支給","・社会保険完備
・住宅手当
・家賃補助
・退職金制度
・家族手当・扶養手当
・健康診断
・特別休暇
・資格取得支援制度","\\✧カジュアル面談実施中です✧/

応募に必要なのは人柄のみです!
まずはあなたのご希望を聞かせてください!

✩.。.....................。.✩
■ 応募からの流れ ■
✩.。.....................。.✩

▶STEP1WEBから1分簡単ご応募!
1~3日以内に担当者よりご連絡いたします。

▶ STEP2カジュアル面談(1回のみ)

▶STEP3採用

※入社日のご相談OKです◎
お気軽にご相談ください!",,即日勤務OK、交通費支給、残業なし,2,任意,生年月日、性別、電話番号,ntf-indeedapplicant-aaaatulx77tci2k2pr5yeqapva@shukatsu-labo.slack.com,,,利用しない,,
募集中,株式会社BREXA Technology,【未経験】軽作業/株式会社BREXA Technology/東京第１支店（機電事業本部 東京支店）,倉庫作業スタッフ,残業なし・完全週休2日制で自分時間を最大化。未経験から自分らしいスタイル（髪型・ネイル自由）で、コツコツ集中して働ける軽作業のお仕事です！,,東京都 中央区 銀座,,,正社員,はい,月給,250000,,最低額を表示,なし,,,,,,,固定時間制,160,,厚生年金、健康保険、雇用保険、労災保険,,なし,,,,,,,,,,,,,,,,,,"【お仕事内容】
難しいことは一切なし！簡単なピッキングや仕分けといった軽作業からスタート。

・リストを見ながら商品を集めるピッキング
・出荷先ごとの簡単な仕分け・梱包
・届いた商品の検品や棚入れ　など

「倉庫作業は初めてで不安…」という方も大丈夫！
先輩の90%が未経験からデビューしています。手厚い研修制度があるから、軽作業が初めての方も安心して一歩を踏み出せる環境です。","【アピールポイント：ココが私たちの推し！】

✅土日祝休み
カレンダー通りのお休みだから、大型連休もしっかり確保。遠征や旅行のスケジュールも立てやすいのが魅力です。

✅職場は「好き」を語れる同志ばかり！
20代メインの職場で、休憩時間は推しトークで大盛り上がり。「ライブどうだった？」「新曲最高！」なんて会話が日常茶飯事です。

✅自分らしさを完全キープ！
髪色・ネイル・服装は自由。推しカラーをネイルに取り入れたり、お気に入りの服でモチベーションを上げたり、オシャレを楽しみながら働けます。

✅趣味の資金もコツコツ貯まる♪
頑張りは昇給でしっかり評価。楽しみながらスキルを磨いて、推し活をもっと充実させちゃいましょう！","【こんな方にピッタリなお仕事です！】

・趣味やプライベートを第一優先にしたい方
・PC入力などのコツコツ作業が好きな方
・フリーターから卒業して、安定した環境で働きたい方
・家庭と仕事をバランスよく両立したい主婦(夫)さん
・第二新卒として、新しい環境でリスタートしたい方
・誰かをサポートすることにやりがいを感じる方
・ワークライフバランスを何より大切にしたい方

【応募条件は一切なし！】
#未経験・ブランクOK #学歴・職歴・経験不問
#20代・30代女性活躍中 #推し活優先OK #残業ほぼナシ

「今の自分」のままで、一歩踏み出してみませんか？ハローワークでお探し中の方も、ぜひお気軽にご応募ください！","【勤務時間】
★9:00~18:00
└実働8時間/休憩1時間

定時ダッシュも問題ないです✧
✧ 土日祝休み
✧ 残業月平均:6.5時間以内
✧ 残業代100%支給","✧ 完全週休2日制(土日祝休み)
✧ 年間休日125日
「土日休みはマスト!」ってあなたにも
ぴったりの職場です!

【その他休暇】
✧ 有給休暇
✧ 夏季・冬季休暇
✧ GW休暇
✧ 年末年始休暇",東京第１支店（機電事業本部 東京支店）,東京都中央区銀座6-17-1 銀座６丁目－ＳＱＵＡＲＥ,"月給:25万円~+交通費全額支給

※経験に応じて決定いたします。

# 昇給あり
# 賞与あり
# 残業代100%支給
# 交通費支給","・社会保険完備
・住宅手当
・家賃補助
・退職金制度
・家族手当・扶養手当
・健康診断
・特別休暇
・資格取得支援制度","\\✧カジュアル面談実施中です✧/

応募に必要なのは人柄のみです!
まずはあなたのご希望を聞かせてください!

✩.。.....................。.✩
■ 応募からの流れ ■
✩.。.....................。.✩

▶STEP1WEBから1分簡単ご応募!
1~3日以内に担当者よりご連絡いたします。

▶ STEP2カジュアル面談(1回のみ)

▶STEP3採用

※入社日のご相談OKです◎
お気軽にご相談ください!",,即日勤務OK、交通費支給、残業なし,2,任意,生年月日、性別、電話番号,ntf-indeedapplicant-aaaatulx77tci2k2pr5yeqapva@shukatsu-labo.slack.com,,,利用しない,,
募集中,株式会社BREXA Technology,【未経験】軽作業/株式会社BREXA Technology/東京第１支店（ストラテジックセールス室 1課）,倉庫作業スタッフ,残業なし・完全週休2日制で自分時間を最大化。未経験から自分らしいスタイル（髪型・ネイル自由）で、コツコツ集中して働ける軽作業のお仕事です！,,東京都 中央区 銀座,,,正社員,はい,月給,250000,,最低額を表示,なし,,,,,,,固定時間制,160,,厚生年金、健康保険、雇用保険、労災保険,,なし,,,,,,,,,,,,,,,,,,"【お仕事内容】
難しいことは一切なし！簡単なピッキングや仕分けといった軽作業からスタート。

・リストを見ながら商品を集めるピッキング
・出荷先ごとの簡単な仕分け・梱包
・届いた商品の検品や棚入れ　など

「倉庫作業は初めてで不安…」という方も大丈夫！
先輩の90%が未経験からデビューしています。手厚い研修制度があるから、軽作業が初めての方も安心して一歩を踏み出せる環境です。","【アピールポイント：ココが私たちの推し！】

✅土日祝休み
カレンダー通りのお休みだから、大型連休もしっかり確保。遠征や旅行のスケジュールも立てやすいのが魅力です。

✅職場は「好き」を語れる同志ばかり！
20代メインの職場で、休憩時間は推しトークで大盛り上がり。「ライブどうだった？」「新曲最高！」なんて会話が日常茶飯事です。

✅自分らしさを完全キープ！
髪色・ネイル・服装は自由。推しカラーをネイルに取り入れたり、お気に入りの服でモチベーションを上げたり、オシャレを楽しみながら働けます。

✅趣味の資金もコツコツ貯まる♪
頑張りは昇給でしっかり評価。楽しみながらスキルを磨いて、推し活をもっと充実させちゃいましょう！","【こんな方にピッタリなお仕事です！】

・趣味やプライベートを第一優先にしたい方
・PC入力などのコツコツ作業が好きな方
・フリーターから卒業して、安定した環境で働きたい方
・家庭と仕事をバランスよく両立したい主婦(夫)さん
・第二新卒として、新しい環境でリスタートしたい方
・誰かをサポートすることにやりがいを感じる方
・ワークライフバランスを何より大切にしたい方

【応募条件は一切なし！】
#未経験・ブランクOK #学歴・職歴・経験不問
#20代・30代女性活躍中 #推し活優先OK #残業ほぼナシ

「今の自分」のままで、一歩踏み出してみませんか？ハローワークでお探し中の方も、ぜひお気軽にご応募ください！","【勤務時間】
★9:00~18:00
└実働8時間/休憩1時間

定時ダッシュも問題ないです✧
✧ 土日祝休み
✧ 残業月平均:6.5時間以内
✧ 残業代100%支給","✧ 完全週休2日制(土日祝休み)
✧ 年間休日125日
「土日休みはマスト!」ってあなたにも
ぴったりの職場です!

【その他休暇】
✧ 有給休暇
✧ 夏季・冬季休暇
✧ GW休暇
✧ 年末年始休暇",東京第１支店（ストラテジックセールス室 1課）,東京都中央区銀座6-17-1 銀座６丁目－ＳＱＵＡＲＥ,"月給:25万円~+交通費全額支給

※経験に応じて決定いたします。

# 昇給あり
# 賞与あり
# 残業代100%支給
# 交通費支給","・社会保険完備
・住宅手当
・家賃補助
・退職金制度
・家族手当・扶養手当
・健康診断
・特別休暇
・資格取得支援制度","\\✧カジュアル面談実施中です✧/

応募に必要なのは人柄のみです!
まずはあなたのご希望を聞かせてください!

✩.。.....................。.✩
■ 応募からの流れ ■
✩.。.....................。.✩

▶STEP1WEBから1分簡単ご応募!
1~3日以内に担当者よりご連絡いたします。

▶ STEP2カジュアル面談(1回のみ)

▶STEP3採用

※入社日のご相談OKです◎
お気軽にご相談ください!",,即日勤務OK、交通費支給、残業なし,2,任意,生年月日、性別、電話番号,ntf-indeedapplicant-aaaatulx77tci2k2pr5yeqapva@shukatsu-labo.slack.com,,,利用しない,,
募集中,株式会社BREXA Technology,【未経験】軽作業/株式会社BREXA Technology/本社,倉庫作業スタッフ,残業なし・完全週休2日制で自分時間を最大化。未経験から自分らしいスタイル（髪型・ネイル自由）で、コツコツ集中して働ける軽作業のお仕事です！,,東京都 千代田区 丸の内,,,正社員,はい,月給,250000,,最低額を表示,なし,,,,,,,固定時間制,160,,厚生年金、健康保険、雇用保険、労災保険,,なし,,,,,,,,,,,,,,,,,,"【お仕事内容】
難しいことは一切なし！簡単なピッキングや仕分けといった軽作業からスタート。

・リストを見ながら商品を集めるピッキング
・出荷先ごとの簡単な仕分け・梱包
・届いた商品の検品や棚入れ　など

「倉庫作業は初めてで不安…」という方も大丈夫！
先輩の90%が未経験からデビューしています。手厚い研修制度があるから、軽作業が初めての方も安心して一歩を踏み出せる環境です。","【アピールポイント：ココが私たちの推し！】

✅土日祝休み
カレンダー通りのお休みだから、大型連休もしっかり確保。遠征や旅行のスケジュールも立てやすいのが魅力です。

✅職場は「好き」を語れる同志ばかり！
20代メインの職場で、休憩時間は推しトークで大盛り上がり。「ライブどうだった？」「新曲最高！」なんて会話が日常茶飯事です。

✅自分らしさを完全キープ！
髪色・ネイル・服装は自由。推しカラーをネイルに取り入れたり、お気に入りの服でモチベーションを上げたり、オシャレを楽しみながら働けます。

✅趣味の資金もコツコツ貯まる♪
頑張りは昇給でしっかり評価。楽しみながらスキルを磨いて、推し活をもっと充実させちゃいましょう！","【こんな方にピッタリなお仕事です！】

・趣味やプライベートを第一優先にしたい方
・PC入力などのコツコツ作業が好きな方
・フリーターから卒業して、安定した環境で働きたい方
・家庭と仕事をバランスよく両立したい主婦(夫)さん
・第二新卒として、新しい環境でリスタートしたい方
・誰かをサポートすることにやりがいを感じる方
・ワークライフバランスを何より大切にしたい方

【応募条件は一切なし！】
#未経験・ブランクOK #学歴・職歴・経験不問
#20代・30代女性活躍中 #推し活優先OK #残業ほぼナシ

「今の自分」のままで、一歩踏み出してみませんか？ハローワークでお探し中の方も、ぜひお気軽にご応募ください！","【勤務時間】
★9:00~18:00
└実働8時間/休憩1時間

定時ダッシュも問題ないです✧
✧ 土日祝休み
✧ 残業月平均:6.5時間以内
✧ 残業代100%支給","✧ 完全週休2日制(土日祝休み)
✧ 年間休日125日
「土日休みはマスト!」ってあなたにも
ぴったりの職場です!

【その他休暇】
✧ 有給休暇
✧ 夏季・冬季休暇
✧ GW休暇
✧ 年末年始休暇",本社,東京都千代田区丸の内1-8-3 丸の内トラストタワー本館16・17F（受付：17F）,"月給:25万円~+交通費全額支給

※経験に応じて決定いたします。

# 昇給あり
# 賞与あり
# 残業代100%支給
# 交通費支給","・社会保険完備
・住宅手当
・家賃補助
・退職金制度
・家族手当・扶養手当
・健康診断
・特別休暇
・資格取得支援制度","\\✧カジュアル面談実施中です✧/

応募に必要なのは人柄のみです!
まずはあなたのご希望を聞かせてください!

✩.。.....................。.✩
■ 応募からの流れ ■
✩.。.....................。.✩

▶STEP1WEBから1分簡単ご応募!
1~3日以内に担当者よりご連絡いたします。

▶ STEP2カジュアル面談(1回のみ)

▶STEP3採用

※入社日のご相談OKです◎
お気軽にご相談ください!",,即日勤務OK、交通費支給、残業なし,2,任意,生年月日、性別、電話番号,ntf-indeedapplicant-aaaatulx77tci2k2pr5yeqapva@shukatsu-labo.slack.com,,,利用しない,,