ステータス,会社名,職種名,職業カテゴリー,求人キャッチコピー,勤務地（郵便番号）,勤務地（都道府県・市区町村・町域）,勤務地（丁目・番地・号）,勤務地（建物名・階数）,雇用形態,有料職業紹介に該当,給与形態,給与（最低額）,給与（最高額）,給与（表示形式）,固定残業代の有無,固定残業代（最低額）,固定残業代（最高額）,固定残業代（支払い単位）,固定残業代（時間）,固定残業代（分）,固定残業代（超過分の追加支払への同意）,勤務形態,平均所定労働時間,平均所定労働時間（分）,社会保険,社会保険（適用されない理由）,試用期間の有無,試用期間（期間）,試用期間（期間の単位）,試用期間（試用期間中の労働条件）,試用期間中の給与形態,試用期間中の給与（最低額）,試用期間中の給与（最高額）,試用期間中の給与（表示形式）,試用期間中の固定残業代の有無,試用期間中の固定残業代（最低額）,試用期間中の固定残業代（最高額）,試用期間中の固定残業代（支払い単位）,試用期間中の固定残業代（時間）,試用期間中の固定残業代（分）,試用期間中の固定残業代（超過分の追加支払への同意）,試用期間中の平均所定労働時間,試用期間中の平均所定労働時間（分）,試用期間中のその他の条件,募集要項（仕事内容）,募集要項（アピールポイント）,募集要項（求める人材）,募集要項（勤務時間・曜日）,募集要項（休暇・休日）,募集要項（勤務地の補足）,募集要項（アクセス）,募集要項（給与の補足）,募集要項（待遇・福利厚生）,募集要項（その他）,掲載画像,タグ,採用予定人数,履歴書の有無,応募者に関する情報,応募用メールアドレス,求人問い合わせ先電話番号（半角）,審査用の質問,自動アプローチ利用設定,自動アプローチ条件設定,ユーザー指定ID,求人ID（編集不可）
募集中,株式会社豊橋園芸ガーデン,土木施工管理（緑化工事／現場責任者候補）／豊橋本社｜株式会社豊橋園芸ガーデン,土木施工管理、工事監督/現場監督、建設・土木エンジニア,【豊橋・転勤なし】緑化工事の土木施工管理を現場責任者候補として／施工計画の立案から現場のマネジメントまで。完全週休2日制・残業は月平均20時間以内,,愛知県 豊橋市 神野新田町,水神下64,,正社員,はい,月給,300000,500000,範囲で表示,あり,17800,25500,月,5,0,同意する,固定時間制,160,,健康保険、厚生年金、雇用保険、労災保険,,なし,,,,,,,,,,,,,,,,,,"～造園または土木の施工管理経験者を募集／完全週休2日制・残業月平均20時間以内・転勤なしなど働き方◎～

【業務内容】
”グリーンコミュニケーション”をキーワードに緑化事業を展開する当社にて、造園における施工管理をお任せします。
■緑地作業の現場監督
■植栽、樹木管理の技術職 など

【具体的には】
オフィスビル、公共施設、商業施設、テーマパークなどの造園に関する施工管理業務全般をお任せします
（スケジュールや品質、安全面の管理など）。

【業務の流れ】
工事の段取りを決定し、現場監督として進捗状況を見ながら、臨機応変に工事を進めます。

【当ポジションの特徴】
■幹部候補採用！即戦力として、施工計画の算段や現場でのコミュニケーションの取り方などを身につけていただきます。
■当社では年間で700件もの造園／緑化を手掛けています。

【働く環境について】
■創業54年
■従業員50名以上
■分煙・禁煙オフィス
■産休・育休取得実績あり

自分らしく、のびのび働ける環境を整えています
■副業OK・WワークOK
■髪型・髪色自由
■ネイルOK
■ピアスOK
■服装自由
■髭(ひげ)OK","■残業20時間以下
■シフト制
■時短勤務
■社宅/家賃補助制度あり
■WEB面接OK
■面接1回で終了
■月平均残業時間 20時間以内
■設立 1971年
■従業員数 65名","【必須条件】
■造園または土木の施工管理経験

【歓迎条件】
■造園施工管理技士2級以上の資格をお持ちの方
■中型自動車免許（AT限定不可）
■U・Iターン歓迎

【学歴】
学歴不問","＜労働時間区分＞
1ヶ月単位の変形労働時間制
対象期間の総所定労働時間：160時間00分
休憩時間：90分
時間外労働有無：有

＜標準的な勤務時間帯＞
7:30～17:15

＜時短勤務＞
相談可

■月平均残業時間
20時間以内","■シフト制
完全週休2日制（休日はシフト制）
年間有給休暇10日～20日（下限日数は、入社半年経過後の付与日数となります）
年間休日日数114日

■日曜、他1日※シフト制
■GW、お盆、年末年始
■産前産後休暇、育児休暇
■介護休業","＜本社＞
愛知県豊橋市神野新田町水神下64

■通勤
マイカー通勤が可能です。

■受動喫煙対策
屋内全面禁煙","【通勤方法】
マイカー通勤可

【交通費】
通勤手当を支給します（上限あり）。","【給与】
月給 300,000円〜500,000円

【想定年収】
500万円〜900万円

【賃金内訳・給与の補足】
＜賃金形態＞
月給制

＜賃金内訳＞
月額（基本給）：282,200円～474,500円
固定残業手当/月：17,800円～25,500円（固定残業時間5時間0分~/月）
残業代全額支給
 ┗超過した時間外労働の残業手当は追加支給

＜月給＞
300,000円～500,000円（一律手当を含む）

＜昇給有無＞
有

※給与詳細は経験・能力を考慮し、決定します。
※該当者には資格手当など諸手当の支給があります（福利厚生その他欄参照）。

■昇給：年1回

賃金はあくまでも目安の金額であり、選考を通じて上下する可能性があります。
月給(月額)は固定手当を含めた表記です。

【賞与】
年2回

【各種手当】
■通勤手当：上限：月20,000円まで
■家族手当
■資格手当：建築、土木、造園、潅水、いずれかの1級施工管理（一つにつき10,000円）※最大3つまで
■休日出勤手当
■出張手当：1泊5,000円
■地域手当","【福利厚生】
■社宅/家賃補助制度あり

社宅・家賃補助制度あり
┗社宅・独身寮あり：社宅規程による
社会保険：社会保険完備
退職金制度
制服貸与
個人ロッカーあり
健康診断あり

＜教育制度・資格補助補足＞
■資格取得支援制度

【手当】
■通勤手当
■家族手当
■資格手当
■休日出勤手当
■出張手当
■地域手当","【雇用形態】
正社員（無期契約）

【選考フロー】
書類選考→面接(1~2回)※web面接も可→内定

【就業場所における受動喫煙防止措置】
屋内全面禁煙
施設内喫煙スペースあり",,交通費支給、社会保険完備、転勤なし、学歴不問、マイカー通勤OK、賞与あり,1,任意,生年月日、性別、電話番号,agent@enroots.co.jp,090-9189-8178,,利用する,,D,
募集中,株式会社豊橋園芸ガーデン,土木施工管理（緑化工事／経験者）／豊橋本社｜株式会社豊橋園芸ガーデン,土木施工管理、工事監督/現場監督、建設・土木エンジニア,【豊橋・転勤なし】造園・緑化の土木施工管理／年間700件の緑化実績がある会社です。完全週休2日制・マイカー通勤可,,愛知県 豊橋市 神野新田町,水神下64,,正社員,はい,月給,270000,500000,範囲で表示,あり,17800,25500,月,5,0,同意する,固定時間制,160,,健康保険、厚生年金、雇用保険、労災保険,,なし,,,,,,,,,,,,,,,,,,"～造園または土木の施工管理経験者を募集／完全週休2日制・残業月平均20時間以内・転勤なしなど働き方◎～

【業務内容】
”グリーンコミュニケーション”をキーワードに緑化事業を展開する当社にて、造園における施工管理をお任せします。
■緑地作業の現場監督
■植栽、樹木管理の技術職 など

【具体的には】
オフィスビル、公共施設、商業施設、テーマパークなどの造園に関する施工管理業務全般をお任せします
（スケジュールや品質、安全面の管理など）。

【業務の流れ】
工事の段取りを決定し、現場監督として進捗状況を見ながら、臨機応変に工事を進めます。

【当ポジションの特徴】
■幹部候補採用！即戦力として、施工計画の算段や現場でのコミュニケーションの取り方などを身につけていただきます。
■当社では年間で700件もの造園／緑化を手掛けています。

【働く環境について】
■創業54年
■従業員50名以上
■分煙・禁煙オフィス
■産休・育休取得実績あり

自分らしく、のびのび働ける環境を整えています
■副業OK・WワークOK
■髪型・髪色自由
■ネイルOK
■ピアスOK
■服装自由
■髭(ひげ)OK","■残業20時間以下
■シフト制
■時短勤務
■社宅/家賃補助制度あり
■WEB面接OK
■面接1回で終了
■月平均残業時間 20時間以内
■設立 1971年
■従業員数 65名","【必須条件】
■造園または土木の施工管理経験

【歓迎条件】
■造園施工管理技士2級以上の資格をお持ちの方
■中型自動車免許（AT限定不可）
■U・Iターン歓迎

【学歴】
学歴不問","＜労働時間区分＞
1ヶ月単位の変形労働時間制
対象期間の総所定労働時間：160時間00分
休憩時間：90分
時間外労働有無：有

＜標準的な勤務時間帯＞
7:30～17:15

＜時短勤務＞
相談可

■月平均残業時間
20時間以内","■シフト制
完全週休2日制（休日はシフト制）
年間有給休暇10日～20日（下限日数は、入社半年経過後の付与日数となります）
年間休日日数114日

■日曜、他1日※シフト制
■GW、お盆、年末年始
■産前産後休暇、育児休暇
■介護休業","＜本社＞
愛知県豊橋市神野新田町水神下64

■通勤
マイカー通勤が可能です。

■受動喫煙対策
屋内全面禁煙","【通勤方法】
マイカー通勤可

【交通費】
通勤手当を支給します（上限あり）。","【給与】
月給 270,000円〜500,000円

【想定年収】
500万円〜800万円

【賃金内訳・給与の補足】
＜賃金形態＞
月給制

＜賃金内訳＞
月額（基本給）：252,200円～474,500円
固定残業手当/月：17,800円～25,500円（固定残業時間5時間0分~/月）
残業代全額支給
 ┗超過した時間外労働の残業手当は追加支給

＜月給＞
270,000円～500,000円（一律手当を含む）

＜昇給有無＞
有

※給与詳細は経験・能力を考慮し、決定します。
※該当者には資格手当など諸手当の支給があります（福利厚生その他欄参照）。

■昇給：年1回

賃金はあくまでも目安の金額であり、選考を通じて上下する可能性があります。
月給(月額)は固定手当を含めた表記です。

【賞与】
年2回

【各種手当】
■通勤手当：上限：月20,000円まで
■家族手当
■資格手当：建築、土木、造園、潅水、いずれかの1級施工管理（一つにつき10,000円）※最大3つまで
■休日出勤手当
■出張手当：1泊5,000円
■地域手当","【福利厚生】
■社宅/家賃補助制度あり

社宅・家賃補助制度あり
┗社宅・独身寮あり：社宅規程による
社会保険：社会保険完備
退職金制度
制服貸与
個人ロッカーあり
健康診断あり

＜教育制度・資格補助補足＞
■資格取得支援制度

【手当】
■通勤手当
■家族手当
■資格手当
■休日出勤手当
■出張手当
■地域手当","【雇用形態】
正社員（無期契約）

【選考フロー】
書類選考→面接(1~2回)※web面接も可→内定

【就業場所における受動喫煙防止措置】
屋内全面禁煙
施設内喫煙スペースあり",,交通費支給、社会保険完備、転勤なし、学歴不問、マイカー通勤OK、賞与あり,1,任意,生年月日、性別、電話番号,agent@enroots.co.jp,090-9189-8178,,利用する,,D,
募集中,株式会社豊橋園芸ガーデン,土木施工管理（緑化工事／未経験から）／豊橋本社｜株式会社豊橋園芸ガーデン,土木施工管理、工事監督/現場監督、建設・土木エンジニア,【豊橋・転勤なし】未経験から始める緑化工事の土木施工管理／資格取得支援あり。完全週休2日制・マイカー通勤可,,愛知県 豊橋市 神野新田町,水神下64,,正社員,はい,月給,195000,270000,範囲で表示,あり,17800,25500,月,5,0,同意する,固定時間制,160,,健康保険、厚生年金、雇用保険、労災保険,,なし,,,,,,,,,,,,,,,,,,"～造園または土木の施工管理経験者を募集／完全週休2日制・残業月平均20時間以内・転勤なしなど働き方◎～

【業務内容】
”グリーンコミュニケーション”をキーワードに緑化事業を展開する当社にて、造園における施工管理をお任せします。
■緑地作業の現場監督
■植栽、樹木管理の技術職 など

【具体的には】
オフィスビル、公共施設、商業施設、テーマパークなどの造園に関する施工管理業務全般をお任せします
（スケジュールや品質、安全面の管理など）。

【業務の流れ】
工事の段取りを決定し、現場監督として進捗状況を見ながら、臨機応変に工事を進めます。

【当ポジションの特徴】
■幹部候補採用！即戦力として、施工計画の算段や現場でのコミュニケーションの取り方などを身につけていただきます。
■当社では年間で700件もの造園／緑化を手掛けています。

【働く環境について】
■創業54年
■従業員50名以上
■分煙・禁煙オフィス
■産休・育休取得実績あり

自分らしく、のびのび働ける環境を整えています
■副業OK・WワークOK
■髪型・髪色自由
■ネイルOK
■ピアスOK
■服装自由
■髭(ひげ)OK","■残業20時間以下
■シフト制
■時短勤務
■社宅/家賃補助制度あり
■WEB面接OK
■面接1回で終了
■月平均残業時間 20時間以内
■設立 1971年
■従業員数 65名","【必須条件】
未経験OK

【歓迎条件】
■造園または土木の施工管理経験
■造園施工管理技士2級以上の資格をお持ちの方
■中型自動車免許（AT限定不可）
■U・Iターン歓迎

【学歴】
学歴不問","＜労働時間区分＞
1ヶ月単位の変形労働時間制
対象期間の総所定労働時間：160時間00分
休憩時間：90分
時間外労働有無：有

＜標準的な勤務時間帯＞
7:30～17:15

＜時短勤務＞
相談可

■月平均残業時間
20時間以内","■シフト制
完全週休2日制（休日はシフト制）
年間有給休暇10日～20日（下限日数は、入社半年経過後の付与日数となります）
年間休日日数114日

■日曜、他1日※シフト制
■GW、お盆、年末年始
■産前産後休暇、育児休暇
■介護休業","＜本社＞
愛知県豊橋市神野新田町水神下64

■通勤
マイカー通勤が可能です。

■受動喫煙対策
屋内全面禁煙","【通勤方法】
マイカー通勤可

【交通費】
通勤手当を支給します（上限あり）。","【給与】
月給 195,000円〜270,000円

【想定年収】
290万円〜500万円

【賃金内訳・給与の補足】
＜賃金形態＞
月給制

＜賃金内訳＞
月額（基本給）：177,200円～244,500円
固定残業手当/月：17,800円～25,500円（固定残業時間5時間0分~/月）
残業代全額支給
 ┗超過した時間外労働の残業手当は追加支給

＜月給＞
195,000円～270,000円（一律手当を含む）

＜昇給有無＞
有

※給与詳細は経験・能力を考慮し、決定します。
※該当者には資格手当など諸手当の支給があります（福利厚生その他欄参照）。

■昇給：年1回

賃金はあくまでも目安の金額であり、選考を通じて上下する可能性があります。
月給(月額)は固定手当を含めた表記です。

【賞与】
年2回

【各種手当】
■通勤手当：上限：月20,000円まで
■家族手当
■資格手当：建築、土木、造園、潅水、いずれかの1級施工管理（一つにつき10,000円）※最大3つまで
■休日出勤手当
■出張手当：1泊5,000円
■地域手当","【福利厚生】
■社宅/家賃補助制度あり

社宅・家賃補助制度あり
┗社宅・独身寮あり：社宅規程による
社会保険：社会保険完備
退職金制度
制服貸与
個人ロッカーあり
健康診断あり

＜教育制度・資格補助補足＞
■資格取得支援制度

【手当】
■通勤手当
■家族手当
■資格手当
■休日出勤手当
■出張手当
■地域手当","【雇用形態】
正社員（無期契約）

【選考フロー】
書類選考→面接(1~2回)※web面接も可→内定

【就業場所における受動喫煙防止措置】
屋内全面禁煙
施設内喫煙スペースあり",,交通費支給、社会保険完備、転勤なし、学歴不問、マイカー通勤OK、賞与あり、未経験歓迎,1,任意,生年月日、性別、電話番号,agent@enroots.co.jp,090-9189-8178,,利用する,,D,
募集中,株式会社豊橋園芸ガーデン,造園施工管理（未経験から）／豊橋本社｜株式会社豊橋園芸ガーデン,造園/エクステリア施工、土木施工管理、工事監督/現場監督,【豊橋・転勤なし】未経験から始める造園施工管理／オフィスビルや公共施設の緑化を手がけます。完全週休2日制,,愛知県 豊橋市 神野新田町,水神下64,,正社員,はい,月給,195000,270000,範囲で表示,あり,17800,25500,月,5,0,同意する,固定時間制,160,,健康保険、厚生年金、雇用保険、労災保険,,なし,,,,,,,,,,,,,,,,,,"～造園または土木の施工管理経験者を募集／完全週休2日制・残業月平均20時間以内・転勤なしなど働き方◎～

【業務内容】
”グリーンコミュニケーション”をキーワードに緑化事業を展開する当社にて、造園における施工管理をお任せします。
■緑地作業の現場監督
■植栽、樹木管理の技術職 など

【具体的には】
オフィスビル、公共施設、商業施設、テーマパークなどの造園に関する施工管理業務全般をお任せします
（スケジュールや品質、安全面の管理など）。

【業務の流れ】
工事の段取りを決定し、現場監督として進捗状況を見ながら、臨機応変に工事を進めます。

【当ポジションの特徴】
■幹部候補採用！即戦力として、施工計画の算段や現場でのコミュニケーションの取り方などを身につけていただきます。
■当社では年間で700件もの造園／緑化を手掛けています。

【働く環境について】
■創業54年
■従業員50名以上
■分煙・禁煙オフィス
■産休・育休取得実績あり

自分らしく、のびのび働ける環境を整えています
■副業OK・WワークOK
■髪型・髪色自由
■ネイルOK
■ピアスOK
■服装自由
■髭(ひげ)OK","■残業20時間以下
■シフト制
■時短勤務
■社宅/家賃補助制度あり
■WEB面接OK
■面接1回で終了
■月平均残業時間 20時間以内
■設立 1971年
■従業員数 65名","【必須条件】
未経験OK

【歓迎条件】
■造園または土木の施工管理経験
■造園施工管理技士2級以上の資格をお持ちの方
■中型自動車免許（AT限定不可）
■U・Iターン歓迎

【学歴】
学歴不問","＜労働時間区分＞
1ヶ月単位の変形労働時間制
対象期間の総所定労働時間：160時間00分
休憩時間：90分
時間外労働有無：有

＜標準的な勤務時間帯＞
7:30～17:15

＜時短勤務＞
相談可

■月平均残業時間
20時間以内","■シフト制
完全週休2日制（休日はシフト制）
年間有給休暇10日～20日（下限日数は、入社半年経過後の付与日数となります）
年間休日日数114日

■日曜、他1日※シフト制
■GW、お盆、年末年始
■産前産後休暇、育児休暇
■介護休業","＜本社＞
愛知県豊橋市神野新田町水神下64

■通勤
マイカー通勤が可能です。

■受動喫煙対策
屋内全面禁煙","【通勤方法】
マイカー通勤可

【交通費】
通勤手当を支給します（上限あり）。","【給与】
月給 195,000円〜270,000円

【想定年収】
290万円〜500万円

【賃金内訳・給与の補足】
＜賃金形態＞
月給制

＜賃金内訳＞
月額（基本給）：177,200円～244,500円
固定残業手当/月：17,800円～25,500円（固定残業時間5時間0分~/月）
残業代全額支給
 ┗超過した時間外労働の残業手当は追加支給

＜月給＞
195,000円～270,000円（一律手当を含む）

＜昇給有無＞
有

※給与詳細は経験・能力を考慮し、決定します。
※該当者には資格手当など諸手当の支給があります（福利厚生その他欄参照）。

■昇給：年1回

賃金はあくまでも目安の金額であり、選考を通じて上下する可能性があります。
月給(月額)は固定手当を含めた表記です。

【賞与】
年2回

【各種手当】
■通勤手当：上限：月20,000円まで
■家族手当
■資格手当：建築、土木、造園、潅水、いずれかの1級施工管理（一つにつき10,000円）※最大3つまで
■休日出勤手当
■出張手当：1泊5,000円
■地域手当","【福利厚生】
■社宅/家賃補助制度あり

社宅・家賃補助制度あり
┗社宅・独身寮あり：社宅規程による
社会保険：社会保険完備
退職金制度
制服貸与
個人ロッカーあり
健康診断あり

＜教育制度・資格補助補足＞
■資格取得支援制度

【手当】
■通勤手当
■家族手当
■資格手当
■休日出勤手当
■出張手当
■地域手当","【雇用形態】
正社員（無期契約）

【選考フロー】
書類選考→面接(1~2回)※web面接も可→内定

【就業場所における受動喫煙防止措置】
屋内全面禁煙
施設内喫煙スペースあり",,交通費支給、社会保険完備、転勤なし、学歴不問、マイカー通勤OK、賞与あり、未経験歓迎,1,任意,生年月日、性別、電話番号,agent@enroots.co.jp,090-9189-8178,,利用する,,D,
募集中,株式会社豊橋園芸ガーデン,造園施工管理（未経験から／植栽・樹木管理）／豊橋本社｜株式会社豊橋園芸ガーデン,造園/エクステリア施工、土木施工管理、工事監督/現場監督,【豊橋】造園施工管理を未経験からスタート／植栽や樹木管理の技術を基礎から身につけられます。完全週休2日制・残業は月平均20時間以内,,愛知県 豊橋市 神野新田町,水神下64,,正社員,はい,月給,195000,270000,範囲で表示,あり,17800,25500,月,5,0,同意する,固定時間制,160,,健康保険、厚生年金、雇用保険、労災保険,,なし,,,,,,,,,,,,,,,,,,"～造園または土木の施工管理経験者を募集／完全週休2日制・残業月平均20時間以内・転勤なしなど働き方◎～

【業務内容】
”グリーンコミュニケーション”をキーワードに緑化事業を展開する当社にて、造園における施工管理をお任せします。
■緑地作業の現場監督
■植栽、樹木管理の技術職 など

【具体的には】
オフィスビル、公共施設、商業施設、テーマパークなどの造園に関する施工管理業務全般をお任せします
（スケジュールや品質、安全面の管理など）。

【業務の流れ】
工事の段取りを決定し、現場監督として進捗状況を見ながら、臨機応変に工事を進めます。

【当ポジションの特徴】
■幹部候補採用！即戦力として、施工計画の算段や現場でのコミュニケーションの取り方などを身につけていただきます。
■当社では年間で700件もの造園／緑化を手掛けています。

【働く環境について】
■創業54年
■従業員50名以上
■分煙・禁煙オフィス
■産休・育休取得実績あり

自分らしく、のびのび働ける環境を整えています
■副業OK・WワークOK
■髪型・髪色自由
■ネイルOK
■ピアスOK
■服装自由
■髭(ひげ)OK","■残業20時間以下
■シフト制
■時短勤務
■社宅/家賃補助制度あり
■WEB面接OK
■面接1回で終了
■月平均残業時間 20時間以内
■設立 1971年
■従業員数 65名","【必須条件】
未経験OK

【歓迎条件】
■造園または土木の施工管理経験
■造園施工管理技士2級以上の資格をお持ちの方
■中型自動車免許（AT限定不可）
■U・Iターン歓迎

【学歴】
学歴不問","＜労働時間区分＞
1ヶ月単位の変形労働時間制
対象期間の総所定労働時間：160時間00分
休憩時間：90分
時間外労働有無：有

＜標準的な勤務時間帯＞
7:30～17:15

＜時短勤務＞
相談可

■月平均残業時間
20時間以内","■シフト制
完全週休2日制（休日はシフト制）
年間有給休暇10日～20日（下限日数は、入社半年経過後の付与日数となります）
年間休日日数114日

■日曜、他1日※シフト制
■GW、お盆、年末年始
■産前産後休暇、育児休暇
■介護休業","＜本社＞
愛知県豊橋市神野新田町水神下64

■通勤
マイカー通勤が可能です。

■受動喫煙対策
屋内全面禁煙","【通勤方法】
マイカー通勤可

【交通費】
通勤手当を支給します（上限あり）。","【給与】
月給 195,000円〜270,000円

【想定年収】
290万円〜500万円

【賃金内訳・給与の補足】
＜賃金形態＞
月給制

＜賃金内訳＞
月額（基本給）：177,200円～244,500円
固定残業手当/月：17,800円～25,500円（固定残業時間5時間0分~/月）
残業代全額支給
 ┗超過した時間外労働の残業手当は追加支給

＜月給＞
195,000円～270,000円（一律手当を含む）

＜昇給有無＞
有

※給与詳細は経験・能力を考慮し、決定します。
※該当者には資格手当など諸手当の支給があります（福利厚生その他欄参照）。

■昇給：年1回

賃金はあくまでも目安の金額であり、選考を通じて上下する可能性があります。
月給(月額)は固定手当を含めた表記です。

【賞与】
年2回

【各種手当】
■通勤手当：上限：月20,000円まで
■家族手当
■資格手当：建築、土木、造園、潅水、いずれかの1級施工管理（一つにつき10,000円）※最大3つまで
■休日出勤手当
■出張手当：1泊5,000円
■地域手当","【福利厚生】
■社宅/家賃補助制度あり

社宅・家賃補助制度あり
┗社宅・独身寮あり：社宅規程による
社会保険：社会保険完備
退職金制度
制服貸与
個人ロッカーあり
健康診断あり

＜教育制度・資格補助補足＞
■資格取得支援制度

【手当】
■通勤手当
■家族手当
■資格手当
■休日出勤手当
■出張手当
■地域手当","【雇用形態】
正社員（無期契約）

【選考フロー】
書類選考→面接(1~2回)※web面接も可→内定

【就業場所における受動喫煙防止措置】
屋内全面禁煙
施設内喫煙スペースあり",,交通費支給、社会保険完備、学歴不問、マイカー通勤OK、賞与あり、未経験歓迎,1,任意,生年月日、性別、電話番号,agent@enroots.co.jp,090-9189-8178,,利用する,,D,
募集中,株式会社豊橋園芸ガーデン,土木施工管理（緑化工事／経験者）／安城事業所｜株式会社豊橋園芸ガーデン,土木施工管理、工事監督/現場監督、建設・土木エンジニア,【安城・転勤なし】緑化事業の土木施工管理／公共施設や商業施設の現場を担当します。完全週休2日制・マイカー通勤可,,愛知県 安城市 石井町,石原113,,正社員,はい,月給,270000,500000,範囲で表示,あり,17800,25500,月,5,0,同意する,固定時間制,160,,健康保険、厚生年金、雇用保険、労災保険,,なし,,,,,,,,,,,,,,,,,,"～造園または土木の施工管理経験者を募集／完全週休2日制・残業月平均20時間以内・転勤なしなど働き方◎～

【業務内容】
”グリーンコミュニケーション”をキーワードに緑化事業を展開する当社にて、造園における施工管理をお任せします。
■緑地作業の現場監督
■植栽、樹木管理の技術職 など

【具体的には】
オフィスビル、公共施設、商業施設、テーマパークなどの造園に関する施工管理業務全般をお任せします
（スケジュールや品質、安全面の管理など）。

【業務の流れ】
工事の段取りを決定し、現場監督として進捗状況を見ながら、臨機応変に工事を進めます。

【当ポジションの特徴】
■幹部候補採用！即戦力として、施工計画の算段や現場でのコミュニケーションの取り方などを身につけていただきます。
■当社では年間で700件もの造園／緑化を手掛けています。

【働く環境について】
■創業54年
■従業員50名以上
■分煙・禁煙オフィス
■産休・育休取得実績あり

自分らしく、のびのび働ける環境を整えています
■副業OK・WワークOK
■髪型・髪色自由
■ネイルOK
■ピアスOK
■服装自由
■髭(ひげ)OK","■残業20時間以下
■シフト制
■時短勤務
■社宅/家賃補助制度あり
■WEB面接OK
■面接1回で終了
■月平均残業時間 20時間以内
■設立 1971年
■従業員数 65名","【必須条件】
■造園または土木の施工管理経験

【歓迎条件】
■造園施工管理技士2級以上の資格をお持ちの方
■中型自動車免許（AT限定不可）
■U・Iターン歓迎

【学歴】
学歴不問","＜労働時間区分＞
1ヶ月単位の変形労働時間制
対象期間の総所定労働時間：160時間00分
休憩時間：90分
時間外労働有無：有

＜標準的な勤務時間帯＞
7:30～17:15

＜時短勤務＞
相談可

■月平均残業時間
20時間以内","■シフト制
完全週休2日制（休日はシフト制）
年間有給休暇10日～20日（下限日数は、入社半年経過後の付与日数となります）
年間休日日数114日

■日曜、他1日※シフト制
■GW、お盆、年末年始
■産前産後休暇、育児休暇
■介護休業","＜安城事務所＞
愛知県安城市石井町石原113

■通勤
マイカー通勤が可能です。","【通勤方法】
マイカー通勤可

【交通費】
通勤手当を支給します（上限あり）。","【給与】
月給 270,000円〜500,000円

【想定年収】
500万円〜800万円

【賃金内訳・給与の補足】
＜賃金形態＞
月給制

＜賃金内訳＞
月額（基本給）：252,200円～474,500円
固定残業手当/月：17,800円～25,500円（固定残業時間5時間0分~/月）
残業代全額支給
 ┗超過した時間外労働の残業手当は追加支給

＜月給＞
270,000円～500,000円（一律手当を含む）

＜昇給有無＞
有

※給与詳細は経験・能力を考慮し、決定します。
※該当者には資格手当など諸手当の支給があります（福利厚生その他欄参照）。

■昇給：年1回

賃金はあくまでも目安の金額であり、選考を通じて上下する可能性があります。
月給(月額)は固定手当を含めた表記です。

【賞与】
年2回

【各種手当】
■通勤手当：上限：月20,000円まで
■家族手当
■資格手当：建築、土木、造園、潅水、いずれかの1級施工管理（一つにつき10,000円）※最大3つまで
■休日出勤手当
■出張手当：1泊5,000円
■地域手当","【福利厚生】
■社宅/家賃補助制度あり

社宅・家賃補助制度あり
┗社宅・独身寮あり：社宅規程による
社会保険：社会保険完備
退職金制度
制服貸与
個人ロッカーあり
健康診断あり

＜教育制度・資格補助補足＞
■資格取得支援制度

【手当】
■通勤手当
■家族手当
■資格手当
■休日出勤手当
■出張手当
■地域手当","【雇用形態】
正社員（無期契約）

【選考フロー】
書類選考→面接(1~2回)※web面接も可→内定

【就業場所における受動喫煙防止措置】
屋内全面禁煙
施設内喫煙スペースあり",,交通費支給、社会保険完備、転勤なし、学歴不問、マイカー通勤OK、賞与あり,1,任意,生年月日、性別、電話番号,agent@enroots.co.jp,090-9189-8178,,利用する,,D,
募集中,株式会社豊橋園芸ガーデン,土木施工管理（緑化工事／未経験から）／安城事業所｜株式会社豊橋園芸ガーデン,土木施工管理、工事監督/現場監督、建設・土木エンジニア,【安城・転勤なし】未経験から土木施工管理へ／先輩と現場を回りながら覚えられます。完全週休2日制・マイカー通勤可,,愛知県 安城市 石井町,石原113,,正社員,はい,月給,195000,270000,範囲で表示,あり,17800,25500,月,5,0,同意する,固定時間制,160,,健康保険、厚生年金、雇用保険、労災保険,,なし,,,,,,,,,,,,,,,,,,"～造園または土木の施工管理経験者を募集／完全週休2日制・残業月平均20時間以内・転勤なしなど働き方◎～

【業務内容】
”グリーンコミュニケーション”をキーワードに緑化事業を展開する当社にて、造園における施工管理をお任せします。
■緑地作業の現場監督
■植栽、樹木管理の技術職 など

【具体的には】
オフィスビル、公共施設、商業施設、テーマパークなどの造園に関する施工管理業務全般をお任せします
（スケジュールや品質、安全面の管理など）。

【業務の流れ】
工事の段取りを決定し、現場監督として進捗状況を見ながら、臨機応変に工事を進めます。

【当ポジションの特徴】
■幹部候補採用！即戦力として、施工計画の算段や現場でのコミュニケーションの取り方などを身につけていただきます。
■当社では年間で700件もの造園／緑化を手掛けています。

【働く環境について】
■創業54年
■従業員50名以上
■分煙・禁煙オフィス
■産休・育休取得実績あり

自分らしく、のびのび働ける環境を整えています
■副業OK・WワークOK
■髪型・髪色自由
■ネイルOK
■ピアスOK
■服装自由
■髭(ひげ)OK","■残業20時間以下
■シフト制
■時短勤務
■社宅/家賃補助制度あり
■WEB面接OK
■面接1回で終了
■月平均残業時間 20時間以内
■設立 1971年
■従業員数 65名","【必須条件】
未経験OK

【歓迎条件】
■造園または土木の施工管理経験
■造園施工管理技士2級以上の資格をお持ちの方
■中型自動車免許（AT限定不可）
■U・Iターン歓迎

【学歴】
学歴不問","＜労働時間区分＞
1ヶ月単位の変形労働時間制
対象期間の総所定労働時間：160時間00分
休憩時間：90分
時間外労働有無：有

＜標準的な勤務時間帯＞
7:30～17:15

＜時短勤務＞
相談可

■月平均残業時間
20時間以内","■シフト制
完全週休2日制（休日はシフト制）
年間有給休暇10日～20日（下限日数は、入社半年経過後の付与日数となります）
年間休日日数114日

■日曜、他1日※シフト制
■GW、お盆、年末年始
■産前産後休暇、育児休暇
■介護休業","＜安城事務所＞
愛知県安城市石井町石原113

■通勤
マイカー通勤が可能です。","【通勤方法】
マイカー通勤可

【交通費】
通勤手当を支給します（上限あり）。","【給与】
月給 195,000円〜270,000円

【想定年収】
290万円〜500万円

【賃金内訳・給与の補足】
＜賃金形態＞
月給制

＜賃金内訳＞
月額（基本給）：177,200円～244,500円
固定残業手当/月：17,800円～25,500円（固定残業時間5時間0分~/月）
残業代全額支給
 ┗超過した時間外労働の残業手当は追加支給

＜月給＞
195,000円～270,000円（一律手当を含む）

＜昇給有無＞
有

※給与詳細は経験・能力を考慮し、決定します。
※該当者には資格手当など諸手当の支給があります（福利厚生その他欄参照）。

■昇給：年1回

賃金はあくまでも目安の金額であり、選考を通じて上下する可能性があります。
月給(月額)は固定手当を含めた表記です。

【賞与】
年2回

【各種手当】
■通勤手当：上限：月20,000円まで
■家族手当
■資格手当：建築、土木、造園、潅水、いずれかの1級施工管理（一つにつき10,000円）※最大3つまで
■休日出勤手当
■出張手当：1泊5,000円
■地域手当","【福利厚生】
■社宅/家賃補助制度あり

社宅・家賃補助制度あり
┗社宅・独身寮あり：社宅規程による
社会保険：社会保険完備
退職金制度
制服貸与
個人ロッカーあり
健康診断あり

＜教育制度・資格補助補足＞
■資格取得支援制度

【手当】
■通勤手当
■家族手当
■資格手当
■休日出勤手当
■出張手当
■地域手当","【雇用形態】
正社員（無期契約）

【選考フロー】
書類選考→面接(1~2回)※web面接も可→内定

【就業場所における受動喫煙防止措置】
屋内全面禁煙
施設内喫煙スペースあり",,交通費支給、社会保険完備、転勤なし、学歴不問、マイカー通勤OK、賞与あり、未経験歓迎,1,任意,生年月日、性別、電話番号,agent@enroots.co.jp,090-9189-8178,,利用する,,D,
募集中,株式会社豊橋園芸ガーデン,造園施工管理（経験者）／安城事業所｜株式会社豊橋園芸ガーデン,造園/エクステリア施工、土木施工管理、工事監督/現場監督,【安城・転勤なし】造園施工管理の経験者募集／テーマパークや商業施設の造園も手がけます。完全週休2日制,,愛知県 安城市 石井町,石原113,,正社員,はい,月給,270000,500000,範囲で表示,あり,17800,25500,月,5,0,同意する,固定時間制,160,,健康保険、厚生年金、雇用保険、労災保険,,なし,,,,,,,,,,,,,,,,,,"～造園または土木の施工管理経験者を募集／完全週休2日制・残業月平均20時間以内・転勤なしなど働き方◎～

【業務内容】
”グリーンコミュニケーション”をキーワードに緑化事業を展開する当社にて、造園における施工管理をお任せします。
■緑地作業の現場監督
■植栽、樹木管理の技術職 など

【具体的には】
オフィスビル、公共施設、商業施設、テーマパークなどの造園に関する施工管理業務全般をお任せします
（スケジュールや品質、安全面の管理など）。

【業務の流れ】
工事の段取りを決定し、現場監督として進捗状況を見ながら、臨機応変に工事を進めます。

【当ポジションの特徴】
■幹部候補採用！即戦力として、施工計画の算段や現場でのコミュニケーションの取り方などを身につけていただきます。
■当社では年間で700件もの造園／緑化を手掛けています。

【働く環境について】
■創業54年
■従業員50名以上
■分煙・禁煙オフィス
■産休・育休取得実績あり

自分らしく、のびのび働ける環境を整えています
■副業OK・WワークOK
■髪型・髪色自由
■ネイルOK
■ピアスOK
■服装自由
■髭(ひげ)OK","■残業20時間以下
■シフト制
■時短勤務
■社宅/家賃補助制度あり
■WEB面接OK
■面接1回で終了
■月平均残業時間 20時間以内
■設立 1971年
■従業員数 65名","【必須条件】
■造園または土木の施工管理経験

【歓迎条件】
■造園施工管理技士2級以上の資格をお持ちの方
■中型自動車免許（AT限定不可）
■U・Iターン歓迎

【学歴】
学歴不問","＜労働時間区分＞
1ヶ月単位の変形労働時間制
対象期間の総所定労働時間：160時間00分
休憩時間：90分
時間外労働有無：有

＜標準的な勤務時間帯＞
7:30～17:15

＜時短勤務＞
相談可

■月平均残業時間
20時間以内","■シフト制
完全週休2日制（休日はシフト制）
年間有給休暇10日～20日（下限日数は、入社半年経過後の付与日数となります）
年間休日日数114日

■日曜、他1日※シフト制
■GW、お盆、年末年始
■産前産後休暇、育児休暇
■介護休業","＜安城事務所＞
愛知県安城市石井町石原113

■通勤
マイカー通勤が可能です。","【通勤方法】
マイカー通勤可

【交通費】
通勤手当を支給します（上限あり）。","【給与】
月給 270,000円〜500,000円

【想定年収】
500万円〜800万円

【賃金内訳・給与の補足】
＜賃金形態＞
月給制

＜賃金内訳＞
月額（基本給）：252,200円～474,500円
固定残業手当/月：17,800円～25,500円（固定残業時間5時間0分~/月）
残業代全額支給
 ┗超過した時間外労働の残業手当は追加支給

＜月給＞
270,000円～500,000円（一律手当を含む）

＜昇給有無＞
有

※給与詳細は経験・能力を考慮し、決定します。
※該当者には資格手当など諸手当の支給があります（福利厚生その他欄参照）。

■昇給：年1回

賃金はあくまでも目安の金額であり、選考を通じて上下する可能性があります。
月給(月額)は固定手当を含めた表記です。

【賞与】
年2回

【各種手当】
■通勤手当：上限：月20,000円まで
■家族手当
■資格手当：建築、土木、造園、潅水、いずれかの1級施工管理（一つにつき10,000円）※最大3つまで
■休日出勤手当
■出張手当：1泊5,000円
■地域手当","【福利厚生】
■社宅/家賃補助制度あり

社宅・家賃補助制度あり
┗社宅・独身寮あり：社宅規程による
社会保険：社会保険完備
退職金制度
制服貸与
個人ロッカーあり
健康診断あり

＜教育制度・資格補助補足＞
■資格取得支援制度

【手当】
■通勤手当
■家族手当
■資格手当
■休日出勤手当
■出張手当
■地域手当","【雇用形態】
正社員（無期契約）

【選考フロー】
書類選考→面接(1~2回)※web面接も可→内定

【就業場所における受動喫煙防止措置】
屋内全面禁煙
施設内喫煙スペースあり",,交通費支給、社会保険完備、転勤なし、学歴不問、マイカー通勤OK、賞与あり,1,任意,生年月日、性別、電話番号,agent@enroots.co.jp,090-9189-8178,,利用する,,D,
募集中,株式会社豊橋園芸ガーデン,造園施工管理（現場責任者候補）／安城事業所｜株式会社豊橋園芸ガーデン,造園/エクステリア施工、土木施工管理、工事監督/現場監督,【安城・転勤なし】造園施工管理の現場責任者候補／施工計画の算段から現場全体のマネジメントまで任せます。完全週休2日制,,愛知県 安城市 石井町,石原113,,正社員,はい,月給,300000,500000,範囲で表示,あり,17800,25500,月,5,0,同意する,固定時間制,160,,健康保険、厚生年金、雇用保険、労災保険,,なし,,,,,,,,,,,,,,,,,,"～造園または土木の施工管理経験者を募集／完全週休2日制・残業月平均20時間以内・転勤なしなど働き方◎～

【業務内容】
”グリーンコミュニケーション”をキーワードに緑化事業を展開する当社にて、造園における施工管理をお任せします。
■緑地作業の現場監督
■植栽、樹木管理の技術職 など

【具体的には】
オフィスビル、公共施設、商業施設、テーマパークなどの造園に関する施工管理業務全般をお任せします
（スケジュールや品質、安全面の管理など）。

【業務の流れ】
工事の段取りを決定し、現場監督として進捗状況を見ながら、臨機応変に工事を進めます。

【当ポジションの特徴】
■幹部候補採用！即戦力として、施工計画の算段や現場でのコミュニケーションの取り方などを身につけていただきます。
■当社では年間で700件もの造園／緑化を手掛けています。

【働く環境について】
■創業54年
■従業員50名以上
■分煙・禁煙オフィス
■産休・育休取得実績あり

自分らしく、のびのび働ける環境を整えています
■副業OK・WワークOK
■髪型・髪色自由
■ネイルOK
■ピアスOK
■服装自由
■髭(ひげ)OK","■残業20時間以下
■シフト制
■時短勤務
■社宅/家賃補助制度あり
■WEB面接OK
■面接1回で終了
■月平均残業時間 20時間以内
■設立 1971年
■従業員数 65名","【必須条件】
■造園または土木の施工管理経験

【歓迎条件】
■造園施工管理技士2級以上の資格をお持ちの方
■中型自動車免許（AT限定不可）
■U・Iターン歓迎

【学歴】
学歴不問","＜労働時間区分＞
1ヶ月単位の変形労働時間制
対象期間の総所定労働時間：160時間00分
休憩時間：90分
時間外労働有無：有

＜標準的な勤務時間帯＞
7:30～17:15

＜時短勤務＞
相談可

■月平均残業時間
20時間以内","■シフト制
完全週休2日制（休日はシフト制）
年間有給休暇10日～20日（下限日数は、入社半年経過後の付与日数となります）
年間休日日数114日

■日曜、他1日※シフト制
■GW、お盆、年末年始
■産前産後休暇、育児休暇
■介護休業","＜安城事務所＞
愛知県安城市石井町石原113

■通勤
マイカー通勤が可能です。","【通勤方法】
マイカー通勤可

【交通費】
通勤手当を支給します（上限あり）。","【給与】
月給 300,000円〜500,000円

【想定年収】
500万円〜900万円

【賃金内訳・給与の補足】
＜賃金形態＞
月給制

＜賃金内訳＞
月額（基本給）：282,200円～474,500円
固定残業手当/月：17,800円～25,500円（固定残業時間5時間0分~/月）
残業代全額支給
 ┗超過した時間外労働の残業手当は追加支給

＜月給＞
300,000円～500,000円（一律手当を含む）

＜昇給有無＞
有

※給与詳細は経験・能力を考慮し、決定します。
※該当者には資格手当など諸手当の支給があります（福利厚生その他欄参照）。

■昇給：年1回

賃金はあくまでも目安の金額であり、選考を通じて上下する可能性があります。
月給(月額)は固定手当を含めた表記です。

【賞与】
年2回

【各種手当】
■通勤手当：上限：月20,000円まで
■家族手当
■資格手当：建築、土木、造園、潅水、いずれかの1級施工管理（一つにつき10,000円）※最大3つまで
■休日出勤手当
■出張手当：1泊5,000円
■地域手当","【福利厚生】
■社宅/家賃補助制度あり

社宅・家賃補助制度あり
┗社宅・独身寮あり：社宅規程による
社会保険：社会保険完備
退職金制度
制服貸与
個人ロッカーあり
健康診断あり

＜教育制度・資格補助補足＞
■資格取得支援制度

【手当】
■通勤手当
■家族手当
■資格手当
■休日出勤手当
■出張手当
■地域手当","【雇用形態】
正社員（無期契約）

【選考フロー】
書類選考→面接(1~2回)※web面接も可→内定

【就業場所における受動喫煙防止措置】
屋内全面禁煙
施設内喫煙スペースあり",,交通費支給、社会保険完備、転勤なし、学歴不問、マイカー通勤OK、賞与あり,1,任意,生年月日、性別、電話番号,agent@enroots.co.jp,090-9189-8178,,利用する,,D,
募集中,株式会社豊橋園芸ガーデン,造園施工管理（未経験から）／安城事業所｜株式会社豊橋園芸ガーデン,造園/エクステリア施工、土木施工管理、工事監督/現場監督,【安城・転勤なし】造園施工管理を未経験からスタート／年間700件の緑化実績。完全週休2日制・マイカー通勤可,,愛知県 安城市 石井町,石原113,,正社員,はい,月給,195000,270000,範囲で表示,あり,17800,25500,月,5,0,同意する,固定時間制,160,,健康保険、厚生年金、雇用保険、労災保険,,なし,,,,,,,,,,,,,,,,,,"～造園または土木の施工管理経験者を募集／完全週休2日制・残業月平均20時間以内・転勤なしなど働き方◎～

【業務内容】
”グリーンコミュニケーション”をキーワードに緑化事業を展開する当社にて、造園における施工管理をお任せします。
■緑地作業の現場監督
■植栽、樹木管理の技術職 など

【具体的には】
オフィスビル、公共施設、商業施設、テーマパークなどの造園に関する施工管理業務全般をお任せします
（スケジュールや品質、安全面の管理など）。

【業務の流れ】
工事の段取りを決定し、現場監督として進捗状況を見ながら、臨機応変に工事を進めます。

【当ポジションの特徴】
■幹部候補採用！即戦力として、施工計画の算段や現場でのコミュニケーションの取り方などを身につけていただきます。
■当社では年間で700件もの造園／緑化を手掛けています。

【働く環境について】
■創業54年
■従業員50名以上
■分煙・禁煙オフィス
■産休・育休取得実績あり

自分らしく、のびのび働ける環境を整えています
■副業OK・WワークOK
■髪型・髪色自由
■ネイルOK
■ピアスOK
■服装自由
■髭(ひげ)OK","■残業20時間以下
■シフト制
■時短勤務
■社宅/家賃補助制度あり
■WEB面接OK
■面接1回で終了
■月平均残業時間 20時間以内
■設立 1971年
■従業員数 65名","【必須条件】
未経験OK

【歓迎条件】
■造園または土木の施工管理経験
■造園施工管理技士2級以上の資格をお持ちの方
■中型自動車免許（AT限定不可）
■U・Iターン歓迎

【学歴】
学歴不問","＜労働時間区分＞
1ヶ月単位の変形労働時間制
対象期間の総所定労働時間：160時間00分
休憩時間：90分
時間外労働有無：有

＜標準的な勤務時間帯＞
7:30～17:15

＜時短勤務＞
相談可

■月平均残業時間
20時間以内","■シフト制
完全週休2日制（休日はシフト制）
年間有給休暇10日～20日（下限日数は、入社半年経過後の付与日数となります）
年間休日日数114日

■日曜、他1日※シフト制
■GW、お盆、年末年始
■産前産後休暇、育児休暇
■介護休業","＜安城事務所＞
愛知県安城市石井町石原113

■通勤
マイカー通勤が可能です。","【通勤方法】
マイカー通勤可

【交通費】
通勤手当を支給します（上限あり）。","【給与】
月給 195,000円〜270,000円

【想定年収】
290万円〜500万円

【賃金内訳・給与の補足】
＜賃金形態＞
月給制

＜賃金内訳＞
月額（基本給）：177,200円～244,500円
固定残業手当/月：17,800円～25,500円（固定残業時間5時間0分~/月）
残業代全額支給
 ┗超過した時間外労働の残業手当は追加支給

＜月給＞
195,000円～270,000円（一律手当を含む）

＜昇給有無＞
有

※給与詳細は経験・能力を考慮し、決定します。
※該当者には資格手当など諸手当の支給があります（福利厚生その他欄参照）。

■昇給：年1回

賃金はあくまでも目安の金額であり、選考を通じて上下する可能性があります。
月給(月額)は固定手当を含めた表記です。

【賞与】
年2回

【各種手当】
■通勤手当：上限：月20,000円まで
■家族手当
■資格手当：建築、土木、造園、潅水、いずれかの1級施工管理（一つにつき10,000円）※最大3つまで
■休日出勤手当
■出張手当：1泊5,000円
■地域手当","【福利厚生】
■社宅/家賃補助制度あり

社宅・家賃補助制度あり
┗社宅・独身寮あり：社宅規程による
社会保険：社会保険完備
退職金制度
制服貸与
個人ロッカーあり
健康診断あり

＜教育制度・資格補助補足＞
■資格取得支援制度

【手当】
■通勤手当
■家族手当
■資格手当
■休日出勤手当
■出張手当
■地域手当","【雇用形態】
正社員（無期契約）

【選考フロー】
書類選考→面接(1~2回)※web面接も可→内定

【就業場所における受動喫煙防止措置】
屋内全面禁煙
施設内喫煙スペースあり",,交通費支給、社会保険完備、転勤なし、学歴不問、マイカー通勤OK、賞与あり、未経験歓迎,1,任意,生年月日、性別、電話番号,agent@enroots.co.jp,090-9189-8178,,利用する,,D,
募集中,株式会社梶川建設,建築施工管理（1級・2級建築施工管理技士）｜株式会社梶川建設,建築施工管理、工事監督/現場監督、建設・土木エンジニア,【碧南市】地域のインフラを支える建築施工管理／資格手当あり。建築のスペシャリストを目指せます,,愛知県 碧南市 尾城町,2丁目51番地,,正社員,はい,月給,464000,557000,範囲で表示,なし,,,,,,,固定時間制,163,,健康保険、厚生年金、雇用保険、労災保険,,あり,1,か月,"1ヶ月
※同条件",,,,,,,,,,,,,,,"【仕事内容】
■公共施設（学校、庁舎など）、商業施設、工場、オフィスビル、マンションなど、多岐にわたる建築プロジェクトの現場代理人をお任せします。
■設計図を「カタチ」にするため、予算・工程・品質・安全の全てを管理し、発注者や設計事務所、専門工事業者と折衝しながら、プロジェクトを成功に導きます。

【仕事のポイント】
■土木が強い会社ですが、建築分野でも安定した実績があります。
■愛知本社の新社屋のような、自社の働く環境づくりにも携わるチャンスがあります。

【梶川建設の魅力】
100年の安定基盤と、未来を創る独自技術、そして社員を想う温かさ

当社は単なる「建設会社」ではありません。100年以上の歴史が培った安定性と、他社にはない独自技術、そして何より社員を大切にする社風が自慢です。

1⃣ 100年企業が築く「圧倒的な安定性」
■造船業から始まり、土木、建築、そして特殊技術へと、時代の変化にしなやかに対応し、1世紀以上にわたり堅実な経営を続けてきました。
■この安定した基盤があるからこそ、社員は安心して日々の業務に集中し、長期的なキャリアプランを描くことができます。

2⃣認定企業のみが許された「希少な技術力」
■当社の核となるのが、騒音や振動を最小限に抑える杭圧入技術「パイラー工法」です。
これは認定を受けた企業（GM1）のみが扱える高度な技術であり、都市部や困難な現場で絶大な力を発揮します。
■当社はこの技術をいち早く導入し、全国でも数少ない特殊な機械を保有・施工できる数少ない企業として、
業界内で確固たる評価と安定した受注を獲得しています。

3⃣ 社員を想う「手厚くユニークな福利厚生」
私たちは、社員とその家族の幸せを本気で考えています。
■禁煙手当: タバコを吸わない社員には、夏と冬に積立金を支給（毎月2千円）。禁煙外来の補助もあり、健康を応援します。
■季節の手当: 「クリスマスケーキ手当」「夏を乗り切ろう手当」など、日々の頑張りを労うユニークな手当があります。
■快適な職場環境（愛知本社）: 新社屋のきれいなオフィスに加え、作業着は会社がクリーニングし、各自のロッカーに準備。清潔な環境で気持ちよく働けます。
■福利厚生クラブ: 全国の施設で割引や特典が受けられ、プライベートも充実させられます。

【求める人材】
建築分野のスペシャリストとして、多様な建築物の施工をリードしたい方","■その他
■残業20時間以下
■月平均残業時間 月平均時間外労働時間
17時間
■設立 1955年（昭和30年）2月
■従業員数 103名","【必須条件】
■1級建築施工管理技士の資格をお持ちの方 または 2級建築施工管理技士の資格をお持ちの方
■建築施工管理（特に現場代理人）の経験が豊富な方
■普通自動車運転免許（ＡＴ限定不可）

【学歴】
学歴不問","8時00分〜17時00分
休憩時間 60分

時間外労働有り

■月平均残業時間
月平均時間外労働時間
17時間","■その他
■年間休日：121日（会社カレンダーによる休日＋有給休暇推奨日5日を含む）
※会社カレンダー2026年：116日
【内訳】
■週休二日制（日曜日＋その他）
■夏季休暇
■冬季休暇
■GW休暇
■年次有給休暇：入社6か月後に10日付与（うち推奨取得日数5日）","＜本社＞
愛知県碧南市尾城町2丁目51番地

■通勤
マイカー通勤が可能です。","【通勤方法】
マイカー通勤可

【交通費】
通勤手当を支給します。","【給与】
月給 464,000円〜557,000円

【想定年収】
650万円〜780万円

【賃金内訳・給与の補足】
１級をお持ちの方
＜年収＞
6,500,000円～7,800,000円

＜月給＞
464,300円～557,200円

＜昇給＞
1,000円〜8,000円/月（前年度実績）

２級をお持ちの方
＜年収＞
5,000,000円～6,500,000円

＜月給＞
360,000円～460,000円

＜昇給＞
1,000円〜8,000円/月（前年度実績）

＜賞与＞
・賞与：年2回、合計で 2.00ヶ月分（前年度実績）
・決算賞与：業績好調の場合、6月決算時に 支給（1.50～2.00ヶ月分 ）

【賞与】
・賞与：年2回、合計で 2.00ヶ月分（前年度実績）
・決算賞与：業績好調の場合、6月決算時に 支給（1.50～2.00ヶ月分 ）

【各種手当】
■家族手当
■禁煙手当
■季節の手当
■資格手当
■一級土木施工管理技士
支給方法：合格時の一括報奨金
金額：120,000円
■二級土木施工管理技士
支給方法：合格時の一括報奨金
金額：45,000円
■JIS溶接資格（JIS Z 3841：半自動溶接技術者資格）
支給方法：毎月の手当
金額：40,000円／月","■社会保険
雇用保険、労災保険、健康保険、厚生年金
■退職金共済
■退職金制度（継続3年以上）
■バースデー休暇
■資格取得報奨：一時金支給、図書室の各制度
■福利厚生クラブ

【手当】
■家族手当
■禁煙手当
■季節の手当
■資格手当
■一級土木施工管理技士
■支給方法
■金額
■二級土木施工管理技士
■JIS溶接資格（JIS Z 3841","【雇用形態】
正社員（無期契約）

【選考フロー】
書類選考
↓
面接（1回）
↓
内定

【就業場所における受動喫煙防止措置】
屋内禁煙",,交通費支給、社会保険完備、学歴不問、マイカー通勤OK、賞与あり,4,任意,生年月日、性別、電話番号,agent@enroots.co.jp,090-9189-8178,,利用する,,D,
募集中,株式会社梶川建設,土木現場スタッフ（未経験から）｜株式会社梶川建設,土木施工管理、工事監督/現場監督、建設・土木エンジニア,【碧南市】未経験から始める土木の現場作業／安定企業の正社員として現場技術を磨けます。福利厚生が充実,,愛知県 碧南市 尾城町,2丁目51番地,,正社員,はい,月給,333333,500000,範囲で表示,なし,,,,,,,固定時間制,163,,健康保険、厚生年金、雇用保険、労災保険,,あり,1,か月,"1ヶ月
※同条件",,,,,,,,,,,,,,,"【仕事内容】
■土木工事現場での実作業全般を担当します。
■重機（バックホー、クレーン等）のオペレーション、測量の手伝い、資材の運搬、型枠の組立・解体、その他、現場監督（施工管理）の指示に基づく作業全般。
■特に「パイラー工法」の現場では、特殊機械の操作補助なども行います。

【仕事のポイント】
■安定企業の正社員として、現場作業の技術を磨けます。
■「自分がこれを作った」と誇れる仕事です。
※作業着は会社で洗濯します（愛知本社）。

【梶川建設の魅力】
100年の安定基盤と、未来を創る独自技術、そして社員を想う温かさ

当社は単なる「建設会社」ではありません。100年以上の歴史が培った安定性と、他社にはない独自技術、そして何より社員を大切にする社風が自慢です。

1⃣ 100年企業が築く「圧倒的な安定性」
■造船業から始まり、土木、建築、そして特殊技術へと、時代の変化にしなやかに対応し、1世紀以上にわたり堅実な経営を続けてきました。
■この安定した基盤があるからこそ、社員は安心して日々の業務に集中し、長期的なキャリアプランを描くことができます。

2⃣ 認定企業のみが許された「希少な技術力」
■当社の核となるのが、騒音や振動を最小限に抑える杭圧入技術「パイラー工法」です。
これは認定を受けた企業（GM1）のみが扱える高度な技術であり、都市部や困難な現場で絶大な力を発揮します。
■当社はこの技術をいち早く導入し、全国でも数少ない特殊な機械を保有・施工できる数少ない企業として、
業界内で確固たる評価と安定した受注を獲得しています。

3⃣ 社員を想う「手厚くユニークな福利厚生」
私たちは、社員とその家族の幸せを本気で考えています。
■禁煙手当: タバコを吸わない社員には、夏と冬に積立金を支給（毎月2千円）。禁煙外来の補助もあり、健康を応援します。
■季節の手当: 「クリスマスケーキ手当」「夏を乗り切ろう手当」など、日々の頑張りを労うユニークな手当があります。
■快適な職場環境（愛知本社）: 新社屋のきれいなオフィスに加え、作業着は会社がクリーニングし、各自のロッカーに準備。清潔な環境で気持ちよく働けます。
■福利厚生クラブ: 全国の施設で割引や特典が受けられ、プライベートも充実させられます。

【求める人材】
現場の最前線で、重機や道具を使いこなし、自分の手でインフラを造り上げたい方","■その他
■残業20時間以下
■月平均残業時間 月平均時間外労働時間
17時間
■設立 1955年（昭和30年）2月
■従業員数 103名","【必須条件】
■未経験でも、体力に自信があり、意欲のある方
■普通自動車運転免許（ＡＴ限定不可）

【歓迎条件】
■現場作業の経験者（優遇）
■各種車両系・建設機械の運転免許をお持ちの方（優遇）

【学歴】
学歴不問","8時00分〜17時00分
休憩時間 60分

時間外労働有り

■月平均残業時間
月平均時間外労働時間
17時間","■その他
■年間休日：120日（会社カレンダーによる休日＋有給休暇推奨日5日を含む）
※会社カレンダー2025年：115日／2026年：116日
【内訳】
■週休二日制（日曜日＋その他）
■夏季休暇
■冬季休暇
■GW休暇
■年次有給休暇：入社6か月後に10日付与（うち推奨取得日数5日）","＜本社＞
愛知県碧南市尾城町2丁目51番地

■通勤
マイカー通勤が可能です。","【通勤方法】
マイカー通勤可

【交通費】
通勤手当を支給します。","【給与】
月給 333,333円〜500,000円
※想定年収をもとにした月額換算です。

【想定年収】
400万円〜600万円

【賃金内訳・給与の補足】
＜年収＞
4,000,000円～6,000,000円

＜月給＞
285,800円～428,600円

＜昇給＞
1,000円〜8,000円/月（前年度実績）

＜賞与＞
・賞与：年2回、合計で 2.00ヶ月分（前年度実績）
・決算賞与：業績好調の場合、6月決算時に支給（1.50～2.00ヶ月分 ）

【賞与】
・賞与：年2回、合計で 2.00ヶ月分（前年度実績）
・決算賞与：業績好調の場合、6月決算時に支給（1.50～2.00ヶ月分 ）

【各種手当】
■家族手当
■禁煙手当
■季節の手当
■資格手当
■一級土木施工管理技士
支給方法：合格時の一括報奨金
金額：120,000円
■二級土木施工管理技士
支給方法：合格時の一括報奨金
金額：45,000円
■JIS溶接資格（JIS Z 3841：半自動溶接技術者資格）
支給方法：毎月の手当
金額：40,000円／月","■社会保険
雇用保険、労災保険、健康保険、厚生年金
■退職金共済
■退職金制度（継続3年以上）
■バースデー休暇
■資格取得報奨：一時金支給、図書室の各制度
■福利厚生クラブ

【手当】
■家族手当
■禁煙手当
■季節の手当
■資格手当
■一級土木施工管理技士
■支給方法
■金額
■二級土木施工管理技士
■JIS溶接資格（JIS Z 3841","【雇用形態】
正社員（無期契約）

【選考フロー】
書類選考
↓
面接（1回）
↓
内定

【就業場所における受動喫煙防止措置】
屋内禁煙",,交通費支給、社会保険完備、学歴不問、マイカー通勤OK、賞与あり、未経験歓迎,4,任意,生年月日、性別、電話番号,agent@enroots.co.jp,090-9189-8178,,利用する,,D,
募集中,丸洋建設株式会社,建築施工管理（1級建築施工管理技士）｜丸洋建設株式会社,建築施工管理、工事監督/現場監督、建設・土木エンジニア,【西尾市・転勤なし】地元密着の建築施工管理／直行直帰可・完全週休2日制・月曜と金曜はノー残業デー。健康経営優良法人に2年連続認定,,愛知県 西尾市 法光寺町,西田23,,正社員,はい,月給,270000,450000,範囲で表示,なし,,,,,,,固定時間制,160,,健康保険、厚生年金、雇用保険、労災保険,,あり,3,か月,3ヶ月（条件に変更なし）,,,,,,,,,,,,,,,"【担当いただく業務】
建築施工管理技士として、以下の業務をお任せします。
■工事の進捗/工程管理
■現場作業員の管理/指導
■安全管理
■原価管理/積算業務
※官公庁案件20％：民間工事80％程度の割合です。

「経験を活かしたいけど、ワークライフバランスも収入も欲しい」と思っていませんか？

■当社は建設業界の常識を変えるべく、全力で働きやすい環境作りに取り組んできました！
その結果「愛知県休み方改革マイスター企業」「健康経営優良法人2024（2年連続！）」に認定！
万が一があった時のサポートも充実しています。

【当社の魅力】
■年間休日120日、完全土日週休2日制など、働きやすい環境づくりに力を入れています！
■転勤、出張なし、直行直帰OKです。
■月曜、金曜はノー残業デイ
■U・I・Jターン歓迎です、社宅・寮のご用意もございます（条件あり）

【当社について】
■愛知県三河地区を中心に公共工事から土木工事、住宅や商業施設の建設などを行う会社です！
■創業から65年、地元からも大きな信頼を寄せていただいています。
■『愛知県休み方改革マイスター企業』『健康経営優良法人2024（2年連続！）』に認定

【健康面のサポートが手厚い！】
→万が一の際にも安心して治療に専念でき、長く安心して勤められます。

【採用サイトはこちらです】
当社で働くメンバーの雰囲気などを感じていただければと思います！
https://saiyou-dekirukun.yo-asobi.com/maruyoukensetu

【当社に関するインタビュー記事です】
◾「社員が精神的な豊かさを感じられる会社を目指して」：大石社長インタビュー
https://note.com/maruyou_kensetu/n/n26a5c1b58b79

TikTokやってます！楽しく更新中
https://www.tiktok.com/@maruyoukensetu

【中途入社者の声】⇒社員アンケートの結果を挿入します。
■住宅営業や土木官庁営業、総務の仕事を経て、当社に転職しました。
■社員のことを一番に考えてくれる社長のもと、私も誰に対しても感謝の気持ちを持つことを大切に、日々働いています！
■建物が完成したときはこの仕事のやりがいを感じます！

【最後に..】
「これまでの経験を活かしながら、新たなチャレンジをしてみたい！」
「働きやすさを重視した職場で働きたい」
「成長過程の会社でワクワクしながら働きたい」
そんな想いをお持ちの方、ぜひ私たちと一緒に働きませんか？

まずは、堅苦しくなくざっくばらんに面談をさせてください。
ご応募お待ちしております。

【他SNSものぞいてみてください！】
YouTubeはこちら
https://www.youtube.com/@maruyouconstruction

Instagramはこちら
@maruyou_con","■残業40時間以下
■土日休み
■社宅/家賃補助制度あり
■面接1回で終了
■WEB面接OK
■月平均残業時間 平均残業時間：31.5時間
遅くとも2026年度中には月平均残業時間20時間以下を達成する方針を社全体で定めています。
■設立 1971年10月
■従業員数 63名","【必須条件】
■1級建築施工管理技士の資格をお持ちの方
■普通自動車免許（AT限定可ですが、MT可が望ましい）
■非住宅の施工管理経験のがある方

【歓迎条件】
ICTに関する知見がある方

【学歴】
学歴不問","平均所定労働時間：160時間/月

8：00～17：00（休憩60分）
（現場時間により変動あり）

就労期間：無期雇用

■月平均残業時間
平均残業時間：31.5時間
遅くとも2026年度中には月平均残業時間20時間以下を達成する方針を社全体で定めています。","■土日休み
完全週休2日制（土日祝）
年間休日125日

6ヶ月経過後の年次有給休暇日数：10日
■GW
■夏期
■年末年始
■慶弔休暇","＜本社＞
愛知県西尾市法光寺町西田23

■転勤・出張
ありません。現場への直行直帰が可能です。","【通勤方法】
マイカー通勤可

【交通費】
通勤手当を支給します。","【給与】
月給 270,000円〜450,000円

【想定年収】
600万円〜900万円

【賃金内訳・給与の補足】
固定残業代: あり
月給27万円～45万円（固定残業代含む）＋各種手当
※固定残業代は、時間外労働の有無に関わらず31.5時間分を、月5万円～7万5000円支給
※上記を超える時間外労働分は追加で支給

■社員年収例

昇給：年1回

【賞与】
年2回（7月,12月）（直近二期は業績賞与あり）

【各種手当】
■資格手当
（施工管理技士、建築士、宅地建物取引士など）
■通勤手当
■住宅手当
■遠方手当
■技術手当
■物価手当
■時間外手当（超過分）
■家族手当（一律3,000円）","【福利厚生】
■社宅/家賃補助制度あり
■社会保険完備（雇用・労災・健康・厚生年金）
■住宅手当（条件あり）
■退職金制度
■資格取得支援・手当あり
（施工管理技士、建築士、宅地建物取引士など）
■確定拠出年金制度
■社内旅行
■名鉄福利厚生倶楽部サービス利用
■ゴルフコンペ（希望者のみ）
■スポーツジム法人会員（社員無料利用制度）
■有志懇親会補助制度（年2回まで／上限額あり）
■健康診断（年1回）
■慶弔災害見舞金
■永年勤続報奨金
■社用車貸与（一定の運転技術をもち、現場へ配属される方）
■ほか各種支給品あり
（携帯電話、パソコン、制服、防寒着、作業着、ヘルメット、安全帯、安全靴、事務用品）
■法定外労災保険完備（震災時問わず支給）
■心身の健康相談ホットライン完備（社外相談窓口）

その他
社員の働きやすさを叶えるために、社内体制を改革中です！
■USEN（オフィスBGM）の導入（2022年6月から実施）
■夏季作業着（ポロシャツ）などをユニフォーム化し、全従業員に支給
■『健康経営優良法人2026』取得  など

【手当】
■【給与に含まれる手当】
■資格手当
■（施工管理技士、建築士、宅地建物取引士など）
■通勤手当
■住宅手当
■遠方手当
■技術手当
■物価手当
■時間外手当（超過分）","【雇用形態】
正社員（無期契約）

【選考フロー】
STEP 1：書類選考後、当社では1回の面接を実施しています。
（対面面接の場合面接1回で終了です。WEB面接をご希望される場合は対面にて二次面接を行います。）
当社の面接は堅苦しくなく、これまでのご経験や今後実現したい事や目標などを
ざっくばらんにお伺いさせていただくスタイルをとっています！

STEP 2：内定のご連絡
内定通知書をはじめとした諸条件をお送りさせていただきます。
場合によってはオファー面談と合わせて実施させていただくこともございます。

【就業場所における受動喫煙防止措置】
敷地内喫煙可能場所あり",,交通費支給、社会保険完備、転勤なし、学歴不問、マイカー通勤OK、土日祝休み、賞与あり,3,任意,生年月日、性別、電話番号,agent@enroots.co.jp,090-9189-8178,,利用する,,D,
募集中,丸洋建設株式会社,土木施工管理（1級土木施工管理技士）｜丸洋建設株式会社,土木施工管理、工事監督/現場監督、建設・土木エンジニア,【西尾市・転勤なし】官公庁案件中心の土木施工管理／直行直帰可・完全週休2日制・月曜と金曜はノー残業デー,,愛知県 西尾市 法光寺町,西田23,,正社員,はい,月給,270000,450000,範囲で表示,なし,,,,,,,固定時間制,163,,健康保険、厚生年金、雇用保険、労災保険,,あり,3,か月,3ヶ月（条件に変更なし）,,,,,,,,,,,,,,,"■仕事内容
土木施工管理技士として、以下の業務をお任せします。
■工事の進捗/工程管理
■現場作業員の管理/指導
■安全管理
■原価管理/積算業務
※官公庁案件90％：民間工事10％程度の割合です

「経験を活かしたいけど、ワークライフバランスも収入も欲しい」と思っていませんか？

■当社は建設業界の常識を変えるべく、全力で働きやすい環境作りに取り組んできました！
その結果「愛知県休み方改革マイスター企業」「健康経営優良法人2024（2年連続！）」に認定！

■当社の魅力
■ワークライフバランス抜群！年間休日120日、完全週休二日制でプライベートも充実。メリハリをつけて働けます。
■月曜日・金曜日はノー残業デー！アフターファイブも充実！
■U・I・Jターン歓迎！社宅・寮もご用意しています（条件あり）
■採用サイトはこちらです
当社で働くメンバーの雰囲気などを感じていただければと思います！
https://saiyou-dekirukun.yo-asobi.com/maruyoukensetu

【当社に関するインタビュー記事です】
◾「社員が精神的な豊かさを感じられる会社を目指して」：大石社長インタビュー
https://note.com/maruyou_kensetu/n/n26a5c1b58b79

TikTokやってます！楽しく更新中
https://www.tiktok.com/@maruyoukensetu

■他SNSものぞいてみてください！
YouTubeはこちら
https://www.youtube.com/@maruyouconstruction

Instagramはこちら
@maruyou_con

■当社について、創業65年、地元から信頼され続けています
三河地域を中心に、公共工事、土木工事、住宅や商業施設の建設を行う歴史ある会社です。
国土交通省などの官公庁、愛知県、西尾市、西尾信用金庫等、大手企業との取引が多く、安定した業績を誇ります。
『愛知県休み方改革マイスター企業』や『健康経営優良法人2024（2年連続）』としても認定されています。

【最後に...】
新たなチャレンジをしたい方、働きやすさを重視する方、成長中の会社でワクワクしながら働きたい方。
ぜひ、私たちと一緒に働いてみませんか？まずは気軽に面談でお話ししましょう。ご応募お待ちしております。","■残業40時間以下
■土日休み
■社宅/家賃補助制度あり
■面接1回で終了
■WEB面接OK
■月平均残業時間 平均残業時間：31.5時間
遅くとも2026年度中には月平均残業時間20時間以下を達成する方針を社全体で定めています。
■設立 1971年10月
■従業員数 63名","【必須条件】
■1級土木施工管理技士の資格をお持ちの方
■普通自動車免許（AT限定可ですが、MT可が望ましい）
■官公庁案件の施工管理経験

【歓迎条件】
■国交省案件の施工管理経験
■ICTに関する知見がある方

【学歴】
学歴不問","平均所定労働時間：160時間/月

8：00～17：00（休憩60分）
（現場時間により変動あり）

就労期間：無期雇用

■月平均残業時間
平均残業時間：31.5時間
遅くとも2026年度中には月平均残業時間20時間以下を達成する方針を社全体で定めています。","■土日休み
完全週休2日制（土日祝）
2025年4月より、年間休日が120日に増えます！

6ヶ月経過後の年次有給休暇日数：10日
■GW
■夏期
■年末年始
■慶弔休暇","＜本社＞
愛知県西尾市法光寺町西田23

■転勤・出張
ありません。現場への直行直帰が可能です。","【通勤方法】
マイカー通勤可

【交通費】
通勤手当を支給します。","【給与】
月給 270,000円〜450,000円

【想定年収】
600万円〜900万円

【賃金内訳・給与の補足】
固定残業代: あり
月給27万円～45万円（固定残業代含む）＋各種手当
※固定残業代は、時間外労働の有無に関わらず31.5時間分を、月5万円～7万5000円支給
※上記を超える時間外労働分は追加で支給

■社員年収例

昇給：年1回

【賞与】
年2回（直近二期は業績賞与あり）

【各種手当】
■資格手当
（施工管理技士、建築士、宅地建物取引士など）
■通勤手当
■住宅手当
■遠方手当
■技術手当
■物価手当
■時間外手当（超過分）
■家族手当（一律3,000円）","【福利厚生】
■社宅/家賃補助制度あり
■社会保険完備（雇用・労災・健康・厚生年金）
■住宅手当（条件あり）
■退職金制度
■資格取得支援・手当あり
（施工管理技士、建築士、宅地建物取引士など）
■確定拠出年金制度
■社内旅行
■名鉄福利厚生倶楽部サービス利用
■ゴルフコンペ（希望者のみ）
■スポーツジム法人会員（社員無料利用制度）
■有志懇親会補助制度（年2回まで／上限額あり）
■健康診断（年1回）
■慶弔災害見舞金
■永年勤続報奨金
■社用車貸与（一定の運転技術をもち、現場へ配属される方）
■ほか各種支給品あり
（携帯電話、パソコン、制服、防寒着、作業着、ヘルメット、安全帯、安全靴、事務用品）
■法定外労災保険完備（震災時問わず支給）
■心身の健康相談ホットライン完備（社外相談窓口）

その他
社員の働きやすさを叶えるために、社内体制を改革中です！
■USEN（オフィスBGM）の導入（2022年6月から実施）
■年間休日の増加実施（2025年4月より、年休を112日→120日へ）
■夏季作業着（ポロシャツ）などをユニフォーム化し、全従業員に支給
■『健康経営優良法人2024』取得 ※2年連続取得！ など

【手当】
■【給与に含まれる手当】
■資格手当
■（施工管理技士、建築士、宅地建物取引士など）
■通勤手当
■住宅手当
■遠方手当
■技術手当
■物価手当
■時間外手当（超過分）","【雇用形態】
正社員（無期契約）

【選考フロー】
STEP 1：書類選考後、当社では1回の面接を実施しています。
（対面面接の場合面接1回で終了です。WEB面接をご希望される場合は対面にて二次面接を行います。）
当社の面接は堅苦しくなく、これまでのご経験や今後実現したい事や目標などを
ざっくばらんにお伺いさせていただくスタイルをとっています！

STEP 2：内定のご連絡
内定通知書をはじめとした諸条件をお送りさせていただきます。
場合によってはオファー面談と合わせて実施させていただくこともございます。

【就業場所における受動喫煙防止措置】
敷地内喫煙可能場所あり",,交通費支給、社会保険完備、転勤なし、学歴不問、マイカー通勤OK、土日祝休み、賞与あり,3,任意,生年月日、性別、電話番号,agent@enroots.co.jp,090-9189-8178,,利用する,,D,
募集中,松井建拓株式会社,建築施工管理（2級建築施工管理技士）｜松井建拓株式会社,建築施工管理、工事監督/現場監督、建設・土木エンジニア,【新城市】2級建築施工管理技士の募集／平均残業は月15時間程度。地元で腰を据えて働けます,,愛知県 新城市 城北,1-1-5,,正社員,はい,月給,299000,,最低額を表示,なし,,,,,,,固定時間制,,,健康保険、厚生年金、雇用保険、労災保険,,あり,3,か月,"3ヶ月
変更無",,,,,,,,,,,,,,,"■公共施設/福祉医療施設/住宅/店舗等の建築工事・河川改修工事・道路整備工事等を通じて地域の発展に貢献。
■社員を全面的にバックアップする事で、働きやすくスキルアップできる環境づくりに力を注いでいます。

仕事の内容
■東三河地区の施工管理をお任せします。宿泊を伴う出張はありません。大規模案件は複数の施工管理者を配置、業務量が集中しないようにしています。現場へ直行直帰の場合も有。実務作業は下請会社に発注します。

≪業務内容の詳細≫
■現場巡視による工事品質管理/作業員等の安全管理
■予算管理(必要経費の計算や実費の把握)
■下請け工事業者の手配
■工程管理（工事の業務効率化）
■資材置き場/工事用電源の確保 等

≪工期≫
■民間(学校や工場等)：3か月～半年、官公庁：約1年

≪案件規模≫

■安全管理について
従業員の安全と健康を守るために、現場での朝のKY活動をとても重視し、労働災害やトラブルを未然に防ぐことを心がけています。

当社業務全般","■残業20時間以下
■その他
■月平均残業時間 固定残業代の相当時間：15.0時間/月
■設立 1944年09月
■従業員数 36名","【必須条件】
■2級建築施工管理技士の資格を有している方
■普通自動車運転免許

【歓迎条件】
■公共機関/官公庁案件の実務経験がある方
■1級建築施工管理技士の資格を有している方

【求める人物像】自ら考え実行できる「積極性」のある人/「柔軟性」をもって業務を遂行できる人

ーーーーーー
資格支援制度でほとんどの従業員が1級の資格を取得しています！
経験豊富な社員が多く、一緒に仕事する上で新しい知識が身につき、楽しく充実した仕事ができます。

【学歴】
高卒以上","08:00～17:00（所定労働時間8時間）
【休憩】60分
【残業】有
【備考】固定残業代の相当時間：15.0時間/月

■月平均残業時間
固定残業代の相当時間：15.0時間/月","■その他
【休日】105日
（内訳） 日曜 夏季5日 年末年始7日
その他（企業カレンダーにより土曜は年5回出勤有）

【有給休暇】有（10～20日）","＜本社＞
愛知県新城市城北1-1-5

■通勤
マイカー通勤が可能です。現場への直行直帰が可能です。","【アクセス】
JR飯田線「新城駅」

【通勤方法】
マイカー通勤可

【交通費】
通勤手当を支給します。","【給与】
月給 299,000円〜

【想定年収】
550万円〜700万円

【賃金内訳・給与の補足】
【形態】
月給制

【備考】
月給￥299,300～
基本給￥270,000～
固定残業代￥29,300～を含む/月

■賞与実績:年2回：7月、12月(昨年実績：5.85ヶ月)

【モデル年収】
年収560万円 入社6年目 メンバー/2級建築施工（月給29万+賞与 ※2級建築施工管理技士）
年収830万円 入社20年目 係長/1級建築施工（月給40万+賞与 ※1級建築施工管理技士）

【賞与】
年2回 7月、12月（昨年実績：5.85か月）
※業績により決算賞与（6月） 平均141万円（2024年6月実績）

【各種手当】
通勤手当（会社規定に基づき支給）
残業手当（固定残業代制 超過分別途支給）","【社会保険】
健康保険 厚生年金保険 雇用保険 労災保険

【制度・設備】
資格取得支援制度（全従業員利用可）
継続雇用制度(再雇用)（全従業員利用可）
従業員専用駐車場あり（全従業員利用可）

【退職金】有

【寮・社宅】無

【手当】
■【諸手当】
■通勤手当（会社規定に基づき支給）
■残業手当（固定残業代制 超過分別途支給）","【雇用形態】
正社員（無期契約）

【選考フロー】
遠方の方に関しては別途面接方法をご相談くださいませ。

書類選考
↓
面接（1-2回）
↓
内定

【就業場所における受動喫煙防止措置】
【喫煙環境】敷地内禁煙（屋外喫煙可能場所あり）",,交通費支給、社会保険完備、マイカー通勤OK、賞与あり,2,任意,生年月日、性別、電話番号,agent@enroots.co.jp,090-9189-8178,,利用する,,D,
募集中,松井建拓株式会社,土木施工管理（2級土木施工管理技士）｜松井建拓株式会社,土木施工管理、工事監督/現場監督、建設・土木エンジニア,【新城市】2級土木施工管理技士の募集／平均残業は月15時間程度。地元密着の現場です,,愛知県 新城市 城北,1-1-5,,正社員,はい,月給,299000,,最低額を表示,なし,,,,,,,固定時間制,,,健康保険、厚生年金、雇用保険、労災保険,,あり,3,か月,"3ヶ月
変更無",,,,,,,,,,,,,,,"【仕事内容】
◇職務要約・魅力
■河川改修工事・道路整備工事・造成工事・上下水道工事などのインフラ整備を通じて地域の安全と発展に貢献。
■社員を全面的にバックアップする事で、働きやすくスキルアップできる環境づくりに力を注いでいます。

◇業務内容
■東三河地区の土木施工管理をお任せします。
宿泊を伴う出張はありません。
大規模案件は複数の施工管理者を配置、業務量が集中しないようにしています。
現場へ直行直帰の場合も有。
実務作業は下請会社に発注します。

≪業務内容の詳細≫
■現場巡視による工事品質管理/作業員等の安全管理
■予算管理(必要経費の計算や実費の把握)
■下請け工事業者の手配
■工程管理（工事の業務効率化）

≪工期≫
■官公庁：6ヶ月〜約1年

≪案件規模≫

■安全管理について
従業員の安全と健康を守るために、現場での朝のKY活動をとても重視し、労働災害やトラブルを未然に防ぐことを心がけています。","■残業20時間以下
■その他
■月平均残業時間 固定残業代の相当時間：15.0時間/月
■設立 1944年09月
■従業員数 36名","【必須条件】
■2級土木施工管理技士の資格を有している方
■普通自動車運転免許

【歓迎条件】
■公共機関/官公庁案件の実務経験がある方
■1級土木施工管理技士の資格を有している方

【求める人物像】自ら考え実行できる「積極性」のある人/「柔軟性」をもって業務を遂行できる人

ーーーーーー
資格支援制度でほとんどの従業員が1級の資格を取得しています！
経験豊富な社員が多く、一緒に仕事する上で新しい知識が身につき、楽しく充実した仕事ができます。

【学歴】
高卒以上","08:00～17:00（所定労働時間8時間）
【休憩】60分
【残業】有
【備考】固定残業代の相当時間：15.0時間/月

■月平均残業時間
固定残業代の相当時間：15.0時間/月","■その他
【休日】105日
（内訳） 日曜 夏季5日 年末年始7日
その他（企業カレンダーにより土曜は年5回出勤有）

【有給休暇】有（10～20日）","＜本社＞
愛知県新城市城北1-1-5

■通勤
マイカー通勤が可能です。現場への直行直帰が可能です。","【アクセス】
JR飯田線「新城駅」

【通勤方法】
マイカー通勤可

【交通費】
通勤手当を支給します。","【給与】
月給 299,000円〜

【想定年収】
550万円〜700万円

【賃金内訳・給与の補足】
【形態】
月給制

【備考】
月給￥299,300～
基本給￥270,000～
固定残業代￥29,300～を含む/月

■賞与実績:年2回：7月、12月(昨年実績：5.85ヶ月)

【モデル年収】
年収560万円 入社6年目 メンバー/2級土木施工（月給29万+賞与 ※2級土木施工管理技士）
年収830万円 入社20年目 係長/1級土木施工（月給40万+賞与 ※1級土木施工管理技士）

【賞与】
年2回 7月、12月（昨年実績：5.85か月）
※業績により決算賞与（6月） 平均141万円（2024年6月実績）

【各種手当】
通勤手当（会社規定に基づき支給）
残業手当（固定残業代制 超過分別途支給）","【社会保険】
健康保険 厚生年金保険 雇用保険 労災保険

【制度・設備】
資格取得支援制度（全従業員利用可）
継続雇用制度(再雇用)（全従業員利用可）
従業員専用駐車場あり（全従業員利用可）

【退職金】有

【寮・社宅】無

【手当】
■【諸手当】
■通勤手当（会社規定に基づき支給）
■残業手当（固定残業代制 超過分別途支給）","【雇用形態】
正社員（無期契約）

【選考フロー】
遠方の方に関しては別途面接方法をご相談くださいませ。

書類選考
↓
面接（1-2回）
↓
内定

【就業場所における受動喫煙防止措置】
【喫煙環境】敷地内禁煙（屋外喫煙可能場所あり）",,交通費支給、社会保険完備、マイカー通勤OK、賞与あり,2,任意,生年月日、性別、電話番号,agent@enroots.co.jp,090-9189-8178,,利用する,,D,
募集中,松井建拓株式会社,建築施工管理（未経験から／資格取得支援）｜松井建拓株式会社,建築施工管理、工事監督/現場監督、建設・土木エンジニア,【新城市】未経験から建築施工管理へ／働きながら資格取得を支援します。直行直帰可・平均残業は月15時間程度,,愛知県 新城市 城北,1-1-5,,正社員,はい,月給,260000,300000,範囲で表示,なし,,,,,,,固定時間制,,,健康保険、厚生年金、雇用保険、労災保険,,あり,3,か月,"3ヶ月
変更無",,,,,,,,,,,,,,,"■公共施設/福祉医療施設/住宅/店舗等の建築工事・河川改修工事・道路整備工事等を通じて地域の発展に貢献。
■社員を全面的にバックアップする事で、働きやすくスキルアップできる環境づくりに力を注いでいます。

仕事の内容
■東三河地区の施工管理をお任せします。
宿泊を伴う出張はありません。
大規模案件は複数の施工管理者を配置、業務量が集中しないようにし現場へ直行直帰の場合もあります！
実務作業は下請会社に発注します。

≪業務内容の詳細≫
■現場巡視による工事品質管理/作業員等の安全管理
■予算管理(必要経費の計算や実費の把握)
■下請け工事業者の手配
■工程管理(工事の業務効率化) 等

≪工期≫
■民間(学校や工場等)：3か月～半年、官公庁：約1年

≪案件規模≫
工場の修繕などの何百万円単位の案件から、

■安全管理について
従業員の安全と健康を守るために、現場での朝のKY活動をとても重視し、
労働災害やトラブルを未然に防ぐことを心がけています。

当社業務全般","■残業20時間以下
■その他
■月平均残業時間 固定残業代の相当時間：15.0時間/月
■設立 1944年09月
■従業員数 36名","【必須条件】
■普通自動車運転免許(AT限定可)をお持ちの方

【歓迎条件】
■建築施工管理のご経験
■経験を活かしながら、今後もスキルアップされたい方
資格支援制度でほとんどの従業員が1級の資格を取得しています！
教育制度
基本は社内OJTですが、実務経験の浅い方は経験豊富な社員が業務をお教えします。中長期的な人材育成に力を入れていますので安心です！

【学歴】
高専/短大/専門卒以上","08:00～17:00（所定労働時間8時間）
【休憩】60分
【残業】有
【備考】固定残業代の相当時間：15.0時間/月

■月平均残業時間
固定残業代の相当時間：15.0時間/月","■その他
【休日】105日
（内訳） 日曜 夏季5日 年末年始7日
その他（企業カレンダーにより土曜は年5回出勤有）

【有給休暇】有（10～20日）","＜本社＞
愛知県新城市城北1-1-5

■通勤
マイカー通勤が可能です。現場への直行直帰が可能です。","【アクセス】
JR飯田線「新城駅」

【通勤方法】
マイカー通勤可

【交通費】
通勤手当を支給します。","【給与】
月給 260,000円〜300,000円

【想定年収】
450万円〜500万円

【賃金内訳・給与の補足】
【形態】
月給制

【備考】
月給￥269,400～300,000
基本給￥243,000～270,000
固定残業代￥26,400～30,000を含む/月

■賞与実績:年2回7月、12月（昨年実績：5.85か月）
※業績により決算賞与（6月） 平均141万円（2024年6月実績）

【モデル年収】
年収560万円 入社6年目 メンバー（月給29万+賞与 ※2級建築施工管理技士）
年収830万円 入社20年目 係長（月給40万+賞与 ※1級建築施工管理技士）

【賞与】
年2回7月、12月（昨年実績：5.85か月）

【各種手当】
通勤手当（会社規定に基づき支給）
残業手当（固定残業代制 超過分別途支給）","【社会保険】
健康保険 厚生年金保険 雇用保険 労災保険

【制度・設備】
資格取得支援制度（全従業員利用可）
継続雇用制度(再雇用)（全従業員利用可）
従業員専用駐車場あり（全従業員利用可）

【退職金】有

【寮・社宅】無

【手当】
■【諸手当】
■通勤手当（会社規定に基づき支給）
■残業手当（固定残業代制 超過分別途支給）","【雇用形態】
正社員（無期契約）

【選考フロー】
遠方の方に関しては別途面接方法をご相談くださいませ。

書類選考
↓
面接（1-2回）
↓
内定

【就業場所における受動喫煙防止措置】
【喫煙環境】敷地内禁煙（屋外喫煙可能場所あり）",,交通費支給、社会保険完備、マイカー通勤OK、賞与あり、未経験歓迎,2,任意,生年月日、性別、電話番号,agent@enroots.co.jp,090-9189-8178,,利用する,,D,
募集中,株式会社マルコオ・ポーロ化工,建築施工管理（改修工事／1級建築施工管理技士）｜株式会社マルコオ・ポーロ化工,建築施工管理、工事監督/現場監督、建設・土木エンジニア,【豊田市・名古屋市】改修工事のスペシャリスト集団で1級建築施工管理技士を募集／東証プライム上場グループ・年間休日126日へ拡大中,,愛知県 豊田市 金谷町,7-5,,正社員,はい,月給,451000,516000,範囲で表示,なし,,,,,,,固定時間制,159,,健康保険、厚生年金、雇用保険、労災保険,,あり,3,か月,3ヶ月（延長追加3ヶ月の場合有）,,,,,,,,,,,,,,,"独自の施工技術で、街のシンボルと暮らしの安心を支え続ける

1975年の創業以来、マンションや公共施設の改修工事において東海地区トップクラスの実績を築いてきた当社。2021年にはTOKAIホールディングス（東証プライム上場）の一員となり、
経営基盤はさらに強固なものとなりました。

現在、私たちが注力しているのは「技術者の幸福度」です。
「現場は忙しいのが当たり前」という古い常識を打破するため、年間休日の大幅増加（126日へ）や、
チーム制による業務の分担、残業過多に対する厳格なチェック制度を導入

即戦力としてお迎えするあなたには、これまでの経験を存分に発揮しつつ、
長く腰を据えて活躍していただける環境をお約束します

【仕事の内容】
マンション、図書館、学校等の大規模修繕工事における施工管理全般をお任せします。
▼ 具体的な業務内容
■現地調査・プラン提案・見積作成
■資材の手配および協力会社の手配
■工程・品質・安全・原価などの現場管理
■引き渡し後のアフターフォロー
▼ 業務のポイント
■現場は日帰り圏内：東海エリアがメインのため、宿泊を伴う出張や無理な移動はほとんどありません。
■チーム体制：属人化を防ぐため、情報を共有し助け合える体制を整えています。
【役割の明確化】
低単価案件は営業が担当するため、
施工管理は高単価（数千万円〜数億円規模）のやりがいある案件に集中できます。
【信頼のネットワーク】
長年付き合いのある協力会社が多く、現場でのコミュニケーションもスムーズです

【配属部署】
本社工務部：8名
名古屋工務部：9名

【当社の魅力・職場環境】
◉圧倒的な実績
創業50年で施工実績約25,000件。
アスベスト処理などの特殊技術も持ち、競合優位性が高いのが特徴です
◉劇的な環境改善
2025年度には年間休日124日を実現。
残業時間が多い場合の減点制度など、本気で「働きすぎ」を防ぐ仕組みがあります。
◉フランクな社風
上場グループの安心感がありつつも、中途入社者が馴染みやすい明るい雰囲気です

【応募者の皆様へ】
「これまでのキャリアを、もっと安定した基盤で、もっと健全な環境で活かしたい。」
そんな想いを持つ方に、当社は最適な場所だと自負しています。

上場企業グループという安定した「守り」と、50年培った確かな技術という「攻め」。
この両輪が揃った環境で、あなたの施工管理としての集大成を築きませんか？
皆様からのご応募を、社員一同心よりお待ちしております！","■土日休み
■社宅/家賃補助制度あり
■設立 1975年03月
■従業員数 50名","【必須条件】
＜必須条件＞
■1級建築施工管理技士 の資格をお持ちの方
■第一種運転免許普通自動車（AT限定可）

＜期待する経験・スキル＞
■RC造マンション、または公共施設の施工管理実務経験（5年以上目安）
■数千万円〜数億円規模の現場における現場所長、または次席の経験
■改修工事特有の「居住者様や施設利用者様への配慮・対応」ができるコミュニケーション能力
■後進の育成や、チームのマネジメントに興味がある方

【学歴】
学歴不問","08:30～17:30（所定労働時間8時間）
【休憩】60分
【残業】有","■土日休み
■年間休日126日
■完全週休二日制（土日祝）
■祝日
■有給休暇（10日～）
■夏期休暇（2日間）
■年末年始（12/29〜1/4まで）","＜本社＞
愛知県豊田市金谷町7-5

■通勤
マイカー通勤が可能です。","【アクセス】
名鉄三河線「上挙母駅」徒歩8分
愛知環状鉄道「新上挙母駅」徒歩6分

【通勤方法】
マイカー通勤可

【交通費】
通勤手当を支給します。","【給与】
月給 451,000円〜516,000円

【想定年収】
700万円〜800万円

【賃金内訳・給与の補足】
＜想定年収	＞
700万円～800万円

＜月給制＞
月給：451,000円～516,000円
基本給：451,000円～516,000円を含む/月

■賞与実績
年2回3.5か月分(業績考課あり)

【賞与】
■賞与実績
年2回3.5か月分(業績考課あり)

【各種手当】
■残業手当：（日・深夜のみ）
■通勤手当：実費
■子ども手当：1人名9千～
■資格手当：1万～3千
■役職手当：有","【福利厚生】
■社宅/家賃補助制度あり
■社会保険
健康保険、厚生年金保険、雇用保険、労災保険
■退職金制度
■寮・社宅

【手当】
■残業手当
■通勤手当
■子ども手当
■資格手当
■住居手当
■役職手当","【募集背景】
受注案件増加の為、体制強化を目的とした増員採用を行っております。

【雇用形態】
正社員（無期契約）

【選考フロー】
書類選考→1次面接→2次面接→内定

【就業場所における受動喫煙防止措置】
敷地内禁煙（屋外喫煙可能場所あり）",,交通費支給、社会保険完備、学歴不問、マイカー通勤OK、土日祝休み、賞与あり,3,任意,生年月日、性別、電話番号,agent@enroots.co.jp,090-9189-8178,,利用する,,D,
募集中,株式会社マルコオ・ポーロ化工,建築施工管理（改修工事／2級建築施工管理技士以上）｜株式会社マルコオ・ポーロ化工,建築施工管理、工事監督/現場監督、建設・土木エンジニア,【豊田市・名古屋市】2級建築施工管理技士以上の方を募集／東海トップクラスの改修実績。技術者が報われる環境です,,愛知県 豊田市 金谷町,7-5,,正社員,はい,月給,375000,541667,範囲で表示,なし,,,,,,,固定時間制,159,,健康保険、厚生年金、雇用保険、労災保険,,あり,3,か月,3ヶ月（延長追加3ヶ月の場合有）,,,,,,,,,,,,,,,"東海地区の街並みを守り、次代へつなぐ施工管理の要となる

1975年の創業以来、マンションや公共施設の改修工事において東海地区トップクラスの実績を築いてきた当社。
2021年にはTOKAIホールディングス（東証プライム上場）の一員となり、
経営基盤はさらに強固なものとなりました。

現在、私たちが注力しているのは「技術者の幸福度」です。
「現場は忙しいのが当たり前」という古い常識を打破するため、
年間休日の大幅増加（126日へ）や、チーム制による業務の分担、
残業過多に対する厳格なチェック制度を導入

「これまでの現場経験を活かして、もっと安定した会社でキャリアを築きたい」
そんな想いを持つあなたを、戦力としてお迎えし、さらなる成長をバックアップします

【仕事の内容】
マンション、図書館、学校等の大規模修繕工事における施工管理全般をお任せします。
▼ 具体的な業務内容
■現地調査・プラン提案・見積作成
■資材の手配および協力会社の手配
■工程・品質・安全・原価などの現場管理
■引き渡し後のアフターフォロー
▼ 業務のポイント
■現場は日帰り圏内：東海エリアがメインのため、宿泊を伴う出張や無理な移動はほとんどありません。
■チーム体制：属人化を防ぐため、情報を共有し助け合える体制を整えています。
【役割の明確化】
低単価案件は営業が担当するため、
施工管理は高単価（数千万円〜数億円規模）のやりがいある案件に集中できます。
【信頼のネットワーク】
長年付き合いのある協力会社が多く、現場でのコミュニケーションもスムーズです

【配属部署】
本社工務部：8名
名古屋工務部：9名

【当社の魅力・職場環境】
◉圧倒的な実績
創業50年で施工実績約25,000件。
アスベスト処理などの特殊技術も持ち、競合優位性が高いのが特徴です
◉劇的な環境改善
2025年度には年間休日124日を実現。
残業時間が多い場合の減点制度など、本気で「働きすぎ」を防ぐ仕組みがあります。
◉フランクな社風
上場グループの安心感がありつつも、中途入社者が馴染みやすい明るい雰囲気です

【応募者の皆様へ】
「今の環境で、このまま現場を続けていけるだろうか……」
もし少しでもそんな不安があるなら、ぜひ一度私たちの話を聞きに来てください。

上場企業グループという安定した「守り」と、50年培った確かな技術という「攻め」。
この両輪が揃った環境で、あなたの施工管理としての経験を、より価値のあるものへアップデートしませんか？

1級への挑戦も、腰を据えた長期的なキャリア形成も、全力でサポートします。
皆様からのご応募を、社員一同心よりお待ちしております！","■土日休み
■社宅/家賃補助制度あり
■設立 1975年03月
■従業員数 50名","【必須条件】
＜必須条件＞
■2級建築施工管理技士 以上の資格をお持ちの方
■建築現場における施工管理の実務経験（3年以上目安）
■第一種運転免許普通自動車（AT限定可）

＜期待する経験・スキル＞
■改修工事特有の「居住者様や施設利用者様への配慮・対応」ができるコミュニケーション能力
■マンションや公共施設等の現場に携わった経験（規模不問）
■将来的に1級資格の取得や、チームの核として活躍したい意欲がある方

【学歴】
学歴不問","08:30～17:30（所定労働時間8時間）
【休憩】60分
【残業】有","■土日休み
■年間休日126日
■完全週休二日制（土日祝）
■祝日
■有給休暇（10日～）
■夏期休暇（2日間）
■年末年始（12/29〜1/4まで）","＜本社＞
愛知県豊田市金谷町7-5

■通勤
マイカー通勤が可能です。","【アクセス】
名鉄三河線「上挙母駅」徒歩8分
愛知環状鉄道「新上挙母駅」徒歩6分

【通勤方法】
マイカー通勤可

【交通費】
通勤手当を支給します。","【給与】
月給 375,000円〜541,667円
※想定年収をもとにした月額換算です。

【想定年収】
450万円〜650万円

【賃金内訳・給与の補足】
＜想定年収＞
450万円～650万円

■賞与実績
年2回3.5か月分(業績考課あり)

【賞与】
■賞与実績
年2回3.5か月分(業績考課あり)

【各種手当】
■残業手当：（日・深夜のみ）
■通勤手当：実費
■子ども手当：1人名9千～
■資格手当：1万～3千
■役職手当：有
※役職手当がない場合は残業代有","【福利厚生】
■社宅/家賃補助制度あり
■社会保険
健康保険、厚生年金保険、雇用保険、労災保険
■退職金制度
■寮・社宅

【手当】
■残業手当
■通勤手当
■子ども手当
■資格手当
■住居手当
■役職手当
■※役職手当がない場合は残業代有","【募集背景】
受注案件増加の為、体制強化を目的とした増員採用を行っております。

【雇用形態】
正社員（無期契約）

【選考フロー】
書類選考→1次面接→2次面接→内定

【就業場所における受動喫煙防止措置】
敷地内禁煙（屋外喫煙可能場所あり）",,交通費支給、社会保険完備、学歴不問、マイカー通勤OK、土日祝休み、賞与あり,3,任意,生年月日、性別、電話番号,agent@enroots.co.jp,090-9189-8178,,利用する,,D,
募集中,株式会社マルコオ・ポーロ化工,建築施工管理（改修工事／2級取得者・実務経験者）｜株式会社マルコオ・ポーロ化工,建築施工管理、工事監督/現場監督、建設・土木エンジニア,【豊田市・名古屋市】数億円規模の改修案件で経験を積める建築施工管理／東証プライム上場グループ・年間休日126日へ拡大中,,愛知県 豊田市 金谷町,7-5,,正社員,はい,月給,297500,387500,範囲で表示,なし,,,,,,,固定時間制,159,,健康保険、厚生年金、雇用保険、労災保険,,あり,3,か月,3ヶ月（延長追加3ヶ月の場合有）,,,,,,,,,,,,,,,"1975年の創業以来、マンションや公共施設の改修工事において東海地区トップクラスの実績を築いてきた当社。
2021年にはTOKAIホールディングス（東証プライム上場）の一員となり、
経営基盤はさらに強固なものとなりました。

「現場は忙しいのが当たり前」という古い常識を打破するため、
年間休日の大幅増加（126日へ）や、チーム制による業務の分担、
残業過多に対する厳格なチェック制度を導入

「今の現場経験を活かして、もっと腰を据えて長く働ける環境へ」
「将来を見据えて、1級などの資格取得も目指したい」

【仕事の内容】
マンション、図書館、学校等の大規模修繕工事における施工管理全般をお任せします。
▼ 具体的な業務内容
■現地調査・プラン提案・見積作成
■資材の手配および協力会社の手配
■工程・品質・安全・原価などの現場管理
■引き渡し後のアフターフォロー
▼ 業務のポイント
■現場は日帰り圏内：東海エリアがメインのため、宿泊を伴う出張や無理な移動はほとんどありません。
【役割の明確化】
低単価案件は営業が担当するため、
施工管理は高単価（数千万円〜数億円規模）のやりがいある案件に集中できます。
【信頼のネットワーク】
長年付き合いのある協力会社が多く、現場でのコミュニケーションもスムーズです

【配属部署】
本社工務部：8名
名古屋工務部：9名

【当社の魅力・職場環境】
◉圧倒的な実績
創業50年で施工実績約25,000件。
アスベスト処理などの特殊技術も持ち、競合優位性が高いのが特徴です
◉劇的な環境改善
2025年度には年間休日124日を実現。
残業時間が多い場合の減点制度など、本気で「働きすぎ」を防ぐ仕組みがあります。
◉フランクな社風
上場グループの安心感がありつつも、中途入社者が馴染みやすい明るい雰囲気です

【応募者の皆様へ】
「今の環境で、10年後、20年後も現場を続けていけるだろうか……」
もし少しでもそんな不安があるなら、ぜひ一度私たちの話を聞きに来てください。

上場企業グループという安定した「守り」と、50年培った確かな技術という「攻め」。
この両輪が揃った環境で、あなたの施工管理としての第一歩を、より価値のあるものへアップデートしませんか？

1級への挑戦も、ライフイベントを見据えた長期的なキャリア形成も、全力でサポートします。
皆様からのご応募を、社員一同心よりお待ちしております！","■土日休み
■社宅/家賃補助制度あり
■設立 1975年03月
■従業員数 50名","【必須条件】
＜必須条件＞
■第一種運転免許普通自動車（AT限定可）
下記はいずれか
■2級建築施工管理技士資格をお持ちの方
■建築現場における施工管理の実務経験（3年以上目安）

＜期待する経験・スキル＞
■改修工事特有の「居住者様や施設利用者様への配慮・対応」ができるコミュニケーション能力
■マンションや公共施設等の現場に携わった経験（規模不問）
■将来的に1級資格の取得や、チームの核として活躍したい意欲がある方

【学歴】
学歴不問","08:30～17:30（所定労働時間8時間）
【休憩】60分
【残業】有","■土日休み
■年間休日126日
■完全週休二日制（土日祝）
■祝日
■有給休暇（10日～）
■夏期休暇（2日間）
■年末年始（12/29〜1/4まで）","＜本社＞
愛知県豊田市金谷町7-5

■通勤
マイカー通勤が可能です。","【アクセス】
名鉄三河線「上挙母駅」徒歩8分
愛知環状鉄道「新上挙母駅」徒歩6分

【通勤方法】
マイカー通勤可

【交通費】
通勤手当を支給します。","【給与】
月給 297,500円〜387,500円
※想定年収をもとにした月額換算です。

【想定年収】
357万円〜465万円

【賃金内訳・給与の補足】
＜想定年収＞
357万円～465万円

■賞与実績
年2回3.5か月分(業績考課あり)

【賞与】
■賞与実績
年2回3.5か月分(業績考課あり)

【各種手当】
■残業手当：（日・深夜のみ）
■通勤手当：実費
■子ども手当：1人名9千～
■資格手当：1万～3千
■役職手当：有
※役職手当がない場合は残業代有","【福利厚生】
■社宅/家賃補助制度あり
■社会保険
健康保険、厚生年金保険、雇用保険、労災保険
■退職金制度
■寮・社宅

【手当】
■残業手当
■通勤手当
■子ども手当
■資格手当
■住居手当
■役職手当
■※役職手当がない場合は残業代有","【募集背景】
受注案件増加の為、体制強化を目的とした増員採用を行っております。

【雇用形態】
正社員（無期契約）

【選考フロー】
書類選考→1次面接→2次面接→内定

【就業場所における受動喫煙防止措置】
敷地内禁煙（屋外喫煙可能場所あり）",,交通費支給、社会保険完備、学歴不問、マイカー通勤OK、土日祝休み、賞与あり,1,任意,生年月日、性別、電話番号,agent@enroots.co.jp,090-9189-8178,,利用する,,D,
募集中,株式会社マルコオ・ポーロ化工,建築施工管理（改修工事／資格不問・実務経験3年目安）｜株式会社マルコオ・ポーロ化工,建築施工管理、工事監督/現場監督、建設・土木エンジニア,【豊田市・名古屋市】資格は問わない建築施工管理／高単価の改修案件を手がける上場グループ。年間休日126日へ拡大中,,愛知県 豊田市 金谷町,7-5,,正社員,はい,月給,333333,458333,範囲で表示,なし,,,,,,,固定時間制,159,,健康保険、厚生年金、雇用保険、労災保険,,あり,3,か月,3ヶ月（延長追加3ヶ月の場合有）,,,,,,,,,,,,,,,"1975年の創業以来、マンションや公共施設の改修工事において東海地区トップクラスの実績を築いてきた当社。
2021年にはTOKAIホールディングス（東証プライム上場）の一員となり、経営基盤はさらに強固なものとなりました。

私たちが今、何よりも大切にしているのは「現場を支える技術者の持続可能な働き方」です。
「現場は休みがなくて当然」というこれまでの業界の常識を、私たちは本気で変えようとしています。
年間休日126日の実現や、チーム制による業務負荷の分散など、
皆さんが10年、20年先も笑顔でキャリアを積める環境を整えました

「今のスキルを活かして、もっと心にゆとりを持って働きたい」
「上場グループの安定感の中で、1級資格取得に挑戦したい」
そんな向上心を持つあなたを、私たちは次代のリーダー候補として全力でバックアップします

【仕事の内容】
マンション、図書館、学校等の大規模修繕工事における施工管理全般をお任せします。
▼ 具体的な業務内容
■現地調査・プラン提案・見積作成
■資材の手配および協力会社の手配
■工程・品質・安全・原価などの現場管理
■引き渡し後のアフターフォロー
▼ 業務のポイント
■現場は日帰り圏内：東海エリアがメインのため、宿泊を伴う出張や無理な移動はほとんどありません。
【役割の明確化】
低単価案件は営業が担当するため、
施工管理は高単価（数千万円〜数億円規模）のやりがいある案件に集中できます。
【信頼のネットワーク】
長年付き合いのある協力会社が多く、現場でのコミュニケーションもスムーズです

【配属部署】
本社工務部：8名
名古屋工務部：9名

【当社の魅力・職場環境】
◉圧倒的な実績
創業50年で施工実績約25,000件。
アスベスト処理などの特殊技術も持ち、競合優位性が高いのが特徴です
◉劇的な環境改善
2025年度には年間休日124日を実現。
残業時間が多い場合の減点制度など、本気で「働きすぎ」を防ぐ仕組みがあります。
◉フランクな社風
上場グループの安心感がありつつも、中途入社者が馴染みやすい明るい雰囲気です

【応募者の皆様へ】
最後までお読みいただきありがとうございます。
現場での経験があるからこそ、今の環境に「このままでいいのかな？」と迷いを感じることもあるはずです。

私たちの会社には、そんなあなたの迷いを「安心」に変えられる土壌があります。
上場グループの福利厚生や安定感という「守り」と、50年で築いた唯一無二の技術力という「攻め」。
このバランスが整った環境で、施工管理としての市場価値をさらに高めていきませんか？

資格取得への挑戦はもちろん、結婚や育児などのライフイベントを経ても、
ずっと一線で活躍し続けられるキャリアを約束します。
あなたとお会いできる日を、社員一同楽しみにお待ちしております！","■土日休み
■社宅/家賃補助制度あり
■設立 1975年03月
■従業員数 50名","【必須条件】
＜必須条件＞
■第一種運転免許普通自動車（AT限定可）
■建築現場における施工管理の実務経験（3年以上目安）

＜期待する経験・スキル＞
■改修工事特有の「居住者様や施設利用者様への配慮・対応」ができるコミュニケーション能力
■マンションや公共施設等の現場に携わった経験（規模不問）
■将来的に1級資格の取得や、チームの核として活躍したい意欲がある方

【歓迎条件】
■1級もしくは2級建築施工管理技士資格をお持ちの方

【学歴】
学歴不問","08:30～17:30（所定労働時間8時間）
【休憩】60分
【残業】有","■土日休み
■年間休日126日
■完全週休二日制（土日祝）
■祝日
■有給休暇（10日～）
■夏期休暇（2日間）
■年末年始（12/29〜1/4まで）","＜本社＞
愛知県豊田市金谷町7-5

■通勤
マイカー通勤が可能です。","【アクセス】
名鉄三河線「上挙母駅」徒歩8分
愛知環状鉄道「新上挙母駅」徒歩6分

【通勤方法】
マイカー通勤可

【交通費】
通勤手当を支給します。","【給与】
月給 333,333円〜458,333円
※想定年収をもとにした月額換算です。

【想定年収】
400万円〜550万円

【賃金内訳・給与の補足】
＜想定年収＞
400万円～550万円

■賞与実績
年2回3.5か月分(業績考課あり)

【賞与】
■賞与実績
年2回3.5か月分(業績考課あり)

【各種手当】
■残業手当：（日・深夜のみ）
■通勤手当：実費
■子ども手当：1人名9千～
■資格手当：1万～3千
■役職手当：有
※役職手当がない場合は残業代有","【福利厚生】
■社宅/家賃補助制度あり
■社会保険
健康保険、厚生年金保険、雇用保険、労災保険
■退職金制度
■寮・社宅

【手当】
■残業手当
■通勤手当
■子ども手当
■資格手当
■住居手当
■役職手当
■※役職手当がない場合は残業代有","【募集背景】
受注案件増加の為、体制強化を目的とした増員採用を行っております。

【雇用形態】
正社員（無期契約）

【選考フロー】
書類選考→1次面接→2次面接→内定

【就業場所における受動喫煙防止措置】
敷地内禁煙（屋外喫煙可能場所あり）",,交通費支給、社会保険完備、学歴不問、マイカー通勤OK、土日祝休み、賞与あり,1,任意,生年月日、性別、電話番号,agent@enroots.co.jp,090-9189-8178,,利用する,,D,
募集中,株式会社FD,太陽光設備の施工管理（課長クラス／実務5年以上・有資格者）｜株式会社FD,設備施工管理、電気工事施工管理、工事監督/現場監督,【刈谷市】太陽光発電の施工プロデューサー（課長クラス）／電気設備の施工管理経験5年以上の方を募集。完全週休2日制,,愛知県 刈谷市 今川町,花池3-1,,正社員,はい,月給,500000,750000,範囲で表示,なし,,,,,,,固定時間制,166,,健康保険、厚生年金、雇用保険、労災保険,,あり,6,か月,6ヶ月,,,,,,,,,,,,,,,"盤石な経営基盤×社会貢献で未来を創る！
10年後の市場の勝者を目指し、海外進出・上場を牽引する仲間を募集！

【業務詳細】
■自社・お客様案件の施工管理全般
■新規ビジネス・新スキームに対応した施工の検討・実行
■上場に向けた施工管理体制の強化
■施工対応エリア拡大に向けた取組み
■人材育成・労務管理","■土日休み
■急募
■WEB面接OK
■適性テストなし
■設立 2001年10月
■従業員数 56名","【必須条件】
①下記いずれかのご経験をお持ちの方
■電気設備の施工管理経験のある方（5年以上）
※建築・土木工事に関わる施工管理のご経験でも可
■電気工事業の業務経験のある方（5年以上）
②電気工事施工管理技士2級、電気工事士二種、電験２級、またはこれと同等以上の資格を有する方

【歓迎条件】
①監理技術者証をお持ちの方
②部下マネジメント（3～5名程度）のご経験のある方

【学歴】
学歴不問","8:00~17:00
休憩1時間","■土日休み
週休2日制（土日祝 ※祝日は当社カレンダーに従う）
年間有給休暇10日～20日（下限日数は、入社半年経過後の付与日数となります）
年間休日日数116日

有給休暇（入社日に5日、6ヶ月経過後に5日付与、最高20日）
GW、夏季、年末年始、慶弔休暇、特別休暇","＜本社＞
愛知県刈谷市今川町花池3-1","【アクセス】
名鉄名古屋本線「富士松駅」

【交通費】
通勤手当を支給します。","【給与】
月給 500,000円〜750,000円
※想定年収をもとにした月額換算です。

【想定年収】
600万円〜900万円

【賃金内訳・給与の補足】
【給与例】
（主任クラス）650万円
（課長クラス）800万円
（部長クラス）900万円～

【賞与】
■昇給：年1回
■賞与：年2回（6月、12月）
前年度実績 平均3.5ヶ月

【各種手当】
通勤手当：当社規定により支給
家族手当：当社規定により支給（管理職を除く）
社会保険：各種社会保険完備","■役職手当・資格手当・通勤手当
■健康診断
■社員旅行制度
■資格取得支援及び資格取得褒章制度（会社規定による）
■高級リゾートホテル招待・優待制度
■ピアボーナス制度（FD賞）
■BBQ大会などの社内レクリエーション活動
■教育研修制度
■慶弔見舞金
■結婚/出産祝い金

【手当】
■通勤手当
■家族手当
■住宅手当
■社会保険","【雇用形態】
正社員（無期契約）

【選考フロー】
書類選考
↓
一次面接（リモート可）
↓
最終面接

※最終面接のみ来社いただく必要あり。交通費支給はありません。",,交通費支給、社会保険完備、学歴不問、土日祝休み、賞与あり,5,任意,生年月日、性別、電話番号,agent@enroots.co.jp,090-9189-8178,,利用する,,D,
募集中,株式会社FD,太陽光設備の施工管理（課長クラス／資格不問）｜株式会社FD,設備施工管理、電気工事施工管理、工事監督/現場監督,【刈谷市】成長市場の太陽光発電で施工プロデューサー（課長クラス）／完全週休2日制・賞与3.5ヶ月分,,愛知県 刈谷市 今川町,花池3-1,,正社員,はい,月給,500000,666667,範囲で表示,なし,,,,,,,固定時間制,166,,健康保険、厚生年金、雇用保険、労災保険,,あり,6,か月,6ヶ月,,,,,,,,,,,,,,,"盤石な経営基盤×社会貢献で未来を創る！
10年後の市場の勝者を目指し、海外進出・上場を牽引する仲間を募集！

【業務詳細】
■自社・お客様案件の施工管理全般
■新規ビジネス・新スキームに対応した施工の検討・実行
■上場に向けた施工管理体制の強化
■施工対応エリア拡大に向けた取組み
■人材育成・労務管理

【詳細】
1案件の長さ：3ヶ月〜6ヶ月程度
年間1〜3件を担当します。
メガソーラー（工場/山）〜商業施設の屋根(GMS/ドラッグストア)まで様々。
各現場の地元工事会社と協力しながら、基本的には事業所内で資材発注などの仕事メイン。
現場調査、工事開始タイミング、顧客打合せ、完工検査のタイミングで、
現地に足を運んで頂き、確認を行って頂きます。","■残業30時間以下
■土日休み
■社宅/家賃補助制度あり
■産休/育休実績あり
■急募
■WEB面接OK
■適性テストなし
■設立 2001年10月
■従業員数 56名","【必須条件】
以下いずれかのご経験をお持ちの方
■電気設備の施工管理経験のある方
※建築・土木工事に関わる施工管理のご経験でも可
■電気工事業の業務経験のある方

【歓迎条件】
■監理技術者証をお持ちの方
■部下マネジメント（3～5名程度）のご経験のある方
■電気工事施工管理技士一級またはこれと同等の資格を有する方

【学歴】
学歴不問","8:00~17:00
休憩1時間","■土日休み
週休2日制（土日祝 ※祝日は当社カレンダーに従う）
年間有給休暇10日～20日（下限日数は、入社半年経過後の付与日数となります）
年間休日日数116日

有給休暇（入社日に5日、6ヶ月経過後に5日付与、最高20日）
GW、夏季、年末年始、慶弔休暇、特別休暇","＜本社＞
愛知県刈谷市今川町花池3-1","【アクセス】
名鉄名古屋本線「富士松駅」

【交通費】
通勤手当を支給します。","【給与】
月給 500,000円〜666,667円
※想定年収をもとにした月額換算です。

【想定年収】
600万円〜800万円

【賃金内訳・給与の補足】
【給与例】
（担当クラス）450万円
（主任クラス）600万円

【賞与】
■昇給：年1回
■賞与：年2回（6月、12月）
前年度実績 平均 3.5ヶ月

【各種手当】
通勤手当：当社規定により支給
家族手当：当社規定により支給（管理職を除く）
社会保険：各種社会保険完備","【福利厚生】
■社宅/家賃補助制度あり
■産休/育休実績あり
■役職手当・資格手当・通勤手当
■健康診断
■社員旅行制度
■資格取得支援及び資格取得褒章制度（会社規定による）
■高級リゾートホテル招待・優待制度
■ピアボーナス制度（FD賞）
■BBQ大会などの社内レクリエーション活動
■教育研修制度
■慶弔見舞金
■結婚/出産祝い金

【手当】
■通勤手当
■家族手当
■住宅手当
■社会保険","【募集背景】
弊社は現在、日本市場においてトップランナー的存在ですが、
""10年後に市場の勝者""となるために海外進出や日本初の特許技術を駆使した戦略を展開しています。
今後更に戦略を進めていくためには市場の変化を見逃さない洞察力、ビジネスに繋げる発想力、そして一歩先をいく行動力が必要です。
そんな力を持った優秀な人財を全国から募っており、会社の拡大や上場に向けて遺憾なく力を発揮していただきたいと考えています。

【雇用形態】
正社員（無期契約）

【選考フロー】
書類選考
↓
一次面接（リモート可）
↓
最終面接
↓
内定

※最終面接のみ来社いただく必要あり。交通費支給はありません。",,交通費支給、社会保険完備、学歴不問、土日祝休み、賞与あり,1,任意,生年月日、性別、電話番号,agent@enroots.co.jp,090-9189-8178,,利用する,,D,
募集中,株式会社FD,施工統括（部長候補／太陽光設備）｜株式会社FD,設備施工管理、電気工事施工管理、工事監督/現場監督,【刈谷市】日本初・特許取得の工法を扱う施工統括の部長候補／完全週休2日制・賞与3.5ヶ月分,,愛知県 刈谷市 今川町,花池3-1,,正社員,はい,月給,500000,666667,範囲で表示,なし,,,,,,,固定時間制,166,,健康保険、厚生年金、雇用保険、労災保険,,あり,6,か月,6ヶ月,,,,,,,,,,,,,,,"盤石な経営基盤×社会貢献で未来を創る！
10年後の市場の勝者を目指し、海外進出・上場を牽引する仲間を募集！

【業務詳細】
■自社・お客様案件の施工管理全般
■新規ビジネス・新スキームに対応した施工の検討・実行
■上場に向けた施工管理体制の強化
■施工対応エリア拡大に向けた取組み
■人材育成・労務管理

【詳細】
1案件の長さ：3ヶ月〜6ヶ月程度
年間1~3件を担当します。
メガソーラー（工場/山）〜商業施設の屋根(GMS/ドラッグストア)まで様々。
各現場の地元工事会社と協力しながら、基本的には事業所内で資材発注などの仕事メイン。
現場調査、工事開始タイミング、顧客打合せ、完工検査のタイミングで、
現地に足を運んで頂き、確認を行って頂きます。","■残業30時間以下
■土日休み
■社宅/家賃補助制度あり
■産休/育休実績あり
■急募
■WEB面接OK
■適性テストなし
■設立 2001年10月
■従業員数 56名","【必須条件】
以下いずれかのご経験をお持ちの方
■電気設備の施工管理経験のある方
※建築・土木工事に関わる施工管理のご経験でも可
■電気工事業の業務経験のある方

【歓迎条件】
監理技術者証をお持ちの方
■部下マネジメント（3～5名程度）のご経験のある方
■電気工事施工管理技士一級またはこれと同等の資格を有する方

【学歴】
学歴不問","8:00~17:00
休憩1時間","■土日休み
週休2日制（土日祝 ※祝日は当社カレンダーに従う）
年間有給休暇10日～20日（下限日数は、入社半年経過後の付与日数となります）
年間休日日数116日

有給休暇（入社日に5日、6ヶ月経過後に5日付与、最高20日）
GW、夏季、年末年始、慶弔休暇、特別休暇","＜本社＞
愛知県刈谷市今川町花池3-1","【アクセス】
名鉄名古屋本線「富士松駅」

【交通費】
通勤手当を支給します。","【給与】
月給 500,000円〜666,667円
※想定年収をもとにした月額換算です。

【想定年収】
600万円〜800万円

【賃金内訳・給与の補足】
【給与例】
（主任クラス）650万円
（課長クラス）800万円
（部長クラス）900万円～

【賞与】
■昇給：年1回
■賞与：年2回（6月、12月）
前年度実績 平均3.5ヶ月

【各種手当】
通勤手当：当社規定により支給
家族手当：当社規定により支給（管理職を除く）
社会保険：各種社会保険完備","【福利厚生】
■社宅/家賃補助制度あり
■産休/育休実績あり
■役職手当・資格手当・通勤手当
■健康診断
■社員旅行制度
■資格取得支援及び資格取得褒章制度（会社規定による）
■高級リゾートホテル招待・優待制度
■ピアボーナス制度（FD賞）
■BBQ大会などの社内レクリエーション活動
■教育研修制度
■慶弔見舞金
■結婚/出産祝い金

【手当】
■通勤手当
■家族手当
■住宅手当
■社会保険","【募集背景】
弊社は現在、日本市場においてトップランナー的存在ですが、
""10年後に市場の勝者""となるために海外進出や日本初の特許技術を駆使した戦略を展開しています。
今後更に戦略を進めていくためには市場の変化を見逃さない洞察力、
ビジネスに繋げる発想力、そして一歩先をいく行動力が必要です。
そんな力を持った優秀な人財を全国から募っており、
会社の拡大や上場に向けて遺憾なく力を発揮していただきたいと考えています。

【雇用形態】
正社員（無期契約）

【選考フロー】
書類選考
↓
一次面接（リモート可）
↓
最終面接
↓
内定

※最終面接のみ来社いただく必要あり。交通費支給はありません。",,交通費支給、社会保険完備、学歴不問、土日祝休み、賞与あり,1,任意,生年月日、性別、電話番号,agent@enroots.co.jp,090-9189-8178,,利用する,,D,
募集中,株式会社FD,法人営業（太陽光発電）｜株式会社FD,法人営業、個人営業、企画営業,【刈谷市】太陽光発電のSDGs戦略パートナーとして法人営業／完全週休2日制,,愛知県 刈谷市 今川町,花池3-1,,正社員,はい,月給,416667,583333,範囲で表示,なし,,,,,,,固定時間制,166,,健康保険、厚生年金、雇用保険、労災保険,,あり,6,か月,6ヶ月,,,,,,,,,,,,,,,"盤石な経営基盤×社会貢献で未来を創る！
10年後の市場の勝者を目指し、海外進出・上場を牽引する仲間を募集！

【仕事内容】
■法人営業
■銀行や投資家への営業
■新たな領域への新規営業
ミッションの異なる営業チームから適正の部門で力を発揮していただきたいと考えています。
異業種出身者も多いため常識にとらわれない柔軟な発想を期待しています。

【業務詳細】
■新規クライアントの開拓
■クライアントの課題やニーズの把握、その課題解決方法の提案、効果分析
■社内プロジェクトマネジメント
■コンペ資料作成・プレゼンテーション
■ビジネスプランの提案
■部下の育成管理、マネジメント
■営業戦術策定、予算管理","■土日休み
■急募
■WEB面接OK
■適性テストなし
■設立 2001年10月
■従業員数 56名","【必須条件】
■普通自動車免許
■3年以上の営業経験

【歓迎条件】
■電気設備またはそれに類する設備工事業界での経験
■１→１０フェーズの企業での経験

【学歴】
高卒以上","8:00~17:00
休憩1時間","■土日休み
完全週休2日制（土日祝 ※祝日は当社カレンダーに従う）
年間有給休暇10日～20日（下限日数は、入社半年経過後の付与日数となります）
年間休日日数116日

有給休暇（入社日に5日、6ヶ月経過後に5日付与、最高20日）
GW、夏季、年末年始、慶弔休暇、特別休暇","＜本社＞
愛知県刈谷市今川町花池3-1","【アクセス】
名鉄名古屋本線「富士松駅」

【交通費】
通勤手当を支給します。","【給与】
月給 416,667円〜583,333円
※想定年収をもとにした月額換算です。

【想定年収】
500万円〜700万円

【賃金内訳・給与の補足】
【給与例】

【賞与】
■昇給：年1回
■賞与：年2回（6月、12月）
前年度実績 平均 3.5ヶ月

【各種手当】
通勤手当：当社規定により支給
家族手当：当社規定により支給（管理職を除く）
社会保険：各種社会保険完備","■役職手当・資格手当・通勤手当
■健康診断
■社員旅行制度
■資格取得支援及び資格取得褒章制度（会社規定による）
■高級リゾートホテル招待・優待制度
■ピアボーナス制度（FD賞）
■BBQ大会などの社内レクリエーション活動
■教育研修制度
■慶弔見舞金
■結婚/出産祝い金

【手当】
■通勤手当
■家族手当
■住宅手当
■社会保険","【募集背景】
当社は、平成13年に設立した小規模から大規模までの太陽光発電所の設計・施工を中心とした会社です。
お客様案件だけでなく、自社案件の開発・施工にも力を入れており、現在、自社発電所を50箇所以上所有しております。
発電した電力の買取価格は20年間固定されており、安定した収入が見込まれます。

そういった状況からここ5年で売上が10倍以上に伸びており日本市場においてトップランナー的存在となっておりますが、
現状に満足せず１０年後も市場の勝者として立場を確立するため、今後は海外での発電システム提供や特許取得している日本初の技術で事業拡大し上場も計画中です。

今回募集している営業部署においては、本年より組織編成をおこない、
営業部署の中でミッションを細分化しより多くの利益を生み出す体制となりました。

【雇用形態】
正社員（無期契約）

【選考フロー】
書類選考
↓
一次面接（リモート可）
↓
最終面接

＊最終面接のみ来社いただく必要あり。交通費支給はありません。",,交通費支給、社会保険完備、土日祝休み、賞与あり,1,任意,生年月日、性別、電話番号,agent@enroots.co.jp,090-9189-8178,,利用する,,D,
募集中,株式会社大地コンサルタント,土木測量設計（技術士／設計マネジメント）｜株式会社大地コンサルタント,土木設計、測量/調査、建設コンサルタント,【豊橋市】技術士として上流から下流まで一貫して担う土木測量設計／測量から設計まで自社完結・土日祝休み,440-0026,愛知県 豊橋市 多米西町,一丁目5番地5,,正社員,はい,月給,450000,600000,範囲で表示,なし,,,,,,,固定時間制,159,,健康保険、厚生年金、雇用保険、労災保険,,あり,3,か月,"3ヶ月
期間中同条件",,,,,,,,,,,,,,,"「測量から設計まで、自社完結。」
調整という雑務から解き放たれ、技術士としての真価を問うマネジメントへ。

■ 大地コンサルタントの魅力
多角的な測量基盤
基準点から深浅測量まで一貫して社内で揃う環境。
技術士として、根拠となるデータの精度から深く関与できます。

最新鋭ICT・三次元技術
ドローンやレーザースキャナーを完備。
最高峰の技術を使いこなし、次世代の設計指針を示すことが可能です。

技術士という最高位の資格を持つあなたには、当社の「技術的支柱」としての活躍を期待しています。
単なる業務遂行ではなく、自然環境と調和した安全な社会資本整備のため、
高度な技術判断と品質の担保を担っていただきます。

■ 業務内容
経験や保有科目に合わせ、
高度な技術的判断が求められる監理・照査業務を統括いただきます。
■技術的最高位としての設計監理・照査
最適な工法の選定、設計図書の最終チェック（照査）、技術提案の作成。
■高精度計測の技術監理
三次元点群データを用いた解析結果の妥当性評価、ICT施工における技術指導。
■技術伝承と品質管理
■ 職場環境・サポート
〈使用ツール〉ドローン（UAV）、三次元レーザースキャナー、3D点群処理ソフト、三次元設計データ作成ソフト
〈制服〉制服支給あり
〈移動〉業務上で社用車の使用あり
〈魅力〉測量から設計までの一貫体制により、自分の携わったデータが形になる手応えを実感できる環境

■ 技術向上全力応援
①資格取得費用の全額補助
会社が認めた資格取得に関わる費用は、会社が全額補助いたします
②資格合格時の特別賞与支給！
③専門学校への就学支援！
本人の希望により、資格取得のために専門学校へ就学することが可能です
④奨学金返還支援制度
豊橋市奨学金返還支援補助金により、奨学金の返還をサポートいたします

■ 応募者様へメッセージ
技術士という難関資格を手にし、
これまで数々の現場を支えてこられたあなたの経験を、私たちは高く評価します。

「より精度の高いデータに基づいた設計がしたい」
「培った技術を次世代に繋げたい」
そんな想いを持つ方に最適なフィールドです。
即戦力として、そしてチームの核として、共に歩んでいける日を楽しみにしております。

変更なし","■土日休み
■残業10時間以下
■面接1回で終了
■設立 1990
■従業員数 51名","【必須条件】
■技術士資格（建設部門：道路、河川・砂防、鋼構造等）の保有
■建設コンサルタント等における公共測量・土木設計の実務経験
■普通自動車運転免許（AT限定可）
■Word、Excelによる報告書作成・計算処理の基本操作スキル
■CADソフトを用いた設計図面作成およびデータ解析の実務能力

【歓迎条件】
■道路、河川・砂防、上下水道等における詳細設計および工法選定の深い知見
■官公庁発注業務における管理技術者、または照査技術者としての実務実績
■ドローンや地上レーザースキャナーを用いた三次元計測・解析の経験
■ICT施工支援（三次元設計データ作成・出来形管理指導）に関する実務経験
■補償業務管理士の資格、または工損調査における技術的判断の経験
■発注者（官公庁等）との円滑な協議・折衝および資料作成能力

【学歴】
学歴不問","8時30分〜17時30分
休憩：60分","■土日休み
■年間休日：127日
■完全週休二日制
■夏季休暇：8/11〜8/15
■年末年始休暇：12/30〜1/4
■6ヶ月経過後の年次有給休暇日数：10日","＜本社＞
愛知県豊橋市多米西町一丁目5番地5","【アクセス】
豊橋鉄道市内線「赤岩口駅」より徒歩

【通勤方法】
マイカー通勤可

【交通費】
通勤手当を支給します。","【給与】
月給 450,000円〜600,000円

【想定年収】
600万円〜800万円

【賃金内訳・給与の補足】
昇給：月あたり10,000円〜15,000円（前年度実績）

【賞与】
年3回：4.50ヶ月（前年度実績）

【各種手当】
■家族手当：5,000円〜
■職能手当：5,000円〜
■資格手当：2,000円〜
■通勤手当：実費支給（上限15,000円）","■各種保険（雇用・労災・健康・厚生年金）
■退職金共済加入
■退職金制度（勤続１年以上）
■資格取得費用全額補助（会社認定資格）
■専門学校への就学支援（本人希望）
■豊橋市奨学金返還支援補助金による返還支援
■社員旅行（5月）/泊まり忘年会（12月）

【手当】
■家族手当
■職能手当
■資格手当
■通勤手当","【雇用形態】
正社員（無期契約）

【選考フロー】
面接予定1回

【就業場所における受動喫煙防止措置】
屋内禁煙",,交通費支給、社会保険完備、学歴不問、マイカー通勤OK、土日祝休み、賞与あり,2,任意,生年月日、性別、電話番号,agent@enroots.co.jp,090-9189-8178,,利用する,,D,
募集中,株式会社大地コンサルタント,土木測量設計（技術士／監理・照査・後進育成）｜株式会社大地コンサルタント,土木設計、測量/調査、建設コンサルタント,【豊橋市】技術士として監理・照査と技術の継承を担う／現場調整ではなく設計品質を支える役割です。土日祝休み,440-0026,愛知県 豊橋市 多米西町,一丁目5番地5,,正社員,はい,月給,450000,600000,範囲で表示,なし,,,,,,,固定時間制,159,,健康保険、厚生年金、雇用保険、労災保険,,あり,3,か月,"3ヶ月
期間中同条件",,,,,,,,,,,,,,,"「生涯現役。その熟練の知見を、次世代の指針に。」
現場の第一線から、技術の「質」を支える監理・指導の役割へ。

■ 大地コンサルタントの魅力
「測量から一貫」が生む、精度の高い仕事
基準点から深浅測量まで、すべての根拠データが自社で揃う環境です。
外注調整に奔走することなく、技術士として「データの真実味」に向き合い、
正しい判断を下すことに集中できます。

最新技術との融合で広がる可能性
ドローンやレーザースキャナー、3D解析などの最新ICTを積極的に導入しています。
培ってきた「工学的な勘」と「最新技術」を掛け合わせ、
より安全で高度な設計指針を示していただけるフィールドです。

■ 業務内容
高度な判断が求められる「監理・照査」を中心に担っていただきます。
■技術的最高位としての設計監理・照査
工法の妥当性検討、設計図書の最終チェック、および技術提案の作成。
■三次元計測の技術監理
ICTを用いた計測データの解析結果に対する評価や、技術的な指導。
■知見の継承と品質管理
■ 職場環境・サポート
■身体的負担の軽減：監理・照査が主軸のため、無理のないペースで技術を発揮いただけます。
■使用ツール：ドローン（UAV）、三次元レーザースキャナー、3D点群処理ソフト等。
■設備・備品：制服支給あり。業務での移動は社用車を使用します。
■やりがい：測量から設計まで社内で完結するため、自分の判断が形になる手応えをダイレクトに実感できます。
■ 技術と挑戦を支える制度
長年培った技術をさらに磨きたい、あるいは後進のために学びを深めたい方を応援します。
①資格取得費用の全額補助：新たな資格への挑戦を会社が全額バックアップ。
③専門学校への就学支援：本人の希望により、更なる専門性向上のための通学も可能です。
④奨学金返還支援制度：※豊橋市奨学金返還支援補助金によるサポート
（ご家族の支援等にも活用いただけます）。

■ 応募者様へ
技術士として歩んでこられたこれまでの道のりは、何物にも代えがたい財産です。
「定年を機に、現場の慌ただしさからは一歩引きたい。けれど、積み上げた知見は社会に還元し続けたい」

セカンドキャリアの舞台として、あなたの「技術の集大成」をぜひ当社で発揮してください。

変更なし","■残業10時間以下
■土日休み
■面接1回で終了
■設立 1990
■従業員数 51名","【必須条件】
■技術士資格（建設部門：道路、河川・砂防、鋼構造等）の保有
■建設コンサルタント等における公共測量・土木設計の実務経験
■普通自動車運転免許（AT限定可）
■Word、Excelによる報告書作成・計算処理の基本操作スキル
■CADソフトを用いた設計図面作成およびデータ解析の実務能力

【歓迎条件】
■道路、河川・砂防、上下水道等における詳細設計および工法選定の深い知見
■官公庁発注業務における管理技術者、または照査技術者としての実務実績
■ドローンや地上レーザースキャナーを用いた三次元計測・解析の経験
■ICT施工支援（三次元設計データ作成・出来形管理指導）に関する実務経験
■補償業務管理士の資格、または工損調査における技術的判断の経験
■発注者（官公庁等）との円滑な協議・折衝および資料作成能力

【学歴】
学歴不問","8時30分〜17時30分
休憩：60分","■土日休み
■年間休日：127日
■完全週休二日制
■夏季休暇：8/11〜8/15
■年末年始休暇：12/30〜1/4
■6ヶ月経過後の年次有給休暇日数：10日","＜本社＞
愛知県豊橋市多米西町一丁目5番地5","【アクセス】
豊橋鉄道市内線「赤岩口駅」より徒歩

【通勤方法】
マイカー通勤可

【交通費】
通勤手当を支給します。","【給与】
月給 450,000円〜600,000円

【想定年収】
600万円〜800万円

【賃金内訳・給与の補足】
昇給：月あたり10,000円〜15,000円（前年度実績）

【賞与】
年3回：4.50ヶ月（前年度実績）

【各種手当】
■家族手当：5,000円〜
■職能手当：5,000円〜
■資格手当：2,000円〜
■通勤手当：実費支給（上限15,000円）","■各種保険（雇用・労災・健康・厚生年金）
■退職金共済加入
■退職金制度（勤続１年以上）
■資格取得費用全額補助（会社認定資格）
■専門学校への就学支援（本人希望）
■豊橋市奨学金返還支援補助金による返還支援
■社員旅行（5月）/泊まり忘年会（12月）

【手当】
■家族手当
■職能手当
■資格手当
■通勤手当","【雇用形態】
正社員（無期契約）

【選考フロー】
面接予定1回

【就業場所における受動喫煙防止措置】
屋内禁煙",,交通費支給、社会保険完備、学歴不問、マイカー通勤OK、土日祝休み、賞与あり,2,任意,生年月日、性別、電話番号,agent@enroots.co.jp,090-9189-8178,,利用する,,D,
募集中,株式会社大地コンサルタント,土木測量設計（RCCM／管理技術者）｜株式会社大地コンサルタント,土木設計、測量/調査、建設コンサルタント,【豊橋市】RCCM保有者を管理技術者として募集／測量データから自社で取得。土日祝休み・資格取得支援あり,440-0026,愛知県 豊橋市 多米西町,一丁目5番地5,,正社員,はい,月給,416667,583333,範囲で表示,なし,,,,,,,固定時間制,159,,健康保険、厚生年金、雇用保険、労災保険,,あり,3,か月,"3ヶ月
期間中同条件",,,,,,,,,,,,,,,"「測量から設計まで、自社完結。」
調整に追われる日々から、技術をリードする本来のマネジメントへ

■ 大地コンサルタントの魅力
ワンストップの機動力
測量から設計、調査まで社内で完結。管理技術者として、各部署との連携がスムーズで、
スピード感を持ってプロジェクトを回せます。

ICT施工の実践フィールド
ドローン測量から3D設計データ作成まで、
最新のICT環境が整っており、最前線の実務スキルを磨き続けられます。

RCCMのあなたには、プロジェクトの「顔」として現場と発注者を繋ぐリーダーシップを期待しています。
培ってきた実務経験を武器に、当社の多角的な技術力を結集させ、
地域の課題を解決に導いてください。

■ 業務内容
各プロジェクトの管理技術者として、
工程・品質の管理および発注者との協議をメインに担当いただきます。
■プロジェクト管理（管理技術者）
道路、河川等の設計における工程管理、コスト管理、および品質の取りまとめ。
■発注者・関連各所との協議
官公庁等との密な打ち合わせ、地権者や関連機関との折衝および合意形成。
■ICT実務のリード
自社測量部と連携した3D設計データの作成、および現場でのICT施工支援。

■ 職場環境・サポート
〈使用ツール〉ドローン（UAV）、三次元レーザースキャナー、3D点群処理ソフト、三次元設計データ作成ソフト
〈制服〉制服支給あり
〈移動〉業務上で社用車の使用あり
〈魅力〉測量から設計までの一貫体制により、自分の携わったデータが形になる手応えを実感できる環境

■ 技術向上全力応援
①資格取得費用の全額補助！
会社が認めた資格取得に関わる費用は、会社が全額補助いたします
②資格合格時の特別賞与支給！
③専門学校への就学支援！
本人の希望により、資格取得のために専門学校へ就学することが可能です
④奨学金返還支援制度
豊橋市奨学金返還支援補助金により、奨学金の返還をサポートいたします

■ 応募者様へメッセージ
RCCMとして現場の第一線でプロジェクトを完遂させてきた、
あなたの確かな実務能力を高く評価します。

測量から設計まで社内で完結するワンストップな環境と最新のICT技術を武器に、
即戦力のリーダーとして活躍してみませんか？
地域の未来を技術で支えるやりがいを、ぜひ当社で共に分かち合いましょう！","■残業10時間以下
■その他
■産休/育休実績あり
■設立 1990
■従業員数 51名","【必須条件】
■ワード、エクセルの操作が出来る事
■普通自動車運転免許
■RCCMをお持ちの方

【学歴】
学歴不問","8時30分〜17時30分
休憩：60分","■その他
■年間休日：127日
■完全週休二日制
■夏季休暇：8/11〜8/15
■年末年始休暇：12/30〜1/4
■6ヶ月経過後の年次有給休暇日数：10日","＜本社＞
愛知県豊橋市多米西町一丁目5番地5","【アクセス】
豊橋鉄道市内線「赤岩口駅」より徒歩

【通勤方法】
マイカー通勤可

【交通費】
通勤手当を支給します。","【給与】
月給 416,667円〜583,333円
※想定年収をもとにした月額換算です。

【想定年収】
500万円〜700万円

【賃金内訳・給与の補足】
昇給：月あたり10,000円〜15,000円（前年度実績）

【賞与】
年3回：4.50ヶ月（前年度実績）","【福利厚生】
■産休/育休実績あり
■各種保険（雇用・労災・健康・厚生年金）
■退職金共済加入
■退職金制度（勤続１年以上）
■資格取得費用全額補助（会社認定資格）
■専門学校への就学支援（本人希望）
■豊橋市奨学金返還支援補助金による返還支援
■社員旅行（5月）/泊まり忘年会（12月）","【雇用形態】
正社員（無期契約）

【選考フロー】
面接予定1回",,交通費支給、社会保険完備、学歴不問、マイカー通勤OK、賞与あり,2,任意,生年月日、性別、電話番号,agent@enroots.co.jp,090-9189-8178,,利用する,,D,
募集中,株式会社大地コンサルタント,土木測量設計（RCCM／ICT測量・3D設計）｜株式会社大地コンサルタント,土木設計、測量/調査、建設コンサルタント,【豊橋市】RCCM保有者の募集／ドローン測量から3D設計データ作成まで内製化した職場です。土日祝休み,440-0026,愛知県 豊橋市 多米西町,一丁目5番地5,,正社員,はい,月給,416667,583333,範囲で表示,なし,,,,,,,固定時間制,159,,健康保険、厚生年金、雇用保険、労災保険,,あり,3,か月,"3ヶ月
期間中同条件",,,,,,,,,,,,,,,"「測量から設計まで、自社完結。」
現場を奔走する日々から、知見を注ぎ込む本来のマネジメントへ

■ 大地コンサルタントの魅力
培った経験を活かせる「内製化」の強み
測量から設計、調査まで自社で一貫して行っています。
管理技術者として、他部署への指示出しや連携がスムーズ。
調整のストレスが少なく、培ってきた技術力を存分に発揮できる環境です。

生涯現役を支える「最新ICT」
ドローン測量や3D設計など、最新のICT環境を完備しています。
肉体的な負担を抑えつつ、質の高い実務を継続いただけます。

RCCMの資格をお持ちのあなたには、
プロジェクトの「重鎮」として、現場と発注者を結ぶ架け橋を期待しています。
長年の実務で磨いた知見を、地域の課題解決と後進の育成にぜひ貸してください。

■ 業務内容
各プロジェクトの管理技術者として、工程・品質の管理、および発注者協議を主導いただきます。
■プロジェクト管理（管理技術者）
道路、河川等の設計における工程・コスト・品質の総括管理。
■発注者・関連各所との協議
官公庁との打ち合わせ、地権者や関連機関との高度な折衝・合意形成。
■ICT実務のリード
自社測量部と連携した3D設計データの監理、および現場でのICT施工支援の統括。

■ 職場環境・サポート
■使用ツール：ドローン（UAV）、三次元レーザースキャナー、3D点群処理ソフト、三次元設計データ作成ソフト
■制服：制服支給あり
■移動：業務上で社用車（AT車等）の使用あり
■魅力：分業制ではなく「一貫体制」のため、自分の差配が直接成果に繋がる、
確かな手応えを感じていただけます。

■ 技術向上・再教育への支援
①資格取得費用の全額補助
さらなる上位資格への挑戦など、意欲ある方の費用は会社が全額負担します。
②資格合格時の特別賞与
③専門学校への就学支援
最新技術を学び直したい方のための専門学校通学もサポートします。
④奨学金返還支援制度（豊橋市）
※ご家族やご本人の状況に合わせ、制度の利用が可能です。

■ 応募者様へメッセージ
RCCMとして数々の現場を完遂させてきた、
あなたの「確かな歩み」を私たちは何より高く評価いたします。

定年後を見据えた働き方や、技術の集大成としての挑戦を、当社は全面的に歓迎します。
自社完結の機動力と最新技術が揃うこの場所で、
もう一度リーダーとして、地域の未来を形にする喜びを分かち合いませんか？","■残業10時間以下
■土日休み
■設立 1990
■従業員数 51名","【必須条件】
■ワード、エクセルの操作が出来る事
■普通自動車運転免許
■RCCMをお持ちの方

【学歴】
学歴不問","8時30分〜17時30分
休憩：60分","■土日休み
■年間休日：127日
■完全週休二日制
■夏季休暇：8/11〜8/15
■年末年始休暇：12/30〜1/4
■6ヶ月経過後の年次有給休暇日数：10日","＜本社＞
愛知県豊橋市多米西町一丁目5番地5","【アクセス】
豊橋鉄道市内線「赤岩口駅」より徒歩

【通勤方法】
マイカー通勤可

【交通費】
通勤手当を支給します。","【給与】
月給 416,667円〜583,333円
※想定年収をもとにした月額換算です。

【想定年収】
500万円〜700万円

【賃金内訳・給与の補足】
昇給：月あたり10,000円〜15,000円（前年度実績）

【賞与】
年3回：4.50ヶ月（前年度実績）

【各種手当】
■家族手当：5,000円〜
■職能手当：5,000円〜
■資格手当：2,000円〜
■通勤手当：実費支給（上限15,000円）","■各種保険（雇用・労災・健康・厚生年金）
■退職金共済加入
■退職金制度（勤続１年以上）
■資格取得費用全額補助（会社認定資格）
■専門学校への就学支援（本人希望）
■豊橋市奨学金返還支援補助金による返還支援
■社員旅行（5月）/泊まり忘年会（12月）

【手当】
■家族手当
■職能手当
■資格手当
■通勤手当","【雇用形態】
正社員（無期契約）

【選考フロー】
面接予定1回

【就業場所における受動喫煙防止措置】
屋内禁煙",,交通費支給、社会保険完備、学歴不問、マイカー通勤OK、土日祝休み、賞与あり,2,任意,生年月日、性別、電話番号,agent@enroots.co.jp,090-9189-8178,,利用する,,D,
募集中,株式会社大地コンサルタント,土木測量設計（未経験から／資格取得支援）｜株式会社大地コンサルタント,土木設計、測量/調査、建設コンサルタント,【豊橋市】未経験から土木測量設計のプロへ／最新ドローンと3D解析を扱える環境。土日祝休み・資格取得支援あり,440-0026,愛知県 豊橋市 多米西町,一丁目5番地5,,正社員,はい,月給,375000,500000,範囲で表示,なし,,,,,,,固定時間制,159,,健康保険、厚生年金、雇用保険、労災保険,,あり,3,か月,"3ヶ月
期間中同条件",,,,,,,,,,,,,,,"「一生モノの技術を、最新のテクノロジーで。」
未経験から、社会を支えるプロへ。大地コンサルタントで「次世代の技術者」を目指しませんか？

■ 大地コンサルタントの魅力
「全部自社」だから、成長が早い
測量（測る）から設計（図面を作る）まで、すべて社内で行っています。
「自分が測った場所が、どうやって道路や橋になるのか」を目の前で見ることができるため、
未経験からでも仕事の流れが驚くほどスムーズに理解できます。

最新ガジェットを使いこなす楽しさ
ドローンや最新のレーザースキャナーなど、最先端のICT（情報通信技術）を積極的に導入しています。
「測量＝重い機材を持って歩く」というイメージはもう古いかもしれません。
最新技術を駆使して、スマートに、かっこよく働くのが今のスタイルです。

「難しそう……」と思うかもしれませんが、
今活躍している先輩たちも、最初はみんな知識ゼロからのスタートでした。
まずは機材の名前を覚えるところから、ゆっくり始めていきましょう。

■ 業務内容
まずは先輩のサポートからスタートし、少しずつ専門的なスキルを身につけていただきます。
■フィールドワーク（計測のサポート）
ドローンやレーザースキャナーを使って、現場の地形を3Dデータとして取り込むお手伝いをします。
■3Dデータの作成・解析
パソコンを使って、現場で撮ったデータをきれいな3D図面に仕上げていきます。
ゲーム感覚に近い操作もあり、慣れると楽しい作業です。
■設計図の作成補助
「ここに道路を通すにはどうすればいいか？」という設計のプロセスを、先輩と一緒に学んでいきます。

■ 職場環境・サポート
■最新ツールが相棒：ドローン（UAV）や最新の3Dソフトを完備。
■身軽にスタート：制服はすべて支給。社用車で現場へ向かいます。
■確かな手応え：自分が携わったデータが実際の建物や道路になる、達成感の大きな仕事です。
■ あなたの「学びたい」を全力応援
未経験からでも「プロ」になれるよう、手厚い支援制度を整えています。
①資格取得を全額キャッシュバック
仕事に必要な資格の受験料などは、会社がすべて負担します。
②合格したらボーナス支給！
資格を取れば取るほど、あなたのスキルも給料もアップ。
③専門学校に通う道も！
「もっと深く学びたい」という意欲があれば、専門学校への就学もサポートします。
④奨学金の返還をサポート
豊橋市の補助金制度を活用し、あなたの奨学金返済を会社がバックアップ。
生活の不安を減らして、仕事に集中できる環境です。

■ 応募者様へメッセージ
「今の自分には、まだ特別なスキルはないけれど、誰かに誇れる仕事がしたい」

私たちが求めているのは、今の実力ではなく、これからの可能性です。
大地コンサルタントには、未経験からでも「技術のプロ」として自立できる環境と、

測量や設計は、この先もなくならない、社会に必要とされ続ける仕事です。
ここで手に入れた技術は、あなたのこれからの人生を守る大きな武器になるはずです。
少しでも興味を持っていただけたら、ぜひ一度お話ししませんか？
あなたと一緒に働けるのを楽しみにしています！","■残業10時間以下
■土日休み
■設立 1990
■従業員数 51名","【必須条件】
■ワード、エクセルの操作が出来る事
■普通自動車運転免許

【学歴】
学歴不問","8時30分〜17時30分
休憩：60分","■土日休み
■年間休日：127日
■完全週休二日制
■夏季休暇：8/11〜8/15
■年末年始休暇：12/30〜1/4
■6ヶ月経過後の年次有給休暇日数：10日","＜本社＞
愛知県豊橋市多米西町一丁目5番地5","【アクセス】
豊橋鉄道市内線「赤岩口駅」より徒歩

【通勤方法】
マイカー通勤可

【交通費】
通勤手当を支給します。","【給与】
月給 375,000円〜500,000円
※想定年収をもとにした月額換算です。

【想定年収】
450万円〜600万円

【賃金内訳・給与の補足】
昇給：月あたり10,000円〜15,000円（前年度実績）

【賞与】
年3回：4.50ヶ月（前年度実績）

【各種手当】
■家族手当：5,000円〜
■職能手当：5,000円〜
■資格手当：2,000円〜
■通勤手当：実費支給（上限15,000円）","■各種保険（雇用・労災・健康・厚生年金）
■退職金共済加入
■退職金制度（勤続１年以上）
■資格取得費用全額補助（会社認定資格）
■専門学校への就学支援（本人希望）
■豊橋市奨学金返還支援補助金による返還支援
■社員旅行（5月）/泊まり忘年会（12月）

【手当】
■家族手当
■職能手当
■資格手当
■通勤手当","【雇用形態】
正社員（無期契約）

【選考フロー】
面接予定1回

【就業場所における受動喫煙防止措置】
屋内禁煙",,交通費支給、社会保険完備、学歴不問、マイカー通勤OK、土日祝休み、賞与あり、未経験歓迎,2,任意,生年月日、性別、電話番号,agent@enroots.co.jp,090-9189-8178,,利用する,,D,
募集中,株式会社大地コンサルタント,土木測量設計（資格不問／設計経験1年以上）｜株式会社大地コンサルタント,土木設計、測量/調査、建設コンサルタント,【豊橋市】資格は問いません。土木設計の経験1年以上で応募できます／自社完結のワンストップ体制。土日祝休み,440-0026,愛知県 豊橋市 多米西町,一丁目5番地5,,正社員,はい,月給,375000,500000,範囲で表示,なし,,,,,,,固定時間制,159,,健康保険、厚生年金、雇用保険、労災保険,,あり,3,か月,"3ヶ月
期間中同条件",,,,,,,,,,,,,,,"「測量から設計まで、自社完結。」
【土木設計の経験1年以上、資格は問いません】
調整に追われる日々から、技術をリードする本来のマネジメントへ。

■ 大地コンサルタントの魅力
「無資格」でも、あなたの経験を正当に評価
道路や河川などの設計実務を1年以上お持ちであれば、資格の有無は問いません。
これまで培った「図面を描く力」「設計の考え方」を、当社のプロジェクトで存分に発揮してください。

ICT施工の最前線でスキルアップ
ドローン測量から3D設計データ作成まで、最新のICT環境を完備。
従来の設計業務にとどまらず、最先端の技術を使いこなす「次世代の技術者」へと進化できるフィールドです。

資格取得は入社後で構いません。
当社の多角的な技術力を結集させ、地域の課題を解決に導くリーダーを目指してください。

■ 業務内容
これまでの設計経験を活かし、各プロジェクトの管理補助や協議のメイン担当として活躍いただきます。
■プロジェクト管理（管理技術者候補）
道路、河川等の設計における工程管理、コスト管理、および品質の取りまとめ。
■発注者・関連各所との協議
官公庁等との打ち合わせ、地権者や関連機関との折衝および合意形成。
■ICT実務のリード
自社測量部と連携した3D設計データの作成、および現場でのICT施工支援。

■ 職場環境・サポート
〈最新ツールを完備〉
ドローン（UAV）、三次元レーザースキャナー、3D点群処理ソフト、三次元設計データ作成ソフト。
〈制服・移動〉
制服支給あり。業務では社用車を使用します。
〈一貫体制の強み〉
測量から設計まで社内で完結するため、
自分の作成したデータが形になる手応えをダイレクトに実感できます。

■ 「無資格」からの逆転を全力応援！
① 資格取得費用の全額補助！
土木施工管理技士や測量士、RCCMなど、会社が認めた資格の取得費用は全額補助します。
資格取得後は「特別賞与」を支給。
無資格から「有資格のリーダー」へ、目に見える形でステップアップを応援します。
③ 専門学校への就学支援！
独学が不安な方は、資格取得のために専門学校へ通うことも可能です。
④ 奨学金返還支援制度
豊橋市の制度を活用し、あなたの奨学金返還を会社がしっかりサポートします。

■ 応募者様へメッセージ
「設計の経験はあるけれど、資格がないから責任ある立場を任せてもらえない」
そんな悩みをお持ちではありませんか？

当社は、あなたの「1年以上の実務経験」という確かな土台を高く評価します。
資格は後からついてくるものです。
まずは当社のワンストップな環境と最新技術を武器に、即戦力として活躍してみませんか？

地域の未来を技術で支えるやりがいを、ぜひ当社で共に分かち合いましょう！","■残業10時間以下
■土日休み
■設立 1990
■従業員数 51名","【必須条件】
■土木設計の業務経験（1年以上）
■ワード、エクセルの操作が出来る事
■普通自動車運転免許

【学歴】
学歴不問","8時30分〜17時30分
休憩：60分","■土日休み
■年間休日：127日
■完全週休二日制
■夏季休暇：8/11〜8/15
■年末年始休暇：12/30〜1/4
■6ヶ月経過後の年次有給休暇日数：10日","＜本社＞
愛知県豊橋市多米西町一丁目5番地5","【アクセス】
豊橋鉄道市内線「赤岩口駅」より徒歩

【通勤方法】
マイカー通勤可

【交通費】
通勤手当を支給します。","【給与】
月給 375,000円〜500,000円
※想定年収をもとにした月額換算です。

【想定年収】
450万円〜600万円

【賃金内訳・給与の補足】
昇給：月あたり10,000円〜15,000円（前年度実績）

【賞与】
年3回：4.50ヶ月（前年度実績）

【各種手当】
■家族手当：5,000円〜
■職能手当：5,000円〜
■資格手当：2,000円〜
■通勤手当：実費支給（上限15,000円）","■各種保険（雇用・労災・健康・厚生年金）
■退職金共済加入
■退職金制度（勤続１年以上）
■資格取得費用全額補助（会社認定資格）
■専門学校への就学支援（本人希望）
■豊橋市奨学金返還支援補助金による返還支援
■社員旅行（5月）/泊まり忘年会（12月）

【手当】
■家族手当
■職能手当
■資格手当
■通勤手当","【雇用形態】
正社員（無期契約）

【選考フロー】
面接予定1回

【就業場所における受動喫煙防止措置】
屋内禁煙",,交通費支給、社会保険完備、学歴不問、マイカー通勤OK、土日祝休み、賞与あり,2,任意,生年月日、性別、電話番号,agent@enroots.co.jp,090-9189-8178,,利用する,,D,
募集中,愛知ベース工業株式会社,土木施工管理（地盤改良工事／2級土木施工管理技士）｜愛知ベース工業株式会社,土木施工管理、工事監督/現場監督、建設・土木エンジニア,【岡崎市】地盤改良工事の土木施工管理／不動テトラグループの安定基盤。年間休日125日・完全週休2日制（土日祝）,,愛知県 岡崎市 藤川町,字北荒古15-1,,正社員,はい,月給,400000,530000,範囲で表示,なし,,,,,,,固定時間制,160,,健康保険、厚生年金、雇用保険、労災保険,,あり,3,か月,3ヶ月,,,,,,,,,,,,,,,"「2級土木の資格を活かして、地元に戻る。」あなたの経験が、この街の未来の土台になる。

当社では、現在『2級土木施工管理技士をお持ちのUターン希望者』を大歓迎しています！
お任せするのは、すべての建物の基盤となる「地盤改良工事」の施工管理。

派手さはなくても、街の安全を文字通り「足元から支える」なくてはならない重要インフラのお仕事です。
あなたが培ってきた施工管理の実務経験と資格を活かし、今度は慣れ親しんだ地元の未来を創る側に回ってみませんか？
「資格はあるけど、今の環境では残業が多い…」
「住み慣れた街で腰を据えたい」という方を、私たちは全力で応援します！

【仕事内容】
建造物の土台となる、地盤改良工事における施工管理業務（現場監督）全般をお任せします‍
■工程管理：工期通りに工事が進むよう、スケジュールを調整・管理
■品質管理：仕様書や基準に合わせ、適切な地盤改良が行われているかチェック
■安全管理：現場の危険箇所をなくし、作業員が安全に働ける環境を徹底
■原価管理：予算内に収まるよう、資材や人件費などのコストを管理
■書類作成：工事計画書、工事報告書、写真管理など
■打ち合わせ：元請け業者や、協力会社の職人さんとの現場調整

＜ 地盤改良工事の特徴＞
他の大型土木工事に比べ、『工期が数日〜数週間程度と短い現場が多い』のが特徴です。
そのため、スケジュールが見通しやすく、残業の削減や計画的な休みが取りやすいメリットがあります

【休日・休暇】
＼業界トップクラス！年間休日125日＆完全週休2日制 ／
「土木業界は休みが少ない…」そんなイメージを180度覆します！
仕事もプライベートも、どちらも妥協しない働き方が可能です
■年間休日125日（※当社カレンダーによる）
■完全週休2日制（土・日）＋ 祝日休み
■長期休暇もしっかり満喫！
■年末年始休暇（約7日間）
■GW休暇（約7日間）
■夏季休暇（約7日間）
■有給休暇（有給奨励日ありで取得しやすい環境です）
■慶弔休暇
■産前・産後休暇 ／ 育児休暇（取得実績あり）

＜ ここがポイント！＞
Uターンして家族との時間が増えるだけでなく、
旅行や趣味など「自分の時間」もしっかりリフレッシュできる休日数です。
オンとオフのメリハリを大切にしたい方にぴったりの環境ですよ！

【今後の成長】
＼大手グループの安定基盤×さらなる成長へ！／
当社は、地盤改良のリーディングカンパニーである「不動テトラ」のグループ企業です！
最大手の確かな技術力と安定した基盤があるからこそ、安心して長く働ける環境が整っています。

現在はさらなる成長路線を突き進んでおり、
大好きな地元にいながら、業界トップクラスのグループの強みを活かし、
スケールの大きな未来を一緒に創っていきませんか？
夢と安定を同時に叶えられる環境です！

【 応募者の皆様へ】
最後までお読みいただき、ありがとうございました。

転職は人生の大きな転機であり、特に地元へ戻る「Uターン」には不安も伴うかと思います。
だからこそ当社では、あなたが安心して新しいスタートを切れるよう、
面接時期の調整や入社準備など、最大限のサポートを惜しみません。

「2級土木の資格を宝の持ち腐れにしたくない」「大好きな地元に貢献したい」その気持ちがあれば十分です。
あなたの技術と経験を、ぜひ当社の未来、そしてこの街の未来に貸してください

少しでも気になった方は、まずはカジュアルにお話してみませんか？
あなたからのご応募を、スタッフ一同心よりお待ちしております！","■土日休み
■産休/育休実績あり
■設立 2000年2月10日
■従業員数 74名","【必須条件】
Uターン大歓迎！
■2級土木施工管理技士をお持ちの方

【歓迎条件】
■1級土木施工管理技士をお持ちの方

【学歴】
学歴不問","8:30～17:30（実働8時間）
※職種により変形労働時間あり","■土日休み
■年間休日125日（2026年度）※当社カレンダーによる
■完全週休2日制（土・日）
■祝日休み
■年末年始休暇 （約7日間）
■GW休暇（約7日間）
■夏季休暇（約7日間）
■慶弔休暇
■有給休暇：年5日の有給奨励日を設けており、取得しやすい環境です。
※入社月に応じて有給休暇を付与しています。
■産前・産後休暇（取得実績あり）
■育児休暇（取得実績あり）","＜本社＞
愛知県岡崎市藤川町字北荒古15-1

■通勤
マイカー通勤が可能です。","【通勤方法】
マイカー通勤可

【交通費】
通勤手当を支給します。","【給与】
月給 400,000円〜530,000円

【想定年収】
550万円〜750万円

【賃金内訳・給与の補足】
月給：40万円〜53万円
基本給：28万円〜36万円
昇給：年1回（4月）
残業代の有無：有（平日固定45h、法定外休出）

【モデル年収】
入社1年目：550万円〜750万円
入社5年目：600万円〜800万円
入社10年目：670万円〜850万円

【賞与】
年2回（6月、12月）

【各種手当】
■通勤手当（実費）
■時間外勤務手当
■役職手当
■家賃手当","【福利厚生】
■産休/育休実績あり
■社会保険完備
■レクリエーション開催（バーベキュー、忘年会など）
■スポーツジム・リゾートホテル会員
■奨学金返還支援制度
■資格取得奨励制度
■退職金制度

【手当】
■通勤手当（実費）
■時間外勤務手当
■役職手当
■家賃手当","【雇用形態】
正社員（無期契約）

【選考フロー】
書類選考→面接（1~2回）→内定",,交通費支給、社会保険完備、学歴不問、マイカー通勤OK、土日祝休み、賞与あり,3,任意,生年月日、性別、電話番号,agent@enroots.co.jp,090-9189-8178,,利用する,,D,
募集中,愛知ベース工業株式会社,土木施工管理（地盤改良工事／資格不問・建設業経験2年目安）｜愛知ベース工業株式会社,土木施工管理、工事監督/現場監督、建設・土木エンジニア,【岡崎市】資格は問わない地盤改良工事の施工管理／培った経験を地元で活かせます。年間休日125日・完全週休2日制（土日祝）,,愛知県 岡崎市 藤川町,字北荒古15-1,,正社員,はい,月給,360000,480000,範囲で表示,なし,,,,,,,固定時間制,160,,健康保険、厚生年金、雇用保険、労災保険,,あり,3,か月,3ヶ月,,,,,,,,,,,,,,,"「やっぱり、地元を支える仕事がしたい。」あなたの経験が、この街の未来の土台になる。

当社では、現在『Uターン希望者を大歓迎』しています！
お任せするのは、すべての建物の基盤となる「地盤改良工事」の施工管理。

派手さはなくても、街の安全を文字通り「足元から支える」なくてはならない重要インフラのお仕事です。
これまでの施工管理の実務経験を活かし、今度は慣れ親しんだ地元の未来を創る側に回ってみませんか？
「家族との時間を増やしたい」「住み慣れた街で腰を据えたい」という方を、私たちは全力で応援します！

【仕事内容】
建造物の土台となる、地盤改良工事における施工管理業務（現場監督）全般をお任せします‍
■工程管理：工期通りに工事が進むよう、スケジュールを調整・管理
■品質管理：仕様書や基準に合わせ、適切な地盤改良が行われているかチェック
■安全管理：現場の危険箇所をなくし、作業員が安全に働ける環境を徹底
■原価管理：予算内に収まるよう、資材や人件費などのコストを管理
■書類作成：工事計画書、工事報告書、写真管理など
■打ち合わせ：元請け業者や、協力会社の職人さんとの現場調整

＜ 地盤改良工事の特徴＞
他の大型土木工事に比べ、『工期が数日〜数週間程度と短い現場が多い』のが特徴です。
そのため、スケジュールが見通しやすく、残業の削減や計画的な休みが取りやすいメリットがあります

【休日・休暇】
＼業界トップクラス！年間休日125日＆完全週休2日制 ／
「土木業界は休みが少ない…」そんなイメージを180度覆します！
仕事もプライベートも、どちらも妥協しない働き方が可能です
■年間休日125日（※当社カレンダーによる）
■完全週休2日制（土・日）＋ 祝日休み
■長期休暇もしっかり満喫！
■年末年始休暇（約7日間）
■GW休暇（約7日間）
■夏季休暇（約7日間）
■有給休暇（有給奨励日ありで取得しやすい環境です）
■慶弔休暇
■産前・産後休暇 ／ 育児休暇（取得実績あり）

＜ ここがポイント！＞
Uターンして家族との時間が増えるだけでなく、
旅行や趣味など「自分の時間」もしっかりリフレッシュできる休日数です。
オンとオフのメリハリを大切にしたい方にぴったりの環境ですよ！

【今後の成長】
＼大手グループの安定基盤×さらなる成長へ！／
当社は、地盤改良のリーディングカンパニーである「不動テトラ」のグループ企業です！
最大手の確かな技術力と安定した基盤があるからこそ、安心して長く働ける環境が整っています。

現在はさらなる成長路線を突き進んでおり、
大好きな地元にいながら、業界トップクラスのグループの強みを活かし、
スケールの大きな未来を一緒に創っていきませんか？
夢と安定を同時に叶えられる環境です！

【 応募者の皆様へ】
最後までお読みいただき、ありがとうございました。

転職は人生の大きな転機であり、特に地元へ戻る「Uターン」には不安も伴うかと思います。
だからこそ当社では、あなたが安心して新しいスタートを切れるよう、
面接時期の調整や入社準備など、最大限のサポートを惜しみません。

「これまでの経験を活かしたい」「大好きな地元に貢献したい」その気持ちがあれば十分です。
あなたの技術と経験を、ぜひ当社の未来、そしてこの街の未来に貸してください

少しでも気になった方は、まずはカジュアルにお話してみませんか？
あなたからのご応募を、スタッフ一同心よりお待ちしております！","■土日休み
■産休/育休実績あり
■設立 2000年2月10日
■従業員数 74名","【必須条件】
Uターン大歓迎！
無資格OK！
■建設業での実務経験をお持ちの方（目安2年以上）

【歓迎条件】
■資格保持者（1級または2級土木施工管理技士）

【学歴】
学歴不問","8:30～17:30（実働8時間）
※職種により変形労働時間あり","■土日休み
■年間休日125日（2026年度）※当社カレンダーによる
■完全週休2日制（土・日）
■祝日休み
■年末年始休暇 （約7日間）
■GW休暇（約7日間）
■夏季休暇（約7日間）
■慶弔休暇
■有給休暇：年5日の有給奨励日を設けており、取得しやすい環境です。
※入社月に応じて有給休暇を付与しています。
■産前・産後休暇（取得実績あり）
■育児休暇（取得実績あり）","＜本社＞
愛知県岡崎市藤川町字北荒古15-1

■通勤
マイカー通勤が可能です。","【通勤方法】
マイカー通勤可

【交通費】
通勤手当を支給します。","【給与】
月給 360,000円〜480,000円

【想定年収】
500万円〜650万円

【賃金内訳・給与の補足】
月給：36万円〜48万円
基本給：25万円〜33万円
昇給：年1回（4月）
残業代の有無：有（平日固定45h、法定外休出）

【モデル年収】
入社1年目：500万円〜650万円
入社5年目：550万円〜700万円
入社10年目：630万円〜800万円

【賞与】
年2回（6月、12月）

【各種手当】
■通勤手当（実費）
■時間外勤務手当
■役職手当
■家賃手当","【福利厚生】
■産休/育休実績あり
■社会保険完備
■レクリエーション開催（バーベキュー、忘年会など）
■スポーツジム・リゾートホテル会員
■奨学金返還支援制度
■資格取得奨励制度
■退職金制度

【手当】
■通勤手当（実費）
■時間外勤務手当
■役職手当
■家賃手当","【雇用形態】
正社員（無期契約）

【選考フロー】
書類選考→面接（1~2回）→内定",,交通費支給、社会保険完備、学歴不問、マイカー通勤OK、土日祝休み、賞与あり,3,任意,生年月日、性別、電話番号,agent@enroots.co.jp,090-9189-8178,,利用する,,D,
募集中,愛知ベース工業株式会社,設計（地盤改良工事／未経験から）｜愛知ベース工業株式会社,土木設計、測量/調査、建設コンサルタント,【岡崎市】地盤改良工事の設計を未経験からスタート／理系四大卒の方を対象にした募集です。年間休日125日・完全週休2日制（土日祝）,,愛知県 岡崎市 藤川町,字北荒古15-1,,正社員,はい,月給,300000,400000,範囲で表示,なし,,,,,,,固定時間制,160,,健康保険、厚生年金、雇用保険、労災保険,,あり,3,か月,3ヶ月,,,,,,,,,,,,,,,"「やっぱり、地元を支える仕事がしたい。」大学で学んだ理系の知識が、この街の未来の土台になる。

当社では、現在『Uターン希望者・完全未経験の方を大歓迎』しています！
お任せするのは、すべての建物の基盤となる「地盤改良工事」の**設計職**。

「設計の仕事って、経験がないと難しそう…」と思うかもしれませんが、心配いりません。
理系の大学で学んだ基礎知識（分野は不問です！）があれば、専門知識は入社後にイチから身につけられます。

派手さはなくても、街の安全を文字通り「足元から支える」なくてはならない重要インフラのお仕事です。
住み慣れた地元の未来を創る側に回り、
「家族との時間を増やしたい」
「地元で腰を据えて専門スキルを身につけたい」という方を、私たちは全力で応援します！

【仕事内容】
住宅・店舗・工場などの建築計画に伴う「地盤改良設計」をお任せします。
当社は地盤調査から設計・施工までを一貫して手掛けており、目に見えない地中の状態を明らかにし、
建築物を根底から支え、将来的な安心・安全をお届けする重要な仕事です。

＜具体的な業務内容＞
■地盤調査データの解析：建設・建築の計画地におけるデータの分析
■設計検討：建築計画および地盤データに応じた地盤改良工事の計画・検討
■設計提案：最適な地盤改良工事や杭工事の設計提案
■環境調査・その他：土壌環境調査および浄化工事に関する業務
※ミルク状にしたセメント系固化材を注入し、
強固な改良体を造る「深層混合処理工法（柱状地盤改良工法）」をメインに扱います。

＜担当する案件・プロジェクト＞
住宅、店舗、工場などのほか、小規模〜中層建築物の基礎、河川築堤・護岸の基礎、
道路・盛土の沈下防止など幅広い案件を担当します。
（施工例：愛知県岡崎市の大型アウトレットパークにおける柱状地盤改良工事など）
営業エリアである関東および関西の案件にも広く携わります。

【入社後の流れ・教育体制（未経験でも安心！）】
中途採用の方は、『入社後2ヶ月〜1年間（経験や習得度に応じて設定）の丁寧な研修期間』があります。
まずは主要な各部署で業務を経験しながら、会社や仕事全体の流れを理解していただきます。
配属後も先輩社員が教育係としてマンツーマンで付き添うため、
専門的な知識もじっくりと学べる安心の環境です！

【休日・休暇】
＼業界トップクラス！年間休日125日＆完全週休2日制 ／
「土木業界は休みが少ない…」そんなイメージを180度覆します！
仕事もプライベートも、どちらも妥協しない働き方が可能です
■年間休日125日（※当社カレンダーによる）
■完全週休2日制（土・日）＋ 祝日休み
■長期休暇もしっかり満喫！
■年末年始休暇（約7日間）
■GW休暇（約7日間）
■夏季休暇（約7日間）
■有給休暇（有給奨励日ありで取得しやすい環境です）
■慶弔休暇
■産前・産後休暇 ／ 育児休暇（取得実績あり）

＜ ここがポイント！＞
Uターンして家族との時間が増えるだけでなく、
旅行や趣味など「自分の時間」もしっかりリフレッシュできる休日数です。
オンとオフのメリハリを大切にしたい方にぴったりの環境ですよ！

【今後の成長】
＼大手グループの安定基盤×さらなる成長へ！／
当社は、地盤改良のリーディングカンパニーである「不動テトラ」のグループ企業です！
最大手の確かな技術力と安定した基盤があるからこそ、安心して長く働ける環境が整っています。

現在はさらなる成長路線を突き進んでおり、
大好きな地元にいながら、業界トップクラスのグループの強みを活かし、
スケールの大きな未来を一緒に創っていきませんか？
夢と安定を同時に叶えられる環境です！

【 応募者の皆様へ】
最後までお読みいただき、ありがとうございました。

転職は人生の大きな転機であり、特に「未経験からの挑戦」や地元へ戻る「Uターン」には不安も伴うかと思います。
だからこそ当社では、あなたが安心して新しいスタートを切れるよう、
面接時期の調整や入社準備など、最大限のサポートを惜しみません。

「大学での理系の知識を活かしたい」
「未経験から一生モノの専門スキルを身につけたい」
「大好きな地元に貢献したい」
その気持ちがあれば十分です。
専門知識は私たちが責任を持ってイチから教えます。

少しでも気になった方は、まずはカジュアルにお話してみませんか？
あなたからのご応募を、スタッフ一同心よりお待ちしております！","■土日休み
■産休/育休実績あり
■社宅/家賃補助制度あり
■設立 2000年2月10日
■従業員数 74名","【必須条件】
Uターン大歓迎！
■理系の四大卒以上の方（学部指定なし）

【歓迎条件】
■理系の四大卒（工学部・建築学部）を卒業されている方

【学歴】
大学卒以上","8:30～17:30（実働8時間）
※職種により変形労働時間あり","■土日休み
■年間休日125日（2026年度）※当社カレンダーによる
■完全週休2日制（土・日）
■祝日休み
■年末年始休暇 （約7日間）
■GW休暇（約7日間）
■夏季休暇（約7日間）
■慶弔休暇
■有給休暇：年5日の有給奨励日を設けており、取得しやすい環境です。
※入社月に応じて有給休暇を付与しています。
■産前・産後休暇（取得実績あり）
■育児休暇（取得実績あり）","＜本社＞
愛知県岡崎市藤川町字北荒古15-1

■通勤
マイカー通勤が可能です。","【通勤方法】
マイカー通勤可

【交通費】
通勤手当を支給します。","【給与】
月給 300,000円〜400,000円

【想定年収】
420万円〜560万円

【賃金内訳・給与の補足】
月給：30万円〜40万円
基本給：25万円〜33万円
昇給：年1回（4月）
残業代の有無：有（平日固定30h）

【モデル年収】
入社1年目：420万円〜560万円
入社5年目：470万円〜610万円
入社10年目：550万円〜700万円

【賞与】
年2回（6月、12月）

【各種手当】
■通勤手当（実費）
■時間外勤務手当
■役職手当
■家賃手当","【福利厚生】
■産休/育休実績あり
■社宅/家賃補助制度あり
■社会保険完備
■レクリエーション開催（バーベキュー、忘年会など）
■スポーツジム・リゾートホテル会員
■奨学金返還支援制度
■資格取得奨励制度
■退職金制度

【手当】
■通勤手当（実費）
■時間外勤務手当
■役職手当
■家賃手当","【雇用形態】
正社員（無期契約）

【選考フロー】
書類選考→面接（1~2回）→内定",,交通費支給、社会保険完備、マイカー通勤OK、土日祝休み、賞与あり、未経験歓迎,2,任意,生年月日、性別、電話番号,agent@enroots.co.jp,090-9189-8178,,利用する,,D,
募集中,株式会社エヌアイデイ,組み込みエンジニア（車載開発／PM・リーダー）｜株式会社エヌアイデイ,組み込みエンジニア、制御系ソフトウェア開発、システムエンジニア,【愛知】大手自動車メーカーの車載開発でPM・リーダーを担う／フレックス・年間休日124日・リモート勤務可,,愛知県,,,正社員,はい,月給,278000,390000,範囲で表示,なし,,,,,,,固定時間制,161,,健康保険、厚生年金、雇用保険、労災保険,,あり,3,か月,3ヶ月,,,,,,,,,,,,,,,"日本を代表する大手自動車メーカーのパートナーとして、
車載ECU（EFI、HV等）の制御仕様設計、ソフト開発、評価や、
自動運転・先進安全機能の仕様および開発補助ツールの検討・実証に参画頂きます。

具体的には以下業務をお任せいたします。
■システム設計、要件定義仕様設計等の上流設計業務
■ソフト実装、結合、検査等のソフト開発業務
■ソフト評価の自動化に向けたプロセス検討、環境構築

【ポジションの魅力】
■仕様設計のフェーズ及び総合運用試験まで、上流工程から携われます。
※開発経験のみの方でも他のメンバーと一緒に上流工程をご担当いただくことを想定しております。
■エンジン制御ユニット等のハード面はもちろん、各種制御を効率化、
高度化するためのアプリケーション開発などハード、ソフト両面の知識や経験を高められる環境です。
■チャレンジ段階にある先進的な研究開発にも携われるチャンスも多数あります。

【評価制度/教育制度】
年初に1回、目標設定する機会と上期・下期に1回ずつ上長からフィードバックを行う面談を設定しており、
その面談で自己評価と上長評価を合わせて決定します。
また、上長と話し合った上で自身のスキルを『棚卸し』する機会でもあり、
今身に付けなくてはならないスキルや今後伸ばして欲しい考え方を明確化します。
社員の成長を大事にしており、一人一人に合った育成を行うことで、スキルの向上を支援しています。

【働く環境】
残業時間は月平均20時間程度。有給取得率は77%となっており、非常に働きやすい環境が整っておりますので、
仕事とプライベートとのメリハリをつけて働くことができます。","■残業20時間以下
■土日休み
■フレックス制
■リモート可
■社宅/家賃補助制度あり
■面接1回で終了
■急募
■WEB面接OK
■月平均残業時間 20時間程度
■設立 1967年（昭和42年）5月
■従業員数 1663名
■スタンダード市場","【必須条件】
■制御プログラム開発経験
■C言語を用いた制御プログラム開発、試験、評価などの経験

【求める人物像】
ITに対する向上心、好奇心が強い方
ニーズが高まる分野でスキルアップしていきたい方
将来的に市場価値の高い存在へと成長していきたい方

【必要資格・ライセンス】特に無し

【歓迎条件】
■車載システムに関する経験
■PM、PLなど、プロジェクトマネジメント経験

【学歴】
高専/短大/専門卒以上","9:00～18:00(休憩60分)
※フレックスタイム制あり

■月平均残業時間
20時間程度","■土日休み
年間休日124日＋有給取得推奨5日
完全週休2日制（土・日）、祝日
創立記念日、年次有給休暇、夏季休暇、年末年始休暇、年次有給休暇、慶弔休暇、その他各種特別休暇","勤務地は中部事業所（愛知県）です。

■リモート勤務
可能です。","【交通費】
通勤手当を支給します。","【給与】
月給 278,000円〜390,000円

【想定年収】
450万円〜650万円

【賃金内訳・給与の補足】
＜年収について＞
前職給与を参考に保有スキルによって決定致します。
予定年収450万〜650万 ※目安

 年収450万(入社初年度) → 年収670万(入社4年後)

【賞与】
■賞与年2回（6月・12月）
実績例:4.7ヶ月分
半年に一回面談があり決定します。賞与および特別手当額は会社業績と社員の成果（評価）に基づき変動。
また入社月に応じた期間控除があります。

■昇給年1回（4月）

【各種手当】
■住宅手当
■扶養手当
■通勤手当
■時間外勤務手当","【福利厚生】
■社宅/家賃補助制度あり
■各種社会保険完備（健康・雇用・労災・厚生年金）
■退職金、財形貯蓄、団体生命保険
■育児、介護休業制度・従業員持株会
■資格取得祝金、永年勤続表彰
■保養所、スポーツ施設、スキー・テニス教室
■社員旅行、スポーツ大会、各種同好会など

【手当】
■住宅手当
■扶養手当
■通勤手当
■時間外勤務手当","【雇用形態】
正社員（無期契約）

【選考フロー】
書類選考→面接(1回)→内定

＜備考＞
基本的にはWebで行われる。
適正テストあり

※場合によっては面接2回行われるケースもあり",,交通費支給、社会保険完備、土日祝休み、賞与あり、リモートワーク可,5,任意,生年月日、性別、電話番号,agent@enroots.co.jp,090-9189-8178,,利用する,,D,
募集中,株式会社エヌアイデイ,組み込みエンジニア（車載開発／ソフトウェア設計）｜株式会社エヌアイデイ,組み込みエンジニア、制御系ソフトウェア開発、システムエンジニア,【愛知】上場企業で大手自動車メーカーの車載開発に携わる組み込みエンジニア／リモート勤務可・フレックス,,愛知県,,,正社員,はい,月給,278000,390000,範囲で表示,なし,,,,,,,固定時間制,161,,健康保険、厚生年金、雇用保険、労災保険,,あり,3,か月,3ヶ月,,,,,,,,,,,,,,,"日本を代表する大手自動車メーカーのパートナーとして、
車載ECU（EFI、HV等）の制御仕様設計、ソフト開発、評価や、
自動運転・先進安全機能の仕様および開発補助ツールの検討・実証に参画頂きます。

具体的には以下業務をお任せいたします。
■システム設計、要件定義仕様設計等の上流設計業務
■ソフト実装、結合、検査等のソフト開発業務
■ソフト評価の自動化に向けたプロセス検討、環境構築

【ポジションの魅力】
■仕様設計のフェーズ及び総合運用試験まで、上流工程から携われます。
※開発経験のみの方でも他のメンバーと一緒に上流工程をご担当いただくことを想定しております。
■エンジン制御ユニット等のハード面はもちろん、各種制御を効率化、
高度化するためのアプリケーション開発などハード、ソフト両面の知識や経験を高められる環境です。
■チャレンジ段階にある先進的な研究開発にも携われるチャンスも多数あります。

【評価制度/教育制度】
年初に1回、目標設定する機会と上期・下期に1回ずつ上長からフィードバックを行う面談を設定しており、
その面談で自己評価と上長評価を合わせて決定します。
また、上長と話し合った上で自身のスキルを『棚卸し』する機会でもあり、
今身に付けなくてはならないスキルや今後伸ばして欲しい考え方を明確化します。
社員の成長を大事にしており、一人一人に合った育成を行うことで、スキルの向上を支援しています。

【働く環境】
残業時間は月平均20時間程度。有給取得率は77%となっており、非常に働きやすい環境が整っておりますので、
仕事とプライベートとのメリハリをつけて働くことができます。","■残業20時間以下
■土日休み
■フレックス制
■リモート可
■社宅/家賃補助制度あり
■面接1回で終了
■急募
■WEB面接OK
■月平均残業時間 20時間程度
■設立 1967年（昭和42年）5月
■従業員数 1663名
■スタンダード市場","【必須条件】
■制御プログラム開発経験
■C言語を用いた制御プログラム開発、試験、評価などの経験

【求める人物像】
ITに対する向上心、好奇心が強い方
ニーズが高まる分野でスキルアップしていきたい方
将来的に市場価値の高い存在へと成長していきたい方

【必要資格・ライセンス】特に無し

【歓迎条件】
■車載システムに関する経験
■PM、PLなど、プロジェクトマネジメント経験

【学歴】
高専/短大/専門卒以上","9:00～18:00(休憩60分)
※フレックスタイム制あり

■月平均残業時間
20時間程度","■土日休み
年間休日124日＋有給取得推奨5日
完全週休2日制（土・日）、祝日
創立記念日、年次有給休暇、夏季休暇、年末年始休暇、年次有給休暇、慶弔休暇、その他各種特別休暇","勤務地は中部事業所（愛知県）です。

■リモート勤務
可能です。","【交通費】
通勤手当を支給します。","【給与】
月給 278,000円〜390,000円

【想定年収】
450万円〜650万円

【賃金内訳・給与の補足】
＜年収について＞
前職給与を参考に保有スキルによって決定致します。
予定年収450万〜650万 ※目安

 年収450万(入社初年度) → 年収670万(入社4年後)

【賞与】
■賞与年2回（6月・12月）
実績例:4.7ヶ月分
半年に一回面談があり決定します。賞与および特別手当額は会社業績と社員の成果（評価）に基づき変動。
また入社月に応じた期間控除があります。

■昇給年1回（4月）

【各種手当】
■住宅手当
■扶養手当
■通勤手当
■時間外勤務手当","【福利厚生】
■社宅/家賃補助制度あり
■各種社会保険完備（健康・雇用・労災・厚生年金）
■退職金、財形貯蓄、団体生命保険
■育児、介護休業制度・従業員持株会
■資格取得祝金、永年勤続表彰
■保養所、スポーツ施設、スキー・テニス教室
■社員旅行、スポーツ大会、各種同好会など

【手当】
■住宅手当
■扶養手当
■通勤手当
■時間外勤務手当","【雇用形態】
正社員（無期契約）

【選考フロー】
書類選考→面接(1回)→内定

＜備考＞
基本的にはWebで行われる。
適正テストあり

※場合によっては面接2回行われるケースもあり",,交通費支給、社会保険完備、土日祝休み、賞与あり、リモートワーク可,5,任意,生年月日、性別、電話番号,agent@enroots.co.jp,090-9189-8178,,利用する,,D,
募集中,株式会社エヌアイデイ,組み込みエンジニア（車載システム開発／プログラマ）｜株式会社エヌアイデイ,組み込みエンジニア、制御系ソフトウェア開発、システムエンジニア,【愛知】車載システム開発の上流工程に携われる組み込みエンジニア／リモート勤務可・フレックス,,愛知県,,,正社員,はい,月給,278000,390000,範囲で表示,なし,,,,,,,固定時間制,161,,健康保険、厚生年金、雇用保険、労災保険,,あり,3,か月,3ヶ月,,,,,,,,,,,,,,,"日本を代表する大手自動車メーカーのパートナーとして、
車載ECU（EFI、HV等）の制御仕様設計、ソフト開発、評価や、
自動運転・先進安全機能の仕様および開発補助ツールの検討・実証に参画頂きます。

具体的には以下業務をお任せいたします。
■システム設計、要件定義仕様設計等の上流設計業務
■ソフト実装、結合、検査等のソフト開発業務
■ソフト評価の自動化に向けたプロセス検討、環境構築

【ポジションの魅力】
■仕様設計のフェーズ及び総合運用試験まで、上流工程から携われます。
※開発経験のみの方でも他のメンバーと一緒に上流工程をご担当いただくことを想定しております。
■エンジン制御ユニット等のハード面はもちろん、各種制御を効率化、
高度化するためのアプリケーション開発などハード、ソフト両面の知識や経験を高められる環境です。
■チャレンジ段階にある先進的な研究開発にも携われるチャンスも多数あります。

【評価制度/教育制度】
年初に1回、目標設定する機会と上期・下期に1回ずつ上長からフィードバックを行う面談を設定しており、
その面談で自己評価と上長評価を合わせて決定します。
また、上長と話し合った上で自身のスキルを『棚卸し』する機会でもあり、
今身に付けなくてはならないスキルや今後伸ばして欲しい考え方を明確化します。
社員の成長を大事にしており、一人一人に合った育成を行うことで、スキルの向上を支援しています。

【働く環境】
残業時間は月平均20時間程度。有給取得率は77%となっており、非常に働きやすい環境が整っておりますので、
仕事とプライベートとのメリハリをつけて働くことができます。","■残業20時間以下
■土日休み
■フレックス制
■リモート可
■社宅/家賃補助制度あり
■面接1回で終了
■急募
■WEB面接OK
■月平均残業時間 20時間程度
■設立 1967年（昭和42年）5月
■従業員数 1663名
■スタンダード市場","【必須条件】
■制御プログラム開発経験
■C言語を用いた制御プログラム開発、試験、評価などの経験

【求める人物像】
ITに対する向上心、好奇心が強い方
ニーズが高まる分野でスキルアップしていきたい方
将来的に市場価値の高い存在へと成長していきたい方

【必要資格・ライセンス】特に無し

【歓迎条件】
■車載システムに関する経験
■PM、PLなど、プロジェクトマネジメント経験

【学歴】
高専/短大/専門卒以上","9:00～18:00(休憩60分)
※フレックスタイム制あり

■月平均残業時間
20時間程度","■土日休み
年間休日124日＋有給取得推奨5日
完全週休2日制（土・日）、祝日
創立記念日、年次有給休暇、夏季休暇、年末年始休暇、年次有給休暇、慶弔休暇、その他各種特別休暇","勤務地は中部事業所（愛知県）です。

■リモート勤務
可能です。","【交通費】
通勤手当を支給します。","【給与】
月給 278,000円〜390,000円

【想定年収】
450万円〜650万円

【賃金内訳・給与の補足】
＜年収について＞
前職給与を参考に保有スキルによって決定致します。
予定年収450万〜650万 ※目安

 年収450万(入社初年度) → 年収670万(入社4年後)

【賞与】
■賞与年2回（6月・12月）
実績例:4.7ヶ月分
半年に一回面談があり決定します。賞与および特別手当額は会社業績と社員の成果（評価）に基づき変動。
また入社月に応じた期間控除があります。

■昇給年1回（4月）

【各種手当】
■住宅手当
■扶養手当
■通勤手当
■時間外勤務手当","【福利厚生】
■社宅/家賃補助制度あり
■各種社会保険完備（健康・雇用・労災・厚生年金）
■退職金、財形貯蓄、団体生命保険
■育児、介護休業制度・従業員持株会
■資格取得祝金、永年勤続表彰
■保養所、スポーツ施設、スキー・テニス教室
■社員旅行、スポーツ大会、各種同好会など

【手当】
■住宅手当
■扶養手当
■通勤手当
■時間外勤務手当","【雇用形態】
正社員（無期契約）

【選考フロー】
書類選考→面接(1回)→内定

＜備考＞
基本的にはWebで行われる。
適正テストあり

※場合によっては面接2回行われるケースもあり",,交通費支給、社会保険完備、土日祝休み、賞与あり、リモートワーク可,5,任意,生年月日、性別、電話番号,agent@enroots.co.jp,090-9189-8178,,利用する,,D,
募集中,株式会社エンジニアス,制御設計（自動車電子設計／車載HMI）｜株式会社エンジニアス,電気設計、回路設計、電子/半導体エンジニア,【岡崎市】自動車の電子設計・制御設計／メーターなどの車載HMI部品の設計に携われます,,愛知県 岡崎市 橋目町,,,正社員,はい,月給,416000,666000,範囲で表示,なし,,,,,,,固定時間制,,,健康保険、厚生年金、雇用保険、労災保険,,あり,3,か月,"試用期間：3カ月
労働条件の変更：無し",,,,,,,,,,,,,,,"【仕事内容】
■車載ECUにおける開発業務（システム・仕様設計、制御設計、搭載設計）
※対象ECU：エアバッグ、キーレスオペレーションシステム、パワーウィンド、パワースライドドア、電動テールゲート、タイヤ空気圧警告、パワーシート、ボデーコントローラー、ゲートウェイ）
■要求仕様書の作成
■ソフトウェア実装
■VE活動業務

「理念・ビジョン」に関すること
【Mission】
「エンジニアの幸せとは？」
それを共に探求し共に成長・挑戦し続ける

お客様の最も身近な寄り添える存在になり、お客様のお困りごとを聞き、目の前の課題を解決するお手伝いをしたい。
そして長期視点で潜在的な課題を解決するために、共に明日（未来）にチャレンジしたい。

お客様にベストな人材・技術を提供し続けるために、失敗を恐れず常に新しい技術・課題にチャレンジし続ける精神と、
それをサポートする環境づくりを行い、人材サービスと技術サービスの革新へ積極的にチャンジしてまいります。

「仕事・事業」に関すること
私たちはお客様・エンジニアに寄り添い、
共に未来を創造する企業を目指します

当社はエンジニアの人材派遣サービスを通し、エンジニアの明日（未来）をエンジニアと共に創っていきます。
モノづくりのフィールドで日々成長し、エンジニアリングの未来に責任を持ったエンジニアがお客様の事業の成長、
ひいてはモノづくり産業全体の発展に貢献致します。
今後の成長していく当社にご期待ください。

【メカニカルデザイン】
＜機械設計＞
車両設計、ユニット設計、ハイブリッド設計、内外装部品設計、開発・試作・実験と幅広いニーズにお応え致します。
＜生産技術＞
工業製品の量産ラインの設計・構築支援を行います。
設計部署、設備メーカーと連携をとりながら、機能・品質・コスト面全てを満足した生産ラインの立上げや、
既存ラインの工程改善をご支援致します。","■土日休み
■残業10時間以下
■適性テストなし
■産休/育休実績あり
■英語を活かせる
■WEB面接OK
■月平均残業時間 10時間以下
■設立 2021年12月
■従業員数 27名","【必須条件】
■日本語能力試験N2相当以上の日本語力をお持ちの方（業務上必要なため）

【下記いずれかのご経験】
■メーターなどの車載HMI部品設計経験のある方
■ECUハードウェアのインターフェイス設計経験のある方
■ECU回路設計のレビュー経験のある方
■CAN通信の基礎知識のある方

【歓迎条件】
■関連部門/サプライヤーとの調整・コミュニケーションスキル
■要求仕様書作成スキル
■機能仕様書、ソフトウェア詳細設計レビュースキル
■基本的なOA機器操作（Excel、Word、PowerPoint）
■英語力：TOEIC600点以上（海外サプライヤが多数あるため）

【学歴】
学歴不問","08:30~17:30
所定労働時間：8時間
休憩時間：60分
残業：有

■月平均残業時間
10時間以下","■土日休み
年間休日
120日以上

休日休暇
完全週休2日制（土日祝休み）
GW休暇
年末年始休暇
夏季休暇
年次有給休暇（入社半年経過時点10日付与）","＜本社＞
愛知県岡崎市橋目町

■通勤
マイカー通勤が可能です。","【通勤方法】
マイカー通勤可

【交通費】
通勤手当を支給します。","【給与】
月給 416,000円〜666,000円

【想定年収】
500万円〜800万円

【賃金内訳・給与の補足】
年俸制
5,000,000円～8,000,000円

月給例
416,666円～666,666円

前年の給与保証
日払い・週払い・即日払いOK","【福利厚生】
■産休/育休実績あり

福利厚生・諸手当
社会保険（雇用保険、厚生年金、労災保険、健康保険）
資格取得支援・手当あり
定期健康診断","【募集背景】
欠員募集

【雇用形態】
正社員（無期契約）

【選考フロー】
書類選考
↓
一次選考
↓
最終選考

【就業場所における受動喫煙防止措置】
就業場所における屋内の受動喫煙対策の有無
対策あり

受動喫煙対策の詳細(野外に喫煙場所がある場合は禁煙としています)
禁煙",,交通費支給、社会保険完備、学歴不問、マイカー通勤OK、土日祝休み,2,任意,生年月日、性別、電話番号,agent@enroots.co.jp,090-9189-8178,,利用する,,D,
募集中,株式会社エンジニアス,自動車整備（試作車・試験車）｜株式会社エンジニアス,自動車整備士、整備/メンテナンス、機械整備,【岡崎市】大手自動車メーカーの試作車・試験車を整備する仕事／自動車整備士資格と実務経験を活かせます,,愛知県 岡崎市 橋目町,,,正社員,はい,月給,333000,583000,範囲で表示,なし,,,,,,,固定時間制,,,健康保険、厚生年金、雇用保険、労災保険,,あり,3,か月,"試用期間：3カ月
労働条件の変更：無し",,,,,,,,,,,,,,,"【仕事内容】
■新型車両（試作車両）の整備
■足回り組立、車室内外装組立、エンジンやトランスミッションの組付
■搭降載、冷却系、排気系、燃料計組立作業

PRポイント
自動車メーカーの試作車整備にたずさわるポジションです。整備士資格を活かし、モノづくりの根幹を支える仕事です。

「理念・ビジョン」に関すること
【Mission】
「エンジニアの幸せとは？」
それを共に探求し共に成長・挑戦し続ける

お客様の最も身近な寄り添える存在になり、お客様のお困りごとを聞き、目の前の課題を解決するお手伝いをしたい。
そして長期視点で潜在的な課題を解決するために、共に明日（未来）にチャレンジしたい。

お客様にベストな人材・技術を提供し続けるために、失敗を恐れず常に新しい技術・課題にチャレンジし続ける精神と、
それをサポートする環境づくりを行い、人材サービスと技術サービスの革新へ積極的にチャンジしてまいります。

「仕事・事業」に関すること
私たちはお客様・エンジニアに寄り添い、
共に未来を創造する企業を目指します

当社はエンジニアの人材派遣サービスを通し、エンジニアの明日（未来）をエンジニアと共に創っていきます。
モノづくりのフィールドで日々成長し、エンジニアリングの未来に責任を持ったエンジニアがお客様の事業の成長、
ひいてはモノづくり産業全体の発展に貢献致します。
今後の成長していく当社にご期待ください。

【メカニカルデザイン】
＜機械設計＞
車両設計、ユニット設計、ハイブリッド設計、内外装部品設計、開発・試作・実験と幅広いニーズにお応え致します。
＜生産技術＞
工業製品の量産ラインの設計・構築支援を行います。
設計部署、設備メーカーと連携をとりながら、機能・品質・コスト面全てを満足した生産ラインの立上げや、
既存ラインの工程改善をご支援致します。

【ITエンジニアリング】
＜ネットワーク・サーバー＞
ネットワーク／サーバーの設計・構築・運用管理、保守
＜ITサポート＞
ITサポートエンジニア、OAオペレータのアウトソーシング","■土日休み
■残業10時間以下
■適性テストなし
■産休/育休実績あり
■WEB面接OK
■月平均残業時間 10時間以下
■設立 2021年12月
■従業員数 27名","【必須条件】
■自動車整備士資格
■自動車整備の実務経験
■日本語能力試験N2相当以上の日本語力をお持ちの方（業務上必要なため）

【歓迎条件】
■自動車検査員資格をお持ちの方
■CATIA V5等のCADソフトの使用経験のある方
■クレーン、玉掛けの資格をお持ちの方

【学歴】
学歴不問","08:30~17:30
所定労働時間：8時間
休憩時間：60分
残業：有

■月平均残業時間
10時間以下","■土日休み
年間休日
120日以上

休日休暇
完全週休2日制（土日休み）
GW休暇
年末年始休暇
夏季休暇
年次有給休暇（入社半年経過時点10日付与）","＜本社＞
愛知県岡崎市橋目町

■通勤
マイカー通勤が可能です。","【通勤方法】
マイカー通勤可

【交通費】
通勤手当を支給します。","【給与】
月給 333,000円〜583,000円

【想定年収】
400万円〜700万円

【賃金内訳・給与の補足】
年俸制
4,000,000円～7,000,000円

月給例
333,333円～583,333円
残業代別途支給

前年の給与保証
日払い・週払い・即日払いOK","【福利厚生】
■産休/育休実績あり

その他の福利厚生・諸手当
社会保険（雇用保険、厚生年金、労災保険、健康保険）
資格取得支援・手当あり
定期健康診断","【募集背景】
増員募集, 欠員募集

【雇用形態】
正社員（無期契約）

【選考フロー】
書類選考
↓
一次選考
↓
最終選考

【就業場所における受動喫煙防止措置】
就業場所における屋内の受動喫煙対策の有無
対策あり

受動喫煙対策の詳細(野外に喫煙場所がある場合は禁煙としています)
禁煙",,交通費支給、社会保険完備、学歴不問、マイカー通勤OK、土日祝休み,2,任意,生年月日、性別、電話番号,agent@enroots.co.jp,090-9189-8178,,利用する,,D,
募集中,株式会社エンジニアス,生産技術（組立ライン設備の導入）｜株式会社エンジニアス,生産技術、生産設備設計、製造プロセス開発,【岡崎市】組立ライン設備の導入を担う生産技術／会社説明を兼ねたカジュアル選考から始められます,,愛知県 岡崎市,,,正社員,はい,月給,333000,583000,範囲で表示,なし,,,,,,,固定時間制,163,,健康保険、厚生年金、雇用保険、労災保険,,あり,3,か月,"試用期間：3カ月
労働条件の変更：無し",,,,,,,,,,,,,,,"自動車メーカーにて組立技術の計画業務をご担当いただきます。

■自動車組付ライン各設備の年式変更車対応
■ランニング不具合対応検討
■新型車両コンポーネント搭載装置等の検討
■手配、・設置・立上げ・効果確認までの一連業務支援","■残業20時間以下
■土日休み
■産休/育休実績あり
■WEB面接OK
■適性テストなし
■設立 2021年12月
■従業員数 27名","【必須条件】
■組立ライン設備の導入に関する業務経験のある方
■日本語能力試験N2相当以上の日本語力をお持ちの方（業務上必要なため）

【歓迎条件】
■CAD（CATIA V5、DELMIA）での実務経験がある方
■関係部門や取引先と調整業務が可能な方
■工学系の基礎知識をお持ちの方

【学歴】
学歴不問","8：30～17：30
所定労働時間：8時間
休憩時間：60分","■土日休み
年間休日
120日以上

休日休暇
年間休日120日以上
完全週休2日制
有給休暇
年末年始休暇
夏季休暇
GW休暇","勤務地は愛知県岡崎市です。

■通勤
マイカー通勤が可能です。","【通勤方法】
マイカー通勤可

【交通費】
通勤手当を支給します。","【給与】
月給 333,000円〜583,000円

【想定年収】
400万円〜700万円

【賃金内訳・給与の補足】
年俸制

年収例
4,000,000円～7,000,000円

月給例：33万3千円～58万3千円

※夜勤、残業時間は時給がUPします。
※支払方法：年俸の1/12を毎月支給（月給：33万3000円～58万3000円）

前年の給与保証
日払い・週払い・即日払いOK

「給与・待遇」に関すること
ボーナスがない代わりに月々の支給額を高く設定する年俸制を採用しており、月給は33万3000円〜58万3000円と高水準です。
特筆すべきは、その高い月給をベースに算出される残業手当であり、他社と比較しても時間外労働に対する報酬の納得感が高いのが特徴です。
また、転勤がないため住宅ローンや家族の介護など、プライベートの基盤を崩さずに安定した高収入を得ることが可能です。","【福利厚生】
■産休/育休実績あり

社会保険完備, 資格手当, 資格取得制度, 健康診断","【募集背景】
増員募集のため

【雇用形態】
正社員（無期契約）

【選考フロー】
書類選考
↓
一次面談
↓
最終選考",,交通費支給、社会保険完備、学歴不問、マイカー通勤OK、土日祝休み,3,任意,生年月日、性別、電話番号,agent@enroots.co.jp,090-9189-8178,,利用する,,D,
募集中,株式会社エンジニアス,生産技術（塗装設備）｜株式会社エンジニアス,生産技術、生産設備設計、製造プロセス開発,【岡崎市】塗装分野の生産技術／塗料メーカーでの就業経験を活かせます。会社説明を兼ねたカジュアル選考,,愛知県 岡崎市,,,正社員,はい,月給,333000,583000,範囲で表示,なし,,,,,,,固定時間制,163,,健康保険、厚生年金、雇用保険、労災保険,,あり,3,か月,"試用期間：3カ月
労働条件の変更：無し",,,,,,,,,,,,,,,"自動車メーカーにて塗装生産技術業務をご担当いただきます。

■自動車ボデー・樹脂部品塗料に関する生産技術業務
■塗料に適したボデー・樹脂部品の構造検討
■塗装工法・材料計画
■塗装生産設備の計画・手配・導入・トライ
■国内・海外工場及び関連会社の塗装品質向上活動
■品質向上、環境負荷軽減のための新技術開発
※建物の改変を伴う業務はございません","■残業20時間以下
■土日休み
■産休/育休実績あり
■WEB面接OK
■適性テストなし
■設立 2021年12月
■従業員数 27名","【必須条件】
■塗料メーカーでの就業経験がある方（設備導入の経験が合え宇都尚可）
■日本語能力試験N2相当以上の日本語力をお持ちの方（業務上必要なため）

【歓迎条件】
■自動車メーカーでの就業経験がある方
■関連部門との技術交渉能力のある方
■生産技術業務のご経験のある方
■工学系の知識をお持ちの方
■CAD（CATIA V5）の使用が可能な方
■TOEIC600点以上

【学歴】
学歴不問","8：30～17：30
所定労働時間：8時間
休憩時間：60分","■土日休み
年間休日
120日以上

休日休暇
年間休日120日以上
完全週休2日制
有給休暇
年末年始休暇
夏季休暇
GW休暇","勤務地は愛知県岡崎市です。

■通勤
マイカー通勤が可能です。","【通勤方法】
マイカー通勤可

【交通費】
通勤手当を支給します。","【給与】
月給 333,000円〜583,000円

【想定年収】
400万円〜700万円

【賃金内訳・給与の補足】
年俸制

年収例
4,000,000円～7,000,000円

月給例：33万3千円～58万3千円

※夜勤、残業時間は時給がUPします。
※支払方法：年俸の1/12を毎月支給（月給：33万3000円～58万3000円）

前年の給与保証
日払い・週払い・即日払いOK

「給与・待遇」に関すること
ボーナスがない代わりに月々の支給額を高く設定する年俸制を採用しており、月給は33万3000円〜58万3000円と高水準です。
特筆すべきは、その高い月給をベースに算出される残業手当であり、他社と比較しても時間外労働に対する報酬の納得感が高いのが特徴です。
また、転勤がないため住宅ローンや家族の介護など、プライベートの基盤を崩さずに安定した高収入を得ることが可能です。","【福利厚生】
■産休/育休実績あり

社会保険完備, 資格手当, 資格取得制度, 健康診断","【募集背景】
増員募集のため

【雇用形態】
正社員（無期契約）

【選考フロー】
書類選考
↓
一次面談
↓
最終選考",,交通費支給、社会保険完備、学歴不問、マイカー通勤OK、土日祝休み,1,任意,生年月日、性別、電話番号,agent@enroots.co.jp,090-9189-8178,,利用する,,D,
募集中,株式会社エンジニアス,生産技術（溶接設備の導入）｜株式会社エンジニアス,生産技術、生産設備設計、製造プロセス開発,【岡崎市】溶接設備導入を担う生産技術／会社説明を兼ねたカジュアル選考から始められます,,愛知県 岡崎市,,,正社員,はい,月給,333000,583000,範囲で表示,なし,,,,,,,固定時間制,163,,健康保険、厚生年金、雇用保険、労災保険,,あり,3,か月,"試用期間：3カ月
労働条件の変更：無し",,,,,,,,,,,,,,,"自動車メーカーにて溶接設備の計画業務をご担当いただきます。

■溶接ロボットの導入検討（設備/ロボット/治具の干渉確認/ガン検討/成立性検討など）
■不具合時の対応
■設備導入に関わる手配や出荷業務","■残業20時間以下
■土日休み
■産休/育休実績あり
■WEB面接OK
■適性テストなし
■設立 2021年12月
■従業員数 27名","【必須条件】
■溶接設備導入に関する業務経験のある方
■日本語能力試験N2相当以上の日本語力をお持ちの方（業務上必要なため）

【歓迎条件】
■CAD（CATIA V5、DELMIA）での実務経験がある方
■関係部門や取引先と調整業務が可能な方
■工学系の基礎知識をお持ちの方

【学歴】
学歴不問","8：30～17：30
所定労働時間：8時間
休憩時間：60分","■土日休み
年間休日
120日以上

休日休暇
年間休日120日以上
完全週休2日制
有給休暇
年末年始休暇
夏季休暇
GW休暇","勤務地は愛知県岡崎市です。

■通勤
マイカー通勤が可能です。","【通勤方法】
マイカー通勤可

【交通費】
通勤手当を支給します。","【給与】
月給 333,000円〜583,000円

【想定年収】
400万円〜700万円

【賃金内訳・給与の補足】
年俸制

年収例
4,000,000円～7,000,000円

月給例：33万3千円～58万3千円

※夜勤、残業時間は時給がUPします。
※支払方法：年俸の1/12を毎月支給（月給：33万3000円～58万3000円）

前年の給与保証
日払い・週払い・即日払いOK

「給与・待遇」に関すること
ボーナスがない代わりに月々の支給額を高く設定する年俸制を採用しており、月給は33万3000円〜58万3000円と高水準です。
特筆すべきは、その高い月給をベースに算出される残業手当であり、他社と比較しても時間外労働に対する報酬の納得感が高いのが特徴です。
また、転勤がないため住宅ローンや家族の介護など、プライベートの基盤を崩さずに安定した高収入を得ることが可能です。","【福利厚生】
■産休/育休実績あり

社会保険完備, 資格手当, 資格取得制度, 健康診断","【募集背景】
増員募集のため

【雇用形態】
正社員（無期契約）

【選考フロー】
書類選考
↓
一次面談
↓
最終選考",,交通費支給、社会保険完備、学歴不問、マイカー通勤OK、土日祝休み,3,任意,生年月日、性別、電話番号,agent@enroots.co.jp,090-9189-8178,,利用する,,D,
募集中,株式会社エンジニアス,生産技術（樹脂成形）｜株式会社エンジニアス,生産技術、生産設備設計、製造プロセス開発,【岡崎市】樹脂分野の生産技術／生産技術の実務経験を活かせます。会社説明を兼ねたカジュアル選考,,愛知県 岡崎市,,,正社員,はい,月給,333000,583000,範囲で表示,なし,,,,,,,固定時間制,163,,健康保険、厚生年金、雇用保険、労災保険,,あり,3,か月,"試用期間：3カ月
労働条件の変更：無し",,,,,,,,,,,,,,,"自動車メーカーにて樹脂技術計画業務をご担当いただきます。

■内製樹脂部品の品質改善計画立案、及び実行フォロー
■年式変更に伴う型治具計画業務及びトライ業務","■残業20時間以下
■土日休み
■産休/育休実績あり
■WEB面接OK
■適性テストなし
■設立 2021年12月
■従業員数 27名","【必須条件】
■生産技術に関する業務経験のある方
■日本語能力試験N2相当以上の日本語力をお持ちの方（業務上必要なため）

【歓迎条件】
■CAD（CATIA V5、DELMIA）での実務経験がある方
■関係部門や取引先と調整業務が可能な方
■工学系の基礎知識をお持ちの方

【学歴】
学歴不問","8：30～17：30
所定労働時間：8時間
休憩時間：60分","■土日休み
年間休日

120日以上
休日休暇
年間休日120日以上
完全週休2日制
有給休暇
年末年始休暇
夏季休暇
GW休暇","勤務地は愛知県岡崎市です。

■通勤
マイカー通勤が可能です。","【通勤方法】
マイカー通勤可

【交通費】
通勤手当を支給します。","【給与】
月給 333,000円〜583,000円

【想定年収】
400万円〜700万円

【賃金内訳・給与の補足】
年俸制

年収例
4,000,000円～7,000,000円

月給例：33万3千円～58万3千円

※夜勤、残業時間は時給がUPします。
※支払方法：年俸の1/12を毎月支給（月給：33万3000円～58万3000円）

前年の給与保証
日払い・週払い・即日払いOK

「給与・待遇」に関すること
ボーナスがない代わりに月々の支給額を高く設定する年俸制を採用しており、月給は33万3000円〜58万3000円と高水準です。
特筆すべきは、その高い月給をベースに算出される残業手当であり、他社と比較しても時間外労働に対する報酬の納得感が高いのが特徴です。
また、転勤がないため住宅ローンや家族の介護など、プライベートの基盤を崩さずに安定した高収入を得ることが可能です。","【福利厚生】
■産休/育休実績あり

社会保険完備, 資格手当, 資格取得制度, 健康診断","【募集背景】
増員募集のため

【雇用形態】
正社員（無期契約）

【選考フロー】
書類選考
↓
一次面談
↓
最終選考",,交通費支給、社会保険完備、学歴不問、マイカー通勤OK、土日祝休み,3,任意,生年月日、性別、電話番号,agent@enroots.co.jp,090-9189-8178,,利用する,,D,
募集中,株式会社バーデン,自動車整備士（2級以上）｜株式会社バーデン,自動車整備士、整備/メンテナンス、機械整備,【安城市】カー用品店併設ピットの自動車整備士／2級整備士資格をお持ちの方を募集。キャリアアップできる環境です,,愛知県 安城市 尾崎町,上大縄1,ジェームス安城店,正社員,はい,月給,220000,300000,範囲で表示,なし,,,,,,,固定時間制,173,,健康保険、厚生年金、雇用保険、労災保険,,あり,3,か月,"3ヶ月
条件に変更はありません",,,,,,,,,,,,,,,"～週休2日・残業月25時間と働きやすさ◎／東証スタンダード上場企業の関連会社／スキルアップのためのサポート充実～

＜お任せするお仕事＞
（1）車検及び、それに伴う整備
（2）オイル交換、タイヤ交換等のメンテナンス整備
（3）各種サービスメニュー及び点検整備
（4）自動車用品、部品の取り付け
の4つの業務を中心に、技術・経験・慣れを見ながら分担、担当していただきます。

※自動車用品の販売ノルマは一切ありません。
■多くのお客様とコミュニケーションをとり、ご要望に合わせて整備業務をしていくため、自身の整備のスキルアップができたり、様々な車種の知識を増やしていくことができます。
■WLBが整った環境
■就業時間：週休2日制、残業は月15〜25時間程度です。「どんなにお給料がよくても、どんなに環境がよくても、体が壊れては意味がない」という会社の方針の元、プライベートも充実させながら、整備士としてご活躍いただけます。
■当社の魅力
■カーメンテナンスとカー用品のお店「ジェームス」を静岡県浜松市で3店舗、愛知県安城市で1店舗運営しております。
■親会社の安定基盤：当社の親会社は、カスタムホイールの先駆者である株式会社ウェッズ(東証スタンダード)です。自動車以外にも複数の事業を持っており、安定した基盤です。","■急募
■その他
■設立 2003年10月1日
■従業員数 115名","【必須条件】
■自動車整備士資格2級以上
■普通自動車運転免許（AT限定不可）

＜求める人材＞
■笑顔が素敵な方
■コミュニケーションを積極的に取れる方
■周囲と協力して仕事に取り組める方

【歓迎条件】
■自動車検査員資格

【学歴】
学歴不問","◇9:45～19:15（休憩90分）
※実労働8時間

◇残業時間:15〜25時間/月 程度 ※繁忙期は超過の可能性あり","■その他
週休2日制(交替制)
年間休日105日
他有給休暇・慶弔休暇あり
※定休日(火曜日)もしっかりあります。
※冠婚葬祭、お子様の用事などは土日なども調整して休めます。","＜ジェームス安城店＞
愛知県安城市尾崎町上大縄1","【交通費】
通勤手当を支給します。","【給与】
月給 220,000円〜300,000円

【想定年収】
320万円〜480万円

【賃金内訳・給与の補足】
＜予定年収＞
320万円～480万円

＜賃金形態＞
月給制

＜月給＞
220,000円～300,000円 ※各種手当含む

＜昇給有無＞
有

＜残業手当＞
有

＜給与補足＞
※経験に応じて当社規定により優遇致します

【賞与】
■賞与：2回／年（6月・12月）※昨年度実績4ヶ月
■昇給：1回／年（7月）

【各種手当】
■役職手当：5,000〜20,000円／月
■資格手当：自動車検査員(5000円〜5万円/月),2級整備士(2000円〜5000円/月)
■残業手当
■休日出勤手当
■通勤手当：社内規定による

＜教育制度・資格補助＞
■資格取得援助制度あり（全額負担）","交通費規定支給
制服貸与
各種保険完備
従業員割引あり
車通勤可
昇給あり(年1回)
経験者優遇
賞与あり(年2回)
残業手当あり
決算賞与あり(業績による)

【手当】
■役職手当
■資格手当
■残業手当
■休日出勤手当
■通勤手当
■＜教育制度・資格補助＞
■資格取得援助制度あり（全額負担）","【雇用形態】
正社員（無期契約）

【選考フロー】
書類選考⇨カジュアル面談⇨最終面接⇨内定
選考内に適性検査(性格検査のみ)を含みます。",,交通費支給、社会保険完備、学歴不問、賞与あり,4,任意,生年月日、性別、電話番号,agent@enroots.co.jp,090-9189-8178,,利用する,,D,
募集中,株式会社バーデン,自動車検査員｜株式会社バーデン,自動車整備士、整備/メンテナンス、機械整備,【安城市】自動車検査員資格を活かせるお仕事／カー用品店併設ピットでの点検・検査業務です,,愛知県 安城市 尾崎町,上大縄1,ジェームス安城店,正社員,はい,月給,240000,350000,範囲で表示,なし,,,,,,,固定時間制,173,,健康保険、厚生年金、雇用保険、労災保険,,あり,3,か月,"3ヶ月
条件に変更はありません",,,,,,,,,,,,,,,"自動車検査員…
ピットで車検、整備の検査や作業を行って頂きます。
国産車や輸入車まで幅広い車に関わることができます。

■当社の魅力
■カーメンテナンスとカー用品のお店「ジェームス」を静岡県浜松市で3店舗、愛知県安城市で1店舗運営しております。
■親会社の安定基盤：当社の親会社は、カスタムホイールの先駆者である株式会社ウェッズ(東証スタンダード)です。
自動車以外にも複数の事業を持っており、安定した基盤です。","■急募
■その他
■設立 2003年10月1日
■従業員数 115名","【必須条件】
■自動車検査員資格
■普通自動車運転免許（AT限定不可）

【学歴】
学歴不問","◇9:45～19:15（休憩90分）
※実労働8時間

◇残業時間：15〜25時間/月 程度
※繁忙期は超過の可能性あり","■その他
週休2日制(交替制)
年間休日105日
他有給休暇・慶弔休暇あり
※定休日(火曜日)もしっかりあります。
※冠婚葬祭、お子様の用事などは土日なども調整して休めます。","＜ジェームス安城店＞
愛知県安城市尾崎町上大縄1","【交通費】
通勤手当を支給します。","【給与】
月給 240,000円〜350,000円

【想定年収】
360万円〜550万円

【賃金内訳・給与の補足】
＜予定年収＞
360万円～550万円

＜賃金形態＞
月給制

＜月給＞
240,000円～350,000円 ※各種手当含む

＜昇給有無＞
有

＜残業手当＞
有

＜給与補足＞
※経験に応じて当社規定により優遇致します。

【賞与】
■賞与：2回／年（6月・12月）※昨年度実績4ヶ月
■昇給：1回／年（7月）

【各種手当】
■役職手当：5,000〜20,000円／月
■資格手当：自動車検査員(5000円〜5万円/月)
■休日出勤手当
■通勤手当：社内規定による
■残業手当

＜教育制度・資格補助＞
■資格取得援助制度あり（全額負担）","交通費規定支給
制服貸与
各種保険完備
従業員割引あり
車通勤可
昇給あり(年1回)
経験者優遇
賞与あり(年2回)
残業手当あり
決算賞与あり(業績による)

【手当】
■役職手当
■資格手当
■休日出勤手当
■通勤手当
■残業手当
■＜教育制度・資格補助＞
■資格取得援助制度あり（全額負担）","【雇用形態】
正社員（無期契約）

【選考フロー】
書類選考⇨カジュアル面談⇨最終面接⇨内定
選考内に適性検査(性格検査のみ)を含みます。",,交通費支給、社会保険完備、学歴不問、賞与あり,4,任意,生年月日、性別、電話番号,agent@enroots.co.jp,090-9189-8178,,利用する,,D,
募集中,株式会社ごんだ,土木施工管理（2級・1級土木施工管理技士）｜株式会社ごんだ,土木施工管理、工事監督/現場監督、建設・土木エンジニア,【新城市】公共工事比率95％の安定基盤で土木施工管理／有資格者の募集。年間休日123日・賞与4ヶ月分,,愛知県 新城市 庭野,字東植田38-1,,正社員,はい,月給,305000,365000,範囲で表示,なし,,,,,,,固定時間制,161,,健康保険、厚生年金、雇用保険、労災保険,,あり,3,か月,3ヶ月（期間中の待遇に変更はありません）,,,,,,,,,,,,,,,"1級・2級土木施工管理技士の経験を、確かな待遇とワークライフバランスで還元！

昭和6年創業。地域社会と共に歴史を重ねてきた「株式会社ごんだ」では、
さらなる事業拡大に向け、現場を牽引していただける土木施工管理技士（1級・2級）を募集します。

「これまでの現場経験や資格に見合った評価を得たい」
「無理のないワークライフバランスで、長く技術者を続けたい」
そんな方に自信を持ってお勧めできる環境です。U・I・Jターンも大歓迎！
あなたの培った施工管理スキルを、地元密着の安定企業で活かしませんか？

ポイント
■ワークライフバランス充実！（年間休日123日×完全週休2日制×土日休み）
■充実の待遇＆福利厚生！（賞与4ヶ月分！住宅手当あり！）

【 仕事内容】
公共工事および民間工事における土木施工管理業務全般を行っていただきます。

＜具体的な業務内容＞
■施工管理（工程・品質・安全管理）
■作業員への指示出し

※道路工事や治山ダムといった精度の高さが求められる公共工事から、
宅地・駐車場造成、住宅・店舗の外構・舗装などの民間工事まで幅広く携わります。
急な事故や自然災害時の復旧工事にも素早く高品質に対応しています。

【 株式会社ごんだはここが違う！】
【1】高品質で安心の施工をご提案
昭和6年の創業以来、公共工事から民間工事まで多様な現場で培ったノウハウをもとに、
お見積もりから施工、アフターフォローまでお客様の立場に立った低コスト＆高品質な最適施工をご提案します。

【2】環境作りを追求した施工品質＆スピーディーな対応
公共工事で求められる精度の高さや見た目の美しさを追求した技術力を生かし、
民間工事（宅地造成・舗装・外構工事など）においても
お客様にご満足いただける素早く高品質な施工をお約束します。

【3】緊急災害時にも素早く高品質に対応
急な事故や自然災害の復旧工事においても、
これまでの豊富な経験を活かしてスピーディーかつ高品質な施工を実施しています。

【 対応地域】
新城市を中心に、地元に根付いた営業・地域貢献を行っています。
＜主な営業対象範囲＞
新城市、豊川市、豊田市、豊橋市、設楽町、岡崎市、東栄町、静岡県浜松市 など

【沿革・企業の指針】
昭和6年の創業（権田組）以来、舗装・生コン事業などのグループ展開を経て、
平成8年に「株式会社ごんだ」として再スタート。
土木部と舗装部が連携し、長年培った技術と現場経験を活かして事業を展開しています。

創業当時から掲げる「地域と共に発展する」という精神のもと、
環境保全や安全・社会的責任を重視し、地域に根ざした総合建設業として歩み続けています。

【応募者の皆様へ】
ご覧いただきありがとうございます。

当社が何よりも大切にしているのは、現場を支える技術者一人ひとりの力です。
有資格者の方には、それに見合う待遇と働きやすい環境を用意してお迎えします。

「安定した環境で、培ったスキルを思う存分活かしたい」
「土日休みの環境で、家族や自分の時間も大切にしたい」

そんな想いをお持ちの方、ぜひ一度お話ししませんか？
皆様からのご応募を心よりお待ちしております","■残業10時間以下
■土日休み
■急募
■面接1回で終了
■月平均残業時間 月平均残業時間：10時間
■設立 昭和41年7月5日
■従業員数 34名","【必須条件】
U・I・Jターン歓迎
■普通自動車運転免許（AT限定不可）
■2級土木施工管理技士
■1級土木施工管理技士

【歓迎条件】
■建設業界における現場経験

【学歴】
高卒以上","8時00分～17時00分（休憩90分）

■月平均残業時間
月平均残業時間：10時間","■土日休み
年間休日123日
完全週休2日制（土日休み）
■有給休暇（入社6ヶ月経過後10日付与）
■GW休暇／夏季休暇／年末年始休暇
■育児休業（取得実績あり）","＜本社＞
愛知県新城市庭野字東植田38-1

■通勤
マイカー通勤が可能です。","【通勤方法】
マイカー通勤可

【交通費】
通勤手当を支給します。","【給与】
月給 305,000円〜365,000円

【想定年収】
400万円〜700万円

【賃金内訳・給与の補足】
■月給：305,000円 ～ 365,000円
■昇給：あり
■賃金内訳：
・基本給 240,000円～300,000円
・現場手当 45,000円（条件による）
・資格手当 20,000円
※経験・スキルを考慮のうえ決定いたします。

【賞与】
4ヶ月分

【各種手当】
■現場手当 45,000円（条件による）
■資格手当 20,000円
■家族手当
■住宅手当
■通信手当","■社会保険完備（健康保険・厚生年金・雇用保険・労災保険）
■退職金制度あり（勤続1年以上）
■職務給制度
■作業服支給
■社用車貸与

【手当】
■家族手当
■住宅手当
■通信手当","【募集背景】
事業拡大に伴う増員募集

【雇用形態】
正社員（無期契約）

【選考フロー】
書類→適性検査→面接1回(対面)
※県外であればWEB相談可

【就業場所における受動喫煙防止措置】
屋内に喫煙室設置",,交通費支給、社会保険完備、マイカー通勤OK、土日祝休み、賞与あり,2,任意,生年月日、性別、電話番号,agent@enroots.co.jp,090-9189-8178,,利用する,,D,
募集中,株式会社ごんだ,土木施工管理（未経験・資格不問）｜株式会社ごんだ,土木施工管理、工事監督/現場監督、建設・土木エンジニア,【新城市】未経験・無資格から始める土木施工管理／設立昭和41年の地域密着企業。年間休日123日・賞与4ヶ月分,,愛知県 新城市 庭野,字東植田38-1,,正社員,はい,月給,200000,365000,範囲で表示,なし,,,,,,,固定時間制,161,,健康保険、厚生年金、雇用保険、労災保険,,あり,3,か月,3ヶ月（期間中の待遇に変更はありません）,,,,,,,,,,,,,,,"昭和6年の創業（昭和41年設立）以来、地域社会と共に発展してきた「株式会社ごんだ」。
公共工事主体の安定経営のもと、年間休日123日（完全週休2日・土日休み）や賞与4ヶ月分、
住宅手当など、社員が安心して長く働ける環境を整えています。

長年培った技術力を強みに、災害復旧などの緊急対応から民間工事まで幅広く対応。
「地域貢献に携わりたい」「安定した環境で無理なく働きたい」という方にピッタリの職場です！
U・I・Jターンも大歓迎！あなたの経験と免許を活かして、地域に根ざして活躍しませんか？

ポイント
■ワークライフバランス充実！（年間休日123日×完全週休2日制×土日休み）
■充実の待遇＆福利厚生！（賞与4ヶ月分！住宅手当あり！）

【 仕事内容】
公共工事および民間工事における土木施工管理業務全般を行っていただきます。

＜具体的な業務内容＞
■施工管理（工程・品質・安全管理）
■作業員への指示出し

※道路工事や治山ダムといった精度の高さが求められる公共工事から、
宅地・駐車場造成、住宅・店舗の外構・舗装などの民間工事まで幅広く携わります。
急な事故や自然災害時の復旧工事にも素早く高品質に対応しています。

【 株式会社ごんだはここが違う！】
【1】高品質で安心の施工をご提案
昭和6年の創業以来、公共工事から民間工事まで多様な現場で培ったノウハウをもとに、
お見積もりから施工、アフターフォローまでお客様の立場に立った低コスト＆高品質な最適施工をご提案します。

【2】環境作りを追求した施工品質＆スピーディーな対応
公共工事で求められる精度の高さや見た目の美しさを追求した技術力を生かし、
民間工事（宅地造成・舗装・外構工事など）においても
お客様にご満足いただける素早く高品質な施工をお約束します。

【3】緊急災害時にも素早く高品質に対応
急な事故や自然災害の復旧工事においても、
これまでの豊富な経験を活かしてスピーディーかつ高品質な施工を実施しています。

【 対応地域】
新城市を中心に、地元に根付いた営業・地域貢献を行っています。
＜主な営業対象範囲＞
新城市、豊川市、豊田市、豊橋市、設楽町、岡崎市、東栄町、静岡県浜松市 など

【沿革・企業の指針】
昭和6年の創業（権田組）以来、舗装・生コン事業などのグループ展開を経て、
平成8年に「株式会社ごんだ」として再スタート。
土木部と舗装部が連携し、長年培った技術と現場経験を活かして事業を展開しています。

創業当時から掲げる「地域と共に発展する」という精神のもと、
環境保全や安全・社会的責任を重視し、地域に根ざした総合建設業として歩み続けています。

【応募者の皆様へ】
ここまでお読みいただきありがとうございます！

当社は創業以来、「地域と共に発展する」という指針のもと、
長年培った技術と地域住民の皆様とのつながりを大切にしてきました。
公共工事中心の安定した環境で、ワークライフバランスを保ちながら地域に貢献できるお仕事です。

U・I・Jターンの方も大歓迎！皆様からのご応募を心よりお待ちしております","■残業10時間以下
■土日休み
■急募
■面接1回で終了
■月平均残業時間 月平均残業時間：10時間
■設立 昭和41年7月5日
■従業員数 34名","【必須条件】
U・I・Jターン歓迎
無資格でも応募OK！
■普通自動車運転免許（AT限定不可）

【歓迎条件】
■2級土木施工管理技士
■1級土木施工管理技士
■建設業界における現場経験

【学歴】
高卒以上","8時00分～17時00分（休憩90分）

■月平均残業時間
月平均残業時間：10時間","■土日休み
年間休日123日
完全週休2日制（土日休み）
■有給休暇（入社6ヶ月経過後10日付与）
■GW休暇／夏季休暇／年末年始休暇
■育児休業（取得実績あり）","＜本社＞
愛知県新城市庭野字東植田38-1

■通勤
マイカー通勤が可能です。","【通勤方法】
マイカー通勤可

【交通費】
通勤手当を支給します。","【給与】
月給 200,000円〜365,000円

【想定年収】
300万円〜700万円

【賃金内訳・給与の補足】
■月給：200,000円 ～ 365,000円
■昇給：あり
■賃金内訳：
・基本給 200,000円 ～ 300,000円
・現場手当 45,000円（条件による）
・資格手当 20,000円
※経験・スキルを考慮のうえ決定いたします。

【賞与】
4ヶ月分

【各種手当】
■現場手当 45,000円（条件による）
■資格手当 20,000円
■家族手当
■住宅手当
■通信手当","■社会保険完備（健康保険・厚生年金・雇用保険・労災保険）
■退職金制度あり（勤続1年以上）
■職務給制度
■作業服支給
■社用車貸与

【手当】
■家族手当
■住宅手当
■通信手当","【募集背景】
事業拡大に伴う増員募集

【雇用形態】
正社員（無期契約）

【選考フロー】
書類→適性検査→面接1回(対面)
※県外であればWEB相談可

【就業場所における受動喫煙防止措置】
屋内に喫煙室設置",,交通費支給、社会保険完備、マイカー通勤OK、土日祝休み、賞与あり、未経験歓迎,2,任意,生年月日、性別、電話番号,agent@enroots.co.jp,090-9189-8178,,利用する,,D,
募集中,株式会社エネチタ,反響営業（リフォーム／未経験から）｜株式会社エネチタ,販売員/セールススタッフ、個人営業、カウンターセールス,【半田市】100％反響営業のリフォーム提案／地域密着企業で未経験から始められます。年間休日135日・賞与年3回,475-0903,愛知県 半田市,,エネチタ半田常滑ショールーム,正社員,はい,月給,287000,552000,範囲で表示,なし,,,,,,,固定時間制,153,,健康保険、厚生年金、雇用保険、労災保険,,なし,,,,,,,,,,,,,,,,,,"不動産事業・リフォーム事業
【リフォーム事業】
100％反響営業
キッチン・お風呂など水回りのプロとして、
“快適な暮らし”を提案
ご自宅や店舗の水回りリフォームを中心に、お客様の理想の住まいづくりをサポート。
ご要望に寄り添った提案で、「お願いしてよかった」と言ってもらえるやりがいがあります。

【不動産事業】
「理想の住まい」との出会いをサポートする、住まいの案内人
「ハウスドゥ」をフランチャイズで展開。家や土地を探すお客様と一緒に物件見学や契約サポートを行い、住まいの夢を一緒に叶えます。
一生に一度の買い物に立ち会える、責任と喜びのある仕事です。","■残業20時間以下
■その他
■設立 1935年
■従業員数 440名","【必須条件】
■未経験者歓迎

【学歴】
学歴不問",9:00~18:00,"■その他
年間休日：135日
休暇制度：年末年始休暇、夏季休暇、特別休暇、産休・育休
補足情報：ウェディング休暇（最大7日間）","＜エネチタ半田常滑ショールーム＞
愛知県半田市

■通勤
マイカー通勤が可能です。","【通勤方法】
マイカー通勤可

【交通費】
通勤手当を支給します。","【給与】
月給 287,000円〜552,000円

【想定年収】
460万円〜1000万円

【賃金内訳・給与の補足】
インセンティブ制有り
上記月給とは別で、営業目標を達成した場合に売上に応じたインセンティブが支給さ

固定残業：￥58,110～￥61,370
35時間を超える残業代は追加で支給。

【賞与】
賞与回数3回

【各種手当】
■役職手当
■資格手当
■懇親会手当
■ローン応援手当
■ひとり暮らし応援手当（同棲も対象！）","■社会保険完備
■交通費支給
■退職金制度
■前払退職金制度

【手当】
■役職手当
■資格手当
■懇親会手当
■ローン応援手当
■ひとり暮らし応援手当（同棲も対象！）","【募集背景】
増員募集

【雇用形態】
正社員（無期契約）

【選考フロー】
オンライン面談
職場見学
事業部責任者面接
必要に応じて当日最終面接
内定",,交通費支給、社会保険完備、学歴不問、マイカー通勤OK、賞与あり、未経験歓迎,5,任意,生年月日、性別、電話番号,agent@enroots.co.jp,090-9189-8178,,利用する,,D,
募集中,株式会社テクノプロ　テクノプロ・IT社,インフラエンジニア（ネットワーク設計・構築／実務10年以上）｜株式会社テクノプロ　テクノプロ・IT社,ネットワークエンジニア、サーバーエンジニア、インフラエンジニア,【東京・神田】設計・構築から運用まで一貫して担うインフラエンジニア／実務10年以上の方を募集,,東京都 千代田区 神田須田町,1-10-2,メットライフ神田須田町ビル7F,正社員,はい,月給,416667,666667,範囲で表示,なし,,,,,,,固定時間制,162,,健康保険、厚生年金、雇用保険、労災保険,,あり,2,か月,試用期間2カ月（その間待遇に変更はありません）,,,,,,,,,,,,,,,"【仕事内容】
大手メーカーのプロジェクトを中心に、ネットワーク/サーバの運用・保守、設計・構築

【案件例】
■クラウドプラットフォーム(AWS、Azure)
上の設計・構築
■ネットワークインフラの企画・提案・設計・
構築・運用設計業務
■仮想化技術(Hyper-VやVMware)を用いた
サーバ・クラウドの設計・構築
■LTE・スマホ関連ネットワークの構築・運用
■サーバ(Windows、Linux)の運用・保守","■土日休み
■設立 1995/08/01
■従業員数 4,855名（2022年6月末現在）名","【必須条件】
◇必須
■設計・構築～運用までの一連の経験（10年以上）

【歓迎条件】
◇歓迎
■何かしらのリーダー経験
■手を動かすプレイングマネージャー

【学歴】
高卒以上","【勤務時間】
9：00～18：00（実働8時間）
◎月平均残業時間／12.5時間
◎残業代「100％」(1分単位)支給","■土日休み
【休日詳細】
完全週休2日制（土日祝※祝日のある週は土曜出勤の場合あり）、年末年始、有給休暇(夏季取得推奨日あり)、慶弔休暇、特別休暇、育児休業、介護休業、入社時休暇(上限3日)、災害時休暇(年5回、最大5日)
※年間休日122日","＜本社＞
東京都千代田区神田須田町1-10-2 メットライフ神田須田町ビル7F","【交通費】
通勤手当を支給します。","【給与】
月給 416,667円〜666,667円
※想定年収をもとにした月額換算です。

【想定年収】
500万円〜800万円

【賃金内訳・給与の補足】
【給与詳細】
想定年収：500万～800万以上（残業込み）
昇給：年1回（7月）
賞与：年2回／前年度実績：約4ヵ月 ※別途決算賞与を支給する場合あり
【諸手当】
通勤交通費支給
資格手当(約90種類）
残業代100%(1分単位)支給
役職手当
赴任手当
配属手当
テレワーク手当

【賞与】
年2回","【加入保険】
■健康保険・厚生年金・雇用保険・労災保険

【福利厚生詳細】
■福利厚生
寮社宅制度
帰省旅費補助
引越費用補助
テクノプログループ従業員持株会（奨励金あり）
慶弔見舞金制度
企業主導型ベビーシッター利用者支援制度
総合福祉団体定期保険
退職金制度(確定拠出年金制度)
財形貯蓄制度
社内クラブサークル活動支援
健康保険組合
福利厚生サービス「ベネフィット・ステーション」
[労働組合有]
[定年再雇用]
[EAP（カウンセリング）サービス]
[教育自己啓発関連]
[社内研修]
[通信教育補助]
[学会参加費]
[自己啓発支援]
[資格取得補助]等

■福利厚生②
社内外講習補助
図書購入補助
社外技術研修参加費

※各種制度・研修の利用については、社内承認が必要です

Winスクールでの豊富な講座を全国約50校で受講可能
※社内承認を得た講座は全額会社負担！","【雇用形態】
正社員（無期契約）

【選考フロー】
書類選考⇒面接（2回）⇒内定

※WEB適性検査（所要時間10分程度）

【就業場所における受動喫煙防止措置】
屋内全面禁煙",,交通費支給、社会保険完備、土日祝休み、賞与あり,1,任意,生年月日、性別、電話番号,agent@enroots.co.jp,090-9189-8178,,利用する,,D,
募集中,株式会社テクノプロ　テクノプロ・デザイン社,機械設計（航空機シート／ポテンシャル採用）｜株式会社テクノプロ　テクノプロ・デザイン社,機械設計、CAD/CAEオペレーター、生産技術,【愛知】航空機シートの機械設計エンジニア／社会人経験1年以上から応募できるポテンシャル採用。WEB面接可,,愛知県,,,正社員,はい,月給,300833,451333,範囲で表示,なし,,,,,,,固定時間制,162,,健康保険、厚生年金、雇用保険、労災保険,,あり,2,か月,入社後、2ヶ月間,,,,,,,,,,,,,,,"【仕事内容】
【愛知】航空機シートの機械設計エンジニア/ポテンシャル採用/WEB面接

航空機シートの機械設計の業務をご担当いただきます。

製品設計の中心となるプレス部品設計、樹脂部品設計の両方に携われるため、幅広い知識と経験を身に着けることができます。専門用語も少なく未経験スタートとしての敷居は高くないです。
また、メンターを付けますので安心して就業できます。

【業務内容】
■自動車シート部品（プレス部品・樹脂部品・ウレタン部品・織物および皮製品など）の製品設計業務
■2D・3Dモデル作成／法規対応／サプライヤ選定／コストおよび重量管理／実物での検討（単品検討・搭載検討）
■検討品のスケジュール管理／調整業務（お客様・サプライヤ・他部署）
など出来るところからのステップアップになります","■土日休み
■フレックス制
■設立 1997/06/01
■従業員数 23,357名名","【必須条件】
【必須要件】
■社会人経験1年以上
■文系（大学院、大学卒）
■PC業務(Excel/Outlook)経験

【あれば尚可】
■CATIA V5（CATIAでなくとも3D経験あれば可）
■Microsoft office（特にExcel）操作
■英語が出来ると尚可（辞書で調べながらでも良い）

この先身につけたい技術や手がけてみたい製品分野などについてヒアリング。さらに専任担当者が希望のキャリアを実現できるようサポートします。

チーム組織構成
当社のエンジニアがチームでプロジェクトに参画する「チーム配属」体制を強化。緊密なコミュニケーションで業務の効率化を図っています。

【こんな方を歓迎します】
■最先端のものづくり分野の技術力をつけたい
■他の分野で培った技術と経験を活かしたい
■将来の社会貢献繋がる仕事へ挑戦したい

【学歴】
高卒以上","【勤務時間】
8:30 ～ 17:30（フレックス コアタイムなし）

残業あり
■想定残業時間：20時間","■土日休み
【休日詳細】
完全週休2日制（土日祝※祝日のある週は土曜出勤の場合あり）
年末年始、有給休暇(夏季取得推奨日あり)、慶弔休暇、特別休暇、育児休業、介護休業、入社時休暇(上限3日)、災害時休暇(年5回、最大5日)
※年間休日122日",勤務地は愛知県です。,"【交通費】
通勤手当を支給します。","【給与】
月給 300,833円〜451,333円
※想定年収をもとにした月額換算です。

【想定年収】
361万円〜541万円

【賃金内訳・給与の補足】
【給与詳細】
年収：361万円～
賃金改定年1回（月給制：賞与あり）
年収：361万円～
月給：20.5万円～
開発経験がある方は、優遇します。

賞与年2回 (6月・12月)
※別途決算賞与(8月)を支給する場合あり

入社後、2ヶ月間

【賞与】
年2回","【加入保険】
社会保険完備（健康保険、厚生年金、雇用保険、労災保険、介護保険）

【福利厚生詳細】
日本最大手のエンジニア集団である弊社。
充実の福利厚生・待遇で、みなさまをしっかりとサポートします。

【各種手当】
帰省旅費補助、引越費用補助

【教育】
社内外講習補助、勉強会講師料補助、通信教育補助、資格取得補助、図書購入補助、社外技術研修参加費、自己啓発支援

【その他】
退職金制度(確定拠出年金制度)、慶弔見舞金制度、社内クラブサークル活動支援、健康保険組合、財形貯蓄制度、定年再雇用、テクノプロ・グループ従業員持株会（奨励金あり） 、福利厚生サービス「ベネフィット・ステーション」、総合福祉団体定期保険

寮・社宅制度（家族・単身・独身）

残業手当（1分単位）、役職手当、単身赴任手当、テレワーク手当 等

確定拠出型年金","【雇用形態】
正社員（無期契約）

【選考フロー】
面接1～2回
選考方法備考・・・1次面接（WEB）⇒2次面接(対面 or WEB)⇒内定

■面接地：対面の場合は本社または最寄りの支店にて実施する場合あり
■選考曜日：月～金曜日
■選考時間：10:00～19:00開始
※ご都合が合わない場合は、ご相談ください。

【就業場所における受動喫煙防止措置】
【受動喫煙】
原則屋内禁煙
ただし、就業場所により異なる",,交通費支給、社会保険完備、土日祝休み、賞与あり,3,任意,生年月日、性別、電話番号,agent@enroots.co.jp,090-9189-8178,,利用する,,D,
募集中,株式会社テクノプロ　テクノプロ・デザイン社,アナログ回路設計（次世代モビリティ）｜株式会社テクノプロ　テクノプロ・デザイン社,電気設計、回路設計、電子/半導体エンジニア,【刈谷市・自社開発センター勤務】次世代モビリティの回路エンジニア／アナログ電子回路の知見を活かせます,,愛知県 刈谷市 南桜町,1,刈谷事業所（当社開発センター）,正社員,はい,月給,400000,1000000,範囲で表示,なし,,,,,,,固定時間制,162,,健康保険、厚生年金、雇用保険、労災保険,,あり,2,か月,入社後、2ヶ月間,,,,,,,,,,,,,,,"【仕事内容】
【刈谷市：自社開発センター勤務】次世代モビリティ回路エンジニア

【募集背景】
テクノプロ・デザイン社では、自動車を含む様々なモビリティ製品の開発における専門の部署【モビリティ統括部】を設け、制御ソフト、電子回路設計、シミュレーション領域を中心に対応しています。
製品機能の複雑化・高度化が加速、また社会全体で品質や環境性能に対する要求が高まっており、開発提案型のプロセスへの対応力が求められています。
対象は自動車のみならずeVTOLなどのエアモビリティや船舶の電動化/自動航行、物流のラストワンマイル向けロボット、自動運転建設機械など様々なモビリティ製品を対象としており、その開発は急務となっています。
※モビリティ事業の実績は下記事例をご覧ください。
https://www.technopro.com/design/business_area/article/20210924-1180/

【モビリティ統括部について】
モビリティ統括部では技術指針【技術戦略マップ※1】を基に「エンジニアリング・サービス・プロバイダ」を目指し、開発初期段階から試作・量産までのメーカの開発プロセス全般を支援する機能と体制を整えているところです。
2024年4月現在、全国4拠点（神戸・刈谷・名古屋・東京）で450名を超えるエンジニアが在籍する規模となりましたが、その機能と体制を構築しメーカに対してより高度な技術提案や支援を行うことを目的に、向上心と技術を兼ね備えたエンジニアを求めています。
※1技術戦略マップ：当社の技術指針でエンジニア・営業・採用など全ての社員に関わる高付加価値戦略の根幹となっています
https://www.technopro.com/design/advantage/strategy/

【モビリティソリューションセンター 刈谷事業所について】
刈谷事業所では「電子回路」「システムズエンジニアリング」を柱としてざまざまなモビリティに対する開発支援を行っております。
方向性として「モジュール全体開発」を行える体制構築を進めております。

【業務概要】
各種モビリティの高度な電動化を実現するモジュールの開発を行います。
※ご経験やご希望を基に、担当いただく開発対象を選定いたします

１．モータ制御回路の設計開発
２．モータージェネレータやインバータといった電力変換回路設計
３．電池制御ECU回路の設計開発
４．モジュール全体の仕様検討
※ご経験や能力により、PM/PL/メンバーいずれかのポジションをお任せいたします。

【ポジション・役割】
ご経験により、PM/PL/リーダー候補いずれかのポジションでご活躍いただきます。

【テクノプロ・デザイン社について】
テクノプロ・デザイン社では7,400名を超えるエンジニアが上場企業を中心にソリューションサービスを提供しています。","■土日休み
■設立 1997/06/01
■従業員数 23,357名名","【必須条件】
業界経験問わず、以下知見や経験があればご活躍いただけます。

【必須】（いずれか）
■アナログ電子回路設計
■電気測定機器の業務使用経験
※車載機器の経験に限定しません

【フィットする人物像】
■新しい技術をつくることから携わりたい方
■既存の技術・概念にとらわれず、新たな開発にチャレンジしたい方
■これまでの知見を活かし自動車業界で新たなキャリアを積んでみたい方
■チームリードやマネジメントにチャレンジしたい方

【歓迎条件】
■仕様、設計、試作評価、量産までの一連の開発経験
■チームマネジメントや開発管理経験
■機能安全を考慮した車載機器の電子回路設計経験

※経験や適性により、PM/PL/PL候補いずれかのポジションをお任せいたします
※請負や準委任契約のため当社メンバーのチームで業務を遂行しており、スキルアップやキャリアアップを実現しやすい環境となっています

【学歴】
高卒以上","【勤務時間】
勤務時間：9:00-18:00
リモート勤務：プロジェクトによる
フレックスタイム制：有（プロジェクトによりコアタイムが変動）

残業あり
■想定残業時間：25時間","■土日休み
【休日詳細】
完全週休2日制（土日祝※祝日のある週は土曜出勤の場合あり）
年末年始、有給休暇(夏季取得推奨日あり)、慶弔休暇、特別休暇、育児休業、介護休業、入社時休暇(上限3日)、災害時休暇(年5回、最大5日)
※年間休日122日","＜刈谷事業所（当社開発センター）＞
愛知県刈谷市南桜町1

■受動喫煙対策
原則屋内禁煙","【交通費】
通勤手当を支給します。","【給与】
月給 400,000円〜1,000,000円
※想定年収をもとにした月額換算です。

【想定年収】
480万円〜1200万円

【賃金内訳・給与の補足】
【給与詳細】
年収：480～1,200万
月給：28万円～70万円＋賞与年2回（昨年度実績3.85ヶ月分）

経験・能力などを考慮の上、決定します。
残業代は固定支給ではなく、1分単位で残業手当を支給します。

【手当】
・交通費支給（上限15万円／月）
・残業手当（1分単位）
・赴任手当
・役職手当
・テレワーク手当

【昇給】
年1回

【他部門年収例 残業込み】
1,000万円／テクニカルエキスパート/入社3年（月給70万円）
800万円／チーフエンジニア/入社1年（月給48万円）

賞与年2回 ※別途決算賞与を支給する場合あり

入社後、2ヶ月間（条件の変更なし）

【賞与】
年2回","【加入保険】
社会保険完備（健康保険、厚生年金、雇用保険、労災保険、介護保険）

【福利厚生詳細】
日本最大手のエンジニア集団である弊社。
充実の福利厚生・待遇で、みなさまをしっかりとサポートします。

【各種手当】
帰省旅費補助、引越費用補助

【教育】
社内外講習補助、勉強会講師料補助、通信教育補助、資格取得補助、図書購入補助、社外技術研修参加費、自己啓発支援

【その他】
退職金制度(確定拠出年金制度)、慶弔見舞金制度、社内クラブサークル活動支援、健康保険組合、財形貯蓄制度、定年再雇用、テクノプロ・グループ従業員持株会（奨励金あり） 、福利厚生サービス「ベネフィット・ステーション」、総合福祉団体定期保険

寮・社宅制度（家族・単身・独身）

残業手当（1分単位）、役職手当、単身赴任手当、テレワーク手当 等

確定拠出型年金","【雇用形態】
正社員（無期契約）

【選考フロー】
書類選考 ⇒ 1次面接（採用部門）⇒ 2次面接（プロジェクトマネージャー） ⇒ 内定
※原則としてオンライン面接となりますが、ご要望等により対面面接を行います
※面接は2回を予定しております

【就業場所における受動喫煙防止措置】
【受動喫煙】
原則屋内禁煙
ただし、就業場所により異なる",,交通費支給、社会保険完備、土日祝休み、賞与あり、リモートワーク可,3,任意,生年月日、性別、電話番号,agent@enroots.co.jp,090-9189-8178,,利用する,,D,
募集中,株式会社テクノプロ　テクノプロ・デザイン社,サーバーエンジニア（クラウド・オンプレミス基盤）｜株式会社テクノプロ　テクノプロ・デザイン社,ネットワークエンジニア、サーバーエンジニア、インフラエンジニア,【東海】AWS・GCP・Azureやオンプレミス環境のインフラ基盤の設計・構築・運用／リモート勤務可,,愛知県,,,正社員,はい,月給,416667,666667,範囲で表示,なし,,,,,,,固定時間制,162,,健康保険、厚生年金、雇用保険、労災保険,,あり,2,か月,入社後、2ヶ月間 試用期間中の条件：同じ,,,,,,,,,,,,,,,"【仕事内容】
【会社説明】
テクノプロ・デザイン社は社会課題解決に向けて、メーカーやIT企業に対し設計・開発・生産技術の領域を中心に技術支援を行う企業です。
日本の主要産業である自動車・航空・精密機器などの多様な分野で、プロジェクトを牽引するリーダーや技術を極めるスペシャリストとして活躍できます。
近年では製造業のDX化に伴い、シミュレーション・IoT・AI領域のニーズも拡大中。現場に根差した技術力と課題解決力を兼ね備えた人材を求めています。

【具体的には】
お取引のある大手製造メーカーを中心に、クラウド環境（AWS、GCP、Azure）やオンプレミス環境におけるインフラ基盤の設計・構築・運用業務のすべての技術工程に携わっていただきます。
ネットワーク、サーバー、セキュリティ、データ基盤、運用保守、PMOなど、ご経験やご希望に応じた多様なプロジェクトをご用意しています。

例えば、、、
■クラウド・サーバー構築・運用
■ネットワーク設計・構築
■データ基盤・分析環境構築
■社内インフラ・業務支援
■金融・防衛・公共系インフラ対応
■プリセールス・提案業務

ユニットと呼ばれるチーム単位で取組んでいきます。
テクノプロデザインのエンジニアで最大20数名規模で構成されたプロジェクトもございます。
経験・スキルにより、PL、PMとして活躍いただくことも想定しています。

【使用される技術】
■Linux
■WindowsServer
■VMware(仮想化)
■AWS
■Azure
■GCP
■ActiveDirectory
■Zabbix
■Terraform
■ansible
■JP1

【プロジェクトによっては構想から】
クライアントが考える構想を元に課題感を抽出、整理し、解決するために、どのような方法で実現するか方針を定め取り組んでいます。タスクの洗い出しや課題抽出・対応方針策定・要求事項整理・評価など、構想フェーズから関わることができます。

【テクノプロ・デザイン社でのやりがい】
１．話題性の高いモノづくりに携わることができます。
２．プロジェクトによっては、白紙の段階から構想をもとに要件設定ができます。
３．様々な技術を試せる環境で働くことができます。
４．各々の技術力の成長ができる環境です。
５．ライフワークバランスが取りやすいです。

【働く環境】
リーディングカンパニーとして業界価値を高めるために、
そして、エンジニアの選択肢が多い働きやすい職場環境をつくるために、様々な取り組みを行っています。
例えば、技術コンサルティング業務のさらなる強化。これにより抜本的な収益構造改善による給与水準の向上や、
エンジニアが安定的に強みを磨き続ける環境づくりができるのです。
また、社員の夢を実現まで応援する「自己実現委員会」などの独自の研修制度や、
そもそもの生き方から共に考え、悩み、最適なキャリアを描く風土があり、人がいます。
技術を育てる技術が、テクノプロ・デザイン社には溢れています。

【豊富な研修制度】
自社研修以外にもUdemyやAidemyなどの外部e-Learningのコンテンツも会社負担でご利用いただけます。
技術研修数：1092研修
ヒューマン&ビジネス系研修：155研修
《これまでに研修を受講したエンジニアは97492名》
階層別、職能別、目的・課題別の研修プログラムを200種以上用意しており、
いつでも学ぶことができます。
さらに、技術研修事業を手がけるグループ会社が運営する、
全国60校以上の外部スクールも活用OK！多様なニーズに対応しています。
その他にもさまざまなプログラムを用意しております。","■土日休み
■設立 1997/06/01
■従業員数 23,357名名","【必須条件】
■必須
■サーバの設計、構築、運用のいずれかの経験5年以上

【歓迎条件】
■尚可
■クラウドに興味関心のある方
■下記の技術のいずれかを経験されている方
■Linux
■WindowsServer
■VMware(仮想化)
■ActiveDirectory
■Zabbix
■Terraform
■ansible
■JP1
■求める人物像
＜マインド＞
■チャレンジ精神旺盛な方
■顧客との会話が好きな方
■運用監視からステップアップしたい方
■クラウドなどの先端技術に興味がある方

【学歴】
高卒以上","【勤務時間】
■勤務時間：9:00 ～ 18:00 ※実働8時間
(休憩12:00～13:00)

時間外労働:あり
■想定残業時間：20時間","■土日休み
【休日詳細】
完全週休2日制（土日祝※祝日のある週は土曜出勤の場合あり）、年末年始、有給休暇(夏季取得推奨日あり)、慶弔休暇、特別休暇、育児休業、介護休業、入社時休暇(上限3日)、災害時休暇(年5回、最大5日)
※年間休日122日",勤務地は愛知県です。,"【交通費】
通勤手当を支給します。","【給与】
月給 416,667円〜666,667円
※想定年収をもとにした月額換算です。

【想定年収】
500万円〜800万円

【賃金内訳・給与の補足】
【給与詳細】
給与:賃金改定年1回
年収：500万円～800万円
月給：28.3万円～45.2万円

年2回 ※別途決算賞与を支給する場合あり

通勤交通費支給（月額上限15万円）

【賞与】
年2回","【加入保険】
社会保険完備（健康保険、厚生年金、雇用保険、労災保険、介護保険）

【福利厚生詳細】
手当:残業手当（1分単位）、役職手当 等
退職金:確定拠出型年金
労働組合 あり

福利厚生
日本最大手のエンジニア集団である弊社。
充実の福利厚生・待遇で、みなさまをしっかりとサポートします。

【各種手当】
帰省旅費補助、引越費用補助

【教育】
社内外講習補助、勉強会講師料補助、通信教育補助、資格取得補助、図書購入補助、社外技術研修参加費、自己啓発支援

【その他】
退職金制度(確定拠出年金制度)、慶弔見舞金制度、社内クラブサークル活動支援、健康保険組合、財形貯蓄制度、定年再雇用、テクノプロ・グループ従業員持株会（奨励金あり） 、福利厚生サービス「ベネフィット・ステーション」、総合福祉団体定期保険","【雇用形態】
正社員（無期契約）

【選考フロー】
面接1～2回
選考方法備考・・・1次面接（WEB）⇒2次面接(対面 or WEB)⇒内定

■面接地：対面の場合は本社または最寄りの支店にて実施する場合あり
■選考曜日：月～金曜日
■選考時間：9:00～20:00開始
※ご都合が合わない場合は、ご相談ください。

【就業場所における受動喫煙防止措置】
【受動喫煙】
原則屋内禁煙
ただし、就業場所により異なる",,交通費支給、社会保険完備、土日祝休み、賞与あり、リモートワーク可,10,任意,生年月日、性別、電話番号,agent@enroots.co.jp,090-9189-8178,,利用する,,D,
募集中,株式会社テクノプロ　テクノプロ・デザイン社,ソフトウェアエンジニア（業務系・Web・AI・画像処理）｜株式会社テクノプロ　テクノプロ・デザイン社,システムエンジニア、アプリケーションエンジニア、社内SE,【東海】業務系システムからクラウドサービス、Webアプリ、AI、画像処理まで幅広く手がけるソフトウェア開発／リモート勤務可,,愛知県,,,正社員,はい,月給,416667,666667,範囲で表示,なし,,,,,,,固定時間制,162,,健康保険、厚生年金、雇用保険、労災保険,,あり,2,か月,入社後、2ヶ月間 試用期間中の条件：同じ,,,,,,,,,,,,,,,"【仕事内容】
【会社説明】
テクノプロ・デザイン社は社会課題解決に向けて、メーカーやIT企業に対し設計・開発・生産技術の領域を中心に技術支援を行う企業です。
日本の主要産業である自動車・航空・精密機器などの多様な分野で、プロジェクトを牽引するリーダーや技術を極めるスペシャリストとして活躍できます。
近年では製造業のDX化に伴い、シミュレーション・IoT・AI領域のニーズも拡大中。現場に根差した技術力と課題解決力を兼ね備えた人材を求めています。

【業務内容】
取引先は全国の大手企業など800社以上ございます。
同社とプライム契約を結んでいる、大手メーカーやSIerにて、業務系システム・クラウドサービス・Webアプリ・モバイルアプリ・AI・画像処理、DX推進など、幅広い分野におけるソフトウェア開発業務に携わっていただきます。
要件定義から設計、実装、プロジェクトマネジメント等、ご経験やご希望に応じた多様なプロジェクトをご用意しています。

ユニットと呼ばれるチーム単位で取組んでいきます。
テクノプロデザインのエンジニアで最大20数名規模で構成されたプロジェクトもございます。
経験・スキルにより、PL、PMとして活躍いただくことも想定しています。

【テクノプロ・デザイン社でのやりがい】
１．話題性の高いモノづくりに携わることができます。
２．PJによっては、白紙の段階から構想をもとに要件設定ができます。
３．様々な技術を試せる環境で働くことができます。
４．各々の技術力の成長ができる環境です。
５．ライフワークバランスが取りやすいです。

【働く環境】
リーディングカンパニーとして業界価値を高めるために、
そして、エンジニアの選択肢が多い働きやすい職場環境をつくるために、様々な取り組みを行っています。
例えば、技術コンサルティング業務のさらなる強化。これにより抜本的な収益構造改善による給与水準の向上や、
エンジニアが安定的に強みを磨き続ける環境づくりができるのです。
また、社員の夢を実現まで応援する「自己実現委員会」などの独自の研修制度や、
そもそもの生き方から共に考え、悩み、最適なキャリアを描く風土があり、人がいます。
技術を育てる技術が、テクノプロ・デザイン社には溢れています。

【豊富な研修制度】
自社研修以外にもUdemyやAidemyなどの外部e-Learningのコンテンツも会社負担でご利用いただけます。
技術研修数：1092研修
ヒューマン&ビジネス系研修：155研修
《これまでに研修を受講したエンジニアは97492名》
階層別、職能別、目的・課題別の研修プログラムを200種以上用意しており、
いつでも学ぶことができます。
さらに、技術研修事業を手がけるグループ会社が運営する、
全国60校以上の外部スクールも活用OK！多様なニーズに対応しています。
その他にもさまざまなプログラムを用意しております。","■土日休み
■設立 1997/06/01
■従業員数 23,357名名","【必須条件】
■必須
■ソフトウェアの設計経験5年以上

【歓迎条件】
■尚可
■下記の技術のいずれかを経験されている方
■Java
■C#
■C++（VC++）
■JavaScript
■Python
■求める人物像
＜マインド＞
■チャレンジ精神旺盛な方
■顧客との会話が好きな方
■クラウドなどの先端技術に興味がある方

【学歴】
高卒以上","【勤務時間】
■勤務時間：9:00 ～ 18:00 ※実働8時間
(休憩12:00～13:00)

時間外労働:あり
■想定残業時間：20時間","■土日休み
【休日詳細】
完全週休2日制（土日祝※祝日のある週は土曜出勤の場合あり）、年末年始、有給休暇(夏季取得推奨日あり)、慶弔休暇、特別休暇、育児休業、介護休業、入社時休暇(上限3日)、災害時休暇(年5回、最大5日)
※年間休日122日",勤務地は愛知県です。,"【交通費】
通勤手当を支給します。","【給与】
月給 416,667円〜666,667円
※想定年収をもとにした月額換算です。

【想定年収】
500万円〜800万円

【賃金内訳・給与の補足】
【給与詳細】
年収：500万円～800万円
給与:賃金改定年1回
年収：500万円～800万円
月給：28.3万円～45.2万円

年2回 ※別途決算賞与を支給する場合あり

通勤交通費支給（月額上限15万円）

【賞与】
年2回","【加入保険】
社会保険完備（健康保険、厚生年金、雇用保険、労災保険、介護保険）

【福利厚生詳細】
手当:残業手当（1分単位）、役職手当 等
退職金:確定拠出型年金
労働組合 あり

【副業制度】
あり。ただし要申請

福利厚生
日本最大手のエンジニア集団である同社。
充実の福利厚生・待遇で、みなさまをしっかりとサポートします。

【各種手当】
帰省旅費補助、引越費用補助

【教育】
社内外講習補助、勉強会講師料補助、通信教育補助、資格取得補助、図書購入補助、社外技術研修参加費、自己啓発支援

【その他】
退職金制度(確定拠出年金制度)、慶弔見舞金制度、社内クラブサークル活動支援、健康保険組合、財形貯蓄制度、定年再雇用、テクノプロ・グループ従業員持株会（奨励金あり） 、福利厚生サービス「ベネフィット・ステーション」、総合福祉団体定期保険","【雇用形態】
正社員（無期契約）

【選考フロー】
面接1～2回
選考方法備考・・・1次面接（WEB）⇒2次面接(対面 or WEB)⇒内定

■面接地：対面の場合は本社または最寄りの支店にて実施する場合あり
■選考曜日：月～金曜日
■選考時間：9:00～20:00開始
※ご都合が合わない場合は、ご相談ください。

【就業場所における受動喫煙防止措置】
【受動喫煙】
原則屋内禁煙
ただし、就業場所により異なる",,交通費支給、社会保険完備、土日祝休み、賞与あり、リモートワーク可,10,任意,生年月日、性別、電話番号,agent@enroots.co.jp,090-9189-8178,,利用する,,D,
募集中,株式会社テクノプロ　テクノプロ・デザイン社,組み込みエンジニア（車載ECU・ロボット・建設機械）｜株式会社テクノプロ　テクノプロ・デザイン社,組み込みエンジニア、制御系ソフトウェア開発、システムエンジニア,【東海】車載ECU、自走式ロボット、アームロボット、建設機械、医療装置の組み込み開発／実務5年以上の方を募集,,愛知県,,,正社員,はい,月給,416667,666667,範囲で表示,なし,,,,,,,固定時間制,162,,健康保険、厚生年金、雇用保険、労災保険,,あり,2,か月,入社後、2ヶ月間 試用期間中の条件：同じ,,,,,,,,,,,,,,,"【仕事内容】
【会社説明】
テクノプロ・デザイン社は社会課題解決に向けて、メーカーやIT企業に対し設計・開発・生産技術の領域を中心に技術支援を行う企業です。
日本の主要産業である自動車・航空・精密機器などの多様な分野で、プロジェクトを牽引するリーダーや技術を極めるスペシャリストとして活躍できます。
近年では製造業のDX化に伴い、シミュレーション・IoT・AI領域のニーズも拡大中。現場に根差した技術力と課題解決力を兼ね備えた人材を求めています。

【業務内容】
同社のお客さま（自動車、医療機器、産業機器、通信機器等の大手メーカー）の開発現場で
組込エンジニア（車載ECU、自走式ロボット、アームロボット、建設機械、医療装置）として開発業務に従事していただきます。

【例えば】
■車載制御系ソフト開発
■画像処理・GPU開発
■医療・産業機器向け組込開発
■航空機器向け開発
■検査装置・テストシステム開発","■土日休み
■設立 1997/06/01
■従業員数 23,357名名","【必須条件】
【必須】
■組込実務経験が５年以上ある方

<具体的には下記何れかの経験>
■C言語でのプログラミング経験

【歓迎条件】
■車載ECUの組込み開発経験
■モデルベース開発の経験
■画像処理の開発経験
■リーダーの経験

【学歴】
高卒以上","【勤務時間】
■勤務時間：9:00 ～ 18:00 ※実働8時間
(休憩12:00～13:00)

時間外労働:あり
■想定残業時間：20時間","■土日休み
【休日詳細】
完全週休2日制（土日祝※祝日のある週は土曜出勤の場合あり）、年末年始、有給休暇(夏季取得推奨日あり)、慶弔休暇、特別休暇、育児休業、介護休業、入社時休暇(上限3日)、災害時休暇(年5回、最大5日)
※年間休日122日",勤務地は愛知県です。,"【交通費】
通勤手当を支給します。","【給与】
月給 416,667円〜666,667円
※想定年収をもとにした月額換算です。

【想定年収】
500万円〜800万円

【賃金内訳・給与の補足】
【給与詳細】
給与:賃金改定年1回
年収：500万円～800万円
月給：28.3万円～45.2万円

年2回 ※別途決算賞与を支給する場合あり

通勤交通費支給（月額上限15万円）

【賞与】
年2回","【加入保険】
社会保険完備（健康保険、厚生年金、雇用保険、労災保険、介護保険）

【福利厚生詳細】
手当:残業手当（1分単位）、役職手当 等
退職金:確定拠出型年金
労働組合 あり

福利厚生
日本最大手のエンジニア集団である弊社。
充実の福利厚生・待遇で、みなさまをしっかりとサポートします。

【各種手当】
帰省旅費補助、引越費用補助

【教育】
社内外講習補助、勉強会講師料補助、通信教育補助、資格取得補助、図書購入補助、社外技術研修参加費、自己啓発支援

【その他】
退職金制度(確定拠出年金制度)、慶弔見舞金制度、社内クラブサークル活動支援、健康保険組合、財形貯蓄制度、定年再雇用、テクノプロ・グループ従業員持株会（奨励金あり） 、福利厚生サービス「ベネフィット・ステーション」、総合福祉団体定期保険","【雇用形態】
正社員（無期契約）

【選考フロー】
面接1～2回
選考方法備考・・・1次面接（WEB）⇒2次面接(対面 or WEB)⇒内定

■面接地：対面の場合は本社または最寄りの支店にて実施する場合あり
■選考曜日：月～金曜日
■選考時間：9:00～20:00開始
※ご都合が合わない場合は、ご相談ください。

【就業場所における受動喫煙防止措置】
【受動喫煙】
原則屋内禁煙
ただし、就業場所により異なる",,交通費支給、社会保険完備、土日祝休み、賞与あり,10,任意,生年月日、性別、電話番号,agent@enroots.co.jp,090-9189-8178,,利用する,,D,
募集中,株式会社テクノプロ　テクノプロ・デザイン社,開発エンジニア（エアモビリティ）｜株式会社テクノプロ　テクノプロ・デザイン社,組み込みエンジニア、制御系ソフトウェア開発、システムエンジニア,【東海】エアモビリティなど次世代モビリティの開発エンジニア／制御ソフトの知見を活かせます,,愛知県,,,正社員,はい,月給,400000,1000000,範囲で表示,なし,,,,,,,固定時間制,161,,健康保険、厚生年金、雇用保険、労災保険,,あり,2,か月,入社後、2ヶ月間（条件の変更なし）,,,,,,,,,,,,,,,"【仕事内容】
【募集背景】
テクノプロ・デザイン社では、自動車を含む様々なモビリティ製品の開発における専門の部署【モビリティ統括部】を設け、制御ソフト、電子回路設計、シミュレーション領域を中心に対応しています。
製品機能の複雑化・高度化が加速、また社会全体で品質や環境性能に対する要求が高まっており、開発提案型のプロセスへの対応力が求められています。
対象は自動車のみならずeVTOLなどエアモビリティや船舶の電動化や自動航行、物流のラストワンマイル向けロボット、自動運転建設機械など、様々なモビリティ製品であり、その開発は急務となっています。
※モビリティ事業の実績は下記事例をご覧ください。
https://www.technopro.com/design/business_area/article/20210924-1180/

また同社は技術指針【技術戦略マップ※1】を基に専門部署にて開発初期段階から試作・量産までのメーカの開発プロセス全般を支援する機能と体制を整えています。
2023年2月現在で全国に400名を超えるエンジニアが在籍する規模となりましたが、その機能と体制をさらに強化するべく、向上心と技術を兼ね備えたエンジニアを求めています。
※1技術戦略マップ：テクノプロ・デザイン社の技術指針でエンジニア・営業・採用など全ての社員に関わる高付加価値戦略の根幹となっています。
https://www.technopro.com/design/advantage/strategy/

【業務概要】
エアモビリティなど次世代モビリティに対する下記業務を行います。
※ご経験やご希望を基に担当いただく開発対象や技術を選定いたします

１．eVTOL向けの電動化に対する電子回路もしくは制御ソフトの設計開発
２．エアロダイナミクス検討
３．1D-CAE、HILS、MILSなどを活用するシステム設計
４．同社開発チームのマネジメント
※ご経験や能力により、PM/PL/メンバーいずれかのポジションをお任せいたします。

【ポジション・役割】
PM/PL/リーダー候補/メンバー","■土日休み
■設立 1997/06/01
■従業員数 23,357名名","【必須条件】
業界経験問わず、以下知見や経験があればご活躍いただけます。

【必須】（いずれか）
■制御ソフト開発経験（C言語、MBD）
■基盤回路設計経験
■1D-CAEでのシミュレーションや取り扱い経験
■エアロダイナミクスの検討機械設計
■CFD解析の経験

【歓迎条件】
■航空機関連の開発経験
■仕様、設計、試作評価、量産までの一連の開発経験
■チームマネジメントや開発管理経験
■機能安全を考慮した車載機器の電子回路設計経験

※経験や適性により、PM/PL/メンバーいずれかのポジションをお任せいたします
※請負や準委任契約が中心のため、キャリアアップを実現しやすい環境となっています

【フィットする人物像】
■新しい技術をつくることから携わりたい方
■既存の技術・概念にとらわれず、新たな開発にチャレンジしたい方
■これまでの知見を活かし、グローバルニーズの高い領域で市場価値高く新たなキャリアを積んでみたい方
■チームリードやマネジメントにチャレンジしたい方

【学歴】
高卒以上","【勤務時間】
■勤務時間：9:00-18:00
リモート勤務：プロジェクトによる

■時間外労働：あり
想定残業時間：25時間","■土日休み
【休日詳細】
完全週休2日制（土日祝※祝日のある週は土曜出勤の場合あり）
年末年始、有給休暇(夏季取得推奨日あり)、慶弔休暇、特別休暇、育児休業、介護休業、入社時休暇(上限3日)、災害時休暇(年5回、最大5日)
※年間休日123日",勤務地は愛知県です。,"【交通費】
通勤手当を支給します。","【給与】
月給 400,000円〜1,000,000円
※想定年収をもとにした月額換算です。

【想定年収】
480万円〜1200万円

【賃金内訳・給与の補足】
【給与詳細】
月給：27万円～70万円＋賞与年2回（昨年度実績3.85ヶ月分）
年収：480～1,200万

経験・能力などを考慮の上、決定します。
残業代は固定支給ではなく、1分単位で残業手当を支給します。

【手当】
・交通費支給（上限15万円／月）
・残業手当（1分単位）
・赴任手当
・役職手当
・テレワーク手当等

【昇給】
年1回

【他部門年収例 残業込み】
1,000万円／テクニカルエキスパート/入社3年（月給70万円）
800万円／チーフエンジニア/入社1年（月給48万円）

【賞与】
年2回 ※別途決算賞与を支給する場合あり

【通勤交通費】
通勤交通費支給（月額上限15万円）

【住宅】
寮・社宅制度（家族・単身・独身）
（月2万円～3万円＋光熱費を個人負担）
※単身赴任の際は赴任手当支給あり（8万円/月）

【退職金】
確定拠出型年金

【賞与】
年2回","【加入保険】
社会保険完備（健康保険、厚生年金、雇用保険、労災保険、介護保険）

【福利厚生詳細】
寮社宅制度
帰省旅費補助
引越費用補助
テクノプログループ従業員持株会（奨励金あり）
慶弔見舞金制度
企業主導型ベビーシッター利用者支援制度
総合福祉団体定期保険
退職金制度(確定拠出年金制度)
財形貯蓄制度
社内クラブサークル活動支援
健康保険組合
福利厚生サービス「ベネフィット・ステーション」
[労働組合有]
[定年再雇用]
[EAP（カウンセリング）サービス]
[教育自己啓発関連]
[社内研修]
[通信教育補助]
[社内外講習補助]
[図書購入補助]
[社外技術研修参加費]
[学会参加費]
[自己啓発支援]
[資格取得補助]等","【雇用形態】
正社員（無期契約）

【選考フロー】
書類選考 ⇒ 1次面接（採用部門）⇒ 2次面接（プロジェクトマネージャー） ⇒ 内定
※オンライン面接となります
※面接は2回を予定しております

【就業場所における受動喫煙防止措置】
※【受動喫煙】原則屋内禁煙。ただし、就業場所により異なる",,交通費支給、社会保険完備、土日祝休み、賞与あり、リモートワーク可,10,任意,生年月日、性別、電話番号,agent@enroots.co.jp,090-9189-8178,,利用する,,D,
募集中,株式会社日立産業制御ソリューションズ,システムエンジニア（車載自己診断機能／フレックス勤務）｜株式会社日立産業制御ソリューションズ,組み込みエンジニア、制御系ソフトウェア開発、システムエンジニア,【豊田市】自動車メーカー向け車載システムの自己診断機能の設計開発／フレックス勤務。英語に抵抗のない方を歓迎します,,愛知県 豊田市,,,正社員,はい,月給,416667,666667,範囲で表示,なし,,,,,,,固定時間制,154,,健康保険、厚生年金、雇用保険、労災保険,,あり,3,か月,3ヶ月 試用期間中の条件：同じ,,,,,,,,,,,,,,,"【仕事内容】
同社は、自動車業界における自動運転や電動化の進化とともにシステム開発で培い、積み重ねて
きたCASE(※)に関する高度な技術と手法を活かして、お客さまの複雑化・大規模化するシステム
開発をコンサルティングからエンジニアリングまで幅広く支援しています。
※CASE：Connected（つながる）、Autonomous（自動運転）、Shared & Service（シェアリング/サービス）、Electric（電動化）の頭文字を組み合わせた造語です。

あなたにお任せするのは、愛知地区における自動車メーカー向け車載システムの自己診断機能設計開発。電気自動車に欠かせない充電・給電システムに関わるダイアグ機能の要件定義から詳細設計までの最上流工程を担当。完成した仕様を後工程の担当者に提供するまでが業務範囲となります。

※入社後は、OJTを通して実際の業務プロセスに携わりながら経験を積んでいただきます。業務に慣れてきたら10名弱のチームのマネジメントを担ってもらうことを期待いたします。

[この仕事の魅力・面白さ]
個人の裁量が大きいため、新しい技術やアイデアに対して自由に挑戦できます。プロジェクトにおいて自分の手腕を発揮し、イノベーションに貢献することができます。

[この仕事の大変さ]
個人の裁量が大きい分、プロジェクトの成功や成果は、個人の取り組みと決断に大きく依存します。また、問題解決能力が求められるため、高い専門知識と実務経験を学び、プロジェクトを成功に導くためのスキルを磨くことが必要です。

[働く環境について]
残業時間は平均で20時間程度です。","■社宅/家賃補助制度あり
■フレックス制
■土日休み
■設立 2014/04/01
■従業員数 3,580名（2022年4月）名","【必須条件】
何らかの車載システムの開発経験がある方

【学歴】
学歴不問","【勤務時間】
（所定労働時間7時間45分） フレックスタイム制あり（コアタイム:11:10～15:10）
【休憩】45分
【残業】有

[ワーク・ライフ・バランス]
・全社月平均残業時間：22.1時間（24年度実績）","■土日休み
【休日詳細】
[休日・休暇]
完全週休2日制（土曜日・日曜日）

祝日/メーデー/創立記念日（7/16）/年末年始/特別休日/リフレッシュ休暇/慶弔休暇/転勤休暇/育児休暇/介護休暇/不妊治療休暇 など
＊土曜日・日曜日に祝日が重なった場合、振替休日あり

■年間休日：126日（24年度）
■年次有給休暇取得平均：19日（24年度実績）
＊同社は「2025年健康経営優良法人 ホワイト500」認定されております。

[妊娠、出産、育児に関する各種制度]",勤務地は愛知県豊田市です。,"【交通費】
通勤手当を支給します。","【給与】
月給 416,667円〜666,667円
※想定年収をもとにした月額換算です。

【想定年収】
500万円〜800万円

【賃金内訳・給与の補足】
【給与詳細】
[想定年収]500万円～800万円

＜賃金形態＞
月給制

＜昇給有無＞
有

＜残業手当＞
有

＜給与補足＞
※ご年収はご経験・スキルに応じて総合的に判断・決定致します。

賃金はあくまでも目安の金額であり、選考を通じて上下する可能性があります。
月給(月額)は固定手当を含めた表記です。

【賞与】
賞与:年2回","【福利厚生】
■社宅/家賃補助制度あり

【加入保険】
健康保険、厚生年金保険、雇用保険、労災保険、厚生年金基金

【福利厚生詳細】
住宅手当（条件あり）/通勤手当/家族手当/カフェテリアプラン/退職金制度/企業年金制度（退職一時金、確定拠出年金、日立企業年金基金）/財形形成支援（財形貯蓄、日立持株会）/資格取得奨励金/見舞金制度（出産見舞金、介護休職給付金、災害見舞金、療養見舞金、生活扶助金）/リフレッシュ支援金・リフレッシュ休暇

[キャリア支援]
■資格取得支援制度の整備
■自己啓発教育メニューの整備（無料で14000講座利用可能）

[その他]
■ドレスコードフリー（オフィスでの服装は自由）","【雇用形態】
正社員（無期契約）

【選考フロー】
1.書類選考
2.面接（1～複数回）
3.内定
※選考内容は、状況に応じて変更が生じる場合があります。

【就業場所における受動喫煙防止措置】
受動喫煙対策：屋内全面禁煙",,交通費支給、社会保険完備、学歴不問、土日祝休み、賞与あり,1,任意,生年月日、性別、電話番号,agent@enroots.co.jp,090-9189-8178,,利用する,,D,
募集中,株式会社日立産業制御ソリューションズ,システムエンジニア（車載診断／残業月20時間程度）｜株式会社日立産業制御ソリューションズ,システムエンジニア、アプリケーションエンジニア、社内SE,【豊田市】車載診断の知見を活かせるシステムエンジニア／残業は平均20時間程度でワークライフバランスを保てます,,愛知県 豊田市,,,正社員,はい,月給,358333,916667,範囲で表示,なし,,,,,,,固定時間制,154,,健康保険、厚生年金、雇用保険、労災保険,,あり,3,か月,3ヶ月 試用期間中の条件：同じ,,,,,,,,,,,,,,,"【仕事内容】
同社は、自動車業界における自動運転や電動化の進化とともにシステム開発で培い、積み重ねて
きたCASE(※)に関する高度な技術と手法を活かして、お客さまの複雑化・大規模化するシステム
開発をコンサルティングからエンジニアリングまで幅広く支援しています。
※CASE：Connected（つながる）、Autonomous（自動運転）、Shared & Service（シェアリング/サービス）、Electric（電動化）の頭文字を組み合わせた造語です。

あなたにお任せするのは、愛知地区における自動車メーカー向け車載システムの自己診断機能設計開発。電気自動車に欠かせない充電・給電システムに関わるダイアグ機能の要件定義から詳細設計までの最上流工程を担当。完成した仕様を後工程の担当者に提供するまでが業務範囲となります。

※入社後は、OJTを通して実際の業務プロセスに携わりながら経験を積んでいただきます。業務に慣れてきたら10名弱のチームのマネジメントを担ってもらうことを期待いたします。

[この仕事の魅力・面白さ]
個人の裁量が大きいため、新しい技術やアイデアに対して自由に挑戦できます。プロジェクトにおいて自分の手腕を発揮し、イノベーションに貢献することができます。

[この仕事の大変さ]
個人の裁量が大きい分、プロジェクトの成功や成果は、個人の取り組みと決断に大きく依存します。また、問題解決能力が求められるため、高い専門知識と実務経験を学び、プロジェクトを成功に導くためのスキルを磨くことが必要です。

[働く環境について]
残業時間は平均で20時間程度です。

【PR】
同社は社員のワークライフバランスの実現に取り組んでおり、経済産業省「健康経営優良法人2023」に認定されております。","■社宅/家賃補助制度あり
■フレックス制
■土日休み
■設立 2014/04/01
■従業員数 3,580名（2022年4月）名","【必須条件】
車載診断に関する知見がある方

【学歴】
学歴不問","【勤務時間】
◎勤務時間
フレックスタイム制
コアタイム：10:50～15:20
フレキシブルタイム：7:05～10:50、15:20～22:00
休憩時間：45分
時間外労働有無：有

＜標準的な勤務時間帯＞
8:50～17:20
＜その他就業時間補足＞
【東京地区】8:50～17:20【茨城地区】8:40～17:10","■土日休み
【休日詳細】
完全週休2日制（休日は土日祝日）
年間有給休暇2日～24日（下限日数は、入社直後の付与日数となります）
年間休日日数126日

週休2日、年間休日126日、年次有給休暇
フレックスタイム制勤務制度、育児休暇、介護休暇、リフレッシュ休暇など",勤務地は愛知県豊田市です。,"【交通費】
通勤手当を支給します。","【給与】
月給 358,333円〜916,667円
※想定年収をもとにした月額換算です。

【想定年収】
430万円〜1100万円

【賃金内訳・給与の補足】
【給与詳細】
想定年収：430万円～1100万円

試用期間：有/3ヶ月（変更なし）

【賞与】
賞与:年2回","【福利厚生】
■社宅/家賃補助制度あり

【加入保険】
健康保険、厚生年金保険、雇用保険、労災保険

【福利厚生詳細】
通勤手当、家族手当、住宅手当、寮社宅、健康保険、厚生年金保険、雇用保険、労災保険、厚生年金基金、退職金制度

＜各手当・制度補足＞
通勤手当：新幹線・特急通勤の場合は一部自己負担有り
家族手当
住宅手当：但し、適用条件あり
寮社宅：但し、適用条件あり
社会保険
厚生年金基金
退職金制度

＜教育制度・資格補助補足＞
専門技術教育、階層別教育、グローバル教育、資格取得支援制度 等

＜その他補足＞
■各種社会保険、日立グループ団体保険制度、企業年金制度など
■従業員クラブ、スポーツ施設、病院、リゾート施設など
■短時間勤務制度あり（ただし、適用条件あり）","【雇用形態】
正社員（無期契約）

【選考フロー】
1.書類選考
2.面接（1～複数回）
3.内定
※選考内容は、状況に応じて変更が生じる場合があります。

【就業場所における受動喫煙防止措置】
屋内全面禁煙",,交通費支給、社会保険完備、学歴不問、土日祝休み、賞与あり,1,任意,生年月日、性別、電話番号,agent@enroots.co.jp,090-9189-8178,,利用する,,D,
募集中,株式会社アクセスネット,社内システム開発（生産管理システム／上流工程）｜株式会社アクセスネット,システムエンジニア、アプリケーションエンジニア、社内SE,【豊川市】コンサルから上流工程全般とベンダーコントロール／在宅勤務併用可・平均残業は月15時間程度,,愛知県 豊川市 穂ノ原,,,正社員,はい,月給,416667,583333,範囲で表示,なし,,,,,,,固定時間制,150,,健康保険、厚生年金、雇用保険、労災保険,,あり,3,か月,3ヶ月（試用期間中の待遇変わりなし）,,,,,,,,,,,,,,,"【仕事内容】
■業務内容：【製造メーカー向けシステム再構築のコンサルから携わっていただきます。
お客様システムの再構築におけるベンダー選定～本稼働立会までの期間を情報システム部門の部員と同じ立場で推進し、再構築したシステムは2工場（時期を変えて展開）で稼働させる予定です。
週単位にお客様責任者（グループ長）への進捗報告と課題報告なども実施しています。（※主な工程作業は以下の通り）
■ベンダー選定作業（RFP作成、コンペとりまとめなど）
■要件定義工程（ベンダー管理、利用部門への確認）
■基本設計工程～本稼働（ベンダー管理、利用部門への調整作業）
■次の工場への展開準備（開発がある場合、ベンター管理等も可能性あり）

【職場環境】
コンサルタント業務をメインに担当いただきます
※開発業務は担当いたしません。

【当社の魅力】
■正当な評価制度
社歴や役職に関係なく、技術力を評価しています。職種や専門分野ごとに明確化された目標があるのでステップアップしやすいのが特長です。しっかり技術力を身につけながら高いキャリアを目指せます。
■万全のフォロー体制
PM・PLなどのマネジメントを目指したい方に向けた研修のほか、新しい知識を獲得できる各種勉強会や資格取得支援などを完備しています。新たなスキルを獲得し、自分の可能性を広げられます。
現在、同ポジションを担当している先輩社員より、業務を学んでいただき徐々に案件を引き継いで頂きます。
■安定性と働きやすさ
社員定着率は90%以上で仕事もプライベートも充実させながら、長く安心して働ける環境が整っています。
年間休日は125日で、残業は月15時間程度、賞与年2回のほか、各種福利厚生も整っており、働きやすい環境作りに注力しています。

【入社後のフォロー】
代表も経営陣もエンジニア出身だからこそ、キャリアサポートは充実させています。
定期面談や随時相談、必要に応じた勉強会や研修、同じキャリアビジョンを持つエンジニア同士のコミュニティなどで、自分らしいキャリア構築を支援しています。将来的には部門長を目指すことも可能です。","■土日休み
■設立 1990年（平成2年）12月25日
■従業員数 110名（2023年6月現在）名","【必須条件】
＜応募資格/応募条件＞
【必須条件】
■生産管理システム開発経験 実務1年以上

【学歴】
学歴不問","【勤務時間】
9:00～17:30 （所定労働時間：7時間30分）
休憩時間：60分（12:00～13:00）
時間外労働有無：有
＜その他就業時間補足＞
月平均残業時間：15時間","■土日休み
【休日詳細】
完全週休2日制（休日は土日祝日）
年間有給休暇5日～10日（下限日数は、入社直後の付与日数となります）
年間休日日数125日

■年末年始休暇
■夏季休暇
■慶弔休暇
■有給休暇
■産前・産後休暇(取得実績有)
■育児休暇(取得実績有)
■アニバーサリー休暇(年2日)
有給：試用期間(3ヶ月)終了後5日、入社6ヶ月5日 計10日付与","＜本社＞
愛知県豊川市穂ノ原

■在宅勤務
併用が可能です。

■通勤
マイカー通勤が可能です。","【通勤方法】
マイカー通勤可

【交通費】
通勤手当を支給します。","【給与】
月給 416,667円〜583,333円
※想定年収をもとにした月額換算です。

【想定年収】
500万円〜700万円

【賃金内訳・給与の補足】
【給与詳細】
想定年収：500万円～700万円
＜賃金形態＞
月給制
■特記事項なし

＜賃金内訳＞
月額（基本給）：300,000円～500,000円

＜月給＞
300,000円～500,000円

＜昇給有無＞
有

＜残業手当＞
有

＜給与補足＞
■能力・経験・前職給与等を考慮の上決定いたします。
■昇給：年1回
■賞与：年2回（7月、12月）業績により決算賞与の支給の場合あり

賃金はあくまでも目安の金額であり、選考を通じて上下する可能性があります。
月給(月額)は固定手当を含めた表記です。","【加入保険】
各種社会保険完備

【福利厚生詳細】
＜各手当・制度補足＞
家族手当：扶養家族（被扶養配偶者を除く）一人につき5千円
退職金制度：入社5年以降

＜育休取得実績＞
有（育休後復帰率100%）

＜教育制度・資格補助補足＞
■資格取得費用補助（合格の場合のみ）

＜その他補足＞
慶弔見舞金､社員親睦会､保養所､リゾート施設利用会員、交通費全額支給、従業員紹介報奨金制度、役職手当、","【雇用形態】
正社員（無期契約）

【選考フロー】
・書類選考
・一次面接
・最終面接
・内定

【就業場所における受動喫煙防止措置】
敷地内全面禁煙",,交通費支給、社会保険完備、学歴不問、マイカー通勤OK、土日祝休み,1,任意,生年月日、性別、電話番号,agent@enroots.co.jp,090-9189-8178,,利用する,,D,
募集中,株式会社ビーネックスソリューションズ,組み込みソフトウェア開発（C++・Linux）｜株式会社ビーネックスソリューションズ,組み込みエンジニア、制御系ソフトウェア開発、システムエンジニア,【刈谷市】組み込みソフトウェア開発のメンバー募集／C++とLinuxの経験を活かせます。リモート勤務あり,,愛知県 刈谷市,,,正社員,はい,月給,358333,516667,範囲で表示,なし,,,,,,,固定時間制,162,,健康保険、厚生年金、雇用保険、労災保険,,あり,3,か月,試⽤期間3ヶ⽉/同条件,,,,,,,,,,,,,,,"【仕事内容】
■チームの開発メンバーとして、製品の要件仕様に従い、設計・実装・評価を担当。
システム仕様書、要求書より、ソフト設計、コーディング、机上評価、結合テスト、システム評価の実務を担当いただきます。

民製品の組込み開発を行うプロジェクトにて、開発メンバーとして携わっていただきます。
プロジェクト規模の拡大を目的とした募集になります。
幅広く技術に携わりたい、チームメンバーと協力して大きな成果を出したい、といった方大歓迎です。

＜身に付くスキル＞
■組込み開発スキル ・映像処理機能／通信機能に関する知識・経験 ・上流工程（基本設計）から評価実施まで幅広いスキル","■土日休み
■リモート可
■設立 1999年8月6日 （創業 1985年5月）
■従業員数 1,132名名","【必須条件】
＜業界経験＞
ソフトウェア開発の経験

＜必要スキル・経験＞
■開発スキル
■C++（2年以上の業務経験）
■Linux（2年以上の業務経験）

【歓迎条件】
＜歓迎するスキル・経験＞
■C言語の開発経験
■Yocto/Bitbake環境での開発経験
■プロセス間通信を用いた開発経験
■音声/映像信号を扱った開発の経験

【学歴】
高専/短大/専門卒以上","【勤務時間】
勤務時間：9:00～18:00
所定労働時間：8時間00分（休憩60分）
残業：月平均15時間

＊プロジェクトにより異なります","■土日休み
【休日詳細】
年間休日122日
完全週休二日（土・日）
GW（9日）
夏季（9日）
年末年始（10日）
有給休暇（平均取得10日/年）
慶弔休暇
産休・育休
介護休暇
子の看護休暇","＜刈谷本社＞
愛知県刈谷市

■リモート勤務
可能です。","【交通費】
通勤手当を支給します。","【給与】
月給 358,333円〜516,667円
※想定年収をもとにした月額換算です。

【想定年収】
430万円〜620万円

【賃金内訳・給与の補足】
【給与詳細】
［想定年収］430万円～620万円
［月給］24万円～
［想定年収］430万円～620万円
※試用期間3ヶ月（期間中の条件は同一）

【手当】
・交通費（上限：月額5万円まで）
・残業手当（1分単位で全額支給）
・資格手当（受験費用負担。資格取得お祝い金）

【昇給】
年1回（4月）
【賞与】
年2回（6月・12月）

【賞与】
年2回（6月・12月）","【加入保険】
【保険制度】
■健康保険
■厚生年金
■雇用保険
■労災保険

【福利厚生詳細】
【福利厚生】
ベネフィットステーション
※映画、ジム、水族館などが割引
関東ITソフトウェア健康保険組合
※旅行補助金、スポーツクラブの割引あり
慶弔見舞金
定期健康診断
社員持株会
時短勤務取得実績あり
退職金（企業型確定拠出年金）","【雇用形態】
正社員（無期契約）

【選考フロー】
1.書類選考
2.面接（1～複数回）
3.内定
※選考内容は、状況に応じて変更が生じる場合があります。

【就業場所における受動喫煙防止措置】
屋内原則禁煙",,交通費支給、社会保険完備、土日祝休み、賞与あり、リモートワーク可,3,任意,生年月日、性別、電話番号,agent@enroots.co.jp,090-9189-8178,,利用する,,D,
募集中,株式会社ビーネックスソリューションズ,車載制御ソフトウェア開発（受託持ち帰り業務）｜株式会社ビーネックスソリューションズ,組み込みエンジニア、制御系ソフトウェア開発、システムエンジニア,【刈谷市】車載制御ソフトウェアの受託開発／自動車の業務知識は問いません。リモート勤務あり,,愛知県 刈谷市,,,正社員,はい,月給,358333,516667,範囲で表示,なし,,,,,,,固定時間制,162,,健康保険、厚生年金、雇用保険、労災保険,,あり,3,か月,試⽤期間3ヶ⽉/同条件,,,,,,,,,,,,,,,"【仕事内容】
■チームの開発メンバーとして、システムの詳細設計/実装/評価を担当
システム仕様書、要求書より、ソフト設計、コーディング、机上評価、結合テスト、システム評価実務担当を担当いただきます。

■主なツール
OS：Windows10
DB：-
言語：C言語
ツール：Excel/Word/PowerPoint/CANoe/オシロスコープ
フレームワーク：-
※あくまで現受注範囲の内容となりますので対応製品等によって変化します

受託業務規模拡大に向けメンバーーを募集します。
これまでの経験、知識を生かして更にステップアップしたい方
共に会社の成長、新たな可能性にチャレンジしてくれる仲間をお待ちしています！

■この求人の魅力
■受託開発案件の為、受注案件に応じて幅広い製品に携わることができますのでエンジニアとしての習熟度を高めていただけるとともに、上流工程(仕様設計）~評価実施まで幅広いスキルを段階的に身に着ける事ができます。
■着実にステップアップを目指していくことができます","■土日休み
■リモート可
■設立 1999年8月6日 （創業 1985年5月）
■従業員数 1,132名名","【必須条件】
＜業界経験＞
ソフトウェア開発の経験※自動車に関する業務知識は問いません

＜必要スキル・経験＞
■C言語での開発経験1年以上
■組み込み開発、評価のご経験

＜求める人物像＞
■改善意欲・実績のある方

英語力：不問
資格：不問

【歓迎条件】
＜歓迎するスキル・経験＞
■上流工程での設計
■マイコン周辺機能、ハードウェア制御の知見

【学歴】
高専/短大/専門卒以上","【勤務時間】
勤務時間：9:00～18:00
所定労働時間：8時間00分（休憩60分）
残業：月平均15時間

＊プロジェクトにより異なります","■土日休み
【休日詳細】
年間休日122日
完全週休二日（土・日）
GW（9日）
夏季（9日）
年末年始（10日）
有給休暇（平均取得10日/年）
慶弔休暇
産休・育休
介護休暇
子の看護休暇","＜刈谷本社＞
愛知県刈谷市

■リモート勤務
可能です。","【交通費】
通勤手当を支給します。","【給与】
月給 358,333円〜516,667円
※想定年収をもとにした月額換算です。

【想定年収】
430万円〜620万円

【賃金内訳・給与の補足】
【給与詳細】
［想定年収］430万円～620万円
［月給］24万円～
［想定年収］430万円～620万円

※試⽤期間3ヶ⽉（試用期間中の条件は同じです）

【手当】
・交通費（上限5万円/月）
・残業手当（1分単位で全額支給）
・資格手当（受験費用負担。資格取得お祝い金）
【昇給】
年1回（4月）
【賞与】
年2回（6月・12月）

【賞与】
年2回（6月・12月）","【加入保険】
【保険制度】
■健康保険
■厚生年金
■雇用保険
■労災保険

【福利厚生詳細】
【福利厚生】
ベネフィットステーション
※映画、ジム、水族館などが割引
関東ITソフトウェア健康保険組合
※旅行補助金、スポーツクラブの割引あり
慶弔見舞金
定期健康診断
社員持株会
時短勤務取得実績あり
退職金（企業型確定拠出年金）","【雇用形態】
正社員（無期契約）

【選考フロー】
1.書類選考
2.面接（1～複数回）
3.内定
※選考内容は、状況に応じて変更が生じる場合があります。

【就業場所における受動喫煙防止措置】
屋内原則禁煙",,交通費支給、社会保険完備、土日祝休み、賞与あり、リモートワーク可,3,任意,生年月日、性別、電話番号,agent@enroots.co.jp,090-9189-8178,,利用する,,D,
募集中,株式会社ビーネックスソリューションズ,組み込みソフトウェア開発（本社勤務・リモート併用）｜株式会社ビーネックスソリューションズ,組み込みエンジニア、制御系ソフトウェア開発、システムエンジニア,【刈谷市】刈谷本社勤務の組み込みソフトウェア開発／リモートと出社の割合は1対1です,,愛知県 刈谷市,,,正社員,はい,月給,358333,516667,範囲で表示,なし,,,,,,,固定時間制,,,健康保険、厚生年金、雇用保険、労災保険,,あり,3,か月,試⽤期間3ヶ⽉/同条件,,,,,,,,,,,,,,,"【仕事内容】
■チームの開発メンバとして、製品の要件仕様に従い、設計・実装・評価を担当
システム仕様書、要求書より、ソフト設計、コーディング、机上評価、結合テスト,システム評価実務担当を担当いただきます。

民製品の組込み開発を行うプロジェクトにて、プロジェクト全体のマネジメントに携わっていただきます。
プロジェクト規模の拡大を目的とした募集になります。
幅広く技術に携わりたい、チームメンバと協力して大きな成果を出したい、といった方大歓迎です。

<身に付くスキル>
■組込み開発スキル
■映像処理機能/通信機能に関する知識・経験
■チームマネジメントスキル
■業務計画立案、クライアントとの折衝","■土日休み
■リモート可
■設立 1999年8月6日 （創業 1985年5月）
■従業員数 1,132名名","【必須条件】
【必須スキル・経験】
■開発スキル
■C++（2年以上の業務経験）
■Linux（2年以上の業務経験）

【応募資格】
学歴：専門学校卒以上
業界経験：ソフトウェア開発の経験
英語力：不問
資格：不問

【歓迎条件】
■C言語の開発経験
■Yocto/Bitbake環境での開発経験
■プロセス間通信を用いた開発経験
■音声/映像信号を扱った開発の経験
■チーム管理、進捗管理経験

【学歴】
高専/短大/専門卒以上","【勤務時間】
勤務時間：9:00～18:00
所定労働時間：8時間00分（休憩60分）
残業：月平均15時間

＊プロジェクトにより異なります","■土日休み
【休日詳細】
◇年間休⽇121日
◇完全週休2⽇制/⼟⽇
◇GW・夏季・年末年始/各9⽇程
◇有給/初年度10⽇
◇慶弔
◇特別
◇産前産後・育休
◇介護休暇","＜刈谷本社＞
愛知県刈谷市

■リモート勤務
可能です。","【交通費】
通勤手当を支給します。","【給与】
月給 358,333円〜516,667円
※想定年収をもとにした月額換算です。

【想定年収】
430万円〜620万円

【賃金内訳・給与の補足】
【給与詳細】
［想定年収］430万円~620万円
［月給］240000円～
［想定年収］430万円~620万円

※試⽤期間3ヶ⽉（試用期間中の条件は同じです）

【手当】
・交通費（上限：月額50,000円まで）
・残業手当（1分単位で全額支給）
・資格手当（受験費用負担。資格取得お祝い金）
【昇給】
年1回（4月）
【賞与】
年2回（6月・12月

【賞与】
年2回（6月・12月）","【加入保険】
社会保険完備
【社会保険制度】
■健康保険
■厚生年金
■雇用保険
■労災保険

【福利厚生詳細】
【福利厚生】
■リゾート施設使用割引
■スポーツクラブ利用補助
■退職金（確定拠出年金）
■慶弔見舞金制度
■定期健康診断
■育児休業制度
■介護休業制度
■産前産後休業制度
■育児介護短時間勤務制度（子が小学校卒業まで）
■子の介護休暇制度（当該子が一人の場合は5日/年）
■ベネフィットステーション（各種サービス割引利用）
■安否確認システム
■社員持株会","【雇用形態】
正社員（無期契約）

【選考フロー】
1.書類選考
2.面接（1～複数回）
3.内定
※選考内容は、状況に応じて変更が生じる場合があります。

【就業場所における受動喫煙防止措置】
屋内原則禁煙",,交通費支給、社会保険完備、土日祝休み、賞与あり、リモートワーク可,3,任意,生年月日、性別、電話番号,agent@enroots.co.jp,090-9189-8178,,利用する,,D,
募集中,株式会社鈴鍵,造園・土木施工管理（ビオトープ施工）｜株式会社鈴鍵,造園/エクステリア施工、土木施工管理、工事監督/現場監督,【豊田市】全国トップクラスのビオトープ施工に携わる造園・土木施工管理／設立45年の安定企業。引越し費用の一部負担あり,,愛知県 豊田市 中金町,塚ノ本111-3,,正社員,はい,月給,250000,530000,範囲で表示,なし,,,,,,,固定時間制,,,健康保険、厚生年金、雇用保険、労災保険,,あり,2,か月,"■試用期間2ヶ月

試用期間中は給与条件が異なります
【給与】
固定残業代：なし
【一律手当】
全員に一律で支払われる通勤・皆勤・家族手当金額：なし
全員に一律で支払われるその他手当金額：なし",,,,,,,,,,,,,,,"設立45年以上。環境技術で未来を創る安定企業

当社は愛知県豊田市を拠点に、設立45年以上の環境技術企業です。
伐採・造園・土木工事を中心に、ビオトープの造成やウッドチップリサイクルシステムを活用した施工など、自然と共生する環境づくりに取り組んでいます。

特にビオトープ施工においては、全国トップクラスの施工・提案実績を誇り、業界のパイオニアとして数多くのプロジェクトを手掛けてきました。
大手自動車メーカーへのビオトープ施工実績もあり、他社にはない独自性の高い案件を手掛けていることが強みです。

ビオトープって？
ビオトープとは、生きものが暮らせる自然環境を人工的に再現した空間のことです。池や湿地、草地などを整備し、昆虫や鳥、小動物などが集まる豊かな生態系をつくり出します。単なる造園工事ではなく、「自然をデザインする仕事」とも言える分野です。

一つとして同じものはない、クリエイティブな仕事
ビオトープの施工は、一般的な土木工事とは大きく異なります。
求められるのは施工技術だけではなく、生物多様性への理解や、その土地の歴史・文化・周辺環境を読み解く力。
お客様のご要望も現場の条件も毎回異なるため、同じ案件は一つとしてありません。

「どのような形・大きさの池を配置するのか」
「どういう樹木や花を植えていくのか」
「どんな自然環境をつくれば生きものが集まるのか」
「地域にとってどんな空間が最適なのか」

そんなことを考えながら形にしていく、創造性にあふれた仕事です。
完成後に植物が育ち、生きものが集まり、環境が豊かになっていく様子を見られることも、この仕事ならではの大きなやりがいです。

仕事内容
造園・土木工事に関する施工管理業務をお任せします。

＜具体的な業務内容＞
■緑地・造園工事の設計施工
■工程・予算・品質・安全管理
■元請会社・協力会社との打ち合わせ
■CADを使用した施工図面の作成
■各種書類作成・現場管理業務

担当エリアと働き方
■担当エリア
現場は愛知県内が中心です。
■移動方法
現場への移動には社用車を使用します。
■遠方勤務について
遠方エリアでの勤務が発生した場合は、遠隔地手当を支給します。

案件について
■主な施工内容
■公園の新設・改修工事
（遊具設置、植栽工事など）
■一般住宅や飲食店の造園工事
■企業・工場の緑地整備
■ビオトープの施工・維持管理
■街路樹の維持管理
■工事の特徴
造園工事に伴う造成・舗装・排水などの土木工事も含め、一体的に施工管理を行います。
■案件規模
■担当件数
3～4件を並行して担当
■工期
1ヶ月未満の小～中規模案件が中心
※案件の規模によって工期は異なります。公園など1日で完了する工事もあれば、ビオトープ施工のように6ヶ月前後にわたる案件もあります。

入社後の流れ
まずは当社の工事案件や業務の進め方を理解していただくため、比較的工期が短く取り組みやすい案件から担当していただきます。

施工管理の資格や実務経験をお持ちの方であれば、これまでの経験を活かしながら即戦力としてご活躍いただけます。

経験やスキルに応じて徐々に担当範囲を広げていき、慣れてきたら3～4件程度の案件を並行して担当していただきます。

組織・職場環境
社員数約50名の少数精鋭組織です。

UIターン歓迎
■全国からのご応募を歓迎します

当社では、遠方からご入社いただく方にも安心して新しい生活をスタートしていただけるよう、サポート体制を整えています。
引越し費用については、会社が一部負担いたしますので、転居を伴う転職をお考えの方もぜひご相談ください。

勤務地となる愛知県豊田市は、世界的な自動車産業の中心地として高い利便性を持ちながら、豊かな自然環境にも恵まれた暮らしやすい街です。

実際に県外から転居して入社した社員も活躍しており、新しい環境でキャリアを築きたい方を歓迎しています。
まずはオンライン面談で仕事内容や働き方、移住に関することなどを気軽にお話しできればと思います。

メッセージ
時代が求める「ビオトープ」のプロフェッショナルへ

近年、SDGsやESG経営への関心の高まりを背景に、生物多様性の保全に貢献するビオトープへの注目が高まっています。

実際に当社にも、「企業敷地内にビオトープを整備したい」「自然と共生する環境をつくりたい」といったご相談が増加しています。

こうしたニーズの高まりを受け、ビオトープをはじめとする環境創造の分野は今後もさらなる成長が期待されています。

日本の美しい自然環境を守りながら、人々の暮らしに貢献していく。

そんな、次代に求められる技術者として活躍してみませんか。

ご応募を心よりお待ちしております。","■土日休み
■産休/育休実績あり
■社宅/家賃補助制度あり
■月平均残業時間 残業は1日に1～2時間程度です。
■設立 1979年9月20日
■従業員数 54名","【必須条件】
資格不問！有資格者の方大歓迎！

＜必須＞
■施工管理の実務経験のあるお方
■普通自動車運転免許

資格の有無よりも、複数案件をマルチにこなし、状況に応じて柔軟に対応できる実務力を重視した採用を行っています。

【歓迎条件】
＜特に歓迎＞
■1級/2級土木施工管理技士
■1級/2級造園施工管理技士

＜歓迎＞
■土木監理技術者
■造園監理技術者
■測量士
■測量士補
■ビオトープアドバイザー（入社後の取得も可能です）
■1級/2級ビオトープ施工管理士
■1級/2級ビオトープ計画管理士

【こんな方にオススメ】
■自然を作る仕事を担当したい
■デザイン性の高い現場を手がけてみたい
■経験・資格を活かして新しい業界・領域に挑戦したい
■地球を守る仕事がしたい

【学歴】
学歴不問","勤務時間：8:00~17:00
休憩：90分
実働時間：1日あたり7時間30分

※現場までの移動時間は含まれません。

■月平均残業時間
残業は1日に1～2時間程度です。","■土日休み
【休日】
■完全週休二日制 ※しかし繁忙期は休日が変更する可能性があります
※その他、当社年間カレンダーによる

【休暇制度】
■GW休暇
■夏季休暇
■年末年始休暇
■慶弔休暇
■産前・産後休暇
■育児休暇
■介護休暇
■有給休暇
■有給はほとんどの場合、希望の日程で取得できます。取りやすい雰囲気ですよ。","＜本社＞
愛知県豊田市中金町塚ノ本111-3

■通勤
マイカー通勤が可能です。","【通勤方法】
マイカー通勤可

【交通費】
通勤手当を支給します。","【給与】
月給 250,000円〜530,000円

【想定年収】
350万円〜750万円

【賃金内訳・給与の補足】
想定年収：350万円〜750万円
月給：25万円～53万円
※経験・能力に応じて決定します。

＜給与詳細＞
基本給：月給 25万円 〜53万円
固定残業代：なし

＜一律手当＞
全員に一律で支払われる通勤・皆勤・家族手当金額：なし
全員に一律で支払われるその他手当金額：なし

■昇給あり（年1回）
■賞与あり（年2回） ※業績により特別賞与付与

【給与例】
650万円／入社10年目（施工管理技士有資格者） 月給30万円+各種手当+賞与

【賞与】
（年2回）※業績により特別賞与付与

【各種手当】
■役職手当
■家族手当
■通勤手当（上限2万円）
■住宅手当（独身赴任者に支給）
■技術手当（所持している資格に応じて支給）
■遠隔地手当（遠方での勤務の際に支給／規定有）","【福利厚生】
■産休/育休実績あり
■社宅/家賃補助制度あり

【社会保険】
雇用保険・労災保険・健康保険・厚生年金

【福利厚生】
■◎◎ 安心の保険制度 ◎◎◎
多種多様な工事を請け負う当社。
社会保険はもちろん、独自の保険制度を導入しています。
■労災上積み保険（業務災害総合保険、事業総合賠償責任保険）
■退職金制度（中小企業退職金共済、林業退職金共済、建設業退職金共済）
■社員旅行（国内／海外）
■各種社内行事及びレクリエーション
■各種資格取得支援あり

【手当】
■役職手当
■家族手当
■住宅手当（独身赴任者に支給）
■技術手当（所持している資格に応じて支給）
■遠隔地手当（遠方での勤務の際に支給／規定有）","【雇用形態】
正社員（無期契約）

【選考フロー】
書類選考→最終面接→内定

【就業場所における受動喫煙防止措置】
社内禁煙",,交通費支給、社会保険完備、学歴不問、マイカー通勤OK、土日祝休み、賞与あり,5,任意,生年月日、性別、電話番号,agent@enroots.co.jp,090-9189-8178,,利用する,,D,
募集中,株式会社鈴鍵,造園・土木施工管理（公園・緑地／資格不問）｜株式会社鈴鍵,造園/エクステリア施工、土木施工管理、工事監督/現場監督,【豊田市】公園・緑地づくりを支える造園・土木施工管理／資格は問いません。全国からの応募可・引越し費用の一部負担あり,,愛知県 豊田市 中金町,塚ノ本111-3,,正社員,はい,月給,250000,350000,範囲で表示,なし,,,,,,,固定時間制,,,健康保険、厚生年金、雇用保険、労災保険,,あり,2,か月,"■試用期間2ヶ月

試用期間中は給与条件が異なります
【給与】
固定残業代：なし
【一律手当】
全員に一律で支払われる通勤・皆勤・家族手当金額：なし
全員に一律で支払われるその他手当金額：なし",,,,,,,,,,,,,,,"設立45年以上。環境技術で未来を創る安定企業

当社は愛知県豊田市を拠点に、設立45年以上の環境技術企業です。
伐採・造園・土木工事を中心に、ビオトープの造成やウッドチップリサイクルシステムを活用した施工など、自然と共生する環境づくりに取り組んでいます。

特にビオトープ施工においては、全国トップクラスの施工・提案実績を誇り、業界のパイオニアとして数多くのプロジェクトを手掛けてきました。
大手自動車メーカーへのビオトープ施工実績もあり、他社にはない独自性の高い案件を手掛けていることが強みです。

ビオトープって？
ビオトープとは、生きものが暮らせる自然環境を人工的に再現した空間のことです。池や湿地、草地などを整備し、昆虫や鳥、小動物などが集まる豊かな生態系をつくり出します。単なる造園工事ではなく、「自然をデザインする仕事」とも言える分野です。

一つとして同じものはない、クリエイティブな仕事
ビオトープの施工は、一般的な土木工事とは大きく異なります。
求められるのは施工技術だけではなく、生物多様性への理解や、その土地の歴史・文化・周辺環境を読み解く力。
お客様のご要望も現場の条件も毎回異なるため、同じ案件は一つとしてありません。

「どのような形・大きさの池を配置するのか」
「どういう樹木や花を植えていくのか」
「どんな自然環境をつくれば生きものが集まるのか」
「地域にとってどんな空間が最適なのか」

そんなことを考えながら形にしていく、創造性にあふれた仕事です。
完成後に植物が育ち、生きものが集まり、環境が豊かになっていく様子を見られることも、この仕事ならではの大きなやりがいです。

仕事内容
造園・土木工事に関する施工管理業務をお任せします。

＜具体的な業務内容＞
■緑地・造園工事の設計施工
■工程・予算・品質・安全管理
■元請会社・協力会社との打ち合わせ
■CADを使用した施工図面の作成
■各種書類作成・現場管理業務

担当エリアと働き方
■担当エリア
現場は愛知県内が中心です。
■移動方法
現場への移動には社用車を使用します。
■遠方勤務について
遠方エリアでの勤務が発生した場合は、遠隔地手当を支給します。

案件について
■主な施工内容
■公園の新設・改修工事
（遊具設置、植栽工事など）
■一般住宅や飲食店の造園工事
■企業・工場の緑地整備
■ビオトープの施工・維持管理
■街路樹の維持管理
■工事の特徴
造園工事に伴う造成・舗装・排水などの土木工事も含め、一体的に施工管理を行います。
■案件規模
■担当件数
3～4件を並行して担当
■工期
1ヶ月未満の小～中規模案件が中心
※案件の規模によって工期は異なります。公園など1日で完了する工事もあれば、ビオトープ施工のように6ヶ月前後にわたる案件もあります。

未経験から安心して成長できる環境
資格・経験は一切問いません！
入社後は、まず当社の工事案件や仕事の流れを学ぶことからスタート。比較的工期が短く、取り組みやすい案件を先輩社員と一緒に担当しながら、施工管理の基礎を身につけていただきます。
経験豊富な先輩が丁寧にサポートするため、業界未経験の方でも安心して成長できる環境です。
仕事に慣れてきたら、徐々に担当範囲を広げ、将来的には3～4件程度の案件を並行して担当できる施工管理へと成長していただきます。

当社では資格や経験よりも、人柄や「挑戦してみたい」という意欲を重視した採用を行っています。体育会系の部活動やチームスポーツなど、仲間と協力しながら目標に向かって取り組んだ経験をお持ちの方は、その経験を活かしてご活躍いただけます。

組織・職場環境
社員数約50名の少数精鋭組織です。

UIターン歓迎
■全国からのご応募を歓迎します

当社では、遠方からご入社いただく方にも安心して新しい生活をスタートしていただけるよう、サポート体制を整えています。
引越し費用については、会社が一部負担いたしますので、転居を伴う転職をお考えの方もぜひご相談ください。

勤務地となる愛知県豊田市は、世界的な自動車産業の中心地として高い利便性を持ちながら、豊かな自然環境にも恵まれた暮らしやすい街です。

実際に県外から転居して入社した社員も活躍しており、新しい環境でキャリアを築きたい方を歓迎しています。
まずはオンライン面談で仕事内容や働き方、移住に関することなどを気軽にお話しできればと思います。

メッセージ
時代が求める「ビオトープ」のプロフェッショナルへ

近年、SDGsやESG経営への関心の高まりを背景に、生物多様性の保全に貢献するビオトープへの注目が高まっています。

実際に当社にも、「企業敷地内にビオトープを整備したい」「自然と共生する環境をつくりたい」といったご相談が増加しています。

こうしたニーズの高まりを受け、ビオトープをはじめとする環境創造の分野は今後もさらなる成長が期待されています。

日本の美しい自然環境を守りながら、人々の暮らしに貢献していく。

そんな、次代に求められる技術者として活躍してみませんか。

ご応募を心よりお待ちしております。","■土日休み
■産休/育休実績あり
■社宅/家賃補助制度あり
■月平均残業時間 残業は1日に1～2時間程度です。
■設立 1979年9月20日
■従業員数 54名","【必須条件】
資格不問！有資格者の方大歓迎！

＜必須＞
■施工管理の実務経験のあるお方
■普通自動車運転免許

資格の有無よりも、複数案件をマルチにこなし、状況に応じて柔軟に対応できる実務力を重視した採用を行っています。

【歓迎条件】
＜特に歓迎＞
■1級/2級土木施工管理技士
■1級/2級造園施工管理技士

＜歓迎＞
■土木監理技術者
■造園監理技術者
■測量士
■測量士補
■ビオトープアドバイザー（入社後の取得も可能です）
■1級/2級ビオトープ施工管理士
■1級/2級ビオトープ計画管理士

【こんな方にオススメ】
■自然を作る仕事を担当したい
■デザイン性の高い現場を手がけてみたい
■経験・資格を活かして新しい業界・領域に挑戦したい
■地球を守る仕事がしたい

【学歴】
学歴不問","勤務時間：8:00~17:00
休憩：90分
実働時間：1日あたり7時間30分

※現場までの移動時間は含まれません。

■月平均残業時間
残業は1日に1～2時間程度です。","■土日休み
【休日】
■完全週休二日制 ※しかし繁忙期は休日が変更する可能性があります
※その他、当社年間カレンダーによる

【休暇制度】
■GW休暇
■夏季休暇
■年末年始休暇
■慶弔休暇
■産前・産後休暇
■育児休暇
■介護休暇
■有給休暇
■有給はほとんどの場合、希望の日程で取得できます。取りやすい雰囲気ですよ。","＜本社＞
愛知県豊田市中金町塚ノ本111-3

■通勤
マイカー通勤が可能です。","【通勤方法】
マイカー通勤可

【交通費】
通勤手当を支給します。","【給与】
月給 250,000円〜350,000円

【想定年収】
300万円〜500万円

【賃金内訳・給与の補足】
想定年収：300万円〜500万円
月給：21万円～35万円
※経験・能力に応じて決定します。

＜給与詳細＞
基本給：月給 21万円 〜 35万円
固定残業代：なし

＜一律手当＞
全員に一律で支払われる通勤・皆勤・家族手当金額：なし
全員に一律で支払われるその他手当金額：なし

■昇給あり（年1回）
■賞与あり（年2回） ※業績により特別賞与付与

【給与例】
650万円／入社10年目（施工管理技士有資格者） 月給30万円+各種手当+賞与

【賞与】
（年2回）※業績により特別賞与付与

【各種手当】
■役職手当
■家族手当
■通勤手当（上限2万円）
■住宅手当（独身赴任者に支給）
■技術手当（所持している資格に応じて支給）
■遠隔地手当（遠方での勤務の際に支給／規定有）","【福利厚生】
■産休/育休実績あり
■社宅/家賃補助制度あり

【社会保険】
雇用保険・労災保険・健康保険・厚生年金

【福利厚生】
■◎◎ 安心の保険制度 ◎◎◎
多種多様な工事を請け負う当社。
社会保険はもちろん、独自の保険制度を導入しています。
■労災上積み保険（業務災害総合保険、事業総合賠償責任保険）
■退職金制度（中小企業退職金共済、林業退職金共済、建設業退職金共済）
■社員旅行（国内／海外）
■各種社内行事及びレクリエーション
■各種資格取得支援あり

【手当】
■役職手当
■家族手当
■住宅手当（独身赴任者に支給）
■技術手当（所持している資格に応じて支給）
■遠隔地手当（遠方での勤務の際に支給／規定有）","【雇用形態】
正社員（無期契約）

【選考フロー】
書類選考→最終面接→内定

【就業場所における受動喫煙防止措置】
社内禁煙",,交通費支給、社会保険完備、学歴不問、マイカー通勤OK、土日祝休み、賞与あり,5,任意,生年月日、性別、電話番号,agent@enroots.co.jp,090-9189-8178,,利用する,,D,
募集中,株式会社グロップ,提案営業・キャリアアドバイザー｜株式会社グロップ,法人営業、個人営業、企画営業,【東海】提案営業またはキャリアアドバイザー／選考を通じて適したポジションを決定します,,愛知県,,,正社員,はい,月給,333333,541667,範囲で表示,なし,,,,,,,固定時間制,151,,健康保険、厚生年金、雇用保険、労災保険,,あり,3,か月,3ヶ月（待遇変化：なし）,,,,,,,,,,,,,,,"【仕事内容】
■提案営業◆
人材派遣サービスを切り口に、クライアント企業のビジネス課題を把握し、解決のためのソリューション提案を行っていただきます。「人手が足りない」企業と「仕事がしたい」登録スタッフの架け橋となるだけではなく、事業の創出や拡大の支援にも関わっていくのがミッションです。

【具体的には】
「派遣社員を活用したい」という企業に対し、ビジネスモデルや現状の課題をヒアリング。人材派遣にとどまらず、BPO（ビジネス・プロセス・アウトソーシング）などの提案を行ない、業務の外部委託による効率化・コスト最適化などを図っていきます。

＜ソリューション例＞
■コールセンター業務のアウトソーシング化
■ダイレクトマーケティングのプロセス設計
■新商品開発のサポート など

【手がける業種について】
日本で展開されている業種の90％以上と取引があり、「人材×コールセンター」「人材×ダイレクトマーケティング」「テレマーケティング×物流」といった掛け合わせで、クライアントの課題解決を行ないます。多彩な業種のビジネスに関わり、経営視点を持って支援していける環境です。

【評価について】
同社では一人ひとりが目標を設定する仕組みを導入。会社や上司が決めたノルマをこなすのではなく、自分で目標を決めるため、ポジティブな気持ちで達成を目指すことができます。

【同ポジションのやりがい】
同社の営業は決まったモノを売るのではなく、多彩なソリューションを企画し、お客様のお困りごとを解決しています。「こんな組み合わせはどうかな」という自由な発想で、幅広い提案が叶います。そんな提案で一度つながりを持つと、⻑いお付き合いになることが多くあります。売って終わり、一度きり、ということではなく、お客様との関係性をどんどん強く太くしていくことができます。パートナーとしてお客様に頼られ、お互いの信頼関係を築いていくやりがいを感じられます。
また、売って終わりではないからこそ、「信頼関係を築けない」「⻑いお付き合いを実現できない」という場合には、十分な活躍を手にすることは難しいといえます。同社は継続的なお付き合いをしてこそ、課題の核心に迫る提案も生まれると考えます。
裁量が大きくあることで、その人自身の企画力・提案力がお客様の課題解決を左右することにもなります。

ーーーーーーーーーーーーーーーーー

■キャリアアドバイザー◆
人材を求める企業と、仕事を探している登録スタッフをつなぐ仕事です。スタッフの採用面接や就業前のアドバイスをするなど、スムーズに就業開始できるようにフォローしていきます。キャリアアドバイザーは、担当営業と連携しながら、企業の事業発展に貢献していきたいと考えています。

【具体的には】
お客様である企業と登録スタッフの間に立って、両者のフォローを担当していただきます。両者の要望を聞きながら、最適な提案を行います。採用面接や就業前の教育を行なうとともに、職場に馴染めるようにサポートをお願いします。登録スタッフのご希望や気持ちをしっかりと理解し、安心して活躍いただけるように、フォローには力をいれていただきます。

▼登録スタッフのキャリアカウンセリング
現在の就業状況の確認や今後のキャリアパスの相談などをお伺いし、求職者の方がイキイキと働いていけるような職場をご紹介します。長期的な活躍やその人の成長を見据えて、時には厳しいことを伝えることも大切です。希望だけではなく、適性にあったお仕事をご提案していただきます。

▼企業への人材ニーズの深掘り
企業に対して、人材ニーズについてヒアリングします。担当者への誠実な対応を心がけ、長期的な関係の構築を目指してください。スタッフと企業の双方が納得できるにはどうすべきかを考え、自信を持って提案することが大切です。

【アイデアを反映しやすい職場です！】
トップからの指示で動くのではなく、現場からアイデアを発信していく社風が同社の特徴です。現場の意見やアイデアを柔軟に取り入れ、営業戦略やツールも現場の声を反映して常に新しいものに変えていきます。経営陣が決めたマニュアルで動くのではなく、社員全員が一丸となって事業を創り上げています。

【同ポジションのやりがい】
企業の担当者や登録スタッフをはじめ、多くの人と接する仕事です。企業の問題解決や登録スタッフのカウンセリングを通じて、目の前の人を笑顔にできたときは喜びを感じられます。1人ひとりと真摯に向き合ってサポートし、長期的な関係を築けることもこの仕事の魅力です。","■土日休み
■設立 1975/10/13
■従業員数 【単体】440名 【グループ連結】950名 ※2022年3月現在名","【必須条件】
【必須条件】
■法人営業経験 1年以上
■普通自動車運転免許

【求める人物像】
■自分で考えて行動を起こせる方
■負けず嫌いな方
■何事にも前向きに取り組める方

【歓迎条件】
■マネジメント経験をお持ちの方

【学歴】
学歴不問","【勤務時間】
9:00〜17:30(実働7時間30分/休憩1時間)","■土日休み
【休日詳細】
年間休日124日
■完全週休2日制(土・日)
■祝日
■年末年始休暇（12月29日～1月4日）
■年次有給休暇（入社4か月後に3日付与）
■産前産後・育児休暇 ※取得実績多数あり!復帰率は約9割!
■特別休暇",勤務地は愛知県です。,"【交通費】
通勤手当を支給します。","【給与】
月給 333,333円〜541,667円
※想定年収をもとにした月額換算です。

【想定年収】
400万円〜650万円

【賃金内訳・給与の補足】
【給与詳細】
想定年収 : 400万円〜650万円
月給：281,000円～359,000円
(基本給)：225,000円～285,000円
◎経験や能力を考慮し、優遇します。
◎上記金額には、一律支給の固定残業手当(26時間分/51,000円～64,000円)を含みます。また、超過分は別途支給いたします。
◎事務系職種は固定残業手当の支給はなく、時間外労働分の実費支給となります。

◆年収例","【加入保険】
社会保険完備（雇用・労災・健康・厚生年金）

【福利厚生詳細】
■給与改定年2回
■賞与年2回
■決算賞与
■退職金制度
■結婚祝い金
■出産祝い金
■事業計画発表会
■社員持株会
■契約ホテルあり""""・給与改定年2回
■賞与年2回
■決算賞与
■退職金制度
■結婚祝い金
■出産祝い金
■事業計画発表会
■社員持株会
■契約ホテルあり","【雇用形態】
正社員（無期契約）

【選考フロー】
書類選考→ 1次〜3次面接+筆記試験→内定
※原則全て対面での面接を行っております。遠方にお住まいの場合など、状況により1次をWEBで実施する場合もあります。
＊ご本人の希望を配慮し、選考段階または内定後に職種及び勤務地を決定します。

<面接地について>
現住所を踏まえ、東京本部、関西本部、岡山駅前オフィス、本社、のいずれかでの面接となります。

【就業場所における受動喫煙防止措置】
喫煙室設置",,交通費支給、社会保険完備、学歴不問、土日祝休み,2,任意,生年月日、性別、電話番号,agent@enroots.co.jp,090-9189-8178,,利用する,,D,
募集中,リックス株式会社,機械設計（3D CAD／実務5年程度）｜リックス株式会社,機械設計、CAD/CAEオペレーター、生産技術,【豊田市】中部テクニカルセンターでの機械設計／3D CADを使った設計業務のご経験を活かせます,,愛知県 豊田市 寿町,5-12,中部テクニカルセンター,正社員,はい,月給,310000,,最低額を表示,なし,,,,,,,固定時間制,161,,健康保険、厚生年金、雇用保険、労災保険,,あり,2,か月,試用期間２ヵ月 試用期間中の条件：同じ,,,,,,,,,,,,,,,"仕事内容
■完成車メーカーおよび1次サプライヤー向けの装置および治具等の機械設計
電池関連の開発及び生産部門の顧客の要求仕様に基づく機械設計業務
■専用装置の構想および機械設計
■治具等の構想および機械設計
※上記業務に関する顧客や仕入先との打合せ、見積作成、組立指示等も含む","■社宅/家賃補助制度あり
■土日休み
■設立 1964年(昭和39年)5月
■従業員数 437名（2022年3月31日現在）名","【必須条件】
【必須】
機械設計の業務経験(概ね5年程度)
3D CADの操作ができる方

【必要資格】
普通自動車免許

【歓迎条件】
特殊仕様の自動機、搬送機、治具等において設計・見積・顧客折衝等の一連の業務経験がある方

【学歴】
高専/短大/専門卒以上","【勤務時間】
8時30分～17時00分 （残業月平均20時間）","■土日休み
【休日詳細】
完全週休2日制/土曜・日曜・祝日（但し、稼動日数に配慮し振替えの場合あり）
GW休暇、夏期休暇、年末年始休暇、年間休日123日（2022年度実績）

＜有給休暇＞
入社6ヵ月経過後、10日付与
以降順次繰越（最大40日）","＜中部テクニカルセンター＞
愛知県豊田市寿町5-12","【交通費】
通勤手当を支給します。","【給与】
月給 310,000円〜

【想定年収】
434万円〜651万円

【賃金内訳・給与の補足】
【給与詳細】
＜給与＞
月給 310,000 円 -
基本給 206,000円 月収 266,000円～
残業込み月収：310,000円～
残業実績支払い（20時間と仮定44,000円）

総合職は借上社宅制度が適用されます。
家族が扶養親族の場合は家族手当支給があります。5,000円～

＜昇給＞
年1回（4月）

＜賞与＞
年2回（6月、12月）
業績により変動します（直近3か年の平均支給実績 8か月/年）

【賞与】
賞与:年2回","【福利厚生】
■社宅/家賃補助制度あり

【加入保険】
健康保険、厚生年金保険、雇用保険、労災保険

【福利厚生詳細】
＜手当＞
職種手当、住宅手当、家族手当、残業手当、通勤交通費

＜福利厚生＞
退職金制度、借上社宅制度、共済会制度、湯布院保養所、リフレッシュ休暇、永年勤続表彰、福利厚生アウトソーシング、インフルエンザ予防接種費用、ソフトバンクホークスチケット社員割引 など

＜借上社宅＞
借上社宅制度有り
地区で限度額を設定しています。
入居費用（敷金・礼金）会社負担です。
引越代は県外のみ会社負担","【雇用形態】
正社員（無期契約）

【選考フロー】
選考ステップ
①書類選考
②適性検査（web)
③面接（1次）
④面接（最終）
※1次面接は中部テクニカルセンター(愛知県豊田市)またはWebにて、最終面接は中部テクニカルセンターにて予定しております。

【就業場所における受動喫煙防止措置】
屋内全面禁煙",,交通費支給、社会保険完備、土日祝休み、賞与あり,3,任意,生年月日、性別、電話番号,agent@enroots.co.jp,090-9189-8178,,利用する,,D,
募集中,鈴与株式会社,ソリューション営業（物流）｜鈴与株式会社,法人営業、個人営業、企画営業,【豊橋市・転勤なし】物流のソリューション営業／社会人経験1年以上から応募できます,,愛知県 豊橋市,,豊橋支店,正社員,はい,月給,354167,466667,範囲で表示,なし,,,,,,,固定時間制,160,,健康保険、厚生年金、雇用保険、労災保険,,あり,6,か月,試用期間／有り（６ヵ月間、本採用後の労働条件との相違なし。）,,,,,,,,,,,,,,,"【仕事内容】
■採用背景

「世の中にある物流の無駄を省く」

経済のグローバル化、EＣの普及等により、動くモノの「量」は増加の一途を辿り、モノの「動き方」も複雑さを極めています。
また、日本国内においては人口減を背景に物流の担い手が減少、トラックなどのCO２排出による環境問題への取り組みも待ったなしの状況にあります。

一方で、世の中にはまだまだ「無駄な」物流が多く残されています。

例えば、貨物輸送の９０％以上を担うトラック輸送について、積載率（最大積載量に対する実際の積載数量）が４割を下回っている現状があり、極端に言えば、６割のトラックは空の状態で走っていると言えます。

世の中には「無駄」な物流が非常に多く残されており、私たちは、その無駄をなくすとともに、お客さまのビジネス上の課題解決まで踏み込んだサービスを提供することで、取引を拡大しています。また、社会インフラたる物流を支え、守ることは私たちの使命でもあります。

BtoB、BtoCの領域において、物流の最適化・サプライチェーンの清流化を図る当社のサービスは、あらゆる業種・業界の企業様の販売戦略・サステナビリティ戦略・経営戦略に大きく貢献できるため、多くの企業様から当社サービスにご興味をいただいており、コロナ禍でも毎年業績を伸ばしています。この成長を続け、より高いレベルのサービスを提供していくため、現在、採用強化を図っております。

■業務詳細
■東三河エリアを中心に法人顧客（日系・外資系）の物流課題、経営課題のコンサルティング、ソリューション提案営業を行う部門への配属となります。
■具体的には、企業様のニーズ、課題の把握、データ分析、最適化提案 / オペレーション設計（物流センター・レイアウト設計、マテハン選定、作業・配送の設計等） / 案件獲得後、現場でのオペレーション構築（立上げ）支援 / サービス導入後の顧客フォローアップ 等
■物流未経験の方は、物流現場でのオペレーションやカスタマーサービスといった実務を担い、物流の基礎を身に着けていただきます。","■社宅/家賃補助制度あり
■土日休み
■設立 創業：1801年（享和元年）　・　創立： 1936年（昭和11年）
■従業員数 1,166人（2019年11月1日現在）名","【必須条件】
■必須
■社会人経験1年以上
■普通自動車運転免許（AT限定可）

【歓迎条件】
【歓迎】
■物流経験者
■法人営業経験者
■鈴与で長く、成長することができる方
■飽くなき向上心をお持ちの方
■環境変化を愉しみ、柔軟に対応できる方
■「自己改革」できる方。

【学歴】
大学卒以上","【勤務時間】
8：00～16：50
勤務場所により異なる場合があります。","■土日休み
【休日詳細】
■週休2日制（土曜日、日曜日）、祝日、年末年始、年次有給休暇（12～22日）、慶弔休暇、産前産後休暇、育児休暇および休業、介護休暇および休業、看護休暇、リフレッシュ休暇、裁判員休暇、生理休暇、その他特別休暇
■年間休日：120日以上","＜豊橋支店＞
愛知県豊橋市

■転勤
ありません。","【交通費】
通勤手当を支給します。","【給与】
月給 354,167円〜466,667円
※想定年収をもとにした月額換算です。

【想定年収】
425万円〜560万円

【賃金内訳・給与の補足】
【給与詳細】
【年収例】425万～560万円
【月給】235,000円～
【年収例】425万～560万円 ※時間外勤務手当を含めた想定年収です。通勤手当等の諸手当は規定に応じ別途支給します。

試用期間／有り（６ヵ月間、本採用後の労働条件との相違なし。）

【賞与】
賞与:年2回","【福利厚生】
■社宅/家賃補助制度あり

【加入保険】
雇用保険、労災保険、健康保険（鈴与健康保険組合）、厚生年金保険

【福利厚生詳細】
■社宅、独身寮完備（入居制限及び一部自己負担あり）
■退職金、確定給付企業年金、確定拠出年金、財形貯蓄制度
■自己啓発、資格取得奨励制度
■慶弔見舞金
■定期健康診断
■各種保養施設
■鈴与グループ体育文化会 他","【雇用形態】
正社員（無期契約）

【選考フロー】
【選考フロー】
書類選考（履歴書・職務経歴書）
1次面接 WEB
2次面接 対面（豊橋支店）
3次面接 対面（本社）/交通費・宿泊費支給（規定あり）
※適宜、複数の適性検査・筆記試験を実施いたします。

【就業場所における受動喫煙防止措置】
敷地内禁煙
※事業所によっては屋内禁煙、喫煙専用スペースの設置等あり",,交通費支給、社会保険完備、転勤なし、土日祝休み、賞与あり,10,任意,生年月日、性別、電話番号,agent@enroots.co.jp,090-9189-8178,,利用する,,D,
募集中,鈴与株式会社,ポートロジスティクス（港湾物流のオペレーション構築・推進）｜鈴与株式会社,物流/倉庫管理、生産管理/工程管理、法人営業,【豊橋市・転勤なし】港湾物流のオペレーション構築・推進／社会人経験1年以上から応募できます,,愛知県 豊橋市,,豊橋支店,正社員,はい,月給,354167,466667,範囲で表示,なし,,,,,,,固定時間制,160,,健康保険、厚生年金、雇用保険、労災保険,,あり,6,か月,試用期間／有り（６ヵ月間、本採用後の労働条件との相違なし。）,,,,,,,,,,,,,,,"【仕事内容】
■採用背景

「世の中にある物流の無駄を省く」

経済のグローバル化、EＣの普及等により、動くモノの「量」は増加の一途を辿り、モノの「動き方」も複雑さを極めています。
また、日本国内においては人口減を背景に物流の担い手が減少、トラックなどのCO２排出による環境問題への取り組みも待ったなしの状況にあります。

一方で、世の中にはまだまだ「無駄な」物流が多く残されています。

例えば、貨物輸送の９０％以上を担うトラック輸送について、積載率（最大積載量に対する実際の積載数量）が４割を下回っている現状があり、極端に言えば、６割のトラックは空の状態で走っていると言えます。

世の中には「無駄」な物流が非常に多く残されており、私たちは、その無駄をなくすとともに、お客さまのビジネス上の課題解決まで踏み込んだサービスを提供することで、取引を拡大しています。また、社会インフラたる物流を支え、守ることは私たちの使命でもあります。

BtoB、BtoCの領域において、物流の最適化・サプライチェーンの清流化を図る当社のサービスは、あらゆる業種・業界の企業様の販売戦略・サステナビリティ戦略・経営戦略に大きく貢献できるため、多くの企業様から当社サービスにご興味をいただいており、コロナ禍でも毎年業績を伸ばしています。この成長を続け、より高いレベルのサービスを提供していくため、現在、採用強化を図っております。

本ポジションでは、日本のゲートウェイ、社会インフラである港湾にて、グローバルサプライチェーンを繋ぎ、支える港湾オペレーションをマネージしていただきます。

■業務詳細
豊橋神野港を中心に、自動車船、バルク船、コンテナ船等の貨物船の貨物積み降ろし（本船荷役）のオペレーション構築・推進を担っていただきます。
■本船荷役プランニング：国内外の港、船会社と連携をとり、輸出入貨物の積載スペース確認・確保等を行い、荷役計画を立案
■本船荷役フォアマン：本船入港後、自身が立案したプランをもとに、自身がフォアマン(監督者)となり、重機等を動かす作業スタッフへの指示・命令、フォロー、トラブルシューティング
※貨物船は主に外国船であり、アジア・東欧諸国の船員(クルー)と平易な英語でのコミュニケーションがベース","■社宅/家賃補助制度あり
■土日休み
■設立 創業：1801年（享和元年）　・　創立： 1936年（昭和11年）
■従業員数 1,166人（2019年11月1日現在）名","【必須条件】
■必須
■社会人経験1年以上
■普通自動車運転免許（AT限定可）

【歓迎条件】
【歓迎】
■本船フォアマン経験者
■鈴与で長く、成長することができる方
■飽くなき向上心をお持ちの方
■環境変化を愉しみ、柔軟に対応できる方
■「自己改革」できる方。

【学歴】
大学卒以上","【勤務時間】
8：00～16：50
勤務場所により異なる場合があります。","■土日休み
【休日詳細】
■週休2日制（土曜日、日曜日）、祝日、年末年始、年次有給休暇（12～22日）、慶弔休暇、産前産後休暇、育児休暇および休業、介護休暇および休業、看護休暇、リフレッシュ休暇、裁判員休暇、生理休暇、その他特別休暇
■年間休日：120日以上","＜豊橋支店＞
愛知県豊橋市

■転勤
ありません。","【交通費】
通勤手当を支給します。","【給与】
月給 354,167円〜466,667円
※想定年収をもとにした月額換算です。

【想定年収】
425万円〜560万円

【賃金内訳・給与の補足】
【給与詳細】
【年収例】425万～560万円
【月給】235,000円～
【年収例】425万～560万円 ※時間外勤務手当を含めた想定年収です。通勤手当等の諸手当は規定に応じ別途支給します。

試用期間／有り（６ヵ月間、本採用後の労働条件との相違なし。）

【賞与】
賞与:年2回","【福利厚生】
■社宅/家賃補助制度あり

【加入保険】
雇用保険、労災保険、健康保険（鈴与健康保険組合）、厚生年金保険

【福利厚生詳細】
■社宅・独身寮完備
■退職金、確定給付企業年金、確定拠出年金、財形貯蓄制度
■自己啓発、資格取得奨励制度
■慶弔見舞金
■定期健康診断
■各種保養施設
■鈴与グループ体育文化会 他","【雇用形態】
正社員（無期契約）

【選考フロー】
【選考フロー】
書類選考（履歴書・職務経歴書）
1次面接 WEB
2次面接 WEB
3次面接 対面 ※交通費・宿泊費支給（規定あり）
※適宜、複数の適性検査・筆記試験を実施いたします。

【就業場所における受動喫煙防止措置】
敷地内禁煙
※事業所によっては屋内禁煙、喫煙専用スペースの設置等あり",,交通費支給、社会保険完備、転勤なし、土日祝休み、賞与あり,10,任意,生年月日、性別、電話番号,agent@enroots.co.jp,090-9189-8178,,利用する,,D,
募集中,サイバーコム株式会社,制御ソフトウェア開発エンジニア（C／C++）｜サイバーコム株式会社,組み込みエンジニア、制御系ソフトウェア開発、システムエンジニア,【名古屋・刈谷】制御ソフトウェア開発エンジニア／残業は月20時間程度・リモート相談可・賞与4.7か月分,,愛知県 刈谷市,,,正社員,はい,月給,342500,591667,範囲で表示,なし,,,,,,,固定時間制,148,,健康保険、厚生年金、雇用保険、労災保険,,あり,3,か月,有：3ヶ月 条件の変更なし,,,,,,,,,,,,,,,"【仕事内容】
【業務概要】
ソフトウェアの受託開発を軸に、多様なニーズに適う高品質なソフトウェアを提供する当社にて、車載関連のシステム開発を中心にお任せします。主な開発案件としては、下記となります。
■車載制御システム（ECU)
■自動運転、インパネ、ボデー、エンジン、HV
■ECU基盤プラットフォーム など
■産業用ロボット開発
■主な開発環境：【言語】C言語、C++【OS】RTOS、Android、Linux

【業務の魅力】
スペシャリスト・ゼネラリストを目指すいずれのキャリアパスも用意されていますので、エンジニアとして成長していくための幅広い選択肢があります。
また、勤務地の一つである刈谷オフィスは、車載開発をメインターゲットにしたオフィスとなっています。 2008年に5名のメンバーでスタートしましたが、現在100名規模の組織へ拡大中。部門の成長とともに、自らのキャリアアップを目指すことができ大きなやりがいを感じていただけます。

【評価制度について】
2020年度に評価制度を変更したばかりで、上司・本人との相互評価を導入し、
明確に評価できる体制を整えました。この個人評価および業績評価が賞与に反映されます。

【キャリアパス】
「マネジメント職」と「テクニカル職」と言う2パターンのキャリアパスがあり、社員の適正に応じたキャリアが描けます。
「マネジメント職」：メンバー→リーダー→主任→課長→部長のキャリアがあり、メンバーから早くて2～3年でリーダーに昇格することも可能です。
「テクニカル職」：一定の技術分野で豊富な知識とノウハウを持ち専門技術に特化していきます。

【働き方改革について】
■「わたしの有休消化日」として祝日のない6月に月曜か金曜のいずれか1日を任意に有休消化し3連休にしたり、プレミアムフライデーとして毎月最終金曜日は15時退社を推奨するなど様々なワークライフバランスの取り組みをしています。

職場情報・PR
【次世代エンジニアとして活躍頂ける環境が揃っています】
■評価制度については9段階評価となり年2回評価があります。評価制度についても明確な基準があり最短1年で次の職級へ昇進可能です
■曖昧なサービス残業を撲滅するために1分単位で残業代を支給いたします。※みなし残業はございません。
■キャリアパスとしては「マネジメント職」「テクニカル職」双方でリーダー・主任・課長・部長ポジションがございます！
■「福利厚生」「各種手当面(扶養家族手当、超過勤務手当、通勤手当、深夜手当等）が充実！
■エンジニアを大切にする会社で常任の現役員はすべてエンジニア出身！
■社内イベントが豊富でフラットな人間関係。エンジニアにとって働きやすく、非常に風通しが良い社風です！
■Eラーニングも充実し、基礎から応用までしっかり学べる環境がございます。","■フレックス制
■土日休み
■産休/育休実績あり
■設立 1978年（昭和53年）12月4日
■従業員数 1,272名名","【必須条件】
■必須条件
■組み込みソフトウェアの開発実務経験1年以上の方
（言語：C言語、C++ OS：RTOS、Android、Linux）

■歓迎条件
■開発の上流から下流までの全工程の経験
■マネジメント経験（PL、PM）
■モデルベース開発（MATLAB、Simulink）の知識・経験
■車載ネットワーク（CAN、LIN）の知識・経験
■AUTSAR、機能安全の知識・経験

【学歴】
高卒以上","【勤務時間】
■所定労働時間 7時間30分（休憩60分）
■フレックスタイム制（コアタイム：無）
■残業：有（平均残業時間：22時間）
■残業手当：有（有残業時間に応じて1分単位で別途支給）","■土日休み
【休日詳細】
■年間休日：128日（内訳：土曜・日曜・祝日）
■特別休日：夏3日、年末年始3日
■有休休暇：10日～最高20日（入社直後付与）","勤務地は愛知県刈谷市です。

■リモート勤務
相談可能です。","【交通費】
通勤手当を支給します。","【給与】
月給 342,500円〜591,667円
※想定年収をもとにした月額換算です。

【想定年収】
411万円〜710万円

【賃金内訳・給与の補足】
【給与詳細】
想定年収：411万円～710万円
想定年収：411万円～710万円
月給：220,000円～380,000円
※スキル、経験を考慮して決定します。

■賞与実績：年2回
■残業手当：有（残業時間に応じて1分単位で別途支給）
■通勤手当：会社規定に基づき支給
■年収試算時の賞与掛け率
 6.12ヶ月
■適用日
 2026年1月から内定をお出しする方を対象といたします。

【賞与】
■賞与実績：年2回","【福利厚生】
■産休/育休実績あり

【加入保険】
■社会保険
健康保険：有
厚生年金：有
雇用保険：有
労災保険：有

【福利厚生詳細】
【ワークライフバランスを保つ制度】
■定時退社日（毎週水曜・金曜）
■プレミアムフライデー（毎月最終金曜日は15時退社）
■育児・介護休業制度 ■短縮勤務制度 ■わたしの有給消化日■在宅勤務 ■扶養手当（一般社員採用時）

【長期就業に向けた制度】
■永年勤続表彰 ■企業年金基金 ■確定拠出年金 ■慶弔金制度 ■退職金制度 ■財形利子補給 ■提携住宅ローン■グループ保険、GLTD ■生命保険加入における優遇措置 ■ベネフィットステーション 結婚祝い品 ■契約保養所

【健康促進制度】
■健康管理センター ■予防接種費用補助 ■定期健康診断 ■ストレスチェック ■各種相談窓口","【雇用形態】
正社員（無期契約）

【選考フロー】
■面接回数
1回

■選考フロー
適性検査(WEB)→最終面接(WEB)

【就業場所における受動喫煙防止措置】
■喫煙環境
サイバーコム刈谷オフィス：敷地内全面禁煙",,交通費支給、社会保険完備、土日祝休み、賞与あり、リモートワーク可,3,任意,生年月日、性別、電話番号,agent@enroots.co.jp,090-9189-8178,,利用する,,D,
募集中,株式会社IDOM,スマートカーライフプランナー（営業・接客販売の経験者）｜株式会社IDOM,販売員/セールススタッフ、個人営業、カウンターセールス,【愛知県】中古車販売のスマートカーライフプランナー／営業または接客販売の経験1年以上の方を募集,,愛知県,,,正社員,はい,月給,250000,300000,範囲で表示,なし,,,,,,,固定時間制,163,,健康保険、厚生年金、雇用保険、労災保険,,あり,4,か月,4か月,,,,,,,,,,,,,,,"【仕事内容】
損害車の査定及び買取業務をお任せします。
まずは仕入先を増やすため、自動車修理工場やカーディーラー、板金工場などに連絡をとり、情報を集めましょう。
未経験の方でも査定ができるよう、データベースやシステムを整えています。

【仕事上で大切なことは、顧客と信頼関係を築くこと】
顧客のもとに損害車が届いた際に連絡をいただけるよう、普段から関係性を深めておくことが大切です。
というのも、顧客のもとにいつ、何台の損害車が届くかは、顧客自身も分かりません。それだけに、いざ損害車が届いた際に「いつも来てくれるはなまるの営業に知らせよう」と思い出していただく必要があります。
また、競合の営業とバッティングした際は、どちらに損害車を売るか検討していただくため、信頼関係の深さが重要になってきます。
信頼関係が深まるよう、根気よく営業活動に取り組んでください。

【仕事の流れ】
▼顧客を訪問
損害車の状況や年代・車種といった車の状態を査定システムでチェックし、買取価格を交渉します。
データベースもありますが、車の写真をメールで送れば、社内の先輩メンバーが随時アドバイスやサポートをします。

▼査定に基づいた買取価格で契約
その後は自社で運営するオークションサイトを通じて販売。
顧客との信頼関係を維持することができれば、安定した契約に繋げることができます。

※買い取った車の名義変更などの諸業務は事務員が担当しており、販売は販売課が担当するため、営業は買取業務に専念することができます。
※入社年数に関らず、意欲のある方にはどんどんポジションをお任せしていきます。

■ポイント
【「マイ営業車」あるし、「売らない営業」だし。快適です】
雨の日も、暑い日も、寒い日も、快適に過ごせます。
なぜなら「マイ営業車」があるから。ガソリン代や高速代もすべて会社が負担。これが同社の営業です。

【決して「売る」仕事ではありません】
お任せするのは、損害車の買取営業。車種や年式、走行距離、車の状態をチェックして、適正価格で「買い取る」仕事です。
そのため、ガツガツ押し売りするなんてことはありません。むしろ、顧客から「買い取ってほしい」「査定してほしい」との連絡を受けます。
簡単に査定できる仕組みがあるので特別な知識や経験は不要です。

【業界トップクラスの実績】
同社は業界でもトップクラスの実績があり、高値で買い取れるため、契約率も60％ほどと高めです。

大阪・札幌・盛岡・仙台・新潟・水戸・長野・東京・千葉・埼玉・横浜・金沢・静岡・名古屋・広島・鳥取・高松・福岡・鹿児島・沖縄

【ポイント】
当社の強みは、、、ワンストップで仕入れから販売までを行えること。
自社でインターネットオークションを運営しており、クライアントの4割は海外です。
海外とは累計110各国の販路があります！

会社規定に準ずる","■シフト制
■社宅/家賃補助制度あり
■産休/育休実績あり
■設立 1994/10/25
■従業員数 4023名","【必須条件】
■営業 or 接客販売経験が1年以上ある方（契約書を取り交わすもの）※業界不問
■正社員歴：3年以上ある方
■1年以内の早期離職歴がない方
■入社までに普通自動車免許の取得必須（AT限定またはMT

【歓迎条件】
■同業界での営業 または 販売の経験がある方
■チームマネジメント経験がある方
■新人や後輩の指導・育成経験がある方

【学歴】
高卒以上","【勤務時間】
10:00~20:00の間でシフト制(実働8時間)","■シフト制
【休日詳細】
■シフト制/休日:月9日以上
■長期休暇(GW、夏季、年末年始)、有給休暇(試用期間終了後付与)
■慶弔休暇、特別休暇、出産/育児休暇、・介護休暇
■年間休日：120日
※上記内訳／公休：108日（9日/月×12か月）、有給休暇：5日（年間の取得義務分）、ライフサポート休暇：7日（有給とは別","勤務地は愛知県内の直営店舗です。

■受動喫煙対策
屋内全面禁煙","【交通費】
通勤手当を支給します。","【給与】
月給 250,000円〜300,000円

【想定年収】
350万円〜500万円

【賃金内訳・給与の補足】
【給与詳細】
固定みなし残業代：月20時間分の「35,715円〜」が含まれています
固定みなし残業代は残業がない場合も支給し、超過する場合は別途支給します
一定期間経過より能力評価が反映され変動します
※ご経歴を加味して給与算定を行います

【固定残業代（円）】
35715

【賞与】
年2回(6月/12月）※会社規定に準ずる","【福利厚生】
■社宅/家賃補助制度あり
■産休/育休実績あり

【福利厚生詳細】
■厚生年金、健康保険、雇用保険、労災保険
■確定拠出年金（401k）
■社員割引（クルマ購入、売却、アフターサービス）
■従業員持株会
■団体保険割引
■各種レジャー施設割引
■社宅制度（独身、家族）：引越し費用、敷金・礼金、家賃補助、転居手当
■単身赴任制度：引越し費用、敷金・礼金、家賃補助、単身赴任手当、帰省交通費、転居手当
■妊活支援
時短・休職が利用可能（入社1年後から可）
不妊治療補助金制度","【募集背景】
事業拡大の伴う採用強化

【雇用形態】
正社員（無期契約）

【選考フロー】
1回

【適性検査の有無】
有

【1次面接官】
採用担当",,交通費支給、社会保険完備、賞与あり,50,任意,生年月日、性別、電話番号,agent@enroots.co.jp,090-9189-8178,,利用する,,D,
募集中,株式会社IDOM,スマートカーライフプランナー（業界未経験から）｜株式会社IDOM,販売員/セールススタッフ、個人営業、カウンターセールス,【愛知県】Gulliverのスマートカーライフプランナー／車業界が未経験の方も応募できます,,愛知県,,,正社員,はい,月給,250000,300000,範囲で表示,なし,,,,,,,固定時間制,163,,健康保険、厚生年金、雇用保険、労災保険,,あり,4,か月,4か月,,,,,,,,,,,,,,,"【仕事内容】
■ガリバー店舗にて、お車の提案営業（買取・販売）を行います。
■具体的な業務内容
■お客様との提案商談（自動車の販売、買取、その他サービスのご提案）
※自動車保険やローンといった金融商品も含む
※来店対応やアポイントがある訪問対応があります
■自動車の査定業務
■集客活動（webサイトへの情報登録、店舗ブログの更新 など）
■展示車両の配置（洗車含む）
■その他店舗運営業務 など
■買取業務と販売業務
〇買取業務
■電話やWebサイトから買取査定の依頼を受け、お客様にご来店・ご訪問します。
■決められた項目に沿ってクルマの状態を確認し、写真を撮って査定セクションに送り、査定セクションから相場データを受け取り、店長とデータを見ながら相談し査定金額を決めて、お客様にお伝えします。
〇販売業務
■ご来店いただいたお客様の生活背景や使用用途や未来設計をお聴きし、どうすれば最高のカーライフを送っていただけるかを考え、パソコンツールを使ってお客様と一緒に考えて、最適な「運命の1台」との出会いをサポートします。

【ポイント】
「車」という単なる移動手段（モノ）だけではなく、お客様の人生に彩りを与える「スマートカーライフ（コト）」という考えのうえで最適な「運命の1台」との出会いをサポートできる仕事です。
■「ガリバー」は広く認知されており、問い合わせ・来店数も多いため、お客様と接する機会が多く得られます。そして「車に全く詳しくない…」という方でも、先輩スタッフがサポートをしてくれるので安心して対応することができ、スキル・経験をアップさせることができます。

会社規定に基づく","■シフト制
■社宅/家賃補助制度あり
■産休/育休実績あり
■設立 1994/10/25
■従業員数 4023名","【必須条件】
■高卒以上の方
■入社までに普通自動車免許の取得必須（AT限定またはMT）
■車業界未経験大歓迎
■営業経験者大歓迎

【歓迎条件】
■同業界での営業 または 販売の経験がある方

【学歴】
高卒以上","【勤務時間】
10:00~20:00の間でシフト制(実働8時間)","■シフト制
【休日詳細】
■シフト制/休日:月9日以上
■長期休暇(GW、夏季、年末年始)、有給休暇(試用期間終了後付与)
■慶弔休暇、特別休暇、出産/育児休暇、・介護休暇
■年間休日：120日
※上記内訳／公休：108日（9日/月×12か月）、有給休暇：5日（年間の取得義務分）、ライフサポート休暇：7日（有給とは別）","勤務地は愛知県内の直営店舗です。

■受動喫煙対策
屋内全面禁煙","【交通費】
通勤手当を支給します。","【給与】
月給 250,000円〜300,000円

【想定年収】
300万円〜360万円

【賃金内訳・給与の補足】
【給与詳細】
固定みなし残業代：月20時間分の「35,715円〜」が含まれています
  固定みなし残業代は残業がない場合も支給し、超過する場合は別途支給します
  一定期間経過より能力評価が反映され変動します
※ご経歴を加味して給与算定を行います

昇給：昇給査定／年1回、能力給査定／年3回

【モデル年収】
昇給：昇給査定／年1回、能力給査定／年3回

【賞与】
年2回(6月/12月)※会社規定に準ずる","【福利厚生】
■社宅/家賃補助制度あり
■産休/育休実績あり

【福利厚生詳細】
マイカー通勤：ガソリン代を支給（規定あり）
公共機関利用：定期代を支給
■インセンティブ支給（毎月実績に応じて支給）
※所属によって異なる場合があります
■結婚祝金、出産祝金、慶弔見舞金
■こども手当、介護家族手当 など","【募集背景】
事業拡大による採用強化

【雇用形態】
正社員（無期契約）

【選考フロー】
1回

【適性検査の有無】
有

【1次面接官】
人事担当者",,交通費支給、社会保険完備、賞与あり、未経験歓迎,50,任意,生年月日、性別、電話番号,agent@enroots.co.jp,090-9189-8178,,利用する,,D,
募集中,株式会社メイテックフィルダーズ,ITエンジニア（Java・Python・PHP／無期雇用派遣）｜株式会社メイテックフィルダーズ,システムエンジニア、アプリケーションエンジニア、社内SE,【愛知県】車・医療機器・ロボットなどのITエンジニア／無期雇用派遣（正社員）としての雇用です,,愛知県,,,正社員,はい,月給,333333,600000,範囲で表示,なし,,,,,,,固定時間制,161,,健康保険、厚生年金、雇用保険、労災保険,,あり,3,か月,有り（3ヵ月）,,,,,,,,,,,,,,,"【仕事内容】
【職務内容】
各種アプリケーションの開発（ＰＣ・Web・情報通信端末向け）、データベース・ネットワーク・サーバー構築・運用・管理業務等

ご経験・希望に合わせて構想設計、組込ソフト、制御プログラム、ファームウェア、解析、評価等に携わっていただきます。
【プロジェクト例】自動車…EVのバッテリー監視プログラム開発、通信システムの開発／ロボット…ヒト型ロボットの制御プログラム開発／半導体…半導体露光装置の組込ソフトウェア設計等","■社宅/家賃補助制度あり
■フレックス制
■土日休み
■設立 1979/12/25
■従業員数 4,576名（2024年3月期）名","【必須条件】
ITエンジニア（設計・開発・評価・運用保守等）のご経験1年以上の方

最終学歴
大学院・大学・短大・高専・専門・高校

＊「生涯プロエンジニア」として定年まで活躍できる環境を提供＊
＊定年に到達したエンジニアは300名以上。再雇用制度もあり＊
【企業について】 エンジニアの自己実現支援を大切にしています。
■「透明な評価制度」→面談の実施、保有案件の全開示
■「働きやすい労働環境」→残業月20時間程度
■「誰でも学べる環境」→受講したい研修を664もの講座から選べます

【学歴】
高卒以上","【勤務時間】
9：00～18：00(休憩時間12:00～13:00）実働8時間
※フレックスタイム制度有り","■土日休み
【休日詳細】
完全週休2日制（土曜・日曜・祝日休み） GW、夏季休暇、年末年始 ＊年間休日124日（2024.4.1～2025.3.31）
他に年次有給休暇、特別休暇、積立休暇、育児休業、介護休業 他","勤務地は愛知県です。

■雇用形態
無期雇用派遣（正社員）としての雇用です。","【交通費】
通勤手当を支給します。","【給与】
月給 333,333円〜600,000円
※想定年収をもとにした月額換算です。

【想定年収】
400万円〜720万円

【賃金内訳・給与の補足】
【給与詳細】
400万円～720万円  ※超過勤務手当20H/月、見込み賞与、各種手当を含んだ額となります。

・賞与
年2回（6､12月） ※賞与合計額1,424,500円 (2023年実績・管理職を除く社員平均）

【賞与】
賞与:年2回","【福利厚生】
■社宅/家賃補助制度あり

【加入保険】
社会保険完備 （雇用保険、労災保険、厚生年金保険、健康保険、介護保険）

【福利厚生詳細】
【財産形成関連】・社員持株（メイテックグループホールディングス株）制度（奨励金5%付加）
■財形貯蓄奨励金制度（奨励金1%付加） 他
【教育・自己啓発関連】・資格取得奨励金、通信研修補助金  他
【その他】・休業補償、慶弔見舞金、遺族補償制度 ・退職金・退職年金制度・ 福利厚生サービス「ベネフィット・ワン ベネフィット・ステーション」・互助会制度（親睦補助金・貸付金） 他
通勤手当：全額支給
社宅制度有り※業務の為、自宅通勤できない場合は会社にて、社宅を用意いたします。","【雇用形態】
正社員（無期契約）

【選考フロー】
面接 ※未経験者には技術筆記試験有
面接：オンライン

【就業場所における受動喫煙防止措置】
当社拠点：各事業所にて対策有",,交通費支給、社会保険完備、土日祝休み、賞与あり,3,任意,生年月日、性別、電話番号,agent@enroots.co.jp,090-9189-8178,,利用する,,D,
募集中,株式会社メイテックフィルダーズ,組み込み・制御エンジニア（無期雇用派遣）｜株式会社メイテックフィルダーズ,組み込みエンジニア、制御系ソフトウェア開発、システムエンジニア,【愛知県】自動車・医療機器・航空関連の組み込み・制御エンジニア／無期雇用派遣（正社員）としての雇用です,,愛知県,,,正社員,はい,月給,333333,600000,範囲で表示,なし,,,,,,,固定時間制,161,,健康保険、厚生年金、雇用保険、労災保険,,あり,3,か月,有り（3ヵ月）,,,,,,,,,,,,,,,"【仕事内容】
【職務内容】
組込系ソフト開発・制御プログラム開発・ファームウェア開発（C言語、C++、アセンブラ等による開発）、評価・解析

ご経験・希望に合わせて構想設計、組込ソフト、制御プログラム、ファームウェア、解析、評価等に携わっていただきます。
【プロジェクト例】自動車…EVのバッテリー監視プログラム開発、通信システムの開発／ロボット…ヒト型ロボットの制御プログラム開発／半導体…半導体露光装置の組込ソフトウェア設計等","■社宅/家賃補助制度あり
■フレックス制
■土日休み
■設立 1979/12/25
■従業員数 4,576名（2024年3月期）名","【必須条件】
組込みまたは制御のご経験1年以上の方

最終学歴
大学院・大学・短大・高専・専門・高校

＊「生涯プロエンジニア」として定年まで活躍できる環境を提供＊
＊定年に到達したエンジニアは300名以上。再雇用制度もあり＊
【企業について】 エンジニアの自己実現支援を大切にしています。
■「透明な評価制度」→面談の実施、保有案件の全開示
■「働きやすい労働環境」→残業月20時間程度
■「誰でも学べる環境」→受講したい研修を664もの講座から選べます

【学歴】
高卒以上","【勤務時間】
9：00～18：00(休憩時間12:00～13:00）実働8時間
※フレックスタイム制度有り","■土日休み
【休日詳細】
完全週休2日制（土曜・日曜・祝日休み） GW、夏季休暇、年末年始 ＊年間休日124日（2024.4.1～2025.3.31）
他に年次有給休暇、特別休暇、積立休暇、育児休業、介護休業 他","勤務地は愛知県です。

■雇用形態
無期雇用派遣（正社員）としての雇用です。","【交通費】
通勤手当を支給します。","【給与】
月給 333,333円〜600,000円
※想定年収をもとにした月額換算です。

【想定年収】
400万円〜720万円

【賃金内訳・給与の補足】
【給与詳細】
400万円～720万円  ※超過勤務手当20H/月、見込み賞与、各種手当を含んだ額となります。

・賞与
年2回（6､12月） ※賞与合計額1,424,500円 (2023年実績・管理職を除く社員平均）

【賞与】
賞与:年2回","【福利厚生】
■社宅/家賃補助制度あり

【加入保険】
社会保険完備 （雇用保険、労災保険、厚生年金保険、健康保険、介護保険）

【福利厚生詳細】
【財産形成関連】・社員持株（メイテックグループホールディングス株）制度（奨励金5%付加）
■財形貯蓄奨励金制度（奨励金1%付加） 他
【教育・自己啓発関連】・資格取得奨励金、通信研修補助金  他
【その他】・休業補償、慶弔見舞金、遺族補償制度 ・退職金・退職年金制度・ 福利厚生サービス「ベネフィット・ワン ベネフィット・ステーション」・互助会制度（親睦補助金・貸付金） 他
通勤手当：全額支給
社宅制度有り※業務の為、自宅通勤できない場合は会社にて、社宅を用意いたします。","【雇用形態】
正社員（無期契約）

【選考フロー】
面接※未経験者には筆記試験有
面接：オンライン

【就業場所における受動喫煙防止措置】
当社拠点：各事業所にて対策有",,交通費支給、社会保険完備、土日祝休み、賞与あり,3,任意,生年月日、性別、電話番号,agent@enroots.co.jp,090-9189-8178,,利用する,,D,
募集中,株式会社メイテックフィルダーズ,電気設計エンジニア（実務経験者／無期雇用派遣）｜株式会社メイテックフィルダーズ,電気設計、回路設計、電子/半導体エンジニア,【愛知県】自動車・医療機器・航空関連の電気設計エンジニア／電気分野の実務経験1年以上の方を募集,,愛知県,,,正社員,はい,月給,333333,600000,範囲で表示,なし,,,,,,,固定時間制,161,,健康保険、厚生年金、雇用保険、労災保険,,あり,3,か月,有り（3ヵ月）,,,,,,,,,,,,,,,"【仕事内容】
【職務内容】
アナログ・デジタル回路設計（マイコン周辺回路・制御回路・無線回路・高周波回路・電源回路等）、解析・評価、LSI開発業務等

■自動車…EVの電装/電子部品設計、エンジン制御システムの設計開発
■航空宇宙…航空機の電装設計、宇宙機器のシステム開発
■生産設備…輸送機器関連の生産設備の制御設計業務 など","■社宅/家賃補助制度あり
■フレックス制
■土日休み
■設立 1979/12/25
■従業員数 4,576名（2024年3月期）名","【必須条件】
電気エンジニア（設計・評価・解析・生産技術・品質保証等）のご経験1年以上の方

最終学歴
大学院・大学・短大・高専・専門・高校

＊「生涯プロエンジニア」として定年まで活躍できる環境を提供＊
＊定年に到達したエンジニアは300名以上。再雇用制度もあり＊
【企業について】 エンジニアの自己実現支援を大切にしています。
■「透明な評価制度」→面談の実施、保有案件の全開示
■「働きやすい労働環境」→残業月20時間程度
■「誰でも学べる環境」→受講したい研修を664もの講座から選べます

【学歴】
高卒以上","【勤務時間】
9：00～18：00(休憩時間12:00～13:00）実働8時間
※フレックスタイム制度有り","■土日休み
【休日詳細】
完全週休2日制（土曜・日曜・祝日休み） GW、夏季休暇、年末年始 ＊年間休日124日（2024.4.1～2025.3.31）
他に年次有給休暇、特別休暇、積立休暇、育児休業、介護休業 他","勤務地は愛知県です。

■雇用形態
無期雇用派遣（正社員）としての雇用です。","【交通費】
通勤手当を支給します。","【給与】
月給 333,333円〜600,000円
※想定年収をもとにした月額換算です。

【想定年収】
400万円〜720万円

【賃金内訳・給与の補足】
【給与詳細】
400万円～720万円  ※超過勤務手当20H/月、見込み賞与、各種手当を含んだ額となります。

・賞与
年2回（6､12月） ※賞与合計額1,424,500円 (2023年実績・管理職を除く社員平均）

【賞与】
賞与:年2回","【福利厚生】
■社宅/家賃補助制度あり

【加入保険】
社会保険完備 （雇用保険、労災保険、厚生年金保険、健康保険、介護保険）

【福利厚生詳細】
【財産形成関連】・社員持株（メイテックグループホールディングス株）制度（奨励金5%付加）
■財形貯蓄奨励金制度（奨励金1%付加） 他
【教育・自己啓発関連】・資格取得奨励金、通信研修補助金  他
【その他】・休業補償、慶弔見舞金、遺族補償制度 ・退職金・退職年金制度・ 福利厚生サービス「ベネフィット・ワン ベネフィット・ステーション」・互助会制度（親睦補助金・貸付金） 他
通勤手当：全額支給
社宅制度有り※業務の為、自宅通勤できない場合は会社にて、社宅を用意いたします。","【雇用形態】
正社員（無期契約）

【選考フロー】
面接※未経験者には筆記試験有
面接：オンライン

【就業場所における受動喫煙防止措置】
当社拠点：各事業所にて対策有",,交通費支給、社会保険完備、土日祝休み、賞与あり,3,任意,生年月日、性別、電話番号,agent@enroots.co.jp,090-9189-8178,,利用する,,D,
募集中,株式会社メイテックフィルダーズ,電気設計エンジニア（実務未経験／履修経験者）｜株式会社メイテックフィルダーズ,電気設計、回路設計、電子/半導体エンジニア,【愛知県】電子回路・電気回路の履修経験があれば実務未経験でも応募できる電気設計エンジニア／無期雇用派遣（正社員）,,愛知県,,,正社員,はい,月給,333333,600000,範囲で表示,なし,,,,,,,固定時間制,161,,健康保険、厚生年金、雇用保険、労災保険,,あり,3,か月,有り（3ヵ月）,,,,,,,,,,,,,,,"【仕事内容】
【職務内容】
アナログ・デジタル回路設計（マイコン周辺回路・制御回路・無線回路・高周波回路・電源回路等）、解析・評価、LSI開発業務等

■自動車…EVの電装/電子部品設計、エンジン制御システムの設計開発
■航空宇宙…航空機の電装設計、宇宙機器のシステム開発
■生産設備…輸送機器関連の生産設備の制御設計業務 など","■社宅/家賃補助制度あり
■フレックス制
■土日休み
■設立 1979/12/25
■従業員数 4,576名（2024年3月期）名","【必須条件】
専門学校以上で電子回路・電気回路の履修経験をお持ちの方（実務経験1年未満の方）

＊「生涯プロエンジニア」として定年まで活躍できる環境を提供＊
＊定年に到達したエンジニアは300名以上。再雇用制度もあり＊
【企業について】 エンジニアの自己実現支援を大切にしています。
■「透明な評価制度」→面談の実施、保有案件の全開示
■「働きやすい労働環境」→残業月20時間程度
■「誰でも学べる環境」→受講したい研修を664もの講座から選べます

【学歴】
高専/短大/専門卒以上","【勤務時間】
9：00～18：00(休憩時間12:00～13:00）実働8時間
※フレックスタイム制度有り","■土日休み
【休日詳細】
完全週休2日制（土曜・日曜・祝日休み） GW、夏季休暇、年末年始 ＊年間休日124日（2024.4.1～2025.3.31）
他に年次有給休暇、特別休暇、積立休暇、育児休業、介護休業 他","勤務地は愛知県です。

■雇用形態
無期雇用派遣（正社員）としての雇用です。","【交通費】
通勤手当を支給します。","【給与】
月給 333,333円〜600,000円
※想定年収をもとにした月額換算です。

【想定年収】
400万円〜720万円

【賃金内訳・給与の補足】
【給与詳細】
400万円～720万円  ※超過勤務手当20H/月、見込み賞与、各種手当を含んだ額となります。

・賞与
年2回（6､12月） ※賞与合計額1,424,500円 (2023年実績・管理職を除く社員平均）

【賞与】
賞与:年2回","【福利厚生】
■社宅/家賃補助制度あり

【加入保険】
社会保険完備 （雇用保険、労災保険、厚生年金保険、健康保険、介護保険）

【福利厚生詳細】
【財産形成関連】・社員持株（メイテックグループホールディングス株）制度（奨励金5%付加）
■財形貯蓄奨励金制度（奨励金1%付加） 他
【教育・自己啓発関連】・資格取得奨励金、通信研修補助金  他
【その他】・休業補償、慶弔見舞金、遺族補償制度 ・退職金・退職年金制度・ 福利厚生サービス「ベネフィット・ワン ベネフィット・ステーション」・互助会制度（親睦補助金・貸付金） 他
通勤手当：全額支給
社宅制度有り※業務の為、自宅通勤できない場合は会社にて、社宅を用意いたします。","【雇用形態】
正社員（無期契約）

【選考フロー】
面接※未経験者には筆記試験有
面接：オンライン

【就業場所における受動喫煙防止措置】
当社拠点：各事業所にて対策有",,交通費支給、社会保険完備、土日祝休み、賞与あり、未経験歓迎,3,任意,生年月日、性別、電話番号,agent@enroots.co.jp,090-9189-8178,,利用する,,D,
募集中,株式会社メイテックフィルダーズ,機械設計エンジニア（実務未経験／履修経験者）｜株式会社メイテックフィルダーズ,機械設計、CAD/CAEオペレーター、生産技術,【愛知県】力学・製図・CADの履修経験があれば実務未経験でも応募できる機械設計エンジニア／無期雇用派遣（正社員）,,愛知県,,,正社員,はい,月給,333333,600000,範囲で表示,なし,,,,,,,固定時間制,161,,健康保険、厚生年金、雇用保険、労災保険,,あり,3,か月,有り（3ヵ月）,,,,,,,,,,,,,,,"【仕事内容】
【職務内容】
設計開発（３DCADを用いた製品・装置等の機構・筐体設計 等）、設計周辺の実験・評価、各種解析、生産技術業務等
■自動車…内装品の樹脂設計、トランスミッションの設計開発
■航空宇宙…回転翼航空機装備品の設計開発、ロケット用油圧機器の開発
■医療用機器…血液分析装置の設計、医療用X線装置の設計開発
■ロボット…産業用ロボットアームの機構設計 など","■社宅/家賃補助制度あり
■フレックス制
■土日休み
■設立 1979/12/25
■従業員数 4,576名（2024年3月期）名","【必須条件】
専門学校以上で力学・製図・CADの履修経験をお持ちの方（実務経験1年未満の方）

＊「生涯プロエンジニア」として定年まで活躍できる環境を提供＊
＊定年に到達したエンジニアは300名以上。再雇用制度もあり＊
【企業について】 エンジニアの自己実現支援を大切にしています。
■「透明な評価制度」→面談の実施、保有案件の全開示
■「働きやすい労働環境」→残業月20時間程度
■「誰でも学べる環境」→受講したい研修を664もの講座から選べます

【学歴】
高専/短大/専門卒以上","【勤務時間】
9：00～18：00(休憩時間12:00～13:00）実働8時間
※フレックスタイム制度有り","■土日休み
【休日詳細】
完全週休2日制（土曜・日曜・祝日休み） GW、夏季休暇、年末年始 ＊年間休日124日（2024.4.1～2025.3.31）
他に年次有給休暇、特別休暇、積立休暇、育児休業、介護休業 他","勤務地は愛知県です。

■雇用形態
無期雇用派遣（正社員）としての雇用です。","【交通費】
通勤手当を支給します。","【給与】
月給 333,333円〜600,000円
※想定年収をもとにした月額換算です。

【想定年収】
400万円〜720万円

【賃金内訳・給与の補足】
【給与詳細】
400万円～720万円  ※超過勤務手当20H/月、見込み賞与、各種手当を含んだ額となります。

・賞与
年2回（6､12月） ※賞与合計額1,424,500円 (2023年実績・管理職を除く社員平均）

【賞与】
賞与:年2回","【福利厚生】
■社宅/家賃補助制度あり

【加入保険】
社会保険完備 （雇用保険、労災保険、厚生年金保険、健康保険、介護保険）

【福利厚生詳細】
【財産形成関連】・社員持株（メイテックグループホールディングス株）制度（奨励金5%付加）
■財形貯蓄奨励金制度（奨励金1%付加） 他
【教育・自己啓発関連】・資格取得奨励金、通信研修補助金  他
【その他】・休業補償、慶弔見舞金、遺族補償制度 ・退職金・退職年金制度・ 福利厚生サービス「ベネフィット・ワン ベネフィット・ステーション」・互助会制度（親睦補助金・貸付金） 他
通勤手当：全額支給
社宅制度有り※業務の為、自宅通勤できない場合は会社にて、社宅を用意いたします。","【雇用形態】
正社員（無期契約）

【選考フロー】
面接※未経験者には筆記試験有
面接：オンライン

【就業場所における受動喫煙防止措置】
当社拠点：各事業所にて対策有",,交通費支給、社会保険完備、土日祝休み、賞与あり、未経験歓迎,3,任意,生年月日、性別、電話番号,agent@enroots.co.jp,090-9189-8178,,利用する,,D,
募集中,株式会社メイテックフィルダーズ,フィールドエンジニア（医療機器・昇降機・半導体製造装置）｜株式会社メイテックフィルダーズ,自動車整備士、整備/メンテナンス、機械整備,【愛知県】医療機器や昇降機、半導体製造装置のフィールドエンジニア／無期雇用派遣（正社員）としての雇用です,,愛知県,,,正社員,はい,月給,333333,600000,範囲で表示,なし,,,,,,,固定時間制,161,,健康保険、厚生年金、雇用保険、労災保険,,あり,3,か月,有り（3ヵ月）,,,,,,,,,,,,,,,"【仕事内容】
【職務内容】
各種装置・機器・システムの、新規据付・調整、定期メンテナンス、障害対応を行う業務

大手のメーカーの医療機器や半導体製造装置、産業装置等のフィールドエンジニアとしてメンテナンス業務を担当頂きます。今後のエンジニアに求められるネットワークなどIT知識も身に付けられる環境です。

【働き方】夜勤はほとんどございません。予防保全がメインになるため、突発のトラブル対応などもほとんど発生しないため働きやすい環境です。
エンジニアのスキルアップの為、長期にわたるプロジェクトが多いです。","■社宅/家賃補助制度あり
■フレックス制
■土日休み
■設立 1979/12/25
■従業員数 4,576名（2024年3月期）名","【必須条件】
■高卒以上

フィールドエンジニア（医療機器、昇降機、機械式駐車場、工作機器、半導体製造装置な ど）・設備保全・整備・臨床工学技士など

何らかの機器メンテナンスまたは設備メンテナンスの経験を1年以上お持ちの方

＊「生涯プロエンジニア」として定年まで活躍できる環境を提供＊
＊定年に到達したエンジニアは300名以上。再雇用制度もあり＊
【企業について】 エンジニアの自己実現支援を大切にしています。
■「透明な評価制度」→面談の実施、保有案件の全開示
■「働きやすい労働環境」→残業月20時間程度
■「誰でも学べる環境」→受講したい研修を664もの講座から選べます

【学歴】
高卒以上","【勤務時間】
9：00～18：00(休憩時間12:00～13:00）実働8時間
※フレックスタイム制度有り","■土日休み
【休日詳細】
完全週休2日制（土曜・日曜・祝日休み） GW、夏季休暇、年末年始 ＊年間休日124日（2024.4.1～2025.3.31）
他に年次有給休暇、特別休暇、積立休暇、育児休業、介護休業 他","勤務地は愛知県です。

■雇用形態
無期雇用派遣（正社員）としての雇用です。","【交通費】
通勤手当を支給します。","【給与】
月給 333,333円〜600,000円
※想定年収をもとにした月額換算です。

【想定年収】
400万円〜720万円

【賃金内訳・給与の補足】
【給与詳細】
400万円～720万円  ※超過勤務手当20H/月、見込み賞与、各種手当を含んだ額となります。

・賞与
年2回（6､12月） ※賞与合計額1,424,500円 (2023年実績・管理職を除く社員平均）

【賞与】
賞与:年2回","【福利厚生】
■社宅/家賃補助制度あり

【加入保険】
社会保険完備 （雇用保険、労災保険、厚生年金保険、健康保険、介護保険）

【福利厚生詳細】
【財産形成関連】・社員持株（メイテックグループホールディングス株）制度（奨励金5%付加）
■財形貯蓄奨励金制度（奨励金1%付加） 他
【教育・自己啓発関連】・資格取得奨励金、通信研修補助金  他
【その他】・休業補償、慶弔見舞金、遺族補償制度 ・退職金・退職年金制度・ 福利厚生サービス「ベネフィット・ワン ベネフィット・ステーション」・互助会制度（親睦補助金・貸付金） 他
通勤手当：全額支給
社宅制度有り※業務の為、自宅通勤できない場合は会社にて、社宅を用意いたします。","【雇用形態】
正社員（無期契約）

【選考フロー】
面接※未経験者には筆記試験有
面接：オンライン

【就業場所における受動喫煙防止措置】
当社拠点：各事業所にて対策有",,交通費支給、社会保険完備、土日祝休み、賞与あり,3,任意,生年月日、性別、電話番号,agent@enroots.co.jp,090-9189-8178,,利用する,,D,
募集中,太平産業株式会社,重機整備士（学歴・英語力不問）｜太平産業株式会社,自動車整備士、整備/メンテナンス、機械整備,【豊田市】現場の安全を守る重機整備士／学歴と英語力は問いません。12月中のスタートも相談できます,,愛知県 豊田市 田籾町,,豊田ODCセンター,正社員,はい,月給,280000,380000,範囲で表示,なし,,,,,,,固定時間制,159,,健康保険、厚生年金、雇用保険、労災保険,,あり,3,か月,3ヶ月,,,,,,,,,,,,,,,"<重機建設整備士としてのお仕事全般>
建設の現場で活躍しているユンボやクレーン車などの重機や建機を整備する仕事です。
重機整備士は建設現場の安全を守るために必要な仕事で、とても重要な役目なのです！

有資格者も多数居いるため、
サポート・フォロー体制はバッチリ！安心です◎

＼他とはココが違う太平産業の魅力／
■コロナ禍でも業績増加中！
安定的なビジネスで、コロナ禍でも業績が落ちることなく、むしろ増加し続けています！
みませんか。

＼社員ファーストな環境／
■現場の声を大事に、働きやすさを追求！
現場で働くスタッフの意見を大切にし、
より良い環境づくりを目指してます。

■一緒に働くメンバー
60年続く太平産業の中核となる建設汚泥の中間処理事業。
家族の様な暖かな雰囲気で、和気あいあいとお仕事しています。
歴史ある事業を次世代へ繋ぐ為、新たに加わるメンバーの活躍を期待しています！","■残業20時間以下
■その他
■急募
■設立 昭和38年 9月26日
■従業員数 78名","【必須条件】
学歴・英語力一切問いません！
■普通自動車運転免許（MT以上）

【歓迎条件】
■自動車整備士資格
■重機整備士の資格
（等級は問いません）

【学歴】
学歴不問","8:00~17:00
（実働8h／休憩60min）

※残業：月平均20h程度","■その他
■年間休日126日
※土曜日の出勤あります。
■完全週休2日制
■夏季休暇あり
■年末年始休暇あり

＼働きやすい！／
急なお休み考慮OK・有休消化率80%以上◎","＜豊田ODCセンター＞
愛知県豊田市田籾町

■通勤
マイカー通勤が可能です。","【通勤方法】
マイカー通勤可

【交通費】
通勤手当を支給します。","【給与】
月給 280,000円〜380,000円

【想定年収】
400万円〜530万円

【賃金内訳・給与の補足】
※年収はあくまで想定年収となります。

＜年収例＞
●年収600万円／入社8年目／課長
●年収750万円／入社12年目／部長

【賞与】
賞与：2回（6月、12月）
昇給：1回

【各種手当】
◇ 住宅手当あり(条件による)
◇ 資格取得支援・手当あり
◇ 育児支援あり","■大型福利厚生サービス制度導入済み(ベネフィットステーション)
■雇用保険
■労災保険
■厚生年金
■健康保険
■退職金制度あり

【手当】
■◇ 住宅手当あり(条件による)
■◇ 資格取得支援・手当あり
■◇ 育児支援あり","【雇用形態】
正社員（無期契約）

【選考フロー】
1次面接：人事担当
↓
2次面接：豊田支店担当者2名
↓
内定",,交通費支給、社会保険完備、学歴不問、マイカー通勤OK、賞与あり,1,任意,生年月日、性別、電話番号,agent@enroots.co.jp,090-9189-8178,,利用する,,D,
募集中,株式会社アドバン・テック,機械設計（実務未経験から）｜株式会社アドバン・テック,機械設計、CAD/CAEオペレーター、生産技術,【安城市】実務未経験から始める機械設計／普通自動車運転免許があれば応募できます,,愛知県 安城市 横山町,横山321,,正社員,はい,月給,190000,270000,範囲で表示,なし,,,,,,,固定時間制,167,,健康保険、厚生年金、雇用保険、労災保険,,あり,3,か月,3ヶ月,,,,,,,,,,,,,,,"大手自動車部品メーカー向け各種専用機を中心に設計から製造までを自社で一貫して手掛ける当社にて、
今回のポジションでは、お客様ごとのニーズに合わせた専用機の構想設計から詳細設計までを担って頂く、機械設計エンジニアとしてご活躍いただける方を募集します。

【業務詳細】
同社の得意とする専用機（組付機、加工機、搬送機、ロボット省人化設備など）は、
お客様のニーズ1つ1つに合わせた完全オーダーメイド品となります。
その為、お客様との仕様打ち合わせから、CAD（I CAD-SXを使用）による設計・製図までをご担当いただきます。

■具体的な業務の流れ
1.客先と仕様打合せ
2.構想設計
3.客先との承認打合せ
4.詳細設計、ユニット図作成
5.部品図展開
6.部品リスト作成
7.製造課へ出図と製作打合せ
8.製作時の設計問い合わせフォロー
9.完成後のドキュメント作成
10.設計フィードバック修正

■未経験でも安心の教育体制
まずは製造課にて業務全体の基本を学んで頂きます。
その後設計課に配属となり、先輩と同行して業務を行います。
一つ一つ着実に業務を経験しますので未経験からでも
案件リーダーを目指せます。

1.製造課にて組付・加工業務などを行い設備づくりを学ぶ
2.設計課に配属、ユニット図から部品図を作成
3.構想設計者に従事し、かんたんなユニット図を作成
4.構想設計者に同行し、客先との仕様打合せに参加
5.簡単な設備の構想設計～部品図作成までを1人で行う
6.案件リーダーとして規模の大きな設備の設計プロデュースを行う
（客先打合せ、構想設計～部品図作成）

【魅力】
■受注生産体制により、お客様との打ち合わせを通して、自分のアイデアも反映可能なゼロからのモノづくりに携われます。
■本社には製造拠点も併設。自身が設計を手掛けたものが、目の前で形作られていきますので、間近で完成品を確認しながら進められる魅力もあります。

【主要納入先】
トヨタ自動車株式会社、株式会社デンソー、日本ガイシ株式会社、株式会社豊田自動織機、トヨタ紡織株式会社 他

【配属先組織構成】

【働く環境】
（1）スキルアップを応援しています。OJT（職場内訓練）の導入によって、入社後の指導体制が整っています。入社後からは、スキルアップに必要な外部研修を随時行い、資格取得も応援しています。
（2）新築社屋で快適に働けます。2018年にオフィスを新築し、お客様からも好評です。事務所や工場はもちろん、休憩室や食堂も美しく快適になり、毎日気持ち良い環境で仕事に取り組むことができます。

■どんな人が活躍しているのか
完全オーダーメイドなので、客先の要求する仕様を低コストで満足できることが重要です。
規模の大きな設備は複数人で設計を行うため、協調性・コミュニケーションが必要となります。
客先とも打合せを行うので礼儀・マナーも最低限必要です。
客先や製造現場への説明（プレゼン）能力も磨いていきます。
物事を多方面から見て、常に最善と最悪のケースを考え、その中でベストな判断が出来ることを求められます。","■土日休み
■設立 1990年3月
■従業員数 20名","【必須条件】
■普通自動車運転免許（AT限定可）

【歓迎条件】
■工業高校をご卒業された方。
■機械系専攻の方（図面読解可能な方）

【学歴】
高卒以上","＜標準的な勤務時間帯＞
8:30～17:30
＜その他就業時間補足＞
上記就業時間は一例です。1年単位の変形労働時間制(1週間あたりの平均労働40時間以内)
＜労働時間区分＞
1年単位の変形労働時間制
週平均労働時間：40時間00分
休憩時間：60分
時間外労働有無：有","■土日休み
週休2日制（休日は土日のみ）
年間有給休暇10日～40日（下限日数は、入社半年経過後の付与日数となります）
年間休日日数115日

土曜（年に数回出勤あり）、日曜 ※トヨタカレンダーに準ずる。
GW・夏季・年末年始、有給休暇
※休日出勤の場合は、振替休日取得","＜本社＞
愛知県安城市横山町横山321

■通勤
マイカー通勤が可能です。","【通勤方法】
マイカー通勤可

【交通費】
通勤手当を支給します。","【給与】
月給 190,000円〜270,000円

【想定年収】
300万円〜400万円

【賃金内訳・給与の補足】
その他固定手当/月：10,000円～70,000円

＜基本給＞
月額：180,000円～220,000円

【賞与】
実績：2~5ヶ月（業績によって異なる。）
夏・冬 年二回
決算賞与：臨時あり

【各種手当】
通勤手当：実費支給 ※上限あり
家族手当：配偶者：月8,000円、子：月5,000円
社会保険
皆勤手当：10,000円
職能手当：評価に応じたスキル・経験に応じて支給。（10,000円~80,000円）","＜教育制度・資格補助補足＞
■OJT（職場内訓練）
■外部研修

＜その他補足＞
■退職金共済

【手当】
■通勤手当
■家族手当
■社会保険
■退職金制度
■皆勤手当
■職能手当","【雇用形態】
正社員（無期契約）

【選考フロー】
書類選考
↓
面接二回（二回目の面接時に簡単な適性検査あり）",,交通費支給、社会保険完備、マイカー通勤OK、土日祝休み、賞与あり、未経験歓迎,5,任意,生年月日、性別、電話番号,agent@enroots.co.jp,090-9189-8178,,利用する,,D,
募集中,株式会社アドバン・テック,電気設計（実務未経験から）｜株式会社アドバン・テック,電気設計、回路設計、電子/半導体エンジニア,【安城市】実務未経験から始める電気設計／普通自動車運転免許があれば応募できます,,愛知県 安城市 横山町,横山321,,正社員,はい,月給,190000,290000,範囲で表示,なし,,,,,,,固定時間制,167,,健康保険、厚生年金、雇用保険、労災保険,,あり,3,か月,3ヶ月,,,,,,,,,,,,,,,"大手自動車部品メーカー向け各種専用機を中心に設計から製造までを自社で一貫して手掛ける当社にて、今回のポジションでは、お客様ごとのニーズに合わせた専用機の電気制御設計と制御プログラム作成・デバック調整エンジニアとしてご活躍いただける方を募集します。

【業務詳細】
同社の得意とする専用機（組付機、加工機、搬送機、ロボット省人化設備など）は、
お客様のニーズ1つ1つに合わせた完全オーダーメイド品となります。
その為、お客様との仕様打ち合わせから、CAD(AutoCAD,Vsio等)、PLCソフトによる電気回路設計・PLCプログラム・設備調整をご担当いただきます。

■具体的な業務の流れ
1.客先と仕様打合せ
2.機械設計担当と機構の打合せ
3.電気ハード回路図設計
4.客先との承認打合せ
5.BOX板金図等作成
6.部品リスト作成
7.PLCプログラム設計
8.装置にPLCプログラムをインストール
9.制御PLCプログラム調整（現場作業）
10.客先へ装置搬入後の制御立上げ調整
11.ロボットプログラム作成、ティーチング
12.完成後のドキュメント作成
13.設計フィードバック修正

■未経験でも安心の教育体制
まずは製造課にて業務全体の基本を学んで頂きます。
その後制御課に配属となり、先輩と同行して業務を行います。
一つ一つ着実に業務を経験しますので未経験からでも
案件リーダーを目指せます。

1.社内製造課にて、機械組付などを行い、まずは設備づくりの基本を学ぶ
2.制御課に配属、電気配線・制御盤組付を学ぶ
3.制御設計者に従事し、電気ハード回路図を作成
4.制御設計者が設計したPLCソフトを現場で調整
5.制御設計者に同行し、仕様打合せに参加
6.制御設計者として、電気ハード回路図、PLCソフト、現地調整を1人で行う
7.案件リーダーとして規模の大きな設備の制御プロデュースを行う
（客先打合せ、制御設計～現地調整まで）

【魅力】
■受注生産体制により、お客様との打ち合わせを通して、自分のアイデアも反映可能なゼロからのモノづくりに携われます。
■本社には製造拠点も併設。自身が設計を手掛けたものが、目の前で形作られていきますので、間近で完成品を確認しながら進めら
れる魅力もあります。

【主要納入先】
トヨタ自動車株式会社、株式会社デンソー、日本ガイシ株式会社、株式会社豊田自動織機、トヨタ紡織株式会社 他

【配属先組織構成】

【働く環境】
（1）スキルアップを応援しています。OJT（職場内訓練）の導入によって、入社後の指導体制が整っています。入社後からは、スキ
ルアップに必要な外部研修を随時行い、資格取得も応援しています。
（2）新築社屋で快適に働けます。2018年にオフィスを新築し、お客様からも好評です。事務所や工場はもちろん、休憩室や食堂も
美しく快適になり、毎日気持ち良い環境で仕事に取り組むことができます。
も大いに活躍できる職場です。

■どんな人が活躍しているのか
完全オーダーメイドなので、客先の要求する仕様を低コストで満足できることが重要です。
規模の大きな設備は複数人で設計を行うため、協調性・コミュニケーションが必要となります。
客先とも打合せを行うので礼儀・マナーも最低限必要です。
客先や製造現場への説明（プレゼン）能力も磨いていきます。
物事を多方面から見て、常に最善と最悪のケースを考え、その中でベストな判断が出来ることを求められます。","■土日休み
■設立 1990年3月
■従業員数 20名","【必須条件】
■普通自動車運転免許（AT限定可）

【歓迎条件】
■電気系専攻の方（設計実務不問）（電気制御、シーケンス制御などの知識・経験お持ちの方は歓迎）

【学歴】
高卒以上","＜標準的な勤務時間帯＞
8:30～17:30
＜その他就業時間補足＞
上記就業時間は一例です。1年単位の変形労働時間制(1週間あたりの平均労働40時間以内)

＜労働時間区分＞
1年単位の変形労働時間制
週平均労働時間：40時間00分
休憩時間：60分
時間外労働有無：有","■土日休み
週休2日制（休日は土日のみ）
年間有給休暇10日～10日（下限日数は、入社半年経過後の付与日数となります）
年間休日日数115日

土曜（年に数回出勤あり）、日曜 ※トヨタカレンダー
GW・夏季・年末年始、有給休暇
※休日出勤の場合は、振替休日取得","＜本社＞
愛知県安城市横山町横山321

■通勤
マイカー通勤が可能です。","【通勤方法】
マイカー通勤可

【交通費】
通勤手当を支給します。","【給与】
月給 190,000円〜290,000円

【想定年収】
300万円〜400万円

【賃金内訳・給与の補足】
月額（基本給）：180,000円～220,000円
その他固定手当/月：10,000円～70,000円

＜給与補足＞
■昇給：あり※1月あたり2％～5％（過去実績）
■賞与：年2回※計4ヶ月分（過去実績）
■決算賞与：業績により支給あり※実績2～5ヶ月分
■職能（能力）手当：0円～60,000円
■皆勤手当：10,000円

【賞与】
実績：2~5ヶ月（業績によって異なる。）
夏・冬 年二回
決算賞与：臨時あり

【各種手当】
通勤手当：実費支給※上限あり
家族手当：配偶者月8,000円、子月5,000円
社会保険","＜教育制度・資格補助補足＞
■OJT（職場内訓練）
■外部研修

＜その他補足＞
■退職金共済

【手当】
■通勤手当
■家族手当
■社会保険
■退職金制度","【雇用形態】
正社員（無期契約）

【選考フロー】
書類選考
↓
面接二回（二回目の面接時に簡単な適性検査あり）",,交通費支給、社会保険完備、マイカー通勤OK、土日祝休み、賞与あり、未経験歓迎,5,任意,生年月日、性別、電話番号,agent@enroots.co.jp,090-9189-8178,,利用する,,D,
