都道府県/区市,職種,駅名,住所,キャッチコピー,タイトル,仕事内容,アピールポイント
岐阜県岐阜市,検品・梱包作業,岐阜,岐阜県岐阜市橋本町,手元に集中◇商品の数と状態を確かめる検品作業♪,はじめてでも｜検品・梱包の軽作業｜岐阜駅エリア,"┏━━━━━━━━━━━━━━━┓
＼岐阜県岐阜市エリアで新しい仲間を募集／
箱を開けて、数を数えて、また閉じる。
倉庫の検品・梱包スタッフを募集します
┗━━━━━━━━━━━━━━━┛

こんな不安はありませんか？
「倉庫って、広くて歩き回るイメージ」
「フォークリフトの資格がいるのでは」

担当する場所は作業台のまわりです。資格が必要な機械は使いません。

──────────────
【◆作業の流れ◆】
■ 入荷した商品を数える
伝票の数量と、実際の数が合っているかを見ます。
■ 状態を確かめる
箱のへこみ・汚れ・部品の抜けがないかを確認します。
■ 包む
緩衝材で包み、指定された箱に入れます。
■ 伝票を貼る
送り先のラベルを、決められた位置に貼って完了です。

──────────────
【◆未経験の方へ◆】
✔ 初日は先輩と一緒に工程を確認します
✔ 使う道具はカッター・テープ・台車程度です
✔ 電話や来客の対応はありません
✔ 資格や経験の条件はありません

──────────────
【◆勤務地◆】

岐阜県岐阜市橋本町
最寄り駅：岐阜駅

給与や勤務時間、シフトの組み方は、
ご応募いただいた後にお伝えします。
少しでも気になったら、ご応募ください。","《◆この仕事の特徴◆》

✅ ① 数量はリストと二重チェック
ひとりの目に頼らない流れなので、
間違いを見つけやすい仕組みです。

✅ ② 使う道具はシンプル
カッター・テープ・台車程度で、
機械の操作はありません。

✅ ③ 電話・来客対応なし
作業台に向かう時間がほとんどです。

──────────────
《◆向いている方◆》
✔ 数を数えるのが苦にならない方
✔ 決まった手順を守れる方
✔ 静かな環境で働きたい方

──────────────
《◆応募について◆》
✔ 資格・経験の条件はありません
✔ 給与・勤務時間・シフト・待遇はご応募後にお伝えします
✔ 質問だけのご連絡も受け付けています"
岐阜県大垣市,検品・梱包作業,大垣,岐阜県大垣市高屋町,数えて、詰めて、貼る◇商品の数と状態を確かめる検品作業◎,経験なしから｜検品・梱包の軽作業｜大垣駅エリア,"┏━━━━━━━━━━━━━━━┓
＼岐阜県大垣市エリアで新しい仲間を募集／
伝票と現物、合っているかを見る仕事です。
出荷前のチェックを担当するスタッフ募集
┗━━━━━━━━━━━━━━━┛

こんな不安はありませんか？
「倉庫って、広くて歩き回るイメージ」
「フォークリフトの資格がいるのでは」

担当する場所は作業台のまわりです。資格が必要な機械は使いません。

──────────────
【◆作業の流れ◆】
■ 入荷した商品を数える
伝票の数量と、実際の数が合っているかを見ます。
■ 状態を確かめる
箱のへこみ・汚れ・部品の抜けがないかを確認します。
■ 包む
緩衝材で包み、指定された箱に入れます。
■ 伝票を貼る
送り先のラベルを、決められた位置に貼って完了です。

──────────────
【◆未経験の方へ◆】
✔ 初日は先輩と一緒に工程を確認します
✔ 使う道具はカッター・テープ・台車程度です
✔ 電話や来客の対応はありません
✔ 資格や経験の条件はありません

──────────────
【◆勤務地◆】

岐阜県大垣市高屋町
最寄り駅：大垣駅

給与や勤務時間、シフトの組み方は、
ご応募いただいた後にお伝えします。
少しでも気になったら、ご応募ください。","《◆はじめやすいポイント◆》

✅ ① 数量はリストと二重チェック
ひとりの目に頼らない流れなので、
間違いを見つけやすい仕組みです。

✅ ② 使う道具はシンプル
カッター・テープ・台車程度で、
機械の操作はありません。

✅ ③ 電話・来客対応なし
作業台に向かう時間がほとんどです。

──────────────
《◆向いている方◆》
✔ 数を数えるのが苦にならない方
✔ 決まった手順を守れる方
✔ 静かな環境で働きたい方

──────────────
《◆応募について◆》
✔ 資格・経験の条件はありません
✔ 給与・勤務時間・シフト・待遇はご応募後にお伝えします
✔ 質問だけのご連絡も受け付けています"
岐阜県岐阜市,検品・梱包作業,名鉄岐阜,岐阜県岐阜市神田町,決まった順番で◇商品の数と状態を確かめる検品作業！,手順あり｜検品・梱包の軽作業｜名鉄岐阜駅エリア,"┏━━━━━━━━━━━━━━━┓
＼岐阜県岐阜市エリアで新しい仲間を募集／
今日やることは、作業に入る前に決まっています。
検品・梱包の軽作業スタッフ募集
┗━━━━━━━━━━━━━━━┛

こんな不安はありませんか？
「倉庫って、広くて歩き回るイメージ」
「フォークリフトの資格がいるのでは」

担当する場所は作業台のまわりです。資格が必要な機械は使いません。

──────────────
【◆作業の流れ◆】
■ 入荷した商品を数える
伝票の数量と、実際の数が合っているかを見ます。
■ 状態を確かめる
箱のへこみ・汚れ・部品の抜けがないかを確認します。
■ 包む
緩衝材で包み、指定された箱に入れます。
■ 伝票を貼る
送り先のラベルを、決められた位置に貼って完了です。

──────────────
【◆未経験の方へ◆】
✔ 数量はリストで二重に確認します
✔ 品番の読み方から説明します
✔ 分からないときは手を止めて聞けます
✔ 慣れるまでは同じ工程を続けられます

──────────────
【◆勤務地◆】

岐阜県岐阜市神田町
最寄り駅：名鉄岐阜駅

給与や勤務時間、シフトの組み方は、
ご応募いただいた後にお伝えします。
少しでも気になったら、ご応募ください。","《◆一日の過ごし方◆》

✅ ① 数量はリストと二重チェック
ひとりの目に頼らない流れなので、
間違いを見つけやすい仕組みです。

✅ ② 使う道具はシンプル
カッター・テープ・台車程度で、
機械の操作はありません。

✅ ③ 電話・来客対応なし
作業台に向かう時間がほとんどです。

──────────────
《◆向いている方◆》
✔ 数を数えるのが苦にならない方
✔ 決まった手順を守れる方
✔ 静かな環境で働きたい方

──────────────
《◆応募について◆》
✔ 資格・経験の条件はありません
✔ 給与・勤務時間・シフト・待遇はご応募後にお伝えします
✔ 質問だけのご連絡も受け付けています"
岐阜県多治見市,検品・梱包作業,多治見,岐阜県多治見市音羽町,はじめてでも大丈夫◇商品の数と状態を確かめる検品作業☆,接客なし｜検品・梱包の軽作業｜多治見駅エリア,"┏━━━━━━━━━━━━━━━┓
＼岐阜県多治見市エリアで新しい仲間を募集／
包んで、詰めて、貼る。この 3 つが基本です。
倉庫内の梱包スタッフを募集します
┗━━━━━━━━━━━━━━━┛

こんな不安はありませんか？
「倉庫って、広くて歩き回るイメージ」
「フォークリフトの資格がいるのでは」

担当する場所は作業台のまわりです。資格が必要な機械は使いません。

──────────────
【◆作業の流れ◆】
■ 入荷した商品を数える
伝票の数量と、実際の数が合っているかを見ます。
■ 状態を確かめる
箱のへこみ・汚れ・部品の抜けがないかを確認します。
■ 包む
緩衝材で包み、指定された箱に入れます。
■ 伝票を貼る
送り先のラベルを、決められた位置に貼って完了です。

──────────────
【◆未経験の方へ◆】
✔ 数量はリストで二重に確認します
✔ 品番の読み方から説明します
✔ 分からないときは手を止めて聞けます
✔ 慣れるまでは同じ工程を続けられます

──────────────
【◆勤務地◆】

岐阜県多治見市音羽町
最寄り駅：多治見駅

給与や勤務時間、シフトの組み方は、
ご応募いただいた後にお伝えします。
少しでも気になったら、ご応募ください。","《◆作業のこだわり◆》

✅ ① 数量はリストと二重チェック
ひとりの目に頼らない流れなので、
間違いを見つけやすい仕組みです。

✅ ② 使う道具はシンプル
カッター・テープ・台車程度で、
機械の操作はありません。

✅ ③ 電話・来客対応なし
作業台に向かう時間がほとんどです。

──────────────
《◆向いている方◆》
✔ 数を数えるのが苦にならない方
✔ 決まった手順を守れる方
✔ 静かな環境で働きたい方

──────────────
《◆応募について◆》
✔ 資格・経験の条件はありません
✔ 給与・勤務時間・シフト・待遇はご応募後にお伝えします
✔ 質問だけのご連絡も受け付けています"
岐阜県瑞穂市,検品・梱包作業,穂積,岐阜県瑞穂市別府,静かに働ける◇商品の数と状態を確かめる検品作業✨,コツコツ派に｜検品・梱包の軽作業｜穂積駅エリア,"┏━━━━━━━━━━━━━━━┓
＼岐阜県瑞穂市エリアで新しい仲間を募集／
手元の商品に集中できる環境です。
検品と箱詰めを担当する方を募集
┗━━━━━━━━━━━━━━━┛

こんな不安はありませんか？
「倉庫って、広くて歩き回るイメージ」
「フォークリフトの資格がいるのでは」

担当する場所は作業台のまわりです。資格が必要な機械は使いません。

──────────────
【◆作業の流れ◆】
■ 入荷した商品を数える
伝票の数量と、実際の数が合っているかを見ます。
■ 状態を確かめる
箱のへこみ・汚れ・部品の抜けがないかを確認します。
■ 包む
緩衝材で包み、指定された箱に入れます。
■ 伝票を貼る
送り先のラベルを、決められた位置に貼って完了です。

──────────────
【◆未経験の方へ◆】
✔ 作業は作業台のまわりで完結します
✔ 運ぶのは箱に入る程度の商品です
✔ 担当工程は日によって変わることがあります
✔ 経験の有無で担当を分けることはありません

──────────────
【◆勤務地◆】

岐阜県瑞穂市別府
最寄り駅：穂積駅

給与や勤務時間、シフトの組み方は、
ご応募いただいた後にお伝えします。
少しでも気になったら、ご応募ください。","《◆長く続けられる理由◆》

✅ ① 数量はリストと二重チェック
ひとりの目に頼らない流れなので、
間違いを見つけやすい仕組みです。

✅ ② 使う道具はシンプル
カッター・テープ・台車程度で、
機械の操作はありません。

✅ ③ 電話・来客対応なし
作業台に向かう時間がほとんどです。

──────────────
《◆向いている方◆》
✔ 数を数えるのが苦にならない方
✔ 決まった手順を守れる方
✔ 静かな環境で働きたい方

──────────────
《◆応募について◆》
✔ 資格・経験の条件はありません
✔ 給与・勤務時間・シフト・待遇はご応募後にお伝えします
✔ 質問だけのご連絡も受け付けています"
岐阜県岐阜市,検品・梱包作業,西岐阜,岐阜県岐阜市市橋,1日の流れがシンプル◇商品の数と状態を確かめる検品作業♪,はじめてでも｜倉庫内の箱詰め・検品｜西岐阜駅エリア,"┏━━━━━━━━━━━━━━━┓
＼岐阜県岐阜市エリアで新しい仲間を募集／
倉庫の仕事が、はじめての方へ。
検品・梱包・ラベル貼りの募集です
┗━━━━━━━━━━━━━━━┛

こんな不安はありませんか？
「倉庫って、広くて歩き回るイメージ」
「フォークリフトの資格がいるのでは」

担当する場所は作業台のまわりです。資格が必要な機械は使いません。

──────────────
【◆作業の流れ◆】
■ 入荷した商品を数える
伝票の数量と、実際の数が合っているかを見ます。
■ 状態を確かめる
箱のへこみ・汚れ・部品の抜けがないかを確認します。
■ 包む
緩衝材で包み、指定された箱に入れます。
■ 伝票を貼る
送り先のラベルを、決められた位置に貼って完了です。

──────────────
【◆未経験の方へ◆】
✔ 作業は作業台のまわりで完結します
✔ 運ぶのは箱に入る程度の商品です
✔ 担当工程は日によって変わることがあります
✔ 経験の有無で担当を分けることはありません

──────────────
【◆勤務地◆】

岐阜県岐阜市市橋
最寄り駅：西岐阜駅

給与や勤務時間、シフトの組み方は、
ご応募いただいた後にお伝えします。
少しでも気になったら、ご応募ください。","《◆こんな環境です◆》

✅ ① 数量はリストと二重チェック
ひとりの目に頼らない流れなので、
間違いを見つけやすい仕組みです。

✅ ② 使う道具はシンプル
カッター・テープ・台車程度で、
機械の操作はありません。

✅ ③ 電話・来客対応なし
作業台に向かう時間がほとんどです。

──────────────
《◆向いている方◆》
✔ 数を数えるのが苦にならない方
✔ 決まった手順を守れる方
✔ 静かな環境で働きたい方

──────────────
《◆応募について◆》
✔ 資格・経験の条件はありません
✔ 給与・勤務時間・シフト・待遇はご応募後にお伝えします
✔ 質問だけのご連絡も受け付けています"
岐阜県各務原市,検品・梱包作業,新鵜沼,岐阜県各務原市鵜沼南町,身近な駅で◇商品の数と状態を確かめる検品作業◎,経験なしから｜倉庫内の箱詰め・検品｜新鵜沼駅エリア,"┏━━━━━━━━━━━━━━━┓
＼岐阜県各務原市エリアで新しい仲間を募集／
箱を開けて、数を数えて、また閉じる。
倉庫の検品・梱包スタッフを募集します
┗━━━━━━━━━━━━━━━┛

こんな不安はありませんか？
「数を間違えたら怒られそう」
「集中力が続くか心配」

数量はリストと二重に確認する流れです。ひとりで抱え込む仕組みではありません。

──────────────
【◆作業の流れ◆】
■ 入荷した商品を数える
伝票の数量と、実際の数が合っているかを見ます。
■ 状態を確かめる
箱のへこみ・汚れ・部品の抜けがないかを確認します。
■ 包む
緩衝材で包み、指定された箱に入れます。
■ 伝票を貼る
送り先のラベルを、決められた位置に貼って完了です。

──────────────
【◆未経験の方へ◆】
✔ 手順書を見ながら進められます
✔ 検品・梱包・ラベル貼りを順に覚えます
✔ 商品は片手で持てるものが中心です
✔ 質問しやすい距離に担当者がいます

──────────────
【◆勤務地◆】

岐阜県各務原市鵜沼南町
最寄り駅：新鵜沼駅

給与や勤務時間、シフトの組み方は、
ご応募いただいた後にお伝えします。
少しでも気になったら、ご応募ください。","《◆この仕事の特徴◆》

✅ ① 初日は先輩と一緒
工程をひとつずつ確認しながら覚えます。

✅ ② 覚える品番は担当分だけ
全商品を暗記する必要はありません。

✅ ③ 速さより正確さ
急かされるより、確実に進めることを大切にしています。

──────────────
《◆向いている方◆》
✔ 数を数えるのが苦にならない方
✔ 決まった手順を守れる方
✔ 静かな環境で働きたい方

──────────────
《◆応募について◆》
✔ 資格・経験の条件はありません
✔ 給与・勤務時間・シフト・待遇はご応募後にお伝えします
✔ 質問だけのご連絡も受け付けています"
岐阜県土岐市,検品・梱包作業,土岐市,岐阜県土岐市泉町久尻,難しい操作なし◇商品の数と状態を確かめる検品作業！,手順あり｜倉庫内の箱詰め・検品｜土岐市駅エリア,"┏━━━━━━━━━━━━━━━┓
＼岐阜県土岐市エリアで新しい仲間を募集／
伝票と現物、合っているかを見る仕事です。
出荷前のチェックを担当するスタッフ募集
┗━━━━━━━━━━━━━━━┛

こんな不安はありませんか？
「数を間違えたら怒られそう」
「集中力が続くか心配」

数量はリストと二重に確認する流れです。ひとりで抱え込む仕組みではありません。

──────────────
【◆作業の流れ◆】
■ 入荷した商品を数える
伝票の数量と、実際の数が合っているかを見ます。
■ 状態を確かめる
箱のへこみ・汚れ・部品の抜けがないかを確認します。
■ 包む
緩衝材で包み、指定された箱に入れます。
■ 伝票を貼る
送り先のラベルを、決められた位置に貼って完了です。

──────────────
【◆未経験の方へ◆】
✔ 手順書を見ながら進められます
✔ 検品・梱包・ラベル貼りを順に覚えます
✔ 商品は片手で持てるものが中心です
✔ 質問しやすい距離に担当者がいます

──────────────
【◆勤務地◆】

岐阜県土岐市泉町久尻
最寄り駅：土岐市駅

給与や勤務時間、シフトの組み方は、
ご応募いただいた後にお伝えします。
質問だけでも、ご連絡ください。","《◆はじめやすいポイント◆》

✅ ① 初日は先輩と一緒
工程をひとつずつ確認しながら覚えます。

✅ ② 覚える品番は担当分だけ
全商品を暗記する必要はありません。

✅ ③ 速さより正確さ
急かされるより、確実に進めることを大切にしています。

──────────────
《◆向いている方◆》
✔ 数を数えるのが苦にならない方
✔ 決まった手順を守れる方
✔ 静かな環境で働きたい方

──────────────
《◆応募について◆》
✔ 資格・経験の条件はありません
✔ 給与・勤務時間・シフト・待遇はご応募後にお伝えします
✔ 質問だけのご連絡も受け付けています"
岐阜県羽島郡笠松町,検品・梱包作業,笠松,岐阜県羽島郡笠松町西金池町,ひとつずつ丁寧に◇商品の数と状態を確かめる検品作業☆,接客なし｜倉庫内の箱詰め・検品｜笠松駅エリア,"┏━━━━━━━━━━━━━━━┓
＼岐阜県羽島郡笠松町エリアで新しい仲間を募集／
今日やることは、作業に入る前に決まっています。
検品・梱包の軽作業スタッフ募集
┗━━━━━━━━━━━━━━━┛

こんな不安はありませんか？
「数を間違えたら怒られそう」
「集中力が続くか心配」

数量はリストと二重に確認する流れです。ひとりで抱え込む仕組みではありません。

──────────────
【◆作業の流れ◆】
■ 入荷した商品を数える
伝票の数量と、実際の数が合っているかを見ます。
■ 状態を確かめる
箱のへこみ・汚れ・部品の抜けがないかを確認します。
■ 包む
緩衝材で包み、指定された箱に入れます。
■ 伝票を貼る
送り先のラベルを、決められた位置に貼って完了です。

──────────────
【◆未経験の方へ◆】
✔ 覚える品番は担当分だけです
✔ 速さより正確さを大切にしています
✔ 会話は最小限で作業に集中できます
✔ 倉庫の仕事がはじめての方も多い工程です

──────────────
【◆勤務地◆】

岐阜県羽島郡笠松町西金池町
最寄り駅：笠松駅

給与や勤務時間、シフトの組み方は、
ご応募いただいた後にお伝えします。
質問だけでも、ご連絡ください。","《◆一日の過ごし方◆》

✅ ① 初日は先輩と一緒
工程をひとつずつ確認しながら覚えます。

✅ ② 覚える品番は担当分だけ
全商品を暗記する必要はありません。

✅ ③ 速さより正確さ
急かされるより、確実に進めることを大切にしています。

──────────────
《◆向いている方◆》
✔ 数を数えるのが苦にならない方
✔ 決まった手順を守れる方
✔ 静かな環境で働きたい方

──────────────
《◆応募について◆》
✔ 資格・経験の条件はありません
✔ 給与・勤務時間・シフト・待遇はご応募後にお伝えします
✔ 質問だけのご連絡も受け付けています"
岐阜県瑞浪市,検品・梱包作業,瑞浪,岐阜県瑞浪市寺河戸町,腰を据えて長く◇商品の数と状態を確かめる検品作業✨,コツコツ派に｜倉庫内の箱詰め・検品｜瑞浪駅エリア,"┏━━━━━━━━━━━━━━━┓
＼岐阜県瑞浪市エリアで新しい仲間を募集／
包んで、詰めて、貼る。この 3 つが基本です。
倉庫内の梱包スタッフを募集します
┗━━━━━━━━━━━━━━━┛

こんな不安はありませんか？
「数を間違えたら怒られそう」
「集中力が続くか心配」

数量はリストと二重に確認する流れです。ひとりで抱え込む仕組みではありません。

──────────────
【◆作業の流れ◆】
■ 入荷した商品を数える
伝票の数量と、実際の数が合っているかを見ます。
■ 状態を確かめる
箱のへこみ・汚れ・部品の抜けがないかを確認します。
■ 包む
緩衝材で包み、指定された箱に入れます。
■ 伝票を貼る
送り先のラベルを、決められた位置に貼って完了です。

──────────────
【◆未経験の方へ◆】
✔ 覚える品番は担当分だけです
✔ 速さより正確さを大切にしています
✔ 会話は最小限で作業に集中できます
✔ 倉庫の仕事がはじめての方も多い工程です

──────────────
【◆勤務地◆】

岐阜県瑞浪市寺河戸町
最寄り駅：瑞浪駅

給与や勤務時間、シフトの組み方は、
ご応募いただいた後にお伝えします。
質問だけでも、ご連絡ください。","《◆作業のこだわり◆》

✅ ① 初日は先輩と一緒
工程をひとつずつ確認しながら覚えます。

✅ ② 覚える品番は担当分だけ
全商品を暗記する必要はありません。

✅ ③ 速さより正確さ
急かされるより、確実に進めることを大切にしています。

──────────────
《◆向いている方◆》
✔ 数を数えるのが苦にならない方
✔ 決まった手順を守れる方
✔ 静かな環境で働きたい方

──────────────
《◆応募について◆》
✔ 資格・経験の条件はありません
✔ 給与・勤務時間・シフト・待遇はご応募後にお伝えします
✔ 質問だけのご連絡も受け付けています"
岐阜県恵那市,検品・梱包作業,恵那,岐阜県恵那市大井町,手元に集中◇箱詰めとラベル貼りの軽作業♪,はじめてでも｜検品と梱包スタッフ｜恵那駅エリア,"┏━━━━━━━━━━━━━━━┓
＼岐阜県恵那市エリアで新しい仲間を募集／
手元の商品に集中できる環境です。
検品と箱詰めを担当する方を募集
┗━━━━━━━━━━━━━━━┛

こんな不安はありませんか？
「数を間違えたら怒られそう」
「集中力が続くか心配」

数量はリストと二重に確認する流れです。ひとりで抱え込む仕組みではありません。

──────────────
【◆作業の流れ◆】
■ 入荷した商品を数える
伝票の数量と、実際の数が合っているかを見ます。
■ 状態を確かめる
箱のへこみ・汚れ・部品の抜けがないかを確認します。
■ 包む
緩衝材で包み、指定された箱に入れます。
■ 伝票を貼る
送り先のラベルを、決められた位置に貼って完了です。

──────────────
【◆未経験の方へ◆】
✔ 初日は先輩と一緒に工程を確認します
✔ 使う道具はカッター・テープ・台車程度です
✔ 電話や来客の対応はありません
✔ 資格や経験の条件はありません

──────────────
【◆勤務地◆】

岐阜県恵那市大井町
最寄り駅：恵那駅

給与や勤務時間、シフトの組み方は、
ご応募いただいた後にお伝えします。
質問だけでも、ご連絡ください。","《◆長く続けられる理由◆》

✅ ① 初日は先輩と一緒
工程をひとつずつ確認しながら覚えます。

✅ ② 覚える品番は担当分だけ
全商品を暗記する必要はありません。

✅ ③ 速さより正確さ
急かされるより、確実に進めることを大切にしています。

──────────────
《◆向いている方◆》
✔ 数を数えるのが苦にならない方
✔ 決まった手順を守れる方
✔ 静かな環境で働きたい方

──────────────
《◆応募について◆》
✔ 資格・経験の条件はありません
✔ 給与・勤務時間・シフト・待遇はご応募後にお伝えします
✔ 質問だけのご連絡も受け付けています"
岐阜県美濃加茂市,検品・梱包作業,美濃太田,岐阜県美濃加茂市太田町,数えて、詰めて、貼る◇箱詰めとラベル貼りの軽作業◎,経験なしから｜検品と梱包スタッフ｜美濃太田駅エリア,"┏━━━━━━━━━━━━━━━┓
＼岐阜県美濃加茂市エリアで新しい仲間を募集／
倉庫の仕事が、はじめての方へ。
検品・梱包・ラベル貼りの募集です
┗━━━━━━━━━━━━━━━┛

こんな不安はありませんか？
「数を間違えたら怒られそう」
「集中力が続くか心配」

数量はリストと二重に確認する流れです。ひとりで抱え込む仕組みではありません。

──────────────
【◆作業の流れ◆】
■ 入荷した商品を数える
伝票の数量と、実際の数が合っているかを見ます。
■ 状態を確かめる
箱のへこみ・汚れ・部品の抜けがないかを確認します。
■ 包む
緩衝材で包み、指定された箱に入れます。
■ 伝票を貼る
送り先のラベルを、決められた位置に貼って完了です。

──────────────
【◆未経験の方へ◆】
✔ 初日は先輩と一緒に工程を確認します
✔ 使う道具はカッター・テープ・台車程度です
✔ 電話や来客の対応はありません
✔ 資格や経験の条件はありません

──────────────
【◆勤務地◆】

岐阜県美濃加茂市太田町
最寄り駅：美濃太田駅

給与や勤務時間、シフトの組み方は、
ご応募いただいた後にお伝えします。
質問だけでも、ご連絡ください。","《◆こんな環境です◆》

✅ ① 初日は先輩と一緒
工程をひとつずつ確認しながら覚えます。

✅ ② 覚える品番は担当分だけ
全商品を暗記する必要はありません。

✅ ③ 速さより正確さ
急かされるより、確実に進めることを大切にしています。

──────────────
《◆向いている方◆》
✔ 数を数えるのが苦にならない方
✔ 決まった手順を守れる方
✔ 静かな環境で働きたい方

──────────────
《◆応募について◆》
✔ 資格・経験の条件はありません
✔ 給与・勤務時間・シフト・待遇はご応募後にお伝えします
✔ 質問だけのご連絡も受け付けています"
岐阜県中津川市,検品・梱包作業,中津川,岐阜県中津川市太田町,決まった順番で◇箱詰めとラベル貼りの軽作業！,手順あり｜検品と梱包スタッフ｜中津川駅エリア,"┏━━━━━━━━━━━━━━━┓
＼岐阜県中津川市エリアで新しい仲間を募集／
箱を開けて、数を数えて、また閉じる。
倉庫の検品・梱包スタッフを募集します
┗━━━━━━━━━━━━━━━┛

こんな不安はありませんか？
「体力に自信がない」
「腰に負担がかかりそう」

運ぶのは箱に入る程度の商品です。台車を使う場面もあります。

──────────────
【◆作業の流れ◆】
■ 入荷した商品を数える
伝票の数量と、実際の数が合っているかを見ます。
■ 状態を確かめる
箱のへこみ・汚れ・部品の抜けがないかを確認します。
■ 包む
緩衝材で包み、指定された箱に入れます。
■ 伝票を貼る
送り先のラベルを、決められた位置に貼って完了です。

──────────────
【◆未経験の方へ◆】
✔ 数量はリストで二重に確認します
✔ 品番の読み方から説明します
✔ 分からないときは手を止めて聞けます
✔ 慣れるまでは同じ工程を続けられます

──────────────
【◆勤務地◆】

岐阜県中津川市太田町
最寄り駅：中津川駅

給与や勤務時間、シフトの組み方は、
ご応募いただいた後にお伝えします。
質問だけでも、ご連絡ください。","《◆この仕事の特徴◆》

✅ ① 手順書がそばにあります
迷ったときに見返せる資料があります。

✅ ② 商品は片手で持てるものが中心
重い荷物を抱えて歩く場面は多くありません。

✅ ③ 担当が日によって変わることも
検品・梱包・ラベル貼りを順に経験できます。

──────────────
《◆向いている方◆》
✔ 数を数えるのが苦にならない方
✔ 決まった手順を守れる方
✔ 静かな環境で働きたい方

──────────────
《◆応募について◆》
✔ 資格・経験の条件はありません
✔ 給与・勤務時間・シフト・待遇はご応募後にお伝えします
✔ 質問だけのご連絡も受け付けています"
岐阜県各務原市,検品・梱包作業,三柿野,岐阜県各務原市蘇原三柿野町,はじめてでも大丈夫◇箱詰めとラベル貼りの軽作業☆,接客なし｜検品と梱包スタッフ｜三柿野駅エリア,"┏━━━━━━━━━━━━━━━┓
＼岐阜県各務原市エリアで新しい仲間を募集／
伝票と現物、合っているかを見る仕事です。
出荷前のチェックを担当するスタッフ募集
┗━━━━━━━━━━━━━━━┛

こんな不安はありませんか？
「体力に自信がない」
「腰に負担がかかりそう」

運ぶのは箱に入る程度の商品です。台車を使う場面もあります。

──────────────
【◆作業の流れ◆】
■ 入荷した商品を数える
伝票の数量と、実際の数が合っているかを見ます。
■ 状態を確かめる
箱のへこみ・汚れ・部品の抜けがないかを確認します。
■ 包む
緩衝材で包み、指定された箱に入れます。
■ 伝票を貼る
送り先のラベルを、決められた位置に貼って完了です。

──────────────
【◆未経験の方へ◆】
✔ 数量はリストで二重に確認します
✔ 品番の読み方から説明します
✔ 分からないときは手を止めて聞けます
✔ 慣れるまでは同じ工程を続けられます

──────────────
【◆勤務地◆】

岐阜県各務原市蘇原三柿野町
最寄り駅：三柿野駅

給与や勤務時間、シフトの組み方は、
ご応募いただいた後にお伝えします。
質問だけでも、ご連絡ください。","《◆はじめやすいポイント◆》

✅ ① 手順書がそばにあります
迷ったときに見返せる資料があります。

✅ ② 商品は片手で持てるものが中心
重い荷物を抱えて歩く場面は多くありません。

✅ ③ 担当が日によって変わることも
検品・梱包・ラベル貼りを順に経験できます。

──────────────
《◆向いている方◆》
✔ 数を数えるのが苦にならない方
✔ 決まった手順を守れる方
✔ 静かな環境で働きたい方

──────────────
《◆応募について◆》
✔ 資格・経験の条件はありません
✔ 給与・勤務時間・シフト・待遇はご応募後にお伝えします
✔ 質問だけのご連絡も受け付けています"
岐阜県羽島市,検品・梱包作業,岐阜羽島,岐阜県羽島市福寿町平方,静かに働ける◇箱詰めとラベル貼りの軽作業✨,コツコツ派に｜検品と梱包スタッフ｜岐阜羽島駅エリア,"┏━━━━━━━━━━━━━━━┓
＼岐阜県羽島市エリアで新しい仲間を募集／
今日やることは、作業に入る前に決まっています。
検品・梱包の軽作業スタッフ募集
┗━━━━━━━━━━━━━━━┛

こんな不安はありませんか？
「体力に自信がない」
「腰に負担がかかりそう」

運ぶのは箱に入る程度の商品です。台車を使う場面もあります。

──────────────
【◆作業の流れ◆】
■ 入荷した商品を数える
伝票の数量と、実際の数が合っているかを見ます。
■ 状態を確かめる
箱のへこみ・汚れ・部品の抜けがないかを確認します。
■ 包む
緩衝材で包み、指定された箱に入れます。
■ 伝票を貼る
送り先のラベルを、決められた位置に貼って完了です。

──────────────
【◆未経験の方へ◆】
✔ 作業は作業台のまわりで完結します
✔ 運ぶのは箱に入る程度の商品です
✔ 担当工程は日によって変わることがあります
✔ 経験の有無で担当を分けることはありません

──────────────
【◆勤務地◆】

岐阜県羽島市福寿町平方
最寄り駅：岐阜羽島駅

給与や勤務時間、シフトの組み方は、
ご応募いただいた後にお伝えします。
応募の前に確認したいことがあれば、お問い合わせください。","《◆一日の過ごし方◆》

✅ ① 手順書がそばにあります
迷ったときに見返せる資料があります。

✅ ② 商品は片手で持てるものが中心
重い荷物を抱えて歩く場面は多くありません。

✅ ③ 担当が日によって変わることも
検品・梱包・ラベル貼りを順に経験できます。

──────────────
《◆向いている方◆》
✔ 数を数えるのが苦にならない方
✔ 決まった手順を守れる方
✔ 静かな環境で働きたい方

──────────────
《◆応募について◆》
✔ 資格・経験の条件はありません
✔ 給与・勤務時間・シフト・待遇はご応募後にお伝えします
✔ 質問だけのご連絡も受け付けています"
岐阜県不破郡垂井町,検品・梱包作業,垂井,岐阜県不破郡垂井町,1日の流れがシンプル◇箱詰めとラベル貼りの軽作業♪,はじめてでも｜梱包・ラベル貼り担当｜垂井駅エリア,"┏━━━━━━━━━━━━━━━┓
＼岐阜県不破郡垂井町エリアで新しい仲間を募集／
包んで、詰めて、貼る。この 3 つが基本です。
倉庫内の梱包スタッフを募集します
┗━━━━━━━━━━━━━━━┛

こんな不安はありませんか？
「体力に自信がない」
「腰に負担がかかりそう」

運ぶのは箱に入る程度の商品です。台車を使う場面もあります。

──────────────
【◆作業の流れ◆】
■ 入荷した商品を数える
伝票の数量と、実際の数が合っているかを見ます。
■ 状態を確かめる
箱のへこみ・汚れ・部品の抜けがないかを確認します。
■ 包む
緩衝材で包み、指定された箱に入れます。
■ 伝票を貼る
送り先のラベルを、決められた位置に貼って完了です。

──────────────
【◆未経験の方へ◆】
✔ 作業は作業台のまわりで完結します
✔ 運ぶのは箱に入る程度の商品です
✔ 担当工程は日によって変わることがあります
✔ 経験の有無で担当を分けることはありません

──────────────
【◆勤務地◆】

岐阜県不破郡垂井町
最寄り駅：垂井駅

給与や勤務時間、シフトの組み方は、
ご応募いただいた後にお伝えします。
応募の前に確認したいことがあれば、お問い合わせください。","《◆作業のこだわり◆》

✅ ① 手順書がそばにあります
迷ったときに見返せる資料があります。

✅ ② 商品は片手で持てるものが中心
重い荷物を抱えて歩く場面は多くありません。

✅ ③ 担当が日によって変わることも
検品・梱包・ラベル貼りを順に経験できます。

──────────────
《◆向いている方◆》
✔ 数を数えるのが苦にならない方
✔ 決まった手順を守れる方
✔ 静かな環境で働きたい方

──────────────
《◆応募について◆》
✔ 資格・経験の条件はありません
✔ 給与・勤務時間・シフト・待遇はご応募後にお伝えします
✔ 質問だけのご連絡も受け付けています"
岐阜県可児市,検品・梱包作業,新可児,岐阜県可児市下恵土,身近な駅で◇箱詰めとラベル貼りの軽作業◎,経験なしから｜梱包・ラベル貼り担当｜新可児駅エリア,"┏━━━━━━━━━━━━━━━┓
＼岐阜県可児市エリアで新しい仲間を募集／
手元の商品に集中できる環境です。
検品と箱詰めを担当する方を募集
┗━━━━━━━━━━━━━━━┛

こんな不安はありませんか？
「体力に自信がない」
「腰に負担がかかりそう」

運ぶのは箱に入る程度の商品です。台車を使う場面もあります。

──────────────
【◆作業の流れ◆】
■ 入荷した商品を数える
伝票の数量と、実際の数が合っているかを見ます。
■ 状態を確かめる
箱のへこみ・汚れ・部品の抜けがないかを確認します。
■ 包む
緩衝材で包み、指定された箱に入れます。
■ 伝票を貼る
送り先のラベルを、決められた位置に貼って完了です。

──────────────
【◆未経験の方へ◆】
✔ 手順書を見ながら進められます
✔ 検品・梱包・ラベル貼りを順に覚えます
✔ 商品は片手で持てるものが中心です
✔ 質問しやすい距離に担当者がいます

──────────────
【◆勤務地◆】

岐阜県可児市下恵土
最寄り駅：新可児駅

給与や勤務時間、シフトの組み方は、
ご応募いただいた後にお伝えします。
応募の前に確認したいことがあれば、お問い合わせください。","《◆長く続けられる理由◆》

✅ ① 手順書がそばにあります
迷ったときに見返せる資料があります。

✅ ② 商品は片手で持てるものが中心
重い荷物を抱えて歩く場面は多くありません。

✅ ③ 担当が日によって変わることも
検品・梱包・ラベル貼りを順に経験できます。

──────────────
《◆向いている方◆》
✔ 数を数えるのが苦にならない方
✔ 決まった手順を守れる方
✔ 静かな環境で働きたい方

──────────────
《◆応募について◆》
✔ 資格・経験の条件はありません
✔ 給与・勤務時間・シフト・待遇はご応募後にお伝えします
✔ 質問だけのご連絡も受け付けています"
岐阜県可児市,検品・梱包作業,西可児,岐阜県可児市帷子新町,難しい操作なし◇箱詰めとラベル貼りの軽作業！,手順あり｜梱包・ラベル貼り担当｜西可児駅エリア,"┏━━━━━━━━━━━━━━━┓
＼岐阜県可児市エリアで新しい仲間を募集／
倉庫の仕事が、はじめての方へ。
検品・梱包・ラベル貼りの募集です
┗━━━━━━━━━━━━━━━┛

こんな不安はありませんか？
「体力に自信がない」
「腰に負担がかかりそう」

運ぶのは箱に入る程度の商品です。台車を使う場面もあります。

──────────────
【◆作業の流れ◆】
■ 入荷した商品を数える
伝票の数量と、実際の数が合っているかを見ます。
■ 状態を確かめる
箱のへこみ・汚れ・部品の抜けがないかを確認します。
■ 包む
緩衝材で包み、指定された箱に入れます。
■ 伝票を貼る
送り先のラベルを、決められた位置に貼って完了です。

──────────────
【◆未経験の方へ◆】
✔ 手順書を見ながら進められます
✔ 検品・梱包・ラベル貼りを順に覚えます
✔ 商品は片手で持てるものが中心です
✔ 質問しやすい距離に担当者がいます

──────────────
【◆勤務地◆】

岐阜県可児市帷子新町
最寄り駅：西可児駅

給与や勤務時間、シフトの組み方は、
ご応募いただいた後にお伝えします。
応募の前に確認したいことがあれば、お問い合わせください。","《◆こんな環境です◆》

✅ ① 手順書がそばにあります
迷ったときに見返せる資料があります。

✅ ② 商品は片手で持てるものが中心
重い荷物を抱えて歩く場面は多くありません。

✅ ③ 担当が日によって変わることも
検品・梱包・ラベル貼りを順に経験できます。

──────────────
《◆向いている方◆》
✔ 数を数えるのが苦にならない方
✔ 決まった手順を守れる方
✔ 静かな環境で働きたい方

──────────────
《◆応募について◆》
✔ 資格・経験の条件はありません
✔ 給与・勤務時間・シフト・待遇はご応募後にお伝えします
✔ 質問だけのご連絡も受け付けています"
岐阜県岐阜市,検品・梱包作業,柳津,岐阜県岐阜市柳津町梅松,ひとつずつ丁寧に◇箱詰めとラベル貼りの軽作業☆,接客なし｜梱包・ラベル貼り担当｜柳津駅エリア,"┏━━━━━━━━━━━━━━━┓
＼岐阜県岐阜市エリアで新しい仲間を募集／
箱を開けて、数を数えて、また閉じる。
倉庫の検品・梱包スタッフを募集します
┗━━━━━━━━━━━━━━━┛

こんな不安はありませんか？
「未経験だと、何から覚えればいいのか」
「教えてくれる人はいるのか」

初日は先輩と一緒に工程を確認します。ひとりで判断する場面は少なめです。

──────────────
【◆作業の流れ◆】
■ 入荷した商品を数える
伝票の数量と、実際の数が合っているかを見ます。
■ 状態を確かめる
箱のへこみ・汚れ・部品の抜けがないかを確認します。
■ 包む
緩衝材で包み、指定された箱に入れます。
■ 伝票を貼る
送り先のラベルを、決められた位置に貼って完了です。

──────────────
【◆未経験の方へ◆】
✔ 覚える品番は担当分だけです
✔ 速さより正確さを大切にしています
✔ 会話は最小限で作業に集中できます
✔ 倉庫の仕事がはじめての方も多い工程です

──────────────
【◆勤務地◆】

岐阜県岐阜市柳津町梅松
最寄り駅：柳津駅

給与や勤務時間、シフトの組み方は、
ご応募いただいた後にお伝えします。
応募の前に確認したいことがあれば、お問い合わせください。","《◆この仕事の特徴◆》

✅ ① 作業台のまわりで完結
倉庫内を移動し続ける仕事ではありません。

✅ ② 会話は最小限
集中して手を動かしたい方に合っています。

✅ ③ 質問しやすい距離に担当者
手を止めて聞ける環境です。

──────────────
《◆向いている方◆》
✔ 数を数えるのが苦にならない方
✔ 決まった手順を守れる方
✔ 静かな環境で働きたい方

──────────────
《◆応募について◆》
✔ 資格・経験の条件はありません
✔ 給与・勤務時間・シフト・待遇はご応募後にお伝えします
✔ 質問だけのご連絡も受け付けています"
岐阜県各務原市,検品・梱包作業,各務原市役所前,岐阜県各務原市那加桜町,腰を据えて長く◇箱詰めとラベル貼りの軽作業✨,コツコツ派に｜梱包・ラベル貼り担当｜各務原市役所前駅エリア,"┏━━━━━━━━━━━━━━━┓
＼岐阜県各務原市エリアで新しい仲間を募集／
伝票と現物、合っているかを見る仕事です。
出荷前のチェックを担当するスタッフ募集
┗━━━━━━━━━━━━━━━┛

こんな不安はありませんか？
「未経験だと、何から覚えればいいのか」
「教えてくれる人はいるのか」

初日は先輩と一緒に工程を確認します。ひとりで判断する場面は少なめです。

──────────────
【◆作業の流れ◆】
■ 入荷した商品を数える
伝票の数量と、実際の数が合っているかを見ます。
■ 状態を確かめる
箱のへこみ・汚れ・部品の抜けがないかを確認します。
■ 包む
緩衝材で包み、指定された箱に入れます。
■ 伝票を貼る
送り先のラベルを、決められた位置に貼って完了です。

──────────────
【◆未経験の方へ◆】
✔ 覚える品番は担当分だけです
✔ 速さより正確さを大切にしています
✔ 会話は最小限で作業に集中できます
✔ 倉庫の仕事がはじめての方も多い工程です

──────────────
【◆勤務地◆】

岐阜県各務原市那加桜町
最寄り駅：各務原市役所前駅

給与や勤務時間、シフトの組み方は、
ご応募いただいた後にお伝えします。
応募の前に確認したいことがあれば、お問い合わせください。","《◆はじめやすいポイント◆》

✅ ① 作業台のまわりで完結
倉庫内を移動し続ける仕事ではありません。

✅ ② 会話は最小限
集中して手を動かしたい方に合っています。

✅ ③ 質問しやすい距離に担当者
手を止めて聞ける環境です。

──────────────
《◆向いている方◆》
✔ 数を数えるのが苦にならない方
✔ 決まった手順を守れる方
✔ 静かな環境で働きたい方

──────────────
《◆応募について◆》
✔ 資格・経験の条件はありません
✔ 給与・勤務時間・シフト・待遇はご応募後にお伝えします
✔ 質問だけのご連絡も受け付けています"
岐阜県各務原市,検品・梱包作業,名電各務原,岐阜県各務原市鵜沼各務原町,手元に集中◇倉庫での検品・梱包のお仕事♪,はじめてでも｜出荷前の検品・梱包｜名電各務原駅エリア,"┏━━━━━━━━━━━━━━━┓
＼岐阜県各務原市エリアで新しい仲間を募集／
今日やることは、作業に入る前に決まっています。
検品・梱包の軽作業スタッフ募集
┗━━━━━━━━━━━━━━━┛

こんな不安はありませんか？
「未経験だと、何から覚えればいいのか」
「教えてくれる人はいるのか」

初日は先輩と一緒に工程を確認します。ひとりで判断する場面は少なめです。

──────────────
【◆作業の流れ◆】
■ 入荷した商品を数える
伝票の数量と、実際の数が合っているかを見ます。
■ 状態を確かめる
箱のへこみ・汚れ・部品の抜けがないかを確認します。
■ 包む
緩衝材で包み、指定された箱に入れます。
■ 伝票を貼る
送り先のラベルを、決められた位置に貼って完了です。

──────────────
【◆未経験の方へ◆】
✔ 初日は先輩と一緒に工程を確認します
✔ 使う道具はカッター・テープ・台車程度です
✔ 電話や来客の対応はありません
✔ 資格や経験の条件はありません

──────────────
【◆勤務地◆】

岐阜県各務原市鵜沼各務原町
最寄り駅：名電各務原駅

給与や勤務時間、シフトの組み方は、
ご応募いただいた後にお伝えします。
応募の前に確認したいことがあれば、お問い合わせください。","《◆一日の過ごし方◆》

✅ ① 作業台のまわりで完結
倉庫内を移動し続ける仕事ではありません。

✅ ② 会話は最小限
集中して手を動かしたい方に合っています。

✅ ③ 質問しやすい距離に担当者
手を止めて聞ける環境です。

──────────────
《◆向いている方◆》
✔ 数を数えるのが苦にならない方
✔ 決まった手順を守れる方
✔ 静かな環境で働きたい方

──────────────
《◆応募について◆》
✔ 資格・経験の条件はありません
✔ 給与・勤務時間・シフト・待遇はご応募後にお伝えします
✔ 質問だけのご連絡も受け付けています"
岐阜県各務原市,検品・梱包作業,新那加,岐阜県各務原市那加新那加町,数えて、詰めて、貼る◇倉庫での検品・梱包のお仕事◎,経験なしから｜出荷前の検品・梱包｜新那加駅エリア,"┏━━━━━━━━━━━━━━━┓
＼岐阜県各務原市エリアで新しい仲間を募集／
包んで、詰めて、貼る。この 3 つが基本です。
倉庫内の梱包スタッフを募集します
┗━━━━━━━━━━━━━━━┛

こんな不安はありませんか？
「未経験だと、何から覚えればいいのか」
「教えてくれる人はいるのか」

初日は先輩と一緒に工程を確認します。ひとりで判断する場面は少なめです。

──────────────
【◆作業の流れ◆】
■ 入荷した商品を数える
伝票の数量と、実際の数が合っているかを見ます。
■ 状態を確かめる
箱のへこみ・汚れ・部品の抜けがないかを確認します。
■ 包む
緩衝材で包み、指定された箱に入れます。
■ 伝票を貼る
送り先のラベルを、決められた位置に貼って完了です。

──────────────
【◆未経験の方へ◆】
✔ 初日は先輩と一緒に工程を確認します
✔ 使う道具はカッター・テープ・台車程度です
✔ 電話や来客の対応はありません
✔ 資格や経験の条件はありません

──────────────
【◆勤務地◆】

岐阜県各務原市那加新那加町
最寄り駅：新那加駅

給与や勤務時間、シフトの組み方は、
ご応募いただいた後にお伝えします。
ご応募をお待ちしています。","《◆作業のこだわり◆》

✅ ① 作業台のまわりで完結
倉庫内を移動し続ける仕事ではありません。

✅ ② 会話は最小限
集中して手を動かしたい方に合っています。

✅ ③ 質問しやすい距離に担当者
手を止めて聞ける環境です。

──────────────
《◆向いている方◆》
✔ 数を数えるのが苦にならない方
✔ 決まった手順を守れる方
✔ 静かな環境で働きたい方

──────────────
《◆応募について◆》
✔ 資格・経験の条件はありません
✔ 給与・勤務時間・シフト・待遇はご応募後にお伝えします
✔ 質問だけのご連絡も受け付けています"
岐阜県可児市,検品・梱包作業,可児,岐阜県可児市下恵土,決まった順番で◇倉庫での検品・梱包のお仕事！,手順あり｜出荷前の検品・梱包｜可児駅エリア,"┏━━━━━━━━━━━━━━━┓
＼岐阜県可児市エリアで新しい仲間を募集／
手元の商品に集中できる環境です。
検品と箱詰めを担当する方を募集
┗━━━━━━━━━━━━━━━┛

こんな不安はありませんか？
「未経験だと、何から覚えればいいのか」
「教えてくれる人はいるのか」

初日は先輩と一緒に工程を確認します。ひとりで判断する場面は少なめです。

──────────────
【◆作業の流れ◆】
■ 入荷した商品を数える
伝票の数量と、実際の数が合っているかを見ます。
■ 状態を確かめる
箱のへこみ・汚れ・部品の抜けがないかを確認します。
■ 包む
緩衝材で包み、指定された箱に入れます。
■ 伝票を貼る
送り先のラベルを、決められた位置に貼って完了です。

──────────────
【◆未経験の方へ◆】
✔ 数量はリストで二重に確認します
✔ 品番の読み方から説明します
✔ 分からないときは手を止めて聞けます
✔ 慣れるまでは同じ工程を続けられます

──────────────
【◆勤務地◆】

岐阜県可児市下恵土
最寄り駅：可児駅

給与や勤務時間、シフトの組み方は、
ご応募いただいた後にお伝えします。
ご応募をお待ちしています。","《◆長く続けられる理由◆》

✅ ① 作業台のまわりで完結
倉庫内を移動し続ける仕事ではありません。

✅ ② 会話は最小限
集中して手を動かしたい方に合っています。

✅ ③ 質問しやすい距離に担当者
手を止めて聞ける環境です。

──────────────
《◆向いている方◆》
✔ 数を数えるのが苦にならない方
✔ 決まった手順を守れる方
✔ 静かな環境で働きたい方

──────────────
《◆応募について◆》
✔ 資格・経験の条件はありません
✔ 給与・勤務時間・シフト・待遇はご応募後にお伝えします
✔ 質問だけのご連絡も受け付けています"
岐阜県可児市,検品・梱包作業,日本ライン今渡,岐阜県可児市今渡,はじめてでも大丈夫◇倉庫での検品・梱包のお仕事☆,接客なし｜出荷前の検品・梱包｜日本ライン今渡駅エリア,"┏━━━━━━━━━━━━━━━┓
＼岐阜県可児市エリアで新しい仲間を募集／
倉庫の仕事が、はじめての方へ。
検品・梱包・ラベル貼りの募集です
┗━━━━━━━━━━━━━━━┛

こんな不安はありませんか？
「未経験だと、何から覚えればいいのか」
「教えてくれる人はいるのか」

初日は先輩と一緒に工程を確認します。ひとりで判断する場面は少なめです。

──────────────
【◆作業の流れ◆】
■ 入荷した商品を数える
伝票の数量と、実際の数が合っているかを見ます。
■ 状態を確かめる
箱のへこみ・汚れ・部品の抜けがないかを確認します。
■ 包む
緩衝材で包み、指定された箱に入れます。
■ 伝票を貼る
送り先のラベルを、決められた位置に貼って完了です。

──────────────
【◆未経験の方へ◆】
✔ 数量はリストで二重に確認します
✔ 品番の読み方から説明します
✔ 分からないときは手を止めて聞けます
✔ 慣れるまでは同じ工程を続けられます

──────────────
【◆勤務地◆】

岐阜県可児市今渡
最寄り駅：日本ライン今渡駅

給与や勤務時間、シフトの組み方は、
ご応募いただいた後にお伝えします。
ご応募をお待ちしています。","《◆こんな環境です◆》

✅ ① 作業台のまわりで完結
倉庫内を移動し続ける仕事ではありません。

✅ ② 会話は最小限
集中して手を動かしたい方に合っています。

✅ ③ 質問しやすい距離に担当者
手を止めて聞ける環境です。

──────────────
《◆向いている方◆》
✔ 数を数えるのが苦にならない方
✔ 決まった手順を守れる方
✔ 静かな環境で働きたい方

──────────────
《◆応募について◆》
✔ 資格・経験の条件はありません
✔ 給与・勤務時間・シフト・待遇はご応募後にお伝えします
✔ 質問だけのご連絡も受け付けています"
岐阜県羽島市,検品・梱包作業,新羽島,岐阜県羽島市舟橋町宮北,静かに働ける◇倉庫での検品・梱包のお仕事✨,コツコツ派に｜出荷前の検品・梱包｜新羽島駅エリア,"┏━━━━━━━━━━━━━━━┓
＼岐阜県羽島市エリアで新しい仲間を募集／
箱を開けて、数を数えて、また閉じる。
倉庫の検品・梱包スタッフを募集します
┗━━━━━━━━━━━━━━━┛

こんな不安はありませんか？
「単純作業は飽きそう」
「同じことの繰り返しは苦手かも」

検品・梱包・ラベル貼りと、日によって担当が変わることがあります。

──────────────
【◆作業の流れ◆】
■ 入荷した商品を数える
伝票の数量と、実際の数が合っているかを見ます。
■ 状態を確かめる
箱のへこみ・汚れ・部品の抜けがないかを確認します。
■ 包む
緩衝材で包み、指定された箱に入れます。
■ 伝票を貼る
送り先のラベルを、決められた位置に貼って完了です。

──────────────
【◆未経験の方へ◆】
✔ 作業は作業台のまわりで完結します
✔ 運ぶのは箱に入る程度の商品です
✔ 担当工程は日によって変わることがあります
✔ 経験の有無で担当を分けることはありません

──────────────
【◆勤務地◆】

岐阜県羽島市舟橋町宮北
最寄り駅：新羽島駅

給与や勤務時間、シフトの組み方は、
ご応募いただいた後にお伝えします。
ご応募をお待ちしています。","《◆この仕事の特徴◆》

✅ ① 倉庫がはじめての方が多い工程
入口の仕事として選ばれています。

✅ ② 資格・経験の条件なし
検品も梱包も、手順どおりに進める作業です。

✅ ③ 出荷前の最後の確認役
自分の目で確かめたものが、そのまま届け先へ向かいます。

──────────────
《◆向いている方◆》
✔ 数を数えるのが苦にならない方
✔ 決まった手順を守れる方
✔ 静かな環境で働きたい方

──────────────
《◆応募について◆》
✔ 資格・経験の条件はありません
✔ 給与・勤務時間・シフト・待遇はご応募後にお伝えします
✔ 質問だけのご連絡も受け付けています"
岐阜県各務原市,検品・梱包作業,鵜沼,岐阜県各務原市鵜沼山崎町,1日の流れがシンプル◇倉庫での検品・梱包のお仕事♪,はじめてでも｜検品・梱包の軽作業｜鵜沼駅エリア,"┏━━━━━━━━━━━━━━━┓
＼岐阜県各務原市エリアで新しい仲間を募集／
伝票と現物、合っているかを見る仕事です。
出荷前のチェックを担当するスタッフ募集
┗━━━━━━━━━━━━━━━┛

こんな不安はありませんか？
「単純作業は飽きそう」
「同じことの繰り返しは苦手かも」

検品・梱包・ラベル貼りと、日によって担当が変わることがあります。

──────────────
【◆作業の流れ◆】
■ 入荷した商品を数える
伝票の数量と、実際の数が合っているかを見ます。
■ 状態を確かめる
箱のへこみ・汚れ・部品の抜けがないかを確認します。
■ 包む
緩衝材で包み、指定された箱に入れます。
■ 伝票を貼る
送り先のラベルを、決められた位置に貼って完了です。

──────────────
【◆未経験の方へ◆】
✔ 作業は作業台のまわりで完結します
✔ 運ぶのは箱に入る程度の商品です
✔ 担当工程は日によって変わることがあります
✔ 経験の有無で担当を分けることはありません

──────────────
【◆勤務地◆】

岐阜県各務原市鵜沼山崎町
最寄り駅：鵜沼駅

給与や勤務時間、シフトの組み方は、
ご応募いただいた後にお伝えします。
ご応募をお待ちしています。","《◆はじめやすいポイント◆》

✅ ① 倉庫がはじめての方が多い工程
入口の仕事として選ばれています。

✅ ② 資格・経験の条件なし
検品も梱包も、手順どおりに進める作業です。

✅ ③ 出荷前の最後の確認役
自分の目で確かめたものが、そのまま届け先へ向かいます。

──────────────
《◆向いている方◆》
✔ 数を数えるのが苦にならない方
✔ 決まった手順を守れる方
✔ 静かな環境で働きたい方

──────────────
《◆応募について◆》
✔ 資格・経験の条件はありません
✔ 給与・勤務時間・シフト・待遇はご応募後にお伝えします
✔ 質問だけのご連絡も受け付けています"
岐阜県多治見市,検品・梱包作業,小泉,岐阜県多治見市小泉町,身近な駅で◇倉庫での検品・梱包のお仕事◎,経験なしから｜検品・梱包の軽作業｜小泉駅エリア,"┏━━━━━━━━━━━━━━━┓
＼岐阜県多治見市エリアで新しい仲間を募集／
今日やることは、作業に入る前に決まっています。
検品・梱包の軽作業スタッフ募集
┗━━━━━━━━━━━━━━━┛

こんな不安はありませんか？
「単純作業は飽きそう」
「同じことの繰り返しは苦手かも」

検品・梱包・ラベル貼りと、日によって担当が変わることがあります。

──────────────
【◆作業の流れ◆】
■ 入荷した商品を数える
伝票の数量と、実際の数が合っているかを見ます。
■ 状態を確かめる
箱のへこみ・汚れ・部品の抜けがないかを確認します。
■ 包む
緩衝材で包み、指定された箱に入れます。
■ 伝票を貼る
送り先のラベルを、決められた位置に貼って完了です。

──────────────
【◆未経験の方へ◆】
✔ 手順書を見ながら進められます
✔ 検品・梱包・ラベル貼りを順に覚えます
✔ 商品は片手で持てるものが中心です
✔ 質問しやすい距離に担当者がいます

──────────────
【◆勤務地◆】

岐阜県多治見市小泉町
最寄り駅：小泉駅

給与や勤務時間、シフトの組み方は、
ご応募いただいた後にお伝えします。
ご応募をお待ちしています。","《◆一日の過ごし方◆》

✅ ① 倉庫がはじめての方が多い工程
入口の仕事として選ばれています。

✅ ② 資格・経験の条件なし
検品も梱包も、手順どおりに進める作業です。

✅ ③ 出荷前の最後の確認役
自分の目で確かめたものが、そのまま届け先へ向かいます。

──────────────
《◆向いている方◆》
✔ 数を数えるのが苦にならない方
✔ 決まった手順を守れる方
✔ 静かな環境で働きたい方

──────────────
《◆応募について◆》
✔ 資格・経験の条件はありません
✔ 給与・勤務時間・シフト・待遇はご応募後にお伝えします
✔ 質問だけのご連絡も受け付けています"
岐阜県中津川市,検品・梱包作業,美乃坂本,岐阜県中津川市千旦林坂本,難しい操作なし◇倉庫での検品・梱包のお仕事！,手順あり｜検品・梱包の軽作業｜美乃坂本駅エリア,"┏━━━━━━━━━━━━━━━┓
＼岐阜県中津川市エリアで新しい仲間を募集／
包んで、詰めて、貼る。この 3 つが基本です。
倉庫内の梱包スタッフを募集します
┗━━━━━━━━━━━━━━━┛

こんな不安はありませんか？
「単純作業は飽きそう」
「同じことの繰り返しは苦手かも」

検品・梱包・ラベル貼りと、日によって担当が変わることがあります。

──────────────
【◆作業の流れ◆】
■ 入荷した商品を数える
伝票の数量と、実際の数が合っているかを見ます。
■ 状態を確かめる
箱のへこみ・汚れ・部品の抜けがないかを確認します。
■ 包む
緩衝材で包み、指定された箱に入れます。
■ 伝票を貼る
送り先のラベルを、決められた位置に貼って完了です。

──────────────
【◆未経験の方へ◆】
✔ 手順書を見ながら進められます
✔ 検品・梱包・ラベル貼りを順に覚えます
✔ 商品は片手で持てるものが中心です
✔ 質問しやすい距離に担当者がいます

──────────────
【◆勤務地◆】

岐阜県中津川市千旦林坂本
最寄り駅：美乃坂本駅

給与や勤務時間、シフトの組み方は、
ご応募いただいた後にお伝えします。
ご応募をお待ちしています。","《◆作業のこだわり◆》

✅ ① 倉庫がはじめての方が多い工程
入口の仕事として選ばれています。

✅ ② 資格・経験の条件なし
検品も梱包も、手順どおりに進める作業です。

✅ ③ 出荷前の最後の確認役
自分の目で確かめたものが、そのまま届け先へ向かいます。

──────────────
《◆向いている方◆》
✔ 数を数えるのが苦にならない方
✔ 決まった手順を守れる方
✔ 静かな環境で働きたい方

──────────────
《◆応募について◆》
✔ 資格・経験の条件はありません
✔ 給与・勤務時間・シフト・待遇はご応募後にお伝えします
✔ 質問だけのご連絡も受け付けています"
岐阜県各務原市,検品・梱包作業,六軒,岐阜県各務原市蘇原六軒町,ひとつずつ丁寧に◇倉庫での検品・梱包のお仕事☆,接客なし｜検品・梱包の軽作業｜六軒駅エリア,"┏━━━━━━━━━━━━━━━┓
＼岐阜県各務原市エリアで新しい仲間を募集／
手元の商品に集中できる環境です。
検品と箱詰めを担当する方を募集
┗━━━━━━━━━━━━━━━┛

こんな不安はありませんか？
「単純作業は飽きそう」
「同じことの繰り返しは苦手かも」

検品・梱包・ラベル貼りと、日によって担当が変わることがあります。

──────────────
【◆作業の流れ◆】
■ 入荷した商品を数える
伝票の数量と、実際の数が合っているかを見ます。
■ 状態を確かめる
箱のへこみ・汚れ・部品の抜けがないかを確認します。
■ 包む
緩衝材で包み、指定された箱に入れます。
■ 伝票を貼る
送り先のラベルを、決められた位置に貼って完了です。

──────────────
【◆未経験の方へ◆】
✔ 覚える品番は担当分だけです
✔ 速さより正確さを大切にしています
✔ 会話は最小限で作業に集中できます
✔ 倉庫の仕事がはじめての方も多い工程です

──────────────
【◆勤務地◆】

岐阜県各務原市蘇原六軒町
最寄り駅：六軒駅

給与や勤務時間、シフトの組み方は、
ご応募いただいた後にお伝えします。
まずは応募フォームからご連絡ください。","《◆長く続けられる理由◆》

✅ ① 倉庫がはじめての方が多い工程
入口の仕事として選ばれています。

✅ ② 資格・経験の条件なし
検品も梱包も、手順どおりに進める作業です。

✅ ③ 出荷前の最後の確認役
自分の目で確かめたものが、そのまま届け先へ向かいます。

──────────────
《◆向いている方◆》
✔ 数を数えるのが苦にならない方
✔ 決まった手順を守れる方
✔ 静かな環境で働きたい方

──────────────
《◆応募について◆》
✔ 資格・経験の条件はありません
✔ 給与・勤務時間・シフト・待遇はご応募後にお伝えします
✔ 質問だけのご連絡も受け付けています"
岐阜県各務原市,検品・梱包作業,那加,岐阜県各務原市那加本町,腰を据えて長く◇倉庫での検品・梱包のお仕事✨,コツコツ派に｜検品・梱包の軽作業｜那加駅エリア,"┏━━━━━━━━━━━━━━━┓
＼岐阜県各務原市エリアで新しい仲間を募集／
倉庫の仕事が、はじめての方へ。
検品・梱包・ラベル貼りの募集です
┗━━━━━━━━━━━━━━━┛

こんな不安はありませんか？
「単純作業は飽きそう」
「同じことの繰り返しは苦手かも」

検品・梱包・ラベル貼りと、日によって担当が変わることがあります。

──────────────
【◆作業の流れ◆】
■ 入荷した商品を数える
伝票の数量と、実際の数が合っているかを見ます。
■ 状態を確かめる
箱のへこみ・汚れ・部品の抜けがないかを確認します。
■ 包む
緩衝材で包み、指定された箱に入れます。
■ 伝票を貼る
送り先のラベルを、決められた位置に貼って完了です。

──────────────
【◆未経験の方へ◆】
✔ 覚える品番は担当分だけです
✔ 速さより正確さを大切にしています
✔ 会話は最小限で作業に集中できます
✔ 倉庫の仕事がはじめての方も多い工程です

──────────────
【◆勤務地◆】

岐阜県各務原市那加本町
最寄り駅：那加駅

給与や勤務時間、シフトの組み方は、
ご応募いただいた後にお伝えします。
まずは応募フォームからご連絡ください。","《◆こんな環境です◆》

✅ ① 倉庫がはじめての方が多い工程
入口の仕事として選ばれています。

✅ ② 資格・経験の条件なし
検品も梱包も、手順どおりに進める作業です。

✅ ③ 出荷前の最後の確認役
自分の目で確かめたものが、そのまま届け先へ向かいます。

──────────────
《◆向いている方◆》
✔ 数を数えるのが苦にならない方
✔ 決まった手順を守れる方
✔ 静かな環境で働きたい方

──────────────
《◆応募について◆》
✔ 資格・経験の条件はありません
✔ 給与・勤務時間・シフト・待遇はご応募後にお伝えします
✔ 質問だけのご連絡も受け付けています"
岐阜県高山市,検品・梱包作業,高山,岐阜県高山市昭和町,手元に集中◇出荷前のチェックと梱包♪,はじめてでも｜倉庫内の箱詰め・検品｜高山駅エリア,"┏━━━━━━━━━━━━━━━┓
＼岐阜県高山市エリアで新しい仲間を募集／
箱を開けて、数を数えて、また閉じる。
倉庫の検品・梱包スタッフを募集します
┗━━━━━━━━━━━━━━━┛

こんな不安はありませんか？
「倉庫って、広くて歩き回るイメージ」
「フォークリフトの資格がいるのでは」

担当する場所は作業台のまわりです。資格が必要な機械は使いません。

──────────────
【◆作業の流れ◆】
■ リストを受け取る
■ 品番・数量・状態を順に確認する
■ 緩衝材で包んで箱詰めする
■ ラベルを貼って出荷棚へ置く

──────────────
【◆未経験の方へ◆】
✔ 初日は先輩と一緒に工程を確認します
✔ 使う道具はカッター・テープ・台車程度です
✔ 電話や来客の対応はありません
✔ 資格や経験の条件はありません

──────────────
【◆勤務地◆】

岐阜県高山市昭和町
最寄り駅：高山駅

給与や勤務時間、シフトの組み方は、
ご応募いただいた後にお伝えします。
まずは応募フォームからご連絡ください。","《◆この仕事の特徴◆》

✅ ① 数量はリストと二重チェック
ひとりの目に頼らない流れなので、
間違いを見つけやすい仕組みです。

✅ ② 使う道具はシンプル
カッター・テープ・台車程度で、
機械の操作はありません。

✅ ③ 電話・来客対応なし
作業台に向かう時間がほとんどです。

──────────────
《◆向いている方◆》
✔ 手先を使う作業が好きな方
✔ 一つひとつ確認しながら進めたい方
✔ 倉庫の仕事をはじめてみたい方

──────────────
《◆応募について◆》
✔ 資格・経験の条件はありません
✔ 給与・勤務時間・シフト・待遇はご応募後にお伝えします
✔ 質問だけのご連絡も受け付けています"
岐阜県羽島郡岐南町,検品・梱包作業,岐南,岐阜県羽島郡岐南町下印食,数えて、詰めて、貼る◇出荷前のチェックと梱包◎,経験なしから｜倉庫内の箱詰め・検品｜岐南駅エリア,"┏━━━━━━━━━━━━━━━┓
＼岐阜県羽島郡岐南町エリアで新しい仲間を募集／
伝票と現物、合っているかを見る仕事です。
出荷前のチェックを担当するスタッフ募集
┗━━━━━━━━━━━━━━━┛

こんな不安はありませんか？
「倉庫って、広くて歩き回るイメージ」
「フォークリフトの資格がいるのでは」

担当する場所は作業台のまわりです。資格が必要な機械は使いません。

──────────────
【◆作業の流れ◆】
■ リストを受け取る
■ 品番・数量・状態を順に確認する
■ 緩衝材で包んで箱詰めする
■ ラベルを貼って出荷棚へ置く

──────────────
【◆未経験の方へ◆】
✔ 初日は先輩と一緒に工程を確認します
✔ 使う道具はカッター・テープ・台車程度です
✔ 電話や来客の対応はありません
✔ 資格や経験の条件はありません

──────────────
【◆勤務地◆】

岐阜県羽島郡岐南町下印食
最寄り駅：岐南駅

給与や勤務時間、シフトの組み方は、
ご応募いただいた後にお伝えします。
まずは応募フォームからご連絡ください。","《◆はじめやすいポイント◆》

✅ ① 数量はリストと二重チェック
ひとりの目に頼らない流れなので、
間違いを見つけやすい仕組みです。

✅ ② 使う道具はシンプル
カッター・テープ・台車程度で、
機械の操作はありません。

✅ ③ 電話・来客対応なし
作業台に向かう時間がほとんどです。

──────────────
《◆向いている方◆》
✔ 手先を使う作業が好きな方
✔ 一つひとつ確認しながら進めたい方
✔ 倉庫の仕事をはじめてみたい方

──────────────
《◆応募について◆》
✔ 資格・経験の条件はありません
✔ 給与・勤務時間・シフト・待遇はご応募後にお伝えします
✔ 質問だけのご連絡も受け付けています"
岐阜県多治見市,検品・梱包作業,根本,岐阜県多治見市根本町,決まった順番で◇出荷前のチェックと梱包！,手順あり｜倉庫内の箱詰め・検品｜根本駅エリア,"┏━━━━━━━━━━━━━━━┓
＼岐阜県多治見市エリアで新しい仲間を募集／
今日やることは、作業に入る前に決まっています。
検品・梱包の軽作業スタッフ募集
┗━━━━━━━━━━━━━━━┛

こんな不安はありませんか？
「倉庫って、広くて歩き回るイメージ」
「フォークリフトの資格がいるのでは」

担当する場所は作業台のまわりです。資格が必要な機械は使いません。

──────────────
【◆作業の流れ◆】
■ リストを受け取る
■ 品番・数量・状態を順に確認する
■ 緩衝材で包んで箱詰めする
■ ラベルを貼って出荷棚へ置く

──────────────
【◆未経験の方へ◆】
✔ 数量はリストで二重に確認します
✔ 品番の読み方から説明します
✔ 分からないときは手を止めて聞けます
✔ 慣れるまでは同じ工程を続けられます

──────────────
【◆勤務地◆】

岐阜県多治見市根本町
最寄り駅：根本駅

給与や勤務時間、シフトの組み方は、
ご応募いただいた後にお伝えします。
まずは応募フォームからご連絡ください。","《◆一日の過ごし方◆》

✅ ① 数量はリストと二重チェック
ひとりの目に頼らない流れなので、
間違いを見つけやすい仕組みです。

✅ ② 使う道具はシンプル
カッター・テープ・台車程度で、
機械の操作はありません。

✅ ③ 電話・来客対応なし
作業台に向かう時間がほとんどです。

──────────────
《◆向いている方◆》
✔ 手先を使う作業が好きな方
✔ 一つひとつ確認しながら進めたい方
✔ 倉庫の仕事をはじめてみたい方

──────────────
《◆応募について◆》
✔ 資格・経験の条件はありません
✔ 給与・勤務時間・シフト・待遇はご応募後にお伝えします
✔ 質問だけのご連絡も受け付けています"
岐阜県羽島市,検品・梱包作業,竹鼻,岐阜県羽島市竹鼻町狐穴栄町,はじめてでも大丈夫◇出荷前のチェックと梱包☆,接客なし｜倉庫内の箱詰め・検品｜竹鼻駅エリア,"┏━━━━━━━━━━━━━━━┓
＼岐阜県羽島市エリアで新しい仲間を募集／
包んで、詰めて、貼る。この 3 つが基本です。
倉庫内の梱包スタッフを募集します
┗━━━━━━━━━━━━━━━┛

こんな不安はありませんか？
「倉庫って、広くて歩き回るイメージ」
「フォークリフトの資格がいるのでは」

担当する場所は作業台のまわりです。資格が必要な機械は使いません。

──────────────
【◆作業の流れ◆】
■ リストを受け取る
■ 品番・数量・状態を順に確認する
■ 緩衝材で包んで箱詰めする
■ ラベルを貼って出荷棚へ置く

──────────────
【◆未経験の方へ◆】
✔ 数量はリストで二重に確認します
✔ 品番の読み方から説明します
✔ 分からないときは手を止めて聞けます
✔ 慣れるまでは同じ工程を続けられます

──────────────
【◆勤務地◆】

岐阜県羽島市竹鼻町狐穴栄町
最寄り駅：竹鼻駅

給与や勤務時間、シフトの組み方は、
ご応募いただいた後にお伝えします。
まずは応募フォームからご連絡ください。","《◆作業のこだわり◆》

✅ ① 数量はリストと二重チェック
ひとりの目に頼らない流れなので、
間違いを見つけやすい仕組みです。

✅ ② 使う道具はシンプル
カッター・テープ・台車程度で、
機械の操作はありません。

✅ ③ 電話・来客対応なし
作業台に向かう時間がほとんどです。

──────────────
《◆向いている方◆》
✔ 手先を使う作業が好きな方
✔ 一つひとつ確認しながら進めたい方
✔ 倉庫の仕事をはじめてみたい方

──────────────
《◆応募について◆》
✔ 資格・経験の条件はありません
✔ 給与・勤務時間・シフト・待遇はご応募後にお伝えします
✔ 質問だけのご連絡も受け付けています"
岐阜県各務原市,検品・梱包作業,蘇原,岐阜県各務原市蘇原瑞雲町,静かに働ける◇出荷前のチェックと梱包✨,コツコツ派に｜倉庫内の箱詰め・検品｜蘇原駅エリア,"┏━━━━━━━━━━━━━━━┓
＼岐阜県各務原市エリアで新しい仲間を募集／
手元の商品に集中できる環境です。
検品と箱詰めを担当する方を募集
┗━━━━━━━━━━━━━━━┛

こんな不安はありませんか？
「倉庫って、広くて歩き回るイメージ」
「フォークリフトの資格がいるのでは」

担当する場所は作業台のまわりです。資格が必要な機械は使いません。

──────────────
【◆作業の流れ◆】
■ リストを受け取る
■ 品番・数量・状態を順に確認する
■ 緩衝材で包んで箱詰めする
■ ラベルを貼って出荷棚へ置く

──────────────
【◆未経験の方へ◆】
✔ 作業は作業台のまわりで完結します
✔ 運ぶのは箱に入る程度の商品です
✔ 担当工程は日によって変わることがあります
✔ 経験の有無で担当を分けることはありません

──────────────
【◆勤務地◆】

岐阜県各務原市蘇原瑞雲町
最寄り駅：蘇原駅

給与や勤務時間、シフトの組み方は、
ご応募いただいた後にお伝えします。
まずは応募フォームからご連絡ください。","《◆長く続けられる理由◆》

✅ ① 数量はリストと二重チェック
ひとりの目に頼らない流れなので、
間違いを見つけやすい仕組みです。

✅ ② 使う道具はシンプル
カッター・テープ・台車程度で、
機械の操作はありません。

✅ ③ 電話・来客対応なし
作業台に向かう時間がほとんどです。

──────────────
《◆向いている方◆》
✔ 手先を使う作業が好きな方
✔ 一つひとつ確認しながら進めたい方
✔ 倉庫の仕事をはじめてみたい方

──────────────
《◆応募について◆》
✔ 資格・経験の条件はありません
✔ 給与・勤務時間・シフト・待遇はご応募後にお伝えします
✔ 質問だけのご連絡も受け付けています"
岐阜県不破郡関ケ原町,検品・梱包作業,関ヶ原,岐阜県不破郡関ケ原町関ケ原,1日の流れがシンプル◇出荷前のチェックと梱包♪,はじめてでも｜検品と梱包スタッフ｜関ヶ原駅エリア,"┏━━━━━━━━━━━━━━━┓
＼岐阜県不破郡関ケ原町エリアで新しい仲間を募集／
倉庫の仕事が、はじめての方へ。
検品・梱包・ラベル貼りの募集です
┗━━━━━━━━━━━━━━━┛

こんな不安はありませんか？
「倉庫って、広くて歩き回るイメージ」
「フォークリフトの資格がいるのでは」

担当する場所は作業台のまわりです。資格が必要な機械は使いません。

──────────────
【◆作業の流れ◆】
■ リストを受け取る
■ 品番・数量・状態を順に確認する
■ 緩衝材で包んで箱詰めする
■ ラベルを貼って出荷棚へ置く

──────────────
【◆未経験の方へ◆】
✔ 作業は作業台のまわりで完結します
✔ 運ぶのは箱に入る程度の商品です
✔ 担当工程は日によって変わることがあります
✔ 経験の有無で担当を分けることはありません

──────────────
【◆勤務地◆】

岐阜県不破郡関ケ原町関ケ原
最寄り駅：関ヶ原駅

給与や勤務時間、シフトの組み方は、
ご応募いただいた後にお伝えします。
少しでも気になったら、ご応募ください。","《◆こんな環境です◆》

✅ ① 数量はリストと二重チェック
ひとりの目に頼らない流れなので、
間違いを見つけやすい仕組みです。

✅ ② 使う道具はシンプル
カッター・テープ・台車程度で、
機械の操作はありません。

✅ ③ 電話・来客対応なし
作業台に向かう時間がほとんどです。

──────────────
《◆向いている方◆》
✔ 手先を使う作業が好きな方
✔ 一つひとつ確認しながら進めたい方
✔ 倉庫の仕事をはじめてみたい方

──────────────
《◆応募について◆》
✔ 資格・経験の条件はありません
✔ 給与・勤務時間・シフト・待遇はご応募後にお伝えします
✔ 質問だけのご連絡も受け付けています"
岐阜県岐阜市,検品・梱包作業,細畑,岐阜県岐阜市細畑,身近な駅で◇出荷前のチェックと梱包◎,経験なしから｜検品と梱包スタッフ｜細畑駅エリア,"┏━━━━━━━━━━━━━━━┓
＼岐阜県岐阜市エリアで新しい仲間を募集／
箱を開けて、数を数えて、また閉じる。
倉庫の検品・梱包スタッフを募集します
┗━━━━━━━━━━━━━━━┛

こんな不安はありませんか？
「数を間違えたら怒られそう」
「集中力が続くか心配」

数量はリストと二重に確認する流れです。ひとりで抱え込む仕組みではありません。

──────────────
【◆作業の流れ◆】
■ リストを受け取る
■ 品番・数量・状態を順に確認する
■ 緩衝材で包んで箱詰めする
■ ラベルを貼って出荷棚へ置く

──────────────
【◆未経験の方へ◆】
✔ 手順書を見ながら進められます
✔ 検品・梱包・ラベル貼りを順に覚えます
✔ 商品は片手で持てるものが中心です
✔ 質問しやすい距離に担当者がいます

──────────────
【◆勤務地◆】

岐阜県岐阜市細畑
最寄り駅：細畑駅

給与や勤務時間、シフトの組み方は、
ご応募いただいた後にお伝えします。
少しでも気になったら、ご応募ください。","《◆この仕事の特徴◆》

✅ ① 初日は先輩と一緒
工程をひとつずつ確認しながら覚えます。

✅ ② 覚える品番は担当分だけ
全商品を暗記する必要はありません。

✅ ③ 速さより正確さ
急かされるより、確実に進めることを大切にしています。

──────────────
《◆向いている方◆》
✔ 手先を使う作業が好きな方
✔ 一つひとつ確認しながら進めたい方
✔ 倉庫の仕事をはじめてみたい方

──────────────
《◆応募について◆》
✔ 資格・経験の条件はありません
✔ 給与・勤務時間・シフト・待遇はご応募後にお伝えします
✔ 質問だけのご連絡も受け付けています"
岐阜県岐阜市,検品・梱包作業,田神,岐阜県岐阜市入舟町,難しい操作なし◇出荷前のチェックと梱包！,手順あり｜検品と梱包スタッフ｜田神駅エリア,"┏━━━━━━━━━━━━━━━┓
＼岐阜県岐阜市エリアで新しい仲間を募集／
伝票と現物、合っているかを見る仕事です。
出荷前のチェックを担当するスタッフ募集
┗━━━━━━━━━━━━━━━┛

こんな不安はありませんか？
「数を間違えたら怒られそう」
「集中力が続くか心配」

数量はリストと二重に確認する流れです。ひとりで抱え込む仕組みではありません。

──────────────
【◆作業の流れ◆】
■ リストを受け取る
■ 品番・数量・状態を順に確認する
■ 緩衝材で包んで箱詰めする
■ ラベルを貼って出荷棚へ置く

──────────────
【◆未経験の方へ◆】
✔ 手順書を見ながら進められます
✔ 検品・梱包・ラベル貼りを順に覚えます
✔ 商品は片手で持てるものが中心です
✔ 質問しやすい距離に担当者がいます

──────────────
【◆勤務地◆】

岐阜県岐阜市入舟町
最寄り駅：田神駅

給与や勤務時間、シフトの組み方は、
ご応募いただいた後にお伝えします。
少しでも気になったら、ご応募ください。","《◆はじめやすいポイント◆》

✅ ① 初日は先輩と一緒
工程をひとつずつ確認しながら覚えます。

✅ ② 覚える品番は担当分だけ
全商品を暗記する必要はありません。

✅ ③ 速さより正確さ
急かされるより、確実に進めることを大切にしています。

──────────────
《◆向いている方◆》
✔ 手先を使う作業が好きな方
✔ 一つひとつ確認しながら進めたい方
✔ 倉庫の仕事をはじめてみたい方

──────────────
《◆応募について◆》
✔ 資格・経験の条件はありません
✔ 給与・勤務時間・シフト・待遇はご応募後にお伝えします
✔ 質問だけのご連絡も受け付けています"
岐阜県羽島市,検品・梱包作業,羽島市役所前,岐阜県羽島市竹鼻町宮町,ひとつずつ丁寧に◇出荷前のチェックと梱包☆,接客なし｜検品と梱包スタッフ｜羽島市役所前駅エリア,"┏━━━━━━━━━━━━━━━┓
＼岐阜県羽島市エリアで新しい仲間を募集／
今日やることは、作業に入る前に決まっています。
検品・梱包の軽作業スタッフ募集
┗━━━━━━━━━━━━━━━┛

こんな不安はありませんか？
「数を間違えたら怒られそう」
「集中力が続くか心配」

数量はリストと二重に確認する流れです。ひとりで抱え込む仕組みではありません。

──────────────
【◆作業の流れ◆】
■ リストを受け取る
■ 品番・数量・状態を順に確認する
■ 緩衝材で包んで箱詰めする
■ ラベルを貼って出荷棚へ置く

──────────────
【◆未経験の方へ◆】
✔ 覚える品番は担当分だけです
✔ 速さより正確さを大切にしています
✔ 会話は最小限で作業に集中できます
✔ 倉庫の仕事がはじめての方も多い工程です

──────────────
【◆勤務地◆】

岐阜県羽島市竹鼻町宮町
最寄り駅：羽島市役所前駅

給与や勤務時間、シフトの組み方は、
ご応募いただいた後にお伝えします。
少しでも気になったら、ご応募ください。","《◆一日の過ごし方◆》

✅ ① 初日は先輩と一緒
工程をひとつずつ確認しながら覚えます。

✅ ② 覚える品番は担当分だけ
全商品を暗記する必要はありません。

✅ ③ 速さより正確さ
急かされるより、確実に進めることを大切にしています。

──────────────
《◆向いている方◆》
✔ 手先を使う作業が好きな方
✔ 一つひとつ確認しながら進めたい方
✔ 倉庫の仕事をはじめてみたい方

──────────────
《◆応募について◆》
✔ 資格・経験の条件はありません
✔ 給与・勤務時間・シフト・待遇はご応募後にお伝えします
✔ 質問だけのご連絡も受け付けています"
岐阜県岐阜市,検品・梱包作業,長森,岐阜県岐阜市蔵前,腰を据えて長く◇出荷前のチェックと梱包✨,コツコツ派に｜検品と梱包スタッフ｜長森駅エリア,"┏━━━━━━━━━━━━━━━┓
＼岐阜県岐阜市エリアで新しい仲間を募集／
包んで、詰めて、貼る。この 3 つが基本です。
倉庫内の梱包スタッフを募集します
┗━━━━━━━━━━━━━━━┛

こんな不安はありませんか？
「数を間違えたら怒られそう」
「集中力が続くか心配」

数量はリストと二重に確認する流れです。ひとりで抱え込む仕組みではありません。

──────────────
【◆作業の流れ◆】
■ リストを受け取る
■ 品番・数量・状態を順に確認する
■ 緩衝材で包んで箱詰めする
■ ラベルを貼って出荷棚へ置く

──────────────
【◆未経験の方へ◆】
✔ 覚える品番は担当分だけです
✔ 速さより正確さを大切にしています
✔ 会話は最小限で作業に集中できます
✔ 倉庫の仕事がはじめての方も多い工程です

──────────────
【◆勤務地◆】

岐阜県岐阜市蔵前
最寄り駅：長森駅

給与や勤務時間、シフトの組み方は、
ご応募いただいた後にお伝えします。
少しでも気になったら、ご応募ください。","《◆作業のこだわり◆》

✅ ① 初日は先輩と一緒
工程をひとつずつ確認しながら覚えます。

✅ ② 覚える品番は担当分だけ
全商品を暗記する必要はありません。

✅ ③ 速さより正確さ
急かされるより、確実に進めることを大切にしています。

──────────────
《◆向いている方◆》
✔ 手先を使う作業が好きな方
✔ 一つひとつ確認しながら進めたい方
✔ 倉庫の仕事をはじめてみたい方

──────────────
《◆応募について◆》
✔ 資格・経験の条件はありません
✔ 給与・勤務時間・シフト・待遇はご応募後にお伝えします
✔ 質問だけのご連絡も受け付けています"
岐阜県岐阜市,検品・梱包作業,切通,岐阜県岐阜市切通,手元に集中◇品番を照らし合わせる検品スタッフ♪,はじめてでも｜梱包・ラベル貼り担当｜切通駅エリア,"┏━━━━━━━━━━━━━━━┓
＼岐阜県岐阜市エリアで新しい仲間を募集／
手元の商品に集中できる環境です。
検品と箱詰めを担当する方を募集
┗━━━━━━━━━━━━━━━┛

こんな不安はありませんか？
「数を間違えたら怒られそう」
「集中力が続くか心配」

数量はリストと二重に確認する流れです。ひとりで抱え込む仕組みではありません。

──────────────
【◆作業の流れ◆】
■ リストを受け取る
■ 品番・数量・状態を順に確認する
■ 緩衝材で包んで箱詰めする
■ ラベルを貼って出荷棚へ置く

──────────────
【◆未経験の方へ◆】
✔ 初日は先輩と一緒に工程を確認します
✔ 使う道具はカッター・テープ・台車程度です
✔ 電話や来客の対応はありません
✔ 資格や経験の条件はありません

──────────────
【◆勤務地◆】

岐阜県岐阜市切通
最寄り駅：切通駅

給与や勤務時間、シフトの組み方は、
ご応募いただいた後にお伝えします。
少しでも気になったら、ご応募ください。","《◆長く続けられる理由◆》

✅ ① 初日は先輩と一緒
工程をひとつずつ確認しながら覚えます。

✅ ② 覚える品番は担当分だけ
全商品を暗記する必要はありません。

✅ ③ 速さより正確さ
急かされるより、確実に進めることを大切にしています。

──────────────
《◆向いている方◆》
✔ 手先を使う作業が好きな方
✔ 一つひとつ確認しながら進めたい方
✔ 倉庫の仕事をはじめてみたい方

──────────────
《◆応募について◆》
✔ 資格・経験の条件はありません
✔ 給与・勤務時間・シフト・待遇はご応募後にお伝えします
✔ 質問だけのご連絡も受け付けています"
岐阜県岐阜市,検品・梱包作業,手力,岐阜県岐阜市蔵前,数えて、詰めて、貼る◇品番を照らし合わせる検品スタッフ◎,経験なしから｜梱包・ラベル貼り担当｜手力駅エリア,"┏━━━━━━━━━━━━━━━┓
＼岐阜県岐阜市エリアで新しい仲間を募集／
倉庫の仕事が、はじめての方へ。
検品・梱包・ラベル貼りの募集です
┗━━━━━━━━━━━━━━━┛

こんな不安はありませんか？
「数を間違えたら怒られそう」
「集中力が続くか心配」

数量はリストと二重に確認する流れです。ひとりで抱え込む仕組みではありません。

──────────────
【◆作業の流れ◆】
■ リストを受け取る
■ 品番・数量・状態を順に確認する
■ 緩衝材で包んで箱詰めする
■ ラベルを貼って出荷棚へ置く

──────────────
【◆未経験の方へ◆】
✔ 初日は先輩と一緒に工程を確認します
✔ 使う道具はカッター・テープ・台車程度です
✔ 電話や来客の対応はありません
✔ 資格や経験の条件はありません

──────────────
【◆勤務地◆】

岐阜県岐阜市蔵前
最寄り駅：手力駅

給与や勤務時間、シフトの組み方は、
ご応募いただいた後にお伝えします。
少しでも気になったら、ご応募ください。","《◆こんな環境です◆》

✅ ① 初日は先輩と一緒
工程をひとつずつ確認しながら覚えます。

✅ ② 覚える品番は担当分だけ
全商品を暗記する必要はありません。

✅ ③ 速さより正確さ
急かされるより、確実に進めることを大切にしています。

──────────────
《◆向いている方◆》
✔ 手先を使う作業が好きな方
✔ 一つひとつ確認しながら進めたい方
✔ 倉庫の仕事をはじめてみたい方

──────────────
《◆応募について◆》
✔ 資格・経験の条件はありません
✔ 給与・勤務時間・シフト・待遇はご応募後にお伝えします
✔ 質問だけのご連絡も受け付けています"
岐阜県揖斐郡揖斐川町,検品・梱包作業,揖斐,岐阜県揖斐郡揖斐川町脛永,決まった順番で◇品番を照らし合わせる検品スタッフ！,手順あり｜梱包・ラベル貼り担当｜揖斐駅エリア,"┏━━━━━━━━━━━━━━━┓
＼岐阜県揖斐郡揖斐川町エリアで新しい仲間を募集／
箱を開けて、数を数えて、また閉じる。
倉庫の検品・梱包スタッフを募集します
┗━━━━━━━━━━━━━━━┛

こんな不安はありませんか？
「体力に自信がない」
「腰に負担がかかりそう」

運ぶのは箱に入る程度の商品です。台車を使う場面もあります。

──────────────
【◆作業の流れ◆】
■ リストを受け取る
■ 品番・数量・状態を順に確認する
■ 緩衝材で包んで箱詰めする
■ ラベルを貼って出荷棚へ置く

──────────────
【◆未経験の方へ◆】
✔ 数量はリストで二重に確認します
✔ 品番の読み方から説明します
✔ 分からないときは手を止めて聞けます
✔ 慣れるまでは同じ工程を続けられます

──────────────
【◆勤務地◆】

岐阜県揖斐郡揖斐川町脛永
最寄り駅：揖斐駅

給与や勤務時間、シフトの組み方は、
ご応募いただいた後にお伝えします。
質問だけでも、ご連絡ください。","《◆この仕事の特徴◆》

✅ ① 手順書がそばにあります
迷ったときに見返せる資料があります。

✅ ② 商品は片手で持てるものが中心
重い荷物を抱えて歩く場面は多くありません。

✅ ③ 担当が日によって変わることも
検品・梱包・ラベル貼りを順に経験できます。

──────────────
《◆向いている方◆》
✔ 手先を使う作業が好きな方
✔ 一つひとつ確認しながら進めたい方
✔ 倉庫の仕事をはじめてみたい方

──────────────
《◆応募について◆》
✔ 資格・経験の条件はありません
✔ 給与・勤務時間・シフト・待遇はご応募後にお伝えします
✔ 質問だけのご連絡も受け付けています"
岐阜県各務原市,検品・梱包作業,新加納,岐阜県各務原市那加浜見町,はじめてでも大丈夫◇品番を照らし合わせる検品スタッフ☆,接客なし｜梱包・ラベル貼り担当｜新加納駅エリア,"┏━━━━━━━━━━━━━━━┓
＼岐阜県各務原市エリアで新しい仲間を募集／
伝票と現物、合っているかを見る仕事です。
出荷前のチェックを担当するスタッフ募集
┗━━━━━━━━━━━━━━━┛

こんな不安はありませんか？
「体力に自信がない」
「腰に負担がかかりそう」

運ぶのは箱に入る程度の商品です。台車を使う場面もあります。

──────────────
【◆作業の流れ◆】
■ リストを受け取る
■ 品番・数量・状態を順に確認する
■ 緩衝材で包んで箱詰めする
■ ラベルを貼って出荷棚へ置く

──────────────
【◆未経験の方へ◆】
✔ 数量はリストで二重に確認します
✔ 品番の読み方から説明します
✔ 分からないときは手を止めて聞けます
✔ 慣れるまでは同じ工程を続けられます

──────────────
【◆勤務地◆】

岐阜県各務原市那加浜見町
最寄り駅：新加納駅

給与や勤務時間、シフトの組み方は、
ご応募いただいた後にお伝えします。
質問だけでも、ご連絡ください。","《◆はじめやすいポイント◆》

✅ ① 手順書がそばにあります
迷ったときに見返せる資料があります。

✅ ② 商品は片手で持てるものが中心
重い荷物を抱えて歩く場面は多くありません。

✅ ③ 担当が日によって変わることも
検品・梱包・ラベル貼りを順に経験できます。

──────────────
《◆向いている方◆》
✔ 手先を使う作業が好きな方
✔ 一つひとつ確認しながら進めたい方
✔ 倉庫の仕事をはじめてみたい方

──────────────
《◆応募について◆》
✔ 資格・経験の条件はありません
✔ 給与・勤務時間・シフト・待遇はご応募後にお伝えします
✔ 質問だけのご連絡も受け付けています"
岐阜県下呂市,検品・梱包作業,下呂,岐阜県下呂市幸田,静かに働ける◇品番を照らし合わせる検品スタッフ✨,コツコツ派に｜梱包・ラベル貼り担当｜下呂駅エリア,"┏━━━━━━━━━━━━━━━┓
＼岐阜県下呂市エリアで新しい仲間を募集／
今日やることは、作業に入る前に決まっています。
検品・梱包の軽作業スタッフ募集
┗━━━━━━━━━━━━━━━┛

こんな不安はありませんか？
「体力に自信がない」
「腰に負担がかかりそう」

運ぶのは箱に入る程度の商品です。台車を使う場面もあります。

──────────────
【◆作業の流れ◆】
■ リストを受け取る
■ 品番・数量・状態を順に確認する
■ 緩衝材で包んで箱詰めする
■ ラベルを貼って出荷棚へ置く

──────────────
【◆未経験の方へ◆】
✔ 作業は作業台のまわりで完結します
✔ 運ぶのは箱に入る程度の商品です
✔ 担当工程は日によって変わることがあります
✔ 経験の有無で担当を分けることはありません

──────────────
【◆勤務地◆】

岐阜県下呂市幸田
最寄り駅：下呂駅

給与や勤務時間、シフトの組み方は、
ご応募いただいた後にお伝えします。
質問だけでも、ご連絡ください。","《◆一日の過ごし方◆》

✅ ① 手順書がそばにあります
迷ったときに見返せる資料があります。

✅ ② 商品は片手で持てるものが中心
重い荷物を抱えて歩く場面は多くありません。

✅ ③ 担当が日によって変わることも
検品・梱包・ラベル貼りを順に経験できます。

──────────────
《◆向いている方◆》
✔ 手先を使う作業が好きな方
✔ 一つひとつ確認しながら進めたい方
✔ 倉庫の仕事をはじめてみたい方

──────────────
《◆応募について◆》
✔ 資格・経験の条件はありません
✔ 給与・勤務時間・シフト・待遇はご応募後にお伝えします
✔ 質問だけのご連絡も受け付けています"
岐阜県羽島市,検品・梱包作業,江吉良,岐阜県羽島市江吉良町江東,1日の流れがシンプル◇品番を照らし合わせる検品スタッフ♪,はじめてでも｜出荷前の検品・梱包｜江吉良駅エリア,"┏━━━━━━━━━━━━━━━┓
＼岐阜県羽島市エリアで新しい仲間を募集／
包んで、詰めて、貼る。この 3 つが基本です。
倉庫内の梱包スタッフを募集します
┗━━━━━━━━━━━━━━━┛

こんな不安はありませんか？
「体力に自信がない」
「腰に負担がかかりそう」

運ぶのは箱に入る程度の商品です。台車を使う場面もあります。

──────────────
【◆作業の流れ◆】
■ リストを受け取る
■ 品番・数量・状態を順に確認する
■ 緩衝材で包んで箱詰めする
■ ラベルを貼って出荷棚へ置く

──────────────
【◆未経験の方へ◆】
✔ 作業は作業台のまわりで完結します
✔ 運ぶのは箱に入る程度の商品です
✔ 担当工程は日によって変わることがあります
✔ 経験の有無で担当を分けることはありません

──────────────
【◆勤務地◆】

岐阜県羽島市江吉良町江東
最寄り駅：江吉良駅

給与や勤務時間、シフトの組み方は、
ご応募いただいた後にお伝えします。
質問だけでも、ご連絡ください。","《◆作業のこだわり◆》

✅ ① 手順書がそばにあります
迷ったときに見返せる資料があります。

✅ ② 商品は片手で持てるものが中心
重い荷物を抱えて歩く場面は多くありません。

✅ ③ 担当が日によって変わることも
検品・梱包・ラベル貼りを順に経験できます。

──────────────
《◆向いている方◆》
✔ 手先を使う作業が好きな方
✔ 一つひとつ確認しながら進めたい方
✔ 倉庫の仕事をはじめてみたい方

──────────────
《◆応募について◆》
✔ 資格・経験の条件はありません
✔ 給与・勤務時間・シフト・待遇はご応募後にお伝えします
✔ 質問だけのご連絡も受け付けています"
岐阜県可児市,検品・梱包作業,可児川,岐阜県可児市土田北割田,身近な駅で◇品番を照らし合わせる検品スタッフ◎,経験なしから｜出荷前の検品・梱包｜可児川駅エリア,"┏━━━━━━━━━━━━━━━┓
＼岐阜県可児市エリアで新しい仲間を募集／
手元の商品に集中できる環境です。
検品と箱詰めを担当する方を募集
┗━━━━━━━━━━━━━━━┛

こんな不安はありませんか？
「体力に自信がない」
「腰に負担がかかりそう」

運ぶのは箱に入る程度の商品です。台車を使う場面もあります。

──────────────
【◆作業の流れ◆】
■ リストを受け取る
■ 品番・数量・状態を順に確認する
■ 緩衝材で包んで箱詰めする
■ ラベルを貼って出荷棚へ置く

──────────────
【◆未経験の方へ◆】
✔ 手順書を見ながら進められます
✔ 検品・梱包・ラベル貼りを順に覚えます
✔ 商品は片手で持てるものが中心です
✔ 質問しやすい距離に担当者がいます

──────────────
【◆勤務地◆】

岐阜県可児市土田北割田
最寄り駅：可児川駅

給与や勤務時間、シフトの組み方は、
ご応募いただいた後にお伝えします。
質問だけでも、ご連絡ください。","《◆長く続けられる理由◆》

✅ ① 手順書がそばにあります
迷ったときに見返せる資料があります。

✅ ② 商品は片手で持てるものが中心
重い荷物を抱えて歩く場面は多くありません。

✅ ③ 担当が日によって変わることも
検品・梱包・ラベル貼りを順に経験できます。

──────────────
《◆向いている方◆》
✔ 手先を使う作業が好きな方
✔ 一つひとつ確認しながら進めたい方
✔ 倉庫の仕事をはじめてみたい方

──────────────
《◆応募について◆》
✔ 資格・経験の条件はありません
✔ 給与・勤務時間・シフト・待遇はご応募後にお伝えします
✔ 質問だけのご連絡も受け付けています"
岐阜県可児郡御嵩町,検品・梱包作業,御嵩,岐阜県可児郡御嵩町中,難しい操作なし◇品番を照らし合わせる検品スタッフ！,手順あり｜出荷前の検品・梱包｜御嵩駅エリア,"┏━━━━━━━━━━━━━━━┓
＼岐阜県可児郡御嵩町エリアで新しい仲間を募集／
倉庫の仕事が、はじめての方へ。
検品・梱包・ラベル貼りの募集です
┗━━━━━━━━━━━━━━━┛

こんな不安はありませんか？
「体力に自信がない」
「腰に負担がかかりそう」

運ぶのは箱に入る程度の商品です。台車を使う場面もあります。

──────────────
【◆作業の流れ◆】
■ リストを受け取る
■ 品番・数量・状態を順に確認する
■ 緩衝材で包んで箱詰めする
■ ラベルを貼って出荷棚へ置く

──────────────
【◆未経験の方へ◆】
✔ 手順書を見ながら進められます
✔ 検品・梱包・ラベル貼りを順に覚えます
✔ 商品は片手で持てるものが中心です
✔ 質問しやすい距離に担当者がいます

──────────────
【◆勤務地◆】

岐阜県可児郡御嵩町中
最寄り駅：御嵩駅

給与や勤務時間、シフトの組み方は、
ご応募いただいた後にお伝えします。
質問だけでも、ご連絡ください。","《◆こんな環境です◆》

✅ ① 手順書がそばにあります
迷ったときに見返せる資料があります。

✅ ② 商品は片手で持てるものが中心
重い荷物を抱えて歩く場面は多くありません。

✅ ③ 担当が日によって変わることも
検品・梱包・ラベル貼りを順に経験できます。

──────────────
《◆向いている方◆》
✔ 手先を使う作業が好きな方
✔ 一つひとつ確認しながら進めたい方
✔ 倉庫の仕事をはじめてみたい方

──────────────
《◆応募について◆》
✔ 資格・経験の条件はありません
✔ 給与・勤務時間・シフト・待遇はご応募後にお伝えします
✔ 質問だけのご連絡も受け付けています"
岐阜県海津市,検品・梱包作業,駒野,岐阜県海津市南濃町駒野横道上,ひとつずつ丁寧に◇品番を照らし合わせる検品スタッフ☆,接客なし｜出荷前の検品・梱包｜駒野駅エリア,"┏━━━━━━━━━━━━━━━┓
＼岐阜県海津市エリアで新しい仲間を募集／
箱を開けて、数を数えて、また閉じる。
倉庫の検品・梱包スタッフを募集します
┗━━━━━━━━━━━━━━━┛

こんな不安はありませんか？
「未経験だと、何から覚えればいいのか」
「教えてくれる人はいるのか」

初日は先輩と一緒に工程を確認します。ひとりで判断する場面は少なめです。

──────────────
【◆作業の流れ◆】
■ リストを受け取る
■ 品番・数量・状態を順に確認する
■ 緩衝材で包んで箱詰めする
■ ラベルを貼って出荷棚へ置く

──────────────
【◆未経験の方へ◆】
✔ 覚える品番は担当分だけです
✔ 速さより正確さを大切にしています
✔ 会話は最小限で作業に集中できます
✔ 倉庫の仕事がはじめての方も多い工程です

──────────────
【◆勤務地◆】

岐阜県海津市南濃町駒野横道上
最寄り駅：駒野駅

給与や勤務時間、シフトの組み方は、
ご応募いただいた後にお伝えします。
質問だけでも、ご連絡ください。","《◆この仕事の特徴◆》

✅ ① 作業台のまわりで完結
倉庫内を移動し続ける仕事ではありません。

✅ ② 会話は最小限
集中して手を動かしたい方に合っています。

✅ ③ 質問しやすい距離に担当者
手を止めて聞ける環境です。

──────────────
《◆向いている方◆》
✔ 手先を使う作業が好きな方
✔ 一つひとつ確認しながら進めたい方
✔ 倉庫の仕事をはじめてみたい方

──────────────
《◆応募について◆》
✔ 資格・経験の条件はありません
✔ 給与・勤務時間・シフト・待遇はご応募後にお伝えします
✔ 質問だけのご連絡も受け付けています"
岐阜県羽島市,検品・梱包作業,不破一色,岐阜県羽島市正木町須賀,腰を据えて長く◇品番を照らし合わせる検品スタッフ✨,コツコツ派に｜出荷前の検品・梱包｜不破一色駅エリア,"┏━━━━━━━━━━━━━━━┓
＼岐阜県羽島市エリアで新しい仲間を募集／
伝票と現物、合っているかを見る仕事です。
出荷前のチェックを担当するスタッフ募集
┗━━━━━━━━━━━━━━━┛

こんな不安はありませんか？
「未経験だと、何から覚えればいいのか」
「教えてくれる人はいるのか」

初日は先輩と一緒に工程を確認します。ひとりで判断する場面は少なめです。

──────────────
【◆作業の流れ◆】
■ リストを受け取る
■ 品番・数量・状態を順に確認する
■ 緩衝材で包んで箱詰めする
■ ラベルを貼って出荷棚へ置く

──────────────
【◆未経験の方へ◆】
✔ 覚える品番は担当分だけです
✔ 速さより正確さを大切にしています
✔ 会話は最小限で作業に集中できます
✔ 倉庫の仕事がはじめての方も多い工程です

──────────────
【◆勤務地◆】

岐阜県羽島市正木町須賀
最寄り駅：不破一色駅

給与や勤務時間、シフトの組み方は、
ご応募いただいた後にお伝えします。
応募の前に確認したいことがあれば、お問い合わせください。","《◆はじめやすいポイント◆》

✅ ① 作業台のまわりで完結
倉庫内を移動し続ける仕事ではありません。

✅ ② 会話は最小限
集中して手を動かしたい方に合っています。

✅ ③ 質問しやすい距離に担当者
手を止めて聞ける環境です。

──────────────
《◆向いている方◆》
✔ 手先を使う作業が好きな方
✔ 一つひとつ確認しながら進めたい方
✔ 倉庫の仕事をはじめてみたい方

──────────────
《◆応募について◆》
✔ 資格・経験の条件はありません
✔ 給与・勤務時間・シフト・待遇はご応募後にお伝えします
✔ 質問だけのご連絡も受け付けています"
広島県広島市南区,検品・梱包作業,広島,広島県広島市南区松原町,手元に集中◇梱包中心の倉庫内ワーク♪,はじめてでも｜検品・梱包の軽作業｜広島駅エリア,"┏━━━━━━━━━━━━━━━┓
＼広島県広島市南区エリアで新しい仲間を募集／
今日やることは、作業に入る前に決まっています。
検品・梱包の軽作業スタッフ募集
┗━━━━━━━━━━━━━━━┛

こんな不安はありませんか？
「未経験だと、何から覚えればいいのか」
「教えてくれる人はいるのか」

初日は先輩と一緒に工程を確認します。ひとりで判断する場面は少なめです。

──────────────
【◆作業の流れ◆】
■ リストを受け取る
■ 品番・数量・状態を順に確認する
■ 緩衝材で包んで箱詰めする
■ ラベルを貼って出荷棚へ置く

──────────────
【◆未経験の方へ◆】
✔ 初日は先輩と一緒に工程を確認します
✔ 使う道具はカッター・テープ・台車程度です
✔ 電話や来客の対応はありません
✔ 資格や経験の条件はありません

──────────────
【◆勤務地◆】

広島県広島市南区松原町
最寄り駅：広島駅

給与や勤務時間、シフトの組み方は、
ご応募いただいた後にお伝えします。
応募の前に確認したいことがあれば、お問い合わせください。","《◆一日の過ごし方◆》

✅ ① 作業台のまわりで完結
倉庫内を移動し続ける仕事ではありません。

✅ ② 会話は最小限
集中して手を動かしたい方に合っています。

✅ ③ 質問しやすい距離に担当者
手を止めて聞ける環境です。

──────────────
《◆向いている方◆》
✔ 手先を使う作業が好きな方
✔ 一つひとつ確認しながら進めたい方
✔ 倉庫の仕事をはじめてみたい方

──────────────
《◆応募について◆》
✔ 資格・経験の条件はありません
✔ 給与・勤務時間・シフト・待遇はご応募後にお伝えします
✔ 質問だけのご連絡も受け付けています"
広島県広島市西区,検品・梱包作業,横川,広島県広島市西区横川町,数えて、詰めて、貼る◇梱包中心の倉庫内ワーク◎,経験なしから｜検品・梱包の軽作業｜横川駅エリア,"┏━━━━━━━━━━━━━━━┓
＼広島県広島市西区エリアで新しい仲間を募集／
包んで、詰めて、貼る。この 3 つが基本です。
倉庫内の梱包スタッフを募集します
┗━━━━━━━━━━━━━━━┛

こんな不安はありませんか？
「未経験だと、何から覚えればいいのか」
「教えてくれる人はいるのか」

初日は先輩と一緒に工程を確認します。ひとりで判断する場面は少なめです。

──────────────
【◆作業の流れ◆】
■ リストを受け取る
■ 品番・数量・状態を順に確認する
■ 緩衝材で包んで箱詰めする
■ ラベルを貼って出荷棚へ置く

──────────────
【◆未経験の方へ◆】
✔ 初日は先輩と一緒に工程を確認します
✔ 使う道具はカッター・テープ・台車程度です
✔ 電話や来客の対応はありません
✔ 資格や経験の条件はありません

──────────────
【◆勤務地◆】

広島県広島市西区横川町
最寄り駅：横川駅

給与や勤務時間、シフトの組み方は、
ご応募いただいた後にお伝えします。
応募の前に確認したいことがあれば、お問い合わせください。","《◆作業のこだわり◆》

✅ ① 作業台のまわりで完結
倉庫内を移動し続ける仕事ではありません。

✅ ② 会話は最小限
集中して手を動かしたい方に合っています。

✅ ③ 質問しやすい距離に担当者
手を止めて聞ける環境です。

──────────────
《◆向いている方◆》
✔ 手先を使う作業が好きな方
✔ 一つひとつ確認しながら進めたい方
✔ 倉庫の仕事をはじめてみたい方

──────────────
《◆応募について◆》
✔ 資格・経験の条件はありません
✔ 給与・勤務時間・シフト・待遇はご応募後にお伝えします
✔ 質問だけのご連絡も受け付けています"
広島県福山市,検品・梱包作業,福山,広島県福山市三之丸町,決まった順番で◇梱包中心の倉庫内ワーク！,手順あり｜検品・梱包の軽作業｜福山駅エリア,"┏━━━━━━━━━━━━━━━┓
＼広島県福山市エリアで新しい仲間を募集／
手元の商品に集中できる環境です。
検品と箱詰めを担当する方を募集
┗━━━━━━━━━━━━━━━┛

こんな不安はありませんか？
「未経験だと、何から覚えればいいのか」
「教えてくれる人はいるのか」

初日は先輩と一緒に工程を確認します。ひとりで判断する場面は少なめです。

──────────────
【◆作業の流れ◆】
■ リストを受け取る
■ 品番・数量・状態を順に確認する
■ 緩衝材で包んで箱詰めする
■ ラベルを貼って出荷棚へ置く

──────────────
【◆未経験の方へ◆】
✔ 数量はリストで二重に確認します
✔ 品番の読み方から説明します
✔ 分からないときは手を止めて聞けます
✔ 慣れるまでは同じ工程を続けられます

──────────────
【◆勤務地◆】

広島県福山市三之丸町
最寄り駅：福山駅

給与や勤務時間、シフトの組み方は、
ご応募いただいた後にお伝えします。
応募の前に確認したいことがあれば、お問い合わせください。","《◆長く続けられる理由◆》

✅ ① 作業台のまわりで完結
倉庫内を移動し続ける仕事ではありません。

✅ ② 会話は最小限
集中して手を動かしたい方に合っています。

✅ ③ 質問しやすい距離に担当者
手を止めて聞ける環境です。

──────────────
《◆向いている方◆》
✔ 手先を使う作業が好きな方
✔ 一つひとつ確認しながら進めたい方
✔ 倉庫の仕事をはじめてみたい方

──────────────
《◆応募について◆》
✔ 資格・経験の条件はありません
✔ 給与・勤務時間・シフト・待遇はご応募後にお伝えします
✔ 質問だけのご連絡も受け付けています"
広島県広島市中区,検品・梱包作業,新白島,広島県広島市中区西白島町,はじめてでも大丈夫◇梱包中心の倉庫内ワーク☆,接客なし｜検品・梱包の軽作業｜新白島駅エリア,"┏━━━━━━━━━━━━━━━┓
＼広島県広島市中区エリアで新しい仲間を募集／
倉庫の仕事が、はじめての方へ。
検品・梱包・ラベル貼りの募集です
┗━━━━━━━━━━━━━━━┛

こんな不安はありませんか？
「未経験だと、何から覚えればいいのか」
「教えてくれる人はいるのか」

初日は先輩と一緒に工程を確認します。ひとりで判断する場面は少なめです。

──────────────
【◆作業の流れ◆】
■ リストを受け取る
■ 品番・数量・状態を順に確認する
■ 緩衝材で包んで箱詰めする
■ ラベルを貼って出荷棚へ置く

──────────────
【◆未経験の方へ◆】
✔ 数量はリストで二重に確認します
✔ 品番の読み方から説明します
✔ 分からないときは手を止めて聞けます
✔ 慣れるまでは同じ工程を続けられます

──────────────
【◆勤務地◆】

広島県広島市中区西白島町
最寄り駅：新白島駅

給与や勤務時間、シフトの組み方は、
ご応募いただいた後にお伝えします。
応募の前に確認したいことがあれば、お問い合わせください。","《◆こんな環境です◆》

✅ ① 作業台のまわりで完結
倉庫内を移動し続ける仕事ではありません。

✅ ② 会話は最小限
集中して手を動かしたい方に合っています。

✅ ③ 質問しやすい距離に担当者
手を止めて聞ける環境です。

──────────────
《◆向いている方◆》
✔ 手先を使う作業が好きな方
✔ 一つひとつ確認しながら進めたい方
✔ 倉庫の仕事をはじめてみたい方

──────────────
《◆応募について◆》
✔ 資格・経験の条件はありません
✔ 給与・勤務時間・シフト・待遇はご応募後にお伝えします
✔ 質問だけのご連絡も受け付けています"
広島県広島市中区,検品・梱包作業,本通,広島県広島市中区本通,静かに働ける◇梱包中心の倉庫内ワーク✨,コツコツ派に｜検品・梱包の軽作業｜本通駅エリア,"┏━━━━━━━━━━━━━━━┓
＼広島県広島市中区エリアで新しい仲間を募集／
箱を開けて、数を数えて、また閉じる。
倉庫の検品・梱包スタッフを募集します
┗━━━━━━━━━━━━━━━┛

こんな不安はありませんか？
「単純作業は飽きそう」
「同じことの繰り返しは苦手かも」

検品・梱包・ラベル貼りと、日によって担当が変わることがあります。

──────────────
【◆作業の流れ◆】
■ リストを受け取る
■ 品番・数量・状態を順に確認する
■ 緩衝材で包んで箱詰めする
■ ラベルを貼って出荷棚へ置く

──────────────
【◆未経験の方へ◆】
✔ 作業は作業台のまわりで完結します
✔ 運ぶのは箱に入る程度の商品です
✔ 担当工程は日によって変わることがあります
✔ 経験の有無で担当を分けることはありません

──────────────
【◆勤務地◆】

広島県広島市中区本通
最寄り駅：本通駅

給与や勤務時間、シフトの組み方は、
ご応募いただいた後にお伝えします。
応募の前に確認したいことがあれば、お問い合わせください。","《◆この仕事の特徴◆》

✅ ① 倉庫がはじめての方が多い工程
入口の仕事として選ばれています。

✅ ② 資格・経験の条件なし
検品も梱包も、手順どおりに進める作業です。

✅ ③ 出荷前の最後の確認役
自分の目で確かめたものが、そのまま届け先へ向かいます。

──────────────
《◆向いている方◆》
✔ 手先を使う作業が好きな方
✔ 一つひとつ確認しながら進めたい方
✔ 倉庫の仕事をはじめてみたい方

──────────────
《◆応募について◆》
✔ 資格・経験の条件はありません
✔ 給与・勤務時間・シフト・待遇はご応募後にお伝えします
✔ 質問だけのご連絡も受け付けています"
広島県広島市佐伯区,検品・梱包作業,五日市,広島県広島市佐伯区五日市駅前,1日の流れがシンプル◇梱包中心の倉庫内ワーク♪,はじめてでも｜倉庫内の箱詰め・検品｜五日市駅エリア,"┏━━━━━━━━━━━━━━━┓
＼広島県広島市佐伯区エリアで新しい仲間を募集／
伝票と現物、合っているかを見る仕事です。
出荷前のチェックを担当するスタッフ募集
┗━━━━━━━━━━━━━━━┛

こんな不安はありませんか？
「単純作業は飽きそう」
「同じことの繰り返しは苦手かも」

検品・梱包・ラベル貼りと、日によって担当が変わることがあります。

──────────────
【◆作業の流れ◆】
■ リストを受け取る
■ 品番・数量・状態を順に確認する
■ 緩衝材で包んで箱詰めする
■ ラベルを貼って出荷棚へ置く

──────────────
【◆未経験の方へ◆】
✔ 作業は作業台のまわりで完結します
✔ 運ぶのは箱に入る程度の商品です
✔ 担当工程は日によって変わることがあります
✔ 経験の有無で担当を分けることはありません

──────────────
【◆勤務地◆】

広島県広島市佐伯区五日市駅前
最寄り駅：五日市駅

給与や勤務時間、シフトの組み方は、
ご応募いただいた後にお伝えします。
応募の前に確認したいことがあれば、お問い合わせください。","《◆はじめやすいポイント◆》

✅ ① 倉庫がはじめての方が多い工程
入口の仕事として選ばれています。

✅ ② 資格・経験の条件なし
検品も梱包も、手順どおりに進める作業です。

✅ ③ 出荷前の最後の確認役
自分の目で確かめたものが、そのまま届け先へ向かいます。

──────────────
《◆向いている方◆》
✔ 手先を使う作業が好きな方
✔ 一つひとつ確認しながら進めたい方
✔ 倉庫の仕事をはじめてみたい方

──────────────
《◆応募について◆》
✔ 資格・経験の条件はありません
✔ 給与・勤務時間・シフト・待遇はご応募後にお伝えします
✔ 質問だけのご連絡も受け付けています"
広島県安芸郡海田町,検品・梱包作業,海田市,広島県安芸郡海田町新町,身近な駅で◇梱包中心の倉庫内ワーク◎,経験なしから｜倉庫内の箱詰め・検品｜海田市駅エリア,"┏━━━━━━━━━━━━━━━┓
＼広島県安芸郡海田町エリアで新しい仲間を募集／
今日やることは、作業に入る前に決まっています。
検品・梱包の軽作業スタッフ募集
┗━━━━━━━━━━━━━━━┛

こんな不安はありませんか？
「単純作業は飽きそう」
「同じことの繰り返しは苦手かも」

検品・梱包・ラベル貼りと、日によって担当が変わることがあります。

──────────────
【◆作業の流れ◆】
■ リストを受け取る
■ 品番・数量・状態を順に確認する
■ 緩衝材で包んで箱詰めする
■ ラベルを貼って出荷棚へ置く

──────────────
【◆未経験の方へ◆】
✔ 手順書を見ながら進められます
✔ 検品・梱包・ラベル貼りを順に覚えます
✔ 商品は片手で持てるものが中心です
✔ 質問しやすい距離に担当者がいます

──────────────
【◆勤務地◆】

広島県安芸郡海田町新町
最寄り駅：海田市駅

給与や勤務時間、シフトの組み方は、
ご応募いただいた後にお伝えします。
ご応募をお待ちしています。","《◆一日の過ごし方◆》

✅ ① 倉庫がはじめての方が多い工程
入口の仕事として選ばれています。

✅ ② 資格・経験の条件なし
検品も梱包も、手順どおりに進める作業です。

✅ ③ 出荷前の最後の確認役
自分の目で確かめたものが、そのまま届け先へ向かいます。

──────────────
《◆向いている方◆》
✔ 手先を使う作業が好きな方
✔ 一つひとつ確認しながら進めたい方
✔ 倉庫の仕事をはじめてみたい方

──────────────
《◆応募について◆》
✔ 資格・経験の条件はありません
✔ 給与・勤務時間・シフト・待遇はご応募後にお伝えします
✔ 質問だけのご連絡も受け付けています"
広島県呉市,検品・梱包作業,呉,広島県呉市宝町,難しい操作なし◇梱包中心の倉庫内ワーク！,手順あり｜倉庫内の箱詰め・検品｜呉駅エリア,"┏━━━━━━━━━━━━━━━┓
＼広島県呉市エリアで新しい仲間を募集／
包んで、詰めて、貼る。この 3 つが基本です。
倉庫内の梱包スタッフを募集します
┗━━━━━━━━━━━━━━━┛

こんな不安はありませんか？
「単純作業は飽きそう」
「同じことの繰り返しは苦手かも」

検品・梱包・ラベル貼りと、日によって担当が変わることがあります。

──────────────
【◆作業の流れ◆】
■ リストを受け取る
■ 品番・数量・状態を順に確認する
■ 緩衝材で包んで箱詰めする
■ ラベルを貼って出荷棚へ置く

──────────────
【◆未経験の方へ◆】
✔ 手順書を見ながら進められます
✔ 検品・梱包・ラベル貼りを順に覚えます
✔ 商品は片手で持てるものが中心です
✔ 質問しやすい距離に担当者がいます

──────────────
【◆勤務地◆】

広島県呉市宝町
最寄り駅：呉駅

給与や勤務時間、シフトの組み方は、
ご応募いただいた後にお伝えします。
ご応募をお待ちしています。","《◆作業のこだわり◆》

✅ ① 倉庫がはじめての方が多い工程
入口の仕事として選ばれています。

✅ ② 資格・経験の条件なし
検品も梱包も、手順どおりに進める作業です。

✅ ③ 出荷前の最後の確認役
自分の目で確かめたものが、そのまま届け先へ向かいます。

──────────────
《◆向いている方◆》
✔ 手先を使う作業が好きな方
✔ 一つひとつ確認しながら進めたい方
✔ 倉庫の仕事をはじめてみたい方

──────────────
《◆応募について◆》
✔ 資格・経験の条件はありません
✔ 給与・勤務時間・シフト・待遇はご応募後にお伝えします
✔ 質問だけのご連絡も受け付けています"
広島県安芸郡府中町,検品・梱包作業,向洋,広島県安芸郡府中町青崎南,ひとつずつ丁寧に◇梱包中心の倉庫内ワーク☆,接客なし｜倉庫内の箱詰め・検品｜向洋駅エリア,"┏━━━━━━━━━━━━━━━┓
＼広島県安芸郡府中町エリアで新しい仲間を募集／
手元の商品に集中できる環境です。
検品と箱詰めを担当する方を募集
┗━━━━━━━━━━━━━━━┛

こんな不安はありませんか？
「単純作業は飽きそう」
「同じことの繰り返しは苦手かも」

検品・梱包・ラベル貼りと、日によって担当が変わることがあります。

──────────────
【◆作業の流れ◆】
■ リストを受け取る
■ 品番・数量・状態を順に確認する
■ 緩衝材で包んで箱詰めする
■ ラベルを貼って出荷棚へ置く

──────────────
【◆未経験の方へ◆】
✔ 覚える品番は担当分だけです
✔ 速さより正確さを大切にしています
✔ 会話は最小限で作業に集中できます
✔ 倉庫の仕事がはじめての方も多い工程です

──────────────
【◆勤務地◆】

広島県安芸郡府中町青崎南
最寄り駅：向洋駅

給与や勤務時間、シフトの組み方は、
ご応募いただいた後にお伝えします。
ご応募をお待ちしています。","《◆長く続けられる理由◆》

✅ ① 倉庫がはじめての方が多い工程
入口の仕事として選ばれています。

✅ ② 資格・経験の条件なし
検品も梱包も、手順どおりに進める作業です。

✅ ③ 出荷前の最後の確認役
自分の目で確かめたものが、そのまま届け先へ向かいます。

──────────────
《◆向いている方◆》
✔ 手先を使う作業が好きな方
✔ 一つひとつ確認しながら進めたい方
✔ 倉庫の仕事をはじめてみたい方

──────────────
《◆応募について◆》
✔ 資格・経験の条件はありません
✔ 給与・勤務時間・シフト・待遇はご応募後にお伝えします
✔ 質問だけのご連絡も受け付けています"
広島県広島市南区,検品・梱包作業,天神川,広島県広島市南区東駅町,腰を据えて長く◇梱包中心の倉庫内ワーク✨,コツコツ派に｜倉庫内の箱詰め・検品｜天神川駅エリア,"┏━━━━━━━━━━━━━━━┓
＼広島県広島市南区エリアで新しい仲間を募集／
倉庫の仕事が、はじめての方へ。
検品・梱包・ラベル貼りの募集です
┗━━━━━━━━━━━━━━━┛

こんな不安はありませんか？
「単純作業は飽きそう」
「同じことの繰り返しは苦手かも」

検品・梱包・ラベル貼りと、日によって担当が変わることがあります。

──────────────
【◆作業の流れ◆】
■ リストを受け取る
■ 品番・数量・状態を順に確認する
■ 緩衝材で包んで箱詰めする
■ ラベルを貼って出荷棚へ置く

──────────────
【◆未経験の方へ◆】
✔ 覚える品番は担当分だけです
✔ 速さより正確さを大切にしています
✔ 会話は最小限で作業に集中できます
✔ 倉庫の仕事がはじめての方も多い工程です

──────────────
【◆勤務地◆】

広島県広島市南区東駅町
最寄り駅：天神川駅

給与や勤務時間、シフトの組み方は、
ご応募いただいた後にお伝えします。
ご応募をお待ちしています。","《◆こんな環境です◆》

✅ ① 倉庫がはじめての方が多い工程
入口の仕事として選ばれています。

✅ ② 資格・経験の条件なし
検品も梱包も、手順どおりに進める作業です。

✅ ③ 出荷前の最後の確認役
自分の目で確かめたものが、そのまま届け先へ向かいます。

──────────────
《◆向いている方◆》
✔ 手先を使う作業が好きな方
✔ 一つひとつ確認しながら進めたい方
✔ 倉庫の仕事をはじめてみたい方

──────────────
《◆応募について◆》
✔ 資格・経験の条件はありません
✔ 給与・勤務時間・シフト・待遇はご応募後にお伝えします
✔ 質問だけのご連絡も受け付けています"
広島県東広島市,検品・梱包作業,西条,広島県東広島市西条本町,手元に集中◇検品・箱詰め・仕分けの作業員♪,はじめてでも｜検品と梱包スタッフ｜西条駅エリア,"┏━━━━━━━━━━━━━━━┓
＼広島県東広島市エリアで新しい仲間を募集／
箱を開けて、数を数えて、また閉じる。
倉庫の検品・梱包スタッフを募集します
┗━━━━━━━━━━━━━━━┛

こんな不安はありませんか？
「倉庫って、広くて歩き回るイメージ」
「フォークリフトの資格がいるのでは」

担当する場所は作業台のまわりです。資格が必要な機械は使いません。

──────────────
【◆作業の流れ◆】
■ 検品する
品番が伝票と一致しているかを、ひとつずつ見ます。
■ 記録する
確認した数を用紙に書き入れます。
■ 梱包する
商品のサイズに合った箱を選んで詰めます。
■ 仕分ける
配送先ごとにまとめて、決められた棚に置きます。

──────────────
【◆未経験の方へ◆】
✔ 初日は先輩と一緒に工程を確認します
✔ 使う道具はカッター・テープ・台車程度です
✔ 電話や来客の対応はありません
✔ 資格や経験の条件はありません

──────────────
【◆勤務地◆】

広島県東広島市西条本町
最寄り駅：西条駅

給与や勤務時間、シフトの組み方は、
ご応募いただいた後にお伝えします。
ご応募をお待ちしています。","《◆この仕事の特徴◆》

✅ ① 数量はリストと二重チェック
ひとりの目に頼らない流れなので、
間違いを見つけやすい仕組みです。

✅ ② 使う道具はシンプル
カッター・テープ・台車程度で、
機械の操作はありません。

✅ ③ 電話・来客対応なし
作業台に向かう時間がほとんどです。

──────────────
《◆向いている方◆》
✔ 人と話すより手を動かしたい方
✔ 細かい違いを見逃さない方
✔ 同じ作業を安定して続けられる方

──────────────
《◆応募について◆》
✔ 資格・経験の条件はありません
✔ 給与・勤務時間・シフト・待遇はご応募後にお伝えします
✔ 質問だけのご連絡も受け付けています"
広島県広島市西区,検品・梱包作業,西広島,広島県広島市西区己斐本町,数えて、詰めて、貼る◇検品・箱詰め・仕分けの作業員◎,経験なしから｜検品と梱包スタッフ｜西広島駅エリア,"┏━━━━━━━━━━━━━━━┓
＼広島県広島市西区エリアで新しい仲間を募集／
伝票と現物、合っているかを見る仕事です。
出荷前のチェックを担当するスタッフ募集
┗━━━━━━━━━━━━━━━┛

こんな不安はありませんか？
「倉庫って、広くて歩き回るイメージ」
「フォークリフトの資格がいるのでは」

担当する場所は作業台のまわりです。資格が必要な機械は使いません。

──────────────
【◆作業の流れ◆】
■ 検品する
品番が伝票と一致しているかを、ひとつずつ見ます。
■ 記録する
確認した数を用紙に書き入れます。
■ 梱包する
商品のサイズに合った箱を選んで詰めます。
■ 仕分ける
配送先ごとにまとめて、決められた棚に置きます。

──────────────
【◆未経験の方へ◆】
✔ 初日は先輩と一緒に工程を確認します
✔ 使う道具はカッター・テープ・台車程度です
✔ 電話や来客の対応はありません
✔ 資格や経験の条件はありません

──────────────
【◆勤務地◆】

広島県広島市西区己斐本町
最寄り駅：西広島駅

給与や勤務時間、シフトの組み方は、
ご応募いただいた後にお伝えします。
ご応募をお待ちしています。","《◆はじめやすいポイント◆》

✅ ① 数量はリストと二重チェック
ひとりの目に頼らない流れなので、
間違いを見つけやすい仕組みです。

✅ ② 使う道具はシンプル
カッター・テープ・台車程度で、
機械の操作はありません。

✅ ③ 電話・来客対応なし
作業台に向かう時間がほとんどです。

──────────────
《◆向いている方◆》
✔ 人と話すより手を動かしたい方
✔ 細かい違いを見逃さない方
✔ 同じ作業を安定して続けられる方

──────────────
《◆応募について◆》
✔ 資格・経験の条件はありません
✔ 給与・勤務時間・シフト・待遇はご応募後にお伝えします
✔ 質問だけのご連絡も受け付けています"
広島県広島市安佐南区,検品・梱包作業,大町,広島県広島市安佐南区大町東,決まった順番で◇検品・箱詰め・仕分けの作業員！,手順あり｜検品と梱包スタッフ｜大町駅エリア,"┏━━━━━━━━━━━━━━━┓
＼広島県広島市安佐南区エリアで新しい仲間を募集／
今日やることは、作業に入る前に決まっています。
検品・梱包の軽作業スタッフ募集
┗━━━━━━━━━━━━━━━┛

こんな不安はありませんか？
「倉庫って、広くて歩き回るイメージ」
「フォークリフトの資格がいるのでは」

担当する場所は作業台のまわりです。資格が必要な機械は使いません。

──────────────
【◆作業の流れ◆】
■ 検品する
品番が伝票と一致しているかを、ひとつずつ見ます。
■ 記録する
確認した数を用紙に書き入れます。
■ 梱包する
商品のサイズに合った箱を選んで詰めます。
■ 仕分ける
配送先ごとにまとめて、決められた棚に置きます。

──────────────
【◆未経験の方へ◆】
✔ 数量はリストで二重に確認します
✔ 品番の読み方から説明します
✔ 分からないときは手を止めて聞けます
✔ 慣れるまでは同じ工程を続けられます

──────────────
【◆勤務地◆】

広島県広島市安佐南区大町東
最寄り駅：大町駅

給与や勤務時間、シフトの組み方は、
ご応募いただいた後にお伝えします。
ご応募をお待ちしています。","《◆一日の過ごし方◆》

✅ ① 数量はリストと二重チェック
ひとりの目に頼らない流れなので、
間違いを見つけやすい仕組みです。

✅ ② 使う道具はシンプル
カッター・テープ・台車程度で、
機械の操作はありません。

✅ ③ 電話・来客対応なし
作業台に向かう時間がほとんどです。

──────────────
《◆向いている方◆》
✔ 人と話すより手を動かしたい方
✔ 細かい違いを見逃さない方
✔ 同じ作業を安定して続けられる方

──────────────
《◆応募について◆》
✔ 資格・経験の条件はありません
✔ 給与・勤務時間・シフト・待遇はご応募後にお伝えします
✔ 質問だけのご連絡も受け付けています"
広島県広島市西区,検品・梱包作業,新井口,広島県広島市西区井口,はじめてでも大丈夫◇検品・箱詰め・仕分けの作業員☆,接客なし｜検品と梱包スタッフ｜新井口駅エリア,"┏━━━━━━━━━━━━━━━┓
＼広島県広島市西区エリアで新しい仲間を募集／
包んで、詰めて、貼る。この 3 つが基本です。
倉庫内の梱包スタッフを募集します
┗━━━━━━━━━━━━━━━┛

こんな不安はありませんか？
「倉庫って、広くて歩き回るイメージ」
「フォークリフトの資格がいるのでは」

担当する場所は作業台のまわりです。資格が必要な機械は使いません。

──────────────
【◆作業の流れ◆】
■ 検品する
品番が伝票と一致しているかを、ひとつずつ見ます。
■ 記録する
確認した数を用紙に書き入れます。
■ 梱包する
商品のサイズに合った箱を選んで詰めます。
■ 仕分ける
配送先ごとにまとめて、決められた棚に置きます。

──────────────
【◆未経験の方へ◆】
✔ 数量はリストで二重に確認します
✔ 品番の読み方から説明します
✔ 分からないときは手を止めて聞けます
✔ 慣れるまでは同じ工程を続けられます

──────────────
【◆勤務地◆】

広島県広島市西区井口
最寄り駅：新井口駅

給与や勤務時間、シフトの組み方は、
ご応募いただいた後にお伝えします。
まずは応募フォームからご連絡ください。","《◆作業のこだわり◆》

✅ ① 数量はリストと二重チェック
ひとりの目に頼らない流れなので、
間違いを見つけやすい仕組みです。

✅ ② 使う道具はシンプル
カッター・テープ・台車程度で、
機械の操作はありません。

✅ ③ 電話・来客対応なし
作業台に向かう時間がほとんどです。

──────────────
《◆向いている方◆》
✔ 人と話すより手を動かしたい方
✔ 細かい違いを見逃さない方
✔ 同じ作業を安定して続けられる方

──────────────
《◆応募について◆》
✔ 資格・経験の条件はありません
✔ 給与・勤務時間・シフト・待遇はご応募後にお伝えします
✔ 質問だけのご連絡も受け付けています"
広島県広島市中区,検品・梱包作業,紙屋町西,広島県広島市中区基町,静かに働ける◇検品・箱詰め・仕分けの作業員✨,コツコツ派に｜検品と梱包スタッフ｜紙屋町西駅エリア,"┏━━━━━━━━━━━━━━━┓
＼広島県広島市中区エリアで新しい仲間を募集／
手元の商品に集中できる環境です。
検品と箱詰めを担当する方を募集
┗━━━━━━━━━━━━━━━┛

こんな不安はありませんか？
「倉庫って、広くて歩き回るイメージ」
「フォークリフトの資格がいるのでは」

担当する場所は作業台のまわりです。資格が必要な機械は使いません。

──────────────
【◆作業の流れ◆】
■ 検品する
品番が伝票と一致しているかを、ひとつずつ見ます。
■ 記録する
確認した数を用紙に書き入れます。
■ 梱包する
商品のサイズに合った箱を選んで詰めます。
■ 仕分ける
配送先ごとにまとめて、決められた棚に置きます。

──────────────
【◆未経験の方へ◆】
✔ 作業は作業台のまわりで完結します
✔ 運ぶのは箱に入る程度の商品です
✔ 担当工程は日によって変わることがあります
✔ 経験の有無で担当を分けることはありません

──────────────
【◆勤務地◆】

広島県広島市中区基町
最寄り駅：紙屋町西駅

給与や勤務時間、シフトの組み方は、
ご応募いただいた後にお伝えします。
まずは応募フォームからご連絡ください。","《◆長く続けられる理由◆》

✅ ① 数量はリストと二重チェック
ひとりの目に頼らない流れなので、
間違いを見つけやすい仕組みです。

✅ ② 使う道具はシンプル
カッター・テープ・台車程度で、
機械の操作はありません。

✅ ③ 電話・来客対応なし
作業台に向かう時間がほとんどです。

──────────────
《◆向いている方◆》
✔ 人と話すより手を動かしたい方
✔ 細かい違いを見逃さない方
✔ 同じ作業を安定して続けられる方

──────────────
《◆応募について◆》
✔ 資格・経験の条件はありません
✔ 給与・勤務時間・シフト・待遇はご応募後にお伝えします
✔ 質問だけのご連絡も受け付けています"
広島県広島市中区,検品・梱包作業,県庁前,広島県広島市中区基町,1日の流れがシンプル◇検品・箱詰め・仕分けの作業員♪,はじめてでも｜梱包・ラベル貼り担当｜県庁前駅エリア,"┏━━━━━━━━━━━━━━━┓
＼広島県広島市中区エリアで新しい仲間を募集／
倉庫の仕事が、はじめての方へ。
検品・梱包・ラベル貼りの募集です
┗━━━━━━━━━━━━━━━┛

こんな不安はありませんか？
「倉庫って、広くて歩き回るイメージ」
「フォークリフトの資格がいるのでは」

担当する場所は作業台のまわりです。資格が必要な機械は使いません。

──────────────
【◆作業の流れ◆】
■ 検品する
品番が伝票と一致しているかを、ひとつずつ見ます。
■ 記録する
確認した数を用紙に書き入れます。
■ 梱包する
商品のサイズに合った箱を選んで詰めます。
■ 仕分ける
配送先ごとにまとめて、決められた棚に置きます。

──────────────
【◆未経験の方へ◆】
✔ 作業は作業台のまわりで完結します
✔ 運ぶのは箱に入る程度の商品です
✔ 担当工程は日によって変わることがあります
✔ 経験の有無で担当を分けることはありません

──────────────
【◆勤務地◆】

広島県広島市中区基町
最寄り駅：県庁前駅

給与や勤務時間、シフトの組み方は、
ご応募いただいた後にお伝えします。
まずは応募フォームからご連絡ください。","《◆こんな環境です◆》

✅ ① 数量はリストと二重チェック
ひとりの目に頼らない流れなので、
間違いを見つけやすい仕組みです。

✅ ② 使う道具はシンプル
カッター・テープ・台車程度で、
機械の操作はありません。

✅ ③ 電話・来客対応なし
作業台に向かう時間がほとんどです。

──────────────
《◆向いている方◆》
✔ 人と話すより手を動かしたい方
✔ 細かい違いを見逃さない方
✔ 同じ作業を安定して続けられる方

──────────────
《◆応募について◆》
✔ 資格・経験の条件はありません
✔ 給与・勤務時間・シフト・待遇はご応募後にお伝えします
✔ 質問だけのご連絡も受け付けています"
広島県広島市安芸区,検品・梱包作業,矢野,広島県広島市安芸区矢野西,身近な駅で◇検品・箱詰め・仕分けの作業員◎,経験なしから｜梱包・ラベル貼り担当｜矢野駅エリア,"┏━━━━━━━━━━━━━━━┓
＼広島県広島市安芸区エリアで新しい仲間を募集／
箱を開けて、数を数えて、また閉じる。
倉庫の検品・梱包スタッフを募集します
┗━━━━━━━━━━━━━━━┛

こんな不安はありませんか？
「数を間違えたら怒られそう」
「集中力が続くか心配」

数量はリストと二重に確認する流れです。ひとりで抱え込む仕組みではありません。

──────────────
【◆作業の流れ◆】
■ 検品する
品番が伝票と一致しているかを、ひとつずつ見ます。
■ 記録する
確認した数を用紙に書き入れます。
■ 梱包する
商品のサイズに合った箱を選んで詰めます。
■ 仕分ける
配送先ごとにまとめて、決められた棚に置きます。

──────────────
【◆未経験の方へ◆】
✔ 手順書を見ながら進められます
✔ 検品・梱包・ラベル貼りを順に覚えます
✔ 商品は片手で持てるものが中心です
✔ 質問しやすい距離に担当者がいます

──────────────
【◆勤務地◆】

広島県広島市安芸区矢野西
最寄り駅：矢野駅

給与や勤務時間、シフトの組み方は、
ご応募いただいた後にお伝えします。
まずは応募フォームからご連絡ください。","《◆この仕事の特徴◆》

✅ ① 初日は先輩と一緒
工程をひとつずつ確認しながら覚えます。

✅ ② 覚える品番は担当分だけ
全商品を暗記する必要はありません。

✅ ③ 速さより正確さ
急かされるより、確実に進めることを大切にしています。

──────────────
《◆向いている方◆》
✔ 人と話すより手を動かしたい方
✔ 細かい違いを見逃さない方
✔ 同じ作業を安定して続けられる方

──────────────
《◆応募について◆》
✔ 資格・経験の条件はありません
✔ 給与・勤務時間・シフト・待遇はご応募後にお伝えします
✔ 質問だけのご連絡も受け付けています"
広島県広島市中区,検品・梱包作業,八丁堀,広島県広島市中区八丁堀,難しい操作なし◇検品・箱詰め・仕分けの作業員！,手順あり｜梱包・ラベル貼り担当｜八丁堀駅エリア,"┏━━━━━━━━━━━━━━━┓
＼広島県広島市中区エリアで新しい仲間を募集／
伝票と現物、合っているかを見る仕事です。
出荷前のチェックを担当するスタッフ募集
┗━━━━━━━━━━━━━━━┛

こんな不安はありませんか？
「数を間違えたら怒られそう」
「集中力が続くか心配」

数量はリストと二重に確認する流れです。ひとりで抱え込む仕組みではありません。

──────────────
【◆作業の流れ◆】
■ 検品する
品番が伝票と一致しているかを、ひとつずつ見ます。
■ 記録する
確認した数を用紙に書き入れます。
■ 梱包する
商品のサイズに合った箱を選んで詰めます。
■ 仕分ける
配送先ごとにまとめて、決められた棚に置きます。

──────────────
【◆未経験の方へ◆】
✔ 手順書を見ながら進められます
✔ 検品・梱包・ラベル貼りを順に覚えます
✔ 商品は片手で持てるものが中心です
✔ 質問しやすい距離に担当者がいます

──────────────
【◆勤務地◆】

広島県広島市中区八丁堀
最寄り駅：八丁堀駅

給与や勤務時間、シフトの組み方は、
ご応募いただいた後にお伝えします。
まずは応募フォームからご連絡ください。","《◆はじめやすいポイント◆》

✅ ① 初日は先輩と一緒
工程をひとつずつ確認しながら覚えます。

✅ ② 覚える品番は担当分だけ
全商品を暗記する必要はありません。

✅ ③ 速さより正確さ
急かされるより、確実に進めることを大切にしています。

──────────────
《◆向いている方◆》
✔ 人と話すより手を動かしたい方
✔ 細かい違いを見逃さない方
✔ 同じ作業を安定して続けられる方

──────────────
《◆応募について◆》
✔ 資格・経験の条件はありません
✔ 給与・勤務時間・シフト・待遇はご応募後にお伝えします
✔ 質問だけのご連絡も受け付けています"
広島県広島市安佐南区,検品・梱包作業,下祗園,広島県広島市安佐南区祇園,ひとつずつ丁寧に◇検品・箱詰め・仕分けの作業員☆,接客なし｜梱包・ラベル貼り担当｜下祗園駅エリア,"┏━━━━━━━━━━━━━━━┓
＼広島県広島市安佐南区エリアで新しい仲間を募集／
今日やることは、作業に入る前に決まっています。
検品・梱包の軽作業スタッフ募集
┗━━━━━━━━━━━━━━━┛

こんな不安はありませんか？
「数を間違えたら怒られそう」
「集中力が続くか心配」

数量はリストと二重に確認する流れです。ひとりで抱え込む仕組みではありません。

──────────────
【◆作業の流れ◆】
■ 検品する
品番が伝票と一致しているかを、ひとつずつ見ます。
■ 記録する
確認した数を用紙に書き入れます。
■ 梱包する
商品のサイズに合った箱を選んで詰めます。
■ 仕分ける
配送先ごとにまとめて、決められた棚に置きます。

──────────────
【◆未経験の方へ◆】
✔ 覚える品番は担当分だけです
✔ 速さより正確さを大切にしています
✔ 会話は最小限で作業に集中できます
✔ 倉庫の仕事がはじめての方も多い工程です

──────────────
【◆勤務地◆】

広島県広島市安佐南区祇園
最寄り駅：下祗園駅

給与や勤務時間、シフトの組み方は、
ご応募いただいた後にお伝えします。
まずは応募フォームからご連絡ください。","《◆一日の過ごし方◆》

✅ ① 初日は先輩と一緒
工程をひとつずつ確認しながら覚えます。

✅ ② 覚える品番は担当分だけ
全商品を暗記する必要はありません。

✅ ③ 速さより正確さ
急かされるより、確実に進めることを大切にしています。

──────────────
《◆向いている方◆》
✔ 人と話すより手を動かしたい方
✔ 細かい違いを見逃さない方
✔ 同じ作業を安定して続けられる方

──────────────
《◆応募について◆》
✔ 資格・経験の条件はありません
✔ 給与・勤務時間・シフト・待遇はご応募後にお伝えします
✔ 質問だけのご連絡も受け付けています"
広島県三原市,検品・梱包作業,三原,広島県三原市城町,腰を据えて長く◇検品・箱詰め・仕分けの作業員✨,コツコツ派に｜梱包・ラベル貼り担当｜三原駅エリア,"┏━━━━━━━━━━━━━━━┓
＼広島県三原市エリアで新しい仲間を募集／
包んで、詰めて、貼る。この 3 つが基本です。
倉庫内の梱包スタッフを募集します
┗━━━━━━━━━━━━━━━┛

こんな不安はありませんか？
「数を間違えたら怒られそう」
「集中力が続くか心配」

数量はリストと二重に確認する流れです。ひとりで抱え込む仕組みではありません。

──────────────
【◆作業の流れ◆】
■ 検品する
品番が伝票と一致しているかを、ひとつずつ見ます。
■ 記録する
確認した数を用紙に書き入れます。
■ 梱包する
商品のサイズに合った箱を選んで詰めます。
■ 仕分ける
配送先ごとにまとめて、決められた棚に置きます。

──────────────
【◆未経験の方へ◆】
✔ 覚える品番は担当分だけです
✔ 速さより正確さを大切にしています
✔ 会話は最小限で作業に集中できます
✔ 倉庫の仕事がはじめての方も多い工程です

──────────────
【◆勤務地◆】

広島県三原市城町
最寄り駅：三原駅

給与や勤務時間、シフトの組み方は、
ご応募いただいた後にお伝えします。
まずは応募フォームからご連絡ください。","《◆作業のこだわり◆》

✅ ① 初日は先輩と一緒
工程をひとつずつ確認しながら覚えます。

✅ ② 覚える品番は担当分だけ
全商品を暗記する必要はありません。

✅ ③ 速さより正確さ
急かされるより、確実に進めることを大切にしています。

──────────────
《◆向いている方◆》
✔ 人と話すより手を動かしたい方
✔ 細かい違いを見逃さない方
✔ 同じ作業を安定して続けられる方

──────────────
《◆応募について◆》
✔ 資格・経験の条件はありません
✔ 給与・勤務時間・シフト・待遇はご応募後にお伝えします
✔ 質問だけのご連絡も受け付けています"
広島県尾道市,検品・梱包作業,尾道,広島県尾道市東御所町,手元に集中◇商品を包んで箱に入れる作業♪,はじめてでも｜出荷前の検品・梱包｜尾道駅エリア,"┏━━━━━━━━━━━━━━━┓
＼広島県尾道市エリアで新しい仲間を募集／
手元の商品に集中できる環境です。
検品と箱詰めを担当する方を募集
┗━━━━━━━━━━━━━━━┛

こんな不安はありませんか？
「数を間違えたら怒られそう」
「集中力が続くか心配」

数量はリストと二重に確認する流れです。ひとりで抱え込む仕組みではありません。

──────────────
【◆作業の流れ◆】
■ 検品する
品番が伝票と一致しているかを、ひとつずつ見ます。
■ 記録する
確認した数を用紙に書き入れます。
■ 梱包する
商品のサイズに合った箱を選んで詰めます。
■ 仕分ける
配送先ごとにまとめて、決められた棚に置きます。

──────────────
【◆未経験の方へ◆】
✔ 初日は先輩と一緒に工程を確認します
✔ 使う道具はカッター・テープ・台車程度です
✔ 電話や来客の対応はありません
✔ 資格や経験の条件はありません

──────────────
【◆勤務地◆】

広島県尾道市東御所町
最寄り駅：尾道駅

給与や勤務時間、シフトの組み方は、
ご応募いただいた後にお伝えします。
少しでも気になったら、ご応募ください。","《◆長く続けられる理由◆》

✅ ① 初日は先輩と一緒
工程をひとつずつ確認しながら覚えます。

✅ ② 覚える品番は担当分だけ
全商品を暗記する必要はありません。

✅ ③ 速さより正確さ
急かされるより、確実に進めることを大切にしています。

──────────────
《◆向いている方◆》
✔ 人と話すより手を動かしたい方
✔ 細かい違いを見逃さない方
✔ 同じ作業を安定して続けられる方

──────────────
《◆応募について◆》
✔ 資格・経験の条件はありません
✔ 給与・勤務時間・シフト・待遇はご応募後にお伝えします
✔ 質問だけのご連絡も受け付けています"
広島県広島市西区,検品・梱包作業,広電西広島,広島県広島市西区己斐本町,数えて、詰めて、貼る◇商品を包んで箱に入れる作業◎,経験なしから｜出荷前の検品・梱包｜広電西広島駅エリア,"┏━━━━━━━━━━━━━━━┓
＼広島県広島市西区エリアで新しい仲間を募集／
倉庫の仕事が、はじめての方へ。
検品・梱包・ラベル貼りの募集です
┗━━━━━━━━━━━━━━━┛

こんな不安はありませんか？
「数を間違えたら怒られそう」
「集中力が続くか心配」

数量はリストと二重に確認する流れです。ひとりで抱え込む仕組みではありません。

──────────────
【◆作業の流れ◆】
■ 検品する
品番が伝票と一致しているかを、ひとつずつ見ます。
■ 記録する
確認した数を用紙に書き入れます。
■ 梱包する
商品のサイズに合った箱を選んで詰めます。
■ 仕分ける
配送先ごとにまとめて、決められた棚に置きます。

──────────────
【◆未経験の方へ◆】
✔ 初日は先輩と一緒に工程を確認します
✔ 使う道具はカッター・テープ・台車程度です
✔ 電話や来客の対応はありません
✔ 資格や経験の条件はありません

──────────────
【◆勤務地◆】

広島県広島市西区己斐本町
最寄り駅：広電西広島駅

給与や勤務時間、シフトの組み方は、
ご応募いただいた後にお伝えします。
少しでも気になったら、ご応募ください。","《◆こんな環境です◆》

✅ ① 初日は先輩と一緒
工程をひとつずつ確認しながら覚えます。

✅ ② 覚える品番は担当分だけ
全商品を暗記する必要はありません。

✅ ③ 速さより正確さ
急かされるより、確実に進めることを大切にしています。

──────────────
《◆向いている方◆》
✔ 人と話すより手を動かしたい方
✔ 細かい違いを見逃さない方
✔ 同じ作業を安定して続けられる方

──────────────
《◆応募について◆》
✔ 資格・経験の条件はありません
✔ 給与・勤務時間・シフト・待遇はご応募後にお伝えします
✔ 質問だけのご連絡も受け付けています"
広島県東広島市,検品・梱包作業,西高屋,広島県東広島市高屋町中島,決まった順番で◇商品を包んで箱に入れる作業！,手順あり｜出荷前の検品・梱包｜西高屋駅エリア,"┏━━━━━━━━━━━━━━━┓
＼広島県東広島市エリアで新しい仲間を募集／
箱を開けて、数を数えて、また閉じる。
倉庫の検品・梱包スタッフを募集します
┗━━━━━━━━━━━━━━━┛

こんな不安はありませんか？
「体力に自信がない」
「腰に負担がかかりそう」

運ぶのは箱に入る程度の商品です。台車を使う場面もあります。

──────────────
【◆作業の流れ◆】
■ 検品する
品番が伝票と一致しているかを、ひとつずつ見ます。
■ 記録する
確認した数を用紙に書き入れます。
■ 梱包する
商品のサイズに合った箱を選んで詰めます。
■ 仕分ける
配送先ごとにまとめて、決められた棚に置きます。

──────────────
【◆未経験の方へ◆】
✔ 数量はリストで二重に確認します
✔ 品番の読み方から説明します
✔ 分からないときは手を止めて聞けます
✔ 慣れるまでは同じ工程を続けられます

──────────────
【◆勤務地◆】

広島県東広島市高屋町中島
最寄り駅：西高屋駅

給与や勤務時間、シフトの組み方は、
ご応募いただいた後にお伝えします。
少しでも気になったら、ご応募ください。","《◆この仕事の特徴◆》

✅ ① 手順書がそばにあります
迷ったときに見返せる資料があります。

✅ ② 商品は片手で持てるものが中心
重い荷物を抱えて歩く場面は多くありません。

✅ ③ 担当が日によって変わることも
検品・梱包・ラベル貼りを順に経験できます。

──────────────
《◆向いている方◆》
✔ 人と話すより手を動かしたい方
✔ 細かい違いを見逃さない方
✔ 同じ作業を安定して続けられる方

──────────────
《◆応募について◆》
✔ 資格・経験の条件はありません
✔ 給与・勤務時間・シフト・待遇はご応募後にお伝えします
✔ 質問だけのご連絡も受け付けています"
広島県廿日市,検品・梱包作業,宮内串戸,広島県廿日市市串戸,はじめてでも大丈夫◇商品を包んで箱に入れる作業☆,接客なし｜出荷前の検品・梱包｜宮内串戸駅エリア,"┏━━━━━━━━━━━━━━━┓
＼広島県廿日市エリアで新しい仲間を募集／
伝票と現物、合っているかを見る仕事です。
出荷前のチェックを担当するスタッフ募集
┗━━━━━━━━━━━━━━━┛

こんな不安はありませんか？
「体力に自信がない」
「腰に負担がかかりそう」

運ぶのは箱に入る程度の商品です。台車を使う場面もあります。

──────────────
【◆作業の流れ◆】
■ 検品する
品番が伝票と一致しているかを、ひとつずつ見ます。
■ 記録する
確認した数を用紙に書き入れます。
■ 梱包する
商品のサイズに合った箱を選んで詰めます。
■ 仕分ける
配送先ごとにまとめて、決められた棚に置きます。

──────────────
【◆未経験の方へ◆】
✔ 数量はリストで二重に確認します
✔ 品番の読み方から説明します
✔ 分からないときは手を止めて聞けます
✔ 慣れるまでは同じ工程を続けられます

──────────────
【◆勤務地◆】

広島県廿日市市串戸
最寄り駅：宮内串戸駅

給与や勤務時間、シフトの組み方は、
ご応募いただいた後にお伝えします。
少しでも気になったら、ご応募ください。","《◆はじめやすいポイント◆》

✅ ① 手順書がそばにあります
迷ったときに見返せる資料があります。

✅ ② 商品は片手で持てるものが中心
重い荷物を抱えて歩く場面は多くありません。

✅ ③ 担当が日によって変わることも
検品・梱包・ラベル貼りを順に経験できます。

──────────────
《◆向いている方◆》
✔ 人と話すより手を動かしたい方
✔ 細かい違いを見逃さない方
✔ 同じ作業を安定して続けられる方

──────────────
《◆応募について◆》
✔ 資格・経験の条件はありません
✔ 給与・勤務時間・シフト・待遇はご応募後にお伝えします
✔ 質問だけのご連絡も受け付けています"
広島県福山市,検品・梱包作業,松永,広島県福山市松永町,静かに働ける◇商品を包んで箱に入れる作業✨,コツコツ派に｜出荷前の検品・梱包｜松永駅エリア,"┏━━━━━━━━━━━━━━━┓
＼広島県福山市エリアで新しい仲間を募集／
今日やることは、作業に入る前に決まっています。
検品・梱包の軽作業スタッフ募集
┗━━━━━━━━━━━━━━━┛

こんな不安はありませんか？
「体力に自信がない」
「腰に負担がかかりそう」

運ぶのは箱に入る程度の商品です。台車を使う場面もあります。

──────────────
【◆作業の流れ◆】
■ 検品する
品番が伝票と一致しているかを、ひとつずつ見ます。
■ 記録する
確認した数を用紙に書き入れます。
■ 梱包する
商品のサイズに合った箱を選んで詰めます。
■ 仕分ける
配送先ごとにまとめて、決められた棚に置きます。

──────────────
【◆未経験の方へ◆】
✔ 作業は作業台のまわりで完結します
✔ 運ぶのは箱に入る程度の商品です
✔ 担当工程は日によって変わることがあります
✔ 経験の有無で担当を分けることはありません

──────────────
【◆勤務地◆】

広島県福山市松永町
最寄り駅：松永駅

給与や勤務時間、シフトの組み方は、
ご応募いただいた後にお伝えします。
少しでも気になったら、ご応募ください。","《◆一日の過ごし方◆》

✅ ① 手順書がそばにあります
迷ったときに見返せる資料があります。

✅ ② 商品は片手で持てるものが中心
重い荷物を抱えて歩く場面は多くありません。

✅ ③ 担当が日によって変わることも
検品・梱包・ラベル貼りを順に経験できます。

──────────────
《◆向いている方◆》
✔ 人と話すより手を動かしたい方
✔ 細かい違いを見逃さない方
✔ 同じ作業を安定して続けられる方

──────────────
《◆応募について◆》
✔ 資格・経験の条件はありません
✔ 給与・勤務時間・シフト・待遇はご応募後にお伝えします
✔ 質問だけのご連絡も受け付けています"
広島県福山市,検品・梱包作業,東福山,広島県福山市引野町,1日の流れがシンプル◇商品を包んで箱に入れる作業♪,はじめてでも｜検品・梱包の軽作業｜東福山駅エリア,"┏━━━━━━━━━━━━━━━┓
＼広島県福山市エリアで新しい仲間を募集／
包んで、詰めて、貼る。この 3 つが基本です。
倉庫内の梱包スタッフを募集します
┗━━━━━━━━━━━━━━━┛

こんな不安はありませんか？
「体力に自信がない」
「腰に負担がかかりそう」

運ぶのは箱に入る程度の商品です。台車を使う場面もあります。

──────────────
【◆作業の流れ◆】
■ 検品する
品番が伝票と一致しているかを、ひとつずつ見ます。
■ 記録する
確認した数を用紙に書き入れます。
■ 梱包する
商品のサイズに合った箱を選んで詰めます。
■ 仕分ける
配送先ごとにまとめて、決められた棚に置きます。

──────────────
【◆未経験の方へ◆】
✔ 作業は作業台のまわりで完結します
✔ 運ぶのは箱に入る程度の商品です
✔ 担当工程は日によって変わることがあります
✔ 経験の有無で担当を分けることはありません

──────────────
【◆勤務地◆】

広島県福山市引野町
最寄り駅：東福山駅

給与や勤務時間、シフトの組み方は、
ご応募いただいた後にお伝えします。
少しでも気になったら、ご応募ください。","《◆作業のこだわり◆》

✅ ① 手順書がそばにあります
迷ったときに見返せる資料があります。

✅ ② 商品は片手で持てるものが中心
重い荷物を抱えて歩く場面は多くありません。

✅ ③ 担当が日によって変わることも
検品・梱包・ラベル貼りを順に経験できます。

──────────────
《◆向いている方◆》
✔ 人と話すより手を動かしたい方
✔ 細かい違いを見逃さない方
✔ 同じ作業を安定して続けられる方

──────────────
《◆応募について◆》
✔ 資格・経験の条件はありません
✔ 給与・勤務時間・シフト・待遇はご応募後にお伝えします
✔ 質問だけのご連絡も受け付けています"
広島県広島市安佐南区,検品・梱包作業,安東,広島県広島市安佐南区安東,身近な駅で◇商品を包んで箱に入れる作業◎,経験なしから｜検品・梱包の軽作業｜安東駅エリア,"┏━━━━━━━━━━━━━━━┓
＼広島県広島市安佐南区エリアで新しい仲間を募集／
手元の商品に集中できる環境です。
検品と箱詰めを担当する方を募集
┗━━━━━━━━━━━━━━━┛

こんな不安はありませんか？
「体力に自信がない」
「腰に負担がかかりそう」

運ぶのは箱に入る程度の商品です。台車を使う場面もあります。

──────────────
【◆作業の流れ◆】
■ 検品する
品番が伝票と一致しているかを、ひとつずつ見ます。
■ 記録する
確認した数を用紙に書き入れます。
■ 梱包する
商品のサイズに合った箱を選んで詰めます。
■ 仕分ける
配送先ごとにまとめて、決められた棚に置きます。

──────────────
【◆未経験の方へ◆】
✔ 手順書を見ながら進められます
✔ 検品・梱包・ラベル貼りを順に覚えます
✔ 商品は片手で持てるものが中心です
✔ 質問しやすい距離に担当者がいます

──────────────
【◆勤務地◆】

広島県広島市安佐南区安東
最寄り駅：安東駅

給与や勤務時間、シフトの組み方は、
ご応募いただいた後にお伝えします。
少しでも気になったら、ご応募ください。","《◆長く続けられる理由◆》

✅ ① 手順書がそばにあります
迷ったときに見返せる資料があります。

✅ ② 商品は片手で持てるものが中心
重い荷物を抱えて歩く場面は多くありません。

✅ ③ 担当が日によって変わることも
検品・梱包・ラベル貼りを順に経験できます。

──────────────
《◆向いている方◆》
✔ 人と話すより手を動かしたい方
✔ 細かい違いを見逃さない方
✔ 同じ作業を安定して続けられる方

──────────────
《◆応募について◆》
✔ 資格・経験の条件はありません
✔ 給与・勤務時間・シフト・待遇はご応募後にお伝えします
✔ 質問だけのご連絡も受け付けています"
広島県広島市安佐南区,検品・梱包作業,中筋,広島県広島市安佐南区中筋,難しい操作なし◇商品を包んで箱に入れる作業！,手順あり｜検品・梱包の軽作業｜中筋駅エリア,"┏━━━━━━━━━━━━━━━┓
＼広島県広島市安佐南区エリアで新しい仲間を募集／
倉庫の仕事が、はじめての方へ。
検品・梱包・ラベル貼りの募集です
┗━━━━━━━━━━━━━━━┛

こんな不安はありませんか？
「体力に自信がない」
「腰に負担がかかりそう」

運ぶのは箱に入る程度の商品です。台車を使う場面もあります。

──────────────
【◆作業の流れ◆】
■ 検品する
品番が伝票と一致しているかを、ひとつずつ見ます。
■ 記録する
確認した数を用紙に書き入れます。
■ 梱包する
商品のサイズに合った箱を選んで詰めます。
■ 仕分ける
配送先ごとにまとめて、決められた棚に置きます。

──────────────
【◆未経験の方へ◆】
✔ 手順書を見ながら進められます
✔ 検品・梱包・ラベル貼りを順に覚えます
✔ 商品は片手で持てるものが中心です
✔ 質問しやすい距離に担当者がいます

──────────────
【◆勤務地◆】

広島県広島市安佐南区中筋
最寄り駅：中筋駅

給与や勤務時間、シフトの組み方は、
ご応募いただいた後にお伝えします。
質問だけでも、ご連絡ください。","《◆こんな環境です◆》

✅ ① 手順書がそばにあります
迷ったときに見返せる資料があります。

✅ ② 商品は片手で持てるものが中心
重い荷物を抱えて歩く場面は多くありません。

✅ ③ 担当が日によって変わることも
検品・梱包・ラベル貼りを順に経験できます。

──────────────
《◆向いている方◆》
✔ 人と話すより手を動かしたい方
✔ 細かい違いを見逃さない方
✔ 同じ作業を安定して続けられる方

──────────────
《◆応募について◆》
✔ 資格・経験の条件はありません
✔ 給与・勤務時間・シフト・待遇はご応募後にお伝えします
✔ 質問だけのご連絡も受け付けています"
広島県廿日市,検品・梱包作業,宮島口,広島県廿日市市宮島口,ひとつずつ丁寧に◇商品を包んで箱に入れる作業☆,接客なし｜検品・梱包の軽作業｜宮島口駅エリア,"┏━━━━━━━━━━━━━━━┓
＼広島県廿日市エリアで新しい仲間を募集／
箱を開けて、数を数えて、また閉じる。
倉庫の検品・梱包スタッフを募集します
┗━━━━━━━━━━━━━━━┛

こんな不安はありませんか？
「未経験だと、何から覚えればいいのか」
「教えてくれる人はいるのか」

初日は先輩と一緒に工程を確認します。ひとりで判断する場面は少なめです。

──────────────
【◆作業の流れ◆】
■ 検品する
品番が伝票と一致しているかを、ひとつずつ見ます。
■ 記録する
確認した数を用紙に書き入れます。
■ 梱包する
商品のサイズに合った箱を選んで詰めます。
■ 仕分ける
配送先ごとにまとめて、決められた棚に置きます。

──────────────
【◆未経験の方へ◆】
✔ 覚える品番は担当分だけです
✔ 速さより正確さを大切にしています
✔ 会話は最小限で作業に集中できます
✔ 倉庫の仕事がはじめての方も多い工程です

──────────────
【◆勤務地◆】

広島県廿日市市宮島口
最寄り駅：宮島口駅

給与や勤務時間、シフトの組み方は、
ご応募いただいた後にお伝えします。
質問だけでも、ご連絡ください。","《◆この仕事の特徴◆》

✅ ① 作業台のまわりで完結
倉庫内を移動し続ける仕事ではありません。

✅ ② 会話は最小限
集中して手を動かしたい方に合っています。

✅ ③ 質問しやすい距離に担当者
手を止めて聞ける環境です。

──────────────
《◆向いている方◆》
✔ 人と話すより手を動かしたい方
✔ 細かい違いを見逃さない方
✔ 同じ作業を安定して続けられる方

──────────────
《◆応募について◆》
✔ 資格・経験の条件はありません
✔ 給与・勤務時間・シフト・待遇はご応募後にお伝えします
✔ 質問だけのご連絡も受け付けています"
広島県廿日市,検品・梱包作業,廿日市,広島県廿日市市駅前,腰を据えて長く◇商品を包んで箱に入れる作業✨,コツコツ派に｜検品・梱包の軽作業｜廿日市駅エリア,"┏━━━━━━━━━━━━━━━┓
＼広島県廿日市エリアで新しい仲間を募集／
伝票と現物、合っているかを見る仕事です。
出荷前のチェックを担当するスタッフ募集
┗━━━━━━━━━━━━━━━┛

こんな不安はありませんか？
「未経験だと、何から覚えればいいのか」
「教えてくれる人はいるのか」

初日は先輩と一緒に工程を確認します。ひとりで判断する場面は少なめです。

──────────────
【◆作業の流れ◆】
■ 検品する
品番が伝票と一致しているかを、ひとつずつ見ます。
■ 記録する
確認した数を用紙に書き入れます。
■ 梱包する
商品のサイズに合った箱を選んで詰めます。
■ 仕分ける
配送先ごとにまとめて、決められた棚に置きます。

──────────────
【◆未経験の方へ◆】
✔ 覚える品番は担当分だけです
✔ 速さより正確さを大切にしています
✔ 会話は最小限で作業に集中できます
✔ 倉庫の仕事がはじめての方も多い工程です

──────────────
【◆勤務地◆】

広島県廿日市市駅前
最寄り駅：廿日市駅

給与や勤務時間、シフトの組み方は、
ご応募いただいた後にお伝えします。
質問だけでも、ご連絡ください。","《◆はじめやすいポイント◆》

✅ ① 作業台のまわりで完結
倉庫内を移動し続ける仕事ではありません。

✅ ② 会話は最小限
集中して手を動かしたい方に合っています。

✅ ③ 質問しやすい距離に担当者
手を止めて聞ける環境です。

──────────────
《◆向いている方◆》
✔ 人と話すより手を動かしたい方
✔ 細かい違いを見逃さない方
✔ 同じ作業を安定して続けられる方

──────────────
《◆応募について◆》
✔ 資格・経験の条件はありません
✔ 給与・勤務時間・シフト・待遇はご応募後にお伝えします
✔ 質問だけのご連絡も受け付けています"
広島県広島市安佐南区,検品・梱包作業,西原,広島県広島市安佐南区西原,手元に集中◇伝票と現物を合わせる検品♪,はじめてでも｜倉庫内の箱詰め・検品｜西原駅エリア,"┏━━━━━━━━━━━━━━━┓
＼広島県広島市安佐南区エリアで新しい仲間を募集／
今日やることは、作業に入る前に決まっています。
検品・梱包の軽作業スタッフ募集
┗━━━━━━━━━━━━━━━┛

こんな不安はありませんか？
「未経験だと、何から覚えればいいのか」
「教えてくれる人はいるのか」

初日は先輩と一緒に工程を確認します。ひとりで判断する場面は少なめです。

──────────────
【◆作業の流れ◆】
■ 検品する
品番が伝票と一致しているかを、ひとつずつ見ます。
■ 記録する
確認した数を用紙に書き入れます。
■ 梱包する
商品のサイズに合った箱を選んで詰めます。
■ 仕分ける
配送先ごとにまとめて、決められた棚に置きます。

──────────────
【◆未経験の方へ◆】
✔ 初日は先輩と一緒に工程を確認します
✔ 使う道具はカッター・テープ・台車程度です
✔ 電話や来客の対応はありません
✔ 資格や経験の条件はありません

──────────────
【◆勤務地◆】

広島県広島市安佐南区西原
最寄り駅：西原駅

給与や勤務時間、シフトの組み方は、
ご応募いただいた後にお伝えします。
質問だけでも、ご連絡ください。","《◆一日の過ごし方◆》

✅ ① 作業台のまわりで完結
倉庫内を移動し続ける仕事ではありません。

✅ ② 会話は最小限
集中して手を動かしたい方に合っています。

✅ ③ 質問しやすい距離に担当者
手を止めて聞ける環境です。

──────────────
《◆向いている方◆》
✔ 人と話すより手を動かしたい方
✔ 細かい違いを見逃さない方
✔ 同じ作業を安定して続けられる方

──────────────
《◆応募について◆》
✔ 資格・経験の条件はありません
✔ 給与・勤務時間・シフト・待遇はご応募後にお伝えします
✔ 質問だけのご連絡も受け付けています"
広島県広島市安芸区,検品・梱包作業,瀬野,広島県広島市安芸区瀬野,数えて、詰めて、貼る◇伝票と現物を合わせる検品◎,経験なしから｜倉庫内の箱詰め・検品｜瀬野駅エリア,"┏━━━━━━━━━━━━━━━┓
＼広島県広島市安芸区エリアで新しい仲間を募集／
包んで、詰めて、貼る。この 3 つが基本です。
倉庫内の梱包スタッフを募集します
┗━━━━━━━━━━━━━━━┛

こんな不安はありませんか？
「未経験だと、何から覚えればいいのか」
「教えてくれる人はいるのか」

初日は先輩と一緒に工程を確認します。ひとりで判断する場面は少なめです。

──────────────
【◆作業の流れ◆】
■ 検品する
品番が伝票と一致しているかを、ひとつずつ見ます。
■ 記録する
確認した数を用紙に書き入れます。
■ 梱包する
商品のサイズに合った箱を選んで詰めます。
■ 仕分ける
配送先ごとにまとめて、決められた棚に置きます。

──────────────
【◆未経験の方へ◆】
✔ 初日は先輩と一緒に工程を確認します
✔ 使う道具はカッター・テープ・台車程度です
✔ 電話や来客の対応はありません
✔ 資格や経験の条件はありません

──────────────
【◆勤務地◆】

広島県広島市安芸区瀬野
最寄り駅：瀬野駅

給与や勤務時間、シフトの組み方は、
ご応募いただいた後にお伝えします。
質問だけでも、ご連絡ください。","《◆作業のこだわり◆》

✅ ① 作業台のまわりで完結
倉庫内を移動し続ける仕事ではありません。

✅ ② 会話は最小限
集中して手を動かしたい方に合っています。

✅ ③ 質問しやすい距離に担当者
手を止めて聞ける環境です。

──────────────
《◆向いている方◆》
✔ 人と話すより手を動かしたい方
✔ 細かい違いを見逃さない方
✔ 同じ作業を安定して続けられる方

──────────────
《◆応募について◆》
✔ 資格・経験の条件はありません
✔ 給与・勤務時間・シフト・待遇はご応募後にお伝えします
✔ 質問だけのご連絡も受け付けています"
広島県東広島市,検品・梱包作業,八本松,広島県東広島市八本松町飯田,決まった順番で◇伝票と現物を合わせる検品！,手順あり｜倉庫内の箱詰め・検品｜八本松駅エリア,"┏━━━━━━━━━━━━━━━┓
＼広島県東広島市エリアで新しい仲間を募集／
手元の商品に集中できる環境です。
検品と箱詰めを担当する方を募集
┗━━━━━━━━━━━━━━━┛

こんな不安はありませんか？
「未経験だと、何から覚えればいいのか」
「教えてくれる人はいるのか」

初日は先輩と一緒に工程を確認します。ひとりで判断する場面は少なめです。

──────────────
【◆作業の流れ◆】
■ 検品する
品番が伝票と一致しているかを、ひとつずつ見ます。
■ 記録する
確認した数を用紙に書き入れます。
■ 梱包する
商品のサイズに合った箱を選んで詰めます。
■ 仕分ける
配送先ごとにまとめて、決められた棚に置きます。

──────────────
【◆未経験の方へ◆】
✔ 数量はリストで二重に確認します
✔ 品番の読み方から説明します
✔ 分からないときは手を止めて聞けます
✔ 慣れるまでは同じ工程を続けられます

──────────────
【◆勤務地◆】

広島県東広島市八本松町飯田
最寄り駅：八本松駅

給与や勤務時間、シフトの組み方は、
ご応募いただいた後にお伝えします。
質問だけでも、ご連絡ください。","《◆長く続けられる理由◆》

✅ ① 作業台のまわりで完結
倉庫内を移動し続ける仕事ではありません。

✅ ② 会話は最小限
集中して手を動かしたい方に合っています。

✅ ③ 質問しやすい距離に担当者
手を止めて聞ける環境です。

──────────────
《◆向いている方◆》
✔ 人と話すより手を動かしたい方
✔ 細かい違いを見逃さない方
✔ 同じ作業を安定して続けられる方

──────────────
《◆応募について◆》
✔ 資格・経験の条件はありません
✔ 給与・勤務時間・シフト・待遇はご応募後にお伝えします
✔ 質問だけのご連絡も受け付けています"
広島県広島市中区,検品・梱包作業,土橋,広島県広島市中区堺町,はじめてでも大丈夫◇伝票と現物を合わせる検品☆,接客なし｜倉庫内の箱詰め・検品｜土橋駅エリア,"┏━━━━━━━━━━━━━━━┓
＼広島県広島市中区エリアで新しい仲間を募集／
倉庫の仕事が、はじめての方へ。
検品・梱包・ラベル貼りの募集です
┗━━━━━━━━━━━━━━━┛

こんな不安はありませんか？
「未経験だと、何から覚えればいいのか」
「教えてくれる人はいるのか」

初日は先輩と一緒に工程を確認します。ひとりで判断する場面は少なめです。

──────────────
【◆作業の流れ◆】
■ 検品する
品番が伝票と一致しているかを、ひとつずつ見ます。
■ 記録する
確認した数を用紙に書き入れます。
■ 梱包する
商品のサイズに合った箱を選んで詰めます。
■ 仕分ける
配送先ごとにまとめて、決められた棚に置きます。

──────────────
【◆未経験の方へ◆】
✔ 数量はリストで二重に確認します
✔ 品番の読み方から説明します
✔ 分からないときは手を止めて聞けます
✔ 慣れるまでは同じ工程を続けられます

──────────────
【◆勤務地◆】

広島県広島市中区堺町
最寄り駅：土橋駅

給与や勤務時間、シフトの組み方は、
ご応募いただいた後にお伝えします。
質問だけでも、ご連絡ください。","《◆こんな環境です◆》

✅ ① 作業台のまわりで完結
倉庫内を移動し続ける仕事ではありません。

✅ ② 会話は最小限
集中して手を動かしたい方に合っています。

✅ ③ 質問しやすい距離に担当者
手を止めて聞ける環境です。

──────────────
《◆向いている方◆》
✔ 人と話すより手を動かしたい方
✔ 細かい違いを見逃さない方
✔ 同じ作業を安定して続けられる方

──────────────
《◆応募について◆》
✔ 資格・経験の条件はありません
✔ 給与・勤務時間・シフト・待遇はご応募後にお伝えします
✔ 質問だけのご連絡も受け付けています"
広島県広島市中区,検品・梱包作業,紙屋町東,広島県広島市中区基町,静かに働ける◇伝票と現物を合わせる検品✨,コツコツ派に｜倉庫内の箱詰め・検品｜紙屋町東駅エリア,"┏━━━━━━━━━━━━━━━┓
＼広島県広島市中区エリアで新しい仲間を募集／
箱を開けて、数を数えて、また閉じる。
倉庫の検品・梱包スタッフを募集します
┗━━━━━━━━━━━━━━━┛

こんな不安はありませんか？
「単純作業は飽きそう」
「同じことの繰り返しは苦手かも」

検品・梱包・ラベル貼りと、日によって担当が変わることがあります。

──────────────
【◆作業の流れ◆】
■ 検品する
品番が伝票と一致しているかを、ひとつずつ見ます。
■ 記録する
確認した数を用紙に書き入れます。
■ 梱包する
商品のサイズに合った箱を選んで詰めます。
■ 仕分ける
配送先ごとにまとめて、決められた棚に置きます。

──────────────
【◆未経験の方へ◆】
✔ 作業は作業台のまわりで完結します
✔ 運ぶのは箱に入る程度の商品です
✔ 担当工程は日によって変わることがあります
✔ 経験の有無で担当を分けることはありません

──────────────
【◆勤務地◆】

広島県広島市中区基町
最寄り駅：紙屋町東駅

給与や勤務時間、シフトの組み方は、
ご応募いただいた後にお伝えします。
応募の前に確認したいことがあれば、お問い合わせください。","《◆この仕事の特徴◆》

✅ ① 倉庫がはじめての方が多い工程
入口の仕事として選ばれています。

✅ ② 資格・経験の条件なし
検品も梱包も、手順どおりに進める作業です。

✅ ③ 出荷前の最後の確認役
自分の目で確かめたものが、そのまま届け先へ向かいます。

──────────────
《◆向いている方◆》
✔ 人と話すより手を動かしたい方
✔ 細かい違いを見逃さない方
✔ 同じ作業を安定して続けられる方

──────────────
《◆応募について◆》
✔ 資格・経験の条件はありません
✔ 給与・勤務時間・シフト・待遇はご応募後にお伝えします
✔ 質問だけのご連絡も受け付けています"
広島県広島市佐伯区,検品・梱包作業,広電五日市,広島県広島市佐伯区旭園,1日の流れがシンプル◇伝票と現物を合わせる検品♪,はじめてでも｜検品と梱包スタッフ｜広電五日市駅エリア,"┏━━━━━━━━━━━━━━━┓
＼広島県広島市佐伯区エリアで新しい仲間を募集／
伝票と現物、合っているかを見る仕事です。
出荷前のチェックを担当するスタッフ募集
┗━━━━━━━━━━━━━━━┛

こんな不安はありませんか？
「単純作業は飽きそう」
「同じことの繰り返しは苦手かも」

検品・梱包・ラベル貼りと、日によって担当が変わることがあります。

──────────────
【◆作業の流れ◆】
■ 検品する
品番が伝票と一致しているかを、ひとつずつ見ます。
■ 記録する
確認した数を用紙に書き入れます。
■ 梱包する
商品のサイズに合った箱を選んで詰めます。
■ 仕分ける
配送先ごとにまとめて、決められた棚に置きます。

──────────────
【◆未経験の方へ◆】
✔ 作業は作業台のまわりで完結します
✔ 運ぶのは箱に入る程度の商品です
✔ 担当工程は日によって変わることがあります
✔ 経験の有無で担当を分けることはありません

──────────────
【◆勤務地◆】

広島県広島市佐伯区旭園
最寄り駅：広電五日市駅

給与や勤務時間、シフトの組み方は、
ご応募いただいた後にお伝えします。
応募の前に確認したいことがあれば、お問い合わせください。","《◆はじめやすいポイント◆》

✅ ① 倉庫がはじめての方が多い工程
入口の仕事として選ばれています。

✅ ② 資格・経験の条件なし
検品も梱包も、手順どおりに進める作業です。

✅ ③ 出荷前の最後の確認役
自分の目で確かめたものが、そのまま届け先へ向かいます。

──────────────
《◆向いている方◆》
✔ 人と話すより手を動かしたい方
✔ 細かい違いを見逃さない方
✔ 同じ作業を安定して続けられる方

──────────────
《◆応募について◆》
✔ 資格・経験の条件はありません
✔ 給与・勤務時間・シフト・待遇はご応募後にお伝えします
✔ 質問だけのご連絡も受け付けています"
広島県呉市,検品・梱包作業,新広,広島県呉市広古新開,身近な駅で◇伝票と現物を合わせる検品◎,経験なしから｜検品と梱包スタッフ｜新広駅エリア,"┏━━━━━━━━━━━━━━━┓
＼広島県呉市エリアで新しい仲間を募集／
今日やることは、作業に入る前に決まっています。
検品・梱包の軽作業スタッフ募集
┗━━━━━━━━━━━━━━━┛

こんな不安はありませんか？
「単純作業は飽きそう」
「同じことの繰り返しは苦手かも」

検品・梱包・ラベル貼りと、日によって担当が変わることがあります。

──────────────
【◆作業の流れ◆】
■ 検品する
品番が伝票と一致しているかを、ひとつずつ見ます。
■ 記録する
確認した数を用紙に書き入れます。
■ 梱包する
商品のサイズに合った箱を選んで詰めます。
■ 仕分ける
配送先ごとにまとめて、決められた棚に置きます。

──────────────
【◆未経験の方へ◆】
✔ 手順書を見ながら進められます
✔ 検品・梱包・ラベル貼りを順に覚えます
✔ 商品は片手で持てるものが中心です
✔ 質問しやすい距離に担当者がいます

──────────────
【◆勤務地◆】

広島県呉市広古新開
最寄り駅：新広駅

給与や勤務時間、シフトの組み方は、
ご応募いただいた後にお伝えします。
応募の前に確認したいことがあれば、お問い合わせください。","《◆一日の過ごし方◆》

✅ ① 倉庫がはじめての方が多い工程
入口の仕事として選ばれています。

✅ ② 資格・経験の条件なし
検品も梱包も、手順どおりに進める作業です。

✅ ③ 出荷前の最後の確認役
自分の目で確かめたものが、そのまま届け先へ向かいます。

──────────────
《◆向いている方◆》
✔ 人と話すより手を動かしたい方
✔ 細かい違いを見逃さない方
✔ 同じ作業を安定して続けられる方

──────────────
《◆応募について◆》
✔ 資格・経験の条件はありません
✔ 給与・勤務時間・シフト・待遇はご応募後にお伝えします
✔ 質問だけのご連絡も受け付けています"
広島県呉市,検品・梱包作業,広,広島県呉市広中町,難しい操作なし◇伝票と現物を合わせる検品！,手順あり｜検品と梱包スタッフ｜広駅エリア,"┏━━━━━━━━━━━━━━━┓
＼広島県呉市エリアで新しい仲間を募集／
包んで、詰めて、貼る。この 3 つが基本です。
倉庫内の梱包スタッフを募集します
┗━━━━━━━━━━━━━━━┛

こんな不安はありませんか？
「単純作業は飽きそう」
「同じことの繰り返しは苦手かも」

検品・梱包・ラベル貼りと、日によって担当が変わることがあります。

──────────────
【◆作業の流れ◆】
■ 検品する
品番が伝票と一致しているかを、ひとつずつ見ます。
■ 記録する
確認した数を用紙に書き入れます。
■ 梱包する
商品のサイズに合った箱を選んで詰めます。
■ 仕分ける
配送先ごとにまとめて、決められた棚に置きます。

──────────────
【◆未経験の方へ◆】
✔ 手順書を見ながら進められます
✔ 検品・梱包・ラベル貼りを順に覚えます
✔ 商品は片手で持てるものが中心です
✔ 質問しやすい距離に担当者がいます

──────────────
【◆勤務地◆】

広島県呉市広中町
最寄り駅：広駅

給与や勤務時間、シフトの組み方は、
ご応募いただいた後にお伝えします。
応募の前に確認したいことがあれば、お問い合わせください。","《◆作業のこだわり◆》

✅ ① 倉庫がはじめての方が多い工程
入口の仕事として選ばれています。

✅ ② 資格・経験の条件なし
検品も梱包も、手順どおりに進める作業です。

✅ ③ 出荷前の最後の確認役
自分の目で確かめたものが、そのまま届け先へ向かいます。

──────────────
《◆向いている方◆》
✔ 人と話すより手を動かしたい方
✔ 細かい違いを見逃さない方
✔ 同じ作業を安定して続けられる方

──────────────
《◆応募について◆》
✔ 資格・経験の条件はありません
✔ 給与・勤務時間・シフト・待遇はご応募後にお伝えします
✔ 質問だけのご連絡も受け付けています"
広島県安芸郡坂町,検品・梱包作業,坂,広島県安芸郡坂町平成ヶ浜,ひとつずつ丁寧に◇伝票と現物を合わせる検品☆,接客なし｜検品と梱包スタッフ｜坂駅エリア,"┏━━━━━━━━━━━━━━━┓
＼広島県安芸郡坂町エリアで新しい仲間を募集／
手元の商品に集中できる環境です。
検品と箱詰めを担当する方を募集
┗━━━━━━━━━━━━━━━┛

こんな不安はありませんか？
「単純作業は飽きそう」
「同じことの繰り返しは苦手かも」

検品・梱包・ラベル貼りと、日によって担当が変わることがあります。

──────────────
【◆作業の流れ◆】
■ 検品する
品番が伝票と一致しているかを、ひとつずつ見ます。
■ 記録する
確認した数を用紙に書き入れます。
■ 梱包する
商品のサイズに合った箱を選んで詰めます。
■ 仕分ける
配送先ごとにまとめて、決められた棚に置きます。

──────────────
【◆未経験の方へ◆】
✔ 覚える品番は担当分だけです
✔ 速さより正確さを大切にしています
✔ 会話は最小限で作業に集中できます
✔ 倉庫の仕事がはじめての方も多い工程です

──────────────
【◆勤務地◆】

広島県安芸郡坂町平成ヶ浜
最寄り駅：坂駅

給与や勤務時間、シフトの組み方は、
ご応募いただいた後にお伝えします。
応募の前に確認したいことがあれば、お問い合わせください。","《◆長く続けられる理由◆》

✅ ① 倉庫がはじめての方が多い工程
入口の仕事として選ばれています。

✅ ② 資格・経験の条件なし
検品も梱包も、手順どおりに進める作業です。

✅ ③ 出荷前の最後の確認役
自分の目で確かめたものが、そのまま届け先へ向かいます。

──────────────
《◆向いている方◆》
✔ 人と話すより手を動かしたい方
✔ 細かい違いを見逃さない方
✔ 同じ作業を安定して続けられる方

──────────────
《◆応募について◆》
✔ 資格・経験の条件はありません
✔ 給与・勤務時間・シフト・待遇はご応募後にお伝えします
✔ 質問だけのご連絡も受け付けています"
広島県広島市佐伯区,検品・梱包作業,楽々園,広島県広島市佐伯区楽々園,腰を据えて長く◇伝票と現物を合わせる検品✨,コツコツ派に｜検品と梱包スタッフ｜楽々園駅エリア,"┏━━━━━━━━━━━━━━━┓
＼広島県広島市佐伯区エリアで新しい仲間を募集／
倉庫の仕事が、はじめての方へ。
検品・梱包・ラベル貼りの募集です
┗━━━━━━━━━━━━━━━┛

こんな不安はありませんか？
「単純作業は飽きそう」
「同じことの繰り返しは苦手かも」

検品・梱包・ラベル貼りと、日によって担当が変わることがあります。

──────────────
【◆作業の流れ◆】
■ 検品する
品番が伝票と一致しているかを、ひとつずつ見ます。
■ 記録する
確認した数を用紙に書き入れます。
■ 梱包する
商品のサイズに合った箱を選んで詰めます。
■ 仕分ける
配送先ごとにまとめて、決められた棚に置きます。

──────────────
【◆未経験の方へ◆】
✔ 覚える品番は担当分だけです
✔ 速さより正確さを大切にしています
✔ 会話は最小限で作業に集中できます
✔ 倉庫の仕事がはじめての方も多い工程です

──────────────
【◆勤務地◆】

広島県広島市佐伯区楽々園
最寄り駅：楽々園駅

給与や勤務時間、シフトの組み方は、
ご応募いただいた後にお伝えします。
応募の前に確認したいことがあれば、お問い合わせください。","《◆こんな環境です◆》

✅ ① 倉庫がはじめての方が多い工程
入口の仕事として選ばれています。

✅ ② 資格・経験の条件なし
検品も梱包も、手順どおりに進める作業です。

✅ ③ 出荷前の最後の確認役
自分の目で確かめたものが、そのまま届け先へ向かいます。

──────────────
《◆向いている方◆》
✔ 人と話すより手を動かしたい方
✔ 細かい違いを見逃さない方
✔ 同じ作業を安定して続けられる方

──────────────
《◆応募について◆》
✔ 資格・経験の条件はありません
✔ 給与・勤務時間・シフト・待遇はご応募後にお伝えします
✔ 質問だけのご連絡も受け付けています"
広島県広島市安佐南区,検品・梱包作業,安芸長束,広島県広島市安佐南区長束,手元に集中◇梱包資材を使った箱詰め作業♪,はじめてでも｜梱包・ラベル貼り担当｜安芸長束駅エリア,"┏━━━━━━━━━━━━━━━┓
＼広島県広島市安佐南区エリアで新しい仲間を募集／
箱を開けて、数を数えて、また閉じる。
倉庫の検品・梱包スタッフを募集します
┗━━━━━━━━━━━━━━━┛

こんな不安はありませんか？
「倉庫って、広くて歩き回るイメージ」
「フォークリフトの資格がいるのでは」

担当する場所は作業台のまわりです。資格が必要な機械は使いません。

──────────────
【◆作業の流れ◆】
■ はじめに、その日の担当工程を確認します
■ 次に、数量と状態のチェック（検品）
■ その後、梱包とラベル貼り
■ 最後に、作業台を片づけて終了です

──────────────
【◆未経験の方へ◆】
✔ 初日は先輩と一緒に工程を確認します
✔ 使う道具はカッター・テープ・台車程度です
✔ 電話や来客の対応はありません
✔ 資格や経験の条件はありません

──────────────
【◆勤務地◆】

広島県広島市安佐南区長束
最寄り駅：安芸長束駅

給与や勤務時間、シフトの組み方は、
ご応募いただいた後にお伝えします。
応募の前に確認したいことがあれば、お問い合わせください。","《◆この仕事の特徴◆》

✅ ① 数量はリストと二重チェック
ひとりの目に頼らない流れなので、
間違いを見つけやすい仕組みです。

✅ ② 使う道具はシンプル
カッター・テープ・台車程度で、
機械の操作はありません。

✅ ③ 電話・来客対応なし
作業台に向かう時間がほとんどです。

──────────────
《◆向いている方◆》
✔ 通いやすい場所で働きたい方
✔ 覚える範囲がはっきりした仕事を探している方
✔ 落ち着いて作業したい方

──────────────
《◆応募について◆》
✔ 資格・経験の条件はありません
✔ 給与・勤務時間・シフト・待遇はご応募後にお伝えします
✔ 質問だけのご連絡も受け付けています"
広島県大竹市,検品・梱包作業,大竹,広島県大竹市新町,数えて、詰めて、貼る◇梱包資材を使った箱詰め作業◎,経験なしから｜梱包・ラベル貼り担当｜大竹駅エリア,"┏━━━━━━━━━━━━━━━┓
＼広島県大竹市エリアで新しい仲間を募集／
伝票と現物、合っているかを見る仕事です。
出荷前のチェックを担当するスタッフ募集
┗━━━━━━━━━━━━━━━┛

こんな不安はありませんか？
「倉庫って、広くて歩き回るイメージ」
「フォークリフトの資格がいるのでは」

担当する場所は作業台のまわりです。資格が必要な機械は使いません。

──────────────
【◆作業の流れ◆】
■ はじめに、その日の担当工程を確認します
■ 次に、数量と状態のチェック（検品）
■ その後、梱包とラベル貼り
■ 最後に、作業台を片づけて終了です

──────────────
【◆未経験の方へ◆】
✔ 初日は先輩と一緒に工程を確認します
✔ 使う道具はカッター・テープ・台車程度です
✔ 電話や来客の対応はありません
✔ 資格や経験の条件はありません

──────────────
【◆勤務地◆】

広島県大竹市新町
最寄り駅：大竹駅

給与や勤務時間、シフトの組み方は、
ご応募いただいた後にお伝えします。
ご応募をお待ちしています。","《◆はじめやすいポイント◆》

✅ ① 数量はリストと二重チェック
ひとりの目に頼らない流れなので、
間違いを見つけやすい仕組みです。

✅ ② 使う道具はシンプル
カッター・テープ・台車程度で、
機械の操作はありません。

✅ ③ 電話・来客対応なし
作業台に向かう時間がほとんどです。

──────────────
《◆向いている方◆》
✔ 通いやすい場所で働きたい方
✔ 覚える範囲がはっきりした仕事を探している方
✔ 落ち着いて作業したい方

──────────────
《◆応募について◆》
✔ 資格・経験の条件はありません
✔ 給与・勤務時間・シフト・待遇はご応募後にお伝えします
✔ 質問だけのご連絡も受け付けています"
広島県広島市安芸区,検品・梱包作業,安芸中野,広島県広島市安芸区中野,決まった順番で◇梱包資材を使った箱詰め作業！,手順あり｜梱包・ラベル貼り担当｜安芸中野駅エリア,"┏━━━━━━━━━━━━━━━┓
＼広島県広島市安芸区エリアで新しい仲間を募集／
今日やることは、作業に入る前に決まっています。
検品・梱包の軽作業スタッフ募集
┗━━━━━━━━━━━━━━━┛

こんな不安はありませんか？
「倉庫って、広くて歩き回るイメージ」
「フォークリフトの資格がいるのでは」

担当する場所は作業台のまわりです。資格が必要な機械は使いません。

──────────────
【◆作業の流れ◆】
■ はじめに、その日の担当工程を確認します
■ 次に、数量と状態のチェック（検品）
■ その後、梱包とラベル貼り
■ 最後に、作業台を片づけて終了です

──────────────
【◆未経験の方へ◆】
✔ 数量はリストで二重に確認します
✔ 品番の読み方から説明します
✔ 分からないときは手を止めて聞けます
✔ 慣れるまでは同じ工程を続けられます

──────────────
【◆勤務地◆】

広島県広島市安芸区中野
最寄り駅：安芸中野駅

給与や勤務時間、シフトの組み方は、
ご応募いただいた後にお伝えします。
ご応募をお待ちしています。","《◆一日の過ごし方◆》

✅ ① 数量はリストと二重チェック
ひとりの目に頼らない流れなので、
間違いを見つけやすい仕組みです。

✅ ② 使う道具はシンプル
カッター・テープ・台車程度で、
機械の操作はありません。

✅ ③ 電話・来客対応なし
作業台に向かう時間がほとんどです。

──────────────
《◆向いている方◆》
✔ 通いやすい場所で働きたい方
✔ 覚える範囲がはっきりした仕事を探している方
✔ 落ち着いて作業したい方

──────────────
《◆応募について◆》
✔ 資格・経験の条件はありません
✔ 給与・勤務時間・シフト・待遇はご応募後にお伝えします
✔ 質問だけのご連絡も受け付けています"
広島県廿日市,検品・梱包作業,広電宮島口,広島県廿日市市宮島口,はじめてでも大丈夫◇梱包資材を使った箱詰め作業☆,接客なし｜梱包・ラベル貼り担当｜広電宮島口駅エリア,"┏━━━━━━━━━━━━━━━┓
＼広島県廿日市エリアで新しい仲間を募集／
包んで、詰めて、貼る。この 3 つが基本です。
倉庫内の梱包スタッフを募集します
┗━━━━━━━━━━━━━━━┛

こんな不安はありませんか？
「倉庫って、広くて歩き回るイメージ」
「フォークリフトの資格がいるのでは」

担当する場所は作業台のまわりです。資格が必要な機械は使いません。

──────────────
【◆作業の流れ◆】
■ はじめに、その日の担当工程を確認します
■ 次に、数量と状態のチェック（検品）
■ その後、梱包とラベル貼り
■ 最後に、作業台を片づけて終了です

──────────────
【◆未経験の方へ◆】
✔ 数量はリストで二重に確認します
✔ 品番の読み方から説明します
✔ 分からないときは手を止めて聞けます
✔ 慣れるまでは同じ工程を続けられます

──────────────
【◆勤務地◆】

広島県廿日市市宮島口
最寄り駅：広電宮島口駅

給与や勤務時間、シフトの組み方は、
ご応募いただいた後にお伝えします。
ご応募をお待ちしています。","《◆作業のこだわり◆》

✅ ① 数量はリストと二重チェック
ひとりの目に頼らない流れなので、
間違いを見つけやすい仕組みです。

✅ ② 使う道具はシンプル
カッター・テープ・台車程度で、
機械の操作はありません。

✅ ③ 電話・来客対応なし
作業台に向かう時間がほとんどです。

──────────────
《◆向いている方◆》
✔ 通いやすい場所で働きたい方
✔ 覚える範囲がはっきりした仕事を探している方
✔ 落ち着いて作業したい方

──────────────
《◆応募について◆》
✔ 資格・経験の条件はありません
✔ 給与・勤務時間・シフト・待遇はご応募後にお伝えします
✔ 質問だけのご連絡も受け付けています"
広島県広島市西区,検品・梱包作業,商工センター入口,広島県広島市西区草津南,静かに働ける◇梱包資材を使った箱詰め作業✨,コツコツ派に｜梱包・ラベル貼り担当｜商工センター入口駅エリア,"┏━━━━━━━━━━━━━━━┓
＼広島県広島市西区エリアで新しい仲間を募集／
手元の商品に集中できる環境です。
検品と箱詰めを担当する方を募集
┗━━━━━━━━━━━━━━━┛

こんな不安はありませんか？
「倉庫って、広くて歩き回るイメージ」
「フォークリフトの資格がいるのでは」

担当する場所は作業台のまわりです。資格が必要な機械は使いません。

──────────────
【◆作業の流れ◆】
■ はじめに、その日の担当工程を確認します
■ 次に、数量と状態のチェック（検品）
■ その後、梱包とラベル貼り
■ 最後に、作業台を片づけて終了です

──────────────
【◆未経験の方へ◆】
✔ 作業は作業台のまわりで完結します
✔ 運ぶのは箱に入る程度の商品です
✔ 担当工程は日によって変わることがあります
✔ 経験の有無で担当を分けることはありません

──────────────
【◆勤務地◆】

広島県広島市西区草津南
最寄り駅：商工センター入口駅

給与や勤務時間、シフトの組み方は、
ご応募いただいた後にお伝えします。
ご応募をお待ちしています。","《◆長く続けられる理由◆》

✅ ① 数量はリストと二重チェック
ひとりの目に頼らない流れなので、
間違いを見つけやすい仕組みです。

✅ ② 使う道具はシンプル
カッター・テープ・台車程度で、
機械の操作はありません。

✅ ③ 電話・来客対応なし
作業台に向かう時間がほとんどです。

──────────────
《◆向いている方◆》
✔ 通いやすい場所で働きたい方
✔ 覚える範囲がはっきりした仕事を探している方
✔ 落ち着いて作業したい方

──────────────
《◆応募について◆》
✔ 資格・経験の条件はありません
✔ 給与・勤務時間・シフト・待遇はご応募後にお伝えします
✔ 質問だけのご連絡も受け付けています"
広島県広島市中区,検品・梱包作業,十日市町,広島県広島市中区十日市町,1日の流れがシンプル◇梱包資材を使った箱詰め作業♪,はじめてでも｜出荷前の検品・梱包｜十日市町駅エリア,"┏━━━━━━━━━━━━━━━┓
＼広島県広島市中区エリアで新しい仲間を募集／
倉庫の仕事が、はじめての方へ。
検品・梱包・ラベル貼りの募集です
┗━━━━━━━━━━━━━━━┛

こんな不安はありませんか？
「倉庫って、広くて歩き回るイメージ」
「フォークリフトの資格がいるのでは」

担当する場所は作業台のまわりです。資格が必要な機械は使いません。

──────────────
【◆作業の流れ◆】
■ はじめに、その日の担当工程を確認します
■ 次に、数量と状態のチェック（検品）
■ その後、梱包とラベル貼り
■ 最後に、作業台を片づけて終了です

──────────────
【◆未経験の方へ◆】
✔ 作業は作業台のまわりで完結します
✔ 運ぶのは箱に入る程度の商品です
✔ 担当工程は日によって変わることがあります
✔ 経験の有無で担当を分けることはありません

──────────────
【◆勤務地◆】

広島県広島市中区十日市町
最寄り駅：十日市町駅

給与や勤務時間、シフトの組み方は、
ご応募いただいた後にお伝えします。
ご応募をお待ちしています。","《◆こんな環境です◆》

✅ ① 数量はリストと二重チェック
ひとりの目に頼らない流れなので、
間違いを見つけやすい仕組みです。

✅ ② 使う道具はシンプル
カッター・テープ・台車程度で、
機械の操作はありません。

✅ ③ 電話・来客対応なし
作業台に向かう時間がほとんどです。

──────────────
《◆向いている方◆》
✔ 通いやすい場所で働きたい方
✔ 覚える範囲がはっきりした仕事を探している方
✔ 落ち着いて作業したい方

──────────────
《◆応募について◆》
✔ 資格・経験の条件はありません
✔ 給与・勤務時間・シフト・待遇はご応募後にお伝えします
✔ 質問だけのご連絡も受け付けています"
広島県広島市安佐南区,検品・梱包作業,緑井,広島県広島市安佐南区緑井,身近な駅で◇梱包資材を使った箱詰め作業◎,経験なしから｜出荷前の検品・梱包｜緑井駅エリア,"┏━━━━━━━━━━━━━━━┓
＼広島県広島市安佐南区エリアで新しい仲間を募集／
箱を開けて、数を数えて、また閉じる。
倉庫の検品・梱包スタッフを募集します
┗━━━━━━━━━━━━━━━┛

こんな不安はありませんか？
「数を間違えたら怒られそう」
「集中力が続くか心配」

数量はリストと二重に確認する流れです。ひとりで抱え込む仕組みではありません。

──────────────
【◆作業の流れ◆】
■ はじめに、その日の担当工程を確認します
■ 次に、数量と状態のチェック（検品）
■ その後、梱包とラベル貼り
■ 最後に、作業台を片づけて終了です

──────────────
【◆未経験の方へ◆】
✔ 手順書を見ながら進められます
✔ 検品・梱包・ラベル貼りを順に覚えます
✔ 商品は片手で持てるものが中心です
✔ 質問しやすい距離に担当者がいます

──────────────
【◆勤務地◆】

広島県広島市安佐南区緑井
最寄り駅：緑井駅

給与や勤務時間、シフトの組み方は、
ご応募いただいた後にお伝えします。
ご応募をお待ちしています。","《◆この仕事の特徴◆》

✅ ① 初日は先輩と一緒
工程をひとつずつ確認しながら覚えます。

✅ ② 覚える品番は担当分だけ
全商品を暗記する必要はありません。

✅ ③ 速さより正確さ
急かされるより、確実に進めることを大切にしています。

──────────────
《◆向いている方◆》
✔ 通いやすい場所で働きたい方
✔ 覚える範囲がはっきりした仕事を探している方
✔ 落ち着いて作業したい方

──────────────
《◆応募について◆》
✔ 資格・経験の条件はありません
✔ 給与・勤務時間・シフト・待遇はご応募後にお伝えします
✔ 質問だけのご連絡も受け付けています"
広島県広島市中区,検品・梱包作業,立町,広島県広島市中区基町,難しい操作なし◇梱包資材を使った箱詰め作業！,手順あり｜出荷前の検品・梱包｜立町駅エリア,"┏━━━━━━━━━━━━━━━┓
＼広島県広島市中区エリアで新しい仲間を募集／
伝票と現物、合っているかを見る仕事です。
出荷前のチェックを担当するスタッフ募集
┗━━━━━━━━━━━━━━━┛

こんな不安はありませんか？
「数を間違えたら怒られそう」
「集中力が続くか心配」

数量はリストと二重に確認する流れです。ひとりで抱え込む仕組みではありません。

──────────────
【◆作業の流れ◆】
■ はじめに、その日の担当工程を確認します
■ 次に、数量と状態のチェック（検品）
■ その後、梱包とラベル貼り
■ 最後に、作業台を片づけて終了です

──────────────
【◆未経験の方へ◆】
✔ 手順書を見ながら進められます
✔ 検品・梱包・ラベル貼りを順に覚えます
✔ 商品は片手で持てるものが中心です
✔ 質問しやすい距離に担当者がいます

──────────────
【◆勤務地◆】

広島県広島市中区基町
最寄り駅：立町駅

給与や勤務時間、シフトの組み方は、
ご応募いただいた後にお伝えします。
ご応募をお待ちしています。","《◆はじめやすいポイント◆》

✅ ① 初日は先輩と一緒
工程をひとつずつ確認しながら覚えます。

✅ ② 覚える品番は担当分だけ
全商品を暗記する必要はありません。

✅ ③ 速さより正確さ
急かされるより、確実に進めることを大切にしています。

──────────────
《◆向いている方◆》
✔ 通いやすい場所で働きたい方
✔ 覚える範囲がはっきりした仕事を探している方
✔ 落ち着いて作業したい方

──────────────
《◆応募について◆》
✔ 資格・経験の条件はありません
✔ 給与・勤務時間・シフト・待遇はご応募後にお伝えします
✔ 質問だけのご連絡も受け付けています"
広島県福山市,検品・梱包作業,大門,広島県福山市大門町大門,ひとつずつ丁寧に◇梱包資材を使った箱詰め作業☆,接客なし｜出荷前の検品・梱包｜大門駅エリア,"┏━━━━━━━━━━━━━━━┓
＼広島県福山市エリアで新しい仲間を募集／
今日やることは、作業に入る前に決まっています。
検品・梱包の軽作業スタッフ募集
┗━━━━━━━━━━━━━━━┛

こんな不安はありませんか？
「数を間違えたら怒られそう」
「集中力が続くか心配」

数量はリストと二重に確認する流れです。ひとりで抱え込む仕組みではありません。

──────────────
【◆作業の流れ◆】
■ はじめに、その日の担当工程を確認します
■ 次に、数量と状態のチェック（検品）
■ その後、梱包とラベル貼り
■ 最後に、作業台を片づけて終了です

──────────────
【◆未経験の方へ◆】
✔ 覚える品番は担当分だけです
✔ 速さより正確さを大切にしています
✔ 会話は最小限で作業に集中できます
✔ 倉庫の仕事がはじめての方も多い工程です

──────────────
【◆勤務地◆】

広島県福山市大門町大門
最寄り駅：大門駅

給与や勤務時間、シフトの組み方は、
ご応募いただいた後にお伝えします。
まずは応募フォームからご連絡ください。","《◆一日の過ごし方◆》

✅ ① 初日は先輩と一緒
工程をひとつずつ確認しながら覚えます。

✅ ② 覚える品番は担当分だけ
全商品を暗記する必要はありません。

✅ ③ 速さより正確さ
急かされるより、確実に進めることを大切にしています。

──────────────
《◆向いている方◆》
✔ 通いやすい場所で働きたい方
✔ 覚える範囲がはっきりした仕事を探している方
✔ 落ち着いて作業したい方

──────────────
《◆応募について◆》
✔ 資格・経験の条件はありません
✔ 給与・勤務時間・シフト・待遇はご応募後にお伝えします
✔ 質問だけのご連絡も受け付けています"
広島県広島市安佐南区,検品・梱包作業,上安,広島県広島市安佐南区上安,腰を据えて長く◇梱包資材を使った箱詰め作業✨,コツコツ派に｜出荷前の検品・梱包｜上安駅エリア,"┏━━━━━━━━━━━━━━━┓
＼広島県広島市安佐南区エリアで新しい仲間を募集／
包んで、詰めて、貼る。この 3 つが基本です。
倉庫内の梱包スタッフを募集します
┗━━━━━━━━━━━━━━━┛

こんな不安はありませんか？
「数を間違えたら怒られそう」
「集中力が続くか心配」

数量はリストと二重に確認する流れです。ひとりで抱え込む仕組みではありません。

──────────────
【◆作業の流れ◆】
■ はじめに、その日の担当工程を確認します
■ 次に、数量と状態のチェック（検品）
■ その後、梱包とラベル貼り
■ 最後に、作業台を片づけて終了です

──────────────
【◆未経験の方へ◆】
✔ 覚える品番は担当分だけです
✔ 速さより正確さを大切にしています
✔ 会話は最小限で作業に集中できます
✔ 倉庫の仕事がはじめての方も多い工程です

──────────────
【◆勤務地◆】

広島県広島市安佐南区上安
最寄り駅：上安駅

給与や勤務時間、シフトの組み方は、
ご応募いただいた後にお伝えします。
まずは応募フォームからご連絡ください。","《◆作業のこだわり◆》

✅ ① 初日は先輩と一緒
工程をひとつずつ確認しながら覚えます。

✅ ② 覚える品番は担当分だけ
全商品を暗記する必要はありません。

✅ ③ 速さより正確さ
急かされるより、確実に進めることを大切にしています。

──────────────
《◆向いている方◆》
✔ 通いやすい場所で働きたい方
✔ 覚える範囲がはっきりした仕事を探している方
✔ 落ち着いて作業したい方

──────────────
《◆応募について◆》
✔ 資格・経験の条件はありません
✔ 給与・勤務時間・シフト・待遇はご応募後にお伝えします
✔ 質問だけのご連絡も受け付けています"
三重県四日市,検品・梱包作業,近鉄四日市,三重県四日市市安島,手元に集中◇倉庫で進める検品・梱包♪,はじめてでも｜検品・梱包の軽作業｜近鉄四日市駅エリア,"┏━━━━━━━━━━━━━━━┓
＼三重県四日市エリアで新しい仲間を募集／
手元の商品に集中できる環境です。
検品と箱詰めを担当する方を募集
┗━━━━━━━━━━━━━━━┛

こんな不安はありませんか？
「数を間違えたら怒られそう」
「集中力が続くか心配」

数量はリストと二重に確認する流れです。ひとりで抱え込む仕組みではありません。

──────────────
【◆作業の流れ◆】
■ はじめに、その日の担当工程を確認します
■ 次に、数量と状態のチェック（検品）
■ その後、梱包とラベル貼り
■ 最後に、作業台を片づけて終了です

──────────────
【◆未経験の方へ◆】
✔ 初日は先輩と一緒に工程を確認します
✔ 使う道具はカッター・テープ・台車程度です
✔ 電話や来客の対応はありません
✔ 資格や経験の条件はありません

──────────────
【◆勤務地◆】

三重県四日市市安島
最寄り駅：近鉄四日市駅

給与や勤務時間、シフトの組み方は、
ご応募いただいた後にお伝えします。
まずは応募フォームからご連絡ください。","《◆長く続けられる理由◆》

✅ ① 初日は先輩と一緒
工程をひとつずつ確認しながら覚えます。

✅ ② 覚える品番は担当分だけ
全商品を暗記する必要はありません。

✅ ③ 速さより正確さ
急かされるより、確実に進めることを大切にしています。

──────────────
《◆向いている方◆》
✔ 通いやすい場所で働きたい方
✔ 覚える範囲がはっきりした仕事を探している方
✔ 落ち着いて作業したい方

──────────────
《◆応募について◆》
✔ 資格・経験の条件はありません
✔ 給与・勤務時間・シフト・待遇はご応募後にお伝えします
✔ 質問だけのご連絡も受け付けています"
三重県津市,検品・梱包作業,津,三重県津市羽所町,数えて、詰めて、貼る◇倉庫で進める検品・梱包◎,経験なしから｜検品・梱包の軽作業｜津駅エリア,"┏━━━━━━━━━━━━━━━┓
＼三重県津市エリアで新しい仲間を募集／
倉庫の仕事が、はじめての方へ。
検品・梱包・ラベル貼りの募集です
┗━━━━━━━━━━━━━━━┛

こんな不安はありませんか？
「数を間違えたら怒られそう」
「集中力が続くか心配」

数量はリストと二重に確認する流れです。ひとりで抱え込む仕組みではありません。

──────────────
【◆作業の流れ◆】
■ はじめに、その日の担当工程を確認します
■ 次に、数量と状態のチェック（検品）
■ その後、梱包とラベル貼り
■ 最後に、作業台を片づけて終了です

──────────────
【◆未経験の方へ◆】
✔ 初日は先輩と一緒に工程を確認します
✔ 使う道具はカッター・テープ・台車程度です
✔ 電話や来客の対応はありません
✔ 資格や経験の条件はありません

──────────────
【◆勤務地◆】

三重県津市羽所町
最寄り駅：津駅

給与や勤務時間、シフトの組み方は、
ご応募いただいた後にお伝えします。
まずは応募フォームからご連絡ください。","《◆こんな環境です◆》

✅ ① 初日は先輩と一緒
工程をひとつずつ確認しながら覚えます。

✅ ② 覚える品番は担当分だけ
全商品を暗記する必要はありません。

✅ ③ 速さより正確さ
急かされるより、確実に進めることを大切にしています。

──────────────
《◆向いている方◆》
✔ 通いやすい場所で働きたい方
✔ 覚える範囲がはっきりした仕事を探している方
✔ 落ち着いて作業したい方

──────────────
《◆応募について◆》
✔ 資格・経験の条件はありません
✔ 給与・勤務時間・シフト・待遇はご応募後にお伝えします
✔ 質問だけのご連絡も受け付けています"
三重県桑名市,検品・梱包作業,桑名,三重県桑名市東方,決まった順番で◇倉庫で進める検品・梱包！,手順あり｜検品・梱包の軽作業｜桑名駅エリア,"┏━━━━━━━━━━━━━━━┓
＼三重県桑名市エリアで新しい仲間を募集／
箱を開けて、数を数えて、また閉じる。
倉庫の検品・梱包スタッフを募集します
┗━━━━━━━━━━━━━━━┛

こんな不安はありませんか？
「体力に自信がない」
「腰に負担がかかりそう」

運ぶのは箱に入る程度の商品です。台車を使う場面もあります。

──────────────
【◆作業の流れ◆】
■ はじめに、その日の担当工程を確認します
■ 次に、数量と状態のチェック（検品）
■ その後、梱包とラベル貼り
■ 最後に、作業台を片づけて終了です

──────────────
【◆未経験の方へ◆】
✔ 数量はリストで二重に確認します
✔ 品番の読み方から説明します
✔ 分からないときは手を止めて聞けます
✔ 慣れるまでは同じ工程を続けられます

──────────────
【◆勤務地◆】

三重県桑名市東方
最寄り駅：桑名駅

給与や勤務時間、シフトの組み方は、
ご応募いただいた後にお伝えします。
まずは応募フォームからご連絡ください。","《◆この仕事の特徴◆》

✅ ① 手順書がそばにあります
迷ったときに見返せる資料があります。

✅ ② 商品は片手で持てるものが中心
重い荷物を抱えて歩く場面は多くありません。

✅ ③ 担当が日によって変わることも
検品・梱包・ラベル貼りを順に経験できます。

──────────────
《◆向いている方◆》
✔ 通いやすい場所で働きたい方
✔ 覚える範囲がはっきりした仕事を探している方
✔ 落ち着いて作業したい方

──────────────
《◆応募について◆》
✔ 資格・経験の条件はありません
✔ 給与・勤務時間・シフト・待遇はご応募後にお伝えします
✔ 質問だけのご連絡も受け付けています"
滋賀県米原市,検品・梱包作業,米原,滋賀県米原市米原,はじめてでも大丈夫◇倉庫で進める検品・梱包☆,接客なし｜検品・梱包の軽作業｜米原駅エリア,"┏━━━━━━━━━━━━━━━┓
＼滋賀県米原市エリアで新しい仲間を募集／
伝票と現物、合っているかを見る仕事です。
出荷前のチェックを担当するスタッフ募集
┗━━━━━━━━━━━━━━━┛

こんな不安はありませんか？
「体力に自信がない」
「腰に負担がかかりそう」

運ぶのは箱に入る程度の商品です。台車を使う場面もあります。

──────────────
【◆作業の流れ◆】
■ はじめに、その日の担当工程を確認します
■ 次に、数量と状態のチェック（検品）
■ その後、梱包とラベル貼り
■ 最後に、作業台を片づけて終了です

──────────────
【◆未経験の方へ◆】
✔ 数量はリストで二重に確認します
✔ 品番の読み方から説明します
✔ 分からないときは手を止めて聞けます
✔ 慣れるまでは同じ工程を続けられます

──────────────
【◆勤務地◆】

滋賀県米原市米原
最寄り駅：米原駅

給与や勤務時間、シフトの組み方は、
ご応募いただいた後にお伝えします。
まずは応募フォームからご連絡ください。","《◆はじめやすいポイント◆》

✅ ① 手順書がそばにあります
迷ったときに見返せる資料があります。

✅ ② 商品は片手で持てるものが中心
重い荷物を抱えて歩く場面は多くありません。

✅ ③ 担当が日によって変わることも
検品・梱包・ラベル貼りを順に経験できます。

──────────────
《◆向いている方◆》
✔ 通いやすい場所で働きたい方
✔ 覚える範囲がはっきりした仕事を探している方
✔ 落ち着いて作業したい方

──────────────
《◆応募について◆》
✔ 資格・経験の条件はありません
✔ 給与・勤務時間・シフト・待遇はご応募後にお伝えします
✔ 質問だけのご連絡も受け付けています"
滋賀県彦根市,検品・梱包作業,彦根,滋賀県彦根市古沢町,静かに働ける◇倉庫で進める検品・梱包✨,コツコツ派に｜検品・梱包の軽作業｜彦根駅エリア,"┏━━━━━━━━━━━━━━━┓
＼滋賀県彦根市エリアで新しい仲間を募集／
今日やることは、作業に入る前に決まっています。
検品・梱包の軽作業スタッフ募集
┗━━━━━━━━━━━━━━━┛

こんな不安はありませんか？
「体力に自信がない」
「腰に負担がかかりそう」

運ぶのは箱に入る程度の商品です。台車を使う場面もあります。

──────────────
【◆作業の流れ◆】
■ はじめに、その日の担当工程を確認します
■ 次に、数量と状態のチェック（検品）
■ その後、梱包とラベル貼り
■ 最後に、作業台を片づけて終了です

──────────────
【◆未経験の方へ◆】
✔ 作業は作業台のまわりで完結します
✔ 運ぶのは箱に入る程度の商品です
✔ 担当工程は日によって変わることがあります
✔ 経験の有無で担当を分けることはありません

──────────────
【◆勤務地◆】

滋賀県彦根市古沢町
最寄り駅：彦根駅

給与や勤務時間、シフトの組み方は、
ご応募いただいた後にお伝えします。
まずは応募フォームからご連絡ください。","《◆一日の過ごし方◆》

✅ ① 手順書がそばにあります
迷ったときに見返せる資料があります。

✅ ② 商品は片手で持てるものが中心
重い荷物を抱えて歩く場面は多くありません。

✅ ③ 担当が日によって変わることも
検品・梱包・ラベル貼りを順に経験できます。

──────────────
《◆向いている方◆》
✔ 通いやすい場所で働きたい方
✔ 覚える範囲がはっきりした仕事を探している方
✔ 落ち着いて作業したい方

──────────────
《◆応募について◆》
✔ 資格・経験の条件はありません
✔ 給与・勤務時間・シフト・待遇はご応募後にお伝えします
✔ 質問だけのご連絡も受け付けています"
三重県四日市,検品・梱包作業,近鉄富田,三重県四日市市富田,1日の流れがシンプル◇倉庫で進める検品・梱包♪,はじめてでも｜倉庫内の箱詰め・検品｜近鉄富田駅エリア,"┏━━━━━━━━━━━━━━━┓
＼三重県四日市エリアで新しい仲間を募集／
包んで、詰めて、貼る。この 3 つが基本です。
倉庫内の梱包スタッフを募集します
┗━━━━━━━━━━━━━━━┛

こんな不安はありませんか？
「体力に自信がない」
「腰に負担がかかりそう」

運ぶのは箱に入る程度の商品です。台車を使う場面もあります。

──────────────
【◆作業の流れ◆】
■ はじめに、その日の担当工程を確認します
■ 次に、数量と状態のチェック（検品）
■ その後、梱包とラベル貼り
■ 最後に、作業台を片づけて終了です

──────────────
【◆未経験の方へ◆】
✔ 作業は作業台のまわりで完結します
✔ 運ぶのは箱に入る程度の商品です
✔ 担当工程は日によって変わることがあります
✔ 経験の有無で担当を分けることはありません

──────────────
【◆勤務地◆】

三重県四日市市富田
最寄り駅：近鉄富田駅

給与や勤務時間、シフトの組み方は、
ご応募いただいた後にお伝えします。
少しでも気になったら、ご応募ください。","《◆作業のこだわり◆》

✅ ① 手順書がそばにあります
迷ったときに見返せる資料があります。

✅ ② 商品は片手で持てるものが中心
重い荷物を抱えて歩く場面は多くありません。

✅ ③ 担当が日によって変わることも
検品・梱包・ラベル貼りを順に経験できます。

──────────────
《◆向いている方◆》
✔ 通いやすい場所で働きたい方
✔ 覚える範囲がはっきりした仕事を探している方
✔ 落ち着いて作業したい方

──────────────
《◆応募について◆》
✔ 資格・経験の条件はありません
✔ 給与・勤務時間・シフト・待遇はご応募後にお伝えします
✔ 質問だけのご連絡も受け付けています"
三重県鈴鹿市,検品・梱包作業,白子,三重県鈴鹿市白子駅前,身近な駅で◇倉庫で進める検品・梱包◎,経験なしから｜倉庫内の箱詰め・検品｜白子駅エリア,"┏━━━━━━━━━━━━━━━┓
＼三重県鈴鹿市エリアで新しい仲間を募集／
手元の商品に集中できる環境です。
検品と箱詰めを担当する方を募集
┗━━━━━━━━━━━━━━━┛

こんな不安はありませんか？
「体力に自信がない」
「腰に負担がかかりそう」

運ぶのは箱に入る程度の商品です。台車を使う場面もあります。

──────────────
【◆作業の流れ◆】
■ はじめに、その日の担当工程を確認します
■ 次に、数量と状態のチェック（検品）
■ その後、梱包とラベル貼り
■ 最後に、作業台を片づけて終了です

──────────────
【◆未経験の方へ◆】
✔ 手順書を見ながら進められます
✔ 検品・梱包・ラベル貼りを順に覚えます
✔ 商品は片手で持てるものが中心です
✔ 質問しやすい距離に担当者がいます

──────────────
【◆勤務地◆】

三重県鈴鹿市白子駅前
最寄り駅：白子駅

給与や勤務時間、シフトの組み方は、
ご応募いただいた後にお伝えします。
少しでも気になったら、ご応募ください。","《◆長く続けられる理由◆》

✅ ① 手順書がそばにあります
迷ったときに見返せる資料があります。

✅ ② 商品は片手で持てるものが中心
重い荷物を抱えて歩く場面は多くありません。

✅ ③ 担当が日によって変わることも
検品・梱包・ラベル貼りを順に経験できます。

──────────────
《◆向いている方◆》
✔ 通いやすい場所で働きたい方
✔ 覚える範囲がはっきりした仕事を探している方
✔ 落ち着いて作業したい方

──────────────
《◆応募について◆》
✔ 資格・経験の条件はありません
✔ 給与・勤務時間・シフト・待遇はご応募後にお伝えします
✔ 質問だけのご連絡も受け付けています"
三重県津市,検品・梱包作業,津新町,三重県津市新町,難しい操作なし◇倉庫で進める検品・梱包！,手順あり｜倉庫内の箱詰め・検品｜津新町駅エリア,"┏━━━━━━━━━━━━━━━┓
＼三重県津市エリアで新しい仲間を募集／
倉庫の仕事が、はじめての方へ。
検品・梱包・ラベル貼りの募集です
┗━━━━━━━━━━━━━━━┛

こんな不安はありませんか？
「体力に自信がない」
「腰に負担がかかりそう」

運ぶのは箱に入る程度の商品です。台車を使う場面もあります。

──────────────
【◆作業の流れ◆】
■ はじめに、その日の担当工程を確認します
■ 次に、数量と状態のチェック（検品）
■ その後、梱包とラベル貼り
■ 最後に、作業台を片づけて終了です

──────────────
【◆未経験の方へ◆】
✔ 手順書を見ながら進められます
✔ 検品・梱包・ラベル貼りを順に覚えます
✔ 商品は片手で持てるものが中心です
✔ 質問しやすい距離に担当者がいます

──────────────
【◆勤務地◆】

三重県津市新町
最寄り駅：津新町駅

給与や勤務時間、シフトの組み方は、
ご応募いただいた後にお伝えします。
少しでも気になったら、ご応募ください。","《◆こんな環境です◆》

✅ ① 手順書がそばにあります
迷ったときに見返せる資料があります。

✅ ② 商品は片手で持てるものが中心
重い荷物を抱えて歩く場面は多くありません。

✅ ③ 担当が日によって変わることも
検品・梱包・ラベル貼りを順に経験できます。

──────────────
《◆向いている方◆》
✔ 通いやすい場所で働きたい方
✔ 覚える範囲がはっきりした仕事を探している方
✔ 落ち着いて作業したい方

──────────────
《◆応募について◆》
✔ 資格・経験の条件はありません
✔ 給与・勤務時間・シフト・待遇はご応募後にお伝えします
✔ 質問だけのご連絡も受け付けています"
滋賀県彦根市,検品・梱包作業,南彦根,滋賀県彦根市小泉町,ひとつずつ丁寧に◇倉庫で進める検品・梱包☆,接客なし｜倉庫内の箱詰め・検品｜南彦根駅エリア,"┏━━━━━━━━━━━━━━━┓
＼滋賀県彦根市エリアで新しい仲間を募集／
箱を開けて、数を数えて、また閉じる。
倉庫の検品・梱包スタッフを募集します
┗━━━━━━━━━━━━━━━┛

こんな不安はありませんか？
「未経験だと、何から覚えればいいのか」
「教えてくれる人はいるのか」

初日は先輩と一緒に工程を確認します。ひとりで判断する場面は少なめです。

──────────────
【◆作業の流れ◆】
■ はじめに、その日の担当工程を確認します
■ 次に、数量と状態のチェック（検品）
■ その後、梱包とラベル貼り
■ 最後に、作業台を片づけて終了です

──────────────
【◆未経験の方へ◆】
✔ 覚える品番は担当分だけです
✔ 速さより正確さを大切にしています
✔ 会話は最小限で作業に集中できます
✔ 倉庫の仕事がはじめての方も多い工程です

──────────────
【◆勤務地◆】

滋賀県彦根市小泉町
最寄り駅：南彦根駅

給与や勤務時間、シフトの組み方は、
ご応募いただいた後にお伝えします。
少しでも気になったら、ご応募ください。","《◆この仕事の特徴◆》

✅ ① 作業台のまわりで完結
倉庫内を移動し続ける仕事ではありません。

✅ ② 会話は最小限
集中して手を動かしたい方に合っています。

✅ ③ 質問しやすい距離に担当者
手を止めて聞ける環境です。

──────────────
《◆向いている方◆》
✔ 通いやすい場所で働きたい方
✔ 覚える範囲がはっきりした仕事を探している方
✔ 落ち着いて作業したい方

──────────────
《◆応募について◆》
✔ 資格・経験の条件はありません
✔ 給与・勤務時間・シフト・待遇はご応募後にお伝えします
✔ 質問だけのご連絡も受け付けています"
三重県津市,検品・梱包作業,久居,三重県津市久居新町,腰を据えて長く◇倉庫で進める検品・梱包✨,コツコツ派に｜倉庫内の箱詰め・検品｜久居駅エリア,"┏━━━━━━━━━━━━━━━┓
＼三重県津市エリアで新しい仲間を募集／
伝票と現物、合っているかを見る仕事です。
出荷前のチェックを担当するスタッフ募集
┗━━━━━━━━━━━━━━━┛

こんな不安はありませんか？
「未経験だと、何から覚えればいいのか」
「教えてくれる人はいるのか」

初日は先輩と一緒に工程を確認します。ひとりで判断する場面は少なめです。

──────────────
【◆作業の流れ◆】
■ はじめに、その日の担当工程を確認します
■ 次に、数量と状態のチェック（検品）
■ その後、梱包とラベル貼り
■ 最後に、作業台を片づけて終了です

──────────────
【◆未経験の方へ◆】
✔ 覚える品番は担当分だけです
✔ 速さより正確さを大切にしています
✔ 会話は最小限で作業に集中できます
✔ 倉庫の仕事がはじめての方も多い工程です

──────────────
【◆勤務地◆】

三重県津市久居新町
最寄り駅：久居駅

給与や勤務時間、シフトの組み方は、
ご応募いただいた後にお伝えします。
少しでも気になったら、ご応募ください。","《◆はじめやすいポイント◆》

✅ ① 作業台のまわりで完結
倉庫内を移動し続ける仕事ではありません。

✅ ② 会話は最小限
集中して手を動かしたい方に合っています。

✅ ③ 質問しやすい距離に担当者
手を止めて聞ける環境です。

──────────────
《◆向いている方◆》
✔ 通いやすい場所で働きたい方
✔ 覚える範囲がはっきりした仕事を探している方
✔ 落ち着いて作業したい方

──────────────
《◆応募について◆》
✔ 資格・経験の条件はありません
✔ 給与・勤務時間・シフト・待遇はご応募後にお伝えします
✔ 質問だけのご連絡も受け付けています"
三重県津市,検品・梱包作業,江戸橋,三重県津市上浜町,手元に集中◇数量チェックと梱包スタッフ♪,はじめてでも｜検品と梱包スタッフ｜江戸橋駅エリア,"┏━━━━━━━━━━━━━━━┓
＼三重県津市エリアで新しい仲間を募集／
今日やることは、作業に入る前に決まっています。
検品・梱包の軽作業スタッフ募集
┗━━━━━━━━━━━━━━━┛

こんな不安はありませんか？
「未経験だと、何から覚えればいいのか」
「教えてくれる人はいるのか」

初日は先輩と一緒に工程を確認します。ひとりで判断する場面は少なめです。

──────────────
【◆作業の流れ◆】
■ はじめに、その日の担当工程を確認します
■ 次に、数量と状態のチェック（検品）
■ その後、梱包とラベル貼り
■ 最後に、作業台を片づけて終了です

──────────────
【◆未経験の方へ◆】
✔ 初日は先輩と一緒に工程を確認します
✔ 使う道具はカッター・テープ・台車程度です
✔ 電話や来客の対応はありません
✔ 資格や経験の条件はありません

──────────────
【◆勤務地◆】

三重県津市上浜町
最寄り駅：江戸橋駅

給与や勤務時間、シフトの組み方は、
ご応募いただいた後にお伝えします。
少しでも気になったら、ご応募ください。","《◆一日の過ごし方◆》

✅ ① 作業台のまわりで完結
倉庫内を移動し続ける仕事ではありません。

✅ ② 会話は最小限
集中して手を動かしたい方に合っています。

✅ ③ 質問しやすい距離に担当者
手を止めて聞ける環境です。

──────────────
《◆向いている方◆》
✔ 通いやすい場所で働きたい方
✔ 覚える範囲がはっきりした仕事を探している方
✔ 落ち着いて作業したい方

──────────────
《◆応募について◆》
✔ 資格・経験の条件はありません
✔ 給与・勤務時間・シフト・待遇はご応募後にお伝えします
✔ 質問だけのご連絡も受け付けています"
滋賀県長浜市,検品・梱包作業,長浜,滋賀県長浜市北船町,数えて、詰めて、貼る◇数量チェックと梱包スタッフ◎,経験なしから｜検品と梱包スタッフ｜長浜駅エリア,"┏━━━━━━━━━━━━━━━┓
＼滋賀県長浜市エリアで新しい仲間を募集／
包んで、詰めて、貼る。この 3 つが基本です。
倉庫内の梱包スタッフを募集します
┗━━━━━━━━━━━━━━━┛

こんな不安はありませんか？
「未経験だと、何から覚えればいいのか」
「教えてくれる人はいるのか」

初日は先輩と一緒に工程を確認します。ひとりで判断する場面は少なめです。

──────────────
【◆作業の流れ◆】
■ はじめに、その日の担当工程を確認します
■ 次に、数量と状態のチェック（検品）
■ その後、梱包とラベル貼り
■ 最後に、作業台を片づけて終了です

──────────────
【◆未経験の方へ◆】
✔ 初日は先輩と一緒に工程を確認します
✔ 使う道具はカッター・テープ・台車程度です
✔ 電話や来客の対応はありません
✔ 資格や経験の条件はありません

──────────────
【◆勤務地◆】

滋賀県長浜市北船町
最寄り駅：長浜駅

給与や勤務時間、シフトの組み方は、
ご応募いただいた後にお伝えします。
少しでも気になったら、ご応募ください。","《◆作業のこだわり◆》

✅ ① 作業台のまわりで完結
倉庫内を移動し続ける仕事ではありません。

✅ ② 会話は最小限
集中して手を動かしたい方に合っています。

✅ ③ 質問しやすい距離に担当者
手を止めて聞ける環境です。

──────────────
《◆向いている方◆》
✔ 通いやすい場所で働きたい方
✔ 覚える範囲がはっきりした仕事を探している方
✔ 落ち着いて作業したい方

──────────────
《◆応募について◆》
✔ 資格・経験の条件はありません
✔ 給与・勤務時間・シフト・待遇はご応募後にお伝えします
✔ 質問だけのご連絡も受け付けています"
三重県四日市,検品・梱包作業,塩浜,三重県四日市市御薗町,決まった順番で◇数量チェックと梱包スタッフ！,手順あり｜検品と梱包スタッフ｜塩浜駅エリア,"┏━━━━━━━━━━━━━━━┓
＼三重県四日市エリアで新しい仲間を募集／
手元の商品に集中できる環境です。
検品と箱詰めを担当する方を募集
┗━━━━━━━━━━━━━━━┛

こんな不安はありませんか？
「未経験だと、何から覚えればいいのか」
「教えてくれる人はいるのか」

初日は先輩と一緒に工程を確認します。ひとりで判断する場面は少なめです。

──────────────
【◆作業の流れ◆】
■ はじめに、その日の担当工程を確認します
■ 次に、数量と状態のチェック（検品）
■ その後、梱包とラベル貼り
■ 最後に、作業台を片づけて終了です

──────────────
【◆未経験の方へ◆】
✔ 数量はリストで二重に確認します
✔ 品番の読み方から説明します
✔ 分からないときは手を止めて聞けます
✔ 慣れるまでは同じ工程を続けられます

──────────────
【◆勤務地◆】

三重県四日市市御薗町
最寄り駅：塩浜駅

給与や勤務時間、シフトの組み方は、
ご応募いただいた後にお伝えします。
質問だけでも、ご連絡ください。","《◆長く続けられる理由◆》

✅ ① 作業台のまわりで完結
倉庫内を移動し続ける仕事ではありません。

✅ ② 会話は最小限
集中して手を動かしたい方に合っています。

✅ ③ 質問しやすい距離に担当者
手を止めて聞ける環境です。

──────────────
《◆向いている方◆》
✔ 通いやすい場所で働きたい方
✔ 覚える範囲がはっきりした仕事を探している方
✔ 落ち着いて作業したい方

──────────────
《◆応募について◆》
✔ 資格・経験の条件はありません
✔ 給与・勤務時間・シフト・待遇はご応募後にお伝えします
✔ 質問だけのご連絡も受け付けています"
滋賀県彦根市,検品・梱包作業,河瀬,滋賀県彦根市南川瀬町,はじめてでも大丈夫◇数量チェックと梱包スタッフ☆,接客なし｜検品と梱包スタッフ｜河瀬駅エリア,"┏━━━━━━━━━━━━━━━┓
＼滋賀県彦根市エリアで新しい仲間を募集／
倉庫の仕事が、はじめての方へ。
検品・梱包・ラベル貼りの募集です
┗━━━━━━━━━━━━━━━┛

こんな不安はありませんか？
「未経験だと、何から覚えればいいのか」
「教えてくれる人はいるのか」

初日は先輩と一緒に工程を確認します。ひとりで判断する場面は少なめです。

──────────────
【◆作業の流れ◆】
■ はじめに、その日の担当工程を確認します
■ 次に、数量と状態のチェック（検品）
■ その後、梱包とラベル貼り
■ 最後に、作業台を片づけて終了です

──────────────
【◆未経験の方へ◆】
✔ 数量はリストで二重に確認します
✔ 品番の読み方から説明します
✔ 分からないときは手を止めて聞けます
✔ 慣れるまでは同じ工程を続けられます

──────────────
【◆勤務地◆】

滋賀県彦根市南川瀬町
最寄り駅：河瀬駅

給与や勤務時間、シフトの組み方は、
ご応募いただいた後にお伝えします。
質問だけでも、ご連絡ください。","《◆こんな環境です◆》

✅ ① 作業台のまわりで完結
倉庫内を移動し続ける仕事ではありません。

✅ ② 会話は最小限
集中して手を動かしたい方に合っています。

✅ ③ 質問しやすい距離に担当者
手を止めて聞ける環境です。

──────────────
《◆向いている方◆》
✔ 通いやすい場所で働きたい方
✔ 覚える範囲がはっきりした仕事を探している方
✔ 落ち着いて作業したい方

──────────────
《◆応募について◆》
✔ 資格・経験の条件はありません
✔ 給与・勤務時間・シフト・待遇はご応募後にお伝えします
✔ 質問だけのご連絡も受け付けています"
三重県四日市,検品・梱包作業,あすなろう四日市,三重県四日市市安島,静かに働ける◇数量チェックと梱包スタッフ✨,コツコツ派に｜検品と梱包スタッフ｜あすなろう四日市駅エリア,"┏━━━━━━━━━━━━━━━┓
＼三重県四日市エリアで新しい仲間を募集／
箱を開けて、数を数えて、また閉じる。
倉庫の検品・梱包スタッフを募集します
┗━━━━━━━━━━━━━━━┛

こんな不安はありませんか？
「単純作業は飽きそう」
「同じことの繰り返しは苦手かも」

検品・梱包・ラベル貼りと、日によって担当が変わることがあります。

──────────────
【◆作業の流れ◆】
■ はじめに、その日の担当工程を確認します
■ 次に、数量と状態のチェック（検品）
■ その後、梱包とラベル貼り
■ 最後に、作業台を片づけて終了です

──────────────
【◆未経験の方へ◆】
✔ 作業は作業台のまわりで完結します
✔ 運ぶのは箱に入る程度の商品です
✔ 担当工程は日によって変わることがあります
✔ 経験の有無で担当を分けることはありません

──────────────
【◆勤務地◆】

三重県四日市市安島
最寄り駅：あすなろう四日市駅

給与や勤務時間、シフトの組み方は、
ご応募いただいた後にお伝えします。
質問だけでも、ご連絡ください。","《◆この仕事の特徴◆》

✅ ① 倉庫がはじめての方が多い工程
入口の仕事として選ばれています。

✅ ② 資格・経験の条件なし
検品も梱包も、手順どおりに進める作業です。

✅ ③ 出荷前の最後の確認役
自分の目で確かめたものが、そのまま届け先へ向かいます。

──────────────
《◆向いている方◆》
✔ 通いやすい場所で働きたい方
✔ 覚える範囲がはっきりした仕事を探している方
✔ 落ち着いて作業したい方

──────────────
《◆応募について◆》
✔ 資格・経験の条件はありません
✔ 給与・勤務時間・シフト・待遇はご応募後にお伝えします
✔ 質問だけのご連絡も受け付けています"
三重県鈴鹿市,検品・梱包作業,平田町,三重県鈴鹿市算所,1日の流れがシンプル◇数量チェックと梱包スタッフ♪,はじめてでも｜梱包・ラベル貼り担当｜平田町駅エリア,"┏━━━━━━━━━━━━━━━┓
＼三重県鈴鹿市エリアで新しい仲間を募集／
伝票と現物、合っているかを見る仕事です。
出荷前のチェックを担当するスタッフ募集
┗━━━━━━━━━━━━━━━┛

こんな不安はありませんか？
「単純作業は飽きそう」
「同じことの繰り返しは苦手かも」

検品・梱包・ラベル貼りと、日によって担当が変わることがあります。

──────────────
【◆作業の流れ◆】
■ はじめに、その日の担当工程を確認します
■ 次に、数量と状態のチェック（検品）
■ その後、梱包とラベル貼り
■ 最後に、作業台を片づけて終了です

──────────────
【◆未経験の方へ◆】
✔ 作業は作業台のまわりで完結します
✔ 運ぶのは箱に入る程度の商品です
✔ 担当工程は日によって変わることがあります
✔ 経験の有無で担当を分けることはありません

──────────────
【◆勤務地◆】

三重県鈴鹿市算所
最寄り駅：平田町駅

給与や勤務時間、シフトの組み方は、
ご応募いただいた後にお伝えします。
質問だけでも、ご連絡ください。","《◆はじめやすいポイント◆》

✅ ① 倉庫がはじめての方が多い工程
入口の仕事として選ばれています。

✅ ② 資格・経験の条件なし
検品も梱包も、手順どおりに進める作業です。

✅ ③ 出荷前の最後の確認役
自分の目で確かめたものが、そのまま届け先へ向かいます。

──────────────
《◆向いている方◆》
✔ 通いやすい場所で働きたい方
✔ 覚える範囲がはっきりした仕事を探している方
✔ 落ち着いて作業したい方

──────────────
《◆応募について◆》
✔ 資格・経験の条件はありません
✔ 給与・勤務時間・シフト・待遇はご応募後にお伝えします
✔ 質問だけのご連絡も受け付けています"
滋賀県彦根市,検品・梱包作業,稲枝,滋賀県彦根市稲枝町,身近な駅で◇数量チェックと梱包スタッフ◎,経験なしから｜梱包・ラベル貼り担当｜稲枝駅エリア,"┏━━━━━━━━━━━━━━━┓
＼滋賀県彦根市エリアで新しい仲間を募集／
今日やることは、作業に入る前に決まっています。
検品・梱包の軽作業スタッフ募集
┗━━━━━━━━━━━━━━━┛

こんな不安はありませんか？
「単純作業は飽きそう」
「同じことの繰り返しは苦手かも」

検品・梱包・ラベル貼りと、日によって担当が変わることがあります。

──────────────
【◆作業の流れ◆】
■ はじめに、その日の担当工程を確認します
■ 次に、数量と状態のチェック（検品）
■ その後、梱包とラベル貼り
■ 最後に、作業台を片づけて終了です

──────────────
【◆未経験の方へ◆】
✔ 手順書を見ながら進められます
✔ 検品・梱包・ラベル貼りを順に覚えます
✔ 商品は片手で持てるものが中心です
✔ 質問しやすい距離に担当者がいます

──────────────
【◆勤務地◆】

滋賀県彦根市稲枝町
最寄り駅：稲枝駅

給与や勤務時間、シフトの組み方は、
ご応募いただいた後にお伝えします。
質問だけでも、ご連絡ください。","《◆一日の過ごし方◆》

✅ ① 倉庫がはじめての方が多い工程
入口の仕事として選ばれています。

✅ ② 資格・経験の条件なし
検品も梱包も、手順どおりに進める作業です。

✅ ③ 出荷前の最後の確認役
自分の目で確かめたものが、そのまま届け先へ向かいます。

──────────────
《◆向いている方◆》
✔ 通いやすい場所で働きたい方
✔ 覚える範囲がはっきりした仕事を探している方
✔ 落ち着いて作業したい方

──────────────
《◆応募について◆》
✔ 資格・経験の条件はありません
✔ 給与・勤務時間・シフト・待遇はご応募後にお伝えします
✔ 質問だけのご連絡も受け付けています"
三重県四日市,検品・梱包作業,河原田,三重県四日市市河原田町,難しい操作なし◇数量チェックと梱包スタッフ！,手順あり｜梱包・ラベル貼り担当｜河原田駅エリア,"┏━━━━━━━━━━━━━━━┓
＼三重県四日市エリアで新しい仲間を募集／
包んで、詰めて、貼る。この 3 つが基本です。
倉庫内の梱包スタッフを募集します
┗━━━━━━━━━━━━━━━┛

こんな不安はありませんか？
「単純作業は飽きそう」
「同じことの繰り返しは苦手かも」

検品・梱包・ラベル貼りと、日によって担当が変わることがあります。

──────────────
【◆作業の流れ◆】
■ はじめに、その日の担当工程を確認します
■ 次に、数量と状態のチェック（検品）
■ その後、梱包とラベル貼り
■ 最後に、作業台を片づけて終了です

──────────────
【◆未経験の方へ◆】
✔ 手順書を見ながら進められます
✔ 検品・梱包・ラベル貼りを順に覚えます
✔ 商品は片手で持てるものが中心です
✔ 質問しやすい距離に担当者がいます

──────────────
【◆勤務地◆】

三重県四日市市河原田町
最寄り駅：河原田駅

給与や勤務時間、シフトの組み方は、
ご応募いただいた後にお伝えします。
質問だけでも、ご連絡ください。","《◆作業のこだわり◆》

✅ ① 倉庫がはじめての方が多い工程
入口の仕事として選ばれています。

✅ ② 資格・経験の条件なし
検品も梱包も、手順どおりに進める作業です。

✅ ③ 出荷前の最後の確認役
自分の目で確かめたものが、そのまま届け先へ向かいます。

──────────────
《◆向いている方◆》
✔ 通いやすい場所で働きたい方
✔ 覚える範囲がはっきりした仕事を探している方
✔ 落ち着いて作業したい方

──────────────
《◆応募について◆》
✔ 資格・経験の条件はありません
✔ 給与・勤務時間・シフト・待遇はご応募後にお伝えします
✔ 質問だけのご連絡も受け付けています"
三重県四日市,検品・梱包作業,四日市,三重県四日市市本町,ひとつずつ丁寧に◇数量チェックと梱包スタッフ☆,接客なし｜梱包・ラベル貼り担当｜四日市駅エリア,"┏━━━━━━━━━━━━━━━┓
＼三重県四日市エリアで新しい仲間を募集／
手元の商品に集中できる環境です。
検品と箱詰めを担当する方を募集
┗━━━━━━━━━━━━━━━┛

こんな不安はありませんか？
「単純作業は飽きそう」
「同じことの繰り返しは苦手かも」

検品・梱包・ラベル貼りと、日によって担当が変わることがあります。

──────────────
【◆作業の流れ◆】
■ はじめに、その日の担当工程を確認します
■ 次に、数量と状態のチェック（検品）
■ その後、梱包とラベル貼り
■ 最後に、作業台を片づけて終了です

──────────────
【◆未経験の方へ◆】
✔ 覚える品番は担当分だけです
✔ 速さより正確さを大切にしています
✔ 会話は最小限で作業に集中できます
✔ 倉庫の仕事がはじめての方も多い工程です

──────────────
【◆勤務地◆】

三重県四日市市本町
最寄り駅：四日市駅

給与や勤務時間、シフトの組み方は、
ご応募いただいた後にお伝えします。
質問だけでも、ご連絡ください。","《◆長く続けられる理由◆》

✅ ① 倉庫がはじめての方が多い工程
入口の仕事として選ばれています。

✅ ② 資格・経験の条件なし
検品も梱包も、手順どおりに進める作業です。

✅ ③ 出荷前の最後の確認役
自分の目で確かめたものが、そのまま届け先へ向かいます。

──────────────
《◆向いている方◆》
✔ 通いやすい場所で働きたい方
✔ 覚える範囲がはっきりした仕事を探している方
✔ 落ち着いて作業したい方

──────────────
《◆応募について◆》
✔ 資格・経験の条件はありません
✔ 給与・勤務時間・シフト・待遇はご応募後にお伝えします
✔ 質問だけのご連絡も受け付けています"
三重県亀山市,検品・梱包作業,亀山,三重県亀山市御幸町,腰を据えて長く◇数量チェックと梱包スタッフ✨,コツコツ派に｜梱包・ラベル貼り担当｜亀山駅エリア,"┏━━━━━━━━━━━━━━━┓
＼三重県亀山市エリアで新しい仲間を募集／
倉庫の仕事が、はじめての方へ。
検品・梱包・ラベル貼りの募集です
┗━━━━━━━━━━━━━━━┛

こんな不安はありませんか？
「単純作業は飽きそう」
「同じことの繰り返しは苦手かも」

検品・梱包・ラベル貼りと、日によって担当が変わることがあります。

──────────────
【◆作業の流れ◆】
■ はじめに、その日の担当工程を確認します
■ 次に、数量と状態のチェック（検品）
■ その後、梱包とラベル貼り
■ 最後に、作業台を片づけて終了です

──────────────
【◆未経験の方へ◆】
✔ 覚える品番は担当分だけです
✔ 速さより正確さを大切にしています
✔ 会話は最小限で作業に集中できます
✔ 倉庫の仕事がはじめての方も多い工程です

──────────────
【◆勤務地◆】

三重県亀山市御幸町
最寄り駅：亀山駅

給与や勤務時間、シフトの組み方は、
ご応募いただいた後にお伝えします。
応募の前に確認したいことがあれば、お問い合わせください。","《◆こんな環境です◆》

✅ ① 倉庫がはじめての方が多い工程
入口の仕事として選ばれています。

✅ ② 資格・経験の条件なし
検品も梱包も、手順どおりに進める作業です。

✅ ③ 出荷前の最後の確認役
自分の目で確かめたものが、そのまま届け先へ向かいます。

──────────────
《◆向いている方◆》
✔ 通いやすい場所で働きたい方
✔ 覚える範囲がはっきりした仕事を探している方
✔ 落ち着いて作業したい方

──────────────
《◆応募について◆》
✔ 資格・経験の条件はありません
✔ 給与・勤務時間・シフト・待遇はご応募後にお伝えします
✔ 質問だけのご連絡も受け付けています"
三重県四日市,検品・梱包作業,阿倉川,三重県四日市市阿倉川町,手元に集中◇ラベル貼りと箱詰めの担当♪,はじめてでも｜出荷前の検品・梱包｜阿倉川駅エリア,"┏━━━━━━━━━━━━━━━┓
＼三重県四日市エリアで新しい仲間を募集／
箱を開けて、数を数えて、また閉じる。
倉庫の検品・梱包スタッフを募集します
┗━━━━━━━━━━━━━━━┛

こんな不安はありませんか？
「倉庫って、広くて歩き回るイメージ」
「フォークリフトの資格がいるのでは」

担当する場所は作業台のまわりです。資格が必要な機械は使いません。

──────────────
【◆作業の流れ◆】
■ 開梱
届いた段ボールを開け、中身を取り出します。
■ 照合
注文票と中身を照らし合わせます。
■ 再梱包
出荷用の箱に詰め直し、封をします。
■ 出荷準備
ラベルを貼り、集荷場所へ移します。

──────────────
【◆未経験の方へ◆】
✔ 初日は先輩と一緒に工程を確認します
✔ 使う道具はカッター・テープ・台車程度です
✔ 電話や来客の対応はありません
✔ 資格や経験の条件はありません

──────────────
【◆勤務地◆】

三重県四日市市阿倉川町
最寄り駅：阿倉川駅

給与や勤務時間、シフトの組み方は、
ご応募いただいた後にお伝えします。
応募の前に確認したいことがあれば、お問い合わせください。","《◆この仕事の特徴◆》

✅ ① 数量はリストと二重チェック
ひとりの目に頼らない流れなので、
間違いを見つけやすい仕組みです。

✅ ② 使う道具はシンプル
カッター・テープ・台車程度で、
機械の操作はありません。

✅ ③ 電話・来客対応なし
作業台に向かう時間がほとんどです。

──────────────
《◆向いている方◆》
✔ 正確さに自信がある方
✔ マニュアルどおりに進めるのが得意な方
✔ 体を動かしながら集中したい方

──────────────
《◆応募について◆》
✔ 資格・経験の条件はありません
✔ 給与・勤務時間・シフト・待遇はご応募後にお伝えします
✔ 質問だけのご連絡も受け付けています"
三重県桑名市,検品・梱包作業,西桑名,三重県桑名市寿町,数えて、詰めて、貼る◇ラベル貼りと箱詰めの担当◎,経験なしから｜出荷前の検品・梱包｜西桑名駅エリア,"┏━━━━━━━━━━━━━━━┓
＼三重県桑名市エリアで新しい仲間を募集／
伝票と現物、合っているかを見る仕事です。
出荷前のチェックを担当するスタッフ募集
┗━━━━━━━━━━━━━━━┛

こんな不安はありませんか？
「倉庫って、広くて歩き回るイメージ」
「フォークリフトの資格がいるのでは」

担当する場所は作業台のまわりです。資格が必要な機械は使いません。

──────────────
【◆作業の流れ◆】
■ 開梱
届いた段ボールを開け、中身を取り出します。
■ 照合
注文票と中身を照らし合わせます。
■ 再梱包
出荷用の箱に詰め直し、封をします。
■ 出荷準備
ラベルを貼り、集荷場所へ移します。

──────────────
【◆未経験の方へ◆】
✔ 初日は先輩と一緒に工程を確認します
✔ 使う道具はカッター・テープ・台車程度です
✔ 電話や来客の対応はありません
✔ 資格や経験の条件はありません

──────────────
【◆勤務地◆】

三重県桑名市寿町
最寄り駅：西桑名駅

給与や勤務時間、シフトの組み方は、
ご応募いただいた後にお伝えします。
応募の前に確認したいことがあれば、お問い合わせください。","《◆はじめやすいポイント◆》

✅ ① 数量はリストと二重チェック
ひとりの目に頼らない流れなので、
間違いを見つけやすい仕組みです。

✅ ② 使う道具はシンプル
カッター・テープ・台車程度で、
機械の操作はありません。

✅ ③ 電話・来客対応なし
作業台に向かう時間がほとんどです。

──────────────
《◆向いている方◆》
✔ 正確さに自信がある方
✔ マニュアルどおりに進めるのが得意な方
✔ 体を動かしながら集中したい方

──────────────
《◆応募について◆》
✔ 資格・経験の条件はありません
✔ 給与・勤務時間・シフト・待遇はご応募後にお伝えします
✔ 質問だけのご連絡も受け付けています"
三重県四日市,検品・梱包作業,霞ヶ浦,三重県四日市市八田,決まった順番で◇ラベル貼りと箱詰めの担当！,手順あり｜出荷前の検品・梱包｜霞ヶ浦駅エリア,"┏━━━━━━━━━━━━━━━┓
＼三重県四日市エリアで新しい仲間を募集／
今日やることは、作業に入る前に決まっています。
検品・梱包の軽作業スタッフ募集
┗━━━━━━━━━━━━━━━┛

こんな不安はありませんか？
「倉庫って、広くて歩き回るイメージ」
「フォークリフトの資格がいるのでは」

担当する場所は作業台のまわりです。資格が必要な機械は使いません。

──────────────
【◆作業の流れ◆】
■ 開梱
届いた段ボールを開け、中身を取り出します。
■ 照合
注文票と中身を照らし合わせます。
■ 再梱包
出荷用の箱に詰め直し、封をします。
■ 出荷準備
ラベルを貼り、集荷場所へ移します。

──────────────
【◆未経験の方へ◆】
✔ 数量はリストで二重に確認します
✔ 品番の読み方から説明します
✔ 分からないときは手を止めて聞けます
✔ 慣れるまでは同じ工程を続けられます

──────────────
【◆勤務地◆】

三重県四日市市八田
最寄り駅：霞ヶ浦駅

給与や勤務時間、シフトの組み方は、
ご応募いただいた後にお伝えします。
応募の前に確認したいことがあれば、お問い合わせください。","《◆一日の過ごし方◆》

✅ ① 数量はリストと二重チェック
ひとりの目に頼らない流れなので、
間違いを見つけやすい仕組みです。

✅ ② 使う道具はシンプル
カッター・テープ・台車程度で、
機械の操作はありません。

✅ ③ 電話・来客対応なし
作業台に向かう時間がほとんどです。

──────────────
《◆向いている方◆》
✔ 正確さに自信がある方
✔ マニュアルどおりに進めるのが得意な方
✔ 体を動かしながら集中したい方

──────────────
《◆応募について◆》
✔ 資格・経験の条件はありません
✔ 給与・勤務時間・シフト・待遇はご応募後にお伝えします
✔ 質問だけのご連絡も受け付けています"
三重県津市,検品・梱包作業,南が丘,三重県津市垂水,はじめてでも大丈夫◇ラベル貼りと箱詰めの担当☆,接客なし｜出荷前の検品・梱包｜南が丘駅エリア,"┏━━━━━━━━━━━━━━━┓
＼三重県津市エリアで新しい仲間を募集／
包んで、詰めて、貼る。この 3 つが基本です。
倉庫内の梱包スタッフを募集します
┗━━━━━━━━━━━━━━━┛

こんな不安はありませんか？
「倉庫って、広くて歩き回るイメージ」
「フォークリフトの資格がいるのでは」

担当する場所は作業台のまわりです。資格が必要な機械は使いません。

──────────────
【◆作業の流れ◆】
■ 開梱
届いた段ボールを開け、中身を取り出します。
■ 照合
注文票と中身を照らし合わせます。
■ 再梱包
出荷用の箱に詰め直し、封をします。
■ 出荷準備
ラベルを貼り、集荷場所へ移します。

──────────────
【◆未経験の方へ◆】
✔ 数量はリストで二重に確認します
✔ 品番の読み方から説明します
✔ 分からないときは手を止めて聞けます
✔ 慣れるまでは同じ工程を続けられます

──────────────
【◆勤務地◆】

三重県津市垂水
最寄り駅：南が丘駅

給与や勤務時間、シフトの組み方は、
ご応募いただいた後にお伝えします。
応募の前に確認したいことがあれば、お問い合わせください。","《◆作業のこだわり◆》

✅ ① 数量はリストと二重チェック
ひとりの目に頼らない流れなので、
間違いを見つけやすい仕組みです。

✅ ② 使う道具はシンプル
カッター・テープ・台車程度で、
機械の操作はありません。

✅ ③ 電話・来客対応なし
作業台に向かう時間がほとんどです。

──────────────
《◆向いている方◆》
✔ 正確さに自信がある方
✔ マニュアルどおりに進めるのが得意な方
✔ 体を動かしながら集中したい方

──────────────
《◆応募について◆》
✔ 資格・経験の条件はありません
✔ 給与・勤務時間・シフト・待遇はご応募後にお伝えします
✔ 質問だけのご連絡も受け付けています"
三重県鈴鹿市,検品・梱包作業,鈴鹿市,三重県鈴鹿市神戸,静かに働ける◇ラベル貼りと箱詰めの担当✨,コツコツ派に｜出荷前の検品・梱包｜鈴鹿市駅エリア,"┏━━━━━━━━━━━━━━━┓
＼三重県鈴鹿市エリアで新しい仲間を募集／
手元の商品に集中できる環境です。
検品と箱詰めを担当する方を募集
┗━━━━━━━━━━━━━━━┛

こんな不安はありませんか？
「倉庫って、広くて歩き回るイメージ」
「フォークリフトの資格がいるのでは」

担当する場所は作業台のまわりです。資格が必要な機械は使いません。

──────────────
【◆作業の流れ◆】
■ 開梱
届いた段ボールを開け、中身を取り出します。
■ 照合
注文票と中身を照らし合わせます。
■ 再梱包
出荷用の箱に詰め直し、封をします。
■ 出荷準備
ラベルを貼り、集荷場所へ移します。

──────────────
【◆未経験の方へ◆】
✔ 作業は作業台のまわりで完結します
✔ 運ぶのは箱に入る程度の商品です
✔ 担当工程は日によって変わることがあります
✔ 経験の有無で担当を分けることはありません

──────────────
【◆勤務地◆】

三重県鈴鹿市神戸
最寄り駅：鈴鹿市駅

給与や勤務時間、シフトの組み方は、
ご応募いただいた後にお伝えします。
応募の前に確認したいことがあれば、お問い合わせください。","《◆長く続けられる理由◆》

✅ ① 数量はリストと二重チェック
ひとりの目に頼らない流れなので、
間違いを見つけやすい仕組みです。

✅ ② 使う道具はシンプル
カッター・テープ・台車程度で、
機械の操作はありません。

✅ ③ 電話・来客対応なし
作業台に向かう時間がほとんどです。

──────────────
《◆向いている方◆》
✔ 正確さに自信がある方
✔ マニュアルどおりに進めるのが得意な方
✔ 体を動かしながら集中したい方

──────────────
《◆応募について◆》
✔ 資格・経験の条件はありません
✔ 給与・勤務時間・シフト・待遇はご応募後にお伝えします
✔ 質問だけのご連絡も受け付けています"
三重県四日市,検品・梱包作業,桜,三重県四日市市智積町,1日の流れがシンプル◇ラベル貼りと箱詰めの担当♪,はじめてでも｜検品・梱包の軽作業｜桜駅エリア,"┏━━━━━━━━━━━━━━━┓
＼三重県四日市エリアで新しい仲間を募集／
倉庫の仕事が、はじめての方へ。
検品・梱包・ラベル貼りの募集です
┗━━━━━━━━━━━━━━━┛

こんな不安はありませんか？
「倉庫って、広くて歩き回るイメージ」
「フォークリフトの資格がいるのでは」

担当する場所は作業台のまわりです。資格が必要な機械は使いません。

──────────────
【◆作業の流れ◆】
■ 開梱
届いた段ボールを開け、中身を取り出します。
■ 照合
注文票と中身を照らし合わせます。
■ 再梱包
出荷用の箱に詰め直し、封をします。
■ 出荷準備
ラベルを貼り、集荷場所へ移します。

──────────────
【◆未経験の方へ◆】
✔ 作業は作業台のまわりで完結します
✔ 運ぶのは箱に入る程度の商品です
✔ 担当工程は日によって変わることがあります
✔ 経験の有無で担当を分けることはありません

──────────────
【◆勤務地◆】

三重県四日市市智積町
最寄り駅：桜駅

給与や勤務時間、シフトの組み方は、
ご応募いただいた後にお伝えします。
応募の前に確認したいことがあれば、お問い合わせください。","《◆こんな環境です◆》

✅ ① 数量はリストと二重チェック
ひとりの目に頼らない流れなので、
間違いを見つけやすい仕組みです。

✅ ② 使う道具はシンプル
カッター・テープ・台車程度で、
機械の操作はありません。

✅ ③ 電話・来客対応なし
作業台に向かう時間がほとんどです。

──────────────
《◆向いている方◆》
✔ 正確さに自信がある方
✔ マニュアルどおりに進めるのが得意な方
✔ 体を動かしながら集中したい方

──────────────
《◆応募について◆》
✔ 資格・経験の条件はありません
✔ 給与・勤務時間・シフト・待遇はご応募後にお伝えします
✔ 質問だけのご連絡も受け付けています"
三重県桑名市,検品・梱包作業,近鉄長島,三重県桑名市長島町西外面,身近な駅で◇ラベル貼りと箱詰めの担当◎,経験なしから｜検品・梱包の軽作業｜近鉄長島駅エリア,"┏━━━━━━━━━━━━━━━┓
＼三重県桑名市エリアで新しい仲間を募集／
箱を開けて、数を数えて、また閉じる。
倉庫の検品・梱包スタッフを募集します
┗━━━━━━━━━━━━━━━┛

こんな不安はありませんか？
「数を間違えたら怒られそう」
「集中力が続くか心配」

数量はリストと二重に確認する流れです。ひとりで抱え込む仕組みではありません。

──────────────
【◆作業の流れ◆】
■ 開梱
届いた段ボールを開け、中身を取り出します。
■ 照合
注文票と中身を照らし合わせます。
■ 再梱包
出荷用の箱に詰め直し、封をします。
■ 出荷準備
ラベルを貼り、集荷場所へ移します。

──────────────
【◆未経験の方へ◆】
✔ 手順書を見ながら進められます
✔ 検品・梱包・ラベル貼りを順に覚えます
✔ 商品は片手で持てるものが中心です
✔ 質問しやすい距離に担当者がいます

──────────────
【◆勤務地◆】

三重県桑名市長島町西外面
最寄り駅：近鉄長島駅

給与や勤務時間、シフトの組み方は、
ご応募いただいた後にお伝えします。
ご応募をお待ちしています。","《◆この仕事の特徴◆》

✅ ① 初日は先輩と一緒
工程をひとつずつ確認しながら覚えます。

✅ ② 覚える品番は担当分だけ
全商品を暗記する必要はありません。

✅ ③ 速さより正確さ
急かされるより、確実に進めることを大切にしています。

──────────────
《◆向いている方◆》
✔ 正確さに自信がある方
✔ マニュアルどおりに進めるのが得意な方
✔ 体を動かしながら集中したい方

──────────────
《◆応募について◆》
✔ 資格・経験の条件はありません
✔ 給与・勤務時間・シフト・待遇はご応募後にお伝えします
✔ 質問だけのご連絡も受け付けています"
三重県津市,検品・梱包作業,一身田,三重県津市大里窪田町,難しい操作なし◇ラベル貼りと箱詰めの担当！,手順あり｜検品・梱包の軽作業｜一身田駅エリア,"┏━━━━━━━━━━━━━━━┓
＼三重県津市エリアで新しい仲間を募集／
伝票と現物、合っているかを見る仕事です。
出荷前のチェックを担当するスタッフ募集
┗━━━━━━━━━━━━━━━┛

こんな不安はありませんか？
「数を間違えたら怒られそう」
「集中力が続くか心配」

数量はリストと二重に確認する流れです。ひとりで抱え込む仕組みではありません。

──────────────
【◆作業の流れ◆】
■ 開梱
届いた段ボールを開け、中身を取り出します。
■ 照合
注文票と中身を照らし合わせます。
■ 再梱包
出荷用の箱に詰め直し、封をします。
■ 出荷準備
ラベルを貼り、集荷場所へ移します。

──────────────
【◆未経験の方へ◆】
✔ 手順書を見ながら進められます
✔ 検品・梱包・ラベル貼りを順に覚えます
✔ 商品は片手で持てるものが中心です
✔ 質問しやすい距離に担当者がいます

──────────────
【◆勤務地◆】

三重県津市大里窪田町
最寄り駅：一身田駅

給与や勤務時間、シフトの組み方は、
ご応募いただいた後にお伝えします。
ご応募をお待ちしています。","《◆はじめやすいポイント◆》

✅ ① 初日は先輩と一緒
工程をひとつずつ確認しながら覚えます。

✅ ② 覚える品番は担当分だけ
全商品を暗記する必要はありません。

✅ ③ 速さより正確さ
急かされるより、確実に進めることを大切にしています。

──────────────
《◆向いている方◆》
✔ 正確さに自信がある方
✔ マニュアルどおりに進めるのが得意な方
✔ 体を動かしながら集中したい方

──────────────
《◆応募について◆》
✔ 資格・経験の条件はありません
✔ 給与・勤務時間・シフト・待遇はご応募後にお伝えします
✔ 質問だけのご連絡も受け付けています"
三重県鈴鹿市,検品・梱包作業,千代崎,三重県鈴鹿市岸岡町,ひとつずつ丁寧に◇ラベル貼りと箱詰めの担当☆,接客なし｜検品・梱包の軽作業｜千代崎駅エリア,"┏━━━━━━━━━━━━━━━┓
＼三重県鈴鹿市エリアで新しい仲間を募集／
今日やることは、作業に入る前に決まっています。
検品・梱包の軽作業スタッフ募集
┗━━━━━━━━━━━━━━━┛

こんな不安はありませんか？
「数を間違えたら怒られそう」
「集中力が続くか心配」

数量はリストと二重に確認する流れです。ひとりで抱え込む仕組みではありません。

──────────────
【◆作業の流れ◆】
■ 開梱
届いた段ボールを開け、中身を取り出します。
■ 照合
注文票と中身を照らし合わせます。
■ 再梱包
出荷用の箱に詰め直し、封をします。
■ 出荷準備
ラベルを貼り、集荷場所へ移します。

──────────────
【◆未経験の方へ◆】
✔ 覚える品番は担当分だけです
✔ 速さより正確さを大切にしています
✔ 会話は最小限で作業に集中できます
✔ 倉庫の仕事がはじめての方も多い工程です

──────────────
【◆勤務地◆】

三重県鈴鹿市岸岡町
最寄り駅：千代崎駅

給与や勤務時間、シフトの組み方は、
ご応募いただいた後にお伝えします。
ご応募をお待ちしています。","《◆一日の過ごし方◆》

✅ ① 初日は先輩と一緒
工程をひとつずつ確認しながら覚えます。

✅ ② 覚える品番は担当分だけ
全商品を暗記する必要はありません。

✅ ③ 速さより正確さ
急かされるより、確実に進めることを大切にしています。

──────────────
《◆向いている方◆》
✔ 正確さに自信がある方
✔ マニュアルどおりに進めるのが得意な方
✔ 体を動かしながら集中したい方

──────────────
《◆応募について◆》
✔ 資格・経験の条件はありません
✔ 給与・勤務時間・シフト・待遇はご応募後にお伝えします
✔ 質問だけのご連絡も受け付けています"
三重県四日市,検品・梱包作業,暁学園前,三重県四日市市中村町,腰を据えて長く◇ラベル貼りと箱詰めの担当✨,コツコツ派に｜検品・梱包の軽作業｜暁学園前駅エリア,"┏━━━━━━━━━━━━━━━┓
＼三重県四日市エリアで新しい仲間を募集／
包んで、詰めて、貼る。この 3 つが基本です。
倉庫内の梱包スタッフを募集します
┗━━━━━━━━━━━━━━━┛

こんな不安はありませんか？
「数を間違えたら怒られそう」
「集中力が続くか心配」

数量はリストと二重に確認する流れです。ひとりで抱え込む仕組みではありません。

──────────────
【◆作業の流れ◆】
■ 開梱
届いた段ボールを開け、中身を取り出します。
■ 照合
注文票と中身を照らし合わせます。
■ 再梱包
出荷用の箱に詰め直し、封をします。
■ 出荷準備
ラベルを貼り、集荷場所へ移します。

──────────────
【◆未経験の方へ◆】
✔ 覚える品番は担当分だけです
✔ 速さより正確さを大切にしています
✔ 会話は最小限で作業に集中できます
✔ 倉庫の仕事がはじめての方も多い工程です

──────────────
【◆勤務地◆】

三重県四日市市中村町
最寄り駅：暁学園前駅

給与や勤務時間、シフトの組み方は、
ご応募いただいた後にお伝えします。
ご応募をお待ちしています。","《◆作業のこだわり◆》

✅ ① 初日は先輩と一緒
工程をひとつずつ確認しながら覚えます。

✅ ② 覚える品番は担当分だけ
全商品を暗記する必要はありません。

✅ ③ 速さより正確さ
急かされるより、確実に進めることを大切にしています。

──────────────
《◆向いている方◆》
✔ 正確さに自信がある方
✔ マニュアルどおりに進めるのが得意な方
✔ 体を動かしながら集中したい方

──────────────
《◆応募について◆》
✔ 資格・経験の条件はありません
✔ 給与・勤務時間・シフト・待遇はご応募後にお伝えします
✔ 質問だけのご連絡も受け付けています"
三重県津市,検品・梱包作業,千里,三重県津市河芸町上野,手元に集中◇出荷準備の検品・梱包作業♪,はじめてでも｜倉庫内の箱詰め・検品｜千里駅エリア,"┏━━━━━━━━━━━━━━━┓
＼三重県津市エリアで新しい仲間を募集／
手元の商品に集中できる環境です。
検品と箱詰めを担当する方を募集
┗━━━━━━━━━━━━━━━┛

こんな不安はありませんか？
「数を間違えたら怒られそう」
「集中力が続くか心配」

数量はリストと二重に確認する流れです。ひとりで抱え込む仕組みではありません。

──────────────
【◆作業の流れ◆】
■ 開梱
届いた段ボールを開け、中身を取り出します。
■ 照合
注文票と中身を照らし合わせます。
■ 再梱包
出荷用の箱に詰め直し、封をします。
■ 出荷準備
ラベルを貼り、集荷場所へ移します。

──────────────
【◆未経験の方へ◆】
✔ 初日は先輩と一緒に工程を確認します
✔ 使う道具はカッター・テープ・台車程度です
✔ 電話や来客の対応はありません
✔ 資格や経験の条件はありません

──────────────
【◆勤務地◆】

三重県津市河芸町上野
最寄り駅：千里駅

給与や勤務時間、シフトの組み方は、
ご応募いただいた後にお伝えします。
ご応募をお待ちしています。","《◆長く続けられる理由◆》

✅ ① 初日は先輩と一緒
工程をひとつずつ確認しながら覚えます。

✅ ② 覚える品番は担当分だけ
全商品を暗記する必要はありません。

✅ ③ 速さより正確さ
急かされるより、確実に進めることを大切にしています。

──────────────
《◆向いている方◆》
✔ 正確さに自信がある方
✔ マニュアルどおりに進めるのが得意な方
✔ 体を動かしながら集中したい方

──────────────
《◆応募について◆》
✔ 資格・経験の条件はありません
✔ 給与・勤務時間・シフト・待遇はご応募後にお伝えします
✔ 質問だけのご連絡も受け付けています"
三重県桑名市,検品・梱包作業,益生,三重県桑名市矢田,数えて、詰めて、貼る◇出荷準備の検品・梱包作業◎,経験なしから｜倉庫内の箱詰め・検品｜益生駅エリア,"┏━━━━━━━━━━━━━━━┓
＼三重県桑名市エリアで新しい仲間を募集／
倉庫の仕事が、はじめての方へ。
検品・梱包・ラベル貼りの募集です
┗━━━━━━━━━━━━━━━┛

こんな不安はありませんか？
「数を間違えたら怒られそう」
「集中力が続くか心配」

数量はリストと二重に確認する流れです。ひとりで抱え込む仕組みではありません。

──────────────
【◆作業の流れ◆】
■ 開梱
届いた段ボールを開け、中身を取り出します。
■ 照合
注文票と中身を照らし合わせます。
■ 再梱包
出荷用の箱に詰め直し、封をします。
■ 出荷準備
ラベルを貼り、集荷場所へ移します。

──────────────
【◆未経験の方へ◆】
✔ 初日は先輩と一緒に工程を確認します
✔ 使う道具はカッター・テープ・台車程度です
✔ 電話や来客の対応はありません
✔ 資格や経験の条件はありません

──────────────
【◆勤務地◆】

三重県桑名市矢田
最寄り駅：益生駅

給与や勤務時間、シフトの組み方は、
ご応募いただいた後にお伝えします。
ご応募をお待ちしています。","《◆こんな環境です◆》

✅ ① 初日は先輩と一緒
工程をひとつずつ確認しながら覚えます。

✅ ② 覚える品番は担当分だけ
全商品を暗記する必要はありません。

✅ ③ 速さより正確さ
急かされるより、確実に進めることを大切にしています。

──────────────
《◆向いている方◆》
✔ 正確さに自信がある方
✔ マニュアルどおりに進めるのが得意な方
✔ 体を動かしながら集中したい方

──────────────
《◆応募について◆》
✔ 資格・経験の条件はありません
✔ 給与・勤務時間・シフト・待遇はご応募後にお伝えします
✔ 質問だけのご連絡も受け付けています"
三重県四日市,検品・梱包作業,伊勢松本,三重県四日市市松本,決まった順番で◇出荷準備の検品・梱包作業！,手順あり｜倉庫内の箱詰め・検品｜伊勢松本駅エリア,"┏━━━━━━━━━━━━━━━┓
＼三重県四日市エリアで新しい仲間を募集／
箱を開けて、数を数えて、また閉じる。
倉庫の検品・梱包スタッフを募集します
┗━━━━━━━━━━━━━━━┛

こんな不安はありませんか？
「体力に自信がない」
「腰に負担がかかりそう」

運ぶのは箱に入る程度の商品です。台車を使う場面もあります。

──────────────
【◆作業の流れ◆】
■ 開梱
届いた段ボールを開け、中身を取り出します。
■ 照合
注文票と中身を照らし合わせます。
■ 再梱包
出荷用の箱に詰め直し、封をします。
■ 出荷準備
ラベルを貼り、集荷場所へ移します。

──────────────
【◆未経験の方へ◆】
✔ 数量はリストで二重に確認します
✔ 品番の読み方から説明します
✔ 分からないときは手を止めて聞けます
✔ 慣れるまでは同じ工程を続けられます

──────────────
【◆勤務地◆】

三重県四日市市松本
最寄り駅：伊勢松本駅

給与や勤務時間、シフトの組み方は、
ご応募いただいた後にお伝えします。
ご応募をお待ちしています。","《◆この仕事の特徴◆》

✅ ① 手順書がそばにあります
迷ったときに見返せる資料があります。

✅ ② 商品は片手で持てるものが中心
重い荷物を抱えて歩く場面は多くありません。

✅ ③ 担当が日によって変わることも
検品・梱包・ラベル貼りを順に経験できます。

──────────────
《◆向いている方◆》
✔ 正確さに自信がある方
✔ マニュアルどおりに進めるのが得意な方
✔ 体を動かしながら集中したい方

──────────────
《◆応募について◆》
✔ 資格・経験の条件はありません
✔ 給与・勤務時間・シフト・待遇はご応募後にお伝えします
✔ 質問だけのご連絡も受け付けています"
滋賀県長浜市,検品・梱包作業,田村,滋賀県長浜市田村町南仙堂,はじめてでも大丈夫◇出荷準備の検品・梱包作業☆,接客なし｜倉庫内の箱詰め・検品｜田村駅エリア,"┏━━━━━━━━━━━━━━━┓
＼滋賀県長浜市エリアで新しい仲間を募集／
伝票と現物、合っているかを見る仕事です。
出荷前のチェックを担当するスタッフ募集
┗━━━━━━━━━━━━━━━┛

こんな不安はありませんか？
「体力に自信がない」
「腰に負担がかかりそう」

運ぶのは箱に入る程度の商品です。台車を使う場面もあります。

──────────────
【◆作業の流れ◆】
■ 開梱
届いた段ボールを開け、中身を取り出します。
■ 照合
注文票と中身を照らし合わせます。
■ 再梱包
出荷用の箱に詰め直し、封をします。
■ 出荷準備
ラベルを貼り、集荷場所へ移します。

──────────────
【◆未経験の方へ◆】
✔ 数量はリストで二重に確認します
✔ 品番の読み方から説明します
✔ 分からないときは手を止めて聞けます
✔ 慣れるまでは同じ工程を続けられます

──────────────
【◆勤務地◆】

滋賀県長浜市田村町南仙堂
最寄り駅：田村駅

給与や勤務時間、シフトの組み方は、
ご応募いただいた後にお伝えします。
まずは応募フォームからご連絡ください。","《◆はじめやすいポイント◆》

✅ ① 手順書がそばにあります
迷ったときに見返せる資料があります。

✅ ② 商品は片手で持てるものが中心
重い荷物を抱えて歩く場面は多くありません。

✅ ③ 担当が日によって変わることも
検品・梱包・ラベル貼りを順に経験できます。

──────────────
《◆向いている方◆》
✔ 正確さに自信がある方
✔ マニュアルどおりに進めるのが得意な方
✔ 体を動かしながら集中したい方

──────────────
《◆応募について◆》
✔ 資格・経験の条件はありません
✔ 給与・勤務時間・シフト・待遇はご応募後にお伝えします
✔ 質問だけのご連絡も受け付けています"
三重県四日市,検品・梱包作業,新正,三重県四日市市新正,静かに働ける◇出荷準備の検品・梱包作業✨,コツコツ派に｜倉庫内の箱詰め・検品｜新正駅エリア,"┏━━━━━━━━━━━━━━━┓
＼三重県四日市エリアで新しい仲間を募集／
今日やることは、作業に入る前に決まっています。
検品・梱包の軽作業スタッフ募集
┗━━━━━━━━━━━━━━━┛

こんな不安はありませんか？
「体力に自信がない」
「腰に負担がかかりそう」

運ぶのは箱に入る程度の商品です。台車を使う場面もあります。

──────────────
【◆作業の流れ◆】
■ 開梱
届いた段ボールを開け、中身を取り出します。
■ 照合
注文票と中身を照らし合わせます。
■ 再梱包
出荷用の箱に詰め直し、封をします。
■ 出荷準備
ラベルを貼り、集荷場所へ移します。

──────────────
【◆未経験の方へ◆】
✔ 作業は作業台のまわりで完結します
✔ 運ぶのは箱に入る程度の商品です
✔ 担当工程は日によって変わることがあります
✔ 経験の有無で担当を分けることはありません

──────────────
【◆勤務地◆】

三重県四日市市新正
最寄り駅：新正駅

給与や勤務時間、シフトの組み方は、
ご応募いただいた後にお伝えします。
まずは応募フォームからご連絡ください。","《◆一日の過ごし方◆》

✅ ① 手順書がそばにあります
迷ったときに見返せる資料があります。

✅ ② 商品は片手で持てるものが中心
重い荷物を抱えて歩く場面は多くありません。

✅ ③ 担当が日によって変わることも
検品・梱包・ラベル貼りを順に経験できます。

──────────────
《◆向いている方◆》
✔ 正確さに自信がある方
✔ マニュアルどおりに進めるのが得意な方
✔ 体を動かしながら集中したい方

──────────────
《◆応募について◆》
✔ 資格・経験の条件はありません
✔ 給与・勤務時間・シフト・待遇はご応募後にお伝えします
✔ 質問だけのご連絡も受け付けています"
三重県四日市,検品・梱包作業,伊勢川島,三重県四日市市川島町,1日の流れがシンプル◇出荷準備の検品・梱包作業♪,はじめてでも｜検品と梱包スタッフ｜伊勢川島駅エリア,"┏━━━━━━━━━━━━━━━┓
＼三重県四日市エリアで新しい仲間を募集／
包んで、詰めて、貼る。この 3 つが基本です。
倉庫内の梱包スタッフを募集します
┗━━━━━━━━━━━━━━━┛

こんな不安はありませんか？
「体力に自信がない」
「腰に負担がかかりそう」

運ぶのは箱に入る程度の商品です。台車を使う場面もあります。

──────────────
【◆作業の流れ◆】
■ 開梱
届いた段ボールを開け、中身を取り出します。
■ 照合
注文票と中身を照らし合わせます。
■ 再梱包
出荷用の箱に詰め直し、封をします。
■ 出荷準備
ラベルを貼り、集荷場所へ移します。

──────────────
【◆未経験の方へ◆】
✔ 作業は作業台のまわりで完結します
✔ 運ぶのは箱に入る程度の商品です
✔ 担当工程は日によって変わることがあります
✔ 経験の有無で担当を分けることはありません

──────────────
【◆勤務地◆】

三重県四日市市川島町
最寄り駅：伊勢川島駅

給与や勤務時間、シフトの組み方は、
ご応募いただいた後にお伝えします。
まずは応募フォームからご連絡ください。","《◆作業のこだわり◆》

✅ ① 手順書がそばにあります
迷ったときに見返せる資料があります。

✅ ② 商品は片手で持てるものが中心
重い荷物を抱えて歩く場面は多くありません。

✅ ③ 担当が日によって変わることも
検品・梱包・ラベル貼りを順に経験できます。

──────────────
《◆向いている方◆》
✔ 正確さに自信がある方
✔ マニュアルどおりに進めるのが得意な方
✔ 体を動かしながら集中したい方

──────────────
《◆応募について◆》
✔ 資格・経験の条件はありません
✔ 給与・勤務時間・シフト・待遇はご応募後にお伝えします
✔ 質問だけのご連絡も受け付けています"
三重県四日市,検品・梱包作業,西日野,三重県四日市市西日野町,身近な駅で◇出荷準備の検品・梱包作業◎,経験なしから｜検品と梱包スタッフ｜西日野駅エリア,"┏━━━━━━━━━━━━━━━┓
＼三重県四日市エリアで新しい仲間を募集／
手元の商品に集中できる環境です。
検品と箱詰めを担当する方を募集
┗━━━━━━━━━━━━━━━┛

こんな不安はありませんか？
「体力に自信がない」
「腰に負担がかかりそう」

運ぶのは箱に入る程度の商品です。台車を使う場面もあります。

──────────────
【◆作業の流れ◆】
■ 開梱
届いた段ボールを開け、中身を取り出します。
■ 照合
注文票と中身を照らし合わせます。
■ 再梱包
出荷用の箱に詰め直し、封をします。
■ 出荷準備
ラベルを貼り、集荷場所へ移します。

──────────────
【◆未経験の方へ◆】
✔ 手順書を見ながら進められます
✔ 検品・梱包・ラベル貼りを順に覚えます
✔ 商品は片手で持てるものが中心です
✔ 質問しやすい距離に担当者がいます

──────────────
【◆勤務地◆】

三重県四日市市西日野町
最寄り駅：西日野駅

給与や勤務時間、シフトの組み方は、
ご応募いただいた後にお伝えします。
まずは応募フォームからご連絡ください。","《◆長く続けられる理由◆》

✅ ① 手順書がそばにあります
迷ったときに見返せる資料があります。

✅ ② 商品は片手で持てるものが中心
重い荷物を抱えて歩く場面は多くありません。

✅ ③ 担当が日によって変わることも
検品・梱包・ラベル貼りを順に経験できます。

──────────────
《◆向いている方◆》
✔ 正確さに自信がある方
✔ マニュアルどおりに進めるのが得意な方
✔ 体を動かしながら集中したい方

──────────────
《◆応募について◆》
✔ 資格・経験の条件はありません
✔ 給与・勤務時間・シフト・待遇はご応募後にお伝えします
✔ 質問だけのご連絡も受け付けています"
三重県鈴鹿市,検品・梱包作業,伊勢若松,三重県鈴鹿市若松西,難しい操作なし◇出荷準備の検品・梱包作業！,手順あり｜検品と梱包スタッフ｜伊勢若松駅エリア,"┏━━━━━━━━━━━━━━━┓
＼三重県鈴鹿市エリアで新しい仲間を募集／
倉庫の仕事が、はじめての方へ。
検品・梱包・ラベル貼りの募集です
┗━━━━━━━━━━━━━━━┛

こんな不安はありませんか？
「体力に自信がない」
「腰に負担がかかりそう」

運ぶのは箱に入る程度の商品です。台車を使う場面もあります。

──────────────
【◆作業の流れ◆】
■ 開梱
届いた段ボールを開け、中身を取り出します。
■ 照合
注文票と中身を照らし合わせます。
■ 再梱包
出荷用の箱に詰め直し、封をします。
■ 出荷準備
ラベルを貼り、集荷場所へ移します。

──────────────
【◆未経験の方へ◆】
✔ 手順書を見ながら進められます
✔ 検品・梱包・ラベル貼りを順に覚えます
✔ 商品は片手で持てるものが中心です
✔ 質問しやすい距離に担当者がいます

──────────────
【◆勤務地◆】

三重県鈴鹿市若松西
最寄り駅：伊勢若松駅

給与や勤務時間、シフトの組み方は、
ご応募いただいた後にお伝えします。
まずは応募フォームからご連絡ください。","《◆こんな環境です◆》

✅ ① 手順書がそばにあります
迷ったときに見返せる資料があります。

✅ ② 商品は片手で持てるものが中心
重い荷物を抱えて歩く場面は多くありません。

✅ ③ 担当が日によって変わることも
検品・梱包・ラベル貼りを順に経験できます。

──────────────
《◆向いている方◆》
✔ 正確さに自信がある方
✔ マニュアルどおりに進めるのが得意な方
✔ 体を動かしながら集中したい方

──────────────
《◆応募について◆》
✔ 資格・経験の条件はありません
✔ 給与・勤務時間・シフト・待遇はご応募後にお伝えします
✔ 質問だけのご連絡も受け付けています"
三重県四日市,検品・梱包作業,川原町,三重県四日市市本郷町,ひとつずつ丁寧に◇出荷準備の検品・梱包作業☆,接客なし｜検品と梱包スタッフ｜川原町駅エリア,"┏━━━━━━━━━━━━━━━┓
＼三重県四日市エリアで新しい仲間を募集／
箱を開けて、数を数えて、また閉じる。
倉庫の検品・梱包スタッフを募集します
┗━━━━━━━━━━━━━━━┛

こんな不安はありませんか？
「未経験だと、何から覚えればいいのか」
「教えてくれる人はいるのか」

初日は先輩と一緒に工程を確認します。ひとりで判断する場面は少なめです。

──────────────
【◆作業の流れ◆】
■ 開梱
届いた段ボールを開け、中身を取り出します。
■ 照合
注文票と中身を照らし合わせます。
■ 再梱包
出荷用の箱に詰め直し、封をします。
■ 出荷準備
ラベルを貼り、集荷場所へ移します。

──────────────
【◆未経験の方へ◆】
✔ 覚える品番は担当分だけです
✔ 速さより正確さを大切にしています
✔ 会話は最小限で作業に集中できます
✔ 倉庫の仕事がはじめての方も多い工程です

──────────────
【◆勤務地◆】

三重県四日市市本郷町
最寄り駅：川原町駅

給与や勤務時間、シフトの組み方は、
ご応募いただいた後にお伝えします。
まずは応募フォームからご連絡ください。","《◆この仕事の特徴◆》

✅ ① 作業台のまわりで完結
倉庫内を移動し続ける仕事ではありません。

✅ ② 会話は最小限
集中して手を動かしたい方に合っています。

✅ ③ 質問しやすい距離に担当者
手を止めて聞ける環境です。

──────────────
《◆向いている方◆》
✔ 正確さに自信がある方
✔ マニュアルどおりに進めるのが得意な方
✔ 体を動かしながら集中したい方

──────────────
《◆応募について◆》
✔ 資格・経験の条件はありません
✔ 給与・勤務時間・シフト・待遇はご応募後にお伝えします
✔ 質問だけのご連絡も受け付けています"
三重県四日市,検品・梱包作業,中川原,三重県四日市市中川原,腰を据えて長く◇出荷準備の検品・梱包作業✨,コツコツ派に｜検品と梱包スタッフ｜中川原駅エリア,"┏━━━━━━━━━━━━━━━┓
＼三重県四日市エリアで新しい仲間を募集／
伝票と現物、合っているかを見る仕事です。
出荷前のチェックを担当するスタッフ募集
┗━━━━━━━━━━━━━━━┛

こんな不安はありませんか？
「未経験だと、何から覚えればいいのか」
「教えてくれる人はいるのか」

初日は先輩と一緒に工程を確認します。ひとりで判断する場面は少なめです。

──────────────
【◆作業の流れ◆】
■ 開梱
届いた段ボールを開け、中身を取り出します。
■ 照合
注文票と中身を照らし合わせます。
■ 再梱包
出荷用の箱に詰め直し、封をします。
■ 出荷準備
ラベルを貼り、集荷場所へ移します。

──────────────
【◆未経験の方へ◆】
✔ 覚える品番は担当分だけです
✔ 速さより正確さを大切にしています
✔ 会話は最小限で作業に集中できます
✔ 倉庫の仕事がはじめての方も多い工程です

──────────────
【◆勤務地◆】

三重県四日市市中川原
最寄り駅：中川原駅

給与や勤務時間、シフトの組み方は、
ご応募いただいた後にお伝えします。
まずは応募フォームからご連絡ください。","《◆はじめやすいポイント◆》

✅ ① 作業台のまわりで完結
倉庫内を移動し続ける仕事ではありません。

✅ ② 会話は最小限
集中して手を動かしたい方に合っています。

✅ ③ 質問しやすい距離に担当者
手を止めて聞ける環境です。

──────────────
《◆向いている方◆》
✔ 正確さに自信がある方
✔ マニュアルどおりに進めるのが得意な方
✔ 体を動かしながら集中したい方

──────────────
《◆応募について◆》
✔ 資格・経験の条件はありません
✔ 給与・勤務時間・シフト・待遇はご応募後にお伝えします
✔ 質問だけのご連絡も受け付けています"
三重県四日市,検品・梱包作業,海山道,三重県四日市市海山道,手元に集中◇検品と梱包を担当する倉庫スタッフ♪,はじめてでも｜梱包・ラベル貼り担当｜海山道駅エリア,"┏━━━━━━━━━━━━━━━┓
＼三重県四日市エリアで新しい仲間を募集／
今日やることは、作業に入る前に決まっています。
検品・梱包の軽作業スタッフ募集
┗━━━━━━━━━━━━━━━┛

こんな不安はありませんか？
「未経験だと、何から覚えればいいのか」
「教えてくれる人はいるのか」

初日は先輩と一緒に工程を確認します。ひとりで判断する場面は少なめです。

──────────────
【◆作業の流れ◆】
■ 開梱
届いた段ボールを開け、中身を取り出します。
■ 照合
注文票と中身を照らし合わせます。
■ 再梱包
出荷用の箱に詰め直し、封をします。
■ 出荷準備
ラベルを貼り、集荷場所へ移します。

──────────────
【◆未経験の方へ◆】
✔ 初日は先輩と一緒に工程を確認します
✔ 使う道具はカッター・テープ・台車程度です
✔ 電話や来客の対応はありません
✔ 資格や経験の条件はありません

──────────────
【◆勤務地◆】

三重県四日市市海山道
最寄り駅：海山道駅

給与や勤務時間、シフトの組み方は、
ご応募いただいた後にお伝えします。
少しでも気になったら、ご応募ください。","《◆一日の過ごし方◆》

✅ ① 作業台のまわりで完結
倉庫内を移動し続ける仕事ではありません。

✅ ② 会話は最小限
集中して手を動かしたい方に合っています。

✅ ③ 質問しやすい距離に担当者
手を止めて聞ける環境です。

──────────────
《◆向いている方◆》
✔ 正確さに自信がある方
✔ マニュアルどおりに進めるのが得意な方
✔ 体を動かしながら集中したい方

──────────────
《◆応募について◆》
✔ 資格・経験の条件はありません
✔ 給与・勤務時間・シフト・待遇はご応募後にお伝えします
✔ 質問だけのご連絡も受け付けています"
三重県四日市,検品・梱包作業,北楠,三重県四日市市楠町北五味塚,数えて、詰めて、貼る◇検品と梱包を担当する倉庫スタッフ◎,経験なしから｜梱包・ラベル貼り担当｜北楠駅エリア,"┏━━━━━━━━━━━━━━━┓
＼三重県四日市エリアで新しい仲間を募集／
包んで、詰めて、貼る。この 3 つが基本です。
倉庫内の梱包スタッフを募集します
┗━━━━━━━━━━━━━━━┛

こんな不安はありませんか？
「未経験だと、何から覚えればいいのか」
「教えてくれる人はいるのか」

初日は先輩と一緒に工程を確認します。ひとりで判断する場面は少なめです。

──────────────
【◆作業の流れ◆】
■ 開梱
届いた段ボールを開け、中身を取り出します。
■ 照合
注文票と中身を照らし合わせます。
■ 再梱包
出荷用の箱に詰め直し、封をします。
■ 出荷準備
ラベルを貼り、集荷場所へ移します。

──────────────
【◆未経験の方へ◆】
✔ 初日は先輩と一緒に工程を確認します
✔ 使う道具はカッター・テープ・台車程度です
✔ 電話や来客の対応はありません
✔ 資格や経験の条件はありません

──────────────
【◆勤務地◆】

三重県四日市市楠町北五味塚
最寄り駅：北楠駅

給与や勤務時間、シフトの組み方は、
ご応募いただいた後にお伝えします。
少しでも気になったら、ご応募ください。","《◆作業のこだわり◆》

✅ ① 作業台のまわりで完結
倉庫内を移動し続ける仕事ではありません。

✅ ② 会話は最小限
集中して手を動かしたい方に合っています。

✅ ③ 質問しやすい距離に担当者
手を止めて聞ける環境です。

──────────────
《◆向いている方◆》
✔ 正確さに自信がある方
✔ マニュアルどおりに進めるのが得意な方
✔ 体を動かしながら集中したい方

──────────────
《◆応募について◆》
✔ 資格・経験の条件はありません
✔ 給与・勤務時間・シフト・待遇はご応募後にお伝えします
✔ 質問だけのご連絡も受け付けています"
三重県津市,検品・梱包作業,白塚,三重県津市白塚町,決まった順番で◇検品と梱包を担当する倉庫スタッフ！,手順あり｜梱包・ラベル貼り担当｜白塚駅エリア,"┏━━━━━━━━━━━━━━━┓
＼三重県津市エリアで新しい仲間を募集／
手元の商品に集中できる環境です。
検品と箱詰めを担当する方を募集
┗━━━━━━━━━━━━━━━┛

こんな不安はありませんか？
「未経験だと、何から覚えればいいのか」
「教えてくれる人はいるのか」

初日は先輩と一緒に工程を確認します。ひとりで判断する場面は少なめです。

──────────────
【◆作業の流れ◆】
■ 開梱
届いた段ボールを開け、中身を取り出します。
■ 照合
注文票と中身を照らし合わせます。
■ 再梱包
出荷用の箱に詰め直し、封をします。
■ 出荷準備
ラベルを貼り、集荷場所へ移します。

──────────────
【◆未経験の方へ◆】
✔ 数量はリストで二重に確認します
✔ 品番の読み方から説明します
✔ 分からないときは手を止めて聞けます
✔ 慣れるまでは同じ工程を続けられます

──────────────
【◆勤務地◆】

三重県津市白塚町
最寄り駅：白塚駅

給与や勤務時間、シフトの組み方は、
ご応募いただいた後にお伝えします。
少しでも気になったら、ご応募ください。","《◆長く続けられる理由◆》

✅ ① 作業台のまわりで完結
倉庫内を移動し続ける仕事ではありません。

✅ ② 会話は最小限
集中して手を動かしたい方に合っています。

✅ ③ 質問しやすい距離に担当者
手を止めて聞ける環境です。

──────────────
《◆向いている方◆》
✔ 正確さに自信がある方
✔ マニュアルどおりに進めるのが得意な方
✔ 体を動かしながら集中したい方

──────────────
《◆応募について◆》
✔ 資格・経験の条件はありません
✔ 給与・勤務時間・シフト・待遇はご応募後にお伝えします
✔ 質問だけのご連絡も受け付けています"
滋賀県米原市,検品・梱包作業,近江長岡,滋賀県米原市長岡,はじめてでも大丈夫◇検品と梱包を担当する倉庫スタッフ☆,接客なし｜梱包・ラベル貼り担当｜近江長岡駅エリア,"┏━━━━━━━━━━━━━━━┓
＼滋賀県米原市エリアで新しい仲間を募集／
倉庫の仕事が、はじめての方へ。
検品・梱包・ラベル貼りの募集です
┗━━━━━━━━━━━━━━━┛

こんな不安はありませんか？
「未経験だと、何から覚えればいいのか」
「教えてくれる人はいるのか」

初日は先輩と一緒に工程を確認します。ひとりで判断する場面は少なめです。

──────────────
【◆作業の流れ◆】
■ 開梱
届いた段ボールを開け、中身を取り出します。
■ 照合
注文票と中身を照らし合わせます。
■ 再梱包
出荷用の箱に詰め直し、封をします。
■ 出荷準備
ラベルを貼り、集荷場所へ移します。

──────────────
【◆未経験の方へ◆】
✔ 数量はリストで二重に確認します
✔ 品番の読み方から説明します
✔ 分からないときは手を止めて聞けます
✔ 慣れるまでは同じ工程を続けられます

──────────────
【◆勤務地◆】

滋賀県米原市長岡
最寄り駅：近江長岡駅

給与や勤務時間、シフトの組み方は、
ご応募いただいた後にお伝えします。
少しでも気になったら、ご応募ください。","《◆こんな環境です◆》

✅ ① 作業台のまわりで完結
倉庫内を移動し続ける仕事ではありません。

✅ ② 会話は最小限
集中して手を動かしたい方に合っています。

✅ ③ 質問しやすい距離に担当者
手を止めて聞ける環境です。

──────────────
《◆向いている方◆》
✔ 正確さに自信がある方
✔ マニュアルどおりに進めるのが得意な方
✔ 体を動かしながら集中したい方

──────────────
《◆応募について◆》
✔ 資格・経験の条件はありません
✔ 給与・勤務時間・シフト・待遇はご応募後にお伝えします
✔ 質問だけのご連絡も受け付けています"
三重県四日市,検品・梱包作業,南四日市,三重県四日市市日永東,静かに働ける◇検品と梱包を担当する倉庫スタッフ✨,コツコツ派に｜梱包・ラベル貼り担当｜南四日市駅エリア,"┏━━━━━━━━━━━━━━━┓
＼三重県四日市エリアで新しい仲間を募集／
箱を開けて、数を数えて、また閉じる。
倉庫の検品・梱包スタッフを募集します
┗━━━━━━━━━━━━━━━┛

こんな不安はありませんか？
「単純作業は飽きそう」
「同じことの繰り返しは苦手かも」

検品・梱包・ラベル貼りと、日によって担当が変わることがあります。

──────────────
【◆作業の流れ◆】
■ 開梱
届いた段ボールを開け、中身を取り出します。
■ 照合
注文票と中身を照らし合わせます。
■ 再梱包
出荷用の箱に詰め直し、封をします。
■ 出荷準備
ラベルを貼り、集荷場所へ移します。

──────────────
【◆未経験の方へ◆】
✔ 作業は作業台のまわりで完結します
✔ 運ぶのは箱に入る程度の商品です
✔ 担当工程は日によって変わることがあります
✔ 経験の有無で担当を分けることはありません

──────────────
【◆勤務地◆】

三重県四日市市日永東
最寄り駅：南四日市駅

給与や勤務時間、シフトの組み方は、
ご応募いただいた後にお伝えします。
少しでも気になったら、ご応募ください。","《◆この仕事の特徴◆》

✅ ① 倉庫がはじめての方が多い工程
入口の仕事として選ばれています。

✅ ② 資格・経験の条件なし
検品も梱包も、手順どおりに進める作業です。

✅ ③ 出荷前の最後の確認役
自分の目で確かめたものが、そのまま届け先へ向かいます。

──────────────
《◆向いている方◆》
✔ 正確さに自信がある方
✔ マニュアルどおりに進めるのが得意な方
✔ 体を動かしながら集中したい方

──────────────
《◆応募について◆》
✔ 資格・経験の条件はありません
✔ 給与・勤務時間・シフト・待遇はご応募後にお伝えします
✔ 質問だけのご連絡も受け付けています"
三重県四日市,検品・梱包作業,富田,三重県四日市市富田,1日の流れがシンプル◇検品と梱包を担当する倉庫スタッフ♪,はじめてでも｜出荷前の検品・梱包｜富田駅エリア,"┏━━━━━━━━━━━━━━━┓
＼三重県四日市エリアで新しい仲間を募集／
伝票と現物、合っているかを見る仕事です。
出荷前のチェックを担当するスタッフ募集
┗━━━━━━━━━━━━━━━┛

こんな不安はありませんか？
「単純作業は飽きそう」
「同じことの繰り返しは苦手かも」

検品・梱包・ラベル貼りと、日によって担当が変わることがあります。

──────────────
【◆作業の流れ◆】
■ 開梱
届いた段ボールを開け、中身を取り出します。
■ 照合
注文票と中身を照らし合わせます。
■ 再梱包
出荷用の箱に詰め直し、封をします。
■ 出荷準備
ラベルを貼り、集荷場所へ移します。

──────────────
【◆未経験の方へ◆】
✔ 作業は作業台のまわりで完結します
✔ 運ぶのは箱に入る程度の商品です
✔ 担当工程は日によって変わることがあります
✔ 経験の有無で担当を分けることはありません

──────────────
【◆勤務地◆】

三重県四日市市富田
最寄り駅：富田駅

給与や勤務時間、シフトの組み方は、
ご応募いただいた後にお伝えします。
少しでも気になったら、ご応募ください。","《◆はじめやすいポイント◆》

✅ ① 倉庫がはじめての方が多い工程
入口の仕事として選ばれています。

✅ ② 資格・経験の条件なし
検品も梱包も、手順どおりに進める作業です。

✅ ③ 出荷前の最後の確認役
自分の目で確かめたものが、そのまま届け先へ向かいます。

──────────────
《◆向いている方◆》
✔ 正確さに自信がある方
✔ マニュアルどおりに進めるのが得意な方
✔ 体を動かしながら集中したい方

──────────────
《◆応募について◆》
✔ 資格・経験の条件はありません
✔ 給与・勤務時間・シフト・待遇はご応募後にお伝えします
✔ 質問だけのご連絡も受け付けています"
三重県四日市,検品・梱包作業,楠,三重県四日市市楠町南川,身近な駅で◇検品と梱包を担当する倉庫スタッフ◎,経験なしから｜出荷前の検品・梱包｜楠駅エリア,"┏━━━━━━━━━━━━━━━┓
＼三重県四日市エリアで新しい仲間を募集／
今日やることは、作業に入る前に決まっています。
検品・梱包の軽作業スタッフ募集
┗━━━━━━━━━━━━━━━┛

こんな不安はありませんか？
「単純作業は飽きそう」
「同じことの繰り返しは苦手かも」

検品・梱包・ラベル貼りと、日によって担当が変わることがあります。

──────────────
【◆作業の流れ◆】
■ 開梱
届いた段ボールを開け、中身を取り出します。
■ 照合
注文票と中身を照らし合わせます。
■ 再梱包
出荷用の箱に詰め直し、封をします。
■ 出荷準備
ラベルを貼り、集荷場所へ移します。

──────────────
【◆未経験の方へ◆】
✔ 手順書を見ながら進められます
✔ 検品・梱包・ラベル貼りを順に覚えます
✔ 商品は片手で持てるものが中心です
✔ 質問しやすい距離に担当者がいます

──────────────
【◆勤務地◆】

三重県四日市市楠町南川
最寄り駅：楠駅

給与や勤務時間、シフトの組み方は、
ご応募いただいた後にお伝えします。
少しでも気になったら、ご応募ください。","《◆一日の過ごし方◆》

✅ ① 倉庫がはじめての方が多い工程
入口の仕事として選ばれています。

✅ ② 資格・経験の条件なし
検品も梱包も、手順どおりに進める作業です。

✅ ③ 出荷前の最後の確認役
自分の目で確かめたものが、そのまま届け先へ向かいます。

──────────────
《◆向いている方◆》
✔ 正確さに自信がある方
✔ マニュアルどおりに進めるのが得意な方
✔ 体を動かしながら集中したい方

──────────────
《◆応募について◆》
✔ 資格・経験の条件はありません
✔ 給与・勤務時間・シフト・待遇はご応募後にお伝えします
✔ 質問だけのご連絡も受け付けています"
三重県亀山市,検品・梱包作業,井田川,三重県亀山市井田川町,難しい操作なし◇検品と梱包を担当する倉庫スタッフ！,手順あり｜出荷前の検品・梱包｜井田川駅エリア,"┏━━━━━━━━━━━━━━━┓
＼三重県亀山市エリアで新しい仲間を募集／
包んで、詰めて、貼る。この 3 つが基本です。
倉庫内の梱包スタッフを募集します
┗━━━━━━━━━━━━━━━┛

こんな不安はありませんか？
「単純作業は飽きそう」
「同じことの繰り返しは苦手かも」

検品・梱包・ラベル貼りと、日によって担当が変わることがあります。

──────────────
【◆作業の流れ◆】
■ 開梱
届いた段ボールを開け、中身を取り出します。
■ 照合
注文票と中身を照らし合わせます。
■ 再梱包
出荷用の箱に詰め直し、封をします。
■ 出荷準備
ラベルを貼り、集荷場所へ移します。

──────────────
【◆未経験の方へ◆】
✔ 手順書を見ながら進められます
✔ 検品・梱包・ラベル貼りを順に覚えます
✔ 商品は片手で持てるものが中心です
✔ 質問しやすい距離に担当者がいます

──────────────
【◆勤務地◆】

三重県亀山市井田川町
最寄り駅：井田川駅

給与や勤務時間、シフトの組み方は、
ご応募いただいた後にお伝えします。
質問だけでも、ご連絡ください。","《◆作業のこだわり◆》

✅ ① 倉庫がはじめての方が多い工程
入口の仕事として選ばれています。

✅ ② 資格・経験の条件なし
検品も梱包も、手順どおりに進める作業です。

✅ ③ 出荷前の最後の確認役
自分の目で確かめたものが、そのまま届け先へ向かいます。

──────────────
《◆向いている方◆》
✔ 正確さに自信がある方
✔ マニュアルどおりに進めるのが得意な方
✔ 体を動かしながら集中したい方

──────────────
《◆応募について◆》
✔ 資格・経験の条件はありません
✔ 給与・勤務時間・シフト・待遇はご応募後にお伝えします
✔ 質問だけのご連絡も受け付けています"
滋賀県長浜市,検品・梱包作業,虎姫,滋賀県長浜市大寺町細田,ひとつずつ丁寧に◇検品と梱包を担当する倉庫スタッフ☆,接客なし｜出荷前の検品・梱包｜虎姫駅エリア,"┏━━━━━━━━━━━━━━━┓
＼滋賀県長浜市エリアで新しい仲間を募集／
手元の商品に集中できる環境です。
検品と箱詰めを担当する方を募集
┗━━━━━━━━━━━━━━━┛

こんな不安はありませんか？
「単純作業は飽きそう」
「同じことの繰り返しは苦手かも」

検品・梱包・ラベル貼りと、日によって担当が変わることがあります。

──────────────
【◆作業の流れ◆】
■ 開梱
届いた段ボールを開け、中身を取り出します。
■ 照合
注文票と中身を照らし合わせます。
■ 再梱包
出荷用の箱に詰め直し、封をします。
■ 出荷準備
ラベルを貼り、集荷場所へ移します。

──────────────
【◆未経験の方へ◆】
✔ 覚える品番は担当分だけです
✔ 速さより正確さを大切にしています
✔ 会話は最小限で作業に集中できます
✔ 倉庫の仕事がはじめての方も多い工程です

──────────────
【◆勤務地◆】

滋賀県長浜市大寺町細田
最寄り駅：虎姫駅

給与や勤務時間、シフトの組み方は、
ご応募いただいた後にお伝えします。
質問だけでも、ご連絡ください。","《◆長く続けられる理由◆》

✅ ① 倉庫がはじめての方が多い工程
入口の仕事として選ばれています。

✅ ② 資格・経験の条件なし
検品も梱包も、手順どおりに進める作業です。

✅ ③ 出荷前の最後の確認役
自分の目で確かめたものが、そのまま届け先へ向かいます。

──────────────
《◆向いている方◆》
✔ 正確さに自信がある方
✔ マニュアルどおりに進めるのが得意な方
✔ 体を動かしながら集中したい方

──────────────
《◆応募について◆》
✔ 資格・経験の条件はありません
✔ 給与・勤務時間・シフト・待遇はご応募後にお伝えします
✔ 質問だけのご連絡も受け付けています"
三重県津市,検品・梱包作業,高田本山,三重県津市一身田平野,腰を据えて長く◇検品と梱包を担当する倉庫スタッフ✨,コツコツ派に｜出荷前の検品・梱包｜高田本山駅エリア,"┏━━━━━━━━━━━━━━━┓
＼三重県津市エリアで新しい仲間を募集／
倉庫の仕事が、はじめての方へ。
検品・梱包・ラベル貼りの募集です
┗━━━━━━━━━━━━━━━┛

こんな不安はありませんか？
「単純作業は飽きそう」
「同じことの繰り返しは苦手かも」

検品・梱包・ラベル貼りと、日によって担当が変わることがあります。

──────────────
【◆作業の流れ◆】
■ 開梱
届いた段ボールを開け、中身を取り出します。
■ 照合
注文票と中身を照らし合わせます。
■ 再梱包
出荷用の箱に詰め直し、封をします。
■ 出荷準備
ラベルを貼り、集荷場所へ移します。

──────────────
【◆未経験の方へ◆】
✔ 覚える品番は担当分だけです
✔ 速さより正確さを大切にしています
✔ 会話は最小限で作業に集中できます
✔ 倉庫の仕事がはじめての方も多い工程です

──────────────
【◆勤務地◆】

三重県津市一身田平野
最寄り駅：高田本山駅

給与や勤務時間、シフトの組み方は、
ご応募いただいた後にお伝えします。
質問だけでも、ご連絡ください。","《◆こんな環境です◆》

✅ ① 倉庫がはじめての方が多い工程
入口の仕事として選ばれています。

✅ ② 資格・経験の条件なし
検品も梱包も、手順どおりに進める作業です。

✅ ③ 出荷前の最後の確認役
自分の目で確かめたものが、そのまま届け先へ向かいます。

──────────────
《◆向いている方◆》
✔ 正確さに自信がある方
✔ マニュアルどおりに進めるのが得意な方
✔ 体を動かしながら集中したい方

──────────────
《◆応募について◆》
✔ 資格・経験の条件はありません
✔ 給与・勤務時間・シフト・待遇はご応募後にお伝えします
✔ 質問だけのご連絡も受け付けています"
