行番号,案件No,会社名,職種名,キャッチコピー,仕事内容,アピールポイント
2,2951,株式会社ベストバイ,未経験OK｜ブランド買取スタッフ｜川西市,月給27.8万円〜◎個人ノルマなしのブランド買取スタッフ♪,"✦・━━━━━━━━━━━━━━━・✦
＼兵庫県川西市で募集中／
モノの価値を決める「査定」のプロへ。
未経験から始めるブランド買取スタッフ◎
✦・━━━━━━━━━━━━━━━・✦

「査定なんて、知識がないと無理では？」

その知識は、入ってから身につきます。
値づけは勘ではなく、手順で決まるからです。

＝＝＝＝＝＝＝＝＝＝＝＝＝＝＝
【✧査定は、この3ステップ✧】

■ ① 状態のチェック
傷・動作・付属品の有無を確認します。

■ ② 相場の確認
社内データと専用システムで市場価格を調べます。

■ ③ 価格の提示
状態と相場を掛け合わせて金額をお伝えします。

この3つを繰り返すうちに、
「この品はいくらか」が自然と分かるようになります。

＝＝＝＝＝＝＝＝＝＝＝＝＝＝＝
【✨このお仕事の魅力✨】

✅ 個人ノルマはありません
店舗の目標はありますが、個人に件数は課しません。
目の前のお客様との会話に集中できます。

✅ 高額品は一人で判断しません
本部のサポートチームが遠隔でアシストします。
独断でミスをするリスクがありません。

✅ 研修はオーダーメイド式
覚える速さは人それぞれ。
あなたのペースに合わせて進めます。

＝＝＝＝＝＝＝＝＝＝＝＝＝＝＝
【✧お仕事の内容✧】

■ 接客・買取査定
ブランド品・貴金属・高級時計・骨董品・お酒・
ジュエリー・家電・アパレル・楽器・ホビーなど

■ 店舗運営
陳列・レイアウト・POP作成。
自分の裁量でお店を作っていけます。

■ EC・事務
出品・発送・在庫管理

＝＝＝＝＝＝＝＝＝＝＝＝＝＝＝
【✔働き方✔】

✔ 09:45〜18:45（実働8時間／休憩1時間）
✔ 夜間勤務はありません
✔ 月平均の残業は10時間以下
✔ 週休二日制（シフト制／月8日以上）

まずはお気軽にご応募ください。

案件No：2951","《✼ここで働く4つの特徴✼》

✅ ① 個人ノルマなし、チームで動く
「今月あと○件…」という焦りがありません。
店舗の目標はありますが、個人に件数は課しません。
目の前のお客様との会話に集中できる環境です。

✅ ② 売り込まなくていい接客
買取は、お客様が「売りたい」と来てくださる仕事。
無理な営業は一切なく、正直な査定でお客様に
喜んでいただけます。
接客経験者ほど、この働き方の違いを実感するはずです。

✅ ③ 放っておかれない職場
わからないことはすぐ聞ける、困ったら誰かが動いてくれる。
高額品の査定は本部のサポートチームが遠隔でアシストします。

✅ ④ 頑張りが月収に反映されます
定期的に上長と面談を行い、成果を評価します。
等級が上がるたびに月収も上がる仕組みです。
賞与は年2回（6月・11月）、昇給は年1回（12月）。

＝＝＝＝＝＝＝＝＝＝＝＝＝＝＝
《✼待遇もしっかり✼》

✔ 交通費支給（上限35,000円／月）
✔ 住宅手当・家族手当・グレード手当・時間外手当
✔ 制服支給（オーダースーツ）
✔ 社員割引制度
✔ GLTD加入（所得補償保険／個人負担なし）
✔ 慰労金制度（勤続10年ごとに支給）
✔ iDeCoプラス・健康診断
✔ 年間休日110日、リフレッシュ休暇・フリーバカンス休暇あり"
3,2950,株式会社ベストバイ,未経験OK｜ブランド買取スタッフ｜川西市,月給27.8万円〜◎個人ノルマなしのブランド買取スタッフ♪,"✦・━━━━━━━━━━━━━━━・✦
＼兵庫県川西市で募集中／
売り込まない接客へ。ブランド買取スタッフ◎
✦・━━━━━━━━━━━━━━━・✦

「営業は数字に追われるもの」
そう思って、営業から離れた方へ。

買取は、お客様が「売りたい」と
自分から来てくださる仕事です。
こちらから売り込む場面がありません。

＝＝＝＝＝＝＝＝＝＝＝＝＝＝＝
【✨ここが他の営業と違います✨】

✅ 個人ノルマなし
店舗の目標はありますが、
個人に件数を課すことはしません。

✅ 追いかける営業ではありません
飛び込みもテレアポもありません。
ご来店いただいた方に、正直な査定をお伝えします。

✅ 判断を一人で背負いません
高額品の査定は本部が遠隔でアシストします。
困ったら誰かが動いてくれるチームです。

＝＝＝＝＝＝＝＝＝＝＝＝＝＝＝
【✧お仕事の内容✧】

■ 接客・買取査定
お客様がお持ちの品を、3つの手順で査定します。
①状態のチェック（傷・動作・付属品）
②相場の確認（社内データと専用システム）
③価格の提示（状態と相場から金額を算出）

取り扱うのは、ブランド品・貴金属・高級時計・
骨董品・お酒・ジュエリー・家電・アパレル・
楽器・ホビーなど、幅広い商材です。

■ 店舗運営
陳列・レイアウト・POP作成

■ EC・事務
出品・発送・在庫管理

＝＝＝＝＝＝＝＝＝＝＝＝＝＝＝
【✔働き方✔】

✔ 09:45〜18:45（実働8時間／休憩1時間）
✔ 夜間勤務なし、月平均の残業は10時間以下
✔ 週休二日制（シフト制／月8日以上）
✔ 賞与年2回（6月・11月）、昇給年1回（12月）

接客や販売の経験は、そのまま活かせます。

案件No：2950","《✼ここで働く4つの特徴✼》

✅ ① 個人ノルマなし、チームで動く
「今月あと○件…」という焦りがありません。
店舗の目標はありますが、個人に件数は課しません。
目の前のお客様との会話に集中できる環境です。

✅ ② 売り込まなくていい接客
買取は、お客様が「売りたい」と来てくださる仕事。
無理な営業は一切なく、正直な査定でお客様に
喜んでいただけます。
接客経験者ほど、この働き方の違いを実感するはずです。

✅ ③ 放っておかれない職場
わからないことはすぐ聞ける、困ったら誰かが動いてくれる。
高額品の査定は本部のサポートチームが遠隔でアシストします。

✅ ④ 頑張りが月収に反映されます
定期的に上長と面談を行い、成果を評価します。
等級が上がるたびに月収も上がる仕組みです。
賞与は年2回（6月・11月）、昇給は年1回（12月）。

＝＝＝＝＝＝＝＝＝＝＝＝＝＝＝
《✼待遇もしっかり✼》

✔ 交通費支給（上限35,000円／月）
✔ 住宅手当・家族手当・グレード手当・時間外手当
✔ 制服支給（オーダースーツ）
✔ 社員割引制度
✔ GLTD加入（所得補償保険／個人負担なし）
✔ 慰労金制度（勤続10年ごとに支給）
✔ iDeCoプラス・健康診断
✔ 年間休日110日、リフレッシュ休暇・フリーバカンス休暇あり"
4,2949,株式会社ベストバイ,未経験OK｜ブランド買取スタッフ｜神戸市東灘区,月給27.8万円〜◎個人ノルマなしのブランド買取スタッフ♪,"✦・━━━━━━━━━━━━━━━・✦
＼兵庫県神戸市東灘区で募集中／
知識ゼロから。ブランド買取スタッフ募集◎
✦・━━━━━━━━━━━━━━━・✦

「ブランドにも時計にも詳しくない」
「間違えて安く買ってしまったらどうしよう」

その心配は、仕組みで解消されています。

＝＝＝＝＝＝＝＝＝＝＝＝＝＝＝
【✨未経験でも大丈夫な理由✨】

✅ 一人で判断しなくていい
高額品の査定は、本部のサポートチームに
いつでも相談できます。
独断でミスをするリスクがありません。

✅ 値づけは手順で決まる
①状態のチェック ②相場の確認 ③価格の提示
この3ステップに沿って進めます。
相場は社内データと専用システムで調べられます。

✅ 研修はオーダーメイド式
覚える速さに合わせて進めるので、
焦る必要はありません。
査定の知識と接客スキルが同時に身につきます。

＝＝＝＝＝＝＝＝＝＝＝＝＝＝＝
【✧お仕事の内容✧】

■ 接客・買取査定
ブランド品・貴金属・高級時計・骨董品・お酒・
ジュエリー・家電・アパレル・楽器・ホビーなど

■ 店舗運営
陳列・レイアウト・POP作成

■ EC・事務
出品・発送・在庫管理

＝＝＝＝＝＝＝＝＝＝＝＝＝＝＝
【✨続けられる環境✨】

✔ 個人ノルマなし。店舗の目標をチームで追います
✔ 09:45〜18:45（実働8時間／休憩1時間）
✔ 夜間勤務なし、月平均の残業は10時間以下
✔ 等級が上がるごとに月収も上がる評価制度
✔ 制服はオーダースーツを支給します

まずは職種を知るところからで大丈夫です。
お気軽にご応募ください。

案件No：2949","《✼ここで働く4つの特徴✼》

✅ ① 個人ノルマなし、チームで動く
「今月あと○件…」という焦りがありません。
店舗の目標はありますが、個人に件数は課しません。
目の前のお客様との会話に集中できる環境です。

✅ ② 売り込まなくていい接客
買取は、お客様が「売りたい」と来てくださる仕事。
無理な営業は一切なく、正直な査定でお客様に
喜んでいただけます。
接客経験者ほど、この働き方の違いを実感するはずです。

✅ ③ 放っておかれない職場
わからないことはすぐ聞ける、困ったら誰かが動いてくれる。
高額品の査定は本部のサポートチームが遠隔でアシストします。

✅ ④ 頑張りが月収に反映されます
定期的に上長と面談を行い、成果を評価します。
等級が上がるたびに月収も上がる仕組みです。
賞与は年2回（6月・11月）、昇給は年1回（12月）。

＝＝＝＝＝＝＝＝＝＝＝＝＝＝＝
《✼待遇もしっかり✼》

✔ 交通費支給（上限35,000円／月）
✔ 住宅手当・家族手当・グレード手当・時間外手当
✔ 制服支給（オーダースーツ）
✔ 社員割引制度
✔ GLTD加入（所得補償保険／個人負担なし）
✔ 慰労金制度（勤続10年ごとに支給）
✔ iDeCoプラス・健康診断
✔ 年間休日110日、リフレッシュ休暇・フリーバカンス休暇あり"
5,2948,株式会社ベストバイ,未経験OK｜ブランド買取スタッフ｜神戸市長田区,月給27.8万円〜◎個人ノルマなしのブランド買取スタッフ♪,"✦・━━━━━━━━━━━━━━━・✦
＼兵庫県神戸市長田区で募集中／
モノの価値を決める「査定」のプロへ。
未経験から始めるブランド買取スタッフ◎
✦・━━━━━━━━━━━━━━━・✦

「査定なんて、知識がないと無理では？」

その知識は、入ってから身につきます。
値づけは勘ではなく、手順で決まるからです。

＝＝＝＝＝＝＝＝＝＝＝＝＝＝＝
【✧査定は、この3ステップ✧】

■ ① 状態のチェック
傷・動作・付属品の有無を確認します。

■ ② 相場の確認
社内データと専用システムで市場価格を調べます。

■ ③ 価格の提示
状態と相場を掛け合わせて金額をお伝えします。

この3つを繰り返すうちに、
「この品はいくらか」が自然と分かるようになります。

＝＝＝＝＝＝＝＝＝＝＝＝＝＝＝
【✨このお仕事の魅力✨】

✅ 個人ノルマはありません
店舗の目標はありますが、個人に件数は課しません。
目の前のお客様との会話に集中できます。

✅ 高額品は一人で判断しません
本部のサポートチームが遠隔でアシストします。
独断でミスをするリスクがありません。

✅ 研修はオーダーメイド式
覚える速さは人それぞれ。
あなたのペースに合わせて進めます。

＝＝＝＝＝＝＝＝＝＝＝＝＝＝＝
【✧お仕事の内容✧】

■ 接客・買取査定
ブランド品・貴金属・高級時計・骨董品・お酒・
ジュエリー・家電・アパレル・楽器・ホビーなど

■ 店舗運営
陳列・レイアウト・POP作成。
自分の裁量でお店を作っていけます。

■ EC・事務
出品・発送・在庫管理

＝＝＝＝＝＝＝＝＝＝＝＝＝＝＝
【✔働き方✔】

✔ 09:45〜18:45（実働8時間／休憩1時間）
✔ 夜間勤務はありません
✔ 月平均の残業は10時間以下
✔ 週休二日制（シフト制／月8日以上）

まずはお気軽にご応募ください。

案件No：2948","《✼ここで働く4つの特徴✼》

✅ ① 個人ノルマなし、チームで動く
「今月あと○件…」という焦りがありません。
店舗の目標はありますが、個人に件数は課しません。
目の前のお客様との会話に集中できる環境です。

✅ ② 売り込まなくていい接客
買取は、お客様が「売りたい」と来てくださる仕事。
無理な営業は一切なく、正直な査定でお客様に
喜んでいただけます。
接客経験者ほど、この働き方の違いを実感するはずです。

✅ ③ 放っておかれない職場
わからないことはすぐ聞ける、困ったら誰かが動いてくれる。
高額品の査定は本部のサポートチームが遠隔でアシストします。

✅ ④ 頑張りが月収に反映されます
定期的に上長と面談を行い、成果を評価します。
等級が上がるたびに月収も上がる仕組みです。
賞与は年2回（6月・11月）、昇給は年1回（12月）。

＝＝＝＝＝＝＝＝＝＝＝＝＝＝＝
《✼待遇もしっかり✼》

✔ 交通費支給（上限35,000円／月）
✔ 住宅手当・家族手当・グレード手当・時間外手当
✔ 制服支給（オーダースーツ）
✔ 社員割引制度
✔ GLTD加入（所得補償保険／個人負担なし）
✔ 慰労金制度（勤続10年ごとに支給）
✔ iDeCoプラス・健康診断
✔ 年間休日110日、リフレッシュ休暇・フリーバカンス休暇あり"
6,2947,株式会社ベストバイ,未経験OK｜ブランド買取スタッフ｜神戸市灘区,月給27.8万円〜◎個人ノルマなしのブランド買取スタッフ♪,"✦・━━━━━━━━━━━━━━━・✦
＼兵庫県神戸市灘区で募集中／
売り込まない接客へ。ブランド買取スタッフ◎
✦・━━━━━━━━━━━━━━━・✦

「営業は数字に追われるもの」
そう思って、営業から離れた方へ。

買取は、お客様が「売りたい」と
自分から来てくださる仕事です。
こちらから売り込む場面がありません。

＝＝＝＝＝＝＝＝＝＝＝＝＝＝＝
【✨ここが他の営業と違います✨】

✅ 個人ノルマなし
店舗の目標はありますが、
個人に件数を課すことはしません。

✅ 追いかける営業ではありません
飛び込みもテレアポもありません。
ご来店いただいた方に、正直な査定をお伝えします。

✅ 判断を一人で背負いません
高額品の査定は本部が遠隔でアシストします。
困ったら誰かが動いてくれるチームです。

＝＝＝＝＝＝＝＝＝＝＝＝＝＝＝
【✧お仕事の内容✧】

■ 接客・買取査定
お客様がお持ちの品を、3つの手順で査定します。
①状態のチェック（傷・動作・付属品）
②相場の確認（社内データと専用システム）
③価格の提示（状態と相場から金額を算出）

取り扱うのは、ブランド品・貴金属・高級時計・
骨董品・お酒・ジュエリー・家電・アパレル・
楽器・ホビーなど、幅広い商材です。

■ 店舗運営
陳列・レイアウト・POP作成

■ EC・事務
出品・発送・在庫管理

＝＝＝＝＝＝＝＝＝＝＝＝＝＝＝
【✔働き方✔】

✔ 09:45〜18:45（実働8時間／休憩1時間）
✔ 夜間勤務なし、月平均の残業は10時間以下
✔ 週休二日制（シフト制／月8日以上）
✔ 賞与年2回（6月・11月）、昇給年1回（12月）

接客や販売の経験は、そのまま活かせます。

案件No：2947","《✼ここで働く4つの特徴✼》

✅ ① 個人ノルマなし、チームで動く
「今月あと○件…」という焦りがありません。
店舗の目標はありますが、個人に件数は課しません。
目の前のお客様との会話に集中できる環境です。

✅ ② 売り込まなくていい接客
買取は、お客様が「売りたい」と来てくださる仕事。
無理な営業は一切なく、正直な査定でお客様に
喜んでいただけます。
接客経験者ほど、この働き方の違いを実感するはずです。

✅ ③ 放っておかれない職場
わからないことはすぐ聞ける、困ったら誰かが動いてくれる。
高額品の査定は本部のサポートチームが遠隔でアシストします。

✅ ④ 頑張りが月収に反映されます
定期的に上長と面談を行い、成果を評価します。
等級が上がるたびに月収も上がる仕組みです。
賞与は年2回（6月・11月）、昇給は年1回（12月）。

＝＝＝＝＝＝＝＝＝＝＝＝＝＝＝
《✼待遇もしっかり✼》

✔ 交通費支給（上限35,000円／月）
✔ 住宅手当・家族手当・グレード手当・時間外手当
✔ 制服支給（オーダースーツ）
✔ 社員割引制度
✔ GLTD加入（所得補償保険／個人負担なし）
✔ 慰労金制度（勤続10年ごとに支給）
✔ iDeCoプラス・健康診断
✔ 年間休日110日、リフレッシュ休暇・フリーバカンス休暇あり"
7,2946,株式会社ベストバイ,未経験OK｜ブランド買取スタッフ｜西宮市,月給27.8万円〜◎個人ノルマなしのブランド買取スタッフ♪,"✦・━━━━━━━━━━━━━━━・✦
＼兵庫県西宮市で募集中／
知識ゼロから。ブランド買取スタッフ募集◎
✦・━━━━━━━━━━━━━━━・✦

「ブランドにも時計にも詳しくない」
「間違えて安く買ってしまったらどうしよう」

その心配は、仕組みで解消されています。

＝＝＝＝＝＝＝＝＝＝＝＝＝＝＝
【✨未経験でも大丈夫な理由✨】

✅ 一人で判断しなくていい
高額品の査定は、本部のサポートチームに
いつでも相談できます。
独断でミスをするリスクがありません。

✅ 値づけは手順で決まる
①状態のチェック ②相場の確認 ③価格の提示
この3ステップに沿って進めます。
相場は社内データと専用システムで調べられます。

✅ 研修はオーダーメイド式
覚える速さに合わせて進めるので、
焦る必要はありません。
査定の知識と接客スキルが同時に身につきます。

＝＝＝＝＝＝＝＝＝＝＝＝＝＝＝
【✧お仕事の内容✧】

■ 接客・買取査定
ブランド品・貴金属・高級時計・骨董品・お酒・
ジュエリー・家電・アパレル・楽器・ホビーなど

■ 店舗運営
陳列・レイアウト・POP作成

■ EC・事務
出品・発送・在庫管理

＝＝＝＝＝＝＝＝＝＝＝＝＝＝＝
【✨続けられる環境✨】

✔ 個人ノルマなし。店舗の目標をチームで追います
✔ 09:45〜18:45（実働8時間／休憩1時間）
✔ 夜間勤務なし、月平均の残業は10時間以下
✔ 等級が上がるごとに月収も上がる評価制度
✔ 制服はオーダースーツを支給します

まずは職種を知るところからで大丈夫です。
お気軽にご応募ください。

案件No：2946","《✼ここで働く4つの特徴✼》

✅ ① 個人ノルマなし、チームで動く
「今月あと○件…」という焦りがありません。
店舗の目標はありますが、個人に件数は課しません。
目の前のお客様との会話に集中できる環境です。

✅ ② 売り込まなくていい接客
買取は、お客様が「売りたい」と来てくださる仕事。
無理な営業は一切なく、正直な査定でお客様に
喜んでいただけます。
接客経験者ほど、この働き方の違いを実感するはずです。

✅ ③ 放っておかれない職場
わからないことはすぐ聞ける、困ったら誰かが動いてくれる。
高額品の査定は本部のサポートチームが遠隔でアシストします。

✅ ④ 頑張りが月収に反映されます
定期的に上長と面談を行い、成果を評価します。
等級が上がるたびに月収も上がる仕組みです。
賞与は年2回（6月・11月）、昇給は年1回（12月）。

＝＝＝＝＝＝＝＝＝＝＝＝＝＝＝
《✼待遇もしっかり✼》

✔ 交通費支給（上限35,000円／月）
✔ 住宅手当・家族手当・グレード手当・時間外手当
✔ 制服支給（オーダースーツ）
✔ 社員割引制度
✔ GLTD加入（所得補償保険／個人負担なし）
✔ 慰労金制度（勤続10年ごとに支給）
✔ iDeCoプラス・健康診断
✔ 年間休日110日、リフレッシュ休暇・フリーバカンス休暇あり"
8,2945,株式会社ベストバイ,未経験OK｜ブランド買取スタッフ｜尼崎市,月給27.8万円〜◎個人ノルマなしのブランド買取スタッフ♪,"✦・━━━━━━━━━━━━━━━・✦
＼兵庫県尼崎市で募集中／
モノの価値を決める「査定」のプロへ。
未経験から始めるブランド買取スタッフ◎
✦・━━━━━━━━━━━━━━━・✦

「査定なんて、知識がないと無理では？」

その知識は、入ってから身につきます。
値づけは勘ではなく、手順で決まるからです。

＝＝＝＝＝＝＝＝＝＝＝＝＝＝＝
【✧査定は、この3ステップ✧】

■ ① 状態のチェック
傷・動作・付属品の有無を確認します。

■ ② 相場の確認
社内データと専用システムで市場価格を調べます。

■ ③ 価格の提示
状態と相場を掛け合わせて金額をお伝えします。

この3つを繰り返すうちに、
「この品はいくらか」が自然と分かるようになります。

＝＝＝＝＝＝＝＝＝＝＝＝＝＝＝
【✨このお仕事の魅力✨】

✅ 個人ノルマはありません
店舗の目標はありますが、個人に件数は課しません。
目の前のお客様との会話に集中できます。

✅ 高額品は一人で判断しません
本部のサポートチームが遠隔でアシストします。
独断でミスをするリスクがありません。

✅ 研修はオーダーメイド式
覚える速さは人それぞれ。
あなたのペースに合わせて進めます。

＝＝＝＝＝＝＝＝＝＝＝＝＝＝＝
【✧お仕事の内容✧】

■ 接客・買取査定
ブランド品・貴金属・高級時計・骨董品・お酒・
ジュエリー・家電・アパレル・楽器・ホビーなど

■ 店舗運営
陳列・レイアウト・POP作成。
自分の裁量でお店を作っていけます。

■ EC・事務
出品・発送・在庫管理

＝＝＝＝＝＝＝＝＝＝＝＝＝＝＝
【✔働き方✔】

✔ 09:45〜18:45（実働8時間／休憩1時間）
✔ 夜間勤務はありません
✔ 月平均の残業は10時間以下
✔ 週休二日制（シフト制／月8日以上）

まずはお気軽にご応募ください。

案件No：2945","《✼ここで働く4つの特徴✼》

✅ ① 個人ノルマなし、チームで動く
「今月あと○件…」という焦りがありません。
店舗の目標はありますが、個人に件数は課しません。
目の前のお客様との会話に集中できる環境です。

✅ ② 売り込まなくていい接客
買取は、お客様が「売りたい」と来てくださる仕事。
無理な営業は一切なく、正直な査定でお客様に
喜んでいただけます。
接客経験者ほど、この働き方の違いを実感するはずです。

✅ ③ 放っておかれない職場
わからないことはすぐ聞ける、困ったら誰かが動いてくれる。
高額品の査定は本部のサポートチームが遠隔でアシストします。

✅ ④ 頑張りが月収に反映されます
定期的に上長と面談を行い、成果を評価します。
等級が上がるたびに月収も上がる仕組みです。
賞与は年2回（6月・11月）、昇給は年1回（12月）。

＝＝＝＝＝＝＝＝＝＝＝＝＝＝＝
《✼待遇もしっかり✼》

✔ 交通費支給（上限35,000円／月）
✔ 住宅手当・家族手当・グレード手当・時間外手当
✔ 制服支給（オーダースーツ）
✔ 社員割引制度
✔ GLTD加入（所得補償保険／個人負担なし）
✔ 慰労金制度（勤続10年ごとに支給）
✔ iDeCoプラス・健康診断
✔ 年間休日110日、リフレッシュ休暇・フリーバカンス休暇あり"
9,2944,株式会社ベストバイ,未経験OK｜ブランド買取スタッフ｜姫路市,月給27.8万円〜◎個人ノルマなしのブランド買取スタッフ♪,"✦・━━━━━━━━━━━━━━━・✦
＼兵庫県姫路市で募集中／
売り込まない接客へ。ブランド買取スタッフ◎
✦・━━━━━━━━━━━━━━━・✦

「営業は数字に追われるもの」
そう思って、営業から離れた方へ。

買取は、お客様が「売りたい」と
自分から来てくださる仕事です。
こちらから売り込む場面がありません。

＝＝＝＝＝＝＝＝＝＝＝＝＝＝＝
【✨ここが他の営業と違います✨】

✅ 個人ノルマなし
店舗の目標はありますが、
個人に件数を課すことはしません。

✅ 追いかける営業ではありません
飛び込みもテレアポもありません。
ご来店いただいた方に、正直な査定をお伝えします。

✅ 判断を一人で背負いません
高額品の査定は本部が遠隔でアシストします。
困ったら誰かが動いてくれるチームです。

＝＝＝＝＝＝＝＝＝＝＝＝＝＝＝
【✧お仕事の内容✧】

■ 接客・買取査定
お客様がお持ちの品を、3つの手順で査定します。
①状態のチェック（傷・動作・付属品）
②相場の確認（社内データと専用システム）
③価格の提示（状態と相場から金額を算出）

取り扱うのは、ブランド品・貴金属・高級時計・
骨董品・お酒・ジュエリー・家電・アパレル・
楽器・ホビーなど、幅広い商材です。

■ 店舗運営
陳列・レイアウト・POP作成

■ EC・事務
出品・発送・在庫管理

＝＝＝＝＝＝＝＝＝＝＝＝＝＝＝
【✔働き方✔】

✔ 09:45〜18:45（実働8時間／休憩1時間）
✔ 夜間勤務なし、月平均の残業は10時間以下
✔ 週休二日制（シフト制／月8日以上）
✔ 賞与年2回（6月・11月）、昇給年1回（12月）

接客や販売の経験は、そのまま活かせます。

案件No：2944","《✼ここで働く4つの特徴✼》

✅ ① 個人ノルマなし、チームで動く
「今月あと○件…」という焦りがありません。
店舗の目標はありますが、個人に件数は課しません。
目の前のお客様との会話に集中できる環境です。

✅ ② 売り込まなくていい接客
買取は、お客様が「売りたい」と来てくださる仕事。
無理な営業は一切なく、正直な査定でお客様に
喜んでいただけます。
接客経験者ほど、この働き方の違いを実感するはずです。

✅ ③ 放っておかれない職場
わからないことはすぐ聞ける、困ったら誰かが動いてくれる。
高額品の査定は本部のサポートチームが遠隔でアシストします。

✅ ④ 頑張りが月収に反映されます
定期的に上長と面談を行い、成果を評価します。
等級が上がるたびに月収も上がる仕組みです。
賞与は年2回（6月・11月）、昇給は年1回（12月）。

＝＝＝＝＝＝＝＝＝＝＝＝＝＝＝
《✼待遇もしっかり✼》

✔ 交通費支給（上限35,000円／月）
✔ 住宅手当・家族手当・グレード手当・時間外手当
✔ 制服支給（オーダースーツ）
✔ 社員割引制度
✔ GLTD加入（所得補償保険／個人負担なし）
✔ 慰労金制度（勤続10年ごとに支給）
✔ iDeCoプラス・健康診断
✔ 年間休日110日、リフレッシュ休暇・フリーバカンス休暇あり"
10,2943,株式会社ベストバイ,未経験OK｜ブランド買取スタッフ｜伊丹市,月給27.8万円〜◎個人ノルマなしのブランド買取スタッフ♪,"✦・━━━━━━━━━━━━━━━・✦
＼兵庫県伊丹市で募集中／
知識ゼロから。ブランド買取スタッフ募集◎
✦・━━━━━━━━━━━━━━━・✦

「ブランドにも時計にも詳しくない」
「間違えて安く買ってしまったらどうしよう」

その心配は、仕組みで解消されています。

＝＝＝＝＝＝＝＝＝＝＝＝＝＝＝
【✨未経験でも大丈夫な理由✨】

✅ 一人で判断しなくていい
高額品の査定は、本部のサポートチームに
いつでも相談できます。
独断でミスをするリスクがありません。

✅ 値づけは手順で決まる
①状態のチェック ②相場の確認 ③価格の提示
この3ステップに沿って進めます。
相場は社内データと専用システムで調べられます。

✅ 研修はオーダーメイド式
覚える速さに合わせて進めるので、
焦る必要はありません。
査定の知識と接客スキルが同時に身につきます。

＝＝＝＝＝＝＝＝＝＝＝＝＝＝＝
【✧お仕事の内容✧】

■ 接客・買取査定
ブランド品・貴金属・高級時計・骨董品・お酒・
ジュエリー・家電・アパレル・楽器・ホビーなど

■ 店舗運営
陳列・レイアウト・POP作成

■ EC・事務
出品・発送・在庫管理

＝＝＝＝＝＝＝＝＝＝＝＝＝＝＝
【✨続けられる環境✨】

✔ 個人ノルマなし。店舗の目標をチームで追います
✔ 09:45〜18:45（実働8時間／休憩1時間）
✔ 夜間勤務なし、月平均の残業は10時間以下
✔ 等級が上がるごとに月収も上がる評価制度
✔ 制服はオーダースーツを支給します

まずは職種を知るところからで大丈夫です。
お気軽にご応募ください。

案件No：2943","《✼ここで働く4つの特徴✼》

✅ ① 個人ノルマなし、チームで動く
「今月あと○件…」という焦りがありません。
店舗の目標はありますが、個人に件数は課しません。
目の前のお客様との会話に集中できる環境です。

✅ ② 売り込まなくていい接客
買取は、お客様が「売りたい」と来てくださる仕事。
無理な営業は一切なく、正直な査定でお客様に
喜んでいただけます。
接客経験者ほど、この働き方の違いを実感するはずです。

✅ ③ 放っておかれない職場
わからないことはすぐ聞ける、困ったら誰かが動いてくれる。
高額品の査定は本部のサポートチームが遠隔でアシストします。

✅ ④ 頑張りが月収に反映されます
定期的に上長と面談を行い、成果を評価します。
等級が上がるたびに月収も上がる仕組みです。
賞与は年2回（6月・11月）、昇給は年1回（12月）。

＝＝＝＝＝＝＝＝＝＝＝＝＝＝＝
《✼待遇もしっかり✼》

✔ 交通費支給（上限35,000円／月）
✔ 住宅手当・家族手当・グレード手当・時間外手当
✔ 制服支給（オーダースーツ）
✔ 社員割引制度
✔ GLTD加入（所得補償保険／個人負担なし）
✔ 慰労金制度（勤続10年ごとに支給）
✔ iDeCoプラス・健康診断
✔ 年間休日110日、リフレッシュ休暇・フリーバカンス休暇あり"
11,2942,株式会社ベストバイ,未経験OK｜ブランド買取スタッフ｜神戸市須磨区,月給27.8万円〜◎個人ノルマなしのブランド買取スタッフ♪,"✦・━━━━━━━━━━━━━━━・✦
＼兵庫県神戸市須磨区で募集中／
モノの価値を決める「査定」のプロへ。
未経験から始めるブランド買取スタッフ◎
✦・━━━━━━━━━━━━━━━・✦

「査定なんて、知識がないと無理では？」

その知識は、入ってから身につきます。
値づけは勘ではなく、手順で決まるからです。

＝＝＝＝＝＝＝＝＝＝＝＝＝＝＝
【✧査定は、この3ステップ✧】

■ ① 状態のチェック
傷・動作・付属品の有無を確認します。

■ ② 相場の確認
社内データと専用システムで市場価格を調べます。

■ ③ 価格の提示
状態と相場を掛け合わせて金額をお伝えします。

この3つを繰り返すうちに、
「この品はいくらか」が自然と分かるようになります。

＝＝＝＝＝＝＝＝＝＝＝＝＝＝＝
【✨このお仕事の魅力✨】

✅ 個人ノルマはありません
店舗の目標はありますが、個人に件数は課しません。
目の前のお客様との会話に集中できます。

✅ 高額品は一人で判断しません
本部のサポートチームが遠隔でアシストします。
独断でミスをするリスクがありません。

✅ 研修はオーダーメイド式
覚える速さは人それぞれ。
あなたのペースに合わせて進めます。

＝＝＝＝＝＝＝＝＝＝＝＝＝＝＝
【✧お仕事の内容✧】

■ 接客・買取査定
ブランド品・貴金属・高級時計・骨董品・お酒・
ジュエリー・家電・アパレル・楽器・ホビーなど

■ 店舗運営
陳列・レイアウト・POP作成。
自分の裁量でお店を作っていけます。

■ EC・事務
出品・発送・在庫管理

＝＝＝＝＝＝＝＝＝＝＝＝＝＝＝
【✔働き方✔】

✔ 09:45〜18:45（実働8時間／休憩1時間）
✔ 夜間勤務はありません
✔ 月平均の残業は10時間以下
✔ 週休二日制（シフト制／月8日以上）

まずはお気軽にご応募ください。

案件No：2942","《✼ここで働く4つの特徴✼》

✅ ① 個人ノルマなし、チームで動く
「今月あと○件…」という焦りがありません。
店舗の目標はありますが、個人に件数は課しません。
目の前のお客様との会話に集中できる環境です。

✅ ② 売り込まなくていい接客
買取は、お客様が「売りたい」と来てくださる仕事。
無理な営業は一切なく、正直な査定でお客様に
喜んでいただけます。
接客経験者ほど、この働き方の違いを実感するはずです。

✅ ③ 放っておかれない職場
わからないことはすぐ聞ける、困ったら誰かが動いてくれる。
高額品の査定は本部のサポートチームが遠隔でアシストします。

✅ ④ 頑張りが月収に反映されます
定期的に上長と面談を行い、成果を評価します。
等級が上がるたびに月収も上がる仕組みです。
賞与は年2回（6月・11月）、昇給は年1回（12月）。

＝＝＝＝＝＝＝＝＝＝＝＝＝＝＝
《✼待遇もしっかり✼》

✔ 交通費支給（上限35,000円／月）
✔ 住宅手当・家族手当・グレード手当・時間外手当
✔ 制服支給（オーダースーツ）
✔ 社員割引制度
✔ GLTD加入（所得補償保険／個人負担なし）
✔ 慰労金制度（勤続10年ごとに支給）
✔ iDeCoプラス・健康診断
✔ 年間休日110日、リフレッシュ休暇・フリーバカンス休暇あり"
12,2941,株式会社ベストバイ,未経験OK｜ブランド買取スタッフ｜神戸市中央区,月給27.8万円〜◎個人ノルマなしのブランド買取スタッフ♪,"✦・━━━━━━━━━━━━━━━・✦
＼兵庫県神戸市中央区で募集中／
売り込まない接客へ。ブランド買取スタッフ◎
✦・━━━━━━━━━━━━━━━・✦

「営業は数字に追われるもの」
そう思って、営業から離れた方へ。

買取は、お客様が「売りたい」と
自分から来てくださる仕事です。
こちらから売り込む場面がありません。

＝＝＝＝＝＝＝＝＝＝＝＝＝＝＝
【✨ここが他の営業と違います✨】

✅ 個人ノルマなし
店舗の目標はありますが、
個人に件数を課すことはしません。

✅ 追いかける営業ではありません
飛び込みもテレアポもありません。
ご来店いただいた方に、正直な査定をお伝えします。

✅ 判断を一人で背負いません
高額品の査定は本部が遠隔でアシストします。
困ったら誰かが動いてくれるチームです。

＝＝＝＝＝＝＝＝＝＝＝＝＝＝＝
【✧お仕事の内容✧】

■ 接客・買取査定
お客様がお持ちの品を、3つの手順で査定します。
①状態のチェック（傷・動作・付属品）
②相場の確認（社内データと専用システム）
③価格の提示（状態と相場から金額を算出）

取り扱うのは、ブランド品・貴金属・高級時計・
骨董品・お酒・ジュエリー・家電・アパレル・
楽器・ホビーなど、幅広い商材です。

■ 店舗運営
陳列・レイアウト・POP作成

■ EC・事務
出品・発送・在庫管理

＝＝＝＝＝＝＝＝＝＝＝＝＝＝＝
【✔働き方✔】

✔ 09:45〜18:45（実働8時間／休憩1時間）
✔ 夜間勤務なし、月平均の残業は10時間以下
✔ 週休二日制（シフト制／月8日以上）
✔ 賞与年2回（6月・11月）、昇給年1回（12月）

接客や販売の経験は、そのまま活かせます。

案件No：2941","《✼ここで働く4つの特徴✼》

✅ ① 個人ノルマなし、チームで動く
「今月あと○件…」という焦りがありません。
店舗の目標はありますが、個人に件数は課しません。
目の前のお客様との会話に集中できる環境です。

✅ ② 売り込まなくていい接客
買取は、お客様が「売りたい」と来てくださる仕事。
無理な営業は一切なく、正直な査定でお客様に
喜んでいただけます。
接客経験者ほど、この働き方の違いを実感するはずです。

✅ ③ 放っておかれない職場
わからないことはすぐ聞ける、困ったら誰かが動いてくれる。
高額品の査定は本部のサポートチームが遠隔でアシストします。

✅ ④ 頑張りが月収に反映されます
定期的に上長と面談を行い、成果を評価します。
等級が上がるたびに月収も上がる仕組みです。
賞与は年2回（6月・11月）、昇給は年1回（12月）。

＝＝＝＝＝＝＝＝＝＝＝＝＝＝＝
《✼待遇もしっかり✼》

✔ 交通費支給（上限35,000円／月）
✔ 住宅手当・家族手当・グレード手当・時間外手当
✔ 制服支給（オーダースーツ）
✔ 社員割引制度
✔ GLTD加入（所得補償保険／個人負担なし）
✔ 慰労金制度（勤続10年ごとに支給）
✔ iDeCoプラス・健康診断
✔ 年間休日110日、リフレッシュ休暇・フリーバカンス休暇あり"
13,2940,株式会社ベストバイ,未経験OK｜ブランド買取スタッフ｜宝塚市,月給27.8万円〜◎個人ノルマなしのブランド買取スタッフ♪,"✦・━━━━━━━━━━━━━━━・✦
＼兵庫県宝塚市で募集中／
知識ゼロから。ブランド買取スタッフ募集◎
✦・━━━━━━━━━━━━━━━・✦

「ブランドにも時計にも詳しくない」
「間違えて安く買ってしまったらどうしよう」

その心配は、仕組みで解消されています。

＝＝＝＝＝＝＝＝＝＝＝＝＝＝＝
【✨未経験でも大丈夫な理由✨】

✅ 一人で判断しなくていい
高額品の査定は、本部のサポートチームに
いつでも相談できます。
独断でミスをするリスクがありません。

✅ 値づけは手順で決まる
①状態のチェック ②相場の確認 ③価格の提示
この3ステップに沿って進めます。
相場は社内データと専用システムで調べられます。

✅ 研修はオーダーメイド式
覚える速さに合わせて進めるので、
焦る必要はありません。
査定の知識と接客スキルが同時に身につきます。

＝＝＝＝＝＝＝＝＝＝＝＝＝＝＝
【✧お仕事の内容✧】

■ 接客・買取査定
ブランド品・貴金属・高級時計・骨董品・お酒・
ジュエリー・家電・アパレル・楽器・ホビーなど

■ 店舗運営
陳列・レイアウト・POP作成

■ EC・事務
出品・発送・在庫管理

＝＝＝＝＝＝＝＝＝＝＝＝＝＝＝
【✨続けられる環境✨】

✔ 個人ノルマなし。店舗の目標をチームで追います
✔ 09:45〜18:45（実働8時間／休憩1時間）
✔ 夜間勤務なし、月平均の残業は10時間以下
✔ 等級が上がるごとに月収も上がる評価制度
✔ 制服はオーダースーツを支給します

まずは職種を知るところからで大丈夫です。
お気軽にご応募ください。

案件No：2940","《✼ここで働く4つの特徴✼》

✅ ① 個人ノルマなし、チームで動く
「今月あと○件…」という焦りがありません。
店舗の目標はありますが、個人に件数は課しません。
目の前のお客様との会話に集中できる環境です。

✅ ② 売り込まなくていい接客
買取は、お客様が「売りたい」と来てくださる仕事。
無理な営業は一切なく、正直な査定でお客様に
喜んでいただけます。
接客経験者ほど、この働き方の違いを実感するはずです。

✅ ③ 放っておかれない職場
わからないことはすぐ聞ける、困ったら誰かが動いてくれる。
高額品の査定は本部のサポートチームが遠隔でアシストします。

✅ ④ 頑張りが月収に反映されます
定期的に上長と面談を行い、成果を評価します。
等級が上がるたびに月収も上がる仕組みです。
賞与は年2回（6月・11月）、昇給は年1回（12月）。

＝＝＝＝＝＝＝＝＝＝＝＝＝＝＝
《✼待遇もしっかり✼》

✔ 交通費支給（上限35,000円／月）
✔ 住宅手当・家族手当・グレード手当・時間外手当
✔ 制服支給（オーダースーツ）
✔ 社員割引制度
✔ GLTD加入（所得補償保険／個人負担なし）
✔ 慰労金制度（勤続10年ごとに支給）
✔ iDeCoプラス・健康診断
✔ 年間休日110日、リフレッシュ休暇・フリーバカンス休暇あり"
14,2939,株式会社ベストバイ,未経験OK｜ブランド買取スタッフ｜和泉市,月給27.8万円〜◎個人ノルマなしのブランド買取スタッフ♪,"✦・━━━━━━━━━━━━━━━・✦
＼大阪府和泉市で募集中／
モノの価値を決める「査定」のプロへ。
未経験から始めるブランド買取スタッフ◎
✦・━━━━━━━━━━━━━━━・✦

「査定なんて、知識がないと無理では？」

その知識は、入ってから身につきます。
値づけは勘ではなく、手順で決まるからです。

＝＝＝＝＝＝＝＝＝＝＝＝＝＝＝
【✧査定は、この3ステップ✧】

■ ① 状態のチェック
傷・動作・付属品の有無を確認します。

■ ② 相場の確認
社内データと専用システムで市場価格を調べます。

■ ③ 価格の提示
状態と相場を掛け合わせて金額をお伝えします。

この3つを繰り返すうちに、
「この品はいくらか」が自然と分かるようになります。

＝＝＝＝＝＝＝＝＝＝＝＝＝＝＝
【✨このお仕事の魅力✨】

✅ 個人ノルマはありません
店舗の目標はありますが、個人に件数は課しません。
目の前のお客様との会話に集中できます。

✅ 高額品は一人で判断しません
本部のサポートチームが遠隔でアシストします。
独断でミスをするリスクがありません。

✅ 研修はオーダーメイド式
覚える速さは人それぞれ。
あなたのペースに合わせて進めます。

＝＝＝＝＝＝＝＝＝＝＝＝＝＝＝
【✧お仕事の内容✧】

■ 接客・買取査定
ブランド品・貴金属・高級時計・骨董品・お酒・
ジュエリー・家電・アパレル・楽器・ホビーなど

■ 店舗運営
陳列・レイアウト・POP作成。
自分の裁量でお店を作っていけます。

■ EC・事務
出品・発送・在庫管理

＝＝＝＝＝＝＝＝＝＝＝＝＝＝＝
【✔働き方✔】

✔ 09:45〜18:45（実働8時間／休憩1時間）
✔ 夜間勤務はありません
✔ 月平均の残業は10時間以下
✔ 週休二日制（シフト制／月8日以上）

まずはお気軽にご応募ください。

案件No：2939","《✼ここで働く4つの特徴✼》

✅ ① 個人ノルマなし、チームで動く
「今月あと○件…」という焦りがありません。
店舗の目標はありますが、個人に件数は課しません。
目の前のお客様との会話に集中できる環境です。

✅ ② 売り込まなくていい接客
買取は、お客様が「売りたい」と来てくださる仕事。
無理な営業は一切なく、正直な査定でお客様に
喜んでいただけます。
接客経験者ほど、この働き方の違いを実感するはずです。

✅ ③ 放っておかれない職場
わからないことはすぐ聞ける、困ったら誰かが動いてくれる。
高額品の査定は本部のサポートチームが遠隔でアシストします。

✅ ④ 頑張りが月収に反映されます
定期的に上長と面談を行い、成果を評価します。
等級が上がるたびに月収も上がる仕組みです。
賞与は年2回（6月・11月）、昇給は年1回（12月）。

＝＝＝＝＝＝＝＝＝＝＝＝＝＝＝
《✼待遇もしっかり✼》

✔ 交通費支給（上限35,000円／月）
✔ 住宅手当・家族手当・グレード手当・時間外手当
✔ 制服支給（オーダースーツ）
✔ 社員割引制度
✔ GLTD加入（所得補償保険／個人負担なし）
✔ 慰労金制度（勤続10年ごとに支給）
✔ iDeCoプラス・健康診断
✔ 年間休日110日、リフレッシュ休暇・フリーバカンス休暇あり"
15,2938,株式会社ベストバイ,未経験OK｜ブランド買取スタッフ｜和泉市,月給27.8万円〜◎個人ノルマなしのブランド買取スタッフ♪,"✦・━━━━━━━━━━━━━━━・✦
＼大阪府和泉市で募集中／
売り込まない接客へ。ブランド買取スタッフ◎
✦・━━━━━━━━━━━━━━━・✦

「営業は数字に追われるもの」
そう思って、営業から離れた方へ。

買取は、お客様が「売りたい」と
自分から来てくださる仕事です。
こちらから売り込む場面がありません。

＝＝＝＝＝＝＝＝＝＝＝＝＝＝＝
【✨ここが他の営業と違います✨】

✅ 個人ノルマなし
店舗の目標はありますが、
個人に件数を課すことはしません。

✅ 追いかける営業ではありません
飛び込みもテレアポもありません。
ご来店いただいた方に、正直な査定をお伝えします。

✅ 判断を一人で背負いません
高額品の査定は本部が遠隔でアシストします。
困ったら誰かが動いてくれるチームです。

＝＝＝＝＝＝＝＝＝＝＝＝＝＝＝
【✧お仕事の内容✧】

■ 接客・買取査定
お客様がお持ちの品を、3つの手順で査定します。
①状態のチェック（傷・動作・付属品）
②相場の確認（社内データと専用システム）
③価格の提示（状態と相場から金額を算出）

取り扱うのは、ブランド品・貴金属・高級時計・
骨董品・お酒・ジュエリー・家電・アパレル・
楽器・ホビーなど、幅広い商材です。

■ 店舗運営
陳列・レイアウト・POP作成

■ EC・事務
出品・発送・在庫管理

＝＝＝＝＝＝＝＝＝＝＝＝＝＝＝
【✔働き方✔】

✔ 09:45〜18:45（実働8時間／休憩1時間）
✔ 夜間勤務なし、月平均の残業は10時間以下
✔ 週休二日制（シフト制／月8日以上）
✔ 賞与年2回（6月・11月）、昇給年1回（12月）

接客や販売の経験は、そのまま活かせます。

案件No：2938","《✼ここで働く4つの特徴✼》

✅ ① 個人ノルマなし、チームで動く
「今月あと○件…」という焦りがありません。
店舗の目標はありますが、個人に件数は課しません。
目の前のお客様との会話に集中できる環境です。

✅ ② 売り込まなくていい接客
買取は、お客様が「売りたい」と来てくださる仕事。
無理な営業は一切なく、正直な査定でお客様に
喜んでいただけます。
接客経験者ほど、この働き方の違いを実感するはずです。

✅ ③ 放っておかれない職場
わからないことはすぐ聞ける、困ったら誰かが動いてくれる。
高額品の査定は本部のサポートチームが遠隔でアシストします。

✅ ④ 頑張りが月収に反映されます
定期的に上長と面談を行い、成果を評価します。
等級が上がるたびに月収も上がる仕組みです。
賞与は年2回（6月・11月）、昇給は年1回（12月）。

＝＝＝＝＝＝＝＝＝＝＝＝＝＝＝
《✼待遇もしっかり✼》

✔ 交通費支給（上限35,000円／月）
✔ 住宅手当・家族手当・グレード手当・時間外手当
✔ 制服支給（オーダースーツ）
✔ 社員割引制度
✔ GLTD加入（所得補償保険／個人負担なし）
✔ 慰労金制度（勤続10年ごとに支給）
✔ iDeCoプラス・健康診断
✔ 年間休日110日、リフレッシュ休暇・フリーバカンス休暇あり"
16,2937,株式会社ベストバイ,未経験OK｜ブランド買取スタッフ｜箕面市,月給27.8万円〜◎個人ノルマなしのブランド買取スタッフ♪,"✦・━━━━━━━━━━━━━━━・✦
＼大阪府箕面市で募集中／
知識ゼロから。ブランド買取スタッフ募集◎
✦・━━━━━━━━━━━━━━━・✦

「ブランドにも時計にも詳しくない」
「間違えて安く買ってしまったらどうしよう」

その心配は、仕組みで解消されています。

＝＝＝＝＝＝＝＝＝＝＝＝＝＝＝
【✨未経験でも大丈夫な理由✨】

✅ 一人で判断しなくていい
高額品の査定は、本部のサポートチームに
いつでも相談できます。
独断でミスをするリスクがありません。

✅ 値づけは手順で決まる
①状態のチェック ②相場の確認 ③価格の提示
この3ステップに沿って進めます。
相場は社内データと専用システムで調べられます。

✅ 研修はオーダーメイド式
覚える速さに合わせて進めるので、
焦る必要はありません。
査定の知識と接客スキルが同時に身につきます。

＝＝＝＝＝＝＝＝＝＝＝＝＝＝＝
【✧お仕事の内容✧】

■ 接客・買取査定
ブランド品・貴金属・高級時計・骨董品・お酒・
ジュエリー・家電・アパレル・楽器・ホビーなど

■ 店舗運営
陳列・レイアウト・POP作成

■ EC・事務
出品・発送・在庫管理

＝＝＝＝＝＝＝＝＝＝＝＝＝＝＝
【✨続けられる環境✨】

✔ 個人ノルマなし。店舗の目標をチームで追います
✔ 09:45〜18:45（実働8時間／休憩1時間）
✔ 夜間勤務なし、月平均の残業は10時間以下
✔ 等級が上がるごとに月収も上がる評価制度
✔ 制服はオーダースーツを支給します

まずは職種を知るところからで大丈夫です。
お気軽にご応募ください。

案件No：2937","《✼ここで働く4つの特徴✼》

✅ ① 個人ノルマなし、チームで動く
「今月あと○件…」という焦りがありません。
店舗の目標はありますが、個人に件数は課しません。
目の前のお客様との会話に集中できる環境です。

✅ ② 売り込まなくていい接客
買取は、お客様が「売りたい」と来てくださる仕事。
無理な営業は一切なく、正直な査定でお客様に
喜んでいただけます。
接客経験者ほど、この働き方の違いを実感するはずです。

✅ ③ 放っておかれない職場
わからないことはすぐ聞ける、困ったら誰かが動いてくれる。
高額品の査定は本部のサポートチームが遠隔でアシストします。

✅ ④ 頑張りが月収に反映されます
定期的に上長と面談を行い、成果を評価します。
等級が上がるたびに月収も上がる仕組みです。
賞与は年2回（6月・11月）、昇給は年1回（12月）。

＝＝＝＝＝＝＝＝＝＝＝＝＝＝＝
《✼待遇もしっかり✼》

✔ 交通費支給（上限35,000円／月）
✔ 住宅手当・家族手当・グレード手当・時間外手当
✔ 制服支給（オーダースーツ）
✔ 社員割引制度
✔ GLTD加入（所得補償保険／個人負担なし）
✔ 慰労金制度（勤続10年ごとに支給）
✔ iDeCoプラス・健康診断
✔ 年間休日110日、リフレッシュ休暇・フリーバカンス休暇あり"
17,2936,株式会社ベストバイ,未経験OK｜ブランド買取スタッフ｜枚方市,月給27.8万円〜◎個人ノルマなしのブランド買取スタッフ♪,"✦・━━━━━━━━━━━━━━━・✦
＼大阪府枚方市で募集中／
モノの価値を決める「査定」のプロへ。
未経験から始めるブランド買取スタッフ◎
✦・━━━━━━━━━━━━━━━・✦

「査定なんて、知識がないと無理では？」

その知識は、入ってから身につきます。
値づけは勘ではなく、手順で決まるからです。

＝＝＝＝＝＝＝＝＝＝＝＝＝＝＝
【✧査定は、この3ステップ✧】

■ ① 状態のチェック
傷・動作・付属品の有無を確認します。

■ ② 相場の確認
社内データと専用システムで市場価格を調べます。

■ ③ 価格の提示
状態と相場を掛け合わせて金額をお伝えします。

この3つを繰り返すうちに、
「この品はいくらか」が自然と分かるようになります。

＝＝＝＝＝＝＝＝＝＝＝＝＝＝＝
【✨このお仕事の魅力✨】

✅ 個人ノルマはありません
店舗の目標はありますが、個人に件数は課しません。
目の前のお客様との会話に集中できます。

✅ 高額品は一人で判断しません
本部のサポートチームが遠隔でアシストします。
独断でミスをするリスクがありません。

✅ 研修はオーダーメイド式
覚える速さは人それぞれ。
あなたのペースに合わせて進めます。

＝＝＝＝＝＝＝＝＝＝＝＝＝＝＝
【✧お仕事の内容✧】

■ 接客・買取査定
ブランド品・貴金属・高級時計・骨董品・お酒・
ジュエリー・家電・アパレル・楽器・ホビーなど

■ 店舗運営
陳列・レイアウト・POP作成。
自分の裁量でお店を作っていけます。

■ EC・事務
出品・発送・在庫管理

＝＝＝＝＝＝＝＝＝＝＝＝＝＝＝
【✔働き方✔】

✔ 09:45〜18:45（実働8時間／休憩1時間）
✔ 夜間勤務はありません
✔ 月平均の残業は10時間以下
✔ 週休二日制（シフト制／月8日以上）

まずはお気軽にご応募ください。

案件No：2936","《✼ここで働く4つの特徴✼》

✅ ① 個人ノルマなし、チームで動く
「今月あと○件…」という焦りがありません。
店舗の目標はありますが、個人に件数は課しません。
目の前のお客様との会話に集中できる環境です。

✅ ② 売り込まなくていい接客
買取は、お客様が「売りたい」と来てくださる仕事。
無理な営業は一切なく、正直な査定でお客様に
喜んでいただけます。
接客経験者ほど、この働き方の違いを実感するはずです。

✅ ③ 放っておかれない職場
わからないことはすぐ聞ける、困ったら誰かが動いてくれる。
高額品の査定は本部のサポートチームが遠隔でアシストします。

✅ ④ 頑張りが月収に反映されます
定期的に上長と面談を行い、成果を評価します。
等級が上がるたびに月収も上がる仕組みです。
賞与は年2回（6月・11月）、昇給は年1回（12月）。

＝＝＝＝＝＝＝＝＝＝＝＝＝＝＝
《✼待遇もしっかり✼》

✔ 交通費支給（上限35,000円／月）
✔ 住宅手当・家族手当・グレード手当・時間外手当
✔ 制服支給（オーダースーツ）
✔ 社員割引制度
✔ GLTD加入（所得補償保険／個人負担なし）
✔ 慰労金制度（勤続10年ごとに支給）
✔ iDeCoプラス・健康診断
✔ 年間休日110日、リフレッシュ休暇・フリーバカンス休暇あり"
18,2935,株式会社ベストバイ,未経験OK｜ブランド買取スタッフ｜枚方市,月給27.8万円〜◎個人ノルマなしのブランド買取スタッフ♪,"✦・━━━━━━━━━━━━━━━・✦
＼大阪府枚方市で募集中／
売り込まない接客へ。ブランド買取スタッフ◎
✦・━━━━━━━━━━━━━━━・✦

「営業は数字に追われるもの」
そう思って、営業から離れた方へ。

買取は、お客様が「売りたい」と
自分から来てくださる仕事です。
こちらから売り込む場面がありません。

＝＝＝＝＝＝＝＝＝＝＝＝＝＝＝
【✨ここが他の営業と違います✨】

✅ 個人ノルマなし
店舗の目標はありますが、
個人に件数を課すことはしません。

✅ 追いかける営業ではありません
飛び込みもテレアポもありません。
ご来店いただいた方に、正直な査定をお伝えします。

✅ 判断を一人で背負いません
高額品の査定は本部が遠隔でアシストします。
困ったら誰かが動いてくれるチームです。

＝＝＝＝＝＝＝＝＝＝＝＝＝＝＝
【✧お仕事の内容✧】

■ 接客・買取査定
お客様がお持ちの品を、3つの手順で査定します。
①状態のチェック（傷・動作・付属品）
②相場の確認（社内データと専用システム）
③価格の提示（状態と相場から金額を算出）

取り扱うのは、ブランド品・貴金属・高級時計・
骨董品・お酒・ジュエリー・家電・アパレル・
楽器・ホビーなど、幅広い商材です。

■ 店舗運営
陳列・レイアウト・POP作成

■ EC・事務
出品・発送・在庫管理

＝＝＝＝＝＝＝＝＝＝＝＝＝＝＝
【✔働き方✔】

✔ 09:45〜18:45（実働8時間／休憩1時間）
✔ 夜間勤務なし、月平均の残業は10時間以下
✔ 週休二日制（シフト制／月8日以上）
✔ 賞与年2回（6月・11月）、昇給年1回（12月）

接客や販売の経験は、そのまま活かせます。

案件No：2935","《✼ここで働く4つの特徴✼》

✅ ① 個人ノルマなし、チームで動く
「今月あと○件…」という焦りがありません。
店舗の目標はありますが、個人に件数は課しません。
目の前のお客様との会話に集中できる環境です。

✅ ② 売り込まなくていい接客
買取は、お客様が「売りたい」と来てくださる仕事。
無理な営業は一切なく、正直な査定でお客様に
喜んでいただけます。
接客経験者ほど、この働き方の違いを実感するはずです。

✅ ③ 放っておかれない職場
わからないことはすぐ聞ける、困ったら誰かが動いてくれる。
高額品の査定は本部のサポートチームが遠隔でアシストします。

✅ ④ 頑張りが月収に反映されます
定期的に上長と面談を行い、成果を評価します。
等級が上がるたびに月収も上がる仕組みです。
賞与は年2回（6月・11月）、昇給は年1回（12月）。

＝＝＝＝＝＝＝＝＝＝＝＝＝＝＝
《✼待遇もしっかり✼》

✔ 交通費支給（上限35,000円／月）
✔ 住宅手当・家族手当・グレード手当・時間外手当
✔ 制服支給（オーダースーツ）
✔ 社員割引制度
✔ GLTD加入（所得補償保険／個人負担なし）
✔ 慰労金制度（勤続10年ごとに支給）
✔ iDeCoプラス・健康診断
✔ 年間休日110日、リフレッシュ休暇・フリーバカンス休暇あり"
19,2934,株式会社ベストバイ,未経験OK｜ブランド買取スタッフ｜高槻市,月給27.8万円〜◎個人ノルマなしのブランド買取スタッフ♪,"✦・━━━━━━━━━━━━━━━・✦
＼大阪府高槻市で募集中／
知識ゼロから。ブランド買取スタッフ募集◎
✦・━━━━━━━━━━━━━━━・✦

「ブランドにも時計にも詳しくない」
「間違えて安く買ってしまったらどうしよう」

その心配は、仕組みで解消されています。

＝＝＝＝＝＝＝＝＝＝＝＝＝＝＝
【✨未経験でも大丈夫な理由✨】

✅ 一人で判断しなくていい
高額品の査定は、本部のサポートチームに
いつでも相談できます。
独断でミスをするリスクがありません。

✅ 値づけは手順で決まる
①状態のチェック ②相場の確認 ③価格の提示
この3ステップに沿って進めます。
相場は社内データと専用システムで調べられます。

✅ 研修はオーダーメイド式
覚える速さに合わせて進めるので、
焦る必要はありません。
査定の知識と接客スキルが同時に身につきます。

＝＝＝＝＝＝＝＝＝＝＝＝＝＝＝
【✧お仕事の内容✧】

■ 接客・買取査定
ブランド品・貴金属・高級時計・骨董品・お酒・
ジュエリー・家電・アパレル・楽器・ホビーなど

■ 店舗運営
陳列・レイアウト・POP作成

■ EC・事務
出品・発送・在庫管理

＝＝＝＝＝＝＝＝＝＝＝＝＝＝＝
【✨続けられる環境✨】

✔ 個人ノルマなし。店舗の目標をチームで追います
✔ 09:45〜18:45（実働8時間／休憩1時間）
✔ 夜間勤務なし、月平均の残業は10時間以下
✔ 等級が上がるごとに月収も上がる評価制度
✔ 制服はオーダースーツを支給します

まずは職種を知るところからで大丈夫です。
お気軽にご応募ください。

案件No：2934","《✼ここで働く4つの特徴✼》

✅ ① 個人ノルマなし、チームで動く
「今月あと○件…」という焦りがありません。
店舗の目標はありますが、個人に件数は課しません。
目の前のお客様との会話に集中できる環境です。

✅ ② 売り込まなくていい接客
買取は、お客様が「売りたい」と来てくださる仕事。
無理な営業は一切なく、正直な査定でお客様に
喜んでいただけます。
接客経験者ほど、この働き方の違いを実感するはずです。

✅ ③ 放っておかれない職場
わからないことはすぐ聞ける、困ったら誰かが動いてくれる。
高額品の査定は本部のサポートチームが遠隔でアシストします。

✅ ④ 頑張りが月収に反映されます
定期的に上長と面談を行い、成果を評価します。
等級が上がるたびに月収も上がる仕組みです。
賞与は年2回（6月・11月）、昇給は年1回（12月）。

＝＝＝＝＝＝＝＝＝＝＝＝＝＝＝
《✼待遇もしっかり✼》

✔ 交通費支給（上限35,000円／月）
✔ 住宅手当・家族手当・グレード手当・時間外手当
✔ 制服支給（オーダースーツ）
✔ 社員割引制度
✔ GLTD加入（所得補償保険／個人負担なし）
✔ 慰労金制度（勤続10年ごとに支給）
✔ iDeCoプラス・健康診断
✔ 年間休日110日、リフレッシュ休暇・フリーバカンス休暇あり"
20,2933,株式会社ベストバイ,未経験OK｜ブランド買取スタッフ｜寝屋川市,月給27.8万円〜◎個人ノルマなしのブランド買取スタッフ♪,"✦・━━━━━━━━━━━━━━━・✦
＼大阪府寝屋川市で募集中／
モノの価値を決める「査定」のプロへ。
未経験から始めるブランド買取スタッフ◎
✦・━━━━━━━━━━━━━━━・✦

「査定なんて、知識がないと無理では？」

その知識は、入ってから身につきます。
値づけは勘ではなく、手順で決まるからです。

＝＝＝＝＝＝＝＝＝＝＝＝＝＝＝
【✧査定は、この3ステップ✧】

■ ① 状態のチェック
傷・動作・付属品の有無を確認します。

■ ② 相場の確認
社内データと専用システムで市場価格を調べます。

■ ③ 価格の提示
状態と相場を掛け合わせて金額をお伝えします。

この3つを繰り返すうちに、
「この品はいくらか」が自然と分かるようになります。

＝＝＝＝＝＝＝＝＝＝＝＝＝＝＝
【✨このお仕事の魅力✨】

✅ 個人ノルマはありません
店舗の目標はありますが、個人に件数は課しません。
目の前のお客様との会話に集中できます。

✅ 高額品は一人で判断しません
本部のサポートチームが遠隔でアシストします。
独断でミスをするリスクがありません。

✅ 研修はオーダーメイド式
覚える速さは人それぞれ。
あなたのペースに合わせて進めます。

＝＝＝＝＝＝＝＝＝＝＝＝＝＝＝
【✧お仕事の内容✧】

■ 接客・買取査定
ブランド品・貴金属・高級時計・骨董品・お酒・
ジュエリー・家電・アパレル・楽器・ホビーなど

■ 店舗運営
陳列・レイアウト・POP作成。
自分の裁量でお店を作っていけます。

■ EC・事務
出品・発送・在庫管理

＝＝＝＝＝＝＝＝＝＝＝＝＝＝＝
【✔働き方✔】

✔ 09:45〜18:45（実働8時間／休憩1時間）
✔ 夜間勤務はありません
✔ 月平均の残業は10時間以下
✔ 週休二日制（シフト制／月8日以上）

まずはお気軽にご応募ください。

案件No：2933","《✼ここで働く4つの特徴✼》

✅ ① 個人ノルマなし、チームで動く
「今月あと○件…」という焦りがありません。
店舗の目標はありますが、個人に件数は課しません。
目の前のお客様との会話に集中できる環境です。

✅ ② 売り込まなくていい接客
買取は、お客様が「売りたい」と来てくださる仕事。
無理な営業は一切なく、正直な査定でお客様に
喜んでいただけます。
接客経験者ほど、この働き方の違いを実感するはずです。

✅ ③ 放っておかれない職場
わからないことはすぐ聞ける、困ったら誰かが動いてくれる。
高額品の査定は本部のサポートチームが遠隔でアシストします。

✅ ④ 頑張りが月収に反映されます
定期的に上長と面談を行い、成果を評価します。
等級が上がるたびに月収も上がる仕組みです。
賞与は年2回（6月・11月）、昇給は年1回（12月）。

＝＝＝＝＝＝＝＝＝＝＝＝＝＝＝
《✼待遇もしっかり✼》

✔ 交通費支給（上限35,000円／月）
✔ 住宅手当・家族手当・グレード手当・時間外手当
✔ 制服支給（オーダースーツ）
✔ 社員割引制度
✔ GLTD加入（所得補償保険／個人負担なし）
✔ 慰労金制度（勤続10年ごとに支給）
✔ iDeCoプラス・健康診断
✔ 年間休日110日、リフレッシュ休暇・フリーバカンス休暇あり"
21,2932,株式会社ベストバイ,未経験OK｜ブランド買取スタッフ｜寝屋川市,月給27.8万円〜◎個人ノルマなしのブランド買取スタッフ♪,"✦・━━━━━━━━━━━━━━━・✦
＼大阪府寝屋川市で募集中／
売り込まない接客へ。ブランド買取スタッフ◎
✦・━━━━━━━━━━━━━━━・✦

「営業は数字に追われるもの」
そう思って、営業から離れた方へ。

買取は、お客様が「売りたい」と
自分から来てくださる仕事です。
こちらから売り込む場面がありません。

＝＝＝＝＝＝＝＝＝＝＝＝＝＝＝
【✨ここが他の営業と違います✨】

✅ 個人ノルマなし
店舗の目標はありますが、
個人に件数を課すことはしません。

✅ 追いかける営業ではありません
飛び込みもテレアポもありません。
ご来店いただいた方に、正直な査定をお伝えします。

✅ 判断を一人で背負いません
高額品の査定は本部が遠隔でアシストします。
困ったら誰かが動いてくれるチームです。

＝＝＝＝＝＝＝＝＝＝＝＝＝＝＝
【✧お仕事の内容✧】

■ 接客・買取査定
お客様がお持ちの品を、3つの手順で査定します。
①状態のチェック（傷・動作・付属品）
②相場の確認（社内データと専用システム）
③価格の提示（状態と相場から金額を算出）

取り扱うのは、ブランド品・貴金属・高級時計・
骨董品・お酒・ジュエリー・家電・アパレル・
楽器・ホビーなど、幅広い商材です。

■ 店舗運営
陳列・レイアウト・POP作成

■ EC・事務
出品・発送・在庫管理

＝＝＝＝＝＝＝＝＝＝＝＝＝＝＝
【✔働き方✔】

✔ 09:45〜18:45（実働8時間／休憩1時間）
✔ 夜間勤務なし、月平均の残業は10時間以下
✔ 週休二日制（シフト制／月8日以上）
✔ 賞与年2回（6月・11月）、昇給年1回（12月）

接客や販売の経験は、そのまま活かせます。

案件No：2932","《✼ここで働く4つの特徴✼》

✅ ① 個人ノルマなし、チームで動く
「今月あと○件…」という焦りがありません。
店舗の目標はありますが、個人に件数は課しません。
目の前のお客様との会話に集中できる環境です。

✅ ② 売り込まなくていい接客
買取は、お客様が「売りたい」と来てくださる仕事。
無理な営業は一切なく、正直な査定でお客様に
喜んでいただけます。
接客経験者ほど、この働き方の違いを実感するはずです。

✅ ③ 放っておかれない職場
わからないことはすぐ聞ける、困ったら誰かが動いてくれる。
高額品の査定は本部のサポートチームが遠隔でアシストします。

✅ ④ 頑張りが月収に反映されます
定期的に上長と面談を行い、成果を評価します。
等級が上がるたびに月収も上がる仕組みです。
賞与は年2回（6月・11月）、昇給は年1回（12月）。

＝＝＝＝＝＝＝＝＝＝＝＝＝＝＝
《✼待遇もしっかり✼》

✔ 交通費支給（上限35,000円／月）
✔ 住宅手当・家族手当・グレード手当・時間外手当
✔ 制服支給（オーダースーツ）
✔ 社員割引制度
✔ GLTD加入（所得補償保険／個人負担なし）
✔ 慰労金制度（勤続10年ごとに支給）
✔ iDeCoプラス・健康診断
✔ 年間休日110日、リフレッシュ休暇・フリーバカンス休暇あり"
22,2931,株式会社ベストバイ,未経験OK｜ブランド買取スタッフ｜八尾市,月給27.8万円〜◎個人ノルマなしのブランド買取スタッフ♪,"✦・━━━━━━━━━━━━━━━・✦
＼大阪府八尾市で募集中／
知識ゼロから。ブランド買取スタッフ募集◎
✦・━━━━━━━━━━━━━━━・✦

「ブランドにも時計にも詳しくない」
「間違えて安く買ってしまったらどうしよう」

その心配は、仕組みで解消されています。

＝＝＝＝＝＝＝＝＝＝＝＝＝＝＝
【✨未経験でも大丈夫な理由✨】

✅ 一人で判断しなくていい
高額品の査定は、本部のサポートチームに
いつでも相談できます。
独断でミスをするリスクがありません。

✅ 値づけは手順で決まる
①状態のチェック ②相場の確認 ③価格の提示
この3ステップに沿って進めます。
相場は社内データと専用システムで調べられます。

✅ 研修はオーダーメイド式
覚える速さに合わせて進めるので、
焦る必要はありません。
査定の知識と接客スキルが同時に身につきます。

＝＝＝＝＝＝＝＝＝＝＝＝＝＝＝
【✧お仕事の内容✧】

■ 接客・買取査定
ブランド品・貴金属・高級時計・骨董品・お酒・
ジュエリー・家電・アパレル・楽器・ホビーなど

■ 店舗運営
陳列・レイアウト・POP作成

■ EC・事務
出品・発送・在庫管理

＝＝＝＝＝＝＝＝＝＝＝＝＝＝＝
【✨続けられる環境✨】

✔ 個人ノルマなし。店舗の目標をチームで追います
✔ 09:45〜18:45（実働8時間／休憩1時間）
✔ 夜間勤務なし、月平均の残業は10時間以下
✔ 等級が上がるごとに月収も上がる評価制度
✔ 制服はオーダースーツを支給します

まずは職種を知るところからで大丈夫です。
お気軽にご応募ください。

案件No：2931","《✼ここで働く4つの特徴✼》

✅ ① 個人ノルマなし、チームで動く
「今月あと○件…」という焦りがありません。
店舗の目標はありますが、個人に件数は課しません。
目の前のお客様との会話に集中できる環境です。

✅ ② 売り込まなくていい接客
買取は、お客様が「売りたい」と来てくださる仕事。
無理な営業は一切なく、正直な査定でお客様に
喜んでいただけます。
接客経験者ほど、この働き方の違いを実感するはずです。

✅ ③ 放っておかれない職場
わからないことはすぐ聞ける、困ったら誰かが動いてくれる。
高額品の査定は本部のサポートチームが遠隔でアシストします。

✅ ④ 頑張りが月収に反映されます
定期的に上長と面談を行い、成果を評価します。
等級が上がるたびに月収も上がる仕組みです。
賞与は年2回（6月・11月）、昇給は年1回（12月）。

＝＝＝＝＝＝＝＝＝＝＝＝＝＝＝
《✼待遇もしっかり✼》

✔ 交通費支給（上限35,000円／月）
✔ 住宅手当・家族手当・グレード手当・時間外手当
✔ 制服支給（オーダースーツ）
✔ 社員割引制度
✔ GLTD加入（所得補償保険／個人負担なし）
✔ 慰労金制度（勤続10年ごとに支給）
✔ iDeCoプラス・健康診断
✔ 年間休日110日、リフレッシュ休暇・フリーバカンス休暇あり"
23,2930,株式会社ベストバイ,未経験OK｜ブランド買取スタッフ｜堺市中区,月給27.8万円〜◎個人ノルマなしのブランド買取スタッフ♪,"✦・━━━━━━━━━━━━━━━・✦
＼大阪府堺市中区で募集中／
モノの価値を決める「査定」のプロへ。
未経験から始めるブランド買取スタッフ◎
✦・━━━━━━━━━━━━━━━・✦

「査定なんて、知識がないと無理では？」

その知識は、入ってから身につきます。
値づけは勘ではなく、手順で決まるからです。

＝＝＝＝＝＝＝＝＝＝＝＝＝＝＝
【✧査定は、この3ステップ✧】

■ ① 状態のチェック
傷・動作・付属品の有無を確認します。

■ ② 相場の確認
社内データと専用システムで市場価格を調べます。

■ ③ 価格の提示
状態と相場を掛け合わせて金額をお伝えします。

この3つを繰り返すうちに、
「この品はいくらか」が自然と分かるようになります。

＝＝＝＝＝＝＝＝＝＝＝＝＝＝＝
【✨このお仕事の魅力✨】

✅ 個人ノルマはありません
店舗の目標はありますが、個人に件数は課しません。
目の前のお客様との会話に集中できます。

✅ 高額品は一人で判断しません
本部のサポートチームが遠隔でアシストします。
独断でミスをするリスクがありません。

✅ 研修はオーダーメイド式
覚える速さは人それぞれ。
あなたのペースに合わせて進めます。

＝＝＝＝＝＝＝＝＝＝＝＝＝＝＝
【✧お仕事の内容✧】

■ 接客・買取査定
ブランド品・貴金属・高級時計・骨董品・お酒・
ジュエリー・家電・アパレル・楽器・ホビーなど

■ 店舗運営
陳列・レイアウト・POP作成。
自分の裁量でお店を作っていけます。

■ EC・事務
出品・発送・在庫管理

＝＝＝＝＝＝＝＝＝＝＝＝＝＝＝
【✔働き方✔】

✔ 09:45〜18:45（実働8時間／休憩1時間）
✔ 夜間勤務はありません
✔ 月平均の残業は10時間以下
✔ 週休二日制（シフト制／月8日以上）

まずはお気軽にご応募ください。

案件No：2930","《✼ここで働く4つの特徴✼》

✅ ① 個人ノルマなし、チームで動く
「今月あと○件…」という焦りがありません。
店舗の目標はありますが、個人に件数は課しません。
目の前のお客様との会話に集中できる環境です。

✅ ② 売り込まなくていい接客
買取は、お客様が「売りたい」と来てくださる仕事。
無理な営業は一切なく、正直な査定でお客様に
喜んでいただけます。
接客経験者ほど、この働き方の違いを実感するはずです。

✅ ③ 放っておかれない職場
わからないことはすぐ聞ける、困ったら誰かが動いてくれる。
高額品の査定は本部のサポートチームが遠隔でアシストします。

✅ ④ 頑張りが月収に反映されます
定期的に上長と面談を行い、成果を評価します。
等級が上がるたびに月収も上がる仕組みです。
賞与は年2回（6月・11月）、昇給は年1回（12月）。

＝＝＝＝＝＝＝＝＝＝＝＝＝＝＝
《✼待遇もしっかり✼》

✔ 交通費支給（上限35,000円／月）
✔ 住宅手当・家族手当・グレード手当・時間外手当
✔ 制服支給（オーダースーツ）
✔ 社員割引制度
✔ GLTD加入（所得補償保険／個人負担なし）
✔ 慰労金制度（勤続10年ごとに支給）
✔ iDeCoプラス・健康診断
✔ 年間休日110日、リフレッシュ休暇・フリーバカンス休暇あり"
24,2929,株式会社ベストバイ,未経験OK｜ブランド買取スタッフ｜東大阪市,月給27.8万円〜◎個人ノルマなしのブランド買取スタッフ♪,"✦・━━━━━━━━━━━━━━━・✦
＼大阪府東大阪市で募集中／
売り込まない接客へ。ブランド買取スタッフ◎
✦・━━━━━━━━━━━━━━━・✦

「営業は数字に追われるもの」
そう思って、営業から離れた方へ。

買取は、お客様が「売りたい」と
自分から来てくださる仕事です。
こちらから売り込む場面がありません。

＝＝＝＝＝＝＝＝＝＝＝＝＝＝＝
【✨ここが他の営業と違います✨】

✅ 個人ノルマなし
店舗の目標はありますが、
個人に件数を課すことはしません。

✅ 追いかける営業ではありません
飛び込みもテレアポもありません。
ご来店いただいた方に、正直な査定をお伝えします。

✅ 判断を一人で背負いません
高額品の査定は本部が遠隔でアシストします。
困ったら誰かが動いてくれるチームです。

＝＝＝＝＝＝＝＝＝＝＝＝＝＝＝
【✧お仕事の内容✧】

■ 接客・買取査定
お客様がお持ちの品を、3つの手順で査定します。
①状態のチェック（傷・動作・付属品）
②相場の確認（社内データと専用システム）
③価格の提示（状態と相場から金額を算出）

取り扱うのは、ブランド品・貴金属・高級時計・
骨董品・お酒・ジュエリー・家電・アパレル・
楽器・ホビーなど、幅広い商材です。

■ 店舗運営
陳列・レイアウト・POP作成

■ EC・事務
出品・発送・在庫管理

＝＝＝＝＝＝＝＝＝＝＝＝＝＝＝
【✔働き方✔】

✔ 09:45〜18:45（実働8時間／休憩1時間）
✔ 夜間勤務なし、月平均の残業は10時間以下
✔ 週休二日制（シフト制／月8日以上）
✔ 賞与年2回（6月・11月）、昇給年1回（12月）

接客や販売の経験は、そのまま活かせます。

案件No：2929","《✼ここで働く4つの特徴✼》

✅ ① 個人ノルマなし、チームで動く
「今月あと○件…」という焦りがありません。
店舗の目標はありますが、個人に件数は課しません。
目の前のお客様との会話に集中できる環境です。

✅ ② 売り込まなくていい接客
買取は、お客様が「売りたい」と来てくださる仕事。
無理な営業は一切なく、正直な査定でお客様に
喜んでいただけます。
接客経験者ほど、この働き方の違いを実感するはずです。

✅ ③ 放っておかれない職場
わからないことはすぐ聞ける、困ったら誰かが動いてくれる。
高額品の査定は本部のサポートチームが遠隔でアシストします。

✅ ④ 頑張りが月収に反映されます
定期的に上長と面談を行い、成果を評価します。
等級が上がるたびに月収も上がる仕組みです。
賞与は年2回（6月・11月）、昇給は年1回（12月）。

＝＝＝＝＝＝＝＝＝＝＝＝＝＝＝
《✼待遇もしっかり✼》

✔ 交通費支給（上限35,000円／月）
✔ 住宅手当・家族手当・グレード手当・時間外手当
✔ 制服支給（オーダースーツ）
✔ 社員割引制度
✔ GLTD加入（所得補償保険／個人負担なし）
✔ 慰労金制度（勤続10年ごとに支給）
✔ iDeCoプラス・健康診断
✔ 年間休日110日、リフレッシュ休暇・フリーバカンス休暇あり"
25,2928,株式会社ベストバイ,未経験OK｜ブランド買取スタッフ｜大東市,月給27.8万円〜◎個人ノルマなしのブランド買取スタッフ♪,"✦・━━━━━━━━━━━━━━━・✦
＼大阪府大東市で募集中／
知識ゼロから。ブランド買取スタッフ募集◎
✦・━━━━━━━━━━━━━━━・✦

「ブランドにも時計にも詳しくない」
「間違えて安く買ってしまったらどうしよう」

その心配は、仕組みで解消されています。

＝＝＝＝＝＝＝＝＝＝＝＝＝＝＝
【✨未経験でも大丈夫な理由✨】

✅ 一人で判断しなくていい
高額品の査定は、本部のサポートチームに
いつでも相談できます。
独断でミスをするリスクがありません。

✅ 値づけは手順で決まる
①状態のチェック ②相場の確認 ③価格の提示
この3ステップに沿って進めます。
相場は社内データと専用システムで調べられます。

✅ 研修はオーダーメイド式
覚える速さに合わせて進めるので、
焦る必要はありません。
査定の知識と接客スキルが同時に身につきます。

＝＝＝＝＝＝＝＝＝＝＝＝＝＝＝
【✧お仕事の内容✧】

■ 接客・買取査定
ブランド品・貴金属・高級時計・骨董品・お酒・
ジュエリー・家電・アパレル・楽器・ホビーなど

■ 店舗運営
陳列・レイアウト・POP作成

■ EC・事務
出品・発送・在庫管理

＝＝＝＝＝＝＝＝＝＝＝＝＝＝＝
【✨続けられる環境✨】

✔ 個人ノルマなし。店舗の目標をチームで追います
✔ 09:45〜18:45（実働8時間／休憩1時間）
✔ 夜間勤務なし、月平均の残業は10時間以下
✔ 等級が上がるごとに月収も上がる評価制度
✔ 制服はオーダースーツを支給します

まずは職種を知るところからで大丈夫です。
お気軽にご応募ください。

案件No：2928","《✼ここで働く4つの特徴✼》

✅ ① 個人ノルマなし、チームで動く
「今月あと○件…」という焦りがありません。
店舗の目標はありますが、個人に件数は課しません。
目の前のお客様との会話に集中できる環境です。

✅ ② 売り込まなくていい接客
買取は、お客様が「売りたい」と来てくださる仕事。
無理な営業は一切なく、正直な査定でお客様に
喜んでいただけます。
接客経験者ほど、この働き方の違いを実感するはずです。

✅ ③ 放っておかれない職場
わからないことはすぐ聞ける、困ったら誰かが動いてくれる。
高額品の査定は本部のサポートチームが遠隔でアシストします。

✅ ④ 頑張りが月収に反映されます
定期的に上長と面談を行い、成果を評価します。
等級が上がるたびに月収も上がる仕組みです。
賞与は年2回（6月・11月）、昇給は年1回（12月）。

＝＝＝＝＝＝＝＝＝＝＝＝＝＝＝
《✼待遇もしっかり✼》

✔ 交通費支給（上限35,000円／月）
✔ 住宅手当・家族手当・グレード手当・時間外手当
✔ 制服支給（オーダースーツ）
✔ 社員割引制度
✔ GLTD加入（所得補償保険／個人負担なし）
✔ 慰労金制度（勤続10年ごとに支給）
✔ iDeCoプラス・健康診断
✔ 年間休日110日、リフレッシュ休暇・フリーバカンス休暇あり"
26,2927,株式会社ベストバイ,未経験OK｜ブランド買取スタッフ｜茨木市,月給27.8万円〜◎個人ノルマなしのブランド買取スタッフ♪,"✦・━━━━━━━━━━━━━━━・✦
＼大阪府茨木市で募集中／
モノの価値を決める「査定」のプロへ。
未経験から始めるブランド買取スタッフ◎
✦・━━━━━━━━━━━━━━━・✦

「査定なんて、知識がないと無理では？」

その知識は、入ってから身につきます。
値づけは勘ではなく、手順で決まるからです。

＝＝＝＝＝＝＝＝＝＝＝＝＝＝＝
【✧査定は、この3ステップ✧】

■ ① 状態のチェック
傷・動作・付属品の有無を確認します。

■ ② 相場の確認
社内データと専用システムで市場価格を調べます。

■ ③ 価格の提示
状態と相場を掛け合わせて金額をお伝えします。

この3つを繰り返すうちに、
「この品はいくらか」が自然と分かるようになります。

＝＝＝＝＝＝＝＝＝＝＝＝＝＝＝
【✨このお仕事の魅力✨】

✅ 個人ノルマはありません
店舗の目標はありますが、個人に件数は課しません。
目の前のお客様との会話に集中できます。

✅ 高額品は一人で判断しません
本部のサポートチームが遠隔でアシストします。
独断でミスをするリスクがありません。

✅ 研修はオーダーメイド式
覚える速さは人それぞれ。
あなたのペースに合わせて進めます。

＝＝＝＝＝＝＝＝＝＝＝＝＝＝＝
【✧お仕事の内容✧】

■ 接客・買取査定
ブランド品・貴金属・高級時計・骨董品・お酒・
ジュエリー・家電・アパレル・楽器・ホビーなど

■ 店舗運営
陳列・レイアウト・POP作成。
自分の裁量でお店を作っていけます。

■ EC・事務
出品・発送・在庫管理

＝＝＝＝＝＝＝＝＝＝＝＝＝＝＝
【✔働き方✔】

✔ 09:45〜18:45（実働8時間／休憩1時間）
✔ 夜間勤務はありません
✔ 月平均の残業は10時間以下
✔ 週休二日制（シフト制／月8日以上）

まずはお気軽にご応募ください。

案件No：2927","《✼ここで働く4つの特徴✼》

✅ ① 個人ノルマなし、チームで動く
「今月あと○件…」という焦りがありません。
店舗の目標はありますが、個人に件数は課しません。
目の前のお客様との会話に集中できる環境です。

✅ ② 売り込まなくていい接客
買取は、お客様が「売りたい」と来てくださる仕事。
無理な営業は一切なく、正直な査定でお客様に
喜んでいただけます。
接客経験者ほど、この働き方の違いを実感するはずです。

✅ ③ 放っておかれない職場
わからないことはすぐ聞ける、困ったら誰かが動いてくれる。
高額品の査定は本部のサポートチームが遠隔でアシストします。

✅ ④ 頑張りが月収に反映されます
定期的に上長と面談を行い、成果を評価します。
等級が上がるたびに月収も上がる仕組みです。
賞与は年2回（6月・11月）、昇給は年1回（12月）。

＝＝＝＝＝＝＝＝＝＝＝＝＝＝＝
《✼待遇もしっかり✼》

✔ 交通費支給（上限35,000円／月）
✔ 住宅手当・家族手当・グレード手当・時間外手当
✔ 制服支給（オーダースーツ）
✔ 社員割引制度
✔ GLTD加入（所得補償保険／個人負担なし）
✔ 慰労金制度（勤続10年ごとに支給）
✔ iDeCoプラス・健康診断
✔ 年間休日110日、リフレッシュ休暇・フリーバカンス休暇あり"
27,2926,株式会社ベストバイ,未経験OK｜ブランド買取スタッフ｜茨木市,月給27.8万円〜◎個人ノルマなしのブランド買取スタッフ♪,"✦・━━━━━━━━━━━━━━━・✦
＼大阪府茨木市で募集中／
売り込まない接客へ。ブランド買取スタッフ◎
✦・━━━━━━━━━━━━━━━・✦

「営業は数字に追われるもの」
そう思って、営業から離れた方へ。

買取は、お客様が「売りたい」と
自分から来てくださる仕事です。
こちらから売り込む場面がありません。

＝＝＝＝＝＝＝＝＝＝＝＝＝＝＝
【✨ここが他の営業と違います✨】

✅ 個人ノルマなし
店舗の目標はありますが、
個人に件数を課すことはしません。

✅ 追いかける営業ではありません
飛び込みもテレアポもありません。
ご来店いただいた方に、正直な査定をお伝えします。

✅ 判断を一人で背負いません
高額品の査定は本部が遠隔でアシストします。
困ったら誰かが動いてくれるチームです。

＝＝＝＝＝＝＝＝＝＝＝＝＝＝＝
【✧お仕事の内容✧】

■ 接客・買取査定
お客様がお持ちの品を、3つの手順で査定します。
①状態のチェック（傷・動作・付属品）
②相場の確認（社内データと専用システム）
③価格の提示（状態と相場から金額を算出）

取り扱うのは、ブランド品・貴金属・高級時計・
骨董品・お酒・ジュエリー・家電・アパレル・
楽器・ホビーなど、幅広い商材です。

■ 店舗運営
陳列・レイアウト・POP作成

■ EC・事務
出品・発送・在庫管理

＝＝＝＝＝＝＝＝＝＝＝＝＝＝＝
【✔働き方✔】

✔ 09:45〜18:45（実働8時間／休憩1時間）
✔ 夜間勤務なし、月平均の残業は10時間以下
✔ 週休二日制（シフト制／月8日以上）
✔ 賞与年2回（6月・11月）、昇給年1回（12月）

接客や販売の経験は、そのまま活かせます。

案件No：2926","《✼ここで働く4つの特徴✼》

✅ ① 個人ノルマなし、チームで動く
「今月あと○件…」という焦りがありません。
店舗の目標はありますが、個人に件数は課しません。
目の前のお客様との会話に集中できる環境です。

✅ ② 売り込まなくていい接客
買取は、お客様が「売りたい」と来てくださる仕事。
無理な営業は一切なく、正直な査定でお客様に
喜んでいただけます。
接客経験者ほど、この働き方の違いを実感するはずです。

✅ ③ 放っておかれない職場
わからないことはすぐ聞ける、困ったら誰かが動いてくれる。
高額品の査定は本部のサポートチームが遠隔でアシストします。

✅ ④ 頑張りが月収に反映されます
定期的に上長と面談を行い、成果を評価します。
等級が上がるたびに月収も上がる仕組みです。
賞与は年2回（6月・11月）、昇給は年1回（12月）。

＝＝＝＝＝＝＝＝＝＝＝＝＝＝＝
《✼待遇もしっかり✼》

✔ 交通費支給（上限35,000円／月）
✔ 住宅手当・家族手当・グレード手当・時間外手当
✔ 制服支給（オーダースーツ）
✔ 社員割引制度
✔ GLTD加入（所得補償保険／個人負担なし）
✔ 慰労金制度（勤続10年ごとに支給）
✔ iDeCoプラス・健康診断
✔ 年間休日110日、リフレッシュ休暇・フリーバカンス休暇あり"
28,2925,株式会社ベストバイ,未経験OK｜ブランド買取スタッフ｜門真市,月給27.8万円〜◎個人ノルマなしのブランド買取スタッフ♪,"✦・━━━━━━━━━━━━━━━・✦
＼大阪府門真市で募集中／
知識ゼロから。ブランド買取スタッフ募集◎
✦・━━━━━━━━━━━━━━━・✦

「ブランドにも時計にも詳しくない」
「間違えて安く買ってしまったらどうしよう」

その心配は、仕組みで解消されています。

＝＝＝＝＝＝＝＝＝＝＝＝＝＝＝
【✨未経験でも大丈夫な理由✨】

✅ 一人で判断しなくていい
高額品の査定は、本部のサポートチームに
いつでも相談できます。
独断でミスをするリスクがありません。

✅ 値づけは手順で決まる
①状態のチェック ②相場の確認 ③価格の提示
この3ステップに沿って進めます。
相場は社内データと専用システムで調べられます。

✅ 研修はオーダーメイド式
覚える速さに合わせて進めるので、
焦る必要はありません。
査定の知識と接客スキルが同時に身につきます。

＝＝＝＝＝＝＝＝＝＝＝＝＝＝＝
【✧お仕事の内容✧】

■ 接客・買取査定
ブランド品・貴金属・高級時計・骨董品・お酒・
ジュエリー・家電・アパレル・楽器・ホビーなど

■ 店舗運営
陳列・レイアウト・POP作成

■ EC・事務
出品・発送・在庫管理

＝＝＝＝＝＝＝＝＝＝＝＝＝＝＝
【✨続けられる環境✨】

✔ 個人ノルマなし。店舗の目標をチームで追います
✔ 09:45〜18:45（実働8時間／休憩1時間）
✔ 夜間勤務なし、月平均の残業は10時間以下
✔ 等級が上がるごとに月収も上がる評価制度
✔ 制服はオーダースーツを支給します

まずは職種を知るところからで大丈夫です。
お気軽にご応募ください。

案件No：2925","《✼ここで働く4つの特徴✼》

✅ ① 個人ノルマなし、チームで動く
「今月あと○件…」という焦りがありません。
店舗の目標はありますが、個人に件数は課しません。
目の前のお客様との会話に集中できる環境です。

✅ ② 売り込まなくていい接客
買取は、お客様が「売りたい」と来てくださる仕事。
無理な営業は一切なく、正直な査定でお客様に
喜んでいただけます。
接客経験者ほど、この働き方の違いを実感するはずです。

✅ ③ 放っておかれない職場
わからないことはすぐ聞ける、困ったら誰かが動いてくれる。
高額品の査定は本部のサポートチームが遠隔でアシストします。

✅ ④ 頑張りが月収に反映されます
定期的に上長と面談を行い、成果を評価します。
等級が上がるたびに月収も上がる仕組みです。
賞与は年2回（6月・11月）、昇給は年1回（12月）。

＝＝＝＝＝＝＝＝＝＝＝＝＝＝＝
《✼待遇もしっかり✼》

✔ 交通費支給（上限35,000円／月）
✔ 住宅手当・家族手当・グレード手当・時間外手当
✔ 制服支給（オーダースーツ）
✔ 社員割引制度
✔ GLTD加入（所得補償保険／個人負担なし）
✔ 慰労金制度（勤続10年ごとに支給）
✔ iDeCoプラス・健康診断
✔ 年間休日110日、リフレッシュ休暇・フリーバカンス休暇あり"
29,2924,株式会社ベストバイ,未経験OK｜ブランド買取スタッフ｜守口市,月給27.8万円〜◎個人ノルマなしのブランド買取スタッフ♪,"✦・━━━━━━━━━━━━━━━・✦
＼大阪府守口市で募集中／
モノの価値を決める「査定」のプロへ。
未経験から始めるブランド買取スタッフ◎
✦・━━━━━━━━━━━━━━━・✦

「査定なんて、知識がないと無理では？」

その知識は、入ってから身につきます。
値づけは勘ではなく、手順で決まるからです。

＝＝＝＝＝＝＝＝＝＝＝＝＝＝＝
【✧査定は、この3ステップ✧】

■ ① 状態のチェック
傷・動作・付属品の有無を確認します。

■ ② 相場の確認
社内データと専用システムで市場価格を調べます。

■ ③ 価格の提示
状態と相場を掛け合わせて金額をお伝えします。

この3つを繰り返すうちに、
「この品はいくらか」が自然と分かるようになります。

＝＝＝＝＝＝＝＝＝＝＝＝＝＝＝
【✨このお仕事の魅力✨】

✅ 個人ノルマはありません
店舗の目標はありますが、個人に件数は課しません。
目の前のお客様との会話に集中できます。

✅ 高額品は一人で判断しません
本部のサポートチームが遠隔でアシストします。
独断でミスをするリスクがありません。

✅ 研修はオーダーメイド式
覚える速さは人それぞれ。
あなたのペースに合わせて進めます。

＝＝＝＝＝＝＝＝＝＝＝＝＝＝＝
【✧お仕事の内容✧】

■ 接客・買取査定
ブランド品・貴金属・高級時計・骨董品・お酒・
ジュエリー・家電・アパレル・楽器・ホビーなど

■ 店舗運営
陳列・レイアウト・POP作成。
自分の裁量でお店を作っていけます。

■ EC・事務
出品・発送・在庫管理

＝＝＝＝＝＝＝＝＝＝＝＝＝＝＝
【✔働き方✔】

✔ 09:45〜18:45（実働8時間／休憩1時間）
✔ 夜間勤務はありません
✔ 月平均の残業は10時間以下
✔ 週休二日制（シフト制／月8日以上）

まずはお気軽にご応募ください。

案件No：2924","《✼ここで働く4つの特徴✼》

✅ ① 個人ノルマなし、チームで動く
「今月あと○件…」という焦りがありません。
店舗の目標はありますが、個人に件数は課しません。
目の前のお客様との会話に集中できる環境です。

✅ ② 売り込まなくていい接客
買取は、お客様が「売りたい」と来てくださる仕事。
無理な営業は一切なく、正直な査定でお客様に
喜んでいただけます。
接客経験者ほど、この働き方の違いを実感するはずです。

✅ ③ 放っておかれない職場
わからないことはすぐ聞ける、困ったら誰かが動いてくれる。
高額品の査定は本部のサポートチームが遠隔でアシストします。

✅ ④ 頑張りが月収に反映されます
定期的に上長と面談を行い、成果を評価します。
等級が上がるたびに月収も上がる仕組みです。
賞与は年2回（6月・11月）、昇給は年1回（12月）。

＝＝＝＝＝＝＝＝＝＝＝＝＝＝＝
《✼待遇もしっかり✼》

✔ 交通費支給（上限35,000円／月）
✔ 住宅手当・家族手当・グレード手当・時間外手当
✔ 制服支給（オーダースーツ）
✔ 社員割引制度
✔ GLTD加入（所得補償保険／個人負担なし）
✔ 慰労金制度（勤続10年ごとに支給）
✔ iDeCoプラス・健康診断
✔ 年間休日110日、リフレッシュ休暇・フリーバカンス休暇あり"
30,2923,株式会社ベストバイ,未経験OK｜ブランド買取スタッフ｜大阪市平野区,月給27.8万円〜◎個人ノルマなしのブランド買取スタッフ♪,"✦・━━━━━━━━━━━━━━━・✦
＼大阪府大阪市平野区で募集中／
売り込まない接客へ。ブランド買取スタッフ◎
✦・━━━━━━━━━━━━━━━・✦

「営業は数字に追われるもの」
そう思って、営業から離れた方へ。

買取は、お客様が「売りたい」と
自分から来てくださる仕事です。
こちらから売り込む場面がありません。

＝＝＝＝＝＝＝＝＝＝＝＝＝＝＝
【✨ここが他の営業と違います✨】

✅ 個人ノルマなし
店舗の目標はありますが、
個人に件数を課すことはしません。

✅ 追いかける営業ではありません
飛び込みもテレアポもありません。
ご来店いただいた方に、正直な査定をお伝えします。

✅ 判断を一人で背負いません
高額品の査定は本部が遠隔でアシストします。
困ったら誰かが動いてくれるチームです。

＝＝＝＝＝＝＝＝＝＝＝＝＝＝＝
【✧お仕事の内容✧】

■ 接客・買取査定
お客様がお持ちの品を、3つの手順で査定します。
①状態のチェック（傷・動作・付属品）
②相場の確認（社内データと専用システム）
③価格の提示（状態と相場から金額を算出）

取り扱うのは、ブランド品・貴金属・高級時計・
骨董品・お酒・ジュエリー・家電・アパレル・
楽器・ホビーなど、幅広い商材です。

■ 店舗運営
陳列・レイアウト・POP作成

■ EC・事務
出品・発送・在庫管理

＝＝＝＝＝＝＝＝＝＝＝＝＝＝＝
【✔働き方✔】

✔ 09:45〜18:45（実働8時間／休憩1時間）
✔ 夜間勤務なし、月平均の残業は10時間以下
✔ 週休二日制（シフト制／月8日以上）
✔ 賞与年2回（6月・11月）、昇給年1回（12月）

接客や販売の経験は、そのまま活かせます。

案件No：2923","《✼ここで働く4つの特徴✼》

✅ ① 個人ノルマなし、チームで動く
「今月あと○件…」という焦りがありません。
店舗の目標はありますが、個人に件数は課しません。
目の前のお客様との会話に集中できる環境です。

✅ ② 売り込まなくていい接客
買取は、お客様が「売りたい」と来てくださる仕事。
無理な営業は一切なく、正直な査定でお客様に
喜んでいただけます。
接客経験者ほど、この働き方の違いを実感するはずです。

✅ ③ 放っておかれない職場
わからないことはすぐ聞ける、困ったら誰かが動いてくれる。
高額品の査定は本部のサポートチームが遠隔でアシストします。

✅ ④ 頑張りが月収に反映されます
定期的に上長と面談を行い、成果を評価します。
等級が上がるたびに月収も上がる仕組みです。
賞与は年2回（6月・11月）、昇給は年1回（12月）。

＝＝＝＝＝＝＝＝＝＝＝＝＝＝＝
《✼待遇もしっかり✼》

✔ 交通費支給（上限35,000円／月）
✔ 住宅手当・家族手当・グレード手当・時間外手当
✔ 制服支給（オーダースーツ）
✔ 社員割引制度
✔ GLTD加入（所得補償保険／個人負担なし）
✔ 慰労金制度（勤続10年ごとに支給）
✔ iDeCoプラス・健康診断
✔ 年間休日110日、リフレッシュ休暇・フリーバカンス休暇あり"
31,2922,株式会社ベストバイ,未経験OK｜ブランド買取スタッフ｜大阪市旭区,月給27.8万円〜◎個人ノルマなしのブランド買取スタッフ♪,"✦・━━━━━━━━━━━━━━━・✦
＼大阪府大阪市旭区で募集中／
知識ゼロから。ブランド買取スタッフ募集◎
✦・━━━━━━━━━━━━━━━・✦

「ブランドにも時計にも詳しくない」
「間違えて安く買ってしまったらどうしよう」

その心配は、仕組みで解消されています。

＝＝＝＝＝＝＝＝＝＝＝＝＝＝＝
【✨未経験でも大丈夫な理由✨】

✅ 一人で判断しなくていい
高額品の査定は、本部のサポートチームに
いつでも相談できます。
独断でミスをするリスクがありません。

✅ 値づけは手順で決まる
①状態のチェック ②相場の確認 ③価格の提示
この3ステップに沿って進めます。
相場は社内データと専用システムで調べられます。

✅ 研修はオーダーメイド式
覚える速さに合わせて進めるので、
焦る必要はありません。
査定の知識と接客スキルが同時に身につきます。

＝＝＝＝＝＝＝＝＝＝＝＝＝＝＝
【✧お仕事の内容✧】

■ 接客・買取査定
ブランド品・貴金属・高級時計・骨董品・お酒・
ジュエリー・家電・アパレル・楽器・ホビーなど

■ 店舗運営
陳列・レイアウト・POP作成

■ EC・事務
出品・発送・在庫管理

＝＝＝＝＝＝＝＝＝＝＝＝＝＝＝
【✨続けられる環境✨】

✔ 個人ノルマなし。店舗の目標をチームで追います
✔ 09:45〜18:45（実働8時間／休憩1時間）
✔ 夜間勤務なし、月平均の残業は10時間以下
✔ 等級が上がるごとに月収も上がる評価制度
✔ 制服はオーダースーツを支給します

まずは職種を知るところからで大丈夫です。
お気軽にご応募ください。

案件No：2922","《✼ここで働く4つの特徴✼》

✅ ① 個人ノルマなし、チームで動く
「今月あと○件…」という焦りがありません。
店舗の目標はありますが、個人に件数は課しません。
目の前のお客様との会話に集中できる環境です。

✅ ② 売り込まなくていい接客
買取は、お客様が「売りたい」と来てくださる仕事。
無理な営業は一切なく、正直な査定でお客様に
喜んでいただけます。
接客経験者ほど、この働き方の違いを実感するはずです。

✅ ③ 放っておかれない職場
わからないことはすぐ聞ける、困ったら誰かが動いてくれる。
高額品の査定は本部のサポートチームが遠隔でアシストします。

✅ ④ 頑張りが月収に反映されます
定期的に上長と面談を行い、成果を評価します。
等級が上がるたびに月収も上がる仕組みです。
賞与は年2回（6月・11月）、昇給は年1回（12月）。

＝＝＝＝＝＝＝＝＝＝＝＝＝＝＝
《✼待遇もしっかり✼》

✔ 交通費支給（上限35,000円／月）
✔ 住宅手当・家族手当・グレード手当・時間外手当
✔ 制服支給（オーダースーツ）
✔ 社員割引制度
✔ GLTD加入（所得補償保険／個人負担なし）
✔ 慰労金制度（勤続10年ごとに支給）
✔ iDeCoプラス・健康診断
✔ 年間休日110日、リフレッシュ休暇・フリーバカンス休暇あり"
32,2921,株式会社ベストバイ,未経験OK｜ブランド買取スタッフ｜大阪市住吉区,月給27.8万円〜◎個人ノルマなしのブランド買取スタッフ♪,"✦・━━━━━━━━━━━━━━━・✦
＼大阪府大阪市住吉区で募集中／
モノの価値を決める「査定」のプロへ。
未経験から始めるブランド買取スタッフ◎
✦・━━━━━━━━━━━━━━━・✦

「査定なんて、知識がないと無理では？」

その知識は、入ってから身につきます。
値づけは勘ではなく、手順で決まるからです。

＝＝＝＝＝＝＝＝＝＝＝＝＝＝＝
【✧査定は、この3ステップ✧】

■ ① 状態のチェック
傷・動作・付属品の有無を確認します。

■ ② 相場の確認
社内データと専用システムで市場価格を調べます。

■ ③ 価格の提示
状態と相場を掛け合わせて金額をお伝えします。

この3つを繰り返すうちに、
「この品はいくらか」が自然と分かるようになります。

＝＝＝＝＝＝＝＝＝＝＝＝＝＝＝
【✨このお仕事の魅力✨】

✅ 個人ノルマはありません
店舗の目標はありますが、個人に件数は課しません。
目の前のお客様との会話に集中できます。

✅ 高額品は一人で判断しません
本部のサポートチームが遠隔でアシストします。
独断でミスをするリスクがありません。

✅ 研修はオーダーメイド式
覚える速さは人それぞれ。
あなたのペースに合わせて進めます。

＝＝＝＝＝＝＝＝＝＝＝＝＝＝＝
【✧お仕事の内容✧】

■ 接客・買取査定
ブランド品・貴金属・高級時計・骨董品・お酒・
ジュエリー・家電・アパレル・楽器・ホビーなど

■ 店舗運営
陳列・レイアウト・POP作成。
自分の裁量でお店を作っていけます。

■ EC・事務
出品・発送・在庫管理

＝＝＝＝＝＝＝＝＝＝＝＝＝＝＝
【✔働き方✔】

✔ 09:45〜18:45（実働8時間／休憩1時間）
✔ 夜間勤務はありません
✔ 月平均の残業は10時間以下
✔ 週休二日制（シフト制／月8日以上）

まずはお気軽にご応募ください。

案件No：2921","《✼ここで働く4つの特徴✼》

✅ ① 個人ノルマなし、チームで動く
「今月あと○件…」という焦りがありません。
店舗の目標はありますが、個人に件数は課しません。
目の前のお客様との会話に集中できる環境です。

✅ ② 売り込まなくていい接客
買取は、お客様が「売りたい」と来てくださる仕事。
無理な営業は一切なく、正直な査定でお客様に
喜んでいただけます。
接客経験者ほど、この働き方の違いを実感するはずです。

✅ ③ 放っておかれない職場
わからないことはすぐ聞ける、困ったら誰かが動いてくれる。
高額品の査定は本部のサポートチームが遠隔でアシストします。

✅ ④ 頑張りが月収に反映されます
定期的に上長と面談を行い、成果を評価します。
等級が上がるたびに月収も上がる仕組みです。
賞与は年2回（6月・11月）、昇給は年1回（12月）。

＝＝＝＝＝＝＝＝＝＝＝＝＝＝＝
《✼待遇もしっかり✼》

✔ 交通費支給（上限35,000円／月）
✔ 住宅手当・家族手当・グレード手当・時間外手当
✔ 制服支給（オーダースーツ）
✔ 社員割引制度
✔ GLTD加入（所得補償保険／個人負担なし）
✔ 慰労金制度（勤続10年ごとに支給）
✔ iDeCoプラス・健康診断
✔ 年間休日110日、リフレッシュ休暇・フリーバカンス休暇あり"
33,2920,株式会社ベストバイ,未経験OK｜ブランド買取スタッフ｜大阪市西成区,月給27.8万円〜◎個人ノルマなしのブランド買取スタッフ♪,"✦・━━━━━━━━━━━━━━━・✦
＼大阪府大阪市西成区で募集中／
売り込まない接客へ。ブランド買取スタッフ◎
✦・━━━━━━━━━━━━━━━・✦

「営業は数字に追われるもの」
そう思って、営業から離れた方へ。

買取は、お客様が「売りたい」と
自分から来てくださる仕事です。
こちらから売り込む場面がありません。

＝＝＝＝＝＝＝＝＝＝＝＝＝＝＝
【✨ここが他の営業と違います✨】

✅ 個人ノルマなし
店舗の目標はありますが、
個人に件数を課すことはしません。

✅ 追いかける営業ではありません
飛び込みもテレアポもありません。
ご来店いただいた方に、正直な査定をお伝えします。

✅ 判断を一人で背負いません
高額品の査定は本部が遠隔でアシストします。
困ったら誰かが動いてくれるチームです。

＝＝＝＝＝＝＝＝＝＝＝＝＝＝＝
【✧お仕事の内容✧】

■ 接客・買取査定
お客様がお持ちの品を、3つの手順で査定します。
①状態のチェック（傷・動作・付属品）
②相場の確認（社内データと専用システム）
③価格の提示（状態と相場から金額を算出）

取り扱うのは、ブランド品・貴金属・高級時計・
骨董品・お酒・ジュエリー・家電・アパレル・
楽器・ホビーなど、幅広い商材です。

■ 店舗運営
陳列・レイアウト・POP作成

■ EC・事務
出品・発送・在庫管理

＝＝＝＝＝＝＝＝＝＝＝＝＝＝＝
【✔働き方✔】

✔ 09:45〜18:45（実働8時間／休憩1時間）
✔ 夜間勤務なし、月平均の残業は10時間以下
✔ 週休二日制（シフト制／月8日以上）
✔ 賞与年2回（6月・11月）、昇給年1回（12月）

接客や販売の経験は、そのまま活かせます。

案件No：2920","《✼ここで働く4つの特徴✼》

✅ ① 個人ノルマなし、チームで動く
「今月あと○件…」という焦りがありません。
店舗の目標はありますが、個人に件数は課しません。
目の前のお客様との会話に集中できる環境です。

✅ ② 売り込まなくていい接客
買取は、お客様が「売りたい」と来てくださる仕事。
無理な営業は一切なく、正直な査定でお客様に
喜んでいただけます。
接客経験者ほど、この働き方の違いを実感するはずです。

✅ ③ 放っておかれない職場
わからないことはすぐ聞ける、困ったら誰かが動いてくれる。
高額品の査定は本部のサポートチームが遠隔でアシストします。

✅ ④ 頑張りが月収に反映されます
定期的に上長と面談を行い、成果を評価します。
等級が上がるたびに月収も上がる仕組みです。
賞与は年2回（6月・11月）、昇給は年1回（12月）。

＝＝＝＝＝＝＝＝＝＝＝＝＝＝＝
《✼待遇もしっかり✼》

✔ 交通費支給（上限35,000円／月）
✔ 住宅手当・家族手当・グレード手当・時間外手当
✔ 制服支給（オーダースーツ）
✔ 社員割引制度
✔ GLTD加入（所得補償保険／個人負担なし）
✔ 慰労金制度（勤続10年ごとに支給）
✔ iDeCoプラス・健康診断
✔ 年間休日110日、リフレッシュ休暇・フリーバカンス休暇あり"
34,2919,株式会社ベストバイ,未経験OK｜ブランド買取スタッフ｜大阪市天王寺区,月給27.8万円〜◎個人ノルマなしのブランド買取スタッフ♪,"✦・━━━━━━━━━━━━━━━・✦
＼大阪府大阪市天王寺区で募集中／
知識ゼロから。ブランド買取スタッフ募集◎
✦・━━━━━━━━━━━━━━━・✦

「ブランドにも時計にも詳しくない」
「間違えて安く買ってしまったらどうしよう」

その心配は、仕組みで解消されています。

＝＝＝＝＝＝＝＝＝＝＝＝＝＝＝
【✨未経験でも大丈夫な理由✨】

✅ 一人で判断しなくていい
高額品の査定は、本部のサポートチームに
いつでも相談できます。
独断でミスをするリスクがありません。

✅ 値づけは手順で決まる
①状態のチェック ②相場の確認 ③価格の提示
この3ステップに沿って進めます。
相場は社内データと専用システムで調べられます。

✅ 研修はオーダーメイド式
覚える速さに合わせて進めるので、
焦る必要はありません。
査定の知識と接客スキルが同時に身につきます。

＝＝＝＝＝＝＝＝＝＝＝＝＝＝＝
【✧お仕事の内容✧】

■ 接客・買取査定
ブランド品・貴金属・高級時計・骨董品・お酒・
ジュエリー・家電・アパレル・楽器・ホビーなど

■ 店舗運営
陳列・レイアウト・POP作成

■ EC・事務
出品・発送・在庫管理

＝＝＝＝＝＝＝＝＝＝＝＝＝＝＝
【✨続けられる環境✨】

✔ 個人ノルマなし。店舗の目標をチームで追います
✔ 09:45〜18:45（実働8時間／休憩1時間）
✔ 夜間勤務なし、月平均の残業は10時間以下
✔ 等級が上がるごとに月収も上がる評価制度
✔ 制服はオーダースーツを支給します

まずは職種を知るところからで大丈夫です。
お気軽にご応募ください。

案件No：2919","《✼ここで働く4つの特徴✼》

✅ ① 個人ノルマなし、チームで動く
「今月あと○件…」という焦りがありません。
店舗の目標はありますが、個人に件数は課しません。
目の前のお客様との会話に集中できる環境です。

✅ ② 売り込まなくていい接客
買取は、お客様が「売りたい」と来てくださる仕事。
無理な営業は一切なく、正直な査定でお客様に
喜んでいただけます。
接客経験者ほど、この働き方の違いを実感するはずです。

✅ ③ 放っておかれない職場
わからないことはすぐ聞ける、困ったら誰かが動いてくれる。
高額品の査定は本部のサポートチームが遠隔でアシストします。

✅ ④ 頑張りが月収に反映されます
定期的に上長と面談を行い、成果を評価します。
等級が上がるたびに月収も上がる仕組みです。
賞与は年2回（6月・11月）、昇給は年1回（12月）。

＝＝＝＝＝＝＝＝＝＝＝＝＝＝＝
《✼待遇もしっかり✼》

✔ 交通費支給（上限35,000円／月）
✔ 住宅手当・家族手当・グレード手当・時間外手当
✔ 制服支給（オーダースーツ）
✔ 社員割引制度
✔ GLTD加入（所得補償保険／個人負担なし）
✔ 慰労金制度（勤続10年ごとに支給）
✔ iDeCoプラス・健康診断
✔ 年間休日110日、リフレッシュ休暇・フリーバカンス休暇あり"
35,2918,株式会社ベストバイ,未経験OK｜ブランド買取スタッフ｜大阪市此花区,月給27.8万円〜◎個人ノルマなしのブランド買取スタッフ♪,"✦・━━━━━━━━━━━━━━━・✦
＼大阪府大阪市此花区で募集中／
モノの価値を決める「査定」のプロへ。
未経験から始めるブランド買取スタッフ◎
✦・━━━━━━━━━━━━━━━・✦

「査定なんて、知識がないと無理では？」

その知識は、入ってから身につきます。
値づけは勘ではなく、手順で決まるからです。

＝＝＝＝＝＝＝＝＝＝＝＝＝＝＝
【✧査定は、この3ステップ✧】

■ ① 状態のチェック
傷・動作・付属品の有無を確認します。

■ ② 相場の確認
社内データと専用システムで市場価格を調べます。

■ ③ 価格の提示
状態と相場を掛け合わせて金額をお伝えします。

この3つを繰り返すうちに、
「この品はいくらか」が自然と分かるようになります。

＝＝＝＝＝＝＝＝＝＝＝＝＝＝＝
【✨このお仕事の魅力✨】

✅ 個人ノルマはありません
店舗の目標はありますが、個人に件数は課しません。
目の前のお客様との会話に集中できます。

✅ 高額品は一人で判断しません
本部のサポートチームが遠隔でアシストします。
独断でミスをするリスクがありません。

✅ 研修はオーダーメイド式
覚える速さは人それぞれ。
あなたのペースに合わせて進めます。

＝＝＝＝＝＝＝＝＝＝＝＝＝＝＝
【✧お仕事の内容✧】

■ 接客・買取査定
ブランド品・貴金属・高級時計・骨董品・お酒・
ジュエリー・家電・アパレル・楽器・ホビーなど

■ 店舗運営
陳列・レイアウト・POP作成。
自分の裁量でお店を作っていけます。

■ EC・事務
出品・発送・在庫管理

＝＝＝＝＝＝＝＝＝＝＝＝＝＝＝
【✔働き方✔】

✔ 09:45〜18:45（実働8時間／休憩1時間）
✔ 夜間勤務はありません
✔ 月平均の残業は10時間以下
✔ 週休二日制（シフト制／月8日以上）

まずはお気軽にご応募ください。

案件No：2918","《✼ここで働く4つの特徴✼》

✅ ① 個人ノルマなし、チームで動く
「今月あと○件…」という焦りがありません。
店舗の目標はありますが、個人に件数は課しません。
目の前のお客様との会話に集中できる環境です。

✅ ② 売り込まなくていい接客
買取は、お客様が「売りたい」と来てくださる仕事。
無理な営業は一切なく、正直な査定でお客様に
喜んでいただけます。
接客経験者ほど、この働き方の違いを実感するはずです。

✅ ③ 放っておかれない職場
わからないことはすぐ聞ける、困ったら誰かが動いてくれる。
高額品の査定は本部のサポートチームが遠隔でアシストします。

✅ ④ 頑張りが月収に反映されます
定期的に上長と面談を行い、成果を評価します。
等級が上がるたびに月収も上がる仕組みです。
賞与は年2回（6月・11月）、昇給は年1回（12月）。

＝＝＝＝＝＝＝＝＝＝＝＝＝＝＝
《✼待遇もしっかり✼》

✔ 交通費支給（上限35,000円／月）
✔ 住宅手当・家族手当・グレード手当・時間外手当
✔ 制服支給（オーダースーツ）
✔ 社員割引制度
✔ GLTD加入（所得補償保険／個人負担なし）
✔ 慰労金制度（勤続10年ごとに支給）
✔ iDeCoプラス・健康診断
✔ 年間休日110日、リフレッシュ休暇・フリーバカンス休暇あり"
36,2917,株式会社ベストバイ,未経験OK｜ブランド買取スタッフ｜大阪市城東区,月給27.8万円〜◎個人ノルマなしのブランド買取スタッフ♪,"✦・━━━━━━━━━━━━━━━・✦
＼大阪府大阪市城東区で募集中／
売り込まない接客へ。ブランド買取スタッフ◎
✦・━━━━━━━━━━━━━━━・✦

「営業は数字に追われるもの」
そう思って、営業から離れた方へ。

買取は、お客様が「売りたい」と
自分から来てくださる仕事です。
こちらから売り込む場面がありません。

＝＝＝＝＝＝＝＝＝＝＝＝＝＝＝
【✨ここが他の営業と違います✨】

✅ 個人ノルマなし
店舗の目標はありますが、
個人に件数を課すことはしません。

✅ 追いかける営業ではありません
飛び込みもテレアポもありません。
ご来店いただいた方に、正直な査定をお伝えします。

✅ 判断を一人で背負いません
高額品の査定は本部が遠隔でアシストします。
困ったら誰かが動いてくれるチームです。

＝＝＝＝＝＝＝＝＝＝＝＝＝＝＝
【✧お仕事の内容✧】

■ 接客・買取査定
お客様がお持ちの品を、3つの手順で査定します。
①状態のチェック（傷・動作・付属品）
②相場の確認（社内データと専用システム）
③価格の提示（状態と相場から金額を算出）

取り扱うのは、ブランド品・貴金属・高級時計・
骨董品・お酒・ジュエリー・家電・アパレル・
楽器・ホビーなど、幅広い商材です。

■ 店舗運営
陳列・レイアウト・POP作成

■ EC・事務
出品・発送・在庫管理

＝＝＝＝＝＝＝＝＝＝＝＝＝＝＝
【✔働き方✔】

✔ 09:45〜18:45（実働8時間／休憩1時間）
✔ 夜間勤務なし、月平均の残業は10時間以下
✔ 週休二日制（シフト制／月8日以上）
✔ 賞与年2回（6月・11月）、昇給年1回（12月）

接客や販売の経験は、そのまま活かせます。

案件No：2917","《✼ここで働く4つの特徴✼》

✅ ① 個人ノルマなし、チームで動く
「今月あと○件…」という焦りがありません。
店舗の目標はありますが、個人に件数は課しません。
目の前のお客様との会話に集中できる環境です。

✅ ② 売り込まなくていい接客
買取は、お客様が「売りたい」と来てくださる仕事。
無理な営業は一切なく、正直な査定でお客様に
喜んでいただけます。
接客経験者ほど、この働き方の違いを実感するはずです。

✅ ③ 放っておかれない職場
わからないことはすぐ聞ける、困ったら誰かが動いてくれる。
高額品の査定は本部のサポートチームが遠隔でアシストします。

✅ ④ 頑張りが月収に反映されます
定期的に上長と面談を行い、成果を評価します。
等級が上がるたびに月収も上がる仕組みです。
賞与は年2回（6月・11月）、昇給は年1回（12月）。

＝＝＝＝＝＝＝＝＝＝＝＝＝＝＝
《✼待遇もしっかり✼》

✔ 交通費支給（上限35,000円／月）
✔ 住宅手当・家族手当・グレード手当・時間外手当
✔ 制服支給（オーダースーツ）
✔ 社員割引制度
✔ GLTD加入（所得補償保険／個人負担なし）
✔ 慰労金制度（勤続10年ごとに支給）
✔ iDeCoプラス・健康診断
✔ 年間休日110日、リフレッシュ休暇・フリーバカンス休暇あり"
37,2916,株式会社ベストバイ,未経験OK｜ブランド買取スタッフ｜大阪市西区,月給27.8万円〜◎個人ノルマなしのブランド買取スタッフ♪,"✦・━━━━━━━━━━━━━━━・✦
＼大阪府大阪市西区で募集中／
知識ゼロから。ブランド買取スタッフ募集◎
✦・━━━━━━━━━━━━━━━・✦

「ブランドにも時計にも詳しくない」
「間違えて安く買ってしまったらどうしよう」

その心配は、仕組みで解消されています。

＝＝＝＝＝＝＝＝＝＝＝＝＝＝＝
【✨未経験でも大丈夫な理由✨】

✅ 一人で判断しなくていい
高額品の査定は、本部のサポートチームに
いつでも相談できます。
独断でミスをするリスクがありません。

✅ 値づけは手順で決まる
①状態のチェック ②相場の確認 ③価格の提示
この3ステップに沿って進めます。
相場は社内データと専用システムで調べられます。

✅ 研修はオーダーメイド式
覚える速さに合わせて進めるので、
焦る必要はありません。
査定の知識と接客スキルが同時に身につきます。

＝＝＝＝＝＝＝＝＝＝＝＝＝＝＝
【✧お仕事の内容✧】

■ 接客・買取査定
ブランド品・貴金属・高級時計・骨董品・お酒・
ジュエリー・家電・アパレル・楽器・ホビーなど

■ 店舗運営
陳列・レイアウト・POP作成

■ EC・事務
出品・発送・在庫管理

＝＝＝＝＝＝＝＝＝＝＝＝＝＝＝
【✨続けられる環境✨】

✔ 個人ノルマなし。店舗の目標をチームで追います
✔ 09:45〜18:45（実働8時間／休憩1時間）
✔ 夜間勤務なし、月平均の残業は10時間以下
✔ 等級が上がるごとに月収も上がる評価制度
✔ 制服はオーダースーツを支給します

まずは職種を知るところからで大丈夫です。
お気軽にご応募ください。

案件No：2916","《✼ここで働く4つの特徴✼》

✅ ① 個人ノルマなし、チームで動く
「今月あと○件…」という焦りがありません。
店舗の目標はありますが、個人に件数は課しません。
目の前のお客様との会話に集中できる環境です。

✅ ② 売り込まなくていい接客
買取は、お客様が「売りたい」と来てくださる仕事。
無理な営業は一切なく、正直な査定でお客様に
喜んでいただけます。
接客経験者ほど、この働き方の違いを実感するはずです。

✅ ③ 放っておかれない職場
わからないことはすぐ聞ける、困ったら誰かが動いてくれる。
高額品の査定は本部のサポートチームが遠隔でアシストします。

✅ ④ 頑張りが月収に反映されます
定期的に上長と面談を行い、成果を評価します。
等級が上がるたびに月収も上がる仕組みです。
賞与は年2回（6月・11月）、昇給は年1回（12月）。

＝＝＝＝＝＝＝＝＝＝＝＝＝＝＝
《✼待遇もしっかり✼》

✔ 交通費支給（上限35,000円／月）
✔ 住宅手当・家族手当・グレード手当・時間外手当
✔ 制服支給（オーダースーツ）
✔ 社員割引制度
✔ GLTD加入（所得補償保険／個人負担なし）
✔ 慰労金制度（勤続10年ごとに支給）
✔ iDeCoプラス・健康診断
✔ 年間休日110日、リフレッシュ休暇・フリーバカンス休暇あり"
38,2915,株式会社ベストバイ,未経験OK｜ブランド買取スタッフ｜大阪市東淀川区,月給27.8万円〜◎個人ノルマなしのブランド買取スタッフ♪,"✦・━━━━━━━━━━━━━━━・✦
＼大阪府大阪市東淀川区で募集中／
モノの価値を決める「査定」のプロへ。
未経験から始めるブランド買取スタッフ◎
✦・━━━━━━━━━━━━━━━・✦

「査定なんて、知識がないと無理では？」

その知識は、入ってから身につきます。
値づけは勘ではなく、手順で決まるからです。

＝＝＝＝＝＝＝＝＝＝＝＝＝＝＝
【✧査定は、この3ステップ✧】

■ ① 状態のチェック
傷・動作・付属品の有無を確認します。

■ ② 相場の確認
社内データと専用システムで市場価格を調べます。

■ ③ 価格の提示
状態と相場を掛け合わせて金額をお伝えします。

この3つを繰り返すうちに、
「この品はいくらか」が自然と分かるようになります。

＝＝＝＝＝＝＝＝＝＝＝＝＝＝＝
【✨このお仕事の魅力✨】

✅ 個人ノルマはありません
店舗の目標はありますが、個人に件数は課しません。
目の前のお客様との会話に集中できます。

✅ 高額品は一人で判断しません
本部のサポートチームが遠隔でアシストします。
独断でミスをするリスクがありません。

✅ 研修はオーダーメイド式
覚える速さは人それぞれ。
あなたのペースに合わせて進めます。

＝＝＝＝＝＝＝＝＝＝＝＝＝＝＝
【✧お仕事の内容✧】

■ 接客・買取査定
ブランド品・貴金属・高級時計・骨董品・お酒・
ジュエリー・家電・アパレル・楽器・ホビーなど

■ 店舗運営
陳列・レイアウト・POP作成。
自分の裁量でお店を作っていけます。

■ EC・事務
出品・発送・在庫管理

＝＝＝＝＝＝＝＝＝＝＝＝＝＝＝
【✔働き方✔】

✔ 09:45〜18:45（実働8時間／休憩1時間）
✔ 夜間勤務はありません
✔ 月平均の残業は10時間以下
✔ 週休二日制（シフト制／月8日以上）

まずはお気軽にご応募ください。

案件No：2915","《✼ここで働く4つの特徴✼》

✅ ① 個人ノルマなし、チームで動く
「今月あと○件…」という焦りがありません。
店舗の目標はありますが、個人に件数は課しません。
目の前のお客様との会話に集中できる環境です。

✅ ② 売り込まなくていい接客
買取は、お客様が「売りたい」と来てくださる仕事。
無理な営業は一切なく、正直な査定でお客様に
喜んでいただけます。
接客経験者ほど、この働き方の違いを実感するはずです。

✅ ③ 放っておかれない職場
わからないことはすぐ聞ける、困ったら誰かが動いてくれる。
高額品の査定は本部のサポートチームが遠隔でアシストします。

✅ ④ 頑張りが月収に反映されます
定期的に上長と面談を行い、成果を評価します。
等級が上がるたびに月収も上がる仕組みです。
賞与は年2回（6月・11月）、昇給は年1回（12月）。

＝＝＝＝＝＝＝＝＝＝＝＝＝＝＝
《✼待遇もしっかり✼》

✔ 交通費支給（上限35,000円／月）
✔ 住宅手当・家族手当・グレード手当・時間外手当
✔ 制服支給（オーダースーツ）
✔ 社員割引制度
✔ GLTD加入（所得補償保険／個人負担なし）
✔ 慰労金制度（勤続10年ごとに支給）
✔ iDeCoプラス・健康診断
✔ 年間休日110日、リフレッシュ休暇・フリーバカンス休暇あり"
39,2914,株式会社ベストバイ,未経験OK｜ブランド買取スタッフ｜大阪市淀川区,月給27.8万円〜◎個人ノルマなしのブランド買取スタッフ♪,"✦・━━━━━━━━━━━━━━━・✦
＼大阪府大阪市淀川区で募集中／
売り込まない接客へ。ブランド買取スタッフ◎
✦・━━━━━━━━━━━━━━━・✦

「営業は数字に追われるもの」
そう思って、営業から離れた方へ。

買取は、お客様が「売りたい」と
自分から来てくださる仕事です。
こちらから売り込む場面がありません。

＝＝＝＝＝＝＝＝＝＝＝＝＝＝＝
【✨ここが他の営業と違います✨】

✅ 個人ノルマなし
店舗の目標はありますが、
個人に件数を課すことはしません。

✅ 追いかける営業ではありません
飛び込みもテレアポもありません。
ご来店いただいた方に、正直な査定をお伝えします。

✅ 判断を一人で背負いません
高額品の査定は本部が遠隔でアシストします。
困ったら誰かが動いてくれるチームです。

＝＝＝＝＝＝＝＝＝＝＝＝＝＝＝
【✧お仕事の内容✧】

■ 接客・買取査定
お客様がお持ちの品を、3つの手順で査定します。
①状態のチェック（傷・動作・付属品）
②相場の確認（社内データと専用システム）
③価格の提示（状態と相場から金額を算出）

取り扱うのは、ブランド品・貴金属・高級時計・
骨董品・お酒・ジュエリー・家電・アパレル・
楽器・ホビーなど、幅広い商材です。

■ 店舗運営
陳列・レイアウト・POP作成

■ EC・事務
出品・発送・在庫管理

＝＝＝＝＝＝＝＝＝＝＝＝＝＝＝
【✔働き方✔】

✔ 09:45〜18:45（実働8時間／休憩1時間）
✔ 夜間勤務なし、月平均の残業は10時間以下
✔ 週休二日制（シフト制／月8日以上）
✔ 賞与年2回（6月・11月）、昇給年1回（12月）

接客や販売の経験は、そのまま活かせます。

案件No：2914","《✼ここで働く4つの特徴✼》

✅ ① 個人ノルマなし、チームで動く
「今月あと○件…」という焦りがありません。
店舗の目標はありますが、個人に件数は課しません。
目の前のお客様との会話に集中できる環境です。

✅ ② 売り込まなくていい接客
買取は、お客様が「売りたい」と来てくださる仕事。
無理な営業は一切なく、正直な査定でお客様に
喜んでいただけます。
接客経験者ほど、この働き方の違いを実感するはずです。

✅ ③ 放っておかれない職場
わからないことはすぐ聞ける、困ったら誰かが動いてくれる。
高額品の査定は本部のサポートチームが遠隔でアシストします。

✅ ④ 頑張りが月収に反映されます
定期的に上長と面談を行い、成果を評価します。
等級が上がるたびに月収も上がる仕組みです。
賞与は年2回（6月・11月）、昇給は年1回（12月）。

＝＝＝＝＝＝＝＝＝＝＝＝＝＝＝
《✼待遇もしっかり✼》

✔ 交通費支給（上限35,000円／月）
✔ 住宅手当・家族手当・グレード手当・時間外手当
✔ 制服支給（オーダースーツ）
✔ 社員割引制度
✔ GLTD加入（所得補償保険／個人負担なし）
✔ 慰労金制度（勤続10年ごとに支給）
✔ iDeCoプラス・健康診断
✔ 年間休日110日、リフレッシュ休暇・フリーバカンス休暇あり"
40,2913,株式会社ベストバイ,未経験OK｜ブランド買取スタッフ｜大阪市淀川区,月給27.8万円〜◎個人ノルマなしのブランド買取スタッフ♪,"✦・━━━━━━━━━━━━━━━・✦
＼大阪府大阪市淀川区で募集中／
知識ゼロから。ブランド買取スタッフ募集◎
✦・━━━━━━━━━━━━━━━・✦

「ブランドにも時計にも詳しくない」
「間違えて安く買ってしまったらどうしよう」

その心配は、仕組みで解消されています。

＝＝＝＝＝＝＝＝＝＝＝＝＝＝＝
【✨未経験でも大丈夫な理由✨】

✅ 一人で判断しなくていい
高額品の査定は、本部のサポートチームに
いつでも相談できます。
独断でミスをするリスクがありません。

✅ 値づけは手順で決まる
①状態のチェック ②相場の確認 ③価格の提示
この3ステップに沿って進めます。
相場は社内データと専用システムで調べられます。

✅ 研修はオーダーメイド式
覚える速さに合わせて進めるので、
焦る必要はありません。
査定の知識と接客スキルが同時に身につきます。

＝＝＝＝＝＝＝＝＝＝＝＝＝＝＝
【✧お仕事の内容✧】

■ 接客・買取査定
ブランド品・貴金属・高級時計・骨董品・お酒・
ジュエリー・家電・アパレル・楽器・ホビーなど

■ 店舗運営
陳列・レイアウト・POP作成

■ EC・事務
出品・発送・在庫管理

＝＝＝＝＝＝＝＝＝＝＝＝＝＝＝
【✨続けられる環境✨】

✔ 個人ノルマなし。店舗の目標をチームで追います
✔ 09:45〜18:45（実働8時間／休憩1時間）
✔ 夜間勤務なし、月平均の残業は10時間以下
✔ 等級が上がるごとに月収も上がる評価制度
✔ 制服はオーダースーツを支給します

まずは職種を知るところからで大丈夫です。
お気軽にご応募ください。

案件No：2913","《✼ここで働く4つの特徴✼》

✅ ① 個人ノルマなし、チームで動く
「今月あと○件…」という焦りがありません。
店舗の目標はありますが、個人に件数は課しません。
目の前のお客様との会話に集中できる環境です。

✅ ② 売り込まなくていい接客
買取は、お客様が「売りたい」と来てくださる仕事。
無理な営業は一切なく、正直な査定でお客様に
喜んでいただけます。
接客経験者ほど、この働き方の違いを実感するはずです。

✅ ③ 放っておかれない職場
わからないことはすぐ聞ける、困ったら誰かが動いてくれる。
高額品の査定は本部のサポートチームが遠隔でアシストします。

✅ ④ 頑張りが月収に反映されます
定期的に上長と面談を行い、成果を評価します。
等級が上がるたびに月収も上がる仕組みです。
賞与は年2回（6月・11月）、昇給は年1回（12月）。

＝＝＝＝＝＝＝＝＝＝＝＝＝＝＝
《✼待遇もしっかり✼》

✔ 交通費支給（上限35,000円／月）
✔ 住宅手当・家族手当・グレード手当・時間外手当
✔ 制服支給（オーダースーツ）
✔ 社員割引制度
✔ GLTD加入（所得補償保険／個人負担なし）
✔ 慰労金制度（勤続10年ごとに支給）
✔ iDeCoプラス・健康診断
✔ 年間休日110日、リフレッシュ休暇・フリーバカンス休暇あり"
41,2912,株式会社ベストバイ,未経験OK｜ブランド買取スタッフ｜大阪市北区,月給27.8万円〜◎個人ノルマなしのブランド買取スタッフ♪,"✦・━━━━━━━━━━━━━━━・✦
＼大阪府大阪市北区で募集中／
モノの価値を決める「査定」のプロへ。
未経験から始めるブランド買取スタッフ◎
✦・━━━━━━━━━━━━━━━・✦

「査定なんて、知識がないと無理では？」

その知識は、入ってから身につきます。
値づけは勘ではなく、手順で決まるからです。

＝＝＝＝＝＝＝＝＝＝＝＝＝＝＝
【✧査定は、この3ステップ✧】

■ ① 状態のチェック
傷・動作・付属品の有無を確認します。

■ ② 相場の確認
社内データと専用システムで市場価格を調べます。

■ ③ 価格の提示
状態と相場を掛け合わせて金額をお伝えします。

この3つを繰り返すうちに、
「この品はいくらか」が自然と分かるようになります。

＝＝＝＝＝＝＝＝＝＝＝＝＝＝＝
【✨このお仕事の魅力✨】

✅ 個人ノルマはありません
店舗の目標はありますが、個人に件数は課しません。
目の前のお客様との会話に集中できます。

✅ 高額品は一人で判断しません
本部のサポートチームが遠隔でアシストします。
独断でミスをするリスクがありません。

✅ 研修はオーダーメイド式
覚える速さは人それぞれ。
あなたのペースに合わせて進めます。

＝＝＝＝＝＝＝＝＝＝＝＝＝＝＝
【✧お仕事の内容✧】

■ 接客・買取査定
ブランド品・貴金属・高級時計・骨董品・お酒・
ジュエリー・家電・アパレル・楽器・ホビーなど

■ 店舗運営
陳列・レイアウト・POP作成。
自分の裁量でお店を作っていけます。

■ EC・事務
出品・発送・在庫管理

＝＝＝＝＝＝＝＝＝＝＝＝＝＝＝
【✔働き方✔】

✔ 09:45〜18:45（実働8時間／休憩1時間）
✔ 夜間勤務はありません
✔ 月平均の残業は10時間以下
✔ 週休二日制（シフト制／月8日以上）

まずはお気軽にご応募ください。

案件No：2912","《✼ここで働く4つの特徴✼》

✅ ① 個人ノルマなし、チームで動く
「今月あと○件…」という焦りがありません。
店舗の目標はありますが、個人に件数は課しません。
目の前のお客様との会話に集中できる環境です。

✅ ② 売り込まなくていい接客
買取は、お客様が「売りたい」と来てくださる仕事。
無理な営業は一切なく、正直な査定でお客様に
喜んでいただけます。
接客経験者ほど、この働き方の違いを実感するはずです。

✅ ③ 放っておかれない職場
わからないことはすぐ聞ける、困ったら誰かが動いてくれる。
高額品の査定は本部のサポートチームが遠隔でアシストします。

✅ ④ 頑張りが月収に反映されます
定期的に上長と面談を行い、成果を評価します。
等級が上がるたびに月収も上がる仕組みです。
賞与は年2回（6月・11月）、昇給は年1回（12月）。

＝＝＝＝＝＝＝＝＝＝＝＝＝＝＝
《✼待遇もしっかり✼》

✔ 交通費支給（上限35,000円／月）
✔ 住宅手当・家族手当・グレード手当・時間外手当
✔ 制服支給（オーダースーツ）
✔ 社員割引制度
✔ GLTD加入（所得補償保険／個人負担なし）
✔ 慰労金制度（勤続10年ごとに支給）
✔ iDeCoプラス・健康診断
✔ 年間休日110日、リフレッシュ休暇・フリーバカンス休暇あり"
42,2911,株式会社ベストバイ,未経験OK｜ブランド買取スタッフ｜大阪市中央区,月給27.8万円〜◎個人ノルマなしのブランド買取スタッフ♪,"✦・━━━━━━━━━━━━━━━・✦
＼大阪府大阪市中央区で募集中／
売り込まない接客へ。ブランド買取スタッフ◎
✦・━━━━━━━━━━━━━━━・✦

「営業は数字に追われるもの」
そう思って、営業から離れた方へ。

買取は、お客様が「売りたい」と
自分から来てくださる仕事です。
こちらから売り込む場面がありません。

＝＝＝＝＝＝＝＝＝＝＝＝＝＝＝
【✨ここが他の営業と違います✨】

✅ 個人ノルマなし
店舗の目標はありますが、
個人に件数を課すことはしません。

✅ 追いかける営業ではありません
飛び込みもテレアポもありません。
ご来店いただいた方に、正直な査定をお伝えします。

✅ 判断を一人で背負いません
高額品の査定は本部が遠隔でアシストします。
困ったら誰かが動いてくれるチームです。

＝＝＝＝＝＝＝＝＝＝＝＝＝＝＝
【✧お仕事の内容✧】

■ 接客・買取査定
お客様がお持ちの品を、3つの手順で査定します。
①状態のチェック（傷・動作・付属品）
②相場の確認（社内データと専用システム）
③価格の提示（状態と相場から金額を算出）

取り扱うのは、ブランド品・貴金属・高級時計・
骨董品・お酒・ジュエリー・家電・アパレル・
楽器・ホビーなど、幅広い商材です。

■ 店舗運営
陳列・レイアウト・POP作成

■ EC・事務
出品・発送・在庫管理

＝＝＝＝＝＝＝＝＝＝＝＝＝＝＝
【✔働き方✔】

✔ 09:45〜18:45（実働8時間／休憩1時間）
✔ 夜間勤務なし、月平均の残業は10時間以下
✔ 週休二日制（シフト制／月8日以上）
✔ 賞与年2回（6月・11月）、昇給年1回（12月）

接客や販売の経験は、そのまま活かせます。

案件No：2911","《✼ここで働く4つの特徴✼》

✅ ① 個人ノルマなし、チームで動く
「今月あと○件…」という焦りがありません。
店舗の目標はありますが、個人に件数は課しません。
目の前のお客様との会話に集中できる環境です。

✅ ② 売り込まなくていい接客
買取は、お客様が「売りたい」と来てくださる仕事。
無理な営業は一切なく、正直な査定でお客様に
喜んでいただけます。
接客経験者ほど、この働き方の違いを実感するはずです。

✅ ③ 放っておかれない職場
わからないことはすぐ聞ける、困ったら誰かが動いてくれる。
高額品の査定は本部のサポートチームが遠隔でアシストします。

✅ ④ 頑張りが月収に反映されます
定期的に上長と面談を行い、成果を評価します。
等級が上がるたびに月収も上がる仕組みです。
賞与は年2回（6月・11月）、昇給は年1回（12月）。

＝＝＝＝＝＝＝＝＝＝＝＝＝＝＝
《✼待遇もしっかり✼》

✔ 交通費支給（上限35,000円／月）
✔ 住宅手当・家族手当・グレード手当・時間外手当
✔ 制服支給（オーダースーツ）
✔ 社員割引制度
✔ GLTD加入（所得補償保険／個人負担なし）
✔ 慰労金制度（勤続10年ごとに支給）
✔ iDeCoプラス・健康診断
✔ 年間休日110日、リフレッシュ休暇・フリーバカンス休暇あり"
43,2910,株式会社ベストバイ,未経験OK｜ブランド買取スタッフ｜堺市堺区,月給27.8万円〜◎個人ノルマなしのブランド買取スタッフ♪,"✦・━━━━━━━━━━━━━━━・✦
＼大阪府堺市堺区で募集中／
知識ゼロから。ブランド買取スタッフ募集◎
✦・━━━━━━━━━━━━━━━・✦

「ブランドにも時計にも詳しくない」
「間違えて安く買ってしまったらどうしよう」

その心配は、仕組みで解消されています。

＝＝＝＝＝＝＝＝＝＝＝＝＝＝＝
【✨未経験でも大丈夫な理由✨】

✅ 一人で判断しなくていい
高額品の査定は、本部のサポートチームに
いつでも相談できます。
独断でミスをするリスクがありません。

✅ 値づけは手順で決まる
①状態のチェック ②相場の確認 ③価格の提示
この3ステップに沿って進めます。
相場は社内データと専用システムで調べられます。

✅ 研修はオーダーメイド式
覚える速さに合わせて進めるので、
焦る必要はありません。
査定の知識と接客スキルが同時に身につきます。

＝＝＝＝＝＝＝＝＝＝＝＝＝＝＝
【✧お仕事の内容✧】

■ 接客・買取査定
ブランド品・貴金属・高級時計・骨董品・お酒・
ジュエリー・家電・アパレル・楽器・ホビーなど

■ 店舗運営
陳列・レイアウト・POP作成

■ EC・事務
出品・発送・在庫管理

＝＝＝＝＝＝＝＝＝＝＝＝＝＝＝
【✨続けられる環境✨】

✔ 個人ノルマなし。店舗の目標をチームで追います
✔ 09:45〜18:45（実働8時間／休憩1時間）
✔ 夜間勤務なし、月平均の残業は10時間以下
✔ 等級が上がるごとに月収も上がる評価制度
✔ 制服はオーダースーツを支給します

まずは職種を知るところからで大丈夫です。
お気軽にご応募ください。

案件No：2910","《✼ここで働く4つの特徴✼》

✅ ① 個人ノルマなし、チームで動く
「今月あと○件…」という焦りがありません。
店舗の目標はありますが、個人に件数は課しません。
目の前のお客様との会話に集中できる環境です。

✅ ② 売り込まなくていい接客
買取は、お客様が「売りたい」と来てくださる仕事。
無理な営業は一切なく、正直な査定でお客様に
喜んでいただけます。
接客経験者ほど、この働き方の違いを実感するはずです。

✅ ③ 放っておかれない職場
わからないことはすぐ聞ける、困ったら誰かが動いてくれる。
高額品の査定は本部のサポートチームが遠隔でアシストします。

✅ ④ 頑張りが月収に反映されます
定期的に上長と面談を行い、成果を評価します。
等級が上がるたびに月収も上がる仕組みです。
賞与は年2回（6月・11月）、昇給は年1回（12月）。

＝＝＝＝＝＝＝＝＝＝＝＝＝＝＝
《✼待遇もしっかり✼》

✔ 交通費支給（上限35,000円／月）
✔ 住宅手当・家族手当・グレード手当・時間外手当
✔ 制服支給（オーダースーツ）
✔ 社員割引制度
✔ GLTD加入（所得補償保険／個人負担なし）
✔ 慰労金制度（勤続10年ごとに支給）
✔ iDeCoプラス・健康診断
✔ 年間休日110日、リフレッシュ休暇・フリーバカンス休暇あり"
44,2909,株式会社ベストバイ,未経験OK｜ブランド買取スタッフ｜豊中市,月給27.8万円〜◎個人ノルマなしのブランド買取スタッフ♪,"✦・━━━━━━━━━━━━━━━・✦
＼大阪府豊中市で募集中／
モノの価値を決める「査定」のプロへ。
未経験から始めるブランド買取スタッフ◎
✦・━━━━━━━━━━━━━━━・✦

「査定なんて、知識がないと無理では？」

その知識は、入ってから身につきます。
値づけは勘ではなく、手順で決まるからです。

＝＝＝＝＝＝＝＝＝＝＝＝＝＝＝
【✧査定は、この3ステップ✧】

■ ① 状態のチェック
傷・動作・付属品の有無を確認します。

■ ② 相場の確認
社内データと専用システムで市場価格を調べます。

■ ③ 価格の提示
状態と相場を掛け合わせて金額をお伝えします。

この3つを繰り返すうちに、
「この品はいくらか」が自然と分かるようになります。

＝＝＝＝＝＝＝＝＝＝＝＝＝＝＝
【✨このお仕事の魅力✨】

✅ 個人ノルマはありません
店舗の目標はありますが、個人に件数は課しません。
目の前のお客様との会話に集中できます。

✅ 高額品は一人で判断しません
本部のサポートチームが遠隔でアシストします。
独断でミスをするリスクがありません。

✅ 研修はオーダーメイド式
覚える速さは人それぞれ。
あなたのペースに合わせて進めます。

＝＝＝＝＝＝＝＝＝＝＝＝＝＝＝
【✧お仕事の内容✧】

■ 接客・買取査定
ブランド品・貴金属・高級時計・骨董品・お酒・
ジュエリー・家電・アパレル・楽器・ホビーなど

■ 店舗運営
陳列・レイアウト・POP作成。
自分の裁量でお店を作っていけます。

■ EC・事務
出品・発送・在庫管理

＝＝＝＝＝＝＝＝＝＝＝＝＝＝＝
【✔働き方✔】

✔ 09:45〜18:45（実働8時間／休憩1時間）
✔ 夜間勤務はありません
✔ 月平均の残業は10時間以下
✔ 週休二日制（シフト制／月8日以上）

まずはお気軽にご応募ください。

案件No：2909","《✼ここで働く4つの特徴✼》

✅ ① 個人ノルマなし、チームで動く
「今月あと○件…」という焦りがありません。
店舗の目標はありますが、個人に件数は課しません。
目の前のお客様との会話に集中できる環境です。

✅ ② 売り込まなくていい接客
買取は、お客様が「売りたい」と来てくださる仕事。
無理な営業は一切なく、正直な査定でお客様に
喜んでいただけます。
接客経験者ほど、この働き方の違いを実感するはずです。

✅ ③ 放っておかれない職場
わからないことはすぐ聞ける、困ったら誰かが動いてくれる。
高額品の査定は本部のサポートチームが遠隔でアシストします。

✅ ④ 頑張りが月収に反映されます
定期的に上長と面談を行い、成果を評価します。
等級が上がるたびに月収も上がる仕組みです。
賞与は年2回（6月・11月）、昇給は年1回（12月）。

＝＝＝＝＝＝＝＝＝＝＝＝＝＝＝
《✼待遇もしっかり✼》

✔ 交通費支給（上限35,000円／月）
✔ 住宅手当・家族手当・グレード手当・時間外手当
✔ 制服支給（オーダースーツ）
✔ 社員割引制度
✔ GLTD加入（所得補償保険／個人負担なし）
✔ 慰労金制度（勤続10年ごとに支給）
✔ iDeCoプラス・健康診断
✔ 年間休日110日、リフレッシュ休暇・フリーバカンス休暇あり"
45,2906,株式会社スタンディングポイント,未経験OK｜ブランド品の買取営業｜大阪市中央区,月給23.8万円〜◎賞与年3回×インセンティブあり♪,"✦・━━━━━━━━━━━━━━━・✦
＼大阪府大阪市中央区で募集中／
モノの価値を見極める「査定」のプロへ。
未経験から始めるブランド買取スタッフ◎
✦・━━━━━━━━━━━━━━━・✦

「査定なんて専門知識がないと無理では？」

そう思う方も大丈夫です。
査定スキルは、専任トレーナーによる研修と
実務を通して少しずつ身につけていきます。

＝＝＝＝＝＝＝＝＝＝＝＝＝＝＝
【✨この仕事の魅力✨】

✅ 入社時に専門知識は不要
知識が増えるほど査定できる商品が増え、
収入にも直結します。

✅ 資格取得支援制度あり
社内での学びを会社がバックアップします。

✅ 賞与は年3回
7月・12月・3月に支給。
インセンティブも別途支給されます。

＝＝＝＝＝＝＝＝＝＝＝＝＝＝＝
【✧お仕事の内容✧】

■ 店舗での買取査定・接客対応
出張買取もあります。

■ 取扱品
ブランド品／貴金属／時計・宝石／洋服など

＝＝＝＝＝＝＝＝＝＝＝＝＝＝＝
【✔働き方✔】

✔ 09:00〜18:00（実働8時間／休憩1時間）
✔ 完全週休2日制（シフト制）
✔ 年間休日110日
✔ 有給休暇・リフレッシュ休暇・
　特別休暇・配偶者誕生日休暇あり

まずはお気軽にご応募ください。

案件No：2906
","《✼ここで働く4つの特徴✼》

✅ ① 専門知識ゼロから始められる
入社後は専任トレーナーによる研修と実務で
査定スキルを習得していきます。
知識が増えるほど、任せられる商品も増えていきます。

✅ ② 頑張りが手当に反映される
役職手当・職務手当に加えて、
各種表彰手当も用意されています。
インセンティブは別途支給。賞与は年3回（7月・12月・3月）。

✅ ③ 暮らしを支える手当が充実
住宅手当は家賃の最大25%を会社が負担。
家族手当・扶養手当（配偶者7,500円・子1人9,500円）もあります。

✅ ④ 長く働ける制度がある
退職金制度・確定拠出年金・資格取得支援制度に加え、
5連休制度（年1回）も利用できます。

＝＝＝＝＝＝＝＝＝＝＝＝＝＝＝
《✼福利厚生もしっかり✼》

✔ 社会保険完備（健康保険・厚生年金・雇用保険・労災保険）
✔ 交通費支給・出張手当
✔ ドリンク無料（ドリンクサーバー）
✔ リファラル採用手当・Wantedly Perk利用可
✔ 年間休日110日、リフレッシュ休暇・特別休暇・配偶者誕生日休暇あり
"
46,2906,株式会社スタンディングポイント,未経験OK｜ブランド品の買取営業｜横浜市中区,月給23.8万円〜◎賞与年3回×インセンティブあり♪,"✦・━━━━━━━━━━━━━━━・✦
＼神奈川県横浜市中区で募集中／
手当も研修も、しっかり整った
ブランド買取スタッフのお仕事◎
✦・━━━━━━━━━━━━━━━・✦

「未経験だけど、暮らしは安定させたい」

そんな希望に応える待遇があります。

＝＝＝＝＝＝＝＝＝＝＝＝＝＝＝
【✨待遇のポイント✨】

✅ 住宅手当あり
家賃の最大25%を会社が負担します。

✅ 家族手当・扶養手当あり
配偶者7,500円、子1人につき9,500円を支給。

✅ 退職金制度・確定拠出年金あり
長く働くほど安心が積み上がる仕組みです。

＝＝＝＝＝＝＝＝＝＝＝＝＝＝＝
【✧お仕事の内容✧】

■ 店舗での買取査定・接客対応
出張買取もあります。

■ 取扱品
ブランド品／貴金属／時計・宝石／洋服など

＝＝＝＝＝＝＝＝＝＝＝＝＝＝＝
【✔働き方✔】

✔ 09:00〜18:00（実働8時間／休憩1時間）
✔ 完全週休2日制（シフト制）
✔ 年間休日110日
✔ 5連休制度（年1回）あり

まずはお気軽にご応募ください。

案件No：2906
","《✼ここで働く4つの特徴✼》

✅ ① 専門知識ゼロから始められる
入社後は専任トレーナーによる研修と実務で
査定スキルを習得していきます。
知識が増えるほど、任せられる商品も増えていきます。

✅ ② 頑張りが手当に反映される
役職手当・職務手当に加えて、
各種表彰手当も用意されています。
インセンティブは別途支給。賞与は年3回（7月・12月・3月）。

✅ ③ 暮らしを支える手当が充実
住宅手当は家賃の最大25%を会社が負担。
家族手当・扶養手当（配偶者7,500円・子1人9,500円）もあります。

✅ ④ 長く働ける制度がある
退職金制度・確定拠出年金・資格取得支援制度に加え、
5連休制度（年1回）も利用できます。

＝＝＝＝＝＝＝＝＝＝＝＝＝＝＝
《✼福利厚生もしっかり✼》

✔ 社会保険完備（健康保険・厚生年金・雇用保険・労災保険）
✔ 交通費支給・出張手当
✔ ドリンク無料（ドリンクサーバー）
✔ リファラル採用手当・Wantedly Perk利用可
✔ 年間休日110日、リフレッシュ休暇・特別休暇・配偶者誕生日休暇あり
"
47,2906,株式会社スタンディングポイント,未経験OK｜ブランド品の買取営業｜目黒区,月給23.8万円〜◎賞与年3回×インセンティブあり♪,"✦・━━━━━━━━━━━━━━━・✦
＼東京都目黒区で募集中／
モノの価値を見極める「査定」のプロへ。
未経験から始めるブランド買取スタッフ◎
✦・━━━━━━━━━━━━━━━・✦

「査定なんて専門知識がないと無理では？」

そう思う方も大丈夫です。
査定スキルは、専任トレーナーによる研修と
実務を通して少しずつ身につけていきます。

＝＝＝＝＝＝＝＝＝＝＝＝＝＝＝
【✨この仕事の魅力✨】

✅ 入社時に専門知識は不要
知識が増えるほど査定できる商品が増え、
収入にも直結します。

✅ 資格取得支援制度あり
社内での学びを会社がバックアップします。

✅ 賞与は年3回
7月・12月・3月に支給。
インセンティブも別途支給されます。

＝＝＝＝＝＝＝＝＝＝＝＝＝＝＝
【✧お仕事の内容✧】

■ 店舗での買取査定・接客対応
出張買取もあります。

■ 取扱品
ブランド品／貴金属／時計・宝石／洋服など

＝＝＝＝＝＝＝＝＝＝＝＝＝＝＝
【✔働き方✔】

✔ 09:00〜18:00（実働8時間／休憩1時間）
✔ 完全週休2日制（シフト制）
✔ 年間休日110日
✔ 有給休暇・リフレッシュ休暇・
　特別休暇・配偶者誕生日休暇あり

まずはお気軽にご応募ください。

案件No：2906
","《✼ここで働く4つの特徴✼》

✅ ① 専門知識ゼロから始められる
入社後は専任トレーナーによる研修と実務で
査定スキルを習得していきます。
知識が増えるほど、任せられる商品も増えていきます。

✅ ② 頑張りが手当に反映される
役職手当・職務手当に加えて、
各種表彰手当も用意されています。
インセンティブは別途支給。賞与は年3回（7月・12月・3月）。

✅ ③ 暮らしを支える手当が充実
住宅手当は家賃の最大25%を会社が負担。
家族手当・扶養手当（配偶者7,500円・子1人9,500円）もあります。

✅ ④ 長く働ける制度がある
退職金制度・確定拠出年金・資格取得支援制度に加え、
5連休制度（年1回）も利用できます。

＝＝＝＝＝＝＝＝＝＝＝＝＝＝＝
《✼福利厚生もしっかり✼》

✔ 社会保険完備（健康保険・厚生年金・雇用保険・労災保険）
✔ 交通費支給・出張手当
✔ ドリンク無料（ドリンクサーバー）
✔ リファラル採用手当・Wantedly Perk利用可
✔ 年間休日110日、リフレッシュ休暇・特別休暇・配偶者誕生日休暇あり
"
48,2906,株式会社スタンディングポイント,未経験OK｜ブランド品の買取営業｜渋谷区,月給23.8万円〜◎賞与年3回×インセンティブあり♪,"✦・━━━━━━━━━━━━━━━・✦
＼東京都渋谷区で募集中／
手当も研修も、しっかり整った
ブランド買取スタッフのお仕事◎
✦・━━━━━━━━━━━━━━━・✦

「未経験だけど、暮らしは安定させたい」

そんな希望に応える待遇があります。

＝＝＝＝＝＝＝＝＝＝＝＝＝＝＝
【✨待遇のポイント✨】

✅ 住宅手当あり
家賃の最大25%を会社が負担します。

✅ 家族手当・扶養手当あり
配偶者7,500円、子1人につき9,500円を支給。

✅ 退職金制度・確定拠出年金あり
長く働くほど安心が積み上がる仕組みです。

＝＝＝＝＝＝＝＝＝＝＝＝＝＝＝
【✧お仕事の内容✧】

■ 店舗での買取査定・接客対応
出張買取もあります。

■ 取扱品
ブランド品／貴金属／時計・宝石／洋服など

＝＝＝＝＝＝＝＝＝＝＝＝＝＝＝
【✔働き方✔】

✔ 09:00〜18:00（実働8時間／休憩1時間）
✔ 完全週休2日制（シフト制）
✔ 年間休日110日
✔ 5連休制度（年1回）あり

まずはお気軽にご応募ください。

案件No：2906
","《✼ここで働く4つの特徴✼》

✅ ① 専門知識ゼロから始められる
入社後は専任トレーナーによる研修と実務で
査定スキルを習得していきます。
知識が増えるほど、任せられる商品も増えていきます。

✅ ② 頑張りが手当に反映される
役職手当・職務手当に加えて、
各種表彰手当も用意されています。
インセンティブは別途支給。賞与は年3回（7月・12月・3月）。

✅ ③ 暮らしを支える手当が充実
住宅手当は家賃の最大25%を会社が負担。
家族手当・扶養手当（配偶者7,500円・子1人9,500円）もあります。

✅ ④ 長く働ける制度がある
退職金制度・確定拠出年金・資格取得支援制度に加え、
5連休制度（年1回）も利用できます。

＝＝＝＝＝＝＝＝＝＝＝＝＝＝＝
《✼福利厚生もしっかり✼》

✔ 社会保険完備（健康保険・厚生年金・雇用保険・労災保険）
✔ 交通費支給・出張手当
✔ ドリンク無料（ドリンクサーバー）
✔ リファラル採用手当・Wantedly Perk利用可
✔ 年間休日110日、リフレッシュ休暇・特別休暇・配偶者誕生日休暇あり
"
49,2906,株式会社スタンディングポイント,未経験OK｜ブランド品の買取営業｜新宿区,月給23.8万円〜◎賞与年3回×インセンティブあり♪,"✦・━━━━━━━━━━━━━━━・✦
＼東京都新宿区で募集中／
モノの価値を見極める「査定」のプロへ。
未経験から始めるブランド買取スタッフ◎
✦・━━━━━━━━━━━━━━━・✦

「査定なんて専門知識がないと無理では？」

そう思う方も大丈夫です。
査定スキルは、専任トレーナーによる研修と
実務を通して少しずつ身につけていきます。

＝＝＝＝＝＝＝＝＝＝＝＝＝＝＝
【✨この仕事の魅力✨】

✅ 入社時に専門知識は不要
知識が増えるほど査定できる商品が増え、
収入にも直結します。

✅ 資格取得支援制度あり
社内での学びを会社がバックアップします。

✅ 賞与は年3回
7月・12月・3月に支給。
インセンティブも別途支給されます。

＝＝＝＝＝＝＝＝＝＝＝＝＝＝＝
【✧お仕事の内容✧】

■ 店舗での買取査定・接客対応
出張買取もあります。

■ 取扱品
ブランド品／貴金属／時計・宝石／洋服など

＝＝＝＝＝＝＝＝＝＝＝＝＝＝＝
【✔働き方✔】

✔ 09:00〜18:00（実働8時間／休憩1時間）
✔ 完全週休2日制（シフト制）
✔ 年間休日110日
✔ 有給休暇・リフレッシュ休暇・
　特別休暇・配偶者誕生日休暇あり

まずはお気軽にご応募ください。

案件No：2906
","《✼ここで働く4つの特徴✼》

✅ ① 専門知識ゼロから始められる
入社後は専任トレーナーによる研修と実務で
査定スキルを習得していきます。
知識が増えるほど、任せられる商品も増えていきます。

✅ ② 頑張りが手当に反映される
役職手当・職務手当に加えて、
各種表彰手当も用意されています。
インセンティブは別途支給。賞与は年3回（7月・12月・3月）。

✅ ③ 暮らしを支える手当が充実
住宅手当は家賃の最大25%を会社が負担。
家族手当・扶養手当（配偶者7,500円・子1人9,500円）もあります。

✅ ④ 長く働ける制度がある
退職金制度・確定拠出年金・資格取得支援制度に加え、
5連休制度（年1回）も利用できます。

＝＝＝＝＝＝＝＝＝＝＝＝＝＝＝
《✼福利厚生もしっかり✼》

✔ 社会保険完備（健康保険・厚生年金・雇用保険・労災保険）
✔ 交通費支給・出張手当
✔ ドリンク無料（ドリンクサーバー）
✔ リファラル採用手当・Wantedly Perk利用可
✔ 年間休日110日、リフレッシュ休暇・特別休暇・配偶者誕生日休暇あり
"
50,2906,株式会社スタンディングポイント,未経験OK｜ブランド品の買取営業｜中央区,月給23.8万円〜◎賞与年3回×インセンティブあり♪,"✦・━━━━━━━━━━━━━━━・✦
＼東京都中央区で募集中／
手当も研修も、しっかり整った
ブランド買取スタッフのお仕事◎
✦・━━━━━━━━━━━━━━━・✦

「未経験だけど、暮らしは安定させたい」

そんな希望に応える待遇があります。

＝＝＝＝＝＝＝＝＝＝＝＝＝＝＝
【✨待遇のポイント✨】

✅ 住宅手当あり
家賃の最大25%を会社が負担します。

✅ 家族手当・扶養手当あり
配偶者7,500円、子1人につき9,500円を支給。

✅ 退職金制度・確定拠出年金あり
長く働くほど安心が積み上がる仕組みです。

＝＝＝＝＝＝＝＝＝＝＝＝＝＝＝
【✧お仕事の内容✧】

■ 店舗での買取査定・接客対応
出張買取もあります。

■ 取扱品
ブランド品／貴金属／時計・宝石／洋服など

＝＝＝＝＝＝＝＝＝＝＝＝＝＝＝
【✔働き方✔】

✔ 09:00〜18:00（実働8時間／休憩1時間）
✔ 完全週休2日制（シフト制）
✔ 年間休日110日
✔ 5連休制度（年1回）あり

まずはお気軽にご応募ください。

案件No：2906
","《✼ここで働く4つの特徴✼》

✅ ① 専門知識ゼロから始められる
入社後は専任トレーナーによる研修と実務で
査定スキルを習得していきます。
知識が増えるほど、任せられる商品も増えていきます。

✅ ② 頑張りが手当に反映される
役職手当・職務手当に加えて、
各種表彰手当も用意されています。
インセンティブは別途支給。賞与は年3回（7月・12月・3月）。

✅ ③ 暮らしを支える手当が充実
住宅手当は家賃の最大25%を会社が負担。
家族手当・扶養手当（配偶者7,500円・子1人9,500円）もあります。

✅ ④ 長く働ける制度がある
退職金制度・確定拠出年金・資格取得支援制度に加え、
5連休制度（年1回）も利用できます。

＝＝＝＝＝＝＝＝＝＝＝＝＝＝＝
《✼福利厚生もしっかり✼》

✔ 社会保険完備（健康保険・厚生年金・雇用保険・労災保険）
✔ 交通費支給・出張手当
✔ ドリンク無料（ドリンクサーバー）
✔ リファラル採用手当・Wantedly Perk利用可
✔ 年間休日110日、リフレッシュ休暇・特別休暇・配偶者誕生日休暇あり
"
51,2906,株式会社スタンディングポイント,未経験OK｜ブランド品の買取営業｜港区,月給23.8万円〜◎賞与年3回×インセンティブあり♪,"✦・━━━━━━━━━━━━━━━・✦
＼東京都港区で募集中／
モノの価値を見極める「査定」のプロへ。
未経験から始めるブランド買取スタッフ◎
✦・━━━━━━━━━━━━━━━・✦

「査定なんて専門知識がないと無理では？」

そう思う方も大丈夫です。
査定スキルは、専任トレーナーによる研修と
実務を通して少しずつ身につけていきます。

＝＝＝＝＝＝＝＝＝＝＝＝＝＝＝
【✨この仕事の魅力✨】

✅ 入社時に専門知識は不要
知識が増えるほど査定できる商品が増え、
収入にも直結します。

✅ 資格取得支援制度あり
社内での学びを会社がバックアップします。

✅ 賞与は年3回
7月・12月・3月に支給。
インセンティブも別途支給されます。

＝＝＝＝＝＝＝＝＝＝＝＝＝＝＝
【✧お仕事の内容✧】

■ 店舗での買取査定・接客対応
出張買取もあります。

■ 取扱品
ブランド品／貴金属／時計・宝石／洋服など

＝＝＝＝＝＝＝＝＝＝＝＝＝＝＝
【✔働き方✔】

✔ 09:00〜18:00（実働8時間／休憩1時間）
✔ 完全週休2日制（シフト制）
✔ 年間休日110日
✔ 有給休暇・リフレッシュ休暇・
　特別休暇・配偶者誕生日休暇あり

まずはお気軽にご応募ください。

案件No：2906
","《✼ここで働く4つの特徴✼》

✅ ① 専門知識ゼロから始められる
入社後は専任トレーナーによる研修と実務で
査定スキルを習得していきます。
知識が増えるほど、任せられる商品も増えていきます。

✅ ② 頑張りが手当に反映される
役職手当・職務手当に加えて、
各種表彰手当も用意されています。
インセンティブは別途支給。賞与は年3回（7月・12月・3月）。

✅ ③ 暮らしを支える手当が充実
住宅手当は家賃の最大25%を会社が負担。
家族手当・扶養手当（配偶者7,500円・子1人9,500円）もあります。

✅ ④ 長く働ける制度がある
退職金制度・確定拠出年金・資格取得支援制度に加え、
5連休制度（年1回）も利用できます。

＝＝＝＝＝＝＝＝＝＝＝＝＝＝＝
《✼福利厚生もしっかり✼》

✔ 社会保険完備（健康保険・厚生年金・雇用保険・労災保険）
✔ 交通費支給・出張手当
✔ ドリンク無料（ドリンクサーバー）
✔ リファラル採用手当・Wantedly Perk利用可
✔ 年間休日110日、リフレッシュ休暇・特別休暇・配偶者誕生日休暇あり
"
52,2866,株式会社Grow,未経験OK｜催事型・買取査定営業｜正社員,未経験OK◎月給25万円〜+インセンティブで年収300万円へ,"✦・━━━━━━━━━━━━━━━・✦
＼埼玉県さいたま市桜区で募集中／
未経験からスタートできる
買取査定の営業スタッフ◎
✦・━━━━━━━━━━━━━━━・✦

「営業経験がないと難しそう…」
そう思う方もご安心ください。
経歴不問、未経験からのスタートを歓迎しています。

＝＝＝＝＝＝＝＝＝＝＝＝＝＝＝
【✧お仕事の内容✧】

■ 買取イベントの告知
ショッピングセンターやスーパーのイベント会場で、
来店をお声掛けします。

■ 査定・買取
お客様が持ち込んだ貴金属やブランド品を査定し、
最適な買取価格を提案します。

■ 催事運営
期間限定の買取サービスの運営を担当します。

＝＝＝＝＝＝＝＝＝＝＝＝＝＝＝
【✨この仕事の魅力✨】

✅ インセンティブあり
頑張りが月収に反映されます。

✅ 昇給・昇格あり
定期的な昇給・昇格の機会があります。

＝＝＝＝＝＝＝＝＝＝＝＝＝＝＝
【✔働き方✔】

✔ 10:00〜18:00（所定7時間／休憩1時間）
✔ 残業なし
✔ 土日休み
✔ 有給休暇あり

まずはお気軽にご応募ください。

案件No：2866","《✼ここで働くポイント✼》

✅ ① 未経験・経歴不問で挑戦できる
経歴は問いません。普通自動車免許（AT限定可）は
入社日までに取得していただければ大丈夫です。

✅ ② 頑張りが年収に反映される
インセンティブがあり、定期的な昇給・昇格の機会もあります。
想定年収は300万円です。

✅ ③ カジュアル面談で気軽に相談できる
選考とは別に、仕事内容や働き方について
相談できるカジュアル面談を実施しています。

＝＝＝＝＝＝＝＝＝＝＝＝＝＝＝
《✼待遇もしっかり✼》

✔ 社会保険完備（健康保険・厚生年金・雇用保険・労災保険）
✔ 健康診断
✔ 交通費支給
✔ 社員割引制度
✔ 有給休暇あり（休日は土日休み）"
53,2865,株式会社リタスピ,未経験歓迎｜ブランド・貴金属買取営業｜正社員,月給23万円〜30万円◎個人ノルマなしの買取営業♪,"✦・━━━━━━━━━━━━━━━・✦
＼千葉県松戸市で募集中／
モノの価値を決める「査定」のプロへ。
未経験から始める買取営業◎
✦・━━━━━━━━━━━━━━━・✦

「買取営業ってノルマがきつそう…」
そう思う方にこそ知ってほしい仕事です。

＝＝＝＝＝＝＝＝＝＝＝＝＝＝＝
【✧お仕事の内容✧】

■ ① アポ獲得
1日あたりの平均アポ獲得数は2件です。

■ ② 来店対応・買取商談
金・貴金属、高級時計、ブランドバッグ、宝石等を
丁寧にヒアリングしながら査定します。
ブランドの種類・状態を確認し、買取金額を提案。
※査定金額は本部が提示するので未経験でも安心です。
※リピーターになってくださるお客様も多数。

■ ③ 成約
平均成約率は90％です。

＝＝＝＝＝＝＝＝＝＝＝＝＝＝＝
【✨このお仕事の魅力✨】

✅ 個人ノルマなし
頑張った分は給与に反映されます。

✅ 前職から給与アップの実績あり
前職給与から最大209％アップの実績があります。
※ほとんどのスタッフが前職より大幅に年収アップ

✅ 無理な営業は一切なし

＝＝＝＝＝＝＝＝＝＝＝＝＝＝＝
【✔働き方✔】

✔ 10:00〜19:00（休憩60分）
✔ 月平均の残業は10時間程度
✔ シフト制／年間休日102日
✔ 有給休暇取得率90％以上

まずはお気軽にご応募ください。

案件No：2865","《✼この仕事の4つの特徴✼》

✅ ① 個人ノルマなし
店舗の目標はありますが、個人に件数は課しません。
頑張った分は給与に反映されます。

✅ ② 無理な営業は一切なし
お客様が「売りたい」と来店される買取だからこそ、
無理な営業をする必要がありません。

✅ ③ 頑張りがインセンティブに反映
アポ獲得手当2,000〜4,000円／件、買取インセンティブ、
1日粗利目標達成手当、店舗目標予算達成手当など、
成果がそのまま手当につながります。

✅ ④ 前職からの給与アップ実績あり
前職給与から最大209％アップの実績があります。
※ほとんどのスタッフが前職より大幅に年収アップ

景気に左右されない安定した売上と経営基盤も強みです。

＝＝＝＝＝＝＝＝＝＝＝＝＝＝＝
《✼待遇もしっかり✼》

✔ 想定年収276万円〜360万円（昇給あり・賞与あり）
✔ 資格手当・資格取得制度
✔ 交通費支給（上限30,000円）
✔ マイカー通勤OK
✔ 社会保険完備・健康診断"
54,2864,株式会社リタスピ,未経験歓迎｜ブランド・貴金属買取営業｜正社員,月給23万円〜30万円◎個人ノルマなしの買取営業♪,"✦・━━━━━━━━━━━━━━━・✦
＼東京都葛飾区で募集中／
モノの価値を決める「査定」のプロへ。
未経験から始める買取営業◎
✦・━━━━━━━━━━━━━━━・✦

「買取営業ってノルマがきつそう…」
そう思う方にこそ知ってほしい仕事です。

＝＝＝＝＝＝＝＝＝＝＝＝＝＝＝
【✧お仕事の内容✧】

■ ① アポ獲得
1日あたりの平均アポ獲得数は2件です。

■ ② 来店対応・買取商談
金・貴金属、高級時計、ブランドバッグ、宝石等を
丁寧にヒアリングしながら査定します。
ブランドの種類・状態を確認し、買取金額を提案。
※査定金額は本部が提示するので未経験でも安心です。
※リピーターになってくださるお客様も多数。

■ ③ 成約
平均成約率は90％です。

＝＝＝＝＝＝＝＝＝＝＝＝＝＝＝
【✨このお仕事の魅力✨】

✅ 個人ノルマなし
頑張った分は給与に反映されます。

✅ 前職から給与アップの実績あり
前職給与から最大209％アップの実績があります。
※ほとんどのスタッフが前職より大幅に年収アップ

✅ 無理な営業は一切なし

＝＝＝＝＝＝＝＝＝＝＝＝＝＝＝
【✔働き方✔】

✔ 10:00〜19:00（休憩60分）
✔ 月平均の残業は10時間程度
✔ シフト制／年間休日102日
✔ 有給休暇取得率90％以上

まずはお気軽にご応募ください。

案件No：2864","《✼この仕事の4つの特徴✼》

✅ ① 個人ノルマなし
店舗の目標はありますが、個人に件数は課しません。
頑張った分は給与に反映されます。

✅ ② 無理な営業は一切なし
お客様が「売りたい」と来店される買取だからこそ、
無理な営業をする必要がありません。

✅ ③ 頑張りがインセンティブに反映
アポ獲得手当2,000〜4,000円／件、買取インセンティブ、
1日粗利目標達成手当、店舗目標予算達成手当など、
成果がそのまま手当につながります。

✅ ④ 前職からの給与アップ実績あり
前職給与から最大209％アップの実績があります。
※ほとんどのスタッフが前職より大幅に年収アップ

景気に左右されない安定した売上と経営基盤も強みです。

＝＝＝＝＝＝＝＝＝＝＝＝＝＝＝
《✼待遇もしっかり✼》

✔ 想定年収276万円〜360万円（昇給あり・賞与あり）
✔ 資格手当・資格取得制度
✔ 交通費支給（上限30,000円）
✔ マイカー通勤OK
✔ 社会保険完備・健康診断"
55,2863,株式会社ケラトジャパン,未経験OK｜ブランド品査定・買取スタッフ｜調布市,月給25万円〜35万円◎研修充実の買取スタッフ♪,"✦・━━━━━━━━━━━━━━━・✦
＼東京都調布市で募集中／
「売りたい」お客様に応える、
査定・買取のお仕事◎
✦・━━━━━━━━━━━━━━━・✦

飛び込み営業や新規テレアポは一切ありません。
ご来店されるお客様のほとんどが売却ニーズを
お持ちなので、未経験でも成果を出しやすい環境です。

＝＝＝＝＝＝＝＝＝＝＝＝＝＝＝
【✨この仕事の魅力✨】

✅ 丁寧な研修・サポート体制
入社後は先輩スタッフが査定のいろはから教えます。

✅ 頑張りが収入に反映
インセンティブ制度があり、成果が月収に直結します。
月収50万円（基本給23万円＋インセンティブ27万円）の
実例もあります。

✅ キャリアアップも目指せる
店舗拡大中で、店長・副店長への登用実績もあります。

＝＝＝＝＝＝＝＝＝＝＝＝＝＝＝
【✧お仕事の内容✧】

■ 査定
ブランドバッグ・高級時計・宝石などお品物を確認し、
適正な買取価格をご提案します。

■ クロージング
お客様に寄り添い、納得感のある提案で
売却をサポートします。

＝＝＝＝＝＝＝＝＝＝＝＝＝＝＝
【✔働き方✔】

✔ 9:30〜19:30（実働8.5時間／休憩90分）
✔ 月平均残業20時間以下
✔ シフト制（月8日休み／年間休日102日）
✔ 3連休の取得も可能。土日休みの相談もできます。

まずはお気軽にご応募ください。

案件No：2863
","《✼この仕事の3つの特徴✼》

✅ ① 頑張りが収入に直結
月給25万円〜35万円に加え、成果に応じたインセンティブを支給。
昇給は年1回（4月）で、月収50万円（基本給23万円＋インセンティブ27万円）、
月収100万円（基本給30万円＋インセンティブ70万円）の実例もあります。

✅ ② 早期のキャリアアップも可能
店舗拡大中のため、店長・副店長へのキャリアアップも目指せます。
資格取得制度・資格手当もあり、知識を身につけながら成長できます。

✅ ③ 希望を伝えられる休み方
シフト制で年間休日102日。3連休の取得も可能で、
土日休みの相談もできます。
「絶対に休みたい4日間」＋「希望の4日間」の申請もできるので、
プライベートも大切にしながら働けます。

＝＝＝＝＝＝＝＝＝＝＝＝＝＝＝
《✼待遇もしっかり✼》

✔ 社会保険完備（健康保険・厚生年金・雇用保険・労災保険）
✔ 交通費支給
✔ マイカー通勤OK
✔ 健康診断
✔ 資格取得制度・資格手当
✔ 役職手当・アポ獲得手当
✔ 日次粗利目標達成手当・店舗目標達成手当
✔ 社販制度
"
56,2862,株式会社ケラトジャパン,未経験OK｜ブランド品査定・買取スタッフ｜大田区,月給25万円〜35万円◎研修充実の買取スタッフ♪,"✦・━━━━━━━━━━━━━━━・✦
＼東京都大田区で募集中／
未経験から始める、
ブランド品査定・買取のお仕事◎
✦・━━━━━━━━━━━━━━━・✦

「専門知識がないと不安…」
そんな方でも大丈夫です。

来店されるお客様のほとんどが売却ニーズを
お持ちなので、飛び込み営業や新規テレアポは行いません。

＝＝＝＝＝＝＝＝＝＝＝＝＝＝＝
【✨働きやすいポイント✨】

✅ 研修・サポートが充実
入社後は丁寧な研修があるので安心してスタートできます。

✅ 資格取得制度・資格手当あり
査定に必要な知識を身につけながらキャリアを積めます。

✅ 休みの希望を伝えられる
「絶対に休みたい4日間」＋「希望の4日間」を申請できます。

＝＝＝＝＝＝＝＝＝＝＝＝＝＝＝
【✧お仕事の内容✧】

■ 査定・買取提案
ブランドバッグ・高級時計・宝石などのお品物を確認し、
適正な価格をご提案します。

■ 接客対応
ご来店されたお客様への対応が中心の仕事です。

＝＝＝＝＝＝＝＝＝＝＝＝＝＝＝
【✔働き方・待遇✔】

✔ 9:30〜19:30（実働8.5時間／休憩90分）
✔ 月平均残業20時間以下
✔ シフト制（月8日休み／年間休日102日）
✔ 社会保険完備・交通費支給・マイカー通勤OK

まずはお気軽にご応募ください。

案件No：2862
","《✼この仕事の3つの特徴✼》

✅ ① 頑張りが収入に直結
月給25万円〜35万円に加え、成果に応じたインセンティブを支給。
昇給は年1回（4月）で、月収50万円（基本給23万円＋インセンティブ27万円）、
月収100万円（基本給30万円＋インセンティブ70万円）の実例もあります。

✅ ② 早期のキャリアアップも可能
店舗拡大中のため、店長・副店長へのキャリアアップも目指せます。
資格取得制度・資格手当もあり、知識を身につけながら成長できます。

✅ ③ 希望を伝えられる休み方
シフト制で年間休日102日。3連休の取得も可能で、
土日休みの相談もできます。
「絶対に休みたい4日間」＋「希望の4日間」の申請もできるので、
プライベートも大切にしながら働けます。

＝＝＝＝＝＝＝＝＝＝＝＝＝＝＝
《✼待遇もしっかり✼》

✔ 社会保険完備（健康保険・厚生年金・雇用保険・労災保険）
✔ 交通費支給
✔ マイカー通勤OK
✔ 健康診断
✔ 資格取得制度・資格手当
✔ 役職手当・アポ獲得手当
✔ 日次粗利目標達成手当・店舗目標達成手当
✔ 社販制度
"
57,2861,株式会社ケラトジャパン,未経験OK｜ブランド品査定・買取スタッフ｜板橋区,月給25万円〜35万円◎研修充実の買取スタッフ♪,"✦・━━━━━━━━━━━━━━━・✦
＼東京都板橋区で募集中／
「売りたい」お客様に応える、
査定・買取のお仕事◎
✦・━━━━━━━━━━━━━━━・✦

飛び込み営業や新規テレアポは一切ありません。
ご来店されるお客様のほとんどが売却ニーズを
お持ちなので、未経験でも成果を出しやすい環境です。

＝＝＝＝＝＝＝＝＝＝＝＝＝＝＝
【✨この仕事の魅力✨】

✅ 丁寧な研修・サポート体制
入社後は先輩スタッフが査定のいろはから教えます。

✅ 頑張りが収入に反映
インセンティブ制度があり、成果が月収に直結します。
月収50万円（基本給23万円＋インセンティブ27万円）の
実例もあります。

✅ キャリアアップも目指せる
店舗拡大中で、店長・副店長への登用実績もあります。

＝＝＝＝＝＝＝＝＝＝＝＝＝＝＝
【✧お仕事の内容✧】

■ 査定
ブランドバッグ・高級時計・宝石などお品物を確認し、
適正な買取価格をご提案します。

■ クロージング
お客様に寄り添い、納得感のある提案で
売却をサポートします。

＝＝＝＝＝＝＝＝＝＝＝＝＝＝＝
【✔働き方✔】

✔ 9:30〜19:30（実働8.5時間／休憩90分）
✔ 月平均残業20時間以下
✔ シフト制（月8日休み／年間休日102日）
✔ 3連休の取得も可能。土日休みの相談もできます。

まずはお気軽にご応募ください。

案件No：2861
","《✼この仕事の3つの特徴✼》

✅ ① 頑張りが収入に直結
月給25万円〜35万円に加え、成果に応じたインセンティブを支給。
昇給は年1回（4月）で、月収50万円（基本給23万円＋インセンティブ27万円）、
月収100万円（基本給30万円＋インセンティブ70万円）の実例もあります。

✅ ② 早期のキャリアアップも可能
店舗拡大中のため、店長・副店長へのキャリアアップも目指せます。
資格取得制度・資格手当もあり、知識を身につけながら成長できます。

✅ ③ 希望を伝えられる休み方
シフト制で年間休日102日。3連休の取得も可能で、
土日休みの相談もできます。
「絶対に休みたい4日間」＋「希望の4日間」の申請もできるので、
プライベートも大切にしながら働けます。

＝＝＝＝＝＝＝＝＝＝＝＝＝＝＝
《✼待遇もしっかり✼》

✔ 社会保険完備（健康保険・厚生年金・雇用保険・労災保険）
✔ 交通費支給
✔ マイカー通勤OK
✔ 健康診断
✔ 資格取得制度・資格手当
✔ 役職手当・アポ獲得手当
✔ 日次粗利目標達成手当・店舗目標達成手当
✔ 社販制度
"
58,2860,株式会社ケラトジャパン,未経験OK｜ブランド品査定・買取スタッフ｜川口市,月給25万円〜35万円◎研修充実の買取スタッフ♪,"✦・━━━━━━━━━━━━━━━・✦
＼埼玉県川口市で募集中／
未経験から始める、
ブランド品査定・買取のお仕事◎
✦・━━━━━━━━━━━━━━━・✦

「専門知識がないと不安…」
そんな方でも大丈夫です。

来店されるお客様のほとんどが売却ニーズを
お持ちなので、飛び込み営業や新規テレアポは行いません。

＝＝＝＝＝＝＝＝＝＝＝＝＝＝＝
【✨働きやすいポイント✨】

✅ 研修・サポートが充実
入社後は丁寧な研修があるので安心してスタートできます。

✅ 資格取得制度・資格手当あり
査定に必要な知識を身につけながらキャリアを積めます。

✅ 休みの希望を伝えられる
「絶対に休みたい4日間」＋「希望の4日間」を申請できます。

＝＝＝＝＝＝＝＝＝＝＝＝＝＝＝
【✧お仕事の内容✧】

■ 査定・買取提案
ブランドバッグ・高級時計・宝石などのお品物を確認し、
適正な価格をご提案します。

■ 接客対応
ご来店されたお客様への対応が中心の仕事です。

＝＝＝＝＝＝＝＝＝＝＝＝＝＝＝
【✔働き方・待遇✔】

✔ 9:30〜19:30（実働8.5時間／休憩90分）
✔ 月平均残業20時間以下
✔ シフト制（月8日休み／年間休日102日）
✔ 社会保険完備・交通費支給・マイカー通勤OK

まずはお気軽にご応募ください。

案件No：2860
","《✼この仕事の3つの特徴✼》

✅ ① 頑張りが収入に直結
月給25万円〜35万円に加え、成果に応じたインセンティブを支給。
昇給は年1回（4月）で、月収50万円（基本給23万円＋インセンティブ27万円）、
月収100万円（基本給30万円＋インセンティブ70万円）の実例もあります。

✅ ② 早期のキャリアアップも可能
店舗拡大中のため、店長・副店長へのキャリアアップも目指せます。
資格取得制度・資格手当もあり、知識を身につけながら成長できます。

✅ ③ 希望を伝えられる休み方
シフト制で年間休日102日。3連休の取得も可能で、
土日休みの相談もできます。
「絶対に休みたい4日間」＋「希望の4日間」の申請もできるので、
プライベートも大切にしながら働けます。

＝＝＝＝＝＝＝＝＝＝＝＝＝＝＝
《✼待遇もしっかり✼》

✔ 社会保険完備（健康保険・厚生年金・雇用保険・労災保険）
✔ 交通費支給
✔ マイカー通勤OK
✔ 健康診断
✔ 資格取得制度・資格手当
✔ 役職手当・アポ獲得手当
✔ 日次粗利目標達成手当・店舗目標達成手当
✔ 社販制度
"
59,2859,株式会社ケラトジャパン,未経験OK｜ブランド品査定・買取スタッフ｜さいたま市浦和区,月給25万円〜35万円◎研修充実の買取スタッフ♪,"✦・━━━━━━━━━━━━━━━・✦
＼埼玉県さいたま市浦和区で募集中／
「売りたい」お客様に応える、
査定・買取のお仕事◎
✦・━━━━━━━━━━━━━━━・✦

飛び込み営業や新規テレアポは一切ありません。
ご来店されるお客様のほとんどが売却ニーズを
お持ちなので、未経験でも成果を出しやすい環境です。

＝＝＝＝＝＝＝＝＝＝＝＝＝＝＝
【✨この仕事の魅力✨】

✅ 丁寧な研修・サポート体制
入社後は先輩スタッフが査定のいろはから教えます。

✅ 頑張りが収入に反映
インセンティブ制度があり、成果が月収に直結します。
月収50万円（基本給23万円＋インセンティブ27万円）の
実例もあります。

✅ キャリアアップも目指せる
店舗拡大中で、店長・副店長への登用実績もあります。

＝＝＝＝＝＝＝＝＝＝＝＝＝＝＝
【✧お仕事の内容✧】

■ 査定
ブランドバッグ・高級時計・宝石などお品物を確認し、
適正な買取価格をご提案します。

■ クロージング
お客様に寄り添い、納得感のある提案で
売却をサポートします。

＝＝＝＝＝＝＝＝＝＝＝＝＝＝＝
【✔働き方✔】

✔ 9:30〜19:30（実働8.5時間／休憩90分）
✔ 月平均残業20時間以下
✔ シフト制（月8日休み／年間休日102日）
✔ 3連休の取得も可能。土日休みの相談もできます。

まずはお気軽にご応募ください。

案件No：2859
","《✼この仕事の3つの特徴✼》

✅ ① 頑張りが収入に直結
月給25万円〜35万円に加え、成果に応じたインセンティブを支給。
昇給は年1回（4月）で、月収50万円（基本給23万円＋インセンティブ27万円）、
月収100万円（基本給30万円＋インセンティブ70万円）の実例もあります。

✅ ② 早期のキャリアアップも可能
店舗拡大中のため、店長・副店長へのキャリアアップも目指せます。
資格取得制度・資格手当もあり、知識を身につけながら成長できます。

✅ ③ 希望を伝えられる休み方
シフト制で年間休日102日。3連休の取得も可能で、
土日休みの相談もできます。
「絶対に休みたい4日間」＋「希望の4日間」の申請もできるので、
プライベートも大切にしながら働けます。

＝＝＝＝＝＝＝＝＝＝＝＝＝＝＝
《✼待遇もしっかり✼》

✔ 社会保険完備（健康保険・厚生年金・雇用保険・労災保険）
✔ 交通費支給
✔ マイカー通勤OK
✔ 健康診断
✔ 資格取得制度・資格手当
✔ 役職手当・アポ獲得手当
✔ 日次粗利目標達成手当・店舗目標達成手当
✔ 社販制度
"
60,2858,株式会社ケラトジャパン,未経験OK｜ブランド品査定・買取スタッフ｜さいたま市大宮区,月給25万円〜35万円◎研修充実の買取スタッフ♪,"✦・━━━━━━━━━━━━━━━・✦
＼埼玉県さいたま市大宮区で募集中／
未経験から始める、
ブランド品査定・買取のお仕事◎
✦・━━━━━━━━━━━━━━━・✦

「専門知識がないと不安…」
そんな方でも大丈夫です。

来店されるお客様のほとんどが売却ニーズを
お持ちなので、飛び込み営業や新規テレアポは行いません。

＝＝＝＝＝＝＝＝＝＝＝＝＝＝＝
【✨働きやすいポイント✨】

✅ 研修・サポートが充実
入社後は丁寧な研修があるので安心してスタートできます。

✅ 資格取得制度・資格手当あり
査定に必要な知識を身につけながらキャリアを積めます。

✅ 休みの希望を伝えられる
「絶対に休みたい4日間」＋「希望の4日間」を申請できます。

＝＝＝＝＝＝＝＝＝＝＝＝＝＝＝
【✧お仕事の内容✧】

■ 査定・買取提案
ブランドバッグ・高級時計・宝石などのお品物を確認し、
適正な価格をご提案します。

■ 接客対応
ご来店されたお客様への対応が中心の仕事です。

＝＝＝＝＝＝＝＝＝＝＝＝＝＝＝
【✔働き方・待遇✔】

✔ 9:30〜19:30（実働8.5時間／休憩90分）
✔ 月平均残業20時間以下
✔ シフト制（月8日休み／年間休日102日）
✔ 社会保険完備・交通費支給・マイカー通勤OK

まずはお気軽にご応募ください。

案件No：2858
","《✼この仕事の3つの特徴✼》

✅ ① 頑張りが収入に直結
月給25万円〜35万円に加え、成果に応じたインセンティブを支給。
昇給は年1回（4月）で、月収50万円（基本給23万円＋インセンティブ27万円）、
月収100万円（基本給30万円＋インセンティブ70万円）の実例もあります。

✅ ② 早期のキャリアアップも可能
店舗拡大中のため、店長・副店長へのキャリアアップも目指せます。
資格取得制度・資格手当もあり、知識を身につけながら成長できます。

✅ ③ 希望を伝えられる休み方
シフト制で年間休日102日。3連休の取得も可能で、
土日休みの相談もできます。
「絶対に休みたい4日間」＋「希望の4日間」の申請もできるので、
プライベートも大切にしながら働けます。

＝＝＝＝＝＝＝＝＝＝＝＝＝＝＝
《✼待遇もしっかり✼》

✔ 社会保険完備（健康保険・厚生年金・雇用保険・労災保険）
✔ 交通費支給
✔ マイカー通勤OK
✔ 健康診断
✔ 資格取得制度・資格手当
✔ 役職手当・アポ獲得手当
✔ 日次粗利目標達成手当・店舗目標達成手当
✔ 社販制度
"
61,2857,株式会社ケラトジャパン,未経験OK｜ブランド品査定・買取スタッフ｜江戸川区,月給25万円〜35万円◎研修充実の買取スタッフ♪,"✦・━━━━━━━━━━━━━━━・✦
＼東京都江戸川区で募集中／
「売りたい」お客様に応える、
査定・買取のお仕事◎
✦・━━━━━━━━━━━━━━━・✦

飛び込み営業や新規テレアポは一切ありません。
ご来店されるお客様のほとんどが売却ニーズを
お持ちなので、未経験でも成果を出しやすい環境です。

＝＝＝＝＝＝＝＝＝＝＝＝＝＝＝
【✨この仕事の魅力✨】

✅ 丁寧な研修・サポート体制
入社後は先輩スタッフが査定のいろはから教えます。

✅ 頑張りが収入に反映
インセンティブ制度があり、成果が月収に直結します。
月収50万円（基本給23万円＋インセンティブ27万円）の
実例もあります。

✅ キャリアアップも目指せる
店舗拡大中で、店長・副店長への登用実績もあります。

＝＝＝＝＝＝＝＝＝＝＝＝＝＝＝
【✧お仕事の内容✧】

■ 査定
ブランドバッグ・高級時計・宝石などお品物を確認し、
適正な買取価格をご提案します。

■ クロージング
お客様に寄り添い、納得感のある提案で
売却をサポートします。

＝＝＝＝＝＝＝＝＝＝＝＝＝＝＝
【✔働き方✔】

✔ 9:30〜19:30（実働8.5時間／休憩90分）
✔ 月平均残業20時間以下
✔ シフト制（月8日休み／年間休日102日）
✔ 3連休の取得も可能。土日休みの相談もできます。

まずはお気軽にご応募ください。

案件No：2857
","《✼この仕事の3つの特徴✼》

✅ ① 頑張りが収入に直結
月給25万円〜35万円に加え、成果に応じたインセンティブを支給。
昇給は年1回（4月）で、月収50万円（基本給23万円＋インセンティブ27万円）、
月収100万円（基本給30万円＋インセンティブ70万円）の実例もあります。

✅ ② 早期のキャリアアップも可能
店舗拡大中のため、店長・副店長へのキャリアアップも目指せます。
資格取得制度・資格手当もあり、知識を身につけながら成長できます。

✅ ③ 希望を伝えられる休み方
シフト制で年間休日102日。3連休の取得も可能で、
土日休みの相談もできます。
「絶対に休みたい4日間」＋「希望の4日間」の申請もできるので、
プライベートも大切にしながら働けます。

＝＝＝＝＝＝＝＝＝＝＝＝＝＝＝
《✼待遇もしっかり✼》

✔ 社会保険完備（健康保険・厚生年金・雇用保険・労災保険）
✔ 交通費支給
✔ マイカー通勤OK
✔ 健康診断
✔ 資格取得制度・資格手当
✔ 役職手当・アポ獲得手当
✔ 日次粗利目標達成手当・店舗目標達成手当
✔ 社販制度
"
62,2856,株式会社STYLE,未経験OK｜貴金属・ブランド品の買取営業,月給24万円〜◎インセンティブで高収入も目指せる正社員♪,"✦・━━━━━━━━━━━━━━━・✦
＼大阪府大阪市中央区で募集中／
査定の知識は、入社後に身につく。
未経験から始める買取営業◎
✦・━━━━━━━━━━━━━━━・✦

「貴金属やブランド品の目利きなんて、経験がないと無理では？」

大丈夫です。集客・査定・クロージングまで、
一連の流れを一つずつ覚えていける仕事です。

＝＝＝＝＝＝＝＝＝＝＝＝＝＝＝
【✧お仕事の流れ✧】

■ ① 集客
チラシを使って買取イベントの告知を行い、
来店されたお客様にお声掛けします。

■ ② 査定
お客様が持ち込んだ貴金属やブランド品を査定し、
最適な買取価格を提案します。

■ ③ クロージング
お客様に寄り添いながら売却を後押しします。
成約率は90％を超えており、
売却意欲の高いお客様が多い環境です。

＝＝＝＝＝＝＝＝＝＝＝＝＝＝＝
【✨働き方✨】

✔ 10:00〜18:00（夜間勤務なし）
✔ 月間平均残業時間は20時間以下
✔ 土日休み・年間休日120日

＝＝＝＝＝＝＝＝＝＝＝＝＝＝＝
【✨待遇✨】

✔ 月給24万円〜（インセンティブあり）
✔ 賞与年2回
✔ 資格取得支援・研修制度あり（営業研修・管理職研修）

まずはお気軽にご応募ください。

案件No：2856","《✼この仕事の4つの特徴✼》

✅ ① 未経験・第二新卒から挑戦できる
既卒・第二新卒も歓迎。専門知識は入社後の研修で身につけられます。

✅ ② 研修・資格取得のサポートが充実
営業研修や管理職研修に加え、資格取得支援制度も用意されています。

✅ ③ インセンティブ・昇給で頑張りが収入に反映
インセンティブ制度に加え、賞与は年2回、昇給・昇格の機会もあります。

✅ ④ 表彰式でがんばりを評価
年に一度の表彰式（award）があり、成果を社内で称え合う場があります。

＝＝＝＝＝＝＝＝＝＝＝＝＝＝＝
《✼待遇もしっかり✼》

✔ 交通費全額支給・健康診断・美容手当
✔ 住宅手当（管理職以上）・家族手当・役職手当
✔ 引越し手当（規定あり）・社宅・寮制度
✔ 結婚・出産祝い金・車輛購入補助（規定あり）
✔ 社員割引制度・Netflix無料・ベネフィット・ワン導入
✔ Dears休暇（最大5日間）・年間表彰式（award）あり"
63,2855,株式会社STYLE,未経験OK｜貴金属・ブランド品の買取営業,月給24万円〜◎インセンティブで高収入も目指せる正社員♪,"✦・━━━━━━━━━━━━━━━・✦
＼東京都港区で募集中／
査定の知識は、入社後に身につく。
未経験から始める買取営業◎
✦・━━━━━━━━━━━━━━━・✦

「貴金属やブランド品の目利きなんて、経験がないと無理では？」

大丈夫です。集客・査定・クロージングまで、
一連の流れを一つずつ覚えていける仕事です。

＝＝＝＝＝＝＝＝＝＝＝＝＝＝＝
【✧お仕事の流れ✧】

■ ① 集客
チラシを使って買取イベントの告知を行い、
来店されたお客様にお声掛けします。

■ ② 査定
お客様が持ち込んだ貴金属やブランド品を査定し、
最適な買取価格を提案します。

■ ③ クロージング
お客様に寄り添いながら売却を後押しします。
成約率は90％を超えており、
売却意欲の高いお客様が多い環境です。

＝＝＝＝＝＝＝＝＝＝＝＝＝＝＝
【✨働き方✨】

✔ 10:00〜18:00（夜間勤務なし）
✔ 月間平均残業時間は20時間以下
✔ 土日休み・年間休日120日

＝＝＝＝＝＝＝＝＝＝＝＝＝＝＝
【✨待遇✨】

✔ 月給24万円〜（インセンティブあり）
✔ 賞与年2回
✔ 資格取得支援・研修制度あり（営業研修・管理職研修）

まずはお気軽にご応募ください。

案件No：2855","《✼この仕事の4つの特徴✼》

✅ ① 未経験・第二新卒から挑戦できる
既卒・第二新卒も歓迎。専門知識は入社後の研修で身につけられます。

✅ ② 研修・資格取得のサポートが充実
営業研修や管理職研修に加え、資格取得支援制度も用意されています。

✅ ③ インセンティブ・昇給で頑張りが収入に反映
インセンティブ制度に加え、賞与は年2回、昇給・昇格の機会もあります。

✅ ④ 表彰式でがんばりを評価
年に一度の表彰式（award）があり、成果を社内で称え合う場があります。

＝＝＝＝＝＝＝＝＝＝＝＝＝＝＝
《✼待遇もしっかり✼》

✔ 交通費全額支給・健康診断・美容手当
✔ 住宅手当（管理職以上）・家族手当・役職手当
✔ 引越し手当（規定あり）・社宅・寮制度
✔ 結婚・出産祝い金・車輛購入補助（規定あり）
✔ 社員割引制度・Netflix無料・ベネフィット・ワン導入
✔ Dears休暇（最大5日間）・年間表彰式（award）あり"
64,2854,株式会社STYLE,未経験OK｜貴金属・ブランド品の買取営業,月給24万円〜◎インセンティブで高収入も目指せる正社員♪,"✦・━━━━━━━━━━━━━━━・✦
＼東京都港区で募集中／
査定の知識は、入社後に身につく。
未経験から始める買取営業◎
✦・━━━━━━━━━━━━━━━・✦

「貴金属やブランド品の目利きなんて、経験がないと無理では？」

大丈夫です。集客・査定・クロージングまで、
一連の流れを一つずつ覚えていける仕事です。

＝＝＝＝＝＝＝＝＝＝＝＝＝＝＝
【✧お仕事の流れ✧】

■ ① 集客
チラシを使って買取イベントの告知を行い、
来店されたお客様にお声掛けします。

■ ② 査定
お客様が持ち込んだ貴金属やブランド品を査定し、
最適な買取価格を提案します。

■ ③ クロージング
お客様に寄り添いながら売却を後押しします。
成約率は90％を超えており、
売却意欲の高いお客様が多い環境です。

＝＝＝＝＝＝＝＝＝＝＝＝＝＝＝
【✨働き方✨】

✔ 10:00〜18:00（夜間勤務なし）
✔ 月間平均残業時間は20時間以下
✔ 土日休み・年間休日120日

＝＝＝＝＝＝＝＝＝＝＝＝＝＝＝
【✨待遇✨】

✔ 月給24万円〜（インセンティブあり）
✔ 賞与年2回
✔ 資格取得支援・研修制度あり（営業研修・管理職研修）

まずはお気軽にご応募ください。

案件No：2854","《✼この仕事の4つの特徴✼》

✅ ① 未経験・第二新卒から挑戦できる
既卒・第二新卒も歓迎。専門知識は入社後の研修で身につけられます。

✅ ② 研修・資格取得のサポートが充実
営業研修や管理職研修に加え、資格取得支援制度も用意されています。

✅ ③ インセンティブ・昇給で頑張りが収入に反映
インセンティブ制度に加え、賞与は年2回、昇給・昇格の機会もあります。

✅ ④ 表彰式でがんばりを評価
年に一度の表彰式（award）があり、成果を社内で称え合う場があります。

＝＝＝＝＝＝＝＝＝＝＝＝＝＝＝
《✼待遇もしっかり✼》

✔ 交通費全額支給・健康診断・美容手当
✔ 住宅手当（管理職以上）・家族手当・役職手当
✔ 引越し手当（規定あり）・社宅・寮制度
✔ 結婚・出産祝い金・車輛購入補助（規定あり）
✔ 社員割引制度・Netflix無料・ベネフィット・ワン導入
✔ Dears休暇（最大5日間）・年間表彰式（award）あり"
65,2853,株式会社AimForward,未経験OK｜ブランド買取営業,月給28万円〜◎未経験から目指せる買取営業♪,"✦・━━━━━━━━━━━━━━━・✦
＼大阪府大阪市北区で募集中／
モノの価値を見極める「査定」のプロへ。
未経験から始めるブランド買取営業◎
✦・━━━━━━━━━━━━━━━・✦

「営業＝飛び込みやテレアポ」という
イメージはありませんか？

この仕事にその不安は当てはまりません。
アポイントはコールセンターが取得するため、
訪問先はすでに関心を持ったお客様です。

＝＝＝＝＝＝＝＝＝＝＝＝＝＝＝
【✧お仕事の内容✧】

■ 訪問・査定
コールセンターが取得したアポイント先へ訪問。
お品物の状態や市場相場をもとに査定金額を提示します。
1日3〜5件程度の訪問が目安です。

■ 商談・買取成立
査定理由を丁寧に説明し、
ご納得いただいたうえで買取を行います。

■ アフターフォロー
追加査定のご相談対応や、
リピーター様へのご連絡を行います。

＝＝＝＝＝＝＝＝＝＝＝＝＝＝＝
【✨入社後の流れ✨】

✅ まず1週間の社内研修
買取の基礎知識・査定方法・営業マナーを学びます。

✅ 約1ヶ月は先輩に同行
実際のお客様先を回りながら仕事の流れを覚えます。

✅ 2〜3ヶ月を目安に独り立ち
独り立ち後も定期面談があり、相談しながら進められます。

＝＝＝＝＝＝＝＝＝＝＝＝＝＝＝
【✔働き方✔】

✔ 10:00〜19:00（実働8時間／休憩60分）
✔ 週休2日制（シフト制）／年間休日116日
✔ 月給28万円〜41万円（インセンティブあり）
✔ 賞与年2回・昇給あり

社員の9割以上が未経験からのスタートです。
業種を問わず、接客・お客様対応の経験を活かせます。

案件No：2853","《✼採用の背景✼》

2022年の設立から半年ほどで月商1億円を突破。
Webマーケティング事業で培った集客力を活かし、
買取事業を拡大しているタイミングです。
広告経由のお問い合わせも増えているため、
査定・買取営業として活躍いただける方を募集します。

＝＝＝＝＝＝＝＝＝＝＝＝＝＝＝
《✼頑張りが収入に直結✼》

成果はインセンティブとして給与に反映される仕組みです。
想定年収は350万円〜1200万円と幅があり、
成果次第で早期の年収アップを目指せます。
賞与は年2回、昇給もあります。

＝＝＝＝＝＝＝＝＝＝＝＝＝＝＝
《✼待遇もしっかり✼》

✔ 社会保険完備（健康保険・厚生年金・雇用保険・労災保険）
✔ 交通費全額支給
✔ 住宅手当・家賃補助
✔ 退職金制度
✔ オフィス内カフェドリンクあり
✔ 飲み会費用補助・社内イベント・社内旅行"
66,215,株式会社いーふらん,未経験OK｜おたからやの買取スタッフ｜新座市,月給35万円〜◎業界最大手リユース企業のブランド買取スタッフ,"✦・━━━━━━━━━━━━━━━・✦
＼埼玉県新座市で募集中／
全国1700店舗のリユース企業で
未経験から始める買取スタッフ◎
✦・━━━━━━━━━━━━━━━・✦

「買取の知識がなくても大丈夫？」

専門知識は入社後に身につきます。
まずは流れを覚えることから始めましょう。

＝＝＝＝＝＝＝＝＝＝＝＝＝＝＝
【✧買取は、この3ステップ✧】

■ ① 商品の査定
品物を撮影し、専門部署へ写真を送信します。

■ ② 買取のご提案
鑑定結果をもとに、買取内容や手続きをご説明します。

■ ③ 売上の分析
売れやすい商品の傾向を分析し、次の提案に活かします。

＝＝＝＝＝＝＝＝＝＝＝＝＝＝＝
【✨このお仕事の魅力✨】

✅ 専門知識は不要
覚えることは仕事をしながら少しずつ増やしていけます。

✅ 飛び込み営業なし
来店されたお客様への対応が中心。
営業や買取提案そのものに集中できます。

✅ 未経験歓迎
経験の有無を問わず、早期から活躍できる環境です。

＝＝＝＝＝＝＝＝＝＝＝＝＝＝＝
【✧お仕事の内容✧】

■ 買取営業
来店されたお客様への接客・買取査定

■ 取り扱い品目
貴金属・ハイブランド・ジュエリーなど

＝＝＝＝＝＝＝＝＝＝＝＝＝＝＝
【✔働き方✔】

✔ 標準勤務時間：9時〜18時（実働7時間45分／休憩1時間15分）
✔ 平均残業3時間（原則定時退社）
✔ 週休2日制（シフト制）／年間休日111日＋有給休暇
✔ 希望休制度で月2日以上の休暇取得が可能

まずはお気軽にご応募ください。

案件No：215","《✼この求人の3つのポイント✼》

✅ ① 飛び込み営業はなし
来店されたお客様への接客が中心。
「売る」ためのノルマに追われることはありません。

✅ ② 成果はインセンティブ制度で還元
歩合による成果反映で、未経験からでも
頑張りに応じた収入を目指せます。
賞与は年2回、昇給の機会もあります。

✅ ③ 資格取得サポートや社宅制度も
業務に関わる資格取得を会社がサポート。
社宅・社員寮も完備しています。

＝＝＝＝＝＝＝＝＝＝＝＝＝＝＝
《✼待遇もしっかり✼》

✔ 月給35万円〜（想定年収490万円〜）
✔ 賞与年2回・昇給あり・インセンティブ制度（歩合）あり
✔ 交通費全額支給／社宅・社員寮完備
✔ 社内表彰制度・社員割引・健康診断・ベネフィットワン
✔ 役職手当・慶弔見舞金・資格取得サポート制度
✔ 年間休日111日＋有給休暇（実質121日以上）"
67,500,株式会社いーふらん,未経験OK｜おたからやの買取スタッフ｜川口市,月給35万円〜◎業界最大手リユース企業のブランド買取スタッフ,"✦・━━━━━━━━━━━━━━━・✦
＼埼玉県川口市で募集中／
「おたからや」の店舗で働く
買取営業・買取スタッフ職◎
✦・━━━━━━━━━━━━━━━・✦

貴金属やハイブランド、ジュエリーなど。
モノの価値を見きわめる仕事です。

知識は最初からなくて大丈夫。
仕事を通して少しずつ身についていきます。

＝＝＝＝＝＝＝＝＝＝＝＝＝＝＝
【✧お仕事の内容✧】

■ 買取営業
来店されたお客様の買取査定・ご提案

■ 仕事の流れ
品物の撮影→専門部署へ査定依頼
→鑑定結果をもとに買取のご説明・手続き
→売上データをもとにした商品分析

＝＝＝＝＝＝＝＝＝＝＝＝＝＝＝
【✨働きやすさのポイント✨】

✅ 未経験歓迎
専門知識は不要。入社後に身につけていく仕事です。

✅ 昇給・賞与あり
賞与は年2回、昇給の機会もあります。
成果はインセンティブ（歩合）にも反映されます。

✅ 資格取得サポートあり
業務に関わる資格取得を会社が支援します。

＝＝＝＝＝＝＝＝＝＝＝＝＝＝＝
【✔待遇・働き方✔】

✔ 月給35万円〜（想定年収490万円〜）
✔ 標準勤務時間：9時〜18時（実働7時間45分）
✔ 年間休日111日＋有給休暇（実質121日以上）
✔ 社宅・社員寮完備／交通費全額支給

「モノの価値を見る目」を磨いていきたい方は、
ぜひご応募ください。

案件No：500","《✼この求人の3つのポイント✼》

✅ ① 飛び込み営業はなし
来店されたお客様への接客が中心。
「売る」ためのノルマに追われることはありません。

✅ ② 成果はインセンティブ制度で還元
歩合による成果反映で、未経験からでも
頑張りに応じた収入を目指せます。
賞与は年2回、昇給の機会もあります。

✅ ③ 資格取得サポートや社宅制度も
業務に関わる資格取得を会社がサポート。
社宅・社員寮も完備しています。

＝＝＝＝＝＝＝＝＝＝＝＝＝＝＝
《✼待遇もしっかり✼》

✔ 月給35万円〜（想定年収490万円〜）
✔ 賞与年2回・昇給あり・インセンティブ制度（歩合）あり
✔ 交通費全額支給／社宅・社員寮完備
✔ 社内表彰制度・社員割引・健康診断・ベネフィットワン
✔ 役職手当・慶弔見舞金・資格取得サポート制度
✔ 年間休日111日＋有給休暇（実質121日以上）"
68,1726,株式会社いーふらん,未経験OK｜おたからやの買取スタッフ｜さいたま市大宮区,月給35万円〜◎業界最大手リユース企業のブランド買取スタッフ,"✦・━━━━━━━━━━━━━━━・✦
＼埼玉県さいたま市大宮区で募集中／
未経験から始められる
ブランド買取スタッフのお仕事◎
✦・━━━━━━━━━━━━━━━・✦

「営業」と聞くと、
ノルマや飛び込みを想像しませんか？

このお仕事にそれはありません。
来店されたお客様への接客が中心です。

＝＝＝＝＝＝＝＝＝＝＝＝＝＝＝
【✧お仕事の内容✧】

■ 買取査定・ご提案
貴金属・ハイブランド・ジュエリーなどの
買取査定とお客様へのご説明・手続き

■ 売上分析
売上データをもとに、売れやすい商品を分析し
次の買取提案に活かします

＝＝＝＝＝＝＝＝＝＝＝＝＝＝＝
【✨休みも充実✨】

✅ 年間休日111日＋有給休暇
実質121日以上の休みが取れます。

✅ 5日以上の連続休暇も取得可能
シフト状況に応じて調整しながら、
無理なく休暇を取得できます。

✅ 慶弔休暇・育児休暇・介護休暇・看護休暇あり
ライフステージに合わせて利用できます。

＝＝＝＝＝＝＝＝＝＝＝＝＝＝＝
【✔給与・待遇✔】

✔ 月給35万円〜（想定年収490万円〜）
✔ 賞与年2回・昇給あり
✔ 社内表彰制度・社員割引・健康診断あり

全国に1700店舗を展開する
リユース企業でのお仕事です。

案件No：1726","《✼この求人の3つのポイント✼》

✅ ① 飛び込み営業はなし
来店されたお客様への接客が中心。
「売る」ためのノルマに追われることはありません。

✅ ② 成果はインセンティブ制度で還元
歩合による成果反映で、未経験からでも
頑張りに応じた収入を目指せます。
賞与は年2回、昇給の機会もあります。

✅ ③ 資格取得サポートや社宅制度も
業務に関わる資格取得を会社がサポート。
社宅・社員寮も完備しています。

＝＝＝＝＝＝＝＝＝＝＝＝＝＝＝
《✼待遇もしっかり✼》

✔ 月給35万円〜（想定年収490万円〜）
✔ 賞与年2回・昇給あり・インセンティブ制度（歩合）あり
✔ 交通費全額支給／社宅・社員寮完備
✔ 社内表彰制度・社員割引・健康診断・ベネフィットワン
✔ 役職手当・慶弔見舞金・資格取得サポート制度
✔ 年間休日111日＋有給休暇（実質121日以上）"
69,906,株式会社いーふらん,未経験OK｜おたからやの買取スタッフ｜さいたま市桜区,月給35万円〜◎業界最大手リユース企業のブランド買取スタッフ,"✦・━━━━━━━━━━━━━━━・✦
＼埼玉県さいたま市桜区で募集中／
全国1700店舗のリユース企業で
未経験から始める買取スタッフ◎
✦・━━━━━━━━━━━━━━━・✦

「買取の知識がなくても大丈夫？」

専門知識は入社後に身につきます。
まずは流れを覚えることから始めましょう。

＝＝＝＝＝＝＝＝＝＝＝＝＝＝＝
【✧買取は、この3ステップ✧】

■ ① 商品の査定
品物を撮影し、専門部署へ写真を送信します。

■ ② 買取のご提案
鑑定結果をもとに、買取内容や手続きをご説明します。

■ ③ 売上の分析
売れやすい商品の傾向を分析し、次の提案に活かします。

＝＝＝＝＝＝＝＝＝＝＝＝＝＝＝
【✨このお仕事の魅力✨】

✅ 専門知識は不要
覚えることは仕事をしながら少しずつ増やしていけます。

✅ 飛び込み営業なし
来店されたお客様への対応が中心。
営業や買取提案そのものに集中できます。

✅ 未経験歓迎
経験の有無を問わず、早期から活躍できる環境です。

＝＝＝＝＝＝＝＝＝＝＝＝＝＝＝
【✧お仕事の内容✧】

■ 買取営業
来店されたお客様への接客・買取査定

■ 取り扱い品目
貴金属・ハイブランド・ジュエリーなど

＝＝＝＝＝＝＝＝＝＝＝＝＝＝＝
【✔働き方✔】

✔ 標準勤務時間：9時〜18時（実働7時間45分／休憩1時間15分）
✔ 平均残業3時間（原則定時退社）
✔ 週休2日制（シフト制）／年間休日111日＋有給休暇
✔ 希望休制度で月2日以上の休暇取得が可能

まずはお気軽にご応募ください。

案件No：906","《✼この求人の3つのポイント✼》

✅ ① 飛び込み営業はなし
来店されたお客様への接客が中心。
「売る」ためのノルマに追われることはありません。

✅ ② 成果はインセンティブ制度で還元
歩合による成果反映で、未経験からでも
頑張りに応じた収入を目指せます。
賞与は年2回、昇給の機会もあります。

✅ ③ 資格取得サポートや社宅制度も
業務に関わる資格取得を会社がサポート。
社宅・社員寮も完備しています。

＝＝＝＝＝＝＝＝＝＝＝＝＝＝＝
《✼待遇もしっかり✼》

✔ 月給35万円〜（想定年収490万円〜）
✔ 賞与年2回・昇給あり・インセンティブ制度（歩合）あり
✔ 交通費全額支給／社宅・社員寮完備
✔ 社内表彰制度・社員割引・健康診断・ベネフィットワン
✔ 役職手当・慶弔見舞金・資格取得サポート制度
✔ 年間休日111日＋有給休暇（実質121日以上）"
70,2266,株式会社いーふらん,未経験OK｜おたからやの買取スタッフ｜さいたま市見沼区,月給35万円〜◎業界最大手リユース企業のブランド買取スタッフ,"✦・━━━━━━━━━━━━━━━・✦
＼埼玉県さいたま市見沼区で募集中／
「おたからや」の店舗で働く
買取営業・買取スタッフ職◎
✦・━━━━━━━━━━━━━━━・✦

貴金属やハイブランド、ジュエリーなど。
モノの価値を見きわめる仕事です。

知識は最初からなくて大丈夫。
仕事を通して少しずつ身についていきます。

＝＝＝＝＝＝＝＝＝＝＝＝＝＝＝
【✧お仕事の内容✧】

■ 買取営業
来店されたお客様の買取査定・ご提案

■ 仕事の流れ
品物の撮影→専門部署へ査定依頼
→鑑定結果をもとに買取のご説明・手続き
→売上データをもとにした商品分析

＝＝＝＝＝＝＝＝＝＝＝＝＝＝＝
【✨働きやすさのポイント✨】

✅ 未経験歓迎
専門知識は不要。入社後に身につけていく仕事です。

✅ 昇給・賞与あり
賞与は年2回、昇給の機会もあります。
成果はインセンティブ（歩合）にも反映されます。

✅ 資格取得サポートあり
業務に関わる資格取得を会社が支援します。

＝＝＝＝＝＝＝＝＝＝＝＝＝＝＝
【✔待遇・働き方✔】

✔ 月給35万円〜（想定年収490万円〜）
✔ 標準勤務時間：9時〜18時（実働7時間45分）
✔ 年間休日111日＋有給休暇（実質121日以上）
✔ 社宅・社員寮完備／交通費全額支給

「モノの価値を見る目」を磨いていきたい方は、
ぜひご応募ください。

案件No：2266","《✼この求人の3つのポイント✼》

✅ ① 飛び込み営業はなし
来店されたお客様への接客が中心。
「売る」ためのノルマに追われることはありません。

✅ ② 成果はインセンティブ制度で還元
歩合による成果反映で、未経験からでも
頑張りに応じた収入を目指せます。
賞与は年2回、昇給の機会もあります。

✅ ③ 資格取得サポートや社宅制度も
業務に関わる資格取得を会社がサポート。
社宅・社員寮も完備しています。

＝＝＝＝＝＝＝＝＝＝＝＝＝＝＝
《✼待遇もしっかり✼》

✔ 月給35万円〜（想定年収490万円〜）
✔ 賞与年2回・昇給あり・インセンティブ制度（歩合）あり
✔ 交通費全額支給／社宅・社員寮完備
✔ 社内表彰制度・社員割引・健康診断・ベネフィットワン
✔ 役職手当・慶弔見舞金・資格取得サポート制度
✔ 年間休日111日＋有給休暇（実質121日以上）"
71,1079,株式会社いーふらん,未経験OK｜おたからやの買取スタッフ｜さいたま市浦和区,月給35万円〜◎業界最大手リユース企業のブランド買取スタッフ,"✦・━━━━━━━━━━━━━━━・✦
＼埼玉県さいたま市浦和区で募集中／
未経験から始められる
ブランド買取スタッフのお仕事◎
✦・━━━━━━━━━━━━━━━・✦

「営業」と聞くと、
ノルマや飛び込みを想像しませんか？

このお仕事にそれはありません。
来店されたお客様への接客が中心です。

＝＝＝＝＝＝＝＝＝＝＝＝＝＝＝
【✧お仕事の内容✧】

■ 買取査定・ご提案
貴金属・ハイブランド・ジュエリーなどの
買取査定とお客様へのご説明・手続き

■ 売上分析
売上データをもとに、売れやすい商品を分析し
次の買取提案に活かします

＝＝＝＝＝＝＝＝＝＝＝＝＝＝＝
【✨休みも充実✨】

✅ 年間休日111日＋有給休暇
実質121日以上の休みが取れます。

✅ 5日以上の連続休暇も取得可能
シフト状況に応じて調整しながら、
無理なく休暇を取得できます。

✅ 慶弔休暇・育児休暇・介護休暇・看護休暇あり
ライフステージに合わせて利用できます。

＝＝＝＝＝＝＝＝＝＝＝＝＝＝＝
【✔給与・待遇✔】

✔ 月給35万円〜（想定年収490万円〜）
✔ 賞与年2回・昇給あり
✔ 社内表彰制度・社員割引・健康診断あり

全国に1700店舗を展開する
リユース企業でのお仕事です。

案件No：1079","《✼この求人の3つのポイント✼》

✅ ① 飛び込み営業はなし
来店されたお客様への接客が中心。
「売る」ためのノルマに追われることはありません。

✅ ② 成果はインセンティブ制度で還元
歩合による成果反映で、未経験からでも
頑張りに応じた収入を目指せます。
賞与は年2回、昇給の機会もあります。

✅ ③ 資格取得サポートや社宅制度も
業務に関わる資格取得を会社がサポート。
社宅・社員寮も完備しています。

＝＝＝＝＝＝＝＝＝＝＝＝＝＝＝
《✼待遇もしっかり✼》

✔ 月給35万円〜（想定年収490万円〜）
✔ 賞与年2回・昇給あり・インセンティブ制度（歩合）あり
✔ 交通費全額支給／社宅・社員寮完備
✔ 社内表彰制度・社員割引・健康診断・ベネフィットワン
✔ 役職手当・慶弔見舞金・資格取得サポート制度
✔ 年間休日111日＋有給休暇（実質121日以上）"
72,868,株式会社いーふらん,未経験OK｜おたからやの買取スタッフ｜さいたま市大宮区,月給35万円〜◎業界最大手リユース企業のブランド買取スタッフ,"✦・━━━━━━━━━━━━━━━・✦
＼埼玉県さいたま市大宮区で募集中／
全国1700店舗のリユース企業で
未経験から始める買取スタッフ◎
✦・━━━━━━━━━━━━━━━・✦

「買取の知識がなくても大丈夫？」

専門知識は入社後に身につきます。
まずは流れを覚えることから始めましょう。

＝＝＝＝＝＝＝＝＝＝＝＝＝＝＝
【✧買取は、この3ステップ✧】

■ ① 商品の査定
品物を撮影し、専門部署へ写真を送信します。

■ ② 買取のご提案
鑑定結果をもとに、買取内容や手続きをご説明します。

■ ③ 売上の分析
売れやすい商品の傾向を分析し、次の提案に活かします。

＝＝＝＝＝＝＝＝＝＝＝＝＝＝＝
【✨このお仕事の魅力✨】

✅ 専門知識は不要
覚えることは仕事をしながら少しずつ増やしていけます。

✅ 飛び込み営業なし
来店されたお客様への対応が中心。
営業や買取提案そのものに集中できます。

✅ 未経験歓迎
経験の有無を問わず、早期から活躍できる環境です。

＝＝＝＝＝＝＝＝＝＝＝＝＝＝＝
【✧お仕事の内容✧】

■ 買取営業
来店されたお客様への接客・買取査定

■ 取り扱い品目
貴金属・ハイブランド・ジュエリーなど

＝＝＝＝＝＝＝＝＝＝＝＝＝＝＝
【✔働き方✔】

✔ 標準勤務時間：9時〜18時（実働7時間45分／休憩1時間15分）
✔ 平均残業3時間（原則定時退社）
✔ 週休2日制（シフト制）／年間休日111日＋有給休暇
✔ 希望休制度で月2日以上の休暇取得が可能

まずはお気軽にご応募ください。

案件No：868","《✼この求人の3つのポイント✼》

✅ ① 飛び込み営業はなし
来店されたお客様への接客が中心。
「売る」ためのノルマに追われることはありません。

✅ ② 成果はインセンティブ制度で還元
歩合による成果反映で、未経験からでも
頑張りに応じた収入を目指せます。
賞与は年2回、昇給の機会もあります。

✅ ③ 資格取得サポートや社宅制度も
業務に関わる資格取得を会社がサポート。
社宅・社員寮も完備しています。

＝＝＝＝＝＝＝＝＝＝＝＝＝＝＝
《✼待遇もしっかり✼》

✔ 月給35万円〜（想定年収490万円〜）
✔ 賞与年2回・昇給あり・インセンティブ制度（歩合）あり
✔ 交通費全額支給／社宅・社員寮完備
✔ 社内表彰制度・社員割引・健康診断・ベネフィットワン
✔ 役職手当・慶弔見舞金・資格取得サポート制度
✔ 年間休日111日＋有給休暇（実質121日以上）"
73,2539,株式会社いーふらん,未経験OK｜おたからやの買取スタッフ｜名古屋市緑区,月給35万円〜◎業界最大手リユース企業のブランド買取スタッフ,"✦・━━━━━━━━━━━━━━━・✦
＼愛知県名古屋市緑区で募集中／
「おたからや」の店舗で働く
買取営業・買取スタッフ職◎
✦・━━━━━━━━━━━━━━━・✦

貴金属やハイブランド、ジュエリーなど。
モノの価値を見きわめる仕事です。

知識は最初からなくて大丈夫。
仕事を通して少しずつ身についていきます。

＝＝＝＝＝＝＝＝＝＝＝＝＝＝＝
【✧お仕事の内容✧】

■ 買取営業
来店されたお客様の買取査定・ご提案

■ 仕事の流れ
品物の撮影→専門部署へ査定依頼
→鑑定結果をもとに買取のご説明・手続き
→売上データをもとにした商品分析

＝＝＝＝＝＝＝＝＝＝＝＝＝＝＝
【✨働きやすさのポイント✨】

✅ 未経験歓迎
専門知識は不要。入社後に身につけていく仕事です。

✅ 昇給・賞与あり
賞与は年2回、昇給の機会もあります。
成果はインセンティブ（歩合）にも反映されます。

✅ 資格取得サポートあり
業務に関わる資格取得を会社が支援します。

＝＝＝＝＝＝＝＝＝＝＝＝＝＝＝
【✔待遇・働き方✔】

✔ 月給35万円〜（想定年収490万円〜）
✔ 標準勤務時間：9時〜18時（実働7時間45分）
✔ 年間休日111日＋有給休暇（実質121日以上）
✔ 社宅・社員寮完備／交通費全額支給

「モノの価値を見る目」を磨いていきたい方は、
ぜひご応募ください。

案件No：2539","《✼この求人の3つのポイント✼》

✅ ① 飛び込み営業はなし
来店されたお客様への接客が中心。
「売る」ためのノルマに追われることはありません。

✅ ② 成果はインセンティブ制度で還元
歩合による成果反映で、未経験からでも
頑張りに応じた収入を目指せます。
賞与は年2回、昇給の機会もあります。

✅ ③ 資格取得サポートや社宅制度も
業務に関わる資格取得を会社がサポート。
社宅・社員寮も完備しています。

＝＝＝＝＝＝＝＝＝＝＝＝＝＝＝
《✼待遇もしっかり✼》

✔ 月給35万円〜（想定年収490万円〜）
✔ 賞与年2回・昇給あり・インセンティブ制度（歩合）あり
✔ 交通費全額支給／社宅・社員寮完備
✔ 社内表彰制度・社員割引・健康診断・ベネフィットワン
✔ 役職手当・慶弔見舞金・資格取得サポート制度
✔ 年間休日111日＋有給休暇（実質121日以上）"
74,1894,株式会社いーふらん,未経験OK｜おたからやの買取スタッフ｜名古屋市名東区,月給35万円〜◎業界最大手リユース企業のブランド買取スタッフ,"✦・━━━━━━━━━━━━━━━・✦
＼愛知県名古屋市名東区で募集中／
未経験から始められる
ブランド買取スタッフのお仕事◎
✦・━━━━━━━━━━━━━━━・✦

「営業」と聞くと、
ノルマや飛び込みを想像しませんか？

このお仕事にそれはありません。
来店されたお客様への接客が中心です。

＝＝＝＝＝＝＝＝＝＝＝＝＝＝＝
【✧お仕事の内容✧】

■ 買取査定・ご提案
貴金属・ハイブランド・ジュエリーなどの
買取査定とお客様へのご説明・手続き

■ 売上分析
売上データをもとに、売れやすい商品を分析し
次の買取提案に活かします

＝＝＝＝＝＝＝＝＝＝＝＝＝＝＝
【✨休みも充実✨】

✅ 年間休日111日＋有給休暇
実質121日以上の休みが取れます。

✅ 5日以上の連続休暇も取得可能
シフト状況に応じて調整しながら、
無理なく休暇を取得できます。

✅ 慶弔休暇・育児休暇・介護休暇・看護休暇あり
ライフステージに合わせて利用できます。

＝＝＝＝＝＝＝＝＝＝＝＝＝＝＝
【✔給与・待遇✔】

✔ 月給35万円〜（想定年収490万円〜）
✔ 賞与年2回・昇給あり
✔ 社内表彰制度・社員割引・健康診断あり

全国に1700店舗を展開する
リユース企業でのお仕事です。

案件No：1894","《✼この求人の3つのポイント✼》

✅ ① 飛び込み営業はなし
来店されたお客様への接客が中心。
「売る」ためのノルマに追われることはありません。

✅ ② 成果はインセンティブ制度で還元
歩合による成果反映で、未経験からでも
頑張りに応じた収入を目指せます。
賞与は年2回、昇給の機会もあります。

✅ ③ 資格取得サポートや社宅制度も
業務に関わる資格取得を会社がサポート。
社宅・社員寮も完備しています。

＝＝＝＝＝＝＝＝＝＝＝＝＝＝＝
《✼待遇もしっかり✼》

✔ 月給35万円〜（想定年収490万円〜）
✔ 賞与年2回・昇給あり・インセンティブ制度（歩合）あり
✔ 交通費全額支給／社宅・社員寮完備
✔ 社内表彰制度・社員割引・健康診断・ベネフィットワン
✔ 役職手当・慶弔見舞金・資格取得サポート制度
✔ 年間休日111日＋有給休暇（実質121日以上）"
75,2222,株式会社いーふらん,未経験OK｜おたからやの買取スタッフ｜名古屋市守山区,月給35万円〜◎業界最大手リユース企業のブランド買取スタッフ,"✦・━━━━━━━━━━━━━━━・✦
＼愛知県名古屋市守山区で募集中／
全国1700店舗のリユース企業で
未経験から始める買取スタッフ◎
✦・━━━━━━━━━━━━━━━・✦

「買取の知識がなくても大丈夫？」

専門知識は入社後に身につきます。
まずは流れを覚えることから始めましょう。

＝＝＝＝＝＝＝＝＝＝＝＝＝＝＝
【✧買取は、この3ステップ✧】

■ ① 商品の査定
品物を撮影し、専門部署へ写真を送信します。

■ ② 買取のご提案
鑑定結果をもとに、買取内容や手続きをご説明します。

■ ③ 売上の分析
売れやすい商品の傾向を分析し、次の提案に活かします。

＝＝＝＝＝＝＝＝＝＝＝＝＝＝＝
【✨このお仕事の魅力✨】

✅ 専門知識は不要
覚えることは仕事をしながら少しずつ増やしていけます。

✅ 飛び込み営業なし
来店されたお客様への対応が中心。
営業や買取提案そのものに集中できます。

✅ 未経験歓迎
経験の有無を問わず、早期から活躍できる環境です。

＝＝＝＝＝＝＝＝＝＝＝＝＝＝＝
【✧お仕事の内容✧】

■ 買取営業
来店されたお客様への接客・買取査定

■ 取り扱い品目
貴金属・ハイブランド・ジュエリーなど

＝＝＝＝＝＝＝＝＝＝＝＝＝＝＝
【✔働き方✔】

✔ 標準勤務時間：9時〜18時（実働7時間45分／休憩1時間15分）
✔ 平均残業3時間（原則定時退社）
✔ 週休2日制（シフト制）／年間休日111日＋有給休暇
✔ 希望休制度で月2日以上の休暇取得が可能

まずはお気軽にご応募ください。

案件No：2222","《✼この求人の3つのポイント✼》

✅ ① 飛び込み営業はなし
来店されたお客様への接客が中心。
「売る」ためのノルマに追われることはありません。

✅ ② 成果はインセンティブ制度で還元
歩合による成果反映で、未経験からでも
頑張りに応じた収入を目指せます。
賞与は年2回、昇給の機会もあります。

✅ ③ 資格取得サポートや社宅制度も
業務に関わる資格取得を会社がサポート。
社宅・社員寮も完備しています。

＝＝＝＝＝＝＝＝＝＝＝＝＝＝＝
《✼待遇もしっかり✼》

✔ 月給35万円〜（想定年収490万円〜）
✔ 賞与年2回・昇給あり・インセンティブ制度（歩合）あり
✔ 交通費全額支給／社宅・社員寮完備
✔ 社内表彰制度・社員割引・健康診断・ベネフィットワン
✔ 役職手当・慶弔見舞金・資格取得サポート制度
✔ 年間休日111日＋有給休暇（実質121日以上）"
76,642,株式会社いーふらん,未経験OK｜おたからやの買取スタッフ｜名古屋市天白区,月給35万円〜◎業界最大手リユース企業のブランド買取スタッフ,"✦・━━━━━━━━━━━━━━━・✦
＼愛知県名古屋市天白区で募集中／
「おたからや」の店舗で働く
買取営業・買取スタッフ職◎
✦・━━━━━━━━━━━━━━━・✦

貴金属やハイブランド、ジュエリーなど。
モノの価値を見きわめる仕事です。

知識は最初からなくて大丈夫。
仕事を通して少しずつ身についていきます。

＝＝＝＝＝＝＝＝＝＝＝＝＝＝＝
【✧お仕事の内容✧】

■ 買取営業
来店されたお客様の買取査定・ご提案

■ 仕事の流れ
品物の撮影→専門部署へ査定依頼
→鑑定結果をもとに買取のご説明・手続き
→売上データをもとにした商品分析

＝＝＝＝＝＝＝＝＝＝＝＝＝＝＝
【✨働きやすさのポイント✨】

✅ 未経験歓迎
専門知識は不要。入社後に身につけていく仕事です。

✅ 昇給・賞与あり
賞与は年2回、昇給の機会もあります。
成果はインセンティブ（歩合）にも反映されます。

✅ 資格取得サポートあり
業務に関わる資格取得を会社が支援します。

＝＝＝＝＝＝＝＝＝＝＝＝＝＝＝
【✔待遇・働き方✔】

✔ 月給35万円〜（想定年収490万円〜）
✔ 標準勤務時間：9時〜18時（実働7時間45分）
✔ 年間休日111日＋有給休暇（実質121日以上）
✔ 社宅・社員寮完備／交通費全額支給

「モノの価値を見る目」を磨いていきたい方は、
ぜひご応募ください。

案件No：642","《✼この求人の3つのポイント✼》

✅ ① 飛び込み営業はなし
来店されたお客様への接客が中心。
「売る」ためのノルマに追われることはありません。

✅ ② 成果はインセンティブ制度で還元
歩合による成果反映で、未経験からでも
頑張りに応じた収入を目指せます。
賞与は年2回、昇給の機会もあります。

✅ ③ 資格取得サポートや社宅制度も
業務に関わる資格取得を会社がサポート。
社宅・社員寮も完備しています。

＝＝＝＝＝＝＝＝＝＝＝＝＝＝＝
《✼待遇もしっかり✼》

✔ 月給35万円〜（想定年収490万円〜）
✔ 賞与年2回・昇給あり・インセンティブ制度（歩合）あり
✔ 交通費全額支給／社宅・社員寮完備
✔ 社内表彰制度・社員割引・健康診断・ベネフィットワン
✔ 役職手当・慶弔見舞金・資格取得サポート制度
✔ 年間休日111日＋有給休暇（実質121日以上）"
77,2350,株式会社いーふらん,未経験OK｜おたからやの買取スタッフ｜名古屋市北区,月給35万円〜◎業界最大手リユース企業のブランド買取スタッフ,"✦・━━━━━━━━━━━━━━━・✦
＼愛知県名古屋市北区で募集中／
未経験から始められる
ブランド買取スタッフのお仕事◎
✦・━━━━━━━━━━━━━━━・✦

「営業」と聞くと、
ノルマや飛び込みを想像しませんか？

このお仕事にそれはありません。
来店されたお客様への接客が中心です。

＝＝＝＝＝＝＝＝＝＝＝＝＝＝＝
【✧お仕事の内容✧】

■ 買取査定・ご提案
貴金属・ハイブランド・ジュエリーなどの
買取査定とお客様へのご説明・手続き

■ 売上分析
売上データをもとに、売れやすい商品を分析し
次の買取提案に活かします

＝＝＝＝＝＝＝＝＝＝＝＝＝＝＝
【✨休みも充実✨】

✅ 年間休日111日＋有給休暇
実質121日以上の休みが取れます。

✅ 5日以上の連続休暇も取得可能
シフト状況に応じて調整しながら、
無理なく休暇を取得できます。

✅ 慶弔休暇・育児休暇・介護休暇・看護休暇あり
ライフステージに合わせて利用できます。

＝＝＝＝＝＝＝＝＝＝＝＝＝＝＝
【✔給与・待遇✔】

✔ 月給35万円〜（想定年収490万円〜）
✔ 賞与年2回・昇給あり
✔ 社内表彰制度・社員割引・健康診断あり

全国に1700店舗を展開する
リユース企業でのお仕事です。

案件No：2350","《✼この求人の3つのポイント✼》

✅ ① 飛び込み営業はなし
来店されたお客様への接客が中心。
「売る」ためのノルマに追われることはありません。

✅ ② 成果はインセンティブ制度で還元
歩合による成果反映で、未経験からでも
頑張りに応じた収入を目指せます。
賞与は年2回、昇給の機会もあります。

✅ ③ 資格取得サポートや社宅制度も
業務に関わる資格取得を会社がサポート。
社宅・社員寮も完備しています。

＝＝＝＝＝＝＝＝＝＝＝＝＝＝＝
《✼待遇もしっかり✼》

✔ 月給35万円〜（想定年収490万円〜）
✔ 賞与年2回・昇給あり・インセンティブ制度（歩合）あり
✔ 交通費全額支給／社宅・社員寮完備
✔ 社内表彰制度・社員割引・健康診断・ベネフィットワン
✔ 役職手当・慶弔見舞金・資格取得サポート制度
✔ 年間休日111日＋有給休暇（実質121日以上）"
78,2572,株式会社いーふらん,未経験OK｜おたからやの買取スタッフ｜名古屋市中村区,月給35万円〜◎業界最大手リユース企業のブランド買取スタッフ,"✦・━━━━━━━━━━━━━━━・✦
＼愛知県名古屋市中村区で募集中／
全国1700店舗のリユース企業で
未経験から始める買取スタッフ◎
✦・━━━━━━━━━━━━━━━・✦

「買取の知識がなくても大丈夫？」

専門知識は入社後に身につきます。
まずは流れを覚えることから始めましょう。

＝＝＝＝＝＝＝＝＝＝＝＝＝＝＝
【✧買取は、この3ステップ✧】

■ ① 商品の査定
品物を撮影し、専門部署へ写真を送信します。

■ ② 買取のご提案
鑑定結果をもとに、買取内容や手続きをご説明します。

■ ③ 売上の分析
売れやすい商品の傾向を分析し、次の提案に活かします。

＝＝＝＝＝＝＝＝＝＝＝＝＝＝＝
【✨このお仕事の魅力✨】

✅ 専門知識は不要
覚えることは仕事をしながら少しずつ増やしていけます。

✅ 飛び込み営業なし
来店されたお客様への対応が中心。
営業や買取提案そのものに集中できます。

✅ 未経験歓迎
経験の有無を問わず、早期から活躍できる環境です。

＝＝＝＝＝＝＝＝＝＝＝＝＝＝＝
【✧お仕事の内容✧】

■ 買取営業
来店されたお客様への接客・買取査定

■ 取り扱い品目
貴金属・ハイブランド・ジュエリーなど

＝＝＝＝＝＝＝＝＝＝＝＝＝＝＝
【✔働き方✔】

✔ 標準勤務時間：9時〜18時（実働7時間45分／休憩1時間15分）
✔ 平均残業3時間（原則定時退社）
✔ 週休2日制（シフト制）／年間休日111日＋有給休暇
✔ 希望休制度で月2日以上の休暇取得が可能

まずはお気軽にご応募ください。

案件No：2572","《✼この求人の3つのポイント✼》

✅ ① 飛び込み営業はなし
来店されたお客様への接客が中心。
「売る」ためのノルマに追われることはありません。

✅ ② 成果はインセンティブ制度で還元
歩合による成果反映で、未経験からでも
頑張りに応じた収入を目指せます。
賞与は年2回、昇給の機会もあります。

✅ ③ 資格取得サポートや社宅制度も
業務に関わる資格取得を会社がサポート。
社宅・社員寮も完備しています。

＝＝＝＝＝＝＝＝＝＝＝＝＝＝＝
《✼待遇もしっかり✼》

✔ 月給35万円〜（想定年収490万円〜）
✔ 賞与年2回・昇給あり・インセンティブ制度（歩合）あり
✔ 交通費全額支給／社宅・社員寮完備
✔ 社内表彰制度・社員割引・健康診断・ベネフィットワン
✔ 役職手当・慶弔見舞金・資格取得サポート制度
✔ 年間休日111日＋有給休暇（実質121日以上）"
79,886,株式会社いーふらん,未経験OK｜おたからやの買取スタッフ｜名古屋市中区,月給35万円〜◎業界最大手リユース企業のブランド買取スタッフ,"✦・━━━━━━━━━━━━━━━・✦
＼愛知県名古屋市中区で募集中／
「おたからや」の店舗で働く
買取営業・買取スタッフ職◎
✦・━━━━━━━━━━━━━━━・✦

貴金属やハイブランド、ジュエリーなど。
モノの価値を見きわめる仕事です。

知識は最初からなくて大丈夫。
仕事を通して少しずつ身についていきます。

＝＝＝＝＝＝＝＝＝＝＝＝＝＝＝
【✧お仕事の内容✧】

■ 買取営業
来店されたお客様の買取査定・ご提案

■ 仕事の流れ
品物の撮影→専門部署へ査定依頼
→鑑定結果をもとに買取のご説明・手続き
→売上データをもとにした商品分析

＝＝＝＝＝＝＝＝＝＝＝＝＝＝＝
【✨働きやすさのポイント✨】

✅ 未経験歓迎
専門知識は不要。入社後に身につけていく仕事です。

✅ 昇給・賞与あり
賞与は年2回、昇給の機会もあります。
成果はインセンティブ（歩合）にも反映されます。

✅ 資格取得サポートあり
業務に関わる資格取得を会社が支援します。

＝＝＝＝＝＝＝＝＝＝＝＝＝＝＝
【✔待遇・働き方✔】

✔ 月給35万円〜（想定年収490万円〜）
✔ 標準勤務時間：9時〜18時（実働7時間45分）
✔ 年間休日111日＋有給休暇（実質121日以上）
✔ 社宅・社員寮完備／交通費全額支給

「モノの価値を見る目」を磨いていきたい方は、
ぜひご応募ください。

案件No：886","《✼この求人の3つのポイント✼》

✅ ① 飛び込み営業はなし
来店されたお客様への接客が中心。
「売る」ためのノルマに追われることはありません。

✅ ② 成果はインセンティブ制度で還元
歩合による成果反映で、未経験からでも
頑張りに応じた収入を目指せます。
賞与は年2回、昇給の機会もあります。

✅ ③ 資格取得サポートや社宅制度も
業務に関わる資格取得を会社がサポート。
社宅・社員寮も完備しています。

＝＝＝＝＝＝＝＝＝＝＝＝＝＝＝
《✼待遇もしっかり✼》

✔ 月給35万円〜（想定年収490万円〜）
✔ 賞与年2回・昇給あり・インセンティブ制度（歩合）あり
✔ 交通費全額支給／社宅・社員寮完備
✔ 社内表彰制度・社員割引・健康診断・ベネフィットワン
✔ 役職手当・慶弔見舞金・資格取得サポート制度
✔ 年間休日111日＋有給休暇（実質121日以上）"
80,1580,株式会社いーふらん,未経験OK｜おたからやの買取スタッフ｜名古屋市中区,月給35万円〜◎業界最大手リユース企業のブランド買取スタッフ,"✦・━━━━━━━━━━━━━━━・✦
＼愛知県名古屋市中区で募集中／
未経験から始められる
ブランド買取スタッフのお仕事◎
✦・━━━━━━━━━━━━━━━・✦

「営業」と聞くと、
ノルマや飛び込みを想像しませんか？

このお仕事にそれはありません。
来店されたお客様への接客が中心です。

＝＝＝＝＝＝＝＝＝＝＝＝＝＝＝
【✧お仕事の内容✧】

■ 買取査定・ご提案
貴金属・ハイブランド・ジュエリーなどの
買取査定とお客様へのご説明・手続き

■ 売上分析
売上データをもとに、売れやすい商品を分析し
次の買取提案に活かします

＝＝＝＝＝＝＝＝＝＝＝＝＝＝＝
【✨休みも充実✨】

✅ 年間休日111日＋有給休暇
実質121日以上の休みが取れます。

✅ 5日以上の連続休暇も取得可能
シフト状況に応じて調整しながら、
無理なく休暇を取得できます。

✅ 慶弔休暇・育児休暇・介護休暇・看護休暇あり
ライフステージに合わせて利用できます。

＝＝＝＝＝＝＝＝＝＝＝＝＝＝＝
【✔給与・待遇✔】

✔ 月給35万円〜（想定年収490万円〜）
✔ 賞与年2回・昇給あり
✔ 社内表彰制度・社員割引・健康診断あり

全国に1700店舗を展開する
リユース企業でのお仕事です。

案件No：1580","《✼この求人の3つのポイント✼》

✅ ① 飛び込み営業はなし
来店されたお客様への接客が中心。
「売る」ためのノルマに追われることはありません。

✅ ② 成果はインセンティブ制度で還元
歩合による成果反映で、未経験からでも
頑張りに応じた収入を目指せます。
賞与は年2回、昇給の機会もあります。

✅ ③ 資格取得サポートや社宅制度も
業務に関わる資格取得を会社がサポート。
社宅・社員寮も完備しています。

＝＝＝＝＝＝＝＝＝＝＝＝＝＝＝
《✼待遇もしっかり✼》

✔ 月給35万円〜（想定年収490万円〜）
✔ 賞与年2回・昇給あり・インセンティブ制度（歩合）あり
✔ 交通費全額支給／社宅・社員寮完備
✔ 社内表彰制度・社員割引・健康診断・ベネフィットワン
✔ 役職手当・慶弔見舞金・資格取得サポート制度
✔ 年間休日111日＋有給休暇（実質121日以上）"
81,2516,株式会社いーふらん,未経験OK｜おたからやの買取スタッフ｜名古屋市港区,月給35万円〜◎業界最大手リユース企業のブランド買取スタッフ,"✦・━━━━━━━━━━━━━━━・✦
＼愛知県名古屋市港区で募集中／
全国1700店舗のリユース企業で
未経験から始める買取スタッフ◎
✦・━━━━━━━━━━━━━━━・✦

「買取の知識がなくても大丈夫？」

専門知識は入社後に身につきます。
まずは流れを覚えることから始めましょう。

＝＝＝＝＝＝＝＝＝＝＝＝＝＝＝
【✧買取は、この3ステップ✧】

■ ① 商品の査定
品物を撮影し、専門部署へ写真を送信します。

■ ② 買取のご提案
鑑定結果をもとに、買取内容や手続きをご説明します。

■ ③ 売上の分析
売れやすい商品の傾向を分析し、次の提案に活かします。

＝＝＝＝＝＝＝＝＝＝＝＝＝＝＝
【✨このお仕事の魅力✨】

✅ 専門知識は不要
覚えることは仕事をしながら少しずつ増やしていけます。

✅ 飛び込み営業なし
来店されたお客様への対応が中心。
営業や買取提案そのものに集中できます。

✅ 未経験歓迎
経験の有無を問わず、早期から活躍できる環境です。

＝＝＝＝＝＝＝＝＝＝＝＝＝＝＝
【✧お仕事の内容✧】

■ 買取営業
来店されたお客様への接客・買取査定

■ 取り扱い品目
貴金属・ハイブランド・ジュエリーなど

＝＝＝＝＝＝＝＝＝＝＝＝＝＝＝
【✔働き方✔】

✔ 標準勤務時間：9時〜18時（実働7時間45分／休憩1時間15分）
✔ 平均残業3時間（原則定時退社）
✔ 週休2日制（シフト制）／年間休日111日＋有給休暇
✔ 希望休制度で月2日以上の休暇取得が可能

まずはお気軽にご応募ください。

案件No：2516","《✼この求人の3つのポイント✼》

✅ ① 飛び込み営業はなし
来店されたお客様への接客が中心。
「売る」ためのノルマに追われることはありません。

✅ ② 成果はインセンティブ制度で還元
歩合による成果反映で、未経験からでも
頑張りに応じた収入を目指せます。
賞与は年2回、昇給の機会もあります。

✅ ③ 資格取得サポートや社宅制度も
業務に関わる資格取得を会社がサポート。
社宅・社員寮も完備しています。

＝＝＝＝＝＝＝＝＝＝＝＝＝＝＝
《✼待遇もしっかり✼》

✔ 月給35万円〜（想定年収490万円〜）
✔ 賞与年2回・昇給あり・インセンティブ制度（歩合）あり
✔ 交通費全額支給／社宅・社員寮完備
✔ 社内表彰制度・社員割引・健康診断・ベネフィットワン
✔ 役職手当・慶弔見舞金・資格取得サポート制度
✔ 年間休日111日＋有給休暇（実質121日以上）"
82,1977,株式会社いーふらん,未経験OK｜おたからやの買取スタッフ｜福岡市中央区,月給35万円〜◎業界最大手リユース企業のブランド買取スタッフ,"✦・━━━━━━━━━━━━━━━・✦
＼福岡県福岡市中央区で募集中／
「おたからや」の店舗で働く
買取営業・買取スタッフ職◎
✦・━━━━━━━━━━━━━━━・✦

貴金属やハイブランド、ジュエリーなど。
モノの価値を見きわめる仕事です。

知識は最初からなくて大丈夫。
仕事を通して少しずつ身についていきます。

＝＝＝＝＝＝＝＝＝＝＝＝＝＝＝
【✧お仕事の内容✧】

■ 買取営業
来店されたお客様の買取査定・ご提案

■ 仕事の流れ
品物の撮影→専門部署へ査定依頼
→鑑定結果をもとに買取のご説明・手続き
→売上データをもとにした商品分析

＝＝＝＝＝＝＝＝＝＝＝＝＝＝＝
【✨働きやすさのポイント✨】

✅ 未経験歓迎
専門知識は不要。入社後に身につけていく仕事です。

✅ 昇給・賞与あり
賞与は年2回、昇給の機会もあります。
成果はインセンティブ（歩合）にも反映されます。

✅ 資格取得サポートあり
業務に関わる資格取得を会社が支援します。

＝＝＝＝＝＝＝＝＝＝＝＝＝＝＝
【✔待遇・働き方✔】

✔ 月給35万円〜（想定年収490万円〜）
✔ 標準勤務時間：9時〜18時（実働7時間45分）
✔ 年間休日111日＋有給休暇（実質121日以上）
✔ 社宅・社員寮完備／交通費全額支給

「モノの価値を見る目」を磨いていきたい方は、
ぜひご応募ください。

案件No：1977","《✼この求人の3つのポイント✼》

✅ ① 飛び込み営業はなし
来店されたお客様への接客が中心。
「売る」ためのノルマに追われることはありません。

✅ ② 成果はインセンティブ制度で還元
歩合による成果反映で、未経験からでも
頑張りに応じた収入を目指せます。
賞与は年2回、昇給の機会もあります。

✅ ③ 資格取得サポートや社宅制度も
業務に関わる資格取得を会社がサポート。
社宅・社員寮も完備しています。

＝＝＝＝＝＝＝＝＝＝＝＝＝＝＝
《✼待遇もしっかり✼》

✔ 月給35万円〜（想定年収490万円〜）
✔ 賞与年2回・昇給あり・インセンティブ制度（歩合）あり
✔ 交通費全額支給／社宅・社員寮完備
✔ 社内表彰制度・社員割引・健康診断・ベネフィットワン
✔ 役職手当・慶弔見舞金・資格取得サポート制度
✔ 年間休日111日＋有給休暇（実質121日以上）"
83,516,株式会社いーふらん,未経験OK｜おたからやの買取スタッフ｜福岡市中央区,月給35万円〜◎業界最大手リユース企業のブランド買取スタッフ,"✦・━━━━━━━━━━━━━━━・✦
＼福岡県福岡市中央区で募集中／
未経験から始められる
ブランド買取スタッフのお仕事◎
✦・━━━━━━━━━━━━━━━・✦

「営業」と聞くと、
ノルマや飛び込みを想像しませんか？

このお仕事にそれはありません。
来店されたお客様への接客が中心です。

＝＝＝＝＝＝＝＝＝＝＝＝＝＝＝
【✧お仕事の内容✧】

■ 買取査定・ご提案
貴金属・ハイブランド・ジュエリーなどの
買取査定とお客様へのご説明・手続き

■ 売上分析
売上データをもとに、売れやすい商品を分析し
次の買取提案に活かします

＝＝＝＝＝＝＝＝＝＝＝＝＝＝＝
【✨休みも充実✨】

✅ 年間休日111日＋有給休暇
実質121日以上の休みが取れます。

✅ 5日以上の連続休暇も取得可能
シフト状況に応じて調整しながら、
無理なく休暇を取得できます。

✅ 慶弔休暇・育児休暇・介護休暇・看護休暇あり
ライフステージに合わせて利用できます。

＝＝＝＝＝＝＝＝＝＝＝＝＝＝＝
【✔給与・待遇✔】

✔ 月給35万円〜（想定年収490万円〜）
✔ 賞与年2回・昇給あり
✔ 社内表彰制度・社員割引・健康診断あり

全国に1700店舗を展開する
リユース企業でのお仕事です。

案件No：516","《✼この求人の3つのポイント✼》

✅ ① 飛び込み営業はなし
来店されたお客様への接客が中心。
「売る」ためのノルマに追われることはありません。

✅ ② 成果はインセンティブ制度で還元
歩合による成果反映で、未経験からでも
頑張りに応じた収入を目指せます。
賞与は年2回、昇給の機会もあります。

✅ ③ 資格取得サポートや社宅制度も
業務に関わる資格取得を会社がサポート。
社宅・社員寮も完備しています。

＝＝＝＝＝＝＝＝＝＝＝＝＝＝＝
《✼待遇もしっかり✼》

✔ 月給35万円〜（想定年収490万円〜）
✔ 賞与年2回・昇給あり・インセンティブ制度（歩合）あり
✔ 交通費全額支給／社宅・社員寮完備
✔ 社内表彰制度・社員割引・健康診断・ベネフィットワン
✔ 役職手当・慶弔見舞金・資格取得サポート制度
✔ 年間休日111日＋有給休暇（実質121日以上）"
84,2306,株式会社いーふらん,未経験OK｜おたからやの買取スタッフ｜福岡市中央区,月給35万円〜◎業界最大手リユース企業のブランド買取スタッフ,"✦・━━━━━━━━━━━━━━━・✦
＼福岡県福岡市中央区で募集中／
全国1700店舗のリユース企業で
未経験から始める買取スタッフ◎
✦・━━━━━━━━━━━━━━━・✦

「買取の知識がなくても大丈夫？」

専門知識は入社後に身につきます。
まずは流れを覚えることから始めましょう。

＝＝＝＝＝＝＝＝＝＝＝＝＝＝＝
【✧買取は、この3ステップ✧】

■ ① 商品の査定
品物を撮影し、専門部署へ写真を送信します。

■ ② 買取のご提案
鑑定結果をもとに、買取内容や手続きをご説明します。

■ ③ 売上の分析
売れやすい商品の傾向を分析し、次の提案に活かします。

＝＝＝＝＝＝＝＝＝＝＝＝＝＝＝
【✨このお仕事の魅力✨】

✅ 専門知識は不要
覚えることは仕事をしながら少しずつ増やしていけます。

✅ 飛び込み営業なし
来店されたお客様への対応が中心。
営業や買取提案そのものに集中できます。

✅ 未経験歓迎
経験の有無を問わず、早期から活躍できる環境です。

＝＝＝＝＝＝＝＝＝＝＝＝＝＝＝
【✧お仕事の内容✧】

■ 買取営業
来店されたお客様への接客・買取査定

■ 取り扱い品目
貴金属・ハイブランド・ジュエリーなど

＝＝＝＝＝＝＝＝＝＝＝＝＝＝＝
【✔働き方✔】

✔ 標準勤務時間：9時〜18時（実働7時間45分／休憩1時間15分）
✔ 平均残業3時間（原則定時退社）
✔ 週休2日制（シフト制）／年間休日111日＋有給休暇
✔ 希望休制度で月2日以上の休暇取得が可能

まずはお気軽にご応募ください。

案件No：2306","《✼この求人の3つのポイント✼》

✅ ① 飛び込み営業はなし
来店されたお客様への接客が中心。
「売る」ためのノルマに追われることはありません。

✅ ② 成果はインセンティブ制度で還元
歩合による成果反映で、未経験からでも
頑張りに応じた収入を目指せます。
賞与は年2回、昇給の機会もあります。

✅ ③ 資格取得サポートや社宅制度も
業務に関わる資格取得を会社がサポート。
社宅・社員寮も完備しています。

＝＝＝＝＝＝＝＝＝＝＝＝＝＝＝
《✼待遇もしっかり✼》

✔ 月給35万円〜（想定年収490万円〜）
✔ 賞与年2回・昇給あり・インセンティブ制度（歩合）あり
✔ 交通費全額支給／社宅・社員寮完備
✔ 社内表彰制度・社員割引・健康診断・ベネフィットワン
✔ 役職手当・慶弔見舞金・資格取得サポート制度
✔ 年間休日111日＋有給休暇（実質121日以上）"
85,1697,株式会社いーふらん,未経験OK｜おたからやの買取スタッフ｜福岡市中央区,月給35万円〜◎業界最大手リユース企業のブランド買取スタッフ,"✦・━━━━━━━━━━━━━━━・✦
＼福岡県福岡市中央区で募集中／
「おたからや」の店舗で働く
買取営業・買取スタッフ職◎
✦・━━━━━━━━━━━━━━━・✦

貴金属やハイブランド、ジュエリーなど。
モノの価値を見きわめる仕事です。

知識は最初からなくて大丈夫。
仕事を通して少しずつ身についていきます。

＝＝＝＝＝＝＝＝＝＝＝＝＝＝＝
【✧お仕事の内容✧】

■ 買取営業
来店されたお客様の買取査定・ご提案

■ 仕事の流れ
品物の撮影→専門部署へ査定依頼
→鑑定結果をもとに買取のご説明・手続き
→売上データをもとにした商品分析

＝＝＝＝＝＝＝＝＝＝＝＝＝＝＝
【✨働きやすさのポイント✨】

✅ 未経験歓迎
専門知識は不要。入社後に身につけていく仕事です。

✅ 昇給・賞与あり
賞与は年2回、昇給の機会もあります。
成果はインセンティブ（歩合）にも反映されます。

✅ 資格取得サポートあり
業務に関わる資格取得を会社が支援します。

＝＝＝＝＝＝＝＝＝＝＝＝＝＝＝
【✔待遇・働き方✔】

✔ 月給35万円〜（想定年収490万円〜）
✔ 標準勤務時間：9時〜18時（実働7時間45分）
✔ 年間休日111日＋有給休暇（実質121日以上）
✔ 社宅・社員寮完備／交通費全額支給

「モノの価値を見る目」を磨いていきたい方は、
ぜひご応募ください。

案件No：1697","《✼この求人の3つのポイント✼》

✅ ① 飛び込み営業はなし
来店されたお客様への接客が中心。
「売る」ためのノルマに追われることはありません。

✅ ② 成果はインセンティブ制度で還元
歩合による成果反映で、未経験からでも
頑張りに応じた収入を目指せます。
賞与は年2回、昇給の機会もあります。

✅ ③ 資格取得サポートや社宅制度も
業務に関わる資格取得を会社がサポート。
社宅・社員寮も完備しています。

＝＝＝＝＝＝＝＝＝＝＝＝＝＝＝
《✼待遇もしっかり✼》

✔ 月給35万円〜（想定年収490万円〜）
✔ 賞与年2回・昇給あり・インセンティブ制度（歩合）あり
✔ 交通費全額支給／社宅・社員寮完備
✔ 社内表彰制度・社員割引・健康診断・ベネフィットワン
✔ 役職手当・慶弔見舞金・資格取得サポート制度
✔ 年間休日111日＋有給休暇（実質121日以上）"
86,1651,株式会社いーふらん,未経験OK｜おたからやの買取スタッフ｜福岡市西区,月給35万円〜◎業界最大手リユース企業のブランド買取スタッフ,"✦・━━━━━━━━━━━━━━━・✦
＼福岡県福岡市西区で募集中／
未経験から始められる
ブランド買取スタッフのお仕事◎
✦・━━━━━━━━━━━━━━━・✦

「営業」と聞くと、
ノルマや飛び込みを想像しませんか？

このお仕事にそれはありません。
来店されたお客様への接客が中心です。

＝＝＝＝＝＝＝＝＝＝＝＝＝＝＝
【✧お仕事の内容✧】

■ 買取査定・ご提案
貴金属・ハイブランド・ジュエリーなどの
買取査定とお客様へのご説明・手続き

■ 売上分析
売上データをもとに、売れやすい商品を分析し
次の買取提案に活かします

＝＝＝＝＝＝＝＝＝＝＝＝＝＝＝
【✨休みも充実✨】

✅ 年間休日111日＋有給休暇
実質121日以上の休みが取れます。

✅ 5日以上の連続休暇も取得可能
シフト状況に応じて調整しながら、
無理なく休暇を取得できます。

✅ 慶弔休暇・育児休暇・介護休暇・看護休暇あり
ライフステージに合わせて利用できます。

＝＝＝＝＝＝＝＝＝＝＝＝＝＝＝
【✔給与・待遇✔】

✔ 月給35万円〜（想定年収490万円〜）
✔ 賞与年2回・昇給あり
✔ 社内表彰制度・社員割引・健康診断あり

全国に1700店舗を展開する
リユース企業でのお仕事です。

案件No：1651","《✼この求人の3つのポイント✼》

✅ ① 飛び込み営業はなし
来店されたお客様への接客が中心。
「売る」ためのノルマに追われることはありません。

✅ ② 成果はインセンティブ制度で還元
歩合による成果反映で、未経験からでも
頑張りに応じた収入を目指せます。
賞与は年2回、昇給の機会もあります。

✅ ③ 資格取得サポートや社宅制度も
業務に関わる資格取得を会社がサポート。
社宅・社員寮も完備しています。

＝＝＝＝＝＝＝＝＝＝＝＝＝＝＝
《✼待遇もしっかり✼》

✔ 月給35万円〜（想定年収490万円〜）
✔ 賞与年2回・昇給あり・インセンティブ制度（歩合）あり
✔ 交通費全額支給／社宅・社員寮完備
✔ 社内表彰制度・社員割引・健康診断・ベネフィットワン
✔ 役職手当・慶弔見舞金・資格取得サポート制度
✔ 年間休日111日＋有給休暇（実質121日以上）"
87,585,株式会社いーふらん,未経験OK｜おたからやの買取スタッフ｜京都市伏見区,月給35万円〜◎業界最大手リユース企業のブランド買取スタッフ,"✦・━━━━━━━━━━━━━━━・✦
＼京都府京都市伏見区で募集中／
全国1700店舗のリユース企業で
未経験から始める買取スタッフ◎
✦・━━━━━━━━━━━━━━━・✦

「買取の知識がなくても大丈夫？」

専門知識は入社後に身につきます。
まずは流れを覚えることから始めましょう。

＝＝＝＝＝＝＝＝＝＝＝＝＝＝＝
【✧買取は、この3ステップ✧】

■ ① 商品の査定
品物を撮影し、専門部署へ写真を送信します。

■ ② 買取のご提案
鑑定結果をもとに、買取内容や手続きをご説明します。

■ ③ 売上の分析
売れやすい商品の傾向を分析し、次の提案に活かします。

＝＝＝＝＝＝＝＝＝＝＝＝＝＝＝
【✨このお仕事の魅力✨】

✅ 専門知識は不要
覚えることは仕事をしながら少しずつ増やしていけます。

✅ 飛び込み営業なし
来店されたお客様への対応が中心。
営業や買取提案そのものに集中できます。

✅ 未経験歓迎
経験の有無を問わず、早期から活躍できる環境です。

＝＝＝＝＝＝＝＝＝＝＝＝＝＝＝
【✧お仕事の内容✧】

■ 買取営業
来店されたお客様への接客・買取査定

■ 取り扱い品目
貴金属・ハイブランド・ジュエリーなど

＝＝＝＝＝＝＝＝＝＝＝＝＝＝＝
【✔働き方✔】

✔ 標準勤務時間：9時〜18時（実働7時間45分／休憩1時間15分）
✔ 平均残業3時間（原則定時退社）
✔ 週休2日制（シフト制）／年間休日111日＋有給休暇
✔ 希望休制度で月2日以上の休暇取得が可能

まずはお気軽にご応募ください。

案件No：585","《✼この求人の3つのポイント✼》

✅ ① 飛び込み営業はなし
来店されたお客様への接客が中心。
「売る」ためのノルマに追われることはありません。

✅ ② 成果はインセンティブ制度で還元
歩合による成果反映で、未経験からでも
頑張りに応じた収入を目指せます。
賞与は年2回、昇給の機会もあります。

✅ ③ 資格取得サポートや社宅制度も
業務に関わる資格取得を会社がサポート。
社宅・社員寮も完備しています。

＝＝＝＝＝＝＝＝＝＝＝＝＝＝＝
《✼待遇もしっかり✼》

✔ 月給35万円〜（想定年収490万円〜）
✔ 賞与年2回・昇給あり・インセンティブ制度（歩合）あり
✔ 交通費全額支給／社宅・社員寮完備
✔ 社内表彰制度・社員割引・健康診断・ベネフィットワン
✔ 役職手当・慶弔見舞金・資格取得サポート制度
✔ 年間休日111日＋有給休暇（実質121日以上）"
88,1735,株式会社いーふらん,未経験OK｜おたからやの買取スタッフ｜京都市下京区,月給35万円〜◎業界最大手リユース企業のブランド買取スタッフ,"✦・━━━━━━━━━━━━━━━・✦
＼京都府京都市下京区で募集中／
「おたからや」の店舗で働く
買取営業・買取スタッフ職◎
✦・━━━━━━━━━━━━━━━・✦

貴金属やハイブランド、ジュエリーなど。
モノの価値を見きわめる仕事です。

知識は最初からなくて大丈夫。
仕事を通して少しずつ身についていきます。

＝＝＝＝＝＝＝＝＝＝＝＝＝＝＝
【✧お仕事の内容✧】

■ 買取営業
来店されたお客様の買取査定・ご提案

■ 仕事の流れ
品物の撮影→専門部署へ査定依頼
→鑑定結果をもとに買取のご説明・手続き
→売上データをもとにした商品分析

＝＝＝＝＝＝＝＝＝＝＝＝＝＝＝
【✨働きやすさのポイント✨】

✅ 未経験歓迎
専門知識は不要。入社後に身につけていく仕事です。

✅ 昇給・賞与あり
賞与は年2回、昇給の機会もあります。
成果はインセンティブ（歩合）にも反映されます。

✅ 資格取得サポートあり
業務に関わる資格取得を会社が支援します。

＝＝＝＝＝＝＝＝＝＝＝＝＝＝＝
【✔待遇・働き方✔】

✔ 月給35万円〜（想定年収490万円〜）
✔ 標準勤務時間：9時〜18時（実働7時間45分）
✔ 年間休日111日＋有給休暇（実質121日以上）
✔ 社宅・社員寮完備／交通費全額支給

「モノの価値を見る目」を磨いていきたい方は、
ぜひご応募ください。

案件No：1735","《✼この求人の3つのポイント✼》

✅ ① 飛び込み営業はなし
来店されたお客様への接客が中心。
「売る」ためのノルマに追われることはありません。

✅ ② 成果はインセンティブ制度で還元
歩合による成果反映で、未経験からでも
頑張りに応じた収入を目指せます。
賞与は年2回、昇給の機会もあります。

✅ ③ 資格取得サポートや社宅制度も
業務に関わる資格取得を会社がサポート。
社宅・社員寮も完備しています。

＝＝＝＝＝＝＝＝＝＝＝＝＝＝＝
《✼待遇もしっかり✼》

✔ 月給35万円〜（想定年収490万円〜）
✔ 賞与年2回・昇給あり・インセンティブ制度（歩合）あり
✔ 交通費全額支給／社宅・社員寮完備
✔ 社内表彰制度・社員割引・健康診断・ベネフィットワン
✔ 役職手当・慶弔見舞金・資格取得サポート制度
✔ 年間休日111日＋有給休暇（実質121日以上）"
89,954,株式会社いーふらん,未経験OK｜おたからやの買取スタッフ｜京都市,月給35万円〜◎業界最大手リユース企業のブランド買取スタッフ,"✦・━━━━━━━━━━━━━━━・✦
＼京都府京都市で募集中／
未経験から始められる
ブランド買取スタッフのお仕事◎
✦・━━━━━━━━━━━━━━━・✦

「営業」と聞くと、
ノルマや飛び込みを想像しませんか？

このお仕事にそれはありません。
来店されたお客様への接客が中心です。

＝＝＝＝＝＝＝＝＝＝＝＝＝＝＝
【✧お仕事の内容✧】

■ 買取査定・ご提案
貴金属・ハイブランド・ジュエリーなどの
買取査定とお客様へのご説明・手続き

■ 売上分析
売上データをもとに、売れやすい商品を分析し
次の買取提案に活かします

＝＝＝＝＝＝＝＝＝＝＝＝＝＝＝
【✨休みも充実✨】

✅ 年間休日111日＋有給休暇
実質121日以上の休みが取れます。

✅ 5日以上の連続休暇も取得可能
シフト状況に応じて調整しながら、
無理なく休暇を取得できます。

✅ 慶弔休暇・育児休暇・介護休暇・看護休暇あり
ライフステージに合わせて利用できます。

＝＝＝＝＝＝＝＝＝＝＝＝＝＝＝
【✔給与・待遇✔】

✔ 月給35万円〜（想定年収490万円〜）
✔ 賞与年2回・昇給あり
✔ 社内表彰制度・社員割引・健康診断あり

全国に1700店舗を展開する
リユース企業でのお仕事です。

案件No：954","《✼この求人の3つのポイント✼》

✅ ① 飛び込み営業はなし
来店されたお客様への接客が中心。
「売る」ためのノルマに追われることはありません。

✅ ② 成果はインセンティブ制度で還元
歩合による成果反映で、未経験からでも
頑張りに応じた収入を目指せます。
賞与は年2回、昇給の機会もあります。

✅ ③ 資格取得サポートや社宅制度も
業務に関わる資格取得を会社がサポート。
社宅・社員寮も完備しています。

＝＝＝＝＝＝＝＝＝＝＝＝＝＝＝
《✼待遇もしっかり✼》

✔ 月給35万円〜（想定年収490万円〜）
✔ 賞与年2回・昇給あり・インセンティブ制度（歩合）あり
✔ 交通費全額支給／社宅・社員寮完備
✔ 社内表彰制度・社員割引・健康診断・ベネフィットワン
✔ 役職手当・慶弔見舞金・資格取得サポート制度
✔ 年間休日111日＋有給休暇（実質121日以上）"
90,2359,株式会社いーふらん,未経験OK｜おたからやの買取スタッフ｜京都市右京区,月給35万円〜◎業界最大手リユース企業のブランド買取スタッフ,"✦・━━━━━━━━━━━━━━━・✦
＼京都府京都市右京区で募集中／
全国1700店舗のリユース企業で
未経験から始める買取スタッフ◎
✦・━━━━━━━━━━━━━━━・✦

「買取の知識がなくても大丈夫？」

専門知識は入社後に身につきます。
まずは流れを覚えることから始めましょう。

＝＝＝＝＝＝＝＝＝＝＝＝＝＝＝
【✧買取は、この3ステップ✧】

■ ① 商品の査定
品物を撮影し、専門部署へ写真を送信します。

■ ② 買取のご提案
鑑定結果をもとに、買取内容や手続きをご説明します。

■ ③ 売上の分析
売れやすい商品の傾向を分析し、次の提案に活かします。

＝＝＝＝＝＝＝＝＝＝＝＝＝＝＝
【✨このお仕事の魅力✨】

✅ 専門知識は不要
覚えることは仕事をしながら少しずつ増やしていけます。

✅ 飛び込み営業なし
来店されたお客様への対応が中心。
営業や買取提案そのものに集中できます。

✅ 未経験歓迎
経験の有無を問わず、早期から活躍できる環境です。

＝＝＝＝＝＝＝＝＝＝＝＝＝＝＝
【✧お仕事の内容✧】

■ 買取営業
来店されたお客様への接客・買取査定

■ 取り扱い品目
貴金属・ハイブランド・ジュエリーなど

＝＝＝＝＝＝＝＝＝＝＝＝＝＝＝
【✔働き方✔】

✔ 標準勤務時間：9時〜18時（実働7時間45分／休憩1時間15分）
✔ 平均残業3時間（原則定時退社）
✔ 週休2日制（シフト制）／年間休日111日＋有給休暇
✔ 希望休制度で月2日以上の休暇取得が可能

まずはお気軽にご応募ください。

案件No：2359","《✼この求人の3つのポイント✼》

✅ ① 飛び込み営業はなし
来店されたお客様への接客が中心。
「売る」ためのノルマに追われることはありません。

✅ ② 成果はインセンティブ制度で還元
歩合による成果反映で、未経験からでも
頑張りに応じた収入を目指せます。
賞与は年2回、昇給の機会もあります。

✅ ③ 資格取得サポートや社宅制度も
業務に関わる資格取得を会社がサポート。
社宅・社員寮も完備しています。

＝＝＝＝＝＝＝＝＝＝＝＝＝＝＝
《✼待遇もしっかり✼》

✔ 月給35万円〜（想定年収490万円〜）
✔ 賞与年2回・昇給あり・インセンティブ制度（歩合）あり
✔ 交通費全額支給／社宅・社員寮完備
✔ 社内表彰制度・社員割引・健康診断・ベネフィットワン
✔ 役職手当・慶弔見舞金・資格取得サポート制度
✔ 年間休日111日＋有給休暇（実質121日以上）"
91,2812,株式会社いーふらん,未経験OK｜おたからやの買取スタッフ｜神戸市灘区,月給35万円〜◎業界最大手リユース企業のブランド買取スタッフ,"✦・━━━━━━━━━━━━━━━・✦
＼兵庫県神戸市灘区で募集中／
「おたからや」の店舗で働く
買取営業・買取スタッフ職◎
✦・━━━━━━━━━━━━━━━・✦

貴金属やハイブランド、ジュエリーなど。
モノの価値を見きわめる仕事です。

知識は最初からなくて大丈夫。
仕事を通して少しずつ身についていきます。

＝＝＝＝＝＝＝＝＝＝＝＝＝＝＝
【✧お仕事の内容✧】

■ 買取営業
来店されたお客様の買取査定・ご提案

■ 仕事の流れ
品物の撮影→専門部署へ査定依頼
→鑑定結果をもとに買取のご説明・手続き
→売上データをもとにした商品分析

＝＝＝＝＝＝＝＝＝＝＝＝＝＝＝
【✨働きやすさのポイント✨】

✅ 未経験歓迎
専門知識は不要。入社後に身につけていく仕事です。

✅ 昇給・賞与あり
賞与は年2回、昇給の機会もあります。
成果はインセンティブ（歩合）にも反映されます。

✅ 資格取得サポートあり
業務に関わる資格取得を会社が支援します。

＝＝＝＝＝＝＝＝＝＝＝＝＝＝＝
【✔待遇・働き方✔】

✔ 月給35万円〜（想定年収490万円〜）
✔ 標準勤務時間：9時〜18時（実働7時間45分）
✔ 年間休日111日＋有給休暇（実質121日以上）
✔ 社宅・社員寮完備／交通費全額支給

「モノの価値を見る目」を磨いていきたい方は、
ぜひご応募ください。

案件No：2812","《✼この求人の3つのポイント✼》

✅ ① 飛び込み営業はなし
来店されたお客様への接客が中心。
「売る」ためのノルマに追われることはありません。

✅ ② 成果はインセンティブ制度で還元
歩合による成果反映で、未経験からでも
頑張りに応じた収入を目指せます。
賞与は年2回、昇給の機会もあります。

✅ ③ 資格取得サポートや社宅制度も
業務に関わる資格取得を会社がサポート。
社宅・社員寮も完備しています。

＝＝＝＝＝＝＝＝＝＝＝＝＝＝＝
《✼待遇もしっかり✼》

✔ 月給35万円〜（想定年収490万円〜）
✔ 賞与年2回・昇給あり・インセンティブ制度（歩合）あり
✔ 交通費全額支給／社宅・社員寮完備
✔ 社内表彰制度・社員割引・健康診断・ベネフィットワン
✔ 役職手当・慶弔見舞金・資格取得サポート制度
✔ 年間休日111日＋有給休暇（実質121日以上）"
92,1206,株式会社いーふらん,未経験OK｜おたからやの買取スタッフ｜神戸市東灘区,月給35万円〜◎業界最大手リユース企業のブランド買取スタッフ,"✦・━━━━━━━━━━━━━━━・✦
＼兵庫県神戸市東灘区で募集中／
未経験から始められる
ブランド買取スタッフのお仕事◎
✦・━━━━━━━━━━━━━━━・✦

「営業」と聞くと、
ノルマや飛び込みを想像しませんか？

このお仕事にそれはありません。
来店されたお客様への接客が中心です。

＝＝＝＝＝＝＝＝＝＝＝＝＝＝＝
【✧お仕事の内容✧】

■ 買取査定・ご提案
貴金属・ハイブランド・ジュエリーなどの
買取査定とお客様へのご説明・手続き

■ 売上分析
売上データをもとに、売れやすい商品を分析し
次の買取提案に活かします

＝＝＝＝＝＝＝＝＝＝＝＝＝＝＝
【✨休みも充実✨】

✅ 年間休日111日＋有給休暇
実質121日以上の休みが取れます。

✅ 5日以上の連続休暇も取得可能
シフト状況に応じて調整しながら、
無理なく休暇を取得できます。

✅ 慶弔休暇・育児休暇・介護休暇・看護休暇あり
ライフステージに合わせて利用できます。

＝＝＝＝＝＝＝＝＝＝＝＝＝＝＝
【✔給与・待遇✔】

✔ 月給35万円〜（想定年収490万円〜）
✔ 賞与年2回・昇給あり
✔ 社内表彰制度・社員割引・健康診断あり

全国に1700店舗を展開する
リユース企業でのお仕事です。

案件No：1206","《✼この求人の3つのポイント✼》

✅ ① 飛び込み営業はなし
来店されたお客様への接客が中心。
「売る」ためのノルマに追われることはありません。

✅ ② 成果はインセンティブ制度で還元
歩合による成果反映で、未経験からでも
頑張りに応じた収入を目指せます。
賞与は年2回、昇給の機会もあります。

✅ ③ 資格取得サポートや社宅制度も
業務に関わる資格取得を会社がサポート。
社宅・社員寮も完備しています。

＝＝＝＝＝＝＝＝＝＝＝＝＝＝＝
《✼待遇もしっかり✼》

✔ 月給35万円〜（想定年収490万円〜）
✔ 賞与年2回・昇給あり・インセンティブ制度（歩合）あり
✔ 交通費全額支給／社宅・社員寮完備
✔ 社内表彰制度・社員割引・健康診断・ベネフィットワン
✔ 役職手当・慶弔見舞金・資格取得サポート制度
✔ 年間休日111日＋有給休暇（実質121日以上）"
93,407,株式会社いーふらん,未経験OK｜おたからやの買取スタッフ｜神戸市中央区,月給35万円〜◎業界最大手リユース企業のブランド買取スタッフ,"✦・━━━━━━━━━━━━━━━・✦
＼兵庫県神戸市中央区で募集中／
全国1700店舗のリユース企業で
未経験から始める買取スタッフ◎
✦・━━━━━━━━━━━━━━━・✦

「買取の知識がなくても大丈夫？」

専門知識は入社後に身につきます。
まずは流れを覚えることから始めましょう。

＝＝＝＝＝＝＝＝＝＝＝＝＝＝＝
【✧買取は、この3ステップ✧】

■ ① 商品の査定
品物を撮影し、専門部署へ写真を送信します。

■ ② 買取のご提案
鑑定結果をもとに、買取内容や手続きをご説明します。

■ ③ 売上の分析
売れやすい商品の傾向を分析し、次の提案に活かします。

＝＝＝＝＝＝＝＝＝＝＝＝＝＝＝
【✨このお仕事の魅力✨】

✅ 専門知識は不要
覚えることは仕事をしながら少しずつ増やしていけます。

✅ 飛び込み営業なし
来店されたお客様への対応が中心。
営業や買取提案そのものに集中できます。

✅ 未経験歓迎
経験の有無を問わず、早期から活躍できる環境です。

＝＝＝＝＝＝＝＝＝＝＝＝＝＝＝
【✧お仕事の内容✧】

■ 買取営業
来店されたお客様への接客・買取査定

■ 取り扱い品目
貴金属・ハイブランド・ジュエリーなど

＝＝＝＝＝＝＝＝＝＝＝＝＝＝＝
【✔働き方✔】

✔ 標準勤務時間：9時〜18時（実働7時間45分／休憩1時間15分）
✔ 平均残業3時間（原則定時退社）
✔ 週休2日制（シフト制）／年間休日111日＋有給休暇
✔ 希望休制度で月2日以上の休暇取得が可能

まずはお気軽にご応募ください。

案件No：407","《✼この求人の3つのポイント✼》

✅ ① 飛び込み営業はなし
来店されたお客様への接客が中心。
「売る」ためのノルマに追われることはありません。

✅ ② 成果はインセンティブ制度で還元
歩合による成果反映で、未経験からでも
頑張りに応じた収入を目指せます。
賞与は年2回、昇給の機会もあります。

✅ ③ 資格取得サポートや社宅制度も
業務に関わる資格取得を会社がサポート。
社宅・社員寮も完備しています。

＝＝＝＝＝＝＝＝＝＝＝＝＝＝＝
《✼待遇もしっかり✼》

✔ 月給35万円〜（想定年収490万円〜）
✔ 賞与年2回・昇給あり・インセンティブ制度（歩合）あり
✔ 交通費全額支給／社宅・社員寮完備
✔ 社内表彰制度・社員割引・健康診断・ベネフィットワン
✔ 役職手当・慶弔見舞金・資格取得サポート制度
✔ 年間休日111日＋有給休暇（実質121日以上）"
94,705,株式会社いーふらん,未経験OK｜おたからやの買取スタッフ｜神戸市垂水区,月給35万円〜◎業界最大手リユース企業のブランド買取スタッフ,"✦・━━━━━━━━━━━━━━━・✦
＼兵庫県神戸市垂水区で募集中／
「おたからや」の店舗で働く
買取営業・買取スタッフ職◎
✦・━━━━━━━━━━━━━━━・✦

貴金属やハイブランド、ジュエリーなど。
モノの価値を見きわめる仕事です。

知識は最初からなくて大丈夫。
仕事を通して少しずつ身についていきます。

＝＝＝＝＝＝＝＝＝＝＝＝＝＝＝
【✧お仕事の内容✧】

■ 買取営業
来店されたお客様の買取査定・ご提案

■ 仕事の流れ
品物の撮影→専門部署へ査定依頼
→鑑定結果をもとに買取のご説明・手続き
→売上データをもとにした商品分析

＝＝＝＝＝＝＝＝＝＝＝＝＝＝＝
【✨働きやすさのポイント✨】

✅ 未経験歓迎
専門知識は不要。入社後に身につけていく仕事です。

✅ 昇給・賞与あり
賞与は年2回、昇給の機会もあります。
成果はインセンティブ（歩合）にも反映されます。

✅ 資格取得サポートあり
業務に関わる資格取得を会社が支援します。

＝＝＝＝＝＝＝＝＝＝＝＝＝＝＝
【✔待遇・働き方✔】

✔ 月給35万円〜（想定年収490万円〜）
✔ 標準勤務時間：9時〜18時（実働7時間45分）
✔ 年間休日111日＋有給休暇（実質121日以上）
✔ 社宅・社員寮完備／交通費全額支給

「モノの価値を見る目」を磨いていきたい方は、
ぜひご応募ください。

案件No：705","《✼この求人の3つのポイント✼》

✅ ① 飛び込み営業はなし
来店されたお客様への接客が中心。
「売る」ためのノルマに追われることはありません。

✅ ② 成果はインセンティブ制度で還元
歩合による成果反映で、未経験からでも
頑張りに応じた収入を目指せます。
賞与は年2回、昇給の機会もあります。

✅ ③ 資格取得サポートや社宅制度も
業務に関わる資格取得を会社がサポート。
社宅・社員寮も完備しています。

＝＝＝＝＝＝＝＝＝＝＝＝＝＝＝
《✼待遇もしっかり✼》

✔ 月給35万円〜（想定年収490万円〜）
✔ 賞与年2回・昇給あり・インセンティブ制度（歩合）あり
✔ 交通費全額支給／社宅・社員寮完備
✔ 社内表彰制度・社員割引・健康診断・ベネフィットワン
✔ 役職手当・慶弔見舞金・資格取得サポート制度
✔ 年間休日111日＋有給休暇（実質121日以上）"
95,1139,株式会社いーふらん,未経験OK｜おたからやの買取スタッフ｜大東市,月給35万円〜◎業界最大手リユース企業のブランド買取スタッフ,"✦・━━━━━━━━━━━━━━━・✦
＼大阪府大東市で募集中／
未経験から始められる
ブランド買取スタッフのお仕事◎
✦・━━━━━━━━━━━━━━━・✦

「営業」と聞くと、
ノルマや飛び込みを想像しませんか？

このお仕事にそれはありません。
来店されたお客様への接客が中心です。

＝＝＝＝＝＝＝＝＝＝＝＝＝＝＝
【✧お仕事の内容✧】

■ 買取査定・ご提案
貴金属・ハイブランド・ジュエリーなどの
買取査定とお客様へのご説明・手続き

■ 売上分析
売上データをもとに、売れやすい商品を分析し
次の買取提案に活かします

＝＝＝＝＝＝＝＝＝＝＝＝＝＝＝
【✨休みも充実✨】

✅ 年間休日111日＋有給休暇
実質121日以上の休みが取れます。

✅ 5日以上の連続休暇も取得可能
シフト状況に応じて調整しながら、
無理なく休暇を取得できます。

✅ 慶弔休暇・育児休暇・介護休暇・看護休暇あり
ライフステージに合わせて利用できます。

＝＝＝＝＝＝＝＝＝＝＝＝＝＝＝
【✔給与・待遇✔】

✔ 月給35万円〜（想定年収490万円〜）
✔ 賞与年2回・昇給あり
✔ 社内表彰制度・社員割引・健康診断あり

全国に1700店舗を展開する
リユース企業でのお仕事です。

案件No：1139","《✼この求人の3つのポイント✼》

✅ ① 飛び込み営業はなし
来店されたお客様への接客が中心。
「売る」ためのノルマに追われることはありません。

✅ ② 成果はインセンティブ制度で還元
歩合による成果反映で、未経験からでも
頑張りに応じた収入を目指せます。
賞与は年2回、昇給の機会もあります。

✅ ③ 資格取得サポートや社宅制度も
業務に関わる資格取得を会社がサポート。
社宅・社員寮も完備しています。

＝＝＝＝＝＝＝＝＝＝＝＝＝＝＝
《✼待遇もしっかり✼》

✔ 月給35万円〜（想定年収490万円〜）
✔ 賞与年2回・昇給あり・インセンティブ制度（歩合）あり
✔ 交通費全額支給／社宅・社員寮完備
✔ 社内表彰制度・社員割引・健康診断・ベネフィットワン
✔ 役職手当・慶弔見舞金・資格取得サポート制度
✔ 年間休日111日＋有給休暇（実質121日以上）"
96,821,株式会社いーふらん,未経験OK｜おたからやの買取スタッフ｜大阪市北区,月給35万円〜◎業界最大手リユース企業のブランド買取スタッフ,"✦・━━━━━━━━━━━━━━━・✦
＼大阪府大阪市北区で募集中／
全国1700店舗のリユース企業で
未経験から始める買取スタッフ◎
✦・━━━━━━━━━━━━━━━・✦

「買取の知識がなくても大丈夫？」

専門知識は入社後に身につきます。
まずは流れを覚えることから始めましょう。

＝＝＝＝＝＝＝＝＝＝＝＝＝＝＝
【✧買取は、この3ステップ✧】

■ ① 商品の査定
品物を撮影し、専門部署へ写真を送信します。

■ ② 買取のご提案
鑑定結果をもとに、買取内容や手続きをご説明します。

■ ③ 売上の分析
売れやすい商品の傾向を分析し、次の提案に活かします。

＝＝＝＝＝＝＝＝＝＝＝＝＝＝＝
【✨このお仕事の魅力✨】

✅ 専門知識は不要
覚えることは仕事をしながら少しずつ増やしていけます。

✅ 飛び込み営業なし
来店されたお客様への対応が中心。
営業や買取提案そのものに集中できます。

✅ 未経験歓迎
経験の有無を問わず、早期から活躍できる環境です。

＝＝＝＝＝＝＝＝＝＝＝＝＝＝＝
【✧お仕事の内容✧】

■ 買取営業
来店されたお客様への接客・買取査定

■ 取り扱い品目
貴金属・ハイブランド・ジュエリーなど

＝＝＝＝＝＝＝＝＝＝＝＝＝＝＝
【✔働き方✔】

✔ 標準勤務時間：9時〜18時（実働7時間45分／休憩1時間15分）
✔ 平均残業3時間（原則定時退社）
✔ 週休2日制（シフト制）／年間休日111日＋有給休暇
✔ 希望休制度で月2日以上の休暇取得が可能

まずはお気軽にご応募ください。

案件No：821","《✼この求人の3つのポイント✼》

✅ ① 飛び込み営業はなし
来店されたお客様への接客が中心。
「売る」ためのノルマに追われることはありません。

✅ ② 成果はインセンティブ制度で還元
歩合による成果反映で、未経験からでも
頑張りに応じた収入を目指せます。
賞与は年2回、昇給の機会もあります。

✅ ③ 資格取得サポートや社宅制度も
業務に関わる資格取得を会社がサポート。
社宅・社員寮も完備しています。

＝＝＝＝＝＝＝＝＝＝＝＝＝＝＝
《✼待遇もしっかり✼》

✔ 月給35万円〜（想定年収490万円〜）
✔ 賞与年2回・昇給あり・インセンティブ制度（歩合）あり
✔ 交通費全額支給／社宅・社員寮完備
✔ 社内表彰制度・社員割引・健康診断・ベネフィットワン
✔ 役職手当・慶弔見舞金・資格取得サポート制度
✔ 年間休日111日＋有給休暇（実質121日以上）"
97,2352,株式会社いーふらん,未経験OK｜おたからやの買取スタッフ｜大阪市北区,月給35万円〜◎業界最大手リユース企業のブランド買取スタッフ,"✦・━━━━━━━━━━━━━━━・✦
＼大阪府大阪市北区で募集中／
「おたからや」の店舗で働く
買取営業・買取スタッフ職◎
✦・━━━━━━━━━━━━━━━・✦

貴金属やハイブランド、ジュエリーなど。
モノの価値を見きわめる仕事です。

知識は最初からなくて大丈夫。
仕事を通して少しずつ身についていきます。

＝＝＝＝＝＝＝＝＝＝＝＝＝＝＝
【✧お仕事の内容✧】

■ 買取営業
来店されたお客様の買取査定・ご提案

■ 仕事の流れ
品物の撮影→専門部署へ査定依頼
→鑑定結果をもとに買取のご説明・手続き
→売上データをもとにした商品分析

＝＝＝＝＝＝＝＝＝＝＝＝＝＝＝
【✨働きやすさのポイント✨】

✅ 未経験歓迎
専門知識は不要。入社後に身につけていく仕事です。

✅ 昇給・賞与あり
賞与は年2回、昇給の機会もあります。
成果はインセンティブ（歩合）にも反映されます。

✅ 資格取得サポートあり
業務に関わる資格取得を会社が支援します。

＝＝＝＝＝＝＝＝＝＝＝＝＝＝＝
【✔待遇・働き方✔】

✔ 月給35万円〜（想定年収490万円〜）
✔ 標準勤務時間：9時〜18時（実働7時間45分）
✔ 年間休日111日＋有給休暇（実質121日以上）
✔ 社宅・社員寮完備／交通費全額支給

「モノの価値を見る目」を磨いていきたい方は、
ぜひご応募ください。

案件No：2352","《✼この求人の3つのポイント✼》

✅ ① 飛び込み営業はなし
来店されたお客様への接客が中心。
「売る」ためのノルマに追われることはありません。

✅ ② 成果はインセンティブ制度で還元
歩合による成果反映で、未経験からでも
頑張りに応じた収入を目指せます。
賞与は年2回、昇給の機会もあります。

✅ ③ 資格取得サポートや社宅制度も
業務に関わる資格取得を会社がサポート。
社宅・社員寮も完備しています。

＝＝＝＝＝＝＝＝＝＝＝＝＝＝＝
《✼待遇もしっかり✼》

✔ 月給35万円〜（想定年収490万円〜）
✔ 賞与年2回・昇給あり・インセンティブ制度（歩合）あり
✔ 交通費全額支給／社宅・社員寮完備
✔ 社内表彰制度・社員割引・健康診断・ベネフィットワン
✔ 役職手当・慶弔見舞金・資格取得サポート制度
✔ 年間休日111日＋有給休暇（実質121日以上）"
98,58,株式会社いーふらん,未経験OK｜おたからやの買取スタッフ｜大阪市北区,月給35万円〜◎業界最大手リユース企業のブランド買取スタッフ,"✦・━━━━━━━━━━━━━━━・✦
＼大阪府大阪市北区で募集中／
未経験から始められる
ブランド買取スタッフのお仕事◎
✦・━━━━━━━━━━━━━━━・✦

「営業」と聞くと、
ノルマや飛び込みを想像しませんか？

このお仕事にそれはありません。
来店されたお客様への接客が中心です。

＝＝＝＝＝＝＝＝＝＝＝＝＝＝＝
【✧お仕事の内容✧】

■ 買取査定・ご提案
貴金属・ハイブランド・ジュエリーなどの
買取査定とお客様へのご説明・手続き

■ 売上分析
売上データをもとに、売れやすい商品を分析し
次の買取提案に活かします

＝＝＝＝＝＝＝＝＝＝＝＝＝＝＝
【✨休みも充実✨】

✅ 年間休日111日＋有給休暇
実質121日以上の休みが取れます。

✅ 5日以上の連続休暇も取得可能
シフト状況に応じて調整しながら、
無理なく休暇を取得できます。

✅ 慶弔休暇・育児休暇・介護休暇・看護休暇あり
ライフステージに合わせて利用できます。

＝＝＝＝＝＝＝＝＝＝＝＝＝＝＝
【✔給与・待遇✔】

✔ 月給35万円〜（想定年収490万円〜）
✔ 賞与年2回・昇給あり
✔ 社内表彰制度・社員割引・健康診断あり

全国に1700店舗を展開する
リユース企業でのお仕事です。

案件No：58","《✼この求人の3つのポイント✼》

✅ ① 飛び込み営業はなし
来店されたお客様への接客が中心。
「売る」ためのノルマに追われることはありません。

✅ ② 成果はインセンティブ制度で還元
歩合による成果反映で、未経験からでも
頑張りに応じた収入を目指せます。
賞与は年2回、昇給の機会もあります。

✅ ③ 資格取得サポートや社宅制度も
業務に関わる資格取得を会社がサポート。
社宅・社員寮も完備しています。

＝＝＝＝＝＝＝＝＝＝＝＝＝＝＝
《✼待遇もしっかり✼》

✔ 月給35万円〜（想定年収490万円〜）
✔ 賞与年2回・昇給あり・インセンティブ制度（歩合）あり
✔ 交通費全額支給／社宅・社員寮完備
✔ 社内表彰制度・社員割引・健康診断・ベネフィットワン
✔ 役職手当・慶弔見舞金・資格取得サポート制度
✔ 年間休日111日＋有給休暇（実質121日以上）"
99,2221,株式会社いーふらん,未経験OK｜おたからやの買取スタッフ｜大阪市東淀川区,月給35万円〜◎業界最大手リユース企業のブランド買取スタッフ,"✦・━━━━━━━━━━━━━━━・✦
＼大阪府大阪市東淀川区で募集中／
全国1700店舗のリユース企業で
未経験から始める買取スタッフ◎
✦・━━━━━━━━━━━━━━━・✦

「買取の知識がなくても大丈夫？」

専門知識は入社後に身につきます。
まずは流れを覚えることから始めましょう。

＝＝＝＝＝＝＝＝＝＝＝＝＝＝＝
【✧買取は、この3ステップ✧】

■ ① 商品の査定
品物を撮影し、専門部署へ写真を送信します。

■ ② 買取のご提案
鑑定結果をもとに、買取内容や手続きをご説明します。

■ ③ 売上の分析
売れやすい商品の傾向を分析し、次の提案に活かします。

＝＝＝＝＝＝＝＝＝＝＝＝＝＝＝
【✨このお仕事の魅力✨】

✅ 専門知識は不要
覚えることは仕事をしながら少しずつ増やしていけます。

✅ 飛び込み営業なし
来店されたお客様への対応が中心。
営業や買取提案そのものに集中できます。

✅ 未経験歓迎
経験の有無を問わず、早期から活躍できる環境です。

＝＝＝＝＝＝＝＝＝＝＝＝＝＝＝
【✧お仕事の内容✧】

■ 買取営業
来店されたお客様への接客・買取査定

■ 取り扱い品目
貴金属・ハイブランド・ジュエリーなど

＝＝＝＝＝＝＝＝＝＝＝＝＝＝＝
【✔働き方✔】

✔ 標準勤務時間：9時〜18時（実働7時間45分／休憩1時間15分）
✔ 平均残業3時間（原則定時退社）
✔ 週休2日制（シフト制）／年間休日111日＋有給休暇
✔ 希望休制度で月2日以上の休暇取得が可能

まずはお気軽にご応募ください。

案件No：2221","《✼この求人の3つのポイント✼》

✅ ① 飛び込み営業はなし
来店されたお客様への接客が中心。
「売る」ためのノルマに追われることはありません。

✅ ② 成果はインセンティブ制度で還元
歩合による成果反映で、未経験からでも
頑張りに応じた収入を目指せます。
賞与は年2回、昇給の機会もあります。

✅ ③ 資格取得サポートや社宅制度も
業務に関わる資格取得を会社がサポート。
社宅・社員寮も完備しています。

＝＝＝＝＝＝＝＝＝＝＝＝＝＝＝
《✼待遇もしっかり✼》

✔ 月給35万円〜（想定年収490万円〜）
✔ 賞与年2回・昇給あり・インセンティブ制度（歩合）あり
✔ 交通費全額支給／社宅・社員寮完備
✔ 社内表彰制度・社員割引・健康診断・ベネフィットワン
✔ 役職手当・慶弔見舞金・資格取得サポート制度
✔ 年間休日111日＋有給休暇（実質121日以上）"
100,1390,株式会社いーふらん,未経験OK｜おたからやの買取スタッフ｜大阪市中央区,月給35万円〜◎業界最大手リユース企業のブランド買取スタッフ,"✦・━━━━━━━━━━━━━━━・✦
＼大阪府大阪市中央区で募集中／
「おたからや」の店舗で働く
買取営業・買取スタッフ職◎
✦・━━━━━━━━━━━━━━━・✦

貴金属やハイブランド、ジュエリーなど。
モノの価値を見きわめる仕事です。

知識は最初からなくて大丈夫。
仕事を通して少しずつ身についていきます。

＝＝＝＝＝＝＝＝＝＝＝＝＝＝＝
【✧お仕事の内容✧】

■ 買取営業
来店されたお客様の買取査定・ご提案

■ 仕事の流れ
品物の撮影→専門部署へ査定依頼
→鑑定結果をもとに買取のご説明・手続き
→売上データをもとにした商品分析

＝＝＝＝＝＝＝＝＝＝＝＝＝＝＝
【✨働きやすさのポイント✨】

✅ 未経験歓迎
専門知識は不要。入社後に身につけていく仕事です。

✅ 昇給・賞与あり
賞与は年2回、昇給の機会もあります。
成果はインセンティブ（歩合）にも反映されます。

✅ 資格取得サポートあり
業務に関わる資格取得を会社が支援します。

＝＝＝＝＝＝＝＝＝＝＝＝＝＝＝
【✔待遇・働き方✔】

✔ 月給35万円〜（想定年収490万円〜）
✔ 標準勤務時間：9時〜18時（実働7時間45分）
✔ 年間休日111日＋有給休暇（実質121日以上）
✔ 社宅・社員寮完備／交通費全額支給

「モノの価値を見る目」を磨いていきたい方は、
ぜひご応募ください。

案件No：1390","《✼この求人の3つのポイント✼》

✅ ① 飛び込み営業はなし
来店されたお客様への接客が中心。
「売る」ためのノルマに追われることはありません。

✅ ② 成果はインセンティブ制度で還元
歩合による成果反映で、未経験からでも
頑張りに応じた収入を目指せます。
賞与は年2回、昇給の機会もあります。

✅ ③ 資格取得サポートや社宅制度も
業務に関わる資格取得を会社がサポート。
社宅・社員寮も完備しています。

＝＝＝＝＝＝＝＝＝＝＝＝＝＝＝
《✼待遇もしっかり✼》

✔ 月給35万円〜（想定年収490万円〜）
✔ 賞与年2回・昇給あり・インセンティブ制度（歩合）あり
✔ 交通費全額支給／社宅・社員寮完備
✔ 社内表彰制度・社員割引・健康診断・ベネフィットワン
✔ 役職手当・慶弔見舞金・資格取得サポート制度
✔ 年間休日111日＋有給休暇（実質121日以上）"
101,831,株式会社いーふらん,未経験OK｜おたからやの買取スタッフ｜大阪市中央区,月給35万円〜◎業界最大手リユース企業のブランド買取スタッフ,"✦・━━━━━━━━━━━━━━━・✦
＼大阪府大阪市中央区で募集中／
未経験から始められる
ブランド買取スタッフのお仕事◎
✦・━━━━━━━━━━━━━━━・✦

「営業」と聞くと、
ノルマや飛び込みを想像しませんか？

このお仕事にそれはありません。
来店されたお客様への接客が中心です。

＝＝＝＝＝＝＝＝＝＝＝＝＝＝＝
【✧お仕事の内容✧】

■ 買取査定・ご提案
貴金属・ハイブランド・ジュエリーなどの
買取査定とお客様へのご説明・手続き

■ 売上分析
売上データをもとに、売れやすい商品を分析し
次の買取提案に活かします

＝＝＝＝＝＝＝＝＝＝＝＝＝＝＝
【✨休みも充実✨】

✅ 年間休日111日＋有給休暇
実質121日以上の休みが取れます。

✅ 5日以上の連続休暇も取得可能
シフト状況に応じて調整しながら、
無理なく休暇を取得できます。

✅ 慶弔休暇・育児休暇・介護休暇・看護休暇あり
ライフステージに合わせて利用できます。

＝＝＝＝＝＝＝＝＝＝＝＝＝＝＝
【✔給与・待遇✔】

✔ 月給35万円〜（想定年収490万円〜）
✔ 賞与年2回・昇給あり
✔ 社内表彰制度・社員割引・健康診断あり

全国に1700店舗を展開する
リユース企業でのお仕事です。

案件No：831","《✼この求人の3つのポイント✼》

✅ ① 飛び込み営業はなし
来店されたお客様への接客が中心。
「売る」ためのノルマに追われることはありません。

✅ ② 成果はインセンティブ制度で還元
歩合による成果反映で、未経験からでも
頑張りに応じた収入を目指せます。
賞与は年2回、昇給の機会もあります。

✅ ③ 資格取得サポートや社宅制度も
業務に関わる資格取得を会社がサポート。
社宅・社員寮も完備しています。

＝＝＝＝＝＝＝＝＝＝＝＝＝＝＝
《✼待遇もしっかり✼》

✔ 月給35万円〜（想定年収490万円〜）
✔ 賞与年2回・昇給あり・インセンティブ制度（歩合）あり
✔ 交通費全額支給／社宅・社員寮完備
✔ 社内表彰制度・社員割引・健康診断・ベネフィットワン
✔ 役職手当・慶弔見舞金・資格取得サポート制度
✔ 年間休日111日＋有給休暇（実質121日以上）"
102,1041,株式会社いーふらん,未経験OK｜おたからやの買取スタッフ｜大阪市港区,月給35万円〜◎業界最大手リユース企業のブランド買取スタッフ,"✦・━━━━━━━━━━━━━━━・✦
＼大阪府大阪市港区で募集中／
全国1700店舗のリユース企業で
未経験から始める買取スタッフ◎
✦・━━━━━━━━━━━━━━━・✦

「買取の知識がなくても大丈夫？」

専門知識は入社後に身につきます。
まずは流れを覚えることから始めましょう。

＝＝＝＝＝＝＝＝＝＝＝＝＝＝＝
【✧買取は、この3ステップ✧】

■ ① 商品の査定
品物を撮影し、専門部署へ写真を送信します。

■ ② 買取のご提案
鑑定結果をもとに、買取内容や手続きをご説明します。

■ ③ 売上の分析
売れやすい商品の傾向を分析し、次の提案に活かします。

＝＝＝＝＝＝＝＝＝＝＝＝＝＝＝
【✨このお仕事の魅力✨】

✅ 専門知識は不要
覚えることは仕事をしながら少しずつ増やしていけます。

✅ 飛び込み営業なし
来店されたお客様への対応が中心。
営業や買取提案そのものに集中できます。

✅ 未経験歓迎
経験の有無を問わず、早期から活躍できる環境です。

＝＝＝＝＝＝＝＝＝＝＝＝＝＝＝
【✧お仕事の内容✧】

■ 買取営業
来店されたお客様への接客・買取査定

■ 取り扱い品目
貴金属・ハイブランド・ジュエリーなど

＝＝＝＝＝＝＝＝＝＝＝＝＝＝＝
【✔働き方✔】

✔ 標準勤務時間：9時〜18時（実働7時間45分／休憩1時間15分）
✔ 平均残業3時間（原則定時退社）
✔ 週休2日制（シフト制）／年間休日111日＋有給休暇
✔ 希望休制度で月2日以上の休暇取得が可能

まずはお気軽にご応募ください。

案件No：1041","《✼この求人の3つのポイント✼》

✅ ① 飛び込み営業はなし
来店されたお客様への接客が中心。
「売る」ためのノルマに追われることはありません。

✅ ② 成果はインセンティブ制度で還元
歩合による成果反映で、未経験からでも
頑張りに応じた収入を目指せます。
賞与は年2回、昇給の機会もあります。

✅ ③ 資格取得サポートや社宅制度も
業務に関わる資格取得を会社がサポート。
社宅・社員寮も完備しています。

＝＝＝＝＝＝＝＝＝＝＝＝＝＝＝
《✼待遇もしっかり✼》

✔ 月給35万円〜（想定年収490万円〜）
✔ 賞与年2回・昇給あり・インセンティブ制度（歩合）あり
✔ 交通費全額支給／社宅・社員寮完備
✔ 社内表彰制度・社員割引・健康診断・ベネフィットワン
✔ 役職手当・慶弔見舞金・資格取得サポート制度
✔ 年間休日111日＋有給休暇（実質121日以上）"
103,945,株式会社いーふらん,未経験OK｜おたからやの買取スタッフ｜船橋市,月給35万円〜◎業界最大手リユース企業のブランド買取スタッフ,"✦・━━━━━━━━━━━━━━━・✦
＼千葉県船橋市で募集中／
「おたからや」の店舗で働く
買取営業・買取スタッフ職◎
✦・━━━━━━━━━━━━━━━・✦

貴金属やハイブランド、ジュエリーなど。
モノの価値を見きわめる仕事です。

知識は最初からなくて大丈夫。
仕事を通して少しずつ身についていきます。

＝＝＝＝＝＝＝＝＝＝＝＝＝＝＝
【✧お仕事の内容✧】

■ 買取営業
来店されたお客様の買取査定・ご提案

■ 仕事の流れ
品物の撮影→専門部署へ査定依頼
→鑑定結果をもとに買取のご説明・手続き
→売上データをもとにした商品分析

＝＝＝＝＝＝＝＝＝＝＝＝＝＝＝
【✨働きやすさのポイント✨】

✅ 未経験歓迎
専門知識は不要。入社後に身につけていく仕事です。

✅ 昇給・賞与あり
賞与は年2回、昇給の機会もあります。
成果はインセンティブ（歩合）にも反映されます。

✅ 資格取得サポートあり
業務に関わる資格取得を会社が支援します。

＝＝＝＝＝＝＝＝＝＝＝＝＝＝＝
【✔待遇・働き方✔】

✔ 月給35万円〜（想定年収490万円〜）
✔ 標準勤務時間：9時〜18時（実働7時間45分）
✔ 年間休日111日＋有給休暇（実質121日以上）
✔ 社宅・社員寮完備／交通費全額支給

「モノの価値を見る目」を磨いていきたい方は、
ぜひご応募ください。

案件No：945","《✼この求人の3つのポイント✼》

✅ ① 飛び込み営業はなし
来店されたお客様への接客が中心。
「売る」ためのノルマに追われることはありません。

✅ ② 成果はインセンティブ制度で還元
歩合による成果反映で、未経験からでも
頑張りに応じた収入を目指せます。
賞与は年2回、昇給の機会もあります。

✅ ③ 資格取得サポートや社宅制度も
業務に関わる資格取得を会社がサポート。
社宅・社員寮も完備しています。

＝＝＝＝＝＝＝＝＝＝＝＝＝＝＝
《✼待遇もしっかり✼》

✔ 月給35万円〜（想定年収490万円〜）
✔ 賞与年2回・昇給あり・インセンティブ制度（歩合）あり
✔ 交通費全額支給／社宅・社員寮完備
✔ 社内表彰制度・社員割引・健康診断・ベネフィットワン
✔ 役職手当・慶弔見舞金・資格取得サポート制度
✔ 年間休日111日＋有給休暇（実質121日以上）"
104,366,株式会社いーふらん,未経験OK｜おたからやの買取スタッフ｜船橋市,月給35万円〜◎業界最大手リユース企業のブランド買取スタッフ,"✦・━━━━━━━━━━━━━━━・✦
＼千葉県船橋市で募集中／
未経験から始められる
ブランド買取スタッフのお仕事◎
✦・━━━━━━━━━━━━━━━・✦

「営業」と聞くと、
ノルマや飛び込みを想像しませんか？

このお仕事にそれはありません。
来店されたお客様への接客が中心です。

＝＝＝＝＝＝＝＝＝＝＝＝＝＝＝
【✧お仕事の内容✧】

■ 買取査定・ご提案
貴金属・ハイブランド・ジュエリーなどの
買取査定とお客様へのご説明・手続き

■ 売上分析
売上データをもとに、売れやすい商品を分析し
次の買取提案に活かします

＝＝＝＝＝＝＝＝＝＝＝＝＝＝＝
【✨休みも充実✨】

✅ 年間休日111日＋有給休暇
実質121日以上の休みが取れます。

✅ 5日以上の連続休暇も取得可能
シフト状況に応じて調整しながら、
無理なく休暇を取得できます。

✅ 慶弔休暇・育児休暇・介護休暇・看護休暇あり
ライフステージに合わせて利用できます。

＝＝＝＝＝＝＝＝＝＝＝＝＝＝＝
【✔給与・待遇✔】

✔ 月給35万円〜（想定年収490万円〜）
✔ 賞与年2回・昇給あり
✔ 社内表彰制度・社員割引・健康診断あり

全国に1700店舗を展開する
リユース企業でのお仕事です。

案件No：366","《✼この求人の3つのポイント✼》

✅ ① 飛び込み営業はなし
来店されたお客様への接客が中心。
「売る」ためのノルマに追われることはありません。

✅ ② 成果はインセンティブ制度で還元
歩合による成果反映で、未経験からでも
頑張りに応じた収入を目指せます。
賞与は年2回、昇給の機会もあります。

✅ ③ 資格取得サポートや社宅制度も
業務に関わる資格取得を会社がサポート。
社宅・社員寮も完備しています。

＝＝＝＝＝＝＝＝＝＝＝＝＝＝＝
《✼待遇もしっかり✼》

✔ 月給35万円〜（想定年収490万円〜）
✔ 賞与年2回・昇給あり・インセンティブ制度（歩合）あり
✔ 交通費全額支給／社宅・社員寮完備
✔ 社内表彰制度・社員割引・健康診断・ベネフィットワン
✔ 役職手当・慶弔見舞金・資格取得サポート制度
✔ 年間休日111日＋有給休暇（実質121日以上）"
105,1812,株式会社いーふらん,未経験OK｜おたからやの買取スタッフ｜千葉市中央区,月給35万円〜◎業界最大手リユース企業のブランド買取スタッフ,"✦・━━━━━━━━━━━━━━━・✦
＼千葉県千葉市中央区で募集中／
全国1700店舗のリユース企業で
未経験から始める買取スタッフ◎
✦・━━━━━━━━━━━━━━━・✦

「買取の知識がなくても大丈夫？」

専門知識は入社後に身につきます。
まずは流れを覚えることから始めましょう。

＝＝＝＝＝＝＝＝＝＝＝＝＝＝＝
【✧買取は、この3ステップ✧】

■ ① 商品の査定
品物を撮影し、専門部署へ写真を送信します。

■ ② 買取のご提案
鑑定結果をもとに、買取内容や手続きをご説明します。

■ ③ 売上の分析
売れやすい商品の傾向を分析し、次の提案に活かします。

＝＝＝＝＝＝＝＝＝＝＝＝＝＝＝
【✨このお仕事の魅力✨】

✅ 専門知識は不要
覚えることは仕事をしながら少しずつ増やしていけます。

✅ 飛び込み営業なし
来店されたお客様への対応が中心。
営業や買取提案そのものに集中できます。

✅ 未経験歓迎
経験の有無を問わず、早期から活躍できる環境です。

＝＝＝＝＝＝＝＝＝＝＝＝＝＝＝
【✧お仕事の内容✧】

■ 買取営業
来店されたお客様への接客・買取査定

■ 取り扱い品目
貴金属・ハイブランド・ジュエリーなど

＝＝＝＝＝＝＝＝＝＝＝＝＝＝＝
【✔働き方✔】

✔ 標準勤務時間：9時〜18時（実働7時間45分／休憩1時間15分）
✔ 平均残業3時間（原則定時退社）
✔ 週休2日制（シフト制）／年間休日111日＋有給休暇
✔ 希望休制度で月2日以上の休暇取得が可能

まずはお気軽にご応募ください。

案件No：1812","《✼この求人の3つのポイント✼》

✅ ① 飛び込み営業はなし
来店されたお客様への接客が中心。
「売る」ためのノルマに追われることはありません。

✅ ② 成果はインセンティブ制度で還元
歩合による成果反映で、未経験からでも
頑張りに応じた収入を目指せます。
賞与は年2回、昇給の機会もあります。

✅ ③ 資格取得サポートや社宅制度も
業務に関わる資格取得を会社がサポート。
社宅・社員寮も完備しています。

＝＝＝＝＝＝＝＝＝＝＝＝＝＝＝
《✼待遇もしっかり✼》

✔ 月給35万円〜（想定年収490万円〜）
✔ 賞与年2回・昇給あり・インセンティブ制度（歩合）あり
✔ 交通費全額支給／社宅・社員寮完備
✔ 社内表彰制度・社員割引・健康診断・ベネフィットワン
✔ 役職手当・慶弔見舞金・資格取得サポート制度
✔ 年間休日111日＋有給休暇（実質121日以上）"
106,755,株式会社いーふらん,未経験OK｜おたからやの買取スタッフ｜川崎市多摩区,月給35万円〜◎業界最大手リユース企業のブランド買取スタッフ,"✦・━━━━━━━━━━━━━━━・✦
＼神奈川県川崎市多摩区で募集中／
「おたからや」の店舗で働く
買取営業・買取スタッフ職◎
✦・━━━━━━━━━━━━━━━・✦

貴金属やハイブランド、ジュエリーなど。
モノの価値を見きわめる仕事です。

知識は最初からなくて大丈夫。
仕事を通して少しずつ身についていきます。

＝＝＝＝＝＝＝＝＝＝＝＝＝＝＝
【✧お仕事の内容✧】

■ 買取営業
来店されたお客様の買取査定・ご提案

■ 仕事の流れ
品物の撮影→専門部署へ査定依頼
→鑑定結果をもとに買取のご説明・手続き
→売上データをもとにした商品分析

＝＝＝＝＝＝＝＝＝＝＝＝＝＝＝
【✨働きやすさのポイント✨】

✅ 未経験歓迎
専門知識は不要。入社後に身につけていく仕事です。

✅ 昇給・賞与あり
賞与は年2回、昇給の機会もあります。
成果はインセンティブ（歩合）にも反映されます。

✅ 資格取得サポートあり
業務に関わる資格取得を会社が支援します。

＝＝＝＝＝＝＝＝＝＝＝＝＝＝＝
【✔待遇・働き方✔】

✔ 月給35万円〜（想定年収490万円〜）
✔ 標準勤務時間：9時〜18時（実働7時間45分）
✔ 年間休日111日＋有給休暇（実質121日以上）
✔ 社宅・社員寮完備／交通費全額支給

「モノの価値を見る目」を磨いていきたい方は、
ぜひご応募ください。

案件No：755","《✼この求人の3つのポイント✼》

✅ ① 飛び込み営業はなし
来店されたお客様への接客が中心。
「売る」ためのノルマに追われることはありません。

✅ ② 成果はインセンティブ制度で還元
歩合による成果反映で、未経験からでも
頑張りに応じた収入を目指せます。
賞与は年2回、昇給の機会もあります。

✅ ③ 資格取得サポートや社宅制度も
業務に関わる資格取得を会社がサポート。
社宅・社員寮も完備しています。

＝＝＝＝＝＝＝＝＝＝＝＝＝＝＝
《✼待遇もしっかり✼》

✔ 月給35万円〜（想定年収490万円〜）
✔ 賞与年2回・昇給あり・インセンティブ制度（歩合）あり
✔ 交通費全額支給／社宅・社員寮完備
✔ 社内表彰制度・社員割引・健康診断・ベネフィットワン
✔ 役職手当・慶弔見舞金・資格取得サポート制度
✔ 年間休日111日＋有給休暇（実質121日以上）"
107,719,株式会社いーふらん,未経験OK｜おたからやの買取スタッフ｜横浜市港南区,月給35万円〜◎業界最大手リユース企業のブランド買取スタッフ,"✦・━━━━━━━━━━━━━━━・✦
＼神奈川県横浜市港南区で募集中／
未経験から始められる
ブランド買取スタッフのお仕事◎
✦・━━━━━━━━━━━━━━━・✦

「営業」と聞くと、
ノルマや飛び込みを想像しませんか？

このお仕事にそれはありません。
来店されたお客様への接客が中心です。

＝＝＝＝＝＝＝＝＝＝＝＝＝＝＝
【✧お仕事の内容✧】

■ 買取査定・ご提案
貴金属・ハイブランド・ジュエリーなどの
買取査定とお客様へのご説明・手続き

■ 売上分析
売上データをもとに、売れやすい商品を分析し
次の買取提案に活かします

＝＝＝＝＝＝＝＝＝＝＝＝＝＝＝
【✨休みも充実✨】

✅ 年間休日111日＋有給休暇
実質121日以上の休みが取れます。

✅ 5日以上の連続休暇も取得可能
シフト状況に応じて調整しながら、
無理なく休暇を取得できます。

✅ 慶弔休暇・育児休暇・介護休暇・看護休暇あり
ライフステージに合わせて利用できます。

＝＝＝＝＝＝＝＝＝＝＝＝＝＝＝
【✔給与・待遇✔】

✔ 月給35万円〜（想定年収490万円〜）
✔ 賞与年2回・昇給あり
✔ 社内表彰制度・社員割引・健康診断あり

全国に1700店舗を展開する
リユース企業でのお仕事です。

案件No：719","《✼この求人の3つのポイント✼》

✅ ① 飛び込み営業はなし
来店されたお客様への接客が中心。
「売る」ためのノルマに追われることはありません。

✅ ② 成果はインセンティブ制度で還元
歩合による成果反映で、未経験からでも
頑張りに応じた収入を目指せます。
賞与は年2回、昇給の機会もあります。

✅ ③ 資格取得サポートや社宅制度も
業務に関わる資格取得を会社がサポート。
社宅・社員寮も完備しています。

＝＝＝＝＝＝＝＝＝＝＝＝＝＝＝
《✼待遇もしっかり✼》

✔ 月給35万円〜（想定年収490万円〜）
✔ 賞与年2回・昇給あり・インセンティブ制度（歩合）あり
✔ 交通費全額支給／社宅・社員寮完備
✔ 社内表彰制度・社員割引・健康診断・ベネフィットワン
✔ 役職手当・慶弔見舞金・資格取得サポート制度
✔ 年間休日111日＋有給休暇（実質121日以上）"
108,881,株式会社いーふらん,未経験OK｜おたからやの買取スタッフ｜川崎市中原区,月給35万円〜◎業界最大手リユース企業のブランド買取スタッフ,"✦・━━━━━━━━━━━━━━━・✦
＼神奈川県川崎市中原区で募集中／
全国1700店舗のリユース企業で
未経験から始める買取スタッフ◎
✦・━━━━━━━━━━━━━━━・✦

「買取の知識がなくても大丈夫？」

専門知識は入社後に身につきます。
まずは流れを覚えることから始めましょう。

＝＝＝＝＝＝＝＝＝＝＝＝＝＝＝
【✧買取は、この3ステップ✧】

■ ① 商品の査定
品物を撮影し、専門部署へ写真を送信します。

■ ② 買取のご提案
鑑定結果をもとに、買取内容や手続きをご説明します。

■ ③ 売上の分析
売れやすい商品の傾向を分析し、次の提案に活かします。

＝＝＝＝＝＝＝＝＝＝＝＝＝＝＝
【✨このお仕事の魅力✨】

✅ 専門知識は不要
覚えることは仕事をしながら少しずつ増やしていけます。

✅ 飛び込み営業なし
来店されたお客様への対応が中心。
営業や買取提案そのものに集中できます。

✅ 未経験歓迎
経験の有無を問わず、早期から活躍できる環境です。

＝＝＝＝＝＝＝＝＝＝＝＝＝＝＝
【✧お仕事の内容✧】

■ 買取営業
来店されたお客様への接客・買取査定

■ 取り扱い品目
貴金属・ハイブランド・ジュエリーなど

＝＝＝＝＝＝＝＝＝＝＝＝＝＝＝
【✔働き方✔】

✔ 標準勤務時間：9時〜18時（実働7時間45分／休憩1時間15分）
✔ 平均残業3時間（原則定時退社）
✔ 週休2日制（シフト制）／年間休日111日＋有給休暇
✔ 希望休制度で月2日以上の休暇取得が可能

まずはお気軽にご応募ください。

案件No：881","《✼この求人の3つのポイント✼》

✅ ① 飛び込み営業はなし
来店されたお客様への接客が中心。
「売る」ためのノルマに追われることはありません。

✅ ② 成果はインセンティブ制度で還元
歩合による成果反映で、未経験からでも
頑張りに応じた収入を目指せます。
賞与は年2回、昇給の機会もあります。

✅ ③ 資格取得サポートや社宅制度も
業務に関わる資格取得を会社がサポート。
社宅・社員寮も完備しています。

＝＝＝＝＝＝＝＝＝＝＝＝＝＝＝
《✼待遇もしっかり✼》

✔ 月給35万円〜（想定年収490万円〜）
✔ 賞与年2回・昇給あり・インセンティブ制度（歩合）あり
✔ 交通費全額支給／社宅・社員寮完備
✔ 社内表彰制度・社員割引・健康診断・ベネフィットワン
✔ 役職手当・慶弔見舞金・資格取得サポート制度
✔ 年間休日111日＋有給休暇（実質121日以上）"
109,1033,株式会社いーふらん,未経験OK｜おたからやの買取スタッフ｜横浜市港南区,月給35万円〜◎業界最大手リユース企業のブランド買取スタッフ,"✦・━━━━━━━━━━━━━━━・✦
＼神奈川県横浜市港南区で募集中／
「おたからや」の店舗で働く
買取営業・買取スタッフ職◎
✦・━━━━━━━━━━━━━━━・✦

貴金属やハイブランド、ジュエリーなど。
モノの価値を見きわめる仕事です。

知識は最初からなくて大丈夫。
仕事を通して少しずつ身についていきます。

＝＝＝＝＝＝＝＝＝＝＝＝＝＝＝
【✧お仕事の内容✧】

■ 買取営業
来店されたお客様の買取査定・ご提案

■ 仕事の流れ
品物の撮影→専門部署へ査定依頼
→鑑定結果をもとに買取のご説明・手続き
→売上データをもとにした商品分析

＝＝＝＝＝＝＝＝＝＝＝＝＝＝＝
【✨働きやすさのポイント✨】

✅ 未経験歓迎
専門知識は不要。入社後に身につけていく仕事です。

✅ 昇給・賞与あり
賞与は年2回、昇給の機会もあります。
成果はインセンティブ（歩合）にも反映されます。

✅ 資格取得サポートあり
業務に関わる資格取得を会社が支援します。

＝＝＝＝＝＝＝＝＝＝＝＝＝＝＝
【✔待遇・働き方✔】

✔ 月給35万円〜（想定年収490万円〜）
✔ 標準勤務時間：9時〜18時（実働7時間45分）
✔ 年間休日111日＋有給休暇（実質121日以上）
✔ 社宅・社員寮完備／交通費全額支給

「モノの価値を見る目」を磨いていきたい方は、
ぜひご応募ください。

案件No：1033","《✼この求人の3つのポイント✼》

✅ ① 飛び込み営業はなし
来店されたお客様への接客が中心。
「売る」ためのノルマに追われることはありません。

✅ ② 成果はインセンティブ制度で還元
歩合による成果反映で、未経験からでも
頑張りに応じた収入を目指せます。
賞与は年2回、昇給の機会もあります。

✅ ③ 資格取得サポートや社宅制度も
業務に関わる資格取得を会社がサポート。
社宅・社員寮も完備しています。

＝＝＝＝＝＝＝＝＝＝＝＝＝＝＝
《✼待遇もしっかり✼》

✔ 月給35万円〜（想定年収490万円〜）
✔ 賞与年2回・昇給あり・インセンティブ制度（歩合）あり
✔ 交通費全額支給／社宅・社員寮完備
✔ 社内表彰制度・社員割引・健康診断・ベネフィットワン
✔ 役職手当・慶弔見舞金・資格取得サポート制度
✔ 年間休日111日＋有給休暇（実質121日以上）"
110,1164,株式会社いーふらん,未経験OK｜おたからやの買取スタッフ｜川崎市川崎区,月給35万円〜◎業界最大手リユース企業のブランド買取スタッフ,"✦・━━━━━━━━━━━━━━━・✦
＼神奈川県川崎市川崎区で募集中／
未経験から始められる
ブランド買取スタッフのお仕事◎
✦・━━━━━━━━━━━━━━━・✦

「営業」と聞くと、
ノルマや飛び込みを想像しませんか？

このお仕事にそれはありません。
来店されたお客様への接客が中心です。

＝＝＝＝＝＝＝＝＝＝＝＝＝＝＝
【✧お仕事の内容✧】

■ 買取査定・ご提案
貴金属・ハイブランド・ジュエリーなどの
買取査定とお客様へのご説明・手続き

■ 売上分析
売上データをもとに、売れやすい商品を分析し
次の買取提案に活かします

＝＝＝＝＝＝＝＝＝＝＝＝＝＝＝
【✨休みも充実✨】

✅ 年間休日111日＋有給休暇
実質121日以上の休みが取れます。

✅ 5日以上の連続休暇も取得可能
シフト状況に応じて調整しながら、
無理なく休暇を取得できます。

✅ 慶弔休暇・育児休暇・介護休暇・看護休暇あり
ライフステージに合わせて利用できます。

＝＝＝＝＝＝＝＝＝＝＝＝＝＝＝
【✔給与・待遇✔】

✔ 月給35万円〜（想定年収490万円〜）
✔ 賞与年2回・昇給あり
✔ 社内表彰制度・社員割引・健康診断あり

全国に1700店舗を展開する
リユース企業でのお仕事です。

案件No：1164","《✼この求人の3つのポイント✼》

✅ ① 飛び込み営業はなし
来店されたお客様への接客が中心。
「売る」ためのノルマに追われることはありません。

✅ ② 成果はインセンティブ制度で還元
歩合による成果反映で、未経験からでも
頑張りに応じた収入を目指せます。
賞与は年2回、昇給の機会もあります。

✅ ③ 資格取得サポートや社宅制度も
業務に関わる資格取得を会社がサポート。
社宅・社員寮も完備しています。

＝＝＝＝＝＝＝＝＝＝＝＝＝＝＝
《✼待遇もしっかり✼》

✔ 月給35万円〜（想定年収490万円〜）
✔ 賞与年2回・昇給あり・インセンティブ制度（歩合）あり
✔ 交通費全額支給／社宅・社員寮完備
✔ 社内表彰制度・社員割引・健康診断・ベネフィットワン
✔ 役職手当・慶弔見舞金・資格取得サポート制度
✔ 年間休日111日＋有給休暇（実質121日以上）"
111,1393,株式会社いーふらん,未経験OK｜おたからやの買取スタッフ｜横浜市戸塚区,月給35万円〜◎業界最大手リユース企業のブランド買取スタッフ,"✦・━━━━━━━━━━━━━━━・✦
＼神奈川県横浜市戸塚区で募集中／
全国1700店舗のリユース企業で
未経験から始める買取スタッフ◎
✦・━━━━━━━━━━━━━━━・✦

「買取の知識がなくても大丈夫？」

専門知識は入社後に身につきます。
まずは流れを覚えることから始めましょう。

＝＝＝＝＝＝＝＝＝＝＝＝＝＝＝
【✧買取は、この3ステップ✧】

■ ① 商品の査定
品物を撮影し、専門部署へ写真を送信します。

■ ② 買取のご提案
鑑定結果をもとに、買取内容や手続きをご説明します。

■ ③ 売上の分析
売れやすい商品の傾向を分析し、次の提案に活かします。

＝＝＝＝＝＝＝＝＝＝＝＝＝＝＝
【✨このお仕事の魅力✨】

✅ 専門知識は不要
覚えることは仕事をしながら少しずつ増やしていけます。

✅ 飛び込み営業なし
来店されたお客様への対応が中心。
営業や買取提案そのものに集中できます。

✅ 未経験歓迎
経験の有無を問わず、早期から活躍できる環境です。

＝＝＝＝＝＝＝＝＝＝＝＝＝＝＝
【✧お仕事の内容✧】

■ 買取営業
来店されたお客様への接客・買取査定

■ 取り扱い品目
貴金属・ハイブランド・ジュエリーなど

＝＝＝＝＝＝＝＝＝＝＝＝＝＝＝
【✔働き方✔】

✔ 標準勤務時間：9時〜18時（実働7時間45分／休憩1時間15分）
✔ 平均残業3時間（原則定時退社）
✔ 週休2日制（シフト制）／年間休日111日＋有給休暇
✔ 希望休制度で月2日以上の休暇取得が可能

まずはお気軽にご応募ください。

案件No：1393","《✼この求人の3つのポイント✼》

✅ ① 飛び込み営業はなし
来店されたお客様への接客が中心。
「売る」ためのノルマに追われることはありません。

✅ ② 成果はインセンティブ制度で還元
歩合による成果反映で、未経験からでも
頑張りに応じた収入を目指せます。
賞与は年2回、昇給の機会もあります。

✅ ③ 資格取得サポートや社宅制度も
業務に関わる資格取得を会社がサポート。
社宅・社員寮も完備しています。

＝＝＝＝＝＝＝＝＝＝＝＝＝＝＝
《✼待遇もしっかり✼》

✔ 月給35万円〜（想定年収490万円〜）
✔ 賞与年2回・昇給あり・インセンティブ制度（歩合）あり
✔ 交通費全額支給／社宅・社員寮完備
✔ 社内表彰制度・社員割引・健康診断・ベネフィットワン
✔ 役職手当・慶弔見舞金・資格取得サポート制度
✔ 年間休日111日＋有給休暇（実質121日以上）"
112,718,株式会社いーふらん,未経験OK｜おたからやの買取スタッフ｜横浜市中区,月給35万円〜◎業界最大手リユース企業のブランド買取スタッフ,"✦・━━━━━━━━━━━━━━━・✦
＼神奈川県横浜市中区で募集中／
「おたからや」の店舗で働く
買取営業・買取スタッフ職◎
✦・━━━━━━━━━━━━━━━・✦

貴金属やハイブランド、ジュエリーなど。
モノの価値を見きわめる仕事です。

知識は最初からなくて大丈夫。
仕事を通して少しずつ身についていきます。

＝＝＝＝＝＝＝＝＝＝＝＝＝＝＝
【✧お仕事の内容✧】

■ 買取営業
来店されたお客様の買取査定・ご提案

■ 仕事の流れ
品物の撮影→専門部署へ査定依頼
→鑑定結果をもとに買取のご説明・手続き
→売上データをもとにした商品分析

＝＝＝＝＝＝＝＝＝＝＝＝＝＝＝
【✨働きやすさのポイント✨】

✅ 未経験歓迎
専門知識は不要。入社後に身につけていく仕事です。

✅ 昇給・賞与あり
賞与は年2回、昇給の機会もあります。
成果はインセンティブ（歩合）にも反映されます。

✅ 資格取得サポートあり
業務に関わる資格取得を会社が支援します。

＝＝＝＝＝＝＝＝＝＝＝＝＝＝＝
【✔待遇・働き方✔】

✔ 月給35万円〜（想定年収490万円〜）
✔ 標準勤務時間：9時〜18時（実働7時間45分）
✔ 年間休日111日＋有給休暇（実質121日以上）
✔ 社宅・社員寮完備／交通費全額支給

「モノの価値を見る目」を磨いていきたい方は、
ぜひご応募ください。

案件No：718","《✼この求人の3つのポイント✼》

✅ ① 飛び込み営業はなし
来店されたお客様への接客が中心。
「売る」ためのノルマに追われることはありません。

✅ ② 成果はインセンティブ制度で還元
歩合による成果反映で、未経験からでも
頑張りに応じた収入を目指せます。
賞与は年2回、昇給の機会もあります。

✅ ③ 資格取得サポートや社宅制度も
業務に関わる資格取得を会社がサポート。
社宅・社員寮も完備しています。

＝＝＝＝＝＝＝＝＝＝＝＝＝＝＝
《✼待遇もしっかり✼》

✔ 月給35万円〜（想定年収490万円〜）
✔ 賞与年2回・昇給あり・インセンティブ制度（歩合）あり
✔ 交通費全額支給／社宅・社員寮完備
✔ 社内表彰制度・社員割引・健康診断・ベネフィットワン
✔ 役職手当・慶弔見舞金・資格取得サポート制度
✔ 年間休日111日＋有給休暇（実質121日以上）"
113,972,株式会社いーふらん,未経験OK｜おたからやの買取スタッフ｜横浜市,月給35万円〜◎業界最大手リユース企業のブランド買取スタッフ,"✦・━━━━━━━━━━━━━━━・✦
＼神奈川県横浜市で募集中／
未経験から始められる
ブランド買取スタッフのお仕事◎
✦・━━━━━━━━━━━━━━━・✦

「営業」と聞くと、
ノルマや飛び込みを想像しませんか？

このお仕事にそれはありません。
来店されたお客様への接客が中心です。

＝＝＝＝＝＝＝＝＝＝＝＝＝＝＝
【✧お仕事の内容✧】

■ 買取査定・ご提案
貴金属・ハイブランド・ジュエリーなどの
買取査定とお客様へのご説明・手続き

■ 売上分析
売上データをもとに、売れやすい商品を分析し
次の買取提案に活かします

＝＝＝＝＝＝＝＝＝＝＝＝＝＝＝
【✨休みも充実✨】

✅ 年間休日111日＋有給休暇
実質121日以上の休みが取れます。

✅ 5日以上の連続休暇も取得可能
シフト状況に応じて調整しながら、
無理なく休暇を取得できます。

✅ 慶弔休暇・育児休暇・介護休暇・看護休暇あり
ライフステージに合わせて利用できます。

＝＝＝＝＝＝＝＝＝＝＝＝＝＝＝
【✔給与・待遇✔】

✔ 月給35万円〜（想定年収490万円〜）
✔ 賞与年2回・昇給あり
✔ 社内表彰制度・社員割引・健康診断あり

全国に1700店舗を展開する
リユース企業でのお仕事です。

案件No：972","《✼この求人の3つのポイント✼》

✅ ① 飛び込み営業はなし
来店されたお客様への接客が中心。
「売る」ためのノルマに追われることはありません。

✅ ② 成果はインセンティブ制度で還元
歩合による成果反映で、未経験からでも
頑張りに応じた収入を目指せます。
賞与は年2回、昇給の機会もあります。

✅ ③ 資格取得サポートや社宅制度も
業務に関わる資格取得を会社がサポート。
社宅・社員寮も完備しています。

＝＝＝＝＝＝＝＝＝＝＝＝＝＝＝
《✼待遇もしっかり✼》

✔ 月給35万円〜（想定年収490万円〜）
✔ 賞与年2回・昇給あり・インセンティブ制度（歩合）あり
✔ 交通費全額支給／社宅・社員寮完備
✔ 社内表彰制度・社員割引・健康診断・ベネフィットワン
✔ 役職手当・慶弔見舞金・資格取得サポート制度
✔ 年間休日111日＋有給休暇（実質121日以上）"
114,505,株式会社いーふらん,未経験OK｜おたからやの買取スタッフ｜横浜市青葉区,月給35万円〜◎業界最大手リユース企業のブランド買取スタッフ,"✦・━━━━━━━━━━━━━━━・✦
＼神奈川県横浜市青葉区で募集中／
全国1700店舗のリユース企業で
未経験から始める買取スタッフ◎
✦・━━━━━━━━━━━━━━━・✦

「買取の知識がなくても大丈夫？」

専門知識は入社後に身につきます。
まずは流れを覚えることから始めましょう。

＝＝＝＝＝＝＝＝＝＝＝＝＝＝＝
【✧買取は、この3ステップ✧】

■ ① 商品の査定
品物を撮影し、専門部署へ写真を送信します。

■ ② 買取のご提案
鑑定結果をもとに、買取内容や手続きをご説明します。

■ ③ 売上の分析
売れやすい商品の傾向を分析し、次の提案に活かします。

＝＝＝＝＝＝＝＝＝＝＝＝＝＝＝
【✨このお仕事の魅力✨】

✅ 専門知識は不要
覚えることは仕事をしながら少しずつ増やしていけます。

✅ 飛び込み営業なし
来店されたお客様への対応が中心。
営業や買取提案そのものに集中できます。

✅ 未経験歓迎
経験の有無を問わず、早期から活躍できる環境です。

＝＝＝＝＝＝＝＝＝＝＝＝＝＝＝
【✧お仕事の内容✧】

■ 買取営業
来店されたお客様への接客・買取査定

■ 取り扱い品目
貴金属・ハイブランド・ジュエリーなど

＝＝＝＝＝＝＝＝＝＝＝＝＝＝＝
【✔働き方✔】

✔ 標準勤務時間：9時〜18時（実働7時間45分／休憩1時間15分）
✔ 平均残業3時間（原則定時退社）
✔ 週休2日制（シフト制）／年間休日111日＋有給休暇
✔ 希望休制度で月2日以上の休暇取得が可能

まずはお気軽にご応募ください。

案件No：505","《✼この求人の3つのポイント✼》

✅ ① 飛び込み営業はなし
来店されたお客様への接客が中心。
「売る」ためのノルマに追われることはありません。

✅ ② 成果はインセンティブ制度で還元
歩合による成果反映で、未経験からでも
頑張りに応じた収入を目指せます。
賞与は年2回、昇給の機会もあります。

✅ ③ 資格取得サポートや社宅制度も
業務に関わる資格取得を会社がサポート。
社宅・社員寮も完備しています。

＝＝＝＝＝＝＝＝＝＝＝＝＝＝＝
《✼待遇もしっかり✼》

✔ 月給35万円〜（想定年収490万円〜）
✔ 賞与年2回・昇給あり・インセンティブ制度（歩合）あり
✔ 交通費全額支給／社宅・社員寮完備
✔ 社内表彰制度・社員割引・健康診断・ベネフィットワン
✔ 役職手当・慶弔見舞金・資格取得サポート制度
✔ 年間休日111日＋有給休暇（実質121日以上）"
115,1741,株式会社いーふらん,未経験OK｜おたからやの買取スタッフ｜横浜市青葉区,月給35万円〜◎業界最大手リユース企業のブランド買取スタッフ,"✦・━━━━━━━━━━━━━━━・✦
＼神奈川県横浜市青葉区で募集中／
「おたからや」の店舗で働く
買取営業・買取スタッフ職◎
✦・━━━━━━━━━━━━━━━・✦

貴金属やハイブランド、ジュエリーなど。
モノの価値を見きわめる仕事です。

知識は最初からなくて大丈夫。
仕事を通して少しずつ身についていきます。

＝＝＝＝＝＝＝＝＝＝＝＝＝＝＝
【✧お仕事の内容✧】

■ 買取営業
来店されたお客様の買取査定・ご提案

■ 仕事の流れ
品物の撮影→専門部署へ査定依頼
→鑑定結果をもとに買取のご説明・手続き
→売上データをもとにした商品分析

＝＝＝＝＝＝＝＝＝＝＝＝＝＝＝
【✨働きやすさのポイント✨】

✅ 未経験歓迎
専門知識は不要。入社後に身につけていく仕事です。

✅ 昇給・賞与あり
賞与は年2回、昇給の機会もあります。
成果はインセンティブ（歩合）にも反映されます。

✅ 資格取得サポートあり
業務に関わる資格取得を会社が支援します。

＝＝＝＝＝＝＝＝＝＝＝＝＝＝＝
【✔待遇・働き方✔】

✔ 月給35万円〜（想定年収490万円〜）
✔ 標準勤務時間：9時〜18時（実働7時間45分）
✔ 年間休日111日＋有給休暇（実質121日以上）
✔ 社宅・社員寮完備／交通費全額支給

「モノの価値を見る目」を磨いていきたい方は、
ぜひご応募ください。

案件No：1741","《✼この求人の3つのポイント✼》

✅ ① 飛び込み営業はなし
来店されたお客様への接客が中心。
「売る」ためのノルマに追われることはありません。

✅ ② 成果はインセンティブ制度で還元
歩合による成果反映で、未経験からでも
頑張りに応じた収入を目指せます。
賞与は年2回、昇給の機会もあります。

✅ ③ 資格取得サポートや社宅制度も
業務に関わる資格取得を会社がサポート。
社宅・社員寮も完備しています。

＝＝＝＝＝＝＝＝＝＝＝＝＝＝＝
《✼待遇もしっかり✼》

✔ 月給35万円〜（想定年収490万円〜）
✔ 賞与年2回・昇給あり・インセンティブ制度（歩合）あり
✔ 交通費全額支給／社宅・社員寮完備
✔ 社内表彰制度・社員割引・健康診断・ベネフィットワン
✔ 役職手当・慶弔見舞金・資格取得サポート制度
✔ 年間休日111日＋有給休暇（実質121日以上）"
116,920,株式会社いーふらん,未経験OK｜おたからやの買取スタッフ｜相模原市南区,月給35万円〜◎業界最大手リユース企業のブランド買取スタッフ,"✦・━━━━━━━━━━━━━━━・✦
＼神奈川県相模原市南区で募集中／
未経験から始められる
ブランド買取スタッフのお仕事◎
✦・━━━━━━━━━━━━━━━・✦

「営業」と聞くと、
ノルマや飛び込みを想像しませんか？

このお仕事にそれはありません。
来店されたお客様への接客が中心です。

＝＝＝＝＝＝＝＝＝＝＝＝＝＝＝
【✧お仕事の内容✧】

■ 買取査定・ご提案
貴金属・ハイブランド・ジュエリーなどの
買取査定とお客様へのご説明・手続き

■ 売上分析
売上データをもとに、売れやすい商品を分析し
次の買取提案に活かします

＝＝＝＝＝＝＝＝＝＝＝＝＝＝＝
【✨休みも充実✨】

✅ 年間休日111日＋有給休暇
実質121日以上の休みが取れます。

✅ 5日以上の連続休暇も取得可能
シフト状況に応じて調整しながら、
無理なく休暇を取得できます。

✅ 慶弔休暇・育児休暇・介護休暇・看護休暇あり
ライフステージに合わせて利用できます。

＝＝＝＝＝＝＝＝＝＝＝＝＝＝＝
【✔給与・待遇✔】

✔ 月給35万円〜（想定年収490万円〜）
✔ 賞与年2回・昇給あり
✔ 社内表彰制度・社員割引・健康診断あり

全国に1700店舗を展開する
リユース企業でのお仕事です。

案件No：920","《✼この求人の3つのポイント✼》

✅ ① 飛び込み営業はなし
来店されたお客様への接客が中心。
「売る」ためのノルマに追われることはありません。

✅ ② 成果はインセンティブ制度で還元
歩合による成果反映で、未経験からでも
頑張りに応じた収入を目指せます。
賞与は年2回、昇給の機会もあります。

✅ ③ 資格取得サポートや社宅制度も
業務に関わる資格取得を会社がサポート。
社宅・社員寮も完備しています。

＝＝＝＝＝＝＝＝＝＝＝＝＝＝＝
《✼待遇もしっかり✼》

✔ 月給35万円〜（想定年収490万円〜）
✔ 賞与年2回・昇給あり・インセンティブ制度（歩合）あり
✔ 交通費全額支給／社宅・社員寮完備
✔ 社内表彰制度・社員割引・健康診断・ベネフィットワン
✔ 役職手当・慶弔見舞金・資格取得サポート制度
✔ 年間休日111日＋有給休暇（実質121日以上）"
117,1204,株式会社いーふらん,未経験OK｜おたからやの買取スタッフ｜横浜市瀬谷区,月給35万円〜◎業界最大手リユース企業のブランド買取スタッフ,"✦・━━━━━━━━━━━━━━━・✦
＼神奈川県横浜市瀬谷区で募集中／
全国1700店舗のリユース企業で
未経験から始める買取スタッフ◎
✦・━━━━━━━━━━━━━━━・✦

「買取の知識がなくても大丈夫？」

専門知識は入社後に身につきます。
まずは流れを覚えることから始めましょう。

＝＝＝＝＝＝＝＝＝＝＝＝＝＝＝
【✧買取は、この3ステップ✧】

■ ① 商品の査定
品物を撮影し、専門部署へ写真を送信します。

■ ② 買取のご提案
鑑定結果をもとに、買取内容や手続きをご説明します。

■ ③ 売上の分析
売れやすい商品の傾向を分析し、次の提案に活かします。

＝＝＝＝＝＝＝＝＝＝＝＝＝＝＝
【✨このお仕事の魅力✨】

✅ 専門知識は不要
覚えることは仕事をしながら少しずつ増やしていけます。

✅ 飛び込み営業なし
来店されたお客様への対応が中心。
営業や買取提案そのものに集中できます。

✅ 未経験歓迎
経験の有無を問わず、早期から活躍できる環境です。

＝＝＝＝＝＝＝＝＝＝＝＝＝＝＝
【✧お仕事の内容✧】

■ 買取営業
来店されたお客様への接客・買取査定

■ 取り扱い品目
貴金属・ハイブランド・ジュエリーなど

＝＝＝＝＝＝＝＝＝＝＝＝＝＝＝
【✔働き方✔】

✔ 標準勤務時間：9時〜18時（実働7時間45分／休憩1時間15分）
✔ 平均残業3時間（原則定時退社）
✔ 週休2日制（シフト制）／年間休日111日＋有給休暇
✔ 希望休制度で月2日以上の休暇取得が可能

まずはお気軽にご応募ください。

案件No：1204","《✼この求人の3つのポイント✼》

✅ ① 飛び込み営業はなし
来店されたお客様への接客が中心。
「売る」ためのノルマに追われることはありません。

✅ ② 成果はインセンティブ制度で還元
歩合による成果反映で、未経験からでも
頑張りに応じた収入を目指せます。
賞与は年2回、昇給の機会もあります。

✅ ③ 資格取得サポートや社宅制度も
業務に関わる資格取得を会社がサポート。
社宅・社員寮も完備しています。

＝＝＝＝＝＝＝＝＝＝＝＝＝＝＝
《✼待遇もしっかり✼》

✔ 月給35万円〜（想定年収490万円〜）
✔ 賞与年2回・昇給あり・インセンティブ制度（歩合）あり
✔ 交通費全額支給／社宅・社員寮完備
✔ 社内表彰制度・社員割引・健康診断・ベネフィットワン
✔ 役職手当・慶弔見舞金・資格取得サポート制度
✔ 年間休日111日＋有給休暇（実質121日以上）"
118,1317,株式会社いーふらん,未経験OK｜おたからやの買取スタッフ｜横浜市神奈川区,月給35万円〜◎業界最大手リユース企業のブランド買取スタッフ,"✦・━━━━━━━━━━━━━━━・✦
＼神奈川県横浜市神奈川区で募集中／
「おたからや」の店舗で働く
買取営業・買取スタッフ職◎
✦・━━━━━━━━━━━━━━━・✦

貴金属やハイブランド、ジュエリーなど。
モノの価値を見きわめる仕事です。

知識は最初からなくて大丈夫。
仕事を通して少しずつ身についていきます。

＝＝＝＝＝＝＝＝＝＝＝＝＝＝＝
【✧お仕事の内容✧】

■ 買取営業
来店されたお客様の買取査定・ご提案

■ 仕事の流れ
品物の撮影→専門部署へ査定依頼
→鑑定結果をもとに買取のご説明・手続き
→売上データをもとにした商品分析

＝＝＝＝＝＝＝＝＝＝＝＝＝＝＝
【✨働きやすさのポイント✨】

✅ 未経験歓迎
専門知識は不要。入社後に身につけていく仕事です。

✅ 昇給・賞与あり
賞与は年2回、昇給の機会もあります。
成果はインセンティブ（歩合）にも反映されます。

✅ 資格取得サポートあり
業務に関わる資格取得を会社が支援します。

＝＝＝＝＝＝＝＝＝＝＝＝＝＝＝
【✔待遇・働き方✔】

✔ 月給35万円〜（想定年収490万円〜）
✔ 標準勤務時間：9時〜18時（実働7時間45分）
✔ 年間休日111日＋有給休暇（実質121日以上）
✔ 社宅・社員寮完備／交通費全額支給

「モノの価値を見る目」を磨いていきたい方は、
ぜひご応募ください。

案件No：1317","《✼この求人の3つのポイント✼》

✅ ① 飛び込み営業はなし
来店されたお客様への接客が中心。
「売る」ためのノルマに追われることはありません。

✅ ② 成果はインセンティブ制度で還元
歩合による成果反映で、未経験からでも
頑張りに応じた収入を目指せます。
賞与は年2回、昇給の機会もあります。

✅ ③ 資格取得サポートや社宅制度も
業務に関わる資格取得を会社がサポート。
社宅・社員寮も完備しています。

＝＝＝＝＝＝＝＝＝＝＝＝＝＝＝
《✼待遇もしっかり✼》

✔ 月給35万円〜（想定年収490万円〜）
✔ 賞与年2回・昇給あり・インセンティブ制度（歩合）あり
✔ 交通費全額支給／社宅・社員寮完備
✔ 社内表彰制度・社員割引・健康診断・ベネフィットワン
✔ 役職手当・慶弔見舞金・資格取得サポート制度
✔ 年間休日111日＋有給休暇（実質121日以上）"
119,1854,株式会社いーふらん,未経験OK｜おたからやの買取スタッフ｜横浜市旭区,月給35万円〜◎業界最大手リユース企業のブランド買取スタッフ,"✦・━━━━━━━━━━━━━━━・✦
＼神奈川県横浜市旭区で募集中／
未経験から始められる
ブランド買取スタッフのお仕事◎
✦・━━━━━━━━━━━━━━━・✦

「営業」と聞くと、
ノルマや飛び込みを想像しませんか？

このお仕事にそれはありません。
来店されたお客様への接客が中心です。

＝＝＝＝＝＝＝＝＝＝＝＝＝＝＝
【✧お仕事の内容✧】

■ 買取査定・ご提案
貴金属・ハイブランド・ジュエリーなどの
買取査定とお客様へのご説明・手続き

■ 売上分析
売上データをもとに、売れやすい商品を分析し
次の買取提案に活かします

＝＝＝＝＝＝＝＝＝＝＝＝＝＝＝
【✨休みも充実✨】

✅ 年間休日111日＋有給休暇
実質121日以上の休みが取れます。

✅ 5日以上の連続休暇も取得可能
シフト状況に応じて調整しながら、
無理なく休暇を取得できます。

✅ 慶弔休暇・育児休暇・介護休暇・看護休暇あり
ライフステージに合わせて利用できます。

＝＝＝＝＝＝＝＝＝＝＝＝＝＝＝
【✔給与・待遇✔】

✔ 月給35万円〜（想定年収490万円〜）
✔ 賞与年2回・昇給あり
✔ 社内表彰制度・社員割引・健康診断あり

全国に1700店舗を展開する
リユース企業でのお仕事です。

案件No：1854","《✼この求人の3つのポイント✼》

✅ ① 飛び込み営業はなし
来店されたお客様への接客が中心。
「売る」ためのノルマに追われることはありません。

✅ ② 成果はインセンティブ制度で還元
歩合による成果反映で、未経験からでも
頑張りに応じた収入を目指せます。
賞与は年2回、昇給の機会もあります。

✅ ③ 資格取得サポートや社宅制度も
業務に関わる資格取得を会社がサポート。
社宅・社員寮も完備しています。

＝＝＝＝＝＝＝＝＝＝＝＝＝＝＝
《✼待遇もしっかり✼》

✔ 月給35万円〜（想定年収490万円〜）
✔ 賞与年2回・昇給あり・インセンティブ制度（歩合）あり
✔ 交通費全額支給／社宅・社員寮完備
✔ 社内表彰制度・社員割引・健康診断・ベネフィットワン
✔ 役職手当・慶弔見舞金・資格取得サポート制度
✔ 年間休日111日＋有給休暇（実質121日以上）"
120,1368,株式会社いーふらん,未経験OK｜おたからやの買取スタッフ｜横浜市西区,月給35万円〜◎業界最大手リユース企業のブランド買取スタッフ,"✦・━━━━━━━━━━━━━━━・✦
＼神奈川県横浜市西区で募集中／
全国1700店舗のリユース企業で
未経験から始める買取スタッフ◎
✦・━━━━━━━━━━━━━━━・✦

「買取の知識がなくても大丈夫？」

専門知識は入社後に身につきます。
まずは流れを覚えることから始めましょう。

＝＝＝＝＝＝＝＝＝＝＝＝＝＝＝
【✧買取は、この3ステップ✧】

■ ① 商品の査定
品物を撮影し、専門部署へ写真を送信します。

■ ② 買取のご提案
鑑定結果をもとに、買取内容や手続きをご説明します。

■ ③ 売上の分析
売れやすい商品の傾向を分析し、次の提案に活かします。

＝＝＝＝＝＝＝＝＝＝＝＝＝＝＝
【✨このお仕事の魅力✨】

✅ 専門知識は不要
覚えることは仕事をしながら少しずつ増やしていけます。

✅ 飛び込み営業なし
来店されたお客様への対応が中心。
営業や買取提案そのものに集中できます。

✅ 未経験歓迎
経験の有無を問わず、早期から活躍できる環境です。

＝＝＝＝＝＝＝＝＝＝＝＝＝＝＝
【✧お仕事の内容✧】

■ 買取営業
来店されたお客様への接客・買取査定

■ 取り扱い品目
貴金属・ハイブランド・ジュエリーなど

＝＝＝＝＝＝＝＝＝＝＝＝＝＝＝
【✔働き方✔】

✔ 標準勤務時間：9時〜18時（実働7時間45分／休憩1時間15分）
✔ 平均残業3時間（原則定時退社）
✔ 週休2日制（シフト制）／年間休日111日＋有給休暇
✔ 希望休制度で月2日以上の休暇取得が可能

まずはお気軽にご応募ください。

案件No：1368","《✼この求人の3つのポイント✼》

✅ ① 飛び込み営業はなし
来店されたお客様への接客が中心。
「売る」ためのノルマに追われることはありません。

✅ ② 成果はインセンティブ制度で還元
歩合による成果反映で、未経験からでも
頑張りに応じた収入を目指せます。
賞与は年2回、昇給の機会もあります。

✅ ③ 資格取得サポートや社宅制度も
業務に関わる資格取得を会社がサポート。
社宅・社員寮も完備しています。

＝＝＝＝＝＝＝＝＝＝＝＝＝＝＝
《✼待遇もしっかり✼》

✔ 月給35万円〜（想定年収490万円〜）
✔ 賞与年2回・昇給あり・インセンティブ制度（歩合）あり
✔ 交通費全額支給／社宅・社員寮完備
✔ 社内表彰制度・社員割引・健康診断・ベネフィットワン
✔ 役職手当・慶弔見舞金・資格取得サポート制度
✔ 年間休日111日＋有給休暇（実質121日以上）"
121,2447,株式会社いーふらん,未経験OK｜おたからやの買取スタッフ｜横浜市神奈川区,月給35万円〜◎業界最大手リユース企業のブランド買取スタッフ,"✦・━━━━━━━━━━━━━━━・✦
＼神奈川県横浜市神奈川区で募集中／
「おたからや」の店舗で働く
買取営業・買取スタッフ職◎
✦・━━━━━━━━━━━━━━━・✦

貴金属やハイブランド、ジュエリーなど。
モノの価値を見きわめる仕事です。

知識は最初からなくて大丈夫。
仕事を通して少しずつ身についていきます。

＝＝＝＝＝＝＝＝＝＝＝＝＝＝＝
【✧お仕事の内容✧】

■ 買取営業
来店されたお客様の買取査定・ご提案

■ 仕事の流れ
品物の撮影→専門部署へ査定依頼
→鑑定結果をもとに買取のご説明・手続き
→売上データをもとにした商品分析

＝＝＝＝＝＝＝＝＝＝＝＝＝＝＝
【✨働きやすさのポイント✨】

✅ 未経験歓迎
専門知識は不要。入社後に身につけていく仕事です。

✅ 昇給・賞与あり
賞与は年2回、昇給の機会もあります。
成果はインセンティブ（歩合）にも反映されます。

✅ 資格取得サポートあり
業務に関わる資格取得を会社が支援します。

＝＝＝＝＝＝＝＝＝＝＝＝＝＝＝
【✔待遇・働き方✔】

✔ 月給35万円〜（想定年収490万円〜）
✔ 標準勤務時間：9時〜18時（実働7時間45分）
✔ 年間休日111日＋有給休暇（実質121日以上）
✔ 社宅・社員寮完備／交通費全額支給

「モノの価値を見る目」を磨いていきたい方は、
ぜひご応募ください。

案件No：2447","《✼この求人の3つのポイント✼》

✅ ① 飛び込み営業はなし
来店されたお客様への接客が中心。
「売る」ためのノルマに追われることはありません。

✅ ② 成果はインセンティブ制度で還元
歩合による成果反映で、未経験からでも
頑張りに応じた収入を目指せます。
賞与は年2回、昇給の機会もあります。

✅ ③ 資格取得サポートや社宅制度も
業務に関わる資格取得を会社がサポート。
社宅・社員寮も完備しています。

＝＝＝＝＝＝＝＝＝＝＝＝＝＝＝
《✼待遇もしっかり✼》

✔ 月給35万円〜（想定年収490万円〜）
✔ 賞与年2回・昇給あり・インセンティブ制度（歩合）あり
✔ 交通費全額支給／社宅・社員寮完備
✔ 社内表彰制度・社員割引・健康診断・ベネフィットワン
✔ 役職手当・慶弔見舞金・資格取得サポート制度
✔ 年間休日111日＋有給休暇（実質121日以上）"
122,785,株式会社いーふらん,未経験OK｜おたからやの買取スタッフ｜国分寺市,月給35万円〜◎業界最大手リユース企業のブランド買取スタッフ,"✦・━━━━━━━━━━━━━━━・✦
＼東京都国分寺市で募集中／
未経験から始められる
ブランド買取スタッフのお仕事◎
✦・━━━━━━━━━━━━━━━・✦

「営業」と聞くと、
ノルマや飛び込みを想像しませんか？

このお仕事にそれはありません。
来店されたお客様への接客が中心です。

＝＝＝＝＝＝＝＝＝＝＝＝＝＝＝
【✧お仕事の内容✧】

■ 買取査定・ご提案
貴金属・ハイブランド・ジュエリーなどの
買取査定とお客様へのご説明・手続き

■ 売上分析
売上データをもとに、売れやすい商品を分析し
次の買取提案に活かします

＝＝＝＝＝＝＝＝＝＝＝＝＝＝＝
【✨休みも充実✨】

✅ 年間休日111日＋有給休暇
実質121日以上の休みが取れます。

✅ 5日以上の連続休暇も取得可能
シフト状況に応じて調整しながら、
無理なく休暇を取得できます。

✅ 慶弔休暇・育児休暇・介護休暇・看護休暇あり
ライフステージに合わせて利用できます。

＝＝＝＝＝＝＝＝＝＝＝＝＝＝＝
【✔給与・待遇✔】

✔ 月給35万円〜（想定年収490万円〜）
✔ 賞与年2回・昇給あり
✔ 社内表彰制度・社員割引・健康診断あり

全国に1700店舗を展開する
リユース企業でのお仕事です。

案件No：785","《✼この求人の3つのポイント✼》

✅ ① 飛び込み営業はなし
来店されたお客様への接客が中心。
「売る」ためのノルマに追われることはありません。

✅ ② 成果はインセンティブ制度で還元
歩合による成果反映で、未経験からでも
頑張りに応じた収入を目指せます。
賞与は年2回、昇給の機会もあります。

✅ ③ 資格取得サポートや社宅制度も
業務に関わる資格取得を会社がサポート。
社宅・社員寮も完備しています。

＝＝＝＝＝＝＝＝＝＝＝＝＝＝＝
《✼待遇もしっかり✼》

✔ 月給35万円〜（想定年収490万円〜）
✔ 賞与年2回・昇給あり・インセンティブ制度（歩合）あり
✔ 交通費全額支給／社宅・社員寮完備
✔ 社内表彰制度・社員割引・健康診断・ベネフィットワン
✔ 役職手当・慶弔見舞金・資格取得サポート制度
✔ 年間休日111日＋有給休暇（実質121日以上）"
123,2146,株式会社いーふらん,未経験OK｜おたからやの買取スタッフ｜杉並区,月給35万円〜◎業界最大手リユース企業のブランド買取スタッフ,"✦・━━━━━━━━━━━━━━━・✦
＼東京都杉並区で募集中／
全国1700店舗のリユース企業で
未経験から始める買取スタッフ◎
✦・━━━━━━━━━━━━━━━・✦

「買取の知識がなくても大丈夫？」

専門知識は入社後に身につきます。
まずは流れを覚えることから始めましょう。

＝＝＝＝＝＝＝＝＝＝＝＝＝＝＝
【✧買取は、この3ステップ✧】

■ ① 商品の査定
品物を撮影し、専門部署へ写真を送信します。

■ ② 買取のご提案
鑑定結果をもとに、買取内容や手続きをご説明します。

■ ③ 売上の分析
売れやすい商品の傾向を分析し、次の提案に活かします。

＝＝＝＝＝＝＝＝＝＝＝＝＝＝＝
【✨このお仕事の魅力✨】

✅ 専門知識は不要
覚えることは仕事をしながら少しずつ増やしていけます。

✅ 飛び込み営業なし
来店されたお客様への対応が中心。
営業や買取提案そのものに集中できます。

✅ 未経験歓迎
経験の有無を問わず、早期から活躍できる環境です。

＝＝＝＝＝＝＝＝＝＝＝＝＝＝＝
【✧お仕事の内容✧】

■ 買取営業
来店されたお客様への接客・買取査定

■ 取り扱い品目
貴金属・ハイブランド・ジュエリーなど

＝＝＝＝＝＝＝＝＝＝＝＝＝＝＝
【✔働き方✔】

✔ 標準勤務時間：9時〜18時（実働7時間45分／休憩1時間15分）
✔ 平均残業3時間（原則定時退社）
✔ 週休2日制（シフト制）／年間休日111日＋有給休暇
✔ 希望休制度で月2日以上の休暇取得が可能

まずはお気軽にご応募ください。

案件No：2146","《✼この求人の3つのポイント✼》

✅ ① 飛び込み営業はなし
来店されたお客様への接客が中心。
「売る」ためのノルマに追われることはありません。

✅ ② 成果はインセンティブ制度で還元
歩合による成果反映で、未経験からでも
頑張りに応じた収入を目指せます。
賞与は年2回、昇給の機会もあります。

✅ ③ 資格取得サポートや社宅制度も
業務に関わる資格取得を会社がサポート。
社宅・社員寮も完備しています。

＝＝＝＝＝＝＝＝＝＝＝＝＝＝＝
《✼待遇もしっかり✼》

✔ 月給35万円〜（想定年収490万円〜）
✔ 賞与年2回・昇給あり・インセンティブ制度（歩合）あり
✔ 交通費全額支給／社宅・社員寮完備
✔ 社内表彰制度・社員割引・健康診断・ベネフィットワン
✔ 役職手当・慶弔見舞金・資格取得サポート制度
✔ 年間休日111日＋有給休暇（実質121日以上）"
124,2042,株式会社いーふらん,未経験OK｜おたからやの買取スタッフ｜国立市,月給35万円〜◎業界最大手リユース企業のブランド買取スタッフ,"✦・━━━━━━━━━━━━━━━・✦
＼東京都国立市で募集中／
「おたからや」の店舗で働く
買取営業・買取スタッフ職◎
✦・━━━━━━━━━━━━━━━・✦

貴金属やハイブランド、ジュエリーなど。
モノの価値を見きわめる仕事です。

知識は最初からなくて大丈夫。
仕事を通して少しずつ身についていきます。

＝＝＝＝＝＝＝＝＝＝＝＝＝＝＝
【✧お仕事の内容✧】

■ 買取営業
来店されたお客様の買取査定・ご提案

■ 仕事の流れ
品物の撮影→専門部署へ査定依頼
→鑑定結果をもとに買取のご説明・手続き
→売上データをもとにした商品分析

＝＝＝＝＝＝＝＝＝＝＝＝＝＝＝
【✨働きやすさのポイント✨】

✅ 未経験歓迎
専門知識は不要。入社後に身につけていく仕事です。

✅ 昇給・賞与あり
賞与は年2回、昇給の機会もあります。
成果はインセンティブ（歩合）にも反映されます。

✅ 資格取得サポートあり
業務に関わる資格取得を会社が支援します。

＝＝＝＝＝＝＝＝＝＝＝＝＝＝＝
【✔待遇・働き方✔】

✔ 月給35万円〜（想定年収490万円〜）
✔ 標準勤務時間：9時〜18時（実働7時間45分）
✔ 年間休日111日＋有給休暇（実質121日以上）
✔ 社宅・社員寮完備／交通費全額支給

「モノの価値を見る目」を磨いていきたい方は、
ぜひご応募ください。

案件No：2042","《✼この求人の3つのポイント✼》

✅ ① 飛び込み営業はなし
来店されたお客様への接客が中心。
「売る」ためのノルマに追われることはありません。

✅ ② 成果はインセンティブ制度で還元
歩合による成果反映で、未経験からでも
頑張りに応じた収入を目指せます。
賞与は年2回、昇給の機会もあります。

✅ ③ 資格取得サポートや社宅制度も
業務に関わる資格取得を会社がサポート。
社宅・社員寮も完備しています。

＝＝＝＝＝＝＝＝＝＝＝＝＝＝＝
《✼待遇もしっかり✼》

✔ 月給35万円〜（想定年収490万円〜）
✔ 賞与年2回・昇給あり・インセンティブ制度（歩合）あり
✔ 交通費全額支給／社宅・社員寮完備
✔ 社内表彰制度・社員割引・健康診断・ベネフィットワン
✔ 役職手当・慶弔見舞金・資格取得サポート制度
✔ 年間休日111日＋有給休暇（実質121日以上）"
125,2214,株式会社いーふらん,未経験OK｜おたからやの買取スタッフ｜渋谷区,月給35万円〜◎業界最大手リユース企業のブランド買取スタッフ,"✦・━━━━━━━━━━━━━━━・✦
＼東京都渋谷区で募集中／
未経験から始められる
ブランド買取スタッフのお仕事◎
✦・━━━━━━━━━━━━━━━・✦

「営業」と聞くと、
ノルマや飛び込みを想像しませんか？

このお仕事にそれはありません。
来店されたお客様への接客が中心です。

＝＝＝＝＝＝＝＝＝＝＝＝＝＝＝
【✧お仕事の内容✧】

■ 買取査定・ご提案
貴金属・ハイブランド・ジュエリーなどの
買取査定とお客様へのご説明・手続き

■ 売上分析
売上データをもとに、売れやすい商品を分析し
次の買取提案に活かします

＝＝＝＝＝＝＝＝＝＝＝＝＝＝＝
【✨休みも充実✨】

✅ 年間休日111日＋有給休暇
実質121日以上の休みが取れます。

✅ 5日以上の連続休暇も取得可能
シフト状況に応じて調整しながら、
無理なく休暇を取得できます。

✅ 慶弔休暇・育児休暇・介護休暇・看護休暇あり
ライフステージに合わせて利用できます。

＝＝＝＝＝＝＝＝＝＝＝＝＝＝＝
【✔給与・待遇✔】

✔ 月給35万円〜（想定年収490万円〜）
✔ 賞与年2回・昇給あり
✔ 社内表彰制度・社員割引・健康診断あり

全国に1700店舗を展開する
リユース企業でのお仕事です。

案件No：2214","《✼この求人の3つのポイント✼》

✅ ① 飛び込み営業はなし
来店されたお客様への接客が中心。
「売る」ためのノルマに追われることはありません。

✅ ② 成果はインセンティブ制度で還元
歩合による成果反映で、未経験からでも
頑張りに応じた収入を目指せます。
賞与は年2回、昇給の機会もあります。

✅ ③ 資格取得サポートや社宅制度も
業務に関わる資格取得を会社がサポート。
社宅・社員寮も完備しています。

＝＝＝＝＝＝＝＝＝＝＝＝＝＝＝
《✼待遇もしっかり✼》

✔ 月給35万円〜（想定年収490万円〜）
✔ 賞与年2回・昇給あり・インセンティブ制度（歩合）あり
✔ 交通費全額支給／社宅・社員寮完備
✔ 社内表彰制度・社員割引・健康診断・ベネフィットワン
✔ 役職手当・慶弔見舞金・資格取得サポート制度
✔ 年間休日111日＋有給休暇（実質121日以上）"
126,131,株式会社いーふらん,未経験OK｜おたからやの買取スタッフ｜立川市,月給35万円〜◎業界最大手リユース企業のブランド買取スタッフ,"✦・━━━━━━━━━━━━━━━・✦
＼東京都立川市で募集中／
全国1700店舗のリユース企業で
未経験から始める買取スタッフ◎
✦・━━━━━━━━━━━━━━━・✦

「買取の知識がなくても大丈夫？」

専門知識は入社後に身につきます。
まずは流れを覚えることから始めましょう。

＝＝＝＝＝＝＝＝＝＝＝＝＝＝＝
【✧買取は、この3ステップ✧】

■ ① 商品の査定
品物を撮影し、専門部署へ写真を送信します。

■ ② 買取のご提案
鑑定結果をもとに、買取内容や手続きをご説明します。

■ ③ 売上の分析
売れやすい商品の傾向を分析し、次の提案に活かします。

＝＝＝＝＝＝＝＝＝＝＝＝＝＝＝
【✨このお仕事の魅力✨】

✅ 専門知識は不要
覚えることは仕事をしながら少しずつ増やしていけます。

✅ 飛び込み営業なし
来店されたお客様への対応が中心。
営業や買取提案そのものに集中できます。

✅ 未経験歓迎
経験の有無を問わず、早期から活躍できる環境です。

＝＝＝＝＝＝＝＝＝＝＝＝＝＝＝
【✧お仕事の内容✧】

■ 買取営業
来店されたお客様への接客・買取査定

■ 取り扱い品目
貴金属・ハイブランド・ジュエリーなど

＝＝＝＝＝＝＝＝＝＝＝＝＝＝＝
【✔働き方✔】

✔ 標準勤務時間：9時〜18時（実働7時間45分／休憩1時間15分）
✔ 平均残業3時間（原則定時退社）
✔ 週休2日制（シフト制）／年間休日111日＋有給休暇
✔ 希望休制度で月2日以上の休暇取得が可能

まずはお気軽にご応募ください。

案件No：131","《✼この求人の3つのポイント✼》

✅ ① 飛び込み営業はなし
来店されたお客様への接客が中心。
「売る」ためのノルマに追われることはありません。

✅ ② 成果はインセンティブ制度で還元
歩合による成果反映で、未経験からでも
頑張りに応じた収入を目指せます。
賞与は年2回、昇給の機会もあります。

✅ ③ 資格取得サポートや社宅制度も
業務に関わる資格取得を会社がサポート。
社宅・社員寮も完備しています。

＝＝＝＝＝＝＝＝＝＝＝＝＝＝＝
《✼待遇もしっかり✼》

✔ 月給35万円〜（想定年収490万円〜）
✔ 賞与年2回・昇給あり・インセンティブ制度（歩合）あり
✔ 交通費全額支給／社宅・社員寮完備
✔ 社内表彰制度・社員割引・健康診断・ベネフィットワン
✔ 役職手当・慶弔見舞金・資格取得サポート制度
✔ 年間休日111日＋有給休暇（実質121日以上）"
127,2149,株式会社いーふらん,未経験OK｜おたからやの買取スタッフ｜西東京市,月給35万円〜◎業界最大手リユース企業のブランド買取スタッフ,"✦・━━━━━━━━━━━━━━━・✦
＼東京都西東京市で募集中／
「おたからや」の店舗で働く
買取営業・買取スタッフ職◎
✦・━━━━━━━━━━━━━━━・✦

貴金属やハイブランド、ジュエリーなど。
モノの価値を見きわめる仕事です。

知識は最初からなくて大丈夫。
仕事を通して少しずつ身についていきます。

＝＝＝＝＝＝＝＝＝＝＝＝＝＝＝
【✧お仕事の内容✧】

■ 買取営業
来店されたお客様の買取査定・ご提案

■ 仕事の流れ
品物の撮影→専門部署へ査定依頼
→鑑定結果をもとに買取のご説明・手続き
→売上データをもとにした商品分析

＝＝＝＝＝＝＝＝＝＝＝＝＝＝＝
【✨働きやすさのポイント✨】

✅ 未経験歓迎
専門知識は不要。入社後に身につけていく仕事です。

✅ 昇給・賞与あり
賞与は年2回、昇給の機会もあります。
成果はインセンティブ（歩合）にも反映されます。

✅ 資格取得サポートあり
業務に関わる資格取得を会社が支援します。

＝＝＝＝＝＝＝＝＝＝＝＝＝＝＝
【✔待遇・働き方✔】

✔ 月給35万円〜（想定年収490万円〜）
✔ 標準勤務時間：9時〜18時（実働7時間45分）
✔ 年間休日111日＋有給休暇（実質121日以上）
✔ 社宅・社員寮完備／交通費全額支給

「モノの価値を見る目」を磨いていきたい方は、
ぜひご応募ください。

案件No：2149","《✼この求人の3つのポイント✼》

✅ ① 飛び込み営業はなし
来店されたお客様への接客が中心。
「売る」ためのノルマに追われることはありません。

✅ ② 成果はインセンティブ制度で還元
歩合による成果反映で、未経験からでも
頑張りに応じた収入を目指せます。
賞与は年2回、昇給の機会もあります。

✅ ③ 資格取得サポートや社宅制度も
業務に関わる資格取得を会社がサポート。
社宅・社員寮も完備しています。

＝＝＝＝＝＝＝＝＝＝＝＝＝＝＝
《✼待遇もしっかり✼》

✔ 月給35万円〜（想定年収490万円〜）
✔ 賞与年2回・昇給あり・インセンティブ制度（歩合）あり
✔ 交通費全額支給／社宅・社員寮完備
✔ 社内表彰制度・社員割引・健康診断・ベネフィットワン
✔ 役職手当・慶弔見舞金・資格取得サポート制度
✔ 年間休日111日＋有給休暇（実質121日以上）"
128,2070,株式会社いーふらん,未経験OK｜おたからやの買取スタッフ｜杉並区,月給35万円〜◎業界最大手リユース企業のブランド買取スタッフ,"✦・━━━━━━━━━━━━━━━・✦
＼東京都杉並区で募集中／
未経験から始められる
ブランド買取スタッフのお仕事◎
✦・━━━━━━━━━━━━━━━・✦

「営業」と聞くと、
ノルマや飛び込みを想像しませんか？

このお仕事にそれはありません。
来店されたお客様への接客が中心です。

＝＝＝＝＝＝＝＝＝＝＝＝＝＝＝
【✧お仕事の内容✧】

■ 買取査定・ご提案
貴金属・ハイブランド・ジュエリーなどの
買取査定とお客様へのご説明・手続き

■ 売上分析
売上データをもとに、売れやすい商品を分析し
次の買取提案に活かします

＝＝＝＝＝＝＝＝＝＝＝＝＝＝＝
【✨休みも充実✨】

✅ 年間休日111日＋有給休暇
実質121日以上の休みが取れます。

✅ 5日以上の連続休暇も取得可能
シフト状況に応じて調整しながら、
無理なく休暇を取得できます。

✅ 慶弔休暇・育児休暇・介護休暇・看護休暇あり
ライフステージに合わせて利用できます。

＝＝＝＝＝＝＝＝＝＝＝＝＝＝＝
【✔給与・待遇✔】

✔ 月給35万円〜（想定年収490万円〜）
✔ 賞与年2回・昇給あり
✔ 社内表彰制度・社員割引・健康診断あり

全国に1700店舗を展開する
リユース企業でのお仕事です。

案件No：2070","《✼この求人の3つのポイント✼》

✅ ① 飛び込み営業はなし
来店されたお客様への接客が中心。
「売る」ためのノルマに追われることはありません。

✅ ② 成果はインセンティブ制度で還元
歩合による成果反映で、未経験からでも
頑張りに応じた収入を目指せます。
賞与は年2回、昇給の機会もあります。

✅ ③ 資格取得サポートや社宅制度も
業務に関わる資格取得を会社がサポート。
社宅・社員寮も完備しています。

＝＝＝＝＝＝＝＝＝＝＝＝＝＝＝
《✼待遇もしっかり✼》

✔ 月給35万円〜（想定年収490万円〜）
✔ 賞与年2回・昇給あり・インセンティブ制度（歩合）あり
✔ 交通費全額支給／社宅・社員寮完備
✔ 社内表彰制度・社員割引・健康診断・ベネフィットワン
✔ 役職手当・慶弔見舞金・資格取得サポート制度
✔ 年間休日111日＋有給休暇（実質121日以上）"
129,443,株式会社いーふらん,未経験OK｜おたからやの買取スタッフ｜小平市,月給35万円〜◎業界最大手リユース企業のブランド買取スタッフ,"✦・━━━━━━━━━━━━━━━・✦
＼東京都小平市で募集中／
全国1700店舗のリユース企業で
未経験から始める買取スタッフ◎
✦・━━━━━━━━━━━━━━━・✦

「買取の知識がなくても大丈夫？」

専門知識は入社後に身につきます。
まずは流れを覚えることから始めましょう。

＝＝＝＝＝＝＝＝＝＝＝＝＝＝＝
【✧買取は、この3ステップ✧】

■ ① 商品の査定
品物を撮影し、専門部署へ写真を送信します。

■ ② 買取のご提案
鑑定結果をもとに、買取内容や手続きをご説明します。

■ ③ 売上の分析
売れやすい商品の傾向を分析し、次の提案に活かします。

＝＝＝＝＝＝＝＝＝＝＝＝＝＝＝
【✨このお仕事の魅力✨】

✅ 専門知識は不要
覚えることは仕事をしながら少しずつ増やしていけます。

✅ 飛び込み営業なし
来店されたお客様への対応が中心。
営業や買取提案そのものに集中できます。

✅ 未経験歓迎
経験の有無を問わず、早期から活躍できる環境です。

＝＝＝＝＝＝＝＝＝＝＝＝＝＝＝
【✧お仕事の内容✧】

■ 買取営業
来店されたお客様への接客・買取査定

■ 取り扱い品目
貴金属・ハイブランド・ジュエリーなど

＝＝＝＝＝＝＝＝＝＝＝＝＝＝＝
【✔働き方✔】

✔ 標準勤務時間：9時〜18時（実働7時間45分／休憩1時間15分）
✔ 平均残業3時間（原則定時退社）
✔ 週休2日制（シフト制）／年間休日111日＋有給休暇
✔ 希望休制度で月2日以上の休暇取得が可能

まずはお気軽にご応募ください。

案件No：443","《✼この求人の3つのポイント✼》

✅ ① 飛び込み営業はなし
来店されたお客様への接客が中心。
「売る」ためのノルマに追われることはありません。

✅ ② 成果はインセンティブ制度で還元
歩合による成果反映で、未経験からでも
頑張りに応じた収入を目指せます。
賞与は年2回、昇給の機会もあります。

✅ ③ 資格取得サポートや社宅制度も
業務に関わる資格取得を会社がサポート。
社宅・社員寮も完備しています。

＝＝＝＝＝＝＝＝＝＝＝＝＝＝＝
《✼待遇もしっかり✼》

✔ 月給35万円〜（想定年収490万円〜）
✔ 賞与年2回・昇給あり・インセンティブ制度（歩合）あり
✔ 交通費全額支給／社宅・社員寮完備
✔ 社内表彰制度・社員割引・健康診断・ベネフィットワン
✔ 役職手当・慶弔見舞金・資格取得サポート制度
✔ 年間休日111日＋有給休暇（実質121日以上）"
130,2024,株式会社いーふらん,未経験OK｜おたからやの買取スタッフ｜三鷹市,月給35万円〜◎業界最大手リユース企業のブランド買取スタッフ,"✦・━━━━━━━━━━━━━━━・✦
＼東京都三鷹市で募集中／
「おたからや」の店舗で働く
買取営業・買取スタッフ職◎
✦・━━━━━━━━━━━━━━━・✦

貴金属やハイブランド、ジュエリーなど。
モノの価値を見きわめる仕事です。

知識は最初からなくて大丈夫。
仕事を通して少しずつ身についていきます。

＝＝＝＝＝＝＝＝＝＝＝＝＝＝＝
【✧お仕事の内容✧】

■ 買取営業
来店されたお客様の買取査定・ご提案

■ 仕事の流れ
品物の撮影→専門部署へ査定依頼
→鑑定結果をもとに買取のご説明・手続き
→売上データをもとにした商品分析

＝＝＝＝＝＝＝＝＝＝＝＝＝＝＝
【✨働きやすさのポイント✨】

✅ 未経験歓迎
専門知識は不要。入社後に身につけていく仕事です。

✅ 昇給・賞与あり
賞与は年2回、昇給の機会もあります。
成果はインセンティブ（歩合）にも反映されます。

✅ 資格取得サポートあり
業務に関わる資格取得を会社が支援します。

＝＝＝＝＝＝＝＝＝＝＝＝＝＝＝
【✔待遇・働き方✔】

✔ 月給35万円〜（想定年収490万円〜）
✔ 標準勤務時間：9時〜18時（実働7時間45分）
✔ 年間休日111日＋有給休暇（実質121日以上）
✔ 社宅・社員寮完備／交通費全額支給

「モノの価値を見る目」を磨いていきたい方は、
ぜひご応募ください。

案件No：2024","《✼この求人の3つのポイント✼》

✅ ① 飛び込み営業はなし
来店されたお客様への接客が中心。
「売る」ためのノルマに追われることはありません。

✅ ② 成果はインセンティブ制度で還元
歩合による成果反映で、未経験からでも
頑張りに応じた収入を目指せます。
賞与は年2回、昇給の機会もあります。

✅ ③ 資格取得サポートや社宅制度も
業務に関わる資格取得を会社がサポート。
社宅・社員寮も完備しています。

＝＝＝＝＝＝＝＝＝＝＝＝＝＝＝
《✼待遇もしっかり✼》

✔ 月給35万円〜（想定年収490万円〜）
✔ 賞与年2回・昇給あり・インセンティブ制度（歩合）あり
✔ 交通費全額支給／社宅・社員寮完備
✔ 社内表彰制度・社員割引・健康診断・ベネフィットワン
✔ 役職手当・慶弔見舞金・資格取得サポート制度
✔ 年間休日111日＋有給休暇（実質121日以上）"
131,1667,株式会社いーふらん,未経験OK｜おたからやの買取スタッフ｜小平市,月給35万円〜◎業界最大手リユース企業のブランド買取スタッフ,"✦・━━━━━━━━━━━━━━━・✦
＼東京都小平市で募集中／
未経験から始められる
ブランド買取スタッフのお仕事◎
✦・━━━━━━━━━━━━━━━・✦

「営業」と聞くと、
ノルマや飛び込みを想像しませんか？

このお仕事にそれはありません。
来店されたお客様への接客が中心です。

＝＝＝＝＝＝＝＝＝＝＝＝＝＝＝
【✧お仕事の内容✧】

■ 買取査定・ご提案
貴金属・ハイブランド・ジュエリーなどの
買取査定とお客様へのご説明・手続き

■ 売上分析
売上データをもとに、売れやすい商品を分析し
次の買取提案に活かします

＝＝＝＝＝＝＝＝＝＝＝＝＝＝＝
【✨休みも充実✨】

✅ 年間休日111日＋有給休暇
実質121日以上の休みが取れます。

✅ 5日以上の連続休暇も取得可能
シフト状況に応じて調整しながら、
無理なく休暇を取得できます。

✅ 慶弔休暇・育児休暇・介護休暇・看護休暇あり
ライフステージに合わせて利用できます。

＝＝＝＝＝＝＝＝＝＝＝＝＝＝＝
【✔給与・待遇✔】

✔ 月給35万円〜（想定年収490万円〜）
✔ 賞与年2回・昇給あり
✔ 社内表彰制度・社員割引・健康診断あり

全国に1700店舗を展開する
リユース企業でのお仕事です。

案件No：1667","《✼この求人の3つのポイント✼》

✅ ① 飛び込み営業はなし
来店されたお客様への接客が中心。
「売る」ためのノルマに追われることはありません。

✅ ② 成果はインセンティブ制度で還元
歩合による成果反映で、未経験からでも
頑張りに応じた収入を目指せます。
賞与は年2回、昇給の機会もあります。

✅ ③ 資格取得サポートや社宅制度も
業務に関わる資格取得を会社がサポート。
社宅・社員寮も完備しています。

＝＝＝＝＝＝＝＝＝＝＝＝＝＝＝
《✼待遇もしっかり✼》

✔ 月給35万円〜（想定年収490万円〜）
✔ 賞与年2回・昇給あり・インセンティブ制度（歩合）あり
✔ 交通費全額支給／社宅・社員寮完備
✔ 社内表彰制度・社員割引・健康診断・ベネフィットワン
✔ 役職手当・慶弔見舞金・資格取得サポート制度
✔ 年間休日111日＋有給休暇（実質121日以上）"
132,2771,株式会社いーふらん,未経験OK｜おたからやの買取スタッフ｜西東京市,月給35万円〜◎業界最大手リユース企業のブランド買取スタッフ,"✦・━━━━━━━━━━━━━━━・✦
＼東京都西東京市で募集中／
全国1700店舗のリユース企業で
未経験から始める買取スタッフ◎
✦・━━━━━━━━━━━━━━━・✦

「買取の知識がなくても大丈夫？」

専門知識は入社後に身につきます。
まずは流れを覚えることから始めましょう。

＝＝＝＝＝＝＝＝＝＝＝＝＝＝＝
【✧買取は、この3ステップ✧】

■ ① 商品の査定
品物を撮影し、専門部署へ写真を送信します。

■ ② 買取のご提案
鑑定結果をもとに、買取内容や手続きをご説明します。

■ ③ 売上の分析
売れやすい商品の傾向を分析し、次の提案に活かします。

＝＝＝＝＝＝＝＝＝＝＝＝＝＝＝
【✨このお仕事の魅力✨】

✅ 専門知識は不要
覚えることは仕事をしながら少しずつ増やしていけます。

✅ 飛び込み営業なし
来店されたお客様への対応が中心。
営業や買取提案そのものに集中できます。

✅ 未経験歓迎
経験の有無を問わず、早期から活躍できる環境です。

＝＝＝＝＝＝＝＝＝＝＝＝＝＝＝
【✧お仕事の内容✧】

■ 買取営業
来店されたお客様への接客・買取査定

■ 取り扱い品目
貴金属・ハイブランド・ジュエリーなど

＝＝＝＝＝＝＝＝＝＝＝＝＝＝＝
【✔働き方✔】

✔ 標準勤務時間：9時〜18時（実働7時間45分／休憩1時間15分）
✔ 平均残業3時間（原則定時退社）
✔ 週休2日制（シフト制）／年間休日111日＋有給休暇
✔ 希望休制度で月2日以上の休暇取得が可能

まずはお気軽にご応募ください。

案件No：2771","《✼この求人の3つのポイント✼》

✅ ① 飛び込み営業はなし
来店されたお客様への接客が中心。
「売る」ためのノルマに追われることはありません。

✅ ② 成果はインセンティブ制度で還元
歩合による成果反映で、未経験からでも
頑張りに応じた収入を目指せます。
賞与は年2回、昇給の機会もあります。

✅ ③ 資格取得サポートや社宅制度も
業務に関わる資格取得を会社がサポート。
社宅・社員寮も完備しています。

＝＝＝＝＝＝＝＝＝＝＝＝＝＝＝
《✼待遇もしっかり✼》

✔ 月給35万円〜（想定年収490万円〜）
✔ 賞与年2回・昇給あり・インセンティブ制度（歩合）あり
✔ 交通費全額支給／社宅・社員寮完備
✔ 社内表彰制度・社員割引・健康診断・ベネフィットワン
✔ 役職手当・慶弔見舞金・資格取得サポート制度
✔ 年間休日111日＋有給休暇（実質121日以上）"
133,1214,株式会社いーふらん,未経験OK｜おたからやの買取スタッフ｜日野市,月給35万円〜◎業界最大手リユース企業のブランド買取スタッフ,"✦・━━━━━━━━━━━━━━━・✦
＼東京都日野市で募集中／
「おたからや」の店舗で働く
買取営業・買取スタッフ職◎
✦・━━━━━━━━━━━━━━━・✦

貴金属やハイブランド、ジュエリーなど。
モノの価値を見きわめる仕事です。

知識は最初からなくて大丈夫。
仕事を通して少しずつ身についていきます。

＝＝＝＝＝＝＝＝＝＝＝＝＝＝＝
【✧お仕事の内容✧】

■ 買取営業
来店されたお客様の買取査定・ご提案

■ 仕事の流れ
品物の撮影→専門部署へ査定依頼
→鑑定結果をもとに買取のご説明・手続き
→売上データをもとにした商品分析

＝＝＝＝＝＝＝＝＝＝＝＝＝＝＝
【✨働きやすさのポイント✨】

✅ 未経験歓迎
専門知識は不要。入社後に身につけていく仕事です。

✅ 昇給・賞与あり
賞与は年2回、昇給の機会もあります。
成果はインセンティブ（歩合）にも反映されます。

✅ 資格取得サポートあり
業務に関わる資格取得を会社が支援します。

＝＝＝＝＝＝＝＝＝＝＝＝＝＝＝
【✔待遇・働き方✔】

✔ 月給35万円〜（想定年収490万円〜）
✔ 標準勤務時間：9時〜18時（実働7時間45分）
✔ 年間休日111日＋有給休暇（実質121日以上）
✔ 社宅・社員寮完備／交通費全額支給

「モノの価値を見る目」を磨いていきたい方は、
ぜひご応募ください。

案件No：1214","《✼この求人の3つのポイント✼》

✅ ① 飛び込み営業はなし
来店されたお客様への接客が中心。
「売る」ためのノルマに追われることはありません。

✅ ② 成果はインセンティブ制度で還元
歩合による成果反映で、未経験からでも
頑張りに応じた収入を目指せます。
賞与は年2回、昇給の機会もあります。

✅ ③ 資格取得サポートや社宅制度も
業務に関わる資格取得を会社がサポート。
社宅・社員寮も完備しています。

＝＝＝＝＝＝＝＝＝＝＝＝＝＝＝
《✼待遇もしっかり✼》

✔ 月給35万円〜（想定年収490万円〜）
✔ 賞与年2回・昇給あり・インセンティブ制度（歩合）あり
✔ 交通費全額支給／社宅・社員寮完備
✔ 社内表彰制度・社員割引・健康診断・ベネフィットワン
✔ 役職手当・慶弔見舞金・資格取得サポート制度
✔ 年間休日111日＋有給休暇（実質121日以上）"
134,1942,株式会社いーふらん,未経験OK｜おたからやの買取スタッフ｜多摩市,月給35万円〜◎業界最大手リユース企業のブランド買取スタッフ,"✦・━━━━━━━━━━━━━━━・✦
＼東京都多摩市で募集中／
未経験から始められる
ブランド買取スタッフのお仕事◎
✦・━━━━━━━━━━━━━━━・✦

「営業」と聞くと、
ノルマや飛び込みを想像しませんか？

このお仕事にそれはありません。
来店されたお客様への接客が中心です。

＝＝＝＝＝＝＝＝＝＝＝＝＝＝＝
【✧お仕事の内容✧】

■ 買取査定・ご提案
貴金属・ハイブランド・ジュエリーなどの
買取査定とお客様へのご説明・手続き

■ 売上分析
売上データをもとに、売れやすい商品を分析し
次の買取提案に活かします

＝＝＝＝＝＝＝＝＝＝＝＝＝＝＝
【✨休みも充実✨】

✅ 年間休日111日＋有給休暇
実質121日以上の休みが取れます。

✅ 5日以上の連続休暇も取得可能
シフト状況に応じて調整しながら、
無理なく休暇を取得できます。

✅ 慶弔休暇・育児休暇・介護休暇・看護休暇あり
ライフステージに合わせて利用できます。

＝＝＝＝＝＝＝＝＝＝＝＝＝＝＝
【✔給与・待遇✔】

✔ 月給35万円〜（想定年収490万円〜）
✔ 賞与年2回・昇給あり
✔ 社内表彰制度・社員割引・健康診断あり

全国に1700店舗を展開する
リユース企業でのお仕事です。

案件No：1942","《✼この求人の3つのポイント✼》

✅ ① 飛び込み営業はなし
来店されたお客様への接客が中心。
「売る」ためのノルマに追われることはありません。

✅ ② 成果はインセンティブ制度で還元
歩合による成果反映で、未経験からでも
頑張りに応じた収入を目指せます。
賞与は年2回、昇給の機会もあります。

✅ ③ 資格取得サポートや社宅制度も
業務に関わる資格取得を会社がサポート。
社宅・社員寮も完備しています。

＝＝＝＝＝＝＝＝＝＝＝＝＝＝＝
《✼待遇もしっかり✼》

✔ 月給35万円〜（想定年収490万円〜）
✔ 賞与年2回・昇給あり・インセンティブ制度（歩合）あり
✔ 交通費全額支給／社宅・社員寮完備
✔ 社内表彰制度・社員割引・健康診断・ベネフィットワン
✔ 役職手当・慶弔見舞金・資格取得サポート制度
✔ 年間休日111日＋有給休暇（実質121日以上）"
135,1425,株式会社いーふらん,未経験OK｜おたからやの買取スタッフ｜八王子市,月給35万円〜◎業界最大手リユース企業のブランド買取スタッフ,"✦・━━━━━━━━━━━━━━━・✦
＼東京都八王子市で募集中／
全国1700店舗のリユース企業で
未経験から始める買取スタッフ◎
✦・━━━━━━━━━━━━━━━・✦

「買取の知識がなくても大丈夫？」

専門知識は入社後に身につきます。
まずは流れを覚えることから始めましょう。

＝＝＝＝＝＝＝＝＝＝＝＝＝＝＝
【✧買取は、この3ステップ✧】

■ ① 商品の査定
品物を撮影し、専門部署へ写真を送信します。

■ ② 買取のご提案
鑑定結果をもとに、買取内容や手続きをご説明します。

■ ③ 売上の分析
売れやすい商品の傾向を分析し、次の提案に活かします。

＝＝＝＝＝＝＝＝＝＝＝＝＝＝＝
【✨このお仕事の魅力✨】

✅ 専門知識は不要
覚えることは仕事をしながら少しずつ増やしていけます。

✅ 飛び込み営業なし
来店されたお客様への対応が中心。
営業や買取提案そのものに集中できます。

✅ 未経験歓迎
経験の有無を問わず、早期から活躍できる環境です。

＝＝＝＝＝＝＝＝＝＝＝＝＝＝＝
【✧お仕事の内容✧】

■ 買取営業
来店されたお客様への接客・買取査定

■ 取り扱い品目
貴金属・ハイブランド・ジュエリーなど

＝＝＝＝＝＝＝＝＝＝＝＝＝＝＝
【✔働き方✔】

✔ 標準勤務時間：9時〜18時（実働7時間45分／休憩1時間15分）
✔ 平均残業3時間（原則定時退社）
✔ 週休2日制（シフト制）／年間休日111日＋有給休暇
✔ 希望休制度で月2日以上の休暇取得が可能

まずはお気軽にご応募ください。

案件No：1425","《✼この求人の3つのポイント✼》

✅ ① 飛び込み営業はなし
来店されたお客様への接客が中心。
「売る」ためのノルマに追われることはありません。

✅ ② 成果はインセンティブ制度で還元
歩合による成果反映で、未経験からでも
頑張りに応じた収入を目指せます。
賞与は年2回、昇給の機会もあります。

✅ ③ 資格取得サポートや社宅制度も
業務に関わる資格取得を会社がサポート。
社宅・社員寮も完備しています。

＝＝＝＝＝＝＝＝＝＝＝＝＝＝＝
《✼待遇もしっかり✼》

✔ 月給35万円〜（想定年収490万円〜）
✔ 賞与年2回・昇給あり・インセンティブ制度（歩合）あり
✔ 交通費全額支給／社宅・社員寮完備
✔ 社内表彰制度・社員割引・健康診断・ベネフィットワン
✔ 役職手当・慶弔見舞金・資格取得サポート制度
✔ 年間休日111日＋有給休暇（実質121日以上）"
136,1888,株式会社いーふらん,未経験OK｜おたからやの買取スタッフ｜小金井市,月給35万円〜◎業界最大手リユース企業のブランド買取スタッフ,"✦・━━━━━━━━━━━━━━━・✦
＼東京都小金井市で募集中／
「おたからや」の店舗で働く
買取営業・買取スタッフ職◎
✦・━━━━━━━━━━━━━━━・✦

貴金属やハイブランド、ジュエリーなど。
モノの価値を見きわめる仕事です。

知識は最初からなくて大丈夫。
仕事を通して少しずつ身についていきます。

＝＝＝＝＝＝＝＝＝＝＝＝＝＝＝
【✧お仕事の内容✧】

■ 買取営業
来店されたお客様の買取査定・ご提案

■ 仕事の流れ
品物の撮影→専門部署へ査定依頼
→鑑定結果をもとに買取のご説明・手続き
→売上データをもとにした商品分析

＝＝＝＝＝＝＝＝＝＝＝＝＝＝＝
【✨働きやすさのポイント✨】

✅ 未経験歓迎
専門知識は不要。入社後に身につけていく仕事です。

✅ 昇給・賞与あり
賞与は年2回、昇給の機会もあります。
成果はインセンティブ（歩合）にも反映されます。

✅ 資格取得サポートあり
業務に関わる資格取得を会社が支援します。

＝＝＝＝＝＝＝＝＝＝＝＝＝＝＝
【✔待遇・働き方✔】

✔ 月給35万円〜（想定年収490万円〜）
✔ 標準勤務時間：9時〜18時（実働7時間45分）
✔ 年間休日111日＋有給休暇（実質121日以上）
✔ 社宅・社員寮完備／交通費全額支給

「モノの価値を見る目」を磨いていきたい方は、
ぜひご応募ください。

案件No：1888","《✼この求人の3つのポイント✼》

✅ ① 飛び込み営業はなし
来店されたお客様への接客が中心。
「売る」ためのノルマに追われることはありません。

✅ ② 成果はインセンティブ制度で還元
歩合による成果反映で、未経験からでも
頑張りに応じた収入を目指せます。
賞与は年2回、昇給の機会もあります。

✅ ③ 資格取得サポートや社宅制度も
業務に関わる資格取得を会社がサポート。
社宅・社員寮も完備しています。

＝＝＝＝＝＝＝＝＝＝＝＝＝＝＝
《✼待遇もしっかり✼》

✔ 月給35万円〜（想定年収490万円〜）
✔ 賞与年2回・昇給あり・インセンティブ制度（歩合）あり
✔ 交通費全額支給／社宅・社員寮完備
✔ 社内表彰制度・社員割引・健康診断・ベネフィットワン
✔ 役職手当・慶弔見舞金・資格取得サポート制度
✔ 年間休日111日＋有給休暇（実質121日以上）"
137,1740,株式会社いーふらん,未経験OK｜おたからやの買取スタッフ｜武蔵野市,月給35万円〜◎業界最大手リユース企業のブランド買取スタッフ,"✦・━━━━━━━━━━━━━━━・✦
＼東京都武蔵野市で募集中／
未経験から始められる
ブランド買取スタッフのお仕事◎
✦・━━━━━━━━━━━━━━━・✦

「営業」と聞くと、
ノルマや飛び込みを想像しませんか？

このお仕事にそれはありません。
来店されたお客様への接客が中心です。

＝＝＝＝＝＝＝＝＝＝＝＝＝＝＝
【✧お仕事の内容✧】

■ 買取査定・ご提案
貴金属・ハイブランド・ジュエリーなどの
買取査定とお客様へのご説明・手続き

■ 売上分析
売上データをもとに、売れやすい商品を分析し
次の買取提案に活かします

＝＝＝＝＝＝＝＝＝＝＝＝＝＝＝
【✨休みも充実✨】

✅ 年間休日111日＋有給休暇
実質121日以上の休みが取れます。

✅ 5日以上の連続休暇も取得可能
シフト状況に応じて調整しながら、
無理なく休暇を取得できます。

✅ 慶弔休暇・育児休暇・介護休暇・看護休暇あり
ライフステージに合わせて利用できます。

＝＝＝＝＝＝＝＝＝＝＝＝＝＝＝
【✔給与・待遇✔】

✔ 月給35万円〜（想定年収490万円〜）
✔ 賞与年2回・昇給あり
✔ 社内表彰制度・社員割引・健康診断あり

全国に1700店舗を展開する
リユース企業でのお仕事です。

案件No：1740","《✼この求人の3つのポイント✼》

✅ ① 飛び込み営業はなし
来店されたお客様への接客が中心。
「売る」ためのノルマに追われることはありません。

✅ ② 成果はインセンティブ制度で還元
歩合による成果反映で、未経験からでも
頑張りに応じた収入を目指せます。
賞与は年2回、昇給の機会もあります。

✅ ③ 資格取得サポートや社宅制度も
業務に関わる資格取得を会社がサポート。
社宅・社員寮も完備しています。

＝＝＝＝＝＝＝＝＝＝＝＝＝＝＝
《✼待遇もしっかり✼》

✔ 月給35万円〜（想定年収490万円〜）
✔ 賞与年2回・昇給あり・インセンティブ制度（歩合）あり
✔ 交通費全額支給／社宅・社員寮完備
✔ 社内表彰制度・社員割引・健康診断・ベネフィットワン
✔ 役職手当・慶弔見舞金・資格取得サポート制度
✔ 年間休日111日＋有給休暇（実質121日以上）"
138,161,株式会社いーふらん,未経験OK｜おたからやの買取スタッフ｜武蔵野市,月給35万円〜◎業界最大手リユース企業のブランド買取スタッフ,"✦・━━━━━━━━━━━━━━━・✦
＼東京都武蔵野市で募集中／
全国1700店舗のリユース企業で
未経験から始める買取スタッフ◎
✦・━━━━━━━━━━━━━━━・✦

「買取の知識がなくても大丈夫？」

専門知識は入社後に身につきます。
まずは流れを覚えることから始めましょう。

＝＝＝＝＝＝＝＝＝＝＝＝＝＝＝
【✧買取は、この3ステップ✧】

■ ① 商品の査定
品物を撮影し、専門部署へ写真を送信します。

■ ② 買取のご提案
鑑定結果をもとに、買取内容や手続きをご説明します。

■ ③ 売上の分析
売れやすい商品の傾向を分析し、次の提案に活かします。

＝＝＝＝＝＝＝＝＝＝＝＝＝＝＝
【✨このお仕事の魅力✨】

✅ 専門知識は不要
覚えることは仕事をしながら少しずつ増やしていけます。

✅ 飛び込み営業なし
来店されたお客様への対応が中心。
営業や買取提案そのものに集中できます。

✅ 未経験歓迎
経験の有無を問わず、早期から活躍できる環境です。

＝＝＝＝＝＝＝＝＝＝＝＝＝＝＝
【✧お仕事の内容✧】

■ 買取営業
来店されたお客様への接客・買取査定

■ 取り扱い品目
貴金属・ハイブランド・ジュエリーなど

＝＝＝＝＝＝＝＝＝＝＝＝＝＝＝
【✔働き方✔】

✔ 標準勤務時間：9時〜18時（実働7時間45分／休憩1時間15分）
✔ 平均残業3時間（原則定時退社）
✔ 週休2日制（シフト制）／年間休日111日＋有給休暇
✔ 希望休制度で月2日以上の休暇取得が可能

まずはお気軽にご応募ください。

案件No：161","《✼この求人の3つのポイント✼》

✅ ① 飛び込み営業はなし
来店されたお客様への接客が中心。
「売る」ためのノルマに追われることはありません。

✅ ② 成果はインセンティブ制度で還元
歩合による成果反映で、未経験からでも
頑張りに応じた収入を目指せます。
賞与は年2回、昇給の機会もあります。

✅ ③ 資格取得サポートや社宅制度も
業務に関わる資格取得を会社がサポート。
社宅・社員寮も完備しています。

＝＝＝＝＝＝＝＝＝＝＝＝＝＝＝
《✼待遇もしっかり✼》

✔ 月給35万円〜（想定年収490万円〜）
✔ 賞与年2回・昇給あり・インセンティブ制度（歩合）あり
✔ 交通費全額支給／社宅・社員寮完備
✔ 社内表彰制度・社員割引・健康診断・ベネフィットワン
✔ 役職手当・慶弔見舞金・資格取得サポート制度
✔ 年間休日111日＋有給休暇（実質121日以上）"
139,1240,株式会社いーふらん,未経験OK｜おたからやの買取スタッフ｜杉並区,月給35万円〜◎業界最大手リユース企業のブランド買取スタッフ,"✦・━━━━━━━━━━━━━━━・✦
＼東京都杉並区で募集中／
「おたからや」の店舗で働く
買取営業・買取スタッフ職◎
✦・━━━━━━━━━━━━━━━・✦

貴金属やハイブランド、ジュエリーなど。
モノの価値を見きわめる仕事です。

知識は最初からなくて大丈夫。
仕事を通して少しずつ身についていきます。

＝＝＝＝＝＝＝＝＝＝＝＝＝＝＝
【✧お仕事の内容✧】

■ 買取営業
来店されたお客様の買取査定・ご提案

■ 仕事の流れ
品物の撮影→専門部署へ査定依頼
→鑑定結果をもとに買取のご説明・手続き
→売上データをもとにした商品分析

＝＝＝＝＝＝＝＝＝＝＝＝＝＝＝
【✨働きやすさのポイント✨】

✅ 未経験歓迎
専門知識は不要。入社後に身につけていく仕事です。

✅ 昇給・賞与あり
賞与は年2回、昇給の機会もあります。
成果はインセンティブ（歩合）にも反映されます。

✅ 資格取得サポートあり
業務に関わる資格取得を会社が支援します。

＝＝＝＝＝＝＝＝＝＝＝＝＝＝＝
【✔待遇・働き方✔】

✔ 月給35万円〜（想定年収490万円〜）
✔ 標準勤務時間：9時〜18時（実働7時間45分）
✔ 年間休日111日＋有給休暇（実質121日以上）
✔ 社宅・社員寮完備／交通費全額支給

「モノの価値を見る目」を磨いていきたい方は、
ぜひご応募ください。

案件No：1240","《✼この求人の3つのポイント✼》

✅ ① 飛び込み営業はなし
来店されたお客様への接客が中心。
「売る」ためのノルマに追われることはありません。

✅ ② 成果はインセンティブ制度で還元
歩合による成果反映で、未経験からでも
頑張りに応じた収入を目指せます。
賞与は年2回、昇給の機会もあります。

✅ ③ 資格取得サポートや社宅制度も
業務に関わる資格取得を会社がサポート。
社宅・社員寮も完備しています。

＝＝＝＝＝＝＝＝＝＝＝＝＝＝＝
《✼待遇もしっかり✼》

✔ 月給35万円〜（想定年収490万円〜）
✔ 賞与年2回・昇給あり・インセンティブ制度（歩合）あり
✔ 交通費全額支給／社宅・社員寮完備
✔ 社内表彰制度・社員割引・健康診断・ベネフィットワン
✔ 役職手当・慶弔見舞金・資格取得サポート制度
✔ 年間休日111日＋有給休暇（実質121日以上）"
140,2368,株式会社いーふらん,未経験OK｜おたからやの買取スタッフ｜渋谷区,月給35万円〜◎業界最大手リユース企業のブランド買取スタッフ,"✦・━━━━━━━━━━━━━━━・✦
＼東京都渋谷区で募集中／
未経験から始められる
ブランド買取スタッフのお仕事◎
✦・━━━━━━━━━━━━━━━・✦

「営業」と聞くと、
ノルマや飛び込みを想像しませんか？

このお仕事にそれはありません。
来店されたお客様への接客が中心です。

＝＝＝＝＝＝＝＝＝＝＝＝＝＝＝
【✧お仕事の内容✧】

■ 買取査定・ご提案
貴金属・ハイブランド・ジュエリーなどの
買取査定とお客様へのご説明・手続き

■ 売上分析
売上データをもとに、売れやすい商品を分析し
次の買取提案に活かします

＝＝＝＝＝＝＝＝＝＝＝＝＝＝＝
【✨休みも充実✨】

✅ 年間休日111日＋有給休暇
実質121日以上の休みが取れます。

✅ 5日以上の連続休暇も取得可能
シフト状況に応じて調整しながら、
無理なく休暇を取得できます。

✅ 慶弔休暇・育児休暇・介護休暇・看護休暇あり
ライフステージに合わせて利用できます。

＝＝＝＝＝＝＝＝＝＝＝＝＝＝＝
【✔給与・待遇✔】

✔ 月給35万円〜（想定年収490万円〜）
✔ 賞与年2回・昇給あり
✔ 社内表彰制度・社員割引・健康診断あり

全国に1700店舗を展開する
リユース企業でのお仕事です。

案件No：2368","《✼この求人の3つのポイント✼》

✅ ① 飛び込み営業はなし
来店されたお客様への接客が中心。
「売る」ためのノルマに追われることはありません。

✅ ② 成果はインセンティブ制度で還元
歩合による成果反映で、未経験からでも
頑張りに応じた収入を目指せます。
賞与は年2回、昇給の機会もあります。

✅ ③ 資格取得サポートや社宅制度も
業務に関わる資格取得を会社がサポート。
社宅・社員寮も完備しています。

＝＝＝＝＝＝＝＝＝＝＝＝＝＝＝
《✼待遇もしっかり✼》

✔ 月給35万円〜（想定年収490万円〜）
✔ 賞与年2回・昇給あり・インセンティブ制度（歩合）あり
✔ 交通費全額支給／社宅・社員寮完備
✔ 社内表彰制度・社員割引・健康診断・ベネフィットワン
✔ 役職手当・慶弔見舞金・資格取得サポート制度
✔ 年間休日111日＋有給休暇（実質121日以上）"
141,1982,株式会社いーふらん,未経験OK｜おたからやの買取スタッフ｜杉並区,月給35万円〜◎業界最大手リユース企業のブランド買取スタッフ,"✦・━━━━━━━━━━━━━━━・✦
＼東京都杉並区で募集中／
全国1700店舗のリユース企業で
未経験から始める買取スタッフ◎
✦・━━━━━━━━━━━━━━━・✦

「買取の知識がなくても大丈夫？」

専門知識は入社後に身につきます。
まずは流れを覚えることから始めましょう。

＝＝＝＝＝＝＝＝＝＝＝＝＝＝＝
【✧買取は、この3ステップ✧】

■ ① 商品の査定
品物を撮影し、専門部署へ写真を送信します。

■ ② 買取のご提案
鑑定結果をもとに、買取内容や手続きをご説明します。

■ ③ 売上の分析
売れやすい商品の傾向を分析し、次の提案に活かします。

＝＝＝＝＝＝＝＝＝＝＝＝＝＝＝
【✨このお仕事の魅力✨】

✅ 専門知識は不要
覚えることは仕事をしながら少しずつ増やしていけます。

✅ 飛び込み営業なし
来店されたお客様への対応が中心。
営業や買取提案そのものに集中できます。

✅ 未経験歓迎
経験の有無を問わず、早期から活躍できる環境です。

＝＝＝＝＝＝＝＝＝＝＝＝＝＝＝
【✧お仕事の内容✧】

■ 買取営業
来店されたお客様への接客・買取査定

■ 取り扱い品目
貴金属・ハイブランド・ジュエリーなど

＝＝＝＝＝＝＝＝＝＝＝＝＝＝＝
【✔働き方✔】

✔ 標準勤務時間：9時〜18時（実働7時間45分／休憩1時間15分）
✔ 平均残業3時間（原則定時退社）
✔ 週休2日制（シフト制）／年間休日111日＋有給休暇
✔ 希望休制度で月2日以上の休暇取得が可能

まずはお気軽にご応募ください。

案件No：1982","《✼この求人の3つのポイント✼》

✅ ① 飛び込み営業はなし
来店されたお客様への接客が中心。
「売る」ためのノルマに追われることはありません。

✅ ② 成果はインセンティブ制度で還元
歩合による成果反映で、未経験からでも
頑張りに応じた収入を目指せます。
賞与は年2回、昇給の機会もあります。

✅ ③ 資格取得サポートや社宅制度も
業務に関わる資格取得を会社がサポート。
社宅・社員寮も完備しています。

＝＝＝＝＝＝＝＝＝＝＝＝＝＝＝
《✼待遇もしっかり✼》

✔ 月給35万円〜（想定年収490万円〜）
✔ 賞与年2回・昇給あり・インセンティブ制度（歩合）あり
✔ 交通費全額支給／社宅・社員寮完備
✔ 社内表彰制度・社員割引・健康診断・ベネフィットワン
✔ 役職手当・慶弔見舞金・資格取得サポート制度
✔ 年間休日111日＋有給休暇（実質121日以上）"
142,2223,株式会社いーふらん,未経験OK｜おたからやの買取スタッフ｜北区,月給35万円〜◎業界最大手リユース企業のブランド買取スタッフ,"✦・━━━━━━━━━━━━━━━・✦
＼東京都北区で募集中／
「おたからや」の店舗で働く
買取営業・買取スタッフ職◎
✦・━━━━━━━━━━━━━━━・✦

貴金属やハイブランド、ジュエリーなど。
モノの価値を見きわめる仕事です。

知識は最初からなくて大丈夫。
仕事を通して少しずつ身についていきます。

＝＝＝＝＝＝＝＝＝＝＝＝＝＝＝
【✧お仕事の内容✧】

■ 買取営業
来店されたお客様の買取査定・ご提案

■ 仕事の流れ
品物の撮影→専門部署へ査定依頼
→鑑定結果をもとに買取のご説明・手続き
→売上データをもとにした商品分析

＝＝＝＝＝＝＝＝＝＝＝＝＝＝＝
【✨働きやすさのポイント✨】

✅ 未経験歓迎
専門知識は不要。入社後に身につけていく仕事です。

✅ 昇給・賞与あり
賞与は年2回、昇給の機会もあります。
成果はインセンティブ（歩合）にも反映されます。

✅ 資格取得サポートあり
業務に関わる資格取得を会社が支援します。

＝＝＝＝＝＝＝＝＝＝＝＝＝＝＝
【✔待遇・働き方✔】

✔ 月給35万円〜（想定年収490万円〜）
✔ 標準勤務時間：9時〜18時（実働7時間45分）
✔ 年間休日111日＋有給休暇（実質121日以上）
✔ 社宅・社員寮完備／交通費全額支給

「モノの価値を見る目」を磨いていきたい方は、
ぜひご応募ください。

案件No：2223","《✼この求人の3つのポイント✼》

✅ ① 飛び込み営業はなし
来店されたお客様への接客が中心。
「売る」ためのノルマに追われることはありません。

✅ ② 成果はインセンティブ制度で還元
歩合による成果反映で、未経験からでも
頑張りに応じた収入を目指せます。
賞与は年2回、昇給の機会もあります。

✅ ③ 資格取得サポートや社宅制度も
業務に関わる資格取得を会社がサポート。
社宅・社員寮も完備しています。

＝＝＝＝＝＝＝＝＝＝＝＝＝＝＝
《✼待遇もしっかり✼》

✔ 月給35万円〜（想定年収490万円〜）
✔ 賞与年2回・昇給あり・インセンティブ制度（歩合）あり
✔ 交通費全額支給／社宅・社員寮完備
✔ 社内表彰制度・社員割引・健康診断・ベネフィットワン
✔ 役職手当・慶弔見舞金・資格取得サポート制度
✔ 年間休日111日＋有給休暇（実質121日以上）"
143,1100,株式会社いーふらん,未経験OK｜おたからやの買取スタッフ｜調布市,月給35万円〜◎業界最大手リユース企業のブランド買取スタッフ,"✦・━━━━━━━━━━━━━━━・✦
＼東京都調布市で募集中／
未経験から始められる
ブランド買取スタッフのお仕事◎
✦・━━━━━━━━━━━━━━━・✦

「営業」と聞くと、
ノルマや飛び込みを想像しませんか？

このお仕事にそれはありません。
来店されたお客様への接客が中心です。

＝＝＝＝＝＝＝＝＝＝＝＝＝＝＝
【✧お仕事の内容✧】

■ 買取査定・ご提案
貴金属・ハイブランド・ジュエリーなどの
買取査定とお客様へのご説明・手続き

■ 売上分析
売上データをもとに、売れやすい商品を分析し
次の買取提案に活かします

＝＝＝＝＝＝＝＝＝＝＝＝＝＝＝
【✨休みも充実✨】

✅ 年間休日111日＋有給休暇
実質121日以上の休みが取れます。

✅ 5日以上の連続休暇も取得可能
シフト状況に応じて調整しながら、
無理なく休暇を取得できます。

✅ 慶弔休暇・育児休暇・介護休暇・看護休暇あり
ライフステージに合わせて利用できます。

＝＝＝＝＝＝＝＝＝＝＝＝＝＝＝
【✔給与・待遇✔】

✔ 月給35万円〜（想定年収490万円〜）
✔ 賞与年2回・昇給あり
✔ 社内表彰制度・社員割引・健康診断あり

全国に1700店舗を展開する
リユース企業でのお仕事です。

案件No：1100","《✼この求人の3つのポイント✼》

✅ ① 飛び込み営業はなし
来店されたお客様への接客が中心。
「売る」ためのノルマに追われることはありません。

✅ ② 成果はインセンティブ制度で還元
歩合による成果反映で、未経験からでも
頑張りに応じた収入を目指せます。
賞与は年2回、昇給の機会もあります。

✅ ③ 資格取得サポートや社宅制度も
業務に関わる資格取得を会社がサポート。
社宅・社員寮も完備しています。

＝＝＝＝＝＝＝＝＝＝＝＝＝＝＝
《✼待遇もしっかり✼》

✔ 月給35万円〜（想定年収490万円〜）
✔ 賞与年2回・昇給あり・インセンティブ制度（歩合）あり
✔ 交通費全額支給／社宅・社員寮完備
✔ 社内表彰制度・社員割引・健康診断・ベネフィットワン
✔ 役職手当・慶弔見舞金・資格取得サポート制度
✔ 年間休日111日＋有給休暇（実質121日以上）"
144,1187,株式会社いーふらん,未経験OK｜おたからやの買取スタッフ｜中央区,月給35万円〜◎業界最大手リユース企業のブランド買取スタッフ,"✦・━━━━━━━━━━━━━━━・✦
＼東京都中央区で募集中／
全国1700店舗のリユース企業で
未経験から始める買取スタッフ◎
✦・━━━━━━━━━━━━━━━・✦

「買取の知識がなくても大丈夫？」

専門知識は入社後に身につきます。
まずは流れを覚えることから始めましょう。

＝＝＝＝＝＝＝＝＝＝＝＝＝＝＝
【✧買取は、この3ステップ✧】

■ ① 商品の査定
品物を撮影し、専門部署へ写真を送信します。

■ ② 買取のご提案
鑑定結果をもとに、買取内容や手続きをご説明します。

■ ③ 売上の分析
売れやすい商品の傾向を分析し、次の提案に活かします。

＝＝＝＝＝＝＝＝＝＝＝＝＝＝＝
【✨このお仕事の魅力✨】

✅ 専門知識は不要
覚えることは仕事をしながら少しずつ増やしていけます。

✅ 飛び込み営業なし
来店されたお客様への対応が中心。
営業や買取提案そのものに集中できます。

✅ 未経験歓迎
経験の有無を問わず、早期から活躍できる環境です。

＝＝＝＝＝＝＝＝＝＝＝＝＝＝＝
【✧お仕事の内容✧】

■ 買取営業
来店されたお客様への接客・買取査定

■ 取り扱い品目
貴金属・ハイブランド・ジュエリーなど

＝＝＝＝＝＝＝＝＝＝＝＝＝＝＝
【✔働き方✔】

✔ 標準勤務時間：9時〜18時（実働7時間45分／休憩1時間15分）
✔ 平均残業3時間（原則定時退社）
✔ 週休2日制（シフト制）／年間休日111日＋有給休暇
✔ 希望休制度で月2日以上の休暇取得が可能

まずはお気軽にご応募ください。

案件No：1187","《✼この求人の3つのポイント✼》

✅ ① 飛び込み営業はなし
来店されたお客様への接客が中心。
「売る」ためのノルマに追われることはありません。

✅ ② 成果はインセンティブ制度で還元
歩合による成果反映で、未経験からでも
頑張りに応じた収入を目指せます。
賞与は年2回、昇給の機会もあります。

✅ ③ 資格取得サポートや社宅制度も
業務に関わる資格取得を会社がサポート。
社宅・社員寮も完備しています。

＝＝＝＝＝＝＝＝＝＝＝＝＝＝＝
《✼待遇もしっかり✼》

✔ 月給35万円〜（想定年収490万円〜）
✔ 賞与年2回・昇給あり・インセンティブ制度（歩合）あり
✔ 交通費全額支給／社宅・社員寮完備
✔ 社内表彰制度・社員割引・健康診断・ベネフィットワン
✔ 役職手当・慶弔見舞金・資格取得サポート制度
✔ 年間休日111日＋有給休暇（実質121日以上）"
145,2347,株式会社いーふらん,未経験OK｜おたからやの買取スタッフ｜墨田区,月給35万円〜◎業界最大手リユース企業のブランド買取スタッフ,"✦・━━━━━━━━━━━━━━━・✦
＼東京都墨田区で募集中／
「おたからや」の店舗で働く
買取営業・買取スタッフ職◎
✦・━━━━━━━━━━━━━━━・✦

貴金属やハイブランド、ジュエリーなど。
モノの価値を見きわめる仕事です。

知識は最初からなくて大丈夫。
仕事を通して少しずつ身についていきます。

＝＝＝＝＝＝＝＝＝＝＝＝＝＝＝
【✧お仕事の内容✧】

■ 買取営業
来店されたお客様の買取査定・ご提案

■ 仕事の流れ
品物の撮影→専門部署へ査定依頼
→鑑定結果をもとに買取のご説明・手続き
→売上データをもとにした商品分析

＝＝＝＝＝＝＝＝＝＝＝＝＝＝＝
【✨働きやすさのポイント✨】

✅ 未経験歓迎
専門知識は不要。入社後に身につけていく仕事です。

✅ 昇給・賞与あり
賞与は年2回、昇給の機会もあります。
成果はインセンティブ（歩合）にも反映されます。

✅ 資格取得サポートあり
業務に関わる資格取得を会社が支援します。

＝＝＝＝＝＝＝＝＝＝＝＝＝＝＝
【✔待遇・働き方✔】

✔ 月給35万円〜（想定年収490万円〜）
✔ 標準勤務時間：9時〜18時（実働7時間45分）
✔ 年間休日111日＋有給休暇（実質121日以上）
✔ 社宅・社員寮完備／交通費全額支給

「モノの価値を見る目」を磨いていきたい方は、
ぜひご応募ください。

案件No：2347","《✼この求人の3つのポイント✼》

✅ ① 飛び込み営業はなし
来店されたお客様への接客が中心。
「売る」ためのノルマに追われることはありません。

✅ ② 成果はインセンティブ制度で還元
歩合による成果反映で、未経験からでも
頑張りに応じた収入を目指せます。
賞与は年2回、昇給の機会もあります。

✅ ③ 資格取得サポートや社宅制度も
業務に関わる資格取得を会社がサポート。
社宅・社員寮も完備しています。

＝＝＝＝＝＝＝＝＝＝＝＝＝＝＝
《✼待遇もしっかり✼》

✔ 月給35万円〜（想定年収490万円〜）
✔ 賞与年2回・昇給あり・インセンティブ制度（歩合）あり
✔ 交通費全額支給／社宅・社員寮完備
✔ 社内表彰制度・社員割引・健康診断・ベネフィットワン
✔ 役職手当・慶弔見舞金・資格取得サポート制度
✔ 年間休日111日＋有給休暇（実質121日以上）"
146,151,株式会社いーふらん,未経験OK｜おたからやの買取スタッフ｜北区,月給35万円〜◎業界最大手リユース企業のブランド買取スタッフ,"✦・━━━━━━━━━━━━━━━・✦
＼東京都北区で募集中／
未経験から始められる
ブランド買取スタッフのお仕事◎
✦・━━━━━━━━━━━━━━━・✦

「営業」と聞くと、
ノルマや飛び込みを想像しませんか？

このお仕事にそれはありません。
来店されたお客様への接客が中心です。

＝＝＝＝＝＝＝＝＝＝＝＝＝＝＝
【✧お仕事の内容✧】

■ 買取査定・ご提案
貴金属・ハイブランド・ジュエリーなどの
買取査定とお客様へのご説明・手続き

■ 売上分析
売上データをもとに、売れやすい商品を分析し
次の買取提案に活かします

＝＝＝＝＝＝＝＝＝＝＝＝＝＝＝
【✨休みも充実✨】

✅ 年間休日111日＋有給休暇
実質121日以上の休みが取れます。

✅ 5日以上の連続休暇も取得可能
シフト状況に応じて調整しながら、
無理なく休暇を取得できます。

✅ 慶弔休暇・育児休暇・介護休暇・看護休暇あり
ライフステージに合わせて利用できます。

＝＝＝＝＝＝＝＝＝＝＝＝＝＝＝
【✔給与・待遇✔】

✔ 月給35万円〜（想定年収490万円〜）
✔ 賞与年2回・昇給あり
✔ 社内表彰制度・社員割引・健康診断あり

全国に1700店舗を展開する
リユース企業でのお仕事です。

案件No：151","《✼この求人の3つのポイント✼》

✅ ① 飛び込み営業はなし
来店されたお客様への接客が中心。
「売る」ためのノルマに追われることはありません。

✅ ② 成果はインセンティブ制度で還元
歩合による成果反映で、未経験からでも
頑張りに応じた収入を目指せます。
賞与は年2回、昇給の機会もあります。

✅ ③ 資格取得サポートや社宅制度も
業務に関わる資格取得を会社がサポート。
社宅・社員寮も完備しています。

＝＝＝＝＝＝＝＝＝＝＝＝＝＝＝
《✼待遇もしっかり✼》

✔ 月給35万円〜（想定年収490万円〜）
✔ 賞与年2回・昇給あり・インセンティブ制度（歩合）あり
✔ 交通費全額支給／社宅・社員寮完備
✔ 社内表彰制度・社員割引・健康診断・ベネフィットワン
✔ 役職手当・慶弔見舞金・資格取得サポート制度
✔ 年間休日111日＋有給休暇（実質121日以上）"
147,345,株式会社いーふらん,未経験OK｜おたからやの買取スタッフ｜町田市,月給35万円〜◎業界最大手リユース企業のブランド買取スタッフ,"✦・━━━━━━━━━━━━━━━・✦
＼東京都町田市で募集中／
全国1700店舗のリユース企業で
未経験から始める買取スタッフ◎
✦・━━━━━━━━━━━━━━━・✦

「買取の知識がなくても大丈夫？」

専門知識は入社後に身につきます。
まずは流れを覚えることから始めましょう。

＝＝＝＝＝＝＝＝＝＝＝＝＝＝＝
【✧買取は、この3ステップ✧】

■ ① 商品の査定
品物を撮影し、専門部署へ写真を送信します。

■ ② 買取のご提案
鑑定結果をもとに、買取内容や手続きをご説明します。

■ ③ 売上の分析
売れやすい商品の傾向を分析し、次の提案に活かします。

＝＝＝＝＝＝＝＝＝＝＝＝＝＝＝
【✨このお仕事の魅力✨】

✅ 専門知識は不要
覚えることは仕事をしながら少しずつ増やしていけます。

✅ 飛び込み営業なし
来店されたお客様への対応が中心。
営業や買取提案そのものに集中できます。

✅ 未経験歓迎
経験の有無を問わず、早期から活躍できる環境です。

＝＝＝＝＝＝＝＝＝＝＝＝＝＝＝
【✧お仕事の内容✧】

■ 買取営業
来店されたお客様への接客・買取査定

■ 取り扱い品目
貴金属・ハイブランド・ジュエリーなど

＝＝＝＝＝＝＝＝＝＝＝＝＝＝＝
【✔働き方✔】

✔ 標準勤務時間：9時〜18時（実働7時間45分／休憩1時間15分）
✔ 平均残業3時間（原則定時退社）
✔ 週休2日制（シフト制）／年間休日111日＋有給休暇
✔ 希望休制度で月2日以上の休暇取得が可能

まずはお気軽にご応募ください。

案件No：345","《✼この求人の3つのポイント✼》

✅ ① 飛び込み営業はなし
来店されたお客様への接客が中心。
「売る」ためのノルマに追われることはありません。

✅ ② 成果はインセンティブ制度で還元
歩合による成果反映で、未経験からでも
頑張りに応じた収入を目指せます。
賞与は年2回、昇給の機会もあります。

✅ ③ 資格取得サポートや社宅制度も
業務に関わる資格取得を会社がサポート。
社宅・社員寮も完備しています。

＝＝＝＝＝＝＝＝＝＝＝＝＝＝＝
《✼待遇もしっかり✼》

✔ 月給35万円〜（想定年収490万円〜）
✔ 賞与年2回・昇給あり・インセンティブ制度（歩合）あり
✔ 交通費全額支給／社宅・社員寮完備
✔ 社内表彰制度・社員割引・健康診断・ベネフィットワン
✔ 役職手当・慶弔見舞金・資格取得サポート制度
✔ 年間休日111日＋有給休暇（実質121日以上）"
148,1336,株式会社いーふらん,未経験OK｜おたからやの買取スタッフ｜江東区,月給35万円〜◎業界最大手リユース企業のブランド買取スタッフ,"✦・━━━━━━━━━━━━━━━・✦
＼東京都江東区で募集中／
「おたからや」の店舗で働く
買取営業・買取スタッフ職◎
✦・━━━━━━━━━━━━━━━・✦

貴金属やハイブランド、ジュエリーなど。
モノの価値を見きわめる仕事です。

知識は最初からなくて大丈夫。
仕事を通して少しずつ身についていきます。

＝＝＝＝＝＝＝＝＝＝＝＝＝＝＝
【✧お仕事の内容✧】

■ 買取営業
来店されたお客様の買取査定・ご提案

■ 仕事の流れ
品物の撮影→専門部署へ査定依頼
→鑑定結果をもとに買取のご説明・手続き
→売上データをもとにした商品分析

＝＝＝＝＝＝＝＝＝＝＝＝＝＝＝
【✨働きやすさのポイント✨】

✅ 未経験歓迎
専門知識は不要。入社後に身につけていく仕事です。

✅ 昇給・賞与あり
賞与は年2回、昇給の機会もあります。
成果はインセンティブ（歩合）にも反映されます。

✅ 資格取得サポートあり
業務に関わる資格取得を会社が支援します。

＝＝＝＝＝＝＝＝＝＝＝＝＝＝＝
【✔待遇・働き方✔】

✔ 月給35万円〜（想定年収490万円〜）
✔ 標準勤務時間：9時〜18時（実働7時間45分）
✔ 年間休日111日＋有給休暇（実質121日以上）
✔ 社宅・社員寮完備／交通費全額支給

「モノの価値を見る目」を磨いていきたい方は、
ぜひご応募ください。

案件No：1336","《✼この求人の3つのポイント✼》

✅ ① 飛び込み営業はなし
来店されたお客様への接客が中心。
「売る」ためのノルマに追われることはありません。

✅ ② 成果はインセンティブ制度で還元
歩合による成果反映で、未経験からでも
頑張りに応じた収入を目指せます。
賞与は年2回、昇給の機会もあります。

✅ ③ 資格取得サポートや社宅制度も
業務に関わる資格取得を会社がサポート。
社宅・社員寮も完備しています。

＝＝＝＝＝＝＝＝＝＝＝＝＝＝＝
《✼待遇もしっかり✼》

✔ 月給35万円〜（想定年収490万円〜）
✔ 賞与年2回・昇給あり・インセンティブ制度（歩合）あり
✔ 交通費全額支給／社宅・社員寮完備
✔ 社内表彰制度・社員割引・健康診断・ベネフィットワン
✔ 役職手当・慶弔見舞金・資格取得サポート制度
✔ 年間休日111日＋有給休暇（実質121日以上）"
149,907,株式会社いーふらん,未経験OK｜おたからやの買取スタッフ｜品川区,月給35万円〜◎業界最大手リユース企業のブランド買取スタッフ,"✦・━━━━━━━━━━━━━━━・✦
＼東京都品川区で募集中／
未経験から始められる
ブランド買取スタッフのお仕事◎
✦・━━━━━━━━━━━━━━━・✦

「営業」と聞くと、
ノルマや飛び込みを想像しませんか？

このお仕事にそれはありません。
来店されたお客様への接客が中心です。

＝＝＝＝＝＝＝＝＝＝＝＝＝＝＝
【✧お仕事の内容✧】

■ 買取査定・ご提案
貴金属・ハイブランド・ジュエリーなどの
買取査定とお客様へのご説明・手続き

■ 売上分析
売上データをもとに、売れやすい商品を分析し
次の買取提案に活かします

＝＝＝＝＝＝＝＝＝＝＝＝＝＝＝
【✨休みも充実✨】

✅ 年間休日111日＋有給休暇
実質121日以上の休みが取れます。

✅ 5日以上の連続休暇も取得可能
シフト状況に応じて調整しながら、
無理なく休暇を取得できます。

✅ 慶弔休暇・育児休暇・介護休暇・看護休暇あり
ライフステージに合わせて利用できます。

＝＝＝＝＝＝＝＝＝＝＝＝＝＝＝
【✔給与・待遇✔】

✔ 月給35万円〜（想定年収490万円〜）
✔ 賞与年2回・昇給あり
✔ 社内表彰制度・社員割引・健康診断あり

全国に1700店舗を展開する
リユース企業でのお仕事です。

案件No：907","《✼この求人の3つのポイント✼》

✅ ① 飛び込み営業はなし
来店されたお客様への接客が中心。
「売る」ためのノルマに追われることはありません。

✅ ② 成果はインセンティブ制度で還元
歩合による成果反映で、未経験からでも
頑張りに応じた収入を目指せます。
賞与は年2回、昇給の機会もあります。

✅ ③ 資格取得サポートや社宅制度も
業務に関わる資格取得を会社がサポート。
社宅・社員寮も完備しています。

＝＝＝＝＝＝＝＝＝＝＝＝＝＝＝
《✼待遇もしっかり✼》

✔ 月給35万円〜（想定年収490万円〜）
✔ 賞与年2回・昇給あり・インセンティブ制度（歩合）あり
✔ 交通費全額支給／社宅・社員寮完備
✔ 社内表彰制度・社員割引・健康診断・ベネフィットワン
✔ 役職手当・慶弔見舞金・資格取得サポート制度
✔ 年間休日111日＋有給休暇（実質121日以上）"
150,2582,株式会社いーふらん,未経験OK｜おたからやの買取スタッフ｜足立区,月給35万円〜◎業界最大手リユース企業のブランド買取スタッフ,"✦・━━━━━━━━━━━━━━━・✦
＼東京都足立区で募集中／
全国1700店舗のリユース企業で
未経験から始める買取スタッフ◎
✦・━━━━━━━━━━━━━━━・✦

「買取の知識がなくても大丈夫？」

専門知識は入社後に身につきます。
まずは流れを覚えることから始めましょう。

＝＝＝＝＝＝＝＝＝＝＝＝＝＝＝
【✧買取は、この3ステップ✧】

■ ① 商品の査定
品物を撮影し、専門部署へ写真を送信します。

■ ② 買取のご提案
鑑定結果をもとに、買取内容や手続きをご説明します。

■ ③ 売上の分析
売れやすい商品の傾向を分析し、次の提案に活かします。

＝＝＝＝＝＝＝＝＝＝＝＝＝＝＝
【✨このお仕事の魅力✨】

✅ 専門知識は不要
覚えることは仕事をしながら少しずつ増やしていけます。

✅ 飛び込み営業なし
来店されたお客様への対応が中心。
営業や買取提案そのものに集中できます。

✅ 未経験歓迎
経験の有無を問わず、早期から活躍できる環境です。

＝＝＝＝＝＝＝＝＝＝＝＝＝＝＝
【✧お仕事の内容✧】

■ 買取営業
来店されたお客様への接客・買取査定

■ 取り扱い品目
貴金属・ハイブランド・ジュエリーなど

＝＝＝＝＝＝＝＝＝＝＝＝＝＝＝
【✔働き方✔】

✔ 標準勤務時間：9時〜18時（実働7時間45分／休憩1時間15分）
✔ 平均残業3時間（原則定時退社）
✔ 週休2日制（シフト制）／年間休日111日＋有給休暇
✔ 希望休制度で月2日以上の休暇取得が可能

まずはお気軽にご応募ください。

案件No：2582","《✼この求人の3つのポイント✼》

✅ ① 飛び込み営業はなし
来店されたお客様への接客が中心。
「売る」ためのノルマに追われることはありません。

✅ ② 成果はインセンティブ制度で還元
歩合による成果反映で、未経験からでも
頑張りに応じた収入を目指せます。
賞与は年2回、昇給の機会もあります。

✅ ③ 資格取得サポートや社宅制度も
業務に関わる資格取得を会社がサポート。
社宅・社員寮も完備しています。

＝＝＝＝＝＝＝＝＝＝＝＝＝＝＝
《✼待遇もしっかり✼》

✔ 月給35万円〜（想定年収490万円〜）
✔ 賞与年2回・昇給あり・インセンティブ制度（歩合）あり
✔ 交通費全額支給／社宅・社員寮完備
✔ 社内表彰制度・社員割引・健康診断・ベネフィットワン
✔ 役職手当・慶弔見舞金・資格取得サポート制度
✔ 年間休日111日＋有給休暇（実質121日以上）"
151,451,株式会社いーふらん,未経験OK｜おたからやの買取スタッフ｜目黒区,月給35万円〜◎業界最大手リユース企業のブランド買取スタッフ,"✦・━━━━━━━━━━━━━━━・✦
＼東京都目黒区で募集中／
「おたからや」の店舗で働く
買取営業・買取スタッフ職◎
✦・━━━━━━━━━━━━━━━・✦

貴金属やハイブランド、ジュエリーなど。
モノの価値を見きわめる仕事です。

知識は最初からなくて大丈夫。
仕事を通して少しずつ身についていきます。

＝＝＝＝＝＝＝＝＝＝＝＝＝＝＝
【✧お仕事の内容✧】

■ 買取営業
来店されたお客様の買取査定・ご提案

■ 仕事の流れ
品物の撮影→専門部署へ査定依頼
→鑑定結果をもとに買取のご説明・手続き
→売上データをもとにした商品分析

＝＝＝＝＝＝＝＝＝＝＝＝＝＝＝
【✨働きやすさのポイント✨】

✅ 未経験歓迎
専門知識は不要。入社後に身につけていく仕事です。

✅ 昇給・賞与あり
賞与は年2回、昇給の機会もあります。
成果はインセンティブ（歩合）にも反映されます。

✅ 資格取得サポートあり
業務に関わる資格取得を会社が支援します。

＝＝＝＝＝＝＝＝＝＝＝＝＝＝＝
【✔待遇・働き方✔】

✔ 月給35万円〜（想定年収490万円〜）
✔ 標準勤務時間：9時〜18時（実働7時間45分）
✔ 年間休日111日＋有給休暇（実質121日以上）
✔ 社宅・社員寮完備／交通費全額支給

「モノの価値を見る目」を磨いていきたい方は、
ぜひご応募ください。

案件No：451","《✼この求人の3つのポイント✼》

✅ ① 飛び込み営業はなし
来店されたお客様への接客が中心。
「売る」ためのノルマに追われることはありません。

✅ ② 成果はインセンティブ制度で還元
歩合による成果反映で、未経験からでも
頑張りに応じた収入を目指せます。
賞与は年2回、昇給の機会もあります。

✅ ③ 資格取得サポートや社宅制度も
業務に関わる資格取得を会社がサポート。
社宅・社員寮も完備しています。

＝＝＝＝＝＝＝＝＝＝＝＝＝＝＝
《✼待遇もしっかり✼》

✔ 月給35万円〜（想定年収490万円〜）
✔ 賞与年2回・昇給あり・インセンティブ制度（歩合）あり
✔ 交通費全額支給／社宅・社員寮完備
✔ 社内表彰制度・社員割引・健康診断・ベネフィットワン
✔ 役職手当・慶弔見舞金・資格取得サポート制度
✔ 年間休日111日＋有給休暇（実質121日以上）"
152,1514,株式会社いーふらん,未経験OK｜おたからやの買取スタッフ｜大田区,月給35万円〜◎業界最大手リユース企業のブランド買取スタッフ,"✦・━━━━━━━━━━━━━━━・✦
＼東京都大田区で募集中／
未経験から始められる
ブランド買取スタッフのお仕事◎
✦・━━━━━━━━━━━━━━━・✦

「営業」と聞くと、
ノルマや飛び込みを想像しませんか？

このお仕事にそれはありません。
来店されたお客様への接客が中心です。

＝＝＝＝＝＝＝＝＝＝＝＝＝＝＝
【✧お仕事の内容✧】

■ 買取査定・ご提案
貴金属・ハイブランド・ジュエリーなどの
買取査定とお客様へのご説明・手続き

■ 売上分析
売上データをもとに、売れやすい商品を分析し
次の買取提案に活かします

＝＝＝＝＝＝＝＝＝＝＝＝＝＝＝
【✨休みも充実✨】

✅ 年間休日111日＋有給休暇
実質121日以上の休みが取れます。

✅ 5日以上の連続休暇も取得可能
シフト状況に応じて調整しながら、
無理なく休暇を取得できます。

✅ 慶弔休暇・育児休暇・介護休暇・看護休暇あり
ライフステージに合わせて利用できます。

＝＝＝＝＝＝＝＝＝＝＝＝＝＝＝
【✔給与・待遇✔】

✔ 月給35万円〜（想定年収490万円〜）
✔ 賞与年2回・昇給あり
✔ 社内表彰制度・社員割引・健康診断あり

全国に1700店舗を展開する
リユース企業でのお仕事です。

案件No：1514","《✼この求人の3つのポイント✼》

✅ ① 飛び込み営業はなし
来店されたお客様への接客が中心。
「売る」ためのノルマに追われることはありません。

✅ ② 成果はインセンティブ制度で還元
歩合による成果反映で、未経験からでも
頑張りに応じた収入を目指せます。
賞与は年2回、昇給の機会もあります。

✅ ③ 資格取得サポートや社宅制度も
業務に関わる資格取得を会社がサポート。
社宅・社員寮も完備しています。

＝＝＝＝＝＝＝＝＝＝＝＝＝＝＝
《✼待遇もしっかり✼》

✔ 月給35万円〜（想定年収490万円〜）
✔ 賞与年2回・昇給あり・インセンティブ制度（歩合）あり
✔ 交通費全額支給／社宅・社員寮完備
✔ 社内表彰制度・社員割引・健康診断・ベネフィットワン
✔ 役職手当・慶弔見舞金・資格取得サポート制度
✔ 年間休日111日＋有給休暇（実質121日以上）"
153,2086,株式会社いーふらん,未経験OK｜おたからやの買取スタッフ｜台東区,月給35万円〜◎業界最大手リユース企業のブランド買取スタッフ,"✦・━━━━━━━━━━━━━━━・✦
＼東京都台東区で募集中／
全国1700店舗のリユース企業で
未経験から始める買取スタッフ◎
✦・━━━━━━━━━━━━━━━・✦

「買取の知識がなくても大丈夫？」

専門知識は入社後に身につきます。
まずは流れを覚えることから始めましょう。

＝＝＝＝＝＝＝＝＝＝＝＝＝＝＝
【✧買取は、この3ステップ✧】

■ ① 商品の査定
品物を撮影し、専門部署へ写真を送信します。

■ ② 買取のご提案
鑑定結果をもとに、買取内容や手続きをご説明します。

■ ③ 売上の分析
売れやすい商品の傾向を分析し、次の提案に活かします。

＝＝＝＝＝＝＝＝＝＝＝＝＝＝＝
【✨このお仕事の魅力✨】

✅ 専門知識は不要
覚えることは仕事をしながら少しずつ増やしていけます。

✅ 飛び込み営業なし
来店されたお客様への対応が中心。
営業や買取提案そのものに集中できます。

✅ 未経験歓迎
経験の有無を問わず、早期から活躍できる環境です。

＝＝＝＝＝＝＝＝＝＝＝＝＝＝＝
【✧お仕事の内容✧】

■ 買取営業
来店されたお客様への接客・買取査定

■ 取り扱い品目
貴金属・ハイブランド・ジュエリーなど

＝＝＝＝＝＝＝＝＝＝＝＝＝＝＝
【✔働き方✔】

✔ 標準勤務時間：9時〜18時（実働7時間45分／休憩1時間15分）
✔ 平均残業3時間（原則定時退社）
✔ 週休2日制（シフト制）／年間休日111日＋有給休暇
✔ 希望休制度で月2日以上の休暇取得が可能

まずはお気軽にご応募ください。

案件No：2086","《✼この求人の3つのポイント✼》

✅ ① 飛び込み営業はなし
来店されたお客様への接客が中心。
「売る」ためのノルマに追われることはありません。

✅ ② 成果はインセンティブ制度で還元
歩合による成果反映で、未経験からでも
頑張りに応じた収入を目指せます。
賞与は年2回、昇給の機会もあります。

✅ ③ 資格取得サポートや社宅制度も
業務に関わる資格取得を会社がサポート。
社宅・社員寮も完備しています。

＝＝＝＝＝＝＝＝＝＝＝＝＝＝＝
《✼待遇もしっかり✼》

✔ 月給35万円〜（想定年収490万円〜）
✔ 賞与年2回・昇給あり・インセンティブ制度（歩合）あり
✔ 交通費全額支給／社宅・社員寮完備
✔ 社内表彰制度・社員割引・健康診断・ベネフィットワン
✔ 役職手当・慶弔見舞金・資格取得サポート制度
✔ 年間休日111日＋有給休暇（実質121日以上）"
154,1564,株式会社いーふらん,未経験OK｜おたからやの買取スタッフ｜豊島区,月給35万円〜◎業界最大手リユース企業のブランド買取スタッフ,"✦・━━━━━━━━━━━━━━━・✦
＼東京都豊島区で募集中／
「おたからや」の店舗で働く
買取営業・買取スタッフ職◎
✦・━━━━━━━━━━━━━━━・✦

貴金属やハイブランド、ジュエリーなど。
モノの価値を見きわめる仕事です。

知識は最初からなくて大丈夫。
仕事を通して少しずつ身についていきます。

＝＝＝＝＝＝＝＝＝＝＝＝＝＝＝
【✧お仕事の内容✧】

■ 買取営業
来店されたお客様の買取査定・ご提案

■ 仕事の流れ
品物の撮影→専門部署へ査定依頼
→鑑定結果をもとに買取のご説明・手続き
→売上データをもとにした商品分析

＝＝＝＝＝＝＝＝＝＝＝＝＝＝＝
【✨働きやすさのポイント✨】

✅ 未経験歓迎
専門知識は不要。入社後に身につけていく仕事です。

✅ 昇給・賞与あり
賞与は年2回、昇給の機会もあります。
成果はインセンティブ（歩合）にも反映されます。

✅ 資格取得サポートあり
業務に関わる資格取得を会社が支援します。

＝＝＝＝＝＝＝＝＝＝＝＝＝＝＝
【✔待遇・働き方✔】

✔ 月給35万円〜（想定年収490万円〜）
✔ 標準勤務時間：9時〜18時（実働7時間45分）
✔ 年間休日111日＋有給休暇（実質121日以上）
✔ 社宅・社員寮完備／交通費全額支給

「モノの価値を見る目」を磨いていきたい方は、
ぜひご応募ください。

案件No：1564","《✼この求人の3つのポイント✼》

✅ ① 飛び込み営業はなし
来店されたお客様への接客が中心。
「売る」ためのノルマに追われることはありません。

✅ ② 成果はインセンティブ制度で還元
歩合による成果反映で、未経験からでも
頑張りに応じた収入を目指せます。
賞与は年2回、昇給の機会もあります。

✅ ③ 資格取得サポートや社宅制度も
業務に関わる資格取得を会社がサポート。
社宅・社員寮も完備しています。

＝＝＝＝＝＝＝＝＝＝＝＝＝＝＝
《✼待遇もしっかり✼》

✔ 月給35万円〜（想定年収490万円〜）
✔ 賞与年2回・昇給あり・インセンティブ制度（歩合）あり
✔ 交通費全額支給／社宅・社員寮完備
✔ 社内表彰制度・社員割引・健康診断・ベネフィットワン
✔ 役職手当・慶弔見舞金・資格取得サポート制度
✔ 年間休日111日＋有給休暇（実質121日以上）"
155,278,株式会社いーふらん,未経験OK｜おたからやの買取スタッフ｜町田市,月給35万円〜◎業界最大手リユース企業のブランド買取スタッフ,"✦・━━━━━━━━━━━━━━━・✦
＼東京都町田市で募集中／
未経験から始められる
ブランド買取スタッフのお仕事◎
✦・━━━━━━━━━━━━━━━・✦

「営業」と聞くと、
ノルマや飛び込みを想像しませんか？

このお仕事にそれはありません。
来店されたお客様への接客が中心です。

＝＝＝＝＝＝＝＝＝＝＝＝＝＝＝
【✧お仕事の内容✧】

■ 買取査定・ご提案
貴金属・ハイブランド・ジュエリーなどの
買取査定とお客様へのご説明・手続き

■ 売上分析
売上データをもとに、売れやすい商品を分析し
次の買取提案に活かします

＝＝＝＝＝＝＝＝＝＝＝＝＝＝＝
【✨休みも充実✨】

✅ 年間休日111日＋有給休暇
実質121日以上の休みが取れます。

✅ 5日以上の連続休暇も取得可能
シフト状況に応じて調整しながら、
無理なく休暇を取得できます。

✅ 慶弔休暇・育児休暇・介護休暇・看護休暇あり
ライフステージに合わせて利用できます。

＝＝＝＝＝＝＝＝＝＝＝＝＝＝＝
【✔給与・待遇✔】

✔ 月給35万円〜（想定年収490万円〜）
✔ 賞与年2回・昇給あり
✔ 社内表彰制度・社員割引・健康診断あり

全国に1700店舗を展開する
リユース企業でのお仕事です。

案件No：278","《✼この求人の3つのポイント✼》

✅ ① 飛び込み営業はなし
来店されたお客様への接客が中心。
「売る」ためのノルマに追われることはありません。

✅ ② 成果はインセンティブ制度で還元
歩合による成果反映で、未経験からでも
頑張りに応じた収入を目指せます。
賞与は年2回、昇給の機会もあります。

✅ ③ 資格取得サポートや社宅制度も
業務に関わる資格取得を会社がサポート。
社宅・社員寮も完備しています。

＝＝＝＝＝＝＝＝＝＝＝＝＝＝＝
《✼待遇もしっかり✼》

✔ 月給35万円〜（想定年収490万円〜）
✔ 賞与年2回・昇給あり・インセンティブ制度（歩合）あり
✔ 交通費全額支給／社宅・社員寮完備
✔ 社内表彰制度・社員割引・健康診断・ベネフィットワン
✔ 役職手当・慶弔見舞金・資格取得サポート制度
✔ 年間休日111日＋有給休暇（実質121日以上）"
156,1592,株式会社いーふらん,未経験OK｜おたからやの買取スタッフ｜足立区,月給35万円〜◎業界最大手リユース企業のブランド買取スタッフ,"✦・━━━━━━━━━━━━━━━・✦
＼東京都足立区で募集中／
全国1700店舗のリユース企業で
未経験から始める買取スタッフ◎
✦・━━━━━━━━━━━━━━━・✦

「買取の知識がなくても大丈夫？」

専門知識は入社後に身につきます。
まずは流れを覚えることから始めましょう。

＝＝＝＝＝＝＝＝＝＝＝＝＝＝＝
【✧買取は、この3ステップ✧】

■ ① 商品の査定
品物を撮影し、専門部署へ写真を送信します。

■ ② 買取のご提案
鑑定結果をもとに、買取内容や手続きをご説明します。

■ ③ 売上の分析
売れやすい商品の傾向を分析し、次の提案に活かします。

＝＝＝＝＝＝＝＝＝＝＝＝＝＝＝
【✨このお仕事の魅力✨】

✅ 専門知識は不要
覚えることは仕事をしながら少しずつ増やしていけます。

✅ 飛び込み営業なし
来店されたお客様への対応が中心。
営業や買取提案そのものに集中できます。

✅ 未経験歓迎
経験の有無を問わず、早期から活躍できる環境です。

＝＝＝＝＝＝＝＝＝＝＝＝＝＝＝
【✧お仕事の内容✧】

■ 買取営業
来店されたお客様への接客・買取査定

■ 取り扱い品目
貴金属・ハイブランド・ジュエリーなど

＝＝＝＝＝＝＝＝＝＝＝＝＝＝＝
【✔働き方✔】

✔ 標準勤務時間：9時〜18時（実働7時間45分／休憩1時間15分）
✔ 平均残業3時間（原則定時退社）
✔ 週休2日制（シフト制）／年間休日111日＋有給休暇
✔ 希望休制度で月2日以上の休暇取得が可能

まずはお気軽にご応募ください。

案件No：1592","《✼この求人の3つのポイント✼》

✅ ① 飛び込み営業はなし
来店されたお客様への接客が中心。
「売る」ためのノルマに追われることはありません。

✅ ② 成果はインセンティブ制度で還元
歩合による成果反映で、未経験からでも
頑張りに応じた収入を目指せます。
賞与は年2回、昇給の機会もあります。

✅ ③ 資格取得サポートや社宅制度も
業務に関わる資格取得を会社がサポート。
社宅・社員寮も完備しています。

＝＝＝＝＝＝＝＝＝＝＝＝＝＝＝
《✼待遇もしっかり✼》

✔ 月給35万円〜（想定年収490万円〜）
✔ 賞与年2回・昇給あり・インセンティブ制度（歩合）あり
✔ 交通費全額支給／社宅・社員寮完備
✔ 社内表彰制度・社員割引・健康診断・ベネフィットワン
✔ 役職手当・慶弔見舞金・資格取得サポート制度
✔ 年間休日111日＋有給休暇（実質121日以上）"
157,1882,株式会社いーふらん,未経験OK｜おたからやの買取スタッフ｜中野区,月給35万円〜◎業界最大手リユース企業のブランド買取スタッフ,"✦・━━━━━━━━━━━━━━━・✦
＼東京都中野区で募集中／
「おたからや」の店舗で働く
買取営業・買取スタッフ職◎
✦・━━━━━━━━━━━━━━━・✦

貴金属やハイブランド、ジュエリーなど。
モノの価値を見きわめる仕事です。

知識は最初からなくて大丈夫。
仕事を通して少しずつ身についていきます。

＝＝＝＝＝＝＝＝＝＝＝＝＝＝＝
【✧お仕事の内容✧】

■ 買取営業
来店されたお客様の買取査定・ご提案

■ 仕事の流れ
品物の撮影→専門部署へ査定依頼
→鑑定結果をもとに買取のご説明・手続き
→売上データをもとにした商品分析

＝＝＝＝＝＝＝＝＝＝＝＝＝＝＝
【✨働きやすさのポイント✨】

✅ 未経験歓迎
専門知識は不要。入社後に身につけていく仕事です。

✅ 昇給・賞与あり
賞与は年2回、昇給の機会もあります。
成果はインセンティブ（歩合）にも反映されます。

✅ 資格取得サポートあり
業務に関わる資格取得を会社が支援します。

＝＝＝＝＝＝＝＝＝＝＝＝＝＝＝
【✔待遇・働き方✔】

✔ 月給35万円〜（想定年収490万円〜）
✔ 標準勤務時間：9時〜18時（実働7時間45分）
✔ 年間休日111日＋有給休暇（実質121日以上）
✔ 社宅・社員寮完備／交通費全額支給

「モノの価値を見る目」を磨いていきたい方は、
ぜひご応募ください。

案件No：1882","《✼この求人の3つのポイント✼》

✅ ① 飛び込み営業はなし
来店されたお客様への接客が中心。
「売る」ためのノルマに追われることはありません。

✅ ② 成果はインセンティブ制度で還元
歩合による成果反映で、未経験からでも
頑張りに応じた収入を目指せます。
賞与は年2回、昇給の機会もあります。

✅ ③ 資格取得サポートや社宅制度も
業務に関わる資格取得を会社がサポート。
社宅・社員寮も完備しています。

＝＝＝＝＝＝＝＝＝＝＝＝＝＝＝
《✼待遇もしっかり✼》

✔ 月給35万円〜（想定年収490万円〜）
✔ 賞与年2回・昇給あり・インセンティブ制度（歩合）あり
✔ 交通費全額支給／社宅・社員寮完備
✔ 社内表彰制度・社員割引・健康診断・ベネフィットワン
✔ 役職手当・慶弔見舞金・資格取得サポート制度
✔ 年間休日111日＋有給休暇（実質121日以上）"
158,248,株式会社いーふらん,未経験OK｜おたからやの買取スタッフ｜新宿区,月給35万円〜◎業界最大手リユース企業のブランド買取スタッフ,"✦・━━━━━━━━━━━━━━━・✦
＼東京都新宿区で募集中／
未経験から始められる
ブランド買取スタッフのお仕事◎
✦・━━━━━━━━━━━━━━━・✦

「営業」と聞くと、
ノルマや飛び込みを想像しませんか？

このお仕事にそれはありません。
来店されたお客様への接客が中心です。

＝＝＝＝＝＝＝＝＝＝＝＝＝＝＝
【✧お仕事の内容✧】

■ 買取査定・ご提案
貴金属・ハイブランド・ジュエリーなどの
買取査定とお客様へのご説明・手続き

■ 売上分析
売上データをもとに、売れやすい商品を分析し
次の買取提案に活かします

＝＝＝＝＝＝＝＝＝＝＝＝＝＝＝
【✨休みも充実✨】

✅ 年間休日111日＋有給休暇
実質121日以上の休みが取れます。

✅ 5日以上の連続休暇も取得可能
シフト状況に応じて調整しながら、
無理なく休暇を取得できます。

✅ 慶弔休暇・育児休暇・介護休暇・看護休暇あり
ライフステージに合わせて利用できます。

＝＝＝＝＝＝＝＝＝＝＝＝＝＝＝
【✔給与・待遇✔】

✔ 月給35万円〜（想定年収490万円〜）
✔ 賞与年2回・昇給あり
✔ 社内表彰制度・社員割引・健康診断あり

全国に1700店舗を展開する
リユース企業でのお仕事です。

案件No：248","《✼この求人の3つのポイント✼》

✅ ① 飛び込み営業はなし
来店されたお客様への接客が中心。
「売る」ためのノルマに追われることはありません。

✅ ② 成果はインセンティブ制度で還元
歩合による成果反映で、未経験からでも
頑張りに応じた収入を目指せます。
賞与は年2回、昇給の機会もあります。

✅ ③ 資格取得サポートや社宅制度も
業務に関わる資格取得を会社がサポート。
社宅・社員寮も完備しています。

＝＝＝＝＝＝＝＝＝＝＝＝＝＝＝
《✼待遇もしっかり✼》

✔ 月給35万円〜（想定年収490万円〜）
✔ 賞与年2回・昇給あり・インセンティブ制度（歩合）あり
✔ 交通費全額支給／社宅・社員寮完備
✔ 社内表彰制度・社員割引・健康診断・ベネフィットワン
✔ 役職手当・慶弔見舞金・資格取得サポート制度
✔ 年間休日111日＋有給休暇（実質121日以上）"
159,2478,株式会社いーふらん,未経験OK｜おたからやの買取スタッフ｜江戸川区,月給35万円〜◎業界最大手リユース企業のブランド買取スタッフ,"✦・━━━━━━━━━━━━━━━・✦
＼東京都江戸川区で募集中／
全国1700店舗のリユース企業で
未経験から始める買取スタッフ◎
✦・━━━━━━━━━━━━━━━・✦

「買取の知識がなくても大丈夫？」

専門知識は入社後に身につきます。
まずは流れを覚えることから始めましょう。

＝＝＝＝＝＝＝＝＝＝＝＝＝＝＝
【✧買取は、この3ステップ✧】

■ ① 商品の査定
品物を撮影し、専門部署へ写真を送信します。

■ ② 買取のご提案
鑑定結果をもとに、買取内容や手続きをご説明します。

■ ③ 売上の分析
売れやすい商品の傾向を分析し、次の提案に活かします。

＝＝＝＝＝＝＝＝＝＝＝＝＝＝＝
【✨このお仕事の魅力✨】

✅ 専門知識は不要
覚えることは仕事をしながら少しずつ増やしていけます。

✅ 飛び込み営業なし
来店されたお客様への対応が中心。
営業や買取提案そのものに集中できます。

✅ 未経験歓迎
経験の有無を問わず、早期から活躍できる環境です。

＝＝＝＝＝＝＝＝＝＝＝＝＝＝＝
【✧お仕事の内容✧】

■ 買取営業
来店されたお客様への接客・買取査定

■ 取り扱い品目
貴金属・ハイブランド・ジュエリーなど

＝＝＝＝＝＝＝＝＝＝＝＝＝＝＝
【✔働き方✔】

✔ 標準勤務時間：9時〜18時（実働7時間45分／休憩1時間15分）
✔ 平均残業3時間（原則定時退社）
✔ 週休2日制（シフト制）／年間休日111日＋有給休暇
✔ 希望休制度で月2日以上の休暇取得が可能

まずはお気軽にご応募ください。

案件No：2478","《✼この求人の3つのポイント✼》

✅ ① 飛び込み営業はなし
来店されたお客様への接客が中心。
「売る」ためのノルマに追われることはありません。

✅ ② 成果はインセンティブ制度で還元
歩合による成果反映で、未経験からでも
頑張りに応じた収入を目指せます。
賞与は年2回、昇給の機会もあります。

✅ ③ 資格取得サポートや社宅制度も
業務に関わる資格取得を会社がサポート。
社宅・社員寮も完備しています。

＝＝＝＝＝＝＝＝＝＝＝＝＝＝＝
《✼待遇もしっかり✼》

✔ 月給35万円〜（想定年収490万円〜）
✔ 賞与年2回・昇給あり・インセンティブ制度（歩合）あり
✔ 交通費全額支給／社宅・社員寮完備
✔ 社内表彰制度・社員割引・健康診断・ベネフィットワン
✔ 役職手当・慶弔見舞金・資格取得サポート制度
✔ 年間休日111日＋有給休暇（実質121日以上）"
160,2104,株式会社いーふらん,未経験OK｜おたからやの買取スタッフ｜新宿区,月給35万円〜◎業界最大手リユース企業のブランド買取スタッフ,"✦・━━━━━━━━━━━━━━━・✦
＼東京都新宿区で募集中／
「おたからや」の店舗で働く
買取営業・買取スタッフ職◎
✦・━━━━━━━━━━━━━━━・✦

貴金属やハイブランド、ジュエリーなど。
モノの価値を見きわめる仕事です。

知識は最初からなくて大丈夫。
仕事を通して少しずつ身についていきます。

＝＝＝＝＝＝＝＝＝＝＝＝＝＝＝
【✧お仕事の内容✧】

■ 買取営業
来店されたお客様の買取査定・ご提案

■ 仕事の流れ
品物の撮影→専門部署へ査定依頼
→鑑定結果をもとに買取のご説明・手続き
→売上データをもとにした商品分析

＝＝＝＝＝＝＝＝＝＝＝＝＝＝＝
【✨働きやすさのポイント✨】

✅ 未経験歓迎
専門知識は不要。入社後に身につけていく仕事です。

✅ 昇給・賞与あり
賞与は年2回、昇給の機会もあります。
成果はインセンティブ（歩合）にも反映されます。

✅ 資格取得サポートあり
業務に関わる資格取得を会社が支援します。

＝＝＝＝＝＝＝＝＝＝＝＝＝＝＝
【✔待遇・働き方✔】

✔ 月給35万円〜（想定年収490万円〜）
✔ 標準勤務時間：9時〜18時（実働7時間45分）
✔ 年間休日111日＋有給休暇（実質121日以上）
✔ 社宅・社員寮完備／交通費全額支給

「モノの価値を見る目」を磨いていきたい方は、
ぜひご応募ください。

案件No：2104","《✼この求人の3つのポイント✼》

✅ ① 飛び込み営業はなし
来店されたお客様への接客が中心。
「売る」ためのノルマに追われることはありません。

✅ ② 成果はインセンティブ制度で還元
歩合による成果反映で、未経験からでも
頑張りに応じた収入を目指せます。
賞与は年2回、昇給の機会もあります。

✅ ③ 資格取得サポートや社宅制度も
業務に関わる資格取得を会社がサポート。
社宅・社員寮も完備しています。

＝＝＝＝＝＝＝＝＝＝＝＝＝＝＝
《✼待遇もしっかり✼》

✔ 月給35万円〜（想定年収490万円〜）
✔ 賞与年2回・昇給あり・インセンティブ制度（歩合）あり
✔ 交通費全額支給／社宅・社員寮完備
✔ 社内表彰制度・社員割引・健康診断・ベネフィットワン
✔ 役職手当・慶弔見舞金・資格取得サポート制度
✔ 年間休日111日＋有給休暇（実質121日以上）"
161,813,株式会社いーふらん,未経験OK｜おたからやの買取スタッフ｜中央区,月給35万円〜◎業界最大手リユース企業のブランド買取スタッフ,"✦・━━━━━━━━━━━━━━━・✦
＼東京都中央区で募集中／
未経験から始められる
ブランド買取スタッフのお仕事◎
✦・━━━━━━━━━━━━━━━・✦

「営業」と聞くと、
ノルマや飛び込みを想像しませんか？

このお仕事にそれはありません。
来店されたお客様への接客が中心です。

＝＝＝＝＝＝＝＝＝＝＝＝＝＝＝
【✧お仕事の内容✧】

■ 買取査定・ご提案
貴金属・ハイブランド・ジュエリーなどの
買取査定とお客様へのご説明・手続き

■ 売上分析
売上データをもとに、売れやすい商品を分析し
次の買取提案に活かします

＝＝＝＝＝＝＝＝＝＝＝＝＝＝＝
【✨休みも充実✨】

✅ 年間休日111日＋有給休暇
実質121日以上の休みが取れます。

✅ 5日以上の連続休暇も取得可能
シフト状況に応じて調整しながら、
無理なく休暇を取得できます。

✅ 慶弔休暇・育児休暇・介護休暇・看護休暇あり
ライフステージに合わせて利用できます。

＝＝＝＝＝＝＝＝＝＝＝＝＝＝＝
【✔給与・待遇✔】

✔ 月給35万円〜（想定年収490万円〜）
✔ 賞与年2回・昇給あり
✔ 社内表彰制度・社員割引・健康診断あり

全国に1700店舗を展開する
リユース企業でのお仕事です。

案件No：813","《✼この求人の3つのポイント✼》

✅ ① 飛び込み営業はなし
来店されたお客様への接客が中心。
「売る」ためのノルマに追われることはありません。

✅ ② 成果はインセンティブ制度で還元
歩合による成果反映で、未経験からでも
頑張りに応じた収入を目指せます。
賞与は年2回、昇給の機会もあります。

✅ ③ 資格取得サポートや社宅制度も
業務に関わる資格取得を会社がサポート。
社宅・社員寮も完備しています。

＝＝＝＝＝＝＝＝＝＝＝＝＝＝＝
《✼待遇もしっかり✼》

✔ 月給35万円〜（想定年収490万円〜）
✔ 賞与年2回・昇給あり・インセンティブ制度（歩合）あり
✔ 交通費全額支給／社宅・社員寮完備
✔ 社内表彰制度・社員割引・健康診断・ベネフィットワン
✔ 役職手当・慶弔見舞金・資格取得サポート制度
✔ 年間休日111日＋有給休暇（実質121日以上）"
162,2068,大東建託株式会社,未経験｜土地活用の提案営業｜横浜市神奈川区,転勤なし◎フレックス制度で無理なく働ける土地活用提案営業,"✦・━━━━━━━━━━━━━━━・✦
＼神奈川県横浜市神奈川区で募集中／
土地オーナー様に「活用」を提案する
未経験からの営業職◎
✦・━━━━━━━━━━━━━━━・✦

「営業は未経験だから不安…」

そう感じる方ほど、まずは仕組みを知ってください。
商談には必ず上司が同席するので、
一人で判断を迫られる場面はありません。

＝＝＝＝＝＝＝＝＝＝＝＝＝＝＝
【✧提案営業は、この3ステップ✧】

■ ① 訪問
土地オーナー様のもとへ伺い、商談の日程を調整します。

■ ② 商談
上司が同席し、提案内容や契約条件をサポートします。

■ ③ ご契約
契約成立で、1件あたり最大225万円のインセンティブを支給。
賞与のタイミングでまとめて受け取れます。

＝＝＝＝＝＝＝＝＝＝＝＝＝＝＝
【✨この仕事の魅力✨】

✅ 商談は一人で抱え込まない
上司同席が前提なので、経験がなくても
その場で相談しながら進められます。

✅ 転勤・出張なし
会社が指定するエリアへの異動はありません。
自分の希望する地域で働き続けられます。

✅ 研修制度あり
商談の進め方や提案の組み立て方から学べます。

＝＝＝＝＝＝＝＝＝＝＝＝＝＝＝
【✔働き方✔】

✔ フレックスタイム制度（月平均所定労働時間160時間）
✔ 固定残業代なし（残業分は時間外勤務手当で別途支給）
✔ 社会保険完備（健康保険・厚生年金・雇用保険・労災保険）
✔ 試用期間なし

まずはお気軽にご応募ください。

案件No：2068","《✼この仕事の4つのポイント✼》

✅ ① 商談は必ず上司同席
未経験のうちから一人で商談に臨むことはありません。
提案内容や契約条件の詰め方も、その場でサポートしてもらえます。

✅ ② 頑張りが成果報酬に直結
1件成約につき最大225万円のインセンティブを支給。
賞与のタイミングでまとめて受け取れます。

✅ ③ 転勤・出張なし
会社が指定するエリアへの異動は一切ありません。
自分の希望する地域で働き続けられます。

✅ ④ フレックスタイム制度
月平均所定労働時間160時間の中で、
始業・終業の時間配分を自分で組み立てられます。

＝＝＝＝＝＝＝＝＝＝＝＝＝＝＝
《✼待遇もしっかり✼》

✔ 月給制（固定残業代なし／残業分は時間外勤務手当で別途支給）
✔ 資格手当・家族手当・職種手当・通勤手当・役職手当・勤続手当
✔ 社会保険完備（健康保険・厚生年金・雇用保険・労災保険）
✔ 試用期間なし
✔ 初年度想定年収：340万円〜700万円
✔ 年収例：中途入社9年目／固定年額650万円＋賞与710万円＝1360万円
✔ 保養所完備・定期健康診断・人間ドック補助・スポーツクラブ利用補助・
　財形貯蓄制度・確定拠出年金（401K）・永年勤続表彰・社内厚生行事補助"
163,491,大東建託株式会社,未経験｜土地活用の提案営業｜浜松市中央区,転勤なし◎フレックス制度で無理なく働ける土地活用提案営業,"✦・━━━━━━━━━━━━━━━・✦
＼静岡県浜松市中央区で募集中／
""提案する力""が身につく
土地活用の営業職◎
✦・━━━━━━━━━━━━━━━・✦

「商談って一人でやるものでは？」

大東建託の商談は、必ず上司が同席します。
未経験のうちから一人で抱え込む場面はありません。

＝＝＝＝＝＝＝＝＝＝＝＝＝＝＝
【✧提案営業は、この3ステップ✧】

■ ① 訪問
土地オーナー様を訪ね、商談の日程を調整します。

■ ② 商談
上司同席のもと、活用プランや契約条件を提案します。

■ ③ ご契約
成約1件につき、最大225万円のインセンティブを支給。
賞与支給のタイミングでまとめて受け取れます。

＝＝＝＝＝＝＝＝＝＝＝＝＝＝＝
【✨この仕事の魅力✨】

✅ 頑張りが成果に直結
成約数に応じてインセンティブが上乗せされます。

✅ 研修制度あり
未経験からでも、提案の組み立て方を一から学べます。

✅ 転勤・出張なし
会社が指定するエリアへの異動はなく、
希望する地域で働き続けられます。

＝＝＝＝＝＝＝＝＝＝＝＝＝＝＝
【✔働き方✔】

✔ フレックスタイム制度（月平均所定労働時間160時間）
✔ 固定残業代なし（残業分は時間外勤務手当で別途支給）
✔ 社会保険完備（健康保険・厚生年金・雇用保険・労災保険）
✔ 試用期間なし

自分のペースで、一件ずつ丁寧に進めていける仕事です。

案件No：491","《✼この仕事の4つのポイント✼》

✅ ① 商談は必ず上司同席
未経験のうちから一人で商談に臨むことはありません。
提案内容や契約条件の詰め方も、その場でサポートしてもらえます。

✅ ② 頑張りが成果報酬に直結
1件成約につき最大225万円のインセンティブを支給。
賞与のタイミングでまとめて受け取れます。

✅ ③ 転勤・出張なし
会社が指定するエリアへの異動は一切ありません。
自分の希望する地域で働き続けられます。

✅ ④ フレックスタイム制度
月平均所定労働時間160時間の中で、
始業・終業の時間配分を自分で組み立てられます。

＝＝＝＝＝＝＝＝＝＝＝＝＝＝＝
《✼待遇もしっかり✼》

✔ 月給制（固定残業代なし／残業分は時間外勤務手当で別途支給）
✔ 資格手当・家族手当・職種手当・通勤手当・役職手当・勤続手当
✔ 社会保険完備（健康保険・厚生年金・雇用保険・労災保険）
✔ 試用期間なし
✔ 初年度想定年収：340万円〜700万円
✔ 年収例：中途入社9年目／固定年額650万円＋賞与710万円＝1360万円
✔ 保養所完備・定期健康診断・人間ドック補助・スポーツクラブ利用補助・
　財形貯蓄制度・確定拠出年金（401K）・永年勤続表彰・社内厚生行事補助"
164,1208,大東建託株式会社,未経験｜土地活用の提案営業｜三郷市,転勤なし◎フレックス制度で無理なく働ける土地活用提案営業,"✦・━━━━━━━━━━━━━━━・✦
＼埼玉県三郷市で募集中／
オーナー様の「土地」を
価値ある一棟に変える提案営業◎
✦・━━━━━━━━━━━━━━━・✦

「専門知識がないと厳しいのでは？」

商談には必ず上司が同席するので、
知識も進め方も、現場で身につけていけます。

＝＝＝＝＝＝＝＝＝＝＝＝＝＝＝
【✧提案営業は、この3ステップ✧】

■ ① 訪問
土地オーナー様のもとへ伺い、商談の日程を決めます。

■ ② 商談
上司同席で、活用プランや契約条件を一緒に詰めます。

■ ③ ご契約
契約成立で、1件あたり最大225万円のインセンティブを支給。
賞与のタイミングでまとめて支給されます。

＝＝＝＝＝＝＝＝＝＝＝＝＝＝＝
【✨この仕事の魅力✨】

✅ 転勤・出張なし
会社が指定するエリアへの異動はありません。
今の生活拠点を変えずに働き続けられます。

✅ 商談は一人で抱え込まない
上司同席が前提なので、未経験でも
その場で相談しながら進められます。

✅ 研修制度あり
提案の組み立て方から、丁寧に学べます。

＝＝＝＝＝＝＝＝＝＝＝＝＝＝＝
【✔働き方✔】

✔ フレックスタイム制度（月平均所定労働時間160時間）
✔ 固定残業代なし（残業分は時間外勤務手当で別途支給）
✔ 社会保険完備（健康保険・厚生年金・雇用保険・労災保険）
✔ 試用期間なし

まずはお気軽にご応募ください。

案件No：1208","《✼この仕事の4つのポイント✼》

✅ ① 商談は必ず上司同席
未経験のうちから一人で商談に臨むことはありません。
提案内容や契約条件の詰め方も、その場でサポートしてもらえます。

✅ ② 頑張りが成果報酬に直結
1件成約につき最大225万円のインセンティブを支給。
賞与のタイミングでまとめて受け取れます。

✅ ③ 転勤・出張なし
会社が指定するエリアへの異動は一切ありません。
自分の希望する地域で働き続けられます。

✅ ④ フレックスタイム制度
月平均所定労働時間160時間の中で、
始業・終業の時間配分を自分で組み立てられます。

＝＝＝＝＝＝＝＝＝＝＝＝＝＝＝
《✼待遇もしっかり✼》

✔ 月給制（固定残業代なし／残業分は時間外勤務手当で別途支給）
✔ 資格手当・家族手当・職種手当・通勤手当・役職手当・勤続手当
✔ 社会保険完備（健康保険・厚生年金・雇用保険・労災保険）
✔ 試用期間なし
✔ 初年度想定年収：340万円〜700万円
✔ 年収例：中途入社9年目／固定年額650万円＋賞与710万円＝1360万円
✔ 保養所完備・定期健康診断・人間ドック補助・スポーツクラブ利用補助・
　財形貯蓄制度・確定拠出年金（401K）・永年勤続表彰・社内厚生行事補助"
165,1998,大東建託株式会社,未経験｜土地活用の提案営業｜富士宮市,転勤なし◎フレックス制度で無理なく働ける土地活用提案営業,"✦・━━━━━━━━━━━━━━━・✦
＼静岡県富士宮市で募集中／
土地オーナー様に「活用」を提案する
未経験からの営業職◎
✦・━━━━━━━━━━━━━━━・✦

「営業は未経験だから不安…」

そう感じる方ほど、まずは仕組みを知ってください。
商談には必ず上司が同席するので、
一人で判断を迫られる場面はありません。

＝＝＝＝＝＝＝＝＝＝＝＝＝＝＝
【✧提案営業は、この3ステップ✧】

■ ① 訪問
土地オーナー様のもとへ伺い、商談の日程を調整します。

■ ② 商談
上司が同席し、提案内容や契約条件をサポートします。

■ ③ ご契約
契約成立で、1件あたり最大225万円のインセンティブを支給。
賞与のタイミングでまとめて受け取れます。

＝＝＝＝＝＝＝＝＝＝＝＝＝＝＝
【✨この仕事の魅力✨】

✅ 商談は一人で抱え込まない
上司同席が前提なので、経験がなくても
その場で相談しながら進められます。

✅ 転勤・出張なし
会社が指定するエリアへの異動はありません。
自分の希望する地域で働き続けられます。

✅ 研修制度あり
商談の進め方や提案の組み立て方から学べます。

＝＝＝＝＝＝＝＝＝＝＝＝＝＝＝
【✔働き方✔】

✔ フレックスタイム制度（月平均所定労働時間160時間）
✔ 固定残業代なし（残業分は時間外勤務手当で別途支給）
✔ 社会保険完備（健康保険・厚生年金・雇用保険・労災保険）
✔ 試用期間なし

まずはお気軽にご応募ください。

案件No：1998","《✼この仕事の4つのポイント✼》

✅ ① 商談は必ず上司同席
未経験のうちから一人で商談に臨むことはありません。
提案内容や契約条件の詰め方も、その場でサポートしてもらえます。

✅ ② 頑張りが成果報酬に直結
1件成約につき最大225万円のインセンティブを支給。
賞与のタイミングでまとめて受け取れます。

✅ ③ 転勤・出張なし
会社が指定するエリアへの異動は一切ありません。
自分の希望する地域で働き続けられます。

✅ ④ フレックスタイム制度
月平均所定労働時間160時間の中で、
始業・終業の時間配分を自分で組み立てられます。

＝＝＝＝＝＝＝＝＝＝＝＝＝＝＝
《✼待遇もしっかり✼》

✔ 月給制（固定残業代なし／残業分は時間外勤務手当で別途支給）
✔ 資格手当・家族手当・職種手当・通勤手当・役職手当・勤続手当
✔ 社会保険完備（健康保険・厚生年金・雇用保険・労災保険）
✔ 試用期間なし
✔ 初年度想定年収：340万円〜700万円
✔ 年収例：中途入社9年目／固定年額650万円＋賞与710万円＝1360万円
✔ 保養所完備・定期健康診断・人間ドック補助・スポーツクラブ利用補助・
　財形貯蓄制度・確定拠出年金（401K）・永年勤続表彰・社内厚生行事補助"
166,587,大東建託株式会社,未経験｜土地活用の提案営業｜横浜市南区,転勤なし◎フレックス制度で無理なく働ける土地活用提案営業,"✦・━━━━━━━━━━━━━━━・✦
＼神奈川県横浜市南区で募集中／
""提案する力""が身につく
土地活用の営業職◎
✦・━━━━━━━━━━━━━━━・✦

「商談って一人でやるものでは？」

大東建託の商談は、必ず上司が同席します。
未経験のうちから一人で抱え込む場面はありません。

＝＝＝＝＝＝＝＝＝＝＝＝＝＝＝
【✧提案営業は、この3ステップ✧】

■ ① 訪問
土地オーナー様を訪ね、商談の日程を調整します。

■ ② 商談
上司同席のもと、活用プランや契約条件を提案します。

■ ③ ご契約
成約1件につき、最大225万円のインセンティブを支給。
賞与支給のタイミングでまとめて受け取れます。

＝＝＝＝＝＝＝＝＝＝＝＝＝＝＝
【✨この仕事の魅力✨】

✅ 頑張りが成果に直結
成約数に応じてインセンティブが上乗せされます。

✅ 研修制度あり
未経験からでも、提案の組み立て方を一から学べます。

✅ 転勤・出張なし
会社が指定するエリアへの異動はなく、
希望する地域で働き続けられます。

＝＝＝＝＝＝＝＝＝＝＝＝＝＝＝
【✔働き方✔】

✔ フレックスタイム制度（月平均所定労働時間160時間）
✔ 固定残業代なし（残業分は時間外勤務手当で別途支給）
✔ 社会保険完備（健康保険・厚生年金・雇用保険・労災保険）
✔ 試用期間なし

自分のペースで、一件ずつ丁寧に進めていける仕事です。

案件No：587","《✼この仕事の4つのポイント✼》

✅ ① 商談は必ず上司同席
未経験のうちから一人で商談に臨むことはありません。
提案内容や契約条件の詰め方も、その場でサポートしてもらえます。

✅ ② 頑張りが成果報酬に直結
1件成約につき最大225万円のインセンティブを支給。
賞与のタイミングでまとめて受け取れます。

✅ ③ 転勤・出張なし
会社が指定するエリアへの異動は一切ありません。
自分の希望する地域で働き続けられます。

✅ ④ フレックスタイム制度
月平均所定労働時間160時間の中で、
始業・終業の時間配分を自分で組み立てられます。

＝＝＝＝＝＝＝＝＝＝＝＝＝＝＝
《✼待遇もしっかり✼》

✔ 月給制（固定残業代なし／残業分は時間外勤務手当で別途支給）
✔ 資格手当・家族手当・職種手当・通勤手当・役職手当・勤続手当
✔ 社会保険完備（健康保険・厚生年金・雇用保険・労災保険）
✔ 試用期間なし
✔ 初年度想定年収：340万円〜700万円
✔ 年収例：中途入社9年目／固定年額650万円＋賞与710万円＝1360万円
✔ 保養所完備・定期健康診断・人間ドック補助・スポーツクラブ利用補助・
　財形貯蓄制度・確定拠出年金（401K）・永年勤続表彰・社内厚生行事補助"
167,1274,大東建託株式会社,未経験｜土地活用の提案営業｜守谷市,転勤なし◎フレックス制度で無理なく働ける土地活用提案営業,"✦・━━━━━━━━━━━━━━━・✦
＼茨城県守谷市で募集中／
オーナー様の「土地」を
価値ある一棟に変える提案営業◎
✦・━━━━━━━━━━━━━━━・✦

「専門知識がないと厳しいのでは？」

商談には必ず上司が同席するので、
知識も進め方も、現場で身につけていけます。

＝＝＝＝＝＝＝＝＝＝＝＝＝＝＝
【✧提案営業は、この3ステップ✧】

■ ① 訪問
土地オーナー様のもとへ伺い、商談の日程を決めます。

■ ② 商談
上司同席で、活用プランや契約条件を一緒に詰めます。

■ ③ ご契約
契約成立で、1件あたり最大225万円のインセンティブを支給。
賞与のタイミングでまとめて支給されます。

＝＝＝＝＝＝＝＝＝＝＝＝＝＝＝
【✨この仕事の魅力✨】

✅ 転勤・出張なし
会社が指定するエリアへの異動はありません。
今の生活拠点を変えずに働き続けられます。

✅ 商談は一人で抱え込まない
上司同席が前提なので、未経験でも
その場で相談しながら進められます。

✅ 研修制度あり
提案の組み立て方から、丁寧に学べます。

＝＝＝＝＝＝＝＝＝＝＝＝＝＝＝
【✔働き方✔】

✔ フレックスタイム制度（月平均所定労働時間160時間）
✔ 固定残業代なし（残業分は時間外勤務手当で別途支給）
✔ 社会保険完備（健康保険・厚生年金・雇用保険・労災保険）
✔ 試用期間なし

まずはお気軽にご応募ください。

案件No：1274","《✼この仕事の4つのポイント✼》

✅ ① 商談は必ず上司同席
未経験のうちから一人で商談に臨むことはありません。
提案内容や契約条件の詰め方も、その場でサポートしてもらえます。

✅ ② 頑張りが成果報酬に直結
1件成約につき最大225万円のインセンティブを支給。
賞与のタイミングでまとめて受け取れます。

✅ ③ 転勤・出張なし
会社が指定するエリアへの異動は一切ありません。
自分の希望する地域で働き続けられます。

✅ ④ フレックスタイム制度
月平均所定労働時間160時間の中で、
始業・終業の時間配分を自分で組み立てられます。

＝＝＝＝＝＝＝＝＝＝＝＝＝＝＝
《✼待遇もしっかり✼》

✔ 月給制（固定残業代なし／残業分は時間外勤務手当で別途支給）
✔ 資格手当・家族手当・職種手当・通勤手当・役職手当・勤続手当
✔ 社会保険完備（健康保険・厚生年金・雇用保険・労災保険）
✔ 試用期間なし
✔ 初年度想定年収：340万円〜700万円
✔ 年収例：中途入社9年目／固定年額650万円＋賞与710万円＝1360万円
✔ 保養所完備・定期健康診断・人間ドック補助・スポーツクラブ利用補助・
　財形貯蓄制度・確定拠出年金（401K）・永年勤続表彰・社内厚生行事補助"
168,194,大東建託株式会社,未経験｜土地活用の提案営業｜志木市,転勤なし◎フレックス制度で無理なく働ける土地活用提案営業,"✦・━━━━━━━━━━━━━━━・✦
＼埼玉県志木市で募集中／
土地オーナー様に「活用」を提案する
未経験からの営業職◎
✦・━━━━━━━━━━━━━━━・✦

「営業は未経験だから不安…」

そう感じる方ほど、まずは仕組みを知ってください。
商談には必ず上司が同席するので、
一人で判断を迫られる場面はありません。

＝＝＝＝＝＝＝＝＝＝＝＝＝＝＝
【✧提案営業は、この3ステップ✧】

■ ① 訪問
土地オーナー様のもとへ伺い、商談の日程を調整します。

■ ② 商談
上司が同席し、提案内容や契約条件をサポートします。

■ ③ ご契約
契約成立で、1件あたり最大225万円のインセンティブを支給。
賞与のタイミングでまとめて受け取れます。

＝＝＝＝＝＝＝＝＝＝＝＝＝＝＝
【✨この仕事の魅力✨】

✅ 商談は一人で抱え込まない
上司同席が前提なので、経験がなくても
その場で相談しながら進められます。

✅ 転勤・出張なし
会社が指定するエリアへの異動はありません。
自分の希望する地域で働き続けられます。

✅ 研修制度あり
商談の進め方や提案の組み立て方から学べます。

＝＝＝＝＝＝＝＝＝＝＝＝＝＝＝
【✔働き方✔】

✔ フレックスタイム制度（月平均所定労働時間160時間）
✔ 固定残業代なし（残業分は時間外勤務手当で別途支給）
✔ 社会保険完備（健康保険・厚生年金・雇用保険・労災保険）
✔ 試用期間なし

まずはお気軽にご応募ください。

案件No：194","《✼この仕事の4つのポイント✼》

✅ ① 商談は必ず上司同席
未経験のうちから一人で商談に臨むことはありません。
提案内容や契約条件の詰め方も、その場でサポートしてもらえます。

✅ ② 頑張りが成果報酬に直結
1件成約につき最大225万円のインセンティブを支給。
賞与のタイミングでまとめて受け取れます。

✅ ③ 転勤・出張なし
会社が指定するエリアへの異動は一切ありません。
自分の希望する地域で働き続けられます。

✅ ④ フレックスタイム制度
月平均所定労働時間160時間の中で、
始業・終業の時間配分を自分で組み立てられます。

＝＝＝＝＝＝＝＝＝＝＝＝＝＝＝
《✼待遇もしっかり✼》

✔ 月給制（固定残業代なし／残業分は時間外勤務手当で別途支給）
✔ 資格手当・家族手当・職種手当・通勤手当・役職手当・勤続手当
✔ 社会保険完備（健康保険・厚生年金・雇用保険・労災保険）
✔ 試用期間なし
✔ 初年度想定年収：340万円〜700万円
✔ 年収例：中途入社9年目／固定年額650万円＋賞与710万円＝1360万円
✔ 保養所完備・定期健康診断・人間ドック補助・スポーツクラブ利用補助・
　財形貯蓄制度・確定拠出年金（401K）・永年勤続表彰・社内厚生行事補助"
169,1226,大東建託株式会社,未経験｜土地活用の提案営業｜鎌倉市,転勤なし◎フレックス制度で無理なく働ける土地活用提案営業,"✦・━━━━━━━━━━━━━━━・✦
＼神奈川県鎌倉市で募集中／
""提案する力""が身につく
土地活用の営業職◎
✦・━━━━━━━━━━━━━━━・✦

「商談って一人でやるものでは？」

大東建託の商談は、必ず上司が同席します。
未経験のうちから一人で抱え込む場面はありません。

＝＝＝＝＝＝＝＝＝＝＝＝＝＝＝
【✧提案営業は、この3ステップ✧】

■ ① 訪問
土地オーナー様を訪ね、商談の日程を調整します。

■ ② 商談
上司同席のもと、活用プランや契約条件を提案します。

■ ③ ご契約
成約1件につき、最大225万円のインセンティブを支給。
賞与支給のタイミングでまとめて受け取れます。

＝＝＝＝＝＝＝＝＝＝＝＝＝＝＝
【✨この仕事の魅力✨】

✅ 頑張りが成果に直結
成約数に応じてインセンティブが上乗せされます。

✅ 研修制度あり
未経験からでも、提案の組み立て方を一から学べます。

✅ 転勤・出張なし
会社が指定するエリアへの異動はなく、
希望する地域で働き続けられます。

＝＝＝＝＝＝＝＝＝＝＝＝＝＝＝
【✔働き方✔】

✔ フレックスタイム制度（月平均所定労働時間160時間）
✔ 固定残業代なし（残業分は時間外勤務手当で別途支給）
✔ 社会保険完備（健康保険・厚生年金・雇用保険・労災保険）
✔ 試用期間なし

自分のペースで、一件ずつ丁寧に進めていける仕事です。

案件No：1226","《✼この仕事の4つのポイント✼》

✅ ① 商談は必ず上司同席
未経験のうちから一人で商談に臨むことはありません。
提案内容や契約条件の詰め方も、その場でサポートしてもらえます。

✅ ② 頑張りが成果報酬に直結
1件成約につき最大225万円のインセンティブを支給。
賞与のタイミングでまとめて受け取れます。

✅ ③ 転勤・出張なし
会社が指定するエリアへの異動は一切ありません。
自分の希望する地域で働き続けられます。

✅ ④ フレックスタイム制度
月平均所定労働時間160時間の中で、
始業・終業の時間配分を自分で組み立てられます。

＝＝＝＝＝＝＝＝＝＝＝＝＝＝＝
《✼待遇もしっかり✼》

✔ 月給制（固定残業代なし／残業分は時間外勤務手当で別途支給）
✔ 資格手当・家族手当・職種手当・通勤手当・役職手当・勤続手当
✔ 社会保険完備（健康保険・厚生年金・雇用保険・労災保険）
✔ 試用期間なし
✔ 初年度想定年収：340万円〜700万円
✔ 年収例：中途入社9年目／固定年額650万円＋賞与710万円＝1360万円
✔ 保養所完備・定期健康診断・人間ドック補助・スポーツクラブ利用補助・
　財形貯蓄制度・確定拠出年金（401K）・永年勤続表彰・社内厚生行事補助"
170,2439,大東建託株式会社,未経験｜土地活用の提案営業｜春日部市,転勤なし◎フレックス制度で無理なく働ける土地活用提案営業,"✦・━━━━━━━━━━━━━━━・✦
＼埼玉県春日部市で募集中／
オーナー様の「土地」を
価値ある一棟に変える提案営業◎
✦・━━━━━━━━━━━━━━━・✦

「専門知識がないと厳しいのでは？」

商談には必ず上司が同席するので、
知識も進め方も、現場で身につけていけます。

＝＝＝＝＝＝＝＝＝＝＝＝＝＝＝
【✧提案営業は、この3ステップ✧】

■ ① 訪問
土地オーナー様のもとへ伺い、商談の日程を決めます。

■ ② 商談
上司同席で、活用プランや契約条件を一緒に詰めます。

■ ③ ご契約
契約成立で、1件あたり最大225万円のインセンティブを支給。
賞与のタイミングでまとめて支給されます。

＝＝＝＝＝＝＝＝＝＝＝＝＝＝＝
【✨この仕事の魅力✨】

✅ 転勤・出張なし
会社が指定するエリアへの異動はありません。
今の生活拠点を変えずに働き続けられます。

✅ 商談は一人で抱え込まない
上司同席が前提なので、未経験でも
その場で相談しながら進められます。

✅ 研修制度あり
提案の組み立て方から、丁寧に学べます。

＝＝＝＝＝＝＝＝＝＝＝＝＝＝＝
【✔働き方✔】

✔ フレックスタイム制度（月平均所定労働時間160時間）
✔ 固定残業代なし（残業分は時間外勤務手当で別途支給）
✔ 社会保険完備（健康保険・厚生年金・雇用保険・労災保険）
✔ 試用期間なし

まずはお気軽にご応募ください。

案件No：2439","《✼この仕事の4つのポイント✼》

✅ ① 商談は必ず上司同席
未経験のうちから一人で商談に臨むことはありません。
提案内容や契約条件の詰め方も、その場でサポートしてもらえます。

✅ ② 頑張りが成果報酬に直結
1件成約につき最大225万円のインセンティブを支給。
賞与のタイミングでまとめて受け取れます。

✅ ③ 転勤・出張なし
会社が指定するエリアへの異動は一切ありません。
自分の希望する地域で働き続けられます。

✅ ④ フレックスタイム制度
月平均所定労働時間160時間の中で、
始業・終業の時間配分を自分で組み立てられます。

＝＝＝＝＝＝＝＝＝＝＝＝＝＝＝
《✼待遇もしっかり✼》

✔ 月給制（固定残業代なし／残業分は時間外勤務手当で別途支給）
✔ 資格手当・家族手当・職種手当・通勤手当・役職手当・勤続手当
✔ 社会保険完備（健康保険・厚生年金・雇用保険・労災保険）
✔ 試用期間なし
✔ 初年度想定年収：340万円〜700万円
✔ 年収例：中途入社9年目／固定年額650万円＋賞与710万円＝1360万円
✔ 保養所完備・定期健康診断・人間ドック補助・スポーツクラブ利用補助・
　財形貯蓄制度・確定拠出年金（401K）・永年勤続表彰・社内厚生行事補助"
171,2430,大東建託株式会社,未経験｜土地活用の提案営業｜一宮市,転勤なし◎フレックス制度で無理なく働ける土地活用提案営業,"✦・━━━━━━━━━━━━━━━・✦
＼愛知県一宮市で募集中／
土地オーナー様に「活用」を提案する
未経験からの営業職◎
✦・━━━━━━━━━━━━━━━・✦

「営業は未経験だから不安…」

そう感じる方ほど、まずは仕組みを知ってください。
商談には必ず上司が同席するので、
一人で判断を迫られる場面はありません。

＝＝＝＝＝＝＝＝＝＝＝＝＝＝＝
【✧提案営業は、この3ステップ✧】

■ ① 訪問
土地オーナー様のもとへ伺い、商談の日程を調整します。

■ ② 商談
上司が同席し、提案内容や契約条件をサポートします。

■ ③ ご契約
契約成立で、1件あたり最大225万円のインセンティブを支給。
賞与のタイミングでまとめて受け取れます。

＝＝＝＝＝＝＝＝＝＝＝＝＝＝＝
【✨この仕事の魅力✨】

✅ 商談は一人で抱え込まない
上司同席が前提なので、経験がなくても
その場で相談しながら進められます。

✅ 転勤・出張なし
会社が指定するエリアへの異動はありません。
自分の希望する地域で働き続けられます。

✅ 研修制度あり
商談の進め方や提案の組み立て方から学べます。

＝＝＝＝＝＝＝＝＝＝＝＝＝＝＝
【✔働き方✔】

✔ フレックスタイム制度（月平均所定労働時間160時間）
✔ 固定残業代なし（残業分は時間外勤務手当で別途支給）
✔ 社会保険完備（健康保険・厚生年金・雇用保険・労災保険）
✔ 試用期間なし

まずはお気軽にご応募ください。

案件No：2430","《✼この仕事の4つのポイント✼》

✅ ① 商談は必ず上司同席
未経験のうちから一人で商談に臨むことはありません。
提案内容や契約条件の詰め方も、その場でサポートしてもらえます。

✅ ② 頑張りが成果報酬に直結
1件成約につき最大225万円のインセンティブを支給。
賞与のタイミングでまとめて受け取れます。

✅ ③ 転勤・出張なし
会社が指定するエリアへの異動は一切ありません。
自分の希望する地域で働き続けられます。

✅ ④ フレックスタイム制度
月平均所定労働時間160時間の中で、
始業・終業の時間配分を自分で組み立てられます。

＝＝＝＝＝＝＝＝＝＝＝＝＝＝＝
《✼待遇もしっかり✼》

✔ 月給制（固定残業代なし／残業分は時間外勤務手当で別途支給）
✔ 資格手当・家族手当・職種手当・通勤手当・役職手当・勤続手当
✔ 社会保険完備（健康保険・厚生年金・雇用保険・労災保険）
✔ 試用期間なし
✔ 初年度想定年収：340万円〜700万円
✔ 年収例：中途入社9年目／固定年額650万円＋賞与710万円＝1360万円
✔ 保養所完備・定期健康診断・人間ドック補助・スポーツクラブ利用補助・
　財形貯蓄制度・確定拠出年金（401K）・永年勤続表彰・社内厚生行事補助"
172,2462,大東建託株式会社,未経験｜土地活用の提案営業｜所沢市,転勤なし◎フレックス制度で無理なく働ける土地活用提案営業,"✦・━━━━━━━━━━━━━━━・✦
＼埼玉県所沢市で募集中／
""提案する力""が身につく
土地活用の営業職◎
✦・━━━━━━━━━━━━━━━・✦

「商談って一人でやるものでは？」

大東建託の商談は、必ず上司が同席します。
未経験のうちから一人で抱え込む場面はありません。

＝＝＝＝＝＝＝＝＝＝＝＝＝＝＝
【✧提案営業は、この3ステップ✧】

■ ① 訪問
土地オーナー様を訪ね、商談の日程を調整します。

■ ② 商談
上司同席のもと、活用プランや契約条件を提案します。

■ ③ ご契約
成約1件につき、最大225万円のインセンティブを支給。
賞与支給のタイミングでまとめて受け取れます。

＝＝＝＝＝＝＝＝＝＝＝＝＝＝＝
【✨この仕事の魅力✨】

✅ 頑張りが成果に直結
成約数に応じてインセンティブが上乗せされます。

✅ 研修制度あり
未経験からでも、提案の組み立て方を一から学べます。

✅ 転勤・出張なし
会社が指定するエリアへの異動はなく、
希望する地域で働き続けられます。

＝＝＝＝＝＝＝＝＝＝＝＝＝＝＝
【✔働き方✔】

✔ フレックスタイム制度（月平均所定労働時間160時間）
✔ 固定残業代なし（残業分は時間外勤務手当で別途支給）
✔ 社会保険完備（健康保険・厚生年金・雇用保険・労災保険）
✔ 試用期間なし

自分のペースで、一件ずつ丁寧に進めていける仕事です。

案件No：2462","《✼この仕事の4つのポイント✼》

✅ ① 商談は必ず上司同席
未経験のうちから一人で商談に臨むことはありません。
提案内容や契約条件の詰め方も、その場でサポートしてもらえます。

✅ ② 頑張りが成果報酬に直結
1件成約につき最大225万円のインセンティブを支給。
賞与のタイミングでまとめて受け取れます。

✅ ③ 転勤・出張なし
会社が指定するエリアへの異動は一切ありません。
自分の希望する地域で働き続けられます。

✅ ④ フレックスタイム制度
月平均所定労働時間160時間の中で、
始業・終業の時間配分を自分で組み立てられます。

＝＝＝＝＝＝＝＝＝＝＝＝＝＝＝
《✼待遇もしっかり✼》

✔ 月給制（固定残業代なし／残業分は時間外勤務手当で別途支給）
✔ 資格手当・家族手当・職種手当・通勤手当・役職手当・勤続手当
✔ 社会保険完備（健康保険・厚生年金・雇用保険・労災保険）
✔ 試用期間なし
✔ 初年度想定年収：340万円〜700万円
✔ 年収例：中途入社9年目／固定年額650万円＋賞与710万円＝1360万円
✔ 保養所完備・定期健康診断・人間ドック補助・スポーツクラブ利用補助・
　財形貯蓄制度・確定拠出年金（401K）・永年勤続表彰・社内厚生行事補助"
173,1255,大東建託株式会社,未経験｜土地活用の提案営業｜川口市,転勤なし◎フレックス制度で無理なく働ける土地活用提案営業,"✦・━━━━━━━━━━━━━━━・✦
＼埼玉県川口市で募集中／
オーナー様の「土地」を
価値ある一棟に変える提案営業◎
✦・━━━━━━━━━━━━━━━・✦

「専門知識がないと厳しいのでは？」

商談には必ず上司が同席するので、
知識も進め方も、現場で身につけていけます。

＝＝＝＝＝＝＝＝＝＝＝＝＝＝＝
【✧提案営業は、この3ステップ✧】

■ ① 訪問
土地オーナー様のもとへ伺い、商談の日程を決めます。

■ ② 商談
上司同席で、活用プランや契約条件を一緒に詰めます。

■ ③ ご契約
契約成立で、1件あたり最大225万円のインセンティブを支給。
賞与のタイミングでまとめて支給されます。

＝＝＝＝＝＝＝＝＝＝＝＝＝＝＝
【✨この仕事の魅力✨】

✅ 転勤・出張なし
会社が指定するエリアへの異動はありません。
今の生活拠点を変えずに働き続けられます。

✅ 商談は一人で抱え込まない
上司同席が前提なので、未経験でも
その場で相談しながら進められます。

✅ 研修制度あり
提案の組み立て方から、丁寧に学べます。

＝＝＝＝＝＝＝＝＝＝＝＝＝＝＝
【✔働き方✔】

✔ フレックスタイム制度（月平均所定労働時間160時間）
✔ 固定残業代なし（残業分は時間外勤務手当で別途支給）
✔ 社会保険完備（健康保険・厚生年金・雇用保険・労災保険）
✔ 試用期間なし

まずはお気軽にご応募ください。

案件No：1255","《✼この仕事の4つのポイント✼》

✅ ① 商談は必ず上司同席
未経験のうちから一人で商談に臨むことはありません。
提案内容や契約条件の詰め方も、その場でサポートしてもらえます。

✅ ② 頑張りが成果報酬に直結
1件成約につき最大225万円のインセンティブを支給。
賞与のタイミングでまとめて受け取れます。

✅ ③ 転勤・出張なし
会社が指定するエリアへの異動は一切ありません。
自分の希望する地域で働き続けられます。

✅ ④ フレックスタイム制度
月平均所定労働時間160時間の中で、
始業・終業の時間配分を自分で組み立てられます。

＝＝＝＝＝＝＝＝＝＝＝＝＝＝＝
《✼待遇もしっかり✼》

✔ 月給制（固定残業代なし／残業分は時間外勤務手当で別途支給）
✔ 資格手当・家族手当・職種手当・通勤手当・役職手当・勤続手当
✔ 社会保険完備（健康保険・厚生年金・雇用保険・労災保険）
✔ 試用期間なし
✔ 初年度想定年収：340万円〜700万円
✔ 年収例：中途入社9年目／固定年額650万円＋賞与710万円＝1360万円
✔ 保養所完備・定期健康診断・人間ドック補助・スポーツクラブ利用補助・
　財形貯蓄制度・確定拠出年金（401K）・永年勤続表彰・社内厚生行事補助"
174,2097,大東建託株式会社,未経験｜土地活用の提案営業｜岡崎市,転勤なし◎フレックス制度で無理なく働ける土地活用提案営業,"✦・━━━━━━━━━━━━━━━・✦
＼愛知県岡崎市で募集中／
土地オーナー様に「活用」を提案する
未経験からの営業職◎
✦・━━━━━━━━━━━━━━━・✦

「営業は未経験だから不安…」

そう感じる方ほど、まずは仕組みを知ってください。
商談には必ず上司が同席するので、
一人で判断を迫られる場面はありません。

＝＝＝＝＝＝＝＝＝＝＝＝＝＝＝
【✧提案営業は、この3ステップ✧】

■ ① 訪問
土地オーナー様のもとへ伺い、商談の日程を調整します。

■ ② 商談
上司が同席し、提案内容や契約条件をサポートします。

■ ③ ご契約
契約成立で、1件あたり最大225万円のインセンティブを支給。
賞与のタイミングでまとめて受け取れます。

＝＝＝＝＝＝＝＝＝＝＝＝＝＝＝
【✨この仕事の魅力✨】

✅ 商談は一人で抱え込まない
上司同席が前提なので、経験がなくても
その場で相談しながら進められます。

✅ 転勤・出張なし
会社が指定するエリアへの異動はありません。
自分の希望する地域で働き続けられます。

✅ 研修制度あり
商談の進め方や提案の組み立て方から学べます。

＝＝＝＝＝＝＝＝＝＝＝＝＝＝＝
【✔働き方✔】

✔ フレックスタイム制度（月平均所定労働時間160時間）
✔ 固定残業代なし（残業分は時間外勤務手当で別途支給）
✔ 社会保険完備（健康保険・厚生年金・雇用保険・労災保険）
✔ 試用期間なし

まずはお気軽にご応募ください。

案件No：2097","《✼この仕事の4つのポイント✼》

✅ ① 商談は必ず上司同席
未経験のうちから一人で商談に臨むことはありません。
提案内容や契約条件の詰め方も、その場でサポートしてもらえます。

✅ ② 頑張りが成果報酬に直結
1件成約につき最大225万円のインセンティブを支給。
賞与のタイミングでまとめて受け取れます。

✅ ③ 転勤・出張なし
会社が指定するエリアへの異動は一切ありません。
自分の希望する地域で働き続けられます。

✅ ④ フレックスタイム制度
月平均所定労働時間160時間の中で、
始業・終業の時間配分を自分で組み立てられます。

＝＝＝＝＝＝＝＝＝＝＝＝＝＝＝
《✼待遇もしっかり✼》

✔ 月給制（固定残業代なし／残業分は時間外勤務手当で別途支給）
✔ 資格手当・家族手当・職種手当・通勤手当・役職手当・勤続手当
✔ 社会保険完備（健康保険・厚生年金・雇用保険・労災保険）
✔ 試用期間なし
✔ 初年度想定年収：340万円〜700万円
✔ 年収例：中途入社9年目／固定年額650万円＋賞与710万円＝1360万円
✔ 保養所完備・定期健康診断・人間ドック補助・スポーツクラブ利用補助・
　財形貯蓄制度・確定拠出年金（401K）・永年勤続表彰・社内厚生行事補助"
175,1052,大東建託株式会社,未経験｜土地活用の提案営業｜小田原市,転勤なし◎フレックス制度で無理なく働ける土地活用提案営業,"✦・━━━━━━━━━━━━━━━・✦
＼神奈川県小田原市で募集中／
""提案する力""が身につく
土地活用の営業職◎
✦・━━━━━━━━━━━━━━━・✦

「商談って一人でやるものでは？」

大東建託の商談は、必ず上司が同席します。
未経験のうちから一人で抱え込む場面はありません。

＝＝＝＝＝＝＝＝＝＝＝＝＝＝＝
【✧提案営業は、この3ステップ✧】

■ ① 訪問
土地オーナー様を訪ね、商談の日程を調整します。

■ ② 商談
上司同席のもと、活用プランや契約条件を提案します。

■ ③ ご契約
成約1件につき、最大225万円のインセンティブを支給。
賞与支給のタイミングでまとめて受け取れます。

＝＝＝＝＝＝＝＝＝＝＝＝＝＝＝
【✨この仕事の魅力✨】

✅ 頑張りが成果に直結
成約数に応じてインセンティブが上乗せされます。

✅ 研修制度あり
未経験からでも、提案の組み立て方を一から学べます。

✅ 転勤・出張なし
会社が指定するエリアへの異動はなく、
希望する地域で働き続けられます。

＝＝＝＝＝＝＝＝＝＝＝＝＝＝＝
【✔働き方✔】

✔ フレックスタイム制度（月平均所定労働時間160時間）
✔ 固定残業代なし（残業分は時間外勤務手当で別途支給）
✔ 社会保険完備（健康保険・厚生年金・雇用保険・労災保険）
✔ 試用期間なし

自分のペースで、一件ずつ丁寧に進めていける仕事です。

案件No：1052","《✼この仕事の4つのポイント✼》

✅ ① 商談は必ず上司同席
未経験のうちから一人で商談に臨むことはありません。
提案内容や契約条件の詰め方も、その場でサポートしてもらえます。

✅ ② 頑張りが成果報酬に直結
1件成約につき最大225万円のインセンティブを支給。
賞与のタイミングでまとめて受け取れます。

✅ ③ 転勤・出張なし
会社が指定するエリアへの異動は一切ありません。
自分の希望する地域で働き続けられます。

✅ ④ フレックスタイム制度
月平均所定労働時間160時間の中で、
始業・終業の時間配分を自分で組み立てられます。

＝＝＝＝＝＝＝＝＝＝＝＝＝＝＝
《✼待遇もしっかり✼》

✔ 月給制（固定残業代なし／残業分は時間外勤務手当で別途支給）
✔ 資格手当・家族手当・職種手当・通勤手当・役職手当・勤続手当
✔ 社会保険完備（健康保険・厚生年金・雇用保険・労災保険）
✔ 試用期間なし
✔ 初年度想定年収：340万円〜700万円
✔ 年収例：中途入社9年目／固定年額650万円＋賞与710万円＝1360万円
✔ 保養所完備・定期健康診断・人間ドック補助・スポーツクラブ利用補助・
　財形貯蓄制度・確定拠出年金（401K）・永年勤続表彰・社内厚生行事補助"
176,1655,大東建託株式会社,未経験｜土地活用の提案営業｜上尾市,転勤なし◎フレックス制度で無理なく働ける土地活用提案営業,"✦・━━━━━━━━━━━━━━━・✦
＼埼玉県上尾市で募集中／
オーナー様の「土地」を
価値ある一棟に変える提案営業◎
✦・━━━━━━━━━━━━━━━・✦

「専門知識がないと厳しいのでは？」

商談には必ず上司が同席するので、
知識も進め方も、現場で身につけていけます。

＝＝＝＝＝＝＝＝＝＝＝＝＝＝＝
【✧提案営業は、この3ステップ✧】

■ ① 訪問
土地オーナー様のもとへ伺い、商談の日程を決めます。

■ ② 商談
上司同席で、活用プランや契約条件を一緒に詰めます。

■ ③ ご契約
契約成立で、1件あたり最大225万円のインセンティブを支給。
賞与のタイミングでまとめて支給されます。

＝＝＝＝＝＝＝＝＝＝＝＝＝＝＝
【✨この仕事の魅力✨】

✅ 転勤・出張なし
会社が指定するエリアへの異動はありません。
今の生活拠点を変えずに働き続けられます。

✅ 商談は一人で抱え込まない
上司同席が前提なので、未経験でも
その場で相談しながら進められます。

✅ 研修制度あり
提案の組み立て方から、丁寧に学べます。

＝＝＝＝＝＝＝＝＝＝＝＝＝＝＝
【✔働き方✔】

✔ フレックスタイム制度（月平均所定労働時間160時間）
✔ 固定残業代なし（残業分は時間外勤務手当で別途支給）
✔ 社会保険完備（健康保険・厚生年金・雇用保険・労災保険）
✔ 試用期間なし

まずはお気軽にご応募ください。

案件No：1655","《✼この仕事の4つのポイント✼》

✅ ① 商談は必ず上司同席
未経験のうちから一人で商談に臨むことはありません。
提案内容や契約条件の詰め方も、その場でサポートしてもらえます。

✅ ② 頑張りが成果報酬に直結
1件成約につき最大225万円のインセンティブを支給。
賞与のタイミングでまとめて受け取れます。

✅ ③ 転勤・出張なし
会社が指定するエリアへの異動は一切ありません。
自分の希望する地域で働き続けられます。

✅ ④ フレックスタイム制度
月平均所定労働時間160時間の中で、
始業・終業の時間配分を自分で組み立てられます。

＝＝＝＝＝＝＝＝＝＝＝＝＝＝＝
《✼待遇もしっかり✼》

✔ 月給制（固定残業代なし／残業分は時間外勤務手当で別途支給）
✔ 資格手当・家族手当・職種手当・通勤手当・役職手当・勤続手当
✔ 社会保険完備（健康保険・厚生年金・雇用保険・労災保険）
✔ 試用期間なし
✔ 初年度想定年収：340万円〜700万円
✔ 年収例：中途入社9年目／固定年額650万円＋賞与710万円＝1360万円
✔ 保養所完備・定期健康診断・人間ドック補助・スポーツクラブ利用補助・
　財形貯蓄制度・確定拠出年金（401K）・永年勤続表彰・社内厚生行事補助"
177,1809,大東建託株式会社,未経験｜土地活用の提案営業｜池田市,転勤なし◎フレックス制度で無理なく働ける土地活用提案営業,"✦・━━━━━━━━━━━━━━━・✦
＼大阪府池田市で募集中／
土地オーナー様に「活用」を提案する
未経験からの営業職◎
✦・━━━━━━━━━━━━━━━・✦

「営業は未経験だから不安…」

そう感じる方ほど、まずは仕組みを知ってください。
商談には必ず上司が同席するので、
一人で判断を迫られる場面はありません。

＝＝＝＝＝＝＝＝＝＝＝＝＝＝＝
【✧提案営業は、この3ステップ✧】

■ ① 訪問
土地オーナー様のもとへ伺い、商談の日程を調整します。

■ ② 商談
上司が同席し、提案内容や契約条件をサポートします。

■ ③ ご契約
契約成立で、1件あたり最大225万円のインセンティブを支給。
賞与のタイミングでまとめて受け取れます。

＝＝＝＝＝＝＝＝＝＝＝＝＝＝＝
【✨この仕事の魅力✨】

✅ 商談は一人で抱え込まない
上司同席が前提なので、経験がなくても
その場で相談しながら進められます。

✅ 転勤・出張なし
会社が指定するエリアへの異動はありません。
自分の希望する地域で働き続けられます。

✅ 研修制度あり
商談の進め方や提案の組み立て方から学べます。

＝＝＝＝＝＝＝＝＝＝＝＝＝＝＝
【✔働き方✔】

✔ フレックスタイム制度（月平均所定労働時間160時間）
✔ 固定残業代なし（残業分は時間外勤務手当で別途支給）
✔ 社会保険完備（健康保険・厚生年金・雇用保険・労災保険）
✔ 試用期間なし

まずはお気軽にご応募ください。

案件No：1809","《✼この仕事の4つのポイント✼》

✅ ① 商談は必ず上司同席
未経験のうちから一人で商談に臨むことはありません。
提案内容や契約条件の詰め方も、その場でサポートしてもらえます。

✅ ② 頑張りが成果報酬に直結
1件成約につき最大225万円のインセンティブを支給。
賞与のタイミングでまとめて受け取れます。

✅ ③ 転勤・出張なし
会社が指定するエリアへの異動は一切ありません。
自分の希望する地域で働き続けられます。

✅ ④ フレックスタイム制度
月平均所定労働時間160時間の中で、
始業・終業の時間配分を自分で組み立てられます。

＝＝＝＝＝＝＝＝＝＝＝＝＝＝＝
《✼待遇もしっかり✼》

✔ 月給制（固定残業代なし／残業分は時間外勤務手当で別途支給）
✔ 資格手当・家族手当・職種手当・通勤手当・役職手当・勤続手当
✔ 社会保険完備（健康保険・厚生年金・雇用保険・労災保険）
✔ 試用期間なし
✔ 初年度想定年収：340万円〜700万円
✔ 年収例：中途入社9年目／固定年額650万円＋賞与710万円＝1360万円
✔ 保養所完備・定期健康診断・人間ドック補助・スポーツクラブ利用補助・
　財形貯蓄制度・確定拠出年金（401K）・永年勤続表彰・社内厚生行事補助"
178,2139,大東建託株式会社,未経験｜土地活用の提案営業｜刈谷市,転勤なし◎フレックス制度で無理なく働ける土地活用提案営業,"✦・━━━━━━━━━━━━━━━・✦
＼愛知県刈谷市で募集中／
""提案する力""が身につく
土地活用の営業職◎
✦・━━━━━━━━━━━━━━━・✦

「商談って一人でやるものでは？」

大東建託の商談は、必ず上司が同席します。
未経験のうちから一人で抱え込む場面はありません。

＝＝＝＝＝＝＝＝＝＝＝＝＝＝＝
【✧提案営業は、この3ステップ✧】

■ ① 訪問
土地オーナー様を訪ね、商談の日程を調整します。

■ ② 商談
上司同席のもと、活用プランや契約条件を提案します。

■ ③ ご契約
成約1件につき、最大225万円のインセンティブを支給。
賞与支給のタイミングでまとめて受け取れます。

＝＝＝＝＝＝＝＝＝＝＝＝＝＝＝
【✨この仕事の魅力✨】

✅ 頑張りが成果に直結
成約数に応じてインセンティブが上乗せされます。

✅ 研修制度あり
未経験からでも、提案の組み立て方を一から学べます。

✅ 転勤・出張なし
会社が指定するエリアへの異動はなく、
希望する地域で働き続けられます。

＝＝＝＝＝＝＝＝＝＝＝＝＝＝＝
【✔働き方✔】

✔ フレックスタイム制度（月平均所定労働時間160時間）
✔ 固定残業代なし（残業分は時間外勤務手当で別途支給）
✔ 社会保険完備（健康保険・厚生年金・雇用保険・労災保険）
✔ 試用期間なし

自分のペースで、一件ずつ丁寧に進めていける仕事です。

案件No：2139","《✼この仕事の4つのポイント✼》

✅ ① 商談は必ず上司同席
未経験のうちから一人で商談に臨むことはありません。
提案内容や契約条件の詰め方も、その場でサポートしてもらえます。

✅ ② 頑張りが成果報酬に直結
1件成約につき最大225万円のインセンティブを支給。
賞与のタイミングでまとめて受け取れます。

✅ ③ 転勤・出張なし
会社が指定するエリアへの異動は一切ありません。
自分の希望する地域で働き続けられます。

✅ ④ フレックスタイム制度
月平均所定労働時間160時間の中で、
始業・終業の時間配分を自分で組み立てられます。

＝＝＝＝＝＝＝＝＝＝＝＝＝＝＝
《✼待遇もしっかり✼》

✔ 月給制（固定残業代なし／残業分は時間外勤務手当で別途支給）
✔ 資格手当・家族手当・職種手当・通勤手当・役職手当・勤続手当
✔ 社会保険完備（健康保険・厚生年金・雇用保険・労災保険）
✔ 試用期間なし
✔ 初年度想定年収：340万円〜700万円
✔ 年収例：中途入社9年目／固定年額650万円＋賞与710万円＝1360万円
✔ 保養所完備・定期健康診断・人間ドック補助・スポーツクラブ利用補助・
　財形貯蓄制度・確定拠出年金（401K）・永年勤続表彰・社内厚生行事補助"
179,1910,大東建託株式会社,未経験｜土地活用の提案営業｜川越市,転勤なし◎フレックス制度で無理なく働ける土地活用提案営業,"✦・━━━━━━━━━━━━━━━・✦
＼埼玉県川越市で募集中／
オーナー様の「土地」を
価値ある一棟に変える提案営業◎
✦・━━━━━━━━━━━━━━━・✦

「専門知識がないと厳しいのでは？」

商談には必ず上司が同席するので、
知識も進め方も、現場で身につけていけます。

＝＝＝＝＝＝＝＝＝＝＝＝＝＝＝
【✧提案営業は、この3ステップ✧】

■ ① 訪問
土地オーナー様のもとへ伺い、商談の日程を決めます。

■ ② 商談
上司同席で、活用プランや契約条件を一緒に詰めます。

■ ③ ご契約
契約成立で、1件あたり最大225万円のインセンティブを支給。
賞与のタイミングでまとめて支給されます。

＝＝＝＝＝＝＝＝＝＝＝＝＝＝＝
【✨この仕事の魅力✨】

✅ 転勤・出張なし
会社が指定するエリアへの異動はありません。
今の生活拠点を変えずに働き続けられます。

✅ 商談は一人で抱え込まない
上司同席が前提なので、未経験でも
その場で相談しながら進められます。

✅ 研修制度あり
提案の組み立て方から、丁寧に学べます。

＝＝＝＝＝＝＝＝＝＝＝＝＝＝＝
【✔働き方✔】

✔ フレックスタイム制度（月平均所定労働時間160時間）
✔ 固定残業代なし（残業分は時間外勤務手当で別途支給）
✔ 社会保険完備（健康保険・厚生年金・雇用保険・労災保険）
✔ 試用期間なし

まずはお気軽にご応募ください。

案件No：1910","《✼この仕事の4つのポイント✼》

✅ ① 商談は必ず上司同席
未経験のうちから一人で商談に臨むことはありません。
提案内容や契約条件の詰め方も、その場でサポートしてもらえます。

✅ ② 頑張りが成果報酬に直結
1件成約につき最大225万円のインセンティブを支給。
賞与のタイミングでまとめて受け取れます。

✅ ③ 転勤・出張なし
会社が指定するエリアへの異動は一切ありません。
自分の希望する地域で働き続けられます。

✅ ④ フレックスタイム制度
月平均所定労働時間160時間の中で、
始業・終業の時間配分を自分で組み立てられます。

＝＝＝＝＝＝＝＝＝＝＝＝＝＝＝
《✼待遇もしっかり✼》

✔ 月給制（固定残業代なし／残業分は時間外勤務手当で別途支給）
✔ 資格手当・家族手当・職種手当・通勤手当・役職手当・勤続手当
✔ 社会保険完備（健康保険・厚生年金・雇用保険・労災保険）
✔ 試用期間なし
✔ 初年度想定年収：340万円〜700万円
✔ 年収例：中途入社9年目／固定年額650万円＋賞与710万円＝1360万円
✔ 保養所完備・定期健康診断・人間ドック補助・スポーツクラブ利用補助・
　財形貯蓄制度・確定拠出年金（401K）・永年勤続表彰・社内厚生行事補助"
180,2448,大東建託株式会社,未経験｜土地活用の提案営業｜墨田区,転勤なし◎フレックス制度で無理なく働ける土地活用提案営業,"✦・━━━━━━━━━━━━━━━・✦
＼東京都墨田区で募集中／
土地オーナー様に「活用」を提案する
未経験からの営業職◎
✦・━━━━━━━━━━━━━━━・✦

「営業は未経験だから不安…」

そう感じる方ほど、まずは仕組みを知ってください。
商談には必ず上司が同席するので、
一人で判断を迫られる場面はありません。

＝＝＝＝＝＝＝＝＝＝＝＝＝＝＝
【✧提案営業は、この3ステップ✧】

■ ① 訪問
土地オーナー様のもとへ伺い、商談の日程を調整します。

■ ② 商談
上司が同席し、提案内容や契約条件をサポートします。

■ ③ ご契約
契約成立で、1件あたり最大225万円のインセンティブを支給。
賞与のタイミングでまとめて受け取れます。

＝＝＝＝＝＝＝＝＝＝＝＝＝＝＝
【✨この仕事の魅力✨】

✅ 商談は一人で抱え込まない
上司同席が前提なので、経験がなくても
その場で相談しながら進められます。

✅ 転勤・出張なし
会社が指定するエリアへの異動はありません。
自分の希望する地域で働き続けられます。

✅ 研修制度あり
商談の進め方や提案の組み立て方から学べます。

＝＝＝＝＝＝＝＝＝＝＝＝＝＝＝
【✔働き方✔】

✔ フレックスタイム制度（月平均所定労働時間160時間）
✔ 固定残業代なし（残業分は時間外勤務手当で別途支給）
✔ 社会保険完備（健康保険・厚生年金・雇用保険・労災保険）
✔ 試用期間なし

まずはお気軽にご応募ください。

案件No：2448","《✼この仕事の4つのポイント✼》

✅ ① 商談は必ず上司同席
未経験のうちから一人で商談に臨むことはありません。
提案内容や契約条件の詰め方も、その場でサポートしてもらえます。

✅ ② 頑張りが成果報酬に直結
1件成約につき最大225万円のインセンティブを支給。
賞与のタイミングでまとめて受け取れます。

✅ ③ 転勤・出張なし
会社が指定するエリアへの異動は一切ありません。
自分の希望する地域で働き続けられます。

✅ ④ フレックスタイム制度
月平均所定労働時間160時間の中で、
始業・終業の時間配分を自分で組み立てられます。

＝＝＝＝＝＝＝＝＝＝＝＝＝＝＝
《✼待遇もしっかり✼》

✔ 月給制（固定残業代なし／残業分は時間外勤務手当で別途支給）
✔ 資格手当・家族手当・職種手当・通勤手当・役職手当・勤続手当
✔ 社会保険完備（健康保険・厚生年金・雇用保険・労災保険）
✔ 試用期間なし
✔ 初年度想定年収：340万円〜700万円
✔ 年収例：中途入社9年目／固定年額650万円＋賞与710万円＝1360万円
✔ 保養所完備・定期健康診断・人間ドック補助・スポーツクラブ利用補助・
　財形貯蓄制度・確定拠出年金（401K）・永年勤続表彰・社内厚生行事補助"
181,1441,大東建託株式会社,未経験｜土地活用の提案営業｜岩倉市,転勤なし◎フレックス制度で無理なく働ける土地活用提案営業,"✦・━━━━━━━━━━━━━━━・✦
＼愛知県岩倉市で募集中／
""提案する力""が身につく
土地活用の営業職◎
✦・━━━━━━━━━━━━━━━・✦

「商談って一人でやるものでは？」

大東建託の商談は、必ず上司が同席します。
未経験のうちから一人で抱え込む場面はありません。

＝＝＝＝＝＝＝＝＝＝＝＝＝＝＝
【✧提案営業は、この3ステップ✧】

■ ① 訪問
土地オーナー様を訪ね、商談の日程を調整します。

■ ② 商談
上司同席のもと、活用プランや契約条件を提案します。

■ ③ ご契約
成約1件につき、最大225万円のインセンティブを支給。
賞与支給のタイミングでまとめて受け取れます。

＝＝＝＝＝＝＝＝＝＝＝＝＝＝＝
【✨この仕事の魅力✨】

✅ 頑張りが成果に直結
成約数に応じてインセンティブが上乗せされます。

✅ 研修制度あり
未経験からでも、提案の組み立て方を一から学べます。

✅ 転勤・出張なし
会社が指定するエリアへの異動はなく、
希望する地域で働き続けられます。

＝＝＝＝＝＝＝＝＝＝＝＝＝＝＝
【✔働き方✔】

✔ フレックスタイム制度（月平均所定労働時間160時間）
✔ 固定残業代なし（残業分は時間外勤務手当で別途支給）
✔ 社会保険完備（健康保険・厚生年金・雇用保険・労災保険）
✔ 試用期間なし

自分のペースで、一件ずつ丁寧に進めていける仕事です。

案件No：1441","《✼この仕事の4つのポイント✼》

✅ ① 商談は必ず上司同席
未経験のうちから一人で商談に臨むことはありません。
提案内容や契約条件の詰め方も、その場でサポートしてもらえます。

✅ ② 頑張りが成果報酬に直結
1件成約につき最大225万円のインセンティブを支給。
賞与のタイミングでまとめて受け取れます。

✅ ③ 転勤・出張なし
会社が指定するエリアへの異動は一切ありません。
自分の希望する地域で働き続けられます。

✅ ④ フレックスタイム制度
月平均所定労働時間160時間の中で、
始業・終業の時間配分を自分で組み立てられます。

＝＝＝＝＝＝＝＝＝＝＝＝＝＝＝
《✼待遇もしっかり✼》

✔ 月給制（固定残業代なし／残業分は時間外勤務手当で別途支給）
✔ 資格手当・家族手当・職種手当・通勤手当・役職手当・勤続手当
✔ 社会保険完備（健康保険・厚生年金・雇用保険・労災保険）
✔ 試用期間なし
✔ 初年度想定年収：340万円〜700万円
✔ 年収例：中途入社9年目／固定年額650万円＋賞与710万円＝1360万円
✔ 保養所完備・定期健康診断・人間ドック補助・スポーツクラブ利用補助・
　財形貯蓄制度・確定拠出年金（401K）・永年勤続表彰・社内厚生行事補助"
182,1405,大東建託株式会社,未経験｜土地活用の提案営業｜春日井市,転勤なし◎フレックス制度で無理なく働ける土地活用提案営業,"✦・━━━━━━━━━━━━━━━・✦
＼愛知県春日井市で募集中／
オーナー様の「土地」を
価値ある一棟に変える提案営業◎
✦・━━━━━━━━━━━━━━━・✦

「専門知識がないと厳しいのでは？」

商談には必ず上司が同席するので、
知識も進め方も、現場で身につけていけます。

＝＝＝＝＝＝＝＝＝＝＝＝＝＝＝
【✧提案営業は、この3ステップ✧】

■ ① 訪問
土地オーナー様のもとへ伺い、商談の日程を決めます。

■ ② 商談
上司同席で、活用プランや契約条件を一緒に詰めます。

■ ③ ご契約
契約成立で、1件あたり最大225万円のインセンティブを支給。
賞与のタイミングでまとめて支給されます。

＝＝＝＝＝＝＝＝＝＝＝＝＝＝＝
【✨この仕事の魅力✨】

✅ 転勤・出張なし
会社が指定するエリアへの異動はありません。
今の生活拠点を変えずに働き続けられます。

✅ 商談は一人で抱え込まない
上司同席が前提なので、未経験でも
その場で相談しながら進められます。

✅ 研修制度あり
提案の組み立て方から、丁寧に学べます。

＝＝＝＝＝＝＝＝＝＝＝＝＝＝＝
【✔働き方✔】

✔ フレックスタイム制度（月平均所定労働時間160時間）
✔ 固定残業代なし（残業分は時間外勤務手当で別途支給）
✔ 社会保険完備（健康保険・厚生年金・雇用保険・労災保険）
✔ 試用期間なし

まずはお気軽にご応募ください。

案件No：1405","《✼この仕事の4つのポイント✼》

✅ ① 商談は必ず上司同席
未経験のうちから一人で商談に臨むことはありません。
提案内容や契約条件の詰め方も、その場でサポートしてもらえます。

✅ ② 頑張りが成果報酬に直結
1件成約につき最大225万円のインセンティブを支給。
賞与のタイミングでまとめて受け取れます。

✅ ③ 転勤・出張なし
会社が指定するエリアへの異動は一切ありません。
自分の希望する地域で働き続けられます。

✅ ④ フレックスタイム制度
月平均所定労働時間160時間の中で、
始業・終業の時間配分を自分で組み立てられます。

＝＝＝＝＝＝＝＝＝＝＝＝＝＝＝
《✼待遇もしっかり✼》

✔ 月給制（固定残業代なし／残業分は時間外勤務手当で別途支給）
✔ 資格手当・家族手当・職種手当・通勤手当・役職手当・勤続手当
✔ 社会保険完備（健康保険・厚生年金・雇用保険・労災保険）
✔ 試用期間なし
✔ 初年度想定年収：340万円〜700万円
✔ 年収例：中途入社9年目／固定年額650万円＋賞与710万円＝1360万円
✔ 保養所完備・定期健康診断・人間ドック補助・スポーツクラブ利用補助・
　財形貯蓄制度・確定拠出年金（401K）・永年勤続表彰・社内厚生行事補助"
183,1505,大東建託株式会社,未経験｜土地活用の提案営業｜白岡市,転勤なし◎フレックス制度で無理なく働ける土地活用提案営業,"✦・━━━━━━━━━━━━━━━・✦
＼埼玉県白岡市で募集中／
土地オーナー様に「活用」を提案する
未経験からの営業職◎
✦・━━━━━━━━━━━━━━━・✦

「営業は未経験だから不安…」

そう感じる方ほど、まずは仕組みを知ってください。
商談には必ず上司が同席するので、
一人で判断を迫られる場面はありません。

＝＝＝＝＝＝＝＝＝＝＝＝＝＝＝
【✧提案営業は、この3ステップ✧】

■ ① 訪問
土地オーナー様のもとへ伺い、商談の日程を調整します。

■ ② 商談
上司が同席し、提案内容や契約条件をサポートします。

■ ③ ご契約
契約成立で、1件あたり最大225万円のインセンティブを支給。
賞与のタイミングでまとめて受け取れます。

＝＝＝＝＝＝＝＝＝＝＝＝＝＝＝
【✨この仕事の魅力✨】

✅ 商談は一人で抱え込まない
上司同席が前提なので、経験がなくても
その場で相談しながら進められます。

✅ 転勤・出張なし
会社が指定するエリアへの異動はありません。
自分の希望する地域で働き続けられます。

✅ 研修制度あり
商談の進め方や提案の組み立て方から学べます。

＝＝＝＝＝＝＝＝＝＝＝＝＝＝＝
【✔働き方✔】

✔ フレックスタイム制度（月平均所定労働時間160時間）
✔ 固定残業代なし（残業分は時間外勤務手当で別途支給）
✔ 社会保険完備（健康保険・厚生年金・雇用保険・労災保険）
✔ 試用期間なし

まずはお気軽にご応募ください。

案件No：1505","《✼この仕事の4つのポイント✼》

✅ ① 商談は必ず上司同席
未経験のうちから一人で商談に臨むことはありません。
提案内容や契約条件の詰め方も、その場でサポートしてもらえます。

✅ ② 頑張りが成果報酬に直結
1件成約につき最大225万円のインセンティブを支給。
賞与のタイミングでまとめて受け取れます。

✅ ③ 転勤・出張なし
会社が指定するエリアへの異動は一切ありません。
自分の希望する地域で働き続けられます。

✅ ④ フレックスタイム制度
月平均所定労働時間160時間の中で、
始業・終業の時間配分を自分で組み立てられます。

＝＝＝＝＝＝＝＝＝＝＝＝＝＝＝
《✼待遇もしっかり✼》

✔ 月給制（固定残業代なし／残業分は時間外勤務手当で別途支給）
✔ 資格手当・家族手当・職種手当・通勤手当・役職手当・勤続手当
✔ 社会保険完備（健康保険・厚生年金・雇用保険・労災保険）
✔ 試用期間なし
✔ 初年度想定年収：340万円〜700万円
✔ 年収例：中途入社9年目／固定年額650万円＋賞与710万円＝1360万円
✔ 保養所完備・定期健康診断・人間ドック補助・スポーツクラブ利用補助・
　財形貯蓄制度・確定拠出年金（401K）・永年勤続表彰・社内厚生行事補助"
184,1286,大東建託株式会社,未経験｜土地活用の提案営業｜盛岡市,転勤なし◎フレックス制度で無理なく働ける土地活用提案営業,"✦・━━━━━━━━━━━━━━━・✦
＼岩手県盛岡市で募集中／
""提案する力""が身につく
土地活用の営業職◎
✦・━━━━━━━━━━━━━━━・✦

「商談って一人でやるものでは？」

大東建託の商談は、必ず上司が同席します。
未経験のうちから一人で抱え込む場面はありません。

＝＝＝＝＝＝＝＝＝＝＝＝＝＝＝
【✧提案営業は、この3ステップ✧】

■ ① 訪問
土地オーナー様を訪ね、商談の日程を調整します。

■ ② 商談
上司同席のもと、活用プランや契約条件を提案します。

■ ③ ご契約
成約1件につき、最大225万円のインセンティブを支給。
賞与支給のタイミングでまとめて受け取れます。

＝＝＝＝＝＝＝＝＝＝＝＝＝＝＝
【✨この仕事の魅力✨】

✅ 頑張りが成果に直結
成約数に応じてインセンティブが上乗せされます。

✅ 研修制度あり
未経験からでも、提案の組み立て方を一から学べます。

✅ 転勤・出張なし
会社が指定するエリアへの異動はなく、
希望する地域で働き続けられます。

＝＝＝＝＝＝＝＝＝＝＝＝＝＝＝
【✔働き方✔】

✔ フレックスタイム制度（月平均所定労働時間160時間）
✔ 固定残業代なし（残業分は時間外勤務手当で別途支給）
✔ 社会保険完備（健康保険・厚生年金・雇用保険・労災保険）
✔ 試用期間なし

自分のペースで、一件ずつ丁寧に進めていける仕事です。

案件No：1286","《✼この仕事の4つのポイント✼》

✅ ① 商談は必ず上司同席
未経験のうちから一人で商談に臨むことはありません。
提案内容や契約条件の詰め方も、その場でサポートしてもらえます。

✅ ② 頑張りが成果報酬に直結
1件成約につき最大225万円のインセンティブを支給。
賞与のタイミングでまとめて受け取れます。

✅ ③ 転勤・出張なし
会社が指定するエリアへの異動は一切ありません。
自分の希望する地域で働き続けられます。

✅ ④ フレックスタイム制度
月平均所定労働時間160時間の中で、
始業・終業の時間配分を自分で組み立てられます。

＝＝＝＝＝＝＝＝＝＝＝＝＝＝＝
《✼待遇もしっかり✼》

✔ 月給制（固定残業代なし／残業分は時間外勤務手当で別途支給）
✔ 資格手当・家族手当・職種手当・通勤手当・役職手当・勤続手当
✔ 社会保険完備（健康保険・厚生年金・雇用保険・労災保険）
✔ 試用期間なし
✔ 初年度想定年収：340万円〜700万円
✔ 年収例：中途入社9年目／固定年額650万円＋賞与710万円＝1360万円
✔ 保養所完備・定期健康診断・人間ドック補助・スポーツクラブ利用補助・
　財形貯蓄制度・確定拠出年金（401K）・永年勤続表彰・社内厚生行事補助"
185,2477,大東建託株式会社,未経験｜土地活用の提案営業｜古賀市,転勤なし◎フレックス制度で無理なく働ける土地活用提案営業,"✦・━━━━━━━━━━━━━━━・✦
＼福岡県古賀市で募集中／
オーナー様の「土地」を
価値ある一棟に変える提案営業◎
✦・━━━━━━━━━━━━━━━・✦

「専門知識がないと厳しいのでは？」

商談には必ず上司が同席するので、
知識も進め方も、現場で身につけていけます。

＝＝＝＝＝＝＝＝＝＝＝＝＝＝＝
【✧提案営業は、この3ステップ✧】

■ ① 訪問
土地オーナー様のもとへ伺い、商談の日程を決めます。

■ ② 商談
上司同席で、活用プランや契約条件を一緒に詰めます。

■ ③ ご契約
契約成立で、1件あたり最大225万円のインセンティブを支給。
賞与のタイミングでまとめて支給されます。

＝＝＝＝＝＝＝＝＝＝＝＝＝＝＝
【✨この仕事の魅力✨】

✅ 転勤・出張なし
会社が指定するエリアへの異動はありません。
今の生活拠点を変えずに働き続けられます。

✅ 商談は一人で抱え込まない
上司同席が前提なので、未経験でも
その場で相談しながら進められます。

✅ 研修制度あり
提案の組み立て方から、丁寧に学べます。

＝＝＝＝＝＝＝＝＝＝＝＝＝＝＝
【✔働き方✔】

✔ フレックスタイム制度（月平均所定労働時間160時間）
✔ 固定残業代なし（残業分は時間外勤務手当で別途支給）
✔ 社会保険完備（健康保険・厚生年金・雇用保険・労災保険）
✔ 試用期間なし

まずはお気軽にご応募ください。

案件No：2477","《✼この仕事の4つのポイント✼》

✅ ① 商談は必ず上司同席
未経験のうちから一人で商談に臨むことはありません。
提案内容や契約条件の詰め方も、その場でサポートしてもらえます。

✅ ② 頑張りが成果報酬に直結
1件成約につき最大225万円のインセンティブを支給。
賞与のタイミングでまとめて受け取れます。

✅ ③ 転勤・出張なし
会社が指定するエリアへの異動は一切ありません。
自分の希望する地域で働き続けられます。

✅ ④ フレックスタイム制度
月平均所定労働時間160時間の中で、
始業・終業の時間配分を自分で組み立てられます。

＝＝＝＝＝＝＝＝＝＝＝＝＝＝＝
《✼待遇もしっかり✼》

✔ 月給制（固定残業代なし／残業分は時間外勤務手当で別途支給）
✔ 資格手当・家族手当・職種手当・通勤手当・役職手当・勤続手当
✔ 社会保険完備（健康保険・厚生年金・雇用保険・労災保険）
✔ 試用期間なし
✔ 初年度想定年収：340万円〜700万円
✔ 年収例：中途入社9年目／固定年額650万円＋賞与710万円＝1360万円
✔ 保養所完備・定期健康診断・人間ドック補助・スポーツクラブ利用補助・
　財形貯蓄制度・確定拠出年金（401K）・永年勤続表彰・社内厚生行事補助"
186,252,大東建託株式会社,未経験｜土地活用の提案営業｜相模原市中央区,転勤なし◎フレックス制度で無理なく働ける土地活用提案営業,"✦・━━━━━━━━━━━━━━━・✦
＼神奈川県相模原市中央区で募集中／
土地オーナー様に「活用」を提案する
未経験からの営業職◎
✦・━━━━━━━━━━━━━━━・✦

「営業は未経験だから不安…」

そう感じる方ほど、まずは仕組みを知ってください。
商談には必ず上司が同席するので、
一人で判断を迫られる場面はありません。

＝＝＝＝＝＝＝＝＝＝＝＝＝＝＝
【✧提案営業は、この3ステップ✧】

■ ① 訪問
土地オーナー様のもとへ伺い、商談の日程を調整します。

■ ② 商談
上司が同席し、提案内容や契約条件をサポートします。

■ ③ ご契約
契約成立で、1件あたり最大225万円のインセンティブを支給。
賞与のタイミングでまとめて受け取れます。

＝＝＝＝＝＝＝＝＝＝＝＝＝＝＝
【✨この仕事の魅力✨】

✅ 商談は一人で抱え込まない
上司同席が前提なので、経験がなくても
その場で相談しながら進められます。

✅ 転勤・出張なし
会社が指定するエリアへの異動はありません。
自分の希望する地域で働き続けられます。

✅ 研修制度あり
商談の進め方や提案の組み立て方から学べます。

＝＝＝＝＝＝＝＝＝＝＝＝＝＝＝
【✔働き方✔】

✔ フレックスタイム制度（月平均所定労働時間160時間）
✔ 固定残業代なし（残業分は時間外勤務手当で別途支給）
✔ 社会保険完備（健康保険・厚生年金・雇用保険・労災保険）
✔ 試用期間なし

まずはお気軽にご応募ください。

案件No：252","《✼この仕事の4つのポイント✼》

✅ ① 商談は必ず上司同席
未経験のうちから一人で商談に臨むことはありません。
提案内容や契約条件の詰め方も、その場でサポートしてもらえます。

✅ ② 頑張りが成果報酬に直結
1件成約につき最大225万円のインセンティブを支給。
賞与のタイミングでまとめて受け取れます。

✅ ③ 転勤・出張なし
会社が指定するエリアへの異動は一切ありません。
自分の希望する地域で働き続けられます。

✅ ④ フレックスタイム制度
月平均所定労働時間160時間の中で、
始業・終業の時間配分を自分で組み立てられます。

＝＝＝＝＝＝＝＝＝＝＝＝＝＝＝
《✼待遇もしっかり✼》

✔ 月給制（固定残業代なし／残業分は時間外勤務手当で別途支給）
✔ 資格手当・家族手当・職種手当・通勤手当・役職手当・勤続手当
✔ 社会保険完備（健康保険・厚生年金・雇用保険・労災保険）
✔ 試用期間なし
✔ 初年度想定年収：340万円〜700万円
✔ 年収例：中途入社9年目／固定年額650万円＋賞与710万円＝1360万円
✔ 保養所完備・定期健康診断・人間ドック補助・スポーツクラブ利用補助・
　財形貯蓄制度・確定拠出年金（401K）・永年勤続表彰・社内厚生行事補助"
187,2713,大東建託株式会社,未経験｜土地活用の提案営業｜江戸川区,転勤なし◎フレックス制度で無理なく働ける土地活用提案営業,"✦・━━━━━━━━━━━━━━━・✦
＼東京都江戸川区で募集中／
""提案する力""が身につく
土地活用の営業職◎
✦・━━━━━━━━━━━━━━━・✦

「商談って一人でやるものでは？」

大東建託の商談は、必ず上司が同席します。
未経験のうちから一人で抱え込む場面はありません。

＝＝＝＝＝＝＝＝＝＝＝＝＝＝＝
【✧提案営業は、この3ステップ✧】

■ ① 訪問
土地オーナー様を訪ね、商談の日程を調整します。

■ ② 商談
上司同席のもと、活用プランや契約条件を提案します。

■ ③ ご契約
成約1件につき、最大225万円のインセンティブを支給。
賞与支給のタイミングでまとめて受け取れます。

＝＝＝＝＝＝＝＝＝＝＝＝＝＝＝
【✨この仕事の魅力✨】

✅ 頑張りが成果に直結
成約数に応じてインセンティブが上乗せされます。

✅ 研修制度あり
未経験からでも、提案の組み立て方を一から学べます。

✅ 転勤・出張なし
会社が指定するエリアへの異動はなく、
希望する地域で働き続けられます。

＝＝＝＝＝＝＝＝＝＝＝＝＝＝＝
【✔働き方✔】

✔ フレックスタイム制度（月平均所定労働時間160時間）
✔ 固定残業代なし（残業分は時間外勤務手当で別途支給）
✔ 社会保険完備（健康保険・厚生年金・雇用保険・労災保険）
✔ 試用期間なし

自分のペースで、一件ずつ丁寧に進めていける仕事です。

案件No：2713","《✼この仕事の4つのポイント✼》

✅ ① 商談は必ず上司同席
未経験のうちから一人で商談に臨むことはありません。
提案内容や契約条件の詰め方も、その場でサポートしてもらえます。

✅ ② 頑張りが成果報酬に直結
1件成約につき最大225万円のインセンティブを支給。
賞与のタイミングでまとめて受け取れます。

✅ ③ 転勤・出張なし
会社が指定するエリアへの異動は一切ありません。
自分の希望する地域で働き続けられます。

✅ ④ フレックスタイム制度
月平均所定労働時間160時間の中で、
始業・終業の時間配分を自分で組み立てられます。

＝＝＝＝＝＝＝＝＝＝＝＝＝＝＝
《✼待遇もしっかり✼》

✔ 月給制（固定残業代なし／残業分は時間外勤務手当で別途支給）
✔ 資格手当・家族手当・職種手当・通勤手当・役職手当・勤続手当
✔ 社会保険完備（健康保険・厚生年金・雇用保険・労災保険）
✔ 試用期間なし
✔ 初年度想定年収：340万円〜700万円
✔ 年収例：中途入社9年目／固定年額650万円＋賞与710万円＝1360万円
✔ 保養所完備・定期健康診断・人間ドック補助・スポーツクラブ利用補助・
　財形貯蓄制度・確定拠出年金（401K）・永年勤続表彰・社内厚生行事補助"
188,2497,大東建託株式会社,未経験｜土地活用の提案営業｜岐阜市,転勤なし◎フレックス制度で無理なく働ける土地活用提案営業,"✦・━━━━━━━━━━━━━━━・✦
＼岐阜県岐阜市で募集中／
オーナー様の「土地」を
価値ある一棟に変える提案営業◎
✦・━━━━━━━━━━━━━━━・✦

「専門知識がないと厳しいのでは？」

商談には必ず上司が同席するので、
知識も進め方も、現場で身につけていけます。

＝＝＝＝＝＝＝＝＝＝＝＝＝＝＝
【✧提案営業は、この3ステップ✧】

■ ① 訪問
土地オーナー様のもとへ伺い、商談の日程を決めます。

■ ② 商談
上司同席で、活用プランや契約条件を一緒に詰めます。

■ ③ ご契約
契約成立で、1件あたり最大225万円のインセンティブを支給。
賞与のタイミングでまとめて支給されます。

＝＝＝＝＝＝＝＝＝＝＝＝＝＝＝
【✨この仕事の魅力✨】

✅ 転勤・出張なし
会社が指定するエリアへの異動はありません。
今の生活拠点を変えずに働き続けられます。

✅ 商談は一人で抱え込まない
上司同席が前提なので、未経験でも
その場で相談しながら進められます。

✅ 研修制度あり
提案の組み立て方から、丁寧に学べます。

＝＝＝＝＝＝＝＝＝＝＝＝＝＝＝
【✔働き方✔】

✔ フレックスタイム制度（月平均所定労働時間160時間）
✔ 固定残業代なし（残業分は時間外勤務手当で別途支給）
✔ 社会保険完備（健康保険・厚生年金・雇用保険・労災保険）
✔ 試用期間なし

まずはお気軽にご応募ください。

案件No：2497","《✼この仕事の4つのポイント✼》

✅ ① 商談は必ず上司同席
未経験のうちから一人で商談に臨むことはありません。
提案内容や契約条件の詰め方も、その場でサポートしてもらえます。

✅ ② 頑張りが成果報酬に直結
1件成約につき最大225万円のインセンティブを支給。
賞与のタイミングでまとめて受け取れます。

✅ ③ 転勤・出張なし
会社が指定するエリアへの異動は一切ありません。
自分の希望する地域で働き続けられます。

✅ ④ フレックスタイム制度
月平均所定労働時間160時間の中で、
始業・終業の時間配分を自分で組み立てられます。

＝＝＝＝＝＝＝＝＝＝＝＝＝＝＝
《✼待遇もしっかり✼》

✔ 月給制（固定残業代なし／残業分は時間外勤務手当で別途支給）
✔ 資格手当・家族手当・職種手当・通勤手当・役職手当・勤続手当
✔ 社会保険完備（健康保険・厚生年金・雇用保険・労災保険）
✔ 試用期間なし
✔ 初年度想定年収：340万円〜700万円
✔ 年収例：中途入社9年目／固定年額650万円＋賞与710万円＝1360万円
✔ 保養所完備・定期健康診断・人間ドック補助・スポーツクラブ利用補助・
　財形貯蓄制度・確定拠出年金（401K）・永年勤続表彰・社内厚生行事補助"
189,702,大東建託株式会社,未経験｜土地活用の提案営業｜大野城市,転勤なし◎フレックス制度で無理なく働ける土地活用提案営業,"✦・━━━━━━━━━━━━━━━・✦
＼福岡県大野城市で募集中／
土地オーナー様に「活用」を提案する
未経験からの営業職◎
✦・━━━━━━━━━━━━━━━・✦

「営業は未経験だから不安…」

そう感じる方ほど、まずは仕組みを知ってください。
商談には必ず上司が同席するので、
一人で判断を迫られる場面はありません。

＝＝＝＝＝＝＝＝＝＝＝＝＝＝＝
【✧提案営業は、この3ステップ✧】

■ ① 訪問
土地オーナー様のもとへ伺い、商談の日程を調整します。

■ ② 商談
上司が同席し、提案内容や契約条件をサポートします。

■ ③ ご契約
契約成立で、1件あたり最大225万円のインセンティブを支給。
賞与のタイミングでまとめて受け取れます。

＝＝＝＝＝＝＝＝＝＝＝＝＝＝＝
【✨この仕事の魅力✨】

✅ 商談は一人で抱え込まない
上司同席が前提なので、経験がなくても
その場で相談しながら進められます。

✅ 転勤・出張なし
会社が指定するエリアへの異動はありません。
自分の希望する地域で働き続けられます。

✅ 研修制度あり
商談の進め方や提案の組み立て方から学べます。

＝＝＝＝＝＝＝＝＝＝＝＝＝＝＝
【✔働き方✔】

✔ フレックスタイム制度（月平均所定労働時間160時間）
✔ 固定残業代なし（残業分は時間外勤務手当で別途支給）
✔ 社会保険完備（健康保険・厚生年金・雇用保険・労災保険）
✔ 試用期間なし

まずはお気軽にご応募ください。

案件No：702","《✼この仕事の4つのポイント✼》

✅ ① 商談は必ず上司同席
未経験のうちから一人で商談に臨むことはありません。
提案内容や契約条件の詰め方も、その場でサポートしてもらえます。

✅ ② 頑張りが成果報酬に直結
1件成約につき最大225万円のインセンティブを支給。
賞与のタイミングでまとめて受け取れます。

✅ ③ 転勤・出張なし
会社が指定するエリアへの異動は一切ありません。
自分の希望する地域で働き続けられます。

✅ ④ フレックスタイム制度
月平均所定労働時間160時間の中で、
始業・終業の時間配分を自分で組み立てられます。

＝＝＝＝＝＝＝＝＝＝＝＝＝＝＝
《✼待遇もしっかり✼》

✔ 月給制（固定残業代なし／残業分は時間外勤務手当で別途支給）
✔ 資格手当・家族手当・職種手当・通勤手当・役職手当・勤続手当
✔ 社会保険完備（健康保険・厚生年金・雇用保険・労災保険）
✔ 試用期間なし
✔ 初年度想定年収：340万円〜700万円
✔ 年収例：中途入社9年目／固定年額650万円＋賞与710万円＝1360万円
✔ 保養所完備・定期健康診断・人間ドック補助・スポーツクラブ利用補助・
　財形貯蓄制度・確定拠出年金（401K）・永年勤続表彰・社内厚生行事補助"
190,2130,大東建託株式会社,未経験｜土地活用の提案営業｜芦屋市,転勤なし◎フレックス制度で無理なく働ける土地活用提案営業,"✦・━━━━━━━━━━━━━━━・✦
＼兵庫県芦屋市で募集中／
""提案する力""が身につく
土地活用の営業職◎
✦・━━━━━━━━━━━━━━━・✦

「商談って一人でやるものでは？」

大東建託の商談は、必ず上司が同席します。
未経験のうちから一人で抱え込む場面はありません。

＝＝＝＝＝＝＝＝＝＝＝＝＝＝＝
【✧提案営業は、この3ステップ✧】

■ ① 訪問
土地オーナー様を訪ね、商談の日程を調整します。

■ ② 商談
上司同席のもと、活用プランや契約条件を提案します。

■ ③ ご契約
成約1件につき、最大225万円のインセンティブを支給。
賞与支給のタイミングでまとめて受け取れます。

＝＝＝＝＝＝＝＝＝＝＝＝＝＝＝
【✨この仕事の魅力✨】

✅ 頑張りが成果に直結
成約数に応じてインセンティブが上乗せされます。

✅ 研修制度あり
未経験からでも、提案の組み立て方を一から学べます。

✅ 転勤・出張なし
会社が指定するエリアへの異動はなく、
希望する地域で働き続けられます。

＝＝＝＝＝＝＝＝＝＝＝＝＝＝＝
【✔働き方✔】

✔ フレックスタイム制度（月平均所定労働時間160時間）
✔ 固定残業代なし（残業分は時間外勤務手当で別途支給）
✔ 社会保険完備（健康保険・厚生年金・雇用保険・労災保険）
✔ 試用期間なし

自分のペースで、一件ずつ丁寧に進めていける仕事です。

案件No：2130","《✼この仕事の4つのポイント✼》

✅ ① 商談は必ず上司同席
未経験のうちから一人で商談に臨むことはありません。
提案内容や契約条件の詰め方も、その場でサポートしてもらえます。

✅ ② 頑張りが成果報酬に直結
1件成約につき最大225万円のインセンティブを支給。
賞与のタイミングでまとめて受け取れます。

✅ ③ 転勤・出張なし
会社が指定するエリアへの異動は一切ありません。
自分の希望する地域で働き続けられます。

✅ ④ フレックスタイム制度
月平均所定労働時間160時間の中で、
始業・終業の時間配分を自分で組み立てられます。

＝＝＝＝＝＝＝＝＝＝＝＝＝＝＝
《✼待遇もしっかり✼》

✔ 月給制（固定残業代なし／残業分は時間外勤務手当で別途支給）
✔ 資格手当・家族手当・職種手当・通勤手当・役職手当・勤続手当
✔ 社会保険完備（健康保険・厚生年金・雇用保険・労災保険）
✔ 試用期間なし
✔ 初年度想定年収：340万円〜700万円
✔ 年収例：中途入社9年目／固定年額650万円＋賞与710万円＝1360万円
✔ 保養所完備・定期健康診断・人間ドック補助・スポーツクラブ利用補助・
　財形貯蓄制度・確定拠出年金（401K）・永年勤続表彰・社内厚生行事補助"
191,1704,大東建託株式会社,未経験｜土地活用の提案営業｜大和市,転勤なし◎フレックス制度で無理なく働ける土地活用提案営業,"✦・━━━━━━━━━━━━━━━・✦
＼神奈川県大和市で募集中／
オーナー様の「土地」を
価値ある一棟に変える提案営業◎
✦・━━━━━━━━━━━━━━━・✦

「専門知識がないと厳しいのでは？」

商談には必ず上司が同席するので、
知識も進め方も、現場で身につけていけます。

＝＝＝＝＝＝＝＝＝＝＝＝＝＝＝
【✧提案営業は、この3ステップ✧】

■ ① 訪問
土地オーナー様のもとへ伺い、商談の日程を決めます。

■ ② 商談
上司同席で、活用プランや契約条件を一緒に詰めます。

■ ③ ご契約
契約成立で、1件あたり最大225万円のインセンティブを支給。
賞与のタイミングでまとめて支給されます。

＝＝＝＝＝＝＝＝＝＝＝＝＝＝＝
【✨この仕事の魅力✨】

✅ 転勤・出張なし
会社が指定するエリアへの異動はありません。
今の生活拠点を変えずに働き続けられます。

✅ 商談は一人で抱え込まない
上司同席が前提なので、未経験でも
その場で相談しながら進められます。

✅ 研修制度あり
提案の組み立て方から、丁寧に学べます。

＝＝＝＝＝＝＝＝＝＝＝＝＝＝＝
【✔働き方✔】

✔ フレックスタイム制度（月平均所定労働時間160時間）
✔ 固定残業代なし（残業分は時間外勤務手当で別途支給）
✔ 社会保険完備（健康保険・厚生年金・雇用保険・労災保険）
✔ 試用期間なし

まずはお気軽にご応募ください。

案件No：1704","《✼この仕事の4つのポイント✼》

✅ ① 商談は必ず上司同席
未経験のうちから一人で商談に臨むことはありません。
提案内容や契約条件の詰め方も、その場でサポートしてもらえます。

✅ ② 頑張りが成果報酬に直結
1件成約につき最大225万円のインセンティブを支給。
賞与のタイミングでまとめて受け取れます。

✅ ③ 転勤・出張なし
会社が指定するエリアへの異動は一切ありません。
自分の希望する地域で働き続けられます。

✅ ④ フレックスタイム制度
月平均所定労働時間160時間の中で、
始業・終業の時間配分を自分で組み立てられます。

＝＝＝＝＝＝＝＝＝＝＝＝＝＝＝
《✼待遇もしっかり✼》

✔ 月給制（固定残業代なし／残業分は時間外勤務手当で別途支給）
✔ 資格手当・家族手当・職種手当・通勤手当・役職手当・勤続手当
✔ 社会保険完備（健康保険・厚生年金・雇用保険・労災保険）
✔ 試用期間なし
✔ 初年度想定年収：340万円〜700万円
✔ 年収例：中途入社9年目／固定年額650万円＋賞与710万円＝1360万円
✔ 保養所完備・定期健康診断・人間ドック補助・スポーツクラブ利用補助・
　財形貯蓄制度・確定拠出年金（401K）・永年勤続表彰・社内厚生行事補助"
192,2212,大東建託株式会社,未経験｜土地活用の提案営業｜江東区,転勤なし◎フレックス制度で無理なく働ける土地活用提案営業,"✦・━━━━━━━━━━━━━━━・✦
＼東京都江東区で募集中／
土地オーナー様に「活用」を提案する
未経験からの営業職◎
✦・━━━━━━━━━━━━━━━・✦

「営業は未経験だから不安…」

そう感じる方ほど、まずは仕組みを知ってください。
商談には必ず上司が同席するので、
一人で判断を迫られる場面はありません。

＝＝＝＝＝＝＝＝＝＝＝＝＝＝＝
【✧提案営業は、この3ステップ✧】

■ ① 訪問
土地オーナー様のもとへ伺い、商談の日程を調整します。

■ ② 商談
上司が同席し、提案内容や契約条件をサポートします。

■ ③ ご契約
契約成立で、1件あたり最大225万円のインセンティブを支給。
賞与のタイミングでまとめて受け取れます。

＝＝＝＝＝＝＝＝＝＝＝＝＝＝＝
【✨この仕事の魅力✨】

✅ 商談は一人で抱え込まない
上司同席が前提なので、経験がなくても
その場で相談しながら進められます。

✅ 転勤・出張なし
会社が指定するエリアへの異動はありません。
自分の希望する地域で働き続けられます。

✅ 研修制度あり
商談の進め方や提案の組み立て方から学べます。

＝＝＝＝＝＝＝＝＝＝＝＝＝＝＝
【✔働き方✔】

✔ フレックスタイム制度（月平均所定労働時間160時間）
✔ 固定残業代なし（残業分は時間外勤務手当で別途支給）
✔ 社会保険完備（健康保険・厚生年金・雇用保険・労災保険）
✔ 試用期間なし

まずはお気軽にご応募ください。

案件No：2212","《✼この仕事の4つのポイント✼》

✅ ① 商談は必ず上司同席
未経験のうちから一人で商談に臨むことはありません。
提案内容や契約条件の詰め方も、その場でサポートしてもらえます。

✅ ② 頑張りが成果報酬に直結
1件成約につき最大225万円のインセンティブを支給。
賞与のタイミングでまとめて受け取れます。

✅ ③ 転勤・出張なし
会社が指定するエリアへの異動は一切ありません。
自分の希望する地域で働き続けられます。

✅ ④ フレックスタイム制度
月平均所定労働時間160時間の中で、
始業・終業の時間配分を自分で組み立てられます。

＝＝＝＝＝＝＝＝＝＝＝＝＝＝＝
《✼待遇もしっかり✼》

✔ 月給制（固定残業代なし／残業分は時間外勤務手当で別途支給）
✔ 資格手当・家族手当・職種手当・通勤手当・役職手当・勤続手当
✔ 社会保険完備（健康保険・厚生年金・雇用保険・労災保険）
✔ 試用期間なし
✔ 初年度想定年収：340万円〜700万円
✔ 年収例：中途入社9年目／固定年額650万円＋賞与710万円＝1360万円
✔ 保養所完備・定期健康診断・人間ドック補助・スポーツクラブ利用補助・
　財形貯蓄制度・確定拠出年金（401K）・永年勤続表彰・社内厚生行事補助"
193,1536,大東建託株式会社,未経験｜土地活用の提案営業｜藤沢市,転勤なし◎フレックス制度で無理なく働ける土地活用提案営業,"✦・━━━━━━━━━━━━━━━・✦
＼神奈川県藤沢市で募集中／
""提案する力""が身につく
土地活用の営業職◎
✦・━━━━━━━━━━━━━━━・✦

「商談って一人でやるものでは？」

大東建託の商談は、必ず上司が同席します。
未経験のうちから一人で抱え込む場面はありません。

＝＝＝＝＝＝＝＝＝＝＝＝＝＝＝
【✧提案営業は、この3ステップ✧】

■ ① 訪問
土地オーナー様を訪ね、商談の日程を調整します。

■ ② 商談
上司同席のもと、活用プランや契約条件を提案します。

■ ③ ご契約
成約1件につき、最大225万円のインセンティブを支給。
賞与支給のタイミングでまとめて受け取れます。

＝＝＝＝＝＝＝＝＝＝＝＝＝＝＝
【✨この仕事の魅力✨】

✅ 頑張りが成果に直結
成約数に応じてインセンティブが上乗せされます。

✅ 研修制度あり
未経験からでも、提案の組み立て方を一から学べます。

✅ 転勤・出張なし
会社が指定するエリアへの異動はなく、
希望する地域で働き続けられます。

＝＝＝＝＝＝＝＝＝＝＝＝＝＝＝
【✔働き方✔】

✔ フレックスタイム制度（月平均所定労働時間160時間）
✔ 固定残業代なし（残業分は時間外勤務手当で別途支給）
✔ 社会保険完備（健康保険・厚生年金・雇用保険・労災保険）
✔ 試用期間なし

自分のペースで、一件ずつ丁寧に進めていける仕事です。

案件No：1536","《✼この仕事の4つのポイント✼》

✅ ① 商談は必ず上司同席
未経験のうちから一人で商談に臨むことはありません。
提案内容や契約条件の詰め方も、その場でサポートしてもらえます。

✅ ② 頑張りが成果報酬に直結
1件成約につき最大225万円のインセンティブを支給。
賞与のタイミングでまとめて受け取れます。

✅ ③ 転勤・出張なし
会社が指定するエリアへの異動は一切ありません。
自分の希望する地域で働き続けられます。

✅ ④ フレックスタイム制度
月平均所定労働時間160時間の中で、
始業・終業の時間配分を自分で組み立てられます。

＝＝＝＝＝＝＝＝＝＝＝＝＝＝＝
《✼待遇もしっかり✼》

✔ 月給制（固定残業代なし／残業分は時間外勤務手当で別途支給）
✔ 資格手当・家族手当・職種手当・通勤手当・役職手当・勤続手当
✔ 社会保険完備（健康保険・厚生年金・雇用保険・労災保険）
✔ 試用期間なし
✔ 初年度想定年収：340万円〜700万円
✔ 年収例：中途入社9年目／固定年額650万円＋賞与710万円＝1360万円
✔ 保養所完備・定期健康診断・人間ドック補助・スポーツクラブ利用補助・
　財形貯蓄制度・確定拠出年金（401K）・永年勤続表彰・社内厚生行事補助"
194,1683,大東建託株式会社,未経験｜土地活用の提案営業｜港区,転勤なし◎フレックス制度で無理なく働ける土地活用提案営業,"✦・━━━━━━━━━━━━━━━・✦
＼東京都港区で募集中／
オーナー様の「土地」を
価値ある一棟に変える提案営業◎
✦・━━━━━━━━━━━━━━━・✦

「専門知識がないと厳しいのでは？」

商談には必ず上司が同席するので、
知識も進め方も、現場で身につけていけます。

＝＝＝＝＝＝＝＝＝＝＝＝＝＝＝
【✧提案営業は、この3ステップ✧】

■ ① 訪問
土地オーナー様のもとへ伺い、商談の日程を決めます。

■ ② 商談
上司同席で、活用プランや契約条件を一緒に詰めます。

■ ③ ご契約
契約成立で、1件あたり最大225万円のインセンティブを支給。
賞与のタイミングでまとめて支給されます。

＝＝＝＝＝＝＝＝＝＝＝＝＝＝＝
【✨この仕事の魅力✨】

✅ 転勤・出張なし
会社が指定するエリアへの異動はありません。
今の生活拠点を変えずに働き続けられます。

✅ 商談は一人で抱え込まない
上司同席が前提なので、未経験でも
その場で相談しながら進められます。

✅ 研修制度あり
提案の組み立て方から、丁寧に学べます。

＝＝＝＝＝＝＝＝＝＝＝＝＝＝＝
【✔働き方✔】

✔ フレックスタイム制度（月平均所定労働時間160時間）
✔ 固定残業代なし（残業分は時間外勤務手当で別途支給）
✔ 社会保険完備（健康保険・厚生年金・雇用保険・労災保険）
✔ 試用期間なし

まずはお気軽にご応募ください。

案件No：1683","《✼この仕事の4つのポイント✼》

✅ ① 商談は必ず上司同席
未経験のうちから一人で商談に臨むことはありません。
提案内容や契約条件の詰め方も、その場でサポートしてもらえます。

✅ ② 頑張りが成果報酬に直結
1件成約につき最大225万円のインセンティブを支給。
賞与のタイミングでまとめて受け取れます。

✅ ③ 転勤・出張なし
会社が指定するエリアへの異動は一切ありません。
自分の希望する地域で働き続けられます。

✅ ④ フレックスタイム制度
月平均所定労働時間160時間の中で、
始業・終業の時間配分を自分で組み立てられます。

＝＝＝＝＝＝＝＝＝＝＝＝＝＝＝
《✼待遇もしっかり✼》

✔ 月給制（固定残業代なし／残業分は時間外勤務手当で別途支給）
✔ 資格手当・家族手当・職種手当・通勤手当・役職手当・勤続手当
✔ 社会保険完備（健康保険・厚生年金・雇用保険・労災保険）
✔ 試用期間なし
✔ 初年度想定年収：340万円〜700万円
✔ 年収例：中途入社9年目／固定年額650万円＋賞与710万円＝1360万円
✔ 保養所完備・定期健康診断・人間ドック補助・スポーツクラブ利用補助・
　財形貯蓄制度・確定拠出年金（401K）・永年勤続表彰・社内厚生行事補助"
195,13,大東建託株式会社,未経験｜土地活用の提案営業｜豊川市,転勤なし◎フレックス制度で無理なく働ける土地活用提案営業,"✦・━━━━━━━━━━━━━━━・✦
＼愛知県豊川市で募集中／
土地オーナー様に「活用」を提案する
未経験からの営業職◎
✦・━━━━━━━━━━━━━━━・✦

「営業は未経験だから不安…」

そう感じる方ほど、まずは仕組みを知ってください。
商談には必ず上司が同席するので、
一人で判断を迫られる場面はありません。

＝＝＝＝＝＝＝＝＝＝＝＝＝＝＝
【✧提案営業は、この3ステップ✧】

■ ① 訪問
土地オーナー様のもとへ伺い、商談の日程を調整します。

■ ② 商談
上司が同席し、提案内容や契約条件をサポートします。

■ ③ ご契約
契約成立で、1件あたり最大225万円のインセンティブを支給。
賞与のタイミングでまとめて受け取れます。

＝＝＝＝＝＝＝＝＝＝＝＝＝＝＝
【✨この仕事の魅力✨】

✅ 商談は一人で抱え込まない
上司同席が前提なので、経験がなくても
その場で相談しながら進められます。

✅ 転勤・出張なし
会社が指定するエリアへの異動はありません。
自分の希望する地域で働き続けられます。

✅ 研修制度あり
商談の進め方や提案の組み立て方から学べます。

＝＝＝＝＝＝＝＝＝＝＝＝＝＝＝
【✔働き方✔】

✔ フレックスタイム制度（月平均所定労働時間160時間）
✔ 固定残業代なし（残業分は時間外勤務手当で別途支給）
✔ 社会保険完備（健康保険・厚生年金・雇用保険・労災保険）
✔ 試用期間なし

まずはお気軽にご応募ください。

案件No：13","《✼この仕事の4つのポイント✼》

✅ ① 商談は必ず上司同席
未経験のうちから一人で商談に臨むことはありません。
提案内容や契約条件の詰め方も、その場でサポートしてもらえます。

✅ ② 頑張りが成果報酬に直結
1件成約につき最大225万円のインセンティブを支給。
賞与のタイミングでまとめて受け取れます。

✅ ③ 転勤・出張なし
会社が指定するエリアへの異動は一切ありません。
自分の希望する地域で働き続けられます。

✅ ④ フレックスタイム制度
月平均所定労働時間160時間の中で、
始業・終業の時間配分を自分で組み立てられます。

＝＝＝＝＝＝＝＝＝＝＝＝＝＝＝
《✼待遇もしっかり✼》

✔ 月給制（固定残業代なし／残業分は時間外勤務手当で別途支給）
✔ 資格手当・家族手当・職種手当・通勤手当・役職手当・勤続手当
✔ 社会保険完備（健康保険・厚生年金・雇用保険・労災保険）
✔ 試用期間なし
✔ 初年度想定年収：340万円〜700万円
✔ 年収例：中途入社9年目／固定年額650万円＋賞与710万円＝1360万円
✔ 保養所完備・定期健康診断・人間ドック補助・スポーツクラブ利用補助・
　財形貯蓄制度・確定拠出年金（401K）・永年勤続表彰・社内厚生行事補助"
196,446,大東建託株式会社,未経験｜土地活用の提案営業｜神戸市西区,転勤なし◎フレックス制度で無理なく働ける土地活用提案営業,"✦・━━━━━━━━━━━━━━━・✦
＼兵庫県神戸市西区で募集中／
""提案する力""が身につく
土地活用の営業職◎
✦・━━━━━━━━━━━━━━━・✦

「商談って一人でやるものでは？」

大東建託の商談は、必ず上司が同席します。
未経験のうちから一人で抱え込む場面はありません。

＝＝＝＝＝＝＝＝＝＝＝＝＝＝＝
【✧提案営業は、この3ステップ✧】

■ ① 訪問
土地オーナー様を訪ね、商談の日程を調整します。

■ ② 商談
上司同席のもと、活用プランや契約条件を提案します。

■ ③ ご契約
成約1件につき、最大225万円のインセンティブを支給。
賞与支給のタイミングでまとめて受け取れます。

＝＝＝＝＝＝＝＝＝＝＝＝＝＝＝
【✨この仕事の魅力✨】

✅ 頑張りが成果に直結
成約数に応じてインセンティブが上乗せされます。

✅ 研修制度あり
未経験からでも、提案の組み立て方を一から学べます。

✅ 転勤・出張なし
会社が指定するエリアへの異動はなく、
希望する地域で働き続けられます。

＝＝＝＝＝＝＝＝＝＝＝＝＝＝＝
【✔働き方✔】

✔ フレックスタイム制度（月平均所定労働時間160時間）
✔ 固定残業代なし（残業分は時間外勤務手当で別途支給）
✔ 社会保険完備（健康保険・厚生年金・雇用保険・労災保険）
✔ 試用期間なし

自分のペースで、一件ずつ丁寧に進めていける仕事です。

案件No：446","《✼この仕事の4つのポイント✼》

✅ ① 商談は必ず上司同席
未経験のうちから一人で商談に臨むことはありません。
提案内容や契約条件の詰め方も、その場でサポートしてもらえます。

✅ ② 頑張りが成果報酬に直結
1件成約につき最大225万円のインセンティブを支給。
賞与のタイミングでまとめて受け取れます。

✅ ③ 転勤・出張なし
会社が指定するエリアへの異動は一切ありません。
自分の希望する地域で働き続けられます。

✅ ④ フレックスタイム制度
月平均所定労働時間160時間の中で、
始業・終業の時間配分を自分で組み立てられます。

＝＝＝＝＝＝＝＝＝＝＝＝＝＝＝
《✼待遇もしっかり✼》

✔ 月給制（固定残業代なし／残業分は時間外勤務手当で別途支給）
✔ 資格手当・家族手当・職種手当・通勤手当・役職手当・勤続手当
✔ 社会保険完備（健康保険・厚生年金・雇用保険・労災保険）
✔ 試用期間なし
✔ 初年度想定年収：340万円〜700万円
✔ 年収例：中途入社9年目／固定年額650万円＋賞与710万円＝1360万円
✔ 保養所完備・定期健康診断・人間ドック補助・スポーツクラブ利用補助・
　財形貯蓄制度・確定拠出年金（401K）・永年勤続表彰・社内厚生行事補助"
197,2648,大東建託株式会社,未経験｜土地活用の提案営業｜豊田市,転勤なし◎フレックス制度で無理なく働ける土地活用提案営業,"✦・━━━━━━━━━━━━━━━・✦
＼愛知県豊田市で募集中／
オーナー様の「土地」を
価値ある一棟に変える提案営業◎
✦・━━━━━━━━━━━━━━━・✦

「専門知識がないと厳しいのでは？」

商談には必ず上司が同席するので、
知識も進め方も、現場で身につけていけます。

＝＝＝＝＝＝＝＝＝＝＝＝＝＝＝
【✧提案営業は、この3ステップ✧】

■ ① 訪問
土地オーナー様のもとへ伺い、商談の日程を決めます。

■ ② 商談
上司同席で、活用プランや契約条件を一緒に詰めます。

■ ③ ご契約
契約成立で、1件あたり最大225万円のインセンティブを支給。
賞与のタイミングでまとめて支給されます。

＝＝＝＝＝＝＝＝＝＝＝＝＝＝＝
【✨この仕事の魅力✨】

✅ 転勤・出張なし
会社が指定するエリアへの異動はありません。
今の生活拠点を変えずに働き続けられます。

✅ 商談は一人で抱え込まない
上司同席が前提なので、未経験でも
その場で相談しながら進められます。

✅ 研修制度あり
提案の組み立て方から、丁寧に学べます。

＝＝＝＝＝＝＝＝＝＝＝＝＝＝＝
【✔働き方✔】

✔ フレックスタイム制度（月平均所定労働時間160時間）
✔ 固定残業代なし（残業分は時間外勤務手当で別途支給）
✔ 社会保険完備（健康保険・厚生年金・雇用保険・労災保険）
✔ 試用期間なし

まずはお気軽にご応募ください。

案件No：2648","《✼この仕事の4つのポイント✼》

✅ ① 商談は必ず上司同席
未経験のうちから一人で商談に臨むことはありません。
提案内容や契約条件の詰め方も、その場でサポートしてもらえます。

✅ ② 頑張りが成果報酬に直結
1件成約につき最大225万円のインセンティブを支給。
賞与のタイミングでまとめて受け取れます。

✅ ③ 転勤・出張なし
会社が指定するエリアへの異動は一切ありません。
自分の希望する地域で働き続けられます。

✅ ④ フレックスタイム制度
月平均所定労働時間160時間の中で、
始業・終業の時間配分を自分で組み立てられます。

＝＝＝＝＝＝＝＝＝＝＝＝＝＝＝
《✼待遇もしっかり✼》

✔ 月給制（固定残業代なし／残業分は時間外勤務手当で別途支給）
✔ 資格手当・家族手当・職種手当・通勤手当・役職手当・勤続手当
✔ 社会保険完備（健康保険・厚生年金・雇用保険・労災保険）
✔ 試用期間なし
✔ 初年度想定年収：340万円〜700万円
✔ 年収例：中途入社9年目／固定年額650万円＋賞与710万円＝1360万円
✔ 保養所完備・定期健康診断・人間ドック補助・スポーツクラブ利用補助・
　財形貯蓄制度・確定拠出年金（401K）・永年勤続表彰・社内厚生行事補助"
198,2471,大東建託株式会社,未経験｜土地活用の提案営業｜平塚市,転勤なし◎フレックス制度で無理なく働ける土地活用提案営業,"✦・━━━━━━━━━━━━━━━・✦
＼神奈川県平塚市で募集中／
土地オーナー様に「活用」を提案する
未経験からの営業職◎
✦・━━━━━━━━━━━━━━━・✦

「営業は未経験だから不安…」

そう感じる方ほど、まずは仕組みを知ってください。
商談には必ず上司が同席するので、
一人で判断を迫られる場面はありません。

＝＝＝＝＝＝＝＝＝＝＝＝＝＝＝
【✧提案営業は、この3ステップ✧】

■ ① 訪問
土地オーナー様のもとへ伺い、商談の日程を調整します。

■ ② 商談
上司が同席し、提案内容や契約条件をサポートします。

■ ③ ご契約
契約成立で、1件あたり最大225万円のインセンティブを支給。
賞与のタイミングでまとめて受け取れます。

＝＝＝＝＝＝＝＝＝＝＝＝＝＝＝
【✨この仕事の魅力✨】

✅ 商談は一人で抱え込まない
上司同席が前提なので、経験がなくても
その場で相談しながら進められます。

✅ 転勤・出張なし
会社が指定するエリアへの異動はありません。
自分の希望する地域で働き続けられます。

✅ 研修制度あり
商談の進め方や提案の組み立て方から学べます。

＝＝＝＝＝＝＝＝＝＝＝＝＝＝＝
【✔働き方✔】

✔ フレックスタイム制度（月平均所定労働時間160時間）
✔ 固定残業代なし（残業分は時間外勤務手当で別途支給）
✔ 社会保険完備（健康保険・厚生年金・雇用保険・労災保険）
✔ 試用期間なし

まずはお気軽にご応募ください。

案件No：2471","《✼この仕事の4つのポイント✼》

✅ ① 商談は必ず上司同席
未経験のうちから一人で商談に臨むことはありません。
提案内容や契約条件の詰め方も、その場でサポートしてもらえます。

✅ ② 頑張りが成果報酬に直結
1件成約につき最大225万円のインセンティブを支給。
賞与のタイミングでまとめて受け取れます。

✅ ③ 転勤・出張なし
会社が指定するエリアへの異動は一切ありません。
自分の希望する地域で働き続けられます。

✅ ④ フレックスタイム制度
月平均所定労働時間160時間の中で、
始業・終業の時間配分を自分で組み立てられます。

＝＝＝＝＝＝＝＝＝＝＝＝＝＝＝
《✼待遇もしっかり✼》

✔ 月給制（固定残業代なし／残業分は時間外勤務手当で別途支給）
✔ 資格手当・家族手当・職種手当・通勤手当・役職手当・勤続手当
✔ 社会保険完備（健康保険・厚生年金・雇用保険・労災保険）
✔ 試用期間なし
✔ 初年度想定年収：340万円〜700万円
✔ 年収例：中途入社9年目／固定年額650万円＋賞与710万円＝1360万円
✔ 保養所完備・定期健康診断・人間ドック補助・スポーツクラブ利用補助・
　財形貯蓄制度・確定拠出年金（401K）・永年勤続表彰・社内厚生行事補助"
199,1400,大東建託株式会社,未経験｜土地活用の提案営業｜港区,転勤なし◎フレックス制度で無理なく働ける土地活用提案営業,"✦・━━━━━━━━━━━━━━━・✦
＼東京都港区で募集中／
""提案する力""が身につく
土地活用の営業職◎
✦・━━━━━━━━━━━━━━━・✦

「商談って一人でやるものでは？」

大東建託の商談は、必ず上司が同席します。
未経験のうちから一人で抱え込む場面はありません。

＝＝＝＝＝＝＝＝＝＝＝＝＝＝＝
【✧提案営業は、この3ステップ✧】

■ ① 訪問
土地オーナー様を訪ね、商談の日程を調整します。

■ ② 商談
上司同席のもと、活用プランや契約条件を提案します。

■ ③ ご契約
成約1件につき、最大225万円のインセンティブを支給。
賞与支給のタイミングでまとめて受け取れます。

＝＝＝＝＝＝＝＝＝＝＝＝＝＝＝
【✨この仕事の魅力✨】

✅ 頑張りが成果に直結
成約数に応じてインセンティブが上乗せされます。

✅ 研修制度あり
未経験からでも、提案の組み立て方を一から学べます。

✅ 転勤・出張なし
会社が指定するエリアへの異動はなく、
希望する地域で働き続けられます。

＝＝＝＝＝＝＝＝＝＝＝＝＝＝＝
【✔働き方✔】

✔ フレックスタイム制度（月平均所定労働時間160時間）
✔ 固定残業代なし（残業分は時間外勤務手当で別途支給）
✔ 社会保険完備（健康保険・厚生年金・雇用保険・労災保険）
✔ 試用期間なし

自分のペースで、一件ずつ丁寧に進めていける仕事です。

案件No：1400","《✼この仕事の4つのポイント✼》

✅ ① 商談は必ず上司同席
未経験のうちから一人で商談に臨むことはありません。
提案内容や契約条件の詰め方も、その場でサポートしてもらえます。

✅ ② 頑張りが成果報酬に直結
1件成約につき最大225万円のインセンティブを支給。
賞与のタイミングでまとめて受け取れます。

✅ ③ 転勤・出張なし
会社が指定するエリアへの異動は一切ありません。
自分の希望する地域で働き続けられます。

✅ ④ フレックスタイム制度
月平均所定労働時間160時間の中で、
始業・終業の時間配分を自分で組み立てられます。

＝＝＝＝＝＝＝＝＝＝＝＝＝＝＝
《✼待遇もしっかり✼》

✔ 月給制（固定残業代なし／残業分は時間外勤務手当で別途支給）
✔ 資格手当・家族手当・職種手当・通勤手当・役職手当・勤続手当
✔ 社会保険完備（健康保険・厚生年金・雇用保険・労災保険）
✔ 試用期間なし
✔ 初年度想定年収：340万円〜700万円
✔ 年収例：中途入社9年目／固定年額650万円＋賞与710万円＝1360万円
✔ 保養所完備・定期健康診断・人間ドック補助・スポーツクラブ利用補助・
　財形貯蓄制度・確定拠出年金（401K）・永年勤続表彰・社内厚生行事補助"
200,2396,大東建託株式会社,未経験｜土地活用の提案営業｜神戸市中央区,転勤なし◎フレックス制度で無理なく働ける土地活用提案営業,"✦・━━━━━━━━━━━━━━━・✦
＼兵庫県神戸市中央区で募集中／
オーナー様の「土地」を
価値ある一棟に変える提案営業◎
✦・━━━━━━━━━━━━━━━・✦

「専門知識がないと厳しいのでは？」

商談には必ず上司が同席するので、
知識も進め方も、現場で身につけていけます。

＝＝＝＝＝＝＝＝＝＝＝＝＝＝＝
【✧提案営業は、この3ステップ✧】

■ ① 訪問
土地オーナー様のもとへ伺い、商談の日程を決めます。

■ ② 商談
上司同席で、活用プランや契約条件を一緒に詰めます。

■ ③ ご契約
契約成立で、1件あたり最大225万円のインセンティブを支給。
賞与のタイミングでまとめて支給されます。

＝＝＝＝＝＝＝＝＝＝＝＝＝＝＝
【✨この仕事の魅力✨】

✅ 転勤・出張なし
会社が指定するエリアへの異動はありません。
今の生活拠点を変えずに働き続けられます。

✅ 商談は一人で抱え込まない
上司同席が前提なので、未経験でも
その場で相談しながら進められます。

✅ 研修制度あり
提案の組み立て方から、丁寧に学べます。

＝＝＝＝＝＝＝＝＝＝＝＝＝＝＝
【✔働き方✔】

✔ フレックスタイム制度（月平均所定労働時間160時間）
✔ 固定残業代なし（残業分は時間外勤務手当で別途支給）
✔ 社会保険完備（健康保険・厚生年金・雇用保険・労災保険）
✔ 試用期間なし

まずはお気軽にご応募ください。

案件No：2396","《✼この仕事の4つのポイント✼》

✅ ① 商談は必ず上司同席
未経験のうちから一人で商談に臨むことはありません。
提案内容や契約条件の詰め方も、その場でサポートしてもらえます。

✅ ② 頑張りが成果報酬に直結
1件成約につき最大225万円のインセンティブを支給。
賞与のタイミングでまとめて受け取れます。

✅ ③ 転勤・出張なし
会社が指定するエリアへの異動は一切ありません。
自分の希望する地域で働き続けられます。

✅ ④ フレックスタイム制度
月平均所定労働時間160時間の中で、
始業・終業の時間配分を自分で組み立てられます。

＝＝＝＝＝＝＝＝＝＝＝＝＝＝＝
《✼待遇もしっかり✼》

✔ 月給制（固定残業代なし／残業分は時間外勤務手当で別途支給）
✔ 資格手当・家族手当・職種手当・通勤手当・役職手当・勤続手当
✔ 社会保険完備（健康保険・厚生年金・雇用保険・労災保険）
✔ 試用期間なし
✔ 初年度想定年収：340万円〜700万円
✔ 年収例：中途入社9年目／固定年額650万円＋賞与710万円＝1360万円
✔ 保養所完備・定期健康診断・人間ドック補助・スポーツクラブ利用補助・
　財形貯蓄制度・確定拠出年金（401K）・永年勤続表彰・社内厚生行事補助"
201,2747,大東建託株式会社,未経験｜土地活用の提案営業｜名古屋市緑区,転勤なし◎フレックス制度で無理なく働ける土地活用提案営業,"✦・━━━━━━━━━━━━━━━・✦
＼愛知県名古屋市緑区で募集中／
土地オーナー様に「活用」を提案する
未経験からの営業職◎
✦・━━━━━━━━━━━━━━━・✦

「営業は未経験だから不安…」

そう感じる方ほど、まずは仕組みを知ってください。
商談には必ず上司が同席するので、
一人で判断を迫られる場面はありません。

＝＝＝＝＝＝＝＝＝＝＝＝＝＝＝
【✧提案営業は、この3ステップ✧】

■ ① 訪問
土地オーナー様のもとへ伺い、商談の日程を調整します。

■ ② 商談
上司が同席し、提案内容や契約条件をサポートします。

■ ③ ご契約
契約成立で、1件あたり最大225万円のインセンティブを支給。
賞与のタイミングでまとめて受け取れます。

＝＝＝＝＝＝＝＝＝＝＝＝＝＝＝
【✨この仕事の魅力✨】

✅ 商談は一人で抱え込まない
上司同席が前提なので、経験がなくても
その場で相談しながら進められます。

✅ 転勤・出張なし
会社が指定するエリアへの異動はありません。
自分の希望する地域で働き続けられます。

✅ 研修制度あり
商談の進め方や提案の組み立て方から学べます。

＝＝＝＝＝＝＝＝＝＝＝＝＝＝＝
【✔働き方✔】

✔ フレックスタイム制度（月平均所定労働時間160時間）
✔ 固定残業代なし（残業分は時間外勤務手当で別途支給）
✔ 社会保険完備（健康保険・厚生年金・雇用保険・労災保険）
✔ 試用期間なし

まずはお気軽にご応募ください。

案件No：2747","《✼この仕事の4つのポイント✼》

✅ ① 商談は必ず上司同席
未経験のうちから一人で商談に臨むことはありません。
提案内容や契約条件の詰め方も、その場でサポートしてもらえます。

✅ ② 頑張りが成果報酬に直結
1件成約につき最大225万円のインセンティブを支給。
賞与のタイミングでまとめて受け取れます。

✅ ③ 転勤・出張なし
会社が指定するエリアへの異動は一切ありません。
自分の希望する地域で働き続けられます。

✅ ④ フレックスタイム制度
月平均所定労働時間160時間の中で、
始業・終業の時間配分を自分で組み立てられます。

＝＝＝＝＝＝＝＝＝＝＝＝＝＝＝
《✼待遇もしっかり✼》

✔ 月給制（固定残業代なし／残業分は時間外勤務手当で別途支給）
✔ 資格手当・家族手当・職種手当・通勤手当・役職手当・勤続手当
✔ 社会保険完備（健康保険・厚生年金・雇用保険・労災保険）
✔ 試用期間なし
✔ 初年度想定年収：340万円〜700万円
✔ 年収例：中途入社9年目／固定年額650万円＋賞与710万円＝1360万円
✔ 保養所完備・定期健康診断・人間ドック補助・スポーツクラブ利用補助・
　財形貯蓄制度・確定拠出年金（401K）・永年勤続表彰・社内厚生行事補助"
202,1662,大東建託株式会社,未経験｜土地活用の提案営業｜国分寺市,転勤なし◎フレックス制度で無理なく働ける土地活用提案営業,"✦・━━━━━━━━━━━━━━━・✦
＼東京都国分寺市で募集中／
""提案する力""が身につく
土地活用の営業職◎
✦・━━━━━━━━━━━━━━━・✦

「商談って一人でやるものでは？」

大東建託の商談は、必ず上司が同席します。
未経験のうちから一人で抱え込む場面はありません。

＝＝＝＝＝＝＝＝＝＝＝＝＝＝＝
【✧提案営業は、この3ステップ✧】

■ ① 訪問
土地オーナー様を訪ね、商談の日程を調整します。

■ ② 商談
上司同席のもと、活用プランや契約条件を提案します。

■ ③ ご契約
成約1件につき、最大225万円のインセンティブを支給。
賞与支給のタイミングでまとめて受け取れます。

＝＝＝＝＝＝＝＝＝＝＝＝＝＝＝
【✨この仕事の魅力✨】

✅ 頑張りが成果に直結
成約数に応じてインセンティブが上乗せされます。

✅ 研修制度あり
未経験からでも、提案の組み立て方を一から学べます。

✅ 転勤・出張なし
会社が指定するエリアへの異動はなく、
希望する地域で働き続けられます。

＝＝＝＝＝＝＝＝＝＝＝＝＝＝＝
【✔働き方✔】

✔ フレックスタイム制度（月平均所定労働時間160時間）
✔ 固定残業代なし（残業分は時間外勤務手当で別途支給）
✔ 社会保険完備（健康保険・厚生年金・雇用保険・労災保険）
✔ 試用期間なし

自分のペースで、一件ずつ丁寧に進めていける仕事です。

案件No：1662","《✼この仕事の4つのポイント✼》

✅ ① 商談は必ず上司同席
未経験のうちから一人で商談に臨むことはありません。
提案内容や契約条件の詰め方も、その場でサポートしてもらえます。

✅ ② 頑張りが成果報酬に直結
1件成約につき最大225万円のインセンティブを支給。
賞与のタイミングでまとめて受け取れます。

✅ ③ 転勤・出張なし
会社が指定するエリアへの異動は一切ありません。
自分の希望する地域で働き続けられます。

✅ ④ フレックスタイム制度
月平均所定労働時間160時間の中で、
始業・終業の時間配分を自分で組み立てられます。

＝＝＝＝＝＝＝＝＝＝＝＝＝＝＝
《✼待遇もしっかり✼》

✔ 月給制（固定残業代なし／残業分は時間外勤務手当で別途支給）
✔ 資格手当・家族手当・職種手当・通勤手当・役職手当・勤続手当
✔ 社会保険完備（健康保険・厚生年金・雇用保険・労災保険）
✔ 試用期間なし
✔ 初年度想定年収：340万円〜700万円
✔ 年収例：中途入社9年目／固定年額650万円＋賞与710万円＝1360万円
✔ 保養所完備・定期健康診断・人間ドック補助・スポーツクラブ利用補助・
　財形貯蓄制度・確定拠出年金（401K）・永年勤続表彰・社内厚生行事補助"
203,1075,大東建託株式会社,未経験｜土地活用の提案営業｜福知山市,転勤なし◎フレックス制度で無理なく働ける土地活用提案営業,"✦・━━━━━━━━━━━━━━━・✦
＼京都府福知山市で募集中／
オーナー様の「土地」を
価値ある一棟に変える提案営業◎
✦・━━━━━━━━━━━━━━━・✦

「専門知識がないと厳しいのでは？」

商談には必ず上司が同席するので、
知識も進め方も、現場で身につけていけます。

＝＝＝＝＝＝＝＝＝＝＝＝＝＝＝
【✧提案営業は、この3ステップ✧】

■ ① 訪問
土地オーナー様のもとへ伺い、商談の日程を決めます。

■ ② 商談
上司同席で、活用プランや契約条件を一緒に詰めます。

■ ③ ご契約
契約成立で、1件あたり最大225万円のインセンティブを支給。
賞与のタイミングでまとめて支給されます。

＝＝＝＝＝＝＝＝＝＝＝＝＝＝＝
【✨この仕事の魅力✨】

✅ 転勤・出張なし
会社が指定するエリアへの異動はありません。
今の生活拠点を変えずに働き続けられます。

✅ 商談は一人で抱え込まない
上司同席が前提なので、未経験でも
その場で相談しながら進められます。

✅ 研修制度あり
提案の組み立て方から、丁寧に学べます。

＝＝＝＝＝＝＝＝＝＝＝＝＝＝＝
【✔働き方✔】

✔ フレックスタイム制度（月平均所定労働時間160時間）
✔ 固定残業代なし（残業分は時間外勤務手当で別途支給）
✔ 社会保険完備（健康保険・厚生年金・雇用保険・労災保険）
✔ 試用期間なし

まずはお気軽にご応募ください。

案件No：1075","《✼この仕事の4つのポイント✼》

✅ ① 商談は必ず上司同席
未経験のうちから一人で商談に臨むことはありません。
提案内容や契約条件の詰め方も、その場でサポートしてもらえます。

✅ ② 頑張りが成果報酬に直結
1件成約につき最大225万円のインセンティブを支給。
賞与のタイミングでまとめて受け取れます。

✅ ③ 転勤・出張なし
会社が指定するエリアへの異動は一切ありません。
自分の希望する地域で働き続けられます。

✅ ④ フレックスタイム制度
月平均所定労働時間160時間の中で、
始業・終業の時間配分を自分で組み立てられます。

＝＝＝＝＝＝＝＝＝＝＝＝＝＝＝
《✼待遇もしっかり✼》

✔ 月給制（固定残業代なし／残業分は時間外勤務手当で別途支給）
✔ 資格手当・家族手当・職種手当・通勤手当・役職手当・勤続手当
✔ 社会保険完備（健康保険・厚生年金・雇用保険・労災保険）
✔ 試用期間なし
✔ 初年度想定年収：340万円〜700万円
✔ 年収例：中途入社9年目／固定年額650万円＋賞与710万円＝1360万円
✔ 保養所完備・定期健康診断・人間ドック補助・スポーツクラブ利用補助・
　財形貯蓄制度・確定拠出年金（401K）・永年勤続表彰・社内厚生行事補助"
204,1706,大東建託株式会社,未経験｜土地活用の提案営業｜秋田市,転勤なし◎フレックス制度で無理なく働ける土地活用提案営業,"✦・━━━━━━━━━━━━━━━・✦
＼秋田県秋田市で募集中／
土地オーナー様に「活用」を提案する
未経験からの営業職◎
✦・━━━━━━━━━━━━━━━・✦

「営業は未経験だから不安…」

そう感じる方ほど、まずは仕組みを知ってください。
商談には必ず上司が同席するので、
一人で判断を迫られる場面はありません。

＝＝＝＝＝＝＝＝＝＝＝＝＝＝＝
【✧提案営業は、この3ステップ✧】

■ ① 訪問
土地オーナー様のもとへ伺い、商談の日程を調整します。

■ ② 商談
上司が同席し、提案内容や契約条件をサポートします。

■ ③ ご契約
契約成立で、1件あたり最大225万円のインセンティブを支給。
賞与のタイミングでまとめて受け取れます。

＝＝＝＝＝＝＝＝＝＝＝＝＝＝＝
【✨この仕事の魅力✨】

✅ 商談は一人で抱え込まない
上司同席が前提なので、経験がなくても
その場で相談しながら進められます。

✅ 転勤・出張なし
会社が指定するエリアへの異動はありません。
自分の希望する地域で働き続けられます。

✅ 研修制度あり
商談の進め方や提案の組み立て方から学べます。

＝＝＝＝＝＝＝＝＝＝＝＝＝＝＝
【✔働き方✔】

✔ フレックスタイム制度（月平均所定労働時間160時間）
✔ 固定残業代なし（残業分は時間外勤務手当で別途支給）
✔ 社会保険完備（健康保険・厚生年金・雇用保険・労災保険）
✔ 試用期間なし

まずはお気軽にご応募ください。

案件No：1706","《✼この仕事の4つのポイント✼》

✅ ① 商談は必ず上司同席
未経験のうちから一人で商談に臨むことはありません。
提案内容や契約条件の詰め方も、その場でサポートしてもらえます。

✅ ② 頑張りが成果報酬に直結
1件成約につき最大225万円のインセンティブを支給。
賞与のタイミングでまとめて受け取れます。

✅ ③ 転勤・出張なし
会社が指定するエリアへの異動は一切ありません。
自分の希望する地域で働き続けられます。

✅ ④ フレックスタイム制度
月平均所定労働時間160時間の中で、
始業・終業の時間配分を自分で組み立てられます。

＝＝＝＝＝＝＝＝＝＝＝＝＝＝＝
《✼待遇もしっかり✼》

✔ 月給制（固定残業代なし／残業分は時間外勤務手当で別途支給）
✔ 資格手当・家族手当・職種手当・通勤手当・役職手当・勤続手当
✔ 社会保険完備（健康保険・厚生年金・雇用保険・労災保険）
✔ 試用期間なし
✔ 初年度想定年収：340万円〜700万円
✔ 年収例：中途入社9年目／固定年額650万円＋賞与710万円＝1360万円
✔ 保養所完備・定期健康診断・人間ドック補助・スポーツクラブ利用補助・
　財形貯蓄制度・確定拠出年金（401K）・永年勤続表彰・社内厚生行事補助"
205,1789,大東建託株式会社,未経験｜土地活用の提案営業｜名古屋市西区,転勤なし◎フレックス制度で無理なく働ける土地活用提案営業,"✦・━━━━━━━━━━━━━━━・✦
＼愛知県名古屋市西区で募集中／
""提案する力""が身につく
土地活用の営業職◎
✦・━━━━━━━━━━━━━━━・✦

「商談って一人でやるものでは？」

大東建託の商談は、必ず上司が同席します。
未経験のうちから一人で抱え込む場面はありません。

＝＝＝＝＝＝＝＝＝＝＝＝＝＝＝
【✧提案営業は、この3ステップ✧】

■ ① 訪問
土地オーナー様を訪ね、商談の日程を調整します。

■ ② 商談
上司同席のもと、活用プランや契約条件を提案します。

■ ③ ご契約
成約1件につき、最大225万円のインセンティブを支給。
賞与支給のタイミングでまとめて受け取れます。

＝＝＝＝＝＝＝＝＝＝＝＝＝＝＝
【✨この仕事の魅力✨】

✅ 頑張りが成果に直結
成約数に応じてインセンティブが上乗せされます。

✅ 研修制度あり
未経験からでも、提案の組み立て方を一から学べます。

✅ 転勤・出張なし
会社が指定するエリアへの異動はなく、
希望する地域で働き続けられます。

＝＝＝＝＝＝＝＝＝＝＝＝＝＝＝
【✔働き方✔】

✔ フレックスタイム制度（月平均所定労働時間160時間）
✔ 固定残業代なし（残業分は時間外勤務手当で別途支給）
✔ 社会保険完備（健康保険・厚生年金・雇用保険・労災保険）
✔ 試用期間なし

自分のペースで、一件ずつ丁寧に進めていける仕事です。

案件No：1789","《✼この仕事の4つのポイント✼》

✅ ① 商談は必ず上司同席
未経験のうちから一人で商談に臨むことはありません。
提案内容や契約条件の詰め方も、その場でサポートしてもらえます。

✅ ② 頑張りが成果報酬に直結
1件成約につき最大225万円のインセンティブを支給。
賞与のタイミングでまとめて受け取れます。

✅ ③ 転勤・出張なし
会社が指定するエリアへの異動は一切ありません。
自分の希望する地域で働き続けられます。

✅ ④ フレックスタイム制度
月平均所定労働時間160時間の中で、
始業・終業の時間配分を自分で組み立てられます。

＝＝＝＝＝＝＝＝＝＝＝＝＝＝＝
《✼待遇もしっかり✼》

✔ 月給制（固定残業代なし／残業分は時間外勤務手当で別途支給）
✔ 資格手当・家族手当・職種手当・通勤手当・役職手当・勤続手当
✔ 社会保険完備（健康保険・厚生年金・雇用保険・労災保険）
✔ 試用期間なし
✔ 初年度想定年収：340万円〜700万円
✔ 年収例：中途入社9年目／固定年額650万円＋賞与710万円＝1360万円
✔ 保養所完備・定期健康診断・人間ドック補助・スポーツクラブ利用補助・
　財形貯蓄制度・確定拠出年金（401K）・永年勤続表彰・社内厚生行事補助"
206,583,大東建託株式会社,未経験｜土地活用の提案営業｜三鷹市,転勤なし◎フレックス制度で無理なく働ける土地活用提案営業,"✦・━━━━━━━━━━━━━━━・✦
＼東京都三鷹市で募集中／
オーナー様の「土地」を
価値ある一棟に変える提案営業◎
✦・━━━━━━━━━━━━━━━・✦

「専門知識がないと厳しいのでは？」

商談には必ず上司が同席するので、
知識も進め方も、現場で身につけていけます。

＝＝＝＝＝＝＝＝＝＝＝＝＝＝＝
【✧提案営業は、この3ステップ✧】

■ ① 訪問
土地オーナー様のもとへ伺い、商談の日程を決めます。

■ ② 商談
上司同席で、活用プランや契約条件を一緒に詰めます。

■ ③ ご契約
契約成立で、1件あたり最大225万円のインセンティブを支給。
賞与のタイミングでまとめて支給されます。

＝＝＝＝＝＝＝＝＝＝＝＝＝＝＝
【✨この仕事の魅力✨】

✅ 転勤・出張なし
会社が指定するエリアへの異動はありません。
今の生活拠点を変えずに働き続けられます。

✅ 商談は一人で抱え込まない
上司同席が前提なので、未経験でも
その場で相談しながら進められます。

✅ 研修制度あり
提案の組み立て方から、丁寧に学べます。

＝＝＝＝＝＝＝＝＝＝＝＝＝＝＝
【✔働き方✔】

✔ フレックスタイム制度（月平均所定労働時間160時間）
✔ 固定残業代なし（残業分は時間外勤務手当で別途支給）
✔ 社会保険完備（健康保険・厚生年金・雇用保険・労災保険）
✔ 試用期間なし

まずはお気軽にご応募ください。

案件No：583","《✼この仕事の4つのポイント✼》

✅ ① 商談は必ず上司同席
未経験のうちから一人で商談に臨むことはありません。
提案内容や契約条件の詰め方も、その場でサポートしてもらえます。

✅ ② 頑張りが成果報酬に直結
1件成約につき最大225万円のインセンティブを支給。
賞与のタイミングでまとめて受け取れます。

✅ ③ 転勤・出張なし
会社が指定するエリアへの異動は一切ありません。
自分の希望する地域で働き続けられます。

✅ ④ フレックスタイム制度
月平均所定労働時間160時間の中で、
始業・終業の時間配分を自分で組み立てられます。

＝＝＝＝＝＝＝＝＝＝＝＝＝＝＝
《✼待遇もしっかり✼》

✔ 月給制（固定残業代なし／残業分は時間外勤務手当で別途支給）
✔ 資格手当・家族手当・職種手当・通勤手当・役職手当・勤続手当
✔ 社会保険完備（健康保険・厚生年金・雇用保険・労災保険）
✔ 試用期間なし
✔ 初年度想定年収：340万円〜700万円
✔ 年収例：中途入社9年目／固定年額650万円＋賞与710万円＝1360万円
✔ 保養所完備・定期健康診断・人間ドック補助・スポーツクラブ利用補助・
　財形貯蓄制度・確定拠出年金（401K）・永年勤続表彰・社内厚生行事補助"
207,2756,大東建託株式会社,未経験｜土地活用の提案営業｜山形市,転勤なし◎フレックス制度で無理なく働ける土地活用提案営業,"✦・━━━━━━━━━━━━━━━・✦
＼山形県山形市で募集中／
土地オーナー様に「活用」を提案する
未経験からの営業職◎
✦・━━━━━━━━━━━━━━━・✦

「営業は未経験だから不安…」

そう感じる方ほど、まずは仕組みを知ってください。
商談には必ず上司が同席するので、
一人で判断を迫られる場面はありません。

＝＝＝＝＝＝＝＝＝＝＝＝＝＝＝
【✧提案営業は、この3ステップ✧】

■ ① 訪問
土地オーナー様のもとへ伺い、商談の日程を調整します。

■ ② 商談
上司が同席し、提案内容や契約条件をサポートします。

■ ③ ご契約
契約成立で、1件あたり最大225万円のインセンティブを支給。
賞与のタイミングでまとめて受け取れます。

＝＝＝＝＝＝＝＝＝＝＝＝＝＝＝
【✨この仕事の魅力✨】

✅ 商談は一人で抱え込まない
上司同席が前提なので、経験がなくても
その場で相談しながら進められます。

✅ 転勤・出張なし
会社が指定するエリアへの異動はありません。
自分の希望する地域で働き続けられます。

✅ 研修制度あり
商談の進め方や提案の組み立て方から学べます。

＝＝＝＝＝＝＝＝＝＝＝＝＝＝＝
【✔働き方✔】

✔ フレックスタイム制度（月平均所定労働時間160時間）
✔ 固定残業代なし（残業分は時間外勤務手当で別途支給）
✔ 社会保険完備（健康保険・厚生年金・雇用保険・労災保険）
✔ 試用期間なし

まずはお気軽にご応募ください。

案件No：2756","《✼この仕事の4つのポイント✼》

✅ ① 商談は必ず上司同席
未経験のうちから一人で商談に臨むことはありません。
提案内容や契約条件の詰め方も、その場でサポートしてもらえます。

✅ ② 頑張りが成果報酬に直結
1件成約につき最大225万円のインセンティブを支給。
賞与のタイミングでまとめて受け取れます。

✅ ③ 転勤・出張なし
会社が指定するエリアへの異動は一切ありません。
自分の希望する地域で働き続けられます。

✅ ④ フレックスタイム制度
月平均所定労働時間160時間の中で、
始業・終業の時間配分を自分で組み立てられます。

＝＝＝＝＝＝＝＝＝＝＝＝＝＝＝
《✼待遇もしっかり✼》

✔ 月給制（固定残業代なし／残業分は時間外勤務手当で別途支給）
✔ 資格手当・家族手当・職種手当・通勤手当・役職手当・勤続手当
✔ 社会保険完備（健康保険・厚生年金・雇用保険・労災保険）
✔ 試用期間なし
✔ 初年度想定年収：340万円〜700万円
✔ 年収例：中途入社9年目／固定年額650万円＋賞与710万円＝1360万円
✔ 保養所完備・定期健康診断・人間ドック補助・スポーツクラブ利用補助・
　財形貯蓄制度・確定拠出年金（401K）・永年勤続表彰・社内厚生行事補助"
208,256,大東建託株式会社,未経験｜土地活用の提案営業｜名古屋市守山区,転勤なし◎フレックス制度で無理なく働ける土地活用提案営業,"✦・━━━━━━━━━━━━━━━・✦
＼愛知県名古屋市守山区で募集中／
""提案する力""が身につく
土地活用の営業職◎
✦・━━━━━━━━━━━━━━━・✦

「商談って一人でやるものでは？」

大東建託の商談は、必ず上司が同席します。
未経験のうちから一人で抱え込む場面はありません。

＝＝＝＝＝＝＝＝＝＝＝＝＝＝＝
【✧提案営業は、この3ステップ✧】

■ ① 訪問
土地オーナー様を訪ね、商談の日程を調整します。

■ ② 商談
上司同席のもと、活用プランや契約条件を提案します。

■ ③ ご契約
成約1件につき、最大225万円のインセンティブを支給。
賞与支給のタイミングでまとめて受け取れます。

＝＝＝＝＝＝＝＝＝＝＝＝＝＝＝
【✨この仕事の魅力✨】

✅ 頑張りが成果に直結
成約数に応じてインセンティブが上乗せされます。

✅ 研修制度あり
未経験からでも、提案の組み立て方を一から学べます。

✅ 転勤・出張なし
会社が指定するエリアへの異動はなく、
希望する地域で働き続けられます。

＝＝＝＝＝＝＝＝＝＝＝＝＝＝＝
【✔働き方✔】

✔ フレックスタイム制度（月平均所定労働時間160時間）
✔ 固定残業代なし（残業分は時間外勤務手当で別途支給）
✔ 社会保険完備（健康保険・厚生年金・雇用保険・労災保険）
✔ 試用期間なし

自分のペースで、一件ずつ丁寧に進めていける仕事です。

案件No：256","《✼この仕事の4つのポイント✼》

✅ ① 商談は必ず上司同席
未経験のうちから一人で商談に臨むことはありません。
提案内容や契約条件の詰め方も、その場でサポートしてもらえます。

✅ ② 頑張りが成果報酬に直結
1件成約につき最大225万円のインセンティブを支給。
賞与のタイミングでまとめて受け取れます。

✅ ③ 転勤・出張なし
会社が指定するエリアへの異動は一切ありません。
自分の希望する地域で働き続けられます。

✅ ④ フレックスタイム制度
月平均所定労働時間160時間の中で、
始業・終業の時間配分を自分で組み立てられます。

＝＝＝＝＝＝＝＝＝＝＝＝＝＝＝
《✼待遇もしっかり✼》

✔ 月給制（固定残業代なし／残業分は時間外勤務手当で別途支給）
✔ 資格手当・家族手当・職種手当・通勤手当・役職手当・勤続手当
✔ 社会保険完備（健康保険・厚生年金・雇用保険・労災保険）
✔ 試用期間なし
✔ 初年度想定年収：340万円〜700万円
✔ 年収例：中途入社9年目／固定年額650万円＋賞与710万円＝1360万円
✔ 保養所完備・定期健康診断・人間ドック補助・スポーツクラブ利用補助・
　財形貯蓄制度・確定拠出年金（401K）・永年勤続表彰・社内厚生行事補助"
209,1173,大東建託株式会社,未経験｜土地活用の提案営業｜世田谷区,転勤なし◎フレックス制度で無理なく働ける土地活用提案営業,"✦・━━━━━━━━━━━━━━━・✦
＼東京都世田谷区で募集中／
オーナー様の「土地」を
価値ある一棟に変える提案営業◎
✦・━━━━━━━━━━━━━━━・✦

「専門知識がないと厳しいのでは？」

商談には必ず上司が同席するので、
知識も進め方も、現場で身につけていけます。

＝＝＝＝＝＝＝＝＝＝＝＝＝＝＝
【✧提案営業は、この3ステップ✧】

■ ① 訪問
土地オーナー様のもとへ伺い、商談の日程を決めます。

■ ② 商談
上司同席で、活用プランや契約条件を一緒に詰めます。

■ ③ ご契約
契約成立で、1件あたり最大225万円のインセンティブを支給。
賞与のタイミングでまとめて支給されます。

＝＝＝＝＝＝＝＝＝＝＝＝＝＝＝
【✨この仕事の魅力✨】

✅ 転勤・出張なし
会社が指定するエリアへの異動はありません。
今の生活拠点を変えずに働き続けられます。

✅ 商談は一人で抱え込まない
上司同席が前提なので、未経験でも
その場で相談しながら進められます。

✅ 研修制度あり
提案の組み立て方から、丁寧に学べます。

＝＝＝＝＝＝＝＝＝＝＝＝＝＝＝
【✔働き方✔】

✔ フレックスタイム制度（月平均所定労働時間160時間）
✔ 固定残業代なし（残業分は時間外勤務手当で別途支給）
✔ 社会保険完備（健康保険・厚生年金・雇用保険・労災保険）
✔ 試用期間なし

まずはお気軽にご応募ください。

案件No：1173","《✼この仕事の4つのポイント✼》

✅ ① 商談は必ず上司同席
未経験のうちから一人で商談に臨むことはありません。
提案内容や契約条件の詰め方も、その場でサポートしてもらえます。

✅ ② 頑張りが成果報酬に直結
1件成約につき最大225万円のインセンティブを支給。
賞与のタイミングでまとめて受け取れます。

✅ ③ 転勤・出張なし
会社が指定するエリアへの異動は一切ありません。
自分の希望する地域で働き続けられます。

✅ ④ フレックスタイム制度
月平均所定労働時間160時間の中で、
始業・終業の時間配分を自分で組み立てられます。

＝＝＝＝＝＝＝＝＝＝＝＝＝＝＝
《✼待遇もしっかり✼》

✔ 月給制（固定残業代なし／残業分は時間外勤務手当で別途支給）
✔ 資格手当・家族手当・職種手当・通勤手当・役職手当・勤続手当
✔ 社会保険完備（健康保険・厚生年金・雇用保険・労災保険）
✔ 試用期間なし
✔ 初年度想定年収：340万円〜700万円
✔ 年収例：中途入社9年目／固定年額650万円＋賞与710万円＝1360万円
✔ 保養所完備・定期健康診断・人間ドック補助・スポーツクラブ利用補助・
　財形貯蓄制度・確定拠出年金（401K）・永年勤続表彰・社内厚生行事補助"
210,1621,大東建託株式会社,未経験｜土地活用の提案営業｜揖保郡太子町,転勤なし◎フレックス制度で無理なく働ける土地活用提案営業,"✦・━━━━━━━━━━━━━━━・✦
＼兵庫県揖保郡太子町で募集中／
土地オーナー様に「活用」を提案する
未経験からの営業職◎
✦・━━━━━━━━━━━━━━━・✦

「営業は未経験だから不安…」

そう感じる方ほど、まずは仕組みを知ってください。
商談には必ず上司が同席するので、
一人で判断を迫られる場面はありません。

＝＝＝＝＝＝＝＝＝＝＝＝＝＝＝
【✧提案営業は、この3ステップ✧】

■ ① 訪問
土地オーナー様のもとへ伺い、商談の日程を調整します。

■ ② 商談
上司が同席し、提案内容や契約条件をサポートします。

■ ③ ご契約
契約成立で、1件あたり最大225万円のインセンティブを支給。
賞与のタイミングでまとめて受け取れます。

＝＝＝＝＝＝＝＝＝＝＝＝＝＝＝
【✨この仕事の魅力✨】

✅ 商談は一人で抱え込まない
上司同席が前提なので、経験がなくても
その場で相談しながら進められます。

✅ 転勤・出張なし
会社が指定するエリアへの異動はありません。
自分の希望する地域で働き続けられます。

✅ 研修制度あり
商談の進め方や提案の組み立て方から学べます。

＝＝＝＝＝＝＝＝＝＝＝＝＝＝＝
【✔働き方✔】

✔ フレックスタイム制度（月平均所定労働時間160時間）
✔ 固定残業代なし（残業分は時間外勤務手当で別途支給）
✔ 社会保険完備（健康保険・厚生年金・雇用保険・労災保険）
✔ 試用期間なし

まずはお気軽にご応募ください。

案件No：1621","《✼この仕事の4つのポイント✼》

✅ ① 商談は必ず上司同席
未経験のうちから一人で商談に臨むことはありません。
提案内容や契約条件の詰め方も、その場でサポートしてもらえます。

✅ ② 頑張りが成果報酬に直結
1件成約につき最大225万円のインセンティブを支給。
賞与のタイミングでまとめて受け取れます。

✅ ③ 転勤・出張なし
会社が指定するエリアへの異動は一切ありません。
自分の希望する地域で働き続けられます。

✅ ④ フレックスタイム制度
月平均所定労働時間160時間の中で、
始業・終業の時間配分を自分で組み立てられます。

＝＝＝＝＝＝＝＝＝＝＝＝＝＝＝
《✼待遇もしっかり✼》

✔ 月給制（固定残業代なし／残業分は時間外勤務手当で別途支給）
✔ 資格手当・家族手当・職種手当・通勤手当・役職手当・勤続手当
✔ 社会保険完備（健康保険・厚生年金・雇用保険・労災保険）
✔ 試用期間なし
✔ 初年度想定年収：340万円〜700万円
✔ 年収例：中途入社9年目／固定年額650万円＋賞与710万円＝1360万円
✔ 保養所完備・定期健康診断・人間ドック補助・スポーツクラブ利用補助・
　財形貯蓄制度・確定拠出年金（401K）・永年勤続表彰・社内厚生行事補助"
211,1936,大東建託株式会社,未経験｜土地活用の提案営業｜名古屋市西区,転勤なし◎フレックス制度で無理なく働ける土地活用提案営業,"✦・━━━━━━━━━━━━━━━・✦
＼愛知県名古屋市西区で募集中／
""提案する力""が身につく
土地活用の営業職◎
✦・━━━━━━━━━━━━━━━・✦

「商談って一人でやるものでは？」

大東建託の商談は、必ず上司が同席します。
未経験のうちから一人で抱え込む場面はありません。

＝＝＝＝＝＝＝＝＝＝＝＝＝＝＝
【✧提案営業は、この3ステップ✧】

■ ① 訪問
土地オーナー様を訪ね、商談の日程を調整します。

■ ② 商談
上司同席のもと、活用プランや契約条件を提案します。

■ ③ ご契約
成約1件につき、最大225万円のインセンティブを支給。
賞与支給のタイミングでまとめて受け取れます。

＝＝＝＝＝＝＝＝＝＝＝＝＝＝＝
【✨この仕事の魅力✨】

✅ 頑張りが成果に直結
成約数に応じてインセンティブが上乗せされます。

✅ 研修制度あり
未経験からでも、提案の組み立て方を一から学べます。

✅ 転勤・出張なし
会社が指定するエリアへの異動はなく、
希望する地域で働き続けられます。

＝＝＝＝＝＝＝＝＝＝＝＝＝＝＝
【✔働き方✔】

✔ フレックスタイム制度（月平均所定労働時間160時間）
✔ 固定残業代なし（残業分は時間外勤務手当で別途支給）
✔ 社会保険完備（健康保険・厚生年金・雇用保険・労災保険）
✔ 試用期間なし

自分のペースで、一件ずつ丁寧に進めていける仕事です。

案件No：1936","《✼この仕事の4つのポイント✼》

✅ ① 商談は必ず上司同席
未経験のうちから一人で商談に臨むことはありません。
提案内容や契約条件の詰め方も、その場でサポートしてもらえます。

✅ ② 頑張りが成果報酬に直結
1件成約につき最大225万円のインセンティブを支給。
賞与のタイミングでまとめて受け取れます。

✅ ③ 転勤・出張なし
会社が指定するエリアへの異動は一切ありません。
自分の希望する地域で働き続けられます。

✅ ④ フレックスタイム制度
月平均所定労働時間160時間の中で、
始業・終業の時間配分を自分で組み立てられます。

＝＝＝＝＝＝＝＝＝＝＝＝＝＝＝
《✼待遇もしっかり✼》

✔ 月給制（固定残業代なし／残業分は時間外勤務手当で別途支給）
✔ 資格手当・家族手当・職種手当・通勤手当・役職手当・勤続手当
✔ 社会保険完備（健康保険・厚生年金・雇用保険・労災保険）
✔ 試用期間なし
✔ 初年度想定年収：340万円〜700万円
✔ 年収例：中途入社9年目／固定年額650万円＋賞与710万円＝1360万円
✔ 保養所完備・定期健康診断・人間ドック補助・スポーツクラブ利用補助・
　財形貯蓄制度・確定拠出年金（401K）・永年勤続表彰・社内厚生行事補助"
212,183,大東建託株式会社,未経験｜土地活用の提案営業｜青梅市,転勤なし◎フレックス制度で無理なく働ける土地活用提案営業,"✦・━━━━━━━━━━━━━━━・✦
＼東京都青梅市で募集中／
オーナー様の「土地」を
価値ある一棟に変える提案営業◎
✦・━━━━━━━━━━━━━━━・✦

「専門知識がないと厳しいのでは？」

商談には必ず上司が同席するので、
知識も進め方も、現場で身につけていけます。

＝＝＝＝＝＝＝＝＝＝＝＝＝＝＝
【✧提案営業は、この3ステップ✧】

■ ① 訪問
土地オーナー様のもとへ伺い、商談の日程を決めます。

■ ② 商談
上司同席で、活用プランや契約条件を一緒に詰めます。

■ ③ ご契約
契約成立で、1件あたり最大225万円のインセンティブを支給。
賞与のタイミングでまとめて支給されます。

＝＝＝＝＝＝＝＝＝＝＝＝＝＝＝
【✨この仕事の魅力✨】

✅ 転勤・出張なし
会社が指定するエリアへの異動はありません。
今の生活拠点を変えずに働き続けられます。

✅ 商談は一人で抱え込まない
上司同席が前提なので、未経験でも
その場で相談しながら進められます。

✅ 研修制度あり
提案の組み立て方から、丁寧に学べます。

＝＝＝＝＝＝＝＝＝＝＝＝＝＝＝
【✔働き方✔】

✔ フレックスタイム制度（月平均所定労働時間160時間）
✔ 固定残業代なし（残業分は時間外勤務手当で別途支給）
✔ 社会保険完備（健康保険・厚生年金・雇用保険・労災保険）
✔ 試用期間なし

まずはお気軽にご応募ください。

案件No：183","《✼この仕事の4つのポイント✼》

✅ ① 商談は必ず上司同席
未経験のうちから一人で商談に臨むことはありません。
提案内容や契約条件の詰め方も、その場でサポートしてもらえます。

✅ ② 頑張りが成果報酬に直結
1件成約につき最大225万円のインセンティブを支給。
賞与のタイミングでまとめて受け取れます。

✅ ③ 転勤・出張なし
会社が指定するエリアへの異動は一切ありません。
自分の希望する地域で働き続けられます。

✅ ④ フレックスタイム制度
月平均所定労働時間160時間の中で、
始業・終業の時間配分を自分で組み立てられます。

＝＝＝＝＝＝＝＝＝＝＝＝＝＝＝
《✼待遇もしっかり✼》

✔ 月給制（固定残業代なし／残業分は時間外勤務手当で別途支給）
✔ 資格手当・家族手当・職種手当・通勤手当・役職手当・勤続手当
✔ 社会保険完備（健康保険・厚生年金・雇用保険・労災保険）
✔ 試用期間なし
✔ 初年度想定年収：340万円〜700万円
✔ 年収例：中途入社9年目／固定年額650万円＋賞与710万円＝1360万円
✔ 保養所完備・定期健康診断・人間ドック補助・スポーツクラブ利用補助・
　財形貯蓄制度・確定拠出年金（401K）・永年勤続表彰・社内厚生行事補助"
213,1175,大東建託株式会社,未経験｜土地活用の提案営業｜広島市西区,転勤なし◎フレックス制度で無理なく働ける土地活用提案営業,"✦・━━━━━━━━━━━━━━━・✦
＼広島県広島市西区で募集中／
土地オーナー様に「活用」を提案する
未経験からの営業職◎
✦・━━━━━━━━━━━━━━━・✦

「営業は未経験だから不安…」

そう感じる方ほど、まずは仕組みを知ってください。
商談には必ず上司が同席するので、
一人で判断を迫られる場面はありません。

＝＝＝＝＝＝＝＝＝＝＝＝＝＝＝
【✧提案営業は、この3ステップ✧】

■ ① 訪問
土地オーナー様のもとへ伺い、商談の日程を調整します。

■ ② 商談
上司が同席し、提案内容や契約条件をサポートします。

■ ③ ご契約
契約成立で、1件あたり最大225万円のインセンティブを支給。
賞与のタイミングでまとめて受け取れます。

＝＝＝＝＝＝＝＝＝＝＝＝＝＝＝
【✨この仕事の魅力✨】

✅ 商談は一人で抱え込まない
上司同席が前提なので、経験がなくても
その場で相談しながら進められます。

✅ 転勤・出張なし
会社が指定するエリアへの異動はありません。
自分の希望する地域で働き続けられます。

✅ 研修制度あり
商談の進め方や提案の組み立て方から学べます。

＝＝＝＝＝＝＝＝＝＝＝＝＝＝＝
【✔働き方✔】

✔ フレックスタイム制度（月平均所定労働時間160時間）
✔ 固定残業代なし（残業分は時間外勤務手当で別途支給）
✔ 社会保険完備（健康保険・厚生年金・雇用保険・労災保険）
✔ 試用期間なし

まずはお気軽にご応募ください。

案件No：1175","《✼この仕事の4つのポイント✼》

✅ ① 商談は必ず上司同席
未経験のうちから一人で商談に臨むことはありません。
提案内容や契約条件の詰め方も、その場でサポートしてもらえます。

✅ ② 頑張りが成果報酬に直結
1件成約につき最大225万円のインセンティブを支給。
賞与のタイミングでまとめて受け取れます。

✅ ③ 転勤・出張なし
会社が指定するエリアへの異動は一切ありません。
自分の希望する地域で働き続けられます。

✅ ④ フレックスタイム制度
月平均所定労働時間160時間の中で、
始業・終業の時間配分を自分で組み立てられます。

＝＝＝＝＝＝＝＝＝＝＝＝＝＝＝
《✼待遇もしっかり✼》

✔ 月給制（固定残業代なし／残業分は時間外勤務手当で別途支給）
✔ 資格手当・家族手当・職種手当・通勤手当・役職手当・勤続手当
✔ 社会保険完備（健康保険・厚生年金・雇用保険・労災保険）
✔ 試用期間なし
✔ 初年度想定年収：340万円〜700万円
✔ 年収例：中途入社9年目／固定年額650万円＋賞与710万円＝1360万円
✔ 保養所完備・定期健康診断・人間ドック補助・スポーツクラブ利用補助・
　財形貯蓄制度・確定拠出年金（401K）・永年勤続表彰・社内厚生行事補助"
214,2286,大東建託株式会社,未経験｜土地活用の提案営業｜名古屋市名東区,転勤なし◎フレックス制度で無理なく働ける土地活用提案営業,"✦・━━━━━━━━━━━━━━━・✦
＼愛知県名古屋市名東区で募集中／
""提案する力""が身につく
土地活用の営業職◎
✦・━━━━━━━━━━━━━━━・✦

「商談って一人でやるものでは？」

大東建託の商談は、必ず上司が同席します。
未経験のうちから一人で抱え込む場面はありません。

＝＝＝＝＝＝＝＝＝＝＝＝＝＝＝
【✧提案営業は、この3ステップ✧】

■ ① 訪問
土地オーナー様を訪ね、商談の日程を調整します。

■ ② 商談
上司同席のもと、活用プランや契約条件を提案します。

■ ③ ご契約
成約1件につき、最大225万円のインセンティブを支給。
賞与支給のタイミングでまとめて受け取れます。

＝＝＝＝＝＝＝＝＝＝＝＝＝＝＝
【✨この仕事の魅力✨】

✅ 頑張りが成果に直結
成約数に応じてインセンティブが上乗せされます。

✅ 研修制度あり
未経験からでも、提案の組み立て方を一から学べます。

✅ 転勤・出張なし
会社が指定するエリアへの異動はなく、
希望する地域で働き続けられます。

＝＝＝＝＝＝＝＝＝＝＝＝＝＝＝
【✔働き方✔】

✔ フレックスタイム制度（月平均所定労働時間160時間）
✔ 固定残業代なし（残業分は時間外勤務手当で別途支給）
✔ 社会保険完備（健康保険・厚生年金・雇用保険・労災保険）
✔ 試用期間なし

自分のペースで、一件ずつ丁寧に進めていける仕事です。

案件No：2286","《✼この仕事の4つのポイント✼》

✅ ① 商談は必ず上司同席
未経験のうちから一人で商談に臨むことはありません。
提案内容や契約条件の詰め方も、その場でサポートしてもらえます。

✅ ② 頑張りが成果報酬に直結
1件成約につき最大225万円のインセンティブを支給。
賞与のタイミングでまとめて受け取れます。

✅ ③ 転勤・出張なし
会社が指定するエリアへの異動は一切ありません。
自分の希望する地域で働き続けられます。

✅ ④ フレックスタイム制度
月平均所定労働時間160時間の中で、
始業・終業の時間配分を自分で組み立てられます。

＝＝＝＝＝＝＝＝＝＝＝＝＝＝＝
《✼待遇もしっかり✼》

✔ 月給制（固定残業代なし／残業分は時間外勤務手当で別途支給）
✔ 資格手当・家族手当・職種手当・通勤手当・役職手当・勤続手当
✔ 社会保険完備（健康保険・厚生年金・雇用保険・労災保険）
✔ 試用期間なし
✔ 初年度想定年収：340万円〜700万円
✔ 年収例：中途入社9年目／固定年額650万円＋賞与710万円＝1360万円
✔ 保養所完備・定期健康診断・人間ドック補助・スポーツクラブ利用補助・
　財形貯蓄制度・確定拠出年金（401K）・永年勤続表彰・社内厚生行事補助"
215,1256,大東建託株式会社,未経験｜土地活用の提案営業｜名古屋市天白区,転勤なし◎フレックス制度で無理なく働ける土地活用提案営業,"✦・━━━━━━━━━━━━━━━・✦
＼愛知県名古屋市天白区で募集中／
オーナー様の「土地」を
価値ある一棟に変える提案営業◎
✦・━━━━━━━━━━━━━━━・✦

「専門知識がないと厳しいのでは？」

商談には必ず上司が同席するので、
知識も進め方も、現場で身につけていけます。

＝＝＝＝＝＝＝＝＝＝＝＝＝＝＝
【✧提案営業は、この3ステップ✧】

■ ① 訪問
土地オーナー様のもとへ伺い、商談の日程を決めます。

■ ② 商談
上司同席で、活用プランや契約条件を一緒に詰めます。

■ ③ ご契約
契約成立で、1件あたり最大225万円のインセンティブを支給。
賞与のタイミングでまとめて支給されます。

＝＝＝＝＝＝＝＝＝＝＝＝＝＝＝
【✨この仕事の魅力✨】

✅ 転勤・出張なし
会社が指定するエリアへの異動はありません。
今の生活拠点を変えずに働き続けられます。

✅ 商談は一人で抱え込まない
上司同席が前提なので、未経験でも
その場で相談しながら進められます。

✅ 研修制度あり
提案の組み立て方から、丁寧に学べます。

＝＝＝＝＝＝＝＝＝＝＝＝＝＝＝
【✔働き方✔】

✔ フレックスタイム制度（月平均所定労働時間160時間）
✔ 固定残業代なし（残業分は時間外勤務手当で別途支給）
✔ 社会保険完備（健康保険・厚生年金・雇用保険・労災保険）
✔ 試用期間なし

まずはお気軽にご応募ください。

案件No：1256","《✼この仕事の4つのポイント✼》

✅ ① 商談は必ず上司同席
未経験のうちから一人で商談に臨むことはありません。
提案内容や契約条件の詰め方も、その場でサポートしてもらえます。

✅ ② 頑張りが成果報酬に直結
1件成約につき最大225万円のインセンティブを支給。
賞与のタイミングでまとめて受け取れます。

✅ ③ 転勤・出張なし
会社が指定するエリアへの異動は一切ありません。
自分の希望する地域で働き続けられます。

✅ ④ フレックスタイム制度
月平均所定労働時間160時間の中で、
始業・終業の時間配分を自分で組み立てられます。

＝＝＝＝＝＝＝＝＝＝＝＝＝＝＝
《✼待遇もしっかり✼》

✔ 月給制（固定残業代なし／残業分は時間外勤務手当で別途支給）
✔ 資格手当・家族手当・職種手当・通勤手当・役職手当・勤続手当
✔ 社会保険完備（健康保険・厚生年金・雇用保険・労災保険）
✔ 試用期間なし
✔ 初年度想定年収：340万円〜700万円
✔ 年収例：中途入社9年目／固定年額650万円＋賞与710万円＝1360万円
✔ 保養所完備・定期健康診断・人間ドック補助・スポーツクラブ利用補助・
　財形貯蓄制度・確定拠出年金（401K）・永年勤続表彰・社内厚生行事補助"
216,810,大東建託株式会社,未経験｜土地活用の提案営業｜福島市,転勤なし◎フレックス制度で無理なく働ける土地活用提案営業,"✦・━━━━━━━━━━━━━━━・✦
＼福島県福島市で募集中／
土地オーナー様に「活用」を提案する
未経験からの営業職◎
✦・━━━━━━━━━━━━━━━・✦

「営業は未経験だから不安…」

そう感じる方ほど、まずは仕組みを知ってください。
商談には必ず上司が同席するので、
一人で判断を迫られる場面はありません。

＝＝＝＝＝＝＝＝＝＝＝＝＝＝＝
【✧提案営業は、この3ステップ✧】

■ ① 訪問
土地オーナー様のもとへ伺い、商談の日程を調整します。

■ ② 商談
上司が同席し、提案内容や契約条件をサポートします。

■ ③ ご契約
契約成立で、1件あたり最大225万円のインセンティブを支給。
賞与のタイミングでまとめて受け取れます。

＝＝＝＝＝＝＝＝＝＝＝＝＝＝＝
【✨この仕事の魅力✨】

✅ 商談は一人で抱え込まない
上司同席が前提なので、経験がなくても
その場で相談しながら進められます。

✅ 転勤・出張なし
会社が指定するエリアへの異動はありません。
自分の希望する地域で働き続けられます。

✅ 研修制度あり
商談の進め方や提案の組み立て方から学べます。

＝＝＝＝＝＝＝＝＝＝＝＝＝＝＝
【✔働き方✔】

✔ フレックスタイム制度（月平均所定労働時間160時間）
✔ 固定残業代なし（残業分は時間外勤務手当で別途支給）
✔ 社会保険完備（健康保険・厚生年金・雇用保険・労災保険）
✔ 試用期間なし

まずはお気軽にご応募ください。

案件No：810","《✼この仕事の4つのポイント✼》

✅ ① 商談は必ず上司同席
未経験のうちから一人で商談に臨むことはありません。
提案内容や契約条件の詰め方も、その場でサポートしてもらえます。

✅ ② 頑張りが成果報酬に直結
1件成約につき最大225万円のインセンティブを支給。
賞与のタイミングでまとめて受け取れます。

✅ ③ 転勤・出張なし
会社が指定するエリアへの異動は一切ありません。
自分の希望する地域で働き続けられます。

✅ ④ フレックスタイム制度
月平均所定労働時間160時間の中で、
始業・終業の時間配分を自分で組み立てられます。

＝＝＝＝＝＝＝＝＝＝＝＝＝＝＝
《✼待遇もしっかり✼》

✔ 月給制（固定残業代なし／残業分は時間外勤務手当で別途支給）
✔ 資格手当・家族手当・職種手当・通勤手当・役職手当・勤続手当
✔ 社会保険完備（健康保険・厚生年金・雇用保険・労災保険）
✔ 試用期間なし
✔ 初年度想定年収：340万円〜700万円
✔ 年収例：中途入社9年目／固定年額650万円＋賞与710万円＝1360万円
✔ 保養所完備・定期健康診断・人間ドック補助・スポーツクラブ利用補助・
　財形貯蓄制度・確定拠出年金（401K）・永年勤続表彰・社内厚生行事補助"
217,1418,大東建託株式会社,未経験｜土地活用の提案営業｜名古屋市千種区,転勤なし◎フレックス制度で無理なく働ける土地活用提案営業,"✦・━━━━━━━━━━━━━━━・✦
＼愛知県名古屋市千種区で募集中／
""提案する力""が身につく
土地活用の営業職◎
✦・━━━━━━━━━━━━━━━・✦

「商談って一人でやるものでは？」

大東建託の商談は、必ず上司が同席します。
未経験のうちから一人で抱え込む場面はありません。

＝＝＝＝＝＝＝＝＝＝＝＝＝＝＝
【✧提案営業は、この3ステップ✧】

■ ① 訪問
土地オーナー様を訪ね、商談の日程を調整します。

■ ② 商談
上司同席のもと、活用プランや契約条件を提案します。

■ ③ ご契約
成約1件につき、最大225万円のインセンティブを支給。
賞与支給のタイミングでまとめて受け取れます。

＝＝＝＝＝＝＝＝＝＝＝＝＝＝＝
【✨この仕事の魅力✨】

✅ 頑張りが成果に直結
成約数に応じてインセンティブが上乗せされます。

✅ 研修制度あり
未経験からでも、提案の組み立て方を一から学べます。

✅ 転勤・出張なし
会社が指定するエリアへの異動はなく、
希望する地域で働き続けられます。

＝＝＝＝＝＝＝＝＝＝＝＝＝＝＝
【✔働き方✔】

✔ フレックスタイム制度（月平均所定労働時間160時間）
✔ 固定残業代なし（残業分は時間外勤務手当で別途支給）
✔ 社会保険完備（健康保険・厚生年金・雇用保険・労災保険）
✔ 試用期間なし

自分のペースで、一件ずつ丁寧に進めていける仕事です。

案件No：1418","《✼この仕事の4つのポイント✼》

✅ ① 商談は必ず上司同席
未経験のうちから一人で商談に臨むことはありません。
提案内容や契約条件の詰め方も、その場でサポートしてもらえます。

✅ ② 頑張りが成果報酬に直結
1件成約につき最大225万円のインセンティブを支給。
賞与のタイミングでまとめて受け取れます。

✅ ③ 転勤・出張なし
会社が指定するエリアへの異動は一切ありません。
自分の希望する地域で働き続けられます。

✅ ④ フレックスタイム制度
月平均所定労働時間160時間の中で、
始業・終業の時間配分を自分で組み立てられます。

＝＝＝＝＝＝＝＝＝＝＝＝＝＝＝
《✼待遇もしっかり✼》

✔ 月給制（固定残業代なし／残業分は時間外勤務手当で別途支給）
✔ 資格手当・家族手当・職種手当・通勤手当・役職手当・勤続手当
✔ 社会保険完備（健康保険・厚生年金・雇用保険・労災保険）
✔ 試用期間なし
✔ 初年度想定年収：340万円〜700万円
✔ 年収例：中途入社9年目／固定年額650万円＋賞与710万円＝1360万円
✔ 保養所完備・定期健康診断・人間ドック補助・スポーツクラブ利用補助・
　財形貯蓄制度・確定拠出年金（401K）・永年勤続表彰・社内厚生行事補助"
218,2207,大東建託株式会社,未経験｜土地活用の提案営業｜中巨摩郡昭和町,転勤なし◎フレックス制度で無理なく働ける土地活用提案営業,"✦・━━━━━━━━━━━━━━━・✦
＼山梨県中巨摩郡昭和町で募集中／
オーナー様の「土地」を
価値ある一棟に変える提案営業◎
✦・━━━━━━━━━━━━━━━・✦

「専門知識がないと厳しいのでは？」

商談には必ず上司が同席するので、
知識も進め方も、現場で身につけていけます。

＝＝＝＝＝＝＝＝＝＝＝＝＝＝＝
【✧提案営業は、この3ステップ✧】

■ ① 訪問
土地オーナー様のもとへ伺い、商談の日程を決めます。

■ ② 商談
上司同席で、活用プランや契約条件を一緒に詰めます。

■ ③ ご契約
契約成立で、1件あたり最大225万円のインセンティブを支給。
賞与のタイミングでまとめて支給されます。

＝＝＝＝＝＝＝＝＝＝＝＝＝＝＝
【✨この仕事の魅力✨】

✅ 転勤・出張なし
会社が指定するエリアへの異動はありません。
今の生活拠点を変えずに働き続けられます。

✅ 商談は一人で抱え込まない
上司同席が前提なので、未経験でも
その場で相談しながら進められます。

✅ 研修制度あり
提案の組み立て方から、丁寧に学べます。

＝＝＝＝＝＝＝＝＝＝＝＝＝＝＝
【✔働き方✔】

✔ フレックスタイム制度（月平均所定労働時間160時間）
✔ 固定残業代なし（残業分は時間外勤務手当で別途支給）
✔ 社会保険完備（健康保険・厚生年金・雇用保険・労災保険）
✔ 試用期間なし

まずはお気軽にご応募ください。

案件No：2207","《✼この仕事の4つのポイント✼》

✅ ① 商談は必ず上司同席
未経験のうちから一人で商談に臨むことはありません。
提案内容や契約条件の詰め方も、その場でサポートしてもらえます。

✅ ② 頑張りが成果報酬に直結
1件成約につき最大225万円のインセンティブを支給。
賞与のタイミングでまとめて受け取れます。

✅ ③ 転勤・出張なし
会社が指定するエリアへの異動は一切ありません。
自分の希望する地域で働き続けられます。

✅ ④ フレックスタイム制度
月平均所定労働時間160時間の中で、
始業・終業の時間配分を自分で組み立てられます。

＝＝＝＝＝＝＝＝＝＝＝＝＝＝＝
《✼待遇もしっかり✼》

✔ 月給制（固定残業代なし／残業分は時間外勤務手当で別途支給）
✔ 資格手当・家族手当・職種手当・通勤手当・役職手当・勤続手当
✔ 社会保険完備（健康保険・厚生年金・雇用保険・労災保険）
✔ 試用期間なし
✔ 初年度想定年収：340万円〜700万円
✔ 年収例：中途入社9年目／固定年額650万円＋賞与710万円＝1360万円
✔ 保養所完備・定期健康診断・人間ドック補助・スポーツクラブ利用補助・
　財形貯蓄制度・確定拠出年金（401K）・永年勤続表彰・社内厚生行事補助"
219,2530,大東建託株式会社,未経験｜土地活用の提案営業｜日野市,転勤なし◎フレックス制度で無理なく働ける土地活用提案営業,"✦・━━━━━━━━━━━━━━━・✦
＼東京都日野市で募集中／
土地オーナー様に「活用」を提案する
未経験からの営業職◎
✦・━━━━━━━━━━━━━━━・✦

「営業は未経験だから不安…」

そう感じる方ほど、まずは仕組みを知ってください。
商談には必ず上司が同席するので、
一人で判断を迫られる場面はありません。

＝＝＝＝＝＝＝＝＝＝＝＝＝＝＝
【✧提案営業は、この3ステップ✧】

■ ① 訪問
土地オーナー様のもとへ伺い、商談の日程を調整します。

■ ② 商談
上司が同席し、提案内容や契約条件をサポートします。

■ ③ ご契約
契約成立で、1件あたり最大225万円のインセンティブを支給。
賞与のタイミングでまとめて受け取れます。

＝＝＝＝＝＝＝＝＝＝＝＝＝＝＝
【✨この仕事の魅力✨】

✅ 商談は一人で抱え込まない
上司同席が前提なので、経験がなくても
その場で相談しながら進められます。

✅ 転勤・出張なし
会社が指定するエリアへの異動はありません。
自分の希望する地域で働き続けられます。

✅ 研修制度あり
商談の進め方や提案の組み立て方から学べます。

＝＝＝＝＝＝＝＝＝＝＝＝＝＝＝
【✔働き方✔】

✔ フレックスタイム制度（月平均所定労働時間160時間）
✔ 固定残業代なし（残業分は時間外勤務手当で別途支給）
✔ 社会保険完備（健康保険・厚生年金・雇用保険・労災保険）
✔ 試用期間なし

まずはお気軽にご応募ください。

案件No：2530","《✼この仕事の4つのポイント✼》

✅ ① 商談は必ず上司同席
未経験のうちから一人で商談に臨むことはありません。
提案内容や契約条件の詰め方も、その場でサポートしてもらえます。

✅ ② 頑張りが成果報酬に直結
1件成約につき最大225万円のインセンティブを支給。
賞与のタイミングでまとめて受け取れます。

✅ ③ 転勤・出張なし
会社が指定するエリアへの異動は一切ありません。
自分の希望する地域で働き続けられます。

✅ ④ フレックスタイム制度
月平均所定労働時間160時間の中で、
始業・終業の時間配分を自分で組み立てられます。

＝＝＝＝＝＝＝＝＝＝＝＝＝＝＝
《✼待遇もしっかり✼》

✔ 月給制（固定残業代なし／残業分は時間外勤務手当で別途支給）
✔ 資格手当・家族手当・職種手当・通勤手当・役職手当・勤続手当
✔ 社会保険完備（健康保険・厚生年金・雇用保険・労災保険）
✔ 試用期間なし
✔ 初年度想定年収：340万円〜700万円
✔ 年収例：中途入社9年目／固定年額650万円＋賞与710万円＝1360万円
✔ 保養所完備・定期健康診断・人間ドック補助・スポーツクラブ利用補助・
　財形貯蓄制度・確定拠出年金（401K）・永年勤続表彰・社内厚生行事補助"
220,771,大東建託株式会社,未経験｜土地活用の提案営業｜つくば市,転勤なし◎フレックス制度で無理なく働ける土地活用提案営業,"✦・━━━━━━━━━━━━━━━・✦
＼茨城県つくば市で募集中／
""提案する力""が身につく
土地活用の営業職◎
✦・━━━━━━━━━━━━━━━・✦

「商談って一人でやるものでは？」

大東建託の商談は、必ず上司が同席します。
未経験のうちから一人で抱え込む場面はありません。

＝＝＝＝＝＝＝＝＝＝＝＝＝＝＝
【✧提案営業は、この3ステップ✧】

■ ① 訪問
土地オーナー様を訪ね、商談の日程を調整します。

■ ② 商談
上司同席のもと、活用プランや契約条件を提案します。

■ ③ ご契約
成約1件につき、最大225万円のインセンティブを支給。
賞与支給のタイミングでまとめて受け取れます。

＝＝＝＝＝＝＝＝＝＝＝＝＝＝＝
【✨この仕事の魅力✨】

✅ 頑張りが成果に直結
成約数に応じてインセンティブが上乗せされます。

✅ 研修制度あり
未経験からでも、提案の組み立て方を一から学べます。

✅ 転勤・出張なし
会社が指定するエリアへの異動はなく、
希望する地域で働き続けられます。

＝＝＝＝＝＝＝＝＝＝＝＝＝＝＝
【✔働き方✔】

✔ フレックスタイム制度（月平均所定労働時間160時間）
✔ 固定残業代なし（残業分は時間外勤務手当で別途支給）
✔ 社会保険完備（健康保険・厚生年金・雇用保険・労災保険）
✔ 試用期間なし

自分のペースで、一件ずつ丁寧に進めていける仕事です。

案件No：771","《✼この仕事の4つのポイント✼》

✅ ① 商談は必ず上司同席
未経験のうちから一人で商談に臨むことはありません。
提案内容や契約条件の詰め方も、その場でサポートしてもらえます。

✅ ② 頑張りが成果報酬に直結
1件成約につき最大225万円のインセンティブを支給。
賞与のタイミングでまとめて受け取れます。

✅ ③ 転勤・出張なし
会社が指定するエリアへの異動は一切ありません。
自分の希望する地域で働き続けられます。

✅ ④ フレックスタイム制度
月平均所定労働時間160時間の中で、
始業・終業の時間配分を自分で組み立てられます。

＝＝＝＝＝＝＝＝＝＝＝＝＝＝＝
《✼待遇もしっかり✼》

✔ 月給制（固定残業代なし／残業分は時間外勤務手当で別途支給）
✔ 資格手当・家族手当・職種手当・通勤手当・役職手当・勤続手当
✔ 社会保険完備（健康保険・厚生年金・雇用保険・労災保険）
✔ 試用期間なし
✔ 初年度想定年収：340万円〜700万円
✔ 年収例：中途入社9年目／固定年額650万円＋賞与710万円＝1360万円
✔ 保養所完備・定期健康診断・人間ドック補助・スポーツクラブ利用補助・
　財形貯蓄制度・確定拠出年金（401K）・永年勤続表彰・社内厚生行事補助"
221,627,大東建託株式会社,未経験｜土地活用の提案営業｜名古屋市港区,転勤なし◎フレックス制度で無理なく働ける土地活用提案営業,"✦・━━━━━━━━━━━━━━━・✦
＼愛知県名古屋市港区で募集中／
オーナー様の「土地」を
価値ある一棟に変える提案営業◎
✦・━━━━━━━━━━━━━━━・✦

「専門知識がないと厳しいのでは？」

商談には必ず上司が同席するので、
知識も進め方も、現場で身につけていけます。

＝＝＝＝＝＝＝＝＝＝＝＝＝＝＝
【✧提案営業は、この3ステップ✧】

■ ① 訪問
土地オーナー様のもとへ伺い、商談の日程を決めます。

■ ② 商談
上司同席で、活用プランや契約条件を一緒に詰めます。

■ ③ ご契約
契約成立で、1件あたり最大225万円のインセンティブを支給。
賞与のタイミングでまとめて支給されます。

＝＝＝＝＝＝＝＝＝＝＝＝＝＝＝
【✨この仕事の魅力✨】

✅ 転勤・出張なし
会社が指定するエリアへの異動はありません。
今の生活拠点を変えずに働き続けられます。

✅ 商談は一人で抱え込まない
上司同席が前提なので、未経験でも
その場で相談しながら進められます。

✅ 研修制度あり
提案の組み立て方から、丁寧に学べます。

＝＝＝＝＝＝＝＝＝＝＝＝＝＝＝
【✔働き方✔】

✔ フレックスタイム制度（月平均所定労働時間160時間）
✔ 固定残業代なし（残業分は時間外勤務手当で別途支給）
✔ 社会保険完備（健康保険・厚生年金・雇用保険・労災保険）
✔ 試用期間なし

まずはお気軽にご応募ください。

案件No：627","《✼この仕事の4つのポイント✼》

✅ ① 商談は必ず上司同席
未経験のうちから一人で商談に臨むことはありません。
提案内容や契約条件の詰め方も、その場でサポートしてもらえます。

✅ ② 頑張りが成果報酬に直結
1件成約につき最大225万円のインセンティブを支給。
賞与のタイミングでまとめて受け取れます。

✅ ③ 転勤・出張なし
会社が指定するエリアへの異動は一切ありません。
自分の希望する地域で働き続けられます。

✅ ④ フレックスタイム制度
月平均所定労働時間160時間の中で、
始業・終業の時間配分を自分で組み立てられます。

＝＝＝＝＝＝＝＝＝＝＝＝＝＝＝
《✼待遇もしっかり✼》

✔ 月給制（固定残業代なし／残業分は時間外勤務手当で別途支給）
✔ 資格手当・家族手当・職種手当・通勤手当・役職手当・勤続手当
✔ 社会保険完備（健康保険・厚生年金・雇用保険・労災保険）
✔ 試用期間なし
✔ 初年度想定年収：340万円〜700万円
✔ 年収例：中途入社9年目／固定年額650万円＋賞与710万円＝1360万円
✔ 保養所完備・定期健康診断・人間ドック補助・スポーツクラブ利用補助・
　財形貯蓄制度・確定拠出年金（401K）・永年勤続表彰・社内厚生行事補助"
222,2611,大東建託株式会社,未経験｜土地活用の提案営業｜台東区,転勤なし◎フレックス制度で無理なく働ける土地活用提案営業,"✦・━━━━━━━━━━━━━━━・✦
＼東京都台東区で募集中／
土地オーナー様に「活用」を提案する
未経験からの営業職◎
✦・━━━━━━━━━━━━━━━・✦

「営業は未経験だから不安…」

そう感じる方ほど、まずは仕組みを知ってください。
商談には必ず上司が同席するので、
一人で判断を迫られる場面はありません。

＝＝＝＝＝＝＝＝＝＝＝＝＝＝＝
【✧提案営業は、この3ステップ✧】

■ ① 訪問
土地オーナー様のもとへ伺い、商談の日程を調整します。

■ ② 商談
上司が同席し、提案内容や契約条件をサポートします。

■ ③ ご契約
契約成立で、1件あたり最大225万円のインセンティブを支給。
賞与のタイミングでまとめて受け取れます。

＝＝＝＝＝＝＝＝＝＝＝＝＝＝＝
【✨この仕事の魅力✨】

✅ 商談は一人で抱え込まない
上司同席が前提なので、経験がなくても
その場で相談しながら進められます。

✅ 転勤・出張なし
会社が指定するエリアへの異動はありません。
自分の希望する地域で働き続けられます。

✅ 研修制度あり
商談の進め方や提案の組み立て方から学べます。

＝＝＝＝＝＝＝＝＝＝＝＝＝＝＝
【✔働き方✔】

✔ フレックスタイム制度（月平均所定労働時間160時間）
✔ 固定残業代なし（残業分は時間外勤務手当で別途支給）
✔ 社会保険完備（健康保険・厚生年金・雇用保険・労災保険）
✔ 試用期間なし

まずはお気軽にご応募ください。

案件No：2611","《✼この仕事の4つのポイント✼》

✅ ① 商談は必ず上司同席
未経験のうちから一人で商談に臨むことはありません。
提案内容や契約条件の詰め方も、その場でサポートしてもらえます。

✅ ② 頑張りが成果報酬に直結
1件成約につき最大225万円のインセンティブを支給。
賞与のタイミングでまとめて受け取れます。

✅ ③ 転勤・出張なし
会社が指定するエリアへの異動は一切ありません。
自分の希望する地域で働き続けられます。

✅ ④ フレックスタイム制度
月平均所定労働時間160時間の中で、
始業・終業の時間配分を自分で組み立てられます。

＝＝＝＝＝＝＝＝＝＝＝＝＝＝＝
《✼待遇もしっかり✼》

✔ 月給制（固定残業代なし／残業分は時間外勤務手当で別途支給）
✔ 資格手当・家族手当・職種手当・通勤手当・役職手当・勤続手当
✔ 社会保険完備（健康保険・厚生年金・雇用保険・労災保険）
✔ 試用期間なし
✔ 初年度想定年収：340万円〜700万円
✔ 年収例：中途入社9年目／固定年額650万円＋賞与710万円＝1360万円
✔ 保養所完備・定期健康診断・人間ドック補助・スポーツクラブ利用補助・
　財形貯蓄制度・確定拠出年金（401K）・永年勤続表彰・社内厚生行事補助"
223,1265,大東建託株式会社,未経験｜土地活用の提案営業｜町田市,転勤なし◎フレックス制度で無理なく働ける土地活用提案営業,"✦・━━━━━━━━━━━━━━━・✦
＼東京都町田市で募集中／
""提案する力""が身につく
土地活用の営業職◎
✦・━━━━━━━━━━━━━━━・✦

「商談って一人でやるものでは？」

大東建託の商談は、必ず上司が同席します。
未経験のうちから一人で抱え込む場面はありません。

＝＝＝＝＝＝＝＝＝＝＝＝＝＝＝
【✧提案営業は、この3ステップ✧】

■ ① 訪問
土地オーナー様を訪ね、商談の日程を調整します。

■ ② 商談
上司同席のもと、活用プランや契約条件を提案します。

■ ③ ご契約
成約1件につき、最大225万円のインセンティブを支給。
賞与支給のタイミングでまとめて受け取れます。

＝＝＝＝＝＝＝＝＝＝＝＝＝＝＝
【✨この仕事の魅力✨】

✅ 頑張りが成果に直結
成約数に応じてインセンティブが上乗せされます。

✅ 研修制度あり
未経験からでも、提案の組み立て方を一から学べます。

✅ 転勤・出張なし
会社が指定するエリアへの異動はなく、
希望する地域で働き続けられます。

＝＝＝＝＝＝＝＝＝＝＝＝＝＝＝
【✔働き方✔】

✔ フレックスタイム制度（月平均所定労働時間160時間）
✔ 固定残業代なし（残業分は時間外勤務手当で別途支給）
✔ 社会保険完備（健康保険・厚生年金・雇用保険・労災保険）
✔ 試用期間なし

自分のペースで、一件ずつ丁寧に進めていける仕事です。

案件No：1265","《✼この仕事の4つのポイント✼》

✅ ① 商談は必ず上司同席
未経験のうちから一人で商談に臨むことはありません。
提案内容や契約条件の詰め方も、その場でサポートしてもらえます。

✅ ② 頑張りが成果報酬に直結
1件成約につき最大225万円のインセンティブを支給。
賞与のタイミングでまとめて受け取れます。

✅ ③ 転勤・出張なし
会社が指定するエリアへの異動は一切ありません。
自分の希望する地域で働き続けられます。

✅ ④ フレックスタイム制度
月平均所定労働時間160時間の中で、
始業・終業の時間配分を自分で組み立てられます。

＝＝＝＝＝＝＝＝＝＝＝＝＝＝＝
《✼待遇もしっかり✼》

✔ 月給制（固定残業代なし／残業分は時間外勤務手当で別途支給）
✔ 資格手当・家族手当・職種手当・通勤手当・役職手当・勤続手当
✔ 社会保険完備（健康保険・厚生年金・雇用保険・労災保険）
✔ 試用期間なし
✔ 初年度想定年収：340万円〜700万円
✔ 年収例：中途入社9年目／固定年額650万円＋賞与710万円＝1360万円
✔ 保養所完備・定期健康診断・人間ドック補助・スポーツクラブ利用補助・
　財形貯蓄制度・確定拠出年金（401K）・永年勤続表彰・社内厚生行事補助"
224,304,大東建託株式会社,未経験｜土地活用の提案営業｜水戸市,転勤なし◎フレックス制度で無理なく働ける土地活用提案営業,"✦・━━━━━━━━━━━━━━━・✦
＼茨城県水戸市で募集中／
オーナー様の「土地」を
価値ある一棟に変える提案営業◎
✦・━━━━━━━━━━━━━━━・✦

「専門知識がないと厳しいのでは？」

商談には必ず上司が同席するので、
知識も進め方も、現場で身につけていけます。

＝＝＝＝＝＝＝＝＝＝＝＝＝＝＝
【✧提案営業は、この3ステップ✧】

■ ① 訪問
土地オーナー様のもとへ伺い、商談の日程を決めます。

■ ② 商談
上司同席で、活用プランや契約条件を一緒に詰めます。

■ ③ ご契約
契約成立で、1件あたり最大225万円のインセンティブを支給。
賞与のタイミングでまとめて支給されます。

＝＝＝＝＝＝＝＝＝＝＝＝＝＝＝
【✨この仕事の魅力✨】

✅ 転勤・出張なし
会社が指定するエリアへの異動はありません。
今の生活拠点を変えずに働き続けられます。

✅ 商談は一人で抱え込まない
上司同席が前提なので、未経験でも
その場で相談しながら進められます。

✅ 研修制度あり
提案の組み立て方から、丁寧に学べます。

＝＝＝＝＝＝＝＝＝＝＝＝＝＝＝
【✔働き方✔】

✔ フレックスタイム制度（月平均所定労働時間160時間）
✔ 固定残業代なし（残業分は時間外勤務手当で別途支給）
✔ 社会保険完備（健康保険・厚生年金・雇用保険・労災保険）
✔ 試用期間なし

まずはお気軽にご応募ください。

案件No：304","《✼この仕事の4つのポイント✼》

✅ ① 商談は必ず上司同席
未経験のうちから一人で商談に臨むことはありません。
提案内容や契約条件の詰め方も、その場でサポートしてもらえます。

✅ ② 頑張りが成果報酬に直結
1件成約につき最大225万円のインセンティブを支給。
賞与のタイミングでまとめて受け取れます。

✅ ③ 転勤・出張なし
会社が指定するエリアへの異動は一切ありません。
自分の希望する地域で働き続けられます。

✅ ④ フレックスタイム制度
月平均所定労働時間160時間の中で、
始業・終業の時間配分を自分で組み立てられます。

＝＝＝＝＝＝＝＝＝＝＝＝＝＝＝
《✼待遇もしっかり✼》

✔ 月給制（固定残業代なし／残業分は時間外勤務手当で別途支給）
✔ 資格手当・家族手当・職種手当・通勤手当・役職手当・勤続手当
✔ 社会保険完備（健康保険・厚生年金・雇用保険・労災保険）
✔ 試用期間なし
✔ 初年度想定年収：340万円〜700万円
✔ 年収例：中途入社9年目／固定年額650万円＋賞与710万円＝1360万円
✔ 保養所完備・定期健康診断・人間ドック補助・スポーツクラブ利用補助・
　財形貯蓄制度・確定拠出年金（401K）・永年勤続表彰・社内厚生行事補助"
225,1360,大東建託株式会社,未経験｜土地活用の提案営業｜八王子市,転勤なし◎フレックス制度で無理なく働ける土地活用提案営業,"✦・━━━━━━━━━━━━━━━・✦
＼東京都八王子市で募集中／
土地オーナー様に「活用」を提案する
未経験からの営業職◎
✦・━━━━━━━━━━━━━━━・✦

「営業は未経験だから不安…」

そう感じる方ほど、まずは仕組みを知ってください。
商談には必ず上司が同席するので、
一人で判断を迫られる場面はありません。

＝＝＝＝＝＝＝＝＝＝＝＝＝＝＝
【✧提案営業は、この3ステップ✧】

■ ① 訪問
土地オーナー様のもとへ伺い、商談の日程を調整します。

■ ② 商談
上司が同席し、提案内容や契約条件をサポートします。

■ ③ ご契約
契約成立で、1件あたり最大225万円のインセンティブを支給。
賞与のタイミングでまとめて受け取れます。

＝＝＝＝＝＝＝＝＝＝＝＝＝＝＝
【✨この仕事の魅力✨】

✅ 商談は一人で抱え込まない
上司同席が前提なので、経験がなくても
その場で相談しながら進められます。

✅ 転勤・出張なし
会社が指定するエリアへの異動はありません。
自分の希望する地域で働き続けられます。

✅ 研修制度あり
商談の進め方や提案の組み立て方から学べます。

＝＝＝＝＝＝＝＝＝＝＝＝＝＝＝
【✔働き方✔】

✔ フレックスタイム制度（月平均所定労働時間160時間）
✔ 固定残業代なし（残業分は時間外勤務手当で別途支給）
✔ 社会保険完備（健康保険・厚生年金・雇用保険・労災保険）
✔ 試用期間なし

まずはお気軽にご応募ください。

案件No：1360","《✼この仕事の4つのポイント✼》

✅ ① 商談は必ず上司同席
未経験のうちから一人で商談に臨むことはありません。
提案内容や契約条件の詰め方も、その場でサポートしてもらえます。

✅ ② 頑張りが成果報酬に直結
1件成約につき最大225万円のインセンティブを支給。
賞与のタイミングでまとめて受け取れます。

✅ ③ 転勤・出張なし
会社が指定するエリアへの異動は一切ありません。
自分の希望する地域で働き続けられます。

✅ ④ フレックスタイム制度
月平均所定労働時間160時間の中で、
始業・終業の時間配分を自分で組み立てられます。

＝＝＝＝＝＝＝＝＝＝＝＝＝＝＝
《✼待遇もしっかり✼》

✔ 月給制（固定残業代なし／残業分は時間外勤務手当で別途支給）
✔ 資格手当・家族手当・職種手当・通勤手当・役職手当・勤続手当
✔ 社会保険完備（健康保険・厚生年金・雇用保険・労災保険）
✔ 試用期間なし
✔ 初年度想定年収：340万円〜700万円
✔ 年収例：中途入社9年目／固定年額650万円＋賞与710万円＝1360万円
✔ 保養所完備・定期健康診断・人間ドック補助・スポーツクラブ利用補助・
　財形貯蓄制度・確定拠出年金（401K）・永年勤続表彰・社内厚生行事補助"
226,955,大東建託株式会社,未経験｜土地活用の提案営業｜日立市,転勤なし◎フレックス制度で無理なく働ける土地活用提案営業,"✦・━━━━━━━━━━━━━━━・✦
＼茨城県日立市で募集中／
""提案する力""が身につく
土地活用の営業職◎
✦・━━━━━━━━━━━━━━━・✦

「商談って一人でやるものでは？」

大東建託の商談は、必ず上司が同席します。
未経験のうちから一人で抱え込む場面はありません。

＝＝＝＝＝＝＝＝＝＝＝＝＝＝＝
【✧提案営業は、この3ステップ✧】

■ ① 訪問
土地オーナー様を訪ね、商談の日程を調整します。

■ ② 商談
上司同席のもと、活用プランや契約条件を提案します。

■ ③ ご契約
成約1件につき、最大225万円のインセンティブを支給。
賞与支給のタイミングでまとめて受け取れます。

＝＝＝＝＝＝＝＝＝＝＝＝＝＝＝
【✨この仕事の魅力✨】

✅ 頑張りが成果に直結
成約数に応じてインセンティブが上乗せされます。

✅ 研修制度あり
未経験からでも、提案の組み立て方を一から学べます。

✅ 転勤・出張なし
会社が指定するエリアへの異動はなく、
希望する地域で働き続けられます。

＝＝＝＝＝＝＝＝＝＝＝＝＝＝＝
【✔働き方✔】

✔ フレックスタイム制度（月平均所定労働時間160時間）
✔ 固定残業代なし（残業分は時間外勤務手当で別途支給）
✔ 社会保険完備（健康保険・厚生年金・雇用保険・労災保険）
✔ 試用期間なし

自分のペースで、一件ずつ丁寧に進めていける仕事です。

案件No：955","《✼この仕事の4つのポイント✼》

✅ ① 商談は必ず上司同席
未経験のうちから一人で商談に臨むことはありません。
提案内容や契約条件の詰め方も、その場でサポートしてもらえます。

✅ ② 頑張りが成果報酬に直結
1件成約につき最大225万円のインセンティブを支給。
賞与のタイミングでまとめて受け取れます。

✅ ③ 転勤・出張なし
会社が指定するエリアへの異動は一切ありません。
自分の希望する地域で働き続けられます。

✅ ④ フレックスタイム制度
月平均所定労働時間160時間の中で、
始業・終業の時間配分を自分で組み立てられます。

＝＝＝＝＝＝＝＝＝＝＝＝＝＝＝
《✼待遇もしっかり✼》

✔ 月給制（固定残業代なし／残業分は時間外勤務手当で別途支給）
✔ 資格手当・家族手当・職種手当・通勤手当・役職手当・勤続手当
✔ 社会保険完備（健康保険・厚生年金・雇用保険・労災保険）
✔ 試用期間なし
✔ 初年度想定年収：340万円〜700万円
✔ 年収例：中途入社9年目／固定年額650万円＋賞与710万円＝1360万円
✔ 保養所完備・定期健康診断・人間ドック補助・スポーツクラブ利用補助・
　財形貯蓄制度・確定拠出年金（401K）・永年勤続表彰・社内厚生行事補助"
227,1310,大東建託株式会社,未経験｜土地活用の提案営業｜板橋区,転勤なし◎フレックス制度で無理なく働ける土地活用提案営業,"✦・━━━━━━━━━━━━━━━・✦
＼東京都板橋区で募集中／
オーナー様の「土地」を
価値ある一棟に変える提案営業◎
✦・━━━━━━━━━━━━━━━・✦

「専門知識がないと厳しいのでは？」

商談には必ず上司が同席するので、
知識も進め方も、現場で身につけていけます。

＝＝＝＝＝＝＝＝＝＝＝＝＝＝＝
【✧提案営業は、この3ステップ✧】

■ ① 訪問
土地オーナー様のもとへ伺い、商談の日程を決めます。

■ ② 商談
上司同席で、活用プランや契約条件を一緒に詰めます。

■ ③ ご契約
契約成立で、1件あたり最大225万円のインセンティブを支給。
賞与のタイミングでまとめて支給されます。

＝＝＝＝＝＝＝＝＝＝＝＝＝＝＝
【✨この仕事の魅力✨】

✅ 転勤・出張なし
会社が指定するエリアへの異動はありません。
今の生活拠点を変えずに働き続けられます。

✅ 商談は一人で抱え込まない
上司同席が前提なので、未経験でも
その場で相談しながら進められます。

✅ 研修制度あり
提案の組み立て方から、丁寧に学べます。

＝＝＝＝＝＝＝＝＝＝＝＝＝＝＝
【✔働き方✔】

✔ フレックスタイム制度（月平均所定労働時間160時間）
✔ 固定残業代なし（残業分は時間外勤務手当で別途支給）
✔ 社会保険完備（健康保険・厚生年金・雇用保険・労災保険）
✔ 試用期間なし

まずはお気軽にご応募ください。

案件No：1310","《✼この仕事の4つのポイント✼》

✅ ① 商談は必ず上司同席
未経験のうちから一人で商談に臨むことはありません。
提案内容や契約条件の詰め方も、その場でサポートしてもらえます。

✅ ② 頑張りが成果報酬に直結
1件成約につき最大225万円のインセンティブを支給。
賞与のタイミングでまとめて受け取れます。

✅ ③ 転勤・出張なし
会社が指定するエリアへの異動は一切ありません。
自分の希望する地域で働き続けられます。

✅ ④ フレックスタイム制度
月平均所定労働時間160時間の中で、
始業・終業の時間配分を自分で組み立てられます。

＝＝＝＝＝＝＝＝＝＝＝＝＝＝＝
《✼待遇もしっかり✼》

✔ 月給制（固定残業代なし／残業分は時間外勤務手当で別途支給）
✔ 資格手当・家族手当・職種手当・通勤手当・役職手当・勤続手当
✔ 社会保険完備（健康保険・厚生年金・雇用保険・労災保険）
✔ 試用期間なし
✔ 初年度想定年収：340万円〜700万円
✔ 年収例：中途入社9年目／固定年額650万円＋賞与710万円＝1360万円
✔ 保養所完備・定期健康診断・人間ドック補助・スポーツクラブ利用補助・
　財形貯蓄制度・確定拠出年金（401K）・永年勤続表彰・社内厚生行事補助"
228,2205,大東建託株式会社,未経験｜土地活用の提案営業｜宇都宮市,転勤なし◎フレックス制度で無理なく働ける土地活用提案営業,"✦・━━━━━━━━━━━━━━━・✦
＼栃木県宇都宮市で募集中／
土地オーナー様に「活用」を提案する
未経験からの営業職◎
✦・━━━━━━━━━━━━━━━・✦

「営業は未経験だから不安…」

そう感じる方ほど、まずは仕組みを知ってください。
商談には必ず上司が同席するので、
一人で判断を迫られる場面はありません。

＝＝＝＝＝＝＝＝＝＝＝＝＝＝＝
【✧提案営業は、この3ステップ✧】

■ ① 訪問
土地オーナー様のもとへ伺い、商談の日程を調整します。

■ ② 商談
上司が同席し、提案内容や契約条件をサポートします。

■ ③ ご契約
契約成立で、1件あたり最大225万円のインセンティブを支給。
賞与のタイミングでまとめて受け取れます。

＝＝＝＝＝＝＝＝＝＝＝＝＝＝＝
【✨この仕事の魅力✨】

✅ 商談は一人で抱え込まない
上司同席が前提なので、経験がなくても
その場で相談しながら進められます。

✅ 転勤・出張なし
会社が指定するエリアへの異動はありません。
自分の希望する地域で働き続けられます。

✅ 研修制度あり
商談の進め方や提案の組み立て方から学べます。

＝＝＝＝＝＝＝＝＝＝＝＝＝＝＝
【✔働き方✔】

✔ フレックスタイム制度（月平均所定労働時間160時間）
✔ 固定残業代なし（残業分は時間外勤務手当で別途支給）
✔ 社会保険完備（健康保険・厚生年金・雇用保険・労災保険）
✔ 試用期間なし

まずはお気軽にご応募ください。

案件No：2205","《✼この仕事の4つのポイント✼》

✅ ① 商談は必ず上司同席
未経験のうちから一人で商談に臨むことはありません。
提案内容や契約条件の詰め方も、その場でサポートしてもらえます。

✅ ② 頑張りが成果報酬に直結
1件成約につき最大225万円のインセンティブを支給。
賞与のタイミングでまとめて受け取れます。

✅ ③ 転勤・出張なし
会社が指定するエリアへの異動は一切ありません。
自分の希望する地域で働き続けられます。

✅ ④ フレックスタイム制度
月平均所定労働時間160時間の中で、
始業・終業の時間配分を自分で組み立てられます。

＝＝＝＝＝＝＝＝＝＝＝＝＝＝＝
《✼待遇もしっかり✼》

✔ 月給制（固定残業代なし／残業分は時間外勤務手当で別途支給）
✔ 資格手当・家族手当・職種手当・通勤手当・役職手当・勤続手当
✔ 社会保険完備（健康保険・厚生年金・雇用保険・労災保険）
✔ 試用期間なし
✔ 初年度想定年収：340万円〜700万円
✔ 年収例：中途入社9年目／固定年額650万円＋賞与710万円＝1360万円
✔ 保養所完備・定期健康診断・人間ドック補助・スポーツクラブ利用補助・
　財形貯蓄制度・確定拠出年金（401K）・永年勤続表彰・社内厚生行事補助"
229,319,大東建託株式会社,未経験｜土地活用の提案営業｜品川区,転勤なし◎フレックス制度で無理なく働ける土地活用提案営業,"✦・━━━━━━━━━━━━━━━・✦
＼東京都品川区で募集中／
""提案する力""が身につく
土地活用の営業職◎
✦・━━━━━━━━━━━━━━━・✦

「商談って一人でやるものでは？」

大東建託の商談は、必ず上司が同席します。
未経験のうちから一人で抱え込む場面はありません。

＝＝＝＝＝＝＝＝＝＝＝＝＝＝＝
【✧提案営業は、この3ステップ✧】

■ ① 訪問
土地オーナー様を訪ね、商談の日程を調整します。

■ ② 商談
上司同席のもと、活用プランや契約条件を提案します。

■ ③ ご契約
成約1件につき、最大225万円のインセンティブを支給。
賞与支給のタイミングでまとめて受け取れます。

＝＝＝＝＝＝＝＝＝＝＝＝＝＝＝
【✨この仕事の魅力✨】

✅ 頑張りが成果に直結
成約数に応じてインセンティブが上乗せされます。

✅ 研修制度あり
未経験からでも、提案の組み立て方を一から学べます。

✅ 転勤・出張なし
会社が指定するエリアへの異動はなく、
希望する地域で働き続けられます。

＝＝＝＝＝＝＝＝＝＝＝＝＝＝＝
【✔働き方✔】

✔ フレックスタイム制度（月平均所定労働時間160時間）
✔ 固定残業代なし（残業分は時間外勤務手当で別途支給）
✔ 社会保険完備（健康保険・厚生年金・雇用保険・労災保険）
✔ 試用期間なし

自分のペースで、一件ずつ丁寧に進めていける仕事です。

案件No：319","《✼この仕事の4つのポイント✼》

✅ ① 商談は必ず上司同席
未経験のうちから一人で商談に臨むことはありません。
提案内容や契約条件の詰め方も、その場でサポートしてもらえます。

✅ ② 頑張りが成果報酬に直結
1件成約につき最大225万円のインセンティブを支給。
賞与のタイミングでまとめて受け取れます。

✅ ③ 転勤・出張なし
会社が指定するエリアへの異動は一切ありません。
自分の希望する地域で働き続けられます。

✅ ④ フレックスタイム制度
月平均所定労働時間160時間の中で、
始業・終業の時間配分を自分で組み立てられます。

＝＝＝＝＝＝＝＝＝＝＝＝＝＝＝
《✼待遇もしっかり✼》

✔ 月給制（固定残業代なし／残業分は時間外勤務手当で別途支給）
✔ 資格手当・家族手当・職種手当・通勤手当・役職手当・勤続手当
✔ 社会保険完備（健康保険・厚生年金・雇用保険・労災保険）
✔ 試用期間なし
✔ 初年度想定年収：340万円〜700万円
✔ 年収例：中途入社9年目／固定年額650万円＋賞与710万円＝1360万円
✔ 保養所完備・定期健康診断・人間ドック補助・スポーツクラブ利用補助・
　財形貯蓄制度・確定拠出年金（401K）・永年勤続表彰・社内厚生行事補助"
230,2637,大東建託株式会社,未経験｜土地活用の提案営業｜小山市,転勤なし◎フレックス制度で無理なく働ける土地活用提案営業,"✦・━━━━━━━━━━━━━━━・✦
＼栃木県小山市で募集中／
オーナー様の「土地」を
価値ある一棟に変える提案営業◎
✦・━━━━━━━━━━━━━━━・✦

「専門知識がないと厳しいのでは？」

商談には必ず上司が同席するので、
知識も進め方も、現場で身につけていけます。

＝＝＝＝＝＝＝＝＝＝＝＝＝＝＝
【✧提案営業は、この3ステップ✧】

■ ① 訪問
土地オーナー様のもとへ伺い、商談の日程を決めます。

■ ② 商談
上司同席で、活用プランや契約条件を一緒に詰めます。

■ ③ ご契約
契約成立で、1件あたり最大225万円のインセンティブを支給。
賞与のタイミングでまとめて支給されます。

＝＝＝＝＝＝＝＝＝＝＝＝＝＝＝
【✨この仕事の魅力✨】

✅ 転勤・出張なし
会社が指定するエリアへの異動はありません。
今の生活拠点を変えずに働き続けられます。

✅ 商談は一人で抱え込まない
上司同席が前提なので、未経験でも
その場で相談しながら進められます。

✅ 研修制度あり
提案の組み立て方から、丁寧に学べます。

＝＝＝＝＝＝＝＝＝＝＝＝＝＝＝
【✔働き方✔】

✔ フレックスタイム制度（月平均所定労働時間160時間）
✔ 固定残業代なし（残業分は時間外勤務手当で別途支給）
✔ 社会保険完備（健康保険・厚生年金・雇用保険・労災保険）
✔ 試用期間なし

まずはお気軽にご応募ください。

案件No：2637","《✼この仕事の4つのポイント✼》

✅ ① 商談は必ず上司同席
未経験のうちから一人で商談に臨むことはありません。
提案内容や契約条件の詰め方も、その場でサポートしてもらえます。

✅ ② 頑張りが成果報酬に直結
1件成約につき最大225万円のインセンティブを支給。
賞与のタイミングでまとめて受け取れます。

✅ ③ 転勤・出張なし
会社が指定するエリアへの異動は一切ありません。
自分の希望する地域で働き続けられます。

✅ ④ フレックスタイム制度
月平均所定労働時間160時間の中で、
始業・終業の時間配分を自分で組み立てられます。

＝＝＝＝＝＝＝＝＝＝＝＝＝＝＝
《✼待遇もしっかり✼》

✔ 月給制（固定残業代なし／残業分は時間外勤務手当で別途支給）
✔ 資格手当・家族手当・職種手当・通勤手当・役職手当・勤続手当
✔ 社会保険完備（健康保険・厚生年金・雇用保険・労災保険）
✔ 試用期間なし
✔ 初年度想定年収：340万円〜700万円
✔ 年収例：中途入社9年目／固定年額650万円＋賞与710万円＝1360万円
✔ 保養所完備・定期健康診断・人間ドック補助・スポーツクラブ利用補助・
　財形貯蓄制度・確定拠出年金（401K）・永年勤続表彰・社内厚生行事補助"
231,2343,大東建託株式会社,未経験｜土地活用の提案営業｜武蔵野市,転勤なし◎フレックス制度で無理なく働ける土地活用提案営業,"✦・━━━━━━━━━━━━━━━・✦
＼東京都武蔵野市で募集中／
土地オーナー様に「活用」を提案する
未経験からの営業職◎
✦・━━━━━━━━━━━━━━━・✦

「営業は未経験だから不安…」

そう感じる方ほど、まずは仕組みを知ってください。
商談には必ず上司が同席するので、
一人で判断を迫られる場面はありません。

＝＝＝＝＝＝＝＝＝＝＝＝＝＝＝
【✧提案営業は、この3ステップ✧】

■ ① 訪問
土地オーナー様のもとへ伺い、商談の日程を調整します。

■ ② 商談
上司が同席し、提案内容や契約条件をサポートします。

■ ③ ご契約
契約成立で、1件あたり最大225万円のインセンティブを支給。
賞与のタイミングでまとめて受け取れます。

＝＝＝＝＝＝＝＝＝＝＝＝＝＝＝
【✨この仕事の魅力✨】

✅ 商談は一人で抱え込まない
上司同席が前提なので、経験がなくても
その場で相談しながら進められます。

✅ 転勤・出張なし
会社が指定するエリアへの異動はありません。
自分の希望する地域で働き続けられます。

✅ 研修制度あり
商談の進め方や提案の組み立て方から学べます。

＝＝＝＝＝＝＝＝＝＝＝＝＝＝＝
【✔働き方✔】

✔ フレックスタイム制度（月平均所定労働時間160時間）
✔ 固定残業代なし（残業分は時間外勤務手当で別途支給）
✔ 社会保険完備（健康保険・厚生年金・雇用保険・労災保険）
✔ 試用期間なし

まずはお気軽にご応募ください。

案件No：2343","《✼この仕事の4つのポイント✼》

✅ ① 商談は必ず上司同席
未経験のうちから一人で商談に臨むことはありません。
提案内容や契約条件の詰め方も、その場でサポートしてもらえます。

✅ ② 頑張りが成果報酬に直結
1件成約につき最大225万円のインセンティブを支給。
賞与のタイミングでまとめて受け取れます。

✅ ③ 転勤・出張なし
会社が指定するエリアへの異動は一切ありません。
自分の希望する地域で働き続けられます。

✅ ④ フレックスタイム制度
月平均所定労働時間160時間の中で、
始業・終業の時間配分を自分で組み立てられます。

＝＝＝＝＝＝＝＝＝＝＝＝＝＝＝
《✼待遇もしっかり✼》

✔ 月給制（固定残業代なし／残業分は時間外勤務手当で別途支給）
✔ 資格手当・家族手当・職種手当・通勤手当・役職手当・勤続手当
✔ 社会保険完備（健康保険・厚生年金・雇用保険・労災保険）
✔ 試用期間なし
✔ 初年度想定年収：340万円〜700万円
✔ 年収例：中途入社9年目／固定年額650万円＋賞与710万円＝1360万円
✔ 保養所完備・定期健康診断・人間ドック補助・スポーツクラブ利用補助・
　財形貯蓄制度・確定拠出年金（401K）・永年勤続表彰・社内厚生行事補助"
232,598,大東建託株式会社,未経験｜土地活用の提案営業｜高崎市,転勤なし◎フレックス制度で無理なく働ける土地活用提案営業,"✦・━━━━━━━━━━━━━━━・✦
＼群馬県高崎市で募集中／
""提案する力""が身につく
土地活用の営業職◎
✦・━━━━━━━━━━━━━━━・✦

「商談って一人でやるものでは？」

大東建託の商談は、必ず上司が同席します。
未経験のうちから一人で抱え込む場面はありません。

＝＝＝＝＝＝＝＝＝＝＝＝＝＝＝
【✧提案営業は、この3ステップ✧】

■ ① 訪問
土地オーナー様を訪ね、商談の日程を調整します。

■ ② 商談
上司同席のもと、活用プランや契約条件を提案します。

■ ③ ご契約
成約1件につき、最大225万円のインセンティブを支給。
賞与支給のタイミングでまとめて受け取れます。

＝＝＝＝＝＝＝＝＝＝＝＝＝＝＝
【✨この仕事の魅力✨】

✅ 頑張りが成果に直結
成約数に応じてインセンティブが上乗せされます。

✅ 研修制度あり
未経験からでも、提案の組み立て方を一から学べます。

✅ 転勤・出張なし
会社が指定するエリアへの異動はなく、
希望する地域で働き続けられます。

＝＝＝＝＝＝＝＝＝＝＝＝＝＝＝
【✔働き方✔】

✔ フレックスタイム制度（月平均所定労働時間160時間）
✔ 固定残業代なし（残業分は時間外勤務手当で別途支給）
✔ 社会保険完備（健康保険・厚生年金・雇用保険・労災保険）
✔ 試用期間なし

自分のペースで、一件ずつ丁寧に進めていける仕事です。

案件No：598","《✼この仕事の4つのポイント✼》

✅ ① 商談は必ず上司同席
未経験のうちから一人で商談に臨むことはありません。
提案内容や契約条件の詰め方も、その場でサポートしてもらえます。

✅ ② 頑張りが成果報酬に直結
1件成約につき最大225万円のインセンティブを支給。
賞与のタイミングでまとめて受け取れます。

✅ ③ 転勤・出張なし
会社が指定するエリアへの異動は一切ありません。
自分の希望する地域で働き続けられます。

✅ ④ フレックスタイム制度
月平均所定労働時間160時間の中で、
始業・終業の時間配分を自分で組み立てられます。

＝＝＝＝＝＝＝＝＝＝＝＝＝＝＝
《✼待遇もしっかり✼》

✔ 月給制（固定残業代なし／残業分は時間外勤務手当で別途支給）
✔ 資格手当・家族手当・職種手当・通勤手当・役職手当・勤続手当
✔ 社会保険完備（健康保険・厚生年金・雇用保険・労災保険）
✔ 試用期間なし
✔ 初年度想定年収：340万円〜700万円
✔ 年収例：中途入社9年目／固定年額650万円＋賞与710万円＝1360万円
✔ 保養所完備・定期健康診断・人間ドック補助・スポーツクラブ利用補助・
　財形貯蓄制度・確定拠出年金（401K）・永年勤続表彰・社内厚生行事補助"
233,2738,大東建託株式会社,未経験｜土地活用の提案営業｜彦根市,転勤なし◎フレックス制度で無理なく働ける土地活用提案営業,"✦・━━━━━━━━━━━━━━━・✦
＼滋賀県彦根市で募集中／
オーナー様の「土地」を
価値ある一棟に変える提案営業◎
✦・━━━━━━━━━━━━━━━・✦

「専門知識がないと厳しいのでは？」

商談には必ず上司が同席するので、
知識も進め方も、現場で身につけていけます。

＝＝＝＝＝＝＝＝＝＝＝＝＝＝＝
【✧提案営業は、この3ステップ✧】

■ ① 訪問
土地オーナー様のもとへ伺い、商談の日程を決めます。

■ ② 商談
上司同席で、活用プランや契約条件を一緒に詰めます。

■ ③ ご契約
契約成立で、1件あたり最大225万円のインセンティブを支給。
賞与のタイミングでまとめて支給されます。

＝＝＝＝＝＝＝＝＝＝＝＝＝＝＝
【✨この仕事の魅力✨】

✅ 転勤・出張なし
会社が指定するエリアへの異動はありません。
今の生活拠点を変えずに働き続けられます。

✅ 商談は一人で抱え込まない
上司同席が前提なので、未経験でも
その場で相談しながら進められます。

✅ 研修制度あり
提案の組み立て方から、丁寧に学べます。

＝＝＝＝＝＝＝＝＝＝＝＝＝＝＝
【✔働き方✔】

✔ フレックスタイム制度（月平均所定労働時間160時間）
✔ 固定残業代なし（残業分は時間外勤務手当で別途支給）
✔ 社会保険完備（健康保険・厚生年金・雇用保険・労災保険）
✔ 試用期間なし

まずはお気軽にご応募ください。

案件No：2738","《✼この仕事の4つのポイント✼》

✅ ① 商談は必ず上司同席
未経験のうちから一人で商談に臨むことはありません。
提案内容や契約条件の詰め方も、その場でサポートしてもらえます。

✅ ② 頑張りが成果報酬に直結
1件成約につき最大225万円のインセンティブを支給。
賞与のタイミングでまとめて受け取れます。

✅ ③ 転勤・出張なし
会社が指定するエリアへの異動は一切ありません。
自分の希望する地域で働き続けられます。

✅ ④ フレックスタイム制度
月平均所定労働時間160時間の中で、
始業・終業の時間配分を自分で組み立てられます。

＝＝＝＝＝＝＝＝＝＝＝＝＝＝＝
《✼待遇もしっかり✼》

✔ 月給制（固定残業代なし／残業分は時間外勤務手当で別途支給）
✔ 資格手当・家族手当・職種手当・通勤手当・役職手当・勤続手当
✔ 社会保険完備（健康保険・厚生年金・雇用保険・労災保険）
✔ 試用期間なし
✔ 初年度想定年収：340万円〜700万円
✔ 年収例：中途入社9年目／固定年額650万円＋賞与710万円＝1360万円
✔ 保養所完備・定期健康診断・人間ドック補助・スポーツクラブ利用補助・
　財形貯蓄制度・確定拠出年金（401K）・永年勤続表彰・社内厚生行事補助"
234,397,大東建託株式会社,未経験｜土地活用の提案営業｜大垣市,転勤なし◎フレックス制度で無理なく働ける土地活用提案営業,"✦・━━━━━━━━━━━━━━━・✦
＼岐阜県大垣市で募集中／
土地オーナー様に「活用」を提案する
未経験からの営業職◎
✦・━━━━━━━━━━━━━━━・✦

「営業は未経験だから不安…」

そう感じる方ほど、まずは仕組みを知ってください。
商談には必ず上司が同席するので、
一人で判断を迫られる場面はありません。

＝＝＝＝＝＝＝＝＝＝＝＝＝＝＝
【✧提案営業は、この3ステップ✧】

■ ① 訪問
土地オーナー様のもとへ伺い、商談の日程を調整します。

■ ② 商談
上司が同席し、提案内容や契約条件をサポートします。

■ ③ ご契約
契約成立で、1件あたり最大225万円のインセンティブを支給。
賞与のタイミングでまとめて受け取れます。

＝＝＝＝＝＝＝＝＝＝＝＝＝＝＝
【✨この仕事の魅力✨】

✅ 商談は一人で抱え込まない
上司同席が前提なので、経験がなくても
その場で相談しながら進められます。

✅ 転勤・出張なし
会社が指定するエリアへの異動はありません。
自分の希望する地域で働き続けられます。

✅ 研修制度あり
商談の進め方や提案の組み立て方から学べます。

＝＝＝＝＝＝＝＝＝＝＝＝＝＝＝
【✔働き方✔】

✔ フレックスタイム制度（月平均所定労働時間160時間）
✔ 固定残業代なし（残業分は時間外勤務手当で別途支給）
✔ 社会保険完備（健康保険・厚生年金・雇用保険・労災保険）
✔ 試用期間なし

まずはお気軽にご応募ください。

案件No：397","《✼この仕事の4つのポイント✼》

✅ ① 商談は必ず上司同席
未経験のうちから一人で商談に臨むことはありません。
提案内容や契約条件の詰め方も、その場でサポートしてもらえます。

✅ ② 頑張りが成果報酬に直結
1件成約につき最大225万円のインセンティブを支給。
賞与のタイミングでまとめて受け取れます。

✅ ③ 転勤・出張なし
会社が指定するエリアへの異動は一切ありません。
自分の希望する地域で働き続けられます。

✅ ④ フレックスタイム制度
月平均所定労働時間160時間の中で、
始業・終業の時間配分を自分で組み立てられます。

＝＝＝＝＝＝＝＝＝＝＝＝＝＝＝
《✼待遇もしっかり✼》

✔ 月給制（固定残業代なし／残業分は時間外勤務手当で別途支給）
✔ 資格手当・家族手当・職種手当・通勤手当・役職手当・勤続手当
✔ 社会保険完備（健康保険・厚生年金・雇用保険・労災保険）
✔ 試用期間なし
✔ 初年度想定年収：340万円〜700万円
✔ 年収例：中途入社9年目／固定年額650万円＋賞与710万円＝1360万円
✔ 保養所完備・定期健康診断・人間ドック補助・スポーツクラブ利用補助・
　財形貯蓄制度・確定拠出年金（401K）・永年勤続表彰・社内厚生行事補助"
235,2091,大東建託株式会社,未経験｜土地活用の提案営業｜北区,転勤なし◎フレックス制度で無理なく働ける土地活用提案営業,"✦・━━━━━━━━━━━━━━━・✦
＼東京都北区で募集中／
""提案する力""が身につく
土地活用の営業職◎
✦・━━━━━━━━━━━━━━━・✦

「商談って一人でやるものでは？」

大東建託の商談は、必ず上司が同席します。
未経験のうちから一人で抱え込む場面はありません。

＝＝＝＝＝＝＝＝＝＝＝＝＝＝＝
【✧提案営業は、この3ステップ✧】

■ ① 訪問
土地オーナー様を訪ね、商談の日程を調整します。

■ ② 商談
上司同席のもと、活用プランや契約条件を提案します。

■ ③ ご契約
成約1件につき、最大225万円のインセンティブを支給。
賞与支給のタイミングでまとめて受け取れます。

＝＝＝＝＝＝＝＝＝＝＝＝＝＝＝
【✨この仕事の魅力✨】

✅ 頑張りが成果に直結
成約数に応じてインセンティブが上乗せされます。

✅ 研修制度あり
未経験からでも、提案の組み立て方を一から学べます。

✅ 転勤・出張なし
会社が指定するエリアへの異動はなく、
希望する地域で働き続けられます。

＝＝＝＝＝＝＝＝＝＝＝＝＝＝＝
【✔働き方✔】

✔ フレックスタイム制度（月平均所定労働時間160時間）
✔ 固定残業代なし（残業分は時間外勤務手当で別途支給）
✔ 社会保険完備（健康保険・厚生年金・雇用保険・労災保険）
✔ 試用期間なし

自分のペースで、一件ずつ丁寧に進めていける仕事です。

案件No：2091","《✼この仕事の4つのポイント✼》

✅ ① 商談は必ず上司同席
未経験のうちから一人で商談に臨むことはありません。
提案内容や契約条件の詰め方も、その場でサポートしてもらえます。

✅ ② 頑張りが成果報酬に直結
1件成約につき最大225万円のインセンティブを支給。
賞与のタイミングでまとめて受け取れます。

✅ ③ 転勤・出張なし
会社が指定するエリアへの異動は一切ありません。
自分の希望する地域で働き続けられます。

✅ ④ フレックスタイム制度
月平均所定労働時間160時間の中で、
始業・終業の時間配分を自分で組み立てられます。

＝＝＝＝＝＝＝＝＝＝＝＝＝＝＝
《✼待遇もしっかり✼》

✔ 月給制（固定残業代なし／残業分は時間外勤務手当で別途支給）
✔ 資格手当・家族手当・職種手当・通勤手当・役職手当・勤続手当
✔ 社会保険完備（健康保険・厚生年金・雇用保険・労災保険）
✔ 試用期間なし
✔ 初年度想定年収：340万円〜700万円
✔ 年収例：中途入社9年目／固定年額650万円＋賞与710万円＝1360万円
✔ 保養所完備・定期健康診断・人間ドック補助・スポーツクラブ利用補助・
　財形貯蓄制度・確定拠出年金（401K）・永年勤続表彰・社内厚生行事補助"
236,716,大東建託株式会社,未経験｜土地活用の提案営業｜前橋市,転勤なし◎フレックス制度で無理なく働ける土地活用提案営業,"✦・━━━━━━━━━━━━━━━・✦
＼群馬県前橋市で募集中／
オーナー様の「土地」を
価値ある一棟に変える提案営業◎
✦・━━━━━━━━━━━━━━━・✦

「専門知識がないと厳しいのでは？」

商談には必ず上司が同席するので、
知識も進め方も、現場で身につけていけます。

＝＝＝＝＝＝＝＝＝＝＝＝＝＝＝
【✧提案営業は、この3ステップ✧】

■ ① 訪問
土地オーナー様のもとへ伺い、商談の日程を決めます。

■ ② 商談
上司同席で、活用プランや契約条件を一緒に詰めます。

■ ③ ご契約
契約成立で、1件あたり最大225万円のインセンティブを支給。
賞与のタイミングでまとめて支給されます。

＝＝＝＝＝＝＝＝＝＝＝＝＝＝＝
【✨この仕事の魅力✨】

✅ 転勤・出張なし
会社が指定するエリアへの異動はありません。
今の生活拠点を変えずに働き続けられます。

✅ 商談は一人で抱え込まない
上司同席が前提なので、未経験でも
その場で相談しながら進められます。

✅ 研修制度あり
提案の組み立て方から、丁寧に学べます。

＝＝＝＝＝＝＝＝＝＝＝＝＝＝＝
【✔働き方✔】

✔ フレックスタイム制度（月平均所定労働時間160時間）
✔ 固定残業代なし（残業分は時間外勤務手当で別途支給）
✔ 社会保険完備（健康保険・厚生年金・雇用保険・労災保険）
✔ 試用期間なし

まずはお気軽にご応募ください。

案件No：716","《✼この仕事の4つのポイント✼》

✅ ① 商談は必ず上司同席
未経験のうちから一人で商談に臨むことはありません。
提案内容や契約条件の詰め方も、その場でサポートしてもらえます。

✅ ② 頑張りが成果報酬に直結
1件成約につき最大225万円のインセンティブを支給。
賞与のタイミングでまとめて受け取れます。

✅ ③ 転勤・出張なし
会社が指定するエリアへの異動は一切ありません。
自分の希望する地域で働き続けられます。

✅ ④ フレックスタイム制度
月平均所定労働時間160時間の中で、
始業・終業の時間配分を自分で組み立てられます。

＝＝＝＝＝＝＝＝＝＝＝＝＝＝＝
《✼待遇もしっかり✼》

✔ 月給制（固定残業代なし／残業分は時間外勤務手当で別途支給）
✔ 資格手当・家族手当・職種手当・通勤手当・役職手当・勤続手当
✔ 社会保険完備（健康保険・厚生年金・雇用保険・労災保険）
✔ 試用期間なし
✔ 初年度想定年収：340万円〜700万円
✔ 年収例：中途入社9年目／固定年額650万円＋賞与710万円＝1360万円
✔ 保養所完備・定期健康診断・人間ドック補助・スポーツクラブ利用補助・
　財形貯蓄制度・確定拠出年金（401K）・永年勤続表彰・社内厚生行事補助"
237,551,大東建託株式会社,未経験｜土地活用の提案営業｜御殿場市,転勤なし◎フレックス制度で無理なく働ける土地活用提案営業,"✦・━━━━━━━━━━━━━━━・✦
＼静岡県御殿場市で募集中／
土地オーナー様に「活用」を提案する
未経験からの営業職◎
✦・━━━━━━━━━━━━━━━・✦

「営業は未経験だから不安…」

そう感じる方ほど、まずは仕組みを知ってください。
商談には必ず上司が同席するので、
一人で判断を迫られる場面はありません。

＝＝＝＝＝＝＝＝＝＝＝＝＝＝＝
【✧提案営業は、この3ステップ✧】

■ ① 訪問
土地オーナー様のもとへ伺い、商談の日程を調整します。

■ ② 商談
上司が同席し、提案内容や契約条件をサポートします。

■ ③ ご契約
契約成立で、1件あたり最大225万円のインセンティブを支給。
賞与のタイミングでまとめて受け取れます。

＝＝＝＝＝＝＝＝＝＝＝＝＝＝＝
【✨この仕事の魅力✨】

✅ 商談は一人で抱え込まない
上司同席が前提なので、経験がなくても
その場で相談しながら進められます。

✅ 転勤・出張なし
会社が指定するエリアへの異動はありません。
自分の希望する地域で働き続けられます。

✅ 研修制度あり
商談の進め方や提案の組み立て方から学べます。

＝＝＝＝＝＝＝＝＝＝＝＝＝＝＝
【✔働き方✔】

✔ フレックスタイム制度（月平均所定労働時間160時間）
✔ 固定残業代なし（残業分は時間外勤務手当で別途支給）
✔ 社会保険完備（健康保険・厚生年金・雇用保険・労災保険）
✔ 試用期間なし

まずはお気軽にご応募ください。

案件No：551","《✼この仕事の4つのポイント✼》

✅ ① 商談は必ず上司同席
未経験のうちから一人で商談に臨むことはありません。
提案内容や契約条件の詰め方も、その場でサポートしてもらえます。

✅ ② 頑張りが成果報酬に直結
1件成約につき最大225万円のインセンティブを支給。
賞与のタイミングでまとめて受け取れます。

✅ ③ 転勤・出張なし
会社が指定するエリアへの異動は一切ありません。
自分の希望する地域で働き続けられます。

✅ ④ フレックスタイム制度
月平均所定労働時間160時間の中で、
始業・終業の時間配分を自分で組み立てられます。

＝＝＝＝＝＝＝＝＝＝＝＝＝＝＝
《✼待遇もしっかり✼》

✔ 月給制（固定残業代なし／残業分は時間外勤務手当で別途支給）
✔ 資格手当・家族手当・職種手当・通勤手当・役職手当・勤続手当
✔ 社会保険完備（健康保険・厚生年金・雇用保険・労災保険）
✔ 試用期間なし
✔ 初年度想定年収：340万円〜700万円
✔ 年収例：中途入社9年目／固定年額650万円＋賞与710万円＝1360万円
✔ 保養所完備・定期健康診断・人間ドック補助・スポーツクラブ利用補助・
　財形貯蓄制度・確定拠出年金（401K）・永年勤続表彰・社内厚生行事補助"
238,2749,大東建託株式会社,未経験｜土地活用の提案営業｜太田市,転勤なし◎フレックス制度で無理なく働ける土地活用提案営業,"✦・━━━━━━━━━━━━━━━・✦
＼群馬県太田市で募集中／
""提案する力""が身につく
土地活用の営業職◎
✦・━━━━━━━━━━━━━━━・✦

「商談って一人でやるものでは？」

大東建託の商談は、必ず上司が同席します。
未経験のうちから一人で抱え込む場面はありません。

＝＝＝＝＝＝＝＝＝＝＝＝＝＝＝
【✧提案営業は、この3ステップ✧】

■ ① 訪問
土地オーナー様を訪ね、商談の日程を調整します。

■ ② 商談
上司同席のもと、活用プランや契約条件を提案します。

■ ③ ご契約
成約1件につき、最大225万円のインセンティブを支給。
賞与支給のタイミングでまとめて受け取れます。

＝＝＝＝＝＝＝＝＝＝＝＝＝＝＝
【✨この仕事の魅力✨】

✅ 頑張りが成果に直結
成約数に応じてインセンティブが上乗せされます。

✅ 研修制度あり
未経験からでも、提案の組み立て方を一から学べます。

✅ 転勤・出張なし
会社が指定するエリアへの異動はなく、
希望する地域で働き続けられます。

＝＝＝＝＝＝＝＝＝＝＝＝＝＝＝
【✔働き方✔】

✔ フレックスタイム制度（月平均所定労働時間160時間）
✔ 固定残業代なし（残業分は時間外勤務手当で別途支給）
✔ 社会保険完備（健康保険・厚生年金・雇用保険・労災保険）
✔ 試用期間なし

自分のペースで、一件ずつ丁寧に進めていける仕事です。

案件No：2749","《✼この仕事の4つのポイント✼》

✅ ① 商談は必ず上司同席
未経験のうちから一人で商談に臨むことはありません。
提案内容や契約条件の詰め方も、その場でサポートしてもらえます。

✅ ② 頑張りが成果報酬に直結
1件成約につき最大225万円のインセンティブを支給。
賞与のタイミングでまとめて受け取れます。

✅ ③ 転勤・出張なし
会社が指定するエリアへの異動は一切ありません。
自分の希望する地域で働き続けられます。

✅ ④ フレックスタイム制度
月平均所定労働時間160時間の中で、
始業・終業の時間配分を自分で組み立てられます。

＝＝＝＝＝＝＝＝＝＝＝＝＝＝＝
《✼待遇もしっかり✼》

✔ 月給制（固定残業代なし／残業分は時間外勤務手当で別途支給）
✔ 資格手当・家族手当・職種手当・通勤手当・役職手当・勤続手当
✔ 社会保険完備（健康保険・厚生年金・雇用保険・労災保険）
✔ 試用期間なし
✔ 初年度想定年収：340万円〜700万円
✔ 年収例：中途入社9年目／固定年額650万円＋賞与710万円＝1360万円
✔ 保養所完備・定期健康診断・人間ドック補助・スポーツクラブ利用補助・
　財形貯蓄制度・確定拠出年金（401K）・永年勤続表彰・社内厚生行事補助"
239,477,大東建託株式会社,未経験｜土地活用の提案営業｜京都市山科区,転勤なし◎フレックス制度で無理なく働ける土地活用提案営業,"✦・━━━━━━━━━━━━━━━・✦
＼京都府京都市山科区で募集中／
オーナー様の「土地」を
価値ある一棟に変える提案営業◎
✦・━━━━━━━━━━━━━━━・✦

「専門知識がないと厳しいのでは？」

商談には必ず上司が同席するので、
知識も進め方も、現場で身につけていけます。

＝＝＝＝＝＝＝＝＝＝＝＝＝＝＝
【✧提案営業は、この3ステップ✧】

■ ① 訪問
土地オーナー様のもとへ伺い、商談の日程を決めます。

■ ② 商談
上司同席で、活用プランや契約条件を一緒に詰めます。

■ ③ ご契約
契約成立で、1件あたり最大225万円のインセンティブを支給。
賞与のタイミングでまとめて支給されます。

＝＝＝＝＝＝＝＝＝＝＝＝＝＝＝
【✨この仕事の魅力✨】

✅ 転勤・出張なし
会社が指定するエリアへの異動はありません。
今の生活拠点を変えずに働き続けられます。

✅ 商談は一人で抱え込まない
上司同席が前提なので、未経験でも
その場で相談しながら進められます。

✅ 研修制度あり
提案の組み立て方から、丁寧に学べます。

＝＝＝＝＝＝＝＝＝＝＝＝＝＝＝
【✔働き方✔】

✔ フレックスタイム制度（月平均所定労働時間160時間）
✔ 固定残業代なし（残業分は時間外勤務手当で別途支給）
✔ 社会保険完備（健康保険・厚生年金・雇用保険・労災保険）
✔ 試用期間なし

まずはお気軽にご応募ください。

案件No：477","《✼この仕事の4つのポイント✼》

✅ ① 商談は必ず上司同席
未経験のうちから一人で商談に臨むことはありません。
提案内容や契約条件の詰め方も、その場でサポートしてもらえます。

✅ ② 頑張りが成果報酬に直結
1件成約につき最大225万円のインセンティブを支給。
賞与のタイミングでまとめて受け取れます。

✅ ③ 転勤・出張なし
会社が指定するエリアへの異動は一切ありません。
自分の希望する地域で働き続けられます。

✅ ④ フレックスタイム制度
月平均所定労働時間160時間の中で、
始業・終業の時間配分を自分で組み立てられます。

＝＝＝＝＝＝＝＝＝＝＝＝＝＝＝
《✼待遇もしっかり✼》

✔ 月給制（固定残業代なし／残業分は時間外勤務手当で別途支給）
✔ 資格手当・家族手当・職種手当・通勤手当・役職手当・勤続手当
✔ 社会保険完備（健康保険・厚生年金・雇用保険・労災保険）
✔ 試用期間なし
✔ 初年度想定年収：340万円〜700万円
✔ 年収例：中途入社9年目／固定年額650万円＋賞与710万円＝1360万円
✔ 保養所完備・定期健康診断・人間ドック補助・スポーツクラブ利用補助・
　財形貯蓄制度・確定拠出年金（401K）・永年勤続表彰・社内厚生行事補助"
240,683,大東建託株式会社,未経験｜土地活用の提案営業｜駿東郡清水町,転勤なし◎フレックス制度で無理なく働ける土地活用提案営業,"✦・━━━━━━━━━━━━━━━・✦
＼静岡県駿東郡清水町で募集中／
土地オーナー様に「活用」を提案する
未経験からの営業職◎
✦・━━━━━━━━━━━━━━━・✦

「営業は未経験だから不安…」

そう感じる方ほど、まずは仕組みを知ってください。
商談には必ず上司が同席するので、
一人で判断を迫られる場面はありません。

＝＝＝＝＝＝＝＝＝＝＝＝＝＝＝
【✧提案営業は、この3ステップ✧】

■ ① 訪問
土地オーナー様のもとへ伺い、商談の日程を調整します。

■ ② 商談
上司が同席し、提案内容や契約条件をサポートします。

■ ③ ご契約
契約成立で、1件あたり最大225万円のインセンティブを支給。
賞与のタイミングでまとめて受け取れます。

＝＝＝＝＝＝＝＝＝＝＝＝＝＝＝
【✨この仕事の魅力✨】

✅ 商談は一人で抱え込まない
上司同席が前提なので、経験がなくても
その場で相談しながら進められます。

✅ 転勤・出張なし
会社が指定するエリアへの異動はありません。
自分の希望する地域で働き続けられます。

✅ 研修制度あり
商談の進め方や提案の組み立て方から学べます。

＝＝＝＝＝＝＝＝＝＝＝＝＝＝＝
【✔働き方✔】

✔ フレックスタイム制度（月平均所定労働時間160時間）
✔ 固定残業代なし（残業分は時間外勤務手当で別途支給）
✔ 社会保険完備（健康保険・厚生年金・雇用保険・労災保険）
✔ 試用期間なし

まずはお気軽にご応募ください。

案件No：683","《✼この仕事の4つのポイント✼》

✅ ① 商談は必ず上司同席
未経験のうちから一人で商談に臨むことはありません。
提案内容や契約条件の詰め方も、その場でサポートしてもらえます。

✅ ② 頑張りが成果報酬に直結
1件成約につき最大225万円のインセンティブを支給。
賞与のタイミングでまとめて受け取れます。

✅ ③ 転勤・出張なし
会社が指定するエリアへの異動は一切ありません。
自分の希望する地域で働き続けられます。

✅ ④ フレックスタイム制度
月平均所定労働時間160時間の中で、
始業・終業の時間配分を自分で組み立てられます。

＝＝＝＝＝＝＝＝＝＝＝＝＝＝＝
《✼待遇もしっかり✼》

✔ 月給制（固定残業代なし／残業分は時間外勤務手当で別途支給）
✔ 資格手当・家族手当・職種手当・通勤手当・役職手当・勤続手当
✔ 社会保険完備（健康保険・厚生年金・雇用保険・労災保険）
✔ 試用期間なし
✔ 初年度想定年収：340万円〜700万円
✔ 年収例：中途入社9年目／固定年額650万円＋賞与710万円＝1360万円
✔ 保養所完備・定期健康診断・人間ドック補助・スポーツクラブ利用補助・
　財形貯蓄制度・確定拠出年金（401K）・永年勤続表彰・社内厚生行事補助"
241,987,大東建託株式会社,未経験｜土地活用の提案営業｜目黒区,転勤なし◎フレックス制度で無理なく働ける土地活用提案営業,"✦・━━━━━━━━━━━━━━━・✦
＼東京都目黒区で募集中／
""提案する力""が身につく
土地活用の営業職◎
✦・━━━━━━━━━━━━━━━・✦

「商談って一人でやるものでは？」

大東建託の商談は、必ず上司が同席します。
未経験のうちから一人で抱え込む場面はありません。

＝＝＝＝＝＝＝＝＝＝＝＝＝＝＝
【✧提案営業は、この3ステップ✧】

■ ① 訪問
土地オーナー様を訪ね、商談の日程を調整します。

■ ② 商談
上司同席のもと、活用プランや契約条件を提案します。

■ ③ ご契約
成約1件につき、最大225万円のインセンティブを支給。
賞与支給のタイミングでまとめて受け取れます。

＝＝＝＝＝＝＝＝＝＝＝＝＝＝＝
【✨この仕事の魅力✨】

✅ 頑張りが成果に直結
成約数に応じてインセンティブが上乗せされます。

✅ 研修制度あり
未経験からでも、提案の組み立て方を一から学べます。

✅ 転勤・出張なし
会社が指定するエリアへの異動はなく、
希望する地域で働き続けられます。

＝＝＝＝＝＝＝＝＝＝＝＝＝＝＝
【✔働き方✔】

✔ フレックスタイム制度（月平均所定労働時間160時間）
✔ 固定残業代なし（残業分は時間外勤務手当で別途支給）
✔ 社会保険完備（健康保険・厚生年金・雇用保険・労災保険）
✔ 試用期間なし

自分のペースで、一件ずつ丁寧に進めていける仕事です。

案件No：987","《✼この仕事の4つのポイント✼》

✅ ① 商談は必ず上司同席
未経験のうちから一人で商談に臨むことはありません。
提案内容や契約条件の詰め方も、その場でサポートしてもらえます。

✅ ② 頑張りが成果報酬に直結
1件成約につき最大225万円のインセンティブを支給。
賞与のタイミングでまとめて受け取れます。

✅ ③ 転勤・出張なし
会社が指定するエリアへの異動は一切ありません。
自分の希望する地域で働き続けられます。

✅ ④ フレックスタイム制度
月平均所定労働時間160時間の中で、
始業・終業の時間配分を自分で組み立てられます。

＝＝＝＝＝＝＝＝＝＝＝＝＝＝＝
《✼待遇もしっかり✼》

✔ 月給制（固定残業代なし／残業分は時間外勤務手当で別途支給）
✔ 資格手当・家族手当・職種手当・通勤手当・役職手当・勤続手当
✔ 社会保険完備（健康保険・厚生年金・雇用保険・労災保険）
✔ 試用期間なし
✔ 初年度想定年収：340万円〜700万円
✔ 年収例：中途入社9年目／固定年額650万円＋賞与710万円＝1360万円
✔ 保養所完備・定期健康診断・人間ドック補助・スポーツクラブ利用補助・
　財形貯蓄制度・確定拠出年金（401K）・永年勤続表彰・社内厚生行事補助"
242,1786,大東建託株式会社,未経験｜土地活用の提案営業｜京都市伏見区,転勤なし◎フレックス制度で無理なく働ける土地活用提案営業,"✦・━━━━━━━━━━━━━━━・✦
＼京都府京都市伏見区で募集中／
オーナー様の「土地」を
価値ある一棟に変える提案営業◎
✦・━━━━━━━━━━━━━━━・✦

「専門知識がないと厳しいのでは？」

商談には必ず上司が同席するので、
知識も進め方も、現場で身につけていけます。

＝＝＝＝＝＝＝＝＝＝＝＝＝＝＝
【✧提案営業は、この3ステップ✧】

■ ① 訪問
土地オーナー様のもとへ伺い、商談の日程を決めます。

■ ② 商談
上司同席で、活用プランや契約条件を一緒に詰めます。

■ ③ ご契約
契約成立で、1件あたり最大225万円のインセンティブを支給。
賞与のタイミングでまとめて支給されます。

＝＝＝＝＝＝＝＝＝＝＝＝＝＝＝
【✨この仕事の魅力✨】

✅ 転勤・出張なし
会社が指定するエリアへの異動はありません。
今の生活拠点を変えずに働き続けられます。

✅ 商談は一人で抱え込まない
上司同席が前提なので、未経験でも
その場で相談しながら進められます。

✅ 研修制度あり
提案の組み立て方から、丁寧に学べます。

＝＝＝＝＝＝＝＝＝＝＝＝＝＝＝
【✔働き方✔】

✔ フレックスタイム制度（月平均所定労働時間160時間）
✔ 固定残業代なし（残業分は時間外勤務手当で別途支給）
✔ 社会保険完備（健康保険・厚生年金・雇用保険・労災保険）
✔ 試用期間なし

まずはお気軽にご応募ください。

案件No：1786","《✼この仕事の4つのポイント✼》

✅ ① 商談は必ず上司同席
未経験のうちから一人で商談に臨むことはありません。
提案内容や契約条件の詰め方も、その場でサポートしてもらえます。

✅ ② 頑張りが成果報酬に直結
1件成約につき最大225万円のインセンティブを支給。
賞与のタイミングでまとめて受け取れます。

✅ ③ 転勤・出張なし
会社が指定するエリアへの異動は一切ありません。
自分の希望する地域で働き続けられます。

✅ ④ フレックスタイム制度
月平均所定労働時間160時間の中で、
始業・終業の時間配分を自分で組み立てられます。

＝＝＝＝＝＝＝＝＝＝＝＝＝＝＝
《✼待遇もしっかり✼》

✔ 月給制（固定残業代なし／残業分は時間外勤務手当で別途支給）
✔ 資格手当・家族手当・職種手当・通勤手当・役職手当・勤続手当
✔ 社会保険完備（健康保険・厚生年金・雇用保険・労災保険）
✔ 試用期間なし
✔ 初年度想定年収：340万円〜700万円
✔ 年収例：中途入社9年目／固定年額650万円＋賞与710万円＝1360万円
✔ 保養所完備・定期健康診断・人間ドック補助・スポーツクラブ利用補助・
　財形貯蓄制度・確定拠出年金（401K）・永年勤続表彰・社内厚生行事補助"
243,2441,大東建託株式会社,未経験｜土地活用の提案営業｜静岡市清水区,転勤なし◎フレックス制度で無理なく働ける土地活用提案営業,"✦・━━━━━━━━━━━━━━━・✦
＼静岡県静岡市清水区で募集中／
土地オーナー様に「活用」を提案する
未経験からの営業職◎
✦・━━━━━━━━━━━━━━━・✦

「営業は未経験だから不安…」

そう感じる方ほど、まずは仕組みを知ってください。
商談には必ず上司が同席するので、
一人で判断を迫られる場面はありません。

＝＝＝＝＝＝＝＝＝＝＝＝＝＝＝
【✧提案営業は、この3ステップ✧】

■ ① 訪問
土地オーナー様のもとへ伺い、商談の日程を調整します。

■ ② 商談
上司が同席し、提案内容や契約条件をサポートします。

■ ③ ご契約
契約成立で、1件あたり最大225万円のインセンティブを支給。
賞与のタイミングでまとめて受け取れます。

＝＝＝＝＝＝＝＝＝＝＝＝＝＝＝
【✨この仕事の魅力✨】

✅ 商談は一人で抱え込まない
上司同席が前提なので、経験がなくても
その場で相談しながら進められます。

✅ 転勤・出張なし
会社が指定するエリアへの異動はありません。
自分の希望する地域で働き続けられます。

✅ 研修制度あり
商談の進め方や提案の組み立て方から学べます。

＝＝＝＝＝＝＝＝＝＝＝＝＝＝＝
【✔働き方✔】

✔ フレックスタイム制度（月平均所定労働時間160時間）
✔ 固定残業代なし（残業分は時間外勤務手当で別途支給）
✔ 社会保険完備（健康保険・厚生年金・雇用保険・労災保険）
✔ 試用期間なし

まずはお気軽にご応募ください。

案件No：2441","《✼この仕事の4つのポイント✼》

✅ ① 商談は必ず上司同席
未経験のうちから一人で商談に臨むことはありません。
提案内容や契約条件の詰め方も、その場でサポートしてもらえます。

✅ ② 頑張りが成果報酬に直結
1件成約につき最大225万円のインセンティブを支給。
賞与のタイミングでまとめて受け取れます。

✅ ③ 転勤・出張なし
会社が指定するエリアへの異動は一切ありません。
自分の希望する地域で働き続けられます。

✅ ④ フレックスタイム制度
月平均所定労働時間160時間の中で、
始業・終業の時間配分を自分で組み立てられます。

＝＝＝＝＝＝＝＝＝＝＝＝＝＝＝
《✼待遇もしっかり✼》

✔ 月給制（固定残業代なし／残業分は時間外勤務手当で別途支給）
✔ 資格手当・家族手当・職種手当・通勤手当・役職手当・勤続手当
✔ 社会保険完備（健康保険・厚生年金・雇用保険・労災保険）
✔ 試用期間なし
✔ 初年度想定年収：340万円〜700万円
✔ 年収例：中途入社9年目／固定年額650万円＋賞与710万円＝1360万円
✔ 保養所完備・定期健康診断・人間ドック補助・スポーツクラブ利用補助・
　財形貯蓄制度・確定拠出年金（401K）・永年勤続表彰・社内厚生行事補助"
244,717,大東建託株式会社,未経験｜土地活用の提案営業｜立川市,転勤なし◎フレックス制度で無理なく働ける土地活用提案営業,"✦・━━━━━━━━━━━━━━━・✦
＼東京都立川市で募集中／
""提案する力""が身につく
土地活用の営業職◎
✦・━━━━━━━━━━━━━━━・✦

「商談って一人でやるものでは？」

大東建託の商談は、必ず上司が同席します。
未経験のうちから一人で抱え込む場面はありません。

＝＝＝＝＝＝＝＝＝＝＝＝＝＝＝
【✧提案営業は、この3ステップ✧】

■ ① 訪問
土地オーナー様を訪ね、商談の日程を調整します。

■ ② 商談
上司同席のもと、活用プランや契約条件を提案します。

■ ③ ご契約
成約1件につき、最大225万円のインセンティブを支給。
賞与支給のタイミングでまとめて受け取れます。

＝＝＝＝＝＝＝＝＝＝＝＝＝＝＝
【✨この仕事の魅力✨】

✅ 頑張りが成果に直結
成約数に応じてインセンティブが上乗せされます。

✅ 研修制度あり
未経験からでも、提案の組み立て方を一から学べます。

✅ 転勤・出張なし
会社が指定するエリアへの異動はなく、
希望する地域で働き続けられます。

＝＝＝＝＝＝＝＝＝＝＝＝＝＝＝
【✔働き方✔】

✔ フレックスタイム制度（月平均所定労働時間160時間）
✔ 固定残業代なし（残業分は時間外勤務手当で別途支給）
✔ 社会保険完備（健康保険・厚生年金・雇用保険・労災保険）
✔ 試用期間なし

自分のペースで、一件ずつ丁寧に進めていける仕事です。

案件No：717","《✼この仕事の4つのポイント✼》

✅ ① 商談は必ず上司同席
未経験のうちから一人で商談に臨むことはありません。
提案内容や契約条件の詰め方も、その場でサポートしてもらえます。

✅ ② 頑張りが成果報酬に直結
1件成約につき最大225万円のインセンティブを支給。
賞与のタイミングでまとめて受け取れます。

✅ ③ 転勤・出張なし
会社が指定するエリアへの異動は一切ありません。
自分の希望する地域で働き続けられます。

✅ ④ フレックスタイム制度
月平均所定労働時間160時間の中で、
始業・終業の時間配分を自分で組み立てられます。

＝＝＝＝＝＝＝＝＝＝＝＝＝＝＝
《✼待遇もしっかり✼》

✔ 月給制（固定残業代なし／残業分は時間外勤務手当で別途支給）
✔ 資格手当・家族手当・職種手当・通勤手当・役職手当・勤続手当
✔ 社会保険完備（健康保険・厚生年金・雇用保険・労災保険）
✔ 試用期間なし
✔ 初年度想定年収：340万円〜700万円
✔ 年収例：中途入社9年目／固定年額650万円＋賞与710万円＝1360万円
✔ 保養所完備・定期健康診断・人間ドック補助・スポーツクラブ利用補助・
　財形貯蓄制度・確定拠出年金（401K）・永年勤続表彰・社内厚生行事補助"
245,336,大東建託株式会社,未経験｜土地活用の提案営業｜京都市,転勤なし◎フレックス制度で無理なく働ける土地活用提案営業,"✦・━━━━━━━━━━━━━━━・✦
＼京都府京都市で募集中／
オーナー様の「土地」を
価値ある一棟に変える提案営業◎
✦・━━━━━━━━━━━━━━━・✦

「専門知識がないと厳しいのでは？」

商談には必ず上司が同席するので、
知識も進め方も、現場で身につけていけます。

＝＝＝＝＝＝＝＝＝＝＝＝＝＝＝
【✧提案営業は、この3ステップ✧】

■ ① 訪問
土地オーナー様のもとへ伺い、商談の日程を決めます。

■ ② 商談
上司同席で、活用プランや契約条件を一緒に詰めます。

■ ③ ご契約
契約成立で、1件あたり最大225万円のインセンティブを支給。
賞与のタイミングでまとめて支給されます。

＝＝＝＝＝＝＝＝＝＝＝＝＝＝＝
【✨この仕事の魅力✨】

✅ 転勤・出張なし
会社が指定するエリアへの異動はありません。
今の生活拠点を変えずに働き続けられます。

✅ 商談は一人で抱え込まない
上司同席が前提なので、未経験でも
その場で相談しながら進められます。

✅ 研修制度あり
提案の組み立て方から、丁寧に学べます。

＝＝＝＝＝＝＝＝＝＝＝＝＝＝＝
【✔働き方✔】

✔ フレックスタイム制度（月平均所定労働時間160時間）
✔ 固定残業代なし（残業分は時間外勤務手当で別途支給）
✔ 社会保険完備（健康保険・厚生年金・雇用保険・労災保険）
✔ 試用期間なし

まずはお気軽にご応募ください。

案件No：336","《✼この仕事の4つのポイント✼》

✅ ① 商談は必ず上司同席
未経験のうちから一人で商談に臨むことはありません。
提案内容や契約条件の詰め方も、その場でサポートしてもらえます。

✅ ② 頑張りが成果報酬に直結
1件成約につき最大225万円のインセンティブを支給。
賞与のタイミングでまとめて受け取れます。

✅ ③ 転勤・出張なし
会社が指定するエリアへの異動は一切ありません。
自分の希望する地域で働き続けられます。

✅ ④ フレックスタイム制度
月平均所定労働時間160時間の中で、
始業・終業の時間配分を自分で組み立てられます。

＝＝＝＝＝＝＝＝＝＝＝＝＝＝＝
《✼待遇もしっかり✼》

✔ 月給制（固定残業代なし／残業分は時間外勤務手当で別途支給）
✔ 資格手当・家族手当・職種手当・通勤手当・役職手当・勤続手当
✔ 社会保険完備（健康保険・厚生年金・雇用保険・労災保険）
✔ 試用期間なし
✔ 初年度想定年収：340万円〜700万円
✔ 年収例：中途入社9年目／固定年額650万円＋賞与710万円＝1360万円
✔ 保養所完備・定期健康診断・人間ドック補助・スポーツクラブ利用補助・
　財形貯蓄制度・確定拠出年金（401K）・永年勤続表彰・社内厚生行事補助"
246,782,大東建託株式会社,未経験｜土地活用の提案営業｜静岡市,転勤なし◎フレックス制度で無理なく働ける土地活用提案営業,"✦・━━━━━━━━━━━━━━━・✦
＼静岡県静岡市で募集中／
土地オーナー様に「活用」を提案する
未経験からの営業職◎
✦・━━━━━━━━━━━━━━━・✦

「営業は未経験だから不安…」

そう感じる方ほど、まずは仕組みを知ってください。
商談には必ず上司が同席するので、
一人で判断を迫られる場面はありません。

＝＝＝＝＝＝＝＝＝＝＝＝＝＝＝
【✧提案営業は、この3ステップ✧】

■ ① 訪問
土地オーナー様のもとへ伺い、商談の日程を調整します。

■ ② 商談
上司が同席し、提案内容や契約条件をサポートします。

■ ③ ご契約
契約成立で、1件あたり最大225万円のインセンティブを支給。
賞与のタイミングでまとめて受け取れます。

＝＝＝＝＝＝＝＝＝＝＝＝＝＝＝
【✨この仕事の魅力✨】

✅ 商談は一人で抱え込まない
上司同席が前提なので、経験がなくても
その場で相談しながら進められます。

✅ 転勤・出張なし
会社が指定するエリアへの異動はありません。
自分の希望する地域で働き続けられます。

✅ 研修制度あり
商談の進め方や提案の組み立て方から学べます。

＝＝＝＝＝＝＝＝＝＝＝＝＝＝＝
【✔働き方✔】

✔ フレックスタイム制度（月平均所定労働時間160時間）
✔ 固定残業代なし（残業分は時間外勤務手当で別途支給）
✔ 社会保険完備（健康保険・厚生年金・雇用保険・労災保険）
✔ 試用期間なし

まずはお気軽にご応募ください。

案件No：782","《✼この仕事の4つのポイント✼》

✅ ① 商談は必ず上司同席
未経験のうちから一人で商談に臨むことはありません。
提案内容や契約条件の詰め方も、その場でサポートしてもらえます。

✅ ② 頑張りが成果報酬に直結
1件成約につき最大225万円のインセンティブを支給。
賞与のタイミングでまとめて受け取れます。

✅ ③ 転勤・出張なし
会社が指定するエリアへの異動は一切ありません。
自分の希望する地域で働き続けられます。

✅ ④ フレックスタイム制度
月平均所定労働時間160時間の中で、
始業・終業の時間配分を自分で組み立てられます。

＝＝＝＝＝＝＝＝＝＝＝＝＝＝＝
《✼待遇もしっかり✼》

✔ 月給制（固定残業代なし／残業分は時間外勤務手当で別途支給）
✔ 資格手当・家族手当・職種手当・通勤手当・役職手当・勤続手当
✔ 社会保険完備（健康保険・厚生年金・雇用保険・労災保険）
✔ 試用期間なし
✔ 初年度想定年収：340万円〜700万円
✔ 年収例：中途入社9年目／固定年額650万円＋賞与710万円＝1360万円
✔ 保養所完備・定期健康診断・人間ドック補助・スポーツクラブ利用補助・
　財形貯蓄制度・確定拠出年金（401K）・永年勤続表彰・社内厚生行事補助"
247,1118,大東建託株式会社,未経験｜土地活用の提案営業｜練馬区,転勤なし◎フレックス制度で無理なく働ける土地活用提案営業,"✦・━━━━━━━━━━━━━━━・✦
＼東京都練馬区で募集中／
""提案する力""が身につく
土地活用の営業職◎
✦・━━━━━━━━━━━━━━━・✦

「商談って一人でやるものでは？」

大東建託の商談は、必ず上司が同席します。
未経験のうちから一人で抱え込む場面はありません。

＝＝＝＝＝＝＝＝＝＝＝＝＝＝＝
【✧提案営業は、この3ステップ✧】

■ ① 訪問
土地オーナー様を訪ね、商談の日程を調整します。

■ ② 商談
上司同席のもと、活用プランや契約条件を提案します。

■ ③ ご契約
成約1件につき、最大225万円のインセンティブを支給。
賞与支給のタイミングでまとめて受け取れます。

＝＝＝＝＝＝＝＝＝＝＝＝＝＝＝
【✨この仕事の魅力✨】

✅ 頑張りが成果に直結
成約数に応じてインセンティブが上乗せされます。

✅ 研修制度あり
未経験からでも、提案の組み立て方を一から学べます。

✅ 転勤・出張なし
会社が指定するエリアへの異動はなく、
希望する地域で働き続けられます。

＝＝＝＝＝＝＝＝＝＝＝＝＝＝＝
【✔働き方✔】

✔ フレックスタイム制度（月平均所定労働時間160時間）
✔ 固定残業代なし（残業分は時間外勤務手当で別途支給）
✔ 社会保険完備（健康保険・厚生年金・雇用保険・労災保険）
✔ 試用期間なし

自分のペースで、一件ずつ丁寧に進めていける仕事です。

案件No：1118","《✼この仕事の4つのポイント✼》

✅ ① 商談は必ず上司同席
未経験のうちから一人で商談に臨むことはありません。
提案内容や契約条件の詰め方も、その場でサポートしてもらえます。

✅ ② 頑張りが成果報酬に直結
1件成約につき最大225万円のインセンティブを支給。
賞与のタイミングでまとめて受け取れます。

✅ ③ 転勤・出張なし
会社が指定するエリアへの異動は一切ありません。
自分の希望する地域で働き続けられます。

✅ ④ フレックスタイム制度
月平均所定労働時間160時間の中で、
始業・終業の時間配分を自分で組み立てられます。

＝＝＝＝＝＝＝＝＝＝＝＝＝＝＝
《✼待遇もしっかり✼》

✔ 月給制（固定残業代なし／残業分は時間外勤務手当で別途支給）
✔ 資格手当・家族手当・職種手当・通勤手当・役職手当・勤続手当
✔ 社会保険完備（健康保険・厚生年金・雇用保険・労災保険）
✔ 試用期間なし
✔ 初年度想定年収：340万円〜700万円
✔ 年収例：中途入社9年目／固定年額650万円＋賞与710万円＝1360万円
✔ 保養所完備・定期健康診断・人間ドック補助・スポーツクラブ利用補助・
　財形貯蓄制度・確定拠出年金（401K）・永年勤続表彰・社内厚生行事補助"
248,27,大東建託株式会社,未経験｜土地活用の提案営業｜静岡市駿河区,転勤なし◎フレックス制度で無理なく働ける土地活用提案営業,"✦・━━━━━━━━━━━━━━━・✦
＼静岡県静岡市駿河区で募集中／
オーナー様の「土地」を
価値ある一棟に変える提案営業◎
✦・━━━━━━━━━━━━━━━・✦

「専門知識がないと厳しいのでは？」

商談には必ず上司が同席するので、
知識も進め方も、現場で身につけていけます。

＝＝＝＝＝＝＝＝＝＝＝＝＝＝＝
【✧提案営業は、この3ステップ✧】

■ ① 訪問
土地オーナー様のもとへ伺い、商談の日程を決めます。

■ ② 商談
上司同席で、活用プランや契約条件を一緒に詰めます。

■ ③ ご契約
契約成立で、1件あたり最大225万円のインセンティブを支給。
賞与のタイミングでまとめて支給されます。

＝＝＝＝＝＝＝＝＝＝＝＝＝＝＝
【✨この仕事の魅力✨】

✅ 転勤・出張なし
会社が指定するエリアへの異動はありません。
今の生活拠点を変えずに働き続けられます。

✅ 商談は一人で抱え込まない
上司同席が前提なので、未経験でも
その場で相談しながら進められます。

✅ 研修制度あり
提案の組み立て方から、丁寧に学べます。

＝＝＝＝＝＝＝＝＝＝＝＝＝＝＝
【✔働き方✔】

✔ フレックスタイム制度（月平均所定労働時間160時間）
✔ 固定残業代なし（残業分は時間外勤務手当で別途支給）
✔ 社会保険完備（健康保険・厚生年金・雇用保険・労災保険）
✔ 試用期間なし

まずはお気軽にご応募ください。

案件No：27","《✼この仕事の4つのポイント✼》

✅ ① 商談は必ず上司同席
未経験のうちから一人で商談に臨むことはありません。
提案内容や契約条件の詰め方も、その場でサポートしてもらえます。

✅ ② 頑張りが成果報酬に直結
1件成約につき最大225万円のインセンティブを支給。
賞与のタイミングでまとめて受け取れます。

✅ ③ 転勤・出張なし
会社が指定するエリアへの異動は一切ありません。
自分の希望する地域で働き続けられます。

✅ ④ フレックスタイム制度
月平均所定労働時間160時間の中で、
始業・終業の時間配分を自分で組み立てられます。

＝＝＝＝＝＝＝＝＝＝＝＝＝＝＝
《✼待遇もしっかり✼》

✔ 月給制（固定残業代なし／残業分は時間外勤務手当で別途支給）
✔ 資格手当・家族手当・職種手当・通勤手当・役職手当・勤続手当
✔ 社会保険完備（健康保険・厚生年金・雇用保険・労災保険）
✔ 試用期間なし
✔ 初年度想定年収：340万円〜700万円
✔ 年収例：中途入社9年目／固定年額650万円＋賞与710万円＝1360万円
✔ 保養所完備・定期健康診断・人間ドック補助・スポーツクラブ利用補助・
　財形貯蓄制度・確定拠出年金（401K）・永年勤続表彰・社内厚生行事補助"
249,393,大東建託株式会社,未経験｜土地活用の提案営業｜横須賀市,転勤なし◎フレックス制度で無理なく働ける土地活用提案営業,"✦・━━━━━━━━━━━━━━━・✦
＼神奈川県横須賀市で募集中／
土地オーナー様に「活用」を提案する
未経験からの営業職◎
✦・━━━━━━━━━━━━━━━・✦

「営業は未経験だから不安…」

そう感じる方ほど、まずは仕組みを知ってください。
商談には必ず上司が同席するので、
一人で判断を迫られる場面はありません。

＝＝＝＝＝＝＝＝＝＝＝＝＝＝＝
【✧提案営業は、この3ステップ✧】

■ ① 訪問
土地オーナー様のもとへ伺い、商談の日程を調整します。

■ ② 商談
上司が同席し、提案内容や契約条件をサポートします。

■ ③ ご契約
契約成立で、1件あたり最大225万円のインセンティブを支給。
賞与のタイミングでまとめて受け取れます。

＝＝＝＝＝＝＝＝＝＝＝＝＝＝＝
【✨この仕事の魅力✨】

✅ 商談は一人で抱え込まない
上司同席が前提なので、経験がなくても
その場で相談しながら進められます。

✅ 転勤・出張なし
会社が指定するエリアへの異動はありません。
自分の希望する地域で働き続けられます。

✅ 研修制度あり
商談の進め方や提案の組み立て方から学べます。

＝＝＝＝＝＝＝＝＝＝＝＝＝＝＝
【✔働き方✔】

✔ フレックスタイム制度（月平均所定労働時間160時間）
✔ 固定残業代なし（残業分は時間外勤務手当で別途支給）
✔ 社会保険完備（健康保険・厚生年金・雇用保険・労災保険）
✔ 試用期間なし

まずはお気軽にご応募ください。

案件No：393","《✼この仕事の4つのポイント✼》

✅ ① 商談は必ず上司同席
未経験のうちから一人で商談に臨むことはありません。
提案内容や契約条件の詰め方も、その場でサポートしてもらえます。

✅ ② 頑張りが成果報酬に直結
1件成約につき最大225万円のインセンティブを支給。
賞与のタイミングでまとめて受け取れます。

✅ ③ 転勤・出張なし
会社が指定するエリアへの異動は一切ありません。
自分の希望する地域で働き続けられます。

✅ ④ フレックスタイム制度
月平均所定労働時間160時間の中で、
始業・終業の時間配分を自分で組み立てられます。

＝＝＝＝＝＝＝＝＝＝＝＝＝＝＝
《✼待遇もしっかり✼》

✔ 月給制（固定残業代なし／残業分は時間外勤務手当で別途支給）
✔ 資格手当・家族手当・職種手当・通勤手当・役職手当・勤続手当
✔ 社会保険完備（健康保険・厚生年金・雇用保険・労災保険）
✔ 試用期間なし
✔ 初年度想定年収：340万円〜700万円
✔ 年収例：中途入社9年目／固定年額650万円＋賞与710万円＝1360万円
✔ 保養所完備・定期健康診断・人間ドック補助・スポーツクラブ利用補助・
　財形貯蓄制度・確定拠出年金（401K）・永年勤続表彰・社内厚生行事補助"
250,2084,大東建託株式会社,未経験｜土地活用の提案営業｜越谷市,転勤なし◎フレックス制度で無理なく働ける土地活用提案営業,"✦・━━━━━━━━━━━━━━━・✦
＼埼玉県越谷市で募集中／
""提案する力""が身につく
土地活用の営業職◎
✦・━━━━━━━━━━━━━━━・✦

「商談って一人でやるものでは？」

大東建託の商談は、必ず上司が同席します。
未経験のうちから一人で抱え込む場面はありません。

＝＝＝＝＝＝＝＝＝＝＝＝＝＝＝
【✧提案営業は、この3ステップ✧】

■ ① 訪問
土地オーナー様を訪ね、商談の日程を調整します。

■ ② 商談
上司同席のもと、活用プランや契約条件を提案します。

■ ③ ご契約
成約1件につき、最大225万円のインセンティブを支給。
賞与支給のタイミングでまとめて受け取れます。

＝＝＝＝＝＝＝＝＝＝＝＝＝＝＝
【✨この仕事の魅力✨】

✅ 頑張りが成果に直結
成約数に応じてインセンティブが上乗せされます。

✅ 研修制度あり
未経験からでも、提案の組み立て方を一から学べます。

✅ 転勤・出張なし
会社が指定するエリアへの異動はなく、
希望する地域で働き続けられます。

＝＝＝＝＝＝＝＝＝＝＝＝＝＝＝
【✔働き方✔】

✔ フレックスタイム制度（月平均所定労働時間160時間）
✔ 固定残業代なし（残業分は時間外勤務手当で別途支給）
✔ 社会保険完備（健康保険・厚生年金・雇用保険・労災保険）
✔ 試用期間なし

自分のペースで、一件ずつ丁寧に進めていける仕事です。

案件No：2084","《✼この仕事の4つのポイント✼》

✅ ① 商談は必ず上司同席
未経験のうちから一人で商談に臨むことはありません。
提案内容や契約条件の詰め方も、その場でサポートしてもらえます。

✅ ② 頑張りが成果報酬に直結
1件成約につき最大225万円のインセンティブを支給。
賞与のタイミングでまとめて受け取れます。

✅ ③ 転勤・出張なし
会社が指定するエリアへの異動は一切ありません。
自分の希望する地域で働き続けられます。

✅ ④ フレックスタイム制度
月平均所定労働時間160時間の中で、
始業・終業の時間配分を自分で組み立てられます。

＝＝＝＝＝＝＝＝＝＝＝＝＝＝＝
《✼待遇もしっかり✼》

✔ 月給制（固定残業代なし／残業分は時間外勤務手当で別途支給）
✔ 資格手当・家族手当・職種手当・通勤手当・役職手当・勤続手当
✔ 社会保険完備（健康保険・厚生年金・雇用保険・労災保険）
✔ 試用期間なし
✔ 初年度想定年収：340万円〜700万円
✔ 年収例：中途入社9年目／固定年額650万円＋賞与710万円＝1360万円
✔ 保養所完備・定期健康診断・人間ドック補助・スポーツクラブ利用補助・
　財形貯蓄制度・確定拠出年金（401K）・永年勤続表彰・社内厚生行事補助"
251,1668,大東建託株式会社,未経験｜土地活用の提案営業｜藤枝市,転勤なし◎フレックス制度で無理なく働ける土地活用提案営業,"✦・━━━━━━━━━━━━━━━・✦
＼静岡県藤枝市で募集中／
オーナー様の「土地」を
価値ある一棟に変える提案営業◎
✦・━━━━━━━━━━━━━━━・✦

「専門知識がないと厳しいのでは？」

商談には必ず上司が同席するので、
知識も進め方も、現場で身につけていけます。

＝＝＝＝＝＝＝＝＝＝＝＝＝＝＝
【✧提案営業は、この3ステップ✧】

■ ① 訪問
土地オーナー様のもとへ伺い、商談の日程を決めます。

■ ② 商談
上司同席で、活用プランや契約条件を一緒に詰めます。

■ ③ ご契約
契約成立で、1件あたり最大225万円のインセンティブを支給。
賞与のタイミングでまとめて支給されます。

＝＝＝＝＝＝＝＝＝＝＝＝＝＝＝
【✨この仕事の魅力✨】

✅ 転勤・出張なし
会社が指定するエリアへの異動はありません。
今の生活拠点を変えずに働き続けられます。

✅ 商談は一人で抱え込まない
上司同席が前提なので、未経験でも
その場で相談しながら進められます。

✅ 研修制度あり
提案の組み立て方から、丁寧に学べます。

＝＝＝＝＝＝＝＝＝＝＝＝＝＝＝
【✔働き方✔】

✔ フレックスタイム制度（月平均所定労働時間160時間）
✔ 固定残業代なし（残業分は時間外勤務手当で別途支給）
✔ 社会保険完備（健康保険・厚生年金・雇用保険・労災保険）
✔ 試用期間なし

まずはお気軽にご応募ください。

案件No：1668","《✼この仕事の4つのポイント✼》

✅ ① 商談は必ず上司同席
未経験のうちから一人で商談に臨むことはありません。
提案内容や契約条件の詰め方も、その場でサポートしてもらえます。

✅ ② 頑張りが成果報酬に直結
1件成約につき最大225万円のインセンティブを支給。
賞与のタイミングでまとめて受け取れます。

✅ ③ 転勤・出張なし
会社が指定するエリアへの異動は一切ありません。
自分の希望する地域で働き続けられます。

✅ ④ フレックスタイム制度
月平均所定労働時間160時間の中で、
始業・終業の時間配分を自分で組み立てられます。

＝＝＝＝＝＝＝＝＝＝＝＝＝＝＝
《✼待遇もしっかり✼》

✔ 月給制（固定残業代なし／残業分は時間外勤務手当で別途支給）
✔ 資格手当・家族手当・職種手当・通勤手当・役職手当・勤続手当
✔ 社会保険完備（健康保険・厚生年金・雇用保険・労災保険）
✔ 試用期間なし
✔ 初年度想定年収：340万円〜700万円
✔ 年収例：中途入社9年目／固定年額650万円＋賞与710万円＝1360万円
✔ 保養所完備・定期健康診断・人間ドック補助・スポーツクラブ利用補助・
　財形貯蓄制度・確定拠出年金（401K）・永年勤続表彰・社内厚生行事補助"
252,1902,大東建託株式会社,未経験｜土地活用の提案営業｜横浜市都筑区,転勤なし◎フレックス制度で無理なく働ける土地活用提案営業,"✦・━━━━━━━━━━━━━━━・✦
＼神奈川県横浜市都筑区で募集中／
土地オーナー様に「活用」を提案する
未経験からの営業職◎
✦・━━━━━━━━━━━━━━━・✦

「営業は未経験だから不安…」

そう感じる方ほど、まずは仕組みを知ってください。
商談には必ず上司が同席するので、
一人で判断を迫られる場面はありません。

＝＝＝＝＝＝＝＝＝＝＝＝＝＝＝
【✧提案営業は、この3ステップ✧】

■ ① 訪問
土地オーナー様のもとへ伺い、商談の日程を調整します。

■ ② 商談
上司が同席し、提案内容や契約条件をサポートします。

■ ③ ご契約
契約成立で、1件あたり最大225万円のインセンティブを支給。
賞与のタイミングでまとめて受け取れます。

＝＝＝＝＝＝＝＝＝＝＝＝＝＝＝
【✨この仕事の魅力✨】

✅ 商談は一人で抱え込まない
上司同席が前提なので、経験がなくても
その場で相談しながら進められます。

✅ 転勤・出張なし
会社が指定するエリアへの異動はありません。
自分の希望する地域で働き続けられます。

✅ 研修制度あり
商談の進め方や提案の組み立て方から学べます。

＝＝＝＝＝＝＝＝＝＝＝＝＝＝＝
【✔働き方✔】

✔ フレックスタイム制度（月平均所定労働時間160時間）
✔ 固定残業代なし（残業分は時間外勤務手当で別途支給）
✔ 社会保険完備（健康保険・厚生年金・雇用保険・労災保険）
✔ 試用期間なし

まずはお気軽にご応募ください。

案件No：1902","《✼この仕事の4つのポイント✼》

✅ ① 商談は必ず上司同席
未経験のうちから一人で商談に臨むことはありません。
提案内容や契約条件の詰め方も、その場でサポートしてもらえます。

✅ ② 頑張りが成果報酬に直結
1件成約につき最大225万円のインセンティブを支給。
賞与のタイミングでまとめて受け取れます。

✅ ③ 転勤・出張なし
会社が指定するエリアへの異動は一切ありません。
自分の希望する地域で働き続けられます。

✅ ④ フレックスタイム制度
月平均所定労働時間160時間の中で、
始業・終業の時間配分を自分で組み立てられます。

＝＝＝＝＝＝＝＝＝＝＝＝＝＝＝
《✼待遇もしっかり✼》

✔ 月給制（固定残業代なし／残業分は時間外勤務手当で別途支給）
✔ 資格手当・家族手当・職種手当・通勤手当・役職手当・勤続手当
✔ 社会保険完備（健康保険・厚生年金・雇用保険・労災保険）
✔ 試用期間なし
✔ 初年度想定年収：340万円〜700万円
✔ 年収例：中途入社9年目／固定年額650万円＋賞与710万円＝1360万円
✔ 保養所完備・定期健康診断・人間ドック補助・スポーツクラブ利用補助・
　財形貯蓄制度・確定拠出年金（401K）・永年勤続表彰・社内厚生行事補助"
253,2371,大東建託株式会社,未経験｜土地活用の提案営業｜狭山市,転勤なし◎フレックス制度で無理なく働ける土地活用提案営業,"✦・━━━━━━━━━━━━━━━・✦
＼埼玉県狭山市で募集中／
""提案する力""が身につく
土地活用の営業職◎
✦・━━━━━━━━━━━━━━━・✦

「商談って一人でやるものでは？」

大東建託の商談は、必ず上司が同席します。
未経験のうちから一人で抱え込む場面はありません。

＝＝＝＝＝＝＝＝＝＝＝＝＝＝＝
【✧提案営業は、この3ステップ✧】

■ ① 訪問
土地オーナー様を訪ね、商談の日程を調整します。

■ ② 商談
上司同席のもと、活用プランや契約条件を提案します。

■ ③ ご契約
成約1件につき、最大225万円のインセンティブを支給。
賞与支給のタイミングでまとめて受け取れます。

＝＝＝＝＝＝＝＝＝＝＝＝＝＝＝
【✨この仕事の魅力✨】

✅ 頑張りが成果に直結
成約数に応じてインセンティブが上乗せされます。

✅ 研修制度あり
未経験からでも、提案の組み立て方を一から学べます。

✅ 転勤・出張なし
会社が指定するエリアへの異動はなく、
希望する地域で働き続けられます。

＝＝＝＝＝＝＝＝＝＝＝＝＝＝＝
【✔働き方✔】

✔ フレックスタイム制度（月平均所定労働時間160時間）
✔ 固定残業代なし（残業分は時間外勤務手当で別途支給）
✔ 社会保険完備（健康保険・厚生年金・雇用保険・労災保険）
✔ 試用期間なし

自分のペースで、一件ずつ丁寧に進めていける仕事です。

案件No：2371","《✼この仕事の4つのポイント✼》

✅ ① 商談は必ず上司同席
未経験のうちから一人で商談に臨むことはありません。
提案内容や契約条件の詰め方も、その場でサポートしてもらえます。

✅ ② 頑張りが成果報酬に直結
1件成約につき最大225万円のインセンティブを支給。
賞与のタイミングでまとめて受け取れます。

✅ ③ 転勤・出張なし
会社が指定するエリアへの異動は一切ありません。
自分の希望する地域で働き続けられます。

✅ ④ フレックスタイム制度
月平均所定労働時間160時間の中で、
始業・終業の時間配分を自分で組み立てられます。

＝＝＝＝＝＝＝＝＝＝＝＝＝＝＝
《✼待遇もしっかり✼》

✔ 月給制（固定残業代なし／残業分は時間外勤務手当で別途支給）
✔ 資格手当・家族手当・職種手当・通勤手当・役職手当・勤続手当
✔ 社会保険完備（健康保険・厚生年金・雇用保険・労災保険）
✔ 試用期間なし
✔ 初年度想定年収：340万円〜700万円
✔ 年収例：中途入社9年目／固定年額650万円＋賞与710万円＝1360万円
✔ 保養所完備・定期健康診断・人間ドック補助・スポーツクラブ利用補助・
　財形貯蓄制度・確定拠出年金（401K）・永年勤続表彰・社内厚生行事補助"
254,2153,大東建託株式会社,未経験｜土地活用の提案営業｜浜松市中央区,転勤なし◎フレックス制度で無理なく働ける土地活用提案営業,"✦・━━━━━━━━━━━━━━━・✦
＼静岡県浜松市中央区で募集中／
オーナー様の「土地」を
価値ある一棟に変える提案営業◎
✦・━━━━━━━━━━━━━━━・✦

「専門知識がないと厳しいのでは？」

商談には必ず上司が同席するので、
知識も進め方も、現場で身につけていけます。

＝＝＝＝＝＝＝＝＝＝＝＝＝＝＝
【✧提案営業は、この3ステップ✧】

■ ① 訪問
土地オーナー様のもとへ伺い、商談の日程を決めます。

■ ② 商談
上司同席で、活用プランや契約条件を一緒に詰めます。

■ ③ ご契約
契約成立で、1件あたり最大225万円のインセンティブを支給。
賞与のタイミングでまとめて支給されます。

＝＝＝＝＝＝＝＝＝＝＝＝＝＝＝
【✨この仕事の魅力✨】

✅ 転勤・出張なし
会社が指定するエリアへの異動はありません。
今の生活拠点を変えずに働き続けられます。

✅ 商談は一人で抱え込まない
上司同席が前提なので、未経験でも
その場で相談しながら進められます。

✅ 研修制度あり
提案の組み立て方から、丁寧に学べます。

＝＝＝＝＝＝＝＝＝＝＝＝＝＝＝
【✔働き方✔】

✔ フレックスタイム制度（月平均所定労働時間160時間）
✔ 固定残業代なし（残業分は時間外勤務手当で別途支給）
✔ 社会保険完備（健康保険・厚生年金・雇用保険・労災保険）
✔ 試用期間なし

まずはお気軽にご応募ください。

案件No：2153","《✼この仕事の4つのポイント✼》

✅ ① 商談は必ず上司同席
未経験のうちから一人で商談に臨むことはありません。
提案内容や契約条件の詰め方も、その場でサポートしてもらえます。

✅ ② 頑張りが成果報酬に直結
1件成約につき最大225万円のインセンティブを支給。
賞与のタイミングでまとめて受け取れます。

✅ ③ 転勤・出張なし
会社が指定するエリアへの異動は一切ありません。
自分の希望する地域で働き続けられます。

✅ ④ フレックスタイム制度
月平均所定労働時間160時間の中で、
始業・終業の時間配分を自分で組み立てられます。

＝＝＝＝＝＝＝＝＝＝＝＝＝＝＝
《✼待遇もしっかり✼》

✔ 月給制（固定残業代なし／残業分は時間外勤務手当で別途支給）
✔ 資格手当・家族手当・職種手当・通勤手当・役職手当・勤続手当
✔ 社会保険完備（健康保険・厚生年金・雇用保険・労災保険）
✔ 試用期間なし
✔ 初年度想定年収：340万円〜700万円
✔ 年収例：中途入社9年目／固定年額650万円＋賞与710万円＝1360万円
✔ 保養所完備・定期健康診断・人間ドック補助・スポーツクラブ利用補助・
　財形貯蓄制度・確定拠出年金（401K）・永年勤続表彰・社内厚生行事補助"
255,2336,大東建託株式会社,未経験｜土地活用の提案営業｜横浜市青葉区,転勤なし◎フレックス制度で無理なく働ける土地活用提案営業,"✦・━━━━━━━━━━━━━━━・✦
＼神奈川県横浜市青葉区で募集中／
土地オーナー様に「活用」を提案する
未経験からの営業職◎
✦・━━━━━━━━━━━━━━━・✦

「営業は未経験だから不安…」

そう感じる方ほど、まずは仕組みを知ってください。
商談には必ず上司が同席するので、
一人で判断を迫られる場面はありません。

＝＝＝＝＝＝＝＝＝＝＝＝＝＝＝
【✧提案営業は、この3ステップ✧】

■ ① 訪問
土地オーナー様のもとへ伺い、商談の日程を調整します。

■ ② 商談
上司が同席し、提案内容や契約条件をサポートします。

■ ③ ご契約
契約成立で、1件あたり最大225万円のインセンティブを支給。
賞与のタイミングでまとめて受け取れます。

＝＝＝＝＝＝＝＝＝＝＝＝＝＝＝
【✨この仕事の魅力✨】

✅ 商談は一人で抱え込まない
上司同席が前提なので、経験がなくても
その場で相談しながら進められます。

✅ 転勤・出張なし
会社が指定するエリアへの異動はありません。
自分の希望する地域で働き続けられます。

✅ 研修制度あり
商談の進め方や提案の組み立て方から学べます。

＝＝＝＝＝＝＝＝＝＝＝＝＝＝＝
【✔働き方✔】

✔ フレックスタイム制度（月平均所定労働時間160時間）
✔ 固定残業代なし（残業分は時間外勤務手当で別途支給）
✔ 社会保険完備（健康保険・厚生年金・雇用保険・労災保険）
✔ 試用期間なし

まずはお気軽にご応募ください。

案件No：2336","《✼この仕事の4つのポイント✼》

✅ ① 商談は必ず上司同席
未経験のうちから一人で商談に臨むことはありません。
提案内容や契約条件の詰め方も、その場でサポートしてもらえます。

✅ ② 頑張りが成果報酬に直結
1件成約につき最大225万円のインセンティブを支給。
賞与のタイミングでまとめて受け取れます。

✅ ③ 転勤・出張なし
会社が指定するエリアへの異動は一切ありません。
自分の希望する地域で働き続けられます。

✅ ④ フレックスタイム制度
月平均所定労働時間160時間の中で、
始業・終業の時間配分を自分で組み立てられます。

＝＝＝＝＝＝＝＝＝＝＝＝＝＝＝
《✼待遇もしっかり✼》

✔ 月給制（固定残業代なし／残業分は時間外勤務手当で別途支給）
✔ 資格手当・家族手当・職種手当・通勤手当・役職手当・勤続手当
✔ 社会保険完備（健康保険・厚生年金・雇用保険・労災保険）
✔ 試用期間なし
✔ 初年度想定年収：340万円〜700万円
✔ 年収例：中途入社9年目／固定年額650万円＋賞与710万円＝1360万円
✔ 保養所完備・定期健康診断・人間ドック補助・スポーツクラブ利用補助・
　財形貯蓄制度・確定拠出年金（401K）・永年勤続表彰・社内厚生行事補助"
256,1456,大東建託株式会社,未経験｜土地活用の提案営業｜熊谷市,転勤なし◎フレックス制度で無理なく働ける土地活用提案営業,"✦・━━━━━━━━━━━━━━━・✦
＼埼玉県熊谷市で募集中／
""提案する力""が身につく
土地活用の営業職◎
✦・━━━━━━━━━━━━━━━・✦

「商談って一人でやるものでは？」

大東建託の商談は、必ず上司が同席します。
未経験のうちから一人で抱え込む場面はありません。

＝＝＝＝＝＝＝＝＝＝＝＝＝＝＝
【✧提案営業は、この3ステップ✧】

■ ① 訪問
土地オーナー様を訪ね、商談の日程を調整します。

■ ② 商談
上司同席のもと、活用プランや契約条件を提案します。

■ ③ ご契約
成約1件につき、最大225万円のインセンティブを支給。
賞与支給のタイミングでまとめて受け取れます。

＝＝＝＝＝＝＝＝＝＝＝＝＝＝＝
【✨この仕事の魅力✨】

✅ 頑張りが成果に直結
成約数に応じてインセンティブが上乗せされます。

✅ 研修制度あり
未経験からでも、提案の組み立て方を一から学べます。

✅ 転勤・出張なし
会社が指定するエリアへの異動はなく、
希望する地域で働き続けられます。

＝＝＝＝＝＝＝＝＝＝＝＝＝＝＝
【✔働き方✔】

✔ フレックスタイム制度（月平均所定労働時間160時間）
✔ 固定残業代なし（残業分は時間外勤務手当で別途支給）
✔ 社会保険完備（健康保険・厚生年金・雇用保険・労災保険）
✔ 試用期間なし

自分のペースで、一件ずつ丁寧に進めていける仕事です。

案件No：1456","《✼この仕事の4つのポイント✼》

✅ ① 商談は必ず上司同席
未経験のうちから一人で商談に臨むことはありません。
提案内容や契約条件の詰め方も、その場でサポートしてもらえます。

✅ ② 頑張りが成果報酬に直結
1件成約につき最大225万円のインセンティブを支給。
賞与のタイミングでまとめて受け取れます。

✅ ③ 転勤・出張なし
会社が指定するエリアへの異動は一切ありません。
自分の希望する地域で働き続けられます。

✅ ④ フレックスタイム制度
月平均所定労働時間160時間の中で、
始業・終業の時間配分を自分で組み立てられます。

＝＝＝＝＝＝＝＝＝＝＝＝＝＝＝
《✼待遇もしっかり✼》

✔ 月給制（固定残業代なし／残業分は時間外勤務手当で別途支給）
✔ 資格手当・家族手当・職種手当・通勤手当・役職手当・勤続手当
✔ 社会保険完備（健康保険・厚生年金・雇用保険・労災保険）
✔ 試用期間なし
✔ 初年度想定年収：340万円〜700万円
✔ 年収例：中途入社9年目／固定年額650万円＋賞与710万円＝1360万円
✔ 保養所完備・定期健康診断・人間ドック補助・スポーツクラブ利用補助・
　財形貯蓄制度・確定拠出年金（401K）・永年勤続表彰・社内厚生行事補助"
257,2988,株式会社BuySell Technologies,未経験・第二新卒歓迎｜出張買取スタッフ,飛び込み・テレアポなし◎月給27万円〜で稼げる出張買取スタッフ,"✦・━━━━━━━━━━━━━━━・✦
＼神奈川県横浜市神奈川区で募集中／
飛び込み・テレアポは一切なし。
未経験から始める出張買取スタッフ◎
✦・━━━━━━━━━━━━━━━・✦

「営業なのに、飛び込みやテレアポがない？」

アポイントは専任担当が取得するので、
あなたはお客さまとの商談に集中できます。

＝＝＝＝＝＝＝＝＝＝＝＝＝＝＝
【✧出張買取の流れ✧】

■ ① 訪問・ヒアリング
ご自宅に伺い、売却を検討された背景を丁寧に伺います。

■ ② 商品チェック
写真を撮影すると金額が算出されるシステムを活用します。

■ ③ ご提案・交渉
金額を提示し、わかりやすくご説明します。

■ ④ 契約・コンプライアンス
本部のコンプライアンス部門と連携し、適正に契約します。

■ ⑤ アフターフォロー
ご紹介をいただくことも多いお仕事です。

＝＝＝＝＝＝＝＝＝＝＝＝＝＝＝
【✨このお仕事の魅力✨】

✅ 平均成約率は80%以上
すでに「売りたい」というお客さまへの訪問なので、
成約率が非常に高いのが特長です。

✅ 商品チェックはシステムを活用
金額算出をシステムがサポートするので、
スムーズに商談が進められます。

＝＝＝＝＝＝＝＝＝＝＝＝＝＝＝
【✧お仕事の内容✧】

■ 出張買取
着物・ブランド品・高級腕時計・ジュエリーなどを
社用車で1日平均3〜4件、ご自宅へ訪問して査定します
（1件あたり約1時間）。

＝＝＝＝＝＝＝＝＝＝＝＝＝＝＝
【✔働き方✔】

✔ 09:00〜18:00（休憩60分）
✔ 夜間勤務はありません
✔ 月平均残業時間は30時間以下
✔ シフト制の週休2日（月7〜12日休み）
✔ 年間休日128日

まずはお気軽にご応募ください。

案件No：2988","《✼ここで働く4つの特徴✼》

✅ ① テレアポ・飛び込みなしの「完全反響型営業」
アポイントの取得は専任の別部隊が担当するため、
新規開拓のテレアポや飛び込み営業は一切ありません。

✅ ② 頑張った分だけ稼げる評価制度
毎月の個人売上に応じたインセンティブと、
お客様満足度などを評価する年2回の賞与の
両方で頑張りを還元。平均成約率は80%以上のため、
未経験でも収入アップを目指しやすいです。

✅ ③ 明確なキャリアパス
チーフ→リーダー→SV→支店長とステップをご用意。
入社2年半でSV、4年で支店長へ昇格した実績もあります。

✅ ④ 一生モノのスキルが身につく
お客さまの真のニーズを引き出す力や提案力、
リユース業界の専門知識が身につきます。
キャリアアップに伴いマネジメントスキルも習得可能です。

＝＝＝＝＝＝＝＝＝＝＝＝＝＝＝
《✼待遇もしっかり✼》

✔ 交通費全額支給
✔ 昇給年2回・賞与年2回
✔ インセンティブ制度あり（平均月収40万円）
✔ 健康診断（年1回）・インフルエンザ予防接種全額補助
✔ 出張手当・社用携帯電話・社用PC支給
✔ 出産祝金
✔ 研修費用・書籍費用は全額会社負担
✔ 表彰式（年1回）・歓迎会や社内イベントあり
✔ 年間休日128日、産休・育休・介護休暇など休暇制度充実"
258,2987,株式会社BuySell Technologies,未経験・第二新卒歓迎｜出張買取スタッフ,飛び込み・テレアポなし◎月給27万円〜で稼げる出張買取スタッフ,"✦・━━━━━━━━━━━━━━━・✦
＼東京都新宿区で募集中／
飛び込み・テレアポは一切なし。
未経験から始める出張買取スタッフ◎
✦・━━━━━━━━━━━━━━━・✦

「営業なのに、飛び込みやテレアポがない？」

アポイントは専任担当が取得するので、
あなたはお客さまとの商談に集中できます。

＝＝＝＝＝＝＝＝＝＝＝＝＝＝＝
【✧出張買取の流れ✧】

■ ① 訪問・ヒアリング
ご自宅に伺い、売却を検討された背景を丁寧に伺います。

■ ② 商品チェック
写真を撮影すると金額が算出されるシステムを活用します。

■ ③ ご提案・交渉
金額を提示し、わかりやすくご説明します。

■ ④ 契約・コンプライアンス
本部のコンプライアンス部門と連携し、適正に契約します。

■ ⑤ アフターフォロー
ご紹介をいただくことも多いお仕事です。

＝＝＝＝＝＝＝＝＝＝＝＝＝＝＝
【✨このお仕事の魅力✨】

✅ 平均成約率は80%以上
すでに「売りたい」というお客さまへの訪問なので、
成約率が非常に高いのが特長です。

✅ 商品チェックはシステムを活用
金額算出をシステムがサポートするので、
スムーズに商談が進められます。

＝＝＝＝＝＝＝＝＝＝＝＝＝＝＝
【✧お仕事の内容✧】

■ 出張買取
着物・ブランド品・高級腕時計・ジュエリーなどを
社用車で1日平均3〜4件、ご自宅へ訪問して査定します
（1件あたり約1時間）。

＝＝＝＝＝＝＝＝＝＝＝＝＝＝＝
【✔働き方✔】

✔ 09:00〜18:00（休憩60分）
✔ 夜間勤務はありません
✔ 月平均残業時間は30時間以下
✔ シフト制の週休2日（月7〜12日休み）
✔ 年間休日128日

まずはお気軽にご応募ください。

案件No：2987","《✼ここで働く4つの特徴✼》

✅ ① テレアポ・飛び込みなしの「完全反響型営業」
アポイントの取得は専任の別部隊が担当するため、
新規開拓のテレアポや飛び込み営業は一切ありません。

✅ ② 頑張った分だけ稼げる評価制度
毎月の個人売上に応じたインセンティブと、
お客様満足度などを評価する年2回の賞与の
両方で頑張りを還元。平均成約率は80%以上のため、
未経験でも収入アップを目指しやすいです。

✅ ③ 明確なキャリアパス
チーフ→リーダー→SV→支店長とステップをご用意。
入社2年半でSV、4年で支店長へ昇格した実績もあります。

✅ ④ 一生モノのスキルが身につく
お客さまの真のニーズを引き出す力や提案力、
リユース業界の専門知識が身につきます。
キャリアアップに伴いマネジメントスキルも習得可能です。

＝＝＝＝＝＝＝＝＝＝＝＝＝＝＝
《✼待遇もしっかり✼》

✔ 交通費全額支給
✔ 昇給年2回・賞与年2回
✔ インセンティブ制度あり（平均月収40万円）
✔ 健康診断（年1回）・インフルエンザ予防接種全額補助
✔ 出張手当・社用携帯電話・社用PC支給
✔ 出産祝金
✔ 研修費用・書籍費用は全額会社負担
✔ 表彰式（年1回）・歓迎会や社内イベントあり
✔ 年間休日128日、産休・育休・介護休暇など休暇制度充実"
259,2986,株式会社ユニタス,未経験OK｜原状回復提案営業｜町田市,月給27万円〜◎反響営業×研修充実＆インセンティブあり♪,"✦・━━━━━━━━━━━━━━━・✦
＼東京都町田市で募集中／
""空室を埋める""提案のプロへ。
未経験から始める反響営業◎
✦・━━━━━━━━━━━━━━━・✦

「営業なんて経験がないと厳しいのでは？」

安心してください。反響営業なので、
飛び込みやテレアポは一切ありません。

＝＝＝＝＝＝＝＝＝＝＝＝＝＝＝
【✨この仕事の魅力✨】

✅ 完全反響営業
テレアポ・飛び込みは一切なし。
商談設定は専門部隊が担当するため、
未経験でも提案に集中できます。

✅ 実績のある分野
「原状回復工事」で関東トップクラスの実績。
リピート率は90％以上です。

＝＝＝＝＝＝＝＝＝＝＝＝＝＝＝
【✧お仕事の内容✧】

■ 現地調査
管理会社から鍵を預かり、修繕予定の部屋を訪問。
状態を確認し、必要な作業をチェック・計測します。

■ 見積作成
工事内容・期間・金額を盛り込んだ見積もりを作成し、
顧客に提出します。

■ 受注・発注・現場管理
協力会社や職人へ依頼し、資材を手配。
工事の進行状況を確認します。

■ 現場引き渡し
仕上がりを確認し、顧客へ引き渡します。

＝＝＝＝＝＝＝＝＝＝＝＝＝＝＝
【✔働き方✔】

✔ 09:00〜18:00
✔ 夜間勤務はありません
✔ 月間平均残業時間は20時間以下
✔ 完全週休2日制（日曜＋他1日希望）
✔ 入社後は先輩社員との現場同行からスタート
　（4か月目を目途に一人で業務を担当）

まずはお気軽にご応募ください。

案件No：2986","《✼ここで働く4つの特徴✼》

✅ ① 完全反響営業で提案に集中
テレアポや飛び込みは一切なし。
商談設定は専門部隊が担当するため、
未経験でも安心して提案営業に取り組めます。
「原状回復工事」で関東トップクラスの実績を誇り、
リピート率は90％以上です。

✅ ② 裁量の大きいワンストップ体制
営業から現場管理まで一貫して担当できます。
自分のアイデアを形にできるやりがいがあり、
短期間でスキルや経験を積みながら
キャリアアップも目指せます。

✅ ③ 頑張りが収入に反映されるインセンティブ制度
毎月の利益に応じてインセンティブを支給。
社員の約6〜7割が毎月インセンティブを獲得しています。
上限は基本給と同額までとなっています。

✅ ④ 段階的な研修でしっかり育成
先輩社員との現場同行で知識と営業スキルを習得。
リフォーム基礎知識のテキスト配布や
OJTチェックシートを使った実務研修があります。

＝＝＝＝＝＝＝＝＝＝＝＝＝＝＝
《✼待遇もしっかり✼》

✔ 賞与年3回（7月・12月・決算賞与8月）
✔ 昇給年2回（2月・8月）
✔ 交通費支給（月3万円まで）
✔ 家族手当・資格手当・役職手当
✔ 資格取得制度・健康診断
✔ 年間休日120日、年末年始・GW・夏季休暇あり"
260,2985,株式会社ユニタス,未経験OK｜原状回復提案営業｜立川市,月給27万円〜◎反響営業×研修充実＆インセンティブあり♪,"✦・━━━━━━━━━━━━━━━・✦
＼東京都立川市で募集中／
提案から現場管理までを一貫担当。
未経験から裁量をもって働ける営業職◎
✦・━━━━━━━━━━━━━━━・✦

「営業も現場管理も未経験だけど大丈夫？」

先輩社員が同行し、4か月目を目途に
一人立ちできるまでサポートします。

＝＝＝＝＝＝＝＝＝＝＝＝＝＝＝
【✨この仕事の魅力✨】

✅ 裁量の大きいワンストップ体制
営業から現場管理まで一貫して担当。
自分のアイデアを提案に反映できます。

✅ 明確な評価制度
成果がインセンティブとして収入に反映される
仕組みです。

＝＝＝＝＝＝＝＝＝＝＝＝＝＝＝
【✧お仕事の内容✧】

■ 現地調査
管理会社から鍵を預かり、修繕予定の部屋を訪問。
状態を確認し、必要な作業をチェック・計測します。

■ 見積作成
工事内容・期間・金額を盛り込んだ見積もりを作成し、
顧客に提出します。

■ 受注・発注・現場管理
協力会社や職人へ依頼し、資材を手配。
工事の進行状況を確認します。

■ 現場引き渡し
仕上がりを確認し、顧客へ引き渡します。

＝＝＝＝＝＝＝＝＝＝＝＝＝＝＝
【✔働き方✔】

✔ 09:00〜18:00
✔ 夜間勤務はありません
✔ 月間平均残業時間は20時間以下
✔ 完全週休2日制（日曜＋他1日希望）

まずはお気軽にご応募ください。

案件No：2985","《✼ここで働く4つの特徴✼》

✅ ① 完全反響営業で提案に集中
テレアポや飛び込みは一切なし。
商談設定は専門部隊が担当するため、
未経験でも安心して提案営業に取り組めます。
「原状回復工事」で関東トップクラスの実績を誇り、
リピート率は90％以上です。

✅ ② 裁量の大きいワンストップ体制
営業から現場管理まで一貫して担当できます。
自分のアイデアを形にできるやりがいがあり、
短期間でスキルや経験を積みながら
キャリアアップも目指せます。

✅ ③ 頑張りが収入に反映されるインセンティブ制度
毎月の利益に応じてインセンティブを支給。
社員の約6〜7割が毎月インセンティブを獲得しています。
上限は基本給と同額までとなっています。

✅ ④ 段階的な研修でしっかり育成
先輩社員との現場同行で知識と営業スキルを習得。
リフォーム基礎知識のテキスト配布や
OJTチェックシートを使った実務研修があります。

＝＝＝＝＝＝＝＝＝＝＝＝＝＝＝
《✼待遇もしっかり✼》

✔ 賞与年3回（7月・12月・決算賞与8月）
✔ 昇給年2回（2月・8月）
✔ 交通費支給（月3万円まで）
✔ 家族手当・資格手当・役職手当
✔ 資格取得制度・健康診断
✔ 年間休日120日、年末年始・GW・夏季休暇あり"
261,2984,株式会社ユニタス,未経験OK｜原状回復提案営業｜武蔵野市,月給27万円〜◎反響営業×研修充実＆インセンティブあり♪,"✦・━━━━━━━━━━━━━━━・✦
＼東京都武蔵野市で募集中／
""空室を埋める""提案のプロへ。
未経験から始める反響営業◎
✦・━━━━━━━━━━━━━━━・✦

「営業なんて経験がないと厳しいのでは？」

安心してください。反響営業なので、
飛び込みやテレアポは一切ありません。

＝＝＝＝＝＝＝＝＝＝＝＝＝＝＝
【✨この仕事の魅力✨】

✅ 完全反響営業
テレアポ・飛び込みは一切なし。
商談設定は専門部隊が担当するため、
未経験でも提案に集中できます。

✅ 実績のある分野
「原状回復工事」で関東トップクラスの実績。
リピート率は90％以上です。

＝＝＝＝＝＝＝＝＝＝＝＝＝＝＝
【✧お仕事の内容✧】

■ 現地調査
管理会社から鍵を預かり、修繕予定の部屋を訪問。
状態を確認し、必要な作業をチェック・計測します。

■ 見積作成
工事内容・期間・金額を盛り込んだ見積もりを作成し、
顧客に提出します。

■ 受注・発注・現場管理
協力会社や職人へ依頼し、資材を手配。
工事の進行状況を確認します。

■ 現場引き渡し
仕上がりを確認し、顧客へ引き渡します。

＝＝＝＝＝＝＝＝＝＝＝＝＝＝＝
【✔働き方✔】

✔ 09:00〜18:00
✔ 夜間勤務はありません
✔ 月間平均残業時間は20時間以下
✔ 完全週休2日制（日曜＋他1日希望）
✔ 入社後は先輩社員との現場同行からスタート
　（4か月目を目途に一人で業務を担当）

まずはお気軽にご応募ください。

案件No：2984","《✼ここで働く4つの特徴✼》

✅ ① 完全反響営業で提案に集中
テレアポや飛び込みは一切なし。
商談設定は専門部隊が担当するため、
未経験でも安心して提案営業に取り組めます。
「原状回復工事」で関東トップクラスの実績を誇り、
リピート率は90％以上です。

✅ ② 裁量の大きいワンストップ体制
営業から現場管理まで一貫して担当できます。
自分のアイデアを形にできるやりがいがあり、
短期間でスキルや経験を積みながら
キャリアアップも目指せます。

✅ ③ 頑張りが収入に反映されるインセンティブ制度
毎月の利益に応じてインセンティブを支給。
社員の約6〜7割が毎月インセンティブを獲得しています。
上限は基本給と同額までとなっています。

✅ ④ 段階的な研修でしっかり育成
先輩社員との現場同行で知識と営業スキルを習得。
リフォーム基礎知識のテキスト配布や
OJTチェックシートを使った実務研修があります。

＝＝＝＝＝＝＝＝＝＝＝＝＝＝＝
《✼待遇もしっかり✼》

✔ 賞与年3回（7月・12月・決算賞与8月）
✔ 昇給年2回（2月・8月）
✔ 交通費支給（月3万円まで）
✔ 家族手当・資格手当・役職手当
✔ 資格取得制度・健康診断
✔ 年間休日120日、年末年始・GW・夏季休暇あり"
262,2983,株式会社ユニタス,未経験OK｜原状回復提案営業｜豊島区,月給27万円〜◎反響営業×研修充実＆インセンティブあり♪,"✦・━━━━━━━━━━━━━━━・✦
＼東京都豊島区で募集中／
提案から現場管理までを一貫担当。
未経験から裁量をもって働ける営業職◎
✦・━━━━━━━━━━━━━━━・✦

「営業も現場管理も未経験だけど大丈夫？」

先輩社員が同行し、4か月目を目途に
一人立ちできるまでサポートします。

＝＝＝＝＝＝＝＝＝＝＝＝＝＝＝
【✨この仕事の魅力✨】

✅ 裁量の大きいワンストップ体制
営業から現場管理まで一貫して担当。
自分のアイデアを提案に反映できます。

✅ 明確な評価制度
成果がインセンティブとして収入に反映される
仕組みです。

＝＝＝＝＝＝＝＝＝＝＝＝＝＝＝
【✧お仕事の内容✧】

■ 現地調査
管理会社から鍵を預かり、修繕予定の部屋を訪問。
状態を確認し、必要な作業をチェック・計測します。

■ 見積作成
工事内容・期間・金額を盛り込んだ見積もりを作成し、
顧客に提出します。

■ 受注・発注・現場管理
協力会社や職人へ依頼し、資材を手配。
工事の進行状況を確認します。

■ 現場引き渡し
仕上がりを確認し、顧客へ引き渡します。

＝＝＝＝＝＝＝＝＝＝＝＝＝＝＝
【✔働き方✔】

✔ 09:00〜18:00
✔ 夜間勤務はありません
✔ 月間平均残業時間は20時間以下
✔ 完全週休2日制（日曜＋他1日希望）

まずはお気軽にご応募ください。

案件No：2983","《✼ここで働く4つの特徴✼》

✅ ① 完全反響営業で提案に集中
テレアポや飛び込みは一切なし。
商談設定は専門部隊が担当するため、
未経験でも安心して提案営業に取り組めます。
「原状回復工事」で関東トップクラスの実績を誇り、
リピート率は90％以上です。

✅ ② 裁量の大きいワンストップ体制
営業から現場管理まで一貫して担当できます。
自分のアイデアを形にできるやりがいがあり、
短期間でスキルや経験を積みながら
キャリアアップも目指せます。

✅ ③ 頑張りが収入に反映されるインセンティブ制度
毎月の利益に応じてインセンティブを支給。
社員の約6〜7割が毎月インセンティブを獲得しています。
上限は基本給と同額までとなっています。

✅ ④ 段階的な研修でしっかり育成
先輩社員との現場同行で知識と営業スキルを習得。
リフォーム基礎知識のテキスト配布や
OJTチェックシートを使った実務研修があります。

＝＝＝＝＝＝＝＝＝＝＝＝＝＝＝
《✼待遇もしっかり✼》

✔ 賞与年3回（7月・12月・決算賞与8月）
✔ 昇給年2回（2月・8月）
✔ 交通費支給（月3万円まで）
✔ 家族手当・資格手当・役職手当
✔ 資格取得制度・健康診断
✔ 年間休日120日、年末年始・GW・夏季休暇あり"
263,2982,株式会社ユニタス,未経験OK｜原状回復提案営業｜横浜市港北区,月給27万円〜◎反響営業×研修充実＆インセンティブあり♪,"✦・━━━━━━━━━━━━━━━・✦
＼神奈川県横浜市港北区で募集中／
""空室を埋める""提案のプロへ。
未経験から始める反響営業◎
✦・━━━━━━━━━━━━━━━・✦

「営業なんて経験がないと厳しいのでは？」

安心してください。反響営業なので、
飛び込みやテレアポは一切ありません。

＝＝＝＝＝＝＝＝＝＝＝＝＝＝＝
【✨この仕事の魅力✨】

✅ 完全反響営業
テレアポ・飛び込みは一切なし。
商談設定は専門部隊が担当するため、
未経験でも提案に集中できます。

✅ 実績のある分野
「原状回復工事」で関東トップクラスの実績。
リピート率は90％以上です。

＝＝＝＝＝＝＝＝＝＝＝＝＝＝＝
【✧お仕事の内容✧】

■ 現地調査
管理会社から鍵を預かり、修繕予定の部屋を訪問。
状態を確認し、必要な作業をチェック・計測します。

■ 見積作成
工事内容・期間・金額を盛り込んだ見積もりを作成し、
顧客に提出します。

■ 受注・発注・現場管理
協力会社や職人へ依頼し、資材を手配。
工事の進行状況を確認します。

■ 現場引き渡し
仕上がりを確認し、顧客へ引き渡します。

＝＝＝＝＝＝＝＝＝＝＝＝＝＝＝
【✔働き方✔】

✔ 09:00〜18:00
✔ 夜間勤務はありません
✔ 月間平均残業時間は20時間以下
✔ 完全週休2日制（日曜＋他1日希望）
✔ 入社後は先輩社員との現場同行からスタート
　（4か月目を目途に一人で業務を担当）

まずはお気軽にご応募ください。

案件No：2982","《✼ここで働く4つの特徴✼》

✅ ① 完全反響営業で提案に集中
テレアポや飛び込みは一切なし。
商談設定は専門部隊が担当するため、
未経験でも安心して提案営業に取り組めます。
「原状回復工事」で関東トップクラスの実績を誇り、
リピート率は90％以上です。

✅ ② 裁量の大きいワンストップ体制
営業から現場管理まで一貫して担当できます。
自分のアイデアを形にできるやりがいがあり、
短期間でスキルや経験を積みながら
キャリアアップも目指せます。

✅ ③ 頑張りが収入に反映されるインセンティブ制度
毎月の利益に応じてインセンティブを支給。
社員の約6〜7割が毎月インセンティブを獲得しています。
上限は基本給と同額までとなっています。

✅ ④ 段階的な研修でしっかり育成
先輩社員との現場同行で知識と営業スキルを習得。
リフォーム基礎知識のテキスト配布や
OJTチェックシートを使った実務研修があります。

＝＝＝＝＝＝＝＝＝＝＝＝＝＝＝
《✼待遇もしっかり✼》

✔ 賞与年3回（7月・12月・決算賞与8月）
✔ 昇給年2回（2月・8月）
✔ 交通費支給（月3万円まで）
✔ 家族手当・資格手当・役職手当
✔ 資格取得制度・健康診断
✔ 年間休日120日、年末年始・GW・夏季休暇あり"
264,2981,株式会社ユニタス,未経験OK｜原状回復提案営業｜船橋市,月給27万円〜◎反響営業×研修充実＆インセンティブあり♪,"✦・━━━━━━━━━━━━━━━・✦
＼千葉県船橋市で募集中／
提案から現場管理までを一貫担当。
未経験から裁量をもって働ける営業職◎
✦・━━━━━━━━━━━━━━━・✦

「営業も現場管理も未経験だけど大丈夫？」

先輩社員が同行し、4か月目を目途に
一人立ちできるまでサポートします。

＝＝＝＝＝＝＝＝＝＝＝＝＝＝＝
【✨この仕事の魅力✨】

✅ 裁量の大きいワンストップ体制
営業から現場管理まで一貫して担当。
自分のアイデアを提案に反映できます。

✅ 明確な評価制度
成果がインセンティブとして収入に反映される
仕組みです。

＝＝＝＝＝＝＝＝＝＝＝＝＝＝＝
【✧お仕事の内容✧】

■ 現地調査
管理会社から鍵を預かり、修繕予定の部屋を訪問。
状態を確認し、必要な作業をチェック・計測します。

■ 見積作成
工事内容・期間・金額を盛り込んだ見積もりを作成し、
顧客に提出します。

■ 受注・発注・現場管理
協力会社や職人へ依頼し、資材を手配。
工事の進行状況を確認します。

■ 現場引き渡し
仕上がりを確認し、顧客へ引き渡します。

＝＝＝＝＝＝＝＝＝＝＝＝＝＝＝
【✔働き方✔】

✔ 09:00〜18:00
✔ 夜間勤務はありません
✔ 月間平均残業時間は20時間以下
✔ 完全週休2日制（日曜＋他1日希望）

まずはお気軽にご応募ください。

案件No：2981","《✼ここで働く4つの特徴✼》

✅ ① 完全反響営業で提案に集中
テレアポや飛び込みは一切なし。
商談設定は専門部隊が担当するため、
未経験でも安心して提案営業に取り組めます。
「原状回復工事」で関東トップクラスの実績を誇り、
リピート率は90％以上です。

✅ ② 裁量の大きいワンストップ体制
営業から現場管理まで一貫して担当できます。
自分のアイデアを形にできるやりがいがあり、
短期間でスキルや経験を積みながら
キャリアアップも目指せます。

✅ ③ 頑張りが収入に反映されるインセンティブ制度
毎月の利益に応じてインセンティブを支給。
社員の約6〜7割が毎月インセンティブを獲得しています。
上限は基本給と同額までとなっています。

✅ ④ 段階的な研修でしっかり育成
先輩社員との現場同行で知識と営業スキルを習得。
リフォーム基礎知識のテキスト配布や
OJTチェックシートを使った実務研修があります。

＝＝＝＝＝＝＝＝＝＝＝＝＝＝＝
《✼待遇もしっかり✼》

✔ 賞与年3回（7月・12月・決算賞与8月）
✔ 昇給年2回（2月・8月）
✔ 交通費支給（月3万円まで）
✔ 家族手当・資格手当・役職手当
✔ 資格取得制度・健康診断
✔ 年間休日120日、年末年始・GW・夏季休暇あり"
265,2980,株式会社ユニタス,未経験OK｜原状回復提案営業｜品川区,月給27万円〜◎反響営業×研修充実＆インセンティブあり♪,"✦・━━━━━━━━━━━━━━━・✦
＼東京都品川区で募集中／
""空室を埋める""提案のプロへ。
未経験から始める反響営業◎
✦・━━━━━━━━━━━━━━━・✦

「営業なんて経験がないと厳しいのでは？」

安心してください。反響営業なので、
飛び込みやテレアポは一切ありません。

＝＝＝＝＝＝＝＝＝＝＝＝＝＝＝
【✨この仕事の魅力✨】

✅ 完全反響営業
テレアポ・飛び込みは一切なし。
商談設定は専門部隊が担当するため、
未経験でも提案に集中できます。

✅ 実績のある分野
「原状回復工事」で関東トップクラスの実績。
リピート率は90％以上です。

＝＝＝＝＝＝＝＝＝＝＝＝＝＝＝
【✧お仕事の内容✧】

■ 現地調査
管理会社から鍵を預かり、修繕予定の部屋を訪問。
状態を確認し、必要な作業をチェック・計測します。

■ 見積作成
工事内容・期間・金額を盛り込んだ見積もりを作成し、
顧客に提出します。

■ 受注・発注・現場管理
協力会社や職人へ依頼し、資材を手配。
工事の進行状況を確認します。

■ 現場引き渡し
仕上がりを確認し、顧客へ引き渡します。

＝＝＝＝＝＝＝＝＝＝＝＝＝＝＝
【✔働き方✔】

✔ 09:00〜18:00
✔ 夜間勤務はありません
✔ 月間平均残業時間は20時間以下
✔ 完全週休2日制（日曜＋他1日希望）
✔ 入社後は先輩社員との現場同行からスタート
　（4か月目を目途に一人で業務を担当）

まずはお気軽にご応募ください。

案件No：2980","《✼ここで働く4つの特徴✼》

✅ ① 完全反響営業で提案に集中
テレアポや飛び込みは一切なし。
商談設定は専門部隊が担当するため、
未経験でも安心して提案営業に取り組めます。
「原状回復工事」で関東トップクラスの実績を誇り、
リピート率は90％以上です。

✅ ② 裁量の大きいワンストップ体制
営業から現場管理まで一貫して担当できます。
自分のアイデアを形にできるやりがいがあり、
短期間でスキルや経験を積みながら
キャリアアップも目指せます。

✅ ③ 頑張りが収入に反映されるインセンティブ制度
毎月の利益に応じてインセンティブを支給。
社員の約6〜7割が毎月インセンティブを獲得しています。
上限は基本給と同額までとなっています。

✅ ④ 段階的な研修でしっかり育成
先輩社員との現場同行で知識と営業スキルを習得。
リフォーム基礎知識のテキスト配布や
OJTチェックシートを使った実務研修があります。

＝＝＝＝＝＝＝＝＝＝＝＝＝＝＝
《✼待遇もしっかり✼》

✔ 賞与年3回（7月・12月・決算賞与8月）
✔ 昇給年2回（2月・8月）
✔ 交通費支給（月3万円まで）
✔ 家族手当・資格手当・役職手当
✔ 資格取得制度・健康診断
✔ 年間休日120日、年末年始・GW・夏季休暇あり"
266,2979,株式会社ユニタス,未経験OK｜原状回復提案営業｜横浜市中区,月給27万円〜◎反響営業×研修充実＆インセンティブあり♪,"✦・━━━━━━━━━━━━━━━・✦
＼神奈川県横浜市中区で募集中／
提案から現場管理までを一貫担当。
未経験から裁量をもって働ける営業職◎
✦・━━━━━━━━━━━━━━━・✦

「営業も現場管理も未経験だけど大丈夫？」

先輩社員が同行し、4か月目を目途に
一人立ちできるまでサポートします。

＝＝＝＝＝＝＝＝＝＝＝＝＝＝＝
【✨この仕事の魅力✨】

✅ 裁量の大きいワンストップ体制
営業から現場管理まで一貫して担当。
自分のアイデアを提案に反映できます。

✅ 明確な評価制度
成果がインセンティブとして収入に反映される
仕組みです。

＝＝＝＝＝＝＝＝＝＝＝＝＝＝＝
【✧お仕事の内容✧】

■ 現地調査
管理会社から鍵を預かり、修繕予定の部屋を訪問。
状態を確認し、必要な作業をチェック・計測します。

■ 見積作成
工事内容・期間・金額を盛り込んだ見積もりを作成し、
顧客に提出します。

■ 受注・発注・現場管理
協力会社や職人へ依頼し、資材を手配。
工事の進行状況を確認します。

■ 現場引き渡し
仕上がりを確認し、顧客へ引き渡します。

＝＝＝＝＝＝＝＝＝＝＝＝＝＝＝
【✔働き方✔】

✔ 09:00〜18:00
✔ 夜間勤務はありません
✔ 月間平均残業時間は20時間以下
✔ 完全週休2日制（日曜＋他1日希望）

まずはお気軽にご応募ください。

案件No：2979","《✼ここで働く4つの特徴✼》

✅ ① 完全反響営業で提案に集中
テレアポや飛び込みは一切なし。
商談設定は専門部隊が担当するため、
未経験でも安心して提案営業に取り組めます。
「原状回復工事」で関東トップクラスの実績を誇り、
リピート率は90％以上です。

✅ ② 裁量の大きいワンストップ体制
営業から現場管理まで一貫して担当できます。
自分のアイデアを形にできるやりがいがあり、
短期間でスキルや経験を積みながら
キャリアアップも目指せます。

✅ ③ 頑張りが収入に反映されるインセンティブ制度
毎月の利益に応じてインセンティブを支給。
社員の約6〜7割が毎月インセンティブを獲得しています。
上限は基本給と同額までとなっています。

✅ ④ 段階的な研修でしっかり育成
先輩社員との現場同行で知識と営業スキルを習得。
リフォーム基礎知識のテキスト配布や
OJTチェックシートを使った実務研修があります。

＝＝＝＝＝＝＝＝＝＝＝＝＝＝＝
《✼待遇もしっかり✼》

✔ 賞与年3回（7月・12月・決算賞与8月）
✔ 昇給年2回（2月・8月）
✔ 交通費支給（月3万円まで）
✔ 家族手当・資格手当・役職手当
✔ 資格取得制度・健康診断
✔ 年間休日120日、年末年始・GW・夏季休暇あり"
267,2978,株式会社ユニタス,未経験OK｜原状回復提案営業｜墨田区,月給27万円〜◎反響営業×研修充実＆インセンティブあり♪,"✦・━━━━━━━━━━━━━━━・✦
＼東京都墨田区で募集中／
""空室を埋める""提案のプロへ。
未経験から始める反響営業◎
✦・━━━━━━━━━━━━━━━・✦

「営業なんて経験がないと厳しいのでは？」

安心してください。反響営業なので、
飛び込みやテレアポは一切ありません。

＝＝＝＝＝＝＝＝＝＝＝＝＝＝＝
【✨この仕事の魅力✨】

✅ 完全反響営業
テレアポ・飛び込みは一切なし。
商談設定は専門部隊が担当するため、
未経験でも提案に集中できます。

✅ 実績のある分野
「原状回復工事」で関東トップクラスの実績。
リピート率は90％以上です。

＝＝＝＝＝＝＝＝＝＝＝＝＝＝＝
【✧お仕事の内容✧】

■ 現地調査
管理会社から鍵を預かり、修繕予定の部屋を訪問。
状態を確認し、必要な作業をチェック・計測します。

■ 見積作成
工事内容・期間・金額を盛り込んだ見積もりを作成し、
顧客に提出します。

■ 受注・発注・現場管理
協力会社や職人へ依頼し、資材を手配。
工事の進行状況を確認します。

■ 現場引き渡し
仕上がりを確認し、顧客へ引き渡します。

＝＝＝＝＝＝＝＝＝＝＝＝＝＝＝
【✔働き方✔】

✔ 09:00〜18:00
✔ 夜間勤務はありません
✔ 月間平均残業時間は20時間以下
✔ 完全週休2日制（日曜＋他1日希望）
✔ 入社後は先輩社員との現場同行からスタート
　（4か月目を目途に一人で業務を担当）

まずはお気軽にご応募ください。

案件No：2978","《✼ここで働く4つの特徴✼》

✅ ① 完全反響営業で提案に集中
テレアポや飛び込みは一切なし。
商談設定は専門部隊が担当するため、
未経験でも安心して提案営業に取り組めます。
「原状回復工事」で関東トップクラスの実績を誇り、
リピート率は90％以上です。

✅ ② 裁量の大きいワンストップ体制
営業から現場管理まで一貫して担当できます。
自分のアイデアを形にできるやりがいがあり、
短期間でスキルや経験を積みながら
キャリアアップも目指せます。

✅ ③ 頑張りが収入に反映されるインセンティブ制度
毎月の利益に応じてインセンティブを支給。
社員の約6〜7割が毎月インセンティブを獲得しています。
上限は基本給と同額までとなっています。

✅ ④ 段階的な研修でしっかり育成
先輩社員との現場同行で知識と営業スキルを習得。
リフォーム基礎知識のテキスト配布や
OJTチェックシートを使った実務研修があります。

＝＝＝＝＝＝＝＝＝＝＝＝＝＝＝
《✼待遇もしっかり✼》

✔ 賞与年3回（7月・12月・決算賞与8月）
✔ 昇給年2回（2月・8月）
✔ 交通費支給（月3万円まで）
✔ 家族手当・資格手当・役職手当
✔ 資格取得制度・健康診断
✔ 年間休日120日、年末年始・GW・夏季休暇あり"
268,2977,株式会社ユニタス,未経験OK｜原状回復提案営業｜大田区,月給27万円〜◎反響営業×研修充実＆インセンティブあり♪,"✦・━━━━━━━━━━━━━━━・✦
＼東京都大田区で募集中／
提案から現場管理までを一貫担当。
未経験から裁量をもって働ける営業職◎
✦・━━━━━━━━━━━━━━━・✦

「営業も現場管理も未経験だけど大丈夫？」

先輩社員が同行し、4か月目を目途に
一人立ちできるまでサポートします。

＝＝＝＝＝＝＝＝＝＝＝＝＝＝＝
【✨この仕事の魅力✨】

✅ 裁量の大きいワンストップ体制
営業から現場管理まで一貫して担当。
自分のアイデアを提案に反映できます。

✅ 明確な評価制度
成果がインセンティブとして収入に反映される
仕組みです。

＝＝＝＝＝＝＝＝＝＝＝＝＝＝＝
【✧お仕事の内容✧】

■ 現地調査
管理会社から鍵を預かり、修繕予定の部屋を訪問。
状態を確認し、必要な作業をチェック・計測します。

■ 見積作成
工事内容・期間・金額を盛り込んだ見積もりを作成し、
顧客に提出します。

■ 受注・発注・現場管理
協力会社や職人へ依頼し、資材を手配。
工事の進行状況を確認します。

■ 現場引き渡し
仕上がりを確認し、顧客へ引き渡します。

＝＝＝＝＝＝＝＝＝＝＝＝＝＝＝
【✔働き方✔】

✔ 09:00〜18:00
✔ 夜間勤務はありません
✔ 月間平均残業時間は20時間以下
✔ 完全週休2日制（日曜＋他1日希望）

まずはお気軽にご応募ください。

案件No：2977","《✼ここで働く4つの特徴✼》

✅ ① 完全反響営業で提案に集中
テレアポや飛び込みは一切なし。
商談設定は専門部隊が担当するため、
未経験でも安心して提案営業に取り組めます。
「原状回復工事」で関東トップクラスの実績を誇り、
リピート率は90％以上です。

✅ ② 裁量の大きいワンストップ体制
営業から現場管理まで一貫して担当できます。
自分のアイデアを形にできるやりがいがあり、
短期間でスキルや経験を積みながら
キャリアアップも目指せます。

✅ ③ 頑張りが収入に反映されるインセンティブ制度
毎月の利益に応じてインセンティブを支給。
社員の約6〜7割が毎月インセンティブを獲得しています。
上限は基本給と同額までとなっています。

✅ ④ 段階的な研修でしっかり育成
先輩社員との現場同行で知識と営業スキルを習得。
リフォーム基礎知識のテキスト配布や
OJTチェックシートを使った実務研修があります。

＝＝＝＝＝＝＝＝＝＝＝＝＝＝＝
《✼待遇もしっかり✼》

✔ 賞与年3回（7月・12月・決算賞与8月）
✔ 昇給年2回（2月・8月）
✔ 交通費支給（月3万円まで）
✔ 家族手当・資格手当・役職手当
✔ 資格取得制度・健康診断
✔ 年間休日120日、年末年始・GW・夏季休暇あり"
269,2830,株式会社レオパレス21,未経験歓迎｜土地活用提案営業｜中野区,月給28.2万円〜◎未経験歓迎の土地活用提案／先輩同行で安心,"✦・━━━━━━━━━━━━━━━・✦
＼東京都中野区で募集中／
オーナー様の資産を、次の世代へつなぐ提案を。
未経験から始める土地活用提案営業◎
✦・━━━━━━━━━━━━━━━・✦

「不動産の知識がないと難しいのでは？」

そう感じる方も多いですが、建替提案の商談には
必ず先輩やマネージャーが同行します。
知識は、同行を重ねながら少しずつ身につけていけます。

＝＝＝＝＝＝＝＝＝＝＝＝＝＝＝
【✨この仕事の魅力✨】

✅ 商談は先輩・マネージャーと同行
建替提案の商談には必ず同行者がつくため、
一人で判断する場面はありません。

✅ データを活用した効率的な営業
これまでの成約データを分析した顧客アプローチの
仕組みがあり、お客様と出会いやすい環境です。

✅ 建てて終わりではない関係づくり
建設後の賃貸管理も担当するため、オーナー様との
関係が続き、新築ニーズにつながることもあります。

＝＝＝＝＝＝＝＝＝＝＝＝＝＝＝
【✧お仕事の内容✧】

■ 土地活用提案
土地を所有するオーナー様（既存のオーナー経営者や
資産家の方、建替を検討されている方など）に、
レオパレスを中心とした土地活用提案を行います。

■ ヒアリング
レオパレスの運用における困りごとや不安を
ヒアリングし、商談につなげます。

■ 商談同行
建替提案の商談にはマネージャーや先輩が同行します。

＝＝＝＝＝＝＝＝＝＝＝＝＝＝＝
【✔働き方✔】

✔ 09:00〜18:00（夜間勤務なし）
✔ 月間平均残業時間20時間以下
✔ シフト制／年間休日123日
（完全週休二日制、夏期6日、年末年始9日）
✔ 必須：普通自動車運転免許

学歴・職種は不問です。
まずはお気軽にご応募ください。

案件No：2830","《✼この仕事の4つの特徴✼》

✅ ① 商談は同行制、一人で抱えない
建替提案の商談には必ずマネージャーや先輩が同行します。
知識やスキルは、同行を重ねながら身につけていける環境です。

✅ ② 学歴・職種不問
必須なのは普通自動車運転免許のみ。
誠実な立ち居振る舞いや傾聴力を面接で確認します。

✅ ③ データを活用した効率的な営業
これまでの成約データを分析した顧客アプローチの仕組みがあり、
レオパレスをご検討のお客様と出会いやすい環境です。

✅ ④ 建てて終わりではない関係づくり
建設後の賃貸管理も担当するため、オーナー様との接点が続き、
新築ニーズにつながることもあります。

＝＝＝＝＝＝＝＝＝＝＝＝＝＝＝
《✼待遇もしっかり✼》

✔ 想定年収509万円〜811万円
（上限はインセンティブ含む、20時間分の残業代込み）
✔ インセンティブ平均147万円／棟（今期第1四半期実績）
✔ 昇給年1回（4月）、賞与年2回（7月・12月、評価と業績により変動）
✔ 通勤手当（上限150,000円／月）
✔ 有給休暇（入社半年経過時点10日、最高付与日数20日）
✔ 資格取得支援制度・資格手当
✔ 寮・社宅あり（単身者向け、自己負担3万円〜）
✔ 社員持株会・確定拠出年金・厚生年金基金
✔ リターン雇用制度（退職後に時間を調整しながら働ける制度）"
270,2829,株式会社レオパレス21,未経験歓迎｜土地活用提案営業｜福岡市,月給28.2万円〜◎未経験歓迎の土地活用提案／先輩同行で安心,"✦・━━━━━━━━━━━━━━━・✦
＼福岡県福岡市で募集中／
「建てて終わり」ではない、土地活用提案。
未経験から知識を身につける◎
✦・━━━━━━━━━━━━━━━・✦

「営業経験がないと厳しいのでは？」

提案型の営業経験がなくても大丈夫。
商談には必ず先輩やマネージャーが同行するので、
一人で抱え込む場面はありません。

＝＝＝＝＝＝＝＝＝＝＝＝＝＝＝
【✨この仕事の魅力✨】

✅ 商談は同行制で安心
建替提案の商談には必ずマネージャーや
先輩が同行します。

✅ データを活用した効率的な営業
これまでの成約データを分析し、レオパレスを
ご検討のお客様と出会いやすい仕組みがあります。

✅ 提案後もつながる関係
建設後の賃貸管理も担当するため、オーナー様との
接点が続き、新築ニーズにつながることもあります。

＝＝＝＝＝＝＝＝＝＝＝＝＝＝＝
【✧お仕事の内容✧】

■ 土地活用提案
土地を所有するオーナー様（経営者や資産家の方、
建替を検討されている方など）へ、レオパレスを
中心とした土地活用提案を行います。

■ ヒアリング・商談
レオパレスの運用での困りごとや不安をヒアリングし、
建替提案の商談につなげます。

■ 商談同行
必ずマネージャーや先輩が同行するため、知識を
付けながら自信を持って提案できます。

＝＝＝＝＝＝＝＝＝＝＝＝＝＝＝
【✔働き方✔】

✔ 09:00〜18:00（夜間勤務なし）
✔ 月間平均残業時間20時間以下
✔ シフト制／年間休日123日
（完全週休二日制、夏期6日、年末年始9日）
✔ 必須：普通自動車運転免許

学歴・職種は不問です。
まずはお気軽にご応募ください。

案件No：2829","《✼この仕事の4つの特徴✼》

✅ ① 商談は同行制、一人で抱えない
建替提案の商談には必ずマネージャーや先輩が同行します。
知識やスキルは、同行を重ねながら身につけていける環境です。

✅ ② 学歴・職種不問
必須なのは普通自動車運転免許のみ。
誠実な立ち居振る舞いや傾聴力を面接で確認します。

✅ ③ データを活用した効率的な営業
これまでの成約データを分析した顧客アプローチの仕組みがあり、
レオパレスをご検討のお客様と出会いやすい環境です。

✅ ④ 建てて終わりではない関係づくり
建設後の賃貸管理も担当するため、オーナー様との接点が続き、
新築ニーズにつながることもあります。

＝＝＝＝＝＝＝＝＝＝＝＝＝＝＝
《✼待遇もしっかり✼》

✔ 想定年収509万円〜811万円
（上限はインセンティブ含む、20時間分の残業代込み）
✔ インセンティブ平均147万円／棟（今期第1四半期実績）
✔ 昇給年1回（4月）、賞与年2回（7月・12月、評価と業績により変動）
✔ 通勤手当（上限150,000円／月）
✔ 有給休暇（入社半年経過時点10日、最高付与日数20日）
✔ 資格取得支援制度・資格手当
✔ 寮・社宅あり（単身者向け、自己負担3万円〜）
✔ 社員持株会・確定拠出年金・厚生年金基金
✔ リターン雇用制度（退職後に時間を調整しながら働ける制度）"
271,2828,株式会社レオパレス21,未経験歓迎｜土地活用提案営業｜大阪市,月給28.2万円〜◎未経験歓迎の土地活用提案／先輩同行で安心,"✦・━━━━━━━━━━━━━━━・✦
＼大阪府大阪市で募集中／
オーナー様の資産を、次の世代へつなぐ提案を。
未経験から始める土地活用提案営業◎
✦・━━━━━━━━━━━━━━━・✦

「不動産の知識がないと難しいのでは？」

そう感じる方も多いですが、建替提案の商談には
必ず先輩やマネージャーが同行します。
知識は、同行を重ねながら少しずつ身につけていけます。

＝＝＝＝＝＝＝＝＝＝＝＝＝＝＝
【✨この仕事の魅力✨】

✅ 商談は先輩・マネージャーと同行
建替提案の商談には必ず同行者がつくため、
一人で判断する場面はありません。

✅ データを活用した効率的な営業
これまでの成約データを分析した顧客アプローチの
仕組みがあり、お客様と出会いやすい環境です。

✅ 建てて終わりではない関係づくり
建設後の賃貸管理も担当するため、オーナー様との
関係が続き、新築ニーズにつながることもあります。

＝＝＝＝＝＝＝＝＝＝＝＝＝＝＝
【✧お仕事の内容✧】

■ 土地活用提案
土地を所有するオーナー様（既存のオーナー経営者や
資産家の方、建替を検討されている方など）に、
レオパレスを中心とした土地活用提案を行います。

■ ヒアリング
レオパレスの運用における困りごとや不安を
ヒアリングし、商談につなげます。

■ 商談同行
建替提案の商談にはマネージャーや先輩が同行します。

＝＝＝＝＝＝＝＝＝＝＝＝＝＝＝
【✔働き方✔】

✔ 09:00〜18:00（夜間勤務なし）
✔ 月間平均残業時間20時間以下
✔ シフト制／年間休日123日
（完全週休二日制、夏期6日、年末年始9日）
✔ 必須：普通自動車運転免許

学歴・職種は不問です。
まずはお気軽にご応募ください。

案件No：2828","《✼この仕事の4つの特徴✼》

✅ ① 商談は同行制、一人で抱えない
建替提案の商談には必ずマネージャーや先輩が同行します。
知識やスキルは、同行を重ねながら身につけていける環境です。

✅ ② 学歴・職種不問
必須なのは普通自動車運転免許のみ。
誠実な立ち居振る舞いや傾聴力を面接で確認します。

✅ ③ データを活用した効率的な営業
これまでの成約データを分析した顧客アプローチの仕組みがあり、
レオパレスをご検討のお客様と出会いやすい環境です。

✅ ④ 建てて終わりではない関係づくり
建設後の賃貸管理も担当するため、オーナー様との接点が続き、
新築ニーズにつながることもあります。

＝＝＝＝＝＝＝＝＝＝＝＝＝＝＝
《✼待遇もしっかり✼》

✔ 想定年収509万円〜811万円
（上限はインセンティブ含む、20時間分の残業代込み）
✔ インセンティブ平均147万円／棟（今期第1四半期実績）
✔ 昇給年1回（4月）、賞与年2回（7月・12月、評価と業績により変動）
✔ 通勤手当（上限150,000円／月）
✔ 有給休暇（入社半年経過時点10日、最高付与日数20日）
✔ 資格取得支援制度・資格手当
✔ 寮・社宅あり（単身者向け、自己負担3万円〜）
✔ 社員持株会・確定拠出年金・厚生年金基金
✔ リターン雇用制度（退職後に時間を調整しながら働ける制度）"
272,2827,株式会社レオパレス21,未経験歓迎｜土地活用提案営業｜名古屋市,月給28.2万円〜◎未経験歓迎の土地活用提案／先輩同行で安心,"✦・━━━━━━━━━━━━━━━・✦
＼愛知県名古屋市で募集中／
「建てて終わり」ではない、土地活用提案。
未経験から知識を身につける◎
✦・━━━━━━━━━━━━━━━・✦

「営業経験がないと厳しいのでは？」

提案型の営業経験がなくても大丈夫。
商談には必ず先輩やマネージャーが同行するので、
一人で抱え込む場面はありません。

＝＝＝＝＝＝＝＝＝＝＝＝＝＝＝
【✨この仕事の魅力✨】

✅ 商談は同行制で安心
建替提案の商談には必ずマネージャーや
先輩が同行します。

✅ データを活用した効率的な営業
これまでの成約データを分析し、レオパレスを
ご検討のお客様と出会いやすい仕組みがあります。

✅ 提案後もつながる関係
建設後の賃貸管理も担当するため、オーナー様との
接点が続き、新築ニーズにつながることもあります。

＝＝＝＝＝＝＝＝＝＝＝＝＝＝＝
【✧お仕事の内容✧】

■ 土地活用提案
土地を所有するオーナー様（経営者や資産家の方、
建替を検討されている方など）へ、レオパレスを
中心とした土地活用提案を行います。

■ ヒアリング・商談
レオパレスの運用での困りごとや不安をヒアリングし、
建替提案の商談につなげます。

■ 商談同行
必ずマネージャーや先輩が同行するため、知識を
付けながら自信を持って提案できます。

＝＝＝＝＝＝＝＝＝＝＝＝＝＝＝
【✔働き方✔】

✔ 09:00〜18:00（夜間勤務なし）
✔ 月間平均残業時間20時間以下
✔ シフト制／年間休日123日
（完全週休二日制、夏期6日、年末年始9日）
✔ 必須：普通自動車運転免許

学歴・職種は不問です。
まずはお気軽にご応募ください。

案件No：2827","《✼この仕事の4つの特徴✼》

✅ ① 商談は同行制、一人で抱えない
建替提案の商談には必ずマネージャーや先輩が同行します。
知識やスキルは、同行を重ねながら身につけていける環境です。

✅ ② 学歴・職種不問
必須なのは普通自動車運転免許のみ。
誠実な立ち居振る舞いや傾聴力を面接で確認します。

✅ ③ データを活用した効率的な営業
これまでの成約データを分析した顧客アプローチの仕組みがあり、
レオパレスをご検討のお客様と出会いやすい環境です。

✅ ④ 建てて終わりではない関係づくり
建設後の賃貸管理も担当するため、オーナー様との接点が続き、
新築ニーズにつながることもあります。

＝＝＝＝＝＝＝＝＝＝＝＝＝＝＝
《✼待遇もしっかり✼》

✔ 想定年収509万円〜811万円
（上限はインセンティブ含む、20時間分の残業代込み）
✔ インセンティブ平均147万円／棟（今期第1四半期実績）
✔ 昇給年1回（4月）、賞与年2回（7月・12月、評価と業績により変動）
✔ 通勤手当（上限150,000円／月）
✔ 有給休暇（入社半年経過時点10日、最高付与日数20日）
✔ 資格取得支援制度・資格手当
✔ 寮・社宅あり（単身者向け、自己負担3万円〜）
✔ 社員持株会・確定拠出年金・厚生年金基金
✔ リターン雇用制度（退職後に時間を調整しながら働ける制度）"
273,2826,株式会社レオパレス21,未経験歓迎｜土地活用提案営業｜横浜市,月給28.2万円〜◎未経験歓迎の土地活用提案／先輩同行で安心,"✦・━━━━━━━━━━━━━━━・✦
＼神奈川県横浜市で募集中／
オーナー様の資産を、次の世代へつなぐ提案を。
未経験から始める土地活用提案営業◎
✦・━━━━━━━━━━━━━━━・✦

「不動産の知識がないと難しいのでは？」

そう感じる方も多いですが、建替提案の商談には
必ず先輩やマネージャーが同行します。
知識は、同行を重ねながら少しずつ身につけていけます。

＝＝＝＝＝＝＝＝＝＝＝＝＝＝＝
【✨この仕事の魅力✨】

✅ 商談は先輩・マネージャーと同行
建替提案の商談には必ず同行者がつくため、
一人で判断する場面はありません。

✅ データを活用した効率的な営業
これまでの成約データを分析した顧客アプローチの
仕組みがあり、お客様と出会いやすい環境です。

✅ 建てて終わりではない関係づくり
建設後の賃貸管理も担当するため、オーナー様との
関係が続き、新築ニーズにつながることもあります。

＝＝＝＝＝＝＝＝＝＝＝＝＝＝＝
【✧お仕事の内容✧】

■ 土地活用提案
土地を所有するオーナー様（既存のオーナー経営者や
資産家の方、建替を検討されている方など）に、
レオパレスを中心とした土地活用提案を行います。

■ ヒアリング
レオパレスの運用における困りごとや不安を
ヒアリングし、商談につなげます。

■ 商談同行
建替提案の商談にはマネージャーや先輩が同行します。

＝＝＝＝＝＝＝＝＝＝＝＝＝＝＝
【✔働き方✔】

✔ 09:00〜18:00（夜間勤務なし）
✔ 月間平均残業時間20時間以下
✔ シフト制／年間休日123日
（完全週休二日制、夏期6日、年末年始9日）
✔ 必須：普通自動車運転免許

学歴・職種は不問です。
まずはお気軽にご応募ください。

案件No：2826","《✼この仕事の4つの特徴✼》

✅ ① 商談は同行制、一人で抱えない
建替提案の商談には必ずマネージャーや先輩が同行します。
知識やスキルは、同行を重ねながら身につけていける環境です。

✅ ② 学歴・職種不問
必須なのは普通自動車運転免許のみ。
誠実な立ち居振る舞いや傾聴力を面接で確認します。

✅ ③ データを活用した効率的な営業
これまでの成約データを分析した顧客アプローチの仕組みがあり、
レオパレスをご検討のお客様と出会いやすい環境です。

✅ ④ 建てて終わりではない関係づくり
建設後の賃貸管理も担当するため、オーナー様との接点が続き、
新築ニーズにつながることもあります。

＝＝＝＝＝＝＝＝＝＝＝＝＝＝＝
《✼待遇もしっかり✼》

✔ 想定年収509万円〜811万円
（上限はインセンティブ含む、20時間分の残業代込み）
✔ インセンティブ平均147万円／棟（今期第1四半期実績）
✔ 昇給年1回（4月）、賞与年2回（7月・12月、評価と業績により変動）
✔ 通勤手当（上限150,000円／月）
✔ 有給休暇（入社半年経過時点10日、最高付与日数20日）
✔ 資格取得支援制度・資格手当
✔ 寮・社宅あり（単身者向け、自己負担3万円〜）
✔ 社員持株会・確定拠出年金・厚生年金基金
✔ リターン雇用制度（退職後に時間を調整しながら働ける制度）"
274,2825,株式会社レオパレス21,未経験歓迎｜土地活用提案営業｜立川市,月給28.2万円〜◎未経験歓迎の土地活用提案／先輩同行で安心,"✦・━━━━━━━━━━━━━━━・✦
＼東京都立川市で募集中／
「建てて終わり」ではない、土地活用提案。
未経験から知識を身につける◎
✦・━━━━━━━━━━━━━━━・✦

「営業経験がないと厳しいのでは？」

提案型の営業経験がなくても大丈夫。
商談には必ず先輩やマネージャーが同行するので、
一人で抱え込む場面はありません。

＝＝＝＝＝＝＝＝＝＝＝＝＝＝＝
【✨この仕事の魅力✨】

✅ 商談は同行制で安心
建替提案の商談には必ずマネージャーや
先輩が同行します。

✅ データを活用した効率的な営業
これまでの成約データを分析し、レオパレスを
ご検討のお客様と出会いやすい仕組みがあります。

✅ 提案後もつながる関係
建設後の賃貸管理も担当するため、オーナー様との
接点が続き、新築ニーズにつながることもあります。

＝＝＝＝＝＝＝＝＝＝＝＝＝＝＝
【✧お仕事の内容✧】

■ 土地活用提案
土地を所有するオーナー様（経営者や資産家の方、
建替を検討されている方など）へ、レオパレスを
中心とした土地活用提案を行います。

■ ヒアリング・商談
レオパレスの運用での困りごとや不安をヒアリングし、
建替提案の商談につなげます。

■ 商談同行
必ずマネージャーや先輩が同行するため、知識を
付けながら自信を持って提案できます。

＝＝＝＝＝＝＝＝＝＝＝＝＝＝＝
【✔働き方✔】

✔ 09:00〜18:00（夜間勤務なし）
✔ 月間平均残業時間20時間以下
✔ シフト制／年間休日123日
（完全週休二日制、夏期6日、年末年始9日）
✔ 必須：普通自動車運転免許

学歴・職種は不問です。
まずはお気軽にご応募ください。

案件No：2825","《✼この仕事の4つの特徴✼》

✅ ① 商談は同行制、一人で抱えない
建替提案の商談には必ずマネージャーや先輩が同行します。
知識やスキルは、同行を重ねながら身につけていける環境です。

✅ ② 学歴・職種不問
必須なのは普通自動車運転免許のみ。
誠実な立ち居振る舞いや傾聴力を面接で確認します。

✅ ③ データを活用した効率的な営業
これまでの成約データを分析した顧客アプローチの仕組みがあり、
レオパレスをご検討のお客様と出会いやすい環境です。

✅ ④ 建てて終わりではない関係づくり
建設後の賃貸管理も担当するため、オーナー様との接点が続き、
新築ニーズにつながることもあります。

＝＝＝＝＝＝＝＝＝＝＝＝＝＝＝
《✼待遇もしっかり✼》

✔ 想定年収509万円〜811万円
（上限はインセンティブ含む、20時間分の残業代込み）
✔ インセンティブ平均147万円／棟（今期第1四半期実績）
✔ 昇給年1回（4月）、賞与年2回（7月・12月、評価と業績により変動）
✔ 通勤手当（上限150,000円／月）
✔ 有給休暇（入社半年経過時点10日、最高付与日数20日）
✔ 資格取得支援制度・資格手当
✔ 寮・社宅あり（単身者向け、自己負担3万円〜）
✔ 社員持株会・確定拠出年金・厚生年金基金
✔ リターン雇用制度（退職後に時間を調整しながら働ける制度）"
275,2824,株式会社レオパレス21,未経験歓迎｜土地活用提案営業｜船橋市,月給28.2万円〜◎未経験歓迎の土地活用提案／先輩同行で安心,"✦・━━━━━━━━━━━━━━━・✦
＼千葉県船橋市で募集中／
オーナー様の資産を、次の世代へつなぐ提案を。
未経験から始める土地活用提案営業◎
✦・━━━━━━━━━━━━━━━・✦

「不動産の知識がないと難しいのでは？」

そう感じる方も多いですが、建替提案の商談には
必ず先輩やマネージャーが同行します。
知識は、同行を重ねながら少しずつ身につけていけます。

＝＝＝＝＝＝＝＝＝＝＝＝＝＝＝
【✨この仕事の魅力✨】

✅ 商談は先輩・マネージャーと同行
建替提案の商談には必ず同行者がつくため、
一人で判断する場面はありません。

✅ データを活用した効率的な営業
これまでの成約データを分析した顧客アプローチの
仕組みがあり、お客様と出会いやすい環境です。

✅ 建てて終わりではない関係づくり
建設後の賃貸管理も担当するため、オーナー様との
関係が続き、新築ニーズにつながることもあります。

＝＝＝＝＝＝＝＝＝＝＝＝＝＝＝
【✧お仕事の内容✧】

■ 土地活用提案
土地を所有するオーナー様（既存のオーナー経営者や
資産家の方、建替を検討されている方など）に、
レオパレスを中心とした土地活用提案を行います。

■ ヒアリング
レオパレスの運用における困りごとや不安を
ヒアリングし、商談につなげます。

■ 商談同行
建替提案の商談にはマネージャーや先輩が同行します。

＝＝＝＝＝＝＝＝＝＝＝＝＝＝＝
【✔働き方✔】

✔ 09:00〜18:00（夜間勤務なし）
✔ 月間平均残業時間20時間以下
✔ シフト制／年間休日123日
（完全週休二日制、夏期6日、年末年始9日）
✔ 必須：普通自動車運転免許

学歴・職種は不問です。
まずはお気軽にご応募ください。

案件No：2824","《✼この仕事の4つの特徴✼》

✅ ① 商談は同行制、一人で抱えない
建替提案の商談には必ずマネージャーや先輩が同行します。
知識やスキルは、同行を重ねながら身につけていける環境です。

✅ ② 学歴・職種不問
必須なのは普通自動車運転免許のみ。
誠実な立ち居振る舞いや傾聴力を面接で確認します。

✅ ③ データを活用した効率的な営業
これまでの成約データを分析した顧客アプローチの仕組みがあり、
レオパレスをご検討のお客様と出会いやすい環境です。

✅ ④ 建てて終わりではない関係づくり
建設後の賃貸管理も担当するため、オーナー様との接点が続き、
新築ニーズにつながることもあります。

＝＝＝＝＝＝＝＝＝＝＝＝＝＝＝
《✼待遇もしっかり✼》

✔ 想定年収509万円〜811万円
（上限はインセンティブ含む、20時間分の残業代込み）
✔ インセンティブ平均147万円／棟（今期第1四半期実績）
✔ 昇給年1回（4月）、賞与年2回（7月・12月、評価と業績により変動）
✔ 通勤手当（上限150,000円／月）
✔ 有給休暇（入社半年経過時点10日、最高付与日数20日）
✔ 資格取得支援制度・資格手当
✔ 寮・社宅あり（単身者向け、自己負担3万円〜）
✔ 社員持株会・確定拠出年金・厚生年金基金
✔ リターン雇用制度（退職後に時間を調整しながら働ける制度）"
276,2823,株式会社レオパレス21,未経験歓迎｜土地活用提案営業｜さいたま市,月給28.2万円〜◎未経験歓迎の土地活用提案／先輩同行で安心,"✦・━━━━━━━━━━━━━━━・✦
＼埼玉県さいたま市で募集中／
「建てて終わり」ではない、土地活用提案。
未経験から知識を身につける◎
✦・━━━━━━━━━━━━━━━・✦

「営業経験がないと厳しいのでは？」

提案型の営業経験がなくても大丈夫。
商談には必ず先輩やマネージャーが同行するので、
一人で抱え込む場面はありません。

＝＝＝＝＝＝＝＝＝＝＝＝＝＝＝
【✨この仕事の魅力✨】

✅ 商談は同行制で安心
建替提案の商談には必ずマネージャーや
先輩が同行します。

✅ データを活用した効率的な営業
これまでの成約データを分析し、レオパレスを
ご検討のお客様と出会いやすい仕組みがあります。

✅ 提案後もつながる関係
建設後の賃貸管理も担当するため、オーナー様との
接点が続き、新築ニーズにつながることもあります。

＝＝＝＝＝＝＝＝＝＝＝＝＝＝＝
【✧お仕事の内容✧】

■ 土地活用提案
土地を所有するオーナー様（経営者や資産家の方、
建替を検討されている方など）へ、レオパレスを
中心とした土地活用提案を行います。

■ ヒアリング・商談
レオパレスの運用での困りごとや不安をヒアリングし、
建替提案の商談につなげます。

■ 商談同行
必ずマネージャーや先輩が同行するため、知識を
付けながら自信を持って提案できます。

＝＝＝＝＝＝＝＝＝＝＝＝＝＝＝
【✔働き方✔】

✔ 09:00〜18:00（夜間勤務なし）
✔ 月間平均残業時間20時間以下
✔ シフト制／年間休日123日
（完全週休二日制、夏期6日、年末年始9日）
✔ 必須：普通自動車運転免許

学歴・職種は不問です。
まずはお気軽にご応募ください。

案件No：2823","《✼この仕事の4つの特徴✼》

✅ ① 商談は同行制、一人で抱えない
建替提案の商談には必ずマネージャーや先輩が同行します。
知識やスキルは、同行を重ねながら身につけていける環境です。

✅ ② 学歴・職種不問
必須なのは普通自動車運転免許のみ。
誠実な立ち居振る舞いや傾聴力を面接で確認します。

✅ ③ データを活用した効率的な営業
これまでの成約データを分析した顧客アプローチの仕組みがあり、
レオパレスをご検討のお客様と出会いやすい環境です。

✅ ④ 建てて終わりではない関係づくり
建設後の賃貸管理も担当するため、オーナー様との接点が続き、
新築ニーズにつながることもあります。

＝＝＝＝＝＝＝＝＝＝＝＝＝＝＝
《✼待遇もしっかり✼》

✔ 想定年収509万円〜811万円
（上限はインセンティブ含む、20時間分の残業代込み）
✔ インセンティブ平均147万円／棟（今期第1四半期実績）
✔ 昇給年1回（4月）、賞与年2回（7月・12月、評価と業績により変動）
✔ 通勤手当（上限150,000円／月）
✔ 有給休暇（入社半年経過時点10日、最高付与日数20日）
✔ 資格取得支援制度・資格手当
✔ 寮・社宅あり（単身者向け、自己負担3万円〜）
✔ 社員持株会・確定拠出年金・厚生年金基金
✔ リターン雇用制度（退職後に時間を調整しながら働ける制度）"
277,1915,株式会社グリーンエナジー・プラス,未経験OK｜土地活用の用地仕入れ営業,月給22.8万円〜◎未経験から始める用地仕入れ営業,"✦・━━━━━━━━━━━━━━━・✦
＼東京都港区で募集中／
再生可能エネルギーの成長市場で、
「土地」を価値に変える仕事。
✦・━━━━━━━━━━━━━━━・✦

「営業経験がないと難しいのでは？」

そう思う方もご安心ください。
提案の型は、入社後に身につきます。

＝＝＝＝＝＝＝＝＝＝＝＝＝＝＝
【✧お仕事の流れ✧】

■ ① 土地情報の収集
■ ② 土地価値・収益性の確認
■ ③ 用地活用の提案
■ ④ 条件交渉・調整
■ ⑤ 契約手続き・引き渡し対応

この5ステップを一件ずつ重ねていく仕事です。

＝＝＝＝＝＝＝＝＝＝＝＝＝＝＝
【✨この仕事の魅力✨】

✅ 成長市場のGX領域
再生可能エネルギーという伸びている分野で、
土地活用の提案という仕事に携われます。

✅ 未経験からのキャリアアップ
事業拡大フェーズのため、主体的に取り組むほど
早期の成長・キャリアアップが見込めます。

✅ 転勤なし
就業場所の変更はなく、転居を伴う転勤もありません。

＝＝＝＝＝＝＝＝＝＝＝＝＝＝＝
【✔働き方✔】

✔ 09:00〜18:00（実働8時間／休憩60分）
✔ 完全週休2日制（土日祝休み）
✔ 年間休日120日
✔ 月給22.8万円〜35.1万円（賞与年2回・昇給年1回）

まずはお気軽にご応募ください。

案件No：1915","《✼ここで働く3つの特徴✼》

✅ ① 成長市場のGX領域で働ける
再生可能エネルギーという成長市場で、
土地活用の提案という仕事に携われます。

✅ ② 頑張りが年収に反映される
想定年収460.3万円〜。
賞与は年2回、昇給は年1回です。

✅ ③ 転勤なし
就業場所の変更はなく、転居を伴う転勤もありません。
ワークライフバランスを保ちながら働けます。

＝＝＝＝＝＝＝＝＝＝＝＝＝＝＝
《✼待遇もしっかり✼》

✔ 完全週休2日制（土日祝休み）・年間休日120日
✔ 交通費支給
✔ 社会保険完備（健康保険・厚生年金・雇用保険・労災保険）
✔ 持株会制度・企業型確定拠出年金制度
✔ 社宅・寮、退職金制度、資格手当
✔ 自社製品の社員割引、健康診断
✔ 各種研修制度完備"
278,558,タマホーム株式会社,業界未経験OK｜住宅営業｜四日市市,月給21.9万円〜◎賞与年2回・インセン制度あり♪,"✦・━━━━━━━━━━━━━━━・✦
＼三重県四日市市で募集中／
モデルハウスから始める、注文住宅の営業。
未経験の業界でも、経験を活かして挑戦◎
✦・━━━━━━━━━━━━━━━・✦

「不動産は未経験だけど、営業や接客の経験はある」
そんな方が、住宅業界に活躍の場を広げています。

＝＝＝＝＝＝＝＝＝＝＝＝＝＝＝
【✧お仕事の内容✧】

■ 顧客アプローチ・ヒアリング
モデルハウスに来場されたお客様への
ヒアリングと注文住宅プランの提案・作成

■ 調査・提案・競合分析
敷地調査、ローン提案、競合比較を行い、
最適なプランをご提供

■ 進行管理
ご契約後の着工・上棟・完成・引き渡しまでの
進行管理

＝＝＝＝＝＝＝＝＝＝＝＝＝＝＝
【✨この仕事の魅力✨】

✅ インセンティブがしっかり反映
営業歩合があり、頑張りが給与に直結します。
賞与は年2回、昇給は年1回です。

✅ キャリアパスが明確
一般職→主任→係長→店長→支店長と、
おおむね2〜3年を目途に昇進していきます。
役職ごとに固定給も加算されます。

✅ 選考はスピーディー
Web面接1回（30分〜1時間程度）で
内定可能です。

＝＝＝＝＝＝＝＝＝＝＝＝＝＝＝
【✔働き方✔】

✔ 9:00〜18:00（実働8時間／休憩60分）
✔ シフト制（月8〜12日休み）
✔ 年間休日120日

まずはお気軽にご応募ください。

案件No：558","《✼ここで働く4つの特徴✼》

✅ ① 頑張りが給与に反映される
営業歩合とインセンティブ制度があり、
賞与は年2回、昇給は年1回です。
役職が上がるごとに固定給も加算されます。

✅ ② 明確なキャリアパス
一般職→主任→係長→店長→支店長。
おおむね2〜3年を目途に昇進します。
（年収例：主任3年目1,284万円／店長8年目2,083万円／支店長13年目2,369万円）

✅ ③ 業界未経験でも挑戦できる
必要なのは何らかの営業経験1年以上（業界問わず）、
または正社員での販売経験（目安1年）。
既卒・第二新卒も歓迎です。

✅ ④ 選考はWeb面接1回
30分〜1時間程度のWeb面接1回で内定可能です。
入社後は各種研修制度も整っています。

＝＝＝＝＝＝＝＝＝＝＝＝＝＝＝
《✼待遇もしっかり✼》

✔ 社会保険完備（健康保険・厚生年金・雇用保険・労災保険）
✔ 確定拠出年金・選択制確定給付企業年金制度
✔ 財形貯蓄制度・従業員持株会
✔ 住宅取得補助制度・住宅手当
✔ 交通費支給・出産祝金・資格取得祝金
✔ 年間休日120日（休暇制度：年末年始休暇・お盆休暇・有給休暇・
慶弔休暇・アニバーサリー休暇・リフレッシュ休暇など）"
279,2055,タマホーム株式会社,業界未経験OK｜住宅営業｜津市,月給21.9万円〜◎賞与年2回・インセン制度あり♪,"✦・━━━━━━━━━━━━━━━・✦
＼三重県津市で募集中／
「営業経験を、住宅業界で活かす」
注文住宅の提案営業◎
✦・━━━━━━━━━━━━━━━・✦

法人でも個人でも、業界は問いません。
何らかの営業経験、または販売経験があれば
新しいフィールドに挑戦できます。

＝＝＝＝＝＝＝＝＝＝＝＝＝＝＝
【✨この仕事の魅力✨】

✅ キャリアパスが明確
一般職→主任→係長→店長→支店長。
おおむね2〜3年を目途に昇進し、
役職ごとに固定給も加算されます。

✅ インセンティブがしっかり反映
営業歩合があり、賞与は年2回、
昇給は年1回です。

✅ 選考はスピーディー
Web面接1回（30分〜1時間程度）で
内定可能です。

＝＝＝＝＝＝＝＝＝＝＝＝＝＝＝
【✧お仕事の内容✧】

■ 顧客アプローチ・ヒアリング
モデルハウスに来場されたお客様への
ヒアリングと注文住宅プランの提案・作成

■ 調査・提案・競合分析
敷地調査、ローン提案、競合比較を行い、
最適なプランをご提供

■ 進行管理
ご契約後の着工・上棟・完成・引き渡しまでの
進行管理

＝＝＝＝＝＝＝＝＝＝＝＝＝＝＝
【✔働き方✔】

✔ 9:00〜18:00（実働8時間／休憩60分）
✔ シフト制（月8〜12日休み）
✔ 年間休日120日

まずはお気軽にご応募ください。

案件No：2055","《✼ここで働く4つの特徴✼》

✅ ① 頑張りが給与に反映される
営業歩合とインセンティブ制度があり、
賞与は年2回、昇給は年1回です。
役職が上がるごとに固定給も加算されます。

✅ ② 明確なキャリアパス
一般職→主任→係長→店長→支店長。
おおむね2〜3年を目途に昇進します。
（年収例：主任3年目1,284万円／店長8年目2,083万円／支店長13年目2,369万円）

✅ ③ 業界未経験でも挑戦できる
必要なのは何らかの営業経験1年以上（業界問わず）、
または正社員での販売経験（目安1年）。
既卒・第二新卒も歓迎です。

✅ ④ 選考はWeb面接1回
30分〜1時間程度のWeb面接1回で内定可能です。
入社後は各種研修制度も整っています。

＝＝＝＝＝＝＝＝＝＝＝＝＝＝＝
《✼待遇もしっかり✼》

✔ 社会保険完備（健康保険・厚生年金・雇用保険・労災保険）
✔ 確定拠出年金・選択制確定給付企業年金制度
✔ 財形貯蓄制度・従業員持株会
✔ 住宅取得補助制度・住宅手当
✔ 交通費支給・出産祝金・資格取得祝金
✔ 年間休日120日（休暇制度：年末年始休暇・お盆休暇・有給休暇・
慶弔休暇・アニバーサリー休暇・リフレッシュ休暇など）"
280,559,タマホーム株式会社,業界未経験OK｜住宅営業｜北九州市八幡西区,月給21.9万円〜◎賞与年2回・インセン制度あり♪,"✦・━━━━━━━━━━━━━━━・✦
＼福岡県北九州市八幡西区で募集中／
モデルハウスでの接客から始める
注文住宅の営業職
✦・━━━━━━━━━━━━━━━・✦

「不動産は未経験だけど、人と話すのは得意」
そんな営業・販売経験を活かせる仕事です。

＝＝＝＝＝＝＝＝＝＝＝＝＝＝＝
【✧お仕事の内容✧】

■ 顧客アプローチ・ヒアリング
モデルハウスに来場されたお客様への
ヒアリングと注文住宅プランの提案・作成

■ 調査・提案・競合分析
敷地調査、ローン提案、競合比較を行い、
最適なプランをご提供

■ 進行管理
ご契約後の着工・上棟・完成・引き渡しまでの
進行管理

＝＝＝＝＝＝＝＝＝＝＝＝＝＝＝
【✨働きやすいポイント✨】

✔ 年間休日120日
✔ シフト制（月8〜12日休み）
✔ 9:00〜18:00（実働8時間／休憩60分）
✔ 社会保険完備・住宅手当・資格取得祝金あり

＝＝＝＝＝＝＝＝＝＝＝＝＝＝＝
【✨ここが強み✨】

✅ 賞与年2回・昇給年1回
✅ 営業歩合でインセンティブ還元
✅ 一般職→主任→係長→店長→支店長の
　昇進ルートが明確

まずはお気軽にご応募ください。

案件No：559","《✼ここで働く4つの特徴✼》

✅ ① 頑張りが給与に反映される
営業歩合とインセンティブ制度があり、
賞与は年2回、昇給は年1回です。
役職が上がるごとに固定給も加算されます。

✅ ② 明確なキャリアパス
一般職→主任→係長→店長→支店長。
おおむね2〜3年を目途に昇進します。
（年収例：主任3年目1,284万円／店長8年目2,083万円／支店長13年目2,369万円）

✅ ③ 業界未経験でも挑戦できる
必要なのは何らかの営業経験1年以上（業界問わず）、
または正社員での販売経験（目安1年）。
既卒・第二新卒も歓迎です。

✅ ④ 選考はWeb面接1回
30分〜1時間程度のWeb面接1回で内定可能です。
入社後は各種研修制度も整っています。

＝＝＝＝＝＝＝＝＝＝＝＝＝＝＝
《✼待遇もしっかり✼》

✔ 社会保険完備（健康保険・厚生年金・雇用保険・労災保険）
✔ 確定拠出年金・選択制確定給付企業年金制度
✔ 財形貯蓄制度・従業員持株会
✔ 住宅取得補助制度・住宅手当
✔ 交通費支給・出産祝金・資格取得祝金
✔ 年間休日120日（休暇制度：年末年始休暇・お盆休暇・有給休暇・
慶弔休暇・アニバーサリー休暇・リフレッシュ休暇など）"
281,1251,タマホーム株式会社,業界未経験OK｜住宅営業｜北九州市小倉南区,月給21.9万円〜◎賞与年2回・インセン制度あり♪,"✦・━━━━━━━━━━━━━━━・✦
＼福岡県北九州市小倉南区で募集中／
モデルハウスから始める、注文住宅の営業。
未経験の業界でも、経験を活かして挑戦◎
✦・━━━━━━━━━━━━━━━・✦

「不動産は未経験だけど、営業や接客の経験はある」
そんな方が、住宅業界に活躍の場を広げています。

＝＝＝＝＝＝＝＝＝＝＝＝＝＝＝
【✧お仕事の内容✧】

■ 顧客アプローチ・ヒアリング
モデルハウスに来場されたお客様への
ヒアリングと注文住宅プランの提案・作成

■ 調査・提案・競合分析
敷地調査、ローン提案、競合比較を行い、
最適なプランをご提供

■ 進行管理
ご契約後の着工・上棟・完成・引き渡しまでの
進行管理

＝＝＝＝＝＝＝＝＝＝＝＝＝＝＝
【✨この仕事の魅力✨】

✅ インセンティブがしっかり反映
営業歩合があり、頑張りが給与に直結します。
賞与は年2回、昇給は年1回です。

✅ キャリアパスが明確
一般職→主任→係長→店長→支店長と、
おおむね2〜3年を目途に昇進していきます。
役職ごとに固定給も加算されます。

✅ 選考はスピーディー
Web面接1回（30分〜1時間程度）で
内定可能です。

＝＝＝＝＝＝＝＝＝＝＝＝＝＝＝
【✔働き方✔】

✔ 9:00〜18:00（実働8時間／休憩60分）
✔ シフト制（月8〜12日休み）
✔ 年間休日120日

まずはお気軽にご応募ください。

案件No：1251","《✼ここで働く4つの特徴✼》

✅ ① 頑張りが給与に反映される
営業歩合とインセンティブ制度があり、
賞与は年2回、昇給は年1回です。
役職が上がるごとに固定給も加算されます。

✅ ② 明確なキャリアパス
一般職→主任→係長→店長→支店長。
おおむね2〜3年を目途に昇進します。
（年収例：主任3年目1,284万円／店長8年目2,083万円／支店長13年目2,369万円）

✅ ③ 業界未経験でも挑戦できる
必要なのは何らかの営業経験1年以上（業界問わず）、
または正社員での販売経験（目安1年）。
既卒・第二新卒も歓迎です。

✅ ④ 選考はWeb面接1回
30分〜1時間程度のWeb面接1回で内定可能です。
入社後は各種研修制度も整っています。

＝＝＝＝＝＝＝＝＝＝＝＝＝＝＝
《✼待遇もしっかり✼》

✔ 社会保険完備（健康保険・厚生年金・雇用保険・労災保険）
✔ 確定拠出年金・選択制確定給付企業年金制度
✔ 財形貯蓄制度・従業員持株会
✔ 住宅取得補助制度・住宅手当
✔ 交通費支給・出産祝金・資格取得祝金
✔ 年間休日120日（休暇制度：年末年始休暇・お盆休暇・有給休暇・
慶弔休暇・アニバーサリー休暇・リフレッシュ休暇など）"
282,21,タマホーム株式会社,業界未経験OK｜住宅営業｜福岡市西区,月給21.9万円〜◎賞与年2回・インセン制度あり♪,"✦・━━━━━━━━━━━━━━━・✦
＼福岡県福岡市西区で募集中／
「営業経験を、住宅業界で活かす」
注文住宅の提案営業◎
✦・━━━━━━━━━━━━━━━・✦

法人でも個人でも、業界は問いません。
何らかの営業経験、または販売経験があれば
新しいフィールドに挑戦できます。

＝＝＝＝＝＝＝＝＝＝＝＝＝＝＝
【✨この仕事の魅力✨】

✅ キャリアパスが明確
一般職→主任→係長→店長→支店長。
おおむね2〜3年を目途に昇進し、
役職ごとに固定給も加算されます。

✅ インセンティブがしっかり反映
営業歩合があり、賞与は年2回、
昇給は年1回です。

✅ 選考はスピーディー
Web面接1回（30分〜1時間程度）で
内定可能です。

＝＝＝＝＝＝＝＝＝＝＝＝＝＝＝
【✧お仕事の内容✧】

■ 顧客アプローチ・ヒアリング
モデルハウスに来場されたお客様への
ヒアリングと注文住宅プランの提案・作成

■ 調査・提案・競合分析
敷地調査、ローン提案、競合比較を行い、
最適なプランをご提供

■ 進行管理
ご契約後の着工・上棟・完成・引き渡しまでの
進行管理

＝＝＝＝＝＝＝＝＝＝＝＝＝＝＝
【✔働き方✔】

✔ 9:00〜18:00（実働8時間／休憩60分）
✔ シフト制（月8〜12日休み）
✔ 年間休日120日

まずはお気軽にご応募ください。

案件No：21","《✼ここで働く4つの特徴✼》

✅ ① 頑張りが給与に反映される
営業歩合とインセンティブ制度があり、
賞与は年2回、昇給は年1回です。
役職が上がるごとに固定給も加算されます。

✅ ② 明確なキャリアパス
一般職→主任→係長→店長→支店長。
おおむね2〜3年を目途に昇進します。
（年収例：主任3年目1,284万円／店長8年目2,083万円／支店長13年目2,369万円）

✅ ③ 業界未経験でも挑戦できる
必要なのは何らかの営業経験1年以上（業界問わず）、
または正社員での販売経験（目安1年）。
既卒・第二新卒も歓迎です。

✅ ④ 選考はWeb面接1回
30分〜1時間程度のWeb面接1回で内定可能です。
入社後は各種研修制度も整っています。

＝＝＝＝＝＝＝＝＝＝＝＝＝＝＝
《✼待遇もしっかり✼》

✔ 社会保険完備（健康保険・厚生年金・雇用保険・労災保険）
✔ 確定拠出年金・選択制確定給付企業年金制度
✔ 財形貯蓄制度・従業員持株会
✔ 住宅取得補助制度・住宅手当
✔ 交通費支給・出産祝金・資格取得祝金
✔ 年間休日120日（休暇制度：年末年始休暇・お盆休暇・有給休暇・
慶弔休暇・アニバーサリー休暇・リフレッシュ休暇など）"
283,1964,タマホーム株式会社,業界未経験OK｜住宅営業｜広島市安佐南区,月給21.9万円〜◎賞与年2回・インセン制度あり♪,"✦・━━━━━━━━━━━━━━━・✦
＼広島県広島市安佐南区で募集中／
モデルハウスでの接客から始める
注文住宅の営業職
✦・━━━━━━━━━━━━━━━・✦

「不動産は未経験だけど、人と話すのは得意」
そんな営業・販売経験を活かせる仕事です。

＝＝＝＝＝＝＝＝＝＝＝＝＝＝＝
【✧お仕事の内容✧】

■ 顧客アプローチ・ヒアリング
モデルハウスに来場されたお客様への
ヒアリングと注文住宅プランの提案・作成

■ 調査・提案・競合分析
敷地調査、ローン提案、競合比較を行い、
最適なプランをご提供

■ 進行管理
ご契約後の着工・上棟・完成・引き渡しまでの
進行管理

＝＝＝＝＝＝＝＝＝＝＝＝＝＝＝
【✨働きやすいポイント✨】

✔ 年間休日120日
✔ シフト制（月8〜12日休み）
✔ 9:00〜18:00（実働8時間／休憩60分）
✔ 社会保険完備・住宅手当・資格取得祝金あり

＝＝＝＝＝＝＝＝＝＝＝＝＝＝＝
【✨ここが強み✨】

✅ 賞与年2回・昇給年1回
✅ 営業歩合でインセンティブ還元
✅ 一般職→主任→係長→店長→支店長の
　昇進ルートが明確

まずはお気軽にご応募ください。

案件No：1964","《✼ここで働く4つの特徴✼》

✅ ① 頑張りが給与に反映される
営業歩合とインセンティブ制度があり、
賞与は年2回、昇給は年1回です。
役職が上がるごとに固定給も加算されます。

✅ ② 明確なキャリアパス
一般職→主任→係長→店長→支店長。
おおむね2〜3年を目途に昇進します。
（年収例：主任3年目1,284万円／店長8年目2,083万円／支店長13年目2,369万円）

✅ ③ 業界未経験でも挑戦できる
必要なのは何らかの営業経験1年以上（業界問わず）、
または正社員での販売経験（目安1年）。
既卒・第二新卒も歓迎です。

✅ ④ 選考はWeb面接1回
30分〜1時間程度のWeb面接1回で内定可能です。
入社後は各種研修制度も整っています。

＝＝＝＝＝＝＝＝＝＝＝＝＝＝＝
《✼待遇もしっかり✼》

✔ 社会保険完備（健康保険・厚生年金・雇用保険・労災保険）
✔ 確定拠出年金・選択制確定給付企業年金制度
✔ 財形貯蓄制度・従業員持株会
✔ 住宅取得補助制度・住宅手当
✔ 交通費支給・出産祝金・資格取得祝金
✔ 年間休日120日（休暇制度：年末年始休暇・お盆休暇・有給休暇・
慶弔休暇・アニバーサリー休暇・リフレッシュ休暇など）"
284,351,タマホーム株式会社,業界未経験OK｜住宅営業｜広島市西区,月給21.9万円〜◎賞与年2回・インセン制度あり♪,"✦・━━━━━━━━━━━━━━━・✦
＼広島県広島市西区で募集中／
モデルハウスから始める、注文住宅の営業。
未経験の業界でも、経験を活かして挑戦◎
✦・━━━━━━━━━━━━━━━・✦

「不動産は未経験だけど、営業や接客の経験はある」
そんな方が、住宅業界に活躍の場を広げています。

＝＝＝＝＝＝＝＝＝＝＝＝＝＝＝
【✧お仕事の内容✧】

■ 顧客アプローチ・ヒアリング
モデルハウスに来場されたお客様への
ヒアリングと注文住宅プランの提案・作成

■ 調査・提案・競合分析
敷地調査、ローン提案、競合比較を行い、
最適なプランをご提供

■ 進行管理
ご契約後の着工・上棟・完成・引き渡しまでの
進行管理

＝＝＝＝＝＝＝＝＝＝＝＝＝＝＝
【✨この仕事の魅力✨】

✅ インセンティブがしっかり反映
営業歩合があり、頑張りが給与に直結します。
賞与は年2回、昇給は年1回です。

✅ キャリアパスが明確
一般職→主任→係長→店長→支店長と、
おおむね2〜3年を目途に昇進していきます。
役職ごとに固定給も加算されます。

✅ 選考はスピーディー
Web面接1回（30分〜1時間程度）で
内定可能です。

＝＝＝＝＝＝＝＝＝＝＝＝＝＝＝
【✔働き方✔】

✔ 9:00〜18:00（実働8時間／休憩60分）
✔ シフト制（月8〜12日休み）
✔ 年間休日120日

まずはお気軽にご応募ください。

案件No：351","《✼ここで働く4つの特徴✼》

✅ ① 頑張りが給与に反映される
営業歩合とインセンティブ制度があり、
賞与は年2回、昇給は年1回です。
役職が上がるごとに固定給も加算されます。

✅ ② 明確なキャリアパス
一般職→主任→係長→店長→支店長。
おおむね2〜3年を目途に昇進します。
（年収例：主任3年目1,284万円／店長8年目2,083万円／支店長13年目2,369万円）

✅ ③ 業界未経験でも挑戦できる
必要なのは何らかの営業経験1年以上（業界問わず）、
または正社員での販売経験（目安1年）。
既卒・第二新卒も歓迎です。

✅ ④ 選考はWeb面接1回
30分〜1時間程度のWeb面接1回で内定可能です。
入社後は各種研修制度も整っています。

＝＝＝＝＝＝＝＝＝＝＝＝＝＝＝
《✼待遇もしっかり✼》

✔ 社会保険完備（健康保険・厚生年金・雇用保険・労災保険）
✔ 確定拠出年金・選択制確定給付企業年金制度
✔ 財形貯蓄制度・従業員持株会
✔ 住宅取得補助制度・住宅手当
✔ 交通費支給・出産祝金・資格取得祝金
✔ 年間休日120日（休暇制度：年末年始休暇・お盆休暇・有給休暇・
慶弔休暇・アニバーサリー休暇・リフレッシュ休暇など）"
285,2730,タマホーム株式会社,業界未経験OK｜住宅営業｜岡山市中区,月給21.9万円〜◎賞与年2回・インセン制度あり♪,"✦・━━━━━━━━━━━━━━━・✦
＼岡山県岡山市中区で募集中／
「営業経験を、住宅業界で活かす」
注文住宅の提案営業◎
✦・━━━━━━━━━━━━━━━・✦

法人でも個人でも、業界は問いません。
何らかの営業経験、または販売経験があれば
新しいフィールドに挑戦できます。

＝＝＝＝＝＝＝＝＝＝＝＝＝＝＝
【✨この仕事の魅力✨】

✅ キャリアパスが明確
一般職→主任→係長→店長→支店長。
おおむね2〜3年を目途に昇進し、
役職ごとに固定給も加算されます。

✅ インセンティブがしっかり反映
営業歩合があり、賞与は年2回、
昇給は年1回です。

✅ 選考はスピーディー
Web面接1回（30分〜1時間程度）で
内定可能です。

＝＝＝＝＝＝＝＝＝＝＝＝＝＝＝
【✧お仕事の内容✧】

■ 顧客アプローチ・ヒアリング
モデルハウスに来場されたお客様への
ヒアリングと注文住宅プランの提案・作成

■ 調査・提案・競合分析
敷地調査、ローン提案、競合比較を行い、
最適なプランをご提供

■ 進行管理
ご契約後の着工・上棟・完成・引き渡しまでの
進行管理

＝＝＝＝＝＝＝＝＝＝＝＝＝＝＝
【✔働き方✔】

✔ 9:00〜18:00（実働8時間／休憩60分）
✔ シフト制（月8〜12日休み）
✔ 年間休日120日

まずはお気軽にご応募ください。

案件No：2730","《✼ここで働く4つの特徴✼》

✅ ① 頑張りが給与に反映される
営業歩合とインセンティブ制度があり、
賞与は年2回、昇給は年1回です。
役職が上がるごとに固定給も加算されます。

✅ ② 明確なキャリアパス
一般職→主任→係長→店長→支店長。
おおむね2〜3年を目途に昇進します。
（年収例：主任3年目1,284万円／店長8年目2,083万円／支店長13年目2,369万円）

✅ ③ 業界未経験でも挑戦できる
必要なのは何らかの営業経験1年以上（業界問わず）、
または正社員での販売経験（目安1年）。
既卒・第二新卒も歓迎です。

✅ ④ 選考はWeb面接1回
30分〜1時間程度のWeb面接1回で内定可能です。
入社後は各種研修制度も整っています。

＝＝＝＝＝＝＝＝＝＝＝＝＝＝＝
《✼待遇もしっかり✼》

✔ 社会保険完備（健康保険・厚生年金・雇用保険・労災保険）
✔ 確定拠出年金・選択制確定給付企業年金制度
✔ 財形貯蓄制度・従業員持株会
✔ 住宅取得補助制度・住宅手当
✔ 交通費支給・出産祝金・資格取得祝金
✔ 年間休日120日（休暇制度：年末年始休暇・お盆休暇・有給休暇・
慶弔休暇・アニバーサリー休暇・リフレッシュ休暇など）"
286,53,タマホーム株式会社,業界未経験OK｜住宅営業｜岡山市北区,月給21.9万円〜◎賞与年2回・インセン制度あり♪,"✦・━━━━━━━━━━━━━━━・✦
＼岡山県岡山市北区で募集中／
モデルハウスでの接客から始める
注文住宅の営業職
✦・━━━━━━━━━━━━━━━・✦

「不動産は未経験だけど、人と話すのは得意」
そんな営業・販売経験を活かせる仕事です。

＝＝＝＝＝＝＝＝＝＝＝＝＝＝＝
【✧お仕事の内容✧】

■ 顧客アプローチ・ヒアリング
モデルハウスに来場されたお客様への
ヒアリングと注文住宅プランの提案・作成

■ 調査・提案・競合分析
敷地調査、ローン提案、競合比較を行い、
最適なプランをご提供

■ 進行管理
ご契約後の着工・上棟・完成・引き渡しまでの
進行管理

＝＝＝＝＝＝＝＝＝＝＝＝＝＝＝
【✨働きやすいポイント✨】

✔ 年間休日120日
✔ シフト制（月8〜12日休み）
✔ 9:00〜18:00（実働8時間／休憩60分）
✔ 社会保険完備・住宅手当・資格取得祝金あり

＝＝＝＝＝＝＝＝＝＝＝＝＝＝＝
【✨ここが強み✨】

✅ 賞与年2回・昇給年1回
✅ 営業歩合でインセンティブ還元
✅ 一般職→主任→係長→店長→支店長の
　昇進ルートが明確

まずはお気軽にご応募ください。

案件No：53","《✼ここで働く4つの特徴✼》

✅ ① 頑張りが給与に反映される
営業歩合とインセンティブ制度があり、
賞与は年2回、昇給は年1回です。
役職が上がるごとに固定給も加算されます。

✅ ② 明確なキャリアパス
一般職→主任→係長→店長→支店長。
おおむね2〜3年を目途に昇進します。
（年収例：主任3年目1,284万円／店長8年目2,083万円／支店長13年目2,369万円）

✅ ③ 業界未経験でも挑戦できる
必要なのは何らかの営業経験1年以上（業界問わず）、
または正社員での販売経験（目安1年）。
既卒・第二新卒も歓迎です。

✅ ④ 選考はWeb面接1回
30分〜1時間程度のWeb面接1回で内定可能です。
入社後は各種研修制度も整っています。

＝＝＝＝＝＝＝＝＝＝＝＝＝＝＝
《✼待遇もしっかり✼》

✔ 社会保険完備（健康保険・厚生年金・雇用保険・労災保険）
✔ 確定拠出年金・選択制確定給付企業年金制度
✔ 財形貯蓄制度・従業員持株会
✔ 住宅取得補助制度・住宅手当
✔ 交通費支給・出産祝金・資格取得祝金
✔ 年間休日120日（休暇制度：年末年始休暇・お盆休暇・有給休暇・
慶弔休暇・アニバーサリー休暇・リフレッシュ休暇など）"
287,2310,タマホーム株式会社,業界未経験OK｜住宅営業｜生駒郡斑鳩町,月給21.9万円〜◎賞与年2回・インセン制度あり♪,"✦・━━━━━━━━━━━━━━━・✦
＼奈良県生駒郡斑鳩町で募集中／
モデルハウスから始める、注文住宅の営業。
未経験の業界でも、経験を活かして挑戦◎
✦・━━━━━━━━━━━━━━━・✦

「不動産は未経験だけど、営業や接客の経験はある」
そんな方が、住宅業界に活躍の場を広げています。

＝＝＝＝＝＝＝＝＝＝＝＝＝＝＝
【✧お仕事の内容✧】

■ 顧客アプローチ・ヒアリング
モデルハウスに来場されたお客様への
ヒアリングと注文住宅プランの提案・作成

■ 調査・提案・競合分析
敷地調査、ローン提案、競合比較を行い、
最適なプランをご提供

■ 進行管理
ご契約後の着工・上棟・完成・引き渡しまでの
進行管理

＝＝＝＝＝＝＝＝＝＝＝＝＝＝＝
【✨この仕事の魅力✨】

✅ インセンティブがしっかり反映
営業歩合があり、頑張りが給与に直結します。
賞与は年2回、昇給は年1回です。

✅ キャリアパスが明確
一般職→主任→係長→店長→支店長と、
おおむね2〜3年を目途に昇進していきます。
役職ごとに固定給も加算されます。

✅ 選考はスピーディー
Web面接1回（30分〜1時間程度）で
内定可能です。

＝＝＝＝＝＝＝＝＝＝＝＝＝＝＝
【✔働き方✔】

✔ 9:00〜18:00（実働8時間／休憩60分）
✔ シフト制（月8〜12日休み）
✔ 年間休日120日

まずはお気軽にご応募ください。

案件No：2310","《✼ここで働く4つの特徴✼》

✅ ① 頑張りが給与に反映される
営業歩合とインセンティブ制度があり、
賞与は年2回、昇給は年1回です。
役職が上がるごとに固定給も加算されます。

✅ ② 明確なキャリアパス
一般職→主任→係長→店長→支店長。
おおむね2〜3年を目途に昇進します。
（年収例：主任3年目1,284万円／店長8年目2,083万円／支店長13年目2,369万円）

✅ ③ 業界未経験でも挑戦できる
必要なのは何らかの営業経験1年以上（業界問わず）、
または正社員での販売経験（目安1年）。
既卒・第二新卒も歓迎です。

✅ ④ 選考はWeb面接1回
30分〜1時間程度のWeb面接1回で内定可能です。
入社後は各種研修制度も整っています。

＝＝＝＝＝＝＝＝＝＝＝＝＝＝＝
《✼待遇もしっかり✼》

✔ 社会保険完備（健康保険・厚生年金・雇用保険・労災保険）
✔ 確定拠出年金・選択制確定給付企業年金制度
✔ 財形貯蓄制度・従業員持株会
✔ 住宅取得補助制度・住宅手当
✔ 交通費支給・出産祝金・資格取得祝金
✔ 年間休日120日（休暇制度：年末年始休暇・お盆休暇・有給休暇・
慶弔休暇・アニバーサリー休暇・リフレッシュ休暇など）"
288,2776,タマホーム株式会社,業界未経験OK｜住宅営業｜奈良市,月給21.9万円〜◎賞与年2回・インセン制度あり♪,"✦・━━━━━━━━━━━━━━━・✦
＼奈良県奈良市で募集中／
「営業経験を、住宅業界で活かす」
注文住宅の提案営業◎
✦・━━━━━━━━━━━━━━━・✦

法人でも個人でも、業界は問いません。
何らかの営業経験、または販売経験があれば
新しいフィールドに挑戦できます。

＝＝＝＝＝＝＝＝＝＝＝＝＝＝＝
【✨この仕事の魅力✨】

✅ キャリアパスが明確
一般職→主任→係長→店長→支店長。
おおむね2〜3年を目途に昇進し、
役職ごとに固定給も加算されます。

✅ インセンティブがしっかり反映
営業歩合があり、賞与は年2回、
昇給は年1回です。

✅ 選考はスピーディー
Web面接1回（30分〜1時間程度）で
内定可能です。

＝＝＝＝＝＝＝＝＝＝＝＝＝＝＝
【✧お仕事の内容✧】

■ 顧客アプローチ・ヒアリング
モデルハウスに来場されたお客様への
ヒアリングと注文住宅プランの提案・作成

■ 調査・提案・競合分析
敷地調査、ローン提案、競合比較を行い、
最適なプランをご提供

■ 進行管理
ご契約後の着工・上棟・完成・引き渡しまでの
進行管理

＝＝＝＝＝＝＝＝＝＝＝＝＝＝＝
【✔働き方✔】

✔ 9:00〜18:00（実働8時間／休憩60分）
✔ シフト制（月8〜12日休み）
✔ 年間休日120日

まずはお気軽にご応募ください。

案件No：2776","《✼ここで働く4つの特徴✼》

✅ ① 頑張りが給与に反映される
営業歩合とインセンティブ制度があり、
賞与は年2回、昇給は年1回です。
役職が上がるごとに固定給も加算されます。

✅ ② 明確なキャリアパス
一般職→主任→係長→店長→支店長。
おおむね2〜3年を目途に昇進します。
（年収例：主任3年目1,284万円／店長8年目2,083万円／支店長13年目2,369万円）

✅ ③ 業界未経験でも挑戦できる
必要なのは何らかの営業経験1年以上（業界問わず）、
または正社員での販売経験（目安1年）。
既卒・第二新卒も歓迎です。

✅ ④ 選考はWeb面接1回
30分〜1時間程度のWeb面接1回で内定可能です。
入社後は各種研修制度も整っています。

＝＝＝＝＝＝＝＝＝＝＝＝＝＝＝
《✼待遇もしっかり✼》

✔ 社会保険完備（健康保険・厚生年金・雇用保険・労災保険）
✔ 確定拠出年金・選択制確定給付企業年金制度
✔ 財形貯蓄制度・従業員持株会
✔ 住宅取得補助制度・住宅手当
✔ 交通費支給・出産祝金・資格取得祝金
✔ 年間休日120日（休暇制度：年末年始休暇・お盆休暇・有給休暇・
慶弔休暇・アニバーサリー休暇・リフレッシュ休暇など）"
289,2292,タマホーム株式会社,業界未経験OK｜住宅営業｜加東市,月給21.9万円〜◎賞与年2回・インセン制度あり♪,"✦・━━━━━━━━━━━━━━━・✦
＼兵庫県加東市で募集中／
モデルハウスでの接客から始める
注文住宅の営業職
✦・━━━━━━━━━━━━━━━・✦

「不動産は未経験だけど、人と話すのは得意」
そんな営業・販売経験を活かせる仕事です。

＝＝＝＝＝＝＝＝＝＝＝＝＝＝＝
【✧お仕事の内容✧】

■ 顧客アプローチ・ヒアリング
モデルハウスに来場されたお客様への
ヒアリングと注文住宅プランの提案・作成

■ 調査・提案・競合分析
敷地調査、ローン提案、競合比較を行い、
最適なプランをご提供

■ 進行管理
ご契約後の着工・上棟・完成・引き渡しまでの
進行管理

＝＝＝＝＝＝＝＝＝＝＝＝＝＝＝
【✨働きやすいポイント✨】

✔ 年間休日120日
✔ シフト制（月8〜12日休み）
✔ 9:00〜18:00（実働8時間／休憩60分）
✔ 社会保険完備・住宅手当・資格取得祝金あり

＝＝＝＝＝＝＝＝＝＝＝＝＝＝＝
【✨ここが強み✨】

✅ 賞与年2回・昇給年1回
✅ 営業歩合でインセンティブ還元
✅ 一般職→主任→係長→店長→支店長の
　昇進ルートが明確

まずはお気軽にご応募ください。

案件No：2292","《✼ここで働く4つの特徴✼》

✅ ① 頑張りが給与に反映される
営業歩合とインセンティブ制度があり、
賞与は年2回、昇給は年1回です。
役職が上がるごとに固定給も加算されます。

✅ ② 明確なキャリアパス
一般職→主任→係長→店長→支店長。
おおむね2〜3年を目途に昇進します。
（年収例：主任3年目1,284万円／店長8年目2,083万円／支店長13年目2,369万円）

✅ ③ 業界未経験でも挑戦できる
必要なのは何らかの営業経験1年以上（業界問わず）、
または正社員での販売経験（目安1年）。
既卒・第二新卒も歓迎です。

✅ ④ 選考はWeb面接1回
30分〜1時間程度のWeb面接1回で内定可能です。
入社後は各種研修制度も整っています。

＝＝＝＝＝＝＝＝＝＝＝＝＝＝＝
《✼待遇もしっかり✼》

✔ 社会保険完備（健康保険・厚生年金・雇用保険・労災保険）
✔ 確定拠出年金・選択制確定給付企業年金制度
✔ 財形貯蓄制度・従業員持株会
✔ 住宅取得補助制度・住宅手当
✔ 交通費支給・出産祝金・資格取得祝金
✔ 年間休日120日（休暇制度：年末年始休暇・お盆休暇・有給休暇・
慶弔休暇・アニバーサリー休暇・リフレッシュ休暇など）"
290,608,タマホーム株式会社,業界未経験OK｜住宅営業｜揖保郡太子町,月給21.9万円〜◎賞与年2回・インセン制度あり♪,"✦・━━━━━━━━━━━━━━━・✦
＼兵庫県揖保郡太子町で募集中／
モデルハウスから始める、注文住宅の営業。
未経験の業界でも、経験を活かして挑戦◎
✦・━━━━━━━━━━━━━━━・✦

「不動産は未経験だけど、営業や接客の経験はある」
そんな方が、住宅業界に活躍の場を広げています。

＝＝＝＝＝＝＝＝＝＝＝＝＝＝＝
【✧お仕事の内容✧】

■ 顧客アプローチ・ヒアリング
モデルハウスに来場されたお客様への
ヒアリングと注文住宅プランの提案・作成

■ 調査・提案・競合分析
敷地調査、ローン提案、競合比較を行い、
最適なプランをご提供

■ 進行管理
ご契約後の着工・上棟・完成・引き渡しまでの
進行管理

＝＝＝＝＝＝＝＝＝＝＝＝＝＝＝
【✨この仕事の魅力✨】

✅ インセンティブがしっかり反映
営業歩合があり、頑張りが給与に直結します。
賞与は年2回、昇給は年1回です。

✅ キャリアパスが明確
一般職→主任→係長→店長→支店長と、
おおむね2〜3年を目途に昇進していきます。
役職ごとに固定給も加算されます。

✅ 選考はスピーディー
Web面接1回（30分〜1時間程度）で
内定可能です。

＝＝＝＝＝＝＝＝＝＝＝＝＝＝＝
【✔働き方✔】

✔ 9:00〜18:00（実働8時間／休憩60分）
✔ シフト制（月8〜12日休み）
✔ 年間休日120日

まずはお気軽にご応募ください。

案件No：608","《✼ここで働く4つの特徴✼》

✅ ① 頑張りが給与に反映される
営業歩合とインセンティブ制度があり、
賞与は年2回、昇給は年1回です。
役職が上がるごとに固定給も加算されます。

✅ ② 明確なキャリアパス
一般職→主任→係長→店長→支店長。
おおむね2〜3年を目途に昇進します。
（年収例：主任3年目1,284万円／店長8年目2,083万円／支店長13年目2,369万円）

✅ ③ 業界未経験でも挑戦できる
必要なのは何らかの営業経験1年以上（業界問わず）、
または正社員での販売経験（目安1年）。
既卒・第二新卒も歓迎です。

✅ ④ 選考はWeb面接1回
30分〜1時間程度のWeb面接1回で内定可能です。
入社後は各種研修制度も整っています。

＝＝＝＝＝＝＝＝＝＝＝＝＝＝＝
《✼待遇もしっかり✼》

✔ 社会保険完備（健康保険・厚生年金・雇用保険・労災保険）
✔ 確定拠出年金・選択制確定給付企業年金制度
✔ 財形貯蓄制度・従業員持株会
✔ 住宅取得補助制度・住宅手当
✔ 交通費支給・出産祝金・資格取得祝金
✔ 年間休日120日（休暇制度：年末年始休暇・お盆休暇・有給休暇・
慶弔休暇・アニバーサリー休暇・リフレッシュ休暇など）"
291,1637,タマホーム株式会社,業界未経験OK｜住宅営業｜姫路市,月給21.9万円〜◎賞与年2回・インセン制度あり♪,"✦・━━━━━━━━━━━━━━━・✦
＼兵庫県姫路市で募集中／
「営業経験を、住宅業界で活かす」
注文住宅の提案営業◎
✦・━━━━━━━━━━━━━━━・✦

法人でも個人でも、業界は問いません。
何らかの営業経験、または販売経験があれば
新しいフィールドに挑戦できます。

＝＝＝＝＝＝＝＝＝＝＝＝＝＝＝
【✨この仕事の魅力✨】

✅ キャリアパスが明確
一般職→主任→係長→店長→支店長。
おおむね2〜3年を目途に昇進し、
役職ごとに固定給も加算されます。

✅ インセンティブがしっかり反映
営業歩合があり、賞与は年2回、
昇給は年1回です。

✅ 選考はスピーディー
Web面接1回（30分〜1時間程度）で
内定可能です。

＝＝＝＝＝＝＝＝＝＝＝＝＝＝＝
【✧お仕事の内容✧】

■ 顧客アプローチ・ヒアリング
モデルハウスに来場されたお客様への
ヒアリングと注文住宅プランの提案・作成

■ 調査・提案・競合分析
敷地調査、ローン提案、競合比較を行い、
最適なプランをご提供

■ 進行管理
ご契約後の着工・上棟・完成・引き渡しまでの
進行管理

＝＝＝＝＝＝＝＝＝＝＝＝＝＝＝
【✔働き方✔】

✔ 9:00〜18:00（実働8時間／休憩60分）
✔ シフト制（月8〜12日休み）
✔ 年間休日120日

まずはお気軽にご応募ください。

案件No：1637","《✼ここで働く4つの特徴✼》

✅ ① 頑張りが給与に反映される
営業歩合とインセンティブ制度があり、
賞与は年2回、昇給は年1回です。
役職が上がるごとに固定給も加算されます。

✅ ② 明確なキャリアパス
一般職→主任→係長→店長→支店長。
おおむね2〜3年を目途に昇進します。
（年収例：主任3年目1,284万円／店長8年目2,083万円／支店長13年目2,369万円）

✅ ③ 業界未経験でも挑戦できる
必要なのは何らかの営業経験1年以上（業界問わず）、
または正社員での販売経験（目安1年）。
既卒・第二新卒も歓迎です。

✅ ④ 選考はWeb面接1回
30分〜1時間程度のWeb面接1回で内定可能です。
入社後は各種研修制度も整っています。

＝＝＝＝＝＝＝＝＝＝＝＝＝＝＝
《✼待遇もしっかり✼》

✔ 社会保険完備（健康保険・厚生年金・雇用保険・労災保険）
✔ 確定拠出年金・選択制確定給付企業年金制度
✔ 財形貯蓄制度・従業員持株会
✔ 住宅取得補助制度・住宅手当
✔ 交通費支給・出産祝金・資格取得祝金
✔ 年間休日120日（休暇制度：年末年始休暇・お盆休暇・有給休暇・
慶弔休暇・アニバーサリー休暇・リフレッシュ休暇など）"
292,677,タマホーム株式会社,業界未経験OK｜住宅営業｜加古川市,月給21.9万円〜◎賞与年2回・インセン制度あり♪,"✦・━━━━━━━━━━━━━━━・✦
＼兵庫県加古川市で募集中／
モデルハウスでの接客から始める
注文住宅の営業職
✦・━━━━━━━━━━━━━━━・✦

「不動産は未経験だけど、人と話すのは得意」
そんな営業・販売経験を活かせる仕事です。

＝＝＝＝＝＝＝＝＝＝＝＝＝＝＝
【✧お仕事の内容✧】

■ 顧客アプローチ・ヒアリング
モデルハウスに来場されたお客様への
ヒアリングと注文住宅プランの提案・作成

■ 調査・提案・競合分析
敷地調査、ローン提案、競合比較を行い、
最適なプランをご提供

■ 進行管理
ご契約後の着工・上棟・完成・引き渡しまでの
進行管理

＝＝＝＝＝＝＝＝＝＝＝＝＝＝＝
【✨働きやすいポイント✨】

✔ 年間休日120日
✔ シフト制（月8〜12日休み）
✔ 9:00〜18:00（実働8時間／休憩60分）
✔ 社会保険完備・住宅手当・資格取得祝金あり

＝＝＝＝＝＝＝＝＝＝＝＝＝＝＝
【✨ここが強み✨】

✅ 賞与年2回・昇給年1回
✅ 営業歩合でインセンティブ還元
✅ 一般職→主任→係長→店長→支店長の
　昇進ルートが明確

まずはお気軽にご応募ください。

案件No：677","《✼ここで働く4つの特徴✼》

✅ ① 頑張りが給与に反映される
営業歩合とインセンティブ制度があり、
賞与は年2回、昇給は年1回です。
役職が上がるごとに固定給も加算されます。

✅ ② 明確なキャリアパス
一般職→主任→係長→店長→支店長。
おおむね2〜3年を目途に昇進します。
（年収例：主任3年目1,284万円／店長8年目2,083万円／支店長13年目2,369万円）

✅ ③ 業界未経験でも挑戦できる
必要なのは何らかの営業経験1年以上（業界問わず）、
または正社員での販売経験（目安1年）。
既卒・第二新卒も歓迎です。

✅ ④ 選考はWeb面接1回
30分〜1時間程度のWeb面接1回で内定可能です。
入社後は各種研修制度も整っています。

＝＝＝＝＝＝＝＝＝＝＝＝＝＝＝
《✼待遇もしっかり✼》

✔ 社会保険完備（健康保険・厚生年金・雇用保険・労災保険）
✔ 確定拠出年金・選択制確定給付企業年金制度
✔ 財形貯蓄制度・従業員持株会
✔ 住宅取得補助制度・住宅手当
✔ 交通費支給・出産祝金・資格取得祝金
✔ 年間休日120日（休暇制度：年末年始休暇・お盆休暇・有給休暇・
慶弔休暇・アニバーサリー休暇・リフレッシュ休暇など）"
293,1504,タマホーム株式会社,業界未経験OK｜住宅営業｜神戸市北区,月給21.9万円〜◎賞与年2回・インセン制度あり♪,"✦・━━━━━━━━━━━━━━━・✦
＼兵庫県神戸市北区で募集中／
モデルハウスから始める、注文住宅の営業。
未経験の業界でも、経験を活かして挑戦◎
✦・━━━━━━━━━━━━━━━・✦

「不動産は未経験だけど、営業や接客の経験はある」
そんな方が、住宅業界に活躍の場を広げています。

＝＝＝＝＝＝＝＝＝＝＝＝＝＝＝
【✧お仕事の内容✧】

■ 顧客アプローチ・ヒアリング
モデルハウスに来場されたお客様への
ヒアリングと注文住宅プランの提案・作成

■ 調査・提案・競合分析
敷地調査、ローン提案、競合比較を行い、
最適なプランをご提供

■ 進行管理
ご契約後の着工・上棟・完成・引き渡しまでの
進行管理

＝＝＝＝＝＝＝＝＝＝＝＝＝＝＝
【✨この仕事の魅力✨】

✅ インセンティブがしっかり反映
営業歩合があり、頑張りが給与に直結します。
賞与は年2回、昇給は年1回です。

✅ キャリアパスが明確
一般職→主任→係長→店長→支店長と、
おおむね2〜3年を目途に昇進していきます。
役職ごとに固定給も加算されます。

✅ 選考はスピーディー
Web面接1回（30分〜1時間程度）で
内定可能です。

＝＝＝＝＝＝＝＝＝＝＝＝＝＝＝
【✔働き方✔】

✔ 9:00〜18:00（実働8時間／休憩60分）
✔ シフト制（月8〜12日休み）
✔ 年間休日120日

まずはお気軽にご応募ください。

案件No：1504","《✼ここで働く4つの特徴✼》

✅ ① 頑張りが給与に反映される
営業歩合とインセンティブ制度があり、
賞与は年2回、昇給は年1回です。
役職が上がるごとに固定給も加算されます。

✅ ② 明確なキャリアパス
一般職→主任→係長→店長→支店長。
おおむね2〜3年を目途に昇進します。
（年収例：主任3年目1,284万円／店長8年目2,083万円／支店長13年目2,369万円）

✅ ③ 業界未経験でも挑戦できる
必要なのは何らかの営業経験1年以上（業界問わず）、
または正社員での販売経験（目安1年）。
既卒・第二新卒も歓迎です。

✅ ④ 選考はWeb面接1回
30分〜1時間程度のWeb面接1回で内定可能です。
入社後は各種研修制度も整っています。

＝＝＝＝＝＝＝＝＝＝＝＝＝＝＝
《✼待遇もしっかり✼》

✔ 社会保険完備（健康保険・厚生年金・雇用保険・労災保険）
✔ 確定拠出年金・選択制確定給付企業年金制度
✔ 財形貯蓄制度・従業員持株会
✔ 住宅取得補助制度・住宅手当
✔ 交通費支給・出産祝金・資格取得祝金
✔ 年間休日120日（休暇制度：年末年始休暇・お盆休暇・有給休暇・
慶弔休暇・アニバーサリー休暇・リフレッシュ休暇など）"
294,224,タマホーム株式会社,業界未経験OK｜住宅営業｜伊丹市,月給21.9万円〜◎賞与年2回・インセン制度あり♪,"✦・━━━━━━━━━━━━━━━・✦
＼兵庫県伊丹市で募集中／
「営業経験を、住宅業界で活かす」
注文住宅の提案営業◎
✦・━━━━━━━━━━━━━━━・✦

法人でも個人でも、業界は問いません。
何らかの営業経験、または販売経験があれば
新しいフィールドに挑戦できます。

＝＝＝＝＝＝＝＝＝＝＝＝＝＝＝
【✨この仕事の魅力✨】

✅ キャリアパスが明確
一般職→主任→係長→店長→支店長。
おおむね2〜3年を目途に昇進し、
役職ごとに固定給も加算されます。

✅ インセンティブがしっかり反映
営業歩合があり、賞与は年2回、
昇給は年1回です。

✅ 選考はスピーディー
Web面接1回（30分〜1時間程度）で
内定可能です。

＝＝＝＝＝＝＝＝＝＝＝＝＝＝＝
【✧お仕事の内容✧】

■ 顧客アプローチ・ヒアリング
モデルハウスに来場されたお客様への
ヒアリングと注文住宅プランの提案・作成

■ 調査・提案・競合分析
敷地調査、ローン提案、競合比較を行い、
最適なプランをご提供

■ 進行管理
ご契約後の着工・上棟・完成・引き渡しまでの
進行管理

＝＝＝＝＝＝＝＝＝＝＝＝＝＝＝
【✔働き方✔】

✔ 9:00〜18:00（実働8時間／休憩60分）
✔ シフト制（月8〜12日休み）
✔ 年間休日120日

まずはお気軽にご応募ください。

案件No：224","《✼ここで働く4つの特徴✼》

✅ ① 頑張りが給与に反映される
営業歩合とインセンティブ制度があり、
賞与は年2回、昇給は年1回です。
役職が上がるごとに固定給も加算されます。

✅ ② 明確なキャリアパス
一般職→主任→係長→店長→支店長。
おおむね2〜3年を目途に昇進します。
（年収例：主任3年目1,284万円／店長8年目2,083万円／支店長13年目2,369万円）

✅ ③ 業界未経験でも挑戦できる
必要なのは何らかの営業経験1年以上（業界問わず）、
または正社員での販売経験（目安1年）。
既卒・第二新卒も歓迎です。

✅ ④ 選考はWeb面接1回
30分〜1時間程度のWeb面接1回で内定可能です。
入社後は各種研修制度も整っています。

＝＝＝＝＝＝＝＝＝＝＝＝＝＝＝
《✼待遇もしっかり✼》

✔ 社会保険完備（健康保険・厚生年金・雇用保険・労災保険）
✔ 確定拠出年金・選択制確定給付企業年金制度
✔ 財形貯蓄制度・従業員持株会
✔ 住宅取得補助制度・住宅手当
✔ 交通費支給・出産祝金・資格取得祝金
✔ 年間休日120日（休暇制度：年末年始休暇・お盆休暇・有給休暇・
慶弔休暇・アニバーサリー休暇・リフレッシュ休暇など）"
295,2766,タマホーム株式会社,業界未経験OK｜住宅営業｜神戸市西区,月給21.9万円〜◎賞与年2回・インセン制度あり♪,"✦・━━━━━━━━━━━━━━━・✦
＼兵庫県神戸市西区で募集中／
モデルハウスでの接客から始める
注文住宅の営業職
✦・━━━━━━━━━━━━━━━・✦

「不動産は未経験だけど、人と話すのは得意」
そんな営業・販売経験を活かせる仕事です。

＝＝＝＝＝＝＝＝＝＝＝＝＝＝＝
【✧お仕事の内容✧】

■ 顧客アプローチ・ヒアリング
モデルハウスに来場されたお客様への
ヒアリングと注文住宅プランの提案・作成

■ 調査・提案・競合分析
敷地調査、ローン提案、競合比較を行い、
最適なプランをご提供

■ 進行管理
ご契約後の着工・上棟・完成・引き渡しまでの
進行管理

＝＝＝＝＝＝＝＝＝＝＝＝＝＝＝
【✨働きやすいポイント✨】

✔ 年間休日120日
✔ シフト制（月8〜12日休み）
✔ 9:00〜18:00（実働8時間／休憩60分）
✔ 社会保険完備・住宅手当・資格取得祝金あり

＝＝＝＝＝＝＝＝＝＝＝＝＝＝＝
【✨ここが強み✨】

✅ 賞与年2回・昇給年1回
✅ 営業歩合でインセンティブ還元
✅ 一般職→主任→係長→店長→支店長の
　昇進ルートが明確

まずはお気軽にご応募ください。

案件No：2766","《✼ここで働く4つの特徴✼》

✅ ① 頑張りが給与に反映される
営業歩合とインセンティブ制度があり、
賞与は年2回、昇給は年1回です。
役職が上がるごとに固定給も加算されます。

✅ ② 明確なキャリアパス
一般職→主任→係長→店長→支店長。
おおむね2〜3年を目途に昇進します。
（年収例：主任3年目1,284万円／店長8年目2,083万円／支店長13年目2,369万円）

✅ ③ 業界未経験でも挑戦できる
必要なのは何らかの営業経験1年以上（業界問わず）、
または正社員での販売経験（目安1年）。
既卒・第二新卒も歓迎です。

✅ ④ 選考はWeb面接1回
30分〜1時間程度のWeb面接1回で内定可能です。
入社後は各種研修制度も整っています。

＝＝＝＝＝＝＝＝＝＝＝＝＝＝＝
《✼待遇もしっかり✼》

✔ 社会保険完備（健康保険・厚生年金・雇用保険・労災保険）
✔ 確定拠出年金・選択制確定給付企業年金制度
✔ 財形貯蓄制度・従業員持株会
✔ 住宅取得補助制度・住宅手当
✔ 交通費支給・出産祝金・資格取得祝金
✔ 年間休日120日（休暇制度：年末年始休暇・お盆休暇・有給休暇・
慶弔休暇・アニバーサリー休暇・リフレッシュ休暇など）"
296,1730,タマホーム株式会社,業界未経験OK｜住宅営業｜泉佐野市,月給21.9万円〜◎賞与年2回・インセン制度あり♪,"✦・━━━━━━━━━━━━━━━・✦
＼大阪府泉佐野市で募集中／
モデルハウスから始める、注文住宅の営業。
未経験の業界でも、経験を活かして挑戦◎
✦・━━━━━━━━━━━━━━━・✦

「不動産は未経験だけど、営業や接客の経験はある」
そんな方が、住宅業界に活躍の場を広げています。

＝＝＝＝＝＝＝＝＝＝＝＝＝＝＝
【✧お仕事の内容✧】

■ 顧客アプローチ・ヒアリング
モデルハウスに来場されたお客様への
ヒアリングと注文住宅プランの提案・作成

■ 調査・提案・競合分析
敷地調査、ローン提案、競合比較を行い、
最適なプランをご提供

■ 進行管理
ご契約後の着工・上棟・完成・引き渡しまでの
進行管理

＝＝＝＝＝＝＝＝＝＝＝＝＝＝＝
【✨この仕事の魅力✨】

✅ インセンティブがしっかり反映
営業歩合があり、頑張りが給与に直結します。
賞与は年2回、昇給は年1回です。

✅ キャリアパスが明確
一般職→主任→係長→店長→支店長と、
おおむね2〜3年を目途に昇進していきます。
役職ごとに固定給も加算されます。

✅ 選考はスピーディー
Web面接1回（30分〜1時間程度）で
内定可能です。

＝＝＝＝＝＝＝＝＝＝＝＝＝＝＝
【✔働き方✔】

✔ 9:00〜18:00（実働8時間／休憩60分）
✔ シフト制（月8〜12日休み）
✔ 年間休日120日

まずはお気軽にご応募ください。

案件No：1730","《✼ここで働く4つの特徴✼》

✅ ① 頑張りが給与に反映される
営業歩合とインセンティブ制度があり、
賞与は年2回、昇給は年1回です。
役職が上がるごとに固定給も加算されます。

✅ ② 明確なキャリアパス
一般職→主任→係長→店長→支店長。
おおむね2〜3年を目途に昇進します。
（年収例：主任3年目1,284万円／店長8年目2,083万円／支店長13年目2,369万円）

✅ ③ 業界未経験でも挑戦できる
必要なのは何らかの営業経験1年以上（業界問わず）、
または正社員での販売経験（目安1年）。
既卒・第二新卒も歓迎です。

✅ ④ 選考はWeb面接1回
30分〜1時間程度のWeb面接1回で内定可能です。
入社後は各種研修制度も整っています。

＝＝＝＝＝＝＝＝＝＝＝＝＝＝＝
《✼待遇もしっかり✼》

✔ 社会保険完備（健康保険・厚生年金・雇用保険・労災保険）
✔ 確定拠出年金・選択制確定給付企業年金制度
✔ 財形貯蓄制度・従業員持株会
✔ 住宅取得補助制度・住宅手当
✔ 交通費支給・出産祝金・資格取得祝金
✔ 年間休日120日（休暇制度：年末年始休暇・お盆休暇・有給休暇・
慶弔休暇・アニバーサリー休暇・リフレッシュ休暇など）"
297,85,タマホーム株式会社,業界未経験OK｜住宅営業｜堺市美原区,月給21.9万円〜◎賞与年2回・インセン制度あり♪,"✦・━━━━━━━━━━━━━━━・✦
＼大阪府堺市美原区で募集中／
「営業経験を、住宅業界で活かす」
注文住宅の提案営業◎
✦・━━━━━━━━━━━━━━━・✦

法人でも個人でも、業界は問いません。
何らかの営業経験、または販売経験があれば
新しいフィールドに挑戦できます。

＝＝＝＝＝＝＝＝＝＝＝＝＝＝＝
【✨この仕事の魅力✨】

✅ キャリアパスが明確
一般職→主任→係長→店長→支店長。
おおむね2〜3年を目途に昇進し、
役職ごとに固定給も加算されます。

✅ インセンティブがしっかり反映
営業歩合があり、賞与は年2回、
昇給は年1回です。

✅ 選考はスピーディー
Web面接1回（30分〜1時間程度）で
内定可能です。

＝＝＝＝＝＝＝＝＝＝＝＝＝＝＝
【✧お仕事の内容✧】

■ 顧客アプローチ・ヒアリング
モデルハウスに来場されたお客様への
ヒアリングと注文住宅プランの提案・作成

■ 調査・提案・競合分析
敷地調査、ローン提案、競合比較を行い、
最適なプランをご提供

■ 進行管理
ご契約後の着工・上棟・完成・引き渡しまでの
進行管理

＝＝＝＝＝＝＝＝＝＝＝＝＝＝＝
【✔働き方✔】

✔ 9:00〜18:00（実働8時間／休憩60分）
✔ シフト制（月8〜12日休み）
✔ 年間休日120日

まずはお気軽にご応募ください。

案件No：85","《✼ここで働く4つの特徴✼》

✅ ① 頑張りが給与に反映される
営業歩合とインセンティブ制度があり、
賞与は年2回、昇給は年1回です。
役職が上がるごとに固定給も加算されます。

✅ ② 明確なキャリアパス
一般職→主任→係長→店長→支店長。
おおむね2〜3年を目途に昇進します。
（年収例：主任3年目1,284万円／店長8年目2,083万円／支店長13年目2,369万円）

✅ ③ 業界未経験でも挑戦できる
必要なのは何らかの営業経験1年以上（業界問わず）、
または正社員での販売経験（目安1年）。
既卒・第二新卒も歓迎です。

✅ ④ 選考はWeb面接1回
30分〜1時間程度のWeb面接1回で内定可能です。
入社後は各種研修制度も整っています。

＝＝＝＝＝＝＝＝＝＝＝＝＝＝＝
《✼待遇もしっかり✼》

✔ 社会保険完備（健康保険・厚生年金・雇用保険・労災保険）
✔ 確定拠出年金・選択制確定給付企業年金制度
✔ 財形貯蓄制度・従業員持株会
✔ 住宅取得補助制度・住宅手当
✔ 交通費支給・出産祝金・資格取得祝金
✔ 年間休日120日（休暇制度：年末年始休暇・お盆休暇・有給休暇・
慶弔休暇・アニバーサリー休暇・リフレッシュ休暇など）"
298,1102,タマホーム株式会社,業界未経験OK｜住宅営業｜東大阪市,月給21.9万円〜◎賞与年2回・インセン制度あり♪,"✦・━━━━━━━━━━━━━━━・✦
＼大阪府東大阪市で募集中／
モデルハウスでの接客から始める
注文住宅の営業職
✦・━━━━━━━━━━━━━━━・✦

「不動産は未経験だけど、人と話すのは得意」
そんな営業・販売経験を活かせる仕事です。

＝＝＝＝＝＝＝＝＝＝＝＝＝＝＝
【✧お仕事の内容✧】

■ 顧客アプローチ・ヒアリング
モデルハウスに来場されたお客様への
ヒアリングと注文住宅プランの提案・作成

■ 調査・提案・競合分析
敷地調査、ローン提案、競合比較を行い、
最適なプランをご提供

■ 進行管理
ご契約後の着工・上棟・完成・引き渡しまでの
進行管理

＝＝＝＝＝＝＝＝＝＝＝＝＝＝＝
【✨働きやすいポイント✨】

✔ 年間休日120日
✔ シフト制（月8〜12日休み）
✔ 9:00〜18:00（実働8時間／休憩60分）
✔ 社会保険完備・住宅手当・資格取得祝金あり

＝＝＝＝＝＝＝＝＝＝＝＝＝＝＝
【✨ここが強み✨】

✅ 賞与年2回・昇給年1回
✅ 営業歩合でインセンティブ還元
✅ 一般職→主任→係長→店長→支店長の
　昇進ルートが明確

まずはお気軽にご応募ください。

案件No：1102","《✼ここで働く4つの特徴✼》

✅ ① 頑張りが給与に反映される
営業歩合とインセンティブ制度があり、
賞与は年2回、昇給は年1回です。
役職が上がるごとに固定給も加算されます。

✅ ② 明確なキャリアパス
一般職→主任→係長→店長→支店長。
おおむね2〜3年を目途に昇進します。
（年収例：主任3年目1,284万円／店長8年目2,083万円／支店長13年目2,369万円）

✅ ③ 業界未経験でも挑戦できる
必要なのは何らかの営業経験1年以上（業界問わず）、
または正社員での販売経験（目安1年）。
既卒・第二新卒も歓迎です。

✅ ④ 選考はWeb面接1回
30分〜1時間程度のWeb面接1回で内定可能です。
入社後は各種研修制度も整っています。

＝＝＝＝＝＝＝＝＝＝＝＝＝＝＝
《✼待遇もしっかり✼》

✔ 社会保険完備（健康保険・厚生年金・雇用保険・労災保険）
✔ 確定拠出年金・選択制確定給付企業年金制度
✔ 財形貯蓄制度・従業員持株会
✔ 住宅取得補助制度・住宅手当
✔ 交通費支給・出産祝金・資格取得祝金
✔ 年間休日120日（休暇制度：年末年始休暇・お盆休暇・有給休暇・
慶弔休暇・アニバーサリー休暇・リフレッシュ休暇など）"
299,1724,タマホーム株式会社,業界未経験OK｜住宅営業｜大阪市浪速区,月給21.9万円〜◎賞与年2回・インセン制度あり♪,"✦・━━━━━━━━━━━━━━━・✦
＼大阪府大阪市浪速区で募集中／
モデルハウスから始める、注文住宅の営業。
未経験の業界でも、経験を活かして挑戦◎
✦・━━━━━━━━━━━━━━━・✦

「不動産は未経験だけど、営業や接客の経験はある」
そんな方が、住宅業界に活躍の場を広げています。

＝＝＝＝＝＝＝＝＝＝＝＝＝＝＝
【✧お仕事の内容✧】

■ 顧客アプローチ・ヒアリング
モデルハウスに来場されたお客様への
ヒアリングと注文住宅プランの提案・作成

■ 調査・提案・競合分析
敷地調査、ローン提案、競合比較を行い、
最適なプランをご提供

■ 進行管理
ご契約後の着工・上棟・完成・引き渡しまでの
進行管理

＝＝＝＝＝＝＝＝＝＝＝＝＝＝＝
【✨この仕事の魅力✨】

✅ インセンティブがしっかり反映
営業歩合があり、頑張りが給与に直結します。
賞与は年2回、昇給は年1回です。

✅ キャリアパスが明確
一般職→主任→係長→店長→支店長と、
おおむね2〜3年を目途に昇進していきます。
役職ごとに固定給も加算されます。

✅ 選考はスピーディー
Web面接1回（30分〜1時間程度）で
内定可能です。

＝＝＝＝＝＝＝＝＝＝＝＝＝＝＝
【✔働き方✔】

✔ 9:00〜18:00（実働8時間／休憩60分）
✔ シフト制（月8〜12日休み）
✔ 年間休日120日

まずはお気軽にご応募ください。

案件No：1724","《✼ここで働く4つの特徴✼》

✅ ① 頑張りが給与に反映される
営業歩合とインセンティブ制度があり、
賞与は年2回、昇給は年1回です。
役職が上がるごとに固定給も加算されます。

✅ ② 明確なキャリアパス
一般職→主任→係長→店長→支店長。
おおむね2〜3年を目途に昇進します。
（年収例：主任3年目1,284万円／店長8年目2,083万円／支店長13年目2,369万円）

✅ ③ 業界未経験でも挑戦できる
必要なのは何らかの営業経験1年以上（業界問わず）、
または正社員での販売経験（目安1年）。
既卒・第二新卒も歓迎です。

✅ ④ 選考はWeb面接1回
30分〜1時間程度のWeb面接1回で内定可能です。
入社後は各種研修制度も整っています。

＝＝＝＝＝＝＝＝＝＝＝＝＝＝＝
《✼待遇もしっかり✼》

✔ 社会保険完備（健康保険・厚生年金・雇用保険・労災保険）
✔ 確定拠出年金・選択制確定給付企業年金制度
✔ 財形貯蓄制度・従業員持株会
✔ 住宅取得補助制度・住宅手当
✔ 交通費支給・出産祝金・資格取得祝金
✔ 年間休日120日（休暇制度：年末年始休暇・お盆休暇・有給休暇・
慶弔休暇・アニバーサリー休暇・リフレッシュ休暇など）"
300,1956,タマホーム株式会社,業界未経験OK｜住宅営業｜大阪市鶴見区,月給21.9万円〜◎賞与年2回・インセン制度あり♪,"✦・━━━━━━━━━━━━━━━・✦
＼大阪府大阪市鶴見区で募集中／
「営業経験を、住宅業界で活かす」
注文住宅の提案営業◎
✦・━━━━━━━━━━━━━━━・✦

法人でも個人でも、業界は問いません。
何らかの営業経験、または販売経験があれば
新しいフィールドに挑戦できます。

＝＝＝＝＝＝＝＝＝＝＝＝＝＝＝
【✨この仕事の魅力✨】

✅ キャリアパスが明確
一般職→主任→係長→店長→支店長。
おおむね2〜3年を目途に昇進し、
役職ごとに固定給も加算されます。

✅ インセンティブがしっかり反映
営業歩合があり、賞与は年2回、
昇給は年1回です。

✅ 選考はスピーディー
Web面接1回（30分〜1時間程度）で
内定可能です。

＝＝＝＝＝＝＝＝＝＝＝＝＝＝＝
【✧お仕事の内容✧】

■ 顧客アプローチ・ヒアリング
モデルハウスに来場されたお客様への
ヒアリングと注文住宅プランの提案・作成

■ 調査・提案・競合分析
敷地調査、ローン提案、競合比較を行い、
最適なプランをご提供

■ 進行管理
ご契約後の着工・上棟・完成・引き渡しまでの
進行管理

＝＝＝＝＝＝＝＝＝＝＝＝＝＝＝
【✔働き方✔】

✔ 9:00〜18:00（実働8時間／休憩60分）
✔ シフト制（月8〜12日休み）
✔ 年間休日120日

まずはお気軽にご応募ください。

案件No：1956","《✼ここで働く4つの特徴✼》

✅ ① 頑張りが給与に反映される
営業歩合とインセンティブ制度があり、
賞与は年2回、昇給は年1回です。
役職が上がるごとに固定給も加算されます。

✅ ② 明確なキャリアパス
一般職→主任→係長→店長→支店長。
おおむね2〜3年を目途に昇進します。
（年収例：主任3年目1,284万円／店長8年目2,083万円／支店長13年目2,369万円）

✅ ③ 業界未経験でも挑戦できる
必要なのは何らかの営業経験1年以上（業界問わず）、
または正社員での販売経験（目安1年）。
既卒・第二新卒も歓迎です。

✅ ④ 選考はWeb面接1回
30分〜1時間程度のWeb面接1回で内定可能です。
入社後は各種研修制度も整っています。

＝＝＝＝＝＝＝＝＝＝＝＝＝＝＝
《✼待遇もしっかり✼》

✔ 社会保険完備（健康保険・厚生年金・雇用保険・労災保険）
✔ 確定拠出年金・選択制確定給付企業年金制度
✔ 財形貯蓄制度・従業員持株会
✔ 住宅取得補助制度・住宅手当
✔ 交通費支給・出産祝金・資格取得祝金
✔ 年間休日120日（休暇制度：年末年始休暇・お盆休暇・有給休暇・
慶弔休暇・アニバーサリー休暇・リフレッシュ休暇など）"
301,832,タマホーム株式会社,業界未経験OK｜住宅営業｜高槻市,月給21.9万円〜◎賞与年2回・インセン制度あり♪,"✦・━━━━━━━━━━━━━━━・✦
＼大阪府高槻市で募集中／
モデルハウスでの接客から始める
注文住宅の営業職
✦・━━━━━━━━━━━━━━━・✦

「不動産は未経験だけど、人と話すのは得意」
そんな営業・販売経験を活かせる仕事です。

＝＝＝＝＝＝＝＝＝＝＝＝＝＝＝
【✧お仕事の内容✧】

■ 顧客アプローチ・ヒアリング
モデルハウスに来場されたお客様への
ヒアリングと注文住宅プランの提案・作成

■ 調査・提案・競合分析
敷地調査、ローン提案、競合比較を行い、
最適なプランをご提供

■ 進行管理
ご契約後の着工・上棟・完成・引き渡しまでの
進行管理

＝＝＝＝＝＝＝＝＝＝＝＝＝＝＝
【✨働きやすいポイント✨】

✔ 年間休日120日
✔ シフト制（月8〜12日休み）
✔ 9:00〜18:00（実働8時間／休憩60分）
✔ 社会保険完備・住宅手当・資格取得祝金あり

＝＝＝＝＝＝＝＝＝＝＝＝＝＝＝
【✨ここが強み✨】

✅ 賞与年2回・昇給年1回
✅ 営業歩合でインセンティブ還元
✅ 一般職→主任→係長→店長→支店長の
　昇進ルートが明確

まずはお気軽にご応募ください。

案件No：832","《✼ここで働く4つの特徴✼》

✅ ① 頑張りが給与に反映される
営業歩合とインセンティブ制度があり、
賞与は年2回、昇給は年1回です。
役職が上がるごとに固定給も加算されます。

✅ ② 明確なキャリアパス
一般職→主任→係長→店長→支店長。
おおむね2〜3年を目途に昇進します。
（年収例：主任3年目1,284万円／店長8年目2,083万円／支店長13年目2,369万円）

✅ ③ 業界未経験でも挑戦できる
必要なのは何らかの営業経験1年以上（業界問わず）、
または正社員での販売経験（目安1年）。
既卒・第二新卒も歓迎です。

✅ ④ 選考はWeb面接1回
30分〜1時間程度のWeb面接1回で内定可能です。
入社後は各種研修制度も整っています。

＝＝＝＝＝＝＝＝＝＝＝＝＝＝＝
《✼待遇もしっかり✼》

✔ 社会保険完備（健康保険・厚生年金・雇用保険・労災保険）
✔ 確定拠出年金・選択制確定給付企業年金制度
✔ 財形貯蓄制度・従業員持株会
✔ 住宅取得補助制度・住宅手当
✔ 交通費支給・出産祝金・資格取得祝金
✔ 年間休日120日（休暇制度：年末年始休暇・お盆休暇・有給休暇・
慶弔休暇・アニバーサリー休暇・リフレッシュ休暇など）"
302,1247,タマホーム株式会社,業界未経験OK｜住宅営業｜豊中市,月給21.9万円〜◎賞与年2回・インセン制度あり♪,"✦・━━━━━━━━━━━━━━━・✦
＼大阪府豊中市で募集中／
モデルハウスから始める、注文住宅の営業。
未経験の業界でも、経験を活かして挑戦◎
✦・━━━━━━━━━━━━━━━・✦

「不動産は未経験だけど、営業や接客の経験はある」
そんな方が、住宅業界に活躍の場を広げています。

＝＝＝＝＝＝＝＝＝＝＝＝＝＝＝
【✧お仕事の内容✧】

■ 顧客アプローチ・ヒアリング
モデルハウスに来場されたお客様への
ヒアリングと注文住宅プランの提案・作成

■ 調査・提案・競合分析
敷地調査、ローン提案、競合比較を行い、
最適なプランをご提供

■ 進行管理
ご契約後の着工・上棟・完成・引き渡しまでの
進行管理

＝＝＝＝＝＝＝＝＝＝＝＝＝＝＝
【✨この仕事の魅力✨】

✅ インセンティブがしっかり反映
営業歩合があり、頑張りが給与に直結します。
賞与は年2回、昇給は年1回です。

✅ キャリアパスが明確
一般職→主任→係長→店長→支店長と、
おおむね2〜3年を目途に昇進していきます。
役職ごとに固定給も加算されます。

✅ 選考はスピーディー
Web面接1回（30分〜1時間程度）で
内定可能です。

＝＝＝＝＝＝＝＝＝＝＝＝＝＝＝
【✔働き方✔】

✔ 9:00〜18:00（実働8時間／休憩60分）
✔ シフト制（月8〜12日休み）
✔ 年間休日120日

まずはお気軽にご応募ください。

案件No：1247","《✼ここで働く4つの特徴✼》

✅ ① 頑張りが給与に反映される
営業歩合とインセンティブ制度があり、
賞与は年2回、昇給は年1回です。
役職が上がるごとに固定給も加算されます。

✅ ② 明確なキャリアパス
一般職→主任→係長→店長→支店長。
おおむね2〜3年を目途に昇進します。
（年収例：主任3年目1,284万円／店長8年目2,083万円／支店長13年目2,369万円）

✅ ③ 業界未経験でも挑戦できる
必要なのは何らかの営業経験1年以上（業界問わず）、
または正社員での販売経験（目安1年）。
既卒・第二新卒も歓迎です。

✅ ④ 選考はWeb面接1回
30分〜1時間程度のWeb面接1回で内定可能です。
入社後は各種研修制度も整っています。

＝＝＝＝＝＝＝＝＝＝＝＝＝＝＝
《✼待遇もしっかり✼》

✔ 社会保険完備（健康保険・厚生年金・雇用保険・労災保険）
✔ 確定拠出年金・選択制確定給付企業年金制度
✔ 財形貯蓄制度・従業員持株会
✔ 住宅取得補助制度・住宅手当
✔ 交通費支給・出産祝金・資格取得祝金
✔ 年間休日120日（休暇制度：年末年始休暇・お盆休暇・有給休暇・
慶弔休暇・アニバーサリー休暇・リフレッシュ休暇など）"
303,1728,タマホーム株式会社,業界未経験OK｜住宅営業｜枚方市,月給21.9万円〜◎賞与年2回・インセン制度あり♪,"✦・━━━━━━━━━━━━━━━・✦
＼大阪府枚方市で募集中／
「営業経験を、住宅業界で活かす」
注文住宅の提案営業◎
✦・━━━━━━━━━━━━━━━・✦

法人でも個人でも、業界は問いません。
何らかの営業経験、または販売経験があれば
新しいフィールドに挑戦できます。

＝＝＝＝＝＝＝＝＝＝＝＝＝＝＝
【✨この仕事の魅力✨】

✅ キャリアパスが明確
一般職→主任→係長→店長→支店長。
おおむね2〜3年を目途に昇進し、
役職ごとに固定給も加算されます。

✅ インセンティブがしっかり反映
営業歩合があり、賞与は年2回、
昇給は年1回です。

✅ 選考はスピーディー
Web面接1回（30分〜1時間程度）で
内定可能です。

＝＝＝＝＝＝＝＝＝＝＝＝＝＝＝
【✧お仕事の内容✧】

■ 顧客アプローチ・ヒアリング
モデルハウスに来場されたお客様への
ヒアリングと注文住宅プランの提案・作成

■ 調査・提案・競合分析
敷地調査、ローン提案、競合比較を行い、
最適なプランをご提供

■ 進行管理
ご契約後の着工・上棟・完成・引き渡しまでの
進行管理

＝＝＝＝＝＝＝＝＝＝＝＝＝＝＝
【✔働き方✔】

✔ 9:00〜18:00（実働8時間／休憩60分）
✔ シフト制（月8〜12日休み）
✔ 年間休日120日

まずはお気軽にご応募ください。

案件No：1728","《✼ここで働く4つの特徴✼》

✅ ① 頑張りが給与に反映される
営業歩合とインセンティブ制度があり、
賞与は年2回、昇給は年1回です。
役職が上がるごとに固定給も加算されます。

✅ ② 明確なキャリアパス
一般職→主任→係長→店長→支店長。
おおむね2〜3年を目途に昇進します。
（年収例：主任3年目1,284万円／店長8年目2,083万円／支店長13年目2,369万円）

✅ ③ 業界未経験でも挑戦できる
必要なのは何らかの営業経験1年以上（業界問わず）、
または正社員での販売経験（目安1年）。
既卒・第二新卒も歓迎です。

✅ ④ 選考はWeb面接1回
30分〜1時間程度のWeb面接1回で内定可能です。
入社後は各種研修制度も整っています。

＝＝＝＝＝＝＝＝＝＝＝＝＝＝＝
《✼待遇もしっかり✼》

✔ 社会保険完備（健康保険・厚生年金・雇用保険・労災保険）
✔ 確定拠出年金・選択制確定給付企業年金制度
✔ 財形貯蓄制度・従業員持株会
✔ 住宅取得補助制度・住宅手当
✔ 交通費支給・出産祝金・資格取得祝金
✔ 年間休日120日（休暇制度：年末年始休暇・お盆休暇・有給休暇・
慶弔休暇・アニバーサリー休暇・リフレッシュ休暇など）"
304,728,タマホーム株式会社,業界未経験OK｜住宅営業｜茨木市,月給21.9万円〜◎賞与年2回・インセン制度あり♪,"✦・━━━━━━━━━━━━━━━・✦
＼大阪府茨木市で募集中／
モデルハウスでの接客から始める
注文住宅の営業職
✦・━━━━━━━━━━━━━━━・✦

「不動産は未経験だけど、人と話すのは得意」
そんな営業・販売経験を活かせる仕事です。

＝＝＝＝＝＝＝＝＝＝＝＝＝＝＝
【✧お仕事の内容✧】

■ 顧客アプローチ・ヒアリング
モデルハウスに来場されたお客様への
ヒアリングと注文住宅プランの提案・作成

■ 調査・提案・競合分析
敷地調査、ローン提案、競合比較を行い、
最適なプランをご提供

■ 進行管理
ご契約後の着工・上棟・完成・引き渡しまでの
進行管理

＝＝＝＝＝＝＝＝＝＝＝＝＝＝＝
【✨働きやすいポイント✨】

✔ 年間休日120日
✔ シフト制（月8〜12日休み）
✔ 9:00〜18:00（実働8時間／休憩60分）
✔ 社会保険完備・住宅手当・資格取得祝金あり

＝＝＝＝＝＝＝＝＝＝＝＝＝＝＝
【✨ここが強み✨】

✅ 賞与年2回・昇給年1回
✅ 営業歩合でインセンティブ還元
✅ 一般職→主任→係長→店長→支店長の
　昇進ルートが明確

まずはお気軽にご応募ください。

案件No：728","《✼ここで働く4つの特徴✼》

✅ ① 頑張りが給与に反映される
営業歩合とインセンティブ制度があり、
賞与は年2回、昇給は年1回です。
役職が上がるごとに固定給も加算されます。

✅ ② 明確なキャリアパス
一般職→主任→係長→店長→支店長。
おおむね2〜3年を目途に昇進します。
（年収例：主任3年目1,284万円／店長8年目2,083万円／支店長13年目2,369万円）

✅ ③ 業界未経験でも挑戦できる
必要なのは何らかの営業経験1年以上（業界問わず）、
または正社員での販売経験（目安1年）。
既卒・第二新卒も歓迎です。

✅ ④ 選考はWeb面接1回
30分〜1時間程度のWeb面接1回で内定可能です。
入社後は各種研修制度も整っています。

＝＝＝＝＝＝＝＝＝＝＝＝＝＝＝
《✼待遇もしっかり✼》

✔ 社会保険完備（健康保険・厚生年金・雇用保険・労災保険）
✔ 確定拠出年金・選択制確定給付企業年金制度
✔ 財形貯蓄制度・従業員持株会
✔ 住宅取得補助制度・住宅手当
✔ 交通費支給・出産祝金・資格取得祝金
✔ 年間休日120日（休暇制度：年末年始休暇・お盆休暇・有給休暇・
慶弔休暇・アニバーサリー休暇・リフレッシュ休暇など）"
305,1322,タマホーム株式会社,業界未経験OK｜住宅営業｜泉大津市,月給21.9万円〜◎賞与年2回・インセン制度あり♪,"✦・━━━━━━━━━━━━━━━・✦
＼大阪府泉大津市で募集中／
モデルハウスから始める、注文住宅の営業。
未経験の業界でも、経験を活かして挑戦◎
✦・━━━━━━━━━━━━━━━・✦

「不動産は未経験だけど、営業や接客の経験はある」
そんな方が、住宅業界に活躍の場を広げています。

＝＝＝＝＝＝＝＝＝＝＝＝＝＝＝
【✧お仕事の内容✧】

■ 顧客アプローチ・ヒアリング
モデルハウスに来場されたお客様への
ヒアリングと注文住宅プランの提案・作成

■ 調査・提案・競合分析
敷地調査、ローン提案、競合比較を行い、
最適なプランをご提供

■ 進行管理
ご契約後の着工・上棟・完成・引き渡しまでの
進行管理

＝＝＝＝＝＝＝＝＝＝＝＝＝＝＝
【✨この仕事の魅力✨】

✅ インセンティブがしっかり反映
営業歩合があり、頑張りが給与に直結します。
賞与は年2回、昇給は年1回です。

✅ キャリアパスが明確
一般職→主任→係長→店長→支店長と、
おおむね2〜3年を目途に昇進していきます。
役職ごとに固定給も加算されます。

✅ 選考はスピーディー
Web面接1回（30分〜1時間程度）で
内定可能です。

＝＝＝＝＝＝＝＝＝＝＝＝＝＝＝
【✔働き方✔】

✔ 9:00〜18:00（実働8時間／休憩60分）
✔ シフト制（月8〜12日休み）
✔ 年間休日120日

まずはお気軽にご応募ください。

案件No：1322","《✼ここで働く4つの特徴✼》

✅ ① 頑張りが給与に反映される
営業歩合とインセンティブ制度があり、
賞与は年2回、昇給は年1回です。
役職が上がるごとに固定給も加算されます。

✅ ② 明確なキャリアパス
一般職→主任→係長→店長→支店長。
おおむね2〜3年を目途に昇進します。
（年収例：主任3年目1,284万円／店長8年目2,083万円／支店長13年目2,369万円）

✅ ③ 業界未経験でも挑戦できる
必要なのは何らかの営業経験1年以上（業界問わず）、
または正社員での販売経験（目安1年）。
既卒・第二新卒も歓迎です。

✅ ④ 選考はWeb面接1回
30分〜1時間程度のWeb面接1回で内定可能です。
入社後は各種研修制度も整っています。

＝＝＝＝＝＝＝＝＝＝＝＝＝＝＝
《✼待遇もしっかり✼》

✔ 社会保険完備（健康保険・厚生年金・雇用保険・労災保険）
✔ 確定拠出年金・選択制確定給付企業年金制度
✔ 財形貯蓄制度・従業員持株会
✔ 住宅取得補助制度・住宅手当
✔ 交通費支給・出産祝金・資格取得祝金
✔ 年間休日120日（休暇制度：年末年始休暇・お盆休暇・有給休暇・
慶弔休暇・アニバーサリー休暇・リフレッシュ休暇など）"
306,1019,タマホーム株式会社,業界未経験OK｜住宅営業｜京都市西京区,月給21.9万円〜◎賞与年2回・インセン制度あり♪,"✦・━━━━━━━━━━━━━━━・✦
＼京都府京都市西京区で募集中／
「営業経験を、住宅業界で活かす」
注文住宅の提案営業◎
✦・━━━━━━━━━━━━━━━・✦

法人でも個人でも、業界は問いません。
何らかの営業経験、または販売経験があれば
新しいフィールドに挑戦できます。

＝＝＝＝＝＝＝＝＝＝＝＝＝＝＝
【✨この仕事の魅力✨】

✅ キャリアパスが明確
一般職→主任→係長→店長→支店長。
おおむね2〜3年を目途に昇進し、
役職ごとに固定給も加算されます。

✅ インセンティブがしっかり反映
営業歩合があり、賞与は年2回、
昇給は年1回です。

✅ 選考はスピーディー
Web面接1回（30分〜1時間程度）で
内定可能です。

＝＝＝＝＝＝＝＝＝＝＝＝＝＝＝
【✧お仕事の内容✧】

■ 顧客アプローチ・ヒアリング
モデルハウスに来場されたお客様への
ヒアリングと注文住宅プランの提案・作成

■ 調査・提案・競合分析
敷地調査、ローン提案、競合比較を行い、
最適なプランをご提供

■ 進行管理
ご契約後の着工・上棟・完成・引き渡しまでの
進行管理

＝＝＝＝＝＝＝＝＝＝＝＝＝＝＝
【✔働き方✔】

✔ 9:00〜18:00（実働8時間／休憩60分）
✔ シフト制（月8〜12日休み）
✔ 年間休日120日

まずはお気軽にご応募ください。

案件No：1019","《✼ここで働く4つの特徴✼》

✅ ① 頑張りが給与に反映される
営業歩合とインセンティブ制度があり、
賞与は年2回、昇給は年1回です。
役職が上がるごとに固定給も加算されます。

✅ ② 明確なキャリアパス
一般職→主任→係長→店長→支店長。
おおむね2〜3年を目途に昇進します。
（年収例：主任3年目1,284万円／店長8年目2,083万円／支店長13年目2,369万円）

✅ ③ 業界未経験でも挑戦できる
必要なのは何らかの営業経験1年以上（業界問わず）、
または正社員での販売経験（目安1年）。
既卒・第二新卒も歓迎です。

✅ ④ 選考はWeb面接1回
30分〜1時間程度のWeb面接1回で内定可能です。
入社後は各種研修制度も整っています。

＝＝＝＝＝＝＝＝＝＝＝＝＝＝＝
《✼待遇もしっかり✼》

✔ 社会保険完備（健康保険・厚生年金・雇用保険・労災保険）
✔ 確定拠出年金・選択制確定給付企業年金制度
✔ 財形貯蓄制度・従業員持株会
✔ 住宅取得補助制度・住宅手当
✔ 交通費支給・出産祝金・資格取得祝金
✔ 年間休日120日（休暇制度：年末年始休暇・お盆休暇・有給休暇・
慶弔休暇・アニバーサリー休暇・リフレッシュ休暇など）"
307,46,タマホーム株式会社,業界未経験OK｜住宅営業｜京都市伏見区,月給21.9万円〜◎賞与年2回・インセン制度あり♪,"✦・━━━━━━━━━━━━━━━・✦
＼京都府京都市伏見区で募集中／
モデルハウスでの接客から始める
注文住宅の営業職
✦・━━━━━━━━━━━━━━━・✦

「不動産は未経験だけど、人と話すのは得意」
そんな営業・販売経験を活かせる仕事です。

＝＝＝＝＝＝＝＝＝＝＝＝＝＝＝
【✧お仕事の内容✧】

■ 顧客アプローチ・ヒアリング
モデルハウスに来場されたお客様への
ヒアリングと注文住宅プランの提案・作成

■ 調査・提案・競合分析
敷地調査、ローン提案、競合比較を行い、
最適なプランをご提供

■ 進行管理
ご契約後の着工・上棟・完成・引き渡しまでの
進行管理

＝＝＝＝＝＝＝＝＝＝＝＝＝＝＝
【✨働きやすいポイント✨】

✔ 年間休日120日
✔ シフト制（月8〜12日休み）
✔ 9:00〜18:00（実働8時間／休憩60分）
✔ 社会保険完備・住宅手当・資格取得祝金あり

＝＝＝＝＝＝＝＝＝＝＝＝＝＝＝
【✨ここが強み✨】

✅ 賞与年2回・昇給年1回
✅ 営業歩合でインセンティブ還元
✅ 一般職→主任→係長→店長→支店長の
　昇進ルートが明確

まずはお気軽にご応募ください。

案件No：46","《✼ここで働く4つの特徴✼》

✅ ① 頑張りが給与に反映される
営業歩合とインセンティブ制度があり、
賞与は年2回、昇給は年1回です。
役職が上がるごとに固定給も加算されます。

✅ ② 明確なキャリアパス
一般職→主任→係長→店長→支店長。
おおむね2〜3年を目途に昇進します。
（年収例：主任3年目1,284万円／店長8年目2,083万円／支店長13年目2,369万円）

✅ ③ 業界未経験でも挑戦できる
必要なのは何らかの営業経験1年以上（業界問わず）、
または正社員での販売経験（目安1年）。
既卒・第二新卒も歓迎です。

✅ ④ 選考はWeb面接1回
30分〜1時間程度のWeb面接1回で内定可能です。
入社後は各種研修制度も整っています。

＝＝＝＝＝＝＝＝＝＝＝＝＝＝＝
《✼待遇もしっかり✼》

✔ 社会保険完備（健康保険・厚生年金・雇用保険・労災保険）
✔ 確定拠出年金・選択制確定給付企業年金制度
✔ 財形貯蓄制度・従業員持株会
✔ 住宅取得補助制度・住宅手当
✔ 交通費支給・出産祝金・資格取得祝金
✔ 年間休日120日（休暇制度：年末年始休暇・お盆休暇・有給休暇・
慶弔休暇・アニバーサリー休暇・リフレッシュ休暇など）"
308,2687,タマホーム株式会社,業界未経験OK｜住宅営業｜福知山市,月給21.9万円〜◎賞与年2回・インセン制度あり♪,"✦・━━━━━━━━━━━━━━━・✦
＼京都府福知山市で募集中／
モデルハウスから始める、注文住宅の営業。
未経験の業界でも、経験を活かして挑戦◎
✦・━━━━━━━━━━━━━━━・✦

「不動産は未経験だけど、営業や接客の経験はある」
そんな方が、住宅業界に活躍の場を広げています。

＝＝＝＝＝＝＝＝＝＝＝＝＝＝＝
【✧お仕事の内容✧】

■ 顧客アプローチ・ヒアリング
モデルハウスに来場されたお客様への
ヒアリングと注文住宅プランの提案・作成

■ 調査・提案・競合分析
敷地調査、ローン提案、競合比較を行い、
最適なプランをご提供

■ 進行管理
ご契約後の着工・上棟・完成・引き渡しまでの
進行管理

＝＝＝＝＝＝＝＝＝＝＝＝＝＝＝
【✨この仕事の魅力✨】

✅ インセンティブがしっかり反映
営業歩合があり、頑張りが給与に直結します。
賞与は年2回、昇給は年1回です。

✅ キャリアパスが明確
一般職→主任→係長→店長→支店長と、
おおむね2〜3年を目途に昇進していきます。
役職ごとに固定給も加算されます。

✅ 選考はスピーディー
Web面接1回（30分〜1時間程度）で
内定可能です。

＝＝＝＝＝＝＝＝＝＝＝＝＝＝＝
【✔働き方✔】

✔ 9:00〜18:00（実働8時間／休憩60分）
✔ シフト制（月8〜12日休み）
✔ 年間休日120日

まずはお気軽にご応募ください。

案件No：2687","《✼ここで働く4つの特徴✼》

✅ ① 頑張りが給与に反映される
営業歩合とインセンティブ制度があり、
賞与は年2回、昇給は年1回です。
役職が上がるごとに固定給も加算されます。

✅ ② 明確なキャリアパス
一般職→主任→係長→店長→支店長。
おおむね2〜3年を目途に昇進します。
（年収例：主任3年目1,284万円／店長8年目2,083万円／支店長13年目2,369万円）

✅ ③ 業界未経験でも挑戦できる
必要なのは何らかの営業経験1年以上（業界問わず）、
または正社員での販売経験（目安1年）。
既卒・第二新卒も歓迎です。

✅ ④ 選考はWeb面接1回
30分〜1時間程度のWeb面接1回で内定可能です。
入社後は各種研修制度も整っています。

＝＝＝＝＝＝＝＝＝＝＝＝＝＝＝
《✼待遇もしっかり✼》

✔ 社会保険完備（健康保険・厚生年金・雇用保険・労災保険）
✔ 確定拠出年金・選択制確定給付企業年金制度
✔ 財形貯蓄制度・従業員持株会
✔ 住宅取得補助制度・住宅手当
✔ 交通費支給・出産祝金・資格取得祝金
✔ 年間休日120日（休暇制度：年末年始休暇・お盆休暇・有給休暇・
慶弔休暇・アニバーサリー休暇・リフレッシュ休暇など）"
309,242,タマホーム株式会社,業界未経験OK｜住宅営業｜豊田市,月給21.9万円〜◎賞与年2回・インセン制度あり♪,"✦・━━━━━━━━━━━━━━━・✦
＼愛知県豊田市で募集中／
「営業経験を、住宅業界で活かす」
注文住宅の提案営業◎
✦・━━━━━━━━━━━━━━━・✦

法人でも個人でも、業界は問いません。
何らかの営業経験、または販売経験があれば
新しいフィールドに挑戦できます。

＝＝＝＝＝＝＝＝＝＝＝＝＝＝＝
【✨この仕事の魅力✨】

✅ キャリアパスが明確
一般職→主任→係長→店長→支店長。
おおむね2〜3年を目途に昇進し、
役職ごとに固定給も加算されます。

✅ インセンティブがしっかり反映
営業歩合があり、賞与は年2回、
昇給は年1回です。

✅ 選考はスピーディー
Web面接1回（30分〜1時間程度）で
内定可能です。

＝＝＝＝＝＝＝＝＝＝＝＝＝＝＝
【✧お仕事の内容✧】

■ 顧客アプローチ・ヒアリング
モデルハウスに来場されたお客様への
ヒアリングと注文住宅プランの提案・作成

■ 調査・提案・競合分析
敷地調査、ローン提案、競合比較を行い、
最適なプランをご提供

■ 進行管理
ご契約後の着工・上棟・完成・引き渡しまでの
進行管理

＝＝＝＝＝＝＝＝＝＝＝＝＝＝＝
【✔働き方✔】

✔ 9:00〜18:00（実働8時間／休憩60分）
✔ シフト制（月8〜12日休み）
✔ 年間休日120日

まずはお気軽にご応募ください。

案件No：242","《✼ここで働く4つの特徴✼》

✅ ① 頑張りが給与に反映される
営業歩合とインセンティブ制度があり、
賞与は年2回、昇給は年1回です。
役職が上がるごとに固定給も加算されます。

✅ ② 明確なキャリアパス
一般職→主任→係長→店長→支店長。
おおむね2〜3年を目途に昇進します。
（年収例：主任3年目1,284万円／店長8年目2,083万円／支店長13年目2,369万円）

✅ ③ 業界未経験でも挑戦できる
必要なのは何らかの営業経験1年以上（業界問わず）、
または正社員での販売経験（目安1年）。
既卒・第二新卒も歓迎です。

✅ ④ 選考はWeb面接1回
30分〜1時間程度のWeb面接1回で内定可能です。
入社後は各種研修制度も整っています。

＝＝＝＝＝＝＝＝＝＝＝＝＝＝＝
《✼待遇もしっかり✼》

✔ 社会保険完備（健康保険・厚生年金・雇用保険・労災保険）
✔ 確定拠出年金・選択制確定給付企業年金制度
✔ 財形貯蓄制度・従業員持株会
✔ 住宅取得補助制度・住宅手当
✔ 交通費支給・出産祝金・資格取得祝金
✔ 年間休日120日（休暇制度：年末年始休暇・お盆休暇・有給休暇・
慶弔休暇・アニバーサリー休暇・リフレッシュ休暇など）"
310,1860,タマホーム株式会社,業界未経験OK｜住宅営業｜西尾市,月給21.9万円〜◎賞与年2回・インセン制度あり♪,"✦・━━━━━━━━━━━━━━━・✦
＼愛知県西尾市で募集中／
モデルハウスでの接客から始める
注文住宅の営業職
✦・━━━━━━━━━━━━━━━・✦

「不動産は未経験だけど、人と話すのは得意」
そんな営業・販売経験を活かせる仕事です。

＝＝＝＝＝＝＝＝＝＝＝＝＝＝＝
【✧お仕事の内容✧】

■ 顧客アプローチ・ヒアリング
モデルハウスに来場されたお客様への
ヒアリングと注文住宅プランの提案・作成

■ 調査・提案・競合分析
敷地調査、ローン提案、競合比較を行い、
最適なプランをご提供

■ 進行管理
ご契約後の着工・上棟・完成・引き渡しまでの
進行管理

＝＝＝＝＝＝＝＝＝＝＝＝＝＝＝
【✨働きやすいポイント✨】

✔ 年間休日120日
✔ シフト制（月8〜12日休み）
✔ 9:00〜18:00（実働8時間／休憩60分）
✔ 社会保険完備・住宅手当・資格取得祝金あり

＝＝＝＝＝＝＝＝＝＝＝＝＝＝＝
【✨ここが強み✨】

✅ 賞与年2回・昇給年1回
✅ 営業歩合でインセンティブ還元
✅ 一般職→主任→係長→店長→支店長の
　昇進ルートが明確

まずはお気軽にご応募ください。

案件No：1860","《✼ここで働く4つの特徴✼》

✅ ① 頑張りが給与に反映される
営業歩合とインセンティブ制度があり、
賞与は年2回、昇給は年1回です。
役職が上がるごとに固定給も加算されます。

✅ ② 明確なキャリアパス
一般職→主任→係長→店長→支店長。
おおむね2〜3年を目途に昇進します。
（年収例：主任3年目1,284万円／店長8年目2,083万円／支店長13年目2,369万円）

✅ ③ 業界未経験でも挑戦できる
必要なのは何らかの営業経験1年以上（業界問わず）、
または正社員での販売経験（目安1年）。
既卒・第二新卒も歓迎です。

✅ ④ 選考はWeb面接1回
30分〜1時間程度のWeb面接1回で内定可能です。
入社後は各種研修制度も整っています。

＝＝＝＝＝＝＝＝＝＝＝＝＝＝＝
《✼待遇もしっかり✼》

✔ 社会保険完備（健康保険・厚生年金・雇用保険・労災保険）
✔ 確定拠出年金・選択制確定給付企業年金制度
✔ 財形貯蓄制度・従業員持株会
✔ 住宅取得補助制度・住宅手当
✔ 交通費支給・出産祝金・資格取得祝金
✔ 年間休日120日（休暇制度：年末年始休暇・お盆休暇・有給休暇・
慶弔休暇・アニバーサリー休暇・リフレッシュ休暇など）"
311,1462,タマホーム株式会社,業界未経験OK｜住宅営業｜豊田市,月給21.9万円〜◎賞与年2回・インセン制度あり♪,"✦・━━━━━━━━━━━━━━━・✦
＼愛知県豊田市で募集中／
モデルハウスから始める、注文住宅の営業。
未経験の業界でも、経験を活かして挑戦◎
✦・━━━━━━━━━━━━━━━・✦

「不動産は未経験だけど、営業や接客の経験はある」
そんな方が、住宅業界に活躍の場を広げています。

＝＝＝＝＝＝＝＝＝＝＝＝＝＝＝
【✧お仕事の内容✧】

■ 顧客アプローチ・ヒアリング
モデルハウスに来場されたお客様への
ヒアリングと注文住宅プランの提案・作成

■ 調査・提案・競合分析
敷地調査、ローン提案、競合比較を行い、
最適なプランをご提供

■ 進行管理
ご契約後の着工・上棟・完成・引き渡しまでの
進行管理

＝＝＝＝＝＝＝＝＝＝＝＝＝＝＝
【✨この仕事の魅力✨】

✅ インセンティブがしっかり反映
営業歩合があり、頑張りが給与に直結します。
賞与は年2回、昇給は年1回です。

✅ キャリアパスが明確
一般職→主任→係長→店長→支店長と、
おおむね2〜3年を目途に昇進していきます。
役職ごとに固定給も加算されます。

✅ 選考はスピーディー
Web面接1回（30分〜1時間程度）で
内定可能です。

＝＝＝＝＝＝＝＝＝＝＝＝＝＝＝
【✔働き方✔】

✔ 9:00〜18:00（実働8時間／休憩60分）
✔ シフト制（月8〜12日休み）
✔ 年間休日120日

まずはお気軽にご応募ください。

案件No：1462","《✼ここで働く4つの特徴✼》

✅ ① 頑張りが給与に反映される
営業歩合とインセンティブ制度があり、
賞与は年2回、昇給は年1回です。
役職が上がるごとに固定給も加算されます。

✅ ② 明確なキャリアパス
一般職→主任→係長→店長→支店長。
おおむね2〜3年を目途に昇進します。
（年収例：主任3年目1,284万円／店長8年目2,083万円／支店長13年目2,369万円）

✅ ③ 業界未経験でも挑戦できる
必要なのは何らかの営業経験1年以上（業界問わず）、
または正社員での販売経験（目安1年）。
既卒・第二新卒も歓迎です。

✅ ④ 選考はWeb面接1回
30分〜1時間程度のWeb面接1回で内定可能です。
入社後は各種研修制度も整っています。

＝＝＝＝＝＝＝＝＝＝＝＝＝＝＝
《✼待遇もしっかり✼》

✔ 社会保険完備（健康保険・厚生年金・雇用保険・労災保険）
✔ 確定拠出年金・選択制確定給付企業年金制度
✔ 財形貯蓄制度・従業員持株会
✔ 住宅取得補助制度・住宅手当
✔ 交通費支給・出産祝金・資格取得祝金
✔ 年間休日120日（休暇制度：年末年始休暇・お盆休暇・有給休暇・
慶弔休暇・アニバーサリー休暇・リフレッシュ休暇など）"
312,1238,タマホーム株式会社,業界未経験OK｜住宅営業｜安城市,月給21.9万円〜◎賞与年2回・インセン制度あり♪,"✦・━━━━━━━━━━━━━━━・✦
＼愛知県安城市で募集中／
「営業経験を、住宅業界で活かす」
注文住宅の提案営業◎
✦・━━━━━━━━━━━━━━━・✦

法人でも個人でも、業界は問いません。
何らかの営業経験、または販売経験があれば
新しいフィールドに挑戦できます。

＝＝＝＝＝＝＝＝＝＝＝＝＝＝＝
【✨この仕事の魅力✨】

✅ キャリアパスが明確
一般職→主任→係長→店長→支店長。
おおむね2〜3年を目途に昇進し、
役職ごとに固定給も加算されます。

✅ インセンティブがしっかり反映
営業歩合があり、賞与は年2回、
昇給は年1回です。

✅ 選考はスピーディー
Web面接1回（30分〜1時間程度）で
内定可能です。

＝＝＝＝＝＝＝＝＝＝＝＝＝＝＝
【✧お仕事の内容✧】

■ 顧客アプローチ・ヒアリング
モデルハウスに来場されたお客様への
ヒアリングと注文住宅プランの提案・作成

■ 調査・提案・競合分析
敷地調査、ローン提案、競合比較を行い、
最適なプランをご提供

■ 進行管理
ご契約後の着工・上棟・完成・引き渡しまでの
進行管理

＝＝＝＝＝＝＝＝＝＝＝＝＝＝＝
【✔働き方✔】

✔ 9:00〜18:00（実働8時間／休憩60分）
✔ シフト制（月8〜12日休み）
✔ 年間休日120日

まずはお気軽にご応募ください。

案件No：1238","《✼ここで働く4つの特徴✼》

✅ ① 頑張りが給与に反映される
営業歩合とインセンティブ制度があり、
賞与は年2回、昇給は年1回です。
役職が上がるごとに固定給も加算されます。

✅ ② 明確なキャリアパス
一般職→主任→係長→店長→支店長。
おおむね2〜3年を目途に昇進します。
（年収例：主任3年目1,284万円／店長8年目2,083万円／支店長13年目2,369万円）

✅ ③ 業界未経験でも挑戦できる
必要なのは何らかの営業経験1年以上（業界問わず）、
または正社員での販売経験（目安1年）。
既卒・第二新卒も歓迎です。

✅ ④ 選考はWeb面接1回
30分〜1時間程度のWeb面接1回で内定可能です。
入社後は各種研修制度も整っています。

＝＝＝＝＝＝＝＝＝＝＝＝＝＝＝
《✼待遇もしっかり✼》

✔ 社会保険完備（健康保険・厚生年金・雇用保険・労災保険）
✔ 確定拠出年金・選択制確定給付企業年金制度
✔ 財形貯蓄制度・従業員持株会
✔ 住宅取得補助制度・住宅手当
✔ 交通費支給・出産祝金・資格取得祝金
✔ 年間休日120日（休暇制度：年末年始休暇・お盆休暇・有給休暇・
慶弔休暇・アニバーサリー休暇・リフレッシュ休暇など）"
313,1800,タマホーム株式会社,業界未経験OK｜住宅営業｜豊橋市,月給21.9万円〜◎賞与年2回・インセン制度あり♪,"✦・━━━━━━━━━━━━━━━・✦
＼愛知県豊橋市で募集中／
モデルハウスでの接客から始める
注文住宅の営業職
✦・━━━━━━━━━━━━━━━・✦

「不動産は未経験だけど、人と話すのは得意」
そんな営業・販売経験を活かせる仕事です。

＝＝＝＝＝＝＝＝＝＝＝＝＝＝＝
【✧お仕事の内容✧】

■ 顧客アプローチ・ヒアリング
モデルハウスに来場されたお客様への
ヒアリングと注文住宅プランの提案・作成

■ 調査・提案・競合分析
敷地調査、ローン提案、競合比較を行い、
最適なプランをご提供

■ 進行管理
ご契約後の着工・上棟・完成・引き渡しまでの
進行管理

＝＝＝＝＝＝＝＝＝＝＝＝＝＝＝
【✨働きやすいポイント✨】

✔ 年間休日120日
✔ シフト制（月8〜12日休み）
✔ 9:00〜18:00（実働8時間／休憩60分）
✔ 社会保険完備・住宅手当・資格取得祝金あり

＝＝＝＝＝＝＝＝＝＝＝＝＝＝＝
【✨ここが強み✨】

✅ 賞与年2回・昇給年1回
✅ 営業歩合でインセンティブ還元
✅ 一般職→主任→係長→店長→支店長の
　昇進ルートが明確

まずはお気軽にご応募ください。

案件No：1800","《✼ここで働く4つの特徴✼》

✅ ① 頑張りが給与に反映される
営業歩合とインセンティブ制度があり、
賞与は年2回、昇給は年1回です。
役職が上がるごとに固定給も加算されます。

✅ ② 明確なキャリアパス
一般職→主任→係長→店長→支店長。
おおむね2〜3年を目途に昇進します。
（年収例：主任3年目1,284万円／店長8年目2,083万円／支店長13年目2,369万円）

✅ ③ 業界未経験でも挑戦できる
必要なのは何らかの営業経験1年以上（業界問わず）、
または正社員での販売経験（目安1年）。
既卒・第二新卒も歓迎です。

✅ ④ 選考はWeb面接1回
30分〜1時間程度のWeb面接1回で内定可能です。
入社後は各種研修制度も整っています。

＝＝＝＝＝＝＝＝＝＝＝＝＝＝＝
《✼待遇もしっかり✼》

✔ 社会保険完備（健康保険・厚生年金・雇用保険・労災保険）
✔ 確定拠出年金・選択制確定給付企業年金制度
✔ 財形貯蓄制度・従業員持株会
✔ 住宅取得補助制度・住宅手当
✔ 交通費支給・出産祝金・資格取得祝金
✔ 年間休日120日（休暇制度：年末年始休暇・お盆休暇・有給休暇・
慶弔休暇・アニバーサリー休暇・リフレッシュ休暇など）"
314,1201,タマホーム株式会社,業界未経験OK｜住宅営業｜岡崎市,月給21.9万円〜◎賞与年2回・インセン制度あり♪,"✦・━━━━━━━━━━━━━━━・✦
＼愛知県岡崎市で募集中／
モデルハウスから始める、注文住宅の営業。
未経験の業界でも、経験を活かして挑戦◎
✦・━━━━━━━━━━━━━━━・✦

「不動産は未経験だけど、営業や接客の経験はある」
そんな方が、住宅業界に活躍の場を広げています。

＝＝＝＝＝＝＝＝＝＝＝＝＝＝＝
【✧お仕事の内容✧】

■ 顧客アプローチ・ヒアリング
モデルハウスに来場されたお客様への
ヒアリングと注文住宅プランの提案・作成

■ 調査・提案・競合分析
敷地調査、ローン提案、競合比較を行い、
最適なプランをご提供

■ 進行管理
ご契約後の着工・上棟・完成・引き渡しまでの
進行管理

＝＝＝＝＝＝＝＝＝＝＝＝＝＝＝
【✨この仕事の魅力✨】

✅ インセンティブがしっかり反映
営業歩合があり、頑張りが給与に直結します。
賞与は年2回、昇給は年1回です。

✅ キャリアパスが明確
一般職→主任→係長→店長→支店長と、
おおむね2〜3年を目途に昇進していきます。
役職ごとに固定給も加算されます。

✅ 選考はスピーディー
Web面接1回（30分〜1時間程度）で
内定可能です。

＝＝＝＝＝＝＝＝＝＝＝＝＝＝＝
【✔働き方✔】

✔ 9:00〜18:00（実働8時間／休憩60分）
✔ シフト制（月8〜12日休み）
✔ 年間休日120日

まずはお気軽にご応募ください。

案件No：1201","《✼ここで働く4つの特徴✼》

✅ ① 頑張りが給与に反映される
営業歩合とインセンティブ制度があり、
賞与は年2回、昇給は年1回です。
役職が上がるごとに固定給も加算されます。

✅ ② 明確なキャリアパス
一般職→主任→係長→店長→支店長。
おおむね2〜3年を目途に昇進します。
（年収例：主任3年目1,284万円／店長8年目2,083万円／支店長13年目2,369万円）

✅ ③ 業界未経験でも挑戦できる
必要なのは何らかの営業経験1年以上（業界問わず）、
または正社員での販売経験（目安1年）。
既卒・第二新卒も歓迎です。

✅ ④ 選考はWeb面接1回
30分〜1時間程度のWeb面接1回で内定可能です。
入社後は各種研修制度も整っています。

＝＝＝＝＝＝＝＝＝＝＝＝＝＝＝
《✼待遇もしっかり✼》

✔ 社会保険完備（健康保険・厚生年金・雇用保険・労災保険）
✔ 確定拠出年金・選択制確定給付企業年金制度
✔ 財形貯蓄制度・従業員持株会
✔ 住宅取得補助制度・住宅手当
✔ 交通費支給・出産祝金・資格取得祝金
✔ 年間休日120日（休暇制度：年末年始休暇・お盆休暇・有給休暇・
慶弔休暇・アニバーサリー休暇・リフレッシュ休暇など）"
315,739,タマホーム株式会社,業界未経験OK｜住宅営業｜津島市,月給21.9万円〜◎賞与年2回・インセン制度あり♪,"✦・━━━━━━━━━━━━━━━・✦
＼愛知県津島市で募集中／
「営業経験を、住宅業界で活かす」
注文住宅の提案営業◎
✦・━━━━━━━━━━━━━━━・✦

法人でも個人でも、業界は問いません。
何らかの営業経験、または販売経験があれば
新しいフィールドに挑戦できます。

＝＝＝＝＝＝＝＝＝＝＝＝＝＝＝
【✨この仕事の魅力✨】

✅ キャリアパスが明確
一般職→主任→係長→店長→支店長。
おおむね2〜3年を目途に昇進し、
役職ごとに固定給も加算されます。

✅ インセンティブがしっかり反映
営業歩合があり、賞与は年2回、
昇給は年1回です。

✅ 選考はスピーディー
Web面接1回（30分〜1時間程度）で
内定可能です。

＝＝＝＝＝＝＝＝＝＝＝＝＝＝＝
【✧お仕事の内容✧】

■ 顧客アプローチ・ヒアリング
モデルハウスに来場されたお客様への
ヒアリングと注文住宅プランの提案・作成

■ 調査・提案・競合分析
敷地調査、ローン提案、競合比較を行い、
最適なプランをご提供

■ 進行管理
ご契約後の着工・上棟・完成・引き渡しまでの
進行管理

＝＝＝＝＝＝＝＝＝＝＝＝＝＝＝
【✔働き方✔】

✔ 9:00〜18:00（実働8時間／休憩60分）
✔ シフト制（月8〜12日休み）
✔ 年間休日120日

まずはお気軽にご応募ください。

案件No：739","《✼ここで働く4つの特徴✼》

✅ ① 頑張りが給与に反映される
営業歩合とインセンティブ制度があり、
賞与は年2回、昇給は年1回です。
役職が上がるごとに固定給も加算されます。

✅ ② 明確なキャリアパス
一般職→主任→係長→店長→支店長。
おおむね2〜3年を目途に昇進します。
（年収例：主任3年目1,284万円／店長8年目2,083万円／支店長13年目2,369万円）

✅ ③ 業界未経験でも挑戦できる
必要なのは何らかの営業経験1年以上（業界問わず）、
または正社員での販売経験（目安1年）。
既卒・第二新卒も歓迎です。

✅ ④ 選考はWeb面接1回
30分〜1時間程度のWeb面接1回で内定可能です。
入社後は各種研修制度も整っています。

＝＝＝＝＝＝＝＝＝＝＝＝＝＝＝
《✼待遇もしっかり✼》

✔ 社会保険完備（健康保険・厚生年金・雇用保険・労災保険）
✔ 確定拠出年金・選択制確定給付企業年金制度
✔ 財形貯蓄制度・従業員持株会
✔ 住宅取得補助制度・住宅手当
✔ 交通費支給・出産祝金・資格取得祝金
✔ 年間休日120日（休暇制度：年末年始休暇・お盆休暇・有給休暇・
慶弔休暇・アニバーサリー休暇・リフレッシュ休暇など）"
316,2550,タマホーム株式会社,業界未経験OK｜住宅営業｜小牧市,月給21.9万円〜◎賞与年2回・インセン制度あり♪,"✦・━━━━━━━━━━━━━━━・✦
＼愛知県小牧市で募集中／
モデルハウスでの接客から始める
注文住宅の営業職
✦・━━━━━━━━━━━━━━━・✦

「不動産は未経験だけど、人と話すのは得意」
そんな営業・販売経験を活かせる仕事です。

＝＝＝＝＝＝＝＝＝＝＝＝＝＝＝
【✧お仕事の内容✧】

■ 顧客アプローチ・ヒアリング
モデルハウスに来場されたお客様への
ヒアリングと注文住宅プランの提案・作成

■ 調査・提案・競合分析
敷地調査、ローン提案、競合比較を行い、
最適なプランをご提供

■ 進行管理
ご契約後の着工・上棟・完成・引き渡しまでの
進行管理

＝＝＝＝＝＝＝＝＝＝＝＝＝＝＝
【✨働きやすいポイント✨】

✔ 年間休日120日
✔ シフト制（月8〜12日休み）
✔ 9:00〜18:00（実働8時間／休憩60分）
✔ 社会保険完備・住宅手当・資格取得祝金あり

＝＝＝＝＝＝＝＝＝＝＝＝＝＝＝
【✨ここが強み✨】

✅ 賞与年2回・昇給年1回
✅ 営業歩合でインセンティブ還元
✅ 一般職→主任→係長→店長→支店長の
　昇進ルートが明確

まずはお気軽にご応募ください。

案件No：2550","《✼ここで働く4つの特徴✼》

✅ ① 頑張りが給与に反映される
営業歩合とインセンティブ制度があり、
賞与は年2回、昇給は年1回です。
役職が上がるごとに固定給も加算されます。

✅ ② 明確なキャリアパス
一般職→主任→係長→店長→支店長。
おおむね2〜3年を目途に昇進します。
（年収例：主任3年目1,284万円／店長8年目2,083万円／支店長13年目2,369万円）

✅ ③ 業界未経験でも挑戦できる
必要なのは何らかの営業経験1年以上（業界問わず）、
または正社員での販売経験（目安1年）。
既卒・第二新卒も歓迎です。

✅ ④ 選考はWeb面接1回
30分〜1時間程度のWeb面接1回で内定可能です。
入社後は各種研修制度も整っています。

＝＝＝＝＝＝＝＝＝＝＝＝＝＝＝
《✼待遇もしっかり✼》

✔ 社会保険完備（健康保険・厚生年金・雇用保険・労災保険）
✔ 確定拠出年金・選択制確定給付企業年金制度
✔ 財形貯蓄制度・従業員持株会
✔ 住宅取得補助制度・住宅手当
✔ 交通費支給・出産祝金・資格取得祝金
✔ 年間休日120日（休暇制度：年末年始休暇・お盆休暇・有給休暇・
慶弔休暇・アニバーサリー休暇・リフレッシュ休暇など）"
317,1445,タマホーム株式会社,業界未経験OK｜住宅営業｜一宮市,月給21.9万円〜◎賞与年2回・インセン制度あり♪,"✦・━━━━━━━━━━━━━━━・✦
＼愛知県一宮市で募集中／
モデルハウスから始める、注文住宅の営業。
未経験の業界でも、経験を活かして挑戦◎
✦・━━━━━━━━━━━━━━━・✦

「不動産は未経験だけど、営業や接客の経験はある」
そんな方が、住宅業界に活躍の場を広げています。

＝＝＝＝＝＝＝＝＝＝＝＝＝＝＝
【✧お仕事の内容✧】

■ 顧客アプローチ・ヒアリング
モデルハウスに来場されたお客様への
ヒアリングと注文住宅プランの提案・作成

■ 調査・提案・競合分析
敷地調査、ローン提案、競合比較を行い、
最適なプランをご提供

■ 進行管理
ご契約後の着工・上棟・完成・引き渡しまでの
進行管理

＝＝＝＝＝＝＝＝＝＝＝＝＝＝＝
【✨この仕事の魅力✨】

✅ インセンティブがしっかり反映
営業歩合があり、頑張りが給与に直結します。
賞与は年2回、昇給は年1回です。

✅ キャリアパスが明確
一般職→主任→係長→店長→支店長と、
おおむね2〜3年を目途に昇進していきます。
役職ごとに固定給も加算されます。

✅ 選考はスピーディー
Web面接1回（30分〜1時間程度）で
内定可能です。

＝＝＝＝＝＝＝＝＝＝＝＝＝＝＝
【✔働き方✔】

✔ 9:00〜18:00（実働8時間／休憩60分）
✔ シフト制（月8〜12日休み）
✔ 年間休日120日

まずはお気軽にご応募ください。

案件No：1445","《✼ここで働く4つの特徴✼》

✅ ① 頑張りが給与に反映される
営業歩合とインセンティブ制度があり、
賞与は年2回、昇給は年1回です。
役職が上がるごとに固定給も加算されます。

✅ ② 明確なキャリアパス
一般職→主任→係長→店長→支店長。
おおむね2〜3年を目途に昇進します。
（年収例：主任3年目1,284万円／店長8年目2,083万円／支店長13年目2,369万円）

✅ ③ 業界未経験でも挑戦できる
必要なのは何らかの営業経験1年以上（業界問わず）、
または正社員での販売経験（目安1年）。
既卒・第二新卒も歓迎です。

✅ ④ 選考はWeb面接1回
30分〜1時間程度のWeb面接1回で内定可能です。
入社後は各種研修制度も整っています。

＝＝＝＝＝＝＝＝＝＝＝＝＝＝＝
《✼待遇もしっかり✼》

✔ 社会保険完備（健康保険・厚生年金・雇用保険・労災保険）
✔ 確定拠出年金・選択制確定給付企業年金制度
✔ 財形貯蓄制度・従業員持株会
✔ 住宅取得補助制度・住宅手当
✔ 交通費支給・出産祝金・資格取得祝金
✔ 年間休日120日（休暇制度：年末年始休暇・お盆休暇・有給休暇・
慶弔休暇・アニバーサリー休暇・リフレッシュ休暇など）"
318,925,タマホーム株式会社,業界未経験OK｜住宅営業｜名古屋市中川区,月給21.9万円〜◎賞与年2回・インセン制度あり♪,"✦・━━━━━━━━━━━━━━━・✦
＼愛知県名古屋市中川区で募集中／
「営業経験を、住宅業界で活かす」
注文住宅の提案営業◎
✦・━━━━━━━━━━━━━━━・✦

法人でも個人でも、業界は問いません。
何らかの営業経験、または販売経験があれば
新しいフィールドに挑戦できます。

＝＝＝＝＝＝＝＝＝＝＝＝＝＝＝
【✨この仕事の魅力✨】

✅ キャリアパスが明確
一般職→主任→係長→店長→支店長。
おおむね2〜3年を目途に昇進し、
役職ごとに固定給も加算されます。

✅ インセンティブがしっかり反映
営業歩合があり、賞与は年2回、
昇給は年1回です。

✅ 選考はスピーディー
Web面接1回（30分〜1時間程度）で
内定可能です。

＝＝＝＝＝＝＝＝＝＝＝＝＝＝＝
【✧お仕事の内容✧】

■ 顧客アプローチ・ヒアリング
モデルハウスに来場されたお客様への
ヒアリングと注文住宅プランの提案・作成

■ 調査・提案・競合分析
敷地調査、ローン提案、競合比較を行い、
最適なプランをご提供

■ 進行管理
ご契約後の着工・上棟・完成・引き渡しまでの
進行管理

＝＝＝＝＝＝＝＝＝＝＝＝＝＝＝
【✔働き方✔】

✔ 9:00〜18:00（実働8時間／休憩60分）
✔ シフト制（月8〜12日休み）
✔ 年間休日120日

まずはお気軽にご応募ください。

案件No：925","《✼ここで働く4つの特徴✼》

✅ ① 頑張りが給与に反映される
営業歩合とインセンティブ制度があり、
賞与は年2回、昇給は年1回です。
役職が上がるごとに固定給も加算されます。

✅ ② 明確なキャリアパス
一般職→主任→係長→店長→支店長。
おおむね2〜3年を目途に昇進します。
（年収例：主任3年目1,284万円／店長8年目2,083万円／支店長13年目2,369万円）

✅ ③ 業界未経験でも挑戦できる
必要なのは何らかの営業経験1年以上（業界問わず）、
または正社員での販売経験（目安1年）。
既卒・第二新卒も歓迎です。

✅ ④ 選考はWeb面接1回
30分〜1時間程度のWeb面接1回で内定可能です。
入社後は各種研修制度も整っています。

＝＝＝＝＝＝＝＝＝＝＝＝＝＝＝
《✼待遇もしっかり✼》

✔ 社会保険完備（健康保険・厚生年金・雇用保険・労災保険）
✔ 確定拠出年金・選択制確定給付企業年金制度
✔ 財形貯蓄制度・従業員持株会
✔ 住宅取得補助制度・住宅手当
✔ 交通費支給・出産祝金・資格取得祝金
✔ 年間休日120日（休暇制度：年末年始休暇・お盆休暇・有給休暇・
慶弔休暇・アニバーサリー休暇・リフレッシュ休暇など）"
319,2583,タマホーム株式会社,業界未経験OK｜住宅営業｜名古屋市天白区,月給21.9万円〜◎賞与年2回・インセン制度あり♪,"✦・━━━━━━━━━━━━━━━・✦
＼愛知県名古屋市天白区で募集中／
モデルハウスでの接客から始める
注文住宅の営業職
✦・━━━━━━━━━━━━━━━・✦

「不動産は未経験だけど、人と話すのは得意」
そんな営業・販売経験を活かせる仕事です。

＝＝＝＝＝＝＝＝＝＝＝＝＝＝＝
【✧お仕事の内容✧】

■ 顧客アプローチ・ヒアリング
モデルハウスに来場されたお客様への
ヒアリングと注文住宅プランの提案・作成

■ 調査・提案・競合分析
敷地調査、ローン提案、競合比較を行い、
最適なプランをご提供

■ 進行管理
ご契約後の着工・上棟・完成・引き渡しまでの
進行管理

＝＝＝＝＝＝＝＝＝＝＝＝＝＝＝
【✨働きやすいポイント✨】

✔ 年間休日120日
✔ シフト制（月8〜12日休み）
✔ 9:00〜18:00（実働8時間／休憩60分）
✔ 社会保険完備・住宅手当・資格取得祝金あり

＝＝＝＝＝＝＝＝＝＝＝＝＝＝＝
【✨ここが強み✨】

✅ 賞与年2回・昇給年1回
✅ 営業歩合でインセンティブ還元
✅ 一般職→主任→係長→店長→支店長の
　昇進ルートが明確

まずはお気軽にご応募ください。

案件No：2583","《✼ここで働く4つの特徴✼》

✅ ① 頑張りが給与に反映される
営業歩合とインセンティブ制度があり、
賞与は年2回、昇給は年1回です。
役職が上がるごとに固定給も加算されます。

✅ ② 明確なキャリアパス
一般職→主任→係長→店長→支店長。
おおむね2〜3年を目途に昇進します。
（年収例：主任3年目1,284万円／店長8年目2,083万円／支店長13年目2,369万円）

✅ ③ 業界未経験でも挑戦できる
必要なのは何らかの営業経験1年以上（業界問わず）、
または正社員での販売経験（目安1年）。
既卒・第二新卒も歓迎です。

✅ ④ 選考はWeb面接1回
30分〜1時間程度のWeb面接1回で内定可能です。
入社後は各種研修制度も整っています。

＝＝＝＝＝＝＝＝＝＝＝＝＝＝＝
《✼待遇もしっかり✼》

✔ 社会保険完備（健康保険・厚生年金・雇用保険・労災保険）
✔ 確定拠出年金・選択制確定給付企業年金制度
✔ 財形貯蓄制度・従業員持株会
✔ 住宅取得補助制度・住宅手当
✔ 交通費支給・出産祝金・資格取得祝金
✔ 年間休日120日（休暇制度：年末年始休暇・お盆休暇・有給休暇・
慶弔休暇・アニバーサリー休暇・リフレッシュ休暇など）"
320,1174,タマホーム株式会社,業界未経験OK｜住宅営業｜知多郡武豊町,月給21.9万円〜◎賞与年2回・インセン制度あり♪,"✦・━━━━━━━━━━━━━━━・✦
＼愛知県知多郡武豊町で募集中／
モデルハウスから始める、注文住宅の営業。
未経験の業界でも、経験を活かして挑戦◎
✦・━━━━━━━━━━━━━━━・✦

「不動産は未経験だけど、営業や接客の経験はある」
そんな方が、住宅業界に活躍の場を広げています。

＝＝＝＝＝＝＝＝＝＝＝＝＝＝＝
【✧お仕事の内容✧】

■ 顧客アプローチ・ヒアリング
モデルハウスに来場されたお客様への
ヒアリングと注文住宅プランの提案・作成

■ 調査・提案・競合分析
敷地調査、ローン提案、競合比較を行い、
最適なプランをご提供

■ 進行管理
ご契約後の着工・上棟・完成・引き渡しまでの
進行管理

＝＝＝＝＝＝＝＝＝＝＝＝＝＝＝
【✨この仕事の魅力✨】

✅ インセンティブがしっかり反映
営業歩合があり、頑張りが給与に直結します。
賞与は年2回、昇給は年1回です。

✅ キャリアパスが明確
一般職→主任→係長→店長→支店長と、
おおむね2〜3年を目途に昇進していきます。
役職ごとに固定給も加算されます。

✅ 選考はスピーディー
Web面接1回（30分〜1時間程度）で
内定可能です。

＝＝＝＝＝＝＝＝＝＝＝＝＝＝＝
【✔働き方✔】

✔ 9:00〜18:00（実働8時間／休憩60分）
✔ シフト制（月8〜12日休み）
✔ 年間休日120日

まずはお気軽にご応募ください。

案件No：1174","《✼ここで働く4つの特徴✼》

✅ ① 頑張りが給与に反映される
営業歩合とインセンティブ制度があり、
賞与は年2回、昇給は年1回です。
役職が上がるごとに固定給も加算されます。

✅ ② 明確なキャリアパス
一般職→主任→係長→店長→支店長。
おおむね2〜3年を目途に昇進します。
（年収例：主任3年目1,284万円／店長8年目2,083万円／支店長13年目2,369万円）

✅ ③ 業界未経験でも挑戦できる
必要なのは何らかの営業経験1年以上（業界問わず）、
または正社員での販売経験（目安1年）。
既卒・第二新卒も歓迎です。

✅ ④ 選考はWeb面接1回
30分〜1時間程度のWeb面接1回で内定可能です。
入社後は各種研修制度も整っています。

＝＝＝＝＝＝＝＝＝＝＝＝＝＝＝
《✼待遇もしっかり✼》

✔ 社会保険完備（健康保険・厚生年金・雇用保険・労災保険）
✔ 確定拠出年金・選択制確定給付企業年金制度
✔ 財形貯蓄制度・従業員持株会
✔ 住宅取得補助制度・住宅手当
✔ 交通費支給・出産祝金・資格取得祝金
✔ 年間休日120日（休暇制度：年末年始休暇・お盆休暇・有給休暇・
慶弔休暇・アニバーサリー休暇・リフレッシュ休暇など）"
321,734,タマホーム株式会社,業界未経験OK｜住宅営業｜名古屋市守山区,月給21.9万円〜◎賞与年2回・インセン制度あり♪,"✦・━━━━━━━━━━━━━━━・✦
＼愛知県名古屋市守山区で募集中／
「営業経験を、住宅業界で活かす」
注文住宅の提案営業◎
✦・━━━━━━━━━━━━━━━・✦

法人でも個人でも、業界は問いません。
何らかの営業経験、または販売経験があれば
新しいフィールドに挑戦できます。

＝＝＝＝＝＝＝＝＝＝＝＝＝＝＝
【✨この仕事の魅力✨】

✅ キャリアパスが明確
一般職→主任→係長→店長→支店長。
おおむね2〜3年を目途に昇進し、
役職ごとに固定給も加算されます。

✅ インセンティブがしっかり反映
営業歩合があり、賞与は年2回、
昇給は年1回です。

✅ 選考はスピーディー
Web面接1回（30分〜1時間程度）で
内定可能です。

＝＝＝＝＝＝＝＝＝＝＝＝＝＝＝
【✧お仕事の内容✧】

■ 顧客アプローチ・ヒアリング
モデルハウスに来場されたお客様への
ヒアリングと注文住宅プランの提案・作成

■ 調査・提案・競合分析
敷地調査、ローン提案、競合比較を行い、
最適なプランをご提供

■ 進行管理
ご契約後の着工・上棟・完成・引き渡しまでの
進行管理

＝＝＝＝＝＝＝＝＝＝＝＝＝＝＝
【✔働き方✔】

✔ 9:00〜18:00（実働8時間／休憩60分）
✔ シフト制（月8〜12日休み）
✔ 年間休日120日

まずはお気軽にご応募ください。

案件No：734","《✼ここで働く4つの特徴✼》

✅ ① 頑張りが給与に反映される
営業歩合とインセンティブ制度があり、
賞与は年2回、昇給は年1回です。
役職が上がるごとに固定給も加算されます。

✅ ② 明確なキャリアパス
一般職→主任→係長→店長→支店長。
おおむね2〜3年を目途に昇進します。
（年収例：主任3年目1,284万円／店長8年目2,083万円／支店長13年目2,369万円）

✅ ③ 業界未経験でも挑戦できる
必要なのは何らかの営業経験1年以上（業界問わず）、
または正社員での販売経験（目安1年）。
既卒・第二新卒も歓迎です。

✅ ④ 選考はWeb面接1回
30分〜1時間程度のWeb面接1回で内定可能です。
入社後は各種研修制度も整っています。

＝＝＝＝＝＝＝＝＝＝＝＝＝＝＝
《✼待遇もしっかり✼》

✔ 社会保険完備（健康保険・厚生年金・雇用保険・労災保険）
✔ 確定拠出年金・選択制確定給付企業年金制度
✔ 財形貯蓄制度・従業員持株会
✔ 住宅取得補助制度・住宅手当
✔ 交通費支給・出産祝金・資格取得祝金
✔ 年間休日120日（休暇制度：年末年始休暇・お盆休暇・有給休暇・
慶弔休暇・アニバーサリー休暇・リフレッシュ休暇など）"
322,267,タマホーム株式会社,業界未経験OK｜住宅営業｜名古屋市緑区,月給21.9万円〜◎賞与年2回・インセン制度あり♪,"✦・━━━━━━━━━━━━━━━・✦
＼愛知県名古屋市緑区で募集中／
モデルハウスでの接客から始める
注文住宅の営業職
✦・━━━━━━━━━━━━━━━・✦

「不動産は未経験だけど、人と話すのは得意」
そんな営業・販売経験を活かせる仕事です。

＝＝＝＝＝＝＝＝＝＝＝＝＝＝＝
【✧お仕事の内容✧】

■ 顧客アプローチ・ヒアリング
モデルハウスに来場されたお客様への
ヒアリングと注文住宅プランの提案・作成

■ 調査・提案・競合分析
敷地調査、ローン提案、競合比較を行い、
最適なプランをご提供

■ 進行管理
ご契約後の着工・上棟・完成・引き渡しまでの
進行管理

＝＝＝＝＝＝＝＝＝＝＝＝＝＝＝
【✨働きやすいポイント✨】

✔ 年間休日120日
✔ シフト制（月8〜12日休み）
✔ 9:00〜18:00（実働8時間／休憩60分）
✔ 社会保険完備・住宅手当・資格取得祝金あり

＝＝＝＝＝＝＝＝＝＝＝＝＝＝＝
【✨ここが強み✨】

✅ 賞与年2回・昇給年1回
✅ 営業歩合でインセンティブ還元
✅ 一般職→主任→係長→店長→支店長の
　昇進ルートが明確

まずはお気軽にご応募ください。

案件No：267","《✼ここで働く4つの特徴✼》

✅ ① 頑張りが給与に反映される
営業歩合とインセンティブ制度があり、
賞与は年2回、昇給は年1回です。
役職が上がるごとに固定給も加算されます。

✅ ② 明確なキャリアパス
一般職→主任→係長→店長→支店長。
おおむね2〜3年を目途に昇進します。
（年収例：主任3年目1,284万円／店長8年目2,083万円／支店長13年目2,369万円）

✅ ③ 業界未経験でも挑戦できる
必要なのは何らかの営業経験1年以上（業界問わず）、
または正社員での販売経験（目安1年）。
既卒・第二新卒も歓迎です。

✅ ④ 選考はWeb面接1回
30分〜1時間程度のWeb面接1回で内定可能です。
入社後は各種研修制度も整っています。

＝＝＝＝＝＝＝＝＝＝＝＝＝＝＝
《✼待遇もしっかり✼》

✔ 社会保険完備（健康保険・厚生年金・雇用保険・労災保険）
✔ 確定拠出年金・選択制確定給付企業年金制度
✔ 財形貯蓄制度・従業員持株会
✔ 住宅取得補助制度・住宅手当
✔ 交通費支給・出産祝金・資格取得祝金
✔ 年間休日120日（休暇制度：年末年始休暇・お盆休暇・有給休暇・
慶弔休暇・アニバーサリー休暇・リフレッシュ休暇など）"
323,1611,タマホーム株式会社,業界未経験OK｜住宅営業｜浜松市中央区,月給21.9万円〜◎賞与年2回・インセン制度あり♪,"✦・━━━━━━━━━━━━━━━・✦
＼静岡県浜松市中央区で募集中／
モデルハウスから始める、注文住宅の営業。
未経験の業界でも、経験を活かして挑戦◎
✦・━━━━━━━━━━━━━━━・✦

「不動産は未経験だけど、営業や接客の経験はある」
そんな方が、住宅業界に活躍の場を広げています。

＝＝＝＝＝＝＝＝＝＝＝＝＝＝＝
【✧お仕事の内容✧】

■ 顧客アプローチ・ヒアリング
モデルハウスに来場されたお客様への
ヒアリングと注文住宅プランの提案・作成

■ 調査・提案・競合分析
敷地調査、ローン提案、競合比較を行い、
最適なプランをご提供

■ 進行管理
ご契約後の着工・上棟・完成・引き渡しまでの
進行管理

＝＝＝＝＝＝＝＝＝＝＝＝＝＝＝
【✨この仕事の魅力✨】

✅ インセンティブがしっかり反映
営業歩合があり、頑張りが給与に直結します。
賞与は年2回、昇給は年1回です。

✅ キャリアパスが明確
一般職→主任→係長→店長→支店長と、
おおむね2〜3年を目途に昇進していきます。
役職ごとに固定給も加算されます。

✅ 選考はスピーディー
Web面接1回（30分〜1時間程度）で
内定可能です。

＝＝＝＝＝＝＝＝＝＝＝＝＝＝＝
【✔働き方✔】

✔ 9:00〜18:00（実働8時間／休憩60分）
✔ シフト制（月8〜12日休み）
✔ 年間休日120日

まずはお気軽にご応募ください。

案件No：1611","《✼ここで働く4つの特徴✼》

✅ ① 頑張りが給与に反映される
営業歩合とインセンティブ制度があり、
賞与は年2回、昇給は年1回です。
役職が上がるごとに固定給も加算されます。

✅ ② 明確なキャリアパス
一般職→主任→係長→店長→支店長。
おおむね2〜3年を目途に昇進します。
（年収例：主任3年目1,284万円／店長8年目2,083万円／支店長13年目2,369万円）

✅ ③ 業界未経験でも挑戦できる
必要なのは何らかの営業経験1年以上（業界問わず）、
または正社員での販売経験（目安1年）。
既卒・第二新卒も歓迎です。

✅ ④ 選考はWeb面接1回
30分〜1時間程度のWeb面接1回で内定可能です。
入社後は各種研修制度も整っています。

＝＝＝＝＝＝＝＝＝＝＝＝＝＝＝
《✼待遇もしっかり✼》

✔ 社会保険完備（健康保険・厚生年金・雇用保険・労災保険）
✔ 確定拠出年金・選択制確定給付企業年金制度
✔ 財形貯蓄制度・従業員持株会
✔ 住宅取得補助制度・住宅手当
✔ 交通費支給・出産祝金・資格取得祝金
✔ 年間休日120日（休暇制度：年末年始休暇・お盆休暇・有給休暇・
慶弔休暇・アニバーサリー休暇・リフレッシュ休暇など）"
324,299,タマホーム株式会社,業界未経験OK｜住宅営業｜浜松市中央区,月給21.9万円〜◎賞与年2回・インセン制度あり♪,"✦・━━━━━━━━━━━━━━━・✦
＼静岡県浜松市中央区で募集中／
「営業経験を、住宅業界で活かす」
注文住宅の提案営業◎
✦・━━━━━━━━━━━━━━━・✦

法人でも個人でも、業界は問いません。
何らかの営業経験、または販売経験があれば
新しいフィールドに挑戦できます。

＝＝＝＝＝＝＝＝＝＝＝＝＝＝＝
【✨この仕事の魅力✨】

✅ キャリアパスが明確
一般職→主任→係長→店長→支店長。
おおむね2〜3年を目途に昇進し、
役職ごとに固定給も加算されます。

✅ インセンティブがしっかり反映
営業歩合があり、賞与は年2回、
昇給は年1回です。

✅ 選考はスピーディー
Web面接1回（30分〜1時間程度）で
内定可能です。

＝＝＝＝＝＝＝＝＝＝＝＝＝＝＝
【✧お仕事の内容✧】

■ 顧客アプローチ・ヒアリング
モデルハウスに来場されたお客様への
ヒアリングと注文住宅プランの提案・作成

■ 調査・提案・競合分析
敷地調査、ローン提案、競合比較を行い、
最適なプランをご提供

■ 進行管理
ご契約後の着工・上棟・完成・引き渡しまでの
進行管理

＝＝＝＝＝＝＝＝＝＝＝＝＝＝＝
【✔働き方✔】

✔ 9:00〜18:00（実働8時間／休憩60分）
✔ シフト制（月8〜12日休み）
✔ 年間休日120日

まずはお気軽にご応募ください。

案件No：299","《✼ここで働く4つの特徴✼》

✅ ① 頑張りが給与に反映される
営業歩合とインセンティブ制度があり、
賞与は年2回、昇給は年1回です。
役職が上がるごとに固定給も加算されます。

✅ ② 明確なキャリアパス
一般職→主任→係長→店長→支店長。
おおむね2〜3年を目途に昇進します。
（年収例：主任3年目1,284万円／店長8年目2,083万円／支店長13年目2,369万円）

✅ ③ 業界未経験でも挑戦できる
必要なのは何らかの営業経験1年以上（業界問わず）、
または正社員での販売経験（目安1年）。
既卒・第二新卒も歓迎です。

✅ ④ 選考はWeb面接1回
30分〜1時間程度のWeb面接1回で内定可能です。
入社後は各種研修制度も整っています。

＝＝＝＝＝＝＝＝＝＝＝＝＝＝＝
《✼待遇もしっかり✼》

✔ 社会保険完備（健康保険・厚生年金・雇用保険・労災保険）
✔ 確定拠出年金・選択制確定給付企業年金制度
✔ 財形貯蓄制度・従業員持株会
✔ 住宅取得補助制度・住宅手当
✔ 交通費支給・出産祝金・資格取得祝金
✔ 年間休日120日（休暇制度：年末年始休暇・お盆休暇・有給休暇・
慶弔休暇・アニバーサリー休暇・リフレッシュ休暇など）"
325,323,タマホーム株式会社,業界未経験OK｜住宅営業｜静岡市清水区,月給21.9万円〜◎賞与年2回・インセン制度あり♪,"✦・━━━━━━━━━━━━━━━・✦
＼静岡県静岡市清水区で募集中／
モデルハウスでの接客から始める
注文住宅の営業職
✦・━━━━━━━━━━━━━━━・✦

「不動産は未経験だけど、人と話すのは得意」
そんな営業・販売経験を活かせる仕事です。

＝＝＝＝＝＝＝＝＝＝＝＝＝＝＝
【✧お仕事の内容✧】

■ 顧客アプローチ・ヒアリング
モデルハウスに来場されたお客様への
ヒアリングと注文住宅プランの提案・作成

■ 調査・提案・競合分析
敷地調査、ローン提案、競合比較を行い、
最適なプランをご提供

■ 進行管理
ご契約後の着工・上棟・完成・引き渡しまでの
進行管理

＝＝＝＝＝＝＝＝＝＝＝＝＝＝＝
【✨働きやすいポイント✨】

✔ 年間休日120日
✔ シフト制（月8〜12日休み）
✔ 9:00〜18:00（実働8時間／休憩60分）
✔ 社会保険完備・住宅手当・資格取得祝金あり

＝＝＝＝＝＝＝＝＝＝＝＝＝＝＝
【✨ここが強み✨】

✅ 賞与年2回・昇給年1回
✅ 営業歩合でインセンティブ還元
✅ 一般職→主任→係長→店長→支店長の
　昇進ルートが明確

まずはお気軽にご応募ください。

案件No：323","《✼ここで働く4つの特徴✼》

✅ ① 頑張りが給与に反映される
営業歩合とインセンティブ制度があり、
賞与は年2回、昇給は年1回です。
役職が上がるごとに固定給も加算されます。

✅ ② 明確なキャリアパス
一般職→主任→係長→店長→支店長。
おおむね2〜3年を目途に昇進します。
（年収例：主任3年目1,284万円／店長8年目2,083万円／支店長13年目2,369万円）

✅ ③ 業界未経験でも挑戦できる
必要なのは何らかの営業経験1年以上（業界問わず）、
または正社員での販売経験（目安1年）。
既卒・第二新卒も歓迎です。

✅ ④ 選考はWeb面接1回
30分〜1時間程度のWeb面接1回で内定可能です。
入社後は各種研修制度も整っています。

＝＝＝＝＝＝＝＝＝＝＝＝＝＝＝
《✼待遇もしっかり✼》

✔ 社会保険完備（健康保険・厚生年金・雇用保険・労災保険）
✔ 確定拠出年金・選択制確定給付企業年金制度
✔ 財形貯蓄制度・従業員持株会
✔ 住宅取得補助制度・住宅手当
✔ 交通費支給・出産祝金・資格取得祝金
✔ 年間休日120日（休暇制度：年末年始休暇・お盆休暇・有給休暇・
慶弔休暇・アニバーサリー休暇・リフレッシュ休暇など）"
326,2246,タマホーム株式会社,業界未経験OK｜住宅営業｜静岡市駿河区,月給21.9万円〜◎賞与年2回・インセン制度あり♪,"✦・━━━━━━━━━━━━━━━・✦
＼静岡県静岡市駿河区で募集中／
モデルハウスから始める、注文住宅の営業。
未経験の業界でも、経験を活かして挑戦◎
✦・━━━━━━━━━━━━━━━・✦

「不動産は未経験だけど、営業や接客の経験はある」
そんな方が、住宅業界に活躍の場を広げています。

＝＝＝＝＝＝＝＝＝＝＝＝＝＝＝
【✧お仕事の内容✧】

■ 顧客アプローチ・ヒアリング
モデルハウスに来場されたお客様への
ヒアリングと注文住宅プランの提案・作成

■ 調査・提案・競合分析
敷地調査、ローン提案、競合比較を行い、
最適なプランをご提供

■ 進行管理
ご契約後の着工・上棟・完成・引き渡しまでの
進行管理

＝＝＝＝＝＝＝＝＝＝＝＝＝＝＝
【✨この仕事の魅力✨】

✅ インセンティブがしっかり反映
営業歩合があり、頑張りが給与に直結します。
賞与は年2回、昇給は年1回です。

✅ キャリアパスが明確
一般職→主任→係長→店長→支店長と、
おおむね2〜3年を目途に昇進していきます。
役職ごとに固定給も加算されます。

✅ 選考はスピーディー
Web面接1回（30分〜1時間程度）で
内定可能です。

＝＝＝＝＝＝＝＝＝＝＝＝＝＝＝
【✔働き方✔】

✔ 9:00〜18:00（実働8時間／休憩60分）
✔ シフト制（月8〜12日休み）
✔ 年間休日120日

まずはお気軽にご応募ください。

案件No：2246","《✼ここで働く4つの特徴✼》

✅ ① 頑張りが給与に反映される
営業歩合とインセンティブ制度があり、
賞与は年2回、昇給は年1回です。
役職が上がるごとに固定給も加算されます。

✅ ② 明確なキャリアパス
一般職→主任→係長→店長→支店長。
おおむね2〜3年を目途に昇進します。
（年収例：主任3年目1,284万円／店長8年目2,083万円／支店長13年目2,369万円）

✅ ③ 業界未経験でも挑戦できる
必要なのは何らかの営業経験1年以上（業界問わず）、
または正社員での販売経験（目安1年）。
既卒・第二新卒も歓迎です。

✅ ④ 選考はWeb面接1回
30分〜1時間程度のWeb面接1回で内定可能です。
入社後は各種研修制度も整っています。

＝＝＝＝＝＝＝＝＝＝＝＝＝＝＝
《✼待遇もしっかり✼》

✔ 社会保険完備（健康保険・厚生年金・雇用保険・労災保険）
✔ 確定拠出年金・選択制確定給付企業年金制度
✔ 財形貯蓄制度・従業員持株会
✔ 住宅取得補助制度・住宅手当
✔ 交通費支給・出産祝金・資格取得祝金
✔ 年間休日120日（休暇制度：年末年始休暇・お盆休暇・有給休暇・
慶弔休暇・アニバーサリー休暇・リフレッシュ休暇など）"
327,2390,タマホーム株式会社,業界未経験OK｜住宅営業｜静岡市駿河区,月給21.9万円〜◎賞与年2回・インセン制度あり♪,"✦・━━━━━━━━━━━━━━━・✦
＼静岡県静岡市駿河区で募集中／
「営業経験を、住宅業界で活かす」
注文住宅の提案営業◎
✦・━━━━━━━━━━━━━━━・✦

法人でも個人でも、業界は問いません。
何らかの営業経験、または販売経験があれば
新しいフィールドに挑戦できます。

＝＝＝＝＝＝＝＝＝＝＝＝＝＝＝
【✨この仕事の魅力✨】

✅ キャリアパスが明確
一般職→主任→係長→店長→支店長。
おおむね2〜3年を目途に昇進し、
役職ごとに固定給も加算されます。

✅ インセンティブがしっかり反映
営業歩合があり、賞与は年2回、
昇給は年1回です。

✅ 選考はスピーディー
Web面接1回（30分〜1時間程度）で
内定可能です。

＝＝＝＝＝＝＝＝＝＝＝＝＝＝＝
【✧お仕事の内容✧】

■ 顧客アプローチ・ヒアリング
モデルハウスに来場されたお客様への
ヒアリングと注文住宅プランの提案・作成

■ 調査・提案・競合分析
敷地調査、ローン提案、競合比較を行い、
最適なプランをご提供

■ 進行管理
ご契約後の着工・上棟・完成・引き渡しまでの
進行管理

＝＝＝＝＝＝＝＝＝＝＝＝＝＝＝
【✔働き方✔】

✔ 9:00〜18:00（実働8時間／休憩60分）
✔ シフト制（月8〜12日休み）
✔ 年間休日120日

まずはお気軽にご応募ください。

案件No：2390","《✼ここで働く4つの特徴✼》

✅ ① 頑張りが給与に反映される
営業歩合とインセンティブ制度があり、
賞与は年2回、昇給は年1回です。
役職が上がるごとに固定給も加算されます。

✅ ② 明確なキャリアパス
一般職→主任→係長→店長→支店長。
おおむね2〜3年を目途に昇進します。
（年収例：主任3年目1,284万円／店長8年目2,083万円／支店長13年目2,369万円）

✅ ③ 業界未経験でも挑戦できる
必要なのは何らかの営業経験1年以上（業界問わず）、
または正社員での販売経験（目安1年）。
既卒・第二新卒も歓迎です。

✅ ④ 選考はWeb面接1回
30分〜1時間程度のWeb面接1回で内定可能です。
入社後は各種研修制度も整っています。

＝＝＝＝＝＝＝＝＝＝＝＝＝＝＝
《✼待遇もしっかり✼》

✔ 社会保険完備（健康保険・厚生年金・雇用保険・労災保険）
✔ 確定拠出年金・選択制確定給付企業年金制度
✔ 財形貯蓄制度・従業員持株会
✔ 住宅取得補助制度・住宅手当
✔ 交通費支給・出産祝金・資格取得祝金
✔ 年間休日120日（休暇制度：年末年始休暇・お盆休暇・有給休暇・
慶弔休暇・アニバーサリー休暇・リフレッシュ休暇など）"
328,2744,タマホーム株式会社,業界未経験OK｜住宅営業｜鶴ヶ島市,月給21.9万円〜◎賞与年2回・インセン制度あり♪,"✦・━━━━━━━━━━━━━━━・✦
＼埼玉県鶴ヶ島市で募集中／
モデルハウスでの接客から始める
注文住宅の営業職
✦・━━━━━━━━━━━━━━━・✦

「不動産は未経験だけど、人と話すのは得意」
そんな営業・販売経験を活かせる仕事です。

＝＝＝＝＝＝＝＝＝＝＝＝＝＝＝
【✧お仕事の内容✧】

■ 顧客アプローチ・ヒアリング
モデルハウスに来場されたお客様への
ヒアリングと注文住宅プランの提案・作成

■ 調査・提案・競合分析
敷地調査、ローン提案、競合比較を行い、
最適なプランをご提供

■ 進行管理
ご契約後の着工・上棟・完成・引き渡しまでの
進行管理

＝＝＝＝＝＝＝＝＝＝＝＝＝＝＝
【✨働きやすいポイント✨】

✔ 年間休日120日
✔ シフト制（月8〜12日休み）
✔ 9:00〜18:00（実働8時間／休憩60分）
✔ 社会保険完備・住宅手当・資格取得祝金あり

＝＝＝＝＝＝＝＝＝＝＝＝＝＝＝
【✨ここが強み✨】

✅ 賞与年2回・昇給年1回
✅ 営業歩合でインセンティブ還元
✅ 一般職→主任→係長→店長→支店長の
　昇進ルートが明確

まずはお気軽にご応募ください。

案件No：2744","《✼ここで働く4つの特徴✼》

✅ ① 頑張りが給与に反映される
営業歩合とインセンティブ制度があり、
賞与は年2回、昇給は年1回です。
役職が上がるごとに固定給も加算されます。

✅ ② 明確なキャリアパス
一般職→主任→係長→店長→支店長。
おおむね2〜3年を目途に昇進します。
（年収例：主任3年目1,284万円／店長8年目2,083万円／支店長13年目2,369万円）

✅ ③ 業界未経験でも挑戦できる
必要なのは何らかの営業経験1年以上（業界問わず）、
または正社員での販売経験（目安1年）。
既卒・第二新卒も歓迎です。

✅ ④ 選考はWeb面接1回
30分〜1時間程度のWeb面接1回で内定可能です。
入社後は各種研修制度も整っています。

＝＝＝＝＝＝＝＝＝＝＝＝＝＝＝
《✼待遇もしっかり✼》

✔ 社会保険完備（健康保険・厚生年金・雇用保険・労災保険）
✔ 確定拠出年金・選択制確定給付企業年金制度
✔ 財形貯蓄制度・従業員持株会
✔ 住宅取得補助制度・住宅手当
✔ 交通費支給・出産祝金・資格取得祝金
✔ 年間休日120日（休暇制度：年末年始休暇・お盆休暇・有給休暇・
慶弔休暇・アニバーサリー休暇・リフレッシュ休暇など）"
329,1608,タマホーム株式会社,業界未経験OK｜住宅営業｜所沢市,月給21.9万円〜◎賞与年2回・インセン制度あり♪,"✦・━━━━━━━━━━━━━━━・✦
＼埼玉県所沢市で募集中／
モデルハウスから始める、注文住宅の営業。
未経験の業界でも、経験を活かして挑戦◎
✦・━━━━━━━━━━━━━━━・✦

「不動産は未経験だけど、営業や接客の経験はある」
そんな方が、住宅業界に活躍の場を広げています。

＝＝＝＝＝＝＝＝＝＝＝＝＝＝＝
【✧お仕事の内容✧】

■ 顧客アプローチ・ヒアリング
モデルハウスに来場されたお客様への
ヒアリングと注文住宅プランの提案・作成

■ 調査・提案・競合分析
敷地調査、ローン提案、競合比較を行い、
最適なプランをご提供

■ 進行管理
ご契約後の着工・上棟・完成・引き渡しまでの
進行管理

＝＝＝＝＝＝＝＝＝＝＝＝＝＝＝
【✨この仕事の魅力✨】

✅ インセンティブがしっかり反映
営業歩合があり、頑張りが給与に直結します。
賞与は年2回、昇給は年1回です。

✅ キャリアパスが明確
一般職→主任→係長→店長→支店長と、
おおむね2〜3年を目途に昇進していきます。
役職ごとに固定給も加算されます。

✅ 選考はスピーディー
Web面接1回（30分〜1時間程度）で
内定可能です。

＝＝＝＝＝＝＝＝＝＝＝＝＝＝＝
【✔働き方✔】

✔ 9:00〜18:00（実働8時間／休憩60分）
✔ シフト制（月8〜12日休み）
✔ 年間休日120日

まずはお気軽にご応募ください。

案件No：1608","《✼ここで働く4つの特徴✼》

✅ ① 頑張りが給与に反映される
営業歩合とインセンティブ制度があり、
賞与は年2回、昇給は年1回です。
役職が上がるごとに固定給も加算されます。

✅ ② 明確なキャリアパス
一般職→主任→係長→店長→支店長。
おおむね2〜3年を目途に昇進します。
（年収例：主任3年目1,284万円／店長8年目2,083万円／支店長13年目2,369万円）

✅ ③ 業界未経験でも挑戦できる
必要なのは何らかの営業経験1年以上（業界問わず）、
または正社員での販売経験（目安1年）。
既卒・第二新卒も歓迎です。

✅ ④ 選考はWeb面接1回
30分〜1時間程度のWeb面接1回で内定可能です。
入社後は各種研修制度も整っています。

＝＝＝＝＝＝＝＝＝＝＝＝＝＝＝
《✼待遇もしっかり✼》

✔ 社会保険完備（健康保険・厚生年金・雇用保険・労災保険）
✔ 確定拠出年金・選択制確定給付企業年金制度
✔ 財形貯蓄制度・従業員持株会
✔ 住宅取得補助制度・住宅手当
✔ 交通費支給・出産祝金・資格取得祝金
✔ 年間休日120日（休暇制度：年末年始休暇・お盆休暇・有給休暇・
慶弔休暇・アニバーサリー休暇・リフレッシュ休暇など）"
330,1123,タマホーム株式会社,業界未経験OK｜住宅営業｜新座市,月給21.9万円〜◎賞与年2回・インセン制度あり♪,"✦・━━━━━━━━━━━━━━━・✦
＼埼玉県新座市で募集中／
「営業経験を、住宅業界で活かす」
注文住宅の提案営業◎
✦・━━━━━━━━━━━━━━━・✦

法人でも個人でも、業界は問いません。
何らかの営業経験、または販売経験があれば
新しいフィールドに挑戦できます。

＝＝＝＝＝＝＝＝＝＝＝＝＝＝＝
【✨この仕事の魅力✨】

✅ キャリアパスが明確
一般職→主任→係長→店長→支店長。
おおむね2〜3年を目途に昇進し、
役職ごとに固定給も加算されます。

✅ インセンティブがしっかり反映
営業歩合があり、賞与は年2回、
昇給は年1回です。

✅ 選考はスピーディー
Web面接1回（30分〜1時間程度）で
内定可能です。

＝＝＝＝＝＝＝＝＝＝＝＝＝＝＝
【✧お仕事の内容✧】

■ 顧客アプローチ・ヒアリング
モデルハウスに来場されたお客様への
ヒアリングと注文住宅プランの提案・作成

■ 調査・提案・競合分析
敷地調査、ローン提案、競合比較を行い、
最適なプランをご提供

■ 進行管理
ご契約後の着工・上棟・完成・引き渡しまでの
進行管理

＝＝＝＝＝＝＝＝＝＝＝＝＝＝＝
【✔働き方✔】

✔ 9:00〜18:00（実働8時間／休憩60分）
✔ シフト制（月8〜12日休み）
✔ 年間休日120日

まずはお気軽にご応募ください。

案件No：1123","《✼ここで働く4つの特徴✼》

✅ ① 頑張りが給与に反映される
営業歩合とインセンティブ制度があり、
賞与は年2回、昇給は年1回です。
役職が上がるごとに固定給も加算されます。

✅ ② 明確なキャリアパス
一般職→主任→係長→店長→支店長。
おおむね2〜3年を目途に昇進します。
（年収例：主任3年目1,284万円／店長8年目2,083万円／支店長13年目2,369万円）

✅ ③ 業界未経験でも挑戦できる
必要なのは何らかの営業経験1年以上（業界問わず）、
または正社員での販売経験（目安1年）。
既卒・第二新卒も歓迎です。

✅ ④ 選考はWeb面接1回
30分〜1時間程度のWeb面接1回で内定可能です。
入社後は各種研修制度も整っています。

＝＝＝＝＝＝＝＝＝＝＝＝＝＝＝
《✼待遇もしっかり✼》

✔ 社会保険完備（健康保険・厚生年金・雇用保険・労災保険）
✔ 確定拠出年金・選択制確定給付企業年金制度
✔ 財形貯蓄制度・従業員持株会
✔ 住宅取得補助制度・住宅手当
✔ 交通費支給・出産祝金・資格取得祝金
✔ 年間休日120日（休暇制度：年末年始休暇・お盆休暇・有給休暇・
慶弔休暇・アニバーサリー休暇・リフレッシュ休暇など）"
331,2773,タマホーム株式会社,業界未経験OK｜住宅営業｜さいたま市北区,月給21.9万円〜◎賞与年2回・インセン制度あり♪,"✦・━━━━━━━━━━━━━━━・✦
＼埼玉県さいたま市北区で募集中／
モデルハウスでの接客から始める
注文住宅の営業職
✦・━━━━━━━━━━━━━━━・✦

「不動産は未経験だけど、人と話すのは得意」
そんな営業・販売経験を活かせる仕事です。

＝＝＝＝＝＝＝＝＝＝＝＝＝＝＝
【✧お仕事の内容✧】

■ 顧客アプローチ・ヒアリング
モデルハウスに来場されたお客様への
ヒアリングと注文住宅プランの提案・作成

■ 調査・提案・競合分析
敷地調査、ローン提案、競合比較を行い、
最適なプランをご提供

■ 進行管理
ご契約後の着工・上棟・完成・引き渡しまでの
進行管理

＝＝＝＝＝＝＝＝＝＝＝＝＝＝＝
【✨働きやすいポイント✨】

✔ 年間休日120日
✔ シフト制（月8〜12日休み）
✔ 9:00〜18:00（実働8時間／休憩60分）
✔ 社会保険完備・住宅手当・資格取得祝金あり

＝＝＝＝＝＝＝＝＝＝＝＝＝＝＝
【✨ここが強み✨】

✅ 賞与年2回・昇給年1回
✅ 営業歩合でインセンティブ還元
✅ 一般職→主任→係長→店長→支店長の
　昇進ルートが明確

まずはお気軽にご応募ください。

案件No：2773","《✼ここで働く4つの特徴✼》

✅ ① 頑張りが給与に反映される
営業歩合とインセンティブ制度があり、
賞与は年2回、昇給は年1回です。
役職が上がるごとに固定給も加算されます。

✅ ② 明確なキャリアパス
一般職→主任→係長→店長→支店長。
おおむね2〜3年を目途に昇進します。
（年収例：主任3年目1,284万円／店長8年目2,083万円／支店長13年目2,369万円）

✅ ③ 業界未経験でも挑戦できる
必要なのは何らかの営業経験1年以上（業界問わず）、
または正社員での販売経験（目安1年）。
既卒・第二新卒も歓迎です。

✅ ④ 選考はWeb面接1回
30分〜1時間程度のWeb面接1回で内定可能です。
入社後は各種研修制度も整っています。

＝＝＝＝＝＝＝＝＝＝＝＝＝＝＝
《✼待遇もしっかり✼》

✔ 社会保険完備（健康保険・厚生年金・雇用保険・労災保険）
✔ 確定拠出年金・選択制確定給付企業年金制度
✔ 財形貯蓄制度・従業員持株会
✔ 住宅取得補助制度・住宅手当
✔ 交通費支給・出産祝金・資格取得祝金
✔ 年間休日120日（休暇制度：年末年始休暇・お盆休暇・有給休暇・
慶弔休暇・アニバーサリー休暇・リフレッシュ休暇など）"
332,1271,タマホーム株式会社,業界未経験OK｜住宅営業｜加須市,月給21.9万円〜◎賞与年2回・インセン制度あり♪,"✦・━━━━━━━━━━━━━━━・✦
＼埼玉県加須市で募集中／
モデルハウスから始める、注文住宅の営業。
未経験の業界でも、経験を活かして挑戦◎
✦・━━━━━━━━━━━━━━━・✦

「不動産は未経験だけど、営業や接客の経験はある」
そんな方が、住宅業界に活躍の場を広げています。

＝＝＝＝＝＝＝＝＝＝＝＝＝＝＝
【✧お仕事の内容✧】

■ 顧客アプローチ・ヒアリング
モデルハウスに来場されたお客様への
ヒアリングと注文住宅プランの提案・作成

■ 調査・提案・競合分析
敷地調査、ローン提案、競合比較を行い、
最適なプランをご提供

■ 進行管理
ご契約後の着工・上棟・完成・引き渡しまでの
進行管理

＝＝＝＝＝＝＝＝＝＝＝＝＝＝＝
【✨この仕事の魅力✨】

✅ インセンティブがしっかり反映
営業歩合があり、頑張りが給与に直結します。
賞与は年2回、昇給は年1回です。

✅ キャリアパスが明確
一般職→主任→係長→店長→支店長と、
おおむね2〜3年を目途に昇進していきます。
役職ごとに固定給も加算されます。

✅ 選考はスピーディー
Web面接1回（30分〜1時間程度）で
内定可能です。

＝＝＝＝＝＝＝＝＝＝＝＝＝＝＝
【✔働き方✔】

✔ 9:00〜18:00（実働8時間／休憩60分）
✔ シフト制（月8〜12日休み）
✔ 年間休日120日

まずはお気軽にご応募ください。

案件No：1271","《✼ここで働く4つの特徴✼》

✅ ① 頑張りが給与に反映される
営業歩合とインセンティブ制度があり、
賞与は年2回、昇給は年1回です。
役職が上がるごとに固定給も加算されます。

✅ ② 明確なキャリアパス
一般職→主任→係長→店長→支店長。
おおむね2〜3年を目途に昇進します。
（年収例：主任3年目1,284万円／店長8年目2,083万円／支店長13年目2,369万円）

✅ ③ 業界未経験でも挑戦できる
必要なのは何らかの営業経験1年以上（業界問わず）、
または正社員での販売経験（目安1年）。
既卒・第二新卒も歓迎です。

✅ ④ 選考はWeb面接1回
30分〜1時間程度のWeb面接1回で内定可能です。
入社後は各種研修制度も整っています。

＝＝＝＝＝＝＝＝＝＝＝＝＝＝＝
《✼待遇もしっかり✼》

✔ 社会保険完備（健康保険・厚生年金・雇用保険・労災保険）
✔ 確定拠出年金・選択制確定給付企業年金制度
✔ 財形貯蓄制度・従業員持株会
✔ 住宅取得補助制度・住宅手当
✔ 交通費支給・出産祝金・資格取得祝金
✔ 年間休日120日（休暇制度：年末年始休暇・お盆休暇・有給休暇・
慶弔休暇・アニバーサリー休暇・リフレッシュ休暇など）"
333,1406,タマホーム株式会社,業界未経験OK｜住宅営業｜桶川市,月給21.9万円〜◎賞与年2回・インセン制度あり♪,"✦・━━━━━━━━━━━━━━━・✦
＼埼玉県桶川市で募集中／
「営業経験を、住宅業界で活かす」
注文住宅の提案営業◎
✦・━━━━━━━━━━━━━━━・✦

法人でも個人でも、業界は問いません。
何らかの営業経験、または販売経験があれば
新しいフィールドに挑戦できます。

＝＝＝＝＝＝＝＝＝＝＝＝＝＝＝
【✨この仕事の魅力✨】

✅ キャリアパスが明確
一般職→主任→係長→店長→支店長。
おおむね2〜3年を目途に昇進し、
役職ごとに固定給も加算されます。

✅ インセンティブがしっかり反映
営業歩合があり、賞与は年2回、
昇給は年1回です。

✅ 選考はスピーディー
Web面接1回（30分〜1時間程度）で
内定可能です。

＝＝＝＝＝＝＝＝＝＝＝＝＝＝＝
【✧お仕事の内容✧】

■ 顧客アプローチ・ヒアリング
モデルハウスに来場されたお客様への
ヒアリングと注文住宅プランの提案・作成

■ 調査・提案・競合分析
敷地調査、ローン提案、競合比較を行い、
最適なプランをご提供

■ 進行管理
ご契約後の着工・上棟・完成・引き渡しまでの
進行管理

＝＝＝＝＝＝＝＝＝＝＝＝＝＝＝
【✔働き方✔】

✔ 9:00〜18:00（実働8時間／休憩60分）
✔ シフト制（月8〜12日休み）
✔ 年間休日120日

まずはお気軽にご応募ください。

案件No：1406","《✼ここで働く4つの特徴✼》

✅ ① 頑張りが給与に反映される
営業歩合とインセンティブ制度があり、
賞与は年2回、昇給は年1回です。
役職が上がるごとに固定給も加算されます。

✅ ② 明確なキャリアパス
一般職→主任→係長→店長→支店長。
おおむね2〜3年を目途に昇進します。
（年収例：主任3年目1,284万円／店長8年目2,083万円／支店長13年目2,369万円）

✅ ③ 業界未経験でも挑戦できる
必要なのは何らかの営業経験1年以上（業界問わず）、
または正社員での販売経験（目安1年）。
既卒・第二新卒も歓迎です。

✅ ④ 選考はWeb面接1回
30分〜1時間程度のWeb面接1回で内定可能です。
入社後は各種研修制度も整っています。

＝＝＝＝＝＝＝＝＝＝＝＝＝＝＝
《✼待遇もしっかり✼》

✔ 社会保険完備（健康保険・厚生年金・雇用保険・労災保険）
✔ 確定拠出年金・選択制確定給付企業年金制度
✔ 財形貯蓄制度・従業員持株会
✔ 住宅取得補助制度・住宅手当
✔ 交通費支給・出産祝金・資格取得祝金
✔ 年間休日120日（休暇制度：年末年始休暇・お盆休暇・有給休暇・
慶弔休暇・アニバーサリー休暇・リフレッシュ休暇など）"
334,599,タマホーム株式会社,業界未経験OK｜住宅営業｜川口市,月給21.9万円〜◎賞与年2回・インセン制度あり♪,"✦・━━━━━━━━━━━━━━━・✦
＼埼玉県川口市で募集中／
モデルハウスでの接客から始める
注文住宅の営業職
✦・━━━━━━━━━━━━━━━・✦

「不動産は未経験だけど、人と話すのは得意」
そんな営業・販売経験を活かせる仕事です。

＝＝＝＝＝＝＝＝＝＝＝＝＝＝＝
【✧お仕事の内容✧】

■ 顧客アプローチ・ヒアリング
モデルハウスに来場されたお客様への
ヒアリングと注文住宅プランの提案・作成

■ 調査・提案・競合分析
敷地調査、ローン提案、競合比較を行い、
最適なプランをご提供

■ 進行管理
ご契約後の着工・上棟・完成・引き渡しまでの
進行管理

＝＝＝＝＝＝＝＝＝＝＝＝＝＝＝
【✨働きやすいポイント✨】

✔ 年間休日120日
✔ シフト制（月8〜12日休み）
✔ 9:00〜18:00（実働8時間／休憩60分）
✔ 社会保険完備・住宅手当・資格取得祝金あり

＝＝＝＝＝＝＝＝＝＝＝＝＝＝＝
【✨ここが強み✨】

✅ 賞与年2回・昇給年1回
✅ 営業歩合でインセンティブ還元
✅ 一般職→主任→係長→店長→支店長の
　昇進ルートが明確

まずはお気軽にご応募ください。

案件No：599","《✼ここで働く4つの特徴✼》

✅ ① 頑張りが給与に反映される
営業歩合とインセンティブ制度があり、
賞与は年2回、昇給は年1回です。
役職が上がるごとに固定給も加算されます。

✅ ② 明確なキャリアパス
一般職→主任→係長→店長→支店長。
おおむね2〜3年を目途に昇進します。
（年収例：主任3年目1,284万円／店長8年目2,083万円／支店長13年目2,369万円）

✅ ③ 業界未経験でも挑戦できる
必要なのは何らかの営業経験1年以上（業界問わず）、
または正社員での販売経験（目安1年）。
既卒・第二新卒も歓迎です。

✅ ④ 選考はWeb面接1回
30分〜1時間程度のWeb面接1回で内定可能です。
入社後は各種研修制度も整っています。

＝＝＝＝＝＝＝＝＝＝＝＝＝＝＝
《✼待遇もしっかり✼》

✔ 社会保険完備（健康保険・厚生年金・雇用保険・労災保険）
✔ 確定拠出年金・選択制確定給付企業年金制度
✔ 財形貯蓄制度・従業員持株会
✔ 住宅取得補助制度・住宅手当
✔ 交通費支給・出産祝金・資格取得祝金
✔ 年間休日120日（休暇制度：年末年始休暇・お盆休暇・有給休暇・
慶弔休暇・アニバーサリー休暇・リフレッシュ休暇など）"
335,690,タマホーム株式会社,業界未経験OK｜住宅営業｜三郷市,月給21.9万円〜◎賞与年2回・インセン制度あり♪,"✦・━━━━━━━━━━━━━━━・✦
＼埼玉県三郷市で募集中／
モデルハウスから始める、注文住宅の営業。
未経験の業界でも、経験を活かして挑戦◎
✦・━━━━━━━━━━━━━━━・✦

「不動産は未経験だけど、営業や接客の経験はある」
そんな方が、住宅業界に活躍の場を広げています。

＝＝＝＝＝＝＝＝＝＝＝＝＝＝＝
【✧お仕事の内容✧】

■ 顧客アプローチ・ヒアリング
モデルハウスに来場されたお客様への
ヒアリングと注文住宅プランの提案・作成

■ 調査・提案・競合分析
敷地調査、ローン提案、競合比較を行い、
最適なプランをご提供

■ 進行管理
ご契約後の着工・上棟・完成・引き渡しまでの
進行管理

＝＝＝＝＝＝＝＝＝＝＝＝＝＝＝
【✨この仕事の魅力✨】

✅ インセンティブがしっかり反映
営業歩合があり、頑張りが給与に直結します。
賞与は年2回、昇給は年1回です。

✅ キャリアパスが明確
一般職→主任→係長→店長→支店長と、
おおむね2〜3年を目途に昇進していきます。
役職ごとに固定給も加算されます。

✅ 選考はスピーディー
Web面接1回（30分〜1時間程度）で
内定可能です。

＝＝＝＝＝＝＝＝＝＝＝＝＝＝＝
【✔働き方✔】

✔ 9:00〜18:00（実働8時間／休憩60分）
✔ シフト制（月8〜12日休み）
✔ 年間休日120日

まずはお気軽にご応募ください。

案件No：690","《✼ここで働く4つの特徴✼》

✅ ① 頑張りが給与に反映される
営業歩合とインセンティブ制度があり、
賞与は年2回、昇給は年1回です。
役職が上がるごとに固定給も加算されます。

✅ ② 明確なキャリアパス
一般職→主任→係長→店長→支店長。
おおむね2〜3年を目途に昇進します。
（年収例：主任3年目1,284万円／店長8年目2,083万円／支店長13年目2,369万円）

✅ ③ 業界未経験でも挑戦できる
必要なのは何らかの営業経験1年以上（業界問わず）、
または正社員での販売経験（目安1年）。
既卒・第二新卒も歓迎です。

✅ ④ 選考はWeb面接1回
30分〜1時間程度のWeb面接1回で内定可能です。
入社後は各種研修制度も整っています。

＝＝＝＝＝＝＝＝＝＝＝＝＝＝＝
《✼待遇もしっかり✼》

✔ 社会保険完備（健康保険・厚生年金・雇用保険・労災保険）
✔ 確定拠出年金・選択制確定給付企業年金制度
✔ 財形貯蓄制度・従業員持株会
✔ 住宅取得補助制度・住宅手当
✔ 交通費支給・出産祝金・資格取得祝金
✔ 年間休日120日（休暇制度：年末年始休暇・お盆休暇・有給休暇・
慶弔休暇・アニバーサリー休暇・リフレッシュ休暇など）"
336,1867,タマホーム株式会社,業界未経験OK｜住宅営業｜さいたま市大宮区,月給21.9万円〜◎賞与年2回・インセン制度あり♪,"✦・━━━━━━━━━━━━━━━・✦
＼埼玉県さいたま市大宮区で募集中／
「営業経験を、住宅業界で活かす」
注文住宅の提案営業◎
✦・━━━━━━━━━━━━━━━・✦

法人でも個人でも、業界は問いません。
何らかの営業経験、または販売経験があれば
新しいフィールドに挑戦できます。

＝＝＝＝＝＝＝＝＝＝＝＝＝＝＝
【✨この仕事の魅力✨】

✅ キャリアパスが明確
一般職→主任→係長→店長→支店長。
おおむね2〜3年を目途に昇進し、
役職ごとに固定給も加算されます。

✅ インセンティブがしっかり反映
営業歩合があり、賞与は年2回、
昇給は年1回です。

✅ 選考はスピーディー
Web面接1回（30分〜1時間程度）で
内定可能です。

＝＝＝＝＝＝＝＝＝＝＝＝＝＝＝
【✧お仕事の内容✧】

■ 顧客アプローチ・ヒアリング
モデルハウスに来場されたお客様への
ヒアリングと注文住宅プランの提案・作成

■ 調査・提案・競合分析
敷地調査、ローン提案、競合比較を行い、
最適なプランをご提供

■ 進行管理
ご契約後の着工・上棟・完成・引き渡しまでの
進行管理

＝＝＝＝＝＝＝＝＝＝＝＝＝＝＝
【✔働き方✔】

✔ 9:00〜18:00（実働8時間／休憩60分）
✔ シフト制（月8〜12日休み）
✔ 年間休日120日

まずはお気軽にご応募ください。

案件No：1867","《✼ここで働く4つの特徴✼》

✅ ① 頑張りが給与に反映される
営業歩合とインセンティブ制度があり、
賞与は年2回、昇給は年1回です。
役職が上がるごとに固定給も加算されます。

✅ ② 明確なキャリアパス
一般職→主任→係長→店長→支店長。
おおむね2〜3年を目途に昇進します。
（年収例：主任3年目1,284万円／店長8年目2,083万円／支店長13年目2,369万円）

✅ ③ 業界未経験でも挑戦できる
必要なのは何らかの営業経験1年以上（業界問わず）、
または正社員での販売経験（目安1年）。
既卒・第二新卒も歓迎です。

✅ ④ 選考はWeb面接1回
30分〜1時間程度のWeb面接1回で内定可能です。
入社後は各種研修制度も整っています。

＝＝＝＝＝＝＝＝＝＝＝＝＝＝＝
《✼待遇もしっかり✼》

✔ 社会保険完備（健康保険・厚生年金・雇用保険・労災保険）
✔ 確定拠出年金・選択制確定給付企業年金制度
✔ 財形貯蓄制度・従業員持株会
✔ 住宅取得補助制度・住宅手当
✔ 交通費支給・出産祝金・資格取得祝金
✔ 年間休日120日（休暇制度：年末年始休暇・お盆休暇・有給休暇・
慶弔休暇・アニバーサリー休暇・リフレッシュ休暇など）"
337,554,タマホーム株式会社,業界未経験OK｜住宅営業｜草加市,月給21.9万円〜◎賞与年2回・インセン制度あり♪,"✦・━━━━━━━━━━━━━━━・✦
＼埼玉県草加市で募集中／
モデルハウスでの接客から始める
注文住宅の営業職
✦・━━━━━━━━━━━━━━━・✦

「不動産は未経験だけど、人と話すのは得意」
そんな営業・販売経験を活かせる仕事です。

＝＝＝＝＝＝＝＝＝＝＝＝＝＝＝
【✧お仕事の内容✧】

■ 顧客アプローチ・ヒアリング
モデルハウスに来場されたお客様への
ヒアリングと注文住宅プランの提案・作成

■ 調査・提案・競合分析
敷地調査、ローン提案、競合比較を行い、
最適なプランをご提供

■ 進行管理
ご契約後の着工・上棟・完成・引き渡しまでの
進行管理

＝＝＝＝＝＝＝＝＝＝＝＝＝＝＝
【✨働きやすいポイント✨】

✔ 年間休日120日
✔ シフト制（月8〜12日休み）
✔ 9:00〜18:00（実働8時間／休憩60分）
✔ 社会保険完備・住宅手当・資格取得祝金あり

＝＝＝＝＝＝＝＝＝＝＝＝＝＝＝
【✨ここが強み✨】

✅ 賞与年2回・昇給年1回
✅ 営業歩合でインセンティブ還元
✅ 一般職→主任→係長→店長→支店長の
　昇進ルートが明確

まずはお気軽にご応募ください。

案件No：554","《✼ここで働く4つの特徴✼》

✅ ① 頑張りが給与に反映される
営業歩合とインセンティブ制度があり、
賞与は年2回、昇給は年1回です。
役職が上がるごとに固定給も加算されます。

✅ ② 明確なキャリアパス
一般職→主任→係長→店長→支店長。
おおむね2〜3年を目途に昇進します。
（年収例：主任3年目1,284万円／店長8年目2,083万円／支店長13年目2,369万円）

✅ ③ 業界未経験でも挑戦できる
必要なのは何らかの営業経験1年以上（業界問わず）、
または正社員での販売経験（目安1年）。
既卒・第二新卒も歓迎です。

✅ ④ 選考はWeb面接1回
30分〜1時間程度のWeb面接1回で内定可能です。
入社後は各種研修制度も整っています。

＝＝＝＝＝＝＝＝＝＝＝＝＝＝＝
《✼待遇もしっかり✼》

✔ 社会保険完備（健康保険・厚生年金・雇用保険・労災保険）
✔ 確定拠出年金・選択制確定給付企業年金制度
✔ 財形貯蓄制度・従業員持株会
✔ 住宅取得補助制度・住宅手当
✔ 交通費支給・出産祝金・資格取得祝金
✔ 年間休日120日（休暇制度：年末年始休暇・お盆休暇・有給休暇・
慶弔休暇・アニバーサリー休暇・リフレッシュ休暇など）"
338,1788,タマホーム株式会社,業界未経験OK｜住宅営業｜我孫子市,月給21.9万円〜◎賞与年2回・インセン制度あり♪,"✦・━━━━━━━━━━━━━━━・✦
＼千葉県我孫子市で募集中／
モデルハウスから始める、注文住宅の営業。
未経験の業界でも、経験を活かして挑戦◎
✦・━━━━━━━━━━━━━━━・✦

「不動産は未経験だけど、営業や接客の経験はある」
そんな方が、住宅業界に活躍の場を広げています。

＝＝＝＝＝＝＝＝＝＝＝＝＝＝＝
【✧お仕事の内容✧】

■ 顧客アプローチ・ヒアリング
モデルハウスに来場されたお客様への
ヒアリングと注文住宅プランの提案・作成

■ 調査・提案・競合分析
敷地調査、ローン提案、競合比較を行い、
最適なプランをご提供

■ 進行管理
ご契約後の着工・上棟・完成・引き渡しまでの
進行管理

＝＝＝＝＝＝＝＝＝＝＝＝＝＝＝
【✨この仕事の魅力✨】

✅ インセンティブがしっかり反映
営業歩合があり、頑張りが給与に直結します。
賞与は年2回、昇給は年1回です。

✅ キャリアパスが明確
一般職→主任→係長→店長→支店長と、
おおむね2〜3年を目途に昇進していきます。
役職ごとに固定給も加算されます。

✅ 選考はスピーディー
Web面接1回（30分〜1時間程度）で
内定可能です。

＝＝＝＝＝＝＝＝＝＝＝＝＝＝＝
【✔働き方✔】

✔ 9:00〜18:00（実働8時間／休憩60分）
✔ シフト制（月8〜12日休み）
✔ 年間休日120日

まずはお気軽にご応募ください。

案件No：1788","《✼ここで働く4つの特徴✼》

✅ ① 頑張りが給与に反映される
営業歩合とインセンティブ制度があり、
賞与は年2回、昇給は年1回です。
役職が上がるごとに固定給も加算されます。

✅ ② 明確なキャリアパス
一般職→主任→係長→店長→支店長。
おおむね2〜3年を目途に昇進します。
（年収例：主任3年目1,284万円／店長8年目2,083万円／支店長13年目2,369万円）

✅ ③ 業界未経験でも挑戦できる
必要なのは何らかの営業経験1年以上（業界問わず）、
または正社員での販売経験（目安1年）。
既卒・第二新卒も歓迎です。

✅ ④ 選考はWeb面接1回
30分〜1時間程度のWeb面接1回で内定可能です。
入社後は各種研修制度も整っています。

＝＝＝＝＝＝＝＝＝＝＝＝＝＝＝
《✼待遇もしっかり✼》

✔ 社会保険完備（健康保険・厚生年金・雇用保険・労災保険）
✔ 確定拠出年金・選択制確定給付企業年金制度
✔ 財形貯蓄制度・従業員持株会
✔ 住宅取得補助制度・住宅手当
✔ 交通費支給・出産祝金・資格取得祝金
✔ 年間休日120日（休暇制度：年末年始休暇・お盆休暇・有給休暇・
慶弔休暇・アニバーサリー休暇・リフレッシュ休暇など）"
339,2554,タマホーム株式会社,業界未経験OK｜住宅営業｜流山市,月給21.9万円〜◎賞与年2回・インセン制度あり♪,"✦・━━━━━━━━━━━━━━━・✦
＼千葉県流山市で募集中／
「営業経験を、住宅業界で活かす」
注文住宅の提案営業◎
✦・━━━━━━━━━━━━━━━・✦

法人でも個人でも、業界は問いません。
何らかの営業経験、または販売経験があれば
新しいフィールドに挑戦できます。

＝＝＝＝＝＝＝＝＝＝＝＝＝＝＝
【✨この仕事の魅力✨】

✅ キャリアパスが明確
一般職→主任→係長→店長→支店長。
おおむね2〜3年を目途に昇進し、
役職ごとに固定給も加算されます。

✅ インセンティブがしっかり反映
営業歩合があり、賞与は年2回、
昇給は年1回です。

✅ 選考はスピーディー
Web面接1回（30分〜1時間程度）で
内定可能です。

＝＝＝＝＝＝＝＝＝＝＝＝＝＝＝
【✧お仕事の内容✧】

■ 顧客アプローチ・ヒアリング
モデルハウスに来場されたお客様への
ヒアリングと注文住宅プランの提案・作成

■ 調査・提案・競合分析
敷地調査、ローン提案、競合比較を行い、
最適なプランをご提供

■ 進行管理
ご契約後の着工・上棟・完成・引き渡しまでの
進行管理

＝＝＝＝＝＝＝＝＝＝＝＝＝＝＝
【✔働き方✔】

✔ 9:00〜18:00（実働8時間／休憩60分）
✔ シフト制（月8〜12日休み）
✔ 年間休日120日

まずはお気軽にご応募ください。

案件No：2554","《✼ここで働く4つの特徴✼》

✅ ① 頑張りが給与に反映される
営業歩合とインセンティブ制度があり、
賞与は年2回、昇給は年1回です。
役職が上がるごとに固定給も加算されます。

✅ ② 明確なキャリアパス
一般職→主任→係長→店長→支店長。
おおむね2〜3年を目途に昇進します。
（年収例：主任3年目1,284万円／店長8年目2,083万円／支店長13年目2,369万円）

✅ ③ 業界未経験でも挑戦できる
必要なのは何らかの営業経験1年以上（業界問わず）、
または正社員での販売経験（目安1年）。
既卒・第二新卒も歓迎です。

✅ ④ 選考はWeb面接1回
30分〜1時間程度のWeb面接1回で内定可能です。
入社後は各種研修制度も整っています。

＝＝＝＝＝＝＝＝＝＝＝＝＝＝＝
《✼待遇もしっかり✼》

✔ 社会保険完備（健康保険・厚生年金・雇用保険・労災保険）
✔ 確定拠出年金・選択制確定給付企業年金制度
✔ 財形貯蓄制度・従業員持株会
✔ 住宅取得補助制度・住宅手当
✔ 交通費支給・出産祝金・資格取得祝金
✔ 年間休日120日（休暇制度：年末年始休暇・お盆休暇・有給休暇・
慶弔休暇・アニバーサリー休暇・リフレッシュ休暇など）"
340,1461,タマホーム株式会社,業界未経験OK｜住宅営業｜松戸市,月給21.9万円〜◎賞与年2回・インセン制度あり♪,"✦・━━━━━━━━━━━━━━━・✦
＼千葉県松戸市で募集中／
モデルハウスでの接客から始める
注文住宅の営業職
✦・━━━━━━━━━━━━━━━・✦

「不動産は未経験だけど、人と話すのは得意」
そんな営業・販売経験を活かせる仕事です。

＝＝＝＝＝＝＝＝＝＝＝＝＝＝＝
【✧お仕事の内容✧】

■ 顧客アプローチ・ヒアリング
モデルハウスに来場されたお客様への
ヒアリングと注文住宅プランの提案・作成

■ 調査・提案・競合分析
敷地調査、ローン提案、競合比較を行い、
最適なプランをご提供

■ 進行管理
ご契約後の着工・上棟・完成・引き渡しまでの
進行管理

＝＝＝＝＝＝＝＝＝＝＝＝＝＝＝
【✨働きやすいポイント✨】

✔ 年間休日120日
✔ シフト制（月8〜12日休み）
✔ 9:00〜18:00（実働8時間／休憩60分）
✔ 社会保険完備・住宅手当・資格取得祝金あり

＝＝＝＝＝＝＝＝＝＝＝＝＝＝＝
【✨ここが強み✨】

✅ 賞与年2回・昇給年1回
✅ 営業歩合でインセンティブ還元
✅ 一般職→主任→係長→店長→支店長の
　昇進ルートが明確

まずはお気軽にご応募ください。

案件No：1461","《✼ここで働く4つの特徴✼》

✅ ① 頑張りが給与に反映される
営業歩合とインセンティブ制度があり、
賞与は年2回、昇給は年1回です。
役職が上がるごとに固定給も加算されます。

✅ ② 明確なキャリアパス
一般職→主任→係長→店長→支店長。
おおむね2〜3年を目途に昇進します。
（年収例：主任3年目1,284万円／店長8年目2,083万円／支店長13年目2,369万円）

✅ ③ 業界未経験でも挑戦できる
必要なのは何らかの営業経験1年以上（業界問わず）、
または正社員での販売経験（目安1年）。
既卒・第二新卒も歓迎です。

✅ ④ 選考はWeb面接1回
30分〜1時間程度のWeb面接1回で内定可能です。
入社後は各種研修制度も整っています。

＝＝＝＝＝＝＝＝＝＝＝＝＝＝＝
《✼待遇もしっかり✼》

✔ 社会保険完備（健康保険・厚生年金・雇用保険・労災保険）
✔ 確定拠出年金・選択制確定給付企業年金制度
✔ 財形貯蓄制度・従業員持株会
✔ 住宅取得補助制度・住宅手当
✔ 交通費支給・出産祝金・資格取得祝金
✔ 年間休日120日（休暇制度：年末年始休暇・お盆休暇・有給休暇・
慶弔休暇・アニバーサリー休暇・リフレッシュ休暇など）"
341,508,タマホーム株式会社,業界未経験OK｜住宅営業｜柏市,月給21.9万円〜◎賞与年2回・インセン制度あり♪,"✦・━━━━━━━━━━━━━━━・✦
＼千葉県柏市で募集中／
モデルハウスから始める、注文住宅の営業。
未経験の業界でも、経験を活かして挑戦◎
✦・━━━━━━━━━━━━━━━・✦

「不動産は未経験だけど、営業や接客の経験はある」
そんな方が、住宅業界に活躍の場を広げています。

＝＝＝＝＝＝＝＝＝＝＝＝＝＝＝
【✧お仕事の内容✧】

■ 顧客アプローチ・ヒアリング
モデルハウスに来場されたお客様への
ヒアリングと注文住宅プランの提案・作成

■ 調査・提案・競合分析
敷地調査、ローン提案、競合比較を行い、
最適なプランをご提供

■ 進行管理
ご契約後の着工・上棟・完成・引き渡しまでの
進行管理

＝＝＝＝＝＝＝＝＝＝＝＝＝＝＝
【✨この仕事の魅力✨】

✅ インセンティブがしっかり反映
営業歩合があり、頑張りが給与に直結します。
賞与は年2回、昇給は年1回です。

✅ キャリアパスが明確
一般職→主任→係長→店長→支店長と、
おおむね2〜3年を目途に昇進していきます。
役職ごとに固定給も加算されます。

✅ 選考はスピーディー
Web面接1回（30分〜1時間程度）で
内定可能です。

＝＝＝＝＝＝＝＝＝＝＝＝＝＝＝
【✔働き方✔】

✔ 9:00〜18:00（実働8時間／休憩60分）
✔ シフト制（月8〜12日休み）
✔ 年間休日120日

まずはお気軽にご応募ください。

案件No：508","《✼ここで働く4つの特徴✼》

✅ ① 頑張りが給与に反映される
営業歩合とインセンティブ制度があり、
賞与は年2回、昇給は年1回です。
役職が上がるごとに固定給も加算されます。

✅ ② 明確なキャリアパス
一般職→主任→係長→店長→支店長。
おおむね2〜3年を目途に昇進します。
（年収例：主任3年目1,284万円／店長8年目2,083万円／支店長13年目2,369万円）

✅ ③ 業界未経験でも挑戦できる
必要なのは何らかの営業経験1年以上（業界問わず）、
または正社員での販売経験（目安1年）。
既卒・第二新卒も歓迎です。

✅ ④ 選考はWeb面接1回
30分〜1時間程度のWeb面接1回で内定可能です。
入社後は各種研修制度も整っています。

＝＝＝＝＝＝＝＝＝＝＝＝＝＝＝
《✼待遇もしっかり✼》

✔ 社会保険完備（健康保険・厚生年金・雇用保険・労災保険）
✔ 確定拠出年金・選択制確定給付企業年金制度
✔ 財形貯蓄制度・従業員持株会
✔ 住宅取得補助制度・住宅手当
✔ 交通費支給・出産祝金・資格取得祝金
✔ 年間休日120日（休暇制度：年末年始休暇・お盆休暇・有給休暇・
慶弔休暇・アニバーサリー休暇・リフレッシュ休暇など）"
342,1126,タマホーム株式会社,業界未経験OK｜住宅営業｜成田市,月給21.9万円〜◎賞与年2回・インセン制度あり♪,"✦・━━━━━━━━━━━━━━━・✦
＼千葉県成田市で募集中／
「営業経験を、住宅業界で活かす」
注文住宅の提案営業◎
✦・━━━━━━━━━━━━━━━・✦

法人でも個人でも、業界は問いません。
何らかの営業経験、または販売経験があれば
新しいフィールドに挑戦できます。

＝＝＝＝＝＝＝＝＝＝＝＝＝＝＝
【✨この仕事の魅力✨】

✅ キャリアパスが明確
一般職→主任→係長→店長→支店長。
おおむね2〜3年を目途に昇進し、
役職ごとに固定給も加算されます。

✅ インセンティブがしっかり反映
営業歩合があり、賞与は年2回、
昇給は年1回です。

✅ 選考はスピーディー
Web面接1回（30分〜1時間程度）で
内定可能です。

＝＝＝＝＝＝＝＝＝＝＝＝＝＝＝
【✧お仕事の内容✧】

■ 顧客アプローチ・ヒアリング
モデルハウスに来場されたお客様への
ヒアリングと注文住宅プランの提案・作成

■ 調査・提案・競合分析
敷地調査、ローン提案、競合比較を行い、
最適なプランをご提供

■ 進行管理
ご契約後の着工・上棟・完成・引き渡しまでの
進行管理

＝＝＝＝＝＝＝＝＝＝＝＝＝＝＝
【✔働き方✔】

✔ 9:00〜18:00（実働8時間／休憩60分）
✔ シフト制（月8〜12日休み）
✔ 年間休日120日

まずはお気軽にご応募ください。

案件No：1126","《✼ここで働く4つの特徴✼》

✅ ① 頑張りが給与に反映される
営業歩合とインセンティブ制度があり、
賞与は年2回、昇給は年1回です。
役職が上がるごとに固定給も加算されます。

✅ ② 明確なキャリアパス
一般職→主任→係長→店長→支店長。
おおむね2〜3年を目途に昇進します。
（年収例：主任3年目1,284万円／店長8年目2,083万円／支店長13年目2,369万円）

✅ ③ 業界未経験でも挑戦できる
必要なのは何らかの営業経験1年以上（業界問わず）、
または正社員での販売経験（目安1年）。
既卒・第二新卒も歓迎です。

✅ ④ 選考はWeb面接1回
30分〜1時間程度のWeb面接1回で内定可能です。
入社後は各種研修制度も整っています。

＝＝＝＝＝＝＝＝＝＝＝＝＝＝＝
《✼待遇もしっかり✼》

✔ 社会保険完備（健康保険・厚生年金・雇用保険・労災保険）
✔ 確定拠出年金・選択制確定給付企業年金制度
✔ 財形貯蓄制度・従業員持株会
✔ 住宅取得補助制度・住宅手当
✔ 交通費支給・出産祝金・資格取得祝金
✔ 年間休日120日（休暇制度：年末年始休暇・お盆休暇・有給休暇・
慶弔休暇・アニバーサリー休暇・リフレッシュ休暇など）"
343,859,タマホーム株式会社,業界未経験OK｜住宅営業｜船橋市,月給21.9万円〜◎賞与年2回・インセン制度あり♪,"✦・━━━━━━━━━━━━━━━・✦
＼千葉県船橋市で募集中／
モデルハウスでの接客から始める
注文住宅の営業職
✦・━━━━━━━━━━━━━━━・✦

「不動産は未経験だけど、人と話すのは得意」
そんな営業・販売経験を活かせる仕事です。

＝＝＝＝＝＝＝＝＝＝＝＝＝＝＝
【✧お仕事の内容✧】

■ 顧客アプローチ・ヒアリング
モデルハウスに来場されたお客様への
ヒアリングと注文住宅プランの提案・作成

■ 調査・提案・競合分析
敷地調査、ローン提案、競合比較を行い、
最適なプランをご提供

■ 進行管理
ご契約後の着工・上棟・完成・引き渡しまでの
進行管理

＝＝＝＝＝＝＝＝＝＝＝＝＝＝＝
【✨働きやすいポイント✨】

✔ 年間休日120日
✔ シフト制（月8〜12日休み）
✔ 9:00〜18:00（実働8時間／休憩60分）
✔ 社会保険完備・住宅手当・資格取得祝金あり

＝＝＝＝＝＝＝＝＝＝＝＝＝＝＝
【✨ここが強み✨】

✅ 賞与年2回・昇給年1回
✅ 営業歩合でインセンティブ還元
✅ 一般職→主任→係長→店長→支店長の
　昇進ルートが明確

まずはお気軽にご応募ください。

案件No：859","《✼ここで働く4つの特徴✼》

✅ ① 頑張りが給与に反映される
営業歩合とインセンティブ制度があり、
賞与は年2回、昇給は年1回です。
役職が上がるごとに固定給も加算されます。

✅ ② 明確なキャリアパス
一般職→主任→係長→店長→支店長。
おおむね2〜3年を目途に昇進します。
（年収例：主任3年目1,284万円／店長8年目2,083万円／支店長13年目2,369万円）

✅ ③ 業界未経験でも挑戦できる
必要なのは何らかの営業経験1年以上（業界問わず）、
または正社員での販売経験（目安1年）。
既卒・第二新卒も歓迎です。

✅ ④ 選考はWeb面接1回
30分〜1時間程度のWeb面接1回で内定可能です。
入社後は各種研修制度も整っています。

＝＝＝＝＝＝＝＝＝＝＝＝＝＝＝
《✼待遇もしっかり✼》

✔ 社会保険完備（健康保険・厚生年金・雇用保険・労災保険）
✔ 確定拠出年金・選択制確定給付企業年金制度
✔ 財形貯蓄制度・従業員持株会
✔ 住宅取得補助制度・住宅手当
✔ 交通費支給・出産祝金・資格取得祝金
✔ 年間休日120日（休暇制度：年末年始休暇・お盆休暇・有給休暇・
慶弔休暇・アニバーサリー休暇・リフレッシュ休暇など）"
344,1189,タマホーム株式会社,業界未経験OK｜住宅営業｜千葉市花見川区,月給21.9万円〜◎賞与年2回・インセン制度あり♪,"✦・━━━━━━━━━━━━━━━・✦
＼千葉県千葉市花見川区で募集中／
モデルハウスから始める、注文住宅の営業。
未経験の業界でも、経験を活かして挑戦◎
✦・━━━━━━━━━━━━━━━・✦

「不動産は未経験だけど、営業や接客の経験はある」
そんな方が、住宅業界に活躍の場を広げています。

＝＝＝＝＝＝＝＝＝＝＝＝＝＝＝
【✧お仕事の内容✧】

■ 顧客アプローチ・ヒアリング
モデルハウスに来場されたお客様への
ヒアリングと注文住宅プランの提案・作成

■ 調査・提案・競合分析
敷地調査、ローン提案、競合比較を行い、
最適なプランをご提供

■ 進行管理
ご契約後の着工・上棟・完成・引き渡しまでの
進行管理

＝＝＝＝＝＝＝＝＝＝＝＝＝＝＝
【✨この仕事の魅力✨】

✅ インセンティブがしっかり反映
営業歩合があり、頑張りが給与に直結します。
賞与は年2回、昇給は年1回です。

✅ キャリアパスが明確
一般職→主任→係長→店長→支店長と、
おおむね2〜3年を目途に昇進していきます。
役職ごとに固定給も加算されます。

✅ 選考はスピーディー
Web面接1回（30分〜1時間程度）で
内定可能です。

＝＝＝＝＝＝＝＝＝＝＝＝＝＝＝
【✔働き方✔】

✔ 9:00〜18:00（実働8時間／休憩60分）
✔ シフト制（月8〜12日休み）
✔ 年間休日120日

まずはお気軽にご応募ください。

案件No：1189","《✼ここで働く4つの特徴✼》

✅ ① 頑張りが給与に反映される
営業歩合とインセンティブ制度があり、
賞与は年2回、昇給は年1回です。
役職が上がるごとに固定給も加算されます。

✅ ② 明確なキャリアパス
一般職→主任→係長→店長→支店長。
おおむね2〜3年を目途に昇進します。
（年収例：主任3年目1,284万円／店長8年目2,083万円／支店長13年目2,369万円）

✅ ③ 業界未経験でも挑戦できる
必要なのは何らかの営業経験1年以上（業界問わず）、
または正社員での販売経験（目安1年）。
既卒・第二新卒も歓迎です。

✅ ④ 選考はWeb面接1回
30分〜1時間程度のWeb面接1回で内定可能です。
入社後は各種研修制度も整っています。

＝＝＝＝＝＝＝＝＝＝＝＝＝＝＝
《✼待遇もしっかり✼》

✔ 社会保険完備（健康保険・厚生年金・雇用保険・労災保険）
✔ 確定拠出年金・選択制確定給付企業年金制度
✔ 財形貯蓄制度・従業員持株会
✔ 住宅取得補助制度・住宅手当
✔ 交通費支給・出産祝金・資格取得祝金
✔ 年間休日120日（休暇制度：年末年始休暇・お盆休暇・有給休暇・
慶弔休暇・アニバーサリー休暇・リフレッシュ休暇など）"
345,2721,タマホーム株式会社,業界未経験OK｜住宅営業｜茂原市,月給21.9万円〜◎賞与年2回・インセン制度あり♪,"✦・━━━━━━━━━━━━━━━・✦
＼千葉県茂原市で募集中／
「営業経験を、住宅業界で活かす」
注文住宅の提案営業◎
✦・━━━━━━━━━━━━━━━・✦

法人でも個人でも、業界は問いません。
何らかの営業経験、または販売経験があれば
新しいフィールドに挑戦できます。

＝＝＝＝＝＝＝＝＝＝＝＝＝＝＝
【✨この仕事の魅力✨】

✅ キャリアパスが明確
一般職→主任→係長→店長→支店長。
おおむね2〜3年を目途に昇進し、
役職ごとに固定給も加算されます。

✅ インセンティブがしっかり反映
営業歩合があり、賞与は年2回、
昇給は年1回です。

✅ 選考はスピーディー
Web面接1回（30分〜1時間程度）で
内定可能です。

＝＝＝＝＝＝＝＝＝＝＝＝＝＝＝
【✧お仕事の内容✧】

■ 顧客アプローチ・ヒアリング
モデルハウスに来場されたお客様への
ヒアリングと注文住宅プランの提案・作成

■ 調査・提案・競合分析
敷地調査、ローン提案、競合比較を行い、
最適なプランをご提供

■ 進行管理
ご契約後の着工・上棟・完成・引き渡しまでの
進行管理

＝＝＝＝＝＝＝＝＝＝＝＝＝＝＝
【✔働き方✔】

✔ 9:00〜18:00（実働8時間／休憩60分）
✔ シフト制（月8〜12日休み）
✔ 年間休日120日

まずはお気軽にご応募ください。

案件No：2721","《✼ここで働く4つの特徴✼》

✅ ① 頑張りが給与に反映される
営業歩合とインセンティブ制度があり、
賞与は年2回、昇給は年1回です。
役職が上がるごとに固定給も加算されます。

✅ ② 明確なキャリアパス
一般職→主任→係長→店長→支店長。
おおむね2〜3年を目途に昇進します。
（年収例：主任3年目1,284万円／店長8年目2,083万円／支店長13年目2,369万円）

✅ ③ 業界未経験でも挑戦できる
必要なのは何らかの営業経験1年以上（業界問わず）、
または正社員での販売経験（目安1年）。
既卒・第二新卒も歓迎です。

✅ ④ 選考はWeb面接1回
30分〜1時間程度のWeb面接1回で内定可能です。
入社後は各種研修制度も整っています。

＝＝＝＝＝＝＝＝＝＝＝＝＝＝＝
《✼待遇もしっかり✼》

✔ 社会保険完備（健康保険・厚生年金・雇用保険・労災保険）
✔ 確定拠出年金・選択制確定給付企業年金制度
✔ 財形貯蓄制度・従業員持株会
✔ 住宅取得補助制度・住宅手当
✔ 交通費支給・出産祝金・資格取得祝金
✔ 年間休日120日（休暇制度：年末年始休暇・お盆休暇・有給休暇・
慶弔休暇・アニバーサリー休暇・リフレッシュ休暇など）"
346,1459,タマホーム株式会社,業界未経験OK｜住宅営業｜木更津市,月給21.9万円〜◎賞与年2回・インセン制度あり♪,"✦・━━━━━━━━━━━━━━━・✦
＼千葉県木更津市で募集中／
モデルハウスでの接客から始める
注文住宅の営業職
✦・━━━━━━━━━━━━━━━・✦

「不動産は未経験だけど、人と話すのは得意」
そんな営業・販売経験を活かせる仕事です。

＝＝＝＝＝＝＝＝＝＝＝＝＝＝＝
【✧お仕事の内容✧】

■ 顧客アプローチ・ヒアリング
モデルハウスに来場されたお客様への
ヒアリングと注文住宅プランの提案・作成

■ 調査・提案・競合分析
敷地調査、ローン提案、競合比較を行い、
最適なプランをご提供

■ 進行管理
ご契約後の着工・上棟・完成・引き渡しまでの
進行管理

＝＝＝＝＝＝＝＝＝＝＝＝＝＝＝
【✨働きやすいポイント✨】

✔ 年間休日120日
✔ シフト制（月8〜12日休み）
✔ 9:00〜18:00（実働8時間／休憩60分）
✔ 社会保険完備・住宅手当・資格取得祝金あり

＝＝＝＝＝＝＝＝＝＝＝＝＝＝＝
【✨ここが強み✨】

✅ 賞与年2回・昇給年1回
✅ 営業歩合でインセンティブ還元
✅ 一般職→主任→係長→店長→支店長の
　昇進ルートが明確

まずはお気軽にご応募ください。

案件No：1459","《✼ここで働く4つの特徴✼》

✅ ① 頑張りが給与に反映される
営業歩合とインセンティブ制度があり、
賞与は年2回、昇給は年1回です。
役職が上がるごとに固定給も加算されます。

✅ ② 明確なキャリアパス
一般職→主任→係長→店長→支店長。
おおむね2〜3年を目途に昇進します。
（年収例：主任3年目1,284万円／店長8年目2,083万円／支店長13年目2,369万円）

✅ ③ 業界未経験でも挑戦できる
必要なのは何らかの営業経験1年以上（業界問わず）、
または正社員での販売経験（目安1年）。
既卒・第二新卒も歓迎です。

✅ ④ 選考はWeb面接1回
30分〜1時間程度のWeb面接1回で内定可能です。
入社後は各種研修制度も整っています。

＝＝＝＝＝＝＝＝＝＝＝＝＝＝＝
《✼待遇もしっかり✼》

✔ 社会保険完備（健康保険・厚生年金・雇用保険・労災保険）
✔ 確定拠出年金・選択制確定給付企業年金制度
✔ 財形貯蓄制度・従業員持株会
✔ 住宅取得補助制度・住宅手当
✔ 交通費支給・出産祝金・資格取得祝金
✔ 年間休日120日（休暇制度：年末年始休暇・お盆休暇・有給休暇・
慶弔休暇・アニバーサリー休暇・リフレッシュ休暇など）"
347,147,タマホーム株式会社,業界未経験OK｜住宅営業｜千葉市中央区,月給21.9万円〜◎賞与年2回・インセン制度あり♪,"✦・━━━━━━━━━━━━━━━・✦
＼千葉県千葉市中央区で募集中／
モデルハウスから始める、注文住宅の営業。
未経験の業界でも、経験を活かして挑戦◎
✦・━━━━━━━━━━━━━━━・✦

「不動産は未経験だけど、営業や接客の経験はある」
そんな方が、住宅業界に活躍の場を広げています。

＝＝＝＝＝＝＝＝＝＝＝＝＝＝＝
【✧お仕事の内容✧】

■ 顧客アプローチ・ヒアリング
モデルハウスに来場されたお客様への
ヒアリングと注文住宅プランの提案・作成

■ 調査・提案・競合分析
敷地調査、ローン提案、競合比較を行い、
最適なプランをご提供

■ 進行管理
ご契約後の着工・上棟・完成・引き渡しまでの
進行管理

＝＝＝＝＝＝＝＝＝＝＝＝＝＝＝
【✨この仕事の魅力✨】

✅ インセンティブがしっかり反映
営業歩合があり、頑張りが給与に直結します。
賞与は年2回、昇給は年1回です。

✅ キャリアパスが明確
一般職→主任→係長→店長→支店長と、
おおむね2〜3年を目途に昇進していきます。
役職ごとに固定給も加算されます。

✅ 選考はスピーディー
Web面接1回（30分〜1時間程度）で
内定可能です。

＝＝＝＝＝＝＝＝＝＝＝＝＝＝＝
【✔働き方✔】

✔ 9:00〜18:00（実働8時間／休憩60分）
✔ シフト制（月8〜12日休み）
✔ 年間休日120日

まずはお気軽にご応募ください。

案件No：147","《✼ここで働く4つの特徴✼》

✅ ① 頑張りが給与に反映される
営業歩合とインセンティブ制度があり、
賞与は年2回、昇給は年1回です。
役職が上がるごとに固定給も加算されます。

✅ ② 明確なキャリアパス
一般職→主任→係長→店長→支店長。
おおむね2〜3年を目途に昇進します。
（年収例：主任3年目1,284万円／店長8年目2,083万円／支店長13年目2,369万円）

✅ ③ 業界未経験でも挑戦できる
必要なのは何らかの営業経験1年以上（業界問わず）、
または正社員での販売経験（目安1年）。
既卒・第二新卒も歓迎です。

✅ ④ 選考はWeb面接1回
30分〜1時間程度のWeb面接1回で内定可能です。
入社後は各種研修制度も整っています。

＝＝＝＝＝＝＝＝＝＝＝＝＝＝＝
《✼待遇もしっかり✼》

✔ 社会保険完備（健康保険・厚生年金・雇用保険・労災保険）
✔ 確定拠出年金・選択制確定給付企業年金制度
✔ 財形貯蓄制度・従業員持株会
✔ 住宅取得補助制度・住宅手当
✔ 交通費支給・出産祝金・資格取得祝金
✔ 年間休日120日（休暇制度：年末年始休暇・お盆休暇・有給休暇・
慶弔休暇・アニバーサリー休暇・リフレッシュ休暇など）"
348,1022,タマホーム株式会社,業界未経験OK｜住宅営業｜千葉市稲毛区,月給21.9万円〜◎賞与年2回・インセン制度あり♪,"✦・━━━━━━━━━━━━━━━・✦
＼千葉県千葉市稲毛区で募集中／
「営業経験を、住宅業界で活かす」
注文住宅の提案営業◎
✦・━━━━━━━━━━━━━━━・✦

法人でも個人でも、業界は問いません。
何らかの営業経験、または販売経験があれば
新しいフィールドに挑戦できます。

＝＝＝＝＝＝＝＝＝＝＝＝＝＝＝
【✨この仕事の魅力✨】

✅ キャリアパスが明確
一般職→主任→係長→店長→支店長。
おおむね2〜3年を目途に昇進し、
役職ごとに固定給も加算されます。

✅ インセンティブがしっかり反映
営業歩合があり、賞与は年2回、
昇給は年1回です。

✅ 選考はスピーディー
Web面接1回（30分〜1時間程度）で
内定可能です。

＝＝＝＝＝＝＝＝＝＝＝＝＝＝＝
【✧お仕事の内容✧】

■ 顧客アプローチ・ヒアリング
モデルハウスに来場されたお客様への
ヒアリングと注文住宅プランの提案・作成

■ 調査・提案・競合分析
敷地調査、ローン提案、競合比較を行い、
最適なプランをご提供

■ 進行管理
ご契約後の着工・上棟・完成・引き渡しまでの
進行管理

＝＝＝＝＝＝＝＝＝＝＝＝＝＝＝
【✔働き方✔】

✔ 9:00〜18:00（実働8時間／休憩60分）
✔ シフト制（月8〜12日休み）
✔ 年間休日120日

まずはお気軽にご応募ください。

案件No：1022","《✼ここで働く4つの特徴✼》

✅ ① 頑張りが給与に反映される
営業歩合とインセンティブ制度があり、
賞与は年2回、昇給は年1回です。
役職が上がるごとに固定給も加算されます。

✅ ② 明確なキャリアパス
一般職→主任→係長→店長→支店長。
おおむね2〜3年を目途に昇進します。
（年収例：主任3年目1,284万円／店長8年目2,083万円／支店長13年目2,369万円）

✅ ③ 業界未経験でも挑戦できる
必要なのは何らかの営業経験1年以上（業界問わず）、
または正社員での販売経験（目安1年）。
既卒・第二新卒も歓迎です。

✅ ④ 選考はWeb面接1回
30分〜1時間程度のWeb面接1回で内定可能です。
入社後は各種研修制度も整っています。

＝＝＝＝＝＝＝＝＝＝＝＝＝＝＝
《✼待遇もしっかり✼》

✔ 社会保険完備（健康保険・厚生年金・雇用保険・労災保険）
✔ 確定拠出年金・選択制確定給付企業年金制度
✔ 財形貯蓄制度・従業員持株会
✔ 住宅取得補助制度・住宅手当
✔ 交通費支給・出産祝金・資格取得祝金
✔ 年間休日120日（休暇制度：年末年始休暇・お盆休暇・有給休暇・
慶弔休暇・アニバーサリー休暇・リフレッシュ休暇など）"
349,2384,タマホーム株式会社,業界未経験OK｜住宅営業｜相模原市中央区,月給21.9万円〜◎賞与年2回・インセン制度あり♪,"✦・━━━━━━━━━━━━━━━・✦
＼神奈川県相模原市中央区で募集中／
モデルハウスでの接客から始める
注文住宅の営業職
✦・━━━━━━━━━━━━━━━・✦

「不動産は未経験だけど、人と話すのは得意」
そんな営業・販売経験を活かせる仕事です。

＝＝＝＝＝＝＝＝＝＝＝＝＝＝＝
【✧お仕事の内容✧】

■ 顧客アプローチ・ヒアリング
モデルハウスに来場されたお客様への
ヒアリングと注文住宅プランの提案・作成

■ 調査・提案・競合分析
敷地調査、ローン提案、競合比較を行い、
最適なプランをご提供

■ 進行管理
ご契約後の着工・上棟・完成・引き渡しまでの
進行管理

＝＝＝＝＝＝＝＝＝＝＝＝＝＝＝
【✨働きやすいポイント✨】

✔ 年間休日120日
✔ シフト制（月8〜12日休み）
✔ 9:00〜18:00（実働8時間／休憩60分）
✔ 社会保険完備・住宅手当・資格取得祝金あり

＝＝＝＝＝＝＝＝＝＝＝＝＝＝＝
【✨ここが強み✨】

✅ 賞与年2回・昇給年1回
✅ 営業歩合でインセンティブ還元
✅ 一般職→主任→係長→店長→支店長の
　昇進ルートが明確

まずはお気軽にご応募ください。

案件No：2384","《✼ここで働く4つの特徴✼》

✅ ① 頑張りが給与に反映される
営業歩合とインセンティブ制度があり、
賞与は年2回、昇給は年1回です。
役職が上がるごとに固定給も加算されます。

✅ ② 明確なキャリアパス
一般職→主任→係長→店長→支店長。
おおむね2〜3年を目途に昇進します。
（年収例：主任3年目1,284万円／店長8年目2,083万円／支店長13年目2,369万円）

✅ ③ 業界未経験でも挑戦できる
必要なのは何らかの営業経験1年以上（業界問わず）、
または正社員での販売経験（目安1年）。
既卒・第二新卒も歓迎です。

✅ ④ 選考はWeb面接1回
30分〜1時間程度のWeb面接1回で内定可能です。
入社後は各種研修制度も整っています。

＝＝＝＝＝＝＝＝＝＝＝＝＝＝＝
《✼待遇もしっかり✼》

✔ 社会保険完備（健康保険・厚生年金・雇用保険・労災保険）
✔ 確定拠出年金・選択制確定給付企業年金制度
✔ 財形貯蓄制度・従業員持株会
✔ 住宅取得補助制度・住宅手当
✔ 交通費支給・出産祝金・資格取得祝金
✔ 年間休日120日（休暇制度：年末年始休暇・お盆休暇・有給休暇・
慶弔休暇・アニバーサリー休暇・リフレッシュ休暇など）"
350,2604,タマホーム株式会社,業界未経験OK｜住宅営業｜平塚市,月給21.9万円〜◎賞与年2回・インセン制度あり♪,"✦・━━━━━━━━━━━━━━━・✦
＼神奈川県平塚市で募集中／
モデルハウスから始める、注文住宅の営業。
未経験の業界でも、経験を活かして挑戦◎
✦・━━━━━━━━━━━━━━━・✦

「不動産は未経験だけど、営業や接客の経験はある」
そんな方が、住宅業界に活躍の場を広げています。

＝＝＝＝＝＝＝＝＝＝＝＝＝＝＝
【✧お仕事の内容✧】

■ 顧客アプローチ・ヒアリング
モデルハウスに来場されたお客様への
ヒアリングと注文住宅プランの提案・作成

■ 調査・提案・競合分析
敷地調査、ローン提案、競合比較を行い、
最適なプランをご提供

■ 進行管理
ご契約後の着工・上棟・完成・引き渡しまでの
進行管理

＝＝＝＝＝＝＝＝＝＝＝＝＝＝＝
【✨この仕事の魅力✨】

✅ インセンティブがしっかり反映
営業歩合があり、頑張りが給与に直結します。
賞与は年2回、昇給は年1回です。

✅ キャリアパスが明確
一般職→主任→係長→店長→支店長と、
おおむね2〜3年を目途に昇進していきます。
役職ごとに固定給も加算されます。

✅ 選考はスピーディー
Web面接1回（30分〜1時間程度）で
内定可能です。

＝＝＝＝＝＝＝＝＝＝＝＝＝＝＝
【✔働き方✔】

✔ 9:00〜18:00（実働8時間／休憩60分）
✔ シフト制（月8〜12日休み）
✔ 年間休日120日

まずはお気軽にご応募ください。

案件No：2604","《✼ここで働く4つの特徴✼》

✅ ① 頑張りが給与に反映される
営業歩合とインセンティブ制度があり、
賞与は年2回、昇給は年1回です。
役職が上がるごとに固定給も加算されます。

✅ ② 明確なキャリアパス
一般職→主任→係長→店長→支店長。
おおむね2〜3年を目途に昇進します。
（年収例：主任3年目1,284万円／店長8年目2,083万円／支店長13年目2,369万円）

✅ ③ 業界未経験でも挑戦できる
必要なのは何らかの営業経験1年以上（業界問わず）、
または正社員での販売経験（目安1年）。
既卒・第二新卒も歓迎です。

✅ ④ 選考はWeb面接1回
30分〜1時間程度のWeb面接1回で内定可能です。
入社後は各種研修制度も整っています。

＝＝＝＝＝＝＝＝＝＝＝＝＝＝＝
《✼待遇もしっかり✼》

✔ 社会保険完備（健康保険・厚生年金・雇用保険・労災保険）
✔ 確定拠出年金・選択制確定給付企業年金制度
✔ 財形貯蓄制度・従業員持株会
✔ 住宅取得補助制度・住宅手当
✔ 交通費支給・出産祝金・資格取得祝金
✔ 年間休日120日（休暇制度：年末年始休暇・お盆休暇・有給休暇・
慶弔休暇・アニバーサリー休暇・リフレッシュ休暇など）"
351,2161,タマホーム株式会社,業界未経験OK｜住宅営業｜小田原市,月給21.9万円〜◎賞与年2回・インセン制度あり♪,"✦・━━━━━━━━━━━━━━━・✦
＼神奈川県小田原市で募集中／
「営業経験を、住宅業界で活かす」
注文住宅の提案営業◎
✦・━━━━━━━━━━━━━━━・✦

法人でも個人でも、業界は問いません。
何らかの営業経験、または販売経験があれば
新しいフィールドに挑戦できます。

＝＝＝＝＝＝＝＝＝＝＝＝＝＝＝
【✨この仕事の魅力✨】

✅ キャリアパスが明確
一般職→主任→係長→店長→支店長。
おおむね2〜3年を目途に昇進し、
役職ごとに固定給も加算されます。

✅ インセンティブがしっかり反映
営業歩合があり、賞与は年2回、
昇給は年1回です。

✅ 選考はスピーディー
Web面接1回（30分〜1時間程度）で
内定可能です。

＝＝＝＝＝＝＝＝＝＝＝＝＝＝＝
【✧お仕事の内容✧】

■ 顧客アプローチ・ヒアリング
モデルハウスに来場されたお客様への
ヒアリングと注文住宅プランの提案・作成

■ 調査・提案・競合分析
敷地調査、ローン提案、競合比較を行い、
最適なプランをご提供

■ 進行管理
ご契約後の着工・上棟・完成・引き渡しまでの
進行管理

＝＝＝＝＝＝＝＝＝＝＝＝＝＝＝
【✔働き方✔】

✔ 9:00〜18:00（実働8時間／休憩60分）
✔ シフト制（月8〜12日休み）
✔ 年間休日120日

まずはお気軽にご応募ください。

案件No：2161","《✼ここで働く4つの特徴✼》

✅ ① 頑張りが給与に反映される
営業歩合とインセンティブ制度があり、
賞与は年2回、昇給は年1回です。
役職が上がるごとに固定給も加算されます。

✅ ② 明確なキャリアパス
一般職→主任→係長→店長→支店長。
おおむね2〜3年を目途に昇進します。
（年収例：主任3年目1,284万円／店長8年目2,083万円／支店長13年目2,369万円）

✅ ③ 業界未経験でも挑戦できる
必要なのは何らかの営業経験1年以上（業界問わず）、
または正社員での販売経験（目安1年）。
既卒・第二新卒も歓迎です。

✅ ④ 選考はWeb面接1回
30分〜1時間程度のWeb面接1回で内定可能です。
入社後は各種研修制度も整っています。

＝＝＝＝＝＝＝＝＝＝＝＝＝＝＝
《✼待遇もしっかり✼》

✔ 社会保険完備（健康保険・厚生年金・雇用保険・労災保険）
✔ 確定拠出年金・選択制確定給付企業年金制度
✔ 財形貯蓄制度・従業員持株会
✔ 住宅取得補助制度・住宅手当
✔ 交通費支給・出産祝金・資格取得祝金
✔ 年間休日120日（休暇制度：年末年始休暇・お盆休暇・有給休暇・
慶弔休暇・アニバーサリー休暇・リフレッシュ休暇など）"
352,2415,タマホーム株式会社,業界未経験OK｜住宅営業｜藤沢市,月給21.9万円〜◎賞与年2回・インセン制度あり♪,"✦・━━━━━━━━━━━━━━━・✦
＼神奈川県藤沢市で募集中／
モデルハウスでの接客から始める
注文住宅の営業職
✦・━━━━━━━━━━━━━━━・✦

「不動産は未経験だけど、人と話すのは得意」
そんな営業・販売経験を活かせる仕事です。

＝＝＝＝＝＝＝＝＝＝＝＝＝＝＝
【✧お仕事の内容✧】

■ 顧客アプローチ・ヒアリング
モデルハウスに来場されたお客様への
ヒアリングと注文住宅プランの提案・作成

■ 調査・提案・競合分析
敷地調査、ローン提案、競合比較を行い、
最適なプランをご提供

■ 進行管理
ご契約後の着工・上棟・完成・引き渡しまでの
進行管理

＝＝＝＝＝＝＝＝＝＝＝＝＝＝＝
【✨働きやすいポイント✨】

✔ 年間休日120日
✔ シフト制（月8〜12日休み）
✔ 9:00〜18:00（実働8時間／休憩60分）
✔ 社会保険完備・住宅手当・資格取得祝金あり

＝＝＝＝＝＝＝＝＝＝＝＝＝＝＝
【✨ここが強み✨】

✅ 賞与年2回・昇給年1回
✅ 営業歩合でインセンティブ還元
✅ 一般職→主任→係長→店長→支店長の
　昇進ルートが明確

まずはお気軽にご応募ください。

案件No：2415","《✼ここで働く4つの特徴✼》

✅ ① 頑張りが給与に反映される
営業歩合とインセンティブ制度があり、
賞与は年2回、昇給は年1回です。
役職が上がるごとに固定給も加算されます。

✅ ② 明確なキャリアパス
一般職→主任→係長→店長→支店長。
おおむね2〜3年を目途に昇進します。
（年収例：主任3年目1,284万円／店長8年目2,083万円／支店長13年目2,369万円）

✅ ③ 業界未経験でも挑戦できる
必要なのは何らかの営業経験1年以上（業界問わず）、
または正社員での販売経験（目安1年）。
既卒・第二新卒も歓迎です。

✅ ④ 選考はWeb面接1回
30分〜1時間程度のWeb面接1回で内定可能です。
入社後は各種研修制度も整っています。

＝＝＝＝＝＝＝＝＝＝＝＝＝＝＝
《✼待遇もしっかり✼》

✔ 社会保険完備（健康保険・厚生年金・雇用保険・労災保険）
✔ 確定拠出年金・選択制確定給付企業年金制度
✔ 財形貯蓄制度・従業員持株会
✔ 住宅取得補助制度・住宅手当
✔ 交通費支給・出産祝金・資格取得祝金
✔ 年間休日120日（休暇制度：年末年始休暇・お盆休暇・有給休暇・
慶弔休暇・アニバーサリー休暇・リフレッシュ休暇など）"
353,1303,タマホーム株式会社,業界未経験OK｜住宅営業｜秦野市,月給21.9万円〜◎賞与年2回・インセン制度あり♪,"✦・━━━━━━━━━━━━━━━・✦
＼神奈川県秦野市で募集中／
モデルハウスから始める、注文住宅の営業。
未経験の業界でも、経験を活かして挑戦◎
✦・━━━━━━━━━━━━━━━・✦

「不動産は未経験だけど、営業や接客の経験はある」
そんな方が、住宅業界に活躍の場を広げています。

＝＝＝＝＝＝＝＝＝＝＝＝＝＝＝
【✧お仕事の内容✧】

■ 顧客アプローチ・ヒアリング
モデルハウスに来場されたお客様への
ヒアリングと注文住宅プランの提案・作成

■ 調査・提案・競合分析
敷地調査、ローン提案、競合比較を行い、
最適なプランをご提供

■ 進行管理
ご契約後の着工・上棟・完成・引き渡しまでの
進行管理

＝＝＝＝＝＝＝＝＝＝＝＝＝＝＝
【✨この仕事の魅力✨】

✅ インセンティブがしっかり反映
営業歩合があり、頑張りが給与に直結します。
賞与は年2回、昇給は年1回です。

✅ キャリアパスが明確
一般職→主任→係長→店長→支店長と、
おおむね2〜3年を目途に昇進していきます。
役職ごとに固定給も加算されます。

✅ 選考はスピーディー
Web面接1回（30分〜1時間程度）で
内定可能です。

＝＝＝＝＝＝＝＝＝＝＝＝＝＝＝
【✔働き方✔】

✔ 9:00〜18:00（実働8時間／休憩60分）
✔ シフト制（月8〜12日休み）
✔ 年間休日120日

まずはお気軽にご応募ください。

案件No：1303","《✼ここで働く4つの特徴✼》

✅ ① 頑張りが給与に反映される
営業歩合とインセンティブ制度があり、
賞与は年2回、昇給は年1回です。
役職が上がるごとに固定給も加算されます。

✅ ② 明確なキャリアパス
一般職→主任→係長→店長→支店長。
おおむね2〜3年を目途に昇進します。
（年収例：主任3年目1,284万円／店長8年目2,083万円／支店長13年目2,369万円）

✅ ③ 業界未経験でも挑戦できる
必要なのは何らかの営業経験1年以上（業界問わず）、
または正社員での販売経験（目安1年）。
既卒・第二新卒も歓迎です。

✅ ④ 選考はWeb面接1回
30分〜1時間程度のWeb面接1回で内定可能です。
入社後は各種研修制度も整っています。

＝＝＝＝＝＝＝＝＝＝＝＝＝＝＝
《✼待遇もしっかり✼》

✔ 社会保険完備（健康保険・厚生年金・雇用保険・労災保険）
✔ 確定拠出年金・選択制確定給付企業年金制度
✔ 財形貯蓄制度・従業員持株会
✔ 住宅取得補助制度・住宅手当
✔ 交通費支給・出産祝金・資格取得祝金
✔ 年間休日120日（休暇制度：年末年始休暇・お盆休暇・有給休暇・
慶弔休暇・アニバーサリー休暇・リフレッシュ休暇など）"
354,952,タマホーム株式会社,業界未経験OK｜住宅営業｜厚木市,月給21.9万円〜◎賞与年2回・インセン制度あり♪,"✦・━━━━━━━━━━━━━━━・✦
＼神奈川県厚木市で募集中／
「営業経験を、住宅業界で活かす」
注文住宅の提案営業◎
✦・━━━━━━━━━━━━━━━・✦

法人でも個人でも、業界は問いません。
何らかの営業経験、または販売経験があれば
新しいフィールドに挑戦できます。

＝＝＝＝＝＝＝＝＝＝＝＝＝＝＝
【✨この仕事の魅力✨】

✅ キャリアパスが明確
一般職→主任→係長→店長→支店長。
おおむね2〜3年を目途に昇進し、
役職ごとに固定給も加算されます。

✅ インセンティブがしっかり反映
営業歩合があり、賞与は年2回、
昇給は年1回です。

✅ 選考はスピーディー
Web面接1回（30分〜1時間程度）で
内定可能です。

＝＝＝＝＝＝＝＝＝＝＝＝＝＝＝
【✧お仕事の内容✧】

■ 顧客アプローチ・ヒアリング
モデルハウスに来場されたお客様への
ヒアリングと注文住宅プランの提案・作成

■ 調査・提案・競合分析
敷地調査、ローン提案、競合比較を行い、
最適なプランをご提供

■ 進行管理
ご契約後の着工・上棟・完成・引き渡しまでの
進行管理

＝＝＝＝＝＝＝＝＝＝＝＝＝＝＝
【✔働き方✔】

✔ 9:00〜18:00（実働8時間／休憩60分）
✔ シフト制（月8〜12日休み）
✔ 年間休日120日

まずはお気軽にご応募ください。

案件No：952","《✼ここで働く4つの特徴✼》

✅ ① 頑張りが給与に反映される
営業歩合とインセンティブ制度があり、
賞与は年2回、昇給は年1回です。
役職が上がるごとに固定給も加算されます。

✅ ② 明確なキャリアパス
一般職→主任→係長→店長→支店長。
おおむね2〜3年を目途に昇進します。
（年収例：主任3年目1,284万円／店長8年目2,083万円／支店長13年目2,369万円）

✅ ③ 業界未経験でも挑戦できる
必要なのは何らかの営業経験1年以上（業界問わず）、
または正社員での販売経験（目安1年）。
既卒・第二新卒も歓迎です。

✅ ④ 選考はWeb面接1回
30分〜1時間程度のWeb面接1回で内定可能です。
入社後は各種研修制度も整っています。

＝＝＝＝＝＝＝＝＝＝＝＝＝＝＝
《✼待遇もしっかり✼》

✔ 社会保険完備（健康保険・厚生年金・雇用保険・労災保険）
✔ 確定拠出年金・選択制確定給付企業年金制度
✔ 財形貯蓄制度・従業員持株会
✔ 住宅取得補助制度・住宅手当
✔ 交通費支給・出産祝金・資格取得祝金
✔ 年間休日120日（休暇制度：年末年始休暇・お盆休暇・有給休暇・
慶弔休暇・アニバーサリー休暇・リフレッシュ休暇など）"
355,2156,タマホーム株式会社,業界未経験OK｜住宅営業｜川崎市多摩区,月給21.9万円〜◎賞与年2回・インセン制度あり♪,"✦・━━━━━━━━━━━━━━━・✦
＼神奈川県川崎市多摩区で募集中／
モデルハウスでの接客から始める
注文住宅の営業職
✦・━━━━━━━━━━━━━━━・✦

「不動産は未経験だけど、人と話すのは得意」
そんな営業・販売経験を活かせる仕事です。

＝＝＝＝＝＝＝＝＝＝＝＝＝＝＝
【✧お仕事の内容✧】

■ 顧客アプローチ・ヒアリング
モデルハウスに来場されたお客様への
ヒアリングと注文住宅プランの提案・作成

■ 調査・提案・競合分析
敷地調査、ローン提案、競合比較を行い、
最適なプランをご提供

■ 進行管理
ご契約後の着工・上棟・完成・引き渡しまでの
進行管理

＝＝＝＝＝＝＝＝＝＝＝＝＝＝＝
【✨働きやすいポイント✨】

✔ 年間休日120日
✔ シフト制（月8〜12日休み）
✔ 9:00〜18:00（実働8時間／休憩60分）
✔ 社会保険完備・住宅手当・資格取得祝金あり

＝＝＝＝＝＝＝＝＝＝＝＝＝＝＝
【✨ここが強み✨】

✅ 賞与年2回・昇給年1回
✅ 営業歩合でインセンティブ還元
✅ 一般職→主任→係長→店長→支店長の
　昇進ルートが明確

まずはお気軽にご応募ください。

案件No：2156","《✼ここで働く4つの特徴✼》

✅ ① 頑張りが給与に反映される
営業歩合とインセンティブ制度があり、
賞与は年2回、昇給は年1回です。
役職が上がるごとに固定給も加算されます。

✅ ② 明確なキャリアパス
一般職→主任→係長→店長→支店長。
おおむね2〜3年を目途に昇進します。
（年収例：主任3年目1,284万円／店長8年目2,083万円／支店長13年目2,369万円）

✅ ③ 業界未経験でも挑戦できる
必要なのは何らかの営業経験1年以上（業界問わず）、
または正社員での販売経験（目安1年）。
既卒・第二新卒も歓迎です。

✅ ④ 選考はWeb面接1回
30分〜1時間程度のWeb面接1回で内定可能です。
入社後は各種研修制度も整っています。

＝＝＝＝＝＝＝＝＝＝＝＝＝＝＝
《✼待遇もしっかり✼》

✔ 社会保険完備（健康保険・厚生年金・雇用保険・労災保険）
✔ 確定拠出年金・選択制確定給付企業年金制度
✔ 財形貯蓄制度・従業員持株会
✔ 住宅取得補助制度・住宅手当
✔ 交通費支給・出産祝金・資格取得祝金
✔ 年間休日120日（休暇制度：年末年始休暇・お盆休暇・有給休暇・
慶弔休暇・アニバーサリー休暇・リフレッシュ休暇など）"
356,2117,タマホーム株式会社,業界未経験OK｜住宅営業｜横浜市都筑区,月給21.9万円〜◎賞与年2回・インセン制度あり♪,"✦・━━━━━━━━━━━━━━━・✦
＼神奈川県横浜市都筑区で募集中／
モデルハウスから始める、注文住宅の営業。
未経験の業界でも、経験を活かして挑戦◎
✦・━━━━━━━━━━━━━━━・✦

「不動産は未経験だけど、営業や接客の経験はある」
そんな方が、住宅業界に活躍の場を広げています。

＝＝＝＝＝＝＝＝＝＝＝＝＝＝＝
【✧お仕事の内容✧】

■ 顧客アプローチ・ヒアリング
モデルハウスに来場されたお客様への
ヒアリングと注文住宅プランの提案・作成

■ 調査・提案・競合分析
敷地調査、ローン提案、競合比較を行い、
最適なプランをご提供

■ 進行管理
ご契約後の着工・上棟・完成・引き渡しまでの
進行管理

＝＝＝＝＝＝＝＝＝＝＝＝＝＝＝
【✨この仕事の魅力✨】

✅ インセンティブがしっかり反映
営業歩合があり、頑張りが給与に直結します。
賞与は年2回、昇給は年1回です。

✅ キャリアパスが明確
一般職→主任→係長→店長→支店長と、
おおむね2〜3年を目途に昇進していきます。
役職ごとに固定給も加算されます。

✅ 選考はスピーディー
Web面接1回（30分〜1時間程度）で
内定可能です。

＝＝＝＝＝＝＝＝＝＝＝＝＝＝＝
【✔働き方✔】

✔ 9:00〜18:00（実働8時間／休憩60分）
✔ シフト制（月8〜12日休み）
✔ 年間休日120日

まずはお気軽にご応募ください。

案件No：2117","《✼ここで働く4つの特徴✼》

✅ ① 頑張りが給与に反映される
営業歩合とインセンティブ制度があり、
賞与は年2回、昇給は年1回です。
役職が上がるごとに固定給も加算されます。

✅ ② 明確なキャリアパス
一般職→主任→係長→店長→支店長。
おおむね2〜3年を目途に昇進します。
（年収例：主任3年目1,284万円／店長8年目2,083万円／支店長13年目2,369万円）

✅ ③ 業界未経験でも挑戦できる
必要なのは何らかの営業経験1年以上（業界問わず）、
または正社員での販売経験（目安1年）。
既卒・第二新卒も歓迎です。

✅ ④ 選考はWeb面接1回
30分〜1時間程度のWeb面接1回で内定可能です。
入社後は各種研修制度も整っています。

＝＝＝＝＝＝＝＝＝＝＝＝＝＝＝
《✼待遇もしっかり✼》

✔ 社会保険完備（健康保険・厚生年金・雇用保険・労災保険）
✔ 確定拠出年金・選択制確定給付企業年金制度
✔ 財形貯蓄制度・従業員持株会
✔ 住宅取得補助制度・住宅手当
✔ 交通費支給・出産祝金・資格取得祝金
✔ 年間休日120日（休暇制度：年末年始休暇・お盆休暇・有給休暇・
慶弔休暇・アニバーサリー休暇・リフレッシュ休暇など）"
357,858,タマホーム株式会社,業界未経験OK｜住宅営業｜横浜市都筑区,月給21.9万円〜◎賞与年2回・インセン制度あり♪,"✦・━━━━━━━━━━━━━━━・✦
＼神奈川県横浜市都筑区で募集中／
「営業経験を、住宅業界で活かす」
注文住宅の提案営業◎
✦・━━━━━━━━━━━━━━━・✦

法人でも個人でも、業界は問いません。
何らかの営業経験、または販売経験があれば
新しいフィールドに挑戦できます。

＝＝＝＝＝＝＝＝＝＝＝＝＝＝＝
【✨この仕事の魅力✨】

✅ キャリアパスが明確
一般職→主任→係長→店長→支店長。
おおむね2〜3年を目途に昇進し、
役職ごとに固定給も加算されます。

✅ インセンティブがしっかり反映
営業歩合があり、賞与は年2回、
昇給は年1回です。

✅ 選考はスピーディー
Web面接1回（30分〜1時間程度）で
内定可能です。

＝＝＝＝＝＝＝＝＝＝＝＝＝＝＝
【✧お仕事の内容✧】

■ 顧客アプローチ・ヒアリング
モデルハウスに来場されたお客様への
ヒアリングと注文住宅プランの提案・作成

■ 調査・提案・競合分析
敷地調査、ローン提案、競合比較を行い、
最適なプランをご提供

■ 進行管理
ご契約後の着工・上棟・完成・引き渡しまでの
進行管理

＝＝＝＝＝＝＝＝＝＝＝＝＝＝＝
【✔働き方✔】

✔ 9:00〜18:00（実働8時間／休憩60分）
✔ シフト制（月8〜12日休み）
✔ 年間休日120日

まずはお気軽にご応募ください。

案件No：858","《✼ここで働く4つの特徴✼》

✅ ① 頑張りが給与に反映される
営業歩合とインセンティブ制度があり、
賞与は年2回、昇給は年1回です。
役職が上がるごとに固定給も加算されます。

✅ ② 明確なキャリアパス
一般職→主任→係長→店長→支店長。
おおむね2〜3年を目途に昇進します。
（年収例：主任3年目1,284万円／店長8年目2,083万円／支店長13年目2,369万円）

✅ ③ 業界未経験でも挑戦できる
必要なのは何らかの営業経験1年以上（業界問わず）、
または正社員での販売経験（目安1年）。
既卒・第二新卒も歓迎です。

✅ ④ 選考はWeb面接1回
30分〜1時間程度のWeb面接1回で内定可能です。
入社後は各種研修制度も整っています。

＝＝＝＝＝＝＝＝＝＝＝＝＝＝＝
《✼待遇もしっかり✼》

✔ 社会保険完備（健康保険・厚生年金・雇用保険・労災保険）
✔ 確定拠出年金・選択制確定給付企業年金制度
✔ 財形貯蓄制度・従業員持株会
✔ 住宅取得補助制度・住宅手当
✔ 交通費支給・出産祝金・資格取得祝金
✔ 年間休日120日（休暇制度：年末年始休暇・お盆休暇・有給休暇・
慶弔休暇・アニバーサリー休暇・リフレッシュ休暇など）"
358,1342,タマホーム株式会社,業界未経験OK｜住宅営業｜横須賀市,月給21.9万円〜◎賞与年2回・インセン制度あり♪,"✦・━━━━━━━━━━━━━━━・✦
＼神奈川県横須賀市で募集中／
モデルハウスでの接客から始める
注文住宅の営業職
✦・━━━━━━━━━━━━━━━・✦

「不動産は未経験だけど、人と話すのは得意」
そんな営業・販売経験を活かせる仕事です。

＝＝＝＝＝＝＝＝＝＝＝＝＝＝＝
【✧お仕事の内容✧】

■ 顧客アプローチ・ヒアリング
モデルハウスに来場されたお客様への
ヒアリングと注文住宅プランの提案・作成

■ 調査・提案・競合分析
敷地調査、ローン提案、競合比較を行い、
最適なプランをご提供

■ 進行管理
ご契約後の着工・上棟・完成・引き渡しまでの
進行管理

＝＝＝＝＝＝＝＝＝＝＝＝＝＝＝
【✨働きやすいポイント✨】

✔ 年間休日120日
✔ シフト制（月8〜12日休み）
✔ 9:00〜18:00（実働8時間／休憩60分）
✔ 社会保険完備・住宅手当・資格取得祝金あり

＝＝＝＝＝＝＝＝＝＝＝＝＝＝＝
【✨ここが強み✨】

✅ 賞与年2回・昇給年1回
✅ 営業歩合でインセンティブ還元
✅ 一般職→主任→係長→店長→支店長の
　昇進ルートが明確

まずはお気軽にご応募ください。

案件No：1342","《✼ここで働く4つの特徴✼》

✅ ① 頑張りが給与に反映される
営業歩合とインセンティブ制度があり、
賞与は年2回、昇給は年1回です。
役職が上がるごとに固定給も加算されます。

✅ ② 明確なキャリアパス
一般職→主任→係長→店長→支店長。
おおむね2〜3年を目途に昇進します。
（年収例：主任3年目1,284万円／店長8年目2,083万円／支店長13年目2,369万円）

✅ ③ 業界未経験でも挑戦できる
必要なのは何らかの営業経験1年以上（業界問わず）、
または正社員での販売経験（目安1年）。
既卒・第二新卒も歓迎です。

✅ ④ 選考はWeb面接1回
30分〜1時間程度のWeb面接1回で内定可能です。
入社後は各種研修制度も整っています。

＝＝＝＝＝＝＝＝＝＝＝＝＝＝＝
《✼待遇もしっかり✼》

✔ 社会保険完備（健康保険・厚生年金・雇用保険・労災保険）
✔ 確定拠出年金・選択制確定給付企業年金制度
✔ 財形貯蓄制度・従業員持株会
✔ 住宅取得補助制度・住宅手当
✔ 交通費支給・出産祝金・資格取得祝金
✔ 年間休日120日（休暇制度：年末年始休暇・お盆休暇・有給休暇・
慶弔休暇・アニバーサリー休暇・リフレッシュ休暇など）"
359,2379,タマホーム株式会社,業界未経験OK｜住宅営業｜横浜市西区,月給21.9万円〜◎賞与年2回・インセン制度あり♪,"✦・━━━━━━━━━━━━━━━・✦
＼神奈川県横浜市西区で募集中／
モデルハウスから始める、注文住宅の営業。
未経験の業界でも、経験を活かして挑戦◎
✦・━━━━━━━━━━━━━━━・✦

「不動産は未経験だけど、営業や接客の経験はある」
そんな方が、住宅業界に活躍の場を広げています。

＝＝＝＝＝＝＝＝＝＝＝＝＝＝＝
【✧お仕事の内容✧】

■ 顧客アプローチ・ヒアリング
モデルハウスに来場されたお客様への
ヒアリングと注文住宅プランの提案・作成

■ 調査・提案・競合分析
敷地調査、ローン提案、競合比較を行い、
最適なプランをご提供

■ 進行管理
ご契約後の着工・上棟・完成・引き渡しまでの
進行管理

＝＝＝＝＝＝＝＝＝＝＝＝＝＝＝
【✨この仕事の魅力✨】

✅ インセンティブがしっかり反映
営業歩合があり、頑張りが給与に直結します。
賞与は年2回、昇給は年1回です。

✅ キャリアパスが明確
一般職→主任→係長→店長→支店長と、
おおむね2〜3年を目途に昇進していきます。
役職ごとに固定給も加算されます。

✅ 選考はスピーディー
Web面接1回（30分〜1時間程度）で
内定可能です。

＝＝＝＝＝＝＝＝＝＝＝＝＝＝＝
【✔働き方✔】

✔ 9:00〜18:00（実働8時間／休憩60分）
✔ シフト制（月8〜12日休み）
✔ 年間休日120日

まずはお気軽にご応募ください。

案件No：2379","《✼ここで働く4つの特徴✼》

✅ ① 頑張りが給与に反映される
営業歩合とインセンティブ制度があり、
賞与は年2回、昇給は年1回です。
役職が上がるごとに固定給も加算されます。

✅ ② 明確なキャリアパス
一般職→主任→係長→店長→支店長。
おおむね2〜3年を目途に昇進します。
（年収例：主任3年目1,284万円／店長8年目2,083万円／支店長13年目2,369万円）

✅ ③ 業界未経験でも挑戦できる
必要なのは何らかの営業経験1年以上（業界問わず）、
または正社員での販売経験（目安1年）。
既卒・第二新卒も歓迎です。

✅ ④ 選考はWeb面接1回
30分〜1時間程度のWeb面接1回で内定可能です。
入社後は各種研修制度も整っています。

＝＝＝＝＝＝＝＝＝＝＝＝＝＝＝
《✼待遇もしっかり✼》

✔ 社会保険完備（健康保険・厚生年金・雇用保険・労災保険）
✔ 確定拠出年金・選択制確定給付企業年金制度
✔ 財形貯蓄制度・従業員持株会
✔ 住宅取得補助制度・住宅手当
✔ 交通費支給・出産祝金・資格取得祝金
✔ 年間休日120日（休暇制度：年末年始休暇・お盆休暇・有給休暇・
慶弔休暇・アニバーサリー休暇・リフレッシュ休暇など）"
360,347,タマホーム株式会社,業界未経験OK｜住宅営業｜足立区,月給21.9万円〜◎賞与年2回・インセン制度あり♪,"✦・━━━━━━━━━━━━━━━・✦
＼東京都足立区で募集中／
「営業経験を、住宅業界で活かす」
注文住宅の提案営業◎
✦・━━━━━━━━━━━━━━━・✦

法人でも個人でも、業界は問いません。
何らかの営業経験、または販売経験があれば
新しいフィールドに挑戦できます。

＝＝＝＝＝＝＝＝＝＝＝＝＝＝＝
【✨この仕事の魅力✨】

✅ キャリアパスが明確
一般職→主任→係長→店長→支店長。
おおむね2〜3年を目途に昇進し、
役職ごとに固定給も加算されます。

✅ インセンティブがしっかり反映
営業歩合があり、賞与は年2回、
昇給は年1回です。

✅ 選考はスピーディー
Web面接1回（30分〜1時間程度）で
内定可能です。

＝＝＝＝＝＝＝＝＝＝＝＝＝＝＝
【✧お仕事の内容✧】

■ 顧客アプローチ・ヒアリング
モデルハウスに来場されたお客様への
ヒアリングと注文住宅プランの提案・作成

■ 調査・提案・競合分析
敷地調査、ローン提案、競合比較を行い、
最適なプランをご提供

■ 進行管理
ご契約後の着工・上棟・完成・引き渡しまでの
進行管理

＝＝＝＝＝＝＝＝＝＝＝＝＝＝＝
【✔働き方✔】

✔ 9:00〜18:00（実働8時間／休憩60分）
✔ シフト制（月8〜12日休み）
✔ 年間休日120日

まずはお気軽にご応募ください。

案件No：347","《✼ここで働く4つの特徴✼》

✅ ① 頑張りが給与に反映される
営業歩合とインセンティブ制度があり、
賞与は年2回、昇給は年1回です。
役職が上がるごとに固定給も加算されます。

✅ ② 明確なキャリアパス
一般職→主任→係長→店長→支店長。
おおむね2〜3年を目途に昇進します。
（年収例：主任3年目1,284万円／店長8年目2,083万円／支店長13年目2,369万円）

✅ ③ 業界未経験でも挑戦できる
必要なのは何らかの営業経験1年以上（業界問わず）、
または正社員での販売経験（目安1年）。
既卒・第二新卒も歓迎です。

✅ ④ 選考はWeb面接1回
30分〜1時間程度のWeb面接1回で内定可能です。
入社後は各種研修制度も整っています。

＝＝＝＝＝＝＝＝＝＝＝＝＝＝＝
《✼待遇もしっかり✼》

✔ 社会保険完備（健康保険・厚生年金・雇用保険・労災保険）
✔ 確定拠出年金・選択制確定給付企業年金制度
✔ 財形貯蓄制度・従業員持株会
✔ 住宅取得補助制度・住宅手当
✔ 交通費支給・出産祝金・資格取得祝金
✔ 年間休日120日（休暇制度：年末年始休暇・お盆休暇・有給休暇・
慶弔休暇・アニバーサリー休暇・リフレッシュ休暇など）"
361,1025,タマホーム株式会社,業界未経験OK｜住宅営業｜江東区,月給21.9万円〜◎賞与年2回・インセン制度あり♪,"✦・━━━━━━━━━━━━━━━・✦
＼東京都江東区で募集中／
モデルハウスでの接客から始める
注文住宅の営業職
✦・━━━━━━━━━━━━━━━・✦

「不動産は未経験だけど、人と話すのは得意」
そんな営業・販売経験を活かせる仕事です。

＝＝＝＝＝＝＝＝＝＝＝＝＝＝＝
【✧お仕事の内容✧】

■ 顧客アプローチ・ヒアリング
モデルハウスに来場されたお客様への
ヒアリングと注文住宅プランの提案・作成

■ 調査・提案・競合分析
敷地調査、ローン提案、競合比較を行い、
最適なプランをご提供

■ 進行管理
ご契約後の着工・上棟・完成・引き渡しまでの
進行管理

＝＝＝＝＝＝＝＝＝＝＝＝＝＝＝
【✨働きやすいポイント✨】

✔ 年間休日120日
✔ シフト制（月8〜12日休み）
✔ 9:00〜18:00（実働8時間／休憩60分）
✔ 社会保険完備・住宅手当・資格取得祝金あり

＝＝＝＝＝＝＝＝＝＝＝＝＝＝＝
【✨ここが強み✨】

✅ 賞与年2回・昇給年1回
✅ 営業歩合でインセンティブ還元
✅ 一般職→主任→係長→店長→支店長の
　昇進ルートが明確

まずはお気軽にご応募ください。

案件No：1025","《✼ここで働く4つの特徴✼》

✅ ① 頑張りが給与に反映される
営業歩合とインセンティブ制度があり、
賞与は年2回、昇給は年1回です。
役職が上がるごとに固定給も加算されます。

✅ ② 明確なキャリアパス
一般職→主任→係長→店長→支店長。
おおむね2〜3年を目途に昇進します。
（年収例：主任3年目1,284万円／店長8年目2,083万円／支店長13年目2,369万円）

✅ ③ 業界未経験でも挑戦できる
必要なのは何らかの営業経験1年以上（業界問わず）、
または正社員での販売経験（目安1年）。
既卒・第二新卒も歓迎です。

✅ ④ 選考はWeb面接1回
30分〜1時間程度のWeb面接1回で内定可能です。
入社後は各種研修制度も整っています。

＝＝＝＝＝＝＝＝＝＝＝＝＝＝＝
《✼待遇もしっかり✼》

✔ 社会保険完備（健康保険・厚生年金・雇用保険・労災保険）
✔ 確定拠出年金・選択制確定給付企業年金制度
✔ 財形貯蓄制度・従業員持株会
✔ 住宅取得補助制度・住宅手当
✔ 交通費支給・出産祝金・資格取得祝金
✔ 年間休日120日（休暇制度：年末年始休暇・お盆休暇・有給休暇・
慶弔休暇・アニバーサリー休暇・リフレッシュ休暇など）"
362,2459,タマホーム株式会社,業界未経験OK｜住宅営業｜武蔵村山市,月給21.9万円〜◎賞与年2回・インセン制度あり♪,"✦・━━━━━━━━━━━━━━━・✦
＼東京都武蔵村山市で募集中／
モデルハウスから始める、注文住宅の営業。
未経験の業界でも、経験を活かして挑戦◎
✦・━━━━━━━━━━━━━━━・✦

「不動産は未経験だけど、営業や接客の経験はある」
そんな方が、住宅業界に活躍の場を広げています。

＝＝＝＝＝＝＝＝＝＝＝＝＝＝＝
【✧お仕事の内容✧】

■ 顧客アプローチ・ヒアリング
モデルハウスに来場されたお客様への
ヒアリングと注文住宅プランの提案・作成

■ 調査・提案・競合分析
敷地調査、ローン提案、競合比較を行い、
最適なプランをご提供

■ 進行管理
ご契約後の着工・上棟・完成・引き渡しまでの
進行管理

＝＝＝＝＝＝＝＝＝＝＝＝＝＝＝
【✨この仕事の魅力✨】

✅ インセンティブがしっかり反映
営業歩合があり、頑張りが給与に直結します。
賞与は年2回、昇給は年1回です。

✅ キャリアパスが明確
一般職→主任→係長→店長→支店長と、
おおむね2〜3年を目途に昇進していきます。
役職ごとに固定給も加算されます。

✅ 選考はスピーディー
Web面接1回（30分〜1時間程度）で
内定可能です。

＝＝＝＝＝＝＝＝＝＝＝＝＝＝＝
【✔働き方✔】

✔ 9:00〜18:00（実働8時間／休憩60分）
✔ シフト制（月8〜12日休み）
✔ 年間休日120日

まずはお気軽にご応募ください。

案件No：2459","《✼ここで働く4つの特徴✼》

✅ ① 頑張りが給与に反映される
営業歩合とインセンティブ制度があり、
賞与は年2回、昇給は年1回です。
役職が上がるごとに固定給も加算されます。

✅ ② 明確なキャリアパス
一般職→主任→係長→店長→支店長。
おおむね2〜3年を目途に昇進します。
（年収例：主任3年目1,284万円／店長8年目2,083万円／支店長13年目2,369万円）

✅ ③ 業界未経験でも挑戦できる
必要なのは何らかの営業経験1年以上（業界問わず）、
または正社員での販売経験（目安1年）。
既卒・第二新卒も歓迎です。

✅ ④ 選考はWeb面接1回
30分〜1時間程度のWeb面接1回で内定可能です。
入社後は各種研修制度も整っています。

＝＝＝＝＝＝＝＝＝＝＝＝＝＝＝
《✼待遇もしっかり✼》

✔ 社会保険完備（健康保険・厚生年金・雇用保険・労災保険）
✔ 確定拠出年金・選択制確定給付企業年金制度
✔ 財形貯蓄制度・従業員持株会
✔ 住宅取得補助制度・住宅手当
✔ 交通費支給・出産祝金・資格取得祝金
✔ 年間休日120日（休暇制度：年末年始休暇・お盆休暇・有給休暇・
慶弔休暇・アニバーサリー休暇・リフレッシュ休暇など）"
363,2560,タマホーム株式会社,業界未経験OK｜住宅営業｜町田市,月給21.9万円〜◎賞与年2回・インセン制度あり♪,"✦・━━━━━━━━━━━━━━━・✦
＼東京都町田市で募集中／
「営業経験を、住宅業界で活かす」
注文住宅の提案営業◎
✦・━━━━━━━━━━━━━━━・✦

法人でも個人でも、業界は問いません。
何らかの営業経験、または販売経験があれば
新しいフィールドに挑戦できます。

＝＝＝＝＝＝＝＝＝＝＝＝＝＝＝
【✨この仕事の魅力✨】

✅ キャリアパスが明確
一般職→主任→係長→店長→支店長。
おおむね2〜3年を目途に昇進し、
役職ごとに固定給も加算されます。

✅ インセンティブがしっかり反映
営業歩合があり、賞与は年2回、
昇給は年1回です。

✅ 選考はスピーディー
Web面接1回（30分〜1時間程度）で
内定可能です。

＝＝＝＝＝＝＝＝＝＝＝＝＝＝＝
【✧お仕事の内容✧】

■ 顧客アプローチ・ヒアリング
モデルハウスに来場されたお客様への
ヒアリングと注文住宅プランの提案・作成

■ 調査・提案・競合分析
敷地調査、ローン提案、競合比較を行い、
最適なプランをご提供

■ 進行管理
ご契約後の着工・上棟・完成・引き渡しまでの
進行管理

＝＝＝＝＝＝＝＝＝＝＝＝＝＝＝
【✔働き方✔】

✔ 9:00〜18:00（実働8時間／休憩60分）
✔ シフト制（月8〜12日休み）
✔ 年間休日120日

まずはお気軽にご応募ください。

案件No：2560","《✼ここで働く4つの特徴✼》

✅ ① 頑張りが給与に反映される
営業歩合とインセンティブ制度があり、
賞与は年2回、昇給は年1回です。
役職が上がるごとに固定給も加算されます。

✅ ② 明確なキャリアパス
一般職→主任→係長→店長→支店長。
おおむね2〜3年を目途に昇進します。
（年収例：主任3年目1,284万円／店長8年目2,083万円／支店長13年目2,369万円）

✅ ③ 業界未経験でも挑戦できる
必要なのは何らかの営業経験1年以上（業界問わず）、
または正社員での販売経験（目安1年）。
既卒・第二新卒も歓迎です。

✅ ④ 選考はWeb面接1回
30分〜1時間程度のWeb面接1回で内定可能です。
入社後は各種研修制度も整っています。

＝＝＝＝＝＝＝＝＝＝＝＝＝＝＝
《✼待遇もしっかり✼》

✔ 社会保険完備（健康保険・厚生年金・雇用保険・労災保険）
✔ 確定拠出年金・選択制確定給付企業年金制度
✔ 財形貯蓄制度・従業員持株会
✔ 住宅取得補助制度・住宅手当
✔ 交通費支給・出産祝金・資格取得祝金
✔ 年間休日120日（休暇制度：年末年始休暇・お盆休暇・有給休暇・
慶弔休暇・アニバーサリー休暇・リフレッシュ休暇など）"
364,38,タマホーム株式会社,業界未経験OK｜住宅営業｜三鷹市,月給21.9万円〜◎賞与年2回・インセン制度あり♪,"✦・━━━━━━━━━━━━━━━・✦
＼東京都三鷹市で募集中／
モデルハウスでの接客から始める
注文住宅の営業職
✦・━━━━━━━━━━━━━━━・✦

「不動産は未経験だけど、人と話すのは得意」
そんな営業・販売経験を活かせる仕事です。

＝＝＝＝＝＝＝＝＝＝＝＝＝＝＝
【✧お仕事の内容✧】

■ 顧客アプローチ・ヒアリング
モデルハウスに来場されたお客様への
ヒアリングと注文住宅プランの提案・作成

■ 調査・提案・競合分析
敷地調査、ローン提案、競合比較を行い、
最適なプランをご提供

■ 進行管理
ご契約後の着工・上棟・完成・引き渡しまでの
進行管理

＝＝＝＝＝＝＝＝＝＝＝＝＝＝＝
【✨働きやすいポイント✨】

✔ 年間休日120日
✔ シフト制（月8〜12日休み）
✔ 9:00〜18:00（実働8時間／休憩60分）
✔ 社会保険完備・住宅手当・資格取得祝金あり

＝＝＝＝＝＝＝＝＝＝＝＝＝＝＝
【✨ここが強み✨】

✅ 賞与年2回・昇給年1回
✅ 営業歩合でインセンティブ還元
✅ 一般職→主任→係長→店長→支店長の
　昇進ルートが明確

まずはお気軽にご応募ください。

案件No：38","《✼ここで働く4つの特徴✼》

✅ ① 頑張りが給与に反映される
営業歩合とインセンティブ制度があり、
賞与は年2回、昇給は年1回です。
役職が上がるごとに固定給も加算されます。

✅ ② 明確なキャリアパス
一般職→主任→係長→店長→支店長。
おおむね2〜3年を目途に昇進します。
（年収例：主任3年目1,284万円／店長8年目2,083万円／支店長13年目2,369万円）

✅ ③ 業界未経験でも挑戦できる
必要なのは何らかの営業経験1年以上（業界問わず）、
または正社員での販売経験（目安1年）。
既卒・第二新卒も歓迎です。

✅ ④ 選考はWeb面接1回
30分〜1時間程度のWeb面接1回で内定可能です。
入社後は各種研修制度も整っています。

＝＝＝＝＝＝＝＝＝＝＝＝＝＝＝
《✼待遇もしっかり✼》

✔ 社会保険完備（健康保険・厚生年金・雇用保険・労災保険）
✔ 確定拠出年金・選択制確定給付企業年金制度
✔ 財形貯蓄制度・従業員持株会
✔ 住宅取得補助制度・住宅手当
✔ 交通費支給・出産祝金・資格取得祝金
✔ 年間休日120日（休暇制度：年末年始休暇・お盆休暇・有給休暇・
慶弔休暇・アニバーサリー休暇・リフレッシュ休暇など）"
365,1561,タマホーム株式会社,業界未経験OK｜住宅営業｜八王子市,月給21.9万円〜◎賞与年2回・インセン制度あり♪,"✦・━━━━━━━━━━━━━━━・✦
＼東京都八王子市で募集中／
モデルハウスから始める、注文住宅の営業。
未経験の業界でも、経験を活かして挑戦◎
✦・━━━━━━━━━━━━━━━・✦

「不動産は未経験だけど、営業や接客の経験はある」
そんな方が、住宅業界に活躍の場を広げています。

＝＝＝＝＝＝＝＝＝＝＝＝＝＝＝
【✧お仕事の内容✧】

■ 顧客アプローチ・ヒアリング
モデルハウスに来場されたお客様への
ヒアリングと注文住宅プランの提案・作成

■ 調査・提案・競合分析
敷地調査、ローン提案、競合比較を行い、
最適なプランをご提供

■ 進行管理
ご契約後の着工・上棟・完成・引き渡しまでの
進行管理

＝＝＝＝＝＝＝＝＝＝＝＝＝＝＝
【✨この仕事の魅力✨】

✅ インセンティブがしっかり反映
営業歩合があり、頑張りが給与に直結します。
賞与は年2回、昇給は年1回です。

✅ キャリアパスが明確
一般職→主任→係長→店長→支店長と、
おおむね2〜3年を目途に昇進していきます。
役職ごとに固定給も加算されます。

✅ 選考はスピーディー
Web面接1回（30分〜1時間程度）で
内定可能です。

＝＝＝＝＝＝＝＝＝＝＝＝＝＝＝
【✔働き方✔】

✔ 9:00〜18:00（実働8時間／休憩60分）
✔ シフト制（月8〜12日休み）
✔ 年間休日120日

まずはお気軽にご応募ください。

案件No：1561","《✼ここで働く4つの特徴✼》

✅ ① 頑張りが給与に反映される
営業歩合とインセンティブ制度があり、
賞与は年2回、昇給は年1回です。
役職が上がるごとに固定給も加算されます。

✅ ② 明確なキャリアパス
一般職→主任→係長→店長→支店長。
おおむね2〜3年を目途に昇進します。
（年収例：主任3年目1,284万円／店長8年目2,083万円／支店長13年目2,369万円）

✅ ③ 業界未経験でも挑戦できる
必要なのは何らかの営業経験1年以上（業界問わず）、
または正社員での販売経験（目安1年）。
既卒・第二新卒も歓迎です。

✅ ④ 選考はWeb面接1回
30分〜1時間程度のWeb面接1回で内定可能です。
入社後は各種研修制度も整っています。

＝＝＝＝＝＝＝＝＝＝＝＝＝＝＝
《✼待遇もしっかり✼》

✔ 社会保険完備（健康保険・厚生年金・雇用保険・労災保険）
✔ 確定拠出年金・選択制確定給付企業年金制度
✔ 財形貯蓄制度・従業員持株会
✔ 住宅取得補助制度・住宅手当
✔ 交通費支給・出産祝金・資格取得祝金
✔ 年間休日120日（休暇制度：年末年始休暇・お盆休暇・有給休暇・
慶弔休暇・アニバーサリー休暇・リフレッシュ休暇など）"
366,1332,タマホーム株式会社,業界未経験OK｜住宅営業｜立川市,月給21.9万円〜◎賞与年2回・インセン制度あり♪,"✦・━━━━━━━━━━━━━━━・✦
＼東京都立川市で募集中／
「営業経験を、住宅業界で活かす」
注文住宅の提案営業◎
✦・━━━━━━━━━━━━━━━・✦

法人でも個人でも、業界は問いません。
何らかの営業経験、または販売経験があれば
新しいフィールドに挑戦できます。

＝＝＝＝＝＝＝＝＝＝＝＝＝＝＝
【✨この仕事の魅力✨】

✅ キャリアパスが明確
一般職→主任→係長→店長→支店長。
おおむね2〜3年を目途に昇進し、
役職ごとに固定給も加算されます。

✅ インセンティブがしっかり反映
営業歩合があり、賞与は年2回、
昇給は年1回です。

✅ 選考はスピーディー
Web面接1回（30分〜1時間程度）で
内定可能です。

＝＝＝＝＝＝＝＝＝＝＝＝＝＝＝
【✧お仕事の内容✧】

■ 顧客アプローチ・ヒアリング
モデルハウスに来場されたお客様への
ヒアリングと注文住宅プランの提案・作成

■ 調査・提案・競合分析
敷地調査、ローン提案、競合比較を行い、
最適なプランをご提供

■ 進行管理
ご契約後の着工・上棟・完成・引き渡しまでの
進行管理

＝＝＝＝＝＝＝＝＝＝＝＝＝＝＝
【✔働き方✔】

✔ 9:00〜18:00（実働8時間／休憩60分）
✔ シフト制（月8〜12日休み）
✔ 年間休日120日

まずはお気軽にご応募ください。

案件No：1332","《✼ここで働く4つの特徴✼》

✅ ① 頑張りが給与に反映される
営業歩合とインセンティブ制度があり、
賞与は年2回、昇給は年1回です。
役職が上がるごとに固定給も加算されます。

✅ ② 明確なキャリアパス
一般職→主任→係長→店長→支店長。
おおむね2〜3年を目途に昇進します。
（年収例：主任3年目1,284万円／店長8年目2,083万円／支店長13年目2,369万円）

✅ ③ 業界未経験でも挑戦できる
必要なのは何らかの営業経験1年以上（業界問わず）、
または正社員での販売経験（目安1年）。
既卒・第二新卒も歓迎です。

✅ ④ 選考はWeb面接1回
30分〜1時間程度のWeb面接1回で内定可能です。
入社後は各種研修制度も整っています。

＝＝＝＝＝＝＝＝＝＝＝＝＝＝＝
《✼待遇もしっかり✼》

✔ 社会保険完備（健康保険・厚生年金・雇用保険・労災保険）
✔ 確定拠出年金・選択制確定給付企業年金制度
✔ 財形貯蓄制度・従業員持株会
✔ 住宅取得補助制度・住宅手当
✔ 交通費支給・出産祝金・資格取得祝金
✔ 年間休日120日（休暇制度：年末年始休暇・お盆休暇・有給休暇・
慶弔休暇・アニバーサリー休暇・リフレッシュ休暇など）"
367,1198,タマホーム株式会社,業界未経験OK｜住宅営業｜日野市,月給21.9万円〜◎賞与年2回・インセン制度あり♪,"✦・━━━━━━━━━━━━━━━・✦
＼東京都日野市で募集中／
モデルハウスでの接客から始める
注文住宅の営業職
✦・━━━━━━━━━━━━━━━・✦

「不動産は未経験だけど、人と話すのは得意」
そんな営業・販売経験を活かせる仕事です。

＝＝＝＝＝＝＝＝＝＝＝＝＝＝＝
【✧お仕事の内容✧】

■ 顧客アプローチ・ヒアリング
モデルハウスに来場されたお客様への
ヒアリングと注文住宅プランの提案・作成

■ 調査・提案・競合分析
敷地調査、ローン提案、競合比較を行い、
最適なプランをご提供

■ 進行管理
ご契約後の着工・上棟・完成・引き渡しまでの
進行管理

＝＝＝＝＝＝＝＝＝＝＝＝＝＝＝
【✨働きやすいポイント✨】

✔ 年間休日120日
✔ シフト制（月8〜12日休み）
✔ 9:00〜18:00（実働8時間／休憩60分）
✔ 社会保険完備・住宅手当・資格取得祝金あり

＝＝＝＝＝＝＝＝＝＝＝＝＝＝＝
【✨ここが強み✨】

✅ 賞与年2回・昇給年1回
✅ 営業歩合でインセンティブ還元
✅ 一般職→主任→係長→店長→支店長の
　昇進ルートが明確

まずはお気軽にご応募ください。

案件No：1198","《✼ここで働く4つの特徴✼》

✅ ① 頑張りが給与に反映される
営業歩合とインセンティブ制度があり、
賞与は年2回、昇給は年1回です。
役職が上がるごとに固定給も加算されます。

✅ ② 明確なキャリアパス
一般職→主任→係長→店長→支店長。
おおむね2〜3年を目途に昇進します。
（年収例：主任3年目1,284万円／店長8年目2,083万円／支店長13年目2,369万円）

✅ ③ 業界未経験でも挑戦できる
必要なのは何らかの営業経験1年以上（業界問わず）、
または正社員での販売経験（目安1年）。
既卒・第二新卒も歓迎です。

✅ ④ 選考はWeb面接1回
30分〜1時間程度のWeb面接1回で内定可能です。
入社後は各種研修制度も整っています。

＝＝＝＝＝＝＝＝＝＝＝＝＝＝＝
《✼待遇もしっかり✼》

✔ 社会保険完備（健康保険・厚生年金・雇用保険・労災保険）
✔ 確定拠出年金・選択制確定給付企業年金制度
✔ 財形貯蓄制度・従業員持株会
✔ 住宅取得補助制度・住宅手当
✔ 交通費支給・出産祝金・資格取得祝金
✔ 年間休日120日（休暇制度：年末年始休暇・お盆休暇・有給休暇・
慶弔休暇・アニバーサリー休暇・リフレッシュ休暇など）"
368,510,タマホーム株式会社,業界未経験OK｜住宅営業｜羽村市,月給21.9万円〜◎賞与年2回・インセン制度あり♪,"✦・━━━━━━━━━━━━━━━・✦
＼東京都羽村市で募集中／
モデルハウスから始める、注文住宅の営業。
未経験の業界でも、経験を活かして挑戦◎
✦・━━━━━━━━━━━━━━━・✦

「不動産は未経験だけど、営業や接客の経験はある」
そんな方が、住宅業界に活躍の場を広げています。

＝＝＝＝＝＝＝＝＝＝＝＝＝＝＝
【✧お仕事の内容✧】

■ 顧客アプローチ・ヒアリング
モデルハウスに来場されたお客様への
ヒアリングと注文住宅プランの提案・作成

■ 調査・提案・競合分析
敷地調査、ローン提案、競合比較を行い、
最適なプランをご提供

■ 進行管理
ご契約後の着工・上棟・完成・引き渡しまでの
進行管理

＝＝＝＝＝＝＝＝＝＝＝＝＝＝＝
【✨この仕事の魅力✨】

✅ インセンティブがしっかり反映
営業歩合があり、頑張りが給与に直結します。
賞与は年2回、昇給は年1回です。

✅ キャリアパスが明確
一般職→主任→係長→店長→支店長と、
おおむね2〜3年を目途に昇進していきます。
役職ごとに固定給も加算されます。

✅ 選考はスピーディー
Web面接1回（30分〜1時間程度）で
内定可能です。

＝＝＝＝＝＝＝＝＝＝＝＝＝＝＝
【✔働き方✔】

✔ 9:00〜18:00（実働8時間／休憩60分）
✔ シフト制（月8〜12日休み）
✔ 年間休日120日

まずはお気軽にご応募ください。

案件No：510","《✼ここで働く4つの特徴✼》

✅ ① 頑張りが給与に反映される
営業歩合とインセンティブ制度があり、
賞与は年2回、昇給は年1回です。
役職が上がるごとに固定給も加算されます。

✅ ② 明確なキャリアパス
一般職→主任→係長→店長→支店長。
おおむね2〜3年を目途に昇進します。
（年収例：主任3年目1,284万円／店長8年目2,083万円／支店長13年目2,369万円）

✅ ③ 業界未経験でも挑戦できる
必要なのは何らかの営業経験1年以上（業界問わず）、
または正社員での販売経験（目安1年）。
既卒・第二新卒も歓迎です。

✅ ④ 選考はWeb面接1回
30分〜1時間程度のWeb面接1回で内定可能です。
入社後は各種研修制度も整っています。

＝＝＝＝＝＝＝＝＝＝＝＝＝＝＝
《✼待遇もしっかり✼》

✔ 社会保険完備（健康保険・厚生年金・雇用保険・労災保険）
✔ 確定拠出年金・選択制確定給付企業年金制度
✔ 財形貯蓄制度・従業員持株会
✔ 住宅取得補助制度・住宅手当
✔ 交通費支給・出産祝金・資格取得祝金
✔ 年間休日120日（休暇制度：年末年始休暇・お盆休暇・有給休暇・
慶弔休暇・アニバーサリー休暇・リフレッシュ休暇など）"
369,1970,株式会社AVENIR,未経験歓迎｜不動産営業スタッフ｜正社員,月給30万円〜×年間休日125日◎転勤なし！インセンティブ制度あり,"✦・━━━━━━━━━━━━━━━・✦
＼東京都新宿区で募集中／
未経験から始める不動産営業。
月給30万円〜・年間休日125日◎
✦・━━━━━━━━━━━━━━━・✦

「不動産営業って、未経験でもできるの？」

そんな不安に応えるための研修制度と
サポート体制を整えています。

＝＝＝＝＝＝＝＝＝＝＝＝＝＝＝
【✧お仕事の内容✧】

■ 不動産営業
マンション・一戸建て住宅の販売・営業をお任せします。

■ お客様対応
アプローチから商談、契約後のアフターフォローまで担当します。

＝＝＝＝＝＝＝＝＝＝＝＝＝＝＝
【✨この仕事の魅力✨】

✅ 転居を伴う転勤なし
新宿区西新宿の拠点での勤務です。

✅ インセンティブ制度あり
頑張りを給与に反映する制度があります。

✅ 資格手当・役職手当・住宅手当（最大3.5万円）
待遇面でもしっかりサポートします。

＝＝＝＝＝＝＝＝＝＝＝＝＝＝＝
【✔働き方✔】

✔ 標準勤務時間 12:00〜21:00（実働7時間）
✔ 平均残業15時間／月
✔ 完全週休2日制・年間休日125日
✔ 月給30万円〜（想定年収400万円〜）
✔ 屋内原則禁煙

まずはお気軽にご応募ください。

案件No：1970","【① 頑張りを正当に評価するインセンティブ制度】
インセンティブ制度完備で、成果を給与に反映します。
社内表彰制度もあり、頑張りが見える形で評価されます。

【② 資格・役職に応じた手当も充実】
資格手当・役職手当・出張手当に加えて、
住宅手当（最大3.5万円）も支給されます。

【③ 未経験を支える研修制度】
未経験からのスタートでも、研修制度で
業務を一つずつ身につけられます。

【④ 転勤なしで働ける環境】
転居を伴う転勤はありません。
新宿区西新宿の拠点で長く働けます。

＝＝＝＝＝＝＝＝＝＝＝＝＝＝＝
《待遇もしっかり》

✔ 社会保険完備（健康保険・厚生年金・雇用保険・労災保険）
✔ 健康診断
✔ 通勤交通費支給・営業交通費支給
✔ 社宅制度・社員旅行・優秀社員旅行制度
✔ 社内イベントあり
✔ 試用期間なし"
370,1304,株式会社GENESIS,未経験歓迎｜不動産の法人営業,◎未経験歓迎！月給35万円〜×インセンティブで稼げる営業職,"✦・━━━━━━━━━━━━━━━・✦
＼東京都渋谷区で募集中／
未経験から始める、
不動産の法人営業◎
✦・━━━━━━━━━━━━━━━・✦

「営業は未経験だけど、しっかり稼ぎたい」
そんな方を歓迎します。

＝＝＝＝＝＝＝＝＝＝＝＝＝＝＝
【✧お仕事の流れ✧】

■ ① チームミーティング
当日のスケジュールと目標をチームで共有します。

■ ② アプローチ（電話・メール）
会社が用意したリストをもとに、
医師や上場企業にお勤めの方へご案内します。

■ ③ アポイント獲得
「詳しく話を聞きたい」というお客様と
商談の日程を調整します。

■ ④ ご提案（訪問・オンライン）
慣れるまでは先輩が同席してサポートします。

＝＝＝＝＝＝＝＝＝＝＝＝＝＝＝
【✨この仕事の魅力✨】

✅ インセンティブ制度あり
月給35万円〜（諸手当10万円含む）に加えて
インセンティブを支給。
年収例：入社3年目 年収900万円、
入社4年目（主任）年収1,200万円、
入社8年目（課長）年収2,000万円。

✅ 転居を伴う転勤なし
渋谷マークシティウエスト18階のオフィス勤務が続きます。

✅ 資格取得サポートあり
宅建取得で資格手当3万円／月を支給します。

＝＝＝＝＝＝＝＝＝＝＝＝＝＝＝
【✔働き方✔】

✔ 9:00〜18:00（実働8時間）
✔ 週休2日制（土日）、年間休日120日以上
✔ 休日に商談が入った場合は翌週平日に代休あり
✔ 夏季・年末年始・有給・慶弔・産前産後・育児・介護休暇あり

JR渋谷駅直結で通勤も便利です。
まずはお気軽にご応募ください。

案件No：1304","【✔インセンティブでしっかり稼げる】
月給35万円〜（諸手当10万円含む）に加えてインセンティブ制度あり。
頑張りが評価に反映され、入社3年目で年収900万円、
主任（入社4年目）で年収1,200万円、課長（入社8年目）で
年収2,000万円という実績もあります。

【✔富裕層向けの提案で""営業力""が身につく】
お客様は医師や上場企業にお勤めの方など。
どの業界でも通用する提案力・営業力が身につきます。

【✔チームで動く、相談しやすい社風】
個人だけでなくチームとして目標を追う体制です。
困ったときは先輩や上司にすぐ相談できます。
訪問・オンラインでの商談は、慣れるまで先輩が同席してサポートします。

＝＝＝＝＝＝＝＝＝＝＝＝＝＝＝
《待遇もしっかり》

✔ 社会保険完備（健康保険・厚生年金・雇用保険・労災保険）
✔ 資格取得サポート制度（宅建：資格手当3万円／月）
✔ 社宅制度あり（自社物件）
✔ 社用携帯・タブレット支給
✔ 表彰制度（最大30万円）
✔ 役職手当・職務手当
✔ 定期健康診断・社割あり
✔ 社員旅行・各種イベントあり"
